보안등위치명,설치개수,소재지도로명주소,소재지지번주소,위도,경도,설치연도,설치형태,관리기관전화번호,관리기관명,데이터기준일자
장지천-001,1,서울특별시 송파구 탄천동로,서울특별시 송파구 장지동,,,,,02-2147-3328,서울특별시 송파구청,2022-12-13
장지천-002,1,서울특별시 송파구 탄천동로,서울특별시 송파구 장지동,,,,,02-2147-3328,서울특별시 송파구청,2022-12-13
장지천-003,1,서울특별시 송파구 탄천동로,서울특별시 송파구 장지동,,,,,02-2147-3328,서울특별시 송파구청,2022-12-13
장지천-004,1,서울특별시 송파구 탄천동로,서울특별시 송파구 장지동,,,,,02-2147-3328,서울특별시 송파구청,2022-12-13
장지천-005,1,서울특별시 송파구 탄천동로,서울특별시 송파구 장지동,,,,,02-2147-3328,서울특별시 송파구청,2022-12-13
장지천-006,1,서울특별시 송파구 탄천동로,서울특별시 송파구 장지동,,,,,02-2147-3328,서울특별시 송파구청,2022-12-13
장지천-007,1,서울특별시 송파구 탄천동로,서울특별시 송파구 장지동,,,,,02-2147-3328,서울특별시 송파구청,2022-12-13
장지천-008,1,서울특별시 송파구 탄천동로,서울특별시 송파구 장지동,,,,,02-2147-3328,서울특별시 송파구청,2022-12-13
장지천-009,1,서울특별시 송파구 탄천동로,서울특별시 송파구 장지동,,,,,02-2147-3328,서울특별시 송파구청,2022-12-13
장지천-010,1,서울특별시 송파구 탄천동로,서울특별시 송파구 장지동,,,,,02-2147-3328,서울특별시 송파구청,2022-12-13
장지천-011,1,서울특별시 송파구 탄천동로,서울특별시 송파구 장지동,,,,,02-2147-3328,서울특별시 송파구청,2022-12-13
장지천-012,1,서울특별시 송파구 탄천동로,서울특별시 송파구 장지동,,,,,02-2147-3328,서울특별시 송파구청,2022-12-13
장지천-013,1,서울특별시 송파구 탄천동로,서울특별시 송파구 장지동,,,,,02-2147-3328,서울특별시 송파구청,2022-12-13
장지천-014,1,서울특별시 송파구 탄천동로,서울특별시 송파구 장지동,,,,,02-2147-3328,서울특별시 송파구청,2022-12-13
장지천-015,1,서울특별시 송파구 탄천동로,서울특별시 송파구 장지동,,,,,02-2147-3328,서울특별시 송파구청,2022-12-13
장지천-016,1,서울특별시 송파구 탄천동로,서울특별시 송파구 장지동,,,,,02-2147-3328,서울특별시 송파구청,2022-12-13
장지천-017,1,서울특별시 송파구 탄천동로,서울특별시 송파구 장지동,,,,,02-2147-3328,서울특별시 송파구청,2022-12-13
장지천-018,1,서울특별시 송파구 탄천동로,서울특별시 송파구 장지동,,,,,02-2147-3328,서울특별시 송파구청,2022-12-13
장지천-019,1,서울특별시 송파구 탄천동로,서울특별시 송파구 장지동,,,,,02-2147-3328,서울특별시 송파구청,2022-12-13
장지천-020,1,서울특별시 송파구 탄천동로,서울특별시 송파구 장지동,,,,,02-2147-3328,서울특별시 송파구청,2022-12-13
장지천-021,1,서울특별시 송파구 탄천동로,서울특별시 송파구 장지동,,,,,02-2147-3328,서울특별시 송파구청,2022-12-13
장지천-022,1,서울특별시 송파구 탄천동로,서울특별시 송파구 장지동,,,,,02-2147-3328,서울특별시 송파구청,2022-12-13
장지천-023,1,서울특별시 송파구 탄천동로,서울특별시 송파구 장지동,,,,,02-2147-3328,서울특별시 송파구청,2022-12-13
장지천-024,1,서울특별시 송파구 탄천동로,서울특별시 송파구 장지동,,,,,02-2147-3328,서울특별시 송파구청,2022-12-13
장지천-025,1,서울특별시 송파구 탄천동로,서울특별시 송파구 장지동,,,,,02-2147-3328,서울특별시 송파구청,2022-12-13
장지천-026,1,서울특별시 송파구 탄천동로,서울특별시 송파구 장지동,,,,,02-2147-3328,서울특별시 송파구청,2022-12-13
장지천-027,1,서울특별시 송파구 탄천동로,서울특별시 송파구 장지동,,,,,02-2147-3328,서울특별시 송파구청,2022-12-13
장지천-028,1,서울특별시 송파구 탄천동로,서울특별시 송파구 장지동,,,,,02-2147-3328,서울특별시 송파구청,2022-12-13
장지천-029,1,서울특별시 송파구 탄천동로,서울특별시 송파구 장지동,,,,,02-2147-3328,서울특별시 송파구청,2022-12-13
장지천-030,1,서울특별시 송파구 탄천동로,서울특별시 송파구 장지동,,,,,02-2147-3328,서울특별시 송파구청,2022-12-13
장지천-031,1,서울특별시 송파구 탄천동로,서울특별시 송파구 장지동,,,,,02-2147-3328,서울특별시 송파구청,2022-12-13
장지천-032,1,서울특별시 송파구 탄천동로,서울특별시 송파구 장지동,,,,,02-2147-3328,서울특별시 송파구청,2022-12-13
장지천-033,1,서울특별시 송파구 탄천동로,서울특별시 송파구 장지동,,,,,02-2147-3328,서울특별시 송파구청,2022-12-13
장지천-034,1,서울특별시 송파구 탄천동로,서울특별시 송파구 장지동,,,,,02-2147-3328,서울특별시 송파구청,2022-12-13
장지천-035,1,서울특별시 송파구 탄천동로,서울특별시 송파구 장지동,,,,,02-2147-3328,서울특별시 송파구청,2022-12-13
장지천-036,1,서울특별시 송파구 탄천동로,서울특별시 송파구 장지동,,,,,02-2147-3328,서울특별시 송파구청,2022-12-13
장지천-037,1,서울특별시 송파구 탄천동로,서울특별시 송파구 장지동,,,,,02-2147-3328,서울특별시 송파구청,2022-12-13
장지천-038,1,서울특별시 송파구 탄천동로,서울특별시 송파구 장지동,,,,,02-2147-3328,서울특별시 송파구청,2022-12-13
장지천-039,1,서울특별시 송파구 탄천동로,서울특별시 송파구 장지동,,,,,02-2147-3328,서울특별시 송파구청,2022-12-13
장지천-040,1,서울특별시 송파구 탄천동로,서울특별시 송파구 장지동,,,,,02-2147-3328,서울특별시 송파구청,2022-12-13
장지천-041,1,서울특별시 송파구 탄천동로,서울특별시 송파구 장지동,,,,,02-2147-3328,서울특별시 송파구청,2022-12-13
장지천-042,1,서울특별시 송파구 탄천동로,서울특별시 송파구 장지동,,,,,02-2147-3328,서울특별시 송파구청,2022-12-13
장지천-043,1,서울특별시 송파구 탄천동로,서울특별시 송파구 장지동,,,,,02-2147-3328,서울특별시 송파구청,2022-12-13
장지천-044,1,서울특별시 송파구 탄천동로,서울특별시 송파구 장지동,,,,,02-2147-3328,서울특별시 송파구청,2022-12-13
장지천-045,1,서울특별시 송파구 탄천동로,서울특별시 송파구 장지동,,,,,02-2147-3328,서울특별시 송파구청,2022-12-13
장지천-046,1,서울특별시 송파구 탄천동로,서울특별시 송파구 장지동,,,,,02-2147-3328,서울특별시 송파구청,2022-12-13
장지천-047,1,서울특별시 송파구 탄천동로,서울특별시 송파구 장지동,,,,,02-2147-3328,서울특별시 송파구청,2022-12-13
장지천-048,1,서울특별시 송파구 탄천동로,서울특별시 송파구 장지동,,,,,02-2147-3328,서울특별시 송파구청,2022-12-13
장지천-049,1,서울특별시 송파구 탄천동로,서울특별시 송파구 장지동,,,,,02-2147-3328,서울특별시 송파구청,2022-12-13
장지천-050,1,서울특별시 송파구 탄천동로,서울특별시 송파구 장지동,,,,,02-2147-3328,서울특별시 송파구청,2022-12-13
장지천-051,1,서울특별시 송파구 탄천동로,서울특별시 송파구 장지동,,,,,02-2147-3328,서울특별시 송파구청,2022-12-13
장지천-052,1,서울특별시 송파구 탄천동로,서울특별시 송파구 장지동,,,,,02-2147-3328,서울특별시 송파구청,2022-12-13
장지천-053,1,서울특별시 송파구 탄천동로,서울특별시 송파구 장지동,,,,,02-2147-3328,서울특별시 송파구청,2022-12-13
장지천-054,1,서울특별시 송파구 탄천동로,서울특별시 송파구 장지동,,,,,02-2147-3328,서울특별시 송파구청,2022-12-13
장지천-055,1,서울특별시 송파구 탄천동로,서울특별시 송파구 장지동,,,,,02-2147-3328,서울특별시 송파구청,2022-12-13
장지천-056,1,서울특별시 송파구 탄천동로,서울특별시 송파구 장지동,,,,,02-2147-3328,서울특별시 송파구청,2022-12-13
장지천-057,1,서울특별시 송파구 탄천동로,서울특별시 송파구 장지동,,,,,02-2147-3328,서울특별시 송파구청,2022-12-13
장지천-058,1,서울특별시 송파구 탄천동로,서울특별시 송파구 장지동,,,,,02-2147-3328,서울특별시 송파구청,2022-12-13
장지천-059,1,서울특별시 송파구 탄천동로,서울특별시 송파구 장지동,,,,,02-2147-3328,서울특별시 송파구청,2022-12-13
장지천-060,1,서울특별시 송파구 탄천동로,서울특별시 송파구 장지동,,,,,02-2147-3328,서울특별시 송파구청,2022-12-13
장지천-061,1,서울특별시 송파구 탄천동로,서울특별시 송파구 장지동,,,,,02-2147-3328,서울특별시 송파구청,2022-12-13
장지천-062,1,서울특별시 송파구 탄천동로,서울특별시 송파구 장지동,,,,,02-2147-3328,서울특별시 송파구청,2022-12-13
장지천-063,1,서울특별시 송파구 탄천동로,서울특별시 송파구 장지동,,,,,02-2147-3328,서울특별시 송파구청,2022-12-13
장지천-064,1,서울특별시 송파구 탄천동로,서울특별시 송파구 장지동,,,,,02-2147-3328,서울특별시 송파구청,2022-12-13
장지천-065,1,서울특별시 송파구 탄천동로,서울특별시 송파구 장지동,,,,,02-2147-3328,서울특별시 송파구청,2022-12-13
장지천-066,1,서울특별시 송파구 탄천동로,서울특별시 송파구 장지동,,,,,02-2147-3328,서울특별시 송파구청,2022-12-13
장지천-067,1,서울특별시 송파구 탄천동로,서울특별시 송파구 장지동,,,,,02-2147-3328,서울특별시 송파구청,2022-12-13
장지천-068,1,서울특별시 송파구 탄천동로,서울특별시 송파구 장지동,,,,,02-2147-3328,서울특별시 송파구청,2022-12-13
장지천-069,1,서울특별시 송파구 탄천동로,서울특별시 송파구 장지동,,,,,02-2147-3328,서울특별시 송파구청,2022-12-13
장지천-070,1,서울특별시 송파구 탄천동로,서울특별시 송파구 장지동,,,,,02-2147-3328,서울특별시 송파구청,2022-12-13
장지천-071,1,서울특별시 송파구 탄천동로,서울특별시 송파구 장지동,,,,,02-2147-3328,서울특별시 송파구청,2022-12-13
장지천-072,1,서울특별시 송파구 탄천동로,서울특별시 송파구 장지동,,,,,02-2147-3328,서울특별시 송파구청,2022-12-13
장지천-073,1,서울특별시 송파구 탄천동로,서울특별시 송파구 장지동,,,,,02-2147-3328,서울특별시 송파구청,2022-12-13
장지천-074,1,서울특별시 송파구 탄천동로,서울특별시 송파구 장지동,,,,,02-2147-3328,서울특별시 송파구청,2022-12-13
장지천-075,1,서울특별시 송파구 탄천동로,서울특별시 송파구 장지동,,,,,02-2147-3328,서울특별시 송파구청,2022-12-13
장지천-076,1,서울특별시 송파구 탄천동로,서울특별시 송파구 장지동,,,,,02-2147-3328,서울특별시 송파구청,2022-12-13
가락1동-탄천-001,1,서울특별시 송파구 삼학사로2길 49,서울특별시 송파구 가락1동,,,,,02-2147-3328,서울특별시 송파구청,2022-12-13
가락1동-탄천-002,1,서울특별시 송파구 삼학사로2길 49,서울특별시 송파구 가락2동,,,,,02-2147-3328,서울특별시 송파구청,2022-12-13
가락1동-탄천-003,1,서울특별시 송파구 삼학사로2길 49,서울특별시 송파구 가락3동,,,,,02-2147-3328,서울특별시 송파구청,2022-12-13
가락1동-탄천-004,1,서울특별시 송파구 삼학사로2길 49,서울특별시 송파구 가락4동,,,,,02-2147-3328,서울특별시 송파구청,2022-12-13
가락1동-탄천-005,1,서울특별시 송파구 삼학사로2길 49,서울특별시 송파구 가락5동,,,,,02-2147-3328,서울특별시 송파구청,2022-12-13
가락1동-탄천-006,1,서울특별시 송파구 삼학사로2길 49,서울특별시 송파구 가락6동,,,,,02-2147-3328,서울특별시 송파구청,2022-12-13
가락1동-탄천-007,1,서울특별시 송파구 삼학사로2길 49,서울특별시 송파구 가락7동,,,,,02-2147-3328,서울특별시 송파구청,2022-12-13
가락1동-탄천-008,1,서울특별시 송파구 삼학사로2길 49,서울특별시 송파구 가락8동,,,,,02-2147-3328,서울특별시 송파구청,2022-12-13
가락1동-탄천-009,1,서울특별시 송파구 삼학사로2길 49,서울특별시 송파구 가락9동,,,,,02-2147-3328,서울특별시 송파구청,2022-12-13
가락1동-탄천-010,1,서울특별시 송파구 삼학사로2길 49,서울특별시 송파구 가락10동,,,,,02-2147-3328,서울특별시 송파구청,2022-12-13
가락1동-탄천-011,1,서울특별시 송파구 삼학사로2길 49,서울특별시 송파구 가락11동,,,,,02-2147-3328,서울특별시 송파구청,2022-12-13
가락1동-탄천-012,1,서울특별시 송파구 삼학사로2길 49,서울특별시 송파구 가락12동,,,,,02-2147-3328,서울특별시 송파구청,2022-12-13
가락1동-탄천-013,1,서울특별시 송파구 삼학사로2길 49,서울특별시 송파구 가락13동,,,,,02-2147-3328,서울특별시 송파구청,2022-12-13
가락1동-탄천-014,1,서울특별시 송파구 삼학사로2길 49,서울특별시 송파구 가락14동,,,,,02-2147-3328,서울특별시 송파구청,2022-12-13
가락1동-탄천-015,1,서울특별시 송파구 삼학사로2길 49,서울특별시 송파구 가락15동,,,,,02-2147-3328,서울특별시 송파구청,2022-12-13
가락1동-탄천-016,1,서울특별시 송파구 삼학사로2길 49,서울특별시 송파구 가락16동,,,,,02-2147-3328,서울특별시 송파구청,2022-12-13
가락1동-탄천-017,1,서울특별시 송파구 삼학사로2길 49,서울특별시 송파구 가락17동,,,,,02-2147-3328,서울특별시 송파구청,2022-12-13
가락1동-탄천-018,1,서울특별시 송파구 삼학사로2길 49,서울특별시 송파구 가락18동,,,,,02-2147-3328,서울특별시 송파구청,2022-12-13
가락1동-001,1,서울특별시 송파구 삼학사로2길 49,서울특별시 송파구 가락19동,,,,,02-2147-3328,서울특별시 송파구청,2022-12-13
가락1동-002,1,서울특별시 송파구 삼학사로2길 49,서울특별시 송파구 가락20동,,,,,02-2147-3328,서울특별시 송파구청,2022-12-13
가락1동-003,1,서울특별시 송파구 삼학사로2길 49,서울특별시 송파구 가락21동,,,,,02-2147-3328,서울특별시 송파구청,2022-12-13
가락1동-004,1,서울특별시 송파구 삼학사로2길 49,서울특별시 송파구 가락22동,,,,,02-2147-3328,서울특별시 송파구청,2022-12-13
가락1동-005,1,서울특별시 송파구 삼학사로2길 49,서울특별시 송파구 가락23동,,,,,02-2147-3328,서울특별시 송파구청,2022-12-13
가락1동-006,1,서울특별시 송파구 삼학사로2길 49,서울특별시 송파구 가락24동,,,,,02-2147-3328,서울특별시 송파구청,2022-12-13
가락1동-007,1,서울특별시 송파구 삼학사로2길 49,서울특별시 송파구 가락25동,,,,,02-2147-3328,서울특별시 송파구청,2022-12-13
가락1동-008,1,서울특별시 송파구 삼학사로2길 49,서울특별시 송파구 가락26동,,,,,02-2147-3328,서울특별시 송파구청,2022-12-13
가락1동-009,1,서울특별시 송파구 삼학사로2길 49,서울특별시 송파구 가락27동,,,,,02-2147-3328,서울특별시 송파구청,2022-12-13
가락1동-010,1,서울특별시 송파구 삼학사로2길 49,서울특별시 송파구 가락28동,,,,,02-2147-3328,서울특별시 송파구청,2022-12-13
가락1동-011,1,서울특별시 송파구 삼학사로2길 49,서울특별시 송파구 가락1동 508,,,,,02-2147-3328,서울특별시 송파구청,2022-12-13
가락1동-012,1,서울특별시 송파구 삼학사로2길 49,서울특별시 송파구 가락1동 508,,,,,02-2147-3328,서울특별시 송파구청,2022-12-13
가락1동-013,1,서울특별시 송파구 삼학사로2길 49,서울특별시 송파구 가락1동 508,,,,,02-2147-3328,서울특별시 송파구청,2022-12-13
가락1동-014,1,서울특별시 송파구 삼학사로2길 49,서울특별시 송파구 가락1동 508,,,,,02-2147-3328,서울특별시 송파구청,2022-12-13
가락1동-015,1,서울특별시 송파구 삼학사로2길 49,서울특별시 송파구 가락1동 508,,,,,02-2147-3328,서울특별시 송파구청,2022-12-13
가락1동-016,1,서울특별시 송파구 삼학사로2길 49,서울특별시 송파구 가락1동 508,,,,,02-2147-3328,서울특별시 송파구청,2022-12-13
가락2동-001,1,서울특별시 송파구 오금로38가길2,서울특별시 송파구 가락2동 160,,,,,02-2147-3328,서울특별시 송파구청,2022-12-13
가락2동-002,1,서울특별시 송파구 오금로38가길2,서울특별시 송파구 가락2동 160,,,,,02-2147-3328,서울특별시 송파구청,2022-12-13
가락2동-003,1,서울특별시 송파구 오금로38가길6-5,서울특별시 송파구 가락2동 158-36,,,,,02-2147-3328,서울특별시 송파구청,2022-12-13
가락2동-004,1,서울특별시 송파구 오금로38길12-1,서울특별시 송파구 가락2동 158-14,,,,,02-2147-3328,서울특별시 송파구청,2022-12-13
가락2동-005,1,서울특별시 송파구 오금로38가길 23,서울특별시 송파구 가락2동 157-1,,,,,02-2147-3328,서울특별시 송파구청,2022-12-13
가락2동-006,1,서울특별시 송파구 중대로220,서울특별시 송파구 가락2동 156-8,,,,,02-2147-3328,서울특별시 송파구청,2022-12-13
가락2동-007,1,서울특별시 송파구 오금로38길20-4,서울특별시 송파구 가락2동 157-15,,,,,02-2147-3328,서울특별시 송파구청,2022-12-13
가락2동-008,1,서울특별시 송파구 오금로38가길29,서울특별시 송파구 가락2동 157-8,,,,,02-2147-3328,서울특별시 송파구청,2022-12-13
가락2동-009,1,서울특별시 송파구 오금로38길24,서울특별시 송파구 가락2동 157-12,,,,,02-2147-3328,서울특별시 송파구청,2022-12-13
가락2동-010,1,서울특별시 송파구 중대로,서울특별시 송파구 가락2동 156-12,,,,,02-2147-3328,서울특별시 송파구청,2022-12-13
가락2동-011,1,서울특별시 송파구 오금로40길10,서울특별시 송파구 가락2동 162,,,,,02-2147-3328,서울특별시 송파구청,2022-12-13
가락2동-012,1,서울특별시 송파구 오금로40길10,서울특별시 송파구 가락2동 162,,,,,02-2147-3328,서울특별시 송파구청,2022-12-13
가락2동-013,1,서울특별시 송파구 오금로40길10,서울특별시 송파구 가락2동 162,,,,,02-2147-3328,서울특별시 송파구청,2022-12-13
가락2동-014,1,서울특별시 송파구 오금로40길10,서울특별시 송파구 가락2동 162,,,,,02-2147-3328,서울특별시 송파구청,2022-12-13
가락2동-015,1,서울특별시 송파구 오금로40길10,서울특별시 송파구 가락2동 162,,,,,02-2147-3328,서울특별시 송파구청,2022-12-13
가락2동-016,1,서울특별시 송파구 오금로40길10,서울특별시 송파구 가락2동 162,,,,,02-2147-3328,서울특별시 송파구청,2022-12-13
가락2동-017,1,서울특별시 송파구 오금로40길10,서울특별시 송파구 가락2동 162,,,,,02-2147-3328,서울특별시 송파구청,2022-12-13
가락2동-018,1,서울특별시 송파구 오금로40길10,서울특별시 송파구 가락2동 162,,,,,02-2147-3328,서울특별시 송파구청,2022-12-13
가락2동-019,1,서울특별시 송파구 중대로20길47,서울특별시 송파구 가락2동 163,,,,,02-2147-3328,서울특별시 송파구청,2022-12-13
가락2동-020,1,서울특별시 송파구 동남로17길13,서울특별시 송파구 가락2동 163,,,,,02-2147-3328,서울특별시 송파구청,2022-12-13
가락2동-021,1,서울특별시 송파구 중대로20길47,서울특별시 송파구 가락2동 163,,,,,02-2147-3328,서울특별시 송파구청,2022-12-13
가락2동-022,1,서울특별시 송파구 중대로20길47,서울특별시 송파구 가락2동 163,,,,,02-2147-3328,서울특별시 송파구청,2022-12-13
가락2동-023,1,서울특별시 송파구 중대로20길47,서울특별시 송파구 가락2동 163,,,,,02-2147-3328,서울특별시 송파구청,2022-12-13
가락2동-024,1,서울특별시 송파구 동남로,서울특별시 송파구 가락2동 165,,,,,02-2147-3328,서울특별시 송파구청,2022-12-13
가락2동-025,1,서울특별시 송파구 동남로17길15,서울특별시 송파구 가락2동 164-1,,,,,02-2147-3328,서울특별시 송파구청,2022-12-13
가락2동-026,1,서울특별시 송파구 송이로23길52-12,서울특별시 송파구 가락2동 153,,,,,02-2147-3328,서울특별시 송파구청,2022-12-13
가락2동-027,1,서울특별시 송파구 중대로18길19,서울특별시 송파구 가락2동 152-9,,,,,02-2147-3328,서울특별시 송파구청,2022-12-13
가락2동-028,1,서울특별시 송파구 중대로168,서울특별시 송파구 가락2동 147-9,,,,,02-2147-3328,서울특별시 송파구청,2022-12-13
가락2동-029,1,서울특별시 송파구 중대로168,서울특별시 송파구 가락2동 147-9,,,,,02-2147-3328,서울특별시 송파구청,2022-12-13
가락2동-030,1,서울특별시 송파구 중대로18길6,서울특별시 송파구 가락2동 151-20,,,,,02-2147-3328,서울특별시 송파구청,2022-12-13
가락2동-031,1,서울특별시 송파구 중대로18길10-1,서울특별시 송파구 가락2동 151-16,,,,,02-2147-3328,서울특별시 송파구청,2022-12-13
가락2동-032,1,서울특별시 송파구 중대로18길12,서울특별시 송파구 가락2동 151-15,,,,,02-2147-3328,서울특별시 송파구청,2022-12-13
가락2동-033,1,서울특별시 송파구 송이로23길40,서울특별시 송파구 가락2동 151,,,,,02-2147-3328,서울특별시 송파구청,2022-12-13
가락2동-034,1,서울특별시 송파구 동남로9길47,서울특별시 송파구 가락2동 149-8,,,,,02-2147-3328,서울특별시 송파구청,2022-12-13
가락2동-035,1,서울특별시 송파구 동남로187,서울특별시 송파구 가락2동 138-1,,,,,02-2147-3328,서울특별시 송파구청,2022-12-13
가락2동-036,1,서울특별시 송파구 동남로187,서울특별시 송파구 가락2동 138-1,,,,,02-2147-3328,서울특별시 송파구청,2022-12-13
가락2동-037,1,서울특별시 송파구 동남로13길20,서울특별시 송파구 가락2동 138-2,,,,,02-2147-3328,서울특별시 송파구청,2022-12-13
가락2동-038,1,서울특별시 송파구 동남로189,서울특별시 송파구 가락2동 140,,,,,02-2147-3328,서울특별시 송파구청,2022-12-13
가락2동-039,1,서울특별시 송파구 동남로11길4,서울특별시 송파구 가락2동 140,,,,,02-2147-3328,서울특별시 송파구청,2022-12-13
가락2동-040,1,서울특별시 송파구 동남로189,서울특별시 송파구 가락2동 140,,,,,02-2147-3328,서울특별시 송파구청,2022-12-13
가락2동-041,1,서울특별시 송파구 동남로189,서울특별시 송파구 가락2동 140,,,,,02-2147-3328,서울특별시 송파구청,2022-12-13
가락2동-042,1,서울특별시 송파구 동남로13길21,서울특별시 송파구 가락2동 135-13,,,,,02-2147-3328,서울특별시 송파구청,2022-12-13
가락2동-043,1,서울특별시 송파구 동남로13길 25,서울특별시 송파구 가락2동 134-10,,,,,02-2147-3328,서울특별시 송파구청,2022-12-13
가락2동-044,1,서울특별시 송파구 동남로189,서울특별시 송파구 가락2동 140,,,,,02-2147-3328,서울특별시 송파구청,2022-12-13
가락2동-045,1,서울특별시 송파구 오금로40길52,서울특별시 송파구 가락2동 152-9,,,,,02-2147-3328,서울특별시 송파구청,2022-12-13
가락2동-046,1,서울특별시 송파구 오금로40길37,서울특별시 송파구 가락2동 140,,,,,02-2147-3328,서울특별시 송파구청,2022-12-13
가락2동-047,1,서울특별시 송파구 중대로162,서울특별시 송파구 가락2동 146-1,,,,,02-2147-3328,서울특별시 송파구청,2022-12-13
가락2동-048,1,서울특별시 송파구 중대로154,서울특별시 송파구 가락2동 146-5,,,,,02-2147-3328,서울특별시 송파구청,2022-12-13
가락2동-049,1,서울특별시 송파구 중대로154,서울특별시 송파구 가락2동 146-5,,,,,02-2147-3328,서울특별시 송파구청,2022-12-13
가락2동-050,1,서울특별시 송파구 송이로23길22,서울특별시 송파구 가락2동 144,,,,,02-2147-3328,서울특별시 송파구청,2022-12-13
가락2동-051,1,서울특별시 송파구 송이로23길22-10,서울특별시 송파구 가락2동 144-1,,,,,02-2147-3328,서울특별시 송파구청,2022-12-13
가락2동-052,1,서울특별시 송파구 송이로23길22-18,서울특별시 송파구 가락2동 144-4,,,,,02-2147-3328,서울특별시 송파구청,2022-12-13
가락2동-053,1,서울특별시 송파구 중대로16길20,서울특별시 송파구 가락2동 144-8,,,,,02-2147-3328,서울특별시 송파구청,2022-12-13
가락2동-054,1,서울특별시 송파구 송이로23길16-21,서울특별시 송파구 가락2동 144-10,,,,,02-2147-3328,서울특별시 송파구청,2022-12-13
가락2동-055,1,서울특별시 송파구 송이로23길16-21,서울특별시 송파구 가락2동 144-11,,,,,02-2147-3328,서울특별시 송파구청,2022-12-13
가락2동-056,1,서울특별시 송파구 송이로23길16-21,서울특별시 송파구 가락2동 144-11,,,,,02-2147-3328,서울특별시 송파구청,2022-12-13
가락2동-057,1,서울특별시 송파구 송이로23길16-9,서울특별시 송파구 가락2동 144-16,,,,,02-2147-3328,서울특별시 송파구청,2022-12-13
가락2동-058,1,서울특별시 송파구 송이로23길16-3,서울특별시 송파구 가락2동 144-19,,,,,02-2147-3328,서울특별시 송파구청,2022-12-13
가락2동-059,1,서울특별시 송파구 송이로23길16-28,서울특별시 송파구 가락2동 145-10,,,,,02-2147-3328,서울특별시 송파구청,2022-12-13
가락2동-060,1,서울특별시 송파구 송이로23길16-28,서울특별시 송파구 가락2동 145-10,,,,,02-2147-3328,서울특별시 송파구청,2022-12-13
가락2동-061,1,서울특별시 송파구 송이로23길16-28,서울특별시 송파구 가락2동 145-10,,,,,02-2147-3328,서울특별시 송파구청,2022-12-13
가락2동-062,1,서울특별시 송파구 중대로14길15,서울특별시 송파구 가락2동 145-11,,,,,02-2147-3328,서울특별시 송파구청,2022-12-13
가락2동-063,1,서울특별시 송파구 중대로14길11,서울특별시 송파구 가락2동 145-14,,,,,02-2147-3328,서울특별시 송파구청,2022-12-13
가락2동-064,1,서울특별시 송파구 중대로14길9,서울특별시 송파구 가락2동 145-16,,,,,02-2147-3328,서울특별시 송파구청,2022-12-13
가락2동-065,1,서울특별시 송파구 송이로23길14,서울특별시 송파구 가락2동 145-20,,,,,02-2147-3328,서울특별시 송파구청,2022-12-13
가락2동-066,1,서울특별시 송파구 중대로16길11,서울특별시 송파구 가락2동 142-3,,,,,02-2147-3328,서울특별시 송파구청,2022-12-13
가락2동-067,1,서울특별시 송파구 동암로13길34,서울특별시 송파구 가락2동 141-19,,,,,02-2147-3328,서울특별시 송파구청,2022-12-13
가락2동-068,1,서울특별시 송파구 동암로9길23,서울특별시 송파구 가락2동 141-22,,,,,02-2147-3328,서울특별시 송파구청,2022-12-13
가락2동-069,1,서울특별시 송파구 중대로146,서울특별시 송파구 가락2동 141-6,,,,,02-2147-3328,서울특별시 송파구청,2022-12-13
가락2동-070,1,서울특별시 송파구 동남로13길21-10,서울특별시 송파구 가락2동 135-16,,,,,02-2147-3328,서울특별시 송파구청,2022-12-13
가락2동-071,1,서울특별시 송파구 동남로13길21-24,서울특별시 송파구 가락2동 135-23,,,,,02-2147-3328,서울특별시 송파구청,2022-12-13
가락2동-072,1,서울특별시 송파구 동남로13길23-21,서울특별시 송파구 가락2동 135-3,,,,,02-2147-3328,서울특별시 송파구청,2022-12-13
가락2동-073,1,서울특별시 송파구 동남로13길23-15,서울특별시 송파구 가락2동 135-6,,,,,02-2147-3328,서울특별시 송파구청,2022-12-13
가락2동-074,1,서울특별시 송파구 동남로11길13,서울특별시 송파구 가락2동 134,,,,,02-2147-3328,서울특별시 송파구청,2022-12-13
가락2동-075,1,서울특별시 송파구 동남로11길5,서울특별시 송파구 가락2동 136,,,,,02-2147-3328,서울특별시 송파구청,2022-12-13
가락2동-076,1,서울특별시 송파구 동남로9길 4,서울특별시 송파구 가락2동 136-10,,,,,02-2147-3328,서울특별시 송파구청,2022-12-13
가락2동-077,1,서울특별시 송파구 동남로13길33,서울특별시 송파구 가락2동 130-14,,,,,02-2147-3328,서울특별시 송파구청,2022-12-13
가락2동-078,1,서울특별시 송파구 동남로9길21-6,서울특별시 송파구 가락2동 130-7,,,,,02-2147-3328,서울특별시 송파구청,2022-12-13
가락2동-079,1,서울특별시 송파구 동남로9길21,서울특별시 송파구 가락2동 131,,,,,02-2147-3328,서울특별시 송파구청,2022-12-13
가락2동-080,1,서울특별시 송파구 동남로9길19,서울특별시 송파구 가락2동 131-15,,,,,02-2147-3328,서울특별시 송파구청,2022-12-13
가락2동-081,1,서울특별시 송파구 동남로9길19,서울특별시 송파구 가락2동 131-15,,,,,02-2147-3328,서울특별시 송파구청,2022-12-13
가락2동-082,1,서울특별시 송파구 동남로9길17-8,서울특별시 송파구 가락2동 131-13,,,,,02-2147-3328,서울특별시 송파구청,2022-12-13
가락2동-083,1,서울특별시 송파구 동남로9길17-12,서울특별시 송파구 가락2동 131-11,,,,,02-2147-3328,서울특별시 송파구청,2022-12-13
가락2동-084,1,서울특별시 송파구 동남로9길17,서울특별시 송파구 가락2동 132,,,,,02-2147-3328,서울특별시 송파구청,2022-12-13
가락2동-085,1,서울특별시 송파구 동남로9길15,서울특별시 송파구 가락2동 132-12,,,,,02-2147-3328,서울특별시 송파구청,2022-12-13
가락2동-086,1,서울특별시 송파구 동남로9길13,서울특별시 송파구 가락2동 133-14,,,,,02-2147-3328,서울특별시 송파구청,2022-12-13
가락2동-087,1,서울특별시 송파구 동남로9길11,서울특별시 송파구 가락2동 133-13,,,,,02-2147-3328,서울특별시 송파구청,2022-12-13
가락2동-088,1,서울특별시 송파구 동남로11길20,서울특별시 송파구 가락2동 133-10,,,,,02-2147-3328,서울특별시 송파구청,2022-12-13
가락2동-089,1,서울특별시 송파구 동남로13길43,서울특별시 송파구 가락2동 127,,,,,02-2147-3328,서울특별시 송파구청,2022-12-13
가락2동-090,1,서울특별시 송파구 송이로27길14,서울특별시 송파구 가락2동 133-3,,,,,02-2147-3328,서울특별시 송파구청,2022-12-13
가락2동-091,1,서울특별시 송파구 송이로27-7,서울특별시 송파구 가락2동 127-6,,,,,02-2147-3328,서울특별시 송파구청,2022-12-13
가락2동-092,1,서울특별시 송파구 동남로11길22-13,서울특별시 송파구 가락2동 127-9,,,,,02-2147-3328,서울특별시 송파구청,2022-12-13
가락2동-093,1,서울특별시 송파구 동남로11길22-9,서울특별시 송파구 가락2동 127-11,,,,,02-2147-3328,서울특별시 송파구청,2022-12-13
가락2동-094,1,서울특별시 송파구 동남로11길26,서울특별시 송파구 가락2동 127-14,,,,,02-2147-3328,서울특별시 송파구청,2022-12-13
가락2동-095,1,서울특별시 송파구 동남로11길25,서울특별시 송파구 가락2동 126-8,,,,,02-2147-3328,서울특별시 송파구청,2022-12-13
가락2동-096,1,서울특별시 송파구 동남로11길21,서울특별시 송파구 가락2동 126-2,,,,,02-2147-3328,서울특별시 송파구청,2022-12-13
가락2동-097,1,서울특별시 송파구 동남로11길27,서울특별시 송파구 가락2동 125-10,,,,,02-2147-3328,서울특별시 송파구청,2022-12-13
가락2동-098,1,서울특별시 송파구 오금로42길4,서울특별시 송파구 가락2동 166-27,,,,,02-2147-3328,서울특별시 송파구청,2022-12-13
가락2동-099,1,서울특별시 송파구 동남로240-6,서울특별시 송파구 가락2동 166-2,,,,,02-2147-3328,서울특별시 송파구청,2022-12-13
가락2동-100,1,서울특별시 송파구 오금로42길30,서울특별시 송파구 가락2동 166-9,,,,,02-2147-3328,서울특별시 송파구청,2022-12-13
가락2동-101,1,서울특별시 송파구 오금로42길30,서울특별시 송파구 가락2동 166-17,,,,,02-2147-3328,서울특별시 송파구청,2022-12-13
가락2동-102,1,서울특별시 송파구 동남로20길3,서울특별시 송파구 가락2동 166-15,,,,,02-2147-3328,서울특별시 송파구청,2022-12-13
가락2동-103,1,서울특별시 송파구 오금로44가길17,서울특별시 송파구 가락2동 171-13,,,,,02-2147-3328,서울특별시 송파구청,2022-12-13
가락2동-104,1,서울특별시 송파구 오금로44가길17,서울특별시 송파구 가락2동 171-13,,,,,02-2147-3328,서울특별시 송파구청,2022-12-13
가락2동-105,1,서울특별시 송파구 오금로42길10-1,서울특별시 송파구 가락2동 171-3,,,,,02-2147-3328,서울특별시 송파구청,2022-12-13
가락2동-106,1,서울특별시 송파구 오금로44가길19,서울특별시 송파구 가락2동 171-11,,,,,02-2147-3328,서울특별시 송파구청,2022-12-13
가락2동-107,1,서울특별시 송파구 오금로44가길2,서울특별시 송파구 가락2동 167-6,,,,,02-2147-3328,서울특별시 송파구청,2022-12-13
가락2동-108,1,서울특별시 송파구 오금로44가길7-8,서울특별시 송파구 가락2동 170-2,,,,,02-2147-3328,서울특별시 송파구청,2022-12-13
가락2동-109,1,서울특별시 송파구 오금로44가길7-16,서울특별시 송파구 가락2동 170-5,,,,,02-2147-3328,서울특별시 송파구청,2022-12-13
가락2동-110,1,서울특별시 송파구 오금로44가길7,서울특별시 송파구 가락2동 170-6,,,,,02-2147-3328,서울특별시 송파구청,2022-12-13
가락2동-111,1,서울특별시 송파구 오금로44가길7,서울특별시 송파구 가락2동 170-6,,,,,02-2147-3328,서울특별시 송파구청,2022-12-13
가락2동-112,1,서울특별시 송파구 오금로44가길7,서울특별시 송파구 가락2동 170-6,,,,,02-2147-3328,서울특별시 송파구청,2022-12-13
가락2동-113,1,서울특별시 송파구 오금로44가길7,서울특별시 송파구 가락2동 170-6,,,,,02-2147-3328,서울특별시 송파구청,2022-12-13
가락2동-114,1,서울특별시 송파구 오금로44가길7,서울특별시 송파구 가락2동 174-11,,,,,02-2147-3328,서울특별시 송파구청,2022-12-13
가락2동-115,1,서울특별시 송파구 오금로44길8,서울특별시 송파구 가락2동 168,,,,,02-2147-3328,서울특별시 송파구청,2022-12-13
가락2동-116,1,서울특별시 송파구 오금로44길8,서울특별시 송파구 가락2동 168,,,,,02-2147-3328,서울특별시 송파구청,2022-12-13
가락2동-117,1,서울특별시 송파구 오금로44길10,서울특별시 송파구 가락2동 168-1,,,,,02-2147-3328,서울특별시 송파구청,2022-12-13
가락2동-118,1,서울특별시 송파구 오금로44길12,서울특별시 송파구 가락2동 168-2,,,,,02-2147-3328,서울특별시 송파구청,2022-12-13
가락2동-119,1,서울특별시 송파구 오금로44길18,서울특별시 송파구 가락2동 168-5,,,,,02-2147-3328,서울특별시 송파구청,2022-12-13
가락2동-120,1,서울특별시 송파구 오금로44길18-1,서울특별시 송파구 가락2동 168-6,,,,,02-2147-3328,서울특별시 송파구청,2022-12-13
가락2동-121,1,서울특별시 송파구 오금로44나길2,서울특별시 송파구 가락2동 168-7,,,,,02-2147-3328,서울특별시 송파구청,2022-12-13
가락2동-122,1,서울특별시 송파구 오금로44나길6,서울특별시 송파구 가락2동 168-9,,,,,02-2147-3328,서울특별시 송파구청,2022-12-13
가락2동-123,1,서울특별시 송파구 오금로44나길8-1,서울특별시 송파구 가락2동 168-11,,,,,02-2147-3328,서울특별시 송파구청,2022-12-13
가락2동-124,1,서울특별시 송파구 오금로44길10,서울특별시 송파구 가락2동 168-1,,,,,02-2147-3328,서울특별시 송파구청,2022-12-13
가락2동-125,1,서울특별시 송파구 오금로42길17,서울특별시 송파구 가락2동 173,,,,,02-2147-3328,서울특별시 송파구청,2022-12-13
가락2동-126,1,서울특별시 송파구 오금로44가길7-21,서울특별시 송파구 가락2동 173-6,,,,,02-2147-3328,서울특별시 송파구청,2022-12-13
가락2동-127,1,서울특별시 송파구 오금로44길7,서울특별시 송파구 가락2동 173-6,,,,,02-2147-3328,서울특별시 송파구청,2022-12-13
가락2동-128,1,서울특별시 송파구 오금로44나길7-21,서울특별시 송파구 가락2동 173-2,,,,,02-2147-3328,서울특별시 송파구청,2022-12-13
가락2동-129,1,서울특별시 송파구 동남로20길11,서울특별시 송파구 가락2동 173-9,,,,,02-2147-3328,서울특별시 송파구청,2022-12-13
가락2동-130,1,서울특별시 송파구 오금로44나길20-9,서울특별시 송파구 가락2동 173-13,,,,,02-2147-3328,서울특별시 송파구청,2022-12-13
가락2동-131,1,서울특별시 송파구 오금로44나길10,서울특별시 송파구 가락2동 173-18,,,,,02-2147-3328,서울특별시 송파구청,2022-12-13
가락2동-132,1,서울특별시 송파구 오금로44길22,서울특별시 송파구 가락2동 173-18,,,,,02-2147-3328,서울특별시 송파구청,2022-12-13
가락2동-133,1,서울특별시 송파구 오금로432,서울특별시 송파구 가락2동 176,,,,,02-2147-3328,서울특별시 송파구청,2022-12-13
가락2동-134,1,서울특별시 송파구 오금로48길22,서울특별시 송파구 가락2동 175-26,,,,,02-2147-3328,서울특별시 송파구청,2022-12-13
가락2동-135,1,서울특별시 송파구 오금로48길20,서울특별시 송파구 가락2동 175-25,,,,,02-2147-3328,서울특별시 송파구청,2022-12-13
가락2동-136,1,서울특별시 송파구 오금로48길18,서울특별시 송파구 가락2동 175-24,,,,,02-2147-3328,서울특별시 송파구청,2022-12-13
가락2동-137,1,서울특별시 송파구 오금로48길16,서울특별시 송파구 가락2동 175-23,,,,,02-2147-3328,서울특별시 송파구청,2022-12-13
가락2동-138,1,서울특별시 송파구 오금로46길11-6,서울특별시 송파구 가락2동 175-21,,,,,02-2147-3328,서울특별시 송파구청,2022-12-13
가락2동-139,1,서울특별시 송파구 오금로46길9,서울특별시 송파구 가락2동 175-9,,,,,02-2147-3328,서울특별시 송파구청,2022-12-13
가락2동-140,1,서울특별시 송파구 오금로48길8,서울특별시 송파구 가락2동 175-21,,,,,02-2147-3328,서울특별시 송파구청,2022-12-13
가락2동-141,1,서울특별시 송파구 동남로18길9,서울특별시 송파구 가락2동 192,,,,,02-2147-3328,서울특별시 송파구청,2022-12-13
가락2동-142,1,서울특별시 송파구 동남로18길9,서울특별시 송파구 가락2동 192,,,,,02-2147-3328,서울특별시 송파구청,2022-12-13
가락2동-143,1,서울특별시 송파구 동남로18길9,서울특별시 송파구 가락2동 192,,,,,02-2147-3328,서울특별시 송파구청,2022-12-13
가락2동-144,1,서울특별시 송파구 동남로18길9,서울특별시 송파구 가락2동 192,,,,,02-2147-3328,서울특별시 송파구청,2022-12-13
가락2동-145,1,서울특별시 송파구 동남로18길9,서울특별시 송파구 가락2동 192,,,,,02-2147-3328,서울특별시 송파구청,2022-12-13
가락2동-146,1,서울특별시 송파구 동남로20길24,서울특별시 송파구 가락2동 191-5,,,,,02-2147-3328,서울특별시 송파구청,2022-12-13
가락2동-147,1,서울특별시 송파구 문정로13길16-1,서울특별시 송파구 가락2동 181-19,,,,,02-2147-3328,서울특별시 송파구청,2022-12-13
가락2동-148,1,서울특별시 송파구 문정로11길22,서울특별시 송파구 가락2동 188-7,,,,,02-2147-3328,서울특별시 송파구청,2022-12-13
가락2동-149,1,서울특별시 송파구 문정로13길11-8,서울특별시 송파구 가락2동 186-6,,,,,02-2147-3328,서울특별시 송파구청,2022-12-13
가락2동-150,1,서울특별시 송파구 문정로13길11-16,서울특별시 송파구 가락2동 186-2,,,,,02-2147-3328,서울특별시 송파구청,2022-12-13
가락2동-151,1,서울특별시 송파구 문정로11길14,서울특별시 송파구 가락2동 186,,,,,02-2147-3328,서울특별시 송파구청,2022-12-13
가락2동-152,1,서울특별시 송파구 문정로13길16,서울특별시 송파구 가락2동 186-15,,,,,02-2147-3328,서울특별시 송파구청,2022-12-13
가락2동-153,1,서울특별시 송파구 문정로13길15-17,서울특별시 송파구 가락2동 186-16,,,,,02-2147-3328,서울특별시 송파구청,2022-12-13
가락2동-154,1,서울특별시 송파구 문정로13길15-9,서울특별시 송파구 가락2동 186-12,,,,,02-2147-3328,서울특별시 송파구청,2022-12-13
가락2동-155,1,서울특별시 송파구 문정로13길15-15,서울특별시 송파구 가락2동 186-10,,,,,02-2147-3328,서울특별시 송파구청,2022-12-13
가락2동-156,1,서울특별시 송파구 문정로11길21,서울특별시 송파구 가락2동 189-1,,,,,02-2147-3328,서울특별시 송파구청,2022-12-13
가락2동-157,1,서울특별시 송파구 문정로11길15,서울특별시 송파구 가락2동 189-4,,,,,02-2147-3328,서울특별시 송파구청,2022-12-13
가락2동-158,1,서울특별시 송파구 문정로13길2,서울특별시 송파구 가락2동 181-30,,,,,02-2147-3328,서울특별시 송파구청,2022-12-13
가락2동-159,1,서울특별시 송파구 문정로13길6,서울특별시 송파구 가락2동 181-27,,,,,02-2147-3328,서울특별시 송파구청,2022-12-13
가락2동-160,1,서울특별시 송파구 동남로20길40,서울특별시 송파구 가락2동 181-7,,,,,02-2147-3328,서울특별시 송파구청,2022-12-13
가락2동-161,1,서울특별시 송파구 문정로11길 12,서울특별시 송파구 가락2동 185,,,,,02-2147-3328,서울특별시 송파구청,2022-12-13
가락2동-162,1,서울특별시 송파구 문정로11길 12,서울특별시 송파구 가락2동 185,,,,,02-2147-3328,서울특별시 송파구청,2022-12-13
가락2동-163,1,서울특별시 송파구 문정로13길7-17,서울특별시 송파구 가락2동 183-9,,,,,02-2147-3328,서울특별시 송파구청,2022-12-13
가락2동-164,1,서울특별시 송파구 문정로13길7-11,서울특별시 송파구 가락2동 183-10,,,,,02-2147-3328,서울특별시 송파구청,2022-12-13
가락2동-165,1,서울특별시 송파구 문정로13길7-5,서울특별시 송파구 가락2동 183-12,,,,,02-2147-3328,서울특별시 송파구청,2022-12-13
가락2동-166,1,서울특별시 송파구 문정로13길3-21,서울특별시 송파구 가락2동 182-10,,,,,02-2147-3328,서울특별시 송파구청,2022-12-13
가락2동-167,1,서울특별시 송파구 문정로13길3-15,서울특별시 송파구 가락2동 183-4,,,,,02-2147-3328,서울특별시 송파구청,2022-12-13
가락2동-168,1,서울특별시 송파구 동남로18길39,서울특별시 송파구 가락2동 189-8,,,,,02-2147-3328,서울특별시 송파구청,2022-12-13
가락2동-169,1,서울특별시 송파구 문정로11길7,서울특별시 송파구 가락2동 189-10,,,,,02-2147-3328,서울특별시 송파구청,2022-12-13
가락2동-170,1,서울특별시 송파구 문정로11길4,서울특별시 송파구 가락2동 182-9,,,,,02-2147-3328,서울특별시 송파구청,2022-12-13
가락2동-171,1,서울특별시 송파구 동남로20길50-5,서울특별시 송파구 가락2동 180-23,,,,,02-2147-3328,서울특별시 송파구청,2022-12-13
가락2동-172,1,서울특별시 송파구 동남로20길50-33,서울특별시 송파구 가락2동 180-13,,,,,02-2147-3328,서울특별시 송파구청,2022-12-13
가락2동-173,1,서울특별시 송파구 문정로147,서울특별시 송파구 가락2동 180-7,,,,,02-2147-3328,서울특별시 송파구청,2022-12-13
가락2동-174,1,서울특별시 송파구 오금로44길63,서울특별시 송파구 가락2동 196-6,,,,,02-2147-3328,서울특별시 송파구청,2022-12-13
가락2동-175,1,서울특별시 송파구 오금로44길63,서울특별시 송파구 가락2동 196-6,,,,,02-2147-3328,서울특별시 송파구청,2022-12-13
가락2동-176,1,서울특별시 송파구 오금로44길50-6,서울특별시 송파구 가락2동 194-9,,,,,02-2147-3328,서울특별시 송파구청,2022-12-13
가락2동-177,1,서울특별시 송파구 오금로44길50-14,서울특별시 송파구 가락2동 194-12,,,,,02-2147-3328,서울특별시 송파구청,2022-12-13
가락2동-178,1,서울특별시 송파구 오금로44길50-22,서울특별시 송파구 가락2동 194-15,,,,,02-2147-3328,서울특별시 송파구청,2022-12-13
가락2동-179,1,서울특별시 송파구 오금로44길 51,서울특별시 송파구 가락2동 196-1,,,,,02-2147-3328,서울특별시 송파구청,2022-12-13
가락2동-180,1,서울특별시 송파구 동남로14길17-25,서울특별시 송파구 가락2동 197-12,,,,,02-2147-3328,서울특별시 송파구청,2022-12-13
가락2동-181,1,서울특별시 송파구 동남로14길17-25,서울특별시 송파구 가락2동 197-12,,,,,02-2147-3328,서울특별시 송파구청,2022-12-13
가락2동-182,1,서울특별시 송파구 동남로14길17-45,서울특별시 송파구 가락2동 197-14,,,,,02-2147-3328,서울특별시 송파구청,2022-12-13
가락2동-183,1,서울특별시 송파구 동남로14길17-46,서울특별시 송파구 가락2동 198,,,,,02-2147-3328,서울특별시 송파구청,2022-12-13
가락2동-184,1,서울특별시 송파구 동남로14길21,서울특별시 송파구 가락2동 198-9,,,,,02-2147-3328,서울특별시 송파구청,2022-12-13
가락2동-185,1,서울특별시 송파구 동남로14길17-9,서울특별시 송파구 가락2동 197-8,,,,,02-2147-3328,서울특별시 송파구청,2022-12-13
가락2동-186,1,서울특별시 송파구 동남로14길17-18,서울특별시 송파구 가락2동 198-6,,,,,02-2147-3328,서울특별시 송파구청,2022-12-13
가락2동-187,1,서울특별시 송파구 동남로18길44,서울특별시 송파구 가락2동 199,,,,,02-2147-3328,서울특별시 송파구청,2022-12-13
가락2동-188,1,서울특별시 송파구 동남로18길44,서울특별시 송파구 가락2동 199,,,,,02-2147-3328,서울특별시 송파구청,2022-12-13
가락2동-189,1,서울특별시 송파구 동남로18길44,서울특별시 송파구 가락2동 199,,,,,02-2147-3328,서울특별시 송파구청,2022-12-13
가락2동-190,1,서울특별시 송파구 동남로18길44,서울특별시 송파구 가락2동 199,,,,,02-2147-3328,서울특별시 송파구청,2022-12-13
가락2동-191,1,서울특별시 송파구 동남로18길44,서울특별시 송파구 가락2동 199,,,,,02-2147-3328,서울특별시 송파구청,2022-12-13
가락2동-192,1,서울특별시 송파구 동남로18길44,서울특별시 송파구 가락2동 199,,,,,02-2147-3328,서울특별시 송파구청,2022-12-13
가락2동-193,1,서울특별시 송파구 동남로20길 3,서울특별시 송파구 가락2동 166-15,,,,,02-2147-3328,서울특별시 송파구청,2022-12-13
가락2동-194,1,서울특별시 송파구 동남로20길 9,서울특별시 송파구 가락2동 173-1,,,,,02-2147-3328,서울특별시 송파구청,2022-12-13
가락2동-195,1,서울특별시 송파구 동남로20길13,서울특별시 송파구 가락2동 173-11,,,,,02-2147-3328,서울특별시 송파구청,2022-12-13
가락2동-196,1,서울특별시 송파구 동남로20길 17,서울특별시 송파구 가락2동 173-16,,,,,02-2147-3328,서울특별시 송파구청,2022-12-13
가락2동-197,1,서울특별시 송파구 오금로44길 22,서울특별시 송파구 가락2동 173-18,,,,,02-2147-3328,서울특별시 송파구청,2022-12-13
가락2동-198,1,서울특별시 송파구 동남로20길 22,서울특별시 송파구 가락2동 191-4,,,,,02-2147-3328,서울특별시 송파구청,2022-12-13
가락2동-199,1,서울특별시 송파구 동남로20길 24,서울특별시 송파구 가락2동 191-5,,,,,02-2147-3328,서울특별시 송파구청,2022-12-13
가락2동-200,1,서울특별시 송파구 오금로46길 25,서울특별시 송파구 가락2동 181-14,,,,,02-2147-3328,서울특별시 송파구청,2022-12-13
가락2동-201,1,서울특별시 송파구 동남로20길 30,서울특별시 송파구 가락2동 181-13,,,,,02-2147-3328,서울특별시 송파구청,2022-12-13
가락2동-202,1,서울특별시 송파구 동남로20길 34,서울특별시 송파구 가락2동 181-10,,,,,02-2147-3328,서울특별시 송파구청,2022-12-13
가락2동-203,1,서울특별시 송파구 동남로20길 40,서울특별시 송파구 가락2동 181-7,,,,,02-2147-3328,서울특별시 송파구청,2022-12-13
가락2동-204,1,서울특별시 송파구 동남로20길 42-1,서울특별시 송파구 가락2동 181-5,,,,,02-2147-3328,서울특별시 송파구청,2022-12-13
가락2동-205,1,서울특별시 송파구 동남로20길 48-1,서울특별시 송파구 가락2동 181-1,,,,,02-2147-3328,서울특별시 송파구청,2022-12-13
가락2동-206,1,서울특별시 송파구 오금로44가길6,서울특별시 송파구 가락2동 167-8,,,,,02-2147-3328,서울특별시 송파구청,2022-12-13
가락2동-207,1,서울특별시 송파구 문정로13길 3-3,서울특별시 송파구 가락2동 182-17,,,,,02-2147-3328,서울특별시 송파구청,2022-12-13
가락2동-208,1,서울특별시 송파구 오금로48길14,서울특별시 송파구 가락2동 175-22,,,,,02-2147-3328,서울특별시 송파구청,2022-12-13
가락2동-209,1,서울특별시 송파구 동남로9길57,서울특별시 송파구 가락2동 149-15,,,,,02-2147-3328,서울특별시 송파구청,2022-12-13
가락2동-210,1,서울특별시 송파구 중대로22길6,서울특별시 송파구 가락2동 157-18,,,,,02-2147-3328,서울특별시 송파구청,2022-12-13
가락2동-211,1,서울특별시 송파구 오금로44길41,서울특별시 송파구 가락2동 190-14,,,,,02-2147-3328,서울특별시 송파구청,2022-12-13
가락2동-212,1,서울특별시 송파구 오금로44길39,서울특별시 송파구 가락2동 190-10,,,,,02-2147-3328,서울특별시 송파구청,2022-12-13
가락2동-213,1,서울특별시 송파구 오금로44길35,서울특별시 송파구 가락2동 190-13,,,,,02-2147-3328,서울특별시 송파구청,2022-12-13
가락2동-214,1,서울특별시 송파구 오금로44길27,서울특별시 송파구 가락2동 191-3,,,,,02-2147-3328,서울특별시 송파구청,2022-12-13
가락2동-215,1,서울특별시 송파구 오금로44길27,서울특별시 송파구 가락2동 191-3,,,,,02-2147-3328,서울특별시 송파구청,2022-12-13
가락2동-216,1,서울특별시 송파구 오금로44길33,서울특별시 송파구 가락2동 191,,,,,02-2147-3328,서울특별시 송파구청,2022-12-13
가락2동-217,1,서울특별시 송파구 오금로44길57,서울특별시 송파구 가락2동 196-3,,,,,02-2147-3328,서울특별시 송파구청,2022-12-13
가락2동-218,1,서울특별시 송파구 오금로44길57,서울특별시 송파구 가락2동 196-3,,,,,02-2147-3328,서울특별시 송파구청,2022-12-13
가락2동-219,1,서울특별시 송파구 오금로44길63,서울특별시 송파구 가락2동 196-6,,,,,02-2147-3328,서울특별시 송파구청,2022-12-13
가락2동-220,1,서울특별시 송파구 오금로44길61,서울특별시 송파구 가락2동 196-5,,,,,02-2147-3328,서울특별시 송파구청,2022-12-13
가락2동-221,1,서울특별시 송파구 오금로44길65,서울특별시 송파구 가락2동 196-7,,,,,02-2147-3328,서울특별시 송파구청,2022-12-13
가락2동-222,1,서울특별시 송파구 오금로44길65,서울특별시 송파구 가락2동 196-7,,,,,02-2147-3328,서울특별시 송파구청,2022-12-13
가락2동-223,1,서울특별시 송파구 중대로16길 19-6,서울특별시 송파구 가락2동 141-15,,,,,02-2147-3328,서울특별시 송파구청,2022-12-13
가락2동-224,1,서울특별시 송파구 동남로9길 5,서울특별시 송파구 가락2동 126-2,,,,,02-2147-3328,서울특별시 송파구청,2022-12-13
가락2동-225,1,서울특별시 송파구 송이로23길52-28,서울특별시 송파구 가락2동 153-4,,,,,02-2147-3328,서울특별시 송파구청,2022-12-13
가락2동-226,1,서울특별시 송파구 오금로44길22,서울특별시 송파구 가락2동 173-18,,,,,02-2147-3328,서울특별시 송파구청,2022-12-13
가락2동-227,1,서울특별시 송파구 오금로44가길7,서울특별시 송파구 가락2동 169-13,,,,,02-2147-3328,서울특별시 송파구청,2022-12-13
가락2동-228,1,서울특별시 송파구 오금로44나길9-1,서울특별시 송파구 가락2동 169-5,,,,,02-2147-3328,서울특별시 송파구청,2022-12-13
가락2동-229,1,서울특별시 송파구 중대로154,서울특별시 송파구 가락2동 146-4,,,,,02-2147-3328,서울특별시 송파구청,2022-12-13
가락2동-230,1,서울특별시 송파구 중대로160,서울특별시 송파구 가락2동 146-2,,,,,02-2147-3328,서울특별시 송파구청,2022-12-13
가락2동-231,1,서울특별시 송파구 오금로38길10,서울특별시 송파구 가락2동 162,,,,,02-2147-3328,서울특별시 송파구청,2022-12-13
가락2동-232,1,서울특별시 송파구 송이로27길 7-7,서울특별시 송파구 가락2동 162,,,,,02-2147-3328,서울특별시 송파구청,2022-12-13
가락2동-233,1,서울특별시 송파구 문정로13길 19-10,서울특별시 송파구 가락2동 188-2,,,,,02-2147-3328,서울특별시 송파구청,2022-12-13
가락2동-234,1,서울특별시 송파구 중대로20길1,서울특별시 송파구 가락2동 156-12,,,,,02-2147-3328,서울특별시 송파구청,2022-12-13
가락2동-235,1,서울특별시 송파구 문정로13길 14,서울특별시 송파구 가락2동 181-22,,,,,02-2147-3328,서울특별시 송파구청,2022-12-13
가락2동-236,1,서울특별시 송파구 오금로44길20-9,서울특별시 송파구 가락2동 173-13,,,,,02-2147-3328,서울특별시 송파구청,2022-12-13
가락2동-237,1,서울특별시 송파구 동남로13길50,서울특별시 송파구 가락2동 123-17,,,,,02-2147-3328,서울특별시 송파구청,2022-12-13
가락2동-238,1,서울특별시 송파구 오금로38길 5-19,서울특별시 송파구 가락2동 161-1,,,,,02-2147-3328,서울특별시 송파구청,2022-12-13
가락2동-239,1,서울특별시 송파구 오금로38길 5-19,서울특별시 송파구 가락2동 161-1,,,,,02-2147-3328,서울특별시 송파구청,2022-12-13
가락2동-240,1,서울특별시 송파구 오금로38가길2,서울특별시 송파구 가락2동 가락동 160,,,,,02-2147-3328,서울특별시 송파구청,2022-12-13
가락본동-001,1,서울특별시 송파구 양재대로68길3-11,서울특별시 송파구 가락본동 1-3,,,,,02-2147-3328,서울특별시 송파구청,2022-12-13
가락본동-002,1,서울특별시 송파구 양재대로68길3-3,서울특별시 송파구 가락본동 1-1,,,,,02-2147-3328,서울특별시 송파구청,2022-12-13
가락본동-003,1,서울특별시 송파구 양재대로68길3-3,서울특별시 송파구 가락본동 1-1,,,,,02-2147-3328,서울특별시 송파구청,2022-12-13
가락본동-004,1,서울특별시 송파구 양재대로68길3-7,서울특별시 송파구 가락본동 1-2,,,,,02-2147-3328,서울특별시 송파구청,2022-12-13
가락본동-005,1,서울특별시 송파구 양재대로68길3-13,서울특별시 송파구 가락본동 2,,,,,02-2147-3328,서울특별시 송파구청,2022-12-13
가락본동-006,1,서울특별시 송파구 오금로36길4-23,서울특별시 송파구 가락본동 3-4,,,,,02-2147-3328,서울특별시 송파구청,2022-12-13
가락본동-007,1,서울특별시 송파구 오금로36길4-23,서울특별시 송파구 가락본동 3-3,,,,,02-2147-3328,서울특별시 송파구청,2022-12-13
가락본동-008,1,서울특별시 송파구 오금로34길4-11,서울특별시 송파구 가락본동 4-4,,,,,02-2147-3328,서울특별시 송파구청,2022-12-13
가락본동-009,1,서울특별시 송파구 오금로34길8-24,서울특별시 송파구 가락본동 4-10,,,,,02-2147-3328,서울특별시 송파구청,2022-12-13
가락본동-010,1,서울특별시 송파구 양재대로68길3-6,서울특별시 송파구 가락본동 6-5,,,,,02-2147-3328,서울특별시 송파구청,2022-12-13
가락본동-011,1,서울특별시 송파구 오금로34길12-11,서울특별시 송파구 가락본동 6-1,,,,,02-2147-3328,서울특별시 송파구청,2022-12-13
가락본동-012,1,서울특별시 송파구 양재대로68길 3,서울특별시 송파구 가락본동 1,,,,,02-2147-3328,서울특별시 송파구청,2022-12-13
가락본동-013,1,서울특별시 송파구 양재대로68길 7,서울특별시 송파구 가락본동 6-7,,,,,02-2147-3328,서울특별시 송파구청,2022-12-13
가락본동-014,1,서울특별시 송파구 양재대로68길 9,서울특별시 송파구 가락본동 6-8,,,,,02-2147-3328,서울특별시 송파구청,2022-12-13
가락본동-015,1,서울특별시 송파구 송이로15길51,서울특별시 송파구 가락본동 6-11,,,,,02-2147-3328,서울특별시 송파구청,2022-12-13
가락본동-016,1,서울특별시 송파구 양재대로66길,서울특별시 송파구 가락본동 21,,,,,02-2147-3328,서울특별시 송파구청,2022-12-13
가락본동-017,1,서울특별시 송파구 양재대로66길,서울특별시 송파구 가락본동 21,,,,,02-2147-3328,서울특별시 송파구청,2022-12-13
가락본동-018,1,서울특별시 송파구 양재대로66길,서울특별시 송파구 가락본동 21,,,,,02-2147-3328,서울특별시 송파구청,2022-12-13
가락본동-019,1,서울특별시 송파구 양재대로66길,서울특별시 송파구 가락본동 21,,,,,02-2147-3328,서울특별시 송파구청,2022-12-13
가락본동-020,1,서울특별시 송파구 양재대로66길,서울특별시 송파구 가락본동 21-6,,,,,02-2147-3328,서울특별시 송파구청,2022-12-13
가락본동-021,1,서울특별시 송파구 송이로15길 46,서울특별시 송파구 가락본동 20-13,,,,,02-2147-3328,서울특별시 송파구청,2022-12-13
가락본동-022,1,서울특별시 송파구 동남로17길 13,서울특별시 송파구 가락본동 164-3,,,,,02-2147-3328,서울특별시 송파구청,2022-12-13
가락본동-023,1,서울특별시 송파구 동남로17길 9,서울특별시 송파구 가락본동 164-6,,,,,02-2147-3328,서울특별시 송파구청,2022-12-13
가락본동-024,1,서울특별시 송파구 동남로17길 7,서울특별시 송파구 가락본동 164-7,,,,,02-2147-3328,서울특별시 송파구청,2022-12-13
가락본동-025,1,서울특별시 송파구 오금로34길20,서울특별시 송파구 가락본동 20-5,,,,,02-2147-3328,서울특별시 송파구청,2022-12-13
가락본동-026,1,서울특별시 송파구 송이로17길58-11,서울특별시 송파구 가락본동 11-17,,,,,02-2147-3328,서울특별시 송파구청,2022-12-13
가락본동-027,1,서울특별시 송파구 동남로17길 15,서울특별시 송파구 가락본동 164-1,,,,,02-2147-3328,서울특별시 송파구청,2022-12-13
가락본동-028,1,서울특별시 송파구 송이로17길50-17,서울특별시 송파구 가락본동 13-14,,,,,02-2147-3328,서울특별시 송파구청,2022-12-13
가락본동-029,1,서울특별시 송파구 송이로17길50-22,서울특별시 송파구 가락본동 15-5,,,,,02-2147-3328,서울특별시 송파구청,2022-12-13
가락본동-030,1,서울특별시 송파구 가락골6길38,서울특별시 송파구 가락본동 31,,,,,02-2147-3328,서울특별시 송파구청,2022-12-13
가락본동-031,1,서울특별시 송파구 오금로34길28,서울특별시 송파구 가락본동 27-10,,,,,02-2147-3328,서울특별시 송파구청,2022-12-13
가락본동-032,1,서울특별시 송파구 양재대로64길,서울특별시 송파구 가락본동 28,,,,,02-2147-3328,서울특별시 송파구청,2022-12-13
가락본동-033,1,서울특별시 송파구 오금로34길37,서울특별시 송파구 가락본동 29-6,,,,,02-2147-3328,서울특별시 송파구청,2022-12-13
가락본동-034,1,서울특별시 송파구 오금로34길29,서울특별시 송파구 가락본동 29,,,,,02-2147-3328,서울특별시 송파구청,2022-12-13
가락본동-035,1,서울특별시 송파구 송이로19길 41-8,서울특별시 송파구 가락본동 31-6,,,,,02-2147-3328,서울특별시 송파구청,2022-12-13
가락본동-036,1,서울특별시 송파구 송이로19길40,서울특별시 송파구 가락본동 34-19,,,,,02-2147-3328,서울특별시 송파구청,2022-12-13
가락본동-037,1,서울특별시 송파구 송이로17길 34,서울특별시 송파구 가락본동 33,,,,,02-2147-3328,서울특별시 송파구청,2022-12-13
가락본동-038,1,서울특별시 송파구 송이로19길40-15,서울특별시 송파구 가락본동 34-29,,,,,02-2147-3328,서울특별시 송파구청,2022-12-13
가락본동-039,1,서울특별시 송파구 송이로19길40-7,서울특별시 송파구 가락본동 34-33,,,,,02-2147-3328,서울특별시 송파구청,2022-12-13
가락본동-040,1,서울특별시 송파구 송이로19길40-15,서울특별시 송파구 가락본동 34-35,,,,,02-2147-3328,서울특별시 송파구청,2022-12-13
가락본동-041,1,서울특별시 송파구 양재대로66길44-18,서울특별시 송파구 가락본동 34-10,,,,,02-2147-3328,서울특별시 송파구청,2022-12-13
가락본동-042,1,서울특별시 송파구 송이로19길36-13,서울특별시 송파구 가락본동 34-13,,,,,02-2147-3328,서울특별시 송파구청,2022-12-13
가락본동-043,1,서울특별시 송파구 송이로19길36-5,서울특별시 송파구 가락본동 34-16,,,,,02-2147-3328,서울특별시 송파구청,2022-12-13
가락본동-044,1,서울특별시 송파구 중대로183,서울특별시 송파구 가락본동 36-7,,,,,02-2147-3328,서울특별시 송파구청,2022-12-13
가락본동-045,1,서울특별시 송파구 양재대로66길 44-18,서울특별시 송파구 가락본동 34-10,,,,,02-2147-3328,서울특별시 송파구청,2022-12-13
가락본동-046,1,서울특별시 송파구 양재대로 64길 3,서울특별시 송파구 가락본동 22-5,,,,,02-2147-3328,서울특별시 송파구청,2022-12-13
가락본동-047,1,서울특별시 송파구 양재대로 64길,서울특별시 송파구 가락본동 43,,,,,02-2147-3328,서울특별시 송파구청,2022-12-13
가락본동-048,1,서울특별시 송파구 양재대로 64길,서울특별시 송파구 가락본동 43,,,,,02-2147-3328,서울특별시 송파구청,2022-12-13
가락본동-049,1,서울특별시 송파구 양재대로 64길,서울특별시 송파구 가락본동 43-4,,,,,02-2147-3328,서울특별시 송파구청,2022-12-13
가락본동-050,1,서울특별시 송파구 양재대로 64길,서울특별시 송파구 가락본동 43,,,,,02-2147-3328,서울특별시 송파구청,2022-12-13
가락본동-051,1,서울특별시 송파구 송이로 15길,서울특별시 송파구 가락본동 43-5,,,,,02-2147-3328,서울특별시 송파구청,2022-12-13
가락본동-052,1,서울특별시 송파구 송이로 15길,서울특별시 송파구 가락본동 43,,,,,02-2147-3328,서울특별시 송파구청,2022-12-13
가락본동-053,1,서울특별시 송파구 송이로 15길,서울특별시 송파구 가락본동 43,,,,,02-2147-3328,서울특별시 송파구청,2022-12-13
가락본동-054,1,서울특별시 송파구 송이로15길18,서울특별시 송파구 가락본동 44-1,,,,,02-2147-3328,서울특별시 송파구청,2022-12-13
가락본동-055,1,서울특별시 송파구 송이로 15길,서울특별시 송파구 가락본동 43-1,,,,,02-2147-3328,서울특별시 송파구청,2022-12-13
가락본동-056,1,서울특별시 송파구 송이로 15길,서울특별시 송파구 가락본동 43-1,,,,,02-2147-3328,서울특별시 송파구청,2022-12-13
가락본동-057,1,서울특별시 송파구 송이로21길51,서울특별시 송파구 가락본동 44-12,,,,,02-2147-3328,서울특별시 송파구청,2022-12-13
가락본동-058,1,서울특별시 송파구 송이로21길51-18,서울특별시 송파구 가락본동 44-7,,,,,02-2147-3328,서울특별시 송파구청,2022-12-13
가락본동-059,1,서울특별시 송파구 송이로21길51,서울특별시 송파구 가락본동 45-14,,,,,02-2147-3328,서울특별시 송파구청,2022-12-13
가락본동-060,1,서울특별시 송파구 오금로34길53,서울특별시 송파구 가락본동 46-1,,,,,02-2147-3328,서울특별시 송파구청,2022-12-13
가락본동-061,1,서울특별시 송파구 오금로36길68-17,서울특별시 송파구 가락본동 47-6,,,,,02-2147-3328,서울특별시 송파구청,2022-12-13
가락본동-062,1,서울특별시 송파구 양재대로64길34,서울특별시 송파구 가락본동 39-6,,,,,02-2147-3328,서울특별시 송파구청,2022-12-13
가락본동-063,1,서울특별시 송파구 송이로21길 32-11,서울특별시 송파구 가락본동 38-3,,,,,02-2147-3328,서울특별시 송파구청,2022-12-13
가락본동-064,1,서울특별시 송파구 송이로 18길,서울특별시 송파구 가락본동 39,,,,,02-2147-3328,서울특별시 송파구청,2022-12-13
가락본동-065,1,서울특별시 송파구 송이로21길32,서울특별시 송파구 가락본동 38-5,,,,,02-2147-3328,서울특별시 송파구청,2022-12-13
가락본동-066,1,서울특별시 송파구 양재대로64길 42,서울특별시 송파구 가락본동 37,,,,,02-2147-3328,서울특별시 송파구청,2022-12-13
가락본동-067,1,서울특별시 송파구 양재대로64길 42,서울특별시 송파구 가락본동 37,,,,,02-2147-3328,서울특별시 송파구청,2022-12-13
가락본동-068,1,서울특별시 송파구 양재대로64길 42,서울특별시 송파구 가락본동 37,,,,,02-2147-3328,서울특별시 송파구청,2022-12-13
가락본동-069,1,서울특별시 송파구 양재대로64길 42,서울특별시 송파구 가락본동 37,,,,,02-2147-3328,서울특별시 송파구청,2022-12-13
가락본동-070,1,서울특별시 송파구 양재대로64길 42,서울특별시 송파구 가락본동 37,,,,,02-2147-3328,서울특별시 송파구청,2022-12-13
가락본동-071,1,서울특별시 송파구 송이로21길23,서울특별시 송파구 가락본동 53,,,,,02-2147-3328,서울특별시 송파구청,2022-12-13
가락본동-072,1,서울특별시 송파구 송이로21길 23,서울특별시 송파구 가락본동 53,,,,,02-2147-3328,서울특별시 송파구청,2022-12-13
가락본동-073,1,서울특별시 송파구 송이로21길 23,서울특별시 송파구 가락본동 53,,,,,02-2147-3328,서울특별시 송파구청,2022-12-13
가락본동-074,1,서울특별시 송파구 송이로21길23,서울특별시 송파구 가락본동 53,,,,,02-2147-3328,서울특별시 송파구청,2022-12-13
가락본동-075,1,서울특별시 송파구 양재대로64길42,서울특별시 송파구 가락본동 37,,,,,02-2147-3328,서울특별시 송파구청,2022-12-13
가락본동-076,1,서울특별시 송파구 양재대로64길42,서울특별시 송파구 가락본동 37,,,,,02-2147-3328,서울특별시 송파구청,2022-12-13
가락본동-077,1,서울특별시 송파구 송이로19길27,서울특별시 송파구 가락본동 38-3,,,,,02-2147-3328,서울특별시 송파구청,2022-12-13
가락본동-078,1,서울특별시 송파구 송이로19길29,서울특별시 송파구 가락본동 38-6,,,,,02-2147-3328,서울특별시 송파구청,2022-12-13
가락본동-079,1,서울특별시 송파구 양재대로64길40,서울특별시 송파구 가락본동 38-8,,,,,02-2147-3328,서울특별시 송파구청,2022-12-13
가락본동-080,1,서울특별시 송파구 송이로19길36-10,서울특별시 송파구 가락본동 34-3,,,,,02-2147-3328,서울특별시 송파구청,2022-12-13
가락본동-081,1,서울특별시 송파구 양재대로64길47,서울특별시 송파구 가락본동 34-5,,,,,02-2147-3328,서울특별시 송파구청,2022-12-13
가락본동-082,1,서울특별시 송파구 양재대로64길44-24,서울특별시 송파구 가락본동 34-7,,,,,02-2147-3328,서울특별시 송파구청,2022-12-13
가락본동-083,1,서울특별시 송파구 송이로17길13,서울특별시 송파구 가락본동 50-8,,,,,02-2147-3328,서울특별시 송파구청,2022-12-13
가락본동-084,1,서울특별시 송파구 송이로17길13,서울특별시 송파구 가락본동 50-8,,,,,02-2147-3328,서울특별시 송파구청,2022-12-13
가락본동-085,1,서울특별시 송파구 송이로17길9,서울특별시 송파구 가락본동 50-11,,,,,02-2147-3328,서울특별시 송파구청,2022-12-13
가락본동-086,1,서울특별시 송파구 송이로19길 8,서울특별시 송파구 가락본동 55,,,,,02-2147-3328,서울특별시 송파구청,2022-12-13
가락본동-087,1,서울특별시 송파구 송이로19길8,서울특별시 송파구 가락본동 55,,,,,02-2147-3328,서울특별시 송파구청,2022-12-13
가락본동-088,1,서울특별시 송파구 송이로19길8,서울특별시 송파구 가락본동 55,,,,,02-2147-3328,서울특별시 송파구청,2022-12-13
가락본동-089,1,서울특별시 송파구 송이로19길8,서울특별시 송파구 가락본동 55,,,,,02-2147-3328,서울특별시 송파구청,2022-12-13
가락본동-090,1,서울특별시 송파구 송이로19길8,서울특별시 송파구 가락본동 55,,,,,02-2147-3328,서울특별시 송파구청,2022-12-13
가락본동-091,1,서울특별시 송파구 오금로36길69-8,서울특별시 송파구 가락본동 49-12,,,,,02-2147-3328,서울특별시 송파구청,2022-12-13
가락본동-092,1,서울특별시 송파구 오금로36길69-16,서울특별시 송파구 가락본동 49-9,,,,,02-2147-3328,서울특별시 송파구청,2022-12-13
가락본동-093,1,서울특별시 송파구 중대로9길43-7,서울특별시 송파구 가락본동 89-3,,,,,02-2147-3328,서울특별시 송파구청,2022-12-13
가락본동-094,1,서울특별시 송파구 중대로9길43-14,서울특별시 송파구 가락본동 90,,,,,02-2147-3328,서울특별시 송파구청,2022-12-13
가락본동-095,1,서울특별시 송파구 송이로 112,서울특별시 송파구 가락본동 73-5,,,,,02-2147-3328,서울특별시 송파구청,2022-12-13
가락본동-096,1,서울특별시 송파구 송파대로30길41-10,서울특별시 송파구 가락본동 73-7,,,,,02-2147-3328,서울특별시 송파구청,2022-12-13
가락본동-097,1,서울특별시 송파구 송파대로30길41-38,서울특별시 송파구 가락본동 72-12,,,,,02-2147-3328,서울특별시 송파구청,2022-12-13
가락본동-098,1,서울특별시 송파구 송파대로,서울특별시 송파구 가락본동 71-7,,,,,02-2147-3328,서울특별시 송파구청,2022-12-13
가락본동-099,1,서울특별시 송파구 송파대로30길41-31,서울특별시 송파구 가락본동 74-9,,,,,02-2147-3328,서울특별시 송파구청,2022-12-13
가락본동-100,1,서울특별시 송파구 송파대로30길41-27,서울특별시 송파구 가락본동 74-7,,,,,02-2147-3328,서울특별시 송파구청,2022-12-13
가락본동-101,1,서울특별시 송파구 송파대로30길41-21,서울특별시 송파구 가락본동 74-5,,,,,02-2147-3328,서울특별시 송파구청,2022-12-13
가락본동-102,1,서울특별시 송파구 송이로20길4-6,서울특별시 송파구 가락본동 74-18,,,,,02-2147-3328,서울특별시 송파구청,2022-12-13
가락본동-103,1,서울특별시 송파구 송이로20길4-16,서울특별시 송파구 가락본동 74-14,,,,,02-2147-3328,서울특별시 송파구청,2022-12-13
가락본동-104,1,서울특별시 송파구 송이로20길4-22,서울특별시 송파구 가락본동 74-11,,,,,02-2147-3328,서울특별시 송파구청,2022-12-13
가락본동-105,1,서울특별시 송파구 송이로30길41-5,서울특별시 송파구 가락본동 76-4,,,,,02-2147-3328,서울특별시 송파구청,2022-12-13
가락본동-106,1,서울특별시 송파구 송이로20길12-12,서울특별시 송파구 가락본동 86-5,,,,,02-2147-3328,서울특별시 송파구청,2022-12-13
가락본동-107,1,서울특별시 송파구 송이로50길12-22,서울특별시 송파구 가락본동 86-1,,,,,02-2147-3328,서울특별시 송파구청,2022-12-13
가락본동-108,1,서울특별시 송파구 송이로20길16,서울특별시 송파구 가락본동 84-5,,,,,02-2147-3328,서울특별시 송파구청,2022-12-13
가락본동-109,1,서울특별시 송파구 송파대로30길7,서울특별시 송파구 가락본동 97-10,,,,,02-2147-3328,서울특별시 송파구청,2022-12-13
가락본동-110,1,서울특별시 송파구 중대로120,서울특별시 송파구 가락본동 112-11,,,,,02-2147-3328,서울특별시 송파구청,2022-12-13
가락본동-111,1,서울특별시 송파구 중대로12길8,서울특별시 송파구 가락본동 113-17,,,,,02-2147-3328,서울특별시 송파구청,2022-12-13
가락본동-112,1,서울특별시 송파구 중대로12길6,서울특별시 송파구 가락본동 113,,,,,02-2147-3328,서울특별시 송파구청,2022-12-13
가락본동-113,1,서울특별시 송파구 중대로12길10-20,서울특별시 송파구 가락본동 114-10,,,,,02-2147-3328,서울특별시 송파구청,2022-12-13
가락본동-114,1,서울특별시 송파구 중대로12길8-15,서울특별시 송파구 가락본동 114-5,,,,,02-2147-3328,서울특별시 송파구청,2022-12-13
가락본동-115,1,서울특별시 송파구 중대로12길8-7,서울특별시 송파구 가락본동 114-2,,,,,02-2147-3328,서울특별시 송파구청,2022-12-13
가락본동-116,1,서울특별시 송파구 중대로12길8-4,서울특별시 송파구 가락본동 113-16,,,,,02-2147-3328,서울특별시 송파구청,2022-12-13
가락본동-117,1,서울특별시 송파구 중대로12길 18-14,서울특별시 송파구 가락본동 116-12,,,,,02-2147-3328,서울특별시 송파구청,2022-12-13
가락본동-118,1,서울특별시 송파구 중대로12길18-15,서울특별시 송파구 가락본동 116-12,,,,,02-2147-3328,서울특별시 송파구청,2022-12-13
가락본동-119,1,서울특별시 송파구 송이로26길16-38,서울특별시 송파구 가락본동 117-11,,,,,02-2147-3328,서울특별시 송파구청,2022-12-13
가락본동-120,1,서울특별시 송파구 중대로12길20,서울특별시 송파구 가락본동 117,,,,,02-2147-3328,서울특별시 송파구청,2022-12-13
가락본동-121,1,서울특별시 송파구 중대로16길 3,서울특별시 송파구 가락본동 148,,,,,02-2147-3328,서울특별시 송파구청,2022-12-13
가락본동-122,1,서울특별시 송파구 송이로 156,서울특별시 송파구 가락본동 121-4,,,,,02-2147-3328,서울특별시 송파구청,2022-12-13
가락본동-123,1,서울특별시 송파구 중대로12길,서울특별시 송파구 가락본동 118,,,,,02-2147-3328,서울특별시 송파구청,2022-12-13
가락본동-124,1,서울특별시 송파구 송이로26길14,서울특별시 송파구 가락본동 148-10,,,,,02-2147-3328,서울특별시 송파구청,2022-12-13
가락본동-125,1,서울특별시 송파구 송이로26길16-15,서울특별시 송파구 가락본동 111-9,,,,,02-2147-3328,서울특별시 송파구청,2022-12-13
가락본동-126,1,서울특별시 송파구 송이로26길16-7,서울특별시 송파구 가락본동 111-12,,,,,02-2147-3328,서울특별시 송파구청,2022-12-13
가락본동-127,1,서울특별시 송파구 중대로12길28,서울특별시 송파구 가락본동 119-19,,,,,02-2147-3328,서울특별시 송파구청,2022-12-13
가락본동-128,1,서울특별시 송파구 중대로12길 29,서울특별시 송파구 가락본동 120-18,,,,,02-2147-3328,서울특별시 송파구청,2022-12-13
가락본동-129,1,서울특별시 송파구 중대로12길36,서울특별시 송파구 가락본동 119-12,,,,,02-2147-3328,서울특별시 송파구청,2022-12-13
가락본동-130,1,서울특별시 송파구 중대로12길40,서울특별시 송파구 가락본동 119-10,,,,,02-2147-3328,서울특별시 송파구청,2022-12-13
가락본동-131,1,서울특별시 송파구 중대로12길28,서울특별시 송파구 가락본동 119-28,,,,,02-2147-3328,서울특별시 송파구청,2022-12-13
가락본동-132,1,서울특별시 송파구 송이로26길 7-5,서울특별시 송파구 가락본동 119-5,,,,,02-2147-3328,서울특별시 송파구청,2022-12-13
가락본동-133,1,서울특별시 송파구 송이로26길 7-19,서울특별시 송파구 가락본동 119-7,,,,,02-2147-3328,서울특별시 송파구청,2022-12-13
가락본동-134,1,서울특별시 송파구 중대로10길 29,서울특별시 송파구 가락본동 110,,,,,02-2147-3328,서울특별시 송파구청,2022-12-13
가락본동-135,1,서울특별시 송파구 중대로10길 35-10,서울특별시 송파구 가락본동 109-12,,,,,02-2147-3328,서울특별시 송파구청,2022-12-13
가락본동-136,1,서울특별시 송파구 중대로10길 35-8,서울특별시 송파구 가락본동 109-13,,,,,02-2147-3328,서울특별시 송파구청,2022-12-13
가락본동-137,1,서울특별시 송파구 중대로10길 29,서울특별시 송파구 가락본동 110,,,,,02-2147-3328,서울특별시 송파구청,2022-12-13
가락본동-138,1,서울특별시 송파구 중대로10길 29,서울특별시 송파구 가락본동 110,,,,,02-2147-3328,서울특별시 송파구청,2022-12-13
가락본동-139,1,서울특별시 송파구 중대로10길 29,서울특별시 송파구 가락본동 110,,,,,02-2147-3328,서울특별시 송파구청,2022-12-13
가락본동-140,1,서울특별시 송파구 중대로10길 29,서울특별시 송파구 가락본동 110,,,,,02-2147-3328,서울특별시 송파구청,2022-12-13
가락본동-141,1,서울특별시 송파구 중대로10길29,서울특별시 송파구 가락본동 110,,,,,02-2147-3328,서울특별시 송파구청,2022-12-13
가락본동-142,1,서울특별시 송파구 중대로10길 25,서울특별시 송파구 가락본동 111-15,,,,,02-2147-3328,서울특별시 송파구청,2022-12-13
가락본동-143,1,서울특별시 송파구 중대로10길 29,서울특별시 송파구 가락본동 110,,,,,02-2147-3328,서울특별시 송파구청,2022-12-13
가락본동-144,1,서울특별시 송파구 중대로10길 37-21,서울특별시 송파구 가락본동 109-7,,,,,02-2147-3328,서울특별시 송파구청,2022-12-13
가락본동-145,1,서울특별시 송파구 중대로10길 29,서울특별시 송파구 가락본동 110,,,,,02-2147-3328,서울특별시 송파구청,2022-12-13
가락본동-146,1,서울특별시 송파구 중대로10길37-10,서울특별시 송파구 가락본동 108-17,,,,,02-2147-3328,서울특별시 송파구청,2022-12-13
가락본동-147,1,서울특별시 송파구 중대로10길37-10,서울특별시 송파구 가락본동 108-17,,,,,02-2147-3328,서울특별시 송파구청,2022-12-13
가락본동-148,1,서울특별시 송파구 동남로127,서울특별시 송파구 가락본동 108-9,,,,,02-2147-3328,서울특별시 송파구청,2022-12-13
가락본동-149,1,서울특별시 송파구 중대로10길 37-24,서울특별시 송파구 가락본동 108-12,,,,,02-2147-3328,서울특별시 송파구청,2022-12-13
가락본동-150,1,서울특별시 송파구 중대로10길37-28,서울특별시 송파구 가락본동 108-11,,,,,02-2147-3328,서울특별시 송파구청,2022-12-13
가락본동-151,1,서울특별시 송파구 중대로10길40-18,서울특별시 송파구 가락본동 106,,,,,02-2147-3328,서울특별시 송파구청,2022-12-13
가락본동-152,1,서울특별시 송파구 중대로10길40-18,서울특별시 송파구 가락본동 106,,,,,02-2147-3328,서울특별시 송파구청,2022-12-13
가락본동-153,1,서울특별시 송파구 송파대로26길22,서울특별시 송파구 가락본동 106,,,,,02-2147-3328,서울특별시 송파구청,2022-12-13
가락본동-154,1,서울특별시 송파구 송파대로26길22,서울특별시 송파구 가락본동 106,,,,,02-2147-3328,서울특별시 송파구청,2022-12-13
가락본동-155,1,서울특별시 송파구 송파대로26길22,서울특별시 송파구 가락본동 106,,,,,02-2147-3328,서울특별시 송파구청,2022-12-13
가락본동-156,1,서울특별시 송파구 송파대로26길22,서울특별시 송파구 가락본동 106,,,,,02-2147-3328,서울특별시 송파구청,2022-12-13
가락본동-157,1,서울특별시 송파구 송파대로26길22,서울특별시 송파구 가락본동 106,,,,,02-2147-3328,서울특별시 송파구청,2022-12-13
가락본동-158,1,서울특별시 송파구 송파대로26길22,서울특별시 송파구 가락본동 106,,,,,02-2147-3328,서울특별시 송파구청,2022-12-13
가락본동-159,1,서울특별시 송파구 송파대로26길22,서울특별시 송파구 가락본동 106,,,,,02-2147-3328,서울특별시 송파구청,2022-12-13
가락본동-160,1,서울특별시 송파구 중대로10길 40-25,서울특별시 송파구 가락본동 107-7,,,,,02-2147-3328,서울특별시 송파구청,2022-12-13
가락본동-161,1,서울특별시 송파구 중대로10길 40-13,서울특별시 송파구 가락본동 107-3,,,,,02-2147-3328,서울특별시 송파구청,2022-12-13
가락본동-162,1,서울특별시 송파구 중대로10길40-15,서울특별시 송파구 가락본동 107-4,,,,,02-2147-3328,서울특별시 송파구청,2022-12-13
가락본동-163,1,서울특별시 송파구 중대로10길40-13,서울특별시 송파구 가락본동 107-3,,,,,02-2147-3328,서울특별시 송파구청,2022-12-13
가락본동-164,1,서울특별시 송파구 동남로3길 17-1,서울특별시 송파구 가락본동 105,,,,,02-2147-3328,서울특별시 송파구청,2022-12-13
가락본동-165,1,서울특별시 송파구 송파대로26길6,서울특별시 송파구 가락본동 105-7,,,,,02-2147-3328,서울특별시 송파구청,2022-12-13
가락본동-166,1,서울특별시 송파구 송파대로26길10,서울특별시 송파구 가락본동 105-9,,,,,02-2147-3328,서울특별시 송파구청,2022-12-13
가락본동-167,1,서울특별시 송파구 송파대로26길12,서울특별시 송파구 가락본동 105-11,,,,,02-2147-3328,서울특별시 송파구청,2022-12-13
가락본동-168,1,서울특별시 송파구 동남로3길13,서울특별시 송파구 가락본동 104,,,,,02-2147-3328,서울특별시 송파구청,2022-12-13
가락본동-169,1,서울특별시 송파구 동남로3길 17,서울특별시 송파구 가락본동 104-12,,,,,02-2147-3328,서울특별시 송파구청,2022-12-13
가락본동-170,1,서울특별시 송파구 동남로3길9,서울특별시 송파구 가락본동 103,,,,,02-2147-3328,서울특별시 송파구청,2022-12-13
가락본동-171,1,서울특별시 송파구 동남로3길 11,서울특별시 송파구 가락본동 103-13,,,,,02-2147-3328,서울특별시 송파구청,2022-12-13
가락본동-172,1,서울특별시 송파구 송파대로234,서울특별시 송파구 가락본동 100,,,,,02-2147-3328,서울특별시 송파구청,2022-12-13
가락본동-173,1,서울특별시 송파구 송파대로24길5-19,서울특별시 송파구 가락본동 101,,,,,02-2147-3328,서울특별시 송파구청,2022-12-13
가락본동-174,1,서울특별시 송파구 송파대로24길 5-19,서울특별시 송파구 가락본동 101,,,,,02-2147-3328,서울특별시 송파구청,2022-12-13
가락본동-175,1,서울특별시 송파구 송파대로24길5-13,서울특별시 송파구 가락본동 101-1,,,,,02-2147-3328,서울특별시 송파구청,2022-12-13
가락본동-176,1,서울특별시 송파구 오금로34길51,서울특별시 송파구 가락본동 46,,,,,02-2147-3328,서울특별시 송파구청,2022-12-13
가락본동-177,1,서울특별시 송파구 오금로34길49-1,서울특별시 송파구 가락본동 41-7,,,,,02-2147-3328,서울특별시 송파구청,2022-12-13
가락본동-178,1,서울특별시 송파구 양재대로64길32,서울특별시 송파구 가락본동 39-7,,,,,02-2147-3328,서울특별시 송파구청,2022-12-13
가락본동-179,1,서울특별시 송파구 송이로17길24,서울특별시 송파구 가락본동 39-5,,,,,02-2147-3328,서울특별시 송파구청,2022-12-13
가락본동-180,1,서울특별시 송파구 송이로17길24,서울특별시 송파구 가락본동 39-5,,,,,02-2147-3328,서울특별시 송파구청,2022-12-13
가락본동-181,1,서울특별시 송파구 송이로17길26,서울특별시 송파구 가락본동 39-4,,,,,02-2147-3328,서울특별시 송파구청,2022-12-13
가락본동-182,1,서울특별시 송파구 송이로17길32-5,서울특별시 송파구 가락본동 39,,,,,02-2147-3328,서울특별시 송파구청,2022-12-13
가락본동-183,1,서울특별시 송파구 송파대로24길 5-7,서울특별시 송파구 가락본동 101-5,,,,,02-2147-3328,서울특별시 송파구청,2022-12-13
가락본동-184,1,서울특별시 송파구 송파대로28길 11,서울특별시 송파구 가락본동 98-6,,,,,02-2147-3328,서울특별시 송파구청,2022-12-13
가락본동-185,1,서울특별시 송파구 송이로26길 14,서울특별시 송파구 가락본동 118-9,,,,,02-2147-3328,서울특별시 송파구청,2022-12-13
가락본동-186,1,서울특별시 송파구 송이로21길 42,서울특별시 송파구 가락본동 40-8,,,,,02-2147-3328,서울특별시 송파구청,2022-12-13
가락본동-187,1,서울특별시 송파구 송이로26길16-27,서울특별시 송파구 가락본동 111-5,,,,,02-2147-3328,서울특별시 송파구청,2022-12-13
가락본동-188,1,서울특별시 송파구 송이로26길16-25,서울특별시 송파구 가락본동 111-6,,,,,02-2147-3328,서울특별시 송파구청,2022-12-13
가락본동-189,1,서울특별시 송파구 송이로19길 8,서울특별시 송파구 가락본동 55,,,,,02-2147-3328,서울특별시 송파구청,2022-12-13
가락본동-190,1,서울특별시 송파구 송이로19길 8,서울특별시 송파구 가락본동 55,,,,,02-2147-3328,서울특별시 송파구청,2022-12-13
가락본동-191,1,서울특별시 송파구 오금로34길 4,서울특별시 송파구 가락본동 3-15,,,,,02-2147-3328,서울특별시 송파구청,2022-12-13
가락본동-192,1,서울특별시 송파구 송이로26길7-5,서울특별시 송파구 가락본동 119-5,,,,,02-2147-3328,서울특별시 송파구청,2022-12-13
가락본동-193,1,서울특별시 송파구 송이로15길 2,서울특별시 송파구 가락본동 44-4,,,,,02-2147-3328,서울특별시 송파구청,2022-12-13
가락본동-194,1,서울특별시 송파구 송이로20길12-6,서울특별시 송파구 가락본동 86-7,,,,,02-2147-3328,서울특별시 송파구청,2022-12-13
가락본동-195,1,서울특별시 송파구 송이로26길16-37,서울특별시 송파구 가락본동 111-1,,,,,02-2147-3328,서울특별시 송파구청,2022-12-13
가락본동-196,1,서울특별시 송파구 중대로12길4,서울특별시 송파구 가락본동 112-19,,,,,02-2147-3328,서울특별시 송파구청,2022-12-13
가락본동-197,1,서울특별시 송파구 양재대로64길28,서울특별시 송파구 가락본동 40-12,,,,,02-2147-3328,서울특별시 송파구청,2022-12-13
가락본동-198,1,서울특별시 송파구 오금로36길52,서울특별시 송파구 가락본동 41-5,,,,,02-2147-3328,서울특별시 송파구청,2022-12-13
가락본동-199,1,서울특별시 송파구 중대로12길 18-20,서울특별시 송파구 가락본동 116앞,,,,,02-2147-3328,서울특별시 송파구청,2022-12-13
가락본동-200,1,서울특별시 송파구 양재대로60길15,서울특별시 송파구 가락본동 92-7,,,,,02-2147-3328,서울특별시 송파구청,2022-12-13
가락본동-201,1,서울특별시 송파구 오금로36길 50,서울특별시 송파구 가락본동 41-3,,,,,02-2147-3328,서울특별시 송파구청,2022-12-13
가락본동-202,1,서울특별시 송파구 송이로17길 34,서울특별시 송파구 가락본동 32,,,,,02-2147-3328,서울특별시 송파구청,2022-12-13
가락본동-203,1,서울특별시 송파구 송이로19길41-14,서울특별시 송파구 가락본동 31-8,,,,,02-2147-3328,서울특별시 송파구청,2022-12-13
가락본동-204,1,서울특별시 송파구 양재대로1002,서울특별시 송파구 가락본동 94,,,,,02-2147-3328,서울특별시 송파구청,2022-12-13
가락본동-205,1,서울특별시 송파구 중대로12길38,서울특별시 송파구 가락본동 119-11,,,,,02-2147-3328,서울특별시 송파구청,2022-12-13
가락본동-206,1,서울특별시 송파구 중대로12길8-4,서울특별시 송파구 가락본동 113-17,,,,,02-2147-3328,서울특별시 송파구청,2022-12-13
가락본동-207,1,서울특별시 송파구 송이로17길34,서울특별시 송파구 가락본동 33,,,,,02-2147-3328,서울특별시 송파구청,2022-12-13
가락본동-208,1,서울특별시 송파구 송파대로26길22,서울특별시 송파구 가락본동 106,,,,,02-2147-3328,서울특별시 송파구청,2022-12-13
가락본동-209,1,서울특별시 송파구 송이로17길42,서울특별시 송파구 가락본동 16-23,,,,,02-2147-3328,서울특별시 송파구청,2022-12-13
가락본동-210,1,서울특별시 송파구 송이로15길42,서울특별시 송파구 가락본동 20-11,,,,,02-2147-3328,서울특별시 송파구청,2022-12-13
가락본동-211,1,서울특별시 송파구 양재대로68길 3-19,서울특별시 송파구 가락본동 1-6,,,,,02-2147-3328,서울특별시 송파구청,2022-12-13
가락본동-212,1,서울특별시 송파구 중대로12길12,서울특별시 송파구 가락본동 115,,,,,02-2147-3328,서울특별시 송파구청,2022-12-13
가락본동-213,1,서울특별시 송파구 송이로26길 16-26,서울특별시 송파구 가락본동 98-6,,,,,02-2147-3328,서울특별시 송파구청,2022-12-13
거여1동-001,1,서울특별시 송파구 오금로53길55,서울특별시 송파구 거여1동 1-5,,,,,02-2147-3328,서울특별시 송파구청,2022-12-13
거여1동-002,1,서울특별시 송파구 오금로53길51,서울특별시 송파구 거여1동 128-3,,,,,02-2147-3328,서울특별시 송파구청,2022-12-13
거여1동-003,1,서울특별시 송파구 오금로,서울특별시 송파구 거여1동 133-90,,,,,02-2147-3328,서울특별시 송파구청,2022-12-13
거여1동-004,1,서울특별시 송파구 거마로15길1,서울특별시 송파구 거여1동 133-47,,,,,02-2147-3328,서울특별시 송파구청,2022-12-13
거여1동-005,1,서울특별시 송파구 거마로45-11,서울특별시 송파구 거여1동 133-35,,,,,02-2147-3328,서울특별시 송파구청,2022-12-13
거여1동-006,1,서울특별시 송파구 오금로53길51,서울특별시 송파구 거여1동 128-13,,,,,02-2147-3328,서울특별시 송파구청,2022-12-13
거여1동-007,1,서울특별시 송파구 오금로53길43,서울특별시 송파구 거여1동 130-31,,,,,02-2147-3328,서울특별시 송파구청,2022-12-13
거여1동-008,1,서울특별시 송파구 성내천로20길11,서울특별시 송파구 거여1동 2-9,,,,,02-2147-3328,서울특별시 송파구청,2022-12-13
거여1동-009,1,서울특별시 송파구 성내천로20길11-3,서울특별시 송파구 거여1동 128-12,,,,,02-2147-3328,서울특별시 송파구청,2022-12-13
거여1동-010,1,서울특별시 송파구 성내천로20길11,서울특별시 송파구 거여1동 2-16,,,,,02-2147-3328,서울특별시 송파구청,2022-12-13
거여1동-011,1,서울특별시 송파구 성내천로20길6,서울특별시 송파구 거여1동 3-6,,,,,02-2147-3328,서울특별시 송파구청,2022-12-13
거여1동-012,1,서울특별시 송파구 성내천로18길 6,서울특별시 송파구 거여1동 4-1,,,,,02-2147-3328,서울특별시 송파구청,2022-12-13
거여1동-013,1,서울특별시 송파구 성내천로18길10,서울특별시 송파구 거여1동 4-3,,,,,02-2147-3328,서울특별시 송파구청,2022-12-13
거여1동-014,1,서울특별시 송파구 성내천로126-10,서울특별시 송파구 거여1동 5-3,,,,,02-2147-3328,서울특별시 송파구청,2022-12-13
거여1동-015,1,서울특별시 송파구 성내천로124,서울특별시 송파구 거여1동 5,,,,,02-2147-3328,서울특별시 송파구청,2022-12-13
거여1동-016,1,서울특별시 송파구 오금로51길36,서울특별시 송파구 거여1동 5-7,,,,,02-2147-3328,서울특별시 송파구청,2022-12-13
거여1동-017,1,서울특별시 송파구 오금로51길36,서울특별시 송파구 거여1동 5-7,,,,,02-2147-3328,서울특별시 송파구청,2022-12-13
거여1동-018,1,서울특별시 송파구 거마로9길40,서울특별시 송파구 거여1동 6,,,,,02-2147-3328,서울특별시 송파구청,2022-12-13
거여1동-019,1,서울특별시 송파구 성내천로20길23,서울특별시 송파구 거여1동 127-13,,,,,02-2147-3328,서울특별시 송파구청,2022-12-13
거여1동-020,1,서울특별시 송파구 성내천로20길19,서울특별시 송파구 거여1동 127-23,,,,,02-2147-3328,서울특별시 송파구청,2022-12-13
거여1동-021,1,서울특별시 송파구 거마로9길34,서울특별시 송파구 거여1동 135-1,,,,,02-2147-3328,서울특별시 송파구청,2022-12-13
거여1동-022,1,서울특별시 송파구 거마로9길34,서울특별시 송파구 거여1동 135-1,,,,,02-2147-3328,서울특별시 송파구청,2022-12-13
거여1동-023,1,서울특별시 송파구 거마로9길28-7,서울특별시 송파구 거여1동 135-42,,,,,02-2147-3328,서울특별시 송파구청,2022-12-13
거여1동-024,1,서울특별시 송파구 오금로53길35,서울특별시 송파구 거여1동 135-37,,,,,02-2147-3328,서울특별시 송파구청,2022-12-13
거여1동-025,1,서울특별시 송파구 오금로53길39-2,서울특별시 송파구 거여1동 135-12,,,,,02-2147-3328,서울특별시 송파구청,2022-12-13
거여1동-026,1,서울특별시 송파구 거마로9길18-11,서울특별시 송파구 거여1동 135-65,,,,,02-2147-3328,서울특별시 송파구청,2022-12-13
거여1동-027,1,서울특별시 송파구 거마로9길 6,서울특별시 송파구 거여1동 665-9,,,,,02-2147-3328,서울특별시 송파구청,2022-12-13
거여1동-028,1,서울특별시 송파구 거마로 41,서울특별시 송파구 거여1동 46,,,,,02-2147-3328,서울특별시 송파구청,2022-12-13
거여1동-029,1,서울특별시 송파구 거마로9길 9,서울특별시 송파구 거여1동 136-87,,,,,02-2147-3328,서울특별시 송파구청,2022-12-13
거여1동-030,1,서울특별시 송파구 거마로9길 41,서울특별시 송파구 거여1동 6,,,,,02-2147-3328,서울특별시 송파구청,2022-12-13
거여1동-031,1,서울특별시 송파구 거마로9길 41,서울특별시 송파구 거여1동 6,,,,,02-2147-3328,서울특별시 송파구청,2022-12-13
거여1동-032,1,서울특별시 송파구 거마로9길 41,서울특별시 송파구 거여1동 6,,,,,02-2147-3328,서울특별시 송파구청,2022-12-13
거여1동-033,1,서울특별시 송파구 거마로9길 41,서울특별시 송파구 거여1동 6,,,,,02-2147-3328,서울특별시 송파구청,2022-12-13
거여1동-034,1,서울특별시 송파구 거마로7길40,서울특별시 송파구 거여1동 9,,,,,02-2147-3328,서울특별시 송파구청,2022-12-13
거여1동-035,1,서울특별시 송파구 거마로7길38,서울특별시 송파구 거여1동 10-9,,,,,02-2147-3328,서울특별시 송파구청,2022-12-13
거여1동-036,1,서울특별시 송파구 거마로9길35-9,서울특별시 송파구 거여1동 10-7,,,,,02-2147-3328,서울특별시 송파구청,2022-12-13
거여1동-037,1,서울특별시 송파구 거마로9길35-5,서울특별시 송파구 거여1동 10,,,,,02-2147-3328,서울특별시 송파구청,2022-12-13
거여1동-038,1,서울특별시 송파구 거마로9길31,서울특별시 송파구 거여1동 10-3,,,,,02-2147-3328,서울특별시 송파구청,2022-12-13
거여1동-039,1,서울특별시 송파구 거마로9길27-8,서울특별시 송파구 거여1동 136-57,,,,,02-2147-3328,서울특별시 송파구청,2022-12-13
거여1동-040,1,서울특별시 송파구 거마로9길29-10,서울특별시 송파구 거여1동 136-41,,,,,02-2147-3328,서울특별시 송파구청,2022-12-13
거여1동-041,1,서울특별시 송파구 오금로53길 32,서울특별시 송파구 거여1동 136-16,,,,,02-2147-3328,서울특별시 송파구청,2022-12-13
거여1동-042,1,서울특별시 송파구 오금로53길11,서울특별시 송파구 거여1동 13-28,,,,,02-2147-3328,서울특별시 송파구청,2022-12-13
거여1동-043,1,서울특별시 송파구 거마로9길 27,서울특별시 송파구 거여1동 135-38,,,,,02-2147-3328,서울특별시 송파구청,2022-12-13
거여1동-044,1,서울특별시 송파구 거마로9길 27,서울특별시 송파구 거여1동 136-19,,,,,02-2147-3328,서울특별시 송파구청,2022-12-13
거여1동-045,1,서울특별시 송파구 거마로9길 19,서울특별시 송파구 거여1동 136,,,,,02-2147-3328,서울특별시 송파구청,2022-12-13
거여1동-046,1,서울특별시 송파구 거마로9길 19,서울특별시 송파구 거여1동 136,,,,,02-2147-3328,서울특별시 송파구청,2022-12-13
거여1동-047,1,서울특별시 송파구 거마로9길15,서울특별시 송파구 거여1동 136-67,,,,,02-2147-3328,서울특별시 송파구청,2022-12-13
거여1동-048,1,서울특별시 송파구 거마로9길11,서울특별시 송파구 거여1동 136-50,,,,,02-2147-3328,서울특별시 송파구청,2022-12-13
거여1동-049,1,서울특별시 송파구 거마로7길 44,서울특별시 송파구 거여1동 5-11,,,,,02-2147-3328,서울특별시 송파구청,2022-12-13
거여1동-050,1,서울특별시 송파구 거마로7길 42,서울특별시 송파구 거여1동 8-2,,,,,02-2147-3328,서울특별시 송파구청,2022-12-13
거여1동-051,1,서울특별시 송파구 오금로51길 20,서울특별시 송파구 거여1동 11,,,,,02-2147-3328,서울특별시 송파구청,2022-12-13
거여1동-052,1,서울특별시 송파구 오금로51길 20,서울특별시 송파구 거여1동 11,,,,,02-2147-3328,서울특별시 송파구청,2022-12-13
거여1동-053,1,서울특별시 송파구 오금로51길 20,서울특별시 송파구 거여1동 11,,,,,02-2147-3328,서울특별시 송파구청,2022-12-13
거여1동-054,1,서울특별시 송파구 거마로7길 34,서울특별시 송파구 거여1동 10-12,,,,,02-2147-3328,서울특별시 송파구청,2022-12-13
거여1동-055,1,서울특별시 송파구 오금로51길 20,서울특별시 송파구 거여1동 11,,,,,02-2147-3328,서울특별시 송파구청,2022-12-13
거여1동-056,1,서울특별시 송파구 거마로7길30,서울특별시 송파구 거여1동 136-102,,,,,02-2147-3328,서울특별시 송파구청,2022-12-13
거여1동-057,1,서울특별시 송파구 오금로51길20,서울특별시 송파구 거여1동 11,,,,,02-2147-3328,서울특별시 송파구청,2022-12-13
거여1동-058,1,서울특별시 송파구 오금로51길20,서울특별시 송파구 거여1동 11,,,,,02-2147-3328,서울특별시 송파구청,2022-12-13
거여1동-059,1,서울특별시 송파구 오금로57길15,서울특별시 송파구 거여1동 12,,,,,02-2147-3328,서울특별시 송파구청,2022-12-13
거여1동-060,1,서울특별시 송파구 오금로51길20,서울특별시 송파구 거여1동 11,,,,,02-2147-3328,서울특별시 송파구청,2022-12-13
거여1동-061,1,서울특별시 송파구 오금로51길 20,서울특별시 송파구 거여1동 11,,,,,02-2147-3328,서울특별시 송파구청,2022-12-13
거여1동-062,1,서울특별시 송파구 오금로53길13-7,서울특별시 송파구 거여1동 13-25,,,,,02-2147-3328,서울특별시 송파구청,2022-12-13
거여1동-063,1,서울특별시 송파구 오금로53길13-5,서울특별시 송파구 거여1동 13-26,,,,,02-2147-3328,서울특별시 송파구청,2022-12-13
거여1동-064,1,서울특별시 송파구 오금로51길 20,서울특별시 송파구 거여1동 11,,,,,02-2147-3328,서울특별시 송파구청,2022-12-13
거여1동-065,1,서울특별시 송파구 오금로53길13-7,서울특별시 송파구 거여1동 13-25,,,,,02-2147-3328,서울특별시 송파구청,2022-12-13
거여1동-066,1,서울특별시 송파구 오금로53길13-15,서울특별시 송파구 거여1동 13-5,,,,,02-2147-3328,서울특별시 송파구청,2022-12-13
거여1동-067,1,서울특별시 송파구 오금로51길16,서울특별시 송파구 거여1동 13-6,,,,,02-2147-3328,서울특별시 송파구청,2022-12-13
거여1동-068,1,서울특별시 송파구 오금로53길9-6,서울특별시 송파구 거여1동 13-29,,,,,02-2147-3328,서울특별시 송파구청,2022-12-13
거여1동-069,1,서울특별시 송파구 오금로53길11,서울특별시 송파구 거여1동 13-28,,,,,02-2147-3328,서울특별시 송파구청,2022-12-13
거여1동-070,1,서울특별시 송파구 오금로53길9,서울특별시 송파구 거여1동 14,,,,,02-2147-3328,서울특별시 송파구청,2022-12-13
거여1동-071,1,서울특별시 송파구 거마로3길40,서울특별시 송파구 거여1동 14-10,,,,,02-2147-3328,서울특별시 송파구청,2022-12-13
거여1동-072,1,서울특별시 송파구 거마로3길42-1,서울특별시 송파구 거여1동 14-8,,,,,02-2147-3328,서울특별시 송파구청,2022-12-13
거여1동-073,1,서울특별시 송파구 오금로51길10,서울특별시 송파구 거여1동 14-7,,,,,02-2147-3328,서울특별시 송파구청,2022-12-13
거여1동-074,1,서울특별시 송파구 오금로53길3-8,서울특별시 송파구 거여1동 18-11,,,,,02-2147-3328,서울특별시 송파구청,2022-12-13
거여1동-075,1,서울특별시 송파구 오금로53길4,서울특별시 송파구 거여1동 20-13,,,,,02-2147-3328,서울특별시 송파구청,2022-12-13
거여1동-076,1,서울특별시 송파구 오금로53길6,서울특별시 송파구 거여1동 17-10,,,,,02-2147-3328,서울특별시 송파구청,2022-12-13
거여1동-077,1,서울특별시 송파구 오금로57길3-14,서울특별시 송파구 거여1동 17-13,,,,,02-2147-3328,서울특별시 송파구청,2022-12-13
거여1동-078,1,서울특별시 송파구 거마로3길26,서울특별시 송파구 거여1동 15-5,,,,,02-2147-3328,서울특별시 송파구청,2022-12-13
거여1동-079,1,서울특별시 송파구 거마로3길30,서울특별시 송파구 거여1동 15-7,,,,,02-2147-3328,서울특별시 송파구청,2022-12-13
거여1동-080,1,서울특별시 송파구 오금로53길8,서울특별시 송파구 거여1동 17-9,,,,,02-2147-3328,서울특별시 송파구청,2022-12-13
거여1동-081,1,서울특별시 송파구 오금로57길9-13,서울특별시 송파구 거여1동 15-4,,,,,02-2147-3328,서울특별시 송파구청,2022-12-13
거여1동-082,1,서울특별시 송파구 오금로57길10,서울특별시 송파구 거여1동 23-1,,,,,02-2147-3328,서울특별시 송파구청,2022-12-13
거여1동-083,1,서울특별시 송파구 오금로57길15,서울특별시 송파구 거여1동 12,,,,,02-2147-3328,서울특별시 송파구청,2022-12-13
거여1동-084,1,서울특별시 송파구 오금로57길15,서울특별시 송파구 거여1동 12,,,,,02-2147-3328,서울특별시 송파구청,2022-12-13
거여1동-085,1,서울특별시 송파구 오금로57길15,서울특별시 송파구 거여1동 12,,,,,02-2147-3328,서울특별시 송파구청,2022-12-13
거여1동-086,1,서울특별시 송파구 오금로57길 22,서울특별시 송파구 거여1동 12,,,,,02-2147-3328,서울특별시 송파구청,2022-12-13
거여1동-087,1,서울특별시 송파구 거마로9길11-7,서울특별시 송파구 거여1동 136-82,,,,,02-2147-3328,서울특별시 송파구청,2022-12-13
거여1동-088,1,서울특별시 송파구 오금로57길15,서울특별시 송파구 거여1동 12,,,,,02-2147-3328,서울특별시 송파구청,2022-12-13
거여1동-089,1,서울특별시 송파구 오금로57길15,서울특별시 송파구 거여1동 12,,,,,02-2147-3328,서울특별시 송파구청,2022-12-13
거여1동-090,1,서울특별시 송파구 오금로57길15,서울특별시 송파구 거여1동 12,,,,,02-2147-3328,서울특별시 송파구청,2022-12-13
거여1동-091,1,서울특별시 송파구 오금로53길26,서울특별시 송파구 거여1동 136-49,,,,,02-2147-3328,서울특별시 송파구청,2022-12-13
거여1동-092,1,서울특별시 송파구 거마로7길13,서울특별시 송파구 거여1동 178-80,,,,,02-2147-3328,서울특별시 송파구청,2022-12-13
거여1동-093,1,서울특별시 송파구 거마로7길9-15,서울특별시 송파구 거여1동 178-25,,,,,02-2147-3328,서울특별시 송파구청,2022-12-13
거여1동-094,1,서울특별시 송파구 거마로7길7,서울특별시 송파구 거여1동 178-52,,,,,02-2147-3328,서울특별시 송파구청,2022-12-13
거여1동-095,1,서울특별시 송파구 거마로7길5-5,서울특별시 송파구 거여1동 178-43,,,,,02-2147-3328,서울특별시 송파구청,2022-12-13
거여1동-096,1,서울특별시 송파구 거마로7길 1-27,서울특별시 송파구 거여1동 178-60,,,,,02-2147-3328,서울특별시 송파구청,2022-12-13
거여1동-097,1,서울특별시 송파구 거마로7길1-12,서울특별시 송파구 거여1동 178-36,,,,,02-2147-3328,서울특별시 송파구청,2022-12-13
거여1동-098,1,서울특별시 송파구 거마로7길1-5,서울특별시 송파구 거여1동 178-30,,,,,02-2147-3328,서울특별시 송파구청,2022-12-13
거여1동-099,1,서울특별시 송파구 거마로7길1,서울특별시 송파구 거여1동 178-29,,,,,02-2147-3328,서울특별시 송파구청,2022-12-13
거여1동-100,1,서울특별시 송파구 오금로59길19,서울특별시 송파구 거여1동 178-3,,,,,02-2147-3328,서울특별시 송파구청,2022-12-13
거여1동-101,1,서울특별시 송파구 오금로59길10,서울특별시 송파구 거여1동 25-1,,,,,02-2147-3328,서울특별시 송파구청,2022-12-13
거여1동-102,1,서울특별시 송파구 거마로3길14-6,서울특별시 송파구 거여1동 24-1,,,,,02-2147-3328,서울특별시 송파구청,2022-12-13
거여1동-103,1,서울특별시 송파구 거마로3길16,서울특별시 송파구 거여1동 22-5,,,,,02-2147-3328,서울특별시 송파구청,2022-12-13
거여1동-104,1,서울특별시 송파구 거마로3길12,서울특별시 송파구 거여1동 24-10,,,,,02-2147-3328,서울특별시 송파구청,2022-12-13
거여1동-105,1,서울특별시 송파구 거마로3길4,서울특별시 송파구 거여1동 25,,,,,02-2147-3328,서울특별시 송파구청,2022-12-13
거여1동-106,1,서울특별시 송파구 오금로59길7,서울특별시 송파구 거여1동 21-10,,,,,02-2147-3328,서울특별시 송파구청,2022-12-13
거여1동-107,1,서울특별시 송파구 오금로 464,서울특별시 송파구 거여1동 552-12,,,,,02-2147-3328,서울특별시 송파구청,2022-12-13
거여1동-108,1,서울특별시 송파구 오금로54길6,서울특별시 송파구 거여1동 553-1,,,,,02-2147-3328,서울특별시 송파구청,2022-12-13
거여1동-109,1,서울특별시 송파구 오금로54길7,서울특별시 송파구 거여1동 554-9,,,,,02-2147-3328,서울특별시 송파구청,2022-12-13
거여1동-110,1,서울특별시 송파구 오금로56길10,서울특별시 송파구 거여1동 553-19,,,,,02-2147-3328,서울특별시 송파구청,2022-12-13
거여1동-111,1,서울특별시 송파구 오금로56길12,서울특별시 송파구 거여1동 553-23,,,,,02-2147-3328,서울특별시 송파구청,2022-12-13
거여1동-112,1,서울특별시 송파구 오금로56길11,서울특별시 송파구 거여1동 555-9,,,,,02-2147-3328,서울특별시 송파구청,2022-12-13
거여1동-113,1,서울특별시 송파구 오금로56길16,서울특별시 송파구 거여1동 356,,,,,02-2147-3328,서울특별시 송파구청,2022-12-13
거여1동-114,1,서울특별시 송파구 오금로56길16,서울특별시 송파구 거여1동 356,,,,,02-2147-3328,서울특별시 송파구청,2022-12-13
거여1동-115,1,서울특별시 송파구 오금로56길16,서울특별시 송파구 거여1동 356,,,,,02-2147-3328,서울특별시 송파구청,2022-12-13
거여1동-116,1,서울특별시 송파구 오금로56길16,서울특별시 송파구 거여1동 356,,,,,02-2147-3328,서울특별시 송파구청,2022-12-13
거여1동-117,1,서울특별시 송파구 양산로7길19,서울특별시 송파구 거여1동 557-2,,,,,02-2147-3328,서울특별시 송파구청,2022-12-13
거여1동-118,1,서울특별시 송파구 오금로54길19-2,서울특별시 송파구 거여1동 554-6,,,,,02-2147-3328,서울특별시 송파구청,2022-12-13
거여1동-119,1,서울특별시 송파구 양산로7길16,서울특별시 송파구 거여1동 560-9,,,,,02-2147-3328,서울특별시 송파구청,2022-12-13
거여1동-120,1,서울특별시 송파구 오금로56길17,서울특별시 송파구 거여1동 562-12,,,,,02-2147-3328,서울특별시 송파구청,2022-12-13
거여1동-121,1,서울특별시 송파구 오금로56길19,서울특별시 송파구 거여1동 561-9,,,,,02-2147-3328,서울특별시 송파구청,2022-12-13
거여1동-122,1,서울특별시 송파구 오금로56길23,서울특별시 송파구 거여1동 564-22,,,,,02-2147-3328,서울특별시 송파구청,2022-12-13
거여1동-123,1,서울특별시 송파구 오금로56길25-2,서울특별시 송파구 거여1동 564-18,,,,,02-2147-3328,서울특별시 송파구청,2022-12-13
거여1동-124,1,서울특별시 송파구 오금로56길29-1,서울특별시 송파구 거여1동 564-15,,,,,02-2147-3328,서울특별시 송파구청,2022-12-13
거여1동-125,1,서울특별시 송파구 양산로7길11,서울특별시 송파구 거여1동 564,,,,,02-2147-3328,서울특별시 송파구청,2022-12-13
거여1동-126,1,서울특별시 송파구 양산로7길12,서울특별시 송파구 거여1동 563-20,,,,,02-2147-3328,서울특별시 송파구청,2022-12-13
거여1동-127,1,서울특별시 송파구 양산로7길9,서울특별시 송파구 거여1동 564-2,,,,,02-2147-3328,서울특별시 송파구청,2022-12-13
거여1동-128,1,서울특별시 송파구 양산로7길5-1,서울특별시 송파구 거여1동 564-6,,,,,02-2147-3328,서울특별시 송파구청,2022-12-13
거여1동-129,1,서울특별시 송파구 오금로54길35-1,서울특별시 송파구 거여1동 562-7,,,,,02-2147-3328,서울특별시 송파구청,2022-12-13
거여1동-130,1,서울특별시 송파구 오금로54길33,서울특별시 송파구 거여1동 562-10,,,,,02-2147-3328,서울특별시 송파구청,2022-12-13
거여1동-131,1,서울특별시 송파구 오금로54길28-1,서울특별시 송파구 거여1동 560-6,,,,,02-2147-3328,서울특별시 송파구청,2022-12-13
거여1동-132,1,서울특별시 송파구 거마로13길2,서울특별시 송파구 거여1동 133-9,,,,,02-2147-3328,서울특별시 송파구청,2022-12-13
거여1동-133,1,서울특별시 송파구 거마로46,서울특별시 송파구 거여1동 133-10,,,,,02-2147-3328,서울특별시 송파구청,2022-12-13
거여1동-134,1,서울특별시 송파구 오금로56길16,서울특별시 송파구 거여1동 371-1,,,,,02-2147-3328,서울특별시 송파구청,2022-12-13
거여1동-135,1,서울특별시 송파구 성내천로18길 20,서울특별시 송파구 거여1동 5-12,,,,,02-2147-3328,서울특별시 송파구청,2022-12-13
거여1동-136,1,서울특별시 송파구 성내천로18길 12-1,서울특별시 송파구 거여1동 5-16,,,,,02-2147-3328,서울특별시 송파구청,2022-12-13
거여1동-137,1,서울특별시 송파구 오금로53길39-5,서울특별시 송파구 거여1동 135-6,,,,,02-2147-3328,서울특별시 송파구청,2022-12-13
거여1동-138,1,서울특별시 송파구 거마로31,서울특별시 송파구 거여1동 665-6,,,,,02-2147-3328,서울특별시 송파구청,2022-12-13
거여1동-139,1,서울특별시 송파구 오금로57길9-21,서울특별시 송파구 거여1동 15-1,,,,,02-2147-3328,서울특별시 송파구청,2022-12-13
거여1동-140,1,서울특별시 송파구 오금로53길9-17,서울특별시 송파구 거여1동 14-5,,,,,02-2147-3328,서울특별시 송파구청,2022-12-13
거여1동-141,1,서울특별시 송파구 오금로57길3-19,서울특별시 송파구 거여1동 20-12,,,,,02-2147-3328,서울특별시 송파구청,2022-12-13
거여1동-142,1,서울특별시 송파구 오금로56길33,서울특별시 송파구 거여1동 564-12,,,,,02-2147-3328,서울특별시 송파구청,2022-12-13
거여1동-143,1,서울특별시 송파구 거마로13길 2,서울특별시 송파구 거여1동 133-9,,,,,02-2147-3328,서울특별시 송파구청,2022-12-13
거여1동-144,1,서울특별시 송파구 오금로53길38,서울특별시 송파구 거여1동 135-8`,,,,,02-2147-3328,서울특별시 송파구청,2022-12-13
거여1동-145,1,서울특별시 송파구 오금로54길10,서울특별시 송파구 거여1동 362,,,,,02-2147-3328,서울특별시 송파구청,2022-12-13
거여1동-146,1,서울특별시 송파구 거마로17길15,서울특별시 송파구 거여1동 129-7,,,,,02-2147-3328,서울특별시 송파구청,2022-12-13
거여1동-147,1,서울특별시 송파구 양산로9,서울특별시 송파구 거여1동 289-3,,,,,02-2147-3328,서울특별시 송파구청,2022-12-13
거여1동-148,1,서울특별시 송파구 양산로9,서울특별시 송파구 거여1동 289-3,,,,,02-2147-3328,서울특별시 송파구청,2022-12-13
거여1동-149,1,서울특별시 송파구 거마로5길4,서울특별시 송파구 거여1동 174-7,,,,,02-2147-3328,서울특별시 송파구청,2022-12-13
거여1동-150,1,서울특별시 송파구 거마로9길 6-2,서울특별시 송파구 거여1동 665-1,,,,,02-2147-3328,서울특별시 송파구청,2022-12-13
거여1동-151,1,서울특별시 송파구 거마로7길10-1,서울특별시 송파구 거여1동 178-62,,,,,02-2147-3328,서울특별시 송파구청,2022-12-13
거여2동-001,1,서울특별시 송파구 오금로61길20,서울특별시 송파구 거여2동 44,,,,,02-2147-3328,서울특별시 송파구청,2022-12-13
거여2동-002,1,서울특별시 송파구 오금로61길20,서울특별시 송파구 거여2동 44,,,,,02-2147-3328,서울특별시 송파구청,2022-12-13
거여2동-003,1,서울특별시 송파구 거마로2길 14,서울특별시 송파구 거여2동 105-2,,,,,02-2147-3328,서울특별시 송파구청,2022-12-13
거여2동-004,1,서울특별시 송파구 거마로8길23,서울특별시 송파구 거여2동 103-13,,,,,02-2147-3328,서울특별시 송파구청,2022-12-13
거여2동-005,1,서울특별시 송파구 거마로8길22,서울특별시 송파구 거여2동 101,,,,,02-2147-3328,서울특별시 송파구청,2022-12-13
거여2동-006,1,서울특별시 송파구 거마로8길24,서울특별시 송파구 거여2동 105-6,,,,,02-2147-3328,서울특별시 송파구청,2022-12-13
거여2동-007,1,서울특별시 송파구 거마로2길24,서울특별시 송파구 거여2동 101-1,,,,,02-2147-3328,서울특별시 송파구청,2022-12-13
거여2동-008,1,서울특별시 송파구 양산로40-12,서울특별시 송파구 거여2동 566-4,,,,,02-2147-3328,서울특별시 송파구청,2022-12-13
거여2동-009,1,서울특별시 송파구 양산로40-19,서울특별시 송파구 거여2동 119-12,,,,,02-2147-3328,서울특별시 송파구청,2022-12-13
거여2동-010,1,서울특별시 송파구 양산로38-6,서울특별시 송파구 거여2동 52-9,,,,,02-2147-3328,서울특별시 송파구청,2022-12-13
거여2동-011,1,서울특별시 송파구 양산로38-19,서울특별시 송파구 거여2동 89-4,,,,,02-2147-3328,서울특별시 송파구청,2022-12-13
거여2동-012,1,서울특별시 송파구 양산로40-22,서울특별시 송파구 거여2동 101-5,,,,,02-2147-3328,서울특별시 송파구청,2022-12-13
거여2동-013,1,서울특별시 송파구 양산로10길14,서울특별시 송파구 거여2동 99-1,,,,,02-2147-3328,서울특별시 송파구청,2022-12-13
거여2동-014,1,서울특별시 송파구 양산로10길 26,서울특별시 송파구 거여2동 55,,,,,02-2147-3328,서울특별시 송파구청,2022-12-13
거여2동-015,1,서울특별시 송파구 오금로62길13,서울특별시 송파구 거여2동 51,,,,,02-2147-3328,서울특별시 송파구청,2022-12-13
거여2동-016,1,서울특별시 송파구 오금로62길15-5,서울특별시 송파구 거여2동 37-2,,,,,02-2147-3328,서울특별시 송파구청,2022-12-13
거여2동-017,1,서울특별시 송파구 오금로64길4,서울특별시 송파구 거여2동 101,,,,,02-2147-3328,서울특별시 송파구청,2022-12-13
거여2동-018,1,서울특별시 송파구 오금로64가길28,서울특별시 송파구 거여2동 111-1,,,,,02-2147-3328,서울특별시 송파구청,2022-12-13
거여2동-019,1,서울특별시 송파구 양산로11,서울특별시 송파구 거여2동 289-2,,,,,02-2147-3328,서울특별시 송파구청,2022-12-13
거여2동-020,1,서울특별시 송파구 오금로64길 8,서울특별시 송파구 거여2동 111-8,,,,,02-2147-3328,서울특별시 송파구청,2022-12-13
거여2동-021,1,서울특별시 송파구 오금로64길 3,서울특별시 송파구 거여2동 118-1,,,,,02-2147-3328,서울특별시 송파구청,2022-12-13
거여2동-022,1,서울특별시 송파구 오금로64가길5-1,서울특별시 송파구 거여2동 1-4,,,,,02-2147-3328,서울특별시 송파구청,2022-12-13
거여2동-023,1,서울특별시 송파구 오금로64가길 11,서울특별시 송파구 거여2동 3-15,,,,,02-2147-3328,서울특별시 송파구청,2022-12-13
거여2동-024,1,서울특별시 송파구 오금로64가길17,서울특별시 송파구 거여2동 119-5,,,,,02-2147-3328,서울특별시 송파구청,2022-12-13
거여2동-025,1,서울특별시 송파구 오금로64가길 14,서울특별시 송파구 거여2동 44-4,,,,,02-2147-3328,서울특별시 송파구청,2022-12-13
거여2동-026,1,서울특별시 송파구 오금로68길18,서울특별시 송파구 거여2동 86-7,,,,,02-2147-3328,서울특별시 송파구청,2022-12-13
거여2동-027,1,서울특별시 송파구 오금로64가길29-1,서울특별시 송파구 거여2동 40-12,,,,,02-2147-3328,서울특별시 송파구청,2022-12-13
거여2동-028,1,서울특별시 송파구 오금로64가길29-6,서울특별시 송파구 거여2동 41-5,,,,,02-2147-3328,서울특별시 송파구청,2022-12-13
거여2동-029,1,서울특별시 송파구 오금로64가길29-7,서울특별시 송파구 거여2동 116,,,,,02-2147-3328,서울특별시 송파구청,2022-12-13
거여2동-030,1,서울특별시 송파구 오금로68길8,서울특별시 송파구 거여2동 87-2,,,,,02-2147-3328,서울특별시 송파구청,2022-12-13
거여2동-031,1,서울특별시 송파구 오금로68길12,서울특별시 송파구 거여2동 31-4,,,,,02-2147-3328,서울특별시 송파구청,2022-12-13
거여2동-032,1,서울특별시 송파구 오금로68길8,서울특별시 송파구 거여2동 87-2,,,,,02-2147-3328,서울특별시 송파구청,2022-12-13
거여2동-033,1,서울특별시 송파구 오금로68길4,서울특별시 송파구 거여2동 52-10,,,,,02-2147-3328,서울특별시 송파구청,2022-12-13
거여2동-034,1,서울특별시 송파구 오금로68길10,서울특별시 송파구 거여2동 41-3,,,,,02-2147-3328,서울특별시 송파구청,2022-12-13
거여2동-035,1,서울특별시 송파구 오금로 544-20,서울특별시 송파구 거여2동 52-9,,,,,02-2147-3328,서울특별시 송파구청,2022-12-13
거여2동-036,1,서울특별시 송파구 오금로 544-18,서울특별시 송파구 거여2동 31-8,,,,,02-2147-3328,서울특별시 송파구청,2022-12-13
거여2동-037,1,서울특별시 송파구 오금로544-12,서울특별시 송파구 거여2동 94,,,,,02-2147-3328,서울특별시 송파구청,2022-12-13
거여2동-038,1,서울특별시 송파구 오금로544-6,서울특별시 송파구 거여2동 119-11,,,,,02-2147-3328,서울특별시 송파구청,2022-12-13
거여2동-039,1,서울특별시 송파구 오금로66길17,서울특별시 송파구 거여2동 113-17,,,,,02-2147-3328,서울특별시 송파구청,2022-12-13
거여2동-040,1,서울특별시 송파구 오금로66길 6-5,서울특별시 송파구 거여2동 550-1,,,,,02-2147-3328,서울특별시 송파구청,2022-12-13
거여2동-041,1,서울특별시 송파구 오금로44길3,서울특별시 송파구 거여2동 174-13,,,,,02-2147-3328,서울특별시 송파구청,2022-12-13
거여2동-042,1,서울특별시 송파구 오금로66길2,서울특별시 송파구 거여2동 545,,,,,02-2147-3328,서울특별시 송파구청,2022-12-13
거여2동-043,1,서울특별시 송파구 오금로66길2-1,서울특별시 송파구 거여2동 545-1,,,,,02-2147-3328,서울특별시 송파구청,2022-12-13
거여2동-044,1,서울특별시 송파구 오금로64길5,서울특별시 송파구 거여2동 546-15,,,,,02-2147-3328,서울특별시 송파구청,2022-12-13
거여2동-045,1,서울특별시 송파구 오금로64다길2,서울특별시 송파구 거여2동 547-1,,,,,02-2147-3328,서울특별시 송파구청,2022-12-13
거여2동-046,1,서울특별시 송파구 오금로64나길6,서울특별시 송파구 거여2동 547-3,,,,,02-2147-3328,서울특별시 송파구청,2022-12-13
거여2동-047,1,서울특별시 송파구 오금로64나길10,서울특별시 송파구 거여2동 548,,,,,02-2147-3328,서울특별시 송파구청,2022-12-13
거여2동-048,1,서울특별시 송파구 오금로64나길14,서울특별시 송파구 거여2동 548-5,,,,,02-2147-3328,서울특별시 송파구청,2022-12-13
거여2동-049,1,서울특별시 송파구 오금로64나길16-1,서울특별시 송파구 거여2동 548-8,,,,,02-2147-3328,서울특별시 송파구청,2022-12-13
거여2동-050,1,서울특별시 송파구 오금로68길24,서울특별시 송파구 거여2동 549-15,,,,,02-2147-3328,서울특별시 송파구청,2022-12-13
거여2동-051,1,서울특별시 송파구 오금로68길26,서울특별시 송파구 거여2동 548-15,,,,,02-2147-3328,서울특별시 송파구청,2022-12-13
거여2동-052,1,서울특별시 송파구 오금로68길28,서울특별시 송파구 거여2동 548-32,,,,,02-2147-3328,서울특별시 송파구청,2022-12-13
거여2동-053,1,서울특별시 송파구 오금로64다길 20,서울특별시 송파구 거여2동 258-68,,,,,02-2147-3328,서울특별시 송파구청,2022-12-13
거여2동-054,1,서울특별시 송파구 오금로64다길16,서울특별시 송파구 거여2동 258-57,,,,,02-2147-3328,서울특별시 송파구청,2022-12-13
거여2동-055,1,서울특별시 송파구 오금로64다길14-1,서울특별시 송파구 거여2동 258-53,,,,,02-2147-3328,서울특별시 송파구청,2022-12-13
거여2동-056,1,서울특별시 송파구 오금로64다길8-1,서울특별시 송파구 거여2동 258-40,,,,,02-2147-3328,서울특별시 송파구청,2022-12-13
거여2동-057,1,서울특별시 송파구 오금로64다길6,서울특별시 송파구 거여2동 258-32,,,,,02-2147-3328,서울특별시 송파구청,2022-12-13
거여2동-058,1,서울특별시 송파구 오금로64길9,서울특별시 송파구 거여2동 258-28,,,,,02-2147-3328,서울특별시 송파구청,2022-12-13
거여2동-059,1,서울특별시 송파구 성내천로63길4-5,서울특별시 송파구 거여2동 576,,,,,02-2147-3328,서울특별시 송파구청,2022-12-13
거여2동-060,1,서울특별시 송파구 오금로64길11,서울특별시 송파구 거여2동 258-30,,,,,02-2147-3328,서울특별시 송파구청,2022-12-13
거여2동-061,1,서울특별시 송파구 오금로64라길4-2,서울특별시 송파구 거여2동 258-107,,,,,02-2147-3328,서울특별시 송파구청,2022-12-13
거여2동-062,1,서울특별시 송파구 오금로64마길6,서울특별시 송파구 거여2동 258-153,,,,,02-2147-3328,서울특별시 송파구청,2022-12-13
거여2동-063,1,서울특별시 송파구 오금로64마길6,서울특별시 송파구 거여2동 258-153,,,,,02-2147-3328,서울특별시 송파구청,2022-12-13
거여2동-064,1,서울특별시 송파구 오금로64길17,서울특별시 송파구 거여2동 258-141,,,,,02-2147-3328,서울특별시 송파구청,2022-12-13
거여2동-065,1,서울특별시 송파구 오금로64길15,서울특별시 송파구 거여2동 258-116,,,,,02-2147-3328,서울특별시 송파구청,2022-12-13
거여2동-066,1,서울특별시 송파구 오금로64라길10,서울특별시 송파구 거여2동 258-99,,,,,02-2147-3328,서울특별시 송파구청,2022-12-13
거여2동-067,1,서울특별시 송파구 오금로64라길11-1,서울특별시 송파구 거여2동 258-54,,,,,02-2147-3328,서울특별시 송파구청,2022-12-13
거여2동-068,1,서울특별시 송파구 오금로64라길15-1,서울특별시 송파구 거여2동 258-63,,,,,02-2147-3328,서울특별시 송파구청,2022-12-13
거여2동-069,1,서울특별시 송파구 오금로64라길 19,서울특별시 송파구 거여2동 258-71,,,,,02-2147-3328,서울특별시 송파구청,2022-12-13
거여2동-070,1,서울특별시 송파구 오금로64마길 17-2,서울특별시 송파구 거여2동 258-74,,,,,02-2147-3328,서울특별시 송파구청,2022-12-13
거여2동-071,1,서울특별시 송파구 양산로8길 45,서울특별시 송파구 거여2동 258-119,,,,,02-2147-3328,서울특별시 송파구청,2022-12-13
거여2동-072,1,서울특별시 송파구 오금로64마길16,서울특별시 송파구 거여2동 258-125,,,,,02-2147-3328,서울특별시 송파구청,2022-12-13
거여2동-073,1,서울특별시 송파구 오금로64마길13,서울특별시 송파구 거여2동 258-125,,,,,02-2147-3328,서울특별시 송파구청,2022-12-13
거여2동-074,1,서울특별시 송파구 오금로64마길 8,서울특별시 송파구 거여2동 258-134,,,,,02-2147-3328,서울특별시 송파구청,2022-12-13
거여2동-075,1,서울특별시 송파구 양산로10길8,서울특별시 송파구 거여2동 568,,,,,02-2147-3328,서울특별시 송파구청,2022-12-13
거여2동-076,1,서울특별시 송파구 거마로2길 3-4,서울특별시 송파구 거여2동 40,,,,,02-2147-3328,서울특별시 송파구청,2022-12-13
거여2동-077,1,서울특별시 송파구 오금로64나길,서울특별시 송파구 거여2동 225-122,,,,,02-2147-3328,서울특별시 송파구청,2022-12-13
거여2동-078,1,서울특별시 송파구 오금로644길 26-1,서울특별시 송파구 거여2동 225-123,,,,,02-2147-3328,서울특별시 송파구청,2022-12-13
거여2동-079,1,서울특별시 송파구 거마로2길38,서울특별시 송파구 거여2동 35-17,,,,,02-2147-3328,서울특별시 송파구청,2022-12-13
거여2동-080,1,서울특별시 송파구 오금로64나길27,서울특별시 송파구 거여2동 225-114,,,,,02-2147-3328,서울특별시 송파구청,2022-12-13
마천1동-001,1,서울특별시 송파구 마천로57길20-9,서울특별시 송파구 마천1동 301-33,,,,,02-2147-3328,서울특별시 송파구청,2022-12-13
마천1동-002,1,서울특별시 송파구 마천로51길32-7,서울특별시 송파구 마천1동 190-20,,,,,02-2147-3328,서울특별시 송파구청,2022-12-13
마천1동-003,1,서울특별시 송파구 마천로51길32-32,서울특별시 송파구 마천1동 186-3,,,,,02-2147-3328,서울특별시 송파구청,2022-12-13
마천1동-004,1,서울특별시 송파구 성내천로42길2,서울특별시 송파구 마천1동 188-12,,,,,02-2147-3328,서울특별시 송파구청,2022-12-13
마천1동-005,1,서울특별시 송파구 성내천로42길5,서울특별시 송파구 마천1동 186-5,,,,,02-2147-3328,서울특별시 송파구청,2022-12-13
마천1동-006,1,서울특별시 송파구 성내천로42길3-5,서울특별시 송파구 마천1동 187-2,,,,,02-2147-3328,서울특별시 송파구청,2022-12-13
마천1동-007,1,서울특별시 송파구 성내천로42길272,서울특별시 송파구 마천1동 187-12,,,,,02-2147-3328,서울특별시 송파구청,2022-12-13
마천1동-008,1,서울특별시 송파구 성내천로42길272-3,서울특별시 송파구 마천1동 186-18,,,,,02-2147-3328,서울특별시 송파구청,2022-12-13
마천1동-009,1,서울특별시 송파구 마천로57길30,서울특별시 송파구 마천1동 299-16,,,,,02-2147-3328,서울특별시 송파구청,2022-12-13
마천1동-010,1,서울특별시 송파구 마천로57길23-5,서울특별시 송파구 마천1동 184-3,,,,,02-2147-3328,서울특별시 송파구청,2022-12-13
마천1동-011,1,서울특별시 송파구 마천로57길23-8,서울특별시 송파구 마천1동 300-24,,,,,02-2147-3328,서울특별시 송파구청,2022-12-13
마천1동-012,1,서울특별시 송파구 마천로57길23-5,서울특별시 송파구 마천1동 301-3,,,,,02-2147-3328,서울특별시 송파구청,2022-12-13
마천1동-013,1,서울특별시 송파구 마천로57길25,서울특별시 송파구 마천1동 300-29,,,,,02-2147-3328,서울특별시 송파구청,2022-12-13
마천1동-014,1,서울특별시 송파구 마천로57길21,서울특별시 송파구 마천1동 302-11,,,,,02-2147-3328,서울특별시 송파구청,2022-12-13
마천1동-015,1,서울특별시 송파구 마천로57길21,서울특별시 송파구 마천1동 302-11,,,,,02-2147-3328,서울특별시 송파구청,2022-12-13
마천1동-016,1,서울특별시 송파구 마천로61바길23-1,서울특별시 송파구 마천1동 302-9,,,,,02-2147-3328,서울특별시 송파구청,2022-12-13
마천1동-017,1,서울특별시 송파구 성내천로42길15,서울특별시 송파구 마천1동 184-8,,,,,02-2147-3328,서울특별시 송파구청,2022-12-13
마천1동-018,1,서울특별시 송파구 성내천로42길9,서울특별시 송파구 마천1동 299-37,,,,,02-2147-3328,서울특별시 송파구청,2022-12-13
마천1동-019,1,서울특별시 송파구 성내천로42길5,서울특별시 송파구 마천1동 184-36,,,,,02-2147-3328,서울특별시 송파구청,2022-12-13
마천1동-020,1,서울특별시 송파구 성내천로42길5-4,서울특별시 송파구 마천1동 184-2,,,,,02-2147-3328,서울특별시 송파구청,2022-12-13
마천1동-021,1,서울특별시 송파구 마천로61바길30,서울특별시 송파구 마천1동 184-26,,,,,02-2147-3328,서울특별시 송파구청,2022-12-13
마천1동-022,1,서울특별시 송파구 마천로61바길30-7,서울특별시 송파구 마천1동 184-23,,,,,02-2147-3328,서울특별시 송파구청,2022-12-13
마천1동-023,1,서울특별시 송파구 마천로61바길30-6,서울특별시 송파구 마천1동 184-28,,,,,02-2147-3328,서울특별시 송파구청,2022-12-13
마천1동-024,1,서울특별시 송파구 마천로61바길30-1,서울특별시 송파구 마천1동 184-46,,,,,02-2147-3328,서울특별시 송파구청,2022-12-13
마천1동-025,1,서울특별시 송파구 마천로61바길32-1,서울특별시 송파구 마천1동 184-16,,,,,02-2147-3328,서울특별시 송파구청,2022-12-13
마천1동-026,1,서울특별시 송파구 마천로61바길32-7,서울특별시 송파구 마천1동 184-13,,,,,02-2147-3328,서울특별시 송파구청,2022-12-13
마천1동-027,1,서울특별시 송파구 마천로51길 301,서울특별시 송파구 마천1동 184-46,,,,,02-2147-3328,서울특별시 송파구청,2022-12-13
마천1동-028,1,서울특별시 송파구 마천로61바길36-4,서울특별시 송파구 마천1동 184-11,,,,,02-2147-3328,서울특별시 송파구청,2022-12-13
마천1동-029,1,서울특별시 송파구 마천로41길32,서울특별시 송파구 마천1동 178-1,,,,,02-2147-3328,서울특별시 송파구청,2022-12-13
마천1동-030,1,서울특별시 송파구 마천로51길16-6,서울특별시 송파구 마천1동 178-70,,,,,02-2147-3328,서울특별시 송파구청,2022-12-13
마천1동-031,1,서울특별시 송파구 마천로51길14,서울특별시 송파구 마천1동 178-71,,,,,02-2147-3328,서울특별시 송파구청,2022-12-13
마천1동-032,1,서울특별시 송파구 마천로41길22,서울특별시 송파구 마천1동 128-5,,,,,02-2147-3328,서울특별시 송파구청,2022-12-13
마천1동-033,1,서울특별시 송파구 거마로20길40,서울특별시 송파구 마천1동 128-130,,,,,02-2147-3328,서울특별시 송파구청,2022-12-13
마천1동-034,1,서울특별시 송파구 거마로20길40-1,서울특별시 송파구 마천1동 128-128,,,,,02-2147-3328,서울특별시 송파구청,2022-12-13
마천1동-035,1,서울특별시 송파구 거마로29길39,서울특별시 송파구 마천1동 128-71,,,,,02-2147-3328,서울특별시 송파구청,2022-12-13
마천1동-036,1,서울특별시 송파구 마천로303,서울특별시 송파구 마천1동 128-10,,,,,02-2147-3328,서울특별시 송파구청,2022-12-13
마천1동-037,1,서울특별시 송파구 마천로303,서울특별시 송파구 마천1동 128-10,,,,,02-2147-3328,서울특별시 송파구청,2022-12-13
마천1동-038,1,서울특별시 송파구 마천로51길8,서울특별시 송파구 마천1동 183-46,,,,,02-2147-3328,서울특별시 송파구청,2022-12-13
마천1동-039,1,서울특별시 송파구 마천로61다길33-6,서울특별시 송파구 마천1동 181-4,,,,,02-2147-3328,서울특별시 송파구청,2022-12-13
마천1동-040,1,서울특별시 송파구 마천로61다길33-3,서울특별시 송파구 마천1동 180-2,,,,,02-2147-3328,서울특별시 송파구청,2022-12-13
마천1동-041,1,서울특별시 송파구 마천로61다길29,서울특별시 송파구 마천1동 180-4,,,,,02-2147-3328,서울특별시 송파구청,2022-12-13
마천1동-042,1,서울특별시 송파구 마천로61다길28-7,서울특별시 송파구 마천1동 183-56,,,,,02-2147-3328,서울특별시 송파구청,2022-12-13
마천1동-043,1,서울특별시 송파구 마천로61다길25-4,서울특별시 송파구 마천1동 183-66,,,,,02-2147-3328,서울특별시 송파구청,2022-12-13
마천1동-044,1,서울특별시 송파구 마천로61다길25,서울특별시 송파구 마천1동 183-24,,,,,02-2147-3328,서울특별시 송파구청,2022-12-13
마천1동-045,1,서울특별시 송파구 마천로61다길23,서울특별시 송파구 마천1동 183-24,,,,,02-2147-3328,서울특별시 송파구청,2022-12-13
마천1동-046,1,서울특별시 송파구 마천로61마길12-18,서울특별시 송파구 마천1동 373-9,,,,,02-2147-3328,서울특별시 송파구청,2022-12-13
마천1동-047,1,서울특별시 송파구 성내천로333,서울특별시 송파구 마천1동 329-20,,,,,02-2147-3328,서울특별시 송파구청,2022-12-13
마천1동-048,1,서울특별시 송파구 마천로61다길24,서울특별시 송파구 마천1동 183-4,,,,,02-2147-3328,서울특별시 송파구청,2022-12-13
마천1동-049,1,서울특별시 송파구 마천로57길 12,서울특별시 송파구 마천1동 183-4,,,,,02-2147-3328,서울특별시 송파구청,2022-12-13
마천1동-050,1,서울특별시 송파구 마천로57길 14,서울특별시 송파구 마천1동 183-24,,,,,02-2147-3328,서울특별시 송파구청,2022-12-13
마천1동-051,1,서울특별시 송파구 마천로57길 17,서울특별시 송파구 마천1동 183-24,,,,,02-2147-3328,서울특별시 송파구청,2022-12-13
마천1동-052,1,서울특별시 송파구 마천로57길 17,서울특별시 송파구 마천1동 183-24,,,,,02-2147-3328,서울특별시 송파구청,2022-12-13
마천1동-053,1,서울특별시 송파구 마천로61다길4,서울특별시 송파구 마천1동 183-24,,,,,02-2147-3328,서울특별시 송파구청,2022-12-13
마천1동-054,1,서울특별시 송파구 마천로61다길24,서울특별시 송파구 마천1동 183-4,,,,,02-2147-3328,서울특별시 송파구청,2022-12-13
마천1동-055,1,서울특별시 송파구 마천로51길16-15,서울특별시 송파구 마천1동 183-1,,,,,02-2147-3328,서울특별시 송파구청,2022-12-13
마천1동-056,1,서울특별시 송파구 마천로57길22,서울특별시 송파구 마천1동 302-9,,,,,02-2147-3328,서울특별시 송파구청,2022-12-13
마천1동-057,1,서울특별시 송파구 마천로61바길16,서울특별시 송파구 마천1동 301-28,,,,,02-2147-3328,서울특별시 송파구청,2022-12-13
마천1동-058,1,서울특별시 송파구 마천로61바길16-10,서울특별시 송파구 마천1동 299-9,,,,,02-2147-3328,서울특별시 송파구청,2022-12-13
마천1동-059,1,서울특별시 송파구 마천로61바길16-12,서울특별시 송파구 마천1동 299-10,,,,,02-2147-3328,서울특별시 송파구청,2022-12-13
마천1동-060,1,서울특별시 송파구 마천로57길28-9,서울특별시 송파구 마천1동 211-17,,,,,02-2147-3328,서울특별시 송파구청,2022-12-13
마천1동-061,1,서울특별시 송파구 마천로57길28-14,서울특별시 송파구 마천1동 299-11,,,,,02-2147-3328,서울특별시 송파구청,2022-12-13
마천1동-062,1,서울특별시 송파구 마천로57길6-8,서울특별시 송파구 마천1동 300-41,,,,,02-2147-3328,서울특별시 송파구청,2022-12-13
마천1동-063,1,서울특별시 송파구 성내천로44길6-9,서울특별시 송파구 마천1동 300-13,,,,,02-2147-3328,서울특별시 송파구청,2022-12-13
마천1동-064,1,서울특별시 송파구 성내천로44길6,서울특별시 송파구 마천1동 300-44,,,,,02-2147-3328,서울특별시 송파구청,2022-12-13
마천1동-065,1,서울특별시 송파구 성내천로44길5,서울특별시 송파구 마천1동 300-49,,,,,02-2147-3328,서울특별시 송파구청,2022-12-13
마천1동-066,1,서울특별시 송파구 마천로57길28-6,서울특별시 송파구 마천1동 299-47,,,,,02-2147-3328,서울특별시 송파구청,2022-12-13
마천1동-067,1,서울특별시 송파구 마천로61바길14-2,서울특별시 송파구 마천1동 301-34,,,,,02-2147-3328,서울특별시 송파구청,2022-12-13
마천1동-068,1,서울특별시 송파구 마천로61바길9,서울특별시 송파구 마천1동 301-26,,,,,02-2147-3328,서울특별시 송파구청,2022-12-13
마천1동-069,1,서울특별시 송파구 성내천로46길6-5,서울특별시 송파구 마천1동 314-5,,,,,02-2147-3328,서울특별시 송파구청,2022-12-13
마천1동-070,1,서울특별시 송파구 마천로61길25,서울특별시 송파구 마천1동 341-2,,,,,02-2147-3328,서울특별시 송파구청,2022-12-13
마천1동-071,1,서울특별시 송파구 성내천로314,서울특별시 송파구 마천1동 319,,,,,02-2147-3328,서울특별시 송파구청,2022-12-13
마천1동-072,1,서울특별시 송파구 마천로61바길5,서울특별시 송파구 마천1동 311-126,,,,,02-2147-3328,서울특별시 송파구청,2022-12-13
마천1동-073,1,서울특별시 송파구 마천로61바길5-10,서울특별시 송파구 마천1동 313-15,,,,,02-2147-3328,서울특별시 송파구청,2022-12-13
마천1동-074,1,서울특별시 송파구 마천로61바길22,서울특별시 송파구 마천1동 311-67,,,,,02-2147-3328,서울특별시 송파구청,2022-12-13
마천1동-075,1,서울특별시 송파구 마천로61라길3-3,서울특별시 송파구 마천1동 311-134,,,,,02-2147-3328,서울특별시 송파구청,2022-12-13
마천1동-076,1,서울특별시 송파구 마천로61라길12-2,서울특별시 송파구 마천1동 311-30,,,,,02-2147-3328,서울특별시 송파구청,2022-12-13
마천1동-077,1,서울특별시 송파구 마천로61라길11-1,서울특별시 송파구 마천1동 311-100,,,,,02-2147-3328,서울특별시 송파구청,2022-12-13
마천1동-078,1,서울특별시 송파구 마천로61길10,서울특별시 송파구 마천1동 310-15,,,,,02-2147-3328,서울특별시 송파구청,2022-12-13
마천1동-079,1,서울특별시 송파구 마천로61길8-1,서울특별시 송파구 마천1동 309-41,,,,,02-2147-3328,서울특별시 송파구청,2022-12-13
마천1동-080,1,서울특별시 송파구 마천로614길5,서울특별시 송파구 마천1동 309-33,,,,,02-2147-3328,서울특별시 송파구청,2022-12-13
마천1동-081,1,서울특별시 송파구 마천로614길10,서울특별시 송파구 마천1동 309-44,,,,,02-2147-3328,서울특별시 송파구청,2022-12-13
마천1동-082,1,서울특별시 송파구 마천로614길3,서울특별시 송파구 마천1동 307-53,,,,,02-2147-3328,서울특별시 송파구청,2022-12-13
마천1동-083,1,서울특별시 송파구 마천로61나길10,서울특별시 송파구 마천1동 307-40,,,,,02-2147-3328,서울특별시 송파구청,2022-12-13
마천1동-084,1,서울특별시 송파구 마천로61나길3,서울특별시 송파구 마천1동 308-52,,,,,02-2147-3328,서울특별시 송파구청,2022-12-13
마천1동-085,1,서울특별시 송파구 마천로61다길11,서울특별시 송파구 마천1동 306-3,,,,,02-2147-3328,서울특별시 송파구청,2022-12-13
마천1동-086,1,서울특별시 송파구 마천로59길9-4,서울특별시 송파구 마천1동 305-22,,,,,02-2147-3328,서울특별시 송파구청,2022-12-13
마천1동-087,1,서울특별시 송파구 마천로59길8,서울특별시 송파구 마천1동 304-16,,,,,02-2147-3328,서울특별시 송파구청,2022-12-13
마천1동-088,1,서울특별시 송파구 마천로61바길9,서울특별시 송파구 마천1동 301-26,,,,,02-2147-3328,서울특별시 송파구청,2022-12-13
마천1동-089,1,서울특별시 송파구 마천로61마길7-42,서울특별시 송파구 마천1동 320-16,,,,,02-2147-3328,서울특별시 송파구청,2022-12-13
마천1동-090,1,서울특별시 송파구 마천로61마길5-3,서울특별시 송파구 마천1동 311-88,,,,,02-2147-3328,서울특별시 송파구청,2022-12-13
마천1동-091,1,서울특별시 송파구 마천로61가길10,서울특별시 송파구 마천1동 308-23,,,,,02-2147-3328,서울특별시 송파구청,2022-12-13
마천1동-092,1,서울특별시 송파구 마천로61가길8-5,서울특별시 송파구 마천1동 308-24,,,,,02-2147-3328,서울특별시 송파구청,2022-12-13
마천1동-093,1,서울특별시 송파구 마천로 359-1,서울특별시 송파구 마천1동 373-4,,,,,02-2147-3328,서울특별시 송파구청,2022-12-13
마천1동-094,1,서울특별시 송파구 마천로63길1-4,서울특별시 송파구 마천1동 373-18,,,,,02-2147-3328,서울특별시 송파구청,2022-12-13
마천1동-095,1,서울특별시 송파구 마천로63길3-8,서울특별시 송파구 마천1동 376-32,,,,,02-2147-3328,서울특별시 송파구청,2022-12-13
마천1동-096,1,서울특별시 송파구 마천로65길4,서울특별시 송파구 마천1동 323-186,,,,,02-2147-3328,서울특별시 송파구청,2022-12-13
마천1동-097,1,서울특별시 송파구 마천로375-17,서울특별시 송파구 마천1동 323-19,,,,,02-2147-3328,서울특별시 송파구청,2022-12-13
마천1동-098,1,서울특별시 송파구 성내천로322-6,서울특별시 송파구 마천1동 323-178,,,,,02-2147-3328,서울특별시 송파구청,2022-12-13
마천1동-099,1,서울특별시 송파구 성내천로 306,서울특별시 송파구 마천1동 211-47,,,,,02-2147-3328,서울특별시 송파구청,2022-12-13
마천1동-100,1,서울특별시 송파구 성내천로379-7,서울특별시 송파구 마천1동 323-13,,,,,02-2147-3328,서울특별시 송파구청,2022-12-13
마천1동-101,1,서울특별시 송파구 마천로379-5,서울특별시 송파구 마천1동 323-7,,,,,02-2147-3328,서울특별시 송파구청,2022-12-13
마천1동-102,1,서울특별시 송파구 성내천로39길7,서울특별시 송파구 마천1동 202-21,,,,,02-2147-3328,서울특별시 송파구청,2022-12-13
마천1동-103,1,서울특별시 송파구 성내천로43마길5-1,서울특별시 송파구 마천1동 359-8,,,,,02-2147-3328,서울특별시 송파구청,2022-12-13
마천1동-104,1,서울특별시 송파구 성내천로43길10,서울특별시 송파구 마천1동 360-11,,,,,02-2147-3328,서울특별시 송파구청,2022-12-13
마천1동-105,1,서울특별시 송파구 성내천로47길12,서울특별시 송파구 마천1동 368-1,,,,,02-2147-3328,서울특별시 송파구청,2022-12-13
마천1동-106,1,서울특별시 송파구 성내천로43라길10,서울특별시 송파구 마천1동 361-20,,,,,02-2147-3328,서울특별시 송파구청,2022-12-13
마천1동-107,1,서울특별시 송파구 성내천로39길33-2,서울특별시 송파구 마천1동 359-50,,,,,02-2147-3328,서울특별시 송파구청,2022-12-13
마천1동-108,1,서울특별시 송파구 성내천로39길29,서울특별시 송파구 마천1동 359-25,,,,,02-2147-3328,서울특별시 송파구청,2022-12-13
마천1동-109,1,서울특별시 송파구 성내천로39길29-3,서울특별시 송파구 마천1동 359-27,,,,,02-2147-3328,서울특별시 송파구청,2022-12-13
마천1동-110,1,서울특별시 송파구 성내천로43길15,서울특별시 송파구 마천1동 358-16,,,,,02-2147-3328,서울특별시 송파구청,2022-12-13
마천1동-111,1,서울특별시 송파구 성내천로39길27-3,서울특별시 송파구 마천1동 359-29,,,,,02-2147-3328,서울특별시 송파구청,2022-12-13
마천1동-112,1,서울특별시 송파구 성내천로39길26-1,서울특별시 송파구 마천1동 358-8,,,,,02-2147-3328,서울특별시 송파구청,2022-12-13
마천1동-113,1,서울특별시 송파구 성내천로39길25,서울특별시 송파구 마천1동 359-1,,,,,02-2147-3328,서울특별시 송파구청,2022-12-13
마천1동-114,1,서울특별시 송파구 성내천39길24,서울특별시 송파구 마천1동 358-3,,,,,02-2147-3328,서울특별시 송파구청,2022-12-13
마천1동-115,1,서울특별시 송파구 성내천39길20,서울특별시 송파구 마천1동 356-4,,,,,02-2147-3328,서울특별시 송파구청,2022-12-13
마천1동-116,1,서울특별시 송파구 성내천로 14,서울특별시 송파구 마천1동 359-1,,,,,02-2147-3328,서울특별시 송파구청,2022-12-13
마천1동-117,1,서울특별시 송파구 성내천로41길 11-1,서울특별시 송파구 마천1동 354-42,,,,,02-2147-3328,서울특별시 송파구청,2022-12-13
마천1동-118,1,서울특별시 송파구 성내천로41길12,서울특별시 송파구 마천1동 354-19,,,,,02-2147-3328,서울특별시 송파구청,2022-12-13
마천1동-119,1,서울특별시 송파구 성내천로41길9-5,서울특별시 송파구 마천1동 354-16,,,,,02-2147-3328,서울특별시 송파구청,2022-12-13
마천1동-120,1,서울특별시 송파구 성내천로43다길6-2,서울특별시 송파구 마천1동 362-11,,,,,02-2147-3328,서울특별시 송파구청,2022-12-13
마천1동-121,1,서울특별시 송파구 거마로,서울특별시 송파구 마천1동 361-22,,,,,02-2147-3328,서울특별시 송파구청,2022-12-13
마천1동-122,1,서울특별시 송파구 성내천로43길3,서울특별시 송파구 마천1동 213-9,,,,,02-2147-3328,서울특별시 송파구청,2022-12-13
마천1동-123,1,서울특별시 송파구 성내천로43가길2-15,서울특별시 송파구 마천1동 216-3,,,,,02-2147-3328,서울특별시 송파구청,2022-12-13
마천1동-124,1,서울특별시 송파구 성내천로43가길1,서울특별시 송파구 마천1동 216-14,,,,,02-2147-3328,서울특별시 송파구청,2022-12-13
마천1동-125,1,서울특별시 송파구 성내천로43가길18,서울특별시 송파구 마천1동 207-41,,,,,02-2147-3328,서울특별시 송파구청,2022-12-13
마천1동-126,1,서울특별시 송파구 성내천로269-30,서울특별시 송파구 마천1동 207-39,,,,,02-2147-3328,서울특별시 송파구청,2022-12-13
마천1동-127,1,서울특별시 송파구 성내천로269-12,서울특별시 송파구 마천1동 207-32,,,,,02-2147-3328,서울특별시 송파구청,2022-12-13
마천1동-128,1,서울특별시 송파구 성내천로41길1,서울특별시 송파구 마천1동 354-2,,,,,02-2147-3328,서울특별시 송파구청,2022-12-13
마천1동-129,1,서울특별시 송파구 성내천로43라길12,서울특별시 송파구 마천1동 366-3,,,,,02-2147-3328,서울특별시 송파구청,2022-12-13
마천1동-130,1,서울특별시 송파구 성내천로43라길14-1,서울특별시 송파구 마천1동 366-5,,,,,02-2147-3328,서울특별시 송파구청,2022-12-13
마천1동-131,1,서울특별시 송파구 성내천로43라길13-6,서울특별시 송파구 마천1동 368-25,,,,,02-2147-3328,서울특별시 송파구청,2022-12-13
마천1동-132,1,서울특별시 송파구 성내천로43라길15-4,서울특별시 송파구 마천1동 368-16,,,,,02-2147-3328,서울특별시 송파구청,2022-12-13
마천1동-133,1,서울특별시 송파구 성내천로49길8,서울특별시 송파구 마천1동 364-7,,,,,02-2147-3328,서울특별시 송파구청,2022-12-13
마천1동-134,1,서울특별시 송파구 성내천로47길6,서울특별시 송파구 마천1동 364-6,,,,,02-2147-3328,서울특별시 송파구청,2022-12-13
마천1동-135,1,서울특별시 송파구 성내천로299-7,서울특별시 송파구 마천1동 364-5,,,,,02-2147-3328,서울특별시 송파구청,2022-12-13
마천1동-136,1,서울특별시 송파구 성내천로34길 24-1,서울특별시 송파구 마천1동 200-17,,,,,02-2147-3328,서울특별시 송파구청,2022-12-13
마천1동-137,1,서울특별시 송파구 마천로51길36,서울특별시 송파구 마천1동 190-38,,,,,02-2147-3328,서울특별시 송파구청,2022-12-13
마천1동-138,1,서울특별시 송파구 성내천로49길2-1,서울특별시 송파구 마천1동 284-1,,,,,02-2147-3328,서울특별시 송파구청,2022-12-13
마천1동-139,1,서울특별시 송파구 성내천로49길5,서울특별시 송파구 마천1동 286-1,,,,,02-2147-3328,서울특별시 송파구청,2022-12-13
마천1동-140,1,서울특별시 송파구 성내천55길9-1,서울특별시 송파구 마천1동 278-1,,,,,02-2147-3328,서울특별시 송파구청,2022-12-13
마천1동-141,1,서울특별시 송파구 성내천로53길3,서울특별시 송파구 마천1동 325-6,,,,,02-2147-3328,서울특별시 송파구청,2022-12-13
마천1동-142,1,서울특별시 송파구 성내천로53길3-10,서울특별시 송파구 마천1동 278-3,,,,,02-2147-3328,서울특별시 송파구청,2022-12-13
마천1동-143,1,서울특별시 송파구 성내천로53길8,서울특별시 송파구 마천1동 278-19,,,,,02-2147-3328,서울특별시 송파구청,2022-12-13
마천1동-144,1,서울특별시 송파구 성내천로43라길33,서울특별시 송파구 마천1동 279-15,,,,,02-2147-3328,서울특별시 송파구청,2022-12-13
마천1동-145,1,서울특별시 송파구 성내천로43라길32-7,서울특별시 송파구 마천1동 279-14,,,,,02-2147-3328,서울특별시 송파구청,2022-12-13
마천1동-146,1,서울특별시 송파구 성내천로53길9,서울특별시 송파구 마천1동 272-3,,,,,02-2147-3328,서울특별시 송파구청,2022-12-13
마천1동-147,1,서울특별시 송파구 성내천로55길11,서울특별시 송파구 마천1동 273-1,,,,,02-2147-3328,서울특별시 송파구청,2022-12-13
마천1동-148,1,서울특별시 송파구 성내천로43길 15,서울특별시 송파구 마천1동 565-2,,,,,02-2147-3328,서울특별시 송파구청,2022-12-13
마천1동-149,1,서울특별시 송파구 성내천로55길6,서울특별시 송파구 마천1동 278-26,,,,,02-2147-3328,서울특별시 송파구청,2022-12-13
마천1동-150,1,서울특별시 송파구 성내천로55길6,서울특별시 송파구 마천1동 278-52,,,,,02-2147-3328,서울특별시 송파구청,2022-12-13
마천1동-151,1,서울특별시 송파구 성내천로55길5,서울특별시 송파구 마천1동 278-20,,,,,02-2147-3328,서울특별시 송파구청,2022-12-13
마천1동-152,1,서울특별시 송파구 성내천로55길5,서울특별시 송파구 마천1동 278-20,,,,,02-2147-3328,서울특별시 송파구청,2022-12-13
마천1동-153,1,서울특별시 송파구 성내천로59길2,서울특별시 송파구 마천1동 330-23,,,,,02-2147-3328,서울특별시 송파구청,2022-12-13
마천1동-154,1,서울특별시 송파구 성내천로59길5-1,서울특별시 송파구 마천1동 277-27,,,,,02-2147-3328,서울특별시 송파구청,2022-12-13
마천1동-155,1,서울특별시 송파구 마천로65길 3-8,서울특별시 송파구 마천1동 376-32,,,,,02-2147-3328,서울특별시 송파구청,2022-12-13
마천1동-156,1,서울특별시 송파구 성내천로59길12-5,서울특별시 송파구 마천1동 571-3,,,,,02-2147-3328,서울특별시 송파구청,2022-12-13
마천1동-157,1,서울특별시 송파구 감이남로 5,서울특별시 송파구 마천1동 277-42,,,,,02-2147-3328,서울특별시 송파구청,2022-12-13
마천1동-158,1,서울특별시 송파구 성내천로68길,서울특별시 송파구 마천1동 576,,,,,02-2147-3328,서울특별시 송파구청,2022-12-13
마천1동-159,1,서울특별시 송파구 성내천로63길 4,서울특별시 송파구 마천1동 576,,,,,02-2147-3328,서울특별시 송파구청,2022-12-13
마천1동-160,1,서울특별시 송파구 성내천로337-10,서울특별시 송파구 마천1동 277-3,,,,,02-2147-3328,서울특별시 송파구청,2022-12-13
마천1동-161,1,서울특별시 송파구 감이남로7,서울특별시 송파구 마천1동 571-6,,,,,02-2147-3328,서울특별시 송파구청,2022-12-13
마천1동-162,1,서울특별시 송파구 성내천로 297,서울특별시 송파구 마천1동 363-9,,,,,02-2147-3328,서울특별시 송파구청,2022-12-13
마천1동-163,1,서울특별시 송파구 마천로61길 17,서울특별시 송파구 마천1동 313-8,,,,,02-2147-3328,서울특별시 송파구청,2022-12-13
마천1동-164,1,서울특별시 송파구 마천로51길 32-18,서울특별시 송파구 마천1동 186-1,,,,,02-2147-3328,서울특별시 송파구청,2022-12-13
마천1동-165,1,서울특별시 송파구 감이남로13,서울특별시 송파구 마천1동 571-9,,,,,02-2147-3328,서울특별시 송파구청,2022-12-13
마천1동-166,1,서울특별시 송파구 마천로61나길 11-1,서울특별시 송파구 마천1동 307-30,,,,,02-2147-3328,서울특별시 송파구청,2022-12-13
마천1동-167,1,서울특별시 송파구 마천로51길 8,서울특별시 송파구 마천1동 183-46,,,,,02-2147-3328,서울특별시 송파구청,2022-12-13
마천1동-168,1,서울특별시 송파구 성내천로43길 16,서울특별시 송파구 마천1동 360-1,,,,,02-2147-3328,서울특별시 송파구청,2022-12-13
마천1동-169,1,서울특별시 송파구 마천로61다길 14-19,서울특별시 송파구 마천1동 183-18,,,,,02-2147-3328,서울특별시 송파구청,2022-12-13
마천1동-170,1,서울특별시 송파구 마천로61다길 14-13,서울특별시 송파구 마천1동 183-20,,,,,02-2147-3328,서울특별시 송파구청,2022-12-13
마천1동-171,1,서울특별시 송파구 오금로64나길 4,서울특별시 송파구 마천1동  547-2,,,,,02-2147-3328,서울특별시 송파구청,2022-12-13
마천1동-172,1,서울특별시 송파구 성내천로43다길 2,서울특별시 송파구 마천1동  362-3,,,,,02-2147-3328,서울특별시 송파구청,2022-12-13
마천1동-173,1,서울특별시 송파구 성내천로43길11,서울특별시 송파구 마천1동  357-27,,,,,02-2147-3328,서울특별시 송파구청,2022-12-13
마천1동-174,1,서울특별시 송파구 마천로61길15,서울특별시 송파구 마천1동  311-11,,,,,02-2147-3328,서울특별시 송파구청,2022-12-13
마천1동-175,1,서울특별시 송파구 성내천로59길6,서울특별시 송파구 마천1동  277-18,,,,,02-2147-3328,서울특별시 송파구청,2022-12-13
마천1동-176,1,서울특별시 송파구 성내천로306,서울특별시 송파구 마천1동  211-45,,,,,02-2147-3328,서울특별시 송파구청,2022-12-13
마천1동-177,1,서울특별시 송파구 성내천로306,서울특별시 송파구 마천1동  211-45,,,,,02-2147-3328,서울특별시 송파구청,2022-12-13
마천1동-178,1,서울특별시 송파구 성내천로43라길7,서울특별시 송파구 마천1동  360-10,,,,,02-2147-3328,서울특별시 송파구청,2022-12-13
마천1동-179,1,서울특별시 송파구 마천로61가길2,서울특별시 송파구 마천1동  308-33,,,,,02-2147-3328,서울특별시 송파구청,2022-12-13
마천1동-180,1,서울특별시 송파구 성내천로44길3,서울특별시 송파구 마천1동 211-147,,,,,02-2147-3328,서울특별시 송파구청,2022-12-13
마천1동-181,1,서울특별시 송파구 성내천로326,서울특별시 송파구 마천1동 323-11,,,,,02-2147-3328,서울특별시 송파구청,2022-12-13
마천1동-182,1,서울특별시 송파구 마천로61바길 10,서울특별시 송파구 마천1동 300-15,,,,,02-2147-3328,서울특별시 송파구청,2022-12-13
마천1동-183,1,서울특별시 송파구 성내천로43나길13-1,서울특별시 송파구 마천1동 357-10,,,,,02-2147-3328,서울특별시 송파구청,2022-12-13
마천1동-184,1,서울특별시 송파구 마천로61길 5,서울특별시 송파구 마천1동 308-45,,,,,02-2147-3328,서울특별시 송파구청,2022-12-13
마천1동-185,1,서울특별시 송파구 성내천로47길 2,서울특별시 송파구 마천1동  364-3,,,,,02-2147-3328,서울특별시 송파구청,2022-12-13
마천1동-186,1,서울특별시 송파구 마천로51길 32-28,서울특별시 송파구 마천1동  186-14,,,,,02-2147-3328,서울특별시 송파구청,2022-12-13
마천1동-187,1,서울특별시 송파구 성내천로44길2-3,서울특별시 송파구 마천1동  299-40,,,,,02-2147-3328,서울특별시 송파구청,2022-12-13
마천1동-188,1,서울특별시 송파구 마천로61마길7-5,서울특별시 송파구 마천1동  311-136,,,,,02-2147-3328,서울특별시 송파구청,2022-12-13
마천1동-189,1,서울특별시 송파구 성내천로57길 8,서울특별시 송파구 마천1동  277-1,,,,,02-2147-3328,서울특별시 송파구청,2022-12-13
마천1동-190,1,서울특별시 송파구 마천로61마길7-18,서울특별시 송파구 마천1동  311-3,,,,,02-2147-3328,서울특별시 송파구청,2022-12-13
마천1동-191,1,서울특별시 송파구 성내천로43나길 13-8,서울특별시 송파구 마천1동  357-12,,,,,02-2147-3328,서울특별시 송파구청,2022-12-13
마천1동-192,1,서울특별시 송파구 마천로63길 7-2,서울특별시 송파구 마천1동  128-5,,,,,02-2147-3328,서울특별시 송파구청,2022-12-13
마천1동-193,1,서울특별시 송파구 마천로65길 4,서울특별시 송파구 마천1동  323-197,,,,,02-2147-3328,서울특별시 송파구청,2022-12-13
마천1동-194,1,서울특별시 송파구 마천로51길25,서울특별시 송파구 마천1동  278-11,,,,,02-2147-3328,서울특별시 송파구청,2022-12-13
마천1동-195,1,서울특별시 송파구 성내천로322-3,서울특별시 송파구 마천1동  323-178,,,,,02-2147-3328,서울특별시 송파구청,2022-12-13
마천1동-196,1,서울특별시 송파구 성내천로53길3,서울특별시 송파구 마천1동  278-16,,,,,02-2147-3328,서울특별시 송파구청,2022-12-13
마천1동-197,1,서울특별시 송파구 성내천로55길14-4,서울특별시 송파구 마천1동  274-8,,,,,02-2147-3328,서울특별시 송파구청,2022-12-13
마천1동-198,1,서울특별시 송파구 감이남로19,서울특별시 송파구 마천1동  278-4,,,,,02-2147-3328,서울특별시 송파구청,2022-12-13
마천1동-199,1,서울특별시 송파구 마천로51길25,서울특별시 송파구 마천1동  175,,,,,02-2147-3328,서울특별시 송파구청,2022-12-13
마천1동-200,1,서울특별시 송파구 마천로61마길1-3,서울특별시 송파구 마천1동  311-83,,,,,02-2147-3328,서울특별시 송파구청,2022-12-13
마천1동-201,1,서울특별시 송파구 성내천로337-18,서울특별시 송파구 마천1동 277-21,,,,,02-2147-3328,서울특별시 송파구청,2022-12-13
마천1동-202,1,서울특별시 송파구 성내천로63길13,서울특별시 송파구 마천1동 330-20,,,,,02-2147-3328,서울특별시 송파구청,2022-12-13
마천1동-203,1,서울특별시 송파구 감이남로 5,서울특별시 송파구 마천1동 277-42,,,,,02-2147-3328,서울특별시 송파구청,2022-12-13
마천1동-204,1,서울특별시 송파구 성내천로42길5-11,서울특별시 송파구 마천1동 299-23,,,,,02-2147-3328,서울특별시 송파구청,2022-12-13
마천1동-205,1,서울특별시 송파구 마천로51길9-16,서울특별시 송파구 마천1동 183-36,,,,,02-2147-3328,서울특별시 송파구청,2022-12-13
마천1동-206,1,서울특별시 송파구 마천로61다길 4-3,서울특별시 송파구 마천1동 309-36,,,,,02-2147-3328,서울특별시 송파구청,2022-12-13
마천1동-207,1,서울특별시 송파구 성내천로35길5,서울특별시 송파구 마천1동 278-16,,,,,02-2147-3328,서울특별시 송파구청,2022-12-13
마천1동-208,1,서울특별시 송파구 성내천로55길14-4,서울특별시 송파구 마천1동 274-8,,,,,02-2147-3328,서울특별시 송파구청,2022-12-13
마천1동-209,1,서울특별시 송파구 감이남로19,서울특별시 송파구 마천1동 278-4,,,,,02-2147-3328,서울특별시 송파구청,2022-12-13
마천1동-210,1,서울특별시 송파구 마천로51길25,서울특별시 송파구 마천1동 175,,,,,02-2147-3328,서울특별시 송파구청,2022-12-13
마천1동-211,1,서울특별시 송파구 성내천로63길13,서울특별시 송파구 마천1동 330-20,,,,,02-2147-3328,서울특별시 송파구청,2022-12-13
마천2동-001,1,서울특별시 송파구 성내천로,서울특별시 송파구 마천2동 1-8,,,,,02-2147-3328,서울특별시 송파구청,2022-12-13
마천2동-002,1,서울특별시 송파구 성내천로23가길14-17,서울특별시 송파구 마천2동 1-8,,,,,02-2147-3328,서울특별시 송파구청,2022-12-13
마천2동-003,1,서울특별시 송파구 성내천로,서울특별시 송파구 마천2동 1-8,,,,,02-2147-3328,서울특별시 송파구청,2022-12-13
마천2동-004,1,서울특별시 송파구 성내천로,서울특별시 송파구 마천2동 1-8,,,,,02-2147-3328,서울특별시 송파구청,2022-12-13
마천2동-005,1,서울특별시 송파구 성내천로23가길3,서울특별시 송파구 마천2동 14-1,,,,,02-2147-3328,서울특별시 송파구청,2022-12-13
마천2동-006,1,서울특별시 송파구 성내천로23가길26-1,서울특별시 송파구 마천2동 14-19,,,,,02-2147-3328,서울특별시 송파구청,2022-12-13
마천2동-007,1,서울특별시 송파구 성내천로23가길26-1,서울특별시 송파구 마천2동 14-17,,,,,02-2147-3328,서울특별시 송파구청,2022-12-13
마천2동-008,1,서울특별시 송파구 성내천로23가길28-7,서울특별시 송파구 마천2동 15-1,,,,,02-2147-3328,서울특별시 송파구청,2022-12-13
마천2동-009,1,서울특별시 송파구 성내천로23길28-11,서울특별시 송파구 마천2동 15-4,,,,,02-2147-3328,서울특별시 송파구청,2022-12-13
마천2동-010,1,서울특별시 송파구 성내천로23길28-6,서울특별시 송파구 마천2동 14-15,,,,,02-2147-3328,서울특별시 송파구청,2022-12-13
마천2동-011,1,서울특별시 송파구 성내천로23길28-30,서울특별시 송파구 마천2동 16-9,,,,,02-2147-3328,서울특별시 송파구청,2022-12-13
마천2동-012,1,서울특별시 송파구 성내천로23길28-30,서울특별시 송파구 마천2동 15-10,,,,,02-2147-3328,서울특별시 송파구청,2022-12-13
마천2동-013,1,서울특별시 송파구 성내천로23길22,서울특별시 송파구 마천2동 13-7,,,,,02-2147-3328,서울특별시 송파구청,2022-12-13
마천2동-014,1,서울특별시 송파구 성내천로23길22,서울특별시 송파구 마천2동 10-3,,,,,02-2147-3328,서울특별시 송파구청,2022-12-13
마천2동-015,1,서울특별시 송파구 성내천로27길 44,서울특별시 송파구 마천2동 13-6,,,,,02-2147-3328,서울특별시 송파구청,2022-12-13
마천2동-016,1,서울특별시 송파구 성내천로23길12,서울특별시 송파구 마천2동 11,,,,,02-2147-3328,서울특별시 송파구청,2022-12-13
마천2동-017,1,서울특별시 송파구 성내천로27길 36,서울특별시 송파구 마천2동 13-2,,,,,02-2147-3328,서울특별시 송파구청,2022-12-13
마천2동-018,1,서울특별시 송파구 성내천로27길 34,서울특별시 송파구 마천2동 13-1,,,,,02-2147-3328,서울특별시 송파구청,2022-12-13
마천2동-019,1,서울특별시 송파구 거마로27길30,서울특별시 송파구 마천2동 12-1,,,,,02-2147-3328,서울특별시 송파구청,2022-12-13
마천2동-020,1,서울특별시 송파구 성내천로23길17,서울특별시 송파구 마천2동 7-7,,,,,02-2147-3328,서울특별시 송파구청,2022-12-13
마천2동-021,1,서울특별시 송파구 성내천로23길6-8,서울특별시 송파구 마천2동 7-9,,,,,02-2147-3328,서울특별시 송파구청,2022-12-13
마천2동-022,1,서울특별시 송파구 성내천로23길6-8,서울특별시 송파구 마천2동 7-9,,,,,02-2147-3328,서울특별시 송파구청,2022-12-13
마천2동-023,1,서울특별시 송파구 성내천로23가길14-1,서울특별시 송파구 마천2동 2-2,,,,,02-2147-3328,서울특별시 송파구청,2022-12-13
마천2동-024,1,서울특별시 송파구 거마로20길42,서울특별시 송파구 마천2동 128-107,,,,,02-2147-3328,서울특별시 송파구청,2022-12-13
마천2동-025,1,서울특별시 송파구 거마로27길11-2,서울특별시 송파구 마천2동 5-5,,,,,02-2147-3328,서울특별시 송파구청,2022-12-13
마천2동-026,1,서울특별시 송파구 마천로31길10,서울특별시 송파구 마천2동 17-20,,,,,02-2147-3328,서울특별시 송파구청,2022-12-13
마천2동-027,1,서울특별시 송파구 성내천로21길12,서울특별시 송파구 마천2동 20,,,,,02-2147-3328,서울특별시 송파구청,2022-12-13
마천2동-028,1,서울특별시 송파구 성내천로21길165,서울특별시 송파구 마천2동 8,,,,,02-2147-3328,서울특별시 송파구청,2022-12-13
마천2동-029,1,서울특별시 송파구 마천로35길15-13,서울특별시 송파구 마천2동 19-17,,,,,02-2147-3328,서울특별시 송파구청,2022-12-13
마천2동-030,1,서울특별시 송파구 성내천로21길20-11,서울특별시 송파구 마천2동 18-4,,,,,02-2147-3328,서울특별시 송파구청,2022-12-13
마천2동-031,1,서울특별시 송파구 성내천로21길20-2,서울특별시 송파구 마천2동 19-1,,,,,02-2147-3328,서울특별시 송파구청,2022-12-13
마천2동-032,1,서울특별시 송파구 마천로33길12,서울특별시 송파구 마천2동 20-12,,,,,02-2147-3328,서울특별시 송파구청,2022-12-13
마천2동-033,1,서울특별시 송파구 마천로35길11-6,서울특별시 송파구 마천2동 20-7,,,,,02-2147-3328,서울특별시 송파구청,2022-12-13
마천2동-034,1,서울특별시 송파구 마천로35길11,서울특별시 송파구 마천2동 20-8,,,,,02-2147-3328,서울특별시 송파구청,2022-12-13
마천2동-035,1,서울특별시 송파구 오금로51길 56,서울특별시 송파구 마천2동 29-1,,,,,02-2147-3328,서울특별시 송파구청,2022-12-13
마천2동-036,1,서울특별시 송파구 성내천로21길56,서울특별시 송파구 마천2동 29-1,,,,,02-2147-3328,서울특별시 송파구청,2022-12-13
마천2동-037,1,서울특별시 송파구 오금로5길56,서울특별시 송파구 마천2동 29-1,,,,,02-2147-3328,서울특별시 송파구청,2022-12-13
마천2동-038,1,서울특별시 송파구 오금로51길 56,서울특별시 송파구 마천2동 29-1,,,,,02-2147-3328,서울특별시 송파구청,2022-12-13
마천2동-039,1,서울특별시 송파구 마천로51길 56,서울특별시 송파구 마천2동 29-1,,,,,02-2147-3328,서울특별시 송파구청,2022-12-13
마천2동-040,1,서울특별시 송파구 성내천로21길56,서울특별시 송파구 마천2동 30-4,,,,,02-2147-3328,서울특별시 송파구청,2022-12-13
마천2동-041,1,서울특별시 송파구 성내천로21길129,서울특별시 송파구 마천2동 30-3,,,,,02-2147-3328,서울특별시 송파구청,2022-12-13
마천2동-042,1,서울특별시 송파구 마천로37길5,서울특별시 송파구 마천2동 34-7,,,,,02-2147-3328,서울특별시 송파구청,2022-12-13
마천2동-043,1,서울특별시 송파구 마천로37길62,서울특별시 송파구 마천2동 35-2,,,,,02-2147-3328,서울특별시 송파구청,2022-12-13
마천2동-044,1,서울특별시 송파구 마천로61,서울특별시 송파구 마천2동 35-1,,,,,02-2147-3328,서울특별시 송파구청,2022-12-13
마천2동-045,1,서울특별시 송파구 마천로251-7,서울특별시 송파구 마천2동 33-7,,,,,02-2147-3328,서울특별시 송파구청,2022-12-13
마천2동-046,1,서울특별시 송파구 마천로37길9,서울특별시 송파구 마천2동 34-5,,,,,02-2147-3328,서울특별시 송파구청,2022-12-13
마천2동-047,1,서울특별시 송파구 성내천로22길3,서울특별시 송파구 마천2동 40,,,,,02-2147-3328,서울특별시 송파구청,2022-12-13
마천2동-048,1,서울특별시 송파구 성내천로24길1,서울특별시 송파구 마천2동 48,,,,,02-2147-3328,서울특별시 송파구청,2022-12-13
마천2동-049,1,서울특별시 송파구 거마로24길5-20,서울특별시 송파구 마천2동 46-3,,,,,02-2147-3328,서울특별시 송파구청,2022-12-13
마천2동-050,1,서울특별시 송파구 거마로22길3,서울특별시 송파구 마천2동 44,,,,,02-2147-3328,서울특별시 송파구청,2022-12-13
마천2동-051,1,서울특별시 송파구 마천로39길10,서울특별시 송파구 마천2동 120-12,,,,,02-2147-3328,서울특별시 송파구청,2022-12-13
마천2동-052,1,서울특별시 송파구 마천로39길12,서울특별시 송파구 마천2동 120-11,,,,,02-2147-3328,서울특별시 송파구청,2022-12-13
마천2동-053,1,서울특별시 송파구 마천로39길5,서울특별시 송파구 마천2동 93-11,,,,,02-2147-3328,서울특별시 송파구청,2022-12-13
마천2동-054,1,서울특별시 송파구 마천로39길34,서울특별시 송파구 마천2동 95-27,,,,,02-2147-3328,서울특별시 송파구청,2022-12-13
마천2동-055,1,서울특별시 송파구 마천로39길38,서울특별시 송파구 마천2동 88-8,,,,,02-2147-3328,서울특별시 송파구청,2022-12-13
마천2동-056,1,서울특별시 송파구 성내천로198,서울특별시 송파구 마천2동 90-27,,,,,02-2147-3328,서울특별시 송파구청,2022-12-13
마천2동-057,1,서울특별시 송파구 마천로51가길48-14,서울특별시 송파구 마천2동 88-34,,,,,02-2147-3328,서울특별시 송파구청,2022-12-13
마천2동-058,1,서울특별시 송파구 마천로51가길48-8,서울특별시 송파구 마천2동 88-13,,,,,02-2147-3328,서울특별시 송파구청,2022-12-13
마천2동-059,1,서울특별시 송파구 거마로24길5-17,서울특별시 송파구 마천2동 46-6,,,,,02-2147-3328,서울특별시 송파구청,2022-12-13
마천2동-060,1,서울특별시 송파구 마천로43길37,서울특별시 송파구 마천2동 84-11,,,,,02-2147-3328,서울특별시 송파구청,2022-12-13
마천2동-061,1,서울특별시 송파구 마천로39길38-18,서울특별시 송파구 마천2동 84,,,,,02-2147-3328,서울특별시 송파구청,2022-12-13
마천2동-062,1,서울특별시 송파구 마천로39길38-16,서울특별시 송파구 마천2동 85,,,,,02-2147-3328,서울특별시 송파구청,2022-12-13
마천2동-063,1,서울특별시 송파구 마천로39길38-16,서울특별시 송파구 마천2동 85,,,,,02-2147-3328,서울특별시 송파구청,2022-12-13
마천2동-064,1,서울특별시 송파구 마천로43길29-1,서울특별시 송파구 마천2동 85-12,,,,,02-2147-3328,서울특별시 송파구청,2022-12-13
마천2동-065,1,서울특별시 송파구 마천로43길27,서울특별시 송파구 마천2동 173,,,,,02-2147-3328,서울특별시 송파구청,2022-12-13
마천2동-066,1,서울특별시 송파구 마천로43길25,서울특별시 송파구 마천2동 142-18,,,,,02-2147-3328,서울특별시 송파구청,2022-12-13
마천2동-067,1,서울특별시 송파구 거마로24길29,서울특별시 송파구 마천2동 85-13,,,,,02-2147-3328,서울특별시 송파구청,2022-12-13
마천2동-068,1,서울특별시 송파구 마천로43길32,서울특별시 송파구 마천2동 84-6,,,,,02-2147-3328,서울특별시 송파구청,2022-12-13
마천2동-069,1,서울특별시 송파구 마천로43길26-4,서울특별시 송파구 마천2동 142-8,,,,,02-2147-3328,서울특별시 송파구청,2022-12-13
마천2동-070,1,서울특별시 송파구 마천로43길26-8,서울특별시 송파구 마천2동 142-7,,,,,02-2147-3328,서울특별시 송파구청,2022-12-13
마천2동-071,1,서울특별시 송파구 마천로43길20-7,서울특별시 송파구 마천2동 141-4,,,,,02-2147-3328,서울특별시 송파구청,2022-12-13
마천2동-072,1,서울특별시 송파구 거마로22길25,서울특별시 송파구 마천2동 141-20,,,,,02-2147-3328,서울특별시 송파구청,2022-12-13
마천2동-073,1,서울특별시 송파구 거마로22길23,서울특별시 송파구 마천2동 141-16,,,,,02-2147-3328,서울특별시 송파구청,2022-12-13
마천2동-074,1,서울특별시 송파구 마천로43길17,서울특별시 송파구 마천2동 124-21,,,,,02-2147-3328,서울특별시 송파구청,2022-12-13
마천2동-075,1,서울특별시 송파구 마천로43길18,서울특별시 송파구 마천2동 141-13,,,,,02-2147-3328,서울특별시 송파구청,2022-12-13
마천2동-076,1,서울특별시 송파구 마천로43길21,서울특별시 송파구 마천2동 124-18,,,,,02-2147-3328,서울특별시 송파구청,2022-12-13
마천2동-077,1,서울특별시 송파구 마천로43길24,서울특별시 송파구 마천2동 142-13,,,,,02-2147-3328,서울특별시 송파구청,2022-12-13
마천2동-078,1,서울특별시 송파구 마천로43길 13,서울특별시 송파구 마천2동 124-47,,,,,02-2147-3328,서울특별시 송파구청,2022-12-13
마천2동-079,1,서울특별시 송파구 거마로24길 20,서울특별시 송파구 마천2동 124-15,,,,,02-2147-3328,서울특별시 송파구청,2022-12-13
마천2동-080,1,서울특별시 송파구 거마로22길17,서울특별시 송파구 마천2동 122-4,,,,,02-2147-3328,서울특별시 송파구청,2022-12-13
마천2동-081,1,서울특별시 송파구 거마로22길15,서울특별시 송파구 마천2동 122-13,,,,,02-2147-3328,서울특별시 송파구청,2022-12-13
마천2동-082,1,서울특별시 송파구 마천로39길 20,서울특별시 송파구 마천2동 95-2,,,,,02-2147-3328,서울특별시 송파구청,2022-12-13
마천2동-083,1,서울특별시 송파구 마천로39길 24,서울특별시 송파구 마천2동 95-27,,,,,02-2147-3328,서울특별시 송파구청,2022-12-13
마천2동-084,1,서울특별시 송파구 거마로22길20,서울특별시 송파구 마천2동 131-18,,,,,02-2147-3328,서울특별시 송파구청,2022-12-13
마천2동-085,1,서울특별시 송파구 거마로22길16,서울특별시 송파구 마천2동 124-43,,,,,02-2147-3328,서울특별시 송파구청,2022-12-13
마천2동-086,1,서울특별시 송파구 거마로22길12,서울특별시 송파구 마천2동 124-40,,,,,02-2147-3328,서울특별시 송파구청,2022-12-13
마천2동-087,1,서울특별시 송파구 거마로22길10,서울특별시 송파구 마천2동 122-26,,,,,02-2147-3328,서울특별시 송파구청,2022-12-13
마천2동-088,1,서울특별시 송파구 마천로39길 16,서울특별시 송파구 마천2동 120-5,,,,,02-2147-3328,서울특별시 송파구청,2022-12-13
마천2동-089,1,서울특별시 송파구 마천로39길8,서울특별시 송파구 마천2동 118-20,,,,,02-2147-3328,서울특별시 송파구청,2022-12-13
마천2동-090,1,서울특별시 송파구 마천로39길6,서울특별시 송파구 마천2동 118-22,,,,,02-2147-3328,서울특별시 송파구청,2022-12-13
마천2동-091,1,서울특별시 송파구 마천로39길4-5,서울특별시 송파구 마천2동 118-17,,,,,02-2147-3328,서울특별시 송파구청,2022-12-13
마천2동-092,1,서울특별시 송파구 마천로39길 4-8,서울특별시 송파구 마천2동 116-1,,,,,02-2147-3328,서울특별시 송파구청,2022-12-13
마천2동-093,1,서울특별시 송파구 마천로39길4-14,서울특별시 송파구 마천2동 116-14,,,,,02-2147-3328,서울특별시 송파구청,2022-12-13
마천2동-094,1,서울특별시 송파구 마천로39길6-12,서울특별시 송파구 마천2동 118-21,,,,,02-2147-3328,서울특별시 송파구청,2022-12-13
마천2동-095,1,서울특별시 송파구 마천로39길6-12,서울특별시 송파구 마천2동 118-21,,,,,02-2147-3328,서울특별시 송파구청,2022-12-13
마천2동-096,1,서울특별시 송파구 거마로20길11-1,서울특별시 송파구 마천2동 123-12,,,,,02-2147-3328,서울특별시 송파구청,2022-12-13
마천2동-097,1,서울특별시 송파구 거마로22길10-16,서울특별시 송파구 마천2동 123-16,,,,,02-2147-3328,서울특별시 송파구청,2022-12-13
마천2동-098,1,서울특별시 송파구 거마로22길10-3,서울특별시 송파구 마천2동 124-50,,,,,02-2147-3328,서울특별시 송파구청,2022-12-13
마천2동-099,1,서울특별시 송파구 마천로43길10,서울특별시 송파구 마천2동 124-12,,,,,02-2147-3328,서울특별시 송파구청,2022-12-13
마천2동-100,1,서울특별시 송파구 마천로43길1,서울특별시 송파구 마천2동 126,,,,,02-2147-3328,서울특별시 송파구청,2022-12-13
마천2동-101,1,서울특별시 송파구 마천로39길38-25,서울특별시 송파구 마천2동 89-2,,,,,02-2147-3328,서울특별시 송파구청,2022-12-13
마천2동-102,1,서울특별시 송파구 마천로43길 42,서울특별시 송파구 마천2동 78-1,,,,,02-2147-3328,서울특별시 송파구청,2022-12-13
마천2동-103,1,서울특별시 송파구 성내천로30길2,서울특별시 송파구 마천2동 78-2,,,,,02-2147-3328,서울특별시 송파구청,2022-12-13
마천2동-104,1,서울특별시 송파구 성내천로30길19,서울특별시 송파구 마천2동 140-30,,,,,02-2147-3328,서울특별시 송파구청,2022-12-13
마천2동-105,1,서울특별시 송파구 거마로22길 27,서울특별시 송파구 마천2동 141-7,,,,,02-2147-3328,서울특별시 송파구청,2022-12-13
마천2동-106,1,서울특별시 송파구 거마로20길 23,서울특별시 송파구 마천2동 129-13,,,,,02-2147-3328,서울특별시 송파구청,2022-12-13
마천2동-107,1,서울특별시 송파구 거마로22길24-10,서울특별시 송파구 마천2동 132-2,,,,,02-2147-3328,서울특별시 송파구청,2022-12-13
마천2동-108,1,서울특별시 송파구 거마로22길26-13,서울특별시 송파구 마천2동 133-5,,,,,02-2147-3328,서울특별시 송파구청,2022-12-13
마천2동-109,1,서울특별시 송파구 거마로22길26-25,서울특별시 송파구 마천2동 130-10,,,,,02-2147-3328,서울특별시 송파구청,2022-12-13
마천2동-110,1,서울특별시 송파구 거마로20길27,서울특별시 송파구 마천2동 128-63,,,,,02-2147-3328,서울특별시 송파구청,2022-12-13
마천2동-111,1,서울특별시 송파구 마천로41길20,서울특별시 송파구 마천2동 134-16,,,,,02-2147-3328,서울특별시 송파구청,2022-12-13
마천2동-112,1,서울특별시 송파구 마천로45길14,서울특별시 송파구 마천2동 135-4,,,,,02-2147-3328,서울특별시 송파구청,2022-12-13
마천2동-113,1,서울특별시 송파구 마천로45길16,서울특별시 송파구 마천2동 136-20,,,,,02-2147-3328,서울특별시 송파구청,2022-12-13
마천2동-114,1,서울특별시 송파구 마천로45길20,서울특별시 송파구 마천2동 136-16,,,,,02-2147-3328,서울특별시 송파구청,2022-12-13
마천2동-115,1,서울특별시 송파구 마천로45길22,서울특별시 송파구 마천2동 139,,,,,02-2147-3328,서울특별시 송파구청,2022-12-13
마천2동-116,1,서울특별시 송파구 마천로45길26-1,서울특별시 송파구 마천2동 143-19,,,,,02-2147-3328,서울특별시 송파구청,2022-12-13
마천2동-117,1,서울특별시 송파구 마천로45길23,서울특별시 송파구 마천2동 140-2,,,,,02-2147-3328,서울특별시 송파구청,2022-12-13
마천2동-118,1,서울특별시 송파구 성내천로30길17-7,서울특별시 송파구 마천2동 140,,,,,02-2147-3328,서울특별시 송파구청,2022-12-13
마천2동-119,1,서울특별시 송파구 마천로45길281-1,서울특별시 송파구 마천2동 144-2,,,,,02-2147-3328,서울특별시 송파구청,2022-12-13
마천2동-120,1,서울특별시 송파구 마천로45길30,서울특별시 송파구 마천2동 144-3,,,,,02-2147-3328,서울특별시 송파구청,2022-12-13
마천2동-121,1,서울특별시 송파구 마천로51가길32,서울특별시 송파구 마천2동 83-15,,,,,02-2147-3328,서울특별시 송파구청,2022-12-13
마천2동-122,1,서울특별시 송파구 성내천로30길3-25,서울특별시 송파구 마천2동 149-3,,,,,02-2147-3328,서울특별시 송파구청,2022-12-13
마천2동-123,1,서울특별시 송파구 성내천로30길3-9,서울특별시 송파구 마천2동 151-3,,,,,02-2147-3328,서울특별시 송파구청,2022-12-13
마천2동-124,1,서울특별시 송파구 성내천로30길3-5,서울특별시 송파구 마천2동 77-10,,,,,02-2147-3328,서울특별시 송파구청,2022-12-13
마천2동-125,1,서울특별시 송파구 마천로51가길26,서울특별시 송파구 마천2동 146-6,,,,,02-2147-3328,서울특별시 송파구청,2022-12-13
마천2동-126,1,서울특별시 송파구 성내천로32길14-4,서울특별시 송파구 마천2동 149-12,,,,,02-2147-3328,서울특별시 송파구청,2022-12-13
마천2동-127,1,서울특별시 송파구 마천로45길36-1,서울특별시 송파구 마천2동 149-10,,,,,02-2147-3328,서울특별시 송파구청,2022-12-13
마천2동-128,1,서울특별시 송파구 마천로45길39-1,서울특별시 송파구 마천2동 151-2,,,,,02-2147-3328,서울특별시 송파구청,2022-12-13
마천2동-129,1,서울특별시 송파구 마천로45길43,서울특별시 송파구 마천2동 153-3,,,,,02-2147-3328,서울특별시 송파구청,2022-12-13
마천2동-130,1,서울특별시 송파구 마천로51가길24,서울특별시 송파구 마천2동 146-8,,,,,02-2147-3328,서울특별시 송파구청,2022-12-13
마천2동-131,1,서울특별시 송파구 성내천로32가길2-8,서울특별시 송파구 마천2동 169-3,,,,,02-2147-3328,서울특별시 송파구청,2022-12-13
마천2동-132,1,서울특별시 송파구 성내천로34가길4-7,서울특별시 송파구 마천2동 167-14,,,,,02-2147-3328,서울특별시 송파구청,2022-12-13
마천2동-133,1,서울특별시 송파구 성내천로34가길4-6,서울특별시 송파구 마천2동 162-8,,,,,02-2147-3328,서울특별시 송파구청,2022-12-13
마천2동-134,1,서울특별시 송파구 성내천로236,서울특별시 송파구 마천2동 573,,,,,02-2147-3328,서울특별시 송파구청,2022-12-13
마천2동-135,1,서울특별시 송파구 성내천로34길8,서울특별시 송파구 마천2동 574,,,,,02-2147-3328,서울특별시 송파구청,2022-12-13
마천2동-136,1,서울특별시 송파구 성내천로34길8,서울특별시 송파구 마천2동 574,,,,,02-2147-3328,서울특별시 송파구청,2022-12-13
마천2동-137,1,서울특별시 송파구 성내천로34길12,서울특별시 송파구 마천2동 194-1,,,,,02-2147-3328,서울특별시 송파구청,2022-12-13
마천2동-138,1,서울특별시 송파구 성내천로34길12,서울특별시 송파구 마천2동 194-1,,,,,02-2147-3328,서울특별시 송파구청,2022-12-13
마천2동-139,1,서울특별시 송파구 성내천로34길20,서울특별시 송파구 마천2동 200-9,,,,,02-2147-3328,서울특별시 송파구청,2022-12-13
마천2동-140,1,서울특별시 송파구 마천로51길35,서울특별시 송파구 마천2동 190-33,,,,,02-2147-3328,서울특별시 송파구청,2022-12-13
마천2동-141,1,서울특별시 송파구 성내천로38길8,서울특별시 송파구 마천2동 194-2,,,,,02-2147-3328,서울특별시 송파구청,2022-12-13
마천2동-142,1,서울특별시 송파구 성내천로38길8,서울특별시 송파구 마천2동 194-2,,,,,02-2147-3328,서울특별시 송파구청,2022-12-13
마천2동-143,1,서울특별시 송파구 성내천로38길8-3,서울특별시 송파구 마천2동 193-2,,,,,02-2147-3328,서울특별시 송파구청,2022-12-13
마천2동-144,1,서울특별시 송파구 성내천로38길12,서울특별시 송파구 마천2동 194-1,,,,,02-2147-3328,서울특별시 송파구청,2022-12-13
마천2동-145,1,서울특별시 송파구 성내천로32가길12-11,서울특별시 송파구 마천2동 173-24,,,,,02-2147-3328,서울특별시 송파구청,2022-12-13
마천2동-146,1,서울특별시 송파구 성내천로34가길 12-4,서울특별시 송파구 마천2동 170-18,,,,,02-2147-3328,서울특별시 송파구청,2022-12-13
마천2동-147,1,서울특별시 송파구 마천로51가길18,서울특별시 송파구 마천2동 172-2,,,,,02-2147-3328,서울특별시 송파구청,2022-12-13
마천2동-148,1,서울특별시 송파구 마천로51가길14,서울특별시 송파구 마천2동 173-67,,,,,02-2147-3328,서울특별시 송파구청,2022-12-13
마천2동-149,1,서울특별시 송파구 마천로51길27-1,서울특별시 송파구 마천2동 191-9,,,,,02-2147-3328,서울특별시 송파구청,2022-12-13
마천2동-150,1,서울특별시 송파구 마천로51길27,서울특별시 송파구 마천2동 191-17,,,,,02-2147-3328,서울특별시 송파구청,2022-12-13
마천2동-151,1,서울특별시 송파구 성내천로32나길11-1,서울특별시 송파구 마천2동 191-17,,,,,02-2147-3328,서울특별시 송파구청,2022-12-13
마천2동-152,1,서울특별시 송파구 성내천로34나길10,서울특별시 송파구 마천2동 173-55,,,,,02-2147-3328,서울특별시 송파구청,2022-12-13
마천2동-153,1,서울특별시 송파구 성내천로32길24-7,서울특별시 송파구 마천2동 143-20,,,,,02-2147-3328,서울특별시 송파구청,2022-12-13
마천2동-154,1,서울특별시 송파구 성내천로32길24,서울특별시 송파구 마천2동 143-18,,,,,02-2147-3328,서울특별시 송파구청,2022-12-13
마천2동-155,1,서울특별시 송파구 거마로22길35,서울특별시 송파구 마천2동 136-14,,,,,02-2147-3328,서울특별시 송파구청,2022-12-13
마천2동-156,1,서울특별시 송파구 거마로22길49,서울특별시 송파구 마천2동 176-23,,,,,02-2147-3328,서울특별시 송파구청,2022-12-13
마천2동-157,1,서울특별시 송파구 마천로51길 22,서울특별시 송파구 마천2동 176-23,,,,,02-2147-3328,서울특별시 송파구청,2022-12-13
마천2동-158,1,서울특별시 송파구 거마로22길47-1,서울특별시 송파구 마천2동 176-22,,,,,02-2147-3328,서울특별시 송파구청,2022-12-13
마천2동-159,1,서울특별시 송파구 거마로22길45,서울특별시 송파구 마천2동 176-18,,,,,02-2147-3328,서울특별시 송파구청,2022-12-13
마천2동-160,1,서울특별시 송파구 거마로22길44,서울특별시 송파구 마천2동 176-22,,,,,02-2147-3328,서울특별시 송파구청,2022-12-13
마천2동-161,1,서울특별시 송파구 마천로45길7,서울특별시 송파구 마천2동 128-113,,,,,02-2147-3328,서울특별시 송파구청,2022-12-13
마천2동-162,1,서울특별시 송파구 마천로41길22,서울특별시 송파구 마천2동 128-5,,,,,02-2147-3328,서울특별시 송파구청,2022-12-13
마천2동-163,1,서울특별시 송파구 마천로45길3-3,서울특별시 송파구 마천2동 128-48,,,,,02-2147-3328,서울특별시 송파구청,2022-12-13
마천2동-164,1,서울특별시 송파구 마천로41길12,서울특별시 송파구 마천2동 291,,,,,02-2147-3328,서울특별시 송파구청,2022-12-13
마천2동-165,1,서울특별시 송파구 거마로20길,서울특별시 송파구 마천2동 128-2,,,,,02-2147-3328,서울특별시 송파구청,2022-12-13
마천2동-166,1,서울특별시 송파구 성내천로27길3,서울특별시 송파구 마천2동 51-4,,,,,02-2147-3328,서울특별시 송파구청,2022-12-13
마천2동-167,1,서울특별시 송파구 성내천로207,서울특별시 송파구 마천2동 53,,,,,02-2147-3328,서울특별시 송파구청,2022-12-13
마천2동-168,1,서울특별시 송파구 성내천로207,서울특별시 송파구 마천2동 53,,,,,02-2147-3328,서울특별시 송파구청,2022-12-13
마천2동-169,1,서울특별시 송파구 성내천로207,서울특별시 송파구 마천2동 53,,,,,02-2147-3328,서울특별시 송파구청,2022-12-13
마천2동-170,1,서울특별시 송파구 성내천로207,서울특별시 송파구 마천2동 53,,,,,02-2147-3328,서울특별시 송파구청,2022-12-13
마천2동-171,1,서울특별시 송파구 성내천로207,서울특별시 송파구 마천2동 53,,,,,02-2147-3328,서울특별시 송파구청,2022-12-13
마천2동-172,1,서울특별시 송파구 성내천로207,서울특별시 송파구 마천2동 53,,,,,02-2147-3328,서울특별시 송파구청,2022-12-13
마천2동-173,1,서울특별시 송파구 성내천로207,서울특별시 송파구 마천2동 53,,,,,02-2147-3328,서울특별시 송파구청,2022-12-13
마천2동-174,1,서울특별시 송파구 성내천로207,서울특별시 송파구 마천2동 53,,,,,02-2147-3328,서울특별시 송파구청,2022-12-13
마천2동-175,1,서울특별시 송파구 성내천로27길,서울특별시 송파구 마천2동 67,,,,,02-2147-3328,서울특별시 송파구청,2022-12-13
마천2동-176,1,서울특별시 송파구 성내천207,서울특별시 송파구 마천2동 53,,,,,02-2147-3328,서울특별시 송파구청,2022-12-13
마천2동-177,1,서울특별시 송파구 성내천27길23-1,서울특별시 송파구 마천2동 71-2,,,,,02-2147-3328,서울특별시 송파구청,2022-12-13
마천2동-178,1,서울특별시 송파구 성내천로27길25-8,서울특별시 송파구 마천2동 156-2,,,,,02-2147-3328,서울특별시 송파구청,2022-12-13
마천2동-179,1,서울특별시 송파구 성내천로27길25-20,서울특별시 송파구 마천2동 156-5,,,,,02-2147-3328,서울특별시 송파구청,2022-12-13
마천2동-180,1,서울특별시 송파구 성내천207,서울특별시 송파구 마천2동 53,,,,,02-2147-3328,서울특별시 송파구청,2022-12-13
마천2동-181,1,서울특별시 송파구 성내천로29길5,서울특별시 송파구 마천2동 156-322,,,,,02-2147-3328,서울특별시 송파구청,2022-12-13
마천2동-182,1,서울특별시 송파구 성내천로29길5,서울특별시 송파구 마천2동 156-322,,,,,02-2147-3328,서울특별시 송파구청,2022-12-13
마천2동-183,1,서울특별시 송파구 성내천로29길5,서울특별시 송파구 마천2동 156-322,,,,,02-2147-3328,서울특별시 송파구청,2022-12-13
마천2동-184,1,서울특별시 송파구 성내천로29길 9,서울특별시 송파구 마천2동 156-316,,,,,02-2147-3328,서울특별시 송파구청,2022-12-13
마천2동-185,1,서울특별시 송파구 성내천로29길 11,서울특별시 송파구 마천2동 156-315,,,,,02-2147-3328,서울특별시 송파구청,2022-12-13
마천2동-186,1,서울특별시 송파구 성내천로29길12,서울특별시 송파구 마천2동 352-1,,,,,02-2147-3328,서울특별시 송파구청,2022-12-13
마천2동-187,1,서울특별시 송파구 성내천211,서울특별시 송파구 마천2동 576,,,,,02-2147-3328,서울특별시 송파구청,2022-12-13
마천2동-188,1,서울특별시 송파구 마천로39길15,서울특별시 송파구 마천2동 42-5,,,,,02-2147-3328,서울특별시 송파구청,2022-12-13
마천2동-189,1,서울특별시 송파구 성내천29가길10,서울특별시 송파구 마천2동 350-4,,,,,02-2147-3328,서울특별시 송파구청,2022-12-13
마천2동-190,1,서울특별시 송파구 성내천로29가길5,서울특별시 송파구 마천2동 345-10,,,,,02-2147-3328,서울특별시 송파구청,2022-12-13
마천2동-191,1,서울특별시 송파구 성내천33길7-1,서울특별시 송파구 마천2동 159-199,,,,,02-2147-3328,서울특별시 송파구청,2022-12-13
마천2동-192,1,서울특별시 송파구 성내천로223-10,서울특별시 송파구 마천2동 157-7,,,,,02-2147-3328,서울특별시 송파구청,2022-12-13
마천2동-193,1,서울특별시 송파구 성내천33길15-6,서울특별시 송파구 마천2동 345-16,,,,,02-2147-3328,서울특별시 송파구청,2022-12-13
마천2동-194,1,서울특별시 송파구 성내천249길5-1,서울특별시 송파구 마천2동 342-9,,,,,02-2147-3328,서울특별시 송파구청,2022-12-13
마천2동-195,1,서울특별시 송파구 성내천로29길22,서울특별시 송파구 마천2동 343-11,,,,,02-2147-3328,서울특별시 송파구청,2022-12-13
마천2동-196,1,서울특별시 송파구 성내천로29길22,서울특별시 송파구 마천2동 343-11,,,,,02-2147-3328,서울특별시 송파구청,2022-12-13
마천2동-197,1,서울특별시 송파구 성내천로29나길 1,서울특별시 송파구 마천2동 343-10,,,,,02-2147-3328,서울특별시 송파구청,2022-12-13
마천2동-198,1,서울특별시 송파구 성내천로29길22-1,서울특별시 송파구 마천2동 343-14,,,,,02-2147-3328,서울특별시 송파구청,2022-12-13
마천2동-199,1,서울특별시 송파구 성내천로29길24,서울특별시 송파구 마천2동 343-15,,,,,02-2147-3328,서울특별시 송파구청,2022-12-13
마천2동-200,1,서울특별시 송파구 성내천로29길28,서울특별시 송파구 마천2동 68-5,,,,,02-2147-3328,서울특별시 송파구청,2022-12-13
마천2동-201,1,서울특별시 송파구 성내천로29길28,서울특별시 송파구 마천2동 68-5,,,,,02-2147-3328,서울특별시 송파구청,2022-12-13
마천2동-202,1,서울특별시 송파구 성내천로33다길28,서울특별시 송파구 마천2동 337-1,,,,,02-2147-3328,서울특별시 송파구청,2022-12-13
마천2동-203,1,서울특별시 송파구 성내천로29다길5-1,서울특별시 송파구 마천2동 337-7,,,,,02-2147-3328,서울특별시 송파구청,2022-12-13
마천2동-204,1,서울특별시 송파구 성내천로33다길22,서울특별시 송파구 마천2동 342-10,,,,,02-2147-3328,서울특별시 송파구청,2022-12-13
마천2동-205,1,서울특별시 송파구 성내천로33다길9,서울특별시 송파구 마천2동 337-5,,,,,02-2147-3328,서울특별시 송파구청,2022-12-13
마천2동-206,1,서울특별시 송파구 성내천로33길24,서울특별시 송파구 마천2동 341-1,,,,,02-2147-3328,서울특별시 송파구청,2022-12-13
마천2동-207,1,서울특별시 송파구 성내천로33길22-3,서울특별시 송파구 마천2동 341-15,,,,,02-2147-3328,서울특별시 송파구청,2022-12-13
마천2동-208,1,서울특별시 송파구 성내천로29다길13-3,서울특별시 송파구 마천2동 338-3,,,,,02-2147-3328,서울특별시 송파구청,2022-12-13
마천2동-209,1,서울특별시 송파구 성내천로29다길15-1,서울특별시 송파구 마천2동 338-6,,,,,02-2147-3328,서울특별시 송파구청,2022-12-13
마천2동-210,1,서울특별시 송파구 성내천로33나길17,서울특별시 송파구 마천2동 338-5,,,,,02-2147-3328,서울특별시 송파구청,2022-12-13
마천2동-211,1,서울특별시 송파구 성내천로33나길14,서울특별시 송파구 마천2동 341-3,,,,,02-2147-3328,서울특별시 송파구청,2022-12-13
마천2동-212,1,서울특별시 송파구 성내천로33가길23,서울특별시 송파구 마천2동 339-6,,,,,02-2147-3328,서울특별시 송파구청,2022-12-13
마천2동-213,1,서울특별시 송파구 성내천로33가길19-2,서울특별시 송파구 마천2동 340-65,,,,,02-2147-3328,서울특별시 송파구청,2022-12-13
마천2동-214,1,서울특별시 송파구 성내천로33가길16,서울특별시 송파구 마천2동 340-8,,,,,02-2147-3328,서울특별시 송파구청,2022-12-13
마천2동-215,1,서울특별시 송파구 성내천로33가길16-3,서울특별시 송파구 마천2동 340-10,,,,,02-2147-3328,서울특별시 송파구청,2022-12-13
마천2동-216,1,서울특별시 송파구 성내천로33나길13,서울특별시 송파구 마천2동 341-6,,,,,02-2147-3328,서울특별시 송파구청,2022-12-13
마천2동-217,1,서울특별시 송파구 성내천로233-4,서울특별시 송파구 마천2동 159-180,,,,,02-2147-3328,서울특별시 송파구청,2022-12-13
마천2동-218,1,서울특별시 송파구 성내천로33길6,서울특별시 송파구 마천2동 159-213,,,,,02-2147-3328,서울특별시 송파구청,2022-12-13
마천2동-219,1,서울특별시 송파구 성내천로29나길14,서울특별시 송파구 마천2동 349-2,,,,,02-2147-3328,서울특별시 송파구청,2022-12-13
마천2동-220,1,서울특별시 송파구 성내천33길18-1,서울특별시 송파구 마천2동 341-12,,,,,02-2147-3328,서울특별시 송파구청,2022-12-13
마천2동-221,1,서울특별시 송파구 성내천33나길11-1,서울특별시 송파구 마천2동 341-7,,,,,02-2147-3328,서울특별시 송파구청,2022-12-13
마천2동-222,1,서울특별시 송파구 성내천로33나길10-1,서울특별시 송파구 마천2동 340-11,,,,,02-2147-3328,서울특별시 송파구청,2022-12-13
마천2동-223,1,서울특별시 송파구 성내천33가길10,서울특별시 송파구 마천2동 159-212,,,,,02-2147-3328,서울특별시 송파구청,2022-12-13
마천2동-224,1,서울특별시 송파구 성내천로29나길 13-2,서울특별시 송파구 마천2동 341-10,,,,,02-2147-3328,서울특별시 송파구청,2022-12-13
마천2동-225,1,서울특별시 송파구 성내천로29가길17,서울특별시 송파구 마천2동 347-10,,,,,02-2147-3328,서울특별시 송파구청,2022-12-13
마천2동-226,1,서울특별시 송파구 성내천33나길4,서울특별시 송파구 마천2동 348-1,,,,,02-2147-3328,서울특별시 송파구청,2022-12-13
마천2동-227,1,서울특별시 송파구 성내천로33가길15,서울특별시 송파구 마천2동 347-5,,,,,02-2147-3328,서울특별시 송파구청,2022-12-13
마천2동-228,1,서울특별시 송파구 성내천33가길8,서울특별시 송파구 마천2동 159-13,,,,,02-2147-3328,서울특별시 송파구청,2022-12-13
마천2동-229,1,서울특별시 송파구 성내천33가길5,서울특별시 송파구 마천2동 348-5,,,,,02-2147-3328,서울특별시 송파구청,2022-12-13
마천2동-230,1,서울특별시 송파구 성내천로35길7,서울특별시 송파구 마천2동 159-220,,,,,02-2147-3328,서울특별시 송파구청,2022-12-13
마천2동-231,1,서울특별시 송파구 성내천로35길8-4,서울특별시 송파구 마천2동 199-24,,,,,02-2147-3328,서울특별시 송파구청,2022-12-13
마천2동-232,1,서울특별시 송파구 마천로43길14,서울특별시 송파구 마천2동 124-27,,,,,02-2147-3328,서울특별시 송파구청,2022-12-13
마천2동-233,1,서울특별시 송파구 성내천로33길15-7,서울특별시 송파구 마천2동 345-18,,,,,02-2147-3328,서울특별시 송파구청,2022-12-13
마천2동-234,1,서울특별시 송파구 성내천로189,서울특별시 송파구 마천2동 51-6,,,,,02-2147-3328,서울특별시 송파구청,2022-12-13
마천2동-235,1,서울특별시 송파구 성내천로202-8,서울특별시 송파구 마천2동 88-24,,,,,02-2147-3328,서울특별시 송파구청,2022-12-13
마천2동-236,1,서울특별시 송파구 마천로39길 2,서울특별시 송파구 마천2동 116-22,,,,,02-2147-3328,서울특별시 송파구청,2022-12-13
마천2동-237,1,서울특별시 송파구 마천로61가길 9,서울특별시 송파구 마천2동 322-1,,,,,02-2147-3328,서울특별시 송파구청,2022-12-13
마천2동-238,1,서울특별시 송파구 마천로287,서울특별시 송파구 마천2동 127-1,,,,,02-2147-3328,서울특별시 송파구청,2022-12-13
마천2동-239,1,서울특별시 송파구 성내천로27길7,서울특별시 송파구 마천2동 51-3,,,,,02-2147-3328,서울특별시 송파구청,2022-12-13
마천2동-240,1,서울특별시 송파구 성내천로23가길 24,서울특별시 송파구 마천2동 1-1,,,,,02-2147-3328,서울특별시 송파구청,2022-12-13
마천2동-241,1,서울특별시 송파구 성내천로34길8,서울특별시 송파구 마천2동 574,,,,,02-2147-3328,서울특별시 송파구청,2022-12-13
마천2동-242,1,서울특별시 송파구 성내천로23가길 28-28,서울특별시 송파구 마천2동 14-9,,,,,02-2147-3328,서울특별시 송파구청,2022-12-13
마천2동-243,1,서울특별시 송파구 성내천로168,서울특별시 송파구 마천2동 38-4,,,,,02-2147-3328,서울특별시 송파구청,2022-12-13
마천2동-244,1,서울특별시 송파구 성내천로,서울특별시 송파구 마천2동 1-8,,,,,02-2147-3328,서울특별시 송파구청,2022-12-13
마천2동-245,1,서울특별시 송파구 성내천로23가길14-21,서울특별시 송파구 마천2동 1-8,,,,,02-2147-3328,서울특별시 송파구청,2022-12-13
마천2동-246,1,서울특별시 송파구 거마로24길5-19,서울특별시 송파구 마천2동 47-1,,,,,02-2147-3328,서울특별시 송파구청,2022-12-13
마천2동-247,1,서울특별시 송파구 마천로31길20,서울특별시 송파구 마천2동 15-11,,,,,02-2147-3328,서울특별시 송파구청,2022-12-13
마천2동-248,1,서울특별시 송파구 거마로24길2,서울특별시 송파구 마천2동 43-3,,,,,02-2147-3328,서울특별시 송파구청,2022-12-13
마천2동-249,1,서울특별시 송파구 거마로20길8,서울특별시 송파구 마천2동 118-11,,,,,02-2147-3328,서울특별시 송파구청,2022-12-13
마천2동-250,1,서울특별시 송파구 마천로61바길31,서울특별시 송파구 마천2동 184-27,,,,,02-2147-3328,서울특별시 송파구청,2022-12-13
마천2동-251,1,서울특별시 송파구 성내천로29가길1,서울특별시 송파구 마천2동 344-11,,,,,02-2147-3328,서울특별시 송파구청,2022-12-13
마천2동-252,1,서울특별시 송파구 거마로20길 11-1,서울특별시 송파구 마천2동 123-12,,,,,02-2147-3328,서울특별시 송파구청,2022-12-13
마천2동-253,1,서울특별시 송파구 성내천로27길 3,서울특별시 송파구 마천2동 51-4,,,,,02-2147-3328,서울특별시 송파구청,2022-12-13
마천2동-254,1,서울특별시 송파구 거마로22길13-3,서울특별시 송파구 마천2동 122-20,,,,,02-2147-3328,서울특별시 송파구청,2022-12-13
마천2동-255,1,서울특별시 송파구 마천로253,서울특별시 송파구 마천2동 34,,,,,02-2147-3328,서울특별시 송파구청,2022-12-13
마천2동-256,1,서울특별시 송파구 성내천로211,서울특별시 송파구 마천2동 579,,,,,02-2147-3328,서울특별시 송파구청,2022-12-13
마천2동-257,1,서울특별시 송파구 거마로22길20-6,서울특별시 송파구 마천2동 131-6,,,,,02-2147-3328,서울특별시 송파구청,2022-12-13
마천2동-258,1,서울특별시 송파구 성내천로29길13-9,서울특별시 송파구 마천2동 산10-5,,,,,02-2147-3328,서울특별시 송파구청,2022-12-13
마천2동-259,1,서울특별시 송파구 성내천로33길 15,서울특별시 송파구 마천2동 345-7,,,,,02-2147-3328,서울특별시 송파구청,2022-12-13
마천2동-260,1,서울특별시 송파구 성내천로23가길27,서울특별시 송파구 마천2동 1-39,,,,,02-2147-3328,서울특별시 송파구청,2022-12-13
마천2동-261,1,서울특별시 송파구 성내천로29길24-1,서울특별시 송파구 마천2동 340-20,,,,,02-2147-3328,서울특별시 송파구청,2022-12-13
마천2동-262,1,서울특별시 송파구 마천로45길42-1,서울특별시 송파구 마천2동 152-5,,,,,02-2147-3328,서울특별시 송파구청,2022-12-13
마천2동-263,1,서울특별시 송파구 성내천로23가길 6-5,서울특별시 송파구 마천2동 12-15,,,,,02-2147-3328,서울특별시 송파구청,2022-12-13
마천2동-264,1,서울특별시 송파구 마천로45길8,서울특별시 송파구 마천2동 128-83,,,,,02-2147-3328,서울특별시 송파구청,2022-12-13
마천2동-265,1,서울특별시 송파구 성내천로32길 20-3,서울특별시 송파구 마천2동 144-11,,,,,02-2147-3328,서울특별시 송파구청,2022-12-13
마천2동-266,1,서울특별시 송파구 성내천로34가길 10,서울특별시 송파구 마천2동 170-9,,,,,02-2147-3328,서울특별시 송파구청,2022-12-13
문정1동-001,1,서울특별시 송파구 송이로28길4-6,서울특별시 송파구 문정1동 4-21,,,,,02-2147-3328,서울특별시 송파구청,2022-12-13
문정1동-002,1,서울특별시 송파구 송이로186,서울특별시 송파구 문정1동 4-2,,,,,02-2147-3328,서울특별시 송파구청,2022-12-13
문정1동-003,1,서울특별시 송파구 동남로8길 7,서울특별시 송파구 문정1동 5-7,,,,,02-2147-3328,서울특별시 송파구청,2022-12-13
문정1동-004,1,서울특별시 송파구 동남로8길 7,서울특별시 송파구 문정1동 5-7,,,,,02-2147-3328,서울특별시 송파구청,2022-12-13
문정1동-005,1,서울특별시 송파구 동남로8길4-13,서울특별시 송파구 문정1동 5,,,,,02-2147-3328,서울특별시 송파구청,2022-12-13
문정1동-006,1,서울특별시 송파구 동남로8길7-16,서울특별시 송파구 문정1동 5-12,,,,,02-2147-3328,서울특별시 송파구청,2022-12-13
문정1동-007,1,서울특별시 송파구 동남로6길7-19,서울특별시 송파구 문정1동 28-15,,,,,02-2147-3328,서울특별시 송파구청,2022-12-13
문정1동-008,1,서울특별시 송파구 동남로6길7-5,서울특별시 송파구 문정1동 28-11,,,,,02-2147-3328,서울특별시 송파구청,2022-12-13
문정1동-009,1,서울특별시 송파구 동남로,서울특별시 송파구 문정1동 28-9,,,,,02-2147-3328,서울특별시 송파구청,2022-12-13
문정1동-010,1,서울특별시 송파구 동남로6길9,서울특별시 송파구 문정1동 28-23,,,,,02-2147-3328,서울특별시 송파구청,2022-12-13
문정1동-011,1,서울특별시 송파구 동남로6길7-8,서울특별시 송파구 문정1동 28-21,,,,,02-2147-3328,서울특별시 송파구청,2022-12-13
문정1동-012,1,서울특별시 송파구 동남로,서울특별시 송파구 문정1동 29-5,,,,,02-2147-3328,서울특별시 송파구청,2022-12-13
문정1동-013,1,서울특별시 송파구 동남로,서울특별시 송파구 문정1동 9,,,,,02-2147-3328,서울특별시 송파구청,2022-12-13
문정1동-014,1,서울특별시 송파구 송이로31길28-6,서울특별시 송파구 문정1동 137-22,,,,,02-2147-3328,서울특별시 송파구청,2022-12-13
문정1동-015,1,서울특별시 송파구 동남로8길29-14,서울특별시 송파구 문정1동 8-8,,,,,02-2147-3328,서울특별시 송파구청,2022-12-13
문정1동-016,1,서울특별시 송파구 송이로32길4-13,서울특별시 송파구 문정1동 10,,,,,02-2147-3328,서울특별시 송파구청,2022-12-13
문정1동-017,1,서울특별시 송파구 송이로32길 4-11,서울특별시 송파구 문정1동 10-18,,,,,02-2147-3328,서울특별시 송파구청,2022-12-13
문정1동-018,1,서울특별시 송파구 동남로8길29-4,서울특별시 송파구 문정1동 11-6,,,,,02-2147-3328,서울특별시 송파구청,2022-12-13
문정1동-019,1,서울특별시 송파구 동남로8길,서울특별시 송파구 문정1동 27-9,,,,,02-2147-3328,서울특별시 송파구청,2022-12-13
문정1동-020,1,서울특별시 송파구 동남로6가길8,서울특별시 송파구 문정1동 26-3,,,,,02-2147-3328,서울특별시 송파구청,2022-12-13
문정1동-021,1,서울특별시 송파구 동남로6가길9,서울특별시 송파구 문정1동 27-11,,,,,02-2147-3328,서울특별시 송파구청,2022-12-13
문정1동-022,1,서울특별시 송파구 동남로6가길15,서울특별시 송파구 문정1동 27-16,,,,,02-2147-3328,서울특별시 송파구청,2022-12-13
문정1동-023,1,서울특별시 송파구 동남로6가길13,서울특별시 송파구 문정1동 27,,,,,02-2147-3328,서울특별시 송파구청,2022-12-13
문정1동-024,1,서울특별시 송파구 동남로6가길14,서울특별시 송파구 문정1동 26-2,,,,,02-2147-3328,서울특별시 송파구청,2022-12-13
문정1동-025,1,서울특별시 송파구 동남로8길30-12,서울특별시 송파구 문정1동 22-1,,,,,02-2147-3328,서울특별시 송파구청,2022-12-13
문정1동-026,1,서울특별시 송파구 동남로8길26-10,서울특별시 송파구 문정1동 23,,,,,02-2147-3328,서울특별시 송파구청,2022-12-13
문정1동-027,1,서울특별시 송파구 오금로44나길8-1,서울특별시 송파구 문정1동 168-11,,,,,02-2147-3328,서울특별시 송파구청,2022-12-13
문정1동-028,1,서울특별시 송파구 오금로,서울특별시 송파구 문정1동 30-10,,,,,02-2147-3328,서울특별시 송파구청,2022-12-13
문정1동-029,1,서울특별시 송파구 동남로6나길4,서울특별시 송파구 문정1동 32-1,,,,,02-2147-3328,서울특별시 송파구청,2022-12-13
문정1동-030,1,서울특별시 송파구 동남로,서울특별시 송파구 문정1동 32-6,,,,,02-2147-3328,서울특별시 송파구청,2022-12-13
문정1동-031,1,서울특별시 송파구 동남로6길27,서울특별시 송파구 문정1동 33,,,,,02-2147-3328,서울특별시 송파구청,2022-12-13
문정1동-032,1,서울특별시 송파구 동남로6길 25-13,서울특별시 송파구 문정1동 32-10,,,,,02-2147-3328,서울특별시 송파구청,2022-12-13
문정1동-033,1,서울특별시 송파구 동남로6길30-22,서울특별시 송파구 문정1동 34-9,,,,,02-2147-3328,서울특별시 송파구청,2022-12-13
문정1동-034,1,서울특별시 송파구 동남로6길 31-16,서울특별시 송파구 문정1동 35-6,,,,,02-2147-3328,서울특별시 송파구청,2022-12-13
문정1동-035,1,서울특별시 송파구 동남로6길29-16,서울특별시 송파구 문정1동 34-5,,,,,02-2147-3328,서울특별시 송파구청,2022-12-13
문정1동-036,1,서울특별시 송파구 동남로6길 35-15,서울특별시 송파구 문정1동 36-10,,,,,02-2147-3328,서울특별시 송파구청,2022-12-13
문정1동-037,1,서울특별시 송파구 동남로4길41,서울특별시 송파구 문정1동 38,,,,,02-2147-3328,서울특별시 송파구청,2022-12-13
문정1동-038,1,서울특별시 송파구 문정로5길17-4,서울특별시 송파구 문정1동 13-14,,,,,02-2147-3328,서울특별시 송파구청,2022-12-13
문정1동-039,1,서울특별시 송파구 문정로5길13-20,서울특별시 송파구 문정1동 14-6,,,,,02-2147-3328,서울특별시 송파구청,2022-12-13
문정1동-040,1,서울특별시 송파구 문정로5길17-19,서울특별시 송파구 문정1동 14-5,,,,,02-2147-3328,서울특별시 송파구청,2022-12-13
문정1동-041,1,서울특별시 송파구 문정로5길17-11,서울특별시 송파구 문정1동 14-2,,,,,02-2147-3328,서울특별시 송파구청,2022-12-13
문정1동-042,1,서울특별시 송파구 문정로5길17-17,서울특별시 송파구 문정1동 14,,,,,02-2147-3328,서울특별시 송파구청,2022-12-13
문정1동-043,1,서울특별시 송파구 문정로5길13,서울특별시 송파구 문정1동 15,,,,,02-2147-3328,서울특별시 송파구청,2022-12-13
문정1동-044,1,서울특별시 송파구 문정로5길9,서울특별시 송파구 문정1동 16-3,,,,,02-2147-3328,서울특별시 송파구청,2022-12-13
문정1동-045,1,서울특별시 송파구 문정로5길3-16,서울특별시 송파구 문정1동 16,,,,,02-2147-3328,서울특별시 송파구청,2022-12-13
문정1동-046,1,서울특별시 송파구 문정로5길13-18,서울특별시 송파구 문정1동 14-7,,,,,02-2147-3328,서울특별시 송파구청,2022-12-13
문정1동-047,1,서울특별시 송파구 문정로5길13-8,서울특별시 송파구 문정1동 14-2,,,,,02-2147-3328,서울특별시 송파구청,2022-12-13
문정1동-048,1,서울특별시 송파구 문정로5길13-8,서울특별시 송파구 문정1동 14-2,,,,,02-2147-3328,서울특별시 송파구청,2022-12-13
문정1동-049,1,서울특별시 송파구 문정로5길13,서울특별시 송파구 문정1동 15,,,,,02-2147-3328,서울특별시 송파구청,2022-12-13
문정1동-050,1,서울특별시 송파구 문정로5길13,서울특별시 송파구 문정1동 15,,,,,02-2147-3328,서울특별시 송파구청,2022-12-13
문정1동-051,1,서울특별시 송파구 문정로5길5,서울특별시 송파구 문정1동 16-5,,,,,02-2147-3328,서울특별시 송파구청,2022-12-13
문정1동-052,1,서울특별시 송파구 문정로5길3-6,서울특별시 송파구 문정1동 16-6,,,,,02-2147-3328,서울특별시 송파구청,2022-12-13
문정1동-053,1,서울특별시 송파구 송이로32길 29,서울특별시 송파구 문정1동 13-7,,,,,02-2147-3328,서울특별시 송파구청,2022-12-13
문정1동-054,1,서울특별시 송파구 문정로5길 17-19,서울특별시 송파구 문정1동 14-4,,,,,02-2147-3328,서울특별시 송파구청,2022-12-13
문정1동-055,1,서울특별시 송파구 문정로5길 13-20,서울특별시 송파구 문정1동 14-6,,,,,02-2147-3328,서울특별시 송파구청,2022-12-13
문정1동-056,1,서울특별시 송파구 문정로5길 3-16,서울특별시 송파구 문정1동 16,,,,,02-2147-3328,서울특별시 송파구청,2022-12-13
문정1동-057,1,서울특별시 송파구 문정로,서울특별시 송파구 문정1동 42-3,,,,,02-2147-3328,서울특별시 송파구청,2022-12-13
문정1동-058,1,서울특별시 송파구 동남로2길3-14,서울특별시 송파구 문정1동 43-2,,,,,02-2147-3328,서울특별시 송파구청,2022-12-13
문정1동-059,1,서울특별시 송파구 송이로36길2,서울특별시 송파구 문정1동 110-7,,,,,02-2147-3328,서울특별시 송파구청,2022-12-13
문정1동-060,1,서울특별시 송파구 송이로,서울특별시 송파구 문정1동 41-13,,,,,02-2147-3328,서울특별시 송파구청,2022-12-13
문정1동-061,1,서울특별시 송파구 문정로1길34,서울특별시 송파구 문정1동 41-7,,,,,02-2147-3328,서울특별시 송파구청,2022-12-13
문정1동-062,1,서울특별시 송파구 동남로2길5-9,서울특별시 송파구 문정1동 43-11,,,,,02-2147-3328,서울특별시 송파구청,2022-12-13
문정1동-063,1,서울특별시 송파구 동남로2길5,서울특별시 송파구 문정1동 43-8,,,,,02-2147-3328,서울특별시 송파구청,2022-12-13
문정1동-064,1,서울특별시 송파구 새말로171,서울특별시 송파구 문정1동 111,,,,,02-2147-3328,서울특별시 송파구청,2022-12-13
문정1동-065,1,서울특별시 송파구 동남로2길15,서울특별시 송파구 문정1동 46-8,,,,,02-2147-3328,서울특별시 송파구청,2022-12-13
문정1동-066,1,서울특별시 송파구 동남로2길13-4,서울특별시 송파구 문정1동 46-7,,,,,02-2147-3328,서울특별시 송파구청,2022-12-13
문정1동-067,1,서울특별시 송파구 동남로2길13-14,서울특별시 송파구 문정1동 46-4,,,,,02-2147-3328,서울특별시 송파구청,2022-12-13
문정1동-068,1,서울특별시 송파구 동남로2길13-18,서울특별시 송파구 문정1동 46-2,,,,,02-2147-3328,서울특별시 송파구청,2022-12-13
문정1동-069,1,서울특별시 송파구 동남로4길36,서울특별시 송파구 문정1동 40,,,,,02-2147-3328,서울특별시 송파구청,2022-12-13
문정1동-070,1,서울특별시 송파구 문정로1길10,서울특별시 송파구 문정1동 40-19,,,,,02-2147-3328,서울특별시 송파구청,2022-12-13
문정1동-071,1,서울특별시 송파구 송파대로22길24,서울특별시 송파구 문정1동 40-10,,,,,02-2147-3328,서울특별시 송파구청,2022-12-13
문정1동-072,1,서울특별시 송파구 송파대로길16-3,서울특별시 송파구 문정1동 47-8,,,,,02-2147-3328,서울특별시 송파구청,2022-12-13
문정1동-073,1,서울특별시 송파구 송파대로길14-1,서울특별시 송파구 문정1동 47-10,,,,,02-2147-3328,서울특별시 송파구청,2022-12-13
문정1동-074,1,서울특별시 송파구 문정로1길13,서울특별시 송파구 문정1동 48-8,,,,,02-2147-3328,서울특별시 송파구청,2022-12-13
문정1동-075,1,서울특별시 송파구 동남로2길21-7,서울특별시 송파구 문정1동 48-12,,,,,02-2147-3328,서울특별시 송파구청,2022-12-13
문정1동-076,1,서울특별시 송파구 송파대로22길12,서울특별시 송파구 문정1동 48,,,,,02-2147-3328,서울특별시 송파구청,2022-12-13
문정1동-077,1,서울특별시 송파구 문정로1길15-17,서울특별시 송파구 문정1동 48-1,,,,,02-2147-3328,서울특별시 송파구청,2022-12-13
문정1동-078,1,서울특별시 송파구 동남로2길27-8,서울특별시 송파구 문정1동 50-2,,,,,02-2147-3328,서울특별시 송파구청,2022-12-13
문정1동-079,1,서울특별시 송파구 새말로15길 16-22,서울특별시 송파구 문정1동 105-11,,,,,02-2147-3328,서울특별시 송파구청,2022-12-13
문정1동-080,1,서울특별시 송파구 새말로,서울특별시 송파구 문정1동 50,,,,,02-2147-3328,서울특별시 송파구청,2022-12-13
문정1동-081,1,서울특별시 송파구 동남로2길33,서울특별시 송파구 문정1동 51,,,,,02-2147-3328,서울특별시 송파구청,2022-12-13
문정1동-082,1,서울특별시 송파구 동남로2길 31-8,서울특별시 송파구 문정1동 51-1,,,,,02-2147-3328,서울특별시 송파구청,2022-12-13
문정1동-083,1,서울특별시 송파구 동남로2길6,서울특별시 송파구 문정1동 53-8,,,,,02-2147-3328,서울특별시 송파구청,2022-12-13
문정1동-084,1,서울특별시 송파구 동남로2길18,서울특별시 송파구 문정1동 53,,,,,02-2147-3328,서울특별시 송파구청,2022-12-13
문정1동-085,1,서울특별시 송파구 송파대로22길5,서울특별시 송파구 문정1동 53-19,,,,,02-2147-3328,서울특별시 송파구청,2022-12-13
문정1동-086,1,서울특별시 송파구 송파대로22길5-12,서울특별시 송파구 문정1동 53-17,,,,,02-2147-3328,서울특별시 송파구청,2022-12-13
문정1동-087,1,서울특별시 송파구 송파대로22길5-20,서울특별시 송파구 문정1동 53-13,,,,,02-2147-3328,서울특별시 송파구청,2022-12-13
문정1동-088,1,서울특별시 송파구 송파대로22길5-26,서울특별시 송파구 문정1동 54-4,,,,,02-2147-3328,서울특별시 송파구청,2022-12-13
문정1동-089,1,서울특별시 송파구 동남로2길20,서울특별시 송파구 문정1동 52-8,,,,,02-2147-3328,서울특별시 송파구청,2022-12-13
문정1동-090,1,서울특별시 송파구 동남로2길26,서울특별시 송파구 문정1동 52-3,,,,,02-2147-3328,서울특별시 송파구청,2022-12-13
문정1동-091,1,서울특별시 송파구 송파대로22길4-19,서울특별시 송파구 문정1동 52-16,,,,,02-2147-3328,서울특별시 송파구청,2022-12-13
문정1동-092,1,서울특별시 송파구 송파대로22길6,서울특별시 송파구 문정1동 52-9,,,,,02-2147-3328,서울특별시 송파구청,2022-12-13
문정1동-093,1,서울특별시 송파구 송파대로22길6,서울특별시 송파구 문정1동 52-9,,,,,02-2147-3328,서울특별시 송파구청,2022-12-13
문정1동-094,1,서울특별시 송파구 송파대로22길4,서울특별시 송파구 문정1동 52-11,,,,,02-2147-3328,서울특별시 송파구청,2022-12-13
문정1동-095,1,서울특별시 송파구 송파대로180,서울특별시 송파구 문정1동 55-6,,,,,02-2147-3328,서울특별시 송파구청,2022-12-13
문정1동-096,1,서울특별시 송파구 동남로2길 32,서울특별시 송파구 문정1동 55-9,,,,,02-2147-3328,서울특별시 송파구청,2022-12-13
문정1동-097,1,서울특별시 송파구 송파대로20길 20,서울특별시 송파구 문정1동 62,,,,,02-2147-3328,서울특별시 송파구청,2022-12-13
문정1동-098,1,서울특별시 송파구 새말로5길31,서울특별시 송파구 문정1동 56-3,,,,,02-2147-3328,서울특별시 송파구청,2022-12-13
문정1동-099,1,서울특별시 송파구 새말로5길31,서울특별시 송파구 문정1동 56-4,,,,,02-2147-3328,서울특별시 송파구청,2022-12-13
문정1동-100,1,서울특별시 송파구 송파대로18길7-1,서울특별시 송파구 문정1동 60-6,,,,,02-2147-3328,서울특별시 송파구청,2022-12-13
문정1동-101,1,서울특별시 송파구 새말로5길24,서울특별시 송파구 문정1동 59,,,,,02-2147-3328,서울특별시 송파구청,2022-12-13
문정1동-102,1,서울특별시 송파구 새말로,서울특별시 송파구 문정1동 62,,,,,02-2147-3328,서울특별시 송파구청,2022-12-13
문정1동-103,1,서울특별시 송파구 송이로36길 52-12,서울특별시 송파구 문정1동 94-11,,,,,02-2147-3328,서울특별시 송파구청,2022-12-13
문정1동-104,1,서울특별시 송파구 송이로,서울특별시 송파구 문정1동 58-16,,,,,02-2147-3328,서울특별시 송파구청,2022-12-13
문정1동-105,1,서울특별시 송파구 송이로,서울특별시 송파구 문정1동 63-20,,,,,02-2147-3328,서울특별시 송파구청,2022-12-13
문정1동-106,1,서울특별시 송파구 송이로,서울특별시 송파구 문정1동 63-20,,,,,02-2147-3328,서울특별시 송파구청,2022-12-13
문정1동-107,1,서울특별시 송파구 송파대로14길7-12,서울특별시 송파구 문정1동 66-4,,,,,02-2147-3328,서울특별시 송파구청,2022-12-13
문정1동-108,1,서울특별시 송파구 송파대로14길7-20,서울특별시 송파구 문정1동 66-1,,,,,02-2147-3328,서울특별시 송파구청,2022-12-13
문정1동-109,1,서울특별시 송파구 송파대로14길9,서울특별시 송파구 문정1동 67-16,,,,,02-2147-3328,서울특별시 송파구청,2022-12-13
문정1동-110,1,서울특별시 송파구 송파대로14길7-6,서울특별시 송파구 문정1동 67,,,,,02-2147-3328,서울특별시 송파구청,2022-12-13
문정1동-111,1,서울특별시 송파구 새말로5길4-18,서울특별시 송파구 문정1동 70-6,,,,,02-2147-3328,서울특별시 송파구청,2022-12-13
문정1동-112,1,서울특별시 송파구 송이로 34길 6,서울특별시 송파구 문정1동 109-10,,,,,02-2147-3328,서울특별시 송파구청,2022-12-13
문정1동-113,1,서울특별시 송파구 문정로19길 11-2,서울특별시 송파구 문정1동 39-1,,,,,02-2147-3328,서울특별시 송파구청,2022-12-13
문정1동-114,1,서울특별시 송파구 새말로125,서울특별시 송파구 문정1동 85,,,,,02-2147-3328,서울특별시 송파구청,2022-12-13
문정1동-115,1,서울특별시 송파구 송이로36길 62-19,서울특별시 송파구 문정1동 88-15,,,,,02-2147-3328,서울특별시 송파구청,2022-12-13
문정1동-116,1,서울특별시 송파구 동남로8길 21,서울특별시 송파구 문정1동 8-6,,,,,02-2147-3328,서울특별시 송파구청,2022-12-13
문정1동-117,1,서울특별시 송파구 문정로5길17-19,서울특별시 송파구 문정1동 14-4,,,,,02-2147-3328,서울특별시 송파구청,2022-12-13
문정1동-118,1,서울특별시 송파구 동남로8길24-3,서울특별시 송파구 문정1동 23-6,,,,,02-2147-3328,서울특별시 송파구청,2022-12-13
문정1동-119,1,서울특별시 송파구 동남로2길13-10,서울특별시 송파구 문정1동 46-5,,,,,02-2147-3328,서울특별시 송파구청,2022-12-13
문정1동-120,1,서울특별시 송파구 송이로32길6,서울특별시 송파구 문정1동 11-13,,,,,02-2147-3328,서울특별시 송파구청,2022-12-13
문정1동-121,1,서울특별시 송파구 새말로5길 7,서울특별시 송파구 문정1동 69,,,,,02-2147-3328,서울특별시 송파구청,2022-12-13
문정1동-122,1,서울특별시 송파구 문정로1길 15-11,서울특별시 송파구 문정1동 48-4,,,,,02-2147-3328,서울특별시 송파구청,2022-12-13
문정1동-123,1,서울특별시 송파구 새말로10길3-5,서울특별시 송파구 문정1동 82-14,,,,,02-2147-3328,서울특별시 송파구청,2022-12-13
문정1동-124,1,서울특별시 송파구 새말로8길 6,서울특별시 송파구 문정1동 71-2,,,,,02-2147-3328,서울특별시 송파구청,2022-12-13
문정1동-125,1,서울특별시 송파구 새말로6길 16-20,서울특별시 송파구 문정1동 77-14,,,,,02-2147-3328,서울특별시 송파구청,2022-12-13
문정1동-126,1,서울특별시 송파구 동남로8길3-6,서울특별시 송파구 문정1동 5-5,,,,,02-2147-3328,서울특별시 송파구청,2022-12-13
문정1동-127,1,서울특별시 송파구 동남로8길27,서울특별시 송파구 문정1동 10-9,,,,,02-2147-3328,서울특별시 송파구청,2022-12-13
문정1동-128,1,서울특별시 송파구 동남로4길36-1,서울특별시 송파구 문정1동 39,,,,,02-2147-3328,서울특별시 송파구청,2022-12-13
문정1동-129,1,서울특별시 송파구 동남로2길3-14,서울특별시 송파구 문정1동 43-2,,,,,02-2147-3328,서울특별시 송파구청,2022-12-13
문정1동-130,1,서울특별시 송파구 새말로15길14-17,서울특별시 송파구 문정1동 108,,,,,02-2147-3328,서울특별시 송파구청,2022-12-13
문정1동-131,1,서울특별시 송파구 새말로170,서울특별시 송파구 문정1동 101-2,,,,,02-2147-3328,서울특별시 송파구청,2022-12-13
문정1동-132,1,서울특별시 송파구 새말로170,서울특별시 송파구 문정1동 101-2,,,,,02-2147-3328,서울특별시 송파구청,2022-12-13
문정1동-133,1,서울특별시 송파구 새말로170,서울특별시 송파구 문정1동 101-2,,,,,02-2147-3328,서울특별시 송파구청,2022-12-13
문정1동-134,1,서울특별시 송파구 새말로15길20-6,서울특별시 송파구 문정1동 106-12,,,,,02-2147-3328,서울특별시 송파구청,2022-12-13
문정1동-135,1,서울특별시 송파구 송이로31길66,서울특별시 송파구 문정1동 146,,,,,02-2147-3328,서울특별시 송파구청,2022-12-13
문정1동-136,1,서울특별시 송파구 동남로2길27-7,서울특별시 송파구 문정1동 49-10,,,,,02-2147-3328,서울특별시 송파구청,2022-12-13
문정1동-137,1,서울특별시 송파구 동남로2길27-15,서울특별시 송파구 문정1동 49-9,,,,,02-2147-3328,서울특별시 송파구청,2022-12-13
문정1동-138,1,서울특별시 송파구 동남로2길27-8,서울특별시 송파구 문정1동 50-2,,,,,02-2147-3328,서울특별시 송파구청,2022-12-13
문정1동-139,1,서울특별시 송파구 송이로28길14,서울특별시 송파구 문정1동 6-9,,,,,02-2147-3328,서울특별시 송파구청,2022-12-13
문정1동-140,1,서울특별시 송파구 송이로28길14,서울특별시 송파구 문정1동 6-9,,,,,02-2147-3328,서울특별시 송파구청,2022-12-13
문정1동-141,1,서울특별시 송파구 새말로6길 17,서울특별시 송파구 문정1동 83-3,,,,,02-2147-3328,서울특별시 송파구청,2022-12-13
문정2동-001,1,서울특별시 송파구 새말로6길 17,서울특별시 송파구 문정2동 83-3,,,,,02-2147-3328,서울특별시 송파구청,2022-12-13
문정2동-002,1,서울특별시 송파구 중대로24,서울특별시 송파구 문정2동 150-1,,,,,02-2147-3328,서울특별시 송파구청,2022-12-13
문정2동-003,1,서울특별시 송파구 중대로24,서울특별시 송파구 문정2동 150-1,,,,,02-2147-3328,서울특별시 송파구청,2022-12-13
문정2동-004,1,서울특별시 송파구 중대로24,서울특별시 송파구 문정2동 150-1,,,,,02-2147-3328,서울특별시 송파구청,2022-12-13
문정2동-005,1,서울특별시 송파구 중대로,서울특별시 송파구 문정2동 631,,,,,02-2147-3328,서울특별시 송파구청,2022-12-13
문정2동-006,1,서울특별시 송파구 중대로,서울특별시 송파구 문정2동 632,,,,,02-2147-3328,서울특별시 송파구청,2022-12-13
문정2동-007,1,서울특별시 송파구 중대로,서울특별시 송파구 문정2동 633,,,,,02-2147-3328,서울특별시 송파구청,2022-12-13
문정2동-008,1,서울특별시 송파구 중대로,서울특별시 송파구 문정2동 634,,,,,02-2147-3328,서울특별시 송파구청,2022-12-13
문정2동-009,1,서울특별시 송파구 송이로31길20-29,서울특별시 송파구 문정2동 136-10,,,,,02-2147-3328,서울특별시 송파구청,2022-12-13
문정2동-010,1,서울특별시 송파구 새말로15길14-21,서울특별시 송파구 장지동 105-8,,,,,02-2147-3328,서울특별시 송파구청,2022-12-13
방이1동-001,1,서울특별시 송파구 양재대로71길 4-7,서울특별시 송파구 방이1동 186-6,,,,,02-2147-3326,서울특별시 송파구청,2022-12-13
방이1동-002,1,서울특별시 송파구 양재대로71길 8,서울특별시 송파구 방이1동 186-8,,,,,02-2147-3326,서울특별시 송파구청,2022-12-13
방이1동-003,1,서울특별시 송파구 양재대로71길 12,서울특별시 송파구 방이1동 186-11,,,,,02-2147-3326,서울특별시 송파구청,2022-12-13
방이1동-004,1,서울특별시 송파구 위례성대로18길 13,서울특별시 송파구 방이1동 186-13,,,,,02-2147-3326,서울특별시 송파구청,2022-12-13
방이1동-005,1,서울특별시 송파구 위례성대로18길 9-1,서울특별시 송파구 방이1동 186-15,,,,,02-2147-3326,서울특별시 송파구청,2022-12-13
방이1동-006,1,서울특별시 송파구 위례성대로18길 7,서울특별시 송파구 방이1동 186-17,,,,,02-2147-3326,서울특별시 송파구청,2022-12-13
방이1동-007,1,서울특별시 송파구 위례성대로18길 5,서울특별시 송파구 방이1동 186-19,,,,,02-2147-3326,서울특별시 송파구청,2022-12-13
방이1동-008,1,서울특별시 송파구 양재대로71길 20-28,서울특별시 송파구 방이1동 190-6,,,,,02-2147-3326,서울특별시 송파구청,2022-12-13
방이1동-009,1,서울특별시 송파구 양재대로71길5-14,서울특별시 송파구 방이1동 204-5,,,,,02-2147-3326,서울특별시 송파구청,2022-12-13
방이1동-010,1,서울특별시 송파구 위례성대로18길27,서울특별시 송파구 방이1동 204-4,,,,,02-2147-3326,서울특별시 송파구청,2022-12-13
방이1동-011,1,서울특별시 송파구 위례성대로18길27-6,서울특별시 송파구 방이1동 206-3,,,,,02-2147-3326,서울특별시 송파구청,2022-12-13
방이1동-012,1,서울특별시 송파구 양재대로71길13-8,서울특별시 송파구 방이1동 202-10,,,,,02-2147-3326,서울특별시 송파구청,2022-12-13
방이1동-013,1,서울특별시 송파구 양재대로71길13-12,서울특별시 송파구 방이1동 202-8,,,,,02-2147-3326,서울특별시 송파구청,2022-12-13
방이1동-014,1,서울특별시 송파구 양재대로71길 19-15,서울특별시 송파구 방이1동 202-5,,,,,02-2147-3326,서울특별시 송파구청,2022-12-13
방이1동-015,1,서울특별시 송파구 양재대로71길19-13,서울특별시 송파구 방이1동 202-4,,,,,02-2147-3326,서울특별시 송파구청,2022-12-13
방이1동-016,1,서울특별시 송파구 양재대로71길 19,서울특별시 송파구 방이1동 202,,,,,02-2147-3326,서울특별시 송파구청,2022-12-13
방이1동-017,1,서울특별시 송파구 위례성대로18길 29,서울특별시 송파구 방이1동 206-5,,,,,02-2147-3326,서울특별시 송파구청,2022-12-13
방이1동-018,1,서울특별시 송파구 위례성대로18길 33,서울특별시 송파구 방이1동 207-5,,,,,02-2147-3326,서울특별시 송파구청,2022-12-13
방이1동-019,1,서울특별시 송파구 오금로 31가길 20,서울특별시 송파구 방이1동 218-34,,,,,02-2147-3326,서울특별시 송파구청,2022-12-13
방이1동-020,1,서울특별시 송파구 위례성대로14길 14,서울특별시 송파구 방이1동 194-14,,,,,02-2147-3326,서울특별시 송파구청,2022-12-13
방이1동-021,1,서울특별시 송파구 양재대로71길 38,서울특별시 송파구 방이1동 193-32,,,,,02-2147-3326,서울특별시 송파구청,2022-12-13
방이1동-022,1,서울특별시 송파구 양재대로71길 32,서울특별시 송파구 방이1동 193-24,,,,,02-2147-3326,서울특별시 송파구청,2022-12-13
방이1동-023,1,서울특별시 송파구 양재대로71길 34,서울특별시 송파구 방이1동 193-25,,,,,02-2147-3326,서울특별시 송파구청,2022-12-13
방이1동-024,1,서울특별시 송파구 양재대로71길 30,서울특별시 송파구 방이1동 193-17,,,,,02-2147-3326,서울특별시 송파구청,2022-12-13
방이1동-025,1,서울특별시 송파구 양재대로71길27-22,서울특별시 송파구 방이1동 199-9,,,,,02-2147-3326,서울특별시 송파구청,2022-12-13
방이1동-026,1,서울특별시 송파구 위례성대로16길 30-12,서울특별시 송파구 방이1동 199-8,,,,,02-2147-3326,서울특별시 송파구청,2022-12-13
방이1동-027,1,서울특별시 송파구 마천로1길 10,서울특별시 송파구 방이1동 199-4,,,,,02-2147-3326,서울특별시 송파구청,2022-12-13
방이1동-028,1,서울특별시 송파구 마천로1길 14,서울특별시 송파구 방이1동 199-1,,,,,02-2147-3326,서울특별시 송파구청,2022-12-13
방이1동-029,1,서울특별시 송파구 오금로27길 50-29,서울특별시 송파구 방이1동 220,,,,,02-2147-3326,서울특별시 송파구청,2022-12-13
방이1동-030,1,서울특별시 송파구 오금로29길 31,서울특별시 송파구 방이1동 220,,,,,02-2147-3326,서울특별시 송파구청,2022-12-13
방이1동-031,1,서울특별시 송파구 오금로29길 31,서울특별시 송파구 방이1동 220-5,,,,,02-2147-3326,서울특별시 송파구청,2022-12-13
방이1동-032,1,서울특별시 송파구 오금로29길14,서울특별시 송파구 방이1동 219-10,,,,,02-2147-3326,서울특별시 송파구청,2022-12-13
방이1동-033,1,서울특별시 송파구 오금로29길 18,서울특별시 송파구 방이1동 220-5,,,,,02-2147-3326,서울특별시 송파구청,2022-12-13
방이1동-034,1,서울특별시 송파구 오금로29길 31,서울특별시 송파구 방이1동 220,,,,,02-2147-3326,서울특별시 송파구청,2022-12-13
방이1동-035,1,서울특별시 송파구 오금로29길 31,서울특별시 송파구 방이1동 220,,,,,02-2147-3326,서울특별시 송파구청,2022-12-13
방이1동-036,1,서울특별시 송파구 오금로27길 50-17,서울특별시 송파구 방이1동 220,,,,,02-2147-3326,서울특별시 송파구청,2022-12-13
방이1동-037,1,서울특별시 송파구 오금로27길 50-23,서울특별시 송파구 방이1동 220,,,,,02-2147-3326,서울특별시 송파구청,2022-12-13
방이1동-038,1,서울특별시 송파구 오금로27길 50-29,서울특별시 송파구 방이1동 220,,,,,02-2147-3326,서울특별시 송파구청,2022-12-13
방이1동-039,1,서울특별시 송파구 오금로29길4-1,서울특별시 송파구 방이1동 223-3,,,,,02-2147-3326,서울특별시 송파구청,2022-12-13
방이1동-040,1,서울특별시 송파구 오금로25길 21,서울특별시 송파구 방이1동 222-6,,,,,02-2147-3326,서울특별시 송파구청,2022-12-13
방이1동-041,1,서울특별시 송파구 오금로31길 15,서울특별시 송파구 방이1동 223-14,,,,,02-2147-3326,서울특별시 송파구청,2022-12-13
방이1동-042,1,서울특별시 송파구 오금로25길 25,서울특별시 송파구 방이1동 223-6,,,,,02-2147-3326,서울특별시 송파구청,2022-12-13
방이1동-043,1,서울특별시 송파구 가락로42길 7,서울특별시 송파구 방이1동 167-4,,,,,02-2147-3326,서울특별시 송파구청,2022-12-13
방이1동-044,1,서울특별시 송파구 가락로42길 5,서울특별시 송파구 방이1동 167-8,,,,,02-2147-3326,서울특별시 송파구청,2022-12-13
방이1동-045,1,서울특별시 송파구 위례성대로10길 3,서울특별시 송파구 방이1동 165-4,,,,,02-2147-3326,서울특별시 송파구청,2022-12-13
방이1동-046,1,서울특별시 송파구 위례성대로10길 3,서울특별시 송파구 방이1동 165-4,,,,,02-2147-3326,서울특별시 송파구청,2022-12-13
방이1동-047,1,서울특별시 송파구 가락로42길 15-13,서울특별시 송파구 방이1동 166-10,,,,,02-2147-3326,서울특별시 송파구청,2022-12-13
방이1동-048,1,서울특별시 송파구 가락로42길 15,서울특별시 송파구 방이1동 166-19,,,,,02-2147-3326,서울특별시 송파구청,2022-12-13
방이1동-049,1,서울특별시 송파구 가락로42길 11,서울특별시 송파구 방이1동 166-17,,,,,02-2147-3326,서울특별시 송파구청,2022-12-13
방이1동-050,1,서울특별시 송파구 가락로42길 11,서울특별시 송파구 방이1동 166-17,,,,,02-2147-3326,서울특별시 송파구청,2022-12-13
방이1동-051,1,서울특별시 송파구 위례성대로10길 19,서울특별시 송파구 방이1동 166-5,,,,,02-2147-3326,서울특별시 송파구청,2022-12-13
방이1동-052,1,서울특별시 송파구 위례성대로10길 15,서울특별시 송파구 방이1동 166-3,,,,,02-2147-3326,서울특별시 송파구청,2022-12-13
방이1동-053,1,서울특별시 송파구 위례성대로10길 11,서울특별시 송파구 방이1동 166-1,,,,,02-2147-3326,서울특별시 송파구청,2022-12-13
방이1동-054,1,서울특별시 송파구 위례성대로10길 7,서울특별시 송파구 방이1동 166-13,,,,,02-2147-3326,서울특별시 송파구청,2022-12-13
방이1동-055,1,서울특별시 송파구 위례성대로10길 7,서울특별시 송파구 방이1동 166-13,,,,,02-2147-3326,서울특별시 송파구청,2022-12-13
방이1동-056,1,서울특별시 송파구 위례성대로12길 19,서울특별시 송파구 방이1동 164-5,,,,,02-2147-3326,서울특별시 송파구청,2022-12-13
방이1동-057,1,서울특별시 송파구 위례성대로10길 26,서울특별시 송파구 방이1동 161-14,,,,,02-2147-3326,서울특별시 송파구청,2022-12-13
방이1동-058,1,서울특별시 송파구 위례성대로10길30,서울특별시 송파구 방이1동 161-17,,,,,02-2147-3326,서울특별시 송파구청,2022-12-13
방이1동-059,1,서울특별시 송파구 위례성대로10길 32,서울특별시 송파구 방이1동 161-2,,,,,02-2147-3326,서울특별시 송파구청,2022-12-13
방이1동-060,1,서울특별시 송파구 가락로40길 15-11,서울특별시 송파구 방이1동 162-4,,,,,02-2147-3326,서울특별시 송파구청,2022-12-13
방이1동-061,1,서울특별시 송파구 가락로40길 15-6,서울특별시 송파구 방이1동 163-1,,,,,02-2147-3326,서울특별시 송파구청,2022-12-13
방이1동-062,1,서울특별시 송파구 가락로36길 5-25,서울특별시 송파구 방이1동 135-27,,,,,02-2147-3326,서울특별시 송파구청,2022-12-13
방이1동-063,1,서울특별시 송파구 가락로 248,서울특별시 송파구 방이1동 135-5,,,,,02-2147-3326,서울특별시 송파구청,2022-12-13
방이1동-064,1,서울특별시 송파구 가락로36길 9-5,서울특별시 송파구 방이1동 134-3,,,,,02-2147-3326,서울특별시 송파구청,2022-12-13
방이1동-065,1,서울특별시 송파구 가락로36길 9,서울특별시 송파구 방이1동 134-19,,,,,02-2147-3326,서울특별시 송파구청,2022-12-13
방이1동-066,1,서울특별시 송파구 가락로36길 7,서울특별시 송파구 방이1동 134-6,,,,,02-2147-3326,서울특별시 송파구청,2022-12-13
방이1동-067,1,서울특별시 송파구 가락로36길 15,서울특별시 송파구 방이1동 131-19,,,,,02-2147-3326,서울특별시 송파구청,2022-12-13
방이1동-068,1,서울특별시 송파구 가락로36길 13,서울특별시 송파구 방이1동 131-11,,,,,02-2147-3326,서울특별시 송파구청,2022-12-13
방이1동-069,1,서울특별시 송파구 가락로36길 9-12,서울특별시 송파구 방이1동 131-9,,,,,02-2147-3326,서울특별시 송파구청,2022-12-13
방이1동-070,1,서울특별시 송파구 가락로36길 9-18,서울특별시 송파구 방이1동 131-6,,,,,02-2147-3326,서울특별시 송파구청,2022-12-13
방이1동-071,1,서울특별시 송파구 가락로38길13,서울특별시 송파구 방이1동 132-3,,,,,02-2147-3326,서울특별시 송파구청,2022-12-13
방이1동-072,1,서울특별시 송파구 가락로36길 37,서울특별시 송파구 방이1동 130-7,,,,,02-2147-3326,서울특별시 송파구청,2022-12-13
방이1동-073,1,서울특별시 송파구 가락로36길 17,서울특별시 송파구 방이1동 130,,,,,02-2147-3326,서울특별시 송파구청,2022-12-13
방이1동-074,1,서울특별시 송파구 가락로36길15-26,서울특별시 송파구 방이1동 130-2,,,,,02-2147-3326,서울특별시 송파구청,2022-12-13
방이1동-075,1,서울특별시 송파구 오금로27길 25-31,서울특별시 송파구 방이1동 127-29,,,,,02-2147-3326,서울특별시 송파구청,2022-12-13
방이1동-076,1,서울특별시 송파구 오금로27길25-5,서울특별시 송파구 방이1동 127-30,,,,,02-2147-3326,서울특별시 송파구청,2022-12-13
방이1동-077,1,서울특별시 송파구 오금로27길 25-21,서울특별시 송파구 방이1동 127-12,,,,,02-2147-3326,서울특별시 송파구청,2022-12-13
방이1동-078,1,서울특별시 송파구 오금로27길 25-23,서울특별시 송파구 방이1동 127-20,,,,,02-2147-3326,서울특별시 송파구청,2022-12-13
방이1동-079,1,서울특별시 송파구 가락로36길 10-8,서울특별시 송파구 방이1동 129-10,,,,,02-2147-3326,서울특별시 송파구청,2022-12-13
방이1동-080,1,서울특별시 송파구 가락로36길 25-24,서울특별시 송파구 방이1동 129-5,,,,,02-2147-3326,서울특별시 송파구청,2022-12-13
방이1동-081,1,서울특별시 송파구 가락로36길 10-11,서울특별시 송파구 방이1동 129-11,,,,,02-2147-3326,서울특별시 송파구청,2022-12-13
방이1동-082,1,서울특별시 송파구 가락로36길 10,서울특별시 송파구 방이1동 129-3,,,,,02-2147-3326,서울특별시 송파구청,2022-12-13
방이1동-083,1,서울특별시 송파구 가락로34길5-10,서울특별시 송파구 방이1동 127-9,,,,,02-2147-3326,서울특별시 송파구청,2022-12-13
방이1동-084,1,서울특별시 송파구 오금로27길25-31,서울특별시 송파구 방이1동 127-8,,,,,02-2147-3326,서울특별시 송파구청,2022-12-13
방이1동-085,1,서울특별시 송파구 오금로25길 10,서울특별시 송파구 방이1동 227-15,,,,,02-2147-3326,서울특별시 송파구청,2022-12-13
방이1동-086,1,서울특별시 송파구 오금로 25길 14,서울특별시 송파구 방이1동 227-4,,,,,02-2147-3326,서울특별시 송파구청,2022-12-13
방이1동-087,1,서울특별시 송파구 오금로25길 14,서울특별시 송파구 방이1동 227-3,,,,,02-2147-3326,서울특별시 송파구청,2022-12-13
방이1동-088,1,서울특별시 송파구 오금로25길 12,서울특별시 송파구 방이1동 221,,,,,02-2147-3326,서울특별시 송파구청,2022-12-13
방이1동-089,1,서울특별시 송파구 오금로25길 12,서울특별시 송파구 방이1동 221,,,,,02-2147-3326,서울특별시 송파구청,2022-12-13
방이1동-090,1,서울특별시 송파구 오금로25길 8,서울특별시 송파구 방이1동 227,,,,,02-2147-3326,서울특별시 송파구청,2022-12-13
방이1동-091,1,서울특별시 송파구 오금로25길 8,서울특별시 송파구 방이1동 221,,,,,02-2147-3326,서울특별시 송파구청,2022-12-13
방이1동-092,1,서울특별시 송파구 오금로 219,서울특별시 송파구 방이1동 125,,,,,02-2147-3326,서울특별시 송파구청,2022-12-13
방이1동-093,1,서울특별시 송파구 가락로34길 3,서울특별시 송파구 방이1동 126-17,,,,,02-2147-3326,서울특별시 송파구청,2022-12-13
방이1동-094,1,서울특별시 송파구 가락로34길 11,서울특별시 송파구 방이1동 127-18,,,,,02-2147-3326,서울특별시 송파구청,2022-12-13
방이1동-095,1,서울특별시 송파구 가락로34길 9,서울특별시 송파구 방이1동 127-28,,,,,02-2147-3326,서울특별시 송파구청,2022-12-13
방이1동-096,1,서울특별시 송파구 가락로34길 9-1,서울특별시 송파구 방이1동 127-1,,,,,02-2147-3326,서울특별시 송파구청,2022-12-13
방이1동-097,1,서울특별시 송파구 오금로 219,서울특별시 송파구 방이1동 125,,,,,02-2147-3326,서울특별시 송파구청,2022-12-13
방이1동-098,1,서울특별시 송파구 오금로 219,서울특별시 송파구 방이1동 125,,,,,02-2147-3326,서울특별시 송파구청,2022-12-13
방이1동-099,1,서울특별시 송파구 오금로31길 28,서울특별시 송파구 방이1동 215,,,,,02-2147-3326,서울특별시 송파구청,2022-12-13
방이1동-100,1,서울특별시 송파구 양재대로 1109,서울특별시 송파구 방이1동 217,,,,,02-2147-3326,서울특별시 송파구청,2022-12-13
방이1동-101,1,서울특별시 송파구 오금로27길18,서울특별시 송파구 방이1동 220-5,,,,,02-2147-3326,서울특별시 송파구청,2022-12-13
방이1동-102,1,서울특별시 송파구 오금로27길18,서울특별시 송파구 방이1동 220-5,,,,,02-2147-3326,서울특별시 송파구청,2022-12-13
방이1동-103,1,서울특별시 송파구 오금로27길18,서울특별시 송파구 방이1동 220-5,,,,,02-2147-3326,서울특별시 송파구청,2022-12-13
방이1동-104,1,서울특별시 송파구 현대로얄빌라 대각선,서울특별시 송파구 방이1동 127-5,,,,,02-2147-3326,서울특별시 송파구청,2022-12-13
방이1동-105,1,서울특별시 송파구 가락로36길 9-24,서울특별시 송파구 방이1동 131-20,,,,,02-2147-3326,서울특별시 송파구청,2022-12-13
방이1동-106,1,서울특별시 송파구 위례성대로10길 4,서울특별시 송파구 방이1동 165,,,,,02-2147-3326,서울특별시 송파구청,2022-12-13
방이1동-107,1,서울특별시 송파구 양재대로71길 16-18,서울특별시 송파구 방이1동 187-14,,,,,02-2147-3326,서울특별시 송파구청,2022-12-13
방이1동-108,1,서울특별시 송파구 오금로27길25-24,서울특별시 송파구 방이1동 129-5,,,,,02-2147-3326,서울특별시 송파구청,2022-12-13
방이1동-109,1,서울특별시 송파구 위례성대로12길5-6,서울특별시 송파구 방이1동 196,,,,,02-2147-3326,서울특별시 송파구청,2022-12-13
방이1동-110,1,서울특별시 송파구 위례성대로12길5-6,서울특별시 송파구 방이1동 196,,,,,02-2147-3326,서울특별시 송파구청,2022-12-13
방이1동-111,1,서울특별시 송파구 오금로27길45,서울특별시 송파구 방이1동 130-18,,,,,02-2147-3326,서울특별시 송파구청,2022-12-13
방이1동-112,1,서울특별시 송파구 양재대로71길13-8,서울특별시 송파구 방이1동 202-10,,,,,02-2147-3326,서울특별시 송파구청,2022-12-13
방이1동-113,1,서울특별시 송파구 오금로31길 16-3,서울특별시 송파구 방이1동 218-33,,,,,02-2147-3326,서울특별시 송파구청,2022-12-13
방이2동-001,1,서울특별시 송파구 올림픽로 348,서울특별시 송파구 방이2동 35,,,,,02-2147-3326,서울특별시 송파구청,2022-12-13
방이2동-002,1,서울특별시 송파구 오금로 87,서울특별시 송파구 방이2동 22-5,,,,,02-2147-3326,서울특별시 송파구청,2022-12-13
방이2동-003,1,서울특별시 송파구 오금로11길 11-15,서울특별시 송파구 방이2동 28-8,,,,,02-2147-3326,서울특별시 송파구청,2022-12-13
방이2동-004,1,서울특별시 송파구 오금로11길 11-11,서울특별시 송파구 방이2동 28-4,,,,,02-2147-3326,서울특별시 송파구청,2022-12-13
방이2동-005,1,서울특별시 송파구 오금로11길 23-19,서울특별시 송파구 방이2동 37-3,,,,,02-2147-3326,서울특별시 송파구청,2022-12-13
방이2동-006,1,서울특별시 송파구 오금로11길 21-15,서울특별시 송파구 방이2동 36-15,,,,,02-2147-3326,서울특별시 송파구청,2022-12-13
방이2동-007,1,서울특별시 송파구 오금로11길 21-7,서울특별시 송파구 방이2동 36-4,,,,,02-2147-3326,서울특별시 송파구청,2022-12-13
방이2동-008,1,서울특별시 송파구 올림픽로32길 11,서울특별시 송파구 방이2동 36-7,,,,,02-2147-3326,서울특별시 송파구청,2022-12-13
방이2동-009,1,서울특별시 송파구 올림픽로32길 7-1,서울특별시 송파구 방이2동 36-2,,,,,02-2147-3326,서울특별시 송파구청,2022-12-13
방이2동-010,1,서울특별시 송파구 올림픽로32길 5,서울특별시 송파구 방이2동 36-1,,,,,02-2147-3326,서울특별시 송파구청,2022-12-13
방이2동-011,1,서울특별시 송파구 오금로11길23-13,서울특별시 송파구 방이2동 37-4,,,,,02-2147-3326,서울특별시 송파구청,2022-12-13
방이2동-012,1,서울특별시 송파구 오금로11길23-9,서울특별시 송파구 방이2동 37-7,,,,,02-2147-3326,서울특별시 송파구청,2022-12-13
방이2동-013,1,서울특별시 송파구 올림픽로34길 5,서울특별시 송파구 방이2동 41-5,,,,,02-2147-3326,서울특별시 송파구청,2022-12-13
방이2동-014,1,서울특별시 송파구 오금로11길 33,서울특별시 송파구 방이2동 39-2,,,,,02-2147-3326,서울특별시 송파구청,2022-12-13
방이2동-015,1,서울특별시 송파구 올림픽로34길 5,서울특별시 송파구 방이2동 41,,,,,02-2147-3326,서울특별시 송파구청,2022-12-13
방이2동-016,1,서울특별시 송파구 올림픽로34길 3-6,서울특별시 송파구 방이2동 41-13,,,,,02-2147-3326,서울특별시 송파구청,2022-12-13
방이2동-017,1,서울특별시 송파구 올림픽로34길 3-14,서울특별시 송파구 방이2동 41-16,,,,,02-2147-3326,서울특별시 송파구청,2022-12-13
방이2동-018,1,서울특별시 송파구 올림픽로34길 9-15,서울특별시 송파구 방이2동 42-3,,,,,02-2147-3326,서울특별시 송파구청,2022-12-13
방이2동-019,1,서울특별시 송파구 올림픽로34길 9-13,서울특별시 송파구 방이2동 42-4,,,,,02-2147-3326,서울특별시 송파구청,2022-12-13
방이2동-020,1,서울특별시 송파구 올림픽로34길 9,서울특별시 송파구 방이2동 42-8,,,,,02-2147-3326,서울특별시 송파구청,2022-12-13
방이2동-021,1,서울특별시 송파구 백제고분로51길27,서울특별시 송파구 방이2동 46,,,,,02-2147-3326,서울특별시 송파구청,2022-12-13
방이2동-022,1,서울특별시 송파구 백제고분로51길27,서울특별시 송파구 방이2동 46,,,,,02-2147-3326,서울특별시 송파구청,2022-12-13
방이2동-023,1,서울특별시 송파구 백제고분로51길33,서울특별시 송파구 방이2동 44-1,,,,,02-2147-3326,서울특별시 송파구청,2022-12-13
방이2동-024,1,서울특별시 송파구 오금로11길 15,서울특별시 송파구 방이2동 48-9,,,,,02-2147-3326,서울특별시 송파구청,2022-12-13
방이2동-025,1,서울특별시 송파구 오금로11길 55-17,서울특별시 송파구 방이2동 48-13,,,,,02-2147-3326,서울특별시 송파구청,2022-12-13
방이2동-026,1,서울특별시 송파구 오금로11길 55-15,서울특별시 송파구 방이2동 48-12,,,,,02-2147-3326,서울특별시 송파구청,2022-12-13
방이2동-027,1,서울특별시 송파구 오금로11길 55-15,서울특별시 송파구 방이2동 48-12,,,,,02-2147-3326,서울특별시 송파구청,2022-12-13
방이2동-028,1,서울특별시 송파구 오금로11길 55,서울특별시 송파구 방이2동 48-7,,,,,02-2147-3326,서울특별시 송파구청,2022-12-13
방이2동-029,1,서울특별시 송파구 오금로11길 55,서울특별시 송파구 방이2동 48-6,,,,,02-2147-3326,서울특별시 송파구청,2022-12-13
방이2동-030,1,서울특별시 송파구 위례성대로2길 8,서울특별시 송파구 방이2동 48,,,,,02-2147-3326,서울특별시 송파구청,2022-12-13
방이2동-031,1,서울특별시 송파구 백제고분로51길7,서울특별시 송파구 방이2동 50,,,,,02-2147-3326,서울특별시 송파구청,2022-12-13
방이2동-032,1,서울특별시 송파구 오금로11길 63,서울특별시 송파구 방이2동 50-6,,,,,02-2147-3326,서울특별시 송파구청,2022-12-13
방이2동-033,1,서울특별시 송파구 오금로13길 3-11,서울특별시 송파구 방이2동 65-7,,,,,02-2147-3326,서울특별시 송파구청,2022-12-13
방이2동-034,1,서울특별시 송파구 오금로13길 3,서울특별시 송파구 방이2동 65-4,,,,,02-2147-3326,서울특별시 송파구청,2022-12-13
방이2동-035,1,서울특별시 송파구 오금로13길 3,서울특별시 송파구 방이2동 65-4,,,,,02-2147-3326,서울특별시 송파구청,2022-12-13
방이2동-036,1,서울특별시 송파구 올림픽로32길 22,서울특별시 송파구 방이2동 63-14,,,,,02-2147-3326,서울특별시 송파구청,2022-12-13
방이2동-037,1,서울특별시 송파구 올림픽로32길 22-10,서울특별시 송파구 방이2동 63-2,,,,,02-2147-3326,서울특별시 송파구청,2022-12-13
방이2동-038,1,서울특별시 송파구 올림픽로32길 22-14,서울특별시 송파구 방이2동 63-15,,,,,02-2147-3326,서울특별시 송파구청,2022-12-13
방이2동-039,1,서울특별시 송파구 올림픽로32길 22-16,서울특별시 송파구 방이2동 63-3,,,,,02-2147-3326,서울특별시 송파구청,2022-12-13
방이2동-040,1,서울특별시 송파구 올림픽로32길 22-22,서울특별시 송파구 방이2동 63-4,,,,,02-2147-3326,서울특별시 송파구청,2022-12-13
방이2동-041,1,서울특별시 송파구 올림픽로32길 18-23,서울특별시 송파구 방이2동 63,,,,,02-2147-3326,서울특별시 송파구청,2022-12-13
방이2동-042,1,서울특별시 송파구 올림픽로32길 18-21,서울특별시 송파구 방이2동 63-6,,,,,02-2147-3326,서울특별시 송파구청,2022-12-13
방이2동-043,1,서울특별시 송파구 올림픽로32길 18-11,서울특별시 송파구 방이2동 63-1,,,,,02-2147-3326,서울특별시 송파구청,2022-12-13
방이2동-044,1,서울특별시 송파구 올림픽로32길 16,서울특별시 송파구 방이2동 63-11,,,,,02-2147-3326,서울특별시 송파구청,2022-12-13
방이2동-045,1,서울특별시 송파구 올림픽로32길 16,서울특별시 송파구 방이2동 63-12,,,,,02-2147-3326,서울특별시 송파구청,2022-12-13
방이2동-046,1,서울특별시 송파구 올림픽로32길 28,서울특별시 송파구 방이2동 62-9,,,,,02-2147-3326,서울특별시 송파구청,2022-12-13
방이2동-047,1,서울특별시 송파구 오금로13길 15,서울특별시 송파구 방이2동 62-7,,,,,02-2147-3326,서울특별시 송파구청,2022-12-13
방이2동-048,1,서울특별시 송파구 오금로13길 11,서울특별시 송파구 방이2동 62-5,,,,,02-2147-3326,서울특별시 송파구청,2022-12-13
방이2동-049,1,서울특별시 송파구 오금로13길 9,서울특별시 송파구 방이2동 62-8,,,,,02-2147-3326,서울특별시 송파구청,2022-12-13
방이2동-050,1,서울특별시 송파구 오금로15길 105,서울특별시 송파구 방이2동 66-10,,,,,02-2147-3326,서울특별시 송파구청,2022-12-13
방이2동-051,1,서울특별시 송파구 오금로15길 5-12,서울특별시 송파구 방이2동 67-2,,,,,02-2147-3326,서울특별시 송파구청,2022-12-13
방이2동-052,1,서울특별시 송파구 오금로15길 113,서울특별시 송파구 방이2동 66-7,,,,,02-2147-3326,서울특별시 송파구청,2022-12-13
방이2동-053,1,서울특별시 송파구 오금로15길 113,서울특별시 송파구 방이2동 66-4,,,,,02-2147-3326,서울특별시 송파구청,2022-12-13
방이2동-054,1,서울특별시 송파구 오금로15길 8,서울특별시 송파구 방이2동 67-5,,,,,02-2147-3326,서울특별시 송파구청,2022-12-13
방이2동-055,1,서울특별시 송파구 오금로15길 7-5,서울특별시 송파구 방이2동 67-9,,,,,02-2147-3326,서울특별시 송파구청,2022-12-13
방이2동-056,1,서울특별시 송파구 오금로15길 9-13,서울특별시 송파구 방이2동 68-11,,,,,02-2147-3326,서울특별시 송파구청,2022-12-13
방이2동-057,1,서울특별시 송파구 오금로15길 9-5,서울특별시 송파구 방이2동 68-7,,,,,02-2147-3326,서울특별시 송파구청,2022-12-13
방이2동-058,1,서울특별시 송파구 오금로15길 7-8,서울특별시 송파구 방이2동 68-5,,,,,02-2147-3326,서울특별시 송파구청,2022-12-13
방이2동-059,1,서울특별시 송파구 올림픽로32길 30,서울특별시 송파구 방이2동 69-5,,,,,02-2147-3326,서울특별시 송파구청,2022-12-13
방이2동-060,1,서울특별시 송파구 올림픽로32길 32,서울특별시 송파구 방이2동 69-4,,,,,02-2147-3326,서울특별시 송파구청,2022-12-13
방이2동-061,1,서울특별시 송파구 올림픽로32길 19-11,서울특별시 송파구 방이2동 59-12,,,,,02-2147-3326,서울특별시 송파구청,2022-12-13
방이2동-062,1,서울특별시 송파구 올림픽로32길 19-7,서울특별시 송파구 방이2동 59-8,,,,,02-2147-3326,서울특별시 송파구청,2022-12-13
방이2동-063,1,서울특별시 송파구 올림픽로32길 15,서울특별시 송파구 방이2동 59-9,,,,,02-2147-3326,서울특별시 송파구청,2022-12-13
방이2동-064,1,서울특별시 송파구 올림픽로32길 21-23,서울특별시 송파구 방이2동 60-20,,,,,02-2147-3326,서울특별시 송파구청,2022-12-13
방이2동-065,1,서울특별시 송파구 올림픽로32길49-17,서울특별시 송파구 방이2동 102-23,,,,,02-2147-3326,서울특별시 송파구청,2022-12-13
방이2동-066,1,서울특별시 송파구 올림픽로32길 21-11,서울특별시 송파구 방이2동 60-17,,,,,02-2147-3326,서울특별시 송파구청,2022-12-13
방이2동-067,1,서울특별시 송파구 올림픽로32길 21,서울특별시 송파구 방이2동 60-14,,,,,02-2147-3326,서울특별시 송파구청,2022-12-13
방이2동-068,1,서울특별시 송파구 올림픽로32길 21,서울특별시 송파구 방이2동 60-5,,,,,02-2147-3326,서울특별시 송파구청,2022-12-13
방이2동-069,1,서울특별시 송파구 올림픽로32길37-19,서울특별시 송파구 방이2동 61-10,,,,,02-2147-3326,서울특별시 송파구청,2022-12-13
방이2동-070,1,서울특별시 송파구 올림픽로32길 27,서울특별시 송파구 방이2동 61-7,,,,,02-2147-3326,서울특별시 송파구청,2022-12-13
방이2동-071,1,서울특별시 송파구 올림픽로32길 70-1,서울특별시 송파구 방이2동 70-1,,,,,02-2147-3326,서울특별시 송파구청,2022-12-13
방이2동-072,1,서울특별시 송파구 올림픽로32길 39-27,서울특별시 송파구 방이2동 98-9,,,,,02-2147-3326,서울특별시 송파구청,2022-12-13
방이2동-073,1,서울특별시 송파구 올림픽로32길 39-27,서울특별시 송파구 방이2동 98-9,,,,,02-2147-3326,서울특별시 송파구청,2022-12-13
방이2동-074,1,서울특별시 송파구 올림픽로32길 39-9,서울특별시 송파구 방이2동 98-14,,,,,02-2147-3326,서울특별시 송파구청,2022-12-13
방이2동-075,1,서울특별시 송파구 올림픽로32길 39,서울특별시 송파구 방이2동 98-16,,,,,02-2147-3326,서울특별시 송파구청,2022-12-13
방이2동-076,1,서울특별시 송파구 올림픽로32길 37-4,서울특별시 송파구 방이2동 98-6,,,,,02-2147-3326,서울특별시 송파구청,2022-12-13
방이2동-077,1,서울특별시 송파구 올림픽로32길 19-36,서울특별시 송파구 방이2동 98,,,,,02-2147-3326,서울특별시 송파구청,2022-12-13
방이2동-078,1,서울특별시 송파구 위례성대로2길 35-8,서울특별시 송파구 방이2동 102-11,,,,,02-2147-3326,서울특별시 송파구청,2022-12-13
방이2동-079,1,서울특별시 송파구 위례성대로12길 49,서울특별시 송파구 방이2동 102-15,,,,,02-2147-3326,서울특별시 송파구청,2022-12-13
방이2동-080,1,서울특별시 송파구 위례성대로2길 43,서울특별시 송파구 방이2동 102-12,,,,,02-2147-3326,서울특별시 송파구청,2022-12-13
방이2동-081,1,서울특별시 송파구 위례성대로2길 39,서울특별시 송파구 방이2동 102-21,,,,,02-2147-3326,서울특별시 송파구청,2022-12-13
방이2동-082,1,서울특별시 송파구 위례성대로2길 35-2,서울특별시 송파구 방이2동 102,,,,,02-2147-3326,서울특별시 송파구청,2022-12-13
방이2동-083,1,서울특별시 송파구 오금로17길 33,서울특별시 송파구 방이2동 103-7,,,,,02-2147-3326,서울특별시 송파구청,2022-12-13
방이2동-084,1,서울특별시 송파구 올림픽로32길 15,서울특별시 송파구 방이2동 103-15,,,,,02-2147-3326,서울특별시 송파구청,2022-12-13
방이2동-085,1,서울특별시 송파구 올림픽로32길 51,서울특별시 송파구 방이2동 103-14,,,,,02-2147-3326,서울특별시 송파구청,2022-12-13
방이2동-086,1,서울특별시 송파구 위레성대로2길 35-12,서울특별시 송파구 방이2동 103,,,,,02-2147-3326,서울특별시 송파구청,2022-12-13
방이2동-087,1,서울특별시 송파구 위례성대로2길 35-24,서울특별시 송파구 방이2동 106-5,,,,,02-2147-3326,서울특별시 송파구청,2022-12-13
방이2동-088,1,서울특별시 송파구 가락로36길15-9,서울특별시 송파구 방이2동 131-16,,,,,02-2147-3326,서울특별시 송파구청,2022-12-13
방이2동-089,1,서울특별시 송파구 위례성대로2길 35-24,서울특별시 송파구 방이2동 106-5,,,,,02-2147-3326,서울특별시 송파구청,2022-12-13
방이2동-090,1,서울특별시 송파구 올림픽로32길 57-34,서울특별시 송파구 방이2동 107,,,,,02-2147-3326,서울특별시 송파구청,2022-12-13
방이2동-091,1,서울특별시 송파구 위례성대로2길 36,서울특별시 송파구 방이2동 58-17,,,,,02-2147-3326,서울특별시 송파구청,2022-12-13
방이2동-092,1,서울특별시 송파구 위례성대로2길 31,서울특별시 송파구 방이2동 55-19,,,,,02-2147-3326,서울특별시 송파구청,2022-12-13
방이2동-093,1,서울특별시 송파구 위례성대로2길 30,서울특별시 송파구 방이2동 55-19,,,,,02-2147-3326,서울특별시 송파구청,2022-12-13
방이2동-094,1,서울특별시 송파구 위례성대로8길28,서울특별시 송파구 방이2동 157,,,,,02-2147-3326,서울특별시 송파구청,2022-12-13
방이2동-095,1,서울특별시 송파구 위례성대로2길 22,서울특별시 송파구 방이2동 55-8,,,,,02-2147-3326,서울특별시 송파구청,2022-12-13
방이2동-096,1,서울특별시 송파구 오금로11길 55,서울특별시 송파구 방이2동 48-5,,,,,02-2147-3326,서울특별시 송파구청,2022-12-13
방이2동-097,1,서울특별시 송파구 오금로11길 61,서울특별시 송파구 방이2동 49-6,,,,,02-2147-3326,서울특별시 송파구청,2022-12-13
방이2동-098,1,서울특별시 송파구 오금로11길 63,서울특별시 송파구 방이2동 50-5,,,,,02-2147-3326,서울특별시 송파구청,2022-12-13
방이2동-099,1,서울특별시 송파구 오금로11길 34,서울특별시 송파구 방이2동 58,,,,,02-2147-3326,서울특별시 송파구청,2022-12-13
방이2동-100,1,서울특별시 송파구 올림픽로34길 18,서울특별시 송파구 방이2동 58-23,,,,,02-2147-3326,서울특별시 송파구청,2022-12-13
방이2동-101,1,서울특별시 송파구 올림픽로34길 20-1,서울특별시 송파구 방이2동 58-1,,,,,02-2147-3326,서울특별시 송파구청,2022-12-13
방이2동-102,1,서울특별시 송파구 올림픽로34길 24,서울특별시 송파구 방이2동 58-11,,,,,02-2147-3326,서울특별시 송파구청,2022-12-13
방이2동-103,1,서울특별시 송파구 올림픽로34길 28,서울특별시 송파구 방이2동 58-15,,,,,02-2147-3326,서울특별시 송파구청,2022-12-13
방이2동-104,1,서울특별시 송파구 올림픽로32길 19-33,서울특별시 송파구 방이2동 58-9,,,,,02-2147-3326,서울특별시 송파구청,2022-12-13
방이2동-105,1,서울특별시 송파구 올림픽로32길 19-27,서울특별시 송파구 방이2동 58-31,,,,,02-2147-3326,서울특별시 송파구청,2022-12-13
방이2동-106,1,서울특별시 송파구 올림픽로34길 44,서울특별시 송파구 방이2동 56-1,,,,,02-2147-3326,서울특별시 송파구청,2022-12-13
방이2동-107,1,서울특별시 송파구 올림픽로34길 44,서울특별시 송파구 방이2동 56-1,,,,,02-2147-3326,서울특별시 송파구청,2022-12-13
방이2동-108,1,서울특별시 송파구 오금로11길 50,서울특별시 송파구 방이2동 55,,,,,02-2147-3326,서울특별시 송파구청,2022-12-13
방이2동-109,1,서울특별시 송파구 오금로11길 44,서울특별시 송파구 방이2동 56,,,,,02-2147-3326,서울특별시 송파구청,2022-12-13
방이2동-110,1,서울특별시 송파구 오금로17길 143,서울특별시 송파구 방이2동 109-6,,,,,02-2147-3326,서울특별시 송파구청,2022-12-13
방이2동-111,1,서울특별시 송파구 오금로15길 2,서울특별시 송파구 방이2동 109,,,,,02-2147-3326,서울특별시 송파구청,2022-12-13
방이2동-112,1,서울특별시 송파구 오금로17길 5-37,서울특별시 송파구 방이2동 109-1,,,,,02-2147-3326,서울특별시 송파구청,2022-12-13
방이2동-113,1,서울특별시 송파구 오금로17길 5-35,서울특별시 송파구 방이2동 109-2,,,,,02-2147-3326,서울특별시 송파구청,2022-12-13
방이2동-114,1,서울특별시 송파구 오금로15길 6,서울특별시 송파구 방이2동 71-13,,,,,02-2147-3326,서울특별시 송파구청,2022-12-13
방이2동-115,1,서울특별시 송파구 오금로15길 10,서울특별시 송파구 방이2동 71-2,,,,,02-2147-3326,서울특별시 송파구청,2022-12-13
방이2동-116,1,서울특별시 송파구 오금로15길 12,서울특별시 송파구 방이2동 71-11,,,,,02-2147-3326,서울특별시 송파구청,2022-12-13
방이2동-117,1,서울특별시 송파구 오금로15길 14,서울특별시 송파구 방이2동 71-1,,,,,02-2147-3326,서울특별시 송파구청,2022-12-13
방이2동-118,1,서울특별시 송파구 오금로15길 16,서울특별시 송파구 방이2동 71,,,,,02-2147-3326,서울특별시 송파구청,2022-12-13
방이2동-119,1,서울특별시 송파구 올림픽로32길 32,서울특별시 송파구 방이2동 71-9,,,,,02-2147-3326,서울특별시 송파구청,2022-12-13
방이2동-120,1,서울특별시 송파구 올림픽로32길 42-6,서울특별시 송파구 방이2동 93-7,,,,,02-2147-3326,서울특별시 송파구청,2022-12-13
방이2동-121,1,서울특별시 송파구 올림픽로32길 42-14,서울특별시 송파구 방이2동 93-10,,,,,02-2147-3326,서울특별시 송파구청,2022-12-13
방이2동-122,1,서울특별시 송파구 올림픽로32길 42-26,서울특별시 송파구 방이2동 93-4,,,,,02-2147-3326,서울특별시 송파구청,2022-12-13
방이2동-123,1,서울특별시 송파구 올림픽로32길 36-21,서울특별시 송파구 방이2동 93-13,,,,,02-2147-3326,서울특별시 송파구청,2022-12-13
방이2동-124,1,서울특별시 송파구 올림픽로32길 36-15,서울특별시 송파구 방이2동 93-18,,,,,02-2147-3326,서울특별시 송파구청,2022-12-13
방이2동-125,1,서울특별시 송파구 올림픽로32길 36-9,서울특별시 송파구 방이2동 93-16,,,,,02-2147-3326,서울특별시 송파구청,2022-12-13
방이2동-126,1,서울특별시 송파구 올림픽로32길 38,서울특별시 송파구 방이2동 93,,,,,02-2147-3326,서울특별시 송파구청,2022-12-13
방이2동-127,1,서울특별시 송파구 올림픽로32길 44,서울특별시 송파구 방이2동 100,,,,,02-2147-3326,서울특별시 송파구청,2022-12-13
방이2동-128,1,서울특별시 송파구 올림픽로32길 44,서울특별시 송파구 방이2동 100,,,,,02-2147-3326,서울특별시 송파구청,2022-12-13
방이2동-129,1,서울특별시 송파구 위례성대로2길 63,서울특별시 송파구 방이2동 101-16,,,,,02-2147-3326,서울특별시 송파구청,2022-12-13
방이2동-130,1,서울특별시 송파구 위례성대로2길 59,서울특별시 송파구 방이2동 101-12,,,,,02-2147-3326,서울특별시 송파구청,2022-12-13
방이2동-131,1,서울특별시 송파구 위례성대로2길 55,서울특별시 송파구 방이2동 101-9,,,,,02-2147-3326,서울특별시 송파구청,2022-12-13
방이2동-132,1,서울특별시 송파구 올림픽로32길 48,서울특별시 송파구 방이2동 101,,,,,02-2147-3326,서울특별시 송파구청,2022-12-13
방이2동-133,1,서울특별시 송파구 올림픽로32길 50,서울특별시 송파구 방이2동 101-7,,,,,02-2147-3326,서울특별시 송파구청,2022-12-13
방이2동-134,1,서울특별시 송파구 올림픽로32길50-25,서울특별시 송파구 방이2동 104-6,,,,,02-2147-3326,서울특별시 송파구청,2022-12-13
방이2동-135,1,서울특별시 송파구 올림픽로32길 50-17,서울특별시 송파구 방이2동 104-1,,,,,02-2147-3326,서울특별시 송파구청,2022-12-13
방이2동-136,1,서울특별시 송파구 올림픽로32길 52,서울특별시 송파구 방이2동 104,,,,,02-2147-3326,서울특별시 송파구청,2022-12-13
방이2동-137,1,서울특별시 송파구 오금로17길 17,서울특별시 송파구 방이2동 104-5,,,,,02-2147-3326,서울특별시 송파구청,2022-12-13
방이2동-138,1,서울특별시 송파구 올림픽로32길 58-14,서울특별시 송파구 방이2동 105-15,,,,,02-2147-3326,서울특별시 송파구청,2022-12-13
방이2동-139,1,서울특별시 송파구 오금로17길 10,서울특별시 송파구 방이2동 105-5,,,,,02-2147-3326,서울특별시 송파구청,2022-12-13
방이2동-140,1,서울특별시 송파구 오금로17길 14,서울특별시 송파구 방이2동 105-11,,,,,02-2147-3326,서울특별시 송파구청,2022-12-13
방이2동-141,1,서울특별시 송파구 오금로17길16,서울특별시 송파구 방이2동 105-11,,,,,02-2147-3326,서울특별시 송파구청,2022-12-13
방이2동-142,1,서울특별시 송파구 오금로17길 58,서울특별시 송파구 방이2동 105-4,,,,,02-2147-3326,서울특별시 송파구청,2022-12-13
방이2동-143,1,서울특별시 송파구 올림픽로32길 463,서울특별시 송파구 방이2동 108,,,,,02-2147-3326,서울특별시 송파구청,2022-12-13
방이2동-144,1,서울특별시 송파구 백제고분로50길 7-4,서울특별시 송파구 방이2동 179-12,,,,,02-2147-3326,서울특별시 송파구청,2022-12-13
방이2동-145,1,서울특별시 송파구 백제고분로50길7-7,서울특별시 송파구 방이2동 180-18,,,,,02-2147-3326,서울특별시 송파구청,2022-12-13
방이2동-146,1,서울특별시 송파구 백제고분로50길7-18,서울특별시 송파구 방이2동 179-1,,,,,02-2147-3326,서울특별시 송파구청,2022-12-13
방이2동-147,1,서울특별시 송파구 백제고분로50길 508,서울특별시 송파구 방이2동 180-16,,,,,02-2147-3326,서울특별시 송파구청,2022-12-13
방이2동-148,1,서울특별시 송파구 백제고분로50길 512,서울특별시 송파구 방이2동 180,,,,,02-2147-3326,서울특별시 송파구청,2022-12-13
방이2동-149,1,서울특별시 송파구 백제고분로50길 180-11,서울특별시 송파구 방이2동 180-11,,,,,02-2147-3326,서울특별시 송파구청,2022-12-13
방이2동-150,1,서울특별시 송파구 위례성대로 36,서울특별시 송파구 방이2동 180-7,,,,,02-2147-3326,서울특별시 송파구청,2022-12-13
방이2동-151,1,서울특별시 송파구 위례성대로4길 7,서울특별시 송파구 방이2동 178-7,,,,,02-2147-3326,서울특별시 송파구청,2022-12-13
방이2동-152,1,서울특별시 송파구 백제고분로50길 11-20,서울특별시 송파구 방이2동 176-16,,,,,02-2147-3326,서울특별시 송파구청,2022-12-13
방이2동-153,1,서울특별시 송파구 백제고분로50길 11-28,서울특별시 송파구 방이2동 176-12,,,,,02-2147-3326,서울특별시 송파구청,2022-12-13
방이2동-154,1,서울특별시 송파구 백제고분로50길 15-30,서울특별시 송파구 방이2동 175,,,,,02-2147-3326,서울특별시 송파구청,2022-12-13
방이2동-155,1,서울특별시 송파구 백제고분로50길 15-22,서울특별시 송파구 방이2동 175-1,,,,,02-2147-3326,서울특별시 송파구청,2022-12-13
방이2동-156,1,서울특별시 송파구 백제고분로50길 15-16,서울특별시 송파구 방이2동 175-3,,,,,02-2147-3326,서울특별시 송파구청,2022-12-13
방이2동-157,1,서울특별시 송파구 백제고분로50길15-6,서울특별시 송파구 방이2동 175-13,,,,,02-2147-3326,서울특별시 송파구청,2022-12-13
방이2동-158,1,서울특별시 송파구 백제고분로50길 19-6,서울특별시 송파구 방이2동 174-12,,,,,02-2147-3326,서울특별시 송파구청,2022-12-13
방이2동-159,1,서울특별시 송파구 백제고분로50길 19-16,서울특별시 송파구 방이2동 174-1,,,,,02-2147-3326,서울특별시 송파구청,2022-12-13
방이2동-160,1,서울특별시 송파구 백제고분로50길 19-22,서울특별시 송파구 방이2동 174-8,,,,,02-2147-3326,서울특별시 송파구청,2022-12-13
방이2동-161,1,서울특별시 송파구 백제고분로50길 19-28,서울특별시 송파구 방이2동 174,,,,,02-2147-3326,서울특별시 송파구청,2022-12-13
방이2동-162,1,서울특별시 송파구 백제고분로50길 19-28,서울특별시 송파구 방이2동 174,,,,,02-2147-3326,서울특별시 송파구청,2022-12-13
방이2동-163,1,서울특별시 송파구 위례성대로6길 6,서울특별시 송파구 방이2동 174-6,,,,,02-2147-3326,서울특별시 송파구청,2022-12-13
방이2동-164,1,서울특별시 송파구 위례성대로6길 8,서울특별시 송파구 방이2동 174-16,,,,,02-2147-3326,서울특별시 송파구청,2022-12-13
방이2동-165,1,서울특별시 송파구 위례성대로6길 14,서울특별시 송파구 방이2동 174-3,,,,,02-2147-3326,서울특별시 송파구청,2022-12-13
방이2동-166,1,서울특별시 송파구 위례성대로6길 16,서울특별시 송파구 방이2동 174-2,,,,,02-2147-3326,서울특별시 송파구청,2022-12-13
방이2동-167,1,서울특별시 송파구 백제고분로50길 31,서울특별시 송파구 방이2동 172-19,,,,,02-2147-3326,서울특별시 송파구청,2022-12-13
방이2동-168,1,서울특별시 송파구 백제고분로50길 29-9,서울특별시 송파구 방이2동 173-5,,,,,02-2147-3326,서울특별시 송파구청,2022-12-13
방이2동-169,1,서울특별시 송파구 백제고분로50길 29-19,서울특별시 송파구 방이2동 173-7,,,,,02-2147-3326,서울특별시 송파구청,2022-12-13
방이2동-170,1,서울특별시 송파구 백제고분로50길 5,서울특별시 송파구 방이2동 173,,,,,02-2147-3326,서울특별시 송파구청,2022-12-13
방이2동-171,1,서울특별시 송파구 위례성대로 58,서울특별시 송파구 방이2동 171,,,,,02-2147-3326,서울특별시 송파구청,2022-12-13
방이2동-172,1,서울특별시 송파구 위례성대로 58,서울특별시 송파구 방이2동 171,,,,,02-2147-3326,서울특별시 송파구청,2022-12-13
방이2동-173,1,서울특별시 송파구 오금로23길71,서울특별시 송파구 방이2동 172-16,,,,,02-2147-3326,서울특별시 송파구청,2022-12-13
방이2동-174,1,서울특별시 송파구 오금로23길70,서울특별시 송파구 방이2동 170,,,,,02-2147-3326,서울특별시 송파구청,2022-12-13
방이2동-175,1,서울특별시 송파구 오금로23길 70,서울특별시 송파구 방이2동 170,,,,,02-2147-3326,서울특별시 송파구청,2022-12-13
방이2동-176,1,서울특별시 송파구 오금로23길 66,서울특별시 송파구 방이2동 170-1,,,,,02-2147-3326,서울특별시 송파구청,2022-12-13
방이2동-177,1,서울특별시 송파구 오금로23길 62,서울특별시 송파구 방이2동 170-25,,,,,02-2147-3326,서울특별시 송파구청,2022-12-13
방이2동-178,1,서울특별시 송파구 백제고분로50길 35,서울특별시 송파구 방이2동 170-8,,,,,02-2147-3326,서울특별시 송파구청,2022-12-13
방이2동-179,1,서울특별시 송파구 위례성대로8길 16,서울특별시 송파구 방이2동 170-6,,,,,02-2147-3326,서울특별시 송파구청,2022-12-13
방이2동-180,1,서울특별시 송파구 위례성대로8길 12,서울특별시 송파구 방이2동 170-22,,,,,02-2147-3326,서울특별시 송파구청,2022-12-13
방이2동-181,1,서울특별시 송파구 위례성대로8길 10,서울특별시 송파구 방이2동 170-20,,,,,02-2147-3326,서울특별시 송파구청,2022-12-13
방이2동-182,1,서울특별시 송파구 위례성대로8길 4,서울특별시 송파구 방이2동 171-6,,,,,02-2147-3326,서울특별시 송파구청,2022-12-13
방이2동-183,1,서울특별시 송파구 위례성대로8길 4,서울특별시 송파구 방이2동 168-11,,,,,02-2147-3326,서울특별시 송파구청,2022-12-13
방이2동-184,1,서울특별시 송파구 위례성대로8길 3-5,서울특별시 송파구 방이2동 168-11,,,,,02-2147-3326,서울특별시 송파구청,2022-12-13
방이2동-185,1,서울특별시 송파구 위례성대로8길3-6,서울특별시 송파구 방이2동 169-15,,,,,02-2147-3326,서울특별시 송파구청,2022-12-13
방이2동-186,1,서울특별시 송파구 백제고분로50길 41-26,서울특별시 송파구 방이2동 168-10,,,,,02-2147-3326,서울특별시 송파구청,2022-12-13
방이2동-187,1,서울특별시 송파구 백제고분로50길 41-26,서울특별시 송파구 방이2동 168-10,,,,,02-2147-3326,서울특별시 송파구청,2022-12-13
방이2동-188,1,서울특별시 송파구 백제고분로50길 41-26,서울특별시 송파구 방이2동 168-10,,,,,02-2147-3326,서울특별시 송파구청,2022-12-13
방이2동-189,1,서울특별시 송파구 백제고분로50길 41-16,서울특별시 송파구 방이2동 168-8,,,,,02-2147-3326,서울특별시 송파구청,2022-12-13
방이2동-190,1,서울특별시 송파구 백제고분로50길 41-10,서울특별시 송파구 방이2동 168-5,,,,,02-2147-3326,서울특별시 송파구청,2022-12-13
방이2동-191,1,서울특별시 송파구 백제고분로50길 43,서울특별시 송파구 방이2동 168-17,,,,,02-2147-3326,서울특별시 송파구청,2022-12-13
방이2동-192,1,서울특별시 송파구 백제고분로50길 4,서울특별시 송파구 방이2동 149-13,,,,,02-2147-3326,서울특별시 송파구청,2022-12-13
방이2동-193,1,서울특별시 송파구 백제고분로50길 4,서울특별시 송파구 방이2동 149-13,,,,,02-2147-3326,서울특별시 송파구청,2022-12-13
방이2동-194,1,서울특별시 송파구 백제고분로50길 8,서울특별시 송파구 방이2동 151-10,,,,,02-2147-3326,서울특별시 송파구청,2022-12-13
방이2동-195,1,서울특별시 송파구 백제고분로50길 12,서울특별시 송파구 방이2동 154,,,,,02-2147-3326,서울특별시 송파구청,2022-12-13
방이2동-196,1,서울특별시 송파구 백제고분로50길 14,서울특별시 송파구 방이2동 154-1,,,,,02-2147-3326,서울특별시 송파구청,2022-12-13
방이2동-197,1,서울특별시 송파구 백제고분로50길 16,서울특별시 송파구 방이2동 154-2,,,,,02-2147-3326,서울특별시 송파구청,2022-12-13
방이2동-198,1,서울특별시 송파구 백제고분로50길 20,서울특별시 송파구 방이2동 154-3,,,,,02-2147-3326,서울특별시 송파구청,2022-12-13
방이2동-199,1,서울특별시 송파구 백제고분로50길 26,서울특별시 송파구 방이2동 154-14,,,,,02-2147-3326,서울특별시 송파구청,2022-12-13
방이2동-200,1,서울특별시 송파구 백제고분로50길 30,서울특별시 송파구 방이2동 155-22,,,,,02-2147-3326,서울특별시 송파구청,2022-12-13
방이2동-201,1,서울특별시 송파구 백제고분로50길 28,서울특별시 송파구 방이2동 157,,,,,02-2147-3326,서울특별시 송파구청,2022-12-13
방이2동-202,1,서울특별시 송파구 백제고분로50길 40,서울특별시 송파구 방이2동 158,,,,,02-2147-3326,서울특별시 송파구청,2022-12-13
방이2동-203,1,서울특별시 송파구 백제고분로50길 44,서울특별시 송파구 방이2동 159,,,,,02-2147-3326,서울특별시 송파구청,2022-12-13
방이2동-204,1,서울특별시 송파구 백제고분로48가길 29,서울특별시 송파구 방이2동 149-40,,,,,02-2147-3326,서울특별시 송파구청,2022-12-13
방이2동-205,1,서울특별시 송파구 백제고분로48가길 23,서울특별시 송파구 방이2동 149-30,,,,,02-2147-3326,서울특별시 송파구청,2022-12-13
방이2동-206,1,서울특별시 송파구 오금로19길 23,서울특별시 송파구 방이2동 148-5,,,,,02-2147-3326,서울특별시 송파구청,2022-12-13
방이2동-207,1,서울특별시 송파구 오금로19길 27-1,서울특별시 송파구 방이2동 148-16,,,,,02-2147-3326,서울특별시 송파구청,2022-12-13
방이2동-208,1,서울특별시 송파구 오금로19길33,서울특별시 송파구 방이2동 148-7,,,,,02-2147-3326,서울특별시 송파구청,2022-12-13
방이2동-209,1,서울특별시 송파구 오금로19길33,서울특별시 송파구 방이2동 148-7,,,,,02-2147-3326,서울특별시 송파구청,2022-12-13
방이2동-210,1,서울특별시 송파구 백제고분로48가길 14-9,서울특별시 송파구 방이2동 144-14,,,,,02-2147-3326,서울특별시 송파구청,2022-12-13
방이2동-211,1,서울특별시 송파구 가락로39길 150,서울특별시 송파구 방이2동 150,,,,,02-2147-3326,서울특별시 송파구청,2022-12-13
방이2동-212,1,서울특별시 송파구 위례성대로4길 33,서울특별시 송파구 방이2동 152-1,,,,,02-2147-3326,서울특별시 송파구청,2022-12-13
방이2동-213,1,서울특별시 송파구 위례성대로4길 31,서울특별시 송파구 방이2동 152,,,,,02-2147-3326,서울특별시 송파구청,2022-12-13
방이2동-214,1,서울특별시 송파구 위례성대로4길 27,서울특별시 송파구 방이2동 153-9,,,,,02-2147-3326,서울특별시 송파구청,2022-12-13
방이2동-215,1,서울특별시 송파구 위례성대로4길 23,서울특별시 송파구 방이2동 154-17,,,,,02-2147-3326,서울특별시 송파구청,2022-12-13
방이2동-216,1,서울특별시 송파구 백제고분로50길 28,서울특별시 송파구 방이2동 155,,,,,02-2147-3326,서울특별시 송파구청,2022-12-13
방이2동-217,1,서울특별시 송파구 위례성대로6길25,서울특별시 송파구 방이2동 155-4,,,,,02-2147-3326,서울특별시 송파구청,2022-12-13
방이2동-218,1,서울특별시 송파구 위례성대로6길 26,서울특별시 송파구 방이2동 153-5,,,,,02-2147-3326,서울특별시 송파구청,2022-12-13
방이2동-219,1,서울특별시 송파구 위례성대로6길 24-7,서울특별시 송파구 방이2동 153-4,,,,,02-2147-3326,서울특별시 송파구청,2022-12-13
방이2동-220,1,서울특별시 송파구 위례성대로6길 24-19,서울특별시 송파구 방이2동 153-1,,,,,02-2147-3326,서울특별시 송파구청,2022-12-13
방이2동-221,1,서울특별시 송파구 위례성대로6길 24-23,서울특별시 송파구 방이2동 153-12,,,,,02-2147-3326,서울특별시 송파구청,2022-12-13
방이2동-222,1,서울특별시 송파구 위례성대로6길 24-27,서울특별시 송파구 방이2동 153-10,,,,,02-2147-3326,서울특별시 송파구청,2022-12-13
방이2동-223,1,서울특별시 송파구 위례성대로6길 30-25,서울특별시 송파구 방이2동 152-25,,,,,02-2147-3326,서울특별시 송파구청,2022-12-13
방이2동-224,1,서울특별시 송파구 위례성대로6길 30-17,서울특별시 송파구 방이2동 152-29,,,,,02-2147-3326,서울특별시 송파구청,2022-12-13
방이2동-225,1,서울특별시 송파구 위례성대로6길 32,서울특별시 송파구 방이2동 152-19,,,,,02-2147-3326,서울특별시 송파구청,2022-12-13
방이2동-226,1,서울특별시 송파구 오금로19길7-1,서울특별시 송파구 방이2동 111-7,,,,,02-2147-3326,서울특별시 송파구청,2022-12-13
방이2동-227,1,서울특별시 송파구 가락로39길 24-1,서울특별시 송파구 방이2동 152-5,,,,,02-2147-3326,서울특별시 송파구청,2022-12-13
방이2동-228,1,서울특별시 송파구 가락로39길 25,서울특별시 송파구 방이2동 144-4,,,,,02-2147-3326,서울특별시 송파구청,2022-12-13
방이2동-229,1,서울특별시 송파구 가락로39길 29,서울특별시 송파구 방이2동 144-3,,,,,02-2147-3326,서울특별시 송파구청,2022-12-13
방이2동-230,1,서울특별시 송파구 가락로39길 31,서울특별시 송파구 방이2동 144-2,,,,,02-2147-3326,서울특별시 송파구청,2022-12-13
방이2동-231,1,서울특별시 송파구 가락로39길 33-1,서울특별시 송파구 방이2동 144-1,,,,,02-2147-3326,서울특별시 송파구청,2022-12-13
방이2동-232,1,서울특별시 송파구 백제고분로48가길 14-13,서울특별시 송파구 방이2동 144-30,,,,,02-2147-3326,서울특별시 송파구청,2022-12-13
방이2동-233,1,서울특별시 송파구 백제고분로48가길 14-21,서울특별시 송파구 방이2동 144-32,,,,,02-2147-3326,서울특별시 송파구청,2022-12-13
방이2동-234,1,서울특별시 송파구 백제고분로48가길 14-23,서울특별시 송파구 방이2동 144-16,,,,,02-2147-3326,서울특별시 송파구청,2022-12-13
방이2동-235,1,서울특별시 송파구 백제고분로48가길 14-37,서울특별시 송파구 방이2동 144-11,,,,,02-2147-3326,서울특별시 송파구청,2022-12-13
방이2동-236,1,서울특별시 송파구 백제고분로48가길 14-37,서울특별시 송파구 방이2동 144-11,,,,,02-2147-3326,서울특별시 송파구청,2022-12-13
방이2동-237,1,서울특별시 송파구 위례성대로6길 44,서울특별시 송파구 방이2동 144-28,,,,,02-2147-3326,서울특별시 송파구청,2022-12-13
방이2동-238,1,서울특별시 송파구 위례성대로6길 48,서울특별시 송파구 방이2동 145-28,,,,,02-2147-3326,서울특별시 송파구청,2022-12-13
방이2동-239,1,서울특별시 송파구 오금로21길 24-7,서울특별시 송파구 방이2동 145-25,,,,,02-2147-3326,서울특별시 송파구청,2022-12-13
방이2동-240,1,서울특별시 송파구 오금로21길 23,서울특별시 송파구 방이2동 147-2,,,,,02-2147-3326,서울특별시 송파구청,2022-12-13
방이2동-241,1,서울특별시 송파구 백제고분로48길 11-14,서울특별시 송파구 방이2동 147-14,,,,,02-2147-3326,서울특별시 송파구청,2022-12-13
방이2동-242,1,서울특별시 송파구 오금로21길 32,서울특별시 송파구 방이2동 145-58,,,,,02-2147-3326,서울특별시 송파구청,2022-12-13
방이2동-243,1,서울특별시 송파구 백제고분로48길11-14,서울특별시 송파구 방이2동 147-11,,,,,02-2147-3326,서울특별시 송파구청,2022-12-13
방이2동-244,1,서울특별시 송파구 오금로21길32,서울특별시 송파구 방이2동 145-58,,,,,02-2147-3326,서울특별시 송파구청,2022-12-13
방이2동-245,1,서울특별시 송파구 백제고분로48길11-14,서울특별시 송파구 방이2동 147,,,,,02-2147-3326,서울특별시 송파구청,2022-12-13
방이2동-246,1,서울특별시 송파구 백제고분로50길 30-11,서울특별시 송파구 방이2동 156-12,,,,,02-2147-3326,서울특별시 송파구청,2022-12-13
방이2동-247,1,서울특별시 송파구 백제고분로50길30-19,서울특별시 송파구 방이2동 156-15,,,,,02-2147-3326,서울특별시 송파구청,2022-12-13
방이2동-248,1,서울특별시 송파구 백제고분로50길 30-23,서울특별시 송파구 방이2동 156-3,,,,,02-2147-3326,서울특별시 송파구청,2022-12-13
방이2동-249,1,서울특별시 송파구 가락로39길 17,서울특별시 송파구 방이2동 143-4,,,,,02-2147-3326,서울특별시 송파구청,2022-12-13
방이2동-250,1,서울특별시 송파구 가락로34길 17,서울특별시 송파구 방이2동 142-10,,,,,02-2147-3326,서울특별시 송파구청,2022-12-13
방이2동-251,1,서울특별시 송파구 백제고분로48길 29-23,서울특별시 송파구 방이2동 142-9,,,,,02-2147-3326,서울특별시 송파구청,2022-12-13
방이2동-252,1,서울특별시 송파구 백제고분로48길 29-15,서울특별시 송파구 방이2동 142-7,,,,,02-2147-3326,서울특별시 송파구청,2022-12-13
방이2동-253,1,서울특별시 송파구 백제고분로48길 29-7,서울특별시 송파구 방이2동 142-6,,,,,02-2147-3326,서울특별시 송파구청,2022-12-13
방이2동-254,1,서울특별시 송파구 오금로23길 32,서울특별시 송파구 방이2동 140-7,,,,,02-2147-3326,서울특별시 송파구청,2022-12-13
방이2동-255,1,서울특별시 송파구 오금로23길 36-1,서울특별시 송파구 방이2동 140-4,,,,,02-2147-3326,서울특별시 송파구청,2022-12-13
방이2동-256,1,서울특별시 송파구 가락로39길11,서울특별시 송파구 방이2동 139,,,,,02-2147-3326,서울특별시 송파구청,2022-12-13
방이2동-257,1,서울특별시 송파구 위례성대로8길 28,서울특별시 송파구 방이2동 157,,,,,02-2147-3326,서울특별시 송파구청,2022-12-13
방이2동-258,1,서울특별시 송파구 위례성대로8길 28,서울특별시 송파구 방이2동 157,,,,,02-2147-3326,서울특별시 송파구청,2022-12-13
방이2동-259,1,서울특별시 송파구 오금로23길 51-1,서울특별시 송파구 방이2동 156-11,,,,,02-2147-3326,서울특별시 송파구청,2022-12-13
방이2동-260,1,서울특별시 송파구 위례성대로8길 28,서울특별시 송파구 방이2동 157,,,,,02-2147-3326,서울특별시 송파구청,2022-12-13
방이2동-261,1,서울특별시 송파구 위례성대로8길25,서울특별시 송파구 방이2동 158-2,,,,,02-2147-3326,서울특별시 송파구청,2022-12-13
방이2동-262,1,서울특별시 송파구 위례성대로8길 48,서울특별시 송파구 방이2동 140-18,,,,,02-2147-3326,서울특별시 송파구청,2022-12-13
방이2동-263,1,서울특별시 송파구 백제고분로48길 47-1,서울특별시 송파구 방이2동 137-1,,,,,02-2147-3326,서울특별시 송파구청,2022-12-13
방이2동-264,1,서울특별시 송파구 백제고분로48길 41-19,서울특별시 송파구 방이2동 137-5,,,,,02-2147-3326,서울특별시 송파구청,2022-12-13
방이2동-265,1,서울특별시 송파구 가락로31길 5,서울특별시 송파구 방이2동 137-6,,,,,02-2147-3326,서울특별시 송파구청,2022-12-13
방이2동-266,1,서울특별시 송파구 가락로 261,서울특별시 송파구 방이2동 138-2,,,,,02-2147-3326,서울특별시 송파구청,2022-12-13
방이2동-267,1,서울특별시 송파구 가락로39길 7,서울특별시 송파구 방이2동 138-4,,,,,02-2147-3326,서울특별시 송파구청,2022-12-13
방이2동-268,1,서울특별시 송파구 가락로39길 3,서울특별시 송파구 방이2동 138-7,,,,,02-2147-3326,서울특별시 송파구청,2022-12-13
방이2동-269,1,서울특별시 송파구 백제고분로50길42-7,서울특별시 송파구 방이2동 159-10,,,,,02-2147-3326,서울특별시 송파구청,2022-12-13
방이2동-270,1,서울특별시 송파구 백제고분로48길4-5,서울특별시 송파구 방이2동 111-1,,,,,02-2147-3326,서울특별시 송파구청,2022-12-13
방이2동-271,1,서울특별시 송파구 백제고분로48길4-12,서울특별시 송파구 방이2동 110-9,,,,,02-2147-3326,서울특별시 송파구청,2022-12-13
방이2동-272,1,서울특별시 송파구 오금로19길5,서울특별시 송파구 방이2동 110-12,,,,,02-2147-3326,서울특별시 송파구청,2022-12-13
방이2동-273,1,서울특별시 송파구 오금로 165,서울특별시 송파구 방이2동 110-13,,,,,02-2147-3326,서울특별시 송파구청,2022-12-13
방이2동-274,1,서울특별시 송파구 오금로19길 6,서울특별시 송파구 방이2동 114-13,,,,,02-2147-3326,서울특별시 송파구청,2022-12-13
방이2동-275,1,서울특별시 송파구 백제고분로48길12-18,서울특별시 송파구 방이2동 112-6,,,,,02-2147-3326,서울특별시 송파구청,2022-12-13
방이2동-276,1,서울특별시 송파구 백제고분로48길 12-13,서울특별시 송파구 방이2동 113-2,,,,,02-2147-3326,서울특별시 송파구청,2022-12-13
방이2동-277,1,서울특별시 송파구 백제고분로48길 12-19,서울특별시 송파구 방이2동 113-8,,,,,02-2147-3326,서울특별시 송파구청,2022-12-13
방이2동-278,1,서울특별시 송파구 오금로21길 5-23,서울특별시 송파구 방이2동 114-1,,,,,02-2147-3326,서울특별시 송파구청,2022-12-13
방이2동-279,1,서울특별시 송파구 가락로33길 29,서울특별시 송파구 방이2동 115,,,,,02-2147-3326,서울특별시 송파구청,2022-12-13
방이2동-280,1,서울특별시 송파구 백제고분로48나길 3-19,서울특별시 송파구 방이2동 119-8,,,,,02-2147-3326,서울특별시 송파구청,2022-12-13
방이2동-281,1,서울특별시 송파구 백제고분로48나길 3-25,서울특별시 송파구 방이2동 119-6,,,,,02-2147-3326,서울특별시 송파구청,2022-12-13
방이2동-282,1,서울특별시 송파구 백제고분로48나길 7-13,서울특별시 송파구 방이2동 120,,,,,02-2147-3326,서울특별시 송파구청,2022-12-13
방이2동-283,1,서울특별시 송파구 백제고분로48나길 7-14,서울특별시 송파구 방이2동 117-20,,,,,02-2147-3326,서울특별시 송파구청,2022-12-13
방이2동-284,1,서울특별시 송파구 백제고분로48나길 7-17,서울특별시 송파구 방이2동 120-2,,,,,02-2147-3326,서울특별시 송파구청,2022-12-13
방이2동-285,1,서울특별시 송파구 백제고분로48나길 7-8,서울특별시 송파구 방이2동 117-8,,,,,02-2147-3326,서울특별시 송파구청,2022-12-13
방이2동-286,1,서울특별시 송파구 백제고분로48나길 8,서울특별시 송파구 방이2동 116-20,,,,,02-2147-3326,서울특별시 송파구청,2022-12-13
방이2동-287,1,서울특별시 송파구 오금로23길 9-25,서울특별시 송파구 방이2동 117-1,,,,,02-2147-3326,서울특별시 송파구청,2022-12-13
방이2동-288,1,서울특별시 송파구 오금로23길 9-5,서울특별시 송파구 방이2동 117-30,,,,,02-2147-3326,서울특별시 송파구청,2022-12-13
방이2동-289,1,서울특별시 송파구 가락로33길 17,서울특별시 송파구 방이2동 115-2,,,,,02-2147-3326,서울특별시 송파구청,2022-12-13
방이2동-290,1,서울특별시 송파구 가락로33길 11,서울특별시 송파구 방이2동 124-1,,,,,02-2147-3326,서울특별시 송파구청,2022-12-13
방이2동-291,1,서울특별시 송파구 가락로33길 7,서울특별시 송파구 방이2동 124-3,,,,,02-2147-3326,서울특별시 송파구청,2022-12-13
방이2동-292,1,서울특별시 송파구 오금로23길 8-1,서울특별시 송파구 방이2동 124-14,,,,,02-2147-3326,서울특별시 송파구청,2022-12-13
방이2동-293,1,서울특별시 송파구 오금로23길 22,서울특별시 송파구 방이2동 122-9,,,,,02-2147-3326,서울특별시 송파구청,2022-12-13
방이2동-294,1,서울특별시 송파구 위례성대로8길 59,서울특별시 송파구 방이2동 123-20,,,,,02-2147-3326,서울특별시 송파구청,2022-12-13
방이2동-295,1,서울특별시 송파구 위례성대로8길 61,서울특별시 송파구 방이2동 123-2,,,,,02-2147-3326,서울특별시 송파구청,2022-12-13
방이2동-296,1,서울특별시 송파구 위례성대로8길 63,서울특별시 송파구 방이2동 123-3,,,,,02-2147-3326,서울특별시 송파구청,2022-12-13
방이2동-297,1,서울특별시 송파구 위례성대로8길 67,서울특별시 송파구 방이2동 123-13,,,,,02-2147-3326,서울특별시 송파구청,2022-12-13
방이2동-298,1,서울특별시 송파구 오금로23길 8-8,서울특별시 송파구 방이2동 124-16,,,,,02-2147-3326,서울특별시 송파구청,2022-12-13
방이2동-299,1,서울특별시 송파구 오금로23길 8-16,서울특별시 송파구 방이2동 124-18,,,,,02-2147-3326,서울특별시 송파구청,2022-12-13
방이2동-300,1,서울특별시 송파구 백제고분로48길 42-18,서울특별시 송파구 방이2동 123-15,,,,,02-2147-3326,서울특별시 송파구청,2022-12-13
방이2동-301,1,서울특별시 송파구 백제고분로48길 42-20,서울특별시 송파구 방이2동 123-7,,,,,02-2147-3326,서울특별시 송파구청,2022-12-13
방이2동-302,1,서울특별시 송파구 올림픽로32길 23,서울특별시 송파구 방이2동 61,,,,,02-2147-3326,서울특별시 송파구청,2022-12-13
방이2동-303,1,서울특별시 송파구 오금로13길 29,서울특별시 송파구 방이2동 70,,,,,02-2147-3326,서울특별시 송파구청,2022-12-13
방이2동-304,1,서울특별시 송파구 오금로13길 22,서울특별시 송파구 방이2동 70-2,,,,,02-2147-3326,서울특별시 송파구청,2022-12-13
방이2동-305,1,서울특별시 송파구 오금로13길 24,서울특별시 송파구 방이2동 70-3,,,,,02-2147-3326,서울특별시 송파구청,2022-12-13
방이2동-306,1,서울특별시 송파구 오금로,서울특별시 송파구 방이2동 42,,,,,02-2147-3326,서울특별시 송파구청,2022-12-13
방이2동-307,1,서울특별시 송파구 오금로,서울특별시 송파구 방이2동 47-4,,,,,02-2147-3326,서울특별시 송파구청,2022-12-13
방이2동-308,1,서울특별시 송파구 오금로,서울특별시 송파구 방이2동 47-13,,,,,02-2147-3326,서울특별시 송파구청,2022-12-13
방이2동-309,1,서울특별시 송파구 오금로,서울특별시 송파구 방이2동 51-4,,,,,02-2147-3326,서울특별시 송파구청,2022-12-13
방이2동-310,1,서울특별시 송파구 오금로17길 5-17,서울특별시 송파구 방이2동 109-18,,,,,02-2147-3326,서울특별시 송파구청,2022-12-13
방이2동-311,1,서울특별시 송파구 백제고분로48나길 12-1,서울특별시 송파구 방이2동 116-4,,,,,02-2147-3326,서울특별시 송파구청,2022-12-13
방이2동-312,1,서울특별시 송파구 백제고분로50길 29-14,서울특별시 송파구 방이2동 172-2,,,,,02-2147-3326,서울특별시 송파구청,2022-12-13
방이2동-313,1,서울특별시 송파구 오금로21길 13,서울특별시 송파구 방이2동 113-13,,,,,02-2147-3326,서울특별시 송파구청,2022-12-13
방이2동-314,1,서울특별시 송파구 오금로23길38,서울특별시 송파구 방이2동 140-3,,,,,02-2147-3326,서울특별시 송파구청,2022-12-13
방이2동-315,1,서울특별시 송파구 오금로23길 7,서울특별시 송파구 방이2동 117-4,,,,,02-2147-3326,서울특별시 송파구청,2022-12-13
방이2동-316,1,서울특별시 송파구 위례성대로8길 49,서울특별시 송파구 방이2동 137-2,,,,,02-2147-3326,서울특별시 송파구청,2022-12-13
방이2동-317,1,서울특별시 송파구 백제고분로48가길6-1,서울특별시 송파구 방이2동 148-12,,,,,02-2147-3326,서울특별시 송파구청,2022-12-13
방이2동-318,1,서울특별시 송파구 백제고분로48길12-6,서울특별시 송파구 방이2동 112-15,,,,,02-2147-3326,서울특별시 송파구청,2022-12-13
방이2동-319,1,서울특별시 송파구 백제고분로48나길3,서울특별시 송파구 방이2동 119-12,,,,,02-2147-3326,서울특별시 송파구청,2022-12-13
방이2동-320,1,서울특별시 송파구 위례성대로8길55,서울특별시 송파구 방이2동 123-9,,,,,02-2147-3326,서울특별시 송파구청,2022-12-13
방이2동-321,1,서울특별시 송파구 가락로40길 3-3,서울특별시 송파구 방이2동 160-6,,,,,02-2147-3326,서울특별시 송파구청,2022-12-13
방이2동-322,1,서울특별시 송파구 가락로37길 10,서울특별시 송파구 방이2동 138,,,,,02-2147-3326,서울특별시 송파구청,2022-12-13
방이2동-323,1,서울특별시 송파구 백제고분로48길 12-14,서울특별시 송파구 방이2동 112-19,,,,,02-2147-3326,서울특별시 송파구청,2022-12-13
방이2동-324,1,서울특별시 송파구 백제고분로48길42-5,서울특별시 송파구 방이2동 124-35,,,,,02-2147-3326,서울특별시 송파구청,2022-12-13
방이2동-325,1,서울특별시 송파구 위례성대로6길24-14,서울특별시 송파구 방이2동 154-8,,,,,02-2147-3326,서울특별시 송파구청,2022-12-13
방이2동-326,1,서울특별시 송파구 가락로261,서울특별시 송파구 방이2동 138-2,,,,,02-2147-3326,서울특별시 송파구청,2022-12-13
방이2동-327,1,서울특별시 송파구 가락로37길15,서울특별시 송파구 방이2동 141,,,,,02-2147-3326,서울특별시 송파구청,2022-12-13
방이2동-328,1,서울특별시 송파구 백제고분로48길41-11,서울특별시 송파구 방이2동 137-18,,,,,02-2147-3326,서울특별시 송파구청,2022-12-13
방이2동-329,1,서울특별시 송파구 올림픽로34길 6,서울특별시 송파구 방이2동 39,,,,,02-2147-3326,서울특별시 송파구청,2022-12-13
방이2동-330,1,서울특별시 송파구 오금로11길23-19,서울특별시 송파구 방이2동 37-7,,,,,02-2147-3326,서울특별시 송파구청,2022-12-13
방이2동-331,1,서울특별시 송파구 백제고분로50길15-21,서울특별시 송파구 방이2동 176-6,,,,,02-2147-3326,서울특별시 송파구청,2022-12-13
방이2동-332,1,서울특별시 송파구 위례성대로2길35-2,서울특별시 송파구 방이2동 102,,,,,02-2147-3326,서울특별시 송파구청,2022-12-13
방이2동-333,1,서울특별시 송파구 위례성대로8길41,서울특별시 송파구 방이2동 137-11,,,,,02-2147-3326,서울특별시 송파구청,2022-12-13
방이2동-334,1,서울특별시 송파구 오금로17길5-6,서울특별시 송파구 방이2동 104-7,,,,,02-2147-3326,서울특별시 송파구청,2022-12-13
방이2동-335,1,서울특별시 송파구 위례성대로6길 16,서울특별시 송파구 방이2동 174-15,,,,,02-2147-3326,서울특별시 송파구청,2022-12-13
방이2동-336,1,서울특별시 송파구 오금로19길22,서울특별시 송파구 방이2동 145-34,,,,,02-2147-3326,서울특별시 송파구청,2022-12-13
방이2동-337,1,서울특별시 송파구 위례성대로6길21,서울특별시 송파구 방이2동 155-2,,,,,02-2147-3326,서울특별시 송파구청,2022-12-13
방이2동-338,1,서울특별시 송파구 올림픽로32길42-12,서울특별시 송파구 방이2동 93-9,,,,,02-2147-3326,서울특별시 송파구청,2022-12-13
방이2동-339,1,서울특별시 송파구 백제고분로51길30,서울특별시 송파구 방이2동 44-1,,,,,02-2147-3326,서울특별시 송파구청,2022-12-13
방이2동-340,1,서울특별시 송파구 위례성대로6길 30,서울특별시 송파구 방이2동 153-6,,,,,02-2147-3326,서울특별시 송파구청,2022-12-13
방이동맛의골목-1,1,서울특별시 송파구 오금로 87,서울특별시 송파구 방이2동,,,,,02-2147-3326,서울특별시 송파구청,2022-12-13
방이동맛의골목-2,1,서울특별시 송파구 오금로 87,서울특별시 송파구 방이2동,,,,,02-2147-3326,서울특별시 송파구청,2022-12-13
방이동맛의골목-3,1,서울특별시 송파구 오금로11길 7,서울특별시 송파구 방이2동,,,,,02-2147-3326,서울특별시 송파구청,2022-12-13
방이동맛의골목-4,1,서울특별시 송파구 오금로11길 7,서울특별시 송파구 방이2동,,,,,02-2147-3326,서울특별시 송파구청,2022-12-13
방이동맛의골목-5,1,서울특별시 송파구 오금로11길 11,서울특별시 송파구 방이2동,,,,,02-2147-3326,서울특별시 송파구청,2022-12-13
방이동맛의골목-6,1,서울특별시 송파구 오금로 11길,서울특별시 송파구 방이2동 28-3,,,,,02-2147-3326,서울특별시 송파구청,2022-12-13
방이동맛의골목-7,1,서울특별시 송파구 오금로11길 11-8,서울특별시 송파구 방이2동,,,,,02-2147-3326,서울특별시 송파구청,2022-12-13
방이동맛의골목-8,1,서울특별시 송파구 올림픽로32길 14,서울특별시 송파구 방이2동,,,,,02-2147-3326,서울특별시 송파구청,2022-12-13
방이동맛의골목-9,1,서울특별시 송파구 올림픽로32길 13,서울특별시 송파구 방이2동,,,,,02-2147-3326,서울특별시 송파구청,2022-12-13
방이동맛의골목-10,1,서울특별시 송파구 올림픽로32길,서울특별시 송파구 방이2동 36-9,,,,,02-2147-3326,서울특별시 송파구청,2022-12-13
방이동맛의골목-11,1,서울특별시 송파구 오금로11길 23,서울특별시 송파구 방이2동,,,,,02-2147-3326,서울특별시 송파구청,2022-12-13
방이동맛의골목-12,1,서울특별시 송파구 오금로11길 23,서울특별시 송파구 방이2동,,,,,02-2147-3326,서울특별시 송파구청,2022-12-13
방이동맛의골목-13,1,서울특별시 송파구 오금로11길 24,서울특별시 송파구 방이2동 38-3,,,,,02-2147-3326,서울특별시 송파구청,2022-12-13
방이동맛의골목-14,1,서울특별시 송파구 오금로11길 25,서울특별시 송파구 방이2동 38-3,,,,,02-2147-3326,서울특별시 송파구청,2022-12-13
방이동맛의골목-15,1,서울특별시 송파구 오금로11길 33,서울특별시 송파구 방이2동,,,,,02-2147-3326,서울특별시 송파구청,2022-12-13
방이동맛의골목-16,1,서울특별시 송파구 오금로11길 33,서울특별시 송파구 방이2동,,,,,02-2147-3326,서울특별시 송파구청,2022-12-13
방이동맛의골목-17,1,서울특별시 송파구 오금로11길 37,서울특별시 송파구 방이2동,,,,,02-2147-3326,서울특별시 송파구청,2022-12-13
방이동맛의골목-18,1,서울특별시 송파구 오금로11길 37,서울특별시 송파구 방이2동,,,,,02-2147-3326,서울특별시 송파구청,2022-12-13
방이동맛의골목-19,1,서울특별시 송파구 오금로11길 37,서울특별시 송파구 방이2동,,,,,02-2147-3326,서울특별시 송파구청,2022-12-13
방이동맛의골목-20,1,서울특별시 송파구 오금로11길 41,서울특별시 송파구 방이2동,,,,,02-2147-3326,서울특별시 송파구청,2022-12-13
방이동맛의골목-21,1,서울특별시 송파구 오금로11길 43,서울특별시 송파구 방이2동,,,,,02-2147-3326,서울특별시 송파구청,2022-12-13
방이동맛의골목-22,1,서울특별시 송파구 오금로11길 44,서울특별시 송파구 방이2동,,,,,02-2147-3326,서울특별시 송파구청,2022-12-13
방이동맛의골목-23,1,서울특별시 송파구 오금로11길 44,서울특별시 송파구 방이2동,,,,,02-2147-3326,서울특별시 송파구청,2022-12-13
방이동맛의골목-24,1,서울특별시 송파구 오금로11길 50,서울특별시 송파구 방이2동,,,,,02-2147-3326,서울특별시 송파구청,2022-12-13
방이동맛의골목-25,1,서울특별시 송파구 오금로11길 54,서울특별시 송파구 방이2동,,,,,02-2147-3326,서울특별시 송파구청,2022-12-13
방이동맛의골목-26,1,서울특별시 송파구 오금로11길 64,서울특별시 송파구 방이2동,,,,,02-2147-3326,서울특별시 송파구청,2022-12-13
방이동맛의골목-27,1,서울특별시 송파구 오금로11길 64,서울특별시 송파구 방이2동,,,,,02-2147-3326,서울특별시 송파구청,2022-12-13
방이동맛의골목-28,1,서울특별시 송파구 오금로11길 64,서울특별시 송파구 방이2동,,,,,02-2147-3326,서울특별시 송파구청,2022-12-13
방이동맛의골목-29,1,서울특별시 송파구 오금로11길 64,서울특별시 송파구 방이2동,,,,,02-2147-3326,서울특별시 송파구청,2022-12-13
방이동맛의골목-30,1,서울특별시 송파구 오금로11길 64,서울특별시 송파구 방이2동,,,,,02-2147-3326,서울특별시 송파구청,2022-12-13
방이동맛의골목-31,1,서울특별시 송파구 오금로11길 64,서울특별시 송파구 방이2동,,,,,02-2147-3326,서울특별시 송파구청,2022-12-13
방이동맛의골목-32,1,서울특별시 송파구 오금로11길 64,서울특별시 송파구 방이2동,,,,,02-2147-3326,서울특별시 송파구청,2022-12-13
방이동맛의골목-33,1,서울특별시 송파구 오금로11길 64,서울특별시 송파구 방이2동,,,,,02-2147-3326,서울특별시 송파구청,2022-12-13
방이동맛의골목-34,1,서울특별시 송파구 올림픽로32길 15,서울특별시 송파구 방이2동,,,,,02-2147-3326,서울특별시 송파구청,2022-12-13
방이동맛의골목-35,1,서울특별시 송파구 올림픽로32길 19,서울특별시 송파구 방이2동,,,,,02-2147-3326,서울특별시 송파구청,2022-12-13
방이동맛의골목-36,1,서울특별시 송파구 올림픽로32길 21,서울특별시 송파구 방이2동,,,,,02-2147-3326,서울특별시 송파구청,2022-12-13
방이동맛의골목-37,1,서울특별시 송파구 올림픽로32길 21,서울특별시 송파구 방이2동,,,,,02-2147-3326,서울특별시 송파구청,2022-12-13
방이동맛의골목-38,1,서울특별시 송파구 올림픽로32길 23,서울특별시 송파구 방이2동,,,,,02-2147-3326,서울특별시 송파구청,2022-12-13
방이동맛의골목-39,1,서울특별시 송파구 올림픽로32길 27,서울특별시 송파구 방이2동,,,,,02-2147-3326,서울특별시 송파구청,2022-12-13
방이동맛의골목-40,1,서울특별시 송파구 올림픽로32길 29,서울특별시 송파구 방이2동,,,,,02-2147-3326,서울특별시 송파구청,2022-12-13
방이동맛의골목-41,1,서울특별시 송파구 올림픽로32길 29,서울특별시 송파구 방이2동,,,,,02-2147-3326,서울특별시 송파구청,2022-12-13
방이동맛의골목-42,1,서울특별시 송파구 올림픽로32길 29,서울특별시 송파구 방이2동,,,,,02-2147-3326,서울특별시 송파구청,2022-12-13
삼전동-001,1,서울특별시 송파구 삼전로10길3,서울특별시 송파구 삼전동 3-5,,,,,02-2147-3326,서울특별시 송파구청,2022-12-13
삼전동-002,1,서울특별시 송파구 삼전로10길3,서울특별시 송파구 삼전동 3-5,,,,,02-2147-3326,서울특별시 송파구청,2022-12-13
삼전동-003,1,서울특별시 송파구 삼전로10길 6,서울특별시 송파구 삼전동 6,,,,,02-2147-3326,서울특별시 송파구청,2022-12-13
삼전동-004,1,서울특별시 송파구 삼전로84,서울특별시 송파구 삼전동 5,,,,,02-2147-3326,서울특별시 송파구청,2022-12-13
삼전동-005,1,서울특별시 송파구 백제고분로21길 15-5,서울특별시 송파구 삼전동 6-6,,,,,02-2147-3326,서울특별시 송파구청,2022-12-13
삼전동-006,1,서울특별시 송파구 삼전로8길8,서울특별시 송파구 삼전동 8-1,,,,,02-2147-3326,서울특별시 송파구청,2022-12-13
삼전동-007,1,서울특별시 송파구 삼전로8길 4-6,서울특별시 송파구 삼전동 7-18,,,,,02-2147-3326,서울특별시 송파구청,2022-12-13
삼전동-008,1,서울특별시 송파구 백제고분로21길 3-13,서울특별시 송파구 삼전동 7-20,,,,,02-2147-3326,서울특별시 송파구청,2022-12-13
삼전동-009,1,서울특별시 송파구 백제고분로21길 6-7,서울특별시 송파구 삼전동 10-4,,,,,02-2147-3326,서울특별시 송파구청,2022-12-13
삼전동-010,1,서울특별시 송파구 백제고분로21길6-17,서울특별시 송파구 삼전동 10-7,,,,,02-2147-3326,서울특별시 송파구청,2022-12-13
삼전동-011,1,서울특별시 송파구 백제고분로 217,서울특별시 송파구 삼전동 9-4,,,,,02-2147-3326,서울특별시 송파구청,2022-12-13
삼전동-012,1,서울특별시 송파구 백제고분로21길 8-13,서울특별시 송파구 삼전동 11-13,,,,,02-2147-3326,서울특별시 송파구청,2022-12-13
삼전동-013,1,서울특별시 송파구 삼전로8길15,서울특별시 송파구 삼전동 12-12,,,,,02-2147-3326,서울특별시 송파구청,2022-12-13
삼전동-014,1,서울특별시 송파구 백제고분로21길 16-13,서울특별시 송파구 삼전동 13-9,,,,,02-2147-3326,서울특별시 송파구청,2022-12-13
삼전동-015,1,서울특별시 송파구 백제고분로21길 16-9,서울특별시 송파구 삼전동 13-5,,,,,02-2147-3326,서울특별시 송파구청,2022-12-13
삼전동-016,1,서울특별시 송파구 삼전로10길13-1,서울특별시 송파구 삼전동 14-8,,,,,02-2147-3326,서울특별시 송파구청,2022-12-13
삼전동-017,1,서울특별시 송파구 삼전로10길18,서울특별시 송파구 삼전동 14-9,,,,,02-2147-3326,서울특별시 송파구청,2022-12-13
삼전동-018,1,서울특별시 송파구 백제고분로23길 18,서울특별시 송파구 삼전동 26-13,,,,,02-2147-3326,서울특별시 송파구청,2022-12-13
삼전동-019,1,서울특별시 송파구 백제고분로23길 20-1,서울특별시 송파구 삼전동 26-14,,,,,02-2147-3326,서울특별시 송파구청,2022-12-13
삼전동-020,1,서울특별시 송파구 백제고분로21길 24-7,서울특별시 송파구 삼전동 15-9,,,,,02-2147-3326,서울특별시 송파구청,2022-12-13
삼전동-021,1,서울특별시 송파구 백제고분로21길 24-3,서울특별시 송파구 삼전동 15-7,,,,,02-2147-3326,서울특별시 송파구청,2022-12-13
삼전동-022,1,서울특별시 송파구 백제고분로23길 26,서울특별시 송파구 삼전동 26-7,,,,,02-2147-3326,서울특별시 송파구청,2022-12-13
삼전동-023,1,서울특별시 송파구 백제고분로23길 30,서울특별시 송파구 삼전동 26-18,,,,,02-2147-3326,서울특별시 송파구청,2022-12-13
삼전동-024,1,서울특별시 송파구 백제고분로23길 29,서울특별시 송파구 삼전동 17-2,,,,,02-2147-3326,서울특별시 송파구청,2022-12-13
삼전동-025,1,서울특별시 송파구 백제고분로21길 3-8,서울특별시 송파구 삼전동 16-2,,,,,02-2147-3326,서울특별시 송파구청,2022-12-13
삼전동-026,1,서울특별시 송파구 석촌호수로 150,서울특별시 송파구 삼전동 22-11,,,,,02-2147-3326,서울특별시 송파구청,2022-12-13
삼전동-027,1,서울특별시 송파구 백제고분로27길 41,서울특별시 송파구 삼전동 22-20,,,,,02-2147-3326,서울특별시 송파구청,2022-12-13
삼전동-028,1,서울특별시 송파구 삼학사로19길 30,서울특별시 송파구 삼전동 27-8,,,,,02-2147-3326,서울특별시 송파구청,2022-12-13
삼전동-029,1,서울특별시 송파구 삼학사로19길 30,서울특별시 송파구 삼전동 27-8,,,,,02-2147-3326,서울특별시 송파구청,2022-12-13
삼전동-030,1,서울특별시 송파구 삼학사로19길 34,서울특별시 송파구 삼전동 27-3,,,,,02-2147-3326,서울특별시 송파구청,2022-12-13
삼전동-031,1,서울특별시 송파구 삼학사로19길 37,서울특별시 송파구 삼전동 91-13,,,,,02-2147-3326,서울특별시 송파구청,2022-12-13
삼전동-032,1,서울특별시 송파구 백제고분로25길 32,서울특별시 송파구 삼전동 91,,,,,02-2147-3326,서울특별시 송파구청,2022-12-13
삼전동-033,1,서울특별시 송파구 백제고분로25길31,서울특별시 송파구 삼전동 26-19,,,,,02-2147-3326,서울특별시 송파구청,2022-12-13
삼전동-034,1,서울특별시 송파구 백제고분로27길31-18,서울특별시 송파구 삼전동 91-7,,,,,02-2147-3326,서울특별시 송파구청,2022-12-13
삼전동-035,1,서울특별시 송파구 백제고분로27길 31-12,서울특별시 송파구 삼전동 91-4,,,,,02-2147-3326,서울특별시 송파구청,2022-12-13
삼전동-036,1,서울특별시 송파구 백제고분로27길 33,서울특별시 송파구 삼전동 91-9,,,,,02-2147-3326,서울특별시 송파구청,2022-12-13
삼전동-037,1,서울특별시 송파구 백제고분로27길29,서울특별시 송파구 삼전동 92-13,,,,,02-2147-3326,서울특별시 송파구청,2022-12-13
삼전동-038,1,서울특별시 송파구 백제고분로27길27-12,서울특별시 송파구 삼전동 92-5,,,,,02-2147-3326,서울특별시 송파구청,2022-12-13
삼전동-039,1,서울특별시 송파구 백제고분로27길27-19,서울특별시 송파구 삼전동 93-14,,,,,02-2147-3326,서울특별시 송파구청,2022-12-13
삼전동-040,1,서울특별시 송파구 백제고분로25길 20,서울특별시 송파구 삼전동 94,,,,,02-2147-3326,서울특별시 송파구청,2022-12-13
삼전동-041,1,서울특별시 송파구 백제고분로25길 20,서울특별시 송파구 삼전동 94,,,,,02-2147-3326,서울특별시 송파구청,2022-12-13
삼전동-042,1,서울특별시 송파구 백제고분로27길 23-17,서울특별시 송파구 삼전동 94-17,,,,,02-2147-3326,서울특별시 송파구청,2022-12-13
삼전동-043,1,서울특별시 송파구 백제고분로27길 23-11,서울특별시 송파구 삼전동 94-10,,,,,02-2147-3326,서울특별시 송파구청,2022-12-13
삼전동-044,1,서울특별시 송파구 백제고분로27길 23,서울특별시 송파구 삼전동 94-3,,,,,02-2147-3326,서울특별시 송파구청,2022-12-13
삼전동-045,1,서울특별시 송파구 백제고분로27길 23,서울특별시 송파구 삼전동 94-3,,,,,02-2147-3326,서울특별시 송파구청,2022-12-13
삼전동-046,1,서울특별시 송파구 백제고분로27길19,서울특별시 송파구 삼전동 97-6,,,,,02-2147-3326,서울특별시 송파구청,2022-12-13
삼전동-047,1,서울특별시 송파구 백제고분로27길 33-1,서울특별시 송파구 삼전동 94-15,,,,,02-2147-3326,서울특별시 송파구청,2022-12-13
삼전동-048,1,서울특별시 송파구 삼전로10길 29,서울특별시 송파구 삼전동 94-6,,,,,02-2147-3326,서울특별시 송파구청,2022-12-13
삼전동-049,1,서울특별시 송파구 삼전로10길 27,서울특별시 송파구 삼전동 94-11,,,,,02-2147-3326,서울특별시 송파구청,2022-12-13
삼전동-050,1,서울특별시 송파구 백제고분로25길 12,서울특별시 송파구 삼전동 98,,,,,02-2147-3326,서울특별시 송파구청,2022-12-13
삼전동-051,1,서울특별시 송파구 백제고분로27길 15-15,서울특별시 송파구 삼전동 98-1,,,,,02-2147-3326,서울특별시 송파구청,2022-12-13
삼전동-052,1,서울특별시 송파구 백제고분로27길 15-11,서울특별시 송파구 삼전동 98-15,,,,,02-2147-3326,서울특별시 송파구청,2022-12-13
삼전동-053,1,서울특별시 송파구 백제고분로27길 15-5,서울특별시 송파구 삼전동 98-8,,,,,02-2147-3326,서울특별시 송파구청,2022-12-13
삼전동-054,1,서울특별시 송파구 백제고분로27길 13,서울특별시 송파구 삼전동 98-11,,,,,02-2147-3326,서울특별시 송파구청,2022-12-13
삼전동-055,1,서울특별시 송파구 백제고분로27길 13,서울특별시 송파구 삼전동 98-11,,,,,02-2147-3326,서울특별시 송파구청,2022-12-13
삼전동-056,1,서울특별시 송파구 백제고분로27길 11-12,서울특별시 송파구 삼전동 98-12,,,,,02-2147-3326,서울특별시 송파구청,2022-12-13
삼전동-057,1,서울특별시 송파구 백제고분로27길 11-20,서울특별시 송파구 삼전동 98-17,,,,,02-2147-3326,서울특별시 송파구청,2022-12-13
삼전동-058,1,서울특별시 송파구 백제고분로25길 11,서울특별시 송파구 삼전동 96-2,,,,,02-2147-3326,서울특별시 송파구청,2022-12-13
삼전동-059,1,서울특별시 송파구 백제고분로25길 9,서울특별시 송파구 삼전동 96-5,,,,,02-2147-3326,서울특별시 송파구청,2022-12-13
삼전동-060,1,서울특별시 송파구 백제고분로25길 4,서울특별시 송파구 삼전동 100,,,,,02-2147-3326,서울특별시 송파구청,2022-12-13
삼전동-061,1,서울특별시 송파구 삼학사로13길 45-1,서울특별시 송파구 삼전동 100-1,,,,,02-2147-3326,서울특별시 송파구청,2022-12-13
삼전동-062,1,서울특별시 송파구 삼학사로13길 42-1,서울특별시 송파구 삼전동 99-1,,,,,02-2147-3326,서울특별시 송파구청,2022-12-13
삼전동-063,1,서울특별시 송파구 삼학사로13길 42-1,서울특별시 송파구 삼전동 100-2,,,,,02-2147-3326,서울특별시 송파구청,2022-12-13
삼전동-064,1,서울특별시 송파구 삼학사로13길 37,서울특별시 송파구 삼전동 100-17,,,,,02-2147-3326,서울특별시 송파구청,2022-12-13
삼전동-065,1,서울특별시 송파구 백제고분로27길5,서울특별시 송파구 삼전동 100-5,,,,,02-2147-3326,서울특별시 송파구청,2022-12-13
삼전동-066,1,서울특별시 송파구 백제고분로27길 5,서울특별시 송파구 삼전동 100-5,,,,,02-2147-3326,서울특별시 송파구청,2022-12-13
삼전동-067,1,서울특별시 송파구 백제고분로27길 5-6,서울특별시 송파구 삼전동 100-6,,,,,02-2147-3326,서울특별시 송파구청,2022-12-13
삼전동-068,1,서울특별시 송파구 백제고분로27길 5-11,서울특별시 송파구 삼전동 9-8,,,,,02-2147-3326,서울특별시 송파구청,2022-12-13
삼전동-069,1,서울특별시 송파구 백제고분로27길 5-14,서울특별시 송파구 삼전동 100-12,,,,,02-2147-3326,서울특별시 송파구청,2022-12-13
삼전동-070,1,서울특별시 송파구 백제고분로27길5-16,서울특별시 송파구 삼전동 9-21,,,,,02-2147-3326,서울특별시 송파구청,2022-12-13
삼전동-071,1,서울특별시 송파구 백제고분로27길 221,서울특별시 송파구 삼전동 9-5,,,,,02-2147-3326,서울특별시 송파구청,2022-12-13
삼전동-072,1,서울특별시 송파구 백제고분로27길 235,서울특별시 송파구 삼전동 101-1,,,,,02-2147-3326,서울특별시 송파구청,2022-12-13
삼전동-073,1,서울특별시 송파구 백제고분로27길 6-5,서울특별시 송파구 삼전동 102-8,,,,,02-2147-3326,서울특별시 송파구청,2022-12-13
삼전동-074,1,서울특별시 송파구 삼학사로13길 31,서울특별시 송파구 삼전동 102-3,,,,,02-2147-3326,서울특별시 송파구청,2022-12-13
삼전동-075,1,서울특별시 송파구 삼학사로13길 35,서울특별시 송파구 삼전동 102-1,,,,,02-2147-3326,서울특별시 송파구청,2022-12-13
삼전동-076,1,서울특별시 송파구 백제고분로27길 12-11,서울특별시 송파구 삼전동 104-18,,,,,02-2147-3326,서울특별시 송파구청,2022-12-13
삼전동-077,1,서울특별시 송파구 백제고분로27길 12-15,서울특별시 송파구 삼전동 104-4,,,,,02-2147-3326,서울특별시 송파구청,2022-12-13
삼전동-078,1,서울특별시 송파구 백제고분로29길 7,서울특별시 송파구 삼전동 103-16,,,,,02-2147-3326,서울특별시 송파구청,2022-12-13
삼전동-079,1,서울특별시 송파구 백제고분로29길 11,서울특별시 송파구 삼전동 104-2,,,,,02-2147-3326,서울특별시 송파구청,2022-12-13
삼전동-080,1,서울특별시 송파구 백제고분로29길 13,서울특별시 송파구 삼전동 105-15,,,,,02-2147-3326,서울특별시 송파구청,2022-12-13
삼전동-081,1,서울특별시 송파구 백제고분로27길 16-14,서울특별시 송파구 삼전동 104-13,,,,,02-2147-3326,서울특별시 송파구청,2022-12-13
삼전동-082,1,서울특별시 송파구 백제고분로27길 16-12,서울특별시 송파구 삼전동 104-17,,,,,02-2147-3326,서울특별시 송파구청,2022-12-13
삼전동-083,1,서울특별시 송파구 삼전로10길 37-1,서울특별시 송파구 삼전동 106-11,,,,,02-2147-3326,서울특별시 송파구청,2022-12-13
삼전동-084,1,서울특별시 송파구 삼전로10길 41,서울특별시 송파구 삼전동 106-13,,,,,02-2147-3326,서울특별시 송파구청,2022-12-13
삼전동-085,1,서울특별시 송파구 삼전로10길45,서울특별시 송파구 삼전동 106-7,,,,,02-2147-3326,서울특별시 송파구청,2022-12-13
삼전동-086,1,서울특별시 송파구 삼전로10길 45,서울특별시 송파구 삼전동 106-7,,,,,02-2147-3326,서울특별시 송파구청,2022-12-13
삼전동-087,1,서울특별시 송파구 백제고분로29길 19,서울특별시 송파구 삼전동 106-6,,,,,02-2147-3326,서울특별시 송파구청,2022-12-13
삼전동-088,1,서울특별시 송파구 백제고분로29길 21,서울특별시 송파구 삼전동 107-5,,,,,02-2147-3326,서울특별시 송파구청,2022-12-13
삼전동-089,1,서울특별시 송파구 백제고분로27길 24-15,서울특별시 송파구 삼전동 107-6,,,,,02-2147-3326,서울특별시 송파구청,2022-12-13
삼전동-090,1,서울특별시 송파구 백제고분로27길 24-7,서울특별시 송파구 삼전동 107-8,,,,,02-2147-3326,서울특별시 송파구청,2022-12-13
삼전동-091,1,서울특별시 송파구 백제고분로29길 27,서울특별시 송파구 삼전동 108-3,,,,,02-2147-3326,서울특별시 송파구청,2022-12-13
삼전동-092,1,서울특별시 송파구 백제고분로27길 32-13,서울특별시 송파구 삼전동 109-7,,,,,02-2147-3326,서울특별시 송파구청,2022-12-13
삼전동-093,1,서울특별시 송파구 백제고분로27길 32-5,서울특별시 송파구 삼전동 109-9,,,,,02-2147-3326,서울특별시 송파구청,2022-12-13
삼전동-094,1,서울특별시 송파구 백제고분로27길34,서울특별시 송파구 삼전동 109-5,,,,,02-2147-3326,서울특별시 송파구청,2022-12-13
삼전동-095,1,서울특별시 송파구 삼학사로19길 18,서울특별시 송파구 삼전동 110-14,,,,,02-2147-3326,서울특별시 송파구청,2022-12-13
삼전동-096,1,서울특별시 송파구 백제고분로31길40,서울특별시 송파구 삼전동 130-2,,,,,02-2147-3326,서울특별시 송파구청,2022-12-13
삼전동-097,1,서울특별시 송파구 백제고분로31길40-6,서울특별시 송파구 삼전동 129-2,,,,,02-2147-3326,서울특별시 송파구청,2022-12-13
삼전동-098,1,서울특별시 송파구 백제고분로31길40-6,서울특별시 송파구 삼전동 130-2,,,,,02-2147-3326,서울특별시 송파구청,2022-12-13
삼전동-099,1,서울특별시 송파구 백제고분로31길4-25,서울특별시 송파구 삼전동 129-9,,,,,02-2147-3326,서울특별시 송파구청,2022-12-13
삼전동-100,1,서울특별시 송파구 백제고분로31길 31-14,서울특별시 송파구 삼전동 112-5,,,,,02-2147-3326,서울특별시 송파구청,2022-12-13
삼전동-101,1,서울특별시 송파구 백제고분로31길 31-8,서울특별시 송파구 삼전동 112-2,,,,,02-2147-3326,서울특별시 송파구청,2022-12-13
삼전동-102,1,서울특별시 송파구 백제고분로31길 32-8,서울특별시 송파구 삼전동 126-3,,,,,02-2147-3326,서울특별시 송파구청,2022-12-13
삼전동-103,1,서울특별시 송파구 삼학사로19길 3-10,서울특별시 송파구 삼전동 126-5,,,,,02-2147-3326,서울특별시 송파구청,2022-12-13
삼전동-104,1,서울특별시 송파구 삼학사로19길3-6,서울특별시 송파구 삼전동 131-9,,,,,02-2147-3326,서울특별시 송파구청,2022-12-13
삼전동-105,1,서울특별시 송파구 삼학사로19길 3-11,서울특별시 송파구 삼전동 131-8,,,,,02-2147-3326,서울특별시 송파구청,2022-12-13
삼전동-106,1,서울특별시 송파구 삼학사로19길 3-15,서울특별시 송파구 삼전동 131-7,,,,,02-2147-3326,서울특별시 송파구청,2022-12-13
삼전동-107,1,서울특별시 송파구 백제고분로31길 28-13,서울특별시 송파구 삼전동 126-9,,,,,02-2147-3326,서울특별시 송파구청,2022-12-13
삼전동-108,1,서울특별시 송파구 백제고분로31길 28-9,서울특별시 송파구 삼전동 126-8,,,,,02-2147-3326,서울특별시 송파구청,2022-12-13
삼전동-109,1,서울특별시 송파구 백제고분로31길 28-3,서울특별시 송파구 삼전동 126-2,,,,,02-2147-3326,서울특별시 송파구청,2022-12-13
삼전동-110,1,서울특별시 송파구 백제고분로31길 28,서울특별시 송파구 삼전동 125,,,,,02-2147-3326,서울특별시 송파구청,2022-12-13
삼전동-111,1,서울특별시 송파구 백제고분로31길 23-15,서울특별시 송파구 삼전동 115-1,,,,,02-2147-3326,서울특별시 송파구청,2022-12-13
삼전동-112,1,서울특별시 송파구 백제고분로31길 23-5,서울특별시 송파구 삼전동 115-4,,,,,02-2147-3326,서울특별시 송파구청,2022-12-13
삼전동-113,1,서울특별시 송파구 백제고분로31길26,서울특별시 송파구 삼전동 125-9,,,,,02-2147-3326,서울특별시 송파구청,2022-12-13
삼전동-114,1,서울특별시 송파구 백제고분로31길 24-8,서울특별시 송파구 삼전동 124-9,,,,,02-2147-3326,서울특별시 송파구청,2022-12-13
삼전동-115,1,서울특별시 송파구 삼학사로19길 3-26,서울특별시 송파구 삼전동 124-7,,,,,02-2147-3326,서울특별시 송파구청,2022-12-13
삼전동-116,1,서울특별시 송파구 삼학사로19길 3-21,서울특별시 송파구 삼전동 131-6,,,,,02-2147-3326,서울특별시 송파구청,2022-12-13
삼전동-117,1,서울특별시 송파구 삼전로10길 63-1,서울특별시 송파구 삼전동 124-2,,,,,02-2147-3326,서울특별시 송파구청,2022-12-13
삼전동-118,1,서울특별시 송파구 삼전로10길 66,서울특별시 송파구 삼전동 123-2,,,,,02-2147-3326,서울특별시 송파구청,2022-12-13
삼전동-119,1,서울특별시 송파구 삼전로10길 62-1,서울특별시 송파구 삼전동 123-1,,,,,02-2147-3326,서울특별시 송파구청,2022-12-13
삼전동-120,1,서울특별시 송파구 삼전로10길 53,서울특별시 송파구 삼전동 116-5,,,,,02-2147-3326,서울특별시 송파구청,2022-12-13
삼전동-121,1,서울특별시 송파구 백제고분로29길 18,서울특별시 송파구 삼전동 115-6,,,,,02-2147-3326,서울특별시 송파구청,2022-12-13
삼전동-122,1,서울특별시 송파구 백제고분로31길 15-10,서울특별시 송파구 삼전동 116-5,,,,,02-2147-3326,서울특별시 송파구청,2022-12-13
삼전동-123,1,서울특별시 송파구 백제고분로31길 15,서울특별시 송파구 삼전동 117-8,,,,,02-2147-3326,서울특별시 송파구청,2022-12-13
삼전동-124,1,서울특별시 송파구 백제고분로31길 16-4,서울특별시 송파구 삼전동 122,,,,,02-2147-3326,서울특별시 송파구청,2022-12-13
삼전동-125,1,서울특별시 송파구 백제고분로31길 16-14,서울특별시 송파구 삼전동 122-2,,,,,02-2147-3326,서울특별시 송파구청,2022-12-13
삼전동-126,1,서울특별시 송파구 삼전로10길 66-7,서울특별시 송파구 삼전동 132-7,,,,,02-2147-3326,서울특별시 송파구청,2022-12-13
삼전동-127,1,서울특별시 송파구 삼전로10길 66-21,서울특별시 송파구 삼전동 132-15,,,,,02-2147-3326,서울특별시 송파구청,2022-12-13
삼전동-128,1,서울특별시 송파구 백제고분로31길 12-6,서울특별시 송파구 삼전동 121-12,,,,,02-2147-3326,서울특별시 송파구청,2022-12-13
삼전동-129,1,서울특별시 송파구 백제고분로31길 13,서울특별시 송파구 삼전동 117-12,,,,,02-2147-3326,서울특별시 송파구청,2022-12-13
삼전동-130,1,서울특별시 송파구 백제고분로31길 11-7,서울특별시 송파구 삼전동 118-1,,,,,02-2147-3326,서울특별시 송파구청,2022-12-13
삼전동-131,1,서울특별시 송파구 백제고분로31길 11-11,서울특별시 송파구 삼전동 118-7,,,,,02-2147-3326,서울특별시 송파구청,2022-12-13
삼전동-132,1,서울특별시 송파구 백제고분로29길 4,서울특별시 송파구 삼전동 119,,,,,02-2147-3326,서울특별시 송파구청,2022-12-13
삼전동-133,1,서울특별시 송파구 삼학사로13길 23,서울특별시 송파구 삼전동 119-17,,,,,02-2147-3326,서울특별시 송파구청,2022-12-13
삼전동-134,1,서울특별시 송파구 삼학사로13길 20-1,서울특별시 송파구 삼전동 118-11,,,,,02-2147-3326,서울특별시 송파구청,2022-12-13
삼전동-135,1,서울특별시 송파구 삼학사로13길 14,서울특별시 송파구 삼전동 121-3,,,,,02-2147-3326,서울특별시 송파구청,2022-12-13
삼전동-136,1,서울특별시 송파구 삼학사로13길 9,서울특별시 송파구 삼전동 120-9,,,,,02-2147-3326,서울특별시 송파구청,2022-12-13
삼전동-137,1,서울특별시 송파구 삼학사로13길7,서울특별시 송파구 삼전동 120-1,,,,,02-2147-3326,서울특별시 송파구청,2022-12-13
삼전동-138,1,서울특별시 송파구 삼학사로13길4,서울특별시 송파구 삼전동 132-5,,,,,02-2147-3326,서울특별시 송파구청,2022-12-13
삼전동-139,1,서울특별시 송파구 삼학사로13길 1-3,서울특별시 송파구 삼전동 133-15,,,,,02-2147-3326,서울특별시 송파구청,2022-12-13
삼전동-140,1,서울특별시 송파구 백제고분로31길 2-3,서울특별시 송파구 삼전동 120-3,,,,,02-2147-3326,서울특별시 송파구청,2022-12-13
삼전동-141,1,서울특별시 송파구 백제고분로31길 4,서울특별시 송파구 삼전동 120-5,,,,,02-2147-3326,서울특별시 송파구청,2022-12-13
삼전동-142,1,서울특별시 송파구 백제고분로31길 3-11,서울특별시 송파구 삼전동 101-6,,,,,02-2147-3326,서울특별시 송파구청,2022-12-13
삼전동-143,1,서울특별시 송파구 백제고분로31길 3-21,서울특별시 송파구 삼전동 101-21,,,,,02-2147-3326,서울특별시 송파구청,2022-12-13
삼전동-144,1,서울특별시 송파구 삼전로6길 3-11,서울특별시 송파구 삼전동 28-21,,,,,02-2147-3326,서울특별시 송파구청,2022-12-13
삼전동-145,1,서울특별시 송파구 삼전로6길 3-15,서울특별시 송파구 삼전동 28-16,,,,,02-2147-3326,서울특별시 송파구청,2022-12-13
삼전동-146,1,서울특별시 송파구 백제고분로22길 4-18,서울특별시 송파구 삼전동 29-14,,,,,02-2147-3326,서울특별시 송파구청,2022-12-13
삼전동-147,1,서울특별시 송파구 백제고분로22길 4-11,서울특별시 송파구 삼전동 29-10,,,,,02-2147-3326,서울특별시 송파구청,2022-12-13
삼전동-148,1,서울특별시 송파구 백제고분로22길 4-5,서울특별시 송파구 삼전동 29-7,,,,,02-2147-3326,서울특별시 송파구청,2022-12-13
삼전동-149,1,서울특별시 송파구 백제고분로22길 6,서울특별시 송파구 삼전동 29-8,,,,,02-2147-3326,서울특별시 송파구청,2022-12-13
삼전동-150,1,서울특별시 송파구 백제고분로22길 3,서울특별시 송파구 삼전동 48-3,,,,,02-2147-3326,서울특별시 송파구청,2022-12-13
삼전동-151,1,서울특별시 송파구 백제고분로22길 3-9,서울특별시 송파구 삼전동 48-1,,,,,02-2147-3326,서울특별시 송파구청,2022-12-13
삼전동-152,1,서울특별시 송파구 백제고분로22길 3-15,서울특별시 송파구 삼전동 48-5,,,,,02-2147-3326,서울특별시 송파구청,2022-12-13
삼전동-153,1,서울특별시 송파구 백제고분로22길 3-18,서울특별시 송파구 삼전동 47-5,,,,,02-2147-3326,서울특별시 송파구청,2022-12-13
삼전동-154,1,서울특별시 송파구 백제고분로24길 4,서울특별시 송파구 삼전동 48-7,,,,,02-2147-3326,서울특별시 송파구청,2022-12-13
삼전동-155,1,서울특별시 송파구 백제고분로24길 8,서울특별시 송파구 삼전동 47-19,,,,,02-2147-3326,서울특별시 송파구청,2022-12-13
삼전동-156,1,서울특별시 송파구 백제고분로24길 8,서울특별시 송파구 삼전동 47-19,,,,,02-2147-3326,서울특별시 송파구청,2022-12-13
삼전동-157,1,서울특별시 송파구 백제고분로22길 7-19,서울특별시 송파구 삼전동 47-5,,,,,02-2147-3326,서울특별시 송파구청,2022-12-13
삼전동-158,1,서울특별시 송파구 백제고분로22길 7-15,서울특별시 송파구 삼전동 47-17,,,,,02-2147-3326,서울특별시 송파구청,2022-12-13
삼전동-159,1,서울특별시 송파구 백제고분로22길 7-9,서울특별시 송파구 삼전동 47-6,,,,,02-2147-3326,서울특별시 송파구청,2022-12-13
삼전동-160,1,서울특별시 송파구 백제고분로22길 7-7,서울특별시 송파구 삼전동 47-7,,,,,02-2147-3326,서울특별시 송파구청,2022-12-13
삼전동-161,1,서울특별시 송파구 백제고분로22길 7,서울특별시 송파구 삼전동 47-8,,,,,02-2147-3326,서울특별시 송파구청,2022-12-13
삼전동-162,1,서울특별시 송파구 백제고분로22길 8,서울특별시 송파구 삼전동 29-3,,,,,02-2147-3326,서울특별시 송파구청,2022-12-13
삼전동-163,1,서울특별시 송파구 백제고분로22길 8-7,서울특별시 송파구 삼전동 30-8,,,,,02-2147-3326,서울특별시 송파구청,2022-12-13
삼전동-164,1,서울특별시 송파구 백제고분로22길 8-9,서울특별시 송파구 삼전동 30-6,,,,,02-2147-3326,서울특별시 송파구청,2022-12-13
삼전동-165,1,서울특별시 송파구 백제고분로22길 8-13,서울특별시 송파구 삼전동 30-5,,,,,02-2147-3326,서울특별시 송파구청,2022-12-13
삼전동-166,1,서울특별시 송파구 삼전로6길 3-11,서울특별시 송파구 삼전동 28-17,,,,,02-2147-3326,서울특별시 송파구청,2022-12-13
삼전동-167,1,서울특별시 송파구 삼전로6길 3-11,서울특별시 송파구 삼전동 28-19,,,,,02-2147-3326,서울특별시 송파구청,2022-12-13
삼전동-168,1,서울특별시 송파구 삼전로6길 3,서울특별시 송파구 삼전동 28-21,,,,,02-2147-3326,서울특별시 송파구청,2022-12-13
삼전동-169,1,서울특별시 송파구 삼전로6길 3,서울특별시 송파구 삼전동 28-21,,,,,02-2147-3326,서울특별시 송파구청,2022-12-13
삼전동-170,1,서울특별시 송파구 삼전로6길 7,서울특별시 송파구 삼전동 30-3,,,,,02-2147-3326,서울특별시 송파구청,2022-12-13
삼전동-171,1,서울특별시 송파구 삼전로6길 11,서울특별시 송파구 삼전동 30-11,,,,,02-2147-3326,서울특별시 송파구청,2022-12-13
삼전동-172,1,서울특별시 송파구 삼전로6길 15,서울특별시 송파구 삼전동 30-13,,,,,02-2147-3326,서울특별시 송파구청,2022-12-13
삼전동-173,1,서울특별시 송파구 백제고분로22길 11,서울특별시 송파구 삼전동 46-8,,,,,02-2147-3326,서울특별시 송파구청,2022-12-13
삼전동-174,1,서울특별시 송파구 삼전로6길 19,서울특별시 송파구 삼전동 46-7,,,,,02-2147-3326,서울특별시 송파구청,2022-12-13
삼전동-175,1,서울특별시 송파구 삼전로6길 23,서울특별시 송파구 삼전동 46-20,,,,,02-2147-3326,서울특별시 송파구청,2022-12-13
삼전동-176,1,서울특별시 송파구 삼전로6길 25,서울특별시 송파구 삼전동 46-5,,,,,02-2147-3326,서울특별시 송파구청,2022-12-13
삼전동-177,1,서울특별시 송파구 삼전로6길 27,서울특별시 송파구 삼전동 46-3,,,,,02-2147-3326,서울특별시 송파구청,2022-12-13
삼전동-178,1,서울특별시 송파구 백제고분로24길 15,서울특별시 송파구 삼전동 50-16,,,,,02-2147-3326,서울특별시 송파구청,2022-12-13
삼전동-179,1,서울특별시 송파구 백제고분로24길 17,서울특별시 송파구 삼전동 50-17,,,,,02-2147-3326,서울특별시 송파구청,2022-12-13
삼전동-180,1,서울특별시 송파구 백제고분로22길 15-20,서울특별시 송파구 삼전동 40-14,,,,,02-2147-3326,서울특별시 송파구청,2022-12-13
삼전동-181,1,서울특별시 송파구 백제고분로22길 15-18,서울특별시 송파구 삼전동 44-3,,,,,02-2147-3326,서울특별시 송파구청,2022-12-13
삼전동-182,1,서울특별시 송파구 백제고분로22길 15-9,서울특별시 송파구 삼전동 45-6,,,,,02-2147-3326,서울특별시 송파구청,2022-12-13
삼전동-183,1,서울특별시 송파구 백제고분로22길 15-6,서울특별시 송파구 삼전동 44-1,,,,,02-2147-3326,서울특별시 송파구청,2022-12-13
삼전동-184,1,서울특별시 송파구 백제고분로22길 17,서울특별시 송파구 삼전동 44,,,,,02-2147-3326,서울특별시 송파구청,2022-12-13
삼전동-185,1,서울특별시 송파구 백제고분로22길 18,서울특별시 송파구 삼전동 32-23,,,,,02-2147-3326,서울특별시 송파구청,2022-12-13
삼전동-186,1,서울특별시 송파구 백제고분로22길 16-3,서울특별시 송파구 삼전동 32-22,,,,,02-2147-3326,서울특별시 송파구청,2022-12-13
삼전동-187,1,서울특별시 송파구 백제고분로22길 16-9,서울특별시 송파구 삼전동 32-3,,,,,02-2147-3326,서울특별시 송파구청,2022-12-13
삼전동-188,1,서울특별시 송파구 백제고분로22길 16-13,서울특별시 송파구 삼전동 32-20,,,,,02-2147-3326,서울특별시 송파구청,2022-12-13
삼전동-189,1,서울특별시 송파구 백제고분로22길 16-17,서울특별시 송파구 삼전동 32-1,,,,,02-2147-3326,서울특별시 송파구청,2022-12-13
삼전동-190,1,서울특별시 송파구 삼전로4길 3-15,서울특별시 송파구 삼전동 33-5,,,,,02-2147-3326,서울특별시 송파구청,2022-12-13
삼전동-191,1,서울특별시 송파구 삼전로4길 3-5,서울특별시 송파구 삼전동 33-11,,,,,02-2147-3326,서울특별시 송파구청,2022-12-13
삼전동-192,1,서울특별시 송파구 백제고분로22길 20-24,서울특별시 송파구 삼전동 32-10,,,,,02-2147-3326,서울특별시 송파구청,2022-12-13
삼전동-193,1,서울특별시 송파구 백제고분로22길 20-15,서울특별시 송파구 삼전동 34-24,,,,,02-2147-3326,서울특별시 송파구청,2022-12-13
삼전동-194,1,서울특별시 송파구 백제고분로22길 20-7,서울특별시 송파구 삼전동 34-3,,,,,02-2147-3326,서울특별시 송파구청,2022-12-13
삼전동-195,1,서울특별시 송파구 백제고분로22길 22,서울특별시 송파구 삼전동 34-4,,,,,02-2147-3326,서울특별시 송파구청,2022-12-13
삼전동-196,1,서울특별시 송파구 백제고분로22길 22,서울특별시 송파구 삼전동 34-4,,,,,02-2147-3326,서울특별시 송파구청,2022-12-13
삼전동-197,1,서울특별시 송파구 백제고분로22길 19-4,서울특별시 송파구 삼전동 43-1,,,,,02-2147-3326,서울특별시 송파구청,2022-12-13
삼전동-198,1,서울특별시 송파구 백제고분로22길 19-9,서울특별시 송파구 삼전동 44-12,,,,,02-2147-3326,서울특별시 송파구청,2022-12-13
삼전동-199,1,서울특별시 송파구 백제고분로22길 19-13,서울특별시 송파구 삼전동 44-10,,,,,02-2147-3326,서울특별시 송파구청,2022-12-13
삼전동-200,1,서울특별시 송파구 백제고분로22길 19-27,서울특별시 송파구 삼전동 52-26,,,,,02-2147-3326,서울특별시 송파구청,2022-12-13
삼전동-201,1,서울특별시 송파구 백제고분로22길 19-37,서울특별시 송파구 삼전동 52-11,,,,,02-2147-3326,서울특별시 송파구청,2022-12-13
삼전동-202,1,서울특별시 송파구 삼전로4길 32,서울특별시 송파구 삼전동 43-16,,,,,02-2147-3326,서울특별시 송파구청,2022-12-13
삼전동-203,1,서울특별시 송파구 삼전로4길 28-1,서울특별시 송파구 삼전동 43-16,,,,,02-2147-3326,서울특별시 송파구청,2022-12-13
삼전동-204,1,서울특별시 송파구 삼전로4길 26-1,서울특별시 송파구 삼전동 42-13,,,,,02-2147-3326,서울특별시 송파구청,2022-12-13
삼전동-205,1,서울특별시 송파구 삼전로4길 24,서울특별시 송파구 삼전동 42-1,,,,,02-2147-3326,서울특별시 송파구청,2022-12-13
삼전동-206,1,서울특별시 송파구 백제고분로22길 26,서울특별시 송파구 삼전동 35-15,,,,,02-2147-3326,서울특별시 송파구청,2022-12-13
삼전동-207,1,서울특별시 송파구 백제고분로22길 26,서울특별시 송파구 삼전동 31-8,,,,,02-2147-3326,서울특별시 송파구청,2022-12-13
삼전동-208,1,서울특별시 송파구 삼전로4길 16,서울특별시 송파구 삼전동 35-5,,,,,02-2147-3326,서울특별시 송파구청,2022-12-13
삼전동-209,1,서울특별시 송파구 삼전로4길 14,서울특별시 송파구 삼전동 35-4,,,,,02-2147-3326,서울특별시 송파구청,2022-12-13
삼전동-210,1,서울특별시 송파구 삼전로4길 9,서울특별시 송파구 삼전동 34-7,,,,,02-2147-3326,서울특별시 송파구청,2022-12-13
삼전동-211,1,서울특별시 송파구 삼전로2길 1,서울특별시 송파구 삼전동 38-27,,,,,02-2147-3326,서울특별시 송파구청,2022-12-13
삼전동-212,1,서울특별시 송파구 삼전로2길 1,서울특별시 송파구 삼전동 38-27,,,,,02-2147-3326,서울특별시 송파구청,2022-12-13
삼전동-213,1,서울특별시 송파구 삼전로4길 4,서울특별시 송파구 삼전동 35,,,,,02-2147-3326,서울특별시 송파구청,2022-12-13
삼전동-214,1,서울특별시 송파구 삼전로2길 1,서울특별시 송파구 삼전동 38-27,,,,,02-2147-3326,서울특별시 송파구청,2022-12-13
삼전동-215,1,서울특별시 송파구 삼전로4길 4-12,서울특별시 송파구 삼전동 38-26,,,,,02-2147-3326,서울특별시 송파구청,2022-12-13
삼전동-216,1,서울특별시 송파구 백제고분로22길 28-28,서울특별시 송파구 삼전동 37,,,,,02-2147-3326,서울특별시 송파구청,2022-12-13
삼전동-217,1,서울특별시 송파구 백제고분로22길 28-22,서울특별시 송파구 삼전동 35-20,,,,,02-2147-3326,서울특별시 송파구청,2022-12-13
삼전동-218,1,서울특별시 송파구 백제고분로22길 28-16,서울특별시 송파구 삼전동 35-10,,,,,02-2147-3326,서울특별시 송파구청,2022-12-13
삼전동-219,1,서울특별시 송파구 백제고분로22길 28-14,서울특별시 송파구 삼전동 35-9,,,,,02-2147-3326,서울특별시 송파구청,2022-12-13
삼전동-220,1,서울특별시 송파구 백제고분로22길 28-12,서울특별시 송파구 삼전동 35-8,,,,,02-2147-3326,서울특별시 송파구청,2022-12-13
삼전동-221,1,서울특별시 송파구 백제고분로22길 28-8,서울특별시 송파구 삼전동 35-7,,,,,02-2147-3326,서울특별시 송파구청,2022-12-13
삼전동-222,1,서울특별시 송파구 백제고분로22길 28,서울특별시 송파구 삼전동 35-17,,,,,02-2147-3326,서울특별시 송파구청,2022-12-13
삼전동-223,1,서울특별시 송파구 백제고분로22길 30,서울특별시 송파구 삼전동 36-8,,,,,02-2147-3326,서울특별시 송파구청,2022-12-13
삼전동-224,1,서울특별시 송파구 백제고분로22길 27-5,서울특별시 송파구 삼전동 42-20,,,,,02-2147-3326,서울특별시 송파구청,2022-12-13
삼전동-225,1,서울특별시 송파구 백제고분로22길 27-7,서울특별시 송파구 삼전동 42-10,,,,,02-2147-3326,서울특별시 송파구청,2022-12-13
삼전동-226,1,서울특별시 송파구 백제고분로22길 27-11,서울특별시 송파구 삼전동 42-23,,,,,02-2147-3326,서울특별시 송파구청,2022-12-13
삼전동-227,1,서울특별시 송파구 백제고분로22길 27-17,서울특별시 송파구 삼전동 42-7,,,,,02-2147-3326,서울특별시 송파구청,2022-12-13
삼전동-228,1,서울특별시 송파구 백제고분로22길 27-23,서울특별시 송파구 삼전동 42-18,,,,,02-2147-3326,서울특별시 송파구청,2022-12-13
삼전동-229,1,서울특별시 송파구 백제고분로22길 31-21,서울특별시 송파구 삼전동 41-5,,,,,02-2147-3326,서울특별시 송파구청,2022-12-13
삼전동-230,1,서울특별시 송파구 백제고분로22길 19-50,서울특별시 송파구 삼전동 40-2,,,,,02-2147-3326,서울특별시 송파구청,2022-12-13
삼전동-231,1,서울특별시 송파구 백제고분로22길 19-51,서울특별시 송파구 삼전동 52-22,,,,,02-2147-3326,서울특별시 송파구청,2022-12-13
삼전동-232,1,서울특별시 송파구 백제고분로22길 31-16,서울특별시 송파구 삼전동 40-8,,,,,02-2147-3326,서울특별시 송파구청,2022-12-13
삼전동-233,1,서울특별시 송파구 백제고분로22길 31-10,서울특별시 송파구 삼전동 40-1,,,,,02-2147-3326,서울특별시 송파구청,2022-12-13
삼전동-234,1,서울특별시 송파구 백제고분로22길 33,서울특별시 송파구 삼전동 40,,,,,02-2147-3326,서울특별시 송파구청,2022-12-13
삼전동-235,1,서울특별시 송파구 백제고분로22길 36,서울특별시 송파구 삼전동 39,,,,,02-2147-3326,서울특별시 송파구청,2022-12-13
삼전동-236,1,서울특별시 송파구 백제고분로22길 36,서울특별시 송파구 삼전동 37-17,,,,,02-2147-3326,서울특별시 송파구청,2022-12-13
삼전동-237,1,서울특별시 송파구 백제고분로22길 34-3,서울특별시 송파구 삼전동 37-16,,,,,02-2147-3326,서울특별시 송파구청,2022-12-13
삼전동-238,1,서울특별시 송파구 백제고분로22길 34-11,서울특별시 송파구 삼전동 37-5,,,,,02-2147-3326,서울특별시 송파구청,2022-12-13
삼전동-239,1,서울특별시 송파구 백제고분로22길 34-15,서울특별시 송파구 삼전동 37-4,,,,,02-2147-3326,서울특별시 송파구청,2022-12-13
삼전동-240,1,서울특별시 송파구 백제고분로22길 34-27,서울특별시 송파구 삼전동 37-2,,,,,02-2147-3326,서울특별시 송파구청,2022-12-13
삼전동-241,1,서울특별시 송파구 백제고분로22길 34-33,서울특별시 송파구 삼전동 37-1,,,,,02-2147-3326,서울특별시 송파구청,2022-12-13
삼전동-242,1,서울특별시 송파구 백제고분로22길 28-23,서울특별시 송파구 삼전동 37,,,,,02-2147-3326,서울특별시 송파구청,2022-12-13
삼전동-243,1,서울특별시 송파구 삼전로4길 4-23,서울특별시 송파구 삼전동 37-12,,,,,02-2147-3326,서울특별시 송파구청,2022-12-13
삼전동-244,1,서울특별시 송파구 삼전로4길 4-25,서울특별시 송파구 삼전동 37-27,,,,,02-2147-3326,서울특별시 송파구청,2022-12-13
삼전동-245,1,서울특별시 송파구 삼전로4길 4-23,서울특별시 송파구 삼전동 38-20,,,,,02-2147-3326,서울특별시 송파구청,2022-12-13
삼전동-246,1,서울특별시 송파구 백제고분로22길 38-24,서울특별시 송파구 삼전동 37-11,,,,,02-2147-3326,서울특별시 송파구청,2022-12-13
삼전동-247,1,서울특별시 송파구 백제고분로22길 38-16,서울특별시 송파구 삼전동 37-9,,,,,02-2147-3326,서울특별시 송파구청,2022-12-13
삼전동-248,1,서울특별시 송파구 백제고분로22길 38-6,서울특별시 송파구 삼전동 37-8,,,,,02-2147-3326,서울특별시 송파구청,2022-12-13
삼전동-249,1,서울특별시 송파구 백제고분로22길 38,서울특별시 송파구 삼전동 37-19,,,,,02-2147-3326,서울특별시 송파구청,2022-12-13
삼전동-250,1,서울특별시 송파구 백제고분로22길 40,서울특별시 송파구 삼전동 38-14,,,,,02-2147-3326,서울특별시 송파구청,2022-12-13
삼전동-251,1,서울특별시 송파구 백제고분로22길 37,서울특별시 송파구 삼전동 39,,,,,02-2147-3326,서울특별시 송파구청,2022-12-13
삼전동-252,1,서울특별시 송파구 백제고분로22길 37,서울특별시 송파구 삼전동 39,,,,,02-2147-3326,서울특별시 송파구청,2022-12-13
삼전동-253,1,서울특별시 송파구 백제고분로22길 37,서울특별시 송파구 삼전동 39,,,,,02-2147-3326,서울특별시 송파구청,2022-12-13
삼전동-254,1,서울특별시 송파구 백제고분로22길 37,서울특별시 송파구 삼전동 39,,,,,02-2147-3326,서울특별시 송파구청,2022-12-13
삼전동-255,1,서울특별시 송파구 백제고분로22길 37,서울특별시 송파구 삼전동 39,,,,,02-2147-3326,서울특별시 송파구청,2022-12-13
삼전동-256,1,서울특별시 송파구 백제고분로28길 6-22,서울특별시 송파구 삼전동 49-16,,,,,02-2147-3326,서울특별시 송파구청,2022-12-13
삼전동-257,1,서울특별시 송파구 백제고분로28길 6-17,서울특별시 송파구 삼전동 61-6,,,,,02-2147-3326,서울특별시 송파구청,2022-12-13
삼전동-258,1,서울특별시 송파구 백제고분로28길 6-13,서울특별시 송파구 삼전동 61-8,,,,,02-2147-3326,서울특별시 송파구청,2022-12-13
삼전동-259,1,서울특별시 송파구 백제고분로28길 6-5,서울특별시 송파구 삼전동 61-2,,,,,02-2147-3326,서울특별시 송파구청,2022-12-13
삼전동-260,1,서울특별시 송파구 백제고분로28길 6,서울특별시 송파구 삼전동 61-12,,,,,02-2147-3326,서울특별시 송파구청,2022-12-13
삼전동-261,1,서울특별시 송파구 백제고분로32길 6-30,서울특별시 송파구 삼전동 62-1,,,,,02-2147-3326,서울특별시 송파구청,2022-12-13
삼전동-262,1,서울특별시 송파구 백제고분로28길 5,서울특별시 송파구 삼전동 62-1,,,,,02-2147-3326,서울특별시 송파구청,2022-12-13
삼전동-263,1,서울특별시 송파구 백제고분로28길 8,서울특별시 송파구 삼전동 61-12,,,,,02-2147-3326,서울특별시 송파구청,2022-12-13
삼전동-264,1,서울특별시 송파구 백제고분로28길 8-6,서울특별시 송파구 삼전동 61-16,,,,,02-2147-3326,서울특별시 송파구청,2022-12-13
삼전동-265,1,서울특별시 송파구 백제고분로28길 8-14,서울특별시 송파구 삼전동 61-11,,,,,02-2147-3326,서울특별시 송파구청,2022-12-13
삼전동-266,1,서울특별시 송파구 백제고분로28길 16-42,서울특별시 송파구 삼전동 61-5,,,,,02-2147-3326,서울특별시 송파구청,2022-12-13
삼전동-267,1,서울특별시 송파구 백제고분로28길 16-29,서울특별시 송파구 삼전동 50-21,,,,,02-2147-3326,서울특별시 송파구청,2022-12-13
삼전동-268,1,서울특별시 송파구 백제고분로28길 12-16,서울특별시 송파구 삼전동 60-15,,,,,02-2147-3326,서울특별시 송파구청,2022-12-13
삼전동-269,1,서울특별시 송파구 백제고분로28길 12-10,서울특별시 송파구 삼전동 60-17,,,,,02-2147-3326,서울특별시 송파구청,2022-12-13
삼전동-270,1,서울특별시 송파구 백제고분로28길 14,서울특별시 송파구 삼전동 59-14,,,,,02-2147-3326,서울특별시 송파구청,2022-12-13
삼전동-271,1,서울특별시 송파구 백제고분로28길 14,서울특별시 송파구 삼전동 59-14,,,,,02-2147-3326,서울특별시 송파구청,2022-12-13
삼전동-272,1,서울특별시 송파구 백제고분로28길 16,서울특별시 송파구 삼전동 63,,,,,02-2147-3326,서울특별시 송파구청,2022-12-13
삼전동-273,1,서울특별시 송파구 백제고분로28길 18,서울특별시 송파구 삼전동 58-3,,,,,02-2147-3326,서울특별시 송파구청,2022-12-13
삼전동-274,1,서울특별시 송파구 백제고분로28길 16,서울특별시 송파구 삼전동 59-11,,,,,02-2147-3326,서울특별시 송파구청,2022-12-13
삼전동-275,1,서울특별시 송파구 백제고분로28길 16-10,서울특별시 송파구 삼전동 59-6,,,,,02-2147-3326,서울특별시 송파구청,2022-12-13
삼전동-276,1,서울특별시 송파구 백제고분로28길 16-18,서울특별시 송파구 삼전동 59-3,,,,,02-2147-3326,서울특별시 송파구청,2022-12-13
삼전동-277,1,서울특별시 송파구 백제고분로28길 16-21,서울특별시 송파구 삼전동 51,,,,,02-2147-3326,서울특별시 송파구청,2022-12-13
삼전동-278,1,서울특별시 송파구 백제고분로28길 20-18,서울특별시 송파구 삼전동 58-10,,,,,02-2147-3326,서울특별시 송파구청,2022-12-13
삼전동-279,1,서울특별시 송파구 백제고분로28길 20-16,서울특별시 송파구 삼전동 58-11,,,,,02-2147-3326,서울특별시 송파구청,2022-12-13
삼전동-280,1,서울특별시 송파구 백제고분로28길 20-10,서울특별시 송파구 삼전동 58-7,,,,,02-2147-3326,서울특별시 송파구청,2022-12-13
삼전동-281,1,서울특별시 송파구 백제고분로28길 20-8,서울특별시 송파구 삼전동 58-6,,,,,02-2147-3326,서울특별시 송파구청,2022-12-13
삼전동-282,1,서울특별시 송파구 백제고분로28길 20,서울특별시 송파구 삼전동 58-4,,,,,02-2147-3326,서울특별시 송파구청,2022-12-13
삼전동-283,1,서울특별시 송파구 백제고분로28길 19,서울특별시 송파구 삼전동 63,,,,,02-2147-3326,서울특별시 송파구청,2022-12-13
삼전동-284,1,서울특별시 송파구 백제고분로28길 19,서울특별시 송파구 삼전동 63,,,,,02-2147-3326,서울특별시 송파구청,2022-12-13
삼전동-285,1,서울특별시 송파구 백제고분로28길 19,서울특별시 송파구 삼전동 63,,,,,02-2147-3326,서울특별시 송파구청,2022-12-13
삼전동-286,1,서울특별시 송파구 백제고분로28길 19,서울특별시 송파구 삼전동 63,,,,,02-2147-3326,서울특별시 송파구청,2022-12-13
삼전동-287,1,서울특별시 송파구 백제고분로28길 19,서울특별시 송파구 삼전동 63,,,,,02-2147-3326,서울특별시 송파구청,2022-12-13
삼전동-288,1,서울특별시 송파구 백제고분로28길 19,서울특별시 송파구 삼전동 63,,,,,02-2147-3326,서울특별시 송파구청,2022-12-13
삼전동-289,1,서울특별시 송파구 백제고분로28길 19,서울특별시 송파구 삼전동 64-13,,,,,02-2147-3326,서울특별시 송파구청,2022-12-13
삼전동-290,1,서울특별시 송파구 백제고분로28길 19-33,서울특별시 송파구 삼전동 71-4,,,,,02-2147-3326,서울특별시 송파구청,2022-12-13
삼전동-291,1,서울특별시 송파구 백제고분로28길 23-23,서울특별시 송파구 삼전동 64-12,,,,,02-2147-3326,서울특별시 송파구청,2022-12-13
삼전동-292,1,서울특별시 송파구 백제고분로28길 23-13,서울특별시 송파구 삼전동 64-19,,,,,02-2147-3326,서울특별시 송파구청,2022-12-13
삼전동-293,1,서울특별시 송파구 백제고분로28길 23-7,서울특별시 송파구 삼전동 64-15,,,,,02-2147-3326,서울특별시 송파구청,2022-12-13
삼전동-294,1,서울특별시 송파구 백제고분로28길 23,서울특별시 송파구 삼전동 64-8,,,,,02-2147-3326,서울특별시 송파구청,2022-12-13
삼전동-295,1,서울특별시 송파구 백제고분로28길 22,서울특별시 송파구 삼전동 57-15,,,,,02-2147-3326,서울특별시 송파구청,2022-12-13
삼전동-296,1,서울특별시 송파구 백제고분로28길 26,서울특별시 송파구 삼전동 56-16,,,,,02-2147-3326,서울특별시 송파구청,2022-12-13
삼전동-297,1,서울특별시 송파구 백제고분로28길 24-6,서울특별시 송파구 삼전동 57-13,,,,,02-2147-3326,서울특별시 송파구청,2022-12-13
삼전동-298,1,서울특별시 송파구 백제고분로28길 24-10,서울특별시 송파구 삼전동 57-3,,,,,02-2147-3326,서울특별시 송파구청,2022-12-13
삼전동-299,1,서울특별시 송파구 백제고분로28길 24-18,서울특별시 송파구 삼전동 57-8,,,,,02-2147-3326,서울특별시 송파구청,2022-12-13
삼전동-300,1,서울특별시 송파구 백제고분로28길 20-19,서울특별시 송파구 삼전동 57,,,,,02-2147-3326,서울특별시 송파구청,2022-12-13
삼전동-301,1,서울특별시 송파구 백제고분로28길 20-24,서울특별시 송파구 삼전동 52-9,,,,,02-2147-3326,서울특별시 송파구청,2022-12-13
삼전동-302,1,서울특별시 송파구 백제고분로28길 20-32,서울특별시 송파구 삼전동 56,,,,,02-2147-3326,서울특별시 송파구청,2022-12-13
삼전동-303,1,서울특별시 송파구 백제고분로28길 20-40,서울특별시 송파구 삼전동 52-13,,,,,02-2147-3326,서울특별시 송파구청,2022-12-13
삼전동-304,1,서울특별시 송파구 백제고분로28길 28-20,서울특별시 송파구 삼전동 56-12,,,,,02-2147-3326,서울특별시 송파구청,2022-12-13
삼전동-305,1,서울특별시 송파구 백제고분로28길 28-16,서울특별시 송파구 삼전동 56-8,,,,,02-2147-3326,서울특별시 송파구청,2022-12-13
삼전동-306,1,서울특별시 송파구 백제고분로28길 28-8,서울특별시 송파구 삼전동 56-5,,,,,02-2147-3326,서울특별시 송파구청,2022-12-13
삼전동-307,1,서울특별시 송파구 백제고분로28길 28,서울특별시 송파구 삼전동 56-16,,,,,02-2147-3326,서울특별시 송파구청,2022-12-13
삼전동-308,1,서울특별시 송파구 백제고분로28길 30,서울특별시 송파구 삼전동 55-5,,,,,02-2147-3326,서울특별시 송파구청,2022-12-13
삼전동-309,1,서울특별시 송파구 백제고분로28길 27,서울특별시 송파구 삼전동 65-9,,,,,02-2147-3326,서울특별시 송파구청,2022-12-13
삼전동-310,1,서울특별시 송파구 백제고분로28길 27-7,서울특별시 송파구 삼전동 65-11,,,,,02-2147-3326,서울특별시 송파구청,2022-12-13
삼전동-311,1,서울특별시 송파구 백제고분로28길 27-11,서울특별시 송파구 삼전동 65-23,,,,,02-2147-3326,서울특별시 송파구청,2022-12-13
삼전동-312,1,서울특별시 송파구 백제고분로28길 27-19,서울특별시 송파구 삼전동 65-19,,,,,02-2147-3326,서울특별시 송파구청,2022-12-13
삼전동-313,1,서울특별시 송파구 백제고분로28길 27-23,서울특별시 송파구 삼전동 65-22,,,,,02-2147-3326,서울특별시 송파구청,2022-12-13
삼전동-314,1,서울특별시 송파구 삼학사로3길 36,서울특별시 송파구 삼전동 71-25,,,,,02-2147-3326,서울특별시 송파구청,2022-12-13
삼전동-315,1,서울특별시 송파구 삼학사로3길 39,서울특별시 송파구 삼전동 67-2,,,,,02-2147-3326,서울특별시 송파구청,2022-12-13
삼전동-316,1,서울특별시 송파구 삼학사로3길44-1,서울특별시 송파구 삼전동 67-1,,,,,02-2147-3326,서울특별시 송파구청,2022-12-13
삼전동-317,1,서울특별시 송파구 삼학사로3길 33,서울특별시 송파구 삼전동 67,,,,,02-2147-3326,서울특별시 송파구청,2022-12-13
삼전동-318,1,서울특별시 송파구 백제고분로28길 34,서울특별시 송파구 삼전동 54-5,,,,,02-2147-3326,서울특별시 송파구청,2022-12-13
삼전동-319,1,서울특별시 송파구 삼학사로3길 51,서울특별시 송파구 삼전동 54-5,,,,,02-2147-3326,서울특별시 송파구청,2022-12-13
삼전동-320,1,서울특별시 송파구 삼학사로3길 55,서울특별시 송파구 삼전동 54-2,,,,,02-2147-3326,서울특별시 송파구청,2022-12-13
삼전동-321,1,서울특별시 송파구 삼학사로3길 59,서울특별시 송파구 삼전동 54-1,,,,,02-2147-3326,서울특별시 송파구청,2022-12-13
삼전동-322,1,서울특별시 송파구 백제고분로28길 20-48,서울특별시 송파구 삼전동 52-5,,,,,02-2147-3326,서울특별시 송파구청,2022-12-13
삼전동-323,1,서울특별시 송파구 백제고분로28길 36-23,서울특별시 송파구 삼전동 53-2,,,,,02-2147-3326,서울특별시 송파구청,2022-12-13
삼전동-324,1,서울특별시 송파구 백제고분로28길 36-27,서울특별시 송파구 삼전동 53,,,,,02-2147-3326,서울특별시 송파구청,2022-12-13
삼전동-325,1,서울특별시 송파구 백제고분로22길 39,서울특별시 송파구 삼전동 39,,,,,02-2147-3326,서울특별시 송파구청,2022-12-13
삼전동-326,1,서울특별시 송파구 백제고분로22길 39,서울특별시 송파구 삼전동 39,,,,,02-2147-3326,서울특별시 송파구청,2022-12-13
삼전동-327,1,서울특별시 송파구 백제고분로22길 39,서울특별시 송파구 삼전동 39,,,,,02-2147-3326,서울특별시 송파구청,2022-12-13
삼전동-328,1,서울특별시 송파구 백제고분로22길 39,서울특별시 송파구 삼전동 39,,,,,02-2147-3326,서울특별시 송파구청,2022-12-13
삼전동-329,1,서울특별시 송파구 백제고분로28길 36-15,서울특별시 송파구 삼전동 53-4,,,,,02-2147-3326,서울특별시 송파구청,2022-12-13
삼전동-330,1,서울특별시 송파구 백제고분로28길 36-14,서울특별시 송파구 삼전동 54-9,,,,,02-2147-3326,서울특별시 송파구청,2022-12-13
삼전동-331,1,서울특별시 송파구 백제고분로28길 36-8,서울특별시 송파구 삼전동 54-6,,,,,02-2147-3326,서울특별시 송파구청,2022-12-13
삼전동-332,1,서울특별시 송파구 백제고분로28길 36,서울특별시 송파구 삼전동 54-12,,,,,02-2147-3326,서울특별시 송파구청,2022-12-13
삼전동-333,1,서울특별시 송파구 백제고분로28길 38,서울특별시 송파구 삼전동 53-6,,,,,02-2147-3326,서울특별시 송파구청,2022-12-13
삼전동-334,1,서울특별시 송파구 백제고분로28길 37,서울특별시 송파구 삼전동 68-19,,,,,02-2147-3326,서울특별시 송파구청,2022-12-13
삼전동-335,1,서울특별시 송파구 백제고분로28길 35-8,서울특별시 송파구 삼전동 68,,,,,02-2147-3326,서울특별시 송파구청,2022-12-13
삼전동-336,1,서울특별시 송파구 백제고분로28길 35-14,서울특별시 송파구 삼전동 68-14,,,,,02-2147-3326,서울특별시 송파구청,2022-12-13
삼전동-337,1,서울특별시 송파구 백제고분로28길 35-22,서울특별시 송파구 삼전동 68-18,,,,,02-2147-3326,서울특별시 송파구청,2022-12-13
삼전동-338,1,서울특별시 송파구 백제고분로28길 35-32,서울특별시 송파구 삼전동 68-3,,,,,02-2147-3326,서울특별시 송파구청,2022-12-13
삼전동-339,1,서울특별시 송파구 백제고분로28길 35-27,서울특별시 송파구 삼전동 67-17,,,,,02-2147-3326,서울특별시 송파구청,2022-12-13
삼전동-340,1,서울특별시 송파구 백제고분로28길 35-35,서울특별시 송파구 삼전동 69-8,,,,,02-2147-3326,서울특별시 송파구청,2022-12-13
삼전동-341,1,서울특별시 송파구 백제고분로28길 39-26,서울특별시 송파구 삼전동 69-17,,,,,02-2147-3326,서울특별시 송파구청,2022-12-13
삼전동-342,1,서울특별시 송파구 백제고분로28길 39-18,서울특별시 송파구 삼전동 68-5,,,,,02-2147-3326,서울특별시 송파구청,2022-12-13
삼전동-343,1,서울특별시 송파구 백제고분로28길 39-15,서울특별시 송파구 삼전동 68-15,,,,,02-2147-3326,서울특별시 송파구청,2022-12-13
삼전동-344,1,서울특별시 송파구 백제고분로28길 39-7,서울특별시 송파구 삼전동 68-8,,,,,02-2147-3326,서울특별시 송파구청,2022-12-13
삼전동-345,1,서울특별시 송파구 백제고분로28길 39,서울특별시 송파구 삼전동 69-13,,,,,02-2147-3326,서울특별시 송파구청,2022-12-13
삼전동-346,1,서울특별시 송파구 백제고분로28길 40,서울특별시 송파구 삼전동 69-24,,,,,02-2147-3326,서울특별시 송파구청,2022-12-13
삼전동-347,1,서울특별시 송파구 삼학사로1길 38,서울특별시 송파구 삼전동 171-1,,,,,02-2147-3326,서울특별시 송파구청,2022-12-13
삼전동-348,1,서울특별시 송파구 백제고분로32길 46-29,서울특별시 송파구 삼전동 170-11,,,,,02-2147-3326,서울특별시 송파구청,2022-12-13
삼전동-349,1,서울특별시 송파구 백제고분로32길 46-24,서울특별시 송파구 삼전동 170-8,,,,,02-2147-3326,서울특별시 송파구청,2022-12-13
삼전동-350,1,서울특별시 송파구 백제고분로32길 46-14,서울특별시 송파구 삼전동 170-28,,,,,02-2147-3326,서울특별시 송파구청,2022-12-13
삼전동-351,1,서울특별시 송파구 백제고분로32길 46-6,서울특별시 송파구 삼전동 170-13,,,,,02-2147-3326,서울특별시 송파구청,2022-12-13
삼전동-352,1,서울특별시 송파구 백제고분로32길 46,서울특별시 송파구 삼전동 170-6,,,,,02-2147-3326,서울특별시 송파구청,2022-12-13
삼전동-353,1,서울특별시 송파구 백제고분로32길 44,서울특별시 송파구 삼전동 169-19,,,,,02-2147-3326,서울특별시 송파구청,2022-12-13
삼전동-354,1,서울특별시 송파구 백제고분로32길 40,서울특별시 송파구 삼전동 170-5,,,,,02-2147-3326,서울특별시 송파구청,2022-12-13
삼전동-355,1,서울특별시 송파구 백제고분로32길 42,서울특별시 송파구 삼전동 170-25,,,,,02-2147-3326,서울특별시 송파구청,2022-12-13
삼전동-356,1,서울특별시 송파구 백제고분로32길 40-19,서울특별시 송파구 삼전동 170-2,,,,,02-2147-3326,서울특별시 송파구청,2022-12-13
삼전동-357,1,서울특별시 송파구 백제고분로32길 40-25,서울특별시 송파구 삼전동 169-14,,,,,02-2147-3326,서울특별시 송파구청,2022-12-13
삼전동-358,1,서울특별시 송파구 백제고분로32길 40-24,서울특별시 송파구 삼전동 169-13,,,,,02-2147-3326,서울특별시 송파구청,2022-12-13
삼전동-359,1,서울특별시 송파구 백제고분로32길 40-30,서울특별시 송파구 삼전동 169,,,,,02-2147-3326,서울특별시 송파구청,2022-12-13
삼전동-360,1,서울특별시 송파구 삼학사로3길 31,서울특별시 송파구 삼전동 168-13,,,,,02-2147-3326,서울특별시 송파구청,2022-12-13
삼전동-361,1,서울특별시 송파구 삼학사로3길 32,서울특별시 송파구 삼전동 168-12,,,,,02-2147-3326,서울특별시 송파구청,2022-12-13
삼전동-362,1,서울특별시 송파구 삼학사로3길 28,서울특별시 송파구 삼전동 168-10,,,,,02-2147-3326,서울특별시 송파구청,2022-12-13
삼전동-363,1,서울특별시 송파구 삼학사로3길 26,서울특별시 송파구 삼전동 168-7,,,,,02-2147-3326,서울특별시 송파구청,2022-12-13
삼전동-364,1,서울특별시 송파구 삼학사로3길 22-1,서울특별시 송파구 삼전동 168-18,,,,,02-2147-3326,서울특별시 송파구청,2022-12-13
삼전동-365,1,서울특별시 송파구 백제고분로32길 34,서울특별시 송파구 삼전동 168-18,,,,,02-2147-3326,서울특별시 송파구청,2022-12-13
삼전동-366,1,서울특별시 송파구 백제고분로32길 34,서울특별시 송파구 삼전동 169-2,,,,,02-2147-3326,서울특별시 송파구청,2022-12-13
삼전동-367,1,서울특별시 송파구 백제고분로32길 38,서울특별시 송파구 삼전동 172,,,,,02-2147-3326,서울특별시 송파구청,2022-12-13
삼전동-368,1,서울특별시 송파구 백제고분로32길 35,서울특별시 송파구 삼전동 172,,,,,02-2147-3326,서울특별시 송파구청,2022-12-13
삼전동-369,1,서울특별시 송파구 백제고분로32길 35,서울특별시 송파구 삼전동 173-10,,,,,02-2147-3326,서울특별시 송파구청,2022-12-13
삼전동-370,1,서울특별시 송파구 삼학사로 11,서울특별시 송파구 삼전동 173-7,,,,,02-2147-3326,서울특별시 송파구청,2022-12-13
삼전동-371,1,서울특별시 송파구 삼학사로 11,서울특별시 송파구 삼전동 172-2,,,,,02-2147-3326,서울특별시 송파구청,2022-12-13
삼전동-372,1,서울특별시 송파구 삼학사로 11,서울특별시 송파구 삼전동 172-1,,,,,02-2147-3326,서울특별시 송파구청,2022-12-13
삼전동-373,1,서울특별시 송파구 삼학사로9길 25-1,서울특별시 송파구 삼전동 182-4,,,,,02-2147-3326,서울특별시 송파구청,2022-12-13
삼전동-374,1,서울특별시 송파구 삼학사로9길 3-15,서울특별시 송파구 삼전동 182-3,,,,,02-2147-3326,서울특별시 송파구청,2022-12-13
삼전동-375,1,서울특별시 송파구 삼학사로9길 3-13,서울특별시 송파구 삼전동 182-12,,,,,02-2147-3326,서울특별시 송파구청,2022-12-13
삼전동-376,1,서울특별시 송파구 백제고분로32길 29-19,서울특별시 송파구 삼전동 174-16,,,,,02-2147-3326,서울특별시 송파구청,2022-12-13
삼전동-377,1,서울특별시 송파구 백제고분로32길 29-13,서울특별시 송파구 삼전동 174-4,,,,,02-2147-3326,서울특별시 송파구청,2022-12-13
삼전동-378,1,서울특별시 송파구 백제고분로32길 29-12,서울특별시 송파구 삼전동 173-1,,,,,02-2147-3326,서울특별시 송파구청,2022-12-13
삼전동-379,1,서울특별시 송파구 백제고분로32길 29-5,서울특별시 송파구 삼전동 174-6,,,,,02-2147-3326,서울특별시 송파구청,2022-12-13
삼전동-380,1,서울특별시 송파구 백제고분로32길 30,서울특별시 송파구 삼전동 167-18,,,,,02-2147-3326,서울특별시 송파구청,2022-12-13
삼전동-381,1,서울특별시 송파구 백제고분로32길 30-5,서울특별시 송파구 삼전동 168-14,,,,,02-2147-3326,서울특별시 송파구청,2022-12-13
삼전동-382,1,서울특별시 송파구 백제고분로32길 30-10,서울특별시 송파구 삼전동 167-9,,,,,02-2147-3326,서울특별시 송파구청,2022-12-13
삼전동-383,1,서울특별시 송파구 백제고분로32길 30-16,서울특별시 송파구 삼전동 167-23,,,,,02-2147-3326,서울특별시 송파구청,2022-12-13
삼전동-384,1,서울특별시 송파구 백제고분로32길 30-19,서울특별시 송파구 삼전동 168-1,,,,,02-2147-3326,서울특별시 송파구청,2022-12-13
삼전동-385,1,서울특별시 송파구 백제고분로32길 6-74,서울특별시 송파구 삼전동 71-22,,,,,02-2147-3326,서울특별시 송파구청,2022-12-13
삼전동-386,1,서울특별시 송파구 백제고분로32길 6-66,서울특별시 송파구 삼전동 71-19,,,,,02-2147-3326,서울특별시 송파구청,2022-12-13
삼전동-387,1,서울특별시 송파구 백제고분로32길 26-26,서울특별시 송파구 삼전동 166-11,,,,,02-2147-3326,서울특별시 송파구청,2022-12-13
삼전동-388,1,서울특별시 송파구 백제고분로32길 26-16,서울특별시 송파구 삼전동 166-9,,,,,02-2147-3326,서울특별시 송파구청,2022-12-13
삼전동-389,1,서울특별시 송파구 백제고분로32길 26-12,서울특별시 송파구 삼전동 166-7,,,,,02-2147-3326,서울특별시 송파구청,2022-12-13
삼전동-390,1,서울특별시 송파구 백제고분로32길 26,서울특별시 송파구 삼전동 166-6,,,,,02-2147-3326,서울특별시 송파구청,2022-12-13
삼전동-391,1,서울특별시 송파구 백제고분로32길 26,서울특별시 송파구 삼전동 166-6,,,,,02-2147-3326,서울특별시 송파구청,2022-12-13
삼전동-392,1,서울특별시 송파구 백제고분로32길 25,서울특별시 송파구 삼전동 175-3,,,,,02-2147-3326,서울특별시 송파구청,2022-12-13
삼전동-393,1,서울특별시 송파구 백제고분로32길 25-9,서울특별시 송파구 삼전동 175-6,,,,,02-2147-3326,서울특별시 송파구청,2022-12-13
삼전동-394,1,서울특별시 송파구 백제고분로32길 25-17,서울특별시 송파구 삼전동 175-8,,,,,02-2147-3326,서울특별시 송파구청,2022-12-13
삼전동-395,1,서울특별시 송파구 백제고분로32길 25-17,서울특별시 송파구 삼전동 175-8,,,,,02-2147-3326,서울특별시 송파구청,2022-12-13
삼전동-396,1,서울특별시 송파구 삼학사로9길 3-5,서울특별시 송파구 삼전동 182-10,,,,,02-2147-3326,서울특별시 송파구청,2022-12-13
삼전동-397,1,서울특별시 송파구 삼학사로 35,서울특별시 송파구 삼전동 181-6,,,,,02-2147-3326,서울특별시 송파구청,2022-12-13
삼전동-398,1,서울특별시 송파구 삼학사로9길 3,서울특별시 송파구 삼전동 182,,,,,02-2147-3326,서울특별시 송파구청,2022-12-13
삼전동-399,1,서울특별시 송파구 삼학사로9길9,서울특별시 송파구 삼전동 175-1,,,,,02-2147-3326,서울특별시 송파구청,2022-12-13
삼전동-400,1,서울특별시 송파구 삼학사로9길 8,서울특별시 송파구 삼전동 175-8,,,,,02-2147-3326,서울특별시 송파구청,2022-12-13
삼전동-401,1,서울특별시 송파구 삼학사로9길 9,서울특별시 송파구 삼전동 175-1,,,,,02-2147-3326,서울특별시 송파구청,2022-12-13
삼전동-402,1,서울특별시 송파구 백제고분로32길 23,서울특별시 송파구 삼전동 175,,,,,02-2147-3326,서울특별시 송파구청,2022-12-13
삼전동-403,1,서울특별시 송파구 백제고분로32길 24,서울특별시 송파구 삼전동 166-18,,,,,02-2147-3326,서울특별시 송파구청,2022-12-13
삼전동-404,1,서울특별시 송파구 백제고분로32길 22,서울특별시 송파구 삼전동 165-5,,,,,02-2147-3326,서울특별시 송파구청,2022-12-13
삼전동-405,1,서울특별시 송파구 삼학사로9길 20,서울특별시 송파구 삼전동 165-6,,,,,02-2147-3326,서울특별시 송파구청,2022-12-13
삼전동-406,1,서울특별시 송파구 삼학사로9길 22,서울특별시 송파구 삼전동 165-7,,,,,02-2147-3326,서울특별시 송파구청,2022-12-13
삼전동-407,1,서울특별시 송파구 삼학사로9길 25-1,서울특별시 송파구 삼전동 166-15,,,,,02-2147-3326,서울특별시 송파구청,2022-12-13
삼전동-408,1,서울특별시 송파구 삼학사로9길 30,서울특별시 송파구 삼전동 165-11,,,,,02-2147-3326,서울특별시 송파구청,2022-12-13
삼전동-409,1,서울특별시 송파구 백제고분로32길 6-60,서울특별시 송파구 삼전동 71-34,,,,,02-2147-3326,서울특별시 송파구청,2022-12-13
삼전동-410,1,서울특별시 송파구 백제고분로32길 18-23,서울특별시 송파구 삼전동 165,,,,,02-2147-3326,서울특별시 송파구청,2022-12-13
삼전동-411,1,서울특별시 송파구 백제고분로32길 6-44,서울특별시 송파구 삼전동 71-2,,,,,02-2147-3326,서울특별시 송파구청,2022-12-13
삼전동-412,1,서울특별시 송파구 백제고분로32길 18-24,서울특별시 송파구 삼전동 164-8,,,,,02-2147-3326,서울특별시 송파구청,2022-12-13
삼전동-413,1,서울특별시 송파구 백제고분로32길 18-16,서울특별시 송파구 삼전동 164-7,,,,,02-2147-3326,서울특별시 송파구청,2022-12-13
삼전동-414,1,서울특별시 송파구 백제고분로32길 18-12,서울특별시 송파구 삼전동 164-9,,,,,02-2147-3326,서울특별시 송파구청,2022-12-13
삼전동-415,1,서울특별시 송파구 백제고분로32길 18,서울특별시 송파구 삼전동 164-5,,,,,02-2147-3326,서울특별시 송파구청,2022-12-13
삼전동-416,1,서울특별시 송파구 백제고분로32길 18,서울특별시 송파구 삼전동 164-5,,,,,02-2147-3326,서울특별시 송파구청,2022-12-13
삼전동-417,1,서울특별시 송파구 백제고분로32길 15-7,서울특별시 송파구 삼전동 177-5,,,,,02-2147-3326,서울특별시 송파구청,2022-12-13
삼전동-418,1,서울특별시 송파구 백제고분로32길 15-11,서울특별시 송파구 삼전동 177-4,,,,,02-2147-3326,서울특별시 송파구청,2022-12-13
삼전동-419,1,서울특별시 송파구 삼학사로11길 5-15,서울특별시 송파구 삼전동 181-5,,,,,02-2147-3326,서울특별시 송파구청,2022-12-13
삼전동-420,1,서울특별시 송파구 삼학사로11길 5-6,서울특별시 송파구 삼전동 178-3,,,,,02-2147-3326,서울특별시 송파구청,2022-12-13
삼전동-421,1,서울특별시 송파구 백제고분로32길 11-18,서울특별시 송파구 삼전동 177-2,,,,,02-2147-3326,서울특별시 송파구청,2022-12-13
삼전동-422,1,서울특별시 송파구 백제고분로32길 11-10,서울특별시 송파구 삼전동 177-1,,,,,02-2147-3326,서울특별시 송파구청,2022-12-13
삼전동-423,1,서울특별시 송파구 백제고분로32길 11-6,서울특별시 송파구 삼전동 177-7,,,,,02-2147-3326,서울특별시 송파구청,2022-12-13
삼전동-424,1,서울특별시 송파구 백제고분로32길 12,서울특별시 송파구 삼전동 163-20,,,,,02-2147-3326,서울특별시 송파구청,2022-12-13
삼전동-425,1,서울특별시 송파구 백제고분로32길 12-4,서울특별시 송파구 삼전동 163-20,,,,,02-2147-3326,서울특별시 송파구청,2022-12-13
삼전동-426,1,서울특별시 송파구 백제고분로32길 12-12,서울특별시 송파구 삼전동 163-13,,,,,02-2147-3326,서울특별시 송파구청,2022-12-13
삼전동-427,1,서울특별시 송파구 백제고분로32길 12-15,서울특별시 송파구 삼전동 164-14,,,,,02-2147-3326,서울특별시 송파구청,2022-12-13
삼전동-428,1,서울특별시 송파구 백제고분로32길 12-22,서울특별시 송파구 삼전동 163-15,,,,,02-2147-3326,서울특별시 송파구청,2022-12-13
삼전동-429,1,서울특별시 송파구 백제고분로32길 6-36,서울특별시 송파구 삼전동 71-28,,,,,02-2147-3326,서울특별시 송파구청,2022-12-13
삼전동-430,1,서울특별시 송파구 백제고분로32길 6-32,서울특별시 송파구 삼전동 71,,,,,02-2147-3326,서울특별시 송파구청,2022-12-13
삼전동-431,1,서울특별시 송파구 삼학사로11길 24,서울특별시 송파구 삼전동 73-8,,,,,02-2147-3326,서울특별시 송파구청,2022-12-13
삼전동-432,1,서울특별시 송파구 삼학사로11길 18,서울특별시 송파구 삼전동 73-12,,,,,02-2147-3326,서울특별시 송파구청,2022-12-13
삼전동-433,1,서울특별시 송파구 백제고분로32길 8,서울특별시 송파구 삼전동 73-5,,,,,02-2147-3326,서울특별시 송파구청,2022-12-13
삼전동-434,1,서울특별시 송파구 삼학사로11길 13,서울특별시 송파구 삼전동 178-12,,,,,02-2147-3326,서울특별시 송파구청,2022-12-13
삼전동-435,1,서울특별시 송파구 삼학사로11길 7,서울특별시 송파구 삼전동 178-14,,,,,02-2147-3326,서울특별시 송파구청,2022-12-13
삼전동-436,1,서울특별시 송파구 삼학사로11길 5,서울특별시 송파구 삼전동 178-11,,,,,02-2147-3326,서울특별시 송파구청,2022-12-13
삼전동-437,1,서울특별시 송파구 삼학사로11길 6-5,서울특별시 송파구 삼전동 179-12,,,,,02-2147-3326,서울특별시 송파구청,2022-12-13
삼전동-438,1,서울특별시 송파구 백제고분로32길 3-19,서울특별시 송파구 삼전동 180-19,,,,,02-2147-3326,서울특별시 송파구청,2022-12-13
삼전동-439,1,서울특별시 송파구 백제고분로32길 3-12,서울특별시 송파구 삼전동 179-7,,,,,02-2147-3326,서울특별시 송파구청,2022-12-13
삼전동-440,1,서울특별시 송파구 백제고분로 258,서울특별시 송파구 삼전동 72-5,,,,,02-2147-3326,서울특별시 송파구청,2022-12-13
삼전동-441,1,서울특별시 송파구 백제고분로32길 6-1,서울특별시 송파구 삼전동 73-5,,,,,02-2147-3326,서울특별시 송파구청,2022-12-13
삼전동-442,1,서울특별시 송파구 백제고분로32길 6,서울특별시 송파구 삼전동 72-14,,,,,02-2147-3326,서울특별시 송파구청,2022-12-13
삼전동-443,1,서울특별시 송파구 백제고분로32길 6-10,서울특별시 송파구 삼전동 72-19,,,,,02-2147-3326,서울특별시 송파구청,2022-12-13
삼전동-444,1,서울특별시 송파구 백제고분로32길 6-20,서울특별시 송파구 삼전동 72-8,,,,,02-2147-3326,서울특별시 송파구청,2022-12-13
삼전동-445,1,서울특별시 송파구 백제고분로32길 6-22,서울특별시 송파구 삼전동 72-20,,,,,02-2147-3326,서울특별시 송파구청,2022-12-13
삼전동-446,1,서울특별시 송파구 백제고분로32길 6-30,서울특별시 송파구 삼전동 62-1,,,,,02-2147-3326,서울특별시 송파구청,2022-12-13
삼전동-447,1,서울특별시 송파구 삼학사로1길 18,서울특별시 송파구 삼전동 172-2,,,,,02-2147-3326,서울특별시 송파구청,2022-12-13
삼전동-448,1,서울특별시 송파구 백제고분로32길 41,서울특별시 송파구 삼전동 172-2,,,,,02-2147-3326,서울특별시 송파구청,2022-12-13
삼전동-449,1,서울특별시 송파구 삼학사로 11,서울특별시 송파구 삼전동 172,,,,,02-2147-3326,서울특별시 송파구청,2022-12-13
삼전동-450,1,서울특별시 송파구 백제고분로32길 6-52,서울특별시 송파구 삼전동 71-12,,,,,02-2147-3326,서울특별시 송파구청,2022-12-13
삼전동-451,1,서울특별시 송파구 백제고분로31길 12-15,서울특별시 송파구 삼전동 122-6,,,,,02-2147-3326,서울특별시 송파구청,2022-12-13
삼전동-452,1,서울특별시 송파구 백제고분로28길 6-25,서울특별시 송파구 삼전동 50-15,,,,,02-2147-3326,서울특별시 송파구청,2022-12-13
삼전동-453,1,서울특별시 송파구 백제고분로32길34,서울특별시 송파구 삼전동 168-18,,,,,02-2147-3326,서울특별시 송파구청,2022-12-13
삼전동-454,1,서울특별시 송파구 백제고분로22길6-75,서울특별시 송파구 삼전동 168,,,,,02-2147-3326,서울특별시 송파구청,2022-12-13
삼전동-455,1,서울특별시 송파구 백제고분로31길 24-12,서울특별시 송파구 삼전동 124-6,,,,,02-2147-3326,서울특별시 송파구청,2022-12-13
삼전동-456,1,서울특별시 송파구 백제고분로32길6-32,서울특별시 송파구 삼전동 71,,,,,02-2147-3326,서울특별시 송파구청,2022-12-13
삼전동-457,1,서울특별시 송파구 백제고분로36나길 28,서울특별시 송파구 삼전동 54-48,,,,,02-2147-3326,서울특별시 송파구청,2022-12-13
삼전동-458,1,서울특별시 송파구 백제고분로28길8-15,서울특별시 송파구 삼전동 60-1,,,,,02-2147-3326,서울특별시 송파구청,2022-12-13
삼전동-459,1,서울특별시 송파구 백제고분로21길 15-8,서울특별시 송파구 삼전동 6-3,,,,,02-2147-3326,서울특별시 송파구청,2022-12-13
삼전동-460,1,서울특별시 송파구 백제고분로32길 3-7,서울특별시 송파구 삼전동 180-21,,,,,02-2147-3326,서울특별시 송파구청,2022-12-13
삼전동-461,1,서울특별시 송파구 백제고분로22길 28-6,서울특별시 송파구 삼전동 35-16,,,,,02-2147-3326,서울특별시 송파구청,2022-12-13
삼전동-462,1,서울특별시 송파구 백제고분로32길 18,서울특별시 송파구 삼전동 164-5,,,,,02-2147-3326,서울특별시 송파구청,2022-12-13
삼전동-463,1,서울특별시 송파구 백제고분로32길 41,서울특별시 송파구 삼전동 172-2,,,,,02-2147-3326,서울특별시 송파구청,2022-12-13
삼전동-464,1,서울특별시 송파구 삼전로4길 3-13,서울특별시 송파구 삼전동 33-14,,,,,02-2147-3326,서울특별시 송파구청,2022-12-13
삼전동-465,1,서울특별시 송파구 삼학사로23,서울특별시 송파구 삼전동 182-8,,,,,02-2147-3326,서울특별시 송파구청,2022-12-13
삼전동-466,1,서울특별시 송파구 백제고분로22길20-12,서울특별시 송파구 삼전동 32-15,,,,,02-2147-3326,서울특별시 송파구청,2022-12-13
삼전동-467,1,서울특별시 송파구 백제고분로22길 19-21,서울특별시 송파구 삼전동 44-5,,,,,02-2147-3326,서울특별시 송파구청,2022-12-13
삼전동-468,1,서울특별시 송파구 삼학사로1길 26,서울특별시 송파구 삼전동 171-8,,,,,02-2147-3326,서울특별시 송파구청,2022-12-13
삼전동-469,1,서울특별시 송파구 삼학사로1길 48,서울특별시 송파구 삼전동 69-18,,,,,02-2147-3326,서울특별시 송파구청,2022-12-13
삼전동-470,1,서울특별시 송파구 삼전로2길 57,서울특별시 송파구 삼전동 53-17,,,,,02-2147-3326,서울특별시 송파구청,2022-12-13
삼전동-471,1,서울특별시 송파구 삼전로2길 55,서울특별시 송파구 삼전동 53-21,,,,,02-2147-3326,서울특별시 송파구청,2022-12-13
삼전동-472,1,서울특별시 송파구 삼학사로13길 17,서울특별시 송파구 삼전동 119-24,,,,,02-2147-3326,서울특별시 송파구청,2022-12-13
삼전동-473,1,서울특별시 송파구 삼전로2길 53,서울특별시 송파구 삼전동 53-8,,,,,02-2147-3326,서울특별시 송파구청,2022-12-13
삼전동-474,1,서울특별시 송파구 백제고분로22길 37,서울특별시 송파구 삼전동 39,,,,,02-2147-3326,서울특별시 송파구청,2022-12-13
삼전동-475,1,서울특별시 송파구 백제고분로22길 37,서울특별시 송파구 삼전동 39,,,,,02-2147-3326,서울특별시 송파구청,2022-12-13
삼전동-476,1,서울특별시 송파구 백제고분로22길 37,서울특별시 송파구 삼전동 39,,,,,02-2147-3326,서울특별시 송파구청,2022-12-13
삼전동-477,1,서울특별시 송파구 백제고분로22길 31-6,서울특별시 송파구 삼전동 40-9,,,,,02-2147-3326,서울특별시 송파구청,2022-12-13
삼전동-478,1,서울특별시 송파구 삼전로6길 3,서울특별시 송파구 삼전동 28-21,,,,,02-2147-3326,서울특별시 송파구청,2022-12-13
삼전동-479,1,서울특별시 송파구 백제고분로32길46-28,서울특별시 송파구 삼전동 170-11,,,,,02-2147-3326,서울특별시 송파구청,2022-12-13
삼전동-480,1,서울특별시 송파구 삼학사로3길41-1,서울특별시 송파구 삼전동 67-19,,,,,02-2147-3326,서울특별시 송파구청,2022-12-13
삼전동-481,1,서울특별시 송파구 백제고분로32길 6-76,서울특별시 송파구 삼전동 71-23,,,,,02-2147-3326,서울특별시 송파구청,2022-12-13
삼전동-482,1,서울특별시 송파구 백제고분로28길 12-22,서울특별시 송파구 삼전동 60-9,,,,,02-2147-3326,서울특별시 송파구청,2022-12-13
삼전동-483,1,서울특별시 송파구 삼전로2길 47-2,서울특별시 송파구 삼전동 53-10,,,,,02-2147-3326,서울특별시 송파구청,2022-12-13
삼전동-484,1,서울특별시 송파구 백제고분로28길 27-15,서울특별시 송파구 삼전동 65-6,,,,,02-2147-3326,서울특별시 송파구청,2022-12-13
삼전동-485,1,서울특별시 송파구 백제고분로32길 6-19,서울특별시 송파구 삼전동 73,,,,,02-2147-3326,서울특별시 송파구청,2022-12-13
삼전동-486,1,서울특별시 송파구 백제고분로32길 37,서울특별시 송파구 삼전동 172,,,,,02-2147-3326,서울특별시 송파구청,2022-12-13
삼전동-487,1,서울특별시 송파구 삼학사로1길22,서울특별시 송파구 삼전동 171-6,,,,,02-2147-3326,서울특별시 송파구청,2022-12-13
삼전동-488,1,서울특별시 송파구 백제고분로23길8,서울특별시 송파구 삼전동 96-13,,,,,02-2147-3326,서울특별시 송파구청,2022-12-13
삼전동-489,1,서울특별시 송파구 백제고분로31길40-14,서울특별시 송파구 삼전동 129-9,,,,,02-2147-3326,서울특별시 송파구청,2022-12-13
석촌동-001,1,서울특별시 송파구 송파대로49길 58,서울특별시 송파구 석촌동 1-4,,,,,02-2147-3326,서울특별시 송파구청,2022-12-13
석촌동-002,1,서울특별시 송파구 송파대로49길 55,서울특별시 송파구 석촌동 23,,,,,02-2147-3326,서울특별시 송파구청,2022-12-13
석촌동-003,1,서울특별시 송파구 송파대로49길 53,서울특별시 송파구 석촌동 23-2,,,,,02-2147-3326,서울특별시 송파구청,2022-12-13
석촌동-004,1,서울특별시 송파구 송파대로49길 59,서울특별시 송파구 석촌동 3-1,,,,,02-2147-3326,서울특별시 송파구청,2022-12-13
석촌동-005,1,서울특별시 송파구 송파대로49길 64,서울특별시 송파구 석촌동 1-6,,,,,02-2147-3326,서울특별시 송파구청,2022-12-13
석촌동-006,1,서울특별시 송파구 백제고분로33길31-14,서울특별시 송파구 석촌동 3-4,,,,,02-2147-3326,서울특별시 송파구청,2022-12-13
석촌동-007,1,서울특별시 송파구 백제고분로33길31-12,서울특별시 송파구 석촌동 3-5,,,,,02-2147-3326,서울특별시 송파구청,2022-12-13
석촌동-008,1,서울특별시 송파구 백제고분로33길31-6,서울특별시 송파구 석촌동 3-7,,,,,02-2147-3326,서울특별시 송파구청,2022-12-13
석촌동-009,1,서울특별시 송파구 백제고분로33길35,서울특별시 송파구 석촌동 3-2,,,,,02-2147-3326,서울특별시 송파구청,2022-12-13
석촌동-010,1,서울특별시 송파구 백제고분로33길34,서울특별시 송파구 석촌동 23-1,,,,,02-2147-3326,서울특별시 송파구청,2022-12-13
석촌동-011,1,서울특별시 송파구 백제고분로33길34,서울특별시 송파구 석촌동 23-1,,,,,02-2147-3326,서울특별시 송파구청,2022-12-13
석촌동-012,1,서울특별시 송파구 백제고분로33길32-13,서울특별시 송파구 석촌동 23-9,,,,,02-2147-3326,서울특별시 송파구청,2022-12-13
석촌동-013,1,서울특별시 송파구 삼학사로2길5,서울특별시 송파구 석촌동 221-7,,,,,02-2147-3326,서울특별시 송파구청,2022-12-13
석촌동-014,1,서울특별시 송파구 삼학사로2길5,서울특별시 송파구 석촌동 221-7,,,,,02-2147-3326,서울특별시 송파구청,2022-12-13
석촌동-015,1,서울특별시 송파구 백제고분로33길32-13,서울특별시 송파구 석촌동 27,,,,,02-2147-3326,서울특별시 송파구청,2022-12-13
석촌동-016,1,서울특별시 송파구 백제고분로36나길29,서울특별시 송파구 석촌동 22-9,,,,,02-2147-3326,서울특별시 송파구청,2022-12-13
석촌동-017,1,서울특별시 송파구 백제고분로33길28-9,서울특별시 송파구 석촌동 22-6,,,,,02-2147-3326,서울특별시 송파구청,2022-12-13
석촌동-018,1,서울특별시 송파구 백제고분로33길30,서울특별시 송파구 석촌동 22-3,,,,,02-2147-3326,서울특별시 송파구청,2022-12-13
석촌동-019,1,서울특별시 송파구 백제고분로33길29,서울특별시 송파구 석촌동 4-6,,,,,02-2147-3326,서울특별시 송파구청,2022-12-13
석촌동-020,1,서울특별시 송파구 백제고분로33길29-7,서울특별시 송파구 석촌동 5-6,,,,,02-2147-3326,서울특별시 송파구청,2022-12-13
석촌동-021,1,서울특별시 송파구 백제고분로33길29-15,서울특별시 송파구 석촌동 5-14,,,,,02-2147-3326,서울특별시 송파구청,2022-12-13
석촌동-022,1,서울특별시 송파구 삼학사로18길 3-15,서울특별시 송파구 석촌동 2-8,,,,,02-2147-3326,서울특별시 송파구청,2022-12-13
석촌동-023,1,서울특별시 송파구 삼학사로18길 28-13,서울특별시 송파구 석촌동 5-3,,,,,02-2147-3326,서울특별시 송파구청,2022-12-13
석촌동-024,1,서울특별시 송파구 삼학사로18길 28-13,서울특별시 송파구 석촌동 5-3,,,,,02-2147-3326,서울특별시 송파구청,2022-12-13
석촌동-025,1,서울특별시 송파구 백제고분로33길23-7,서울특별시 송파구 석촌동 6-1,,,,,02-2147-3326,서울특별시 송파구청,2022-12-13
석촌동-026,1,서울특별시 송파구 백제고분로33길23-4,서울특별시 송파구 석촌동 6-8,,,,,02-2147-3326,서울특별시 송파구청,2022-12-13
석촌동-027,1,서울특별시 송파구 백제고분로33길25,서울특별시 송파구 석촌동 5-12,,,,,02-2147-3326,서울특별시 송파구청,2022-12-13
석촌동-028,1,서울특별시 송파구 백제고분로33길26,서울특별시 송파구 석촌동 20-1,,,,,02-2147-3326,서울특별시 송파구청,2022-12-13
석촌동-029,1,서울특별시 송파구 백제고분로33길23-5,서울특별시 송파구 석촌동 20-1,,,,,02-2147-3326,서울특별시 송파구청,2022-12-13
석촌동-030,1,서울특별시 송파구 백제고분로36나길21,서울특별시 송파구 석촌동 20-6,,,,,02-2147-3326,서울특별시 송파구청,2022-12-13
석촌동-031,1,서울특별시 송파구 백제고분로36나길27,서울특별시 송파구 석촌동 21-8,,,,,02-2147-3326,서울특별시 송파구청,2022-12-13
석촌동-032,1,서울특별시 송파구 백제고분로36나길21,서울특별시 송파구 석촌동 20-6,,,,,02-2147-3326,서울특별시 송파구청,2022-12-13
석촌동-033,1,서울특별시 송파구 백제고분로36나길17,서울특별시 송파구 석촌동 19-13,,,,,02-2147-3326,서울특별시 송파구청,2022-12-13
석촌동-034,1,서울특별시 송파구 삼학사로18길 20,서울특별시 송파구 석촌동 19-11,,,,,02-2147-3326,서울특별시 송파구청,2022-12-13
석촌동-035,1,서울특별시 송파구 삼학사로18길 16,서울특별시 송파구 석촌동 19,,,,,02-2147-3326,서울특별시 송파구청,2022-12-13
석촌동-036,1,서울특별시 송파구 삼학사로18길 16,서울특별시 송파구 석촌동 19,,,,,02-2147-3326,서울특별시 송파구청,2022-12-13
석촌동-037,1,서울특별시 송파구 삼학사로18길 12,서울특별시 송파구 석촌동 7-3,,,,,02-2147-3326,서울특별시 송파구청,2022-12-13
석촌동-038,1,서울특별시 송파구 삼학사로18길 12,서울특별시 송파구 석촌동 7-3,,,,,02-2147-3326,서울특별시 송파구청,2022-12-13
석촌동-039,1,서울특별시 송파구 삼학사로18길 10,서울특별시 송파구 석촌동 7-2,,,,,02-2147-3326,서울특별시 송파구청,2022-12-13
석촌동-040,1,서울특별시 송파구 삼학사로18길 6-1,서울특별시 송파구 석촌동 7-13,,,,,02-2147-3326,서울특별시 송파구청,2022-12-13
석촌동-041,1,서울특별시 송파구 삼학사로18길3-5,서울특별시 송파구 석촌동 2-14,,,,,02-2147-3326,서울특별시 송파구청,2022-12-13
석촌동-042,1,서울특별시 송파구 삼학사로16길 3-9,서울특별시 송파구 석촌동 10-2,,,,,02-2147-3326,서울특별시 송파구청,2022-12-13
석촌동-043,1,서울특별시 송파구 백제고분로33길 13-13,서울특별시 송파구 석촌동 11-7,,,,,02-2147-3326,서울특별시 송파구청,2022-12-13
석촌동-044,1,서울특별시 송파구 백제고분로33길 13-9,서울특별시 송파구 석촌동 11-9,,,,,02-2147-3326,서울특별시 송파구청,2022-12-13
석촌동-045,1,서울특별시 송파구 백제고분로33길 13,서울특별시 송파구 석촌동 11-12,,,,,02-2147-3326,서울특별시 송파구청,2022-12-13
석촌동-046,1,서울특별시 송파구 백제고분로33길 13,서울특별시 송파구 석촌동 11-12,,,,,02-2147-3326,서울특별시 송파구청,2022-12-13
석촌동-047,1,서울특별시 송파구 백제고분로33길 16,서울특별시 송파구 석촌동 18,,,,,02-2147-3326,서울특별시 송파구청,2022-12-13
석촌동-048,1,서울특별시 송파구 백제고분로36나길6,서울특별시 송파구 석촌동 17-16,,,,,02-2147-3326,서울특별시 송파구청,2022-12-13
석촌동-049,1,서울특별시 송파구 삼학사로16길 17,서울특별시 송파구 석촌동 18-5,,,,,02-2147-3326,서울특별시 송파구청,2022-12-13
석촌동-050,1,서울특별시 송파구 삼학사로16길 15,서울특별시 송파구 석촌동 18-13,,,,,02-2147-3326,서울특별시 송파구청,2022-12-13
석촌동-051,1,서울특별시 송파구 백제고분로33길 11,서울특별시 송파구 석촌동 11-20,,,,,02-2147-3326,서울특별시 송파구청,2022-12-13
석촌동-052,1,서울특별시 송파구 백제고분로33길 9,서울특별시 송파구 석촌동 12-6,,,,,02-2147-3326,서울특별시 송파구청,2022-12-13
석촌동-053,1,서울특별시 송파구 삼학사로16길 9-1,서울특별시 송파구 석촌동 11-17,,,,,02-2147-3326,서울특별시 송파구청,2022-12-13
석촌동-054,1,서울특별시 송파구 삼학사로16길 5-1,서울특별시 송파구 석촌동 11-14,,,,,02-2147-3326,서울특별시 송파구청,2022-12-13
석촌동-055,1,서울특별시 송파구 삼학사로70,서울특별시 송파구 석촌동 14,,,,,02-2147-3326,서울특별시 송파구청,2022-12-13
석촌동-056,1,서울특별시 송파구 삼학사로16길 4,서울특별시 송파구 석촌동 12,,,,,02-2147-3326,서울특별시 송파구청,2022-12-13
석촌동-057,1,서울특별시 송파구 삼학사로14길 66,서울특별시 송파구 석촌동 14-6,,,,,02-2147-3326,서울특별시 송파구청,2022-12-13
석촌동-058,1,서울특별시 송파구 삼학사로14길 6,서울특별시 송파구 석촌동 13,,,,,02-2147-3326,서울특별시 송파구청,2022-12-13
석촌동-059,1,서울특별시 송파구 삼학사로14길 10,서울특별시 송파구 석촌동 13-14,,,,,02-2147-3326,서울특별시 송파구청,2022-12-13
석촌동-060,1,서울특별시 송파구 삼학사로14길 14-1,서울특별시 송파구 석촌동 13-13,,,,,02-2147-3326,서울특별시 송파구청,2022-12-13
석촌동-061,1,서울특별시 송파구 삼학사로14길 16,서울특별시 송파구 석촌동 16,,,,,02-2147-3326,서울특별시 송파구청,2022-12-13
석촌동-062,1,서울특별시 송파구 삼학사로14길18,서울특별시 송파구 석촌동 16-11,,,,,02-2147-3326,서울특별시 송파구청,2022-12-13
석촌동-063,1,서울특별시 송파구 삼학사로14길 22,서울특별시 송파구 석촌동 16-1,,,,,02-2147-3326,서울특별시 송파구청,2022-12-13
석촌동-064,1,서울특별시 송파구 백제고분로36나길 8,서울특별시 송파구 석촌동 54-36,,,,,02-2147-3326,서울특별시 송파구청,2022-12-13
석촌동-065,1,서울특별시 송파구 백제고분로36나길6,서울특별시 송파구 석촌동 60,,,,,02-2147-3326,서울특별시 송파구청,2022-12-13
석촌동-066,1,서울특별시 송파구 백제고분로36나길8-1,서울특별시 송파구 석촌동 60-3,,,,,02-2147-3326,서울특별시 송파구청,2022-12-13
석촌동-067,1,서울특별시 송파구 백제고분로33길 4-19,서울특별시 송파구 석촌동 16-14,,,,,02-2147-3326,서울특별시 송파구청,2022-12-13
석촌동-068,1,서울특별시 송파구 백제고분로33길4-11,서울특별시 송파구 석촌동 16-3,,,,,02-2147-3326,서울특별시 송파구청,2022-12-13
석촌동-069,1,서울특별시 송파구 백제고분로33길 4-5,서울특별시 송파구 석촌동 16-9,,,,,02-2147-3326,서울특별시 송파구청,2022-12-13
석촌동-070,1,서울특별시 송파구 백제고분로289,서울특별시 송파구 석촌동 14-12,,,,,02-2147-3326,서울특별시 송파구청,2022-12-13
석촌동-071,1,서울특별시 송파구 백제고분로289,서울특별시 송파구 석촌동 14-12,,,,,02-2147-3326,서울특별시 송파구청,2022-12-13
석촌동-072,1,서울특별시 송파구 삼학사로14길 14-1,서울특별시 송파구 석촌동 13-13,,,,,02-2147-3326,서울특별시 송파구청,2022-12-13
석촌동-073,1,서울특별시 송파구 백제고분로289,서울특별시 송파구 석촌동 14-12,,,,,02-2147-3326,서울특별시 송파구청,2022-12-13
석촌동-074,1,서울특별시 송파구 백제고분로283,서울특별시 송파구 석촌동 14-10,,,,,02-2147-3326,서울특별시 송파구청,2022-12-13
석촌동-075,1,서울특별시 송파구 백제고분로283,서울특별시 송파구 석촌동 14-10,,,,,02-2147-3326,서울특별시 송파구청,2022-12-13
석촌동-076,1,서울특별시 송파구 백제고분로277,서울특별시 송파구 석촌동 14-9,,,,,02-2147-3326,서울특별시 송파구청,2022-12-13
석촌동-077,1,서울특별시 송파구 송파대로49길 49,서울특별시 송파구 석촌동 23-4,,,,,02-2147-3326,서울특별시 송파구청,2022-12-13
석촌동-078,1,서울특별시 송파구 송파대로49길 47,서울특별시 송파구 석촌동 23-5,,,,,02-2147-3326,서울특별시 송파구청,2022-12-13
석촌동-079,1,서울특별시 송파구 송파대로49길,서울특별시 송파구 석촌동 27,,,,,02-2147-3326,서울특별시 송파구청,2022-12-13
석촌동-080,1,서울특별시 송파구 송파대로49길 31,서울특별시 송파구 석촌동 157-1,,,,,02-2147-3326,서울특별시 송파구청,2022-12-13
석촌동-081,1,서울특별시 송파구 송파대로49길 27,서울특별시 송파구 석촌동 157-6,,,,,02-2147-3326,서울특별시 송파구청,2022-12-13
석촌동-082,1,서울특별시 송파구 석촌호수로20길 10,서울특별시 송파구 석촌동 156-9,,,,,02-2147-3326,서울특별시 송파구청,2022-12-13
석촌동-083,1,서울특별시 송파구 석촌호수로18길 7-14,서울특별시 송파구 석촌동 156-8,,,,,02-2147-3326,서울특별시 송파구청,2022-12-13
석촌동-084,1,서울특별시 송파구 석촌호수로18길 7-8,서울특별시 송파구 석촌동 156-1,,,,,02-2147-3326,서울특별시 송파구청,2022-12-13
석촌동-085,1,서울특별시 송파구 석촌호수로18길 8-4,서울특별시 송파구 석촌동 52-6,,,,,02-2147-3326,서울특별시 송파구청,2022-12-13
석촌동-086,1,서울특별시 송파구 석촌호수로18길 8-14,서울특별시 송파구 석촌동 52-3,,,,,02-2147-3326,서울특별시 송파구청,2022-12-13
석촌동-087,1,서울특별시 송파구 석촌호수로18길 8-23,서울특별시 송파구 석촌동 53-7,,,,,02-2147-3326,서울특별시 송파구청,2022-12-13
석촌동-088,1,서울특별시 송파구 석촌호수로18길 8-26,서울특별시 송파구 석촌동 54-19,,,,,02-2147-3326,서울특별시 송파구청,2022-12-13
석촌동-089,1,서울특별시 송파구 석촌호수로18길 12-16,서울특별시 송파구 석촌동 53-6,,,,,02-2147-3326,서울특별시 송파구청,2022-12-13
석촌동-090,1,서울특별시 송파구 석촌호수로18길 12-18,서울특별시 송파구 석촌동 53-9,,,,,02-2147-3326,서울특별시 송파구청,2022-12-13
석촌동-091,1,서울특별시 송파구 석촌호수로18길 11-5,서울특별시 송파구 석촌동 156-5,,,,,02-2147-3326,서울특별시 송파구청,2022-12-13
석촌동-092,1,서울특별시 송파구 석촌호수로18길 11-5,서울특별시 송파구 석촌동 156-5,,,,,02-2147-3326,서울특별시 송파구청,2022-12-13
석촌동-093,1,서울특별시 송파구 석촌호수로20길 12,서울특별시 송파구 석촌동 156-2,,,,,02-2147-3326,서울특별시 송파구청,2022-12-13
석촌동-094,1,서울특별시 송파구 석촌호수로20길13,서울특별시 송파구 석촌동 159-8,,,,,02-2147-3326,서울특별시 송파구청,2022-12-13
석촌동-095,1,서울특별시 송파구 석촌호수로20길13,서울특별시 송파구 석촌동 162,,,,,02-2147-3326,서울특별시 송파구청,2022-12-13
석촌동-096,1,서울특별시 송파구 석촌호수로20길11-1,서울특별시 송파구 석촌동 164,,,,,02-2147-3326,서울특별시 송파구청,2022-12-13
석촌동-097,1,서울특별시 송파구 석촌호수로20길 17,서울특별시 송파구 석촌동 154-12,,,,,02-2147-3326,서울특별시 송파구청,2022-12-13
석촌동-098,1,서울특별시 송파구 석촌호수로18길 15-12,서울특별시 송파구 석촌동 154-10,,,,,02-2147-3326,서울특별시 송파구청,2022-12-13
석촌동-099,1,서울특별시 송파구 석촌호수로18길 15-8,서울특별시 송파구 석촌동 56-16,,,,,02-2147-3326,서울특별시 송파구청,2022-12-13
석촌동-100,1,서울특별시 송파구 석촌호수로18길 18,서울특별시 송파구 석촌동 56-8,,,,,02-2147-3326,서울특별시 송파구청,2022-12-13
석촌동-101,1,서울특별시 송파구 석촌호수로18길 16-7,서울특별시 송파구 석촌동 56-7,,,,,02-2147-3326,서울특별시 송파구청,2022-12-13
석촌동-102,1,서울특별시 송파구 석촌호수로18길 16-11,서울특별시 송파구 석촌동 56,,,,,02-2147-3326,서울특별시 송파구청,2022-12-13
석촌동-103,1,서울특별시 송파구 석촌호수로18길 16-21,서울특별시 송파구 석촌동 55-7,,,,,02-2147-3326,서울특별시 송파구청,2022-12-13
석촌동-104,1,서울특별시 송파구 석촌호수로18길 8-33,서울특별시 송파구 석촌동 55-7,,,,,02-2147-3326,서울특별시 송파구청,2022-12-13
석촌동-105,1,서울특별시 송파구 석촌호수로18길 8-33,서울특별시 송파구 석촌동 56,,,,,02-2147-3326,서울특별시 송파구청,2022-12-13
석촌동-106,1,서울특별시 송파구 석촌호수로18길16-21,서울특별시 송파구 석촌동 56-4,,,,,02-2147-3326,서울특별시 송파구청,2022-12-13
석촌동-107,1,서울특별시 송파구 백제고분로36나길26,서울특별시 송파구 석촌동 56-14,,,,,02-2147-3326,서울특별시 송파구청,2022-12-13
석촌동-108,1,서울특별시 송파구 석촌호수로18길 20-14,서울특별시 송파구 석촌동 56-3,,,,,02-2147-3326,서울특별시 송파구청,2022-12-13
석촌동-109,1,서울특별시 송파구 석촌호수로18길 20-8,서울특별시 송파구 석촌동 153-14,,,,,02-2147-3326,서울특별시 송파구청,2022-12-13
석촌동-110,1,서울특별시 송파구 석촌호수로20길 22,서울특별시 송파구 석촌동 164-8,,,,,02-2147-3326,서울특별시 송파구청,2022-12-13
석촌동-111,1,서울특별시 송파구 석촌호수로20길 21,서울특별시 송파구 석촌동 153-15,,,,,02-2147-3326,서울특별시 송파구청,2022-12-13
석촌동-112,1,서울특별시 송파구 석촌호수로20길 22,서울특별시 송파구 석촌동 164-14,,,,,02-2147-3326,서울특별시 송파구청,2022-12-13
석촌동-113,1,서울특별시 송파구 석촌호수로20길 25,서울특별시 송파구 석촌동 150-36,,,,,02-2147-3326,서울특별시 송파구청,2022-12-13
석촌동-114,1,서울특별시 송파구 석촌호수로20길 26,서울특별시 송파구 석촌동 164-33,,,,,02-2147-3326,서울특별시 송파구청,2022-12-13
석촌동-115,1,서울특별시 송파구 석촌호수로20길 27-1,서울특별시 송파구 석촌동 164-19,,,,,02-2147-3326,서울특별시 송파구청,2022-12-13
석촌동-116,1,서울특별시 송파구 석촌호수로20길 31-1,서울특별시 송파구 석촌동 150-27,,,,,02-2147-3326,서울특별시 송파구청,2022-12-13
석촌동-117,1,서울특별시 송파구 석촌호수로20길 34,서울특별시 송파구 석촌동 77-3,,,,,02-2147-3326,서울특별시 송파구청,2022-12-13
석촌동-118,1,서울특별시 송파구 백제고분로37가길 3-7,서울특별시 송파구 석촌동 77-1,,,,,02-2147-3326,서울특별시 송파구청,2022-12-13
석촌동-119,1,서울특별시 송파구 백제고분로37나길 4,서울특별시 송파구 석촌동 77,,,,,02-2147-3326,서울특별시 송파구청,2022-12-13
석촌동-120,1,서울특별시 송파구 백제고분로37나길,서울특별시 송파구 석촌동 77,,,,,02-2147-3326,서울특별시 송파구청,2022-12-13
석촌동-121,1,서울특별시 송파구 백제고분로37나길,서울특별시 송파구 석촌동 77,,,,,02-2147-3326,서울특별시 송파구청,2022-12-13
석촌동-122,1,서울특별시 송파구 백제고분로37나길,서울특별시 송파구 석촌동 77,,,,,02-2147-3326,서울특별시 송파구청,2022-12-13
석촌동-123,1,서울특별시 송파구 백제고분로36가길,서울특별시 송파구 석촌동 77,,,,,02-2147-3326,서울특별시 송파구청,2022-12-13
석촌동-124,1,서울특별시 송파구 백제고분로36가길,서울특별시 송파구 석촌동 150-12,,,,,02-2147-3326,서울특별시 송파구청,2022-12-13
석촌동-125,1,서울특별시 송파구 백제고분로37나길 7,서울특별시 송파구 석촌동 150-16,,,,,02-2147-3326,서울특별시 송파구청,2022-12-13
석촌동-126,1,서울특별시 송파구 백제고분로37나길 9,서울특별시 송파구 석촌동 150-4,,,,,02-2147-3326,서울특별시 송파구청,2022-12-13
석촌동-127,1,서울특별시 송파구 백제고분로37나길 16,서울특별시 송파구 석촌동 150-19,,,,,02-2147-3326,서울특별시 송파구청,2022-12-13
석촌동-128,1,서울특별시 송파구 백제고분로37나길 15,서울특별시 송파구 석촌동 150-7,,,,,02-2147-3326,서울특별시 송파구청,2022-12-13
석촌동-129,1,서울특별시 송파구 백제고분로36가길 19-12,서울특별시 송파구 석촌동 150-10,,,,,02-2147-3326,서울특별시 송파구청,2022-12-13
석촌동-130,1,서울특별시 송파구 백제고분로36가길 19-5,서울특별시 송파구 석촌동 77,,,,,02-2147-3326,서울특별시 송파구청,2022-12-13
석촌동-131,1,서울특별시 송파구 백제고분로36가길,서울특별시 송파구 석촌동 77,,,,,02-2147-3326,서울특별시 송파구청,2022-12-13
석촌동-132,1,서울특별시 송파구 백제고분로37나길,서울특별시 송파구 석촌동 77,,,,,02-2147-3326,서울특별시 송파구청,2022-12-13
석촌동-133,1,서울특별시 송파구 백제고분로36가길,서울특별시 송파구 석촌동 58-30,,,,,02-2147-3326,서울특별시 송파구청,2022-12-13
석촌동-134,1,서울특별시 송파구 백제고분로36가길 11-1,서울특별시 송파구 석촌동 57-13,,,,,02-2147-3326,서울특별시 송파구청,2022-12-13
석촌동-135,1,서울특별시 송파구 석촌호수로18길 24,서울특별시 송파구 석촌동 58-5,,,,,02-2147-3326,서울특별시 송파구청,2022-12-13
석촌동-136,1,서울특별시 송파구 백제고분로36가길 11-7,서울특별시 송파구 석촌동 57-4,,,,,02-2147-3326,서울특별시 송파구청,2022-12-13
석촌동-137,1,서울특별시 송파구 석촌호수로18길 24-12,서울특별시 송파구 석촌동 58-2,,,,,02-2147-3326,서울특별시 송파구청,2022-12-13
석촌동-138,1,서울특별시 송파구 석촌호수로18길 24-20,서울특별시 송파구 석촌동 54-3,,,,,02-2147-3326,서울특별시 송파구청,2022-12-13
석촌동-139,1,서울특별시 송파구 석촌호수로18길 8-52,서울특별시 송파구 석촌동 54-30,,,,,02-2147-3326,서울특별시 송파구청,2022-12-13
석촌동-140,1,서울특별시 송파구 석촌호수로18길8-56,서울특별시 송파구 석촌동 54-39,,,,,02-2147-3326,서울특별시 송파구청,2022-12-13
석촌동-141,1,서울특별시 송파구 석촌호수로18길 8-62,서울특별시 송파구 석촌동 58-9,,,,,02-2147-3326,서울특별시 송파구청,2022-12-13
석촌동-142,1,서울특별시 송파구 백제고분로36가길 7-16,서울특별시 송파구 석촌동 58-20,,,,,02-2147-3326,서울특별시 송파구청,2022-12-13
석촌동-143,1,서울특별시 송파구 석촌호수로18길8-71,서울특별시 송파구 석촌동 60-2,,,,,02-2147-3326,서울특별시 송파구청,2022-12-13
석촌동-144,1,서울특별시 송파구 백제고분로36가길 3,서울특별시 송파구 석촌동 60-11,,,,,02-2147-3326,서울특별시 송파구청,2022-12-13
석촌동-145,1,서울특별시 송파구 백제고분로36가길 3,서울특별시 송파구 석촌동 77,,,,,02-2147-3326,서울특별시 송파구청,2022-12-13
석촌동-146,1,서울특별시 송파구 백제고분로36가길,서울특별시 송파구 석촌동 77,,,,,02-2147-3326,서울특별시 송파구청,2022-12-13
석촌동-147,1,서울특별시 송파구 백제고분로36가길,서울특별시 송파구 석촌동 77,,,,,02-2147-3326,서울특별시 송파구청,2022-12-13
석촌동-148,1,서울특별시 송파구 백제고분로36가길,서울특별시 송파구 석촌동 77,,,,,02-2147-3326,서울특별시 송파구청,2022-12-13
석촌동-149,1,서울특별시 송파구 백제고분로36가길,서울특별시 송파구 석촌동 77,,,,,02-2147-3326,서울특별시 송파구청,2022-12-13
석촌동-150,1,서울특별시 송파구 백제고분로36가길,서울특별시 송파구 석촌동 58-32,,,,,02-2147-3326,서울특별시 송파구청,2022-12-13
석촌동-151,1,서울특별시 송파구 송파대로49길 23,서울특별시 송파구 석촌동 160,,,,,02-2147-3326,서울특별시 송파구청,2022-12-13
석촌동-152,1,서울특별시 송파구 송파대로49길 21,서울특별시 송파구 석촌동 160-1,,,,,02-2147-3326,서울특별시 송파구청,2022-12-13
석촌동-153,1,서울특별시 송파구 백제고분로39길 35,서울특별시 송파구 석촌동 160-1,,,,,02-2147-3326,서울특별시 송파구청,2022-12-13
석촌동-154,1,서울특별시 송파구 백제고분로39길 35,서울특별시 송파구 석촌동 183-8,,,,,02-2147-3326,서울특별시 송파구청,2022-12-13
석촌동-155,1,서울특별시 송파구 백제고분로39길 40,서울특별시 송파구 석촌동 182,,,,,02-2147-3326,서울특별시 송파구청,2022-12-13
석촌동-156,1,서울특별시 송파구 백제고분로39길 38,서울특별시 송파구 석촌동 182-1,,,,,02-2147-3326,서울특별시 송파구청,2022-12-13
석촌동-157,1,서울특별시 송파구 송파대로49길,서울특별시 송파구 석촌동 183-7,,,,,02-2147-3326,서울특별시 송파구청,2022-12-13
석촌동-158,1,서울특별시 송파구 송파대로49길 8,서울특별시 송파구 석촌동 182-2,,,,,02-2147-3326,서울특별시 송파구청,2022-12-13
석촌동-159,1,서울특별시 송파구 송파대로49길3,서울특별시 송파구 석촌동 182-2,,,,,02-2147-3326,서울특별시 송파구청,2022-12-13
석촌동-160,1,서울특별시 송파구 송파대로49길 3,서울특별시 송파구 석촌동 182-3,,,,,02-2147-3326,서울특별시 송파구청,2022-12-13
석촌동-161,1,서울특별시 송파구 송파대로49길 3,서울특별시 송파구 석촌동 181-13,,,,,02-2147-3326,서울특별시 송파구청,2022-12-13
석촌동-162,1,서울특별시 송파구 송파대로47길 5,서울특별시 송파구 석촌동 181-7,,,,,02-2147-3326,서울특별시 송파구청,2022-12-13
석촌동-163,1,서울특별시 송파구 송파대로47길 7,서울특별시 송파구 석촌동 181,,,,,02-2147-3326,서울특별시 송파구청,2022-12-13
석촌동-164,1,서울특별시 송파구 백제고분로39길 34,서울특별시 송파구 석촌동 182-5,,,,,02-2147-3326,서울특별시 송파구청,2022-12-13
석촌동-165,1,서울특별시 송파구 백제고분로39길 36,서울특별시 송파구 석촌동 160-1,,,,,02-2147-3326,서울특별시 송파구청,2022-12-13
석촌동-166,1,서울특별시 송파구 백제고분로39길 35,서울특별시 송파구 석촌동 160-1,,,,,02-2147-3326,서울특별시 송파구청,2022-12-13
석촌동-167,1,서울특별시 송파구 백제고분로39길 35,서울특별시 송파구 석촌동 160-6,,,,,02-2147-3326,서울특별시 송파구청,2022-12-13
석촌동-168,1,서울특별시 송파구 송파대로47길 20,서울특별시 송파구 석촌동 160-5,,,,,02-2147-3326,서울특별시 송파구청,2022-12-13
석촌동-169,1,서울특별시 송파구 백제고분로37가길 34,서울특별시 송파구 석촌동 161-7,,,,,02-2147-3326,서울특별시 송파구청,2022-12-13
석촌동-170,1,서울특별시 송파구 백제고분로37가길 30,서울특별시 송파구 석촌동 162,,,,,02-2147-3326,서울특별시 송파구청,2022-12-13
석촌동-171,1,서울특별시 송파구 백제고분로37가길,서울특별시 송파구 석촌동 163-10,,,,,02-2147-3326,서울특별시 송파구청,2022-12-13
석촌동-172,1,서울특별시 송파구 백제고분로39길 29-15,서울특별시 송파구 석촌동 163-7,,,,,02-2147-3326,서울특별시 송파구청,2022-12-13
석촌동-173,1,서울특별시 송파구 백제고분로39길 29-9,서울특별시 송파구 석촌동 163-8,,,,,02-2147-3326,서울특별시 송파구청,2022-12-13
석촌동-174,1,서울특별시 송파구 백제고분로39길 29-7,서울특별시 송파구 석촌동 181-4,,,,,02-2147-3326,서울특별시 송파구청,2022-12-13
석촌동-175,1,서울특별시 송파구 백제고분로39길 32,서울특별시 송파구 석촌동 180,,,,,02-2147-3326,서울특별시 송파구청,2022-12-13
석촌동-176,1,서울특별시 송파구 백제고분로39길 30,서울특별시 송파구 석촌동 180-7,,,,,02-2147-3326,서울특별시 송파구청,2022-12-13
석촌동-177,1,서울특별시 송파구 백제고분로39길 30-8,서울특별시 송파구 석촌동 180-1,,,,,02-2147-3326,서울특별시 송파구청,2022-12-13
석촌동-178,1,서울특별시 송파구 백제고분로39길 30-14,서울특별시 송파구 석촌동 180-1,,,,,02-2147-3326,서울특별시 송파구청,2022-12-13
석촌동-179,1,서울특별시 송파구 백제고분로39길 30-14,서울특별시 송파구 석촌동 184-4,,,,,02-2147-3326,서울특별시 송파구청,2022-12-13
석촌동-180,1,서울특별시 송파구 송파대로 461,서울특별시 송파구 석촌동 184-3,,,,,02-2147-3326,서울특별시 송파구청,2022-12-13
석촌동-181,1,서울특별시 송파구 송파대로 463,서울특별시 송파구 석촌동 184-5,,,,,02-2147-3326,서울특별시 송파구청,2022-12-13
석촌동-182,1,서울특별시 송파구 송파대로 459,서울특별시 송파구 석촌동 180-3,,,,,02-2147-3326,서울특별시 송파구청,2022-12-13
석촌동-183,1,서울특별시 송파구 백제고분로39길 26-15,서울특별시 송파구 석촌동 180-10,,,,,02-2147-3326,서울특별시 송파구청,2022-12-13
석촌동-184,1,서울특별시 송파구 백제고분로39길 26-9,서울특별시 송파구 석촌동 180-5,,,,,02-2147-3326,서울특별시 송파구청,2022-12-13
석촌동-185,1,서울특별시 송파구 백제고분로39길 28,서울특별시 송파구 석촌동 180-5,,,,,02-2147-3326,서울특별시 송파구청,2022-12-13
석촌동-186,1,서울특별시 송파구 백제고분로39길 28,서울특별시 송파구 석촌동 163-2,,,,,02-2147-3326,서울특별시 송파구청,2022-12-13
석촌동-187,1,서울특별시 송파구 백제고분로39길 27,서울특별시 송파구 석촌동 163-11,,,,,02-2147-3326,서울특별시 송파구청,2022-12-13
석촌동-188,1,서울특별시 송파구 백제고분로39길 25-10,서울특별시 송파구 석촌동 163-4,,,,,02-2147-3326,서울특별시 송파구청,2022-12-13
석촌동-189,1,서울특별시 송파구 백제고분로39길 25-16,서울특별시 송파구 석촌동 165,,,,,02-2147-3326,서울특별시 송파구청,2022-12-13
석촌동-190,1,서울특별시 송파구 백제고분로37가길 24,서울특별시 송파구 석촌동 165-1,,,,,02-2147-3326,서울특별시 송파구청,2022-12-13
석촌동-191,1,서울특별시 송파구 백제고분로37가길 22,서울특별시 송파구 석촌동 164-15,,,,,02-2147-3326,서울특별시 송파구청,2022-12-13
석촌동-192,1,서울특별시 송파구 백제고분로37가길 19-1,서울특별시 송파구 석촌동 163-5,,,,,02-2147-3326,서울특별시 송파구청,2022-12-13
석촌동-193,1,서울특별시 송파구 백제고분로39길10-14,서울특별시 송파구 석촌동 165-5,,,,,02-2147-3326,서울특별시 송파구청,2022-12-13
석촌동-194,1,서울특별시 송파구 백제고분로39길 21-6,서울특별시 송파구 석촌동 165-7,,,,,02-2147-3326,서울특별시 송파구청,2022-12-13
석촌동-195,1,서울특별시 송파구 백제고분로39길 23,서울특별시 송파구 석촌동 179-4,,,,,02-2147-3326,서울특별시 송파구청,2022-12-13
석촌동-196,1,서울특별시 송파구 백제고분로39길 24,서울특별시 송파구 석촌동 178,,,,,02-2147-3326,서울특별시 송파구청,2022-12-13
석촌동-197,1,서울특별시 송파구 백제고분로39길 22,서울특별시 송파구 석촌동 179-12,,,,,02-2147-3326,서울특별시 송파구청,2022-12-13
석촌동-198,1,서울특별시 송파구 백제고분로39길 22-5,서울특별시 송파구 석촌동 179-3,,,,,02-2147-3326,서울특별시 송파구청,2022-12-13
석촌동-199,1,서울특별시 송파구 백제고분로39길 22-9,서울특별시 송파구 석촌동 179-6,,,,,02-2147-3326,서울특별시 송파구청,2022-12-13
석촌동-200,1,서울특별시 송파구 백제고분로39길 22-15,서울특별시 송파구 석촌동 184-7,,,,,02-2147-3326,서울특별시 송파구청,2022-12-13
석촌동-201,1,서울특별시 송파구 송파대로 453,서울특별시 송파구 석촌동 184-8,,,,,02-2147-3326,서울특별시 송파구청,2022-12-13
석촌동-202,1,서울특별시 송파구 송파대로 451,서울특별시 송파구 석촌동 178-3,,,,,02-2147-3326,서울특별시 송파구청,2022-12-13
석촌동-203,1,서울특별시 송파구 송파대로45길 6-1,서울특별시 송파구 석촌동 178-4,,,,,02-2147-3326,서울특별시 송파구청,2022-12-13
석촌동-204,1,서울특별시 송파구 송파대로45길 10,서울특별시 송파구 석촌동 178-5,,,,,02-2147-3326,서울특별시 송파구청,2022-12-13
석촌동-205,1,서울특별시 송파구 송파대로45길 12,서울특별시 송파구 석촌동 178-5,,,,,02-2147-3326,서울특별시 송파구청,2022-12-13
석촌동-206,1,서울특별시 송파구 송파대로45길 12,서울특별시 송파구 석촌동 166-12,,,,,02-2147-3326,서울특별시 송파구청,2022-12-13
석촌동-207,1,서울특별시 송파구 백제고분로39길 19,서울특별시 송파구 석촌동 166-12,,,,,02-2147-3326,서울특별시 송파구청,2022-12-13
석촌동-208,1,서울특별시 송파구 백제고분로37가길13,서울특별시 송파구 석촌동 166-7,,,,,02-2147-3326,서울특별시 송파구청,2022-12-13
석촌동-209,1,서울특별시 송파구 송파대로45길 22,서울특별시 송파구 석촌동 166-4,,,,,02-2147-3326,서울특별시 송파구청,2022-12-13
석촌동-210,1,서울특별시 송파구 송파대로45길24,서울특별시 송파구 석촌동 164-16,,,,,02-2147-3326,서울특별시 송파구청,2022-12-13
석촌동-211,1,서울특별시 송파구 백제고분로37가길 15-1,서울특별시 송파구 석촌동 164-32,,,,,02-2147-3326,서울특별시 송파구청,2022-12-13
석촌동-212,1,서울특별시 송파구 백제고분로40길21-23,서울특별시 송파구 석촌동 170-5,,,,,02-2147-3326,서울특별시 송파구청,2022-12-13
석촌동-213,1,서울특별시 송파구 백제고분로39길 13-16,서울특별시 송파구 석촌동 170-1,,,,,02-2147-3326,서울특별시 송파구청,2022-12-13
석촌동-214,1,서울특별시 송파구 백제고분로39길 13-11,서울특별시 송파구 석촌동 170-4,,,,,02-2147-3326,서울특별시 송파구청,2022-12-13
석촌동-215,1,서울특별시 송파구 백제고분로39길 13-10,서울특별시 송파구 석촌동 170-8,,,,,02-2147-3326,서울특별시 송파구청,2022-12-13
석촌동-216,1,서울특별시 송파구 백제고분로39길 13-16,서울특별시 송파구 석촌동 177-6,,,,,02-2147-3326,서울특별시 송파구청,2022-12-13
석촌동-217,1,서울특별시 송파구 백제고분로39길 16,서울특별시 송파구 석촌동 176,,,,,02-2147-3326,서울특별시 송파구청,2022-12-13
석촌동-218,1,서울특별시 송파구 백제고분로39길 14,서울특별시 송파구 석촌동 177-12,,,,,02-2147-3326,서울특별시 송파구청,2022-12-13
석촌동-219,1,서울특별시 송파구 백제고분로39길 14-5,서울특별시 송파구 석촌동 177-11,,,,,02-2147-3326,서울특별시 송파구청,2022-12-13
석촌동-220,1,서울특별시 송파구 백제고분로39길 14-13,서울특별시 송파구 석촌동 177-3,,,,,02-2147-3326,서울특별시 송파구청,2022-12-13
석촌동-221,1,서울특별시 송파구 백제고분로39길 14-19,서울특별시 송파구 석촌동 176-5,,,,,02-2147-3326,서울특별시 송파구청,2022-12-13
석촌동-222,1,서울특별시 송파구 백제고분로39길 10-13,서울특별시 송파구 석촌동 176-8,,,,,02-2147-3326,서울특별시 송파구청,2022-12-13
석촌동-223,1,서울특별시 송파구 백제고분로39길 10-9,서울특별시 송파구 석촌동 176-6,,,,,02-2147-3326,서울특별시 송파구청,2022-12-13
석촌동-224,1,서울특별시 송파구 백제고분로39길 12,서울특별시 송파구 석촌동 175,,,,,02-2147-3326,서울특별시 송파구청,2022-12-13
석촌동-225,1,서울특별시 송파구 백제고분로39길 10,서울특별시 송파구 석촌동 171-9,,,,,02-2147-3326,서울특별시 송파구청,2022-12-13
석촌동-226,1,서울특별시 송파구 백제고분로39길 11,서울특별시 송파구 석촌동 171-19,,,,,02-2147-3326,서울특별시 송파구청,2022-12-13
석촌동-227,1,서울특별시 송파구 백제고분로39길 9-8,서울특별시 송파구 석촌동 171-4,,,,,02-2147-3326,서울특별시 송파구청,2022-12-13
석촌동-228,1,서울특별시 송파구 백제고분로39길 9-14,서울특별시 송파구 석촌동 171-5,,,,,02-2147-3326,서울특별시 송파구청,2022-12-13
석촌동-229,1,서울특별시 송파구 백제고분로39길 9-20,서울특별시 송파구 석촌동 171-6,,,,,02-2147-3326,서울특별시 송파구청,2022-12-13
석촌동-230,1,서울특별시 송파구 백제고분로37가길 10,서울특별시 송파구 석촌동 77-4,,,,,02-2147-3326,서울특별시 송파구청,2022-12-13
석촌동-231,1,서울특별시 송파구 백제고분로37가길 3,서울특별시 송파구 석촌동 77-4,,,,,02-2147-3326,서울특별시 송파구청,2022-12-13
석촌동-232,1,서울특별시 송파구 백제고분로37가길 9,서울특별시 송파구 석촌동 164-26,,,,,02-2147-3326,서울특별시 송파구청,2022-12-13
석촌동-233,1,서울특별시 송파구 백제고분로39길 2,서울특별시 송파구 석촌동 173-1,,,,,02-2147-3326,서울특별시 송파구청,2022-12-13
석촌동-234,1,서울특별시 송파구 백제고분로39길 3-13,서울특별시 송파구 석촌동 173-11,,,,,02-2147-3326,서울특별시 송파구청,2022-12-13
석촌동-235,1,서울특별시 송파구 백제고분로39길 3-8,서울특별시 송파구 석촌동 173-21,,,,,02-2147-3326,서울특별시 송파구청,2022-12-13
석촌동-236,1,서울특별시 송파구 백제고분로39길 3-6,서울특별시 송파구 석촌동 172-20,,,,,02-2147-3326,서울특별시 송파구청,2022-12-13
석촌동-237,1,서울특별시 송파구 백제고분로39길 6,서울특별시 송파구 석촌동 174,,,,,02-2147-3326,서울특별시 송파구청,2022-12-13
석촌동-238,1,서울특별시 송파구 백제고분로39길 6,서울특별시 송파구 석촌동 174,,,,,02-2147-3326,서울특별시 송파구청,2022-12-13
석촌동-239,1,서울특별시 송파구 백제고분로359,서울특별시 송파구 석촌동 174-16,,,,,02-2147-3326,서울특별시 송파구청,2022-12-13
석촌동-240,1,서울특별시 송파구 백제고분로359,서울특별시 송파구 석촌동 174-1,,,,,02-2147-3326,서울특별시 송파구청,2022-12-13
석촌동-241,1,서울특별시 송파구 백제고분로365,서울특별시 송파구 석촌동 174-2,,,,,02-2147-3326,서울특별시 송파구청,2022-12-13
석촌동-242,1,서울특별시 송파구 삼학사로12길 5-8,서울특별시 송파구 석촌동 211-17,,,,,02-2147-3326,서울특별시 송파구청,2022-12-13
석촌동-243,1,서울특별시 송파구 백제고분로34길 4-17,서울특별시 송파구 석촌동 211-1,,,,,02-2147-3326,서울특별시 송파구청,2022-12-13
석촌동-244,1,서울특별시 송파구 백제고분로34길 4-11,서울특별시 송파구 석촌동 211-15,,,,,02-2147-3326,서울특별시 송파구청,2022-12-13
석촌동-245,1,서울특별시 송파구 백제고분로34길 6,서울특별시 송파구 석촌동 211-4,,,,,02-2147-3326,서울특별시 송파구청,2022-12-13
석촌동-246,1,서울특별시 송파구 백제고분로34길 6,서울특별시 송파구 석촌동 211-4,,,,,02-2147-3326,서울특별시 송파구청,2022-12-13
석촌동-247,1,서울특별시 송파구 백제고분로34길 4,서울특별시 송파구 석촌동 210-10,,,,,02-2147-3326,서울특별시 송파구청,2022-12-13
석촌동-248,1,서울특별시 송파구 백제고분로34길 5,서울특별시 송파구 석촌동 234,,,,,02-2147-3326,서울특별시 송파구청,2022-12-13
석촌동-249,1,서울특별시 송파구 백제고분로34길 3-3,서울특별시 송파구 석촌동 236-16,,,,,02-2147-3326,서울특별시 송파구청,2022-12-13
석촌동-250,1,서울특별시 송파구 백제고분로34길 3-9,서울특별시 송파구 석촌동 235-14,,,,,02-2147-3326,서울특별시 송파구청,2022-12-13
석촌동-251,1,서울특별시 송파구 백제고분로34길 3-19,서울특별시 송파구 석촌동 235-10,,,,,02-2147-3326,서울특별시 송파구청,2022-12-13
석촌동-252,1,서울특별시 송파구 백제고분로34길 3-23,서울특별시 송파구 석촌동 234-3,,,,,02-2147-3326,서울특별시 송파구청,2022-12-13
석촌동-253,1,서울특별시 송파구 삼학사로12길 25,서울특별시 송파구 석촌동 234-4,,,,,02-2147-3326,서울특별시 송파구청,2022-12-13
석촌동-254,1,서울특별시 송파구 삼학사로12길 19,서울특별시 송파구 석촌동 234-8,,,,,02-2147-3326,서울특별시 송파구청,2022-12-13
석촌동-255,1,서울특별시 송파구 백제고분로34길 7,서울특별시 송파구 석촌동 234-10,,,,,02-2147-3326,서울특별시 송파구청,2022-12-13
석촌동-256,1,서울특별시 송파구 백제고분로34길 8,서울특별시 송파구 석촌동 211-5,,,,,02-2147-3326,서울특별시 송파구청,2022-12-13
석촌동-257,1,서울특별시 송파구 백제고분로34길 14,서울특별시 송파구 석촌동 212-4,,,,,02-2147-3326,서울특별시 송파구청,2022-12-13
석촌동-258,1,서울특별시 송파구 삼학사로12길 12,서울특별시 송파구 석촌동 212-12,,,,,02-2147-3326,서울특별시 송파구청,2022-12-13
석촌동-259,1,서울특별시 송파구 삼학사로12길 10-1,서울특별시 송파구 석촌동 212-3,,,,,02-2147-3326,서울특별시 송파구청,2022-12-13
석촌동-260,1,서울특별시 송파구 삼학사로12길6,서울특별시 송파구 석촌동 212,,,,,02-2147-3326,서울특별시 송파구청,2022-12-13
석촌동-261,1,서울특별시 송파구 삼학사로12길,서울특별시 송파구 석촌동 210-16,,,,,02-2147-3326,서울특별시 송파구청,2022-12-13
석촌동-262,1,서울특별시 송파구 삼학사로 48,서울특별시 송파구 석촌동 213-12,,,,,02-2147-3326,서울특별시 송파구청,2022-12-13
석촌동-263,1,서울특별시 송파구 삼학사로10길 3-13,서울특별시 송파구 석촌동 213-9,,,,,02-2147-3326,서울특별시 송파구청,2022-12-13
석촌동-264,1,서울특별시 송파구 백제고분로34길 14-15,서울특별시 송파구 석촌동 214-1,,,,,02-2147-3326,서울특별시 송파구청,2022-12-13
석촌동-265,1,서울특별시 송파구 백제고분로34길14-15,서울특별시 송파구 석촌동 214-2,,,,,02-2147-3326,서울특별시 송파구청,2022-12-13
석촌동-266,1,서울특별시 송파구 백제고분로34길14-15,서울특별시 송파구 석촌동 214-4,,,,,02-2147-3326,서울특별시 송파구청,2022-12-13
석촌동-267,1,서울특별시 송파구 백제고분로34길 16,서울특별시 송파구 석촌동 214-5,,,,,02-2147-3326,서울특별시 송파구청,2022-12-13
석촌동-268,1,서울특별시 송파구 백제고분로34길 14,서울특별시 송파구 석촌동 212-5,,,,,02-2147-3326,서울특별시 송파구청,2022-12-13
석촌동-269,1,서울특별시 송파구 백제고분로34길 11,서울특별시 송파구 석촌동 233-7,,,,,02-2147-3326,서울특별시 송파구청,2022-12-13
석촌동-270,1,서울특별시 송파구 백제고분로34길 11-15,서울특별시 송파구 석촌동 233-4,,,,,02-2147-3326,서울특별시 송파구청,2022-12-13
석촌동-271,1,서울특별시 송파구 백제고분로34길 3-37,서울특별시 송파구 석촌동 237-1,,,,,02-2147-3326,서울특별시 송파구청,2022-12-13
석촌동-272,1,서울특별시 송파구 백제고분로34길 3-45,서울특별시 송파구 석촌동 237-20,,,,,02-2147-3326,서울특별시 송파구청,2022-12-13
석촌동-273,1,서울특별시 송파구 백제고분로34길 15-20,서울특별시 송파구 석촌동 231-5,,,,,02-2147-3326,서울특별시 송파구청,2022-12-13
석촌동-274,1,서울특별시 송파구 백제고분로34길 15-11,서울특별시 송파구 석촌동 232-17,,,,,02-2147-3326,서울특별시 송파구청,2022-12-13
석촌동-275,1,서울특별시 송파구 백제고분로34길 15-10,서울특별시 송파구 석촌동 231-2,,,,,02-2147-3326,서울특별시 송파구청,2022-12-13
석촌동-276,1,서울특별시 송파구 백제고분로34길 17,서울특별시 송파구 석촌동 231,,,,,02-2147-3326,서울특별시 송파구청,2022-12-13
석촌동-277,1,서울특별시 송파구 백제고분로34길 18-17,서울특별시 송파구 석촌동 215-2,,,,,02-2147-3326,서울특별시 송파구청,2022-12-13
석촌동-278,1,서울특별시 송파구 백제고분로34길18-19,서울특별시 송파구 석촌동 215,,,,,02-2147-3326,서울특별시 송파구청,2022-12-13
석촌동-279,1,서울특별시 송파구 삼학사로10길 5,서울특별시 송파구 석촌동 215-9,,,,,02-2147-3326,서울특별시 송파구청,2022-12-13
석촌동-280,1,서울특별시 송파구 삼학사로10길 7,서울특별시 송파구 석촌동 215-8,,,,,02-2147-3326,서울특별시 송파구청,2022-12-13
석촌동-281,1,서울특별시 송파구 삼학사로10길 11,서울특별시 송파구 석촌동 215-6,,,,,02-2147-3326,서울특별시 송파구청,2022-12-13
석촌동-282,1,서울특별시 송파구 삼학사로10길 14,서울특별시 송파구 석촌동 216-16,,,,,02-2147-3326,서울특별시 송파구청,2022-12-13
석촌동-283,1,서울특별시 송파구 삼학사로10길 16,서울특별시 송파구 석촌동 216-18,,,,,02-2147-3326,서울특별시 송파구청,2022-12-13
석촌동-284,1,서울특별시 송파구 삼학사로10길 17,서울특별시 송파구 석촌동 215-15,,,,,02-2147-3326,서울특별시 송파구청,2022-12-13
석촌동-285,1,서울특별시 송파구 백제고분로34길 19,서울특별시 송파구 석촌동 231-13,,,,,02-2147-3326,서울특별시 송파구청,2022-12-13
석촌동-286,1,서울특별시 송파구 삼학사로10길 19,서울특별시 송파구 석촌동 231-11,,,,,02-2147-3326,서울특별시 송파구청,2022-12-13
석촌동-287,1,서울특별시 송파구 삼학사로10길 23,서울특별시 송파구 석촌동 231-9,,,,,02-2147-3326,서울특별시 송파구청,2022-12-13
석촌동-288,1,서울특별시 송파구 삼학사로10길 25,서울특별시 송파구 석촌동 231-8,,,,,02-2147-3326,서울특별시 송파구청,2022-12-13
석촌동-289,1,서울특별시 송파구 삼학사로10길 27,서울특별시 송파구 석촌동 231-7,,,,,02-2147-3326,서울특별시 송파구청,2022-12-13
석촌동-290,1,서울특별시 송파구 백제고분로34길 3-57,서울특별시 송파구 석촌동 237-26,,,,,02-2147-3326,서울특별시 송파구청,2022-12-13
석촌동-291,1,서울특별시 송파구 삼학사로8길 30,서울특별시 송파구 석촌동 238,,,,,02-2147-3326,서울특별시 송파구청,2022-12-13
석촌동-292,1,서울특별시 송파구 삼학사로8길 28,서울특별시 송파구 석촌동 229-18,,,,,02-2147-3326,서울특별시 송파구청,2022-12-13
석촌동-293,1,서울특별시 송파구 삼학사로8길 26-1,서울특별시 송파구 석촌동 229-1,,,,,02-2147-3326,서울특별시 송파구청,2022-12-13
석촌동-294,1,서울특별시 송파구 삼학사로8길 22,서울특별시 송파구 석촌동 229-7,,,,,02-2147-3326,서울특별시 송파구청,2022-12-13
석촌동-295,1,서울특별시 송파구 백제고분로34길 27,서울특별시 송파구 석촌동 229,,,,,02-2147-3326,서울특별시 송파구청,2022-12-13
석촌동-296,1,서울특별시 송파구 삼학사로8길 15,서울특별시 송파구 석촌동 216-31,,,,,02-2147-3326,서울특별시 송파구청,2022-12-13
석촌동-297,1,서울특별시 송파구 삼학사로8길10,서울특별시 송파구 석촌동 218-2,,,,,02-2147-3326,서울특별시 송파구청,2022-12-13
석촌동-298,1,서울특별시 송파구 삼학사로8길 5,서울특별시 송파구 석촌동 216-8,,,,,02-2147-3326,서울특별시 송파구청,2022-12-13
석촌동-299,1,서울특별시 송파구 삼학사로 30,서울특별시 송파구 석촌동 217-3,,,,,02-2147-3326,서울특별시 송파구청,2022-12-13
석촌동-300,1,서울특별시 송파구 삼학사로22,서울특별시 송파구 석촌동 217-9,,,,,02-2147-3326,서울특별시 송파구청,2022-12-13
석촌동-301,1,서울특별시 송파구 삼학사로6길 8,서울특별시 송파구 석촌동 219-13,,,,,02-2147-3326,서울특별시 송파구청,2022-12-13
석촌동-302,1,서울특별시 송파구 삼학사로6길 8-1,서울특별시 송파구 석촌동 219-1,,,,,02-2147-3326,서울특별시 송파구청,2022-12-13
석촌동-303,1,서울특별시 송파구 삼학사로6길 16-1,서울특별시 송파구 석촌동 219-18,,,,,02-2147-3326,서울특별시 송파구청,2022-12-13
석촌동-304,1,서울특별시 송파구 삼학사로6길 18,서울특별시 송파구 석촌동 228,,,,,02-2147-3326,서울특별시 송파구청,2022-12-13
석촌동-305,1,서울특별시 송파구 삼학사로6길 20-1,서울특별시 송파구 석촌동 228-18,,,,,02-2147-3326,서울특별시 송파구청,2022-12-13
석촌동-306,1,서울특별시 송파구 삼학사로6길 24-1,서울특별시 송파구 석촌동 228-2,,,,,02-2147-3326,서울특별시 송파구청,2022-12-13
석촌동-307,1,서울특별시 송파구 삼학사로6길 27,서울특별시 송파구 석촌동 229-4,,,,,02-2147-3326,서울특별시 송파구청,2022-12-13
석촌동-308,1,서울특별시 송파구 삼학사로6길 31,서울특별시 송파구 석촌동 238-6,,,,,02-2147-3326,서울특별시 송파구청,2022-12-13
석촌동-309,1,서울특별시 송파구 가락로3길 8,서울특별시 송파구 석촌동 239,,,,,02-2147-3326,서울특별시 송파구청,2022-12-13
석촌동-310,1,서울특별시 송파구 가락로3길 8,서울특별시 송파구 석촌동 239-1,,,,,02-2147-3326,서울특별시 송파구청,2022-12-13
석촌동-311,1,서울특별시 송파구 가락로3길 8,서울특별시 송파구 석촌동 239-2,,,,,02-2147-3326,서울특별시 송파구청,2022-12-13
석촌동-312,1,서울특별시 송파구 삼학사로4길 30,서울특별시 송파구 석촌동 227-16,,,,,02-2147-3326,서울특별시 송파구청,2022-12-13
석촌동-313,1,서울특별시 송파구 삼학사로4길 28,서울특별시 송파구 석촌동 227-3,,,,,02-2147-3326,서울특별시 송파구청,2022-12-13
석촌동-314,1,서울특별시 송파구 삼학사로6길16-1,서울특별시 송파구 석촌동 219-18,,,,,02-2147-3326,서울특별시 송파구청,2022-12-13
석촌동-315,1,서울특별시 송파구 삼학사로4길 16,서울특별시 송파구 석촌동 220-1,,,,,02-2147-3326,서울특별시 송파구청,2022-12-13
석촌동-316,1,서울특별시 송파구 삼학사로4길,서울특별시 송파구 석촌동 220,,,,,02-2147-3326,서울특별시 송파구청,2022-12-13
석촌동-317,1,서울특별시 송파구 삼학사로4길,서울특별시 송파구 석촌동 220,,,,,02-2147-3326,서울특별시 송파구청,2022-12-13
석촌동-318,1,서울특별시 송파구 삼학사로4길5,서울특별시 송파구 석촌동 220,,,,,02-2147-3326,서울특별시 송파구청,2022-12-13
석촌동-319,1,서울특별시 송파구 삼학사로4길,서울특별시 송파구 석촌동 220,,,,,02-2147-3326,서울특별시 송파구청,2022-12-13
석촌동-320,1,서울특별시 송파구 백제고분로34길 37,서울특별시 송파구 석촌동 227-21,,,,,02-2147-3326,서울특별시 송파구청,2022-12-13
석촌동-321,1,서울특별시 송파구 백제고분로34길 42-4,서울특별시 송파구 석촌동 220-9,,,,,02-2147-3326,서울특별시 송파구청,2022-12-13
석촌동-322,1,서울특별시 송파구 백제고분로34길 41,서울특별시 송파구 석촌동 226,,,,,02-2147-3326,서울특별시 송파구청,2022-12-13
석촌동-323,1,서울특별시 송파구 백제고분로34길 41,서울특별시 송파구 석촌동 226,,,,,02-2147-3326,서울특별시 송파구청,2022-12-13
석촌동-324,1,서울특별시 송파구 백제고분로34길 39-7,서울특별시 송파구 석촌동 227-12,,,,,02-2147-3326,서울특별시 송파구청,2022-12-13
석촌동-325,1,서울특별시 송파구 가락로3길 3-20,서울특별시 송파구 석촌동 226-1,,,,,02-2147-3326,서울특별시 송파구청,2022-12-13
석촌동-326,1,서울특별시 송파구 백제고분로34길 39-23,서울특별시 송파구 석촌동 227-6,,,,,02-2147-3326,서울특별시 송파구청,2022-12-13
석촌동-327,1,서울특별시 송파구 가락로3길 39,서울특별시 송파구 석촌동 239-3,,,,,02-2147-3326,서울특별시 송파구청,2022-12-13
석촌동-328,1,서울특별시 송파구 백제고분로36길,서울특별시 송파구 석촌동 248,,,,,02-2147-3326,서울특별시 송파구청,2022-12-13
석촌동-329,1,서울특별시 송파구 가락로 5길3-87,서울특별시 송파구 석촌동 236-1,,,,,02-2147-3326,서울특별시 송파구청,2022-12-13
석촌동-330,1,서울특별시 송파구 가락로 5길,서울특별시 송파구 석촌동 248,,,,,02-2147-3326,서울특별시 송파구청,2022-12-13
석촌동-331,1,서울특별시 송파구 가락로 5길 24-25,서울특별시 송파구 석촌동 247-4,,,,,02-2147-3326,서울특별시 송파구청,2022-12-13
석촌동-332,1,서울특별시 송파구 가락로 5길 36,서울특별시 송파구 석촌동 247,,,,,02-2147-3326,서울특별시 송파구청,2022-12-13
석촌동-333,1,서울특별시 송파구 가락로 5길 38,서울특별시 송파구 석촌동 246-12,,,,,02-2147-3326,서울특별시 송파구청,2022-12-13
석촌동-334,1,서울특별시 송파구 가락로 5길 33,서울특별시 송파구 석촌동 245-4,,,,,02-2147-3326,서울특별시 송파구청,2022-12-13
석촌동-335,1,서울특별시 송파구 가락로 5길 3-98,서울특별시 송파구 석촌동 245-2,,,,,02-2147-3326,서울특별시 송파구청,2022-12-13
석촌동-336,1,서울특별시 송파구 가락로5길37,서울특별시 송파구 석촌동 235-8,,,,,02-2147-3326,서울특별시 송파구청,2022-12-13
석촌동-337,1,서울특별시 송파구 가락로 5길 6,서울특별시 송파구 석촌동 235-21,,,,,02-2147-3326,서울특별시 송파구청,2022-12-13
석촌동-338,1,서울특별시 송파구 가락로 5길 3-84,서울특별시 송파구 석촌동 245,,,,,02-2147-3326,서울특별시 송파구청,2022-12-13
석촌동-339,1,서울특별시 송파구 가락로 5길 3-83,서울특별시 송파구 석촌동 236-2,,,,,02-2147-3326,서울특별시 송파구청,2022-12-13
석촌동-340,1,서울특별시 송파구 가락로 5길 31-6,서울특별시 송파구 석촌동 245-5,,,,,02-2147-3326,서울특별시 송파구청,2022-12-13
석촌동-341,1,서울특별시 송파구 가락로 5길 31-1,서울특별시 송파구 석촌동 245-20,,,,,02-2147-3326,서울특별시 송파구청,2022-12-13
석촌동-342,1,서울특별시 송파구 가락로 5길 32,서울특별시 송파구 석촌동 247-7,,,,,02-2147-3326,서울특별시 송파구청,2022-12-13
석촌동-343,1,서울특별시 송파구 가락로 5길 24-19,서울특별시 송파구 석촌동 247-8,,,,,02-2147-3326,서울특별시 송파구청,2022-12-13
석촌동-344,1,서울특별시 송파구 가락로 5길,서울특별시 송파구 석촌동 248,,,,,02-2147-3326,서울특별시 송파구청,2022-12-13
석촌동-345,1,서울특별시 송파구 가락로 5길,서울특별시 송파구 석촌동 248,,,,,02-2147-3326,서울특별시 송파구청,2022-12-13
석촌동-346,1,서울특별시 송파구 가락로 5길,서울특별시 송파구 석촌동 248,,,,,02-2147-3326,서울특별시 송파구청,2022-12-13
석촌동-347,1,서울특별시 송파구 가락로 5길,서울특별시 송파구 석촌동 248,,,,,02-2147-3326,서울특별시 송파구청,2022-12-13
석촌동-348,1,서울특별시 송파구 가락로 5길 25,서울특별시 송파구 석촌동 245-27,,,,,02-2147-3326,서울특별시 송파구청,2022-12-13
석촌동-349,1,서울특별시 송파구 가락로 5길 27,서울특별시 송파구 석촌동 245-26,,,,,02-2147-3326,서울특별시 송파구청,2022-12-13
석촌동-350,1,서울특별시 송파구 가락로5길23-15,서울특별시 송파구 석촌동 245-35,,,,,02-2147-3326,서울특별시 송파구청,2022-12-13
석촌동-351,1,서울특별시 송파구 가락로 5길 3-74,서울특별시 송파구 석촌동 245-11,,,,,02-2147-3326,서울특별시 송파구청,2022-12-13
석촌동-352,1,서울특별시 송파구 가락로 5길 3-70,서울특별시 송파구 석촌동 245-22,,,,,02-2147-3326,서울특별시 송파구청,2022-12-13
석촌동-353,1,서울특별시 송파구 가락로 5길 3-78,서울특별시 송파구 석촌동 245-10,,,,,02-2147-3326,서울특별시 송파구청,2022-12-13
석촌동-354,1,서울특별시 송파구 가락로 5길 23-15,서울특별시 송파구 석촌동 245-32,,,,,02-2147-3326,서울특별시 송파구청,2022-12-13
석촌동-355,1,서울특별시 송파구 가락로 5길 23-15,서울특별시 송파구 석촌동 244,,,,,02-2147-3326,서울특별시 송파구청,2022-12-13
석촌동-356,1,서울특별시 송파구 가락로 5길 23-10,서울특별시 송파구 석촌동 245-30,,,,,02-2147-3326,서울특별시 송파구청,2022-12-13
석촌동-357,1,서울특별시 송파구 가락로 5길,서울특별시 송파구 석촌동 248,,,,,02-2147-3326,서울특별시 송파구청,2022-12-13
석촌동-358,1,서울특별시 송파구 가락로 5길,서울특별시 송파구 석촌동 248,,,,,02-2147-3326,서울특별시 송파구청,2022-12-13
석촌동-359,1,서울특별시 송파구 가락로 5길 19-5,서울특별시 송파구 석촌동 244-15,,,,,02-2147-3326,서울특별시 송파구청,2022-12-13
석촌동-360,1,서울특별시 송파구 가락로5길19-11,서울특별시 송파구 석촌동 244-13,,,,,02-2147-3326,서울특별시 송파구청,2022-12-13
석촌동-361,1,서울특별시 송파구 가락로 5길 3-56,서울특별시 송파구 석촌동 244-11,,,,,02-2147-3326,서울특별시 송파구청,2022-12-13
석촌동-362,1,서울특별시 송파구 가락로5길15-13,서울특별시 송파구 석촌동 244-27,,,,,02-2147-3326,서울특별시 송파구청,2022-12-13
석촌동-363,1,서울특별시 송파구 가락로 5길,서울특별시 송파구 석촌동 248,,,,,02-2147-3326,서울특별시 송파구청,2022-12-13
석촌동-364,1,서울특별시 송파구 가락로 5길,서울특별시 송파구 석촌동 248,,,,,02-2147-3326,서울특별시 송파구청,2022-12-13
석촌동-365,1,서울특별시 송파구 가락로 5길,서울특별시 송파구 석촌동 248,,,,,02-2147-3326,서울특별시 송파구청,2022-12-13
석촌동-366,1,서울특별시 송파구 가락로5길13-3,서울특별시 송파구 석촌동 243-12,,,,,02-2147-3326,서울특별시 송파구청,2022-12-13
석촌동-367,1,서울특별시 송파구 가락로 5길 13-7,서울특별시 송파구 석촌동 243-4,,,,,02-2147-3326,서울특별시 송파구청,2022-12-13
석촌동-368,1,서울특별시 송파구 가락로 5길 13-13,서울특별시 송파구 석촌동 243-2,,,,,02-2147-3326,서울특별시 송파구청,2022-12-13
석촌동-369,1,서울특별시 송파구 가락로 5길 3-42,서울특별시 송파구 석촌동 243,,,,,02-2147-3326,서울특별시 송파구청,2022-12-13
석촌동-370,1,서울특별시 송파구 가락로 5길 13-16,서울특별시 송파구 석촌동 244-36,,,,,02-2147-3326,서울특별시 송파구청,2022-12-13
석촌동-371,1,서울특별시 송파구 가락로 5길 3-42,서울특별시 송파구 석촌동 243,,,,,02-2147-3326,서울특별시 송파구청,2022-12-13
석촌동-372,1,서울특별시 송파구 삼학사로6길34,서울특별시 송파구 석촌동 239-18,,,,,02-2147-3326,서울특별시 송파구청,2022-12-13
석촌동-373,1,서울특별시 송파구 가락로 5길 3-32,서울특별시 송파구 석촌동 242,,,,,02-2147-3326,서울특별시 송파구청,2022-12-13
석촌동-374,1,서울특별시 송파구 가락로 5길 7-16,서울특별시 송파구 석촌동 243-10,,,,,02-2147-3326,서울특별시 송파구청,2022-12-13
석촌동-375,1,서울특별시 송파구 가락로 5길 7-12,서울특별시 송파구 석촌동 243-8,,,,,02-2147-3326,서울특별시 송파구청,2022-12-13
석촌동-376,1,서울특별시 송파구 가락로 5길 11,서울특별시 송파구 석촌동 243-14,,,,,02-2147-3326,서울특별시 송파구청,2022-12-13
석촌동-377,1,서울특별시 송파구 가락로 5길 7,서울특별시 송파구 석촌동 242-4,,,,,02-2147-3326,서울특별시 송파구청,2022-12-13
석촌동-378,1,서울특별시 송파구 가락로 5길 10,서울특별시 송파구 석촌동 249,,,,,02-2147-3326,서울특별시 송파구청,2022-12-13
석촌동-379,1,서울특별시 송파구 가락로 5길 8-11,서울특별시 송파구 석촌동 249-4,,,,,02-2147-3326,서울특별시 송파구청,2022-12-13
석촌동-380,1,서울특별시 송파구 가락로7길 5,서울특별시 송파구 석촌동 249-8,,,,,02-2147-3326,서울특별시 송파구청,2022-12-13
석촌동-381,1,서울특별시 송파구 가락로7길,서울특별시 송파구 석촌동 258,,,,,02-2147-3326,서울특별시 송파구청,2022-12-13
석촌동-382,1,서울특별시 송파구 가락로5길 4-14,서울특별시 송파구 석촌동 251-14,,,,,02-2147-3326,서울특별시 송파구청,2022-12-13
석촌동-383,1,서울특별시 송파구 가락로5길 4-7,서울특별시 송파구 석촌동 250-12,,,,,02-2147-3326,서울특별시 송파구청,2022-12-13
석촌동-384,1,서울특별시 송파구 가락로5길 4-6,서울특별시 송파구 석촌동 251-1,,,,,02-2147-3326,서울특별시 송파구청,2022-12-13
석촌동-385,1,서울특별시 송파구 가락로5길 3,서울특별시 송파구 석촌동 239-21,,,,,02-2147-3326,서울특별시 송파구청,2022-12-13
석촌동-386,1,서울특별시 송파구 가락로5길 3,서울특별시 송파구 석촌동 239-21,,,,,02-2147-3326,서울특별시 송파구청,2022-12-13
석촌동-387,1,서울특별시 송파구 가락로5길 37,서울특별시 송파구 석촌동 239-12,,,,,02-2147-3326,서울특별시 송파구청,2022-12-13
석촌동-388,1,서울특별시 송파구 가락로5길 47,서울특별시 송파구 석촌동 239-13,,,,,02-2147-3326,서울특별시 송파구청,2022-12-13
석촌동-389,1,서울특별시 송파구 가락로5길 3-23,서울특별시 송파구 석촌동 239-15,,,,,02-2147-3326,서울특별시 송파구청,2022-12-13
석촌동-390,1,서울특별시 송파구 가락로5길 3-25,서울특별시 송파구 석촌동 239-5,,,,,02-2147-3326,서울특별시 송파구청,2022-12-13
석촌동-391,1,서울특별시 송파구 가락로7길,서울특별시 송파구 석촌동 248,,,,,02-2147-3326,서울특별시 송파구청,2022-12-13
석촌동-392,1,서울특별시 송파구 가락로7길,서울특별시 송파구 석촌동 248,,,,,02-2147-3326,서울특별시 송파구청,2022-12-13
석촌동-393,1,서울특별시 송파구 가락로7길,서울특별시 송파구 석촌동 248,,,,,02-2147-3326,서울특별시 송파구청,2022-12-13
석촌동-394,1,서울특별시 송파구 가락로11길 27-10,서울특별시 송파구 석촌동 264-7,,,,,02-2147-3326,서울특별시 송파구청,2022-12-13
석촌동-395,1,서울특별시 송파구 백제고분로37길 16,서울특별시 송파구 석촌동 265,,,,,02-2147-3326,서울특별시 송파구청,2022-12-13
석촌동-396,1,서울특별시 송파구 가락로11길 30,서울특별시 송파구 석촌동 265-8,,,,,02-2147-3326,서울특별시 송파구청,2022-12-13
석촌동-397,1,서울특별시 송파구 가락로11길 26,서울특별시 송파구 석촌동 267,,,,,02-2147-3326,서울특별시 송파구청,2022-12-13
석촌동-398,1,서울특별시 송파구 가락로11길 26,서울특별시 송파구 석촌동 267,,,,,02-2147-3326,서울특별시 송파구청,2022-12-13
석촌동-399,1,서울특별시 송파구 가락로11길 26,서울특별시 송파구 석촌동 267,,,,,02-2147-3326,서울특별시 송파구청,2022-12-13
석촌동-400,1,서울특별시 송파구 가락로11길 26,서울특별시 송파구 석촌동 267,,,,,02-2147-3326,서울특별시 송파구청,2022-12-13
석촌동-401,1,서울특별시 송파구 가락로11길 30,서울특별시 송파구 석촌동 264-3,,,,,02-2147-3326,서울특별시 송파구청,2022-12-13
석촌동-402,1,서울특별시 송파구 가락로11길 27-10,서울특별시 송파구 석촌동 264-8,,,,,02-2147-3326,서울특별시 송파구청,2022-12-13
석촌동-403,1,서울특별시 송파구 가락로7길,서울특별시 송파구 석촌동 248,,,,,02-2147-3326,서울특별시 송파구청,2022-12-13
석촌동-404,1,서울특별시 송파구 가락로7길,서울특별시 송파구 석촌동 248,,,,,02-2147-3326,서울특별시 송파구청,2022-12-13
석촌동-405,1,서울특별시 송파구 가락로7길,서울특별시 송파구 석촌동 248,,,,,02-2147-3326,서울특별시 송파구청,2022-12-13
석촌동-406,1,서울특별시 송파구 가락로7길 22,서울특별시 송파구 석촌동 262,,,,,02-2147-3326,서울특별시 송파구청,2022-12-13
석촌동-407,1,서울특별시 송파구 가락로7길 23-11,서울특별시 송파구 석촌동 262-1,,,,,02-2147-3326,서울특별시 송파구청,2022-12-13
석촌동-408,1,서울특별시 송파구 가락로7길 23-5,서울특별시 송파구 석촌동 262-3,,,,,02-2147-3326,서울특별시 송파구청,2022-12-13
석촌동-409,1,서울특별시 송파구 가락로11길 26,서울특별시 송파구 석촌동 267,,,,,02-2147-3326,서울특별시 송파구청,2022-12-13
석촌동-410,1,서울특별시 송파구 가락로11길 26,서울특별시 송파구 석촌동 267,,,,,02-2147-3326,서울특별시 송파구청,2022-12-13
석촌동-411,1,서울특별시 송파구 가락로11길 26,서울특별시 송파구 석촌동 267,,,,,02-2147-3326,서울특별시 송파구청,2022-12-13
석촌동-412,1,서울특별시 송파구 가락로11길 19-9,서울특별시 송파구 석촌동 261-4,,,,,02-2147-3326,서울특별시 송파구청,2022-12-13
석촌동-413,1,서울특별시 송파구 가락로11길 19-15,서울특별시 송파구 석촌동 261-1,,,,,02-2147-3326,서울특별시 송파구청,2022-12-13
석촌동-414,1,서울특별시 송파구 가락로7길,서울특별시 송파구 석촌동 248,,,,,02-2147-3326,서울특별시 송파구청,2022-12-13
석촌동-415,1,서울특별시 송파구 가락로7길,서울특별시 송파구 석촌동 248,,,,,02-2147-3326,서울특별시 송파구청,2022-12-13
석촌동-416,1,서울특별시 송파구 가락로7길,서울특별시 송파구 석촌동 248,,,,,02-2147-3326,서울특별시 송파구청,2022-12-13
석촌동-417,1,서울특별시 송파구 가락로7길,서울특별시 송파구 석촌동 248,,,,,02-2147-3326,서울특별시 송파구청,2022-12-13
석촌동-418,1,서울특별시 송파구 가락로7길 10,서울특별시 송파구 석촌동 246-23,,,,,02-2147-3326,서울특별시 송파구청,2022-12-13
석촌동-419,1,서울특별시 송파구 가락로7길 8-1,서울특별시 송파구 석촌동 246-24,,,,,02-2147-3326,서울특별시 송파구청,2022-12-13
석촌동-420,1,서울특별시 송파구 가락로11길15-20,서울특별시 송파구 석촌동 261-15,,,,,02-2147-3326,서울특별시 송파구청,2022-12-13
석촌동-421,1,서울특별시 송파구 가락로11길 15-16,서울특별시 송파구 석촌동 261-14,,,,,02-2147-3326,서울특별시 송파구청,2022-12-13
석촌동-422,1,서울특별시 송파구 가락로11길 15-10,서울특별시 송파구 석촌동 261-11,,,,,02-2147-3326,서울특별시 송파구청,2022-12-13
석촌동-423,1,서울특별시 송파구 가락로11길 15-4,서울특별시 송파구 석촌동 261-9,,,,,02-2147-3326,서울특별시 송파구청,2022-12-13
석촌동-424,1,서울특별시 송파구 가락로11길 17,서울특별시 송파구 석촌동 261-8,,,,,02-2147-3326,서울특별시 송파구청,2022-12-13
석촌동-425,1,서울특별시 송파구 가락로11길17,서울특별시 송파구 석촌동 267,,,,,02-2147-3326,서울특별시 송파구청,2022-12-13
석촌동-426,1,서울특별시 송파구 가락로11길 26,서울특별시 송파구 석촌동 267,,,,,02-2147-3326,서울특별시 송파구청,2022-12-13
석촌동-427,1,서울특별시 송파구 가락로11길 26,서울특별시 송파구 석촌동 267,,,,,02-2147-3326,서울특별시 송파구청,2022-12-13
석촌동-428,1,서울특별시 송파구 가락로11길 26,서울특별시 송파구 석촌동 267,,,,,02-2147-3326,서울특별시 송파구청,2022-12-13
석촌동-429,1,서울특별시 송파구 가락로11길 26,서울특별시 송파구 석촌동 270,,,,,02-2147-3326,서울특별시 송파구청,2022-12-13
석촌동-430,1,서울특별시 송파구 가락로13길 13,서울특별시 송파구 석촌동 268-25,,,,,02-2147-3326,서울특별시 송파구청,2022-12-13
석촌동-431,1,서울특별시 송파구 가락로13길14,서울특별시 송파구 석촌동 270-4,,,,,02-2147-3326,서울특별시 송파구청,2022-12-13
석촌동-432,1,서울특별시 송파구 가락로11길 12-13,서울특별시 송파구 석촌동 268-4,,,,,02-2147-3326,서울특별시 송파구청,2022-12-13
석촌동-433,1,서울특별시 송파구 가락로11길 16,서울특별시 송파구 석촌동 268-7,,,,,02-2147-3326,서울특별시 송파구청,2022-12-13
석촌동-434,1,서울특별시 송파구 가락로11길 16,서울특별시 송파구 석촌동 268-7,,,,,02-2147-3326,서울특별시 송파구청,2022-12-13
석촌동-435,1,서울특별시 송파구 가락로11길 13,서울특별시 송파구 석촌동 260-9,,,,,02-2147-3326,서울특별시 송파구청,2022-12-13
석촌동-436,1,서울특별시 송파구 가락로11길 11-11,서울특별시 송파구 석촌동 260-11,,,,,02-2147-3326,서울특별시 송파구청,2022-12-13
석촌동-437,1,서울특별시 송파구 가락로11길 11-14,서울특별시 송파구 석촌동 260-15,,,,,02-2147-3326,서울특별시 송파구청,2022-12-13
석촌동-438,1,서울특별시 송파구 가락로9길 12,서울특별시 송파구 석촌동 269,,,,,02-2147-3326,서울특별시 송파구청,2022-12-13
석촌동-439,1,서울특별시 송파구 가락로9길 7,서울특별시 송파구 석촌동 246-22,,,,,02-2147-3326,서울특별시 송파구청,2022-12-13
석촌동-440,1,서울특별시 송파구 가락로11길 9-14,서울특별시 송파구 석촌동 259-13,,,,,02-2147-3326,서울특별시 송파구청,2022-12-13
석촌동-441,1,서울특별시 송파구 가락로11길 9-9,서울특별시 송파구 석촌동 257-8,,,,,02-2147-3326,서울특별시 송파구청,2022-12-13
석촌동-442,1,서울특별시 송파구 가락로11길 9-8,서울특별시 송파구 석촌동 259-10,,,,,02-2147-3326,서울특별시 송파구청,2022-12-13
석촌동-443,1,서울특별시 송파구 가락로11길 10,서울특별시 송파구 석촌동 269-11,,,,,02-2147-3326,서울특별시 송파구청,2022-12-13
석촌동-444,1,서울특별시 송파구 가락로11길 10,서울특별시 송파구 석촌동 269-11,,,,,02-2147-3326,서울특별시 송파구청,2022-12-13
석촌동-445,1,서울특별시 송파구 가락로11길 8-7,서울특별시 송파구 석촌동 269-14,,,,,02-2147-3326,서울특별시 송파구청,2022-12-13
석촌동-446,1,서울특별시 송파구 가락로11길 8-11,서울특별시 송파구 석촌동 269-9,,,,,02-2147-3326,서울특별시 송파구청,2022-12-13
석촌동-447,1,서울특별시 송파구 가락로13길 9,서울특별시 송파구 석촌동 269-6,,,,,02-2147-3326,서울특별시 송파구청,2022-12-13
석촌동-448,1,서울특별시 송파구 가락로13길 9,서울특별시 송파구 석촌동 269-6,,,,,02-2147-3326,서울특별시 송파구청,2022-12-13
석촌동-449,1,서울특별시 송파구 가락로13길 5,서울특별시 송파구 석촌동 271-5,,,,,02-2147-3326,서울특별시 송파구청,2022-12-13
석촌동-450,1,서울특별시 송파구 가락로13길 2,서울특별시 송파구 석촌동 272-22,,,,,02-2147-3326,서울특별시 송파구청,2022-12-13
석촌동-451,1,서울특별시 송파구 가락로13길 5,서울특별시 송파구 석촌동 271-5,,,,,02-2147-3326,서울특별시 송파구청,2022-12-13
석촌동-452,1,서울특별시 송파구 가락로13길 6-15,서울특별시 송파구 석촌동 271-16,,,,,02-2147-3326,서울특별시 송파구청,2022-12-13
석촌동-453,1,서울특별시 송파구 가락로11길 6-11,서울특별시 송파구 석촌동 271-7,,,,,02-2147-3326,서울특별시 송파구청,2022-12-13
석촌동-454,1,서울특별시 송파구 가락로11길 6,서울특별시 송파구 석촌동 271-9,,,,,02-2147-3326,서울특별시 송파구청,2022-12-13
석촌동-455,1,서울특별시 송파구 가락로11길 6,서울특별시 송파구 석촌동 271-9,,,,,02-2147-3326,서울특별시 송파구청,2022-12-13
석촌동-456,1,서울특별시 송파구 가락로11길 5-8,서울특별시 송파구 석촌동 257-11,,,,,02-2147-3326,서울특별시 송파구청,2022-12-13
석촌동-457,1,서울특별시 송파구 가락로11길 5-16,서울특별시 송파구 석촌동 257-6,,,,,02-2147-3326,서울특별시 송파구청,2022-12-13
석촌동-458,1,서울특별시 송파구 가락로7길 4,서울특별시 송파구 석촌동 256,,,,,02-2147-3326,서울특별시 송파구청,2022-12-13
석촌동-459,1,서울특별시 송파구 가락로 71,서울특별시 송파구 석촌동 290-8,,,,,02-2147-3326,서울특별시 송파구청,2022-12-13
석촌동-460,1,서울특별시 송파구 백제고분로 348,서울특별시 송파구 석촌동 285,,,,,02-2147-3326,서울특별시 송파구청,2022-12-13
석촌동-461,1,서울특별시 송파구 가락로15길34,서울특별시 송파구 석촌동 285,,,,,02-2147-3326,서울특별시 송파구청,2022-12-13
석촌동-462,1,서울특별시 송파구 백제고분로 348,서울특별시 송파구 석촌동 285,,,,,02-2147-3326,서울특별시 송파구청,2022-12-13
석촌동-463,1,서울특별시 송파구 백제고분로 348,서울특별시 송파구 석촌동 285,,,,,02-2147-3326,서울특별시 송파구청,2022-12-13
석촌동-464,1,서울특별시 송파구 백제고분로 348,서울특별시 송파구 석촌동 285,,,,,02-2147-3326,서울특별시 송파구청,2022-12-13
석촌동-465,1,서울특별시 송파구 백제고분로40길 4,서울특별시 송파구 석촌동 285-5,,,,,02-2147-3326,서울특별시 송파구청,2022-12-13
석촌동-466,1,서울특별시 송파구 백제고분로 362,서울특별시 송파구 석촌동 286-9,,,,,02-2147-3326,서울특별시 송파구청,2022-12-13
석촌동-467,1,서울특별시 송파구 백제고분로40길 5,서울특별시 송파구 석촌동 287-4,,,,,02-2147-3326,서울특별시 송파구청,2022-12-13
석촌동-468,1,서울특별시 송파구 백제고분로 358,서울특별시 송파구 석촌동 286-9,,,,,02-2147-3326,서울특별시 송파구청,2022-12-13
석촌동-469,1,서울특별시 송파구 백제고분로 364,서울특별시 송파구 석촌동 286-5,,,,,02-2147-3326,서울특별시 송파구청,2022-12-13
석촌동-470,1,서울특별시 송파구 백제고분로364,서울특별시 송파구 석촌동 286-5,,,,,02-2147-3326,서울특별시 송파구청,2022-12-13
석촌동-471,1,서울특별시 송파구 송파대로 423,서울특별시 송파구 석촌동 286-1,,,,,02-2147-3326,서울특별시 송파구청,2022-12-13
석촌동-472,1,서울특별시 송파구 송파대로43길 1,서울특별시 송파구 석촌동 288-19,,,,,02-2147-3326,서울특별시 송파구청,2022-12-13
석촌동-473,1,서울특별시 송파구 송파대로43길 5,서울특별시 송파구 석촌동 288,,,,,02-2147-3326,서울특별시 송파구청,2022-12-13
석촌동-474,1,서울특별시 송파구 송파대로43길11,서울특별시 송파구 석촌동 288-3,,,,,02-2147-3326,서울특별시 송파구청,2022-12-13
석촌동-475,1,서울특별시 송파구 백제고분로40길 9,서울특별시 송파구 석촌동 287-5,,,,,02-2147-3326,서울특별시 송파구청,2022-12-13
석촌동-476,1,서울특별시 송파구 백제고분로40길 9,서울특별시 송파구 석촌동 287-5,,,,,02-2147-3326,서울특별시 송파구청,2022-12-13
석촌동-477,1,서울특별시 송파구 송파대로43길 16,서울특별시 송파구 석촌동 284-5,,,,,02-2147-3326,서울특별시 송파구청,2022-12-13
석촌동-478,1,서울특별시 송파구 송파대로43길 18,서울특별시 송파구 석촌동 284-6,,,,,02-2147-3326,서울특별시 송파구청,2022-12-13
석촌동-479,1,서울특별시 송파구 송파대로43길 20,서울특별시 송파구 석촌동 284-7,,,,,02-2147-3326,서울특별시 송파구청,2022-12-13
석촌동-480,1,서울특별시 송파구 송파대로43길 23,서울특별시 송파구 석촌동 283-1,,,,,02-2147-3326,서울특별시 송파구청,2022-12-13
석촌동-481,1,서울특별시 송파구 가락로15길 27,서울특별시 송파구 석촌동 266-5,,,,,02-2147-3326,서울특별시 송파구청,2022-12-13
석촌동-482,1,서울특별시 송파구 가락로15길 30,서울특별시 송파구 석촌동 283-6,,,,,02-2147-3326,서울특별시 송파구청,2022-12-13
석촌동-483,1,서울특별시 송파구 백제고분로40길 14-10,서울특별시 송파구 석촌동 283-4,,,,,02-2147-3326,서울특별시 송파구청,2022-12-13
석촌동-484,1,서울특별시 송파구 백제고분로40길 14-6,서울특별시 송파구 석촌동 283-15,,,,,02-2147-3326,서울특별시 송파구청,2022-12-13
석촌동-485,1,서울특별시 송파구 백제고분로40길 14,서울특별시 송파구 석촌동 283-10,,,,,02-2147-3326,서울특별시 송파구청,2022-12-13
석촌동-486,1,서울특별시 송파구 백제고분로40길 13,서울특별시 송파구 석촌동 288-7,,,,,02-2147-3326,서울특별시 송파구청,2022-12-13
석촌동-487,1,서울특별시 송파구 백제고분로40길 13,서울특별시 송파구 석촌동 289-3,,,,,02-2147-3326,서울특별시 송파구청,2022-12-13
석촌동-488,1,서울특별시 송파구 백제고분로40길 13,서울특별시 송파구 석촌동 289-3,,,,,02-2147-3326,서울특별시 송파구청,2022-12-13
석촌동-489,1,서울특별시 송파구 백제고분로40길 13,서울특별시 송파구 석촌동 289-3,,,,,02-2147-3326,서울특별시 송파구청,2022-12-13
석촌동-490,1,서울특별시 송파구 백제고분로40길 13,서울특별시 송파구 석촌동 289-3,,,,,02-2147-3326,서울특별시 송파구청,2022-12-13
석촌동-491,1,서울특별시 송파구 백제고분로40길 13-6,서울특별시 송파구 석촌동 289-2,,,,,02-2147-3326,서울특별시 송파구청,2022-12-13
석촌동-492,1,서울특별시 송파구 백제고분로40길 13-18,서울특별시 송파구 석촌동 289-1,,,,,02-2147-3326,서울특별시 송파구청,2022-12-13
석촌동-493,1,서울특별시 송파구 백제고분로40길 13-33,서울특별시 송파구 석촌동 290-8,,,,,02-2147-3326,서울특별시 송파구청,2022-12-13
석촌동-494,1,서울특별시 송파구 송파대로409,서울특별시 송파구 석촌동 291-13,,,,,02-2147-3326,서울특별시 송파구청,2022-12-13
석촌동-495,1,서울특별시 송파구 백제고분로40길 19-24,서울특별시 송파구 석촌동 291-13,,,,,02-2147-3326,서울특별시 송파구청,2022-12-13
석촌동-496,1,서울특별시 송파구 백제고분로40길 19-17,서울특별시 송파구 석촌동 291-1,,,,,02-2147-3326,서울특별시 송파구청,2022-12-13
석촌동-497,1,서울특별시 송파구 백제고분로40길 19-17,서울특별시 송파구 석촌동 289-3,,,,,02-2147-3326,서울특별시 송파구청,2022-12-13
석촌동-498,1,서울특별시 송파구 백제고분로40길 19-17,서울특별시 송파구 석촌동 289-3,,,,,02-2147-3326,서울특별시 송파구청,2022-12-13
석촌동-499,1,서울특별시 송파구 백제고분로40길 19-17,서울특별시 송파구 석촌동 289-3,,,,,02-2147-3326,서울특별시 송파구청,2022-12-13
석촌동-500,1,서울특별시 송파구 백제고분로40길 19-17,서울특별시 송파구 석촌동 289-3,,,,,02-2147-3326,서울특별시 송파구청,2022-12-13
석촌동-501,1,서울특별시 송파구 백제고분로40길 20,서울특별시 송파구 석촌동 281-6,,,,,02-2147-3326,서울특별시 송파구청,2022-12-13
석촌동-502,1,서울특별시 송파구 백제고분로40길 20,서울특별시 송파구 석촌동 281-7,,,,,02-2147-3326,서울특별시 송파구청,2022-12-13
석촌동-503,1,서울특별시 송파구 백제고분로40길 16,서울특별시 송파구 석촌동 282-2,,,,,02-2147-3326,서울특별시 송파구청,2022-12-13
석촌동-504,1,서울특별시 송파구 백제고분로40길 16-12,서울특별시 송파구 석촌동 282-12,,,,,02-2147-3326,서울특별시 송파구청,2022-12-13
석촌동-505,1,서울특별시 송파구 백제고분로40길 16-15,서울특별시 송파구 석촌동 281-22,,,,,02-2147-3326,서울특별시 송파구청,2022-12-13
석촌동-506,1,서울특별시 송파구 백제고분로40길 16-18,서울특별시 송파구 석촌동 282-5,,,,,02-2147-3326,서울특별시 송파구청,2022-12-13
석촌동-507,1,서울특별시 송파구 가락로15길 24,서울특별시 송파구 석촌동 282-6,,,,,02-2147-3326,서울특별시 송파구청,2022-12-13
석촌동-508,1,서울특별시 송파구 가락로15길 18,서울특별시 송파구 석촌동 281-15,,,,,02-2147-3326,서울특별시 송파구청,2022-12-13
석촌동-509,1,서울특별시 송파구 가락로15길 16,서울특별시 송파구 석촌동 280,,,,,02-2147-3326,서울특별시 송파구청,2022-12-13
석촌동-510,1,서울특별시 송파구 백제고분로40길 24-18,서울특별시 송파구 석촌동 281-13,,,,,02-2147-3326,서울특별시 송파구청,2022-12-13
석촌동-511,1,서울특별시 송파구 송파대로37길8,서울특별시 송파구 석촌동 297-18,,,,,02-2147-3326,서울특별시 송파구청,2022-12-13
석촌동-512,1,서울특별시 송파구 백제고분로40길 24-12,서울특별시 송파구 석촌동 281-12,,,,,02-2147-3326,서울특별시 송파구청,2022-12-13
석촌동-513,1,서울특별시 송파구 백제고분로40길 20,서울특별시 송파구 석촌동 281-9,,,,,02-2147-3326,서울특별시 송파구청,2022-12-13
석촌동-514,1,서울특별시 송파구 백제고분로40길 20,서울특별시 송파구 석촌동 281-8,,,,,02-2147-3326,서울특별시 송파구청,2022-12-13
석촌동-515,1,서울특별시 송파구 백제고분로40길 23,서울특별시 송파구 석촌동 292-5,,,,,02-2147-3326,서울특별시 송파구청,2022-12-13
석촌동-516,1,서울특별시 송파구 백제고분로40길 21,서울특별시 송파구 석촌동 291-5,,,,,02-2147-3326,서울특별시 송파구청,2022-12-13
석촌동-517,1,서울특별시 송파구 백제고분로40길 21-9,서울특별시 송파구 석촌동 291-7,,,,,02-2147-3326,서울특별시 송파구청,2022-12-13
석촌동-518,1,서울특별시 송파구 백제고분로40길 21-15,서울특별시 송파구 석촌동 291-10,,,,,02-2147-3326,서울특별시 송파구청,2022-12-13
석촌동-519,1,서울특별시 송파구 백제고분로40길 21-19,서울특별시 송파구 석촌동 291-12,,,,,02-2147-3326,서울특별시 송파구청,2022-12-13
석촌동-520,1,서울특별시 송파구 송파대로39길 4,서울특별시 송파구 석촌동 292-10,,,,,02-2147-3326,서울특별시 송파구청,2022-12-13
석촌동-521,1,서울특별시 송파구 송파대로39길 4,서울특별시 송파구 석촌동 292-10,,,,,02-2147-3326,서울특별시 송파구청,2022-12-13
석촌동-522,1,서울특별시 송파구 송파대로39길 6,서울특별시 송파구 석촌동 292-9,,,,,02-2147-3326,서울특별시 송파구청,2022-12-13
석촌동-523,1,서울특별시 송파구 송파대로39길 14,서울특별시 송파구 석촌동 292-8,,,,,02-2147-3326,서울특별시 송파구청,2022-12-13
석촌동-524,1,서울특별시 송파구 송파대로39길 13,서울특별시 송파구 석촌동 293-14,,,,,02-2147-3326,서울특별시 송파구청,2022-12-13
석촌동-525,1,서울특별시 송파구 백제고분로40길 25,서울특별시 송파구 석촌동 292-6,,,,,02-2147-3326,서울특별시 송파구청,2022-12-13
석촌동-526,1,서울특별시 송파구 백제고분로40길 28,서울특별시 송파구 석촌동 279-7,,,,,02-2147-3326,서울특별시 송파구청,2022-12-13
석촌동-527,1,서울특별시 송파구 백제고분로40길 26,서울특별시 송파구 석촌동 280-9,,,,,02-2147-3326,서울특별시 송파구청,2022-12-13
석촌동-528,1,서울특별시 송파구 송파대로39길 20-1,서울특별시 송파구 석촌동 280-12,,,,,02-2147-3326,서울특별시 송파구청,2022-12-13
석촌동-529,1,서울특별시 송파구 송파대로39길 23,서울특별시 송파구 석촌동 279-1,,,,,02-2147-3326,서울특별시 송파구청,2022-12-13
석촌동-530,1,서울특별시 송파구 송파대로39길 24,서울특별시 송파구 석촌동 280-15,,,,,02-2147-3326,서울특별시 송파구청,2022-12-13
석촌동-531,1,서울특별시 송파구 송파대로39길 27,서울특별시 송파구 석촌동 279,,,,,02-2147-3326,서울특별시 송파구청,2022-12-13
석촌동-532,1,서울특별시 송파구 가락로15길 10,서울특별시 송파구 석촌동 279-16,,,,,02-2147-3326,서울특별시 송파구청,2022-12-13
석촌동-533,1,서울특별시 송파구 가락로15길 6,서울특별시 송파구 석촌동 278-19,,,,,02-2147-3326,서울특별시 송파구청,2022-12-13
석촌동-534,1,서울특별시 송파구 백제고분로40길 30-18,서울특별시 송파구 석촌동 279-15,,,,,02-2147-3326,서울특별시 송파구청,2022-12-13
석촌동-535,1,서울특별시 송파구 백제고분로40길 30-13,서울특별시 송파구 석촌동 278-2,,,,,02-2147-3326,서울특별시 송파구청,2022-12-13
석촌동-536,1,서울특별시 송파구 백제고분로40길 30-7,서울특별시 송파구 석촌동 278-6,,,,,02-2147-3326,서울특별시 송파구청,2022-12-13
석촌동-537,1,서울특별시 송파구 백제고분로40길 30-3,서울특별시 송파구 석촌동 278-18,,,,,02-2147-3326,서울특별시 송파구청,2022-12-13
석촌동-538,1,서울특별시 송파구 백제고분로40길 26,서울특별시 송파구 석촌동 278-8,,,,,02-2147-3326,서울특별시 송파구청,2022-12-13
석촌동-539,1,서울특별시 송파구 백제고분로40길29-8,서울특별시 송파구 석촌동 293-5,,,,,02-2147-3326,서울특별시 송파구청,2022-12-13
석촌동-540,1,서울특별시 송파구 백제고분로40길 29-11,서울특별시 송파구 석촌동 293-19,,,,,02-2147-3326,서울특별시 송파구청,2022-12-13
석촌동-541,1,서울특별시 송파구 송파대로 395,서울특별시 송파구 석촌동 295-1,,,,,02-2147-3326,서울특별시 송파구청,2022-12-13
석촌동-542,1,서울특별시 송파구 백제고분로40길,서울특별시 송파구 석촌동 295-16,,,,,02-2147-3326,서울특별시 송파구청,2022-12-13
석촌동-543,1,서울특별시 송파구 백제고분로40길 35-18,서울특별시 송파구 석촌동 295-14,,,,,02-2147-3326,서울특별시 송파구청,2022-12-13
석촌동-544,1,서울특별시 송파구 백제고분로40길 37,서울특별시 송파구 석촌동 295-12,,,,,02-2147-3326,서울특별시 송파구청,2022-12-13
석촌동-545,1,서울특별시 송파구 백제고분로40길 37,서울특별시 송파구 석촌동 295-12,,,,,02-2147-3326,서울특별시 송파구청,2022-12-13
석촌동-546,1,서울특별시 송파구 가락로 103,서울특별시 송파구 석촌동 277-2,,,,,02-2147-3326,서울특별시 송파구청,2022-12-13
석촌동-547,1,서울특별시 송파구 가락로 103,서울특별시 송파구 석촌동 277-2,,,,,02-2147-3326,서울특별시 송파구청,2022-12-13
석촌동-548,1,서울특별시 송파구 백제고분로40길 36,서울특별시 송파구 석촌동 278-9,,,,,02-2147-3326,서울특별시 송파구청,2022-12-13
석촌동-549,1,서울특별시 송파구 가락로 103,서울특별시 송파구 석촌동 277-2,,,,,02-2147-3326,서울특별시 송파구청,2022-12-13
석촌동-550,1,서울특별시 송파구 가락로 103,서울특별시 송파구 석촌동 277-2,,,,,02-2147-3326,서울특별시 송파구청,2022-12-13
석촌동-551,1,서울특별시 송파구 가락로 103,서울특별시 송파구 석촌동 277-2,,,,,02-2147-3326,서울특별시 송파구청,2022-12-13
석촌동-552,1,서울특별시 송파구 가락로15길 6,서울특별시 송파구 석촌동 278-19,,,,,02-2147-3326,서울특별시 송파구청,2022-12-13
석촌동-553,1,서울특별시 송파구 가락로2길 4-33,서울특별시 송파구 석촌동 221-4,,,,,02-2147-3326,서울특별시 송파구청,2022-12-13
석촌동-554,1,서울특별시 송파구 가락로2길 4-26,서울특별시 송파구 석촌동 221-13,,,,,02-2147-3326,서울특별시 송파구청,2022-12-13
석촌동-555,1,서울특별시 송파구 가락로2길 4-26,서울특별시 송파구 석촌동 221-14,,,,,02-2147-3326,서울특별시 송파구청,2022-12-13
석촌동-556,1,서울특별시 송파구 가락로 6,서울특별시 송파구 석촌동 221-1,,,,,02-2147-3326,서울특별시 송파구청,2022-12-13
석촌동-557,1,서울특별시 송파구 가락로2길 4-22,서울특별시 송파구 석촌동 223-5,,,,,02-2147-3326,서울특별시 송파구청,2022-12-13
석촌동-558,1,서울특별시 송파구 가락로2길 4-8,서울특별시 송파구 석촌동 223-8,,,,,02-2147-3326,서울특별시 송파구청,2022-12-13
석촌동-559,1,서울특별시 송파구 가락로2길 6,서울특별시 송파구 석촌동 222-11,,,,,02-2147-3326,서울특별시 송파구청,2022-12-13
석촌동-560,1,서울특별시 송파구 가락로2길 3,서울특별시 송파구 석촌동 225-20,,,,,02-2147-3326,서울특별시 송파구청,2022-12-13
석촌동-561,1,서울특별시 송파구 가락로2길 3,서울특별시 송파구 석촌동 225-20,,,,,02-2147-3326,서울특별시 송파구청,2022-12-13
석촌동-562,1,서울특별시 송파구 가락로2길3-9,서울특별시 송파구 석촌동 225-27,,,,,02-2147-3326,서울특별시 송파구청,2022-12-13
석촌동-563,1,서울특별시 송파구 가락로2길 3-19,서울특별시 송파구 석촌동 225-16,,,,,02-2147-3326,서울특별시 송파구청,2022-12-13
석촌동-564,1,서울특별시 송파구 가락로2길3-25,서울특별시 송파구 석촌동 225-14,,,,,02-2147-3326,서울특별시 송파구청,2022-12-13
석촌동-565,1,서울특별시 송파구 가락로 34,서울특별시 송파구 석촌동 225-10,,,,,02-2147-3326,서울특별시 송파구청,2022-12-13
석촌동-566,1,서울특별시 송파구 가락로38-3,서울특별시 송파구 석촌동 240,,,,,02-2147-3326,서울특별시 송파구청,2022-12-13
석촌동-567,1,서울특별시 송파구 가락로6길 4-14,서울특별시 송파구 석촌동 240-10,,,,,02-2147-3326,서울특별시 송파구청,2022-12-13
석촌동-568,1,서울특별시 송파구 가락로6길 4-5,서울특별시 송파구 석촌동 241-6,,,,,02-2147-3326,서울특별시 송파구청,2022-12-13
석촌동-569,1,서울특별시 송파구 가락로6길 4,서울특별시 송파구 석촌동 240-7,,,,,02-2147-3326,서울특별시 송파구청,2022-12-13
석촌동-570,1,서울특별시 송파구 가락로6길 3,서울특별시 송파구 석촌동 252-14,,,,,02-2147-3326,서울특별시 송파구청,2022-12-13
석촌동-571,1,서울특별시 송파구 가락로6길 3-9,서울특별시 송파구 석촌동 252-16,,,,,02-2147-3326,서울특별시 송파구청,2022-12-13
석촌동-572,1,서울특별시 송파구 송파대로37길70,서울특별시 송파구 석촌동 254-5,,,,,02-2147-3326,서울특별시 송파구청,2022-12-13
석촌동-573,1,서울특별시 송파구 가락로12길4,서울특별시 송파구 석촌동 254-1,,,,,02-2147-3326,서울특별시 송파구청,2022-12-13
석촌동-574,1,서울특별시 송파구 가락로 82,서울특별시 송파구 석촌동 273,,,,,02-2147-3326,서울특별시 송파구청,2022-12-13
석촌동-575,1,서울특별시 송파구 가락로12길5-6,서울특별시 송파구 석촌동 274-1,,,,,02-2147-3326,서울특별시 송파구청,2022-12-13
석촌동-576,1,서울특별시 송파구 가락로12길5-12,서울특별시 송파구 석촌동 274-17,,,,,02-2147-3326,서울특별시 송파구청,2022-12-13
석촌동-577,1,서울특별시 송파구 가락로12길 5-28,서울특별시 송파구 석촌동 274-6,,,,,02-2147-3326,서울특별시 송파구청,2022-12-13
석촌동-578,1,서울특별시 송파구 가락로16길 2-26,서울특별시 송파구 석촌동 276-12,,,,,02-2147-3326,서울특별시 송파구청,2022-12-13
석촌동-579,1,서울특별시 송파구 가락로16길 3-4,서울특별시 송파구 석촌동 297-2,,,,,02-2147-3326,서울특별시 송파구청,2022-12-13
석촌동-580,1,서울특별시 송파구 가락로16길 3-4,서울특별시 송파구 석촌동 297-2,,,,,02-2147-3326,서울특별시 송파구청,2022-12-13
석촌동-581,1,서울특별시 송파구 송파대로 379,서울특별시 송파구 석촌동 296-11,,,,,02-2147-3326,서울특별시 송파구청,2022-12-13
석촌동-582,1,서울특별시 송파구 가락로5길 27-16,서울특별시 송파구 석촌동 245-16,,,,,02-2147-3326,서울특별시 송파구청,2022-12-13
석촌동-583,1,서울특별시 송파구 백제고분로36나길12,서울특별시 송파구 석촌동 54-29,,,,,02-2147-3326,서울특별시 송파구청,2022-12-13
석촌동-584,1,서울특별시 송파구 백제고분로,서울특별시 송파구 석촌동 266-13,,,,,02-2147-3326,서울특별시 송파구청,2022-12-13
석촌동-585,1,서울특별시 송파구 백제고분로,서울특별시 송파구 석촌동 239-17,,,,,02-2147-3326,서울특별시 송파구청,2022-12-13
석촌동-586,1,서울특별시 송파구 백제고분로,서울특별시 송파구 석촌동 247-11,,,,,02-2147-3326,서울특별시 송파구청,2022-12-13
석촌동-587,1,서울특별시 송파구 백제고분로,서울특별시 송파구 석촌동 217-13,,,,,02-2147-3326,서울특별시 송파구청,2022-12-13
석촌동-588,1,서울특별시 송파구 가락로5길3-27,서울특별시 송파구 석촌동 239-17,,,,,02-2147-3326,서울특별시 송파구청,2022-12-13
석촌동-589,1,서울특별시 송파구 가락로,서울특별시 송파구 석촌동,,,,,02-2147-3326,서울특별시 송파구청,2022-12-13
석촌동-590,1,서울특별시 송파구 가락로,서울특별시 송파구 석촌동,,,,,02-2147-3326,서울특별시 송파구청,2022-12-13
석촌동-591,1,서울특별시 송파구 가락로3길3-5,서울특별시 송파구 석촌동 226-3,,,,,02-2147-3326,서울특별시 송파구청,2022-12-13
석촌동-592,1,서울특별시 송파구 백제고분로34길3-20,서울특별시 송파구 석촌동 234-15,,,,,02-2147-3326,서울특별시 송파구청,2022-12-13
석촌동-593,1,서울특별시 송파구 석촌호수로18길20-21,서울특별시 송파구 석촌동 57,,,,,02-2147-3326,서울특별시 송파구청,2022-12-13
석촌동-594,1,서울특별시 송파구 백제고분로37길16,서울특별시 송파구 석촌동 265,,,,,02-2147-3326,서울특별시 송파구청,2022-12-13
석촌동-595,1,서울특별시 송파구 석촌호수로18길23-6,서울특별시 송파구 석촌동 150-10,,,,,02-2147-3326,서울특별시 송파구청,2022-12-13
석촌동-596,1,서울특별시 송파구 석촌호수로,서울특별시 송파구 석촌동 60-1,,,,,02-2147-3326,서울특별시 송파구청,2022-12-13
석촌동-597,1,서울특별시 송파구 석촌호수로,서울특별시 송파구 석촌동 230-8,,,,,02-2147-3326,서울특별시 송파구청,2022-12-13
석촌동-598,1,서울특별시 송파구 석촌호수로,서울특별시 송파구 석촌동 257-11,,,,,02-2147-3326,서울특별시 송파구청,2022-12-13
석촌동-599,1,서울특별시 송파구 석촌호수로,서울특별시 송파구 석촌동 234-7,,,,,02-2147-3326,서울특별시 송파구청,2022-12-13
석촌동-600,1,서울특별시 송파구 백제고분로36나길12,서울특별시 송파구 석촌동 54-29,,,,,02-2147-3326,서울특별시 송파구청,2022-12-13
석촌동-601,1,서울특별시 송파구 삼학사로4길 5,서울특별시 송파구 석촌동 693,,,,,02-2147-3326,서울특별시 송파구청,2022-12-13
석촌동-602,1,서울특별시 송파구 가락로11길27-10,서울특별시 송파구 석촌동 264-6,,,,,02-2147-3326,서울특별시 송파구청,2022-12-13
석촌동-603,1,서울특별시 송파구 가락로11길6-7,서울특별시 송파구 석촌동 271-19,,,,,02-2147-3326,서울특별시 송파구청,2022-12-13
석촌동-604,1,서울특별시 송파구 가락로,서울특별시 송파구 석촌동  268-20,,,,,02-2147-3326,서울특별시 송파구청,2022-12-13
석촌동-605,1,서울특별시 송파구 가락로,서울특별시 송파구 석촌동 259,,,,,02-2147-3326,서울특별시 송파구청,2022-12-13
석촌동-606,1,서울특별시 송파구 가락로,서울특별시 송파구 석촌동 226,,,,,02-2147-3326,서울특별시 송파구청,2022-12-13
석촌동-607,1,서울특별시 송파구 가락로6길3,서울특별시 송파구 석촌동 252-14,,,,,02-2147-3326,서울특별시 송파구청,2022-12-13
석촌동-608,1,서울특별시 송파구 가락로,서울특별시 송파구 석촌동 228-7,,,,,02-2147-3326,서울특별시 송파구청,2022-12-13
석촌동-609,1,서울특별시 송파구 가락로,서울특별시 송파구 석촌동 53-6~9,,,,,02-2147-3326,서울특별시 송파구청,2022-12-13
석촌동-610,1,서울특별시 송파구 가락로,서울특별시 송파구 석촌동 175-12,,,,,02-2147-3326,서울특별시 송파구청,2022-12-13
석촌동-611,1,서울특별시 송파구 가락로,서울특별시 송파구 석촌동 175-12,,,,,02-2147-3326,서울특별시 송파구청,2022-12-13
석촌동-612,1,서울특별시 송파구 가락로5길 31-10,서울특별시 송파구 석촌동 245-37,,,,,02-2147-3326,서울특별시 송파구청,2022-12-13
석촌동-613,1,서울특별시 송파구 가락로5길8-18,서울특별시 송파구 석촌동 249-6,,,,,02-2147-3326,서울특별시 송파구청,2022-12-13
석촌동-614,1,서울특별시 송파구 가락로11길 30,서울특별시 송파구 석촌동 265-8,,,,,02-2147-3326,서울특별시 송파구청,2022-12-13
석촌동-615,1,서울특별시 송파구 가락로15길 29,서울특별시 송파구 석촌동 266-3,,,,,02-2147-3326,서울특별시 송파구청,2022-12-13
석촌동-616,1,서울특별시 송파구 가락로15길 27,서울특별시 송파구 석촌동 263-4,,,,,02-2147-3326,서울특별시 송파구청,2022-12-13
석촌동-617,1,서울특별시 송파구 백제고분로364,서울특별시 송파구 석촌동 286-5,,,,,02-2147-3326,서울특별시 송파구청,2022-12-13
석촌동-618,1,서울특별시 송파구 백제고분로33길 16-5,서울특별시 송파구 석촌동 19-6,,,,,02-2147-3326,서울특별시 송파구청,2022-12-13
석촌동-619,1,서울특별시 송파구 가락로5길 7-6,서울특별시 송파구 석촌동 243-6,,,,,02-2147-3326,서울특별시 송파구청,2022-12-13
석촌동-620,1,서울특별시 송파구 백제고분로36나길28,서울특별시 송파구 석촌동 54-21,,,,,02-2147-3326,서울특별시 송파구청,2022-12-13
석촌동-621,1,서울특별시 송파구 삼학사로10길3-9,서울특별시 송파구 석촌동 213-8,,,,,02-2147-3326,서울특별시 송파구청,2022-12-13
석촌동-622,1,서울특별시 송파구 가락로5길 27-28,서울특별시 송파구 석촌동 245-12,,,,,02-2147-3326,서울특별시 송파구청,2022-12-13
석촌동-623,1,서울특별시 송파구 백제고분로40길36-14,서울특별시 송파구 석촌동 278-14,,,,,02-2147-3326,서울특별시 송파구청,2022-12-13
석촌동-624,1,서울특별시 송파구 송파대로45길3-24,서울특별시 송파구 석촌동 175-10,,,,,02-2147-3326,서울특별시 송파구청,2022-12-13
석촌동-625,1,서울특별시 송파구 백제고분로36나길8-1,서울특별시 송파구 석촌동 54-40,,,,,02-2147-3326,서울특별시 송파구청,2022-12-13
석촌동-626,1,서울특별시 송파구 삼학사로18길4,서울특별시 송파구 석촌동 10-1,,,,,02-2147-3326,서울특별시 송파구청,2022-12-13
석촌동-627,1,서울특별시 송파구 백제고분로39길13-19,서울특별시 송파구 석촌동 171-7,,,,,02-2147-3326,서울특별시 송파구청,2022-12-13
석촌명소화거리-001,1,서울특별시 송파구 백제고분로,서울특별시 송파구 석촌동,,,,,02-2147-3326,서울특별시 송파구청,2022-12-13
석촌명소화거리-002,1,서울특별시 송파구 백제고분로,서울특별시 송파구 석촌동,,,,,02-2147-3326,서울특별시 송파구청,2022-12-13
석촌명소화거리-003,1,서울특별시 송파구 백제고분로,서울특별시 송파구 석촌동,,,,,02-2147-3326,서울특별시 송파구청,2022-12-13
석촌명소화거리-004,1,서울특별시 송파구 백제고분로,서울특별시 송파구 석촌동,,,,,02-2147-3326,서울특별시 송파구청,2022-12-13
석촌명소화거리-005,1,서울특별시 송파구 백제고분로,서울특별시 송파구 석촌동,,,,,02-2147-3326,서울특별시 송파구청,2022-12-13
석촌명소화거리-006,1,서울특별시 송파구 백제고분로,서울특별시 송파구 석촌동,,,,,02-2147-3326,서울특별시 송파구청,2022-12-13
석촌명소화거리-007,1,서울특별시 송파구 백제고분로,서울특별시 송파구 석촌동,,,,,02-2147-3326,서울특별시 송파구청,2022-12-13
석촌명소화거리-008,1,서울특별시 송파구 백제고분로,서울특별시 송파구 석촌동,,,,,02-2147-3326,서울특별시 송파구청,2022-12-13
석촌명소화거리-009,1,서울특별시 송파구 백제고분로,서울특별시 송파구 석촌동,,,,,02-2147-3326,서울특별시 송파구청,2022-12-13
석촌명소화거리-010,1,서울특별시 송파구 백제고분로,서울특별시 송파구 석촌동,,,,,02-2147-3326,서울특별시 송파구청,2022-12-13
석촌명소화거리-011,1,서울특별시 송파구 백제고분로,서울특별시 송파구 석촌동,,,,,02-2147-3326,서울특별시 송파구청,2022-12-13
석촌명소화거리-012,1,서울특별시 송파구 백제고분로,서울특별시 송파구 석촌동,,,,,02-2147-3326,서울특별시 송파구청,2022-12-13
석촌명소화거리-013,1,서울특별시 송파구 백제고분로,서울특별시 송파구 석촌동,,,,,02-2147-3326,서울특별시 송파구청,2022-12-13
석촌명소화거리-014,1,서울특별시 송파구 백제고분로,서울특별시 송파구 석촌동,,,,,02-2147-3326,서울특별시 송파구청,2022-12-13
석촌명소화거리-015,1,서울특별시 송파구 백제고분로,서울특별시 송파구 석촌동,,,,,02-2147-3326,서울특별시 송파구청,2022-12-13
석촌명소화거리-016,1,서울특별시 송파구 백제고분로,서울특별시 송파구 석촌동,,,,,02-2147-3326,서울특별시 송파구청,2022-12-13
석촌명소화거리-017,1,서울특별시 송파구 백제고분로,서울특별시 송파구 석촌동,,,,,02-2147-3326,서울특별시 송파구청,2022-12-13
석촌명소화거리-018,1,서울특별시 송파구 백제고분로,서울특별시 송파구 석촌동,,,,,02-2147-3326,서울특별시 송파구청,2022-12-13
석촌명소화거리-019,1,서울특별시 송파구 백제고분로,서울특별시 송파구 석촌동,,,,,02-2147-3326,서울특별시 송파구청,2022-12-13
석촌명소화거리-020,1,서울특별시 송파구 백제고분로,서울특별시 송파구 석촌동,,,,,02-2147-3326,서울특별시 송파구청,2022-12-13
석촌명소화거리-021,1,서울특별시 송파구 백제고분로,서울특별시 송파구 석촌동,,,,,02-2147-3326,서울특별시 송파구청,2022-12-13
석촌명소화거리-022,1,서울특별시 송파구 백제고분로,서울특별시 송파구 석촌동,,,,,02-2147-3326,서울특별시 송파구청,2022-12-13
석촌명소화거리-023,1,서울특별시 송파구 백제고분로,서울특별시 송파구 석촌동,,,,,02-2147-3326,서울특별시 송파구청,2022-12-13
석촌명소화거리-024,1,서울특별시 송파구 백제고분로,서울특별시 송파구 석촌동,,,,,02-2147-3326,서울특별시 송파구청,2022-12-13
석촌명소화거리-025,1,서울특별시 송파구 백제고분로,서울특별시 송파구 석촌동,,,,,02-2147-3326,서울특별시 송파구청,2022-12-13
석촌명소화거리-026,1,서울특별시 송파구 백제고분로,서울특별시 송파구 석촌동,,,,,02-2147-3326,서울특별시 송파구청,2022-12-13
석촌명소화거리-027,1,서울특별시 송파구 백제고분로,서울특별시 송파구 석촌동,,,,,02-2147-3326,서울특별시 송파구청,2022-12-13
석촌명소화거리-028,1,서울특별시 송파구 백제고분로,서울특별시 송파구 석촌동,,,,,02-2147-3326,서울특별시 송파구청,2022-12-13
석촌명소화거리-029,1,서울특별시 송파구 백제고분로,서울특별시 송파구 석촌동,,,,,02-2147-3326,서울특별시 송파구청,2022-12-13
석촌명소화거리-030,1,서울특별시 송파구 백제고분로,서울특별시 송파구 석촌동,,,,,02-2147-3326,서울특별시 송파구청,2022-12-13
석촌명소화거리-031,1,서울특별시 송파구 백제고분로,서울특별시 송파구 석촌동,,,,,02-2147-3326,서울특별시 송파구청,2022-12-13
성내천-001,1,서울특별시 송파구 성내천로,서울특별시 송파구 성내천,,,,,02-2147-3328,서울특별시 송파구청,2022-12-13
성내천-002,1,서울특별시 송파구 성내천로,서울특별시 송파구 성내천,,,,,02-2147-3328,서울특별시 송파구청,2022-12-13
성내천-003,1,서울특별시 송파구 성내천로,서울특별시 송파구 성내천,,,,,02-2147-3328,서울특별시 송파구청,2022-12-13
성내천-004,1,서울특별시 송파구 성내천로,서울특별시 송파구 성내천,,,,,02-2147-3328,서울특별시 송파구청,2022-12-13
성내천-005,1,서울특별시 송파구 성내천로,서울특별시 송파구 성내천,,,,,02-2147-3328,서울특별시 송파구청,2022-12-13
성내천-006,1,서울특별시 송파구 성내천로,서울특별시 송파구 성내천,,,,,02-2147-3328,서울특별시 송파구청,2022-12-13
성내천-007,1,서울특별시 송파구 성내천로,서울특별시 송파구 성내천,,,,,02-2147-3328,서울특별시 송파구청,2022-12-13
성내천-008,1,서울특별시 송파구 성내천로,서울특별시 송파구 성내천,,,,,02-2147-3328,서울특별시 송파구청,2022-12-13
성내천-009,1,서울특별시 송파구 성내천로,서울특별시 송파구 성내천,,,,,02-2147-3328,서울특별시 송파구청,2022-12-13
성내천-010,1,서울특별시 송파구 성내천로,서울특별시 송파구 성내천,,,,,02-2147-3328,서울특별시 송파구청,2022-12-13
성내천-011,1,서울특별시 송파구 성내천로,서울특별시 송파구 성내천,,,,,02-2147-3328,서울특별시 송파구청,2022-12-13
성내천-012,1,서울특별시 송파구 성내천로,서울특별시 송파구 성내천,,,,,02-2147-3328,서울특별시 송파구청,2022-12-13
성내천-013,1,서울특별시 송파구 성내천로,서울특별시 송파구 성내천,,,,,02-2147-3328,서울특별시 송파구청,2022-12-13
성내천-014,1,서울특별시 송파구 성내천로,서울특별시 송파구 성내천,,,,,02-2147-3328,서울특별시 송파구청,2022-12-13
성내천-015,1,서울특별시 송파구 성내천로,서울특별시 송파구 성내천,,,,,02-2147-3328,서울특별시 송파구청,2022-12-13
성내천-016,1,서울특별시 송파구 성내천로,서울특별시 송파구 성내천,,,,,02-2147-3328,서울특별시 송파구청,2022-12-13
성내천-017,1,서울특별시 송파구 성내천로,서울특별시 송파구 성내천,,,,,02-2147-3328,서울특별시 송파구청,2022-12-13
성내천-018,1,서울특별시 송파구 성내천로,서울특별시 송파구 성내천,,,,,02-2147-3328,서울특별시 송파구청,2022-12-13
성내천-019,1,서울특별시 송파구 성내천로,서울특별시 송파구 성내천,,,,,02-2147-3328,서울특별시 송파구청,2022-12-13
성내천-020,1,서울특별시 송파구 성내천로,서울특별시 송파구 성내천,,,,,02-2147-3328,서울특별시 송파구청,2022-12-13
성내천-021,1,서울특별시 송파구 성내천로,서울특별시 송파구 성내천,,,,,02-2147-3328,서울특별시 송파구청,2022-12-13
성내천-022,1,서울특별시 송파구 성내천로,서울특별시 송파구 성내천,,,,,02-2147-3328,서울특별시 송파구청,2022-12-13
성내천-023,1,서울특별시 송파구 성내천로,서울특별시 송파구 성내천,,,,,02-2147-3328,서울특별시 송파구청,2022-12-13
성내천-024,1,서울특별시 송파구 성내천로,서울특별시 송파구 성내천,,,,,02-2147-3328,서울특별시 송파구청,2022-12-13
성내천-025,1,서울특별시 송파구 성내천로,서울특별시 송파구 성내천,,,,,02-2147-3328,서울특별시 송파구청,2022-12-13
성내천-026,1,서울특별시 송파구 성내천로,서울특별시 송파구 성내천,,,,,02-2147-3328,서울특별시 송파구청,2022-12-13
성내천-027,1,서울특별시 송파구 성내천로,서울특별시 송파구 성내천,,,,,02-2147-3328,서울특별시 송파구청,2022-12-13
성내천-028,1,서울특별시 송파구 성내천로,서울특별시 송파구 성내천,,,,,02-2147-3328,서울특별시 송파구청,2022-12-13
성내천-029,1,서울특별시 송파구 성내천로,서울특별시 송파구 성내천,,,,,02-2147-3328,서울특별시 송파구청,2022-12-13
성내천-030,1,서울특별시 송파구 성내천로,서울특별시 송파구 성내천,,,,,02-2147-3328,서울특별시 송파구청,2022-12-13
성내천-031,1,서울특별시 송파구 성내천로,서울특별시 송파구 성내천,,,,,02-2147-3328,서울특별시 송파구청,2022-12-13
성내천-032,1,서울특별시 송파구 성내천로,서울특별시 송파구 성내천,,,,,02-2147-3328,서울특별시 송파구청,2022-12-13
성내천-033,1,서울특별시 송파구 성내천로,서울특별시 송파구 성내천,,,,,02-2147-3328,서울특별시 송파구청,2022-12-13
성내천-034,1,서울특별시 송파구 성내천로,서울특별시 송파구 성내천,,,,,02-2147-3328,서울특별시 송파구청,2022-12-13
성내천-035,1,서울특별시 송파구 성내천로,서울특별시 송파구 성내천,,,,,02-2147-3328,서울특별시 송파구청,2022-12-13
성내천-036,1,서울특별시 송파구 성내천로,서울특별시 송파구 성내천,,,,,02-2147-3328,서울특별시 송파구청,2022-12-13
성내천-037,1,서울특별시 송파구 성내천로,서울특별시 송파구 성내천,,,,,02-2147-3328,서울특별시 송파구청,2022-12-13
성내천-038,1,서울특별시 송파구 성내천로,서울특별시 송파구 성내천,,,,,02-2147-3328,서울특별시 송파구청,2022-12-13
성내천-039,1,서울특별시 송파구 성내천로,서울특별시 송파구 성내천,,,,,02-2147-3328,서울특별시 송파구청,2022-12-13
성내천-040,1,서울특별시 송파구 성내천로,서울특별시 송파구 성내천,,,,,02-2147-3328,서울특별시 송파구청,2022-12-13
성내천-041,1,서울특별시 송파구 성내천로,서울특별시 송파구 성내천,,,,,02-2147-3328,서울특별시 송파구청,2022-12-13
성내천-042,1,서울특별시 송파구 성내천로,서울특별시 송파구 성내천,,,,,02-2147-3328,서울특별시 송파구청,2022-12-13
성내천-043,1,서울특별시 송파구 성내천로,서울특별시 송파구 성내천,,,,,02-2147-3328,서울특별시 송파구청,2022-12-13
성내천-044,1,서울특별시 송파구 성내천로,서울특별시 송파구 성내천,,,,,02-2147-3328,서울특별시 송파구청,2022-12-13
성내천-045,1,서울특별시 송파구 성내천로,서울특별시 송파구 성내천,,,,,02-2147-3328,서울특별시 송파구청,2022-12-13
성내천-046,1,서울특별시 송파구 성내천로,서울특별시 송파구 성내천,,,,,02-2147-3328,서울특별시 송파구청,2022-12-13
성내천-047,1,서울특별시 송파구 성내천로,서울특별시 송파구 성내천,,,,,02-2147-3328,서울특별시 송파구청,2022-12-13
성내천-048,1,서울특별시 송파구 성내천로,서울특별시 송파구 성내천,,,,,02-2147-3328,서울특별시 송파구청,2022-12-13
성내천-049,1,서울특별시 송파구 성내천로,서울특별시 송파구 성내천,,,,,02-2147-3328,서울특별시 송파구청,2022-12-13
성내천-050,1,서울특별시 송파구 성내천로,서울특별시 송파구 성내천,,,,,02-2147-3328,서울특별시 송파구청,2022-12-13
성내천-051,1,서울특별시 송파구 성내천로,서울특별시 송파구 성내천,,,,,02-2147-3328,서울특별시 송파구청,2022-12-13
성내천-052,1,서울특별시 송파구 성내천로,서울특별시 송파구 성내천,,,,,02-2147-3328,서울특별시 송파구청,2022-12-13
성내천-053,1,서울특별시 송파구 성내천로,서울특별시 송파구 성내천,,,,,02-2147-3328,서울특별시 송파구청,2022-12-13
성내천-054,1,서울특별시 송파구 성내천로,서울특별시 송파구 성내천,,,,,02-2147-3328,서울특별시 송파구청,2022-12-13
성내천-055,1,서울특별시 송파구 성내천로,서울특별시 송파구 성내천,,,,,02-2147-3328,서울특별시 송파구청,2022-12-13
성내천-056,1,서울특별시 송파구 성내천로,서울특별시 송파구 성내천,,,,,02-2147-3328,서울특별시 송파구청,2022-12-13
성내천-057,1,서울특별시 송파구 성내천로,서울특별시 송파구 성내천,,,,,02-2147-3328,서울특별시 송파구청,2022-12-13
성내천-058,1,서울특별시 송파구 성내천로,서울특별시 송파구 성내천,,,,,02-2147-3328,서울특별시 송파구청,2022-12-13
성내천-059,1,서울특별시 송파구 성내천로,서울특별시 송파구 성내천,,,,,02-2147-3328,서울특별시 송파구청,2022-12-13
성내천-060,1,서울특별시 송파구 성내천로,서울특별시 송파구 성내천,,,,,02-2147-3328,서울특별시 송파구청,2022-12-13
성내천-061,1,서울특별시 송파구 성내천로,서울특별시 송파구 성내천,,,,,02-2147-3328,서울특별시 송파구청,2022-12-13
성내천-062,1,서울특별시 송파구 성내천로,서울특별시 송파구 성내천,,,,,02-2147-3328,서울특별시 송파구청,2022-12-13
성내천-063,1,서울특별시 송파구 성내천로,서울특별시 송파구 성내천,,,,,02-2147-3328,서울특별시 송파구청,2022-12-13
성내천-064,1,서울특별시 송파구 성내천로,서울특별시 송파구 성내천,,,,,02-2147-3328,서울특별시 송파구청,2022-12-13
성내천-065,1,서울특별시 송파구 성내천로,서울특별시 송파구 성내천,,,,,02-2147-3328,서울특별시 송파구청,2022-12-13
성내천-066,1,서울특별시 송파구 성내천로,서울특별시 송파구 성내천,,,,,02-2147-3328,서울특별시 송파구청,2022-12-13
성내천-067,1,서울특별시 송파구 성내천로,서울특별시 송파구 성내천,,,,,02-2147-3328,서울특별시 송파구청,2022-12-13
성내천-068,1,서울특별시 송파구 성내천로,서울특별시 송파구 성내천,,,,,02-2147-3328,서울특별시 송파구청,2022-12-13
성내천-069,1,서울특별시 송파구 성내천로,서울특별시 송파구 성내천,,,,,02-2147-3328,서울특별시 송파구청,2022-12-13
성내천-070,1,서울특별시 송파구 성내천로,서울특별시 송파구 성내천,,,,,02-2147-3328,서울특별시 송파구청,2022-12-13
성내천-071,1,서울특별시 송파구 성내천로,서울특별시 송파구 성내천,,,,,02-2147-3328,서울특별시 송파구청,2022-12-13
성내천-072,1,서울특별시 송파구 성내천로,서울특별시 송파구 성내천,,,,,02-2147-3328,서울특별시 송파구청,2022-12-13
성내천-073,1,서울특별시 송파구 성내천로,서울특별시 송파구 성내천,,,,,02-2147-3328,서울특별시 송파구청,2022-12-13
성내천-074,1,서울특별시 송파구 성내천로,서울특별시 송파구 성내천,,,,,02-2147-3328,서울특별시 송파구청,2022-12-13
성내천-075,1,서울특별시 송파구 성내천로,서울특별시 송파구 성내천,,,,,02-2147-3328,서울특별시 송파구청,2022-12-13
성내천-076,1,서울특별시 송파구 성내천로,서울특별시 송파구 성내천,,,,,02-2147-3328,서울특별시 송파구청,2022-12-13
성내천-077,1,서울특별시 송파구 성내천로,서울특별시 송파구 성내천,,,,,02-2147-3328,서울특별시 송파구청,2022-12-13
성내천-078,1,서울특별시 송파구 성내천로,서울특별시 송파구 성내천,,,,,02-2147-3328,서울특별시 송파구청,2022-12-13
성내천-079,1,서울특별시 송파구 성내천로,서울특별시 송파구 성내천,,,,,02-2147-3328,서울특별시 송파구청,2022-12-13
성내천-080,1,서울특별시 송파구 성내천로,서울특별시 송파구 성내천,,,,,02-2147-3328,서울특별시 송파구청,2022-12-13
성내천-081,1,서울특별시 송파구 성내천로,서울특별시 송파구 성내천,,,,,02-2147-3328,서울특별시 송파구청,2022-12-13
성내천-082,1,서울특별시 송파구 성내천로,서울특별시 송파구 성내천,,,,,02-2147-3328,서울특별시 송파구청,2022-12-13
성내천-083,1,서울특별시 송파구 성내천로,서울특별시 송파구 성내천,,,,,02-2147-3328,서울특별시 송파구청,2022-12-13
성내천-084,1,서울특별시 송파구 성내천로,서울특별시 송파구 성내천,,,,,02-2147-3328,서울특별시 송파구청,2022-12-13
성내천-085,1,서울특별시 송파구 성내천로,서울특별시 송파구 성내천,,,,,02-2147-3328,서울특별시 송파구청,2022-12-13
성내천-086,1,서울특별시 송파구 성내천로,서울특별시 송파구 성내천,,,,,02-2147-3328,서울특별시 송파구청,2022-12-13
성내천-087,1,서울특별시 송파구 성내천로,서울특별시 송파구 성내천,,,,,02-2147-3328,서울특별시 송파구청,2022-12-13
성내천-088,1,서울특별시 송파구 성내천로,서울특별시 송파구 성내천,,,,,02-2147-3328,서울특별시 송파구청,2022-12-13
성내천-089,1,서울특별시 송파구 성내천로,서울특별시 송파구 성내천,,,,,02-2147-3328,서울특별시 송파구청,2022-12-13
성내천-090,1,서울특별시 송파구 성내천로,서울특별시 송파구 성내천,,,,,02-2147-3328,서울특별시 송파구청,2022-12-13
성내천-091,1,서울특별시 송파구 성내천로,서울특별시 송파구 성내천,,,,,02-2147-3328,서울특별시 송파구청,2022-12-13
성내천-092,1,서울특별시 송파구 성내천로,서울특별시 송파구 성내천,,,,,02-2147-3328,서울특별시 송파구청,2022-12-13
성내천-093,1,서울특별시 송파구 성내천로,서울특별시 송파구 성내천,,,,,02-2147-3328,서울특별시 송파구청,2022-12-13
성내천-094,1,서울특별시 송파구 성내천로,서울특별시 송파구 성내천,,,,,02-2147-3328,서울특별시 송파구청,2022-12-13
성내천-095,1,서울특별시 송파구 성내천로,서울특별시 송파구 성내천,,,,,02-2147-3328,서울특별시 송파구청,2022-12-13
성내천-096,1,서울특별시 송파구 성내천로,서울특별시 송파구 성내천,,,,,02-2147-3328,서울특별시 송파구청,2022-12-13
성내천-097,1,서울특별시 송파구 성내천로,서울특별시 송파구 성내천,,,,,02-2147-3328,서울특별시 송파구청,2022-12-13
성내천-098,1,서울특별시 송파구 성내천로,서울특별시 송파구 성내천,,,,,02-2147-3328,서울특별시 송파구청,2022-12-13
성내천-099,1,서울특별시 송파구 성내천로,서울특별시 송파구 성내천,,,,,02-2147-3328,서울특별시 송파구청,2022-12-13
성내천-100,1,서울특별시 송파구 성내천로,서울특별시 송파구 성내천,,,,,02-2147-3328,서울특별시 송파구청,2022-12-13
성내천-101,1,서울특별시 송파구 성내천로,서울특별시 송파구 성내천,,,,,02-2147-3328,서울특별시 송파구청,2022-12-13
성내천-102,1,서울특별시 송파구 성내천로,서울특별시 송파구 성내천,,,,,02-2147-3328,서울특별시 송파구청,2022-12-13
성내천-103,1,서울특별시 송파구 성내천로,서울특별시 송파구 성내천,,,,,02-2147-3328,서울특별시 송파구청,2022-12-13
성내천-104,1,서울특별시 송파구 성내천로,서울특별시 송파구 성내천,,,,,02-2147-3328,서울특별시 송파구청,2022-12-13
성내천-105,1,서울특별시 송파구 성내천로,서울특별시 송파구 성내천,,,,,02-2147-3328,서울특별시 송파구청,2022-12-13
성내천-106,1,서울특별시 송파구 성내천로,서울특별시 송파구 성내천,,,,,02-2147-3328,서울특별시 송파구청,2022-12-13
성내천-107,1,서울특별시 송파구 성내천로,서울특별시 송파구 성내천,,,,,02-2147-3328,서울특별시 송파구청,2022-12-13
성내천-108,1,서울특별시 송파구 성내천로,서울특별시 송파구 성내천,,,,,02-2147-3328,서울특별시 송파구청,2022-12-13
성내천-109,1,서울특별시 송파구 성내천로,서울특별시 송파구 성내천,,,,,02-2147-3328,서울특별시 송파구청,2022-12-13
성내천-110,1,서울특별시 송파구 성내천로,서울특별시 송파구 성내천,,,,,02-2147-3328,서울특별시 송파구청,2022-12-13
성내천-111,1,서울특별시 송파구 성내천로,서울특별시 송파구 성내천,,,,,02-2147-3328,서울특별시 송파구청,2022-12-13
성내천-112,1,서울특별시 송파구 성내천로,서울특별시 송파구 성내천,,,,,02-2147-3328,서울특별시 송파구청,2022-12-13
성내천-113,1,서울특별시 송파구 성내천로,서울특별시 송파구 성내천,,,,,02-2147-3328,서울특별시 송파구청,2022-12-13
성내천-114,1,서울특별시 송파구 성내천로,서울특별시 송파구 성내천,,,,,02-2147-3328,서울특별시 송파구청,2022-12-13
성내천-115,1,서울특별시 송파구 성내천로,서울특별시 송파구 성내천,,,,,02-2147-3328,서울특별시 송파구청,2022-12-13
성내천-116,1,서울특별시 송파구 성내천로,서울특별시 송파구 성내천,,,,,02-2147-3328,서울특별시 송파구청,2022-12-13
성내천-117,1,서울특별시 송파구 성내천로,서울특별시 송파구 성내천,,,,,02-2147-3328,서울특별시 송파구청,2022-12-13
성내천-118,1,서울특별시 송파구 성내천로,서울특별시 송파구 성내천,,,,,02-2147-3328,서울특별시 송파구청,2022-12-13
성내천-119,1,서울특별시 송파구 성내천로,서울특별시 송파구 성내천,,,,,02-2147-3328,서울특별시 송파구청,2022-12-13
성내천-120,1,서울특별시 송파구 성내천로,서울특별시 송파구 성내천,,,,,02-2147-3328,서울특별시 송파구청,2022-12-13
성내천-121,1,서울특별시 송파구 성내천로,서울특별시 송파구 성내천,,,,,02-2147-3328,서울특별시 송파구청,2022-12-13
성내천-122,1,서울특별시 송파구 성내천로,서울특별시 송파구 성내천,,,,,02-2147-3328,서울특별시 송파구청,2022-12-13
성내천-123,1,서울특별시 송파구 성내천로,서울특별시 송파구 성내천,,,,,02-2147-3328,서울특별시 송파구청,2022-12-13
성내천-124,1,서울특별시 송파구 성내천로,서울특별시 송파구 성내천,,,,,02-2147-3328,서울특별시 송파구청,2022-12-13
성내천-125,1,서울특별시 송파구 성내천로,서울특별시 송파구 성내천,,,,,02-2147-3328,서울특별시 송파구청,2022-12-13
성내천-126,1,서울특별시 송파구 성내천로,서울특별시 송파구 성내천,,,,,02-2147-3328,서울특별시 송파구청,2022-12-13
성내천-127,1,서울특별시 송파구 성내천로,서울특별시 송파구 성내천,,,,,02-2147-3328,서울특별시 송파구청,2022-12-13
성내천-128,1,서울특별시 송파구 성내천로,서울특별시 송파구 성내천,,,,,02-2147-3328,서울특별시 송파구청,2022-12-13
성내천-129,1,서울특별시 송파구 성내천로,서울특별시 송파구 성내천,,,,,02-2147-3328,서울특별시 송파구청,2022-12-13
성내천-130,1,서울특별시 송파구 성내천로,서울특별시 송파구 성내천,,,,,02-2147-3328,서울특별시 송파구청,2022-12-13
성내천-131,1,서울특별시 송파구 성내천로,서울특별시 송파구 성내천,,,,,02-2147-3328,서울특별시 송파구청,2022-12-13
성내천-132,1,서울특별시 송파구 성내천로,서울특별시 송파구 성내천,,,,,02-2147-3328,서울특별시 송파구청,2022-12-13
성내천-133,1,서울특별시 송파구 성내천로,서울특별시 송파구 성내천,,,,,02-2147-3328,서울특별시 송파구청,2022-12-13
성내천-134,1,서울특별시 송파구 성내천로,서울특별시 송파구 성내천,,,,,02-2147-3328,서울특별시 송파구청,2022-12-13
성내천-135,1,서울특별시 송파구 성내천로,서울특별시 송파구 성내천,,,,,02-2147-3328,서울특별시 송파구청,2022-12-13
성내천-136,1,서울특별시 송파구 성내천로,서울특별시 송파구 성내천,,,,,02-2147-3328,서울특별시 송파구청,2022-12-13
성내천-137,1,서울특별시 송파구 성내천로,서울특별시 송파구 성내천,,,,,02-2147-3328,서울특별시 송파구청,2022-12-13
성내천-138,1,서울특별시 송파구 성내천로,서울특별시 송파구 성내천,,,,,02-2147-3328,서울특별시 송파구청,2022-12-13
성내천-139,1,서울특별시 송파구 성내천로,서울특별시 송파구 성내천,,,,,02-2147-3328,서울특별시 송파구청,2022-12-13
성내천-140,1,서울특별시 송파구 성내천로,서울특별시 송파구 성내천,,,,,02-2147-3328,서울특별시 송파구청,2022-12-13
성내천-141,1,서울특별시 송파구 성내천로,서울특별시 송파구 성내천,,,,,02-2147-3328,서울특별시 송파구청,2022-12-13
성내천-142,1,서울특별시 송파구 성내천로,서울특별시 송파구 성내천,,,,,02-2147-3328,서울특별시 송파구청,2022-12-13
성내천-143,1,서울특별시 송파구 성내천로,서울특별시 송파구 성내천,,,,,02-2147-3328,서울특별시 송파구청,2022-12-13
성내천-144,1,서울특별시 송파구 성내천로,서울특별시 송파구 성내천,,,,,02-2147-3328,서울특별시 송파구청,2022-12-13
성내천-145,1,서울특별시 송파구 성내천로,서울특별시 송파구 성내천,,,,,02-2147-3328,서울특별시 송파구청,2022-12-13
성내천-146,1,서울특별시 송파구 성내천로,서울특별시 송파구 성내천,,,,,02-2147-3328,서울특별시 송파구청,2022-12-13
성내천-147,1,서울특별시 송파구 성내천로,서울특별시 송파구 성내천,,,,,02-2147-3328,서울특별시 송파구청,2022-12-13
성내천-148,1,서울특별시 송파구 성내천로,서울특별시 송파구 성내천,,,,,02-2147-3328,서울특별시 송파구청,2022-12-13
성내천-149,1,서울특별시 송파구 성내천로,서울특별시 송파구 성내천,,,,,02-2147-3328,서울특별시 송파구청,2022-12-13
성내천-150,1,서울특별시 송파구 성내천로,서울특별시 송파구 성내천,,,,,02-2147-3328,서울특별시 송파구청,2022-12-13
성내천-151,1,서울특별시 송파구 성내천로,서울특별시 송파구 성내천,,,,,02-2147-3328,서울특별시 송파구청,2022-12-13
성내천-152,1,서울특별시 송파구 성내천로,서울특별시 송파구 성내천,,,,,02-2147-3328,서울특별시 송파구청,2022-12-13
성내천-153,1,서울특별시 송파구 성내천로,서울특별시 송파구 성내천,,,,,02-2147-3328,서울특별시 송파구청,2022-12-13
성내천-154,1,서울특별시 송파구 성내천로,서울특별시 송파구 성내천,,,,,02-2147-3328,서울특별시 송파구청,2022-12-13
성내천-155,1,서울특별시 송파구 성내천로,서울특별시 송파구 성내천,,,,,02-2147-3328,서울특별시 송파구청,2022-12-13
성내천-156,1,서울특별시 송파구 성내천로,서울특별시 송파구 성내천,,,,,02-2147-3328,서울특별시 송파구청,2022-12-13
성내천-157,1,서울특별시 송파구 성내천로,서울특별시 송파구 성내천,,,,,02-2147-3328,서울특별시 송파구청,2022-12-13
성내천-158,1,서울특별시 송파구 성내천로,서울특별시 송파구 성내천,,,,,02-2147-3328,서울특별시 송파구청,2022-12-13
성내천-159,1,서울특별시 송파구 성내천로,서울특별시 송파구 성내천,,,,,02-2147-3328,서울특별시 송파구청,2022-12-13
성내천-160,1,서울특별시 송파구 성내천로,서울특별시 송파구 성내천,,,,,02-2147-3328,서울특별시 송파구청,2022-12-13
성내천-161,1,서울특별시 송파구 성내천로,서울특별시 송파구 성내천,,,,,02-2147-3328,서울특별시 송파구청,2022-12-13
성내천-162,1,서울특별시 송파구 성내천로,서울특별시 송파구 성내천,,,,,02-2147-3328,서울특별시 송파구청,2022-12-13
성내천-163,1,서울특별시 송파구 성내천로,서울특별시 송파구 성내천,,,,,02-2147-3328,서울특별시 송파구청,2022-12-13
성내천-164,1,서울특별시 송파구 성내천로,서울특별시 송파구 성내천,,,,,02-2147-3328,서울특별시 송파구청,2022-12-13
성내천-165,1,서울특별시 송파구 성내천로,서울특별시 송파구 성내천,,,,,02-2147-3328,서울특별시 송파구청,2022-12-13
성내천-166,1,서울특별시 송파구 성내천로,서울특별시 송파구 성내천,,,,,02-2147-3328,서울특별시 송파구청,2022-12-13
성내천-167,1,서울특별시 송파구 성내천로,서울특별시 송파구 성내천,,,,,02-2147-3328,서울특별시 송파구청,2022-12-13
성내천-168,1,서울특별시 송파구 성내천로,서울특별시 송파구 성내천,,,,,02-2147-3328,서울특별시 송파구청,2022-12-13
성내천-169,1,서울특별시 송파구 성내천로,서울특별시 송파구 성내천,,,,,02-2147-3328,서울특별시 송파구청,2022-12-13
성내천-170,1,서울특별시 송파구 성내천로,서울특별시 송파구 성내천,,,,,02-2147-3328,서울특별시 송파구청,2022-12-13
성내천-171,1,서울특별시 송파구 성내천로,서울특별시 송파구 성내천,,,,,02-2147-3328,서울특별시 송파구청,2022-12-13
성내천-172,1,서울특별시 송파구 성내천로,서울특별시 송파구 성내천,,,,,02-2147-3328,서울특별시 송파구청,2022-12-13
성내천-173,1,서울특별시 송파구 성내천로,서울특별시 송파구 성내천,,,,,02-2147-3328,서울특별시 송파구청,2022-12-13
성내천-174,1,서울특별시 송파구 성내천로,서울특별시 송파구 성내천,,,,,02-2147-3328,서울특별시 송파구청,2022-12-13
성내천-175,1,서울특별시 송파구 성내천로,서울특별시 송파구 성내천,,,,,02-2147-3328,서울특별시 송파구청,2022-12-13
성내천-176,1,서울특별시 송파구 성내천로,서울특별시 송파구 성내천,,,,,02-2147-3328,서울특별시 송파구청,2022-12-13
성내천-177,1,서울특별시 송파구 성내천로,서울특별시 송파구 성내천,,,,,02-2147-3328,서울특별시 송파구청,2022-12-13
성내천-178,1,서울특별시 송파구 성내천로,서울특별시 송파구 성내천,,,,,02-2147-3328,서울특별시 송파구청,2022-12-13
성내천-179,1,서울특별시 송파구 성내천로,서울특별시 송파구 성내천,,,,,02-2147-3328,서울특별시 송파구청,2022-12-13
성내천-180,1,서울특별시 송파구 성내천로,서울특별시 송파구 성내천,,,,,02-2147-3328,서울특별시 송파구청,2022-12-13
성내천-181,1,서울특별시 송파구 성내천로,서울특별시 송파구 성내천,,,,,02-2147-3328,서울특별시 송파구청,2022-12-13
성내천-182,1,서울특별시 송파구 성내천로,서울특별시 송파구 성내천,,,,,02-2147-3328,서울특별시 송파구청,2022-12-13
성내천-183,1,서울특별시 송파구 성내천로,서울특별시 송파구 성내천,,,,,02-2147-3328,서울특별시 송파구청,2022-12-13
성내천-184,1,서울특별시 송파구 성내천로,서울특별시 송파구 성내천,,,,,02-2147-3328,서울특별시 송파구청,2022-12-13
성내천-185,1,서울특별시 송파구 성내천로,서울특별시 송파구 성내천,,,,,02-2147-3328,서울특별시 송파구청,2022-12-13
성내천-186,1,서울특별시 송파구 성내천로,서울특별시 송파구 성내천,,,,,02-2147-3328,서울특별시 송파구청,2022-12-13
성내천-187,1,서울특별시 송파구 성내천로,서울특별시 송파구 성내천,,,,,02-2147-3328,서울특별시 송파구청,2022-12-13
성내천-188,1,서울특별시 송파구 성내천로,서울특별시 송파구 성내천,,,,,02-2147-3328,서울특별시 송파구청,2022-12-13
성내천-189,1,서울특별시 송파구 성내천로,서울특별시 송파구 성내천,,,,,02-2147-3328,서울특별시 송파구청,2022-12-13
성내천-190,1,서울특별시 송파구 성내천로,서울특별시 송파구 성내천,,,,,02-2147-3328,서울특별시 송파구청,2022-12-13
성내천-191,1,서울특별시 송파구 성내천로,서울특별시 송파구 성내천,,,,,02-2147-3328,서울특별시 송파구청,2022-12-13
성내천-192,1,서울특별시 송파구 성내천로,서울특별시 송파구 성내천,,,,,02-2147-3328,서울특별시 송파구청,2022-12-13
성내천-193,1,서울특별시 송파구 성내천로,서울특별시 송파구 성내천,,,,,02-2147-3328,서울특별시 송파구청,2022-12-13
성내천-194,1,서울특별시 송파구 성내천로,서울특별시 송파구 성내천,,,,,02-2147-3328,서울특별시 송파구청,2022-12-13
성내천-195,1,서울특별시 송파구 성내천로,서울특별시 송파구 성내천,,,,,02-2147-3328,서울특별시 송파구청,2022-12-13
성내천-196,1,서울특별시 송파구 성내천로,서울특별시 송파구 성내천,,,,,02-2147-3328,서울특별시 송파구청,2022-12-13
성내천-197,1,서울특별시 송파구 성내천로,서울특별시 송파구 성내천,,,,,02-2147-3328,서울특별시 송파구청,2022-12-13
성내천-198,1,서울특별시 송파구 성내천로,서울특별시 송파구 성내천,,,,,02-2147-3328,서울특별시 송파구청,2022-12-13
성내천-199,1,서울특별시 송파구 성내천로,서울특별시 송파구 성내천,,,,,02-2147-3328,서울특별시 송파구청,2022-12-13
성내천-200,1,서울특별시 송파구 성내천로,서울특별시 송파구 성내천,,,,,02-2147-3328,서울특별시 송파구청,2022-12-13
성내천-201,1,서울특별시 송파구 성내천로,서울특별시 송파구 성내천,,,,,02-2147-3328,서울특별시 송파구청,2022-12-13
성내천-202,1,서울특별시 송파구 성내천로,서울특별시 송파구 성내천,,,,,02-2147-3328,서울특별시 송파구청,2022-12-13
성내천-203,1,서울특별시 송파구 성내천로,서울특별시 송파구 성내천,,,,,02-2147-3328,서울특별시 송파구청,2022-12-13
성내천-204,1,서울특별시 송파구 성내천로,서울특별시 송파구 성내천,,,,,02-2147-3328,서울특별시 송파구청,2022-12-13
성내천-205,1,서울특별시 송파구 성내천로,서울특별시 송파구 성내천,,,,,02-2147-3328,서울특별시 송파구청,2022-12-13
성내천-206,1,서울특별시 송파구 성내천로,서울특별시 송파구 성내천,,,,,02-2147-3328,서울특별시 송파구청,2022-12-13
성내천-207,1,서울특별시 송파구 성내천로,서울특별시 송파구 성내천,,,,,02-2147-3328,서울특별시 송파구청,2022-12-13
성내천-208,1,서울특별시 송파구 성내천로,서울특별시 송파구 성내천,,,,,02-2147-3328,서울특별시 송파구청,2022-12-13
성내천-209,1,서울특별시 송파구 성내천로,서울특별시 송파구 성내천,,,,,02-2147-3328,서울특별시 송파구청,2022-12-13
성내천-210,1,서울특별시 송파구 성내천로,서울특별시 송파구 성내천,,,,,02-2147-3328,서울특별시 송파구청,2022-12-13
성내천-211,1,서울특별시 송파구 성내천로,서울특별시 송파구 성내천,,,,,02-2147-3328,서울특별시 송파구청,2022-12-13
성내천-212,1,서울특별시 송파구 성내천로,서울특별시 송파구 성내천,,,,,02-2147-3328,서울특별시 송파구청,2022-12-13
성내천-213,1,서울특별시 송파구 성내천로,서울특별시 송파구 성내천,,,,,02-2147-3328,서울특별시 송파구청,2022-12-13
성내천-214,1,서울특별시 송파구 성내천로,서울특별시 송파구 성내천,,,,,02-2147-3328,서울특별시 송파구청,2022-12-13
성내천-215,1,서울특별시 송파구 성내천로,서울특별시 송파구 성내천,,,,,02-2147-3328,서울특별시 송파구청,2022-12-13
성내천-216,1,서울특별시 송파구 성내천로,서울특별시 송파구 성내천,,,,,02-2147-3328,서울특별시 송파구청,2022-12-13
성내천-217,1,서울특별시 송파구 성내천로,서울특별시 송파구 성내천,,,,,02-2147-3328,서울특별시 송파구청,2022-12-13
성내천-218,1,서울특별시 송파구 성내천로,서울특별시 송파구 성내천,,,,,02-2147-3328,서울특별시 송파구청,2022-12-13
성내천-219,1,서울특별시 송파구 성내천로,서울특별시 송파구 성내천,,,,,02-2147-3328,서울특별시 송파구청,2022-12-13
성내천-220,1,서울특별시 송파구 성내천로,서울특별시 송파구 성내천,,,,,02-2147-3328,서울특별시 송파구청,2022-12-13
성내천-221,1,서울특별시 송파구 성내천로,서울특별시 송파구 성내천,,,,,02-2147-3328,서울특별시 송파구청,2022-12-13
성내천-222,1,서울특별시 송파구 성내천로,서울특별시 송파구 성내천,,,,,02-2147-3328,서울특별시 송파구청,2022-12-13
성내천-223,1,서울특별시 송파구 성내천로,서울특별시 송파구 성내천,,,,,02-2147-3328,서울특별시 송파구청,2022-12-13
성내천-224,1,서울특별시 송파구 성내천로,서울특별시 송파구 성내천,,,,,02-2147-3328,서울특별시 송파구청,2022-12-13
성내천-225,1,서울특별시 송파구 성내천로,서울특별시 송파구 성내천,,,,,02-2147-3328,서울특별시 송파구청,2022-12-13
성내천-226,1,서울특별시 송파구 성내천로,서울특별시 송파구 성내천,,,,,02-2147-3328,서울특별시 송파구청,2022-12-13
성내천-227,1,서울특별시 송파구 성내천로,서울특별시 송파구 성내천,,,,,02-2147-3328,서울특별시 송파구청,2022-12-13
성내천-228,1,서울특별시 송파구 성내천로,서울특별시 송파구 성내천,,,,,02-2147-3328,서울특별시 송파구청,2022-12-13
성내천-229,1,서울특별시 송파구 성내천로,서울특별시 송파구 성내천,,,,,02-2147-3328,서울특별시 송파구청,2022-12-13
성내천-230,1,서울특별시 송파구 성내천로,서울특별시 송파구 성내천,,,,,02-2147-3328,서울특별시 송파구청,2022-12-13
성내천-231,1,서울특별시 송파구 성내천로,서울특별시 송파구 성내천,,,,,02-2147-3328,서울특별시 송파구청,2022-12-13
성내천-232,1,서울특별시 송파구 성내천로,서울특별시 송파구 성내천,,,,,02-2147-3328,서울특별시 송파구청,2022-12-13
성내천-233,1,서울특별시 송파구 동남로,서울특별시 송파구 감이천,,,,,02-2147-3328,서울특별시 송파구청,2022-12-13
성내천-234,1,서울특별시 송파구 동남로,서울특별시 송파구 감이천,,,,,02-2147-3328,서울특별시 송파구청,2022-12-13
성내천-235,1,서울특별시 송파구 동남로,서울특별시 송파구 감이천,,,,,02-2147-3328,서울특별시 송파구청,2022-12-13
성내천-236,1,서울특별시 송파구 동남로,서울특별시 송파구 감이천,,,,,02-2147-3328,서울특별시 송파구청,2022-12-13
성내천-237,1,서울특별시 송파구 동남로,서울특별시 송파구 감이천,,,,,02-2147-3328,서울특별시 송파구청,2022-12-13
성내천-238,1,서울특별시 송파구 동남로,서울특별시 송파구 감이천,,,,,02-2147-3328,서울특별시 송파구청,2022-12-13
성내천-239,1,서울특별시 송파구 동남로,서울특별시 송파구 감이천,,,,,02-2147-3328,서울특별시 송파구청,2022-12-13
성내천-240,1,서울특별시 송파구 동남로,서울특별시 송파구 감이천,,,,,02-2147-3328,서울특별시 송파구청,2022-12-13
송파1동-001,1,서울특별시 송파구 백제고분로45길 40,서울특별시 송파구 송파1동 58-15,,,,,02-2147-3326,서울특별시 송파구청,2022-12-13
송파1동-002,1,서울특별시 송파구 백제고분로45길 38,서울특별시 송파구 송파1동 57,,,,,02-2147-3326,서울특별시 송파구청,2022-12-13
송파1동-003,1,서울특별시 송파구 백제고분로45길 34,서울특별시 송파구 송파1동 56-1,,,,,02-2147-3326,서울특별시 송파구청,2022-12-13
송파1동-004,1,서울특별시 송파구 백제고분로45길 30,서울특별시 송파구 송파1동 56-2,,,,,02-2147-3326,서울특별시 송파구청,2022-12-13
송파1동-005,1,서울특별시 송파구 백제고분로45길 32,서울특별시 송파구 송파1동 56-7,,,,,02-2147-3326,서울특별시 송파구청,2022-12-13
송파1동-006,1,서울특별시 송파구 오금로16길 6,서울특별시 송파구 송파1동 57-13,,,,,02-2147-3326,서울특별시 송파구청,2022-12-13
송파1동-007,1,서울특별시 송파구 오금로 132,서울특별시 송파구 송파1동 59,,,,,02-2147-3326,서울특별시 송파구청,2022-12-13
송파1동-008,1,서울특별시 송파구 오금로 132,서울특별시 송파구 송파1동 59,,,,,02-2147-3326,서울특별시 송파구청,2022-12-13
송파1동-009,1,서울특별시 송파구 백제고분로45길 24-18,서울특별시 송파구 송파1동 54,,,,,02-2147-3326,서울특별시 송파구청,2022-12-13
송파1동-010,1,서울특별시 송파구 백제고분로45길 24-8,서울특별시 송파구 송파1동 54-6,,,,,02-2147-3326,서울특별시 송파구청,2022-12-13
송파1동-011,1,서울특별시 송파구 백제고분로45길 26,서울특별시 송파구 송파1동 55-11,,,,,02-2147-3326,서울특별시 송파구청,2022-12-13
송파1동-012,1,서울특별시 송파구 백제고분로45길 24,서울특별시 송파구 송파1동 54-9,,,,,02-2147-3326,서울특별시 송파구청,2022-12-13
송파1동-013,1,서울특별시 송파구 백제고분로45길 22,서울특별시 송파구 송파1동 53-9,,,,,02-2147-3326,서울특별시 송파구청,2022-12-13
송파1동-014,1,서울특별시 송파구 백제고분로45길 22-8,서울특별시 송파구 송파1동 53-13,,,,,02-2147-3326,서울특별시 송파구청,2022-12-13
송파1동-015,1,서울특별시 송파구 오금로18길 4-20,서울특별시 송파구 송파1동 59-1,,,,,02-2147-3326,서울특별시 송파구청,2022-12-13
송파1동-016,1,서울특별시 송파구 백제고분로45길 18-17,서울특별시 송파구 송파1동 53-3,,,,,02-2147-3326,서울특별시 송파구청,2022-12-13
송파1동-017,1,서울특별시 송파구 백제고분로45길 18-15,서울특별시 송파구 송파1동 53-7,,,,,02-2147-3326,서울특별시 송파구청,2022-12-13
송파1동-018,1,서울특별시 송파구 백제고분로45길 18-9,서울특별시 송파구 송파1동 53-12,,,,,02-2147-3326,서울특별시 송파구청,2022-12-13
송파1동-019,1,서울특별시 송파구 백제고분로45길16,서울특별시 송파구 송파1동 52-17,,,,,02-2147-3326,서울특별시 송파구청,2022-12-13
송파1동-020,1,서울특별시 송파구 백제고분로45길 14-9,서울특별시 송파구 송파1동 52-9,,,,,02-2147-3326,서울특별시 송파구청,2022-12-13
송파1동-021,1,서울특별시 송파구 오금로18길 4-9,서울특별시 송파구 송파1동 52-1,,,,,02-2147-3326,서울특별시 송파구청,2022-12-13
송파1동-022,1,서울특별시 송파구 오금로18길 5,서울특별시 송파구 송파1동 50-9,,,,,02-2147-3326,서울특별시 송파구청,2022-12-13
송파1동-023,1,서울특별시 송파구 오금로18길 11,서울특별시 송파구 송파1동 50-12,,,,,02-2147-3326,서울특별시 송파구청,2022-12-13
송파1동-024,1,서울특별시 송파구 백제고분로45길 8-1,서울특별시 송파구 송파1동 50-8,,,,,02-2147-3326,서울특별시 송파구청,2022-12-13
송파1동-025,1,서울특별시 송파구 백제고분로45길 8-11,서울특별시 송파구 송파1동 50-5,,,,,02-2147-3326,서울특별시 송파구청,2022-12-13
송파1동-026,1,서울특별시 송파구 백제고분로45길 8-21,서울특별시 송파구 송파1동 50-1,,,,,02-2147-3326,서울특별시 송파구청,2022-12-13
송파1동-027,1,서울특별시 송파구 오금로 152,서울특별시 송파구 송파1동 48-13,,,,,02-2147-3326,서울특별시 송파구청,2022-12-13
송파1동-028,1,서울특별시 송파구 백제고분로45길 4-19,서울특별시 송파구 송파1동 49-12,,,,,02-2147-3326,서울특별시 송파구청,2022-12-13
송파1동-029,1,서울특별시 송파구 백제고분로45길 4-14,서울특별시 송파구 송파1동 48-6,,,,,02-2147-3326,서울특별시 송파구청,2022-12-13
송파1동-030,1,서울특별시 송파구 백제고분로45길 4-9,서울특별시 송파구 송파1동 49-8,,,,,02-2147-3326,서울특별시 송파구청,2022-12-13
송파1동-031,1,서울특별시 송파구 백제고분로45길 4-5,서울특별시 송파구 송파1동 49-7,,,,,02-2147-3326,서울특별시 송파구청,2022-12-13
송파1동-032,1,서울특별시 송파구 송파대로48길 29,서울특별시 송파구 송파1동 33,,,,,02-2147-3326,서울특별시 송파구청,2022-12-13
송파1동-033,1,서울특별시 송파구 백제고분로41길 42,서울특별시 송파구 송파1동 30,,,,,02-2147-3326,서울특별시 송파구청,2022-12-13
송파1동-034,1,서울특별시 송파구 송파대로48길 19,서울특별시 송파구 송파1동 30-9,,,,,02-2147-3326,서울특별시 송파구청,2022-12-13
송파1동-035,1,서울특별시 송파구 송파대로48길 25,서울특별시 송파구 송파1동 30-12,,,,,02-2147-3326,서울특별시 송파구청,2022-12-13
송파1동-036,1,서울특별시 송파구 송파대로48길 29,서울특별시 송파구 송파1동 33,,,,,02-2147-3326,서울특별시 송파구청,2022-12-13
송파1동-037,1,서울특별시 송파구 송파대로48길 29,서울특별시 송파구 송파1동 33,,,,,02-2147-3326,서울특별시 송파구청,2022-12-13
송파1동-038,1,서울특별시 송파구 송파대로48길 29,서울특별시 송파구 송파1동 33,,,,,02-2147-3326,서울특별시 송파구청,2022-12-13
송파1동-039,1,서울특별시 송파구 송파대로48길 29,서울특별시 송파구 송파1동 33,,,,,02-2147-3326,서울특별시 송파구청,2022-12-13
송파1동-040,1,서울특별시 송파구 백제고분로45길31-13,서울특별시 송파구 송파1동 37,,,,,02-2147-3326,서울특별시 송파구청,2022-12-13
송파1동-041,1,서울특별시 송파구 백제고분로48길 29,서울특별시 송파구 송파1동 36-19,,,,,02-2147-3326,서울특별시 송파구청,2022-12-13
송파1동-042,1,서울특별시 송파구 오금로16길 24,서울특별시 송파구 송파1동 37-3,,,,,02-2147-3326,서울특별시 송파구청,2022-12-13
송파1동-043,1,서울특별시 송파구 백제고분로45길 29,서울특별시 송파구 송파1동 37-2,,,,,02-2147-3326,서울특별시 송파구청,2022-12-13
송파1동-044,1,서울특별시 송파구 백제고분로45길 23,서울특별시 송파구 송파1동 39-3,,,,,02-2147-3326,서울특별시 송파구청,2022-12-13
송파1동-045,1,서울특별시 송파구 백제고분로45길 23-7,서울특별시 송파구 송파1동 39-2,,,,,02-2147-3326,서울특별시 송파구청,2022-12-13
송파1동-046,1,서울특별시 송파구 백제고분로45길 23-15,서울특별시 송파구 송파1동 39-1,,,,,02-2147-3326,서울특별시 송파구청,2022-12-13
송파1동-047,1,서울특별시 송파구 백제고분로43길 25,서울특별시 송파구 송파1동 36-7,,,,,02-2147-3326,서울특별시 송파구청,2022-12-13
송파1동-048,1,서울특별시 송파구 백제고분로43길22,서울특별시 송파구 송파1동 40-14,,,,,02-2147-3326,서울특별시 송파구청,2022-12-13
송파1동-049,1,서울특별시 송파구 백제고분로45길 21-21,서울특별시 송파구 송파1동 39-14,,,,,02-2147-3326,서울특별시 송파구청,2022-12-13
송파1동-050,1,서울특별시 송파구 백제고분로45길 21-10,서울특별시 송파구 송파1동 39-8,,,,,02-2147-3326,서울특별시 송파구청,2022-12-13
송파1동-051,1,서울특별시 송파구 백제고분로45길 17-9,서울특별시 송파구 송파1동 42-3,,,,,02-2147-3326,서울특별시 송파구청,2022-12-13
송파1동-052,1,서울특별시 송파구 백제고분로45길 17-13,서울특별시 송파구 송파1동 42-3,,,,,02-2147-3326,서울특별시 송파구청,2022-12-13
송파1동-053,1,서울특별시 송파구 백제고분로45길 13-22,서울특별시 송파구 송파1동 42-4,,,,,02-2147-3326,서울특별시 송파구청,2022-12-13
송파1동-054,1,서울특별시 송파구 백제고분로45길17-22,서울특별시 송파구 송파1동 40-7,,,,,02-2147-3326,서울특별시 송파구청,2022-12-13
송파1동-055,1,서울특별시 송파구 백제고분로43길 18,서울특별시 송파구 송파1동 42-5,,,,,02-2147-3326,서울특별시 송파구청,2022-12-13
송파1동-056,1,서울특별시 송파구 백제고분로43길 18,서울특별시 송파구 송파1동 42-5,,,,,02-2147-3326,서울특별시 송파구청,2022-12-13
송파1동-057,1,서울특별시 송파구 백제고분로43길 18,서울특별시 송파구 송파1동 42-5,,,,,02-2147-3326,서울특별시 송파구청,2022-12-13
송파1동-058,1,서울특별시 송파구 백제고분로45길 13-22,서울특별시 송파구 송파1동 42-4,,,,,02-2147-3326,서울특별시 송파구청,2022-12-13
송파1동-059,1,서울특별시 송파구 백제고분로45길 17-13,서울특별시 송파구 송파1동 42-3,,,,,02-2147-3326,서울특별시 송파구청,2022-12-13
송파1동-060,1,서울특별시 송파구 백제고분로45길 11,서울특별시 송파구 송파1동 43-1,,,,,02-2147-3326,서울특별시 송파구청,2022-12-13
송파1동-061,1,서울특별시 송파구 오금로18길 19,서울특별시 송파구 송파1동 45-19,,,,,02-2147-3326,서울특별시 송파구청,2022-12-13
송파1동-062,1,서울특별시 송파구 오금로18길24-1,서울특별시 송파구 송파1동 45-8,,,,,02-2147-3326,서울특별시 송파구청,2022-12-13
송파1동-063,1,서울특별시 송파구 오금로18길 28,서울특별시 송파구 송파1동 43-8,,,,,02-2147-3326,서울특별시 송파구청,2022-12-13
송파1동-064,1,서울특별시 송파구 오금로18길 27,서울특별시 송파구 송파1동 45,,,,,02-2147-3326,서울특별시 송파구청,2022-12-13
송파1동-065,1,서울특별시 송파구 백제고분로43길 44,서울특별시 송파구 송파1동 44,,,,,02-2147-3326,서울특별시 송파구청,2022-12-13
송파1동-066,1,서울특별시 송파구 백제고분로43길 44,서울특별시 송파구 송파1동 44,,,,,02-2147-3326,서울특별시 송파구청,2022-12-13
송파1동-067,1,서울특별시 송파구 백제고분로43길 44,서울특별시 송파구 송파1동 44,,,,,02-2147-3326,서울특별시 송파구청,2022-12-13
송파1동-068,1,서울특별시 송파구 백제고분로43길 44,서울특별시 송파구 송파1동 44,,,,,02-2147-3326,서울특별시 송파구청,2022-12-13
송파1동-069,1,서울특별시 송파구 백제고분로43길 45,서울특별시 송파구 송파1동 44,,,,,02-2147-3326,서울특별시 송파구청,2022-12-13
송파1동-070,1,서울특별시 송파구 백제고분로43길10,서울특별시 송파구 송파1동 44,,,,,02-2147-3326,서울특별시 송파구청,2022-12-13
송파1동-071,1,서울특별시 송파구 백제고분로45길 5-21,서울특별시 송파구 송파1동 46-20,,,,,02-2147-3326,서울특별시 송파구청,2022-12-13
송파1동-072,1,서울특별시 송파구 백제고분로45길 5-19,서울특별시 송파구 송파1동 46-2,,,,,02-2147-3326,서울특별시 송파구청,2022-12-13
송파1동-073,1,서울특별시 송파구 백제고분로45길 5-17,서울특별시 송파구 송파1동 46-12,,,,,02-2147-3326,서울특별시 송파구청,2022-12-13
송파1동-074,1,서울특별시 송파구 백제고분로45길 5-7,서울특별시 송파구 송파1동 46-10,,,,,02-2147-3326,서울특별시 송파구청,2022-12-13
송파1동-075,1,서울특별시 송파구 백제고분로45길4,서울특별시 송파구 송파1동 48,,,,,02-2147-3326,서울특별시 송파구청,2022-12-13
송파1동-076,1,서울특별시 송파구 백제고분로45길 3-6,서울특별시 송파구 송파1동 46-5,,,,,02-2147-3326,서울특별시 송파구청,2022-12-13
송파1동-077,1,서울특별시 송파구 백제고분로45길 3-18,서울특별시 송파구 송파1동 46-13,,,,,02-2147-3326,서울특별시 송파구청,2022-12-13
송파1동-078,1,서울특별시 송파구 백제고분로45길 3-22,서울특별시 송파구 송파1동 46-14,,,,,02-2147-3326,서울특별시 송파구청,2022-12-13
송파1동-079,1,서울특별시 송파구 백제고분로43길 3,서울특별시 송파구 송파1동 20-14,,,,,02-2147-3326,서울특별시 송파구청,2022-12-13
송파1동-080,1,서울특별시 송파구 백제고분로43길5,서울특별시 송파구 송파1동 20-13,,,,,02-2147-3326,서울특별시 송파구청,2022-12-13
송파1동-081,1,서울특별시 송파구 백제고분로41길 36-27,서울특별시 송파구 송파1동 36-1,,,,,02-2147-3326,서울특별시 송파구청,2022-12-13
송파1동-082,1,서울특별시 송파구 백제고분로41길 36-19,서울특별시 송파구 송파1동 29-3,,,,,02-2147-3326,서울특별시 송파구청,2022-12-13
송파1동-083,1,서울특별시 송파구 백제고분로41길 36-11,서울특별시 송파구 송파1동 29-11,,,,,02-2147-3326,서울특별시 송파구청,2022-12-13
송파1동-084,1,서울특별시 송파구 백제고분로41길 36-7,서울특별시 송파구 송파1동 29-9,,,,,02-2147-3326,서울특별시 송파구청,2022-12-13
송파1동-085,1,서울특별시 송파구 백제고분로41길 32,서울특별시 송파구 송파1동 28-14,,,,,02-2147-3326,서울특별시 송파구청,2022-12-13
송파1동-086,1,서울특별시 송파구 백제고분로41길 30,서울특별시 송파구 송파1동 27-12,,,,,02-2147-3326,서울특별시 송파구청,2022-12-13
송파1동-087,1,서울특별시 송파구 송파대로46길 20,서울특별시 송파구 송파1동 27-1,,,,,02-2147-3326,서울특별시 송파구청,2022-12-13
송파1동-088,1,서울특별시 송파구 송파대로46길 24,서울특별시 송파구 송파1동 27-2,,,,,02-2147-3326,서울특별시 송파구청,2022-12-13
송파1동-089,1,서울특별시 송파구 백제고분로41길36-29,서울특별시 송파구 송파1동 36-2,,,,,02-2147-3326,서울특별시 송파구청,2022-12-13
송파1동-090,1,서울특별시 송파구 백제고분로41길 26-18,서울특별시 송파구 송파1동 26-2,,,,,02-2147-3326,서울특별시 송파구청,2022-12-13
송파1동-091,1,서울특별시 송파구 백제고분로41길 26-9,서울특별시 송파구 송파1동 27-6,,,,,02-2147-3326,서울특별시 송파구청,2022-12-13
송파1동-092,1,서울특별시 송파구 백제고분로41길 26,서울특별시 송파구 송파1동 26,,,,,02-2147-3326,서울특별시 송파구청,2022-12-13
송파1동-093,1,서울특별시 송파구 백제고분로41길 28,서울특별시 송파구 송파1동 27-8,,,,,02-2147-3326,서울특별시 송파구청,2022-12-13
송파1동-094,1,서울특별시 송파구 백제고분로41길 24-1,서울특별시 송파구 송파1동 26-7,,,,,02-2147-3326,서울특별시 송파구청,2022-12-13
송파1동-095,1,서울특별시 송파구 백제고분로41길 24-12,서울특별시 송파구 송파1동 25-6,,,,,02-2147-3326,서울특별시 송파구청,2022-12-13
송파1동-096,1,서울특별시 송파구 백제고분로41길 24-13,서울특별시 송파구 송파1동 26-6,,,,,02-2147-3326,서울특별시 송파구청,2022-12-13
송파1동-097,1,서울특별시 송파구 백제고분로41길 24-21,서울특별시 송파구 송파1동 26-4,,,,,02-2147-3326,서울특별시 송파구청,2022-12-13
송파1동-098,1,서울특별시 송파구 백제고분로41길 36-34,서울특별시 송파구 송파1동 36-3,,,,,02-2147-3326,서울특별시 송파구청,2022-12-13
송파1동-099,1,서울특별시 송파구 백제고분로41길 6-64,서울특별시 송파구 송파1동 41,,,,,02-2147-3326,서울특별시 송파구청,2022-12-13
송파1동-100,1,서울특별시 송파구 백제고분로41길 6-60,서울특별시 송파구 송파1동 41-11,,,,,02-2147-3326,서울특별시 송파구청,2022-12-13
송파1동-101,1,서울특별시 송파구 백제고분로41길 20-16,서울특별시 송파구 송파1동 24-15,,,,,02-2147-3326,서울특별시 송파구청,2022-12-13
송파1동-102,1,서울특별시 송파구 백제고분로41길 20,서울특별시 송파구 송파1동 24,,,,,02-2147-3326,서울특별시 송파구청,2022-12-13
송파1동-103,1,서울특별시 송파구 백제고분로41길 18,서울특별시 송파구 송파1동 24-7,,,,,02-2147-3326,서울특별시 송파구청,2022-12-13
송파1동-104,1,서울특별시 송파구 백제고분로41길 6-50,서울특별시 송파구 송파1동 41-13,,,,,02-2147-3326,서울특별시 송파구청,2022-12-13
송파1동-105,1,서울특별시 송파구 백제고분로41길 12-19,서울특별시 송파구 송파1동 23-6,,,,,02-2147-3326,서울특별시 송파구청,2022-12-13
송파1동-106,1,서울특별시 송파구 백제고분로41길12-10,서울특별시 송파구 송파1동 23-9,,,,,02-2147-3326,서울특별시 송파구청,2022-12-13
송파1동-107,1,서울특별시 송파구 백제고분로41길 8,서울특별시 송파구 송파1동 21,,,,,02-2147-3326,서울특별시 송파구청,2022-12-13
송파1동-108,1,서울특별시 송파구 백제고분로41길 41,서울특별시 송파구 송파1동 8-3,,,,,02-2147-3326,서울특별시 송파구청,2022-12-13
송파1동-109,1,서울특별시 송파구 백제고분로41길 43-5,서울특별시 송파구 송파1동 8-2,,,,,02-2147-3326,서울특별시 송파구청,2022-12-13
송파1동-110,1,서울특별시 송파구 송파대로48길 2,서울특별시 송파구 송파1동 15,,,,,02-2147-3326,서울특별시 송파구청,2022-12-13
송파1동-111,1,서울특별시 송파구 송파대로48길 7,서울특별시 송파구 송파1동 8-13,,,,,02-2147-3326,서울특별시 송파구청,2022-12-13
송파1동-112,1,서울특별시 송파구 백제고분로41길 41,서울특별시 송파구 송파1동 8-3,,,,,02-2147-3326,서울특별시 송파구청,2022-12-13
송파1동-113,1,서울특별시 송파구 백제고분로41길 35-7,서울특별시 송파구 송파1동 10-13,,,,,02-2147-3326,서울특별시 송파구청,2022-12-13
송파1동-114,1,서울특별시 송파구 백제고분로41길 35-17,서울특별시 송파구 송파1동 10-9,,,,,02-2147-3326,서울특별시 송파구청,2022-12-13
송파1동-115,1,서울특별시 송파구 백제고분로41길 35-23,서울특별시 송파구 송파1동 10,,,,,02-2147-3326,서울특별시 송파구청,2022-12-13
송파1동-116,1,서울특별시 송파구 송파대로46길 3,서울특별시 송파구 송파1동 10,,,,,02-2147-3326,서울특별시 송파구청,2022-12-13
송파1동-117,1,서울특별시 송파구 송파대로46길 5-1,서울특별시 송파구 송파1동 10-15,,,,,02-2147-3326,서울특별시 송파구청,2022-12-13
송파1동-118,1,서울특별시 송파구 송파대로46길 7-1,서울특별시 송파구 송파1동 10-17,,,,,02-2147-3326,서울특별시 송파구청,2022-12-13
송파1동-119,1,서울특별시 송파구 백제고분로41길 33,서울특별시 송파구 송파1동 10-7,,,,,02-2147-3326,서울특별시 송파구청,2022-12-13
송파1동-120,1,서울특별시 송파구 백제고분로41길 12-2,서울특별시 송파구 송파1동 12-2,,,,,02-2147-3326,서울특별시 송파구청,2022-12-13
송파1동-121,1,서울특별시 송파구 백제고분로41길 27-20,서울특별시 송파구 송파1동 11-13,,,,,02-2147-3326,서울특별시 송파구청,2022-12-13
송파1동-122,1,서울특별시 송파구 백제고분로41길 27-24,서울특별시 송파구 송파1동 11-5,,,,,02-2147-3326,서울특별시 송파구청,2022-12-13
송파1동-123,1,서울특별시 송파구 송파대로 458,서울특별시 송파구 송파1동 15-3,,,,,02-2147-3326,서울특별시 송파구청,2022-12-13
송파1동-124,1,서울특별시 송파구 송파대로 456,서울특별시 송파구 송파1동 15-4,,,,,02-2147-3326,서울특별시 송파구청,2022-12-13
송파1동-125,1,서울특별시 송파구 송파대로 454,서울특별시 송파구 송파1동 15-9,,,,,02-2147-3326,서울특별시 송파구청,2022-12-13
송파1동-126,1,서울특별시 송파구 백제고분로41길 21-23,서울특별시 송파구 송파1동 13-19,,,,,02-2147-3326,서울특별시 송파구청,2022-12-13
송파1동-127,1,서울특별시 송파구 백제고분로41길 21-17,서울특별시 송파구 송파1동 13-1,,,,,02-2147-3326,서울특별시 송파구청,2022-12-13
송파1동-128,1,서울특별시 송파구 백제고분로41길 21-11,서울특별시 송파구 송파1동 13-3,,,,,02-2147-3326,서울특별시 송파구청,2022-12-13
송파1동-129,1,서울특별시 송파구 백제고분로41길 21,서울특별시 송파구 송파1동 13-18,,,,,02-2147-3326,서울특별시 송파구청,2022-12-13
송파1동-130,1,서울특별시 송파구 백제고분로41길 19-5,서울특별시 송파구 송파1동 14-6,,,,,02-2147-3326,서울특별시 송파구청,2022-12-13
송파1동-131,1,서울특별시 송파구 백제고분로41길 19-13,서울특별시 송파구 송파1동 14-9,,,,,02-2147-3326,서울특별시 송파구청,2022-12-13
송파1동-132,1,서울특별시 송파구 백제고분로41길 19-19,서울특별시 송파구 송파1동 14-1,,,,,02-2147-3326,서울특별시 송파구청,2022-12-13
송파1동-133,1,서울특별시 송파구 백제고분로41길 19-21,서울특별시 송파구 송파1동 14-19,,,,,02-2147-3326,서울특별시 송파구청,2022-12-13
송파1동-134,1,서울특별시 송파구 백제고분로41길 19-26,서울특별시 송파구 송파1동 13-16,,,,,02-2147-3326,서울특별시 송파구청,2022-12-13
송파1동-135,1,서울특별시 송파구 송파대로44길 3,서울특별시 송파구 송파1동 14-5,,,,,02-2147-3326,서울특별시 송파구청,2022-12-13
송파1동-136,1,서울특별시 송파구 송파대로44길 3,서울특별시 송파구 송파1동 14-5,,,,,02-2147-3326,서울특별시 송파구청,2022-12-13
송파1동-137,1,서울특별시 송파구 송파대로44길 7-1,서울특별시 송파구 송파1동 14-12,,,,,02-2147-3326,서울특별시 송파구청,2022-12-13
송파1동-138,1,서울특별시 송파구 송파대로44길 11-1,서울특별시 송파구 송파1동 14-15,,,,,02-2147-3326,서울특별시 송파구청,2022-12-13
송파1동-139,1,서울특별시 송파구 송파대로 442,서울특별시 송파구 송파1동 19-1,,,,,02-2147-3326,서울특별시 송파구청,2022-12-13
송파1동-140,1,서울특별시 송파구 송파대로 438,서울특별시 송파구 송파1동 19-2,,,,,02-2147-3326,서울특별시 송파구청,2022-12-13
송파1동-141,1,서울특별시 송파구 백제고분로41길 9,서울특별시 송파구 송파1동 17-10,,,,,02-2147-3326,서울특별시 송파구청,2022-12-13
송파1동-142,1,서울특별시 송파구 백제고분로41길 7,서울특별시 송파구 송파1동 18,,,,,02-2147-3326,서울특별시 송파구청,2022-12-13
송파1동-143,1,서울특별시 송파구 백제고분로41길 5,서울특별시 송파구 송파1동 18-4,,,,,02-2147-3326,서울특별시 송파구청,2022-12-13
송파1동-144,1,서울특별시 송파구 백제고분로41길5-6,서울특별시 송파구 송파1동 19-8,,,,,02-2147-3326,서울특별시 송파구청,2022-12-13
송파1동-145,1,서울특별시 송파구 백제고분로41길5-16,서울특별시 송파구 송파1동 19-6,,,,,02-2147-3326,서울특별시 송파구청,2022-12-13
송파1동-146,1,서울특별시 송파구 오금로20길 3,서울특별시 송파구 송파1동 141-6,,,,,02-2147-3326,서울특별시 송파구청,2022-12-13
송파1동-147,1,서울특별시 송파구 오금로20길 4-6,서울특별시 송파구 송파1동 135-10,,,,,02-2147-3326,서울특별시 송파구청,2022-12-13
송파1동-148,1,서울특별시 송파구 오금로20길 4-10,서울특별시 송파구 송파1동 135-11,,,,,02-2147-3326,서울특별시 송파구청,2022-12-13
송파1동-149,1,서울특별시 송파구 백제고분로46길 3-20,서울특별시 송파구 송파1동 136-19,,,,,02-2147-3326,서울특별시 송파구청,2022-12-13
송파1동-150,1,서울특별시 송파구 백제고분로46길 3-12,서울특별시 송파구 송파1동 136-22,,,,,02-2147-3326,서울특별시 송파구청,2022-12-13
송파1동-151,1,서울특별시 송파구 백제고분로46길 3-6,서울특별시 송파구 송파1동 136-7,,,,,02-2147-3326,서울특별시 송파구청,2022-12-13
송파1동-152,1,서울특별시 송파구 백제고분로46길 7,서울특별시 송파구 송파1동 136-9,,,,,02-2147-3326,서울특별시 송파구청,2022-12-13
송파1동-153,1,서울특별시 송파구 가락로31길 40,서울특별시 송파구 송파1동 136-3,,,,,02-2147-3326,서울특별시 송파구청,2022-12-13
송파1동-154,1,서울특별시 송파구 가락로31길 33,서울특별시 송파구 송파1동 139,,,,,02-2147-3326,서울특별시 송파구청,2022-12-13
송파1동-155,1,서울특별시 송파구 오금로22길 26,서울특별시 송파구 송파1동 139-12,,,,,02-2147-3326,서울특별시 송파구청,2022-12-13
송파1동-156,1,서울특별시 송파구 오금로20길 13,서울특별시 송파구 송파1동 138,,,,,02-2147-3326,서울특별시 송파구청,2022-12-13
송파1동-157,1,서울특별시 송파구 백제고분로46길 25-1,서울특별시 송파구 송파1동 144-1,,,,,02-2147-3326,서울특별시 송파구청,2022-12-13
송파1동-158,1,서울특별시 송파구 오금로22길 13,서울특별시 송파구 송파1동 144,,,,,02-2147-3326,서울특별시 송파구청,2022-12-13
송파1동-159,1,서울특별시 송파구 오금로22길 17,서울특별시 송파구 송파1동 138-3,,,,,02-2147-3326,서울특별시 송파구청,2022-12-13
송파1동-160,1,서울특별시 송파구 오금로22길 23,서울특별시 송파구 송파1동 138-1,,,,,02-2147-3326,서울특별시 송파구청,2022-12-13
송파1동-161,1,서울특별시 송파구 가락로31길 32,서울특별시 송파구 송파1동 141-24,,,,,02-2147-3326,서울특별시 송파구청,2022-12-13
송파1동-162,1,서울특별시 송파구 가락로31길 28-1,서울특별시 송파구 송파1동 141-20,,,,,02-2147-3326,서울특별시 송파구청,2022-12-13
송파1동-163,1,서울특별시 송파구 가락로31길 28,서울특별시 송파구 송파1동 141-18,,,,,02-2147-3326,서울특별시 송파구청,2022-12-13
송파1동-164,1,서울특별시 송파구 가락로31길 24-1,서울특별시 송파구 송파1동 141-4,,,,,02-2147-3326,서울특별시 송파구청,2022-12-13
송파1동-165,1,서울특별시 송파구 가락로31길 18,서울특별시 송파구 송파1동 141-29,,,,,02-2147-3326,서울특별시 송파구청,2022-12-13
송파1동-166,1,서울특별시 송파구 가락로31길 18,서울특별시 송파구 송파1동 141-29,,,,,02-2147-3326,서울특별시 송파구청,2022-12-13
송파1동-167,1,서울특별시 송파구 가락로31길 18,서울특별시 송파구 송파1동 141-29,,,,,02-2147-3326,서울특별시 송파구청,2022-12-13
송파1동-168,1,서울특별시 송파구 오금로22길 6,서울특별시 송파구 송파1동 139-5,,,,,02-2147-3326,서울특별시 송파구청,2022-12-13
송파1동-169,1,서울특별시 송파구 오금로22길 7-1,서울특별시 송파구 송파1동 144-14,,,,,02-2147-3326,서울특별시 송파구청,2022-12-13
송파1동-170,1,서울특별시 송파구 오금로22길 14,서울특별시 송파구 송파1동 139-6,,,,,02-2147-3326,서울특별시 송파구청,2022-12-13
송파1동-171,1,서울특별시 송파구 백제고분로46길 31-18,서울특별시 송파구 송파1동 145,,,,,02-2147-3326,서울특별시 송파구청,2022-12-13
송파1동-172,1,서울특별시 송파구 백제고분로46길 41-6,서울특별시 송파구 송파1동 143-5,,,,,02-2147-3326,서울특별시 송파구청,2022-12-13
송파1동-173,1,서울특별시 송파구 백제고분로46길41-8,서울특별시 송파구 송파1동 143,,,,,02-2147-3326,서울특별시 송파구청,2022-12-13
송파1동-174,1,서울특별시 송파구 가락로31길 3,서울특별시 송파구 송파1동 143-1,,,,,02-2147-3326,서울특별시 송파구청,2022-12-13
송파1동-175,1,서울특별시 송파구 가락로31길 4,서울특별시 송파구 송파1동 142-18,,,,,02-2147-3326,서울특별시 송파구청,2022-12-13
송파1동-176,1,서울특별시 송파구 가락로31길 8-1,서울특별시 송파구 송파1동 142-15,,,,,02-2147-3326,서울특별시 송파구청,2022-12-13
송파1동-177,1,서울특별시 송파구 백제고분로46길 4,서울특별시 송파구 송파1동 133,,,,,02-2147-3326,서울특별시 송파구청,2022-12-13
송파1동-178,1,서울특별시 송파구 백제고분로46길 4-9,서울특별시 송파구 송파1동 133-1,,,,,02-2147-3326,서울특별시 송파구청,2022-12-13
송파1동-179,1,서울특별시 송파구 백제고분로46길 4-13,서울특별시 송파구 송파1동 133-2,,,,,02-2147-3326,서울특별시 송파구청,2022-12-13
송파1동-180,1,서울특별시 송파구 백제고분로44길3,서울특별시 송파구 송파1동 114,,,,,02-2147-3326,서울특별시 송파구청,2022-12-13
송파1동-181,1,서울특별시 송파구 백제고분로 400,서울특별시 송파구 송파1동 114,,,,,02-2147-3326,서울특별시 송파구청,2022-12-13
송파1동-182,1,서울특별시 송파구 백제고분로 46길 26-44,서울특별시 송파구 송파1동 133-17,,,,,02-2147-3326,서울특별시 송파구청,2022-12-13
송파1동-183,1,서울특별시 송파구 백제고분로 46길 26-47,서울특별시 송파구 송파1동 130-1,,,,,02-2147-3326,서울특별시 송파구청,2022-12-13
송파1동-184,1,서울특별시 송파구 송파대로42길 47-1,서울특별시 송파구 송파1동 132-2,,,,,02-2147-3326,서울특별시 송파구청,2022-12-13
송파1동-185,1,서울특별시 송파구 백제고분로44길 9,서울특별시 송파구 송파1동 132-16,,,,,02-2147-3326,서울특별시 송파구청,2022-12-13
송파1동-186,1,서울특별시 송파구 백제고분로 400,서울특별시 송파구 송파1동 114,,,,,02-2147-3326,서울특별시 송파구청,2022-12-13
송파1동-187,1,서울특별시 송파구 백제고분로46길 26-36,서울특별시 송파구 송파1동 131-20,,,,,02-2147-3326,서울특별시 송파구청,2022-12-13
송파1동-188,1,서울특별시 송파구 백제고분로46길 26-30,서울특별시 송파구 송파1동 131-23,,,,,02-2147-3326,서울특별시 송파구청,2022-12-13
송파1동-189,1,서울특별시 송파구 백제고분로46길 26-20,서울특별시 송파구 송파1동 131-14,,,,,02-2147-3326,서울특별시 송파구청,2022-12-13
송파1동-190,1,서울특별시 송파구 백제고분로46길 26-7,서울특별시 송파구 송파1동 128-8,,,,,02-2147-3326,서울특별시 송파구청,2022-12-13
송파1동-191,1,서울특별시 송파구 백제고분로44길 13-35,서울특별시 송파구 송파1동 128-13,,,,,02-2147-3326,서울특별시 송파구청,2022-12-13
송파1동-192,1,서울특별시 송파구 백제고분로44길 13-25,서울특별시 송파구 송파1동 128,,,,,02-2147-3326,서울특별시 송파구청,2022-12-13
송파1동-193,1,서울특별시 송파구 백제고분로44길13-28,서울특별시 송파구 송파1동 128,,,,,02-2147-3326,서울특별시 송파구청,2022-12-13
송파1동-194,1,서울특별시 송파구 백제고분로44길 13-25,서울특별시 송파구 송파1동 128,,,,,02-2147-3326,서울특별시 송파구청,2022-12-13
송파1동-195,1,서울특별시 송파구 백제고분로44길 129,서울특별시 송파구 송파1동 129,,,,,02-2147-3326,서울특별시 송파구청,2022-12-13
송파1동-196,1,서울특별시 송파구 백제고분로44길 13-11,서울특별시 송파구 송파1동 130-7,,,,,02-2147-3326,서울특별시 송파구청,2022-12-13
송파1동-197,1,서울특별시 송파구 백제고분로44길 17,서울특별시 송파구 송파1동 118-35,,,,,02-2147-3326,서울특별시 송파구청,2022-12-13
송파1동-198,1,서울특별시 송파구 백제고분로44길 13,서울특별시 송파구 송파1동 130-2,,,,,02-2147-3326,서울특별시 송파구청,2022-12-13
송파1동-199,1,서울특별시 송파구 백제고분로44길 18,서울특별시 송파구 송파1동 117-3,,,,,02-2147-3326,서울특별시 송파구청,2022-12-13
송파1동-200,1,서울특별시 송파구 백제고분로44길 22,서울특별시 송파구 송파1동 117-5,,,,,02-2147-3326,서울특별시 송파구청,2022-12-13
송파1동-201,1,서울특별시 송파구 백제고분로44길 26,서울특별시 송파구 송파1동 177-7,,,,,02-2147-3326,서울특별시 송파구청,2022-12-13
송파1동-202,1,서울특별시 송파구 백제고분로44길 25-1,서울특별시 송파구 송파1동 118-24,,,,,02-2147-3326,서울특별시 송파구청,2022-12-13
송파1동-203,1,서울특별시 송파구 백제고분로44길 25-6,서울특별시 송파구 송파1동 118-25,,,,,02-2147-3326,서울특별시 송파구청,2022-12-13
송파1동-204,1,서울특별시 송파구 백제고분로44길 13-36,서울특별시 송파구 송파1동 118-7,,,,,02-2147-3326,서울특별시 송파구청,2022-12-13
송파1동-205,1,서울특별시 송파구 백제고분로44길32,서울특별시 송파구 송파1동 117-36,,,,,02-2147-3326,서울특별시 송파구청,2022-12-13
송파1동-206,1,서울특별시 송파구 백제고분로44길38,서울특별시 송파구 송파1동 117-11,,,,,02-2147-3326,서울특별시 송파구청,2022-12-13
송파1동-207,1,서울특별시 송파구 백제고분로44길 187,서울특별시 송파구 송파1동 119,,,,,02-2147-3326,서울특별시 송파구청,2022-12-13
송파1동-208,1,서울특별시 송파구 백제고분로44길 187,서울특별시 송파구 송파1동 119,,,,,02-2147-3326,서울특별시 송파구청,2022-12-13
송파1동-209,1,서울특별시 송파구 백제고분로44길 187,서울특별시 송파구 송파1동 119,,,,,02-2147-3326,서울특별시 송파구청,2022-12-13
송파1동-210,1,서울특별시 송파구 가락로 167,서울특별시 송파구 송파1동 122-9,,,,,02-2147-3326,서울특별시 송파구청,2022-12-13
송파1동-211,1,서울특별시 송파구 가락로23길 3,서울특별시 송파구 송파1동 106-17,,,,,02-2147-3326,서울특별시 송파구청,2022-12-13
송파1동-212,1,서울특별시 송파구 가락로23길 5,서울특별시 송파구 송파1동 106-19,,,,,02-2147-3326,서울특별시 송파구청,2022-12-13
송파1동-213,1,서울특별시 송파구 가락로23길 106,서울특별시 송파구 송파1동 106,,,,,02-2147-3326,서울특별시 송파구청,2022-12-13
송파1동-214,1,서울특별시 송파구 가락로23길 106,서울특별시 송파구 송파1동 106,,,,,02-2147-3326,서울특별시 송파구청,2022-12-13
송파1동-215,1,서울특별시 송파구 가락로23길 106,서울특별시 송파구 송파1동 106,,,,,02-2147-3326,서울특별시 송파구청,2022-12-13
송파1동-216,1,서울특별시 송파구 가락로23길14-9,서울특별시 송파구 송파1동 107,,,,,02-2147-3326,서울특별시 송파구청,2022-12-13
송파1동-217,1,서울특별시 송파구 가락로23길,서울특별시 송파구 송파1동 106,,,,,02-2147-3326,서울특별시 송파구청,2022-12-13
송파1동-218,1,서울특별시 송파구 가락로23길,서울특별시 송파구 송파1동 106,,,,,02-2147-3326,서울특별시 송파구청,2022-12-13
송파1동-219,1,서울특별시 송파구 가락로23길 35-6,서울특별시 송파구 송파1동 106-3,,,,,02-2147-3326,서울특별시 송파구청,2022-12-13
송파1동-220,1,서울특별시 송파구 가락로23길 16,서울특별시 송파구 송파1동 110-22,,,,,02-2147-3326,서울특별시 송파구청,2022-12-13
송파1동-221,1,서울특별시 송파구 가락로23길16,서울특별시 송파구 송파1동 108-22,,,,,02-2147-3326,서울특별시 송파구청,2022-12-13
송파1동-222,1,서울특별시 송파구 가락로23길 24,서울특별시 송파구 송파1동 109-3,,,,,02-2147-3326,서울특별시 송파구청,2022-12-13
송파1동-223,1,서울특별시 송파구 가락로21길 38,서울특별시 송파구 송파1동 109,,,,,02-2147-3326,서울특별시 송파구청,2022-12-13
송파1동-224,1,서울특별시 송파구 가락로23길 16-5,서울특별시 송파구 송파1동 109-8,,,,,02-2147-3326,서울특별시 송파구청,2022-12-13
송파1동-225,1,서울특별시 송파구 가락로21길 41,서울특별시 송파구 송파1동 111-38,,,,,02-2147-3326,서울특별시 송파구청,2022-12-13
송파1동-226,1,서울특별시 송파구 가락로21길 39,서울특별시 송파구 송파1동 111-8,,,,,02-2147-3326,서울특별시 송파구청,2022-12-13
송파1동-227,1,서울특별시 송파구 가락로21길 35,서울특별시 송파구 송파1동 111-9,,,,,02-2147-3326,서울특별시 송파구청,2022-12-13
송파1동-228,1,서울특별시 송파구 가락로21길 44,서울특별시 송파구 송파1동 110-1,,,,,02-2147-3326,서울특별시 송파구청,2022-12-13
송파1동-229,1,서울특별시 송파구 가락로23길14-39,서울특별시 송파구 송파1동 117-25,,,,,02-2147-3326,서울특별시 송파구청,2022-12-13
송파1동-230,1,서울특별시 송파구 가락로23길 14-37,서울특별시 송파구 송파1동 110-5,,,,,02-2147-3326,서울특별시 송파구청,2022-12-13
송파1동-231,1,서울특별시 송파구 가락로23길 14-36,서울특별시 송파구 송파1동 117-23,,,,,02-2147-3326,서울특별시 송파구청,2022-12-13
송파1동-232,1,서울특별시 송파구 가락로23길 14-2,서울특별시 송파구 송파1동 117-21,,,,,02-2147-3326,서울특별시 송파구청,2022-12-13
송파1동-233,1,서울특별시 송파구 가락로23길 107,서울특별시 송파구 송파1동 107,,,,,02-2147-3326,서울특별시 송파구청,2022-12-13
송파1동-234,1,서울특별시 송파구 가락로23길 14-26,서울특별시 송파구 송파1동 117-20,,,,,02-2147-3326,서울특별시 송파구청,2022-12-13
송파1동-235,1,서울특별시 송파구 백제고분로 400,서울특별시 송파구 송파1동 144,,,,,02-2147-3326,서울특별시 송파구청,2022-12-13
송파1동-236,1,서울특별시 송파구 가락로21길 64,서울특별시 송파구 송파1동 117-33,,,,,02-2147-3326,서울특별시 송파구청,2022-12-13
송파1동-237,1,서울특별시 송파구 가락로21길 62,서울특별시 송파구 송파1동 117-32,,,,,02-2147-3326,서울특별시 송파구청,2022-12-13
송파1동-238,1,서울특별시 송파구 가락로21길 62,서울특별시 송파구 송파1동 117-30,,,,,02-2147-3326,서울특별시 송파구청,2022-12-13
송파1동-239,1,서울특별시 송파구 가락로21길 56,서울특별시 송파구 송파1동 117-28,,,,,02-2147-3326,서울특별시 송파구청,2022-12-13
송파1동-240,1,서울특별시 송파구 가락로21길 53,서울특별시 송파구 송파1동 116-3,,,,,02-2147-3326,서울특별시 송파구청,2022-12-13
송파1동-241,1,서울특별시 송파구 송파대로42길 38-12,서울특별시 송파구 송파1동 116-6,,,,,02-2147-3326,서울특별시 송파구청,2022-12-13
송파1동-242,1,서울특별시 송파구 송파대로42길 38-7,서울특별시 송파구 송파1동 116-8,,,,,02-2147-3326,서울특별시 송파구청,2022-12-13
송파1동-243,1,서울특별시 송파구 송파대로42길 38-5,서울특별시 송파구 송파1동 116-11,,,,,02-2147-3326,서울특별시 송파구청,2022-12-13
송파1동-244,1,서울특별시 송파구 백제고분로 400,서울특별시 송파구 송파1동 114,,,,,02-2147-3326,서울특별시 송파구청,2022-12-13
송파1동-245,1,서울특별시 송파구 백제고분로 400,서울특별시 송파구 송파1동 114,,,,,02-2147-3326,서울특별시 송파구청,2022-12-13
송파1동-246,1,서울특별시 송파구 송파대로42길 36,서울특별시 송파구 송파1동 115-8,,,,,02-2147-3326,서울특별시 송파구청,2022-12-13
송파1동-247,1,서울특별시 송파구 송파대로42길 34-3,서울특별시 송파구 송파1동 115-14,,,,,02-2147-3326,서울특별시 송파구청,2022-12-13
송파1동-248,1,서울특별시 송파구 송파대로42길 34-11,서울특별시 송파구 송파1동 115-6,,,,,02-2147-3326,서울특별시 송파구청,2022-12-13
송파1동-249,1,서울특별시 송파구 송파대로42길 34-18,서울특별시 송파구 송파1동 111-4,,,,,02-2147-3326,서울특별시 송파구청,2022-12-13
송파1동-250,1,서울특별시 송파구 가락로21길 49,서울특별시 송파구 송파1동 115-9,,,,,02-2147-3326,서울특별시 송파구청,2022-12-13
송파1동-251,1,서울특별시 송파구 가락로21길 47,서울특별시 송파구 송파1동 111-5,,,,,02-2147-3326,서울특별시 송파구청,2022-12-13
송파1동-252,1,서울특별시 송파구 가락로21길 48,서울특별시 송파구 송파1동 117-41,,,,,02-2147-3326,서울특별시 송파구청,2022-12-13
송파1동-253,1,서울특별시 송파구 백제고분로 400,서울특별시 송파구 송파1동 114,,,,,02-2147-3326,서울특별시 송파구청,2022-12-13
송파1동-254,1,서울특별시 송파구 송파대로42길 29,서울특별시 송파구 송파1동 113,,,,,02-2147-3326,서울특별시 송파구청,2022-12-13
송파1동-255,1,서울특별시 송파구 송파대로42길 29,서울특별시 송파구 송파1동 113,,,,,02-2147-3326,서울특별시 송파구청,2022-12-13
송파1동-256,1,서울특별시 송파구 송파대로42길 5,서울특별시 송파구 송파1동 113,,,,,02-2147-3326,서울특별시 송파구청,2022-12-13
송파1동-257,1,서울특별시 송파구 백제고분로42길 13-7,서울특별시 송파구 송파1동 111-25,,,,,02-2147-3326,서울특별시 송파구청,2022-12-13
송파1동-258,1,서울특별시 송파구 백제고분로42길 13-13,서울특별시 송파구 송파1동 111-22,,,,,02-2147-3326,서울특별시 송파구청,2022-12-13
송파1동-259,1,서울특별시 송파구 백제고분로42길 13-17,서울특별시 송파구 송파1동 111-30,,,,,02-2147-3326,서울특별시 송파구청,2022-12-13
송파1동-260,1,서울특별시 송파구 백제고분로42길 13-24,서울특별시 송파구 송파1동 112-1,,,,,02-2147-3326,서울특별시 송파구청,2022-12-13
송파1동-261,1,서울특별시 송파구 백제고분로42길 17-22,서울특별시 송파구 송파1동 111-45,,,,,02-2147-3326,서울특별시 송파구청,2022-12-13
송파1동-262,1,서울특별시 송파구 백제고분로42길 17-22,서울특별시 송파구 송파1동 111-45,,,,,02-2147-3326,서울특별시 송파구청,2022-12-13
송파1동-263,1,서울특별시 송파구 백제고분로42길 17-15,서울특별시 송파구 송파1동 112-2,,,,,02-2147-3326,서울특별시 송파구청,2022-12-13
송파1동-264,1,서울특별시 송파구 백제고분로42길 17-7,서울특별시 송파구 송파1동 112-12,,,,,02-2147-3326,서울특별시 송파구청,2022-12-13
송파1동-265,1,서울특별시 송파구 백제고분로 386,서울특별시 송파구 송파1동 84-1,,,,,02-2147-3326,서울특별시 송파구청,2022-12-13
송파1동-266,1,서울특별시 송파구 백제고분로 384,서울특별시 송파구 송파1동 84-2,,,,,02-2147-3326,서울특별시 송파구청,2022-12-13
송파1동-267,1,서울특별시 송파구 백제고분로 382,서울특별시 송파구 송파1동 84-4,,,,,02-2147-3326,서울특별시 송파구청,2022-12-13
송파1동-268,1,서울특별시 송파구 송파대로 422,서울특별시 송파구 송파1동 84-7,,,,,02-2147-3326,서울특별시 송파구청,2022-12-13
송파1동-269,1,서울특별시 송파구 송파대로 422,서울특별시 송파구 송파1동 84-7,,,,,02-2147-3326,서울특별시 송파구청,2022-12-13
송파1동-270,1,서울특별시 송파구 송파대로 422,서울특별시 송파구 송파1동 84-7,,,,,02-2147-3326,서울특별시 송파구청,2022-12-13
송파1동-271,1,서울특별시 송파구 백제고분로42길 6-28,서울특별시 송파구 송파1동 85-15,,,,,02-2147-3326,서울특별시 송파구청,2022-12-13
송파1동-272,1,서울특별시 송파구 백제고분로42길 6-24,서울특별시 송파구 송파1동 85-19,,,,,02-2147-3326,서울특별시 송파구청,2022-12-13
송파1동-273,1,서울특별시 송파구 백제고분로42길 6-18,서울특별시 송파구 송파1동 85-18,,,,,02-2147-3326,서울특별시 송파구청,2022-12-13
송파1동-274,1,서울특별시 송파구 백제고분로42길 6-10,서울특별시 송파구 송파1동 85-17,,,,,02-2147-3326,서울특별시 송파구청,2022-12-13
송파1동-275,1,서울특별시 송파구 백제고분로42길 6-4,서울특별시 송파구 송파1동 85-10,,,,,02-2147-3326,서울특별시 송파구청,2022-12-13
송파1동-276,1,서울특별시 송파구 백제고분로42길 6,서울특별시 송파구 송파1동 85-11,,,,,02-2147-3326,서울특별시 송파구청,2022-12-13
송파1동-277,1,서울특별시 송파구 백제고분로42길 8,서울특별시 송파구 송파1동 86,,,,,02-2147-3326,서울특별시 송파구청,2022-12-13
송파1동-278,1,서울특별시 송파구 백제고분로42길 10,서울특별시 송파구 송파1동 86-10,,,,,02-2147-3326,서울특별시 송파구청,2022-12-13
송파1동-279,1,서울특별시 송파구 송파대로42길 15,서울특별시 송파구 송파1동 86-11,,,,,02-2147-3326,서울특별시 송파구청,2022-12-13
송파1동-280,1,서울특별시 송파구 송파대로42길 9-1,서울특별시 송파구 송파1동 86-13,,,,,02-2147-3326,서울특별시 송파구청,2022-12-13
송파1동-281,1,서울특별시 송파구 송파대로42길 5-1,서울특별시 송파구 송파1동 86-17,,,,,02-2147-3326,서울특별시 송파구청,2022-12-13
송파1동-282,1,서울특별시 송파구 송파대로42길 422,서울특별시 송파구 송파1동 84-7,,,,,02-2147-3326,서울특별시 송파구청,2022-12-13
송파1동-283,1,서울특별시 송파구 송파대로42길 414,서울특별시 송파구 송파1동 89-10,,,,,02-2147-3326,서울특별시 송파구청,2022-12-13
송파1동-284,1,서울특별시 송파구 백제고분로42길 4-27,서울특별시 송파구 송파1동 88-4,,,,,02-2147-3326,서울특별시 송파구청,2022-12-13
송파1동-285,1,서울특별시 송파구 백제고분로42길 14-29,서울특별시 송파구 송파1동 88-21,,,,,02-2147-3326,서울특별시 송파구청,2022-12-13
송파1동-286,1,서울특별시 송파구 백제고분로42길 14-15,서울특별시 송파구 송파1동 88-2,,,,,02-2147-3326,서울특별시 송파구청,2022-12-13
송파1동-287,1,서울특별시 송파구 백제고분로42길 14-7,서울특별시 송파구 송파1동 88-24,,,,,02-2147-3326,서울특별시 송파구청,2022-12-13
송파1동-288,1,서울특별시 송파구 백제고분로42길 16,서울특별시 송파구 송파1동 88,,,,,02-2147-3326,서울특별시 송파구청,2022-12-13
송파1동-289,1,서울특별시 송파구 백제고분로42길 20,서울특별시 송파구 송파1동 91,,,,,02-2147-3326,서울특별시 송파구청,2022-12-13
송파1동-290,1,서울특별시 송파구 백제고분로42길 20,서울특별시 송파구 송파1동 91,,,,,02-2147-3326,서울특별시 송파구청,2022-12-13
송파1동-291,1,서울특별시 송파구 백제고분로42길18-9,서울특별시 송파구 송파1동 91-2,,,,,02-2147-3326,서울특별시 송파구청,2022-12-13
송파1동-292,1,서울특별시 송파구 백제고분로42길 18-17,서울특별시 송파구 송파1동 91-4,,,,,02-2147-3326,서울특별시 송파구청,2022-12-13
송파1동-293,1,서울특별시 송파구 송파대로40길 17-19,서울특별시 송파구 송파1동 90-19,,,,,02-2147-3326,서울특별시 송파구청,2022-12-13
송파1동-294,1,서울특별시 송파구 송파대로40길 17-19,서울특별시 송파구 송파1동 90-19,,,,,02-2147-3326,서울특별시 송파구청,2022-12-13
송파1동-295,1,서울특별시 송파구 송파대로40길7-16,서울특별시 송파구 송파1동 91-7,,,,,02-2147-3326,서울특별시 송파구청,2022-12-13
송파1동-296,1,서울특별시 송파구 송파대로40길 7-10,서울특별시 송파구 송파1동 91-19,,,,,02-2147-3326,서울특별시 송파구청,2022-12-13
송파1동-297,1,서울특별시 송파구 송파대로40길 9,서울특별시 송파구 송파1동 91-16,,,,,02-2147-3326,서울특별시 송파구청,2022-12-13
송파1동-298,1,서울특별시 송파구 송파대로40길 9,서울특별시 송파구 송파1동 91-16,,,,,02-2147-3326,서울특별시 송파구청,2022-12-13
송파1동-299,1,서울특별시 송파구 송파대로40길 5,서울특별시 송파구 송파1동 90-12,,,,,02-2147-3326,서울특별시 송파구청,2022-12-13
송파1동-300,1,서울특별시 송파구 송파대로40길 3-6,서울특별시 송파구 송파1동 90-13,,,,,02-2147-3326,서울특별시 송파구청,2022-12-13
송파1동-301,1,서울특별시 송파구 송파대로40길 3-6,서울특별시 송파구 송파1동 90-13,,,,,02-2147-3326,서울특별시 송파구청,2022-12-13
송파1동-302,1,서울특별시 송파구 송파대로40길 3-16,서울특별시 송파구 송파1동 90-16,,,,,02-2147-3326,서울특별시 송파구청,2022-12-13
송파1동-303,1,서울특별시 송파구 송파대로40길 3-20,서울특별시 송파구 송파1동 90-18,,,,,02-2147-3326,서울특별시 송파구청,2022-12-13
송파1동-304,1,서울특별시 송파구 송파대로40길 1-10,서울특별시 송파구 송파1동 89-5,,,,,02-2147-3326,서울특별시 송파구청,2022-12-13
송파1동-305,1,서울특별시 송파구 송파대로 404-1,서울특별시 송파구 송파1동 89-6,,,,,02-2147-3326,서울특별시 송파구청,2022-12-13
송파1동-306,1,서울특별시 송파구 송파대로 398,서울특별시 송파구 송파1동 96,,,,,02-2147-3326,서울특별시 송파구청,2022-12-13
송파1동-307,1,서울특별시 송파구 백제고분로42길 24,서울특별시 송파구 송파1동 93,,,,,02-2147-3326,서울특별시 송파구청,2022-12-13
송파1동-308,1,서울특별시 송파구 백제고분로42길 24,서울특별시 송파구 송파1동 93,,,,,02-2147-3326,서울특별시 송파구청,2022-12-13
송파1동-309,1,서울특별시 송파구 백제고분로42길 26,서울특별시 송파구 송파1동 93-1,,,,,02-2147-3326,서울특별시 송파구청,2022-12-13
송파1동-310,1,서울특별시 송파구 백제고분로42길 30,서울특별시 송파구 송파1동 93-4,,,,,02-2147-3326,서울특별시 송파구청,2022-12-13
송파1동-311,1,서울특별시 송파구 백제고분로42길 32,서울특별시 송파구 송파1동 93-5,,,,,02-2147-3326,서울특별시 송파구청,2022-12-13
송파1동-312,1,서울특별시 송파구 백제고분로42길 34,서울특별시 송파구 송파1동 94-27,,,,,02-2147-3326,서울특별시 송파구청,2022-12-13
송파1동-313,1,서울특별시 송파구 백제고분로42길 38,서울특별시 송파구 송파1동 94-25,,,,,02-2147-3326,서울특별시 송파구청,2022-12-13
송파1동-314,1,서울특별시 송파구 백제고분로42길 42,서울특별시 송파구 송파1동 94-23,,,,,02-2147-3326,서울특별시 송파구청,2022-12-13
송파1동-315,1,서울특별시 송파구 가락로21길 4-8,서울특별시 송파구 송파1동 94-22,,,,,02-2147-3326,서울특별시 송파구청,2022-12-13
송파1동-316,1,서울특별시 송파구 가락로21길 1,서울특별시 송파구 송파1동 95-53,,,,,02-2147-3326,서울특별시 송파구청,2022-12-13
송파1동-317,1,서울특별시 송파구 가락로21길 5,서울특별시 송파구 송파1동 95-50,,,,,02-2147-3326,서울특별시 송파구청,2022-12-13
송파1동-318,1,서울특별시 송파구 가락로21길 7-1,서울특별시 송파구 송파1동 95-48,,,,,02-2147-3326,서울특별시 송파구청,2022-12-13
송파1동-319,1,서울특별시 송파구 가락로21길 4-8,서울특별시 송파구 송파1동 94-22,,,,,02-2147-3326,서울특별시 송파구청,2022-12-13
송파1동-320,1,서울특별시 송파구 가락로21길4-10,서울특별시 송파구 송파1동 94-21,,,,,02-2147-3326,서울특별시 송파구청,2022-12-13
송파1동-321,1,서울특별시 송파구 가락로21길 4-12,서울특별시 송파구 송파1동 94-34,,,,,02-2147-3326,서울특별시 송파구청,2022-12-13
송파1동-322,1,서울특별시 송파구 가락로21길 4-45,서울특별시 송파구 송파1동 92-9,,,,,02-2147-3326,서울특별시 송파구청,2022-12-13
송파1동-323,1,서울특별시 송파구 가락로21길 4-36,서울특별시 송파구 송파1동 93-9,,,,,02-2147-3326,서울특별시 송파구청,2022-12-13
송파1동-324,1,서울특별시 송파구 가락로21길 26,서울특별시 송파구 송파1동 93-16,,,,,02-2147-3326,서울특별시 송파구청,2022-12-13
송파1동-325,1,서울특별시 송파구 가락로21길 30,서울특별시 송파구 송파1동 94-14,,,,,02-2147-3326,서울특별시 송파구청,2022-12-13
송파1동-326,1,서울특별시 송파구 가락로21길 28,서울특별시 송파구 송파1동 92,,,,,02-2147-3326,서울특별시 송파구청,2022-12-13
송파1동-327,1,서울특별시 송파구 가락로21길 25,서울특별시 송파구 송파1동 91-14,,,,,02-2147-3326,서울특별시 송파구청,2022-12-13
송파1동-328,1,서울특별시 송파구 가락로21길 23,서울특별시 송파구 송파1동 91-25,,,,,02-2147-3326,서울특별시 송파구청,2022-12-13
송파1동-329,1,서울특별시 송파구 가락로21길 22,서울특별시 송파구 송파1동 92-6,,,,,02-2147-3326,서울특별시 송파구청,2022-12-13
송파1동-330,1,서울특별시 송파구 송파대로40길 13,서울특별시 송파구 송파1동 91-24,,,,,02-2147-3326,서울특별시 송파구청,2022-12-13
송파1동-331,1,서울특별시 송파구 송파대로40길 13,서울특별시 송파구 송파1동 91-24,,,,,02-2147-3326,서울특별시 송파구청,2022-12-13
송파1동-332,1,서울특별시 송파구 가락로21길 95-6,서울특별시 송파구 송파1동 95-6,,,,,02-2147-3326,서울특별시 송파구청,2022-12-13
송파1동-333,1,서울특별시 송파구 가락로21길 11,서울특별시 송파구 송파1동 95-46,,,,,02-2147-3326,서울특별시 송파구청,2022-12-13
송파1동-334,1,서울특별시 송파구 가락로19길 95-45,서울특별시 송파구 송파1동 95-45,,,,,02-2147-3326,서울특별시 송파구청,2022-12-13
송파1동-335,1,서울특별시 송파구 가락로17길 19,서울특별시 송파구 송파1동 95-12,,,,,02-2147-3326,서울특별시 송파구청,2022-12-13
송파1동-336,1,서울특별시 송파구 가락로19길 9-14,서울특별시 송파구 송파1동 95-14,,,,,02-2147-3326,서울특별시 송파구청,2022-12-13
송파1동-337,1,서울특별시 송파구 가락로17길 8,서울특별시 송파구 송파1동 95-26,,,,,02-2147-3326,서울특별시 송파구청,2022-12-13
송파1동-338,1,서울특별시 송파구 가락로17길 4,서울특별시 송파구 송파1동 95-32,,,,,02-2147-3326,서울특별시 송파구청,2022-12-13
송파1동-339,1,서울특별시 송파구 송파대로 388,서울특별시 송파구 송파1동 96-6,,,,,02-2147-3326,서울특별시 송파구청,2022-12-13
송파1동-340,1,서울특별시 송파구 가락로17길 4-6,서울특별시 송파구 송파1동 95-34,,,,,02-2147-3326,서울특별시 송파구청,2022-12-13
송파1동-341,1,서울특별시 송파구 가락로17길 4-5,서울특별시 송파구 송파1동 95-31,,,,,02-2147-3326,서울특별시 송파구청,2022-12-13
송파1동-342,1,서울특별시 송파구 가락로19길 5-1,서울특별시 송파구 송파1동 95-21,,,,,02-2147-3326,서울특별시 송파구청,2022-12-13
송파1동-343,1,서울특별시 송파구 가락로19길 3,서울특별시 송파구 송파1동 95-41,,,,,02-2147-3326,서울특별시 송파구청,2022-12-13
송파1동-344,1,서울특별시 송파구 가락로19길 9,서울특별시 송파구 송파1동 95-19,,,,,02-2147-3326,서울특별시 송파구청,2022-12-13
송파1동-345,1,서울특별시 송파구 가락로19길9,서울특별시 송파구 송파1동 95-45,,,,,02-2147-3326,서울특별시 송파구청,2022-12-13
송파1동-346,1,서울특별시 송파구 백제고분로41길26-7,서울특별시 송파구 송파1동 27-7,,,,,02-2147-3326,서울특별시 송파구청,2022-12-13
송파1동-347,1,서울특별시 송파구 송파대로42길 38,서울특별시 송파구 송파1동 115,,,,,02-2147-3326,서울특별시 송파구청,2022-12-13
송파1동-348,1,서울특별시 송파구 송파대로,서울특별시 송파구 송파1동 113-3,,,,,02-2147-3326,서울특별시 송파구청,2022-12-13
송파1동-349,1,서울특별시 송파구 송파대로,서울특별시 송파구 송파1동 93-6,,,,,02-2147-3326,서울특별시 송파구청,2022-12-13
송파1동-350,1,서울특별시 송파구 백제고분로42길17-10,서울특별시 송파구 송파1동 111-41,,,,,02-2147-3326,서울특별시 송파구청,2022-12-13
송파1동-351,1,서울특별시 송파구 가락로31길30-5,서울특별시 송파구 송파1동 141-14,,,,,02-2147-3326,서울특별시 송파구청,2022-12-13
송파1동-352,1,서울특별시 송파구 백제고분로41길26-15,서울특별시 송파구 송파1동 27-13,,,,,02-2147-3326,서울특별시 송파구청,2022-12-13
송파1동-353,1,서울특별시 송파구 백제고분로,서울특별시 송파구 송파1동 136-17,,,,,02-2147-3326,서울특별시 송파구청,2022-12-13
송파1동-354,1,서울특별시 송파구 백제고분로,서울특별시 송파구 송파1동 117-12,,,,,02-2147-3326,서울특별시 송파구청,2022-12-13
송파1동-355,1,서울특별시 송파구 백제고분로42길37,서울특별시 송파구 송파1동 106-5,,,,,02-2147-3326,서울특별시 송파구청,2022-12-13
송파1동-356,1,서울특별시 송파구 백제고분로,서울특별시 송파구 송파1동 37-6,,,,,02-2147-3326,서울특별시 송파구청,2022-12-13
송파1동-357,1,서울특별시 송파구 가락로151,서울특별시 송파구 송파1동 94-35,,,,,02-2147-3326,서울특별시 송파구청,2022-12-13
송파1동-358,1,서울특별시 송파구 가락로,서울특별시 송파구 송파1동 111-24,,,,,02-2147-3326,서울특별시 송파구청,2022-12-13
송파1동-359,1,서울특별시 송파구 가락로19길 9-14,서울특별시 송파구 송파1동 95-64,,,,,02-2147-3326,서울특별시 송파구청,2022-12-13
송파1동-360,1,서울특별시 송파구 백제고분로46길26-14,서울특별시 송파구 송파1동 131-26,,,,,02-2147-3326,서울특별시 송파구청,2022-12-13
송파1동-361,1,서울특별시 송파구 송파로46길 11,서울특별시 송파구 송파1동 10-5,,,,,02-2147-3326,서울특별시 송파구청,2022-12-13
송파1동-362,1,서울특별시 송파구 석촌호수로 284,서울특별시 송파구 송파1동 31-2,,,,,02-2147-3326,서울특별시 송파구청,2022-12-13
송파1동-363,1,서울특별시 송파구 백제고분로45길3-9,서울특별시 송파구 송파1동 47-2,,,,,02-2147-3326,서울특별시 송파구청,2022-12-13
송파1동-364,1,서울특별시 송파구 송파대로46길6,서울특별시 송파구 송파1동 11,,,,,02-2147-3326,서울특별시 송파구청,2022-12-13
송파1동-365,1,서울특별시 송파구 송파대로46길18,서울특별시 송파구 송파1동 27,,,,,02-2147-3326,서울특별시 송파구청,2022-12-13
송파1동-366,1,서울특별시 송파구 송파대로396,서울특별시 송파구 송파1동 96-2,,,,,02-2147-3326,서울특별시 송파구청,2022-12-13
송파1동-367,1,서울특별시 송파구 오금로16길17,서울특별시 송파구 송파1동 38-1,,,,,02-2147-3326,서울특별시 송파구청,2022-12-13
송파1동-368,1,서울특별시 송파구 백제고분로387,서울특별시 송파구 송파1동 19-9,,,,,02-2147-3326,서울특별시 송파구청,2022-12-13
송파1동-369,1,서울특별시 송파구 백제고분로46길8-6,서울특별시 송파구 송파1동 133-9,,,,,02-2147-3326,서울특별시 송파구청,2022-12-13
송파1동-370,1,서울특별시 송파구 백제고분로45길22-11,서울특별시 송파구 송파1동 54-11,,,,,02-2147-3326,서울특별시 송파구청,2022-12-13
송파2동-001,1,서울특별시 송파구 가락로28길 7-8,서울특별시 송파구 송파2동 149-2,,,,,02-2147-3326,서울특별시 송파구청,2022-12-13
송파2동-002,1,서울특별시 송파구 가락로28길7,서울특별시 송파구 송파2동 150-2,,,,,02-2147-3326,서울특별시 송파구청,2022-12-13
송파2동-003,1,서울특별시 송파구 가락로28길5,서울특별시 송파구 송파2동 150-1,,,,,02-2147-3326,서울특별시 송파구청,2022-12-13
송파2동-004,1,서울특별시 송파구 가락로30길3,서울특별시 송파구 송파2동 147,,,,,02-2147-3326,서울특별시 송파구청,2022-12-13
송파2동-005,1,서울특별시 송파구 가락로30길 3,서울특별시 송파구 송파2동 147-16,,,,,02-2147-3326,서울특별시 송파구청,2022-12-13
송파2동-006,1,서울특별시 송파구 오금로24길25,서울특별시 송파구 송파2동 162,,,,,02-2147-3326,서울특별시 송파구청,2022-12-13
송파2동-007,1,서울특별시 송파구 송이로 176,서울특별시 송파구 송파2동 103,,,,,02-2147-3326,서울특별시 송파구청,2022-12-13
송파2동-008,1,서울특별시 송파구 송이로2길 170,서울특별시 송파구 송파2동 103-8,,,,,02-2147-3326,서울특별시 송파구청,2022-12-13
송파2동-009,1,서울특별시 송파구 송이로2길 8,서울특별시 송파구 송파2동 103-6,,,,,02-2147-3326,서울특별시 송파구청,2022-12-13
송파2동-010,1,서울특별시 송파구 송이로2길 10,서울특별시 송파구 송파2동 103-4,,,,,02-2147-3326,서울특별시 송파구청,2022-12-13
송파2동-011,1,서울특별시 송파구 송이로2길16,서울특별시 송파구 송파2동 103-3,,,,,02-2147-3326,서울특별시 송파구청,2022-12-13
송파2동-012,1,서울특별시 송파구 송파대로36길 99,서울특별시 송파구 송파2동 99,,,,,02-2147-3326,서울특별시 송파구청,2022-12-13
송파2동-013,1,서울특별시 송파구 송이로2길 99,서울특별시 송파구 송파2동 99,,,,,02-2147-3326,서울특별시 송파구청,2022-12-13
송파2동-014,1,서울특별시 송파구 송이로2길 99-1,서울특별시 송파구 송파2동 99-1,,,,,02-2147-3326,서울특별시 송파구청,2022-12-13
송파2동-015,1,서울특별시 송파구 송이로2길 99-1,서울특별시 송파구 송파2동 99-1,,,,,02-2147-3326,서울특별시 송파구청,2022-12-13
송파2동-016,1,서울특별시 송파구 송파대로36길 5-8,서울특별시 송파구 송파2동 43,,,,,02-2147-3326,서울특별시 송파구청,2022-12-13
송파2동-017,1,서울특별시 송파구 송이로2길 99-1,서울특별시 송파구 송파2동 99-1,,,,,02-2147-3326,서울특별시 송파구청,2022-12-13
송파2동-018,1,서울특별시 송파구 송파대로36길 99,서울특별시 송파구 송파2동 99,,,,,02-2147-3326,서울특별시 송파구청,2022-12-13
송파2동-019,1,서울특별시 송파구 송이로4길 19,서울특별시 송파구 송파2동 101-5,,,,,02-2147-3326,서울특별시 송파구청,2022-12-13
송파2동-020,1,서울특별시 송파구 송이로4길 15-1,서울특별시 송파구 송파2동 101-22,,,,,02-2147-3326,서울특별시 송파구청,2022-12-13
송파2동-021,1,서울특별시 송파구 송이로4길14,서울특별시 송파구 송파2동 101-17,,,,,02-2147-3326,서울특별시 송파구청,2022-12-13
송파2동-022,1,서울특별시 송파구 송이로2길9-1,서울특별시 송파구 송파2동 102-11,,,,,02-2147-3326,서울특별시 송파구청,2022-12-13
송파2동-023,1,서울특별시 송파구 송이로4길 9,서울특별시 송파구 송파2동 101-3,,,,,02-2147-3326,서울특별시 송파구청,2022-12-13
송파2동-024,1,서울특별시 송파구 송이로4길 7-1,서울특별시 송파구 송파2동 101-2,,,,,02-2147-3326,서울특별시 송파구청,2022-12-13
송파2동-025,1,서울특별시 송파구 송이로4길 5-1,서울특별시 송파구 송파2동 101-13,,,,,02-2147-3326,서울특별시 송파구청,2022-12-13
송파2동-026,1,서울특별시 송파구 송이로4길 3,서울특별시 송파구 송파2동 101-1,,,,,02-2147-3326,서울특별시 송파구청,2022-12-13
송파2동-027,1,서울특별시 송파구 송이로4길 2,서울특별시 송파구 송파2동 101,,,,,02-2147-3326,서울특별시 송파구청,2022-12-13
송파2동-028,1,서울특별시 송파구 송이로6길6-1,서울특별시 송파구 송파2동 101-15,,,,,02-2147-3326,서울특별시 송파구청,2022-12-13
송파2동-029,1,서울특별시 송파구 송이로6길 8,서울특별시 송파구 송파2동 101-10,,,,,02-2147-3326,서울특별시 송파구청,2022-12-13
송파2동-030,1,서울특별시 송파구 송이로6길 12,서울특별시 송파구 송파2동 101-8,,,,,02-2147-3326,서울특별시 송파구청,2022-12-13
송파2동-031,1,서울특별시 송파구 송이로6길 15,서울특별시 송파구 송파2동 100-6,,,,,02-2147-3326,서울특별시 송파구청,2022-12-13
송파2동-032,1,서울특별시 송파구 송이로6길 15,서울특별시 송파구 송파2동 100-6,,,,,02-2147-3326,서울특별시 송파구청,2022-12-13
송파2동-033,1,서울특별시 송파구 송이로6길17,서울특별시 송파구 송파2동 100-3,,,,,02-2147-3326,서울특별시 송파구청,2022-12-13
송파2동-034,1,서울특별시 송파구 송파대로36길 179,서울특별시 송파구 송파2동 179,,,,,02-2147-3326,서울특별시 송파구청,2022-12-13
송파2동-035,1,서울특별시 송파구 송파대로36길31-24,서울특별시 송파구 송파2동 177-10,,,,,02-2147-3326,서울특별시 송파구청,2022-12-13
송파2동-036,1,서울특별시 송파구 송파대로36길31-18,서울특별시 송파구 송파2동 177-3,,,,,02-2147-3326,서울특별시 송파구청,2022-12-13
송파2동-037,1,서울특별시 송파구 송파대로36길32,서울특별시 송파구 송파2동 180,,,,,02-2147-3326,서울특별시 송파구청,2022-12-13
송파2동-038,1,서울특별시 송파구 송파대로36길 178,서울특별시 송파구 송파2동 178,,,,,02-2147-3326,서울특별시 송파구청,2022-12-13
송파2동-039,1,서울특별시 송파구 송파대로,서울특별시 송파구 송파2동 173-12,,,,,02-2147-3326,서울특별시 송파구청,2022-12-13
송파2동-040,1,서울특별시 송파구 송파대로36길 37-9,서울특별시 송파구 송파2동 177-7,,,,,02-2147-3326,서울특별시 송파구청,2022-12-13
송파2동-041,1,서울특별시 송파구 송파대로36길 12,서울특별시 송파구 송파2동 176-6,,,,,02-2147-3326,서울특별시 송파구청,2022-12-13
송파2동-042,1,서울특별시 송파구 송파대로36길 37-11,서울특별시 송파구 송파2동 177-6,,,,,02-2147-3326,서울특별시 송파구청,2022-12-13
송파2동-043,1,서울특별시 송파구 송파대로36길37-15,서울특별시 송파구 송파2동 177-2,,,,,02-2147-3326,서울특별시 송파구청,2022-12-13
송파2동-044,1,서울특별시 송파구 송이로8길17,서울특별시 송파구 송파2동 157-1,,,,,02-2147-3326,서울특별시 송파구청,2022-12-13
송파2동-045,1,서울특별시 송파구 송이로8길 14-1,서울특별시 송파구 송파2동 100-28,,,,,02-2147-3326,서울특별시 송파구청,2022-12-13
송파2동-046,1,서울특별시 송파구 송이로8길 13,서울특별시 송파구 송파2동 176-11,,,,,02-2147-3326,서울특별시 송파구청,2022-12-13
송파2동-047,1,서울특별시 송파구 송이로8길7-1,서울특별시 송파구 송파2동 175-12,,,,,02-2147-3326,서울특별시 송파구청,2022-12-13
송파2동-048,1,서울특별시 송파구 송이로8길 7-8,서울특별시 송파구 송파2동 176-2,,,,,02-2147-3326,서울특별시 송파구청,2022-12-13
송파2동-049,1,서울특별시 송파구 송이로8길 7-14,서울특별시 송파구 송파2동 176-4,,,,,02-2147-3326,서울특별시 송파구청,2022-12-13
송파2동-050,1,서울특별시 송파구 송이로10길 10,서울특별시 송파구 송파2동 176-5,,,,,02-2147-3326,서울특별시 송파구청,2022-12-13
송파2동-051,1,서울특별시 송파구 송이로10길 9,서울특별시 송파구 송파2동 173-15,,,,,02-2147-3326,서울특별시 송파구청,2022-12-13
송파2동-052,1,서울특별시 송파구 송이로10길 3-8,서울특별시 송파구 송파2동 173-16,,,,,02-2147-3326,서울특별시 송파구청,2022-12-13
송파2동-053,1,서울특별시 송파구 송이로10길 3,서울특별시 송파구 송파2동 173-6,,,,,02-2147-3326,서울특별시 송파구청,2022-12-13
송파2동-054,1,서울특별시 송파구 송이로10길 4,서울특별시 송파구 송파2동 174-15,,,,,02-2147-3326,서울특별시 송파구청,2022-12-13
송파2동-055,1,서울특별시 송파구 송이로8길 5-7,서울특별시 송파구 송파2동 174-11,,,,,02-2147-3326,서울특별시 송파구청,2022-12-13
송파2동-056,1,서울특별시 송파구 송이로8길 5-5,서울특별시 송파구 송파2동 174-10,,,,,02-2147-3326,서울특별시 송파구청,2022-12-13
송파2동-057,1,서울특별시 송파구 송이로8길 7,서울특별시 송파구 송파2동 175-3,,,,,02-2147-3326,서울특별시 송파구청,2022-12-13
송파2동-058,1,서울특별시 송파구 송이로8길 5,서울특별시 송파구 송파2동 156-3,,,,,02-2147-3326,서울특별시 송파구청,2022-12-13
송파2동-059,1,서울특별시 송파구 송이로8길 3,서울특별시 송파구 송파2동 156-2,,,,,02-2147-3326,서울특별시 송파구청,2022-12-13
송파2동-060,1,서울특별시 송파구 송이로 32,서울특별시 송파구 송파2동 173,,,,,02-2147-3326,서울특별시 송파구청,2022-12-13
송파2동-061,1,서울특별시 송파구 송이로10길 1-8,서울특별시 송파구 송파2동 173-4,,,,,02-2147-3326,서울특별시 송파구청,2022-12-13
송파2동-062,1,서울특별시 송파구 송파대로36길 45,서울특별시 송파구 송파2동 173-2,,,,,02-2147-3326,서울특별시 송파구청,2022-12-13
송파2동-063,1,서울특별시 송파구 송파대로36길 43,서울특별시 송파구 송파2동 173-9,,,,,02-2147-3326,서울특별시 송파구청,2022-12-13
송파2동-064,1,서울특별시 송파구 송파대로36길 37,서울특별시 송파구 송파2동 173-12,,,,,02-2147-3326,서울특별시 송파구청,2022-12-13
송파2동-065,1,서울특별시 송파구 송파대로36길 42,서울특별시 송파구 송파2동 172,,,,,02-2147-3326,서울특별시 송파구청,2022-12-13
송파2동-066,1,서울특별시 송파구 송파대로36길 42,서울특별시 송파구 송파2동 172,,,,,02-2147-3326,서울특별시 송파구청,2022-12-13
송파2동-067,1,서울특별시 송파구 송파대로36길 42,서울특별시 송파구 송파2동 172,,,,,02-2147-3326,서울특별시 송파구청,2022-12-13
송파2동-068,1,서울특별시 송파구 송파대로36길 42,서울특별시 송파구 송파2동 172,,,,,02-2147-3326,서울특별시 송파구청,2022-12-13
송파2동-069,1,서울특별시 송파구 송파대로36길 42,서울특별시 송파구 송파2동 172,,,,,02-2147-3326,서울특별시 송파구청,2022-12-13
송파2동-070,1,서울특별시 송파구 송파대로36가길15-21,서울특별시 송파구 송파2동 172,,,,,02-2147-3326,서울특별시 송파구청,2022-12-13
송파2동-071,1,서울특별시 송파구 송파대로36길 15-20,서울특별시 송파구 송파2동 183-1,,,,,02-2147-3326,서울특별시 송파구청,2022-12-13
송파2동-072,1,서울특별시 송파구 송파대로36길 15-15,서울특별시 송파구 송파2동 182-2,,,,,02-2147-3326,서울특별시 송파구청,2022-12-13
송파2동-073,1,서울특별시 송파구 송파대로36가길 15-22,서울특별시 송파구 송파2동 183,,,,,02-2147-3326,서울특별시 송파구청,2022-12-13
송파2동-074,1,서울특별시 송파구 송이로12길 14,서울특별시 송파구 송파2동 171,,,,,02-2147-3326,서울특별시 송파구청,2022-12-13
송파2동-075,1,서울특별시 송파구 송이로42,서울특별시 송파구 송파2동 172,,,,,02-2147-3326,서울특별시 송파구청,2022-12-13
송파2동-076,1,서울특별시 송파구 송이로12길 11,서울특별시 송파구 송파2동 172,,,,,02-2147-3326,서울특별시 송파구청,2022-12-13
송파2동-077,1,서울특별시 송파구 송이로12길 11,서울특별시 송파구 송파2동 172,,,,,02-2147-3326,서울특별시 송파구청,2022-12-13
송파2동-078,1,서울특별시 송파구 송이로12길 50,서울특별시 송파구 송파2동 172,,,,,02-2147-3326,서울특별시 송파구청,2022-12-13
송파2동-079,1,서울특별시 송파구 송이로12길 50,서울특별시 송파구 송파2동 172,,,,,02-2147-3326,서울특별시 송파구청,2022-12-13
송파2동-080,1,서울특별시 송파구 가락로 38-1,서울특별시 송파구 송파2동 98-19,,,,,02-2147-3326,서울특별시 송파구청,2022-12-13
송파2동-081,1,서울특별시 송파구 송파대로34길33,서울특별시 송파구 송파2동 185-4,,,,,02-2147-3326,서울특별시 송파구청,2022-12-13
송파2동-082,1,서울특별시 송파구 송파대로34길33,서울특별시 송파구 송파2동 188-4,,,,,02-2147-3326,서울특별시 송파구청,2022-12-13
송파2동-083,1,서울특별시 송파구 송파대로34길33,서울특별시 송파구 송파2동 188-4,,,,,02-2147-3326,서울특별시 송파구청,2022-12-13
송파2동-084,1,서울특별시 송파구 송파대로34길33,서울특별시 송파구 송파2동 185-4,,,,,02-2147-3326,서울특별시 송파구청,2022-12-13
송파2동-085,1,서울특별시 송파구 송파대로34길33,서울특별시 송파구 송파2동 188-4,,,,,02-2147-3326,서울특별시 송파구청,2022-12-13
송파2동-086,1,서울특별시 송파구 송파대로34길33,서울특별시 송파구 송파2동 188-4,,,,,02-2147-3326,서울특별시 송파구청,2022-12-13
송파2동-087,1,서울특별시 송파구 송파대로34길33,서울특별시 송파구 송파2동 188-4,,,,,02-2147-3326,서울특별시 송파구청,2022-12-13
송파2동-088,1,서울특별시 송파구 송파대로34길33,서울특별시 송파구 송파2동 188-4,,,,,02-2147-3326,서울특별시 송파구청,2022-12-13
송파2동-089,1,서울특별시 송파구 송파대로36길 5-14,서울특별시 송파구 송파2동 194-3,,,,,02-2147-3326,서울특별시 송파구청,2022-12-13
송파2동-090,1,서울특별시 송파구 송파대로36길5-7,서울특별시 송파구 송파2동 194-4,,,,,02-2147-3326,서울특별시 송파구청,2022-12-13
송파2동-091,1,서울특별시 송파구 송파대로36길5-14,서울특별시 송파구 송파2동 194-1,,,,,02-2147-3326,서울특별시 송파구청,2022-12-13
송파2동-092,1,서울특별시 송파구 송파대로36길 5,서울특별시 송파구 송파2동 195-5,,,,,02-2147-3326,서울특별시 송파구청,2022-12-13
송파2동-093,1,서울특별시 송파구 송파대로36길 9,서울특별시 송파구 송파2동 193-7,,,,,02-2147-3326,서울특별시 송파구청,2022-12-13
송파2동-094,1,서울특별시 송파구 송파대로36길 9,서울특별시 송파구 송파2동 193-7,,,,,02-2147-3326,서울특별시 송파구청,2022-12-13
송파2동-095,1,서울특별시 송파구 송파대로36길7-32,서울특별시 송파구 송파2동 193-7,,,,,02-2147-3326,서울특별시 송파구청,2022-12-13
송파2동-096,1,서울특별시 송파구 송파대로36길 7-48,서울특별시 송파구 송파2동 193-10,,,,,02-2147-3326,서울특별시 송파구청,2022-12-13
송파2동-097,1,서울특별시 송파구 송파대로36길 7-42,서울특별시 송파구 송파2동 193-12,,,,,02-2147-3326,서울특별시 송파구청,2022-12-13
송파2동-098,1,서울특별시 송파구 송파대로36길 5-8,서울특별시 송파구 송파2동 194-1,,,,,02-2147-3326,서울특별시 송파구청,2022-12-13
송파2동-099,1,서울특별시 송파구 송파대로38길 8,서울특별시 송파구 송파2동 99-2,,,,,02-2147-3326,서울특별시 송파구청,2022-12-13
송파2동-100,1,서울특별시 송파구 송파대로38길 11,서울특별시 송파구 송파2동 97-47,,,,,02-2147-3326,서울특별시 송파구청,2022-12-13
송파2동-101,1,서울특별시 송파구 송파대로 372-16,서울특별시 송파구 송파2동 97-45,,,,,02-2147-3326,서울특별시 송파구청,2022-12-13
송파2동-102,1,서울특별시 송파구 송파대로 372-10,서울특별시 송파구 송파2동 97-34,,,,,02-2147-3326,서울특별시 송파구청,2022-12-13
송파2동-103,1,서울특별시 송파구 송파대로38길 15,서울특별시 송파구 송파2동 97-53,,,,,02-2147-3326,서울특별시 송파구청,2022-12-13
송파2동-104,1,서울특별시 송파구 송파대로38길 17,서울특별시 송파구 송파2동 97-26,,,,,02-2147-3326,서울특별시 송파구청,2022-12-13
송파2동-105,1,서울특별시 송파구 가락로18길 17,서울특별시 송파구 송파2동 98-22,,,,,02-2147-3326,서울특별시 송파구청,2022-12-13
송파2동-106,1,서울특별시 송파구 송파대로38길 23,서울특별시 송파구 송파2동 98-30,,,,,02-2147-3326,서울특별시 송파구청,2022-12-13
송파2동-107,1,서울특별시 송파구 송파대로38길 8,서울특별시 송파구 송파2동 99-2,,,,,02-2147-3326,서울특별시 송파구청,2022-12-13
송파2동-108,1,서울특별시 송파구 송파대로38길 23,서울특별시 송파구 송파2동 98-30,,,,,02-2147-3326,서울특별시 송파구청,2022-12-13
송파2동-109,1,서울특별시 송파구 가락로138-15,서울특별시 송파구 송파2동 98-19,,,,,02-2147-3326,서울특별시 송파구청,2022-12-13
송파2동-110,1,서울특별시 송파구 가락로 138-9,서울특별시 송파구 송파2동 98-14,,,,,02-2147-3326,서울특별시 송파구청,2022-12-13
송파2동-111,1,서울특별시 송파구 가락로18길 12,서울특별시 송파구 송파2동 97-24,,,,,02-2147-3326,서울특별시 송파구청,2022-12-13
송파2동-112,1,서울특별시 송파구 가락로18길 10-1,서울특별시 송파구 송파2동 97-23,,,,,02-2147-3326,서울특별시 송파구청,2022-12-13
송파2동-113,1,서울특별시 송파구 가락로18길 8-1,서울특별시 송파구 송파2동 97-21,,,,,02-2147-3326,서울특별시 송파구청,2022-12-13
송파2동-114,1,서울특별시 송파구 가락로18길 8,서울특별시 송파구 송파2동 97-20,,,,,02-2147-3326,서울특별시 송파구청,2022-12-13
송파2동-115,1,서울특별시 송파구 가락로18길 3,서울특별시 송파구 송파2동 98-9,,,,,02-2147-3326,서울특별시 송파구청,2022-12-13
송파2동-116,1,서울특별시 송파구 송파대로 366-6,서울특별시 송파구 송파2동 97-40,,,,,02-2147-3326,서울특별시 송파구청,2022-12-13
송파2동-117,1,서울특별시 송파구 송파대로 366-6,서울특별시 송파구 송파2동 97-40,,,,,02-2147-3326,서울특별시 송파구청,2022-12-13
송파2동-118,1,서울특별시 송파구 송파대로36길 192,서울특별시 송파구 송파2동 192,,,,,02-2147-3326,서울특별시 송파구청,2022-12-13
송파2동-119,1,서울특별시 송파구 송파대로36길 192,서울특별시 송파구 송파2동 192,,,,,02-2147-3326,서울특별시 송파구청,2022-12-13
송파2동-120,1,서울특별시 송파구 송파대로36길 179,서울특별시 송파구 송파2동 179,,,,,02-2147-3326,서울특별시 송파구청,2022-12-13
송파2동-121,1,서울특별시 송파구 송파대로36가길 1,서울특별시 송파구 송파2동 180-4,,,,,02-2147-3326,서울특별시 송파구청,2022-12-13
송파2동-122,1,서울특별시 송파구 송파대로36길 179,서울특별시 송파구 송파2동 179,,,,,02-2147-3326,서울특별시 송파구청,2022-12-13
송파2동-123,1,서울특별시 송파구 송파대로36가길 7,서울특별시 송파구 송파2동 181-7,,,,,02-2147-3326,서울특별시 송파구청,2022-12-13
송파2동-124,1,서울특별시 송파구 송파대로36길32-6,서울특별시 송파구 송파2동 180-17,,,,,02-2147-3326,서울특별시 송파구청,2022-12-13
송파2동-125,1,서울특별시 송파구 송파대로36길 32-6,서울특별시 송파구 송파2동 180-18,,,,,02-2147-3326,서울특별시 송파구청,2022-12-13
송파2동-126,1,서울특별시 송파구 송파대로36길 32-6,서울특별시 송파구 송파2동 180-18,,,,,02-2147-3326,서울특별시 송파구청,2022-12-13
송파2동-127,1,서울특별시 송파구 송파대로36길 32,서울특별시 송파구 송파2동 180,,,,,02-2147-3326,서울특별시 송파구청,2022-12-13
송파2동-128,1,서울특별시 송파구 송파대로36길 179,서울특별시 송파구 송파2동 179,,,,,02-2147-3326,서울특별시 송파구청,2022-12-13
송파2동-129,1,서울특별시 송파구 송파대로36길 32-8,서울특별시 송파구 송파2동 181,,,,,02-2147-3326,서울특별시 송파구청,2022-12-13
송파2동-130,1,서울특별시 송파구 송파대로36길 32-12,서울특별시 송파구 송파2동 180-14,,,,,02-2147-3326,서울특별시 송파구청,2022-12-13
송파2동-131,1,서울특별시 송파구 송파대로34가길30,서울특별시 송파구 송파2동 181-1,,,,,02-2147-3326,서울특별시 송파구청,2022-12-13
송파2동-132,1,서울특별시 송파구 송파대로34가길 25,서울특별시 송파구 송파2동 180-12,,,,,02-2147-3326,서울특별시 송파구청,2022-12-13
송파2동-133,1,서울특별시 송파구 송파대로36가길 11,서울특별시 송파구 송파2동 180-9,,,,,02-2147-3326,서울특별시 송파구청,2022-12-13
송파2동-134,1,서울특별시 송파구 송파대로36가길 190,서울특별시 송파구 송파2동 190,,,,,02-2147-3326,서울특별시 송파구청,2022-12-13
송파2동-135,1,서울특별시 송파구 송파대로36가길 7,서울특별시 송파구 송파2동 180-7,,,,,02-2147-3326,서울특별시 송파구청,2022-12-13
송파2동-136,1,서울특별시 송파구 송파대로36가길 5,서울특별시 송파구 송파2동 190,,,,,02-2147-3326,서울특별시 송파구청,2022-12-13
송파2동-137,1,서울특별시 송파구 송파대로36가길 191,서울특별시 송파구 송파2동 191,,,,,02-2147-3326,서울특별시 송파구청,2022-12-13
송파2동-138,1,서울특별시 송파구 송파대로34가길 190,서울특별시 송파구 송파2동 190,,,,,02-2147-3326,서울특별시 송파구청,2022-12-13
송파2동-139,1,서울특별시 송파구 송파대로36가길 13,서울특별시 송파구 송파2동 182-7,,,,,02-2147-3326,서울특별시 송파구청,2022-12-13
송파2동-140,1,서울특별시 송파구 송파대로36가길 188,서울특별시 송파구 송파2동 188,,,,,02-2147-3326,서울특별시 송파구청,2022-12-13
송파2동-141,1,서울특별시 송파구 송파대로36가길 17,서울특별시 송파구 송파2동 183-8,,,,,02-2147-3326,서울특별시 송파구청,2022-12-13
송파2동-142,1,서울특별시 송파구 송파대로36가길 15,서울특별시 송파구 송파2동 182-8,,,,,02-2147-3326,서울특별시 송파구청,2022-12-13
송파2동-143,1,서울특별시 송파구 송파대로36가길 17,서울특별시 송파구 송파2동 182-11,,,,,02-2147-3326,서울특별시 송파구청,2022-12-13
송파2동-144,1,서울특별시 송파구 송이로12길 16-3,서울특별시 송파구 송파2동 183-15,,,,,02-2147-3326,서울특별시 송파구청,2022-12-13
송파2동-145,1,서울특별시 송파구 송이로12길 14,서울특별시 송파구 송파2동 183-18,,,,,02-2147-3326,서울특별시 송파구청,2022-12-13
송파2동-146,1,서울특별시 송파구 송이로12길 17,서울특별시 송파구 송파2동 171,,,,,02-2147-3326,서울특별시 송파구청,2022-12-13
송파2동-147,1,서울특별시 송파구 송파대로36가길22,서울특별시 송파구 송파2동 183-9,,,,,02-2147-3326,서울특별시 송파구청,2022-12-13
송파2동-148,1,서울특별시 송파구 송이로12길24,서울특별시 송파구 송파2동 183-20,,,,,02-2147-3326,서울특별시 송파구청,2022-12-13
송파2동-149,1,서울특별시 송파구 송파대로36가길 21,서울특별시 송파구 송파2동 184-8,,,,,02-2147-3326,서울특별시 송파구청,2022-12-13
송파2동-150,1,서울특별시 송파구 송이로12길 188,서울특별시 송파구 송파2동 188,,,,,02-2147-3326,서울특별시 송파구청,2022-12-13
송파2동-151,1,서울특별시 송파구 송이로12길 188,서울특별시 송파구 송파2동 188,,,,,02-2147-3326,서울특별시 송파구청,2022-12-13
송파2동-152,1,서울특별시 송파구 송이로12길 34,서울특별시 송파구 송파2동 187-1,,,,,02-2147-3326,서울특별시 송파구청,2022-12-13
송파2동-153,1,서울특별시 송파구 송이로12길 186,서울특별시 송파구 송파2동 186,,,,,02-2147-3326,서울특별시 송파구청,2022-12-13
송파2동-154,1,서울특별시 송파구 송파대로34가길 186,서울특별시 송파구 송파2동 186-8,,,,,02-2147-3326,서울특별시 송파구청,2022-12-13
송파2동-155,1,서울특별시 송파구 송파대로34가길 6-8,서울특별시 송파구 송파2동 186-7,,,,,02-2147-3326,서울특별시 송파구청,2022-12-13
송파2동-156,1,서울특별시 송파구 송파대로34가길 8,서울특별시 송파구 송파2동 191,,,,,02-2147-3326,서울특별시 송파구청,2022-12-13
송파2동-157,1,서울특별시 송파구 송파대로34가길 14,서울특별시 송파구 송파2동 189-5,,,,,02-2147-3326,서울특별시 송파구청,2022-12-13
송파2동-158,1,서울특별시 송파구 송파대로34가길 12-12,서울특별시 송파구 송파2동 187-11,,,,,02-2147-3326,서울특별시 송파구청,2022-12-13
송파2동-159,1,서울특별시 송파구 송파대로34가길 188,서울특별시 송파구 송파2동 188,,,,,02-2147-3326,서울특별시 송파구청,2022-12-13
송파2동-160,1,서울특별시 송파구 송파대로38길 8,서울특별시 송파구 송파2동,,,,,02-2147-3326,서울특별시 송파구청,2022-12-13
송파2동-161,1,서울특별시 송파구 오금로32길10,서울특별시 송파구 송파2동 송파동 161,,,,,02-2147-3326,서울특별시 송파구청,2022-12-13
송파2동-162,1,서울특별시 송파구 오금로32길10,서울특별시 송파구 송파2동 송파동 161,,,,,02-2147-3326,서울특별시 송파구청,2022-12-13
송파2동-163,1,서울특별시 송파구 오금로32길10,서울특별시 송파구 송파2동 송파동 161,,,,,02-2147-3326,서울특별시 송파구청,2022-12-13
송파2동-164,1,서울특별시 송파구 오금로32길10,서울특별시 송파구 송파2동 송파동 161,,,,,02-2147-3326,서울특별시 송파구청,2022-12-13
송파2동-165,1,서울특별시 송파구 오금로,서울특별시 송파구 송파2동 178,,,,,02-2147-3326,서울특별시 송파구청,2022-12-13
송파2동-166,1,서울특별시 송파구 송이로10길 3,서울특별시 송파구 송파2동 173-6,,,,,02-2147-3326,서울특별시 송파구청,2022-12-13
송파2동-167,1,서울특별시 송파구 송이로10길 3,서울특별시 송파구 송파2동 173-6,,,,,02-2147-3326,서울특별시 송파구청,2022-12-13
송파2동-168,1,서울특별시 송파구 송이로,서울특별시 송파구 송파2동,,,,,02-2147-3326,서울특별시 송파구청,2022-12-13
송파2동-169,1,서울특별시 송파구 송이로,서울특별시 송파구 송파2동 150-2,,,,,02-2147-3326,서울특별시 송파구청,2022-12-13
송파2동-170,1,서울특별시 송파구 송파대로36길7-12,서울특별시 송파구 송파2동 193-4,,,,,02-2147-3326,서울특별시 송파구청,2022-12-13
송파2동-171,1,서울특별시 송파구 송이로6길15,서울특별시 송파구 송파2동 100-6,,,,,02-2147-3326,서울특별시 송파구청,2022-12-13
송파2동-172,1,서울특별시 송파구 송이로8길7-8,서울특별시 송파구 송파2동 176-2,,,,,02-2147-3326,서울특별시 송파구청,2022-12-13
송파2동-173,1,서울특별시 송파구 송이로12길22-1,서울특별시 송파구 송파2동 183-10,,,,,02-2147-3326,서울특별시 송파구청,2022-12-13
송파2동-174,1,서울특별시 송파구 송이로12길27,서울특별시 송파구 송파2동 185-12,,,,,02-2147-3326,서울특별시 송파구청,2022-12-13
송파2동-175,1,서울특별시 송파구 가락로28길 11-4,서울특별시 송파구 송파2동 148-5,,,,,02-2147-3326,서울특별시 송파구청,2022-12-13
송파2동-176,1,서울특별시 송파구 가락로131,서울특별시 송파구 송파2동 95-36,,,,,02-2147-3326,서울특별시 송파구청,2022-12-13
송파둘레길-001,1,서울특별시 송파구 삼학사로,서울특별시 송파구 탄천,,,,,02-2147-3328,서울특별시 송파구청,2022-12-13
송파둘레길-002,1,서울특별시 송파구 삼학사로,서울특별시 송파구 탄천,,,,,02-2147-3328,서울특별시 송파구청,2022-12-13
송파둘레길-003,1,서울특별시 송파구 삼학사로,서울특별시 송파구 탄천,,,,,02-2147-3328,서울특별시 송파구청,2022-12-13
송파둘레길-004,1,서울특별시 송파구 삼학사로,서울특별시 송파구 탄천,,,,,02-2147-3328,서울특별시 송파구청,2022-12-13
송파둘레길-005,1,서울특별시 송파구 삼학사로,서울특별시 송파구 탄천,,,,,02-2147-3328,서울특별시 송파구청,2022-12-13
송파둘레길-006,1,서울특별시 송파구 삼학사로,서울특별시 송파구 탄천,,,,,02-2147-3328,서울특별시 송파구청,2022-12-13
송파둘레길-007,1,서울특별시 송파구 삼학사로,서울특별시 송파구 탄천,,,,,02-2147-3328,서울특별시 송파구청,2022-12-13
송파둘레길-008,1,서울특별시 송파구 삼학사로,서울특별시 송파구 탄천,,,,,02-2147-3328,서울특별시 송파구청,2022-12-13
송파둘레길-009,1,서울특별시 송파구 삼학사로,서울특별시 송파구 탄천,,,,,02-2147-3328,서울특별시 송파구청,2022-12-13
송파둘레길-010,1,서울특별시 송파구 삼학사로,서울특별시 송파구 탄천,,,,,02-2147-3328,서울특별시 송파구청,2022-12-13
송파둘레길-011,1,서울특별시 송파구 삼학사로,서울특별시 송파구 탄천,,,,,02-2147-3328,서울특별시 송파구청,2022-12-13
송파둘레길-012,1,서울특별시 송파구 삼학사로,서울특별시 송파구 탄천,,,,,02-2147-3328,서울특별시 송파구청,2022-12-13
송파둘레길-013,1,서울특별시 송파구 삼학사로,서울특별시 송파구 탄천,,,,,02-2147-3328,서울특별시 송파구청,2022-12-13
송파둘레길-014,1,서울특별시 송파구 삼학사로,서울특별시 송파구 탄천,,,,,02-2147-3328,서울특별시 송파구청,2022-12-13
송파둘레길-015,1,서울특별시 송파구 삼학사로,서울특별시 송파구 탄천,,,,,02-2147-3328,서울특별시 송파구청,2022-12-13
송파둘레길-016,1,서울특별시 송파구 삼학사로,서울특별시 송파구 탄천,,,,,02-2147-3328,서울특별시 송파구청,2022-12-13
송파둘레길-017,1,서울특별시 송파구 삼학사로,서울특별시 송파구 탄천,,,,,02-2147-3328,서울특별시 송파구청,2022-12-13
송파둘레길-018,1,서울특별시 송파구 삼학사로,서울특별시 송파구 탄천,,,,,02-2147-3328,서울특별시 송파구청,2022-12-13
송파둘레길-019,1,서울특별시 송파구 삼학사로,서울특별시 송파구 탄천,,,,,02-2147-3328,서울특별시 송파구청,2022-12-13
송파둘레길-020,1,서울특별시 송파구 삼학사로,서울특별시 송파구 탄천,,,,,02-2147-3328,서울특별시 송파구청,2022-12-13
송파둘레길-021,1,서울특별시 송파구 삼학사로,서울특별시 송파구 탄천,,,,,02-2147-3328,서울특별시 송파구청,2022-12-13
송파둘레길-022,1,서울특별시 송파구 삼학사로,서울특별시 송파구 탄천,,,,,02-2147-3328,서울특별시 송파구청,2022-12-13
송파둘레길-023,1,서울특별시 송파구 삼학사로,서울특별시 송파구 탄천,,,,,02-2147-3328,서울특별시 송파구청,2022-12-13
송파둘레길-024,1,서울특별시 송파구 삼학사로,서울특별시 송파구 탄천,,,,,02-2147-3328,서울특별시 송파구청,2022-12-13
송파둘레길-025,1,서울특별시 송파구 삼학사로,서울특별시 송파구 탄천,,,,,02-2147-3328,서울특별시 송파구청,2022-12-13
송파둘레길-026,1,서울특별시 송파구 삼학사로,서울특별시 송파구 탄천,,,,,02-2147-3328,서울특별시 송파구청,2022-12-13
송파둘레길-027,1,서울특별시 송파구 삼학사로,서울특별시 송파구 탄천,,,,,02-2147-3328,서울특별시 송파구청,2022-12-13
송파둘레길-028,1,서울특별시 송파구 삼학사로,서울특별시 송파구 탄천,,,,,02-2147-3328,서울특별시 송파구청,2022-12-13
송파둘레길-029,1,서울특별시 송파구 삼학사로,서울특별시 송파구 탄천,,,,,02-2147-3328,서울특별시 송파구청,2022-12-13
송파둘레길-030,1,서울특별시 송파구 삼학사로,서울특별시 송파구 탄천,,,,,02-2147-3328,서울특별시 송파구청,2022-12-13
송파둘레길-031,1,서울특별시 송파구 삼학사로,서울특별시 송파구 탄천,,,,,02-2147-3328,서울특별시 송파구청,2022-12-13
송파둘레길-032,1,서울특별시 송파구 삼학사로,서울특별시 송파구 탄천,,,,,02-2147-3328,서울특별시 송파구청,2022-12-13
송파둘레길-033,1,서울특별시 송파구 삼학사로,서울특별시 송파구 탄천,,,,,02-2147-3328,서울특별시 송파구청,2022-12-13
송파둘레길-034,1,서울특별시 송파구 삼학사로,서울특별시 송파구 탄천,,,,,02-2147-3328,서울특별시 송파구청,2022-12-13
송파둘레길-035,1,서울특별시 송파구 삼학사로,서울특별시 송파구 탄천,,,,,02-2147-3328,서울특별시 송파구청,2022-12-13
송파둘레길-036,1,서울특별시 송파구 삼학사로,서울특별시 송파구 탄천,,,,,02-2147-3328,서울특별시 송파구청,2022-12-13
송파둘레길-037,1,서울특별시 송파구 삼학사로,서울특별시 송파구 탄천,,,,,02-2147-3328,서울특별시 송파구청,2022-12-13
송파둘레길-038,1,서울특별시 송파구 삼학사로,서울특별시 송파구 탄천,,,,,02-2147-3328,서울특별시 송파구청,2022-12-13
송파둘레길-039,1,서울특별시 송파구 삼학사로,서울특별시 송파구 탄천,,,,,02-2147-3328,서울특별시 송파구청,2022-12-13
송파둘레길-040,1,서울특별시 송파구 삼학사로,서울특별시 송파구 탄천,,,,,02-2147-3328,서울특별시 송파구청,2022-12-13
송파둘레길-041,1,서울특별시 송파구 삼학사로,서울특별시 송파구 탄천,,,,,02-2147-3328,서울특별시 송파구청,2022-12-13
송파둘레길-042,1,서울특별시 송파구 삼학사로,서울특별시 송파구 탄천,,,,,02-2147-3328,서울특별시 송파구청,2022-12-13
송파둘레길-043,1,서울특별시 송파구 삼학사로,서울특별시 송파구 탄천,,,,,02-2147-3328,서울특별시 송파구청,2022-12-13
송파둘레길-044,1,서울특별시 송파구 삼학사로,서울특별시 송파구 탄천,,,,,02-2147-3328,서울특별시 송파구청,2022-12-13
송파둘레길-045,1,서울특별시 송파구 삼학사로,서울특별시 송파구 탄천,,,,,02-2147-3328,서울특별시 송파구청,2022-12-13
송파둘레길-046,1,서울특별시 송파구 삼학사로,서울특별시 송파구 탄천,,,,,02-2147-3328,서울특별시 송파구청,2022-12-13
송파둘레길-047,1,서울특별시 송파구 삼학사로,서울특별시 송파구 탄천,,,,,02-2147-3328,서울특별시 송파구청,2022-12-13
송파둘레길-048,1,서울특별시 송파구 삼학사로,서울특별시 송파구 탄천,,,,,02-2147-3328,서울특별시 송파구청,2022-12-13
송파둘레길-049,1,서울특별시 송파구 삼학사로,서울특별시 송파구 탄천,,,,,02-2147-3328,서울특별시 송파구청,2022-12-13
송파둘레길-050,1,서울특별시 송파구 삼학사로,서울특별시 송파구 탄천,,,,,02-2147-3328,서울특별시 송파구청,2022-12-13
송파둘레길-051,1,서울특별시 송파구 삼학사로,서울특별시 송파구 탄천,,,,,02-2147-3328,서울특별시 송파구청,2022-12-13
송파둘레길-052,1,서울특별시 송파구 삼학사로,서울특별시 송파구 탄천,,,,,02-2147-3328,서울특별시 송파구청,2022-12-13
송파둘레길-053,1,서울특별시 송파구 삼학사로,서울특별시 송파구 탄천,,,,,02-2147-3328,서울특별시 송파구청,2022-12-13
송파둘레길-054,1,서울특별시 송파구 삼학사로,서울특별시 송파구 탄천,,,,,02-2147-3328,서울특별시 송파구청,2022-12-13
송파둘레길-055,1,서울특별시 송파구 삼학사로,서울특별시 송파구 탄천,,,,,02-2147-3328,서울특별시 송파구청,2022-12-13
송파둘레길-056,1,서울특별시 송파구 삼학사로,서울특별시 송파구 탄천,,,,,02-2147-3328,서울특별시 송파구청,2022-12-13
송파둘레길-057,1,서울특별시 송파구 삼학사로,서울특별시 송파구 탄천,,,,,02-2147-3328,서울특별시 송파구청,2022-12-13
송파둘레길-058,1,서울특별시 송파구 삼학사로,서울특별시 송파구 탄천,,,,,02-2147-3328,서울특별시 송파구청,2022-12-13
송파둘레길-059,1,서울특별시 송파구 삼학사로,서울특별시 송파구 탄천,,,,,02-2147-3328,서울특별시 송파구청,2022-12-13
송파둘레길-060,1,서울특별시 송파구 삼학사로,서울특별시 송파구 탄천,,,,,02-2147-3328,서울특별시 송파구청,2022-12-13
송파둘레길-061,1,서울특별시 송파구 삼학사로,서울특별시 송파구 탄천,,,,,02-2147-3328,서울특별시 송파구청,2022-12-13
송파둘레길-062,1,서울특별시 송파구 삼학사로,서울특별시 송파구 탄천,,,,,02-2147-3328,서울특별시 송파구청,2022-12-13
송파둘레길-063,1,서울특별시 송파구 삼학사로,서울특별시 송파구 탄천,,,,,02-2147-3328,서울특별시 송파구청,2022-12-13
송파둘레길-064,1,서울특별시 송파구 삼학사로,서울특별시 송파구 탄천,,,,,02-2147-3328,서울특별시 송파구청,2022-12-13
송파둘레길-065,1,서울특별시 송파구 삼학사로,서울특별시 송파구 탄천,,,,,02-2147-3328,서울특별시 송파구청,2022-12-13
송파둘레길-066,1,서울특별시 송파구 삼학사로,서울특별시 송파구 탄천,,,,,02-2147-3328,서울특별시 송파구청,2022-12-13
송파둘레길-067,1,서울특별시 송파구 삼학사로,서울특별시 송파구 탄천,,,,,02-2147-3328,서울특별시 송파구청,2022-12-13
송파둘레길-068,1,서울특별시 송파구 삼학사로,서울특별시 송파구 탄천,,,,,02-2147-3328,서울특별시 송파구청,2022-12-13
송파둘레길-069,1,서울특별시 송파구 삼학사로,서울특별시 송파구 탄천,,,,,02-2147-3328,서울특별시 송파구청,2022-12-13
송파둘레길-070,1,서울특별시 송파구 삼학사로,서울특별시 송파구 탄천,,,,,02-2147-3328,서울특별시 송파구청,2022-12-13
송파둘레길-071,1,서울특별시 송파구 삼학사로,서울특별시 송파구 탄천,,,,,02-2147-3328,서울특별시 송파구청,2022-12-13
송파둘레길-072,1,서울특별시 송파구 삼학사로,서울특별시 송파구 탄천,,,,,02-2147-3328,서울특별시 송파구청,2022-12-13
송파둘레길-073,1,서울특별시 송파구 삼학사로,서울특별시 송파구 탄천,,,,,02-2147-3328,서울특별시 송파구청,2022-12-13
송파둘레길-074,1,서울특별시 송파구 삼학사로,서울특별시 송파구 탄천,,,,,02-2147-3328,서울특별시 송파구청,2022-12-13
송파둘레길-075,1,서울특별시 송파구 삼학사로,서울특별시 송파구 탄천,,,,,02-2147-3328,서울특별시 송파구청,2022-12-13
송파둘레길-076,1,서울특별시 송파구 삼학사로,서울특별시 송파구 탄천,,,,,02-2147-3328,서울특별시 송파구청,2022-12-13
송파둘레길-077,1,서울특별시 송파구 삼학사로,서울특별시 송파구 탄천,,,,,02-2147-3328,서울특별시 송파구청,2022-12-13
송파둘레길-078,1,서울특별시 송파구 삼학사로,서울특별시 송파구 탄천,,,,,02-2147-3328,서울특별시 송파구청,2022-12-13
송파둘레길-079,1,서울특별시 송파구 삼학사로,서울특별시 송파구 탄천,,,,,02-2147-3328,서울특별시 송파구청,2022-12-13
송파둘레길-080,1,서울특별시 송파구 삼학사로,서울특별시 송파구 탄천,,,,,02-2147-3328,서울특별시 송파구청,2022-12-13
송파둘레길-081,1,서울특별시 송파구 삼학사로,서울특별시 송파구 탄천,,,,,02-2147-3328,서울특별시 송파구청,2022-12-13
송파둘레길-082,1,서울특별시 송파구 삼학사로,서울특별시 송파구 탄천,,,,,02-2147-3328,서울특별시 송파구청,2022-12-13
송파둘레길-083,1,서울특별시 송파구 삼학사로,서울특별시 송파구 탄천,,,,,02-2147-3328,서울특별시 송파구청,2022-12-13
송파둘레길-084,1,서울특별시 송파구 삼학사로,서울특별시 송파구 탄천,,,,,02-2147-3328,서울특별시 송파구청,2022-12-13
송파둘레길-085,1,서울특별시 송파구 삼학사로,서울특별시 송파구 탄천,,,,,02-2147-3328,서울특별시 송파구청,2022-12-13
송파둘레길-086,1,서울특별시 송파구 삼학사로,서울특별시 송파구 탄천,,,,,02-2147-3328,서울특별시 송파구청,2022-12-13
송파둘레길-087,1,서울특별시 송파구 삼학사로,서울특별시 송파구 탄천,,,,,02-2147-3328,서울특별시 송파구청,2022-12-13
송파둘레길-088,1,서울특별시 송파구 삼학사로,서울특별시 송파구 탄천,,,,,02-2147-3328,서울특별시 송파구청,2022-12-13
송파둘레길-089,1,서울특별시 송파구 삼학사로,서울특별시 송파구 탄천,,,,,02-2147-3328,서울특별시 송파구청,2022-12-13
송파둘레길-090,1,서울특별시 송파구 삼학사로,서울특별시 송파구 탄천,,,,,02-2147-3328,서울특별시 송파구청,2022-12-13
송파둘레길-091,1,서울특별시 송파구 삼학사로,서울특별시 송파구 탄천,,,,,02-2147-3328,서울특별시 송파구청,2022-12-13
송파둘레길-092,1,서울특별시 송파구 삼학사로,서울특별시 송파구 탄천,,,,,02-2147-3328,서울특별시 송파구청,2022-12-13
송파둘레길-093,1,서울특별시 송파구 삼학사로,서울특별시 송파구 탄천,,,,,02-2147-3328,서울특별시 송파구청,2022-12-13
송파둘레길-094,1,서울특별시 송파구 삼학사로,서울특별시 송파구 탄천,,,,,02-2147-3328,서울특별시 송파구청,2022-12-13
송파둘레길-095,1,서울특별시 송파구 삼학사로,서울특별시 송파구 탄천,,,,,02-2147-3328,서울특별시 송파구청,2022-12-13
송파둘레길-096,1,서울특별시 송파구 삼학사로,서울특별시 송파구 탄천,,,,,02-2147-3328,서울특별시 송파구청,2022-12-13
송파둘레길-097,1,서울특별시 송파구 삼학사로,서울특별시 송파구 탄천,,,,,02-2147-3328,서울특별시 송파구청,2022-12-13
송파둘레길-098,1,서울특별시 송파구 삼학사로,서울특별시 송파구 탄천,,,,,02-2147-3328,서울특별시 송파구청,2022-12-13
송파둘레길-099,1,서울특별시 송파구 삼학사로,서울특별시 송파구 탄천,,,,,02-2147-3328,서울특별시 송파구청,2022-12-13
송파둘레길-100,1,서울특별시 송파구 삼학사로,서울특별시 송파구 탄천,,,,,02-2147-3328,서울특별시 송파구청,2022-12-13
송파둘레길-101,1,서울특별시 송파구 삼학사로,서울특별시 송파구 탄천,,,,,02-2147-3328,서울특별시 송파구청,2022-12-13
송파둘레길-102,1,서울특별시 송파구 삼학사로,서울특별시 송파구 탄천,,,,,02-2147-3328,서울특별시 송파구청,2022-12-13
송파둘레길-103,1,서울특별시 송파구 삼학사로,서울특별시 송파구 탄천,,,,,02-2147-3328,서울특별시 송파구청,2022-12-13
송파둘레길-104,1,서울특별시 송파구 삼학사로,서울특별시 송파구 탄천,,,,,02-2147-3328,서울특별시 송파구청,2022-12-13
송파둘레길-105,1,서울특별시 송파구 삼학사로,서울특별시 송파구 탄천,,,,,02-2147-3328,서울특별시 송파구청,2022-12-13
송파둘레길-106,1,서울특별시 송파구 삼학사로,서울특별시 송파구 탄천,,,,,02-2147-3328,서울특별시 송파구청,2022-12-13
송파둘레길-107,1,서울특별시 송파구 삼학사로,서울특별시 송파구 탄천,,,,,02-2147-3328,서울특별시 송파구청,2022-12-13
송파둘레길-108,1,서울특별시 송파구 삼학사로,서울특별시 송파구 탄천,,,,,02-2147-3328,서울특별시 송파구청,2022-12-13
송파둘레길-109,1,서울특별시 송파구 삼학사로,서울특별시 송파구 탄천,,,,,02-2147-3328,서울특별시 송파구청,2022-12-13
송파둘레길-110,1,서울특별시 송파구 삼학사로,서울특별시 송파구 탄천,,,,,02-2147-3328,서울특별시 송파구청,2022-12-13
송파둘레길-111,1,서울특별시 송파구 삼학사로,서울특별시 송파구 탄천,,,,,02-2147-3328,서울특별시 송파구청,2022-12-13
송파둘레길-112,1,서울특별시 송파구 삼학사로,서울특별시 송파구 탄천,,,,,02-2147-3328,서울특별시 송파구청,2022-12-13
송파둘레길-113,1,서울특별시 송파구 삼학사로,서울특별시 송파구 탄천,,,,,02-2147-3328,서울특별시 송파구청,2022-12-13
송파둘레길-114,1,서울특별시 송파구 삼학사로,서울특별시 송파구 탄천,,,,,02-2147-3328,서울특별시 송파구청,2022-12-13
송파둘레길-115,1,서울특별시 송파구 삼학사로,서울특별시 송파구 탄천,,,,,02-2147-3328,서울특별시 송파구청,2022-12-13
송파둘레길-116,1,서울특별시 송파구 삼학사로,서울특별시 송파구 탄천,,,,,02-2147-3328,서울특별시 송파구청,2022-12-13
송파둘레길-117,1,서울특별시 송파구 삼학사로,서울특별시 송파구 탄천,,,,,02-2147-3328,서울특별시 송파구청,2022-12-13
송파둘레길-118,1,서울특별시 송파구 삼학사로,서울특별시 송파구 탄천,,,,,02-2147-3328,서울특별시 송파구청,2022-12-13
송파둘레길-119,1,서울특별시 송파구 삼학사로,서울특별시 송파구 탄천,,,,,02-2147-3328,서울특별시 송파구청,2022-12-13
송파둘레길-120,1,서울특별시 송파구 삼학사로,서울특별시 송파구 탄천,,,,,02-2147-3328,서울특별시 송파구청,2022-12-13
송파둘레길-121,1,서울특별시 송파구 삼학사로,서울특별시 송파구 탄천,,,,,02-2147-3328,서울특별시 송파구청,2022-12-13
송파둘레길-122,1,서울특별시 송파구 삼학사로,서울특별시 송파구 탄천,,,,,02-2147-3328,서울특별시 송파구청,2022-12-13
송파둘레길-123,1,서울특별시 송파구 삼학사로,서울특별시 송파구 탄천,,,,,02-2147-3328,서울특별시 송파구청,2022-12-13
송파둘레길-124,1,서울특별시 송파구 삼학사로,서울특별시 송파구 탄천,,,,,02-2147-3328,서울특별시 송파구청,2022-12-13
송파둘레길-125,1,서울특별시 송파구 삼학사로,서울특별시 송파구 탄천,,,,,02-2147-3328,서울특별시 송파구청,2022-12-13
송파둘레길-126,1,서울특별시 송파구 삼학사로,서울특별시 송파구 탄천,,,,,02-2147-3328,서울특별시 송파구청,2022-12-13
송파둘레길-127,1,서울특별시 송파구 삼학사로,서울특별시 송파구 탄천,,,,,02-2147-3328,서울특별시 송파구청,2022-12-13
송파둘레길-128,1,서울특별시 송파구 삼학사로,서울특별시 송파구 탄천,,,,,02-2147-3328,서울특별시 송파구청,2022-12-13
송파둘레길-129,1,서울특별시 송파구 삼학사로,서울특별시 송파구 탄천,,,,,02-2147-3328,서울특별시 송파구청,2022-12-13
송파둘레길-130,1,서울특별시 송파구 삼학사로,서울특별시 송파구 탄천,,,,,02-2147-3328,서울특별시 송파구청,2022-12-13
송파둘레길-131,1,서울특별시 송파구 삼학사로,서울특별시 송파구 탄천,,,,,02-2147-3328,서울특별시 송파구청,2022-12-13
송파둘레길-132,1,서울특별시 송파구 삼학사로,서울특별시 송파구 탄천,,,,,02-2147-3328,서울특별시 송파구청,2022-12-13
송파둘레길-133,1,서울특별시 송파구 삼학사로,서울특별시 송파구 탄천,,,,,02-2147-3328,서울특별시 송파구청,2022-12-13
송파둘레길-134,1,서울특별시 송파구 삼학사로,서울특별시 송파구 탄천,,,,,02-2147-3328,서울특별시 송파구청,2022-12-13
송파둘레길-135,1,서울특별시 송파구 삼학사로,서울특별시 송파구 탄천,,,,,02-2147-3328,서울특별시 송파구청,2022-12-13
송파둘레길-136,1,서울특별시 송파구 삼학사로,서울특별시 송파구 탄천,,,,,02-2147-3328,서울특별시 송파구청,2022-12-13
송파둘레길-137,1,서울특별시 송파구 삼학사로,서울특별시 송파구 탄천,,,,,02-2147-3328,서울특별시 송파구청,2022-12-13
송파둘레길-138,1,서울특별시 송파구 삼학사로,서울특별시 송파구 탄천,,,,,02-2147-3328,서울특별시 송파구청,2022-12-13
송파둘레길-139,1,서울특별시 송파구 삼학사로,서울특별시 송파구 탄천,,,,,02-2147-3328,서울특별시 송파구청,2022-12-13
송파둘레길-140,1,서울특별시 송파구 삼학사로,서울특별시 송파구 탄천,,,,,02-2147-3328,서울특별시 송파구청,2022-12-13
송파둘레길-141,1,서울특별시 송파구 삼학사로,서울특별시 송파구 탄천,,,,,02-2147-3328,서울특별시 송파구청,2022-12-13
송파둘레길-142,1,서울특별시 송파구 삼학사로,서울특별시 송파구 탄천,,,,,02-2147-3328,서울특별시 송파구청,2022-12-13
송파둘레길-143,1,서울특별시 송파구 삼학사로,서울특별시 송파구 탄천,,,,,02-2147-3328,서울특별시 송파구청,2022-12-13
송파둘레길-144,1,서울특별시 송파구 삼학사로,서울특별시 송파구 탄천,,,,,02-2147-3328,서울특별시 송파구청,2022-12-13
송파둘레길-145,1,서울특별시 송파구 삼학사로,서울특별시 송파구 탄천,,,,,02-2147-3328,서울특별시 송파구청,2022-12-13
송파둘레길-146,1,서울특별시 송파구 삼학사로,서울특별시 송파구 탄천,,,,,02-2147-3328,서울특별시 송파구청,2022-12-13
송파둘레길-147,1,서울특별시 송파구 삼학사로,서울특별시 송파구 탄천,,,,,02-2147-3328,서울특별시 송파구청,2022-12-13
송파둘레길-148,1,서울특별시 송파구 삼학사로,서울특별시 송파구 탄천,,,,,02-2147-3328,서울특별시 송파구청,2022-12-13
송파둘레길-149,1,서울특별시 송파구 삼학사로,서울특별시 송파구 탄천,,,,,02-2147-3328,서울특별시 송파구청,2022-12-13
송파둘레길-150,1,서울특별시 송파구 삼학사로,서울특별시 송파구 탄천,,,,,02-2147-3328,서울특별시 송파구청,2022-12-13
송파둘레길-151,1,서울특별시 송파구 삼학사로,서울특별시 송파구 탄천,,,,,02-2147-3328,서울특별시 송파구청,2022-12-13
송파둘레길-152,1,서울특별시 송파구 삼학사로,서울특별시 송파구 탄천,,,,,02-2147-3328,서울특별시 송파구청,2022-12-13
송파둘레길-153,1,서울특별시 송파구 삼학사로,서울특별시 송파구 탄천,,,,,02-2147-3328,서울특별시 송파구청,2022-12-13
송파둘레길-154,1,서울특별시 송파구 삼학사로,서울특별시 송파구 탄천,,,,,02-2147-3328,서울특별시 송파구청,2022-12-13
송파둘레길-155,1,서울특별시 송파구 삼학사로,서울특별시 송파구 탄천,,,,,02-2147-3328,서울특별시 송파구청,2022-12-13
송파둘레길-156,1,서울특별시 송파구 삼학사로,서울특별시 송파구 탄천,,,,,02-2147-3328,서울특별시 송파구청,2022-12-13
송파둘레길-157,1,서울특별시 송파구 삼학사로,서울특별시 송파구 탄천,,,,,02-2147-3328,서울특별시 송파구청,2022-12-13
송파둘레길-158,1,서울특별시 송파구 삼학사로,서울특별시 송파구 탄천,,,,,02-2147-3328,서울특별시 송파구청,2022-12-13
송파둘레길-159,1,서울특별시 송파구 삼학사로,서울특별시 송파구 탄천,,,,,02-2147-3328,서울특별시 송파구청,2022-12-13
송파둘레길-160,1,서울특별시 송파구 삼학사로,서울특별시 송파구 탄천,,,,,02-2147-3328,서울특별시 송파구청,2022-12-13
송파둘레길-161,1,서울특별시 송파구 삼학사로,서울특별시 송파구 탄천,,,,,02-2147-3328,서울특별시 송파구청,2022-12-13
송파둘레길-162,1,서울특별시 송파구 삼학사로,서울특별시 송파구 탄천,,,,,02-2147-3328,서울특별시 송파구청,2022-12-13
송파둘레길-163,1,서울특별시 송파구 삼학사로,서울특별시 송파구 탄천,,,,,02-2147-3328,서울특별시 송파구청,2022-12-13
송파둘레길-164,1,서울특별시 송파구 삼학사로,서울특별시 송파구 탄천,,,,,02-2147-3328,서울특별시 송파구청,2022-12-13
송파둘레길-165,1,서울특별시 송파구 삼학사로,서울특별시 송파구 탄천,,,,,02-2147-3328,서울특별시 송파구청,2022-12-13
송파둘레길-166,1,서울특별시 송파구 삼학사로,서울특별시 송파구 탄천,,,,,02-2147-3328,서울특별시 송파구청,2022-12-13
송파둘레길-167,1,서울특별시 송파구 삼학사로,서울특별시 송파구 탄천,,,,,02-2147-3328,서울특별시 송파구청,2022-12-13
송파둘레길-168,1,서울특별시 송파구 삼학사로,서울특별시 송파구 탄천,,,,,02-2147-3328,서울특별시 송파구청,2022-12-13
송파둘레길-169,1,서울특별시 송파구 삼학사로,서울특별시 송파구 탄천,,,,,02-2147-3328,서울특별시 송파구청,2022-12-13
송파둘레길-170,1,서울특별시 송파구 삼학사로,서울특별시 송파구 탄천,,,,,02-2147-3328,서울특별시 송파구청,2022-12-13
송파둘레길-171,1,서울특별시 송파구 삼학사로,서울특별시 송파구 탄천,,,,,02-2147-3328,서울특별시 송파구청,2022-12-13
송파둘레길-172,1,서울특별시 송파구 삼학사로,서울특별시 송파구 탄천,,,,,02-2147-3328,서울특별시 송파구청,2022-12-13
송파둘레길-173,1,서울특별시 송파구 삼학사로,서울특별시 송파구 탄천,,,,,02-2147-3328,서울특별시 송파구청,2022-12-13
송파둘레길-174,1,서울특별시 송파구 삼학사로,서울특별시 송파구 탄천,,,,,02-2147-3328,서울특별시 송파구청,2022-12-13
송파둘레길-175,1,서울특별시 송파구 삼학사로,서울특별시 송파구 탄천,,,,,02-2147-3328,서울특별시 송파구청,2022-12-13
송파둘레길-176,1,서울특별시 송파구 삼학사로,서울특별시 송파구 탄천,,,,,02-2147-3328,서울특별시 송파구청,2022-12-13
송파둘레길-177,1,서울특별시 송파구 삼학사로,서울특별시 송파구 탄천,,,,,02-2147-3328,서울특별시 송파구청,2022-12-13
송파둘레길-178,1,서울특별시 송파구 삼학사로,서울특별시 송파구 탄천,,,,,02-2147-3328,서울특별시 송파구청,2022-12-13
송파둘레길-179,1,서울특별시 송파구 삼학사로,서울특별시 송파구 탄천,,,,,02-2147-3328,서울특별시 송파구청,2022-12-13
송파둘레길-180,1,서울특별시 송파구 삼학사로,서울특별시 송파구 탄천,,,,,02-2147-3328,서울특별시 송파구청,2022-12-13
송파둘레길-181,1,서울특별시 송파구 삼학사로,서울특별시 송파구 탄천,,,,,02-2147-3328,서울특별시 송파구청,2022-12-13
송파둘레길-182,1,서울특별시 송파구 삼학사로,서울특별시 송파구 탄천,,,,,02-2147-3328,서울특별시 송파구청,2022-12-13
송파둘레길-183,1,서울특별시 송파구 삼학사로,서울특별시 송파구 탄천,,,,,02-2147-3328,서울특별시 송파구청,2022-12-13
송파둘레길-184,1,서울특별시 송파구 삼학사로,서울특별시 송파구 탄천,,,,,02-2147-3328,서울특별시 송파구청,2022-12-13
송파둘레길-185,1,서울특별시 송파구 삼학사로,서울특별시 송파구 탄천,,,,,02-2147-3328,서울특별시 송파구청,2022-12-13
송파둘레길-186,1,서울특별시 송파구 삼학사로,서울특별시 송파구 탄천,,,,,02-2147-3328,서울특별시 송파구청,2022-12-13
송파둘레길-187,1,서울특별시 송파구 삼학사로,서울특별시 송파구 탄천,,,,,02-2147-3328,서울특별시 송파구청,2022-12-13
송파둘레길-188,1,서울특별시 송파구 삼학사로,서울특별시 송파구 탄천,,,,,02-2147-3328,서울특별시 송파구청,2022-12-13
송파둘레길-189,1,서울특별시 송파구 삼학사로,서울특별시 송파구 탄천,,,,,02-2147-3328,서울특별시 송파구청,2022-12-13
송파둘레길-190,1,서울특별시 송파구 삼학사로,서울특별시 송파구 탄천,,,,,02-2147-3328,서울특별시 송파구청,2022-12-13
송파둘레길-191,1,서울특별시 송파구 삼학사로,서울특별시 송파구 탄천,,,,,02-2147-3328,서울특별시 송파구청,2022-12-13
송파둘레길-192,1,서울특별시 송파구 삼학사로,서울특별시 송파구 탄천,,,,,02-2147-3328,서울특별시 송파구청,2022-12-13
송파둘레길-193,1,서울특별시 송파구 삼학사로,서울특별시 송파구 탄천,,,,,02-2147-3328,서울특별시 송파구청,2022-12-13
송파둘레길-194,1,서울특별시 송파구 삼학사로,서울특별시 송파구 탄천,,,,,02-2147-3328,서울특별시 송파구청,2022-12-13
송파둘레길-195,1,서울특별시 송파구 삼학사로,서울특별시 송파구 탄천,,,,,02-2147-3328,서울특별시 송파구청,2022-12-13
송파둘레길-196,1,서울특별시 송파구 삼학사로,서울특별시 송파구 탄천,,,,,02-2147-3328,서울특별시 송파구청,2022-12-13
송파둘레길-197,1,서울특별시 송파구 삼학사로,서울특별시 송파구 탄천,,,,,02-2147-3328,서울특별시 송파구청,2022-12-13
송파둘레길-198,1,서울특별시 송파구 삼학사로,서울특별시 송파구 탄천,,,,,02-2147-3328,서울특별시 송파구청,2022-12-13
송파둘레길-199,1,서울특별시 송파구 삼학사로,서울특별시 송파구 탄천,,,,,02-2147-3328,서울특별시 송파구청,2022-12-13
송파둘레길-200,1,서울특별시 송파구 삼학사로,서울특별시 송파구 탄천,,,,,02-2147-3328,서울특별시 송파구청,2022-12-13
송파둘레길-201,1,서울특별시 송파구 삼학사로,서울특별시 송파구 탄천,,,,,02-2147-3328,서울특별시 송파구청,2022-12-13
송파둘레길-202,1,서울특별시 송파구 삼학사로,서울특별시 송파구 탄천,,,,,02-2147-3328,서울특별시 송파구청,2022-12-13
송파둘레길-203,1,서울특별시 송파구 삼학사로,서울특별시 송파구 탄천,,,,,02-2147-3328,서울특별시 송파구청,2022-12-13
송파둘레길-204,1,서울특별시 송파구 삼학사로,서울특별시 송파구 탄천,,,,,02-2147-3328,서울특별시 송파구청,2022-12-13
송파둘레길-205,1,서울특별시 송파구 삼학사로,서울특별시 송파구 탄천,,,,,02-2147-3328,서울특별시 송파구청,2022-12-13
송파둘레길-206,1,서울특별시 송파구 삼학사로,서울특별시 송파구 탄천,,,,,02-2147-3328,서울특별시 송파구청,2022-12-13
송파둘레길-207,1,서울특별시 송파구 삼학사로,서울특별시 송파구 탄천,,,,,02-2147-3328,서울특별시 송파구청,2022-12-13
송파둘레길-208,1,서울특별시 송파구 삼학사로,서울특별시 송파구 탄천,,,,,02-2147-3328,서울특별시 송파구청,2022-12-13
송파둘레길-209,1,서울특별시 송파구 삼학사로,서울특별시 송파구 탄천,,,,,02-2147-3328,서울특별시 송파구청,2022-12-13
송파둘레길-210,1,서울특별시 송파구 삼학사로,서울특별시 송파구 탄천,,,,,02-2147-3328,서울특별시 송파구청,2022-12-13
송파둘레길-211,1,서울특별시 송파구 삼학사로,서울특별시 송파구 탄천,,,,,02-2147-3328,서울특별시 송파구청,2022-12-13
송파둘레길-212,1,서울특별시 송파구 삼학사로,서울특별시 송파구 탄천,,,,,02-2147-3328,서울특별시 송파구청,2022-12-13
송파둘레길-213,1,서울특별시 송파구 삼학사로,서울특별시 송파구 탄천,,,,,02-2147-3328,서울특별시 송파구청,2022-12-13
송파둘레길-214,1,서울특별시 송파구 삼학사로,서울특별시 송파구 탄천,,,,,02-2147-3328,서울특별시 송파구청,2022-12-13
송파둘레길-215,1,서울특별시 송파구 삼학사로,서울특별시 송파구 탄천,,,,,02-2147-3328,서울특별시 송파구청,2022-12-13
송파둘레길-216,1,서울특별시 송파구 삼학사로,서울특별시 송파구 탄천,,,,,02-2147-3328,서울특별시 송파구청,2022-12-13
송파둘레길-217,1,서울특별시 송파구 삼학사로,서울특별시 송파구 탄천,,,,,02-2147-3328,서울특별시 송파구청,2022-12-13
송파둘레길-218,1,서울특별시 송파구 삼학사로,서울특별시 송파구 탄천,,,,,02-2147-3328,서울특별시 송파구청,2022-12-13
송파둘레길-219,1,서울특별시 송파구 삼학사로,서울특별시 송파구 탄천,,,,,02-2147-3328,서울특별시 송파구청,2022-12-13
송파둘레길-220,1,서울특별시 송파구 삼학사로,서울특별시 송파구 탄천,,,,,02-2147-3328,서울특별시 송파구청,2022-12-13
오금동-001,1,서울특별시 송파구 위례성대로22나길 13,서울특별시 송파구 오금동 51-3,,,,,02-2147-3328,서울특별시 송파구청,2022-12-13
오금동-002,1,서울특별시 송파구 위례성대로,서울특별시 송파구 오금동 54-9,,,,,02-2147-3328,서울특별시 송파구청,2022-12-13
오금동-003,1,서울특별시 송파구 위례성대로,서울특별시 송파구 오금동 48-9,,,,,02-2147-3328,서울특별시 송파구청,2022-12-13
오금동-004,1,서울특별시 송파구 위례성대로,서울특별시 송파구 오금동 65-15,,,,,02-2147-3328,서울특별시 송파구청,2022-12-13
오금동-005,1,서울특별시 송파구 양재대로72길 5,서울특별시 송파구 오금동 47-5,,,,,02-2147-3328,서울특별시 송파구청,2022-12-13
오금동-006,1,서울특별시 송파구 위례성대로176,서울특별시 송파구 오금동 122-11,,,,,02-2147-3328,서울특별시 송파구청,2022-12-13
오금동-007,1,서울특별시 송파구 위례성대로20길 10,서울특별시 송파구 오금동 144-3,,,,,02-2147-3328,서울특별시 송파구청,2022-12-13
오금동-008,1,서울특별시 송파구 양재대로1164,서울특별시 송파구 오금동 129-21,,,,,02-2147-3328,서울특별시 송파구청,2022-12-13
오금동-009,1,서울특별시 송파구 위례성대로20길6,서울특별시 송파구 오금동 64-7,,,,,02-2147-3328,서울특별시 송파구청,2022-12-13
오금동-010,1,서울특별시 송파구 마천로5길16,서울특별시 송파구 오금동 59,,,,,02-2147-3328,서울특별시 송파구청,2022-12-13
오금동-011,1,서울특별시 송파구 위례성대로20길33,서울특별시 송파구 오금동 115,,,,,02-2147-3328,서울특별시 송파구청,2022-12-13
오금동-012,1,서울특별시 송파구 위례성대로20길31,서울특별시 송파구 오금동 115,,,,,02-2147-3328,서울특별시 송파구청,2022-12-13
오금동-013,1,서울특별시 송파구 위례성대로20길29,서울특별시 송파구 오금동 58-9,,,,,02-2147-3328,서울특별시 송파구청,2022-12-13
오금동-014,1,서울특별시 송파구 마천로7가길5,서울특별시 송파구 오금동 71-15,,,,,02-2147-3328,서울특별시 송파구청,2022-12-13
오금동-015,1,서울특별시 송파구 위례성대로20길23,서울특별시 송파구 오금동 57-13,,,,,02-2147-3328,서울특별시 송파구청,2022-12-13
오금동-016,1,서울특별시 송파구 위례성대로20길22,서울특별시 송파구 오금동 55-9,,,,,02-2147-3328,서울특별시 송파구청,2022-12-13
오금동-017,1,서울특별시 송파구 양재대로1148,서울특별시 송파구 오금동 118-11,,,,,02-2147-3328,서울특별시 송파구청,2022-12-13
오금동-018,1,서울특별시 송파구 마천로7가길10,서울특별시 송파구 오금동 136-1,,,,,02-2147-3328,서울특별시 송파구청,2022-12-13
오금동-019,1,서울특별시 송파구 마천로7가길3-1,서울특별시 송파구 오금동 136-9,,,,,02-2147-3328,서울특별시 송파구청,2022-12-13
오금동-020,1,서울특별시 송파구 양재대로72길23,서울특별시 송파구 오금동 25-6,,,,,02-2147-3328,서울특별시 송파구청,2022-12-13
오금동-021,1,서울특별시 송파구 양재대로72길 23,서울특별시 송파구 오금동 87,,,,,02-2147-3328,서울특별시 송파구청,2022-12-13
오금동-022,1,서울특별시 송파구 양대재로72길47-8,서울특별시 송파구 오금동 53-17,,,,,02-2147-3328,서울특별시 송파구청,2022-12-13
오금동-023,1,서울특별시 송파구 마천로7길4,서울특별시 송파구 오금동 30-2,,,,,02-2147-3328,서울특별시 송파구청,2022-12-13
오금동-024,1,서울특별시 송파구 마천로7길4,서울특별시 송파구 오금동 120-8,,,,,02-2147-3328,서울특별시 송파구청,2022-12-13
오금동-025,1,서울특별시 송파구 위례성대로22길32,서울특별시 송파구 오금동 48-16,,,,,02-2147-3328,서울특별시 송파구청,2022-12-13
오금동-026,1,서울특별시 송파구 위례성대로22길32,서울특별시 송파구 오금동 17-3,,,,,02-2147-3328,서울특별시 송파구청,2022-12-13
오금동-027,1,서울특별시 송파구 위례성대로22길 26-9,서울특별시 송파구 오금동 17-3,,,,,02-2147-3328,서울특별시 송파구청,2022-12-13
오금동-028,1,서울특별시 송파구 위례성대로22나길27,서울특별시 송파구 오금동 17-3,,,,,02-2147-3328,서울특별시 송파구청,2022-12-13
오금동-029,1,서울특별시 송파구 양재대로72길 29,서울특별시 송파구 오금동 17-3,,,,,02-2147-3328,서울특별시 송파구청,2022-12-13
오금동-030,1,서울특별시 송파구 양재대로72길 29,서울특별시 송파구 오금동 26-2,,,,,02-2147-3328,서울특별시 송파구청,2022-12-13
오금동-031,1,서울특별시 송파구 위례성대로22길16,서울특별시 송파구 오금동 121-16,,,,,02-2147-3328,서울특별시 송파구청,2022-12-13
오금동-032,1,서울특별시 송파구 위례성대로224길3-13,서울특별시 송파구 오금동 57-7,,,,,02-2147-3328,서울특별시 송파구청,2022-12-13
오금동-033,1,서울특별시 송파구 위례성대로22나길3-11,서울특별시 송파구 오금동 54-4,,,,,02-2147-3328,서울특별시 송파구청,2022-12-13
오금동-034,1,서울특별시 송파구 위례성대로22길 11,서울특별시 송파구 오금동 115-13,,,,,02-2147-3328,서울특별시 송파구청,2022-12-13
오금동-035,1,서울특별시 송파구 위례성대로22길 11,서울특별시 송파구 오금동 30-2,,,,,02-2147-3328,서울특별시 송파구청,2022-12-13
오금동-036,1,서울특별시 송파구 위례성대로22길 11,서울특별시 송파구 오금동 21,,,,,02-2147-3328,서울특별시 송파구청,2022-12-13
오금동-037,1,서울특별시 송파구 위례성대로22길 11,서울특별시 송파구 오금동 9-1,,,,,02-2147-3328,서울특별시 송파구청,2022-12-13
오금동-038,1,서울특별시 송파구 위례성대로22길 11,서울특별시 송파구 오금동 68-2,,,,,02-2147-3328,서울특별시 송파구청,2022-12-13
오금동-039,1,서울특별시 송파구 위례성대로22길 11,서울특별시 송파구 오금동 22-2,,,,,02-2147-3328,서울특별시 송파구청,2022-12-13
오금동-040,1,서울특별시 송파구 위례성대로22길 11,서울특별시 송파구 오금동 65-7,,,,,02-2147-3328,서울특별시 송파구청,2022-12-13
오금동-041,1,서울특별시 송파구 위례성대로22길 11,서울특별시 송파구 오금동 147-10,,,,,02-2147-3328,서울특별시 송파구청,2022-12-13
오금동-042,1,서울특별시 송파구 위례성대로22가길20,서울특별시 송파구 오금동 5,,,,,02-2147-3328,서울특별시 송파구청,2022-12-13
오금동-043,1,서울특별시 송파구 위례성대로22가길16,서울특별시 송파구 오금동 151-7,,,,,02-2147-3328,서울특별시 송파구청,2022-12-13
오금동-044,1,서울특별시 송파구 마천로11길 3-22,서울특별시 송파구 오금동 26-1,,,,,02-2147-3328,서울특별시 송파구청,2022-12-13
오금동-045,1,서울특별시 송파구 위례성대로22길 27-22,서울특별시 송파구 오금동 27,,,,,02-2147-3328,서울특별시 송파구청,2022-12-13
오금동-046,1,서울특별시 송파구 위례성대로22길 27-22,서울특별시 송파구 오금동 31-2,,,,,02-2147-3328,서울특별시 송파구청,2022-12-13
오금동-047,1,서울특별시 송파구 중대로293,서울특별시 송파구 오금동 30-2,,,,,02-2147-3328,서울특별시 송파구청,2022-12-13
오금동-048,1,서울특별시 송파구 위례성대로22길 27-22,서울특별시 송파구 오금동 27,,,,,02-2147-3328,서울특별시 송파구청,2022-12-13
오금동-049,1,서울특별시 송파구 중대로35길9,서울특별시 송파구 오금동 26-3,,,,,02-2147-3328,서울특별시 송파구청,2022-12-13
오금동-050,1,서울특별시 송파구 중대로293,서울특별시 송파구 오금동 30-2,,,,,02-2147-3328,서울특별시 송파구청,2022-12-13
오금동-051,1,서울특별시 송파구 중대로293,서울특별시 송파구 오금동 30-2,,,,,02-2147-3328,서울특별시 송파구청,2022-12-13
오금동-052,1,서울특별시 송파구 마천로8길15,서울특별시 송파구 오금동 41-17,,,,,02-2147-3328,서울특별시 송파구청,2022-12-13
오금동-053,1,서울특별시 송파구 마천로8길19-13,서울특별시 송파구 오금동 41-14,,,,,02-2147-3328,서울특별시 송파구청,2022-12-13
오금동-054,1,서울특별시 송파구 마천로 82,서울특별시 송파구 오금동 40-1,,,,,02-2147-3328,서울특별시 송파구청,2022-12-13
오금동-055,1,서울특별시 송파구 마천로,서울특별시 송파구 오금동 39,,,,,02-2147-3328,서울특별시 송파구청,2022-12-13
오금동-056,1,서울특별시 송파구 중대로31가길 3-26,서울특별시 송파구 오금동 36-11,,,,,02-2147-3328,서울특별시 송파구청,2022-12-13
오금동-057,1,서울특별시 송파구 중대로31길18,서울특별시 송파구 오금동 35,,,,,02-2147-3328,서울특별시 송파구청,2022-12-13
오금동-058,1,서울특별시 송파구 중대로31가길 3-22,서울특별시 송파구 오금동 36-9,,,,,02-2147-3328,서울특별시 송파구청,2022-12-13
오금동-059,1,서울특별시 송파구 오금로51길 50,서울특별시 송파구 오금동 14-7,,,,,02-2147-3328,서울특별시 송파구청,2022-12-13
오금동-060,1,서울특별시 송파구 중대로31가길3-5,서울특별시 송파구 오금동 35-7,,,,,02-2147-3328,서울특별시 송파구청,2022-12-13
오금동-061,1,서울특별시 송파구 중대로31가길3,서울특별시 송파구 오금동 35-6,,,,,02-2147-3328,서울특별시 송파구청,2022-12-13
오금동-062,1,서울특별시 송파구 중대로31가길6-1,서울특별시 송파구 오금동 33-15,,,,,02-2147-3328,서울특별시 송파구청,2022-12-13
오금동-063,1,서울특별시 송파구 중대로31가길10-1,서울특별시 송파구 오금동 33-19,,,,,02-2147-3328,서울특별시 송파구청,2022-12-13
오금동-064,1,서울특별시 송파구 중대로33길15,서울특별시 송파구 오금동 37-9,,,,,02-2147-3328,서울특별시 송파구청,2022-12-13
오금동-065,1,서울특별시 송파구 중대로31길 4,서울특별시 송파구 오금동 33-11,,,,,02-2147-3328,서울특별시 송파구청,2022-12-13
오금동-066,1,서울특별시 송파구 중대로31길 8,서울특별시 송파구 오금동 35-3,,,,,02-2147-3328,서울특별시 송파구청,2022-12-13
오금동-067,1,서울특별시 송파구 중대로31길 10,서울특별시 송파구 오금동 35-2,,,,,02-2147-3328,서울특별시 송파구청,2022-12-13
오금동-068,1,서울특별시 송파구 중대로31길 14,서울특별시 송파구 오금동 35-1,,,,,02-2147-3328,서울특별시 송파구청,2022-12-13
오금동-069,1,서울특별시 송파구 오금로35길20,서울특별시 송파구 오금동 34,,,,,02-2147-3328,서울특별시 송파구청,2022-12-13
오금동-070,1,서울특별시 송파구 오금로35길20,서울특별시 송파구 오금동 34,,,,,02-2147-3328,서울특별시 송파구청,2022-12-13
오금동-071,1,서울특별시 송파구 오금로35길20,서울특별시 송파구 오금동 34,,,,,02-2147-3328,서울특별시 송파구청,2022-12-13
오금동-072,1,서울특별시 송파구 중대로29길 13,서울특별시 송파구 오금동 47-1,,,,,02-2147-3328,서울특별시 송파구청,2022-12-13
오금동-073,1,서울특별시 송파구 중대로29길 7,서울특별시 송파구 오금동 47-4,,,,,02-2147-3328,서울특별시 송파구청,2022-12-13
오금동-074,1,서울특별시 송파구 중대로29길 5,서울특별시 송파구 오금동 47-5,,,,,02-2147-3328,서울특별시 송파구청,2022-12-13
오금동-075,1,서울특별시 송파구 중대로25길4-8,서울특별시 송파구 오금동 49-2,,,,,02-2147-3328,서울특별시 송파구청,2022-12-13
오금동-076,1,서울특별시 송파구 중대로27길6,서울특별시 송파구 오금동 47-9,,,,,02-2147-3328,서울특별시 송파구청,2022-12-13
오금동-077,1,서울특별시 송파구 중대로27길 11,서울특별시 송파구 오금동 48,,,,,02-2147-3328,서울특별시 송파구청,2022-12-13
오금동-078,1,서울특별시 송파구 중대로40길5-5,서울특별시 송파구 오금동 94-2,,,,,02-2147-3328,서울특별시 송파구청,2022-12-13
오금동-079,1,서울특별시 송파구 중대로40길20,서울특별시 송파구 오금동 92,,,,,02-2147-3328,서울특별시 송파구청,2022-12-13
오금동-080,1,서울특별시 송파구 중대로40길20-11,서울특별시 송파구 오금동 90-3,,,,,02-2147-3328,서울특별시 송파구청,2022-12-13
오금동-081,1,서울특별시 송파구 중대로38길3-4,서울특별시 송파구 오금동 92-4,,,,,02-2147-3328,서울특별시 송파구청,2022-12-13
오금동-082,1,서울특별시 송파구 중대로38길4-13,서울특별시 송파구 오금동 82-1,,,,,02-2147-3328,서울특별시 송파구청,2022-12-13
오금동-083,1,서울특별시 송파구 마천로15길4,서울특별시 송파구 오금동 79-21,,,,,02-2147-3328,서울특별시 송파구청,2022-12-13
오금동-084,1,서울특별시 송파구 중대로34길13,서울특별시 송파구 오금동 84-5,,,,,02-2147-3328,서울특별시 송파구청,2022-12-13
오금동-085,1,서울특별시 송파구 중대로31길18,서울특별시 송파구 오금동 35,,,,,02-2147-3328,서울특별시 송파구청,2022-12-13
오금동-086,1,서울특별시 송파구 중대로36길14,서울특별시 송파구 오금동 86-2,,,,,02-2147-3328,서울특별시 송파구청,2022-12-13
오금동-087,1,서울특별시 송파구 마천로13길12,서울특별시 송파구 오금동 86,,,,,02-2147-3328,서울특별시 송파구청,2022-12-13
오금동-088,1,서울특별시 송파구 마천로15길9-13,서울특별시 송파구 오금동 85-13,,,,,02-2147-3328,서울특별시 송파구청,2022-12-13
오금동-089,1,서울특별시 송파구 마천로15길9,서울특별시 송파구 오금동 85-8,,,,,02-2147-3328,서울특별시 송파구청,2022-12-13
오금동-090,1,서울특별시 송파구 마천로127-7,서울특별시 송파구 오금동 79-17,,,,,02-2147-3328,서울특별시 송파구청,2022-12-13
오금동-091,1,서울특별시 송파구 마천로17길13,서울특별시 송파구 오금동 77-5,,,,,02-2147-3328,서울특별시 송파구청,2022-12-13
오금동-092,1,서울특별시 송파구 마천로17길4-8,서울특별시 송파구 오금동 74-9,,,,,02-2147-3328,서울특별시 송파구청,2022-12-13
오금동-093,1,서울특별시 송파구 마천로17길4-14,서울특별시 송파구 오금동 74-11,,,,,02-2147-3328,서울특별시 송파구청,2022-12-13
오금동-094,1,서울특별시 송파구 동남로23길49,서울특별시 송파구 오금동 52-15,,,,,02-2147-3328,서울특별시 송파구청,2022-12-13
오금동-095,1,서울특별시 송파구 동남로23다길14,서울특별시 송파구 오금동 52-8,,,,,02-2147-3328,서울특별시 송파구청,2022-12-13
오금동-096,1,서울특별시 송파구 동남로23가길 30,서울특별시 송파구 오금동 54-6,,,,,02-2147-3328,서울특별시 송파구청,2022-12-13
오금동-097,1,서울특별시 송파구 동남로,서울특별시 송파구 오금동 51,,,,,02-2147-3328,서울특별시 송파구청,2022-12-13
오금동-098,1,서울특별시 송파구 동남로23길29-8,서울특별시 송파구 오금동 56-8,,,,,02-2147-3328,서울특별시 송파구청,2022-12-13
오금동-099,1,서울특별시 송파구 동남로23가길8-14,서울특별시 송파구 오금동 55-15,,,,,02-2147-3328,서울특별시 송파구청,2022-12-13
오금동-100,1,서울특별시 송파구 동남로23가길8-9,서울특별시 송파구 오금동 55-15,,,,,02-2147-3328,서울특별시 송파구청,2022-12-13
오금동-101,1,서울특별시 송파구 마천로16길51-6,서울특별시 송파구 오금동 57-4,,,,,02-2147-3328,서울특별시 송파구청,2022-12-13
오금동-102,1,서울특별시 송파구 마천로16나길2,서울특별시 송파구 오금동 53-14,,,,,02-2147-3328,서울특별시 송파구청,2022-12-13
오금동-103,1,서울특별시 송파구 동남로23나길 7,서울특별시 송파구 오금동 53-11,,,,,02-2147-3328,서울특별시 송파구청,2022-12-13
오금동-104,1,서울특별시 송파구 동남로23가길 8-25,서울특별시 송파구 오금동 55-5,,,,,02-2147-3328,서울특별시 송파구청,2022-12-13
오금동-105,1,서울특별시 송파구 동남로23가길 8-9,서울특별시 송파구 오금동 56-10,,,,,02-2147-3328,서울특별시 송파구청,2022-12-13
오금동-106,1,서울특별시 송파구 성내천로6길8,서울특별시 송파구 오금동 73-2,,,,,02-2147-3328,서울특별시 송파구청,2022-12-13
오금동-107,1,서울특별시 송파구 성내천로6길1-13,서울특별시 송파구 오금동 67-7,,,,,02-2147-3328,서울특별시 송파구청,2022-12-13
오금동-108,1,서울특별시 송파구 성내천로8길 8-5,서울특별시 송파구 오금동 67,,,,,02-2147-3328,서울특별시 송파구청,2022-12-13
오금동-109,1,서울특별시 송파구 성내천로6길7,서울특별시 송파구 오금동 69,,,,,02-2147-3328,서울특별시 송파구청,2022-12-13
오금동-110,1,서울특별시 송파구 성내천로6길5-10,서울특별시 송파구 오금동 69-2,,,,,02-2147-3328,서울특별시 송파구청,2022-12-13
오금동-111,1,서울특별시 송파구 성내천로6길9-19,서울특별시 송파구 오금동 69-6,,,,,02-2147-3328,서울특별시 송파구청,2022-12-13
오금동-112,1,서울특별시 송파구 마천로18길8,서울특별시 송파구 오금동 71-3,,,,,02-2147-3328,서울특별시 송파구청,2022-12-13
오금동-113,1,서울특별시 송파구 성내천로8가길 11,서울특별시 송파구 오금동 71-5,,,,,02-2147-3328,서울특별시 송파구청,2022-12-13
오금동-114,1,서울특별시 송파구 성내천로8가길 8,서울특별시 송파구 오금동 66-6,,,,,02-2147-3328,서울특별시 송파구청,2022-12-13
오금동-115,1,서울특별시 송파구 성내천로8가길 8,서울특별시 송파구 오금동 66-6,,,,,02-2147-3328,서울특별시 송파구청,2022-12-13
오금동-116,1,서울특별시 송파구 성내천로6길 5-20,서울특별시 송파구 오금동 69-5,,,,,02-2147-3328,서울특별시 송파구청,2022-12-13
오금동-117,1,서울특별시 송파구 성내천로,서울특별시 송파구 오금동 66,,,,,02-2147-3328,서울특별시 송파구청,2022-12-13
오금동-118,1,서울특별시 송파구 성내천로8가길 4-18,서울특별시 송파구 오금동 65-10,,,,,02-2147-3328,서울특별시 송파구청,2022-12-13
오금동-119,1,서울특별시 송파구 성내천로8길3,서울특별시 송파구 오금동 61-10,,,,,02-2147-3328,서울특별시 송파구청,2022-12-13
오금동-120,1,서울특별시 송파구 성내천로8길14,서울특별시 송파구 오금동 65-3,,,,,02-2147-3328,서울특별시 송파구청,2022-12-13
오금동-121,1,서울특별시 송파구 성내천로8길10,서울특별시 송파구 오금동 65-6,,,,,02-2147-3328,서울특별시 송파구청,2022-12-13
오금동-122,1,서울특별시 송파구 성내천로8길16,서울특별시 송파구 오금동 65-1,,,,,02-2147-3328,서울특별시 송파구청,2022-12-13
오금동-123,1,서울특별시 송파구 동남로281,서울특별시 송파구 오금동 59,,,,,02-2147-3328,서울특별시 송파구청,2022-12-13
오금동-124,1,서울특별시 송파구 성내천로10길12,서울특별시 송파구 오금동 61,,,,,02-2147-3328,서울특별시 송파구청,2022-12-13
오금동-125,1,서울특별시 송파구 성내천로10길10,서울특별시 송파구 오금동 61-1,,,,,02-2147-3328,서울특별시 송파구청,2022-12-13
오금동-126,1,서울특별시 송파구 성내천로10길4,서울특별시 송파구 오금동 59,,,,,02-2147-3328,서울특별시 송파구청,2022-12-13
오금동-127,1,서울특별시 송파구 성내천로33,서울특별시 송파구 오금동 122-6,,,,,02-2147-3328,서울특별시 송파구청,2022-12-13
오금동-128,1,서울특별시 송파구 마천로21길9-10,서울특별시 송파구 오금동 122-9,,,,,02-2147-3328,서울특별시 송파구청,2022-12-13
오금동-129,1,서울특별시 송파구 마천로21길11,서울특별시 송파구 오금동 122-12,,,,,02-2147-3328,서울특별시 송파구청,2022-12-13
오금동-130,1,서울특별시 송파구 마천로21길10,서울특별시 송파구 오금동 121-15,,,,,02-2147-3328,서울특별시 송파구청,2022-12-13
오금동-131,1,서울특별시 송파구 마천로21길7-1,서울특별시 송파구 오금동 123-4,,,,,02-2147-3328,서울특별시 송파구청,2022-12-13
오금동-132,1,서울특별시 송파구 마천로,서울특별시 송파구 오금동 123-2,,,,,02-2147-3328,서울특별시 송파구청,2022-12-13
오금동-133,1,서울특별시 송파구 성내천로39,서울특별시 송파구 오금동 124-3,,,,,02-2147-3328,서울특별시 송파구청,2022-12-13
오금동-134,1,서울특별시 송파구 성내천로43,서울특별시 송파구 오금동 125-3,,,,,02-2147-3328,서울특별시 송파구청,2022-12-13
오금동-135,1,서울특별시 송파구 마천로21길3-7,서울특별시 송파구 오금동 125-2,,,,,02-2147-3328,서울특별시 송파구청,2022-12-13
오금동-136,1,서울특별시 송파구 마천로21길3,서울특별시 송파구 오금동 125,,,,,02-2147-3328,서울특별시 송파구청,2022-12-13
오금동-137,1,서울특별시 송파구 마천로21길7,서울특별시 송파구 오금동 124,,,,,02-2147-3328,서울특별시 송파구청,2022-12-13
오금동-138,1,서울특별시 송파구 동남로309-25,서울특별시 송파구 오금동 127-7,,,,,02-2147-3328,서울특별시 송파구청,2022-12-13
오금동-139,1,서울특별시 송파구 동남로320-9,서울특별시 송파구 오금동 120-19,,,,,02-2147-3328,서울특별시 송파구청,2022-12-13
오금동-140,1,서울특별시 송파구 동남로30길4-6,서울특별시 송파구 오금동 120-26,,,,,02-2147-3328,서울특별시 송파구청,2022-12-13
오금동-141,1,서울특별시 송파구 동남로,서울특별시 송파구 오금동 119,,,,,02-2147-3328,서울특별시 송파구청,2022-12-13
오금동-142,1,서울특별시 송파구 마천로23길6,서울특별시 송파구 오금동 119-22,,,,,02-2147-3328,서울특별시 송파구청,2022-12-13
오금동-143,1,서울특별시 송파구 마천로23길4,서울특별시 송파구 오금동 119-29,,,,,02-2147-3328,서울특별시 송파구청,2022-12-13
오금동-144,1,서울특별시 송파구 마천로25길5-5,서울특별시 송파구 오금동 119-23,,,,,02-2147-3328,서울특별시 송파구청,2022-12-13
오금동-145,1,서울특별시 송파구 동남로30길 26,서울특별시 송파구 오금동 118-2,,,,,02-2147-3328,서울특별시 송파구청,2022-12-13
오금동-146,1,서울특별시 송파구 동남로30길 24,서울특별시 송파구 오금동 118-10,,,,,02-2147-3328,서울특별시 송파구청,2022-12-13
오금동-147,1,서울특별시 송파구 동남로30길18,서울특별시 송파구 오금동 118-6,,,,,02-2147-3328,서울특별시 송파구청,2022-12-13
오금동-148,1,서울특별시 송파구 문정로25길 26-13,서울특별시 송파구 오금동 118-13,,,,,02-2147-3328,서울특별시 송파구청,2022-12-13
오금동-149,1,서울특별시 송파구 마천로27길 11,서울특별시 송파구 오금동 116-8,,,,,02-2147-3328,서울특별시 송파구청,2022-12-13
오금동-150,1,서울특별시 송파구 문정로25길,서울특별시 송파구 오금동 117-1,,,,,02-2147-3328,서울특별시 송파구청,2022-12-13
오금동-151,1,서울특별시 송파구 문정로25길 23,서울특별시 송파구 오금동 117-2,,,,,02-2147-3328,서울특별시 송파구청,2022-12-13
오금동-152,1,서울특별시 송파구 마천로25길7,서울특별시 송파구 오금동 119-9,,,,,02-2147-3328,서울특별시 송파구청,2022-12-13
오금동-153,1,서울특별시 송파구 마천로25길2-12,서울특별시 송파구 오금동 115-10,,,,,02-2147-3328,서울특별시 송파구청,2022-12-13
오금동-154,1,서울특별시 송파구 마천로195-6,서울특별시 송파구 오금동 114-26,,,,,02-2147-3328,서울특별시 송파구청,2022-12-13
오금동-155,1,서울특별시 송파구 마천로205-13,서울특별시 송파구 오금동 114-43,,,,,02-2147-3328,서울특별시 송파구청,2022-12-13
오금동-156,1,서울특별시 송파구 문정로265,서울특별시 송파구 오금동 112-5,,,,,02-2147-3328,서울특별시 송파구청,2022-12-13
오금동-157,1,서울특별시 송파구 문정로23길10,서울특별시 송파구 오금동 112-6,,,,,02-2147-3328,서울특별시 송파구청,2022-12-13
오금동-158,1,서울특별시 송파구 문정로23길10,서울특별시 송파구 오금동 112-6,,,,,02-2147-3328,서울특별시 송파구청,2022-12-13
오금동-159,1,서울특별시 송파구 문정로23길10,서울특별시 송파구 오금동 112-6,,,,,02-2147-3328,서울특별시 송파구청,2022-12-13
오금동-160,1,서울특별시 송파구 문정로23길14,서울특별시 송파구 오금동 112-7,,,,,02-2147-3328,서울특별시 송파구청,2022-12-13
오금동-161,1,서울특별시 송파구 문정로23길13,서울특별시 송파구 오금동 114-10,,,,,02-2147-3328,서울특별시 송파구청,2022-12-13
오금동-162,1,서울특별시 송파구 문정로23길19,서울특별시 송파구 오금동 114-4,,,,,02-2147-3328,서울특별시 송파구청,2022-12-13
오금동-163,1,서울특별시 송파구 동남로30길 26,서울특별시 송파구 오금동 118-2,,,,,02-2147-3328,서울특별시 송파구청,2022-12-13
오금동-164,1,서울특별시 송파구 동남로30길 29,서울특별시 송파구 오금동 110,,,,,02-2147-3328,서울특별시 송파구청,2022-12-13
오금동-165,1,서울특별시 송파구 문정로25길9,서울특별시 송파구 오금동 112-8,,,,,02-2147-3328,서울특별시 송파구청,2022-12-13
오금동-166,1,서울특별시 송파구 문정로25길7,서울특별시 송파구 오금동 112-1,,,,,02-2147-3328,서울특별시 송파구청,2022-12-13
오금동-167,1,서울특별시 송파구 문정로25길7,서울특별시 송파구 오금동 112-1,,,,,02-2147-3328,서울특별시 송파구청,2022-12-13
오금동-168,1,서울특별시 송파구 문정로25길1,서울특별시 송파구 오금동 112-3,,,,,02-2147-3328,서울특별시 송파구청,2022-12-13
오금동-169,1,서울특별시 송파구 동남로30길29,서울특별시 송파구 오금동 110,,,,,02-2147-3328,서울특별시 송파구청,2022-12-13
오금동-170,1,서울특별시 송파구 동남로30길29,서울특별시 송파구 오금동 110,,,,,02-2147-3328,서울특별시 송파구청,2022-12-13
오금동-171,1,서울특별시 송파구 마천로26길6-1,서울특별시 송파구 오금동 130,,,,,02-2147-3328,서울특별시 송파구청,2022-12-13
오금동-172,1,서울특별시 송파구 동남로28길 11,서울특별시 송파구 오금동 131-9,,,,,02-2147-3328,서울특별시 송파구청,2022-12-13
오금동-173,1,서울특별시 송파구 마천로26길8,서울특별시 송파구 오금동 129-20,,,,,02-2147-3328,서울특별시 송파구청,2022-12-13
오금동-174,1,서울특별시 송파구 동남로298,서울특별시 송파구 오금동 129-4,,,,,02-2147-3328,서울특별시 송파구청,2022-12-13
오금동-175,1,서울특별시 송파구 동남로,서울특별시 송파구 오금동 131-12,,,,,02-2147-3328,서울특별시 송파구청,2022-12-13
오금동-176,1,서울특별시 송파구 마천로192,서울특별시 송파구 오금동 131-2,,,,,02-2147-3328,서울특별시 송파구청,2022-12-13
오금동-177,1,서울특별시 송파구 마천로192,서울특별시 송파구 오금동 131-2,,,,,02-2147-3328,서울특별시 송파구청,2022-12-13
오금동-178,1,서울특별시 송파구 동남로28길12-7,서울특별시 송파구 오금동 139-7,,,,,02-2147-3328,서울특별시 송파구청,2022-12-13
오금동-179,1,서울특별시 송파구 동남로28길12-18,서울특별시 송파구 오금동 140-1,,,,,02-2147-3328,서울특별시 송파구청,2022-12-13
오금동-180,1,서울특별시 송파구 마천로28길14,서울특별시 송파구 오금동 139-1,,,,,02-2147-3328,서울특별시 송파구청,2022-12-13
오금동-181,1,서울특별시 송파구 동남로28길23,서울특별시 송파구 오금동 132,,,,,02-2147-3328,서울특별시 송파구청,2022-12-13
오금동-182,1,서울특별시 송파구 동남로28길23,서울특별시 송파구 오금동 132,,,,,02-2147-3328,서울특별시 송파구청,2022-12-13
오금동-183,1,서울특별시 송파구 마천로30길5,서울특별시 송파구 오금동 134-2,,,,,02-2147-3328,서울특별시 송파구청,2022-12-13
오금동-184,1,서울특별시 송파구 동남로28길31-5,서울특별시 송파구 오금동 134-17,,,,,02-2147-3328,서울특별시 송파구청,2022-12-13
오금동-185,1,서울특별시 송파구 문정로251-10,서울특별시 송파구 오금동 134-19,,,,,02-2147-3328,서울특별시 송파구청,2022-12-13
오금동-186,1,서울특별시 송파구 문정로251-6,서울특별시 송파구 오금동 134-22,,,,,02-2147-3328,서울특별시 송파구청,2022-12-13
오금동-187,1,서울특별시 송파구 문정로,서울특별시 송파구 오금동 135,,,,,02-2147-3328,서울특별시 송파구청,2022-12-13
오금동-188,1,서울특별시 송파구 문정로,서울특별시 송파구 오금동 135,,,,,02-2147-3328,서울특별시 송파구청,2022-12-13
오금동-189,1,서울특별시 송파구 동남로28길 35,서울특별시 송파구 오금동 134-5,,,,,02-2147-3328,서울특별시 송파구청,2022-12-13
오금동-190,1,서울특별시 송파구 마천로30길 12,서울특별시 송파구 오금동 136-4,,,,,02-2147-3328,서울특별시 송파구청,2022-12-13
오금동-191,1,서울특별시 송파구 마천로,서울특별시 송파구 오금동 138,,,,,02-2147-3328,서울특별시 송파구청,2022-12-13
오금동-192,1,서울특별시 송파구 동남로28길23,서울특별시 송파구 오금동 132,,,,,02-2147-3328,서울특별시 송파구청,2022-12-13
오금동-193,1,서울특별시 송파구 성내천로12길4,서울특별시 송파구 오금동 149,,,,,02-2147-3328,서울특별시 송파구청,2022-12-13
오금동-194,1,서울특별시 송파구 성내천로12길6,서울특별시 송파구 오금동 150,,,,,02-2147-3328,서울특별시 송파구청,2022-12-13
오금동-195,1,서울특별시 송파구 성내천로12길8,서울특별시 송파구 오금동 151-11,,,,,02-2147-3328,서울특별시 송파구청,2022-12-13
오금동-196,1,서울특별시 송파구 성내천로12길14,서울특별시 송파구 오금동 151-7,,,,,02-2147-3328,서울특별시 송파구청,2022-12-13
오금동-197,1,서울특별시 송파구 성내천로12길9-5,서울특별시 송파구 오금동 153-1,,,,,02-2147-3328,서울특별시 송파구청,2022-12-13
오금동-198,1,서울특별시 송파구 성내천로12길9-11,서울특별시 송파구 오금동 153-4,,,,,02-2147-3328,서울특별시 송파구청,2022-12-13
오금동-199,1,서울특별시 송파구 성내천로14길13,서울특별시 송파구 오금동 155,,,,,02-2147-3328,서울특별시 송파구청,2022-12-13
오금동-200,1,서울특별시 송파구 성내천로14길11,서울특별시 송파구 오금동 154-15,,,,,02-2147-3328,서울특별시 송파구청,2022-12-13
오금동-201,1,서울특별시 송파구 성내천로14길11-7,서울특별시 송파구 오금동 154-13,,,,,02-2147-3328,서울특별시 송파구청,2022-12-13
오금동-202,1,서울특별시 송파구 성내천로14길11-9,서울특별시 송파구 오금동 154-12,,,,,02-2147-3328,서울특별시 송파구청,2022-12-13
오금동-203,1,서울특별시 송파구 오금로49길 33,서울특별시 송파구 오금동 154-8,,,,,02-2147-3328,서울특별시 송파구청,2022-12-13
오금동-204,1,서울특별시 송파구 동남로26길22,서울특별시 송파구 오금동 154-7,,,,,02-2147-3328,서울특별시 송파구청,2022-12-13
오금동-205,1,서울특별시 송파구 동남로26길14,서울특별시 송파구 오금동 154-1,,,,,02-2147-3328,서울특별시 송파구청,2022-12-13
오금동-206,1,서울특별시 송파구 동남로26길 25-1,서울특별시 송파구 오금동 147-9,,,,,02-2147-3328,서울특별시 송파구청,2022-12-13
오금동-207,1,서울특별시 송파구 성내천로12길7,서울특별시 송파구 오금동 153-9,,,,,02-2147-3328,서울특별시 송파구청,2022-12-13
오금동-208,1,서울특별시 송파구 성내천로12길 3-8,서울특별시 송파구 오금동 148-4,,,,,02-2147-3328,서울특별시 송파구청,2022-12-13
오금동-209,1,서울특별시 송파구 성내천로14길 4,서울특별시 송파구 오금동 149,,,,,02-2147-3328,서울특별시 송파구청,2022-12-13
오금동-210,1,서울특별시 송파구 성내천로14길 3-15,서울특별시 송파구 오금동 143-9,,,,,02-2147-3328,서울특별시 송파구청,2022-12-13
오금동-211,1,서울특별시 송파구 성내천로14길3-9,서울특별시 송파구 오금동 143-11,,,,,02-2147-3328,서울특별시 송파구청,2022-12-13
오금동-212,1,서울특별시 송파구 성내천로14길 3-15,서울특별시 송파구 오금동 143-9,,,,,02-2147-3328,서울특별시 송파구청,2022-12-13
오금동-213,1,서울특별시 송파구 오금로49길 42,서울특별시 송파구 오금동 147-6,,,,,02-2147-3328,서울특별시 송파구청,2022-12-13
오금동-214,1,서울특별시 송파구 성내천로102,서울특별시 송파구 오금동 144,,,,,02-2147-3328,서울특별시 송파구청,2022-12-13
오금동-215,1,서울특별시 송파구 문정로19길15,서울특별시 송파구 오금동 147-4,,,,,02-2147-3328,서울특별시 송파구청,2022-12-13
오금동-216,1,서울특별시 송파구 문정로19길11-2,서울특별시 송파구 오금동 147-2,,,,,02-2147-3328,서울특별시 송파구청,2022-12-13
오금동-217,1,서울특별시 송파구 문정로19길10,서울특별시 송파구 오금동 145-8,,,,,02-2147-3328,서울특별시 송파구청,2022-12-13
오금동-218,1,서울특별시 송파구 성내천로 110,서울특별시 송파구 오금동 144-5,,,,,02-2147-3328,서울특별시 송파구청,2022-12-13
오금동-219,1,서울특별시 송파구 문정로231-8,서울특별시 송파구 오금동 145-5,,,,,02-2147-3328,서울특별시 송파구청,2022-12-13
오금동-220,1,서울특별시 송파구 동남로200,서울특별시 송파구 오금동 151-9,,,,,02-2147-3328,서울특별시 송파구청,2022-12-13
오금동-221,1,서울특별시 송파구 문정로19길9,서울특별시 송파구 오금동 146-5,,,,,02-2147-3328,서울특별시 송파구청,2022-12-13
오금동-222,1,서울특별시 송파구 동남로26길31,서울특별시 송파구 오금동 147-13,,,,,02-2147-3328,서울특별시 송파구청,2022-12-13
오금동-223,1,서울특별시 송파구 동남로26길32,서울특별시 송파구 오금동 157,,,,,02-2147-3328,서울특별시 송파구청,2022-12-13
오금동-224,1,서울특별시 송파구 동남로26길 31,서울특별시 송파구 오금동 147-13,,,,,02-2147-3328,서울특별시 송파구청,2022-12-13
오금동-225,1,서울특별시 송파구 동남로26길 23,서울특별시 송파구 오금동 147-7,,,,,02-2147-3328,서울특별시 송파구청,2022-12-13
오금동-226,1,서울특별시 송파구 오금로49길 33,서울특별시 송파구 오금동 154-8,,,,,02-2147-3328,서울특별시 송파구청,2022-12-13
오금동-227,1,서울특별시 송파구 오금로49길 31,서울특별시 송파구 오금동 155-7,,,,,02-2147-3328,서울특별시 송파구청,2022-12-13
오금동-228,1,서울특별시 송파구 오금로49길 31,서울특별시 송파구 오금동 155-7,,,,,02-2147-3328,서울특별시 송파구청,2022-12-13
오금동-229,1,서울특별시 송파구 성내천로16길17,서울특별시 송파구 오금동 158-17,,,,,02-2147-3328,서울특별시 송파구청,2022-12-13
오금동-230,1,서울특별시 송파구 문정로17길 12,서울특별시 송파구 오금동 157-16,,,,,02-2147-3328,서울특별시 송파구청,2022-12-13
오금동-231,1,서울특별시 송파구 동남로26길36,서울특별시 송파구 오금동 157-2,,,,,02-2147-3328,서울특별시 송파구청,2022-12-13
오금동-232,1,서울특별시 송파구 동남로26길38-1,서울특별시 송파구 오금동 157-4,,,,,02-2147-3328,서울특별시 송파구청,2022-12-13
오금동-233,1,서울특별시 송파구 동남로26길40,서울특별시 송파구 오금동 157-5,,,,,02-2147-3328,서울특별시 송파구청,2022-12-13
오금동-234,1,서울특별시 송파구 문정로225,서울특별시 송파구 오금동 157-7,,,,,02-2147-3328,서울특별시 송파구청,2022-12-13
오금동-235,1,서울특별시 송파구 문정로17길4,서울특별시 송파구 오금동 157-9,,,,,02-2147-3328,서울특별시 송파구청,2022-12-13
오금동-236,1,서울특별시 송파구 동남로24길39,서울특별시 송파구 오금동 158-13,,,,,02-2147-3328,서울특별시 송파구청,2022-12-13
오금동-237,1,서울특별시 송파구 문정로17길12,서울특별시 송파구 오금동 157-16,,,,,02-2147-3328,서울특별시 송파구청,2022-12-13
오금동-238,1,서울특별시 송파구 문정로,서울특별시 송파구 오금동 163,,,,,02-2147-3328,서울특별시 송파구청,2022-12-13
오금동-239,1,서울특별시 송파구 문정로,서울특별시 송파구 오금동 163,,,,,02-2147-3328,서울특별시 송파구청,2022-12-13
오금동-240,1,서울특별시 송파구 오금로49길18,서울특별시 송파구 오금동 162,,,,,02-2147-3328,서울특별시 송파구청,2022-12-13
오금동-241,1,서울특별시 송파구 오금로 405,서울특별시 송파구 오금동 166,,,,,02-2147-3328,서울특별시 송파구청,2022-12-13
오금동-242,1,서울특별시 송파구 오금로 405,서울특별시 송파구 오금동 166,,,,,02-2147-3328,서울특별시 송파구청,2022-12-13
오금동-243,1,서울특별시 송파구 오금로 405,서울특별시 송파구 오금동 166,,,,,02-2147-3328,서울특별시 송파구청,2022-12-13
오금동-244,1,서울특별시 송파구 오금로 405,서울특별시 송파구 오금동 166,,,,,02-2147-3328,서울특별시 송파구청,2022-12-13
오금동-245,1,서울특별시 송파구 오금로 407,서울특별시 송파구 오금동 165,,,,,02-2147-3328,서울특별시 송파구청,2022-12-13
오금동-246,1,서울특별시 송파구 오금로 407,서울특별시 송파구 오금동 165,,,,,02-2147-3328,서울특별시 송파구청,2022-12-13
오금동-247,1,서울특별시 송파구 오금로 407,서울특별시 송파구 오금동 165,,,,,02-2147-3328,서울특별시 송파구청,2022-12-13
오금동-248,1,서울특별시 송파구 오금로 407,서울특별시 송파구 오금동 165,,,,,02-2147-3328,서울특별시 송파구청,2022-12-13
오금동-249,1,서울특별시 송파구 문정로17길11,서울특별시 송파구 오금동 158-1,,,,,02-2147-3328,서울특별시 송파구청,2022-12-13
오금동-250,1,서울특별시 송파구 문정로17길4-1,서울특별시 송파구 오금동 157-10,,,,,02-2147-3328,서울특별시 송파구청,2022-12-13
오금동-251,1,서울특별시 송파구 마천로21길9-6,서울특별시 송파구 오금동 47-5,,,,,02-2147-3328,서울특별시 송파구청,2022-12-13
오금동-252,1,서울특별시 송파구 동남로23가길42,서울특별시 송파구 오금동 150,,,,,02-2147-3328,서울특별시 송파구청,2022-12-13
오금동-253,1,서울특별시 송파구 동남로281,서울특별시 송파구 오금동 54-4,,,,,02-2147-3328,서울특별시 송파구청,2022-12-13
오금동-254,1,서울특별시 송파구 동남로281,서울특별시 송파구 오금동 129-21,,,,,02-2147-3328,서울특별시 송파구청,2022-12-13
오금동-255,1,서울특별시 송파구 동남로281,서울특별시 송파구 오금동 53-10,,,,,02-2147-3328,서울특별시 송파구청,2022-12-13
오금동-256,1,서울특별시 송파구 동남로23가길 4-15,서울특별시 송파구 오금동 59,,,,,02-2147-3328,서울특별시 송파구청,2022-12-13
오금동-257,1,서울특별시 송파구 문정로25길28,서울특별시 송파구 오금동 59,,,,,02-2147-3328,서울특별시 송파구청,2022-12-13
오금동-258,1,서울특별시 송파구 문정로25길26-6,서울특별시 송파구 오금동 48-16,,,,,02-2147-3328,서울특별시 송파구청,2022-12-13
오금동-259,1,서울특별시 송파구 마천로30길 8,서울특별시 송파구 오금동 17-3,,,,,02-2147-3328,서울특별시 송파구청,2022-12-13
오금동-260,1,서울특별시 송파구 마천로168,서울특별시 송파구 오금동 59,,,,,02-2147-3328,서울특별시 송파구청,2022-12-13
오금동-261,1,서울특별시 송파구 성내천로97길,서울특별시 송파구 오금동 17-3,,,,,02-2147-3328,서울특별시 송파구청,2022-12-13
오금동-262,1,서울특별시 송파구 문정로271,서울특별시 송파구 오금동 115,,,,,02-2147-3328,서울특별시 송파구청,2022-12-13
오금동-263,1,서울특별시 송파구 동남로23길 47-5,서울특별시 송파구 오금동 17-3,,,,,02-2147-3328,서울특별시 송파구청,2022-12-13
오금동-264,1,서울특별시 송파구 위례성대로22나길21,서울특별시 송파구 오금동 115,,,,,02-2147-3328,서울특별시 송파구청,2022-12-13
오금동-265,1,서울특별시 송파구 성내천로66,서울특별시 송파구 오금동 17-3,,,,,02-2147-3328,서울특별시 송파구청,2022-12-13
오금동-266,1,서울특별시 송파구 마천로25길6-11,서울특별시 송파구 오금동 58-9,,,,,02-2147-3328,서울특별시 송파구청,2022-12-13
오금동-267,1,서울특별시 송파구 마천로13길 10,서울특별시 송파구 오금동 71-15,,,,,02-2147-3328,서울특별시 송파구청,2022-12-13
오금동-268,1,서울특별시 송파구 마천로101,서울특별시 송파구 오금동 26-2,,,,,02-2147-3328,서울특별시 송파구청,2022-12-13
오금동-269,1,서울특별시 송파구 중대로36길 13,서울특별시 송파구 오금동 57-13,,,,,02-2147-3328,서울특별시 송파구청,2022-12-13
오금동-270,1,서울특별시 송파구 중대로,서울특별시 송파구 오금동 26-2,,,,,02-2147-3328,서울특별시 송파구청,2022-12-13
오금동-271,1,서울특별시 송파구 중대로38길15,서울특별시 송파구 오금동 55-9,,,,,02-2147-3328,서울특별시 송파구청,2022-12-13
오금동-272,1,서울특별시 송파구 중대로 293,서울특별시 송파구 오금동 118-10,,,,,02-2147-3328,서울특별시 송파구청,2022-12-13
오금동-273,1,서울특별시 송파구 위례성대로22나길7,서울특별시 송파구 오금동 136-1,,,,,02-2147-3328,서울특별시 송파구청,2022-12-13
오금동-274,1,서울특별시 송파구 위례성대로22길 27,서울특별시 송파구 오금동 136-9,,,,,02-2147-3328,서울특별시 송파구청,2022-12-13
오금동-275,1,서울특별시 송파구 마천로28길 3-20,서울특별시 송파구 오금동 110,,,,,02-2147-3328,서울특별시 송파구청,2022-12-13
오금동-276,1,서울특별시 송파구 마천로28길 3-20,서울특별시 송파구 오금동 52-16,,,,,02-2147-3328,서울특별시 송파구청,2022-12-13
오금동-277,1,서울특별시 송파구 중대로27길 9-1,서울특별시 송파구 오금동 10,,,,,02-2147-3328,서울특별시 송파구청,2022-12-13
오금동-278,1,서울특별시 송파구 마천로5길 10,서울특별시 송파구 오금동 61-7,,,,,02-2147-3328,서울특별시 송파구청,2022-12-13
오금동-279,1,서울특별시 송파구 마천로5길 10,서울특별시 송파구 오금동 116-6,,,,,02-2147-3328,서울특별시 송파구청,2022-12-13
오금동-280,1,서울특별시 송파구 마천로5길 10,서울특별시 송파구 오금동 85-15,,,,,02-2147-3328,서울특별시 송파구청,2022-12-13
오금동-281,1,서울특별시 송파구 마천로5길 10,서울특별시 송파구 오금동 25-6,,,,,02-2147-3328,서울특별시 송파구청,2022-12-13
오금동-282,1,서울특별시 송파구 마천로,서울특별시 송파구 오금동 87,,,,,02-2147-3328,서울특별시 송파구청,2022-12-13
오금동-283,1,서울특별시 송파구 마천로,서울특별시 송파구 오금동 53-17,,,,,02-2147-3328,서울특별시 송파구청,2022-12-13
오금동-284,1,서울특별시 송파구 마천로21길 14,서울특별시 송파구 오금동 90-7,,,,,02-2147-3328,서울특별시 송파구청,2022-12-13
오금동-285,1,서울특별시 송파구 성내천로12길 6,서울특별시 송파구 오금동 120-8,,,,,02-2147-3328,서울특별시 송파구청,2022-12-13
오금동-286,1,서울특별시 송파구 동남로23가길 6,서울특별시 송파구 오금동 30-2,,,,,02-2147-3328,서울특별시 송파구청,2022-12-13
오금동-287,1,서울특별시 송파구 동남로23가길 8-30,서울특별시 송파구 오금동 120-8,,,,,02-2147-3328,서울특별시 송파구청,2022-12-13
오금동-288,1,서울특별시 송파구 중대로36길9,서울특별시 송파구 오금동 88-1,,,,,02-2147-3328,서울특별시 송파구청,2022-12-13
오금동-289,1,서울특별시 송파구 양재대로72길31,서울특별시 송파구 오금동 10-5,,,,,02-2147-3328,서울특별시 송파구청,2022-12-13
오금동-290,1,서울특별시 송파구 마천로25길6-6,서울특별시 송파구 오금동 115-13,,,,,02-2147-3328,서울특별시 송파구청,2022-12-13
오금동-291,1,서울특별시 송파구 중대로293,서울특별시 송파구 오금동 30-2,,,,,02-2147-3328,서울특별시 송파구청,2022-12-13
오금동-292,1,서울특별시 송파구 위성대로22나길27,서울특별시 송파구 오금동 22-6,,,,,02-2147-3328,서울특별시 송파구청,2022-12-13
오금동-293,1,서울특별시 송파구 위성대로,서울특별시 송파구 오금동 21,,,,,02-2147-3328,서울특별시 송파구청,2022-12-13
오금동-294,1,서울특별시 송파구 마천로7길4,서울특별시 송파구 오금동 19,,,,,02-2147-3328,서울특별시 송파구청,2022-12-13
오금동-295,1,서울특별시 송파구 위례성대로22나길3-20,서울특별시 송파구 오금동 9-1,,,,,02-2147-3328,서울특별시 송파구청,2022-12-13
오금동-296,1,서울특별시 송파구 성내천로6길1-8,서울특별시 송파구 오금동 68-2,,,,,02-2147-3328,서울특별시 송파구청,2022-12-13
오금동-297,1,서울특별시 송파구 위례성대로22나길27,서울특별시 송파구 오금동 22-2,,,,,02-2147-3328,서울특별시 송파구청,2022-12-13
오금동-298,1,서울특별시 송파구 성내천로8길8,서울특별시 송파구 오금동 65-7,,,,,02-2147-3328,서울특별시 송파구청,2022-12-13
오금동-299,1,서울특별시 송파구 동남로26길27,서울특별시 송파구 오금동 147-10,,,,,02-2147-3328,서울특별시 송파구청,2022-12-13
오금동-300,1,서울특별시 송파구 마천로21길8-1,서울특별시 송파구 오금동 121-13,,,,,02-2147-3328,서울특별시 송파구청,2022-12-13
오금동-301,1,서울특별시 송파구 마천로21길4,서울특별시 송파구 오금동 121-10,,,,,02-2147-3328,서울특별시 송파구청,2022-12-13
오금동-302,1,서울특별시 송파구 마천로15길9-10,서울특별시 송파구 오금동 86-6,,,,,02-2147-3328,서울특별시 송파구청,2022-12-13
오금동-303,1,서울특별시 송파구 동남로30길29,서울특별시 송파구 오금동 110,,,,,02-2147-3328,서울특별시 송파구청,2022-12-13
오금동-304,1,서울특별시 송파구 성내천로12길14,서울특별시 송파구 오금동 151-7,,,,,02-2147-3328,서울특별시 송파구청,2022-12-13
오금동-305,1,서울특별시 송파구 성내천로12길14,서울특별시 송파구 오금동 151-7,,,,,02-2147-3328,서울특별시 송파구청,2022-12-13
오륜동-013,1,서울특별시 송파구 올림픽로,서울특별시 송파구 오륜동,,,,,02-2147-3328,서울특별시 송파구청,2022-12-13
오륜동-014,1,서울특별시 송파구 올림픽로,서울특별시 송파구 오륜동,,,,,02-2147-3328,서울특별시 송파구청,2022-12-13
잠실동-001,1,서울특별시 송파구 백제고분로 67,서울특별시 송파구 잠실동 175-1,,,,,02-2147-3326,서울특별시 송파구청,2022-12-13
잠실동-002,1,서울특별시 송파구 백제고분로 87,서울특별시 송파구 잠실동 196-21,,,,,02-2147-3326,서울특별시 송파구청,2022-12-13
잠실동-003,1,서울특별시 송파구 석촌호수로12길 60,서울특별시 송파구 잠실동 197-3,,,,,02-2147-3326,서울특별시 송파구청,2022-12-13
잠실동-004,1,서울특별시 송파구 석촌호수로12길 54,서울특별시 송파구 잠실동 198-10,,,,,02-2147-3326,서울특별시 송파구청,2022-12-13
잠실동-005,1,서울특별시 송파구 백제고분로7길,서울특별시 송파구 잠실동 197-6,,,,,02-2147-3326,서울특별시 송파구청,2022-12-13
잠실동-006,1,서울특별시 송파구 백제고분로9길 8,서울특별시 송파구 잠실동 197-8,,,,,02-2147-3326,서울특별시 송파구청,2022-12-13
잠실동-007,1,서울특별시 송파구 백제고분로7길 8-16,서울특별시 송파구 잠실동 195-9,,,,,02-2147-3326,서울특별시 송파구청,2022-12-13
잠실동-008,1,서울특별시 송파구 백제고분로7길 8-8,서울특별시 송파구 잠실동 195-11,,,,,02-2147-3326,서울특별시 송파구청,2022-12-13
잠실동-009,1,서울특별시 송파구 백제고분로7길 7-13,서울특별시 송파구 잠실동 176-9,,,,,02-2147-3326,서울특별시 송파구청,2022-12-13
잠실동-010,1,서울특별시 송파구 올림픽로8길 32,서울특별시 송파구 잠실동 198-7,,,,,02-2147-3326,서울특별시 송파구청,2022-12-13
잠실동-011,1,서울특별시 송파구 석촌호수로12길 52,서울특별시 송파구 잠실동 198-4,,,,,02-2147-3326,서울특별시 송파구청,2022-12-13
잠실동-012,1,서울특별시 송파구 석촌호수로12길 52,서울특별시 송파구 잠실동 198-4,,,,,02-2147-3326,서울특별시 송파구청,2022-12-13
잠실동-013,1,서울특별시 송파구 석촌호수로12길 49-1,서울특별시 송파구 잠실동 221-4,,,,,02-2147-3326,서울특별시 송파구청,2022-12-13
잠실동-014,1,서울특별시 송파구 석촌호수로12길 48,서울특별시 송파구 잠실동 200-10,,,,,02-2147-3326,서울특별시 송파구청,2022-12-13
잠실동-015,1,서울특별시 송파구 백제고분로7길 16-41,서울특별시 송파구 잠실동 200-8,,,,,02-2147-3326,서울특별시 송파구청,2022-12-13
잠실동-016,1,서울특별시 송파구 백제고분로7길 16-35,서울특별시 송파구 잠실동 200-2,,,,,02-2147-3326,서울특별시 송파구청,2022-12-13
잠실동-017,1,서울특별시 송파구 백제고분로7길 16-33,서울특별시 송파구 잠실동 200-14,,,,,02-2147-3326,서울특별시 송파구청,2022-12-13
잠실동-018,1,서울특별시 송파구 백제고분로7길 16-27,서울특별시 송파구 잠실동 200-1,,,,,02-2147-3326,서울특별시 송파구청,2022-12-13
잠실동-019,1,서울특별시 송파구 올림픽로8길 23,서울특별시 송파구 잠실동 193-8,,,,,02-2147-3326,서울특별시 송파구청,2022-12-13
잠실동-020,1,서울특별시 송파구 올림픽로8길 21,서울특별시 송파구 잠실동 193-9,,,,,02-2147-3326,서울특별시 송파구청,2022-12-13
잠실동-021,1,서울특별시 송파구 백제고분로7길 16-9,서울특별시 송파구 잠실동 192-2,,,,,02-2147-3326,서울특별시 송파구청,2022-12-13
잠실동-022,1,서울특별시 송파구 올림픽로8길 14,서울특별시 송파구 잠실동 193-6,,,,,02-2147-3326,서울특별시 송파구청,2022-12-13
잠실동-023,1,서울특별시 송파구 백제고분로7길 15,서울특별시 송파구 잠실동 178-4,,,,,02-2147-3326,서울특별시 송파구청,2022-12-13
잠실동-024,1,서울특별시 송파구 올림픽로 92,서울특별시 송파구 잠실동 175-15,,,,,02-2147-3326,서울특별시 송파구청,2022-12-13
잠실동-025,1,서울특별시 송파구 올림픽로10길 8,서울특별시 송파구 잠실동 179-4,,,,,02-2147-3326,서울특별시 송파구청,2022-12-13
잠실동-026,1,서울특별시 송파구 올림픽로10길 9,서울특별시 송파구 잠실동 180-1,,,,,02-2147-3326,서울특별시 송파구청,2022-12-13
잠실동-027,1,서울특별시 송파구 백제고분로7길 20,서울특별시 송파구 잠실동 192-12,,,,,02-2147-3326,서울특별시 송파구청,2022-12-13
잠실동-028,1,서울특별시 송파구 올림픽로10길 16,서울특별시 송파구 잠실동 192-10,,,,,02-2147-3326,서울특별시 송파구청,2022-12-13
잠실동-029,1,서울특별시 송파구 올림픽로10길 20,서울특별시 송파구 잠실동 192-8,,,,,02-2147-3326,서울특별시 송파구청,2022-12-13
잠실동-030,1,서울특별시 송파구 백제고분로9길 19,서울특별시 송파구 잠실동 192-6,,,,,02-2147-3326,서울특별시 송파구청,2022-12-13
잠실동-031,1,서울특별시 송파구 백제고분로9길 21,서울특별시 송파구 잠실동 191-4,,,,,02-2147-3326,서울특별시 송파구청,2022-12-13
잠실동-032,1,서울특별시 송파구 올림픽로10길 28,서울특별시 송파구 잠실동 200-16,,,,,02-2147-3326,서울특별시 송파구청,2022-12-13
잠실동-033,1,서울특별시 송파구 올림픽로10길 36,서울특별시 송파구 잠실동 200-3,,,,,02-2147-3326,서울특별시 송파구청,2022-12-13
잠실동-034,1,서울특별시 송파구 석촌호수로12길 43,서울특별시 송파구 잠실동 218,,,,,02-2147-3326,서울특별시 송파구청,2022-12-13
잠실동-035,1,서울특별시 송파구 석촌호수로12길 48,서울특별시 송파구 잠실동 218,,,,,02-2147-3326,서울특별시 송파구청,2022-12-13
잠실동-036,1,서울특별시 송파구 석촌호수로12길 40,서울특별시 송파구 잠실동 202-4,,,,,02-2147-3326,서울특별시 송파구청,2022-12-13
잠실동-037,1,서울특별시 송파구 백제고분로7길 42-10,서울특별시 송파구 잠실동 187-19,,,,,02-2147-3326,서울특별시 송파구청,2022-12-13
잠실동-038,1,서울특별시 송파구 백제고분로7길 24-18,서울특별시 송파구 잠실동 191-10,,,,,02-2147-3326,서울특별시 송파구청,2022-12-13
잠실동-039,1,서울특별시 송파구 백제고분로7길 24,서울특별시 송파구 잠실동 191-7,,,,,02-2147-3326,서울특별시 송파구청,2022-12-13
잠실동-040,1,서울특별시 송파구 백제고분로7길 24-7,서울특별시 송파구 잠실동 190-1,,,,,02-2147-3326,서울특별시 송파구청,2022-12-13
잠실동-041,1,서울특별시 송파구 백제고분로7길 23-6,서울특별시 송파구 잠실동 180-7,,,,,02-2147-3326,서울특별시 송파구청,2022-12-13
잠실동-042,1,서울특별시 송파구 올림픽로12길 4-23,서울특별시 송파구 잠실동 180-10,,,,,02-2147-3326,서울특별시 송파구청,2022-12-13
잠실동-043,1,서울특별시 송파구 백제고분로9길 28,서울특별시 송파구 잠실동 202-8,,,,,02-2147-3326,서울특별시 송파구청,2022-12-13
잠실동-044,1,서울특별시 송파구 백제고분로7길 28-33,서울특별시 송파구 잠실동 203-12,,,,,02-2147-3326,서울특별시 송파구청,2022-12-13
잠실동-045,1,서울특별시 송파구 백제고분로7길 28-39,서울특별시 송파구 잠실동 203-8,,,,,02-2147-3326,서울특별시 송파구청,2022-12-13
잠실동-046,1,서울특별시 송파구 석촌호수로12길 38,서울특별시 송파구 잠실동 202-5,,,,,02-2147-3326,서울특별시 송파구청,2022-12-13
잠실동-047,1,서울특별시 송파구 석촌호수로12길 30,서울특별시 송파구 잠실동 204-5,,,,,02-2147-3326,서울특별시 송파구청,2022-12-13
잠실동-048,1,서울특별시 송파구 백제고분로7길32-34,서울특별시 송파구 잠실동 203-10,,,,,02-2147-3326,서울특별시 송파구청,2022-12-13
잠실동-049,1,서울특별시 송파구 백제고분로7길32-34,서울특별시 송파구 잠실동 203-14,,,,,02-2147-3326,서울특별시 송파구청,2022-12-13
잠실동-050,1,서울특별시 송파구 백제고분로9길 36,서울특별시 송파구 잠실동 204,,,,,02-2147-3326,서울특별시 송파구청,2022-12-13
잠실동-051,1,서울특별시 송파구 백제고분로7길 32-17,서울특별시 송파구 잠실동 188-11,,,,,02-2147-3326,서울특별시 송파구청,2022-12-13
잠실동-052,1,서울특별시 송파구 백제고분로7길 32,서울특별시 송파구 잠실동 189-12,,,,,02-2147-3326,서울특별시 송파구청,2022-12-13
잠실동-053,1,서울특별시 송파구 올림픽로12길 8,서울특별시 송파구 잠실동 182-2,,,,,02-2147-3326,서울특별시 송파구청,2022-12-13
잠실동-054,1,서울특별시 송파구 올림픽로12길 12,서울특별시 송파구 잠실동 188-8,,,,,02-2147-3326,서울특별시 송파구청,2022-12-13
잠실동-055,1,서울특별시 송파구 올림픽로12길 9,서울특별시 송파구 잠실동 187,,,,,02-2147-3326,서울특별시 송파구청,2022-12-13
잠실동-056,1,서울특별시 송파구 올림픽로12길 9,서울특별시 송파구 잠실동 187,,,,,02-2147-3326,서울특별시 송파구청,2022-12-13
잠실동-057,1,서울특별시 송파구 올림픽로12길 9,서울특별시 송파구 잠실동 187,,,,,02-2147-3326,서울특별시 송파구청,2022-12-13
잠실동-058,1,서울특별시 송파구 올림픽로12길 16,서울특별시 송파구 잠실동 188-6,,,,,02-2147-3326,서울특별시 송파구청,2022-12-13
잠실동-059,1,서울특별시 송파구 백제고분로9길 35,서울특별시 송파구 잠실동 188-12,,,,,02-2147-3326,서울특별시 송파구청,2022-12-13
잠실동-060,1,서울특별시 송파구 백제고분로9길 22,서울특별시 송파구 잠실동 204-10,,,,,02-2147-3326,서울특별시 송파구청,2022-12-13
잠실동-061,1,서울특별시 송파구 올림픽로12길 26,서울특별시 송파구 잠실동 204-9,,,,,02-2147-3326,서울특별시 송파구청,2022-12-13
잠실동-062,1,서울특별시 송파구 올림픽로12길 30,서울특별시 송파구 잠실동 204-7,,,,,02-2147-3326,서울특별시 송파구청,2022-12-13
잠실동-063,1,서울특별시 송파구 석촌호수로12길 28,서울특별시 송파구 잠실동 204-6,,,,,02-2147-3326,서울특별시 송파구청,2022-12-13
잠실동-064,1,서울특별시 송파구 올림픽로12길 36,서울특별시 송파구 잠실동 214-18,,,,,02-2147-3326,서울특별시 송파구청,2022-12-13
잠실동-065,1,서울특별시 송파구 올림픽로12길 40,서울특별시 송파구 잠실동 214-16,,,,,02-2147-3326,서울특별시 송파구청,2022-12-13
잠실동-066,1,서울특별시 송파구 올림픽로12길 44,서울특별시 송파구 잠실동 214-13,,,,,02-2147-3326,서울특별시 송파구청,2022-12-13
잠실동-067,1,서울특별시 송파구 올림픽로12길 51,서울특별시 송파구 잠실동 229,,,,,02-2147-3326,서울특별시 송파구청,2022-12-13
잠실동-068,1,서울특별시 송파구 올림픽로12길 51,서울특별시 송파구 잠실동 229,,,,,02-2147-3326,서울특별시 송파구청,2022-12-13
잠실동-069,1,서울특별시 송파구 올림픽로12길 51,서울특별시 송파구 잠실동 229,,,,,02-2147-3326,서울특별시 송파구청,2022-12-13
잠실동-070,1,서울특별시 송파구 올림픽로12길 52-8,서울특별시 송파구 잠실동 214-6,,,,,02-2147-3326,서울특별시 송파구청,2022-12-13
잠실동-071,1,서울특별시 송파구 백제고분로11길 35-24,서울특별시 송파구 잠실동 215-16,,,,,02-2147-3326,서울특별시 송파구청,2022-12-13
잠실동-072,1,서울특별시 송파구 백제고분로11길 32-9,서울특별시 송파구 잠실동 214-3,,,,,02-2147-3326,서울특별시 송파구청,2022-12-13
잠실동-073,1,서울특별시 송파구 백제고분로11길 28-12,서울특별시 송파구 잠실동 216-13,,,,,02-2147-3326,서울특별시 송파구청,2022-12-13
잠실동-074,1,서울특별시 송파구 백제고분로11길 28-15,서울특별시 송파구 잠실동 215-3,,,,,02-2147-3326,서울특별시 송파구청,2022-12-13
잠실동-075,1,서울특별시 송파구 올림픽로12길52-19,서울특별시 송파구 잠실동 226-1,,,,,02-2147-3326,서울특별시 송파구청,2022-12-13
잠실동-076,1,서울특별시 송파구 백제고분로13길 10,서울특별시 송파구 잠실동 216-15,,,,,02-2147-3326,서울특별시 송파구청,2022-12-13
잠실동-077,1,서울특별시 송파구 백제고분로13길 9,서울특별시 송파구 잠실동 217-10,,,,,02-2147-3326,서울특별시 송파구청,2022-12-13
잠실동-078,1,서울특별시 송파구 백제고분로11길 23-1,서울특별시 송파구 잠실동 218-18,,,,,02-2147-3326,서울특별시 송파구청,2022-12-13
잠실동-079,1,서울특별시 송파구 올림픽로10길46,서울특별시 송파구 잠실동 217-6,,,,,02-2147-3326,서울특별시 송파구청,2022-12-13
잠실동-080,1,서울특별시 송파구 백제고분로11길 14-14,서울특별시 송파구 잠실동 224-8,,,,,02-2147-3326,서울특별시 송파구청,2022-12-13
잠실동-081,1,서울특별시 송파구 백제고분로11길 14-14,서울특별시 송파구 잠실동 224-8,,,,,02-2147-3326,서울특별시 송파구청,2022-12-13
잠실동-082,1,서울특별시 송파구 백제고분로11길,서울특별시 송파구 잠실동 220,,,,,02-2147-3326,서울특별시 송파구청,2022-12-13
잠실동-083,1,서울특별시 송파구 백제고분로11길 13-1,서울특별시 송파구 잠실동 221-9,,,,,02-2147-3326,서울특별시 송파구청,2022-12-13
잠실동-084,1,서울특별시 송파구 백제고분로11길 10,서울특별시 송파구 잠실동 224-10,,,,,02-2147-3326,서울특별시 송파구청,2022-12-13
잠실동-085,1,서울특별시 송파구 올림픽로10길 54,서울특별시 송파구 잠실동 223-22,,,,,02-2147-3326,서울특별시 송파구청,2022-12-13
잠실동-086,1,서울특별시 송파구 백제고분로11길 8-17,서울특별시 송파구 잠실동 224-4,,,,,02-2147-3326,서울특별시 송파구청,2022-12-13
잠실동-087,1,서울특별시 송파구 백제고분로11길 8-10,서울특별시 송파구 잠실동 223-10,,,,,02-2147-3326,서울특별시 송파구청,2022-12-13
잠실동-088,1,서울특별시 송파구 백제고분로11길,서울특별시 송파구 잠실동 224-1,,,,,02-2147-3326,서울특별시 송파구청,2022-12-13
잠실동-089,1,서울특별시 송파구 백제고분로11길 6-10,서울특별시 송파구 잠실동 222-17,,,,,02-2147-3326,서울특별시 송파구청,2022-12-13
잠실동-090,1,서울특별시 송파구 백제고분로11길 6-22,서울특별시 송파구 잠실동 222-20,,,,,02-2147-3326,서울특별시 송파구청,2022-12-13
잠실동-091,1,서울특별시 송파구 백제고분로11길 6-33,서울특별시 송파구 잠실동 223-11,,,,,02-2147-3326,서울특별시 송파구청,2022-12-13
잠실동-092,1,서울특별시 송파구 백제고분로13길 1,서울특별시 송파구 잠실동 225-11,,,,,02-2147-3326,서울특별시 송파구청,2022-12-13
잠실동-093,1,서울특별시 송파구 백제고분로13길 4,서울특별시 송파구 잠실동 227,,,,,02-2147-3326,서울특별시 송파구청,2022-12-13
잠실동-094,1,서울특별시 송파구 올림픽로12길 54-19,서울특별시 송파구 잠실동 227-18,,,,,02-2147-3326,서울특별시 송파구청,2022-12-13
잠실동-095,1,서울특별시 송파구 올림픽로12길 54-13,서울특별시 송파구 잠실동 227-13,,,,,02-2147-3326,서울특별시 송파구청,2022-12-13
잠실동-096,1,서울특별시 송파구 올림픽로12길 54-9,서울특별시 송파구 잠실동 227-15,,,,,02-2147-3326,서울특별시 송파구청,2022-12-13
잠실동-097,1,서울특별시 송파구 올림픽로12길 51,서울특별시 송파구 잠실동 229,,,,,02-2147-3326,서울특별시 송파구청,2022-12-13
잠실동-098,1,서울특별시 송파구 올림픽로12길 51,서울특별시 송파구 잠실동 229,,,,,02-2147-3326,서울특별시 송파구청,2022-12-13
잠실동-099,1,서울특별시 송파구 올림픽로12길,서울특별시 송파구 잠실동 230,,,,,02-2147-3326,서울특별시 송파구청,2022-12-13
잠실동-100,1,서울특별시 송파구 올림픽로12길,서울특별시 송파구 잠실동 230,,,,,02-2147-3326,서울특별시 송파구청,2022-12-13
잠실동-101,1,서울특별시 송파구 올림픽로12길 60-18,서울특별시 송파구 잠실동 227-7,,,,,02-2147-3326,서울특별시 송파구청,2022-12-13
잠실동-102,1,서울특별시 송파구 올림픽로12길 60-10,서울특별시 송파구 잠실동 227-5,,,,,02-2147-3326,서울특별시 송파구청,2022-12-13
잠실동-103,1,서울특별시 송파구 올림픽로12길 60-6,서울특별시 송파구 잠실동 227-17,,,,,02-2147-3326,서울특별시 송파구청,2022-12-13
잠실동-104,1,서울특별시 송파구 올림픽로114,서울특별시 송파구 잠실동 184-21,,,,,02-2147-3326,서울특별시 송파구청,2022-12-13
잠실동-105,1,서울특별시 송파구 올림픽로12길 5-29,서울특별시 송파구 잠실동 184-16,,,,,02-2147-3326,서울특별시 송파구청,2022-12-13
잠실동-106,1,서울특별시 송파구 올림픽로 130,서울특별시 송파구 잠실동 184-7,,,,,02-2147-3326,서울특별시 송파구청,2022-12-13
잠실동-107,1,서울특별시 송파구 백제고분로7길57,서울특별시 송파구 잠실동 184-12,,,,,02-2147-3326,서울특별시 송파구청,2022-12-13
잠실동-108,1,서울특별시 송파구 백제고분로7길 9,서울특별시 송파구 잠실동 187,,,,,02-2147-3326,서울특별시 송파구청,2022-12-13
잠실동-109,1,서울특별시 송파구 백제고분로9길 42,서울특별시 송파구 잠실동 205-12,,,,,02-2147-3326,서울특별시 송파구청,2022-12-13
잠실동-110,1,서울특별시 송파구 백제고분로7길40-37,서울특별시 송파구 잠실동 205-7,,,,,02-2147-3326,서울특별시 송파구청,2022-12-13
잠실동-111,1,서울특별시 송파구 석촌호수로12길 24,서울특별시 송파구 잠실동 205-15,,,,,02-2147-3326,서울특별시 송파구청,2022-12-13
잠실동-112,1,서울특별시 송파구 석촌호수로12길 23-12,서울특별시 송파구 잠실동 213-22,,,,,02-2147-3326,서울특별시 송파구청,2022-12-13
잠실동-113,1,서울특별시 송파구 삼전로13길 57,서울특별시 송파구 잠실동 231-1,,,,,02-2147-3326,서울특별시 송파구청,2022-12-13
잠실동-114,1,서울특별시 송파구 삼전로13길53-1,서울특별시 송파구 잠실동 231-23,,,,,02-2147-3326,서울특별시 송파구청,2022-12-13
잠실동-115,1,서울특별시 송파구 삼전로13길 54,서울특별시 송파구 잠실동 212-14,,,,,02-2147-3326,서울특별시 송파구청,2022-12-13
잠실동-116,1,서울특별시 송파구 석촌호수로12길 19-23,서울특별시 송파구 잠실동 212-11,,,,,02-2147-3326,서울특별시 송파구청,2022-12-13
잠실동-117,1,서울특별시 송파구 석촌호수로12길 19-17,서울특별시 송파구 잠실동 212-8,,,,,02-2147-3326,서울특별시 송파구청,2022-12-13
잠실동-118,1,서울특별시 송파구 석촌호수로12길 19-11,서울특별시 송파구 잠실동 212-5,,,,,02-2147-3326,서울특별시 송파구청,2022-12-13
잠실동-119,1,서울특별시 송파구 석촌호수로12길 19,서울특별시 송파구 잠실동 212,,,,,02-2147-3326,서울특별시 송파구청,2022-12-13
잠실동-120,1,서울특별시 송파구 백제고분로7길 42-25,서울특별시 송파구 잠실동 206,,,,,02-2147-3326,서울특별시 송파구청,2022-12-13
잠실동-121,1,서울특별시 송파구 백제고분로7길42-12,서울특별시 송파구 잠실동 186,,,,,02-2147-3326,서울특별시 송파구청,2022-12-13
잠실동-122,1,서울특별시 송파구 백제고분로9길 46,서울특별시 송파구 잠실동 206-9,,,,,02-2147-3326,서울특별시 송파구청,2022-12-13
잠실동-123,1,서울특별시 송파구 백제고분로7길46-24,서울특별시 송파구 잠실동 206-24,,,,,02-2147-3326,서울특별시 송파구청,2022-12-13
잠실동-124,1,서울특별시 송파구 백제고분로7길46-30,서울특별시 송파구 잠실동 206-7,,,,,02-2147-3326,서울특별시 송파구청,2022-12-13
잠실동-125,1,서울특별시 송파구 백제고분로7길 46-35,서울특별시 송파구 잠실동 206-14,,,,,02-2147-3326,서울특별시 송파구청,2022-12-13
잠실동-126,1,서울특별시 송파구 석촌호수로12길 16,서울특별시 송파구 잠실동 206-15,,,,,02-2147-3326,서울특별시 송파구청,2022-12-13
잠실동-127,1,서울특별시 송파구 석촌호수로12길 17-6,서울특별시 송파구 잠실동 212-27,,,,,02-2147-3326,서울특별시 송파구청,2022-12-13
잠실동-128,1,서울특별시 송파구 석촌호수로12길 17-15,서울특별시 송파구 잠실동 212-22,,,,,02-2147-3326,서울특별시 송파구청,2022-12-13
잠실동-129,1,서울특별시 송파구 석촌호수로12길 17-19,서울특별시 송파구 잠실동 212-40,,,,,02-2147-3326,서울특별시 송파구청,2022-12-13
잠실동-130,1,서울특별시 송파구 삼전로13길 48,서울특별시 송파구 잠실동 211-13,,,,,02-2147-3326,서울특별시 송파구청,2022-12-13
잠실동-131,1,서울특별시 송파구 백제고분로15길 32-2,서울특별시 송파구 잠실동 211-9,,,,,02-2147-3326,서울특별시 송파구청,2022-12-13
잠실동-132,1,서울특별시 송파구 백제고분로15길 36-1,서울특별시 송파구 잠실동 211-5,,,,,02-2147-3326,서울특별시 송파구청,2022-12-13
잠실동-133,1,서울특별시 송파구 백제고분로15길 40,서울특별시 송파구 잠실동 211-1,,,,,02-2147-3326,서울특별시 송파구청,2022-12-13
잠실동-134,1,서울특별시 송파구 석촌호수로12길 41,서울특별시 송파구 잠실동 206-16,,,,,02-2147-3326,서울특별시 송파구청,2022-12-13
잠실동-135,1,서울특별시 송파구 백제고분로15길 45,서울특별시 송파구 잠실동 206-22,,,,,02-2147-3326,서울특별시 송파구청,2022-12-13
잠실동-136,1,서울특별시 송파구 백제고분로15길 47,서울특별시 송파구 잠실동 206-18,,,,,02-2147-3326,서울특별시 송파구청,2022-12-13
잠실동-137,1,서울특별시 송파구 백제고분로9길 50,서울특별시 송파구 잠실동 206-20,,,,,02-2147-3326,서울특별시 송파구청,2022-12-13
잠실동-138,1,서울특별시 송파구 백제고분로9길 49,서울특별시 송파구 잠실동 186-11,,,,,02-2147-3326,서울특별시 송파구청,2022-12-13
잠실동-139,1,서울특별시 송파구 백제고분로15길55,서울특별시 송파구 잠실동 186-11,,,,,02-2147-3326,서울특별시 송파구청,2022-12-13
잠실동-140,1,서울특별시 송파구 백제고분로7길52,서울특별시 송파구 잠실동 185-5,,,,,02-2147-3326,서울특별시 송파구청,2022-12-13
잠실동-141,1,서울특별시 송파구 백제고분로9길 51,서울특별시 송파구 잠실동 185-3,,,,,02-2147-3326,서울특별시 송파구청,2022-12-13
잠실동-142,1,서울특별시 송파구 백제고분로7길 52-23,서울특별시 송파구 잠실동 207-12,,,,,02-2147-3326,서울특별시 송파구청,2022-12-13
잠실동-143,1,서울특별시 송파구 백제고분로9길 52-24,서울특별시 송파구 잠실동 207-7,,,,,02-2147-3326,서울특별시 송파구청,2022-12-13
잠실동-144,1,서울특별시 송파구 석촌호수로12길 12,서울특별시 송파구 잠실동 207-14,,,,,02-2147-3326,서울특별시 송파구청,2022-12-13
잠실동-145,1,서울특별시 송파구 석촌호수로12길 11-4,서울특별시 송파구 잠실동 211-26,,,,,02-2147-3326,서울특별시 송파구청,2022-12-13
잠실동-146,1,서울특별시 송파구 백제고분로17길 29,서울특별시 송파구 잠실동 211-35,,,,,02-2147-3326,서울특별시 송파구청,2022-12-13
잠실동-147,1,서울특별시 송파구 삼전로13길 44,서울특별시 송파구 잠실동 211-36,,,,,02-2147-3326,서울특별시 송파구청,2022-12-13
잠실동-148,1,서울특별시 송파구 삼전로13길 44,서울특별시 송파구 잠실동 232-4,,,,,02-2147-3326,서울특별시 송파구청,2022-12-13
잠실동-149,1,서울특별시 송파구 백제고분로17길 28-1,서울특별시 송파구 잠실동 210-12,,,,,02-2147-3326,서울특별시 송파구청,2022-12-13
잠실동-150,1,서울특별시 송파구 백제고분로17길34,서울특별시 송파구 잠실동 211-35,,,,,02-2147-3326,서울특별시 송파구청,2022-12-13
잠실동-151,1,서울특별시 송파구 석촌호수로12길 8,서울특별시 송파구 잠실동 208-6,,,,,02-2147-3326,서울특별시 송파구청,2022-12-13
잠실동-152,1,서울특별시 송파구 백제고분로17길 44,서울특별시 송파구 잠실동 208-5,,,,,02-2147-3326,서울특별시 송파구청,2022-12-13
잠실동-153,1,서울특별시 송파구 백제고분로17길 74,서울특별시 송파구 잠실동 208-17,,,,,02-2147-3326,서울특별시 송파구청,2022-12-13
잠실동-154,1,서울특별시 송파구 백제고분로17길 74,서울특별시 송파구 잠실동 208-4,,,,,02-2147-3326,서울특별시 송파구청,2022-12-13
잠실동-155,1,서울특별시 송파구 백제고분로17길 52,서울특별시 송파구 잠실동 208-3,,,,,02-2147-3326,서울특별시 송파구청,2022-12-13
잠실동-156,1,서울특별시 송파구 석촌호수로12길 8,서울특별시 송파구 잠실동 208-6,,,,,02-2147-3326,서울특별시 송파구청,2022-12-13
잠실동-157,1,서울특별시 송파구 석촌호수로24길18,서울특별시 송파구 잠실동 210-16,,,,,02-2147-3326,서울특별시 송파구청,2022-12-13
잠실동-158,1,서울특별시 송파구 석촌호수로12길,서울특별시 송파구 잠실동 209-4,,,,,02-2147-3326,서울특별시 송파구청,2022-12-13
잠실동-159,1,서울특별시 송파구 석촌호수로12길,서울특별시 송파구 잠실동 209-4,,,,,02-2147-3326,서울특별시 송파구청,2022-12-13
잠실동-160,1,서울특별시 송파구 석촌호수로12길 1-11,서울특별시 송파구 잠실동 209-3,,,,,02-2147-3326,서울특별시 송파구청,2022-12-13
잠실동-161,1,서울특별시 송파구 석촌호수로 78,서울특별시 송파구 잠실동 208-7,,,,,02-2147-3326,서울특별시 송파구청,2022-12-13
잠실동-162,1,서울특별시 송파구 삼전로13길,서울특별시 송파구 잠실동 209-4,,,,,02-2147-3326,서울특별시 송파구청,2022-12-13
잠실동-163,1,서울특별시 송파구 삼전로13길 28,서울특별시 송파구 잠실동 209-8,,,,,02-2147-3326,서울특별시 송파구청,2022-12-13
잠실동-164,1,서울특별시 송파구 삼전로13길 26,서울특별시 송파구 잠실동 209-15,,,,,02-2147-3326,서울특별시 송파구청,2022-12-13
잠실동-165,1,서울특별시 송파구 백제고분로19길 31,서울특별시 송파구 잠실동 241-3,,,,,02-2147-3326,서울특별시 송파구청,2022-12-13
잠실동-166,1,서울특별시 송파구 백제고분로19길 35,서울특별시 송파구 잠실동 209-11,,,,,02-2147-3326,서울특별시 송파구청,2022-12-13
잠실동-167,1,서울특별시 송파구 석촌호수로 98,서울특별시 송파구 잠실동 209-10,,,,,02-2147-3326,서울특별시 송파구청,2022-12-13
잠실동-168,1,서울특별시 송파구 삼전로13길 20-1,서울특별시 송파구 잠실동 242-12,,,,,02-2147-3326,서울특별시 송파구청,2022-12-13
잠실동-169,1,서울특별시 송파구 삼전로13길 20,서울특별시 송파구 잠실동 242-12,,,,,02-2147-3326,서울특별시 송파구청,2022-12-13
잠실동-170,1,서울특별시 송파구 삼전로13길 14-1,서울특별시 송파구 잠실동 242-23,,,,,02-2147-3326,서울특별시 송파구청,2022-12-13
잠실동-171,1,서울특별시 송파구 삼전로13길 12,서울특별시 송파구 잠실동 242-26,,,,,02-2147-3326,서울특별시 송파구청,2022-12-13
잠실동-172,1,서울특별시 송파구 삼전로13길 6,서울특별시 송파구 잠실동 242-21,,,,,02-2147-3326,서울특별시 송파구청,2022-12-13
잠실동-173,1,서울특별시 송파구 삼전로 95,서울특별시 송파구 잠실동 252,,,,,02-2147-3326,서울특별시 송파구청,2022-12-13
잠실동-174,1,서울특별시 송파구 백제고분로19길 30-28,서울특별시 송파구 잠실동 244-14,,,,,02-2147-3326,서울특별시 송파구청,2022-12-13
잠실동-175,1,서울특별시 송파구 백제고분로19길 30-23,서울특별시 송파구 잠실동 243-32,,,,,02-2147-3326,서울특별시 송파구청,2022-12-13
잠실동-176,1,서울특별시 송파구 백제고분로19길 30-21,서울특별시 송파구 잠실동 243-26,,,,,02-2147-3326,서울특별시 송파구청,2022-12-13
잠실동-177,1,서울특별시 송파구 백제고분로19길 30-17,서울특별시 송파구 잠실동 243-24,,,,,02-2147-3326,서울특별시 송파구청,2022-12-13
잠실동-178,1,서울특별시 송파구 백제고분로19길 30-11,서울특별시 송파구 잠실동 243-9,,,,,02-2147-3326,서울특별시 송파구청,2022-12-13
잠실동-179,1,서울특별시 송파구 백제고분로19길 32,서울특별시 송파구 잠실동 243-11,,,,,02-2147-3326,서울특별시 송파구청,2022-12-13
잠실동-180,1,서울특별시 송파구 백제고분로19길 27,서울특별시 송파구 잠실동 240-5,,,,,02-2147-3326,서울특별시 송파구청,2022-12-13
잠실동-181,1,서울특별시 송파구 백제고분로19길 29,서울특별시 송파구 잠실동 241-4,,,,,02-2147-3326,서울특별시 송파구청,2022-12-13
잠실동-182,1,서울특별시 송파구 백제고분로19길 27-8,서울특별시 송파구 잠실동 241-5,,,,,02-2147-3326,서울특별시 송파구청,2022-12-13
잠실동-183,1,서울특별시 송파구 백제고분로19길 27-18,서울특별시 송파구 잠실동 241-14,,,,,02-2147-3326,서울특별시 송파구청,2022-12-13
잠실동-184,1,서울특별시 송파구 백제고분로17길23,서울특별시 송파구 잠실동 232-14,,,,,02-2147-3326,서울특별시 송파구청,2022-12-13
잠실동-185,1,서울특별시 송파구 백제고분로17길 22-4,서울특별시 송파구 잠실동 240-29,,,,,02-2147-3326,서울특별시 송파구청,2022-12-13
잠실동-186,1,서울특별시 송파구 백제고분로17길 21-1,서울특별시 송파구 잠실동 232-20,,,,,02-2147-3326,서울특별시 송파구청,2022-12-13
잠실동-187,1,서울특별시 송파구 백제고분로19길 23-21,서울특별시 송파구 잠실동 239-2,,,,,02-2147-3326,서울특별시 송파구청,2022-12-13
잠실동-188,1,서울특별시 송파구 백제고분로19길 23-14,서울특별시 송파구 잠실동 240-9,,,,,02-2147-3326,서울특별시 송파구청,2022-12-13
잠실동-189,1,서울특별시 송파구 백제고분로19길 23-12,서울특별시 송파구 잠실동 240-19,,,,,02-2147-3326,서울특별시 송파구청,2022-12-13
잠실동-190,1,서울특별시 송파구 백제고분로19길 23-6,서울특별시 송파구 잠실동 240-7,,,,,02-2147-3326,서울특별시 송파구청,2022-12-13
잠실동-191,1,서울특별시 송파구 백제고분로19길 23,서울특별시 송파구 잠실동 239-7,,,,,02-2147-3326,서울특별시 송파구청,2022-12-13
잠실동-192,1,서울특별시 송파구 백제고분로19길 26-6,서울특별시 송파구 잠실동 244-12,,,,,02-2147-3326,서울특별시 송파구청,2022-12-13
잠실동-193,1,서울특별시 송파구 백제고분로19길 26-17,서울특별시 송파구 잠실동 244-16,,,,,02-2147-3326,서울특별시 송파구청,2022-12-13
잠실동-194,1,서울특별시 송파구 백제고분로19길 26-23,서울특별시 송파구 잠실동 244-7,,,,,02-2147-3326,서울특별시 송파구청,2022-12-13
잠실동-195,1,서울특별시 송파구 삼전로13길 5-21,서울특별시 송파구 잠실동 252-4,,,,,02-2147-3326,서울특별시 송파구청,2022-12-13
잠실동-196,1,서울특별시 송파구 삼전로9길 4,서울특별시 송파구 잠실동 252-5,,,,,02-2147-3326,서울특별시 송파구청,2022-12-13
잠실동-197,1,서울특별시 송파구 삼전로9길 11,서울특별시 송파구 잠실동 246-17,,,,,02-2147-3326,서울특별시 송파구청,2022-12-13
잠실동-198,1,서울특별시 송파구 삼전로9길 11-1,서울특별시 송파구 잠실동 246-16,,,,,02-2147-3326,서울특별시 송파구청,2022-12-13
잠실동-199,1,서울특별시 송파구 삼전로9길 17,서울특별시 송파구 잠실동 246-1,,,,,02-2147-3326,서울특별시 송파구청,2022-12-13
잠실동-200,1,서울특별시 송파구 삼전로9길 19,서울특별시 송파구 잠실동 246,,,,,02-2147-3326,서울특별시 송파구청,2022-12-13
잠실동-201,1,서울특별시 송파구 삼전로9길 21,서울특별시 송파구 잠실동 238-18,,,,,02-2147-3326,서울특별시 송파구청,2022-12-13
잠실동-202,1,서울특별시 송파구 백제고분로19길 23,서울특별시 송파구 잠실동 239-8,,,,,02-2147-3326,서울특별시 송파구청,2022-12-13
잠실동-203,1,서울특별시 송파구 삼전로9길 24,서울특별시 송파구 잠실동 239-18,,,,,02-2147-3326,서울특별시 송파구청,2022-12-13
잠실동-204,1,서울특별시 송파구 삼전로9길 25,서울특별시 송파구 잠실동 238-17,,,,,02-2147-3326,서울특별시 송파구청,2022-12-13
잠실동-205,1,서울특별시 송파구 삼전로9길 28,서울특별시 송파구 잠실동 239-12,,,,,02-2147-3326,서울특별시 송파구청,2022-12-13
잠실동-206,1,서울특별시 송파구 삼전로9길 29,서울특별시 송파구 잠실동 238-15,,,,,02-2147-3326,서울특별시 송파구청,2022-12-13
잠실동-207,1,서울특별시 송파구 백제고분로17길 17,서울특별시 송파구 잠실동 232-7,,,,,02-2147-3326,서울특별시 송파구청,2022-12-13
잠실동-208,1,서울특별시 송파구 백제고분로17길 15-1,서울특별시 송파구 잠실동 232-8,,,,,02-2147-3326,서울특별시 송파구청,2022-12-13
잠실동-209,1,서울특별시 송파구 백제고분로15길 18,서울특별시 송파구 잠실동 232-19,,,,,02-2147-3326,서울특별시 송파구청,2022-12-13
잠실동-210,1,서울특별시 송파구 백제고분로15길 20-1,서울특별시 송파구 잠실동 232-1,,,,,02-2147-3326,서울특별시 송파구청,2022-12-13
잠실동-211,1,서울특별시 송파구 백제고분로15길 24,서울특별시 송파구 잠실동 232-2,,,,,02-2147-3326,서울특별시 송파구청,2022-12-13
잠실동-212,1,서울특별시 송파구 백제고분로15길 23-4,서울특별시 송파구 잠실동 231-5,,,,,02-2147-3326,서울특별시 송파구청,2022-12-13
잠실동-213,1,서울특별시 송파구 백제고분로15길 23-10,서울특별시 송파구 잠실동 231-7,,,,,02-2147-3326,서울특별시 송파구청,2022-12-13
잠실동-214,1,서울특별시 송파구 올림픽로12길 51,서울특별시 송파구 잠실동 229,,,,,02-2147-3326,서울특별시 송파구청,2022-12-13
잠실동-215,1,서울특별시 송파구 올림픽로12길 45-15,서울특별시 송파구 잠실동 231-25,,,,,02-2147-3326,서울특별시 송파구청,2022-12-13
잠실동-216,1,서울특별시 송파구 올림픽로12길 51,서울특별시 송파구 잠실동 229,,,,,02-2147-3326,서울특별시 송파구청,2022-12-13
잠실동-217,1,서울특별시 송파구 올림픽로12길 51,서울특별시 송파구 잠실동 229,,,,,02-2147-3326,서울특별시 송파구청,2022-12-13
잠실동-218,1,서울특별시 송파구 올림픽로12길 51,서울특별시 송파구 잠실동 229,,,,,02-2147-3326,서울특별시 송파구청,2022-12-13
잠실동-219,1,서울특별시 송파구 백제고분로15길12,서울특별시 송파구 잠실동 229,,,,,02-2147-3326,서울특별시 송파구청,2022-12-13
잠실동-220,1,서울특별시 송파구 백제고분로15길,서울특별시 송파구 잠실동 230-1,,,,,02-2147-3326,서울특별시 송파구청,2022-12-13
잠실동-221,1,서울특별시 송파구 백제고분로15길 8,서울특별시 송파구 잠실동 233-4,,,,,02-2147-3326,서울특별시 송파구청,2022-12-13
잠실동-222,1,서울특별시 송파구 백제고분로15길 4,서울특별시 송파구 잠실동 234,,,,,02-2147-3326,서울특별시 송파구청,2022-12-13
잠실동-223,1,서울특별시 송파구 백제고분로15길 4,서울특별시 송파구 잠실동 234,,,,,02-2147-3326,서울특별시 송파구청,2022-12-13
잠실동-224,1,서울특별시 송파구 백제고분로19길 3-29,서울특별시 송파구 잠실동 234-19,,,,,02-2147-3326,서울특별시 송파구청,2022-12-13
잠실동-225,1,서울특별시 송파구 삼전로7길 32,서울특별시 송파구 잠실동 236-5,,,,,02-2147-3326,서울특별시 송파구청,2022-12-13
잠실동-226,1,서울특별시 송파구 백제고분로17길11,서울특별시 송파구 잠실동 233-7,,,,,02-2147-3326,서울특별시 송파구청,2022-12-13
잠실동-227,1,서울특별시 송파구 백제고분로19길 15-24,서울특별시 송파구 잠실동 238-11,,,,,02-2147-3326,서울특별시 송파구청,2022-12-13
잠실동-228,1,서울특별시 송파구 백제고분로19길 15-22,서울특별시 송파구 잠실동 238-10,,,,,02-2147-3326,서울특별시 송파구청,2022-12-13
잠실동-229,1,서울특별시 송파구 백제고분로19길 15-16,서울특별시 송파구 잠실동 238-9,,,,,02-2147-3326,서울특별시 송파구청,2022-12-13
잠실동-230,1,서울특별시 송파구 백제고분로19길 15-6,서울특별시 송파구 잠실동 238-5,,,,,02-2147-3326,서울특별시 송파구청,2022-12-13
잠실동-231,1,서울특별시 송파구 백제고분로19길15,서울특별시 송파구 잠실동 237-5,,,,,02-2147-3326,서울특별시 송파구청,2022-12-13
잠실동-232,1,서울특별시 송파구 백제고분로19길 18,서울특별시 송파구 잠실동 246-10,,,,,02-2147-3326,서울특별시 송파구청,2022-12-13
잠실동-233,1,서울특별시 송파구 백제고분로19길 16-9,서울특별시 송파구 잠실동 246-8,,,,,02-2147-3326,서울특별시 송파구청,2022-12-13
잠실동-234,1,서울특별시 송파구 백제고분로19길 16-17,서울특별시 송파구 잠실동 246-5,,,,,02-2147-3326,서울특별시 송파구청,2022-12-13
잠실동-235,1,서울특별시 송파구 백제고분로19길 16-23,서울특별시 송파구 잠실동 246-14,,,,,02-2147-3326,서울특별시 송파구청,2022-12-13
잠실동-236,1,서울특별시 송파구 삼전로9길 5-9,서울특별시 송파구 잠실동 251-8,,,,,02-2147-3326,서울특별시 송파구청,2022-12-13
잠실동-237,1,서울특별시 송파구 삼전로9길 5-13,서울특별시 송파구 잠실동 251-1,,,,,02-2147-3326,서울특별시 송파구청,2022-12-13
잠실동-238,1,서울특별시 송파구 삼전로9길 5-20,서울특별시 송파구 잠실동 248-4,,,,,02-2147-3326,서울특별시 송파구청,2022-12-13
잠실동-239,1,서울특별시 송파구 백제고분로19길 12-18,서울특별시 송파구 잠실동 248-3,,,,,02-2147-3326,서울특별시 송파구청,2022-12-13
잠실동-240,1,서울특별시 송파구 백제고분로19길 12-10,서울특별시 송파구 잠실동 248-1,,,,,02-2147-3326,서울특별시 송파구청,2022-12-13
잠실동-241,1,서울특별시 송파구 백제고분로19길 12,서울특별시 송파구 잠실동 248,,,,,02-2147-3326,서울특별시 송파구청,2022-12-13
잠실동-242,1,서울특별시 송파구 백제고분로19길 11,서울특별시 송파구 잠실동 236-16,,,,,02-2147-3326,서울특별시 송파구청,2022-12-13
잠실동-243,1,서울특별시 송파구 백제고분로19길 13,서울특별시 송파구 잠실동 237-6,,,,,02-2147-3326,서울특별시 송파구청,2022-12-13
잠실동-244,1,서울특별시 송파구 백제고분로19길11-17,서울특별시 송파구 잠실동 237-10,,,,,02-2147-3326,서울특별시 송파구청,2022-12-13
잠실동-245,1,서울특별시 송파구 삼전로7길 27-1,서울특별시 송파구 잠실동 235-12,,,,,02-2147-3326,서울특별시 송파구청,2022-12-13
잠실동-246,1,서울특별시 송파구 삼전로7길 25-1,서울특별시 송파구 잠실동 235-2,,,,,02-2147-3326,서울특별시 송파구청,2022-12-13
잠실동-247,1,서울특별시 송파구 삼전로7길 21,서울특별시 송파구 잠실동 235-3,,,,,02-2147-3326,서울특별시 송파구청,2022-12-13
잠실동-248,1,서울특별시 송파구 삼전로7길 19,서울특별시 송파구 잠실동 235-21,,,,,02-2147-3326,서울특별시 송파구청,2022-12-13
잠실동-249,1,서울특별시 송파구 백제고분로19길 7,서울특별시 송파구 잠실동 235-11,,,,,02-2147-3326,서울특별시 송파구청,2022-12-13
잠실동-250,1,서울특별시 송파구 백제고분로19길 7,서울특별시 송파구 잠실동 235-11,,,,,02-2147-3326,서울특별시 송파구청,2022-12-13
잠실동-251,1,서울특별시 송파구 삼전로7길 15,서울특별시 송파구 잠실동 249,,,,,02-2147-3326,서울특별시 송파구청,2022-12-13
잠실동-252,1,서울특별시 송파구 삼전로7길 11,서울특별시 송파구 잠실동 249-2,,,,,02-2147-3326,서울특별시 송파구청,2022-12-13
잠실동-253,1,서울특별시 송파구 백제고분로19길 4-14,서울특별시 송파구 잠실동 250-3,,,,,02-2147-3326,서울특별시 송파구청,2022-12-13
잠실동-254,1,서울특별시 송파구 백제고분로19길4-10,서울특별시 송파구 잠실동 250-2,,,,,02-2147-3326,서울특별시 송파구청,2022-12-13
잠실동-255,1,서울특별시 송파구 백제고분로19길 4,서울특별시 송파구 잠실동 250-1,,,,,02-2147-3326,서울특별시 송파구청,2022-12-13
잠실동-256,1,서울특별시 송파구 백제고분로19길 4,서울특별시 송파구 잠실동 250-1,,,,,02-2147-3326,서울특별시 송파구청,2022-12-13
잠실동-257,1,서울특별시 송파구 백제고분로19길 5,서울특별시 송파구 잠실동 235-5,,,,,02-2147-3326,서울특별시 송파구청,2022-12-13
잠실동-258,1,서울특별시 송파구 백제고분로19길 3,서울특별시 송파구 잠실동 234-5,,,,,02-2147-3326,서울특별시 송파구청,2022-12-13
잠실동-259,1,서울특별시 송파구 백제고분로19길 3-9,서울특별시 송파구 잠실동 234-12,,,,,02-2147-3326,서울특별시 송파구청,2022-12-13
잠실동-260,1,서울특별시 송파구 백제고분로19길 3-10,서울특별시 송파구 잠실동 235-6,,,,,02-2147-3326,서울특별시 송파구청,2022-12-13
잠실동-261,1,서울특별시 송파구 백제고분로19길 3-20,서울특별시 송파구 잠실동 235-19,,,,,02-2147-3326,서울특별시 송파구청,2022-12-13
잠실동-262,1,서울특별시 송파구 백제고분로19길 3-21,서울특별시 송파구 잠실동 234-2,,,,,02-2147-3326,서울특별시 송파구청,2022-12-13
잠실동-263,1,서울특별시 송파구 백제고분로 122,서울특별시 송파구 잠실동 294-3,,,,,02-2147-3326,서울특별시 송파구청,2022-12-13
잠실동-264,1,서울특별시 송파구 백제고분로 122,서울특별시 송파구 잠실동 294-3,,,,,02-2147-3326,서울특별시 송파구청,2022-12-13
잠실동-265,1,서울특별시 송파구 백제고분로12길4-10,서울특별시 송파구 잠실동 294-3,,,,,02-2147-3326,서울특별시 송파구청,2022-12-13
잠실동-266,1,서울특별시 송파구 백제고분로12길 6,서울특별시 송파구 잠실동 295-4,,,,,02-2147-3326,서울특별시 송파구청,2022-12-13
잠실동-267,1,서울특별시 송파구 백제고분로12길 3,서울특별시 송파구 잠실동 313-7,,,,,02-2147-3326,서울특별시 송파구청,2022-12-13
잠실동-268,1,서울특별시 송파구 백제고분로12길 3-9,서울특별시 송파구 잠실동 313-15,,,,,02-2147-3326,서울특별시 송파구청,2022-12-13
잠실동-269,1,서울특별시 송파구 백제고분로12길 3-21,서울특별시 송파구 잠실동 313-11,,,,,02-2147-3326,서울특별시 송파구청,2022-12-13
잠실동-270,1,서울특별시 송파구 백제고분로12길 3-29,서울특별시 송파구 잠실동 313-3,,,,,02-2147-3326,서울특별시 송파구청,2022-12-13
잠실동-271,1,서울특별시 송파구 백제고분로12길7-18,서울특별시 송파구 잠실동 312-7,,,,,02-2147-3326,서울특별시 송파구청,2022-12-13
잠실동-272,1,서울특별시 송파구 백제고분로12길 8,서울특별시 송파구 잠실동 295-5,,,,,02-2147-3326,서울특별시 송파구청,2022-12-13
잠실동-273,1,서울특별시 송파구 백제고분로12길 8,서울특별시 송파구 잠실동 295-5,,,,,02-2147-3326,서울특별시 송파구청,2022-12-13
잠실동-274,1,서울특별시 송파구 백제고분로12길8-12,서울특별시 송파구 잠실동 295-6,,,,,02-2147-3326,서울특별시 송파구청,2022-12-13
잠실동-275,1,서울특별시 송파구 백제고분로12길8-16,서울특별시 송파구 잠실동 295-15,,,,,02-2147-3326,서울특별시 송파구청,2022-12-13
잠실동-276,1,서울특별시 송파구 도곡로64길,서울특별시 송파구 잠실동 296,,,,,02-2147-3326,서울특별시 송파구청,2022-12-13
잠실동-277,1,서울특별시 송파구 도곡로64길,서울특별시 송파구 잠실동 296,,,,,02-2147-3326,서울특별시 송파구청,2022-12-13
잠실동-278,1,서울특별시 송파구 도곡로64길 11,서울특별시 송파구 잠실동 296-5,,,,,02-2147-3326,서울특별시 송파구청,2022-12-13
잠실동-279,1,서울특별시 송파구 도곡로 452,서울특별시 송파구 잠실동 294-23,,,,,02-2147-3326,서울특별시 송파구청,2022-12-13
잠실동-280,1,서울특별시 송파구 도곡로64길 7-1,서울특별시 송파구 잠실동 305,,,,,02-2147-3326,서울특별시 송파구청,2022-12-13
잠실동-281,1,서울특별시 송파구 도곡로 450,서울특별시 송파구 잠실동 305,,,,,02-2147-3326,서울특별시 송파구청,2022-12-13
잠실동-282,1,서울특별시 송파구 도곡로 446,서울특별시 송파구 잠실동 305-21,,,,,02-2147-3326,서울특별시 송파구청,2022-12-13
잠실동-283,1,서울특별시 송파구 도곡로62길 5-17,서울특별시 송파구 잠실동 305-7,,,,,02-2147-3326,서울특별시 송파구청,2022-12-13
잠실동-284,1,서울특별시 송파구 도곡로62길 5-8,서울특별시 송파구 잠실동 304-9,,,,,02-2147-3326,서울특별시 송파구청,2022-12-13
잠실동-285,1,서울특별시 송파구 도곡로62길11-14,서울특별시 송파구 잠실동 304-29,,,,,02-2147-3326,서울특별시 송파구청,2022-12-13
잠실동-286,1,서울특별시 송파구 도곡로62길 15-13,서울특별시 송파구 잠실동 304-14,,,,,02-2147-3326,서울특별시 송파구청,2022-12-13
잠실동-287,1,서울특별시 송파구 도곡로62길 15-23,서울특별시 송파구 잠실동 304-21,,,,,02-2147-3326,서울특별시 송파구청,2022-12-13
잠실동-288,1,서울특별시 송파구 도곡로62길 15-23,서울특별시 송파구 잠실동 304-21,,,,,02-2147-3326,서울특별시 송파구청,2022-12-13
잠실동-289,1,서울특별시 송파구 도곡로64길10,서울특별시 송파구 잠실동 303-2,,,,,02-2147-3326,서울특별시 송파구청,2022-12-13
잠실동-290,1,서울특별시 송파구 도곡로64길10,서울특별시 송파구 잠실동 303-2,,,,,02-2147-3326,서울특별시 송파구청,2022-12-13
잠실동-291,1,서울특별시 송파구 도곡로64길 9-3,서울특별시 송파구 잠실동 296-2,,,,,02-2147-3326,서울특별시 송파구청,2022-12-13
잠실동-292,1,서울특별시 송파구 도곡로64길 9-10,서울특별시 송파구 잠실동 297-7,,,,,02-2147-3326,서울특별시 송파구청,2022-12-13
잠실동-293,1,서울특별시 송파구 백제고분로12길 12-17,서울특별시 송파구 잠실동 298-3,,,,,02-2147-3326,서울특별시 송파구청,2022-12-13
잠실동-294,1,서울특별시 송파구 백제고분로12길 12-4,서울특별시 송파구 잠실동 297-4,,,,,02-2147-3326,서울특별시 송파구청,2022-12-13
잠실동-295,1,서울특별시 송파구 백제고분로12길 14,서울특별시 송파구 잠실동 298-9,,,,,02-2147-3326,서울특별시 송파구청,2022-12-13
잠실동-296,1,서울특별시 송파구 백제고분로12길 13,서울특별시 송파구 잠실동 310,,,,,02-2147-3326,서울특별시 송파구청,2022-12-13
잠실동-297,1,서울특별시 송파구 백제고분로12길 11-9,서울특별시 송파구 잠실동 311-14,,,,,02-2147-3326,서울특별시 송파구청,2022-12-13
잠실동-298,1,서울특별시 송파구 백제고분로12길 11-15,서울특별시 송파구 잠실동 311-8,,,,,02-2147-3326,서울특별시 송파구청,2022-12-13
잠실동-299,1,서울특별시 송파구 백제고분로12길 11-25,서울특별시 송파구 잠실동 311-7,,,,,02-2147-3326,서울특별시 송파구청,2022-12-13
잠실동-300,1,서울특별시 송파구 백제고분로14길 4-23,서울특별시 송파구 잠실동 318-11,,,,,02-2147-3326,서울특별시 송파구청,2022-12-13
잠실동-301,1,서울특별시 송파구 백제고분로14길4-29,서울특별시 송파구 잠실동 318-15,,,,,02-2147-3326,서울특별시 송파구청,2022-12-13
잠실동-302,1,서울특별시 송파구 도곡로64길 33,서울특별시 송파구 잠실동 310-18,,,,,02-2147-3326,서울특별시 송파구청,2022-12-13
잠실동-303,1,서울특별시 송파구 도곡로64길28,서울특별시 송파구 잠실동 310-11,,,,,02-2147-3326,서울특별시 송파구청,2022-12-13
잠실동-304,1,서울특별시 송파구 백제고분로12길17,서울특별시 송파구 잠실동 309,,,,,02-2147-3326,서울특별시 송파구청,2022-12-13
잠실동-305,1,서울특별시 송파구 도곡로64길 23,서울특별시 송파구 잠실동 298-10,,,,,02-2147-3326,서울특별시 송파구청,2022-12-13
잠실동-306,1,서울특별시 송파구 도곡로64길 13,서울특별시 송파구 잠실동 298-18,,,,,02-2147-3326,서울특별시 송파구청,2022-12-13
잠실동-307,1,서울특별시 송파구 도곡로64길 23,서울특별시 송파구 잠실동 298-10,,,,,02-2147-3326,서울특별시 송파구청,2022-12-13
잠실동-308,1,서울특별시 송파구 도곡로64길 24,서울특별시 송파구 잠실동 299-10,,,,,02-2147-3326,서울특별시 송파구청,2022-12-13
잠실동-309,1,서울특별시 송파구 도곡로64길15-1,서울특별시 송파구 잠실동 299-5,,,,,02-2147-3326,서울특별시 송파구청,2022-12-13
잠실동-310,1,서울특별시 송파구 도곡로64길 10-8,서울특별시 송파구 잠실동 303-4,,,,,02-2147-3326,서울특별시 송파구청,2022-12-13
잠실동-311,1,서울특별시 송파구 백제고분로12길 20-21,서울특별시 송파구 잠실동 300-1,,,,,02-2147-3326,서울특별시 송파구청,2022-12-13
잠실동-312,1,서울특별시 송파구 백제고분로12길 20-11,서울특별시 송파구 잠실동 300-3,,,,,02-2147-3326,서울특별시 송파구청,2022-12-13
잠실동-313,1,서울특별시 송파구 백제고분로12길 20,서울특별시 송파구 잠실동 299-19,,,,,02-2147-3326,서울특별시 송파구청,2022-12-13
잠실동-314,1,서울특별시 송파구 백제고분로12길 22,서울특별시 송파구 잠실동 300-5,,,,,02-2147-3326,서울특별시 송파구청,2022-12-13
잠실동-315,1,서울특별시 송파구  백제고분로12길19,서울특별시 송파구 잠실동 309-10,,,,,02-2147-3326,서울특별시 송파구청,2022-12-13
잠실동-316,1,서울특별시 송파구 백제고분로12길 19-6,서울특별시 송파구 잠실동 307-1,,,,,02-2147-3326,서울특별시 송파구청,2022-12-13
잠실동-317,1,서울특별시 송파구 백제고분로12길 19-11,서울특별시 송파구 잠실동 309-16,,,,,02-2147-3326,서울특별시 송파구청,2022-12-13
잠실동-318,1,서울특별시 송파구 도곡로62길 45,서울특별시 송파구 잠실동 308-1,,,,,02-2147-3326,서울특별시 송파구청,2022-12-13
잠실동-319,1,서울특별시 송파구 도곡로62길 45,서울특별시 송파구 잠실동 308-1,,,,,02-2147-3326,서울특별시 송파구청,2022-12-13
잠실동-320,1,서울특별시 송파구 도곡로62길 45,서울특별시 송파구 잠실동 308-1,,,,,02-2147-3326,서울특별시 송파구청,2022-12-13
잠실동-321,1,서울특별시 송파구 도곡로62길 45,서울특별시 송파구 잠실동 308-1,,,,,02-2147-3326,서울특별시 송파구청,2022-12-13
잠실동-322,1,서울특별시 송파구 백제고분로12길 26,서울특별시 송파구 잠실동 301-7,,,,,02-2147-3326,서울특별시 송파구청,2022-12-13
잠실동-323,1,서울특별시 송파구 백제고분로12길 26,서울특별시 송파구 잠실동 301-7,,,,,02-2147-3326,서울특별시 송파구청,2022-12-13
잠실동-324,1,서울특별시 송파구 백제고분로12길 24-13,서울특별시 송파구 잠실동 301-2,,,,,02-2147-3326,서울특별시 송파구청,2022-12-13
잠실동-325,1,서울특별시 송파구 백제고분로12길 24-21,서울특별시 송파구 잠실동 301-15,,,,,02-2147-3326,서울특별시 송파구청,2022-12-13
잠실동-326,1,서울특별시 송파구 도곡로64길 10-16,서울특별시 송파구 잠실동 303-8,,,,,02-2147-3326,서울특별시 송파구청,2022-12-13
잠실동-327,1,서울특별시 송파구 백제고분로12길 26,서울특별시 송파구 잠실동 301-7,,,,,02-2147-3326,서울특별시 송파구청,2022-12-13
잠실동-328,1,서울특별시 송파구 백제고분로12길 26,서울특별시 송파구 잠실동 301-7,,,,,02-2147-3326,서울특별시 송파구청,2022-12-13
잠실동-329,1,서울특별시 송파구 백제고분로14길 4,서울특별시 송파구 잠실동 313-2,,,,,02-2147-3326,서울특별시 송파구청,2022-12-13
잠실동-330,1,서울특별시 송파구 백제고분로 160,서울특별시 송파구 잠실동 314-6,,,,,02-2147-3326,서울특별시 송파구청,2022-12-13
잠실동-331,1,서울특별시 송파구 백제고분로18길 4,서울특별시 송파구 잠실동 314-14,,,,,02-2147-3326,서울특별시 송파구청,2022-12-13
잠실동-332,1,서울특별시 송파구 백제고분로18길5,서울특별시 송파구 잠실동 331-12,,,,,02-2147-3326,서울특별시 송파구청,2022-12-13
잠실동-333,1,서울특별시 송파구 백제고분로18길 5,서울특별시 송파구 잠실동 331-12,,,,,02-2147-3326,서울특별시 송파구청,2022-12-13
잠실동-334,1,서울특별시 송파구 백제고분로18길 10,서울특별시 송파구 잠실동 316-6,,,,,02-2147-3326,서울특별시 송파구청,2022-12-13
잠실동-335,1,서울특별시 송파구 백제고분로18길 8-8,서울특별시 송파구 잠실동 315-7,,,,,02-2147-3326,서울특별시 송파구청,2022-12-13
잠실동-336,1,서울특별시 송파구 백제고분로18길 8-16,서울특별시 송파구 잠실동 315-2,,,,,02-2147-3326,서울특별시 송파구청,2022-12-13
잠실동-337,1,서울특별시 송파구 백제고분로18길 8-18,서울특별시 송파구 잠실동 315-3,,,,,02-2147-3326,서울특별시 송파구청,2022-12-13
잠실동-338,1,서울특별시 송파구 백제고분로18길 8-22,서울특별시 송파구 잠실동 315-22,,,,,02-2147-3326,서울특별시 송파구청,2022-12-13
잠실동-339,1,서울특별시 송파구 백제고분로14길9,서울특별시 송파구 잠실동 315-4,,,,,02-2147-3326,서울특별시 송파구청,2022-12-13
잠실동-340,1,서울특별시 송파구 백제고분로18길 12-21,서울특별시 송파구 잠실동 317-25,,,,,02-2147-3326,서울특별시 송파구청,2022-12-13
잠실동-341,1,서울특별시 송파구 백제고분로18길 12,서울특별시 송파구 잠실동 316-15,,,,,02-2147-3326,서울특별시 송파구청,2022-12-13
잠실동-342,1,서울특별시 송파구 백제고분로18길 12,서울특별시 송파구 잠실동 316-15,,,,,02-2147-3326,서울특별시 송파구청,2022-12-13
잠실동-343,1,서울특별시 송파구 백제고분로18길 15,서울특별시 송파구 잠실동 331-14,,,,,02-2147-3326,서울특별시 송파구청,2022-12-13
잠실동-344,1,서울특별시 송파구 백제고분로18길 20,서울특별시 송파구 잠실동 321-14,,,,,02-2147-3326,서울특별시 송파구청,2022-12-13
잠실동-345,1,서울특별시 송파구 백제고분로18길 16-18,서울특별시 송파구 잠실동 317-21,,,,,02-2147-3326,서울특별시 송파구청,2022-12-13
잠실동-346,1,서울특별시 송파구 백제고분로18길 16-24,서울특별시 송파구 잠실동 317-18,,,,,02-2147-3326,서울특별시 송파구청,2022-12-13
잠실동-347,1,서울특별시 송파구 백제고분로18길 16-30,서울특별시 송파구 잠실동 317-6,,,,,02-2147-3326,서울특별시 송파구청,2022-12-13
잠실동-348,1,서울특별시 송파구 백제고분로18길 30,서울특별시 송파구 잠실동 320,,,,,02-2147-3326,서울특별시 송파구청,2022-12-13
잠실동-349,1,서울특별시 송파구 백제고분로18길 30,서울특별시 송파구 잠실동 320,,,,,02-2147-3326,서울특별시 송파구청,2022-12-13
잠실동-350,1,서울특별시 송파구 백제고분로18길 30,서울특별시 송파구 잠실동 320,,,,,02-2147-3326,서울특별시 송파구청,2022-12-13
잠실동-351,1,서울특별시 송파구 백제고분로18길 26,서울특별시 송파구 잠실동 320,,,,,02-2147-3326,서울특별시 송파구청,2022-12-13
잠실동-352,1,서울특별시 송파구 백제고분로20길1-4,서울특별시 송파구 잠실동 337,,,,,02-2147-3326,서울특별시 송파구청,2022-12-13
잠실동-353,1,서울특별시 송파구 백제고분로20길 1-4,서울특별시 송파구 잠실동 337,,,,,02-2147-3326,서울특별시 송파구청,2022-12-13
잠실동-354,1,서울특별시 송파구 백제고분로20길13,서울특별시 송파구 잠실동 339,,,,,02-2147-3326,서울특별시 송파구청,2022-12-13
잠실동-355,1,서울특별시 송파구 백제고분로20길 17,서울특별시 송파구 잠실동 339-5,,,,,02-2147-3326,서울특별시 송파구청,2022-12-13
잠실동-356,1,서울특별시 송파구 백제고분로18길 21,서울특별시 송파구 잠실동 330,,,,,02-2147-3326,서울특별시 송파구청,2022-12-13
잠실동-357,1,서울특별시 송파구 백제고분로18길 23,서울특별시 송파구 잠실동 330-30,,,,,02-2147-3326,서울특별시 송파구청,2022-12-13
잠실동-358,1,서울특별시 송파구 백제고분로18길 23,서울특별시 송파구 잠실동 330-30,,,,,02-2147-3326,서울특별시 송파구청,2022-12-13
잠실동-359,1,서울특별시 송파구 백제고분로18길 25,서울특별시 송파구 잠실동 329,,,,,02-2147-3326,서울특별시 송파구청,2022-12-13
잠실동-360,1,서울특별시 송파구 백제고분로18길23-19,서울특별시 송파구 잠실동 319-1,,,,,02-2147-3326,서울특별시 송파구청,2022-12-13
잠실동-361,1,서울특별시 송파구 백제고분로20길13-38,서울특별시 송파구 잠실동 329-3,,,,,02-2147-3326,서울특별시 송파구청,2022-12-13
잠실동-362,1,서울특별시 송파구 백제고분로20길 13-40,서울특별시 송파구 잠실동 329-19,,,,,02-2147-3326,서울특별시 송파구청,2022-12-13
잠실동-363,1,서울특별시 송파구 삼전로3길 3,서울특별시 송파구 잠실동 341-8,,,,,02-2147-3326,서울특별시 송파구청,2022-12-13
잠실동-364,1,서울특별시 송파구 백제고분로18길 35,서울특별시 송파구 잠실동 27-13,,,,,02-2147-3326,서울특별시 송파구청,2022-12-13
잠실동-365,1,서울특별시 송파구 백제고분로18길 33,서울특별시 송파구 잠실동 327,,,,,02-2147-3326,서울특별시 송파구청,2022-12-13
잠실동-366,1,서울특별시 송파구 백제고분로18길 30,서울특별시 송파구 잠실동 320,,,,,02-2147-3326,서울특별시 송파구청,2022-12-13
잠실동-367,1,서울특별시 송파구 올림픽로,서울특별시 송파구 잠실동,,,,,02-2147-3326,서울특별시 송파구청,2022-12-13
잠실동-368,1,서울특별시 송파구 올림픽로,서울특별시 송파구 잠실동,,,,,02-2147-3326,서울특별시 송파구청,2022-12-13
잠실동-369,1,서울특별시 송파구 올림픽로,서울특별시 송파구 잠실동,,,,,02-2147-3326,서울특별시 송파구청,2022-12-13
잠실동-370,1,서울특별시 송파구 올림픽로,서울특별시 송파구 잠실동,,,,,02-2147-3326,서울특별시 송파구청,2022-12-13
잠실동-371,1,서울특별시 송파구 올림픽로,서울특별시 송파구 잠실동,,,,,02-2147-3326,서울특별시 송파구청,2022-12-13
잠실동-372,1,서울특별시 송파구 올림픽로,서울특별시 송파구 잠실동,,,,,02-2147-3326,서울특별시 송파구청,2022-12-13
잠실동-373,1,서울특별시 송파구 삼전로3길16,서울특별시 송파구 잠실동 329-13,,,,,02-2147-3326,서울특별시 송파구청,2022-12-13
잠실동-374,1,서울특별시 송파구 올림픽로,서울특별시 송파구 잠실동,,,,,02-2147-3326,서울특별시 송파구청,2022-12-13
잠실동-375,1,서울특별시 송파구 백제고분로18길 29,서울특별시 송파구 잠실동 328,,,,,02-2147-3326,서울특별시 송파구청,2022-12-13
잠실동-376,1,서울특별시 송파구 올림픽로,서울특별시 송파구 잠실동,,,,,02-2147-3326,서울특별시 송파구청,2022-12-13
잠실동-377,1,서울특별시 송파구 올림픽로,서울특별시 송파구 잠실동,,,,,02-2147-3326,서울특별시 송파구청,2022-12-13
잠실동-378,1,서울특별시 송파구 올림픽로,서울특별시 송파구 잠실동,,,,,02-2147-3326,서울특별시 송파구청,2022-12-13
잠실동-379,1,서울특별시 송파구 올림픽로,서울특별시 송파구 잠실동,,,,,02-2147-3326,서울특별시 송파구청,2022-12-13
잠실동-380,1,서울특별시 송파구 올림픽로,서울특별시 송파구 잠실동,,,,,02-2147-3326,서울특별시 송파구청,2022-12-13
잠실동-381,1,서울특별시 송파구 올림픽로,서울특별시 송파구 잠실동,,,,,02-2147-3326,서울특별시 송파구청,2022-12-13
잠실동-382,1,서울특별시 송파구 올림픽로,서울특별시 송파구 잠실동,,,,,02-2147-3326,서울특별시 송파구청,2022-12-13
잠실동-383,1,서울특별시 송파구 올림픽로,서울특별시 송파구 잠실동,,,,,02-2147-3326,서울특별시 송파구청,2022-12-13
잠실동-384,1,서울특별시 송파구 올림픽로,서울특별시 송파구 잠실동,,,,,02-2147-3326,서울특별시 송파구청,2022-12-13
잠실동-385,1,서울특별시 송파구 올림픽로,서울특별시 송파구 잠실동,,,,,02-2147-3326,서울특별시 송파구청,2022-12-13
잠실동-386,1,서울특별시 송파구 올림픽로,서울특별시 송파구 잠실동,,,,,02-2147-3326,서울특별시 송파구청,2022-12-13
잠실동-387,1,서울특별시 송파구 올림픽로,서울특별시 송파구 잠실동,,,,,02-2147-3326,서울특별시 송파구청,2022-12-13
잠실동-388,1,서울특별시 송파구 올림픽로,서울특별시 송파구 잠실동,,,,,02-2147-3326,서울특별시 송파구청,2022-12-13
잠실동-389,1,서울특별시 송파구 올림픽로,서울특별시 송파구 잠실동,,,,,02-2147-3326,서울특별시 송파구청,2022-12-13
잠실동-390,1,서울특별시 송파구 올림픽로,서울특별시 송파구 잠실동,,,,,02-2147-3326,서울특별시 송파구청,2022-12-13
잠실동-391,1,서울특별시 송파구 올림픽로,서울특별시 송파구 잠실동,,,,,02-2147-3326,서울특별시 송파구청,2022-12-13
잠실동-392,1,서울특별시 송파구 올림픽로,서울특별시 송파구 잠실동,,,,,02-2147-3326,서울특별시 송파구청,2022-12-13
잠실동-393,1,서울특별시 송파구 올림픽로,서울특별시 송파구 잠실동,,,,,02-2147-3326,서울특별시 송파구청,2022-12-13
잠실동-394,1,서울특별시 송파구 올림픽로,서울특별시 송파구 잠실동,,,,,02-2147-3326,서울특별시 송파구청,2022-12-13
잠실동-395,1,서울특별시 송파구 올림픽로,서울특별시 송파구 잠실동,,,,,02-2147-3326,서울특별시 송파구청,2022-12-13
잠실동-396,1,서울특별시 송파구 올림픽로,서울특별시 송파구 잠실동,,,,,02-2147-3326,서울특별시 송파구청,2022-12-13
잠실동-397,1,서울특별시 송파구 올림픽로,서울특별시 송파구 잠실동,,,,,02-2147-3326,서울특별시 송파구청,2022-12-13
잠실동-398,1,서울특별시 송파구 올림픽로,서울특별시 송파구 잠실동,,,,,02-2147-3326,서울특별시 송파구청,2022-12-13
잠실동-399,1,서울특별시 송파구 올림픽로,서울특별시 송파구 잠실동,,,,,02-2147-3326,서울특별시 송파구청,2022-12-13
잠실동-400,1,서울특별시 송파구 올림픽로,서울특별시 송파구 잠실동,,,,,02-2147-3326,서울특별시 송파구청,2022-12-13
잠실동-401,1,서울특별시 송파구 올림픽로,서울특별시 송파구 잠실동,,,,,02-2147-3326,서울특별시 송파구청,2022-12-13
잠실동-402,1,서울특별시 송파구 올림픽로,서울특별시 송파구 잠실동,,,,,02-2147-3326,서울특별시 송파구청,2022-12-13
잠실동-403,1,서울특별시 송파구 올림픽로,서울특별시 송파구 잠실동,,,,,02-2147-3326,서울특별시 송파구청,2022-12-13
잠실동-404,1,서울특별시 송파구 올림픽로,서울특별시 송파구 잠실동,,,,,02-2147-3326,서울특별시 송파구청,2022-12-13
잠실동-405,1,서울특별시 송파구 올림픽로,서울특별시 송파구 잠실동,,,,,02-2147-3326,서울특별시 송파구청,2022-12-13
잠실동-406,1,서울특별시 송파구 올림픽로,서울특별시 송파구 잠실동,,,,,02-2147-3326,서울특별시 송파구청,2022-12-13
잠실동-407,1,서울특별시 송파구 올림픽로,서울특별시 송파구 잠실동,,,,,02-2147-3326,서울특별시 송파구청,2022-12-13
잠실동-408,1,서울특별시 송파구 올림픽로,서울특별시 송파구 잠실동,,,,,02-2147-3326,서울특별시 송파구청,2022-12-13
잠실동-409,1,서울특별시 송파구 올림픽로,서울특별시 송파구 잠실동,,,,,02-2147-3326,서울특별시 송파구청,2022-12-13
잠실동-410,1,서울특별시 송파구 올림픽로,서울특별시 송파구 잠실동,,,,,02-2147-3326,서울특별시 송파구청,2022-12-13
잠실동-411,1,서울특별시 송파구 올림픽로,서울특별시 송파구 잠실동,,,,,02-2147-3326,서울특별시 송파구청,2022-12-13
잠실동-412,1,서울특별시 송파구 올림픽로,서울특별시 송파구 잠실동,,,,,02-2147-3326,서울특별시 송파구청,2022-12-13
잠실동-413,1,서울특별시 송파구 올림픽로,서울특별시 송파구 잠실동,,,,,02-2147-3326,서울특별시 송파구청,2022-12-13
잠실동-414,1,서울특별시 송파구 삼전로1길22,서울특별시 송파구 잠실동,,,,,02-2147-3326,서울특별시 송파구청,2022-12-13
잠실동-415,1,서울특별시 송파구 올림픽로10길25,서울특별시 송파구 잠실동,,,,,02-2147-3326,서울특별시 송파구청,2022-12-13
잠실동-416,1,서울특별시 송파구 석촌호수로12길20,서울특별시 송파구 잠실동,,,,,02-2147-3326,서울특별시 송파구청,2022-12-13
잠실동-417,1,서울특별시 송파구 백제고분로7길42-25,서울특별시 송파구 잠실동,,,,,02-2147-3326,서울특별시 송파구청,2022-12-13
잠실동-418,1,서울특별시 송파구 삼전로7길 4,서울특별시 송파구 잠실동,,,,,02-2147-3326,서울특별시 송파구청,2022-12-13
잠실동-419,1,서울특별시 송파구 백제고분로19길 16-14,서울특별시 송파구 잠실동,,,,,02-2147-3326,서울특별시 송파구청,2022-12-13
잠실동-420,1,서울특별시 송파구 백제고분로13길3,서울특별시 송파구 잠실동,,,,,02-2147-3326,서울특별시 송파구청,2022-12-13
잠실동-421,1,서울특별시 송파구 백제고분로,서울특별시 송파구 잠실동,,,,,02-2147-3326,서울특별시 송파구청,2022-12-13
잠실동-422,1,서울특별시 송파구 백제고분로18길 7,서울특별시 송파구 잠실동,,,,,02-2147-3326,서울특별시 송파구청,2022-12-13
잠실동-423,1,서울특별시 송파구 백제고분로,서울특별시 송파구 잠실동,,,,,02-2147-3326,서울특별시 송파구청,2022-12-13
잠실동-424,1,서울특별시 송파구 백제고분로,서울특별시 송파구 잠실동,,,,,02-2147-3326,서울특별시 송파구청,2022-12-13
잠실동-425,1,서울특별시 송파구 백제고분로,서울특별시 송파구 잠실동,,,,,02-2147-3326,서울특별시 송파구청,2022-12-13
잠실동-426,1,서울특별시 송파구 백제고분로14길 4-29,서울특별시 송파구 잠실동,,,,,02-2147-3326,서울특별시 송파구청,2022-12-13
잠실동-427,1,서울특별시 송파구 백제고분로15길28,서울특별시 송파구 잠실동,,,,,02-2147-3326,서울특별시 송파구청,2022-12-13
잠실동-428,1,서울특별시 송파구 석촌호수로12길19-3,서울특별시 송파구 잠실동,,,,,02-2147-3326,서울특별시 송파구청,2022-12-13
잠실동-429,1,서울특별시 송파구 석촌호수로12길 23-14,서울특별시 송파구 잠실동,,,,,02-2147-3326,서울특별시 송파구청,2022-12-13
잠실동-430,1,서울특별시 송파구 백제고분로18길 4-16,서울특별시 송파구 잠실동,,,,,02-2147-3326,서울특별시 송파구청,2022-12-13
잠실동-431,1,서울특별시 송파구 석촌호수로12길 23-23,서울특별시 송파구 잠실동,,,,,02-2147-3326,서울특별시 송파구청,2022-12-13
잠실동-432,1,서울특별시 송파구 백제고분로15길23-10,서울특별시 송파구 잠실동,,,,,02-2147-3326,서울특별시 송파구청,2022-12-13
잠실동-433,1,서울특별시 송파구 석촌호수로12길 11-18,서울특별시 송파구 잠실동,,,,,02-2147-3326,서울특별시 송파구청,2022-12-13
잠실동-434,1,서울특별시 송파구 백제고분로20길13-38,서울특별시 송파구 잠실동,,,,,02-2147-3326,서울특별시 송파구청,2022-12-13
잠실동-435,1,서울특별시 송파구 백제고분로,서울특별시 송파구 잠실동,,,,,02-2147-3326,서울특별시 송파구청,2022-12-13
잠실동-436,1,서울특별시 송파구 백제고분로20길13-8,서울특별시 송파구 잠실동,,,,,02-2147-3326,서울특별시 송파구청,2022-12-13
잠실동-437,1,서울특별시 송파구 석촌호수로12길20,서울특별시 송파구 잠실동,,,,,02-2147-3326,서울특별시 송파구청,2022-12-13
잠실동-438,1,서울특별시 송파구 석촌호수로12길14,서울특별시 송파구 잠실동,,,,,02-2147-3326,서울특별시 송파구청,2022-12-13
잠실동-439,1,서울특별시 송파구 백제고분로13길18,서울특별시 송파구 잠실동,,,,,02-2147-3326,서울특별시 송파구청,2022-12-13
잠실동-440,1,서울특별시 송파구 백제고분로,서울특별시 송파구 잠실동,,,,,02-2147-3326,서울특별시 송파구청,2022-12-13
잠실동-441,1,서울특별시 송파구 도곡로62길5-17,서울특별시 송파구 잠실동,,,,,02-2147-3326,서울특별시 송파구청,2022-12-13
잠실동-442,1,서울특별시 송파구 백제고분로15길32-1,서울특별시 송파구 잠실동,,,,,02-2147-3326,서울특별시 송파구청,2022-12-13
잠실동-443,1,서울특별시 송파구 올림픽로8길35,서울특별시 송파구 잠실동,,,,,02-2147-3326,서울특별시 송파구청,2022-12-13
잠실동-444,1,서울특별시 송파구 백제고분로12길8-21,서울특별시 송파구 잠실동,,,,,02-2147-3326,서울특별시 송파구청,2022-12-13
장지동-000,1,서울특별시 송파구 위례중앙로6,서울특별시 송파구 장지동 645-1,,,,,02-2147-3328,서울특별시 송파구청,2022-12-13
장지동-001,1,서울특별시 송파구 충민로,서울특별시 송파구 장지동 845,,,,,02-2147-3328,서울특별시 송파구청,2022-12-13
장지동-002,1,서울특별시 송파구 충민로,서울특별시 송파구 장지동,,,,,02-2147-3328,서울특별시 송파구청,2022-12-13
장지동-003,1,서울특별시 송파구 송이로37길,서울특별시 송파구 장지동 145,,,,,02-2147-3328,서울특별시 송파구청,2022-12-13
장지동-004,1,서울특별시 송파구 송이로37길,서울특별시 송파구 장지동 145,,,,,02-2147-3328,서울특별시 송파구청,2022-12-13
장지동-005,1,서울특별시 송파구 송이로37길,서울특별시 송파구 장지동 145,,,,,02-2147-3328,서울특별시 송파구청,2022-12-13
장지동-006,1,서울특별시 송파구 송이로37길,서울특별시 송파구 장지동 145,,,,,02-2147-3328,서울특별시 송파구청,2022-12-13
장지동-007,1,서울특별시 송파구 송이로37길,서울특별시 송파구 장지동 산11,,,,,02-2147-3328,서울특별시 송파구청,2022-12-13
장지동-008,1,서울특별시 송파구 송이로37길,서울특별시 송파구 장지동 산11,,,,,02-2147-3328,서울특별시 송파구청,2022-12-13
장지동-009,1,서울특별시 송파구 송이로37길,서울특별시 송파구 장지동 산11,,,,,02-2147-3328,서울특별시 송파구청,2022-12-13
장지동-010,1,서울특별시 송파구 송이로37길,서울특별시 송파구 장지동 산11,,,,,02-2147-3328,서울특별시 송파구청,2022-12-13
장지동-011,1,서울특별시 송파구 송이로31길66,서울특별시 송파구 장지동 146,,,,,02-2147-3328,서울특별시 송파구청,2022-12-13
장지동-012,1,서울특별시 송파구 송이로31길56,서울특별시 송파구 장지동 145,,,,,02-2147-3328,서울특별시 송파구청,2022-12-13
장지동-013,1,서울특별시 송파구 송이로38길,서울특별시 송파구 장지동 산11,,,,,02-2147-3328,서울특별시 송파구청,2022-12-13
장지동-014,1,서울특별시 송파구 송이로37길,서울특별시 송파구 장지동 산11,,,,,02-2147-3328,서울특별시 송파구청,2022-12-13
장지동-015,1,서울특별시 송파구 송이로38길,서울특별시 송파구 장지동 산11,,,,,02-2147-3328,서울특별시 송파구청,2022-12-13
장지동-016,1,서울특별시 송파구 송이로38길,서울특별시 송파구 장지동 산11,,,,,02-2147-3328,서울특별시 송파구청,2022-12-13
장지동-017,1,서울특별시 송파구 송이로37길,서울특별시 송파구 장지동 산11,,,,,02-2147-3328,서울특별시 송파구청,2022-12-13
장지동-018,1,서울특별시 송파구 송이로38길,서울특별시 송파구 장지동 산11,,,,,02-2147-3328,서울특별시 송파구청,2022-12-13
장지동-019,1,서울특별시 송파구 송이로38길,서울특별시 송파구 장지동 산11,,,,,02-2147-3328,서울특별시 송파구청,2022-12-13
장지동-020,1,서울특별시 송파구 송이로38길,서울특별시 송파구 장지동 산11,,,,,02-2147-3328,서울특별시 송파구청,2022-12-13
장지동-021,1,서울특별시 송파구 송이로38길,서울특별시 송파구 장지동 산11,,,,,02-2147-3328,서울특별시 송파구청,2022-12-13
장지동-022,1,서울특별시 송파구 송이로31길36-8,서울특별시 송파구 장지동 139-14,,,,,02-2147-3328,서울특별시 송파구청,2022-12-13
장지동-023,1,서울특별시 송파구 송이로31길36-16,서울특별시 송파구 장지동 139-12,,,,,02-2147-3328,서울특별시 송파구청,2022-12-13
장지동-024,1,서울특별시 송파구 송이로31길36-20,서울특별시 송파구 장지동 139-10,,,,,02-2147-3328,서울특별시 송파구청,2022-12-13
장지동-025,1,서울특별시 송파구 송이로31길32-23,서울특별시 송파구 장지동 139-8,,,,,02-2147-3328,서울특별시 송파구청,2022-12-13
장지동-026,1,서울특별시 송파구 송이로31길32-23,서울특별시 송파구 장지동 139-8,,,,,02-2147-3328,서울특별시 송파구청,2022-12-13
장지동-027,1,서울특별시 송파구 송이로31길32-17,서울특별시 송파구 장지동 139-6,,,,,02-2147-3328,서울특별시 송파구청,2022-12-13
장지동-028,1,서울특별시 송파구 송이로31길32-11,서울특별시 송파구 장지동 139-3,,,,,02-2147-3328,서울특별시 송파구청,2022-12-13
장지동-029,1,서울특별시 송파구 송이로31길32-5,서울특별시 송파구 장지동 139-1,,,,,02-2147-3328,서울특별시 송파구청,2022-12-13
장지동-030,1,서울특별시 송파구 송이로31길32-30,서울특별시 송파구 장지동 139-18,,,,,02-2147-3328,서울특별시 송파구청,2022-12-13
장지동-031,1,서울특별시 송파구 송이로,서울특별시 송파구 장지동,,,,,02-2147-3328,서울특별시 송파구청,2022-12-13
장지동-032,1,서울특별시 송파구 송이로31길28-25,서울특별시 송파구 장지동 138-9,,,,,02-2147-3328,서울특별시 송파구청,2022-12-13
장지동-033,1,서울특별시 송파구 송이로,서울특별시 송파구 장지동,,,,,02-2147-3328,서울특별시 송파구청,2022-12-13
장지동-034,1,서울특별시 송파구 송이로,서울특별시 송파구 장지동,,,,,02-2147-3328,서울특별시 송파구청,2022-12-13
장지동-035,1,서울특별시 송파구 송이로37가길15,서울특별시 송파구 장지동 136-13,,,,,02-2147-3328,서울특별시 송파구청,2022-12-13
장지동-036,1,서울특별시 송파구 송이로,서울특별시 송파구 장지동,,,,,02-2147-3328,서울특별시 송파구청,2022-12-13
장지동-037,1,서울특별시 송파구 송이로31길20-15,서울특별시 송파구 장지동 136-5,,,,,02-2147-3328,서울특별시 송파구청,2022-12-13
장지동-038,1,서울특별시 송파구 송이로31길20-9,서울특별시 송파구 장지동 136-3,,,,,02-2147-3328,서울특별시 송파구청,2022-12-13
장지동-039,1,서울특별시 송파구 송이로37길27,서울특별시 송파구 장지동 140-5,,,,,02-2147-3328,서울특별시 송파구청,2022-12-13
장지동-040,1,서울특별시 송파구 송이로37가길16,서울특별시 송파구 장지동 140-7,,,,,02-2147-3328,서울특별시 송파구청,2022-12-13
장지동-041,1,서울특별시 송파구 송이로37가길16,서울특별시 송파구 장지동 140-7,,,,,02-2147-3328,서울특별시 송파구청,2022-12-13
장지동-042,1,서울특별시 송파구 송이로37가길20,서울특별시 송파구 장지동 140-2,,,,,02-2147-3328,서울특별시 송파구청,2022-12-13
장지동-043,1,서울특별시 송파구 송이로37가길22,서울특별시 송파구 장지동 140,,,,,02-2147-3328,서울특별시 송파구청,2022-12-13
장지동-044,1,서울특별시 송파구 송이로37가길22,서울특별시 송파구 장지동 140,,,,,02-2147-3328,서울특별시 송파구청,2022-12-13
장지동-045,1,서울특별시 송파구 송이로37길38,서울특별시 송파구 장지동 144-4,,,,,02-2147-3328,서울특별시 송파구청,2022-12-13
장지동-046,1,서울특별시 송파구 송이로37길38-1,서울특별시 송파구 장지동 144-2,,,,,02-2147-3328,서울특별시 송파구청,2022-12-13
장지동-047,1,서울특별시 송파구 송이로33길16-6,서울특별시 송파구 장지동 125-10,,,,,02-2147-3328,서울특별시 송파구청,2022-12-13
장지동-048,1,서울특별시 송파구 송이로33길16-14,서울특별시 송파구 장지동 125-13,,,,,02-2147-3328,서울특별시 송파구청,2022-12-13
장지동-049,1,서울특별시 송파구 송이로33길15-1,서울특별시 송파구 장지동 125-16,,,,,02-2147-3328,서울특별시 송파구청,2022-12-13
장지동-050,1,서울특별시 송파구 송이로31길4-14,서울특별시 송파구 장지동 116-9,,,,,02-2147-3328,서울특별시 송파구청,2022-12-13
장지동-051,1,서울특별시 송파구 송이로31길4-20,서울특별시 송파구 장지동 116-11,,,,,02-2147-3328,서울특별시 송파구청,2022-12-13
장지동-052,1,서울특별시 송파구 송이로33길12,서울특별시 송파구 장지동 123-2,,,,,02-2147-3328,서울특별시 송파구청,2022-12-13
장지동-053,1,서울특별시 송파구 송이로33길,서울특별시 송파구 장지동 123-1,,,,,02-2147-3328,서울특별시 송파구청,2022-12-13
장지동-054,1,서울특별시 송파구 송이로33길12-11,서울특별시 송파구 장지동 126-4,,,,,02-2147-3328,서울특별시 송파구청,2022-12-13
장지동-055,1,서울특별시 송파구 송이로33길,서울특별시 송파구 장지동 126-5,,,,,02-2147-3328,서울특별시 송파구청,2022-12-13
장지동-056,1,서울특별시 송파구 송이로33길,서울특별시 송파구 장지동 123-1,,,,,02-2147-3328,서울특별시 송파구청,2022-12-13
장지동-057,1,서울특별시 송파구 송이로33길8-22,서울특별시 송파구 장지동 118-11,,,,,02-2147-3328,서울특별시 송파구청,2022-12-13
장지동-058,1,서울특별시 송파구 송이로33길,서울특별시 송파구 장지동 123-1,,,,,02-2147-3328,서울특별시 송파구청,2022-12-13
장지동-059,1,서울특별시 송파구 송이로33길,서울특별시 송파구 장지동 123-1,,,,,02-2147-3328,서울특별시 송파구청,2022-12-13
장지동-060,1,서울특별시 송파구 송이로33길10,서울특별시 송파구 장지동 123,,,,,02-2147-3328,서울특별시 송파구청,2022-12-13
장지동-061,1,서울특별시 송파구 송이로37가길14,서울특별시 송파구 장지동 141,,,,,02-2147-3328,서울특별시 송파구청,2022-12-13
장지동-062,1,서울특별시 송파구 송이로37길 23,서울특별시 송파구 장지동 141,,,,,02-2147-3328,서울특별시 송파구청,2022-12-13
장지동-063,1,서울특별시 송파구 송이로37길 23,서울특별시 송파구 장지동 141-2,,,,,02-2147-3328,서울특별시 송파구청,2022-12-13
장지동-064,1,서울특별시 송파구 송이로37길 14-51,서울특별시 송파구 장지동 144-1,,,,,02-2147-3328,서울특별시 송파구청,2022-12-13
장지동-065,1,서울특별시 송파구 송이로37길 14-47,서울특별시 송파구 장지동 144,,,,,02-2147-3328,서울특별시 송파구청,2022-12-13
장지동-066,1,서울특별시 송파구 송이로37길14-41,서울특별시 송파구 장지동 144,,,,,02-2147-3328,서울특별시 송파구청,2022-12-13
장지동-067,1,서울특별시 송파구 송이로37길 9,서울특별시 송파구 장지동 141-6,,,,,02-2147-3328,서울특별시 송파구청,2022-12-13
장지동-068,1,서울특별시 송파구 송이로257,서울특별시 송파구 장지동 117,,,,,02-2147-3328,서울특별시 송파구청,2022-12-13
장지동-069,1,서울특별시 송파구 송이로257,서울특별시 송파구 장지동 117,,,,,02-2147-3328,서울특별시 송파구청,2022-12-13
장지동-070,1,서울특별시 송파구 새말로19길20,서울특별시 송파구 장지동 115-7,,,,,02-2147-3328,서울특별시 송파구청,2022-12-13
장지동-071,1,서울특별시 송파구 송이로30길 7,서울특별시 송파구 장지동 107-7,,,,,02-2147-3328,서울특별시 송파구청,2022-12-13
장지동-072,1,서울특별시 송파구 송이로30길11,서울특별시 송파구 장지동 107-3,,,,,02-2147-3328,서울특별시 송파구청,2022-12-13
장지동-073,1,서울특별시 송파구 송이로30길33,서울특별시 송파구 장지동 91-16,,,,,02-2147-3328,서울특별시 송파구청,2022-12-13
장지동-074,1,서울특별시 송파구 송이로30길13,서울특별시 송파구 장지동 107-2,,,,,02-2147-3328,서울특별시 송파구청,2022-12-13
장지동-075,1,서울특별시 송파구 송이로30길7,서울특별시 송파구 장지동 107-7,,,,,02-2147-3328,서울특별시 송파구청,2022-12-13
장지동-076,1,서울특별시 송파구 새말로17길10,서울특별시 송파구 장지동 109-19,,,,,02-2147-3328,서울특별시 송파구청,2022-12-13
장지동-077,1,서울특별시 송파구 송이로36길1,서울특별시 송파구 장지동 115-1,,,,,02-2147-3328,서울특별시 송파구청,2022-12-13
장지동-078,1,서울특별시 송파구 송이로36길2,서울특별시 송파구 장지동 110-7,,,,,02-2147-3328,서울특별시 송파구청,2022-12-13
장지동-079,1,서울특별시 송파구 송이로34길15,서울특별시 송파구 장지동 110,,,,,02-2147-3328,서울특별시 송파구청,2022-12-13
장지동-080,1,서울특별시 송파구 송이로,서울특별시 송파구 장지동 113-3,,,,,02-2147-3328,서울특별시 송파구청,2022-12-13
장지동-081,1,서울특별시 송파구 충민로181,서울특별시 송파구 장지동 113-2,,,,,02-2147-3328,서울특별시 송파구청,2022-12-13
장지동-082,1,서울특별시 송파구 송이로38길8-1,서울특별시 송파구 장지동 112-9,,,,,02-2147-3328,서울특별시 송파구청,2022-12-13
장지동-083,1,서울특별시 송파구 새말로15길16-9,서울특별시 송파구 장지동 106-2,,,,,02-2147-3328,서울특별시 송파구청,2022-12-13
장지동-084,1,서울특별시 송파구 송이로30길19,서울특별시 송파구 장지동 106-8,,,,,02-2147-3328,서울특별시 송파구청,2022-12-13
장지동-085,1,서울특별시 송파구 송이로30길25,서울특별시 송파구 장지동 106-15,,,,,02-2147-3328,서울특별시 송파구청,2022-12-13
장지동-086,1,서울특별시 송파구 송이로30길21,서울특별시 송파구 장지동 106-18,,,,,02-2147-3328,서울특별시 송파구청,2022-12-13
장지동-087,1,서울특별시 송파구 송이로,서울특별시 송파구 장지동 103,,,,,02-2147-3328,서울특별시 송파구청,2022-12-13
장지동-088,1,서울특별시 송파구 새말로15길6,서울특별시 송파구 장지동 103-22,,,,,02-2147-3328,서울특별시 송파구청,2022-12-13
장지동-089,1,서울특별시 송파구 송이로30길 31,서울특별시 송파구 장지동 91-15,,,,,02-2147-3328,서울특별시 송파구청,2022-12-13
장지동-090,1,서울특별시 송파구 송이로30길27,서울특별시 송파구 장지동 91-13,,,,,02-2147-3328,서울특별시 송파구청,2022-12-13
장지동-091,1,서울특별시 송파구 송이로15길17,서울특별시 송파구 장지동 91-6,,,,,02-2147-3328,서울특별시 송파구청,2022-12-13
장지동-092,1,서울특별시 송파구 새말로15길17,서울특별시 송파구 장지동 91-6,,,,,02-2147-3328,서울특별시 송파구청,2022-12-13
장지동-093,1,서울특별시 송파구 새말로15길17-10,서울특별시 송파구 장지동 91-4,,,,,02-2147-3328,서울특별시 송파구청,2022-12-13
장지동-094,1,서울특별시 송파구 새말로15길17-14,서울특별시 송파구 장지동 91-3,,,,,02-2147-3328,서울특별시 송파구청,2022-12-13
장지동-095,1,서울특별시 송파구 새말로15길37,서울특별시 송파구 장지동 91-19,,,,,02-2147-3328,서울특별시 송파구청,2022-12-13
장지동-096,1,서울특별시 송파구 새말로15길35,서울특별시 송파구 장지동 91-17,,,,,02-2147-3328,서울특별시 송파구청,2022-12-13
장지동-097,1,서울특별시 송파구 새말로15길19-11,서울특별시 송파구 장지동 91-11,,,,,02-2147-3328,서울특별시 송파구청,2022-12-13
장지동-098,1,서울특별시 송파구 새말로15길19-9,서울특별시 송파구 장지동 91-10,,,,,02-2147-3328,서울특별시 송파구청,2022-12-13
장지동-099,1,서울특별시 송파구 새말로15길16,서울특별시 송파구 장지동 105-19,,,,,02-2147-3328,서울특별시 송파구청,2022-12-13
장지동-100,1,서울특별시 송파구 새말로15길14,서울특별시 송파구 장지동 105,,,,,02-2147-3328,서울특별시 송파구청,2022-12-13
장지동-101,1,서울특별시 송파구 새말로15길9,서울특별시 송파구 장지동 92,,,,,02-2147-3328,서울특별시 송파구청,2022-12-13
장지동-102,1,서울특별시 송파구 송이로34길35,서울특별시 송파구 장지동 93-10,,,,,02-2147-3328,서울특별시 송파구청,2022-12-13
장지동-103,1,서울특별시 송파구 송이로34길37-1,서울특별시 송파구 장지동 93-8,,,,,02-2147-3328,서울특별시 송파구청,2022-12-13
장지동-104,1,서울특별시 송파구 송이로34길39,서울특별시 송파구 장지동 93-7,,,,,02-2147-3328,서울특별시 송파구청,2022-12-13
장지동-105,1,서울특별시 송파구 송이로34길43-1,서울특별시 송파구 장지동 93-4,,,,,02-2147-3328,서울특별시 송파구청,2022-12-13
장지동-106,1,서울특별시 송파구 송이로34길49,서울특별시 송파구 장지동 93,,,,,02-2147-3328,서울특별시 송파구청,2022-12-13
장지동-107,1,서울특별시 송파구 송이로34길 39,서울특별시 송파구 장지동 93-7,,,,,02-2147-3328,서울특별시 송파구청,2022-12-13
장지동-108,1,서울특별시 송파구 새말로15길 17-18,서울특별시 송파구 장지동 91-1,,,,,02-2147-3328,서울특별시 송파구청,2022-12-13
장지동-109,1,서울특별시 송파구 새말로15길5,서울특별시 송파구 장지동 93-13,,,,,02-2147-3328,서울특별시 송파구청,2022-12-13
장지동-110,1,서울특별시 송파구 새말로13길8-1,서울특별시 송파구 장지동 93-21,,,,,02-2147-3328,서울특별시 송파구청,2022-12-13
장지동-111,1,서울특별시 송파구 새말로93길12,서울특별시 송파구 장지동 93-24,,,,,02-2147-3328,서울특별시 송파구청,2022-12-13
장지동-112,1,서울특별시 송파구 송이로34길49,서울특별시 송파구 장지동 93,,,,,02-2147-3328,서울특별시 송파구청,2022-12-13
장지동-113,1,서울특별시 송파구 송이로36길33,서울특별시 송파구 장지동 100-4,,,,,02-2147-3328,서울특별시 송파구청,2022-12-13
장지동-114,1,서울특별시 송파구 새말로15길3,서울특별시 송파구 장지동 100-5,,,,,02-2147-3328,서울특별시 송파구청,2022-12-13
장지동-115,1,서울특별시 송파구 새말로153,서울특별시 송파구 장지동 100-6,,,,,02-2147-3328,서울특별시 송파구청,2022-12-13
장지동-116,1,서울특별시 송파구 새말로153,서울특별시 송파구 장지동 100-6,,,,,02-2147-3328,서울특별시 송파구청,2022-12-13
장지동-117,1,서울특별시 송파구 송이대로36길42-8,서울특별시 송파구 장지동 94-8,,,,,02-2147-3328,서울특별시 송파구청,2022-12-13
장지동-118,1,서울특별시 송파구 송이로36길52-10,서울특별시 송파구 장지동 94-12,,,,,02-2147-3328,서울특별시 송파구청,2022-12-13
장지동-119,1,서울특별시 송파구 송이로36길46,서울특별시 송파구 장지동 95-3,,,,,02-2147-3328,서울특별시 송파구청,2022-12-13
장지동-120,1,서울특별시 송파구 송이로36길50,서울특별시 송파구 장지동 95-5,,,,,02-2147-3328,서울특별시 송파구청,2022-12-13
장지동-121,1,서울특별시 송파구 송이대로36길52-10,서울특별시 송파구 장지동 95-6,,,,,02-2147-3328,서울특별시 송파구청,2022-12-13
장지동-122,1,서울특별시 송파구 송이로36길42-11,서울특별시 송파구 장지동 95,,,,,02-2147-3328,서울특별시 송파구청,2022-12-13
장지동-123,1,서울특별시 송파구 송이대로34길60,서울특별시 송파구 장지동 90-3,,,,,02-2147-3328,서울특별시 송파구청,2022-12-13
장지동-124,1,서울특별시 송파구 송이대로34길60,서울특별시 송파구 장지동 90-3,,,,,02-2147-3328,서울특별시 송파구청,2022-12-13
장지동-125,1,서울특별시 송파구 송이대로34길60,서울특별시 송파구 장지동 90-3,,,,,02-2147-3328,서울특별시 송파구청,2022-12-13
장지동-126,1,서울특별시 송파구 송이로34길62,서울특별시 송파구 장지동 90,,,,,02-2147-3328,서울특별시 송파구청,2022-12-13
장지동-127,1,서울특별시 송파구 송이대로34길60,서울특별시 송파구 장지동 90-3,,,,,02-2147-3328,서울특별시 송파구청,2022-12-13
장지동-128,1,서울특별시 송파구 송이대로34길60,서울특별시 송파구 장지동 90-3,,,,,02-2147-3328,서울특별시 송파구청,2022-12-13
장지동-129,1,서울특별시 송파구 송이대로34길62,서울특별시 송파구 장지동 90,,,,,02-2147-3328,서울특별시 송파구청,2022-12-13
장지동-130,1,서울특별시 송파구 송이대로34길62,서울특별시 송파구 장지동 90,,,,,02-2147-3328,서울특별시 송파구청,2022-12-13
장지동-131,1,서울특별시 송파구 송이대로34길62,서울특별시 송파구 장지동 90,,,,,02-2147-3328,서울특별시 송파구청,2022-12-13
장지동-132,1,서울특별시 송파구 송이대로34길62,서울특별시 송파구 장지동 90,,,,,02-2147-3328,서울특별시 송파구청,2022-12-13
장지동-133,1,서울특별시 송파구 송이대로34길62,서울특별시 송파구 장지동 90,,,,,02-2147-3328,서울특별시 송파구청,2022-12-13
장지동-134,1,서울특별시 송파구 송이로36길49-1,서울특별시 송파구 장지동 85-7,,,,,02-2147-3328,서울특별시 송파구청,2022-12-13
장지동-135,1,서울특별시 송파구 새말로6길46,서울특별시 송파구 장지동 274,,,,,02-2147-3328,서울특별시 송파구청,2022-12-13
장지동-136,1,서울특별시 송파구 새말로8길 5-4,서울특별시 송파구 장지동 83-5,,,,,02-2147-3328,서울특별시 송파구청,2022-12-13
장지동-137,1,서울특별시 송파구 새말로6길 24-13,서울특별시 송파구 장지동 80-27,,,,,02-2147-3328,서울특별시 송파구청,2022-12-13
장지동-138,1,서울특별시 송파구 새말로6길 26,서울특별시 송파구 장지동 80-23,,,,,02-2147-3328,서울특별시 송파구청,2022-12-13
장지동-139,1,서울특별시 송파구 새말로6길24-6,서울특별시 송파구 장지동 79-8,,,,,02-2147-3328,서울특별시 송파구청,2022-12-13
장지동-140,1,서울특별시 송파구 새말로6길24-12,서울특별시 송파구 장지동 79-11,,,,,02-2147-3328,서울특별시 송파구청,2022-12-13
장지동-141,1,서울특별시 송파구 새말로10길19,서울특별시 송파구 장지동 80-1,,,,,02-2147-3328,서울특별시 송파구청,2022-12-13
장지동-142,1,서울특별시 송파구 새말로8길5-15,서울특별시 송파구 장지동 83-13,,,,,02-2147-3328,서울특별시 송파구청,2022-12-13
장지동-143,1,서울특별시 송파구 새말로8길7,서울특별시 송파구 장지동 83-6,,,,,02-2147-3328,서울특별시 송파구청,2022-12-13
장지동-144,1,서울특별시 송파구 새말로6길18,서울특별시 송파구 장지동 78-9,,,,,02-2147-3328,서울특별시 송파구청,2022-12-13
장지동-145,1,서울특별시 송파구 새말로8길27,서울특별시 송파구 장지동 76-1,,,,,02-2147-3328,서울특별시 송파구청,2022-12-13
장지동-146,1,서울특별시 송파구 송이로37길,서울특별시 송파구 장지동,,,,,02-2147-3328,서울특별시 송파구청,2022-12-13
장지동-147,1,서울특별시 송파구 충민로81-3,서울특별시 송파구 장지동 74-5,,,,,02-2147-3328,서울특별시 송파구청,2022-12-13
장지동-148,1,서울특별시 송파구 송이로,서울특별시 송파구 장지동,,,,,02-2147-3328,서울특별시 송파구청,2022-12-13
장지동-149,1,서울특별시 송파구 새말로10길3-4,서울특별시 송파구 장지동 81-7,,,,,02-2147-3328,서울특별시 송파구청,2022-12-13
장지동-150,1,서울특별시 송파구 송이로37길,서울특별시 송파구 장지동,,,,,02-2147-3328,서울특별시 송파구청,2022-12-13
장지동-151,1,서울특별시 송파구 송이로37길,서울특별시 송파구 장지동,,,,,02-2147-3328,서울특별시 송파구청,2022-12-13
장지동-152,1,서울특별시 송파구 충민로 188,서울특별시 송파구 장지동 833,,,,,02-2147-3328,서울특별시 송파구청,2022-12-13
장지동-153,1,서울특별시 송파구 새말로18길 16,서울특별시 송파구 장지동 115-4,,,,,02-2147-3328,서울특별시 송파구청,2022-12-13
장지동-154,1,서울특별시 송파구 새말로15길14-5,서울특별시 송파구 장지동 105-1,,,,,02-2147-3328,서울특별시 송파구청,2022-12-13
장지동-155,1,서울특별시 송파구 송이로31길32,서울특별시 송파구 장지동 138-20,,,,,02-2147-3328,서울특별시 송파구청,2022-12-13
장지동-156,1,서울특별시 송파구 송이로31길20-6,서울특별시 송파구 장지동 128-9,,,,,02-2147-3328,서울특별시 송파구청,2022-12-13
장지동-157,1,서울특별시 송파구 송이로34길29,서울특별시 송파구 장지동 103-18,,,,,02-2147-3328,서울특별시 송파구청,2022-12-13
장지동-158,1,서울특별시 송파구 충민로181,서울특별시 송파구 장지동,,,,,02-2147-3328,서울특별시 송파구청,2022-12-13
풍납1동-001,1,서울특별시 송파구 한가람로20길,서울특별시 송파구 풍납1동 97-18,,,,,02-2147-3326,서울특별시 송파구청,2022-12-13
풍납1동-002,1,서울특별시 송파구 한가람로20길 14,서울특별시 송파구 풍납1동 94-2,,,,,02-2147-3326,서울특별시 송파구청,2022-12-13
풍납1동-003,1,서울특별시 송파구 바람드리15길11-5,서울특별시 송파구 풍납1동 80-9,,,,,02-2147-3326,서울특별시 송파구청,2022-12-13
풍납1동-004,1,서울특별시 송파구 바람드리5길20-3,서울특별시 송파구 풍납1동 88-86,,,,,02-2147-3326,서울특별시 송파구청,2022-12-13
풍납1동-005,1,서울특별시 송파구 바람드리5길 23,서울특별시 송파구 풍납1동 88-2,,,,,02-2147-3326,서울특별시 송파구청,2022-12-13
풍납1동-006,1,서울특별시 송파구 바람드리5길 22,서울특별시 송파구 풍납1동 88-2,,,,,02-2147-3326,서울특별시 송파구청,2022-12-13
풍납1동-007,1,서울특별시 송파구 바람드리길 11-11,서울특별시 송파구 풍납1동 123-28,,,,,02-2147-3326,서울특별시 송파구청,2022-12-13
풍납1동-008,1,서울특별시 송파구 바람드리길 11-3,서울특별시 송파구 풍납1동 123-32,,,,,02-2147-3326,서울특별시 송파구청,2022-12-13
풍납1동-009,1,서울특별시 송파구 바람드리길 7,서울특별시 송파구 풍납1동 123-51,,,,,02-2147-3326,서울특별시 송파구청,2022-12-13
풍납1동-010,1,서울특별시 송파구 바람드리1길 8-1,서울특별시 송파구 풍납1동 123-41,,,,,02-2147-3326,서울특별시 송파구청,2022-12-13
풍납1동-011,1,서울특별시 송파구 바람드리길 468,서울특별시 송파구 풍납1동 510,,,,,02-2147-3326,서울특별시 송파구청,2022-12-13
풍납1동-012,1,서울특별시 송파구 바람드리길 468,서울특별시 송파구 풍납1동 510,,,,,02-2147-3326,서울특별시 송파구청,2022-12-13
풍납1동-013,1,서울특별시 송파구 바람드리길 468,서울특별시 송파구 풍납1동 510,,,,,02-2147-3326,서울특별시 송파구청,2022-12-13
풍납1동-014,1,서울특별시 송파구 바람드리길 13,서울특별시 송파구 풍납1동 89-27,,,,,02-2147-3326,서울특별시 송파구청,2022-12-13
풍납1동-015,1,서울특별시 송파구 바람드리5길 5,서울특별시 송파구 풍납1동 89-90,,,,,02-2147-3326,서울특별시 송파구청,2022-12-13
풍납1동-016,1,서울특별시 송파구 바람드리9길 8,서울특별시 송파구 풍납1동 87-9,,,,,02-2147-3326,서울특별시 송파구청,2022-12-13
풍납1동-017,1,서울특별시 송파구 바람드리9길17-6,서울특별시 송파구 풍납1동 207-32,,,,,02-2147-3326,서울특별시 송파구청,2022-12-13
풍납1동-018,1,서울특별시 송파구 바람드리9길21,서울특별시 송파구 풍납1동 94-4,,,,,02-2147-3326,서울특별시 송파구청,2022-12-13
풍납1동-019,1,서울특별시 송파구 바람드리9길18,서울특별시 송파구 풍납1동 83-6,,,,,02-2147-3326,서울특별시 송파구청,2022-12-13
풍납1동-020,1,서울특별시 송파구 바람드리9길 14,서울특별시 송파구 풍납1동 83-10,,,,,02-2147-3326,서울특별시 송파구청,2022-12-13
풍납1동-021,1,서울특별시 송파구 바람드리10길 10,서울특별시 송파구 풍납1동 132-26,,,,,02-2147-3326,서울특별시 송파구청,2022-12-13
풍납1동-022,1,서울특별시 송파구 바람드리1길 14-1,서울특별시 송파구 풍납1동 80-22,,,,,02-2147-3326,서울특별시 송파구청,2022-12-13
풍납1동-023,1,서울특별시 송파구 바람드리13길7,서울특별시 송파구 풍납1동 81-17,,,,,02-2147-3326,서울특별시 송파구청,2022-12-13
풍납1동-024,1,서울특별시 송파구 바람드리13길 4,서울특별시 송파구 풍납1동 81-21,,,,,02-2147-3326,서울특별시 송파구청,2022-12-13
풍납1동-025,1,서울특별시 송파구 바람드리15길 1,서울특별시 송파구 풍납1동 82-14,,,,,02-2147-3326,서울특별시 송파구청,2022-12-13
풍납1동-026,1,서울특별시 송파구 바람드리15길14,서울특별시 송파구 풍납1동 80-9,,,,,02-2147-3326,서울특별시 송파구청,2022-12-13
풍납1동-027,1,서울특별시 송파구 바람드리15길 14-3,서울특별시 송파구 풍납1동 78-9,,,,,02-2147-3326,서울특별시 송파구청,2022-12-13
풍납1동-028,1,서울특별시 송파구 한가람로20길 28-1,서울특별시 송파구 풍납1동 80-35,,,,,02-2147-3326,서울특별시 송파구청,2022-12-13
풍납1동-029,1,서울특별시 송파구 한가람로20길 44,서울특별시 송파구 풍납1동 78-2,,,,,02-2147-3326,서울특별시 송파구청,2022-12-13
풍납1동-030,1,서울특별시 송파구 바람드리길 37-1,서울특별시 송파구 풍납1동 79-3,,,,,02-2147-3326,서울특별시 송파구청,2022-12-13
풍납1동-031,1,서울특별시 송파구 바람드리길 37-1,서울특별시 송파구 풍납1동 79-3,,,,,02-2147-3326,서울특별시 송파구청,2022-12-13
풍납1동-032,1,서울특별시 송파구 바람드리길 35,서울특별시 송파구 풍납1동 80-20,,,,,02-2147-3326,서울특별시 송파구청,2022-12-13
풍납1동-033,1,서울특별시 송파구 바람드리길 39,서울특별시 송파구 풍납1동 78-82,,,,,02-2147-3326,서울특별시 송파구청,2022-12-13
풍납1동-034,1,서울특별시 송파구 바람드리길,서울특별시 송파구 풍납1동 76-1,,,,,02-2147-3326,서울특별시 송파구청,2022-12-13
풍납1동-035,1,서울특별시 송파구 바람드리길,서울특별시 송파구 풍납1동 74,,,,,02-2147-3326,서울특별시 송파구청,2022-12-13
풍납1동-036,1,서울특별시 송파구 천호대로 996,서울특별시 송파구 풍납1동 473-1,,,,,02-2147-3326,서울특별시 송파구청,2022-12-13
풍납1동-037,1,서울특별시 송파구 바람드리25길11,서울특별시 송파구 풍납1동 475,,,,,02-2147-3326,서울특별시 송파구청,2022-12-13
풍납1동-038,1,서울특별시 송파구 바람드리25길7-1,서울특별시 송파구 풍납1동 475-2,,,,,02-2147-3326,서울특별시 송파구청,2022-12-13
풍납1동-039,1,서울특별시 송파구 바람드리길,서울특별시 송파구 풍납1동 76,,,,,02-2147-3326,서울특별시 송파구청,2022-12-13
풍납1동-040,1,서울특별시 송파구 천호대로152길15,서울특별시 송파구 풍납1동 73-1,,,,,02-2147-3326,서울특별시 송파구청,2022-12-13
풍납1동-041,1,서울특별시 송파구 천호대로152길11-1,서울특별시 송파구 풍납1동 73-1,,,,,02-2147-3326,서울특별시 송파구청,2022-12-13
풍납1동-042,1,서울특별시 송파구 천호대로152길7,서울특별시 송파구 풍납1동 73-1,,,,,02-2147-3326,서울특별시 송파구청,2022-12-13
풍납1동-043,1,서울특별시 송파구 천호대로152길7,서울특별시 송파구 풍납1동 73-1,,,,,02-2147-3326,서울특별시 송파구청,2022-12-13
풍납1동-044,1,서울특별시 송파구 천호대로152길7,서울특별시 송파구 풍납1동 73-1,,,,,02-2147-3326,서울특별시 송파구청,2022-12-13
풍납1동-045,1,서울특별시 송파구 한가람로,서울특별시 송파구 풍납1동 98-2,,,,,02-2147-3326,서울특별시 송파구청,2022-12-13
풍납1동-046,1,서울특별시 송파구 한가람로20길12-13,서울특별시 송파구 풍납1동 93-7,,,,,02-2147-3326,서울특별시 송파구청,2022-12-13
풍납1동-047,1,서울특별시 송파구 한가람로,서울특별시 송파구 풍납1동 96-2,,,,,02-2147-3326,서울특별시 송파구청,2022-12-13
풍납1동-048,1,서울특별시 송파구 한가람로,서울특별시 송파구 풍납1동 73-1,,,,,02-2147-3326,서울특별시 송파구청,2022-12-13
풍납1동-049,1,서울특별시 송파구 한가람로,서울특별시 송파구 풍납1동 73-1,,,,,02-2147-3326,서울특별시 송파구청,2022-12-13
풍납1동-050,1,서울특별시 송파구 한가람로,서울특별시 송파구 풍납1동 73-1,,,,,02-2147-3326,서울특별시 송파구청,2022-12-13
풍납1동-051,1,서울특별시 송파구 한가람로,서울특별시 송파구 풍납1동 73-1,,,,,02-2147-3326,서울특별시 송파구청,2022-12-13
풍납1동-052,1,서울특별시 송파구 한가람로,서울특별시 송파구 풍납1동 73-1,,,,,02-2147-3326,서울특별시 송파구청,2022-12-13
풍납1동-053,1,서울특별시 송파구 한가람로 448,서울특별시 송파구 풍납1동 506,,,,,02-2147-3326,서울특별시 송파구청,2022-12-13
풍납1동-054,1,서울특별시 송파구 한가람로 448,서울특별시 송파구 풍납1동 506,,,,,02-2147-3326,서울특별시 송파구청,2022-12-13
풍납1동-055,1,서울특별시 송파구 한가람로 448,서울특별시 송파구 풍납1동 506,,,,,02-2147-3326,서울특별시 송파구청,2022-12-13
풍납1동-056,1,서울특별시 송파구 한가람로 448,서울특별시 송파구 풍납1동 506,,,,,02-2147-3326,서울특별시 송파구청,2022-12-13
풍납1동-057,1,서울특별시 송파구 바람드리길 6-16,서울특별시 송파구 풍납1동 124-11,,,,,02-2147-3326,서울특별시 송파구청,2022-12-13
풍납1동-058,1,서울특별시 송파구 바람드리2길 7,서울특별시 송파구 풍납1동 126-22,,,,,02-2147-3326,서울특별시 송파구청,2022-12-13
풍납1동-059,1,서울특별시 송파구 바람드리2길 13,서울특별시 송파구 풍납1동 70,,,,,02-2147-3326,서울특별시 송파구청,2022-12-13
풍납1동-060,1,서울특별시 송파구 한가람로446,서울특별시 송파구 풍납1동 199-3,,,,,02-2147-3326,서울특별시 송파구청,2022-12-13
풍납1동-061,1,서울특별시 송파구 풍성로5길16,서울특별시 송파구 풍납1동 175,,,,,02-2147-3326,서울특별시 송파구청,2022-12-13
풍납1동-062,1,서울특별시 송파구 풍성로15길,서울특별시 송파구 풍납1동 175,,,,,02-2147-3326,서울특별시 송파구청,2022-12-13
풍납1동-063,1,서울특별시 송파구 한가람로14길24,서울특별시 송파구 풍납1동 222-5,,,,,02-2147-3326,서울특별시 송파구청,2022-12-13
풍납1동-064,1,서울특별시 송파구 풍성로7길 27-13,서울특별시 송파구 풍납1동 222-78,,,,,02-2147-3326,서울특별시 송파구청,2022-12-13
풍납1동-065,1,서울특별시 송파구 풍성로 29-8,서울특별시 송파구 풍납1동 222-49,,,,,02-2147-3326,서울특별시 송파구청,2022-12-13
풍납1동-066,1,서울특별시 송파구 풍성로15길 10,서울특별시 송파구 풍납1동 172,,,,,02-2147-3326,서울특별시 송파구청,2022-12-13
풍납1동-067,1,서울특별시 송파구 풍성로 35-1,서울특별시 송파구 풍납1동 222-24,,,,,02-2147-3326,서울특별시 송파구청,2022-12-13
풍납1동-068,1,서울특별시 송파구 풍성로25나길 28,서울특별시 송파구 풍납1동 138-9,,,,,02-2147-3326,서울특별시 송파구청,2022-12-13
풍납1동-069,1,서울특별시 송파구 풍성로25나길 10,서울특별시 송파구 풍납1동 172,,,,,02-2147-3326,서울특별시 송파구청,2022-12-13
풍납1동-070,1,서울특별시 송파구 풍성로25나길 10,서울특별시 송파구 풍납1동 172,,,,,02-2147-3326,서울특별시 송파구청,2022-12-13
풍납1동-071,1,서울특별시 송파구 풍성로25나길 10,서울특별시 송파구 풍납1동 172,,,,,02-2147-3326,서울특별시 송파구청,2022-12-13
풍납1동-072,1,서울특별시 송파구 바람드리4길 20,서울특별시 송파구 풍납1동 126-119,,,,,02-2147-3326,서울특별시 송파구청,2022-12-13
풍납1동-073,1,서울특별시 송파구 바람드리4길 18,서울특별시 송파구 풍납1동 126-102,,,,,02-2147-3326,서울특별시 송파구청,2022-12-13
풍납1동-074,1,서울특별시 송파구 바람드리4길13,서울특별시 송파구 풍납1동 126-31,,,,,02-2147-3326,서울특별시 송파구청,2022-12-13
풍납1동-075,1,서울특별시 송파구 풍성로25나길 111,서울특별시 송파구 풍납1동 126-78,,,,,02-2147-3326,서울특별시 송파구청,2022-12-13
풍납1동-076,1,서울특별시 송파구 바람드리4길4,서울특별시 송파구 풍납1동 129-133,,,,,02-2147-3326,서울특별시 송파구청,2022-12-13
풍납1동-077,1,서울특별시 송파구 바람드리6길 16,서울특별시 송파구 풍납1동 130-29,,,,,02-2147-3326,서울특별시 송파구청,2022-12-13
풍납1동-078,1,서울특별시 송파구 풍성로21길12,서울특별시 송파구 풍납1동 163-39,,,,,02-2147-3326,서울특별시 송파구청,2022-12-13
풍납1동-079,1,서울특별시 송파구 바람드리6길11-1,서울특별시 송파구 풍납1동 126-53,,,,,02-2147-3326,서울특별시 송파구청,2022-12-13
풍납1동-080,1,서울특별시 송파구 바람드리6길 20,서울특별시 송파구 풍납1동 126-168,,,,,02-2147-3326,서울특별시 송파구청,2022-12-13
풍납1동-081,1,서울특별시 송파구 바람드리길 18,서울특별시 송파구 풍납1동 130-25,,,,,02-2147-3326,서울특별시 송파구청,2022-12-13
풍납1동-082,1,서울특별시 송파구 바람드리8길16-1,서울특별시 송파구 풍납1동 131-81,,,,,02-2147-3326,서울특별시 송파구청,2022-12-13
풍납1동-083,1,서울특별시 송파구 바람드리10길5,서울특별시 송파구 풍납1동 131-81,,,,,02-2147-3326,서울특별시 송파구청,2022-12-13
풍납1동-084,1,서울특별시 송파구 바람드리길 22,서울특별시 송파구 풍납1동 130-34,,,,,02-2147-3326,서울특별시 송파구청,2022-12-13
풍납1동-085,1,서울특별시 송파구 바람드리길27-1,서울특별시 송파구 풍납1동 130-33,,,,,02-2147-3326,서울특별시 송파구청,2022-12-13
풍납1동-086,1,서울특별시 송파구 바람드리12길 9-7,서울특별시 송파구 풍납1동 140-5,,,,,02-2147-3326,서울특별시 송파구청,2022-12-13
풍납1동-087,1,서울특별시 송파구 바람드리14길13,서울특별시 송파구 풍납1동 142-37,,,,,02-2147-3326,서울특별시 송파구청,2022-12-13
풍납1동-088,1,서울특별시 송파구 바람드리14길12,서울특별시 송파구 풍납1동 142-30,,,,,02-2147-3326,서울특별시 송파구청,2022-12-13
풍납1동-089,1,서울특별시 송파구 바람드리길 30,서울특별시 송파구 풍납1동 141-42,,,,,02-2147-3326,서울특별시 송파구청,2022-12-13
풍납1동-090,1,서울특별시 송파구 바람드리12길25-1,서울특별시 송파구 풍납1동 137-9,,,,,02-2147-3326,서울특별시 송파구청,2022-12-13
풍납1동-091,1,서울특별시 송파구 바람드리길,서울특별시 송파구 풍납1동 137-17,,,,,02-2147-3326,서울특별시 송파구청,2022-12-13
풍납1동-092,1,서울특별시 송파구 풍성로25나길 22,서울특별시 송파구 풍납1동 142-68,,,,,02-2147-3326,서울특별시 송파구청,2022-12-13
풍납1동-093,1,서울특별시 송파구 풍성로25나길 39,서울특별시 송파구 풍납1동,,,,,02-2147-3326,서울특별시 송파구청,2022-12-13
풍납1동-094,1,서울특별시 송파구 풍납로25다길 18,서울특별시 송파구 풍납1동 142-34,,,,,02-2147-3326,서울특별시 송파구청,2022-12-13
풍납1동-095,1,서울특별시 송파구 풍성로25나길 16,서울특별시 송파구 풍납1동 147-4,,,,,02-2147-3326,서울특별시 송파구청,2022-12-13
풍납1동-096,1,서울특별시 송파구 풍성로254길10-13,서울특별시 송파구 풍납1동 149-26,,,,,02-2147-3326,서울특별시 송파구청,2022-12-13
풍납1동-097,1,서울특별시 송파구 풍성로25나길10-3,서울특별시 송파구 풍납1동 149-28,,,,,02-2147-3326,서울특별시 송파구청,2022-12-13
풍납1동-098,1,서울특별시 송파구 풍성로25나길16,서울특별시 송파구 풍납1동 147-4,,,,,02-2147-3326,서울특별시 송파구청,2022-12-13
풍납1동-099,1,서울특별시 송파구 풍성로25나길 43,서울특별시 송파구 풍납1동 165,,,,,02-2147-3326,서울특별시 송파구청,2022-12-13
풍납1동-100,1,서울특별시 송파구 풍성로25나길 43,서울특별시 송파구 풍납1동 165,,,,,02-2147-3326,서울특별시 송파구청,2022-12-13
풍납1동-101,1,서울특별시 송파구 풍성로25나길 43,서울특별시 송파구 풍납1동 165,,,,,02-2147-3326,서울특별시 송파구청,2022-12-13
풍납1동-102,1,서울특별시 송파구 풍성로25나길 43,서울특별시 송파구 풍납1동 165,,,,,02-2147-3326,서울특별시 송파구청,2022-12-13
풍납1동-103,1,서울특별시 송파구 풍성로21길 14-1,서울특별시 송파구 풍납1동 166-5,,,,,02-2147-3326,서울특별시 송파구청,2022-12-13
풍납1동-104,1,서울특별시 송파구 풍성로21길,서울특별시 송파구 풍납1동 165,,,,,02-2147-3326,서울특별시 송파구청,2022-12-13
풍납1동-105,1,서울특별시 송파구 풍성로21길,서울특별시 송파구 풍납1동 165,,,,,02-2147-3326,서울특별시 송파구청,2022-12-13
풍납1동-106,1,서울특별시 송파구 풍성로21길,서울특별시 송파구 풍납1동 165,,,,,02-2147-3326,서울특별시 송파구청,2022-12-13
풍납1동-107,1,서울특별시 송파구 풍성로21길4,서울특별시 송파구 풍납1동 163-6,,,,,02-2147-3326,서울특별시 송파구청,2022-12-13
풍납1동-108,1,서울특별시 송파구 풍성로길 55-5,서울특별시 송파구 풍납1동 162-2,,,,,02-2147-3326,서울특별시 송파구청,2022-12-13
풍납1동-109,1,서울특별시 송파구 풍성로23길1,서울특별시 송파구 풍납1동 159-2,,,,,02-2147-3326,서울특별시 송파구청,2022-12-13
풍납1동-110,1,서울특별시 송파구 풍성로23길5,서울특별시 송파구 풍납1동 162-8,,,,,02-2147-3326,서울특별시 송파구청,2022-12-13
풍납1동-111,1,서울특별시 송파구 바람드리18길14,서울특별시 송파구 풍납1동 144-28,,,,,02-2147-3326,서울특별시 송파구청,2022-12-13
풍납1동-112,1,서울특별시 송파구 바람드리18길10-1,서울특별시 송파구 풍납1동 144-26,,,,,02-2147-3326,서울특별시 송파구청,2022-12-13
풍납1동-113,1,서울특별시 송파구 풍성로23길11,서울특별시 송파구 풍납1동 155-38,,,,,02-2147-3326,서울특별시 송파구청,2022-12-13
풍납1동-114,1,서울특별시 송파구 풍성로25나길,서울특별시 송파구 풍납1동 155-38,,,,,02-2147-3326,서울특별시 송파구청,2022-12-13
풍납1동-115,1,서울특별시 송파구 풍성로25나길,서울특별시 송파구 풍납1동 155-38,,,,,02-2147-3326,서울특별시 송파구청,2022-12-13
풍납1동-116,1,서울특별시 송파구 풍성로23길 20,서울특별시 송파구 풍납1동 151-17,,,,,02-2147-3326,서울특별시 송파구청,2022-12-13
풍납1동-117,1,서울특별시 송파구 풍성로23길 24,서울특별시 송파구 풍납1동 151-18,,,,,02-2147-3326,서울특별시 송파구청,2022-12-13
풍납1동-118,1,서울특별시 송파구 풍성로25다길 8,서울특별시 송파구 풍납1동 151-28,,,,,02-2147-3326,서울특별시 송파구청,2022-12-13
풍납1동-119,1,서울특별시 송파구 풍성로25나길 30,서울특별시 송파구 풍납1동 137-17,,,,,02-2147-3326,서울특별시 송파구청,2022-12-13
풍납1동-120,1,서울특별시 송파구 바람드리길46,서울특별시 송파구 풍납1동 151-22,,,,,02-2147-3326,서울특별시 송파구청,2022-12-13
풍납1동-121,1,서울특별시 송파구 바람드리20길 2,서울특별시 송파구 풍납1동 148-13,,,,,02-2147-3326,서울특별시 송파구청,2022-12-13
풍납1동-122,1,서울특별시 송파구 바람드리20길 4,서울특별시 송파구 풍납1동 148-12,,,,,02-2147-3326,서울특별시 송파구청,2022-12-13
풍납1동-123,1,서울특별시 송파구 바람드리20길 6,서울특별시 송파구 풍납1동 148-11,,,,,02-2147-3326,서울특별시 송파구청,2022-12-13
풍납1동-124,1,서울특별시 송파구 바람드리20길 8-1,서울특별시 송파구 풍납1동 148-9,,,,,02-2147-3326,서울특별시 송파구청,2022-12-13
풍납1동-125,1,서울특별시 송파구 바람드리20길 10,서울특별시 송파구 풍납1동 148-8,,,,,02-2147-3326,서울특별시 송파구청,2022-12-13
풍납1동-126,1,서울특별시 송파구 바람드리18길 2,서울특별시 송파구 풍납1동 144-9,,,,,02-2147-3326,서울특별시 송파구청,2022-12-13
풍납1동-127,1,서울특별시 송파구 바람드리18길 4,서울특별시 송파구 풍납1동 144-10,,,,,02-2147-3326,서울특별시 송파구청,2022-12-13
풍납1동-128,1,서울특별시 송파구 바람드리18길 6-1,서울특별시 송파구 풍납1동 144-22,,,,,02-2147-3326,서울특별시 송파구청,2022-12-13
풍납1동-129,1,서울특별시 송파구 바람드리20길 14,서울특별시 송파구 풍납1동 144-28,,,,,02-2147-3326,서울특별시 송파구청,2022-12-13
풍납1동-130,1,서울특별시 송파구 바람드리22길 4-4,서울특별시 송파구 풍납1동 152-77,,,,,02-2147-3326,서울특별시 송파구청,2022-12-13
풍납1동-131,1,서울특별시 송파구 바람드리22길12-3,서울특별시 송파구 풍납1동 152-41,,,,,02-2147-3326,서울특별시 송파구청,2022-12-13
풍납1동-132,1,서울특별시 송파구 바람드리22길 11-2,서울특별시 송파구 풍납1동 152-55,,,,,02-2147-3326,서울특별시 송파구청,2022-12-13
풍납1동-133,1,서울특별시 송파구 바람드리22길 16-4,서울특별시 송파구 풍납1동 152-27,,,,,02-2147-3326,서울특별시 송파구청,2022-12-13
풍납1동-134,1,서울특별시 송파구 풍성로25가길 17,서울특별시 송파구 풍납1동 155-9,,,,,02-2147-3326,서울특별시 송파구청,2022-12-13
풍납1동-135,1,서울특별시 송파구 풍성로25가길5-1,서울특별시 송파구 풍납1동 155-23,,,,,02-2147-3326,서울특별시 송파구청,2022-12-13
풍납1동-136,1,서울특별시 송파구 풍성로25가길 9,서울특별시 송파구 풍납1동 155-27,,,,,02-2147-3326,서울특별시 송파구청,2022-12-13
풍납1동-137,1,서울특별시 송파구 풍성로 67,서울특별시 송파구 풍납1동 493-17,,,,,02-2147-3326,서울특별시 송파구청,2022-12-13
풍납1동-138,1,서울특별시 송파구 풍성로67,서울특별시 송파구 풍납1동 493-17,,,,,02-2147-3326,서울특별시 송파구청,2022-12-13
풍납1동-139,1,서울특별시 송파구 풍성로25길 10,서울특별시 송파구 풍납1동 493-12,,,,,02-2147-3326,서울특별시 송파구청,2022-12-13
풍납1동-140,1,서울특별시 송파구 풍성로27길 13,서울특별시 송파구 풍납1동 492-1,,,,,02-2147-3326,서울특별시 송파구청,2022-12-13
풍납1동-141,1,서울특별시 송파구 풍성로25길 13,서울특별시 송파구 풍납1동 155-23,,,,,02-2147-3326,서울특별시 송파구청,2022-12-13
풍납1동-142,1,서울특별시 송파구 풍성로25길 20,서울특별시 송파구 풍납1동 487-8,,,,,02-2147-3326,서울특별시 송파구청,2022-12-13
풍납1동-143,1,서울특별시 송파구 풍성로25길 21,서울특별시 송파구 풍납1동 485-3,,,,,02-2147-3326,서울특별시 송파구청,2022-12-13
풍납1동-144,1,서울특별시 송파구 풍성로25길 25,서울특별시 송파구 풍납1동 485,,,,,02-2147-3326,서울특별시 송파구청,2022-12-13
풍납1동-145,1,서울특별시 송파구 풍성로25길 29,서울특별시 송파구 풍납1동 153-12,,,,,02-2147-3326,서울특별시 송파구청,2022-12-13
풍납1동-146,1,서울특별시 송파구 풍성로25길31-3,서울특별시 송파구 풍납1동 153-19,,,,,02-2147-3326,서울특별시 송파구청,2022-12-13
풍납1동-147,1,서울특별시 송파구 풍성로25길 35,서울특별시 송파구 풍납1동 153-16,,,,,02-2147-3326,서울특별시 송파구청,2022-12-13
풍납1동-148,1,서울특별시 송파구 풍성로25길 35-4,서울특별시 송파구 풍납1동 153-4,,,,,02-2147-3326,서울특별시 송파구청,2022-12-13
풍납1동-149,1,서울특별시 송파구 풍성로25길 17,서울특별시 송파구 풍납1동 493-20,,,,,02-2147-3326,서울특별시 송파구청,2022-12-13
풍납1동-150,1,서울특별시 송파구 풍성로25길 44,서울특별시 송파구 풍납1동 477,,,,,02-2147-3326,서울특별시 송파구청,2022-12-13
풍납1동-151,1,서울특별시 송파구 풍성로25길 44,서울특별시 송파구 풍납1동 477,,,,,02-2147-3326,서울특별시 송파구청,2022-12-13
풍납1동-152,1,서울특별시 송파구 바람드리24길 10,서울특별시 송파구 풍납1동 484-1,,,,,02-2147-3326,서울특별시 송파구청,2022-12-13
풍납1동-153,1,서울특별시 송파구 바람드리24길 14,서울특별시 송파구 풍납1동 484-5,,,,,02-2147-3326,서울특별시 송파구청,2022-12-13
풍납1동-154,1,서울특별시 송파구 올림픽로51길35-7,서울특별시 송파구 풍납1동 231-26,,,,,02-2147-3326,서울특별시 송파구청,2022-12-13
풍납1동-155,1,서울특별시 송파구 바람드리24길 22,서울특별시 송파구 풍납1동 484-11,,,,,02-2147-3326,서울특별시 송파구청,2022-12-13
풍납1동-156,1,서울특별시 송파구 바람드리26길 10-1,서울특별시 송파구 풍납1동 483-2,,,,,02-2147-3326,서울특별시 송파구청,2022-12-13
풍납1동-157,1,서울특별시 송파구 바람드리26길 3,서울특별시 송파구 풍납1동 479-6,,,,,02-2147-3326,서울특별시 송파구청,2022-12-13
풍납1동-158,1,서울특별시 송파구 바람드리28길5,서울특별시 송파구 풍납1동 480-3,,,,,02-2147-3326,서울특별시 송파구청,2022-12-13
풍납1동-159,1,서울특별시 송파구 올림픽로57길 2-10,서울특별시 송파구 풍납1동 490-11,,,,,02-2147-3326,서울특별시 송파구청,2022-12-13
풍납1동-160,1,서울특별시 송파구 바람드리28길3,서울특별시 송파구 풍납1동 480-4,,,,,02-2147-3326,서울특별시 송파구청,2022-12-13
풍납1동-161,1,서울특별시 송파구 올림픽로57길2-3,서울특별시 송파구 풍납1동 489-5,,,,,02-2147-3326,서울특별시 송파구청,2022-12-13
풍납1동-162,1,서울특별시 송파구 바람드리길60,서울특별시 송파구 풍납1동 479,,,,,02-2147-3326,서울특별시 송파구청,2022-12-13
풍납1동-163,1,서울특별시 송파구 올림픽로57길 6-10,서울특별시 송파구 풍납1동 489-12,,,,,02-2147-3326,서울특별시 송파구청,2022-12-13
풍납1동-164,1,서울특별시 송파구 올림픽로57길 6-39,서울특별시 송파구 풍납1동 486-3,,,,,02-2147-3326,서울특별시 송파구청,2022-12-13
풍납1동-165,1,서울특별시 송파구 풍성로27길17-1,서울특별시 송파구 풍납1동 487-1,,,,,02-2147-3326,서울특별시 송파구청,2022-12-13
풍납1동-166,1,서울특별시 송파구 올림픽로57길10,서울특별시 송파구 풍납1동 487-4,,,,,02-2147-3326,서울특별시 송파구청,2022-12-13
풍납1동-167,1,서울특별시 송파구 풍성로31길 7-1,서울특별시 송파구 풍납1동 495-2,,,,,02-2147-3326,서울특별시 송파구청,2022-12-13
풍납1동-168,1,서울특별시 송파구 풍성로31길 3,서울특별시 송파구 풍납1동 498,,,,,02-2147-3326,서울특별시 송파구청,2022-12-13
풍납1동-169,1,서울특별시 송파구 풍성로,서울특별시 송파구 풍납1동 88-45,,,,,02-2147-3326,서울특별시 송파구청,2022-12-13
풍납1동-170,1,서울특별시 송파구 풍성로,서울특별시 송파구 풍납1동 492-3,,,,,02-2147-3326,서울특별시 송파구청,2022-12-13
풍납1동-171,1,서울특별시 송파구 풍성로,서울특별시 송파구 풍납1동 89-33,,,,,02-2147-3326,서울특별시 송파구청,2022-12-13
풍납1동-172,1,서울특별시 송파구 풍성로,서울특별시 송파구 풍납1동 126-7,,,,,02-2147-3326,서울특별시 송파구청,2022-12-13
풍납1동-173,1,서울특별시 송파구 풍성로23길5-6,서울특별시 송파구 풍납1동 162-9,,,,,02-2147-3326,서울특별시 송파구청,2022-12-13
풍납1동-174,1,서울특별시 송파구 바람드리1길 8,서울특별시 송파구 풍납1동 123-40,,,,,02-2147-3326,서울특별시 송파구청,2022-12-13
풍납1동-175,1,서울특별시 송파구 바람드리길34,서울특별시 송파구 풍납1동 142-1,,,,,02-2147-3326,서울특별시 송파구청,2022-12-13
풍납1동-176,1,서울특별시 송파구 바람드리15길 5,서울특별시 송파구 풍납1동 82-9,,,,,02-2147-3326,서울특별시 송파구청,2022-12-13
풍납1동-177,1,서울특별시 송파구 바람드리1길 13,서울특별시 송파구 풍납1동 121-21,,,,,02-2147-3326,서울특별시 송파구청,2022-12-13
풍납1동-178,1,서울특별시 송파구 풍성로21길 14-1,서울특별시 송파구 풍납1동 166-5,,,,,02-2147-3326,서울특별시 송파구청,2022-12-13
풍납1동-179,1,서울특별시 송파구 바람드리5길3,서울특별시 송파구 풍납1동  89-7,,,,,02-2147-3326,서울특별시 송파구청,2022-12-13
풍납1동-180,1,서울특별시 송파구 바람드리12길 19-14,서울특별시 송파구 풍납1동 139-9,,,,,02-2147-3326,서울특별시 송파구청,2022-12-13
풍납1동-181,1,서울특별시 송파구 바람드리1길 4,서울특별시 송파구 풍납1동 123-36,,,,,02-2147-3326,서울특별시 송파구청,2022-12-13
풍납1동-182,1,서울특별시 송파구 바람드리길,서울특별시 송파구 풍납1동 35-5,,,,,02-2147-3326,서울특별시 송파구청,2022-12-13
풍납1동-183,1,서울특별시 송파구 바람드리길,서울특별시 송파구 풍납1동 152-43,,,,,02-2147-3326,서울특별시 송파구청,2022-12-13
풍납1동-184,1,서울특별시 송파구 바람드리9길 2,서울특별시 송파구 풍납1동 87-5,,,,,02-2147-3326,서울특별시 송파구청,2022-12-13
풍납1동-185,1,서울특별시 송파구 바람드리14길 16-1,서울특별시 송파구 풍납1동 140-14,,,,,02-2147-3326,서울특별시 송파구청,2022-12-13
풍납1동-186,1,서울특별시 송파구 바람드리12길 2,서울특별시 송파구 풍납1동 131-11,,,,,02-2147-3326,서울특별시 송파구청,2022-12-13
풍납1동-187,1,서울특별시 송파구 풍성로7길7-5,서울특별시 송파구 풍납1동 222-90,,,,,02-2147-3326,서울특별시 송파구청,2022-12-13
풍납1동-188,1,서울특별시 송파구 풍성로23길20,서울특별시 송파구 풍납1동 151-17,,,,,02-2147-3326,서울특별시 송파구청,2022-12-13
풍납1동-189,1,서울특별시 송파구 풍성로4,서울특별시 송파구 풍납1동 203-24,,,,,02-2147-3326,서울특별시 송파구청,2022-12-13
풍납1동-190,1,서울특별시 송파구 풍성로4,서울특별시 송파구 풍납1동 203-24,,,,,02-2147-3326,서울특별시 송파구청,2022-12-13
풍납1동-191,1,서울특별시 송파구 한가람로468,서울특별시 송파구 풍납1동 510,,,,,02-2147-3326,서울특별시 송파구청,2022-12-13
풍납1동-192,1,서울특별시 송파구 풍성로35-9,서울특별시 송파구 풍납1동 222-30,,,,,02-2147-3326,서울특별시 송파구청,2022-12-13
풍납1동-193,1,서울특별시 송파구 풍성로31-12,서울특별시 송파구 풍납1동 222-33,,,,,02-2147-3326,서울특별시 송파구청,2022-12-13
풍납1동-194,1,서울특별시 송파구 바람드리13길6-1,서울특별시 송파구 풍납1동 81-14,,,,,02-2147-3326,서울특별시 송파구청,2022-12-13
풍납1동-195,1,서울특별시 송파구 풍성로15길16,서울특별시 송파구 풍납1동 172,,,,,02-2147-3326,서울특별시 송파구청,2022-12-13
풍납1동-196,1,서울특별시 송파구 풍성로25다길5,서울특별시 송파구 풍납1동 152-59,,,,,02-2147-3326,서울특별시 송파구청,2022-12-13
풍납1동-197,1,서울특별시 송파구 천호대로996,서울특별시 송파구 풍납1동 473-1,,,,,02-2147-3326,서울특별시 송파구청,2022-12-13
풍납1동-198,1,서울특별시 송파구 천호대로996,서울특별시 송파구 풍납1동 473-1,,,,,02-2147-3326,서울특별시 송파구청,2022-12-13
풍납1동-199,1,서울특별시 송파구 풍성로25길25-1,서울특별시 송파구 풍납1동 153-7,,,,,02-2147-3326,서울특별시 송파구청,2022-12-13
풍납1동-200,1,서울특별시 송파구 풍성로,서울특별시 송파구 풍납1동 87-17,,,,,02-2147-3326,서울특별시 송파구청,2022-12-13
풍납1동-201,1,서울특별시 송파구 바람드리길46,서울특별시 송파구 풍납1동 151-22,,,,,02-2147-3326,서울특별시 송파구청,2022-12-13
풍납1동-202,1,서울특별시 송파구 바람드리길15-1,서울특별시 송파구 풍납1동 88-61,,,,,02-2147-3326,서울특별시 송파구청,2022-12-13
풍납1동-203,1,서울특별시 송파구 풍성로25길36-1,서울특별시 송파구 풍납1동 477-6,,,,,02-2147-3326,서울특별시 송파구청,2022-12-13
풍납1동-204,1,서울특별시 송파구 바람드리4길12,서울특별시 송파구 풍납1동 126-90,,,,,02-2147-3326,서울특별시 송파구청,2022-12-13
풍납1동-205,1,서울특별시 송파구 바람드리23길9,서울특별시 송파구 풍납1동 476-2,,,,,02-2147-3326,서울특별시 송파구청,2022-12-13
풍납1동-206,1,서울특별시 송파구 바람드리길,서울특별시 송파구 풍납1동 155-34,,,,,02-2147-3326,서울특별시 송파구청,2022-12-13
풍납1동-207,1,서울특별시 송파구 바람드리13길20,서울특별시 송파구 풍납1동,,,,,02-2147-3326,서울특별시 송파구청,2022-12-13
풍납1동-208,1,서울특별시 송파구 바람드리16길9-1,서울특별시 송파구 풍납1동,,,,,02-2147-3326,서울특별시 송파구청,2022-12-13
풍납1동-209,1,서울특별시 송파구 바람드리25길11,서울특별시 송파구 풍납1동,,,,,02-2147-3326,서울특별시 송파구청,2022-12-13
풍납1동-210,1,서울특별시 송파구 풍성로25다길12,서울특별시 송파구 풍납1동,,,,,02-2147-3326,서울특별시 송파구청,2022-12-13
풍납1동-211,1,서울특별시 송파구 바람드리길 51,서울특별시 송파구 풍납1동 476-14,,,,,02-2147-3326,서울특별시 송파구청,2022-12-13
풍납1동-212,1,서울특별시 송파구 바람드리22길12-1,서울특별시 송파구 풍납1동,,,,,02-2147-3326,서울특별시 송파구청,2022-12-13
풍납2동-001,1,서울특별시 송파구 풍성로 4-23,서울특별시 송파구 풍납2동 216-13,,,,,02-2147-3326,서울특별시 송파구청,2022-12-13
풍납2동-002,1,서울특별시 송파구 풍성로14길 64,서울특별시 송파구 풍납2동 304-1,,,,,02-2147-3326,서울특별시 송파구청,2022-12-13
풍납2동-003,1,서울특별시 송파구 풍성로14길 5,서울특별시 송파구 풍납2동 304-2,,,,,02-2147-3326,서울특별시 송파구청,2022-12-13
풍납2동-004,1,서울특별시 송파구 풍성로14길 3,서울특별시 송파구 풍납2동 303-3,,,,,02-2147-3326,서울특별시 송파구청,2022-12-13
풍납2동-005,1,서울특별시 송파구 풍성로14길 2,서울특별시 송파구 풍납2동 305-2,,,,,02-2147-3326,서울특별시 송파구청,2022-12-13
풍납2동-006,1,서울특별시 송파구 풍성로14길 8,서울특별시 송파구 풍납2동 305-8,,,,,02-2147-3326,서울특별시 송파구청,2022-12-13
풍납2동-007,1,서울특별시 송파구 풍성로14길 60-23,서울특별시 송파구 풍납2동 293-4,,,,,02-2147-3326,서울특별시 송파구청,2022-12-13
풍납2동-008,1,서울특별시 송파구 한가람로12길 8,서울특별시 송파구 풍납2동 291-15,,,,,02-2147-3326,서울특별시 송파구청,2022-12-13
풍납2동-009,1,서울특별시 송파구 풍성로2길 6,서울특별시 송파구 풍납2동 217,,,,,02-2147-3326,서울특별시 송파구청,2022-12-13
풍납2동-010,1,서울특별시 송파구 풍성로2길 10,서울특별시 송파구 풍납2동 203-21,,,,,02-2147-3326,서울특별시 송파구청,2022-12-13
풍납2동-011,1,서울특별시 송파구 한가람로12길 14,서울특별시 송파구 풍납2동 290-8,,,,,02-2147-3326,서울특별시 송파구청,2022-12-13
풍납2동-012,1,서울특별시 송파구 풍성로4길 16,서울특별시 송파구 풍납2동 291-29,,,,,02-2147-3326,서울특별시 송파구청,2022-12-13
풍납2동-013,1,서울특별시 송파구 풍성로14길 54,서울특별시 송파구 풍납2동 306-5,,,,,02-2147-3326,서울특별시 송파구청,2022-12-13
풍납2동-014,1,서울특별시 송파구 풍성로14길 52,서울특별시 송파구 풍납2동 280-15,,,,,02-2147-3326,서울특별시 송파구청,2022-12-13
풍납2동-015,1,서울특별시 송파구 풍성로14길 48-4,서울특별시 송파구 풍납2동 280-10,,,,,02-2147-3326,서울특별시 송파구청,2022-12-13
풍납2동-016,1,서울특별시 송파구 풍성로6길 11,서울특별시 송파구 풍납2동 220-20,,,,,02-2147-3326,서울특별시 송파구청,2022-12-13
풍납2동-017,1,서울특별시 송파구 풍성로6길 11,서울특별시 송파구 풍납2동 220-20,,,,,02-2147-3326,서울특별시 송파구청,2022-12-13
풍납2동-018,1,서울특별시 송파구 풍성로6길 9,서울특별시 송파구 풍납2동 220-20,,,,,02-2147-3326,서울특별시 송파구청,2022-12-13
풍납2동-019,1,서울특별시 송파구 풍성로 14,서울특별시 송파구 풍납2동 219,,,,,02-2147-3326,서울특별시 송파구청,2022-12-13
풍납2동-020,1,서울특별시 송파구 풍성로22,서울특별시 송파구 풍납2동 219,,,,,02-2147-3326,서울특별시 송파구청,2022-12-13
풍납2동-021,1,서울특별시 송파구 풍성로8길 8,서울특별시 송파구 풍납2동 222-167,,,,,02-2147-3326,서울특별시 송파구청,2022-12-13
풍납2동-022,1,서울특별시 송파구 올림픽로51길 7,서울특별시 송파구 풍납2동 224,,,,,02-2147-3326,서울특별시 송파구청,2022-12-13
풍납2동-023,1,서울특별시 송파구 풍성로 28-3,서울특별시 송파구 풍납2동 222-102,,,,,02-2147-3326,서울특별시 송파구청,2022-12-13
풍납2동-024,1,서울특별시 송파구 풍성로8길 5,서울특별시 송파구 풍납2동 222-112,,,,,02-2147-3326,서울특별시 송파구청,2022-12-13
풍납2동-025,1,서울특별시 송파구 풍성로6길 17-5,서울특별시 송파구 풍납2동 279-33,,,,,02-2147-3326,서울특별시 송파구청,2022-12-13
풍납2동-026,1,서울특별시 송파구 풍성로14길 40,서울특별시 송파구 풍납2동 281-4,,,,,02-2147-3326,서울특별시 송파구청,2022-12-13
풍납2동-027,1,서울특별시 송파구 풍성로6가길 10,서울특별시 송파구 풍납2동 227-25,,,,,02-2147-3326,서울특별시 송파구청,2022-12-13
풍납2동-028,1,서울특별시 송파구 풍성로6가길 13,서울특별시 송파구 풍납2동 225-14,,,,,02-2147-3326,서울특별시 송파구청,2022-12-13
풍납2동-029,1,서울특별시 송파구 풍성로10길11,서울특별시 송파구 풍납2동 222-155,,,,,02-2147-3326,서울특별시 송파구청,2022-12-13
풍납2동-030,1,서울특별시 송파구 풍성로10길 9-1,서울특별시 송파구 풍납2동 222-154,,,,,02-2147-3326,서울특별시 송파구청,2022-12-13
풍납2동-031,1,서울특별시 송파구 풍성로10길 8,서울특별시 송파구 풍납2동 222-157,,,,,02-2147-3326,서울특별시 송파구청,2022-12-13
풍납2동-032,1,서울특별시 송파구 토성로58,서울특별시 송파구 풍납2동 403-2,,,,,02-2147-3326,서울특별시 송파구청,2022-12-13
풍납2동-033,1,서울특별시 송파구 풍성로12길 7,서울특별시 송파구 풍납2동 222-147,,,,,02-2147-3326,서울특별시 송파구청,2022-12-13
풍납2동-034,1,서울특별시 송파구 풍성로14길12-1,서울특별시 송파구 풍납2동 222-143,,,,,02-2147-3326,서울특별시 송파구청,2022-12-13
풍납2동-035,1,서울특별시 송파구 풍성로14길 15,서울특별시 송파구 풍납2동 252-2,,,,,02-2147-3326,서울특별시 송파구청,2022-12-13
풍납2동-036,1,서울특별시 송파구 풍성로14길 16,서울특별시 송파구 풍납2동 227-1,,,,,02-2147-3326,서울특별시 송파구청,2022-12-13
풍납2동-037,1,서울특별시 송파구 바람드리15길10-7,서울특별시 송파구 풍납2동 252-3,,,,,02-2147-3326,서울특별시 송파구청,2022-12-13
풍납2동-038,1,서울특별시 송파구 풍성로14길 17,서울특별시 송파구 풍납2동 252,,,,,02-2147-3326,서울특별시 송파구청,2022-12-13
풍납2동-039,1,서울특별시 송파구 풍성로14길 19,서울특별시 송파구 풍납2동 251-2,,,,,02-2147-3326,서울특별시 송파구청,2022-12-13
풍납2동-040,1,서울특별시 송파구 풍성로14길 26,서울특별시 송파구 풍납2동 253-5,,,,,02-2147-3326,서울특별시 송파구청,2022-12-13
풍납2동-041,1,서울특별시 송파구 풍성로14길 28,서울특별시 송파구 풍납2동 253-6,,,,,02-2147-3326,서울특별시 송파구청,2022-12-13
풍납2동-042,1,서울특별시 송파구 풍성로14길 31,서울특별시 송파구 풍납2동 253-1,,,,,02-2147-3326,서울특별시 송파구청,2022-12-13
풍납2동-043,1,서울특별시 송파구 풍성로14길 32,서울특별시 송파구 풍납2동 254,,,,,02-2147-3326,서울특별시 송파구청,2022-12-13
풍납2동-044,1,서울특별시 송파구 풍성로14길 40,서울특별시 송파구 풍납2동 281-4,,,,,02-2147-3326,서울특별시 송파구청,2022-12-13
풍납2동-045,1,서울특별시 송파구 풍성로14길 40,서울특별시 송파구 풍납2동 281-4,,,,,02-2147-3326,서울특별시 송파구청,2022-12-13
풍납2동-046,1,서울특별시 송파구 풍성로14길 44,서울특별시 송파구 풍납2동 279-22,,,,,02-2147-3326,서울특별시 송파구청,2022-12-13
풍납2동-047,1,서울특별시 송파구 풍성로14길 45,서울특별시 송파구 풍납2동 281-1,,,,,02-2147-3326,서울특별시 송파구청,2022-12-13
풍납2동-048,1,서울특별시 송파구 풍성로14길48-1,서울특별시 송파구 풍납2동 280-9,,,,,02-2147-3326,서울특별시 송파구청,2022-12-13
풍납2동-049,1,서울특별시 송파구 풍성로14길 45,서울특별시 송파구 풍납2동 281-1,,,,,02-2147-3326,서울특별시 송파구청,2022-12-13
풍납2동-050,1,서울특별시 송파구 토성로3길23,서울특별시 송파구 풍납2동 282-5,,,,,02-2147-3326,서울특별시 송파구청,2022-12-13
풍납2동-051,1,서울특별시 송파구 토성로3길21,서울특별시 송파구 풍납2동 282-13,,,,,02-2147-3326,서울특별시 송파구청,2022-12-13
풍납2동-052,1,서울특별시 송파구 토성로3길17-1,서울특별시 송파구 풍납2동 282-18,,,,,02-2147-3326,서울특별시 송파구청,2022-12-13
풍납2동-053,1,서울특별시 송파구 토성로3길13,서울특별시 송파구 풍납2동 282-12,,,,,02-2147-3326,서울특별시 송파구청,2022-12-13
풍납2동-054,1,서울특별시 송파구 토성로3길11,서울특별시 송파구 풍납2동 273-2,,,,,02-2147-3326,서울특별시 송파구청,2022-12-13
풍납2동-055,1,서울특별시 송파구 풍성로3길 13,서울특별시 송파구 풍납2동 282-12,,,,,02-2147-3326,서울특별시 송파구청,2022-12-13
풍납2동-056,1,서울특별시 송파구 풍성로4길 34,서울특별시 송파구 풍납2동 306-14,,,,,02-2147-3326,서울특별시 송파구청,2022-12-13
풍납2동-057,1,서울특별시 송파구 풍성로4길 30,서울특별시 송파구 풍납2동 306-11,,,,,02-2147-3326,서울특별시 송파구청,2022-12-13
풍납2동-058,1,서울특별시 송파구 풍성로4길 28,서울특별시 송파구 풍납2동 306-10,,,,,02-2147-3326,서울특별시 송파구청,2022-12-13
풍납2동-059,1,서울특별시 송파구 풍성로2길 32,서울특별시 송파구 풍납2동 306-26,,,,,02-2147-3326,서울특별시 송파구청,2022-12-13
풍납2동-060,1,서울특별시 송파구 풍성로2길 36,서울특별시 송파구 풍납2동 306-28,,,,,02-2147-3326,서울특별시 송파구청,2022-12-13
풍납2동-061,1,서울특별시 송파구 풍성로2길 32,서울특별시 송파구 풍납2동 306-26,,,,,02-2147-3326,서울특별시 송파구청,2022-12-13
풍납2동-062,1,서울특별시 송파구 풍성로14길 57-15,서울특별시 송파구 풍납2동 306-30,,,,,02-2147-3326,서울특별시 송파구청,2022-12-13
풍납2동-063,1,서울특별시 송파구 풍성로14길 57-11,서울특별시 송파구 풍납2동 306-27,,,,,02-2147-3326,서울특별시 송파구청,2022-12-13
풍납2동-064,1,서울특별시 송파구 풍성로4길 38,서울특별시 송파구 풍납2동 306-78,,,,,02-2147-3326,서울특별시 송파구청,2022-12-13
풍납2동-065,1,서울특별시 송파구 토성로3길 12,서울특별시 송파구 풍납2동 273-7,,,,,02-2147-3326,서울특별시 송파구청,2022-12-13
풍납2동-066,1,서울특별시 송파구 토성로3길 8,서울특별시 송파구 풍납2동 272-15,,,,,02-2147-3326,서울특별시 송파구청,2022-12-13
풍납2동-067,1,서울특별시 송파구 토성로3길 6,서울특별시 송파구 풍납2동 306-2,,,,,02-2147-3326,서울특별시 송파구청,2022-12-13
풍납2동-068,1,서울특별시 송파구 토성로3길 4,서울특별시 송파구 풍납2동 306-69,,,,,02-2147-3326,서울특별시 송파구청,2022-12-13
풍납2동-069,1,서울특별시 송파구 토성로13,서울특별시 송파구 풍납2동 271-3,,,,,02-2147-3326,서울특별시 송파구청,2022-12-13
풍납2동-070,1,서울특별시 송파구 토성로5길 16,서울특별시 송파구 풍납2동 277-13,,,,,02-2147-3326,서울특별시 송파구청,2022-12-13
풍납2동-071,1,서울특별시 송파구 토성로7길 12,서울특별시 송파구 풍납2동 258-15,,,,,02-2147-3326,서울특별시 송파구청,2022-12-13
풍납2동-072,1,서울특별시 송파구 토성로7길 10-1,서울특별시 송파구 풍납2동 259-50,,,,,02-2147-3326,서울특별시 송파구청,2022-12-13
풍납2동-073,1,서울특별시 송파구 토성로7길 6-1,서울특별시 송파구 풍납2동 259-18,,,,,02-2147-3326,서울특별시 송파구청,2022-12-13
풍납2동-074,1,서울특별시 송파구 토성로 27,서울특별시 송파구 풍납2동 257-104,,,,,02-2147-3326,서울특별시 송파구청,2022-12-13
풍납2동-075,1,서울특별시 송파구 토성로 29,서울특별시 송파구 풍납2동 257-88,,,,,02-2147-3326,서울특별시 송파구청,2022-12-13
풍납2동-076,1,서울특별시 송파구 토성로 27-12,서울특별시 송파구 풍납2동 257-86,,,,,02-2147-3326,서울특별시 송파구청,2022-12-13
풍납2동-077,1,서울특별시 송파구 토성로 27-18,서울특별시 송파구 풍납2동 259-9,,,,,02-2147-3326,서울특별시 송파구청,2022-12-13
풍납2동-078,1,서울특별시 송파구 풍성로20길50,서울특별시 송파구 풍납2동 258-8,,,,,02-2147-3326,서울특별시 송파구청,2022-12-13
풍납2동-079,1,서울특별시 송파구 풍성로20길54,서울특별시 송파구 풍납2동 257-106,,,,,02-2147-3326,서울특별시 송파구청,2022-12-13
풍납2동-080,1,서울특별시 송파구 풍성로20길56,서울특별시 송파구 풍납2동 257-108,,,,,02-2147-3326,서울특별시 송파구청,2022-12-13
풍납2동-081,1,서울특별시 송파구 풍성로20길52-1,서울특별시 송파구 풍납2동 257-105,,,,,02-2147-3326,서울특별시 송파구청,2022-12-13
풍납2동-082,1,서울특별시 송파구 풍성로20길52-1,서울특별시 송파구 풍납2동 257-5,,,,,02-2147-3326,서울특별시 송파구청,2022-12-13
풍납2동-083,1,서울특별시 송파구 풍성로20길37,서울특별시 송파구 풍납2동 260,,,,,02-2147-3326,서울특별시 송파구청,2022-12-13
풍납2동-084,1,서울특별시 송파구 풍성로20길44,서울특별시 송파구 풍납2동 251,,,,,02-2147-3326,서울특별시 송파구청,2022-12-13
풍납2동-085,1,서울특별시 송파구 풍성로20길44,서울특별시 송파구 풍납2동 251,,,,,02-2147-3326,서울특별시 송파구청,2022-12-13
풍납2동-086,1,서울특별시 송파구 풍성로20길44,서울특별시 송파구 풍납2동 251,,,,,02-2147-3326,서울특별시 송파구청,2022-12-13
풍납2동-087,1,서울특별시 송파구 풍성로20길44,서울특별시 송파구 풍납2동 251,,,,,02-2147-3326,서울특별시 송파구청,2022-12-13
풍납2동-088,1,서울특별시 송파구 풍성로20길38,서울특별시 송파구 풍납2동 260-1,,,,,02-2147-3326,서울특별시 송파구청,2022-12-13
풍납2동-089,1,서울특별시 송파구 풍성로20길34,서울특별시 송파구 풍납2동 250-9,,,,,02-2147-3326,서울특별시 송파구청,2022-12-13
풍납2동-090,1,서울특별시 송파구 풍성로20길34,서울특별시 송파구 풍납2동 250-9,,,,,02-2147-3326,서울특별시 송파구청,2022-12-13
풍납2동-091,1,서울특별시 송파구 풍성로20길42,서울특별시 송파구 풍납2동 261,,,,,02-2147-3326,서울특별시 송파구청,2022-12-13
풍납2동-092,1,서울특별시 송파구 풍성로20길42,서울특별시 송파구 풍납2동 261,,,,,02-2147-3326,서울특별시 송파구청,2022-12-13
풍납2동-093,1,서울특별시 송파구 풍성로20길42,서울특별시 송파구 풍납2동 261,,,,,02-2147-3326,서울특별시 송파구청,2022-12-13
풍납2동-094,1,서울특별시 송파구 풍성로20길11,서울특별시 송파구 풍납2동 231-31,,,,,02-2147-3326,서울특별시 송파구청,2022-12-13
풍납2동-095,1,서울특별시 송파구 풍성로16길16,서울특별시 송파구 풍납2동 252-14,,,,,02-2147-3326,서울특별시 송파구청,2022-12-13
풍납2동-096,1,서울특별시 송파구 풍성로20길9,서울특별시 송파구 풍납2동 231-47,,,,,02-2147-3326,서울특별시 송파구청,2022-12-13
풍납2동-097,1,서울특별시 송파구 풍성로51길38,서울특별시 송파구 풍납2동 231-51,,,,,02-2147-3326,서울특별시 송파구청,2022-12-13
풍납2동-098,1,서울특별시 송파구 올림픽로51길 30,서울특별시 송파구 풍납2동 163,,,,,02-2147-3326,서울특별시 송파구청,2022-12-13
풍납2동-099,1,서울특별시 송파구 풍성로22길 13,서울특별시 송파구 풍납2동 162-40,,,,,02-2147-3326,서울특별시 송파구청,2022-12-13
풍납2동-100,1,서울특별시 송파구 풍성로24길 4,서울특별시 송파구 풍납2동 159-8,,,,,02-2147-3326,서울특별시 송파구청,2022-12-13
풍납2동-101,1,서울특별시 송파구 풍성로24길,서울특별시 송파구 풍납2동 159,,,,,02-2147-3326,서울특별시 송파구청,2022-12-13
풍납2동-102,1,서울특별시 송파구 풍성로24길,서울특별시 송파구 풍납2동 159-14,,,,,02-2147-3326,서울특별시 송파구청,2022-12-13
풍납2동-103,1,서울특별시 송파구 풍성로24길,서울특별시 송파구 풍납2동 159-15,,,,,02-2147-3326,서울특별시 송파구청,2022-12-13
풍납2동-104,1,서울특별시 송파구 풍성로24길,서울특별시 송파구 풍납2동 159-15,,,,,02-2147-3326,서울특별시 송파구청,2022-12-13
풍납2동-105,1,서울특별시 송파구 풍성로22길18-6,서울특별시 송파구 풍납2동 232-6,,,,,02-2147-3326,서울특별시 송파구청,2022-12-13
풍납2동-106,1,서울특별시 송파구 풍성로22길 23,서울특별시 송파구 풍납2동 233-5,,,,,02-2147-3326,서울특별시 송파구청,2022-12-13
풍납2동-107,1,서울특별시 송파구 풍성로20길 42,서울특별시 송파구 풍납2동 261,,,,,02-2147-3326,서울특별시 송파구청,2022-12-13
풍납2동-108,1,서울특별시 송파구 풍성로24길 38,서울특별시 송파구 풍납2동 233-27,,,,,02-2147-3326,서울특별시 송파구청,2022-12-13
풍납2동-109,1,서울특별시 송파구 풍성로24길42,서울특별시 송파구 풍납2동 261,,,,,02-2147-3326,서울특별시 송파구청,2022-12-13
풍납2동-110,1,서울특별시 송파구 풍성로22길 35,서울특별시 송파구 풍납2동 260,,,,,02-2147-3326,서울특별시 송파구청,2022-12-13
풍납2동-111,1,서울특별시 송파구 풍성로22길 37,서울특별시 송파구 풍납2동 244-2,,,,,02-2147-3326,서울특별시 송파구청,2022-12-13
풍납2동-112,1,서울특별시 송파구 풍성로22길37,서울특별시 송파구 풍납2동 238,,,,,02-2147-3326,서울특별시 송파구청,2022-12-13
풍납2동-113,1,서울특별시 송파구 풍성로22길48,서울특별시 송파구 풍납2동 244-29,,,,,02-2147-3326,서울특별시 송파구청,2022-12-13
풍납2동-114,1,서울특별시 송파구 풍성로22길,서울특별시 송파구 풍납2동 238,,,,,02-2147-3326,서울특별시 송파구청,2022-12-13
풍납2동-115,1,서울특별시 송파구 토성로37,서울특별시 송파구 풍납2동 238,,,,,02-2147-3326,서울특별시 송파구청,2022-12-13
풍납2동-116,1,서울특별시 송파구 풍성로22길,서울특별시 송파구 풍납2동 238,,,,,02-2147-3326,서울특별시 송파구청,2022-12-13
풍납2동-117,1,서울특별시 송파구 풍성로24길,서울특별시 송파구 풍납2동 244-7,,,,,02-2147-3326,서울특별시 송파구청,2022-12-13
풍납2동-118,1,서울특별시 송파구 풍성로22길,서울특별시 송파구 풍납2동 244-7,,,,,02-2147-3326,서울특별시 송파구청,2022-12-13
풍납2동-119,1,서울특별시 송파구 풍성로24길,서울특별시 송파구 풍납2동 244-7,,,,,02-2147-3326,서울특별시 송파구청,2022-12-13
풍납2동-120,1,서울특별시 송파구 풍성로24길,서울특별시 송파구 풍납2동 244-7,,,,,02-2147-3326,서울특별시 송파구청,2022-12-13
풍납2동-121,1,서울특별시 송파구 풍성로6가길 10-7,서울특별시 송파구 풍납2동 227-33,,,,,02-2147-3326,서울특별시 송파구청,2022-12-13
풍납2동-122,1,서울특별시 송파구 풍성로24길,서울특별시 송파구 풍납2동 244-7,,,,,02-2147-3326,서울특별시 송파구청,2022-12-13
풍납2동-123,1,서울특별시 송파구 풍성로24길,서울특별시 송파구 풍납2동 244-7,,,,,02-2147-3326,서울특별시 송파구청,2022-12-13
풍납2동-124,1,서울특별시 송파구 올림픽로51길,서울특별시 송파구 풍납2동 156-22,,,,,02-2147-3326,서울특별시 송파구청,2022-12-13
풍납2동-125,1,서울특별시 송파구 올림픽로51길,서울특별시 송파구 풍납2동 156-22,,,,,02-2147-3326,서울특별시 송파구청,2022-12-13
풍납2동-126,1,서울특별시 송파구 올림픽로51길,서울특별시 송파구 풍납2동 156-22,,,,,02-2147-3326,서울특별시 송파구청,2022-12-13
풍납2동-127,1,서울특별시 송파구 풍성로26길 18,서울특별시 송파구 풍납2동 157-8,,,,,02-2147-3326,서울특별시 송파구청,2022-12-13
풍납2동-128,1,서울특별시 송파구 풍성로26길 16,서울특별시 송파구 풍납2동 157-7,,,,,02-2147-3326,서울특별시 송파구청,2022-12-13
풍납2동-129,1,서울특별시 송파구 올림픽로 565,서울특별시 송파구 풍납2동 501,,,,,02-2147-3326,서울특별시 송파구청,2022-12-13
풍납2동-130,1,서울특별시 송파구 풍성로26길 16,서울특별시 송파구 풍납2동 157-7,,,,,02-2147-3326,서울특별시 송파구청,2022-12-13
풍납2동-131,1,서울특별시 송파구 올림픽로 565,서울특별시 송파구 풍납2동 501,,,,,02-2147-3326,서울특별시 송파구청,2022-12-13
풍납2동-132,1,서울특별시 송파구 풍성로24길,서울특별시 송파구 풍납2동,,,,,02-2147-3326,서울특별시 송파구청,2022-12-13
풍납2동-133,1,서울특별시 송파구 올림픽로 565,서울특별시 송파구 풍납2동 501,,,,,02-2147-3326,서울특별시 송파구청,2022-12-13
풍납2동-134,1,서울특별시 송파구 올림픽로 565,서울특별시 송파구 풍납2동 501,,,,,02-2147-3326,서울특별시 송파구청,2022-12-13
풍납2동-135,1,서울특별시 송파구 올림픽로 565,서울특별시 송파구 풍납2동 501,,,,,02-2147-3326,서울특별시 송파구청,2022-12-13
풍납2동-136,1,서울특별시 송파구 올림픽로 565,서울특별시 송파구 풍납2동 501,,,,,02-2147-3326,서울특별시 송파구청,2022-12-13
풍납2동-137,1,서울특별시 송파구 올림픽로51길9,서울특별시 송파구 풍납2동 503-12,,,,,02-2147-3326,서울특별시 송파구청,2022-12-13
풍납2동-138,1,서울특별시 송파구 올림픽로 537-24,서울특별시 송파구 풍납2동 504-15,,,,,02-2147-3326,서울특별시 송파구청,2022-12-13
풍납2동-139,1,서울특별시 송파구 올림픽로 537-24,서울특별시 송파구 풍납2동 504-15,,,,,02-2147-3326,서울특별시 송파구청,2022-12-13
풍납2동-140,1,서울특별시 송파구 올림픽로 71,서울특별시 송파구 풍납2동 413-1,,,,,02-2147-3326,서울특별시 송파구청,2022-12-13
풍납2동-141,1,서울특별시 송파구 올림픽로 49길6,서울특별시 송파구 풍납2동 505-6,,,,,02-2147-3326,서울특별시 송파구청,2022-12-13
풍납2동-142,1,서울특별시 송파구 올림픽로49길 8,서울특별시 송파구 풍납2동 505-8,,,,,02-2147-3326,서울특별시 송파구청,2022-12-13
풍납2동-143,1,서울특별시 송파구 올림픽로49길 10,서울특별시 송파구 풍납2동 505-9,,,,,02-2147-3326,서울특별시 송파구청,2022-12-13
풍납2동-144,1,서울특별시 송파구 토성로19길 33,서울특별시 송파구 풍납2동 503-4,,,,,02-2147-3326,서울특별시 송파구청,2022-12-13
풍납2동-145,1,서울특별시 송파구 풍성로26길 31,서울특별시 송파구 풍납2동 511,,,,,02-2147-3326,서울특별시 송파구청,2022-12-13
풍납2동-146,1,서울특별시 송파구 올림픽로49길 20,서울특별시 송파구 풍납2동 503-7,,,,,02-2147-3326,서울특별시 송파구청,2022-12-13
풍납2동-147,1,서울특별시 송파구 올림픽로51길 15,서울특별시 송파구 풍납2동 503-9,,,,,02-2147-3326,서울특별시 송파구청,2022-12-13
풍납2동-148,1,서울특별시 송파구 올림픽로 565,서울특별시 송파구 풍납2동 501,,,,,02-2147-3326,서울특별시 송파구청,2022-12-13
풍납2동-149,1,서울특별시 송파구 올림픽로 565,서울특별시 송파구 풍납2동 501,,,,,02-2147-3326,서울특별시 송파구청,2022-12-13
풍납2동-150,1,서울특별시 송파구 올림픽로 565,서울특별시 송파구 풍납2동 501,,,,,02-2147-3326,서울특별시 송파구청,2022-12-13
풍납2동-151,1,서울특별시 송파구 올림픽로 565,서울특별시 송파구 풍납2동 501,,,,,02-2147-3326,서울특별시 송파구청,2022-12-13
풍납2동-152,1,서울특별시 송파구 올림픽로45길20,서울특별시 송파구 풍납2동 391,,,,,02-2147-3326,서울특별시 송파구청,2022-12-13
풍납2동-153,1,서울특별시 송파구 토성로15길15-6,서울특별시 송파구 풍납2동 411-5,,,,,02-2147-3326,서울특별시 송파구청,2022-12-13
풍납2동-154,1,서울특별시 송파구 토성로15길 3-11,서울특별시 송파구 풍납2동 405-4,,,,,02-2147-3326,서울특별시 송파구청,2022-12-13
풍납2동-155,1,서울특별시 송파구 토성로15길 3-9,서울특별시 송파구 풍납2동 405-5,,,,,02-2147-3326,서울특별시 송파구청,2022-12-13
풍납2동-156,1,서울특별시 송파구 토성로15길 3-3,서울특별시 송파구 풍납2동 405-2,,,,,02-2147-3326,서울특별시 송파구청,2022-12-13
풍납2동-157,1,서울특별시 송파구 토성로19길 3-13,서울특별시 송파구 풍납2동 406,,,,,02-2147-3326,서울특별시 송파구청,2022-12-13
풍납2동-158,1,서울특별시 송파구 토성로15길 6,서울특별시 송파구 풍납2동 408-18,,,,,02-2147-3326,서울특별시 송파구청,2022-12-13
풍납2동-159,1,서울특별시 송파구 토성로15길 10-5,서울특별시 송파구 풍납2동 408-23,,,,,02-2147-3326,서울특별시 송파구청,2022-12-13
풍납2동-160,1,서울특별시 송파구 토성로15길 12-1,서울특별시 송파구 풍납2동 408-20,,,,,02-2147-3326,서울특별시 송파구청,2022-12-13
풍납2동-161,1,서울특별시 송파구 올림픽로51길35-5,서울특별시 송파구 풍납2동 231-25,,,,,02-2147-3326,서울특별시 송파구청,2022-12-13
풍납2동-162,1,서울특별시 송파구 토성로17길 14,서울특별시 송파구 풍납2동 407,,,,,02-2147-3326,서울특별시 송파구청,2022-12-13
풍납2동-163,1,서울특별시 송파구 토성로17길10,서울특별시 송파구 풍납2동 407-1,,,,,02-2147-3326,서울특별시 송파구청,2022-12-13
풍납2동-164,1,서울특별시 송파구 토성로17길 2,서울특별시 송파구 풍납2동 407-6,,,,,02-2147-3326,서울특별시 송파구청,2022-12-13
풍납2동-165,1,서울특별시 송파구 토성로17길1,서울특별시 송파구 풍납2동 408-19,,,,,02-2147-3326,서울특별시 송파구청,2022-12-13
풍납2동-166,1,서울특별시 송파구 토성로19길 71,서울특별시 송파구 풍납2동 413-1,,,,,02-2147-3326,서울특별시 송파구청,2022-12-13
풍납2동-167,1,서울특별시 송파구 토성로19길21,서울특별시 송파구 풍납2동 413-1,,,,,02-2147-3326,서울특별시 송파구청,2022-12-13
풍납2동-168,1,서울특별시 송파구 토성로14,서울특별시 송파구 풍납2동 306-35,,,,,02-2147-3326,서울특별시 송파구청,2022-12-13
풍납2동-169,1,서울특별시 송파구 토성로 14,서울특별시 송파구 풍납2동 306-3,,,,,02-2147-3326,서울특별시 송파구청,2022-12-13
풍납2동-170,1,서울특별시 송파구 토성로4길,서울특별시 송파구 풍납2동 307-10,,,,,02-2147-3326,서울특별시 송파구청,2022-12-13
풍납2동-171,1,서울특별시 송파구 토성로4길,서울특별시 송파구 풍납2동 307-10,,,,,02-2147-3326,서울특별시 송파구청,2022-12-13
풍납2동-172,1,서울특별시 송파구 토성로4길,서울특별시 송파구 풍납2동 313-1,,,,,02-2147-3326,서울특별시 송파구청,2022-12-13
풍납2동-173,1,서울특별시 송파구 토성로4길,서울특별시 송파구 풍납2동 313-1,,,,,02-2147-3326,서울특별시 송파구청,2022-12-13
풍납2동-174,1,서울특별시 송파구 토성로4길,서울특별시 송파구 풍납2동 313-1,,,,,02-2147-3326,서울특별시 송파구청,2022-12-13
풍납2동-175,1,서울특별시 송파구 토성로4길,서울특별시 송파구 풍납2동 313-1,,,,,02-2147-3326,서울특별시 송파구청,2022-12-13
풍납2동-176,1,서울특별시 송파구 풍성로12,서울특별시 송파구 풍납2동 203-22,,,,,02-2147-3326,서울특별시 송파구청,2022-12-13
풍납2동-177,1,서울특별시 송파구 토성로4길,서울특별시 송파구 풍납2동 508,,,,,02-2147-3326,서울특별시 송파구청,2022-12-13
풍납2동-178,1,서울특별시 송파구 토성로4길,서울특별시 송파구 풍납2동 508,,,,,02-2147-3326,서울특별시 송파구청,2022-12-13
풍납2동-179,1,서울특별시 송파구 토성로6길 8,서울특별시 송파구 풍납2동 269-10,,,,,02-2147-3326,서울특별시 송파구청,2022-12-13
풍납2동-180,1,서울특별시 송파구 강동대로3길20,서울특별시 송파구 풍납2동 403-13,,,,,02-2147-3326,서울특별시 송파구청,2022-12-13
풍납2동-181,1,서울특별시 송파구 강동대로3길22,서울특별시 송파구 풍납2동 397,,,,,02-2147-3326,서울특별시 송파구청,2022-12-13
풍납2동-182,1,서울특별시 송파구 강동대로,서울특별시 송파구 풍납2동 326-4,,,,,02-2147-3326,서울특별시 송파구청,2022-12-13
풍납2동-183,1,서울특별시 송파구 강동대로,서울특별시 송파구 풍납2동 326-4,,,,,02-2147-3326,서울특별시 송파구청,2022-12-13
풍납2동-184,1,서울특별시 송파구 강동대로,서울특별시 송파구 풍납2동 326-4,,,,,02-2147-3326,서울특별시 송파구청,2022-12-13
풍납2동-185,1,서울특별시 송파구 강동대로,서울특별시 송파구 풍납2동 326-4,,,,,02-2147-3326,서울특별시 송파구청,2022-12-13
풍납2동-186,1,서울특별시 송파구 강동대로3길 14-1,서울특별시 송파구 풍납2동 326-4,,,,,02-2147-3326,서울특별시 송파구청,2022-12-13
풍납2동-187,1,서울특별시 송파구 강동대로3길 8,서울특별시 송파구 풍납2동 395-17,,,,,02-2147-3326,서울특별시 송파구청,2022-12-13
풍납2동-188,1,서울특별시 송파구 강동대로3길 6-1,서울특별시 송파구 풍납2동 395-18,,,,,02-2147-3326,서울특별시 송파구청,2022-12-13
풍납2동-189,1,서울특별시 송파구 강동대로5길 13,서울특별시 송파구 풍납2동 397-8,,,,,02-2147-3326,서울특별시 송파구청,2022-12-13
풍납2동-190,1,서울특별시 송파구 강동대로5길 20,서울특별시 송파구 풍납2동 398-1,,,,,02-2147-3326,서울특별시 송파구청,2022-12-13
풍납2동-191,1,서울특별시 송파구 토성로 58,서울특별시 송파구 풍납2동 403-2,,,,,02-2147-3326,서울특별시 송파구청,2022-12-13
풍납2동-192,1,서울특별시 송파구 올림픽로47길 24,서울특별시 송파구 풍납2동 403-7,,,,,02-2147-3326,서울특별시 송파구청,2022-12-13
풍납2동-193,1,서울특별시 송파구 올림픽로47길 19,서울특별시 송파구 풍납2동 399,,,,,02-2147-3326,서울특별시 송파구청,2022-12-13
풍납2동-194,1,서울특별시 송파구 강동대로7길 17,서울특별시 송파구 풍납2동 398-6,,,,,02-2147-3326,서울특별시 송파구청,2022-12-13
풍납2동-195,1,서울특별시 송파구 강동대로7길 15,서울특별시 송파구 풍납2동 398-8,,,,,02-2147-3326,서울특별시 송파구청,2022-12-13
풍납2동-196,1,서울특별시 송파구 올림픽로47길 26,서울특별시 송파구 풍납2동 398-16,,,,,02-2147-3326,서울특별시 송파구청,2022-12-13
풍납2동-197,1,서울특별시 송파구 올림픽로47길 26,서울특별시 송파구 풍납2동 398-16,,,,,02-2147-3326,서울특별시 송파구청,2022-12-13
풍납2동-198,1,서울특별시 송파구 강동대로7길 11,서울특별시 송파구 풍납2동 391,,,,,02-2147-3326,서울특별시 송파구청,2022-12-13
풍납2동-199,1,서울특별시 송파구 올림픽로45길20,서울특별시 송파구 풍납2동 391,,,,,02-2147-3326,서울특별시 송파구청,2022-12-13
풍납2동-200,1,서울특별시 송파구 강동대로9길13-1,서울특별시 송파구 풍납2동 399-14,,,,,02-2147-3326,서울특별시 송파구청,2022-12-13
풍납2동-201,1,서울특별시 송파구 강동대로9길 17-1,서울특별시 송파구 풍납2동 399-11,,,,,02-2147-3326,서울특별시 송파구청,2022-12-13
풍납2동-202,1,서울특별시 송파구 올림픽로47길 20,서울특별시 송파구 풍납2동 403-10,,,,,02-2147-3326,서울특별시 송파구청,2022-12-13
풍납2동-203,1,서울특별시 송파구 토성로 64,서울특별시 송파구 풍납2동 403-11,,,,,02-2147-3326,서울특별시 송파구청,2022-12-13
풍납2동-204,1,서울특별시 송파구 올림픽로47길 11,서울특별시 송파구 풍납2동 400-1,,,,,02-2147-3326,서울특별시 송파구청,2022-12-13
풍납2동-205,1,서울특별시 송파구 올림픽로45길 11,서울특별시 송파구 풍납2동 391,,,,,02-2147-3326,서울특별시 송파구청,2022-12-13
풍납2동-206,1,서울특별시 송파구 올림픽로45길 9,서울특별시 송파구 풍납2동 401-1,,,,,02-2147-3326,서울특별시 송파구청,2022-12-13
풍납2동-207,1,서울특별시 송파구 올림픽로45길 9,서울특별시 송파구 풍납2동 401-1,,,,,02-2147-3326,서울특별시 송파구청,2022-12-13
풍납2동-208,1,서울특별시 송파구 올림픽로45길 9,서울특별시 송파구 풍납2동 240,,,,,02-2147-3326,서울특별시 송파구청,2022-12-13
풍납2동-209,1,서울특별시 송파구 강동대로61-7,서울특별시 송파구 풍납2동 395-8,,,,,02-2147-3326,서울특별시 송파구청,2022-12-13
풍납2동-210,1,서울특별시 송파구 올림픽로45길11,서울특별시 송파구 풍납2동 391,,,,,02-2147-3326,서울특별시 송파구청,2022-12-13
풍납2동-211,1,서울특별시 송파구 토성로52,서울특별시 송파구 풍납2동 3912,,,,,02-2147-3326,서울특별시 송파구청,2022-12-13
풍납2동-212,1,서울특별시 송파구 토성로52,서울특별시 송파구 풍납2동 403,,,,,02-2147-3326,서울특별시 송파구청,2022-12-13
풍납2동-213,1,서울특별시 송파구 토성로,서울특별시 송파구 풍납2동 408-18,,,,,02-2147-3326,서울특별시 송파구청,2022-12-13
풍납2동-214,1,서울특별시 송파구 토성로,서울특별시 송파구 풍납2동 504,,,,,02-2147-3326,서울특별시 송파구청,2022-12-13
풍납2동-215,1,서울특별시 송파구 토성로,서울특별시 송파구 풍납2동 505-6,,,,,02-2147-3326,서울특별시 송파구청,2022-12-13
풍납2동-216,1,서울특별시 송파구 토성로18-8,서울특별시 송파구 풍납2동 268-1,,,,,02-2147-3326,서울특별시 송파구청,2022-12-13
풍납2동-217,1,서울특별시 송파구 토성로,서울특별시 송파구 풍납2동,,,,,02-2147-3326,서울특별시 송파구청,2022-12-13
풍납2동-218,1,서울특별시 송파구 토성로,서울특별시 송파구 풍납2동,,,,,02-2147-3326,서울특별시 송파구청,2022-12-13
풍납2동-219,1,서울특별시 송파구 토성로,서울특별시 송파구 풍납2동 412,,,,,02-2147-3326,서울특별시 송파구청,2022-12-13
풍납2동-220,1,서울특별시 송파구 토성로19길17-10,서울특별시 송파구 풍납2동 291-14,,,,,02-2147-3326,서울특별시 송파구청,2022-12-13
풍납2동-221,1,서울특별시 송파구 한가람로10길 7-5,서울특별시 송파구 풍납2동 227-4,,,,,02-2147-3326,서울특별시 송파구청,2022-12-13
풍납2동-222,1,서울특별시 송파구 한가람로,서울특별시 송파구 풍납2동 240,,,,,02-2147-3326,서울특별시 송파구청,2022-12-13
풍납2동-223,1,서울특별시 송파구 토성로14,서울특별시 송파구 풍납2동 422,,,,,02-2147-3326,서울특별시 송파구청,2022-12-13
풍납2동-224,1,서울특별시 송파구 토성로14,서울특별시 송파구 풍납2동 423,,,,,02-2147-3326,서울특별시 송파구청,2022-12-13
풍납2동-225,1,서울특별시 송파구 풍성로10길6,서울특별시 송파구 풍납2동 222-121,,,,,02-2147-3326,서울특별시 송파구청,2022-12-13
풍납2동-226,1,서울특별시 송파구 토성로38-6,서울특별시 송파구 풍납2동 508,,,,,02-2147-3326,서울특별시 송파구청,2022-12-13
풍납2동-227,1,서울특별시 송파구 올림픽로51길35-5,서울특별시 송파구 풍납2동 231-25,,,,,02-2147-3326,서울특별시 송파구청,2022-12-13
풍납2동-228,1,서울특별시 송파구 올림픽로51길35-5,서울특별시 송파구 풍납2동 231-25,,,,,02-2147-3326,서울특별시 송파구청,2022-12-13
풍납2동-229,1,서울특별시 송파구 토성로38-6,서울특별시 송파구 풍납2동 508,,,,,02-2147-3326,서울특별시 송파구청,2022-12-13
풍납2동-230,1,서울특별시 송파구 토성로38-6,서울특별시 송파구 풍납2동 508,,,,,02-2147-3326,서울특별시 송파구청,2022-12-13
풍납2동-231,1,서울특별시 송파구 올림픽로47길11,서울특별시 송파구 풍납2동 400-1,,,,,02-2147-3326,서울특별시 송파구청,2022-12-13
풍납2동-232,1,서울특별시 송파구 풍성로26길31,서울특별시 송파구 풍납2동 511,,,,,02-2147-3326,서울특별시 송파구청,2022-12-13
풍납2동-233,1,서울특별시 송파구 풍성로66,서울특별시 송파구 풍납2동 156-13,,,,,02-2147-3326,서울특별시 송파구청,2022-12-13
풍납2동-234,1,서울특별시 송파구 풍성로67,서울특별시 송파구 풍납2동 455,,,,,02-2147-3326,서울특별시 송파구청,2022-12-13
풍납2동-235,1,서울특별시 송파구 풍성로14길1,서울특별시 송파구 풍납2동 229-15,,,,,02-2147-3326,서울특별시 송파구청,2022-12-13
풍납2동-236,1,서울특별시 송파구 풍성로20길6,서울특별시 송파구 풍납2동 231-62,,,,,02-2147-3326,서울특별시 송파구청,2022-12-13
풍납2동-237,1,서울특별시 송파구 토성로6길10-6,서울특별시 송파구 풍납2동 268-24,,,,,02-2147-3326,서울특별시 송파구청,2022-12-13
풍납2동-238,1,서울특별시 송파구 올림픽로51길48,서울특별시 송파구 풍납2동 222-135,,,,,02-2147-3326,서울특별시 송파구청,2022-12-13
풍납2동-239,1,서울특별시 송파구 풍성로 42,서울특별시 송파구 풍납2동 229-14,,,,,02-2147-3326,서울특별시 송파구청,2022-12-13
풍납2동-240,1,서울특별시 송파구 올림픽로 545,서울특별시 송파구 풍납2동 504-2,,,,,02-2147-3326,서울특별시 송파구청,2022-12-13
풍납2동-241,1,서울특별시 송파구 풍성로26길 56,서울특별시 송파구 풍납2동 404-2,,,,,02-2147-3326,서울특별시 송파구청,2022-12-13
풍납2동-242,1,서울특별시 송파구 올림픽로47길19,서울특별시 송파구 풍납2동 399,,,,,02-2147-3326,서울특별시 송파구청,2022-12-13
풍납2동-243,1,서울특별시 송파구 풍성로26길56,서울특별시 송파구 풍납2동 404-2,,,,,02-2147-3326,서울특별시 송파구청,2022-12-13
풍납토성산책로-1,1,서울특별시 송파구 한가람로,서울특별시 송파구 풍납동,,,,,02-2147-3326,서울특별시 송파구청,2022-12-13
풍납토성산책로-2,1,서울특별시 송파구 한가람로,서울특별시 송파구 풍납동,,,,,02-2147-3326,서울특별시 송파구청,2022-12-13
풍납토성산책로-3,1,서울특별시 송파구 한가람로,서울특별시 송파구 풍납동,,,,,02-2147-3326,서울특별시 송파구청,2022-12-13
풍납토성산책로-4,1,서울특별시 송파구 한가람로,서울특별시 송파구 풍납동,,,,,02-2147-3326,서울특별시 송파구청,2022-12-13
풍납토성산책로-5,1,서울특별시 송파구 한가람로,서울특별시 송파구 풍납동,,,,,02-2147-3326,서울특별시 송파구청,2022-12-13
풍납토성산책로-6,1,서울특별시 송파구 한가람로,서울특별시 송파구 풍납동,,,,,02-2147-3326,서울특별시 송파구청,2022-12-13
풍납토성산책로-7,1,서울특별시 송파구 한가람로,서울특별시 송파구 풍납동,,,,,02-2147-3326,서울특별시 송파구청,2022-12-13
풍납토성산책로-8,1,서울특별시 송파구 한가람로,서울특별시 송파구 풍납동,,,,,02-2147-3326,서울특별시 송파구청,2022-12-13
풍납토성산책로-9,1,서울특별시 송파구 한가람로,서울특별시 송파구 풍납동,,,,,02-2147-3326,서울특별시 송파구청,2022-12-13
풍납토성산책로-10,1,서울특별시 송파구 한가람로,서울특별시 송파구 풍납동,,,,,02-2147-3326,서울특별시 송파구청,2022-12-13
풍납토성산책로-11,1,서울특별시 송파구 한가람로,서울특별시 송파구 풍납동,,,,,02-2147-3326,서울특별시 송파구청,2022-12-13
풍납토성산책로-12,1,서울특별시 송파구 한가람로,서울특별시 송파구 풍납동,,,,,02-2147-3326,서울특별시 송파구청,2022-12-13
풍납토성산책로-13,1,서울특별시 송파구 한가람로,서울특별시 송파구 풍납동,,,,,02-2147-3326,서울특별시 송파구청,2022-12-13
풍납토성산책로-14,1,서울특별시 송파구 한가람로,서울특별시 송파구 풍납동,,,,,02-2147-3326,서울특별시 송파구청,2022-12-13
풍납토성산책로-15,1,서울특별시 송파구 한가람로,서울특별시 송파구 풍납동,,,,,02-2147-3326,서울특별시 송파구청,2022-12-13
풍납토성산책로-16,1,서울특별시 송파구 한가람로,서울특별시 송파구 풍납동,,,,,02-2147-3326,서울특별시 송파구청,2022-12-13
풍납토성산책로-17,1,서울특별시 송파구 한가람로,서울특별시 송파구 풍납동,,,,,02-2147-3326,서울특별시 송파구청,2022-12-13
풍납토성산책로-18,1,서울특별시 송파구 한가람로,서울특별시 송파구 풍납동,,,,,02-2147-3326,서울특별시 송파구청,2022-12-13
풍납토성산책로-19,1,서울특별시 송파구 한가람로,서울특별시 송파구 풍납동,,,,,02-2147-3326,서울특별시 송파구청,2022-12-13
풍납토성산책로-20,1,서울특별시 송파구 한가람로,서울특별시 송파구 풍납동,,,,,02-2147-3326,서울특별시 송파구청,2022-12-13
풍납토성산책로-21,1,서울특별시 송파구 한가람로,서울특별시 송파구 풍납동,,,,,02-2147-3326,서울특별시 송파구청,2022-12-13
풍납토성산책로-22,1,서울특별시 송파구 한가람로,서울특별시 송파구 풍납동,,,,,02-2147-3326,서울특별시 송파구청,2022-12-13
풍납토성산책로-23,1,서울특별시 송파구 한가람로,서울특별시 송파구 풍납동,,,,,02-2147-3326,서울특별시 송파구청,2022-12-13
풍납토성산책로-24,1,서울특별시 송파구 한가람로,서울특별시 송파구 풍납동,,,,,02-2147-3326,서울특별시 송파구청,2022-12-13
풍납토성산책로-25,1,서울특별시 송파구 한가람로,서울특별시 송파구 풍납동,,,,,02-2147-3326,서울특별시 송파구청,2022-12-13
풍납토성산책로-26,1,서울특별시 송파구 한가람로,서울특별시 송파구 풍납동,,,,,02-2147-3326,서울특별시 송파구청,2022-12-13
풍납토성산책로-27,1,서울특별시 송파구 한가람로,서울특별시 송파구 풍납동,,,,,02-2147-3326,서울특별시 송파구청,2022-12-13
풍납토성산책로-28,1,서울특별시 송파구 한가람로,서울특별시 송파구 풍납동,,,,,02-2147-3326,서울특별시 송파구청,2022-12-13
풍납토성산책로-29,1,서울특별시 송파구 한가람로,서울특별시 송파구 풍납동,,,,,02-2147-3326,서울특별시 송파구청,2022-12-13
풍납토성산책로-30,1,서울특별시 송파구 한가람로,서울특별시 송파구 풍납동,,,,,02-2147-3326,서울특별시 송파구청,2022-12-13
풍납토성산책로-31,1,서울특별시 송파구 한가람로,서울특별시 송파구 풍납동,,,,,02-2147-3326,서울특별시 송파구청,2022-12-13
풍납토성산책로-32,1,서울특별시 송파구 한가람로,서울특별시 송파구 풍납동,,,,,02-2147-3326,서울특별시 송파구청,2022-12-13
풍납토성산책로-33,1,서울특별시 송파구 한가람로,서울특별시 송파구 풍납동,,,,,02-2147-3326,서울특별시 송파구청,2022-12-13
풍납토성산책로-34,1,서울특별시 송파구 한가람로,서울특별시 송파구 풍납동,,,,,02-2147-3326,서울특별시 송파구청,2022-12-13
풍납토성산책로-35,1,서울특별시 송파구 한가람로,서울특별시 송파구 풍납동,,,,,02-2147-3326,서울특별시 송파구청,2022-12-13
풍납토성산책로-36,1,서울특별시 송파구 한가람로,서울특별시 송파구 풍납동,,,,,02-2147-3326,서울특별시 송파구청,2022-12-13
풍납토성산책로-37,1,서울특별시 송파구 한가람로,서울특별시 송파구 풍납동,,,,,02-2147-3326,서울특별시 송파구청,2022-12-13
풍납토성산책로-38,1,서울특별시 송파구 한가람로,서울특별시 송파구 풍납동,,,,,02-2147-3326,서울특별시 송파구청,2022-12-13
풍납토성산책로-39,1,서울특별시 송파구 한가람로,서울특별시 송파구 풍납동,,,,,02-2147-3326,서울특별시 송파구청,2022-12-13
풍납토성산책로-40,1,서울특별시 송파구 한가람로,서울특별시 송파구 풍납동,,,,,02-2147-3326,서울특별시 송파구청,2022-12-13
풍납토성산책로-41,1,서울특별시 송파구 한가람로,서울특별시 송파구 풍납동,,,,,02-2147-3326,서울특별시 송파구청,2022-12-13
풍납토성산책로-42,1,서울특별시 송파구 한가람로,서울특별시 송파구 풍납동,,,,,02-2147-3326,서울특별시 송파구청,2022-12-13
풍납토성산책로-43,1,서울특별시 송파구 한가람로,서울특별시 송파구 풍납동,,,,,02-2147-3326,서울특별시 송파구청,2022-12-13
풍납토성산책로-44,1,서울특별시 송파구 한가람로,서울특별시 송파구 풍납동,,,,,02-2147-3326,서울특별시 송파구청,2022-12-13
풍납토성산책로-45,1,서울특별시 송파구 한가람로,서울특별시 송파구 풍납동,,,,,02-2147-3326,서울특별시 송파구청,2022-12-13
풍납토성산책로-46,1,서울특별시 송파구 한가람로,서울특별시 송파구 풍납동,,,,,02-2147-3326,서울특별시 송파구청,2022-12-13
풍납토성산책로-47,1,서울특별시 송파구 한가람로,서울특별시 송파구 풍납동,,,,,02-2147-3326,서울특별시 송파구청,2022-12-13
풍납토성산책로-48,1,서울특별시 송파구 한가람로,서울특별시 송파구 풍납동,,,,,02-2147-3326,서울특별시 송파구청,2022-12-13
풍납토성산책로-49,1,서울특별시 송파구 한가람로,서울특별시 송파구 풍납동,,,,,02-2147-3326,서울특별시 송파구청,2022-12-13
풍납토성산책로-50,1,서울특별시 송파구 한가람로,서울특별시 송파구 풍납동,,,,,02-2147-3326,서울특별시 송파구청,2022-12-13
풍납토성산책로-51,1,서울특별시 송파구 한가람로,서울특별시 송파구 풍납동,,,,,02-2147-3326,서울특별시 송파구청,2022-12-13
풍납토성산책로-52,1,서울특별시 송파구 한가람로,서울특별시 송파구 풍납동,,,,,02-2147-3326,서울특별시 송파구청,2022-12-13
풍납토성산책로-53,1,서울특별시 송파구 한가람로,서울특별시 송파구 풍납동,,,,,02-2147-3326,서울특별시 송파구청,2022-12-13
풍납토성산책로-54,1,서울특별시 송파구 한가람로,서울특별시 송파구 풍납동,,,,,02-2147-3326,서울특별시 송파구청,2022-12-13
풍납토성산책로-55,1,서울특별시 송파구 한가람로,서울특별시 송파구 풍납동,,,,,02-2147-3326,서울특별시 송파구청,2022-12-13
풍납토성산책로-56,1,서울특별시 송파구 한가람로,서울특별시 송파구 풍납동,,,,,02-2147-3326,서울특별시 송파구청,2022-12-13
풍납토성산책로-57,1,서울특별시 송파구 한가람로,서울특별시 송파구 풍납동,,,,,02-2147-3326,서울특별시 송파구청,2022-12-13
풍납토성산책로-58,1,서울특별시 송파구 한가람로,서울특별시 송파구 풍납동,,,,,02-2147-3326,서울특별시 송파구청,2022-12-13
풍납토성산책로-59,1,서울특별시 송파구 한가람로,서울특별시 송파구 풍납동,,,,,02-2147-3326,서울특별시 송파구청,2022-12-13
풍납토성산책로-60,1,서울특별시 송파구 한가람로,서울특별시 송파구 풍납동,,,,,02-2147-3326,서울특별시 송파구청,2022-12-13
풍납토성산책로-61,1,서울특별시 송파구 한가람로,서울특별시 송파구 풍납동,,,,,02-2147-3326,서울특별시 송파구청,2022-12-13
풍납토성산책로-62,1,서울특별시 송파구 한가람로,서울특별시 송파구 풍납동,,,,,02-2147-3326,서울특별시 송파구청,2022-12-13
풍납토성산책로-63,1,서울특별시 송파구 한가람로,서울특별시 송파구 풍납동,,,,,02-2147-3326,서울특별시 송파구청,2022-12-13
풍납토성산책로-64,1,서울특별시 송파구 한가람로,서울특별시 송파구 풍납동,,,,,02-2147-3326,서울특별시 송파구청,2022-12-13
풍납토성산책로-65,1,서울특별시 송파구 한가람로,서울특별시 송파구 풍납동,,,,,02-2147-3326,서울특별시 송파구청,2022-12-13
풍납토성산책로-66,1,서울특별시 송파구 한가람로,서울특별시 송파구 풍납동,,,,,02-2147-3326,서울특별시 송파구청,2022-12-13
풍납토성산책로-67,1,서울특별시 송파구 한가람로,서울특별시 송파구 풍납동,,,,,02-2147-3326,서울특별시 송파구청,2022-12-13
풍납토성산책로-68,1,서울특별시 송파구 한가람로,서울특별시 송파구 풍납동,,,,,02-2147-3326,서울특별시 송파구청,2022-12-13
풍납토성산책로-69,1,서울특별시 송파구 한가람로,서울특별시 송파구 풍납동,,,,,02-2147-3326,서울특별시 송파구청,2022-12-13
풍납토성산책로-70,1,서울특별시 송파구 한가람로,서울특별시 송파구 풍납동,,,,,02-2147-3326,서울특별시 송파구청,2022-12-13
풍납토성산책로-71,1,서울특별시 송파구 한가람로,서울특별시 송파구 풍납동,,,,,02-2147-3326,서울특별시 송파구청,2022-12-13
풍납토성산책로-72,1,서울특별시 송파구 한가람로,서울특별시 송파구 풍납동,,,,,02-2147-3326,서울특별시 송파구청,2022-12-13
풍납토성산책로-73,1,서울특별시 송파구 한가람로,서울특별시 송파구 풍납동,,,,,02-2147-3326,서울특별시 송파구청,2022-12-13
풍납토성산책로-74,1,서울특별시 송파구 한가람로,서울특별시 송파구 풍납동,,,,,02-2147-3326,서울특별시 송파구청,2022-12-13
풍납토성산책로-75,1,서울특별시 송파구 한가람로,서울특별시 송파구 풍납동,,,,,02-2147-3326,서울특별시 송파구청,2022-12-13
풍납토성산책로-76,1,서울특별시 송파구 한가람로,서울특별시 송파구 풍납동,,,,,02-2147-3326,서울특별시 송파구청,2022-12-13
풍납토성산책로-77,1,서울특별시 송파구 한가람로,서울특별시 송파구 풍납동,,,,,02-2147-3326,서울특별시 송파구청,2022-12-13
풍납토성산책로-78,1,서울특별시 송파구 한가람로,서울특별시 송파구 풍납동,,,,,02-2147-3326,서울특별시 송파구청,2022-12-13
풍납토성산책로-79,1,서울특별시 송파구 한가람로,서울특별시 송파구 풍납동,,,,,02-2147-3326,서울특별시 송파구청,2022-12-13
풍납토성산책로-80,1,서울특별시 송파구 한가람로,서울특별시 송파구 풍납동,,,,,02-2147-3326,서울특별시 송파구청,2022-12-13
풍납토성산책로-81,1,서울특별시 송파구 한가람로,서울특별시 송파구 풍납동,,,,,02-2147-3326,서울특별시 송파구청,2022-12-13
풍납토성산책로-82,1,서울특별시 송파구 한가람로,서울특별시 송파구 풍납동,,,,,02-2147-3326,서울특별시 송파구청,2022-12-13
풍납토성산책로-83,1,서울특별시 송파구 한가람로,서울특별시 송파구 풍납동,,,,,02-2147-3326,서울특별시 송파구청,2022-12-13
풍납토성산책로-84,1,서울특별시 송파구 한가람로,서울특별시 송파구 풍납동,,,,,02-2147-3326,서울특별시 송파구청,2022-12-13
풍납토성산책로-85,1,서울특별시 송파구 한가람로,서울특별시 송파구 풍납동,,,,,02-2147-3326,서울특별시 송파구청,2022-12-13
풍납토성산책로-86,1,서울특별시 송파구 한가람로,서울특별시 송파구 풍납동,,,,,02-2147-3326,서울특별시 송파구청,2022-12-13
풍납토성산책로-87,1,서울특별시 송파구 한가람로,서울특별시 송파구 풍납동,,,,,02-2147-3326,서울특별시 송파구청,2022-12-13
풍납토성산책로-88,1,서울특별시 송파구 한가람로,서울특별시 송파구 풍납동,,,,,02-2147-3326,서울특별시 송파구청,2022-12-13
풍납토성산책로-89,1,서울특별시 송파구 한가람로,서울특별시 송파구 풍납동,,,,,02-2147-3326,서울특별시 송파구청,2022-12-13
풍납토성산책로-90,1,서울특별시 송파구 한가람로,서울특별시 송파구 풍납동,,,,,02-2147-3326,서울특별시 송파구청,2022-12-13
풍납토성산책로-91,1,서울특별시 송파구 한가람로,서울특별시 송파구 풍납동,,,,,02-2147-3326,서울특별시 송파구청,2022-12-13
풍납토성산책로-92,1,서울특별시 송파구 한가람로,서울특별시 송파구 풍납동,,,,,02-2147-3326,서울특별시 송파구청,2022-12-13
풍납토성산책로-93,1,서울특별시 송파구 한가람로,서울특별시 송파구 풍납동,,,,,02-2147-3326,서울특별시 송파구청,2022-12-13
풍납토성산책로-94,1,서울특별시 송파구 한가람로,서울특별시 송파구 풍납동,,,,,02-2147-3326,서울특별시 송파구청,2022-12-13
풍납토성산책로-95,1,서울특별시 송파구 한가람로,서울특별시 송파구 풍납동,,,,,02-2147-3326,서울특별시 송파구청,2022-12-13
풍납토성산책로-96,1,서울특별시 송파구 한가람로,서울특별시 송파구 풍납동,,,,,02-2147-3326,서울특별시 송파구청,2022-12-13
풍납토성산책로-97,1,서울특별시 송파구 한가람로,서울특별시 송파구 풍납동,,,,,02-2147-3326,서울특별시 송파구청,2022-12-13
위례동-001,1,서울특별시 송파구 위례순환로,서울특별시 송파구 위례동 898-4,,,,,02-2147-3328,서울특별시 송파구청,2022-12-13
위례동-002,1,서울특별시 송파구 위례순환로,서울특별시 송파구 위례동 898-4,,,,,02-2147-3328,서울특별시 송파구청,2022-12-13
위례동-003,1,서울특별시 송파구 위례순환로,서울특별시 송파구 위례동 898-4,,,,,02-2147-3328,서울특별시 송파구청,2022-12-13
위례동-004,1,서울특별시 송파구 위례순환로,서울특별시 송파구 위례동 432-1,,,,,02-2147-3328,서울특별시 송파구청,2022-12-13
위례동-005,1,서울특별시 송파구 위례순환로,서울특별시 송파구 위례동 432-1,,,,,02-2147-3328,서울특별시 송파구청,2022-12-13
위례동-006,1,서울특별시 송파구 위례순환로,서울특별시 송파구 위례동 432-1,,,,,02-2147-3328,서울특별시 송파구청,2022-12-13
위례동-007,1,서울특별시 송파구 위례순환로,서울특별시 송파구 위례동 432-1,,,,,02-2147-3328,서울특별시 송파구청,2022-12-13
위례동-008,1,서울특별시 송파구 위례순환로,서울특별시 송파구 위례동 432-1,,,,,02-2147-3328,서울특별시 송파구청,2022-12-13
성내천-242,1,서울특별시 송파구 문정로,서울특별시 송파구 오금동,,,,,02-2147-3328,서울특별시 송파구청,2022-12-13
성내천-243,1,서울특별시 송파구 문정로,서울특별시 송파구 오금동,,,,,02-2147-3328,서울특별시 송파구청,2022-12-13
성내천-244,1,서울특별시 송파구 문정로,서울특별시 송파구 오금동,,,,,02-2147-3328,서울특별시 송파구청,2022-12-13
성내천-245,1,서울특별시 송파구 문정로,서울특별시 송파구 오금동,,,,,02-2147-3328,서울특별시 송파구청,2022-12-13
성내천-246,1,서울특별시 송파구 문정로,서울특별시 송파구 오금동,,,,,02-2147-3328,서울특별시 송파구청,2022-12-13
성내천-247,1,서울특별시 송파구 문정로,서울특별시 송파구 오금동,,,,,02-2147-3328,서울특별시 송파구청,2022-12-13
성내천-248,1,서울특별시 송파구 문정로,서울특별시 송파구 오금동,,,,,02-2147-3328,서울특별시 송파구청,2022-12-13
성내천-249,1,서울특별시 송파구 문정로,서울특별시 송파구 오금동,,,,,02-2147-3328,서울특별시 송파구청,2022-12-13
성내천-250,1,서울특별시 송파구 문정로,서울특별시 송파구 오금동,,,,,02-2147-3328,서울특별시 송파구청,2022-12-13
성내천-251,1,서울특별시 송파구 문정로,서울특별시 송파구 오금동,,,,,02-2147-3328,서울특별시 송파구청,2022-12-13
성내천-252,1,서울특별시 송파구 문정로,서울특별시 송파구 오금동,,,,,02-2147-3328,서울특별시 송파구청,2022-12-13
성내천-253,1,서울특별시 송파구 문정로,서울특별시 송파구 오금동,,,,,02-2147-3328,서울특별시 송파구청,2022-12-13
성내천-254,1,서울특별시 송파구 문정로,서울특별시 송파구 오금동,,,,,02-2147-3328,서울특별시 송파구청,2022-12-13
성내천-255,1,서울특별시 송파구 문정로,서울특별시 송파구 오금동,,,,,02-2147-3328,서울특별시 송파구청,2022-12-13
성내천-256,1,서울특별시 송파구 문정로,서울특별시 송파구 오금동,,,,,02-2147-3328,서울특별시 송파구청,2022-12-13
성내천-257,1,서울특별시 송파구 문정로,서울특별시 송파구 오금동,,,,,02-2147-3328,서울특별시 송파구청,2022-12-13
성내천-258,1,서울특별시 송파구 문정로,서울특별시 송파구 오금동,,,,,02-2147-3328,서울특별시 송파구청,2022-12-13
성내천-259,1,서울특별시 송파구 문정로,서울특별시 송파구 오금동,,,,,02-2147-3328,서울특별시 송파구청,2022-12-13
성내천-260,1,서울특별시 송파구 문정로,서울특별시 송파구 오금동,,,,,02-2147-3328,서울특별시 송파구청,2022-12-13
성내천-261,1,서울특별시 송파구 문정로,서울특별시 송파구 오금동,,,,,02-2147-3328,서울특별시 송파구청,2022-12-13
성내천-262,1,서울특별시 송파구 문정로,서울특별시 송파구 오금동,,,,,02-2147-3328,서울특별시 송파구청,2022-12-13
성내천-263,1,서울특별시 송파구 문정로,서울특별시 송파구 오금동,,,,,02-2147-3328,서울특별시 송파구청,2022-12-13
성내천-264,1,서울특별시 송파구 문정로,서울특별시 송파구 오금동,,,,,02-2147-3328,서울특별시 송파구청,2022-12-13
성내천-265,1,서울특별시 송파구 문정로,서울특별시 송파구 오금동,,,,,02-2147-3328,서울특별시 송파구청,2022-12-13
성내천-266,1,서울특별시 송파구 문정로,서울특별시 송파구 오금동,,,,,02-2147-3328,서울특별시 송파구청,2022-12-13
성내천-267,1,서울특별시 송파구 문정로,서울특별시 송파구 오금동,,,,,02-2147-3328,서울특별시 송파구청,2022-12-13
성내천-268,1,서울특별시 송파구 문정로,서울특별시 송파구 오금동,,,,,02-2147-3328,서울특별시 송파구청,2022-12-13
성내천-269,1,서울특별시 송파구 문정로,서울특별시 송파구 오금동,,,,,02-2147-3328,서울특별시 송파구청,2022-12-13
성내천-270,1,서울특별시 송파구 문정로,서울특별시 송파구 오금동,,,,,02-2147-3328,서울특별시 송파구청,2022-12-13
성내천-271,1,서울특별시 송파구 문정로,서울특별시 송파구 오금동,,,,,02-2147-3328,서울특별시 송파구청,2022-12-13
성내천-272,1,서울특별시 송파구 문정로,서울특별시 송파구 오금동,,,,,02-2147-3328,서울특별시 송파구청,2022-12-13
성내천-273,1,서울특별시 송파구 문정로,서울특별시 송파구 오금동,,,,,02-2147-3328,서울특별시 송파구청,2022-12-13
성내천-274,1,서울특별시 송파구 문정로,서울특별시 송파구 오금동,,,,,02-2147-3328,서울특별시 송파구청,2022-12-13
성내천-275,1,서울특별시 송파구 문정로,서울특별시 송파구 오금동,,,,,02-2147-3328,서울특별시 송파구청,2022-12-13
성내천-276,1,서울특별시 송파구 문정로,서울특별시 송파구 오금동,,,,,02-2147-3328,서울특별시 송파구청,2022-12-13
성내천-277,1,서울특별시 송파구 문정로,서울특별시 송파구 오금동,,,,,02-2147-3328,서울특별시 송파구청,2022-12-13
성내천-278,1,서울특별시 송파구 문정로,서울특별시 송파구 오금동,,,,,02-2147-3328,서울특별시 송파구청,2022-12-13
성내천-279,1,서울특별시 송파구 문정로,서울특별시 송파구 오금동,,,,,02-2147-3328,서울특별시 송파구청,2022-12-13
