보안등위치명,설치개수,소재지도로명주소,소재지지번주소,위도,경도,설치연도,설치형태,관리기관전화번호,관리기관명,데이터기준일자
상봉1동333-6,1,,서울특별시 중랑구 상봉1동 333-6,37.59388002,127.092675,,,02-2094-2683,서울특별시 중랑구청,2026-02-26
상봉1동222-55,1,,서울특별시 중랑구 상봉1동 222-55,37.59380087,127.0922672,,,02-2094-2683,서울특별시 중랑구청,2026-02-26
상봉1동333,1,,서울특별시 중랑구 상봉1동 333,37.59375237,127.092079,,,02-2094-2683,서울특별시 중랑구청,2026-02-26
상봉1동268-36,1,,서울특별시 중랑구 상봉1동 268-36,37.59359564,127.0920171,,,02-2094-2683,서울특별시 중랑구청,2026-02-26
상봉1동333-5,1,,서울특별시 중랑구 상봉1동 333-5,37.59330749,127.0922702,,,02-2094-2683,서울특별시 중랑구청,2026-02-26
상봉1동333-10,1,,서울특별시 중랑구 상봉1동 333-10,37.59334104,127.0925754,,,02-2094-2683,서울특별시 중랑구청,2026-02-26
상봉1동340-3,1,,서울특별시 중랑구 상봉1동 340-3,37.59347375,127.0930403,,,02-2094-2683,서울특별시 중랑구청,2026-02-26
상봉1동333-3,1,,서울특별시 중랑구 상봉1동 333-3,37.59317564,127.0926524,,,02-2094-2683,서울특별시 중랑구청,2026-02-26
상봉1동312-1,1,,서울특별시 중랑구 상봉1동 312-1,37.59304595,127.0927097,,,02-2094-2683,서울특별시 중랑구청,2026-02-26
상봉1동481,1,,서울특별시 중랑구 상봉1동 481,37.59285632,127.0923291,,,02-2094-2683,서울특별시 중랑구청,2026-02-26
상봉1동309-17,1,,서울특별시 중랑구 상봉1동 309-17,37.59258138,127.0927264,,,02-2094-2683,서울특별시 중랑구청,2026-02-26
상봉1동307-23,1,,서울특별시 중랑구 상봉1동 307-23,37.59247015,127.0923323,,,02-2094-2683,서울특별시 중랑구청,2026-02-26
상봉1동307-17,1,,서울특별시 중랑구 상봉1동 307-17,37.59253966,127.0920397,,,02-2094-2683,서울특별시 중랑구청,2026-02-26
상봉1동309-12,1,,서울특별시 중랑구 상봉1동 309-12,37.59242243,127.0920595,,,02-2094-2683,서울특별시 중랑구청,2026-02-26
상봉1동307-11,1,,서울특별시 중랑구 상봉1동 307-11,37.59240288,127.0921697,,,02-2094-2683,서울특별시 중랑구청,2026-02-26
상봉1동305-5,1,,서울특별시 중랑구 상봉1동 305-5,37.59226226,127.0925983,,,02-2094-2683,서울특별시 중랑구청,2026-02-26
상봉1동309-6,1,,서울특별시 중랑구 상봉1동 309-6,37.59229896,127.0927926,,,02-2094-2683,서울특별시 중랑구청,2026-02-26
상봉1동308-7,1,,서울특별시 중랑구 상봉1동 308-7,37.59209237,127.0920936,,,02-2094-2683,서울특별시 중랑구청,2026-02-26
상봉1동314-7,1,,서울특별시 중랑구 상봉1동 314-7,37.59193935,127.0921305,,,02-2094-2683,서울특별시 중랑구청,2026-02-26
상봉1동314-44,1,,서울특별시 중랑구 상봉1동 314-44,37.5920775,127.0917548,,,02-2094-2683,서울특별시 중랑구청,2026-02-26
상봉1동314-4,1,,서울특별시 중랑구 상봉1동 314-4,37.59186221,127.0916828,,,02-2094-2683,서울특별시 중랑구청,2026-02-26
상봉1동314-14,1,,서울특별시 중랑구 상봉1동 314-14,37.58383649,127.0934619,,,02-2094-2683,서울특별시 중랑구청,2026-02-26
상봉1동314-31,1,,서울특별시 중랑구 상봉1동 314-31,37.59230752,127.0910575,,,02-2094-2683,서울특별시 중랑구청,2026-02-26
상봉1동315-24,1,,서울특별시 중랑구 상봉1동 315-24,37.59221412,127.0907847,,,02-2094-2683,서울특별시 중랑구청,2026-02-26
상봉1동314-13,1,,서울특별시 중랑구 상봉1동 314-13,37.59221412,127.0907847,,,02-2094-2683,서울특별시 중랑구청,2026-02-26
상봉1동314-45,1,,서울특별시 중랑구 상봉1동 314-45,37.5924307,127.0903345,,,02-2094-2683,서울특별시 중랑구청,2026-02-26
상봉1동315-21,1,,서울특별시 중랑구 상봉1동 315-21,37.59241455,127.0902382,,,02-2094-2683,서울특별시 중랑구청,2026-02-26
상봉1동315-23,1,,서울특별시 중랑구 상봉1동 315-23,37.59268449,127.0900092,,,02-2094-2683,서울특별시 중랑구청,2026-02-26
상봉1동315-30,1,,서울특별시 중랑구 상봉1동 315-30,37.59262543,127.0906561,,,02-2094-2683,서울특별시 중랑구청,2026-02-26
상봉1동324-5,1,,서울특별시 중랑구 상봉1동 324-5,37.59232941,127.091177,,,02-2094-2683,서울특별시 중랑구청,2026-02-26
상봉1동315-3,1,,서울특별시 중랑구 상봉1동 315-3,37.59224732,127.091184,,,02-2094-2683,서울특별시 중랑구청,2026-02-26
상봉1동315-70,1,,서울특별시 중랑구 상봉1동 315-70,37.59249736,127.0914098,,,02-2094-2683,서울특별시 중랑구청,2026-02-26
상봉1동315-64,1,,서울특별시 중랑구 상봉1동 315-64,37.59182733,127.0911211,,,02-2094-2683,서울특별시 중랑구청,2026-02-26
상봉1동315-1,1,,서울특별시 중랑구 상봉1동 315-1,37.59187213,127.0907412,,,02-2094-2683,서울특별시 중랑구청,2026-02-26
상봉1동315-49,1,,서울특별시 중랑구 상봉1동 315-49,37.59201783,127.0907354,,,02-2094-2683,서울특별시 중랑구청,2026-02-26
상봉1동315-46,1,,서울특별시 중랑구 상봉1동 315-46,37.59187213,127.0907412,,,02-2094-2683,서울특별시 중랑구청,2026-02-26
상봉1동314-19,1,,서울특별시 중랑구 상봉1동 314-19,37.59193967,127.0902062,,,02-2094-2683,서울특별시 중랑구청,2026-02-26
상봉1동314-3,1,,서울특별시 중랑구 상봉1동 314-3,37.59212749,127.0905464,,,02-2094-2683,서울특별시 중랑구청,2026-02-26
상봉1동308-1,1,,서울특별시 중랑구 상봉1동 308-1,37.592360,127.0901734,,,02-2094-2683,서울특별시 중랑구청,2026-02-26
상봉1동200-42,1,,서울특별시 중랑구 상봉1동 200-42,37.59212496,127.0902602,,,02-2094-2683,서울특별시 중랑구청,2026-02-26
상봉1동200-109,1,,서울특별시 중랑구 상봉1동 200-109,37.59230232,127.0897211,,,02-2094-2683,서울특별시 중랑구청,2026-02-26
상봉1동315-5,1,,서울특별시 중랑구 상봉1동 315-5,37.59223652,127.089878,,,02-2094-2683,서울특별시 중랑구청,2026-02-26
상봉1동190-189,1,,서울특별시 중랑구 상봉1동 190-189,37.59261979,127.0895454,,,02-2094-2683,서울특별시 중랑구청,2026-02-26
상봉1동190-190,1,,서울특별시 중랑구 상봉1동 190-190,37.59280458,127.0897781,,,02-2094-2683,서울특별시 중랑구청,2026-02-26
상봉1동315-16,1,,서울특별시 중랑구 상봉1동 315-16,37.59283312,127.0901611,,,02-2094-2683,서울특별시 중랑구청,2026-02-26
상봉1동315-40,1,,서울특별시 중랑구 상봉1동 315-40,37.59289874,127.0905966,,,02-2094-2683,서울특별시 중랑구청,2026-02-26
상봉1동315-38,1,,서울특별시 중랑구 상봉1동 315-38,37.59289733,127.0910281,,,02-2094-2683,서울특별시 중랑구청,2026-02-26
상봉1동315-35,1,,서울특별시 중랑구 상봉1동 315-35,37.59310547,127.0911362,,,02-2094-2683,서울특별시 중랑구청,2026-02-26
상봉1동190-156,1,,서울특별시 중랑구 상봉1동 190-156,37.59290266,127.0911203,,,02-2094-2683,서울특별시 중랑구청,2026-02-26
상봉1동190-193,1,,서울특별시 중랑구 상봉1동 190-193,37.59280276,127.0911069,,,02-2094-2683,서울특별시 중랑구청,2026-02-26
상봉1동154-22,1,,서울특별시 중랑구 상봉1동 154-22,37.59261281,127.0911288,,,02-2094-2683,서울특별시 중랑구청,2026-02-26
상봉1동190-153,1,,서울특별시 중랑구 상봉1동 190-153,37.59262508,127.0909849,,,02-2094-2683,서울특별시 중랑구청,2026-02-26
상봉1동190-152,1,,서울특별시 중랑구 상봉1동 190-152,37.5926622,127.0915686,,,02-2094-2683,서울특별시 중랑구청,2026-02-26
상봉1동190-150,1,,서울특별시 중랑구 상봉1동 190-150,37.59278277,127.091548,,,02-2094-2683,서울특별시 중랑구청,2026-02-26
상봉1동190-148,1,,서울특별시 중랑구 상봉1동 190-148,37.59309429,127.0914941,,,02-2094-2683,서울특별시 중랑구청,2026-02-26
상봉1동190-145,1,,서울특별시 중랑구 상봉1동 190-145,37.59322734,127.0918688,,,02-2094-2683,서울특별시 중랑구청,2026-02-26
상봉1동200-63,1,,서울특별시 중랑구 상봉1동 200-63,37.59291054,127.0918877,,,02-2094-2683,서울특별시 중랑구청,2026-02-26
상봉1동200-66,1,,서울특별시 중랑구 상봉1동 200-66,37.59356784,127.0916269,,,02-2094-2683,서울특별시 중랑구청,2026-02-26
상봉1동200-45,1,,서울특별시 중랑구 상봉1동 200-45,37.59346355,127.091453,,,02-2094-2683,서울특별시 중랑구청,2026-02-26
상봉1동200-33,1,,서울특별시 중랑구 상봉1동 200-33,37.59342004,127.0910815,,,02-2094-2683,서울특별시 중랑구청,2026-02-26
상봉1동200-40,1,,서울특별시 중랑구 상봉1동 200-40,,,,,02-2094-2683,서울특별시 중랑구청,2026-02-26
상봉1동200-4,1,,서울특별시 중랑구 상봉1동 200-4,37.59340457,127.0904694,,,02-2094-2683,서울특별시 중랑구청,2026-02-26
상봉1동200-13,1,,서울특별시 중랑구 상봉1동 200-13,37.59239208,127.0915759,,,02-2094-2683,서울특별시 중랑구청,2026-02-26
상봉1동304-16,1,,서울특별시 중랑구 상봉1동 304-16,37.59323098,127.0899497,,,02-2094-2683,서울특별시 중랑구청,2026-02-26
상봉1동305-1,1,,서울특별시 중랑구 상봉1동 305-1,37.59301267,127.0898319,,,02-2094-2683,서울특별시 중랑구청,2026-02-26
상봉1동307-8,1,,서울특별시 중랑구 상봉1동 307-8,37.59284322,127.0888531,,,02-2094-2683,서울특별시 중랑구청,2026-02-26
상봉1동304-24,1,,서울특별시 중랑구 상봉1동 304-24,37.59291231,127.0882643,,,02-2094-2683,서울특별시 중랑구청,2026-02-26
상봉1동304-18,1,,서울특별시 중랑구 상봉1동 304-18,37.59273498,127.0885341,,,02-2094-2683,서울특별시 중랑구청,2026-02-26
상봉1동304-3,1,,서울특별시 중랑구 상봉1동 304-3,37.5927418,127.0879695,,,02-2094-2683,서울특별시 중랑구청,2026-02-26
상봉1동304-1,1,,서울특별시 중랑구 상봉1동 304-1,37.59246408,127.0883666,,,02-2094-2683,서울특별시 중랑구청,2026-02-26
상봉1동205-23,1,,서울특별시 중랑구 상봉1동 205-23,37.5921906,127.0881627,,,02-2094-2683,서울특별시 중랑구청,2026-02-26
상봉1동205-48,1,,서울특별시 중랑구 상봉1동 205-48,37.59291198,127.0881126,,,02-2094-2683,서울특별시 중랑구청,2026-02-26
상봉1동205-46,1,,서울특별시 중랑구 상봉1동 205-46,37.59257636,127.0878719,,,02-2094-2683,서울특별시 중랑구청,2026-02-26
상봉1동205-18,1,,서울특별시 중랑구 상봉1동 205-18,37.59223801,127.0877804,,,02-2094-2683,서울특별시 중랑구청,2026-02-26
상봉1동205-19,1,,서울특별시 중랑구 상봉1동 205-19,37.59385533,127.0925673,,,02-2094-2683,서울특별시 중랑구청,2026-02-26
상봉1동200-1,1,,서울특별시 중랑구 상봉1동 200-1,37.59214537,127.0893615,,,02-2094-2683,서울특별시 중랑구청,2026-02-26
상봉1동200-26,1,,서울특별시 중랑구 상봉1동 200-26,37.5920792,127.0890611,,,02-2094-2683,서울특별시 중랑구청,2026-02-26
상봉1동200-24,1,,서울특별시 중랑구 상봉1동 200-24,37.59238604,127.0893512,,,02-2094-2683,서울특별시 중랑구청,2026-02-26
상봉1동190-129,1,,서울특별시 중랑구 상봉1동 190-129,37.5925304,127.0891988,,,02-2094-2683,서울특별시 중랑구청,2026-02-26
상봉1동190-125,1,,서울특별시 중랑구 상봉1동 190-125,37.59190643,127.0882827,,,02-2094-2683,서울특별시 중랑구청,2026-02-26
상봉1동190-215,1,,서울특별시 중랑구 상봉1동 190-215,37.59188621,127.0880997,,,02-2094-2683,서울특별시 중랑구청,2026-02-26
상봉1동190-103,1,,서울특별시 중랑구 상봉1동 190-103,37.5916777,127.0879955,,,02-2094-2683,서울특별시 중랑구청,2026-02-26
상봉1동200-77,1,,서울특별시 중랑구 상봉1동 200-77,37.5916481,127.0880705,,,02-2094-2683,서울특별시 중랑구청,2026-02-26
상봉1동190-92,1,,서울특별시 중랑구 상봉1동 190-92,37.59196343,127.0880936,,,02-2094-2683,서울특별시 중랑구청,2026-02-26
상봉1동200-113,1,,서울특별시 중랑구 상봉1동 200-113,37.59187487,127.0874767,,,02-2094-2683,서울특별시 중랑구청,2026-02-26
상봉1동190-205,1,,서울특별시 중랑구 상봉1동 190-205,37.59166731,127.0871968,,,02-2094-2683,서울특별시 중랑구청,2026-02-26
상봉1동190-200,1,,서울특별시 중랑구 상봉1동 190-200,37.5906966,127.0872878,,,02-2094-2683,서울특별시 중랑구청,2026-02-26
상봉1동190-196,1,,서울특별시 중랑구 상봉1동 190-196,37.59186935,127.0869872,,,02-2094-2683,서울특별시 중랑구청,2026-02-26
상봉1동190-107,1,,서울특별시 중랑구 상봉1동 190-107,37.59180072,127.0884333,,,02-2094-2683,서울특별시 중랑구청,2026-02-26
상봉1동207-2,1,,서울특별시 중랑구 상봉1동 207-2,37.59144862,127.0884214,,,02-2094-2683,서울특별시 중랑구청,2026-02-26
상봉1동207-24,1,,서울특별시 중랑구 상봉1동 207-24,37.59113723,127.0885556,,,02-2094-2683,서울특별시 중랑구청,2026-02-26
상봉1동207-20,1,,서울특별시 중랑구 상봉1동 207-20,37.59086779,127.0886219,,,02-2094-2683,서울특별시 중랑구청,2026-02-26
상봉1동214-9,1,,서울특별시 중랑구 상봉1동 214-9,37.5909625,127.0887151,,,02-2094-2683,서울특별시 중랑구청,2026-02-26
상봉1동210-7,1,,서울특별시 중랑구 상봉1동 210-7,37.59086779,127.0886219,,,02-2094-2683,서울특별시 중랑구청,2026-02-26
상봉1동210-12,1,,서울특별시 중랑구 상봉1동 210-12,37.59075205,127.0888081,,,02-2094-2683,서울특별시 중랑구청,2026-02-26
상봉1동214-4,1,,서울특별시 중랑구 상봉1동 214-4,37.59075896,127.088240,,,02-2094-2683,서울특별시 중랑구청,2026-02-26
상봉1동215-6,1,,서울특별시 중랑구 상봉1동 215-6,37.5907356,127.0881507,,,02-2094-2683,서울특별시 중랑구청,2026-02-26
상봉1동215-12,1,,서울특별시 중랑구 상봉1동 215-12,37.59056588,127.0882316,,,02-2094-2683,서울특별시 중랑구청,2026-02-26
상봉1동222-59,1,,서울특별시 중랑구 상봉1동 222-59,37.59063674,127.087938,,,02-2094-2683,서울특별시 중랑구청,2026-02-26
상봉1동222-44,1,,서울특별시 중랑구 상봉1동 222-44,37.59056978,127.0878363,,,02-2094-2683,서울특별시 중랑구청,2026-02-26
상봉1동222-36,1,,서울특별시 중랑구 상봉1동 222-36,37.59048006,127.0874549,,,02-2094-2683,서울특별시 중랑구청,2026-02-26
상봉1동222-50,1,,서울특별시 중랑구 상봉1동 222-50,37.59047081,127.0872844,,,02-2094-2683,서울특별시 중랑구청,2026-02-26
상봉1동222-58,1,,서울특별시 중랑구 상봉1동 222-58,37.59029795,127.0878365,,,02-2094-2683,서울특별시 중랑구청,2026-02-26
상봉1동222-60,1,,서울특별시 중랑구 상봉1동 222-60,37.59045441,127.0881459,,,02-2094-2683,서울특별시 중랑구청,2026-02-26
상봉1동222-57,1,,서울특별시 중랑구 상봉1동 222-57,37.59035603,127.0880061,,,02-2094-2683,서울특별시 중랑구청,2026-02-26
상봉1동222-69,1,,서울특별시 중랑구 상봉1동 222-69,37.59049418,127.0884516,,,02-2094-2683,서울특별시 중랑구청,2026-02-26
상봉1동490-4,1,,서울특별시 중랑구 상봉1동 490-4,37.59056591,127.0886844,,,02-2094-2683,서울특별시 중랑구청,2026-02-26
상봉1동489,1,,서울특별시 중랑구 상봉1동 489,37.59046321,127.0883067,,,02-2094-2683,서울특별시 중랑구청,2026-02-26
상봉1동488-4,1,,서울특별시 중랑구 상봉1동 488-4,37.5904702,127.0887106,,,02-2094-2683,서울특별시 중랑구청,2026-02-26
상봉1동488-1,1,,서울특별시 중랑구 상봉1동 488-1,37.59066114,127.0889208,,,02-2094-2683,서울특별시 중랑구청,2026-02-26
상봉1동207-1,1,,서울특별시 중랑구 상봉1동 207-1,37.5908744,127.0894087,,,02-2094-2683,서울특별시 중랑구청,2026-02-26
상봉1동207-16,1,,서울특별시 중랑구 상봉1동 207-16,37.5906221,127.089324,,,02-2094-2683,서울특별시 중랑구청,2026-02-26
상봉1동205-36,1,,서울특별시 중랑구 상봉1동 205-36,37.59074966,127.0897043,,,02-2094-2683,서울특별시 중랑구청,2026-02-26
상봉1동206-7뒤,1,,서울특별시 중랑구 상봉1동 206-7뒤,37.58879038,127.1015839,,,02-2094-2683,서울특별시 중랑구청,2026-02-26
상봉1동206-1,1,,서울특별시 중랑구 상봉1동 206-1,37.59058347,127.0898884,,,02-2094-2683,서울특별시 중랑구청,2026-02-26
상봉1동206-19,1,,서울특별시 중랑구 상봉1동 206-19,37.5903735,127.0896978,,,02-2094-2683,서울특별시 중랑구청,2026-02-26
상봉1동190-53,1,,서울특별시 중랑구 상봉1동 190-53,37.5905386,127.0896425,,,02-2094-2683,서울특별시 중랑구청,2026-02-26
상봉1동190-54,1,,서울특별시 중랑구 상봉1동 190-54,37.59037076,127.0893873,,,02-2094-2683,서울특별시 중랑구청,2026-02-26
상봉1동190-56,1,,서울특별시 중랑구 상봉1동 190-56,37.59015126,127.089647,,,02-2094-2683,서울특별시 중랑구청,2026-02-26
상봉1동190-175,1,,서울특별시 중랑구 상봉1동 190-175,37.59039033,127.0899522,,,02-2094-2683,서울특별시 중랑구청,2026-02-26
상봉1동204-5,1,,서울특별시 중랑구 상봉1동 204-5,37.59003004,127.0892182,,,02-2094-2683,서울특별시 중랑구청,2026-02-26
상봉1동190-35,1,,서울특별시 중랑구 상봉1동 190-35,37.59011119,127.0889054,,,02-2094-2683,서울특별시 중랑구청,2026-02-26
상봉1동190-50,1,,서울특별시 중랑구 상봉1동 190-50,37.59016106,127.0887202,,,02-2094-2683,서울특별시 중랑구청,2026-02-26
상봉1동190-38,1,,서울특별시 중랑구 상봉1동 190-38,37.58987664,127.088579,,,02-2094-2683,서울특별시 중랑구청,2026-02-26
상봉1동190-85,1,,서울특별시 중랑구 상봉1동 190-85,37.58995729,127.0885627,,,02-2094-2683,서울특별시 중랑구청,2026-02-26
상봉1동190-173,1,,서울특별시 중랑구 상봉1동 190-173,37.5897829,127.088145,,,02-2094-2683,서울특별시 중랑구청,2026-02-26
상봉1동190-242,1,,서울특별시 중랑구 상봉1동 190-242,37.58706508,127.093834,,,02-2094-2683,서울특별시 중랑구청,2026-02-26
상봉1동190-185,1,,서울특별시 중랑구 상봉1동 190-185,37.5901559,127.0880331,,,02-2094-2683,서울특별시 중랑구청,2026-02-26
상봉1동190-71,1,,서울특별시 중랑구 상봉1동 190-71,37.59021952,127.0882651,,,02-2094-2683,서울특별시 중랑구청,2026-02-26
상봉1동190-101,1,,서울특별시 중랑구 상봉1동 190-101,37.59170721,127.0925316,,,02-2094-2683,서울특별시 중랑구청,2026-02-26
상봉1동74-30,1,,서울특별시 중랑구 상봉1동 74-30,37.59020424,127.0885699,,,02-2094-2683,서울특별시 중랑구청,2026-02-26
상봉1동190-75,1,,서울특별시 중랑구 상봉1동 190-75,37.59032256,127.0886627,,,02-2094-2683,서울특별시 중랑구청,2026-02-26
상봉1동190-80,1,,서울특별시 중랑구 상봉1동 190-80,37.5902743,127.0888696,,,02-2094-2683,서울특별시 중랑구청,2026-02-26
상봉1동190-79,1,,서울특별시 중랑구 상봉1동 190-79,37.59020491,127.088887,,,02-2094-2683,서울특별시 중랑구청,2026-02-26
상봉1동190-81,1,,서울특별시 중랑구 상봉1동 190-81,37.59067188,127.090207,,,02-2094-2683,서울특별시 중랑구청,2026-02-26
상봉1동190-96,1,,서울특별시 중랑구 상봉1동 190-96,37.590420,127.0902734,,,02-2094-2683,서울특별시 중랑구청,2026-02-26
상봉1동190-104,1,,서울특별시 중랑구 상봉1동 190-104,37.59036876,127.0907119,,,02-2094-2683,서울특별시 중랑구청,2026-02-26
상봉1동190-95,1,,서울특별시 중랑구 상봉1동 190-95,37.59051721,127.0906439,,,02-2094-2683,서울특별시 중랑구청,2026-02-26
상봉1동272-6,1,,서울특별시 중랑구 상봉1동 272-6,37.59072087,127.0904675,,,02-2094-2683,서울특별시 중랑구청,2026-02-26
상봉1동257-1,1,,서울특별시 중랑구 상봉1동 257-1,37.59074828,127.0910349,,,02-2094-2683,서울특별시 중랑구청,2026-02-26
상봉1동260-1,1,,서울특별시 중랑구 상봉1동 260-1,37.59089139,127.0912272,,,02-2094-2683,서울특별시 중랑구청,2026-02-26
상봉1동190-144,1,,서울특별시 중랑구 상봉1동 190-144,37.59071952,127.0912942,,,02-2094-2683,서울특별시 중랑구청,2026-02-26
상봉1동253-2,1,,서울특별시 중랑구 상봉1동 253-2,37.5905107,127.0913711,,,02-2094-2683,서울특별시 중랑구청,2026-02-26
상봉1동253-12,1,,서울특별시 중랑구 상봉1동 253-12,37.59066209,127.0914555,,,02-2094-2683,서울특별시 중랑구청,2026-02-26
상봉1동253-19,1,,서울특별시 중랑구 상봉1동 253-19,37.59065301,127.0918948,,,02-2094-2683,서울특별시 중랑구청,2026-02-26
상봉1동252,1,,서울특별시 중랑구 상봉1동 252,37.59068321,127.0919923,,,02-2094-2683,서울특별시 중랑구청,2026-02-26
상봉1동251,1,,서울특별시 중랑구 상봉1동 251,37.59086247,127.0919255,,,02-2094-2683,서울특별시 중랑구청,2026-02-26
상봉1동251-2,1,,서울특별시 중랑구 상봉1동 251-2,37.59093776,127.0918452,,,02-2094-2683,서울특별시 중랑구청,2026-02-26
상봉1동261-4,1,,서울특별시 중랑구 상봉1동 261-4,37.59091549,127.0917462,,,02-2094-2683,서울특별시 중랑구청,2026-02-26
상봉1동264-12,1,,서울특별시 중랑구 상봉1동 264-12,37.5909503,127.0914802,,,02-2094-2683,서울특별시 중랑구청,2026-02-26
상봉1동268-27,1,,서울특별시 중랑구 상봉1동 268-27,37.59076936,127.0913903,,,02-2094-2683,서울특별시 중랑구청,2026-02-26
상봉1동204,1,,서울특별시 중랑구 상봉1동 204,37.59151474,127.0922163,,,02-2094-2683,서울특별시 중랑구청,2026-02-26
상봉1동50-49,1,,서울특별시 중랑구 상봉1동 50-49,37.59125586,127.0922417,,,02-2094-2683,서울특별시 중랑구청,2026-02-26
상봉1동31-27,1,,서울특별시 중랑구 상봉1동 31-27,37.5910441,127.0923987,,,02-2094-2683,서울특별시 중랑구청,2026-02-26
상봉1동168-48,1,,서울특별시 중랑구 상봉1동 168-48,37.59081018,127.0925333,,,02-2094-2683,서울특별시 중랑구청,2026-02-26
상봉1동268-51,1,,서울특별시 중랑구 상봉1동 268-51,37.59181676,127.0924321,,,02-2094-2683,서울특별시 중랑구청,2026-02-26
상봉1동268-47,1,,서울특별시 중랑구 상봉1동 268-47,37.59153063,127.0930889,,,02-2094-2683,서울특별시 중랑구청,2026-02-26
상봉1동272-4,1,,서울특별시 중랑구 상봉1동 272-4,,,,,02-2094-2683,서울특별시 중랑구청,2026-02-26
상봉1동257-28,1,,서울특별시 중랑구 상봉1동 257-28,37.59187339,127.0928296,,,02-2094-2683,서울특별시 중랑구청,2026-02-26
상봉1동273-4,1,,서울특별시 중랑구 상봉1동 273-4,37.59123863,127.0928519,,,02-2094-2683,서울특별시 중랑구청,2026-02-26
상봉1동273-2,1,,서울특별시 중랑구 상봉1동 273-2,37.59123935,127.0929571,,,02-2094-2683,서울특별시 중랑구청,2026-02-26
상봉1동273-1,1,,서울특별시 중랑구 상봉1동 273-1,37.5910339,127.0928775,,,02-2094-2683,서울특별시 중랑구청,2026-02-26
상봉1동266-2,1,,서울특별시 중랑구 상봉1동 266-2,37.59088568,127.0929951,,,02-2094-2683,서울특별시 중랑구청,2026-02-26
상봉1동272-3,1,,서울특별시 중랑구 상봉1동 272-3,37.59073467,127.0926652,,,02-2094-2683,서울특별시 중랑구청,2026-02-26
상봉1동257-20,1,,서울특별시 중랑구 상봉1동 257-20,37.59052012,127.0926953,,,02-2094-2683,서울특별시 중랑구청,2026-02-26
상봉1동257-27,1,,서울특별시 중랑구 상봉1동 257-27,37.59057444,127.0931612,,,02-2094-2683,서울특별시 중랑구청,2026-02-26
상봉1동265-21,1,,서울특별시 중랑구 상봉1동 265-21,37.59022604,127.0931456,,,02-2094-2683,서울특별시 중랑구청,2026-02-26
상봉1동266-8,1,,서울특별시 중랑구 상봉1동 266-8,37.59004669,127.0927521,,,02-2094-2683,서울특별시 중랑구청,2026-02-26
상봉1동265-24,1,,서울특별시 중랑구 상봉1동 265-24,37.58986009,127.0925307,,,02-2094-2683,서울특별시 중랑구청,2026-02-26
상봉1동257-2,1,,서울특별시 중랑구 상봉1동 257-2,37.58986009,127.0925307,,,02-2094-2683,서울특별시 중랑구청,2026-02-26
상봉1동256-52,1,,서울특별시 중랑구 상봉1동 256-52,37.58976418,127.0922428,,,02-2094-2683,서울특별시 중랑구청,2026-02-26
상봉1동256-53,1,,서울특별시 중랑구 상봉1동 256-53,37.58967594,127.0919398,,,02-2094-2683,서울특별시 중랑구청,2026-02-26
상봉1동256-28,1,,서울특별시 중랑구 상봉1동 256-28,37.58963654,127.0918516,,,02-2094-2683,서울특별시 중랑구청,2026-02-26
상봉1동256-54,1,,서울특별시 중랑구 상봉1동 256-54,37.58959589,127.0916391,,,02-2094-2683,서울특별시 중랑구청,2026-02-26
상봉1동256-42,1,,서울특별시 중랑구 상봉1동 256-42,37.58976957,127.0918054,,,02-2094-2683,서울특별시 중랑구청,2026-02-26
상봉1동256-38,1,,서울특별시 중랑구 상봉1동 256-38,37.59035505,127.0916635,,,02-2094-2683,서울특별시 중랑구청,2026-02-26
상봉1동257-21,1,,서울특별시 중랑구 상봉1동 257-21,37.59050011,127.0919003,,,02-2094-2683,서울특별시 중랑구청,2026-02-26
상봉1동257-25,1,,서울특별시 중랑구 상봉1동 257-25,37.5905358,127.0921144,,,02-2094-2683,서울특별시 중랑구청,2026-02-26
상봉1동256-33,1,,서울특별시 중랑구 상봉1동 256-33,37.59026186,127.0915837,,,02-2094-2683,서울특별시 중랑구청,2026-02-26
상봉1동253-6,1,,서울특별시 중랑구 상봉1동 253-6,37.59031959,127.0911444,,,02-2094-2683,서울특별시 중랑구청,2026-02-26
상봉1동256-32,1,,서울특별시 중랑구 상봉1동 256-32,37.59212142,127.0927304,,,02-2094-2683,서울특별시 중랑구청,2026-02-26
상봉1동256-45,1,,서울특별시 중랑구 상봉1동 256-45,37.59009021,127.0911302,,,02-2094-2683,서울특별시 중랑구청,2026-02-26
상봉1동257-5,1,,서울특별시 중랑구 상봉1동 257-5,37.58985024,127.0908217,,,02-2094-2683,서울특별시 중랑구청,2026-02-26
상봉1동273-7,1,,서울특별시 중랑구 상봉1동 273-7,37.58985024,127.0908217,,,02-2094-2683,서울특별시 중랑구청,2026-02-26
상봉1동273-3,1,,서울특별시 중랑구 상봉1동 273-3,37.59004901,127.0908148,,,02-2094-2683,서울특별시 중랑구청,2026-02-26
상봉1동282-1,1,,서울특별시 중랑구 상봉1동 282-1,37.59015293,127.0907628,,,02-2094-2683,서울특별시 중랑구청,2026-02-26
상봉1동279-53,1,,서울특별시 중랑구 상봉1동 279-53,37.59013028,127.090456,,,02-2094-2683,서울특별시 중랑구청,2026-02-26
상봉1동282-4,1,,서울특별시 중랑구 상봉1동 282-4,37.59005936,127.0902416,,,02-2094-2683,서울특별시 중랑구청,2026-02-26
상봉1동279-46,1,,서울특별시 중랑구 상봉1동 279-46,37.58983834,127.0898932,,,02-2094-2683,서울특별시 중랑구청,2026-02-26
상봉1동279-28,1,,서울특별시 중랑구 상봉1동 279-28,37.5897408,127.089250,,,02-2094-2683,서울특별시 중랑구청,2026-02-26
상봉1동222-63,1,,서울특별시 중랑구 상봉1동 222-63,37.58977306,127.0888942,,,02-2094-2683,서울특별시 중랑구청,2026-02-26
상봉1동178-3,1,,서울특별시 중랑구 상봉1동 178-3,37.58962097,127.0887687,,,02-2094-2683,서울특별시 중랑구청,2026-02-26
상봉1동276-4,1,,서울특별시 중랑구 상봉1동 276-4,37.58953723,127.0883427,,,02-2094-2683,서울특별시 중랑구청,2026-02-26
상봉1동276-27,1,,서울특별시 중랑구 상봉1동 276-27,37.58962579,127.0884662,,,02-2094-2683,서울특별시 중랑구청,2026-02-26
상봉1동276-26,1,,서울특별시 중랑구 상봉1동 276-26,37.58950498,127.0882149,,,02-2094-2683,서울특별시 중랑구청,2026-02-26
상봉1동276-23,1,,서울특별시 중랑구 상봉1동 276-23,37.58933408,127.0885496,,,02-2094-2683,서울특별시 중랑구청,2026-02-26
상봉1동276-9,1,,서울특별시 중랑구 상봉1동 276-9,37.58945732,127.0888078,,,02-2094-2683,서울특별시 중랑구청,2026-02-26
상봉1동276-7,1,,서울특별시 중랑구 상봉1동 276-7,37.58964486,127.0892367,,,02-2094-2683,서울특별시 중랑구청,2026-02-26
상봉1동276-10,1,,서울특별시 중랑구 상봉1동 276-10,37.58954491,127.0893851,,,02-2094-2683,서울특별시 중랑구청,2026-02-26
상봉1동276-13,1,,서울특별시 중랑구 상봉1동 276-13,37.58962056,127.0906102,,,02-2094-2683,서울특별시 중랑구청,2026-02-26
상봉1동276-78,1,,서울특별시 중랑구 상봉1동 276-78,37.58962056,127.0906102,,,02-2094-2683,서울특별시 중랑구청,2026-02-26
상봉1동257-4,1,,서울특별시 중랑구 상봉1동 257-4,37.58928427,127.0905536,,,02-2094-2683,서울특별시 중랑구청,2026-02-26
상봉1동279-19,1,,서울특별시 중랑구 상봉1동 279-19,37.5894806,127.0899542,,,02-2094-2683,서울특별시 중랑구청,2026-02-26
상봉1동279-100,1,,서울특별시 중랑구 상봉1동 279-100,,,,,02-2094-2683,서울특별시 중랑구청,2026-02-26
상봉1동279-114,1,,서울특별시 중랑구 상봉1동 279-114,37.58932418,127.0894908,,,02-2094-2683,서울특별시 중랑구청,2026-02-26
상봉1동279-98,1,,서울특별시 중랑구 상봉1동 279-98,37.58932368,127.0892046,,,02-2094-2683,서울특별시 중랑구청,2026-02-26
상봉1동279-121,1,,서울특별시 중랑구 상봉1동 279-121,37.58921103,127.0892335,,,02-2094-2683,서울특별시 중랑구청,2026-02-26
상봉1동279-118,1,,서울특별시 중랑구 상봉1동 279-118,37.58925864,127.088943,,,02-2094-2683,서울특별시 중랑구청,2026-02-26
상봉1동279-64,1,,서울특별시 중랑구 상봉1동 279-64,,,,,02-2094-2683,서울특별시 중랑구청,2026-02-26
상봉1동279-124,1,,서울특별시 중랑구 상봉1동 279-124,37.58891488,127.0892241,,,02-2094-2683,서울특별시 중랑구청,2026-02-26
상봉1동279-16,1,,서울특별시 중랑구 상봉1동 279-16,37.58904137,127.0879125,,,02-2094-2683,서울특별시 중랑구청,2026-02-26
상봉1동279-112,1,,서울특별시 중랑구 상봉1동 279-112,37.58909645,127.088239,,,02-2094-2683,서울특별시 중랑구청,2026-02-26
상봉1동279-72,1,,서울특별시 중랑구 상봉1동 279-72,37.58901316,127.0886513,,,02-2094-2683,서울특별시 중랑구청,2026-02-26
상봉1동279-75,1,,서울특별시 중랑구 상봉1동 279-75,37.58925864,127.088943,,,02-2094-2683,서울특별시 중랑구청,2026-02-26
상봉1동279-120,1,,서울특별시 중랑구 상봉1동 279-120,37.59126619,127.0862077,,,02-2094-2683,서울특별시 중랑구청,2026-02-26
상봉1동279-35,1,,서울특별시 중랑구 상봉1동 279-35,37.58999681,127.0878797,,,02-2094-2683,서울특별시 중랑구청,2026-02-26
상봉1동279-44,1,,서울특별시 중랑구 상봉1동 279-44,37.59100319,127.0900729,,,02-2094-2683,서울특별시 중랑구청,2026-02-26
상봉1동279-103,1,,서울특별시 중랑구 상봉1동 279-103,,,,,02-2094-2683,서울특별시 중랑구청,2026-02-26
상봉1동279-45,1,,서울특별시 중랑구 상봉1동 279-45,37.59093444,127.0907847,,,02-2094-2683,서울특별시 중랑구청,2026-02-26
상봉1동282-2,1,,서울특별시 중랑구 상봉1동 282-2,37.59107368,127.0907357,,,02-2094-2683,서울특별시 중랑구청,2026-02-26
상봉1동279-2,1,,서울특별시 중랑구 상봉1동 279-2,37.59119782,127.0907571,,,02-2094-2683,서울특별시 중랑구청,2026-02-26
상봉1동279-18,1,,서울특별시 중랑구 상봉1동 279-18,37.59133023,127.0905668,,,02-2094-2683,서울특별시 중랑구청,2026-02-26
상봉1동279-79,1,,서울특별시 중랑구 상봉1동 279-79,37.59164059,127.0909555,,,02-2094-2683,서울특별시 중랑구청,2026-02-26
상봉1동279-82,1,,서울특별시 중랑구 상봉1동 279-82,37.59123434,127.0910678,,,02-2094-2683,서울특별시 중랑구청,2026-02-26
상봉1동279-41,1,,서울특별시 중랑구 상봉1동 279-41,37.59101255,127.0911364,,,02-2094-2683,서울특별시 중랑구청,2026-02-26
상봉1동282,1,,서울특별시 중랑구 상봉1동 282,37.59126017,127.0912226,,,02-2094-2683,서울특별시 중랑구청,2026-02-26
상봉1동279-15,1,,서울특별시 중랑구 상봉1동 279-15,37.59141328,127.0911745,,,02-2094-2683,서울특별시 중랑구청,2026-02-26
상봉1동287-1,1,,서울특별시 중랑구 상봉1동 287-1,37.59164446,127.091430,,,02-2094-2683,서울특별시 중랑구청,2026-02-26
상봉1동286,1,,서울특별시 중랑구 상봉1동 286,37.59134227,127.0913157,,,02-2094-2683,서울특별시 중랑구청,2026-02-26
상봉1동276-79,1,,서울특별시 중랑구 상봉1동 276-79,37.59173673,127.0918871,,,02-2094-2683,서울특별시 중랑구청,2026-02-26
상봉1동489-5,1,,서울특별시 중랑구 상봉1동 489-5,37.59160833,127.0918983,,,02-2094-2683,서울특별시 중랑구청,2026-02-26
상봉1동237-7,1,,서울특별시 중랑구 상봉1동 237-7,37.59125694,127.0919034,,,02-2094-2683,서울특별시 중랑구청,2026-02-26
상봉1동286-8,1,,서울특별시 중랑구 상봉1동 286-8,37.59131637,127.0917102,,,02-2094-2683,서울특별시 중랑구청,2026-02-26
상봉1동237-20,1,,서울특별시 중랑구 상봉1동 237-20,37.59111692,127.0914432,,,02-2094-2683,서울특별시 중랑구청,2026-02-26
상봉1동234-3,1,,서울특별시 중랑구 상봉1동 234-3,37.59131637,127.0917102,,,02-2094-2683,서울특별시 중랑구청,2026-02-26
상봉1동234-8,1,,서울특별시 중랑구 상봉1동 234-8,37.59131671,127.0900999,,,02-2094-2683,서울특별시 중랑구청,2026-02-26
상봉1동235,1,,서울특별시 중랑구 상봉1동 235,37.59149796,127.0906166,,,02-2094-2683,서울특별시 중랑구청,2026-02-26
상봉1동234-2,1,,서울특별시 중랑구 상봉1동 234-2,37.59146316,127.0907635,,,02-2094-2683,서울특별시 중랑구청,2026-02-26
상봉1동237-19,1,,서울특별시 중랑구 상봉1동 237-19,37.59154506,127.0911113,,,02-2094-2683,서울특별시 중랑구청,2026-02-26
상봉1동237-26,1,,서울특별시 중랑구 상봉1동 237-26,37.59324674,127.0911393,,,02-2094-2683,서울특별시 중랑구청,2026-02-26
상봉1동238-1,1,,서울특별시 중랑구 상봉1동 238-1,37.59142184,127.0902367,,,02-2094-2683,서울특별시 중랑구청,2026-02-26
상봉1동241-1,1,,서울특별시 중랑구 상봉1동 241-1,37.59160882,127.089854,,,02-2094-2683,서울특별시 중랑구청,2026-02-26
상봉1동244-1,1,,서울특별시 중랑구 상봉1동 244-1,37.59158447,127.0896491,,,02-2094-2683,서울특별시 중랑구청,2026-02-26
상봉1동238-4,1,,서울특별시 중랑구 상봉1동 238-4,37.59044669,127.0929187,,,02-2094-2683,서울특별시 중랑구청,2026-02-26
상봉1동253-15,1,,서울특별시 중랑구 상봉1동 253-15,37.59186858,127.089615,,,02-2094-2683,서울특별시 중랑구청,2026-02-26
상봉1동253-4,1,,서울특별시 중랑구 상봉1동 253-4,37.59184919,127.0897294,,,02-2094-2683,서울특별시 중랑구청,2026-02-26
상봉1동237-10,1,,서울특별시 중랑구 상봉1동 237-10,37.59190811,127.0886902,,,02-2094-2683,서울특별시 중랑구청,2026-02-26
상봉1동242,1,,서울특별시 중랑구 상봉1동 242,37.59176491,127.0890943,,,02-2094-2683,서울특별시 중랑구청,2026-02-26
상봉1동249-4,1,,서울특별시 중랑구 상봉1동 249-4,37.59176491,127.0890943,,,02-2094-2683,서울특별시 중랑구청,2026-02-26
상봉1동279-36,1,,서울특별시 중랑구 상봉1동 279-36,37.59146181,127.0890421,,,02-2094-2683,서울특별시 중랑구청,2026-02-26
상봉1동248-3,1,,서울특별시 중랑구 상봉1동 248-3,37.5915567,127.0894345,,,02-2094-2683,서울특별시 중랑구청,2026-02-26
상봉1동231-2,1,,서울특별시 중랑구 상봉1동 231-2,37.59141612,127.0888749,,,02-2094-2683,서울특별시 중랑구청,2026-02-26
상봉1동220-5,1,,서울특별시 중랑구 상봉1동 220-5,37.59128196,127.0894711,,,02-2094-2683,서울특별시 중랑구청,2026-02-26
상봉1동272-2,1,,서울특별시 중랑구 상봉1동 272-2,37.59136729,127.0889828,,,02-2094-2683,서울특별시 중랑구청,2026-02-26
상봉1동227-1,1,,서울특별시 중랑구 상봉1동 227-1,37.59115436,127.089262,,,02-2094-2683,서울특별시 중랑구청,2026-02-26
상봉1동272-1,1,,서울특별시 중랑구 상봉1동 272-1,37.59096401,127.0891044,,,02-2094-2683,서울특별시 중랑구청,2026-02-26
상봉1동272-12,1,,서울특별시 중랑구 상봉1동 272-12,37.59127535,127.0889227,,,02-2094-2683,서울특별시 중랑구청,2026-02-26
상봉1동226,1,,서울특별시 중랑구 상봉1동 226,37.59107109,127.0888112,,,02-2094-2683,서울특별시 중랑구청,2026-02-26
상봉1동300-2,1,,서울특별시 중랑구 상봉1동 300-2,37.59097616,127.0892349,,,02-2094-2683,서울특별시 중랑구청,2026-02-26
상봉1동226-4,1,,서울특별시 중랑구 상봉1동 226-4,37.59114094,127.0893699,,,02-2094-2683,서울특별시 중랑구청,2026-02-26
상봉1동226-20,1,,서울특별시 중랑구 상봉1동 226-20,37.59108289,127.0896443,,,02-2094-2683,서울특별시 중랑구청,2026-02-26
상봉1동226-11,1,,서울특별시 중랑구 상봉1동 226-11,37.59130319,127.0897523,,,02-2094-2683,서울특별시 중랑구청,2026-02-26
상봉1동226-25,1,,서울특별시 중랑구 상봉1동 226-25,37.59143276,127.0863651,,,02-2094-2683,서울특별시 중랑구청,2026-02-26
상봉1동234,1,,서울특별시 중랑구 상봉1동 234,37.59117243,127.086405,,,02-2094-2683,서울특별시 중랑구청,2026-02-26
상봉1동226-30,1,,서울특별시 중랑구 상봉1동 226-30,37.59007388,127.0883211,,,02-2094-2683,서울특별시 중랑구청,2026-02-26
상봉1동230,1,,서울특별시 중랑구 상봉1동 230,,,,,02-2094-2683,서울특별시 중랑구청,2026-02-26
상봉1동29-5,1,,서울특별시 중랑구 상봉1동 29-5,37.59089522,127.0863718,,,02-2094-2683,서울특별시 중랑구청,2026-02-26
상봉1동29-16,1,,서울특별시 중랑구 상봉1동 29-16,37.59092337,127.0865702,,,02-2094-2683,서울특별시 중랑구청,2026-02-26
상봉1동27,1,,서울특별시 중랑구 상봉1동 27,37.59053876,127.0862818,,,02-2094-2683,서울특별시 중랑구청,2026-02-26
상봉1동19-22,1,,서울특별시 중랑구 상봉1동 19-22,37.59062841,127.0860333,,,02-2094-2683,서울특별시 중랑구청,2026-02-26
상봉1동19-16,1,,서울특별시 중랑구 상봉1동 19-16,37.59039401,127.0861063,,,02-2094-2683,서울특별시 중랑구청,2026-02-26
상봉1동19-2,1,,서울특별시 중랑구 상봉1동 19-2,,,,,02-2094-2683,서울특별시 중랑구청,2026-02-26
상봉1동19-10,1,,서울특별시 중랑구 상봉1동 19-10,37.59080943,127.0858985,,,02-2094-2683,서울특별시 중랑구청,2026-02-26
상봉1동19-44,1,,서울특별시 중랑구 상봉1동 19-44,37.59061619,127.0857425,,,02-2094-2683,서울특별시 중랑구청,2026-02-26
상봉1동19-25,1,,서울특별시 중랑구 상봉1동 19-25,37.59047052,127.0857208,,,02-2094-2683,서울특별시 중랑구청,2026-02-26
상봉1동19-41,1,,서울특별시 중랑구 상봉1동 19-41,37.58950522,127.085432,,,02-2094-2683,서울특별시 중랑구청,2026-02-26
상봉1동495,1,,서울특별시 중랑구 상봉1동 495,37.58972037,127.0854536,,,02-2094-2683,서울특별시 중랑구청,2026-02-26
상봉1동495-4,1,,서울특별시 중랑구 상봉1동 495-4,37.58931625,127.0853622,,,02-2094-2683,서울특별시 중랑구청,2026-02-26
상봉1동40-4,1,,서울특별시 중랑구 상봉1동 40-4,37.58895062,127.0852361,,,02-2094-2683,서울특별시 중랑구청,2026-02-26
상봉1동38-22,1,,서울특별시 중랑구 상봉1동 38-22,37.58875296,127.0850907,,,02-2094-2683,서울특별시 중랑구청,2026-02-26
상봉1동490-5,1,,서울특별시 중랑구 상봉1동 490-5,37.58895062,127.0852361,,,02-2094-2683,서울특별시 중랑구청,2026-02-26
상봉1동38-12,1,,서울특별시 중랑구 상봉1동 38-12,37.58875926,127.0854736,,,02-2094-2683,서울특별시 중랑구청,2026-02-26
상봉1동37-6,1,,서울특별시 중랑구 상봉1동 37-6,37.58873708,127.0856258,,,02-2094-2683,서울특별시 중랑구청,2026-02-26
상봉1동32-6,1,,서울특별시 중랑구 상봉1동 32-6,37.58614496,127.0855677,,,02-2094-2683,서울특별시 중랑구청,2026-02-26
상봉1동31-13,1,,서울특별시 중랑구 상봉1동 31-13,37.58855105,127.0850874,,,02-2094-2683,서울특별시 중랑구청,2026-02-26
상봉1동31-9,1,,서울특별시 중랑구 상봉1동 31-9,37.58855105,127.0850874,,,02-2094-2683,서울특별시 중랑구청,2026-02-26
상봉1동31-6,1,,서울특별시 중랑구 상봉1동 31-6,37.58896934,127.0857754,,,02-2094-2683,서울특별시 중랑구청,2026-02-26
상봉1동31-22,1,,서울특별시 중랑구 상봉1동 31-22,37.58920742,127.0855952,,,02-2094-2683,서울특별시 중랑구청,2026-02-26
상봉1동31-17,1,,서울특별시 중랑구 상봉1동 31-17,37.59019127,127.0856333,,,02-2094-2683,서울특별시 중랑구청,2026-02-26
상봉1동26-1,1,,서울특별시 중랑구 상봉1동 26-1,37.58975519,127.0857628,,,02-2094-2683,서울특별시 중랑구청,2026-02-26
상봉1동32-4,1,,서울특별시 중랑구 상봉1동 32-4,37.5897516,127.0859963,,,02-2094-2683,서울특별시 중랑구청,2026-02-26
상봉1동32-2,1,,서울특별시 중랑구 상봉1동 32-2,37.59001527,127.0859304,,,02-2094-2683,서울특별시 중랑구청,2026-02-26
상봉1동46-9,1,,서울특별시 중랑구 상봉1동 46-9,37.59008971,127.0857832,,,02-2094-2683,서울특별시 중랑구청,2026-02-26
상봉1동49-2,1,,서울특별시 중랑구 상봉1동 49-2,37.59009126,127.0860054,,,02-2094-2683,서울특별시 중랑구청,2026-02-26
상봉1동49-3,1,,서울특별시 중랑구 상봉1동 49-3,37.58976857,127.086076,,,02-2094-2683,서울특별시 중랑구청,2026-02-26
상봉1동50-56,1,,서울특별시 중랑구 상봉1동 50-56,37.58958356,127.086240,,,02-2094-2683,서울특별시 중랑구청,2026-02-26
상봉1동50-45,1,,서울특별시 중랑구 상봉1동 50-45,37.58934757,127.0863922,,,02-2094-2683,서울특별시 중랑구청,2026-02-26
상봉1동50-51,1,,서울특별시 중랑구 상봉1동 50-51,37.58903351,127.0864822,,,02-2094-2683,서울특별시 중랑구청,2026-02-26
상봉1동50-53,1,,서울특별시 중랑구 상봉1동 50-53,37.58921055,127.0862376,,,02-2094-2683,서울특별시 중랑구청,2026-02-26
상봉1동50-54,1,,서울특별시 중랑구 상봉1동 50-54,37.5894348,127.0863719,,,02-2094-2683,서울특별시 중랑구청,2026-02-26
상봉1동49-11,1,,서울특별시 중랑구 상봉1동 49-11,37.58890686,127.0861971,,,02-2094-2683,서울특별시 중랑구청,2026-02-26
상봉1동74-32,1,,서울특별시 중랑구 상봉1동 74-32,37.58929238,127.0860927,,,02-2094-2683,서울특별시 중랑구청,2026-02-26
상봉1동74-28,1,,서울특별시 중랑구 상봉1동 74-28,37.58956509,127.0856221,,,02-2094-2683,서울특별시 중랑구청,2026-02-26
상봉1동50-41,1,,서울특별시 중랑구 상봉1동 50-41,37.58933179,127.0859212,,,02-2094-2683,서울특별시 중랑구청,2026-02-26
상봉1동50-39,1,,서울특별시 중랑구 상봉1동 50-39,37.58912435,127.0859573,,,02-2094-2683,서울특별시 중랑구청,2026-02-26
상봉1동50-35,1,,서울특별시 중랑구 상봉1동 50-35,37.58887194,127.0860262,,,02-2094-2683,서울특별시 중랑구청,2026-02-26
상봉1동50-33,1,,서울특별시 중랑구 상봉1동 50-33,37.58916675,127.086627,,,02-2094-2683,서울특별시 중랑구청,2026-02-26
상봉1동74-36,1,,서울특별시 중랑구 상봉1동 74-36,37.5890104,127.0866698,,,02-2094-2683,서울특별시 중랑구청,2026-02-26
상봉1동74-23,1,,서울특별시 중랑구 상봉1동 74-23,37.58947223,127.0865705,,,02-2094-2683,서울특별시 중랑구청,2026-02-26
상봉1동50-1,1,,서울특별시 중랑구 상봉1동 50-1,37.58963841,127.0866383,,,02-2094-2683,서울특별시 중랑구청,2026-02-26
상봉1동50-3,1,,서울특별시 중랑구 상봉1동 50-3,37.58980394,127.086488,,,02-2094-2683,서울특별시 중랑구청,2026-02-26
상봉1동50-5,1,,서울특별시 중랑구 상봉1동 50-5,37.59013092,127.0864745,,,02-2094-2683,서울특별시 중랑구청,2026-02-26
상봉1동116-4,1,,서울특별시 중랑구 상봉1동 116-4,37.5897413,127.086643,,,02-2094-2683,서울특별시 중랑구청,2026-02-26
상봉1동116-45,1,,서울특별시 중랑구 상봉1동 116-45,37.59019347,127.0868261,,,02-2094-2683,서울특별시 중랑구청,2026-02-26
상봉1동116-1,1,,서울특별시 중랑구 상봉1동 116-1,,,,,02-2094-2683,서울특별시 중랑구청,2026-02-26
상봉1동100-24,1,,서울특별시 중랑구 상봉1동 100-24,37.58876025,127.0867129,,,02-2094-2683,서울특별시 중랑구청,2026-02-26
상봉1동116-47,1,,서울특별시 중랑구 상봉1동 116-47,37.58876025,127.0867129,,,02-2094-2683,서울특별시 중랑구청,2026-02-26
상봉1동268-30,1,,서울특별시 중랑구 상봉1동 268-30,37.58858099,127.0867794,,,02-2094-2683,서울특별시 중랑구청,2026-02-26
상봉1동200-107,1,,서울특별시 중랑구 상봉1동 200-107,37.58840942,127.0865721,,,02-2094-2683,서울특별시 중랑구청,2026-02-26
상봉1동261-10,1,,서울특별시 중랑구 상봉1동 261-10,37.58871602,127.086461,,,02-2094-2683,서울특별시 중랑구청,2026-02-26
상봉1동190-211,1,,서울특별시 중랑구 상봉1동 190-211,37.58860759,127.0863836,,,02-2094-2683,서울특별시 중랑구청,2026-02-26
상봉1동317-11,1,,서울특별시 중랑구 상봉1동 317-11,37.58844588,127.0862465,,,02-2094-2683,서울특별시 중랑구청,2026-02-26
상봉1동37-1,1,,서울특별시 중랑구 상봉1동 37-1,37.58861223,127.0860791,,,02-2094-2683,서울특별시 중랑구청,2026-02-26
상봉1동184-27,1,,서울특별시 중랑구 상봉1동 184-27,37.58861223,127.0860791,,,02-2094-2683,서울특별시 중랑구청,2026-02-26
상봉1동271-5,1,,서울특별시 중랑구 상봉1동 271-5,37.58837941,127.0859586,,,02-2094-2683,서울특별시 중랑구청,2026-02-26
상봉1동279-96,1,,서울특별시 중랑구 상봉1동 279-96,37.58837941,127.0859586,,,02-2094-2683,서울특별시 중랑구청,2026-02-26
상봉1동315-68,1,,서울특별시 중랑구 상봉1동 315-68,37.58818988,127.0860296,,,02-2094-2683,서울특별시 중랑구청,2026-02-26
상봉1동261-1,1,,서울특별시 중랑구 상봉1동 261-1,37.58779111,127.0856544,,,02-2094-2683,서울특별시 중랑구청,2026-02-26
상봉1동190-255,1,,서울특별시 중랑구 상봉1동 190-255,37.58827014,127.0855625,,,02-2094-2683,서울특별시 중랑구청,2026-02-26
상봉1동312,1,,서울특별시 중랑구 상봉1동 312,37.58841092,127.0855046,,,02-2094-2683,서울특별시 중랑구청,2026-02-26
상봉1동206-25,1,,서울특별시 중랑구 상봉1동 206-25,37.58839146,127.0853764,,,02-2094-2683,서울특별시 중랑구청,2026-02-26
상봉1동29-12,1,,서울특별시 중랑구 상봉1동 29-12,37.58830982,127.0852688,,,02-2094-2683,서울특별시 중랑구청,2026-02-26
상봉1동,1,,서울특별시 중랑구 상봉1동,37.58810743,127.085176,,,02-2094-2683,서울특별시 중랑구청,2026-02-26
상봉1동205-33,1,,서울특별시 중랑구 상봉1동 205-33,37.58836986,127.0850896,,,02-2094-2683,서울특별시 중랑구청,2026-02-26
상봉1동253-10,1,,서울특별시 중랑구 상봉1동 253-10,,,,,02-2094-2683,서울특별시 중랑구청,2026-02-26
상봉1동40-7,1,,서울특별시 중랑구 상봉1동 40-7,37.58793762,127.0848819,,,02-2094-2683,서울특별시 중랑구청,2026-02-26
상봉1동190-68,1,,서울특별시 중랑구 상봉1동 190-68,37.58809675,127.0848636,,,02-2094-2683,서울특별시 중랑구청,2026-02-26
상봉1동117-2,1,,서울특별시 중랑구 상봉1동 117-2,37.58788375,127.0873448,,,02-2094-2683,서울특별시 중랑구청,2026-02-26
상봉1동256-3,1,,서울특별시 중랑구 상봉1동 256-3,37.58750318,127.0873292,,,02-2094-2683,서울특별시 중랑구청,2026-02-26
상봉1동273-16,1,,서울특별시 중랑구 상봉1동 273-16,37.58754037,127.0874787,,,02-2094-2683,서울특별시 중랑구청,2026-02-26
상봉1동244-9,1,,서울특별시 중랑구 상봉1동 244-9,37.58773882,127.0876505,,,02-2094-2683,서울특별시 중랑구청,2026-02-26
상봉1동190-127,1,,서울특별시 중랑구 상봉1동 190-127,,,,,02-2094-2683,서울특별시 중랑구청,2026-02-26
상봉1동216-20,1,,서울특별시 중랑구 상봉1동 216-20,37.58707068,127.0876007,,,02-2094-2683,서울특별시 중랑구청,2026-02-26
상봉1동190-115,1,,서울특별시 중랑구 상봉1동 190-115,37.58686149,127.0875795,,,02-2094-2683,서울특별시 중랑구청,2026-02-26
상봉1동190-128,1,,서울특별시 중랑구 상봉1동 190-128,37.58676608,127.0875717,,,02-2094-2683,서울특별시 중랑구청,2026-02-26
상봉1동190-134,1,,서울특별시 중랑구 상봉1동 190-134,37.58639027,127.0880607,,,02-2094-2683,서울특별시 중랑구청,2026-02-26
상봉1동315-20,1,,서울특별시 중랑구 상봉1동 315-20,37.58644601,127.0878712,,,02-2094-2683,서울특별시 중랑구청,2026-02-26
상봉1동315-66,1,,서울특별시 중랑구 상봉1동 315-66,37.58649736,127.0876324,,,02-2094-2683,서울특별시 중랑구청,2026-02-26
상봉1동315-19,1,,서울특별시 중랑구 상봉1동 315-19,37.58638534,127.0876712,,,02-2094-2683,서울특별시 중랑구청,2026-02-26
상봉1동315-15,1,,서울특별시 중랑구 상봉1동 315-15,37.58630113,127.0876174,,,02-2094-2683,서울특별시 중랑구청,2026-02-26
상봉1동502,1,,서울특별시 중랑구 상봉1동 502,37.58618936,127.0876877,,,02-2094-2683,서울특별시 중랑구청,2026-02-26
상봉1동257-9,1,,서울특별시 중랑구 상봉1동 257-9,,,,,02-2094-2683,서울특별시 중랑구청,2026-02-26
상봉1동50-55,1,,서울특별시 중랑구 상봉1동 50-55,37.58596193,127.0877191,,,02-2094-2683,서울특별시 중랑구청,2026-02-26
상봉1동785,1,,서울특별시 중랑구 상봉1동 785,37.58579954,127.0877616,,,02-2094-2683,서울특별시 중랑구청,2026-02-26
상봉1동100-5,1,,서울특별시 중랑구 상봉1동 100-5,37.58572409,127.0879311,,,02-2094-2683,서울특별시 중랑구청,2026-02-26
상봉1동100-21,1,,서울특별시 중랑구 상봉1동 100-21,37.58593699,127.0880543,,,02-2094-2683,서울특별시 중랑구청,2026-02-26
상봉1동100-27,1,,서울특별시 중랑구 상봉1동 100-27,37.58572409,127.0879311,,,02-2094-2683,서울특별시 중랑구청,2026-02-26
상봉1동100-51,1,,서울특별시 중랑구 상봉1동 100-51,37.58546854,127.0877212,,,02-2094-2683,서울특별시 중랑구청,2026-02-26
상봉1동200-14,1,,서울특별시 중랑구 상봉1동 200-14,37.58534328,127.0879962,,,02-2094-2683,서울특별시 중랑구청,2026-02-26
상봉1동304-12,1,,서울특별시 중랑구 상봉1동 304-12,37.58501214,127.087787,,,02-2094-2683,서울특별시 중랑구청,2026-02-26
상봉1동44-1,1,,서울특별시 중랑구 상봉1동 44-1,37.58499903,127.0879729,,,02-2094-2683,서울특별시 중랑구청,2026-02-26
상봉1동3-6,1,,서울특별시 중랑구 상봉1동 3-6,37.58513377,127.087669,,,02-2094-2683,서울특별시 중랑구청,2026-02-26
상봉1동333-8,1,,서울특별시 중랑구 상봉1동 333-8,37.58477767,127.0881874,,,02-2094-2683,서울특별시 중랑구청,2026-02-26
상봉1동63,1,,서울특별시 중랑구 상봉1동 63,37.58462586,127.0876959,,,02-2094-2683,서울특별시 중랑구청,2026-02-26
상봉1동315-50,1,,서울특별시 중랑구 상봉1동 315-50,37.58453275,127.087500,,,02-2094-2683,서울특별시 중랑구청,2026-02-26
상봉1동190-110,1,,서울특별시 중랑구 상봉1동 190-110,37.58454394,127.0872403,,,02-2094-2683,서울특별시 중랑구청,2026-02-26
상봉1동257-52,1,,서울특별시 중랑구 상봉1동 257-52,37.58466016,127.0871303,,,02-2094-2683,서울특별시 중랑구청,2026-02-26
상봉1동190-93,1,,서울특별시 중랑구 상봉1동 190-93,37.58445604,127.0871912,,,02-2094-2683,서울특별시 중랑구청,2026-02-26
상봉1동50-27,1,,서울특별시 중랑구 상봉1동 50-27,37.58431899,127.0873184,,,02-2094-2683,서울특별시 중랑구청,2026-02-26
상봉1동307-9,1,,서울특별시 중랑구 상봉1동 307-9,37.58470941,127.0868106,,,02-2094-2683,서울특별시 중랑구청,2026-02-26
상봉1동88,1,,서울특별시 중랑구 상봉1동 88,37.58471406,127.0863602,,,02-2094-2683,서울특별시 중랑구청,2026-02-26
상봉1동206-18,1,,서울특별시 중랑구 상봉1동 206-18,,,,,02-2094-2683,서울특별시 중랑구청,2026-02-26
상봉1동286-20,1,,서울특별시 중랑구 상봉1동 286-20,37.58450759,127.0867993,,,02-2094-2683,서울특별시 중랑구청,2026-02-26
상봉1동218-1,1,,서울특별시 중랑구 상봉1동 218-1,37.58438949,127.0868964,,,02-2094-2683,서울특별시 중랑구청,2026-02-26
상봉1동488-3,1,,서울특별시 중랑구 상봉1동 488-3,37.58476155,127.0862268,,,02-2094-2683,서울특별시 중랑구청,2026-02-26
상봉1동228-2,1,,서울특별시 중랑구 상봉1동 228-2,37.5847769,127.0860622,,,02-2094-2683,서울특별시 중랑구청,2026-02-26
상봉1동226-9,1,,서울특별시 중랑구 상봉1동 226-9,37.58471083,127.0859719,,,02-2094-2683,서울특별시 중랑구청,2026-02-26
상봉1동50-46,1,,서울특별시 중랑구 상봉1동 50-46,37.58461676,127.0858641,,,02-2094-2683,서울특별시 중랑구청,2026-02-26
상봉1동12-2,1,,서울특별시 중랑구 상봉1동 12-2,37.58448447,127.0857682,,,02-2094-2683,서울특별시 중랑구청,2026-02-26
상봉1동491-1,1,,서울특별시 중랑구 상봉1동 491-1,37.58459488,127.0854612,,,02-2094-2683,서울특별시 중랑구청,2026-02-26
상봉1동172-2,1,,서울특별시 중랑구 상봉1동 172-2,37.58468857,127.0851133,,,02-2094-2683,서울특별시 중랑구청,2026-02-26
상봉1동496,1,,서울특별시 중랑구 상봉1동 496,37.58465235,127.0849811,,,02-2094-2683,서울특별시 중랑구청,2026-02-26
상봉1동31-26,1,,서울특별시 중랑구 상봉1동 31-26,37.58457473,127.0845492,,,02-2094-2683,서울특별시 중랑구청,2026-02-26
상봉1동257-17,1,,서울특별시 중랑구 상봉1동 257-17,37.58459502,127.084274,,,02-2094-2683,서울특별시 중랑구청,2026-02-26
상봉1동333-47,1,,서울특별시 중랑구 상봉1동 333-47,37.58489972,127.0845453,,,02-2094-2683,서울특별시 중랑구청,2026-02-26
상봉1동105-50,1,,서울특별시 중랑구 상봉1동 105-50,37.58480687,127.0848542,,,02-2094-2683,서울특별시 중랑구청,2026-02-26
상봉1동114-39,1,,서울특별시 중랑구 상봉1동 114-39,37.58484253,127.085013,,,02-2094-2683,서울특별시 중랑구청,2026-02-26
상봉1동40-10,1,,서울특별시 중랑구 상봉1동 40-10,37.58479017,127.0852775,,,02-2094-2683,서울특별시 중랑구청,2026-02-26
상봉1동660-4,1,,서울특별시 중랑구 상봉1동 660-4,37.58500729,127.0851882,,,02-2094-2683,서울특별시 중랑구청,2026-02-26
상봉1동 46-9,1,,서울특별시 중랑구 상봉1동 46-9,37.595500,127.092800,,,02-2094-2683,서울특별시 중랑구청,2026-02-26
상봉1동 46,1,,서울특별시 중랑구 상봉1동 46,37.595300,127.092500,,,02-2094-2683,서울특별시 중랑구청,2026-02-26
상봉1동 49,1,,서울특별시 중랑구 상봉1동 49,37.5961918,127.0911765,,,02-2094-2683,서울특별시 중랑구청,2026-02-26
상봉1동 314-7,1,,서울특별시 중랑구 상봉1동 314-7,37.600500,127.094200,,,02-2094-2683,서울특별시 중랑구청,2026-02-26
상봉2동137-7,1,,서울특별시 중랑구 상봉2동 137-7,37.58514712,127.0848104,,,02-2094-2683,서울특별시 중랑구청,2026-02-26
상봉2동137-15,1,,서울특별시 중랑구 상봉2동 137-15,37.58530514,127.084577,,,02-2094-2683,서울특별시 중랑구청,2026-02-26
상봉2동136-30,1,,서울특별시 중랑구 상봉2동 136-30,37.58525019,127.0846974,,,02-2094-2683,서울특별시 중랑구청,2026-02-26
상봉2동136-32,1,,서울특별시 중랑구 상봉2동 136-32,,,,,02-2094-2683,서울특별시 중랑구청,2026-02-26
상봉2동494,1,,서울특별시 중랑구 상봉2동 494,37.58521916,127.0852421,,,02-2094-2683,서울특별시 중랑구청,2026-02-26
상봉2동136-87,1,,서울특별시 중랑구 상봉2동 136-87,37.58522886,127.0855348,,,02-2094-2683,서울특별시 중랑구청,2026-02-26
상봉2동102-4,1,,서울특별시 중랑구 상봉2동 102-4,37.5852139,127.0856662,,,02-2094-2683,서울특별시 중랑구청,2026-02-26
상봉2동136-90,1,,서울특별시 중랑구 상봉2동 136-90,37.58507435,127.0856488,,,02-2094-2683,서울특별시 중랑구청,2026-02-26
상봉2동136-64,1,,서울특별시 중랑구 상봉2동 136-64,37.58498813,127.0856359,,,02-2094-2683,서울특별시 중랑구청,2026-02-26
상봉2동136-59,1,,서울특별시 중랑구 상봉2동 136-59,37.58530637,127.0843745,,,02-2094-2683,서울특별시 중랑구청,2026-02-26
상봉2동136-46,1,,서울특별시 중랑구 상봉2동 136-46,37.585071,127.0842906,,,02-2094-2683,서울특별시 중랑구청,2026-02-26
상봉2동136-47,1,,서울특별시 중랑구 상봉2동 136-47,37.58542368,127.0839941,,,02-2094-2683,서울특별시 중랑구청,2026-02-26
상봉2동136-16,1,,서울특별시 중랑구 상봉2동 136-16,37.58529819,127.0840868,,,02-2094-2683,서울특별시 중랑구청,2026-02-26
상봉2동136-5,1,,서울특별시 중랑구 상봉2동 136-5,37.58540293,127.0842862,,,02-2094-2683,서울특별시 중랑구청,2026-02-26
상봉2동136-80,1,,서울특별시 중랑구 상봉2동 136-80,37.58470359,127.0841395,,,02-2094-2683,서울특별시 중랑구청,2026-02-26
상봉2동136-82,1,,서울특별시 중랑구 상봉2동 136-82,37.58494284,127.0840912,,,02-2094-2683,서울특별시 중랑구청,2026-02-26
상봉2동136-85,1,,서울특별시 중랑구 상봉2동 136-85,37.58557767,127.0839736,,,02-2094-2683,서울특별시 중랑구청,2026-02-26
상봉2동130-81,1,,서울특별시 중랑구 상봉2동 130-81,37.58578381,127.0839871,,,02-2094-2683,서울특별시 중랑구청,2026-02-26
상봉2동130-84,1,,서울특별시 중랑구 상봉2동 130-84,37.58595992,127.084034,,,02-2094-2683,서울특별시 중랑구청,2026-02-26
상봉2동130-85,1,,서울특별시 중랑구 상봉2동 130-85,37.58715581,127.0841646,,,02-2094-2683,서울특별시 중랑구청,2026-02-26
상봉2동130-110,1,,서울특별시 중랑구 상봉2동 130-110,37.58578381,127.0839871,,,02-2094-2683,서울특별시 중랑구청,2026-02-26
상봉2동130-112,1,,서울특별시 중랑구 상봉2동 130-112,37.58625448,127.0842579,,,02-2094-2683,서울특별시 중랑구청,2026-02-26
상봉2동130-97,1,,서울특별시 중랑구 상봉2동 130-97,37.58646757,127.0843695,,,02-2094-2683,서울특별시 중랑구청,2026-02-26
상봉2동130-96,1,,서울특별시 중랑구 상봉2동 130-96,37.58631306,127.0844891,,,02-2094-2683,서울특별시 중랑구청,2026-02-26
상봉2동130-105,1,,서울특별시 중랑구 상봉2동 130-105,37.58607955,127.0843232,,,02-2094-2683,서울특별시 중랑구청,2026-02-26
상봉2동130-30,1,,서울특별시 중랑구 상봉2동 130-30,37.58591202,127.0842384,,,02-2094-2683,서울특별시 중랑구청,2026-02-26
상봉2동130-103,1,,서울특별시 중랑구 상봉2동 130-103,37.58556203,127.0848013,,,02-2094-2683,서울특별시 중랑구청,2026-02-26
상봉2동130-48,1,,서울특별시 중랑구 상봉2동 130-48,37.5856117,127.0843962,,,02-2094-2683,서울특별시 중랑구청,2026-02-26
상봉2동130-69,1,,서울특별시 중랑구 상봉2동 130-69,37.58576723,127.0846224,,,02-2094-2683,서울특별시 중랑구청,2026-02-26
상봉2동130-68,1,,서울특별시 중랑구 상봉2동 130-68,37.58572356,127.0847076,,,02-2094-2683,서울특별시 중랑구청,2026-02-26
상봉2동130-58,1,,서울특별시 중랑구 상봉2동 130-58,37.5857962,127.0849306,,,02-2094-2683,서울특별시 중랑구청,2026-02-26
상봉2동130-56,1,,서울특별시 중랑구 상봉2동 130-56,37.58564333,127.0855211,,,02-2094-2683,서울특별시 중랑구청,2026-02-26
상봉2동130-40,1,,서울특별시 중랑구 상봉2동 130-40,37.58572986,127.0857164,,,02-2094-2683,서울특별시 중랑구청,2026-02-26
상봉2동130-43,1,,서울특별시 중랑구 상봉2동 130-43,37.58572986,127.0857164,,,02-2094-2683,서울특별시 중랑구청,2026-02-26
상봉2동130-46,1,,서울특별시 중랑구 상봉2동 130-46,37.58553398,127.0857225,,,02-2094-2683,서울특별시 중랑구청,2026-02-26
상봉2동130-152,1,,서울특별시 중랑구 상봉2동 130-152,37.58555874,127.0854958,,,02-2094-2683,서울특별시 중랑구청,2026-02-26
상봉2동130-19,1,,서울특별시 중랑구 상봉2동 130-19,37.58558673,127.0851655,,,02-2094-2683,서울특별시 중랑구청,2026-02-26
상봉2동130-15,1,,서울특별시 중랑구 상봉2동 130-15,37.58584327,127.0862491,,,02-2094-2683,서울특별시 중랑구청,2026-02-26
상봉2동130-138,1,,서울특별시 중랑구 상봉2동 130-138,37.58595536,127.0861124,,,02-2094-2683,서울특별시 중랑구청,2026-02-26
상봉2동130-145,1,,서울특별시 중랑구 상봉2동 130-145,37.58581299,127.086500,,,02-2094-2683,서울특별시 중랑구청,2026-02-26
상봉2동130-134,1,,서울특별시 중랑구 상봉2동 130-134,37.58580227,127.0867459,,,02-2094-2683,서울특별시 중랑구청,2026-02-26
상봉2동130-132,1,,서울특별시 중랑구 상봉2동 130-132,37.58589517,127.0868583,,,02-2094-2683,서울특별시 중랑구청,2026-02-26
상봉2동130-12,1,,서울특별시 중랑구 상봉2동 130-12,37.58576614,127.0871082,,,02-2094-2683,서울특별시 중랑구청,2026-02-26
상봉2동130-14,1,,서울특별시 중랑구 상봉2동 130-14,37.58580423,127.0872574,,,02-2094-2683,서울특별시 중랑구청,2026-02-26
상봉2동130-10,1,,서울특별시 중랑구 상봉2동 130-10,37.58573404,127.0875034,,,02-2094-2683,서울특별시 중랑구청,2026-02-26
상봉2동130-162,1,,서울특별시 중랑구 상봉2동 130-162,37.58572986,127.0857164,,,02-2094-2683,서울특별시 중랑구청,2026-02-26
상봉2동130-159,1,,서울특별시 중랑구 상봉2동 130-159,37.58611522,127.0866947,,,02-2094-2683,서울특별시 중랑구청,2026-02-26
상봉2동130-153,1,,서울특별시 중랑구 상봉2동 130-153,37.58599207,127.0866694,,,02-2094-2683,서울특별시 중랑구청,2026-02-26
상봉2동130-156,1,,서울특별시 중랑구 상봉2동 130-156,37.58601715,127.0865113,,,02-2094-2683,서울특별시 중랑구청,2026-02-26
상봉2동130-161,1,,서울특별시 중랑구 상봉2동 130-161,37.58614148,127.0862709,,,02-2094-2683,서울특별시 중랑구청,2026-02-26
상봉2동129-9,1,,서울특별시 중랑구 상봉2동 129-9,37.5861587,127.0860099,,,02-2094-2683,서울특별시 중랑구청,2026-02-26
상봉2동129-56,1,,서울특별시 중랑구 상봉2동 129-56,37.58588397,127.0857876,,,02-2094-2683,서울특별시 중랑구청,2026-02-26
상봉2동129-52,1,,서울특별시 중랑구 상봉2동 129-52,37.58591534,127.085386,,,02-2094-2683,서울특별시 중랑구청,2026-02-26
상봉2동129-60,1,,서울특별시 중랑구 상봉2동 129-60,37.58602696,127.0852792,,,02-2094-2683,서울특별시 중랑구청,2026-02-26
상봉2동129-40,1,,서울특별시 중랑구 상봉2동 129-40,37.58592571,127.0852592,,,02-2094-2683,서울특별시 중랑구청,2026-02-26
상봉2동129-42,1,,서울특별시 중랑구 상봉2동 129-42,37.58606724,127.0848994,,,02-2094-2683,서울특별시 중랑구청,2026-02-26
상봉2동129-82,1,,서울특별시 중랑구 상봉2동 129-82,37.58617674,127.084730,,,02-2094-2683,서울특별시 중랑구청,2026-02-26
상봉2동129-45,1,,서울특별시 중랑구 상봉2동 129-45,37.5862883,127.0847151,,,02-2094-2683,서울특별시 중랑구청,2026-02-26
상봉2동129-69,1,,서울특별시 중랑구 상봉2동 129-69,37.58615279,127.0849676,,,02-2094-2683,서울특별시 중랑구청,2026-02-26
상봉2동129-74,1,,서울특별시 중랑구 상봉2동 129-74,37.58624632,127.0850812,,,02-2094-2683,서울특별시 중랑구청,2026-02-26
상봉2동129-85,1,,서울특별시 중랑구 상봉2동 129-85,37.58707613,127.0885171,,,02-2094-2683,서울특별시 중랑구청,2026-02-26
상봉2동129-72,1,,서울특별시 중랑구 상봉2동 129-72,37.58603194,127.0857422,,,02-2094-2683,서울특별시 중랑구청,2026-02-26
상봉2동129-28,1,,서울특별시 중랑구 상봉2동 129-28,,,,,02-2094-2683,서울특별시 중랑구청,2026-02-26
상봉2동129-35,1,,서울특별시 중랑구 상봉2동 129-35,37.58637941,127.0865414,,,02-2094-2683,서울특별시 중랑구청,2026-02-26
상봉2동129-33,1,,서울특별시 중랑구 상봉2동 129-33,37.58637789,127.0867736,,,02-2094-2683,서울특별시 중랑구청,2026-02-26
상봉2동129-50,1,,서울특별시 중랑구 상봉2동 129-50,37.58636339,127.0868932,,,02-2094-2683,서울특별시 중랑구청,2026-02-26
상봉2동129-47,1,,서울특별시 중랑구 상봉2동 129-47,37.58624708,127.0871221,,,02-2094-2683,서울특별시 중랑구청,2026-02-26
상봉2동129-14,1,,서울특별시 중랑구 상봉2동 129-14,37.58624309,127.0874077,,,02-2094-2683,서울특별시 중랑구청,2026-02-26
상봉2동127-46,1,,서울특별시 중랑구 상봉2동 127-46,37.58640319,127.0874124,,,02-2094-2683,서울특별시 중랑구청,2026-02-26
상봉2동127-35,1,,서울특별시 중랑구 상봉2동 127-35,37.58645788,127.087163,,,02-2094-2683,서울특별시 중랑구청,2026-02-26
상봉2동127-33,1,,서울특별시 중랑구 상봉2동 127-33,37.58637424,127.0858543,,,02-2094-2683,서울특별시 중랑구청,2026-02-26
상봉2동124-7,1,,서울특별시 중랑구 상봉2동 124-7,37.58640373,127.0855607,,,02-2094-2683,서울특별시 중랑구청,2026-02-26
상봉2동127-31,1,,서울특별시 중랑구 상봉2동 127-31,37.58637335,127.0852159,,,02-2094-2683,서울특별시 중랑구청,2026-02-26
상봉2동127-21,1,,서울특별시 중랑구 상봉2동 127-21,37.58647475,127.0849198,,,02-2094-2683,서울특별시 중랑구청,2026-02-26
상봉2동127-11,1,,서울특별시 중랑구 상봉2동 127-11,37.58661565,127.0844327,,,02-2094-2683,서울특별시 중랑구청,2026-02-26
상봉2동127-37,1,,서울특별시 중랑구 상봉2동 127-37,37.58676761,127.0844874,,,02-2094-2683,서울특별시 중랑구청,2026-02-26
상봉2동127-24,1,,서울특별시 중랑구 상봉2동 127-24,37.58665349,127.0845614,,,02-2094-2683,서울특별시 중랑구청,2026-02-26
상봉2동122-78,1,,서울특별시 중랑구 상봉2동 122-78,37.58674626,127.0847319,,,02-2094-2683,서울특별시 중랑구청,2026-02-26
상봉2동127-42,1,,서울특별시 중랑구 상봉2동 127-42,37.58670859,127.0851158,,,02-2094-2683,서울특별시 중랑구청,2026-02-26
상봉2동127-5,1,,서울특별시 중랑구 상봉2동 127-5,37.58662934,127.0848226,,,02-2094-2683,서울특별시 중랑구청,2026-02-26
상봉2동127-45,1,,서울특별시 중랑구 상봉2동 127-45,37.5866651,127.0855717,,,02-2094-2683,서울특별시 중랑구청,2026-02-26
상봉2동126-22,1,,서울특별시 중랑구 상봉2동 126-22,37.58657293,127.0855745,,,02-2094-2683,서울특별시 중랑구청,2026-02-26
상봉2동126-29,1,,서울특별시 중랑구 상봉2동 126-29,37.58653489,127.0858468,,,02-2094-2683,서울특별시 중랑구청,2026-02-26
상봉2동126-52,1,,서울특별시 중랑구 상봉2동 126-52,37.58676934,127.0860794,,,02-2094-2683,서울특별시 중랑구청,2026-02-26
상봉2동126-20,1,,서울특별시 중랑구 상봉2동 126-20,37.58697413,127.0862166,,,02-2094-2683,서울특별시 중랑구청,2026-02-26
상봉2동126-7,1,,서울특별시 중랑구 상봉2동 126-7,37.5867369,127.0865861,,,02-2094-2683,서울특별시 중랑구청,2026-02-26
상봉2동126-12,1,,서울특별시 중랑구 상봉2동 126-12,37.5867369,127.0865861,,,02-2094-2683,서울특별시 중랑구청,2026-02-26
상봉2동126-39,1,,서울특별시 중랑구 상봉2동 126-39,37.58671257,127.0868266,,,02-2094-2683,서울특별시 중랑구청,2026-02-26
상봉2동126-36,1,,서울특별시 중랑구 상봉2동 126-36,37.58673824,127.0869601,,,02-2094-2683,서울특별시 중랑구청,2026-02-26
상봉2동120-2,1,,서울특별시 중랑구 상봉2동 120-2,37.58690322,127.087202,,,02-2094-2683,서울특별시 중랑구청,2026-02-26
상봉2동120-4,1,,서울특별시 중랑구 상봉2동 120-4,37.58683321,127.0865944,,,02-2094-2683,서울특별시 중랑구청,2026-02-26
상봉2동120-52,1,,서울특별시 중랑구 상봉2동 120-52,37.5869949,127.0857721,,,02-2094-2683,서울특별시 중랑구청,2026-02-26
상봉2동120-42,1,,서울특별시 중랑구 상봉2동 120-42,37.58703241,127.0854947,,,02-2094-2683,서울특별시 중랑구청,2026-02-26
상봉2동120-46,1,,서울특별시 중랑구 상봉2동 120-46,,,,,02-2094-2683,서울특별시 중랑구청,2026-02-26
상봉2동120-38,1,,서울특별시 중랑구 상봉2동 120-38,37.58720075,127.0846905,,,02-2094-2683,서울특별시 중랑구청,2026-02-26
상봉2동120-41,1,,서울특별시 중랑구 상봉2동 120-41,37.586912,127.0845452,,,02-2094-2683,서울특별시 중랑구청,2026-02-26
상봉2동118-31,1,,서울특별시 중랑구 상봉2동 118-31,37.58697431,127.085093,,,02-2094-2683,서울특별시 중랑구청,2026-02-26
상봉2동118-41,1,,서울특별시 중랑구 상봉2동 118-41,37.58679075,127.0858737,,,02-2094-2683,서울특별시 중랑구청,2026-02-26
상봉2동118-34,1,,서울특별시 중랑구 상봉2동 118-34,37.58723947,127.0859642,,,02-2094-2683,서울특별시 중랑구청,2026-02-26
상봉2동118-29,1,,서울특별시 중랑구 상봉2동 118-29,37.58763992,127.0860216,,,02-2094-2683,서울특별시 중랑구청,2026-02-26
상봉2동118-13,1,,서울특별시 중랑구 상봉2동 118-13,37.58762195,127.0857102,,,02-2094-2683,서울특별시 중랑구청,2026-02-26
상봉2동118-22,1,,서울특별시 중랑구 상봉2동 118-22,37.58739567,127.0856413,,,02-2094-2683,서울특별시 중랑구청,2026-02-26
상봉2동118-8,1,,서울특별시 중랑구 상봉2동 118-8,37.587478,127.0859102,,,02-2094-2683,서울특별시 중랑구청,2026-02-26
상봉2동118-1,1,,서울특별시 중랑구 상봉2동 118-1,37.58748732,127.085609,,,02-2094-2683,서울특별시 중랑구청,2026-02-26
상봉2동118-21,1,,서울특별시 중랑구 상봉2동 118-21,37.58774597,127.085523,,,02-2094-2683,서울특별시 중랑구청,2026-02-26
상봉2동119,1,,서울특별시 중랑구 상봉2동 119,37.58764547,127.0854492,,,02-2094-2683,서울특별시 중랑구청,2026-02-26
상봉2동119-46,1,,서울특별시 중랑구 상봉2동 119-46,37.58766369,127.0851771,,,02-2094-2683,서울특별시 중랑구청,2026-02-26
상봉2동119-11,1,,서울특별시 중랑구 상봉2동 119-11,37.58736605,127.0852343,,,02-2094-2683,서울특별시 중랑구청,2026-02-26
상봉2동119-14,1,,서울특별시 중랑구 상봉2동 119-14,37.58737024,127.0848004,,,02-2094-2683,서울특별시 중랑구청,2026-02-26
상봉2동119-55,1,,서울특별시 중랑구 상봉2동 119-55,37.5874545,127.084904,,,02-2094-2683,서울특별시 중랑구청,2026-02-26
상봉2동119-53,1,,서울특별시 중랑구 상봉2동 119-53,37.58731896,127.0854397,,,02-2094-2683,서울특별시 중랑구청,2026-02-26
상봉2동119-65,1,,서울특별시 중랑구 상봉2동 119-65,37.58706455,127.086383,,,02-2094-2683,서울특별시 중랑구청,2026-02-26
상봉2동119-56,1,,서울특별시 중랑구 상봉2동 119-56,37.58704115,127.0867242,,,02-2094-2683,서울특별시 중랑구청,2026-02-26
상봉2동119-22,1,,서울특별시 중랑구 상봉2동 119-22,37.5870132,127.0869946,,,02-2094-2683,서울특별시 중랑구청,2026-02-26
상봉2동119-33,1,,서울특별시 중랑구 상봉2동 119-33,37.58698333,127.0872992,,,02-2094-2683,서울특별시 중랑구청,2026-02-26
상봉2동119-32,1,,서울특별시 중랑구 상봉2동 119-32,37.58721495,127.0872117,,,02-2094-2683,서울특별시 중랑구청,2026-02-26
상봉2동119-40,1,,서울특별시 중랑구 상봉2동 119-40,37.587467,127.0865492,,,02-2094-2683,서울특별시 중랑구청,2026-02-26
상봉2동121-45,1,,서울특별시 중랑구 상봉2동 121-45,37.58743952,127.0862911,,,02-2094-2683,서울특별시 중랑구청,2026-02-26
상봉2동121-29,1,,서울특별시 중랑구 상봉2동 121-29,37.58773227,127.086766,,,02-2094-2683,서울특별시 중랑구청,2026-02-26
상봉2동121-28,1,,서울특별시 중랑구 상봉2동 121-28,37.5879098,127.0869614,,,02-2094-2683,서울특별시 중랑구청,2026-02-26
상봉2동121-22,1,,서울특별시 중랑구 상봉2동 121-22,37.58791588,127.0866565,,,02-2094-2683,서울특별시 중랑구청,2026-02-26
상봉2동121-21,1,,서울특별시 중랑구 상봉2동 121-21,,,,,02-2094-2683,서울특별시 중랑구청,2026-02-26
상봉2동121-14,1,,서울특별시 중랑구 상봉2동 121-14,37.58808028,127.0869522,,,02-2094-2683,서울특별시 중랑구청,2026-02-26
상봉2동121-79,1,,서울특별시 중랑구 상봉2동 121-79,37.59089522,127.0863718,,,02-2094-2683,서울특별시 중랑구청,2026-02-26
상봉2동121-51,1,,서울특별시 중랑구 상봉2동 121-51,37.59044045,127.0862982,,,02-2094-2683,서울특별시 중랑구청,2026-02-26
상봉2동121-64,1,,서울특별시 중랑구 상봉2동 121-64,37.58592904,127.0863722,,,02-2094-2683,서울특별시 중랑구청,2026-02-26
상봉2동121,1,,서울특별시 중랑구 상봉2동 121,37.58921727,127.0879981,,,02-2094-2683,서울특별시 중랑구청,2026-02-26
상봉2동121-6,2,,서울특별시 중랑구 상봉2동 121-6,37.58614434,127.0850592,,,02-2094-2683,서울특별시 중랑구청,2026-02-26
상봉2동121-59,1,,서울특별시 중랑구 상봉2동 121-59,37.58779706,127.0862615,,,02-2094-2683,서울특별시 중랑구청,2026-02-26
상봉2동121-11,1,,서울특별시 중랑구 상봉2동 121-11,37.58677142,127.0861969,,,02-2094-2683,서울특별시 중랑구청,2026-02-26
상봉2동121-12,1,,서울특별시 중랑구 상봉2동 121-12,37.59120078,127.0899422,,,02-2094-2683,서울특별시 중랑구청,2026-02-26
상봉2동122-44,1,,서울특별시 중랑구 상봉2동 122-44,37.59278846,127.0909559,,,02-2094-2683,서울특별시 중랑구청,2026-02-26
상봉2동122-47,1,,서울특별시 중랑구 상봉2동 122-47,37.58995444,127.086204,,,02-2094-2683,서울특별시 중랑구청,2026-02-26
상봉2동122-48,1,,서울특별시 중랑구 상봉2동 122-48,37.58988818,127.0855029,,,02-2094-2683,서울특별시 중랑구청,2026-02-26
상봉2동122-73,1,,서울특별시 중랑구 상봉2동 122-73,,,,,02-2094-2683,서울특별시 중랑구청,2026-02-26
상봉2동122-39,1,,서울특별시 중랑구 상봉2동 122-39,37.58772422,127.0863225,,,02-2094-2683,서울특별시 중랑구청,2026-02-26
상봉2동122-36,1,,서울특별시 중랑구 상봉2동 122-36,37.59084048,127.091003,,,02-2094-2683,서울특별시 중랑구청,2026-02-26
상봉2동122-33,1,,서울특별시 중랑구 상봉2동 122-33,37.59163227,127.0930796,,,02-2094-2683,서울특별시 중랑구청,2026-02-26
상봉2동122-64,1,,서울특별시 중랑구 상봉2동 122-64,37.59058959,127.0916548,,,02-2094-2683,서울특별시 중랑구청,2026-02-26
상봉2동122-71,1,,서울특별시 중랑구 상봉2동 122-71,37.59137894,127.092359,,,02-2094-2683,서울특별시 중랑구청,2026-02-26
상봉2동91-7,1,,서울특별시 중랑구 상봉2동 91-7,37.59156056,127.0918016,,,02-2094-2683,서울특별시 중랑구청,2026-02-26
상봉2동90-24,1,,서울특별시 중랑구 상봉2동 90-24,37.59154808,127.0916348,,,02-2094-2683,서울특별시 중랑구청,2026-02-26
상봉2동122-27,1,,서울특별시 중랑구 상봉2동 122-27,37.58611612,127.0881537,,,02-2094-2683,서울특별시 중랑구청,2026-02-26
상봉2동122-18,1,,서울특별시 중랑구 상봉2동 122-18,,,,,02-2094-2683,서울특별시 중랑구청,2026-02-26
상봉2동122-22,1,,서울특별시 중랑구 상봉2동 122-22,37.58974529,127.0842513,,,02-2094-2683,서울특별시 중랑구청,2026-02-26
상봉2동122-10,1,,서울특별시 중랑구 상봉2동 122-10,37.59168653,127.0905016,,,02-2094-2683,서울특별시 중랑구청,2026-02-26
상봉2동122-11,1,,서울특별시 중랑구 상봉2동 122-11,37.58986284,127.0904927,,,02-2094-2683,서울특별시 중랑구청,2026-02-26
상봉2동122-13,1,,서울특별시 중랑구 상봉2동 122-13,37.59026052,127.0920283,,,02-2094-2683,서울특별시 중랑구청,2026-02-26
상봉2동122-58,1,,서울특별시 중랑구 상봉2동 122-58,37.58999904,127.089106,,,02-2094-2683,서울특별시 중랑구청,2026-02-26
상봉2동122-31,1,,서울특별시 중랑구 상봉2동 122-31,37.59116073,127.0861375,,,02-2094-2683,서울특별시 중랑구청,2026-02-26
상봉2동122-80,1,,서울특별시 중랑구 상봉2동 122-80,37.58572356,127.0847076,,,02-2094-2683,서울특별시 중랑구청,2026-02-26
상봉2동122-77,1,,서울특별시 중랑구 상봉2동 122-77,37.59016139,127.092172,,,02-2094-2683,서울특별시 중랑구청,2026-02-26
상봉2동124-5,1,,서울특별시 중랑구 상봉2동 124-5,37.59239208,127.0915759,,,02-2094-2683,서울특별시 중랑구청,2026-02-26
상봉2동124-12,1,,서울특별시 중랑구 상봉2동 124-12,37.59226034,127.0915993,,,02-2094-2683,서울특별시 중랑구청,2026-02-26
상봉2동124-24,1,,서울특별시 중랑구 상봉2동 124-24,37.59306277,127.0894737,,,02-2094-2683,서울특별시 중랑구청,2026-02-26
상봉2동124-96,1,,서울특별시 중랑구 상봉2동 124-96,37.59265855,127.0894026,,,02-2094-2683,서울특별시 중랑구청,2026-02-26
상봉2동124-94,1,,서울특별시 중랑구 상봉2동 124-94,37.58983834,127.0898932,,,02-2094-2683,서울특별시 중랑구청,2026-02-26
상봉2동124-65,1,,서울특별시 중랑구 상봉2동 124-65,37.59125694,127.0919034,,,02-2094-2683,서울특별시 중랑구청,2026-02-26
상봉2동124-74,1,,서울특별시 중랑구 상봉2동 124-74,37.59155198,127.0904233,,,02-2094-2683,서울특별시 중랑구청,2026-02-26
상봉2동124-42,1,,서울특별시 중랑구 상봉2동 124-42,37.59255235,127.0886489,,,02-2094-2683,서울특별시 중랑구청,2026-02-26
상봉2동124-56,1,,서울특별시 중랑구 상봉2동 124-56,37.59315258,127.0906785,,,02-2094-2683,서울특별시 중랑구청,2026-02-26
상봉2동124-53,1,,서울특별시 중랑구 상봉2동 124-53,37.59318453,127.0903737,,,02-2094-2683,서울특별시 중랑구청,2026-02-26
상봉2동124-82,1,,서울특별시 중랑구 상봉2동 124-82,37.59356784,127.0916269,,,02-2094-2683,서울특별시 중랑구청,2026-02-26
상봉2동124-87,1,,서울특별시 중랑구 상봉2동 124-87,37.59011119,127.0889054,,,02-2094-2683,서울특별시 중랑구청,2026-02-26
상봉2동125-16,1,,서울특별시 중랑구 상봉2동 125-16,,,,,02-2094-2683,서울특별시 중랑구청,2026-02-26
상봉2동125-61,1,,서울특별시 중랑구 상봉2동 125-61,37.5902034,127.0893255,,,02-2094-2683,서울특별시 중랑구청,2026-02-26
상봉2동125-58,1,,서울특별시 중랑구 상봉2동 125-58,37.58947371,127.0917702,,,02-2094-2683,서울특별시 중랑구청,2026-02-26
상봉2동125-57,1,,서울특별시 중랑구 상봉2동 125-57,37.59307864,127.0909864,,,02-2094-2683,서울특별시 중랑구청,2026-02-26
상봉2동125-11,1,,서울특별시 중랑구 상봉2동 125-11,37.59246408,127.0883666,,,02-2094-2683,서울특별시 중랑구청,2026-02-26
상봉2동125-50,1,,서울특별시 중랑구 상봉2동 125-50,37.59347375,127.0930403,,,02-2094-2683,서울특별시 중랑구청,2026-02-26
상봉2동125-46,1,,서울특별시 중랑구 상봉2동 125-46,37.58443705,127.0861813,,,02-2094-2683,서울특별시 중랑구청,2026-02-26
상봉2동125-38,1,,서울특별시 중랑구 상봉2동 125-38,37.58583232,127.090877,,,02-2094-2683,서울특별시 중랑구청,2026-02-26
상봉2동125-40,1,,서울특별시 중랑구 상봉2동 125-40,37.58644078,127.0870246,,,02-2094-2683,서울특별시 중랑구청,2026-02-26
상봉2동125-8,1,,서울특별시 중랑구 상봉2동 125-8,37.59103059,127.0925079,,,02-2094-2683,서울특별시 중랑구청,2026-02-26
상봉2동125-6,1,,서울특별시 중랑구 상봉2동 125-6,37.58701082,127.0935614,,,02-2094-2683,서울특별시 중랑구청,2026-02-26
상봉2동125-7,1,,서울특별시 중랑구 상봉2동 125-7,37.59072044,127.0925401,,,02-2094-2683,서울특별시 중랑구청,2026-02-26
상봉2동125-4,1,,서울특별시 중랑구 상봉2동 125-4,37.58675269,127.0886162,,,02-2094-2683,서울특별시 중랑구청,2026-02-26
상봉2동125-14,1,,서울특별시 중랑구 상봉2동 125-14,,,,,02-2094-2683,서울특별시 중랑구청,2026-02-26
상봉2동125-62,1,,서울특별시 중랑구 상봉2동 125-62,37.5906966,127.0872878,,,02-2094-2683,서울특별시 중랑구청,2026-02-26
상봉2동125-65,1,,서울특별시 중랑구 상봉2동 125-65,,,,,02-2094-2683,서울특별시 중랑구청,2026-02-26
상봉2동125-66,1,,서울특별시 중랑구 상봉2동 125-66,37.58686147,127.0855199,,,02-2094-2683,서울특별시 중랑구청,2026-02-26
상봉2동125-18,1,,서울특별시 중랑구 상봉2동 125-18,37.58787119,127.0867829,,,02-2094-2683,서울특별시 중랑구청,2026-02-26
상봉2동125-19,1,,서울특별시 중랑구 상봉2동 125-19,37.59373925,127.0927269,,,02-2094-2683,서울특별시 중랑구청,2026-02-26
상봉2동109-53,1,,서울특별시 중랑구 상봉2동 109-53,37.58851746,127.0930664,,,02-2094-2683,서울특별시 중랑구청,2026-02-26
상봉2동109-28,1,,서울특별시 중랑구 상봉2동 109-28,37.58569975,127.0881789,,,02-2094-2683,서울특별시 중랑구청,2026-02-26
상봉2동110-37,1,,서울특별시 중랑구 상봉2동 110-37,37.58807258,127.0914115,,,02-2094-2683,서울특별시 중랑구청,2026-02-26
상봉2동109-26,1,,서울특별시 중랑구 상봉2동 109-26,37.58903645,127.0855329,,,02-2094-2683,서울특별시 중랑구청,2026-02-26
상봉2동109-41,1,,서울특별시 중랑구 상봉2동 109-41,,,,,02-2094-2683,서울특별시 중랑구청,2026-02-26
상봉2동109-49,1,,서울특별시 중랑구 상봉2동 109-49,37.59321316,127.0916886,,,02-2094-2683,서울특별시 중랑구청,2026-02-26
상봉2동109-39,1,,서울특별시 중랑구 상봉2동 109-39,37.58830932,127.091119,,,02-2094-2683,서울특별시 중랑구청,2026-02-26
상봉2동109-19,1,,서울특별시 중랑구 상봉2동 109-19,37.58785767,127.0893199,,,02-2094-2683,서울특별시 중랑구청,2026-02-26
상봉2동109-14,1,,서울특별시 중랑구 상봉2동 109-14,,,,,02-2094-2683,서울특별시 중랑구청,2026-02-26
상봉2동109-9,1,,서울특별시 중랑구 상봉2동 109-9,37.59288326,127.0904609,,,02-2094-2683,서울특별시 중랑구청,2026-02-26
상봉2동109-6,1,,서울특별시 중랑구 상봉2동 109-6,37.59011004,127.0913598,,,02-2094-2683,서울특별시 중랑구청,2026-02-26
상봉2동109-55,1,,서울특별시 중랑구 상봉2동 109-55,37.58735561,127.0875552,,,02-2094-2683,서울특별시 중랑구청,2026-02-26
상봉2동109-57,1,,서울특별시 중랑구 상봉2동 109-57,37.59213063,127.0782799,,,02-2094-2683,서울특별시 중랑구청,2026-02-26
상봉2동110-3,1,,서울특별시 중랑구 상봉2동 110-3,37.58782426,127.0882284,,,02-2094-2683,서울특별시 중랑구청,2026-02-26
상봉2동110,1,,서울특별시 중랑구 상봉2동 110,37.58988818,127.0855029,,,02-2094-2683,서울특별시 중랑구청,2026-02-26
상봉2동110-13,1,,서울특별시 중랑구 상봉2동 110-13,37.58902387,127.0870941,,,02-2094-2683,서울특별시 중랑구청,2026-02-26
상봉2동110-15,1,,서울특별시 중랑구 상봉2동 110-15,37.58694872,127.0864634,,,02-2094-2683,서울특별시 중랑구청,2026-02-26
상봉2동110-6,1,,서울특별시 중랑구 상봉2동 110-6,37.59020491,127.088887,,,02-2094-2683,서울특별시 중랑구청,2026-02-26
상봉2동110-21,1,,서울특별시 중랑구 상봉2동 110-21,37.59214724,127.0915105,,,02-2094-2683,서울특별시 중랑구청,2026-02-26
상봉2동110-61,1,,서울특별시 중랑구 상봉2동 110-61,37.58896699,127.0909538,,,02-2094-2683,서울특별시 중랑구청,2026-02-26
상봉2동110-34,1,,서울특별시 중랑구 상봉2동 110-34,37.58915698,127.0889856,,,02-2094-2683,서울특별시 중랑구청,2026-02-26
상봉2동110-36,1,,서울특별시 중랑구 상봉2동 110-36,37.58465528,127.0873835,,,02-2094-2683,서울특별시 중랑구청,2026-02-26
상봉2동110-52,1,,서울특별시 중랑구 상봉2동 110-52,37.59170721,127.0925316,,,02-2094-2683,서울특별시 중랑구청,2026-02-26
상봉2동110-57,1,,서울특별시 중랑구 상봉2동 110-57,37.59022408,127.0857409,,,02-2094-2683,서울특별시 중랑구청,2026-02-26
상봉2동110-56,1,,서울특별시 중랑구 상봉2동 110-56,37.58597256,127.086862,,,02-2094-2683,서울특별시 중랑구청,2026-02-26
상봉2동111-3,1,,서울특별시 중랑구 상봉2동 111-3,37.58944434,127.0886949,,,02-2094-2683,서울특별시 중랑구청,2026-02-26
상봉2동111-17,1,,서울특별시 중랑구 상봉2동 111-17,37.59076131,127.089066,,,02-2094-2683,서울특별시 중랑구청,2026-02-26
상봉2동111-7,1,,서울특별시 중랑구 상봉2동 111-7,37.59146633,127.0916746,,,02-2094-2683,서울특별시 중랑구청,2026-02-26
상봉2동111-22,1,,서울특별시 중랑구 상봉2동 111-22,37.58988227,127.0868138,,,02-2094-2683,서울특별시 중랑구청,2026-02-26
상봉2동111-62,1,,서울특별시 중랑구 상봉2동 111-62,37.58726257,127.0899176,,,02-2094-2683,서울특별시 중랑구청,2026-02-26
상봉2동111-57,1,,서울특별시 중랑구 상봉2동 111-57,37.5917147,127.0900725,,,02-2094-2683,서울특별시 중랑구청,2026-02-26
상봉2동111-26,1,,서울특별시 중랑구 상봉2동 111-26,37.59205438,127.0895892,,,02-2094-2683,서울특별시 중랑구청,2026-02-26
상봉2동111-40,1,,서울특별시 중랑구 상봉2동 111-40,37.58986009,127.0925307,,,02-2094-2683,서울특별시 중랑구청,2026-02-26
상봉2동111-34,1,,서울특별시 중랑구 상봉2동 111-34,37.58697903,127.0859223,,,02-2094-2683,서울특별시 중랑구청,2026-02-26
상봉2동111-48,1,,서울특별시 중랑구 상봉2동 111-48,37.58909645,127.088239,,,02-2094-2683,서울특별시 중랑구청,2026-02-26
상봉2동111-51,1,,서울특별시 중랑구 상봉2동 111-51,37.58686448,127.0867032,,,02-2094-2683,서울특별시 중랑구청,2026-02-26
상봉2동111-54,1,,서울특별시 중랑구 상봉2동 111-54,37.59211822,127.0879699,,,02-2094-2683,서울특별시 중랑구청,2026-02-26
상봉2동111-81,1,,서울특별시 중랑구 상봉2동 111-81,37.58426612,127.093299,,,02-2094-2683,서울특별시 중랑구청,2026-02-26
상봉2동111-79,1,,서울특별시 중랑구 상봉2동 111-79,37.59254635,127.0876369,,,02-2094-2683,서울특별시 중랑구청,2026-02-26
상봉2동111-76,1,,서울특별시 중랑구 상봉2동 111-76,37.58765658,127.0850374,,,02-2094-2683,서울특별시 중랑구청,2026-02-26
상봉2동112-50,1,,서울특별시 중랑구 상봉2동 112-50,37.59112277,127.0923826,,,02-2094-2683,서울특별시 중랑구청,2026-02-26
상봉2동112-65,1,,서울특별시 중랑구 상봉2동 112-65,37.59349834,127.0912011,,,02-2094-2683,서울특별시 중랑구청,2026-02-26
상봉2동112-48,1,,서울특별시 중랑구 상봉2동 112-48,37.59061722,127.0923794,,,02-2094-2683,서울특별시 중랑구청,2026-02-26
상봉2동112-69,1,,서울특별시 중랑구 상봉2동 112-69,,,,,02-2094-2683,서울특별시 중랑구청,2026-02-26
상봉2동112-66,1,,서울특별시 중랑구 상봉2동 112-66,37.59263841,127.0901709,,,02-2094-2683,서울특별시 중랑구청,2026-02-26
상봉2동114-35,1,,서울특별시 중랑구 상봉2동 114-35,37.58645171,127.0913913,,,02-2094-2683,서울특별시 중랑구청,2026-02-26
상봉2동112-54,1,,서울특별시 중랑구 상봉2동 112-54,37.58991975,127.0859556,,,02-2094-2683,서울특별시 중랑구청,2026-02-26
상봉2동112-58,1,,서울특별시 중랑구 상봉2동 112-58,37.59092375,127.0913241,,,02-2094-2683,서울특별시 중랑구청,2026-02-26
상봉2동112-36,1,,서울특별시 중랑구 상봉2동 112-36,37.5865492,127.0933494,,,02-2094-2683,서울특별시 중랑구청,2026-02-26
상봉2동112-38,1,,서울특별시 중랑구 상봉2동 112-38,,,,,02-2094-2683,서울특별시 중랑구청,2026-02-26
상봉2동112-39,1,,서울특별시 중랑구 상봉2동 112-39,37.58579055,127.0905919,,,02-2094-2683,서울특별시 중랑구청,2026-02-26
상봉2동112-14,1,,서울특별시 중랑구 상봉2동 112-14,37.58875296,127.0850907,,,02-2094-2683,서울특별시 중랑구청,2026-02-26
상봉2동112-17,1,,서울특별시 중랑구 상봉2동 112-17,37.58972037,127.0854536,,,02-2094-2683,서울특별시 중랑구청,2026-02-26
상봉2동112-2,1,,서울특별시 중랑구 상봉2동 112-2,37.58957127,127.0869071,,,02-2094-2683,서울특별시 중랑구청,2026-02-26
상봉2동112-10,1,,서울특별시 중랑구 상봉2동 112-10,37.58988227,127.0868138,,,02-2094-2683,서울특별시 중랑구청,2026-02-26
상봉2동112-7,1,,서울특별시 중랑구 상봉2동 112-7,37.58693176,127.0866093,,,02-2094-2683,서울특별시 중랑구청,2026-02-26
상봉2동112-11,1,,서울특별시 중랑구 상봉2동 112-11,37.5920775,127.0917548,,,02-2094-2683,서울특별시 중랑구청,2026-02-26
상봉2동112-16,1,,서울특별시 중랑구 상봉2동 112-16,37.59202884,127.0903511,,,02-2094-2683,서울특별시 중랑구청,2026-02-26
상봉2동89-7,1,,서울특별시 중랑구 상봉2동 89-7,37.58435581,127.090828,,,02-2094-2683,서울특별시 중랑구청,2026-02-26
상봉2동89-15,1,,서울특별시 중랑구 상봉2동 89-15,37.58903167,127.089313,,,02-2094-2683,서울특별시 중랑구청,2026-02-26
상봉2동89-3,1,,서울특별시 중랑구 상봉2동 89-3,37.59099664,127.0932879,,,02-2094-2683,서울특별시 중랑구청,2026-02-26
상봉2동89,1,,서울특별시 중랑구 상봉2동 89,37.58929257,127.0866929,,,02-2094-2683,서울특별시 중랑구청,2026-02-26
상봉2동114-1,1,,서울특별시 중랑구 상봉2동 114-1,,,,,02-2094-2683,서울특별시 중랑구청,2026-02-26
상봉2동114-15,1,,서울특별시 중랑구 상봉2동 114-15,37.58997609,127.0882407,,,02-2094-2683,서울특별시 중랑구청,2026-02-26
상봉2동114-2,1,,서울특별시 중랑구 상봉2동 114-2,37.59143625,127.091305,,,02-2094-2683,서울특별시 중랑구청,2026-02-26
상봉2동114-7,1,,서울특별시 중랑구 상봉2동 114-7,37.58759722,127.0867552,,,02-2094-2683,서울특별시 중랑구청,2026-02-26
상봉2동114-19,1,,서울특별시 중랑구 상봉2동 114-19,37.58661661,127.0830813,,,02-2094-2683,서울특별시 중랑구청,2026-02-26
상봉2동114-20,1,,서울특별시 중랑구 상봉2동 114-20,37.59368619,127.0917945,,,02-2094-2683,서울특별시 중랑구청,2026-02-26
상봉2동114-13,1,,서울특별시 중랑구 상봉2동 114-13,37.58759249,127.0861966,,,02-2094-2683,서울특별시 중랑구청,2026-02-26
상봉2동114-44,1,,서울특별시 중랑구 상봉2동 114-44,37.58678213,127.0876812,,,02-2094-2683,서울특별시 중랑구청,2026-02-26
상봉2동114-59,1,,서울특별시 중랑구 상봉2동 114-59,37.59313141,127.090562,,,02-2094-2683,서울특별시 중랑구청,2026-02-26
상봉2동114-62,1,,서울특별시 중랑구 상봉2동 114-62,37.59186817,127.0888469,,,02-2094-2683,서울특별시 중랑구청,2026-02-26
상봉2동114-54,1,,서울특별시 중랑구 상봉2동 114-54,37.59034904,127.0865007,,,02-2094-2683,서울특별시 중랑구청,2026-02-26
상봉2동114-43,1,,서울특별시 중랑구 상봉2동 114-43,37.58845276,127.0864376,,,02-2094-2683,서울특별시 중랑구청,2026-02-26
상봉2동114-38,1,,서울특별시 중랑구 상봉2동 114-38,,,,,02-2094-2683,서울특별시 중랑구청,2026-02-26
상봉2동130-100,1,,서울특별시 중랑구 상봉2동 130-100,37.59273951,127.0927158,,,02-2094-2683,서울특별시 중랑구청,2026-02-26
상봉2동115-44,1,,서울특별시 중랑구 상봉2동 115-44,37.58441788,127.088700,,,02-2094-2683,서울특별시 중랑구청,2026-02-26
상봉2동115-45,1,,서울특별시 중랑구 상봉2동 115-45,37.58475456,127.0886148,,,02-2094-2683,서울특별시 중랑구청,2026-02-26
상봉2동115-26,1,,서울특별시 중랑구 상봉2동 115-26,37.58491552,127.0887874,,,02-2094-2683,서울특별시 중랑구청,2026-02-26
상봉2동115-27,1,,서울특별시 중랑구 상봉2동 115-27,37.5853438,127.0888593,,,02-2094-2683,서울특별시 중랑구청,2026-02-26
상봉2동115-31,1,,서울특별시 중랑구 상봉2동 115-31,37.58567462,127.0888991,,,02-2094-2683,서울특별시 중랑구청,2026-02-26
상봉2동115-63,1,,서울특별시 중랑구 상봉2동 115-63,37.58538766,127.0942292,,,02-2094-2683,서울특별시 중랑구청,2026-02-26
상봉2동115-66,1,,서울특별시 중랑구 상봉2동 115-66,37.58615958,127.0889489,,,02-2094-2683,서울특별시 중랑구청,2026-02-26
상봉2동115-71,1,,서울특별시 중랑구 상봉2동 115-71,37.58639762,127.0890823,,,02-2094-2683,서울특별시 중랑구청,2026-02-26
상봉2동108-15,1,,서울특별시 중랑구 상봉2동 108-15,37.58615971,127.0894938,,,02-2094-2683,서울특별시 중랑구청,2026-02-26
상봉2동108-13,1,,서울특별시 중랑구 상봉2동 108-13,37.58624412,127.0896302,,,02-2094-2683,서울특별시 중랑구청,2026-02-26
상봉2동108-10,1,,서울특별시 중랑구 상봉2동 108-10,37.58617285,127.0898752,,,02-2094-2683,서울특별시 중랑구청,2026-02-26
상봉2동108-18,1,,서울특별시 중랑구 상봉2동 108-18,,,,,02-2094-2683,서울특별시 중랑구청,2026-02-26
상봉2동113-20,1,,서울특별시 중랑구 상봉2동 113-20,,,,,02-2094-2683,서울특별시 중랑구청,2026-02-26
상봉2동113-9,1,,서울특별시 중랑구 상봉2동 113-9,37.58607276,127.0903309,,,02-2094-2683,서울특별시 중랑구청,2026-02-26
상봉2동106-16,1,,서울특별시 중랑구 상봉2동 106-16,37.58617573,127.0903458,,,02-2094-2683,서울특별시 중랑구청,2026-02-26
상봉2동106,1,,서울특별시 중랑구 상봉2동 106,37.58612492,127.0909284,,,02-2094-2683,서울특별시 중랑구청,2026-02-26
상봉2동106-14,1,,서울특별시 중랑구 상봉2동 106-14,37.5860305,127.0909169,,,02-2094-2683,서울특별시 중랑구청,2026-02-26
상봉2동106-59,1,,서울특별시 중랑구 상봉2동 106-59,37.58599237,127.0914172,,,02-2094-2683,서울특별시 중랑구청,2026-02-26
상봉2동105-50,1,,서울특별시 중랑구 상봉2동 105-50,37.58609129,127.091418,,,02-2094-2683,서울특별시 중랑구청,2026-02-26
상봉2동105-73,1,,서울특별시 중랑구 상봉2동 105-73,37.58633391,127.0908604,,,02-2094-2683,서울특별시 중랑구청,2026-02-26
상봉2동105-85,1,,서울특별시 중랑구 상봉2동 105-85,37.5862424,127.0907057,,,02-2094-2683,서울특별시 중랑구청,2026-02-26
상봉2동105-88,1,,서울특별시 중랑구 상봉2동 105-88,37.5861578,127.0906984,,,02-2094-2683,서울특별시 중랑구청,2026-02-26
상봉2동105-76,1,,서울특별시 중랑구 상봉2동 105-76,37.58634388,127.0897201,,,02-2094-2683,서울특별시 중랑구청,2026-02-26
상봉2동105-77,1,,서울특별시 중랑구 상봉2동 105-77,37.58642236,127.0892398,,,02-2094-2683,서울특별시 중랑구청,2026-02-26
상봉2동105-57,1,,서울특별시 중랑구 상봉2동 105-57,37.58570849,127.0891481,,,02-2094-2683,서울특별시 중랑구청,2026-02-26
상봉2동105-53,1,,서울특별시 중랑구 상봉2동 105-53,37.58542191,127.0892273,,,02-2094-2683,서울특별시 중랑구청,2026-02-26
상봉2동105-29,1,,서울특별시 중랑구 상봉2동 105-29,37.58515594,127.0895849,,,02-2094-2683,서울특별시 중랑구청,2026-02-26
상봉2동105-26,1,,서울특별시 중랑구 상봉2동 105-26,37.58542191,127.0892273,,,02-2094-2683,서울특별시 중랑구청,2026-02-26
상봉2동105-25,1,,서울특별시 중랑구 상봉2동 105-25,37.58526288,127.0895982,,,02-2094-2683,서울특별시 중랑구청,2026-02-26
상봉2동105-33,1,,서울특별시 중랑구 상봉2동 105-33,37.58521451,127.0896898,,,02-2094-2683,서울특별시 중랑구청,2026-02-26
상봉2동105-36,1,,서울특별시 중랑구 상봉2동 105-36,37.58510899,127.0898346,,,02-2094-2683,서울특별시 중랑구청,2026-02-26
상봉2동105-1,1,,서울특별시 중랑구 상봉2동 105-1,37.5850703,127.0901143,,,02-2094-2683,서울특별시 중랑구청,2026-02-26
상봉2동105-6,1,,서울특별시 중랑구 상봉2동 105-6,37.5854285,127.0901648,,,02-2094-2683,서울특별시 중랑구청,2026-02-26
상봉2동105-4,1,,서울특별시 중랑구 상봉2동 105-4,37.58561316,127.0902128,,,02-2094-2683,서울특별시 중랑구청,2026-02-26
상봉2동105-17,1,,서울특별시 중랑구 상봉2동 105-17,37.5857559,127.0899547,,,02-2094-2683,서울특별시 중랑구청,2026-02-26
상봉2동87-16,1,,서울특별시 중랑구 상봉2동 87-16,37.58601814,127.0892888,,,02-2094-2683,서울특별시 중랑구청,2026-02-26
상봉2동87-7,1,,서울특별시 중랑구 상봉2동 87-7,37.58465052,127.091995,,,02-2094-2683,서울특별시 중랑구청,2026-02-26
상봉2동87-39,1,,서울특별시 중랑구 상봉2동 87-39,37.58565725,127.0897012,,,02-2094-2683,서울특별시 중랑구청,2026-02-26
상봉2동87-5,1,,서울특별시 중랑구 상봉2동 87-5,37.5856559,127.0898165,,,02-2094-2683,서울특별시 중랑구청,2026-02-26
상봉2동87-38,1,,서울특별시 중랑구 상봉2동 87-38,37.58561947,127.0900973,,,02-2094-2683,서울특별시 중랑구청,2026-02-26
상봉2동87-33,1,,서울특별시 중랑구 상봉2동 87-33,37.58548079,127.0899969,,,02-2094-2683,서울특별시 중랑구청,2026-02-26
상봉2동87-31,1,,서울특별시 중랑구 상봉2동 87-31,37.58509795,127.0891805,,,02-2094-2683,서울특별시 중랑구청,2026-02-26
상봉2동87-51,1,,서울특별시 중랑구 상봉2동 87-51,37.58502155,127.0891719,,,02-2094-2683,서울특별시 중랑구청,2026-02-26
상봉2동87-52,1,,서울특별시 중랑구 상봉2동 87-52,37.58487269,127.0893167,,,02-2094-2683,서울특별시 중랑구청,2026-02-26
상봉2동87-28,1,,서울특별시 중랑구 상봉2동 87-28,37.58471665,127.0892958,,,02-2094-2683,서울특별시 중랑구청,2026-02-26
상봉2동87-26,1,,서울특별시 중랑구 상봉2동 87-26,37.58470845,127.0894194,,,02-2094-2683,서울특별시 중랑구청,2026-02-26
상봉2동87-25,1,,서울특별시 중랑구 상봉2동 87-25,37.58463098,127.089399,,,02-2094-2683,서울특별시 중랑구청,2026-02-26
상봉2동87-30,1,,서울특별시 중랑구 상봉2동 87-30,37.58465988,127.0898995,,,02-2094-2683,서울특별시 중랑구청,2026-02-26
상봉2동87-19,1,,서울특별시 중랑구 상봉2동 87-19,37.58435965,127.089934,,,02-2094-2683,서울특별시 중랑구청,2026-02-26
상봉2동87-3,1,,서울특별시 중랑구 상봉2동 87-3,37.58443046,127.090056,,,02-2094-2683,서울특별시 중랑구청,2026-02-26
상봉2동87-1,1,,서울특별시 중랑구 상봉2동 87-1,37.58448101,127.0894523,,,02-2094-2683,서울특별시 중랑구청,2026-02-26
상봉2동88-125,1,,서울특별시 중랑구 상봉2동 88-125,37.58435973,127.0895857,,,02-2094-2683,서울특별시 중랑구청,2026-02-26
상봉2동88-71,1,,서울특별시 중랑구 상봉2동 88-71,37.58437942,127.0891653,,,02-2094-2683,서울특별시 중랑구청,2026-02-26
상봉2동88-29,1,,서울특별시 중랑구 상봉2동 88-29,37.58435185,127.0890406,,,02-2094-2683,서울특별시 중랑구청,2026-02-26
상봉2동88-20,1,,서울특별시 중랑구 상봉2동 88-20,37.5840999,127.0907464,,,02-2094-2683,서울특별시 중랑구청,2026-02-26
상봉2동88-118,1,,서울특별시 중랑구 상봉2동 88-118,37.58413988,127.0908862,,,02-2094-2683,서울특별시 중랑구청,2026-02-26
상봉2동88-53,1,,서울특별시 중랑구 상봉2동 88-53,37.58427441,127.0911158,,,02-2094-2683,서울특별시 중랑구청,2026-02-26
상봉2동88-51,1,,서울특별시 중랑구 상봉2동 88-51,37.58426872,127.0906541,,,02-2094-2683,서울특별시 중랑구청,2026-02-26
상봉2동88-103,1,,서울특별시 중랑구 상봉2동 88-103,37.58408338,127.0902029,,,02-2094-2683,서울특별시 중랑구청,2026-02-26
상봉2동88-56,1,,서울특별시 중랑구 상봉2동 88-56,37.58469221,127.0902801,,,02-2094-2683,서울특별시 중랑구청,2026-02-26
상봉2동88-67,1,,서울특별시 중랑구 상봉2동 88-67,37.58456825,127.0902602,,,02-2094-2683,서울특별시 중랑구청,2026-02-26
상봉2동88-77,1,,서울특별시 중랑구 상봉2동 88-77,37.58464705,127.0905446,,,02-2094-2683,서울특별시 중랑구청,2026-02-26
상봉2동88-97,1,,서울특별시 중랑구 상봉2동 88-97,37.58453774,127.090561,,,02-2094-2683,서울특별시 중랑구청,2026-02-26
상봉2동88-111,1,,서울특별시 중랑구 상봉2동 88-111,37.58453573,127.0910688,,,02-2094-2683,서울특별시 중랑구청,2026-02-26
상봉2동88-40,1,,서울특별시 중랑구 상봉2동 88-40,37.58488163,127.0911754,,,02-2094-2683,서울특별시 중랑구청,2026-02-26
상봉2동88-55,1,,서울특별시 중랑구 상봉2동 88-55,37.58479694,127.0909407,,,02-2094-2683,서울특별시 중랑구청,2026-02-26
상봉2동88-42,1,,서울특별시 중랑구 상봉2동 88-42,37.58495023,127.0903051,,,02-2094-2683,서울특별시 중랑구청,2026-02-26
상봉2동88-43,1,,서울특별시 중랑구 상봉2동 88-43,37.58509022,127.0905695,,,02-2094-2683,서울특별시 중랑구청,2026-02-26
상봉2동88-18,1,,서울특별시 중랑구 상봉2동 88-18,37.58504412,127.0911223,,,02-2094-2683,서울특별시 중랑구청,2026-02-26
상봉2동88-14,1,,서울특별시 중랑구 상봉2동 88-14,37.58457536,127.0932726,,,02-2094-2683,서울특별시 중랑구청,2026-02-26
상봉2동88-11,1,,서울특별시 중랑구 상봉2동 88-11,37.58533528,127.0904717,,,02-2094-2683,서울특별시 중랑구청,2026-02-26
상봉2동88-50,1,,서울특별시 중랑구 상봉2동 88-50,37.58556372,127.0904189,,,02-2094-2683,서울특별시 중랑구청,2026-02-26
상봉2동88-5,1,,서울특별시 중랑구 상봉2동 88-5,37.58561317,127.0905607,,,02-2094-2683,서울특별시 중랑구청,2026-02-26
상봉2동88-2,1,,서울특별시 중랑구 상봉2동 88-2,37.58561317,127.0905607,,,02-2094-2683,서울특별시 중랑구청,2026-02-26
상봉2동88-22,1,,서울특별시 중랑구 상봉2동 88-22,,,,,02-2094-2683,서울특별시 중랑구청,2026-02-26
상봉2동88-34,1,,서울특별시 중랑구 상봉2동 88-34,37.58556894,127.0911266,,,02-2094-2683,서울특별시 중랑구청,2026-02-26
상봉2동86-53,1,,서울특별시 중랑구 상봉2동 86-53,37.58548947,127.0912564,,,02-2094-2683,서울특별시 중랑구청,2026-02-26
상봉2동86-62,1,,서울특별시 중랑구 상봉2동 86-62,37.58586853,127.0909985,,,02-2094-2683,서울특별시 중랑구청,2026-02-26
상봉2동86-51,1,,서울특별시 중랑구 상봉2동 86-51,37.58583232,127.090877,,,02-2094-2683,서울특별시 중랑구청,2026-02-26
상봉2동86-49,1,,서울특별시 중랑구 상봉2동 86-49,37.58569442,127.0906943,,,02-2094-2683,서울특별시 중랑구청,2026-02-26
상봉2동86-46,1,,서울특별시 중랑구 상봉2동 86-46,37.58588848,127.0906018,,,02-2094-2683,서울특별시 중랑구청,2026-02-26
상봉2동86-45,1,,서울특별시 중랑구 상봉2동 86-45,37.58601407,127.0916561,,,02-2094-2683,서울특별시 중랑구청,2026-02-26
상봉2동86-44,1,,서울특별시 중랑구 상봉2동 86-44,37.5859508,127.0919268,,,02-2094-2683,서울특별시 중랑구청,2026-02-26
상봉2동86-38,1,,서울특별시 중랑구 상봉2동 86-38,37.5861755,127.0918116,,,02-2094-2683,서울특별시 중랑구청,2026-02-26
상봉2동86-27,1,,서울특별시 중랑구 상봉2동 86-27,37.58619998,127.0919609,,,02-2094-2683,서울특별시 중랑구청,2026-02-26
상봉2동86-25,1,,서울특별시 중랑구 상봉2동 86-25,37.58641804,127.0917067,,,02-2094-2683,서울특별시 중랑구청,2026-02-26
상봉2동86-33,1,,서울특별시 중랑구 상봉2동 86-33,37.58625243,127.0920624,,,02-2094-2683,서울특별시 중랑구청,2026-02-26
상봉2동86-12,1,,서울특별시 중랑구 상봉2동 86-12,37.58593261,127.092022,,,02-2094-2683,서울특별시 중랑구청,2026-02-26
상봉2동86-20,1,,서울특별시 중랑구 상봉2동 86-20,37.5859227,127.0922579,,,02-2094-2683,서울특별시 중랑구청,2026-02-26
상봉2동86-16,1,,서울특별시 중랑구 상봉2동 86-16,37.58621852,127.0924501,,,02-2094-2683,서울특별시 중랑구청,2026-02-26
상봉2동86-67,1,,서울특별시 중랑구 상봉2동 86-67,37.58620485,127.0925412,,,02-2094-2683,서울특별시 중랑구청,2026-02-26
상봉2동86-79,1,,서울특별시 중랑구 상봉2동 86-79,37.58599698,127.0926579,,,02-2094-2683,서울특별시 중랑구청,2026-02-26
상봉2동86-76,1,,서울특별시 중랑구 상봉2동 86-76,37.58598733,127.0929056,,,02-2094-2683,서울특별시 중랑구청,2026-02-26
상봉2동86-6,1,,서울특별시 중랑구 상봉2동 86-6,37.58584906,127.0929781,,,02-2094-2683,서울특별시 중랑구청,2026-02-26
상봉2동86-4,1,,서울특별시 중랑구 상봉2동 86-4,37.58594148,127.0932402,,,02-2094-2683,서울특별시 중랑구청,2026-02-26
상봉2동86-73,1,,서울특별시 중랑구 상봉2동 86-73,,,,,02-2094-2683,서울특별시 중랑구청,2026-02-26
상봉2동85-53,1,,서울특별시 중랑구 상봉2동 85-53,37.58609794,127.0937493,,,02-2094-2683,서울특별시 중랑구청,2026-02-26
상봉2동85-45,1,,서울특별시 중랑구 상봉2동 85-45,37.58596422,127.0935304,,,02-2094-2683,서울특별시 중랑구청,2026-02-26
상봉2동85-24,1,,서울특별시 중랑구 상봉2동 85-24,37.58579909,127.0935024,,,02-2094-2683,서울특별시 중랑구청,2026-02-26
상봉2동85-35,1,,서울특별시 중랑구 상봉2동 85-35,37.5860835,127.0938882,,,02-2094-2683,서울특별시 중랑구청,2026-02-26
상봉2동85-38,1,,서울특별시 중랑구 상봉2동 85-38,37.58612098,127.0942219,,,02-2094-2683,서울특별시 중랑구청,2026-02-26
상봉2동85-10,1,,서울특별시 중랑구 상봉2동 85-10,37.58612626,127.0945027,,,02-2094-2683,서울특별시 중랑구청,2026-02-26
상봉2동85-6,1,,서울특별시 중랑구 상봉2동 85-6,37.58559473,127.0943125,,,02-2094-2683,서울특별시 중랑구청,2026-02-26
상봉2동85-5,1,,서울특별시 중랑구 상봉2동 85-5,37.58521381,127.0942972,,,02-2094-2683,서울특별시 중랑구청,2026-02-26
상봉2동85-50,1,,서울특별시 중랑구 상봉2동 85-50,37.58521381,127.0942972,,,02-2094-2683,서울특별시 중랑구청,2026-02-26
상봉2동84-30,1,,서울특별시 중랑구 상봉2동 84-30,37.58558559,127.094023,,,02-2094-2683,서울특별시 중랑구청,2026-02-26
상봉2동84-27,1,,서울특별시 중랑구 상봉2동 84-27,37.58534989,127.0939166,,,02-2094-2683,서울특별시 중랑구청,2026-02-26
상봉2동84-22,1,,서울특별시 중랑구 상봉2동 84-22,37.58566512,127.094063,,,02-2094-2683,서울특별시 중랑구청,2026-02-26
상봉2동84-9,1,,서울특별시 중랑구 상봉2동 84-9,37.58556039,127.0935401,,,02-2094-2683,서울특별시 중랑구청,2026-02-26
상봉2동84-11,1,,서울특별시 중랑구 상봉2동 84-11,37.58534165,127.093509,,,02-2094-2683,서울특별시 중랑구청,2026-02-26
상봉2동84-3,1,,서울특별시 중랑구 상봉2동 84-3,37.58537804,127.093407,,,02-2094-2683,서울특별시 중랑구청,2026-02-26
상봉2동84-38,1,,서울특별시 중랑구 상봉2동 84-38,37.58559068,127.0932845,,,02-2094-2683,서울특별시 중랑구청,2026-02-26
상봉2동84-46,1,,서울특별시 중랑구 상봉2동 84-46,37.58552431,127.0930213,,,02-2094-2683,서울특별시 중랑구청,2026-02-26
상봉2동84-56,1,,서울특별시 중랑구 상봉2동 84-56,37.58535972,127.0929949,,,02-2094-2683,서울특별시 중랑구청,2026-02-26
상봉2동84-17,1,,서울특별시 중랑구 상봉2동 84-17,37.58536785,127.0927419,,,02-2094-2683,서울특별시 중랑구청,2026-02-26
상봉2동107-40,1,,서울특별시 중랑구 상봉2동 107-40,37.58544088,127.0928991,,,02-2094-2683,서울특별시 중랑구청,2026-02-26
상봉2동107,1,,서울특별시 중랑구 상봉2동 107,37.58571727,127.0929433,,,02-2094-2683,서울특별시 중랑구청,2026-02-26
상봉2동107-32,1,,서울특별시 중랑구 상봉2동 107-32,37.58576861,127.0925054,,,02-2094-2683,서울특별시 중랑구청,2026-02-26
상봉2동107-33,1,,서울특별시 중랑구 상봉2동 107-33,37.58561303,127.092479,,,02-2094-2683,서울특별시 중랑구청,2026-02-26
상봉2동107-35,1,,서울특별시 중랑구 상봉2동 107-35,37.58538654,127.0924504,,,02-2094-2683,서울특별시 중랑구청,2026-02-26
상봉2동107-59,1,,서울특별시 중랑구 상봉2동 107-59,37.5856276,127.0921738,,,02-2094-2683,서울특별시 중랑구청,2026-02-26
상봉2동104-88,1,,서울특별시 중랑구 상봉2동 104-88,37.58565348,127.0919098,,,02-2094-2683,서울특별시 중랑구청,2026-02-26
상봉2동104-60,1,,서울특별시 중랑구 상봉2동 104-60,37.58470123,127.0931658,,,02-2094-2683,서울특별시 중랑구청,2026-02-26
상봉2동104-93,1,,서울특별시 중랑구 상봉2동 104-93,37.58493954,127.0923582,,,02-2094-2683,서울특별시 중랑구청,2026-02-26
상봉2동104-68,1,,서울특별시 중랑구 상봉2동 104-68,37.58490613,127.0931401,,,02-2094-2683,서울특별시 중랑구청,2026-02-26
상봉2동104-33,1,,서울특별시 중랑구 상봉2동 104-33,37.58496627,127.0933188,,,02-2094-2683,서울특별시 중랑구청,2026-02-26
상봉2동104-59,1,,서울특별시 중랑구 상봉2동 104-59,37.5850508,127.0935263,,,02-2094-2683,서울특별시 중랑구청,2026-02-26
상봉2동104-9,1,,서울특별시 중랑구 상봉2동 104-9,37.58490613,127.0931401,,,02-2094-2683,서울특별시 중랑구청,2026-02-26
상봉2동104-85,1,,서울특별시 중랑구 상봉2동 104-85,37.58490846,127.0927057,,,02-2094-2683,서울특별시 중랑구청,2026-02-26
상봉2동104-52,1,,서울특별시 중랑구 상봉2동 104-52,37.58503343,127.0924735,,,02-2094-2683,서울특별시 중랑구청,2026-02-26
상봉2동103-1,1,,서울특별시 중랑구 상봉2동 103-1,37.58495982,127.0921187,,,02-2094-2683,서울특별시 중랑구청,2026-02-26
상봉2동104-12,1,,서울특별시 중랑구 상봉2동 104-12,37.5850618,127.092139,,,02-2094-2683,서울특별시 중랑구청,2026-02-26
상봉2동104-14,1,,서울특별시 중랑구 상봉2동 104-14,37.58496857,127.091759,,,02-2094-2683,서울특별시 중랑구청,2026-02-26
상봉2동104-26,1,,서울특별시 중랑구 상봉2동 104-26,37.58508397,127.0919009,,,02-2094-2683,서울특별시 중랑구청,2026-02-26
상봉2동104-44,1,,서울특별시 중랑구 상봉2동 104-44,37.58505283,127.0915038,,,02-2094-2683,서울특별시 중랑구청,2026-02-26
상봉2동104-42,1,,서울특별시 중랑구 상봉2동 104-42,37.58524137,127.0916675,,,02-2094-2683,서울특별시 중랑구청,2026-02-26
상봉2동103-11,1,,서울특별시 중랑구 상봉2동 103-11,37.58523404,127.0919421,,,02-2094-2683,서울특별시 중랑구청,2026-02-26
상봉2동103-4,1,,서울특별시 중랑구 상봉2동 103-4,37.58502244,127.0920013,,,02-2094-2683,서울특별시 중랑구청,2026-02-26
상봉2동103-6,1,,서울특별시 중랑구 상봉2동 103-6,37.58524265,127.0922243,,,02-2094-2683,서울특별시 중랑구청,2026-02-26
상봉2동103-21,1,,서울특별시 중랑구 상봉2동 103-21,37.58522205,127.0922281,,,02-2094-2683,서울특별시 중랑구청,2026-02-26
상봉2동103-17,1,,서울특별시 중랑구 상봉2동 103-17,37.58518568,127.0923804,,,02-2094-2683,서울특별시 중랑구청,2026-02-26
상봉2동103-15,1,,서울특별시 중랑구 상봉2동 103-15,37.58516284,127.0926647,,,02-2094-2683,서울특별시 중랑구청,2026-02-26
상봉2동103-12,1,,서울특별시 중랑구 상봉2동 103-12,37.58509185,127.0927738,,,02-2094-2683,서울특별시 중랑구청,2026-02-26
상봉2동103,1,,서울특별시 중랑구 상봉2동 103,37.58452834,127.0938361,,,02-2094-2683,서울특별시 중랑구청,2026-02-26
상봉2동103-28,1,,서울특별시 중랑구 상봉2동 103-28,37.5843798,127.0934441,,,02-2094-2683,서울특별시 중랑구청,2026-02-26
상봉2동102-3,1,,서울특별시 중랑구 상봉2동 102-3,37.58466217,127.0936798,,,02-2094-2683,서울특별시 중랑구청,2026-02-26
상봉2동103-30,1,,서울특별시 중랑구 상봉2동 103-30,37.58478397,127.0935836,,,02-2094-2683,서울특별시 중랑구청,2026-02-26
상봉2동90-54,1,,서울특별시 중랑구 상봉2동 90-54,37.58472884,127.0928867,,,02-2094-2683,서울특별시 중랑구청,2026-02-26
상봉2동90-58,1,,서울특별시 중랑구 상봉2동 90-58,37.58469072,127.0925558,,,02-2094-2683,서울특별시 중랑구청,2026-02-26
상봉2동90-15,1,,서울특별시 중랑구 상봉2동 90-15,,,,,02-2094-2683,서울특별시 중랑구청,2026-02-26
상봉2동90-10,1,,서울특별시 중랑구 상봉2동 90-10,37.58447241,127.0920858,,,02-2094-2683,서울특별시 중랑구청,2026-02-26
상봉2동395-1,1,,서울특별시 중랑구 상봉2동 395-1,37.58454588,127.0922674,,,02-2094-2683,서울특별시 중랑구청,2026-02-26
상봉2동90-3,1,,서울특별시 중랑구 상봉2동 90-3,37.58477229,127.0917019,,,02-2094-2683,서울특별시 중랑구청,2026-02-26
상봉2동90-26,1,,서울특별시 중랑구 상봉2동 90-26,37.58472664,127.0915426,,,02-2094-2683,서울특별시 중랑구청,2026-02-26
상봉2동90-33,1,,서울특별시 중랑구 상봉2동 90-33,37.58450004,127.0915528,,,02-2094-2683,서울특별시 중랑구청,2026-02-26
상봉2동90-29,1,,서울특별시 중랑구 상봉2동 90-29,37.58435467,127.0925295,,,02-2094-2683,서울특별시 중랑구청,2026-02-26
상봉2동90-60,1,,서울특별시 중랑구 상봉2동 90-60,37.58429731,127.0928248,,,02-2094-2683,서울특별시 중랑구청,2026-02-26
상봉2동90-40,1,,서울특별시 중랑구 상봉2동 90-40,37.58458907,127.0931474,,,02-2094-2683,서울특별시 중랑구청,2026-02-26
상봉2동90-37,1,,서울특별시 중랑구 상봉2동 90-37,37.58411281,127.093371,,,02-2094-2683,서울특별시 중랑구청,2026-02-26
상봉2동90-18,1,,서울특별시 중랑구 상봉2동 90-18,37.5841344,127.0930649,,,02-2094-2683,서울특별시 중랑구청,2026-02-26
상봉2동102-94,1,,서울특별시 중랑구 상봉2동 102-94,37.58402625,127.0933306,,,02-2094-2683,서울특별시 중랑구청,2026-02-26
상봉2동102-101,1,,서울특별시 중랑구 상봉2동 102-101,37.58382168,127.0932829,,,02-2094-2683,서울특별시 중랑구청,2026-02-26
상봉2동102-102,1,,서울특별시 중랑구 상봉2동 102-102,37.58393512,127.0920067,,,02-2094-2683,서울특별시 중랑구청,2026-02-26
상봉2동102-105,1,,서울특별시 중랑구 상봉2동 102-105,37.58428642,127.0916558,,,02-2094-2683,서울특별시 중랑구청,2026-02-26
상봉2동102-18,1,,서울특별시 중랑구 상봉2동 102-18,37.58424717,127.0913775,,,02-2094-2683,서울특별시 중랑구청,2026-02-26
상봉2동102-16,1,,서울특별시 중랑구 상봉2동 102-16,37.58396026,127.0916549,,,02-2094-2683,서울특별시 중랑구청,2026-02-26
상봉2동102-10,1,,서울특별시 중랑구 상봉2동 102-10,37.58667231,127.0886266,,,02-2094-2683,서울특별시 중랑구청,2026-02-26
상봉2동102-8,1,,서울특별시 중랑구 상봉2동 102-8,37.58667231,127.0886266,,,02-2094-2683,서울특별시 중랑구청,2026-02-26
상봉2동136-91,1,,서울특별시 중랑구 상봉2동 136-91,37.58668261,127.0888355,,,02-2094-2683,서울특별시 중랑구청,2026-02-26
상봉2동102-28,1,,서울특별시 중랑구 상봉2동 102-28,37.58668261,127.0888355,,,02-2094-2683,서울특별시 중랑구청,2026-02-26
상봉2동102-27,1,,서울특별시 중랑구 상봉2동 102-27,37.58669877,127.0891444,,,02-2094-2683,서울특별시 중랑구청,2026-02-26
상봉2동102-84,1,,서울특별시 중랑구 상봉2동 102-84,37.58669877,127.0891444,,,02-2094-2683,서울특별시 중랑구청,2026-02-26
상봉2동102-46,1,,서울특별시 중랑구 상봉2동 102-46,37.58664934,127.0892232,,,02-2094-2683,서울특별시 중랑구청,2026-02-26
상봉2동102-50,1,,서울특별시 중랑구 상봉2동 102-50,37.58667994,127.0893788,,,02-2094-2683,서울특별시 중랑구청,2026-02-26
상봉2동102-88,1,,서울특별시 중랑구 상봉2동 102-88,37.58667713,127.0899963,,,02-2094-2683,서울특별시 중랑구청,2026-02-26
상봉2동102-87,1,,서울특별시 중랑구 상봉2동 102-87,37.5867467,127.0898591,,,02-2094-2683,서울특별시 중랑구청,2026-02-26
상봉2동101-44,1,,서울특별시 중랑구 상봉2동 101-44,37.58693522,127.0895814,,,02-2094-2683,서울특별시 중랑구청,2026-02-26
상봉2동101-45,1,,서울특별시 중랑구 상봉2동 101-45,37.58712867,127.0896859,,,02-2094-2683,서울특별시 중랑구청,2026-02-26
상봉2동101-42,1,,서울특별시 중랑구 상봉2동 101-42,37.58707455,127.0892916,,,02-2094-2683,서울특별시 중랑구청,2026-02-26
상봉2동101-38,1,,서울특별시 중랑구 상봉2동 101-38,37.58693063,127.0890958,,,02-2094-2683,서울특별시 중랑구청,2026-02-26
상봉2동101-33,1,,서울특별시 중랑구 상봉2동 101-33,37.5870571,127.0891441,,,02-2094-2683,서울특별시 중랑구청,2026-02-26
상봉2동101-32,1,,서울특별시 중랑구 상봉2동 101-32,37.58689545,127.0885498,,,02-2094-2683,서울특별시 중랑구청,2026-02-26
상봉2동101-27,1,,서울특별시 중랑구 상봉2동 101-27,37.58727074,127.0885252,,,02-2094-2683,서울특별시 중랑구청,2026-02-26
상봉2동101-25,1,,서울특별시 중랑구 상봉2동 101-25,37.58726193,127.0883741,,,02-2094-2683,서울특별시 중랑구청,2026-02-26
상봉2동101-30,1,,서울특별시 중랑구 상봉2동 101-30,37.58727074,127.0885252,,,02-2094-2683,서울특별시 중랑구청,2026-02-26
상봉2동101-22,1,,서울특별시 중랑구 상봉2동 101-22,37.5873916,127.0883462,,,02-2094-2683,서울특별시 중랑구청,2026-02-26
상봉2동101-1,1,,서울특별시 중랑구 상봉2동 101-1,37.5876658,127.0881879,,,02-2094-2683,서울특별시 중랑구청,2026-02-26
상봉2동92-2,1,,서울특별시 중랑구 상봉2동 92-2,37.58809968,127.0877595,,,02-2094-2683,서울특별시 중랑구청,2026-02-26
상봉2동91-1,1,,서울특별시 중랑구 상봉2동 91-1,37.58812841,127.0886135,,,02-2094-2683,서울특별시 중랑구청,2026-02-26
상봉2동86-23,1,,서울특별시 중랑구 상봉2동 86-23,37.58794296,127.0886548,,,02-2094-2683,서울특별시 중랑구청,2026-02-26
상봉2동102-60,1,,서울특별시 중랑구 상봉2동 102-60,37.58807763,127.0888129,,,02-2094-2683,서울특별시 중랑구청,2026-02-26
상봉2동128-70,1,,서울특별시 중랑구 상봉2동 128-70,37.58820685,127.088783,,,02-2094-2683,서울특별시 중랑구청,2026-02-26
상봉2동120-45,1,,서울특별시 중랑구 상봉2동 120-45,37.58827882,127.0882142,,,02-2094-2683,서울특별시 중랑구청,2026-02-26
상봉2동120-48,1,,서울특별시 중랑구 상봉2동 120-48,37.58587772,127.0927416,,,02-2094-2683,서울특별시 중랑구청,2026-02-26
상봉2동120-43,1,,서울특별시 중랑구 상봉2동 120-43,37.58824526,127.0885122,,,02-2094-2683,서울특별시 중랑구청,2026-02-26
상봉2동112-35,1,,서울특별시 중랑구 상봉2동 112-35,37.58835123,127.0887331,,,02-2094-2683,서울특별시 중랑구청,2026-02-26
상봉2동126-63,1,,서울특별시 중랑구 상봉2동 126-63,37.58835886,127.0891307,,,02-2094-2683,서울특별시 중랑구청,2026-02-26
상봉2동90-16,1,,서울특별시 중랑구 상봉2동 90-16,37.58824682,127.0895469,,,02-2094-2683,서울특별시 중랑구청,2026-02-26
상봉2동109-17,1,,서울특별시 중랑구 상봉2동 109-17,37.58851124,127.0895829,,,02-2094-2683,서울특별시 중랑구청,2026-02-26
상봉2동115-64,1,,서울특별시 중랑구 상봉2동 115-64,37.58839807,127.089816,,,02-2094-2683,서울특별시 중랑구청,2026-02-26
상봉2동136-45,1,,서울특별시 중랑구 상봉2동 136-45,37.58855367,127.0901715,,,02-2094-2683,서울특별시 중랑구청,2026-02-26
상봉2동126-47,1,,서울특별시 중랑구 상봉2동 126-47,37.58869868,127.0902456,,,02-2094-2683,서울특별시 중랑구청,2026-02-26
상봉2동124-75,1,,서울특별시 중랑구 상봉2동 124-75,37.58857682,127.0903003,,,02-2094-2683,서울특별시 중랑구청,2026-02-26
상봉2동88,1,,서울특별시 중랑구 상봉2동 88,37.58851798,127.0907037,,,02-2094-2683,서울특별시 중랑구청,2026-02-26
상봉2동107-107,1,,서울특별시 중랑구 상봉2동 107-107,37.58849201,127.0909224,,,02-2094-2683,서울특별시 중랑구청,2026-02-26
상봉2동128-28,1,,서울특별시 중랑구 상봉2동 128-28,37.58844837,127.091080,,,02-2094-2683,서울특별시 중랑구청,2026-02-26
상봉2동106-3,1,,서울특별시 중랑구 상봉2동 106-3,37.58829419,127.0912227,,,02-2094-2683,서울특별시 중랑구청,2026-02-26
상봉2동130-136,1,,서울특별시 중랑구 상봉2동 130-136,37.58851813,127.0917534,,,02-2094-2683,서울특별시 중랑구청,2026-02-26
상봉2동130-130,1,,서울특별시 중랑구 상봉2동 130-130,37.58817715,127.0919233,,,02-2094-2683,서울특별시 중랑구청,2026-02-26
상봉2동125-15,1,,서울특별시 중랑구 상봉2동 125-15,37.5881195,127.0921392,,,02-2094-2683,서울특별시 중랑구청,2026-02-26
상봉2동136-50,1,,서울특별시 중랑구 상봉2동 136-50,37.58830874,127.0916322,,,02-2094-2683,서울특별시 중랑구청,2026-02-26
상봉2동122-67,1,,서울특별시 중랑구 상봉2동 122-67,37.58806217,127.0915921,,,02-2094-2683,서울특별시 중랑구청,2026-02-26
상봉2동130-45,1,,서울특별시 중랑구 상봉2동 130-45,37.58760869,127.0916076,,,02-2094-2683,서울특별시 중랑구청,2026-02-26
상봉2동130-52,1,,서울특별시 중랑구 상봉2동 130-52,37.58775505,127.0915535,,,02-2094-2683,서울특별시 중랑구청,2026-02-26
상봉2동129-2,1,,서울특별시 중랑구 상봉2동 129-2,37.58765153,127.0913171,,,02-2094-2683,서울특별시 중랑구청,2026-02-26
상봉2동109-52,1,,서울특별시 중랑구 상봉2동 109-52,37.58765153,127.0913171,,,02-2094-2683,서울특별시 중랑구청,2026-02-26
상봉2동124-8,1,,서울특별시 중랑구 상봉2동 124-8,37.587987,127.0909235,,,02-2094-2683,서울특별시 중랑구청,2026-02-26
상봉2동127-13,1,,서울특별시 중랑구 상봉2동 127-13,37.58755972,127.0909718,,,02-2094-2683,서울특별시 중랑구청,2026-02-26
상봉2동128-52,1,,서울특별시 중랑구 상봉2동 128-52,37.58796426,127.0907412,,,02-2094-2683,서울특별시 중랑구청,2026-02-26
상봉2동128-91,1,,서울특별시 중랑구 상봉2동 128-91,37.58855367,127.0901715,,,02-2094-2683,서울특별시 중랑구청,2026-02-26
상봉2동128-23,1,,서울특별시 중랑구 상봉2동 128-23,,,,,02-2094-2683,서울특별시 중랑구청,2026-02-26
상봉2동128-17,1,,서울특별시 중랑구 상봉2동 128-17,37.58787585,127.0895963,,,02-2094-2683,서울특별시 중랑구청,2026-02-26
상봉2동128-22,1,,서울특별시 중랑구 상봉2동 128-22,37.58788273,127.0894354,,,02-2094-2683,서울특별시 중랑구청,2026-02-26
상봉2동128-54,1,,서울특별시 중랑구 상봉2동 128-54,37.58817256,127.0892195,,,02-2094-2683,서울특별시 중랑구청,2026-02-26
상봉2동128-47,1,,서울특별시 중랑구 상봉2동 128-47,37.58775892,127.0903935,,,02-2094-2683,서울특별시 중랑구청,2026-02-26
상봉2동128-90,1,,서울특별시 중랑구 상봉2동 128-90,37.58776006,127.0900329,,,02-2094-2683,서울특별시 중랑구청,2026-02-26
상봉2동128-4,1,,서울특별시 중랑구 상봉2동 128-4,37.58827508,127.089833,,,02-2094-2683,서울특별시 중랑구청,2026-02-26
상봉2동119-26,1,,서울특별시 중랑구 상봉2동 119-26,37.58767954,127.0890877,,,02-2094-2683,서울특별시 중랑구청,2026-02-26
상봉2동124-31,1,,서울특별시 중랑구 상봉2동 124-31,37.58747874,127.0889338,,,02-2094-2683,서울특별시 중랑구청,2026-02-26
상봉2동110-39,1,,서울특별시 중랑구 상봉2동 110-39,37.587513,127.0887823,,,02-2094-2683,서울특별시 중랑구청,2026-02-26
상봉2동115-50,1,,서울특별시 중랑구 상봉2동 115-50,37.58762521,127.0886119,,,02-2094-2683,서울특별시 중랑구청,2026-02-26
상봉2동113-23,1,,서울특별시 중랑구 상봉2동 113-23,37.58764981,127.0884927,,,02-2094-2683,서울특별시 중랑구청,2026-02-26
상봉2동107-1,1,,서울특별시 중랑구 상봉2동 107-1,37.58907805,127.0931941,,,02-2094-2683,서울특별시 중랑구청,2026-02-26
상봉2동104-103,1,,서울특별시 중랑구 상봉2동 104-103,37.58722691,127.0896563,,,02-2094-2683,서울특별시 중랑구청,2026-02-26
상봉2동104-102,1,,서울특별시 중랑구 상봉2동 104-102,37.58746066,127.0897211,,,02-2094-2683,서울특별시 중랑구청,2026-02-26
상봉2동104-54,1,,서울특별시 중랑구 상봉2동 104-54,,,,,02-2094-2683,서울특별시 중랑구청,2026-02-26
상봉2동107-37,1,,서울특별시 중랑구 상봉2동 107-37,37.58754511,127.089335,,,02-2094-2683,서울특별시 중랑구청,2026-02-26
상봉2동107-44,1,,서울특별시 중랑구 상봉2동 107-44,37.5874493,127.0899767,,,02-2094-2683,서울특별시 중랑구청,2026-02-26
상봉2동90,1,,서울특별시 중랑구 상봉2동 90,37.58713934,127.090287,,,02-2094-2683,서울특별시 중랑구청,2026-02-26
상봉2동102-33,1,,서울특별시 중랑구 상봉2동 102-33,37.58755777,127.0905774,,,02-2094-2683,서울특별시 중랑구청,2026-02-26
상봉2동124-3,1,,서울특별시 중랑구 상봉2동 124-3,37.587452,127.0905698,,,02-2094-2683,서울특별시 중랑구청,2026-02-26
상봉2동115-39,1,,서울특별시 중랑구 상봉2동 115-39,37.58708933,127.0908253,,,02-2094-2683,서울특별시 중랑구청,2026-02-26
상봉2동92-1,1,,서울특별시 중랑구 상봉2동 92-1,37.58691319,127.0905824,,,02-2094-2683,서울특별시 중랑구청,2026-02-26
상봉2동101,1,,서울특별시 중랑구 상봉2동 101,37.58689743,127.0902258,,,02-2094-2683,서울특별시 중랑구청,2026-02-26
상봉2동115-70,1,,서울특별시 중랑구 상봉2동 115-70,37.58710225,127.0901876,,,02-2094-2683,서울특별시 중랑구청,2026-02-26
상봉2동114-23,1,,서울특별시 중랑구 상봉2동 114-23,37.5866282,127.0908314,,,02-2094-2683,서울특별시 중랑구청,2026-02-26
상봉2동119-15,1,,서울특별시 중랑구 상봉2동 119-15,37.5866314,127.0904219,,,02-2094-2683,서울특별시 중랑구청,2026-02-26
상봉2동130-107,1,,서울특별시 중랑구 상봉2동 130-107,37.58649206,127.0907148,,,02-2094-2683,서울특별시 중랑구청,2026-02-26
상봉2동121-38,1,,서울특별시 중랑구 상봉2동 121-38,37.58655407,127.0902151,,,02-2094-2683,서울특별시 중랑구청,2026-02-26
상봉2동102-96,1,,서울특별시 중랑구 상봉2동 102-96,37.58645607,127.091232,,,02-2094-2683,서울특별시 중랑구청,2026-02-26
상봉2동102-99,1,,서울특별시 중랑구 상봉2동 102-99,37.5866371,127.0909671,,,02-2094-2683,서울특별시 중랑구청,2026-02-26
상봉2동128-9,1,,서울특별시 중랑구 상봉2동 128-9,37.58667086,127.0911293,,,02-2094-2683,서울특별시 중랑구청,2026-02-26
상봉2동114-32,1,,서울특별시 중랑구 상봉2동 114-32,37.58682742,127.0914033,,,02-2094-2683,서울특별시 중랑구청,2026-02-26
상봉2동86-36,1,,서울특별시 중랑구 상봉2동 86-36,37.5868255,127.0910864,,,02-2094-2683,서울특별시 중랑구청,2026-02-26
상봉2동86-42,1,,서울특별시 중랑구 상봉2동 86-42,37.58733494,127.0908334,,,02-2094-2683,서울특별시 중랑구청,2026-02-26
상봉2동108-5,1,,서울특별시 중랑구 상봉2동 108-5,37.58685984,127.090831,,,02-2094-2683,서울특별시 중랑구청,2026-02-26
상봉2동128-29,1,,서울특별시 중랑구 상봉2동 128-29,37.58779684,127.0899369,,,02-2094-2683,서울특별시 중랑구청,2026-02-26
상봉2동103-9,1,,서울특별시 중랑구 상봉2동 103-9,37.58900743,127.0912093,,,02-2094-2683,서울특별시 중랑구청,2026-02-26
상봉2동105-32,1,,서울특별시 중랑구 상봉2동 105-32,37.58872299,127.0915547,,,02-2094-2683,서울특별시 중랑구청,2026-02-26
상봉2동128-86,1,,서울특별시 중랑구 상봉2동 128-86,37.58916814,127.0925142,,,02-2094-2683,서울특별시 중랑구청,2026-02-26
상봉2동115-67,1,,서울특별시 중랑구 상봉2동 115-67,37.58902233,127.0923187,,,02-2094-2683,서울특별시 중랑구청,2026-02-26
상봉2동122-43,1,,서울특별시 중랑구 상봉2동 122-43,37.58900951,127.0926983,,,02-2094-2683,서울특별시 중랑구청,2026-02-26
상봉2동104-47,1,,서울특별시 중랑구 상봉2동 104-47,37.58929259,127.0932886,,,02-2094-2683,서울특별시 중랑구청,2026-02-26
상봉2동122-35,1,,서울특별시 중랑구 상봉2동 122-35,37.58884222,127.0936923,,,02-2094-2683,서울특별시 중랑구청,2026-02-26
상봉2동88-7,1,,서울특별시 중랑구 상봉2동 88-7,37.58853463,127.0937926,,,02-2094-2683,서울특별시 중랑구청,2026-02-26
상봉2동86-78,1,,서울특별시 중랑구 상봉2동 86-78,37.58823142,127.0937126,,,02-2094-2683,서울특별시 중랑구청,2026-02-26
상봉2동136-24,1,,서울특별시 중랑구 상봉2동 136-24,37.58785962,127.0940023,,,02-2094-2683,서울특별시 중랑구청,2026-02-26
상봉2동88-82,1,,서울특별시 중랑구 상봉2동 88-82,37.58811889,127.093937,,,02-2094-2683,서울특별시 중랑구청,2026-02-26
상봉2동129-19,1,,서울특별시 중랑구 상봉2동 129-19,37.58738146,127.0940092,,,02-2094-2683,서울특별시 중랑구청,2026-02-26
상봉2동129-17,1,,서울특별시 중랑구 상봉2동 129-17,37.58736015,127.0938429,,,02-2094-2683,서울특별시 중랑구청,2026-02-26
상봉2동108-29,1,,서울특별시 중랑구 상봉2동 108-29,37.58754958,127.0937873,,,02-2094-2683,서울특별시 중랑구청,2026-02-26
상봉2동105,1,,서울특별시 중랑구 상봉2동 105,37.58774866,127.0936114,,,02-2094-2683,서울특별시 중랑구청,2026-02-26
상봉2동129-75,1,,서울특별시 중랑구 상봉2동 129-75,37.58763259,127.0936462,,,02-2094-2683,서울특별시 중랑구청,2026-02-26
상봉2동87-41,1,,서울특별시 중랑구 상봉2동 87-41,37.58753994,127.0936768,,,02-2094-2683,서울특별시 중랑구청,2026-02-26
상봉2동113-16,1,,서울특별시 중랑구 상봉2동 113-16,37.58733771,127.0937353,,,02-2094-2683,서울특별시 중랑구청,2026-02-26
상봉2동108-11,1,,서울특별시 중랑구 상봉2동 108-11,37.58782887,127.0935912,,,02-2094-2683,서울특별시 중랑구청,2026-02-26
상봉2동130-1,1,,서울특별시 중랑구 상봉2동 130-1,37.58804992,127.0936565,,,02-2094-2683,서울특별시 중랑구청,2026-02-26
상봉2동136-27,1,,서울특별시 중랑구 상봉2동 136-27,37.58818663,127.0936194,,,02-2094-2683,서울특별시 중랑구청,2026-02-26
상봉2동111-23,1,,서울특별시 중랑구 상봉2동 111-23,37.58803157,127.0935081,,,02-2094-2683,서울특별시 중랑구청,2026-02-26
상봉2동121-1,1,,서울특별시 중랑구 상봉2동 121-1,37.58833158,127.0934141,,,02-2094-2683,서울특별시 중랑구청,2026-02-26
상봉2동121-53,1,,서울특별시 중랑구 상봉2동 121-53,37.58843711,127.0933792,,,02-2094-2683,서울특별시 중랑구청,2026-02-26
상봉2동121-35,1,,서울특별시 중랑구 상봉2동 121-35,37.58884816,127.0932453,,,02-2094-2683,서울특별시 중랑구청,2026-02-26
상봉2동119-24,1,,서울특별시 중랑구 상봉2동 119-24,37.58878243,127.0934206,,,02-2094-2683,서울특별시 중랑구청,2026-02-26
상봉2동136-26,1,,서울특별시 중랑구 상봉2동 136-26,37.5886708,127.0933025,,,02-2094-2683,서울특별시 중랑구청,2026-02-26
상봉2동103-3,1,,서울특별시 중랑구 상봉2동 103-3,,,,,02-2094-2683,서울특별시 중랑구청,2026-02-26
상봉2동86-11,1,,서울특별시 중랑구 상봉2동 86-11,37.58879486,127.0929716,,,02-2094-2683,서울특별시 중랑구청,2026-02-26
상봉2동88-8,1,,서울특별시 중랑구 상봉2동 88-8,37.58861597,127.0930322,,,02-2094-2683,서울특별시 중랑구청,2026-02-26
상봉2동122-17,1,,서울특별시 중랑구 상봉2동 122-17,37.58835146,127.0931162,,,02-2094-2683,서울특별시 중랑구청,2026-02-26
상봉2동86-9,1,,서울특별시 중랑구 상봉2동 86-9,37.58767268,127.0931928,,,02-2094-2683,서울특별시 중랑구청,2026-02-26
상봉2동88-47,1,,서울특별시 중랑구 상봉2동 88-47,37.58758725,127.0932165,,,02-2094-2683,서울특별시 중랑구청,2026-02-26
상봉2동105-99,1,,서울특별시 중랑구 상봉2동 105-99,37.58862706,127.0927857,,,02-2094-2683,서울특별시 중랑구청,2026-02-26
상봉2동120-51,1,,서울특별시 중랑구 상봉2동 120-51,37.58738538,127.092929,,,02-2094-2683,서울특별시 중랑구청,2026-02-26
상봉2동121-76,1,,서울특별시 중랑구 상봉2동 121-76,37.58758201,127.0931141,,,02-2094-2683,서울특별시 중랑구청,2026-02-26
상봉2동125-1,1,,서울특별시 중랑구 상봉2동 125-1,37.58765113,127.0929887,,,02-2094-2683,서울특별시 중랑구청,2026-02-26
상봉2동88-65,1,,서울특별시 중랑구 상봉2동 88-65,37.58787879,127.0930129,,,02-2094-2683,서울특별시 중랑구청,2026-02-26
상봉2동105-61,1,,서울특별시 중랑구 상봉2동 105-61,37.58782896,127.0927934,,,02-2094-2683,서울특별시 중랑구청,2026-02-26
상봉2동105-35,1,,서울특별시 중랑구 상봉2동 105-35,37.58805452,127.0929661,,,02-2094-2683,서울특별시 중랑구청,2026-02-26
상봉2동102-64,1,,서울특별시 중랑구 상봉2동 102-64,37.58802831,127.0927312,,,02-2094-2683,서울특별시 중랑구청,2026-02-26
상봉2동104-78,1,,서울특별시 중랑구 상봉2동 104-78,37.58841727,127.0928354,,,02-2094-2683,서울특별시 중랑구청,2026-02-26
상봉2동106-36,1,,서울특별시 중랑구 상봉2동 106-36,37.58837077,127.0926163,,,02-2094-2683,서울특별시 중랑구청,2026-02-26
상봉2동106-12,1,,서울특별시 중랑구 상봉2동 106-12,37.58852541,127.0928147,,,02-2094-2683,서울특별시 중랑구청,2026-02-26
상봉2동87-43,1,,서울특별시 중랑구 상봉2동 87-43,37.58869126,127.0924998,,,02-2094-2683,서울특별시 중랑구청,2026-02-26
상봉2동87-17,1,,서울특별시 중랑구 상봉2동 87-17,37.5887559,127.0927915,,,02-2094-2683,서울특별시 중랑구청,2026-02-26
상봉2동102-1,1,,서울특별시 중랑구 상봉2동 102-1,37.58861735,127.0921804,,,02-2094-2683,서울특별시 중랑구청,2026-02-26
상봉2동130-157,1,,서울특별시 중랑구 상봉2동 130-157,37.58840067,127.092405,,,02-2094-2683,서울특별시 중랑구청,2026-02-26
상봉2동129-62,1,,서울특별시 중랑구 상봉2동 129-62,37.58824885,127.092297,,,02-2094-2683,서울특별시 중랑구청,2026-02-26
상봉2동85-44,1,,서울특별시 중랑구 상봉2동 85-44,37.58840067,127.092405,,,02-2094-2683,서울특별시 중랑구청,2026-02-26
상봉2동99-1,1,,서울특별시 중랑구 상봉2동 99-1,37.58790816,127.0925501,,,02-2094-2683,서울특별시 중랑구청,2026-02-26
상봉2동121-5,1,,서울특별시 중랑구 상봉2동 121-5,37.58806292,127.0922453,,,02-2094-2683,서울특별시 중랑구청,2026-02-26
상봉2동108-23,1,,서울특별시 중랑구 상봉2동 108-23,37.58788147,127.0923506,,,02-2094-2683,서울특별시 중랑구청,2026-02-26
상봉2동101-19,1,,서울특별시 중랑구 상봉2동 101-19,37.58780884,127.0921401,,,02-2094-2683,서울특별시 중랑구청,2026-02-26
상봉2동85-37,1,,서울특별시 중랑구 상봉2동 85-37,37.58780884,127.0921401,,,02-2094-2683,서울특별시 중랑구청,2026-02-26
상봉2동84-45,1,,서울특별시 중랑구 상봉2동 84-45,37.58835417,127.0919515,,,02-2094-2683,서울특별시 중랑구청,2026-02-26
상봉2동136-92,1,,서울특별시 중랑구 상봉2동 136-92,37.58820794,127.0921887,,,02-2094-2683,서울특별시 중랑구청,2026-02-26
상봉2동104-83,1,,서울특별시 중랑구 상봉2동 104-83,37.58767777,127.0918689,,,02-2094-2683,서울특별시 중랑구청,2026-02-26
상봉2동121-18,1,,서울특별시 중랑구 상봉2동 121-18,37.58738714,127.0918324,,,02-2094-2683,서울특별시 중랑구청,2026-02-26
상봉2동128-49,1,,서울특별시 중랑구 상봉2동 128-49,37.58767793,127.0920076,,,02-2094-2683,서울특별시 중랑구청,2026-02-26
상봉2동112-40,1,,서울특별시 중랑구 상봉2동 112-40,37.58737495,127.0921022,,,02-2094-2683,서울특별시 중랑구청,2026-02-26
상봉2동112-60,1,,서울특별시 중랑구 상봉2동 112-60,37.58739218,127.0923012,,,02-2094-2683,서울특별시 중랑구청,2026-02-26
상봉2동111-31,1,,서울특별시 중랑구 상봉2동 111-31,37.58738385,127.0924711,,,02-2094-2683,서울특별시 중랑구청,2026-02-26
상봉2동110-22,1,,서울특별시 중랑구 상봉2동 110-22,37.58714225,127.0926444,,,02-2094-2683,서울특별시 중랑구청,2026-02-26
상봉2동112,1,,서울특별시 중랑구 상봉2동 112,37.58714225,127.0926444,,,02-2094-2683,서울특별시 중랑구청,2026-02-26
상봉2동130-131,1,,서울특별시 중랑구 상봉2동 130-131,,,,,02-2094-2683,서울특별시 중랑구청,2026-02-26
상봉2동111-36,1,,서울특별시 중랑구 상봉2동 111-36,37.58705232,127.0924195,,,02-2094-2683,서울특별시 중랑구청,2026-02-26
상봉2동122-25,1,,서울특별시 중랑구 상봉2동 122-25,37.58685471,127.091761,,,02-2094-2683,서울특별시 중랑구청,2026-02-26
상봉2동114-36,1,,서울특별시 중랑구 상봉2동 114-36,37.58685869,127.0920842,,,02-2094-2683,서울특별시 중랑구청,2026-02-26
상봉2동102-109,1,,서울특별시 중랑구 상봉2동 102-109,37.58685255,127.0922227,,,02-2094-2683,서울특별시 중랑구청,2026-02-26
상봉2동108,1,,서울특별시 중랑구 상봉2동 108,37.5868563,127.0924918,,,02-2094-2683,서울특별시 중랑구청,2026-02-26
상봉2동104-48,1,,서울특별시 중랑구 상봉2동 104-48,37.58657832,127.0928639,,,02-2094-2683,서울특별시 중랑구청,2026-02-26
상봉2동128-79,1,,서울특별시 중랑구 상봉2동 128-79,37.58655297,127.0925655,,,02-2094-2683,서울특별시 중랑구청,2026-02-26
상봉2동118-28,1,,서울특별시 중랑구 상봉2동 118-28,37.58653642,127.0922967,,,02-2094-2683,서울특별시 중랑구청,2026-02-26
상봉2동88-95,1,,서울특별시 중랑구 상봉2동 88-95,37.5866451,127.0917125,,,02-2094-2683,서울특별시 중랑구청,2026-02-26
상봉2동88-93,1,,서울특별시 중랑구 상봉2동 88-93,37.58644342,127.0924366,,,02-2094-2683,서울특별시 중랑구청,2026-02-26
상봉2동136-28,1,,서울특별시 중랑구 상봉2동 136-28,37.58647861,127.0928326,,,02-2094-2683,서울특별시 중랑구청,2026-02-26
상봉2동136-18,1,,서울특별시 중랑구 상봉2동 136-18,37.58631862,127.0929104,,,02-2094-2683,서울특별시 중랑구청,2026-02-26
상봉2동137-1,1,,서울특별시 중랑구 상봉2동 137-1,37.58649068,127.0929463,,,02-2094-2683,서울특별시 중랑구청,2026-02-26
상봉2동125-69,1,,서울특별시 중랑구 상봉2동 125-69,37.58645103,127.0931827,,,02-2094-2683,서울특별시 중랑구청,2026-02-26
상봉2동87-6,1,,서울특별시 중랑구 상봉2동 87-6,37.58693724,127.0930288,,,02-2094-2683,서울특별시 중랑구청,2026-02-26
상봉2동81-5,1,,서울특별시 중랑구 상봉2동 81-5,37.5871506,127.0929043,,,02-2094-2683,서울특별시 중랑구청,2026-02-26
상봉2동121-49,1,,서울특별시 중랑구 상봉2동 121-49,37.58718088,127.0935837,,,02-2094-2683,서울특별시 중랑구청,2026-02-26
상봉2동122-50,1,,서울특별시 중랑구 상봉2동 122-50,37.58698729,127.0936544,,,02-2094-2683,서울특별시 중랑구청,2026-02-26
상봉2동119-20,1,,서울특별시 중랑구 상봉2동 119-20,37.58667314,127.0936263,,,02-2094-2683,서울특별시 중랑구청,2026-02-26
상봉2동 114-10,1,,서울특별시 중랑구 상봉2동 114-10,37.592800,127.085200,,,02-2094-2683,서울특별시 중랑구청,2026-02-26
상봉2동 119-34,1,,서울특별시 중랑구 상봉2동 119-34,37.5921820,127.0850257,,,02-2094-2683,서울특별시 중랑구청,2026-02-26
상봉2동 114-59,1,,서울특별시 중랑구 상봉2동 114-59,37.592500,127.085500,,,02-2094-2683,서울특별시 중랑구청,2026-02-26
상봉2동 121-6,1,,서울특별시 중랑구 상봉2동 121-6,37.593500,127.086500,,,02-2094-2683,서울특별시 중랑구청,2026-02-26
상봉2동 121-9,1,,서울특별시 중랑구 상봉2동 121-9,37.5925346,127.0838128,,,02-2094-2683,서울특별시 중랑구청,2026-02-26
상봉2동 118-7,1,,서울특별시 중랑구 상봉2동 118-7,37.5916055,127.0852077,,,02-2094-2683,서울특별시 중랑구청,2026-02-26
중화1동200-3,1,,서울특별시 중랑구 중화1동 200-3,37.58683095,127.0939094,,,02-2094-2683,서울특별시 중랑구청,2026-02-26
중화1동293-16,1,,서울특별시 중랑구 중화1동 293-16,37.58686364,127.0940391,,,02-2094-2683,서울특별시 중랑구청,2026-02-26
중화1동200-12,1,,서울특별시 중랑구 중화1동 200-12,37.58694763,127.0941292,,,02-2094-2683,서울특별시 중랑구청,2026-02-26
중화1동200-11,1,,서울특별시 중랑구 중화1동 200-11,37.58678154,127.0941739,,,02-2094-2683,서울특별시 중랑구청,2026-02-26
중화1동200-17,1,,서울특별시 중랑구 중화1동 200-17,37.58623768,127.0940934,,,02-2094-2683,서울특별시 중랑구청,2026-02-26
중화1동200-7,1,,서울특별시 중랑구 중화1동 200-7,37.58628254,127.0938692,,,02-2094-2683,서울특별시 중랑구청,2026-02-26
중화1동200-19,1,,서울특별시 중랑구 중화1동 200-19,37.58663499,127.0941211,,,02-2094-2683,서울특별시 중랑구청,2026-02-26
중화1동295-7,1,,서울특별시 중랑구 중화1동 295-7,37.5866132,127.0939868,,,02-2094-2683,서울특별시 중랑구청,2026-02-26
중화1동91-1,1,,서울특별시 중랑구 중화1동 91-1,37.58649421,127.0935019,,,02-2094-2683,서울특별시 중랑구청,2026-02-26
중화1동295-14,1,,서울특별시 중랑구 중화1동 295-14,37.5866132,127.0939868,,,02-2094-2683,서울특별시 중랑구청,2026-02-26
중화1동295-15,1,,서울특별시 중랑구 중화1동 295-15,37.58738538,127.092929,,,02-2094-2683,서울특별시 중랑구청,2026-02-26
중화1동295-17,1,,서울특별시 중랑구 중화1동 295-17,37.58719084,127.0888544,,,02-2094-2683,서울특별시 중랑구청,2026-02-26
중화1동295-40,1,,서울특별시 중랑구 중화1동 295-40,37.58694943,127.0932196,,,02-2094-2683,서울특별시 중랑구청,2026-02-26
중화1동148-50,1,,서울특별시 중랑구 중화1동 148-50,37.58437966,127.0894433,,,02-2094-2683,서울특별시 중랑구청,2026-02-26
중화1동295-33,1,,서울특별시 중랑구 중화1동 295-33,37.58844045,127.0893066,,,02-2094-2683,서울특별시 중랑구청,2026-02-26
중화1동295-19,1,,서울특별시 중랑구 중화1동 295-19,37.58402942,127.0932064,,,02-2094-2683,서울특별시 중랑구청,2026-02-26
중화1동295-18,1,,서울특별시 중랑구 중화1동 295-18,37.58682101,127.0907192,,,02-2094-2683,서울특별시 중랑구청,2026-02-26
중화1동295-20,1,,서울특별시 중랑구 중화1동 295-20,37.58693779,127.0886909,,,02-2094-2683,서울특별시 중랑구청,2026-02-26
중화1동295-25,1,,서울특별시 중랑구 중화1동 295-25,37.58870728,127.0910119,,,02-2094-2683,서울특별시 중랑구청,2026-02-26
중화1동293-13,1,,서울특별시 중랑구 중화1동 293-13,37.58429281,127.0894323,,,02-2094-2683,서울특별시 중랑구청,2026-02-26
중화1동294-3,1,,서울특별시 중랑구 중화1동 294-3,37.58718088,127.0935837,,,02-2094-2683,서울특별시 중랑구청,2026-02-26
중화1동293-26,1,,서울특별시 중랑구 중화1동 293-26,,,,,02-2094-2683,서울특별시 중랑구청,2026-02-26
중화1동293-25,1,,서울특별시 중랑구 중화1동 293-25,37.58596398,127.0931471,,,02-2094-2683,서울특별시 중랑구청,2026-02-26
중화1동293-2,1,,서울특별시 중랑구 중화1동 293-2,37.58678147,127.0929005,,,02-2094-2683,서울특별시 중랑구청,2026-02-26
중화1동291-31,1,,서울특별시 중랑구 중화1동 291-31,37.58643946,127.0920864,,,02-2094-2683,서울특별시 중랑구청,2026-02-26
중화1동293-3,1,,서울특별시 중랑구 중화1동 293-3,37.58611811,127.0912272,,,02-2094-2683,서울특별시 중랑구청,2026-02-26
중화1동292-16,1,,서울특별시 중랑구 중화1동 292-16,37.58723805,127.0920356,,,02-2094-2683,서울특별시 중랑구청,2026-02-26
중화1동292-14,1,,서울특별시 중랑구 중화1동 292-14,37.58414973,127.0895574,,,02-2094-2683,서울특별시 중랑구청,2026-02-26
중화1동293-5,1,,서울특별시 중랑구 중화1동 293-5,,,,,02-2094-2683,서울특별시 중랑구청,2026-02-26
중화1동293-6,1,,서울특별시 중랑구 중화1동 293-6,37.58655115,127.0885984,,,02-2094-2683,서울특별시 중랑구청,2026-02-26
중화1동293-8,1,,서울특별시 중랑구 중화1동 293-8,37.586174,127.0929277,,,02-2094-2683,서울특별시 중랑구청,2026-02-26
중화1동293-11,1,,서울특별시 중랑구 중화1동 293-11,37.58530835,127.0940281,,,02-2094-2683,서울특별시 중랑구청,2026-02-26
중화1동295-45,1,,서울특별시 중랑구 중화1동 295-45,37.58469416,127.0924203,,,02-2094-2683,서울특별시 중랑구청,2026-02-26
중화1동291-3,1,,서울특별시 중랑구 중화1동 291-3,37.58922732,127.0929921,,,02-2094-2683,서울특별시 중랑구청,2026-02-26
중화1동291-33,1,,서울특별시 중랑구 중화1동 291-33,37.58706179,127.0933312,,,02-2094-2683,서울특별시 중랑구청,2026-02-26
중화1동292-3,1,,서울특별시 중랑구 중화1동 292-3,37.58408338,127.0902029,,,02-2094-2683,서울특별시 중랑구청,2026-02-26
중화1동291-36,1,,서울특별시 중랑구 중화1동 291-36,37.58779116,127.0898288,,,02-2094-2683,서울특별시 중랑구청,2026-02-26
중화1동291-52,1,,서울특별시 중랑구 중화1동 291-52,37.58703364,127.0900091,,,02-2094-2683,서울특별시 중랑구청,2026-02-26
중화1동291-54,1,,서울특별시 중랑구 중화1동 291-54,37.58981076,127.0948618,,,02-2094-2683,서울특별시 중랑구청,2026-02-26
중화1동291-22,1,,서울특별시 중랑구 중화1동 291-22,37.58415993,127.0893001,,,02-2094-2683,서울특별시 중랑구청,2026-02-26
중화1동291-25,1,,서울특별시 중랑구 중화1동 291-25,37.58714013,127.0923577,,,02-2094-2683,서울특별시 중랑구청,2026-02-26
중화1동291-26,1,,서울특별시 중랑구 중화1동 291-26,37.58796426,127.0907412,,,02-2094-2683,서울특별시 중랑구청,2026-02-26
중화1동291-29,1,,서울특별시 중랑구 중화1동 291-29,37.58803929,127.091705,,,02-2094-2683,서울특별시 중랑구청,2026-02-26
중화1동291-6,1,,서울특별시 중랑구 중화1동 291-6,37.58420023,127.0891396,,,02-2094-2683,서울특별시 중랑구청,2026-02-26
중화1동291-11,1,,서울특별시 중랑구 중화1동 291-11,37.58426346,127.0885723,,,02-2094-2683,서울특별시 중랑구청,2026-02-26
중화1동273-24,1,,서울특별시 중랑구 중화1동 273-24,37.58791049,127.0918836,,,02-2094-2683,서울특별시 중랑구청,2026-02-26
중화1동177-6,1,,서울특별시 중랑구 중화1동 177-6,37.58559473,127.0943125,,,02-2094-2683,서울특별시 중랑구청,2026-02-26
중화1동178-56,1,,서울특별시 중랑구 중화1동 178-56,37.58557327,127.0887582,,,02-2094-2683,서울특별시 중랑구청,2026-02-26
중화1동178-63,1,,서울특별시 중랑구 중화1동 178-63,37.58567697,127.0887641,,,02-2094-2683,서울특별시 중랑구청,2026-02-26
중화1동178-58,1,,서울특별시 중랑구 중화1동 178-58,37.5840999,127.0907464,,,02-2094-2683,서울특별시 중랑구청,2026-02-26
중화1동291-64,1,,서울특별시 중랑구 중화1동 291-64,37.58531731,127.0916854,,,02-2094-2683,서울특별시 중랑구청,2026-02-26
중화1동157-9,1,,서울특별시 중랑구 중화1동 157-9,37.58542239,127.0931566,,,02-2094-2683,서울특별시 중랑구청,2026-02-26
중화1동157-8,1,,서울특별시 중랑구 중화1동 157-8,37.58684456,127.0888882,,,02-2094-2683,서울특별시 중랑구청,2026-02-26
중화1동132-2,1,,서울특별시 중랑구 중화1동 132-2,,,,,02-2094-2683,서울특별시 중랑구청,2026-02-26
중화1동158-21,1,,서울특별시 중랑구 중화1동 158-21,37.58735892,127.0913981,,,02-2094-2683,서울특별시 중랑구청,2026-02-26
중화1동158-24,1,,서울특별시 중랑구 중화1동 158-24,37.58601407,127.0916561,,,02-2094-2683,서울특별시 중랑구청,2026-02-26
중화1동158-13,1,,서울특별시 중랑구 중화1동 158-13,37.58830932,127.091119,,,02-2094-2683,서울특별시 중랑구청,2026-02-26
중화1동158-52,1,,서울특별시 중랑구 중화1동 158-52,37.58449474,127.0890574,,,02-2094-2683,서울특별시 중랑구청,2026-02-26
중화1동157-17,1,,서울특별시 중랑구 중화1동 157-17,37.58561754,127.0929281,,,02-2094-2683,서울특별시 중랑구청,2026-02-26
중화1동148-101,1,,서울특별시 중랑구 중화1동 148-101,37.58817419,127.0931704,,,02-2094-2683,서울특별시 중랑구청,2026-02-26
중화1동13-1,1,,서울특별시 중랑구 중화1동 13-1,37.58723137,127.0967798,,,02-2094-2683,서울특별시 중랑구청,2026-02-26
중화1동148-134,1,,서울특별시 중랑구 중화1동 148-134,37.58717885,127.1005476,,,02-2094-2683,서울특별시 중랑구청,2026-02-26
중화1동291-44,1,,서울특별시 중랑구 중화1동 291-44,37.58416371,127.0894167,,,02-2094-2683,서울특별시 중랑구청,2026-02-26
중화1동148-126,1,,서울특별시 중랑구 중화1동 148-126,37.5888551,127.0922185,,,02-2094-2683,서울특별시 중랑구청,2026-02-26
중화1동148-136,1,,서울특별시 중랑구 중화1동 148-136,37.57984704,127.086776,,,02-2094-2683,서울특별시 중랑구청,2026-02-26
중화1동148-121,1,,서울특별시 중랑구 중화1동 148-121,37.58775763,127.0893653,,,02-2094-2683,서울특별시 중랑구청,2026-02-26
중화1동148-115,1,,서울특별시 중랑구 중화1동 148-115,37.58805337,127.0890834,,,02-2094-2683,서울특별시 중랑구청,2026-02-26
중화1동148-71,1,,서울특별시 중랑구 중화1동 148-71,37.5868134,127.0887532,,,02-2094-2683,서울특별시 중랑구청,2026-02-26
중화1동148-74,1,,서울특별시 중랑구 중화1동 148-74,37.58403855,127.0930517,,,02-2094-2683,서울특별시 중랑구청,2026-02-26
중화1동148-48,1,,서울특별시 중랑구 중화1동 148-48,37.58788131,127.0924466,,,02-2094-2683,서울특별시 중랑구청,2026-02-26
중화1동138-9,1,,서울특별시 중랑구 중화1동 138-9,37.58805124,127.0902216,,,02-2094-2683,서울특별시 중랑구청,2026-02-26
중화1동138-3,1,,서울특별시 중랑구 중화1동 138-3,37.58796162,127.0882859,,,02-2094-2683,서울특별시 중랑구청,2026-02-26
중화1동148,1,,서울특별시 중랑구 중화1동 148,37.58605197,127.091941,,,02-2094-2683,서울특별시 중랑구청,2026-02-26
중화1동145-2,1,,서울특별시 중랑구 중화1동 145-2,37.58750377,127.0911977,,,02-2094-2683,서울특별시 중랑구청,2026-02-26
중화1동150,1,,서울특별시 중랑구 중화1동 150,37.58617573,127.0903458,,,02-2094-2683,서울특별시 중랑구청,2026-02-26
중화1동151-2,1,,서울특별시 중랑구 중화1동 151-2,37.58643946,127.0920864,,,02-2094-2683,서울특별시 중랑구청,2026-02-26
중화1동148-85,1,,서울특별시 중랑구 중화1동 148-85,37.58667618,127.0917016,,,02-2094-2683,서울특별시 중랑구청,2026-02-26
중화1동148-84,1,,서울특별시 중랑구 중화1동 148-84,37.58578508,127.0921915,,,02-2094-2683,서울특별시 중랑구청,2026-02-26
중화1동148-83,1,,서울특별시 중랑구 중화1동 148-83,37.58523021,127.0913032,,,02-2094-2683,서울특별시 중랑구청,2026-02-26
중화1동148-91,1,,서울특별시 중랑구 중화1동 148-91,,,,,02-2094-2683,서울특별시 중랑구청,2026-02-26
중화1동148-93,1,,서울특별시 중랑구 중화1동 148-93,37.58409985,127.0911546,,,02-2094-2683,서울특별시 중랑구청,2026-02-26
중화1동277-1,1,,서울특별시 중랑구 중화1동 277-1,37.58592098,127.0888623,,,02-2094-2683,서울특별시 중랑구청,2026-02-26
중화1동110-15,1,,서울특별시 중랑구 중화1동 110-15,37.5848392,127.0918599,,,02-2094-2683,서울특별시 중랑구청,2026-02-26
중화1동290-25,1,,서울특별시 중랑구 중화1동 290-25,37.58448346,127.0912057,,,02-2094-2683,서울특별시 중랑구청,2026-02-26
중화1동290-22,1,,서울특별시 중랑구 중화1동 290-22,37.58435467,127.0925295,,,02-2094-2683,서울특별시 중랑구청,2026-02-26
중화1동290-21,1,,서울특별시 중랑구 중화1동 290-21,37.58494718,127.0899392,,,02-2094-2683,서울특별시 중랑구청,2026-02-26
중화1동290-19,1,,서울특별시 중랑구 중화1동 290-19,37.59107136,127.0779732,,,02-2094-2683,서울특별시 중랑구청,2026-02-26
중화1동290-30,1,,서울특별시 중랑구 중화1동 290-30,37.59134152,127.0785789,,,02-2094-2683,서울특별시 중랑구청,2026-02-26
중화1동290-18,1,,서울특별시 중랑구 중화1동 290-18,37.5913271,127.078865,,,02-2094-2683,서울특별시 중랑구청,2026-02-26
중화1동290-15,1,,서울특별시 중랑구 중화1동 290-15,37.59154083,127.0789651,,,02-2094-2683,서울특별시 중랑구청,2026-02-26
중화1동290-8,1,,서울특별시 중랑구 중화1동 290-8,37.59154668,127.0793796,,,02-2094-2683,서울특별시 중랑구청,2026-02-26
중화1동180-4,1,,서울특별시 중랑구 중화1동 180-4,37.59169961,127.0797315,,,02-2094-2683,서울특별시 중랑구청,2026-02-26
중화1동180-8,1,,서울특별시 중랑구 중화1동 180-8,37.59169961,127.0797315,,,02-2094-2683,서울특별시 중랑구청,2026-02-26
중화1동180-7,1,,서울특별시 중랑구 중화1동 180-7,37.59152534,127.0796272,,,02-2094-2683,서울특별시 중랑구청,2026-02-26
중화1동180-9,1,,서울특별시 중랑구 중화1동 180-9,37.59132178,127.0791342,,,02-2094-2683,서울특별시 중랑구청,2026-02-26
중화1동180-15,1,,서울특별시 중랑구 중화1동 180-15,37.59120059,127.0788761,,,02-2094-2683,서울특별시 중랑구청,2026-02-26
중화1동180-12,1,,서울특별시 중랑구 중화1동 180-12,37.58692106,127.0788679,,,02-2094-2683,서울특별시 중랑구청,2026-02-26
중화1동179-12,1,,서울특별시 중랑구 중화1동 179-12,37.58796004,127.0774357,,,02-2094-2683,서울특별시 중랑구청,2026-02-26
중화1동179-13,1,,서울특별시 중랑구 중화1동 179-13,37.59190162,127.0793188,,,02-2094-2683,서울특별시 중랑구청,2026-02-26
중화1동178-25,1,,서울특별시 중랑구 중화1동 178-25,37.59183494,127.0793418,,,02-2094-2683,서울특별시 중랑구청,2026-02-26
중화1동179-6,1,,서울특별시 중랑구 중화1동 179-6,37.59184461,127.0790245,,,02-2094-2683,서울특별시 중랑구청,2026-02-26
중화1동179-20,1,,서울특별시 중랑구 중화1동 179-20,37.59168076,127.0791022,,,02-2094-2683,서울특별시 중랑구청,2026-02-26
중화1동179-3,1,,서울특별시 중랑구 중화1동 179-3,37.59147671,127.0786602,,,02-2094-2683,서울특별시 중랑구청,2026-02-26
중화1동178-19,1,,서울특별시 중랑구 중화1동 178-19,37.59166292,127.0785628,,,02-2094-2683,서울특별시 중랑구청,2026-02-26
중화1동178-15,1,,서울특별시 중랑구 중화1동 178-15,37.59152277,127.0784934,,,02-2094-2683,서울특별시 중랑구청,2026-02-26
중화1동178-16,1,,서울특별시 중랑구 중화1동 178-16,37.5914302,127.078541,,,02-2094-2683,서울특별시 중랑구청,2026-02-26
중화1동178-67,1,,서울특별시 중랑구 중화1동 178-67,37.59101638,127.0778538,,,02-2094-2683,서울특별시 중랑구청,2026-02-26
중화1동178-78,1,,서울특별시 중랑구 중화1동 178-78,37.59112974,127.0778307,,,02-2094-2683,서울특별시 중랑구청,2026-02-26
중화1동178-72,1,,서울특별시 중랑구 중화1동 178-72,37.59142818,127.0777955,,,02-2094-2683,서울특별시 중랑구청,2026-02-26
중화1동154-6,1,,서울특별시 중랑구 중화1동 154-6,37.59149206,127.0776495,,,02-2094-2683,서울특별시 중랑구청,2026-02-26
중화1동154-64,1,,서울특별시 중랑구 중화1동 154-64,37.59170275,127.0777353,,,02-2094-2683,서울특별시 중랑구청,2026-02-26
중화1동154-29,1,,서울특별시 중랑구 중화1동 154-29,37.59185594,127.0782488,,,02-2094-2683,서울특별시 중랑구청,2026-02-26
중화1동154-67,1,,서울특별시 중랑구 중화1동 154-67,37.59198397,127.078378,,,02-2094-2683,서울특별시 중랑구청,2026-02-26
중화1동154-65,1,,서울특별시 중랑구 중화1동 154-65,37.59203566,127.0780194,,,02-2094-2683,서울특별시 중랑구청,2026-02-26
중화1동178-65,1,,서울특별시 중랑구 중화1동 178-65,37.5920222,127.0776544,,,02-2094-2683,서울특별시 중랑구청,2026-02-26
중화1동154-58,1,,서울특별시 중랑구 중화1동 154-58,37.59254627,127.0774409,,,02-2094-2683,서울특별시 중랑구청,2026-02-26
중화1동154-40,1,,서울특별시 중랑구 중화1동 154-40,37.59239073,127.0774913,,,02-2094-2683,서울특별시 중랑구청,2026-02-26
중화1동154-52,1,,서울특별시 중랑구 중화1동 154-52,37.59221453,127.0775659,,,02-2094-2683,서울특별시 중랑구청,2026-02-26
중화1동130-2,1,,서울특별시 중랑구 중화1동 130-2,37.59264191,127.077776,,,02-2094-2683,서울특별시 중랑구청,2026-02-26
중화1동157-19,1,,서울특별시 중랑구 중화1동 157-19,37.59246286,127.0776802,,,02-2094-2683,서울특별시 중랑구청,2026-02-26
중화1동154-9,1,,서울특별시 중랑구 중화1동 154-9,37.59219583,127.0777812,,,02-2094-2683,서울특별시 중랑구청,2026-02-26
중화1동158-53,1,,서울특별시 중랑구 중화1동 158-53,37.59213063,127.0782799,,,02-2094-2683,서울특별시 중랑구청,2026-02-26
중화1동148-36,1,,서울특별시 중랑구 중화1동 148-36,37.59254837,127.0779405,,,02-2094-2683,서울특별시 중랑구청,2026-02-26
중화1동148-35,1,,서울특별시 중랑구 중화1동 148-35,37.59238225,127.0783209,,,02-2094-2683,서울특별시 중랑구청,2026-02-26
중화1동148-57,1,,서울특별시 중랑구 중화1동 148-57,,,,,02-2094-2683,서울특별시 중랑구청,2026-02-26
중화1동148-39,1,,서울특별시 중랑구 중화1동 148-39,37.59272199,127.0784907,,,02-2094-2683,서울특별시 중랑구청,2026-02-26
중화1동135-29,1,,서울특별시 중랑구 중화1동 135-29,37.59187101,127.0768419,,,02-2094-2683,서울특별시 중랑구청,2026-02-26
중화1동135-18,1,,서울특별시 중랑구 중화1동 135-18,37.59201207,127.0766118,,,02-2094-2683,서울특별시 중랑구청,2026-02-26
중화1동135-30,1,,서울특별시 중랑구 중화1동 135-30,37.59219619,127.0765342,,,02-2094-2683,서울특별시 중랑구청,2026-02-26
중화1동135-10,1,,서울특별시 중랑구 중화1동 135-10,37.59219989,127.0761105,,,02-2094-2683,서울특별시 중랑구청,2026-02-26
중화1동135-3,1,,서울특별시 중랑구 중화1동 135-3,,,,,02-2094-2683,서울특별시 중랑구청,2026-02-26
중화1동135-14,1,,서울특별시 중랑구 중화1동 135-14,37.59232174,127.0764827,,,02-2094-2683,서울특별시 중랑구청,2026-02-26
중화1동135-15,1,,서울특별시 중랑구 중화1동 135-15,37.59163473,127.0763427,,,02-2094-2683,서울특별시 중랑구청,2026-02-26
중화1동134-14,1,,서울특별시 중랑구 중화1동 134-14,,,,,02-2094-2683,서울특별시 중랑구청,2026-02-26
중화1동135-25,1,,서울특별시 중랑구 중화1동 135-25,37.59181192,127.076255,,,02-2094-2683,서울특별시 중랑구청,2026-02-26
중화1동138-6,1,,서울특별시 중랑구 중화1동 138-6,37.59206734,127.0759967,,,02-2094-2683,서울특별시 중랑구청,2026-02-26
중화1동134-23,1,,서울특별시 중랑구 중화1동 134-23,37.59216377,127.0759579,,,02-2094-2683,서울특별시 중랑구청,2026-02-26
중화1동134-12,1,,서울특별시 중랑구 중화1동 134-12,37.59215339,127.075851,,,02-2094-2683,서울특별시 중랑구청,2026-02-26
중화1동134-19,1,,서울특별시 중랑구 중화1동 134-19,37.5918413,127.0759702,,,02-2094-2683,서울특별시 중랑구청,2026-02-26
중화1동134-5,1,,서울특별시 중랑구 중화1동 134-5,37.5916244,127.0758788,,,02-2094-2683,서울특별시 중랑구청,2026-02-26
중화1동157-4,1,,서울특별시 중랑구 중화1동 157-4,37.59139277,127.0759884,,,02-2094-2683,서울특별시 중랑구청,2026-02-26
중화1동134-8,1,,서울특별시 중랑구 중화1동 134-8,37.59130386,127.075685,,,02-2094-2683,서울특별시 중랑구청,2026-02-26
중화1동130-12,1,,서울특별시 중랑구 중화1동 130-12,37.59113888,127.0758421,,,02-2094-2683,서울특별시 중랑구청,2026-02-26
중화1동126,1,,서울특별시 중랑구 중화1동 126,37.59110939,127.0757399,,,02-2094-2683,서울특별시 중랑구청,2026-02-26
중화1동123,1,,서울특별시 중랑구 중화1동 123,37.59116599,127.0755668,,,02-2094-2683,서울특별시 중랑구청,2026-02-26
중화1동122,1,,서울특별시 중랑구 중화1동 122,37.5916283,127.0756972,,,02-2094-2683,서울특별시 중랑구청,2026-02-26
중화1동10-24,1,,서울특별시 중랑구 중화1동 10-24,37.59166959,127.0752374,,,02-2094-2683,서울특별시 중랑구청,2026-02-26
중화1동10-14,1,,서울특별시 중랑구 중화1동 10-14,37.59170255,127.0754068,,,02-2094-2683,서울특별시 중랑구청,2026-02-26
중화1동10-2,1,,서울특별시 중랑구 중화1동 10-2,37.59175416,127.0755746,,,02-2094-2683,서울특별시 중랑구청,2026-02-26
중화1동440-2,1,,서울특별시 중랑구 중화1동 440-2,37.59200477,127.0753611,,,02-2094-2683,서울특별시 중랑구청,2026-02-26
중화1동10-23,1,,서울특별시 중랑구 중화1동 10-23,37.59196425,127.0756064,,,02-2094-2683,서울특별시 중랑구청,2026-02-26
중화1동8-1,1,,서울특별시 중랑구 중화1동 8-1,37.59189075,127.0748611,,,02-2094-2683,서울특별시 중랑구청,2026-02-26
중화1동9-1,1,,서울특별시 중랑구 중화1동 9-1,37.59279644,127.0783178,,,02-2094-2683,서울특별시 중랑구청,2026-02-26
중화1동9-2,1,,서울특별시 중랑구 중화1동 9-2,37.59164055,127.0748475,,,02-2094-2683,서울특별시 중랑구청,2026-02-26
중화1동9-7,1,,서울특별시 중랑구 중화1동 9-7,37.59167194,127.074520,,,02-2094-2683,서울특별시 중랑구청,2026-02-26
중화1동1-13,1,,서울특별시 중랑구 중화1동 1-13,37.59137721,127.073867,,,02-2094-2683,서울특별시 중랑구청,2026-02-26
중화1동1-12,1,,서울특별시 중랑구 중화1동 1-12,37.59170144,127.0741706,,,02-2094-2683,서울특별시 중랑구청,2026-02-26
중화1동1-1,1,,서울특별시 중랑구 중화1동 1-1,37.5919196,127.0789816,,,02-2094-2683,서울특별시 중랑구청,2026-02-26
중화1동85-1,1,,서울특별시 중랑구 중화1동 85-1,37.59138432,127.0742591,,,02-2094-2683,서울특별시 중랑구청,2026-02-26
중화1동99-13,1,,서울특별시 중랑구 중화1동 99-13,37.59179897,127.0786924,,,02-2094-2683,서울특별시 중랑구청,2026-02-26
중화1동4-30,1,,서울특별시 중랑구 중화1동 4-30,37.5910891,127.0743484,,,02-2094-2683,서울특별시 중랑구청,2026-02-26
중화1동131-4,1,,서울특별시 중랑구 중화1동 131-4,37.59163056,127.0738387,,,02-2094-2683,서울특별시 중랑구청,2026-02-26
중화1동148-75,1,,서울특별시 중랑구 중화1동 148-75,37.59152863,127.0738733,,,02-2094-2683,서울특별시 중랑구청,2026-02-26
중화1동4-2,1,,서울특별시 중랑구 중화1동 4-2,37.59150957,127.0733767,,,02-2094-2683,서울특별시 중랑구청,2026-02-26
중화1동4-19,1,,서울특별시 중랑구 중화1동 4-19,37.58717701,127.0769923,,,02-2094-2683,서울특별시 중랑구청,2026-02-26
중화1동4-10,1,,서울특별시 중랑구 중화1동 4-10,37.59134805,127.0736303,,,02-2094-2683,서울특별시 중랑구청,2026-02-26
중화1동131-10,1,,서울특별시 중랑구 중화1동 131-10,37.59122358,127.0733996,,,02-2094-2683,서울특별시 중랑구청,2026-02-26
중화1동131-6,1,,서울특별시 중랑구 중화1동 131-6,37.59101118,127.0736098,,,02-2094-2683,서울특별시 중랑구청,2026-02-26
중화1동133-9,1,,서울특별시 중랑구 중화1동 133-9,37.59063467,127.0734383,,,02-2094-2683,서울특별시 중랑구청,2026-02-26
중화1동154-20,1,,서울특별시 중랑구 중화1동 154-20,37.59071551,127.0736954,,,02-2094-2683,서울특별시 중랑구청,2026-02-26
중화1동4-13,1,,서울특별시 중랑구 중화1동 4-13,37.59077009,127.0738737,,,02-2094-2683,서울특별시 중랑구청,2026-02-26
중화1동133-1,1,,서울특별시 중랑구 중화1동 133-1,37.59083299,127.0741471,,,02-2094-2683,서울특별시 중랑구청,2026-02-26
중화1동133-24,1,,서울특별시 중랑구 중화1동 133-24,37.59076269,127.0741715,,,02-2094-2683,서울특별시 중랑구청,2026-02-26
중화1동131-1,1,,서울특별시 중랑구 중화1동 131-1,37.59100853,127.0743811,,,02-2094-2683,서울특별시 중랑구청,2026-02-26
중화1동1,1,,서울특별시 중랑구 중화1동 1,37.59106628,127.0746773,,,02-2094-2683,서울특별시 중랑구청,2026-02-26
중화1동131-22,1,,서울특별시 중랑구 중화1동 131-22,37.59116233,127.0750951,,,02-2094-2683,서울특별시 중랑구청,2026-02-26
중화1동131-29,1,,서울특별시 중랑구 중화1동 131-29,37.59128896,127.0751697,,,02-2094-2683,서울특별시 중랑구청,2026-02-26
중화1동131-31,1,,서울특별시 중랑구 중화1동 131-31,37.59120347,127.0748629,,,02-2094-2683,서울특별시 중랑구청,2026-02-26
중화1동119,1,,서울특별시 중랑구 중화1동 119,37.59113374,127.0745798,,,02-2094-2683,서울특별시 중랑구청,2026-02-26
중화1동276-1,1,,서울특별시 중랑구 중화1동 276-1,37.5915264,127.0748427,,,02-2094-2683,서울특별시 중랑구청,2026-02-26
중화1동145-1,1,,서울특별시 중랑구 중화1동 145-1,37.59140957,127.0743765,,,02-2094-2683,서울특별시 중랑구청,2026-02-26
중화1동110-64,1,,서울특별시 중랑구 중화1동 110-64,37.59150322,127.0750188,,,02-2094-2683,서울특별시 중랑구청,2026-02-26
중화1동110-59,1,,서울특별시 중랑구 중화1동 110-59,37.59132601,127.0728506,,,02-2094-2683,서울특별시 중랑구청,2026-02-26
중화1동110-78,1,,서울특별시 중랑구 중화1동 110-78,37.5897383,127.0723794,,,02-2094-2683,서울특별시 중랑구청,2026-02-26
중화1동110-82,1,,서울특별시 중랑구 중화1동 110-82,37.58956439,127.0728404,,,02-2094-2683,서울특별시 중랑구청,2026-02-26
중화1동110-23,1,,서울특별시 중랑구 중화1동 110-23,,,,,02-2094-2683,서울특별시 중랑구청,2026-02-26
중화1동110-51,1,,서울특별시 중랑구 중화1동 110-51,,,,,02-2094-2683,서울특별시 중랑구청,2026-02-26
중화1동289-2,1,,서울특별시 중랑구 중화1동 289-2,37.59047424,127.072208,,,02-2094-2683,서울특별시 중랑구청,2026-02-26
중화1동289-1,1,,서울특별시 중랑구 중화1동 289-1,37.59047684,127.072374,,,02-2094-2683,서울특별시 중랑구청,2026-02-26
중화1동289-12,1,,서울특별시 중랑구 중화1동 289-12,37.59068669,127.0726509,,,02-2094-2683,서울특별시 중랑구청,2026-02-26
중화1동287-19,1,,서울특별시 중랑구 중화1동 287-19,37.59070578,127.0728163,,,02-2094-2683,서울특별시 중랑구청,2026-02-26
중화1동287-3,1,,서울특별시 중랑구 중화1동 287-3,37.59095023,127.0727992,,,02-2094-2683,서울특별시 중랑구청,2026-02-26
중화1동273-38,1,,서울특별시 중랑구 중화1동 273-38,37.59100142,127.0726298,,,02-2094-2683,서울특별시 중랑구청,2026-02-26
중화1동287-20,1,,서울특별시 중랑구 중화1동 287-20,37.59115586,127.0727583,,,02-2094-2683,서울특별시 중랑구청,2026-02-26
중화1동287-4,1,,서울특별시 중랑구 중화1동 287-4,37.5905026,127.0726877,,,02-2094-2683,서울특별시 중랑구청,2026-02-26
중화1동287-14,1,,서울특별시 중랑구 중화1동 287-14,37.59029526,127.0724208,,,02-2094-2683,서울특별시 중랑구청,2026-02-26
중화1동288-16,1,,서울특별시 중랑구 중화1동 288-16,37.59029158,127.0722516,,,02-2094-2683,서울특별시 중랑구청,2026-02-26
중화1동288-10,1,,서울특별시 중랑구 중화1동 288-10,37.58674646,127.0769326,,,02-2094-2683,서울특별시 중랑구청,2026-02-26
중화1동11-83,1,,서울특별시 중랑구 중화1동 11-83,37.58668026,127.0766227,,,02-2094-2683,서울특별시 중랑구청,2026-02-26
중화1동11-78,1,,서울특별시 중랑구 중화1동 11-78,,,,,02-2094-2683,서울특별시 중랑구청,2026-02-26
중화1동11-80,1,,서울특별시 중랑구 중화1동 11-80,37.58967267,127.0730195,,,02-2094-2683,서울특별시 중랑구청,2026-02-26
중화1동11-70,1,,서울특별시 중랑구 중화1동 11-70,37.58900807,127.0792098,,,02-2094-2683,서울특별시 중랑구청,2026-02-26
중화1동11-39,1,,서울특별시 중랑구 중화1동 11-39,37.58893896,127.0786736,,,02-2094-2683,서울특별시 중랑구청,2026-02-26
중화1동446-5,1,,서울특별시 중랑구 중화1동 446-5,37.58838971,127.0767644,,,02-2094-2683,서울특별시 중랑구청,2026-02-26
중화1동444-8,1,,서울특별시 중랑구 중화1동 444-8,,,,,02-2094-2683,서울특별시 중랑구청,2026-02-26
중화1동444-11,1,,서울특별시 중랑구 중화1동 444-11,37.58822152,127.0731812,,,02-2094-2683,서울특별시 중랑구청,2026-02-26
중화1동445-1,1,,서울특별시 중랑구 중화1동 445-1,37.5881462,127.0733261,,,02-2094-2683,서울특별시 중랑구청,2026-02-26
중화1동439-1,1,,서울특별시 중랑구 중화1동 439-1,37.58791695,127.0735346,,,02-2094-2683,서울특별시 중랑구청,2026-02-26
중화1동440-1,1,,서울특별시 중랑구 중화1동 440-1,37.58995639,127.0730271,,,02-2094-2683,서울특별시 중랑구청,2026-02-26
중화1동440-4,1,,서울특별시 중랑구 중화1동 440-4,37.59020821,127.0734644,,,02-2094-2683,서울특별시 중랑구청,2026-02-26
중화1동443-5,1,,서울특별시 중랑구 중화1동 443-5,37.59031713,127.0739138,,,02-2094-2683,서울특별시 중랑구청,2026-02-26
중화1동11-58,1,,서울특별시 중랑구 중화1동 11-58,37.59043775,127.074099,,,02-2094-2683,서울특별시 중랑구청,2026-02-26
중화1동11-68,1,,서울특별시 중랑구 중화1동 11-68,37.59010695,127.0741812,,,02-2094-2683,서울특별시 중랑구청,2026-02-26
중화1동446-13,1,,서울특별시 중랑구 중화1동 446-13,37.5898413,127.0742381,,,02-2094-2683,서울특별시 중랑구청,2026-02-26
중화1동446-11,1,,서울특별시 중랑구 중화1동 446-11,37.58947331,127.073988,,,02-2094-2683,서울특별시 중랑구청,2026-02-26
중화1동446-9,1,,서울특별시 중랑구 중화1동 446-9,37.5899474,127.0745756,,,02-2094-2683,서울특별시 중랑구청,2026-02-26
중화1동11-82,1,,서울특별시 중랑구 중화1동 11-82,37.59026239,127.0747108,,,02-2094-2683,서울특별시 중랑구청,2026-02-26
중화1동274-77,1,,서울특별시 중랑구 중화1동 274-77,37.59005725,127.0748326,,,02-2094-2683,서울특별시 중랑구청,2026-02-26
중화1동13-5,1,,서울특별시 중랑구 중화1동 13-5,37.58984644,127.0749395,,,02-2094-2683,서울특별시 중랑구청,2026-02-26
중화1동13-7,1,,서울특별시 중랑구 중화1동 13-7,37.59035188,127.0748253,,,02-2094-2683,서울특별시 중랑구청,2026-02-26
중화1동91-2,1,,서울특별시 중랑구 중화1동 91-2,37.59007467,127.0749247,,,02-2094-2683,서울특별시 중랑구청,2026-02-26
중화1동91-11,1,,서울특별시 중랑구 중화1동 91-11,37.59041345,127.0750567,,,02-2094-2683,서울특별시 중랑구청,2026-02-26
중화1동91-18,1,,서울특별시 중랑구 중화1동 91-18,37.59004998,127.0754947,,,02-2094-2683,서울특별시 중랑구청,2026-02-26
중화1동94-5,1,,서울특별시 중랑구 중화1동 94-5,37.59014254,127.0754496,,,02-2094-2683,서울특별시 중랑구청,2026-02-26
중화1동91-4,1,,서울특별시 중랑구 중화1동 91-4,37.59050867,127.0753686,,,02-2094-2683,서울특별시 중랑구청,2026-02-26
중화1동91-3,1,,서울특별시 중랑구 중화1동 91-3,37.59035184,127.075453,,,02-2094-2683,서울특별시 중랑구청,2026-02-26
중화1동13-13,1,,서울특별시 중랑구 중화1동 13-13,37.59003575,127.0756244,,,02-2094-2683,서울특별시 중랑구청,2026-02-26
중화1동13-3,1,,서울특별시 중랑구 중화1동 13-3,37.59081212,127.0753664,,,02-2094-2683,서울특별시 중랑구청,2026-02-26
중화1동19,1,,서울특별시 중랑구 중화1동 19,37.59068395,127.0750241,,,02-2094-2683,서울특별시 중랑구청,2026-02-26
중화1동20,1,,서울특별시 중랑구 중화1동 20,37.59062673,127.0753097,,,02-2094-2683,서울특별시 중랑구청,2026-02-26
중화1동22-9,1,,서울특별시 중랑구 중화1동 22-9,37.59061521,127.0748695,,,02-2094-2683,서울특별시 중랑구청,2026-02-26
중화1동21-9,1,,서울특별시 중랑구 중화1동 21-9,37.59052654,127.0750364,,,02-2094-2683,서울특별시 중랑구청,2026-02-26
중화1동18-2,1,,서울특별시 중랑구 중화1동 18-2,37.59040554,127.0743196,,,02-2094-2683,서울특별시 중랑구청,2026-02-26
중화1동18-4,1,,서울특별시 중랑구 중화1동 18-4,37.58993897,127.075087,,,02-2094-2683,서울특별시 중랑구청,2026-02-26
중화1동28-4,1,,서울특별시 중랑구 중화1동 28-4,37.590250,127.0759204,,,02-2094-2683,서울특별시 중랑구청,2026-02-26
중화1동28-5,1,,서울특별시 중랑구 중화1동 28-5,37.59043942,127.0760165,,,02-2094-2683,서울특별시 중랑구청,2026-02-26
중화1동15-4,1,,서울특별시 중랑구 중화1동 15-4,37.59077574,127.0756233,,,02-2094-2683,서울특별시 중랑구청,2026-02-26
중화1동16-1,1,,서울특별시 중랑구 중화1동 16-1,37.5905926,127.0757166,,,02-2094-2683,서울특별시 중랑구청,2026-02-26
중화1동89-1,1,,서울특별시 중랑구 중화1동 89-1,37.59028385,127.076104,,,02-2094-2683,서울특별시 중랑구청,2026-02-26
중화1동90-13,1,,서울특별시 중랑구 중화1동 90-13,37.59039832,127.0761685,,,02-2094-2683,서울특별시 중랑구청,2026-02-26
중화1동99-1,1,,서울특별시 중랑구 중화1동 99-1,37.59047926,127.0761257,,,02-2094-2683,서울특별시 중랑구청,2026-02-26
중화1동99-11,1,,서울특별시 중랑구 중화1동 99-11,37.59054305,127.0764104,,,02-2094-2683,서울특별시 중랑구청,2026-02-26
중화1동98-1,1,,서울특별시 중랑구 중화1동 98-1,37.59064184,127.0768905,,,02-2094-2683,서울특별시 중랑구청,2026-02-26
중화1동95-8,1,,서울특별시 중랑구 중화1동 95-8,37.59075247,127.0766385,,,02-2094-2683,서울특별시 중랑구청,2026-02-26
중화1동90-21,1,,서울특별시 중랑구 중화1동 90-21,37.59064121,127.077168,,,02-2094-2683,서울특별시 중랑구청,2026-02-26
중화1동28-11,1,,서울특별시 중랑구 중화1동 28-11,37.58825712,127.0811626,,,02-2094-2683,서울특별시 중랑구청,2026-02-26
중화1동16-4,1,,서울특별시 중랑구 중화1동 16-4,37.59066772,127.0772814,,,02-2094-2683,서울특별시 중랑구청,2026-02-26
중화1동28-12,1,,서울특별시 중랑구 중화1동 28-12,37.59082078,127.0771722,,,02-2094-2683,서울특별시 중랑구청,2026-02-26
중화1동28-8,1,,서울특별시 중랑구 중화1동 28-8,37.59105081,127.0771567,,,02-2094-2683,서울특별시 중랑구청,2026-02-26
중화1동32-3,1,,서울특별시 중랑구 중화1동 32-3,37.59119838,127.076627,,,02-2094-2683,서울특별시 중랑구청,2026-02-26
중화1동37-2,1,,서울특별시 중랑구 중화1동 37-2,37.59110756,127.0769029,,,02-2094-2683,서울특별시 중랑구청,2026-02-26
중화1동35-1,1,,서울특별시 중랑구 중화1동 35-1,37.59088239,127.0767802,,,02-2094-2683,서울특별시 중랑구청,2026-02-26
중화1동33-1,1,,서울특별시 중랑구 중화1동 33-1,37.59114611,127.0765048,,,02-2094-2683,서울특별시 중랑구청,2026-02-26
중화1동25-18,1,,서울특별시 중랑구 중화1동 25-18,37.59090078,127.0766302,,,02-2094-2683,서울특별시 중랑구청,2026-02-26
중화1동22-8,1,,서울특별시 중랑구 중화1동 22-8,37.59097921,127.0764207,,,02-2094-2683,서울특별시 중랑구청,2026-02-26
중화1동25-9,1,,서울특별시 중랑구 중화1동 25-9,37.59080705,127.0759681,,,02-2094-2683,서울특별시 중랑구청,2026-02-26
중화1동30-5,1,,서울특별시 중랑구 중화1동 30-5,37.59103557,127.0760668,,,02-2094-2683,서울특별시 중랑구청,2026-02-26
중화1동30-2,1,,서울특별시 중랑구 중화1동 30-2,37.58904568,127.0741542,,,02-2094-2683,서울특별시 중랑구청,2026-02-26
중화1동85-3,1,,서울특별시 중랑구 중화1동 85-3,37.58872434,127.0740969,,,02-2094-2683,서울특별시 중랑구청,2026-02-26
중화1동102-1,1,,서울특별시 중랑구 중화1동 102-1,37.58881177,127.0737511,,,02-2094-2683,서울특별시 중랑구청,2026-02-26
중화1동102-4,1,,서울특별시 중랑구 중화1동 102-4,37.58847209,127.0740469,,,02-2094-2683,서울특별시 중랑구청,2026-02-26
중화1동103-5,1,,서울특별시 중랑구 중화1동 103-5,37.58851078,127.0742786,,,02-2094-2683,서울특별시 중랑구청,2026-02-26
중화1동110-42,1,,서울특별시 중랑구 중화1동 110-42,37.5891968,127.0791147,,,02-2094-2683,서울특별시 중랑구청,2026-02-26
중화1동286-6,1,,서울특별시 중랑구 중화1동 286-6,37.58811738,127.0743177,,,02-2094-2683,서울특별시 중랑구청,2026-02-26
중화1동286-10,1,,서울특별시 중랑구 중화1동 286-10,37.58837578,127.0741785,,,02-2094-2683,서울특별시 중랑구청,2026-02-26
중화1동286-2,1,,서울특별시 중랑구 중화1동 286-2,37.58835534,127.0740143,,,02-2094-2683,서울특별시 중랑구청,2026-02-26
중화1동286-20,1,,서울특별시 중랑구 중화1동 286-20,37.58834556,127.074944,,,02-2094-2683,서울특별시 중랑구청,2026-02-26
중화1동286-19,1,,서울특별시 중랑구 중화1동 286-19,37.58843215,127.075220,,,02-2094-2683,서울특별시 중랑구청,2026-02-26
중화1동100-6,1,,서울특별시 중랑구 중화1동 100-6,37.5883936,127.0747812,,,02-2094-2683,서울특별시 중랑구청,2026-02-26
중화1동112-9,1,,서울특별시 중랑구 중화1동 112-9,37.58853553,127.0751729,,,02-2094-2683,서울특별시 중랑구청,2026-02-26
중화1동112-6,1,,서울특별시 중랑구 중화1동 112-6,37.58831979,127.0745283,,,02-2094-2683,서울특별시 중랑구청,2026-02-26
중화1동112-2,1,,서울특별시 중랑구 중화1동 112-2,37.58864248,127.0745905,,,02-2094-2683,서울특별시 중랑구청,2026-02-26
중화1동100-3,1,,서울특별시 중랑구 중화1동 100-3,37.58878466,127.0750182,,,02-2094-2683,서울특별시 중랑구청,2026-02-26
중화1동99-2,1,,서울특별시 중랑구 중화1동 99-2,37.58906919,127.0748763,,,02-2094-2683,서울특별시 중랑구청,2026-02-26
중화1동88,1,,서울특별시 중랑구 중화1동 88,37.58911053,127.0746283,,,02-2094-2683,서울특별시 중랑구청,2026-02-26
중화1동87-2,1,,서울특별시 중랑구 중화1동 87-2,37.58882369,127.0751419,,,02-2094-2683,서울특별시 중랑구청,2026-02-26
중화1동293-7,1,,서울특별시 중랑구 중화1동 293-7,37.58853803,127.0754929,,,02-2094-2683,서울특별시 중랑구청,2026-02-26
중화1동86-8,1,,서울특별시 중랑구 중화1동 86-8,37.5884728,127.0753488,,,02-2094-2683,서울특별시 중랑구청,2026-02-26
중화1동371-8,1,,서울특별시 중랑구 중화1동 371-8,37.58966282,127.0755035,,,02-2094-2683,서울특별시 중랑구청,2026-02-26
중화1동30-3,1,,서울특별시 중랑구 중화1동 30-3,37.58893239,127.0793443,,,02-2094-2683,서울특별시 중랑구청,2026-02-26
중화1동37-6,1,,서울특별시 중랑구 중화1동 37-6,37.58966282,127.0755035,,,02-2094-2683,서울특별시 중랑구청,2026-02-26
중화1동83-6,1,,서울특별시 중랑구 중화1동 83-6,37.58973363,127.0763487,,,02-2094-2683,서울특별시 중랑구청,2026-02-26
중화1동38-5,1,,서울특별시 중랑구 중화1동 38-5,37.58974485,127.0765552,,,02-2094-2683,서울특별시 중랑구청,2026-02-26
중화1동280-6,1,,서울특별시 중랑구 중화1동 280-6,37.58945715,127.076716,,,02-2094-2683,서울특별시 중랑구청,2026-02-26
중화1동280-7,1,,서울특별시 중랑구 중화1동 280-7,37.58946576,127.0763596,,,02-2094-2683,서울특별시 중랑구청,2026-02-26
중화1동280-13,1,,서울특별시 중랑구 중화1동 280-13,37.58949942,127.0768357,,,02-2094-2683,서울특별시 중랑구청,2026-02-26
중화1동280-15,1,,서울특별시 중랑구 중화1동 280-15,37.58975296,127.076695,,,02-2094-2683,서울특별시 중랑구청,2026-02-26
중화1동280-16,1,,서울특별시 중랑구 중화1동 280-16,37.59006886,127.0772294,,,02-2094-2683,서울특별시 중랑구청,2026-02-26
중화1동21-4,1,,서울특별시 중랑구 중화1동 21-4,37.58994869,127.076927,,,02-2094-2683,서울특별시 중랑구청,2026-02-26
중화1동34-1,1,,서울특별시 중랑구 중화1동 34-1,37.58970954,127.0772433,,,02-2094-2683,서울특별시 중랑구청,2026-02-26
중화1동30-19,1,,서울특별시 중랑구 중화1동 30-19,37.58975301,127.0774533,,,02-2094-2683,서울특별시 중랑구청,2026-02-26
중화1동103-2,1,,서울특별시 중랑구 중화1동 103-2,37.58987292,127.077610,,,02-2094-2683,서울특별시 중랑구청,2026-02-26
중화1동83-4,1,,서울특별시 중랑구 중화1동 83-4,37.59019132,127.0776231,,,02-2094-2683,서울특별시 중랑구청,2026-02-26
중화1동286-33,1,,서울특별시 중랑구 중화1동 286-33,37.59025866,127.0777022,,,02-2094-2683,서울특별시 중랑구청,2026-02-26
중화1동286-22,1,,서울특별시 중랑구 중화1동 286-22,37.59018189,127.0781231,,,02-2094-2683,서울특별시 중랑구청,2026-02-26
중화1동286-41,1,,서울특별시 중랑구 중화1동 286-41,37.5900291,127.0779627,,,02-2094-2683,서울특별시 중랑구청,2026-02-26
중화1동281-7,1,,서울특별시 중랑구 중화1동 281-7,37.58988582,127.0777165,,,02-2094-2683,서울특별시 중랑구청,2026-02-26
중화1동281-13,1,,서울특별시 중랑구 중화1동 281-13,37.59011826,127.0777332,,,02-2094-2683,서울특별시 중랑구청,2026-02-26
중화1동281-31,1,,서울특별시 중랑구 중화1동 281-31,37.58514165,127.0777139,,,02-2094-2683,서울특별시 중랑구청,2026-02-26
중화1동284-5,1,,서울특별시 중랑구 중화1동 284-5,37.58961057,127.0774348,,,02-2094-2683,서울특별시 중랑구청,2026-02-26
중화1동284-16,1,,서울특별시 중랑구 중화1동 284-16,37.58945109,127.0774391,,,02-2094-2683,서울특별시 중랑구청,2026-02-26
중화1동285-9,1,,서울특별시 중랑구 중화1동 285-9,37.58937172,127.0777055,,,02-2094-2683,서울특별시 중랑구청,2026-02-26
중화1동285-1,1,,서울특별시 중랑구 중화1동 285-1,37.58912162,127.0774112,,,02-2094-2683,서울특별시 중랑구청,2026-02-26
중화1동281-20,1,,서울특별시 중랑구 중화1동 281-20,37.58938279,127.0778584,,,02-2094-2683,서울특별시 중랑구청,2026-02-26
중화1동281-14,1,,서울특별시 중랑구 중화1동 281-14,37.5890782,127.0780764,,,02-2094-2683,서울특별시 중랑구청,2026-02-26
중화1동283-33,1,,서울특별시 중랑구 중화1동 283-33,37.589062,127.0777744,,,02-2094-2683,서울특별시 중랑구청,2026-02-26
중화1동282-12,1,,서울특별시 중랑구 중화1동 282-12,37.5890408,127.0775409,,,02-2094-2683,서울특별시 중랑구청,2026-02-26
중화1동282-20,1,,서울특별시 중랑구 중화1동 282-20,37.58951542,127.077997,,,02-2094-2683,서울특별시 중랑구청,2026-02-26
중화1동282-11,1,,서울특별시 중랑구 중화1동 282-11,37.58444584,127.0803511,,,02-2094-2683,서울특별시 중랑구청,2026-02-26
중화1동283-4,1,,서울특별시 중랑구 중화1동 283-4,37.58932259,127.0797729,,,02-2094-2683,서울특별시 중랑구청,2026-02-26
중화1동279-24,1,,서울특별시 중랑구 중화1동 279-24,37.58921169,127.0793568,,,02-2094-2683,서울특별시 중랑구청,2026-02-26
중화1동273-10,1,,서울특별시 중랑구 중화1동 273-10,37.5893418,127.0793463,,,02-2094-2683,서울특별시 중랑구청,2026-02-26
중화1동279-36,1,,서울특별시 중랑구 중화1동 279-36,37.5893333,127.0791162,,,02-2094-2683,서울특별시 중랑구청,2026-02-26
중화1동279-21,1,,서울특별시 중랑구 중화1동 279-21,37.58977313,127.0790295,,,02-2094-2683,서울특별시 중랑구청,2026-02-26
중화1동295-1,1,,서울특별시 중랑구 중화1동 295-1,37.58913477,127.0786454,,,02-2094-2683,서울특별시 중랑구청,2026-02-26
중화1동279-20,1,,서울특별시 중랑구 중화1동 279-20,37.58927621,127.0788076,,,02-2094-2683,서울특별시 중랑구청,2026-02-26
중화1동279-3,1,,서울특별시 중랑구 중화1동 279-3,37.58946397,127.0788113,,,02-2094-2683,서울특별시 중랑구청,2026-02-26
중화1동279-8,1,,서울특별시 중랑구 중화1동 279-8,37.58920062,127.078529,,,02-2094-2683,서울특별시 중랑구청,2026-02-26
중화1동279-10,1,,서울특별시 중랑구 중화1동 279-10,37.58936841,127.0783468,,,02-2094-2683,서울특별시 중랑구청,2026-02-26
중화1동279-11,1,,서울특별시 중랑구 중화1동 279-11,37.58936841,127.0783468,,,02-2094-2683,서울특별시 중랑구청,2026-02-26
중화1동279-15,1,,서울특별시 중랑구 중화1동 279-15,37.58969644,127.0783769,,,02-2094-2683,서울특별시 중랑구청,2026-02-26
중화1동279-17,1,,서울특별시 중랑구 중화1동 279-17,37.58979808,127.078367,,,02-2094-2683,서울특별시 중랑구청,2026-02-26
중화1동275-10,1,,서울특별시 중랑구 중화1동 275-10,37.58987381,127.0785721,,,02-2094-2683,서울특별시 중랑구청,2026-02-26
중화1동275-13,1,,서울특별시 중랑구 중화1동 275-13,37.59000531,127.078778,,,02-2094-2683,서울특별시 중랑구청,2026-02-26
중화1동273-9,1,,서울특별시 중랑구 중화1동 273-9,37.58968287,127.0786082,,,02-2094-2683,서울특별시 중랑구청,2026-02-26
중화1동273-12,1,,서울특별시 중랑구 중화1동 273-12,37.59006811,127.0782365,,,02-2094-2683,서울특별시 중랑구청,2026-02-26
중화1동273-15,1,,서울특별시 중랑구 중화1동 273-15,37.5903499,127.0781607,,,02-2094-2683,서울특별시 중랑구청,2026-02-26
중화1동273-18,1,,서울특별시 중랑구 중화1동 273-18,37.59109369,127.0808013,,,02-2094-2683,서울특별시 중랑구청,2026-02-26
중화1동273-20,1,,서울특별시 중랑구 중화1동 273-20,37.59084988,127.0808003,,,02-2094-2683,서울특별시 중랑구청,2026-02-26
중화1동273-25,1,,서울특별시 중랑구 중화1동 273-25,37.59033714,127.0807769,,,02-2094-2683,서울특별시 중랑구청,2026-02-26
중화1동273-26,1,,서울특별시 중랑구 중화1동 273-26,37.59032304,127.0804508,,,02-2094-2683,서울특별시 중랑구청,2026-02-26
중화1동273-28,1,,서울특별시 중랑구 중화1동 273-28,37.58929998,127.0804258,,,02-2094-2683,서울특별시 중랑구청,2026-02-26
중화1동273-32,1,,서울특별시 중랑구 중화1동 273-32,37.58885301,127.0804125,,,02-2094-2683,서울특별시 중랑구청,2026-02-26
중화1동273-33,1,,서울특별시 중랑구 중화1동 273-33,37.58873408,127.0804136,,,02-2094-2683,서울특별시 중랑구청,2026-02-26
중화1동273-2,1,,서울특별시 중랑구 중화1동 273-2,37.58850568,127.0802721,,,02-2094-2683,서울특별시 중랑구청,2026-02-26
중화1동274-49,1,,서울특별시 중랑구 중화1동 274-49,37.58880589,127.0805463,,,02-2094-2683,서울특별시 중랑구청,2026-02-26
중화1동274-40,1,,서울특별시 중랑구 중화1동 274-40,37.58880589,127.0805463,,,02-2094-2683,서울특별시 중랑구청,2026-02-26
중화1동274-38,1,,서울특별시 중랑구 중화1동 274-38,37.58901881,127.0805213,,,02-2094-2683,서울특별시 중랑구청,2026-02-26
중화1동273-7,1,,서울특별시 중랑구 중화1동 273-7,37.58938945,127.080551,,,02-2094-2683,서울특별시 중랑구청,2026-02-26
중화1동274-23,1,,서울특별시 중랑구 중화1동 274-23,37.58934005,127.0807226,,,02-2094-2683,서울특별시 중랑구청,2026-02-26
중화1동274-34,1,,서울특별시 중랑구 중화1동 274-34,37.58956575,127.0807204,,,02-2094-2683,서울특별시 중랑구청,2026-02-26
중화1동274-18,1,,서울특별시 중랑구 중화1동 274-18,37.58964404,127.0807389,,,02-2094-2683,서울특별시 중랑구청,2026-02-26
중화1동274-19,1,,서울특별시 중랑구 중화1동 274-19,37.58975355,127.0804147,,,02-2094-2683,서울특별시 중랑구청,2026-02-26
중화1동274-20,1,,서울특별시 중랑구 중화1동 274-20,37.59009095,127.0809679,,,02-2094-2683,서울특별시 중랑구청,2026-02-26
중화1동274-13,1,,서울특별시 중랑구 중화1동 274-13,37.59009384,127.0810877,,,02-2094-2683,서울특별시 중랑구청,2026-02-26
중화1동274-6,1,,서울특별시 중랑구 중화1동 274-6,37.59005541,127.0814186,,,02-2094-2683,서울특별시 중랑구청,2026-02-26
중화1동274-8,1,,서울특별시 중랑구 중화1동 274-8,37.59031299,127.0817065,,,02-2094-2683,서울특별시 중랑구청,2026-02-26
중화1동274-5,1,,서울특별시 중랑구 중화1동 274-5,37.59052507,127.0815876,,,02-2094-2683,서울특별시 중랑구청,2026-02-26
중화1동274-72,1,,서울특별시 중랑구 중화1동 274-72,37.59060751,127.0815964,,,02-2094-2683,서울특별시 중랑구청,2026-02-26
중화1동274-1,1,,서울특별시 중랑구 중화1동 274-1,37.59063484,127.0812886,,,02-2094-2683,서울특별시 중랑구청,2026-02-26
중화1동274-56,1,,서울특별시 중랑구 중화1동 274-56,37.59045814,127.0813135,,,02-2094-2683,서울특별시 중랑구청,2026-02-26
중화1동274-63,1,,서울특별시 중랑구 중화1동 274-63,37.59093532,127.0810353,,,02-2094-2683,서울특별시 중랑구청,2026-02-26
중화1동274-51,1,,서울특별시 중랑구 중화1동 274-51,,,,,02-2094-2683,서울특별시 중랑구청,2026-02-26
중화1동275-28,1,,서울특별시 중랑구 중화1동 275-28,37.59124708,127.0813981,,,02-2094-2683,서울특별시 중랑구청,2026-02-26
중화1동275-48,1,,서울특별시 중랑구 중화1동 275-48,37.5911707,127.0812389,,,02-2094-2683,서울특별시 중랑구청,2026-02-26
중화1동275-6,1,,서울특별시 중랑구 중화1동 275-6,37.59107004,127.081656,,,02-2094-2683,서울특별시 중랑구청,2026-02-26
중화1동275-5,1,,서울특별시 중랑구 중화1동 275-5,,,,,02-2094-2683,서울특별시 중랑구청,2026-02-26
중화1동275-4,1,,서울특별시 중랑구 중화1동 275-4,,,,,02-2094-2683,서울특별시 중랑구청,2026-02-26
중화1동275-3,1,,서울특별시 중랑구 중화1동 275-3,37.59147809,127.0821807,,,02-2094-2683,서울특별시 중랑구청,2026-02-26
중화1동275-2,1,,서울특별시 중랑구 중화1동 275-2,37.59129538,127.0822919,,,02-2094-2683,서울특별시 중랑구청,2026-02-26
중화1동275-35,1,,서울특별시 중랑구 중화1동 275-35,37.59146832,127.0826276,,,02-2094-2683,서울특별시 중랑구청,2026-02-26
중화1동275-31,1,,서울특별시 중랑구 중화1동 275-31,37.59150456,127.0828546,,,02-2094-2683,서울특별시 중랑구청,2026-02-26
중화1동295-35,1,,서울특별시 중랑구 중화1동 295-35,37.59156449,127.0830985,,,02-2094-2683,서울특별시 중랑구청,2026-02-26
중화1동10-20,1,,서울특별시 중랑구 중화1동 10-20,37.59175229,127.0829123,,,02-2094-2683,서울특별시 중랑구청,2026-02-26
중화1동148-154,1,,서울특별시 중랑구 중화1동 148-154,37.59167764,127.0834965,,,02-2094-2683,서울특별시 중랑구청,2026-02-26
중화1동4-26,1,,서울특별시 중랑구 중화1동 4-26,37.59150297,127.083457,,,02-2094-2683,서울특별시 중랑구청,2026-02-26
중화1동96,1,,서울특별시 중랑구 중화1동 96,37.59161547,127.0838761,,,02-2094-2683,서울특별시 중랑구청,2026-02-26
중화1동487-1,1,,서울특별시 중랑구 중화1동 487-1,37.59170603,127.0839877,,,02-2094-2683,서울특별시 중랑구청,2026-02-26
중화1동295-41,1,,서울특별시 중랑구 중화1동 295-41,37.59184006,127.0839234,,,02-2094-2683,서울특별시 중랑구청,2026-02-26
중화1동158-16,1,,서울특별시 중랑구 중화1동 158-16,37.59170603,127.0839877,,,02-2094-2683,서울특별시 중랑구청,2026-02-26
중화1동10-1,1,,서울특별시 중랑구 중화1동 10-1,37.59125048,127.0824769,,,02-2094-2683,서울특별시 중랑구청,2026-02-26
중화1동292-22,1,,서울특별시 중랑구 중화1동 292-22,37.59109923,127.0825615,,,02-2094-2683,서울특별시 중랑구청,2026-02-26
중화1동158-22,1,,서울특별시 중랑구 중화1동 158-22,37.59085928,127.0819376,,,02-2094-2683,서울특별시 중랑구청,2026-02-26
중화1동293-15,1,,서울특별시 중랑구 중화1동 293-15,37.59085079,127.0818347,,,02-2094-2683,서울특별시 중랑구청,2026-02-26
중화1동288-1,1,,서울특별시 중랑구 중화1동 288-1,37.59076626,127.0819852,,,02-2094-2683,서울특별시 중랑구청,2026-02-26
중화1동13-4,1,,서울특별시 중랑구 중화1동 13-4,37.5911938,127.0828619,,,02-2094-2683,서울특별시 중랑구청,2026-02-26
중화1동285-21,1,,서울특별시 중랑구 중화1동 285-21,37.59107759,127.0824606,,,02-2094-2683,서울특별시 중랑구청,2026-02-26
중화1동274-28,1,,서울특별시 중랑구 중화1동 274-28,37.59042505,127.0820018,,,02-2094-2683,서울특별시 중랑구청,2026-02-26
중화1동11-98,1,,서울특별시 중랑구 중화1동 11-98,37.59059347,127.0819622,,,02-2094-2683,서울특별시 중랑구청,2026-02-26
중화1동275-9,1,,서울특별시 중랑구 중화1동 275-9,37.58995976,127.0821561,,,02-2094-2683,서울특별시 중랑구청,2026-02-26
중화1동287-10,1,,서울특별시 중랑구 중화1동 287-10,37.58963228,127.082104,,,02-2094-2683,서울특별시 중랑구청,2026-02-26
중화1동289-8,1,,서울특별시 중랑구 중화1동 289-8,37.58918896,127.0815113,,,02-2094-2683,서울특별시 중랑구청,2026-02-26
중화1동276-10,1,,서울특별시 중랑구 중화1동 276-10,37.5891182,127.0811555,,,02-2094-2683,서울특별시 중랑구청,2026-02-26
중화1동209,1,,서울특별시 중랑구 중화1동 209,37.58927182,127.0783553,,,02-2094-2683,서울특별시 중랑구청,2026-02-26
중화1동135-27,1,,서울특별시 중랑구 중화1동 135-27,37.58901359,127.0809053,,,02-2094-2683,서울특별시 중랑구청,2026-02-26
중화1동91-13,1,,서울특별시 중랑구 중화1동 91-13,37.58893334,127.0812484,,,02-2094-2683,서울특별시 중랑구청,2026-02-26
중화1동200-9,1,,서울특별시 중랑구 중화1동 200-9,37.58857132,127.0809543,,,02-2094-2683,서울특별시 중랑구청,2026-02-26
중화1동28-7,1,,서울특별시 중랑구 중화1동 28-7,37.58948775,127.0813457,,,02-2094-2683,서울특별시 중랑구청,2026-02-26
중화1동95,1,,서울특별시 중랑구 중화1동 95,37.58984692,127.0816799,,,02-2094-2683,서울특별시 중랑구청,2026-02-26
중화1동28-3,1,,서울특별시 중랑구 중화1동 28-3,37.58977431,127.0818069,,,02-2094-2683,서울특별시 중랑구청,2026-02-26
중화1동282-2,1,,서울특별시 중랑구 중화1동 282-2,37.5899885,127.0815116,,,02-2094-2683,서울특별시 중랑구청,2026-02-26
중화1동110-105,1,,서울특별시 중랑구 중화1동 110-105,37.59188002,127.0776601,,,02-2094-2683,서울특별시 중랑구청,2026-02-26
중화1동179-5,1,,서울특별시 중랑구 중화1동 179-5,37.58843916,127.0813726,,,02-2094-2683,서울특별시 중랑구청,2026-02-26
중화1동282-5,1,,서울특별시 중랑구 중화1동 282-5,37.58850321,127.0817764,,,02-2094-2683,서울특별시 중랑구청,2026-02-26
중화1동292-17,1,,서울특별시 중랑구 중화1동 292-17,37.58862361,127.0818581,,,02-2094-2683,서울특별시 중랑구청,2026-02-26
중화1동146-2,1,,서울특별시 중랑구 중화1동 146-2,37.58876369,127.0819045,,,02-2094-2683,서울특별시 중랑구청,2026-02-26
중화1동178-93,1,,서울특별시 중랑구 중화1동 178-93,37.58870804,127.0819878,,,02-2094-2683,서울특별시 중랑구청,2026-02-26
중화1동154-2,1,,서울특별시 중랑구 중화1동 154-2,37.58884272,127.0820027,,,02-2094-2683,서울특별시 중랑구청,2026-02-26
중화1동131-8,1,,서울특별시 중랑구 중화1동 131-8,37.58898723,127.082282,,,02-2094-2683,서울특별시 중랑구청,2026-02-26
중화1동120,1,,서울특별시 중랑구 중화1동 120,37.59200778,127.078215,,,02-2094-2683,서울특별시 중랑구청,2026-02-26
중화1동288-26,1,,서울특별시 중랑구 중화1동 288-26,37.58904397,127.0819312,,,02-2094-2683,서울특별시 중랑구청,2026-02-26
중화1동83-18,1,,서울특별시 중랑구 중화1동 83-18,37.58921955,127.0819555,,,02-2094-2683,서울특별시 중랑구청,2026-02-26
중화1동91-8,1,,서울특별시 중랑구 중화1동 91-8,37.5892829,127.0821997,,,02-2094-2683,서울특별시 중랑구청,2026-02-26
중화1동154-44,1,,서울특별시 중랑구 중화1동 154-44,37.58902294,127.0817185,,,02-2094-2683,서울특별시 중랑구청,2026-02-26
중화1동101-2,1,,서울특별시 중랑구 중화1동 101-2,37.58970796,127.082497,,,02-2094-2683,서울특별시 중랑구청,2026-02-26
중화1동54-79,1,,서울특별시 중랑구 중화1동 54-79,37.58967002,127.0826447,,,02-2094-2683,서울특별시 중랑구청,2026-02-26
중화1동148-1,1,,서울특별시 중랑구 중화1동 148-1,37.58953372,127.0824813,,,02-2094-2683,서울특별시 중랑구청,2026-02-26
중화1동110-16,1,,서울특별시 중랑구 중화1동 110-16,37.58940327,127.0823393,,,02-2094-2683,서울특별시 중랑구청,2026-02-26
중화1동11-8,1,,서울특별시 중랑구 중화1동 11-8,37.58917537,127.0822604,,,02-2094-2683,서울특별시 중랑구청,2026-02-26
중화1동41-3,1,,서울특별시 중랑구 중화1동 41-3,37.58780761,127.0812948,,,02-2094-2683,서울특별시 중랑구청,2026-02-26
중화1동158-29,1,,서울특별시 중랑구 중화1동 158-29,37.58744903,127.0814093,,,02-2094-2683,서울특별시 중랑구청,2026-02-26
중화1동30-8,1,,서울특별시 중랑구 중화1동 30-8,37.58728647,127.0810404,,,02-2094-2683,서울특별시 중랑구청,2026-02-26
중화1동110-48,1,,서울특별시 중랑구 중화1동 110-48,37.58728647,127.0810404,,,02-2094-2683,서울특별시 중랑구청,2026-02-26
중화1동490-6,1,,서울특별시 중랑구 중화1동 490-6,37.58722785,127.0816036,,,02-2094-2683,서울특별시 중랑구청,2026-02-26
중화1동20-8,1,,서울특별시 중랑구 중화1동 20-8,37.58740004,127.0816285,,,02-2094-2683,서울특별시 중랑구청,2026-02-26
중화1동148-111,1,,서울특별시 중랑구 중화1동 148-111,37.58707948,127.0809567,,,02-2094-2683,서울특별시 중랑구청,2026-02-26
중화1동86,1,,서울특별시 중랑구 중화1동 86,37.58720908,127.0803769,,,02-2094-2683,서울특별시 중랑구청,2026-02-26
중화1동293-17,1,,서울특별시 중랑구 중화1동 293-17,37.58736331,127.0805469,,,02-2094-2683,서울특별시 중랑구청,2026-02-26
중화1동86-9,1,,서울특별시 중랑구 중화1동 86-9,37.58755176,127.0804675,,,02-2094-2683,서울특별시 중랑구청,2026-02-26
중화1동1-7,1,,서울특별시 중랑구 중화1동 1-7,37.5874292,127.0806395,,,02-2094-2683,서울특별시 중랑구청,2026-02-26
중화1동 -,1,,서울특별시 중랑구 중화1동 -,37.58755263,127.0807737,,,02-2094-2683,서울특별시 중랑구청,2026-02-26
중화1동140-1,1,,서울특별시 중랑구 중화1동 140-1,,,,,02-2094-2683,서울특별시 중랑구청,2026-02-26
중화1동281-1,1,,서울특별시 중랑구 중화1동 281-1,,,,,02-2094-2683,서울특별시 중랑구청,2026-02-26
중화1동1-9,1,,서울특별시 중랑구 중화1동 1-9,37.58782322,127.0804834,,,02-2094-2683,서울특별시 중랑구청,2026-02-26
중화1동110-70,1,,서울특별시 중랑구 중화1동 110-70,,,,,02-2094-2683,서울특별시 중랑구청,2026-02-26
중화1동450-8,1,,서울특별시 중랑구 중화1동 450-8,37.58793511,127.0808933,,,02-2094-2683,서울특별시 중랑구청,2026-02-26
중화1동281-6,1,,서울특별시 중랑구 중화1동 281-6,,,,,02-2094-2683,서울특별시 중랑구청,2026-02-26
중화1동273-1,1,,서울특별시 중랑구 중화1동 273-1,,,,,02-2094-2683,서울특별시 중랑구청,2026-02-26
중화1동180-6,1,,서울특별시 중랑구 중화1동 180-6,37.58793511,127.0808933,,,02-2094-2683,서울특별시 중랑구청,2026-02-26
중화1동180-16,1,,서울특별시 중랑구 중화1동 180-16,37.58817061,127.0805211,,,02-2094-2683,서울특별시 중랑구청,2026-02-26
중화1동281-22,1,,서울특별시 중랑구 중화1동 281-22,37.58800933,127.0803991,,,02-2094-2683,서울특별시 중랑구청,2026-02-26
중화1동295-10,1,,서울특별시 중랑구 중화1동 295-10,37.58777578,127.0818553,,,02-2094-2683,서울특별시 중랑구청,2026-02-26
중화1동291-40,1,,서울특별시 중랑구 중화1동 291-40,37.58794904,127.0815922,,,02-2094-2683,서울특별시 중랑구청,2026-02-26
중화1동50-10,1,,서울특별시 중랑구 중화1동 50-10,37.58811109,127.0817886,,,02-2094-2683,서울특별시 중랑구청,2026-02-26
중화1동73-1,1,,서울특별시 중랑구 중화1동 73-1,37.58831928,127.0818278,,,02-2094-2683,서울특별시 중랑구청,2026-02-26
중화1동195-2,1,,서울특별시 중랑구 중화1동 195-2,37.58816878,127.0821338,,,02-2094-2683,서울특별시 중랑구청,2026-02-26
중화1동 282-21,1,,서울특별시 중랑구 중화1동 195-2,37.601800,127.083200,,,02-2094-2683,서울특별시 중랑구청,2026-02-26
중화1동 1-1,1,,서울특별시 중랑구 중화1동 195-2,37.604500,127.081500,,,02-2094-2683,서울특별시 중랑구청,2026-02-26
중화2동296-51,1,,서울특별시 중랑구 중화2동 296-51,37.58829054,127.0819563,,,02-2094-2683,서울특별시 중랑구청,2026-02-26
중화2동296-43,1,,서울특별시 중랑구 중화2동 296-43,37.58864672,127.0821891,,,02-2094-2683,서울특별시 중랑구청,2026-02-26
중화2동296-35,1,,서울특별시 중랑구 중화2동 296-35,37.58846427,127.0824493,,,02-2094-2683,서울특별시 중랑구청,2026-02-26
중화2동296-100,1,,서울특별시 중랑구 중화2동 296-100,37.58868801,127.0826717,,,02-2094-2683,서울특별시 중랑구청,2026-02-26
중화2동296-46,1,,서울특별시 중랑구 중화2동 296-46,37.58904859,127.0826667,,,02-2094-2683,서울특별시 중랑구청,2026-02-26
중화2동296-58,1,,서울특별시 중랑구 중화2동 296-58,37.58884201,127.0826382,,,02-2094-2683,서울특별시 중랑구청,2026-02-26
중화2동296-44,1,,서울특별시 중랑구 중화2동 296-44,37.58887698,127.0830039,,,02-2094-2683,서울특별시 중랑구청,2026-02-26
중화2동209,1,,서울특별시 중랑구 중화2동 209,37.58904384,127.0830152,,,02-2094-2683,서울특별시 중랑구청,2026-02-26
중화2동210-8,1,,서울특별시 중랑구 중화2동 210-8,37.58904859,127.0826667,,,02-2094-2683,서울특별시 중랑구청,2026-02-26
중화2동299-118,1,,서울특별시 중랑구 중화2동 299-118,37.58918559,127.0829853,,,02-2094-2683,서울특별시 중랑구청,2026-02-26
중화2동296-60,1,,서울특별시 중랑구 중화2동 296-60,37.58876907,127.083476,,,02-2094-2683,서울특별시 중랑구청,2026-02-26
중화2동299-80,1,,서울특별시 중랑구 중화2동 299-80,37.58903746,127.0837586,,,02-2094-2683,서울특별시 중랑구청,2026-02-26
중화2동296-64,1,,서울특별시 중랑구 중화2동 296-64,37.58879674,127.0839715,,,02-2094-2683,서울특별시 중랑구청,2026-02-26
중화2동296-67,1,,서울특별시 중랑구 중화2동 296-67,37.58862849,127.0838984,,,02-2094-2683,서울특별시 중랑구청,2026-02-26
중화2동296-22,1,,서울특별시 중랑구 중화2동 296-22,37.58832193,127.0837035,,,02-2094-2683,서울특별시 중랑구청,2026-02-26
중화2동296-29,1,,서울특별시 중랑구 중화2동 296-29,37.5885243,127.0835683,,,02-2094-2683,서울특별시 중랑구청,2026-02-26
중화2동296-14,1,,서울특별시 중랑구 중화2동 296-14,37.58864157,127.0832322,,,02-2094-2683,서울특별시 중랑구청,2026-02-26
중화2동296-31,1,,서울특별시 중랑구 중화2동 296-31,37.58848774,127.0830208,,,02-2094-2683,서울특별시 중랑구청,2026-02-26
중화2동296-5,1,,서울특별시 중랑구 중화2동 296-5,37.5885131,127.0832262,,,02-2094-2683,서울특별시 중랑구청,2026-02-26
중화2동296-76,1,,서울특별시 중랑구 중화2동 296-76,37.58825427,127.0834374,,,02-2094-2683,서울특별시 중랑구청,2026-02-26
중화2동296-70,1,,서울특별시 중랑구 중화2동 296-70,37.58824804,127.0829427,,,02-2094-2683,서울특별시 중랑구청,2026-02-26
중화2동329-148,1,,서울특별시 중랑구 중화2동 329-148,37.58846705,127.0828521,,,02-2094-2683,서울특별시 중랑구청,2026-02-26
중화2동296-77,1,,서울특별시 중랑구 중화2동 296-77,37.58798144,127.0822952,,,02-2094-2683,서울특별시 중랑구청,2026-02-26
중화2동296-82,1,,서울특별시 중랑구 중화2동 296-82,37.58757874,127.0824932,,,02-2094-2683,서울특별시 중랑구청,2026-02-26
중화2동296-93,1,,서울특별시 중랑구 중화2동 296-93,37.58784874,127.0823991,,,02-2094-2683,서울특별시 중랑구청,2026-02-26
중화2동296-84,1,,서울특별시 중랑구 중화2동 296-84,37.58790663,127.082719,,,02-2094-2683,서울특별시 중랑구청,2026-02-26
중화2동296-89,1,,서울특별시 중랑구 중화2동 296-89,37.58765624,127.0826022,,,02-2094-2683,서울특별시 중랑구청,2026-02-26
중화2동296-99,1,,서울특별시 중랑구 중화2동 296-99,37.58745342,127.0827378,,,02-2094-2683,서울특별시 중랑구청,2026-02-26
중화2동301-32,1,,서울특별시 중랑구 중화2동 301-32,37.58762618,127.0828085,,,02-2094-2683,서울특별시 중랑구청,2026-02-26
중화2동301-34,1,,서울특별시 중랑구 중화2동 301-34,37.58766064,127.083138,,,02-2094-2683,서울특별시 중랑구청,2026-02-26
중화2동301-40,1,,서울특별시 중랑구 중화2동 301-40,37.58788959,127.0828734,,,02-2094-2683,서울특별시 중랑구청,2026-02-26
중화2동301-25,1,,서울특별시 중랑구 중화2동 301-25,,,,,02-2094-2683,서울특별시 중랑구청,2026-02-26
중화2동301-44,1,,서울특별시 중랑구 중화2동 301-44,37.58792551,127.0832903,,,02-2094-2683,서울특별시 중랑구청,2026-02-26
중화2동301-18,1,,서울특별시 중랑구 중화2동 301-18,37.58798598,127.0835342,,,02-2094-2683,서울특별시 중랑구청,2026-02-26
중화2동301-14,1,,서울특별시 중랑구 중화2동 301-14,37.58832193,127.0837035,,,02-2094-2683,서울특별시 중랑구청,2026-02-26
중화2동301-11,1,,서울특별시 중랑구 중화2동 301-11,37.58779078,127.0835918,,,02-2094-2683,서울특별시 중랑구청,2026-02-26
중화2동330-36,1,,서울특별시 중랑구 중화2동 330-36,37.58784027,127.0833037,,,02-2094-2683,서울특별시 중랑구청,2026-02-26
중화2동301-4,1,,서울특별시 중랑구 중화2동 301-4,37.58745668,127.0820731,,,02-2094-2683,서울특별시 중랑구청,2026-02-26
중화2동301-99,1,,서울특별시 중랑구 중화2동 301-99,37.58757375,127.0821527,,,02-2094-2683,서울특별시 중랑구청,2026-02-26
중화2동301-88,1,,서울특별시 중랑구 중화2동 301-88,37.58923841,127.0835934,,,02-2094-2683,서울특별시 중랑구청,2026-02-26
중화2동301-94,1,,서울특별시 중랑구 중화2동 301-94,37.58938083,127.0833695,,,02-2094-2683,서울특별시 중랑구청,2026-02-26
중화2동301-92,1,,서울특별시 중랑구 중화2동 301-92,37.58951902,127.0831523,,,02-2094-2683,서울특별시 중랑구청,2026-02-26
중화2동302-2,1,,서울특별시 중랑구 중화2동 302-2,37.58918586,127.0837499,,,02-2094-2683,서울특별시 중랑구청,2026-02-26
중화2동301-93,1,,서울특별시 중랑구 중화2동 301-93,37.59019886,127.0841063,,,02-2094-2683,서울특별시 중랑구청,2026-02-26
중화2동301-82,1,,서울특별시 중랑구 중화2동 301-82,37.59019886,127.0841063,,,02-2094-2683,서울특별시 중랑구청,2026-02-26
중화2동301-77,1,,서울특별시 중랑구 중화2동 301-77,37.59034647,127.084693,,,02-2094-2683,서울특별시 중랑구청,2026-02-26
중화2동301-17,1,,서울특별시 중랑구 중화2동 301-17,37.59060048,127.0846615,,,02-2094-2683,서울특별시 중랑구청,2026-02-26
중화2동302-19,1,,서울특별시 중랑구 중화2동 302-19,37.59065057,127.0844298,,,02-2094-2683,서울특별시 중랑구청,2026-02-26
중화2동301-61,1,,서울특별시 중랑구 중화2동 301-61,37.59093558,127.0847678,,,02-2094-2683,서울특별시 중랑구청,2026-02-26
중화2동301-105,1,,서울특별시 중랑구 중화2동 301-105,37.59007548,127.0770279,,,02-2094-2683,서울특별시 중랑구청,2026-02-26
중화2동301-50,1,,서울특별시 중랑구 중화2동 301-50,37.59034647,127.084693,,,02-2094-2683,서울특별시 중랑구청,2026-02-26
중화2동301-51,1,,서울특별시 중랑구 중화2동 301-51,37.58974529,127.0842513,,,02-2094-2683,서울특별시 중랑구청,2026-02-26
중화2동302-45,1,,서울특별시 중랑구 중화2동 302-45,37.58991357,127.0840233,,,02-2094-2683,서울특별시 중랑구청,2026-02-26
중화2동302-48,1,,서울특별시 중랑구 중화2동 302-48,37.58915657,127.0841341,,,02-2094-2683,서울특별시 중랑구청,2026-02-26
중화2동302-63,1,,서울특별시 중랑구 중화2동 302-63,,,,,02-2094-2683,서울특별시 중랑구청,2026-02-26
중화2동302-35,1,,서울특별시 중랑구 중화2동 302-35,37.58931642,127.0839864,,,02-2094-2683,서울특별시 중랑구청,2026-02-26
중화2동302-72,1,,서울특별시 중랑구 중화2동 302-72,37.58940945,127.0836739,,,02-2094-2683,서울특별시 중랑구청,2026-02-26
중화2동302-20,1,,서울특별시 중랑구 중화2동 302-20,37.58963319,127.0829941,,,02-2094-2683,서울특별시 중랑구청,2026-02-26
중화2동302-32,1,,서울특별시 중랑구 중화2동 302-32,37.58972232,127.0830919,,,02-2094-2683,서울특별시 중랑구청,2026-02-26
중화2동302-29,1,,서울특별시 중랑구 중화2동 302-29,37.59005455,127.0834254,,,02-2094-2683,서울특별시 중랑구청,2026-02-26
중화2동302-51,1,,서울특별시 중랑구 중화2동 302-51,37.59018617,127.0834523,,,02-2094-2683,서울특별시 중랑구청,2026-02-26
중화2동302-53,1,,서울특별시 중랑구 중화2동 302-53,37.59026224,127.0835384,,,02-2094-2683,서울특별시 중랑구청,2026-02-26
중화2동302-60,1,,서울특별시 중랑구 중화2동 302-60,37.5905684,127.0834048,,,02-2094-2683,서울특별시 중랑구청,2026-02-26
중화2동302-65,1,,서울특별시 중랑구 중화2동 302-65,37.59080077,127.0836632,,,02-2094-2683,서울특별시 중랑구청,2026-02-26
중화2동302-78,1,,서울특별시 중랑구 중화2동 302-78,37.59098487,127.0838682,,,02-2094-2683,서울특별시 중랑구청,2026-02-26
중화2동302-57,1,,서울특별시 중랑구 중화2동 302-57,37.59131411,127.0842277,,,02-2094-2683,서울특별시 중랑구청,2026-02-26
중화2동315-81,1,,서울특별시 중랑구 중화2동 315-81,37.59115799,127.0844537,,,02-2094-2683,서울특별시 중랑구청,2026-02-26
중화2동300-2,1,,서울특별시 중랑구 중화2동 300-2,37.5910734,127.0845585,,,02-2094-2683,서울특별시 중랑구청,2026-02-26
중화2동300-5,1,,서울특별시 중랑구 중화2동 300-5,37.59104755,127.084424,,,02-2094-2683,서울특별시 중랑구청,2026-02-26
중화2동299-127,1,,서울특별시 중랑구 중화2동 299-127,37.59063437,127.0840144,,,02-2094-2683,서울특별시 중랑구청,2026-02-26
중화2동300-8,1,,서울특별시 중랑구 중화2동 300-8,37.58854354,127.0763125,,,02-2094-2683,서울특별시 중랑구청,2026-02-26
중화2동300-9,1,,서울특별시 중랑구 중화2동 300-9,37.59044405,127.0838081,,,02-2094-2683,서울특별시 중랑구청,2026-02-26
중화2동300-10,1,,서울특별시 중랑구 중화2동 300-10,37.5904153,127.0833093,,,02-2094-2683,서울특별시 중랑구청,2026-02-26
중화2동300-18,1,,서울특별시 중랑구 중화2동 300-18,37.5904153,127.0833093,,,02-2094-2683,서울특별시 중랑구청,2026-02-26
중화2동299-122,1,,서울특별시 중랑구 중화2동 299-122,37.59031309,127.0831116,,,02-2094-2683,서울특별시 중랑구청,2026-02-26
중화2동300-40,1,,서울특별시 중랑구 중화2동 300-40,37.59003278,127.0828659,,,02-2094-2683,서울특별시 중랑구청,2026-02-26
중화2동300-37,1,,서울특별시 중랑구 중화2동 300-37,37.58987156,127.0826571,,,02-2094-2683,서울특별시 중랑구청,2026-02-26
중화2동300-36,1,,서울특별시 중랑구 중화2동 300-36,37.58996054,127.082975,,,02-2094-2683,서울특별시 중랑구청,2026-02-26
중화2동300-50,1,,서울특별시 중랑구 중화2동 300-50,37.59060071,127.0824355,,,02-2094-2683,서울특별시 중랑구청,2026-02-26
중화2동300-31,1,,서울특별시 중랑구 중화2동 300-31,37.59046633,127.0826214,,,02-2094-2683,서울특별시 중랑구청,2026-02-26
중화2동300-30,1,,서울특별시 중랑구 중화2동 300-30,37.59076123,127.0827501,,,02-2094-2683,서울특별시 중랑구청,2026-02-26
중화2동299-112,1,,서울특별시 중랑구 중화2동 299-112,37.5909376,127.0828076,,,02-2094-2683,서울특별시 중랑구청,2026-02-26
중화2동299-113,1,,서울특별시 중랑구 중화2동 299-113,37.59098477,127.0829987,,,02-2094-2683,서울특별시 중랑구청,2026-02-26
중화2동299-110,1,,서울특별시 중랑구 중화2동 299-110,37.59129265,127.0833611,,,02-2094-2683,서울특별시 중랑구청,2026-02-26
중화2동299-99,1,,서울특별시 중랑구 중화2동 299-99,37.59142685,127.0838066,,,02-2094-2683,서울특별시 중랑구청,2026-02-26
중화2동299-100,1,,서울특별시 중랑구 중화2동 299-100,37.59155236,127.0735368,,,02-2094-2683,서울특별시 중랑구청,2026-02-26
중화2동299-90,1,,서울특별시 중랑구 중화2동 299-90,37.59067543,127.0830312,,,02-2094-2683,서울특별시 중랑구청,2026-02-26
중화2동299-86,1,,서울특별시 중랑구 중화2동 299-86,37.58998626,127.0825287,,,02-2094-2683,서울특별시 중랑구청,2026-02-26
중화2동299-105,1,,서울특별시 중랑구 중화2동 299-105,37.59194914,127.0848405,,,02-2094-2683,서울특별시 중랑구청,2026-02-26
중화2동299-85,1,,서울특별시 중랑구 중화2동 299-85,37.59149245,127.0846804,,,02-2094-2683,서울특별시 중랑구청,2026-02-26
중화2동299-82,1,,서울특별시 중랑구 중화2동 299-82,37.59129941,127.0847513,,,02-2094-2683,서울특별시 중랑구청,2026-02-26
중화2동299-63,1,,서울특별시 중랑구 중화2동 299-63,37.59158589,127.0850452,,,02-2094-2683,서울특별시 중랑구청,2026-02-26
중화2동299-72,1,,서울특별시 중랑구 중화2동 299-72,37.59193363,127.0853563,,,02-2094-2683,서울특별시 중랑구청,2026-02-26
중화2동325-99,1,,서울특별시 중랑구 중화2동 325-99,37.59183275,127.0853105,,,02-2094-2683,서울특별시 중랑구청,2026-02-26
중화2동242-40,1,,서울특별시 중랑구 중화2동 242-40,37.59175456,127.0846755,,,02-2094-2683,서울특별시 중랑구청,2026-02-26
중화2동299-24,1,,서울특별시 중랑구 중화2동 299-24,37.59193858,127.0844839,,,02-2094-2683,서울특별시 중랑구청,2026-02-26
중화2동299-49,1,,서울특별시 중랑구 중화2동 299-49,37.59192252,127.084138,,,02-2094-2683,서울특별시 중랑구청,2026-02-26
중화2동299-48,1,,서울특별시 중랑구 중화2동 299-48,37.59208492,127.0852137,,,02-2094-2683,서울특별시 중랑구청,2026-02-26
중화2동299-38,1,,서울특별시 중랑구 중화2동 299-38,37.59206071,127.0858039,,,02-2094-2683,서울특별시 중랑구청,2026-02-26
중화2동299-45,1,,서울특별시 중랑구 중화2동 299-45,37.59152126,127.0854663,,,02-2094-2683,서울특별시 중랑구청,2026-02-26
중화2동299-42,1,,서울특별시 중랑구 중화2동 299-42,,,,,02-2094-2683,서울특별시 중랑구청,2026-02-26
중화2동299-41,1,,서울특별시 중랑구 중화2동 299-41,37.59120882,127.0853007,,,02-2094-2683,서울특별시 중랑구청,2026-02-26
중화2동299-27,1,,서울특별시 중랑구 중화2동 299-27,37.59090171,127.0851312,,,02-2094-2683,서울특별시 중랑구청,2026-02-26
중화2동299-29,1,,서울특별시 중랑구 중화2동 299-29,37.5900291,127.0779627,,,02-2094-2683,서울특별시 중랑구청,2026-02-26
중화2동299-138,1,,서울특별시 중랑구 중화2동 299-138,37.59138427,127.0851423,,,02-2094-2683,서울특별시 중랑구청,2026-02-26
중화2동299-150,1,,서울특별시 중랑구 중화2동 299-150,37.59110049,127.0848442,,,02-2094-2683,서울특별시 중랑구청,2026-02-26
중화2동299-143,1,,서울특별시 중랑구 중화2동 299-143,37.59144249,127.0843653,,,02-2094-2683,서울특별시 중랑구청,2026-02-26
중화2동299-8,1,,서울특별시 중랑구 중화2동 299-8,37.58885491,127.0793323,,,02-2094-2683,서울특별시 중랑구청,2026-02-26
중화2동299-18,1,,서울특별시 중랑구 중화2동 299-18,37.58877093,127.0792082,,,02-2094-2683,서울특별시 중랑구청,2026-02-26
중화2동299-17,1,,서울특별시 중랑구 중화2동 299-17,37.58865745,127.0794154,,,02-2094-2683,서울특별시 중랑구청,2026-02-26
중화2동317-37,1,,서울특별시 중랑구 중화2동 317-37,37.58831383,127.0789842,,,02-2094-2683,서울특별시 중랑구청,2026-02-26
중화2동316-53,1,,서울특별시 중랑구 중화2동 316-53,37.5884267,127.0787514,,,02-2094-2683,서울특별시 중랑구청,2026-02-26
중화2동316-45,1,,서울특별시 중랑구 중화2동 316-45,37.58849992,127.0791988,,,02-2094-2683,서울특별시 중랑구청,2026-02-26
중화2동316-56,1,,서울특별시 중랑구 중화2동 316-56,37.58837317,127.0793055,,,02-2094-2683,서울특별시 중랑구청,2026-02-26
중화2동317-6,1,,서울특별시 중랑구 중화2동 317-6,37.5880965,127.0789893,,,02-2094-2683,서울특별시 중랑구청,2026-02-26
중화2동317-4,1,,서울특별시 중랑구 중화2동 317-4,37.58791142,127.0791601,,,02-2094-2683,서울특별시 중랑구청,2026-02-26
중화2동316-64,1,,서울특별시 중랑구 중화2동 316-64,37.58815323,127.0793116,,,02-2094-2683,서울특별시 중랑구청,2026-02-26
중화2동317-2,1,,서울특별시 중랑구 중화2동 317-2,37.58793947,127.0789787,,,02-2094-2683,서울특별시 중랑구청,2026-02-26
중화2동316-70,1,,서울특별시 중랑구 중화2동 316-70,37.58805847,127.0787402,,,02-2094-2683,서울특별시 중랑구청,2026-02-26
중화2동316-12,1,,서울특별시 중랑구 중화2동 316-12,37.58804501,127.078393,,,02-2094-2683,서울특별시 중랑구청,2026-02-26
중화2동316-6,1,,서울특별시 중랑구 중화2동 316-6,37.58804088,127.0784995,,,02-2094-2683,서울특별시 중랑구청,2026-02-26
중화2동316-5,1,,서울특별시 중랑구 중화2동 316-5,37.58838956,127.0786373,,,02-2094-2683,서울특별시 중랑구청,2026-02-26
중화2동316-20,1,,서울특별시 중랑구 중화2동 316-20,37.58835388,127.0783698,,,02-2094-2683,서울특별시 중랑구청,2026-02-26
중화2동316-30,1,,서울특별시 중랑구 중화2동 316-30,37.58858246,127.0783761,,,02-2094-2683,서울특별시 중랑구청,2026-02-26
중화2동316-34,1,,서울특별시 중랑구 중화2동 316-34,37.58881058,127.0786654,,,02-2094-2683,서울특별시 중랑구청,2026-02-26
중화2동316-35,1,,서울특별시 중랑구 중화2동 316-35,37.58897034,127.0787778,,,02-2094-2683,서울특별시 중랑구청,2026-02-26
중화2동316-79,1,,서울특별시 중랑구 중화2동 316-79,37.58906438,127.0796213,,,02-2094-2683,서울특별시 중랑구청,2026-02-26
중화2동317-42,1,,서울특별시 중랑구 중화2동 317-42,37.58875602,127.0796805,,,02-2094-2683,서울특별시 중랑구청,2026-02-26
중화2동317-55,1,,서울특별시 중랑구 중화2동 317-55,37.58797634,127.0779943,,,02-2094-2683,서울특별시 중랑구청,2026-02-26
중화2동317-24,1,,서울특별시 중랑구 중화2동 317-24,37.58794249,127.0775526,,,02-2094-2683,서울특별시 중랑구청,2026-02-26
중화2동317-22,1,,서울특별시 중랑구 중화2동 317-22,37.58837482,127.0774918,,,02-2094-2683,서울특별시 중랑구청,2026-02-26
중화2동317-20,1,,서울특별시 중랑구 중화2동 317-20,37.58851339,127.0770919,,,02-2094-2683,서울특별시 중랑구청,2026-02-26
중화2동317-18,1,,서울특별시 중랑구 중화2동 317-18,37.58816879,127.0769075,,,02-2094-2683,서울특별시 중랑구청,2026-02-26
중화2동317-16,1,,서울특별시 중랑구 중화2동 317-16,37.58849438,127.077499,,,02-2094-2683,서울특별시 중랑구청,2026-02-26
중화2동317-11,1,,서울특별시 중랑구 중화2동 317-11,37.58871901,127.0774797,,,02-2094-2683,서울특별시 중랑구청,2026-02-26
중화2동317-84,1,,서울특별시 중랑구 중화2동 317-84,37.58867892,127.0769299,,,02-2094-2683,서울특별시 중랑구청,2026-02-26
중화2동317-80,1,,서울특별시 중랑구 중화2동 317-80,37.58862825,127.0771176,,,02-2094-2683,서울특별시 중랑구청,2026-02-26
중화2동317-48,1,,서울특별시 중랑구 중화2동 317-48,37.5887597,127.0779421,,,02-2094-2683,서울특별시 중랑구청,2026-02-26
중화2동326-77,1,,서울특별시 중랑구 중화2동 326-77,37.58773172,127.078005,,,02-2094-2683,서울특별시 중랑구청,2026-02-26
중화2동317-51,1,,서울특별시 중랑구 중화2동 317-51,37.58689714,127.0775722,,,02-2094-2683,서울특별시 중랑구청,2026-02-26
중화2동317-53,1,,서울특별시 중랑구 중화2동 317-53,37.58747259,127.0780148,,,02-2094-2683,서울특별시 중랑구청,2026-02-26
중화2동327-106,1,,서울특별시 중랑구 중화2동 327-106,37.58716513,127.078063,,,02-2094-2683,서울특별시 중랑구청,2026-02-26
중화2동327-29,1,,서울특별시 중랑구 중화2동 327-29,37.5865083,127.0776635,,,02-2094-2683,서울특별시 중랑구청,2026-02-26
중화2동327-25,1,,서울특별시 중랑구 중화2동 327-25,37.58727037,127.0779246,,,02-2094-2683,서울특별시 중랑구청,2026-02-26
중화2동327-18,1,,서울특별시 중랑구 중화2동 327-18,37.58755942,127.0779133,,,02-2094-2683,서울특별시 중랑구청,2026-02-26
중화2동327-13,1,,서울특별시 중랑구 중화2동 327-13,37.58759049,127.0776612,,,02-2094-2683,서울특별시 중랑구청,2026-02-26
중화2동327-24,1,,서울특별시 중랑구 중화2동 327-24,37.58751671,127.0775019,,,02-2094-2683,서울특별시 중랑구청,2026-02-26
중화2동327-10,1,,서울특별시 중랑구 중화2동 327-10,37.58735931,127.0774974,,,02-2094-2683,서울특별시 중랑구청,2026-02-26
중화2동327-4,1,,서울특별시 중랑구 중화2동 327-4,37.58750778,127.0773891,,,02-2094-2683,서울특별시 중랑구청,2026-02-26
중화2동327-101,1,,서울특별시 중랑구 중화2동 327-101,37.58725099,127.0773944,,,02-2094-2683,서울특별시 중랑구청,2026-02-26
중화2동327-90,1,,서울특별시 중랑구 중화2동 327-90,37.58736512,127.0770189,,,02-2094-2683,서울특별시 중랑구청,2026-02-26
중화2동327-98,1,,서울특별시 중랑구 중화2동 327-98,37.58735429,127.0769096,,,02-2094-2683,서울특별시 중랑구청,2026-02-26
중화2동327-92,1,,서울특별시 중랑구 중화2동 327-92,37.58744628,127.0769128,,,02-2094-2683,서울특별시 중랑구청,2026-02-26
중화2동327-94,1,,서울특별시 중랑구 중화2동 327-94,37.58767539,127.0769287,,,02-2094-2683,서울특별시 중랑구청,2026-02-26
중화2동328-2,1,,서울특별시 중랑구 중화2동 328-2,37.58805282,127.0741018,,,02-2094-2683,서울특별시 중랑구청,2026-02-26
중화2동327-86,1,,서울특별시 중랑구 중화2동 327-86,37.58681926,127.0770778,,,02-2094-2683,서울특별시 중랑구청,2026-02-26
중화2동327-85,1,,서울특별시 중랑구 중화2동 327-85,37.58681926,127.0770778,,,02-2094-2683,서울특별시 중랑구청,2026-02-26
중화2동327-83,1,,서울특별시 중랑구 중화2동 327-83,37.58695198,127.0769341,,,02-2094-2683,서울특별시 중랑구청,2026-02-26
중화2동327-75,1,,서울특별시 중랑구 중화2동 327-75,37.58701865,127.0777583,,,02-2094-2683,서울특별시 중랑구청,2026-02-26
중화2동327-78,1,,서울특별시 중랑구 중화2동 327-78,37.5870872,127.0782015,,,02-2094-2683,서울특별시 중랑구청,2026-02-26
중화2동327-73,1,,서울특별시 중랑구 중화2동 327-73,37.58755736,127.0781653,,,02-2094-2683,서울특별시 중랑구청,2026-02-26
중화2동327-67,1,,서울특별시 중랑구 중화2동 327-67,37.5870838,127.0784358,,,02-2094-2683,서울특별시 중랑구청,2026-02-26
중화2동328-22,1,,서울특별시 중랑구 중화2동 328-22,37.58692979,127.0784828,,,02-2094-2683,서울특별시 중랑구청,2026-02-26
중화2동328-29,1,,서울특별시 중랑구 중화2동 328-29,37.58722191,127.0784442,,,02-2094-2683,서울특별시 중랑구청,2026-02-26
중화2동327-54,1,,서울특별시 중랑구 중화2동 327-54,37.58756719,127.0784199,,,02-2094-2683,서울특별시 중랑구청,2026-02-26
중화2동327-52,1,,서울특별시 중랑구 중화2동 327-52,37.58777749,127.0784038,,,02-2094-2683,서울특별시 중랑구청,2026-02-26
중화2동327-51,1,,서울특별시 중랑구 중화2동 327-51,37.58776735,127.0786158,,,02-2094-2683,서울특별시 중랑구청,2026-02-26
중화2동327-36,1,,서울특별시 중랑구 중화2동 327-36,37.58744533,127.0787558,,,02-2094-2683,서울특별시 중랑구청,2026-02-26
중화2동327-40,1,,서울특별시 중랑구 중화2동 327-40,37.5873747,127.0787563,,,02-2094-2683,서울특별시 중랑구청,2026-02-26
중화2동327-46,1,,서울특별시 중랑구 중화2동 327-46,37.58705137,127.0789692,,,02-2094-2683,서울특별시 중랑구청,2026-02-26
중화2동328-32,1,,서울특별시 중랑구 중화2동 328-32,37.58684131,127.0788913,,,02-2094-2683,서울특별시 중랑구청,2026-02-26
중화2동328-38,1,,서울특별시 중랑구 중화2동 328-38,37.58687241,127.0789948,,,02-2094-2683,서울특별시 중랑구청,2026-02-26
중화2동328-44,1,,서울특별시 중랑구 중화2동 328-44,37.58697671,127.0793263,,,02-2094-2683,서울특별시 중랑구청,2026-02-26
중화2동328-45,1,,서울특별시 중랑구 중화2동 328-45,37.58714649,127.0791351,,,02-2094-2683,서울특별시 중랑구청,2026-02-26
중화2동323-65,1,,서울특별시 중랑구 중화2동 323-65,37.58725731,127.0791391,,,02-2094-2683,서울특별시 중랑구청,2026-02-26
중화2동328-49,1,,서울특별시 중랑구 중화2동 328-49,37.58744147,127.0791512,,,02-2094-2683,서울특별시 중랑구청,2026-02-26
중화2동328-52,1,,서울특별시 중랑구 중화2동 328-52,37.58743955,127.0793254,,,02-2094-2683,서울특별시 중랑구청,2026-02-26
중화2동328-61,1,,서울특별시 중랑구 중화2동 328-61,37.58775595,127.0789524,,,02-2094-2683,서울특별시 중랑구청,2026-02-26
중화2동328-62,1,,서울특별시 중랑구 중화2동 328-62,37.58775489,127.0793355,,,02-2094-2683,서울특별시 중랑구청,2026-02-26
중화2동328-67,1,,서울특별시 중랑구 중화2동 328-67,37.58772947,127.0794884,,,02-2094-2683,서울특별시 중랑구청,2026-02-26
중화2동328-1,1,,서울특별시 중랑구 중화2동 328-1,37.58722737,127.0794413,,,02-2094-2683,서울특별시 중랑구청,2026-02-26
중화2동328-10,1,,서울특별시 중랑구 중화2동 328-10,37.58690716,127.0794407,,,02-2094-2683,서울특별시 중랑구청,2026-02-26
중화2동326-4,1,,서울특별시 중랑구 중화2동 326-4,37.58668007,127.0780242,,,02-2094-2683,서울특별시 중랑구청,2026-02-26
중화2동326-150,1,,서울특별시 중랑구 중화2동 326-150,37.58636409,127.0780281,,,02-2094-2683,서울특별시 중랑구청,2026-02-26
중화2동326-148,1,,서울특별시 중랑구 중화2동 326-148,37.58641413,127.0776979,,,02-2094-2683,서울특별시 중랑구청,2026-02-26
중화2동326-183,1,,서울특별시 중랑구 중화2동 326-183,37.58634662,127.0774602,,,02-2094-2683,서울특별시 중랑구청,2026-02-26
중화2동297-68,1,,서울특별시 중랑구 중화2동 297-68,37.58650406,127.077408,,,02-2094-2683,서울특별시 중랑구청,2026-02-26
중화2동326-156,1,,서울특별시 중랑구 중화2동 326-156,37.58663691,127.0771947,,,02-2094-2683,서울특별시 중랑구청,2026-02-26
중화2동326-81,1,,서울특별시 중랑구 중화2동 326-81,37.5863563,127.0771192,,,02-2094-2683,서울특별시 중랑구청,2026-02-26
중화2동326-143,1,,서울특별시 중랑구 중화2동 326-143,37.58650349,127.0767633,,,02-2094-2683,서울특별시 중랑구청,2026-02-26
중화2동326-133,1,,서울특별시 중랑구 중화2동 326-133,37.58636299,127.076815,,,02-2094-2683,서울특별시 중랑구청,2026-02-26
중화2동326-132,1,,서울특별시 중랑구 중화2동 326-132,,,,,02-2094-2683,서울특별시 중랑구청,2026-02-26
중화2동326-131,1,,서울특별시 중랑구 중화2동 326-131,37.5861013,127.0761892,,,02-2094-2683,서울특별시 중랑구청,2026-02-26
중화2동326-122,1,,서울특별시 중랑구 중화2동 326-122,37.58613786,127.0760703,,,02-2094-2683,서울특별시 중랑구청,2026-02-26
중화2동326-119,1,,서울특별시 중랑구 중화2동 326-119,37.58801662,127.0739233,,,02-2094-2683,서울특별시 중랑구청,2026-02-26
중화2동326-182,1,,서울특별시 중랑구 중화2동 326-182,37.5860724,127.0751664,,,02-2094-2683,서울특별시 중랑구청,2026-02-26
중화2동326-162,1,,서울특별시 중랑구 중화2동 326-162,37.58622023,127.0754883,,,02-2094-2683,서울특별시 중랑구청,2026-02-26
중화2동326-112,1,,서울특별시 중랑구 중화2동 326-112,37.58622752,127.0756313,,,02-2094-2683,서울특별시 중랑구청,2026-02-26
중화2동326-96,1,,서울특별시 중랑구 중화2동 326-96,37.58635893,127.0759912,,,02-2094-2683,서울특별시 중랑구청,2026-02-26
중화2동326-94,1,,서울특별시 중랑구 중화2동 326-94,37.58639047,127.0761111,,,02-2094-2683,서울특별시 중랑구청,2026-02-26
중화2동326-78,1,,서울특별시 중랑구 중화2동 326-78,37.5870392,127.0766585,,,02-2094-2683,서울특별시 중랑구청,2026-02-26
중화2동326-72,1,,서울특별시 중랑구 중화2동 326-72,37.58731912,127.0766841,,,02-2094-2683,서울특별시 중랑구청,2026-02-26
중화2동326-166,1,,서울특별시 중랑구 중화2동 326-166,37.58750077,127.076663,,,02-2094-2683,서울특별시 중랑구청,2026-02-26
중화2동326-63,1,,서울특별시 중랑구 중화2동 326-63,37.58780304,127.0766798,,,02-2094-2683,서울특별시 중랑구청,2026-02-26
중화2동326-34,1,,서울특별시 중랑구 중화2동 326-34,37.58827465,127.0767693,,,02-2094-2683,서울특별시 중랑구청,2026-02-26
중화2동326-41,1,,서울특별시 중랑구 중화2동 326-41,37.58934833,127.0826932,,,02-2094-2683,서울특별시 중랑구청,2026-02-26
중화2동326-47,1,,서울특별시 중랑구 중화2동 326-47,37.58878816,127.0820785,,,02-2094-2683,서울특별시 중랑구청,2026-02-26
중화2동326-49,1,,서울특별시 중랑구 중화2동 326-49,37.58650553,127.0781825,,,02-2094-2683,서울특별시 중랑구청,2026-02-26
중화2동326-19,1,,서울특별시 중랑구 중화2동 326-19,37.58858246,127.0783761,,,02-2094-2683,서울특별시 중랑구청,2026-02-26
중화2동326-29,1,,서울특별시 중랑구 중화2동 326-29,,,,,02-2094-2683,서울특별시 중랑구청,2026-02-26
중화2동326-23,1,,서울특별시 중랑구 중화2동 326-23,37.59133455,127.0827104,,,02-2094-2683,서울특별시 중랑구청,2026-02-26
중화2동326-18,1,,서울특별시 중랑구 중화2동 326-18,37.58808862,127.0803979,,,02-2094-2683,서울특별시 중랑구청,2026-02-26
중화2동326-13,1,,서울특별시 중랑구 중화2동 326-13,37.59139082,127.0812153,,,02-2094-2683,서울특별시 중랑구청,2026-02-26
중화2동326-179,1,,서울특별시 중랑구 중화2동 326-179,37.58767651,127.0811822,,,02-2094-2683,서울특별시 중랑구청,2026-02-26
중화2동326-176,1,,서울특별시 중랑구 중화2동 326-176,37.59186267,127.0774711,,,02-2094-2683,서울특별시 중랑구청,2026-02-26
중화2동326-11,1,,서울특별시 중랑구 중화2동 326-11,37.59090355,127.0821527,,,02-2094-2683,서울특별시 중랑구청,2026-02-26
중화2동326-10,1,,서울특별시 중랑구 중화2동 326-10,37.58650553,127.0781825,,,02-2094-2683,서울특별시 중랑구청,2026-02-26
중화2동319-21,1,,서울특별시 중랑구 중화2동 319-21,37.58752099,127.0817059,,,02-2094-2683,서울특별시 중랑구청,2026-02-26
중화2동298-24,1,,서울특별시 중랑구 중화2동 298-24,37.58925723,127.0776716,,,02-2094-2683,서울특별시 중랑구청,2026-02-26
중화2동319-12,1,,서울특별시 중랑구 중화2동 319-12,,,,,02-2094-2683,서울특별시 중랑구청,2026-02-26
중화2동319-15,1,,서울특별시 중랑구 중화2동 319-15,,,,,02-2094-2683,서울특별시 중랑구청,2026-02-26
중화2동319-17,1,,서울특별시 중랑구 중화2동 319-17,37.59008538,127.0738017,,,02-2094-2683,서울특별시 중랑구청,2026-02-26
중화2동319-39,1,,서울특별시 중랑구 중화2동 319-39,37.5893715,127.0812505,,,02-2094-2683,서울특별시 중랑구청,2026-02-26
중화2동319-41,1,,서울특별시 중랑구 중화2동 319-41,37.58977313,127.0790295,,,02-2094-2683,서울특별시 중랑구청,2026-02-26
중화2동318-75,1,,서울특별시 중랑구 중화2동 318-75,37.58865558,127.0752469,,,02-2094-2683,서울특별시 중랑구청,2026-02-26
중화2동318-66,1,,서울특별시 중랑구 중화2동 318-66,37.59035509,127.0827023,,,02-2094-2683,서울특별시 중랑구청,2026-02-26
중화2동319-5,1,,서울특별시 중랑구 중화2동 319-5,37.58883731,127.0824092,,,02-2094-2683,서울특별시 중랑구청,2026-02-26
중화2동319-7,1,,서울특별시 중랑구 중화2동 319-7,37.59088815,127.0745318,,,02-2094-2683,서울특별시 중랑구청,2026-02-26
중화2동319-9,1,,서울특별시 중랑구 중화2동 319-9,,,,,02-2094-2683,서울특별시 중랑구청,2026-02-26
중화2동318-45,1,,서울특별시 중랑구 중화2동 318-45,,,,,02-2094-2683,서울특별시 중랑구청,2026-02-26
중화2동318-34,1,,서울특별시 중랑구 중화2동 318-34,37.58814492,127.077039,,,02-2094-2683,서울특별시 중랑구청,2026-02-26
중화2동318-35,1,,서울특별시 중랑구 중화2동 318-35,,,,,02-2094-2683,서울특별시 중랑구청,2026-02-26
중화2동318-23,1,,서울특별시 중랑구 중화2동 318-23,37.59078352,127.0745787,,,02-2094-2683,서울특별시 중랑구청,2026-02-26
중화2동318-20,1,,서울특별시 중랑구 중화2동 318-20,37.58819834,127.0780031,,,02-2094-2683,서울특별시 중랑구청,2026-02-26
중화2동318-18,1,,서울특별시 중랑구 중화2동 318-18,37.59092118,127.0833549,,,02-2094-2683,서울특별시 중랑구청,2026-02-26
중화2동318-19,1,,서울특별시 중랑구 중화2동 318-19,37.58798208,127.0772206,,,02-2094-2683,서울특별시 중랑구청,2026-02-26
중화2동318-39,1,,서울특별시 중랑구 중화2동 318-39,37.59121306,127.0722004,,,02-2094-2683,서울특별시 중랑구청,2026-02-26
중화2동318-11,1,,서울특별시 중랑구 중화2동 318-11,37.58984868,127.0762204,,,02-2094-2683,서울특별시 중랑구청,2026-02-26
중화2동318-3,1,,서울특별시 중랑구 중화2동 318-3,37.59215339,127.075851,,,02-2094-2683,서울특별시 중랑구청,2026-02-26
중화2동309-99,1,,서울특별시 중랑구 중화2동 309-99,37.58976903,127.0725064,,,02-2094-2683,서울특별시 중랑구청,2026-02-26
중화2동318-100,1,,서울특별시 중랑구 중화2동 318-100,37.59221128,127.0852853,,,02-2094-2683,서울특별시 중랑구청,2026-02-26
중화2동318-99,1,,서울특별시 중랑구 중화2동 318-99,37.58995213,127.0724886,,,02-2094-2683,서울특별시 중랑구청,2026-02-26
중화2동318-93,1,,서울특별시 중랑구 중화2동 318-93,37.5912132,127.0780676,,,02-2094-2683,서울특별시 중랑구청,2026-02-26
중화2동318-84,1,,서울특별시 중랑구 중화2동 318-84,37.59282447,127.0784424,,,02-2094-2683,서울특별시 중랑구청,2026-02-26
중화2동318-82,1,,서울특별시 중랑구 중화2동 318-82,37.59203566,127.0780194,,,02-2094-2683,서울특별시 중랑구청,2026-02-26
중화2동318-81,1,,서울특별시 중랑구 중화2동 318-81,37.59179605,127.0858511,,,02-2094-2683,서울특별시 중랑구청,2026-02-26
중화2동322-7,1,,서울특별시 중랑구 중화2동 322-7,37.58862361,127.0818581,,,02-2094-2683,서울특별시 중랑구청,2026-02-26
중화2동322-6,1,,서울특별시 중랑구 중화2동 322-6,37.589460,127.0809483,,,02-2094-2683,서울특별시 중랑구청,2026-02-26
중화2동322-8,1,,서울특별시 중랑구 중화2동 322-8,37.58978838,127.0738485,,,02-2094-2683,서울특별시 중랑구청,2026-02-26
중화2동322-11,1,,서울특별시 중랑구 중화2동 322-11,37.5912068,127.082321,,,02-2094-2683,서울특별시 중랑구청,2026-02-26
중화2동322-16,1,,서울특별시 중랑구 중화2동 322-16,37.58948775,127.0813457,,,02-2094-2683,서울특별시 중랑구청,2026-02-26
중화2동322-22,1,,서울특별시 중랑구 중화2동 322-22,37.59085928,127.0819376,,,02-2094-2683,서울특별시 중랑구청,2026-02-26
중화2동322-28,1,,서울특별시 중랑구 중화2동 322-28,37.58719991,127.0806201,,,02-2094-2683,서울특별시 중랑구청,2026-02-26
중화2동322-35,1,,서울특별시 중랑구 중화2동 322-35,37.58945947,127.0832689,,,02-2094-2683,서울특별시 중랑구청,2026-02-26
중화2동322-44,1,,서울특별시 중랑구 중화2동 322-44,37.59212319,127.085868,,,02-2094-2683,서울특별시 중랑구청,2026-02-26
중화2동322-52,1,,서울특별시 중랑구 중화2동 322-52,37.59167212,127.0849143,,,02-2094-2683,서울특별시 중랑구청,2026-02-26
중화2동322-153,1,,서울특별시 중랑구 중화2동 322-153,37.5887597,127.0779421,,,02-2094-2683,서울특별시 중랑구청,2026-02-26
중화2동322-58,1,,서울특별시 중랑구 중화2동 322-58,37.58845822,127.0797091,,,02-2094-2683,서울특별시 중랑구청,2026-02-26
중화2동322-61,1,,서울특별시 중랑구 중화2동 322-61,37.58623218,127.0771705,,,02-2094-2683,서울특별시 중랑구청,2026-02-26
중화2동322-82,1,,서울특별시 중랑구 중화2동 322-82,37.58658868,127.0773796,,,02-2094-2683,서울특별시 중랑구청,2026-02-26
중화2동322-84,1,,서울특별시 중랑구 중화2동 322-84,37.58675776,127.0778462,,,02-2094-2683,서울특별시 중랑구청,2026-02-26
중화2동322-87,1,,서울특별시 중랑구 중화2동 322-87,37.58702468,127.0780485,,,02-2094-2683,서울특별시 중랑구청,2026-02-26
중화2동322-135,1,,서울특별시 중랑구 중화2동 322-135,37.5864997,127.076627,,,02-2094-2683,서울특별시 중랑구청,2026-02-26
중화2동322-89,1,,서울특별시 중랑구 중화2동 322-89,37.58631801,127.0762895,,,02-2094-2683,서울특별시 중랑구청,2026-02-26
중화2동322-91,1,,서울특별시 중랑구 중화2동 322-91,37.59025088,127.0823982,,,02-2094-2683,서울특별시 중랑구청,2026-02-26
중화2동322-117,1,,서울특별시 중랑구 중화2동 322-117,37.58683508,127.0780892,,,02-2094-2683,서울특별시 중랑구청,2026-02-26
중화2동322-113,1,,서울특별시 중랑구 중화2동 322-113,37.59047424,127.072208,,,02-2094-2683,서울특별시 중랑구청,2026-02-26
중화2동322-102,1,,서울특별시 중랑구 중화2동 322-102,37.59159567,127.0843579,,,02-2094-2683,서울특별시 중랑구청,2026-02-26
중화2동322-104,1,,서울특별시 중랑구 중화2동 322-104,37.58858389,127.073773,,,02-2094-2683,서울특별시 중랑구청,2026-02-26
중화2동323-2,1,,서울특별시 중랑구 중화2동 323-2,37.58847209,127.0740469,,,02-2094-2683,서울특별시 중랑구청,2026-02-26
중화2동322-122,1,,서울특별시 중랑구 중화2동 322-122,,,,,02-2094-2683,서울특별시 중랑구청,2026-02-26
중화2동322-121,1,,서울특별시 중랑구 중화2동 322-121,37.59182213,127.0792244,,,02-2094-2683,서울특별시 중랑구청,2026-02-26
중화2동323-15,1,,서울특별시 중랑구 중화2동 323-15,37.59104669,127.0784782,,,02-2094-2683,서울특별시 중랑구청,2026-02-26
중화2동323-19,1,,서울특별시 중랑구 중화2동 323-19,37.58754802,127.0770183,,,02-2094-2683,서울특별시 중랑구청,2026-02-26
중화2동323-23,1,,서울특별시 중랑구 중화2동 323-23,37.59111589,127.0735841,,,02-2094-2683,서울특별시 중랑구청,2026-02-26
중화2동323-38,1,,서울특별시 중랑구 중화2동 323-38,37.58768465,127.0772328,,,02-2094-2683,서울특별시 중랑구청,2026-02-26
중화2동323-40,1,,서울특별시 중랑구 중화2동 323-40,37.58941009,127.0749461,,,02-2094-2683,서울특별시 중랑구청,2026-02-26
중화2동323-42,1,,서울특별시 중랑구 중화2동 323-42,37.59207244,127.0764667,,,02-2094-2683,서울특별시 중랑구청,2026-02-26
중화2동323-62,1,,서울특별시 중랑구 중화2동 323-62,37.59133938,127.0796282,,,02-2094-2683,서울특별시 중랑구청,2026-02-26
중화2동323-46,1,,서울특별시 중랑구 중화2동 323-46,37.59186863,127.0857836,,,02-2094-2683,서울특별시 중랑구청,2026-02-26
중화2동323-72,1,,서울특별시 중랑구 중화2동 323-72,37.57134428,127.0845302,,,02-2094-2683,서울특별시 중랑구청,2026-02-26
중화2동323-85,1,,서울특별시 중랑구 중화2동 323-85,37.58874029,127.0742234,,,02-2094-2683,서울특별시 중랑구청,2026-02-26
중화2동323-77,1,,서울특별시 중랑구 중화2동 323-77,37.59026242,127.0809561,,,02-2094-2683,서울특별시 중랑구청,2026-02-26
중화2동323-33,1,,서울특별시 중랑구 중화2동 323-33,37.58755176,127.0804675,,,02-2094-2683,서울특별시 중랑구청,2026-02-26
중화2동323-83,1,,서울특별시 중랑구 중화2동 323-83,37.58727611,127.0770117,,,02-2094-2683,서울특별시 중랑구청,2026-02-26
중화2동323-95,1,,서울특별시 중랑구 중화2동 323-95,37.58545004,127.078685,,,02-2094-2683,서울특별시 중랑구청,2026-02-26
중화2동323-90,1,,서울특별시 중랑구 중화2동 323-90,37.59267395,127.0786551,,,02-2094-2683,서울특별시 중랑구청,2026-02-26
중화2동323-102,1,,서울특별시 중랑구 중화2동 323-102,37.5869854,127.0770808,,,02-2094-2683,서울특별시 중랑구청,2026-02-26
중화2동323-11,1,,서울특별시 중랑구 중화2동 323-11,37.59175456,127.0846755,,,02-2094-2683,서울특별시 중랑구청,2026-02-26
중화2동323-111,1,,서울특별시 중랑구 중화2동 323-111,37.58696514,127.0766439,,,02-2094-2683,서울특별시 중랑구청,2026-02-26
중화2동323-66,1,,서울특별시 중랑구 중화2동 323-66,37.5921057,127.0855072,,,02-2094-2683,서울특별시 중랑구청,2026-02-26
중화2동323-63,1,,서울특별시 중랑구 중화2동 323-63,37.58974529,127.0842513,,,02-2094-2683,서울특별시 중랑구청,2026-02-26
중화2동321-49,1,,서울특별시 중랑구 중화2동 321-49,37.59109028,127.0851372,,,02-2094-2683,서울특별시 중랑구청,2026-02-26
중화2동321-131,1,,서울특별시 중랑구 중화2동 321-131,37.58984644,127.0749395,,,02-2094-2683,서울특별시 중랑구청,2026-02-26
중화2동321-133,1,,서울특별시 중랑구 중화2동 321-133,37.59043775,127.074099,,,02-2094-2683,서울특별시 중랑구청,2026-02-26
중화2동321-26,1,,서울특별시 중랑구 중화2동 321-26,37.59186267,127.0774711,,,02-2094-2683,서울특별시 중랑구청,2026-02-26
중화2동321-29,1,,서울특별시 중랑구 중화2동 321-29,37.58887573,127.0840047,,,02-2094-2683,서울특별시 중랑구청,2026-02-26
중화2동321-45,1,,서울특별시 중랑구 중화2동 321-45,37.59162808,127.0761703,,,02-2094-2683,서울특별시 중랑구청,2026-02-26
중화2동321-53,1,,서울특별시 중랑구 중화2동 321-53,37.58845545,127.0838345,,,02-2094-2683,서울특별시 중랑구청,2026-02-26
중화2동321-57,1,,서울특별시 중랑구 중화2동 321-57,37.59184417,127.0747206,,,02-2094-2683,서울특별시 중랑구청,2026-02-26
중화2동321-92,1,,서울특별시 중랑구 중화2동 321-92,37.58958016,127.0819053,,,02-2094-2683,서울특별시 중랑구청,2026-02-26
중화2동321-91,1,,서울특별시 중랑구 중화2동 321-91,37.58802069,127.0833742,,,02-2094-2683,서울특별시 중랑구청,2026-02-26
중화2동321-77,1,,서울특별시 중랑구 중화2동 321-77,37.58825986,127.0746896,,,02-2094-2683,서울특별시 중랑구청,2026-02-26
중화2동321-73,1,,서울특별시 중랑구 중화2동 321-73,37.58921211,127.0833124,,,02-2094-2683,서울특별시 중랑구청,2026-02-26
중화2동321-16,1,,서울특별시 중랑구 중화2동 321-16,37.58780761,127.0812948,,,02-2094-2683,서울특별시 중랑구청,2026-02-26
중화2동299-154,1,,서울특별시 중랑구 중화2동 299-154,37.58775968,127.0816879,,,02-2094-2683,서울특별시 중랑구청,2026-02-26
중화2동321-6,1,,서울특별시 중랑구 중화2동 321-6,37.5887597,127.0779421,,,02-2094-2683,서울특별시 중랑구청,2026-02-26
중화2동321-15,1,,서울특별시 중랑구 중화2동 321-15,37.58705535,127.0737418,,,02-2094-2683,서울특별시 중랑구청,2026-02-26
중화2동321-117,1,,서울특별시 중랑구 중화2동 321-117,37.58685599,127.0746078,,,02-2094-2683,서울특별시 중랑구청,2026-02-26
중화2동321-111,1,,서울특별시 중랑구 중화2동 321-111,37.59006957,127.0735799,,,02-2094-2683,서울특별시 중랑구청,2026-02-26
중화2동321-109,1,,서울특별시 중랑구 중화2동 321-109,37.59136471,127.0753475,,,02-2094-2683,서울특별시 중랑구청,2026-02-26
중화2동321-86,1,,서울특별시 중랑구 중화2동 321-86,37.58850568,127.0802721,,,02-2094-2683,서울특별시 중랑구청,2026-02-26
중화2동321-89,1,,서울특별시 중랑구 중화2동 321-89,37.58886648,127.0745837,,,02-2094-2683,서울특별시 중랑구청,2026-02-26
중화2동321-95,1,,서울특별시 중랑구 중화2동 321-95,37.5883114,127.0831813,,,02-2094-2683,서울특별시 중랑구청,2026-02-26
중화2동320-152,1,,서울특별시 중랑구 중화2동 320-152,37.59175456,127.0846755,,,02-2094-2683,서울특별시 중랑구청,2026-02-26
중화2동320-148,1,,서울특별시 중랑구 중화2동 320-148,37.58104674,127.0790508,,,02-2094-2683,서울특별시 중랑구청,2026-02-26
중화2동320-146,1,,서울특별시 중랑구 중화2동 320-146,37.5881565,127.081388,,,02-2094-2683,서울특별시 중랑구청,2026-02-26
중화2동321-34,1,,서울특별시 중랑구 중화2동 321-34,37.5903076,127.0778152,,,02-2094-2683,서울특별시 중랑구청,2026-02-26
중화2동320-113,1,,서울특별시 중랑구 중화2동 320-113,37.58977431,127.0780762,,,02-2094-2683,서울특별시 중랑구청,2026-02-26
중화2동320-102,1,,서울특별시 중랑구 중화2동 320-102,37.58884086,127.0781134,,,02-2094-2683,서울특별시 중랑구청,2026-02-26
중화2동320-98,1,,서울특별시 중랑구 중화2동 320-98,37.58987724,127.0723607,,,02-2094-2683,서울특별시 중랑구청,2026-02-26
중화2동320-96,1,,서울특별시 중랑구 중화2동 320-96,37.58805282,127.0741018,,,02-2094-2683,서울특별시 중랑구청,2026-02-26
중화2동320-129,1,,서울특별시 중랑구 중화2동 320-129,37.59078352,127.0745787,,,02-2094-2683,서울특별시 중랑구청,2026-02-26
중화2동320-134,1,,서울특별시 중랑구 중화2동 320-134,37.59040293,127.0755851,,,02-2094-2683,서울특별시 중랑구청,2026-02-26
중화2동320-20,1,,서울특별시 중랑구 중화2동 320-20,,,,,02-2094-2683,서울특별시 중랑구청,2026-02-26
중화2동320-8,1,,서울특별시 중랑구 중화2동 320-8,37.58923385,127.0764919,,,02-2094-2683,서울특별시 중랑구청,2026-02-26
중화2동320-9,1,,서울특별시 중랑구 중화2동 320-9,37.58909729,127.0765797,,,02-2094-2683,서울특별시 중랑구청,2026-02-26
중화2동320-12,1,,서울특별시 중랑구 중화2동 320-12,37.59108857,127.080643,,,02-2094-2683,서울특별시 중랑구청,2026-02-26
중화2동320-33,1,,서울특별시 중랑구 중화2동 320-33,37.58868242,127.074343,,,02-2094-2683,서울특별시 중랑구청,2026-02-26
중화2동320-82,1,,서울특별시 중랑구 중화2동 320-82,,,,,02-2094-2683,서울특별시 중랑구청,2026-02-26
중화2동320-30,1,,서울특별시 중랑구 중화2동 320-30,37.59125561,127.0750559,,,02-2094-2683,서울특별시 중랑구청,2026-02-26
중화2동320-50,1,,서울특별시 중랑구 중화2동 320-50,37.5889871,127.0772722,,,02-2094-2683,서울특별시 중랑구청,2026-02-26
중화2동320-39,1,,서울특별시 중랑구 중화2동 320-39,37.59267553,127.0778971,,,02-2094-2683,서울특별시 중랑구청,2026-02-26
중화2동320-43,1,,서울특별시 중랑구 중화2동 320-43,37.58990844,127.0774299,,,02-2094-2683,서울특별시 중랑구청,2026-02-26
중화2동320-47,1,,서울특별시 중랑구 중화2동 320-47,37.59102686,127.0774086,,,02-2094-2683,서울특별시 중랑구청,2026-02-26
중화2동320-68,1,,서울특별시 중랑구 중화2동 320-68,37.58696172,127.0771947,,,02-2094-2683,서울특별시 중랑구청,2026-02-26
중화2동320-71,1,,서울특별시 중랑구 중화2동 320-71,37.59139031,127.077692,,,02-2094-2683,서울특별시 중랑구청,2026-02-26
중화2동320-65,1,,서울특별시 중랑구 중화2동 320-65,37.59116612,127.0854198,,,02-2094-2683,서울특별시 중랑구청,2026-02-26
중화2동297-85,1,,서울특별시 중랑구 중화2동 297-85,37.58744997,127.0771892,,,02-2094-2683,서울특별시 중랑구청,2026-02-26
중화2동297-1,1,,서울특별시 중랑구 중화2동 297-1,37.59095355,127.0718861,,,02-2094-2683,서울특별시 중랑구청,2026-02-26
중화2동297-86,1,,서울특별시 중랑구 중화2동 297-86,37.58775141,127.0824334,,,02-2094-2683,서울특별시 중랑구청,2026-02-26
중화2동297-82,1,,서울특별시 중랑구 중화2동 297-82,37.58884201,127.0826382,,,02-2094-2683,서울특별시 중랑구청,2026-02-26
중화2동297-77,1,,서울특별시 중랑구 중화2동 297-77,37.5904153,127.0833093,,,02-2094-2683,서울특별시 중랑구청,2026-02-26
중화2동297-23,1,,서울특별시 중랑구 중화2동 297-23,37.58881058,127.0786654,,,02-2094-2683,서울특별시 중랑구청,2026-02-26
중화2동297-18,1,,서울특별시 중랑구 중화2동 297-18,37.58643705,127.0770925,,,02-2094-2683,서울특별시 중랑구청,2026-02-26
중화2동297-44,1,,서울특별시 중랑구 중화2동 297-44,37.58973408,127.0728719,,,02-2094-2683,서울특별시 중랑구청,2026-02-26
중화2동297-32,1,,서울특별시 중랑구 중화2동 297-32,37.59127338,127.0787501,,,02-2094-2683,서울특별시 중랑구청,2026-02-26
중화2동297-74,1,,서울특별시 중랑구 중화2동 297-74,37.58932008,127.0810782,,,02-2094-2683,서울특별시 중랑구청,2026-02-26
중화2동297-73,1,,서울특별시 중랑구 중화2동 297-73,37.59049242,127.0770859,,,02-2094-2683,서울특별시 중랑구청,2026-02-26
중화2동298-9,1,,서울특별시 중랑구 중화2동 298-9,37.58950317,127.077570,,,02-2094-2683,서울특별시 중랑구청,2026-02-26
중화2동298-4,1,,서울특별시 중랑구 중화2동 298-4,37.58916117,127.0846564,,,02-2094-2683,서울특별시 중랑구청,2026-02-26
중화2동298-1,1,,서울특별시 중랑구 중화2동 298-1,37.59115746,127.0746813,,,02-2094-2683,서울특별시 중랑구청,2026-02-26
중화2동298-42,1,,서울특별시 중랑구 중화2동 298-42,37.58911053,127.0746283,,,02-2094-2683,서울특별시 중랑구청,2026-02-26
중화2동298-36,1,,서울특별시 중랑구 중화2동 298-36,37.58801319,127.0836642,,,02-2094-2683,서울특별시 중랑구청,2026-02-26
중화2동298-32,1,,서울특별시 중랑구 중화2동 298-32,37.59161826,127.0743392,,,02-2094-2683,서울특별시 중랑구청,2026-02-26
중화2동298-23,1,,서울특별시 중랑구 중화2동 298-23,37.58967811,127.0762381,,,02-2094-2683,서울특별시 중랑구청,2026-02-26
중화2동297-65,1,,서울특별시 중랑구 중화2동 297-65,37.59119467,127.0849364,,,02-2094-2683,서울특별시 중랑구청,2026-02-26
중화2동302-43,1,,서울특별시 중랑구 중화2동 302-43,37.59133212,127.0824556,,,02-2094-2683,서울특별시 중랑구청,2026-02-26
중화2동297-90,1,,서울특별시 중랑구 중화2동 297-90,37.59036366,127.0766889,,,02-2094-2683,서울특별시 중랑구청,2026-02-26
중화2동297-48,1,,서울특별시 중랑구 중화2동 297-48,37.59165622,127.0856013,,,02-2094-2683,서울특별시 중랑구청,2026-02-26
중화2동325-59,1,,서울특별시 중랑구 중화2동 325-59,37.5923557,127.0766317,,,02-2094-2683,서울특별시 중랑구청,2026-02-26
중화2동297-5,1,,서울특별시 중랑구 중화2동 297-5,37.59147809,127.0821807,,,02-2094-2683,서울특별시 중랑구청,2026-02-26
중화2동325,1,,서울특별시 중랑구 중화2동 325,37.5843171,127.0843462,,,02-2094-2683,서울특별시 중랑구청,2026-02-26
중화2동325-103,1,,서울특별시 중랑구 중화2동 325-103,37.58409523,127.0842829,,,02-2094-2683,서울특별시 중랑구청,2026-02-26
중화2동325-37,1,,서울특별시 중랑구 중화2동 325-37,37.58410185,127.0845954,,,02-2094-2683,서울특별시 중랑구청,2026-02-26
중화2동325-38,1,,서울특별시 중랑구 중화2동 325-38,37.58426131,127.0847544,,,02-2094-2683,서울특별시 중랑구청,2026-02-26
중화2동325-60,1,,서울특별시 중랑구 중화2동 325-60,37.5843677,127.0847658,,,02-2094-2683,서울특별시 중랑구청,2026-02-26
중화2동325-51,1,,서울특별시 중랑구 중화2동 325-51,37.58436899,127.0848534,,,02-2094-2683,서울특별시 중랑구청,2026-02-26
중화2동325-64,1,,서울특별시 중랑구 중화2동 325-64,37.58419656,127.084958,,,02-2094-2683,서울특별시 중랑구청,2026-02-26
중화2동325-65,1,,서울특별시 중랑구 중화2동 325-65,37.58433505,127.0850742,,,02-2094-2683,서울특별시 중랑구청,2026-02-26
중화2동325-53,1,,서울특별시 중랑구 중화2동 325-53,37.58416144,127.0853068,,,02-2094-2683,서울특별시 중랑구청,2026-02-26
중화2동325-68,1,,서울특별시 중랑구 중화2동 325-68,37.58406055,127.0854053,,,02-2094-2683,서울특별시 중랑구청,2026-02-26
중화2동325-57,1,,서울특별시 중랑구 중화2동 325-57,37.58396013,127.0849609,,,02-2094-2683,서울특별시 중랑구청,2026-02-26
중화2동325-70,1,,서울특별시 중랑구 중화2동 325-70,37.58385156,127.0843402,,,02-2094-2683,서울특별시 중랑구청,2026-02-26
중화2동325-107,1,,서울특별시 중랑구 중화2동 325-107,37.58384279,127.0846326,,,02-2094-2683,서울특별시 중랑구청,2026-02-26
중화2동325-117,1,,서울특별시 중랑구 중화2동 325-117,37.58378119,127.0844714,,,02-2094-2683,서울특별시 중랑구청,2026-02-26
중화2동325-1,1,,서울특별시 중랑구 중화2동 325-1,37.5835045,127.084585,,,02-2094-2683,서울특별시 중랑구청,2026-02-26
중화2동325-110,1,,서울특별시 중랑구 중화2동 325-110,37.58353985,127.0844253,,,02-2094-2683,서울특별시 중랑구청,2026-02-26
중화2동325-84,1,,서울특별시 중랑구 중화2동 325-84,37.58335047,127.0844076,,,02-2094-2683,서울특별시 중랑구청,2026-02-26
중화2동325-79,1,,서울특별시 중랑구 중화2동 325-79,37.58320712,127.0841549,,,02-2094-2683,서울특별시 중랑구청,2026-02-26
중화2동325-118,1,,서울특별시 중랑구 중화2동 325-118,37.58317468,127.0845474,,,02-2094-2683,서울특별시 중랑구청,2026-02-26
중화2동325-93,1,,서울특별시 중랑구 중화2동 325-93,37.58302899,127.084792,,,02-2094-2683,서울특별시 중랑구청,2026-02-26
중화2동325-95,1,,서울특별시 중랑구 중화2동 325-95,37.5832263,127.0846714,,,02-2094-2683,서울특별시 중랑구청,2026-02-26
중화2동325-12,1,,서울특별시 중랑구 중화2동 325-12,37.58329719,127.084821,,,02-2094-2683,서울특별시 중랑구청,2026-02-26
중화2동325-11,1,,서울특별시 중랑구 중화2동 325-11,37.58340261,127.0846935,,,02-2094-2683,서울특별시 중랑구청,2026-02-26
중화2동325-39,1,,서울특별시 중랑구 중화2동 325-39,37.5834863,127.0847084,,,02-2094-2683,서울특별시 중랑구청,2026-02-26
중화2동325-42,1,,서울특별시 중랑구 중화2동 325-42,37.58357305,127.0848584,,,02-2094-2683,서울특별시 중랑구청,2026-02-26
중화2동325-18,1,,서울특별시 중랑구 중화2동 325-18,37.58380388,127.0851184,,,02-2094-2683,서울특별시 중랑구청,2026-02-26
중화2동325-27,1,,서울특별시 중랑구 중화2동 325-27,37.58352942,127.0852641,,,02-2094-2683,서울특별시 중랑구청,2026-02-26
중화2동325-43,1,,서울특별시 중랑구 중화2동 325-43,37.58310054,127.0852762,,,02-2094-2683,서울특별시 중랑구청,2026-02-26
중화2동325-29,1,,서울특별시 중랑구 중화2동 325-29,37.58310054,127.0852762,,,02-2094-2683,서울특별시 중랑구청,2026-02-26
중화2동325-121,1,,서울특별시 중랑구 중화2동 325-121,37.58315092,127.0843741,,,02-2094-2683,서울특별시 중랑구청,2026-02-26
중화2동325-104,1,,서울특별시 중랑구 중화2동 325-104,37.58375947,127.0852325,,,02-2094-2683,서울특별시 중랑구청,2026-02-26
중화2동324-125,1,,서울특별시 중랑구 중화2동 324-125,37.58356398,127.0860604,,,02-2094-2683,서울특별시 중랑구청,2026-02-26
중화2동324-113,1,,서울특별시 중랑구 중화2동 324-113,37.58252607,127.0894068,,,02-2094-2683,서울특별시 중랑구청,2026-02-26
중화2동324-143,1,,서울특별시 중랑구 중화2동 324-143,37.5836378,127.0852774,,,02-2094-2683,서울특별시 중랑구청,2026-02-26
중화2동324-106,1,,서울특별시 중랑구 중화2동 324-106,37.5839532,127.0858317,,,02-2094-2683,서울특별시 중랑구청,2026-02-26
중화2동412,1,,서울특별시 중랑구 중화2동 412,37.58413494,127.0858163,,,02-2094-2683,서울특별시 중랑구청,2026-02-26
중화2동324-98,1,,서울특별시 중랑구 중화2동 324-98,37.58415755,127.0860679,,,02-2094-2683,서울특별시 중랑구청,2026-02-26
중화2동324-101,1,,서울특별시 중랑구 중화2동 324-101,37.5840583,127.0867577,,,02-2094-2683,서울특별시 중랑구청,2026-02-26
중화2동324-93,1,,서울특별시 중랑구 중화2동 324-93,37.58402101,127.0868575,,,02-2094-2683,서울특별시 중랑구청,2026-02-26
중화2동324-92,1,,서울특별시 중랑구 중화2동 324-92,37.58392859,127.0868314,,,02-2094-2683,서울특별시 중랑구청,2026-02-26
중화2동324-19,1,,서울특별시 중랑구 중화2동 324-19,37.58400281,127.0861296,,,02-2094-2683,서울특별시 중랑구청,2026-02-26
중화2동324-16,1,,서울특별시 중랑구 중화2동 324-16,37.58387787,127.0873139,,,02-2094-2683,서울특별시 중랑구청,2026-02-26
중화2동324-21,1,,서울특별시 중랑구 중화2동 324-21,37.58383429,127.087524,,,02-2094-2683,서울특별시 중랑구청,2026-02-26
중화2동324-88,1,,서울특별시 중랑구 중화2동 324-88,37.5837297,127.0877467,,,02-2094-2683,서울특별시 중랑구청,2026-02-26
중화2동324-87,1,,서울특별시 중랑구 중화2동 324-87,37.58384563,127.0876576,,,02-2094-2683,서울특별시 중랑구청,2026-02-26
중화2동324-72,1,,서울특별시 중랑구 중화2동 324-72,37.58401615,127.0875859,,,02-2094-2683,서울특별시 중랑구청,2026-02-26
중화2동324-67,1,,서울특별시 중랑구 중화2동 324-67,37.58415411,127.0871995,,,02-2094-2683,서울특별시 중랑구청,2026-02-26
중화2동324-62,1,,서울특별시 중랑구 중화2동 324-62,37.58377212,127.0870282,,,02-2094-2683,서울특별시 중랑구청,2026-02-26
중화2동324-64,1,,서울특별시 중랑구 중화2동 324-64,37.58377123,127.0871429,,,02-2094-2683,서울특별시 중랑구청,2026-02-26
중화2동324-60,1,,서울특별시 중랑구 중화2동 324-60,37.58375591,127.0873932,,,02-2094-2683,서울특별시 중랑구청,2026-02-26
중화2동324-30,1,,서울특별시 중랑구 중화2동 324-30,37.58373697,127.0876559,,,02-2094-2683,서울특별시 중랑구청,2026-02-26
중화2동324-27,1,,서울특별시 중랑구 중화2동 324-27,37.5837297,127.0877467,,,02-2094-2683,서울특별시 중랑구청,2026-02-26
중화2동297-81,1,,서울특별시 중랑구 중화2동 297-81,37.58329799,127.088044,,,02-2094-2683,서울특별시 중랑구청,2026-02-26
중화2동324-58,1,,서울특별시 중랑구 중화2동 324-58,37.58321167,127.0879309,,,02-2094-2683,서울특별시 중랑구청,2026-02-26
중화2동324-5,1,,서울특별시 중랑구 중화2동 324-5,37.58251848,127.0881264,,,02-2094-2683,서울특별시 중랑구청,2026-02-26
중화2동324-4,1,,서울특별시 중랑구 중화2동 324-4,37.5820716,127.0881036,,,02-2094-2683,서울특별시 중랑구청,2026-02-26
중화2동324-119,1,,서울특별시 중랑구 중화2동 324-119,37.58182879,127.0880963,,,02-2094-2683,서울특별시 중랑구청,2026-02-26
중화2동324-118,1,,서울특별시 중랑구 중화2동 324-118,37.58190281,127.0883971,,,02-2094-2683,서울특별시 중랑구청,2026-02-26
중화2동324-123,1,,서울특별시 중랑구 중화2동 324-123,37.58164231,127.0882296,,,02-2094-2683,서울특별시 중랑구청,2026-02-26
중화2동324-48,1,,서울특별시 중랑구 중화2동 324-48,37.58166212,127.0880814,,,02-2094-2683,서울특별시 중랑구청,2026-02-26
중화2동324-47,1,,서울특별시 중랑구 중화2동 324-47,37.5812404,127.0880287,,,02-2094-2683,서울특별시 중랑구청,2026-02-26
중화2동324-149,1,,서울특별시 중랑구 중화2동 324-149,37.58163416,127.0878742,,,02-2094-2683,서울특별시 중랑구청,2026-02-26
중화2동325-67,1,,서울특별시 중랑구 중화2동 325-67,37.58163192,127.0877397,,,02-2094-2683,서울특별시 중랑구청,2026-02-26
중화2동325-61,1,,서울특별시 중랑구 중화2동 325-61,37.58160816,127.0874612,,,02-2094-2683,서울특별시 중랑구청,2026-02-26
중화2동208-21,1,,서울특별시 중랑구 중화2동 208-21,37.58176325,127.0869342,,,02-2094-2683,서울특별시 중랑구청,2026-02-26
중화2동208-33,1,,서울특별시 중랑구 중화2동 208-33,37.58163495,127.0871802,,,02-2094-2683,서울특별시 중랑구청,2026-02-26
중화2동413-14,1,,서울특별시 중랑구 중화2동 413-14,37.5817323,127.0873588,,,02-2094-2683,서울특별시 중랑구청,2026-02-26
중화2동210-10,1,,서울특별시 중랑구 중화2동 210-10,37.58164431,127.0870702,,,02-2094-2683,서울특별시 중랑구청,2026-02-26
중화2동454,1,,서울특별시 중랑구 중화2동 454,37.58150808,127.0869487,,,02-2094-2683,서울특별시 중랑구청,2026-02-26
중화2동210-6,1,,서울특별시 중랑구 중화2동 210-6,37.58144975,127.0871091,,,02-2094-2683,서울특별시 중랑구청,2026-02-26
중화2동210-4,1,,서울특별시 중랑구 중화2동 210-4,37.58142129,127.0873414,,,02-2094-2683,서울특별시 중랑구청,2026-02-26
중화2동324-15,1,,서울특별시 중랑구 중화2동 324-15,37.58154002,127.0872458,,,02-2094-2683,서울특별시 중랑구청,2026-02-26
중화2동208-24,1,,서울특별시 중랑구 중화2동 208-24,37.58151455,127.0874611,,,02-2094-2683,서울특별시 중랑구청,2026-02-26
중화2동207-33,1,,서울특별시 중랑구 중화2동 207-33,37.58137894,127.0877062,,,02-2094-2683,서울특별시 중랑구청,2026-02-26
중화2동305-16,1,,서울특별시 중랑구 중화2동 305-16,37.58134339,127.0866848,,,02-2094-2683,서울특별시 중랑구청,2026-02-26
중화2동305-40,1,,서울특별시 중랑구 중화2동 305-40,37.58103012,127.0866701,,,02-2094-2683,서울특별시 중랑구청,2026-02-26
중화2동207-14,1,,서울특별시 중랑구 중화2동 207-14,37.58126699,127.0868035,,,02-2094-2683,서울특별시 중랑구청,2026-02-26
중화2동299-141,1,,서울특별시 중랑구 중화2동 299-141,37.58126365,127.0869346,,,02-2094-2683,서울특별시 중랑구청,2026-02-26
중화2동207-45,1,,서울특별시 중랑구 중화2동 207-45,37.58125171,127.0876041,,,02-2094-2683,서울특별시 중랑구청,2026-02-26
중화2동207-12,1,,서울특별시 중랑구 중화2동 207-12,37.58233063,127.0876301,,,02-2094-2683,서울특별시 중랑구청,2026-02-26
중화2동327-81,1,,서울특별시 중랑구 중화2동 327-81,37.58244388,127.0873864,,,02-2094-2683,서울특별시 중랑구청,2026-02-26
중화2동301-65,1,,서울특별시 중랑구 중화2동 301-65,37.58230525,127.087345,,,02-2094-2683,서울특별시 중랑구청,2026-02-26
중화2동326-100,1,,서울특별시 중랑구 중화2동 326-100,37.5824671,127.0871794,,,02-2094-2683,서울특별시 중랑구청,2026-02-26
중화2동316-52,1,,서울특별시 중랑구 중화2동 316-52,37.5823608,127.0871607,,,02-2094-2683,서울특별시 중랑구청,2026-02-26
중화2동297-84,1,,서울특별시 중랑구 중화2동 297-84,37.58247448,127.0870743,,,02-2094-2683,서울특별시 중랑구청,2026-02-26
중화2동317-60,1,,서울특별시 중랑구 중화2동 317-60,37.58269411,127.0868698,,,02-2094-2683,서울특별시 중랑구청,2026-02-26
중화2동208-16,1,,서울특별시 중랑구 중화2동 208-16,37.58269348,127.0869961,,,02-2094-2683,서울특별시 중랑구청,2026-02-26
중화2동320-116,1,,서울특별시 중랑구 중화2동 320-116,37.5825652,127.0870814,,,02-2094-2683,서울특별시 중랑구청,2026-02-26
중화2동413-55,1,,서울특별시 중랑구 중화2동 413-55,37.58265594,127.0874382,,,02-2094-2683,서울특별시 중랑구청,2026-02-26
중화2동321-8,1,,서울특별시 중랑구 중화2동 321-8,37.58265594,127.0874382,,,02-2094-2683,서울특별시 중랑구청,2026-02-26
중화2동307-57,1,,서울특별시 중랑구 중화2동 307-57,37.5824874,127.0876291,,,02-2094-2683,서울특별시 중랑구청,2026-02-26
중화2동312-37,1,,서울특별시 중랑구 중화2동 312-37,37.58187219,127.0875276,,,02-2094-2683,서울특별시 중랑구청,2026-02-26
중화2동328-15,1,,서울특별시 중랑구 중화2동 328-15,37.58200565,127.087129,,,02-2094-2683,서울특별시 중랑구청,2026-02-26
중화2동318-74,1,,서울특별시 중랑구 중화2동 318-74,37.58221832,127.0868419,,,02-2094-2683,서울특별시 중랑구청,2026-02-26
중화2동207-1,1,,서울특별시 중랑구 중화2동 207-1,37.5827823,127.0877453,,,02-2094-2683,서울특별시 중랑구청,2026-02-26
중화2동326-67,1,,서울특별시 중랑구 중화2동 326-67,37.58293991,127.0872299,,,02-2094-2683,서울특별시 중랑구청,2026-02-26
중화2동216,1,,서울특별시 중랑구 중화2동 216,37.58282188,127.0872241,,,02-2094-2683,서울특별시 중랑구청,2026-02-26
중화2동413-8,1,,서울특별시 중랑구 중화2동 413-8,37.58294954,127.087114,,,02-2094-2683,서울특별시 중랑구청,2026-02-26
중화2동301-48,1,,서울특별시 중랑구 중화2동 301-48,37.5830533,127.0869223,,,02-2094-2683,서울특별시 중랑구청,2026-02-26
중화2동311-46,1,,서울특별시 중랑구 중화2동 311-46,37.58303763,127.0871593,,,02-2094-2683,서울특별시 중랑구청,2026-02-26
중화2동325-16,1,,서울특별시 중랑구 중화2동 325-16,37.58350827,127.086969,,,02-2094-2683,서울특별시 중랑구청,2026-02-26
중화2동322-18,1,,서울특별시 중랑구 중화2동 322-18,37.58316457,127.0869283,,,02-2094-2683,서울특별시 중랑구청,2026-02-26
중화2동299-6,1,,서울특별시 중랑구 중화2동 299-6,37.58306138,127.0875713,,,02-2094-2683,서울특별시 중랑구청,2026-02-26
중화2동312-131,1,,서울특별시 중랑구 중화2동 312-131,37.58314007,127.0874005,,,02-2094-2683,서울특별시 중랑구청,2026-02-26
중화2동322-38,1,,서울특별시 중랑구 중화2동 322-38,37.58303991,127.0877206,,,02-2094-2683,서울특별시 중랑구청,2026-02-26
중화2동320-81,1,,서울특별시 중랑구 중화2동 320-81,37.58319898,127.0861945,,,02-2094-2683,서울특별시 중랑구청,2026-02-26
중화2동302-62,1,,서울특별시 중랑구 중화2동 302-62,37.58319779,127.0859756,,,02-2094-2683,서울특별시 중랑구청,2026-02-26
중화2동326-21,1,,서울특별시 중랑구 중화2동 326-21,37.58320924,127.0858392,,,02-2094-2683,서울특별시 중랑구청,2026-02-26
중화2동382,1,,서울특별시 중랑구 중화2동 382,37.58325672,127.0856047,,,02-2094-2683,서울특별시 중랑구청,2026-02-26
중화2동320-144,1,,서울특별시 중랑구 중화2동 320-144,37.58307501,127.0856955,,,02-2094-2683,서울특별시 중랑구청,2026-02-26
중화2동299-117,1,,서울특별시 중랑구 중화2동 299-117,37.5830261,127.0862916,,,02-2094-2683,서울특별시 중랑구청,2026-02-26
중화2동305-8,1,,서울특별시 중랑구 중화2동 305-8,37.58278858,127.0858176,,,02-2094-2683,서울특별시 중랑구청,2026-02-26
중화2동319-13,1,,서울특별시 중랑구 중화2동 319-13,37.58274975,127.0863187,,,02-2094-2683,서울특별시 중랑구청,2026-02-26
중화2동326-135,1,,서울특별시 중랑구 중화2동 326-135,37.5826419,127.0863107,,,02-2094-2683,서울특별시 중랑구청,2026-02-26
중화2동322-43,1,,서울특별시 중랑구 중화2동 322-43,37.58276814,127.085927,,,02-2094-2683,서울특별시 중랑구청,2026-02-26
중화2동323-8,1,,서울특별시 중랑구 중화2동 323-8,37.58267685,127.0857068,,,02-2094-2683,서울특별시 중랑구청,2026-02-26
중화2동325-50,1,,서울특별시 중랑구 중화2동 325-50,,,,,02-2094-2683,서울특별시 중랑구청,2026-02-26
중화2동325-22,1,,서울특별시 중랑구 중화2동 325-22,37.58259465,127.0857474,,,02-2094-2683,서울특별시 중랑구청,2026-02-26
중화2동325-72,1,,서울특별시 중랑구 중화2동 325-72,37.58258484,127.0858617,,,02-2094-2683,서울특별시 중랑구청,2026-02-26
중화2동73-6,1,,서울특별시 중랑구 중화2동 73-6,37.58247114,127.0859704,,,02-2094-2683,서울특별시 중랑구청,2026-02-26
중화2동328-17,1,,서울특별시 중랑구 중화2동 328-17,37.58241531,127.0862989,,,02-2094-2683,서울특별시 중랑구청,2026-02-26
중화2동73-10,1,,서울특별시 중랑구 중화2동 73-10,37.58242176,127.0864809,,,02-2094-2683,서울특별시 중랑구청,2026-02-26
중화2동317-85,1,,서울특별시 중랑구 중화2동 317-85,37.58251563,127.0864963,,,02-2094-2683,서울특별시 중랑구청,2026-02-26
중화2동318-98,1,,서울특별시 중랑구 중화2동 318-98,37.58225869,127.0865861,,,02-2094-2683,서울특별시 중랑구청,2026-02-26
중화2동307-45,1,,서울특별시 중랑구 중화2동 307-45,,,,,02-2094-2683,서울특별시 중랑구청,2026-02-26
중화2동318-79,1,,서울특별시 중랑구 중화2동 318-79,37.58207885,127.0859682,,,02-2094-2683,서울특별시 중랑구청,2026-02-26
중화2동301-56,1,,서울특별시 중랑구 중화2동 301-56,37.58232167,127.0858382,,,02-2094-2683,서울특별시 중랑구청,2026-02-26
중화2동429-7,1,,서울특별시 중랑구 중화2동 429-7,37.58202959,127.0854447,,,02-2094-2683,서울특별시 중랑구청,2026-02-26
중화2동413-13,1,,서울특별시 중랑구 중화2동 413-13,37.5821441,127.0857028,,,02-2094-2683,서울특별시 중랑구청,2026-02-26
중화2동329-91,1,,서울특별시 중랑구 중화2동 329-91,37.58180446,127.0865156,,,02-2094-2683,서울특별시 중랑구청,2026-02-26
중화2동325-81,1,,서울특별시 중랑구 중화2동 325-81,,,,,02-2094-2683,서울특별시 중랑구청,2026-02-26
중화2동323-31,1,,서울특별시 중랑구 중화2동 323-31,37.58180401,127.0857789,,,02-2094-2683,서울특별시 중랑구청,2026-02-26
중화2동324-109,1,,서울특별시 중랑구 중화2동 324-109,37.58189112,127.0854211,,,02-2094-2683,서울특별시 중랑구청,2026-02-26
중화2동325-48,1,,서울특별시 중랑구 중화2동 325-48,37.58143121,127.0853558,,,02-2094-2683,서울특별시 중랑구청,2026-02-26
중화2동303-73,1,,서울특별시 중랑구 중화2동 303-73,37.5816522,127.085518,,,02-2094-2683,서울특별시 중랑구청,2026-02-26
중화2동299-134,1,,서울특별시 중랑구 중화2동 299-134,37.58157436,127.0856299,,,02-2094-2683,서울특별시 중랑구청,2026-02-26
중화2동299-140,1,,서울특별시 중랑구 중화2동 299-140,37.58166067,127.0857697,,,02-2094-2683,서울특별시 중랑구청,2026-02-26
중화2동297-70,1,,서울특별시 중랑구 중화2동 297-70,37.58154769,127.0858759,,,02-2094-2683,서울특별시 중랑구청,2026-02-26
중화2동312-59,1,,서울특별시 중랑구 중화2동 312-59,37.58163116,127.0862013,,,02-2094-2683,서울특별시 중랑구청,2026-02-26
중화2동314-9,1,,서울특별시 중랑구 중화2동 314-9,37.58149067,127.0864764,,,02-2094-2683,서울특별시 중랑구청,2026-02-26
중화2동64-11,1,,서울특별시 중랑구 중화2동 64-11,37.58151217,127.0862823,,,02-2094-2683,서울특별시 중랑구청,2026-02-26
중화2동403-29,1,,서울특별시 중랑구 중화2동 403-29,37.58125304,127.0861696,,,02-2094-2683,서울특별시 중랑구청,2026-02-26
중화2동299-55,1,,서울특별시 중랑구 중화2동 299-55,37.58127916,127.0860581,,,02-2094-2683,서울특별시 중랑구청,2026-02-26
중화2동229-44,1,,서울특별시 중랑구 중화2동 229-44,37.58126633,127.0859733,,,02-2094-2683,서울특별시 중랑구청,2026-02-26
중화2동326-80,1,,서울특별시 중랑구 중화2동 326-80,37.58131076,127.0857212,,,02-2094-2683,서울특별시 중랑구청,2026-02-26
중화2동314-31,1,,서울특별시 중랑구 중화2동 314-31,37.58143121,127.0853558,,,02-2094-2683,서울특별시 중랑구청,2026-02-26
중화2동207-47,1,,서울특별시 중랑구 중화2동 207-47,37.58133166,127.0853439,,,02-2094-2683,서울특별시 중랑구청,2026-02-26
중화2동207-22,1,,서울특별시 중랑구 중화2동 207-22,37.5811588,127.0856606,,,02-2094-2683,서울특별시 중랑구청,2026-02-26
중화2동297-59,1,,서울특별시 중랑구 중화2동 297-59,37.58154016,127.0850779,,,02-2094-2683,서울특별시 중랑구청,2026-02-26
중화2동326-9,1,,서울특별시 중랑구 중화2동 326-9,37.58169902,127.0849355,,,02-2094-2683,서울특별시 중랑구청,2026-02-26
중화2동304-29,1,,서울특별시 중랑구 중화2동 304-29,37.58178289,127.0849519,,,02-2094-2683,서울특별시 중랑구청,2026-02-26
중화2동305-7,1,,서울특별시 중랑구 중화2동 305-7,37.5819437,127.084973,,,02-2094-2683,서울특별시 중랑구청,2026-02-26
중화2동321-87,1,,서울특별시 중랑구 중화2동 321-87,37.581976,127.0846625,,,02-2094-2683,서울특별시 중랑구청,2026-02-26
중화2동332-8,1,,서울특별시 중랑구 중화2동 332-8,37.58178691,127.0846208,,,02-2094-2683,서울특별시 중랑구청,2026-02-26
중화2동330-102,1,,서울특별시 중랑구 중화2동 330-102,37.58151972,127.0845649,,,02-2094-2683,서울특별시 중랑구청,2026-02-26
중화2동309-102,1,,서울특별시 중랑구 중화2동 309-102,37.58135024,127.0844361,,,02-2094-2683,서울특별시 중랑구청,2026-02-26
중화2동329-2,1,,서울특별시 중랑구 중화2동 329-2,37.58156439,127.0843314,,,02-2094-2683,서울특별시 중랑구청,2026-02-26
중화2동73-7,1,,서울특별시 중랑구 중화2동 73-7,37.58176427,127.084404,,,02-2094-2683,서울특별시 중랑구청,2026-02-26
중화2동328-34,1,,서울특별시 중랑구 중화2동 328-34,37.58189182,127.0844548,,,02-2094-2683,서울특별시 중랑구청,2026-02-26
중화2동324-1,1,,서울특별시 중랑구 중화2동 324-1,37.58240252,127.0844287,,,02-2094-2683,서울특별시 중랑구청,2026-02-26
중화2동308-1,1,,서울특별시 중랑구 중화2동 308-1,37.58246779,127.0844978,,,02-2094-2683,서울특별시 중랑구청,2026-02-26
중화2동308-89,1,,서울특별시 중랑구 중화2동 308-89,37.58264329,127.0845203,,,02-2094-2683,서울특별시 중랑구청,2026-02-26
중화2동309-41,1,,서울특별시 중랑구 중화2동 309-41,37.58349193,127.0921186,,,02-2094-2683,서울특별시 중랑구청,2026-02-26
중화2동307-53,1,,서울특별시 중랑구 중화2동 307-53,37.58288206,127.0847682,,,02-2094-2683,서울특별시 중랑구청,2026-02-26
중화2동304-49,1,,서울특별시 중랑구 중화2동 304-49,,,,,02-2094-2683,서울특별시 중랑구청,2026-02-26
중화2동297-30,1,,서울특별시 중랑구 중화2동 297-30,37.58232479,127.0849009,,,02-2094-2683,서울특별시 중랑구청,2026-02-26
중화2동308-90,1,,서울특별시 중랑구 중화2동 308-90,37.58239164,127.0850234,,,02-2094-2683,서울특별시 중랑구청,2026-02-26
중화2동308-43,1,,서울특별시 중랑구 중화2동 308-43,37.58263262,127.0850677,,,02-2094-2683,서울특별시 중랑구청,2026-02-26
중화2동326-55,1,,서울특별시 중랑구 중화2동 326-55,37.58259091,127.0849404,,,02-2094-2683,서울특별시 중랑구청,2026-02-26
중화2동326-46,1,,서울특별시 중랑구 중화2동 326-46,37.58286892,127.0849975,,,02-2094-2683,서울특별시 중랑구청,2026-02-26
중화2동329-64,1,,서울특별시 중랑구 중화2동 329-64,37.58279807,127.085159,,,02-2094-2683,서울특별시 중랑구청,2026-02-26
중화2동319-38,1,,서울특별시 중랑구 중화2동 319-38,37.58278282,127.085322,,,02-2094-2683,서울특별시 중랑구청,2026-02-26
중화2동332,1,,서울특별시 중랑구 중화2동 332,37.58255117,127.0853212,,,02-2094-2683,서울특별시 중랑구청,2026-02-26
중화2동305-77,1,,서울특별시 중랑구 중화2동 305-77,37.58237712,127.0852896,,,02-2094-2683,서울특별시 중랑구청,2026-02-26
중화2동332-114,1,,서울특별시 중랑구 중화2동 332-114,37.5822927,127.0852839,,,02-2094-2683,서울특별시 중랑구청,2026-02-26
중화2동320-91,1,,서울특별시 중랑구 중화2동 320-91,37.58400756,127.0889538,,,02-2094-2683,서울특별시 중랑구청,2026-02-26
중화2동324-102,1,,서울특별시 중랑구 중화2동 324-102,37.58391918,127.0889423,,,02-2094-2683,서울특별시 중랑구청,2026-02-26
중화2동 296-4,1,,서울특별시 중랑구 중화2동 296-4,37.5839869,127.0892224,,,02-2094-2683,서울특별시 중랑구청,2026-02-26
중화2동 296-5,1,,서울특별시 중랑구 중화2동 296-5,37.58388516,127.089364,,,02-2094-2683,서울특별시 중랑구청,2026-02-26
중화2동326-107,1,,서울특별시 중랑구 중화2동 326-107,37.58379671,127.0894585,,,02-2094-2683,서울특별시 중랑구청,2026-02-26
중화2동306-62,1,,서울특별시 중랑구 중화2동 306-62,37.58394993,127.0896202,,,02-2094-2683,서울특별시 중랑구청,2026-02-26
중화2동317-61,1,,서울특별시 중랑구 중화2동 317-61,37.58381192,127.089706,,,02-2094-2683,서울특별시 중랑구청,2026-02-26
중화2동324-34,1,,서울특별시 중랑구 중화2동 324-34,37.58304699,127.0896998,,,02-2094-2683,서울특별시 중랑구청,2026-02-26
중화2동324-14,1,,서울특별시 중랑구 중화2동 324-14,37.58357513,127.0893707,,,02-2094-2683,서울특별시 중랑구청,2026-02-26
중화2동73-5,1,,서울특별시 중랑구 중화2동 73-5,37.58372536,127.0893245,,,02-2094-2683,서울특별시 중랑구청,2026-02-26
중화2동329-28,1,,서울특별시 중랑구 중화2동 329-28,37.58358234,127.0892498,,,02-2094-2683,서울특별시 중랑구청,2026-02-26
중화2동329-29,1,,서울특별시 중랑구 중화2동 329-29,37.58375072,127.0889022,,,02-2094-2683,서울특별시 중랑구청,2026-02-26
중화2동329-31,1,,서울특별시 중랑구 중화2동 329-31,37.58362286,127.0887947,,,02-2094-2683,서울특별시 중랑구청,2026-02-26
중화2동329-65,1,,서울특별시 중랑구 중화2동 329-65,37.58362286,127.0887947,,,02-2094-2683,서울특별시 중랑구청,2026-02-26
중화2동329-67,1,,서울특별시 중랑구 중화2동 329-67,37.58367128,127.0885171,,,02-2094-2683,서울특별시 중랑구청,2026-02-26
중화2동329-72,1,,서울특별시 중랑구 중화2동 329-72,37.58346354,127.0889572,,,02-2094-2683,서울특별시 중랑구청,2026-02-26
중화2동329-83,1,,서울특별시 중랑구 중화2동 329-83,37.58333651,127.0889439,,,02-2094-2683,서울특별시 중랑구청,2026-02-26
중화2동329-81,1,,서울특별시 중랑구 중화2동 329-81,37.58322274,127.0890243,,,02-2094-2683,서울특별시 중랑구청,2026-02-26
중화2동329-58,1,,서울특별시 중랑구 중화2동 329-58,37.58333111,127.0892902,,,02-2094-2683,서울특별시 중랑구청,2026-02-26
중화2동329-62,1,,서울특별시 중랑구 중화2동 329-62,37.58342245,127.0894346,,,02-2094-2683,서울특별시 중랑구청,2026-02-26
중화2동329-63,1,,서울특별시 중랑구 중화2동 329-63,37.58330454,127.0898682,,,02-2094-2683,서울특별시 중랑구청,2026-02-26
중화2동329-33,1,,서울특별시 중랑구 중화2동 329-33,37.58321706,127.089865,,,02-2094-2683,서울특별시 중랑구청,2026-02-26
중화2동329-52,1,,서울특별시 중랑구 중화2동 329-52,37.58286483,127.0896643,,,02-2094-2683,서울특별시 중랑구청,2026-02-26
중화2동329-44,1,,서울특별시 중랑구 중화2동 329-44,,,,,02-2094-2683,서울특별시 중랑구청,2026-02-26
중화2동329-48,1,,서울특별시 중랑구 중화2동 329-48,37.58322171,127.0894378,,,02-2094-2683,서울특별시 중랑구청,2026-02-26
중화2동329-97,1,,서울특별시 중랑구 중화2동 329-97,37.58286542,127.0892503,,,02-2094-2683,서울특별시 중랑구청,2026-02-26
중화2동329-99,1,,서울특별시 중랑구 중화2동 329-99,37.58311652,127.0892573,,,02-2094-2683,서울특별시 중랑구청,2026-02-26
중화2동329-102,1,,서울특별시 중랑구 중화2동 329-102,37.58264521,127.0892488,,,02-2094-2683,서울특별시 중랑구청,2026-02-26
중화2동329-104,1,,서울특별시 중랑구 중화2동 329-104,37.58262516,127.0896721,,,02-2094-2683,서울특별시 중랑구청,2026-02-26
중화2동329-112,1,,서울특별시 중랑구 중화2동 329-112,37.58269014,127.0888115,,,02-2094-2683,서울특별시 중랑구청,2026-02-26
중화2동329-113,1,,서울특별시 중랑구 중화2동 329-113,37.5827601,127.0887545,,,02-2094-2683,서울특별시 중랑구청,2026-02-26
중화2동329-131,1,,서울특별시 중랑구 중화2동 329-131,37.58285633,127.088751,,,02-2094-2683,서울특별시 중랑구청,2026-02-26
중화2동329-124,1,,서울특별시 중랑구 중화2동 329-124,37.58302106,127.0886017,,,02-2094-2683,서울특별시 중랑구청,2026-02-26
중화2동329-143,1,,서울특별시 중랑구 중화2동 329-143,37.5823332,127.089010,,,02-2094-2683,서울특별시 중랑구청,2026-02-26
중화2동329-144,1,,서울특별시 중랑구 중화2동 329-144,37.5823018,127.0891908,,,02-2094-2683,서울특별시 중랑구청,2026-02-26
중화2동329-9,1,,서울특별시 중랑구 중화2동 329-9,37.58245245,127.0897737,,,02-2094-2683,서울특별시 중랑구청,2026-02-26
중화2동329-4,1,,서울특별시 중랑구 중화2동 329-4,37.58242475,127.0892415,,,02-2094-2683,서울특별시 중랑구청,2026-02-26
중화2동329-16,1,,서울특별시 중랑구 중화2동 329-16,37.58228497,127.0897651,,,02-2094-2683,서울특별시 중랑구청,2026-02-26
중화2동329-17,1,,서울특별시 중랑구 중화2동 329-17,37.58261958,127.0897881,,,02-2094-2683,서울특별시 중랑구청,2026-02-26
중화2동329-23,1,,서울특별시 중랑구 중화2동 329-23,37.58199578,127.0897191,,,02-2094-2683,서울특별시 중랑구청,2026-02-26
중화2동329-27,1,,서울특별시 중랑구 중화2동 329-27,37.5817779,127.0896251,,,02-2094-2683,서울특별시 중랑구청,2026-02-26
중화2동330-58,1,,서울특별시 중랑구 중화2동 330-58,37.58155425,127.0896604,,,02-2094-2683,서울특별시 중랑구청,2026-02-26
중화2동330-56,1,,서울특별시 중랑구 중화2동 330-56,37.58123407,127.0894996,,,02-2094-2683,서울특별시 중랑구청,2026-02-26
중화2동330-41,1,,서울특별시 중랑구 중화2동 330-41,37.58154947,127.089426,,,02-2094-2683,서울특별시 중랑구청,2026-02-26
중화2동330-99,1,,서울특별시 중랑구 중화2동 330-99,37.58179082,127.0894636,,,02-2094-2683,서울특별시 중랑구청,2026-02-26
중화2동330-32,1,,서울특별시 중랑구 중화2동 330-32,37.58213256,127.0893545,,,02-2094-2683,서울특별시 중랑구청,2026-02-26
중화2동330-26,1,,서울특별시 중랑구 중화2동 330-26,37.58200524,127.0896094,,,02-2094-2683,서울특별시 중랑구청,2026-02-26
중화2동330-44,1,,서울특별시 중랑구 중화2동 330-44,37.58134911,127.089635,,,02-2094-2683,서울특별시 중랑구청,2026-02-26
중화2동330-42,1,,서울특별시 중랑구 중화2동 330-42,37.58171657,127.0891183,,,02-2094-2683,서울특별시 중랑구청,2026-02-26
중화2동330-22,1,,서울특별시 중랑구 중화2동 330-22,37.58194946,127.089136,,,02-2094-2683,서울특별시 중랑구청,2026-02-26
중화2동330-9,1,,서울특별시 중랑구 중화2동 330-9,37.58202693,127.0891556,,,02-2094-2683,서울특별시 중랑구청,2026-02-26
중화2동330-3,1,,서울특별시 중랑구 중화2동 330-3,37.58131594,127.0887064,,,02-2094-2683,서울특별시 중랑구청,2026-02-26
중화2동330-105,1,,서울특별시 중랑구 중화2동 330-105,37.58123081,127.0890431,,,02-2094-2683,서울특별시 중랑구청,2026-02-26
중화2동330-83,1,,서울특별시 중랑구 중화2동 330-83,37.5810963,127.0890239,,,02-2094-2683,서울특별시 중랑구청,2026-02-26
중화2동330-87,1,,서울특별시 중랑구 중화2동 330-87,37.58094671,127.0889452,,,02-2094-2683,서울특별시 중랑구청,2026-02-26
중화2동330-94,1,,서울특별시 중랑구 중화2동 330-94,37.58160238,127.0898742,,,02-2094-2683,서울특별시 중랑구청,2026-02-26
중화2동330-97,1,,서울특별시 중랑구 중화2동 330-97,37.58168094,127.0900081,,,02-2094-2683,서울특별시 중랑구청,2026-02-26
중화2동330-15,1,,서울특별시 중랑구 중화2동 330-15,37.58177742,127.0900225,,,02-2094-2683,서울특별시 중랑구청,2026-02-26
중화2동330-12,1,,서울특별시 중랑구 중화2동 330-12,37.5820741,127.0900514,,,02-2094-2683,서울특별시 중랑구청,2026-02-26
중화2동330-89,1,,서울특별시 중랑구 중화2동 330-89,37.58176714,127.0902679,,,02-2094-2683,서울특별시 중랑구청,2026-02-26
중화2동330-20,1,,서울특별시 중랑구 중화2동 330-20,37.5817285,127.0901352,,,02-2094-2683,서울특별시 중랑구청,2026-02-26
중화2동330-77,1,,서울특별시 중랑구 중화2동 330-77,37.58145193,127.0900873,,,02-2094-2683,서울특별시 중랑구청,2026-02-26
중화2동330-90,1,,서울특별시 중랑구 중화2동 330-90,37.5812358,127.0900738,,,02-2094-2683,서울특별시 중랑구청,2026-02-26
중화2동330-65,1,,서울특별시 중랑구 중화2동 330-65,37.58106221,127.0903771,,,02-2094-2683,서울특별시 중랑구청,2026-02-26
중화2동330-61,1,,서울특별시 중랑구 중화2동 330-61,37.58116663,127.090388,,,02-2094-2683,서울특별시 중랑구청,2026-02-26
중화2동330-59,1,,서울특별시 중랑구 중화2동 330-59,37.58137789,127.0904113,,,02-2094-2683,서울특별시 중랑구청,2026-02-26
중화2동315-44,1,,서울특별시 중랑구 중화2동 315-44,37.58134157,127.0905419,,,02-2094-2683,서울특별시 중랑구청,2026-02-26
중화2동315-43,1,,서울특별시 중랑구 중화2동 315-43,37.58164274,127.0905901,,,02-2094-2683,서울특별시 중랑구청,2026-02-26
중화2동315-46,1,,서울특별시 중랑구 중화2동 315-46,37.58176357,127.0904666,,,02-2094-2683,서울특별시 중랑구청,2026-02-26
중화2동315-51,1,,서울특별시 중랑구 중화2동 315-51,37.58175393,127.0905791,,,02-2094-2683,서울특별시 중랑구청,2026-02-26
중화2동314-24,1,,서울특별시 중랑구 중화2동 314-24,37.5820351,127.0904968,,,02-2094-2683,서울특별시 중랑구청,2026-02-26
중화2동315-63,1,,서울특별시 중랑구 중화2동 315-63,37.58201426,127.0907704,,,02-2094-2683,서울특별시 중랑구청,2026-02-26
중화2동315-65,1,,서울특별시 중랑구 중화2동 315-65,37.58188507,127.0908678,,,02-2094-2683,서울특별시 중랑구청,2026-02-26
중화2동315-73,1,,서울특별시 중랑구 중화2동 315-73,37.58171363,127.0908421,,,02-2094-2683,서울특별시 중랑구청,2026-02-26
중화2동315-74,1,,서울특별시 중랑구 중화2동 315-74,37.5816332,127.0906985,,,02-2094-2683,서울특별시 중랑구청,2026-02-26
중화2동315-33,1,,서울특별시 중랑구 중화2동 315-33,37.58132987,127.0906533,,,02-2094-2683,서울특별시 중랑구청,2026-02-26
중화2동315-79,1,,서울특별시 중랑구 중화2동 315-79,37.58164636,127.0910424,,,02-2094-2683,서울특별시 중랑구청,2026-02-26
중화2동315-66,1,,서울특별시 중랑구 중화2동 315-66,37.58162382,127.0912911,,,02-2094-2683,서울특별시 중랑구청,2026-02-26
중화2동315-23,1,,서울특별시 중랑구 중화2동 315-23,37.58172436,127.0911873,,,02-2094-2683,서울특별시 중랑구청,2026-02-26
중화2동315-21,1,,서울특별시 중랑구 중화2동 315-21,37.58138905,127.0913683,,,02-2094-2683,서울특별시 중랑구청,2026-02-26
중화2동315-30,1,,서울특별시 중랑구 중화2동 315-30,37.58124145,127.0916214,,,02-2094-2683,서울특별시 중랑구청,2026-02-26
중화2동315-31,1,,서울특별시 중랑구 중화2동 315-31,37.5813207,127.0915609,,,02-2094-2683,서울특별시 중랑구청,2026-02-26
중화2동315-34,1,,서울특별시 중랑구 중화2동 315-34,37.58157384,127.0916067,,,02-2094-2683,서울특별시 중랑구청,2026-02-26
중화2동315-17,1,,서울특별시 중랑구 중화2동 315-17,37.58165086,127.0917468,,,02-2094-2683,서울특별시 중랑구청,2026-02-26
중화2동315-10,1,,서울특별시 중랑구 중화2동 315-10,37.5819393,127.0917037,,,02-2094-2683,서울특별시 중랑구청,2026-02-26
중화2동315-6,1,,서울특별시 중랑구 중화2동 315-6,37.5818049,127.0918933,,,02-2094-2683,서울특별시 중랑구청,2026-02-26
중화2동315-4,1,,서울특별시 중랑구 중화2동 315-4,37.5818049,127.0918933,,,02-2094-2683,서울특별시 중랑구청,2026-02-26
중화2동314-60,1,,서울특별시 중랑구 중화2동 314-60,37.581595,127.0918513,,,02-2094-2683,서울특별시 중랑구청,2026-02-26
중화2동314-65,1,,서울특별시 중랑구 중화2동 314-65,37.58147805,127.0919731,,,02-2094-2683,서울특별시 중랑구청,2026-02-26
중화2동314-59,1,,서울특별시 중랑구 중화2동 314-59,37.5812285,127.0919375,,,02-2094-2683,서울특별시 중랑구청,2026-02-26
중화2동314-58,1,,서울특별시 중랑구 중화2동 314-58,37.5812285,127.0919375,,,02-2094-2683,서울특별시 중랑구청,2026-02-26
중화2동314-3,1,,서울특별시 중랑구 중화2동 314-3,37.58103466,127.0922182,,,02-2094-2683,서울특별시 중랑구청,2026-02-26
중화2동314-44,1,,서울특별시 중랑구 중화2동 314-44,37.58122051,127.0922486,,,02-2094-2683,서울특별시 중랑구청,2026-02-26
중화2동314-43,1,,서울특별시 중랑구 중화2동 314-43,37.58156392,127.092316,,,02-2094-2683,서울특별시 중랑구청,2026-02-26
중화2동314-33,1,,서울특별시 중랑구 중화2동 314-33,37.58188523,127.0924028,,,02-2094-2683,서울특별시 중랑구청,2026-02-26
중화2동314-39,1,,서울특별시 중랑구 중화2동 314-39,37.58155057,127.0925616,,,02-2094-2683,서울특별시 중랑구청,2026-02-26
중화2동314-27,1,,서울특별시 중랑구 중화2동 314-27,37.58105012,127.0923766,,,02-2094-2683,서울특별시 중랑구청,2026-02-26
중화2동314-19,1,,서울특별시 중랑구 중화2동 314-19,37.58114403,127.0926947,,,02-2094-2683,서울특별시 중랑구청,2026-02-26
중화2동314-14,1,,서울특별시 중랑구 중화2동 314-14,37.58122231,127.092821,,,02-2094-2683,서울특별시 중랑구청,2026-02-26
중화2동314-5,1,,서울특별시 중랑구 중화2동 314-5,37.58132421,127.0928358,,,02-2094-2683,서울특별시 중랑구청,2026-02-26
중화2동313-20,1,,서울특별시 중랑구 중화2동 313-20,37.58143214,127.0927324,,,02-2094-2683,서울특별시 중랑구청,2026-02-26
중화2동313-26,1,,서울특별시 중랑구 중화2동 313-26,37.58158774,127.0929564,,,02-2094-2683,서울특별시 중랑구청,2026-02-26
중화2동312-115,1,,서울특별시 중랑구 중화2동 312-115,37.58167394,127.0927585,,,02-2094-2683,서울특별시 중랑구청,2026-02-26
중화2동312-109,1,,서울특별시 중랑구 중화2동 312-109,37.58167394,127.0927585,,,02-2094-2683,서울특별시 중랑구청,2026-02-26
중화2동312-137,1,,서울특별시 중랑구 중화2동 312-137,37.58185129,127.0928298,,,02-2094-2683,서울특별시 중랑구청,2026-02-26
중화2동312-106,1,,서울특별시 중랑구 중화2동 312-106,37.58183058,127.0930434,,,02-2094-2683,서울특별시 중랑구청,2026-02-26
중화2동312-104,1,,서울특별시 중랑구 중화2동 312-104,37.58175396,127.0928577,,,02-2094-2683,서울특별시 중랑구청,2026-02-26
중화2동312-98,1,,서울특별시 중랑구 중화2동 312-98,37.58130702,127.092923,,,02-2094-2683,서울특별시 중랑구청,2026-02-26
중화2동312-94,1,,서울특별시 중랑구 중화2동 312-94,37.5826088,127.0931191,,,02-2094-2683,서울특별시 중랑구청,2026-02-26
중화2동312-84,1,,서울특별시 중랑구 중화2동 312-84,37.58117392,127.0898098,,,02-2094-2683,서울특별시 중랑구청,2026-02-26
중화2동312-82,1,,서울특별시 중랑구 중화2동 312-82,37.58293643,127.0929655,,,02-2094-2683,서울특별시 중랑구청,2026-02-26
중화2동312-81,1,,서울특별시 중랑구 중화2동 312-81,37.58310428,127.0931988,,,02-2094-2683,서울특별시 중랑구청,2026-02-26
중화2동312-78,1,,서울특별시 중랑구 중화2동 312-78,37.58303921,127.0929974,,,02-2094-2683,서울특별시 중랑구청,2026-02-26
중화2동312-74,1,,서울특별시 중랑구 중화2동 312-74,37.58284698,127.0929487,,,02-2094-2683,서울특별시 중랑구청,2026-02-26
중화2동312-68,1,,서울특별시 중랑구 중화2동 312-68,37.58260987,127.0929004,,,02-2094-2683,서울특별시 중랑구청,2026-02-26
중화2동312-66,1,,서울특별시 중랑구 중화2동 312-66,37.58248572,127.0931192,,,02-2094-2683,서울특별시 중랑구청,2026-02-26
중화2동312-119,1,,서울특별시 중랑구 중화2동 312-119,37.58237711,127.092942,,,02-2094-2683,서울특별시 중랑구청,2026-02-26
중화2동312-58,1,,서울특별시 중랑구 중화2동 312-58,37.58199201,127.0928463,,,02-2094-2683,서울특별시 중랑구청,2026-02-26
중화2동312-55,1,,서울특별시 중랑구 중화2동 312-55,37.58239235,127.0925835,,,02-2094-2683,서울특별시 중랑구청,2026-02-26
중화2동312-49,1,,서울특별시 중랑구 중화2동 312-49,37.58223188,127.0924731,,,02-2094-2683,서울특별시 중랑구청,2026-02-26
중화2동312-50,1,,서울특별시 중랑구 중화2동 312-50,37.58262518,127.0925714,,,02-2094-2683,서울특별시 중랑구청,2026-02-26
중화2동312-42,1,,서울특별시 중랑구 중화2동 312-42,,,,,02-2094-2683,서울특별시 중랑구청,2026-02-26
중화2동312-34,1,,서울특별시 중랑구 중화2동 312-34,37.58299374,127.0926105,,,02-2094-2683,서울특별시 중랑구청,2026-02-26
중화2동312-28,1,,서울특별시 중랑구 중화2동 312-28,37.582574,127.0924574,,,02-2094-2683,서울특별시 중랑구청,2026-02-26
중화2동312-126,1,,서울특별시 중랑구 중화2동 312-126,37.58225589,127.0920704,,,02-2094-2683,서울특별시 중랑구청,2026-02-26
중화2동312-18,1,,서울특별시 중랑구 중화2동 312-18,37.58226662,127.0919496,,,02-2094-2683,서울특별시 중랑구청,2026-02-26
중화2동312-15,1,,서울특별시 중랑구 중화2동 312-15,37.58251192,127.0921095,,,02-2094-2683,서울특별시 중랑구청,2026-02-26
중화2동312-11,1,,서울특별시 중랑구 중화2동 312-11,37.58268906,127.0919978,,,02-2094-2683,서울특별시 중랑구청,2026-02-26
중화2동304-38,1,,서울특별시 중랑구 중화2동 304-38,37.58283716,127.0920222,,,02-2094-2683,서울특별시 중랑구청,2026-02-26
중화2동304-25,1,,서울특별시 중랑구 중화2동 304-25,37.58287715,127.0921588,,,02-2094-2683,서울특별시 중랑구청,2026-02-26
중화2동304-31,1,,서울특별시 중랑구 중화2동 304-31,37.58293824,127.0920306,,,02-2094-2683,서울특별시 중랑구청,2026-02-26
중화2동303-25,1,,서울특별시 중랑구 중화2동 303-25,37.58304219,127.0921774,,,02-2094-2683,서울특별시 중랑구청,2026-02-26
중화2동303-21,1,,서울특별시 중랑구 중화2동 303-21,37.58318306,127.0920108,,,02-2094-2683,서울특별시 중랑구청,2026-02-26
중화2동303-12,1,,서울특별시 중랑구 중화2동 303-12,37.58308231,127.0918038,,,02-2094-2683,서울특별시 중랑구청,2026-02-26
중화2동303-8,1,,서울특별시 중랑구 중화2동 303-8,37.58292253,127.0918455,,,02-2094-2683,서울특별시 중랑구청,2026-02-26
중화2동303-9,1,,서울특별시 중랑구 중화2동 303-9,37.58292253,127.0918455,,,02-2094-2683,서울특별시 중랑구청,2026-02-26
중화2동303-26,1,,서울특별시 중랑구 중화2동 303-26,37.58241095,127.0917274,,,02-2094-2683,서울특별시 중랑구청,2026-02-26
중화2동303-30,1,,서울특별시 중랑구 중화2동 303-30,37.58209167,127.0916817,,,02-2094-2683,서울특별시 중랑구청,2026-02-26
중화2동303-31,1,,서울특별시 중랑구 중화2동 303-31,37.58279161,127.091504,,,02-2094-2683,서울특별시 중랑구청,2026-02-26
중화2동303-38,1,,서울특별시 중랑구 중화2동 303-38,37.58279161,127.091504,,,02-2094-2683,서울특별시 중랑구청,2026-02-26
중화2동303-41,1,,서울특별시 중랑구 중화2동 303-41,37.58318051,127.091353,,,02-2094-2683,서울특별시 중랑구청,2026-02-26
중화2동303-72,1,,서울특별시 중랑구 중화2동 303-72,37.58327501,127.0912561,,,02-2094-2683,서울특별시 중랑구청,2026-02-26
중화2동303-49,1,,서울특별시 중랑구 중화2동 303-49,37.5828968,127.0913295,,,02-2094-2683,서울특별시 중랑구청,2026-02-26
중화2동303-67,1,,서울특별시 중랑구 중화2동 303-67,37.58238292,127.0912711,,,02-2094-2683,서울특별시 중랑구청,2026-02-26
중화2동303-65,1,,서울특별시 중랑구 중화2동 303-65,37.58220932,127.0908934,,,02-2094-2683,서울특별시 중랑구청,2026-02-26
중화2동303-62,1,,서울특별시 중랑구 중화2동 303-62,,,,,02-2094-2683,서울특별시 중랑구청,2026-02-26
중화2동304-74,1,,서울특별시 중랑구 중화2동 304-74,37.58236091,127.0907214,,,02-2094-2683,서울특별시 중랑구청,2026-02-26
중화2동304-5,1,,서울특별시 중랑구 중화2동 304-5,37.58257212,127.0909377,,,02-2094-2683,서울특별시 중랑구청,2026-02-26
중화2동304-55,1,,서울특별시 중랑구 중화2동 304-55,37.58281266,127.0909633,,,02-2094-2683,서울특별시 중랑구청,2026-02-26
중화2동304-52,1,,서울특별시 중랑구 중화2동 304-52,37.58281266,127.0909633,,,02-2094-2683,서울특별시 중랑구청,2026-02-26
중화2동304-40,1,,서울특별시 중랑구 중화2동 304-40,37.5830422,127.0910029,,,02-2094-2683,서울특별시 중랑구청,2026-02-26
중화2동304-19,1,,서울특별시 중랑구 중화2동 304-19,37.58274371,127.0906438,,,02-2094-2683,서울특별시 중랑구청,2026-02-26
중화2동304-15,1,,서울특별시 중랑구 중화2동 304-15,37.58270305,127.090797,,,02-2094-2683,서울특별시 중랑구청,2026-02-26
중화2동304-14,1,,서울특별시 중랑구 중화2동 304-14,37.58238759,127.0905888,,,02-2094-2683,서울특별시 중랑구청,2026-02-26
중화2동304-7,1,,서울특별시 중랑구 중화2동 304-7,,,,,02-2094-2683,서울특별시 중랑구청,2026-02-26
중화2동304-10,1,,서울특별시 중랑구 중화2동 304-10,37.58296696,127.0904356,,,02-2094-2683,서울특별시 중랑구청,2026-02-26
중화2동331-90,1,,서울특별시 중랑구 중화2동 331-90,37.58315822,127.0904643,,,02-2094-2683,서울특별시 중랑구청,2026-02-26
중화2동331-98,1,,서울특별시 중랑구 중화2동 331-98,37.58330117,127.0903902,,,02-2094-2683,서울특별시 중랑구청,2026-02-26
중화2동331-46,1,,서울특별시 중랑구 중화2동 331-46,37.58287383,127.0900294,,,02-2094-2683,서울특별시 중랑구청,2026-02-26
중화2동331-88,1,,서울특별시 중랑구 중화2동 331-88,37.58298392,127.0901638,,,02-2094-2683,서울특별시 중랑구청,2026-02-26
중화2동331-85,1,,서울특별시 중랑구 중화2동 331-85,37.58320608,127.090197,,,02-2094-2683,서울특별시 중랑구청,2026-02-26
중화2동331-82,1,,서울특별시 중랑구 중화2동 331-82,37.58260546,127.0901129,,,02-2094-2683,서울특별시 중랑구청,2026-02-26
중화2동331-66,1,,서울특별시 중랑구 중화2동 331-66,37.58253555,127.0900971,,,02-2094-2683,서울특별시 중랑구청,2026-02-26
중화2동331-74,1,,서울특별시 중랑구 중화2동 331-74,37.58227555,127.090068,,,02-2094-2683,서울특별시 중랑구청,2026-02-26
중화2동331-71,1,,서울특별시 중랑구 중화2동 331-71,37.5837031,127.0901572,,,02-2094-2683,서울특별시 중랑구청,2026-02-26
중화2동331-70,1,,서울특별시 중랑구 중화2동 331-70,37.5838995,127.0901826,,,02-2094-2683,서울특별시 중랑구청,2026-02-26
중화2동331-120,1,,서울특별시 중랑구 중화2동 331-120,37.5837795,127.0901678,,,02-2094-2683,서울특별시 중랑구청,2026-02-26
중화2동331-18,1,,서울특별시 중랑구 중화2동 331-18,37.58355993,127.090399,,,02-2094-2683,서울특별시 중랑구청,2026-02-26
중화2동331-5,1,,서울특별시 중랑구 중화2동 331-5,37.58370939,127.0904228,,,02-2094-2683,서울특별시 중랑구청,2026-02-26
중화2동331-7,1,,서울특별시 중랑구 중화2동 331-7,37.58386927,127.0905978,,,02-2094-2683,서울특별시 중랑구청,2026-02-26
중화2동331-21,1,,서울특별시 중랑구 중화2동 331-21,37.5837874,127.0906744,,,02-2094-2683,서울특별시 중랑구청,2026-02-26
중화2동331-24,1,,서울특별시 중랑구 중화2동 331-24,37.58384566,127.0908393,,,02-2094-2683,서울특별시 중랑구청,2026-02-26
중화2동331-36,1,,서울특별시 중랑구 중화2동 331-36,37.58341519,127.0910337,,,02-2094-2683,서울특별시 중랑구청,2026-02-26
중화2동331-54,1,,서울특별시 중랑구 중화2동 331-54,37.58352065,127.0909746,,,02-2094-2683,서울특별시 중랑구청,2026-02-26
중화2동331-56,1,,서울특별시 중랑구 중화2동 331-56,37.5832872,127.0908716,,,02-2094-2683,서울특별시 중랑구청,2026-02-26
중화2동331-62,1,,서울특별시 중랑구 중화2동 331-62,37.58346956,127.0906333,,,02-2094-2683,서울특별시 중랑구청,2026-02-26
중화2동331-112,1,,서울특별시 중랑구 중화2동 331-112,37.58371491,127.0913172,,,02-2094-2683,서울특별시 중랑구청,2026-02-26
중화2동331-106,1,,서울특별시 중랑구 중화2동 331-106,37.58381113,127.0913313,,,02-2094-2683,서울특별시 중랑구청,2026-02-26
중화2동331-146,1,,서울특별시 중랑구 중화2동 331-146,37.58374635,127.0914703,,,02-2094-2683,서울특별시 중랑구청,2026-02-26
중화2동331-143,1,,서울특별시 중랑구 중화2동 331-143,37.58340245,127.091427,,,02-2094-2683,서울특별시 중랑구청,2026-02-26
중화2동310-67,1,,서울특별시 중랑구 중화2동 310-67,37.5833685,127.0917594,,,02-2094-2683,서울특별시 중랑구청,2026-02-26
중화2동310-64,1,,서울특별시 중랑구 중화2동 310-64,37.58346992,127.091682,,,02-2094-2683,서울특별시 중랑구청,2026-02-26
중화2동310-61,1,,서울특별시 중랑구 중화2동 310-61,37.58377417,127.091584,,,02-2094-2683,서울특별시 중랑구청,2026-02-26
중화2동310-56,1,,서울특별시 중랑구 중화2동 310-56,37.58367156,127.0918024,,,02-2094-2683,서울특별시 중랑구청,2026-02-26
중화2동311-58,1,,서울특별시 중랑구 중화2동 311-58,37.58335245,127.091890,,,02-2094-2683,서울특별시 중랑구청,2026-02-26
중화2동311-51,1,,서울특별시 중랑구 중화2동 311-51,37.58334428,127.0919728,,,02-2094-2683,서울특별시 중랑구청,2026-02-26
중화2동311-48,1,,서울특별시 중랑구 중화2동 311-48,37.58365788,127.0920172,,,02-2094-2683,서울특별시 중랑구청,2026-02-26
중화2동311-39,1,,서울특별시 중랑구 중화2동 311-39,,,,,02-2094-2683,서울특별시 중랑구청,2026-02-26
중화2동311-37,1,,서울특별시 중랑구 중화2동 311-37,37.58351535,127.0922318,,,02-2094-2683,서울특별시 중랑구청,2026-02-26
중화2동311-33,1,,서울특별시 중랑구 중화2동 311-33,37.5833322,127.0922106,,,02-2094-2683,서울특별시 중랑구청,2026-02-26
중화2동311-17,1,,서울특별시 중랑구 중화2동 311-17,37.58335915,127.092545,,,02-2094-2683,서울특별시 중랑구청,2026-02-26
중화2동311-28,1,,서울특별시 중랑구 중화2동 311-28,37.58356175,127.0925861,,,02-2094-2683,서울특별시 중랑구청,2026-02-26
중화2동311-60,1,,서울특별시 중랑구 중화2동 311-60,37.58361762,127.0924545,,,02-2094-2683,서울특별시 중랑구청,2026-02-26
중화2동311-59,1,,서울특별시 중랑구 중화2동 311-59,37.58370483,127.0924663,,,02-2094-2683,서울특별시 중랑구청,2026-02-26
중화2동311-61,1,,서울특별시 중랑구 중화2동 311-61,37.58367685,127.0928668,,,02-2094-2683,서울특별시 중랑구청,2026-02-26
중화2동311-16,1,,서울특별시 중랑구 중화2동 311-16,,,,,02-2094-2683,서울특별시 중랑구청,2026-02-26
중화2동311-14,1,,서울특별시 중랑구 중화2동 311-14,37.58466869,127.0889837,,,02-2094-2683,서울특별시 중랑구청,2026-02-26
중화2동311-19,1,,서울특별시 중랑구 중화2동 311-19,37.58337853,127.0926505,,,02-2094-2683,서울특별시 중랑구청,2026-02-26
중화2동310-13,1,,서울특별시 중랑구 중화2동 310-13,37.58329131,127.0928771,,,02-2094-2683,서울특별시 중랑구청,2026-02-26
중화2동310-18,1,,서울특별시 중랑구 중화2동 310-18,37.58349682,127.0932247,,,02-2094-2683,서울특별시 중랑구청,2026-02-26
중화2동310-35,1,,서울특별시 중랑구 중화2동 310-35,37.58390269,127.0930362,,,02-2094-2683,서울특별시 중랑구청,2026-02-26
중화2동310-45,1,,서울특별시 중랑구 중화2동 310-45,37.58367032,127.0930472,,,02-2094-2683,서울특별시 중랑구청,2026-02-26
중화2동310-46,1,,서울특별시 중랑구 중화2동 310-46,37.58362255,127.093405,,,02-2094-2683,서울특별시 중랑구청,2026-02-26
중화2동310-48,1,,서울특별시 중랑구 중화2동 310-48,37.58343238,127.0933698,,,02-2094-2683,서울특별시 중랑구청,2026-02-26
중화2동310-54,1,,서울특별시 중랑구 중화2동 310-54,37.58326529,127.0931928,,,02-2094-2683,서울특별시 중랑구청,2026-02-26
중화2동310-26,1,,서울특별시 중랑구 중화2동 310-26,37.58583232,127.090877,,,02-2094-2683,서울특별시 중랑구청,2026-02-26
중화2동310-33,1,,서울특별시 중랑구 중화2동 310-33,37.58555498,127.0906359,,,02-2094-2683,서울특별시 중랑구청,2026-02-26
중화2동310-78,1,,서울특별시 중랑구 중화2동 310-78,37.58094618,127.0911768,,,02-2094-2683,서울특별시 중랑구청,2026-02-26
중화2동310-77,1,,서울특별시 중랑구 중화2동 310-77,37.58092091,127.0913425,,,02-2094-2683,서울특별시 중랑구청,2026-02-26
중화2동310-92,1,,서울특별시 중랑구 중화2동 310-92,37.58090074,127.0917961,,,02-2094-2683,서울특별시 중랑구청,2026-02-26
중화2동310-70,1,,서울특별시 중랑구 중화2동 310-70,37.60297613,127.0760762,,,02-2094-2683,서울특별시 중랑구청,2026-02-26
중화2동309-110,1,,서울특별시 중랑구 중화2동 309-110,37.58086781,127.0906852,,,02-2094-2683,서울특별시 중랑구청,2026-02-26
중화2동309-42,1,,서울특별시 중랑구 중화2동 309-42,37.58086781,127.0906852,,,02-2094-2683,서울특별시 중랑구청,2026-02-26
중화2동309-47,1,,서울특별시 중랑구 중화2동 309-47,,,,,02-2094-2683,서울특별시 중랑구청,2026-02-26
중화2동309-52,1,,서울특별시 중랑구 중화2동 309-52,37.58107705,127.0906478,,,02-2094-2683,서울특별시 중랑구청,2026-02-26
중화2동309-54,1,,서울특별시 중랑구 중화2동 309-54,37.58079307,127.0902843,,,02-2094-2683,서울특별시 중랑구청,2026-02-26
중화2동309-63,1,,서울특별시 중랑구 중화2동 309-63,37.58087739,127.0898226,,,02-2094-2683,서울특별시 중랑구청,2026-02-26
중화2동309-69,1,,서울특별시 중랑구 중화2동 309-69,37.58087739,127.0898226,,,02-2094-2683,서울특별시 중랑구청,2026-02-26
중화2동309-57,1,,서울특별시 중랑구 중화2동 309-57,37.58087739,127.0898226,,,02-2094-2683,서울특별시 중랑구청,2026-02-26
중화2동309-56,1,,서울특별시 중랑구 중화2동 309-56,37.58108117,127.0893792,,,02-2094-2683,서울특별시 중랑구청,2026-02-26
중화2동309-71,1,,서울특별시 중랑구 중화2동 309-71,37.58108117,127.0893792,,,02-2094-2683,서울특별시 중랑구청,2026-02-26
중화2동309-20,1,,서울특별시 중랑구 중화2동 309-20,37.58106741,127.0892234,,,02-2094-2683,서울특별시 중랑구청,2026-02-26
중화2동308-54,1,,서울특별시 중랑구 중화2동 308-54,37.58380435,127.0914794,,,02-2094-2683,서울특별시 중랑구청,2026-02-26
중화2동309-17,1,,서울특별시 중랑구 중화2동 309-17,37.5809752,127.0965996,,,02-2094-2683,서울특별시 중랑구청,2026-02-26
중화2동309-16,1,,서울특별시 중랑구 중화2동 309-16,37.58116504,127.0969353,,,02-2094-2683,서울특별시 중랑구청,2026-02-26
중화2동309-15,1,,서울특별시 중랑구 중화2동 309-15,37.58126343,127.0971502,,,02-2094-2683,서울특별시 중랑구청,2026-02-26
중화2동309-73,1,,서울특별시 중랑구 중화2동 309-73,37.58126343,127.0971502,,,02-2094-2683,서울특별시 중랑구청,2026-02-26
중화2동309-84,1,,서울특별시 중랑구 중화2동 309-84,37.58146298,127.0974312,,,02-2094-2683,서울특별시 중랑구청,2026-02-26
중화2동309-86,1,,서울특별시 중랑구 중화2동 309-86,37.58146298,127.0974312,,,02-2094-2683,서울특별시 중랑구청,2026-02-26
중화2동309-87,1,,서울특별시 중랑구 중화2동 309-87,37.58104745,127.0938399,,,02-2094-2683,서울특별시 중랑구청,2026-02-26
중화2동309-89,1,,서울특별시 중랑구 중화2동 309-89,37.58137067,127.0935495,,,02-2094-2683,서울특별시 중랑구청,2026-02-26
중화2동309-92,1,,서울특별시 중랑구 중화2동 309-92,37.58134973,127.093716,,,02-2094-2683,서울특별시 중랑구청,2026-02-26
중화2동309-76,1,,서울특별시 중랑구 중화2동 309-76,37.58132747,127.0939487,,,02-2094-2683,서울특별시 중랑구청,2026-02-26
중화2동309-77,1,,서울특별시 중랑구 중화2동 309-77,37.58147475,127.0938719,,,02-2094-2683,서울특별시 중랑구청,2026-02-26
중화2동309-80,1,,서울특별시 중랑구 중화2동 309-80,37.58152702,127.0937487,,,02-2094-2683,서울특별시 중랑구청,2026-02-26
중화2동309-1,1,,서울특별시 중랑구 중화2동 309-1,37.58179964,127.093997,,,02-2094-2683,서울특별시 중랑구청,2026-02-26
중화2동308-86,1,,서울특별시 중랑구 중화2동 308-86,37.58171747,127.0943401,,,02-2094-2683,서울특별시 중랑구청,2026-02-26
중화2동309-4,1,,서울특별시 중랑구 중화2동 309-4,37.5818047,127.0945486,,,02-2094-2683,서울특별시 중랑구청,2026-02-26
중화2동309-26,2,,서울특별시 중랑구 중화2동 309-26,37.58155207,127.0948757,,,02-2094-2683,서울특별시 중랑구청,2026-02-26
중화2동309-106,1,,서울특별시 중랑구 중화2동 309-106,37.58147088,127.095106,,,02-2094-2683,서울특별시 중랑구청,2026-02-26
중화2동309-109,1,,서울특별시 중랑구 중화2동 309-109,37.581661,127.095203,,,02-2094-2683,서울특별시 중랑구청,2026-02-26
중화2동309-31,1,,서울특별시 중랑구 중화2동 309-31,37.58158223,127.0947901,,,02-2094-2683,서울특별시 중랑구청,2026-02-26
중화2동308-71,1,,서울특별시 중랑구 중화2동 308-71,37.58154749,127.0949634,,,02-2094-2683,서울특별시 중랑구청,2026-02-26
중화2동309-35,1,,서울특별시 중랑구 중화2동 309-35,37.58153499,127.0950421,,,02-2094-2683,서울특별시 중랑구청,2026-02-26
중화2동309-36,1,,서울특별시 중랑구 중화2동 309-36,37.58173866,127.0949924,,,02-2094-2683,서울특별시 중랑구청,2026-02-26
중화2동310-80,1,,서울특별시 중랑구 중화2동 310-80,37.58179498,127.0951979,,,02-2094-2683,서울특별시 중랑구청,2026-02-26
중화2동310-82,1,,서울특별시 중랑구 중화2동 310-82,37.58169389,127.0948685,,,02-2094-2683,서울특별시 중랑구청,2026-02-26
중화2동308-67,1,,서울특별시 중랑구 중화2동 308-67,37.58178511,127.0949281,,,02-2094-2683,서울특별시 중랑구청,2026-02-26
중화2동308-66,1,,서울특별시 중랑구 중화2동 308-66,37.58178538,127.0957117,,,02-2094-2683,서울특별시 중랑구청,2026-02-26
중화2동308-60,1,,서울특별시 중랑구 중화2동 308-60,37.58186268,127.0957116,,,02-2094-2683,서울특별시 중랑구청,2026-02-26
중화2동308-58,1,,서울특별시 중랑구 중화2동 308-58,37.5818626,127.0960411,,,02-2094-2683,서울특별시 중랑구청,2026-02-26
중화2동308-53,1,,서울특별시 중랑구 중화2동 308-53,37.5818626,127.0960411,,,02-2094-2683,서울특별시 중랑구청,2026-02-26
중화2동308-47,1,,서울특별시 중랑구 중화2동 308-47,37.58199633,127.0957829,,,02-2094-2683,서울특별시 중랑구청,2026-02-26
중화2동308-96,1,,서울특별시 중랑구 중화2동 308-96,37.58210734,127.0955537,,,02-2094-2683,서울특별시 중랑구청,2026-02-26
중화2동315-62,1,,서울특별시 중랑구 중화2동 315-62,37.58216688,127.0954583,,,02-2094-2683,서울특별시 중랑구청,2026-02-26
중화2동308-8,1,,서울특별시 중랑구 중화2동 308-8,37.58192688,127.0955397,,,02-2094-2683,서울특별시 중랑구청,2026-02-26
중화2동308-15,1,,서울특별시 중랑구 중화2동 308-15,37.58174252,127.0955634,,,02-2094-2683,서울특별시 중랑구청,2026-02-26
중화2동308-104,1,,서울특별시 중랑구 중화2동 308-104,37.58197119,127.0953485,,,02-2094-2683,서울특별시 중랑구청,2026-02-26
중화2동307-41,1,,서울특별시 중랑구 중화2동 307-41,37.58189857,127.095126,,,02-2094-2683,서울특별시 중랑구청,2026-02-26
중화2동307-46,1,,서울특별시 중랑구 중화2동 307-46,37.58184331,127.0950419,,,02-2094-2683,서울특별시 중랑구청,2026-02-26
중화2동307-48,1,,서울특별시 중랑구 중화2동 307-48,37.58179498,127.0951979,,,02-2094-2683,서울특별시 중랑구청,2026-02-26
중화2동307-25,1,,서울특별시 중랑구 중화2동 307-25,37.58228811,127.0949659,,,02-2094-2683,서울특별시 중랑구청,2026-02-26
중화2동307-4,1,,서울특별시 중랑구 중화2동 307-4,37.58210311,127.0949968,,,02-2094-2683,서울특별시 중랑구청,2026-02-26
중화2동307-68,1,,서울특별시 중랑구 중화2동 307-68,37.58203515,127.0947942,,,02-2094-2683,서울특별시 중랑구청,2026-02-26
중화2동307-74,1,,서울특별시 중랑구 중화2동 307-74,37.58189789,127.0946262,,,02-2094-2683,서울특별시 중랑구청,2026-02-26
중화2동307-31,1,,서울특별시 중랑구 중화2동 307-31,37.58204034,127.0940588,,,02-2094-2683,서울특별시 중랑구청,2026-02-26
중화2동307-19,1,,서울특별시 중랑구 중화2동 307-19,37.58179964,127.093997,,,02-2094-2683,서울특별시 중랑구청,2026-02-26
중화2동305-70,1,,서울특별시 중랑구 중화2동 305-70,37.58192817,127.0939353,,,02-2094-2683,서울특별시 중랑구청,2026-02-26
중화2동332-98,1,,서울특별시 중랑구 중화2동 332-98,37.58129752,127.0912358,,,02-2094-2683,서울특별시 중랑구청,2026-02-26
중화2동305-69,1,,서울특별시 중랑구 중화2동 305-69,37.58301912,127.089138,,,02-2094-2683,서울특별시 중랑구청,2026-02-26
중화2동305-62,1,,서울특별시 중랑구 중화2동 305-62,37.58185573,127.0910647,,,02-2094-2683,서울특별시 중랑구청,2026-02-26
중화2동305-1,1,,서울특별시 중랑구 중화2동 305-1,37.58092644,127.0877337,,,02-2094-2683,서울특별시 중랑구청,2026-02-26
중화2동305-78,1,,서울특별시 중랑구 중화2동 305-78,37.58356893,127.0902966,,,02-2094-2683,서울특별시 중랑구청,2026-02-26
중화2동305-54,1,,서울특별시 중랑구 중화2동 305-54,37.5834105,127.0930122,,,02-2094-2683,서울특별시 중랑구청,2026-02-26
중화2동305-55,1,,서울특별시 중랑구 중화2동 305-55,37.58386659,127.0861079,,,02-2094-2683,서울특별시 중랑구청,2026-02-26
중화2동305-3,1,,서울특별시 중랑구 중화2동 305-3,37.58279234,127.0894955,,,02-2094-2683,서울특별시 중랑구청,2026-02-26
중화2동305-27,1,,서울특별시 중랑구 중화2동 305-27,37.58083686,127.0912088,,,02-2094-2683,서울특별시 중랑구청,2026-02-26
중화2동305-18,1,,서울특별시 중랑구 중화2동 305-18,,,,,02-2094-2683,서울특별시 중랑구청,2026-02-26
중화2동305-24,1,,서울특별시 중랑구 중화2동 305-24,37.58147475,127.0938719,,,02-2094-2683,서울특별시 중랑구청,2026-02-26
중화2동305-37,1,,서울특별시 중랑구 중화2동 305-37,37.58108098,127.0895179,,,02-2094-2683,서울특별시 중랑구청,2026-02-26
중화2동305-35,1,,서울특별시 중랑구 중화2동 305-35,,,,,02-2094-2683,서울특별시 중랑구청,2026-02-26
중화2동305-29,1,,서울특별시 중랑구 중화2동 305-29,37.58295676,127.0880694,,,02-2094-2683,서울특별시 중랑구청,2026-02-26
중화2동306-66,1,,서울특별시 중랑구 중화2동 306-66,,,,,02-2094-2683,서울특별시 중랑구청,2026-02-26
중화2동305-48,1,,서울특별시 중랑구 중화2동 305-48,37.58135262,127.0848879,,,02-2094-2683,서울특별시 중랑구청,2026-02-26
중화2동306-68,1,,서울특별시 중랑구 중화2동 306-68,37.58137223,127.0850594,,,02-2094-2683,서울특별시 중랑구청,2026-02-26
중화2동306-43,1,,서울특별시 중랑구 중화2동 306-43,37.58237711,127.092942,,,02-2094-2683,서울특별시 중랑구청,2026-02-26
중화2동306-73,1,,서울특별시 중랑구 중화2동 306-73,37.58065558,127.0908643,,,02-2094-2683,서울특별시 중랑구청,2026-02-26
중화2동306-37,1,,서울특별시 중랑구 중화2동 306-37,37.58222396,127.0947627,,,02-2094-2683,서울특별시 중랑구청,2026-02-26
중화2동305-50,1,,서울특별시 중랑구 중화2동 305-50,37.58063768,127.0898778,,,02-2094-2683,서울특별시 중랑구청,2026-02-26
중화2동305-76,1,,서울특별시 중랑구 중화2동 305-76,37.5809328,127.0905384,,,02-2094-2683,서울특별시 중랑구청,2026-02-26
중화2동306-20,1,,서울특별시 중랑구 중화2동 306-20,37.58304069,127.0860576,,,02-2094-2683,서울특별시 중랑구청,2026-02-26
중화2동306-49,1,,서울특별시 중랑구 중화2동 306-49,37.58247076,127.0857613,,,02-2094-2683,서울특별시 중랑구청,2026-02-26
중화2동321-37,1,,서울특별시 중랑구 중화2동 321-37,37.5824103,127.0915216,,,02-2094-2683,서울특별시 중랑구청,2026-02-26
중화2동306-4,1,,서울특별시 중랑구 중화2동 306-4,37.58189182,127.0844548,,,02-2094-2683,서울특별시 중랑구청,2026-02-26
중화2동307-36,1,,서울특별시 중랑구 중화2동 307-36,37.58189294,127.0872417,,,02-2094-2683,서울특별시 중랑구청,2026-02-26
중화2동306-58,1,,서울특별시 중랑구 중화2동 306-58,37.58255252,127.0863197,,,02-2094-2683,서울특별시 중랑구청,2026-02-26
중화2동332-38,1,,서울특별시 중랑구 중화2동 332-38,37.58345407,127.0892037,,,02-2094-2683,서울특별시 중랑구청,2026-02-26
중화2동332-28,1,,서울특별시 중랑구 중화2동 332-28,37.58259728,127.0907842,,,02-2094-2683,서울특별시 중랑구청,2026-02-26
중화2동332-30,1,,서울특별시 중랑구 중화2동 332-30,37.58362688,127.0909794,,,02-2094-2683,서울특별시 중랑구청,2026-02-26
중화2동332-25,1,,서울특별시 중랑구 중화2동 332-25,37.58346158,127.0890614,,,02-2094-2683,서울특별시 중랑구청,2026-02-26
중화2동332-32,1,,서울특별시 중랑구 중화2동 332-32,37.58177315,127.0941071,,,02-2094-2683,서울특별시 중랑구청,2026-02-26
중화2동332-140,1,,서울특별시 중랑구 중화2동 332-140,37.58073941,127.0915205,,,02-2094-2683,서울특별시 중랑구청,2026-02-26
중화2동332-17,1,,서울특별시 중랑구 중화2동 332-17,37.58163998,127.0859734,,,02-2094-2683,서울특별시 중랑구청,2026-02-26
중화2동332-6,1,,서울특별시 중랑구 중화2동 332-6,37.58279161,127.091504,,,02-2094-2683,서울특별시 중랑구청,2026-02-26
중화2동332-4,1,,서울특별시 중랑구 중화2동 332-4,37.58177735,127.0867552,,,02-2094-2683,서울특별시 중랑구청,2026-02-26
중화2동332-1,1,,서울특별시 중랑구 중화2동 332-1,37.58192549,127.0937979,,,02-2094-2683,서울특별시 중랑구청,2026-02-26
중화2동332-139,1,,서울특별시 중랑구 중화2동 332-139,37.58432009,127.0852036,,,02-2094-2683,서울특별시 중랑구청,2026-02-26
중화2동332-144,1,,서울특별시 중랑구 중화2동 332-144,,,,,02-2094-2683,서울특별시 중랑구청,2026-02-26
중화2동332-97,1,,서울특별시 중랑구 중화2동 332-97,37.58094671,127.0889452,,,02-2094-2683,서울특별시 중랑구청,2026-02-26
중화2동332-52,1,,서울특별시 중랑구 중화2동 332-52,,,,,02-2094-2683,서울특별시 중랑구청,2026-02-26
중화2동332-51,1,,서울특별시 중랑구 중화2동 332-51,37.58112839,127.0930995,,,02-2094-2683,서울특별시 중랑구청,2026-02-26
중화2동332-48,1,,서울특별시 중랑구 중화2동 332-48,37.58262103,127.0895328,,,02-2094-2683,서울특별시 중랑구청,2026-02-26
중화2동332-50,1,,서울특별시 중랑구 중화2동 332-50,37.58111499,127.0900551,,,02-2094-2683,서울특별시 중랑구청,2026-02-26
중화2동332-95,1,,서울특별시 중랑구 중화2동 332-95,37.58242475,127.0892415,,,02-2094-2683,서울특별시 중랑구청,2026-02-26
중화2동332-120,1,,서울특별시 중랑구 중화2동 332-120,37.58357859,127.091089,,,02-2094-2683,서울특별시 중랑구청,2026-02-26
중화2동332-91,1,,서울특별시 중랑구 중화2동 332-91,37.58191365,127.0882318,,,02-2094-2683,서울특별시 중랑구청,2026-02-26
중화2동332-68,1,,서울특별시 중랑구 중화2동 332-68,37.58224915,127.0899475,,,02-2094-2683,서울특별시 중랑구청,2026-02-26
중화2동332-47,1,,서울특별시 중랑구 중화2동 332-47,37.58316418,127.0924193,,,02-2094-2683,서울특별시 중랑구청,2026-02-26
중화2동332-23,1,,서울특별시 중랑구 중화2동 332-23,37.58293643,127.0929655,,,02-2094-2683,서울특별시 중랑구청,2026-02-26
중화2동332-71,1,,서울특별시 중랑구 중화2동 332-71,37.58192692,127.0851375,,,02-2094-2683,서울특별시 중랑구청,2026-02-26
중화2동332-130,1,,서울특별시 중랑구 중화2동 332-130,37.58320689,127.086714,,,02-2094-2683,서울특별시 중랑구청,2026-02-26
중화2동332-113,1,,서울특별시 중랑구 중화2동 332-113,,,,,02-2094-2683,서울특별시 중랑구청,2026-02-26
중화2동332-86,1,,서울특별시 중랑구 중화2동 332-86,37.58107077,127.0916591,,,02-2094-2683,서울특별시 중랑구청,2026-02-26
중화2동332-100,1,,서울특별시 중랑구 중화2동 332-100,37.58109717,127.0909661,,,02-2094-2683,서울특별시 중랑구청,2026-02-26
중화2동332-101,1,,서울특별시 중랑구 중화2동 332-101,37.5825112,127.091875,,,02-2094-2683,서울특별시 중랑구청,2026-02-26
중화2동332-141,1,,서울특별시 중랑구 중화2동 332-141,37.5812556,127.0889014,,,02-2094-2683,서울특별시 중랑구청,2026-02-26
중화2동332-80,1,,서울특별시 중랑구 중화2동 332-80,37.5814994,127.089277,,,02-2094-2683,서울특별시 중랑구청,2026-02-26
중화2동330-5,1,,서울특별시 중랑구 중화2동 330-5,37.58324996,127.0913707,,,02-2094-2683,서울특별시 중랑구청,2026-02-26
중화2동314-1,1,,서울특별시 중랑구 중화2동 314-1,37.58176607,127.0954169,,,02-2094-2683,서울특별시 중랑구청,2026-02-26
중화2동320-53,1,,서울특별시 중랑구 중화2동 320-53,37.58183265,127.0959719,,,02-2094-2683,서울특별시 중랑구청,2026-02-26
중화2동310-55,1,,서울특별시 중랑구 중화2동 310-55,37.58171649,127.0936399,,,02-2094-2683,서울특별시 중랑구청,2026-02-26
중화2동303-45,1,,서울특별시 중랑구 중화2동 303-45,37.58221104,127.0840728,,,02-2094-2683,서울특별시 중랑구청,2026-02-26
중화2동332-41,1,,서울특별시 중랑구 중화2동 332-41,37.5842526,127.0860793,,,02-2094-2683,서울특별시 중랑구청,2026-02-26
중화2동310-1,1,,서울특별시 중랑구 중화2동 310-1,37.58418763,127.0868303,,,02-2094-2683,서울특별시 중랑구청,2026-02-26
중화2동330-24,1,,서울특별시 중랑구 중화2동 330-24,,,,,02-2094-2683,서울특별시 중랑구청,2026-02-26
중화2동329-14,1,,서울특별시 중랑구 중화2동 329-14,37.58371904,127.092264,,,02-2094-2683,서울특별시 중랑구청,2026-02-26
중화2동305-57,1,,서울특별시 중랑구 중화2동 305-57,37.5834195,127.0890501,,,02-2094-2683,서울특별시 중랑구청,2026-02-26
중화2동309-65,1,,서울특별시 중랑구 중화2동 309-65,37.58287103,127.0886178,,,02-2094-2683,서울특별시 중랑구청,2026-02-26
중화2동329-35,1,,서울특별시 중랑구 중화2동 329-35,37.58090153,127.0914777,,,02-2094-2683,서울특별시 중랑구청,2026-02-26
중화2동311-85,1,,서울특별시 중랑구 중화2동 311-85,37.58324696,127.0915206,,,02-2094-2683,서울특별시 중랑구청,2026-02-26
중화2동330-39,1,,서울특별시 중랑구 중화2동 330-39,37.58592098,127.0888623,,,02-2094-2683,서울특별시 중랑구청,2026-02-26
중화2동,1,,서울특별시 중랑구 중화2동,37.58354923,127.0896628,,,02-2094-2683,서울특별시 중랑구청,2026-02-26
중화2동313-29,1,,서울특별시 중랑구 중화2동 313-29,37.58131138,127.0854793,,,02-2094-2683,서울특별시 중랑구청,2026-02-26
중화2동331-17,1,,서울특별시 중랑구 중화2동 331-17,37.58153961,127.0859651,,,02-2094-2683,서울특별시 중랑구청,2026-02-26
중화2동321-19,1,,서울특별시 중랑구 중화2동 321-19,37.58211295,127.0846709,,,02-2094-2683,서울특별시 중랑구청,2026-02-26
중화2동314-21,1,,서울특별시 중랑구 중화2동 314-21,37.58232776,127.0874952,,,02-2094-2683,서울특별시 중랑구청,2026-02-26
중화2동300-38,1,,서울특별시 중랑구 중화2동 300-38,37.58238528,127.0868279,,,02-2094-2683,서울특별시 중랑구청,2026-02-26
중화2동312-14,1,,서울특별시 중랑구 중화2동 312-14,37.58276448,127.0860086,,,02-2094-2683,서울특별시 중랑구청,2026-02-26
중화2동329-77,1,,서울특별시 중랑구 중화2동 329-77,37.58281263,127.0855792,,,02-2094-2683,서울특별시 중랑구청,2026-02-26
중화2동329-37,1,,서울특별시 중랑구 중화2동 329-37,37.58362022,127.0844149,,,02-2094-2683,서울특별시 중랑구청,2026-02-26
중화2동309-32,1,,서울특별시 중랑구 중화2동 309-32,37.58125173,127.0874482,,,02-2094-2683,서울특별시 중랑구청,2026-02-26
중화2동317-69,1,,서울특별시 중랑구 중화2동 317-69,37.58422216,127.0865483,,,02-2094-2683,서울특별시 중랑구청,2026-02-26
중화2동309-22,1,,서울특별시 중랑구 중화2동 309-22,37.58320712,127.0841549,,,02-2094-2683,서울특별시 중랑구청,2026-02-26
중화2동305-45,1,,서울특별시 중랑구 중화2동 305-45,37.58425997,127.0857331,,,02-2094-2683,서울특별시 중랑구청,2026-02-26
중화2동303-56,1,,서울특별시 중랑구 중화2동 303-56,37.58428482,127.0855094,,,02-2094-2683,서울특별시 중랑구청,2026-02-26
중화2동313-12,1,,서울특별시 중랑구 중화2동 313-12,37.58163192,127.0877397,,,02-2094-2683,서울특별시 중랑구청,2026-02-26
중화2동313-17,1,,서울특별시 중랑구 중화2동 313-17,,,,,02-2094-2683,서울특별시 중랑구청,2026-02-26
중화2동309-33,1,,서울특별시 중랑구 중화2동 309-33,37.58362874,127.0906617,,,02-2094-2683,서울특별시 중랑구청,2026-02-26
중화2동308-4,1,,서울특별시 중랑구 중화2동 308-4,37.57530993,127.0857552,,,02-2094-2683,서울특별시 중랑구청,2026-02-26
중화2동4-13,1,,서울특별시 중랑구 중화2동 4-13,37.58312571,127.0929889,,,02-2094-2683,서울특별시 중랑구청,2026-02-26
중화2동315-56,1,,서울특별시 중랑구 중화2동 315-56,37.58339391,127.0915219,,,02-2094-2683,서울특별시 중랑구청,2026-02-26
중화2동315-59,1,,서울특별시 중랑구 중화2동 315-59,37.58330641,127.0907216,,,02-2094-2683,서울특별시 중랑구청,2026-02-26
중화2동307-26,1,,서울특별시 중랑구 중화2동 307-26,37.58350418,127.0901294,,,02-2094-2683,서울특별시 중랑구청,2026-02-26
중화2동 298-4,1,,서울특별시 중랑구 중화2동 298-4,37.599500,127.078500,,,02-2094-2683,서울특별시 중랑구청,2026-02-26
중화2동 309-10,2,,서울특별시 중랑구 중화2동 309-10,37.600200,127.079200,,,02-2094-2683,서울특별시 중랑구청,2026-02-26
중화2동 309-26,1,,서울특별시 중랑구 중화2동 309-26,37.600400,127.079400,,,02-2094-2683,서울특별시 중랑구청,2026-02-26
중화2동 309-15,1,,서울특별시 중랑구 중화2동 309-15,37.600500,127.079500,,,02-2094-2683,서울특별시 중랑구청,2026-02-26
중화2동 309-47,1,,서울특별시 중랑구 중화2동 309-47,37.600800,127.079800,,,02-2094-2683,서울특별시 중랑구청,2026-02-26
중화2동 332-86,1,,서울특별시 중랑구 중화2동 332-86,37.601500,127.080500,,,02-2094-2683,서울특별시 중랑구청,2026-02-26
중화2동 332-85,1,,서울특별시 중랑구 중화2동 332-85,37.601400,127.080300,,,02-2094-2683,서울특별시 중랑구청,2026-02-26
중화2동 308-104,1,,서울특별시 중랑구 중화2동 308-104,37.5954625,127.0772278,,,02-2094-2683,서울특별시 중랑구청,2026-02-26
중화2동 332-40,1,,서울특별시 중랑구 중화2동 332-40,37.5985856,127.0729352,,,02-2094-2683,서울특별시 중랑구청,2026-02-26
중화2동 309-72,1,,서울특별시 중랑구 중화2동 309-72,37.601200,127.080200,,,02-2094-2683,서울특별시 중랑구청,2026-02-26
중화2동 309-57,1,,서울특별시 중랑구 중화2동 309-57,37.5961601,127.0768936,,,02-2094-2683,서울특별시 중랑구청,2026-02-26
중화2동 309-54,1,,서울특별시 중랑구 중화2동 309-54,37.600900,127.079900,,,02-2094-2683,서울특별시 중랑구청,2026-02-26
중화2동 322-119,1,,서울특별시 중랑구 중화2동 322-119,37.5999081,127.0761225,,,02-2094-2683,서울특별시 중랑구청,2026-02-26
중화2동 314-37,1,,서울특별시 중랑구 중화2동 314-37,37.602500,127.081500,,,02-2094-2683,서울특별시 중랑구청,2026-02-26
중화2동 302-51,2,,서울특별시 중랑구 중화2동 302-51,37.5959520,127.0789700,,,02-2094-2683,서울특별시 중랑구청,2026-02-26
중화2동 298-35,1,,서울특별시 중랑구 중화2동 298-35,37.599200,127.078200,,,02-2094-2683,서울특별시 중랑구청,2026-02-26
중화2동 404-4,1,,서울특별시 중랑구 중화2동 404-4,37.594500,127.075500,,,02-2094-2683,서울특별시 중랑구청,2026-02-26
중화2동 330-82,1,,서울특별시 중랑구 중화2동 330-82,37.5976532,127.0734005,,,02-2094-2683,서울특별시 중랑구청,2026-02-26
중화2동 312-94,1,,서울특별시 중랑구 중화2동 312-94,37.5978434,127.0776735,,,02-2094-2683,서울특별시 중랑구청,2026-02-26
중화2동 309-1,2,,서울특별시 중랑구 중화2동 309-1,37.5966453,127.0763261,,,02-2094-2683,서울특별시 중랑구청,2026-02-26
중화2동 309-86,1,,서울특별시 중랑구 중화2동 309-86,37.601500,127.080500,,,02-2094-2683,서울특별시 중랑구청,2026-02-26
중화2동 309-76,1,,서울특별시 중랑구 중화2동 309-76,37.601300,127.080300,,,02-2094-2683,서울특별시 중랑구청,2026-02-26
중화2동 309-87,1,,서울특별시 중랑구 중화2동 309-87,37.601600,127.080600,,,02-2094-2683,서울특별시 중랑구청,2026-02-26
중화2동 309-75,1,,서울특별시 중랑구 중화2동 309-75,37.601400,127.080400,,,02-2094-2683,서울특별시 중랑구청,2026-02-26
중화2동 308-1,1,,서울특별시 중랑구 중화2동 308-1,37.599500,127.078200,,,02-2094-2683,서울특별시 중랑구청,2026-02-26
묵1동142,1,,서울특별시 중랑구 묵1동 142,37.58339246,127.0898923,,,02-2094-2683,서울특별시 중랑구청,2026-02-26
묵1동143-4,1,,서울특별시 중랑구 묵1동 143-4,37.58228614,127.0845138,,,02-2094-2683,서울특별시 중랑구청,2026-02-26
묵1동185-4,1,,서울특별시 중랑구 묵1동 185-4,37.58952608,127.0945973,,,02-2094-2683,서울특별시 중랑구청,2026-02-26
묵1동138-12,1,,서울특별시 중랑구 묵1동 138-12,37.58946289,127.0948508,,,02-2094-2683,서울특별시 중랑구청,2026-02-26
묵1동185-1,1,,서울특별시 중랑구 묵1동 185-1,37.58963586,127.0951051,,,02-2094-2683,서울특별시 중랑구청,2026-02-26
묵1동138-8,1,,서울특별시 중랑구 묵1동 138-8,37.58951644,127.0951501,,,02-2094-2683,서울특별시 중랑구청,2026-02-26
묵1동153-6,1,,서울특별시 중랑구 묵1동 153-6,37.58982493,127.0953882,,,02-2094-2683,서울특별시 중랑구청,2026-02-26
묵1동128-31,1,,서울특별시 중랑구 묵1동 128-31,37.58970157,127.0959564,,,02-2094-2683,서울특별시 중랑구청,2026-02-26
묵1동128-37,1,,서울특별시 중랑구 묵1동 128-37,37.58879038,127.1015839,,,02-2094-2683,서울특별시 중랑구청,2026-02-26
묵1동128-34,1,,서울특별시 중랑구 묵1동 128-34,37.59014091,127.0964869,,,02-2094-2683,서울특별시 중랑구청,2026-02-26
묵1동128-82,1,,서울특별시 중랑구 묵1동 128-82,37.59003041,127.0964268,,,02-2094-2683,서울특별시 중랑구청,2026-02-26
묵1동128-30,1,,서울특별시 중랑구 묵1동 128-30,37.5898196,127.0964022,,,02-2094-2683,서울특별시 중랑구청,2026-02-26
묵1동128-26,1,,서울특별시 중랑구 묵1동 128-26,37.5899922,127.096545,,,02-2094-2683,서울특별시 중랑구청,2026-02-26
묵1동128-25,1,,서울특별시 중랑구 묵1동 128-25,37.58938209,127.0963837,,,02-2094-2683,서울특별시 중랑구청,2026-02-26
묵1동128-12,1,,서울특별시 중랑구 묵1동 128-12,37.5890133,127.0960739,,,02-2094-2683,서울특별시 중랑구청,2026-02-26
묵1동128-9,1,,서울특별시 중랑구 묵1동 128-9,37.58872724,127.0957325,,,02-2094-2683,서울특별시 중랑구청,2026-02-26
묵1동128-7,1,,서울특별시 중랑구 묵1동 128-7,37.58851417,127.0956108,,,02-2094-2683,서울특별시 중랑구청,2026-02-26
묵1동128-4,1,,서울특별시 중랑구 묵1동 128-4,37.58818845,127.0956187,,,02-2094-2683,서울특별시 중랑구청,2026-02-26
묵1동128-2,1,,서울특별시 중랑구 묵1동 128-2,37.58882471,127.0960926,,,02-2094-2683,서울특별시 중랑구청,2026-02-26
묵1동292-17,1,,서울특별시 중랑구 묵1동 292-17,37.58842403,127.095872,,,02-2094-2683,서울특별시 중랑구청,2026-02-26
묵1동126-8,1,,서울특별시 중랑구 묵1동 126-8,37.58821618,127.0957579,,,02-2094-2683,서울특별시 중랑구청,2026-02-26
묵1동173-48,1,,서울특별시 중랑구 묵1동 173-48,37.58784667,127.0954374,,,02-2094-2683,서울특별시 중랑구청,2026-02-26
묵1동126-12,1,,서울특별시 중랑구 묵1동 126-12,37.58986296,127.0981231,,,02-2094-2683,서울특별시 중랑구청,2026-02-26
묵1동126-3,1,,서울특별시 중랑구 묵1동 126-3,,,,,02-2094-2683,서울특별시 중랑구청,2026-02-26
묵1동126-6,1,,서울특별시 중랑구 묵1동 126-6,37.58757508,127.0952548,,,02-2094-2683,서울특별시 중랑구청,2026-02-26
묵1동126-26,1,,서울특별시 중랑구 묵1동 126-26,37.58727396,127.0952662,,,02-2094-2683,서울특별시 중랑구청,2026-02-26
묵1동126-28,1,,서울특별시 중랑구 묵1동 126-28,37.58713676,127.0950112,,,02-2094-2683,서울특별시 중랑구청,2026-02-26
묵1동181-19,1,,서울특별시 중랑구 묵1동 181-19,37.58669008,127.0948586,,,02-2094-2683,서울특별시 중랑구청,2026-02-26
묵1동181-17,1,,서울특별시 중랑구 묵1동 181-17,37.58718452,127.0948948,,,02-2094-2683,서울특별시 중랑구청,2026-02-26
묵1동114-6,1,,서울특별시 중랑구 묵1동 114-6,37.58734601,127.0947397,,,02-2094-2683,서울특별시 중랑구청,2026-02-26
묵1동181-1,1,,서울특별시 중랑구 묵1동 181-1,37.58747583,127.0947559,,,02-2094-2683,서울특별시 중랑구청,2026-02-26
묵1동181-10,1,,서울특별시 중랑구 묵1동 181-10,37.58769287,127.0948776,,,02-2094-2683,서울특별시 중랑구청,2026-02-26
묵1동109-35,1,,서울특별시 중랑구 묵1동 109-35,37.58804703,127.0951244,,,02-2094-2683,서울특별시 중랑구청,2026-02-26
묵1동181-32,1,,서울특별시 중랑구 묵1동 181-32,37.58804703,127.0951244,,,02-2094-2683,서울특별시 중랑구청,2026-02-26
묵1동181-22,1,,서울특별시 중랑구 묵1동 181-22,37.58802355,127.0949742,,,02-2094-2683,서울특별시 중랑구청,2026-02-26
묵1동181-40,1,,서울특별시 중랑구 묵1동 181-40,37.587985,127.0946217,,,02-2094-2683,서울특별시 중랑구청,2026-02-26
묵1동181-44,1,,서울특별시 중랑구 묵1동 181-44,37.58787929,127.0946538,,,02-2094-2683,서울특별시 중랑구청,2026-02-26
묵1동181-52,1,,서울특별시 중랑구 묵1동 181-52,37.58817794,127.0947935,,,02-2094-2683,서울특별시 중랑구청,2026-02-26
묵1동181-45,1,,서울특별시 중랑구 묵1동 181-45,37.58872552,127.0946232,,,02-2094-2683,서울특별시 중랑구청,2026-02-26
묵1동181-62,1,,서울특별시 중랑구 묵1동 181-62,37.58872552,127.0946232,,,02-2094-2683,서울특별시 중랑구청,2026-02-26
묵1동181-64,1,,서울특별시 중랑구 묵1동 181-64,37.58913586,127.0944848,,,02-2094-2683,서울특별시 중랑구청,2026-02-26
묵1동181-68,1,,서울특별시 중랑구 묵1동 181-68,,,,,02-2094-2683,서울특별시 중랑구청,2026-02-26
묵1동181-69,1,,서울특별시 중랑구 묵1동 181-69,37.5889693,127.0945439,,,02-2094-2683,서울특별시 중랑구청,2026-02-26
묵1동202-20,1,,서울특별시 중랑구 묵1동 202-20,37.5889693,127.0945439,,,02-2094-2683,서울특별시 중랑구청,2026-02-26
묵1동122-41,1,,서울특별시 중랑구 묵1동 122-41,37.58973267,127.0982364,,,02-2094-2683,서울특별시 중랑구청,2026-02-26
묵1동202-17,1,,서울특별시 중랑구 묵1동 202-17,37.58821134,127.0946056,,,02-2094-2683,서울특별시 중랑구청,2026-02-26
묵1동202-18,1,,서울특별시 중랑구 묵1동 202-18,37.58862239,127.0943621,,,02-2094-2683,서울특별시 중랑구청,2026-02-26
묵1동202-9,1,,서울특별시 중랑구 묵1동 202-9,37.5890094,127.0940921,,,02-2094-2683,서울특별시 중랑구청,2026-02-26
묵1동128-64,1,,서울특별시 중랑구 묵1동 128-64,37.58872663,127.0948157,,,02-2094-2683,서울특별시 중랑구청,2026-02-26
묵1동128-51,1,,서울특별시 중랑구 묵1동 128-51,37.58858727,127.0948998,,,02-2094-2683,서울특별시 중랑구청,2026-02-26
묵1동128-74,1,,서울특별시 중랑구 묵1동 128-74,37.58898722,127.099707,,,02-2094-2683,서울특별시 중랑구청,2026-02-26
묵1동183-3,1,,서울특별시 중랑구 묵1동 183-3,37.58917634,127.0948914,,,02-2094-2683,서울특별시 중랑구청,2026-02-26
묵1동183-1,1,,서울특별시 중랑구 묵1동 183-1,37.58877547,127.095031,,,02-2094-2683,서울특별시 중랑구청,2026-02-26
묵1동184-7,1,,서울특별시 중랑구 묵1동 184-7,37.58884217,127.0953293,,,02-2094-2683,서울특별시 중랑구청,2026-02-26
묵1동184-14,1,,서울특별시 중랑구 묵1동 184-14,37.58909213,127.0954118,,,02-2094-2683,서울특별시 중랑구청,2026-02-26
묵1동184-5,1,,서울특별시 중랑구 묵1동 184-5,37.58911212,127.0955374,,,02-2094-2683,서울특별시 중랑구청,2026-02-26
묵1동183-14,1,,서울특별시 중랑구 묵1동 183-14,37.58871267,127.0954789,,,02-2094-2683,서울특별시 중랑구청,2026-02-26
묵1동183-12,1,,서울특별시 중랑구 묵1동 183-12,37.58852228,127.0953862,,,02-2094-2683,서울특별시 중랑구청,2026-02-26
묵1동188-10,1,,서울특별시 중랑구 묵1동 188-10,37.58829245,127.0952691,,,02-2094-2683,서울특별시 중랑구청,2026-02-26
묵1동182-20,1,,서울특별시 중랑구 묵1동 182-20,37.58907013,127.0969849,,,02-2094-2683,서울특별시 중랑구청,2026-02-26
묵1동182-28,1,,서울특별시 중랑구 묵1동 182-28,37.58876616,127.0968376,,,02-2094-2683,서울특별시 중랑구청,2026-02-26
묵1동187-29,1,,서울특별시 중랑구 묵1동 187-29,37.58858121,127.096919,,,02-2094-2683,서울특별시 중랑구청,2026-02-26
묵1동187-26,1,,서울특별시 중랑구 묵1동 187-26,37.58825726,127.0968621,,,02-2094-2683,서울특별시 중랑구청,2026-02-26
묵1동187-23,1,,서울특별시 중랑구 묵1동 187-23,37.58841118,127.0965037,,,02-2094-2683,서울특별시 중랑구청,2026-02-26
묵1동187-14,1,,서울특별시 중랑구 묵1동 187-14,37.58818041,127.0965256,,,02-2094-2683,서울특별시 중랑구청,2026-02-26
묵1동187-40,1,,서울특별시 중랑구 묵1동 187-40,37.58795898,127.0967139,,,02-2094-2683,서울특별시 중랑구청,2026-02-26
묵1동186-11,1,,서울특별시 중랑구 묵1동 186-11,37.58845017,127.098076,,,02-2094-2683,서울특별시 중랑구청,2026-02-26
묵1동187-5,1,,서울특별시 중랑구 묵1동 187-5,37.58830514,127.0967132,,,02-2094-2683,서울특별시 중랑구청,2026-02-26
묵1동186-13,1,,서울특별시 중랑구 묵1동 186-13,37.58856562,127.0970304,,,02-2094-2683,서울특별시 중랑구청,2026-02-26
묵1동183-8,1,,서울특별시 중랑구 묵1동 183-8,37.58889352,127.0972194,,,02-2094-2683,서울특별시 중랑구청,2026-02-26
묵1동183-5,1,,서울특별시 중랑구 묵1동 183-5,37.59029514,127.0978309,,,02-2094-2683,서울특별시 중랑구청,2026-02-26
묵1동184-19,1,,서울특별시 중랑구 묵1동 184-19,37.59002507,127.0976603,,,02-2094-2683,서울특별시 중랑구청,2026-02-26
묵1동184-4,1,,서울특별시 중랑구 묵1동 184-4,37.58998207,127.0977957,,,02-2094-2683,서울특별시 중랑구청,2026-02-26
묵1동186-2,1,,서울특별시 중랑구 묵1동 186-2,37.58988986,127.0977409,,,02-2094-2683,서울특별시 중랑구청,2026-02-26
묵1동186-3,1,,서울특별시 중랑구 묵1동 186-3,37.58983073,127.0975492,,,02-2094-2683,서울특별시 중랑구청,2026-02-26
묵1동122-185,1,,서울특별시 중랑구 묵1동 122-185,37.58950404,127.0975432,,,02-2094-2683,서울특별시 중랑구청,2026-02-26
묵1동122-188,1,,서울특별시 중랑구 묵1동 122-188,37.59005765,127.0982442,,,02-2094-2683,서울특별시 중랑구청,2026-02-26
묵1동122-183,1,,서울특별시 중랑구 묵1동 122-183,37.59009597,127.0981071,,,02-2094-2683,서울특별시 중랑구청,2026-02-26
묵1동122-261,1,,서울특별시 중랑구 묵1동 122-261,37.58970068,127.0983492,,,02-2094-2683,서울특별시 중랑구청,2026-02-26
묵1동122-224,1,,서울특별시 중랑구 묵1동 122-224,37.58944743,127.0978971,,,02-2094-2683,서울특별시 중랑구청,2026-02-26
묵1동122-189,1,,서울특별시 중랑구 묵1동 122-189,37.58926151,127.0976297,,,02-2094-2683,서울특별시 중랑구청,2026-02-26
묵1동122-190,1,,서울특별시 중랑구 묵1동 122-190,37.58908359,127.0980282,,,02-2094-2683,서울특별시 중랑구청,2026-02-26
묵1동122-197,1,,서울특별시 중랑구 묵1동 122-197,37.58920805,127.0983173,,,02-2094-2683,서울특별시 중랑구청,2026-02-26
묵1동122-198,1,,서울특별시 중랑구 묵1동 122-198,37.58937051,127.0984111,,,02-2094-2683,서울특별시 중랑구청,2026-02-26
묵1동122-199,1,,서울특별시 중랑구 묵1동 122-199,37.58979018,127.0986437,,,02-2094-2683,서울특별시 중랑구청,2026-02-26
묵1동122-200,1,,서울특별시 중랑구 묵1동 122-200,37.58977487,127.0989591,,,02-2094-2683,서울특별시 중랑구청,2026-02-26
묵1동122-295,1,,서울특별시 중랑구 묵1동 122-295,37.58949719,127.0986223,,,02-2094-2683,서울특별시 중랑구청,2026-02-26
묵1동122-376,1,,서울특별시 중랑구 묵1동 122-376,37.58937032,127.0987482,,,02-2094-2683,서울특별시 중랑구청,2026-02-26
묵1동122-108,1,,서울특별시 중랑구 묵1동 122-108,37.58918985,127.0986413,,,02-2094-2683,서울특별시 중랑구청,2026-02-26
묵1동122-174,1,,서울특별시 중랑구 묵1동 122-174,37.58989804,127.0991696,,,02-2094-2683,서울특별시 중랑구청,2026-02-26
묵1동122-179,1,,서울특별시 중랑구 묵1동 122-179,37.58957536,127.0992097,,,02-2094-2683,서울특별시 중랑구청,2026-02-26
묵1동122-125,1,,서울특별시 중랑구 묵1동 122-125,37.58922071,127.0990114,,,02-2094-2683,서울특별시 중랑구청,2026-02-26
묵1동122-128,1,,서울특별시 중랑구 묵1동 122-128,37.58880519,127.0987734,,,02-2094-2683,서울특별시 중랑구청,2026-02-26
묵1동122-131,1,,서울특별시 중랑구 묵1동 122-131,37.5890017,127.0992072,,,02-2094-2683,서울특별시 중랑구청,2026-02-26
묵1동122-132,1,,서울특별시 중랑구 묵1동 122-132,37.58920055,127.0993127,,,02-2094-2683,서울특별시 중랑구청,2026-02-26
묵1동122-61,1,,서울특별시 중랑구 묵1동 122-61,37.58965101,127.099569,,,02-2094-2683,서울특별시 중랑구청,2026-02-26
묵1동122-150,1,,서울특별시 중랑구 묵1동 122-150,37.58861675,127.0993639,,,02-2094-2683,서울특별시 중랑구청,2026-02-26
묵1동122-213,1,,서울특별시 중랑구 묵1동 122-213,37.58872304,127.0996164,,,02-2094-2683,서울특별시 중랑구청,2026-02-26
묵1동122-146,1,,서울특별시 중랑구 묵1동 122-146,37.58883227,127.0995824,,,02-2094-2683,서울특별시 중랑구청,2026-02-26
묵1동122-162,1,,서울특별시 중랑구 묵1동 122-162,37.58898722,127.099707,,,02-2094-2683,서울특별시 중랑구청,2026-02-26
묵1동122-160,1,,서울특별시 중랑구 묵1동 122-160,37.5892982,127.1000801,,,02-2094-2683,서울특별시 중랑구청,2026-02-26
묵1동122-363,1,,서울특별시 중랑구 묵1동 122-363,37.58906975,127.0996012,,,02-2094-2683,서울특별시 중랑구청,2026-02-26
묵1동122-166,1,,서울특별시 중랑구 묵1동 122-166,37.58931813,127.0997381,,,02-2094-2683,서울특별시 중랑구청,2026-02-26
묵1동122-345,1,,서울특별시 중랑구 묵1동 122-345,37.58837567,127.0999815,,,02-2094-2683,서울특별시 중랑구청,2026-02-26
묵1동122-171,1,,서울특별시 중랑구 묵1동 122-171,37.58849508,127.1000536,,,02-2094-2683,서울특별시 중랑구청,2026-02-26
묵1동475-10,1,,서울특별시 중랑구 묵1동 475-10,37.58857352,127.1000957,,,02-2094-2683,서울특별시 중랑구청,2026-02-26
묵1동475-8,1,,서울특별시 중랑구 묵1동 475-8,37.58871356,127.1001622,,,02-2094-2683,서울특별시 중랑구청,2026-02-26
묵1동122-253,1,,서울특별시 중랑구 묵1동 122-253,37.58916474,127.1004263,,,02-2094-2683,서울특별시 중랑구청,2026-02-26
묵1동122-92,1,,서울특별시 중랑구 묵1동 122-92,37.58937947,127.1006064,,,02-2094-2683,서울특별시 중랑구청,2026-02-26
묵1동122-67,1,,서울특별시 중랑구 묵1동 122-67,37.58870818,127.1007763,,,02-2094-2683,서울특별시 중랑구청,2026-02-26
묵1동122-68,1,,서울특별시 중랑구 묵1동 122-68,37.5841856,127.094169,,,02-2094-2683,서울특별시 중랑구청,2026-02-26
묵1동122-229,1,,서울특별시 중랑구 묵1동 122-229,37.58905197,127.1016484,,,02-2094-2683,서울특별시 중랑구청,2026-02-26
묵1동122-72,1,,서울특별시 중랑구 묵1동 122-72,37.58889251,127.1017281,,,02-2094-2683,서울특별시 중랑구청,2026-02-26
묵1동122-62,1,,서울특별시 중랑구 묵1동 122-62,37.5889472,127.101938,,,02-2094-2683,서울특별시 중랑구청,2026-02-26
묵1동122-64,1,,서울특별시 중랑구 묵1동 122-64,37.5889472,127.101938,,,02-2094-2683,서울특별시 중랑구청,2026-02-26
묵1동122-66,1,,서울특별시 중랑구 묵1동 122-66,37.58833422,127.1023939,,,02-2094-2683,서울특별시 중랑구청,2026-02-26
묵1동122-285,1,,서울특별시 중랑구 묵1동 122-285,37.58833422,127.1023939,,,02-2094-2683,서울특별시 중랑구청,2026-02-26
묵1동122-95,1,,서울특별시 중랑구 묵1동 122-95,37.58792824,127.1023663,,,02-2094-2683,서울특별시 중랑구청,2026-02-26
묵1동122-93,1,,서울특별시 중랑구 묵1동 122-93,37.58757732,127.1015392,,,02-2094-2683,서울특별시 중랑구청,2026-02-26
묵1동122-342,1,,서울특별시 중랑구 묵1동 122-342,37.58735631,127.1015314,,,02-2094-2683,서울특별시 중랑구청,2026-02-26
묵1동122-1,1,,서울특별시 중랑구 묵1동 122-1,,,,,02-2094-2683,서울특별시 중랑구청,2026-02-26
묵1동122-29,1,,서울특별시 중랑구 묵1동 122-29,37.58708252,127.1015093,,,02-2094-2683,서울특별시 중랑구청,2026-02-26
묵1동122-30,1,,서울특별시 중랑구 묵1동 122-30,37.58783523,127.1016936,,,02-2094-2683,서울특별시 중랑구청,2026-02-26
묵1동243-99,1,,서울특별시 중랑구 묵1동 243-99,37.58711184,127.1010481,,,02-2094-2683,서울특별시 중랑구청,2026-02-26
묵1동122-83,1,,서울특별시 중랑구 묵1동 122-83,37.58710039,127.1011624,,,02-2094-2683,서울특별시 중랑구청,2026-02-26
묵1동122-81,1,,서울특별시 중랑구 묵1동 122-81,37.58704154,127.1007539,,,02-2094-2683,서울특별시 중랑구청,2026-02-26
묵1동122-91,1,,서울특별시 중랑구 묵1동 122-91,37.58704884,127.1006428,,,02-2094-2683,서울특별시 중랑구청,2026-02-26
묵1동122-387,1,,서울특별시 중랑구 묵1동 122-387,,,,,02-2094-2683,서울특별시 중랑구청,2026-02-26
묵1동122-105,1,,서울특별시 중랑구 묵1동 122-105,37.58702034,127.1000406,,,02-2094-2683,서울특별시 중랑구청,2026-02-26
묵1동122-102,1,,서울특별시 중랑구 묵1동 122-102,37.58695141,127.0998301,,,02-2094-2683,서울특별시 중랑구청,2026-02-26
묵1동122-46,1,,서울특별시 중랑구 묵1동 122-46,37.58718889,127.0999731,,,02-2094-2683,서울특별시 중랑구청,2026-02-26
묵1동122-45,1,,서울특별시 중랑구 묵1동 122-45,37.58751601,127.0996792,,,02-2094-2683,서울특별시 중랑구청,2026-02-26
묵1동122-313,1,,서울특별시 중랑구 묵1동 122-313,37.58734168,127.0995621,,,02-2094-2683,서울특별시 중랑구청,2026-02-26
묵1동122-278,1,,서울특별시 중랑구 묵1동 122-278,37.58694107,127.0994955,,,02-2094-2683,서울특별시 중랑구청,2026-02-26
묵1동122-36,1,,서울특별시 중랑구 묵1동 122-36,,,,,02-2094-2683,서울특별시 중랑구청,2026-02-26
묵1동122-116,1,,서울특별시 중랑구 묵1동 122-116,,,,,02-2094-2683,서울특별시 중랑구청,2026-02-26
묵1동3-9,1,,서울특별시 중랑구 묵1동 3-9,37.58777806,127.0997366,,,02-2094-2683,서울특별시 중랑구청,2026-02-26
묵1동122-121,1,,서울특별시 중랑구 묵1동 122-121,37.58789844,127.1001574,,,02-2094-2683,서울특별시 중랑구청,2026-02-26
묵1동122-50,1,,서울특별시 중랑구 묵1동 122-50,37.58775834,127.0998342,,,02-2094-2683,서울특별시 중랑구청,2026-02-26
묵1동122-316,1,,서울특별시 중랑구 묵1동 122-316,37.58786371,127.1003087,,,02-2094-2683,서울특별시 중랑구청,2026-02-26
묵1동122-53,1,,서울특별시 중랑구 묵1동 122-53,37.58747444,127.1002562,,,02-2094-2683,서울특별시 중랑구청,2026-02-26
묵1동122-60,1,,서울특별시 중랑구 묵1동 122-60,37.58773767,127.1006196,,,02-2094-2683,서울특별시 중랑구청,2026-02-26
묵1동179-6,1,,서울특별시 중랑구 묵1동 179-6,37.58735227,127.1005676,,,02-2094-2683,서울특별시 중랑구청,2026-02-26
묵1동180-46,1,,서울특별시 중랑구 묵1동 180-46,37.58738784,127.1011209,,,02-2094-2683,서울특별시 중랑구청,2026-02-26
묵1동180-45,1,,서울특별시 중랑구 묵1동 180-45,37.58767562,127.1011106,,,02-2094-2683,서울특별시 중랑구청,2026-02-26
묵1동180-38,1,,서울특별시 중랑구 묵1동 180-38,37.58783679,127.1013423,,,02-2094-2683,서울특별시 중랑구청,2026-02-26
묵1동180-20,1,,서울특별시 중랑구 묵1동 180-20,37.58800573,127.1005997,,,02-2094-2683,서울특별시 중랑구청,2026-02-26
묵1동180-31,1,,서울특별시 중랑구 묵1동 180-31,37.58800573,127.1005997,,,02-2094-2683,서울특별시 중랑구청,2026-02-26
묵1동180-12,1,,서울특별시 중랑구 묵1동 180-12,37.5881469,127.1002035,,,02-2094-2683,서울특별시 중랑구청,2026-02-26
묵1동180-16,1,,서울특별시 중랑구 묵1동 180-16,37.58844779,127.1001451,,,02-2094-2683,서울특별시 중랑구청,2026-02-26
묵1동180-36,1,,서울특별시 중랑구 묵1동 180-36,37.58858782,127.1006544,,,02-2094-2683,서울특별시 중랑구청,2026-02-26
묵1동180-50,1,,서울특별시 중랑구 묵1동 180-50,,,,,02-2094-2683,서울특별시 중랑구청,2026-02-26
묵1동180-51,1,,서울특별시 중랑구 묵1동 180-51,37.58883786,127.1018906,,,02-2094-2683,서울특별시 중랑구청,2026-02-26
묵1동180-5,1,,서울특별시 중랑구 묵1동 180-5,37.58857065,127.1013826,,,02-2094-2683,서울특별시 중랑구청,2026-02-26
묵1동180-55,1,,서울특별시 중랑구 묵1동 180-55,37.58857314,127.1012739,,,02-2094-2683,서울특별시 중랑구청,2026-02-26
묵1동121-115,1,,서울특별시 중랑구 묵1동 121-115,37.58820568,127.1016378,,,02-2094-2683,서울특별시 중랑구청,2026-02-26
묵1동121-84,1,,서울특별시 중랑구 묵1동 121-84,37.58819209,127.0997094,,,02-2094-2683,서울특별시 중랑구청,2026-02-26
묵1동121-164,1,,서울특별시 중랑구 묵1동 121-164,37.58833886,127.0993903,,,02-2094-2683,서울특별시 중랑구청,2026-02-26
묵1동121-87,1,,서울특별시 중랑구 묵1동 121-87,37.58832547,127.0992447,,,02-2094-2683,서울특별시 중랑구청,2026-02-26
묵1동121-110,1,,서울특별시 중랑구 묵1동 121-110,37.58803554,127.0994466,,,02-2094-2683,서울특별시 중랑구청,2026-02-26
묵1동121-151,1,,서울특별시 중랑구 묵1동 121-151,37.58838677,127.0988882,,,02-2094-2683,서울특별시 중랑구청,2026-02-26
묵1동3-5,1,,서울특별시 중랑구 묵1동 3-5,,,,,02-2094-2683,서울특별시 중랑구청,2026-02-26
묵1동121-106,1,,서울특별시 중랑구 묵1동 121-106,37.5885869,127.0979972,,,02-2094-2683,서울특별시 중랑구청,2026-02-26
묵1동121-93,1,,서울특별시 중랑구 묵1동 121-93,37.58900483,127.1014605,,,02-2094-2683,서울특별시 중랑구청,2026-02-26
묵1동121-128,1,,서울특별시 중랑구 묵1동 121-128,37.58827172,127.0978002,,,02-2094-2683,서울특별시 중랑구청,2026-02-26
묵1동121-122,1,,서울특별시 중랑구 묵1동 121-122,37.58814716,127.0977329,,,02-2094-2683,서울특별시 중랑구청,2026-02-26
묵1동121-125,1,,서울특별시 중랑구 묵1동 121-125,37.58799894,127.0978299,,,02-2094-2683,서울특별시 중랑구청,2026-02-26
묵1동122-255,1,,서울특별시 중랑구 묵1동 122-255,37.58755842,127.0976194,,,02-2094-2683,서울특별시 중랑구청,2026-02-26
묵1동121-61,1,,서울특별시 중랑구 묵1동 121-61,37.58756457,127.0974243,,,02-2094-2683,서울특별시 중랑구청,2026-02-26
묵1동121-140,1,,서울특별시 중랑구 묵1동 121-140,37.58756457,127.0974243,,,02-2094-2683,서울특별시 중랑구청,2026-02-26
묵1동121-144,1,,서울특별시 중랑구 묵1동 121-144,37.58775507,127.0972959,,,02-2094-2683,서울특별시 중랑구청,2026-02-26
묵1동121-145,1,,서울특별시 중랑구 묵1동 121-145,37.58784117,127.0972074,,,02-2094-2683,서울특별시 중랑구청,2026-02-26
묵1동121-68,1,,서울특별시 중랑구 묵1동 121-68,37.58880404,127.0980997,,,02-2094-2683,서울특별시 중랑구청,2026-02-26
묵1동145-1,1,,서울특별시 중랑구 묵1동 145-1,37.58897562,127.0976309,,,02-2094-2683,서울특별시 중랑구청,2026-02-26
묵1동121-63,1,,서울특별시 중랑구 묵1동 121-63,37.58878317,127.0975258,,,02-2094-2683,서울특별시 중랑구청,2026-02-26
묵1동224-8,1,,서울특별시 중랑구 묵1동 224-8,37.58869463,127.0974827,,,02-2094-2683,서울특별시 중랑구청,2026-02-26
묵1동156-28,1,,서울특별시 중랑구 묵1동 156-28,37.58851497,127.0973825,,,02-2094-2683,서울특별시 중랑구청,2026-02-26
묵1동178-3,1,,서울특별시 중랑구 묵1동 178-3,37.5883328,127.0974764,,,02-2094-2683,서울특별시 중랑구청,2026-02-26
묵1동178-1,1,,서울특별시 중랑구 묵1동 178-1,37.5881272,127.0973559,,,02-2094-2683,서울특별시 중랑구청,2026-02-26
묵1동173-32,1,,서울특별시 중랑구 묵1동 173-32,37.58827021,127.0971101,,,02-2094-2683,서울특별시 중랑구청,2026-02-26
묵1동178-10,1,,서울특별시 중랑구 묵1동 178-10,37.58796723,127.0974191,,,02-2094-2683,서울특별시 중랑구청,2026-02-26
묵1동177-35,1,,서울특별시 중랑구 묵1동 177-35,37.58889775,127.0974484,,,02-2094-2683,서울특별시 중랑구청,2026-02-26
묵1동383,1,,서울특별시 중랑구 묵1동 383,37.58792278,127.0971232,,,02-2094-2683,서울특별시 중랑구청,2026-02-26
묵1동177-31,1,,서울특별시 중랑구 묵1동 177-31,37.58763944,127.0980741,,,02-2094-2683,서울특별시 중랑구청,2026-02-26
묵1동178-22,1,,서울특별시 중랑구 묵1동 178-22,37.58722981,127.0972569,,,02-2094-2683,서울특별시 중랑구청,2026-02-26
묵1동178-19,1,,서울특별시 중랑구 묵1동 178-19,37.58722981,127.0972569,,,02-2094-2683,서울특별시 중랑구청,2026-02-26
묵1동176-26,1,,서울특별시 중랑구 묵1동 176-26,37.58763944,127.0980741,,,02-2094-2683,서울특별시 중랑구청,2026-02-26
묵1동176-8,1,,서울특별시 중랑구 묵1동 176-8,,,,,02-2094-2683,서울특별시 중랑구청,2026-02-26
묵1동176-5,1,,서울특별시 중랑구 묵1동 176-5,,,,,02-2094-2683,서울특별시 중랑구청,2026-02-26
묵1동176-39,1,,서울특별시 중랑구 묵1동 176-39,,,,,02-2094-2683,서울특별시 중랑구청,2026-02-26
묵1동176-22,1,,서울특별시 중랑구 묵1동 176-22,,,,,02-2094-2683,서울특별시 중랑구청,2026-02-26
묵1동176-20,1,,서울특별시 중랑구 묵1동 176-20,37.58749495,127.097166,,,02-2094-2683,서울특별시 중랑구청,2026-02-26
묵1동176-12,1,,서울특별시 중랑구 묵1동 176-12,37.58761276,127.0967774,,,02-2094-2683,서울특별시 중랑구청,2026-02-26
묵1동176-24,1,,서울특별시 중랑구 묵1동 176-24,37.58733658,127.0968155,,,02-2094-2683,서울특별시 중랑구청,2026-02-26
묵1동176-38,1,,서울특별시 중랑구 묵1동 176-38,37.58723137,127.0967798,,,02-2094-2683,서울특별시 중랑구청,2026-02-26
묵1동176-1,1,,서울특별시 중랑구 묵1동 176-1,,,,,02-2094-2683,서울특별시 중랑구청,2026-02-26
묵1동174-3,1,,서울특별시 중랑구 묵1동 174-3,37.58642788,127.0958768,,,02-2094-2683,서울특별시 중랑구청,2026-02-26
묵1동174-2,1,,서울특별시 중랑구 묵1동 174-2,37.58662763,127.095988,,,02-2094-2683,서울특별시 중랑구청,2026-02-26
묵1동174-31,1,,서울특별시 중랑구 묵1동 174-31,37.58736621,127.0960605,,,02-2094-2683,서울특별시 중랑구청,2026-02-26
묵1동174-23,1,,서울특별시 중랑구 묵1동 174-23,,,,,02-2094-2683,서울특별시 중랑구청,2026-02-26
묵1동171-4,1,,서울특별시 중랑구 묵1동 171-4,,,,,02-2094-2683,서울특별시 중랑구청,2026-02-26
묵1동171-36,1,,서울특별시 중랑구 묵1동 171-36,37.58768684,127.0965402,,,02-2094-2683,서울특별시 중랑구청,2026-02-26
묵1동173-15,1,,서울특별시 중랑구 묵1동 173-15,37.58778998,127.0962333,,,02-2094-2683,서울특별시 중랑구청,2026-02-26
묵1동173-22,1,,서울특별시 중랑구 묵1동 173-22,37.58659357,127.0956584,,,02-2094-2683,서울특별시 중랑구청,2026-02-26
묵1동173-10,1,,서울특별시 중랑구 묵1동 173-10,,,,,02-2094-2683,서울특별시 중랑구청,2026-02-26
묵1동173-35,1,,서울특별시 중랑구 묵1동 173-35,37.58575304,127.0954817,,,02-2094-2683,서울특별시 중랑구청,2026-02-26
묵1동174-20,1,,서울특별시 중랑구 묵1동 174-20,37.58555053,127.0952743,,,02-2094-2683,서울특별시 중랑구청,2026-02-26
묵1동121-307,1,,서울특별시 중랑구 묵1동 121-307,,,,,02-2094-2683,서울특별시 중랑구청,2026-02-26
묵1동121-25,1,,서울특별시 중랑구 묵1동 121-25,,,,,02-2094-2683,서울특별시 중랑구청,2026-02-26
묵1동173-28,1,,서울특별시 중랑구 묵1동 173-28,37.58606268,127.0963865,,,02-2094-2683,서울특별시 중랑구청,2026-02-26
묵1동172-35,1,,서울특별시 중랑구 묵1동 172-35,,,,,02-2094-2683,서울특별시 중랑구청,2026-02-26
묵1동172-31,1,,서울특별시 중랑구 묵1동 172-31,,,,,02-2094-2683,서울특별시 중랑구청,2026-02-26
묵1동171-35,1,,서울특별시 중랑구 묵1동 171-35,,,,,02-2094-2683,서울특별시 중랑구청,2026-02-26
묵1동171-33,1,,서울특별시 중랑구 묵1동 171-33,,,,,02-2094-2683,서울특별시 중랑구청,2026-02-26
묵1동171-13,1,,서울특별시 중랑구 묵1동 171-13,,,,,02-2094-2683,서울특별시 중랑구청,2026-02-26
묵1동171-15,1,,서울특별시 중랑구 묵1동 171-15,,,,,02-2094-2683,서울특별시 중랑구청,2026-02-26
묵1동171-17,1,,서울특별시 중랑구 묵1동 171-17,,,,,02-2094-2683,서울특별시 중랑구청,2026-02-26
묵1동171-29,1,,서울특별시 중랑구 묵1동 171-29,37.58497715,127.0970378,,,02-2094-2683,서울특별시 중랑구청,2026-02-26
묵1동172-6,1,,서울특별시 중랑구 묵1동 172-6,37.58449757,127.0975345,,,02-2094-2683,서울특별시 중랑구청,2026-02-26
묵1동122-119,1,,서울특별시 중랑구 묵1동 122-119,37.58449757,127.0975345,,,02-2094-2683,서울특별시 중랑구청,2026-02-26
묵1동184-21,1,,서울특별시 중랑구 묵1동 184-21,37.58432581,127.0975899,,,02-2094-2683,서울특별시 중랑구청,2026-02-26
묵1동187-31,1,,서울특별시 중랑구 묵1동 187-31,37.58432581,127.0975899,,,02-2094-2683,서울특별시 중랑구청,2026-02-26
묵1동172-13,1,,서울특별시 중랑구 묵1동 172-13,,,,,02-2094-2683,서울특별시 중랑구청,2026-02-26
묵1동122-167,1,,서울특별시 중랑구 묵1동 122-167,37.58528541,127.0954474,,,02-2094-2683,서울특별시 중랑구청,2026-02-26
묵1동172-18,1,,서울특별시 중랑구 묵1동 172-18,37.58539911,127.0949456,,,02-2094-2683,서울특별시 중랑구청,2026-02-26
묵1동121-268,1,,서울특별시 중랑구 묵1동 121-268,37.59015659,127.0975903,,,02-2094-2683,서울특별시 중랑구청,2026-02-26
묵1동121-271,1,,서울특별시 중랑구 묵1동 121-271,37.58450379,127.0945608,,,02-2094-2683,서울특별시 중랑구청,2026-02-26
묵1동121-249,1,,서울특별시 중랑구 묵1동 121-249,37.5848596,127.0947746,,,02-2094-2683,서울특별시 중랑구청,2026-02-26
묵1동121-252,1,,서울특별시 중랑구 묵1동 121-252,37.58450379,127.0945608,,,02-2094-2683,서울특별시 중랑구청,2026-02-26
묵1동77-47,1,,서울특별시 중랑구 묵1동 77-47,37.58367444,127.0939762,,,02-2094-2683,서울특별시 중랑구청,2026-02-26
묵1동121-45,1,,서울특별시 중랑구 묵1동 121-45,37.5835978,127.094498,,,02-2094-2683,서울특별시 중랑구청,2026-02-26
묵1동121-260,1,,서울특별시 중랑구 묵1동 121-260,37.58350401,127.094840,,,02-2094-2683,서울특별시 중랑구청,2026-02-26
묵1동381,1,,서울특별시 중랑구 묵1동 381,37.58350401,127.094840,,,02-2094-2683,서울특별시 중랑구청,2026-02-26
묵1동121-310,1,,서울특별시 중랑구 묵1동 121-310,37.58353448,127.095043,,,02-2094-2683,서울특별시 중랑구청,2026-02-26
묵1동177-21,1,,서울특별시 중랑구 묵1동 177-21,37.58330836,127.0949378,,,02-2094-2683,서울특별시 중랑구청,2026-02-26
묵1동121,1,,서울특별시 중랑구 묵1동 121,37.58350401,127.094840,,,02-2094-2683,서울특별시 중랑구청,2026-02-26
묵1동121-302,1,,서울특별시 중랑구 묵1동 121-302,37.58346018,127.0952182,,,02-2094-2683,서울특별시 중랑구청,2026-02-26
묵1동121-280,1,,서울특별시 중랑구 묵1동 121-280,,,,,02-2094-2683,서울특별시 중랑구청,2026-02-26
묵1동121-256,1,,서울특별시 중랑구 묵1동 121-256,37.58321795,127.0951693,,,02-2094-2683,서울특별시 중랑구청,2026-02-26
묵1동121-261,1,,서울특별시 중랑구 묵1동 121-261,37.58311868,127.0952137,,,02-2094-2683,서울특별시 중랑구청,2026-02-26
묵1동121-262,1,,서울특별시 중랑구 묵1동 121-262,37.58346018,127.0952182,,,02-2094-2683,서울특별시 중랑구청,2026-02-26
묵1동121-37,1,,서울특별시 중랑구 묵1동 121-37,37.58333283,127.0947185,,,02-2094-2683,서울특별시 중랑구청,2026-02-26
묵1동300-5,1,,서울특별시 중랑구 묵1동 300-5,37.58333283,127.0947185,,,02-2094-2683,서울특별시 중랑구청,2026-02-26
묵1동298-4,1,,서울특별시 중랑구 묵1동 298-4,37.58296061,127.0950769,,,02-2094-2683,서울특별시 중랑구청,2026-02-26
묵1동298-1,1,,서울특별시 중랑구 묵1동 298-1,37.58870818,127.1007763,,,02-2094-2683,서울특별시 중랑구청,2026-02-26
묵1동237-43,1,,서울특별시 중랑구 묵1동 237-43,37.58930484,127.0953177,,,02-2094-2683,서울특별시 중랑구청,2026-02-26
묵1동298-15,1,,서울특별시 중랑구 묵1동 298-15,37.58929433,127.0983617,,,02-2094-2683,서울특별시 중랑구청,2026-02-26
묵1동111-2,1,,서울특별시 중랑구 묵1동 111-2,37.58938553,127.0994141,,,02-2094-2683,서울특별시 중랑구청,2026-02-26
묵1동301-9,1,,서울특별시 중랑구 묵1동 301-9,,,,,02-2094-2683,서울특별시 중랑구청,2026-02-26
묵1동300-7,1,,서울특별시 중랑구 묵1동 300-7,37.5884124,127.0944291,,,02-2094-2683,서울특별시 중랑구청,2026-02-26
묵1동62-21,1,,서울특별시 중랑구 묵1동 62-21,37.58984289,127.0960154,,,02-2094-2683,서울특별시 중랑구청,2026-02-26
묵1동298-6,1,,서울특별시 중랑구 묵1동 298-6,37.58704884,127.1006428,,,02-2094-2683,서울특별시 중랑구청,2026-02-26
묵1동296-16,1,,서울특별시 중랑구 묵1동 296-16,37.58925705,127.0950309,,,02-2094-2683,서울특별시 중랑구청,2026-02-26
묵1동300-3,1,,서울특별시 중랑구 묵1동 300-3,,,,,02-2094-2683,서울특별시 중랑구청,2026-02-26
묵1동308-1,1,,서울특별시 중랑구 묵1동 308-1,37.59014091,127.0964869,,,02-2094-2683,서울특별시 중랑구청,2026-02-26
묵1동303-4,1,,서울특별시 중랑구 묵1동 303-4,37.58904939,127.1003446,,,02-2094-2683,서울특별시 중랑구청,2026-02-26
묵1동303-6,1,,서울특별시 중랑구 묵1동 303-6,37.5895031,127.0973663,,,02-2094-2683,서울특별시 중랑구청,2026-02-26
묵1동305-1,1,,서울특별시 중랑구 묵1동 305-1,37.59010385,127.098601,,,02-2094-2683,서울특별시 중랑구청,2026-02-26
묵1동302-1,1,,서울특별시 중랑구 묵1동 302-1,37.58800573,127.1005997,,,02-2094-2683,서울특별시 중랑구청,2026-02-26
묵1동302-12,1,,서울특별시 중랑구 묵1동 302-12,37.58870818,127.1007763,,,02-2094-2683,서울특별시 중랑구청,2026-02-26
묵1동58-6,1,,서울특별시 중랑구 묵1동 58-6,37.5884943,127.1010685,,,02-2094-2683,서울특별시 중랑구청,2026-02-26
묵1동109-21,1,,서울특별시 중랑구 묵1동 109-21,37.58757732,127.1015392,,,02-2094-2683,서울특별시 중랑구청,2026-02-26
묵1동109-5,1,,서울특별시 중랑구 묵1동 109-5,37.58699276,127.094928,,,02-2094-2683,서울특별시 중랑구청,2026-02-26
묵1동109-6,1,,서울특별시 중랑구 묵1동 109-6,37.58710039,127.1011624,,,02-2094-2683,서울특별시 중랑구청,2026-02-26
묵1동60-14,1,,서울특별시 중랑구 묵1동 60-14,37.58928736,127.0993643,,,02-2094-2683,서울특별시 중랑구청,2026-02-26
묵1동112-1,1,,서울특별시 중랑구 묵1동 112-1,37.5895031,127.0973663,,,02-2094-2683,서울특별시 중랑구청,2026-02-26
묵1동111-1,1,,서울특별시 중랑구 묵1동 111-1,37.58977709,127.0976917,,,02-2094-2683,서울특별시 중랑구청,2026-02-26
묵1동113-2,1,,서울특별시 중랑구 묵1동 113-2,37.58814699,127.0966318,,,02-2094-2683,서울특별시 중랑구청,2026-02-26
묵1동113-1,1,,서울특별시 중랑구 묵1동 113-1,37.58648211,127.0957748,,,02-2094-2683,서울특별시 중랑구청,2026-02-26
묵1동114-2,1,,서울특별시 중랑구 묵1동 114-2,37.58710109,127.0996937,,,02-2094-2683,서울특별시 중랑구청,2026-02-26
묵1동180-7,1,,서울특별시 중랑구 묵1동 180-7,37.58707252,127.099498,,,02-2094-2683,서울특별시 중랑구청,2026-02-26
묵1동116-7,1,,서울특별시 중랑구 묵1동 116-7,37.58721034,127.099530,,,02-2094-2683,서울특별시 중랑구청,2026-02-26
묵1동117-1,1,,서울특별시 중랑구 묵1동 117-1,37.58333127,127.0951915,,,02-2094-2683,서울특별시 중랑구청,2026-02-26
묵1동100-3,1,,서울특별시 중랑구 묵1동 100-3,37.58817471,127.0994889,,,02-2094-2683,서울특별시 중랑구청,2026-02-26
묵1동100-2,1,,서울특별시 중랑구 묵1동 100-2,37.58965447,127.0957162,,,02-2094-2683,서울특별시 중랑구청,2026-02-26
묵1동99-3,1,,서울특별시 중랑구 묵1동 99-3,37.58942373,127.0943577,,,02-2094-2683,서울특별시 중랑구청,2026-02-26
묵1동100-57,1,,서울특별시 중랑구 묵1동 100-57,,,,,02-2094-2683,서울특별시 중랑구청,2026-02-26
묵1동103-12,1,,서울특별시 중랑구 묵1동 103-12,37.58951915,127.0996249,,,02-2094-2683,서울특별시 중랑구청,2026-02-26
묵1동105-8,1,,서울특별시 중랑구 묵1동 105-8,37.58922087,127.0979563,,,02-2094-2683,서울특별시 중랑구청,2026-02-26
묵1동105-4,1,,서울특별시 중랑구 묵1동 105-4,37.5888551,127.0922185,,,02-2094-2683,서울특별시 중랑구청,2026-02-26
묵1동105-2,1,,서울특별시 중랑구 묵1동 105-2,37.5889142,127.092457,,,02-2094-2683,서울특별시 중랑구청,2026-02-26
묵1동63-11,1,,서울특별시 중랑구 묵1동 63-11,37.58904824,127.0930549,,,02-2094-2683,서울특별시 중랑구청,2026-02-26
묵1동63-10,1,,서울특별시 중랑구 묵1동 63-10,37.58914575,127.093035,,,02-2094-2683,서울특별시 중랑구청,2026-02-26
묵1동62-24,1,,서울특별시 중랑구 묵1동 62-24,37.5894702,127.0947225,,,02-2094-2683,서울특별시 중랑구청,2026-02-26
묵1동141,1,,서울특별시 중랑구 묵1동 141,37.58973411,127.0960535,,,02-2094-2683,서울특별시 중랑구청,2026-02-26
묵1동63-1,1,,서울특별시 중랑구 묵1동 63-1,37.5889096,127.0984772,,,02-2094-2683,서울특별시 중랑구청,2026-02-26
묵1동62-3,1,,서울특별시 중랑구 묵1동 62-3,,,,,02-2094-2683,서울특별시 중랑구청,2026-02-26
묵1동62-1,1,,서울특별시 중랑구 묵1동 62-1,37.58907502,127.0942776,,,02-2094-2683,서울특별시 중랑구청,2026-02-26
묵1동67-3,1,,서울특별시 중랑구 묵1동 67-3,37.58917634,127.0948914,,,02-2094-2683,서울특별시 중랑구청,2026-02-26
묵1동62-8,1,,서울특별시 중랑구 묵1동 62-8,37.58876671,127.0988917,,,02-2094-2683,서울특별시 중랑구청,2026-02-26
묵1동62,1,,서울특별시 중랑구 묵1동 62,37.58833937,127.098998,,,02-2094-2683,서울특별시 중랑구청,2026-02-26
묵1동61-3,1,,서울특별시 중랑구 묵1동 61-3,37.58689521,127.0948882,,,02-2094-2683,서울특별시 중랑구청,2026-02-26
묵1동61-4,1,,서울특별시 중랑구 묵1동 61-4,37.58963061,127.0955851,,,02-2094-2683,서울특별시 중랑구청,2026-02-26
묵1동60-4,1,,서울특별시 중랑구 묵1동 60-4,37.58190331,127.0896424,,,02-2094-2683,서울특별시 중랑구청,2026-02-26
묵1동60-8,1,,서울특별시 중랑구 묵1동 60-8,37.58228251,127.088841,,,02-2094-2683,서울특별시 중랑구청,2026-02-26
묵1동71-3,1,,서울특별시 중랑구 묵1동 71-3,37.58262837,127.0893325,,,02-2094-2683,서울특별시 중랑구청,2026-02-26
묵1동69-2,1,,서울특별시 중랑구 묵1동 69-2,37.58300996,127.0895692,,,02-2094-2683,서울특별시 중랑구청,2026-02-26
묵1동58-8,1,,서울특별시 중랑구 묵1동 58-8,37.58301912,127.089138,,,02-2094-2683,서울특별시 중랑구청,2026-02-26
묵1동71-1,1,,서울특별시 중랑구 묵1동 71-1,37.58413644,127.0874581,,,02-2094-2683,서울특별시 중랑구청,2026-02-26
묵1동75-7,1,,서울특별시 중랑구 묵1동 75-7,37.58773767,127.1006196,,,02-2094-2683,서울특별시 중랑구청,2026-02-26
묵1동57-13,1,,서울특별시 중랑구 묵1동 57-13,37.58786371,127.1003087,,,02-2094-2683,서울특별시 중랑구청,2026-02-26
묵1동57-9,1,,서울특별시 중랑구 묵1동 57-9,37.58789844,127.1001574,,,02-2094-2683,서울특별시 중랑구청,2026-02-26
묵1동57-15,1,,서울특별시 중랑구 묵1동 57-15,37.58880975,127.0943016,,,02-2094-2683,서울특별시 중랑구청,2026-02-26
묵1동57-4,1,,서울특별시 중랑구 묵1동 57-4,37.58765734,127.1004735,,,02-2094-2683,서울특별시 중랑구청,2026-02-26
묵1동304-1,1,,서울특별시 중랑구 묵1동 304-1,37.58718879,127.100409,,,02-2094-2683,서울특별시 중랑구청,2026-02-26
묵1동126-1,1,,서울특별시 중랑구 묵1동 126-1,37.58760889,127.0970994,,,02-2094-2683,서울특별시 중랑구청,2026-02-26
묵1동126-4,1,,서울특별시 중랑구 묵1동 126-4,37.58879038,127.1015839,,,02-2094-2683,서울특별시 중랑구청,2026-02-26
묵1동77-17,1,,서울특별시 중랑구 묵1동 77-17,37.58750705,127.1000101,,,02-2094-2683,서울특별시 중랑구청,2026-02-26
묵1동71-6,1,,서울특별시 중랑구 묵1동 71-6,37.58940779,127.0974103,,,02-2094-2683,서울특별시 중랑구청,2026-02-26
묵1동77-5,1,,서울특별시 중랑구 묵1동 77-5,37.58836555,127.0946496,,,02-2094-2683,서울특별시 중랑구청,2026-02-26
묵1동77-19,1,,서울특별시 중랑구 묵1동 77-19,37.57674222,127.0801498,,,02-2094-2683,서울특별시 중랑구청,2026-02-26
묵1동77-22,1,,서울특별시 중랑구 묵1동 77-22,,,,,02-2094-2683,서울특별시 중랑구청,2026-02-26
묵1동77-52,1,,서울특별시 중랑구 묵1동 77-52,37.57630786,127.0807866,,,02-2094-2683,서울특별시 중랑구청,2026-02-26
묵1동122-107,1,,서울특별시 중랑구 묵1동 122-107,37.57626064,127.0810598,,,02-2094-2683,서울특별시 중랑구청,2026-02-26
묵1동77-32,1,,서울특별시 중랑구 묵1동 77-32,37.57608692,127.0810832,,,02-2094-2683,서울특별시 중랑구청,2026-02-26
묵1동77-33,1,,서울특별시 중랑구 묵1동 77-33,37.57561587,127.0812297,,,02-2094-2683,서울특별시 중랑구청,2026-02-26
묵1동77-21,1,,서울특별시 중랑구 묵1동 77-21,37.57588261,127.0810211,,,02-2094-2683,서울특별시 중랑구청,2026-02-26
묵1동157-15,1,,서울특별시 중랑구 묵1동 157-15,37.57597777,127.0810073,,,02-2094-2683,서울특별시 중랑구청,2026-02-26
묵1동77-41,1,,서울특별시 중랑구 묵1동 77-41,37.57609339,127.080970,,,02-2094-2683,서울특별시 중랑구청,2026-02-26
묵1동81-21,1,,서울특별시 중랑구 묵1동 81-21,37.57634807,127.0814072,,,02-2094-2683,서울특별시 중랑구청,2026-02-26
묵1동81-22,1,,서울특별시 중랑구 묵1동 81-22,37.57428446,127.0796472,,,02-2094-2683,서울특별시 중랑구청,2026-02-26
묵1동81-3,1,,서울특별시 중랑구 묵1동 81-3,37.57618098,127.0817345,,,02-2094-2683,서울특별시 중랑구청,2026-02-26
묵1동81-15,1,,서울특별시 중랑구 묵1동 81-15,37.57619831,127.0819562,,,02-2094-2683,서울특별시 중랑구청,2026-02-26
묵1동82,1,,서울특별시 중랑구 묵1동 82,37.57612077,127.0821662,,,02-2094-2683,서울특별시 중랑구청,2026-02-26
묵1동82-2,1,,서울특별시 중랑구 묵1동 82-2,37.57621609,127.0821638,,,02-2094-2683,서울특별시 중랑구청,2026-02-26
묵1동68,1,,서울특별시 중랑구 묵1동 68,37.57637161,127.0842081,,,02-2094-2683,서울특별시 중랑구청,2026-02-26
묵1동68-2,1,,서울특별시 중랑구 묵1동 68-2,37.57642236,127.0823764,,,02-2094-2683,서울특별시 중랑구청,2026-02-26
묵1동25-4,1,,서울특별시 중랑구 묵1동 25-4,37.57641633,127.0822342,,,02-2094-2683,서울특별시 중랑구청,2026-02-26
묵1동154-26,1,,서울특별시 중랑구 묵1동 154-26,37.57241916,127.0832709,,,02-2094-2683,서울특별시 중랑구청,2026-02-26
묵1동154-15,1,,서울특별시 중랑구 묵1동 154-15,37.57592526,127.0827924,,,02-2094-2683,서울특별시 중랑구청,2026-02-26
묵1동154-18,1,,서울특별시 중랑구 묵1동 154-18,,,,,02-2094-2683,서울특별시 중랑구청,2026-02-26
묵1동154-6,1,,서울특별시 중랑구 묵1동 154-6,37.57626846,127.0816196,,,02-2094-2683,서울특별시 중랑구청,2026-02-26
묵1동154-13,1,,서울특별시 중랑구 묵1동 154-13,37.5761914,127.0830755,,,02-2094-2683,서울특별시 중랑구청,2026-02-26
묵1동154-2,1,,서울특별시 중랑구 묵1동 154-2,,,,,02-2094-2683,서울특별시 중랑구청,2026-02-26
묵1동49-42,1,,서울특별시 중랑구 묵1동 49-42,37.57637333,127.0830465,,,02-2094-2683,서울특별시 중랑구청,2026-02-26
묵1동43-19,1,,서울특별시 중랑구 묵1동 43-19,37.57629422,127.0831788,,,02-2094-2683,서울특별시 중랑구청,2026-02-26
묵1동35-22,1,,서울특별시 중랑구 묵1동 35-22,37.57623561,127.0834915,,,02-2094-2683,서울특별시 중랑구청,2026-02-26
묵1동50-3,1,,서울특별시 중랑구 묵1동 50-3,37.57641922,127.0836459,,,02-2094-2683,서울특별시 중랑구청,2026-02-26
묵1동43-11,1,,서울특별시 중랑구 묵1동 43-11,37.57623915,127.0838345,,,02-2094-2683,서울특별시 중랑구청,2026-02-26
묵1동43-9,1,,서울특별시 중랑구 묵1동 43-9,37.57653336,127.0837886,,,02-2094-2683,서울특별시 중랑구청,2026-02-26
묵1동153-1,1,,서울특별시 중랑구 묵1동 153-1,37.57651296,127.0834559,,,02-2094-2683,서울특별시 중랑구청,2026-02-26
묵1동43-10,1,,서울특별시 중랑구 묵1동 43-10,37.5764717,127.0829471,,,02-2094-2683,서울특별시 중랑구청,2026-02-26
묵1동49-45,1,,서울특별시 중랑구 묵1동 49-45,37.57652643,127.0840347,,,02-2094-2683,서울특별시 중랑구청,2026-02-26
묵1동153-11,1,,서울특별시 중랑구 묵1동 153-11,37.575923,127.0837031,,,02-2094-2683,서울특별시 중랑구청,2026-02-26
묵1동153-38,1,,서울특별시 중랑구 묵1동 153-38,37.5765178,127.0850169,,,02-2094-2683,서울특별시 중랑구청,2026-02-26
묵1동153-35,1,,서울특별시 중랑구 묵1동 153-35,37.57661461,127.084831,,,02-2094-2683,서울특별시 중랑구청,2026-02-26
묵1동153-16,1,,서울특별시 중랑구 묵1동 153-16,37.57649788,127.0845157,,,02-2094-2683,서울특별시 중랑구청,2026-02-26
묵1동153-26,1,,서울특별시 중랑구 묵1동 153-26,37.57656974,127.0842055,,,02-2094-2683,서울특별시 중랑구청,2026-02-26
묵1동156-4,1,,서울특별시 중랑구 묵1동 156-4,37.57611591,127.0840714,,,02-2094-2683,서울특별시 중랑구청,2026-02-26
묵1동156-37,1,,서울특별시 중랑구 묵1동 156-37,37.57614263,127.0843762,,,02-2094-2683,서울특별시 중랑구청,2026-02-26
묵1동156-18,1,,서울특별시 중랑구 묵1동 156-18,37.57617055,127.0846499,,,02-2094-2683,서울특별시 중랑구청,2026-02-26
묵1동156-3,1,,서울특별시 중랑구 묵1동 156-3,37.57617711,127.0849226,,,02-2094-2683,서울특별시 중랑구청,2026-02-26
묵1동156-22,1,,서울특별시 중랑구 묵1동 156-22,37.57606071,127.0846619,,,02-2094-2683,서울특별시 중랑구청,2026-02-26
묵1동156-8,1,,서울특별시 중랑구 묵1동 156-8,37.57551509,127.0832353,,,02-2094-2683,서울특별시 중랑구청,2026-02-26
묵1동156-9,1,,서울특별시 중랑구 묵1동 156-9,37.57570446,127.0842773,,,02-2094-2683,서울특별시 중랑구청,2026-02-26
묵1동156-25,1,,서울특별시 중랑구 묵1동 156-25,37.5756746,127.0847124,,,02-2094-2683,서울특별시 중랑구청,2026-02-26
묵1동156-31,1,,서울특별시 중랑구 묵1동 156-31,37.57561712,127.0845762,,,02-2094-2683,서울특별시 중랑구청,2026-02-26
묵1동155-15,1,,서울특별시 중랑구 묵1동 155-15,37.57544211,127.0847486,,,02-2094-2683,서울특별시 중랑구청,2026-02-26
묵1동155-17,1,,서울특별시 중랑구 묵1동 155-17,37.57546468,127.0843099,,,02-2094-2683,서울특별시 중랑구청,2026-02-26
묵1동155-19,1,,서울특별시 중랑구 묵1동 155-19,37.57540078,127.0839648,,,02-2094-2683,서울특별시 중랑구청,2026-02-26
묵1동155-4,1,,서울특별시 중랑구 묵1동 155-4,37.57548891,127.0839483,,,02-2094-2683,서울특별시 중랑구청,2026-02-26
묵1동155-23,1,,서울특별시 중랑구 묵1동 155-23,37.57522248,127.0836999,,,02-2094-2683,서울특별시 중랑구청,2026-02-26
묵1동155-26,1,,서울특별시 중랑구 묵1동 155-26,37.57545531,127.0836721,,,02-2094-2683,서울특별시 중랑구청,2026-02-26
묵1동155-2,1,,서울특별시 중랑구 묵1동 155-2,37.57523268,127.0831634,,,02-2094-2683,서울특별시 중랑구청,2026-02-26
묵1동155-29,1,,서울특별시 중랑구 묵1동 155-29,37.57496139,127.0829064,,,02-2094-2683,서울특별시 중랑구청,2026-02-26
묵1동155-33,1,,서울특별시 중랑구 묵1동 155-33,37.57563925,127.0833639,,,02-2094-2683,서울특별시 중랑구청,2026-02-26
묵1동155-34,1,,서울특별시 중랑구 묵1동 155-34,37.57563305,127.0837108,,,02-2094-2683,서울특별시 중랑구청,2026-02-26
묵1동155-6,1,,서울특별시 중랑구 묵1동 155-6,37.57567697,127.0839113,,,02-2094-2683,서울특별시 중랑구청,2026-02-26
묵1동157-18,1,,서울특별시 중랑구 묵1동 157-18,37.57585916,127.0838944,,,02-2094-2683,서울특별시 중랑구청,2026-02-26
묵1동157-22,1,,서울특별시 중랑구 묵1동 157-22,37.57574028,127.082932,,,02-2094-2683,서울특별시 중랑구청,2026-02-26
묵1동157-9,1,,서울특별시 중랑구 묵1동 157-9,37.57583416,127.0828047,,,02-2094-2683,서울특별시 중랑구청,2026-02-26
묵1동157-23,1,,서울특별시 중랑구 묵1동 157-23,37.57601628,127.0827648,,,02-2094-2683,서울특별시 중랑구청,2026-02-26
묵1동157-20,1,,서울특별시 중랑구 묵1동 157-20,37.57593715,127.0830585,,,02-2094-2683,서울특별시 중랑구청,2026-02-26
묵1동157-28,1,,서울특별시 중랑구 묵1동 157-28,37.5760361,127.0831509,,,02-2094-2683,서울특별시 중랑구청,2026-02-26
묵1동159-5,1,,서울특별시 중랑구 묵1동 159-5,37.57595555,127.0832907,,,02-2094-2683,서울특별시 중랑구청,2026-02-26
묵1동159-40,1,,서울특별시 중랑구 묵1동 159-40,37.57584823,127.0834297,,,02-2094-2683,서울특별시 중랑구청,2026-02-26
묵1동159-44,1,,서울특별시 중랑구 묵1동 159-44,37.5759154,127.0833598,,,02-2094-2683,서울특별시 중랑구청,2026-02-26
묵1동159-16,1,,서울특별시 중랑구 묵1동 159-16,37.57600598,127.0836977,,,02-2094-2683,서울특별시 중랑구청,2026-02-26
묵1동159-19,1,,서울특별시 중랑구 묵1동 159-19,37.57609681,127.083692,,,02-2094-2683,서울특별시 중랑구청,2026-02-26
묵1동159-30,1,,서울특별시 중랑구 묵1동 159-30,37.57599073,127.0838633,,,02-2094-2683,서울특별시 중랑구청,2026-02-26
묵1동159-37,1,,서울특별시 중랑구 묵1동 159-37,37.57595137,127.0825596,,,02-2094-2683,서울특별시 중랑구청,2026-02-26
묵1동159-42,1,,서울특별시 중랑구 묵1동 159-42,37.57598281,127.0824455,,,02-2094-2683,서울특별시 중랑구청,2026-02-26
묵1동159-14,1,,서울특별시 중랑구 묵1동 159-14,37.5758791,127.0823187,,,02-2094-2683,서울특별시 중랑구청,2026-02-26
묵1동158-19,1,,서울특별시 중랑구 묵1동 158-19,37.57574202,127.0822543,,,02-2094-2683,서울특별시 중랑구청,2026-02-26
묵1동158-22,1,,서울특별시 중랑구 묵1동 158-22,37.57581374,127.081853,,,02-2094-2683,서울특별시 중랑구청,2026-02-26
묵1동158-17,1,,서울특별시 중랑구 묵1동 158-17,37.57554041,127.0834875,,,02-2094-2683,서울특별시 중랑구청,2026-02-26
묵1동158-3,1,,서울특별시 중랑구 묵1동 158-3,37.57582114,127.081457,,,02-2094-2683,서울특별시 중랑구청,2026-02-26
묵1동164-24,1,,서울특별시 중랑구 묵1동 164-24,37.57542441,127.0814893,,,02-2094-2683,서울특별시 중랑구청,2026-02-26
묵1동166-4,1,,서울특별시 중랑구 묵1동 166-4,37.57545291,127.0818339,,,02-2094-2683,서울특별시 중랑구청,2026-02-26
묵1동161-15,1,,서울특별시 중랑구 묵1동 161-15,37.57552626,127.0819483,,,02-2094-2683,서울특별시 중랑구청,2026-02-26
묵1동380,1,,서울특별시 중랑구 묵1동 380,37.57553968,127.0820877,,,02-2094-2683,서울특별시 중랑구청,2026-02-26
묵1동160-7,1,,서울특별시 중랑구 묵1동 160-7,37.57539785,127.0821049,,,02-2094-2683,서울특별시 중랑구청,2026-02-26
묵1동160-22,1,,서울특별시 중랑구 묵1동 160-22,37.57551095,127.082202,,,02-2094-2683,서울특별시 중랑구청,2026-02-26
묵1동160-20,1,,서울특별시 중랑구 묵1동 160-20,37.5754547,127.0823613,,,02-2094-2683,서울특별시 중랑구청,2026-02-26
묵1동160-3,1,,서울특별시 중랑구 묵1동 160-3,37.57547075,127.0824809,,,02-2094-2683,서울특별시 중랑구청,2026-02-26
묵1동160-1,1,,서울특별시 중랑구 묵1동 160-1,37.57556104,127.0824669,,,02-2094-2683,서울특별시 중랑구청,2026-02-26
묵1동160-19,1,,서울특별시 중랑구 묵1동 160-19,37.57547832,127.082613,,,02-2094-2683,서울특별시 중랑구청,2026-02-26
묵1동160-9,1,,서울특별시 중랑구 묵1동 160-9,37.57533189,127.0826291,,,02-2094-2683,서울특별시 중랑구청,2026-02-26
묵1동168-1,1,,서울특별시 중랑구 묵1동 168-1,37.5753184,127.0816903,,,02-2094-2683,서울특별시 중랑구청,2026-02-26
묵1동168-4,1,,서울특별시 중랑구 묵1동 168-4,37.57519984,127.0815506,,,02-2094-2683,서울특별시 중랑구청,2026-02-26
묵1동168-2,1,,서울특별시 중랑구 묵1동 168-2,37.57498404,127.0815549,,,02-2094-2683,서울특별시 중랑구청,2026-02-26
묵1동166-16,1,,서울특별시 중랑구 묵1동 166-16,37.57505425,127.081653,,,02-2094-2683,서울특별시 중랑구청,2026-02-26
묵1동168-16,1,,서울특별시 중랑구 묵1동 168-16,37.57494505,127.0816644,,,02-2094-2683,서울특별시 중랑구청,2026-02-26
묵1동166-35,1,,서울특별시 중랑구 묵1동 166-35,37.57476527,127.0818301,,,02-2094-2683,서울특별시 중랑구청,2026-02-26
묵1동168-19,1,,서울특별시 중랑구 묵1동 168-19,37.57509191,127.082047,,,02-2094-2683,서울특별시 중랑구청,2026-02-26
묵1동166-33,1,,서울특별시 중랑구 묵1동 166-33,37.57498108,127.0820659,,,02-2094-2683,서울특별시 중랑구청,2026-02-26
묵1동166-15,1,,서울특별시 중랑구 묵1동 166-15,37.5749045,127.081929,,,02-2094-2683,서울특별시 중랑구청,2026-02-26
묵1동166-19,1,,서울특별시 중랑구 묵1동 166-19,37.57499784,127.0823173,,,02-2094-2683,서울특별시 중랑구청,2026-02-26
묵1동166-17,1,,서울특별시 중랑구 묵1동 166-17,37.57506102,127.082543,,,02-2094-2683,서울특별시 중랑구청,2026-02-26
묵1동166-31,1,,서울특별시 중랑구 묵1동 166-31,,,,,02-2094-2683,서울특별시 중랑구청,2026-02-26
묵1동166-1,1,,서울특별시 중랑구 묵1동 166-1,37.57513717,127.0826528,,,02-2094-2683,서울특별시 중랑구청,2026-02-26
묵1동169-24,1,,서울특별시 중랑구 묵1동 169-24,37.57504085,127.0826611,,,02-2094-2683,서울특별시 중랑구청,2026-02-26
묵1동163-13,1,,서울특별시 중랑구 묵1동 163-13,,,,,02-2094-2683,서울특별시 중랑구청,2026-02-26
묵1동163-14,1,,서울특별시 중랑구 묵1동 163-14,37.57491837,127.0823219,,,02-2094-2683,서울특별시 중랑구청,2026-02-26
묵1동162-10,1,,서울특별시 중랑구 묵1동 162-10,37.57463012,127.0817068,,,02-2094-2683,서울특별시 중랑구청,2026-02-26
묵1동162-6,1,,서울특별시 중랑구 묵1동 162-6,37.57452324,127.0816055,,,02-2094-2683,서울특별시 중랑구청,2026-02-26
묵1동163-5,1,,서울특별시 중랑구 묵1동 163-5,37.57484339,127.0815705,,,02-2094-2683,서울특별시 중랑구청,2026-02-26
묵1동163-21,1,,서울특별시 중랑구 묵1동 163-21,37.57490463,127.0812196,,,02-2094-2683,서울특별시 중랑구청,2026-02-26
묵1동163-18,1,,서울특별시 중랑구 묵1동 163-18,37.57482521,127.0811467,,,02-2094-2683,서울특별시 중랑구청,2026-02-26
묵1동163-26,1,,서울특별시 중랑구 묵1동 163-26,37.57463061,127.0811327,,,02-2094-2683,서울특별시 중랑구청,2026-02-26
묵1동126-24,1,,서울특별시 중랑구 묵1동 126-24,37.57179695,127.0855088,,,02-2094-2683,서울특별시 중랑구청,2026-02-26
묵1동128-41,1,,서울특별시 중랑구 묵1동 128-41,37.57461843,127.081017,,,02-2094-2683,서울특별시 중랑구청,2026-02-26
묵1동164-3,1,,서울특별시 중랑구 묵1동 164-3,37.57497477,127.0810198,,,02-2094-2683,서울특별시 중랑구청,2026-02-26
묵1동122-193,1,,서울특별시 중랑구 묵1동 122-193,37.57539561,127.0809162,,,02-2094-2683,서울특별시 중랑구청,2026-02-26
묵1동169-11,1,,서울특별시 중랑구 묵1동 169-11,37.57532741,127.0811612,,,02-2094-2683,서울특별시 중랑구청,2026-02-26
묵1동114-3,1,,서울특별시 중랑구 묵1동 114-3,37.57388498,127.0810804,,,02-2094-2683,서울특별시 중랑구청,2026-02-26
묵1동170-27,1,,서울특별시 중랑구 묵1동 170-27,37.57354987,127.0811269,,,02-2094-2683,서울특별시 중랑구청,2026-02-26
묵1동170-33,1,,서울특별시 중랑구 묵1동 170-33,37.5736746,127.0813388,,,02-2094-2683,서울특별시 중랑구청,2026-02-26
묵1동170-34,1,,서울특별시 중랑구 묵1동 170-34,37.5733768,127.0813626,,,02-2094-2683,서울특별시 중랑구청,2026-02-26
묵1동170-24,1,,서울특별시 중랑구 묵1동 170-24,37.57381751,127.0814479,,,02-2094-2683,서울특별시 중랑구청,2026-02-26
묵1동170-23,1,,서울특별시 중랑구 묵1동 170-23,37.57390148,127.0814488,,,02-2094-2683,서울특별시 중랑구청,2026-02-26
묵1동164-9,1,,서울특별시 중랑구 묵1동 164-9,37.57398203,127.0813214,,,02-2094-2683,서울특별시 중랑구청,2026-02-26
묵1동170-15,1,,서울특별시 중랑구 묵1동 170-15,37.573830,127.0812299,,,02-2094-2683,서울특별시 중랑구청,2026-02-26
묵1동164-22,1,,서울특별시 중랑구 묵1동 164-22,37.57414146,127.0816487,,,02-2094-2683,서울특별시 중랑구청,2026-02-26
묵1동164-25,1,,서울특별시 중랑구 묵1동 164-25,37.57404684,127.0816731,,,02-2094-2683,서울특별시 중랑구청,2026-02-26
묵1동10,1,,서울특별시 중랑구 묵1동 10,37.57407829,127.0819294,,,02-2094-2683,서울특별시 중랑구청,2026-02-26
묵1동10-1,1,,서울특별시 중랑구 묵1동 10-1,37.574017,127.0823387,,,02-2094-2683,서울특별시 중랑구청,2026-02-26
묵1동9-7,1,,서울특별시 중랑구 묵1동 9-7,37.57419453,127.0822885,,,02-2094-2683,서울특별시 중랑구청,2026-02-26
묵1동9-2,1,,서울특별시 중랑구 묵1동 9-2,37.57435935,127.082516,,,02-2094-2683,서울특별시 중랑구청,2026-02-26
묵1동9,1,,서울특별시 중랑구 묵1동 9,37.57412767,127.0825567,,,02-2094-2683,서울특별시 중랑구청,2026-02-26
묵1동3-6,1,,서울특별시 중랑구 묵1동 3-6,37.57399079,127.0828448,,,02-2094-2683,서울특별시 중랑구청,2026-02-26
묵1동39-5,1,,서울특별시 중랑구 묵1동 39-5,37.57411208,127.0828302,,,02-2094-2683,서울특별시 중랑구청,2026-02-26
묵1동176-16,1,,서울특별시 중랑구 묵1동 176-16,37.57447037,127.0827525,,,02-2094-2683,서울특별시 중랑구청,2026-02-26
묵1동103-2,1,,서울특별시 중랑구 묵1동 103-2,37.57427834,127.0822766,,,02-2094-2683,서울특별시 중랑구청,2026-02-26
묵1동63-7,1,,서울특별시 중랑구 묵1동 63-7,37.57407733,127.0821331,,,02-2094-2683,서울특별시 중랑구청,2026-02-26
묵1동160-10,1,,서울특별시 중랑구 묵1동 160-10,37.57414298,127.0817943,,,02-2094-2683,서울특별시 중랑구청,2026-02-26
묵1동178-21,1,,서울특별시 중랑구 묵1동 178-21,37.57426864,127.081961,,,02-2094-2683,서울특별시 중랑구청,2026-02-26
묵1동154-4,1,,서울특별시 중랑구 묵1동 154-4,37.57360263,127.0816999,,,02-2094-2683,서울특별시 중랑구청,2026-02-26
묵1동7-1,1,,서울특별시 중랑구 묵1동 7-1,37.57371275,127.0816699,,,02-2094-2683,서울특별시 중랑구청,2026-02-26
묵1동68-7,1,,서울특별시 중랑구 묵1동 68-7,37.57361352,127.0818399,,,02-2094-2683,서울특별시 중랑구청,2026-02-26
묵1동177-12,1,,서울특별시 중랑구 묵1동 177-12,37.57372788,127.0819489,,,02-2094-2683,서울특별시 중랑구청,2026-02-26
묵1동22-399,1,,서울특별시 중랑구 묵1동 22-399,37.57362678,127.0819579,,,02-2094-2683,서울특별시 중랑구청,2026-02-26
묵1동175-3,1,,서울특별시 중랑구 묵1동 175-3,37.57363824,127.0821851,,,02-2094-2683,서울특별시 중랑구청,2026-02-26
묵1동121-108,1,,서울특별시 중랑구 묵1동 121-108,37.57379217,127.0823912,,,02-2094-2683,서울특별시 중랑구청,2026-02-26
묵1동122-194,1,,서울특별시 중랑구 묵1동 122-194,37.57379028,127.0825108,,,02-2094-2683,서울특별시 중랑구청,2026-02-26
묵1동171-21,1,,서울특별시 중랑구 묵1동 171-21,37.57380039,127.082618,,,02-2094-2683,서울특별시 중랑구청,2026-02-26
묵1동166-34,1,,서울특별시 중랑구 묵1동 166-34,37.57371559,127.0827709,,,02-2094-2683,서울특별시 중랑구청,2026-02-26
묵1동128-67,1,,서울특별시 중랑구 묵1동 128-67,37.57351882,127.0828909,,,02-2094-2683,서울특별시 중랑구청,2026-02-26
묵1동165,1,,서울특별시 중랑구 묵1동 165,37.57359762,127.0825544,,,02-2094-2683,서울특별시 중랑구청,2026-02-26
묵1동187-18,1,,서울특별시 중랑구 묵1동 187-18,37.57346962,127.0823872,,,02-2094-2683,서울특별시 중랑구청,2026-02-26
묵1동121-66,1,,서울특별시 중랑구 묵1동 121-66,37.57356666,127.0822449,,,02-2094-2683,서울특별시 중랑구청,2026-02-26
묵1동202-19,1,,서울특별시 중랑구 묵1동 202-19,37.57342852,127.0820111,,,02-2094-2683,서울특별시 중랑구청,2026-02-26
묵1동173-24,1,,서울특별시 중랑구 묵1동 173-24,37.57342133,127.0818515,,,02-2094-2683,서울특별시 중랑구청,2026-02-26
묵1동122-222,1,,서울특별시 중랑구 묵1동 122-222,37.57324837,127.0816874,,,02-2094-2683,서울특별시 중랑구청,2026-02-26
묵1동122-94,1,,서울특별시 중랑구 묵1동 122-94,37.57326062,127.0818114,,,02-2094-2683,서울특별시 중랑구청,2026-02-26
묵1동181-56,1,,서울특별시 중랑구 묵1동 181-56,37.573184,127.0821362,,,02-2094-2683,서울특별시 중랑구청,2026-02-26
묵1동301-4,1,,서울특별시 중랑구 묵1동 301-4,37.57319366,127.0822272,,,02-2094-2683,서울특별시 중랑구청,2026-02-26
묵1동122-120,1,,서울특별시 중랑구 묵1동 122-120,,,,,02-2094-2683,서울특별시 중랑구청,2026-02-26
묵1동170-1,1,,서울특별시 중랑구 묵1동 170-1,37.57329174,127.0826789,,,02-2094-2683,서울특별시 중랑구청,2026-02-26
묵1동389,1,,서울특별시 중랑구 묵1동 389,37.57317874,127.0829463,,,02-2094-2683,서울특별시 중랑구청,2026-02-26
묵1동138-11,1,,서울특별시 중랑구 묵1동 138-11,37.57303319,127.0826266,,,02-2094-2683,서울특별시 중랑구청,2026-02-26
묵1동122-143,1,,서울특별시 중랑구 묵1동 122-143,37.57311416,127.0822745,,,02-2094-2683,서울특별시 중랑구청,2026-02-26
묵1동156-6,1,,서울특별시 중랑구 묵1동 156-6,37.57306036,127.0818971,,,02-2094-2683,서울특별시 중랑구청,2026-02-26
묵1동77-8,1,,서울특별시 중랑구 묵1동 77-8,37.57294414,127.0817545,,,02-2094-2683,서울특별시 중랑구청,2026-02-26
묵1동77-6,1,,서울특별시 중랑구 묵1동 77-6,37.57280439,127.0818947,,,02-2094-2683,서울특별시 중랑구청,2026-02-26
묵1동4-3,1,,서울특별시 중랑구 묵1동 4-3,37.57280439,127.0818947,,,02-2094-2683,서울특별시 중랑구청,2026-02-26
묵1동158-1,1,,서울특별시 중랑구 묵1동 158-1,37.5728367,127.0821616,,,02-2094-2683,서울특별시 중랑구청,2026-02-26
묵1동166-32,1,,서울특별시 중랑구 묵1동 166-32,37.57278141,127.0821656,,,02-2094-2683,서울특별시 중랑구청,2026-02-26
묵1동160-25,1,,서울특별시 중랑구 묵1동 160-25,37.57279602,127.0822752,,,02-2094-2683,서울특별시 중랑구청,2026-02-26
묵1동159-24,1,,서울특별시 중랑구 묵1동 159-24,37.5726397,127.082270,,,02-2094-2683,서울특별시 중랑구청,2026-02-26
묵1동128-42,1,,서울특별시 중랑구 묵1동 128-42,37.57279767,127.0827438,,,02-2094-2683,서울특별시 중랑구청,2026-02-26
묵1동157-1,1,,서울특별시 중랑구 묵1동 157-1,37.57288511,127.0825632,,,02-2094-2683,서울특별시 중랑구청,2026-02-26
묵1동122-344,1,,서울특별시 중랑구 묵1동 122-344,37.57286161,127.0830512,,,02-2094-2683,서울특별시 중랑구청,2026-02-26
묵1동122-63,1,,서울특별시 중랑구 묵1동 122-63,37.57281696,127.0828702,,,02-2094-2683,서울특별시 중랑구청,2026-02-26
묵1동121-265,1,,서울특별시 중랑구 묵1동 121-265,37.57261232,127.0817362,,,02-2094-2683,서울특별시 중랑구청,2026-02-26
묵1동122-379,1,,서울특별시 중랑구 묵1동 122-379,37.572687,127.0814975,,,02-2094-2683,서울특별시 중랑구청,2026-02-26
묵1동122-153,1,,서울특별시 중랑구 묵1동 122-153,37.57274834,127.0812651,,,02-2094-2683,서울특별시 중랑구청,2026-02-26
묵1동153-22,1,,서울특별시 중랑구 묵1동 153-22,37.57318531,127.0811438,,,02-2094-2683,서울특별시 중랑구청,2026-02-26
묵1동156-20,1,,서울특별시 중랑구 묵1동 156-20,37.57289158,127.0811547,,,02-2094-2683,서울특별시 중랑구청,2026-02-26
묵1동176-9,1,,서울특별시 중랑구 묵1동 176-9,37.57261931,127.0811444,,,02-2094-2683,서울특별시 중랑구청,2026-02-26
묵1동174-19,1,,서울특별시 중랑구 묵1동 174-19,37.57245706,127.0812499,,,02-2094-2683,서울특별시 중랑구청,2026-02-26
묵1동10-11,1,,서울특별시 중랑구 묵1동 10-11,37.57243101,127.0811337,,,02-2094-2683,서울특별시 중랑구청,2026-02-26
묵1동122-37,1,,서울특별시 중랑구 묵1동 122-37,37.57215727,127.0811574,,,02-2094-2683,서울특별시 중랑구청,2026-02-26
묵1동103-9,1,,서울특별시 중랑구 묵1동 103-9,37.57215289,127.0812282,,,02-2094-2683,서울특별시 중랑구청,2026-02-26
묵1동395,1,,서울특별시 중랑구 묵1동 395,37.57225012,127.0814747,,,02-2094-2683,서울특별시 중랑구청,2026-02-26
묵1동122-383,1,,서울특별시 중랑구 묵1동 122-383,37.571934,127.0814221,,,02-2094-2683,서울특별시 중랑구청,2026-02-26
묵1동181-51,1,,서울특별시 중랑구 묵1동 181-51,37.57191768,127.0813104,,,02-2094-2683,서울특별시 중랑구청,2026-02-26
묵1동174-24,1,,서울특별시 중랑구 묵1동 174-24,37.57194604,127.0810792,,,02-2094-2683,서울특별시 중랑구청,2026-02-26
묵1동77-40,1,,서울특별시 중랑구 묵1동 77-40,37.5718536,127.081073,,,02-2094-2683,서울특별시 중랑구청,2026-02-26
묵1동172-1,1,,서울특별시 중랑구 묵1동 172-1,37.57166802,127.0815675,,,02-2094-2683,서울특별시 중랑구청,2026-02-26
묵1동176-15,1,,서울특별시 중랑구 묵1동 176-15,37.57184345,127.082073,,,02-2094-2683,서울특별시 중랑구청,2026-02-26
묵1동177-22,1,,서울특별시 중랑구 묵1동 177-22,37.57165454,127.0821545,,,02-2094-2683,서울특별시 중랑구청,2026-02-26
묵1동128-28,1,,서울특별시 중랑구 묵1동 128-28,37.57159902,127.0823102,,,02-2094-2683,서울특별시 중랑구청,2026-02-26
묵1동163-7,1,,서울특별시 중랑구 묵1동 163-7,37.57168181,127.0825895,,,02-2094-2683,서울특별시 중랑구청,2026-02-26
묵1동143-1,1,,서울특별시 중랑구 묵1동 143-1,37.57158307,127.0827077,,,02-2094-2683,서울특별시 중랑구청,2026-02-26
묵1동296-3,1,,서울특별시 중랑구 묵1동 296-3,37.57187613,127.082631,,,02-2094-2683,서울특별시 중랑구청,2026-02-26
묵1동303-10,1,,서울특별시 중랑구 묵1동 303-10,37.57189156,127.0824607,,,02-2094-2683,서울특별시 중랑구청,2026-02-26
묵1동173-4,1,,서울특별시 중랑구 묵1동 173-4,37.57193184,127.082204,,,02-2094-2683,서울특별시 중랑구청,2026-02-26
묵1동180-37,1,,서울특별시 중랑구 묵1동 180-37,37.57189227,127.0819589,,,02-2094-2683,서울특별시 중랑구청,2026-02-26
묵1동181-61,1,,서울특별시 중랑구 묵1동 181-61,37.57192414,127.0816088,,,02-2094-2683,서울특별시 중랑구청,2026-02-26
묵1동122-286,1,,서울특별시 중랑구 묵1동 122-286,37.57218574,127.0819404,,,02-2094-2683,서울특별시 중랑구청,2026-02-26
묵1동169-18,1,,서울특별시 중랑구 묵1동 169-18,37.57220125,127.0828191,,,02-2094-2683,서울특별시 중랑구청,2026-02-26
묵1동126-61,1,,서울특별시 중랑구 묵1동 126-61,37.57240331,127.0830011,,,02-2094-2683,서울특별시 중랑구청,2026-02-26
묵1동 173-28,1,,서울특별시 중랑구 묵1동 173-28,37.613500,127.078500,,,02-2094-2683,서울특별시 중랑구청,2026-02-26
묵1동 173-20,1,,서울특별시 중랑구 묵1동 173-20,37.613300,127.078200,,,02-2094-2683,서울특별시 중랑구청,2026-02-26
묵1동 172-8,1,,서울특별시 중랑구 묵1동 172-8,37.612800,127.078900,,,02-2094-2683,서울특별시 중랑구청,2026-02-26
묵2동247-4,1,,서울특별시 중랑구 묵2동 247-4,37.57242648,127.0827265,,,02-2094-2683,서울특별시 중랑구청,2026-02-26
묵2동247-29,1,,서울특별시 중랑구 묵2동 247-29,37.57230963,127.0827117,,,02-2094-2683,서울특별시 중랑구청,2026-02-26
묵2동247-36,1,,서울특별시 중랑구 묵2동 247-36,37.5722368,127.0824996,,,02-2094-2683,서울특별시 중랑구청,2026-02-26
묵2동247-35,1,,서울특별시 중랑구 묵2동 247-35,37.57243859,127.0825365,,,02-2094-2683,서울특별시 중랑구청,2026-02-26
묵2동247-147,1,,서울특별시 중랑구 묵2동 247-147,37.57660122,127.0854097,,,02-2094-2683,서울특별시 중랑구청,2026-02-26
묵2동246-12,1,,서울특별시 중랑구 묵2동 246-12,37.57648951,127.0853818,,,02-2094-2683,서울특별시 중랑구청,2026-02-26
묵2동247-139,1,,서울특별시 중랑구 묵2동 247-139,37.57649661,127.0855294,,,02-2094-2683,서울특별시 중랑구청,2026-02-26
묵2동247-133,1,,서울특별시 중랑구 묵2동 247-133,37.57631544,127.0853842,,,02-2094-2683,서울특별시 중랑구청,2026-02-26
묵2동247-128,1,,서울특별시 중랑구 묵2동 247-128,37.57462837,127.0871813,,,02-2094-2683,서울특별시 중랑구청,2026-02-26
묵2동247-39,1,,서울특별시 중랑구 묵2동 247-39,37.5759391,127.0852542,,,02-2094-2683,서울특별시 중랑구청,2026-02-26
묵2동247-141,1,,서울특별시 중랑구 묵2동 247-141,37.5759792,127.0854984,,,02-2094-2683,서울특별시 중랑구청,2026-02-26
묵2동247-140,1,,서울특별시 중랑구 묵2동 247-140,37.57568877,127.0854186,,,02-2094-2683,서울특별시 중랑구청,2026-02-26
묵2동247-82,1,,서울특별시 중랑구 묵2동 247-82,37.57554125,127.0853362,,,02-2094-2683,서울특별시 중랑구청,2026-02-26
묵2동247-78,1,,서울특별시 중랑구 묵2동 247-78,37.57575994,127.0853115,,,02-2094-2683,서울특별시 중랑구청,2026-02-26
묵2동247-73,1,,서울특별시 중랑구 묵2동 247-73,37.57552316,127.085052,,,02-2094-2683,서울특별시 중랑구청,2026-02-26
묵2동247-55,1,,서울특별시 중랑구 묵2동 247-55,37.57537709,127.0850845,,,02-2094-2683,서울특별시 중랑구청,2026-02-26
묵2동247-76,1,,서울특별시 중랑구 묵2동 247-76,37.57426992,127.0847441,,,02-2094-2683,서울특별시 중랑구청,2026-02-26
묵2동247-92,1,,서울특별시 중랑구 묵2동 247-92,37.57422581,127.0844464,,,02-2094-2683,서울특별시 중랑구청,2026-02-26
묵2동247-99,1,,서울특별시 중랑구 묵2동 247-99,37.57455294,127.0844704,,,02-2094-2683,서울특별시 중랑구청,2026-02-26
묵2동247-94,1,,서울특별시 중랑구 묵2동 247-94,37.57473728,127.0847319,,,02-2094-2683,서울특별시 중랑구청,2026-02-26
묵2동247-101,1,,서울특별시 중랑구 묵2동 247-101,37.5746947,127.0845516,,,02-2094-2683,서울특별시 중랑구청,2026-02-26
묵2동122-312,1,,서울특별시 중랑구 묵2동 122-312,37.57447954,127.0844272,,,02-2094-2683,서울특별시 중랑구청,2026-02-26
묵2동247-112,1,,서울특별시 중랑구 묵2동 247-112,37.57395745,127.0842536,,,02-2094-2683,서울특별시 중랑구청,2026-02-26
묵2동247-117,1,,서울특별시 중랑구 묵2동 247-117,37.57389563,127.0845221,,,02-2094-2683,서울특별시 중랑구청,2026-02-26
묵2동247-121,1,,서울특별시 중랑구 묵2동 247-121,37.57377543,127.0841476,,,02-2094-2683,서울특별시 중랑구청,2026-02-26
묵2동247-47,1,,서울특별시 중랑구 묵2동 247-47,37.57353248,127.0839628,,,02-2094-2683,서울특별시 중랑구청,2026-02-26
묵2동247-49,1,,서울특별시 중랑구 묵2동 247-49,37.57452572,127.0824668,,,02-2094-2683,서울특별시 중랑구청,2026-02-26
묵2동247-43,1,,서울특별시 중랑구 묵2동 247-43,37.57303743,127.083644,,,02-2094-2683,서울특별시 중랑구청,2026-02-26
묵2동247-9,1,,서울특별시 중랑구 묵2동 247-9,37.57241916,127.0832709,,,02-2094-2683,서울특별시 중랑구청,2026-02-26
묵2동247-149,1,,서울특별시 중랑구 묵2동 247-149,37.57236587,127.0834472,,,02-2094-2683,서울특별시 중랑구청,2026-02-26
묵2동247-26,1,,서울특별시 중랑구 묵2동 247-26,37.57244092,127.0835777,,,02-2094-2683,서울특별시 중랑구청,2026-02-26
묵2동247-27,1,,서울특별시 중랑구 묵2동 247-27,37.57236587,127.0834472,,,02-2094-2683,서울특별시 중랑구청,2026-02-26
묵2동247-1,1,,서울특별시 중랑구 묵2동 247-1,37.57324261,127.083991,,,02-2094-2683,서울특별시 중랑구청,2026-02-26
묵2동243-114,1,,서울특별시 중랑구 묵2동 243-114,37.57200265,127.0832376,,,02-2094-2683,서울특별시 중랑구청,2026-02-26
묵2동243-97,1,,서울특별시 중랑구 묵2동 243-97,,,,,02-2094-2683,서울특별시 중랑구청,2026-02-26
묵2동243-88,1,,서울특별시 중랑구 묵2동 243-88,37.57160013,127.0830499,,,02-2094-2683,서울특별시 중랑구청,2026-02-26
묵2동246-36,1,,서울특별시 중랑구 묵2동 246-36,37.57178885,127.0833562,,,02-2094-2683,서울특별시 중랑구청,2026-02-26
묵2동246-16,1,,서울특별시 중랑구 묵2동 246-16,37.5716767,127.0839599,,,02-2094-2683,서울특별시 중랑구청,2026-02-26
묵2동238-96,1,,서울특별시 중랑구 묵2동 238-96,37.57191078,127.0839634,,,02-2094-2683,서울특별시 중랑구청,2026-02-26
묵2동246-30,1,,서울특별시 중랑구 묵2동 246-30,37.57225791,127.0842493,,,02-2094-2683,서울특별시 중랑구청,2026-02-26
묵2동246-28,1,,서울특별시 중랑구 묵2동 246-28,37.57262382,127.084347,,,02-2094-2683,서울특별시 중랑구청,2026-02-26
묵2동246-24,1,,서울특별시 중랑구 묵2동 246-24,37.57283094,127.0846229,,,02-2094-2683,서울특별시 중랑구청,2026-02-26
묵2동233-75,1,,서울특별시 중랑구 묵2동 233-75,37.57290005,127.0842387,,,02-2094-2683,서울특별시 중랑구청,2026-02-26
묵2동249-53,1,,서울특별시 중랑구 묵2동 249-53,37.57256256,127.0847269,,,02-2094-2683,서울특별시 중랑구청,2026-02-26
묵2동249-41,1,,서울특별시 중랑구 묵2동 249-41,37.57236564,127.085152,,,02-2094-2683,서울특별시 중랑구청,2026-02-26
묵2동249-51,1,,서울특별시 중랑구 묵2동 249-51,37.57218043,127.0844932,,,02-2094-2683,서울특별시 중랑구청,2026-02-26
묵2동249-46,1,,서울특별시 중랑구 묵2동 249-46,37.57187574,127.0843177,,,02-2094-2683,서울특별시 중랑구청,2026-02-26
묵2동249-58,1,,서울특별시 중랑구 묵2동 249-58,37.57159023,127.0841745,,,02-2094-2683,서울특별시 중랑구청,2026-02-26
묵2동249-60,1,,서울특별시 중랑구 묵2동 249-60,37.57152122,127.0842894,,,02-2094-2683,서울특별시 중랑구청,2026-02-26
묵2동249-144,1,,서울특별시 중랑구 묵2동 249-144,37.57131384,127.0843747,,,02-2094-2683,서울특별시 중랑구청,2026-02-26
묵2동249-69,1,,서울특별시 중랑구 묵2동 249-69,37.57127712,127.0847032,,,02-2094-2683,서울특별시 중랑구청,2026-02-26
묵2동249-80,1,,서울특별시 중랑구 묵2동 249-80,37.57630786,127.0807866,,,02-2094-2683,서울특별시 중랑구청,2026-02-26
묵2동249-52,1,,서울특별시 중랑구 묵2동 249-52,37.57155383,127.0845508,,,02-2094-2683,서울특별시 중랑구청,2026-02-26
묵2동249-85,1,,서울특별시 중랑구 묵2동 249-85,37.57176226,127.0848846,,,02-2094-2683,서울특별시 중랑구청,2026-02-26
묵2동249-121,1,,서울특별시 중랑구 묵2동 249-121,37.57173215,127.0846644,,,02-2094-2683,서울특별시 중랑구청,2026-02-26
묵2동249-2,1,,서울특별시 중랑구 묵2동 249-2,37.57204135,127.0845631,,,02-2094-2683,서울특별시 중랑구청,2026-02-26
묵2동249-97,1,,서울특별시 중랑구 묵2동 249-97,37.57192833,127.0849872,,,02-2094-2683,서울특별시 중랑구청,2026-02-26
묵2동249-4,1,,서울특별시 중랑구 묵2동 249-4,37.57212643,127.0852775,,,02-2094-2683,서울특별시 중랑구청,2026-02-26
묵2동249-100,1,,서울특별시 중랑구 묵2동 249-100,37.57259659,127.0852189,,,02-2094-2683,서울특별시 중랑구청,2026-02-26
묵2동249-93,1,,서울특별시 중랑구 묵2동 249-93,37.57268226,127.0853598,,,02-2094-2683,서울특별시 중랑구청,2026-02-26
묵2동249-32,1,,서울특별시 중랑구 묵2동 249-32,37.57282094,127.0852523,,,02-2094-2683,서울특별시 중랑구청,2026-02-26
묵2동249-92,1,,서울특별시 중랑구 묵2동 249-92,37.57286901,127.0854816,,,02-2094-2683,서울특별시 중랑구청,2026-02-26
묵2동249-28,1,,서울특별시 중랑구 묵2동 249-28,37.5728267,127.085849,,,02-2094-2683,서울특별시 중랑구청,2026-02-26
묵2동249-27,1,,서울특별시 중랑구 묵2동 249-27,37.57265988,127.0859318,,,02-2094-2683,서울특별시 중랑구청,2026-02-26
묵2동249-21,1,,서울특별시 중랑구 묵2동 249-21,37.57269018,127.0854936,,,02-2094-2683,서울특별시 중랑구청,2026-02-26
묵2동249-25,1,,서울특별시 중랑구 묵2동 249-25,37.57242226,127.0856447,,,02-2094-2683,서울특별시 중랑구청,2026-02-26
묵2동248-20,1,,서울특별시 중랑구 묵2동 248-20,37.57200275,127.0856143,,,02-2094-2683,서울특별시 중랑구청,2026-02-26
묵2동248-100,1,,서울특별시 중랑구 묵2동 248-100,37.57200168,127.0857499,,,02-2094-2683,서울특별시 중랑구청,2026-02-26
묵2동248-5,1,,서울특별시 중랑구 묵2동 248-5,37.57179695,127.0855088,,,02-2094-2683,서울특별시 중랑구청,2026-02-26
묵2동248-4,1,,서울특별시 중랑구 묵2동 248-4,37.57173322,127.0858054,,,02-2094-2683,서울특별시 중랑구청,2026-02-26
묵2동248-123,1,,서울특별시 중랑구 묵2동 248-123,37.57160232,127.0858975,,,02-2094-2683,서울특별시 중랑구청,2026-02-26
묵2동248-127,1,,서울특별시 중랑구 묵2동 248-127,37.57179695,127.0855088,,,02-2094-2683,서울특별시 중랑구청,2026-02-26
묵2동248-27,1,,서울특별시 중랑구 묵2동 248-27,37.57181585,127.0852919,,,02-2094-2683,서울특별시 중랑구청,2026-02-26
묵2동248-134,1,,서울특별시 중랑구 묵2동 248-134,37.57161501,127.0851746,,,02-2094-2683,서울특별시 중랑구청,2026-02-26
묵2동248-97,1,,서울특별시 중랑구 묵2동 248-97,37.57127021,127.0852852,,,02-2094-2683,서울특별시 중랑구청,2026-02-26
묵2동248-32,1,,서울특별시 중랑구 묵2동 248-32,37.5710846,127.0854193,,,02-2094-2683,서울특별시 중랑구청,2026-02-26
묵2동248-30,1,,서울특별시 중랑구 묵2동 248-30,37.57137602,127.0854938,,,02-2094-2683,서울특별시 중랑구청,2026-02-26
묵2동248-26,1,,서울특별시 중랑구 묵2동 248-26,37.57139903,127.0858203,,,02-2094-2683,서울특별시 중랑구청,2026-02-26
묵2동248-18,1,,서울특별시 중랑구 묵2동 248-18,37.57107856,127.0858014,,,02-2094-2683,서울특별시 중랑구청,2026-02-26
묵2동248-10,1,,서울특별시 중랑구 묵2동 248-10,37.5712573,127.0848177,,,02-2094-2683,서울특별시 중랑구청,2026-02-26
묵2동248-65,1,,서울특별시 중랑구 묵2동 248-65,37.57179612,127.0850449,,,02-2094-2683,서울특별시 중랑구청,2026-02-26
묵2동248-56,1,,서울특별시 중랑구 묵2동 248-56,37.57329174,127.0826789,,,02-2094-2683,서울특별시 중랑구청,2026-02-26
묵2동248-59,1,,서울특별시 중랑구 묵2동 248-59,37.5761914,127.0830755,,,02-2094-2683,서울특별시 중랑구청,2026-02-26
묵2동248-41,1,,서울특별시 중랑구 묵2동 248-41,37.57465303,127.0866062,,,02-2094-2683,서울특별시 중랑구청,2026-02-26
묵2동248-36,1,,서울특별시 중랑구 묵2동 248-36,,,,,02-2094-2683,서울특별시 중랑구청,2026-02-26
묵2동248-88,1,,서울특별시 중랑구 묵2동 248-88,,,,,02-2094-2683,서울특별시 중랑구청,2026-02-26
묵2동235-61,1,,서울특별시 중랑구 묵2동 235-61,,,,,02-2094-2683,서울특별시 중랑구청,2026-02-26
묵2동248-76,1,,서울특별시 중랑구 묵2동 248-76,,,,,02-2094-2683,서울특별시 중랑구청,2026-02-26
묵2동242-66,1,,서울특별시 중랑구 묵2동 242-66,,,,,02-2094-2683,서울특별시 중랑구청,2026-02-26
묵2동242-60,1,,서울특별시 중랑구 묵2동 242-60,,,,,02-2094-2683,서울특별시 중랑구청,2026-02-26
묵2동242-64,1,,서울특별시 중랑구 묵2동 242-64,,,,,02-2094-2683,서울특별시 중랑구청,2026-02-26
묵2동242-32,1,,서울특별시 중랑구 묵2동 242-32,,,,,02-2094-2683,서울특별시 중랑구청,2026-02-26
묵2동242-34,1,,서울특별시 중랑구 묵2동 242-34,,,,,02-2094-2683,서울특별시 중랑구청,2026-02-26
묵2동242-35,1,,서울특별시 중랑구 묵2동 242-35,,,,,02-2094-2683,서울특별시 중랑구청,2026-02-26
묵2동242-37,1,,서울특별시 중랑구 묵2동 242-37,,,,,02-2094-2683,서울특별시 중랑구청,2026-02-26
묵2동242-39,1,,서울특별시 중랑구 묵2동 242-39,37.57211445,127.0876132,,,02-2094-2683,서울특별시 중랑구청,2026-02-26
묵2동242-45,1,,서울특별시 중랑구 묵2동 242-45,,,,,02-2094-2683,서울특별시 중랑구청,2026-02-26
묵2동242-40,1,,서울특별시 중랑구 묵2동 242-40,37.57211445,127.0876132,,,02-2094-2683,서울특별시 중랑구청,2026-02-26
묵2동242-50,1,,서울특별시 중랑구 묵2동 242-50,37.57167923,127.0877842,,,02-2094-2683,서울특별시 중랑구청,2026-02-26
묵2동243-155,1,,서울특별시 중랑구 묵2동 243-155,37.57157011,127.0877997,,,02-2094-2683,서울특별시 중랑구청,2026-02-26
묵2동233-106,1,,서울특별시 중랑구 묵2동 233-106,37.57099244,127.0879738,,,02-2094-2683,서울특별시 중랑구청,2026-02-26
묵2동242-101,1,,서울특별시 중랑구 묵2동 242-101,37.57091338,127.0874269,,,02-2094-2683,서울특별시 중랑구청,2026-02-26
묵2동242-99,1,,서울특별시 중랑구 묵2동 242-99,37.5713219,127.0874249,,,02-2094-2683,서울특별시 중랑구청,2026-02-26
묵2동242-89,1,,서울특별시 중랑구 묵2동 242-89,37.57162671,127.0874188,,,02-2094-2683,서울특별시 중랑구청,2026-02-26
묵2동242-16,1,,서울특별시 중랑구 묵2동 242-16,37.57167367,127.0876293,,,02-2094-2683,서울특별시 중랑구청,2026-02-26
묵2동242-17,1,,서울특별시 중랑구 묵2동 242-17,37.57117268,127.0870704,,,02-2094-2683,서울특별시 중랑구청,2026-02-26
묵2동242-21,1,,서울특별시 중랑구 묵2동 242-21,37.5711565,127.0872694,,,02-2094-2683,서울특별시 중랑구청,2026-02-26
묵2동242-69,1,,서울특별시 중랑구 묵2동 242-69,37.57090175,127.087080,,,02-2094-2683,서울특별시 중랑구청,2026-02-26
묵2동242-28,1,,서울특별시 중랑구 묵2동 242-28,37.57092898,127.0869252,,,02-2094-2683,서울특별시 중랑구청,2026-02-26
묵2동242-71,1,,서울특별시 중랑구 묵2동 242-71,37.57095531,127.0864021,,,02-2094-2683,서울특별시 중랑구청,2026-02-26
묵2동242-115,1,,서울특별시 중랑구 묵2동 242-115,37.57116835,127.0867159,,,02-2094-2683,서울특별시 중랑구청,2026-02-26
묵2동242-3,1,,서울특별시 중랑구 묵2동 242-3,37.57150561,127.0866935,,,02-2094-2683,서울특별시 중랑구청,2026-02-26
묵2동377,1,,서울특별시 중랑구 묵2동 377,,,,,02-2094-2683,서울특별시 중랑구청,2026-02-26
묵2동242-87,1,,서울특별시 중랑구 묵2동 242-87,37.571626,127.0869131,,,02-2094-2683,서울특별시 중랑구청,2026-02-26
묵2동385,1,,서울특별시 중랑구 묵2동 385,,,,,02-2094-2683,서울특별시 중랑구청,2026-02-26
묵2동243-161,1,,서울특별시 중랑구 묵2동 243-161,,,,,02-2094-2683,서울특별시 중랑구청,2026-02-26
묵2동243-135,1,,서울특별시 중랑구 묵2동 243-135,,,,,02-2094-2683,서울특별시 중랑구청,2026-02-26
묵2동243-136,1,,서울특별시 중랑구 묵2동 243-136,37.57329174,127.0826789,,,02-2094-2683,서울특별시 중랑구청,2026-02-26
묵2동393,1,,서울특별시 중랑구 묵2동 393,37.57466835,127.087336,,,02-2094-2683,서울특별시 중랑구청,2026-02-26
묵2동243-150,1,,서울특별시 중랑구 묵2동 243-150,37.57430227,127.0875849,,,02-2094-2683,서울특별시 중랑구청,2026-02-26
묵2동243-71,1,,서울특별시 중랑구 묵2동 243-71,37.57430227,127.0875849,,,02-2094-2683,서울특별시 중랑구청,2026-02-26
묵2동247-130,1,,서울특별시 중랑구 묵2동 247-130,37.57442026,127.0878746,,,02-2094-2683,서울특별시 중랑구청,2026-02-26
묵2동243-83,1,,서울특별시 중랑구 묵2동 243-83,37.57428827,127.0877434,,,02-2094-2683,서울특별시 중랑구청,2026-02-26
묵2동243-52,1,,서울특별시 중랑구 묵2동 243-52,37.57453541,127.0879919,,,02-2094-2683,서울특별시 중랑구청,2026-02-26
묵2동243-85,1,,서울특별시 중랑구 묵2동 243-85,37.57485205,127.088192,,,02-2094-2683,서울특별시 중랑구청,2026-02-26
묵2동243-44,1,,서울특별시 중랑구 묵2동 243-44,,,,,02-2094-2683,서울특별시 중랑구청,2026-02-26
묵2동243-32,1,,서울특별시 중랑구 묵2동 243-32,37.57485591,127.0884591,,,02-2094-2683,서울특별시 중랑구청,2026-02-26
묵2동243-38,1,,서울특별시 중랑구 묵2동 243-38,37.57511654,127.0886059,,,02-2094-2683,서울특별시 중랑구청,2026-02-26
묵2동243-87,1,,서울특별시 중랑구 묵2동 243-87,37.57511079,127.088714,,,02-2094-2683,서울특별시 중랑구청,2026-02-26
묵2동243-99,1,,서울특별시 중랑구 묵2동 243-99,37.57507137,127.0887725,,,02-2094-2683,서울특별시 중랑구청,2026-02-26
묵2동243-103,1,,서울특별시 중랑구 묵2동 243-103,37.57505221,127.0883685,,,02-2094-2683,서울특별시 중랑구청,2026-02-26
묵2동243-79,1,,서울특별시 중랑구 묵2동 243-79,37.57520556,127.0884853,,,02-2094-2683,서울특별시 중랑구청,2026-02-26
묵2동243-74,1,,서울특별시 중랑구 묵2동 243-74,,,,,02-2094-2683,서울특별시 중랑구청,2026-02-26
묵2동243-107,1,,서울특별시 중랑구 묵2동 243-107,37.57544946,127.0878845,,,02-2094-2683,서울특별시 중랑구청,2026-02-26
묵2동243-101,1,,서울특별시 중랑구 묵2동 243-101,37.57553101,127.0878744,,,02-2094-2683,서울특별시 중랑구청,2026-02-26
묵2동243-112,1,,서울특별시 중랑구 묵2동 243-112,37.57597383,127.0879023,,,02-2094-2683,서울특별시 중랑구청,2026-02-26
묵2동243-115,1,,서울특별시 중랑구 묵2동 243-115,37.57547543,127.0876137,,,02-2094-2683,서울특별시 중랑구청,2026-02-26
묵2동243-122,1,,서울특별시 중랑구 묵2동 243-122,37.57522339,127.0876563,,,02-2094-2683,서울특별시 중랑구청,2026-02-26
묵2동243-130,1,,서울특별시 중랑구 묵2동 243-130,37.57575732,127.0859476,,,02-2094-2683,서울특별시 중랑구청,2026-02-26
묵2동243-137,1,,서울특별시 중랑구 묵2동 243-137,37.57520491,127.0875522,,,02-2094-2683,서울특별시 중랑구청,2026-02-26
묵2동243-140,1,,서울특별시 중랑구 묵2동 243-140,37.57529547,127.0875399,,,02-2094-2683,서울특별시 중랑구청,2026-02-26
묵2동245-22,1,,서울특별시 중랑구 묵2동 245-22,37.57559735,127.087352,,,02-2094-2683,서울특별시 중랑구청,2026-02-26
묵2동243-143,1,,서울특별시 중랑구 묵2동 243-143,37.5755699,127.0875574,,,02-2094-2683,서울특별시 중랑구청,2026-02-26
묵2동243-9,1,,서울특별시 중랑구 묵2동 243-9,37.57588178,127.0877279,,,02-2094-2683,서울특별시 중랑구청,2026-02-26
묵2동243-18,1,,서울특별시 중랑구 묵2동 243-18,37.57616562,127.087821,,,02-2094-2683,서울특별시 중랑구청,2026-02-26
묵2동243-22,1,,서울특별시 중랑구 묵2동 243-22,37.57638686,127.0878839,,,02-2094-2683,서울특별시 중랑구청,2026-02-26
묵2동250-17,1,,서울특별시 중랑구 묵2동 250-17,37.57652698,127.0878991,,,02-2094-2683,서울특별시 중랑구청,2026-02-26
묵2동250-28,1,,서울특별시 중랑구 묵2동 250-28,37.57573001,127.0874267,,,02-2094-2683,서울특별시 중랑구청,2026-02-26
묵2동250-21,1,,서울특별시 중랑구 묵2동 250-21,37.57556451,127.0871704,,,02-2094-2683,서울특별시 중랑구청,2026-02-26
묵2동250-14,1,,서울특별시 중랑구 묵2동 250-14,37.57576593,127.0872196,,,02-2094-2683,서울특별시 중랑구청,2026-02-26
묵2동250-61,1,,서울특별시 중랑구 묵2동 250-61,37.57614093,127.0873348,,,02-2094-2683,서울특별시 중랑구청,2026-02-26
묵2동250-29,1,,서울특별시 중랑구 묵2동 250-29,37.57673024,127.0868896,,,02-2094-2683,서울특별시 중랑구청,2026-02-26
묵2동250-25,1,,서울특별시 중랑구 묵2동 250-25,37.57656165,127.0870267,,,02-2094-2683,서울특별시 중랑구청,2026-02-26
묵2동250-35,1,,서울특별시 중랑구 묵2동 250-35,37.57677187,127.0870042,,,02-2094-2683,서울특별시 중랑구청,2026-02-26
묵2동242-109,1,,서울특별시 중랑구 묵2동 242-109,37.57677904,127.0871834,,,02-2094-2683,서울특별시 중랑구청,2026-02-26
묵2동250-49,1,,서울특별시 중랑구 묵2동 250-49,37.57666298,127.0873113,,,02-2094-2683,서울특별시 중랑구청,2026-02-26
묵2동245-64,1,,서울특별시 중랑구 묵2동 245-64,37.5767421,127.0875431,,,02-2094-2683,서울특별시 중랑구청,2026-02-26
묵2동245-14,1,,서울특별시 중랑구 묵2동 245-14,37.57673024,127.0868896,,,02-2094-2683,서울특별시 중랑구청,2026-02-26
묵2동245-17,1,,서울특별시 중랑구 묵2동 245-17,37.57676098,127.0867478,,,02-2094-2683,서울특별시 중랑구청,2026-02-26
묵2동245-20,1,,서울특별시 중랑구 묵2동 245-20,37.5765686,127.0867659,,,02-2094-2683,서울특별시 중랑구청,2026-02-26
묵2동245-40,1,,서울특별시 중랑구 묵2동 245-40,37.57642077,127.0868641,,,02-2094-2683,서울특별시 중랑구청,2026-02-26
묵2동245-58,1,,서울특별시 중랑구 묵2동 245-58,37.57626256,127.0869804,,,02-2094-2683,서울특별시 중랑구청,2026-02-26
묵2동245-41,1,,서울특별시 중랑구 묵2동 245-41,37.57596329,127.086917,,,02-2094-2683,서울특별시 중랑구청,2026-02-26
묵2동245-53,1,,서울특별시 중랑구 묵2동 245-53,37.5756586,127.0868818,,,02-2094-2683,서울특별시 중랑구청,2026-02-26
묵2동245-71,1,,서울특별시 중랑구 묵2동 245-71,37.57550618,127.0869708,,,02-2094-2683,서울특별시 중랑구청,2026-02-26
묵2동245-42,1,,서울특별시 중랑구 묵2동 245-42,37.57545493,127.0870737,,,02-2094-2683,서울특별시 중랑구청,2026-02-26
묵2동245-44,1,,서울특별시 중랑구 묵2동 245-44,37.57510096,127.0870306,,,02-2094-2683,서울특별시 중랑구청,2026-02-26
묵2동245-86,1,,서울특별시 중랑구 묵2동 245-86,37.57505629,127.0873687,,,02-2094-2683,서울특별시 중랑구청,2026-02-26
묵2동245-91,1,,서울특별시 중랑구 묵2동 245-91,37.57474902,127.0872879,,,02-2094-2683,서울특별시 중랑구청,2026-02-26
묵2동244-38,1,,서울특별시 중랑구 묵2동 244-38,37.57466835,127.087336,,,02-2094-2683,서울특별시 중랑구청,2026-02-26
묵2동244-159,1,,서울특별시 중랑구 묵2동 244-159,37.57474412,127.0865979,,,02-2094-2683,서울특별시 중랑구청,2026-02-26
묵2동244-34,1,,서울특별시 중랑구 묵2동 244-34,37.57465056,127.0870174,,,02-2094-2683,서울특별시 중랑구청,2026-02-26
묵2동244-167,1,,서울특별시 중랑구 묵2동 244-167,37.57477556,127.0862369,,,02-2094-2683,서울특별시 중랑구청,2026-02-26
묵2동244-29,1,,서울특별시 중랑구 묵2동 244-29,37.57501935,127.0865087,,,02-2094-2683,서울특별시 중랑구청,2026-02-26
묵2동244-27,1,,서울특별시 중랑구 묵2동 244-27,37.57567062,127.0865871,,,02-2094-2683,서울특별시 중랑구청,2026-02-26
묵2동244-143,1,,서울특별시 중랑구 묵2동 244-143,37.5756614,127.0867569,,,02-2094-2683,서울특별시 중랑구청,2026-02-26
묵2동244-142,1,,서울특별시 중랑구 묵2동 244-142,37.57538599,127.0865964,,,02-2094-2683,서울특별시 중랑구청,2026-02-26
묵2동244-59,1,,서울특별시 중랑구 묵2동 244-59,37.575129,127.0862647,,,02-2094-2683,서울특별시 중랑구청,2026-02-26
묵2동244-57,1,,서울특별시 중랑구 묵2동 244-57,37.57485229,127.0862891,,,02-2094-2683,서울특별시 중랑구청,2026-02-26
묵2동244-63,1,,서울특별시 중랑구 묵2동 244-63,37.57495294,127.0860317,,,02-2094-2683,서울특별시 중랑구청,2026-02-26
묵2동244-68,1,,서울특별시 중랑구 묵2동 244-68,37.57516836,127.0861577,,,02-2094-2683,서울특별시 중랑구청,2026-02-26
묵2동244-77,1,,서울특별시 중랑구 묵2동 244-77,37.57553689,127.0863752,,,02-2094-2683,서울특별시 중랑구청,2026-02-26
묵2동244-80,1,,서울특별시 중랑구 묵2동 244-80,37.57565695,127.0864367,,,02-2094-2683,서울특별시 중랑구청,2026-02-26
묵2동244-51,1,,서울특별시 중랑구 묵2동 244-51,37.57597204,127.0865349,,,02-2094-2683,서울특별시 중랑구청,2026-02-26
묵2동244-82,1,,서울특별시 중랑구 묵2동 244-82,37.57609002,127.0863555,,,02-2094-2683,서울특별시 중랑구청,2026-02-26
묵2동244-86,1,,서울특별시 중랑구 묵2동 244-86,37.57621398,127.0863852,,,02-2094-2683,서울특별시 중랑구청,2026-02-26
묵2동233-34,1,,서울특별시 중랑구 묵2동 233-34,37.57625202,127.0866105,,,02-2094-2683,서울특별시 중랑구청,2026-02-26
묵2동244-100,1,,서울특별시 중랑구 묵2동 244-100,37.57642077,127.0868641,,,02-2094-2683,서울특별시 중랑구청,2026-02-26
묵2동244-123,1,,서울특별시 중랑구 묵2동 244-123,37.57653868,127.0866515,,,02-2094-2683,서울특별시 중랑구청,2026-02-26
묵2동244-132,1,,서울특별시 중랑구 묵2동 244-132,37.57657614,127.0864452,,,02-2094-2683,서울특별시 중랑구청,2026-02-26
묵2동244-127,1,,서울특별시 중랑구 묵2동 244-127,37.5767249,127.0864321,,,02-2094-2683,서울특별시 중랑구청,2026-02-26
묵2동244-135,1,,서울특별시 중랑구 묵2동 244-135,37.57671021,127.0863074,,,02-2094-2683,서울특별시 중랑구청,2026-02-26
묵2동244-137,1,,서울특별시 중랑구 묵2동 244-137,37.57650741,127.0861755,,,02-2094-2683,서울특별시 중랑구청,2026-02-26
묵2동244-140,1,,서울특별시 중랑구 묵2동 244-140,37.57637243,127.0863101,,,02-2094-2683,서울특별시 중랑구청,2026-02-26
묵2동239-102,1,,서울특별시 중랑구 묵2동 239-102,37.57644218,127.0860422,,,02-2094-2683,서울특별시 중랑구청,2026-02-26
묵2동239-103,1,,서울특별시 중랑구 묵2동 239-103,37.57575732,127.0859476,,,02-2094-2683,서울특별시 중랑구청,2026-02-26
묵2동239-114,1,,서울특별시 중랑구 묵2동 239-114,37.5757357,127.0861795,,,02-2094-2683,서울특별시 중랑구청,2026-02-26
묵2동239-109,1,,서울특별시 중랑구 묵2동 239-109,37.57555783,127.0860775,,,02-2094-2683,서울특별시 중랑구청,2026-02-26
묵2동239-42,1,,서울특별시 중랑구 묵2동 239-42,37.57541464,127.0859872,,,02-2094-2683,서울특별시 중랑구청,2026-02-26
묵2동239-65,1,,서울특별시 중랑구 묵2동 239-65,37.57521347,127.0857078,,,02-2094-2683,서울특별시 중랑구청,2026-02-26
묵2동239-97,1,,서울특별시 중랑구 묵2동 239-97,37.57506673,127.0857848,,,02-2094-2683,서울특별시 중랑구청,2026-02-26
묵2동239-101,1,,서울특별시 중랑구 묵2동 239-101,37.57401954,127.0796974,,,02-2094-2683,서울특별시 중랑구청,2026-02-26
묵2동239-82,1,,서울특별시 중랑구 묵2동 239-82,37.57430227,127.0875849,,,02-2094-2683,서울특별시 중랑구청,2026-02-26
묵2동239-84,1,,서울특별시 중랑구 묵2동 239-84,,,,,02-2094-2683,서울특별시 중랑구청,2026-02-26
묵2동237-43,1,,서울특별시 중랑구 묵2동 237-43,37.57341662,127.0838262,,,02-2094-2683,서울특별시 중랑구청,2026-02-26
묵2동239-173,1,,서울특별시 중랑구 묵2동 239-173,37.57303751,127.0834002,,,02-2094-2683,서울특별시 중랑구청,2026-02-26
묵2동239-170,1,,서울특별시 중랑구 묵2동 239-170,37.57658508,127.0875134,,,02-2094-2683,서울특별시 중랑구청,2026-02-26
묵2동239-50,1,,서울특별시 중랑구 묵2동 239-50,37.57594266,127.0872792,,,02-2094-2683,서울특별시 중랑구청,2026-02-26
묵2동239-46,1,,서울특별시 중랑구 묵2동 239-46,37.57520592,127.086796,,,02-2094-2683,서울특별시 중랑구청,2026-02-26
묵2동239-20,1,,서울특별시 중랑구 묵2동 239-20,37.57588261,127.0810211,,,02-2094-2683,서울특별시 중랑구청,2026-02-26
묵2동239-9,1,,서울특별시 중랑구 묵2동 239-9,37.57157011,127.0877997,,,02-2094-2683,서울특별시 중랑구청,2026-02-26
묵2동239-11,1,,서울특별시 중랑구 묵2동 239-11,37.57587251,127.0815686,,,02-2094-2683,서울특별시 중랑구청,2026-02-26
묵2동239-142,1,,서울특별시 중랑구 묵2동 239-142,37.57307445,127.0813374,,,02-2094-2683,서울특별시 중랑구청,2026-02-26
묵2동239-145,1,,서울특별시 중랑구 묵2동 239-145,37.57150286,127.0856424,,,02-2094-2683,서울특별시 중랑구청,2026-02-26
묵2동239-150,1,,서울특별시 중랑구 묵2동 239-150,37.57553393,127.0828372,,,02-2094-2683,서울특별시 중랑구청,2026-02-26
묵2동239-2,1,,서울특별시 중랑구 묵2동 239-2,37.57158307,127.0827077,,,02-2094-2683,서울특별시 중랑구청,2026-02-26
묵2동239-156,1,,서울특별시 중랑구 묵2동 239-156,37.57567697,127.0839113,,,02-2094-2683,서울특별시 중랑구청,2026-02-26
묵2동239-13,1,,서울특별시 중랑구 묵2동 239-13,37.57418459,127.0842577,,,02-2094-2683,서울특별시 중랑구청,2026-02-26
묵2동239-37,1,,서울특별시 중랑구 묵2동 239-37,37.57566769,127.0809396,,,02-2094-2683,서울특별시 중랑구청,2026-02-26
묵2동233-61,1,,서울특별시 중랑구 묵2동 233-61,37.57194604,127.0810792,,,02-2094-2683,서울특별시 중랑구청,2026-02-26
묵2동239-44,1,,서울특별시 중랑구 묵2동 239-44,37.57600076,127.0850817,,,02-2094-2683,서울특별시 중랑구청,2026-02-26
묵2동240-120,1,,서울특별시 중랑구 묵2동 240-120,37.57542226,127.0831408,,,02-2094-2683,서울특별시 중랑구청,2026-02-26
묵2동239-33,1,,서울특별시 중랑구 묵2동 239-33,,,,,02-2094-2683,서울특별시 중랑구청,2026-02-26
묵2동236-4,1,,서울특별시 중랑구 묵2동 236-4,37.57505629,127.0873687,,,02-2094-2683,서울특별시 중랑구청,2026-02-26
묵2동236-11,1,,서울특별시 중랑구 묵2동 236-11,,,,,02-2094-2683,서울특별시 중랑구청,2026-02-26
묵2동236-10,1,,서울특별시 중랑구 묵2동 236-10,37.57116265,127.0855047,,,02-2094-2683,서울특별시 중랑구청,2026-02-26
묵2동236-12,1,,서울특별시 중랑구 묵2동 236-12,37.57514302,127.083436,,,02-2094-2683,서울특별시 중랑구청,2026-02-26
묵2동236-17,1,,서울특별시 중랑구 묵2동 236-17,37.57638903,127.0819877,,,02-2094-2683,서울특별시 중랑구청,2026-02-26
묵2동236-74,1,,서울특별시 중랑구 묵2동 236-74,37.575183,127.0870854,,,02-2094-2683,서울특별시 중랑구청,2026-02-26
묵2동236-24,1,,서울특별시 중랑구 묵2동 236-24,37.57401895,127.0812141,,,02-2094-2683,서울특별시 중랑구청,2026-02-26
묵2동236-23,1,,서울특별시 중랑구 묵2동 236-23,,,,,02-2094-2683,서울특별시 중랑구청,2026-02-26
묵2동236-28,1,,서울특별시 중랑구 묵2동 236-28,,,,,02-2094-2683,서울특별시 중랑구청,2026-02-26
묵2동236-30,1,,서울특별시 중랑구 묵2동 236-30,,,,,02-2094-2683,서울특별시 중랑구청,2026-02-26
묵2동236-46,1,,서울특별시 중랑구 묵2동 236-46,37.57604027,127.0843865,,,02-2094-2683,서울특별시 중랑구청,2026-02-26
묵2동236-38,1,,서울특별시 중랑구 묵2동 236-38,37.57604027,127.0843865,,,02-2094-2683,서울특별시 중랑구청,2026-02-26
묵2동236-53,1,,서울특별시 중랑구 묵2동 236-53,37.57399759,127.0808301,,,02-2094-2683,서울특별시 중랑구청,2026-02-26
묵2동237-150,1,,서울특별시 중랑구 묵2동 237-150,37.57576625,127.0817368,,,02-2094-2683,서울특별시 중랑구청,2026-02-26
묵2동236-29,1,,서울특별시 중랑구 묵2동 236-29,37.57297821,127.0813484,,,02-2094-2683,서울특별시 중랑구청,2026-02-26
묵2동248-21,1,,서울특별시 중랑구 묵2동 248-21,37.57142117,127.0847264,,,02-2094-2683,서울특별시 중랑구청,2026-02-26
묵2동236-68,1,,서울특별시 중랑구 묵2동 236-68,37.57311472,127.0823789,,,02-2094-2683,서울특별시 중랑구청,2026-02-26
묵2동236-1,1,,서울특별시 중랑구 묵2동 236-1,,,,,02-2094-2683,서울특별시 중랑구청,2026-02-26
묵2동235-79,1,,서울특별시 중랑구 묵2동 235-79,37.57513247,127.0831812,,,02-2094-2683,서울특별시 중랑구청,2026-02-26
묵2동237,1,,서울특별시 중랑구 묵2동 237,37.57401954,127.0796974,,,02-2094-2683,서울특별시 중랑구청,2026-02-26
묵2동237-1,1,,서울특별시 중랑구 묵2동 237-1,37.57357384,127.0840765,,,02-2094-2683,서울특별시 중랑구청,2026-02-26
묵2동237-71,1,,서울특별시 중랑구 묵2동 237-71,37.57638903,127.0819877,,,02-2094-2683,서울특별시 중랑구청,2026-02-26
묵2동237-44,1,,서울특별시 중랑구 묵2동 237-44,37.57280802,127.0819959,,,02-2094-2683,서울특별시 중랑구청,2026-02-26
묵2동237-42,1,,서울특별시 중랑구 묵2동 237-42,37.5723717,127.0818226,,,02-2094-2683,서울특별시 중랑구청,2026-02-26
묵2동237-2,1,,서울특별시 중랑구 묵2동 237-2,37.57493366,127.0857788,,,02-2094-2683,서울특별시 중랑구청,2026-02-26
묵2동237-34,1,,서울특별시 중랑구 묵2동 237-34,37.57249829,127.0848765,,,02-2094-2683,서울특별시 중랑구청,2026-02-26
묵2동237-33,1,,서울특별시 중랑구 묵2동 237-33,37.57481923,127.0810624,,,02-2094-2683,서울특별시 중랑구청,2026-02-26
묵2동237-45,1,,서울특별시 중랑구 묵2동 237-45,37.57218232,127.0841157,,,02-2094-2683,서울특별시 중랑구청,2026-02-26
묵2동237-108,1,,서울특별시 중랑구 묵2동 237-108,37.57553101,127.0878744,,,02-2094-2683,서울특별시 중랑구청,2026-02-26
묵2동237-63,1,,서울특별시 중랑구 묵2동 237-63,37.57547105,127.0880455,,,02-2094-2683,서울특별시 중랑구청,2026-02-26
묵2동237-56,1,,서울특별시 중랑구 묵2동 237-56,37.5753616,127.0879016,,,02-2094-2683,서울특별시 중랑구청,2026-02-26
묵2동237-46,1,,서울특별시 중랑구 묵2동 237-46,37.5753616,127.0879016,,,02-2094-2683,서울특별시 중랑구청,2026-02-26
묵2동237-122,1,,서울특별시 중랑구 묵2동 237-122,37.57115636,127.0865932,,,02-2094-2683,서울특별시 중랑구청,2026-02-26
묵2동237-29,1,,서울특별시 중랑구 묵2동 237-29,37.57195827,127.0836864,,,02-2094-2683,서울특별시 중랑구청,2026-02-26
묵2동237-30,1,,서울특별시 중랑구 묵2동 237-30,37.57498504,127.0863576,,,02-2094-2683,서울특별시 중랑구청,2026-02-26
묵2동237-24,1,,서울특별시 중랑구 묵2동 237-24,37.57303751,127.0834002,,,02-2094-2683,서울특별시 중랑구청,2026-02-26
묵2동237-148,1,,서울특별시 중랑구 묵2동 237-148,37.57445944,127.0871685,,,02-2094-2683,서울특별시 중랑구청,2026-02-26
묵2동237-85,1,,서울특별시 중랑구 묵2동 237-85,37.57582855,127.0841208,,,02-2094-2683,서울특별시 중랑구청,2026-02-26
묵2동237-144,1,,서울특별시 중랑구 묵2동 237-144,37.57178885,127.0833562,,,02-2094-2683,서울특별시 중랑구청,2026-02-26
묵2동237-153,1,,서울특별시 중랑구 묵2동 237-153,37.5745074,127.0862687,,,02-2094-2683,서울특별시 중랑구청,2026-02-26
묵2동237-77,1,,서울특별시 중랑구 묵2동 237-77,37.5745074,127.0862687,,,02-2094-2683,서울특별시 중랑구청,2026-02-26
묵2동237-84,1,,서울특별시 중랑구 묵2동 237-84,37.57530891,127.0876428,,,02-2094-2683,서울특별시 중랑구청,2026-02-26
묵2동237-140,1,,서울특별시 중랑구 묵2동 237-140,37.57465056,127.0870174,,,02-2094-2683,서울특별시 중랑구청,2026-02-26
묵2동237-137,1,,서울특별시 중랑구 묵2동 237-137,37.57445944,127.0871685,,,02-2094-2683,서울특별시 중랑구청,2026-02-26
묵2동392,1,,서울특별시 중랑구 묵2동 392,37.57274834,127.0812651,,,02-2094-2683,서울특별시 중랑구청,2026-02-26
묵2동237-66,1,,서울특별시 중랑구 묵2동 237-66,37.57489173,127.083439,,,02-2094-2683,서울특별시 중랑구청,2026-02-26
묵2동237-68,1,,서울특별시 중랑구 묵2동 237-68,37.57486504,127.0859751,,,02-2094-2683,서울특별시 중랑구청,2026-02-26
묵2동237-58,1,,서울특별시 중랑구 묵2동 237-58,37.57698751,127.0867189,,,02-2094-2683,서울특별시 중랑구청,2026-02-26
묵2동237-48,1,,서울특별시 중랑구 묵2동 237-48,37.57549201,127.0851531,,,02-2094-2683,서울특별시 중랑구청,2026-02-26
묵2동236-54,1,,서울특별시 중랑구 묵2동 236-54,37.57474407,127.088375,,,02-2094-2683,서울특별시 중랑구청,2026-02-26
묵2동240-8,1,,서울특별시 중랑구 묵2동 240-8,37.57540688,127.0829721,,,02-2094-2683,서울특별시 중랑구청,2026-02-26
묵2동240-16,1,,서울특별시 중랑구 묵2동 240-16,37.57236165,127.0812379,,,02-2094-2683,서울특별시 중랑구청,2026-02-26
묵2동240-19,1,,서울특별시 중랑구 묵2동 240-19,37.57157913,127.0839492,,,02-2094-2683,서울특별시 중랑구청,2026-02-26
묵2동240-60,1,,서울특별시 중랑구 묵2동 240-60,37.57182823,127.0830897,,,02-2094-2683,서울특별시 중랑구청,2026-02-26
묵2동240-22,1,,서울특별시 중랑구 묵2동 240-22,37.57154943,127.0855366,,,02-2094-2683,서울특별시 중랑구청,2026-02-26
묵2동240-36,1,,서울특별시 중랑구 묵2동 240-36,37.57406395,127.0818157,,,02-2094-2683,서울특별시 중랑구청,2026-02-26
묵2동240-51,1,,서울특별시 중랑구 묵2동 240-51,37.57129922,127.0866486,,,02-2094-2683,서울특별시 중랑구청,2026-02-26
묵2동240-53,1,,서울특별시 중랑구 묵2동 240-53,37.57687498,127.0804812,,,02-2094-2683,서울특별시 중랑구청,2026-02-26
묵2동240-133,1,,서울특별시 중랑구 묵2동 240-133,37.57542138,127.0832472,,,02-2094-2683,서울특별시 중랑구청,2026-02-26
묵2동240-55,1,,서울특별시 중랑구 묵2동 240-55,37.5760534,127.0832824,,,02-2094-2683,서울특별시 중랑구청,2026-02-26
묵2동240-70,1,,서울특별시 중랑구 묵2동 240-70,37.57585944,127.0865124,,,02-2094-2683,서울특별시 중랑구청,2026-02-26
묵2동240-62,1,,서울특별시 중랑구 묵2동 240-62,37.57583508,127.0867985,,,02-2094-2683,서울특별시 중랑구청,2026-02-26
묵2동240-65,1,,서울특별시 중랑구 묵2동 240-65,37.57559701,127.0862202,,,02-2094-2683,서울특별시 중랑구청,2026-02-26
묵2동240-100,1,,서울특별시 중랑구 묵2동 240-100,37.57588957,127.084969,,,02-2094-2683,서울특별시 중랑구청,2026-02-26
묵2동240-44,1,,서울특별시 중랑구 묵2동 240-44,37.57553393,127.0828372,,,02-2094-2683,서울특별시 중랑구청,2026-02-26
묵2동240-107,1,,서울특별시 중랑구 묵2동 240-107,37.57514302,127.083436,,,02-2094-2683,서울특별시 중랑구청,2026-02-26
묵2동240-6,1,,서울특별시 중랑구 묵2동 240-6,37.57552567,127.0845787,,,02-2094-2683,서울특별시 중랑구청,2026-02-26
묵2동240-175,1,,서울특별시 중랑구 묵2동 240-175,37.57261221,127.0830568,,,02-2094-2683,서울특별시 중랑구청,2026-02-26
묵2동240-91,1,,서울특별시 중랑구 묵2동 240-91,37.57200035,127.0827938,,,02-2094-2683,서울특별시 중랑구청,2026-02-26
묵2동240-168,1,,서울특별시 중랑구 묵2동 240-168,37.57591014,127.0819935,,,02-2094-2683,서울특별시 중랑구청,2026-02-26
묵2동240-170,1,,서울특별시 중랑구 묵2동 240-170,37.57614069,127.0825367,,,02-2094-2683,서울특별시 중랑구청,2026-02-26
묵2동240-204,1,,서울특별시 중랑구 묵2동 240-204,,,,,02-2094-2683,서울특별시 중랑구청,2026-02-26
묵2동240-103,1,,서울특별시 중랑구 묵2동 240-103,37.57481853,127.0822014,,,02-2094-2683,서울특별시 중랑구청,2026-02-26
묵2동240-114,1,,서울특별시 중랑구 묵2동 240-114,37.57385968,127.0818412,,,02-2094-2683,서울특별시 중랑구청,2026-02-26
묵2동240-153,1,,서울특별시 중랑구 묵2동 240-153,37.57278141,127.0821656,,,02-2094-2683,서울특별시 중랑구청,2026-02-26
묵2동240-193,1,,서울특별시 중랑구 묵2동 240-193,37.57294414,127.0817545,,,02-2094-2683,서울특별시 중랑구청,2026-02-26
묵2동240-119,1,,서울특별시 중랑구 묵2동 240-119,37.57199046,127.0848009,,,02-2094-2683,서울특별시 중랑구청,2026-02-26
묵2동240-74,1,,서울특별시 중랑구 묵2동 240-74,37.57117999,127.0849538,,,02-2094-2683,서울특별시 중랑구청,2026-02-26
묵2동240-185,1,,서울특별시 중랑구 묵2동 240-185,37.57094257,127.0878017,,,02-2094-2683,서울특별시 중랑구청,2026-02-26
묵2동240-130,1,,서울특별시 중랑구 묵2동 240-130,37.5761069,127.0853245,,,02-2094-2683,서울특별시 중랑구청,2026-02-26
묵2동240-143,1,,서울특별시 중랑구 묵2동 240-143,37.57540688,127.0829721,,,02-2094-2683,서울특별시 중랑구청,2026-02-26
묵2동240-220,1,,서울특별시 중랑구 묵2동 240-220,37.57632697,127.0872328,,,02-2094-2683,서울특별시 중랑구청,2026-02-26
묵2동240-216,1,,서울특별시 중랑구 묵2동 240-216,37.57557416,127.0839233,,,02-2094-2683,서울특별시 중랑구청,2026-02-26
묵2동240-211,1,,서울특별시 중랑구 묵2동 240-211,37.5754362,127.0845797,,,02-2094-2683,서울특별시 중랑구청,2026-02-26
묵2동240-217,1,,서울특별시 중랑구 묵2동 240-217,37.57660638,127.080899,,,02-2094-2683,서울특별시 중랑구청,2026-02-26
묵2동240-150,1,,서울특별시 중랑구 묵2동 240-150,37.57538684,127.0857986,,,02-2094-2683,서울특별시 중랑구청,2026-02-26
묵2동240-191,1,,서울특별시 중랑구 묵2동 240-191,37.57231033,127.0822195,,,02-2094-2683,서울특별시 중랑구청,2026-02-26
묵2동240-201,1,,서울특별시 중랑구 묵2동 240-201,37.5763303,127.0866352,,,02-2094-2683,서울특별시 중랑구청,2026-02-26
묵2동240-154,1,,서울특별시 중랑구 묵2동 240-154,37.57483561,127.081360,,,02-2094-2683,서울특별시 중랑구청,2026-02-26
묵2동240-158,1,,서울특별시 중랑구 묵2동 240-158,37.5759219,127.0841096,,,02-2094-2683,서울특별시 중랑구청,2026-02-26
묵2동240-160,1,,서울특별시 중랑구 묵2동 240-160,37.58534694,127.0765376,,,02-2094-2683,서울특별시 중랑구청,2026-02-26
묵2동240-162,1,,서울특별시 중랑구 묵2동 240-162,37.58531658,127.0763943,,,02-2094-2683,서울특별시 중랑구청,2026-02-26
묵2동235-76,1,,서울특별시 중랑구 묵2동 235-76,37.58560385,127.076202,,,02-2094-2683,서울특별시 중랑구청,2026-02-26
묵2동235-149,1,,서울특별시 중랑구 묵2동 235-149,37.58531617,127.0756364,,,02-2094-2683,서울특별시 중랑구청,2026-02-26
묵2동235-63,1,,서울특별시 중랑구 묵2동 235-63,37.58667499,127.0833426,,,02-2094-2683,서울특별시 중랑구청,2026-02-26
묵2동235-134,1,,서울특별시 중랑구 묵2동 235-134,37.5851071,127.0759676,,,02-2094-2683,서울특별시 중랑구청,2026-02-26
묵2동235-52,1,,서울특별시 중랑구 묵2동 235-52,37.58496891,127.0762187,,,02-2094-2683,서울특별시 중랑구청,2026-02-26
묵2동235-133,1,,서울특별시 중랑구 묵2동 235-133,37.58469583,127.0762022,,,02-2094-2683,서울특별시 중랑구청,2026-02-26
묵2동235-138,1,,서울특별시 중랑구 묵2동 235-138,37.58486833,127.0762578,,,02-2094-2683,서울특별시 중랑구청,2026-02-26
묵2동235-139,1,,서울특별시 중랑구 묵2동 235-139,37.58492565,127.0765068,,,02-2094-2683,서울특별시 중랑구청,2026-02-26
묵2동235-118,1,,서울특별시 중랑구 묵2동 235-118,37.5851093,127.0766062,,,02-2094-2683,서울특별시 중랑구청,2026-02-26
묵2동235-121,1,,서울특별시 중랑구 묵2동 235-121,37.58503662,127.0762929,,,02-2094-2683,서울특별시 중랑구청,2026-02-26
묵2동235-144,1,,서울특별시 중랑구 묵2동 235-144,37.5856066,127.0766881,,,02-2094-2683,서울특별시 중랑구청,2026-02-26
묵2동235-69,1,,서울특별시 중랑구 묵2동 235-69,37.58562498,127.076821,,,02-2094-2683,서울특별시 중랑구청,2026-02-26
묵2동235-28,1,,서울특별시 중랑구 묵2동 235-28,37.58559034,127.0771646,,,02-2094-2683,서울특별시 중랑구청,2026-02-26
묵2동235-34,1,,서울특별시 중랑구 묵2동 235-34,37.58520808,127.0768329,,,02-2094-2683,서울특별시 중랑구청,2026-02-26
묵2동235-35,1,,서울특별시 중랑구 묵2동 235-35,37.58532772,127.0771349,,,02-2094-2683,서울특별시 중랑구청,2026-02-26
묵2동235-91,1,,서울특별시 중랑구 묵2동 235-91,37.58497389,127.0771472,,,02-2094-2683,서울특별시 중랑구청,2026-02-26
묵2동233-54,1,,서울특별시 중랑구 묵2동 233-54,37.58497271,127.0773032,,,02-2094-2683,서울특별시 중랑구청,2026-02-26
묵2동235-168,1,,서울특별시 중랑구 묵2동 235-168,37.58497389,127.0771472,,,02-2094-2683,서울특별시 중랑구청,2026-02-26
묵2동233-38,1,,서울특별시 중랑구 묵2동 233-38,37.58495895,127.0774016,,,02-2094-2683,서울특별시 중랑구청,2026-02-26
묵2동233-52,1,,서울특별시 중랑구 묵2동 233-52,37.58495315,127.0775924,,,02-2094-2683,서울특별시 중랑구청,2026-02-26
묵2동242-90,1,,서울특별시 중랑구 묵2동 242-90,37.58515833,127.0774118,,,02-2094-2683,서울특별시 중랑구청,2026-02-26
묵2동235-32,1,,서울특별시 중랑구 묵2동 235-32,37.58493754,127.0778908,,,02-2094-2683,서울특별시 중랑구청,2026-02-26
묵2동235-142,1,,서울특별시 중랑구 묵2동 235-142,,,,,02-2094-2683,서울특별시 중랑구청,2026-02-26
묵2동235-99,1,,서울특별시 중랑구 묵2동 235-99,37.58526838,127.0779044,,,02-2094-2683,서울특별시 중랑구청,2026-02-26
묵2동235-5,1,,서울특별시 중랑구 묵2동 235-5,37.58540606,127.0774731,,,02-2094-2683,서울특별시 중랑구청,2026-02-26
묵2동235-12,1,,서울특별시 중랑구 묵2동 235-12,37.58536124,127.0772739,,,02-2094-2683,서울특별시 중랑구청,2026-02-26
묵2동235-105,1,,서울특별시 중랑구 묵2동 235-105,37.58527598,127.0773098,,,02-2094-2683,서울특별시 중랑구청,2026-02-26
묵2동235-106,1,,서울특별시 중랑구 묵2동 235-106,37.58575575,127.0774644,,,02-2094-2683,서울특별시 중랑구청,2026-02-26
묵2동238-53,1,,서울특별시 중랑구 묵2동 238-53,37.58575575,127.0774644,,,02-2094-2683,서울특별시 중랑구청,2026-02-26
묵2동238-38,1,,서울특별시 중랑구 묵2동 238-38,,,,,02-2094-2683,서울특별시 중랑구청,2026-02-26
묵2동238-48,1,,서울특별시 중랑구 묵2동 238-48,37.58552919,127.0780777,,,02-2094-2683,서울특별시 중랑구청,2026-02-26
묵2동238-47,1,,서울특별시 중랑구 묵2동 238-47,37.585486,127.0778543,,,02-2094-2683,서울특별시 중랑구청,2026-02-26
묵2동238-46,1,,서울특별시 중랑구 묵2동 238-46,37.5864936,127.0816928,,,02-2094-2683,서울특별시 중랑구청,2026-02-26
묵2동233-71,1,,서울특별시 중랑구 묵2동 233-71,37.58381492,127.0818584,,,02-2094-2683,서울특별시 중랑구청,2026-02-26
묵2동238-113,1,,서울특별시 중랑구 묵2동 238-113,37.58460996,127.0777228,,,02-2094-2683,서울특별시 중랑구청,2026-02-26
묵2동238-114,1,,서울특별시 중랑구 묵2동 238-114,37.58435274,127.0777092,,,02-2094-2683,서울특별시 중랑구청,2026-02-26
묵2동235-9,1,,서울특별시 중랑구 묵2동 235-9,37.58411674,127.0777502,,,02-2094-2683,서울특별시 중랑구청,2026-02-26
묵2동238-101,1,,서울특별시 중랑구 묵2동 238-101,37.58401007,127.0777471,,,02-2094-2683,서울특별시 중랑구청,2026-02-26
묵2동247-18,1,,서울특별시 중랑구 묵2동 247-18,37.58374894,127.0779165,,,02-2094-2683,서울특별시 중랑구청,2026-02-26
묵2동238-107,1,,서울특별시 중랑구 묵2동 238-107,37.58362446,127.077578,,,02-2094-2683,서울특별시 중랑구청,2026-02-26
묵2동238-91,1,,서울특별시 중랑구 묵2동 238-91,37.58353639,127.0773676,,,02-2094-2683,서울특별시 중랑구청,2026-02-26
묵2동238-88,1,,서울특별시 중랑구 묵2동 238-88,37.58337624,127.0775701,,,02-2094-2683,서울특별시 중랑구청,2026-02-26
묵2동238-87,1,,서울특별시 중랑구 묵2동 238-87,37.58299669,127.0777916,,,02-2094-2683,서울특별시 중랑구청,2026-02-26
묵2동238-80,1,,서울특별시 중랑구 묵2동 238-80,37.58382201,127.0789954,,,02-2094-2683,서울특별시 중랑구청,2026-02-26
묵2동238-70,1,,서울특별시 중랑구 묵2동 238-70,37.58347131,127.0780927,,,02-2094-2683,서울특별시 중랑구청,2026-02-26
묵2동238-67,1,,서울특별시 중랑구 묵2동 238-67,37.58497271,127.0773032,,,02-2094-2683,서울특별시 중랑구청,2026-02-26
묵2동238-58,1,,서울특별시 중랑구 묵2동 238-58,37.58460625,127.0776212,,,02-2094-2683,서울특별시 중랑구청,2026-02-26
묵2동238-76,1,,서울특별시 중랑구 묵2동 238-76,37.58434334,127.0776097,,,02-2094-2683,서울특별시 중랑구청,2026-02-26
묵2동238-55,1,,서울특별시 중랑구 묵2동 238-55,37.58435274,127.0777092,,,02-2094-2683,서울특별시 중랑구청,2026-02-26
묵2동234-5,1,,서울특별시 중랑구 묵2동 234-5,37.58451668,127.0791238,,,02-2094-2683,서울특별시 중랑구청,2026-02-26
묵2동234-3,1,,서울특별시 중랑구 묵2동 234-3,37.58386921,127.0772491,,,02-2094-2683,서울특별시 중랑구청,2026-02-26
묵2동234-25,1,,서울특별시 중랑구 묵2동 234-25,37.58412586,127.0773103,,,02-2094-2683,서울특별시 중랑구청,2026-02-26
묵2동234-40,1,,서울특별시 중랑구 묵2동 234-40,37.58396609,127.0769281,,,02-2094-2683,서울특별시 중랑구청,2026-02-26
묵2동239-53,1,,서울특별시 중랑구 묵2동 239-53,37.58459935,127.0774276,,,02-2094-2683,서울특별시 중랑구청,2026-02-26
묵2동235-95,1,,서울특별시 중랑구 묵2동 235-95,37.58459626,127.0764894,,,02-2094-2683,서울특별시 중랑구청,2026-02-26
묵2동235-158,1,,서울특별시 중랑구 묵2동 235-158,37.58422825,127.0771194,,,02-2094-2683,서울특별시 중랑구청,2026-02-26
묵2동233-14,1,,서울특별시 중랑구 묵2동 233-14,37.58515676,127.0810997,,,02-2094-2683,서울특별시 중랑구청,2026-02-26
묵2동233-16,1,,서울특별시 중랑구 묵2동 233-16,37.58422825,127.0771194,,,02-2094-2683,서울특별시 중랑구청,2026-02-26
묵2동233-29,1,,서울특별시 중랑구 묵2동 233-29,37.58455774,127.0771213,,,02-2094-2683,서울특별시 중랑구청,2026-02-26
묵2동233-47,1,,서울특별시 중랑구 묵2동 233-47,37.58438108,127.0772193,,,02-2094-2683,서울특별시 중랑구청,2026-02-26
묵2동233-70,1,,서울특별시 중랑구 묵2동 233-70,37.58497232,127.0784455,,,02-2094-2683,서울특별시 중랑구청,2026-02-26
묵2동233-69,1,,서울특별시 중랑구 묵2동 233-69,37.58492079,127.0791013,,,02-2094-2683,서울특별시 중랑구청,2026-02-26
묵2동233-77,1,,서울특별시 중랑구 묵2동 233-77,37.58489004,127.0792831,,,02-2094-2683,서울특별시 중랑구청,2026-02-26
묵2동233-79,1,,서울특별시 중랑구 묵2동 233-79,37.58514618,127.0792911,,,02-2094-2683,서울특별시 중랑구청,2026-02-26
묵2동233-73,1,,서울특별시 중랑구 묵2동 233-73,37.58494237,127.0787628,,,02-2094-2683,서울특별시 중랑구청,2026-02-26
묵2동233-18,1,,서울특별시 중랑구 묵2동 233-18,37.5851423,127.0786278,,,02-2094-2683,서울특별시 중랑구청,2026-02-26
묵2동233-83,1,,서울특별시 중랑구 묵2동 233-83,37.58536642,127.0788413,,,02-2094-2683,서울특별시 중랑구청,2026-02-26
묵2동233-84,1,,서울특별시 중랑구 묵2동 233-84,37.58531778,127.0786801,,,02-2094-2683,서울특별시 중랑구청,2026-02-26
묵2동240-186,1,,서울특별시 중랑구 묵2동 240-186,37.58548763,127.0790607,,,02-2094-2683,서울특별시 중랑구청,2026-02-26
묵2동233-111,1,,서울특별시 중랑구 묵2동 233-111,37.5854535,127.0791785,,,02-2094-2683,서울특별시 중랑구청,2026-02-26
묵2동233-114,1,,서울특별시 중랑구 묵2동 233-114,37.58545035,127.0792998,,,02-2094-2683,서울특별시 중랑구청,2026-02-26
묵2동233-93,1,,서울특별시 중랑구 묵2동 233-93,37.58406624,127.0783699,,,02-2094-2683,서울특별시 중랑구청,2026-02-26
묵2동233-98,1,,서울특별시 중랑구 묵2동 233-98,37.58552719,127.0791925,,,02-2094-2683,서울특별시 중랑구청,2026-02-26
묵2동243-15,1,,서울특별시 중랑구 묵2동 243-15,37.58545004,127.078685,,,02-2094-2683,서울특별시 중랑구청,2026-02-26
묵2동233-4,1,,서울특별시 중랑구 묵2동 233-4,37.5856133,127.0786905,,,02-2094-2683,서울특별시 중랑구청,2026-02-26
묵2동233-10,1,,서울특별시 중랑구 묵2동 233-10,37.58576429,127.0792557,,,02-2094-2683,서울특별시 중랑구청,2026-02-26
묵2동244-31,1,,서울특별시 중랑구 묵2동 244-31,37.58592675,127.0791077,,,02-2094-2683,서울특별시 중랑구청,2026-02-26
묵2동250-60,1,,서울특별시 중랑구 묵2동 250-60,37.58612317,127.0788191,,,02-2094-2683,서울특별시 중랑구청,2026-02-26
묵2동245-63,1,,서울특별시 중랑구 묵2동 245-63,37.58621524,127.0792528,,,02-2094-2683,서울특별시 중랑구청,2026-02-26
묵2동235-85,1,,서울특별시 중랑구 묵2동 235-85,37.5862469,127.0786511,,,02-2094-2683,서울특별시 중랑구청,2026-02-26
묵2동233-6,1,,서울특별시 중랑구 묵2동 233-6,37.5861635,127.078433,,,02-2094-2683,서울특별시 중랑구청,2026-02-26
묵2동243-77,1,,서울특별시 중랑구 묵2동 243-77,37.58601539,127.0784521,,,02-2094-2683,서울특별시 중랑구청,2026-02-26
묵2동237-70,1,,서울특별시 중랑구 묵2동 237-70,37.5858529,127.0785095,,,02-2094-2683,서울특별시 중랑구청,2026-02-26
묵2동237-156,1,,서울특별시 중랑구 묵2동 237-156,37.5856123,127.0785686,,,02-2094-2683,서울특별시 중랑구청,2026-02-26
묵2동244-42,1,,서울특별시 중랑구 묵2동 244-42,37.58598861,127.0787476,,,02-2094-2683,서울특별시 중랑구청,2026-02-26
묵2동244-148,1,,서울특별시 중랑구 묵2동 244-148,37.58526729,127.0784075,,,02-2094-2683,서울특별시 중랑구청,2026-02-26
묵2동243-113,1,,서울특별시 중랑구 묵2동 243-113,37.58517659,127.0784039,,,02-2094-2683,서울특별시 중랑구청,2026-02-26
묵2동240-31,1,,서울특별시 중랑구 묵2동 240-31,37.58497232,127.0784455,,,02-2094-2683,서울특별시 중랑구청,2026-02-26
묵2동237-89,1,,서울특별시 중랑구 묵2동 237-89,37.58476789,127.0784266,,,02-2094-2683,서울특별시 중랑구청,2026-02-26
묵2동235-83,1,,서울특별시 중랑구 묵2동 235-83,37.58437797,127.0783814,,,02-2094-2683,서울특별시 중랑구청,2026-02-26
묵2동250-46,1,,서울특별시 중랑구 묵2동 250-46,37.58419356,127.0783551,,,02-2094-2683,서울특별시 중랑구청,2026-02-26
묵2동245-89,1,,서울특별시 중랑구 묵2동 245-89,37.58394623,127.0783638,,,02-2094-2683,서울특별시 중랑구청,2026-02-26
묵2동196-4,1,,서울특별시 중랑구 묵2동 196-4,37.58401359,127.078545,,,02-2094-2683,서울특별시 중랑구청,2026-02-26
묵2동243-153,1,,서울특별시 중랑구 묵2동 243-153,37.58388081,127.0783666,,,02-2094-2683,서울특별시 중랑구청,2026-02-26
묵2동244-144,1,,서울특별시 중랑구 묵2동 244-144,37.58353521,127.078336,,,02-2094-2683,서울특별시 중랑구청,2026-02-26
묵2동235-54,1,,서울특별시 중랑구 묵2동 235-54,37.58364783,127.0786132,,,02-2094-2683,서울특별시 중랑구청,2026-02-26
묵2동234-22,1,,서울특별시 중랑구 묵2동 234-22,37.58307005,127.0784495,,,02-2094-2683,서울특별시 중랑구청,2026-02-26
묵2동242-33,1,,서울특별시 중랑구 묵2동 242-33,37.58305284,127.0783158,,,02-2094-2683,서울특별시 중랑구청,2026-02-26
묵2동240-176,1,,서울특별시 중랑구 묵2동 240-176,37.583155,127.0783241,,,02-2094-2683,서울특별시 중랑구청,2026-02-26
묵2동246-41,1,,서울특별시 중랑구 묵2동 246-41,37.58307932,127.078735,,,02-2094-2683,서울특별시 중랑구청,2026-02-26
묵2동240-56,1,,서울특별시 중랑구 묵2동 240-56,37.58346222,127.0787618,,,02-2094-2683,서울특별시 중랑구청,2026-02-26
묵2동240-66,1,,서울특별시 중랑구 묵2동 240-66,37.58302274,127.0792679,,,02-2094-2683,서울특별시 중랑구청,2026-02-26
묵2동238-112,1,,서울특별시 중랑구 묵2동 238-112,37.58323026,127.0790954,,,02-2094-2683,서울특별시 중랑구청,2026-02-26
묵2동239-71,1,,서울특별시 중랑구 묵2동 239-71,37.58329087,127.0792794,,,02-2094-2683,서울특별시 중랑구청,2026-02-26
묵2동243-134,1,,서울특별시 중랑구 묵2동 243-134,37.58343709,127.0792896,,,02-2094-2683,서울특별시 중랑구청,2026-02-26
묵2동247-143,1,,서울특별시 중랑구 묵2동 247-143,37.58055797,127.0787714,,,02-2094-2683,서울특별시 중랑구청,2026-02-26
묵2동238-25,1,,서울특별시 중랑구 묵2동 238-25,37.58368359,127.079304,,,02-2094-2683,서울특별시 중랑구청,2026-02-26
묵2동240-127,1,,서울특별시 중랑구 묵2동 240-127,37.58415767,127.079338,,,02-2094-2683,서울특별시 중랑구청,2026-02-26
묵2동247-56,1,,서울특별시 중랑구 묵2동 247-56,37.5839742,127.0789847,,,02-2094-2683,서울특별시 중랑구청,2026-02-26
묵2동240-90,1,,서울특별시 중랑구 묵2동 240-90,37.58378523,127.0787566,,,02-2094-2683,서울특별시 중랑구청,2026-02-26
묵2동233-19,1,,서울특별시 중랑구 묵2동 233-19,37.583906,127.0785642,,,02-2094-2683,서울특별시 중랑구청,2026-02-26
묵2동240-85,1,,서울특별시 중랑구 묵2동 240-85,37.58431469,127.0791049,,,02-2094-2683,서울특별시 중랑구청,2026-02-26
묵2동249-84,1,,서울특별시 중랑구 묵2동 249-84,37.58451668,127.0791238,,,02-2094-2683,서울특별시 중랑구청,2026-02-26
묵2동243-1,1,,서울특별시 중랑구 묵2동 243-1,37.58445894,127.0786988,,,02-2094-2683,서울특별시 중랑구청,2026-02-26
묵2동247-107,1,,서울특별시 중랑구 묵2동 247-107,37.58428536,127.0785032,,,02-2094-2683,서울특별시 중랑구청,2026-02-26
묵2동247-135,1,,서울특별시 중랑구 묵2동 247-135,37.58438618,127.0793062,,,02-2094-2683,서울특별시 중랑구청,2026-02-26
묵2동243-141,1,,서울특별시 중랑구 묵2동 243-141,37.58194768,127.0785833,,,02-2094-2683,서울특별시 중랑구청,2026-02-26
묵2동235-143,1,,서울특별시 중랑구 묵2동 235-143,37.58645718,127.0823778,,,02-2094-2683,서울특별시 중랑구청,2026-02-26
묵2동235-36,1,,서울특별시 중랑구 묵2동 235-36,37.58194768,127.0785833,,,02-2094-2683,서울특별시 중랑구청,2026-02-26
묵2동240-78,1,,서울특별시 중랑구 묵2동 240-78,37.58194768,127.0785833,,,02-2094-2683,서울특별시 중랑구청,2026-02-26
묵2동244-94,1,,서울특별시 중랑구 묵2동 244-94,37.58194768,127.0785833,,,02-2094-2683,서울특별시 중랑구청,2026-02-26
묵2동238-20,1,,서울특별시 중랑구 묵2동 238-20,37.58194768,127.0785833,,,02-2094-2683,서울특별시 중랑구청,2026-02-26
묵2동245-45,1,,서울특별시 중랑구 묵2동 245-45,37.58194768,127.0785833,,,02-2094-2683,서울특별시 중랑구청,2026-02-26
묵2동242-54,1,,서울특별시 중랑구 묵2동 242-54,37.58194768,127.0785833,,,02-2094-2683,서울특별시 중랑구청,2026-02-26
묵2동361-2,1,,서울특별시 중랑구 묵2동 361-2,37.58194768,127.0785833,,,02-2094-2683,서울특별시 중랑구청,2026-02-26
묵2동242-18,1,,서울특별시 중랑구 묵2동 242-18,37.58194768,127.0785833,,,02-2094-2683,서울특별시 중랑구청,2026-02-26
묵2동239-54,1,,서울특별시 중랑구 묵2동 239-54,37.58194768,127.0785833,,,02-2094-2683,서울특별시 중랑구청,2026-02-26
묵2동245-51,1,,서울특별시 중랑구 묵2동 245-51,37.58194768,127.0785833,,,02-2094-2683,서울특별시 중랑구청,2026-02-26
묵2동249-14,1,,서울특별시 중랑구 묵2동 249-14,37.58194768,127.0785833,,,02-2094-2683,서울특별시 중랑구청,2026-02-26
묵2동240-155,1,,서울특별시 중랑구 묵2동 240-155,37.58194768,127.0785833,,,02-2094-2683,서울특별시 중랑구청,2026-02-26
묵2동240-17,1,,서울특별시 중랑구 묵2동 240-17,37.58194768,127.0785833,,,02-2094-2683,서울특별시 중랑구청,2026-02-26
묵2동237-32,1,,서울특별시 중랑구 묵2동 237-32,37.58194768,127.0785833,,,02-2094-2683,서울특별시 중랑구청,2026-02-26
묵2동237-18,1,,서울특별시 중랑구 묵2동 237-18,37.58194768,127.0785833,,,02-2094-2683,서울특별시 중랑구청,2026-02-26
묵2동244-62,1,,서울특별시 중랑구 묵2동 244-62,37.58194768,127.0785833,,,02-2094-2683,서울특별시 중랑구청,2026-02-26
묵2동237-115,1,,서울특별시 중랑구 묵2동 237-115,37.58194768,127.0785833,,,02-2094-2683,서울특별시 중랑구청,2026-02-26
묵2동239-149,1,,서울특별시 중랑구 묵2동 239-149,37.58576945,127.0830169,,,02-2094-2683,서울특별시 중랑구청,2026-02-26
묵2동247-40,1,,서울특별시 중랑구 묵2동 247-40,37.58508073,127.0764883,,,02-2094-2683,서울특별시 중랑구청,2026-02-26
묵2동249-11,1,,서울특별시 중랑구 묵2동 249-11,37.58194768,127.0785833,,,02-2094-2683,서울특별시 중랑구청,2026-02-26
묵2동240-54,1,,서울특별시 중랑구 묵2동 240-54,37.58096588,127.0790964,,,02-2094-2683,서울특별시 중랑구청,2026-02-26
묵2동243-144,1,,서울특별시 중랑구 묵2동 243-144,37.58084042,127.0790287,,,02-2094-2683,서울특별시 중랑구청,2026-02-26
묵2동237-142,1,,서울특별시 중랑구 묵2동 237-142,37.58045443,127.0793107,,,02-2094-2683,서울특별시 중랑구청,2026-02-26
묵2동235-115,1,,서울특별시 중랑구 묵2동 235-115,37.58045443,127.0793107,,,02-2094-2683,서울특별시 중랑구청,2026-02-26
묵2동238-110,1,,서울특별시 중랑구 묵2동 238-110,37.58045443,127.0793107,,,02-2094-2683,서울특별시 중랑구청,2026-02-26
묵2동239-94,1,,서울특별시 중랑구 묵2동 239-94,37.57996309,127.0792167,,,02-2094-2683,서울특별시 중랑구청,2026-02-26
묵2동249-73,1,,서울특별시 중랑구 묵2동 249-73,37.57863434,127.0792915,,,02-2094-2683,서울특별시 중랑구청,2026-02-26
묵2동238-34,1,,서울특별시 중랑구 묵2동 238-34,37.57982237,127.0789986,,,02-2094-2683,서울특별시 중랑구청,2026-02-26
묵2동395,1,,서울특별시 중랑구 묵2동 395,37.57863434,127.0792915,,,02-2094-2683,서울특별시 중랑구청,2026-02-26
묵2동240-161,1,,서울특별시 중랑구 묵2동 240-161,37.57783759,127.0792884,,,02-2094-2683,서울특별시 중랑구청,2026-02-26
묵2동239-159,1,,서울특별시 중랑구 묵2동 239-159,37.5782802,127.0793691,,,02-2094-2683,서울특별시 중랑구청,2026-02-26
묵2동235-31,1,,서울특별시 중랑구 묵2동 235-31,37.57863434,127.0792915,,,02-2094-2683,서울특별시 중랑구청,2026-02-26
묵2동247-59,1,,서울특별시 중랑구 묵2동 247-59,37.58194768,127.0785833,,,02-2094-2683,서울특별시 중랑구청,2026-02-26
묵2동41-3,1,,서울특별시 중랑구 묵2동 41-3,,,,,02-2094-2683,서울특별시 중랑구청,2026-02-26
묵2동238-78,1,,서울특별시 중랑구 묵2동 238-78,,,,,02-2094-2683,서울특별시 중랑구청,2026-02-26
묵2동244-43,1,,서울특별시 중랑구 묵2동 244-43,37.58236062,127.0800318,,,02-2094-2683,서울특별시 중랑구청,2026-02-26
묵2동237-51,1,,서울특별시 중랑구 묵2동 237-51,37.58372672,127.0815935,,,02-2094-2683,서울특별시 중랑구청,2026-02-26
묵2동246-33,1,,서울특별시 중랑구 묵2동 246-33,,,,,02-2094-2683,서울특별시 중랑구청,2026-02-26
묵2동238-5,1,,서울특별시 중랑구 묵2동 238-5,,,,,02-2094-2683,서울특별시 중랑구청,2026-02-26
묵2동238-15,1,,서울특별시 중랑구 묵2동 238-15,37.5854539,127.081625,,,02-2094-2683,서울특별시 중랑구청,2026-02-26
묵2동237-5,1,,서울특별시 중랑구 묵2동 237-5,37.58357854,127.0792955,,,02-2094-2683,서울특별시 중랑구청,2026-02-26
묵2동170-1,1,,서울특별시 중랑구 묵2동 170-1,,,,,02-2094-2683,서울특별시 중랑구청,2026-02-26
묵2동241-13,1,,서울특별시 중랑구 묵2동 241-13,,,,,02-2094-2683,서울특별시 중랑구청,2026-02-26
묵2동240-224,1,,서울특별시 중랑구 묵2동 240-224,,,,,02-2094-2683,서울특별시 중랑구청,2026-02-26
묵2동246-13,1,,서울특별시 중랑구 묵2동 246-13,,,,,02-2094-2683,서울특별시 중랑구청,2026-02-26
묵2동242-55,1,,서울특별시 중랑구 묵2동 242-55,,,,,02-2094-2683,서울특별시 중랑구청,2026-02-26
묵2동235-72,1,,서울특별시 중랑구 묵2동 235-72,,,,,02-2094-2683,서울특별시 중랑구청,2026-02-26
묵2동238-68,1,,서울특별시 중랑구 묵2동 238-68,,,,,02-2094-2683,서울특별시 중랑구청,2026-02-26
묵2동249-9,1,,서울특별시 중랑구 묵2동 249-9,,,,,02-2094-2683,서울특별시 중랑구청,2026-02-26
묵2동243-105,1,,서울특별시 중랑구 묵2동 243-105,,,,,02-2094-2683,서울특별시 중랑구청,2026-02-26
묵2동195-9,1,,서울특별시 중랑구 묵2동 195-9,,,,,02-2094-2683,서울특별시 중랑구청,2026-02-26
묵2동240-115,1,,서울특별시 중랑구 묵2동 240-115,,,,,02-2094-2683,서울특별시 중랑구청,2026-02-26
묵2동233-55,1,,서울특별시 중랑구 묵2동 233-55,,,,,02-2094-2683,서울특별시 중랑구청,2026-02-26
묵2동239-110,1,,서울특별시 중랑구 묵2동 239-110,,,,,02-2094-2683,서울특별시 중랑구청,2026-02-26
묵2동233-86,1,,서울특별시 중랑구 묵2동 233-86,,,,,02-2094-2683,서울특별시 중랑구청,2026-02-26
묵2동236-18,1,,서울특별시 중랑구 묵2동 236-18,,,,,02-2094-2683,서울특별시 중랑구청,2026-02-26
묵2동237-81,1,,서울특별시 중랑구 묵2동 237-81,,,,,02-2094-2683,서울특별시 중랑구청,2026-02-26
묵2동236-14,1,,서울특별시 중랑구 묵2동 236-14,,,,,02-2094-2683,서울특별시 중랑구청,2026-02-26
묵2동239-144,1,,서울특별시 중랑구 묵2동 239-144,,,,,02-2094-2683,서울특별시 중랑구청,2026-02-26
묵2동239-146,1,,서울특별시 중랑구 묵2동 239-146,,,,,02-2094-2683,서울특별시 중랑구청,2026-02-26
묵2동248-66,1,,서울특별시 중랑구 묵2동 248-66,,,,,02-2094-2683,서울특별시 중랑구청,2026-02-26
묵2동239-134,1,,서울특별시 중랑구 묵2동 239-134,,,,,02-2094-2683,서울특별시 중랑구청,2026-02-26
묵2동122-350,1,,서울특별시 중랑구 묵2동 122-350,,,,,02-2094-2683,서울특별시 중랑구청,2026-02-26
묵2동122-196,1,,서울특별시 중랑구 묵2동 122-196,,,,,02-2094-2683,서울특별시 중랑구청,2026-02-26
묵2동122-190,1,,서울특별시 중랑구 묵2동 122-190,,,,,02-2094-2683,서울특별시 중랑구청,2026-02-26
묵2동240-131,1,,서울특별시 중랑구 묵2동 240-131,37.58189295,127.0803759,,,02-2094-2683,서울특별시 중랑구청,2026-02-26
묵2동244-97,1,,서울특별시 중랑구 묵2동 244-97,,,,,02-2094-2683,서울특별시 중랑구청,2026-02-26
묵2동245-24,1,,서울특별시 중랑구 묵2동 245-24,,,,,02-2094-2683,서울특별시 중랑구청,2026-02-26
묵2동244-126,1,,서울특별시 중랑구 묵2동 244-126,,,,,02-2094-2683,서울특별시 중랑구청,2026-02-26
묵2동249-104,1,,서울특별시 중랑구 묵2동 249-104,37.58402515,127.0803757,,,02-2094-2683,서울특별시 중랑구청,2026-02-26
묵2동249-108,1,,서울특별시 중랑구 묵2동 249-108,,,,,02-2094-2683,서울특별시 중랑구청,2026-02-26
묵2동240-125,1,,서울특별시 중랑구 묵2동 240-125,,,,,02-2094-2683,서울특별시 중랑구청,2026-02-26
묵2동238-27,1,,서울특별시 중랑구 묵2동 238-27,,,,,02-2094-2683,서울특별시 중랑구청,2026-02-26
묵2동244-172,1,,서울특별시 중랑구 묵2동 244-172,,,,,02-2094-2683,서울특별시 중랑구청,2026-02-26
묵2동238-54,1,,서울특별시 중랑구 묵2동 238-54,,,,,02-2094-2683,서울특별시 중랑구청,2026-02-26
묵2동235-126,1,,서울특별시 중랑구 묵2동 235-126,,,,,02-2094-2683,서울특별시 중랑구청,2026-02-26
묵2동235-60,1,,서울특별시 중랑구 묵2동 235-60,,,,,02-2094-2683,서울특별시 중랑구청,2026-02-26
묵2동242-22,1,,서울특별시 중랑구 묵2동 242-22,,,,,02-2094-2683,서울특별시 중랑구청,2026-02-26
묵2동246-21,1,,서울특별시 중랑구 묵2동 246-21,,,,,02-2094-2683,서울특별시 중랑구청,2026-02-26
묵2동239-106,1,,서울특별시 중랑구 묵2동 239-106,,,,,02-2094-2683,서울특별시 중랑구청,2026-02-26
묵2동 240-174,1,,서울특별시 중랑구 묵2동 240-174,,,,,02-2094-2683,서울특별시 중랑구청,2026-02-26
묵2동 240-55,1,,서울특별시 중랑구 묵2동 240-55,,,,,02-2094-2683,서울특별시 중랑구청,2026-02-26
묵2동 238-107,1,,서울특별시 중랑구 묵2동 238-107,,,,,02-2094-2683,서울특별시 중랑구청,2026-02-26
묵2동 239-46,1,,서울특별시 중랑구 묵2동 239-46,,,,,02-2094-2683,서울특별시 중랑구청,2026-02-26
묵2동 249-24,1,,서울특별시 중랑구 묵2동 249-24,,,,,02-2094-2683,서울특별시 중랑구청,2026-02-26
묵2동 248-24,1,,서울특별시 중랑구 묵2동 248-24,,,,,02-2094-2683,서울특별시 중랑구청,2026-02-26
묵2동 248-26,1,,서울특별시 중랑구 묵2동 248-26,,,,,02-2094-2683,서울특별시 중랑구청,2026-02-26
묵2동 236-13,2,,서울특별시 중랑구 묵2동 236-13,,,,,02-2094-2683,서울특별시 중랑구청,2026-02-26
묵2동 242-69,1,,서울특별시 중랑구 묵2동 242-69,,,,,02-2094-2683,서울특별시 중랑구청,2026-02-26
묵2동 242-54,1,,서울특별시 중랑구 묵2동 242-54,,,,,02-2094-2683,서울특별시 중랑구청,2026-02-26
망우본동359-4,1,,서울특별시 중랑구 망우본동 359-4,,,,,02-2094-2683,서울특별시 중랑구청,2026-02-26
망우본동364-50,1,,서울특별시 중랑구 망우본동 364-50,,,,,02-2094-2683,서울특별시 중랑구청,2026-02-26
망우본동364,1,,서울특별시 중랑구 망우본동 364,,,,,02-2094-2683,서울특별시 중랑구청,2026-02-26
망우본동364-4,1,,서울특별시 중랑구 망우본동 364-4,37.58354027,127.0813794,,,02-2094-2683,서울특별시 중랑구청,2026-02-26
망우본동364-24,1,,서울특별시 중랑구 망우본동 364-24,37.58372672,127.0815935,,,02-2094-2683,서울특별시 중랑구청,2026-02-26
망우본동364-16,1,,서울특별시 중랑구 망우본동 364-16,37.58352567,127.0817799,,,02-2094-2683,서울특별시 중랑구청,2026-02-26
망우본동364-38,1,,서울특별시 중랑구 망우본동 364-38,37.58414513,127.0817376,,,02-2094-2683,서울특별시 중랑구청,2026-02-26
망우본동364-41,1,,서울특별시 중랑구 망우본동 364-41,,,,,02-2094-2683,서울특별시 중랑구청,2026-02-26
망우본동364-22,1,,서울특별시 중랑구 망우본동 364-22,37.58430379,127.0817498,,,02-2094-2683,서울특별시 중랑구청,2026-02-26
망우본동364-39,1,,서울특별시 중랑구 망우본동 364-39,37.58460054,127.0814133,,,02-2094-2683,서울특별시 중랑구청,2026-02-26
망우본동402-39,1,,서울특별시 중랑구 망우본동 402-39,37.58435672,127.0814223,,,02-2094-2683,서울특별시 중랑구청,2026-02-26
망우본동403-9,1,,서울특별시 중랑구 망우본동 403-9,37.58423198,127.0816166,,,02-2094-2683,서울특별시 중랑구청,2026-02-26
망우본동403-10,1,,서울특별시 중랑구 망우본동 403-10,37.58411599,127.0814042,,,02-2094-2683,서울특별시 중랑구청,2026-02-26
망우본동403-19,1,,서울특별시 중랑구 망우본동 403-19,,,,,02-2094-2683,서울특별시 중랑구청,2026-02-26
망우본동403-74,1,,서울특별시 중랑구 망우본동 403-74,37.58368886,127.0813647,,,02-2094-2683,서울특별시 중랑구청,2026-02-26
망우본동403-6,1,,서울특별시 중랑구 망우본동 403-6,37.58396525,127.0811517,,,02-2094-2683,서울특별시 중랑구청,2026-02-26
망우본동402-20,1,,서울특별시 중랑구 망우본동 402-20,37.58395805,127.0810087,,,02-2094-2683,서울특별시 중랑구청,2026-02-26
망우본동396-45,1,,서울특별시 중랑구 망우본동 396-45,37.58414055,127.0811935,,,02-2094-2683,서울특별시 중랑구청,2026-02-26
망우본동182-67,1,,서울특별시 중랑구 망우본동 182-67,37.58415057,127.0809025,,,02-2094-2683,서울특별시 중랑구청,2026-02-26
망우본동402-127,1,,서울특별시 중랑구 망우본동 402-127,37.58415159,127.0803363,,,02-2094-2683,서울특별시 중랑구청,2026-02-26
망우본동402-131,1,,서울특별시 중랑구 망우본동 402-131,37.58446581,127.0805379,,,02-2094-2683,서울특별시 중랑구청,2026-02-26
망우본동402-107,1,,서울특별시 중랑구 망우본동 402-107,37.58469596,127.0803588,,,02-2094-2683,서울특별시 중랑구청,2026-02-26
망우본동402-80,1,,서울특별시 중랑구 망우본동 402-80,37.58355935,127.0804874,,,02-2094-2683,서울특별시 중랑구청,2026-02-26
망우본동402-7,1,,서울특별시 중랑구 망우본동 402-7,37.58469989,127.0805364,,,02-2094-2683,서울특별시 중랑구청,2026-02-26
망우본동402-99,1,,서울특별시 중랑구 망우본동 402-99,37.58460984,127.0809839,,,02-2094-2683,서울특별시 중랑구청,2026-02-26
망우본동402-9,1,,서울특별시 중랑구 망우본동 402-9,37.58407004,127.0807502,,,02-2094-2683,서울특별시 중랑구청,2026-02-26
망우본동402-37,1,,서울특별시 중랑구 망우본동 402-37,37.58354801,127.0803442,,,02-2094-2683,서울특별시 중랑구청,2026-02-26
망우본동402-112,1,,서울특별시 중랑구 망우본동 402-112,37.58383694,127.0803675,,,02-2094-2683,서울특별시 중랑구청,2026-02-26
망우본동402,1,,서울특별시 중랑구 망우본동 402,37.58402515,127.0803757,,,02-2094-2683,서울특별시 중랑구청,2026-02-26
망우본동401-45,1,,서울특별시 중랑구 망우본동 401-45,37.58395073,127.0805043,,,02-2094-2683,서울특별시 중랑구청,2026-02-26
망우본동401-42,1,,서울특별시 중랑구 망우본동 401-42,37.58381658,127.0804995,,,02-2094-2683,서울특별시 중랑구청,2026-02-26
망우본동401-19,1,,서울특별시 중랑구 망우본동 401-19,37.58437454,127.0805347,,,02-2094-2683,서울특별시 중랑구청,2026-02-26
망우본동396-38,1,,서울특별시 중랑구 망우본동 396-38,37.58486021,127.0803478,,,02-2094-2683,서울특별시 중랑구청,2026-02-26
망우본동401-9,1,,서울특별시 중랑구 망우본동 401-9,37.58511904,127.0803846,,,02-2094-2683,서울특별시 중랑구청,2026-02-26
망우본동400-19,1,,서울특별시 중랑구 망우본동 400-19,37.58548392,127.0804252,,,02-2094-2683,서울특별시 중랑구청,2026-02-26
망우본동400-17,1,,서울특별시 중랑구 망우본동 400-17,37.58571055,127.0802493,,,02-2094-2683,서울특별시 중랑구청,2026-02-26
망우본동401-24,1,,서울특별시 중랑구 망우본동 401-24,37.58606272,127.0802824,,,02-2094-2683,서울특별시 중랑구청,2026-02-26
망우본동401-27,1,,서울특별시 중랑구 망우본동 401-27,37.58616192,127.0802811,,,02-2094-2683,서울특별시 중랑구청,2026-02-26
망우본동401-38,1,,서울특별시 중랑구 망우본동 401-38,37.58642554,127.0810987,,,02-2094-2683,서울특별시 중랑구청,2026-02-26
망우본동401-36,1,,서울특별시 중랑구 망우본동 401-36,37.58631059,127.0805385,,,02-2094-2683,서울특별시 중랑구청,2026-02-26
망우본동365-10,1,,서울특별시 중랑구 망우본동 365-10,37.58631059,127.0805385,,,02-2094-2683,서울특별시 중랑구청,2026-02-26
망우본동365-17,1,,서울특별시 중랑구 망우본동 365-17,37.58603737,127.0806002,,,02-2094-2683,서울특별시 중랑구청,2026-02-26
망우본동365,1,,서울특별시 중랑구 망우본동 365,37.58523844,127.0807626,,,02-2094-2683,서울특별시 중랑구청,2026-02-26
망우본동365-9,1,,서울특별시 중랑구 망우본동 365-9,37.58606272,127.0802824,,,02-2094-2683,서울특별시 중랑구청,2026-02-26
망우본동163-30,1,,서울특별시 중랑구 망우본동 163-30,37.58504594,127.0810896,,,02-2094-2683,서울특별시 중랑구청,2026-02-26
망우본동400-10,1,,서울특별시 중랑구 망우본동 400-10,37.58485024,127.0812267,,,02-2094-2683,서울특별시 중랑구청,2026-02-26
망우본동363-2,1,,서울특별시 중랑구 망우본동 363-2,37.5848572,127.0810665,,,02-2094-2683,서울특별시 중랑구청,2026-02-26
망우본동363,1,,서울특별시 중랑구 망우본동 363,37.58527668,127.0810938,,,02-2094-2683,서울특별시 중랑구청,2026-02-26
망우본동363-1,1,,서울특별시 중랑구 망우본동 363-1,37.58552019,127.0812661,,,02-2094-2683,서울특별시 중랑구청,2026-02-26
망우본동363-8,1,,서울특별시 중랑구 망우본동 363-8,37.58570329,127.0811196,,,02-2094-2683,서울특별시 중랑구청,2026-02-26
망우본동363-15,1,,서울특별시 중랑구 망우본동 363-15,37.58606886,127.0811949,,,02-2094-2683,서울특별시 중랑구청,2026-02-26
망우본동365-20,1,,서울특별시 중랑구 망우본동 365-20,37.58610755,127.0810111,,,02-2094-2683,서울특별시 중랑구청,2026-02-26
망우본동360-19,1,,서울특별시 중랑구 망우본동 360-19,37.58579464,127.0809991,,,02-2094-2683,서울특별시 중랑구청,2026-02-26
망우본동360-18,1,,서울특별시 중랑구 망우본동 360-18,37.58587936,127.0808208,,,02-2094-2683,서울특별시 중랑구청,2026-02-26
망우본동360-13,1,,서울특별시 중랑구 망우본동 360-13,37.58569662,127.0808466,,,02-2094-2683,서울특별시 중랑구청,2026-02-26
망우본동360-3,1,,서울특별시 중랑구 망우본동 360-3,37.58557546,127.0808173,,,02-2094-2683,서울특별시 중랑구청,2026-02-26
망우본동360-1,1,,서울특별시 중랑구 망우본동 360-1,37.5863637,127.0812694,,,02-2094-2683,서울특별시 중랑구청,2026-02-26
망우본동361-1,1,,서울특별시 중랑구 망우본동 361-1,37.58645346,127.0812357,,,02-2094-2683,서울특별시 중랑구청,2026-02-26
망우본동184-27,1,,서울특별시 중랑구 망우본동 184-27,37.58667193,127.0810079,,,02-2094-2683,서울특별시 중랑구청,2026-02-26
망우본동361-5,1,,서울특별시 중랑구 망우본동 361-5,37.58672538,127.0812326,,,02-2094-2683,서울특별시 중랑구청,2026-02-26
망우본동361-6,1,,서울특별시 중랑구 망우본동 361-6,37.58652944,127.081459,,,02-2094-2683,서울특별시 중랑구청,2026-02-26
망우본동366-2,1,,서울특별시 중랑구 망우본동 366-2,37.58637544,127.0813673,,,02-2094-2683,서울특별시 중랑구청,2026-02-26
망우본동366-10,1,,서울특별시 중랑구 망우본동 366-10,37.58523496,127.0791068,,,02-2094-2683,서울특별시 중랑구청,2026-02-26
망우본동400-7,1,,서울특별시 중랑구 망우본동 400-7,37.58665455,127.0819077,,,02-2094-2683,서울특별시 중랑구청,2026-02-26
망우본동400-4,1,,서울특별시 중랑구 망우본동 400-4,37.58674569,127.0817024,,,02-2094-2683,서울특별시 중랑구청,2026-02-26
망우본동153-1,1,,서울특별시 중랑구 망우본동 153-1,37.58699229,127.0821036,,,02-2094-2683,서울특별시 중랑구청,2026-02-26
망우본동400-2,1,,서울특별시 중랑구 망우본동 400-2,37.58688778,127.0822165,,,02-2094-2683,서울특별시 중랑구청,2026-02-26
망우본동400-13,1,,서울특별시 중랑구 망우본동 400-13,37.58657004,127.0821555,,,02-2094-2683,서울특별시 중랑구청,2026-02-26
망우본동400-14,1,,서울특별시 중랑구 망우본동 400-14,37.58665646,127.0825317,,,02-2094-2683,서울특별시 중랑구청,2026-02-26
망우본동400-15,1,,서울특별시 중랑구 망우본동 400-15,37.58682847,127.0826383,,,02-2094-2683,서울특별시 중랑구청,2026-02-26
망우본동126-9,1,,서울특별시 중랑구 망우본동 126-9,37.58669851,127.0828166,,,02-2094-2683,서울특별시 중랑구청,2026-02-26
망우본동153-19,1,,서울특별시 중랑구 망우본동 153-19,37.58676707,127.0830824,,,02-2094-2683,서울특별시 중랑구청,2026-02-26
망우본동153-15,1,,서울특별시 중랑구 망우본동 153-15,37.58719053,127.0833484,,,02-2094-2683,서울특별시 중랑구청,2026-02-26
망우본동400-25,1,,서울특별시 중랑구 망우본동 400-25,37.58719053,127.0833484,,,02-2094-2683,서울특별시 중랑구청,2026-02-26
망우본동379-8,1,,서울특별시 중랑구 망우본동 379-8,37.58628444,127.0829111,,,02-2094-2683,서울특별시 중랑구청,2026-02-26
망우본동379-4,1,,서울특별시 중랑구 망우본동 379-4,37.58644836,127.0832535,,,02-2094-2683,서울특별시 중랑구청,2026-02-26
망우본동153-7,1,,서울특별시 중랑구 망우본동 153-7,37.58606263,127.0828962,,,02-2094-2683,서울특별시 중랑구청,2026-02-26
망우본동126-85,1,,서울특별시 중랑구 망우본동 126-85,37.5859835,127.0829245,,,02-2094-2683,서울특별시 중랑구청,2026-02-26
망우본동126-92,1,,서울특별시 중랑구 망우본동 126-92,37.58593134,127.0830507,,,02-2094-2683,서울특별시 중랑구청,2026-02-26
망우본동291-3,1,,서울특별시 중랑구 망우본동 291-3,37.58576945,127.0830169,,,02-2094-2683,서울특별시 중랑구청,2026-02-26
망우본동202-10,1,,서울특별시 중랑구 망우본동 202-10,37.58567027,127.0828585,,,02-2094-2683,서울특별시 중랑구청,2026-02-26
망우본동산69-1,1,,서울특별시 중랑구 망우본동 산69-1,37.58536403,127.0828529,,,02-2094-2683,서울특별시 중랑구청,2026-02-26
망우본동122-1,1,,서울특별시 중랑구 망우본동 122-1,37.58545757,127.0829588,,,02-2094-2683,서울특별시 중랑구청,2026-02-26
망우본동69-1,1,,서울특별시 중랑구 망우본동 69-1,37.58526312,127.0828554,,,02-2094-2683,서울특별시 중랑구청,2026-02-26
망우본동389-3,1,,서울특별시 중랑구 망우본동 389-3,37.58501103,127.082960,,,02-2094-2683,서울특별시 중랑구청,2026-02-26
망우본동403-37,1,,서울특별시 중랑구 망우본동 403-37,37.58501283,127.0828395,,,02-2094-2683,서울특별시 중랑구청,2026-02-26
망우본동403-64,1,,서울특별시 중랑구 망우본동 403-64,37.58478115,127.0828928,,,02-2094-2683,서울특별시 중랑구청,2026-02-26
망우본동403-52,1,,서울특별시 중랑구 망우본동 403-52,37.58480428,127.0830595,,,02-2094-2683,서울특별시 중랑구청,2026-02-26
망우본동403-46,1,,서울특별시 중랑구 망우본동 403-46,37.58495266,127.0830786,,,02-2094-2683,서울특별시 중랑구청,2026-02-26
망우본동403-58,1,,서울특별시 중랑구 망우본동 403-58,37.58536168,127.0829796,,,02-2094-2683,서울특별시 중랑구청,2026-02-26
망우본동402-86,1,,서울특별시 중랑구 망우본동 402-86,37.58617758,127.0831787,,,02-2094-2683,서울특별시 중랑구청,2026-02-26
망우본동402-83,1,,서울특별시 중랑구 망우본동 402-83,37.58627967,127.0831661,,,02-2094-2683,서울특별시 중랑구청,2026-02-26
망우본동402-82,1,,서울특별시 중랑구 망우본동 402-82,,,,,02-2094-2683,서울특별시 중랑구청,2026-02-26
망우본동402-73,1,,서울특별시 중랑구 망우본동 402-73,37.5862474,127.0826645,,,02-2094-2683,서울특별시 중랑구청,2026-02-26
망우본동405-12,1,,서울특별시 중랑구 망우본동 405-12,37.5862474,127.0826645,,,02-2094-2683,서울특별시 중랑구청,2026-02-26
망우본동402-76,1,,서울특별시 중랑구 망우본동 402-76,37.58645718,127.0823778,,,02-2094-2683,서울특별시 중랑구청,2026-02-26
망우본동402-34,1,,서울특별시 중랑구 망우본동 402-34,37.58606959,127.0823462,,,02-2094-2683,서울특별시 중랑구청,2026-02-26
망우본동405-10,1,,서울특별시 중랑구 망우본동 405-10,37.58584508,127.082329,,,02-2094-2683,서울특별시 중랑구청,2026-02-26
망우본동402-52,1,,서울특별시 중랑구 망우본동 402-52,37.58581653,127.0821749,,,02-2094-2683,서울특별시 중랑구청,2026-02-26
망우본동402-49,1,,서울특별시 중랑구 망우본동 402-49,37.58612304,127.0821837,,,02-2094-2683,서울특별시 중랑구청,2026-02-26
망우본동402-57,1,,서울특별시 중랑구 망우본동 402-57,37.58553408,127.0821549,,,02-2094-2683,서울특별시 중랑구청,2026-02-26
망우본동402-43,1,,서울특별시 중랑구 망우본동 402-43,37.58551416,127.0824272,,,02-2094-2683,서울특별시 중랑구청,2026-02-26
망우본동402-71,1,,서울특별시 중랑구 망우본동 402-71,37.58591915,127.0825629,,,02-2094-2683,서울특별시 중랑구청,2026-02-26
망우본동402-70,1,,서울특별시 중랑구 망우본동 402-70,37.58537552,127.0825224,,,02-2094-2683,서울특별시 중랑구청,2026-02-26
망우본동402-135,1,,서울특별시 중랑구 망우본동 402-135,37.58535418,127.0822421,,,02-2094-2683,서울특별시 중랑구청,2026-02-26
망우본동382-3,1,,서울특별시 중랑구 망우본동 382-3,37.58544526,127.0823902,,,02-2094-2683,서울특별시 중랑구청,2026-02-26
망우본동382-1,1,,서울특별시 중랑구 망우본동 382-1,37.58524526,127.0821105,,,02-2094-2683,서울특별시 중랑구청,2026-02-26
망우본동383-4,1,,서울특별시 중랑구 망우본동 383-4,37.58504459,127.0821303,,,02-2094-2683,서울특별시 중랑구청,2026-02-26
망우본동384-3,1,,서울특별시 중랑구 망우본동 384-3,37.58482503,127.0821114,,,02-2094-2683,서울특별시 중랑구청,2026-02-26
망우본동389-4,1,,서울특별시 중랑구 망우본동 389-4,37.58617452,127.0830406,,,02-2094-2683,서울특별시 중랑구청,2026-02-26
망우본동388-5,1,,서울특별시 중랑구 망우본동 388-5,37.58479783,127.0826208,,,02-2094-2683,서울특별시 중랑구청,2026-02-26
망우본동388-2,1,,서울특별시 중랑구 망우본동 388-2,37.5844861,127.0829788,,,02-2094-2683,서울특별시 중랑구청,2026-02-26
망우본동402-97,1,,서울특별시 중랑구 망우본동 402-97,37.58429173,127.0828861,,,02-2094-2683,서울특별시 중랑구청,2026-02-26
망우본동402-27,1,,서울특별시 중랑구 망우본동 402-27,37.58429173,127.0828861,,,02-2094-2683,서울특별시 중랑구청,2026-02-26
망우본동402-28,1,,서울특별시 중랑구 망우본동 402-28,37.58410756,127.0828966,,,02-2094-2683,서울특별시 중랑구청,2026-02-26
망우본동402-61,1,,서울특별시 중랑구 망우본동 402-61,37.58395694,127.0829895,,,02-2094-2683,서울특별시 중랑구청,2026-02-26
망우본동405-25,1,,서울특별시 중랑구 망우본동 405-25,37.58365875,127.0831882,,,02-2094-2683,서울특별시 중랑구청,2026-02-26
망우본동153-10,1,,서울특별시 중랑구 망우본동 153-10,37.58365875,127.0831882,,,02-2094-2683,서울특별시 중랑구청,2026-02-26
망우본동153-59,1,,서울특별시 중랑구 망우본동 153-59,37.5844861,127.0829788,,,02-2094-2683,서울특별시 중랑구청,2026-02-26
망우본동153-57,1,,서울특별시 중랑구 망우본동 153-57,37.58367649,127.0828187,,,02-2094-2683,서울특별시 중랑구청,2026-02-26
망우본동127-24,1,,서울특별시 중랑구 망우본동 127-24,37.58347584,127.0826945,,,02-2094-2683,서울특별시 중랑구청,2026-02-26
망우본동153-53,1,,서울특별시 중랑구 망우본동 153-53,37.58350136,127.0831803,,,02-2094-2683,서울특별시 중랑구청,2026-02-26
망우본동153-5,1,,서울특별시 중랑구 망우본동 153-5,37.58423306,127.0825263,,,02-2094-2683,서울특별시 중랑구청,2026-02-26
망우본동153-4,1,,서울특별시 중랑구 망우본동 153-4,37.58465832,127.0825381,,,02-2094-2683,서울특별시 중랑구청,2026-02-26
망우본동151-12,1,,서울특별시 중랑구 망우본동 151-12,37.58466192,127.0824132,,,02-2094-2683,서울특별시 중랑구청,2026-02-26
망우본동151-19,1,,서울특별시 중랑구 망우본동 151-19,37.58465323,127.0820858,,,02-2094-2683,서울특별시 중랑구청,2026-02-26
망우본동151-18,1,,서울특별시 중랑구 망우본동 151-18,37.58431527,127.082077,,,02-2094-2683,서울특별시 중랑구청,2026-02-26
망우본동151-7,1,,서울특별시 중랑구 망우본동 151-7,37.58425022,127.0820756,,,02-2094-2683,서울특별시 중랑구청,2026-02-26
망우본동151-35,1,,서울특별시 중랑구 망우본동 151-35,37.58408274,127.0820614,,,02-2094-2683,서울특별시 중랑구청,2026-02-26
망우본동151-11,1,,서울특별시 중랑구 망우본동 151-11,37.58360765,127.0820613,,,02-2094-2683,서울특별시 중랑구청,2026-02-26
망우본동151-33,1,,서울특별시 중랑구 망우본동 151-33,37.58348655,127.082189,,,02-2094-2683,서울특별시 중랑구청,2026-02-26
망우본동151-2,1,,서울특별시 중랑구 망우본동 151-2,37.58375447,127.0823722,,,02-2094-2683,서울특별시 중랑구청,2026-02-26
망우본동140,1,,서울특별시 중랑구 망우본동 140,37.58392286,127.0823889,,,02-2094-2683,서울특별시 중랑구청,2026-02-26
망우본동579,1,,서울특별시 중랑구 망우본동 579,37.58437316,127.0824075,,,02-2094-2683,서울특별시 중랑구청,2026-02-26
망우본동144-2,1,,서울특별시 중랑구 망우본동 144-2,,,,,02-2094-2683,서울특별시 중랑구청,2026-02-26
망우본동151-27,1,,서울특별시 중랑구 망우본동 151-27,,,,,02-2094-2683,서울특별시 중랑구청,2026-02-26
망우본동151-20,1,,서울특별시 중랑구 망우본동 151-20,,,,,02-2094-2683,서울특별시 중랑구청,2026-02-26
망우본동151-30,1,,서울특별시 중랑구 망우본동 151-30,,,,,02-2094-2683,서울특별시 중랑구청,2026-02-26
망우본동152-33,1,,서울특별시 중랑구 망우본동 152-33,,,,,02-2094-2683,서울특별시 중랑구청,2026-02-26
망우본동152-31,1,,서울특별시 중랑구 망우본동 152-31,,,,,02-2094-2683,서울특별시 중랑구청,2026-02-26
망우본동152-8,1,,서울특별시 중랑구 망우본동 152-8,,,,,02-2094-2683,서울특별시 중랑구청,2026-02-26
망우본동152-13,1,,서울특별시 중랑구 망우본동 152-13,,,,,02-2094-2683,서울특별시 중랑구청,2026-02-26
망우본동382-2,1,,서울특별시 중랑구 망우본동 382-2,,,,,02-2094-2683,서울특별시 중랑구청,2026-02-26
망우본동152-1,1,,서울특별시 중랑구 망우본동 152-1,,,,,02-2094-2683,서울특별시 중랑구청,2026-02-26
망우본동152-35,1,,서울특별시 중랑구 망우본동 152-35,,,,,02-2094-2683,서울특별시 중랑구청,2026-02-26
망우본동152-41,1,,서울특별시 중랑구 망우본동 152-41,,,,,02-2094-2683,서울특별시 중랑구청,2026-02-26
망우본동152-37,1,,서울특별시 중랑구 망우본동 152-37,,,,,02-2094-2683,서울특별시 중랑구청,2026-02-26
망우본동152-10,1,,서울특별시 중랑구 망우본동 152-10,,,,,02-2094-2683,서울특별시 중랑구청,2026-02-26
망우본동152-40,1,,서울특별시 중랑구 망우본동 152-40,,,,,02-2094-2683,서울특별시 중랑구청,2026-02-26
망우본동152-18,1,,서울특별시 중랑구 망우본동 152-18,,,,,02-2094-2683,서울특별시 중랑구청,2026-02-26
망우본동155-16,1,,서울특별시 중랑구 망우본동 155-16,,,,,02-2094-2683,서울특별시 중랑구청,2026-02-26
망우본동182-61,1,,서울특별시 중랑구 망우본동 182-61,,,,,02-2094-2683,서울특별시 중랑구청,2026-02-26
망우본동155-2,1,,서울특별시 중랑구 망우본동 155-2,,,,,02-2094-2683,서울특별시 중랑구청,2026-02-26
망우본동155-19,1,,서울특별시 중랑구 망우본동 155-19,,,,,02-2094-2683,서울특별시 중랑구청,2026-02-26
망우본동155-23,1,,서울특별시 중랑구 망우본동 155-23,,,,,02-2094-2683,서울특별시 중랑구청,2026-02-26
망우본동155-28,1,,서울특별시 중랑구 망우본동 155-28,,,,,02-2094-2683,서울특별시 중랑구청,2026-02-26
망우본동43-8,1,,서울특별시 중랑구 망우본동 43-8,,,,,02-2094-2683,서울특별시 중랑구청,2026-02-26
망우본동155-7,1,,서울특별시 중랑구 망우본동 155-7,,,,,02-2094-2683,서울특별시 중랑구청,2026-02-26
망우본동155-5,1,,서울특별시 중랑구 망우본동 155-5,,,,,02-2094-2683,서울특별시 중랑구청,2026-02-26
망우본동355-12,1,,서울특별시 중랑구 망우본동 355-12,,,,,02-2094-2683,서울특별시 중랑구청,2026-02-26
망우본동184-34,1,,서울특별시 중랑구 망우본동 184-34,,,,,02-2094-2683,서울특별시 중랑구청,2026-02-26
망우본동184-19,1,,서울특별시 중랑구 망우본동 184-19,,,,,02-2094-2683,서울특별시 중랑구청,2026-02-26
망우본동184-24,1,,서울특별시 중랑구 망우본동 184-24,,,,,02-2094-2683,서울특별시 중랑구청,2026-02-26
망우본동202-24,1,,서울특별시 중랑구 망우본동 202-24,,,,,02-2094-2683,서울특별시 중랑구청,2026-02-26
망우본동202-1,1,,서울특별시 중랑구 망우본동 202-1,,,,,02-2094-2683,서울특별시 중랑구청,2026-02-26
망우본동202-13,1,,서울특별시 중랑구 망우본동 202-13,,,,,02-2094-2683,서울특별시 중랑구청,2026-02-26
망우본동202-15,1,,서울특별시 중랑구 망우본동 202-15,,,,,02-2094-2683,서울특별시 중랑구청,2026-02-26
망우본동202-17,1,,서울특별시 중랑구 망우본동 202-17,,,,,02-2094-2683,서울특별시 중랑구청,2026-02-26
망우본동183-3,1,,서울특별시 중랑구 망우본동 183-3,,,,,02-2094-2683,서울특별시 중랑구청,2026-02-26
망우본동207-2,1,,서울특별시 중랑구 망우본동 207-2,,,,,02-2094-2683,서울특별시 중랑구청,2026-02-26
망우본동207-16,1,,서울특별시 중랑구 망우본동 207-16,,,,,02-2094-2683,서울특별시 중랑구청,2026-02-26
망우본동207-20,1,,서울특별시 중랑구 망우본동 207-20,,,,,02-2094-2683,서울특별시 중랑구청,2026-02-26
망우본동149-17,1,,서울특별시 중랑구 망우본동 149-17,,,,,02-2094-2683,서울특별시 중랑구청,2026-02-26
망우본동182-36,1,,서울특별시 중랑구 망우본동 182-36,,,,,02-2094-2683,서울특별시 중랑구청,2026-02-26
망우본동575,1,,서울특별시 중랑구 망우본동 575,,,,,02-2094-2683,서울특별시 중랑구청,2026-02-26
망우본동182-39,1,,서울특별시 중랑구 망우본동 182-39,,,,,02-2094-2683,서울특별시 중랑구청,2026-02-26
망우본동182-47,1,,서울특별시 중랑구 망우본동 182-47,,,,,02-2094-2683,서울특별시 중랑구청,2026-02-26
망우본동183-10,1,,서울특별시 중랑구 망우본동 183-10,,,,,02-2094-2683,서울특별시 중랑구청,2026-02-26
망우본동183-15,1,,서울특별시 중랑구 망우본동 183-15,,,,,02-2094-2683,서울특별시 중랑구청,2026-02-26
망우본동182-37,1,,서울특별시 중랑구 망우본동 182-37,,,,,02-2094-2683,서울특별시 중랑구청,2026-02-26
망우본동149-46,1,,서울특별시 중랑구 망우본동 149-46,,,,,02-2094-2683,서울특별시 중랑구청,2026-02-26
망우본동149-43,1,,서울특별시 중랑구 망우본동 149-43,37.58386191,127.0808741,,,02-2094-2683,서울특별시 중랑구청,2026-02-26
망우본동149-33,1,,서울특별시 중랑구 망우본동 149-33,37.58483063,127.0814403,,,02-2094-2683,서울특별시 중랑구청,2026-02-26
망우본동149-24,1,,서울특별시 중랑구 망우본동 149-24,37.58502659,127.0814489,,,02-2094-2683,서울특별시 중랑구청,2026-02-26
망우본동149-22,1,,서울특별시 중랑구 망우본동 149-22,37.58547393,127.0814566,,,02-2094-2683,서울특별시 중랑구청,2026-02-26
망우본동149-8,1,,서울특별시 중랑구 망우본동 149-8,37.58532823,127.0816017,,,02-2094-2683,서울특별시 중랑구청,2026-02-26
망우본동149-10,1,,서울특별시 중랑구 망우본동 149-10,37.58496433,127.0815929,,,02-2094-2683,서울특별시 중랑구청,2026-02-26
망우본동133-33,1,,서울특별시 중랑구 망우본동 133-33,37.58483008,127.0815908,,,02-2094-2683,서울특별시 중랑구청,2026-02-26
망우본동163-48,1,,서울특별시 중랑구 망우본동 163-48,37.58554642,127.0816479,,,02-2094-2683,서울특별시 중랑구청,2026-02-26
망우본동163-51,1,,서울특별시 중랑구 망우본동 163-51,37.58569799,127.0814804,,,02-2094-2683,서울특별시 중랑구청,2026-02-26
망우본동163-52,1,,서울특별시 중랑구 망우본동 163-52,37.58580845,127.081488,,,02-2094-2683,서울특별시 중랑구청,2026-02-26
망우본동163-45,1,,서울특별시 중랑구 망우본동 163-45,37.58582337,127.0816644,,,02-2094-2683,서울특별시 중랑구청,2026-02-26
망우본동163-62,1,,서울특별시 중랑구 망우본동 163-62,37.58613172,127.0815002,,,02-2094-2683,서울특별시 중랑구청,2026-02-26
망우본동163-65,1,,서울특별시 중랑구 망우본동 163-65,37.58613051,127.0818064,,,02-2094-2683,서울특별시 중랑구청,2026-02-26
망우본동163-43,1,,서울특별시 중랑구 망우본동 163-43,37.5844861,127.0829788,,,02-2094-2683,서울특별시 중랑구청,2026-02-26
망우본동163-39,1,,서울특별시 중랑구 망우본동 163-39,37.58445745,127.0827275,,,02-2094-2683,서울특별시 중랑구청,2026-02-26
망우본동163-25,1,,서울특별시 중랑구 망우본동 163-25,37.58384756,127.0827325,,,02-2094-2683,서울특별시 중랑구청,2026-02-26
망우본동163-35,1,,서울특별시 중랑구 망우본동 163-35,37.5844861,127.0829788,,,02-2094-2683,서울특별시 중랑구청,2026-02-26
망우본동133-26,1,,서울특별시 중랑구 망우본동 133-26,37.58553035,127.0793161,,,02-2094-2683,서울특별시 중랑구청,2026-02-26
망우본동403-33,1,,서울특별시 중랑구 망우본동 403-33,37.58482321,127.0818759,,,02-2094-2683,서울특별시 중랑구청,2026-02-26
망우본동133-19,1,,서울특별시 중랑구 망우본동 133-19,37.58644836,127.0832535,,,02-2094-2683,서울특별시 중랑구청,2026-02-26
망우본동133-20,1,,서울특별시 중랑구 망우본동 133-20,37.58469006,127.0814602,,,02-2094-2683,서울특별시 중랑구청,2026-02-26
망우본동315-25,1,,서울특별시 중랑구 망우본동 315-25,37.58352116,127.0784636,,,02-2094-2683,서울특별시 중랑구청,2026-02-26
망우본동163-15,1,,서울특별시 중랑구 망우본동 163-15,37.58398815,127.0813923,,,02-2094-2683,서울특별시 중랑구청,2026-02-26
망우본동133-11,1,,서울특별시 중랑구 망우본동 133-11,,,,,02-2094-2683,서울특별시 중랑구청,2026-02-26
망우본동133-9,1,,서울특별시 중랑구 망우본동 133-9,,,,,02-2094-2683,서울특별시 중랑구청,2026-02-26
망우본동132-3,1,,서울특별시 중랑구 망우본동 132-3,37.58599219,127.0819706,,,02-2094-2683,서울특별시 중랑구청,2026-02-26
망우본동56,1,,서울특별시 중랑구 망우본동 56,37.58494433,127.0823652,,,02-2094-2683,서울특별시 중랑구청,2026-02-26
망우본동381-5,1,,서울특별시 중랑구 망우본동 381-5,37.58437717,127.0774163,,,02-2094-2683,서울특별시 중랑구청,2026-02-26
망우본동92-53,1,,서울특별시 중랑구 망우본동 92-53,37.58386921,127.0772491,,,02-2094-2683,서울특별시 중랑구청,2026-02-26
망우본동178-82,1,,서울특별시 중랑구 망우본동 178-82,37.5845297,127.0814437,,,02-2094-2683,서울특별시 중랑구청,2026-02-26
망우본동178-83,1,,서울특별시 중랑구 망우본동 178-83,,,,,02-2094-2683,서울특별시 중랑구청,2026-02-26
망우본동137-1,1,,서울특별시 중랑구 망우본동 137-1,37.58630052,127.0824651,,,02-2094-2683,서울특별시 중랑구청,2026-02-26
망우본동52-3,1,,서울특별시 중랑구 망우본동 52-3,37.58528596,127.0762367,,,02-2094-2683,서울특별시 중랑구청,2026-02-26
망우본동75,1,,서울특별시 중랑구 망우본동 75,37.58653496,127.0827251,,,02-2094-2683,서울특별시 중랑구청,2026-02-26
망우본동75-6,1,,서울특별시 중랑구 망우본동 75-6,37.58194768,127.0785833,,,02-2094-2683,서울특별시 중랑구청,2026-02-26
망우본동산 30-29,1,,서울특별시 중랑구 망우본동 산 30-29,37.58555317,127.0829434,,,02-2094-2683,서울특별시 중랑구청,2026-02-26
망우본동132-6,1,,서울특별시 중랑구 망우본동 132-6,37.5851077,127.0829817,,,02-2094-2683,서울특별시 중랑구청,2026-02-26
망우본동72,1,,서울특별시 중랑구 망우본동 72,37.58116361,127.0799623,,,02-2094-2683,서울특별시 중랑구청,2026-02-26
망우본동204-1,1,,서울특별시 중랑구 망우본동 204-1,37.58194768,127.0785833,,,02-2094-2683,서울특별시 중랑구청,2026-02-26
망우본동184-26,1,,서울특별시 중랑구 망우본동 184-26,37.58453565,127.0779651,,,02-2094-2683,서울특별시 중랑구청,2026-02-26
망우본동75-1,1,,서울특별시 중랑구 망우본동 75-1,,,,,02-2094-2683,서울특별시 중랑구청,2026-02-26
망우본동295-2,1,,서울특별시 중랑구 망우본동 295-2,37.58514618,127.0792911,,,02-2094-2683,서울특별시 중랑구청,2026-02-26
망우본동149,1,,서울특별시 중랑구 망우본동 149,,,,,02-2094-2683,서울특별시 중랑구청,2026-02-26
망우본동296-3,1,,서울특별시 중랑구 망우본동 296-3,37.58573489,127.0776661,,,02-2094-2683,서울특별시 중랑구청,2026-02-26
망우본동73,1,,서울특별시 중랑구 망우본동 73,37.58494237,127.0787628,,,02-2094-2683,서울특별시 중랑구청,2026-02-26
망우본동74,1,,서울특별시 중랑구 망우본동 74,37.58194768,127.0785833,,,02-2094-2683,서울특별시 중랑구청,2026-02-26
망우본동341-3,1,,서울특별시 중랑구 망우본동 341-3,37.58194768,127.0785833,,,02-2094-2683,서울특별시 중랑구청,2026-02-26
망우본동403-51,1,,서울특별시 중랑구 망우본동 403-51,,,,,02-2094-2683,서울특별시 중랑구청,2026-02-26
망우본동75-23,1,,서울특별시 중랑구 망우본동 75-23,37.58678675,127.0827764,,,02-2094-2683,서울특별시 중랑구청,2026-02-26
망우본동354-14,1,,서울특별시 중랑구 망우본동 354-14,,,,,02-2094-2683,서울특별시 중랑구청,2026-02-26
망우본동354-24,1,,서울특별시 중랑구 망우본동 354-24,37.58544421,127.0809079,,,02-2094-2683,서울특별시 중랑구청,2026-02-26
망우본동354-38,1,,서울특별시 중랑구 망우본동 354-38,37.58540432,127.0819313,,,02-2094-2683,서울특별시 중랑구청,2026-02-26
망우본동354-34,1,,서울특별시 중랑구 망우본동 354-34,37.58442363,127.0767419,,,02-2094-2683,서울특별시 중랑구청,2026-02-26
망우본동354-16,1,,서울특별시 중랑구 망우본동 354-16,37.58442363,127.0767419,,,02-2094-2683,서울특별시 중랑구청,2026-02-26
망우본동357-18,1,,서울특별시 중랑구 망우본동 357-18,,,,,02-2094-2683,서울특별시 중랑구청,2026-02-26
망우본동354-4,1,,서울특별시 중랑구 망우본동 354-4,37.58667193,127.0810079,,,02-2094-2683,서울특별시 중랑구청,2026-02-26
망우본동357-34,1,,서울특별시 중랑구 망우본동 357-34,37.58509137,127.0824892,,,02-2094-2683,서울특별시 중랑구청,2026-02-26
망우본동357-32,1,,서울특별시 중랑구 망우본동 357-32,37.58591887,127.0773925,,,02-2094-2683,서울특별시 중랑구청,2026-02-26
망우본동357-30,1,,서울특별시 중랑구 망우본동 357-30,37.58523784,127.0780415,,,02-2094-2683,서울특별시 중랑구청,2026-02-26
망우본동357-6,1,,서울특별시 중랑구 망우본동 357-6,37.58335722,127.0777262,,,02-2094-2683,서울특별시 중랑구청,2026-02-26
망우본동357-4,1,,서울특별시 중랑구 망우본동 357-4,37.58194768,127.0785833,,,02-2094-2683,서울특별시 중랑구청,2026-02-26
망우본동357-13,1,,서울특별시 중랑구 망우본동 357-13,37.58355835,127.0787664,,,02-2094-2683,서울특별시 중랑구청,2026-02-26
망우본동356-38,1,,서울특별시 중랑구 망우본동 356-38,,,,,02-2094-2683,서울특별시 중랑구청,2026-02-26
망우본동356-26,1,,서울특별시 중랑구 망우본동 356-26,,,,,02-2094-2683,서울특별시 중랑구청,2026-02-26
망우본동356-35,1,,서울특별시 중랑구 망우본동 356-35,,,,,02-2094-2683,서울특별시 중랑구청,2026-02-26
망우본동356-4,1,,서울특별시 중랑구 망우본동 356-4,37.58311868,127.0775283,,,02-2094-2683,서울특별시 중랑구청,2026-02-26
망우본동356-1,1,,서울특별시 중랑구 망우본동 356-1,37.58397779,127.0791348,,,02-2094-2683,서울특별시 중랑구청,2026-02-26
망우본동356-9,1,,서울특별시 중랑구 망우본동 356-9,37.58561868,127.0811239,,,02-2094-2683,서울특별시 중랑구청,2026-02-26
망우본동356-18,1,,서울특별시 중랑구 망우본동 356-18,37.58474171,127.0793156,,,02-2094-2683,서울특별시 중랑구청,2026-02-26
망우본동356-10,1,,서울특별시 중랑구 망우본동 356-10,37.58408192,127.0822072,,,02-2094-2683,서울특별시 중랑구청,2026-02-26
망우본동355-29,1,,서울특별시 중랑구 망우본동 355-29,37.58335563,127.0786343,,,02-2094-2683,서울특별시 중랑구청,2026-02-26
망우본동355-33,1,,서울특별시 중랑구 망우본동 355-33,,,,,02-2094-2683,서울특별시 중랑구청,2026-02-26
망우본동355-34,1,,서울특별시 중랑구 망우본동 355-34,,,,,02-2094-2683,서울특별시 중랑구청,2026-02-26
망우본동491-53,1,,서울특별시 중랑구 망우본동 491-53,37.58375309,127.0808574,,,02-2094-2683,서울특별시 중랑구청,2026-02-26
망우본동355-7,1,,서울특별시 중랑구 망우본동 355-7,37.58194768,127.0785833,,,02-2094-2683,서울특별시 중랑구청,2026-02-26
망우본동355-16,1,,서울특별시 중랑구 망우본동 355-16,37.58495266,127.0830786,,,02-2094-2683,서울특별시 중랑구청,2026-02-26
망우본동355-1,1,,서울특별시 중랑구 망우본동 355-1,37.58557546,127.0808173,,,02-2094-2683,서울특별시 중랑구청,2026-02-26
망우본동355-6,1,,서울특별시 중랑구 망우본동 355-6,37.58536749,127.0779064,,,02-2094-2683,서울특별시 중랑구청,2026-02-26
망우본동355-35,1,,서울특별시 중랑구 망우본동 355-35,37.58514165,127.0777139,,,02-2094-2683,서울특별시 중랑구청,2026-02-26
망우본동355-38,1,,서울특별시 중랑구 망우본동 355-38,37.58562123,127.0804308,,,02-2094-2683,서울특별시 중랑구청,2026-02-26
망우본동355-44,1,,서울특별시 중랑구 망우본동 355-44,37.58575575,127.0774644,,,02-2094-2683,서울특별시 중랑구청,2026-02-26
망우본동355-47,1,,서울특별시 중랑구 망우본동 355-47,37.58464368,127.0801248,,,02-2094-2683,서울특별시 중랑구청,2026-02-26
망우본동353-19,1,,서울특별시 중랑구 망우본동 353-19,,,,,02-2094-2683,서울특별시 중랑구청,2026-02-26
망우본동353-10,1,,서울특별시 중랑구 망우본동 353-10,37.58357854,127.0792955,,,02-2094-2683,서울특별시 중랑구청,2026-02-26
망우본동353-37,1,,서울특별시 중랑구 망우본동 353-37,37.58627967,127.0831661,,,02-2094-2683,서울특별시 중랑구청,2026-02-26
망우본동353-36,1,,서울특별시 중랑구 망우본동 353-36,37.58350136,127.0831803,,,02-2094-2683,서울특별시 중랑구청,2026-02-26
망우본동350-23,1,,서울특별시 중랑구 망우본동 350-23,37.58450948,127.0824076,,,02-2094-2683,서울특별시 중랑구청,2026-02-26
망우본동349-29,1,,서울특별시 중랑구 망우본동 349-29,37.58445981,127.0828311,,,02-2094-2683,서울특별시 중랑구청,2026-02-26
망우본동353-28,1,,서울특별시 중랑구 망우본동 353-28,37.58469989,127.0805364,,,02-2094-2683,서울특별시 중랑구청,2026-02-26
망우본동353-3,1,,서울특별시 중랑구 망우본동 353-3,37.58465252,127.0829668,,,02-2094-2683,서울특별시 중랑구청,2026-02-26
망우본동353-30,1,,서울특별시 중랑구 망우본동 353-30,37.58384756,127.0827325,,,02-2094-2683,서울특별시 중랑구청,2026-02-26
망우본동353-32,1,,서울특별시 중랑구 망우본동 353-32,37.58747899,127.0784174,,,02-2094-2683,서울특별시 중랑구청,2026-02-26
망우본동353-17,1,,서울특별시 중랑구 망우본동 353-17,37.58538597,127.078561,,,02-2094-2683,서울특별시 중랑구청,2026-02-26
망우본동353-16,1,,서울특별시 중랑구 망우본동 353-16,37.57906239,127.0850054,,,02-2094-2683,서울특별시 중랑구청,2026-02-26
망우본동340-17,1,,서울특별시 중랑구 망우본동 340-17,37.58124239,127.0807092,,,02-2094-2683,서울특별시 중랑구청,2026-02-26
망우본동340-28,1,,서울특별시 중랑구 망우본동 340-28,37.58353639,127.0773676,,,02-2094-2683,서울특별시 중랑구청,2026-02-26
망우본동340-16,1,,서울특별시 중랑구 망우본동 340-16,37.5846732,127.0788242,,,02-2094-2683,서울특별시 중랑구청,2026-02-26
망우본동352-25,1,,서울특별시 중랑구 망우본동 352-25,37.5856133,127.0786905,,,02-2094-2683,서울특별시 중랑구청,2026-02-26
망우본동352-20,1,,서울특별시 중랑구 망우본동 352-20,37.5858529,127.0785095,,,02-2094-2683,서울특별시 중랑구청,2026-02-26
망우본동352-3,1,,서울특별시 중랑구 망우본동 352-3,37.58552919,127.0780777,,,02-2094-2683,서울특별시 중랑구청,2026-02-26
망우본동352-1,1,,서울특별시 중랑구 망우본동 352-1,37.58493754,127.0778908,,,02-2094-2683,서울특별시 중랑구청,2026-02-26
망우본동352-29,1,,서울특별시 중랑구 망우본동 352-29,37.58495895,127.0774016,,,02-2094-2683,서울특별시 중랑구청,2026-02-26
망우본동352-11,1,,서울특별시 중랑구 망우본동 352-11,37.58473846,127.076737,,,02-2094-2683,서울특별시 중랑구청,2026-02-26
망우본동352-34,1,,서울특별시 중랑구 망우본동 352-34,37.58434334,127.0776097,,,02-2094-2683,서울특별시 중랑구청,2026-02-26
망우본동352-10,1,,서울특별시 중랑구 망우본동 352-10,37.58477005,127.0776235,,,02-2094-2683,서울특별시 중랑구청,2026-02-26
망우본동352-12,1,,서울특별시 중랑구 망우본동 352-12,37.58499133,127.0781622,,,02-2094-2683,서울특별시 중랑구청,2026-02-26
망우본동352-24,1,,서울특별시 중랑구 망우본동 352-24,37.583155,127.0783241,,,02-2094-2683,서울특별시 중랑구청,2026-02-26
망우본동350-48,1,,서울특별시 중랑구 망우본동 350-48,37.58378523,127.0787566,,,02-2094-2683,서울특별시 중랑구청,2026-02-26
망우본동350-43,1,,서울특별시 중랑구 망우본동 350-43,37.58734979,127.0837783,,,02-2094-2683,서울특별시 중랑구청,2026-02-26
망우본동350-15,1,,서울특별시 중랑구 망우본동 350-15,37.58305284,127.0783158,,,02-2094-2683,서울특별시 중랑구청,2026-02-26
망우본동350-8,1,,서울특별시 중랑구 망우본동 350-8,37.58438406,127.076659,,,02-2094-2683,서울특별시 중랑구청,2026-02-26
망우본동350-41,1,,서울특별시 중랑구 망우본동 350-41,37.58406624,127.0783699,,,02-2094-2683,서울특별시 중랑구청,2026-02-26
망우본동350-34,1,,서울특별시 중랑구 망우본동 350-34,37.58453565,127.0779651,,,02-2094-2683,서울특별시 중랑구청,2026-02-26
망우본동350-6,1,,서울특별시 중랑구 망우본동 350-6,37.58437797,127.0783814,,,02-2094-2683,서울특별시 중랑구청,2026-02-26
망우본동350-3,1,,서울특별시 중랑구 망우본동 350-3,37.58526729,127.0784075,,,02-2094-2683,서울특별시 중랑구청,2026-02-26
망우본동349-25,1,,서울특별시 중랑구 망우본동 349-25,37.58459626,127.0764894,,,02-2094-2683,서울특별시 중랑구청,2026-02-26
망우본동349-31,1,,서울특별시 중랑구 망우본동 349-31,37.5856066,127.0766881,,,02-2094-2683,서울특별시 중랑구청,2026-02-26
망우본동349-20,1,,서울특별시 중랑구 망우본동 349-20,37.58617917,127.0806185,,,02-2094-2683,서울특별시 중랑구청,2026-02-26
망우본동349-38,1,,서울특별시 중랑구 망우본동 349-38,37.58606272,127.0802824,,,02-2094-2683,서울특별시 중랑구청,2026-02-26
망우본동349-17,1,,서울특별시 중랑구 망우본동 349-17,37.58511904,127.0803846,,,02-2094-2683,서울특별시 중랑구청,2026-02-26
망우본동349-1,1,,서울특별시 중랑구 망우본동 349-1,37.58395073,127.0805043,,,02-2094-2683,서울특별시 중랑구청,2026-02-26
망우본동351-9,1,,서울특별시 중랑구 망우본동 351-9,37.58367037,127.0830655,,,02-2094-2683,서울특별시 중랑구청,2026-02-26
망우본동349-33,1,,서울특별시 중랑구 망우본동 349-33,37.58302157,127.0780525,,,02-2094-2683,서울특별시 중랑구청,2026-02-26
망우본동349-34,1,,서울특별시 중랑구 망우본동 349-34,37.58476789,127.0784266,,,02-2094-2683,서울특별시 중랑구청,2026-02-26
망우본동344-12,1,,서울특별시 중랑구 망우본동 344-12,37.584951,127.0821034,,,02-2094-2683,서울특별시 중랑구청,2026-02-26
망우본동344-4,1,,서울특별시 중랑구 망우본동 344-4,37.58553408,127.0821549,,,02-2094-2683,서울특별시 중랑구청,2026-02-26
망우본동344-9,1,,서울특별시 중랑구 망우본동 344-9,37.58581653,127.0821749,,,02-2094-2683,서울특별시 중랑구청,2026-02-26
망우본동344-6,1,,서울특별시 중랑구 망우본동 344-6,37.5864022,127.082913,,,02-2094-2683,서울특별시 중랑구청,2026-02-26
망우본동343-4,1,,서울특별시 중랑구 망우본동 343-4,37.58617479,127.0829064,,,02-2094-2683,서울특별시 중랑구청,2026-02-26
망우본동344-24,1,,서울특별시 중랑구 망우본동 344-24,37.58448222,127.0783803,,,02-2094-2683,서울특별시 중랑구청,2026-02-26
망우본동343-24,1,,서울특별시 중랑구 망우본동 343-24,37.58489004,127.0792831,,,02-2094-2683,서울특별시 중랑구청,2026-02-26
망우본동341-30,1,,서울특별시 중랑구 망우본동 341-30,37.58452463,127.0763553,,,02-2094-2683,서울특별시 중랑구청,2026-02-26
망우본동343-19,1,,서울특별시 중랑구 망우본동 343-19,37.58429334,127.0765041,,,02-2094-2683,서울특별시 중랑구청,2026-02-26
망우본동343-14,1,,서울특별시 중랑구 망우본동 343-14,37.58566125,127.0790719,,,02-2094-2683,서울특별시 중랑구청,2026-02-26
망우본동343-40,1,,서울특별시 중랑구 망우본동 343-40,37.58591411,127.0826847,,,02-2094-2683,서울특별시 중랑구청,2026-02-26
망우본동343-34,1,,서울특별시 중랑구 망우본동 343-34,37.58492567,127.0826361,,,02-2094-2683,서울특별시 중랑구청,2026-02-26
망우본동343-45,1,,서울특별시 중랑구 망우본동 343-45,37.58734979,127.0837783,,,02-2094-2683,서울특별시 중랑구청,2026-02-26
망우본동343-42,1,,서울특별시 중랑구 망우본동 343-42,37.58437316,127.0824075,,,02-2094-2683,서울특별시 중랑구청,2026-02-26
망우본동342-48,1,,서울특별시 중랑구 망우본동 342-48,37.58347131,127.0780927,,,02-2094-2683,서울특별시 중랑구청,2026-02-26
망우본동342-50,1,,서울특별시 중랑구 망우본동 342-50,37.58460625,127.0776212,,,02-2094-2683,서울특별시 중랑구청,2026-02-26
망우본동342-43,1,,서울특별시 중랑구 망우본동 342-43,37.58337624,127.0775701,,,02-2094-2683,서울특별시 중랑구청,2026-02-26
망우본동342-62,1,,서울특별시 중랑구 망우본동 342-62,37.58480425,127.0772551,,,02-2094-2683,서울특별시 중랑구청,2026-02-26
망우본동342-32,1,,서울특별시 중랑구 망우본동 342-32,37.5847424,127.078689,,,02-2094-2683,서울특별시 중랑구청,2026-02-26
망우본동342-19,1,,서울특별시 중랑구 망우본동 342-19,37.58450853,127.0774231,,,02-2094-2683,서울특별시 중랑구청,2026-02-26
망우본동342-54,1,,서울특별시 중랑구 망우본동 342-54,37.58026598,127.0794768,,,02-2094-2683,서울특별시 중랑구청,2026-02-26
망우본동469-54,1,,서울특별시 중랑구 망우본동 469-54,37.58503803,127.0768924,,,02-2094-2683,서울특별시 중랑구청,2026-02-26
망우본동342-60,1,,서울특별시 중랑구 망우본동 342-60,37.5851093,127.0766062,,,02-2094-2683,서울특별시 중랑구청,2026-02-26
망우본동343-25,1,,서울특별시 중랑구 망우본동 343-25,37.58537553,127.0767658,,,02-2094-2683,서울특별시 중랑구청,2026-02-26
망우본동342-15,1,,서울특별시 중랑구 망우본동 342-15,37.58557546,127.0808173,,,02-2094-2683,서울특별시 중랑구청,2026-02-26
망우본동342-9,1,,서울특별시 중랑구 망우본동 342-9,37.58480425,127.0772551,,,02-2094-2683,서울특별시 중랑구청,2026-02-26
망우본동342-8,1,,서울특별시 중랑구 망우본동 342-8,37.5846151,127.0783968,,,02-2094-2683,서울특별시 중랑구청,2026-02-26
망우본동342-7,1,,서울특별시 중랑구 망우본동 342-7,37.58626281,127.081635,,,02-2094-2683,서울특별시 중랑구청,2026-02-26
망우본동342-5,1,,서울특별시 중랑구 망우본동 342-5,37.58633514,127.0811354,,,02-2094-2683,서울특별시 중랑구청,2026-02-26
망우본동341-16,1,,서울특별시 중랑구 망우본동 341-16,37.58624309,127.0813545,,,02-2094-2683,서울특별시 중랑구청,2026-02-26
망우본동354-19,1,,서울특별시 중랑구 망우본동 354-19,37.58438108,127.0772193,,,02-2094-2683,서울특별시 중랑구청,2026-02-26
망우본동341-7,1,,서울특별시 중랑구 망우본동 341-7,37.5848055,127.0768603,,,02-2094-2683,서울특별시 중랑구청,2026-02-26
망우본동340-22,1,,서울특별시 중랑구 망우본동 340-22,37.58534694,127.0765376,,,02-2094-2683,서울특별시 중랑구청,2026-02-26
망우본동209-12,1,,서울특별시 중랑구 망우본동 209-12,37.58440483,127.0820772,,,02-2094-2683,서울특별시 중랑구청,2026-02-26
망우본동209-18,1,,서울특별시 중랑구 망우본동 209-18,37.58408274,127.0820614,,,02-2094-2683,서울특별시 중랑구청,2026-02-26
망우본동209-27,1,,서울특별시 중랑구 망우본동 209-27,37.58368886,127.0813647,,,02-2094-2683,서울특별시 중랑구청,2026-02-26
망우본동209-26,1,,서울특별시 중랑구 망우본동 209-26,37.58521922,127.0814626,,,02-2094-2683,서울특별시 중랑구청,2026-02-26
망우본동209-1,1,,서울특별시 중랑구 망우본동 209-1,37.58451831,127.0817644,,,02-2094-2683,서울특별시 중랑구청,2026-02-26
망우본동146-67,1,,서울특별시 중랑구 망우본동 146-67,37.58587936,127.0808208,,,02-2094-2683,서울특별시 중랑구청,2026-02-26
망우본동146-73,1,,서울특별시 중랑구 망우본동 146-73,37.58354801,127.0803442,,,02-2094-2683,서울특별시 중랑구청,2026-02-26
망우본동146-70,1,,서울특별시 중랑구 망우본동 146-70,37.58576429,127.0792557,,,02-2094-2683,서울특별시 중랑구청,2026-02-26
망우본동146-62,1,,서울특별시 중랑구 망우본동 146-62,37.58534694,127.0765376,,,02-2094-2683,서울특별시 중랑구청,2026-02-26
망우본동146-61,1,,서울특별시 중랑구 망우본동 146-61,37.58531658,127.0763943,,,02-2094-2683,서울특별시 중랑구청,2026-02-26
망우본동146-51,1,,서울특별시 중랑구 망우본동 146-51,37.58560385,127.076202,,,02-2094-2683,서울특별시 중랑구청,2026-02-26
망우본동146-50,1,,서울특별시 중랑구 망우본동 146-50,37.58486833,127.0762578,,,02-2094-2683,서울특별시 중랑구청,2026-02-26
망우본동146-43,1,,서울특별시 중랑구 망우본동 146-43,37.58503662,127.0762929,,,02-2094-2683,서울특별시 중랑구청,2026-02-26
망우본동147-17,1,,서울특별시 중랑구 망우본동 147-17,37.58562498,127.076821,,,02-2094-2683,서울특별시 중랑구청,2026-02-26
망우본동147-10,1,,서울특별시 중랑구 망우본동 147-10,37.58559034,127.0771646,,,02-2094-2683,서울특별시 중랑구청,2026-02-26
망우본동147-5,1,,서울특별시 중랑구 망우본동 147-5,37.58532772,127.0771349,,,02-2094-2683,서울특별시 중랑구청,2026-02-26
망우본동134-16,1,,서울특별시 중랑구 망우본동 134-16,37.58495895,127.0774016,,,02-2094-2683,서울특별시 중랑구청,2026-02-26
망우본동134-14,1,,서울특별시 중랑구 망우본동 134-14,37.58495315,127.0775924,,,02-2094-2683,서울특별시 중랑구청,2026-02-26
망우본동134-33,1,,서울특별시 중랑구 망우본동 134-33,37.58515833,127.0774118,,,02-2094-2683,서울특별시 중랑구청,2026-02-26
망우본동134-31,1,,서울특별시 중랑구 망우본동 134-31,,,,,02-2094-2683,서울특별시 중랑구청,2026-02-26
망우본동134-4,1,,서울특별시 중랑구 망우본동 134-4,37.58526838,127.0779044,,,02-2094-2683,서울특별시 중랑구청,2026-02-26
망우본동134-2,1,,서울특별시 중랑구 망우본동 134-2,37.58536124,127.0772739,,,02-2094-2683,서울특별시 중랑구청,2026-02-26
망우본동135-4,1,,서울특별시 중랑구 망우본동 135-4,37.58527598,127.0773098,,,02-2094-2683,서울특별시 중랑구청,2026-02-26
망우본동136-21,1,,서울특별시 중랑구 망우본동 136-21,37.58575575,127.0774644,,,02-2094-2683,서울특별시 중랑구청,2026-02-26
망우본동136-10,1,,서울특별시 중랑구 망우본동 136-10,37.58575575,127.0774644,,,02-2094-2683,서울특별시 중랑구청,2026-02-26
망우본동146-9,1,,서울특별시 중랑구 망우본동 146-9,,,,,02-2094-2683,서울특별시 중랑구청,2026-02-26
망우본동136-18,1,,서울특별시 중랑구 망우본동 136-18,37.58460996,127.0777228,,,02-2094-2683,서울특별시 중랑구청,2026-02-26
망우본동136-28,1,,서울특별시 중랑구 망우본동 136-28,37.58435274,127.0777092,,,02-2094-2683,서울특별시 중랑구청,2026-02-26
망우본동182-63,1,,서울특별시 중랑구 망우본동 182-63,37.58374894,127.0779165,,,02-2094-2683,서울특별시 중랑구청,2026-02-26
망우본동185-7,1,,서울특별시 중랑구 망우본동 185-7,37.58382201,127.0789954,,,02-2094-2683,서울특별시 중랑구청,2026-02-26
망우본동233-9,1,,서울특별시 중랑구 망우본동 233-9,37.58412586,127.0773103,,,02-2094-2683,서울특별시 중랑구청,2026-02-26
망우본동233-13,1,,서울특별시 중랑구 망우본동 233-13,37.58459935,127.0774276,,,02-2094-2683,서울특별시 중랑구청,2026-02-26
망우본동136-29,1,,서울특별시 중랑구 망우본동 136-29,37.58459626,127.0764894,,,02-2094-2683,서울특별시 중랑구청,2026-02-26
망우본동146-2,1,,서울특별시 중랑구 망우본동 146-2,37.58548763,127.0790607,,,02-2094-2683,서울특별시 중랑구청,2026-02-26
망우본동178-37,1,,서울특별시 중랑구 망우본동 178-37,37.5854535,127.0791785,,,02-2094-2683,서울특별시 중랑구청,2026-02-26
망우본동178-35,1,,서울특별시 중랑구 망우본동 178-35,37.58545004,127.078685,,,02-2094-2683,서울특별시 중랑구청,2026-02-26
망우본동178-20,1,,서울특별시 중랑구 망우본동 178-20,37.58576429,127.0792557,,,02-2094-2683,서울특별시 중랑구청,2026-02-26
망우본동146-46,1,,서울특별시 중랑구 망우본동 146-46,37.5856123,127.0785686,,,02-2094-2683,서울특별시 중랑구청,2026-02-26
망우본동146-44,1,,서울특별시 중랑구 망우본동 146-44,37.58517659,127.0784039,,,02-2094-2683,서울특별시 중랑구청,2026-02-26
망우본동146-36,1,,서울특별시 중랑구 망우본동 146-36,37.58437797,127.0783814,,,02-2094-2683,서울특별시 중랑구청,2026-02-26
망우본동146-38,1,,서울특별시 중랑구 망우본동 146-38,37.58394623,127.0783638,,,02-2094-2683,서울특별시 중랑구청,2026-02-26
망우본동146-28,1,,서울특별시 중랑구 망우본동 146-28,37.58401359,127.078545,,,02-2094-2683,서울특별시 중랑구청,2026-02-26
망우본동226,1,,서울특별시 중랑구 망우본동 226,37.58364783,127.0786132,,,02-2094-2683,서울특별시 중랑구청,2026-02-26
망우본동236-5,1,,서울특별시 중랑구 망우본동 236-5,37.58307005,127.0784495,,,02-2094-2683,서울특별시 중랑구청,2026-02-26
망우본동236-7,1,,서울특별시 중랑구 망우본동 236-7,37.58302274,127.0792679,,,02-2094-2683,서울특별시 중랑구청,2026-02-26
망우본동216,1,,서울특별시 중랑구 망우본동 216,37.58323026,127.0790954,,,02-2094-2683,서울특별시 중랑구청,2026-02-26
망우본동산57-1,1,,서울특별시 중랑구 망우본동 산57-1,37.58343709,127.0792896,,,02-2094-2683,서울특별시 중랑구청,2026-02-26
망우본동351-1,1,,서울특별시 중랑구 망우본동 351-1,37.5839742,127.0789847,,,02-2094-2683,서울특별시 중랑구청,2026-02-26
망우본동351-2,1,,서울특별시 중랑구 망우본동 351-2,37.583906,127.0785642,,,02-2094-2683,서울특별시 중랑구청,2026-02-26
망우본동351-14,1,,서울특별시 중랑구 망우본동 351-14,37.58431469,127.0791049,,,02-2094-2683,서울특별시 중랑구청,2026-02-26
망우본동206-24,1,,서울특별시 중랑구 망우본동 206-24,37.58451668,127.0791238,,,02-2094-2683,서울특별시 중랑구청,2026-02-26
망우본동206-8,1,,서울특별시 중랑구 망우본동 206-8,37.58445894,127.0786988,,,02-2094-2683,서울특별시 중랑구청,2026-02-26
망우본동178-1,1,,서울특별시 중랑구 망우본동 178-1,37.58438618,127.0793062,,,02-2094-2683,서울특별시 중랑구청,2026-02-26
망우본동239-1,1,,서울특별시 중랑구 망우본동 239-1,37.58194768,127.0785833,,,02-2094-2683,서울특별시 중랑구청,2026-02-26
망우본동341-10,1,,서울특별시 중랑구 망우본동 341-10,37.58194768,127.0785833,,,02-2094-2683,서울특별시 중랑구청,2026-02-26
망우본동산38-1,1,,서울특별시 중랑구 망우본동 산38-1,37.58194768,127.0785833,,,02-2094-2683,서울특별시 중랑구청,2026-02-26
망우본동산71,1,,서울특별시 중랑구 망우본동 산71,37.58194768,127.0785833,,,02-2094-2683,서울특별시 중랑구청,2026-02-26
망우본동85,1,,서울특별시 중랑구 망우본동 85,37.58194768,127.0785833,,,02-2094-2683,서울특별시 중랑구청,2026-02-26
망우본동232-4,1,,서울특별시 중랑구 망우본동 232-4,37.58194768,127.0785833,,,02-2094-2683,서울특별시 중랑구청,2026-02-26
망우본동86-5,1,,서울특별시 중랑구 망우본동 86-5,37.58194768,127.0785833,,,02-2094-2683,서울특별시 중랑구청,2026-02-26
망우본동86-1,1,,서울특별시 중랑구 망우본동 86-1,37.58194768,127.0785833,,,02-2094-2683,서울특별시 중랑구청,2026-02-26
망우본동127-18,1,,서울특별시 중랑구 망우본동 127-18,37.58194768,127.0785833,,,02-2094-2683,서울특별시 중랑구청,2026-02-26
망우본동127-23,1,,서울특별시 중랑구 망우본동 127-23,37.58194768,127.0785833,,,02-2094-2683,서울특별시 중랑구청,2026-02-26
망우본동127-10,1,,서울특별시 중랑구 망우본동 127-10,37.58194768,127.0785833,,,02-2094-2683,서울특별시 중랑구청,2026-02-26
망우본동127-27,1,,서울특별시 중랑구 망우본동 127-27,37.58194768,127.0785833,,,02-2094-2683,서울특별시 중랑구청,2026-02-26
망우본동101,1,,서울특별시 중랑구 망우본동 101,37.58508073,127.0764883,,,02-2094-2683,서울특별시 중랑구청,2026-02-26
망우본동127-34,1,,서울특별시 중랑구 망우본동 127-34,37.58194768,127.0785833,,,02-2094-2683,서울특별시 중랑구청,2026-02-26
망우본동127-32,1,,서울특별시 중랑구 망우본동 127-32,37.58096588,127.0790964,,,02-2094-2683,서울특별시 중랑구청,2026-02-26
망우본동95,1,,서울특별시 중랑구 망우본동 95,37.58084042,127.0790287,,,02-2094-2683,서울특별시 중랑구청,2026-02-26
망우본동92-26,1,,서울특별시 중랑구 망우본동 92-26,37.57996309,127.0792167,,,02-2094-2683,서울특별시 중랑구청,2026-02-26
망우본동92-22,1,,서울특별시 중랑구 망우본동 92-22,37.57982237,127.0789986,,,02-2094-2683,서울특별시 중랑구청,2026-02-26
망우본동92-21,1,,서울특별시 중랑구 망우본동 92-21,37.57783759,127.0792884,,,02-2094-2683,서울특별시 중랑구청,2026-02-26
망우본동92-76,1,,서울특별시 중랑구 망우본동 92-76,37.58194768,127.0785833,,,02-2094-2683,서울특별시 중랑구청,2026-02-26
망우본동182-43,1,,서울특별시 중랑구 망우본동 182-43,,,,,02-2094-2683,서울특별시 중랑구청,2026-02-26
망우본동110,1,,서울특별시 중랑구 망우본동 110,,,,,02-2094-2683,서울특별시 중랑구청,2026-02-26
망우본동110-4,1,,서울특별시 중랑구 망우본동 110-4,37.58236062,127.0800318,,,02-2094-2683,서울특별시 중랑구청,2026-02-26
망우본동22-2,1,,서울특별시 중랑구 망우본동 22-2,,,,,02-2094-2683,서울특별시 중랑구청,2026-02-26
망우본동93-5,1,,서울특별시 중랑구 망우본동 93-5,37.5854539,127.081625,,,02-2094-2683,서울특별시 중랑구청,2026-02-26
망우본동350-12,1,,서울특별시 중랑구 망우본동 350-12,,,,,02-2094-2683,서울특별시 중랑구청,2026-02-26
망우본동94,1,,서울특별시 중랑구 망우본동 94,,,,,02-2094-2683,서울특별시 중랑구청,2026-02-26
망우본동352-43,1,,서울특별시 중랑구 망우본동 352-43,,,,,02-2094-2683,서울특별시 중랑구청,2026-02-26
망우본동92-57,1,,서울특별시 중랑구 망우본동 92-57,,,,,02-2094-2683,서울특별시 중랑구청,2026-02-26
망우본동92-56,1,,서울특별시 중랑구 망우본동 92-56,,,,,02-2094-2683,서울특별시 중랑구청,2026-02-26
망우본동92-27,1,,서울특별시 중랑구 망우본동 92-27,,,,,02-2094-2683,서울특별시 중랑구청,2026-02-26
망우본동92-28,1,,서울특별시 중랑구 망우본동 92-28,,,,,02-2094-2683,서울특별시 중랑구청,2026-02-26
망우본동512-35,1,,서울특별시 중랑구 망우본동 512-35,,,,,02-2094-2683,서울특별시 중랑구청,2026-02-26
망우본동92-8,1,,서울특별시 중랑구 망우본동 92-8,,,,,02-2094-2683,서울특별시 중랑구청,2026-02-26
망우본동88-20,1,,서울특별시 중랑구 망우본동 88-20,,,,,02-2094-2683,서울특별시 중랑구청,2026-02-26
망우본동85-1,1,,서울특별시 중랑구 망우본동 85-1,,,,,02-2094-2683,서울특별시 중랑구청,2026-02-26
망우본동36-2,1,,서울특별시 중랑구 망우본동 36-2,,,,,02-2094-2683,서울특별시 중랑구청,2026-02-26
망우본동산38,1,,서울특별시 중랑구 망우본동 산38,,,,,02-2094-2683,서울특별시 중랑구청,2026-02-26
망우본동산79,1,,서울특별시 중랑구 망우본동 산79,,,,,02-2094-2683,서울특별시 중랑구청,2026-02-26
망우본동산39,1,,서울특별시 중랑구 망우본동 산39,,,,,02-2094-2683,서울특별시 중랑구청,2026-02-26
망우본동78-4,1,,서울특별시 중랑구 망우본동 78-4,,,,,02-2094-2683,서울특별시 중랑구청,2026-02-26
망우본동245-1,1,,서울특별시 중랑구 망우본동 245-1,,,,,02-2094-2683,서울특별시 중랑구청,2026-02-26
망우본동산32-1,1,,서울특별시 중랑구 망우본동 산32-1,,,,,02-2094-2683,서울특별시 중랑구청,2026-02-26
망우본동산56-1,1,,서울특별시 중랑구 망우본동 산56-1,,,,,02-2094-2683,서울특별시 중랑구청,2026-02-26
망우본동477-6,1,,서울특별시 중랑구 망우본동 477-6,,,,,02-2094-2683,서울특별시 중랑구청,2026-02-26
망우본동산52-1,1,,서울특별시 중랑구 망우본동 산52-1,,,,,02-2094-2683,서울특별시 중랑구청,2026-02-26
망우본동산51-418,1,,서울특별시 중랑구 망우본동 산51-418,,,,,02-2094-2683,서울특별시 중랑구청,2026-02-26
망우본동산49,1,,서울특별시 중랑구 망우본동 산49,37.58189295,127.0803759,,,02-2094-2683,서울특별시 중랑구청,2026-02-26
망우본동산48,1,,서울특별시 중랑구 망우본동 산48,,,,,02-2094-2683,서울특별시 중랑구청,2026-02-26
망우본동산41-1,1,,서울특별시 중랑구 망우본동 산41-1,,,,,02-2094-2683,서울특별시 중랑구청,2026-02-26
망우본동산42,1,,서울특별시 중랑구 망우본동 산42,,,,,02-2094-2683,서울특별시 중랑구청,2026-02-26
망우본동252,1,,서울특별시 중랑구 망우본동 252,37.58402515,127.0803757,,,02-2094-2683,서울특별시 중랑구청,2026-02-26
망우본동258-4,1,,서울특별시 중랑구 망우본동 258-4,,,,,02-2094-2683,서울특별시 중랑구청,2026-02-26
망우본동273,1,,서울특별시 중랑구 망우본동 273,,,,,02-2094-2683,서울특별시 중랑구청,2026-02-26
망우본동275,1,,서울특별시 중랑구 망우본동 275,,,,,02-2094-2683,서울특별시 중랑구청,2026-02-26
망우본동276,1,,서울특별시 중랑구 망우본동 276,,,,,02-2094-2683,서울특별시 중랑구청,2026-02-26
망우본동279,1,,서울특별시 중랑구 망우본동 279,,,,,02-2094-2683,서울특별시 중랑구청,2026-02-26
망우본동277,1,,서울특별시 중랑구 망우본동 277,,,,,02-2094-2683,서울특별시 중랑구청,2026-02-26
망우본동278,1,,서울특별시 중랑구 망우본동 278,,,,,02-2094-2683,서울특별시 중랑구청,2026-02-26
망우본동273-1,1,,서울특별시 중랑구 망우본동 273-1,,,,,02-2094-2683,서울특별시 중랑구청,2026-02-26
망우본동272-2,1,,서울특별시 중랑구 망우본동 272-2,,,,,02-2094-2683,서울특별시 중랑구청,2026-02-26
망우본동279-1,1,,서울특별시 중랑구 망우본동 279-1,,,,,02-2094-2683,서울특별시 중랑구청,2026-02-26
망우본동280-5,1,,서울특별시 중랑구 망우본동 280-5,,,,,02-2094-2683,서울특별시 중랑구청,2026-02-26
망우본동287,1,,서울특별시 중랑구 망우본동 287,37.58354027,127.0813794,,,02-2094-2683,서울특별시 중랑구청,2026-02-26
망우본동280,1,,서울특별시 중랑구 망우본동 280,37.58372672,127.0815935,,,02-2094-2683,서울특별시 중랑구청,2026-02-26
망우본동283-4,1,,서울특별시 중랑구 망우본동 283-4,37.58414513,127.0817376,,,02-2094-2683,서울특별시 중랑구청,2026-02-26
망우본동산23,1,,서울특별시 중랑구 망우본동 산23,37.58430379,127.0817498,,,02-2094-2683,서울특별시 중랑구청,2026-02-26
망우본동산26,1,,서울특별시 중랑구 망우본동 산26,37.58460054,127.0814133,,,02-2094-2683,서울특별시 중랑구청,2026-02-26
망우본동산27,1,,서울특별시 중랑구 망우본동 산27,37.58435672,127.0814223,,,02-2094-2683,서울특별시 중랑구청,2026-02-26
망우본동산28,1,,서울특별시 중랑구 망우본동 산28,37.58423198,127.0816166,,,02-2094-2683,서울특별시 중랑구청,2026-02-26
망우본동산24,1,,서울특별시 중랑구 망우본동 산24,37.58411599,127.0814042,,,02-2094-2683,서울특별시 중랑구청,2026-02-26
망우본동290,1,,서울특별시 중랑구 망우본동 290,,,,,02-2094-2683,서울특별시 중랑구청,2026-02-26
망우본동206-2,1,,서울특별시 중랑구 망우본동 206-2,37.58368886,127.0813647,,,02-2094-2683,서울특별시 중랑구청,2026-02-26
망우본동282-2,1,,서울특별시 중랑구 망우본동 282-2,37.58396525,127.0811517,,,02-2094-2683,서울특별시 중랑구청,2026-02-26
망우본동270-1,1,,서울특별시 중랑구 망우본동 270-1,37.58395805,127.0810087,,,02-2094-2683,서울특별시 중랑구청,2026-02-26
망우본동260,1,,서울특별시 중랑구 망우본동 260,37.58415159,127.0803363,,,02-2094-2683,서울특별시 중랑구청,2026-02-26
망우본동261,1,,서울특별시 중랑구 망우본동 261,37.58469596,127.0803588,,,02-2094-2683,서울특별시 중랑구청,2026-02-26
망우본동263-1,1,,서울특별시 중랑구 망우본동 263-1,37.58355935,127.0804874,,,02-2094-2683,서울특별시 중랑구청,2026-02-26
망우본동266-2,1,,서울특별시 중랑구 망우본동 266-2,37.58469989,127.0805364,,,02-2094-2683,서울특별시 중랑구청,2026-02-26
망우본동268-2,1,,서울특별시 중랑구 망우본동 268-2,37.58460984,127.0809839,,,02-2094-2683,서울특별시 중랑구청,2026-02-26
망우본동304-1,1,,서울특별시 중랑구 망우본동 304-1,37.58407004,127.0807502,,,02-2094-2683,서울특별시 중랑구청,2026-02-26
망우본동304-2,1,,서울특별시 중랑구 망우본동 304-2,37.58437454,127.0805347,,,02-2094-2683,서울특별시 중랑구청,2026-02-26
망우본동303-1,1,,서울특별시 중랑구 망우본동 303-1,37.58486021,127.0803478,,,02-2094-2683,서울특별시 중랑구청,2026-02-26
망우본동303-4,1,,서울특별시 중랑구 망우본동 303-4,37.58511904,127.0803846,,,02-2094-2683,서울특별시 중랑구청,2026-02-26
망우본동303-5,1,,서울특별시 중랑구 망우본동 303-5,37.58616192,127.0802811,,,02-2094-2683,서울특별시 중랑구청,2026-02-26
망우본동303-14,1,,서울특별시 중랑구 망우본동 303-14,37.58642554,127.0810987,,,02-2094-2683,서울특별시 중랑구청,2026-02-26
망우본동산25,1,,서울특별시 중랑구 망우본동 산25,37.58603737,127.0806002,,,02-2094-2683,서울특별시 중랑구청,2026-02-26
망우본동303-3,1,,서울특별시 중랑구 망우본동 303-3,37.58523844,127.0807626,,,02-2094-2683,서울특별시 중랑구청,2026-02-26
망우본동306-1,1,,서울특별시 중랑구 망우본동 306-1,37.5848572,127.0810665,,,02-2094-2683,서울특별시 중랑구청,2026-02-26
망우본동306-2,1,,서울특별시 중랑구 망우본동 306-2,37.58527668,127.0810938,,,02-2094-2683,서울특별시 중랑구청,2026-02-26
망우본동307-2,1,,서울특별시 중랑구 망우본동 307-2,37.58570329,127.0811196,,,02-2094-2683,서울특별시 중랑구청,2026-02-26
망우본동307-5,1,,서울특별시 중랑구 망우본동 307-5,37.58606886,127.0811949,,,02-2094-2683,서울특별시 중랑구청,2026-02-26
망우본동307-1,1,,서울특별시 중랑구 망우본동 307-1,37.58569662,127.0808466,,,02-2094-2683,서울특별시 중랑구청,2026-02-26
망우본동212-2,1,,서울특별시 중랑구 망우본동 212-2,37.5863637,127.0812694,,,02-2094-2683,서울특별시 중랑구청,2026-02-26
망우본동213-2,1,,서울특별시 중랑구 망우본동 213-2,37.58645346,127.0812357,,,02-2094-2683,서울특별시 중랑구청,2026-02-26
망우본동산4-7,1,,서울특별시 중랑구 망우본동 산4-7,37.58667193,127.0810079,,,02-2094-2683,서울특별시 중랑구청,2026-02-26
망우본동338-8,1,,서울특별시 중랑구 망우본동 338-8,37.58672538,127.0812326,,,02-2094-2683,서울특별시 중랑구청,2026-02-26
망우본동338-1,1,,서울특별시 중랑구 망우본동 338-1,37.58652944,127.081459,,,02-2094-2683,서울특별시 중랑구청,2026-02-26
망우본동457-4,1,,서울특별시 중랑구 망우본동 457-4,37.58523496,127.0791068,,,02-2094-2683,서울특별시 중랑구청,2026-02-26
망우본동338-3,1,,서울특별시 중랑구 망우본동 338-3,37.58665455,127.0819077,,,02-2094-2683,서울특별시 중랑구청,2026-02-26
망우본동335-18,1,,서울특별시 중랑구 망우본동 335-18,37.58674569,127.0817024,,,02-2094-2683,서울특별시 중랑구청,2026-02-26
망우본동335-16,1,,서울특별시 중랑구 망우본동 335-16,37.58657004,127.0821555,,,02-2094-2683,서울특별시 중랑구청,2026-02-26
망우본동335-1,1,,서울특별시 중랑구 망우본동 335-1,37.58682847,127.0826383,,,02-2094-2683,서울특별시 중랑구청,2026-02-26
망우본동318,1,,서울특별시 중랑구 망우본동 318,37.58676707,127.0830824,,,02-2094-2683,서울특별시 중랑구청,2026-02-26
망우본동316,1,,서울특별시 중랑구 망우본동 316,37.58719053,127.0833484,,,02-2094-2683,서울특별시 중랑구청,2026-02-26
망우본동산10,1,,서울특별시 중랑구 망우본동 산10,37.58644836,127.0832535,,,02-2094-2683,서울특별시 중랑구청,2026-02-26
망우본동303,1,,서울특별시 중랑구 망우본동 303,37.5859835,127.0829245,,,02-2094-2683,서울특별시 중랑구청,2026-02-26
망우본동295-7,1,,서울특별시 중랑구 망우본동 295-7,37.58576945,127.0830169,,,02-2094-2683,서울특별시 중랑구청,2026-02-26
망우본동269-2,1,,서울특별시 중랑구 망우본동 269-2,37.58536403,127.0828529,,,02-2094-2683,서울특별시 중랑구청,2026-02-26
망우본동149-13,1,,서울특별시 중랑구 망우본동 149-13,37.58501103,127.082960,,,02-2094-2683,서울특별시 중랑구청,2026-02-26
망우본동253-7,1,,서울특별시 중랑구 망우본동 253-7,37.58478115,127.0828928,,,02-2094-2683,서울특별시 중랑구청,2026-02-26
망우본동127-26,1,,서울특별시 중랑구 망우본동 127-26,37.58480428,127.0830595,,,02-2094-2683,서울특별시 중랑구청,2026-02-26
망우본동401-53,1,,서울특별시 중랑구 망우본동 401-53,,,,,02-2094-2683,서울특별시 중랑구청,2026-02-26
망우본동403-24,1,,서울특별시 중랑구 망우본동 403-24,37.58584508,127.082329,,,02-2094-2683,서울특별시 중랑구청,2026-02-26
망우본동403-29,1,,서울특별시 중랑구 망우본동 403-29,37.58612304,127.0821837,,,02-2094-2683,서울특별시 중랑구청,2026-02-26
망우본동357-39,1,,서울특별시 중랑구 망우본동 357-39,37.58591915,127.0825629,,,02-2094-2683,서울특별시 중랑구청,2026-02-26
망우본동246-5,1,,서울특별시 중랑구 망우본동 246-5,37.58537552,127.0825224,,,02-2094-2683,서울특별시 중랑구청,2026-02-26
망우본동29,1,,서울특별시 중랑구 망우본동 29,37.58535418,127.0822421,,,02-2094-2683,서울특별시 중랑구청,2026-02-26
망우본동352-21,1,,서울특별시 중랑구 망우본동 352-21,37.58544526,127.0823902,,,02-2094-2683,서울특별시 중랑구청,2026-02-26
망우본동양원역,1,,서울특별시 중랑구 망우본동 양원역,37.58504459,127.0821303,,,02-2094-2683,서울특별시 중랑구청,2026-02-26
망우본동384-1,1,,서울특별시 중랑구 망우본동 384-1,37.58479783,127.0826208,,,02-2094-2683,서울특별시 중랑구청,2026-02-26
망우본동268-1,1,,서울특별시 중랑구 망우본동 268-1,37.58410756,127.0828966,,,02-2094-2683,서울특별시 중랑구청,2026-02-26
망우본동149-57,1,,서울특별시 중랑구 망우본동 149-57,37.58395694,127.0829895,,,02-2094-2683,서울특별시 중랑구청,2026-02-26
망우본동358-2,1,,서울특별시 중랑구 망우본동 358-2,37.58347584,127.0826945,,,02-2094-2683,서울특별시 중랑구청,2026-02-26
망우본동149-19,1,,서울특별시 중랑구 망우본동 149-19,37.58423306,127.0825263,,,02-2094-2683,서울특별시 중랑구청,2026-02-26
망우본동400-22,1,,서울특별시 중랑구 망우본동 400-22,37.58465832,127.0825381,,,02-2094-2683,서울특별시 중랑구청,2026-02-26
망우본동405-27,1,,서울특별시 중랑구 망우본동 405-27,37.58465323,127.0820858,,,02-2094-2683,서울특별시 중랑구청,2026-02-26
망우본동산69,1,,서울특별시 중랑구 망우본동 산69,37.58431527,127.082077,,,02-2094-2683,서울특별시 중랑구청,2026-02-26
망우본동산11-1,1,,서울특별시 중랑구 망우본동 산11-1,37.58425022,127.0820756,,,02-2094-2683,서울특별시 중랑구청,2026-02-26
망우본동133-29,1,,서울특별시 중랑구 망우본동 133-29,37.58408274,127.0820614,,,02-2094-2683,서울특별시 중랑구청,2026-02-26
망우본동396-32,1,,서울특별시 중랑구 망우본동 396-32,37.58360765,127.0820613,,,02-2094-2683,서울특별시 중랑구청,2026-02-26
망우본동403-7,1,,서울특별시 중랑구 망우본동 403-7,37.58348655,127.082189,,,02-2094-2683,서울특별시 중랑구청,2026-02-26
망우본동401-41,1,,서울특별시 중랑구 망우본동 401-41,37.58375447,127.0823722,,,02-2094-2683,서울특별시 중랑구청,2026-02-26
망우본동338,1,,서울특별시 중랑구 망우본동 338,37.58392286,127.0823889,,,02-2094-2683,서울특별시 중랑구청,2026-02-26
망우본동343-7,1,,서울특별시 중랑구 망우본동 343-7,37.58437316,127.0824075,,,02-2094-2683,서울특별시 중랑구청,2026-02-26
망우본동306-3,1,,서울특별시 중랑구 망우본동 306-3,,,,,02-2094-2683,서울특별시 중랑구청,2026-02-26
망우본동151-22,1,,서울특별시 중랑구 망우본동 151-22,,,,,02-2094-2683,서울특별시 중랑구청,2026-02-26
망우본동356-22,1,,서울특별시 중랑구 망우본동 356-22,,,,,02-2094-2683,서울특별시 중랑구청,2026-02-26
망우본동353-25,1,,서울특별시 중랑구 망우본동 353-25,,,,,02-2094-2683,서울특별시 중랑구청,2026-02-26
망우본동43,1,,서울특별시 중랑구 망우본동 43,,,,,02-2094-2683,서울특별시 중랑구청,2026-02-26
망우본동산75-1,1,,서울특별시 중랑구 망우본동 산75-1,,,,,02-2094-2683,서울특별시 중랑구청,2026-02-26
망우본동506-6,1,,서울특별시 중랑구 망우본동 506-6,,,,,02-2094-2683,서울특별시 중랑구청,2026-02-26
망우본동309-3,1,,서울특별시 중랑구 망우본동 309-3,,,,,02-2094-2683,서울특별시 중랑구청,2026-02-26
망우본동335-19,1,,서울특별시 중랑구 망우본동 335-19,,,,,02-2094-2683,서울특별시 중랑구청,2026-02-26
망우본동356-7,1,,서울특별시 중랑구 망우본동 356-7,,,,,02-2094-2683,서울특별시 중랑구청,2026-02-26
망우본동,1,,서울특별시 중랑구 망우본동,,,,,02-2094-2683,서울특별시 중랑구청,2026-02-26
망우본동271-24,1,,서울특별시 중랑구 망우본동 271-24,,,,,02-2094-2683,서울특별시 중랑구청,2026-02-26
망우본동341-12,1,,서울특별시 중랑구 망우본동 341-12,,,,,02-2094-2683,서울특별시 중랑구청,2026-02-26
망우본동41-7,1,,서울특별시 중랑구 망우본동 41-7,,,,,02-2094-2683,서울특별시 중랑구청,2026-02-26
망우본동40-2,1,,서울특별시 중랑구 망우본동 40-2,,,,,02-2094-2683,서울특별시 중랑구청,2026-02-26
망우본동41-13,1,,서울특별시 중랑구 망우본동 41-13,,,,,02-2094-2683,서울특별시 중랑구청,2026-02-26
망우본동342-64,1,,서울특별시 중랑구 망우본동 342-64,,,,,02-2094-2683,서울특별시 중랑구청,2026-02-26
망우본동32,1,,서울특별시 중랑구 망우본동 32,,,,,02-2094-2683,서울특별시 중랑구청,2026-02-26
망우본동149-34,1,,서울특별시 중랑구 망우본동 149-34,,,,,02-2094-2683,서울특별시 중랑구청,2026-02-26
망우본동183-5,1,,서울특별시 중랑구 망우본동 183-5,,,,,02-2094-2683,서울특별시 중랑구청,2026-02-26
망우본동349-27,1,,서울특별시 중랑구 망우본동 349-27,,,,,02-2094-2683,서울특별시 중랑구청,2026-02-26
망우본동178,1,,서울특별시 중랑구 망우본동 178,,,,,02-2094-2683,서울특별시 중랑구청,2026-02-26
망우본동493-1,1,,서울특별시 중랑구 망우본동 493-1,,,,,02-2094-2683,서울특별시 중랑구청,2026-02-26
망우본동469-24,1,,서울특별시 중랑구 망우본동 469-24,,,,,02-2094-2683,서울특별시 중랑구청,2026-02-26
망우본동466-50,1,,서울특별시 중랑구 망우본동 466-50,,,,,02-2094-2683,서울특별시 중랑구청,2026-02-26
망우본동490-5,1,,서울특별시 중랑구 망우본동 490-5,,,,,02-2094-2683,서울특별시 중랑구청,2026-02-26
망우본동291-26,1,,서울특별시 중랑구 망우본동 291-26,,,,,02-2094-2683,서울특별시 중랑구청,2026-02-26
망우본동284-5,1,,서울특별시 중랑구 망우본동 284-5,,,,,02-2094-2683,서울특별시 중랑구청,2026-02-26
망우본동388-1,1,,서울특별시 중랑구 망우본동 388-1,,,,,02-2094-2683,서울특별시 중랑구청,2026-02-26
망우본동469-23,1,,서울특별시 중랑구 망우본동 469-23,,,,,02-2094-2683,서울특별시 중랑구청,2026-02-26
망우본동251-20,1,,서울특별시 중랑구 망우본동 251-20,,,,,02-2094-2683,서울특별시 중랑구청,2026-02-26
망우본동401-6,1,,서울특별시 중랑구 망우본동 401-6,,,,,02-2094-2683,서울특별시 중랑구청,2026-02-26
망우본동134-3,1,,서울특별시 중랑구 망우본동 134-3,,,,,02-2094-2683,서울특별시 중랑구청,2026-02-26
망우본동365-2,1,,서울특별시 중랑구 망우본동 365-2,,,,,02-2094-2683,서울특별시 중랑구청,2026-02-26
망우본동360-5,1,,서울특별시 중랑구 망우본동 360-5,37.58386191,127.0808741,,,02-2094-2683,서울특별시 중랑구청,2026-02-26
망우본동400-28,1,,서울특별시 중랑구 망우본동 400-28,37.58547393,127.0814566,,,02-2094-2683,서울특별시 중랑구청,2026-02-26
망우본동405-29,1,,서울특별시 중랑구 망우본동 405-29,37.58554642,127.0816479,,,02-2094-2683,서울특별시 중랑구청,2026-02-26
망우본동513-50,1,,서울특별시 중랑구 망우본동 513-50,37.58569799,127.0814804,,,02-2094-2683,서울특별시 중랑구청,2026-02-26
망우본동469-69,1,,서울특별시 중랑구 망우본동 469-69,37.58580845,127.081488,,,02-2094-2683,서울특별시 중랑구청,2026-02-26
망우본동349-3,1,,서울특별시 중랑구 망우본동 349-3,37.58553035,127.0793161,,,02-2094-2683,서울특별시 중랑구청,2026-02-26
망우본동136-33,1,,서울특별시 중랑구 망우본동 136-33,37.58482321,127.0818759,,,02-2094-2683,서울특별시 중랑구청,2026-02-26
망우본동133-28,1,,서울특별시 중랑구 망우본동 133-28,37.58469006,127.0814602,,,02-2094-2683,서울특별시 중랑구청,2026-02-26
망우본동149-25,1,,서울특별시 중랑구 망우본동 149-25,37.58352116,127.0784636,,,02-2094-2683,서울특별시 중랑구청,2026-02-26
망우본동365-4,1,,서울특별시 중랑구 망우본동 365-4,,,,,02-2094-2683,서울특별시 중랑구청,2026-02-26
망우본동396-27,1,,서울특별시 중랑구 망우본동 396-27,37.58494433,127.0823652,,,02-2094-2683,서울특별시 중랑구청,2026-02-26
망우본동43-3,1,,서울특별시 중랑구 망우본동 43-3,37.58528596,127.0762367,,,02-2094-2683,서울특별시 중랑구청,2026-02-26
망우본동산30-50,1,,서울특별시 중랑구 망우본동 산30-50,37.58653496,127.0827251,,,02-2094-2683,서울특별시 중랑구청,2026-02-26
망우본동134-17,1,,서울특별시 중랑구 망우본동 134-17,37.58555317,127.0829434,,,02-2094-2683,서울특별시 중랑구청,2026-02-26
망우본동335-27,1,,서울특별시 중랑구 망우본동 335-27,37.5851077,127.0829817,,,02-2094-2683,서울특별시 중랑구청,2026-02-26
망우본동355-24,1,,서울특별시 중랑구 망우본동 355-24,37.58116361,127.0799623,,,02-2094-2683,서울특별시 중랑구청,2026-02-26
망우본동146-10,1,,서울특별시 중랑구 망우본동 146-10,37.58514618,127.0792911,,,02-2094-2683,서울특별시 중랑구청,2026-02-26
망우본동85-3,1,,서울특별시 중랑구 망우본동 85-3,,,,,02-2094-2683,서울특별시 중랑구청,2026-02-26
망우본동41-11,1,,서울특별시 중랑구 망우본동 41-11,37.58678675,127.0827764,,,02-2094-2683,서울특별시 중랑구청,2026-02-26
망우본동185-6,1,,서울특별시 중랑구 망우본동 185-6,,,,,02-2094-2683,서울특별시 중랑구청,2026-02-26
망우본동401-26,1,,서울특별시 중랑구 망우본동 401-26,37.58442363,127.0767419,,,02-2094-2683,서울특별시 중랑구청,2026-02-26
망우본동400-11,1,,서울특별시 중랑구 망우본동 400-11,,,,,02-2094-2683,서울특별시 중랑구청,2026-02-26
망우본동220,1,,서울특별시 중랑구 망우본동 220,37.58362446,127.077578,,,02-2094-2683,서울특별시 중랑구청,2026-02-26
망우본동580,1,,서울특별시 중랑구 망우본동 580,37.58667193,127.0810079,,,02-2094-2683,서울특별시 중랑구청,2026-02-26
망우본동128-29,1,,서울특별시 중랑구 망우본동 128-29,37.58591887,127.0773925,,,02-2094-2683,서울특별시 중랑구청,2026-02-26
망우본동343-12,1,,서울특별시 중랑구 망우본동 343-12,37.58523784,127.0780415,,,02-2094-2683,서울특별시 중랑구청,2026-02-26
망우본동306-54,1,,서울특별시 중랑구 망우본동 306-54,37.58335722,127.0777262,,,02-2094-2683,서울특별시 중랑구청,2026-02-26
망우본동306-49,1,,서울특별시 중랑구 망우본동 306-49,37.58355835,127.0787664,,,02-2094-2683,서울특별시 중랑구청,2026-02-26
망우본동341-5,1,,서울특별시 중랑구 망우본동 341-5,,,,,02-2094-2683,서울특별시 중랑구청,2026-02-26
망우본동213-3,1,,서울특별시 중랑구 망우본동 213-3,37.58397779,127.0791348,,,02-2094-2683,서울특별시 중랑구청,2026-02-26
망우본동306-68,1,,서울특별시 중랑구 망우본동 306-68,37.58474171,127.0793156,,,02-2094-2683,서울특별시 중랑구청,2026-02-26
망우본동34-21,1,,서울특별시 중랑구 망우본동 34-21,37.58408192,127.0822072,,,02-2094-2683,서울특별시 중랑구청,2026-02-26
망우본동352-26,1,,서울특별시 중랑구 망우본동 352-26,37.58375309,127.0808574,,,02-2094-2683,서울특별시 중랑구청,2026-02-26
망우본동182-19,1,,서울특별시 중랑구 망우본동 182-19,37.58514165,127.0777139,,,02-2094-2683,서울특별시 중랑구청,2026-02-26
망우본동178-47,1,,서울특별시 중랑구 망우본동 178-47,37.58562123,127.0804308,,,02-2094-2683,서울특별시 중랑구청,2026-02-26
망우본동306-44,1,,서울특별시 중랑구 망우본동 306-44,37.58575575,127.0774644,,,02-2094-2683,서울특별시 중랑구청,2026-02-26
망우본동514-102,1,,서울특별시 중랑구 망우본동 514-102,37.58464368,127.0801248,,,02-2094-2683,서울특별시 중랑구청,2026-02-26
망우본동493-19,1,,서울특별시 중랑구 망우본동 493-19,,,,,02-2094-2683,서울특별시 중랑구청,2026-02-26
망우본동183-12,1,,서울특별시 중랑구 망우본동 183-12,37.58357854,127.0792955,,,02-2094-2683,서울특별시 중랑구청,2026-02-26
망우본동279-24,1,,서울특별시 중랑구 망우본동 279-24,37.58627967,127.0831661,,,02-2094-2683,서울특별시 중랑구청,2026-02-26
망우본동244-3,1,,서울특별시 중랑구 망우본동 244-3,37.58450948,127.0824076,,,02-2094-2683,서울특별시 중랑구청,2026-02-26
망우본동127-30,1,,서울특별시 중랑구 망우본동 127-30,37.58445981,127.0828311,,,02-2094-2683,서울특별시 중랑구청,2026-02-26
망우본동342-6,1,,서울특별시 중랑구 망우본동 342-6,37.58465252,127.0829668,,,02-2094-2683,서울특별시 중랑구청,2026-02-26
망우본동산30-80,1,,서울특별시 중랑구 망우본동 산30-80,37.57906239,127.0850054,,,02-2094-2683,서울특별시 중랑구청,2026-02-26
망우본동342-42,1,,서울특별시 중랑구 망우본동 342-42,37.58353639,127.0773676,,,02-2094-2683,서울특별시 중랑구청,2026-02-26
망우본동342-46,1,,서울특별시 중랑구 망우본동 342-46,37.5846732,127.0788242,,,02-2094-2683,서울특별시 중랑구청,2026-02-26
망우본동85-8,1,,서울특별시 중랑구 망우본동 85-8,37.58477005,127.0776235,,,02-2094-2683,서울특별시 중랑구청,2026-02-26
망우본동306-48,1,,서울특별시 중랑구 망우본동 306-48,37.58499133,127.0781622,,,02-2094-2683,서울특별시 중랑구청,2026-02-26
망우본동155-33,1,,서울특별시 중랑구 망우본동 155-33,37.58453565,127.0779651,,,02-2094-2683,서울특별시 중랑구청,2026-02-26
망우본동403-4,1,,서울특별시 중랑구 망우본동 403-4,37.58459626,127.0764894,,,02-2094-2683,서울특별시 중랑구청,2026-02-26
망우본동350-17,1,,서울특별시 중랑구 망우본동 350-17,37.58617917,127.0806185,,,02-2094-2683,서울특별시 중랑구청,2026-02-26
망우본동산30-29,1,,서울특별시 중랑구 망우본동 산30-29,37.58302157,127.0780525,,,02-2094-2683,서울특별시 중랑구청,2026-02-26
망우본동492-10,1,,서울특별시 중랑구 망우본동 492-10,37.5864022,127.082913,,,02-2094-2683,서울특별시 중랑구청,2026-02-26
망우본동151-31,1,,서울특별시 중랑구 망우본동 151-31,37.58347131,127.0780927,,,02-2094-2683,서울특별시 중랑구청,2026-02-26
망우본동293-7,1,,서울특별시 중랑구 망우본동 293-7,37.5846151,127.0783968,,,02-2094-2683,서울특별시 중랑구청,2026-02-26
망우본동106,1,,서울특별시 중랑구 망우본동 106,37.5848055,127.0768603,,,02-2094-2683,서울특별시 중랑구청,2026-02-26
망우본동209-28,1,,서울특별시 중랑구 망우본동 209-28,37.58440483,127.0820772,,,02-2094-2683,서울특별시 중랑구청,2026-02-26
망우본동303-27,1,,서울특별시 중랑구 망우본동 303-27,37.58451831,127.0817644,,,02-2094-2683,서울특별시 중랑구청,2026-02-26
망우본동576,1,,서울특별시 중랑구 망우본동 576,37.58587936,127.0808208,,,02-2094-2683,서울특별시 중랑구청,2026-02-26
망우본동227,1,,서울특별시 중랑구 망우본동 227,37.57780056,127.0923083,,,02-2094-2683,서울특별시 중랑구청,2026-02-26
망우본동127-4,1,,서울특별시 중랑구 망우본동 127-4,,,,,02-2094-2683,서울특별시 중랑구청,2026-02-26
망우본동233-22,1,,서울특별시 중랑구 망우본동 233-22,37.57743584,127.0874624,,,02-2094-2683,서울특별시 중랑구청,2026-02-26
망우본동238-2,1,,서울특별시 중랑구 망우본동 238-2,37.57766134,127.0874878,,,02-2094-2683,서울특별시 중랑구청,2026-02-26
망우본동155-13,1,,서울특별시 중랑구 망우본동 155-13,37.57852664,127.0940633,,,02-2094-2683,서울특별시 중랑구청,2026-02-26
망우본동184-8,1,,서울특별시 중랑구 망우본동 184-8,37.57846528,127.0941842,,,02-2094-2683,서울특별시 중랑구청,2026-02-26
망우본동184-10,1,,서울특별시 중랑구 망우본동 184-10,37.57834087,127.0941551,,,02-2094-2683,서울특별시 중랑구청,2026-02-26
망우본동153-12,1,,서울특별시 중랑구 망우본동 153-12,37.57833857,127.0943306,,,02-2094-2683,서울특별시 중랑구청,2026-02-26
망우본동353-1,1,,서울특별시 중랑구 망우본동 353-1,37.57836849,127.0945403,,,02-2094-2683,서울특별시 중랑구청,2026-02-26
망우본동50,1,,서울특별시 중랑구 망우본동 50,37.5781939,127.0945225,,,02-2094-2683,서울특별시 중랑구청,2026-02-26
망우본동568,1,,서울특별시 중랑구 망우본동 568,37.57828178,127.0947042,,,02-2094-2683,서울특별시 중랑구청,2026-02-26
망우본동563-21,1,,서울특별시 중랑구 망우본동 563-21,,,,,02-2094-2683,서울특별시 중랑구청,2026-02-26
망우본동563-16,1,,서울특별시 중랑구 망우본동 563-16,37.57801987,127.093896,,,02-2094-2683,서울특별시 중랑구청,2026-02-26
망우본동490-22,1,,서울특별시 중랑구 망우본동 490-22,37.57801987,127.093896,,,02-2094-2683,서울특별시 중랑구청,2026-02-26
망우본동490-2,1,,서울특별시 중랑구 망우본동 490-2,37.57805096,127.0937762,,,02-2094-2683,서울특별시 중랑구청,2026-02-26
망우본동470-31,1,,서울특별시 중랑구 망우본동 470-31,37.57816942,127.0936949,,,02-2094-2683,서울특별시 중랑구청,2026-02-26
망우본동470-3,1,,서울특별시 중랑구 망우본동 470-3,37.57817687,127.0935046,,,02-2094-2683,서울특별시 중랑구청,2026-02-26
망우본동469-75,1,,서울특별시 중랑구 망우본동 469-75,37.57802857,127.093494,,,02-2094-2683,서울특별시 중랑구청,2026-02-26
망우본동469-65,1,,서울특별시 중랑구 망우본동 469-65,37.57794049,127.0933311,,,02-2094-2683,서울특별시 중랑구청,2026-02-26
망우본동469-66,1,,서울특별시 중랑구 망우본동 469-66,37.57781206,127.0934557,,,02-2094-2683,서울특별시 중랑구청,2026-02-26
망우본동469-25,1,,서울특별시 중랑구 망우본동 469-25,37.57784295,127.0937488,,,02-2094-2683,서울특별시 중랑구청,2026-02-26
망우본동469-36,1,,서울특별시 중랑구 망우본동 469-36,37.57782619,127.0935609,,,02-2094-2683,서울특별시 중랑구청,2026-02-26
망우본동469-80,1,,서울특별시 중랑구 망우본동 469-80,37.57751631,127.0930947,,,02-2094-2683,서울특별시 중랑구청,2026-02-26
망우본동469-3,1,,서울특별시 중랑구 망우본동 469-3,37.57751631,127.0930947,,,02-2094-2683,서울특별시 중랑구청,2026-02-26
망우본동469-1,1,,서울특별시 중랑구 망우본동 469-1,37.57751631,127.0930947,,,02-2094-2683,서울특별시 중랑구청,2026-02-26
망우본동469-6,1,,서울특별시 중랑구 망우본동 469-6,37.57751631,127.0930947,,,02-2094-2683,서울특별시 중랑구청,2026-02-26
망우본동490-13,1,,서울특별시 중랑구 망우본동 490-13,37.57802129,127.093016,,,02-2094-2683,서울특별시 중랑구청,2026-02-26
망우본동469-60,1,,서울특별시 중랑구 망우본동 469-60,37.57813953,127.0932042,,,02-2094-2683,서울특별시 중랑구청,2026-02-26
망우본동469-55,1,,서울특별시 중랑구 망우본동 469-55,37.57818446,127.0929064,,,02-2094-2683,서울특별시 중랑구청,2026-02-26
망우본동469-52,1,,서울특별시 중랑구 망우본동 469-52,37.57841308,127.092738,,,02-2094-2683,서울특별시 중랑구청,2026-02-26
망우본동469-42,1,,서울특별시 중랑구 망우본동 469-42,37.57855567,127.0930173,,,02-2094-2683,서울특별시 중랑구청,2026-02-26
망우본동468-43,1,,서울특별시 중랑구 망우본동 468-43,37.57872857,127.0927851,,,02-2094-2683,서울특별시 중랑구청,2026-02-26
망우본동468-15,1,,서울특별시 중랑구 망우본동 468-15,37.57816444,127.0938423,,,02-2094-2683,서울특별시 중랑구청,2026-02-26
망우본동468-6,1,,서울특별시 중랑구 망우본동 468-6,37.57842513,127.093563,,,02-2094-2683,서울특별시 중랑구청,2026-02-26
망우본동468-1,1,,서울특별시 중랑구 망우본동 468-1,,,,,02-2094-2683,서울특별시 중랑구청,2026-02-26
망우본동468-8,1,,서울특별시 중랑구 망우본동 468-8,37.57826411,127.0932415,,,02-2094-2683,서울특별시 중랑구청,2026-02-26
망우본동468-10,1,,서울특별시 중랑구 망우본동 468-10,37.57837453,127.0934093,,,02-2094-2683,서울특별시 중랑구청,2026-02-26
망우본동468-22,1,,서울특별시 중랑구 망우본동 468-22,37.57856213,127.0937323,,,02-2094-2683,서울특별시 중랑구청,2026-02-26
망우본동469-46,1,,서울특별시 중랑구 망우본동 469-46,37.57833938,127.0931933,,,02-2094-2683,서울특별시 중랑구청,2026-02-26
망우본동468-28,1,,서울특별시 중랑구 망우본동 468-28,37.57862383,127.0931861,,,02-2094-2683,서울특별시 중랑구청,2026-02-26
망우본동468-33,1,,서울특별시 중랑구 망우본동 468-33,37.57881853,127.0931923,,,02-2094-2683,서울특별시 중랑구청,2026-02-26
망우본동467-20,1,,서울특별시 중랑구 망우본동 467-20,37.57925877,127.0928346,,,02-2094-2683,서울특별시 중랑구청,2026-02-26
망우본동467-17,1,,서울특별시 중랑구 망우본동 467-17,37.57910323,127.0928661,,,02-2094-2683,서울특별시 중랑구청,2026-02-26
망우본동467-25,1,,서울특별시 중랑구 망우본동 467-25,37.57896334,127.0929433,,,02-2094-2683,서울특별시 중랑구청,2026-02-26
망우본동467-27,1,,서울특별시 중랑구 망우본동 467-27,37.57795537,127.0834534,,,02-2094-2683,서울특별시 중랑구청,2026-02-26
망우본동467-31,1,,서울특별시 중랑구 망우본동 467-31,37.57930273,127.0930732,,,02-2094-2683,서울특별시 중랑구청,2026-02-26
망우본동467-28,1,,서울특별시 중랑구 망우본동 467-28,37.57920216,127.0932168,,,02-2094-2683,서울특별시 중랑구청,2026-02-26
망우본동467-42,1,,서울특별시 중랑구 망우본동 467-42,37.57931192,127.0927343,,,02-2094-2683,서울특별시 중랑구청,2026-02-26
망우본동467-1,1,,서울특별시 중랑구 망우본동 467-1,,,,,02-2094-2683,서울특별시 중랑구청,2026-02-26
망우본동467-4,1,,서울특별시 중랑구 망우본동 467-4,37.5774482,127.0922813,,,02-2094-2683,서울특별시 중랑구청,2026-02-26
망우본동467-39,1,,서울특별시 중랑구 망우본동 467-39,37.57828868,127.0923608,,,02-2094-2683,서울특별시 중랑구청,2026-02-26
망우본동464-10,1,,서울특별시 중랑구 망우본동 464-10,37.57787958,127.0919571,,,02-2094-2683,서울특별시 중랑구청,2026-02-26
망우본동464-11,1,,서울특별시 중랑구 망우본동 464-11,37.57805084,127.0923371,,,02-2094-2683,서울특별시 중랑구청,2026-02-26
망우본동464-1,1,,서울특별시 중랑구 망우본동 464-1,37.57801931,127.0917542,,,02-2094-2683,서울특별시 중랑구청,2026-02-26
망우본동464-21,1,,서울특별시 중랑구 망우본동 464-21,37.57787722,127.0916321,,,02-2094-2683,서울특별시 중랑구청,2026-02-26
망우본동464-41,1,,서울특별시 중랑구 망우본동 464-41,37.57801463,127.0916206,,,02-2094-2683,서울특별시 중랑구청,2026-02-26
망우본동464-43,1,,서울특별시 중랑구 망우본동 464-43,37.57805522,127.0914499,,,02-2094-2683,서울특별시 중랑구청,2026-02-26
망우본동464-45,1,,서울특별시 중랑구 망우본동 464-45,37.57831631,127.0913614,,,02-2094-2683,서울특별시 중랑구청,2026-02-26
망우본동464-31,1,,서울특별시 중랑구 망우본동 464-31,37.57844651,127.0913478,,,02-2094-2683,서울특별시 중랑구청,2026-02-26
망우본동464-24,1,,서울특별시 중랑구 망우본동 464-24,37.57855857,127.0916138,,,02-2094-2683,서울특별시 중랑구청,2026-02-26
망우본동465-28,1,,서울특별시 중랑구 망우본동 465-28,37.57868452,127.0917357,,,02-2094-2683,서울특별시 중랑구청,2026-02-26
망우본동465-23,1,,서울특별시 중랑구 망우본동 465-23,37.57879426,127.0918538,,,02-2094-2683,서울특별시 중랑구청,2026-02-26
망우본동465-10,1,,서울특별시 중랑구 망우본동 465-10,37.57837176,127.0917718,,,02-2094-2683,서울특별시 중랑구청,2026-02-26
망우본동465-37,1,,서울특별시 중랑구 망우본동 465-37,37.5784114,127.0920104,,,02-2094-2683,서울특별시 중랑구청,2026-02-26
망우본동465-39,1,,서울특별시 중랑구 망우본동 465-39,37.57875417,127.0923516,,,02-2094-2683,서울특별시 중랑구청,2026-02-26
망우본동465-3,1,,서울특별시 중랑구 망우본동 465-3,37.57860143,127.0923427,,,02-2094-2683,서울특별시 중랑구청,2026-02-26
망우본동465-2,1,,서울특별시 중랑구 망우본동 465-2,37.57824844,127.0921987,,,02-2094-2683,서울특별시 중랑구청,2026-02-26
망우본동466-11,1,,서울특별시 중랑구 망우본동 466-11,37.57829028,127.0920379,,,02-2094-2683,서울특별시 중랑구청,2026-02-26
망우본동466-42,1,,서울특별시 중랑구 망우본동 466-42,37.57892211,127.0925479,,,02-2094-2683,서울특별시 중랑구청,2026-02-26
망우본동466-35,1,,서울특별시 중랑구 망우본동 466-35,37.57925279,127.0924169,,,02-2094-2683,서울특별시 중랑구청,2026-02-26
망우본동466-20,1,,서울특별시 중랑구 망우본동 466-20,37.58112839,127.0930995,,,02-2094-2683,서울특별시 중랑구청,2026-02-26
망우본동466-26,1,,서울특별시 중랑구 망우본동 466-26,37.58112839,127.0930995,,,02-2094-2683,서울특별시 중랑구청,2026-02-26
망우본동466-23,1,,서울특별시 중랑구 망우본동 466-23,37.58089881,127.0929943,,,02-2094-2683,서울특별시 중랑구청,2026-02-26
망우본동466-27,1,,서울특별시 중랑구 망우본동 466-27,37.58070281,127.0923521,,,02-2094-2683,서울특별시 중랑구청,2026-02-26
망우본동466-30,1,,서울특별시 중랑구 망우본동 466-30,37.58089113,127.0923365,,,02-2094-2683,서울특별시 중랑구청,2026-02-26
망우본동466-28,1,,서울특별시 중랑구 망우본동 466-28,37.58045817,127.0923674,,,02-2094-2683,서울특별시 중랑구청,2026-02-26
망우본동466-49,1,,서울특별시 중랑구 망우본동 466-49,37.58011315,127.0924132,,,02-2094-2683,서울특별시 중랑구청,2026-02-26
망우본동466-47,1,,서울특별시 중랑구 망우본동 466-47,37.58028025,127.0919961,,,02-2094-2683,서울특별시 중랑구청,2026-02-26
망우본동466-44,1,,서울특별시 중랑구 망우본동 466-44,37.58013848,127.092174,,,02-2094-2683,서울특별시 중랑구청,2026-02-26
망우본동461-48,1,,서울특별시 중랑구 망우본동 461-48,37.58020957,127.0907581,,,02-2094-2683,서울특별시 중랑구청,2026-02-26
망우본동463-7,1,,서울특별시 중랑구 망우본동 463-7,37.57991344,127.0850458,,,02-2094-2683,서울특별시 중랑구청,2026-02-26
망우본동463-4,1,,서울특별시 중랑구 망우본동 463-4,37.58039558,127.0914983,,,02-2094-2683,서울특별시 중랑구청,2026-02-26
망우본동463-2,1,,서울특별시 중랑구 망우본동 463-2,37.5799531,127.0909493,,,02-2094-2683,서울특별시 중랑구청,2026-02-26
망우본동463-17,1,,서울특별시 중랑구 망우본동 463-17,37.58007231,127.0907049,,,02-2094-2683,서울특별시 중랑구청,2026-02-26
망우본동463-13,1,,서울특별시 중랑구 망우본동 463-13,37.57999468,127.090426,,,02-2094-2683,서울특별시 중랑구청,2026-02-26
망우본동463-29,1,,서울특별시 중랑구 망우본동 463-29,37.57988666,127.0906432,,,02-2094-2683,서울특별시 중랑구청,2026-02-26
망우본동463-31,1,,서울특별시 중랑구 망우본동 463-31,37.57979671,127.0908061,,,02-2094-2683,서울특별시 중랑구청,2026-02-26
망우본동463-23,1,,서울특별시 중랑구 망우본동 463-23,37.58019996,127.0906347,,,02-2094-2683,서울특별시 중랑구청,2026-02-26
망우본동492-8,1,,서울특별시 중랑구 망우본동 492-8,37.5801839,127.0903262,,,02-2094-2683,서울특별시 중랑구청,2026-02-26
망우본동492-12,1,,서울특별시 중랑구 망우본동 492-12,37.58018607,127.0901616,,,02-2094-2683,서울특별시 중랑구청,2026-02-26
망우본동492-2,1,,서울특별시 중랑구 망우본동 492-2,37.57986444,127.0903652,,,02-2094-2683,서울특별시 중랑구청,2026-02-26
망우본동463-42,1,,서울특별시 중랑구 망우본동 463-42,37.57972046,127.0904897,,,02-2094-2683,서울특별시 중랑구청,2026-02-26
망우본동493-10,1,,서울특별시 중랑구 망우본동 493-10,37.57940643,127.0906424,,,02-2094-2683,서울특별시 중랑구청,2026-02-26
망우본동493-12,1,,서울특별시 중랑구 망우본동 493-12,37.57923151,127.0911589,,,02-2094-2683,서울특별시 중랑구청,2026-02-26
망우본동493-13,1,,서울특별시 중랑구 망우본동 493-13,37.57942369,127.0908211,,,02-2094-2683,서울특별시 중랑구청,2026-02-26
망우본동493-23,1,,서울특별시 중랑구 망우본동 493-23,37.57966882,127.0913213,,,02-2094-2683,서울특별시 중랑구청,2026-02-26
망우본동493-27,1,,서울특별시 중랑구 망우본동 493-27,37.57934148,127.0913317,,,02-2094-2683,서울특별시 중랑구청,2026-02-26
망우본동493-50,1,,서울특별시 중랑구 망우본동 493-50,37.57923074,127.0915708,,,02-2094-2683,서울특별시 중랑구청,2026-02-26
망우본동493-35,1,,서울특별시 중랑구 망우본동 493-35,37.57959032,127.0919367,,,02-2094-2683,서울특별시 중랑구청,2026-02-26
망우본동493-37,1,,서울특별시 중랑구 망우본동 493-37,37.57970523,127.0916587,,,02-2094-2683,서울특별시 중랑구청,2026-02-26
망우본동493-5,1,,서울특별시 중랑구 망우본동 493-5,37.57977686,127.0917718,,,02-2094-2683,서울특별시 중랑구청,2026-02-26
망우본동493-40,1,,서울특별시 중랑구 망우본동 493-40,37.57986759,127.0913106,,,02-2094-2683,서울특별시 중랑구청,2026-02-26
망우본동492-19,1,,서울특별시 중랑구 망우본동 492-19,37.57968805,127.0918562,,,02-2094-2683,서울특별시 중랑구청,2026-02-26
망우본동493-7,1,,서울특별시 중랑구 망우본동 493-7,37.57881624,127.0910547,,,02-2094-2683,서울특별시 중랑구청,2026-02-26
망우본동492-38,1,,서울특별시 중랑구 망우본동 492-38,37.57908333,127.0910014,,,02-2094-2683,서울특별시 중랑구청,2026-02-26
망우본동492-36,1,,서울특별시 중랑구 망우본동 492-36,37.57896238,127.0907004,,,02-2094-2683,서울특별시 중랑구청,2026-02-26
망우본동492-23,1,,서울특별시 중랑구 망우본동 492-23,37.57910348,127.0906922,,,02-2094-2683,서울특별시 중랑구청,2026-02-26
망우본동492-22,1,,서울특별시 중랑구 망우본동 492-22,37.57937943,127.0902507,,,02-2094-2683,서울특별시 중랑구청,2026-02-26
망우본동492-33,1,,서울특별시 중랑구 망우본동 492-33,37.57981397,127.089907,,,02-2094-2683,서울특별시 중랑구청,2026-02-26
망우본동491-12,1,,서울특별시 중랑구 망우본동 491-12,37.57981397,127.089907,,,02-2094-2683,서울특별시 중랑구청,2026-02-26
망우본동491-2,1,,서울특별시 중랑구 망우본동 491-2,37.57990592,127.0898496,,,02-2094-2683,서울특별시 중랑구청,2026-02-26
망우본동491-14,1,,서울특별시 중랑구 망우본동 491-14,37.5794861,127.0896755,,,02-2094-2683,서울특별시 중랑구청,2026-02-26
망우본동492-6,1,,서울특별시 중랑구 망우본동 492-6,37.5798071,127.0894682,,,02-2094-2683,서울특별시 중랑구청,2026-02-26
망우본동491-22,1,,서울특별시 중랑구 망우본동 491-22,37.57989607,127.0894132,,,02-2094-2683,서울특별시 중랑구청,2026-02-26
망우본동491-36,1,,서울특별시 중랑구 망우본동 491-36,37.58019242,127.0892747,,,02-2094-2683,서울특별시 중랑구청,2026-02-26
망우본동491-30,1,,서울특별시 중랑구 망우본동 491-30,37.5801046,127.0891229,,,02-2094-2683,서울특별시 중랑구청,2026-02-26
망우본동491-59,1,,서울특별시 중랑구 망우본동 491-59,37.58029761,127.0894551,,,02-2094-2683,서울특별시 중랑구청,2026-02-26
망우본동491-46,1,,서울특별시 중랑구 망우본동 491-46,37.58011956,127.0898286,,,02-2094-2683,서울특별시 중랑구청,2026-02-26
망우본동491-48,1,,서울특별시 중랑구 망우본동 491-48,37.58041365,127.0888631,,,02-2094-2683,서울특별시 중랑구청,2026-02-26
망우본동491-32,1,,서울특별시 중랑구 망우본동 491-32,37.57943288,127.0877206,,,02-2094-2683,서울특별시 중랑구청,2026-02-26
망우본동491-35,1,,서울특별시 중랑구 망우본동 491-35,37.57943661,127.0882034,,,02-2094-2683,서울특별시 중랑구청,2026-02-26
망우본동491-37,1,,서울특별시 중랑구 망우본동 491-37,37.57969751,127.0885517,,,02-2094-2683,서울특별시 중랑구청,2026-02-26
망우본동491-38,1,,서울특별시 중랑구 망우본동 491-38,37.5798352,127.0887713,,,02-2094-2683,서울특별시 중랑구청,2026-02-26
망우본동491-1,1,,서울특별시 중랑구 망우본동 491-1,37.58009519,127.0886931,,,02-2094-2683,서울특별시 중랑구청,2026-02-26
망우본동494-2,1,,서울특별시 중랑구 망우본동 494-2,37.57965854,127.0889706,,,02-2094-2683,서울특별시 중랑구청,2026-02-26
망우본동509-71,1,,서울특별시 중랑구 망우본동 509-71,37.57966499,127.0892656,,,02-2094-2683,서울특별시 중랑구청,2026-02-26
망우본동494-9,1,,서울특별시 중랑구 망우본동 494-9,37.57956783,127.088827,,,02-2094-2683,서울특별시 중랑구청,2026-02-26
망우본동494-8,1,,서울특별시 중랑구 망우본동 494-8,37.57935935,127.0889332,,,02-2094-2683,서울특별시 중랑구청,2026-02-26
망우본동461-1,1,,서울특별시 중랑구 망우본동 461-1,37.57946299,127.0887844,,,02-2094-2683,서울특별시 중랑구청,2026-02-26
망우본동461-11,1,,서울특별시 중랑구 망우본동 461-11,37.57921024,127.0889319,,,02-2094-2683,서울특별시 중랑구청,2026-02-26
망우본동461-8,1,,서울특별시 중랑구 망우본동 461-8,37.5793169,127.0885974,,,02-2094-2683,서울특별시 중랑구청,2026-02-26
망우본동461-17,1,,서울특별시 중랑구 망우본동 461-17,37.57903022,127.0882099,,,02-2094-2683,서울특별시 중랑구청,2026-02-26
망우본동461-15,1,,서울특별시 중랑구 망우본동 461-15,37.57864654,127.0888646,,,02-2094-2683,서울특별시 중랑구청,2026-02-26
망우본동461-23,1,,서울특별시 중랑구 망우본동 461-23,37.57890911,127.0887093,,,02-2094-2683,서울특별시 중랑구청,2026-02-26
망우본동461-20,1,,서울특별시 중랑구 망우본동 461-20,37.57916502,127.0890332,,,02-2094-2683,서울특별시 중랑구청,2026-02-26
망우본동461-52,1,,서울특별시 중랑구 망우본동 461-52,37.5789373,127.0893228,,,02-2094-2683,서울특별시 중랑구청,2026-02-26
망우본동461-16,1,,서울특별시 중랑구 망우본동 461-16,37.57932301,127.089685,,,02-2094-2683,서울특별시 중랑구청,2026-02-26
망우본동461-41,1,,서울특별시 중랑구 망우본동 461-41,37.57927824,127.0899141,,,02-2094-2683,서울특별시 중랑구청,2026-02-26
망우본동462-23,1,,서울특별시 중랑구 망우본동 462-23,37.57908397,127.0897015,,,02-2094-2683,서울특별시 중랑구청,2026-02-26
망우본동462-3,1,,서울특별시 중랑구 망우본동 462-3,37.57915482,127.0898898,,,02-2094-2683,서울특별시 중랑구청,2026-02-26
망우본동462-5,1,,서울특별시 중랑구 망우본동 462-5,37.57885637,127.0899402,,,02-2094-2683,서울특별시 중랑구청,2026-02-26
망우본동462-21,1,,서울특별시 중랑구 망우본동 462-21,37.57903237,127.0897786,,,02-2094-2683,서울특별시 중랑구청,2026-02-26
망우본동462-16,1,,서울특별시 중랑구 망우본동 462-16,37.57896399,127.0895342,,,02-2094-2683,서울특별시 중랑구청,2026-02-26
망우본동462-17,1,,서울특별시 중랑구 망우본동 462-17,37.5786975,127.0896197,,,02-2094-2683,서울특별시 중랑구청,2026-02-26
망우본동462-37,1,,서울특별시 중랑구 망우본동 462-37,37.57848995,127.0893275,,,02-2094-2683,서울특별시 중랑구청,2026-02-26
망우본동462-33,1,,서울특별시 중랑구 망우본동 462-33,37.57838303,127.0891751,,,02-2094-2683,서울특별시 중랑구청,2026-02-26
망우본동461-43,1,,서울특별시 중랑구 망우본동 461-43,37.5781606,127.0894936,,,02-2094-2683,서울특별시 중랑구청,2026-02-26
망우본동462-1,1,,서울특별시 중랑구 망우본동 462-1,37.578182,127.0896751,,,02-2094-2683,서울특별시 중랑구청,2026-02-26
망우본동512-44,1,,서울특별시 중랑구 망우본동 512-44,37.5780571,127.089826,,,02-2094-2683,서울특별시 중랑구청,2026-02-26
망우본동512-54,1,,서울특별시 중랑구 망우본동 512-54,37.57788106,127.0895617,,,02-2094-2683,서울특별시 중랑구청,2026-02-26
망우본동512-49,1,,서울특별시 중랑구 망우본동 512-49,37.57794459,127.089434,,,02-2094-2683,서울특별시 중랑구청,2026-02-26
망우본동512-2,1,,서울특별시 중랑구 망우본동 512-2,37.57861255,127.0898338,,,02-2094-2683,서울특별시 중랑구청,2026-02-26
망우본동512-57,1,,서울특별시 중랑구 망우본동 512-57,37.57868572,127.0906531,,,02-2094-2683,서울특별시 중랑구청,2026-02-26
망우본동469-5,1,,서울특별시 중랑구 망우본동 469-5,37.57873622,127.0908326,,,02-2094-2683,서울특별시 중랑구청,2026-02-26
망우본동512-12,1,,서울특별시 중랑구 망우본동 512-12,37.57800995,127.0897426,,,02-2094-2683,서울특별시 중랑구청,2026-02-26
망우본동512-19,1,,서울특별시 중랑구 망우본동 512-19,37.57875939,127.0901068,,,02-2094-2683,서울특별시 중랑구청,2026-02-26
망우본동512-17,1,,서울특별시 중랑구 망우본동 512-17,37.57908275,127.0903511,,,02-2094-2683,서울특별시 중랑구청,2026-02-26
망우본동509-66,1,,서울특별시 중랑구 망우본동 509-66,,,,,02-2094-2683,서울특별시 중랑구청,2026-02-26
망우본동509-9,1,,서울특별시 중랑구 망우본동 509-9,37.57794411,127.089123,,,02-2094-2683,서울특별시 중랑구청,2026-02-26
망우본동509-6,1,,서울특별시 중랑구 망우본동 509-6,37.57784981,127.0889578,,,02-2094-2683,서울특별시 중랑구청,2026-02-26
망우본동509-49,1,,서울특별시 중랑구 망우본동 509-49,37.5776854,127.0886911,,,02-2094-2683,서울특별시 중랑구청,2026-02-26
망우본동509-80,1,,서울특별시 중랑구 망우본동 509-80,37.57762395,127.0885619,,,02-2094-2683,서울특별시 중랑구청,2026-02-26
망우본동509-54,1,,서울특별시 중랑구 망우본동 509-54,37.57784805,127.0882959,,,02-2094-2683,서울특별시 중랑구청,2026-02-26
망우본동509-16,1,,서울특별시 중랑구 망우본동 509-16,37.5779173,127.0878615,,,02-2094-2683,서울특별시 중랑구청,2026-02-26
망우본동509-103,1,,서울특별시 중랑구 망우본동 509-103,37.57791032,127.0883987,,,02-2094-2683,서울특별시 중랑구청,2026-02-26
망우본동509-23,1,,서울특별시 중랑구 망우본동 509-23,37.57817687,127.0882291,,,02-2094-2683,서울특별시 중랑구청,2026-02-26
망우본동509-11,1,,서울특별시 중랑구 망우본동 509-11,37.57820612,127.0883988,,,02-2094-2683,서울특별시 중랑구청,2026-02-26
망우본동509-77,1,,서울특별시 중랑구 망우본동 509-77,37.57804268,127.0883962,,,02-2094-2683,서울특별시 중랑구청,2026-02-26
망우본동509-78,1,,서울특별시 중랑구 망우본동 509-78,37.57808086,127.0881831,,,02-2094-2683,서울특별시 중랑구청,2026-02-26
망우본동513-17,1,,서울특별시 중랑구 망우본동 513-17,37.57845571,127.0886136,,,02-2094-2683,서울특별시 중랑구청,2026-02-26
망우본동513-9,1,,서울특별시 중랑구 망우본동 513-9,37.57817643,127.0889396,,,02-2094-2683,서울특별시 중랑구청,2026-02-26
망우본동513-13,1,,서울특별시 중랑구 망우본동 513-13,37.57810119,127.0888232,,,02-2094-2683,서울특별시 중랑구청,2026-02-26
망우본동513-41,1,,서울특별시 중랑구 망우본동 513-41,37.57811121,127.0885656,,,02-2094-2683,서울특별시 중랑구청,2026-02-26
망우본동513-37,1,,서울특별시 중랑구 망우본동 513-37,37.57864383,127.0883839,,,02-2094-2683,서울특별시 중랑구청,2026-02-26
망우본동513-43,1,,서울특별시 중랑구 망우본동 513-43,37.57846678,127.0881501,,,02-2094-2683,서울특별시 중랑구청,2026-02-26
망우본동513-60,1,,서울특별시 중랑구 망우본동 513-60,37.57821385,127.0878144,,,02-2094-2683,서울특별시 중랑구청,2026-02-26
망우본동513-57,1,,서울특별시 중랑구 망우본동 513-57,37.57799805,127.0877084,,,02-2094-2683,서울특별시 중랑구청,2026-02-26
망우본동513-52,1,,서울특별시 중랑구 망우본동 513-52,37.57806519,127.0874466,,,02-2094-2683,서울특별시 중랑구청,2026-02-26
망우본동513-53,1,,서울특별시 중랑구 망우본동 513-53,37.57820134,127.0874421,,,02-2094-2683,서울특별시 중랑구청,2026-02-26
망우본동513-26,1,,서울특별시 중랑구 망우본동 513-26,37.57827731,127.0875366,,,02-2094-2683,서울특별시 중랑구청,2026-02-26
망우본동513-20,1,,서울특별시 중랑구 망우본동 513-20,37.57847141,127.0878588,,,02-2094-2683,서울특별시 중랑구청,2026-02-26
망우본동513-29,1,,서울특별시 중랑구 망우본동 513-29,37.57868002,127.0880709,,,02-2094-2683,서울특별시 중랑구청,2026-02-26
망우본동506-30,1,,서울특별시 중랑구 망우본동 506-30,37.57879083,127.0882034,,,02-2094-2683,서울특별시 중랑구청,2026-02-26
망우본동514-17,1,,서울특별시 중랑구 망우본동 514-17,37.57872381,127.0878243,,,02-2094-2683,서울특별시 중랑구청,2026-02-26
망우본동514-84,1,,서울특별시 중랑구 망우본동 514-84,37.57878891,127.0890836,,,02-2094-2683,서울특별시 중랑구청,2026-02-26
망우본동514-1,1,,서울특별시 중랑구 망우본동 514-1,37.57821374,127.0871162,,,02-2094-2683,서울특별시 중랑구청,2026-02-26
망우본동514-3,1,,서울특별시 중랑구 망우본동 514-3,37.57837209,127.0869317,,,02-2094-2683,서울특별시 중랑구청,2026-02-26
망우본동514-24,1,,서울특별시 중랑구 망우본동 514-24,37.57862583,127.0871493,,,02-2094-2683,서울특별시 중랑구청,2026-02-26
망우본동514-23,1,,서울특별시 중랑구 망우본동 514-23,37.57873207,127.0874965,,,02-2094-2683,서울특별시 중랑구청,2026-02-26
망우본동514-4,1,,서울특별시 중랑구 망우본동 514-4,37.5786074,127.0873406,,,02-2094-2683,서울특별시 중랑구청,2026-02-26
망우본동514-34,1,,서울특별시 중랑구 망우본동 514-34,37.57881227,127.0876008,,,02-2094-2683,서울특별시 중랑구청,2026-02-26
망우본동514-10,1,,서울특별시 중랑구 망우본동 514-10,37.57891803,127.0877426,,,02-2094-2683,서울특별시 중랑구청,2026-02-26
망우본동514-75,1,,서울특별시 중랑구 망우본동 514-75,37.57897013,127.0879621,,,02-2094-2683,서울특별시 중랑구청,2026-02-26
망우본동514-79,1,,서울특별시 중랑구 망우본동 514-79,37.57897374,127.087593,,,02-2094-2683,서울특별시 중랑구청,2026-02-26
망우본동514-107,1,,서울특별시 중랑구 망우본동 514-107,37.57921118,127.0874305,,,02-2094-2683,서울특별시 중랑구청,2026-02-26
망우본동509-52,1,,서울특별시 중랑구 망우본동 509-52,37.57834486,127.0864678,,,02-2094-2683,서울특별시 중랑구청,2026-02-26
망우본동515-11,1,,서울특별시 중랑구 망우본동 515-11,37.57818725,127.0863798,,,02-2094-2683,서울특별시 중랑구청,2026-02-26
망우본동515-47,1,,서울특별시 중랑구 망우본동 515-47,37.57798407,127.0863878,,,02-2094-2683,서울특별시 중랑구청,2026-02-26
망우본동515-12,1,,서울특별시 중랑구 망우본동 515-12,37.57845718,127.0865176,,,02-2094-2683,서울특별시 중랑구청,2026-02-26
망우본동515-18,1,,서울특별시 중랑구 망우본동 515-18,37.57812052,127.0867031,,,02-2094-2683,서울특별시 중랑구청,2026-02-26
망우본동515-15,1,,서울특별시 중랑구 망우본동 515-15,37.57771319,127.0866946,,,02-2094-2683,서울특별시 중랑구청,2026-02-26
망우본동515-29,1,,서울특별시 중랑구 망우본동 515-29,37.57794408,127.086864,,,02-2094-2683,서울특별시 중랑구청,2026-02-26
망우본동515-51,1,,서울특별시 중랑구 망우본동 515-51,,,,,02-2094-2683,서울특별시 중랑구청,2026-02-26
망우본동515-35,1,,서울특별시 중랑구 망우본동 515-35,37.57770146,127.0873298,,,02-2094-2683,서울특별시 중랑구청,2026-02-26
망우본동515-23,1,,서울특별시 중랑구 망우본동 515-23,37.57767382,127.087414,,,02-2094-2683,서울특별시 중랑구청,2026-02-26
망우본동515-7,1,,서울특별시 중랑구 망우본동 515-7,37.57758504,127.0874696,,,02-2094-2683,서울특별시 중랑구청,2026-02-26
망우본동515-22,1,,서울특별시 중랑구 망우본동 515-22,37.57758504,127.0874696,,,02-2094-2683,서울특별시 중랑구청,2026-02-26
망우본동508-21,1,,서울특별시 중랑구 망우본동 508-21,37.57712496,127.0873885,,,02-2094-2683,서울특별시 중랑구청,2026-02-26
망우본동508-22,1,,서울특별시 중랑구 망우본동 508-22,37.57759277,127.0873658,,,02-2094-2683,서울특별시 중랑구청,2026-02-26
망우본동508-50,1,,서울특별시 중랑구 망우본동 508-50,37.57767382,127.087414,,,02-2094-2683,서울특별시 중랑구청,2026-02-26
망우본동508-58,1,,서울특별시 중랑구 망우본동 508-58,37.57712496,127.0873885,,,02-2094-2683,서울특별시 중랑구청,2026-02-26
망우본동508-18,1,,서울특별시 중랑구 망우본동 508-18,37.57714228,127.0874846,,,02-2094-2683,서울특별시 중랑구청,2026-02-26
망우본동508-20,1,,서울특별시 중랑구 망우본동 508-20,37.57728053,127.0869439,,,02-2094-2683,서울특별시 중랑구청,2026-02-26
망우본동508-12,1,,서울특별시 중랑구 망우본동 508-12,37.57737277,127.0869654,,,02-2094-2683,서울특별시 중랑구청,2026-02-26
망우본동508-8,1,,서울특별시 중랑구 망우본동 508-8,37.57737277,127.0869654,,,02-2094-2683,서울특별시 중랑구청,2026-02-26
망우본동508-52,1,,서울특별시 중랑구 망우본동 508-52,37.57711562,127.0868608,,,02-2094-2683,서울특별시 중랑구청,2026-02-26
망우본동508-10,1,,서울특별시 중랑구 망우본동 508-10,37.57749192,127.0866738,,,02-2094-2683,서울특별시 중랑구청,2026-02-26
망우본동508-6,1,,서울특별시 중랑구 망우본동 508-6,37.57765223,127.0862755,,,02-2094-2683,서울특별시 중랑구청,2026-02-26
망우본동508-33,1,,서울특별시 중랑구 망우본동 508-33,37.57775459,127.0860089,,,02-2094-2683,서울특별시 중랑구청,2026-02-26
망우본동508-34,1,,서울특별시 중랑구 망우본동 508-34,37.57691207,127.0863863,,,02-2094-2683,서울특별시 중랑구청,2026-02-26
망우본동508-3,1,,서울특별시 중랑구 망우본동 508-3,37.57749587,127.0863205,,,02-2094-2683,서울특별시 중랑구청,2026-02-26
망우본동495,1,,서울특별시 중랑구 망우본동 495,37.57796578,127.0856404,,,02-2094-2683,서울특별시 중랑구청,2026-02-26
망우본동514-13,1,,서울특별시 중랑구 망우본동 514-13,37.57760969,127.0856667,,,02-2094-2683,서울특별시 중랑구청,2026-02-26
망우본동463-44,1,,서울특별시 중랑구 망우본동 463-44,,,,,02-2094-2683,서울특별시 중랑구청,2026-02-26
망우본동512-5,1,,서울특별시 중랑구 망우본동 512-5,37.57701383,127.0855949,,,02-2094-2683,서울특별시 중랑구청,2026-02-26
망우본동489-6,1,,서울특별시 중랑구 망우본동 489-6,37.57710231,127.0855835,,,02-2094-2683,서울특별시 중랑구청,2026-02-26
망우본동489-16,1,,서울특별시 중랑구 망우본동 489-16,37.57705955,127.0854106,,,02-2094-2683,서울특별시 중랑구청,2026-02-26
망우본동489-36,1,,서울특별시 중랑구 망우본동 489-36,37.57707125,127.0853095,,,02-2094-2683,서울특별시 중랑구청,2026-02-26
망우본동489-33,1,,서울특별시 중랑구 망우본동 489-33,37.57744882,127.0852265,,,02-2094-2683,서울특별시 중랑구청,2026-02-26
망우본동489-29,1,,서울특별시 중랑구 망우본동 489-29,37.57757706,127.0850637,,,02-2094-2683,서울특별시 중랑구청,2026-02-26
망우본동489-24,1,,서울특별시 중랑구 망우본동 489-24,37.57775221,127.0851907,,,02-2094-2683,서울특별시 중랑구청,2026-02-26
망우본동489-4,1,,서울특별시 중랑구 망우본동 489-4,37.577851,127.0850114,,,02-2094-2683,서울특별시 중랑구청,2026-02-26
망우본동489-21,1,,서울특별시 중랑구 망우본동 489-21,37.57806403,127.0853445,,,02-2094-2683,서울특별시 중랑구청,2026-02-26
망우본동489-11,1,,서울특별시 중랑구 망우본동 489-11,37.57814507,127.0846556,,,02-2094-2683,서울특별시 중랑구청,2026-02-26
망우본동489-13,1,,서울특별시 중랑구 망우본동 489-13,37.57861759,127.0842332,,,02-2094-2683,서울특별시 중랑구청,2026-02-26
망우본동488-11,1,,서울특별시 중랑구 망우본동 488-11,37.57861759,127.0842332,,,02-2094-2683,서울특별시 중랑구청,2026-02-26
망우본동488-9,1,,서울특별시 중랑구 망우본동 488-9,37.57871506,127.0839972,,,02-2094-2683,서울특별시 중랑구청,2026-02-26
망우본동488-20,1,,서울특별시 중랑구 망우본동 488-20,37.5788147,127.0837647,,,02-2094-2683,서울특별시 중랑구청,2026-02-26
망우본동488-1,1,,서울특별시 중랑구 망우본동 488-1,37.57875536,127.083706,,,02-2094-2683,서울특별시 중랑구청,2026-02-26
망우본동488-2,1,,서울특별시 중랑구 망우본동 488-2,37.57868444,127.0838453,,,02-2094-2683,서울특별시 중랑구청,2026-02-26
망우본동487-6,1,,서울특별시 중랑구 망우본동 487-6,37.57849989,127.0840219,,,02-2094-2683,서울특별시 중랑구청,2026-02-26
망우본동487-19,1,,서울특별시 중랑구 망우본동 487-19,37.57836026,127.0842327,,,02-2094-2683,서울특별시 중랑구청,2026-02-26
망우본동487-11,1,,서울특별시 중랑구 망우본동 487-11,37.57768352,127.0846195,,,02-2094-2683,서울특별시 중랑구청,2026-02-26
망우본동487-9,1,,서울특별시 중랑구 망우본동 487-9,37.57792714,127.084373,,,02-2094-2683,서울특별시 중랑구청,2026-02-26
망우본동487-18,1,,서울특별시 중랑구 망우본동 487-18,37.57826649,127.0839518,,,02-2094-2683,서울특별시 중랑구청,2026-02-26
망우본동516-38,1,,서울특별시 중랑구 망우본동 516-38,37.57820366,127.0838644,,,02-2094-2683,서울특별시 중랑구청,2026-02-26
망우본동516-37,1,,서울특별시 중랑구 망우본동 516-37,37.5784185,127.0836803,,,02-2094-2683,서울특별시 중랑구청,2026-02-26
망우본동516-35,1,,서울특별시 중랑구 망우본동 516-35,37.57847743,127.0835488,,,02-2094-2683,서울특별시 중랑구청,2026-02-26
망우본동516-59,1,,서울특별시 중랑구 망우본동 516-59,37.57853669,127.0834517,,,02-2094-2683,서울특별시 중랑구청,2026-02-26
망우본동516-53,1,,서울특별시 중랑구 망우본동 516-53,37.57757357,127.0847841,,,02-2094-2683,서울특별시 중랑구청,2026-02-26
망우본동516-51,1,,서울특별시 중랑구 망우본동 516-51,37.57679868,127.0850881,,,02-2094-2683,서울특별시 중랑구청,2026-02-26
망우본동516-47,1,,서울특별시 중랑구 망우본동 516-47,37.57676409,127.0846924,,,02-2094-2683,서울특별시 중랑구청,2026-02-26
망우본동516-12,1,,서울특별시 중랑구 망우본동 516-12,37.57717497,127.0846584,,,02-2094-2683,서울특별시 중랑구청,2026-02-26
망우본동516-24,1,,서울특별시 중랑구 망우본동 516-24,37.57717497,127.0846584,,,02-2094-2683,서울특별시 중랑구청,2026-02-26
망우본동516-21,1,,서울특별시 중랑구 망우본동 516-21,37.57728904,127.0847734,,,02-2094-2683,서울특별시 중랑구청,2026-02-26
망우본동516-23,1,,서울특별시 중랑구 망우본동 516-23,37.57720478,127.0849303,,,02-2094-2683,서울특별시 중랑구청,2026-02-26
망우본동516-4,1,,서울특별시 중랑구 망우본동 516-4,37.57689198,127.0838797,,,02-2094-2683,서울특별시 중랑구청,2026-02-26
망우본동516-6,1,,서울특별시 중랑구 망우본동 516-6,37.57698217,127.0836259,,,02-2094-2683,서울특별시 중랑구청,2026-02-26
망우본동516-56,1,,서울특별시 중랑구 망우본동 516-56,37.57717604,127.0836646,,,02-2094-2683,서울특별시 중랑구청,2026-02-26
망우본동516-20,1,,서울특별시 중랑구 망우본동 516-20,37.57725592,127.083458,,,02-2094-2683,서울특별시 중랑구청,2026-02-26
망우본동514-77,1,,서울특별시 중랑구 망우본동 514-77,37.57741797,127.0833874,,,02-2094-2683,서울특별시 중랑구청,2026-02-26
망우본동508-24,1,,서울특별시 중랑구 망우본동 508-24,37.57735542,127.0832978,,,02-2094-2683,서울특별시 중랑구청,2026-02-26
망우본동465-20,1,,서울특별시 중랑구 망우본동 465-20,37.57747433,127.0833289,,,02-2094-2683,서울특별시 중랑구청,2026-02-26
망우본동469-72,1,,서울특별시 중랑구 망우본동 469-72,37.57751529,127.0831127,,,02-2094-2683,서울특별시 중랑구청,2026-02-26
망우본동469-39,1,,서울특별시 중랑구 망우본동 469-39,37.57781982,127.0826134,,,02-2094-2683,서울특별시 중랑구청,2026-02-26
망우본동514-14,1,,서울특별시 중랑구 망우본동 514-14,37.57788826,127.0829134,,,02-2094-2683,서울특별시 중랑구청,2026-02-26
망우본동486-9,1,,서울특별시 중랑구 망우본동 486-9,37.57754302,127.0833998,,,02-2094-2683,서울특별시 중랑구청,2026-02-26
망우본동564-1,1,,서울특별시 중랑구 망우본동 564-1,37.57736988,127.0836087,,,02-2094-2683,서울특별시 중랑구청,2026-02-26
망우본동512-32,1,,서울특별시 중랑구 망우본동 512-32,37.57723057,127.0837566,,,02-2094-2683,서울특별시 중랑구청,2026-02-26
망우본동492-4,1,,서울특별시 중랑구 망우본동 492-4,37.57709466,127.0839428,,,02-2094-2683,서울특별시 중랑구청,2026-02-26
망우본동508-15,1,,서울특별시 중랑구 망우본동 508-15,37.57686738,127.0835017,,,02-2094-2683,서울특별시 중랑구청,2026-02-26
망우본동515-2,1,,서울특별시 중랑구 망우본동 515-2,37.57688556,127.0832812,,,02-2094-2683,서울특별시 중랑구청,2026-02-26
망우본동461-35,1,,서울특별시 중랑구 망우본동 461-35,37.57714621,127.0831571,,,02-2094-2683,서울특별시 중랑구청,2026-02-26
망우본동515-1,1,,서울특별시 중랑구 망우본동 515-1,37.57712798,127.0829523,,,02-2094-2683,서울특별시 중랑구청,2026-02-26
망우본동470-25,1,,서울특별시 중랑구 망우본동 470-25,37.57722227,127.0826277,,,02-2094-2683,서울특별시 중랑구청,2026-02-26
망우본동491-24,1,,서울특별시 중랑구 망우본동 491-24,37.57761379,127.0825772,,,02-2094-2683,서울특별시 중랑구청,2026-02-26
망우본동508-2,1,,서울특별시 중랑구 망우본동 508-2,37.57750728,127.0827128,,,02-2094-2683,서울특별시 중랑구청,2026-02-26
망우본동513-61,1,,서울특별시 중랑구 망우본동 513-61,37.57686209,127.0830883,,,02-2094-2683,서울특별시 중랑구청,2026-02-26
망우본동468-27,1,,서울특별시 중랑구 망우본동 468-27,37.57662817,127.0829928,,,02-2094-2683,서울특별시 중랑구청,2026-02-26
망우본동82-2,1,,서울특별시 중랑구 망우본동 82-2,37.57686129,127.0828082,,,02-2094-2683,서울특별시 중랑구청,2026-02-26
망우본동76,1,,서울특별시 중랑구 망우본동 76,37.57658609,127.0824794,,,02-2094-2683,서울특별시 중랑구청,2026-02-26
망우본동512-38,1,,서울특별시 중랑구 망우본동 512-38,37.57666601,127.0820873,,,02-2094-2683,서울특별시 중랑구청,2026-02-26
망우본동462-8,1,,서울특별시 중랑구 망우본동 462-8,37.57680659,127.0819288,,,02-2094-2683,서울특별시 중랑구청,2026-02-26
망우본동462-4,1,,서울특별시 중랑구 망우본동 462-4,37.57665143,127.081542,,,02-2094-2683,서울특별시 중랑구청,2026-02-26
망우본동509-75,1,,서울특별시 중랑구 망우본동 509-75,37.5766418,127.0814047,,,02-2094-2683,서울특별시 중랑구청,2026-02-26
망우본동509-73,1,,서울특별시 중랑구 망우본동 509-73,37.57683283,127.0813703,,,02-2094-2683,서울특별시 중랑구청,2026-02-26
망우본동513-11,1,,서울특별시 중랑구 망우본동 513-11,37.57686776,127.0816778,,,02-2094-2683,서울특별시 중랑구청,2026-02-26
망우본동509-41,1,,서울특별시 중랑구 망우본동 509-41,37.57680496,127.0816828,,,02-2094-2683,서울특별시 중랑구청,2026-02-26
망우본동509-27,1,,서울특별시 중랑구 망우본동 509-27,37.57688317,127.0820605,,,02-2094-2683,서울특별시 중랑구청,2026-02-26
망우본동514-15,1,,서울특별시 중랑구 망우본동 514-15,37.57666881,127.0823353,,,02-2094-2683,서울특별시 중랑구청,2026-02-26
망우본동491-39,1,,서울특별시 중랑구 망우본동 491-39,37.57686606,127.0823036,,,02-2094-2683,서울특별시 중랑구청,2026-02-26
망우본동462-41,1,,서울특별시 중랑구 망우본동 462-41,37.57682163,127.0824483,,,02-2094-2683,서울특별시 중랑구청,2026-02-26
망우본동506-1,1,,서울특별시 중랑구 망우본동 506-1,37.57660638,127.080899,,,02-2094-2683,서울특별시 중랑구청,2026-02-26
망우본동512-13,1,,서울특별시 중랑구 망우본동 512-13,37.57646195,127.0807643,,,02-2094-2683,서울특별시 중랑구청,2026-02-26
망우본동512-1,1,,서울특별시 중랑구 망우본동 512-1,37.57681259,127.0808039,,,02-2094-2683,서울특별시 중랑구청,2026-02-26
망우본동464-2,1,,서울특별시 중랑구 망우본동 464-2,37.57707206,127.0806934,,,02-2094-2683,서울특별시 중랑구청,2026-02-26
망우본동506-3,1,,서울특별시 중랑구 망우본동 506-3,37.57716055,127.0806806,,,02-2094-2683,서울특별시 중랑구청,2026-02-26
망우본동470-26,1,,서울특별시 중랑구 망우본동 470-26,37.57720434,127.0809304,,,02-2094-2683,서울특별시 중랑구청,2026-02-26
망우본동515-4,1,,서울특별시 중랑구 망우본동 515-4,37.57702088,127.0821307,,,02-2094-2683,서울특별시 중랑구청,2026-02-26
망우본동464-5,1,,서울특별시 중랑구 망우본동 464-5,37.57716365,127.0823237,,,02-2094-2683,서울특별시 중랑구청,2026-02-26
망우본동464-51,1,,서울특별시 중랑구 망우본동 464-51,37.57722657,127.0824071,,,02-2094-2683,서울특별시 중랑구청,2026-02-26
망우본동486-10,1,,서울특별시 중랑구 망우본동 486-10,37.57738281,127.0823968,,,02-2094-2683,서울특별시 중랑구청,2026-02-26
망우본동486-5,1,,서울특별시 중랑구 망우본동 486-5,37.57723207,127.0821356,,,02-2094-2683,서울특별시 중랑구청,2026-02-26
망우본동470-37,1,,서울특별시 중랑구 망우본동 470-37,37.57764682,127.0823719,,,02-2094-2683,서울특별시 중랑구청,2026-02-26
망우본동470-13,1,,서울특별시 중랑구 망우본동 470-13,37.57749552,127.0821405,,,02-2094-2683,서울특별시 중랑구청,2026-02-26
망우본동470-23,1,,서울특별시 중랑구 망우본동 470-23,37.57711328,127.0816747,,,02-2094-2683,서울특별시 중랑구청,2026-02-26
망우본동470-21,1,,서울특별시 중랑구 망우본동 470-21,37.57705876,127.0812981,,,02-2094-2683,서울특별시 중랑구청,2026-02-26
망우본동470-6,1,,서울특별시 중랑구 망우본동 470-6,37.57727469,127.0813613,,,02-2094-2683,서울특별시 중랑구청,2026-02-26
망우본동470-7,1,,서울특별시 중랑구 망우본동 470-7,37.57743591,127.0815698,,,02-2094-2683,서울특별시 중랑구청,2026-02-26
망우본동470-29,1,,서울특별시 중랑구 망우본동 470-29,37.57781068,127.0817577,,,02-2094-2683,서울특별시 중랑구청,2026-02-26
망우본동470-28,1,,서울특별시 중랑구 망우본동 470-28,37.5779057,127.0821951,,,02-2094-2683,서울특별시 중랑구청,2026-02-26
망우본동490-20,1,,서울특별시 중랑구 망우본동 490-20,37.57796079,127.0818837,,,02-2094-2683,서울특별시 중랑구청,2026-02-26
망우본동490-21,1,,서울특별시 중랑구 망우본동 490-21,37.57788017,127.0819957,,,02-2094-2683,서울특별시 중랑구청,2026-02-26
망우본동490-26,1,,서울특별시 중랑구 망우본동 490-26,37.57781068,127.0817577,,,02-2094-2683,서울특별시 중랑구청,2026-02-26
망우본동490-28,1,,서울특별시 중랑구 망우본동 490-28,37.57754008,127.0815456,,,02-2094-2683,서울특별시 중랑구청,2026-02-26
망우본동490-29,1,,서울특별시 중랑구 망우본동 490-29,37.57739633,127.0813519,,,02-2094-2683,서울특별시 중랑구청,2026-02-26
망우본동490-30,1,,서울특별시 중랑구 망우본동 490-30,37.57748444,127.0812237,,,02-2094-2683,서울특별시 중랑구청,2026-02-26
망우본동490-3,1,,서울특별시 중랑구 망우본동 490-3,37.5777381,127.0815698,,,02-2094-2683,서울특별시 중랑구청,2026-02-26
망우본동490-11,1,,서울특별시 중랑구 망우본동 490-11,37.57759509,127.0806909,,,02-2094-2683,서울특별시 중랑구청,2026-02-26
망우본동490-12,1,,서울특별시 중랑구 망우본동 490-12,37.57686344,127.0802222,,,02-2094-2683,서울특별시 중랑구청,2026-02-26
망우본동514-28,1,,서울특별시 중랑구 망우본동 514-28,37.57852833,127.0936361,,,02-2094-2683,서울특별시 중랑구청,2026-02-26
망우본동493-8,1,,서울특별시 중랑구 망우본동 493-8,37.57759509,127.0806909,,,02-2094-2683,서울특별시 중랑구청,2026-02-26
망우본동468-18,1,,서울특별시 중랑구 망우본동 468-18,37.57795936,127.0810925,,,02-2094-2683,서울특별시 중랑구청,2026-02-26
망우본동509-37,1,,서울특별시 중랑구 망우본동 509-37,37.5781728,127.0821367,,,02-2094-2683,서울특별시 중랑구청,2026-02-26
망우본동494-12,1,,서울특별시 중랑구 망우본동 494-12,37.57839318,127.0823972,,,02-2094-2683,서울특별시 중랑구청,2026-02-26
망우본동509-59,1,,서울특별시 중랑구 망우본동 509-59,37.57863053,127.0826213,,,02-2094-2683,서울특별시 중랑구청,2026-02-26
망우본동494-22,1,,서울특별시 중랑구 망우본동 494-22,37.57881795,127.0828489,,,02-2094-2683,서울특별시 중랑구청,2026-02-26
망우본동509-20,1,,서울특별시 중랑구 망우본동 509-20,37.57904743,127.0831175,,,02-2094-2683,서울특별시 중랑구청,2026-02-26
망우본동413-14,1,,서울특별시 중랑구 망우본동 413-14,37.57889115,127.0835709,,,02-2094-2683,서울특별시 중랑구청,2026-02-26
망우본동512-53,1,,서울특별시 중랑구 망우본동 512-53,37.57890644,127.0833569,,,02-2094-2683,서울특별시 중랑구청,2026-02-26
망우본동491-56,1,,서울특별시 중랑구 망우본동 491-56,37.57861361,127.0832313,,,02-2094-2683,서울특별시 중랑구청,2026-02-26
망우본동467-10,1,,서울특별시 중랑구 망우본동 467-10,37.57843662,127.0830276,,,02-2094-2683,서울특별시 중랑구청,2026-02-26
망우본동465-11,1,,서울특별시 중랑구 망우본동 465-11,37.57821748,127.0825416,,,02-2094-2683,서울특별시 중랑구청,2026-02-26
망우본동467-33,1,,서울특별시 중랑구 망우본동 467-33,37.57842269,127.082854,,,02-2094-2683,서울특별시 중랑구청,2026-02-26
망우본동241-28,1,,서울특별시 중랑구 망우본동 241-28,37.57814466,127.0823034,,,02-2094-2683,서울특별시 중랑구청,2026-02-26
망우본동233-17,1,,서울특별시 중랑구 망우본동 233-17,37.57839318,127.0823972,,,02-2094-2683,서울특별시 중랑구청,2026-02-26
망우본동146-87,1,,서울특별시 중랑구 망우본동 146-87,37.57855235,127.0825793,,,02-2094-2683,서울특별시 중랑구청,2026-02-26
망우본동44,1,,서울특별시 중랑구 망우본동 44,37.57798553,127.0831045,,,02-2094-2683,서울특별시 중랑구청,2026-02-26
망우본동80-5,1,,서울특별시 중랑구 망우본동 80-5,37.57781276,127.083419,,,02-2094-2683,서울특별시 중랑구청,2026-02-26
망우본동244,1,,서울특별시 중랑구 망우본동 244,37.57757177,127.0837746,,,02-2094-2683,서울특별시 중랑구청,2026-02-26
망우본동212,1,,서울특별시 중랑구 망우본동 212,37.57751469,127.0838423,,,02-2094-2683,서울특별시 중랑구청,2026-02-26
망우본동352-41,1,,서울특별시 중랑구 망우본동 352-41,37.57732096,127.0842456,,,02-2094-2683,서울특별시 중랑구청,2026-02-26
망우본동464-44,1,,서울특별시 중랑구 망우본동 464-44,37.57751182,127.0836917,,,02-2094-2683,서울특별시 중랑구청,2026-02-26
망우본동506-11,1,,서울특별시 중랑구 망우본동 506-11,37.57746017,127.0842298,,,02-2094-2683,서울특별시 중랑구청,2026-02-26
망우본동469-20,1,,서울특별시 중랑구 망우본동 469-20,37.57763043,127.0840141,,,02-2094-2683,서울특별시 중랑구청,2026-02-26
망우본동461-14,1,,서울특별시 중랑구 망우본동 461-14,37.57763043,127.0840141,,,02-2094-2683,서울특별시 중랑구청,2026-02-26
망우본동 467-1,1,,서울특별시 중랑구 망우본동 467-1,37.600100,127.102300,,,02-2094-2683,서울특별시 중랑구청,2026-02-26
망우본동 350-24,1,,서울특별시 중랑구 망우본동 350-24,37.598200,127.100500,,,02-2094-2683,서울특별시 중랑구청,2026-02-26
망우본동 149-47,1,,서울특별시 중랑구 망우본동 149-47,37.597100,127.105200,,,02-2094-2683,서울특별시 중랑구청,2026-02-26
망우본동 87-20,1,,서울특별시 중랑구 망우본동 87-20,37.596500,127.103100,,,02-2094-2683,서울특별시 중랑구청,2026-02-26
망우본동 146-80,1,,서울특별시 중랑구 망우본동 146-80,37.596900,127.104400,,,02-2094-2683,서울특별시 중랑구청,2026-02-26
망우본동 493-23,1,,서울특별시 중랑구 망우본동 493-23,37.601500,127.101800,,,02-2094-2683,서울특별시 중랑구청,2026-02-26
망우3동503-16,1,,서울특별시 중랑구 망우3동 503-16,37.57766708,127.0837953,,,02-2094-2683,서울특별시 중랑구청,2026-02-26
망우3동474-11,1,,서울특별시 중랑구 망우3동 474-11,37.57779321,127.0838112,,,02-2094-2683,서울특별시 중랑구청,2026-02-26
망우3동503-14,1,,서울특별시 중랑구 망우3동 503-14,37.57775807,127.0836807,,,02-2094-2683,서울특별시 중랑구청,2026-02-26
망우3동479-124,1,,서울특별시 중랑구 망우3동 479-124,37.57790208,127.0835156,,,02-2094-2683,서울특별시 중랑구청,2026-02-26
망우3동479-123,1,,서울특별시 중랑구 망우3동 479-123,37.57809945,127.0834379,,,02-2094-2683,서울특별시 중랑구청,2026-02-26
망우3동524-28,1,,서울특별시 중랑구 망우3동 524-28,37.57795537,127.0834534,,,02-2094-2683,서울특별시 중랑구청,2026-02-26
망우3동470-3,1,,서울특별시 중랑구 망우3동 470-3,37.57824707,127.0832576,,,02-2094-2683,서울특별시 중랑구청,2026-02-26
망우3동517-33,1,,서울특별시 중랑구 망우3동 517-33,37.57810559,127.0832883,,,02-2094-2683,서울특별시 중랑구청,2026-02-26
망우3동517-14,1,,서울특별시 중랑구 망우3동 517-14,37.57831587,127.0831767,,,02-2094-2683,서울특별시 중랑구청,2026-02-26
망우3동517-8,1,,서울특별시 중랑구 망우3동 517-8,,,,,02-2094-2683,서울특별시 중랑구청,2026-02-26
망우3동517-3,1,,서울특별시 중랑구 망우3동 517-3,37.57941562,127.0842044,,,02-2094-2683,서울특별시 중랑구청,2026-02-26
망우3동518-36,1,,서울특별시 중랑구 망우3동 518-36,37.57936135,127.083349,,,02-2094-2683,서울특별시 중랑구청,2026-02-26
망우3동518-17,1,,서울특별시 중랑구 망우3동 518-17,37.57956196,127.083538,,,02-2094-2683,서울특별시 중랑구청,2026-02-26
망우3동518-18,1,,서울특별시 중랑구 망우3동 518-18,37.57938731,127.0834708,,,02-2094-2683,서울특별시 중랑구청,2026-02-26
망우3동519,1,,서울특별시 중랑구 망우3동 519,37.57919198,127.0838368,,,02-2094-2683,서울특별시 중랑구청,2026-02-26
망우3동519-10,1,,서울특별시 중랑구 망우3동 519-10,37.57933281,127.083954,,,02-2094-2683,서울특별시 중랑구청,2026-02-26
망우3동518-8,1,,서울특별시 중랑구 망우3동 518-8,37.57929969,127.0837756,,,02-2094-2683,서울특별시 중랑구청,2026-02-26
망우3동518-1,1,,서울특별시 중랑구 망우3동 518-1,37.579573,127.083858,,,02-2094-2683,서울특별시 중랑구청,2026-02-26
망우3동518-2,1,,서울특별시 중랑구 망우3동 518-2,37.57963467,127.0841767,,,02-2094-2683,서울특별시 중랑구청,2026-02-26
망우3동518-33,1,,서울특별시 중랑구 망우3동 518-33,37.57956246,127.0837255,,,02-2094-2683,서울특별시 중랑구청,2026-02-26
망우3동503-8,1,,서울특별시 중랑구 망우3동 503-8,37.57969967,127.0836075,,,02-2094-2683,서울특별시 중랑구청,2026-02-26
망우3동499-4,1,,서울특별시 중랑구 망우3동 499-4,,,,,02-2094-2683,서울특별시 중랑구청,2026-02-26
망우3동499-9,1,,서울특별시 중랑구 망우3동 499-9,37.57996902,127.0838109,,,02-2094-2683,서울특별시 중랑구청,2026-02-26
망우3동522-6,1,,서울특별시 중랑구 망우3동 522-6,37.58011727,127.0841272,,,02-2094-2683,서울특별시 중랑구청,2026-02-26
망우3동477-22,1,,서울특별시 중랑구 망우3동 477-22,37.57986494,127.0840824,,,02-2094-2683,서울특별시 중랑구청,2026-02-26
망우3동479-80,1,,서울특별시 중랑구 망우3동 479-80,37.57999562,127.084281,,,02-2094-2683,서울특별시 중랑구청,2026-02-26
망우3동477-30,1,,서울특별시 중랑구 망우3동 477-30,37.57927026,127.0925397,,,02-2094-2683,서울특별시 중랑구청,2026-02-26
망우3동477-27,1,,서울특별시 중랑구 망우3동 477-27,37.57979301,127.0842447,,,02-2094-2683,서울특별시 중랑구청,2026-02-26
망우3동477-51,1,,서울특별시 중랑구 망우3동 477-51,37.58003713,127.084440,,,02-2094-2683,서울특별시 중랑구청,2026-02-26
망우3동477-21,1,,서울특별시 중랑구 망우3동 477-21,37.58020356,127.0844284,,,02-2094-2683,서울특별시 중랑구청,2026-02-26
망우3동474-37,1,,서울특별시 중랑구 망우3동 474-37,37.58033125,127.0844012,,,02-2094-2683,서울특별시 중랑구청,2026-02-26
망우3동474-25,1,,서울특별시 중랑구 망우3동 474-25,37.580378,127.0842888,,,02-2094-2683,서울특별시 중랑구청,2026-02-26
망우3동474-28,1,,서울특별시 중랑구 망우3동 474-28,37.58041407,127.0839908,,,02-2094-2683,서울특별시 중랑구청,2026-02-26
망우3동474-10,1,,서울특별시 중랑구 망우3동 474-10,37.58041407,127.0839908,,,02-2094-2683,서울특별시 중랑구청,2026-02-26
망우3동474-14,1,,서울특별시 중랑구 망우3동 474-14,37.58074221,127.0847488,,,02-2094-2683,서울특별시 중랑구청,2026-02-26
망우3동519-6,1,,서울특별시 중랑구 망우3동 519-6,37.58042409,127.0847174,,,02-2094-2683,서울특별시 중랑구청,2026-02-26
망우3동456-36,1,,서울특별시 중랑구 망우3동 456-36,37.58067877,127.0848873,,,02-2094-2683,서울특별시 중랑구청,2026-02-26
망우3동521-44,1,,서울특별시 중랑구 망우3동 521-44,37.57718994,127.0833677,,,02-2094-2683,서울특별시 중랑구청,2026-02-26
망우3동521-49,1,,서울특별시 중랑구 망우3동 521-49,37.58074099,127.0844378,,,02-2094-2683,서울특별시 중랑구청,2026-02-26
망우3동521-29,1,,서울특별시 중랑구 망우3동 521-29,37.58072437,127.0841209,,,02-2094-2683,서울특별시 중랑구청,2026-02-26
망우3동521-26,1,,서울특별시 중랑구 망우3동 521-26,37.58082407,127.0841715,,,02-2094-2683,서울특별시 중랑구청,2026-02-26
망우3동521-18,1,,서울특별시 중랑구 망우3동 521-18,37.58001225,127.0873146,,,02-2094-2683,서울특별시 중랑구청,2026-02-26
망우3동522-2,1,,서울특별시 중랑구 망우3동 522-2,37.58042471,127.0854812,,,02-2094-2683,서울특별시 중랑구청,2026-02-26
망우3동522-4,1,,서울특별시 중랑구 망우3동 522-4,37.58024395,127.0853899,,,02-2094-2683,서울특별시 중랑구청,2026-02-26
망우3동459-30,1,,서울특별시 중랑구 망우3동 459-30,37.58028523,127.0852455,,,02-2094-2683,서울특별시 중랑구청,2026-02-26
망우3동522-9,1,,서울특별시 중랑구 망우3동 522-9,37.58045525,127.0849934,,,02-2094-2683,서울특별시 중랑구청,2026-02-26
망우3동522-18,1,,서울특별시 중랑구 망우3동 522-18,37.58017024,127.0856421,,,02-2094-2683,서울특별시 중랑구청,2026-02-26
망우3동522-29,1,,서울특별시 중랑구 망우3동 522-29,37.58006122,127.0858962,,,02-2094-2683,서울특별시 중랑구청,2026-02-26
망우3동522-34,1,,서울특별시 중랑구 망우3동 522-34,37.58015523,127.0862178,,,02-2094-2683,서울특별시 중랑구청,2026-02-26
망우3동523-20,1,,서울특별시 중랑구 망우3동 523-20,37.58029682,127.0862775,,,02-2094-2683,서울특별시 중랑구청,2026-02-26
망우3동523-13,1,,서울특별시 중랑구 망우3동 523-13,37.58044483,127.0853238,,,02-2094-2683,서울특별시 중랑구청,2026-02-26
망우3동523-57,1,,서울특별시 중랑구 망우3동 523-57,37.58059568,127.0857807,,,02-2094-2683,서울특별시 중랑구청,2026-02-26
망우3동523-55,1,,서울특별시 중랑구 망우3동 523-55,37.58069301,127.0856368,,,02-2094-2683,서울특별시 중랑구청,2026-02-26
망우3동523-52,1,,서울특별시 중랑구 망우3동 523-52,37.58064428,127.0861002,,,02-2094-2683,서울특별시 중랑구청,2026-02-26
망우3동525-32,1,,서울특별시 중랑구 망우3동 525-32,37.58055186,127.0863255,,,02-2094-2683,서울특별시 중랑구청,2026-02-26
망우3동525-33,1,,서울특별시 중랑구 망우3동 525-33,37.58064428,127.0861002,,,02-2094-2683,서울특별시 중랑구청,2026-02-26
망우3동525-40,1,,서울특별시 중랑구 망우3동 525-40,37.5805477,127.0872037,,,02-2094-2683,서울특별시 중랑구청,2026-02-26
망우3동525-31,1,,서울특별시 중랑구 망우3동 525-31,37.58047205,127.0873974,,,02-2094-2683,서울특별시 중랑구청,2026-02-26
망우3동525-30,1,,서울특별시 중랑구 망우3동 525-30,,,,,02-2094-2683,서울특별시 중랑구청,2026-02-26
망우3동525-2,1,,서울특별시 중랑구 망우3동 525-2,,,,,02-2094-2683,서울특별시 중랑구청,2026-02-26
망우3동525-28,1,,서울특별시 중랑구 망우3동 525-28,37.58030398,127.0875681,,,02-2094-2683,서울특별시 중랑구청,2026-02-26
망우3동525-17,1,,서울특별시 중랑구 망우3동 525-17,37.58008625,127.0880033,,,02-2094-2683,서울특별시 중랑구청,2026-02-26
망우3동525-11,1,,서울특별시 중랑구 망우3동 525-11,37.57947854,127.0871341,,,02-2094-2683,서울특별시 중랑구청,2026-02-26
망우3동525-13,1,,서울특별시 중랑구 망우3동 525-13,37.5795108,127.0867583,,,02-2094-2683,서울특별시 중랑구청,2026-02-26
망우3동525-16,1,,서울특별시 중랑구 망우3동 525-16,37.57928382,127.0864191,,,02-2094-2683,서울특별시 중랑구청,2026-02-26
망우3동525-10,1,,서울특별시 중랑구 망우3동 525-10,37.57911503,127.0860933,,,02-2094-2683,서울특별시 중랑구청,2026-02-26
망우3동495-16,1,,서울특별시 중랑구 망우3동 495-16,37.57873322,127.0860523,,,02-2094-2683,서울특별시 중랑구청,2026-02-26
망우3동524-55,1,,서울특별시 중랑구 망우3동 524-55,37.57844733,127.0850606,,,02-2094-2683,서울특별시 중랑구청,2026-02-26
망우3동523-3,1,,서울특별시 중랑구 망우3동 523-3,37.57876465,127.084828,,,02-2094-2683,서울특별시 중랑구청,2026-02-26
망우3동524-59,1,,서울특별시 중랑구 망우3동 524-59,37.57866198,127.0846413,,,02-2094-2683,서울특별시 중랑구청,2026-02-26
망우3동524-4,1,,서울특별시 중랑구 망우3동 524-4,37.57881393,127.0845907,,,02-2094-2683,서울특별시 중랑구청,2026-02-26
망우3동523-7,1,,서울특별시 중랑구 망우3동 523-7,37.57886274,127.0843611,,,02-2094-2683,서울특별시 중랑구청,2026-02-26
망우3동523-1,1,,서울특별시 중랑구 망우3동 523-1,37.57879848,127.0842715,,,02-2094-2683,서울특별시 중랑구청,2026-02-26
망우3동524-11,1,,서울특별시 중랑구 망우3동 524-11,37.57890758,127.0842822,,,02-2094-2683,서울특별시 중랑구청,2026-02-26
망우3동524-1,1,,서울특별시 중랑구 망우3동 524-1,37.5789166,127.0840197,,,02-2094-2683,서울특별시 중랑구청,2026-02-26
망우3동524-16,1,,서울특별시 중랑구 망우3동 524-16,,,,,02-2094-2683,서울특별시 중랑구청,2026-02-26
망우3동520-6,1,,서울특별시 중랑구 망우3동 520-6,37.57869498,127.0852384,,,02-2094-2683,서울특별시 중랑구청,2026-02-26
망우3동521-5,1,,서울특별시 중랑구 망우3동 521-5,37.57867944,127.0850535,,,02-2094-2683,서울특별시 중랑구청,2026-02-26
망우3동119,1,,서울특별시 중랑구 망우3동 119,37.57876484,127.0854429,,,02-2094-2683,서울특별시 중랑구청,2026-02-26
망우3동521-42,1,,서울특별시 중랑구 망우3동 521-42,37.57892277,127.0850856,,,02-2094-2683,서울특별시 중랑구청,2026-02-26
망우3동521-40,1,,서울특별시 중랑구 망우3동 521-40,37.57900454,127.0851369,,,02-2094-2683,서울특별시 중랑구청,2026-02-26
망우3동521-33,1,,서울특별시 중랑구 망우3동 521-33,37.57921975,127.0846948,,,02-2094-2683,서울특별시 중랑구청,2026-02-26
망우3동521-32,1,,서울특별시 중랑구 망우3동 521-32,37.57902746,127.0844708,,,02-2094-2683,서울특별시 중랑구청,2026-02-26
망우3동520-4,1,,서울특별시 중랑구 망우3동 520-4,37.57924215,127.0843611,,,02-2094-2683,서울특별시 중랑구청,2026-02-26
망우3동519-2,1,,서울특별시 중랑구 망우3동 519-2,37.57928889,127.0842637,,,02-2094-2683,서울특별시 중랑구청,2026-02-26
망우3동529-5,1,,서울특별시 중랑구 망우3동 529-5,37.57940605,127.0844783,,,02-2094-2683,서울특별시 중랑구청,2026-02-26
망우3동520-11,1,,서울특별시 중랑구 망우3동 520-11,37.57908986,127.085267,,,02-2094-2683,서울특별시 중랑구청,2026-02-26
망우3동520-17,1,,서울특별시 중랑구 망우3동 520-17,37.57924953,127.0857479,,,02-2094-2683,서울특별시 중랑구청,2026-02-26
망우3동520-29,1,,서울특별시 중랑구 망우3동 520-29,37.57929236,127.0853274,,,02-2094-2683,서울특별시 중랑구청,2026-02-26
망우3동520-51,1,,서울특별시 중랑구 망우3동 520-51,37.57946639,127.0851473,,,02-2094-2683,서울특별시 중랑구청,2026-02-26
망우3동520-41,1,,서울특별시 중랑구 망우3동 520-41,37.57962657,127.0846681,,,02-2094-2683,서울특별시 중랑구청,2026-02-26
망우3동520-37,1,,서울특별시 중랑구 망우3동 520-37,37.57965745,127.0850757,,,02-2094-2683,서울특별시 중랑구청,2026-02-26
망우3동520-49,1,,서울특별시 중랑구 망우3동 520-49,37.57953076,127.085343,,,02-2094-2683,서울특별시 중랑구청,2026-02-26
망우3동520-42,1,,서울특별시 중랑구 망우3동 520-42,37.57947667,127.0856221,,,02-2094-2683,서울특별시 중랑구청,2026-02-26
망우3동529-2,1,,서울특별시 중랑구 망우3동 529-2,37.57980739,127.086051,,,02-2094-2683,서울특별시 중랑구청,2026-02-26
망우3동524-7,1,,서울특별시 중랑구 망우3동 524-7,37.57982869,127.0856237,,,02-2094-2683,서울특별시 중랑구청,2026-02-26
망우3동524-9,1,,서울특별시 중랑구 망우3동 524-9,37.57998543,127.0855433,,,02-2094-2683,서울특별시 중랑구청,2026-02-26
망우3동524-36,1,,서울특별시 중랑구 망우3동 524-36,37.57979497,127.0847874,,,02-2094-2683,서울특별시 중랑구청,2026-02-26
망우3동524-10,1,,서울특별시 중랑구 망우3동 524-10,,,,,02-2094-2683,서울특별시 중랑구청,2026-02-26
망우3동524-39,1,,서울특별시 중랑구 망우3동 524-39,37.57984704,127.086776,,,02-2094-2683,서울특별시 중랑구청,2026-02-26
망우3동524-41,1,,서울특별시 중랑구 망우3동 524-41,37.58009206,127.0870974,,,02-2094-2683,서울특별시 중랑구청,2026-02-26
망우3동524-44,1,,서울특별시 중랑구 망우3동 524-44,37.58035519,127.0866677,,,02-2094-2683,서울특별시 중랑구청,2026-02-26
망우3동526-33,1,,서울특별시 중랑구 망우3동 526-33,37.58000769,127.0912006,,,02-2094-2683,서울특별시 중랑구청,2026-02-26
망우3동521-35,1,,서울특별시 중랑구 망우3동 521-35,37.57995001,127.0864346,,,02-2094-2683,서울특별시 중랑구청,2026-02-26
망우3동526-46,1,,서울특별시 중랑구 망우3동 526-46,37.58052504,127.0878693,,,02-2094-2683,서울특별시 중랑구청,2026-02-26
망우3동526-43,1,,서울특별시 중랑구 망우3동 526-43,37.58015376,127.0866294,,,02-2094-2683,서울특별시 중랑구청,2026-02-26
망우3동526-15,1,,서울특별시 중랑구 망우3동 526-15,37.58026192,127.0868184,,,02-2094-2683,서울특별시 중랑구청,2026-02-26
망우3동526-14,1,,서울특별시 중랑구 망우3동 526-14,37.57845723,127.0930851,,,02-2094-2683,서울특별시 중랑구청,2026-02-26
망우3동526-21,1,,서울특별시 중랑구 망우3동 526-21,37.57756375,127.0865218,,,02-2094-2683,서울특별시 중랑구청,2026-02-26
망우3동526-4,1,,서울특별시 중랑구 망우3동 526-4,37.5781606,127.0894936,,,02-2094-2683,서울특별시 중랑구청,2026-02-26
망우3동526-12,1,,서울특별시 중랑구 망우3동 526-12,37.57856895,127.0887582,,,02-2094-2683,서울특별시 중랑구청,2026-02-26
망우3동526-2,1,,서울특별시 중랑구 망우3동 526-2,37.5781258,127.0829957,,,02-2094-2683,서울특별시 중랑구청,2026-02-26
망우3동526-1,1,,서울특별시 중랑구 망우3동 526-1,37.5786647,127.0926651,,,02-2094-2683,서울특별시 중랑구청,2026-02-26
망우3동531-34,1,,서울특별시 중랑구 망우3동 531-34,37.57733363,127.0840412,,,02-2094-2683,서울특별시 중랑구청,2026-02-26
망우3동531-29,1,,서울특별시 중랑구 망우3동 531-29,37.58046275,127.0886171,,,02-2094-2683,서울특별시 중랑구청,2026-02-26
망우3동531-14,1,,서울특별시 중랑구 망우3동 531-14,37.57725972,127.0876664,,,02-2094-2683,서울특별시 중랑구청,2026-02-26
망우3동531-20,1,,서울특별시 중랑구 망우3동 531-20,37.57751757,127.082947,,,02-2094-2683,서울특별시 중랑구청,2026-02-26
망우3동531-13,1,,서울특별시 중랑구 망우3동 531-13,37.58031396,127.0920147,,,02-2094-2683,서울특별시 중랑구청,2026-02-26
망우3동448-29,1,,서울특별시 중랑구 망우3동 448-29,37.57769423,127.0836198,,,02-2094-2683,서울특별시 중랑구청,2026-02-26
망우3동531-2,1,,서울특별시 중랑구 망우3동 531-2,37.57930169,127.0910495,,,02-2094-2683,서울특별시 중랑구청,2026-02-26
망우3동530-5,1,,서울특별시 중랑구 망우3동 530-5,37.57949719,127.0844058,,,02-2094-2683,서울특별시 중랑구청,2026-02-26
망우3동530-14,1,,서울특별시 중랑구 망우3동 530-14,37.57984251,127.0897007,,,02-2094-2683,서울특별시 중랑구청,2026-02-26
망우3동530-8,1,,서울특별시 중랑구 망우3동 530-8,37.57703261,127.0871419,,,02-2094-2683,서울특별시 중랑구청,2026-02-26
망우3동530-3,1,,서울특별시 중랑구 망우3동 530-3,37.57995781,127.0869704,,,02-2094-2683,서울특별시 중랑구청,2026-02-26
망우3동526-38,1,,서울특별시 중랑구 망우3동 526-38,37.58025041,127.0915573,,,02-2094-2683,서울특별시 중랑구청,2026-02-26
망우3동526-3,1,,서울특별시 중랑구 망우3동 526-3,,,,,02-2094-2683,서울특별시 중랑구청,2026-02-26
망우3동529-48,1,,서울특별시 중랑구 망우3동 529-48,37.57760014,127.0899084,,,02-2094-2683,서울특별시 중랑구청,2026-02-26
망우3동529-50,1,,서울특별시 중랑구 망우3동 529-50,37.57691758,127.0867346,,,02-2094-2683,서울특별시 중랑구청,2026-02-26
망우3동529-58,1,,서울특별시 중랑구 망우3동 529-58,37.57862088,127.0830208,,,02-2094-2683,서울특별시 중랑구청,2026-02-26
망우3동529-6,1,,서울특별시 중랑구 망우3동 529-6,37.57868572,127.0906531,,,02-2094-2683,서울특별시 중랑구청,2026-02-26
망우3동529-54,1,,서울특별시 중랑구 망우3동 529-54,37.57705847,127.0835176,,,02-2094-2683,서울특별시 중랑구청,2026-02-26
망우3동529-12,1,,서울특별시 중랑구 망우3동 529-12,37.57733065,127.0854197,,,02-2094-2683,서울특별시 중랑구청,2026-02-26
망우3동529-65,1,,서울특별시 중랑구 망우3동 529-65,37.57952569,127.0854947,,,02-2094-2683,서울특별시 중랑구청,2026-02-26
망우3동529-79,1,,서울특별시 중랑구 망우3동 529-79,37.57989575,127.0918309,,,02-2094-2683,서울특별시 중랑구청,2026-02-26
망우3동529-69,1,,서울특별시 중랑구 망우3동 529-69,37.57957112,127.0869472,,,02-2094-2683,서울특별시 중랑구청,2026-02-26
망우3동529-30,1,,서울특별시 중랑구 망우3동 529-30,37.57820281,127.0850546,,,02-2094-2683,서울특별시 중랑구청,2026-02-26
망우3동529-94,1,,서울특별시 중랑구 망우3동 529-94,37.57844036,127.0839856,,,02-2094-2683,서울특별시 중랑구청,2026-02-26
망우3동529-101,1,,서울특별시 중랑구 망우3동 529-101,37.57833969,127.0879742,,,02-2094-2683,서울특별시 중랑구청,2026-02-26
망우3동529-92,1,,서울특별시 중랑구 망우3동 529-92,37.57855293,127.089567,,,02-2094-2683,서울특별시 중랑구청,2026-02-26
망우3동529-119,1,,서울특별시 중랑구 망우3동 529-119,37.57987305,127.0845869,,,02-2094-2683,서울특별시 중랑구청,2026-02-26
망우3동455-35,1,,서울특별시 중랑구 망우3동 455-35,37.57916248,127.0924584,,,02-2094-2683,서울특별시 중랑구청,2026-02-26
망우3동455-30,1,,서울특별시 중랑구 망우3동 455-30,,,,,02-2094-2683,서울특별시 중랑구청,2026-02-26
망우3동456-50,1,,서울특별시 중랑구 망우3동 456-50,37.57724613,127.0830415,,,02-2094-2683,서울특별시 중랑구청,2026-02-26
망우3동455-1,1,,서울특별시 중랑구 망우3동 455-1,37.57806057,127.0896418,,,02-2094-2683,서울특별시 중랑구청,2026-02-26
망우3동455-6,1,,서울특별시 중랑구 망우3동 455-6,37.58022149,127.0894381,,,02-2094-2683,서울특별시 중랑구청,2026-02-26
망우3동455-28,1,,서울특별시 중랑구 망우3동 455-28,,,,,02-2094-2683,서울특별시 중랑구청,2026-02-26
망우3동454-36,1,,서울특별시 중랑구 망우3동 454-36,,,,,02-2094-2683,서울특별시 중랑구청,2026-02-26
망우3동455-15,1,,서울특별시 중랑구 망우3동 455-15,37.57699248,127.0840827,,,02-2094-2683,서울특별시 중랑구청,2026-02-26
망우3동455-10,1,,서울특별시 중랑구 망우3동 455-10,37.57681011,127.0821702,,,02-2094-2683,서울특별시 중랑구청,2026-02-26
망우3동454-32,1,,서울특별시 중랑구 망우3동 454-32,,,,,02-2094-2683,서울특별시 중랑구청,2026-02-26
망우3동454-34,1,,서울특별시 중랑구 망우3동 454-34,37.57851471,127.0907677,,,02-2094-2683,서울특별시 중랑구청,2026-02-26
망우3동454-2,1,,서울특별시 중랑구 망우3동 454-2,,,,,02-2094-2683,서울특별시 중랑구청,2026-02-26
망우3동454-17,1,,서울특별시 중랑구 망우3동 454-17,,,,,02-2094-2683,서울특별시 중랑구청,2026-02-26
망우3동454-20,1,,서울특별시 중랑구 망우3동 454-20,37.57753954,127.0853714,,,02-2094-2683,서울특별시 중랑구청,2026-02-26
망우3동529-8,1,,서울특별시 중랑구 망우3동 529-8,37.57804296,127.0939818,,,02-2094-2683,서울특별시 중랑구청,2026-02-26
망우3동457-11,1,,서울특별시 중랑구 망우3동 457-11,37.57936035,127.0853807,,,02-2094-2683,서울특별시 중랑구청,2026-02-26
망우3동457-23,1,,서울특별시 중랑구 망우3동 457-23,37.58001478,127.0829314,,,02-2094-2683,서울특별시 중랑구청,2026-02-26
망우3동457-35,1,,서울특별시 중랑구 망우3동 457-35,37.57901037,127.0886062,,,02-2094-2683,서울특별시 중랑구청,2026-02-26
망우3동458-9,1,,서울특별시 중랑구 망우3동 458-9,37.58006442,127.0914671,,,02-2094-2683,서울특별시 중랑구청,2026-02-26
망우3동458-18,1,,서울특별시 중랑구 망우3동 458-18,37.57901066,127.0894172,,,02-2094-2683,서울특별시 중랑구청,2026-02-26
망우3동458-13,1,,서울특별시 중랑구 망우3동 458-13,37.5776081,127.085508,,,02-2094-2683,서울특별시 중랑구청,2026-02-26
망우3동458-11,1,,서울특별시 중랑구 망우3동 458-11,37.5807751,127.0836026,,,02-2094-2683,서울특별시 중랑구청,2026-02-26
망우3동458-31,1,,서울특별시 중랑구 망우3동 458-31,37.57959092,127.0925489,,,02-2094-2683,서울특별시 중랑구청,2026-02-26
망우3동459-1,1,,서울특별시 중랑구 망우3동 459-1,37.57681245,127.085353,,,02-2094-2683,서울특별시 중랑구청,2026-02-26
망우3동460-38,1,,서울특별시 중랑구 망우3동 460-38,37.57986629,127.0852067,,,02-2094-2683,서울특별시 중랑구청,2026-02-26
망우3동459-45,1,,서울특별시 중랑구 망우3동 459-45,37.57920099,127.0901924,,,02-2094-2683,서울특별시 중랑구청,2026-02-26
망우3동459-3,1,,서울특별시 중랑구 망우3동 459-3,37.57760014,127.0899084,,,02-2094-2683,서울특별시 중랑구청,2026-02-26
망우3동460-7,1,,서울특별시 중랑구 망우3동 460-7,37.57911503,127.0860933,,,02-2094-2683,서울특별시 중랑구청,2026-02-26
망우3동460-33,1,,서울특별시 중랑구 망우3동 460-33,37.57911503,127.0860933,,,02-2094-2683,서울특별시 중랑구청,2026-02-26
망우3동460-18,1,,서울특별시 중랑구 망우3동 460-18,37.5772198,127.0865786,,,02-2094-2683,서울특별시 중랑구청,2026-02-26
망우3동460-16,1,,서울특별시 중랑구 망우3동 460-16,,,,,02-2094-2683,서울특별시 중랑구청,2026-02-26
망우3동460-11,1,,서울특별시 중랑구 망우3동 460-11,37.5783283,127.0826751,,,02-2094-2683,서울특별시 중랑구청,2026-02-26
망우3동459-44,1,,서울특별시 중랑구 망우3동 459-44,37.5782836,127.0838299,,,02-2094-2683,서울특별시 중랑구청,2026-02-26
망우3동459-28,1,,서울특별시 중랑구 망우3동 459-28,37.58059381,127.0858766,,,02-2094-2683,서울특별시 중랑구청,2026-02-26
망우3동459-4,1,,서울특별시 중랑구 망우3동 459-4,37.57856231,127.0880034,,,02-2094-2683,서울특별시 중랑구청,2026-02-26
망우3동459-25,1,,서울특별시 중랑구 망우3동 459-25,37.57882048,127.090688,,,02-2094-2683,서울특별시 중랑구청,2026-02-26
망우3동459-24,1,,서울특별시 중랑구 망우3동 459-24,37.57674222,127.0801498,,,02-2094-2683,서울특별시 중랑구청,2026-02-26
망우3동459-11,1,,서울특별시 중랑구 망우3동 459-11,37.57795936,127.0810925,,,02-2094-2683,서울특별시 중랑구청,2026-02-26
망우3동,1,,서울특별시 중랑구 망우3동,37.57795936,127.0810925,,,02-2094-2683,서울특별시 중랑구청,2026-02-26
망우3동459-50,1,,서울특별시 중랑구 망우3동 459-50,37.57795936,127.0810925,,,02-2094-2683,서울특별시 중랑구청,2026-02-26
망우3동459-51,1,,서울특별시 중랑구 망우3동 459-51,37.57859971,127.0819788,,,02-2094-2683,서울특별시 중랑구청,2026-02-26
망우3동459-9,1,,서울특별시 중랑구 망우3동 459-9,37.57859971,127.0819788,,,02-2094-2683,서울특별시 중랑구청,2026-02-26
망우3동456-9,1,,서울특별시 중랑구 망우3동 456-9,37.57859971,127.0819788,,,02-2094-2683,서울특별시 중랑구청,2026-02-26
망우3동456-13,1,,서울특별시 중랑구 망우3동 456-13,37.57859971,127.0819788,,,02-2094-2683,서울특별시 중랑구청,2026-02-26
망우3동456-41,1,,서울특별시 중랑구 망우3동 456-41,37.5799015,127.0839769,,,02-2094-2683,서울특별시 중랑구청,2026-02-26
망우3동456-7,1,,서울특별시 중랑구 망우3동 456-7,,,,,02-2094-2683,서울특별시 중랑구청,2026-02-26
망우3동456-21,1,,서울특별시 중랑구 망우3동 456-21,37.57719699,127.0812739,,,02-2094-2683,서울특별시 중랑구청,2026-02-26
망우3동456-30,1,,서울특별시 중랑구 망우3동 456-30,37.57647977,127.0809158,,,02-2094-2683,서울특별시 중랑구청,2026-02-26
망우3동454-7,1,,서울특별시 중랑구 망우3동 454-7,37.57634807,127.0814072,,,02-2094-2683,서울특별시 중랑구청,2026-02-26
망우3동459-42,1,,서울특별시 중랑구 망우3동 459-42,37.57671417,127.0813781,,,02-2094-2683,서울특별시 중랑구청,2026-02-26
망우3동409-5,1,,서울특별시 중랑구 망우3동 409-5,37.57743548,127.0818071,,,02-2094-2683,서울특별시 중랑구청,2026-02-26
망우3동409-13,1,,서울특별시 중랑구 망우3동 409-13,37.57685309,127.0817854,,,02-2094-2683,서울특별시 중랑구청,2026-02-26
망우3동409-1,1,,서울특별시 중랑구 망우3동 409-1,37.57759509,127.0806909,,,02-2094-2683,서울특별시 중랑구청,2026-02-26
망우3동409-3,1,,서울특별시 중랑구 망우3동 409-3,37.57759509,127.0806909,,,02-2094-2683,서울특별시 중랑구청,2026-02-26
망우3동409-4,1,,서울특별시 중랑구 망우3동 409-4,37.5807751,127.0836026,,,02-2094-2683,서울특별시 중랑구청,2026-02-26
망우3동410-1,1,,서울특별시 중랑구 망우3동 410-1,37.5807751,127.0836026,,,02-2094-2683,서울특별시 중랑구청,2026-02-26
망우3동410-21,1,,서울특별시 중랑구 망우3동 410-21,37.57847736,127.0939419,,,02-2094-2683,서울특별시 중랑구청,2026-02-26
망우3동410-8,1,,서울특별시 중랑구 망우3동 410-8,37.57905448,127.0926419,,,02-2094-2683,서울특별시 중랑구청,2026-02-26
망우3동410-13,1,,서울특별시 중랑구 망우3동 410-13,37.57803411,127.0838412,,,02-2094-2683,서울특별시 중랑구청,2026-02-26
망우3동410-6,1,,서울특별시 중랑구 망우3동 410-6,37.58001478,127.0829314,,,02-2094-2683,서울특별시 중랑구청,2026-02-26
망우3동410-4,1,,서울특별시 중랑구 망우3동 410-4,37.57953037,127.0891586,,,02-2094-2683,서울특별시 중랑구청,2026-02-26
망우3동410-2,1,,서울특별시 중랑구 망우3동 410-2,37.57902605,127.0878811,,,02-2094-2683,서울특별시 중랑구청,2026-02-26
망우3동409-28,1,,서울특별시 중랑구 망우3동 409-28,37.57932369,127.0880718,,,02-2094-2683,서울특별시 중랑구청,2026-02-26
망우3동409-7,1,,서울특별시 중랑구 망우3동 409-7,37.57859971,127.0819788,,,02-2094-2683,서울특별시 중랑구청,2026-02-26
망우3동409-8,1,,서울특별시 중랑구 망우3동 409-8,37.57825592,127.0877099,,,02-2094-2683,서울특별시 중랑구청,2026-02-26
망우3동409-10,1,,서울특별시 중랑구 망우3동 409-10,37.57865167,127.0875383,,,02-2094-2683,서울특별시 중랑구청,2026-02-26
망우3동412-2,1,,서울특별시 중랑구 망우3동 412-2,37.57835864,127.084353,,,02-2094-2683,서울특별시 중랑구청,2026-02-26
망우3동411-1,1,,서울특별시 중랑구 망우3동 411-1,37.58041978,127.086064,,,02-2094-2683,서울특별시 중랑구청,2026-02-26
망우3동411-12,1,,서울특별시 중랑구 망우3동 411-12,37.58126598,127.0925244,,,02-2094-2683,서울특별시 중랑구청,2026-02-26
망우3동411-19,1,,서울특별시 중랑구 망우3동 411-19,37.57969691,127.0887454,,,02-2094-2683,서울특별시 중랑구청,2026-02-26
망우3동412-21,1,,서울특별시 중랑구 망우3동 412-21,37.57714134,127.0866711,,,02-2094-2683,서울특별시 중랑구청,2026-02-26
망우3동412-26,1,,서울특별시 중랑구 망우3동 412-26,37.57830635,127.0890583,,,02-2094-2683,서울특별시 중랑구청,2026-02-26
망우3동412-29,1,,서울특별시 중랑구 망우3동 412-29,37.59694627,127.0837637,,,02-2094-2683,서울특별시 중랑구청,2026-02-26
망우3동412-8,1,,서울특별시 중랑구 망우3동 412-8,37.60246437,127.0864035,,,02-2094-2683,서울특별시 중랑구청,2026-02-26
망우3동412-17,1,,서울특별시 중랑구 망우3동 412-17,,,,,02-2094-2683,서울특별시 중랑구청,2026-02-26
망우3동411-6,1,,서울특별시 중랑구 망우3동 411-6,37.6000188,127.0877698,,,02-2094-2683,서울특별시 중랑구청,2026-02-26
망우3동411-28,1,,서울특별시 중랑구 망우3동 411-28,37.59697887,127.083917,,,02-2094-2683,서울특별시 중랑구청,2026-02-26
망우3동411-34,1,,서울특별시 중랑구 망우3동 411-34,37.59688036,127.083576,,,02-2094-2683,서울특별시 중랑구청,2026-02-26
망우3동411-31,1,,서울특별시 중랑구 망우3동 411-31,,,,,02-2094-2683,서울특별시 중랑구청,2026-02-26
망우3동411-30,1,,서울특별시 중랑구 망우3동 411-30,,,,,02-2094-2683,서울특별시 중랑구청,2026-02-26
망우3동112-46,1,,서울특별시 중랑구 망우3동 112-46,,,,,02-2094-2683,서울특별시 중랑구청,2026-02-26
망우3동412-47,1,,서울특별시 중랑구 망우3동 412-47,37.59797895,127.0831714,,,02-2094-2683,서울특별시 중랑구청,2026-02-26
망우3동412-28,1,,서울특별시 중랑구 망우3동 412-28,37.60581862,127.0916098,,,02-2094-2683,서울특별시 중랑구청,2026-02-26
망우3동412-48,1,,서울특별시 중랑구 망우3동 412-48,37.59797895,127.0831714,,,02-2094-2683,서울특별시 중랑구청,2026-02-26
망우3동412-41,1,,서울특별시 중랑구 망우3동 412-41,37.59797895,127.0831714,,,02-2094-2683,서울특별시 중랑구청,2026-02-26
망우3동409-15,1,,서울특별시 중랑구 망우3동 409-15,37.59856242,127.0845891,,,02-2094-2683,서울특별시 중랑구청,2026-02-26
망우3동416-44,1,,서울특별시 중랑구 망우3동 416-44,37.59870958,127.0845408,,,02-2094-2683,서울특별시 중랑구청,2026-02-26
망우3동416-10,1,,서울특별시 중랑구 망우3동 416-10,37.59878191,127.084695,,,02-2094-2683,서울특별시 중랑구청,2026-02-26
망우3동416-1,1,,서울특별시 중랑구 망우3동 416-1,37.59865317,127.0849361,,,02-2094-2683,서울특별시 중랑구청,2026-02-26
망우3동416-14,1,,서울특별시 중랑구 망우3동 416-14,37.59895825,127.0849252,,,02-2094-2683,서울특별시 중랑구청,2026-02-26
망우3동416-31,1,,서울특별시 중랑구 망우3동 416-31,37.5985723,127.0848836,,,02-2094-2683,서울특별시 중랑구청,2026-02-26
망우3동416-38,1,,서울특별시 중랑구 망우3동 416-38,37.59837853,127.0849623,,,02-2094-2683,서울특별시 중랑구청,2026-02-26
망우3동416-39,1,,서울특별시 중랑구 망우3동 416-39,37.59828497,127.0848813,,,02-2094-2683,서울특별시 중랑구청,2026-02-26
망우3동416-23,1,,서울특별시 중랑구 망우3동 416-23,37.59785404,127.0846186,,,02-2094-2683,서울특별시 중랑구청,2026-02-26
망우3동416-19,1,,서울특별시 중랑구 망우3동 416-19,37.59808214,127.084789,,,02-2094-2683,서울특별시 중랑구청,2026-02-26
망우3동408-14,1,,서울특별시 중랑구 망우3동 408-14,37.59768932,127.0848986,,,02-2094-2683,서울특별시 중랑구청,2026-02-26
망우3동408-12,1,,서울특별시 중랑구 망우3동 408-12,37.59762055,127.0846749,,,02-2094-2683,서울특별시 중랑구청,2026-02-26
망우3동418-3,1,,서울특별시 중랑구 망우3동 418-3,37.59724118,127.0847461,,,02-2094-2683,서울특별시 중랑구청,2026-02-26
망우3동418-18,1,,서울특별시 중랑구 망우3동 418-18,37.59775966,127.0845518,,,02-2094-2683,서울특별시 중랑구청,2026-02-26
망우3동418-27,1,,서울특별시 중랑구 망우3동 418-27,37.59752234,127.0844254,,,02-2094-2683,서울특별시 중랑구청,2026-02-26
망우3동409-41,1,,서울특별시 중랑구 망우3동 409-41,37.59719813,127.0843475,,,02-2094-2683,서울특별시 중랑구청,2026-02-26
망우3동419-1,1,,서울특별시 중랑구 망우3동 419-1,37.59743865,127.085540,,,02-2094-2683,서울특별시 중랑구청,2026-02-26
망우3동419-11,1,,서울특별시 중랑구 망우3동 419-11,37.59737868,127.0854582,,,02-2094-2683,서울특별시 중랑구청,2026-02-26
망우3동417-22,1,,서울특별시 중랑구 망우3동 417-22,37.59745119,127.0850142,,,02-2094-2683,서울특별시 중랑구청,2026-02-26
망우3동417-21,1,,서울특별시 중랑구 망우3동 417-21,37.59770949,127.0855314,,,02-2094-2683,서울특별시 중랑구청,2026-02-26
망우3동417-18,1,,서울특별시 중랑구 망우3동 417-18,37.59772806,127.0853965,,,02-2094-2683,서울특별시 중랑구청,2026-02-26
망우3동417-17,1,,서울특별시 중랑구 망우3동 417-17,37.59803027,127.0853649,,,02-2094-2683,서울특별시 중랑구청,2026-02-26
망우3동417-1,1,,서울특별시 중랑구 망우3동 417-1,37.59870591,127.0852677,,,02-2094-2683,서울특별시 중랑구청,2026-02-26
망우3동435-5,1,,서울특별시 중랑구 망우3동 435-5,37.59898961,127.0859157,,,02-2094-2683,서울특별시 중랑구청,2026-02-26
망우3동435-7,1,,서울특별시 중랑구 망우3동 435-7,37.59867524,127.0858082,,,02-2094-2683,서울특별시 중랑구청,2026-02-26
망우3동435-9,1,,서울특별시 중랑구 망우3동 435-9,37.59848738,127.085697,,,02-2094-2683,서울특별시 중랑구청,2026-02-26
망우3동435-27,1,,서울특별시 중랑구 망우3동 435-27,37.59856064,127.0858101,,,02-2094-2683,서울특별시 중랑구청,2026-02-26
망우3동435-29,1,,서울특별시 중랑구 망우3동 435-29,37.59831879,127.0858348,,,02-2094-2683,서울특별시 중랑구청,2026-02-26
망우3동435-39,1,,서울특별시 중랑구 망우3동 435-39,37.59823388,127.0855097,,,02-2094-2683,서울특별시 중랑구청,2026-02-26
망우3동435-36,1,,서울특별시 중랑구 망우3동 435-36,37.59795067,127.0856838,,,02-2094-2683,서울특별시 중랑구청,2026-02-26
망우3동435-20,1,,서울특별시 중랑구 망우3동 435-20,37.5979074,127.0858339,,,02-2094-2683,서울특별시 중랑구청,2026-02-26
망우3동435-16,1,,서울특별시 중랑구 망우3동 435-16,37.59760195,127.0857229,,,02-2094-2683,서울특별시 중랑구청,2026-02-26
망우3동435-24,1,,서울특별시 중랑구 망우3동 435-24,,,,,02-2094-2683,서울특별시 중랑구청,2026-02-26
망우3동435-23,1,,서울특별시 중랑구 망우3동 435-23,37.59751982,127.0860389,,,02-2094-2683,서울특별시 중랑구청,2026-02-26
망우3동435-44,1,,서울특별시 중랑구 망우3동 435-44,37.59758898,127.0860906,,,02-2094-2683,서울특별시 중랑구청,2026-02-26
망우3동435-21,1,,서울특별시 중랑구 망우3동 435-21,37.5978018,127.086091,,,02-2094-2683,서울특별시 중랑구청,2026-02-26
망우3동435-40,1,,서울특별시 중랑구 망우3동 435-40,37.59799082,127.0860925,,,02-2094-2683,서울특별시 중랑구청,2026-02-26
망우3동434-34,1,,서울특별시 중랑구 망우3동 434-34,37.59840381,127.086249,,,02-2094-2683,서울특별시 중랑구청,2026-02-26
망우3동433-5,1,,서울특별시 중랑구 망우3동 433-5,37.59873952,127.0862528,,,02-2094-2683,서울특별시 중랑구청,2026-02-26
망우3동433-8,1,,서울특별시 중랑구 망우3동 433-8,37.59887327,127.0860677,,,02-2094-2683,서울특별시 중랑구청,2026-02-26
망우3동436-33,1,,서울특별시 중랑구 망우3동 436-33,37.59915583,127.0860571,,,02-2094-2683,서울특별시 중랑구청,2026-02-26
망우3동433-27,1,,서울특별시 중랑구 망우3동 433-27,37.59913338,127.0858278,,,02-2094-2683,서울특별시 중랑구청,2026-02-26
망우3동433-30,1,,서울특별시 중랑구 망우3동 433-30,37.59902788,127.0857487,,,02-2094-2683,서울특별시 중랑구청,2026-02-26
망우3동436-26,1,,서울특별시 중랑구 망우3동 436-26,37.59921269,127.0854233,,,02-2094-2683,서울특별시 중랑구청,2026-02-26
망우3동436-27,1,,서울특별시 중랑구 망우3동 436-27,37.5990895,127.0853354,,,02-2094-2683,서울특별시 중랑구청,2026-02-26
망우3동437-18,1,,서울특별시 중랑구 망우3동 437-18,37.59903542,127.084984,,,02-2094-2683,서울특별시 중랑구청,2026-02-26
망우3동436-30,1,,서울특별시 중랑구 망우3동 436-30,37.59941633,127.085153,,,02-2094-2683,서울특별시 중랑구청,2026-02-26
망우3동436-22,1,,서울특별시 중랑구 망우3동 436-22,37.59954024,127.0852455,,,02-2094-2683,서울특별시 중랑구청,2026-02-26
망우3동416-47,1,,서울특별시 중랑구 망우3동 416-47,37.59974733,127.0855662,,,02-2094-2683,서울특별시 중랑구청,2026-02-26
망우3동436-35,1,,서울특별시 중랑구 망우3동 436-35,37.59974733,127.0855662,,,02-2094-2683,서울특별시 중랑구청,2026-02-26
망우3동436-45,1,,서울특별시 중랑구 망우3동 436-45,37.59991329,127.0856845,,,02-2094-2683,서울특별시 중랑구청,2026-02-26
망우3동436-50,1,,서울특별시 중랑구 망우3동 436-50,37.59984488,127.085966,,,02-2094-2683,서울특별시 중랑구청,2026-02-26
망우3동436-9,1,,서울특별시 중랑구 망우3동 436-9,37.59955015,127.0861179,,,02-2094-2683,서울특별시 중랑구청,2026-02-26
망우3동437-2,1,,서울특별시 중랑구 망우3동 437-2,37.59940837,127.0859443,,,02-2094-2683,서울특별시 중랑구청,2026-02-26
망우3동437-1,1,,서울특별시 중랑구 망우3동 437-1,37.59946991,127.0861905,,,02-2094-2683,서울특별시 중랑구청,2026-02-26
망우3동437-8,1,,서울특별시 중랑구 망우3동 437-8,37.59928787,127.0862427,,,02-2094-2683,서울특별시 중랑구청,2026-02-26
망우3동437-44,1,,서울특별시 중랑구 망우3동 437-44,37.5991392,127.086374,,,02-2094-2683,서울특별시 중랑구청,2026-02-26
망우3동437-23,1,,서울특별시 중랑구 망우3동 437-23,37.59790043,127.0863654,,,02-2094-2683,서울특별시 중랑구청,2026-02-26
망우3동437-19,1,,서울특별시 중랑구 망우3동 437-19,37.59823759,127.0863615,,,02-2094-2683,서울특별시 중랑구청,2026-02-26
망우3동437-26,1,,서울특별시 중랑구 망우3동 437-26,37.59838274,127.0867293,,,02-2094-2683,서울특별시 중랑구청,2026-02-26
망우3동437-48,1,,서울특별시 중랑구 망우3동 437-48,37.59844516,127.0863828,,,02-2094-2683,서울특별시 중랑구청,2026-02-26
망우3동437-14,1,,서울특별시 중랑구 망우3동 437-14,37.59868733,127.0866488,,,02-2094-2683,서울특별시 중랑구청,2026-02-26
망우3동441-2,1,,서울특별시 중랑구 망우3동 441-2,,,,,02-2094-2683,서울특별시 중랑구청,2026-02-26
망우3동441-1,1,,서울특별시 중랑구 망우3동 441-1,37.59919184,127.0865911,,,02-2094-2683,서울특별시 중랑구청,2026-02-26
망우3동441-8,1,,서울특별시 중랑구 망우3동 441-8,37.59943383,127.0866129,,,02-2094-2683,서울특별시 중랑구청,2026-02-26
망우3동441-11,1,,서울특별시 중랑구 망우3동 441-11,37.59970996,127.0866404,,,02-2094-2683,서울특별시 중랑구청,2026-02-26
망우3동441-39,1,,서울특별시 중랑구 망우3동 441-39,37.59806012,127.0866981,,,02-2094-2683,서울특별시 중랑구청,2026-02-26
망우3동442-31,1,,서울특별시 중랑구 망우3동 442-31,37.60025343,127.0864082,,,02-2094-2683,서울특별시 중랑구청,2026-02-26
망우3동441-24,1,,서울특별시 중랑구 망우3동 441-24,37.60058417,127.0864295,,,02-2094-2683,서울특별시 중랑구청,2026-02-26
망우3동441-22,1,,서울특별시 중랑구 망우3동 441-22,37.60106165,127.0867282,,,02-2094-2683,서울특별시 중랑구청,2026-02-26
망우3동442-33,1,,서울특별시 중랑구 망우3동 442-33,37.60074245,127.0868238,,,02-2094-2683,서울특별시 중랑구청,2026-02-26
망우3동442-13,1,,서울특별시 중랑구 망우3동 442-13,37.60062034,127.0871125,,,02-2094-2683,서울특별시 중랑구청,2026-02-26
망우3동442-10,1,,서울특별시 중랑구 망우3동 442-10,37.60144203,127.0867543,,,02-2094-2683,서울특별시 중랑구청,2026-02-26
망우3동442-25,1,,서울특별시 중랑구 망우3동 442-25,37.60176627,127.0871651,,,02-2094-2683,서울특별시 중랑구청,2026-02-26
망우3동442-7,1,,서울특별시 중랑구 망우3동 442-7,37.60160794,127.087080,,,02-2094-2683,서울특별시 중랑구청,2026-02-26
망우3동442-5,1,,서울특별시 중랑구 망우3동 442-5,37.60229979,127.0869855,,,02-2094-2683,서울특별시 중랑구청,2026-02-26
망우3동444-27,1,,서울특별시 중랑구 망우3동 444-27,37.60238685,127.0869452,,,02-2094-2683,서울특별시 중랑구청,2026-02-26
망우3동444-26,1,,서울특별시 중랑구 망우3동 444-26,37.60260884,127.0868408,,,02-2094-2683,서울특별시 중랑구청,2026-02-26
망우3동444-3,1,,서울특별시 중랑구 망우3동 444-3,,,,,02-2094-2683,서울특별시 중랑구청,2026-02-26
망우3동444-31,1,,서울특별시 중랑구 망우3동 444-31,37.60235289,127.0868161,,,02-2094-2683,서울특별시 중랑구청,2026-02-26
망우3동444-8,1,,서울특별시 중랑구 망우3동 444-8,37.60225708,127.0868677,,,02-2094-2683,서울특별시 중랑구청,2026-02-26
망우3동444-36,1,,서울특별시 중랑구 망우3동 444-36,37.60232491,127.0862736,,,02-2094-2683,서울특별시 중랑구청,2026-02-26
망우3동444-2,1,,서울특별시 중랑구 망우3동 444-2,37.60227313,127.0861038,,,02-2094-2683,서울특별시 중랑구청,2026-02-26
망우3동444-17,1,,서울특별시 중랑구 망우3동 444-17,37.60319341,127.0869583,,,02-2094-2683,서울특별시 중랑구청,2026-02-26
망우3동444-9,1,,서울특별시 중랑구 망우3동 444-9,37.6034979,127.0872561,,,02-2094-2683,서울특별시 중랑구청,2026-02-26
망우3동444-1,1,,서울특별시 중랑구 망우3동 444-1,37.60335462,127.0869262,,,02-2094-2683,서울특별시 중랑구청,2026-02-26
망우3동433-12,1,,서울특별시 중랑구 망우3동 433-12,37.60057772,127.087233,,,02-2094-2683,서울특별시 중랑구청,2026-02-26
망우3동433-9,1,,서울특별시 중랑구 망우3동 433-9,37.60030968,127.0869851,,,02-2094-2683,서울특별시 중랑구청,2026-02-26
망우3동433-35,1,,서울특별시 중랑구 망우3동 433-35,37.60026769,127.0872396,,,02-2094-2683,서울특별시 중랑구청,2026-02-26
망우3동433-31,1,,서울특별시 중랑구 망우3동 433-31,,,,,02-2094-2683,서울특별시 중랑구청,2026-02-26
망우3동433-40,1,,서울특별시 중랑구 망우3동 433-40,37.60003076,127.0868276,,,02-2094-2683,서울특별시 중랑구청,2026-02-26
망우3동432-18,1,,서울특별시 중랑구 망우3동 432-18,37.59895196,127.0868879,,,02-2094-2683,서울특별시 중랑구청,2026-02-26
망우3동433-21,1,,서울특별시 중랑구 망우3동 433-21,37.5990307,127.0868973,,,02-2094-2683,서울특별시 중랑구청,2026-02-26
망우3동433-20,1,,서울특별시 중랑구 망우3동 433-20,37.59918873,127.0869005,,,02-2094-2683,서울특별시 중랑구청,2026-02-26
망우3동432-10,1,,서울특별시 중랑구 망우3동 432-10,37.59947086,127.0872278,,,02-2094-2683,서울특별시 중랑구청,2026-02-26
망우3동432-17,1,,서울특별시 중랑구 망우3동 432-17,37.5992421,127.087229,,,02-2094-2683,서울특별시 중랑구청,2026-02-26
망우3동432-5,1,,서울특별시 중랑구 망우3동 432-5,37.59913403,127.087404,,,02-2094-2683,서울특별시 중랑구청,2026-02-26
망우3동432-4,1,,서울특별시 중랑구 망우3동 432-4,37.59883109,127.0871961,,,02-2094-2683,서울특별시 중랑구청,2026-02-26
망우3동432-26,1,,서울특별시 중랑구 망우3동 432-26,37.59879599,127.0870208,,,02-2094-2683,서울특별시 중랑구청,2026-02-26
망우3동432-61,1,,서울특별시 중랑구 망우3동 432-61,37.5984244,127.0877207,,,02-2094-2683,서울특별시 중랑구청,2026-02-26
망우3동432-23,1,,서울특별시 중랑구 망우3동 432-23,37.5984244,127.0877207,,,02-2094-2683,서울특별시 중랑구청,2026-02-26
망우3동427-46,1,,서울특별시 중랑구 망우3동 427-46,37.59880746,127.0874704,,,02-2094-2683,서울특별시 중랑구청,2026-02-26
망우3동427-13,1,,서울특별시 중랑구 망우3동 427-13,37.59834093,127.0874643,,,02-2094-2683,서울특별시 중랑구청,2026-02-26
망우3동432-71,1,,서울특별시 중랑구 망우3동 432-71,37.59834093,127.0874643,,,02-2094-2683,서울특별시 중랑구청,2026-02-26
망우3동432-54,1,,서울특별시 중랑구 망우3동 432-54,37.59849419,127.087459,,,02-2094-2683,서울특별시 중랑구청,2026-02-26
망우3동427-53,1,,서울특별시 중랑구 망우3동 427-53,37.59848702,127.0872916,,,02-2094-2683,서울특별시 중랑구청,2026-02-26
망우3동427-50,1,,서울특별시 중랑구 망우3동 427-50,37.59867342,127.0873068,,,02-2094-2683,서울특별시 중랑구청,2026-02-26
망우3동427-10,1,,서울특별시 중랑구 망우3동 427-10,37.59849774,127.0871687,,,02-2094-2683,서울특별시 중랑구청,2026-02-26
망우3동427-4,1,,서울특별시 중랑구 망우3동 427-4,37.59829976,127.0867226,,,02-2094-2683,서울특별시 중랑구청,2026-02-26
망우3동427-7,1,,서울특별시 중랑구 망우3동 427-7,37.59850391,127.0868718,,,02-2094-2683,서울특별시 중랑구청,2026-02-26
망우3동426-24,1,,서울특별시 중랑구 망우3동 426-24,37.60016437,127.0885343,,,02-2094-2683,서울특별시 중랑구청,2026-02-26
망우3동426-25,1,,서울특별시 중랑구 망우3동 426-25,37.59815864,127.0876156,,,02-2094-2683,서울특별시 중랑구청,2026-02-26
망우3동423-7,1,,서울특별시 중랑구 망우3동 423-7,37.59972187,127.086834,,,02-2094-2683,서울특별시 중랑구청,2026-02-26
망우3동427-3,1,,서울특별시 중랑구 망우3동 427-3,37.60118646,127.0881581,,,02-2094-2683,서울특별시 중랑구청,2026-02-26
망우3동426-27,1,,서울특별시 중랑구 망우3동 426-27,37.59831563,127.0860969,,,02-2094-2683,서울특별시 중랑구청,2026-02-26
망우3동426-28,1,,서울특별시 중랑구 망우3동 426-28,37.60131274,127.0883378,,,02-2094-2683,서울특별시 중랑구청,2026-02-26
망우3동426-31,1,,서울특별시 중랑구 망우3동 426-31,37.60144658,127.0883969,,,02-2094-2683,서울특별시 중랑구청,2026-02-26
망우3동113-26,1,,서울특별시 중랑구 망우3동 113-26,37.60136686,127.0881352,,,02-2094-2683,서울특별시 중랑구청,2026-02-26
망우3동418-33,1,,서울특별시 중랑구 망우3동 418-33,37.60134205,127.0879366,,,02-2094-2683,서울특별시 중랑구청,2026-02-26
망우3동409-16,1,,서울특별시 중랑구 망우3동 409-16,37.60116101,127.0876152,,,02-2094-2683,서울특별시 중랑구청,2026-02-26
망우3동426-20,1,,서울특별시 중랑구 망우3동 426-20,37.60114879,127.0878178,,,02-2094-2683,서울특별시 중랑구청,2026-02-26
망우3동426-10,1,,서울특별시 중랑구 망우3동 426-10,37.60092129,127.0879356,,,02-2094-2683,서울특별시 중랑구청,2026-02-26
망우3동427-48,1,,서울특별시 중랑구 망우3동 427-48,37.60052047,127.0878865,,,02-2094-2683,서울특별시 중랑구청,2026-02-26
망우3동427-1,1,,서울특별시 중랑구 망우3동 427-1,37.60021466,127.0879111,,,02-2094-2683,서울특별시 중랑구청,2026-02-26
망우3동425-12,1,,서울특별시 중랑구 망우3동 425-12,,,,,02-2094-2683,서울특별시 중랑구청,2026-02-26
망우3동425-4,1,,서울특별시 중랑구 망우3동 425-4,37.59997729,127.0946168,,,02-2094-2683,서울특별시 중랑구청,2026-02-26
망우3동113-19,1,,서울특별시 중랑구 망우3동 113-19,37.60177616,127.0922851,,,02-2094-2683,서울특별시 중랑구청,2026-02-26
망우3동442-21,1,,서울특별시 중랑구 망우3동 442-21,37.59986762,127.0883614,,,02-2094-2683,서울특별시 중랑구청,2026-02-26
망우3동424-4,1,,서울특별시 중랑구 망우3동 424-4,37.59987982,127.0880712,,,02-2094-2683,서울특별시 중랑구청,2026-02-26
망우3동424-3,1,,서울특별시 중랑구 망우3동 424-3,37.60003953,127.0886086,,,02-2094-2683,서울특별시 중랑구청,2026-02-26
망우3동430-1,1,,서울특별시 중랑구 망우3동 430-1,37.60046477,127.0887561,,,02-2094-2683,서울특별시 중랑구청,2026-02-26
망우3동430-2,1,,서울특별시 중랑구 망우3동 430-2,37.60010849,127.0887636,,,02-2094-2683,서울특별시 중랑구청,2026-02-26
망우3동430-3,1,,서울특별시 중랑구 망우3동 430-3,37.60019876,127.0889293,,,02-2094-2683,서울특별시 중랑구청,2026-02-26
망우3동430-9,1,,서울특별시 중랑구 망우3동 430-9,37.60028747,127.0884929,,,02-2094-2683,서울특별시 중랑구청,2026-02-26
망우3동430-36,1,,서울특별시 중랑구 망우3동 430-36,37.6005353,127.0884255,,,02-2094-2683,서울특별시 중랑구청,2026-02-26
망우3동431-47,1,,서울특별시 중랑구 망우3동 431-47,37.60051467,127.0886637,,,02-2094-2683,서울특별시 중랑구청,2026-02-26
망우3동431-8,1,,서울특별시 중랑구 망우3동 431-8,37.60048577,127.0881444,,,02-2094-2683,서울특별시 중랑구청,2026-02-26
망우3동430-14,1,,서울특별시 중랑구 망우3동 430-14,37.60017051,127.088031,,,02-2094-2683,서울특별시 중랑구청,2026-02-26
망우3동430-35,1,,서울특별시 중랑구 망우3동 430-35,37.60061565,127.0879686,,,02-2094-2683,서울특별시 중랑구청,2026-02-26
망우3동430-31,1,,서울특별시 중랑구 망우3동 430-31,37.60064172,127.0884071,,,02-2094-2683,서울특별시 중랑구청,2026-02-26
망우3동430-23,1,,서울특별시 중랑구 망우3동 430-23,37.60122172,127.0891965,,,02-2094-2683,서울특별시 중랑구청,2026-02-26
망우3동431-12,1,,서울특별시 중랑구 망우3동 431-12,37.60114883,127.0890764,,,02-2094-2683,서울특별시 중랑구청,2026-02-26
망우3동431-23,1,,서울특별시 중랑구 망우3동 431-23,,,,,02-2094-2683,서울특별시 중랑구청,2026-02-26
망우3동431-28,1,,서울특별시 중랑구 망우3동 431-28,37.6010766,127.0890461,,,02-2094-2683,서울특별시 중랑구청,2026-02-26
망우3동431-26,1,,서울특별시 중랑구 망우3동 431-26,37.6010766,127.0890461,,,02-2094-2683,서울특별시 중랑구청,2026-02-26
망우3동432-7,1,,서울특별시 중랑구 망우3동 432-7,37.60081355,127.0889863,,,02-2094-2683,서울특별시 중랑구청,2026-02-26
망우3동431-14,1,,서울특별시 중랑구 망우3동 431-14,37.60094672,127.0887468,,,02-2094-2683,서울특별시 중랑구청,2026-02-26
망우3동431-37,1,,서울특별시 중랑구 망우3동 431-37,37.60058615,127.0887435,,,02-2094-2683,서울특별시 중랑구청,2026-02-26
망우3동424-1,1,,서울특별시 중랑구 망우3동 424-1,37.60048916,127.0889187,,,02-2094-2683,서울특별시 중랑구청,2026-02-26
망우3동431-15,1,,서울특별시 중랑구 망우3동 431-15,37.60140439,127.0889069,,,02-2094-2683,서울특별시 중랑구청,2026-02-26
망우3동431-1,1,,서울특별시 중랑구 망우3동 431-1,,,,,02-2094-2683,서울특별시 중랑구청,2026-02-26
망우3동419-16,1,,서울특별시 중랑구 망우3동 419-16,37.60026862,127.0894773,,,02-2094-2683,서울특별시 중랑구청,2026-02-26
망우3동419-15,1,,서울특별시 중랑구 망우3동 419-15,37.60055649,127.0897137,,,02-2094-2683,서울특별시 중랑구청,2026-02-26
망우3동419-9,1,,서울특별시 중랑구 망우3동 419-9,,,,,02-2094-2683,서울특별시 중랑구청,2026-02-26
망우3동419-30,1,,서울특별시 중랑구 망우3동 419-30,,,,,02-2094-2683,서울특별시 중랑구청,2026-02-26
망우3동434-1,1,,서울특별시 중랑구 망우3동 434-1,37.60038342,127.0906446,,,02-2094-2683,서울특별시 중랑구청,2026-02-26
망우3동434-20,1,,서울특별시 중랑구 망우3동 434-20,,,,,02-2094-2683,서울특별시 중랑구청,2026-02-26
망우3동434-16,1,,서울특별시 중랑구 망우3동 434-16,37.60207266,127.0869643,,,02-2094-2683,서울특별시 중랑구청,2026-02-26
망우3동434-36,1,,서울특별시 중랑구 망우3동 434-36,37.60009047,127.0902263,,,02-2094-2683,서울특별시 중랑구청,2026-02-26
망우3동434-35,1,,서울특별시 중랑구 망우3동 434-35,37.59991172,127.0898631,,,02-2094-2683,서울특별시 중랑구청,2026-02-26
망우3동407-29,1,,서울특별시 중랑구 망우3동 407-29,37.60005582,127.0895797,,,02-2094-2683,서울특별시 중랑구청,2026-02-26
망우3동407-28,1,,서울특별시 중랑구 망우3동 407-28,37.59971278,127.0897436,,,02-2094-2683,서울특별시 중랑구청,2026-02-26
망우3동407-27,1,,서울특별시 중랑구 망우3동 407-27,37.59989704,127.090322,,,02-2094-2683,서울특별시 중랑구청,2026-02-26
망우3동407-26,1,,서울특별시 중랑구 망우3동 407-26,,,,,02-2094-2683,서울특별시 중랑구청,2026-02-26
망우3동407-25,1,,서울특별시 중랑구 망우3동 407-25,,,,,02-2094-2683,서울특별시 중랑구청,2026-02-26
망우3동407-22,1,,서울특별시 중랑구 망우3동 407-22,37.60081117,127.0910479,,,02-2094-2683,서울특별시 중랑구청,2026-02-26
망우3동407-5,1,,서울특별시 중랑구 망우3동 407-5,37.60011605,127.0908184,,,02-2094-2683,서울특별시 중랑구청,2026-02-26
망우3동407-3,1,,서울특별시 중랑구 망우3동 407-3,37.60057797,127.0915482,,,02-2094-2683,서울특별시 중랑구청,2026-02-26
망우3동407-17,1,,서울특별시 중랑구 망우3동 407-17,37.60083892,127.0916323,,,02-2094-2683,서울특별시 중랑구청,2026-02-26
망우3동407-18,1,,서울특별시 중랑구 망우3동 407-18,37.60111665,127.0915751,,,02-2094-2683,서울특별시 중랑구청,2026-02-26
망우3동407-36,1,,서울특별시 중랑구 망우3동 407-36,37.60117042,127.0913608,,,02-2094-2683,서울특별시 중랑구청,2026-02-26
망우3동421-38,1,,서울특별시 중랑구 망우3동 421-38,37.60098347,127.0913511,,,02-2094-2683,서울특별시 중랑구청,2026-02-26
망우3동421-5,1,,서울특별시 중랑구 망우3동 421-5,37.60081226,127.0913886,,,02-2094-2683,서울특별시 중랑구청,2026-02-26
망우3동421-6,1,,서울특별시 중랑구 망우3동 421-6,37.60074107,127.0914046,,,02-2094-2683,서울특별시 중랑구청,2026-02-26
망우3동421-32,1,,서울특별시 중랑구 망우3동 421-32,37.60055518,127.0912989,,,02-2094-2683,서울특별시 중랑구청,2026-02-26
망우3동421-23,1,,서울특별시 중랑구 망우3동 421-23,37.60055442,127.0910051,,,02-2094-2683,서울특별시 중랑구청,2026-02-26
망우3동421-11,1,,서울특별시 중랑구 망우3동 421-11,37.60021758,127.0910677,,,02-2094-2683,서울특별시 중랑구청,2026-02-26
망우3동421-22,1,,서울특별시 중랑구 망우3동 421-22,37.60041104,127.0908135,,,02-2094-2683,서울특별시 중랑구청,2026-02-26
망우3동421-13,1,,서울특별시 중랑구 망우3동 421-13,37.6005492,127.0905308,,,02-2094-2683,서울특별시 중랑구청,2026-02-26
망우3동421-17,1,,서울특별시 중랑구 망우3동 421-17,37.60067821,127.0908898,,,02-2094-2683,서울특별시 중랑구청,2026-02-26
망우3동420-5,1,,서울특별시 중랑구 망우3동 420-5,37.60087756,127.0910668,,,02-2094-2683,서울특별시 중랑구청,2026-02-26
망우3동420-6,1,,서울특별시 중랑구 망우3동 420-6,37.60103477,127.0911946,,,02-2094-2683,서울특별시 중랑구청,2026-02-26
망우3동420-14,1,,서울특별시 중랑구 망우3동 420-14,37.60063228,127.0910991,,,02-2094-2683,서울특별시 중랑구청,2026-02-26
망우3동420-10,1,,서울특별시 중랑구 망우3동 420-10,,,,,02-2094-2683,서울특별시 중랑구청,2026-02-26
망우3동420-48,1,,서울특별시 중랑구 망우3동 420-48,37.60152799,127.0901246,,,02-2094-2683,서울특별시 중랑구청,2026-02-26
망우3동420-27,1,,서울특별시 중랑구 망우3동 420-27,37.60124937,127.091213,,,02-2094-2683,서울특별시 중랑구청,2026-02-26
망우3동420-18,1,,서울특별시 중랑구 망우3동 420-18,37.60202468,127.0901489,,,02-2094-2683,서울특별시 중랑구청,2026-02-26
망우3동420-30,1,,서울특별시 중랑구 망우3동 420-30,37.60225418,127.0898863,,,02-2094-2683,서울특별시 중랑구청,2026-02-26
망우3동420-33,1,,서울특별시 중랑구 망우3동 420-33,37.59991172,127.0898631,,,02-2094-2683,서울특별시 중랑구청,2026-02-26
망우3동420-88,1,,서울특별시 중랑구 망우3동 420-88,37.60316518,127.0872336,,,02-2094-2683,서울특별시 중랑구청,2026-02-26
망우3동420-45,1,,서울특별시 중랑구 망우3동 420-45,37.60196475,127.089106,,,02-2094-2683,서울특별시 중랑구청,2026-02-26
망우3동420-59,1,,서울특별시 중랑구 망우3동 420-59,37.60196475,127.089106,,,02-2094-2683,서울특별시 중랑구청,2026-02-26
망우3동420-52,1,,서울특별시 중랑구 망우3동 420-52,37.60178412,127.0889612,,,02-2094-2683,서울특별시 중랑구청,2026-02-26
망우3동423-33,1,,서울특별시 중랑구 망우3동 423-33,37.60232446,127.0888125,,,02-2094-2683,서울특별시 중랑구청,2026-02-26
망우3동423-32,1,,서울특별시 중랑구 망우3동 423-32,37.60223669,127.0885989,,,02-2094-2683,서울특별시 중랑구청,2026-02-26
망우3동423-30,1,,서울특별시 중랑구 망우3동 423-30,37.60207274,127.088439,,,02-2094-2683,서울특별시 중랑구청,2026-02-26
망우3동423-25,1,,서울특별시 중랑구 망우3동 423-25,37.60186011,127.0885552,,,02-2094-2683,서울특별시 중랑구청,2026-02-26
망우3동423-9,1,,서울특별시 중랑구 망우3동 423-9,37.60186011,127.0885552,,,02-2094-2683,서울특별시 중랑구청,2026-02-26
망우3동423-22,1,,서울특별시 중랑구 망우3동 423-22,37.60160133,127.0888092,,,02-2094-2683,서울특별시 중랑구청,2026-02-26
망우3동423-2,1,,서울특별시 중랑구 망우3동 423-2,37.60170451,127.0885478,,,02-2094-2683,서울특별시 중랑구청,2026-02-26
망우3동422-34,1,,서울특별시 중랑구 망우3동 422-34,37.60175962,127.0882314,,,02-2094-2683,서울특별시 중랑구청,2026-02-26
망우3동422-36,1,,서울특별시 중랑구 망우3동 422-36,37.60189626,127.0880369,,,02-2094-2683,서울특별시 중랑구청,2026-02-26
망우3동422-31,1,,서울특별시 중랑구 망우3동 422-31,37.60133093,127.0884747,,,02-2094-2683,서울특별시 중랑구청,2026-02-26
망우3동422-32,1,,서울특별시 중랑구 망우3동 422-32,37.6015049,127.0887291,,,02-2094-2683,서울특별시 중랑구청,2026-02-26
망우3동422-8,1,,서울특별시 중랑구 망우3동 422-8,37.60162698,127.0890882,,,02-2094-2683,서울특별시 중랑구청,2026-02-26
망우3동422-16,1,,서울특별시 중랑구 망우3동 422-16,37.60168115,127.0881008,,,02-2094-2683,서울특별시 중랑구청,2026-02-26
망우3동406-12,1,,서울특별시 중랑구 망우3동 406-12,37.60148318,127.0877618,,,02-2094-2683,서울특별시 중랑구청,2026-02-26
망우3동406-14,1,,서울특별시 중랑구 망우3동 406-14,37.60032367,127.0911314,,,02-2094-2683,서울특별시 중랑구청,2026-02-26
망우3동406-8,1,,서울특별시 중랑구 망우3동 406-8,37.60167115,127.0876218,,,02-2094-2683,서울특별시 중랑구청,2026-02-26
망우3동406-34,1,,서울특별시 중랑구 망우3동 406-34,37.60211944,127.087675,,,02-2094-2683,서울특별시 중랑구청,2026-02-26
망우3동406-25,1,,서울특별시 중랑구 망우3동 406-25,37.5999579,127.0885603,,,02-2094-2683,서울특별시 중랑구청,2026-02-26
망우3동406-32,1,,서울특별시 중랑구 망우3동 406-32,37.60234653,127.0877404,,,02-2094-2683,서울특별시 중랑구청,2026-02-26
망우3동406-23,1,,서울특별시 중랑구 망우3동 406-23,37.60027133,127.0886337,,,02-2094-2683,서울특별시 중랑구청,2026-02-26
망우3동406-27,1,,서울특별시 중랑구 망우3동 406-27,,,,,02-2094-2683,서울특별시 중랑구청,2026-02-26
망우3동406-20,1,,서울특별시 중랑구 망우3동 406-20,37.60274129,127.0875653,,,02-2094-2683,서울특별시 중랑구청,2026-02-26
망우3동450-1,1,,서울특별시 중랑구 망우3동 450-1,37.60277406,127.0873652,,,02-2094-2683,서울특별시 중랑구청,2026-02-26
망우3동451-11,1,,서울특별시 중랑구 망우3동 451-11,37.60268667,127.0878348,,,02-2094-2683,서울특별시 중랑구청,2026-02-26
망우3동120-3,1,,서울특별시 중랑구 망우3동 120-3,37.60276253,127.087970,,,02-2094-2683,서울특별시 중랑구청,2026-02-26
망우3동120-14,1,,서울특별시 중랑구 망우3동 120-14,37.60242613,127.0876836,,,02-2094-2683,서울특별시 중랑구청,2026-02-26
망우3동119-2,1,,서울특별시 중랑구 망우3동 119-2,37.60276253,127.087970,,,02-2094-2683,서울특별시 중랑구청,2026-02-26
망우3동450-3,1,,서울특별시 중랑구 망우3동 450-3,37.60228188,127.0884081,,,02-2094-2683,서울특별시 중랑구청,2026-02-26
망우3동451-5,1,,서울특별시 중랑구 망우3동 451-5,37.60276253,127.087970,,,02-2094-2683,서울특별시 중랑구청,2026-02-26
망우3동451-6,1,,서울특별시 중랑구 망우3동 451-6,37.60276253,127.087970,,,02-2094-2683,서울특별시 중랑구청,2026-02-26
망우3동120-11,1,,서울특별시 중랑구 망우3동 120-11,37.60194813,127.0917461,,,02-2094-2683,서울특별시 중랑구청,2026-02-26
망우3동420-17,1,,서울특별시 중랑구 망우3동 420-17,37.60194813,127.0917461,,,02-2094-2683,서울특별시 중랑구청,2026-02-26
망우3동421-35,1,,서울특별시 중랑구 망우3동 421-35,37.60215723,127.0921194,,,02-2094-2683,서울특별시 중랑구청,2026-02-26
망우3동456-17,1,,서울특별시 중랑구 망우3동 456-17,37.60245009,127.0923038,,,02-2094-2683,서울특별시 중랑구청,2026-02-26
망우3동433-14,1,,서울특별시 중랑구 망우3동 433-14,37.6027175,127.0921861,,,02-2094-2683,서울특별시 중랑구청,2026-02-26
망우3동409-2,1,,서울특별시 중랑구 망우3동 409-2,,,,,02-2094-2683,서울특별시 중랑구청,2026-02-26
망우3동407-12,1,,서울특별시 중랑구 망우3동 407-12,37.60278632,127.092434,,,02-2094-2683,서울특별시 중랑구청,2026-02-26
망우3동411-7,1,,서울특별시 중랑구 망우3동 411-7,37.60249724,127.0927214,,,02-2094-2683,서울특별시 중랑구청,2026-02-26
망우3동525-24,1,,서울특별시 중랑구 망우3동 525-24,37.60237426,127.0922581,,,02-2094-2683,서울특별시 중랑구청,2026-02-26
망우3동420-35,1,,서울특별시 중랑구 망우3동 420-35,,,,,02-2094-2683,서울특별시 중랑구청,2026-02-26
망우3동437-33,1,,서울특별시 중랑구 망우3동 437-33,37.60228054,127.093872,,,02-2094-2683,서울특별시 중랑구청,2026-02-26
망우3동442-26,1,,서울특별시 중랑구 망우3동 442-26,37.60235743,127.0946169,,,02-2094-2683,서울특별시 중랑구청,2026-02-26
망우3동524-31,1,,서울특별시 중랑구 망우3동 524-31,37.601748,127.0948456,,,02-2094-2683,서울특별시 중랑구청,2026-02-26
망우3동517-37,1,,서울특별시 중랑구 망우3동 517-37,37.60166937,127.0943695,,,02-2094-2683,서울특별시 중랑구청,2026-02-26
망우3동432-60,1,,서울특별시 중랑구 망우3동 432-60,37.60165778,127.093985,,,02-2094-2683,서울특별시 중랑구청,2026-02-26
망우3동517-38,1,,서울특별시 중랑구 망우3동 517-38,37.60155811,127.0928717,,,02-2094-2683,서울특별시 중랑구청,2026-02-26
망우3동458-27,1,,서울특별시 중랑구 망우3동 458-27,37.60176417,127.0927539,,,02-2094-2683,서울특별시 중랑구청,2026-02-26
망우3동457-20,1,,서울특별시 중랑구 망우3동 457-20,37.60137384,127.0926698,,,02-2094-2683,서울특별시 중랑구청,2026-02-26
망우3동456-44,1,,서울특별시 중랑구 망우3동 456-44,37.60151109,127.0925121,,,02-2094-2683,서울특별시 중랑구청,2026-02-26
망우3동412-12,1,,서울특별시 중랑구 망우3동 412-12,37.60177616,127.0922851,,,02-2094-2683,서울특별시 중랑구청,2026-02-26
망우3동416-2,1,,서울특별시 중랑구 망우3동 416-2,37.60184454,127.0921719,,,02-2094-2683,서울특별시 중랑구청,2026-02-26
망우3동430-13,1,,서울특별시 중랑구 망우3동 430-13,37.60184454,127.0921719,,,02-2094-2683,서울특별시 중랑구청,2026-02-26
망우3동454-28,1,,서울특별시 중랑구 망우3동 454-28,37.60211665,127.092503,,,02-2094-2683,서울특별시 중랑구청,2026-02-26
망우3동522-17,1,,서울특별시 중랑구 망우3동 522-17,37.60192613,127.0928005,,,02-2094-2683,서울특별시 중랑구청,2026-02-26
망우3동120-1,1,,서울특별시 중랑구 망우3동 120-1,37.60207298,127.0927051,,,02-2094-2683,서울특별시 중랑구청,2026-02-26
망우3동477-14,1,,서울특별시 중랑구 망우3동 477-14,,,,,02-2094-2683,서울특별시 중랑구청,2026-02-26
망우3동526-30,1,,서울특별시 중랑구 망우3동 526-30,37.60025464,127.0955878,,,02-2094-2683,서울특별시 중랑구청,2026-02-26
망우3동531-28,1,,서울특별시 중랑구 망우3동 531-28,37.59997729,127.0946168,,,02-2094-2683,서울특별시 중랑구청,2026-02-26
망우3동426-23,1,,서울특별시 중랑구 망우3동 426-23,37.59983815,127.0947594,,,02-2094-2683,서울특별시 중랑구청,2026-02-26
망우3동408-5,1,,서울특별시 중랑구 망우3동 408-5,37.59966616,127.0945277,,,02-2094-2683,서울특별시 중랑구청,2026-02-26
망우3동435-26,1,,서울특별시 중랑구 망우3동 435-26,37.59958858,127.0948714,,,02-2094-2683,서울특별시 중랑구청,2026-02-26
망우3동407-31,1,,서울특별시 중랑구 망우3동 407-31,37.59966935,127.094931,,,02-2094-2683,서울특별시 중랑구청,2026-02-26
망우3동523-42,1,,서울특별시 중랑구 망우3동 523-42,37.59936596,127.0951868,,,02-2094-2683,서울특별시 중랑구청,2026-02-26
망우3동417-23,1,,서울특별시 중랑구 망우3동 417-23,37.59913737,127.0951919,,,02-2094-2683,서울특별시 중랑구청,2026-02-26
망우3동477-54,1,,서울특별시 중랑구 망우3동 477-54,37.59906883,127.094938,,,02-2094-2683,서울특별시 중랑구청,2026-02-26
망우3동477-29,1,,서울특별시 중랑구 망우3동 477-29,37.5993769,127.0946866,,,02-2094-2683,서울특별시 중랑구청,2026-02-26
망우3동432-73,1,,서울특별시 중랑구 망우3동 432-73,37.5995457,127.0945213,,,02-2094-2683,서울특별시 중랑구청,2026-02-26
망우3동432-72,1,,서울특별시 중랑구 망우3동 432-72,37.59977241,127.0942754,,,02-2094-2683,서울특별시 중랑구청,2026-02-26
망우3동425-21,1,,서울특별시 중랑구 망우3동 425-21,37.59895095,127.0944113,,,02-2094-2683,서울특별시 중랑구청,2026-02-26
망우3동441-37,1,,서울특별시 중랑구 망우3동 441-37,37.59929136,127.0943933,,,02-2094-2683,서울특별시 중랑구청,2026-02-26
망우3동416-9,1,,서울특별시 중랑구 망우3동 416-9,37.5993704,127.0938017,,,02-2094-2683,서울특별시 중랑구청,2026-02-26
망우3동416-29,1,,서울특별시 중랑구 망우3동 416-29,37.5993704,127.0938017,,,02-2094-2683,서울특별시 중랑구청,2026-02-26
망우3동455-29,1,,서울특별시 중랑구 망우3동 455-29,37.59922521,127.0934013,,,02-2094-2683,서울특별시 중랑구청,2026-02-26
망우3동407-2,1,,서울특별시 중랑구 망우3동 407-2,37.5991347,127.0932344,,,02-2094-2683,서울특별시 중랑구청,2026-02-26
망우3동521-15,1,,서울특별시 중랑구 망우3동 521-15,37.59629332,127.0838896,,,02-2094-2683,서울특별시 중랑구청,2026-02-26
망우3동425-2,1,,서울특별시 중랑구 망우3동 425-2,37.59629332,127.0838896,,,02-2094-2683,서울특별시 중랑구청,2026-02-26
망우3동430-27,1,,서울특별시 중랑구 망우3동 430-27,37.59642096,127.0838623,,,02-2094-2683,서울특별시 중랑구청,2026-02-26
망우3동420-23,1,,서울특별시 중랑구 망우3동 420-23,37.59617664,127.0829684,,,02-2094-2683,서울특별시 중랑구청,2026-02-26
망우3동383,1,,서울특별시 중랑구 망우3동 383,37.60083283,127.0877885,,,02-2094-2683,서울특별시 중랑구청,2026-02-26
망우3동457-7,1,,서울특별시 중랑구 망우3동 457-7,37.59954419,127.0862631,,,02-2094-2683,서울특별시 중랑구청,2026-02-26
망우3동425-1,1,,서울특별시 중랑구 망우3동 425-1,37.60155811,127.0928717,,,02-2094-2683,서울특별시 중랑구청,2026-02-26
망우3동427-58,1,,서울특별시 중랑구 망우3동 427-58,37.59958875,127.0881432,,,02-2094-2683,서울특별시 중랑구청,2026-02-26
망우3동520-40,1,,서울특별시 중랑구 망우3동 520-40,37.60038902,127.0914412,,,02-2094-2683,서울특별시 중랑구청,2026-02-26
망우3동434-21,1,,서울특별시 중랑구 망우3동 434-21,37.59749078,127.0852088,,,02-2094-2683,서울특별시 중랑구청,2026-02-26
망우3동431-34,1,,서울특별시 중랑구 망우3동 431-34,37.59964003,127.0869016,,,02-2094-2683,서울특별시 중랑구청,2026-02-26
망우3동526-125,1,,서울특별시 중랑구 망우3동 526-125,,,,,02-2094-2683,서울특별시 중랑구청,2026-02-26
망우3동441-45,1,,서울특별시 중랑구 망우3동 441-45,37.59797895,127.0831714,,,02-2094-2683,서울특별시 중랑구청,2026-02-26
망우3동441-26,1,,서울특별시 중랑구 망우3동 441-26,37.59859173,127.0844443,,,02-2094-2683,서울특별시 중랑구청,2026-02-26
망우3동474-27,1,,서울특별시 중랑구 망우3동 474-27,37.60010518,127.0870737,,,02-2094-2683,서울특별시 중랑구청,2026-02-26
망우3동457-24,1,,서울특별시 중랑구 망우3동 457-24,37.60175906,127.0914476,,,02-2094-2683,서울특별시 중랑구청,2026-02-26
망우3동525-7,1,,서울특별시 중랑구 망우3동 525-7,37.60175906,127.0914476,,,02-2094-2683,서울특별시 중랑구청,2026-02-26
망우3동418-21,1,,서울특별시 중랑구 망우3동 418-21,37.59945036,127.0858172,,,02-2094-2683,서울특별시 중랑구청,2026-02-26
망우3동435-13,1,,서울특별시 중랑구 망우3동 435-13,37.60160482,127.0950856,,,02-2094-2683,서울특별시 중랑구청,2026-02-26
망우3동520-22,1,,서울특별시 중랑구 망우3동 520-22,37.5986567,127.0876243,,,02-2094-2683,서울특별시 중랑구청,2026-02-26
망우3동456-29,1,,서울특별시 중랑구 망우3동 456-29,37.59564134,127.080820,,,02-2094-2683,서울특별시 중랑구청,2026-02-26
망우3동27-16,1,,서울특별시 중랑구 망우3동 27-16,37.60121802,127.0886081,,,02-2094-2683,서울특별시 중랑구청,2026-02-26
망우3동412-4,1,,서울특별시 중랑구 망우3동 412-4,,,,,02-2094-2683,서울특별시 중랑구청,2026-02-26
망우3동441-32,1,,서울특별시 중랑구 망우3동 441-32,37.6003943,127.0888991,,,02-2094-2683,서울특별시 중랑구청,2026-02-26
망우3동432-36,1,,서울특별시 중랑구 망우3동 432-36,37.60180535,127.0880479,,,02-2094-2683,서울특별시 중랑구청,2026-02-26
망우3동425-6,1,,서울특별시 중랑구 망우3동 425-6,37.60162698,127.0890882,,,02-2094-2683,서울특별시 중랑구청,2026-02-26
망우3동419-10,1,,서울특별시 중랑구 망우3동 419-10,37.59794523,127.086583,,,02-2094-2683,서울특별시 중랑구청,2026-02-26
망우3동433-39,1,,서울특별시 중랑구 망우3동 433-39,,,,,02-2094-2683,서울특별시 중랑구청,2026-02-26
망우3동529-35,1,,서울특별시 중랑구 망우3동 529-35,37.59731637,127.0854244,,,02-2094-2683,서울특별시 중랑구청,2026-02-26
망우3동529-25,1,,서울특별시 중랑구 망우3동 529-25,37.59714908,127.0845291,,,02-2094-2683,서울특별시 중랑구청,2026-02-26
망우3동529-21,1,,서울특별시 중랑구 망우3동 529-21,37.60073885,127.0898359,,,02-2094-2683,서울특별시 중랑구청,2026-02-26
망우3동563-20,1,,서울특별시 중랑구 망우3동 563-20,37.59976412,127.0948375,,,02-2094-2683,서울특별시 중랑구청,2026-02-26
망우3동520-12,1,,서울특별시 중랑구 망우3동 520-12,,,,,02-2094-2683,서울특별시 중랑구청,2026-02-26
망우3동530-9,1,,서울특별시 중랑구 망우3동 530-9,37.59892752,127.0855637,,,02-2094-2683,서울특별시 중랑구청,2026-02-26
망우3동419-27,1,,서울특별시 중랑구 망우3동 419-27,,,,,02-2094-2683,서울특별시 중랑구청,2026-02-26
망우3동457-9,1,,서울특별시 중랑구 망우3동 457-9,37.59724118,127.0847461,,,02-2094-2683,서울특별시 중랑구청,2026-02-26
망우3동411-17,1,,서울특별시 중랑구 망우3동 411-17,37.59917858,127.0857456,,,02-2094-2683,서울특별시 중랑구청,2026-02-26
망우3동422-14,1,,서울특별시 중랑구 망우3동 422-14,37.59933029,127.0855264,,,02-2094-2683,서울특별시 중랑구청,2026-02-26
망우3동521-23,1,,서울특별시 중랑구 망우3동 521-23,37.60118153,127.0947534,,,02-2094-2683,서울특별시 중랑구청,2026-02-26
망우3동442-19,1,,서울특별시 중랑구 망우3동 442-19,37.60147027,127.0950795,,,02-2094-2683,서울특별시 중랑구청,2026-02-26
망우3동417-6,1,,서울특별시 중랑구 망우3동 417-6,,,,,02-2094-2683,서울특별시 중랑구청,2026-02-26
망우3동525-4,1,,서울특별시 중랑구 망우3동 525-4,37.59705846,127.0836042,,,02-2094-2683,서울특별시 중랑구청,2026-02-26
망우3동517-41,1,,서울특별시 중랑구 망우3동 517-41,37.60162998,127.0917605,,,02-2094-2683,서울특별시 중랑구청,2026-02-26
망우3동427-19,1,,서울특별시 중랑구 망우3동 427-19,37.59748488,127.0857706,,,02-2094-2683,서울특별시 중랑구청,2026-02-26
망우3동407-37,1,,서울특별시 중랑구 망우3동 407-37,37.59772908,127.0863525,,,02-2094-2683,서울특별시 중랑구청,2026-02-26
망우3동416-7,1,,서울특별시 중랑구 망우3동 416-7,37.5978018,127.0866957,,,02-2094-2683,서울특별시 중랑구청,2026-02-26
망우3동 529-94,1,,서울특별시 중랑구 망우3동 529-94,37.592500,127.098800,,,02-2094-2683,서울특별시 중랑구청,2026-02-26
망우3동 424-1,1,,서울특별시 중랑구 망우3동 424-1,37.593500,127.098200,,,02-2094-2683,서울특별시 중랑구청,2026-02-26
망우3동 419-26,1,,서울특별시 중랑구 망우3동 419-26,37.5928151,127.0988015,,,02-2094-2683,서울특별시 중랑구청,2026-02-26
망우3동 407-12,1,,서울특별시 중랑구 망우3동 407-12,37.591500,127.096500,,,02-2094-2683,서울특별시 중랑구청,2026-02-26
망우3동 444-33,1,,서울특별시 중랑구 망우3동 444-33,37.594200,127.100100,,,02-2094-2683,서울특별시 중랑구청,2026-02-26
신내1동530-1,1,,서울특별시 중랑구 신내1동 530-1,37.6008026,127.0884506,,,02-2094-2683,서울특별시 중랑구청,2026-02-26
신내1동492-22,1,,서울특별시 중랑구 신내1동 492-22,37.59860408,127.0870109,,,02-2094-2683,서울특별시 중랑구청,2026-02-26
신내1동491-15,1,,서울특별시 중랑구 신내1동 491-15,,,,,02-2094-2683,서울특별시 중랑구청,2026-02-26
신내1동492-16,1,,서울특별시 중랑구 신내1동 492-16,37.59944692,127.0942189,,,02-2094-2683,서울특별시 중랑구청,2026-02-26
신내1동492-26,1,,서울특별시 중랑구 신내1동 492-26,37.59906786,127.0848539,,,02-2094-2683,서울특별시 중랑구청,2026-02-26
신내1동492-8,1,,서울특별시 중랑구 신내1동 492-8,37.59585687,127.0903699,,,02-2094-2683,서울특별시 중랑구청,2026-02-26
신내1동800,1,,서울특별시 중랑구 신내1동 800,37.59978469,127.0868378,,,02-2094-2683,서울특별시 중랑구청,2026-02-26
신내1동493-64,1,,서울특별시 중랑구 신내1동 493-64,37.600140,127.0904899,,,02-2094-2683,서울특별시 중랑구청,2026-02-26
신내1동493-158,1,,서울특별시 중랑구 신내1동 493-158,37.60005582,127.0895797,,,02-2094-2683,서울특별시 중랑구청,2026-02-26
신내1동287-9,1,,서울특별시 중랑구 신내1동 287-9,37.60237496,127.089826,,,02-2094-2683,서울특별시 중랑구청,2026-02-26
신내1동493-144,1,,서울특별시 중랑구 신내1동 493-144,37.60011714,127.0866195,,,02-2094-2683,서울특별시 중랑구청,2026-02-26
신내1동494-47,1,,서울특별시 중랑구 신내1동 494-47,37.60200822,127.0871214,,,02-2094-2683,서울특별시 중랑구청,2026-02-26
신내1동493-157,1,,서울특별시 중랑구 신내1동 493-157,37.60343825,127.0871464,,,02-2094-2683,서울특별시 중랑구청,2026-02-26
신내1동493-155,1,,서울특별시 중랑구 신내1동 493-155,37.60222101,127.0875149,,,02-2094-2683,서울특별시 중랑구청,2026-02-26
신내1동493-52,1,,서울특별시 중랑구 신내1동 493-52,37.6026641,127.0876569,,,02-2094-2683,서울특별시 중랑구청,2026-02-26
신내1동493-87,1,,서울특별시 중랑구 신내1동 493-87,37.60061565,127.0879686,,,02-2094-2683,서울특별시 중랑구청,2026-02-26
신내1동801-3,1,,서울특별시 중랑구 신내1동 801-3,37.59358946,127.0883119,,,02-2094-2683,서울특별시 중랑구청,2026-02-26
신내1동494-18,1,,서울특별시 중랑구 신내1동 494-18,37.59207983,127.0724638,,,02-2094-2683,서울특별시 중랑구청,2026-02-26
신내1동493-97,1,,서울특별시 중랑구 신내1동 493-97,37.59216716,127.072277,,,02-2094-2683,서울특별시 중랑구청,2026-02-26
신내1동493-3,1,,서울특별시 중랑구 신내1동 493-3,37.5916685,127.0732401,,,02-2094-2683,서울특별시 중랑구청,2026-02-26
신내1동493-106,1,,서울특별시 중랑구 신내1동 493-106,37.59188994,127.0735672,,,02-2094-2683,서울특별시 중랑구청,2026-02-26
신내1동493-6,1,,서울특별시 중랑구 신내1동 493-6,37.59201737,127.0742485,,,02-2094-2683,서울특별시 중랑구청,2026-02-26
신내1동493-54,1,,서울특별시 중랑구 신내1동 493-54,37.59205044,127.0748116,,,02-2094-2683,서울특별시 중랑구청,2026-02-26
신내1동493-147,1,,서울특별시 중랑구 신내1동 493-147,37.59565511,127.0874172,,,02-2094-2683,서울특별시 중랑구청,2026-02-26
신내1동493-148,1,,서울특별시 중랑구 신내1동 493-148,37.59247392,127.0740699,,,02-2094-2683,서울특별시 중랑구청,2026-02-26
신내1동493-55,1,,서울특별시 중랑구 신내1동 493-55,37.59226687,127.0743689,,,02-2094-2683,서울특별시 중랑구청,2026-02-26
신내1동493-9,1,,서울특별시 중랑구 신내1동 493-9,37.59231117,127.073832,,,02-2094-2683,서울특별시 중랑구청,2026-02-26
신내1동439-82,1,,서울특별시 중랑구 신내1동 439-82,37.592393,127.0737957,,,02-2094-2683,서울특별시 중랑구청,2026-02-26
신내1동439-84,1,,서울특별시 중랑구 신내1동 439-84,37.59252765,127.0732963,,,02-2094-2683,서울특별시 중랑구청,2026-02-26
신내1동439-77,1,,서울특별시 중랑구 신내1동 439-77,37.59287395,127.073937,,,02-2094-2683,서울특별시 중랑구청,2026-02-26
신내1동439-74,1,,서울특별시 중랑구 신내1동 439-74,37.59319251,127.0741449,,,02-2094-2683,서울특별시 중랑구청,2026-02-26
신내1동439-71,1,,서울특별시 중랑구 신내1동 439-71,37.59259901,127.074595,,,02-2094-2683,서울특별시 중랑구청,2026-02-26
신내1동493-137,1,,서울특별시 중랑구 신내1동 493-137,37.59227836,127.0747214,,,02-2094-2683,서울특별시 중랑구청,2026-02-26
신내1동493-131,1,,서울특별시 중랑구 신내1동 493-131,37.59224564,127.0751634,,,02-2094-2683,서울특별시 중랑구청,2026-02-26
신내1동439-131,1,,서울특별시 중랑구 신내1동 439-131,37.59250654,127.075056,,,02-2094-2683,서울특별시 중랑구청,2026-02-26
신내1동439-129,1,,서울특별시 중랑구 신내1동 439-129,37.59257263,127.0749925,,,02-2094-2683,서울특별시 중랑구청,2026-02-26
신내1동439-1,1,,서울특별시 중랑구 신내1동 439-1,37.5928746,127.0750543,,,02-2094-2683,서울특별시 중랑구청,2026-02-26
신내1동493-152,1,,서울특별시 중랑구 신내1동 493-152,37.59308107,127.0749657,,,02-2094-2683,서울특별시 중랑구청,2026-02-26
신내1동494-4,1,,서울특별시 중랑구 신내1동 494-4,37.59321713,127.0750963,,,02-2094-2683,서울특별시 중랑구청,2026-02-26
신내1동494-62,1,,서울특별시 중랑구 신내1동 494-62,37.59324858,127.0752267,,,02-2094-2683,서울특별시 중랑구청,2026-02-26
신내1동494-2,1,,서울특별시 중랑구 신내1동 494-2,37.59282777,127.0758681,,,02-2094-2683,서울특별시 중랑구청,2026-02-26
신내1동494-97,1,,서울특별시 중랑구 신내1동 494-97,37.59283215,127.075497,,,02-2094-2683,서울특별시 중랑구청,2026-02-26
신내1동494-6,1,,서울특별시 중랑구 신내1동 494-6,37.5925277,127.0753683,,,02-2094-2683,서울특별시 중랑구청,2026-02-26
신내1동494-86,1,,서울특별시 중랑구 신내1동 494-86,37.5925277,127.0753683,,,02-2094-2683,서울특별시 중랑구청,2026-02-26
신내1동494-13,1,,서울특별시 중랑구 신내1동 494-13,37.5924553,127.0755875,,,02-2094-2683,서울특별시 중랑구청,2026-02-26
신내1동494-15,1,,서울특별시 중랑구 신내1동 494-15,37.5922638,127.0756557,,,02-2094-2683,서울특별시 중랑구청,2026-02-26
신내1동494-92,1,,서울특별시 중랑구 신내1동 494-92,37.59231286,127.0758556,,,02-2094-2683,서울특별시 중랑구청,2026-02-26
신내1동494-19,1,,서울특별시 중랑구 신내1동 494-19,37.59256058,127.0757999,,,02-2094-2683,서울특별시 중랑구청,2026-02-26
신내1동494-39,1,,서울특별시 중랑구 신내1동 494-39,37.59283347,127.0756895,,,02-2094-2683,서울특별시 중랑구청,2026-02-26
신내1동494-55,1,,서울특별시 중랑구 신내1동 494-55,37.59283347,127.0756895,,,02-2094-2683,서울특별시 중랑구청,2026-02-26
신내1동494-36,1,,서울특별시 중랑구 신내1동 494-36,37.59324083,127.0755639,,,02-2094-2683,서울특별시 중랑구청,2026-02-26
신내1동494-35,1,,서울특별시 중랑구 신내1동 494-35,37.59294367,127.075952,,,02-2094-2683,서울특별시 중랑구청,2026-02-26
신내1동494-95,1,,서울특별시 중랑구 신내1동 494-95,37.59279749,127.0761624,,,02-2094-2683,서울특별시 중랑구청,2026-02-26
신내1동494-28,1,,서울특별시 중랑구 신내1동 494-28,37.59328066,127.076075,,,02-2094-2683,서울특별시 중랑구청,2026-02-26
신내1동494-31,1,,서울특별시 중랑구 신내1동 494-31,37.59348311,127.0757934,,,02-2094-2683,서울특별시 중랑구청,2026-02-26
신내1동576,1,,서울특별시 중랑구 신내1동 576,37.59331194,127.0761877,,,02-2094-2683,서울특별시 중랑구청,2026-02-26
신내1동494-32,1,,서울특별시 중랑구 신내1동 494-32,37.59299866,127.0761985,,,02-2094-2683,서울특별시 중랑구청,2026-02-26
신내1동494-81,1,,서울특별시 중랑구 신내1동 494-81,37.59282211,127.0762695,,,02-2094-2683,서울특별시 중랑구청,2026-02-26
신내1동494-72,1,,서울특별시 중랑구 신내1동 494-72,37.59299595,127.0764763,,,02-2094-2683,서울특별시 중랑구청,2026-02-26
신내1동495-9,1,,서울특별시 중랑구 신내1동 495-9,37.59247809,127.0764381,,,02-2094-2683,서울특별시 중랑구청,2026-02-26
신내1동495-39,1,,서울특별시 중랑구 신내1동 495-39,37.59260868,127.0763799,,,02-2094-2683,서울특별시 중랑구청,2026-02-26
신내1동495-38,1,,서울특별시 중랑구 신내1동 495-38,37.59275405,127.0763176,,,02-2094-2683,서울특별시 중랑구청,2026-02-26
신내1동495-29,1,,서울특별시 중랑구 신내1동 495-29,37.59255929,127.076127,,,02-2094-2683,서울특별시 중랑구청,2026-02-26
신내1동495-26,1,,서울특별시 중랑구 신내1동 495-26,37.59244203,127.0763254,,,02-2094-2683,서울특별시 중랑구청,2026-02-26
신내1동495-28,1,,서울특별시 중랑구 신내1동 495-28,37.59294806,127.0771147,,,02-2094-2683,서울특별시 중랑구청,2026-02-26
신내1동495-16,1,,서울특별시 중랑구 신내1동 495-16,37.59282517,127.077791,,,02-2094-2683,서울특별시 중랑구청,2026-02-26
신내1동495-11,1,,서울특별시 중랑구 신내1동 495-11,37.5930964,127.0778737,,,02-2094-2683,서울특별시 중랑구청,2026-02-26
신내1동796,1,,서울특별시 중랑구 신내1동 796,37.59295984,127.0775572,,,02-2094-2683,서울특별시 중랑구청,2026-02-26
신내1동502-5,1,,서울특별시 중랑구 신내1동 502-5,37.59314563,127.0776774,,,02-2094-2683,서울특별시 중랑구청,2026-02-26
신내1동479-1,1,,서울특별시 중랑구 신내1동 479-1,37.59335364,127.0775972,,,02-2094-2683,서울특별시 중랑구청,2026-02-26
신내1동482-5,1,,서울특별시 중랑구 신내1동 482-5,37.5937007,127.0775981,,,02-2094-2683,서울특별시 중랑구청,2026-02-26
신내1동501-1,1,,서울특별시 중랑구 신내1동 501-1,37.59309681,127.0775203,,,02-2094-2683,서울특별시 중랑구청,2026-02-26
신내1동484-4,1,,서울특별시 중랑구 신내1동 484-4,37.59343911,127.0772248,,,02-2094-2683,서울특별시 중랑구청,2026-02-26
신내1동499-12,1,,서울특별시 중랑구 신내1동 499-12,37.59335363,127.076923,,,02-2094-2683,서울특별시 중랑구청,2026-02-26
신내1동488-2,1,,서울특별시 중랑구 신내1동 488-2,37.59374818,127.0766303,,,02-2094-2683,서울특별시 중랑구청,2026-02-26
신내1동488-6,1,,서울특별시 중랑구 신내1동 488-6,37.59350224,127.0770057,,,02-2094-2683,서울특별시 중랑구청,2026-02-26
신내1동489-36,1,,서울특별시 중랑구 신내1동 489-36,37.59346238,127.0780152,,,02-2094-2683,서울특별시 중랑구청,2026-02-26
신내1동437,1,,서울특별시 중랑구 신내1동 437,37.59354655,127.0778475,,,02-2094-2683,서울특별시 중랑구청,2026-02-26
신내1동444,1,,서울특별시 중랑구 신내1동 444,37.59328112,127.0778547,,,02-2094-2683,서울특별시 중랑구청,2026-02-26
신내1동441-21(초원어린이집),1,,서울특별시 중랑구 신내1동 441-21(초원어린이집),37.59307352,127.0779984,,,02-2094-2683,서울특별시 중랑구청,2026-02-26
신내1동448-12,1,,서울특별시 중랑구 신내1동 448-12,,,,,02-2094-2683,서울특별시 중랑구청,2026-02-26
신내1동448-19,1,,서울특별시 중랑구 신내1동 448-19,37.59304687,127.0785237,,,02-2094-2683,서울특별시 중랑구청,2026-02-26
신내1동473-23,1,,서울특별시 중랑구 신내1동 473-23,37.59249549,127.0798253,,,02-2094-2683,서울특별시 중랑구청,2026-02-26
신내1동455-1,1,,서울특별시 중랑구 신내1동 455-1,37.59264959,127.0796423,,,02-2094-2683,서울특별시 중랑구청,2026-02-26
신내1동474-9,1,,서울특별시 중랑구 신내1동 474-9,37.5927328,127.0793026,,,02-2094-2683,서울특별시 중랑구청,2026-02-26
신내1동446-8,1,,서울특별시 중랑구 신내1동 446-8,37.59317835,127.0833376,,,02-2094-2683,서울특별시 중랑구청,2026-02-26
신내1동494-64,1,,서울특별시 중랑구 신내1동 494-64,37.59285616,127.0790181,,,02-2094-2683,서울특별시 중랑구청,2026-02-26
신내1동443-5,1,,서울특별시 중랑구 신내1동 443-5,37.59293336,127.0787698,,,02-2094-2683,서울특별시 중랑구청,2026-02-26
신내1동474-45,1,,서울특별시 중랑구 신내1동 474-45,37.59254482,127.079082,,,02-2094-2683,서울특별시 중랑구청,2026-02-26
신내1동475-10,1,,서울특별시 중랑구 신내1동 475-10,37.5927328,127.0793026,,,02-2094-2683,서울특별시 중랑구청,2026-02-26
신내1동409-27,1,,서울특별시 중랑구 신내1동 409-27,37.59302176,127.0791478,,,02-2094-2683,서울특별시 중랑구청,2026-02-26
신내1동475-6,1,,서울특별시 중랑구 신내1동 475-6,37.59347594,127.0832274,,,02-2094-2683,서울특별시 중랑구청,2026-02-26
신내1동412-7,1,,서울특별시 중랑구 신내1동 412-7,37.59238105,127.0791786,,,02-2094-2683,서울특별시 중랑구청,2026-02-26
신내1동474-1,1,,서울특별시 중랑구 신내1동 474-1,37.59215935,127.0792628,,,02-2094-2683,서울특별시 중랑구청,2026-02-26
신내1동474-40,1,,서울특별시 중랑구 신내1동 474-40,37.59221425,127.0796189,,,02-2094-2683,서울특별시 중랑구청,2026-02-26
신내1동449-6,1,,서울특별시 중랑구 신내1동 449-6,37.59197111,127.0808839,,,02-2094-2683,서울특별시 중랑구청,2026-02-26
신내1동450-3,1,,서울특별시 중랑구 신내1동 450-3,37.5918536,127.080645,,,02-2094-2683,서울특별시 중랑구청,2026-02-26
신내1동473-3,1,,서울특별시 중랑구 신내1동 473-3,37.59240598,127.0806811,,,02-2094-2683,서울특별시 중랑구청,2026-02-26
신내1동448-29,1,,서울특별시 중랑구 신내1동 448-29,37.59228741,127.0804089,,,02-2094-2683,서울특별시 중랑구청,2026-02-26
신내1동448-21,1,,서울특별시 중랑구 신내1동 448-21,37.59255359,127.0808931,,,02-2094-2683,서울특별시 중랑구청,2026-02-26
신내1동410-30,1,,서울특별시 중랑구 신내1동 410-30,37.59268415,127.0806301,,,02-2094-2683,서울특별시 중랑구청,2026-02-26
신내1동415-4,1,,서울특별시 중랑구 신내1동 415-4,,,,,02-2094-2683,서울특별시 중랑구청,2026-02-26
신내1동447-6,1,,서울특별시 중랑구 신내1동 447-6,,,,,02-2094-2683,서울특별시 중랑구청,2026-02-26
신내1동448-1,1,,서울특별시 중랑구 신내1동 448-1,37.59375377,127.0806832,,,02-2094-2683,서울특별시 중랑구청,2026-02-26
신내1동410-84,1,,서울특별시 중랑구 신내1동 410-84,37.59351536,127.0806871,,,02-2094-2683,서울특별시 중랑구청,2026-02-26
신내1동410-83,1,,서울특별시 중랑구 신내1동 410-83,37.59339294,127.0809208,,,02-2094-2683,서울특별시 중랑구청,2026-02-26
신내1동415-1,1,,서울특별시 중랑구 신내1동 415-1,37.59398009,127.0808259,,,02-2094-2683,서울특별시 중랑구청,2026-02-26
신내1동413-1,1,,서울특별시 중랑구 신내1동 413-1,37.59372241,127.0808145,,,02-2094-2683,서울특별시 중랑구청,2026-02-26
신내1동391-4,1,,서울특별시 중랑구 신내1동 391-4,37.59419065,127.0809618,,,02-2094-2683,서울특별시 중랑구청,2026-02-26
신내1동544-19,1,,서울특별시 중랑구 신내1동 544-19,37.59398009,127.0808259,,,02-2094-2683,서울특별시 중랑구청,2026-02-26
신내1동539-12,1,,서울특별시 중랑구 신내1동 539-12,37.59462921,127.0807655,,,02-2094-2683,서울특별시 중랑구청,2026-02-26
신내1동542-5,1,,서울특별시 중랑구 신내1동 542-5,37.59461348,127.0810978,,,02-2094-2683,서울특별시 중랑구청,2026-02-26
신내1동569,1,,서울특별시 중랑구 신내1동 569,37.59461348,127.0810978,,,02-2094-2683,서울특별시 중랑구청,2026-02-26
신내1동581-1,1,,서울특별시 중랑구 신내1동 581-1,37.59470905,127.081395,,,02-2094-2683,서울특별시 중랑구청,2026-02-26
신내1동566-7,1,,서울특별시 중랑구 신내1동 566-7,37.59480766,127.0816062,,,02-2094-2683,서울특별시 중랑구청,2026-02-26
신내1동571-3,1,,서울특별시 중랑구 신내1동 571-3,37.59486704,127.0818555,,,02-2094-2683,서울특별시 중랑구청,2026-02-26
신내1동563-4,1,,서울특별시 중랑구 신내1동 563-4,37.59479192,127.0819464,,,02-2094-2683,서울특별시 중랑구청,2026-02-26
신내1동583-4,1,,서울특별시 중랑구 신내1동 583-4,37.59525907,127.0822343,,,02-2094-2683,서울특별시 중랑구청,2026-02-26
신내1동457-2,1,,서울특별시 중랑구 신내1동 457-2,37.5950497,127.0827135,,,02-2094-2683,서울특별시 중랑구청,2026-02-26
신내1동454-4,1,,서울특별시 중랑구 신내1동 454-4,37.59534706,127.0826669,,,02-2094-2683,서울특별시 중랑구청,2026-02-26
신내1동583-1,1,,서울특별시 중랑구 신내1동 583-1,37.59488445,127.0828487,,,02-2094-2683,서울특별시 중랑구청,2026-02-26
신내1동460,1,,서울특별시 중랑구 신내1동 460,37.59466688,127.0829607,,,02-2094-2683,서울특별시 중랑구청,2026-02-26
신내1동579,1,,서울특별시 중랑구 신내1동 579,37.59447697,127.0825408,,,02-2094-2683,서울특별시 중랑구청,2026-02-26
신내1동456-9,1,,서울특별시 중랑구 신내1동 456-9,37.59471661,127.0821943,,,02-2094-2683,서울특별시 중랑구청,2026-02-26
신내1동456-5,1,,서울특별시 중랑구 신내1동 456-5,37.59452527,127.0822708,,,02-2094-2683,서울특별시 중랑구청,2026-02-26
신내1동565-2,1,,서울특별시 중랑구 신내1동 565-2,37.59442522,127.0820332,,,02-2094-2683,서울특별시 중랑구청,2026-02-26
신내1동588-4,1,,서울특별시 중랑구 신내1동 588-4,37.59462692,127.0821172,,,02-2094-2683,서울특별시 중랑구청,2026-02-26
신내1동587-4,1,,서울특별시 중랑구 신내1동 587-4,37.59445486,127.0814205,,,02-2094-2683,서울특별시 중랑구청,2026-02-26
신내1동565-10,1,,서울특별시 중랑구 신내1동 565-10,37.5941672,127.0812532,,,02-2094-2683,서울특별시 중랑구청,2026-02-26
신내1동451-24,1,,서울특별시 중랑구 신내1동 451-24,37.59387524,127.0811825,,,02-2094-2683,서울특별시 중랑구청,2026-02-26
신내1동409-7,1,,서울특별시 중랑구 신내1동 409-7,37.5936419,127.0815581,,,02-2094-2683,서울특별시 중랑구청,2026-02-26
신내1동409-3,1,,서울특별시 중랑구 신내1동 409-3,37.59356078,127.0815938,,,02-2094-2683,서울특별시 중랑구청,2026-02-26
신내1동409-18,1,,서울특별시 중랑구 신내1동 409-18,,,,,02-2094-2683,서울특별시 중랑구청,2026-02-26
신내1동409-16,1,,서울특별시 중랑구 신내1동 409-16,37.5939154,127.0816173,,,02-2094-2683,서울특별시 중랑구청,2026-02-26
신내1동409-12,1,,서울특별시 중랑구 신내1동 409-12,37.59404968,127.0818311,,,02-2094-2683,서울특별시 중랑구청,2026-02-26
신내1동613-54,1,,서울특별시 중랑구 신내1동 613-54,37.59394575,127.0818895,,,02-2094-2683,서울특별시 중랑구청,2026-02-26
신내1동410-53,1,,서울특별시 중랑구 신내1동 410-53,37.5940415,127.0828302,,,02-2094-2683,서울특별시 중랑구청,2026-02-26
신내1동412-3,1,,서울특별시 중랑구 신내1동 412-3,37.59369054,127.0818343,,,02-2094-2683,서울특별시 중랑구청,2026-02-26
신내1동412-10,1,,서울특별시 중랑구 신내1동 412-10,37.59435036,127.083082,,,02-2094-2683,서울특별시 중랑구청,2026-02-26
신내1동412-14,1,,서울특별시 중랑구 신내1동 412-14,37.59421178,127.082839,,,02-2094-2683,서울특별시 중랑구청,2026-02-26
신내1동412-8,1,,서울특별시 중랑구 신내1동 412-8,37.59417216,127.0822884,,,02-2094-2683,서울특별시 중랑구청,2026-02-26
신내1동390-4,1,,서울특별시 중랑구 신내1동 390-4,37.59399473,127.0822042,,,02-2094-2683,서울특별시 중랑구청,2026-02-26
신내1동410-2,1,,서울특별시 중랑구 신내1동 410-2,37.59399473,127.0822042,,,02-2094-2683,서울특별시 중랑구청,2026-02-26
신내1동405-5,1,,서울특별시 중랑구 신내1동 405-5,37.59327009,127.0813812,,,02-2094-2683,서울특별시 중랑구청,2026-02-26
신내1동410-69,1,,서울특별시 중랑구 신내1동 410-69,37.59304163,127.0814667,,,02-2094-2683,서울특별시 중랑구청,2026-02-26
신내1동407-19,1,,서울특별시 중랑구 신내1동 407-19,37.592915,127.0815179,,,02-2094-2683,서울특별시 중랑구청,2026-02-26
신내1동407-17,1,,서울특별시 중랑구 신내1동 407-17,37.59285768,127.0812906,,,02-2094-2683,서울특별시 중랑구청,2026-02-26
신내1동407-20,1,,서울특별시 중랑구 신내1동 407-20,37.5929362,127.0816158,,,02-2094-2683,서울특별시 중랑구청,2026-02-26
신내1동492-51,1,,서울특별시 중랑구 신내1동 492-51,37.59307622,127.0817324,,,02-2094-2683,서울특별시 중랑구청,2026-02-26
신내1동405-3,1,,서울특별시 중랑구 신내1동 405-3,37.59320029,127.0819909,,,02-2094-2683,서울특별시 중랑구청,2026-02-26
신내1동793,1,,서울특별시 중랑구 신내1동 793,37.59308326,127.0818428,,,02-2094-2683,서울특별시 중랑구청,2026-02-26
신내1동398-4,1,,서울특별시 중랑구 신내1동 398-4,37.59679495,127.0879071,,,02-2094-2683,서울특별시 중랑구청,2026-02-26
신내1동398-2,1,,서울특별시 중랑구 신내1동 398-2,37.59640947,127.0886794,,,02-2094-2683,서울특별시 중랑구청,2026-02-26
신내1동488-1,1,,서울특별시 중랑구 신내1동 488-1,37.5931312,127.0824887,,,02-2094-2683,서울특별시 중랑구청,2026-02-26
신내1동449,1,,서울특별시 중랑구 신내1동 449,37.59354343,127.0824477,,,02-2094-2683,서울특별시 중랑구청,2026-02-26
신내1동317-2,1,,서울특별시 중랑구 신내1동 317-2,37.59334103,127.0823672,,,02-2094-2683,서울특별시 중랑구청,2026-02-26
신내1동318-1,1,,서울특별시 중랑구 신내1동 318-1,37.59351701,127.0828622,,,02-2094-2683,서울특별시 중랑구청,2026-02-26
신내1동303-4,1,,서울특별시 중랑구 신내1동 303-4,37.59343103,127.0828997,,,02-2094-2683,서울특별시 중랑구청,2026-02-26
신내1동371-1,1,,서울특별시 중랑구 신내1동 371-1,37.59325493,127.0829634,,,02-2094-2683,서울특별시 중랑구청,2026-02-26
신내1동372-55,1,,서울특별시 중랑구 신내1동 372-55,37.59320386,127.0826906,,,02-2094-2683,서울특별시 중랑구청,2026-02-26
신내1동372-5,1,,서울특별시 중랑구 신내1동 372-5,37.5931312,127.0824887,,,02-2094-2683,서울특별시 중랑구청,2026-02-26
신내1동373-6,1,,서울특별시 중랑구 신내1동 373-6,37.59336226,127.0830691,,,02-2094-2683,서울특별시 중랑구청,2026-02-26
신내1동372-30,1,,서울특별시 중랑구 신내1동 372-30,37.59333617,127.0832683,,,02-2094-2683,서울특별시 중랑구청,2026-02-26
신내1동410-9,1,,서울특별시 중랑구 신내1동 410-9,37.59322158,127.0834976,,,02-2094-2683,서울특별시 중랑구청,2026-02-26
신내1동372-18,1,,서울특별시 중랑구 신내1동 372-18,37.59289732,127.0833573,,,02-2094-2683,서울특별시 중랑구청,2026-02-26
신내1동372-17,1,,서울특별시 중랑구 신내1동 372-17,37.59281382,127.0830676,,,02-2094-2683,서울특별시 중랑구청,2026-02-26
신내1동373-9,1,,서울특별시 중랑구 신내1동 373-9,37.59286877,127.0827007,,,02-2094-2683,서울특별시 중랑구청,2026-02-26
신내1동372-34,1,,서울특별시 중랑구 신내1동 372-34,37.59273395,127.0827489,,,02-2094-2683,서울특별시 중랑구청,2026-02-26
신내1동373-16,1,,서울특별시 중랑구 신내1동 373-16,,,,,02-2094-2683,서울특별시 중랑구청,2026-02-26
신내1동373-18,1,,서울특별시 중랑구 신내1동 373-18,37.59270384,127.0821296,,,02-2094-2683,서울특별시 중랑구청,2026-02-26
신내1동396-1,1,,서울특별시 중랑구 신내1동 396-1,37.5926209,127.0818057,,,02-2094-2683,서울특별시 중랑구청,2026-02-26
신내1동396-3,1,,서울특별시 중랑구 신내1동 396-3,37.59238678,127.0816044,,,02-2094-2683,서울특별시 중랑구청,2026-02-26
신내1동396-10,1,,서울특별시 중랑구 신내1동 396-10,37.59264669,127.0815089,,,02-2094-2683,서울특별시 중랑구청,2026-02-26
신내1동322-6,1,,서울특별시 중랑구 신내1동 322-6,37.59255676,127.0812622,,,02-2094-2683,서울특별시 중랑구청,2026-02-26
신내1동323-3,1,,서울특별시 중랑구 신내1동 323-3,37.59230568,127.0810971,,,02-2094-2683,서울특별시 중랑구청,2026-02-26
신내1동323-1,1,,서울특별시 중랑구 신내1동 323-1,37.59219015,127.0815275,,,02-2094-2683,서울특별시 중랑구청,2026-02-26
신내1동345-2,1,,서울특별시 중랑구 신내1동 345-2,37.59227576,127.0818905,,,02-2094-2683,서울특별시 중랑구청,2026-02-26
신내1동324-3,1,,서울특별시 중랑구 신내1동 324-3,37.5923648,127.0821279,,,02-2094-2683,서울특별시 중랑구청,2026-02-26
신내1동324-8,1,,서울특별시 중랑구 신내1동 324-8,37.59238517,127.082242,,,02-2094-2683,서울특별시 중랑구청,2026-02-26
신내1동328-10,1,,서울특별시 중랑구 신내1동 328-10,37.59235671,127.0824874,,,02-2094-2683,서울특별시 중랑구청,2026-02-26
신내1동324-7,1,,서울특별시 중랑구 신내1동 324-7,37.59222438,127.0827001,,,02-2094-2683,서울특별시 중랑구청,2026-02-26
신내1동326-11,1,,서울특별시 중랑구 신내1동 326-11,37.59250795,127.0827955,,,02-2094-2683,서울특별시 중랑구청,2026-02-26
신내1동326-9,1,,서울특별시 중랑구 신내1동 326-9,37.59250795,127.0827955,,,02-2094-2683,서울특별시 중랑구청,2026-02-26
신내1동235-5,1,,서울특별시 중랑구 신내1동 235-5,37.59246448,127.0831096,,,02-2094-2683,서울특별시 중랑구청,2026-02-26
신내1동312-1,1,,서울특별시 중랑구 신내1동 312-1,37.59221647,127.0831848,,,02-2094-2683,서울특별시 중랑구청,2026-02-26
신내1동331-4,1,,서울특별시 중랑구 신내1동 331-4,37.59242518,127.083263,,,02-2094-2683,서울특별시 중랑구청,2026-02-26
신내1동311,1,,서울특별시 중랑구 신내1동 311,37.59261851,127.0832927,,,02-2094-2683,서울특별시 중랑구청,2026-02-26
신내1동310-1,1,,서울특별시 중랑구 신내1동 310-1,37.59257768,127.0831894,,,02-2094-2683,서울특별시 중랑구청,2026-02-26
신내1동310-2,1,,서울특별시 중랑구 신내1동 310-2,37.59263854,127.0835062,,,02-2094-2683,서울특별시 중랑구청,2026-02-26
신내1동312,1,,서울특별시 중랑구 신내1동 312,37.59216772,127.083004,,,02-2094-2683,서울특별시 중랑구청,2026-02-26
신내1동297-6,1,,서울특별시 중랑구 신내1동 297-6,37.59222438,127.0827001,,,02-2094-2683,서울특별시 중랑구청,2026-02-26
신내1동713,1,,서울특별시 중랑구 신내1동 713,37.59219988,127.0821772,,,02-2094-2683,서울특별시 중랑구청,2026-02-26
신내1동713-1,1,,서울특별시 중랑구 신내1동 713-1,37.59218089,127.0820112,,,02-2094-2683,서울특별시 중랑구청,2026-02-26
신내1동328-3,1,,서울특별시 중랑구 신내1동 328-3,37.59217447,127.0812697,,,02-2094-2683,서울특별시 중랑구청,2026-02-26
신내1동342-7,1,,서울특별시 중랑구 신내1동 342-7,37.59264464,127.0839221,,,02-2094-2683,서울특별시 중랑구청,2026-02-26
신내1동342-6,1,,서울특별시 중랑구 신내1동 342-6,37.59278988,127.0843082,,,02-2094-2683,서울특별시 중랑구청,2026-02-26
신내1동343-1,1,,서울특별시 중랑구 신내1동 343-1,37.5928698,127.0846818,,,02-2094-2683,서울특별시 중랑구청,2026-02-26
신내1동330-6,1,,서울특별시 중랑구 신내1동 330-6,37.59297921,127.0850176,,,02-2094-2683,서울특별시 중랑구청,2026-02-26
신내1동330-5,1,,서울특별시 중랑구 신내1동 330-5,,,,,02-2094-2683,서울특별시 중랑구청,2026-02-26
신내1동343,1,,서울특별시 중랑구 신내1동 343,37.59275265,127.0847145,,,02-2094-2683,서울특별시 중랑구청,2026-02-26
신내1동338-1,1,,서울특별시 중랑구 신내1동 338-1,,,,,02-2094-2683,서울특별시 중랑구청,2026-02-26
신내1동337-10,1,,서울특별시 중랑구 신내1동 337-10,37.59305201,127.0852585,,,02-2094-2683,서울특별시 중랑구청,2026-02-26
신내1동337-1,1,,서울특별시 중랑구 신내1동 337-1,37.59286695,127.0855021,,,02-2094-2683,서울특별시 중랑구청,2026-02-26
신내1동287-15,1,,서울특별시 중랑구 신내1동 287-15,37.59276249,127.0859335,,,02-2094-2683,서울특별시 중랑구청,2026-02-26
신내1동289-20,1,,서울특별시 중랑구 신내1동 289-20,37.5931797,127.085989,,,02-2094-2683,서울특별시 중랑구청,2026-02-26
신내1동289-4,1,,서울특별시 중랑구 신내1동 289-4,37.59300789,127.0858484,,,02-2094-2683,서울특별시 중랑구청,2026-02-26
신내1동289-12,1,,서울특별시 중랑구 신내1동 289-12,,,,,02-2094-2683,서울특별시 중랑구청,2026-02-26
신내1동289-10,1,,서울특별시 중랑구 신내1동 289-10,37.59341209,127.0853253,,,02-2094-2683,서울특별시 중랑구청,2026-02-26
신내1동61-6,1,,서울특별시 중랑구 신내1동 61-6,37.5936582,127.0852595,,,02-2094-2683,서울특별시 중랑구청,2026-02-26
신내1동292-2,1,,서울특별시 중랑구 신내1동 292-2,37.59356895,127.0849626,,,02-2094-2683,서울특별시 중랑구청,2026-02-26
신내1동61-13,1,,서울특별시 중랑구 신내1동 61-13,37.59339781,127.0850141,,,02-2094-2683,서울특별시 중랑구청,2026-02-26
신내1동61-9,1,,서울특별시 중랑구 신내1동 61-9,37.59319463,127.0852785,,,02-2094-2683,서울특별시 중랑구청,2026-02-26
신내1동289-11,1,,서울특별시 중랑구 신내1동 289-11,37.59328931,127.0849181,,,02-2094-2683,서울특별시 중랑구청,2026-02-26
신내1동286-3,1,,서울특별시 중랑구 신내1동 286-3,37.59353987,127.0846809,,,02-2094-2683,서울특별시 중랑구청,2026-02-26
신내1동286-9,1,,서울특별시 중랑구 신내1동 286-9,37.59330997,127.0846274,,,02-2094-2683,서울특별시 중랑구청,2026-02-26
신내1동283-13,1,,서울특별시 중랑구 신내1동 283-13,37.59311922,127.0845123,,,02-2094-2683,서울특별시 중랑구청,2026-02-26
신내1동284-21,1,,서울특별시 중랑구 신내1동 284-21,37.59318823,127.0841456,,,02-2094-2683,서울특별시 중랑구청,2026-02-26
신내1동283-1,1,,서울특별시 중랑구 신내1동 283-1,37.59311075,127.0837606,,,02-2094-2683,서울특별시 중랑구청,2026-02-26
신내1동283-5,1,,서울특별시 중랑구 신내1동 283-5,37.59334387,127.0838382,,,02-2094-2683,서울특별시 중랑구청,2026-02-26
신내1동284-3,1,,서울특별시 중랑구 신내1동 284-3,37.59406659,127.0851804,,,02-2094-2683,서울특별시 중랑구청,2026-02-26
신내1동284-5,1,,서울특별시 중랑구 신내1동 284-5,37.59417367,127.0848635,,,02-2094-2683,서울특별시 중랑구청,2026-02-26
신내1동산61-15,1,,서울특별시 중랑구 신내1동 산61-15,37.59387283,127.0851173,,,02-2094-2683,서울특별시 중랑구청,2026-02-26
신내1동산61-5,1,,서울특별시 중랑구 신내1동 산61-5,37.59362538,127.0844219,,,02-2094-2683,서울특별시 중랑구청,2026-02-26
신내1동279-12,1,,서울특별시 중랑구 신내1동 279-12,37.593858,127.0846879,,,02-2094-2683,서울특별시 중랑구청,2026-02-26
신내1동278-77,1,,서울특별시 중랑구 신내1동 278-77,37.59407514,127.0848083,,,02-2094-2683,서울특별시 중랑구청,2026-02-26
신내1동278-82,1,,서울특별시 중랑구 신내1동 278-82,37.59382597,127.0843808,,,02-2094-2683,서울특별시 중랑구청,2026-02-26
신내1동278-70,1,,서울특별시 중랑구 신내1동 278-70,37.59373858,127.0841079,,,02-2094-2683,서울특별시 중랑구청,2026-02-26
신내1동278-75,1,,서울특별시 중랑구 신내1동 278-75,37.59369835,127.0843055,,,02-2094-2683,서울특별시 중랑구청,2026-02-26
신내1동278-71,1,,서울특별시 중랑구 신내1동 278-71,37.59350688,127.0840636,,,02-2094-2683,서울특별시 중랑구청,2026-02-26
신내1동278-60,1,,서울특별시 중랑구 신내1동 278-60,37.593558,127.0838853,,,02-2094-2683,서울특별시 중랑구청,2026-02-26
신내1동278-93,1,,서울특별시 중랑구 신내1동 278-93,37.59380305,127.0837946,,,02-2094-2683,서울특별시 중랑구청,2026-02-26
신내1동284,1,,서울특별시 중랑구 신내1동 284,37.59369475,127.0835357,,,02-2094-2683,서울특별시 중랑구청,2026-02-26
신내1동278-59,1,,서울특별시 중랑구 신내1동 278-59,37.59342105,127.0836374,,,02-2094-2683,서울특별시 중랑구청,2026-02-26
신내1동278-79,1,,서울특별시 중랑구 신내1동 278-79,37.59356403,127.083770,,,02-2094-2683,서울특별시 중랑구청,2026-02-26
신내1동278-55,1,,서울특별시 중랑구 신내1동 278-55,37.59440898,127.0832641,,,02-2094-2683,서울특별시 중랑구청,2026-02-26
신내1동278-4,1,,서울특별시 중랑구 신내1동 278-4,37.59454278,127.0837643,,,02-2094-2683,서울특별시 중랑구청,2026-02-26
신내1동산56,1,,서울특별시 중랑구 신내1동 산56,37.59435953,127.0835036,,,02-2094-2683,서울특별시 중랑구청,2026-02-26
신내1동264,1,,서울특별시 중랑구 신내1동 264,37.59416875,127.083933,,,02-2094-2683,서울특별시 중랑구청,2026-02-26
신내1동278-17,1,,서울특별시 중랑구 신내1동 278-17,37.594770,127.0839047,,,02-2094-2683,서울특별시 중랑구청,2026-02-26
신내1동278-106,1,,서울특별시 중랑구 신내1동 278-106,37.59444971,127.0841443,,,02-2094-2683,서울특별시 중랑구청,2026-02-26
신내1동278-103,1,,서울특별시 중랑구 신내1동 278-103,37.59421064,127.0840747,,,02-2094-2683,서울특별시 중랑구청,2026-02-26
신내1동278-87,1,,서울특별시 중랑구 신내1동 278-87,37.59441232,127.0842704,,,02-2094-2683,서울특별시 중랑구청,2026-02-26
신내1동493-24,1,,서울특별시 중랑구 신내1동 493-24,37.59456571,127.0842064,,,02-2094-2683,서울특별시 중랑구청,2026-02-26
신내1동543-1,1,,서울특별시 중랑구 신내1동 543-1,37.59465863,127.0841799,,,02-2094-2683,서울특별시 중랑구청,2026-02-26
신내1동산52-17,1,,서울특별시 중랑구 신내1동 산52-17,37.5947681,127.0845513,,,02-2094-2683,서울특별시 중랑구청,2026-02-26
신내1동278-12,1,,서울특별시 중랑구 신내1동 278-12,37.59453133,127.0846619,,,02-2094-2683,서울특별시 중랑구청,2026-02-26
신내1동72-18,1,,서울특별시 중랑구 신내1동 72-18,37.59463342,127.0850279,,,02-2094-2683,서울특별시 중랑구청,2026-02-26
신내1동72-9,1,,서울특별시 중랑구 신내1동 72-9,37.59483981,127.0848219,,,02-2094-2683,서울특별시 중랑구청,2026-02-26
신내1동278-133,1,,서울특별시 중랑구 신내1동 278-133,37.59469732,127.0848781,,,02-2094-2683,서울특별시 중랑구청,2026-02-26
신내1동278-135,1,,서울특별시 중랑구 신내1동 278-135,37.59480781,127.0847057,,,02-2094-2683,서울특별시 중랑구청,2026-02-26
신내1동278-126,1,,서울특별시 중랑구 신내1동 278-126,37.59462039,127.0846111,,,02-2094-2683,서울특별시 중랑구청,2026-02-26
신내1동278-40,1,,서울특별시 중랑구 신내1동 278-40,37.59597568,127.0893491,,,02-2094-2683,서울특별시 중랑구청,2026-02-26
신내1동1126,1,,서울특별시 중랑구 신내1동 1126,,,,,02-2094-2683,서울특별시 중랑구청,2026-02-26
신내1동336-1,1,,서울특별시 중랑구 신내1동 336-1,37.59613945,127.0899778,,,02-2094-2683,서울특별시 중랑구청,2026-02-26
신내1동493-108,1,,서울특별시 중랑구 신내1동 493-108,37.59651996,127.0894812,,,02-2094-2683,서울특별시 중랑구청,2026-02-26
신내1동286-19,1,,서울특별시 중랑구 신내1동 286-19,37.59505385,127.0844896,,,02-2094-2683,서울특별시 중랑구청,2026-02-26
신내1동283-7,1,,서울특별시 중랑구 신내1동 283-7,37.59525659,127.0843428,,,02-2094-2683,서울특별시 중랑구청,2026-02-26
신내1동348,1,,서울특별시 중랑구 신내1동 348,37.59519688,127.0840472,,,02-2094-2683,서울특별시 중랑구청,2026-02-26
신내1동587-1,1,,서울특별시 중랑구 신내1동 587-1,37.59516273,127.0839247,,,02-2094-2683,서울특별시 중랑구청,2026-02-26
신내1동81-6,1,,서울특별시 중랑구 신내1동 81-6,37.59486795,127.0842792,,,02-2094-2683,서울특별시 중랑구청,2026-02-26
신내1동71-4,1,,서울특별시 중랑구 신내1동 71-4,37.59490414,127.0835512,,,02-2094-2683,서울특별시 중랑구청,2026-02-26
신내1동75-11,1,,서울특별시 중랑구 신내1동 75-11,37.59460998,127.0834049,,,02-2094-2683,서울특별시 중랑구청,2026-02-26
신내1동65-10,1,,서울특별시 중랑구 신내1동 65-10,37.5948096,127.0830808,,,02-2094-2683,서울특별시 중랑구청,2026-02-26
신내1동278-53,1,,서울특별시 중랑구 신내1동 278-53,37.59501875,127.0832974,,,02-2094-2683,서울특별시 중랑구청,2026-02-26
신내1동65-21,1,,서울특별시 중랑구 신내1동 65-21,,,,,02-2094-2683,서울특별시 중랑구청,2026-02-26
신내1동89-2,1,,서울특별시 중랑구 신내1동 89-2,37.594877,127.0837158,,,02-2094-2683,서울특별시 중랑구청,2026-02-26
신내1동65-40,1,,서울특별시 중랑구 신내1동 65-40,37.59310057,127.0754713,,,02-2094-2683,서울특별시 중랑구청,2026-02-26
신내1동118-1,1,,서울특별시 중랑구 신내1동 118-1,,,,,02-2094-2683,서울특별시 중랑구청,2026-02-26
신내1동388-4,1,,서울특별시 중랑구 신내1동 388-4,37.59529054,127.0833424,,,02-2094-2683,서울특별시 중랑구청,2026-02-26
신내1동416-2,1,,서울특별시 중랑구 신내1동 416-2,37.59536511,127.083906,,,02-2094-2683,서울특별시 중랑구청,2026-02-26
신내1동92,1,,서울특별시 중랑구 신내1동 92,37.59556887,127.0839688,,,02-2094-2683,서울특별시 중랑구청,2026-02-26
신내1동98,1,,서울특별시 중랑구 신내1동 98,37.59550385,127.0843026,,,02-2094-2683,서울특별시 중랑구청,2026-02-26
신내1동99,1,,서울특별시 중랑구 신내1동 99,37.5955693,127.0848773,,,02-2094-2683,서울특별시 중랑구청,2026-02-26
신내1동111-1,1,,서울특별시 중랑구 신내1동 111-1,37.59566797,127.0849868,,,02-2094-2683,서울특별시 중랑구청,2026-02-26
신내1동448-2,1,,서울특별시 중랑구 신내1동 448-2,37.59388464,127.0856081,,,02-2094-2683,서울특별시 중랑구청,2026-02-26
신내1동107-3,1,,서울특별시 중랑구 신내1동 107-3,37.59371533,127.0857539,,,02-2094-2683,서울특별시 중랑구청,2026-02-26
신내1동106,1,,서울특별시 중랑구 신내1동 106,37.5934665,127.0857188,,,02-2094-2683,서울특별시 중랑구청,2026-02-26
신내1동104-1,1,,서울특별시 중랑구 신내1동 104-1,37.59482351,127.0853034,,,02-2094-2683,서울특별시 중랑구청,2026-02-26
신내1동105,1,,서울특별시 중랑구 신내1동 105,37.59518491,127.0854181,,,02-2094-2683,서울특별시 중랑구청,2026-02-26
신내1동27-2,1,,서울특별시 중랑구 신내1동 27-2,37.5948538,127.0851579,,,02-2094-2683,서울특별시 중랑구청,2026-02-26
신내1동243-2,1,,서울특별시 중랑구 신내1동 243-2,37.59328272,127.0876436,,,02-2094-2683,서울특별시 중랑구청,2026-02-26
신내1동243-6,1,,서울특별시 중랑구 신내1동 243-6,,,,,02-2094-2683,서울특별시 중랑구청,2026-02-26
신내1동243-4,1,,서울특별시 중랑구 신내1동 243-4,37.59333132,127.087838,,,02-2094-2683,서울특별시 중랑구청,2026-02-26
신내1동243-12,1,,서울특별시 중랑구 신내1동 243-12,,,,,02-2094-2683,서울특별시 중랑구청,2026-02-26
신내1동243-11,1,,서울특별시 중랑구 신내1동 243-11,37.59358946,127.0883119,,,02-2094-2683,서울특별시 중랑구청,2026-02-26
신내1동243-1,1,,서울특별시 중랑구 신내1동 243-1,37.59348848,127.0884058,,,02-2094-2683,서울특별시 중랑구청,2026-02-26
신내1동243-14,1,,서울특별시 중랑구 신내1동 243-14,37.59336694,127.0886433,,,02-2094-2683,서울특별시 중랑구청,2026-02-26
신내1동242,1,,서울특별시 중랑구 신내1동 242,37.59352592,127.088826,,,02-2094-2683,서울특별시 중랑구청,2026-02-26
신내1동214-3,1,,서울특별시 중랑구 신내1동 214-3,37.59369609,127.0893346,,,02-2094-2683,서울특별시 중랑구청,2026-02-26
신내1동214-1,1,,서울특별시 중랑구 신내1동 214-1,37.59351978,127.0895511,,,02-2094-2683,서울특별시 중랑구청,2026-02-26
신내1동214-11,1,,서울특별시 중랑구 신내1동 214-11,37.59381435,127.0889162,,,02-2094-2683,서울특별시 중랑구청,2026-02-26
신내1동221,1,,서울특별시 중랑구 신내1동 221,37.59367862,127.0886084,,,02-2094-2683,서울특별시 중랑구청,2026-02-26
신내1동산22,1,,서울특별시 중랑구 신내1동 산22,37.59374725,127.0882745,,,02-2094-2683,서울특별시 중랑구청,2026-02-26
신내1동154,1,,서울특별시 중랑구 신내1동 154,37.59381049,127.088417,,,02-2094-2683,서울특별시 중랑구청,2026-02-26
신내1동185,1,,서울특별시 중랑구 신내1동 185,37.59401489,127.0889371,,,02-2094-2683,서울특별시 중랑구청,2026-02-26
신내1동156,1,,서울특별시 중랑구 신내1동 156,37.59408923,127.0891657,,,02-2094-2683,서울특별시 중랑구청,2026-02-26
신내1동155,1,,서울특별시 중랑구 신내1동 155,,,,,02-2094-2683,서울특별시 중랑구청,2026-02-26
신내1동153,1,,서울특별시 중랑구 신내1동 153,37.59422332,127.088665,,,02-2094-2683,서울특별시 중랑구청,2026-02-26
신내1동157,1,,서울특별시 중랑구 신내1동 157,37.5940978,127.088796,,,02-2094-2683,서울특별시 중랑구청,2026-02-26
신내1동178,1,,서울특별시 중랑구 신내1동 178,,,,,02-2094-2683,서울특별시 중랑구청,2026-02-26
신내1동164-1,1,,서울특별시 중랑구 신내1동 164-1,37.59453435,127.089003,,,02-2094-2683,서울특별시 중랑구청,2026-02-26
신내1동163-3,1,,서울특별시 중랑구 신내1동 163-3,37.59479178,127.0889923,,,02-2094-2683,서울특별시 중랑구청,2026-02-26
신내1동163-6,1,,서울특별시 중랑구 신내1동 163-6,37.59440237,127.0892283,,,02-2094-2683,서울특별시 중랑구청,2026-02-26
신내1동142,1,,서울특별시 중랑구 신내1동 142,37.59468321,127.089350,,,02-2094-2683,서울특별시 중랑구청,2026-02-26
신내1동148,1,,서울특별시 중랑구 신내1동 148,37.59447105,127.0893203,,,02-2094-2683,서울특별시 중랑구청,2026-02-26
신내1동138,1,,서울특별시 중랑구 신내1동 138,37.59462824,127.0894767,,,02-2094-2683,서울특별시 중랑구청,2026-02-26
신내1동130,1,,서울특별시 중랑구 신내1동 130,37.59447532,127.0897432,,,02-2094-2683,서울특별시 중랑구청,2026-02-26
신내1동129-2,1,,서울특별시 중랑구 신내1동 129-2,37.59433406,127.0897283,,,02-2094-2683,서울특별시 중랑구청,2026-02-26
신내1동58,1,,서울특별시 중랑구 신내1동 58,37.59417126,127.0895966,,,02-2094-2683,서울특별시 중랑구청,2026-02-26
신내1동56-15,1,,서울특별시 중랑구 신내1동 56-15,37.59403996,127.0896274,,,02-2094-2683,서울특별시 중랑구청,2026-02-26
신내1동127,1,,서울특별시 중랑구 신내1동 127,37.59405072,127.0899246,,,02-2094-2683,서울특별시 중랑구청,2026-02-26
신내1동114,1,,서울특별시 중랑구 신내1동 114,37.59433406,127.0897283,,,02-2094-2683,서울특별시 중랑구청,2026-02-26
신내1동372-53,1,,서울특별시 중랑구 신내1동 372-53,37.59454715,127.0898367,,,02-2094-2683,서울특별시 중랑구청,2026-02-26
신내1동56-5,1,,서울특별시 중랑구 신내1동 56-5,37.5947124,127.0895884,,,02-2094-2683,서울특별시 중랑구청,2026-02-26
신내1동41-12,1,,서울특별시 중랑구 신내1동 41-12,37.59499862,127.0896234,,,02-2094-2683,서울특별시 중랑구청,2026-02-26
신내1동795-2,1,,서울특별시 중랑구 신내1동 795-2,37.59494135,127.0892203,,,02-2094-2683,서울특별시 중랑구청,2026-02-26
신내1동61,1,,서울특별시 중랑구 신내1동 61,,,,,02-2094-2683,서울특별시 중랑구청,2026-02-26
신내1동55-2,1,,서울특별시 중랑구 신내1동 55-2,37.59530353,127.0898364,,,02-2094-2683,서울특별시 중랑구청,2026-02-26
신내1동123-11,1,,서울특별시 중랑구 신내1동 123-11,37.59554784,127.0903593,,,02-2094-2683,서울특별시 중랑구청,2026-02-26
신내1동121,1,,서울특별시 중랑구 신내1동 121,37.5954388,127.0906215,,,02-2094-2683,서울특별시 중랑구청,2026-02-26
신내1동118-2,1,,서울특별시 중랑구 신내1동 118-2,37.59532684,127.0903461,,,02-2094-2683,서울특별시 중랑구청,2026-02-26
신내1동176,1,,서울특별시 중랑구 신내1동 176,37.59521316,127.0901861,,,02-2094-2683,서울특별시 중랑구청,2026-02-26
신내1동190-1,1,,서울특별시 중랑구 신내1동 190-1,37.59534139,127.0900447,,,02-2094-2683,서울특별시 중랑구청,2026-02-26
신내1동174,1,,서울특별시 중랑구 신내1동 174,37.59488525,127.0902364,,,02-2094-2683,서울특별시 중랑구청,2026-02-26
신내1동191-3,1,,서울특별시 중랑구 신내1동 191-3,37.5949653,127.0904294,,,02-2094-2683,서울특별시 중랑구청,2026-02-26
신내1동177-1,1,,서울특별시 중랑구 신내1동 177-1,37.59510901,127.0900638,,,02-2094-2683,서울특별시 중랑구청,2026-02-26
신내1동329-4,1,,서울특별시 중랑구 신내1동 329-4,37.59528217,127.0897244,,,02-2094-2683,서울특별시 중랑구청,2026-02-26
신내1동286-20,1,,서울특별시 중랑구 신내1동 286-20,37.59492653,127.0897484,,,02-2094-2683,서울특별시 중랑구청,2026-02-26
신내1동166-1,1,,서울특별시 중랑구 신내1동 166-1,37.59472629,127.0900332,,,02-2094-2683,서울특별시 중랑구청,2026-02-26
신내1동123-27,1,,서울특별시 중랑구 신내1동 123-27,37.59472629,127.0900332,,,02-2094-2683,서울특별시 중랑구청,2026-02-26
신내1동123-15,1,,서울특별시 중랑구 신내1동 123-15,37.59486804,127.0908305,,,02-2094-2683,서울특별시 중랑구청,2026-02-26
신내1동166-4,1,,서울특별시 중랑구 신내1동 166-4,37.59505648,127.0904178,,,02-2094-2683,서울특별시 중랑구청,2026-02-26
신내1동40-2,1,,서울특별시 중랑구 신내1동 40-2,37.59501188,127.0906551,,,02-2094-2683,서울특별시 중랑구청,2026-02-26
신내1동40-3,1,,서울특별시 중랑구 신내1동 40-3,37.5950741,127.0905885,,,02-2094-2683,서울특별시 중랑구청,2026-02-26
신내1동41-4,1,,서울특별시 중랑구 신내1동 41-4,37.59524758,127.0907797,,,02-2094-2683,서울특별시 중랑구청,2026-02-26
신내1동42,1,,서울특별시 중랑구 신내1동 42,37.59507265,127.0910673,,,02-2094-2683,서울특별시 중랑구청,2026-02-26
신내1동39-2,1,,서울특별시 중랑구 신내1동 39-2,37.59498026,127.0913565,,,02-2094-2683,서울특별시 중랑구청,2026-02-26
신내1동39-1,1,,서울특별시 중랑구 신내1동 39-1,37.6133237,127.1118964,,,02-2094-2683,서울특별시 중랑구청,2026-02-26
신내1동8-3,1,,서울특별시 중랑구 신내1동 8-3,37.59542468,127.0908231,,,02-2094-2683,서울특별시 중랑구청,2026-02-26
신내1동8-1,1,,서울특별시 중랑구 신내1동 8-1,37.59567528,127.0905362,,,02-2094-2683,서울특별시 중랑구청,2026-02-26
신내1동38-3,1,,서울특별시 중랑구 신내1동 38-3,37.59561201,127.0904555,,,02-2094-2683,서울특별시 중랑구청,2026-02-26
신내1동36,1,,서울특별시 중랑구 신내1동 36,37.59529203,127.0906212,,,02-2094-2683,서울특별시 중랑구청,2026-02-26
신내1동33,1,,서울특별시 중랑구 신내1동 33,37.59432546,127.0902488,,,02-2094-2683,서울특별시 중랑구청,2026-02-26
신내1동30-1,1,,서울특별시 중랑구 신내1동 30-1,37.59423668,127.0902949,,,02-2094-2683,서울특별시 중랑구청,2026-02-26
신내1동31,1,,서울특별시 중랑구 신내1동 31,37.59427041,127.0905981,,,02-2094-2683,서울특별시 중랑구청,2026-02-26
신내1동2,1,,서울특별시 중랑구 신내1동 2,37.59441758,127.0905471,,,02-2094-2683,서울특별시 중랑구청,2026-02-26
신내1동2-3,1,,서울특별시 중랑구 신내1동 2-3,37.59464668,127.090467,,,02-2094-2683,서울특별시 중랑구청,2026-02-26
신내1동2-5,1,,서울특별시 중랑구 신내1동 2-5,37.59467523,127.0905943,,,02-2094-2683,서울특별시 중랑구청,2026-02-26
신내1동45-3,1,,서울특별시 중랑구 신내1동 45-3,37.59459773,127.0906119,,,02-2094-2683,서울특별시 중랑구청,2026-02-26
신내1동44-4,1,,서울특별시 중랑구 신내1동 44-4,37.59439202,127.0908604,,,02-2094-2683,서울특별시 중랑구청,2026-02-26
신내1동46,1,,서울특별시 중랑구 신내1동 46,37.59449003,127.0911162,,,02-2094-2683,서울특별시 중랑구청,2026-02-26
신내1동53-5,1,,서울특별시 중랑구 신내1동 53-5,37.59449003,127.0911162,,,02-2094-2683,서울특별시 중랑구청,2026-02-26
신내1동산-6-1,1,,서울특별시 중랑구 신내1동 산-6-1,37.59472763,127.0908715,,,02-2094-2683,서울특별시 중랑구청,2026-02-26
신내1동391-5,1,,서울특별시 중랑구 신내1동 391-5,37.59481011,127.0912931,,,02-2094-2683,서울특별시 중랑구청,2026-02-26
신내1동,1,,서울특별시 중랑구 신내1동,,,,,02-2094-2683,서울특별시 중랑구청,2026-02-26
신내1동440,1,,서울특별시 중랑구 신내1동 440,37.59475646,127.091466,,,02-2094-2683,서울특별시 중랑구청,2026-02-26
신내1동425-1,1,,서울특별시 중랑구 신내1동 425-1,37.59450591,127.0916767,,,02-2094-2683,서울특별시 중랑구청,2026-02-26
신내1동331-26,1,,서울특별시 중랑구 신내1동 331-26,37.59452672,127.0917979,,,02-2094-2683,서울특별시 중랑구청,2026-02-26
신내1동450-1,1,,서울특별시 중랑구 신내1동 450-1,37.59470342,127.0918955,,,02-2094-2683,서울특별시 중랑구청,2026-02-26
신내1동450-12,1,,서울특별시 중랑구 신내1동 450-12,37.59491452,127.0916625,,,02-2094-2683,서울특별시 중랑구청,2026-02-26
신내1동263,1,,서울특별시 중랑구 신내1동 263,37.59491366,127.0918405,,,02-2094-2683,서울특별시 중랑구청,2026-02-26
신내1동172,1,,서울특별시 중랑구 신내1동 172,37.59461718,127.0920318,,,02-2094-2683,서울특별시 중랑구청,2026-02-26
신내1동90,1,,서울특별시 중랑구 신내1동 90,,,,,02-2094-2683,서울특별시 중랑구청,2026-02-26
신내1동804-1,1,,서울특별시 중랑구 신내1동 804-1,37.59414919,127.0918137,,,02-2094-2683,서울특별시 중랑구청,2026-02-26
신내1동582,1,,서울특별시 중랑구 신내1동 582,37.59404462,127.0908411,,,02-2094-2683,서울특별시 중랑구청,2026-02-26
신내1동78,1,,서울특별시 중랑구 신내1동 78,37.59384652,127.0905686,,,02-2094-2683,서울특별시 중랑구청,2026-02-26
신내1동81,1,,서울특별시 중랑구 신내1동 81,37.59396083,127.0903678,,,02-2094-2683,서울특별시 중랑구청,2026-02-26
신내1동3-10,1,,서울특별시 중랑구 신내1동 3-10,37.59422103,127.091307,,,02-2094-2683,서울특별시 중랑구청,2026-02-26
신내1동44-3,1,,서울특별시 중랑구 신내1동 44-3,37.5943103,127.0922599,,,02-2094-2683,서울특별시 중랑구청,2026-02-26
신내1동539-1,1,,서울특별시 중랑구 신내1동 539-1,37.59418099,127.0925146,,,02-2094-2683,서울특별시 중랑구청,2026-02-26
신내1동797,1,,서울특별시 중랑구 신내1동 797,37.59458408,127.0926474,,,02-2094-2683,서울특별시 중랑구청,2026-02-26
신내1동640,1,,서울특별시 중랑구 신내1동 640,37.59450637,127.0923559,,,02-2094-2683,서울특별시 중랑구청,2026-02-26
신내1동641,1,,서울특별시 중랑구 신내1동 641,37.59485989,127.0923872,,,02-2094-2683,서울특별시 중랑구청,2026-02-26
신내1동642,1,,서울특별시 중랑구 신내1동 642,37.59457994,127.092749,,,02-2094-2683,서울특별시 중랑구청,2026-02-26
신내1동165-1,1,,서울특별시 중랑구 신내1동 165-1,37.59495988,127.0927596,,,02-2094-2683,서울특별시 중랑구청,2026-02-26
신내1동491-6뒤,1,,서울특별시 중랑구 신내1동 491-6뒤,37.595105,127.0925703,,,02-2094-2683,서울특별시 중랑구청,2026-02-26
신내1동448-17,1,,서울특별시 중랑구 신내1동 448-17,37.59491932,127.0922091,,,02-2094-2683,서울특별시 중랑구청,2026-02-26
신내1동409-17,1,,서울특별시 중랑구 신내1동 409-17,37.59456553,127.0865849,,,02-2094-2683,서울특별시 중랑구청,2026-02-26
신내1동409-8,1,,서울특별시 중랑구 신내1동 409-8,37.59476133,127.0864348,,,02-2094-2683,서울특별시 중랑구청,2026-02-26
신내1동337-2,1,,서울특별시 중랑구 신내1동 337-2,37.59456553,127.0865849,,,02-2094-2683,서울특별시 중랑구청,2026-02-26
신내1동263-1뒤,1,,서울특별시 중랑구 신내1동 263-1뒤,37.59447117,127.0867397,,,02-2094-2683,서울특별시 중랑구청,2026-02-26
신내1동495-42,1,,서울특별시 중랑구 신내1동 495-42,37.59431456,127.0868802,,,02-2094-2683,서울특별시 중랑구청,2026-02-26
신내1동499-1,1,,서울특별시 중랑구 신내1동 499-1,37.59388844,127.0874309,,,02-2094-2683,서울특별시 중랑구청,2026-02-26
신내1동479,1,,서울특별시 중랑구 신내1동 479,37.59426032,127.0878586,,,02-2094-2683,서울특별시 중랑구청,2026-02-26
신내1동473-22,1,,서울특별시 중랑구 신내1동 473-22,37.59448213,127.0875183,,,02-2094-2683,서울특별시 중랑구청,2026-02-26
신내1동699-2,1,,서울특별시 중랑구 신내1동 699-2,37.59438886,127.0874183,,,02-2094-2683,서울특별시 중랑구청,2026-02-26
신내1동290-14,1,,서울특별시 중랑구 신내1동 290-14,37.59462005,127.0870505,,,02-2094-2683,서울특별시 중랑구청,2026-02-26
신내1동산6-1,1,,서울특별시 중랑구 신내1동 산6-1,37.59467314,127.0873943,,,02-2094-2683,서울특별시 중랑구청,2026-02-26
신내1동356,1,,서울특별시 중랑구 신내1동 356,37.59475979,127.0877914,,,02-2094-2683,서울특별시 중랑구청,2026-02-26
신내1동514-13,1,,서울특별시 중랑구 신내1동 514-13,37.59502032,127.0875937,,,02-2094-2683,서울특별시 중랑구청,2026-02-26
신내1동513-13,1,,서울특별시 중랑구 신내1동 513-13,37.59468969,127.0879084,,,02-2094-2683,서울특별시 중랑구청,2026-02-26
신내1동516-10,1,,서울특별시 중랑구 신내1동 516-10,,,,,02-2094-2683,서울특별시 중랑구청,2026-02-26
신내1동493-111,1,,서울특별시 중랑구 신내1동 493-111,37.5954857,127.0876927,,,02-2094-2683,서울특별시 중랑구청,2026-02-26
신내1동464,1,,서울특별시 중랑구 신내1동 464,37.59520254,127.0874163,,,02-2094-2683,서울특별시 중랑구청,2026-02-26
신내1동284-11,1,,서울특별시 중랑구 신내1동 284-11,37.59513722,127.0871783,,,02-2094-2683,서울특별시 중랑구청,2026-02-26
신내1동290-16,1,,서울특별시 중랑구 신내1동 290-16,37.59498308,127.0869025,,,02-2094-2683,서울특별시 중랑구청,2026-02-26
신내1동571-8,1,,서울특별시 중랑구 신내1동 571-8,37.59486284,127.0869693,,,02-2094-2683,서울특별시 중랑구청,2026-02-26
신내1동344-16,1,,서울특별시 중랑구 신내1동 344-16,37.59513768,127.0881354,,,02-2094-2683,서울특별시 중랑구청,2026-02-26
신내1동344-10,1,,서울특별시 중랑구 신내1동 344-10,37.59516453,127.0886093,,,02-2094-2683,서울특별시 중랑구청,2026-02-26
신내1동315-8,1,,서울특별시 중랑구 신내1동 315-8,37.59529807,127.088718,,,02-2094-2683,서울특별시 중랑구청,2026-02-26
신내1동493-81,1,,서울특별시 중랑구 신내1동 493-81,37.59543858,127.0885369,,,02-2094-2683,서울특별시 중랑구청,2026-02-26
신내1동312-9,1,,서울특별시 중랑구 신내1동 312-9,37.59563198,127.0882347,,,02-2094-2683,서울특별시 중랑구청,2026-02-26
신내1동331-7,1,,서울특별시 중랑구 신내1동 331-7,37.59571297,127.0881297,,,02-2094-2683,서울특별시 중랑구청,2026-02-26
신내1동290-3,1,,서울특별시 중랑구 신내1동 290-3,,,,,02-2094-2683,서울특별시 중랑구청,2026-02-26
신내1동410-89,1,,서울특별시 중랑구 신내1동 410-89,37.59558781,127.0875353,,,02-2094-2683,서울특별시 중랑구청,2026-02-26
신내1동282,1,,서울특별시 중랑구 신내1동 282,37.59533403,127.0881064,,,02-2094-2683,서울특별시 중랑구청,2026-02-26
신내1동279-7,1,,서울특별시 중랑구 신내1동 279-7,37.59551486,127.0889389,,,02-2094-2683,서울특별시 중랑구청,2026-02-26
신내1동278-65,1,,서울특별시 중랑구 신내1동 278-65,37.59573597,127.0884467,,,02-2094-2683,서울특별시 중랑구청,2026-02-26
신내1동278-64,1,,서울특별시 중랑구 신내1동 278-64,37.59573241,127.0887522,,,02-2094-2683,서울특별시 중랑구청,2026-02-26
신내1동284-9,1,,서울특별시 중랑구 신내1동 284-9,37.59580901,127.0890861,,,02-2094-2683,서울특별시 중랑구청,2026-02-26
신내1동494-12,1,,서울특별시 중랑구 신내1동 494-12,37.596086,127.0890708,,,02-2094-2683,서울특별시 중랑구청,2026-02-26
신내1동493-145,1,,서울특별시 중랑구 신내1동 493-145,37.59593183,127.0889476,,,02-2094-2683,서울특별시 중랑구청,2026-02-26
신내1동312-7,1,,서울특별시 중랑구 신내1동 312-7,37.59638283,127.0885191,,,02-2094-2683,서울특별시 중랑구청,2026-02-26
신내1동321-22,1,,서울특별시 중랑구 신내1동 321-22,37.59630816,127.0882502,,,02-2094-2683,서울특별시 중랑구청,2026-02-26
신내1동493-142,1,,서울특별시 중랑구 신내1동 493-142,37.59626666,127.0884391,,,02-2094-2683,서울특별시 중랑구청,2026-02-26
신내1동706,1,,서울특별시 중랑구 신내1동 706,37.59619317,127.0881553,,,02-2094-2683,서울특별시 중랑구청,2026-02-26
신내1동709-4,1,,서울특별시 중랑구 신내1동 709-4,37.59626077,127.088124,,,02-2094-2683,서울특별시 중랑구청,2026-02-26
신내1동395-15,1,,서울특별시 중랑구 신내1동 395-15,37.59589049,127.0884474,,,02-2094-2683,서울특별시 중랑구청,2026-02-26
신내1동320-2,1,,서울특별시 중랑구 신내1동 320-2,37.59598577,127.088637,,,02-2094-2683,서울특별시 중랑구청,2026-02-26
신내1동478-2,1,,서울특별시 중랑구 신내1동 478-2,37.59607254,127.087781,,,02-2094-2683,서울특별시 중랑구청,2026-02-26
신내1동392-2,1,,서울특별시 중랑구 신내1동 392-2,37.59576652,127.0877188,,,02-2094-2683,서울특별시 중랑구청,2026-02-26
신내1동799,1,,서울특별시 중랑구 신내1동 799,37.59570297,127.0876345,,,02-2094-2683,서울특별시 중랑구청,2026-02-26
신내1동382-4,1,,서울특별시 중랑구 신내1동 382-4,37.59586624,127.0866548,,,02-2094-2683,서울특별시 중랑구청,2026-02-26
신내1동417-32,1,,서울특별시 중랑구 신내1동 417-32,37.59572864,127.0871613,,,02-2094-2683,서울특별시 중랑구청,2026-02-26
신내1동428-10,1,,서울특별시 중랑구 신내1동 428-10,37.5923205,127.0744664,,,02-2094-2683,서울특별시 중랑구청,2026-02-26
신내1동482-1,1,,서울특별시 중랑구 신내1동 482-1,37.59210908,127.074547,,,02-2094-2683,서울특별시 중랑구청,2026-02-26
신내1동456-15,1,,서울특별시 중랑구 신내1동 456-15,37.59521804,127.0869301,,,02-2094-2683,서울특별시 중랑구청,2026-02-26
신내1동567,1,,서울특별시 중랑구 신내1동 567,37.59528041,127.0870177,,,02-2094-2683,서울특별시 중랑구청,2026-02-26
신내1동493-79,1,,서울특별시 중랑구 신내1동 493-79,37.59540265,127.0865704,,,02-2094-2683,서울특별시 중랑구청,2026-02-26
신내1동494-60,1,,서울특별시 중랑구 신내1동 494-60,37.595419,127.0862656,,,02-2094-2683,서울특별시 중랑구청,2026-02-26
신내1동401,1,,서울특별시 중랑구 신내1동 401,37.595419,127.0862656,,,02-2094-2683,서울특별시 중랑구청,2026-02-26
신내1동418-8,1,,서울특별시 중랑구 신내1동 418-8,,,,,02-2094-2683,서울특별시 중랑구청,2026-02-26
신내1동447-8,1,,서울특별시 중랑구 신내1동 447-8,37.59603194,127.0861421,,,02-2094-2683,서울특별시 중랑구청,2026-02-26
신내1동495-50,1,,서울특별시 중랑구 신내1동 495-50,37.59614433,127.0863473,,,02-2094-2683,서울특별시 중랑구청,2026-02-26
신내1동591,1,,서울특별시 중랑구 신내1동 591,37.59625874,127.0864862,,,02-2094-2683,서울특별시 중랑구청,2026-02-26
신내1동611-1,1,,서울특별시 중랑구 신내1동 611-1,,,,,02-2094-2683,서울특별시 중랑구청,2026-02-26
신내1동562,1,,서울특별시 중랑구 신내1동 562,37.59632577,127.0867356,,,02-2094-2683,서울특별시 중랑구청,2026-02-26
신내1동484-47,1,,서울특별시 중랑구 신내1동 484-47,37.5961232,127.0869025,,,02-2094-2683,서울특별시 중랑구청,2026-02-26
신내1동801,1,,서울특별시 중랑구 신내1동 801,,,,,02-2094-2683,서울특별시 중랑구청,2026-02-26
신내1동571-26,1,,서울특별시 중랑구 신내1동 571-26,,,,,02-2094-2683,서울특별시 중랑구청,2026-02-26
신내1동 290-3,1,,서울특별시 중랑구 신내1동 290-3,37.604800,127.095800,,,02-2094-2683,서울특별시 중랑구청,2026-02-26
신내1동 699,1,,서울특별시 중랑구 신내1동 699,37.608500,127.099500,,,02-2094-2683,서울특별시 중랑구청,2026-02-26
면목본동70-102,1,,서울특별시 중랑구 면목본동 70-102,37.59307435,127.0854019,,,02-2094-2683,서울특별시 중랑구청,2026-02-26
면목본동86-2,1,,서울특별시 중랑구 면목본동 86-2,37.59554277,127.0846613,,,02-2094-2683,서울특별시 중랑구청,2026-02-26
면목본동65-62,1,,서울특별시 중랑구 면목본동 65-62,37.59217392,127.073880,,,02-2094-2683,서울특별시 중랑구청,2026-02-26
면목본동90-30,1,,서울특별시 중랑구 면목본동 90-30,37.59205893,127.0803931,,,02-2094-2683,서울특별시 중랑구청,2026-02-26
면목본동502-18,1,,서울특별시 중랑구 면목본동 502-18,37.59285876,127.0820677,,,02-2094-2683,서울특별시 중랑구청,2026-02-26
면목본동98-63,1,,서울특별시 중랑구 면목본동 98-63,37.59585687,127.0903699,,,02-2094-2683,서울특별시 중랑구청,2026-02-26
면목본동129-61,1,,서울특별시 중랑구 면목본동 129-61,,,,,02-2094-2683,서울특별시 중랑구청,2026-02-26
면목본동128-55,1,,서울특별시 중랑구 면목본동 128-55,37.59379408,127.0790383,,,02-2094-2683,서울특별시 중랑구청,2026-02-26
면목본동127-50,1,,서울특별시 중랑구 면목본동 127-50,37.59349413,127.0880825,,,02-2094-2683,서울특별시 중랑구청,2026-02-26
면목본동128-34,1,,서울특별시 중랑구 면목본동 128-34,37.59346676,127.0759917,,,02-2094-2683,서울특별시 중랑구청,2026-02-26
면목본동547-38,1,,서울특별시 중랑구 면목본동 547-38,37.59323537,127.0764346,,,02-2094-2683,서울특별시 중랑구청,2026-02-26
면목본동90-34,1,,서울특별시 중랑구 면목본동 90-34,37.59219844,127.081657,,,02-2094-2683,서울특별시 중랑구청,2026-02-26
면목본동67-18,1,,서울특별시 중랑구 면목본동 67-18,37.59286197,127.0743756,,,02-2094-2683,서울특별시 중랑구청,2026-02-26
면목본동540-23,1,,서울특별시 중랑구 면목본동 540-23,37.5933502,127.0817468,,,02-2094-2683,서울특별시 중랑구청,2026-02-26
면목본동233-1,1,,서울특별시 중랑구 면목본동 233-1,37.59505385,127.0844896,,,02-2094-2683,서울특별시 중랑구청,2026-02-26
면목본동119-4,1,,서울특별시 중랑구 면목본동 119-4,37.59271433,127.0757377,,,02-2094-2683,서울특별시 중랑구청,2026-02-26
면목본동87-26,1,,서울특별시 중랑구 면목본동 87-26,,,,,02-2094-2683,서울특별시 중랑구청,2026-02-26
면목본동86-4,1,,서울특별시 중랑구 면목본동 86-4,37.59384349,127.0770717,,,02-2094-2683,서울특별시 중랑구청,2026-02-26
면목본동92-25,1,,서울특별시 중랑구 면목본동 92-25,,,,,02-2094-2683,서울특별시 중랑구청,2026-02-26
면목본동91-47,1,,서울특별시 중랑구 면목본동 91-47,37.59308635,127.0833517,,,02-2094-2683,서울특별시 중랑구청,2026-02-26
면목본동1126,1,,서울특별시 중랑구 면목본동 1126,37.59328408,127.0789494,,,02-2094-2683,서울특별시 중랑구청,2026-02-26
면목본동72-3,1,,서울특별시 중랑구 면목본동 72-3,37.59419952,127.0791777,,,02-2094-2683,서울특별시 중랑구청,2026-02-26
면목본동71-9,1,,서울특별시 중랑구 면목본동 71-9,37.59404877,127.0797359,,,02-2094-2683,서울특별시 중랑구청,2026-02-26
면목본동71-26,1,,서울특별시 중랑구 면목본동 71-26,37.59373816,127.0793797,,,02-2094-2683,서울특별시 중랑구청,2026-02-26
면목본동71-12,1,,서울특별시 중랑구 면목본동 71-12,37.59360534,127.0794008,,,02-2094-2683,서울특별시 중랑구청,2026-02-26
면목본동127-72,1,,서울특별시 중랑구 면목본동 127-72,37.59376158,127.0795253,,,02-2094-2683,서울특별시 중랑구청,2026-02-26
면목본동120-32,1,,서울특별시 중랑구 면목본동 120-32,37.59404495,127.0792424,,,02-2094-2683,서울특별시 중랑구청,2026-02-26
면목본동157-5,1,,서울특별시 중랑구 면목본동 157-5,37.59413209,127.0794946,,,02-2094-2683,서울특별시 중랑구청,2026-02-26
면목본동69-106,1,,서울특별시 중랑구 면목본동 69-106,37.59404877,127.0797359,,,02-2094-2683,서울특별시 중랑구청,2026-02-26
면목본동114-116,1,,서울특별시 중랑구 면목본동 114-116,37.59434153,127.0796962,,,02-2094-2683,서울특별시 중랑구청,2026-02-26
면목본동549-8,1,,서울특별시 중랑구 면목본동 549-8,37.59427594,127.0816674,,,02-2094-2683,서울특별시 중랑구청,2026-02-26
면목본동1163-1,1,,서울특별시 중랑구 면목본동 1163-1,37.59250133,127.082080,,,02-2094-2683,서울특별시 중랑구청,2026-02-26
면목본동97-38,1,,서울특별시 중랑구 면목본동 97-38,37.59295512,127.0837989,,,02-2094-2683,서울특별시 중랑구청,2026-02-26
면목본동96-21,1,,서울특별시 중랑구 면목본동 96-21,37.59534533,127.0830785,,,02-2094-2683,서울특별시 중랑구청,2026-02-26
면목본동1265-2,1,,서울특별시 중랑구 면목본동 1265-2,37.5948096,127.0830808,,,02-2094-2683,서울특별시 중랑구청,2026-02-26
면목본동552-19,1,,서울특별시 중랑구 면목본동 552-19,37.59457622,127.0853895,,,02-2094-2683,서울특별시 중랑구청,2026-02-26
면목본동128-58,1,,서울특별시 중랑구 면목본동 128-58,37.59414965,127.0869198,,,02-2094-2683,서울특별시 중랑구청,2026-02-26
면목본동69-91,1,,서울특별시 중랑구 면목본동 69-91,37.59414965,127.0869198,,,02-2094-2683,서울특별시 중랑구청,2026-02-26
면목본동90-37,1,,서울특별시 중랑구 면목본동 90-37,37.59426462,127.0874078,,,02-2094-2683,서울특별시 중랑구청,2026-02-26
면목본동126-28,1,,서울특별시 중랑구 면목본동 126-28,37.5941948,127.0875142,,,02-2094-2683,서울특별시 중랑구청,2026-02-26
면목본동129-84,1,,서울특별시 중랑구 면목본동 129-84,37.59485369,127.0878836,,,02-2094-2683,서울특별시 중랑구청,2026-02-26
면목본동1503-2,1,,서울특별시 중랑구 면목본동 1503-2,37.59431716,127.0864051,,,02-2094-2683,서울특별시 중랑구청,2026-02-26
면목본동128-60,1,,서울특별시 중랑구 면목본동 128-60,37.59644443,127.0888022,,,02-2094-2683,서울특별시 중랑구청,2026-02-26
면목본동92-88,1,,서울특별시 중랑구 면목본동 92-88,37.5956711,127.0867442,,,02-2094-2683,서울특별시 중랑구청,2026-02-26
면목본동129-69,1,,서울특별시 중랑구 면목본동 129-69,37.59282166,127.0835826,,,02-2094-2683,서울특별시 중랑구청,2026-02-26
면목본동100-26,1,,서울특별시 중랑구 면목본동 100-26,,,,,02-2094-2683,서울특별시 중랑구청,2026-02-26
면목본동128-3,1,,서울특별시 중랑구 면목본동 128-3,37.5953454,127.0836214,,,02-2094-2683,서울특별시 중랑구청,2026-02-26
면목본동102-5,1,,서울특별시 중랑구 면목본동 102-5,37.59680051,127.0892665,,,02-2094-2683,서울특별시 중랑구청,2026-02-26
면목본동129-14,1,,서울특별시 중랑구 면목본동 129-14,37.59652239,127.087565,,,02-2094-2683,서울특별시 중랑구청,2026-02-26
면목본동114-112,1,,서울특별시 중랑구 면목본동 114-112,37.59570469,127.0851611,,,02-2094-2683,서울특별시 중랑구청,2026-02-26
면목본동548-2,1,,서울특별시 중랑구 면목본동 548-2,37.59469732,127.0848781,,,02-2094-2683,서울특별시 중랑구청,2026-02-26
면목본동1139-0,1,,서울특별시 중랑구 면목본동 1139-0,37.59495925,127.0841076,,,02-2094-2683,서울특별시 중랑구청,2026-02-26
면목본동542-26,1,,서울특별시 중랑구 면목본동 542-26,,,,,02-2094-2683,서울특별시 중랑구청,2026-02-26
면목본동63-69,1,,서울특별시 중랑구 면목본동 63-69,37.59303687,127.0751878,,,02-2094-2683,서울특별시 중랑구청,2026-02-26
면목본동63-8,1,,서울특별시 중랑구 면목본동 63-8,37.59578857,127.0888393,,,02-2094-2683,서울특별시 중랑구청,2026-02-26
면목본동110-25,1,,서울특별시 중랑구 면목본동 110-25,37.59351994,127.0761004,,,02-2094-2683,서울특별시 중랑구청,2026-02-26
면목본동99-44,1,,서울특별시 중랑구 면목본동 99-44,37.59275405,127.0763176,,,02-2094-2683,서울특별시 중랑구청,2026-02-26
면목본동550-9,1,,서울특별시 중랑구 면목본동 550-9,37.59361152,127.0814456,,,02-2094-2683,서울특별시 중랑구청,2026-02-26
면목본동543-35,1,,서울특별시 중랑구 면목본동 543-35,37.59595553,127.0877371,,,02-2094-2683,서울특별시 중랑구청,2026-02-26
면목본동540-6,1,,서울특별시 중랑구 면목본동 540-6,37.59601432,127.0875651,,,02-2094-2683,서울특별시 중랑구청,2026-02-26
면목본동68-19,1,,서울특별시 중랑구 면목본동 68-19,37.59257766,127.0762777,,,02-2094-2683,서울특별시 중랑구청,2026-02-26
면목본동89-19,1,,서울특별시 중랑구 면목본동 89-19,37.59401324,127.079906,,,02-2094-2683,서울특별시 중랑구청,2026-02-26
면목본동89-45,1,,서울특별시 중랑구 면목본동 89-45,37.59505181,127.0838074,,,02-2094-2683,서울특별시 중랑구청,2026-02-26
면목본동89-44,1,,서울특별시 중랑구 면목본동 89-44,37.59451189,127.0908165,,,02-2094-2683,서울특별시 중랑구청,2026-02-26
면목본동89-52,1,,서울특별시 중랑구 면목본동 89-52,37.59444109,127.0906725,,,02-2094-2683,서울특별시 중랑구청,2026-02-26
면목본동89-53,1,,서울특별시 중랑구 면목본동 89-53,37.59371533,127.0857539,,,02-2094-2683,서울특별시 중랑구청,2026-02-26
면목본동89-61,1,,서울특별시 중랑구 면목본동 89-61,37.59395914,127.079570,,,02-2094-2683,서울특별시 중랑구청,2026-02-26
면목본동88-75,1,,서울특별시 중랑구 면목본동 88-75,37.59499442,127.0883807,,,02-2094-2683,서울특별시 중랑구청,2026-02-26
면목본동88-78,1,,서울특별시 중랑구 면목본동 88-78,37.59445896,127.0791082,,,02-2094-2683,서울특별시 중랑구청,2026-02-26
면목본동88-83,1,,서울특별시 중랑구 면목본동 88-83,37.59568042,127.0848318,,,02-2094-2683,서울특별시 중랑구청,2026-02-26
면목본동88-80,1,,서울특별시 중랑구 면목본동 88-80,37.59329533,127.0814904,,,02-2094-2683,서울특별시 중랑구청,2026-02-26
면목본동88-68,1,,서울특별시 중랑구 면목본동 88-68,37.59491366,127.0918405,,,02-2094-2683,서울특별시 중랑구청,2026-02-26
면목본동88-66,1,,서울특별시 중랑구 면목본동 88-66,37.5949736,127.0880295,,,02-2094-2683,서울특별시 중랑구청,2026-02-26
면목본동88-49,1,,서울특별시 중랑구 면목본동 88-49,37.5931476,127.0817015,,,02-2094-2683,서울특별시 중랑구청,2026-02-26
면목본동88-11,1,,서울특별시 중랑구 면목본동 88-11,37.59526289,127.0910254,,,02-2094-2683,서울특별시 중랑구청,2026-02-26
면목본동88-30,1,,서울특별시 중랑구 면목본동 88-30,37.59459891,127.0917707,,,02-2094-2683,서울특별시 중랑구청,2026-02-26
면목본동61-2,1,,서울특별시 중랑구 면목본동 61-2,37.59254427,127.0743857,,,02-2094-2683,서울특별시 중랑구청,2026-02-26
면목본동95-38,1,,서울특별시 중랑구 면목본동 95-38,37.59282211,127.0762695,,,02-2094-2683,서울특별시 중랑구청,2026-02-26
면목본동92-50,1,,서울특별시 중랑구 면목본동 92-50,37.59504971,127.0899693,,,02-2094-2683,서울특별시 중랑구청,2026-02-26
면목본동95-2,1,,서울특별시 중랑구 면목본동 95-2,37.59332444,127.0784202,,,02-2094-2683,서울특별시 중랑구청,2026-02-26
면목본동95-40,1,,서울특별시 중랑구 면목본동 95-40,37.59332444,127.0784202,,,02-2094-2683,서울특별시 중랑구청,2026-02-26
면목본동95-29,1,,서울특별시 중랑구 면목본동 95-29,37.59381807,127.085456,,,02-2094-2683,서울특별시 중랑구청,2026-02-26
면목본동95-44,1,,서울특별시 중랑구 면목본동 95-44,37.59457931,127.0886471,,,02-2094-2683,서울특별시 중랑구청,2026-02-26
면목본동95-27,1,,서울특별시 중랑구 면목본동 95-27,37.59347421,127.0768771,,,02-2094-2683,서울특별시 중랑구청,2026-02-26
면목본동209-41,1,,서울특별시 중랑구 면목본동 209-41,37.59425002,127.0894507,,,02-2094-2683,서울특별시 중랑구청,2026-02-26
면목본동209-12,1,,서울특별시 중랑구 면목본동 209-12,37.59485839,127.0853883,,,02-2094-2683,서울특별시 중랑구청,2026-02-26
면목본동209-2,1,,서울특별시 중랑구 면목본동 209-2,37.59355157,127.0856977,,,02-2094-2683,서울특별시 중랑구청,2026-02-26
면목본동209-4,1,,서울특별시 중랑구 면목본동 209-4,37.59352295,127.0756284,,,02-2094-2683,서울특별시 중랑구청,2026-02-26
면목본동92-10,1,,서울특별시 중랑구 면목본동 92-10,37.59233349,127.0735804,,,02-2094-2683,서울특별시 중랑구청,2026-02-26
면목본동92-32,1,,서울특별시 중랑구 면목본동 92-32,37.59373053,127.0844109,,,02-2094-2683,서울특별시 중랑구청,2026-02-26
면목본동92-1,1,,서울특별시 중랑구 면목본동 92-1,37.59411021,127.0831328,,,02-2094-2683,서울특별시 중랑구청,2026-02-26
면목본동92-43,1,,서울특별시 중랑구 면목본동 92-43,37.59424456,127.0831164,,,02-2094-2683,서울특별시 중랑구청,2026-02-26
면목본동92-64,1,,서울특별시 중랑구 면목본동 92-64,37.5938389,127.0813561,,,02-2094-2683,서울특별시 중랑구청,2026-02-26
면목본동92-65,1,,서울특별시 중랑구 면목본동 92-65,37.59444348,127.0815946,,,02-2094-2683,서울특별시 중랑구청,2026-02-26
면목본동92-67,1,,서울특별시 중랑구 면목본동 92-67,37.59243949,127.0739545,,,02-2094-2683,서울특별시 중랑구청,2026-02-26
면목본동92-82,1,,서울특별시 중랑구 면목본동 92-82,37.59526059,127.0882398,,,02-2094-2683,서울특별시 중랑구청,2026-02-26
면목본동92-78,1,,서울특별시 중랑구 면목본동 92-78,37.59475646,127.091466,,,02-2094-2683,서울특별시 중랑구청,2026-02-26
면목본동90-58,1,,서울특별시 중랑구 면목본동 90-58,37.59567528,127.0905362,,,02-2094-2683,서울특별시 중랑구청,2026-02-26
면목본동90-65,1,,서울특별시 중랑구 면목본동 90-65,37.59512501,127.0911673,,,02-2094-2683,서울특별시 중랑구청,2026-02-26
면목본동88-92,1,,서울특별시 중랑구 면목본동 88-92,37.59505648,127.0904178,,,02-2094-2683,서울특별시 중랑구청,2026-02-26
면목본동90-70,1,,서울특별시 중랑구 면목본동 90-70,37.59355523,127.0825834,,,02-2094-2683,서울특별시 중랑구청,2026-02-26
면목본동91-21,1,,서울특별시 중랑구 면목본동 91-21,37.59471072,127.0920088,,,02-2094-2683,서울특별시 중랑구청,2026-02-26
면목본동91-73,1,,서울특별시 중랑구 면목본동 91-73,37.59553614,127.0901076,,,02-2094-2683,서울특별시 중랑구청,2026-02-26
면목본동91-81,1,,서울특별시 중랑구 면목본동 91-81,37.59436376,127.0888282,,,02-2094-2683,서울특별시 중랑구청,2026-02-26
면목본동91-34,1,,서울특별시 중랑구 면목본동 91-34,37.59354467,127.080790,,,02-2094-2683,서울특별시 중랑구청,2026-02-26
면목본동1295,1,,서울특별시 중랑구 면목본동 1295,37.59354467,127.080790,,,02-2094-2683,서울특별시 중랑구청,2026-02-26
면목본동1288-2,1,,서울특별시 중랑구 면목본동 1288-2,37.59369561,127.0820615,,,02-2094-2683,서울특별시 중랑구청,2026-02-26
면목본동1293,1,,서울특별시 중랑구 면목본동 1293,37.5923205,127.0837421,,,02-2094-2683,서울특별시 중랑구청,2026-02-26
면목본동1283,1,,서울특별시 중랑구 면목본동 1283,37.59505833,127.0902404,,,02-2094-2683,서울특별시 중랑구청,2026-02-26
면목본동230-12,1,,서울특별시 중랑구 면목본동 230-12,37.59390209,127.0892909,,,02-2094-2683,서울특별시 중랑구청,2026-02-26
면목본동230-1,1,,서울특별시 중랑구 면목본동 230-1,37.59403985,127.0890572,,,02-2094-2683,서울특별시 중랑구청,2026-02-26
면목본동214-1,1,,서울특별시 중랑구 면목본동 214-1,37.5950956,127.0866789,,,02-2094-2683,서울특별시 중랑구청,2026-02-26
면목본동229-13,1,,서울특별시 중랑구 면목본동 229-13,37.59463417,127.0876947,,,02-2094-2683,서울특별시 중랑구청,2026-02-26
면목본동226-24,1,,서울특별시 중랑구 면목본동 226-24,37.59356242,127.0879663,,,02-2094-2683,서울특별시 중랑구청,2026-02-26
면목본동226-16,1,,서울특별시 중랑구 면목본동 226-16,37.59372588,127.089739,,,02-2094-2683,서울특별시 중랑구청,2026-02-26
면목본동1282-2,1,,서울특별시 중랑구 면목본동 1282-2,37.59463526,127.0888924,,,02-2094-2683,서울특별시 중랑구청,2026-02-26
면목본동1278,1,,서울특별시 중랑구 면목본동 1278,,,,,02-2094-2683,서울특별시 중랑구청,2026-02-26
면목본동1277-2,1,,서울특별시 중랑구 면목본동 1277-2,37.59241158,127.0761781,,,02-2094-2683,서울특별시 중랑구청,2026-02-26
면목본동1276,1,,서울특별시 중랑구 면목본동 1276,37.59279995,127.0776321,,,02-2094-2683,서울특별시 중랑구청,2026-02-26
면목본동233-15,1,,서울특별시 중랑구 면목본동 233-15,37.59414919,127.0918137,,,02-2094-2683,서울특별시 중랑구청,2026-02-26
면목본동233-20,1,,서울특별시 중랑구 면목본동 233-20,37.59744979,127.0882662,,,02-2094-2683,서울특별시 중랑구청,2026-02-26
면목본동233-18,1,,서울특별시 중랑구 면목본동 233-18,37.59393837,127.0829613,,,02-2094-2683,서울특별시 중랑구청,2026-02-26
면목본동233-26,1,,서울특별시 중랑구 면목본동 233-26,37.59428578,127.0853341,,,02-2094-2683,서울특별시 중랑구청,2026-02-26
면목본동121-9,1,,서울특별시 중랑구 면목본동 121-9,37.59404462,127.0908411,,,02-2094-2683,서울특별시 중랑구청,2026-02-26
면목본동121-26,1,,서울특별시 중랑구 면목본동 121-26,37.59388333,127.0903866,,,02-2094-2683,서울특별시 중랑구청,2026-02-26
면목본동97-39,1,,서울특별시 중랑구 면목본동 97-39,37.59503855,127.0927471,,,02-2094-2683,서울특별시 중랑구청,2026-02-26
면목본동233-10,1,,서울특별시 중랑구 면목본동 233-10,37.59199201,127.0745962,,,02-2094-2683,서울특별시 중랑구청,2026-02-26
면목본동97-45,1,,서울특별시 중랑구 면목본동 97-45,37.59447622,127.0877093,,,02-2094-2683,서울특별시 중랑구청,2026-02-26
면목본동97-29,1,,서울특별시 중랑구 면목본동 97-29,37.59393578,127.0817213,,,02-2094-2683,서울특별시 중랑구청,2026-02-26
면목본동97-12,1,,서울특별시 중랑구 면목본동 97-12,37.59393578,127.0817213,,,02-2094-2683,서울특별시 중랑구청,2026-02-26
면목본동9-3,1,,서울특별시 중랑구 면목본동 9-3,37.59407443,127.0793601,,,02-2094-2683,서울특별시 중랑구청,2026-02-26
면목본동98-1,1,,서울특별시 중랑구 면목본동 98-1,37.59462771,127.0840672,,,02-2094-2683,서울특별시 중랑구청,2026-02-26
면목본동98-8,1,,서울특별시 중랑구 면목본동 98-8,37.5943679,127.0840127,,,02-2094-2683,서울특별시 중랑구청,2026-02-26
면목본동98-18,1,,서울특별시 중랑구 면목본동 98-18,37.59404025,127.0843429,,,02-2094-2683,서울특별시 중랑구청,2026-02-26
면목본동98-13,1,,서울특별시 중랑구 면목본동 98-13,37.59261851,127.0832927,,,02-2094-2683,서울특별시 중랑구청,2026-02-26
면목본동98-3,1,,서울특별시 중랑구 면목본동 98-3,37.59336825,127.0848953,,,02-2094-2683,서울특별시 중랑구청,2026-02-26
면목본동98-80,1,,서울특별시 중랑구 면목본동 98-80,37.59486356,127.0849874,,,02-2094-2683,서울특별시 중랑구청,2026-02-26
면목본동98-73,1,,서울특별시 중랑구 면목본동 98-73,37.59317639,127.0762468,,,02-2094-2683,서울특별시 중랑구청,2026-02-26
면목본동98-35,1,,서울특별시 중랑구 면목본동 98-35,37.59357958,127.0843319,,,02-2094-2683,서울특별시 중랑구청,2026-02-26
면목본동98-39,1,,서울특별시 중랑구 면목본동 98-39,37.5934626,127.0822038,,,02-2094-2683,서울특별시 중랑구청,2026-02-26
면목본동98-64,1,,서울특별시 중랑구 면목본동 98-64,37.59471738,127.0837819,,,02-2094-2683,서울특별시 중랑구청,2026-02-26
면목본동98-20,1,,서울특별시 중랑구 면목본동 98-20,37.59600526,127.0872619,,,02-2094-2683,서울특별시 중랑구청,2026-02-26
면목본동99-48,1,,서울특별시 중랑구 면목본동 99-48,,,,,02-2094-2683,서울특별시 중랑구청,2026-02-26
면목본동99-45,1,,서울특별시 중랑구 면목본동 99-45,,,,,02-2094-2683,서울특별시 중랑구청,2026-02-26
면목본동99-39,1,,서울특별시 중랑구 면목본동 99-39,37.59866601,127.0827064,,,02-2094-2683,서울특별시 중랑구청,2026-02-26
면목본동99-34,1,,서울특별시 중랑구 면목본동 99-34,37.59938822,127.0806582,,,02-2094-2683,서울특별시 중랑구청,2026-02-26
면목본동99-15,1,,서울특별시 중랑구 면목본동 99-15,,,,,02-2094-2683,서울특별시 중랑구청,2026-02-26
면목본동99-56,1,,서울특별시 중랑구 면목본동 99-56,37.59811967,127.0822956,,,02-2094-2683,서울특별시 중랑구청,2026-02-26
면목본동99-61,1,,서울특별시 중랑구 면목본동 99-61,37.59837898,127.0824123,,,02-2094-2683,서울특별시 중랑구청,2026-02-26
면목본동99-2,1,,서울특별시 중랑구 면목본동 99-2,37.59821625,127.0821824,,,02-2094-2683,서울특별시 중랑구청,2026-02-26
면목본동86-19,1,,서울특별시 중랑구 면목본동 86-19,37.59859371,127.0819976,,,02-2094-2683,서울특별시 중랑구청,2026-02-26
면목본동86-13,1,,서울특별시 중랑구 면목본동 86-13,37.59857331,127.0816663,,,02-2094-2683,서울특별시 중랑구청,2026-02-26
면목본동86-59,1,,서울특별시 중랑구 면목본동 86-59,37.59857331,127.0816663,,,02-2094-2683,서울특별시 중랑구청,2026-02-26
면목본동86-1,1,,서울특별시 중랑구 면목본동 86-1,37.59846722,127.0814596,,,02-2094-2683,서울특별시 중랑구청,2026-02-26
면목본동87-37,1,,서울특별시 중랑구 면목본동 87-37,37.59839783,127.0810923,,,02-2094-2683,서울특별시 중랑구청,2026-02-26
면목본동87-2,1,,서울특별시 중랑구 면목본동 87-2,37.59862401,127.0813045,,,02-2094-2683,서울특별시 중랑구청,2026-02-26
면목본동87-25,1,,서울특별시 중랑구 면목본동 87-25,37.60039568,127.0836768,,,02-2094-2683,서울특별시 중랑구청,2026-02-26
면목본동87-24,1,,서울특별시 중랑구 면목본동 87-24,37.59829069,127.0807199,,,02-2094-2683,서울특별시 중랑구청,2026-02-26
면목본동86-45,1,,서울특별시 중랑구 면목본동 86-45,37.59836072,127.0809493,,,02-2094-2683,서울특별시 중랑구청,2026-02-26
면목본동86-5,1,,서울특별시 중랑구 면목본동 86-5,37.59826719,127.0805545,,,02-2094-2683,서울특별시 중랑구청,2026-02-26
면목본동74-47,1,,서울특별시 중랑구 면목본동 74-47,37.59865242,127.0804789,,,02-2094-2683,서울특별시 중랑구청,2026-02-26
면목본동74-37,1,,서울특별시 중랑구 면목본동 74-37,37.59902761,127.0807172,,,02-2094-2683,서울특별시 중랑구청,2026-02-26
면목본동100-1,1,,서울특별시 중랑구 면목본동 100-1,37.59922989,127.0804342,,,02-2094-2683,서울특별시 중랑구청,2026-02-26
면목본동100-23,1,,서울특별시 중랑구 면목본동 100-23,37.59944875,127.0809574,,,02-2094-2683,서울특별시 중랑구청,2026-02-26
면목본동100-13,1,,서울특별시 중랑구 면목본동 100-13,37.59926107,127.0808246,,,02-2094-2683,서울특별시 중랑구청,2026-02-26
면목본동100-29,1,,서울특별시 중랑구 면목본동 100-29,37.59921304,127.0811003,,,02-2094-2683,서울특별시 중랑구청,2026-02-26
면목본동100-30,1,,서울특별시 중랑구 면목본동 100-30,37.59917907,127.0809663,,,02-2094-2683,서울특별시 중랑구청,2026-02-26
면목본동101-51,1,,서울특별시 중랑구 면목본동 101-51,,,,,02-2094-2683,서울특별시 중랑구청,2026-02-26
면목본동101-22,1,,서울특별시 중랑구 면목본동 101-22,37.59892932,127.0813583,,,02-2094-2683,서울특별시 중랑구청,2026-02-26
면목본동101-18,1,,서울특별시 중랑구 면목본동 101-18,,,,,02-2094-2683,서울특별시 중랑구청,2026-02-26
면목본동101-41,1,,서울특별시 중랑구 면목본동 101-41,37.59905301,127.0809904,,,02-2094-2683,서울특별시 중랑구청,2026-02-26
면목본동103-11,1,,서울특별시 중랑구 면목본동 103-11,37.59895733,127.0808517,,,02-2094-2683,서울특별시 중랑구청,2026-02-26
면목본동103-4,1,,서울특별시 중랑구 면목본동 103-4,37.59875003,127.0816091,,,02-2094-2683,서울특별시 중랑구청,2026-02-26
면목본동420-423,1,,서울특별시 중랑구 면목본동 420-423,,,,,02-2094-2683,서울특별시 중랑구청,2026-02-26
면목본동102-4,1,,서울특별시 중랑구 면목본동 102-4,37.59918671,127.0819075,,,02-2094-2683,서울특별시 중랑구청,2026-02-26
면목본동102-10,1,,서울특별시 중랑구 면목본동 102-10,37.59935839,127.0815918,,,02-2094-2683,서울특별시 중랑구청,2026-02-26
면목본동102-21,1,,서울특별시 중랑구 면목본동 102-21,37.59953218,127.0818635,,,02-2094-2683,서울특별시 중랑구청,2026-02-26
면목본동102-17,1,,서울특별시 중랑구 면목본동 102-17,,,,,02-2094-2683,서울특별시 중랑구청,2026-02-26
면목본동96-60,1,,서울특별시 중랑구 면목본동 96-60,,,,,02-2094-2683,서울특별시 중랑구청,2026-02-26
면목본동96-49,1,,서울특별시 중랑구 면목본동 96-49,37.59957828,127.0820362,,,02-2094-2683,서울특별시 중랑구청,2026-02-26
면목본동96-47,1,,서울특별시 중랑구 면목본동 96-47,37.59917626,127.082169,,,02-2094-2683,서울특별시 중랑구청,2026-02-26
면목본동1248,1,,서울특별시 중랑구 면목본동 1248,37.5991978,127.082028,,,02-2094-2683,서울특별시 중랑구청,2026-02-26
면목본동96-35,1,,서울특별시 중랑구 면목본동 96-35,37.59905175,127.0821556,,,02-2094-2683,서울특별시 중랑구청,2026-02-26
면목본동96-32,1,,서울특별시 중랑구 면목본동 96-32,37.59889783,127.0824663,,,02-2094-2683,서울특별시 중랑구청,2026-02-26
면목본동96-9,1,,서울특별시 중랑구 면목본동 96-9,37.6060029,127.0813601,,,02-2094-2683,서울특별시 중랑구청,2026-02-26
면목본동96-72,1,,서울특별시 중랑구 면목본동 96-72,37.59926975,127.082867,,,02-2094-2683,서울특별시 중랑구청,2026-02-26
면목본동96-67,1,,서울특별시 중랑구 면목본동 96-67,,,,,02-2094-2683,서울특별시 중랑구청,2026-02-26
면목본동96-96,1,,서울특별시 중랑구 면목본동 96-96,,,,,02-2094-2683,서울특별시 중랑구청,2026-02-26
면목본동96-69,1,,서울특별시 중랑구 면목본동 96-69,,,,,02-2094-2683,서울특별시 중랑구청,2026-02-26
면목본동96-114,1,,서울특별시 중랑구 면목본동 96-114,,,,,02-2094-2683,서울특별시 중랑구청,2026-02-26
면목본동1247-4,1,,서울특별시 중랑구 면목본동 1247-4,37.59966555,127.0828733,,,02-2094-2683,서울특별시 중랑구청,2026-02-26
면목본동1247-2,1,,서울특별시 중랑구 면목본동 1247-2,37.59964906,127.0830006,,,02-2094-2683,서울특별시 중랑구청,2026-02-26
면목본동90-5,1,,서울특별시 중랑구 면목본동 90-5,37.60118303,127.0851043,,,02-2094-2683,서울특별시 중랑구청,2026-02-26
면목본동1245,1,,서울특별시 중랑구 면목본동 1245,37.59937703,127.0832863,,,02-2094-2683,서울특별시 중랑구청,2026-02-26
면목본동1256-3,1,,서울특별시 중랑구 면목본동 1256-3,37.59923377,127.0832816,,,02-2094-2683,서울특별시 중랑구청,2026-02-26
면목본동1258,1,,서울특별시 중랑구 면목본동 1258,37.59927074,127.0836257,,,02-2094-2683,서울특별시 중랑구청,2026-02-26
면목본동87-17,1,,서울특별시 중랑구 면목본동 87-17,37.59925527,127.0839777,,,02-2094-2683,서울특별시 중랑구청,2026-02-26
면목본동1260-1,1,,서울특별시 중랑구 면목본동 1260-1,37.59973247,127.0835419,,,02-2094-2683,서울특별시 중랑구청,2026-02-26
면목본동1260-2,1,,서울특별시 중랑구 면목본동 1260-2,,,,,02-2094-2683,서울특별시 중랑구청,2026-02-26
면목본동1269,1,,서울특별시 중랑구 면목본동 1269,37.59996305,127.0832629,,,02-2094-2683,서울특별시 중랑구청,2026-02-26
면목본동1265-1,1,,서울특별시 중랑구 면목본동 1265-1,37.59999658,127.0829818,,,02-2094-2683,서울특별시 중랑구청,2026-02-26
면목본동236-2,1,,서울특별시 중랑구 면목본동 236-2,37.60017437,127.0829566,,,02-2094-2683,서울특별시 중랑구청,2026-02-26
면목본동1238-,1,,서울특별시 중랑구 면목본동 1238-,37.60019658,127.0832778,,,02-2094-2683,서울특별시 중랑구청,2026-02-26
면목본동1271,1,,서울특별시 중랑구 면목본동 1271,37.60020776,127.0833837,,,02-2094-2683,서울특별시 중랑구청,2026-02-26
면목본동1274,1,,서울특별시 중랑구 면목본동 1274,37.60067853,127.0835126,,,02-2094-2683,서울특별시 중랑구청,2026-02-26
면목본동1234-1,1,,서울특별시 중랑구 면목본동 1234-1,37.60092744,127.0833084,,,02-2094-2683,서울특별시 중랑구청,2026-02-26
면목본동129-58,1,,서울특별시 중랑구 면목본동 129-58,37.6006093,127.0836914,,,02-2094-2683,서울특별시 중랑구청,2026-02-26
면목본동129-63,1,,서울특별시 중랑구 면목본동 129-63,37.60077271,127.0837308,,,02-2094-2683,서울특별시 중랑구청,2026-02-26
면목본동129-72,1,,서울특별시 중랑구 면목본동 129-72,37.6009741,127.0837081,,,02-2094-2683,서울특별시 중랑구청,2026-02-26
면목본동129-86,1,,서울특별시 중랑구 면목본동 129-86,37.60098575,127.0834126,,,02-2094-2683,서울특별시 중랑구청,2026-02-26
면목본동128-28,1,,서울특별시 중랑구 면목본동 128-28,37.60124643,127.0831256,,,02-2094-2683,서울특별시 중랑구청,2026-02-26
면목본동128-46,1,,서울특별시 중랑구 면목본동 128-46,37.60104336,127.0829741,,,02-2094-2683,서울특별시 중랑구청,2026-02-26
면목본동128-45,1,,서울특별시 중랑구 면목본동 128-45,37.60089301,127.0826849,,,02-2094-2683,서울특별시 중랑구청,2026-02-26
면목본동547-26,1,,서울특별시 중랑구 면목본동 547-26,37.6007132,127.0827748,,,02-2094-2683,서울특별시 중랑구청,2026-02-26
면목본동128-48,1,,서울특별시 중랑구 면목본동 128-48,37.60052476,127.0830925,,,02-2094-2683,서울특별시 중랑구청,2026-02-26
면목본동129-95,1,,서울특별시 중랑구 면목본동 129-95,37.60060778,127.0830295,,,02-2094-2683,서울특별시 중랑구청,2026-02-26
면목본동127-45,1,,서울특별시 중랑구 면목본동 127-45,37.60054816,127.0827433,,,02-2094-2683,서울특별시 중랑구청,2026-02-26
면목본동127-3,1,,서울특별시 중랑구 면목본동 127-3,37.60335949,127.0808272,,,02-2094-2683,서울특별시 중랑구청,2026-02-26
면목본동127-28,1,,서울특별시 중랑구 면목본동 127-28,37.60129715,127.0827516,,,02-2094-2683,서울특별시 중랑구청,2026-02-26
면목본동127-31,1,,서울특별시 중랑구 면목본동 127-31,37.60046628,127.0823206,,,02-2094-2683,서울특별시 중랑구청,2026-02-26
면목본동128-9,1,,서울특별시 중랑구 면목본동 128-9,37.60042497,127.082133,,,02-2094-2683,서울특별시 중랑구청,2026-02-26
면목본동127-71,1,,서울특별시 중랑구 면목본동 127-71,37.60029074,127.0818411,,,02-2094-2683,서울특별시 중랑구청,2026-02-26
면목본동127-69,1,,서울특별시 중랑구 면목본동 127-69,37.60020425,127.0817019,,,02-2094-2683,서울특별시 중랑구청,2026-02-26
면목본동127-66,1,,서울특별시 중랑구 면목본동 127-66,37.5999061,127.0817292,,,02-2094-2683,서울특별시 중랑구청,2026-02-26
면목본동126-21,1,,서울특별시 중랑구 면목본동 126-21,37.60008206,127.0817285,,,02-2094-2683,서울특별시 중랑구청,2026-02-26
면목본동126-36,1,,서울특별시 중랑구 면목본동 126-36,37.60029527,127.0820623,,,02-2094-2683,서울특별시 중랑구청,2026-02-26
면목본동126-48,1,,서울특별시 중랑구 면목본동 126-48,37.59998317,127.0818092,,,02-2094-2683,서울특별시 중랑구청,2026-02-26
면목본동126-1,1,,서울특별시 중랑구 면목본동 126-1,37.59884495,127.0830948,,,02-2094-2683,서울특별시 중랑구청,2026-02-26
면목본동120-40,1,,서울특별시 중랑구 면목본동 120-40,37.59881341,127.083357,,,02-2094-2683,서울특별시 중랑구청,2026-02-26
면목본동120-8,1,,서울특별시 중랑구 면목본동 120-8,37.59880136,127.0834506,,,02-2094-2683,서울특별시 중랑구청,2026-02-26
면목본동120-25,1,,서울특별시 중랑구 면목본동 120-25,37.59891333,127.0836108,,,02-2094-2683,서울특별시 중랑구청,2026-02-26
면목본동119-8,1,,서울특별시 중랑구 면목본동 119-8,37.59882829,127.0835919,,,02-2094-2683,서울특별시 중랑구청,2026-02-26
면목본동118-17,1,,서울특별시 중랑구 면목본동 118-17,37.59876483,127.0838849,,,02-2094-2683,서울특별시 중랑구청,2026-02-26
면목본동119-17,1,,서울특별시 중랑구 면목본동 119-17,37.59889122,127.0839083,,,02-2094-2683,서울특별시 중랑구청,2026-02-26
면목본동128-62,1,,서울특별시 중랑구 면목본동 128-62,37.59889101,127.0844569,,,02-2094-2683,서울특별시 중랑구청,2026-02-26
면목본동119-39,1,,서울특별시 중랑구 면목본동 119-39,37.59870646,127.0842515,,,02-2094-2683,서울특별시 중랑구청,2026-02-26
면목본동119-45,1,,서울특별시 중랑구 면목본동 119-45,37.59873725,127.0841487,,,02-2094-2683,서울특별시 중랑구청,2026-02-26
면목본동119-27,1,,서울특별시 중랑구 면목본동 119-27,37.59868563,127.0843934,,,02-2094-2683,서울특별시 중랑구청,2026-02-26
면목본동119-22,1,,서울특별시 중랑구 면목본동 119-22,37.59909135,127.0845174,,,02-2094-2683,서울특별시 중랑구청,2026-02-26
면목본동115-17,1,,서울특별시 중랑구 면목본동 115-17,37.59917061,127.0845546,,,02-2094-2683,서울특별시 중랑구청,2026-02-26
면목본동115-15,1,,서울특별시 중랑구 면목본동 115-15,37.59921142,127.0844381,,,02-2094-2683,서울특별시 중랑구청,2026-02-26
면목본동115-19,1,,서울특별시 중랑구 면목본동 115-19,37.59959509,127.084779,,,02-2094-2683,서울특별시 중랑구청,2026-02-26
면목본동115-20,1,,서울특별시 중랑구 면목본동 115-20,37.59940829,127.0845516,,,02-2094-2683,서울특별시 중랑구청,2026-02-26
면목본동505-15,1,,서울특별시 중랑구 면목본동 505-15,37.59932559,127.0849731,,,02-2094-2683,서울특별시 중랑구청,2026-02-26
면목본동504-10,1,,서울특별시 중랑구 면목본동 504-10,37.59979375,127.0850348,,,02-2094-2683,서울특별시 중랑구청,2026-02-26
면목본동504-35,1,,서울특별시 중랑구 면목본동 504-35,37.60020327,127.0850139,,,02-2094-2683,서울특별시 중랑구청,2026-02-26
면목본동504-33,1,,서울특별시 중랑구 면목본동 504-33,37.60005477,127.0849078,,,02-2094-2683,서울특별시 중랑구청,2026-02-26
면목본동504-20,1,,서울특별시 중랑구 면목본동 504-20,37.59985161,127.0848958,,,02-2094-2683,서울특별시 중랑구청,2026-02-26
면목본동504-15,1,,서울특별시 중랑구 면목본동 504-15,37.599583,127.084927,,,02-2094-2683,서울특별시 중랑구청,2026-02-26
면목본동504-6,1,,서울특별시 중랑구 면목본동 504-6,37.5997388,127.0849039,,,02-2094-2683,서울특별시 중랑구청,2026-02-26
면목본동504-18,1,,서울특별시 중랑구 면목본동 504-18,37.59972825,127.084794,,,02-2094-2683,서울특별시 중랑구청,2026-02-26
면목본동502-11,1,,서울특별시 중랑구 면목본동 502-11,37.59988723,127.084343,,,02-2094-2683,서울특별시 중랑구청,2026-02-26
면목본동502-22,1,,서울특별시 중랑구 면목본동 502-22,37.60116879,127.0849784,,,02-2094-2683,서울특별시 중랑구청,2026-02-26
면목본동502-13,1,,서울특별시 중랑구 면목본동 502-13,37.59980169,127.0840124,,,02-2094-2683,서울특별시 중랑구청,2026-02-26
면목본동502-28,1,,서울특별시 중랑구 면목본동 502-28,37.60003371,127.0839984,,,02-2094-2683,서울특별시 중랑구청,2026-02-26
면목본동501-14,1,,서울특별시 중랑구 면목본동 501-14,37.59938401,127.0839814,,,02-2094-2683,서울특별시 중랑구청,2026-02-26
면목본동501-1,1,,서울특별시 중랑구 면목본동 501-1,37.60019054,127.084162,,,02-2094-2683,서울특별시 중랑구청,2026-02-26
면목본동501-19,1,,서울특별시 중랑구 면목본동 501-19,37.60036915,127.0839883,,,02-2094-2683,서울특별시 중랑구청,2026-02-26
면목본동501-17,1,,서울특별시 중랑구 면목본동 501-17,37.60058664,127.0841248,,,02-2094-2683,서울특별시 중랑구청,2026-02-26
면목본동552-33,1,,서울특별시 중랑구 면목본동 552-33,37.60051015,127.0842532,,,02-2094-2683,서울특별시 중랑구청,2026-02-26
면목본동552-3,1,,서울특별시 중랑구 면목본동 552-3,37.60047708,127.0846377,,,02-2094-2683,서울특별시 중랑구청,2026-02-26
면목본동552-1,1,,서울특별시 중랑구 면목본동 552-1,37.60032855,127.0848246,,,02-2094-2683,서울특별시 중랑구청,2026-02-26
면목본동552-41,1,,서울특별시 중랑구 면목본동 552-41,37.60054822,127.0850598,,,02-2094-2683,서울특별시 중랑구청,2026-02-26
면목본동552-13,1,,서울특별시 중랑구 면목본동 552-13,37.60069979,127.0850337,,,02-2094-2683,서울특별시 중랑구청,2026-02-26
면목본동558-11,1,,서울특별시 중랑구 면목본동 558-11,37.60075149,127.0849312,,,02-2094-2683,서울특별시 중랑구청,2026-02-26
면목본동555-1,1,,서울특별시 중랑구 면목본동 555-1,37.60067728,127.0847608,,,02-2094-2683,서울특별시 중랑구청,2026-02-26
면목본동555-11,1,,서울특별시 중랑구 면목본동 555-11,,,,,02-2094-2683,서울특별시 중랑구청,2026-02-26
면목본동555-28,1,,서울특별시 중랑구 면목본동 555-28,37.60060485,127.0843644,,,02-2094-2683,서울특별시 중랑구청,2026-02-26
면목본동550-1,1,,서울특별시 중랑구 면목본동 550-1,37.60075999,127.0838782,,,02-2094-2683,서울특별시 중랑구청,2026-02-26
면목본동550-12,1,,서울특별시 중랑구 면목본동 550-12,37.60089737,127.0840373,,,02-2094-2683,서울특별시 중랑구청,2026-02-26
면목본동550-32,1,,서울특별시 중랑구 면목본동 550-32,37.60113971,127.0840671,,,02-2094-2683,서울특별시 중랑구청,2026-02-26
면목본동550-2,1,,서울특별시 중랑구 면목본동 550-2,37.60097862,127.0843111,,,02-2094-2683,서울특별시 중랑구청,2026-02-26
면목본동550-17,1,,서울특별시 중랑구 면목본동 550-17,37.60098828,127.0841548,,,02-2094-2683,서울특별시 중랑구청,2026-02-26
면목본동550-22,1,,서울특별시 중랑구 면목본동 550-22,37.60116328,127.0845011,,,02-2094-2683,서울특별시 중랑구청,2026-02-26
면목본동558-1,1,,서울특별시 중랑구 면목본동 558-1,37.60112659,127.0847756,,,02-2094-2683,서울특별시 중랑구청,2026-02-26
면목본동558-7,1,,서울특별시 중랑구 면목본동 558-7,,,,,02-2094-2683,서울특별시 중랑구청,2026-02-26
면목본동558-14,1,,서울특별시 중랑구 면목본동 558-14,,,,,02-2094-2683,서울특별시 중랑구청,2026-02-26
면목본동558-12,1,,서울특별시 중랑구 면목본동 558-12,,,,,02-2094-2683,서울특별시 중랑구청,2026-02-26
면목본동558-28,1,,서울특별시 중랑구 면목본동 558-28,,,,,02-2094-2683,서울특별시 중랑구청,2026-02-26
면목본동548-34,1,,서울특별시 중랑구 면목본동 548-34,,,,,02-2094-2683,서울특별시 중랑구청,2026-02-26
면목본동548-32,1,,서울특별시 중랑구 면목본동 548-32,,,,,02-2094-2683,서울특별시 중랑구청,2026-02-26
면목본동548-30,1,,서울특별시 중랑구 면목본동 548-30,,,,,02-2094-2683,서울특별시 중랑구청,2026-02-26
면목본동1531,1,,서울특별시 중랑구 면목본동 1531,,,,,02-2094-2683,서울특별시 중랑구청,2026-02-26
면목본동542-23,1,,서울특별시 중랑구 면목본동 542-23,37.60202219,127.0856313,,,02-2094-2683,서울특별시 중랑구청,2026-02-26
면목본동548-1,1,,서울특별시 중랑구 면목본동 548-1,37.60214061,127.0853478,,,02-2094-2683,서울특별시 중랑구청,2026-02-26
면목본동549-6,1,,서울특별시 중랑구 면목본동 549-6,37.60239201,127.0858002,,,02-2094-2683,서울특별시 중랑구청,2026-02-26
면목본동549-1,1,,서울특별시 중랑구 면목본동 549-1,37.60361154,127.0854262,,,02-2094-2683,서울특별시 중랑구청,2026-02-26
면목본동549-5,1,,서울특별시 중랑구 면목본동 549-5,37.60204176,127.0857323,,,02-2094-2683,서울특별시 중랑구청,2026-02-26
면목본동549-24,1,,서울특별시 중랑구 면목본동 549-24,37.60189251,127.0859192,,,02-2094-2683,서울특별시 중랑구청,2026-02-26
면목본동546-40,1,,서울특별시 중랑구 면목본동 546-40,37.60199864,127.0862932,,,02-2094-2683,서울특별시 중랑구청,2026-02-26
면목본동546-61,1,,서울특별시 중랑구 면목본동 546-61,37.60203454,127.0863681,,,02-2094-2683,서울특별시 중랑구청,2026-02-26
면목본동546-64,1,,서울특별시 중랑구 면목본동 546-64,37.60196257,127.0868315,,,02-2094-2683,서울특별시 중랑구청,2026-02-26
면목본동546-21,1,,서울특별시 중랑구 면목본동 546-21,37.60178372,127.0867153,,,02-2094-2683,서울특별시 중랑구청,2026-02-26
면목본동546-13,1,,서울특별시 중랑구 면목본동 546-13,,,,,02-2094-2683,서울특별시 중랑구청,2026-02-26
면목본동549-13,1,,서울특별시 중랑구 면목본동 549-13,,,,,02-2094-2683,서울특별시 중랑구청,2026-02-26
면목본동546-45,1,,서울특별시 중랑구 면목본동 546-45,37.60223329,127.0827352,,,02-2094-2683,서울특별시 중랑구청,2026-02-26
면목본동546-28,1,,서울특별시 중랑구 면목본동 546-28,37.60075215,127.0863795,,,02-2094-2683,서울특별시 중랑구청,2026-02-26
면목본동546-34,1,,서울특별시 중랑구 면목본동 546-34,37.60111389,127.0856478,,,02-2094-2683,서울특별시 중랑구청,2026-02-26
면목본동547-40,1,,서울특별시 중랑구 면목본동 547-40,37.60086375,127.0831608,,,02-2094-2683,서울특별시 중랑구청,2026-02-26
면목본동547-21,1,,서울특별시 중랑구 면목본동 547-21,37.60066128,127.0860808,,,02-2094-2683,서울특별시 중랑구청,2026-02-26
면목본동547-23,1,,서울특별시 중랑구 면목본동 547-23,37.60028977,127.0859944,,,02-2094-2683,서울특별시 중랑구청,2026-02-26
면목본동547-31,1,,서울특별시 중랑구 면목본동 547-31,37.60012336,127.0859875,,,02-2094-2683,서울특별시 중랑구청,2026-02-26
면목본동547-30,1,,서울특별시 중랑구 면목본동 547-30,37.60024812,127.0855419,,,02-2094-2683,서울특별시 중랑구청,2026-02-26
면목본동547-16,1,,서울특별시 중랑구 면목본동 547-16,37.60011114,127.0856946,,,02-2094-2683,서울특별시 중랑구청,2026-02-26
면목본동543-52,1,,서울특별시 중랑구 면목본동 543-52,37.5999127,127.0855135,,,02-2094-2683,서울특별시 중랑구청,2026-02-26
면목본동543-1,1,,서울특별시 중랑구 면목본동 543-1,37.59983211,127.085437,,,02-2094-2683,서울특별시 중랑구청,2026-02-26
면목본동542-29,1,,서울특별시 중랑구 면목본동 542-29,37.60006228,127.0858664,,,02-2094-2683,서울특별시 중랑구청,2026-02-26
면목본동542-11,1,,서울특별시 중랑구 면목본동 542-11,37.60046968,127.0852804,,,02-2094-2683,서울특별시 중랑구청,2026-02-26
면목본동542-48,1,,서울특별시 중랑구 면목본동 542-48,37.60071447,127.0852959,,,02-2094-2683,서울특별시 중랑구청,2026-02-26
면목본동542-44,1,,서울특별시 중랑구 면목본동 542-44,37.6011166,127.0855095,,,02-2094-2683,서울특별시 중랑구청,2026-02-26
면목본동542-52,1,,서울특별시 중랑구 면목본동 542-52,,,,,02-2094-2683,서울특별시 중랑구청,2026-02-26
면목본동542-35,1,,서울특별시 중랑구 면목본동 542-35,,,,,02-2094-2683,서울특별시 중랑구청,2026-02-26
면목본동506-42,1,,서울특별시 중랑구 면목본동 506-42,,,,,02-2094-2683,서울특별시 중랑구청,2026-02-26
면목본동506-37,1,,서울특별시 중랑구 면목본동 506-37,37.60073158,127.0854315,,,02-2094-2683,서울특별시 중랑구청,2026-02-26
면목본동506-24,1,,서울특별시 중랑구 면목본동 506-24,37.60047076,127.0855237,,,02-2094-2683,서울특별시 중랑구청,2026-02-26
면목본동506-15,1,,서울특별시 중랑구 면목본동 506-15,,,,,02-2094-2683,서울특별시 중랑구청,2026-02-26
면목본동506-54,1,,서울특별시 중랑구 면목본동 506-54,,,,,02-2094-2683,서울특별시 중랑구청,2026-02-26
면목본동506-53,1,,서울특별시 중랑구 면목본동 506-53,37.60141811,127.0830661,,,02-2094-2683,서울특별시 중랑구청,2026-02-26
면목본동540-10,1,,서울특별시 중랑구 면목본동 540-10,37.60082844,127.0818664,,,02-2094-2683,서울특별시 중랑구청,2026-02-26
면목본동540-28,1,,서울특별시 중랑구 면목본동 540-28,37.60099918,127.0822454,,,02-2094-2683,서울특별시 중랑구청,2026-02-26
면목본동539-4,1,,서울특별시 중랑구 면목본동 539-4,,,,,02-2094-2683,서울특별시 중랑구청,2026-02-26
면목본동118-3,1,,서울특별시 중랑구 면목본동 118-3,37.60132472,127.0822283,,,02-2094-2683,서울특별시 중랑구청,2026-02-26
면목본동118-19,1,,서울특별시 중랑구 면목본동 118-19,37.60143505,127.0826693,,,02-2094-2683,서울특별시 중랑구청,2026-02-26
면목본동118-32,1,,서울특별시 중랑구 면목본동 118-32,37.60130529,127.0815332,,,02-2094-2683,서울특별시 중랑구청,2026-02-26
면목본동118-29,1,,서울특별시 중랑구 면목본동 118-29,37.60084069,127.0816004,,,02-2094-2683,서울특별시 중랑구청,2026-02-26
면목본동118-24,1,,서울특별시 중랑구 면목본동 118-24,37.60101861,127.0815197,,,02-2094-2683,서울특별시 중랑구청,2026-02-26
면목본동118-35,1,,서울특별시 중랑구 면목본동 118-35,37.60073543,127.0816463,,,02-2094-2683,서울특별시 중랑구청,2026-02-26
면목본동118-42,1,,서울특별시 중랑구 면목본동 118-42,37.60135986,127.0811903,,,02-2094-2683,서울특별시 중랑구청,2026-02-26
면목본동539-24,1,,서울특별시 중랑구 면목본동 539-24,37.60126475,127.0810117,,,02-2094-2683,서울특별시 중랑구청,2026-02-26
면목본동539-17,1,,서울특별시 중랑구 면목본동 539-17,37.60117128,127.080661,,,02-2094-2683,서울특별시 중랑구청,2026-02-26
면목본동506-30,1,,서울특별시 중랑구 면목본동 506-30,,,,,02-2094-2683,서울특별시 중랑구청,2026-02-26
면목본동506-20,1,,서울특별시 중랑구 면목본동 506-20,37.59999472,127.0813877,,,02-2094-2683,서울특별시 중랑구청,2026-02-26
면목본동506-51,1,,서울특별시 중랑구 면목본동 506-51,37.60294591,127.0849745,,,02-2094-2683,서울특별시 중랑구청,2026-02-26
면목본동506-2,1,,서울특별시 중랑구 면목본동 506-2,37.60300826,127.0851023,,,02-2094-2683,서울특별시 중랑구청,2026-02-26
면목본동116-1,1,,서울특별시 중랑구 면목본동 116-1,37.60319125,127.0849672,,,02-2094-2683,서울특별시 중랑구청,2026-02-26
면목본동116-10,1,,서울특별시 중랑구 면목본동 116-10,37.60293675,127.0853036,,,02-2094-2683,서울특별시 중랑구청,2026-02-26
면목본동116-15,1,,서울특별시 중랑구 면목본동 116-15,37.60287347,127.0856019,,,02-2094-2683,서울특별시 중랑구청,2026-02-26
면목본동117-3,1,,서울특별시 중랑구 면목본동 117-3,37.60306863,127.0857104,,,02-2094-2683,서울특별시 중랑구청,2026-02-26
면목본동129-40,1,,서울특별시 중랑구 면목본동 129-40,37.60338159,127.0856553,,,02-2094-2683,서울특별시 중랑구청,2026-02-26
면목본동1288,1,,서울특별시 중랑구 면목본동 1288,37.60365102,127.0859757,,,02-2094-2683,서울특별시 중랑구청,2026-02-26
면목본동100-31,1,,서울특별시 중랑구 면목본동 100-31,37.60365102,127.0859757,,,02-2094-2683,서울특별시 중랑구청,2026-02-26
면목본동100-38,1,,서울특별시 중랑구 면목본동 100-38,37.60375784,127.0850079,,,02-2094-2683,서울특별시 중랑구청,2026-02-26
면목본동98-71,1,,서울특별시 중랑구 면목본동 98-71,37.60370853,127.0853229,,,02-2094-2683,서울특별시 중랑구청,2026-02-26
면목본동549-9,1,,서울특별시 중랑구 면목본동 549-9,37.60360366,127.0850564,,,02-2094-2683,서울특별시 중랑구청,2026-02-26
면목본동100-39,1,,서울특별시 중랑구 면목본동 100-39,37.60336742,127.0853164,,,02-2094-2683,서울특별시 중랑구청,2026-02-26
면목본동92-23,1,,서울특별시 중랑구 면목본동 92-23,,,,,02-2094-2683,서울특별시 중랑구청,2026-02-26
면목본동101-1,1,,서울특별시 중랑구 면목본동 101-1,,,,,02-2094-2683,서울특별시 중랑구청,2026-02-26
면목본동96-4,1,,서울특별시 중랑구 면목본동 96-4,37.60339593,127.0859982,,,02-2094-2683,서울특별시 중랑구청,2026-02-26
면목본동91-15,1,,서울특별시 중랑구 면목본동 91-15,37.60321014,127.086016,,,02-2094-2683,서울특별시 중랑구청,2026-02-26
면목본동89-32,1,,서울특별시 중랑구 면목본동 89-32,37.60302623,127.0860411,,,02-2094-2683,서울특별시 중랑구청,2026-02-26
면목본동69-105,1,,서울특별시 중랑구 면목본동 69-105,37.6030623,127.0848747,,,02-2094-2683,서울특별시 중랑구청,2026-02-26
면목본동1183-1,1,,서울특별시 중랑구 면목본동 1183-1,37.60652113,127.0821647,,,02-2094-2683,서울특별시 중랑구청,2026-02-26
면목본동220-3,1,,서울특별시 중랑구 면목본동 220-3,37.60111389,127.0856478,,,02-2094-2683,서울특별시 중랑구청,2026-02-26
면목본동89-9,1,,서울특별시 중랑구 면목본동 89-9,37.60306655,127.0842283,,,02-2094-2683,서울특별시 중랑구청,2026-02-26
면목본동504-5,1,,서울특별시 중랑구 면목본동 504-5,37.60276844,127.0841846,,,02-2094-2683,서울특별시 중랑구청,2026-02-26
면목본동92-69,1,,서울특별시 중랑구 면목본동 92-69,,,,,02-2094-2683,서울특별시 중랑구청,2026-02-26
면목본동1171-1,1,,서울특별시 중랑구 면목본동 1171-1,37.60220999,127.0839608,,,02-2094-2683,서울특별시 중랑구청,2026-02-26
면목본동115-18,1,,서울특별시 중랑구 면목본동 115-18,37.60245795,127.084319,,,02-2094-2683,서울특별시 중랑구청,2026-02-26
면목본동184-7,1,,서울특별시 중랑구 면목본동 184-7,37.60264449,127.0843935,,,02-2094-2683,서울특별시 중랑구청,2026-02-26
면목본동1206,1,,서울특별시 중랑구 면목본동 1206,,,,,02-2094-2683,서울특별시 중랑구청,2026-02-26
면목본동104-4,1,,서울특별시 중랑구 면목본동 104-4,37.60298889,127.0834586,,,02-2094-2683,서울특별시 중랑구청,2026-02-26
면목본동501-11,1,,서울특별시 중랑구 면목본동 501-11,37.60305748,127.0838084,,,02-2094-2683,서울특별시 중랑구청,2026-02-26
면목본동546-50,1,,서울특별시 중랑구 면목본동 546-50,,,,,02-2094-2683,서울특별시 중랑구청,2026-02-26
면목본동126-41,1,,서울특별시 중랑구 면목본동 126-41,37.6035511,127.0837196,,,02-2094-2683,서울특별시 중랑구청,2026-02-26
면목본동1255-2,1,,서울특별시 중랑구 면목본동 1255-2,37.60412585,127.083581,,,02-2094-2683,서울특별시 중랑구청,2026-02-26
면목본동1297,1,,서울특별시 중랑구 면목본동 1297,37.60421282,127.0838078,,,02-2094-2683,서울특별시 중랑구청,2026-02-26
면목본동506-18,1,,서울특별시 중랑구 면목본동 506-18,37.60421282,127.0838078,,,02-2094-2683,서울특별시 중랑구청,2026-02-26
면목본동92-8,1,,서울특별시 중랑구 면목본동 92-8,37.60382128,127.0826094,,,02-2094-2683,서울특별시 중랑구청,2026-02-26
면목본동87-5,1,,서울특별시 중랑구 면목본동 87-5,37.60371186,127.0830438,,,02-2094-2683,서울특별시 중랑구청,2026-02-26
면목본동126-22,1,,서울특별시 중랑구 면목본동 126-22,37.60323772,127.0828521,,,02-2094-2683,서울특별시 중랑구청,2026-02-26
면목본동117-10,1,,서울특별시 중랑구 면목본동 117-10,37.60323772,127.0828521,,,02-2094-2683,서울특별시 중랑구청,2026-02-26
면목본동90-50,1,,서울특별시 중랑구 면목본동 90-50,37.60320216,127.0824166,,,02-2094-2683,서울특별시 중랑구청,2026-02-26
면목본동115-11,1,,서울특별시 중랑구 면목본동 115-11,37.60311876,127.0824998,,,02-2094-2683,서울특별시 중랑구청,2026-02-26
면목본동90-42,1,,서울특별시 중랑구 면목본동 90-42,37.60291428,127.0829616,,,02-2094-2683,서울특별시 중랑구청,2026-02-26
면목본동1268,1,,서울특별시 중랑구 면목본동 1268,37.60271975,127.0829688,,,02-2094-2683,서울특별시 중랑구청,2026-02-26
면목본동89-65,1,,서울특별시 중랑구 면목본동 89-65,37.60271901,127.0832491,,,02-2094-2683,서울특별시 중랑구청,2026-02-26
면목본동408-13,1,,서울특별시 중랑구 면목본동 408-13,37.60253906,127.0831515,,,02-2094-2683,서울특별시 중랑구청,2026-02-26
면목본동107-16,1,,서울특별시 중랑구 면목본동 107-16,37.60239667,127.0828077,,,02-2094-2683,서울특별시 중랑구청,2026-02-26
면목본동548-12,1,,서울특별시 중랑구 면목본동 548-12,,,,,02-2094-2683,서울특별시 중랑구청,2026-02-26
면목본동99-70,1,,서울특별시 중랑구 면목본동 99-70,37.60204921,127.083125,,,02-2094-2683,서울특별시 중랑구청,2026-02-26
면목본동555-7,1,,서울특별시 중랑구 면목본동 555-7,37.60218685,127.0836819,,,02-2094-2683,서울특별시 중랑구청,2026-02-26
면목본동66-86,1,,서울특별시 중랑구 면목본동 66-86,37.60246884,127.0835853,,,02-2094-2683,서울특별시 중랑구청,2026-02-26
면목본동540-49,1,,서울특별시 중랑구 면목본동 540-49,37.60284713,127.082609,,,02-2094-2683,서울특별시 중랑구청,2026-02-26
면목본동89-74,1,,서울특별시 중랑구 면목본동 89-74,37.60268485,127.0827471,,,02-2094-2683,서울특별시 중랑구청,2026-02-26
면목본동89-4,1,,서울특별시 중랑구 면목본동 89-4,37.60276422,127.0824992,,,02-2094-2683,서울특별시 중랑구청,2026-02-26
면목본동89-16,1,,서울특별시 중랑구 면목본동 89-16,37.60292206,127.0825216,,,02-2094-2683,서울특별시 중랑구청,2026-02-26
면목본동89-49,1,,서울특별시 중랑구 면목본동 89-49,37.60322417,127.0817411,,,02-2094-2683,서울특별시 중랑구청,2026-02-26
면목본동89-57,1,,서울특별시 중랑구 면목본동 89-57,37.60331473,127.0814652,,,02-2094-2683,서울특별시 중랑구청,2026-02-26
면목본동88-84,1,,서울특별시 중랑구 면목본동 88-84,37.60363641,127.0818063,,,02-2094-2683,서울특별시 중랑구청,2026-02-26
면목본동88-4,1,,서울특별시 중랑구 면목본동 88-4,,,,,02-2094-2683,서울특별시 중랑구청,2026-02-26
면목본동95-31,1,,서울특별시 중랑구 면목본동 95-31,37.60356518,127.0825409,,,02-2094-2683,서울특별시 중랑구청,2026-02-26
면목본동95-49,1,,서울특별시 중랑구 면목본동 95-49,37.60343221,127.0821266,,,02-2094-2683,서울특별시 중랑구청,2026-02-26
면목본동95-15,1,,서울특별시 중랑구 면목본동 95-15,,,,,02-2094-2683,서울특별시 중랑구청,2026-02-26
면목본동95-36,1,,서울특별시 중랑구 면목본동 95-36,37.60274931,127.0816591,,,02-2094-2683,서울특별시 중랑구청,2026-02-26
면목본동92-14,1,,서울특별시 중랑구 면목본동 92-14,37.60235149,127.0813167,,,02-2094-2683,서울특별시 중랑구청,2026-02-26
면목본동92-6,1,,서울특별시 중랑구 면목본동 92-6,37.60217918,127.0813824,,,02-2094-2683,서울특별시 중랑구청,2026-02-26
면목본동88-90,1,,서울특별시 중랑구 면목본동 88-90,37.60200768,127.0810394,,,02-2094-2683,서울특별시 중랑구청,2026-02-26
면목본동95-17,1,,서울특별시 중랑구 면목본동 95-17,37.60178026,127.0813191,,,02-2094-2683,서울특별시 중랑구청,2026-02-26
면목본동209-30,1,,서울특별시 중랑구 면목본동 209-30,37.60191711,127.0809469,,,02-2094-2683,서울특별시 중랑구청,2026-02-26
면목본동209-11,1,,서울특별시 중랑구 면목본동 209-11,37.60201482,127.0807539,,,02-2094-2683,서울특별시 중랑구청,2026-02-26
면목본동211-1,1,,서울특별시 중랑구 면목본동 211-1,37.60226395,127.0807363,,,02-2094-2683,서울특별시 중랑구청,2026-02-26
면목본동92-49,1,,서울특별시 중랑구 면목본동 92-49,37.60186814,127.0804759,,,02-2094-2683,서울특별시 중랑구청,2026-02-26
면목본동92-4,1,,서울특별시 중랑구 면목본동 92-4,37.60196384,127.080456,,,02-2094-2683,서울특별시 중랑구청,2026-02-26
면목본동92-41,1,,서울특별시 중랑구 면목본동 92-41,37.60194679,127.0819322,,,02-2094-2683,서울특별시 중랑구청,2026-02-26
면목본동92-56,1,,서울특별시 중랑구 면목본동 92-56,37.60191957,127.0821995,,,02-2094-2683,서울특별시 중랑구청,2026-02-26
면목본동90-3,1,,서울특별시 중랑구 면목본동 90-3,37.60188627,127.0822864,,,02-2094-2683,서울특별시 중랑구청,2026-02-26
면목본동90-13,1,,서울특별시 중랑구 면목본동 90-13,37.60185124,127.0825191,,,02-2094-2683,서울특별시 중랑구청,2026-02-26
면목본동90-20,1,,서울특별시 중랑구 면목본동 90-20,37.60212062,127.0825444,,,02-2094-2683,서울특별시 중랑구청,2026-02-26
면목본동90-28,1,,서울특별시 중랑구 면목본동 90-28,37.6023581,127.0827004,,,02-2094-2683,서울특별시 중랑구청,2026-02-26
면목본동90-38,1,,서울특별시 중랑구 면목본동 90-38,,,,,02-2094-2683,서울특별시 중랑구청,2026-02-26
면목본동91-13,1,,서울특별시 중랑구 면목본동 91-13,37.60228215,127.082175,,,02-2094-2683,서울특별시 중랑구청,2026-02-26
면목본동91-23,1,,서울특별시 중랑구 면목본동 91-23,37.60254132,127.0818553,,,02-2094-2683,서울특별시 중랑구청,2026-02-26
면목본동91-40,1,,서울특별시 중랑구 면목본동 91-40,,,,,02-2094-2683,서울특별시 중랑구청,2026-02-26
면목본동91-79,1,,서울특별시 중랑구 면목본동 91-79,37.60283605,127.0811807,,,02-2094-2683,서울특별시 중랑구청,2026-02-26
면목본동91-78,1,,서울특별시 중랑구 면목본동 91-78,37.60298096,127.0810055,,,02-2094-2683,서울특별시 중랑구청,2026-02-26
면목본동91-49,1,,서울특별시 중랑구 면목본동 91-49,37.60293911,127.0806637,,,02-2094-2683,서울특별시 중랑구청,2026-02-26
면목본동89-2,1,,서울특별시 중랑구 면목본동 89-2,37.60322419,127.0809197,,,02-2094-2683,서울특별시 중랑구청,2026-02-26
면목본동1288-3,1,,서울특별시 중랑구 면목본동 1288-3,37.60322419,127.0809197,,,02-2094-2683,서울특별시 중랑구청,2026-02-26
면목본동1294-3,1,,서울특별시 중랑구 면목본동 1294-3,37.60335318,127.0805756,,,02-2094-2683,서울특별시 중랑구청,2026-02-26
면목본동230-22,1,,서울특별시 중랑구 면목본동 230-22,37.6037538,127.0806415,,,02-2094-2683,서울특별시 중랑구청,2026-02-26
면목본동230-11,1,,서울특별시 중랑구 면목본동 230-11,37.60388636,127.0804814,,,02-2094-2683,서울특별시 중랑구청,2026-02-26
면목본동225-5,1,,서울특별시 중랑구 면목본동 225-5,37.60403621,127.0805855,,,02-2094-2683,서울특별시 중랑구청,2026-02-26
면목본동233-2,1,,서울특별시 중랑구 면목본동 233-2,37.60481461,127.0836541,,,02-2094-2683,서울특별시 중랑구청,2026-02-26
면목본동234-4,1,,서울특별시 중랑구 면목본동 234-4,37.60399558,127.0822848,,,02-2094-2683,서울특별시 중랑구청,2026-02-26
면목본동233-24,1,,서울특별시 중랑구 면목본동 233-24,37.60259942,127.0810942,,,02-2094-2683,서울특별시 중랑구청,2026-02-26
면목본동121-4,1,,서울특별시 중랑구 면목본동 121-4,37.60236752,127.080938,,,02-2094-2683,서울특별시 중랑구청,2026-02-26
면목본동97-34,1,,서울특별시 중랑구 면목본동 97-34,37.60258013,127.0808367,,,02-2094-2683,서울특별시 중랑구청,2026-02-26
면목본동97-43,1,,서울특별시 중랑구 면목본동 97-43,37.60218245,127.0804225,,,02-2094-2683,서울특별시 중랑구청,2026-02-26
면목본동97-22,1,,서울특별시 중랑구 면목본동 97-22,37.6020703,127.0801167,,,02-2094-2683,서울특별시 중랑구청,2026-02-26
면목본동97-8,1,,서울특별시 중랑구 면목본동 97-8,37.6020703,127.0801167,,,02-2094-2683,서울특별시 중랑구청,2026-02-26
면목본동98-57,1,,서울특별시 중랑구 면목본동 98-57,37.60390693,127.0801718,,,02-2094-2683,서울특별시 중랑구청,2026-02-26
면목본동98-22,1,,서울특별시 중랑구 면목본동 98-22,37.60399691,127.0798232,,,02-2094-2683,서울특별시 중랑구청,2026-02-26
면목본동98-45,1,,서울특별시 중랑구 면목본동 98-45,37.60377812,127.0798569,,,02-2094-2683,서울특별시 중랑구청,2026-02-26
면목본동98-51,1,,서울특별시 중랑구 면목본동 98-51,37.60357499,127.0796689,,,02-2094-2683,서울특별시 중랑구청,2026-02-26
면목본동98-72,1,,서울특별시 중랑구 면목본동 98-72,37.60338046,127.0796795,,,02-2094-2683,서울특별시 중랑구청,2026-02-26
면목본동68-30,1,,서울특별시 중랑구 면목본동 68-30,37.60309477,127.0799237,,,02-2094-2683,서울특별시 중랑구청,2026-02-26
면목본동98-27,1,,서울특별시 중랑구 면목본동 98-27,37.60312142,127.0803529,,,02-2094-2683,서울특별시 중랑구청,2026-02-26
면목본동86-65,1,,서울특별시 중랑구 면목본동 86-65,37.60349804,127.0801985,,,02-2094-2683,서울특별시 중랑구청,2026-02-26
면목본동98-58,1,,서울특별시 중랑구 면목본동 98-58,37.6038238,127.080123,,,02-2094-2683,서울특별시 중랑구청,2026-02-26
면목본동99-36,1,,서울특별시 중랑구 면목본동 99-36,,,,,02-2094-2683,서울특별시 중랑구청,2026-02-26
면목본동99-31,1,,서울특별시 중랑구 면목본동 99-31,37.60436946,127.0799654,,,02-2094-2683,서울특별시 중랑구청,2026-02-26
면목본동99-18,1,,서울특별시 중랑구 면목본동 99-18,37.60448007,127.079753,,,02-2094-2683,서울특별시 중랑구청,2026-02-26
면목본동99-10,1,,서울특별시 중랑구 면목본동 99-10,37.60465545,127.0799435,,,02-2094-2683,서울특별시 중랑구청,2026-02-26
면목본동99-13,1,,서울특별시 중랑구 면목본동 99-13,37.60524697,127.0803105,,,02-2094-2683,서울특별시 중랑구청,2026-02-26
면목본동99-72,1,,서울특별시 중랑구 면목본동 99-72,37.60513999,127.0803547,,,02-2094-2683,서울특별시 중랑구청,2026-02-26
면목본동99-6,1,,서울특별시 중랑구 면목본동 99-6,37.6047116,127.0803169,,,02-2094-2683,서울특별시 중랑구청,2026-02-26
면목본동99-3,1,,서울특별시 중랑구 면목본동 99-3,37.59870781,127.0824664,,,02-2094-2683,서울특별시 중랑구청,2026-02-26
면목본동99-83,1,,서울특별시 중랑구 면목본동 99-83,37.60443355,127.0805827,,,02-2094-2683,서울특별시 중랑구청,2026-02-26
면목본동99-84,1,,서울특별시 중랑구 면목본동 99-84,37.60545283,127.0804638,,,02-2094-2683,서울특별시 중랑구청,2026-02-26
면목본동99-78,1,,서울특별시 중랑구 면목본동 99-78,37.605147,127.080644,,,02-2094-2683,서울특별시 중랑구청,2026-02-26
면목본동99-68,1,,서울특별시 중랑구 면목본동 99-68,37.60514757,127.0804798,,,02-2094-2683,서울특별시 중랑구청,2026-02-26
면목본동86-8,1,,서울특별시 중랑구 면목본동 86-8,37.60498863,127.0804827,,,02-2094-2683,서울특별시 중랑구청,2026-02-26
면목본동86-22,1,,서울특별시 중랑구 면목본동 86-22,37.60487074,127.0806798,,,02-2094-2683,서울특별시 중랑구청,2026-02-26
면목본동86-55,1,,서울특별시 중랑구 면목본동 86-55,37.60535089,127.0807928,,,02-2094-2683,서울특별시 중랑구청,2026-02-26
면목본동87-36,1,,서울특별시 중랑구 면목본동 87-36,37.60494914,127.0822128,,,02-2094-2683,서울특별시 중랑구청,2026-02-26
면목본동87-42,1,,서울특별시 중랑구 면목본동 87-42,37.60527112,127.0821378,,,02-2094-2683,서울특별시 중랑구청,2026-02-26
면목본동87-56,1,,서울특별시 중랑구 면목본동 87-56,37.60578637,127.0817865,,,02-2094-2683,서울특별시 중랑구청,2026-02-26
면목본동87-13,1,,서울특별시 중랑구 면목본동 87-13,37.60572935,127.0813798,,,02-2094-2683,서울특별시 중랑구청,2026-02-26
면목본동87-9,1,,서울특별시 중랑구 면목본동 87-9,37.60567295,127.0809844,,,02-2094-2683,서울특별시 중랑구청,2026-02-26
면목본동87-59,1,,서울특별시 중랑구 면목본동 87-59,37.60571119,127.0807918,,,02-2094-2683,서울특별시 중랑구청,2026-02-26
면목본동74-5,1,,서울특별시 중랑구 면목본동 74-5,37.60585393,127.0810189,,,02-2094-2683,서울특별시 중랑구청,2026-02-26
면목본동74-23,1,,서울특별시 중랑구 면목본동 74-23,37.60606923,127.0812116,,,02-2094-2683,서울특별시 중랑구청,2026-02-26
면목본동74-26,1,,서울특별시 중랑구 면목본동 74-26,37.606159,127.0812955,,,02-2094-2683,서울특별시 중랑구청,2026-02-26
면목본동74-31,1,,서울특별시 중랑구 면목본동 74-31,37.60601748,127.0815234,,,02-2094-2683,서울특별시 중랑구청,2026-02-26
면목본동74-50,1,,서울특별시 중랑구 면목본동 74-50,37.6062482,127.0814165,,,02-2094-2683,서울특별시 중랑구청,2026-02-26
면목본동74-48,1,,서울특별시 중랑구 면목본동 74-48,37.60633241,127.0814743,,,02-2094-2683,서울특별시 중랑구청,2026-02-26
면목본동74-44,1,,서울특별시 중랑구 면목본동 74-44,37.60635082,127.0816925,,,02-2094-2683,서울특별시 중랑구청,2026-02-26
면목본동74-42,1,,서울특별시 중랑구 면목본동 74-42,37.60659105,127.081907,,,02-2094-2683,서울특별시 중랑구청,2026-02-26
면목본동74-40,1,,서울특별시 중랑구 면목본동 74-40,37.60629011,127.0819222,,,02-2094-2683,서울특별시 중랑구청,2026-02-26
면목본동74-12,1,,서울특별시 중랑구 면목본동 74-12,37.60612772,127.0819697,,,02-2094-2683,서울특별시 중랑구청,2026-02-26
면목본동74-16,1,,서울특별시 중랑구 면목본동 74-16,37.60588653,127.0814421,,,02-2094-2683,서울특별시 중랑구청,2026-02-26
면목본동74-17,1,,서울특별시 중랑구 면목본동 74-17,37.60586697,127.0823553,,,02-2094-2683,서울특별시 중랑구청,2026-02-26
면목본동74-18,1,,서울특별시 중랑구 면목본동 74-18,37.60595803,127.0821444,,,02-2094-2683,서울특별시 중랑구청,2026-02-26
면목본동74-55,1,,서울특별시 중랑구 면목본동 74-55,37.60630564,127.082396,,,02-2094-2683,서울특별시 중랑구청,2026-02-26
면목본동100-48,1,,서울특별시 중랑구 면목본동 100-48,37.60611343,127.0824387,,,02-2094-2683,서울특별시 중랑구청,2026-02-26
면목본동100-4,1,,서울특별시 중랑구 면목본동 100-4,37.60611343,127.0824387,,,02-2094-2683,서울특별시 중랑구청,2026-02-26
면목본동100-75,1,,서울특별시 중랑구 면목본동 100-75,37.60595781,127.0829765,,,02-2094-2683,서울특별시 중랑구청,2026-02-26
면목본동88-53,1,,서울특별시 중랑구 면목본동 88-53,37.60620129,127.0829286,,,02-2094-2683,서울특별시 중랑구청,2026-02-26
면목본동101-38,1,,서울특별시 중랑구 면목본동 101-38,37.60605042,127.0831183,,,02-2094-2683,서울특별시 중랑구청,2026-02-26
면목본동101-36,1,,서울특별시 중랑구 면목본동 101-36,37.60604432,127.0834641,,,02-2094-2683,서울특별시 중랑구청,2026-02-26
면목본동101-11,1,,서울특별시 중랑구 면목본동 101-11,37.6063128,127.0833537,,,02-2094-2683,서울특별시 중랑구청,2026-02-26
면목본동101-44,1,,서울특별시 중랑구 면목본동 101-44,37.60637297,127.0831283,,,02-2094-2683,서울특별시 중랑구청,2026-02-26
면목본동101-32,1,,서울특별시 중랑구 면목본동 101-32,37.6063128,127.0833537,,,02-2094-2683,서울특별시 중랑구청,2026-02-26
면목본동101-30,1,,서울특별시 중랑구 면목본동 101-30,37.60634263,127.083605,,,02-2094-2683,서울특별시 중랑구청,2026-02-26
면목본동103-13,1,,서울특별시 중랑구 면목본동 103-13,37.60637297,127.0831283,,,02-2094-2683,서울특별시 중랑구청,2026-02-26
면목본동103-2,1,,서울특별시 중랑구 면목본동 103-2,37.60652113,127.0821647,,,02-2094-2683,서울특별시 중랑구청,2026-02-26
면목본동103-3,1,,서울특별시 중랑구 면목본동 103-3,37.60535079,127.0824882,,,02-2094-2683,서울특별시 중랑구청,2026-02-26
면목본동103-8,1,,서울특별시 중랑구 면목본동 103-8,37.60505181,127.0825366,,,02-2094-2683,서울특별시 중랑구청,2026-02-26
면목본동102-1,1,,서울특별시 중랑구 면목본동 102-1,37.60488557,127.0825524,,,02-2094-2683,서울특별시 중랑구청,2026-02-26
면목본동102-3,1,,서울특별시 중랑구 면목본동 102-3,37.60499658,127.0826618,,,02-2094-2683,서울특별시 중랑구청,2026-02-26
면목본동102-14,1,,서울특별시 중랑구 면목본동 102-14,37.60527182,127.0826855,,,02-2094-2683,서울특별시 중랑구청,2026-02-26
면목본동102-8,1,,서울특별시 중랑구 면목본동 102-8,37.60542909,127.082742,,,02-2094-2683,서울특별시 중랑구청,2026-02-26
면목본동102-31,1,,서울특별시 중랑구 면목본동 102-31,37.60565099,127.0828909,,,02-2094-2683,서울특별시 중랑구청,2026-02-26
면목본동102-35,1,,서울특별시 중랑구 면목본동 102-35,37.60553304,127.0827744,,,02-2094-2683,서울특별시 중랑구청,2026-02-26
면목본동102-27,1,,서울특별시 중랑구 면목본동 102-27,37.60565394,127.082541,,,02-2094-2683,서울특별시 중랑구청,2026-02-26
면목본동129-56,1,,서울특별시 중랑구 면목본동 129-56,37.59871379,127.0808591,,,02-2094-2683,서울특별시 중랑구청,2026-02-26
면목본동121-13,1,,서울특별시 중랑구 면목본동 121-13,37.60234007,127.0856116,,,02-2094-2683,서울특별시 중랑구청,2026-02-26
면목본동96-22,1,,서울특별시 중랑구 면목본동 96-22,37.60010971,127.083930,,,02-2094-2683,서울특별시 중랑구청,2026-02-26
면목본동96-38,1,,서울특별시 중랑구 면목본동 96-38,37.60055008,127.0861064,,,02-2094-2683,서울특별시 중랑구청,2026-02-26
면목본동96-42,1,,서울특별시 중랑구 면목본동 96-42,37.60436946,127.0799654,,,02-2094-2683,서울특별시 중랑구청,2026-02-26
면목본동96-6,1,,서울특별시 중랑구 면목본동 96-6,,,,,02-2094-2683,서울특별시 중랑구청,2026-02-26
면목본동96-81,1,,서울특별시 중랑구 면목본동 96-81,,,,,02-2094-2683,서울특별시 중랑구청,2026-02-26
면목본동96-65,1,,서울특별시 중랑구 면목본동 96-65,37.59873164,127.0812343,,,02-2094-2683,서울특별시 중랑구청,2026-02-26
면목본동96-80,1,,서울특별시 중랑구 면목본동 96-80,37.5994796,127.0834819,,,02-2094-2683,서울특별시 중랑구청,2026-02-26
면목본동1243-3,1,,서울특별시 중랑구 면목본동 1243-3,37.60225585,127.0859586,,,02-2094-2683,서울특별시 중랑구청,2026-02-26
면목본동1249,1,,서울특별시 중랑구 면목본동 1249,37.59959464,127.0813573,,,02-2094-2683,서울특별시 중랑구청,2026-02-26
면목본동1237-,1,,서울특별시 중랑구 면목본동 1237-,37.59999658,127.0829818,,,02-2094-2683,서울특별시 중랑구청,2026-02-26
면목본동238,1,,서울특별시 중랑구 면목본동 238,37.59939155,127.0831346,,,02-2094-2683,서울특별시 중랑구청,2026-02-26
면목본동1271-1,1,,서울특별시 중랑구 면목본동 1271-1,37.5992336,127.0806856,,,02-2094-2683,서울특별시 중랑구청,2026-02-26
면목본동236-8,1,,서울특별시 중랑구 면목본동 236-8,37.60584252,127.0820215,,,02-2094-2683,서울특별시 중랑구청,2026-02-26
면목본동236-6,1,,서울특별시 중랑구 면목본동 236-6,,,,,02-2094-2683,서울특별시 중랑구청,2026-02-26
면목본동1272-2,1,,서울특별시 중랑구 면목본동 1272-2,37.60071728,127.079986,,,02-2094-2683,서울특별시 중랑구청,2026-02-26
면목본동236-7,1,,서울특별시 중랑구 면목본동 236-7,37.60305919,127.0840542,,,02-2094-2683,서울특별시 중랑구청,2026-02-26
면목본동237,1,,서울특별시 중랑구 면목본동 237,37.60319321,127.0807772,,,02-2094-2683,서울특별시 중랑구청,2026-02-26
면목본동1232-,1,,서울특별시 중랑구 면목본동 1232-,37.60631068,127.0822639,,,02-2094-2683,서울특별시 중랑구청,2026-02-26
면목본동129-53,1,,서울특별시 중랑구 면목본동 129-53,37.60259057,127.0854631,,,02-2094-2683,서울특별시 중랑구청,2026-02-26
면목본동98-24,1,,서울특별시 중랑구 면목본동 98-24,37.60482534,127.0822245,,,02-2094-2683,서울특별시 중랑구청,2026-02-26
면목본동129-37,1,,서울특별시 중랑구 면목본동 129-37,37.60007981,127.0841622,,,02-2094-2683,서울특별시 중랑구청,2026-02-26
면목본동129-77,1,,서울특별시 중랑구 면목본동 129-77,37.60147656,127.0803688,,,02-2094-2683,서울특별시 중랑구청,2026-02-26
면목본동129-24,1,,서울특별시 중랑구 면목본동 129-24,37.60054108,127.0816514,,,02-2094-2683,서울특별시 중랑구청,2026-02-26
면목본동129-42,1,,서울특별시 중랑구 면목본동 129-42,,,,,02-2094-2683,서울특별시 중랑구청,2026-02-26
면목본동129-82,1,,서울특별시 중랑구 면목본동 129-82,37.60573893,127.0811973,,,02-2094-2683,서울특별시 중랑구청,2026-02-26
면목본동129-70,1,,서울특별시 중랑구 면목본동 129-70,37.60576638,127.0816333,,,02-2094-2683,서울특별시 중랑구청,2026-02-26
면목본동72-49,1,,서울특별시 중랑구 면목본동 72-49,37.60117128,127.080661,,,02-2094-2683,서울특별시 중랑구청,2026-02-26
면목본동128-52,1,,서울특별시 중랑구 면목본동 128-52,37.6006993,127.0842038,,,02-2094-2683,서울특별시 중랑구청,2026-02-26
면목본동128-41,1,,서울특별시 중랑구 면목본동 128-41,37.59858817,127.0808863,,,02-2094-2683,서울특별시 중랑구청,2026-02-26
면목본동128-37,1,,서울특별시 중랑구 면목본동 128-37,37.60252841,127.0841981,,,02-2094-2683,서울특별시 중랑구청,2026-02-26
면목본동128-16,1,,서울특별시 중랑구 면목본동 128-16,37.60296036,127.0822618,,,02-2094-2683,서울특별시 중랑구청,2026-02-26
면목본동128-25,1,,서울특별시 중랑구 면목본동 128-25,37.60312144,127.082280,,,02-2094-2683,서울특별시 중랑구청,2026-02-26
면목본동127-36,1,,서울특별시 중랑구 면목본동 127-36,37.60522512,127.0795847,,,02-2094-2683,서울특별시 중랑구청,2026-02-26
면목본동127-57,1,,서울특별시 중랑구 면목본동 127-57,37.59880723,127.084320,,,02-2094-2683,서울특별시 중랑구청,2026-02-26
면목본동127-12,1,,서울특별시 중랑구 면목본동 127-12,37.60539291,127.0799486,,,02-2094-2683,서울특별시 중랑구청,2026-02-26
면목본동127-17,1,,서울특별시 중랑구 면목본동 127-17,37.60481461,127.0836541,,,02-2094-2683,서울특별시 중랑구청,2026-02-26
면목본동127-15,1,,서울특별시 중랑구 면목본동 127-15,37.60105771,127.0833286,,,02-2094-2683,서울특별시 중랑구청,2026-02-26
면목본동127-62,1,,서울특별시 중랑구 면목본동 127-62,,,,,02-2094-2683,서울특별시 중랑구청,2026-02-26
면목본동126-14,1,,서울특별시 중랑구 면목본동 126-14,37.6027317,127.0840291,,,02-2094-2683,서울특별시 중랑구청,2026-02-26
면목본동126-19,1,,서울특별시 중랑구 면목본동 126-19,37.59901889,127.0839213,,,02-2094-2683,서울특별시 중랑구청,2026-02-26
면목본동126-33,1,,서울특별시 중랑구 면목본동 126-33,37.6003056,127.0844116,,,02-2094-2683,서울특별시 중랑구청,2026-02-26
면목본동126-52,1,,서울특별시 중랑구 면목본동 126-52,37.60111389,127.0856478,,,02-2094-2683,서울특별시 중랑구청,2026-02-26
면목본동126-44,1,,서울특별시 중랑구 면목본동 126-44,37.59926975,127.082867,,,02-2094-2683,서울특별시 중랑구청,2026-02-26
면목본동120-6,1,,서울특별시 중랑구 면목본동 120-6,37.60087262,127.0853824,,,02-2094-2683,서울특별시 중랑구청,2026-02-26
면목본동120-16,1,,서울특별시 중랑구 면목본동 120-16,37.60199828,127.0845484,,,02-2094-2683,서울특별시 중랑구청,2026-02-26
면목본동120-21,1,,서울특별시 중랑구 면목본동 120-21,37.60210123,127.081783,,,02-2094-2683,서울특별시 중랑구청,2026-02-26
면목본동120-38,1,,서울특별시 중랑구 면목본동 120-38,37.59952528,127.080640,,,02-2094-2683,서울특별시 중랑구청,2026-02-26
면목본동120-34,1,,서울특별시 중랑구 면목본동 120-34,37.59895469,127.0810239,,,02-2094-2683,서울특별시 중랑구청,2026-02-26
면목본동119-54,1,,서울특별시 중랑구 면목본동 119-54,,,,,02-2094-2683,서울특별시 중랑구청,2026-02-26
면목본동119-33,1,,서울특별시 중랑구 면목본동 119-33,37.5989162,127.0819632,,,02-2094-2683,서울특별시 중랑구청,2026-02-26
면목본동119-51,1,,서울특별시 중랑구 면목본동 119-51,37.60270723,127.0804893,,,02-2094-2683,서울특별시 중랑구청,2026-02-26
면목본동115-4,1,,서울특별시 중랑구 면목본동 115-4,37.60567295,127.0809844,,,02-2094-2683,서울특별시 중랑구청,2026-02-26
면목본동505-18,1,,서울특별시 중랑구 면목본동 505-18,37.60217209,127.0818593,,,02-2094-2683,서울특별시 중랑구청,2026-02-26
면목본동504-1,1,,서울특별시 중랑구 면목본동 504-1,,,,,02-2094-2683,서울특별시 중랑구청,2026-02-26
면목본동504-34,1,,서울특별시 중랑구 면목본동 504-34,37.60067139,127.084045,,,02-2094-2683,서울특별시 중랑구청,2026-02-26
면목본동504-8,1,,서울특별시 중랑구 면목본동 504-8,37.60524651,127.0828877,,,02-2094-2683,서울특별시 중랑구청,2026-02-26
면목본동504-17,1,,서울특별시 중랑구 면목본동 504-17,37.59950208,127.0843076,,,02-2094-2683,서울특별시 중랑구청,2026-02-26
면목본동502-7,1,,서울특별시 중랑구 면목본동 502-7,37.60259942,127.0810942,,,02-2094-2683,서울특별시 중랑구청,2026-02-26
면목본동501-24,1,,서울특별시 중랑구 면목본동 501-24,37.60155414,127.0821941,,,02-2094-2683,서울특별시 중랑구청,2026-02-26
면목본동501-9,1,,서울특별시 중랑구 면목본동 501-9,37.60292206,127.0825216,,,02-2094-2683,서울특별시 중랑구청,2026-02-26
면목본동552-36,1,,서울특별시 중랑구 면목본동 552-36,37.60141811,127.0830661,,,02-2094-2683,서울특별시 중랑구청,2026-02-26
면목본동552-7,1,,서울특별시 중랑구 면목본동 552-7,37.59880136,127.0834506,,,02-2094-2683,서울특별시 중랑구청,2026-02-26
면목본동552-12,1,,서울특별시 중랑구 면목본동 552-12,,,,,02-2094-2683,서울특별시 중랑구청,2026-02-26
면목본동552-2,1,,서울특별시 중랑구 면목본동 552-2,37.60302308,127.0827498,,,02-2094-2683,서울특별시 중랑구청,2026-02-26
면목본동552-21,1,,서울특별시 중랑구 면목본동 552-21,,,,,02-2094-2683,서울특별시 중랑구청,2026-02-26
면목본동555-35,1,,서울특별시 중랑구 면목본동 555-35,37.60020741,127.0832058,,,02-2094-2683,서울특별시 중랑구청,2026-02-26
면목본동555-32,1,,서울특별시 중랑구 면목본동 555-32,37.602454,127.0816395,,,02-2094-2683,서울특별시 중랑구청,2026-02-26
면목본동555-5,1,,서울특별시 중랑구 면목본동 555-5,37.60254132,127.0818553,,,02-2094-2683,서울특별시 중랑구청,2026-02-26
면목본동555-14,1,,서울특별시 중랑구 면목본동 555-14,37.60251186,127.0813242,,,02-2094-2683,서울특별시 중랑구청,2026-02-26
면목본동555-41,1,,서울특별시 중랑구 면목본동 555-41,37.60119131,127.0835993,,,02-2094-2683,서울특별시 중랑구청,2026-02-26
면목본동550-26,1,,서울특별시 중랑구 면목본동 550-26,37.59641593,127.0788201,,,02-2094-2683,서울특별시 중랑구청,2026-02-26
면목본동550-28,1,,서울특별시 중랑구 면목본동 550-28,37.59664455,127.0788896,,,02-2094-2683,서울특별시 중랑구청,2026-02-26
면목본동550-6,1,,서울특별시 중랑구 면목본동 550-6,37.59675143,127.0793885,,,02-2094-2683,서울특별시 중랑구청,2026-02-26
면목본동550-36,1,,서울특별시 중랑구 면목본동 550-36,37.59657977,127.0797001,,,02-2094-2683,서울특별시 중랑구청,2026-02-26
면목본동558-15,1,,서울특별시 중랑구 면목본동 558-15,37.59653628,127.0799254,,,02-2094-2683,서울특별시 중랑구청,2026-02-26
면목본동558-17,1,,서울특별시 중랑구 면목본동 558-17,37.59620058,127.0785629,,,02-2094-2683,서울특별시 중랑구청,2026-02-26
면목본동548-38,1,,서울특별시 중랑구 면목본동 548-38,37.59640614,127.0790316,,,02-2094-2683,서울특별시 중랑구청,2026-02-26
면목본동548-19,1,,서울특별시 중랑구 면목본동 548-19,37.5941361,127.0738844,,,02-2094-2683,서울특별시 중랑구청,2026-02-26
면목본동548-4,1,,서울특별시 중랑구 면목본동 548-4,37.59369499,127.0715146,,,02-2094-2683,서울특별시 중랑구청,2026-02-26
면목본동548-15,1,,서울특별시 중랑구 면목본동 548-15,37.59633418,127.0784506,,,02-2094-2683,서울특별시 중랑구청,2026-02-26
면목본동549-38,1,,서울특별시 중랑구 면목본동 549-38,37.59641929,127.0780964,,,02-2094-2683,서울특별시 중랑구청,2026-02-26
면목본동549-35,1,,서울특별시 중랑구 면목본동 549-35,37.59669244,127.0785568,,,02-2094-2683,서울특별시 중랑구청,2026-02-26
면목본동549-17,1,,서울특별시 중랑구 면목본동 549-17,37.59703707,127.0786821,,,02-2094-2683,서울특별시 중랑구청,2026-02-26
면목본동549-14,1,,서울특별시 중랑구 면목본동 549-14,37.59690248,127.0789327,,,02-2094-2683,서울특별시 중랑구청,2026-02-26
면목본동549-27,1,,서울특별시 중랑구 면목본동 549-27,37.59692351,127.079414,,,02-2094-2683,서울특별시 중랑구청,2026-02-26
면목본동546-35,1,,서울특별시 중랑구 면목본동 546-35,37.59692714,127.0796322,,,02-2094-2683,서울특별시 중랑구청,2026-02-26
면목본동546-25,1,,서울특별시 중랑구 면목본동 546-25,37.59728388,127.0787759,,,02-2094-2683,서울특별시 중랑구청,2026-02-26
면목본동546-23,1,,서울특별시 중랑구 면목본동 546-23,37.59715504,127.0790445,,,02-2094-2683,서울특별시 중랑구청,2026-02-26
면목본동546-19,1,,서울특별시 중랑구 면목본동 546-19,37.60110194,127.0755797,,,02-2094-2683,서울특별시 중랑구청,2026-02-26
면목본동546-48,1,,서울특별시 중랑구 면목본동 546-48,37.59739674,127.0788256,,,02-2094-2683,서울특별시 중랑구청,2026-02-26
면목본동546-44,1,,서울특별시 중랑구 면목본동 546-44,37.59753257,127.0791684,,,02-2094-2683,서울특별시 중랑구청,2026-02-26
면목본동546-3,1,,서울특별시 중랑구 면목본동 546-3,37.59759005,127.0795606,,,02-2094-2683,서울특별시 중랑구청,2026-02-26
면목본동547-24,1,,서울특별시 중랑구 면목본동 547-24,37.59743506,127.0793251,,,02-2094-2683,서울특별시 중랑구청,2026-02-26
면목본동547-8,1,,서울특별시 중랑구 면목본동 547-8,37.59750832,127.0797171,,,02-2094-2683,서울특별시 중랑구청,2026-02-26
면목본동547-36,1,,서울특별시 중랑구 면목본동 547-36,37.59777274,127.0796139,,,02-2094-2683,서울특별시 중랑구청,2026-02-26
면목본동547-2,1,,서울특별시 중랑구 면목본동 547-2,37.59802711,127.0795764,,,02-2094-2683,서울특별시 중랑구청,2026-02-26
면목본동543-46,1,,서울특별시 중랑구 면목본동 543-46,37.59826683,127.0794933,,,02-2094-2683,서울특별시 중랑구청,2026-02-26
면목본동543-40,1,,서울특별시 중랑구 면목본동 543-40,37.59839674,127.0797775,,,02-2094-2683,서울특별시 중랑구청,2026-02-26
면목본동543-38,1,,서울특별시 중랑구 면목본동 543-38,37.59828112,127.0792775,,,02-2094-2683,서울특별시 중랑구청,2026-02-26
면목본동543-37,1,,서울특별시 중랑구 면목본동 543-37,37.598592,127.0792154,,,02-2094-2683,서울특별시 중랑구청,2026-02-26
면목본동543-31,1,,서울특별시 중랑구 면목본동 543-31,37.59870699,127.0794578,,,02-2094-2683,서울특별시 중랑구청,2026-02-26
면목본동543-18,1,,서울특별시 중랑구 면목본동 543-18,37.59907001,127.0795733,,,02-2094-2683,서울특별시 중랑구청,2026-02-26
면목본동543-26,1,,서울특별시 중랑구 면목본동 543-26,37.60050499,127.0746492,,,02-2094-2683,서울특별시 중랑구청,2026-02-26
면목본동543-49,1,,서울특별시 중랑구 면목본동 543-49,37.59919848,127.079318,,,02-2094-2683,서울특별시 중랑구청,2026-02-26
면목본동543-32,1,,서울특별시 중랑구 면목본동 543-32,37.59931677,127.0789353,,,02-2094-2683,서울특별시 중랑구청,2026-02-26
면목본동543-10,1,,서울특별시 중랑구 면목본동 543-10,37.59916514,127.0787845,,,02-2094-2683,서울특별시 중랑구청,2026-02-26
면목본동542-8,1,,서울특별시 중랑구 면목본동 542-8,37.59888841,127.0788447,,,02-2094-2683,서울특별시 중랑구청,2026-02-26
면목본동542-49,1,,서울특별시 중랑구 면목본동 542-49,37.59903741,127.0783323,,,02-2094-2683,서울특별시 중랑구청,2026-02-26
면목본동542-46,1,,서울특별시 중랑구 면목본동 542-46,37.59870545,127.0786606,,,02-2094-2683,서울특별시 중랑구청,2026-02-26
면목본동542-42,1,,서울특별시 중랑구 면목본동 542-42,37.5985503,127.0790698,,,02-2094-2683,서울특별시 중랑구청,2026-02-26
면목본동542-34,1,,서울특별시 중랑구 면목본동 542-34,37.598592,127.0792154,,,02-2094-2683,서울특별시 중랑구청,2026-02-26
면목본동542-30,1,,서울특별시 중랑구 면목본동 542-30,37.59839569,127.0785322,,,02-2094-2683,서울특별시 중랑구청,2026-02-26
면목본동506-19,1,,서울특별시 중랑구 면목본동 506-19,37.59807819,127.0791786,,,02-2094-2683,서울특별시 중랑구청,2026-02-26
면목본동506-23,1,,서울특별시 중랑구 면목본동 506-23,37.59780253,127.0788478,,,02-2094-2683,서울특별시 중랑구청,2026-02-26
면목본동540-21,1,,서울특별시 중랑구 면목본동 540-21,37.59773627,127.0793117,,,02-2094-2683,서울특별시 중랑구청,2026-02-26
면목본동540-3,1,,서울특별시 중랑구 면목본동 540-3,37.59787008,127.0792948,,,02-2094-2683,서울특별시 중랑구청,2026-02-26
면목본동540-39,1,,서울특별시 중랑구 면목본동 540-39,37.59767424,127.0786935,,,02-2094-2683,서울특별시 중랑구청,2026-02-26
면목본동540-15,1,,서울특별시 중랑구 면목본동 540-15,37.59778927,127.0783356,,,02-2094-2683,서울특별시 중랑구청,2026-02-26
면목본동540-45,1,,서울특별시 중랑구 면목본동 540-45,37.59846955,127.0780136,,,02-2094-2683,서울특별시 중랑구청,2026-02-26
면목본동540-26,1,,서울특별시 중랑구 면목본동 540-26,37.59813698,127.0785844,,,02-2094-2683,서울특별시 중랑구청,2026-02-26
면목본동540-30,1,,서울특별시 중랑구 면목본동 540-30,37.59862065,127.0777318,,,02-2094-2683,서울특별시 중랑구청,2026-02-26
면목본동118-10,1,,서울특별시 중랑구 면목본동 118-10,37.59837217,127.078396,,,02-2094-2683,서울특별시 중랑구청,2026-02-26
면목본동539-22,1,,서울특별시 중랑구 면목본동 539-22,37.59812427,127.0784552,,,02-2094-2683,서울특별시 중랑구청,2026-02-26
면목본동118-44,1,,서울특별시 중랑구 면목본동 118-44,37.59821972,127.0782626,,,02-2094-2683,서울특별시 중랑구청,2026-02-26
면목본동539-16,1,,서울특별시 중랑구 면목본동 539-16,37.59793848,127.0779212,,,02-2094-2683,서울특별시 중랑구청,2026-02-26
면목본동539-12,1,,서울특별시 중랑구 면목본동 539-12,37.59814042,127.0778741,,,02-2094-2683,서울특별시 중랑구청,2026-02-26
면목본동117-4,1,,서울특별시 중랑구 면목본동 117-4,37.59864763,127.0780866,,,02-2094-2683,서울특별시 중랑구청,2026-02-26
면목본동117-28,1,,서울특별시 중랑구 면목본동 117-28,37.59845038,127.0775673,,,02-2094-2683,서울특별시 중랑구청,2026-02-26
면목본동117-21,1,,서울특별시 중랑구 면목본동 117-21,37.59827363,127.0773921,,,02-2094-2683,서울특별시 중랑구청,2026-02-26
면목본동117-29,1,,서울특별시 중랑구 면목본동 117-29,37.5978304,127.0773157,,,02-2094-2683,서울특별시 중랑구청,2026-02-26
면목본동117-34,1,,서울특별시 중랑구 면목본동 117-34,37.59755135,127.0771842,,,02-2094-2683,서울특별시 중랑구청,2026-02-26
면목본동117-1,1,,서울특별시 중랑구 면목본동 117-1,37.5973274,127.0775495,,,02-2094-2683,서울특별시 중랑구청,2026-02-26
면목본동129-29,1,,서울특별시 중랑구 면목본동 129-29,37.59741482,127.0769641,,,02-2094-2683,서울특별시 중랑구청,2026-02-26
면목본동546-58,1,,서울특별시 중랑구 면목본동 546-58,37.59749832,127.077002,,,02-2094-2683,서울특별시 중랑구청,2026-02-26
면목본동92-70,1,,서울특별시 중랑구 면목본동 92-70,37.59759658,127.077054,,,02-2094-2683,서울특별시 중랑구청,2026-02-26
면목본동121-24,1,,서울특별시 중랑구 면목본동 121-24,37.59736629,127.076639,,,02-2094-2683,서울특별시 중랑구청,2026-02-26
면목본동547-37,1,,서울특별시 중랑구 면목본동 547-37,37.59720509,127.0767976,,,02-2094-2683,서울특별시 중랑구청,2026-02-26
면목본동117-16,1,,서울특별시 중랑구 면목본동 117-16,37.59721836,127.0763309,,,02-2094-2683,서울특별시 중랑구청,2026-02-26
면목본동506-35,1,,서울특별시 중랑구 면목본동 506-35,37.59700629,127.0761582,,,02-2094-2683,서울특별시 중랑구청,2026-02-26
면목본동92-3,1,,서울특별시 중랑구 면목본동 92-3,37.5969335,127.0762873,,,02-2094-2683,서울특별시 중랑구청,2026-02-26
면목본동127-55,1,,서울특별시 중랑구 면목본동 127-55,37.59696868,127.0764919,,,02-2094-2683,서울특별시 중랑구청,2026-02-26
면목본동128-5,1,,서울특별시 중랑구 면목본동 128-5,37.59696868,127.0764919,,,02-2094-2683,서울특별시 중랑구청,2026-02-26
면목본동117-14,1,,서울특별시 중랑구 면목본동 117-14,37.59678129,127.0765911,,,02-2094-2683,서울특별시 중랑구청,2026-02-26
면목본동99-19,1,,서울특별시 중랑구 면목본동 99-19,,,,,02-2094-2683,서울특별시 중랑구청,2026-02-26
면목본동99-9,1,,서울특별시 중랑구 면목본동 99-9,37.59665028,127.0768969,,,02-2094-2683,서울특별시 중랑구청,2026-02-26
면목본동86-17,1,,서울특별시 중랑구 면목본동 86-17,37.59673855,127.0769384,,,02-2094-2683,서울특별시 중랑구청,2026-02-26
면목본동96-87,1,,서울특별시 중랑구 면목본동 96-87,37.5965464,127.0771729,,,02-2094-2683,서울특별시 중랑구청,2026-02-26
면목본동96-89,1,,서울특별시 중랑구 면목본동 96-89,37.59670942,127.077256,,,02-2094-2683,서울특별시 중랑구청,2026-02-26
면목본동504-4,1,,서울특별시 중랑구 면목본동 504-4,37.59667484,127.0773667,,,02-2094-2683,서울특별시 중랑구청,2026-02-26
면목본동101-15,1,,서울특별시 중랑구 면목본동 101-15,37.59670547,127.0776445,,,02-2094-2683,서울특별시 중랑구청,2026-02-26
면목본동138-25,1,,서울특별시 중랑구 면목본동 138-25,37.59638397,127.0776815,,,02-2094-2683,서울특별시 중랑구청,2026-02-26
면목본동1252,1,,서울특별시 중랑구 면목본동 1252,37.59646046,127.077428,,,02-2094-2683,서울특별시 중랑구청,2026-02-26
면목본동99-81,1,,서울특별시 중랑구 면목본동 99-81,37.59638452,127.0778086,,,02-2094-2683,서울특별시 중랑구청,2026-02-26
면목본동88-99,1,,서울특별시 중랑구 면목본동 88-99,37.59628111,127.078184,,,02-2094-2683,서울특별시 중랑구청,2026-02-26
면목본동88-15,1,,서울특별시 중랑구 면목본동 88-15,37.59689274,127.0781258,,,02-2094-2683,서울특별시 중랑구청,2026-02-26
면목본동1252-2,1,,서울특별시 중랑구 면목본동 1252-2,37.59674825,127.0782253,,,02-2094-2683,서울특별시 중랑구청,2026-02-26
면목본동90-16,1,,서울특별시 중랑구 면목본동 90-16,37.5966705,127.0716786,,,02-2094-2683,서울특별시 중랑구청,2026-02-26
면목본동90-45,1,,서울특별시 중랑구 면목본동 90-45,,,,,02-2094-2683,서울특별시 중랑구청,2026-02-26
면목본동121-19,1,,서울특별시 중랑구 면목본동 121-19,37.59712138,127.0779042,,,02-2094-2683,서울특별시 중랑구청,2026-02-26
면목본동116-9,1,,서울특별시 중랑구 면목본동 116-9,37.59724553,127.0774987,,,02-2094-2683,서울특별시 중랑구청,2026-02-26
면목본동126-39,1,,서울특별시 중랑구 면목본동 126-39,37.59698788,127.0773071,,,02-2094-2683,서울특별시 중랑구청,2026-02-26
면목본동549-18,1,,서울특별시 중랑구 면목본동 549-18,37.59708375,127.0771761,,,02-2094-2683,서울특별시 중랑구청,2026-02-26
면목본동86-49,1,,서울특별시 중랑구 면목본동 86-49,37.59711914,127.0770625,,,02-2094-2683,서울특별시 중랑구청,2026-02-26
면목본동74-35,1,,서울특별시 중랑구 면목본동 74-35,37.59733521,127.0778639,,,02-2094-2683,서울특별시 중랑구청,2026-02-26
면목본동92-40,1,,서울특별시 중랑구 면목본동 92-40,37.59776424,127.0778988,,,02-2094-2683,서울특별시 중랑구청,2026-02-26
면목본동91-27,1,,서울특별시 중랑구 면목본동 91-27,37.59742493,127.0780334,,,02-2094-2683,서울특별시 중랑구청,2026-02-26
면목본동110-19,1,,서울특별시 중랑구 면목본동 110-19,37.59726891,127.0785205,,,02-2094-2683,서울특별시 중랑구청,2026-02-26
면목본동543-22,1,,서울특별시 중랑구 면목본동 543-22,37.59709599,127.0782837,,,02-2094-2683,서울특별시 중랑구청,2026-02-26
면목본동86-61,1,,서울특별시 중랑구 면목본동 86-61,37.59715474,127.0781336,,,02-2094-2683,서울특별시 중랑구청,2026-02-26
면목본동306-1,1,,서울특별시 중랑구 면목본동 306-1,37.59786976,127.0752328,,,02-2094-2683,서울특별시 중랑구청,2026-02-26
면목본동402-3,1,,서울특별시 중랑구 면목본동 402-3,37.59772478,127.075531,,,02-2094-2683,서울특별시 중랑구청,2026-02-26
면목본동540-29,1,,서울특별시 중랑구 면목본동 540-29,,,,,02-2094-2683,서울특별시 중랑구청,2026-02-26
면목본동502-15,1,,서울특별시 중랑구 면목본동 502-15,37.59793174,127.0755405,,,02-2094-2683,서울특별시 중랑구청,2026-02-26
면목본동117-32,1,,서울특별시 중랑구 면목본동 117-32,37.59819887,127.075549,,,02-2094-2683,서울특별시 중랑구청,2026-02-26
면목본동70-78,1,,서울특별시 중랑구 면목본동 70-78,37.59835978,127.0757133,,,02-2094-2683,서울특별시 중랑구청,2026-02-26
면목본동106-33,1,,서울특별시 중랑구 면목본동 106-33,37.59828704,127.076035,,,02-2094-2683,서울특별시 중랑구청,2026-02-26
면목본동1259,1,,서울특별시 중랑구 면목본동 1259,37.59850635,127.0758423,,,02-2094-2683,서울특별시 중랑구청,2026-02-26
면목본동1237,1,,서울특별시 중랑구 면목본동 1237,37.5983121,127.0761574,,,02-2094-2683,서울특별시 중랑구청,2026-02-26
면목본동106-21,1,,서울특별시 중랑구 면목본동 106-21,37.59822842,127.0762523,,,02-2094-2683,서울특별시 중랑구청,2026-02-26
면목본동92-46,1,,서울특별시 중랑구 면목본동 92-46,37.59803199,127.0762885,,,02-2094-2683,서울특별시 중랑구청,2026-02-26
면목본동119-36,1,,서울특별시 중랑구 면목본동 119-36,37.59804386,127.0764534,,,02-2094-2683,서울특별시 중랑구청,2026-02-26
면목본동100-5,1,,서울특별시 중랑구 면목본동 100-5,37.59781373,127.0761982,,,02-2094-2683,서울특별시 중랑구청,2026-02-26
면목본동558-27,1,,서울특별시 중랑구 면목본동 558-27,37.59762623,127.0759257,,,02-2094-2683,서울특별시 중랑구청,2026-02-26
면목본동126-15,1,,서울특별시 중랑구 면목본동 126-15,37.59721645,127.0758075,,,02-2094-2683,서울특별시 중랑구청,2026-02-26
면목본동506-28,1,,서울특별시 중랑구 면목본동 506-28,37.5973936,127.0755008,,,02-2094-2683,서울특별시 중랑구청,2026-02-26
면목본동88-32,1,,서울특별시 중랑구 면목본동 88-32,37.5975586,127.0751645,,,02-2094-2683,서울특별시 중랑구청,2026-02-26
면목본동91-76,1,,서울특별시 중랑구 면목본동 91-76,37.59779862,127.0747586,,,02-2094-2683,서울특별시 중랑구청,2026-02-26
면목본동121-10,1,,서울특별시 중랑구 면목본동 121-10,37.59794682,127.0744866,,,02-2094-2683,서울특별시 중랑구청,2026-02-26
면목본동129-92,1,,서울특별시 중랑구 면목본동 129-92,37.59804841,127.0749813,,,02-2094-2683,서울특별시 중랑구청,2026-02-26
면목본동101-7,1,,서울특별시 중랑구 면목본동 101-7,37.59812585,127.0750571,,,02-2094-2683,서울특별시 중랑구청,2026-02-26
면목본동97-27,1,,서울특별시 중랑구 면목본동 97-27,37.59827928,127.0752059,,,02-2094-2683,서울특별시 중랑구청,2026-02-26
면목본동96-99,1,,서울특별시 중랑구 면목본동 96-99,37.59844099,127.0753701,,,02-2094-2683,서울특별시 중랑구청,2026-02-26
면목본동69-127,1,,서울특별시 중랑구 면목본동 69-127,37.59859002,127.0755052,,,02-2094-2683,서울특별시 중랑구청,2026-02-26
면목본동98-68,1,,서울특별시 중랑구 면목본동 98-68,37.59856691,127.0757235,,,02-2094-2683,서울특별시 중랑구청,2026-02-26
면목본동74-51,1,,서울특별시 중랑구 면목본동 74-51,37.59868783,127.0754281,,,02-2094-2683,서울특별시 중랑구청,2026-02-26
면목본동116-17,1,,서울특별시 중랑구 면목본동 116-17,37.59839789,127.0751457,,,02-2094-2683,서울특별시 중랑구청,2026-02-26
면목본동212-3,1,,서울특별시 중랑구 면목본동 212-3,37.59839789,127.0751457,,,02-2094-2683,서울특별시 중랑구청,2026-02-26
면목본동91-43,1,,서울특별시 중랑구 면목본동 91-43,37.59824679,127.0750077,,,02-2094-2683,서울특별시 중랑구청,2026-02-26
면목본동62-7,1,,서울특별시 중랑구 면목본동 62-7,37.59742583,127.0728169,,,02-2094-2683,서울특별시 중랑구청,2026-02-26
면목본동91-57,1,,서울특별시 중랑구 면목본동 91-57,37.5981451,127.0746805,,,02-2094-2683,서울특별시 중랑구청,2026-02-26
면목본동118-46,1,,서울특별시 중랑구 면목본동 118-46,,,,,02-2094-2683,서울특별시 중랑구청,2026-02-26
면목본동86-9,1,,서울특별시 중랑구 면목본동 86-9,37.59816796,127.0741445,,,02-2094-2683,서울특별시 중랑구청,2026-02-26
면목본동90-69,1,,서울특별시 중랑구 면목본동 90-69,37.59836554,127.0744382,,,02-2094-2683,서울특별시 중랑구청,2026-02-26
면목본동86-36,1,,서울특별시 중랑구 면목본동 86-36,37.5986311,127.0746726,,,02-2094-2683,서울특별시 중랑구청,2026-02-26
면목본동727,1,,서울특별시 중랑구 면목본동 727,37.59886487,127.0747312,,,02-2094-2683,서울특별시 중랑구청,2026-02-26
면목본동87-41,1,,서울특별시 중랑구 면목본동 87-41,37.59869673,127.0747535,,,02-2094-2683,서울특별시 중랑구청,2026-02-26
면목본동107-13,1,,서울특별시 중랑구 면목본동 107-13,37.59896039,127.0749861,,,02-2094-2683,서울특별시 중랑구청,2026-02-26
면목본동127-37,1,,서울특별시 중랑구 면목본동 127-37,37.5991567,127.0748658,,,02-2094-2683,서울특별시 중랑구청,2026-02-26
면목본동99-74,1,,서울특별시 중랑구 면목본동 99-74,37.59930348,127.0748577,,,02-2094-2683,서울특별시 중랑구청,2026-02-26
면목본동110-27,1,,서울특별시 중랑구 면목본동 110-27,37.59946538,127.0745853,,,02-2094-2683,서울특별시 중랑구청,2026-02-26
면목본동506-22,1,,서울특별시 중랑구 면목본동 506-22,37.59905638,127.0746409,,,02-2094-2683,서울특별시 중랑구청,2026-02-26
면목본동209-39,1,,서울특별시 중랑구 면목본동 209-39,37.5992979,127.0744243,,,02-2094-2683,서울특별시 중랑구청,2026-02-26
면목본동408-43,1,,서울특별시 중랑구 면목본동 408-43,37.59964341,127.0743113,,,02-2094-2683,서울특별시 중랑구청,2026-02-26
면목본동352-26,1,,서울특별시 중랑구 면목본동 352-26,37.59927936,127.074243,,,02-2094-2683,서울특별시 중랑구청,2026-02-26
면목본동98-31,1,,서울특별시 중랑구 면목본동 98-31,37.59922526,127.0741675,,,02-2094-2683,서울특별시 중랑구청,2026-02-26
면목본동155-2,1,,서울특별시 중랑구 면목본동 155-2,37.5990954,127.0743519,,,02-2094-2683,서울특별시 중랑구청,2026-02-26
면목본동505-16,1,,서울특별시 중랑구 면목본동 505-16,37.59896471,127.0742862,,,02-2094-2683,서울특별시 중랑구청,2026-02-26
면목본동120-22,1,,서울특별시 중랑구 면목본동 120-22,37.5987201,127.0742713,,,02-2094-2683,서울특별시 중랑구청,2026-02-26
면목본동97-30,1,,서울특별시 중랑구 면목본동 97-30,37.5989339,127.0739835,,,02-2094-2683,서울특별시 중랑구청,2026-02-26
면목본동,1,,서울특별시 중랑구 면목본동,37.5988648,127.0738335,,,02-2094-2683,서울특별시 중랑구청,2026-02-26
면목본동114-110,1,,서울특별시 중랑구 면목본동 114-110,37.59860209,127.0733772,,,02-2094-2683,서울특별시 중랑구청,2026-02-26
면목본동92-76,1,,서울특별시 중랑구 면목본동 92-76,37.59844584,127.0736911,,,02-2094-2683,서울특별시 중랑구청,2026-02-26
면목본동299-1,1,,서울특별시 중랑구 면목본동 299-1,37.59829983,127.0739075,,,02-2094-2683,서울특별시 중랑구청,2026-02-26
면목본동546-14,1,,서울특별시 중랑구 면목본동 546-14,37.5983906,127.073985,,,02-2094-2683,서울특별시 중랑구청,2026-02-26
면목본동1204-1,1,,서울특별시 중랑구 면목본동 1204-1,37.59835113,127.074153,,,02-2094-2683,서울특별시 중랑구청,2026-02-26
면목2동185-11,1,,서울특별시 중랑구 면목2동 185-11,37.59869794,127.0741199,,,02-2094-2683,서울특별시 중랑구청,2026-02-26
면목2동185-130,1,,서울특별시 중랑구 면목2동 185-130,37.59845813,127.073911,,,02-2094-2683,서울특별시 중랑구청,2026-02-26
면목2동184-70,1,,서울특별시 중랑구 면목2동 184-70,37.59876732,127.073092,,,02-2094-2683,서울특별시 중랑구청,2026-02-26
면목2동186-139,1,,서울특별시 중랑구 면목2동 186-139,,,,,02-2094-2683,서울특별시 중랑구청,2026-02-26
면목2동183-108,1,,서울특별시 중랑구 면목2동 183-108,37.59930171,127.0733654,,,02-2094-2683,서울특별시 중랑구청,2026-02-26
면목2동186-16,1,,서울특별시 중랑구 면목2동 186-16,,,,,02-2094-2683,서울특별시 중랑구청,2026-02-26
면목2동177-206,1,,서울특별시 중랑구 면목2동 177-206,37.59943311,127.0737488,,,02-2094-2683,서울특별시 중랑구청,2026-02-26
면목2동186-60,1,,서울특별시 중랑구 면목2동 186-60,37.59969641,127.0738397,,,02-2094-2683,서울특별시 중랑구청,2026-02-26
면목2동178-30,1,,서울특별시 중랑구 면목2동 178-30,37.59979791,127.0736252,,,02-2094-2683,서울특별시 중랑구청,2026-02-26
면목2동180-87,1,,서울특별시 중랑구 면목2동 180-87,37.59993187,127.0737978,,,02-2094-2683,서울특별시 중랑구청,2026-02-26
면목2동135-10,1,,서울특별시 중랑구 면목2동 135-10,37.59980295,127.0740612,,,02-2094-2683,서울특별시 중랑구청,2026-02-26
면목2동135-18,1,,서울특별시 중랑구 면목2동 135-18,37.5907632,127.0820193,,,02-2094-2683,서울특별시 중랑구청,2026-02-26
면목2동136-76,1,,서울특별시 중랑구 면목2동 136-76,37.59777412,127.0738802,,,02-2094-2683,서울특별시 중랑구청,2026-02-26
면목2동186-56,1,,서울특별시 중랑구 면목2동 186-56,37.59793638,127.073602,,,02-2094-2683,서울특별시 중랑구청,2026-02-26
면목2동132-38,1,,서울특별시 중랑구 면목2동 132-38,37.5977679,127.0734592,,,02-2094-2683,서울특별시 중랑구청,2026-02-26
면목본동106-19,1,,서울특별시 중랑구 면목본동 106-19,37.59738584,127.0730843,,,02-2094-2683,서울특별시 중랑구청,2026-02-26
면목2동193-9,1,,서울특별시 중랑구 면목2동 193-9,37.59572145,127.0768883,,,02-2094-2683,서울특별시 중랑구청,2026-02-26
면목38동20-48,1,,서울특별시 중랑구 면목38동 20-48,37.59784523,127.0731262,,,02-2094-2683,서울특별시 중랑구청,2026-02-26
면목2동180-36,1,,서울특별시 중랑구 면목2동 180-36,37.59800978,127.0729401,,,02-2094-2683,서울특별시 중랑구청,2026-02-26
면목2동191-1,1,,서울특별시 중랑구 면목2동 191-1,37.59809107,127.0733375,,,02-2094-2683,서울특별시 중랑구청,2026-02-26
면목2동181-1,1,,서울특별시 중랑구 면목2동 181-1,37.59824989,127.0730851,,,02-2094-2683,서울특별시 중랑구청,2026-02-26
면목2동191-83,1,,서울특별시 중랑구 면목2동 191-83,37.59832857,127.0728948,,,02-2094-2683,서울특별시 중랑구청,2026-02-26
면목2동180-113,1,,서울특별시 중랑구 면목2동 180-113,37.59839846,127.0728042,,,02-2094-2683,서울특별시 중랑구청,2026-02-26
면목2동180-28,1,,서울특별시 중랑구 면목2동 180-28,37.59824406,127.0728942,,,02-2094-2683,서울특별시 중랑구청,2026-02-26
면목2동142-12,1,,서울특별시 중랑구 면목2동 142-12,37.59800959,127.0726629,,,02-2094-2683,서울특별시 중랑구청,2026-02-26
면목2동146-50,1,,서울특별시 중랑구 면목2동 146-50,37.59769458,127.0721112,,,02-2094-2683,서울특별시 중랑구청,2026-02-26
면목2동147-1,1,,서울특별시 중랑구 면목2동 147-1,37.59786261,127.0722698,,,02-2094-2683,서울특별시 중랑구청,2026-02-26
면목2동180-129,1,,서울특별시 중랑구 면목2동 180-129,37.59753677,127.0720351,,,02-2094-2683,서울특별시 중랑구청,2026-02-26
면목2동180-8,1,,서울특별시 중랑구 면목2동 180-8,37.59769952,127.0722841,,,02-2094-2683,서울특별시 중랑구청,2026-02-26
면목2동181-126,1,,서울특별시 중랑구 면목2동 181-126,37.59775221,127.0724518,,,02-2094-2683,서울특별시 중랑구청,2026-02-26
면목2동192-39,1,,서울특별시 중랑구 면목2동 192-39,37.59747913,127.0727364,,,02-2094-2683,서울특별시 중랑구청,2026-02-26
면목2동135-28,1,,서울특별시 중랑구 면목2동 135-28,37.59716401,127.072953,,,02-2094-2683,서울특별시 중랑구청,2026-02-26
면목2동186-121,1,,서울특별시 중랑구 면목2동 186-121,37.59721122,127.0725076,,,02-2094-2683,서울특별시 중랑구청,2026-02-26
면목2동179-92,1,,서울특별시 중랑구 면목2동 179-92,37.59706811,127.0721223,,,02-2094-2683,서울특별시 중랑구청,2026-02-26
면목2동179-11,1,,서울특별시 중랑구 면목2동 179-11,37.59678176,127.072585,,,02-2094-2683,서울특별시 중랑구청,2026-02-26
면목2동177-34,1,,서울특별시 중랑구 면목2동 177-34,37.5965504,127.0727053,,,02-2094-2683,서울특별시 중랑구청,2026-02-26
면목2동183-20,1,,서울특별시 중랑구 면목2동 183-20,37.59637185,127.0725288,,,02-2094-2683,서울특별시 중랑구청,2026-02-26
면목2동183-18,1,,서울특별시 중랑구 면목2동 183-18,37.59623441,127.0722906,,,02-2094-2683,서울특별시 중랑구청,2026-02-26
면목2동183-116,1,,서울특별시 중랑구 면목2동 183-116,37.59689754,127.073028,,,02-2094-2683,서울특별시 중랑구청,2026-02-26
면목2동183-29,1,,서울특별시 중랑구 면목2동 183-29,37.59698561,127.0730944,,,02-2094-2683,서울특별시 중랑구청,2026-02-26
면목2동183-104,1,,서울특별시 중랑구 면목2동 183-104,37.59709457,127.0731907,,,02-2094-2683,서울특별시 중랑구청,2026-02-26
면목2동183-72,1,,서울특별시 중랑구 면목2동 183-72,,,,,02-2094-2683,서울특별시 중랑구청,2026-02-26
면목2동183-33,1,,서울특별시 중랑구 면목2동 183-33,,,,,02-2094-2683,서울특별시 중랑구청,2026-02-26
면목2동183-71,1,,서울특별시 중랑구 면목2동 183-71,37.59758736,127.0737119,,,02-2094-2683,서울특별시 중랑구청,2026-02-26
면목2동183-76,1,,서울특별시 중랑구 면목2동 183-76,37.59729605,127.0737439,,,02-2094-2683,서울특별시 중랑구청,2026-02-26
면목2동183-30,1,,서울특별시 중랑구 면목2동 183-30,37.59609746,127.0765745,,,02-2094-2683,서울특별시 중랑구청,2026-02-26
면목2동176-73,1,,서울특별시 중랑구 면목2동 176-73,37.59687746,127.0735891,,,02-2094-2683,서울특별시 중랑구청,2026-02-26
면목2동178-26,1,,서울특별시 중랑구 면목2동 178-26,37.59713255,127.073845,,,02-2094-2683,서울특별시 중랑구청,2026-02-26
면목2동183-87,1,,서울특별시 중랑구 면목2동 183-87,37.59733577,127.0740485,,,02-2094-2683,서울특별시 중랑구청,2026-02-26
면목2동183-86,1,,서울특별시 중랑구 면목2동 183-86,37.59760882,127.0741226,,,02-2094-2683,서울특별시 중랑구청,2026-02-26
면목2동183-97,1,,서울특별시 중랑구 면목2동 183-97,37.5974748,127.0743353,,,02-2094-2683,서울특별시 중랑구청,2026-02-26
면목2동183-95,1,,서울특별시 중랑구 면목2동 183-95,37.59730811,127.0743459,,,02-2094-2683,서울특별시 중랑구청,2026-02-26
면목2동183-114,1,,서울특별시 중랑구 면목2동 183-114,37.59711613,127.0741624,,,02-2094-2683,서울특별시 중랑구청,2026-02-26
면목2동183-112,1,,서울특별시 중랑구 면목2동 183-112,37.59698624,127.0738259,,,02-2094-2683,서울특별시 중랑구청,2026-02-26
면목2동183-118,1,,서울특별시 중랑구 면목2동 183-118,37.59682542,127.0736711,,,02-2094-2683,서울특별시 중랑구청,2026-02-26
면목2동183-117,1,,서울특별시 중랑구 면목2동 183-117,37.59665164,127.0734962,,,02-2094-2683,서울특별시 중랑구청,2026-02-26
면목2동183-121,1,,서울특별시 중랑구 면목2동 183-121,37.59647976,127.0741578,,,02-2094-2683,서울특별시 중랑구청,2026-02-26
면목2동183-63,1,,서울특별시 중랑구 면목2동 183-63,37.59659615,127.0740572,,,02-2094-2683,서울특별시 중랑구청,2026-02-26
면목2동183-57,1,,서울특별시 중랑구 면목2동 183-57,37.59667115,127.0741318,,,02-2094-2683,서울특별시 중랑구청,2026-02-26
면목2동183-59,1,,서울특별시 중랑구 면목2동 183-59,37.59681479,127.0740999,,,02-2094-2683,서울특별시 중랑구청,2026-02-26
면목2동184-19,1,,서울특별시 중랑구 면목2동 184-19,37.59678647,127.0744296,,,02-2094-2683,서울특별시 중랑구청,2026-02-26
면목2동184-17,1,,서울특별시 중랑구 면목2동 184-17,37.59690406,127.0745626,,,02-2094-2683,서울특별시 중랑구청,2026-02-26
면목2동184-4,1,,서울특별시 중랑구 면목2동 184-4,37.59684634,127.0744989,,,02-2094-2683,서울특별시 중랑구청,2026-02-26
면목2동184-41,1,,서울특별시 중랑구 면목2동 184-41,37.59658983,127.0745011,,,02-2094-2683,서울특별시 중랑구청,2026-02-26
면목2동184-10,1,,서울특별시 중랑구 면목2동 184-10,37.59671206,127.0748398,,,02-2094-2683,서울특별시 중랑구청,2026-02-26
면목2동184-11,1,,서울특별시 중랑구 면목2동 184-11,37.59682228,127.0752139,,,02-2094-2683,서울특별시 중랑구청,2026-02-26
면목2동184-81,1,,서울특별시 중랑구 면목2동 184-81,37.59688923,127.0753551,,,02-2094-2683,서울특별시 중랑구청,2026-02-26
면목2동184-85,1,,서울특별시 중랑구 면목2동 184-85,37.59697605,127.0752579,,,02-2094-2683,서울특별시 중랑구청,2026-02-26
면목2동184-35,1,,서울특별시 중랑구 면목2동 184-35,37.59703848,127.0751392,,,02-2094-2683,서울특별시 중랑구청,2026-02-26
면목2동184-46,1,,서울특별시 중랑구 면목2동 184-46,37.59714573,127.0749496,,,02-2094-2683,서울특별시 중랑구청,2026-02-26
면목2동184-43,1,,서울특별시 중랑구 면목2동 184-43,37.59705473,127.0746574,,,02-2094-2683,서울특별시 중랑구청,2026-02-26
면목2동184-7,1,,서울특별시 중랑구 면목2동 184-7,37.5972186,127.0748289,,,02-2094-2683,서울특별시 중랑구청,2026-02-26
면목2동184-33,1,,서울특별시 중랑구 면목2동 184-33,37.59719208,127.0745912,,,02-2094-2683,서울특별시 중랑구청,2026-02-26
면목2동184-75,1,,서울특별시 중랑구 면목2동 184-75,37.59656227,127.073328,,,02-2094-2683,서울특별시 중랑구청,2026-02-26
면목2동184-78,1,,서울특별시 중랑구 면목2동 184-78,37.59648594,127.0732176,,,02-2094-2683,서울특별시 중랑구청,2026-02-26
면목2동184-68,1,,서울특별시 중랑구 면목2동 184-68,37.59648731,127.0734668,,,02-2094-2683,서울특별시 중랑구청,2026-02-26
면목2동185-107,1,,서울특별시 중랑구 면목2동 185-107,37.59628788,127.0735371,,,02-2094-2683,서울특별시 중랑구청,2026-02-26
면목2동185-104,1,,서울특별시 중랑구 면목2동 185-104,37.59629853,127.0737938,,,02-2094-2683,서울특별시 중랑구청,2026-02-26
면목2동185-14,1,,서울특별시 중랑구 면목2동 185-14,37.59605402,127.0736159,,,02-2094-2683,서울특별시 중랑구청,2026-02-26
면목2동185-12,1,,서울특별시 중랑구 면목2동 185-12,37.59600131,127.0739113,,,02-2094-2683,서울특별시 중랑구청,2026-02-26
면목2동185-27,1,,서울특별시 중랑구 면목2동 185-27,37.59565105,127.0736933,,,02-2094-2683,서울특별시 중랑구청,2026-02-26
면목2동185-120,1,,서울특별시 중랑구 면목2동 185-120,37.59543121,127.073844,,,02-2094-2683,서울특별시 중랑구청,2026-02-26
면목2동185-132,1,,서울특별시 중랑구 면목2동 185-132,37.5949201,127.0742329,,,02-2094-2683,서울특별시 중랑구청,2026-02-26
면목2동185-133,1,,서울특별시 중랑구 면목2동 185-133,37.59469723,127.074182,,,02-2094-2683,서울특별시 중랑구청,2026-02-26
면목2동185-135,1,,서울특별시 중랑구 면목2동 185-135,37.5948691,127.0741003,,,02-2094-2683,서울특별시 중랑구청,2026-02-26
면목2동185-30,1,,서울특별시 중랑구 면목2동 185-30,37.59514504,127.0740043,,,02-2094-2683,서울특별시 중랑구청,2026-02-26
면목2동185-29,1,,서울특별시 중랑구 면목2동 185-29,37.59460717,127.0736884,,,02-2094-2683,서울특별시 중랑구청,2026-02-26
면목2동185-50,1,,서울특별시 중랑구 면목2동 185-50,37.59474947,127.0736343,,,02-2094-2683,서울특별시 중랑구청,2026-02-26
면목2동185-47,1,,서울특별시 중랑구 면목2동 185-47,37.59499883,127.0735483,,,02-2094-2683,서울특별시 중랑구청,2026-02-26
면목2동185-57,1,,서울특별시 중랑구 면목2동 185-57,37.59542986,127.0733998,,,02-2094-2683,서울특별시 중랑구청,2026-02-26
면목2동185-60,1,,서울특별시 중랑구 면목2동 185-60,37.59529848,127.0735799,,,02-2094-2683,서울특별시 중랑구청,2026-02-26
면목2동185-62,1,,서울특별시 중랑구 면목2동 185-62,37.59529007,127.0737679,,,02-2094-2683,서울특별시 중랑구청,2026-02-26
면목2동185-89,1,,서울특별시 중랑구 면목2동 185-89,37.59564039,127.0734576,,,02-2094-2683,서울특별시 중랑구청,2026-02-26
면목2동185-87,1,,서울특별시 중랑구 면목2동 185-87,37.59592355,127.0733518,,,02-2094-2683,서울특별시 중랑구청,2026-02-26
면목2동185-92,1,,서울특별시 중랑구 면목2동 185-92,37.59628113,127.0733763,,,02-2094-2683,서울특별시 중랑구청,2026-02-26
면목2동185-95,1,,서울특별시 중랑구 면목2동 185-95,37.59639722,127.073176,,,02-2094-2683,서울특별시 중랑구청,2026-02-26
면목2동185-70,1,,서울특별시 중랑구 면목2동 185-70,37.59618726,127.0727848,,,02-2094-2683,서울특별시 중랑구청,2026-02-26
면목2동185-71,1,,서울특별시 중랑구 면목2동 185-71,37.59607575,127.0731662,,,02-2094-2683,서울특별시 중랑구청,2026-02-26
면목2동185-138,1,,서울특별시 중랑구 면목2동 185-138,37.59598301,127.073206,,,02-2094-2683,서울특별시 중랑구청,2026-02-26
면목2동185-139,1,,서울특별시 중랑구 면목2동 185-139,37.59541177,127.0729296,,,02-2094-2683,서울특별시 중랑구청,2026-02-26
면목2동185-136,1,,서울특별시 중랑구 면목2동 185-136,37.59529031,127.073244,,,02-2094-2683,서울특별시 중랑구청,2026-02-26
면목2동185-83,1,,서울특별시 중랑구 면목2동 185-83,37.59496299,127.0733635,,,02-2094-2683,서울특별시 중랑구청,2026-02-26
면목2동186-1,1,,서울특별시 중랑구 면목2동 186-1,37.59467096,127.0733905,,,02-2094-2683,서울특별시 중랑구청,2026-02-26
면목2동186-141,1,,서울특별시 중랑구 면목2동 186-141,37.5945661,127.0735153,,,02-2094-2683,서울특별시 중랑구청,2026-02-26
면목2동186-148,1,,서울특별시 중랑구 면목2동 186-148,37.59451075,127.0732649,,,02-2094-2683,서울특별시 중랑구청,2026-02-26
면목2동186-23,1,,서울특별시 중랑구 면목2동 186-23,37.59445276,127.0727785,,,02-2094-2683,서울특별시 중랑구청,2026-02-26
면목2동183-98,1,,서울특별시 중랑구 면목2동 183-98,37.59478057,127.0731636,,,02-2094-2683,서울특별시 중랑구청,2026-02-26
면목2동186-14,1,,서울특별시 중랑구 면목2동 186-14,37.59492527,127.0728781,,,02-2094-2683,서울특별시 중랑구청,2026-02-26
면목2동186-122,1,,서울특별시 중랑구 면목2동 186-122,,,,,02-2094-2683,서울특별시 중랑구청,2026-02-26
면목2동186-123,1,,서울특별시 중랑구 면목2동 186-123,37.59485945,127.0731019,,,02-2094-2683,서울특별시 중랑구청,2026-02-26
면목2동186-54,1,,서울특별시 중랑구 면목2동 186-54,37.59575512,127.0726669,,,02-2094-2683,서울특별시 중랑구청,2026-02-26
면목2동186-131,1,,서울특별시 중랑구 면목2동 186-131,37.59558375,127.0723883,,,02-2094-2683,서울특별시 중랑구청,2026-02-26
면목2동186-128,1,,서울특별시 중랑구 면목2동 186-128,37.59589644,127.0724611,,,02-2094-2683,서울특별시 중랑구청,2026-02-26
면목2동186-75,1,,서울특별시 중랑구 면목2동 186-75,,,,,02-2094-2683,서울특별시 중랑구청,2026-02-26
면목2동186-72,1,,서울특별시 중랑구 면목2동 186-72,37.59526911,127.0725478,,,02-2094-2683,서울특별시 중랑구청,2026-02-26
면목2동186-89,1,,서울특별시 중랑구 면목2동 186-89,37.59487037,127.0726305,,,02-2094-2683,서울특별시 중랑구청,2026-02-26
면목2동186-92,1,,서울특별시 중랑구 면목2동 186-92,37.59458586,127.0727363,,,02-2094-2683,서울특별시 중랑구청,2026-02-26
면목2동186-93,1,,서울특별시 중랑구 면목2동 186-93,37.59477819,127.0745327,,,02-2094-2683,서울특별시 중랑구청,2026-02-26
면목2동186-13,1,,서울특별시 중랑구 면목2동 186-13,37.59490598,127.0750775,,,02-2094-2683,서울특별시 중랑구청,2026-02-26
면목2동186-12,1,,서울특별시 중랑구 면목2동 186-12,37.59493008,127.0752088,,,02-2094-2683,서울특별시 중랑구청,2026-02-26
면목2동186-10,1,,서울특별시 중랑구 면목2동 186-10,37.59525574,127.0750503,,,02-2094-2683,서울특별시 중랑구청,2026-02-26
면목2동186-110,1,,서울특별시 중랑구 면목2동 186-110,37.59500175,127.0750591,,,02-2094-2683,서울특별시 중랑구청,2026-02-26
면목2동186-107,1,,서울특별시 중랑구 면목2동 186-107,37.59488298,127.0746573,,,02-2094-2683,서울특별시 중랑구청,2026-02-26
면목2동186-104,1,,서울특별시 중랑구 면목2동 186-104,37.59507702,127.0744265,,,02-2094-2683,서울특별시 중랑구청,2026-02-26
면목2동186-6,1,,서울특별시 중랑구 면목2동 186-6,37.59525717,127.0746459,,,02-2094-2683,서울특별시 중랑구청,2026-02-26
면목2동186-99,1,,서울특별시 중랑구 면목2동 186-99,37.59541028,127.0743084,,,02-2094-2683,서울특별시 중랑구청,2026-02-26
면목2동186-2,1,,서울특별시 중랑구 면목2동 186-2,37.59543436,127.074412,,,02-2094-2683,서울특별시 중랑구청,2026-02-26
면목2동198-1,1,,서울특별시 중랑구 면목2동 198-1,37.59548068,127.0746822,,,02-2094-2683,서울특별시 중랑구청,2026-02-26
면목2동190-23,1,,서울특별시 중랑구 면목2동 190-23,37.59573843,127.0745884,,,02-2094-2683,서울특별시 중랑구청,2026-02-26
면목2동1533,1,,서울특별시 중랑구 면목2동 1533,37.59603966,127.0748269,,,02-2094-2683,서울특별시 중랑구청,2026-02-26
면목2동198-1514,1,,서울특별시 중랑구 면목2동 198-1514,37.59760827,127.0776316,,,02-2094-2683,서울특별시 중랑구청,2026-02-26
면목2동198-16,1,,서울특별시 중랑구 면목2동 198-16,37.59621713,127.074437,,,02-2094-2683,서울특별시 중랑구청,2026-02-26
면목2동198-17,1,,서울특별시 중랑구 면목2동 198-17,37.59615393,127.0747918,,,02-2094-2683,서울특별시 중랑구청,2026-02-26
면목2동198-8,1,,서울특별시 중랑구 면목2동 198-8,37.59649343,127.0746382,,,02-2094-2683,서울특별시 중랑구청,2026-02-26
면목2동198-6,1,,서울특별시 중랑구 면목2동 198-6,37.59635203,127.0743958,,,02-2094-2683,서울특별시 중랑구청,2026-02-26
면목2동198-31,1,,서울특별시 중랑구 면목2동 198-31,37.59621199,127.074301,,,02-2094-2683,서울특별시 중랑구청,2026-02-26
면목2동198-38,1,,서울특별시 중랑구 면목2동 198-38,37.59593876,127.0742389,,,02-2094-2683,서울특별시 중랑구청,2026-02-26
면목2동198-33,1,,서울특별시 중랑구 면목2동 198-33,37.59563082,127.0743428,,,02-2094-2683,서울특별시 중랑구청,2026-02-26
면목2동198-19,1,,서울특별시 중랑구 면목2동 198-19,37.59569984,127.0742045,,,02-2094-2683,서울특별시 중랑구청,2026-02-26
면목2동198-24,1,,서울특별시 중랑구 면목2동 198-24,37.59513101,127.0761799,,,02-2094-2683,서울특별시 중랑구청,2026-02-26
면목2동198-25,1,,서울특별시 중랑구 면목2동 198-25,37.59504014,127.0757295,,,02-2094-2683,서울특별시 중랑구청,2026-02-26
면목2동177-141,1,,서울특별시 중랑구 면목2동 177-141,37.59498672,127.0754625,,,02-2094-2683,서울특별시 중랑구청,2026-02-26
면목2동177-151,1,,서울특별시 중랑구 면목2동 177-151,37.59510069,127.0753154,,,02-2094-2683,서울특별시 중랑구청,2026-02-26
면목2동198-99,1,,서울특별시 중랑구 면목2동 198-99,37.59553243,127.0751994,,,02-2094-2683,서울특별시 중랑구청,2026-02-26
면목2동190-11,1,,서울특별시 중랑구 면목2동 190-11,37.59553804,127.075309,,,02-2094-2683,서울특별시 중랑구청,2026-02-26
면목2동179-46,1,,서울특별시 중랑구 면목2동 179-46,37.59595572,127.0751959,,,02-2094-2683,서울특별시 중랑구청,2026-02-26
면목2동179-86,1,,서울특별시 중랑구 면목2동 179-86,37.59613641,127.0751286,,,02-2094-2683,서울특별시 중랑구청,2026-02-26
면목2동190-1519,1,,서울특별시 중랑구 면목2동 190-1519,37.59652986,127.0751565,,,02-2094-2683,서울특별시 중랑구청,2026-02-26
면목2동190-45,1,,서울특별시 중랑구 면목2동 190-45,37.59659304,127.0753974,,,02-2094-2683,서울특별시 중랑구청,2026-02-26
면목2동190-44,1,,서울특별시 중랑구 면목2동 190-44,37.59630078,127.0756502,,,02-2094-2683,서울특별시 중랑구청,2026-02-26
면목2동190-43,1,,서울특별시 중랑구 면목2동 190-43,,,,,02-2094-2683,서울특별시 중랑구청,2026-02-26
면목2동190-3,1,,서울특별시 중랑구 면목2동 190-3,37.59632539,127.0753533,,,02-2094-2683,서울특별시 중랑구청,2026-02-26
면목2동191-93,1,,서울특별시 중랑구 면목2동 191-93,37.59610207,127.0754369,,,02-2094-2683,서울특별시 중랑구청,2026-02-26
면목2동191-120,1,,서울특별시 중랑구 면목2동 191-120,37.59588145,127.0756597,,,02-2094-2683,서울특별시 중랑구청,2026-02-26
면목2동191-13,1,,서울특별시 중랑구 면목2동 191-13,37.59569024,127.0754109,,,02-2094-2683,서울특별시 중랑구청,2026-02-26
면목2동191-10,1,,서울특별시 중랑구 면목2동 191-10,37.59588145,127.0756597,,,02-2094-2683,서울특별시 중랑구청,2026-02-26
면목2동191-81,1,,서울특별시 중랑구 면목2동 191-81,37.59579789,127.0758598,,,02-2094-2683,서울특별시 중랑구청,2026-02-26
면목2동191-88,1,,서울특별시 중랑구 면목2동 191-88,37.59556494,127.0760806,,,02-2094-2683,서울특별시 중랑구청,2026-02-26
면목2동191-73,1,,서울특별시 중랑구 면목2동 191-73,37.59535953,127.0759021,,,02-2094-2683,서울특별시 중랑구청,2026-02-26
면목2동191-70,1,,서울특별시 중랑구 면목2동 191-70,37.59522184,127.0760773,,,02-2094-2683,서울특별시 중랑구청,2026-02-26
면목2동191-114,1,,서울특별시 중랑구 면목2동 191-114,37.59537332,127.0761864,,,02-2094-2683,서울특별시 중랑구청,2026-02-26
면목2동191-59,1,,서울특별시 중랑구 면목2동 191-59,37.59543847,127.0756023,,,02-2094-2683,서울특별시 중랑구청,2026-02-26
면목2동191-56,1,,서울특별시 중랑구 면목2동 191-56,37.59513739,127.0757037,,,02-2094-2683,서울특별시 중랑구청,2026-02-26
면목2동191-8,1,,서울특별시 중랑구 면목2동 191-8,37.59576278,127.0791161,,,02-2094-2683,서울특별시 중랑구청,2026-02-26
면목2동191-54,1,,서울특별시 중랑구 면목2동 191-54,37.59575822,127.0787933,,,02-2094-2683,서울특별시 중랑구청,2026-02-26
면목2동191-5,1,,서울특별시 중랑구 면목2동 191-5,37.59575822,127.0787933,,,02-2094-2683,서울특별시 중랑구청,2026-02-26
면목2동191-33,1,,서울특별시 중랑구 면목2동 191-33,37.59577318,127.078656,,,02-2094-2683,서울특별시 중랑구청,2026-02-26
면목2동191-32,1,,서울특별시 중랑구 면목2동 191-32,37.59580433,127.0781484,,,02-2094-2683,서울특별시 중랑구청,2026-02-26
면목2동191-3,1,,서울특별시 중랑구 면목2동 191-3,37.59598969,127.0777056,,,02-2094-2683,서울특별시 중랑구청,2026-02-26
면목2동191-29,1,,서울특별시 중랑구 면목2동 191-29,37.59577839,127.0775933,,,02-2094-2683,서울특별시 중랑구청,2026-02-26
면목2동191-25,1,,서울특별시 중랑구 면목2동 191-25,37.5957538,127.0778533,,,02-2094-2683,서울특별시 중랑구청,2026-02-26
면목2동191-105,1,,서울특별시 중랑구 면목2동 191-105,37.5955771,127.0771825,,,02-2094-2683,서울특별시 중랑구청,2026-02-26
면목2동191-101,1,,서울특별시 중랑구 면목2동 191-101,37.59590747,127.077356,,,02-2094-2683,서울특별시 중랑구청,2026-02-26
면목2동191-112,1,,서울특별시 중랑구 면목2동 191-112,37.59610619,127.0772886,,,02-2094-2683,서울특별시 중랑구청,2026-02-26
면목2동191-108,1,,서울특별시 중랑구 면목2동 191-108,37.59614014,127.0771657,,,02-2094-2683,서울특별시 중랑구청,2026-02-26
면목2동191-14,1,,서울특별시 중랑구 면목2동 191-14,37.5959477,127.0768727,,,02-2094-2683,서울특별시 중랑구청,2026-02-26
면목2동191-48,1,,서울특별시 중랑구 면목2동 191-48,37.59615378,127.0768436,,,02-2094-2683,서울특별시 중랑구청,2026-02-26
면목2동182-102,1,,서울특별시 중랑구 면목2동 182-102,37.59624404,127.0768723,,,02-2094-2683,서울특별시 중랑구청,2026-02-26
면목2동182-92,1,,서울특별시 중랑구 면목2동 182-92,37.5963915,127.0763655,,,02-2094-2683,서울특별시 중랑구청,2026-02-26
면목2동182-97,1,,서울특별시 중랑구 면목2동 182-97,,,,,02-2094-2683,서울특별시 중랑구청,2026-02-26
면목2동182-34,1,,서울특별시 중랑구 면목2동 182-34,37.59627566,127.0763223,,,02-2094-2683,서울특별시 중랑구청,2026-02-26
면목2동182-99,1,,서울특별시 중랑구 면목2동 182-99,37.59607121,127.0764892,,,02-2094-2683,서울특별시 중랑구청,2026-02-26
면목2동182-94,1,,서울특별시 중랑구 면목2동 182-94,37.59561204,127.0765256,,,02-2094-2683,서울특별시 중랑구청,2026-02-26
면목2동182-114,1,,서울특별시 중랑구 면목2동 182-114,37.5979053,127.0786275,,,02-2094-2683,서울특별시 중랑구청,2026-02-26
면목2동182-115,1,,서울특별시 중랑구 면목2동 182-115,37.59550384,127.0774821,,,02-2094-2683,서울특별시 중랑구청,2026-02-26
면목2동182-106,1,,서울특별시 중랑구 면목2동 182-106,37.59550384,127.0774821,,,02-2094-2683,서울특별시 중랑구청,2026-02-26
면목2동182-74,1,,서울특별시 중랑구 면목2동 182-74,37.59639014,127.071039,,,02-2094-2683,서울특별시 중랑구청,2026-02-26
면목2동182-80,1,,서울특별시 중랑구 면목2동 182-80,37.59564343,127.078127,,,02-2094-2683,서울특별시 중랑구청,2026-02-26
면목2동182-78,1,,서울특별시 중랑구 면목2동 182-78,,,,,02-2094-2683,서울특별시 중랑구청,2026-02-26
면목2동182-86,1,,서울특별시 중랑구 면목2동 182-86,37.59577318,127.078656,,,02-2094-2683,서울특별시 중랑구청,2026-02-26
면목2동182-15,1,,서울특별시 중랑구 면목2동 182-15,37.59583586,127.0710283,,,02-2094-2683,서울특별시 중랑구청,2026-02-26
면목2동141-38,1,,서울특별시 중랑구 면목2동 141-38,37.59608073,127.0710549,,,02-2094-2683,서울특별시 중랑구청,2026-02-26
면목2동182-117,1,,서울특별시 중랑구 면목2동 182-117,37.59621985,127.0710431,,,02-2094-2683,서울특별시 중랑구청,2026-02-26
면목2동182-52,1,,서울특별시 중랑구 면목2동 182-52,37.59647536,127.0710602,,,02-2094-2683,서울특별시 중랑구청,2026-02-26
면목2동182-44,1,,서울특별시 중랑구 면목2동 182-44,37.5966739,127.0712796,,,02-2094-2683,서울특별시 중랑구청,2026-02-26
면목2동182-30,1,,서울특별시 중랑구 면목2동 182-30,37.59677193,127.0711203,,,02-2094-2683,서울특별시 중랑구청,2026-02-26
면목2동182-9,1,,서울특별시 중랑구 면목2동 182-9,37.59697454,127.0711709,,,02-2094-2683,서울특별시 중랑구청,2026-02-26
면목2동182-26,1,,서울특별시 중랑구 면목2동 182-26,,,,,02-2094-2683,서울특별시 중랑구청,2026-02-26
면목2동182-31,1,,서울특별시 중랑구 면목2동 182-31,37.59713233,127.0714245,,,02-2094-2683,서울특별시 중랑구청,2026-02-26
면목2동182-57,1,,서울특별시 중랑구 면목2동 182-57,37.59723503,127.0712967,,,02-2094-2683,서울특별시 중랑구청,2026-02-26
면목2동182-32,1,,서울특별시 중랑구 면목2동 182-32,37.59741273,127.0713917,,,02-2094-2683,서울특별시 중랑구청,2026-02-26
면목2동182-63,1,,서울특별시 중랑구 면목2동 182-63,37.59753067,127.0714008,,,02-2094-2683,서울특별시 중랑구청,2026-02-26
면목2동182-125,1,,서울특별시 중랑구 면목2동 182-125,37.59768815,127.0715626,,,02-2094-2683,서울특별시 중랑구청,2026-02-26
면목2동182-33,1,,서울특별시 중랑구 면목2동 182-33,37.59718816,127.0717608,,,02-2094-2683,서울특별시 중랑구청,2026-02-26
면목2동192-53,1,,서울특별시 중랑구 면목2동 192-53,37.59712217,127.0715323,,,02-2094-2683,서울특별시 중랑구청,2026-02-26
면목2동192-71,1,,서울특별시 중랑구 면목2동 192-71,37.59674628,127.0715269,,,02-2094-2683,서울특별시 중랑구청,2026-02-26
면목2동192-81,1,,서울특별시 중랑구 면목2동 192-81,37.59657274,127.0716954,,,02-2094-2683,서울특별시 중랑구청,2026-02-26
면목2동192-76,1,,서울특별시 중랑구 면목2동 192-76,37.59648148,127.0715259,,,02-2094-2683,서울특별시 중랑구청,2026-02-26
면목2동192-112,1,,서울특별시 중랑구 면목2동 192-112,37.5963408,127.0715859,,,02-2094-2683,서울특별시 중랑구청,2026-02-26
면목2동192-107,1,,서울특별시 중랑구 면목2동 192-107,37.59626554,127.0711718,,,02-2094-2683,서울특별시 중랑구청,2026-02-26
면목2동192-85,1,,서울특별시 중랑구 면목2동 192-85,37.59611352,127.0713586,,,02-2094-2683,서울특별시 중랑구청,2026-02-26
면목2동192-120,1,,서울특별시 중랑구 면목2동 192-120,37.59597394,127.071683,,,02-2094-2683,서울특별시 중랑구청,2026-02-26
면목2동192-122,1,,서울특별시 중랑구 면목2동 192-122,37.59619787,127.0713425,,,02-2094-2683,서울특별시 중랑구청,2026-02-26
면목2동192-106,1,,서울특별시 중랑구 면목2동 192-106,37.59599881,127.0715454,,,02-2094-2683,서울특별시 중랑구청,2026-02-26
면목2동192-97,1,,서울특별시 중랑구 면목2동 192-97,,,,,02-2094-2683,서울특별시 중랑구청,2026-02-26
면목2동192-4,1,,서울특별시 중랑구 면목2동 192-4,37.59561368,127.0710185,,,02-2094-2683,서울특별시 중랑구청,2026-02-26
면목2동192-96,1,,서울특별시 중랑구 면목2동 192-96,37.59548276,127.0710326,,,02-2094-2683,서울특별시 중랑구청,2026-02-26
면목2동192-12,1,,서울특별시 중랑구 면목2동 192-12,37.59516376,127.0711061,,,02-2094-2683,서울특별시 중랑구청,2026-02-26
면목2동192-18,1,,서울특별시 중랑구 면목2동 192-18,37.59479662,127.0712389,,,02-2094-2683,서울특별시 중랑구청,2026-02-26
면목2동192-21,1,,서울특별시 중랑구 면목2동 192-21,37.59439038,127.0713564,,,02-2094-2683,서울특별시 중랑구청,2026-02-26
면목2동192-33,1,,서울특별시 중랑구 면목2동 192-33,37.59408761,127.0714229,,,02-2094-2683,서울특별시 중랑구청,2026-02-26
면목2동192-46,1,,서울특별시 중랑구 면목2동 192-46,37.59422701,127.0713842,,,02-2094-2683,서울특별시 중랑구청,2026-02-26
면목2동192-22,1,,서울특별시 중랑구 면목2동 192-22,37.59411807,127.0715566,,,02-2094-2683,서울특별시 중랑구청,2026-02-26
면목2동192-88,1,,서울특별시 중랑구 면목2동 192-88,37.59419035,127.0716719,,,02-2094-2683,서울특별시 중랑구청,2026-02-26
면목2동192-90,1,,서울특별시 중랑구 면목2동 192-90,37.59421786,127.0719199,,,02-2094-2683,서울특별시 중랑구청,2026-02-26
면목2동192-1,1,,서울특별시 중랑구 면목2동 192-1,37.59435386,127.0720044,,,02-2094-2683,서울특별시 중랑구청,2026-02-26
면목2동179-17,1,,서울특별시 중랑구 면목2동 179-17,37.59431245,127.0717936,,,02-2094-2683,서울특별시 중랑구청,2026-02-26
면목2동181-62,1,,서울특별시 중랑구 면목2동 181-62,37.59440438,127.0716011,,,02-2094-2683,서울특별시 중랑구청,2026-02-26
면목2동181-58,1,,서울특별시 중랑구 면목2동 181-58,37.5943931,127.0714807,,,02-2094-2683,서울특별시 중랑구청,2026-02-26
면목2동181-89,1,,서울특별시 중랑구 면목2동 181-89,37.59463267,127.0713388,,,02-2094-2683,서울특별시 중랑구청,2026-02-26
면목2동181-93,1,,서울특별시 중랑구 면목2동 181-93,37.59477935,127.0713417,,,02-2094-2683,서울특별시 중랑구청,2026-02-26
면목2동181-84,1,,서울특별시 중랑구 면목2동 181-84,,,,,02-2094-2683,서울특별시 중랑구청,2026-02-26
면목2동181-52,1,,서울특별시 중랑구 면목2동 181-52,37.59517244,127.0712048,,,02-2094-2683,서울특별시 중랑구청,2026-02-26
면목2동181-37,1,,서울특별시 중랑구 면목2동 181-37,37.59521602,127.0716997,,,02-2094-2683,서울특별시 중랑구청,2026-02-26
면목2동181-14,1,,서울특별시 중랑구 면목2동 181-14,37.594837,127.0718035,,,02-2094-2683,서울특별시 중랑구청,2026-02-26
면목2동181-19,1,,서울특별시 중랑구 면목2동 181-19,37.59460123,127.0717769,,,02-2094-2683,서울특별시 중랑구청,2026-02-26
면목2동181-33,1,,서울특별시 중랑구 면목2동 181-33,37.59583497,127.0780043,,,02-2094-2683,서울특별시 중랑구청,2026-02-26
면목2동181-121,1,,서울특별시 중랑구 면목2동 181-121,37.59534243,127.0716969,,,02-2094-2683,서울특별시 중랑구청,2026-02-26
면목2동181-114,1,,서울특별시 중랑구 면목2동 181-114,37.59543092,127.0719745,,,02-2094-2683,서울특별시 중랑구청,2026-02-26
면목2동181-40,1,,서울특별시 중랑구 면목2동 181-40,37.59553186,127.0719258,,,02-2094-2683,서울특별시 중랑구청,2026-02-26
면목2동180-50,1,,서울특별시 중랑구 면목2동 180-50,37.59557498,127.0715502,,,02-2094-2683,서울특별시 중랑구청,2026-02-26
면목2동181-109,1,,서울특별시 중랑구 면목2동 181-109,37.59549122,127.0714941,,,02-2094-2683,서울특별시 중랑구청,2026-02-26
면목2동181-120,1,,서울특별시 중랑구 면목2동 181-120,37.59559181,127.0712718,,,02-2094-2683,서울특별시 중랑구청,2026-02-26
면목2동181-110,1,,서울특별시 중랑구 면목2동 181-110,37.59541695,127.0712378,,,02-2094-2683,서울특별시 중랑구청,2026-02-26
면목2동174-36,1,,서울특별시 중랑구 면목2동 174-36,37.59541484,127.0712998,,,02-2094-2683,서울특별시 중랑구청,2026-02-26
면목2동181-127,1,,서울특별시 중랑구 면목2동 181-127,37.59542566,127.0715946,,,02-2094-2683,서울특별시 중랑구청,2026-02-26
면목2동181-108,1,,서울특별시 중랑구 면목2동 181-108,37.59753067,127.0714008,,,02-2094-2683,서울특별시 중랑구청,2026-02-26
면목2동181-104,1,,서울특별시 중랑구 면목2동 181-104,,,,,02-2094-2683,서울특별시 중랑구청,2026-02-26
면목2동181-23,1,,서울특별시 중랑구 면목2동 181-23,37.59422701,127.0713842,,,02-2094-2683,서울특별시 중랑구청,2026-02-26
면목2동181-30,1,,서울특별시 중랑구 면목2동 181-30,,,,,02-2094-2683,서울특별시 중랑구청,2026-02-26
면목2동181-25,1,,서울특별시 중랑구 면목2동 181-25,,,,,02-2094-2683,서울특별시 중랑구청,2026-02-26
면목2동181-98,1,,서울특별시 중랑구 면목2동 181-98,37.59728388,127.0787759,,,02-2094-2683,서울특별시 중랑구청,2026-02-26
면목2동161-12,1,,서울특별시 중랑구 면목2동 161-12,37.59399564,127.075009,,,02-2094-2683,서울특별시 중랑구청,2026-02-26
면목2동180-116,1,,서울특별시 중랑구 면목2동 180-116,37.59332901,127.0713619,,,02-2094-2683,서울특별시 중랑구청,2026-02-26
면목2동180-105,1,,서울특별시 중랑구 면목2동 180-105,37.59360819,127.0715711,,,02-2094-2683,서울특별시 중랑구청,2026-02-26
면목2동180-83,1,,서울특별시 중랑구 면목2동 180-83,37.59506253,127.0738317,,,02-2094-2683,서울특별시 중랑구청,2026-02-26
면목2동180-107,1,,서울특별시 중랑구 면목2동 180-107,37.5937285,127.0716729,,,02-2094-2683,서울특별시 중랑구청,2026-02-26
면목2동180-96,1,,서울특별시 중랑구 면목2동 180-96,37.5934269,127.072026,,,02-2094-2683,서울특별시 중랑구청,2026-02-26
면목2동180-95,1,,서울특별시 중랑구 면목2동 180-95,37.59435386,127.0720044,,,02-2094-2683,서울특별시 중랑구청,2026-02-26
면목2동180-93,1,,서울특별시 중랑구 면목2동 180-93,,,,,02-2094-2683,서울특별시 중랑구청,2026-02-26
면목2동180-42,1,,서울특별시 중랑구 면목2동 180-42,37.59479658,127.0770444,,,02-2094-2683,서울특별시 중랑구청,2026-02-26
면목2동180-45,1,,서울특별시 중랑구 면목2동 180-45,37.60282674,127.0789572,,,02-2094-2683,서울특별시 중랑구청,2026-02-26
면목2동180-110,1,,서울특별시 중랑구 면목2동 180-110,37.60201781,127.0791218,,,02-2094-2683,서울특별시 중랑구청,2026-02-26
면목2동180-15,1,,서울특별시 중랑구 면목2동 180-15,37.59498809,127.0776424,,,02-2094-2683,서울특별시 중랑구청,2026-02-26
면목2동180-21,1,,서울특별시 중랑구 면목2동 180-21,37.59767848,127.0781547,,,02-2094-2683,서울특별시 중랑구청,2026-02-26
면목2동180-23,1,,서울특별시 중랑구 면목2동 180-23,37.59498813,127.0781903,,,02-2094-2683,서울특별시 중랑구청,2026-02-26
면목2동180-19,1,,서울특별시 중랑구 면목2동 180-19,37.59621985,127.0710431,,,02-2094-2683,서울특별시 중랑구청,2026-02-26
면목2동180-16,1,,서울특별시 중랑구 면목2동 180-16,37.59839691,127.0789874,,,02-2094-2683,서울특별시 중랑구청,2026-02-26
면목2동180-114,1,,서울특별시 중랑구 면목2동 180-114,,,,,02-2094-2683,서울특별시 중랑구청,2026-02-26
면목2동144-31,1,,서울특별시 중랑구 면목2동 144-31,,,,,02-2094-2683,서울특별시 중랑구청,2026-02-26
면목2동144-27,1,,서울특별시 중랑구 면목2동 144-27,,,,,02-2094-2683,서울특별시 중랑구청,2026-02-26
면목2동143-44,1,,서울특별시 중랑구 면목2동 143-44,37.5977944,127.0755817,,,02-2094-2683,서울특별시 중랑구청,2026-02-26
면목2동144-12,1,,서울특별시 중랑구 면목2동 144-12,37.59576278,127.0791161,,,02-2094-2683,서울특별시 중랑구청,2026-02-26
면목2동145-60,1,,서울특별시 중랑구 면목2동 145-60,37.59640614,127.0790316,,,02-2094-2683,서울특별시 중랑구청,2026-02-26
면목2동145-52,1,,서울특별시 중랑구 면목2동 145-52,37.59640614,127.0790316,,,02-2094-2683,서울특별시 중랑구청,2026-02-26
면목2동145-53,1,,서울특별시 중랑구 면목2동 145-53,37.59831037,127.0746243,,,02-2094-2683,서울특별시 중랑구청,2026-02-26
면목2동145-12,1,,서울특별시 중랑구 면목2동 145-12,37.59592002,127.0750862,,,02-2094-2683,서울특별시 중랑구청,2026-02-26
면목2동145-37,1,,서울특별시 중랑구 면목2동 145-37,37.59318312,127.0713914,,,02-2094-2683,서울특별시 중랑구청,2026-02-26
면목2동145-46,1,,서울특별시 중랑구 면목2동 145-46,37.59601626,127.0744908,,,02-2094-2683,서울특별시 중랑구청,2026-02-26
면목2동145-61,1,,서울특별시 중랑구 면목2동 145-61,37.59498809,127.0776424,,,02-2094-2683,서울특별시 중랑구청,2026-02-26
면목2동145-68,1,,서울특별시 중랑구 면목2동 145-68,37.60369913,127.0775313,,,02-2094-2683,서울특별시 중랑구청,2026-02-26
면목2동145-5,1,,서울특별시 중랑구 면목2동 145-5,37.59755415,127.0723429,,,02-2094-2683,서울특별시 중랑구청,2026-02-26
면목2동145-3,1,,서울특별시 중랑구 면목2동 145-3,37.60007919,127.0778502,,,02-2094-2683,서울특별시 중랑구청,2026-02-26
면목2동145-24,1,,서울특별시 중랑구 면목2동 145-24,37.59901346,127.0736884,,,02-2094-2683,서울특별시 중랑구청,2026-02-26
면목2동145-28,1,,서울특별시 중랑구 면목2동 145-28,37.59723364,127.074276,,,02-2094-2683,서울특별시 중랑구청,2026-02-26
면목2동143-6,1,,서울특별시 중랑구 면목2동 143-6,37.59532179,127.0795771,,,02-2094-2683,서울특별시 중랑구청,2026-02-26
면목2동143-58,1,,서울특별시 중랑구 면목2동 143-58,37.59721122,127.0725076,,,02-2094-2683,서울특별시 중랑구청,2026-02-26
면목2동143-56,1,,서울특별시 중랑구 면목2동 143-56,37.59358636,127.0713157,,,02-2094-2683,서울특별시 중랑구청,2026-02-26
면목2동143-46,1,,서울특별시 중랑구 면목2동 143-46,37.5978873,127.0794105,,,02-2094-2683,서울특별시 중랑구청,2026-02-26
면목2동143-13,1,,서울특별시 중랑구 면목2동 143-13,37.59735701,127.0782753,,,02-2094-2683,서울특별시 중랑구청,2026-02-26
면목2동143-20,1,,서울특별시 중랑구 면목2동 143-20,37.60000004,127.0772301,,,02-2094-2683,서울특별시 중랑구청,2026-02-26
면목2동143-30,1,,서울특별시 중랑구 면목2동 143-30,37.59554998,127.0739594,,,02-2094-2683,서울특별시 중랑구청,2026-02-26
면목2동143-32,1,,서울특별시 중랑구 면목2동 143-32,37.59571078,127.0755641,,,02-2094-2683,서울특별시 중랑구청,2026-02-26
면목2동134-37,1,,서울특별시 중랑구 면목2동 134-37,37.59847421,127.0779317,,,02-2094-2683,서울특별시 중랑구청,2026-02-26
면목2동134-36,1,,서울특별시 중랑구 면목2동 134-36,37.59701065,127.072828,,,02-2094-2683,서울특별시 중랑구청,2026-02-26
면목2동134-28,1,,서울특별시 중랑구 면목2동 134-28,,,,,02-2094-2683,서울특별시 중랑구청,2026-02-26
면목2동134-31,1,,서울특별시 중랑구 면목2동 134-31,37.595011,127.075535,,,02-2094-2683,서울특별시 중랑구청,2026-02-26
면목2동134-24,1,,서울특별시 중랑구 면목2동 134-24,37.59672101,127.0767517,,,02-2094-2683,서울특별시 중랑구청,2026-02-26
면목2동1534,1,,서울특별시 중랑구 면목2동 1534,37.60278344,127.0786378,,,02-2094-2683,서울특별시 중랑구청,2026-02-26
면목2동134-19,1,,서울특별시 중랑구 면목2동 134-19,37.5969512,127.0736734,,,02-2094-2683,서울특별시 중랑구청,2026-02-26
면목2동134-13,1,,서울특별시 중랑구 면목2동 134-13,37.59818092,127.0730032,,,02-2094-2683,서울특별시 중랑구청,2026-02-26
면목2동134-11,1,,서울특별시 중랑구 면목2동 134-11,37.59595231,127.0727305,,,02-2094-2683,서울특별시 중랑구청,2026-02-26
면목2동133-29,1,,서울특별시 중랑구 면목2동 133-29,37.59658787,127.0712618,,,02-2094-2683,서울특별시 중랑구청,2026-02-26
면목2동133-27,1,,서울특별시 중랑구 면목2동 133-27,37.59595602,127.071974,,,02-2094-2683,서울특별시 중랑구청,2026-02-26
면목2동133-25,1,,서울특별시 중랑구 면목2동 133-25,37.59729915,127.0714814,,,02-2094-2683,서울특별시 중랑구청,2026-02-26
면목2동133-36,1,,서울특별시 중랑구 면목2동 133-36,37.59909086,127.0735448,,,02-2094-2683,서울특별시 중랑구청,2026-02-26
면목2동133-10,1,,서울특별시 중랑구 면목2동 133-10,37.59877771,127.0754928,,,02-2094-2683,서울특별시 중랑구청,2026-02-26
면목2동133-24,1,,서울특별시 중랑구 면목2동 133-24,37.5969461,127.0750444,,,02-2094-2683,서울특별시 중랑구청,2026-02-26
면목2동133-39,1,,서울특별시 중랑구 면목2동 133-39,37.60392034,127.0779096,,,02-2094-2683,서울특별시 중랑구청,2026-02-26
면목2동133-4,1,,서울특별시 중랑구 면목2동 133-4,37.59760827,127.0776316,,,02-2094-2683,서울특별시 중랑구청,2026-02-26
면목2동133-23,1,,서울특별시 중랑구 면목2동 133-23,37.59742624,127.074461,,,02-2094-2683,서울특별시 중랑구청,2026-02-26
면목2동184-88,1,,서울특별시 중랑구 면목2동 184-88,37.597708,127.0791513,,,02-2094-2683,서울특별시 중랑구청,2026-02-26
면목2동134-8,1,,서울특별시 중랑구 면목2동 134-8,37.59306619,127.0713584,,,02-2094-2683,서울특별시 중랑구청,2026-02-26
면목2동135-25,1,,서울특별시 중랑구 면목2동 135-25,37.59345498,127.0713441,,,02-2094-2683,서울특별시 중랑구청,2026-02-26
면목2동135-11,1,,서울특별시 중랑구 면목2동 135-11,,,,,02-2094-2683,서울특별시 중랑구청,2026-02-26
면목2동135-3,1,,서울특별시 중랑구 면목2동 135-3,37.59730702,127.0715817,,,02-2094-2683,서울특별시 중랑구청,2026-02-26
면목2동135-29,1,,서울특별시 중랑구 면목2동 135-29,37.5950341,127.0730375,,,02-2094-2683,서울특별시 중랑구청,2026-02-26
면목2동135-24,1,,서울특별시 중랑구 면목2동 135-24,37.5969512,127.0736734,,,02-2094-2683,서울특별시 중랑구청,2026-02-26
면목2동135-6,1,,서울특별시 중랑구 면목2동 135-6,37.59408761,127.0714229,,,02-2094-2683,서울특별시 중랑구청,2026-02-26
면목2동135-4,1,,서울특별시 중랑구 면목2동 135-4,37.59421786,127.0719199,,,02-2094-2683,서울특별시 중랑구청,2026-02-26
면목2동142-43,1,,서울특별시 중랑구 면목2동 142-43,37.59503665,127.0712321,,,02-2094-2683,서울특별시 중랑구청,2026-02-26
면목2동142-2,1,,서울특별시 중랑구 면목2동 142-2,37.5963941,127.0711982,,,02-2094-2683,서울특별시 중랑구청,2026-02-26
면목2동142-55,1,,서울특별시 중랑구 면목2동 142-55,37.5963941,127.0711982,,,02-2094-2683,서울특별시 중랑구청,2026-02-26
면목2동142-57,1,,서울특별시 중랑구 면목2동 142-57,37.60066182,127.0788582,,,02-2094-2683,서울특별시 중랑구청,2026-02-26
면목2동142-13,1,,서울특별시 중랑구 면목2동 142-13,37.5948241,127.075729,,,02-2094-2683,서울특별시 중랑구청,2026-02-26
면목2동142-14,1,,서울특별시 중랑구 면목2동 142-14,37.59777359,127.0775152,,,02-2094-2683,서울특별시 중랑구청,2026-02-26
면목2동142-24,1,,서울특별시 중랑구 면목2동 142-24,37.59764478,127.0780167,,,02-2094-2683,서울특별시 중랑구청,2026-02-26
면목2동180-47,1,,서울특별시 중랑구 면목2동 180-47,37.59819887,127.075549,,,02-2094-2683,서울특별시 중랑구청,2026-02-26
면목2동142-35,1,,서울특별시 중랑구 면목2동 142-35,37.59585832,127.0770224,,,02-2094-2683,서울특별시 중랑구청,2026-02-26
면목2동142-29,1,,서울특별시 중랑구 면목2동 142-29,37.60066182,127.0788582,,,02-2094-2683,서울특별시 중랑구청,2026-02-26
면목2동142-15,1,,서울특별시 중랑구 면목2동 142-15,37.60066182,127.0788582,,,02-2094-2683,서울특별시 중랑구청,2026-02-26
면목2동142-10,1,,서울특별시 중랑구 면목2동 142-10,37.60071582,127.0773133,,,02-2094-2683,서울특별시 중랑구청,2026-02-26
면목2동142-50,1,,서울특별시 중랑구 면목2동 142-50,37.59942316,127.0766398,,,02-2094-2683,서울특별시 중랑구청,2026-02-26
면목2동142-51,1,,서울특별시 중랑구 면목2동 142-51,37.597413,127.0715513,,,02-2094-2683,서울특별시 중랑구청,2026-02-26
면목2동143-55,1,,서울특별시 중랑구 면목2동 143-55,37.59921688,127.0731517,,,02-2094-2683,서울특별시 중랑구청,2026-02-26
면목2동142-42,1,,서울특별시 중랑구 면목2동 142-42,37.59832634,127.0719837,,,02-2094-2683,서울특별시 중랑구청,2026-02-26
면목2동147-23,1,,서울특별시 중랑구 면목2동 147-23,37.59704501,127.0777171,,,02-2094-2683,서울특별시 중랑구청,2026-02-26
면목2동184-14,1,,서울특별시 중랑구 면목2동 184-14,,,,,02-2094-2683,서울특별시 중랑구청,2026-02-26
면목2동141-71,1,,서울특별시 중랑구 면목2동 141-71,37.59803934,127.0730668,,,02-2094-2683,서울특별시 중랑구청,2026-02-26
면목2동141-27,1,,서울특별시 중랑구 면목2동 141-27,37.59995737,127.0761966,,,02-2094-2683,서울특별시 중랑구청,2026-02-26
면목2동141-24,1,,서울특별시 중랑구 면목2동 141-24,37.59576278,127.0791161,,,02-2094-2683,서울특별시 중랑구청,2026-02-26
면목2동141-21,1,,서울특별시 중랑구 면목2동 141-21,37.59469512,127.0780033,,,02-2094-2683,서울특별시 중랑구청,2026-02-26
면목2동141-16,1,,서울특별시 중랑구 면목2동 141-16,37.59551311,127.0770782,,,02-2094-2683,서울특별시 중랑구청,2026-02-26
면목2동141-12(25),1,,서울특별시 중랑구 면목2동 141-12(25),37.59768973,127.0735363,,,02-2094-2683,서울특별시 중랑구청,2026-02-26
면목2동141-7,1,,서울특별시 중랑구 면목2동 141-7,37.59488684,127.0713402,,,02-2094-2683,서울특별시 중랑구청,2026-02-26
면목2동141-89,1,,서울특별시 중랑구 면목2동 141-89,37.59504818,127.0713792,,,02-2094-2683,서울특별시 중랑구청,2026-02-26
면목2동184-6,1,,서울특별시 중랑구 면목2동 184-6,37.59583684,127.074268,,,02-2094-2683,서울특별시 중랑구청,2026-02-26
면목2동141-93,1,,서울특별시 중랑구 면목2동 141-93,37.597413,127.0715513,,,02-2094-2683,서울특별시 중랑구청,2026-02-26
면목2동141-4,1,,서울특별시 중랑구 면목2동 141-4,37.5957538,127.0778533,,,02-2094-2683,서울특별시 중랑구청,2026-02-26
면목2동141-83,1,,서울특별시 중랑구 면목2동 141-83,37.60487791,127.0752756,,,02-2094-2683,서울특별시 중랑구청,2026-02-26
면목2동141-96,1,,서울특별시 중랑구 면목2동 141-96,37.59999284,127.0746967,,,02-2094-2683,서울특별시 중랑구청,2026-02-26
면목2동141-47,1,,서울특별시 중랑구 면목2동 141-47,37.60026822,127.0761928,,,02-2094-2683,서울특별시 중랑구청,2026-02-26
면목2동141-41,1,,서울특별시 중랑구 면목2동 141-41,37.59989919,127.0758747,,,02-2094-2683,서울특별시 중랑구청,2026-02-26
면목2동192-93,1,,서울특별시 중랑구 면목2동 192-93,37.59974073,127.0757048,,,02-2094-2683,서울특별시 중랑구청,2026-02-26
면목2동141-57,1,,서울특별시 중랑구 면목2동 141-57,37.59960125,127.0755733,,,02-2094-2683,서울특별시 중랑구청,2026-02-26
면목2동141-63,1,,서울특별시 중랑구 면목2동 141-63,37.59927276,127.0752753,,,02-2094-2683,서울특별시 중랑구청,2026-02-26
면목2동147-26,1,,서울특별시 중랑구 면목2동 147-26,37.59944674,127.0749952,,,02-2094-2683,서울특별시 중랑구청,2026-02-26
면목2동147-42,1,,서울특별시 중랑구 면목2동 147-42,37.59958595,127.0751318,,,02-2094-2683,서울특별시 중랑구청,2026-02-26
면목2동147-5,1,,서울특별시 중랑구 면목2동 147-5,37.59977522,127.0753032,,,02-2094-2683,서울특별시 중랑구청,2026-02-26
면목2동146-71,1,,서울특별시 중랑구 면목2동 146-71,37.59981451,127.075588,,,02-2094-2683,서울특별시 중랑구청,2026-02-26
면목2동146-54,1,,서울특별시 중랑구 면목2동 146-54,37.59986879,127.0756634,,,02-2094-2683,서울특별시 중랑구청,2026-02-26
면목2동146-52,1,,서울특별시 중랑구 면목2동 146-52,37.60000303,127.0758036,,,02-2094-2683,서울특별시 중랑구청,2026-02-26
면목2동146-40,1,,서울특별시 중랑구 면목2동 146-40,37.60010042,127.0755439,,,02-2094-2683,서울특별시 중랑구청,2026-02-26
면목2동146-44,1,,서울특별시 중랑구 면목2동 146-44,37.60049704,127.0756806,,,02-2094-2683,서울특별시 중랑구청,2026-02-26
면목2동146-46,1,,서울특별시 중랑구 면목2동 146-46,37.60038808,127.0755748,,,02-2094-2683,서울특별시 중랑구청,2026-02-26
면목2동146-1,1,,서울특별시 중랑구 면목2동 146-1,37.60006858,127.0751728,,,02-2094-2683,서울특별시 중랑구청,2026-02-26
면목2동146-34,1,,서울특별시 중랑구 면목2동 146-34,37.59993117,127.0750416,,,02-2094-2683,서울특별시 중랑구청,2026-02-26
면목2동146-36,1,,서울특별시 중랑구 면목2동 146-36,37.5997283,127.0748522,,,02-2094-2683,서울특별시 중랑구청,2026-02-26
면목2동146-6,1,,서울특별시 중랑구 면목2동 146-6,37.599598,127.074733,,,02-2094-2683,서울특별시 중랑구청,2026-02-26
면목2동146-21,1,,서울특별시 중랑구 면목2동 146-21,37.60027705,127.0752001,,,02-2094-2683,서울특별시 중랑구청,2026-02-26
면목2동140-17,1,,서울특별시 중랑구 면목2동 140-17,37.60035908,127.075280,,,02-2094-2683,서울특별시 중랑구청,2026-02-26
면목2동140-14,1,,서울특별시 중랑구 면목2동 140-14,37.60056767,127.0754021,,,02-2094-2683,서울특별시 중랑구청,2026-02-26
면목2동140-62,1,,서울특별시 중랑구 면목2동 140-62,37.60087363,127.075575,,,02-2094-2683,서울특별시 중랑구청,2026-02-26
면목2동140-52,1,,서울특별시 중랑구 면목2동 140-52,37.60110194,127.0755797,,,02-2094-2683,서울특별시 중랑구청,2026-02-26
면목2동140-49,1,,서울특별시 중랑구 면목2동 140-49,37.60114905,127.076006,,,02-2094-2683,서울특별시 중랑구청,2026-02-26
면목2동140-51,1,,서울특별시 중랑구 면목2동 140-51,37.60125326,127.0757847,,,02-2094-2683,서울특별시 중랑구청,2026-02-26
면목2동140-33,1,,서울특별시 중랑구 면목2동 140-33,37.60092163,127.075751,,,02-2094-2683,서울특별시 중랑구청,2026-02-26
면목2동140-36,1,,서울특별시 중랑구 면목2동 140-36,37.6008289,127.0760536,,,02-2094-2683,서울특별시 중랑구청,2026-02-26
면목2동140-25,1,,서울특별시 중랑구 면목2동 140-25,37.6007095,127.0758029,,,02-2094-2683,서울특별시 중랑구청,2026-02-26
면목2동140-84,1,,서울특별시 중랑구 면목2동 140-84,37.60043631,127.0761055,,,02-2094-2683,서울특별시 중랑구청,2026-02-26
면목2동140-91,1,,서울특별시 중랑구 면목2동 140-91,37.60043631,127.0761055,,,02-2094-2683,서울특별시 중랑구청,2026-02-26
면목2동140-80,1,,서울특별시 중랑구 면목2동 140-80,37.59976665,127.0744787,,,02-2094-2683,서울특별시 중랑구청,2026-02-26
면목2동140-77,1,,서울특별시 중랑구 면목2동 140-77,37.6000301,127.0743334,,,02-2094-2683,서울특별시 중랑구청,2026-02-26
면목2동140-83,1,,서울특별시 중랑구 면목2동 140-83,37.6000301,127.0743334,,,02-2094-2683,서울특별시 중랑구청,2026-02-26
면목2동140-72,1,,서울특별시 중랑구 면목2동 140-72,37.60005778,127.0745923,,,02-2094-2683,서울특별시 중랑구청,2026-02-26
면목2동139-72,1,,서울특별시 중랑구 면목2동 139-72,37.6003665,127.0743726,,,02-2094-2683,서울특별시 중랑구청,2026-02-26
면목2동139-73,1,,서울특별시 중랑구 면목2동 139-73,37.60065585,127.0747435,,,02-2094-2683,서울특별시 중랑구청,2026-02-26
면목2동139-3,1,,서울특별시 중랑구 면목2동 139-3,37.60032575,127.0748527,,,02-2094-2683,서울특별시 중랑구청,2026-02-26
면목2동139-22,1,,서울특별시 중랑구 면목2동 139-22,37.60069498,127.0751199,,,02-2094-2683,서울특별시 중랑구청,2026-02-26
면목2동139-71,1,,서울특별시 중랑구 면목2동 139-71,37.60089258,127.0751094,,,02-2094-2683,서울특별시 중랑구청,2026-02-26
면목2동139-60,1,,서울특별시 중랑구 면목2동 139-60,37.60111349,127.0751243,,,02-2094-2683,서울특별시 중랑구청,2026-02-26
면목2동139-31,1,,서울특별시 중랑구 면목2동 139-31,,,,,02-2094-2683,서울특별시 중랑구청,2026-02-26
면목2동139-36,1,,서울특별시 중랑구 면목2동 139-36,37.60125725,127.0750352,,,02-2094-2683,서울특별시 중랑구청,2026-02-26
면목2동139-48,1,,서울특별시 중랑구 면목2동 139-48,37.60132987,127.0748947,,,02-2094-2683,서울특별시 중랑구청,2026-02-26
면목2동139-51,1,,서울특별시 중랑구 면목2동 139-51,37.60128076,127.0747731,,,02-2094-2683,서울특별시 중랑구청,2026-02-26
면목2동139-46,1,,서울특별시 중랑구 면목2동 139-46,37.60099869,127.0742961,,,02-2094-2683,서울특별시 중랑구청,2026-02-26
면목2동139-42,1,,서울특별시 중랑구 면목2동 139-42,37.60088635,127.0746924,,,02-2094-2683,서울특별시 중랑구청,2026-02-26
면목2동139-10,1,,서울특별시 중랑구 면목2동 139-10,37.60074377,127.0749113,,,02-2094-2683,서울특별시 중랑구청,2026-02-26
면목2동140-37,1,,서울특별시 중랑구 면목2동 140-37,37.60071467,127.0741844,,,02-2094-2683,서울특별시 중랑구청,2026-02-26
면목2동139-59,1,,서울특별시 중랑구 면목2동 139-59,37.60053291,127.074099,,,02-2094-2683,서울특별시 중랑구청,2026-02-26
면목2동139-20,1,,서울특별시 중랑구 면목2동 139-20,37.60029646,127.0742843,,,02-2094-2683,서울특별시 중랑구청,2026-02-26
면목2동148-48,1,,서울특별시 중랑구 면목2동 148-48,37.59996903,127.074153,,,02-2094-2683,서울특별시 중랑구청,2026-02-26
면목2동148-51,1,,서울특별시 중랑구 면목2동 148-51,37.59983943,127.0743665,,,02-2094-2683,서울특별시 중랑구청,2026-02-26
면목2동148-27,1,,서울특별시 중랑구 면목2동 148-27,37.59898234,127.0757425,,,02-2094-2683,서울특별시 중랑구청,2026-02-26
면목2동148-33,1,,서울특별시 중랑구 면목2동 148-33,37.59891397,127.0758569,,,02-2094-2683,서울특별시 중랑구청,2026-02-26
면목2동148-31,1,,서울특별시 중랑구 면목2동 148-31,37.59915477,127.0759117,,,02-2094-2683,서울특별시 중랑구청,2026-02-26
면목2동148-30,1,,서울특별시 중랑구 면목2동 148-30,37.59938211,127.0758869,,,02-2094-2683,서울특별시 중랑구청,2026-02-26
면목2동148-21,1,,서울특별시 중랑구 면목2동 148-21,37.59951249,127.0760082,,,02-2094-2683,서울특별시 중랑구청,2026-02-26
면목2동148-25,1,,서울특별시 중랑구 면목2동 148-25,37.59939438,127.0761383,,,02-2094-2683,서울특별시 중랑구청,2026-02-26
면목2동148-26,1,,서울특별시 중랑구 면목2동 148-26,37.59926955,127.0763408,,,02-2094-2683,서울특별시 중랑구청,2026-02-26
면목2동148-43,1,,서울특별시 중랑구 면목2동 148-43,37.59910661,127.0764056,,,02-2094-2683,서울특별시 중랑구청,2026-02-26
면목2동148-56,1,,서울특별시 중랑구 면목2동 148-56,37.59901954,127.0763192,,,02-2094-2683,서울특별시 중랑구청,2026-02-26
면목2동148-63,1,,서울특별시 중랑구 면목2동 148-63,37.59876657,127.0761447,,,02-2094-2683,서울특별시 중랑구청,2026-02-26
면목2동148-61,1,,서울특별시 중랑구 면목2동 148-61,37.59899463,127.0765323,,,02-2094-2683,서울특별시 중랑구청,2026-02-26
면목2동148-12,1,,서울특별시 중랑구 면목2동 148-12,37.59918837,127.0764773,,,02-2094-2683,서울특별시 중랑구청,2026-02-26
면목2동148-39,1,,서울특별시 중랑구 면목2동 148-39,37.59890285,127.0768952,,,02-2094-2683,서울특별시 중랑구청,2026-02-26
면목2동138-44,1,,서울특별시 중랑구 면목2동 138-44,37.59873637,127.0767234,,,02-2094-2683,서울특별시 중랑구청,2026-02-26
면목2동138-34,1,,서울특별시 중랑구 면목2동 138-34,37.59860793,127.0763725,,,02-2094-2683,서울특별시 중랑구청,2026-02-26
면목2동138-35,1,,서울특별시 중랑구 면목2동 138-35,37.59868484,127.0762899,,,02-2094-2683,서울특별시 중랑구청,2026-02-26
면목2동138-57,1,,서울특별시 중랑구 면목2동 138-57,37.5988176,127.0760808,,,02-2094-2683,서울특별시 중랑구청,2026-02-26
면목2동138-43,1,,서울특별시 중랑구 면목2동 138-43,37.59844586,127.0766319,,,02-2094-2683,서울특별시 중랑구청,2026-02-26
면목2동138-40,1,,서울특별시 중랑구 면목2동 138-40,37.59837801,127.0769201,,,02-2094-2683,서울특별시 중랑구청,2026-02-26
면목2동138-60,1,,서울특별시 중랑구 면목2동 138-60,37.59862586,127.0767983,,,02-2094-2683,서울특별시 중랑구청,2026-02-26
면목2동138-12,1,,서울특별시 중랑구 면목2동 138-12,37.59871429,127.0770009,,,02-2094-2683,서울특별시 중랑구청,2026-02-26
면목2동138-10,1,,서울특별시 중랑구 면목2동 138-10,37.59904271,127.0771328,,,02-2094-2683,서울특별시 중랑구청,2026-02-26
면목2동138-3,1,,서울특별시 중랑구 면목2동 138-3,37.59959683,127.0772443,,,02-2094-2683,서울특별시 중랑구청,2026-02-26
면목2동138-15,1,,서울특별시 중랑구 면목2동 138-15,37.59967506,127.0770788,,,02-2094-2683,서울특별시 중랑구청,2026-02-26
면목2동138-25,1,,서울특별시 중랑구 면목2동 138-25,37.59974499,127.076920,,,02-2094-2683,서울특별시 중랑구청,2026-02-26
면목2동138-27,1,,서울특별시 중랑구 면목2동 138-27,,,,,02-2094-2683,서울특별시 중랑구청,2026-02-26
면목2동138-62,1,,서울특별시 중랑구 면목2동 138-62,37.60000465,127.0765134,,,02-2094-2683,서울특별시 중랑구청,2026-02-26
면목2동138-61,1,,서울특별시 중랑구 면목2동 138-61,37.59991506,127.0766944,,,02-2094-2683,서울특별시 중랑구청,2026-02-26
면목2동138-51,1,,서울특별시 중랑구 면목2동 138-51,37.59995737,127.0761966,,,02-2094-2683,서울특별시 중랑구청,2026-02-26
면목2동138-46,1,,서울특별시 중랑구 면목2동 138-46,37.59974567,127.0761417,,,02-2094-2683,서울특별시 중랑구청,2026-02-26
면목2동137-27,1,,서울특별시 중랑구 면목2동 137-27,,,,,02-2094-2683,서울특별시 중랑구청,2026-02-26
면목2동137-26,1,,서울특별시 중랑구 면목2동 137-26,37.60112349,127.0762541,,,02-2094-2683,서울특별시 중랑구청,2026-02-26
면목2동137-13,1,,서울특별시 중랑구 면목2동 137-13,37.60144187,127.0765695,,,02-2094-2683,서울특별시 중랑구청,2026-02-26
면목2동137-9,1,,서울특별시 중랑구 면목2동 137-9,37.60119607,127.076592,,,02-2094-2683,서울특별시 중랑구청,2026-02-26
면목2동137-30,1,,서울특별시 중랑구 면목2동 137-30,37.6010082,127.0766157,,,02-2094-2683,서울특별시 중랑구청,2026-02-26
면목2동137-36,1,,서울특별시 중랑구 면목2동 137-36,37.60072702,127.076715,,,02-2094-2683,서울특별시 중랑구청,2026-02-26
면목2동137-47,1,,서울특별시 중랑구 면목2동 137-47,37.60051535,127.076753,,,02-2094-2683,서울특별시 중랑구청,2026-02-26
면목2동137-49,1,,서울특별시 중랑구 면목2동 137-49,37.60016048,127.0768514,,,02-2094-2683,서울특별시 중랑구청,2026-02-26
면목2동137-3,1,,서울특별시 중랑구 면목2동 137-3,37.5998899,127.0771555,,,02-2094-2683,서울특별시 중랑구청,2026-02-26
면목2동137-2,1,,서울특별시 중랑구 면목2동 137-2,37.6001949,127.076987,,,02-2094-2683,서울특별시 중랑구청,2026-02-26
면목2동137-1,1,,서울특별시 중랑구 면목2동 137-1,37.60037784,127.0769287,,,02-2094-2683,서울특별시 중랑구청,2026-02-26
면목2동137-4,1,,서울특별시 중랑구 면목2동 137-4,37.60046866,127.0769207,,,02-2094-2683,서울특별시 중랑구청,2026-02-26
면목2동137-53,1,,서울특별시 중랑구 면목2동 137-53,37.60074666,127.0768644,,,02-2094-2683,서울특별시 중랑구청,2026-02-26
면목2동181-75,1,,서울특별시 중랑구 면목2동 181-75,37.60117479,127.0770288,,,02-2094-2683,서울특별시 중랑구청,2026-02-26
면목2동137-51,1,,서울특별시 중랑구 면목2동 137-51,,,,,02-2094-2683,서울특별시 중랑구청,2026-02-26
면목2동137-38,1,,서울특별시 중랑구 면목2동 137-38,37.60142905,127.0770238,,,02-2094-2683,서울특별시 중랑구청,2026-02-26
면목2동137-34,1,,서울특별시 중랑구 면목2동 137-34,37.60117479,127.0770288,,,02-2094-2683,서울특별시 중랑구청,2026-02-26
면목2동137-18,1,,서울특별시 중랑구 면목2동 137-18,37.60050723,127.0773281,,,02-2094-2683,서울특별시 중랑구청,2026-02-26
면목2동137-15,1,,서울특별시 중랑구 면목2동 137-15,37.60044251,127.0775059,,,02-2094-2683,서울특별시 중랑구청,2026-02-26
면목2동137-22,1,,서울특별시 중랑구 면목2동 137-22,37.60010633,127.0774034,,,02-2094-2683,서울특별시 중랑구청,2026-02-26
면목2동137-19,1,,서울특별시 중랑구 면목2동 137-19,,,,,02-2094-2683,서울특별시 중랑구청,2026-02-26
면목2동136-6,1,,서울특별시 중랑구 면목2동 136-6,37.59957171,127.0779168,,,02-2094-2683,서울특별시 중랑구청,2026-02-26
면목2동136-32,1,,서울특별시 중랑구 면목2동 136-32,37.59995844,127.0778668,,,02-2094-2683,서울특별시 중랑구청,2026-02-26
면목2동136-25,1,,서울특별시 중랑구 면목2동 136-25,37.60017931,127.0775482,,,02-2094-2683,서울특별시 중랑구청,2026-02-26
면목2동136-27,1,,서울특별시 중랑구 면목2동 136-27,37.60042118,127.077619,,,02-2094-2683,서울특별시 중랑구청,2026-02-26
면목2동136-86,1,,서울특별시 중랑구 면목2동 136-86,37.60080477,127.0774142,,,02-2094-2683,서울특별시 중랑구청,2026-02-26
면목2동136-78,1,,서울특별시 중랑구 면목2동 136-78,,,,,02-2094-2683,서울특별시 중랑구청,2026-02-26
면목2동136-17,1,,서울특별시 중랑구 면목2동 136-17,37.60016177,127.0787276,,,02-2094-2683,서울특별시 중랑구청,2026-02-26
면목2동136-19,1,,서울특별시 중랑구 면목2동 136-19,37.59988771,127.0789536,,,02-2094-2683,서울특별시 중랑구청,2026-02-26
면목2동136-90,1,,서울특별시 중랑구 면목2동 136-90,37.59975309,127.0791124,,,02-2094-2683,서울특별시 중랑구청,2026-02-26
면목2동132-34,1,,서울특별시 중랑구 면목2동 132-34,37.59997172,127.0793093,,,02-2094-2683,서울특별시 중랑구청,2026-02-26
면목2동132-52,1,,서울특별시 중랑구 면목2동 132-52,37.60022187,127.0792608,,,02-2094-2683,서울특별시 중랑구청,2026-02-26
면목2동132-48,1,,서울특별시 중랑구 면목2동 132-48,37.599988,127.0789424,,,02-2094-2683,서울특별시 중랑구청,2026-02-26
면목2동132-31,1,,서울특별시 중랑구 면목2동 132-31,37.60011489,127.0791672,,,02-2094-2683,서울특별시 중랑구청,2026-02-26
면목2동132-33,1,,서울특별시 중랑구 면목2동 132-33,37.60011038,127.0790477,,,02-2094-2683,서울특별시 중랑구청,2026-02-26
면목2동132-26,1,,서울특별시 중랑구 면목2동 132-26,37.60110043,127.0787139,,,02-2094-2683,서울특별시 중랑구청,2026-02-26
면목2동132-24,1,,서울특별시 중랑구 면목2동 132-24,37.60137274,127.0789289,,,02-2094-2683,서울특별시 중랑구청,2026-02-26
면목2동132-22,1,,서울특별시 중랑구 면목2동 132-22,37.60119829,127.0789636,,,02-2094-2683,서울특별시 중랑구청,2026-02-26
면목2동132-14,1,,서울특별시 중랑구 면목2동 132-14,37.60103052,127.0784336,,,02-2094-2683,서울특별시 중랑구청,2026-02-26
면목2동131-9,1,,서울특별시 중랑구 면목2동 131-9,37.60103052,127.0784336,,,02-2094-2683,서울특별시 중랑구청,2026-02-26
면목2동131-39,1,,서울특별시 중랑구 면목2동 131-39,37.60089759,127.0780747,,,02-2094-2683,서울특별시 중랑구청,2026-02-26
면목2동1503-12,1,,서울특별시 중랑구 면목2동 1503-12,37.60075191,127.0783262,,,02-2094-2683,서울특별시 중랑구청,2026-02-26
면목2동1503-11,1,,서울특별시 중랑구 면목2동 1503-11,37.60065536,127.0781324,,,02-2094-2683,서울특별시 중랑구청,2026-02-26
면목2동131-17,1,,서울특별시 중랑구 면목2동 131-17,37.60046885,127.078149,,,02-2094-2683,서울특별시 중랑구청,2026-02-26
면목2동131-43,1,,서울특별시 중랑구 면목2동 131-43,37.60041416,127.0784258,,,02-2094-2683,서울특별시 중랑구청,2026-02-26
면목2동131-29,1,,서울특별시 중랑구 면목2동 131-29,37.60062594,127.0784807,,,02-2094-2683,서울특별시 중랑구청,2026-02-26
면목2동131-46,1,,서울특별시 중랑구 면목2동 131-46,37.60062594,127.0784807,,,02-2094-2683,서울특별시 중랑구청,2026-02-26
면목2동132-44,1,,서울특별시 중랑구 면목2동 132-44,37.6007311,127.0784637,,,02-2094-2683,서울특별시 중랑구청,2026-02-26
면목2동179-18,1,,서울특별시 중랑구 면목2동 179-18,37.60062593,127.078635,,,02-2094-2683,서울특별시 중랑구청,2026-02-26
면목2동179-44,1,,서울특별시 중랑구 면목2동 179-44,37.60251611,127.0747584,,,02-2094-2683,서울특별시 중랑구청,2026-02-26
면목2동179-124,1,,서울특별시 중랑구 면목2동 179-124,37.6027232,127.0747011,,,02-2094-2683,서울특별시 중랑구청,2026-02-26
면목2동179-66,1,,서울특별시 중랑구 면목2동 179-66,37.60299682,127.0752868,,,02-2094-2683,서울특별시 중랑구청,2026-02-26
면목2동179-42,1,,서울특별시 중랑구 면목2동 179-42,37.60185124,127.0758014,,,02-2094-2683,서울특별시 중랑구청,2026-02-26
면목2동179-32,1,,서울특별시 중랑구 면목2동 179-32,37.6016881,127.0753254,,,02-2094-2683,서울특별시 중랑구청,2026-02-26
면목2동179-69,1,,서울특별시 중랑구 면목2동 179-69,37.60198143,127.0753744,,,02-2094-2683,서울특별시 중랑구청,2026-02-26
면목2동179-34,1,,서울특별시 중랑구 면목2동 179-34,37.60194737,127.0756604,,,02-2094-2683,서울특별시 중랑구청,2026-02-26
면목2동179-37,1,,서울특별시 중랑구 면목2동 179-37,37.60305961,127.0758527,,,02-2094-2683,서울특별시 중랑구청,2026-02-26
면목2동179-88,1,,서울특별시 중랑구 면목2동 179-88,37.60166786,127.0761217,,,02-2094-2683,서울특별시 중랑구청,2026-02-26
면목2동179-115,1,,서울특별시 중랑구 면목2동 179-115,37.60188131,127.0769444,,,02-2094-2683,서울특별시 중랑구청,2026-02-26
면목2동179-106,1,,서울특별시 중랑구 면목2동 179-106,37.60228057,127.0773209,,,02-2094-2683,서울특별시 중랑구청,2026-02-26
면목2동179-101,1,,서울특별시 중랑구 면목2동 179-101,37.60169712,127.077131,,,02-2094-2683,서울특별시 중랑구청,2026-02-26
면목2동179-112,1,,서울특별시 중랑구 면목2동 179-112,37.60237047,127.076102,,,02-2094-2683,서울특별시 중랑구청,2026-02-26
면목2동179-80,1,,서울특별시 중랑구 면목2동 179-80,37.60303666,127.0770761,,,02-2094-2683,서울특별시 중랑구청,2026-02-26
면목2동179-95,1,,서울특별시 중랑구 면목2동 179-95,37.60309825,127.0763012,,,02-2094-2683,서울특별시 중랑구청,2026-02-26
면목2동179-53,1,,서울특별시 중랑구 면목2동 179-53,37.60299376,127.076537,,,02-2094-2683,서울특별시 중랑구청,2026-02-26
면목2동179-10,1,,서울특별시 중랑구 면목2동 179-10,37.60297496,127.0760755,,,02-2094-2683,서울특별시 중랑구청,2026-02-26
면목2동179-6,1,,서울특별시 중랑구 면목2동 179-6,37.60331008,127.0761384,,,02-2094-2683,서울특별시 중랑구청,2026-02-26
면목2동178-50,1,,서울특별시 중랑구 면목2동 178-50,37.60329461,127.0759609,,,02-2094-2683,서울특별시 중랑구청,2026-02-26
면목2동178-23,1,,서울특별시 중랑구 면목2동 178-23,37.60326623,127.0758219,,,02-2094-2683,서울특별시 중랑구청,2026-02-26
면목2동178-6,1,,서울특별시 중랑구 면목2동 178-6,37.60350701,127.0757741,,,02-2094-2683,서울특별시 중랑구청,2026-02-26
면목2동178-56,1,,서울특별시 중랑구 면목2동 178-56,37.60362738,127.0757662,,,02-2094-2683,서울특별시 중랑구청,2026-02-26
면목2동178-19,1,,서울특별시 중랑구 면목2동 178-19,37.60362647,127.0760613,,,02-2094-2683,서울특별시 중랑구청,2026-02-26
면목2동178-5,1,,서울특별시 중랑구 면목2동 178-5,37.60401811,127.0758196,,,02-2094-2683,서울특별시 중랑구청,2026-02-26
면목2동178-48,1,,서울특별시 중랑구 면목2동 178-48,37.60388203,127.0757226,,,02-2094-2683,서울특별시 중랑구청,2026-02-26
면목2동178-4,1,,서울특별시 중랑구 면목2동 178-4,37.60378382,127.0757298,,,02-2094-2683,서울특별시 중랑구청,2026-02-26
면목2동178-43,1,,서울특별시 중랑구 면목2동 178-43,37.60409749,127.0756758,,,02-2094-2683,서울특별시 중랑구청,2026-02-26
면목2동178-47,1,,서울특별시 중랑구 면목2동 178-47,37.60410772,127.0758696,,,02-2094-2683,서울특별시 중랑구청,2026-02-26
면목2동178-51,1,,서울특별시 중랑구 면목2동 178-51,37.60428963,127.0758823,,,02-2094-2683,서울특별시 중랑구청,2026-02-26
면목2동177-13,1,,서울특별시 중랑구 면목2동 177-13,37.60430396,127.0760051,,,02-2094-2683,서울특별시 중랑구청,2026-02-26
면목2동177-33,1,,서울특별시 중랑구 면목2동 177-33,37.60431322,127.0756203,,,02-2094-2683,서울특별시 중랑구청,2026-02-26
면목2동177-11,1,,서울특별시 중랑구 면목2동 177-11,37.604696,127.0755634,,,02-2094-2683,서울특별시 중랑구청,2026-02-26
면목2동177-192,1,,서울특별시 중랑구 면목2동 177-192,37.60489118,127.0755184,,,02-2094-2683,서울특별시 중랑구청,2026-02-26
면목2동177-88,1,,서울특별시 중랑구 면목2동 177-88,37.60492803,127.0756668,,,02-2094-2683,서울특별시 중랑구청,2026-02-26
면목2동177-20,1,,서울특별시 중랑구 면목2동 177-20,37.60474447,127.0756987,,,02-2094-2683,서울특별시 중랑구청,2026-02-26
면목2동177-17,1,,서울특별시 중랑구 면목2동 177-17,37.60458664,127.0759486,,,02-2094-2683,서울특별시 중랑구청,2026-02-26
면목2동177-93,1,,서울특별시 중랑구 면목2동 177-93,37.60496331,127.0759942,,,02-2094-2683,서울특별시 중랑구청,2026-02-26
면목2동177-116,1,,서울특별시 중랑구 면목2동 177-116,37.60459573,127.0760955,,,02-2094-2683,서울특별시 중랑구청,2026-02-26
면목2동177-114,1,,서울특별시 중랑구 면목2동 177-114,37.60491422,127.0763905,,,02-2094-2683,서울특별시 중랑구청,2026-02-26
면목2동177-117,1,,서울특별시 중랑구 면목2동 177-117,37.6046988,127.0762461,,,02-2094-2683,서울특별시 중랑구청,2026-02-26
면목2동177-64,1,,서울특별시 중랑구 면목2동 177-64,37.60438693,127.0763041,,,02-2094-2683,서울특별시 중랑구청,2026-02-26
면목2동177-74,1,,서울특별시 중랑구 면목2동 177-74,37.60420283,127.0763413,,,02-2094-2683,서울특별시 중랑구청,2026-02-26
면목2동177-171,1,,서울특별시 중랑구 면목2동 177-171,37.60394665,127.0762501,,,02-2094-2683,서울특별시 중랑구청,2026-02-26
면목2동177-122,1,,서울특별시 중랑구 면목2동 177-122,37.60385193,127.0764305,,,02-2094-2683,서울특별시 중랑구청,2026-02-26
면목2동177-120,1,,서울특별시 중랑구 면목2동 177-120,37.60383729,127.0762214,,,02-2094-2683,서울특별시 중랑구청,2026-02-26
면목2동192-131,1,,서울특별시 중랑구 면목2동 192-131,37.6035933,127.0766409,,,02-2094-2683,서울특별시 중랑구청,2026-02-26
면목2동177-134,1,,서울특별시 중랑구 면목2동 177-134,37.60352884,127.0760001,,,02-2094-2683,서울특별시 중랑구청,2026-02-26
면목2동177-135,1,,서울특별시 중랑구 면목2동 177-135,37.60333841,127.0765032,,,02-2094-2683,서울특별시 중랑구청,2026-02-26
면목2동177-138,1,,서울특별시 중랑구 면목2동 177-138,37.60320884,127.0769364,,,02-2094-2683,서울특별시 중랑구청,2026-02-26
면목2동177-201,1,,서울특별시 중랑구 면목2동 177-201,37.60311779,127.0770064,,,02-2094-2683,서울특별시 중랑구청,2026-02-26
면목2동177-7,1,,서울특별시 중랑구 면목2동 177-7,37.60365973,127.0767424,,,02-2094-2683,서울특별시 중랑구청,2026-02-26
면목2동177-3,1,,서울특별시 중랑구 면목2동 177-3,37.60408586,127.0766613,,,02-2094-2683,서울특별시 중랑구청,2026-02-26
면목2동176-22,1,,서울특별시 중랑구 면목2동 176-22,37.60424815,127.0766309,,,02-2094-2683,서울특별시 중랑구청,2026-02-26
면목2동176-11,1,,서울특별시 중랑구 면목2동 176-11,37.60462093,127.0765588,,,02-2094-2683,서울특별시 중랑구청,2026-02-26
면목2동176-103,1,,서울특별시 중랑구 면목2동 176-103,37.60468347,127.0765444,,,02-2094-2683,서울특별시 중랑구청,2026-02-26
면목2동176-107,1,,서울특별시 중랑구 면목2동 176-107,37.60486052,127.0766707,,,02-2094-2683,서울특별시 중랑구청,2026-02-26
면목2동176-109,1,,서울특별시 중랑구 면목2동 176-109,37.60502508,127.0764771,,,02-2094-2683,서울특별시 중랑구청,2026-02-26
면목2동176-94,1,,서울특별시 중랑구 면목2동 176-94,37.60471375,127.0768161,,,02-2094-2683,서울특별시 중랑구청,2026-02-26
면목2동176-90,1,,서울특별시 중랑구 면목2동 176-90,37.59951249,127.0760082,,,02-2094-2683,서울특별시 중랑구청,2026-02-26
면목2동176-89,1,,서울특별시 중랑구 면목2동 176-89,37.60402829,127.0769339,,,02-2094-2683,서울특별시 중랑구청,2026-02-26
면목2동176-15,1,,서울특별시 중랑구 면목2동 176-15,37.60389294,127.0771006,,,02-2094-2683,서울특별시 중랑구청,2026-02-26
면목2동176-72,1,,서울특별시 중랑구 면목2동 176-72,,,,,02-2094-2683,서울특별시 중랑구청,2026-02-26
면목2동176-65,1,,서울특별시 중랑구 면목2동 176-65,,,,,02-2094-2683,서울특별시 중랑구청,2026-02-26
면목2동176-59,1,,서울특별시 중랑구 면목2동 176-59,37.60400522,127.0779006,,,02-2094-2683,서울특별시 중랑구청,2026-02-26
면목2동176-35,1,,서울특별시 중랑구 면목2동 176-35,37.60406285,127.0782218,,,02-2094-2683,서울특별시 중랑구청,2026-02-26
면목2동176-36,1,,서울특별시 중랑구 면목2동 176-36,37.60373992,127.0781164,,,02-2094-2683,서울특별시 중랑구청,2026-02-26
면목2동176-38,1,,서울특별시 중랑구 면목2동 176-38,37.60363199,127.0783751,,,02-2094-2683,서울특별시 중랑구청,2026-02-26
면목2동176-17,1,,서울특별시 중랑구 면목2동 176-17,37.6031533,127.0746003,,,02-2094-2683,서울특별시 중랑구청,2026-02-26
면목2동176-81,1,,서울특별시 중랑구 면목2동 176-81,37.60325812,127.0787105,,,02-2094-2683,서울특별시 중랑구청,2026-02-26
면목2동176-19,1,,서울특별시 중랑구 면목2동 176-19,37.60321885,127.0782884,,,02-2094-2683,서울특별시 중랑구청,2026-02-26
면목2동176-1,1,,서울특별시 중랑구 면목2동 176-1,37.60335288,127.0783384,,,02-2094-2683,서울특별시 중랑구청,2026-02-26
면목2동176-125,1,,서울특별시 중랑구 면목2동 176-125,37.60301446,127.0783606,,,02-2094-2683,서울특별시 중랑구청,2026-02-26
면목2동176-128,1,,서울특별시 중랑구 면목2동 176-128,37.60277513,127.0783996,,,02-2094-2683,서울특별시 중랑구청,2026-02-26
면목2동177-47,1,,서울특별시 중랑구 면목2동 177-47,37.60289587,127.0783844,,,02-2094-2683,서울특별시 중랑구청,2026-02-26
면목2동177-52,1,,서울특별시 중랑구 면목2동 177-52,37.60294958,127.0787684,,,02-2094-2683,서울특별시 중랑구청,2026-02-26
면목2동177-87,1,,서울특별시 중랑구 면목2동 177-87,37.60278344,127.0786378,,,02-2094-2683,서울특별시 중랑구청,2026-02-26
면목2동177-155,1,,서울특별시 중랑구 면목2동 177-155,37.60243641,127.0788533,,,02-2094-2683,서울특별시 중랑구청,2026-02-26
면목2동177-153,1,,서울특별시 중랑구 면목2동 177-153,37.60255678,127.0788625,,,02-2094-2683,서울특별시 중랑구청,2026-02-26
면목2동177-163,1,,서울특별시 중랑구 면목2동 177-163,37.60223988,127.078763,,,02-2094-2683,서울특별시 중랑구청,2026-02-26
면목2동177-168,1,,서울특별시 중랑구 면목2동 177-168,,,,,02-2094-2683,서울특별시 중랑구청,2026-02-26
면목2동177-176,1,,서울특별시 중랑구 면목2동 177-176,37.6021251,127.078338,,,02-2094-2683,서울특별시 중랑구청,2026-02-26
면목2동177-174,1,,서울특별시 중랑구 면목2동 177-174,37.60205793,127.0785453,,,02-2094-2683,서울특별시 중랑구청,2026-02-26
면목2동193-53,1,,서울특별시 중랑구 면목2동 193-53,37.60176534,127.0780671,,,02-2094-2683,서울특별시 중랑구청,2026-02-26
면목2동193-49,1,,서울특별시 중랑구 면목2동 193-49,,,,,02-2094-2683,서울특별시 중랑구청,2026-02-26
면목2동193-30,1,,서울특별시 중랑구 면목2동 193-30,37.60228574,127.0784953,,,02-2094-2683,서울특별시 중랑구청,2026-02-26
면목2동193-31,1,,서울특별시 중랑구 면목2동 193-31,37.60260164,127.0784748,,,02-2094-2683,서울특별시 중랑구청,2026-02-26
면목2동192-125,1,,서울특별시 중랑구 면목2동 192-125,37.60236968,127.0781342,,,02-2094-2683,서울특별시 중랑구청,2026-02-26
면목2동193-14,1,,서울특별시 중랑구 면목2동 193-14,37.60242973,127.0777977,,,02-2094-2683,서울특별시 중랑구청,2026-02-26
면목2동193-15,1,,서울특별시 중랑구 면목2동 193-15,37.60288381,127.0779511,,,02-2094-2683,서울특별시 중랑구청,2026-02-26
면목2동193-20,1,,서울특별시 중랑구 면목2동 193-20,37.60299173,127.0779865,,,02-2094-2683,서울특별시 중랑구청,2026-02-26
면목2동193-56,1,,서울특별시 중랑구 면목2동 193-56,37.60349021,127.0779134,,,02-2094-2683,서울특별시 중랑구청,2026-02-26
면목2동177-81,1,,서울특별시 중랑구 면목2동 177-81,37.60307099,127.0777496,,,02-2094-2683,서울특별시 중랑구청,2026-02-26
면목2동177-209,1,,서울특별시 중랑구 면목2동 177-209,37.6035948,127.0754397,,,02-2094-2683,서울특별시 중랑구청,2026-02-26
면목2동177-130,1,,서울특별시 중랑구 면목2동 177-130,37.60339316,127.0751499,,,02-2094-2683,서울특별시 중랑구청,2026-02-26
면목2동177-28,1,,서울특별시 중랑구 면목2동 177-28,37.60385425,127.0752077,,,02-2094-2683,서울특별시 중랑구청,2026-02-26
면목2동178-36,1,,서울특별시 중랑구 면목2동 178-36,37.60382084,127.0750339,,,02-2094-2683,서울특별시 중랑구청,2026-02-26
면목2동141-51,1,,서울특별시 중랑구 면목2동 141-51,37.60397925,127.0752976,,,02-2094-2683,서울특별시 중랑구청,2026-02-26
면목2동141-11,1,,서울특별시 중랑구 면목2동 141-11,37.60456892,127.0747711,,,02-2094-2683,서울특별시 중랑구청,2026-02-26
면목2동177-50,1,,서울특별시 중랑구 면목2동 177-50,37.6041979,127.0751834,,,02-2094-2683,서울특별시 중랑구청,2026-02-26
면목2동183-4,1,,서울특별시 중랑구 면목2동 183-4,37.60442938,127.0751603,,,02-2094-2683,서울특별시 중랑구청,2026-02-26
면목2동133-19,1,,서울특별시 중랑구 면목2동 133-19,37.60459581,127.0751295,,,02-2094-2683,서울특별시 중랑구청,2026-02-26
면목2동146-22,1,,서울특별시 중랑구 면목2동 146-22,37.60486074,127.0750796,,,02-2094-2683,서울특별시 중랑구청,2026-02-26
면목2동146-7,1,,서울특별시 중랑구 면목2동 146-7,37.60470174,127.0747568,,,02-2094-2683,서울특별시 중랑구청,2026-02-26
면목2동134-29,1,,서울특별시 중랑구 면목2동 134-29,37.60462457,127.0749705,,,02-2094-2683,서울특별시 중랑구청,2026-02-26
면목2동147-28,1,,서울특별시 중랑구 면목2동 147-28,37.60480004,127.0747426,,,02-2094-2683,서울특별시 중랑구청,2026-02-26
면목2동184-51,1,,서울특별시 중랑구 면목2동 184-51,37.60468817,127.0745517,,,02-2094-2683,서울특별시 중랑구청,2026-02-26
면목2동135-8,1,,서울특별시 중랑구 면목2동 135-8,37.60458274,127.0745749,,,02-2094-2683,서울특별시 중랑구청,2026-02-26
면목2동147-22,1,,서울특별시 중랑구 면목2동 147-22,37.60449254,127.0745933,,,02-2094-2683,서울특별시 중랑구청,2026-02-26
면목2동132-30,1,,서울특별시 중랑구 면목2동 132-30,37.60458274,127.0745749,,,02-2094-2683,서울특별시 중랑구청,2026-02-26
면목2동181-31,1,,서울특별시 중랑구 면목2동 181-31,37.604680,127.0743647,,,02-2094-2683,서울특별시 중랑구청,2026-02-26
면목2동181-26,1,,서울특별시 중랑구 면목2동 181-26,37.60405579,127.0742292,,,02-2094-2683,서울특별시 중랑구청,2026-02-26
면목2동181-28,1,,서울특별시 중랑구 면목2동 181-28,37.60408694,127.0745487,,,02-2094-2683,서울특별시 중랑구청,2026-02-26
면목2동181-100,1,,서울특별시 중랑구 면목2동 181-100,37.6041874,127.0749772,,,02-2094-2683,서울특별시 중랑구청,2026-02-26
면목2동181-99,1,,서울특별시 중랑구 면목2동 181-99,37.60406188,127.0750022,,,02-2094-2683,서울특별시 중랑구청,2026-02-26
면목2동182-59,1,,서울특별시 중랑구 면목2동 182-59,37.60400242,127.0747037,,,02-2094-2683,서울특별시 중랑구청,2026-02-26
면목2동192-92,1,,서울특별시 중랑구 면목2동 192-92,37.60365189,127.0747703,,,02-2094-2683,서울특별시 중랑구청,2026-02-26
면목2동136-92,1,,서울특별시 중랑구 면목2동 136-92,37.60342732,127.0749904,,,02-2094-2683,서울특별시 중랑구청,2026-02-26
면목2동140-23,1,,서울특별시 중랑구 면목2동 140-23,37.60333667,127.0745727,,,02-2094-2683,서울특별시 중랑구청,2026-02-26
면목2동183-124,1,,서울특별시 중랑구 면목2동 183-124,37.60346219,127.0745509,,,02-2094-2683,서울특별시 중랑구청,2026-02-26
면목2동148-16,1,,서울특별시 중랑구 면목2동 148-16,37.60456892,127.0747711,,,02-2094-2683,서울특별시 중랑구청,2026-02-26
면목2동134-40,1,,서울특별시 중랑구 면목2동 134-40,37.60359252,127.0744877,,,02-2094-2683,서울특별시 중랑구청,2026-02-26
면목2동178-38,1,,서울특별시 중랑구 면목2동 178-38,37.60106809,127.0749665,,,02-2094-2683,서울특별시 중랑구청,2026-02-26
면목2동142-60,1,,서울특별시 중랑구 면목2동 142-60,37.59922257,127.0775053,,,02-2094-2683,서울특별시 중랑구청,2026-02-26
면목2동186-82,1,,서울특별시 중랑구 면목2동 186-82,37.6008091,127.0789059,,,02-2094-2683,서울특별시 중랑구청,2026-02-26
면목2동178-9,1,,서울특별시 중랑구 면목2동 178-9,37.60319797,127.0750608,,,02-2094-2683,서울특별시 중랑구청,2026-02-26
면목2동136-96,1,,서울특별시 중랑구 면목2동 136-96,37.60093345,127.0790141,,,02-2094-2683,서울특별시 중랑구청,2026-02-26
면목2동178-39,1,,서울특별시 중랑구 면목2동 178-39,37.6032023,127.0772804,,,02-2094-2683,서울특별시 중랑구청,2026-02-26
면목2동182-100,1,,서울특별시 중랑구 면목2동 182-100,37.60025467,127.0787095,,,02-2094-2683,서울특별시 중랑구청,2026-02-26
면목2동1514,1,,서울특별시 중랑구 면목2동 1514,37.60105142,127.0756733,,,02-2094-2683,서울특별시 중랑구청,2026-02-26
면목2동181-63,1,,서울특별시 중랑구 면목2동 181-63,37.60377633,127.0760319,,,02-2094-2683,서울특별시 중랑구청,2026-02-26
면목2동190-17,1,,서울특별시 중랑구 면목2동 190-17,37.60020982,127.0760642,,,02-2094-2683,서울특별시 중랑구청,2026-02-26
면목2동132-7,1,,서울특별시 중랑구 면목2동 132-7,37.60438693,127.0763041,,,02-2094-2683,서울특별시 중랑구청,2026-02-26
면목2동190-26,1,,서울특별시 중랑구 면목2동 190-26,37.60035361,127.0746711,,,02-2094-2683,서울특별시 중랑구청,2026-02-26
면목2동183-52,1,,서울특별시 중랑구 면목2동 183-52,37.6014168,127.0761897,,,02-2094-2683,서울특별시 중랑구청,2026-02-26
면목2동184-63,1,,서울특별시 중랑구 면목2동 184-63,37.60000004,127.0772301,,,02-2094-2683,서울특별시 중랑구청,2026-02-26
면목2동136-14,1,,서울특별시 중랑구 면목2동 136-14,37.60280097,127.0755163,,,02-2094-2683,서울특별시 중랑구청,2026-02-26
면목2동141-12,1,,서울특별시 중랑구 면목2동 141-12,37.59569874,127.0749446,,,02-2094-2683,서울특별시 중랑구청,2026-02-26
면목2동147-15,1,,서울특별시 중랑구 면목2동 147-15,37.59960823,127.0762136,,,02-2094-2683,서울특별시 중랑구청,2026-02-26
면목2동143-68,1,,서울특별시 중랑구 면목2동 143-68,37.59976665,127.0744787,,,02-2094-2683,서울특별시 중랑구청,2026-02-26
면목2동191-94,1,,서울특별시 중랑구 면목2동 191-94,37.60178511,127.0762142,,,02-2094-2683,서울특별시 중랑구청,2026-02-26
면목2동142-11,1,,서울특별시 중랑구 면목2동 142-11,37.60118528,127.0773899,,,02-2094-2683,서울특별시 중랑구청,2026-02-26
면목2동138-42,1,,서울특별시 중랑구 면목2동 138-42,37.59960659,127.0754028,,,02-2094-2683,서울특별시 중랑구청,2026-02-26
면목2동131-8,1,,서울특별시 중랑구 면목2동 131-8,37.6043096,127.0779965,,,02-2094-2683,서울특별시 중랑구청,2026-02-26
면목2동179-21,1,,서울특별시 중랑구 면목2동 179-21,37.60030922,127.0758955,,,02-2094-2683,서울특별시 중랑구청,2026-02-26
면목2동177-170,1,,서울특별시 중랑구 면목2동 177-170,37.60358071,127.0764687,,,02-2094-2683,서울특별시 중랑구청,2026-02-26
면목2동177-152,1,,서울특별시 중랑구 면목2동 177-152,37.59869292,127.0759238,,,02-2094-2683,서울특별시 중랑구청,2026-02-26
면목2동177-44,1,,서울특별시 중랑구 면목2동 177-44,37.60413047,127.0760789,,,02-2094-2683,서울특별시 중랑구청,2026-02-26
면목2동177-194,1,,서울특별시 중랑구 면목2동 177-194,37.59869292,127.0759238,,,02-2094-2683,서울특별시 중랑구청,2026-02-26
면목2동177-144,1,,서울특별시 중랑구 면목2동 177-144,37.60308747,127.0783038,,,02-2094-2683,서울특별시 중랑구청,2026-02-26
면목2동177-178,1,,서울특별시 중랑구 면목2동 177-178,37.60174281,127.0786146,,,02-2094-2683,서울특별시 중랑구청,2026-02-26
면목2동193-54,1,,서울특별시 중랑구 면목2동 193-54,37.60127994,127.0787898,,,02-2094-2683,서울특별시 중랑구청,2026-02-26
면목2동177-42,1,,서울특별시 중랑구 면목2동 177-42,37.60035365,127.0765754,,,02-2094-2683,서울특별시 중랑구청,2026-02-26
면목2동132-43,1,,서울특별시 중랑구 면목2동 132-43,37.60041453,127.0763492,,,02-2094-2683,서울특별시 중랑구청,2026-02-26
면목2동192-115,1,,서울특별시 중랑구 면목2동 192-115,37.60356718,127.0763466,,,02-2094-2683,서울특별시 중랑구청,2026-02-26
면목2동148,1,,서울특별시 중랑구 면목2동 148,37.60109851,127.0773924,,,02-2094-2683,서울특별시 중랑구청,2026-02-26
면목2동183-90,1,,서울특별시 중랑구 면목2동 183-90,37.60452226,127.0768649,,,02-2094-2683,서울특별시 중랑구청,2026-02-26
면목2동183-83,1,,서울특별시 중랑구 면목2동 183-83,37.60006228,127.0858664,,,02-2094-2683,서울특별시 중랑구청,2026-02-26
면목2동177-109,1,,서울특별시 중랑구 면목2동 177-109,37.5991473,127.0754753,,,02-2094-2683,서울특별시 중랑구청,2026-02-26
면목2동186-126,1,,서울특별시 중랑구 면목2동 186-126,37.59940088,127.0757052,,,02-2094-2683,서울특별시 중랑구청,2026-02-26
면목2동177-105,1,,서울특별시 중랑구 면목2동 177-105,37.60420877,127.0780103,,,02-2094-2683,서울특별시 중랑구청,2026-02-26
면목2동192-51,1,,서울특별시 중랑구 면목2동 192-51,37.60666843,127.0825806,,,02-2094-2683,서울특별시 중랑구청,2026-02-26
면목2동185-16,1,,서울특별시 중랑구 면목2동 185-16,37.60666843,127.0825806,,,02-2094-2683,서울특별시 중랑구청,2026-02-26
면목2동183-39,1,,서울특별시 중랑구 면목2동 183-39,37.60680956,127.0816211,,,02-2094-2683,서울특별시 중랑구청,2026-02-26
면목2동131-10,1,,서울특별시 중랑구 면목2동 131-10,37.60657559,127.0813308,,,02-2094-2683,서울특별시 중랑구청,2026-02-26
면목2동393-82,1,,서울특별시 중랑구 면목2동 393-82,37.60691973,127.0813896,,,02-2094-2683,서울특별시 중랑구청,2026-02-26
면목2동192-82,1,,서울특별시 중랑구 면목2동 192-82,37.60684603,127.0812616,,,02-2094-2683,서울특별시 중랑구청,2026-02-26
면목2동144-4,1,,서울특별시 중랑구 면목2동 144-4,37.60708357,127.0813339,,,02-2094-2683,서울특별시 중랑구청,2026-02-26
면목2동177-73,1,,서울특별시 중랑구 면목2동 177-73,37.61773132,127.082951,,,02-2094-2683,서울특별시 중랑구청,2026-02-26
면목2동175-75,1,,서울특별시 중랑구 면목2동 175-75,37.60750051,127.0811249,,,02-2094-2683,서울특별시 중랑구청,2026-02-26
면목2동184-65,1,,서울특별시 중랑구 면목2동 184-65,37.60738333,127.0813254,,,02-2094-2683,서울특별시 중랑구청,2026-02-26
면목2동177-136,1,,서울특별시 중랑구 면목2동 177-136,37.6075596,127.0814106,,,02-2094-2683,서울특별시 중랑구청,2026-02-26
면목2동177-146,1,,서울특별시 중랑구 면목2동 177-146,37.60738167,127.0816391,,,02-2094-2683,서울특별시 중랑구청,2026-02-26
면목2동132-12,1,,서울특별시 중랑구 면목2동 132-12,37.60763099,127.0811002,,,02-2094-2683,서울특별시 중랑구청,2026-02-26
면목2동1505-6,1,,서울특별시 중랑구 면목2동 1505-6,37.60766246,127.0814536,,,02-2094-2683,서울특별시 중랑구청,2026-02-26
면목2동131-41,1,,서울특별시 중랑구 면목2동 131-41,37.60768879,127.0815525,,,02-2094-2683,서울특별시 중랑구청,2026-02-26
면목2동139-21,1,,서울특별시 중랑구 면목2동 139-21,,,,,02-2094-2683,서울특별시 중랑구청,2026-02-26
면목2동185-35,1,,서울특별시 중랑구 면목2동 185-35,37.60803071,127.0812979,,,02-2094-2683,서울특별시 중랑구청,2026-02-26
면목2동139-6,1,,서울특별시 중랑구 면목2동 139-6,37.60806247,127.0816237,,,02-2094-2683,서울특별시 중랑구청,2026-02-26
면목2동186-143,1,,서울특별시 중랑구 면목2동 186-143,37.60804546,127.0818598,,,02-2094-2683,서울특별시 중랑구청,2026-02-26
면목2동142-56,1,,서울특별시 중랑구 면목2동 142-56,,,,,02-2094-2683,서울특별시 중랑구청,2026-02-26
면목2동148-2,1,,서울특별시 중랑구 면목2동 148-2,37.60825697,127.0811459,,,02-2094-2683,서울특별시 중랑구청,2026-02-26
면목2동192-10,1,,서울특별시 중랑구 면목2동 192-10,37.6129452,127.0788404,,,02-2094-2683,서울특별시 중랑구청,2026-02-26
면목2동140-65,1,,서울특별시 중랑구 면목2동 140-65,37.60844562,127.0808957,,,02-2094-2683,서울특별시 중랑구청,2026-02-26
면목2동140-19,1,,서울특별시 중랑구 면목2동 140-19,37.60885423,127.0810199,,,02-2094-2683,서울특별시 중랑구청,2026-02-26
면목2동1520,1,,서울특별시 중랑구 면목2동 1520,37.60846024,127.0812598,,,02-2094-2683,서울특별시 중랑구청,2026-02-26
면목2동1031-44,1,,서울특별시 중랑구 면목2동 1031-44,37.60818676,127.0805106,,,02-2094-2683,서울특별시 중랑구청,2026-02-26
면목2동191-92,1,,서울특별시 중랑구 면목2동 191-92,37.60796519,127.0805379,,,02-2094-2683,서울특별시 중랑구청,2026-02-26
면목2동185-66,1,,서울특별시 중랑구 면목2동 185-66,37.60790083,127.0801804,,,02-2094-2683,서울특별시 중랑구청,2026-02-26
면목2동139-53,1,,서울특별시 중랑구 면목2동 139-53,37.60830533,127.0801127,,,02-2094-2683,서울특별시 중랑구청,2026-02-26
면목2동170-15,1,,서울특별시 중랑구 면목2동 170-15,37.60849515,127.0802751,,,02-2094-2683,서울특별시 중랑구청,2026-02-26
면목2동141-14,1,,서울특별시 중랑구 면목2동 141-14,37.60855477,127.0800547,,,02-2094-2683,서울특별시 중랑구청,2026-02-26
면목2동181-41,1,,서울특별시 중랑구 면목2동 181-41,37.60850754,127.079674,,,02-2094-2683,서울특별시 중랑구청,2026-02-26
면목2동181-130,1,,서울특별시 중랑구 면목2동 181-130,37.61515303,127.0808783,,,02-2094-2683,서울특별시 중랑구청,2026-02-26
면목2동178-52,1,,서울특별시 중랑구 면목2동 178-52,37.60780911,127.0800522,,,02-2094-2683,서울특별시 중랑구청,2026-02-26
면목2동190-29,1,,서울특별시 중랑구 면목2동 190-29,37.60829413,127.0793556,,,02-2094-2683,서울특별시 중랑구청,2026-02-26
면목2동191-19,1,,서울특별시 중랑구 면목2동 191-19,37.60780719,127.0794303,,,02-2094-2683,서울특별시 중랑구청,2026-02-26
면목2동1881-44,1,,서울특별시 중랑구 면목2동 1881-44,37.60806947,127.0790198,,,02-2094-2683,서울특별시 중랑구청,2026-02-26
면목2동181-132,1,,서울특별시 중랑구 면목2동 181-132,37.60775257,127.0793173,,,02-2094-2683,서울특별시 중랑구청,2026-02-26
면목2동181-133,1,,서울특별시 중랑구 면목2동 181-133,37.6080408,127.0786457,,,02-2094-2683,서울특별시 중랑구청,2026-02-26
면목2동144-30,1,,서울특별시 중랑구 면목2동 144-30,37.60771385,127.0786177,,,02-2094-2683,서울특별시 중랑구청,2026-02-26
면목2동192-61,1,,서울특별시 중랑구 면목2동 192-61,37.60684088,127.0787589,,,02-2094-2683,서울특별시 중랑구청,2026-02-26
면목2동197-93,1,,서울특별시 중랑구 면목2동 197-93,37.60696277,127.0789117,,,02-2094-2683,서울특별시 중랑구청,2026-02-26
면목2동186-109,1,,서울특별시 중랑구 면목2동 186-109,37.60706658,127.0794266,,,02-2094-2683,서울특별시 중랑구청,2026-02-26
면목2동181-134,1,,서울특별시 중랑구 면목2동 181-134,37.61069579,127.0808451,,,02-2094-2683,서울특별시 중랑구청,2026-02-26
면목2동184-34,1,,서울특별시 중랑구 면목2동 184-34,37.60710558,127.0798367,,,02-2094-2683,서울특별시 중랑구청,2026-02-26
면목2동181-117,1,,서울특별시 중랑구 면목2동 181-117,37.6071778,127.0796369,,,02-2094-2683,서울특별시 중랑구청,2026-02-26
면목2동182-47,1,,서울특별시 중랑구 면목2동 182-47,37.6071778,127.0796369,,,02-2094-2683,서울특별시 중랑구청,2026-02-26
면목2동177-203,1,,서울특별시 중랑구 면목2동 177-203,37.60723278,127.0802745,,,02-2094-2683,서울특별시 중랑구청,2026-02-26
면목2동183-60,1,,서울특별시 중랑구 면목2동 183-60,37.60754781,127.0804741,,,02-2094-2683,서울특별시 중랑구청,2026-02-26
면목2동177-35,1,,서울특별시 중랑구 면목2동 177-35,37.60773042,127.0807669,,,02-2094-2683,서울특별시 중랑구청,2026-02-26
면목2동1029-2,1,,서울특별시 중랑구 면목2동 1029-2,37.60731169,127.0808143,,,02-2094-2683,서울특별시 중랑구청,2026-02-26
면목2동148-50,1,,서울특별시 중랑구 면목2동 148-50,37.60689143,127.080346,,,02-2094-2683,서울특별시 중랑구청,2026-02-26
면목2동177-167,1,,서울특별시 중랑구 면목2동 177-167,37.60703344,127.0803235,,,02-2094-2683,서울특별시 중랑구청,2026-02-26
면목2동142-20,1,,서울특별시 중랑구 면목2동 142-20,37.60695172,127.0807273,,,02-2094-2683,서울특별시 중랑구청,2026-02-26
면목2동190-24,1,,서울특별시 중랑구 면목2동 190-24,37.60716466,127.0806684,,,02-2094-2683,서울특별시 중랑구청,2026-02-26
면목2동183-80,1,,서울특별시 중랑구 면목2동 183-80,37.60683427,127.0806678,,,02-2094-2683,서울특별시 중랑구청,2026-02-26
면목2동182-18,1,,서울특별시 중랑구 면목2동 182-18,37.60688764,127.0802282,,,02-2094-2683,서울특별시 중랑구청,2026-02-26
면목2동181-106,1,,서울특별시 중랑구 면목2동 181-106,37.60674133,127.0800826,,,02-2094-2683,서울특별시 중랑구청,2026-02-26
면목2동1505-5,1,,서울특별시 중랑구 면목2동 1505-5,37.60574603,127.0789666,,,02-2094-2683,서울특별시 중랑구청,2026-02-26
면목2동186-105,1,,서울특별시 중랑구 면목2동 186-105,37.60652726,127.0794012,,,02-2094-2683,서울특별시 중랑구청,2026-02-26
면목2동148-3,1,,서울특별시 중랑구 면목2동 148-3,37.60647408,127.0790319,,,02-2094-2683,서울특별시 중랑구청,2026-02-26
면목2동186-152,1,,서울특별시 중랑구 면목2동 186-152,37.60640782,127.0800233,,,02-2094-2683,서울특별시 중랑구청,2026-02-26
면목2동181-67,1,,서울특별시 중랑구 면목2동 181-67,37.60611263,127.0800679,,,02-2094-2683,서울특별시 중랑구청,2026-02-26
면목2동131-23,1,,서울특별시 중랑구 면목2동 131-23,37.60585464,127.0801119,,,02-2094-2683,서울특별시 중랑구청,2026-02-26
면목2동134-7,1,,서울특별시 중랑구 면목2동 134-7,37.60607583,127.0803895,,,02-2094-2683,서울특별시 중랑구청,2026-02-26
면목2동182-72,1,,서울특별시 중랑구 면목2동 182-72,37.60568755,127.0804453,,,02-2094-2683,서울특별시 중랑구청,2026-02-26
면목2동131-13,1,,서울특별시 중랑구 면목2동 131-13,37.60598298,127.0807228,,,02-2094-2683,서울특별시 중랑구청,2026-02-26
면목2동185-9,1,,서울특별시 중랑구 면목2동 185-9,37.60618144,127.0803589,,,02-2094-2683,서울특별시 중랑구청,2026-02-26
면목2동191-17,1,,서울특별시 중랑구 면목2동 191-17,37.60625601,127.0806708,,,02-2094-2683,서울특별시 중랑구청,2026-02-26
면목2동179-51,1,,서울특별시 중랑구 면목2동 179-51,37.60662605,127.0801424,,,02-2094-2683,서울특별시 중랑구청,2026-02-26
면목2동132-42,1,,서울특별시 중랑구 면목2동 132-42,37.6066835,127.0805878,,,02-2094-2683,서울특별시 중랑구청,2026-02-26
면목2동137-56,1,,서울특별시 중랑구 면목2동 137-56,37.60674216,127.0808356,,,02-2094-2683,서울특별시 중랑구청,2026-02-26
면목2동186-69,1,,서울특별시 중랑구 면목2동 186-69,37.60648057,127.0810283,,,02-2094-2683,서울특별시 중랑구청,2026-02-26
면목2동198-20,1,,서울특별시 중랑구 면목2동 198-20,37.60642558,127.080926,,,02-2094-2683,서울특별시 중랑구청,2026-02-26
면목2동190-106,1,,서울특별시 중랑구 면목2동 190-106,37.60900037,127.0796933,,,02-2094-2683,서울특별시 중랑구청,2026-02-26
면목2동183-74,1,,서울특별시 중랑구 면목2동 183-74,37.60866406,127.0795113,,,02-2094-2683,서울특별시 중랑구청,2026-02-26
면목2동138-36,1,,서울특별시 중랑구 면목2동 138-36,37.60873661,127.0797478,,,02-2094-2683,서울특별시 중랑구청,2026-02-26
면목2동144-28,1,,서울특별시 중랑구 면목2동 144-28,37.60863147,127.0793408,,,02-2094-2683,서울특별시 중랑구청,2026-02-26
면목2동146-73,1,,서울특별시 중랑구 면목2동 146-73,37.60854542,127.079088,,,02-2094-2683,서울특별시 중랑구청,2026-02-26
면목2동140-22,1,,서울특별시 중랑구 면목2동 140-22,37.60880737,127.0793119,,,02-2094-2683,서울특별시 중랑구청,2026-02-26
면목2동141-77,1,,서울특별시 중랑구 면목2동 141-77,37.60893245,127.0792737,,,02-2094-2683,서울특별시 중랑구청,2026-02-26
면목2동140-70,1,,서울특별시 중랑구 면목2동 140-70,37.60886669,127.0785747,,,02-2094-2683,서울특별시 중랑구청,2026-02-26
면목2동140-67,1,,서울특별시 중랑구 면목2동 140-67,37.60873442,127.0785885,,,02-2094-2683,서울특별시 중랑구청,2026-02-26
면목2동139-7,1,,서울특별시 중랑구 면목2동 139-7,37.60862691,127.0786241,,,02-2094-2683,서울특별시 중랑구청,2026-02-26
면목2동139-19,1,,서울특별시 중랑구 면목2동 139-19,37.60848384,127.0786095,,,02-2094-2683,서울특별시 중랑구청,2026-02-26
면목2동140-57,1,,서울특별시 중랑구 면목2동 140-57,37.61060806,127.0817259,,,02-2094-2683,서울특별시 중랑구청,2026-02-26
면목2동148-14,1,,서울특별시 중랑구 면목2동 148-14,37.60876655,127.0803738,,,02-2094-2683,서울특별시 중랑구청,2026-02-26
면목2동141-30,1,,서울특별시 중랑구 면목2동 141-30,37.60949597,127.0806707,,,02-2094-2683,서울특별시 중랑구청,2026-02-26
면목2동134-6,1,,서울특별시 중랑구 면목2동 134-6,37.60905734,127.080315,,,02-2094-2683,서울특별시 중랑구청,2026-02-26
면목2동134-14,1,,서울특별시 중랑구 면목2동 134-14,37.60904693,127.080131,,,02-2094-2683,서울특별시 중랑구청,2026-02-26
면목2동133-38,1,,서울특별시 중랑구 면목2동 133-38,37.60936997,127.0800784,,,02-2094-2683,서울특별시 중랑구청,2026-02-26
면목2동133-12,1,,서울특별시 중랑구 면목2동 133-12,37.60964453,127.0800341,,,02-2094-2683,서울특별시 중랑구청,2026-02-26
면목2동182-53,1,,서울특별시 중랑구 면목2동 182-53,37.61007876,127.0799632,,,02-2094-2683,서울특별시 중랑구청,2026-02-26
면목2동136-6,1,,서울특별시 중랑구 면목2동 136-6,37.584347,127.078201,,,02-2094-2683,서울특별시 중랑구청,2026-02-26
면목2동181-1,1,,서울특별시 중랑구 면목2동 181-1,37.591071,127.077209,,,02-2094-2683,서울특별시 중랑구청,2026-02-26
면목2동186-21,1,,서울특별시 중랑구 면목2동 186-21,37.588806,127.075485,,,02-2094-2683,서울특별시 중랑구청,2026-02-26
면목2동 193-57,1,,서울특별시 중랑구 면목2동 193-57,37.590512,127.075921,,,02-2094-2683,서울특별시 중랑구청,2026-02-26
면목2동 191-69,1,,서울특별시 중랑구 면목2동 193-57,37.590152,127.078263,,,02-2094-2683,서울특별시 중랑구청,2026-02-26
면목4동583-99,1,,서울특별시 중랑구 면목4동 583-99,37.61022391,127.0799604,,,02-2094-2683,서울특별시 중랑구청,2026-02-26
면목4동368-31,1,,서울특별시 중랑구 면목4동 368-31,37.61035602,127.0796627,,,02-2094-2683,서울특별시 중랑구청,2026-02-26
면목4동370-5,1,,서울특별시 중랑구 면목4동 370-5,37.61018315,127.0794861,,,02-2094-2683,서울특별시 중랑구청,2026-02-26
면목4동583-85,1,,서울특별시 중랑구 면목4동 583-85,37.60999868,127.0795345,,,02-2094-2683,서울특별시 중랑구청,2026-02-26
면목4동583-125,1,,서울특별시 중랑구 면목4동 583-125,37.60967853,127.0795833,,,02-2094-2683,서울특별시 중랑구청,2026-02-26
면목4동375-1,1,,서울특별시 중랑구 면목4동 375-1,37.60941183,127.0791857,,,02-2094-2683,서울특별시 중랑구청,2026-02-26
면목4동1513-4,1,,서울특별시 중랑구 면목4동 1513-4,37.60969208,127.0791333,,,02-2094-2683,서울특별시 중랑구청,2026-02-26
면목4동348-45,1,,서울특별시 중랑구 면목4동 348-45,37.60943245,127.0788028,,,02-2094-2683,서울특별시 중랑구청,2026-02-26
면목4동376-6,1,,서울특별시 중랑구 면목4동 376-6,37.60908052,127.0809463,,,02-2094-2683,서울특별시 중랑구청,2026-02-26
면목4동371-70,1,,서울특별시 중랑구 면목4동 371-70,37.60894971,127.0807892,,,02-2094-2683,서울특별시 중랑구청,2026-02-26
면목4동397-21,1,,서울특별시 중랑구 면목4동 397-21,37.60883826,127.0807857,,,02-2094-2683,서울특별시 중랑구청,2026-02-26
면목4동378-2,1,,서울특별시 중랑구 면목4동 378-2,,,,,02-2094-2683,서울특별시 중랑구청,2026-02-26
면목4동656,1,,서울특별시 중랑구 면목4동 656,,,,,02-2094-2683,서울특별시 중랑구청,2026-02-26
면목4동374-23,1,,서울특별시 중랑구 면목4동 374-23,37.60944741,127.0810616,,,02-2094-2683,서울특별시 중랑구청,2026-02-26
면목4동583-18,1,,서울특별시 중랑구 면목4동 583-18,37.60953094,127.0810521,,,02-2094-2683,서울특별시 중랑구청,2026-02-26
면목4동345-7,1,,서울특별시 중랑구 면목4동 345-7,37.60983757,127.0816638,,,02-2094-2683,서울특별시 중랑구청,2026-02-26
면목4동369-33,1,,서울특별시 중랑구 면목4동 369-33,37.60994237,127.0816534,,,02-2094-2683,서울특별시 중랑구청,2026-02-26
면목4동639-39,1,,서울특별시 중랑구 면목4동 639-39,37.61019539,127.0813528,,,02-2094-2683,서울특별시 중랑구청,2026-02-26
면목4동346-8,1,,서울특별시 중랑구 면목4동 346-8,37.61036499,127.0815684,,,02-2094-2683,서울특별시 중랑구청,2026-02-26
면목4동346-18,1,,서울특별시 중랑구 면목4동 346-18,37.61041518,127.0818143,,,02-2094-2683,서울특별시 중랑구청,2026-02-26
면목4동346-23,1,,서울특별시 중랑구 면목4동 346-23,37.61013954,127.0818665,,,02-2094-2683,서울특별시 중랑구청,2026-02-26
면목4동346-3,1,,서울특별시 중랑구 면목4동 346-3,37.60985668,127.0819182,,,02-2094-2683,서울특별시 중랑구청,2026-02-26
면목4동346-24,1,,서울특별시 중랑구 면목4동 346-24,,,,,02-2094-2683,서울특별시 중랑구청,2026-02-26
면목4동346-4,1,,서울특별시 중랑구 면목4동 346-4,37.6093299,127.0810988,,,02-2094-2683,서울특별시 중랑구청,2026-02-26
면목4동346-11,1,,서울특별시 중랑구 면목4동 346-11,37.61083803,127.0816653,,,02-2094-2683,서울특별시 중랑구청,2026-02-26
면목4동347-4,1,,서울특별시 중랑구 면목4동 347-4,37.61096571,127.0816489,,,02-2094-2683,서울특별시 중랑구청,2026-02-26
면목4동727-121,1,,서울특별시 중랑구 면목4동 727-121,37.61097071,127.0814634,,,02-2094-2683,서울특별시 중랑구청,2026-02-26
면목4동347-16,1,,서울특별시 중랑구 면목4동 347-16,37.61119345,127.0811755,,,02-2094-2683,서울특별시 중랑구청,2026-02-26
면목4동347-9,1,,서울특별시 중랑구 면목4동 347-9,37.60815708,127.0752437,,,02-2094-2683,서울특별시 중랑구청,2026-02-26
면목4동347-7,1,,서울특별시 중랑구 면목4동 347-7,37.61026571,127.0811613,,,02-2094-2683,서울특별시 중랑구청,2026-02-26
면목4동347-13,1,,서울특별시 중랑구 면목4동 347-13,37.61006395,127.081203,,,02-2094-2683,서울특별시 중랑구청,2026-02-26
면목4동347-17,1,,서울특별시 중랑구 면목4동 347-17,37.60969295,127.081028,,,02-2094-2683,서울특별시 중랑구청,2026-02-26
면목4동347-2,1,,서울특별시 중랑구 면목4동 347-2,37.60978945,127.0806268,,,02-2094-2683,서울특별시 중랑구청,2026-02-26
면목4동369-20,1,,서울특별시 중랑구 면목4동 369-20,37.6099795,127.0805814,,,02-2094-2683,서울특별시 중랑구청,2026-02-26
면목4동347-31,1,,서울특별시 중랑구 면목4동 347-31,37.61028211,127.0807597,,,02-2094-2683,서울특별시 중랑구청,2026-02-26
면목4동347-5,1,,서울특별시 중랑구 면목4동 347-5,37.61058738,127.0804804,,,02-2094-2683,서울특별시 중랑구청,2026-02-26
면목4동398-1,1,,서울특별시 중랑구 면목4동 398-1,37.61069416,127.0804674,,,02-2094-2683,서울특별시 중랑구청,2026-02-26
면목4동349-30,1,,서울특별시 중랑구 면목4동 349-30,37.61111969,127.0809996,,,02-2094-2683,서울특별시 중랑구청,2026-02-26
면목4동347-43,1,,서울특별시 중랑구 면목4동 347-43,37.61096407,127.0810201,,,02-2094-2683,서울특별시 중랑구청,2026-02-26
면목4동347-44,1,,서울특별시 중랑구 면목4동 347-44,37.61022632,127.0801303,,,02-2094-2683,서울특별시 중랑구청,2026-02-26
면목4동350-38,1,,서울특별시 중랑구 면목4동 350-38,37.61896415,127.0842118,,,02-2094-2683,서울특별시 중랑구청,2026-02-26
면목4동1529,1,,서울특별시 중랑구 면목4동 1529,37.60952482,127.080255,,,02-2094-2683,서울특별시 중랑구청,2026-02-26
면목4동350-36,1,,서울특별시 중랑구 면목4동 350-36,37.61066301,127.0802959,,,02-2094-2683,서울특별시 중랑구청,2026-02-26
면목4동350-57,1,,서울특별시 중랑구 면목4동 350-57,37.61092546,127.0801747,,,02-2094-2683,서울특별시 중랑구청,2026-02-26
면목4동350-52,1,,서울특별시 중랑구 면목4동 350-52,37.61071278,127.0798484,,,02-2094-2683,서울특별시 중랑구청,2026-02-26
면목4동350-46,1,,서울특별시 중랑구 면목4동 350-46,37.61046766,127.0796446,,,02-2094-2683,서울특별시 중랑구청,2026-02-26
면목4동350-8,1,,서울특별시 중랑구 면목4동 350-8,37.61047258,127.0794373,,,02-2094-2683,서울특별시 중랑구청,2026-02-26
면목4동350-1,1,,서울특별시 중랑구 면목4동 350-1,37.61053028,127.0788387,,,02-2094-2683,서울특별시 중랑구청,2026-02-26
면목4동350-2,1,,서울특별시 중랑구 면목4동 350-2,37.61065502,127.0785145,,,02-2094-2683,서울특별시 중랑구청,2026-02-26
면목4동350-58,1,,서울특별시 중랑구 면목4동 350-58,37.61063639,127.0783365,,,02-2094-2683,서울특별시 중랑구청,2026-02-26
면목4동369-22,1,,서울특별시 중랑구 면목4동 369-22,37.61051839,127.0781585,,,02-2094-2683,서울특별시 중랑구청,2026-02-26
면목4동349-6,1,,서울특별시 중랑구 면목4동 349-6,37.61026649,127.0784141,,,02-2094-2683,서울특별시 중랑구청,2026-02-26
면목4동369-2,1,,서울특별시 중랑구 면목4동 369-2,37.61031879,127.0780779,,,02-2094-2683,서울특별시 중랑구청,2026-02-26
면목4동369-10,1,,서울특별시 중랑구 면목4동 369-10,37.61042091,127.0785581,,,02-2094-2683,서울특별시 중랑구청,2026-02-26
면목4동369-18,1,,서울특별시 중랑구 면목4동 369-18,37.61006606,127.0786177,,,02-2094-2683,서울특별시 중랑구청,2026-02-26
면목4동370-35,1,,서울특별시 중랑구 면목4동 370-35,,,,,02-2094-2683,서울특별시 중랑구청,2026-02-26
면목4동370-28,1,,서울특별시 중랑구 면목4동 370-28,37.6101832,127.0788653,,,02-2094-2683,서울특별시 중랑구청,2026-02-26
면목4동370-15,1,,서울특별시 중랑구 면목4동 370-15,37.60991516,127.0781892,,,02-2094-2683,서울특별시 중랑구청,2026-02-26
면목4동370-8,1,,서울특별시 중랑구 면목4동 370-8,37.61143912,127.081350,,,02-2094-2683,서울특별시 중랑구청,2026-02-26
면목4동370-7,1,,서울특별시 중랑구 면목4동 370-7,37.61143912,127.081350,,,02-2094-2683,서울특별시 중랑구청,2026-02-26
면목4동370-16,1,,서울특별시 중랑구 면목4동 370-16,37.61143912,127.081350,,,02-2094-2683,서울특별시 중랑구청,2026-02-26
면목4동374-22,1,,서울특별시 중랑구 면목4동 374-22,37.61166772,127.0813202,,,02-2094-2683,서울특별시 중랑구청,2026-02-26
면목4동373-7,1,,서울특별시 중랑구 면목4동 373-7,37.61203111,127.0812867,,,02-2094-2683,서울특별시 중랑구청,2026-02-26
면목4동373-24,1,,서울특별시 중랑구 면목4동 373-24,37.61203476,127.0810981,,,02-2094-2683,서울특별시 중랑구청,2026-02-26
면목4동373-27,1,,서울특별시 중랑구 면목4동 373-27,37.61138718,127.0811487,,,02-2094-2683,서울특별시 중랑구청,2026-02-26
면목4동373-21,1,,서울특별시 중랑구 면목4동 373-21,37.61133122,127.0810278,,,02-2094-2683,서울특별시 중랑구청,2026-02-26
면목4동373-13,1,,서울특별시 중랑구 면목4동 373-13,,,,,02-2094-2683,서울특별시 중랑구청,2026-02-26
면목4동374-64,1,,서울특별시 중랑구 면목4동 374-64,37.61168353,127.0809931,,,02-2094-2683,서울특별시 중랑구청,2026-02-26
면목4동374-63,1,,서울특별시 중랑구 면목4동 374-63,37.6120453,127.0809584,,,02-2094-2683,서울특별시 중랑구청,2026-02-26
면목4동374-6,1,,서울특별시 중랑구 면목4동 374-6,37.61201901,127.0804059,,,02-2094-2683,서울특별시 중랑구청,2026-02-26
면목4동374-4,1,,서울특별시 중랑구 면목4동 374-4,37.61166268,127.0806626,,,02-2094-2683,서울특별시 중랑구청,2026-02-26
면목4동374-24,1,,서울특별시 중랑구 면목4동 374-24,37.61114991,127.0800142,,,02-2094-2683,서울특별시 중랑구청,2026-02-26
면목4동374-28,1,,서울특별시 중랑구 면목4동 374-28,37.61145284,127.0801283,,,02-2094-2683,서울특별시 중랑구청,2026-02-26
면목4동374-41,1,,서울특별시 중랑구 면목4동 374-41,37.61153714,127.0803102,,,02-2094-2683,서울특별시 중랑구청,2026-02-26
면목4동374-19,1,,서울특별시 중랑구 면목4동 374-19,37.61189503,127.080278,,,02-2094-2683,서울특별시 중랑구청,2026-02-26
면목4동374-2,1,,서울특별시 중랑구 면목4동 374-2,37.61200126,127.0802702,,,02-2094-2683,서울특별시 중랑구청,2026-02-26
면목4동374-1,1,,서울특별시 중랑구 면목4동 374-1,37.61197254,127.0799804,,,02-2094-2683,서울특별시 중랑구청,2026-02-26
면목4동349-3,1,,서울특별시 중랑구 면목4동 349-3,,,,,02-2094-2683,서울특별시 중랑구청,2026-02-26
면목4동349-28,1,,서울특별시 중랑구 면목4동 349-28,37.61143634,127.0800078,,,02-2094-2683,서울특별시 중랑구청,2026-02-26
면목4동349-31,1,,서울특별시 중랑구 면목4동 349-31,37.61129643,127.0798526,,,02-2094-2683,서울특별시 중랑구청,2026-02-26
면목4동349-29,1,,서울특별시 중랑구 면목4동 349-29,37.61730758,127.0808784,,,02-2094-2683,서울특별시 중랑구청,2026-02-26
면목4동349-21,1,,서울특별시 중랑구 면목4동 349-21,37.61153773,127.0794378,,,02-2094-2683,서울특별시 중랑구청,2026-02-26
면목4동349-16,1,,서울특별시 중랑구 면목4동 349-16,37.6119536,127.0794805,,,02-2094-2683,서울특별시 중랑구청,2026-02-26
면목4동349-13,1,,서울특별시 중랑구 면목4동 349-13,37.61245611,127.0788935,,,02-2094-2683,서울특별시 중랑구청,2026-02-26
면목4동349-9,1,,서울특별시 중랑구 면목4동 349-9,37.61171743,127.079370,,,02-2094-2683,서울특별시 중랑구청,2026-02-26
면목4동349-15,1,,서울특별시 중랑구 면목4동 349-15,37.61122418,127.0791694,,,02-2094-2683,서울특별시 중랑구청,2026-02-26
면목4동349-40,1,,서울특별시 중랑구 면목4동 349-40,,,,,02-2094-2683,서울특별시 중랑구청,2026-02-26
면목4동349-34,1,,서울특별시 중랑구 면목4동 349-34,,,,,02-2094-2683,서울특별시 중랑구청,2026-02-26
면목4동349-2,1,,서울특별시 중랑구 면목4동 349-2,37.61092547,127.0793611,,,02-2094-2683,서울특별시 중랑구청,2026-02-26
면목4동348-1,1,,서울특별시 중랑구 면목4동 348-1,37.6110288,127.0796442,,,02-2094-2683,서울특별시 중랑구청,2026-02-26
면목4동348-23,1,,서울특별시 중랑구 면목4동 348-23,37.61106759,127.0784923,,,02-2094-2683,서울특별시 중랑구청,2026-02-26
면목4동348-29,1,,서울특별시 중랑구 면목4동 348-29,37.61151295,127.0785001,,,02-2094-2683,서울특별시 중랑구청,2026-02-26
면목4동348-32,1,,서울특별시 중랑구 면목4동 348-32,37.61175873,127.0784765,,,02-2094-2683,서울특별시 중랑구청,2026-02-26
면목4동348-16,1,,서울특별시 중랑구 면목4동 348-16,37.61158475,127.0783694,,,02-2094-2683,서울특별시 중랑구청,2026-02-26
면목4동348-41,1,,서울특별시 중랑구 면목4동 348-41,37.61142366,127.0783633,,,02-2094-2683,서울특별시 중랑구청,2026-02-26
면목4동374-9,1,,서울특별시 중랑구 면목4동 374-9,37.61120994,127.0783685,,,02-2094-2683,서울특별시 중랑구청,2026-02-26
면목4동348-6,1,,서울특별시 중랑구 면목4동 348-6,37.611043,127.0783593,,,02-2094-2683,서울특별시 중랑구청,2026-02-26
면목4동375-49,1,,서울특별시 중랑구 면목4동 375-49,37.61185501,127.0783562,,,02-2094-2683,서울특별시 중랑구청,2026-02-26
면목4동375-33,1,,서울특별시 중랑구 면목4동 375-33,37.61241458,127.0784793,,,02-2094-2683,서울특별시 중랑구청,2026-02-26
면목4동375-28,1,,서울특별시 중랑구 면목4동 375-28,37.61262466,127.0785213,,,02-2094-2683,서울특별시 중랑구청,2026-02-26
면목4동375-26,1,,서울특별시 중랑구 면목4동 375-26,37.61256572,127.0782726,,,02-2094-2683,서울특별시 중랑구청,2026-02-26
면목4동375-24,1,,서울특별시 중랑구 면목4동 375-24,37.61282637,127.0784302,,,02-2094-2683,서울특별시 중랑구청,2026-02-26
면목4동375-17,1,,서울특별시 중랑구 면목4동 375-17,37.61363138,127.0783182,,,02-2094-2683,서울특별시 중랑구청,2026-02-26
면목4동375-13,1,,서울특별시 중랑구 면목4동 375-13,37.61333836,127.0786252,,,02-2094-2683,서울특별시 중랑구청,2026-02-26
면목4동375-10,1,,서울특별시 중랑구 면목4동 375-10,37.61308744,127.0790231,,,02-2094-2683,서울특별시 중랑구청,2026-02-26
면목4동375-11,1,,서울특별시 중랑구 면목4동 375-11,37.61272188,127.0791935,,,02-2094-2683,서울특별시 중랑구청,2026-02-26
면목4동375-5,1,,서울특별시 중랑구 면목4동 375-5,37.61257374,127.078955,,,02-2094-2683,서울특별시 중랑구청,2026-02-26
면목4동375-7,1,,서울특별시 중랑구 면목4동 375-7,37.61245611,127.0788935,,,02-2094-2683,서울특별시 중랑구청,2026-02-26
면목4동375-43,1,,서울특별시 중랑구 면목4동 375-43,37.61242008,127.0792905,,,02-2094-2683,서울특별시 중랑구청,2026-02-26
면목4동375-37,1,,서울특별시 중랑구 면목4동 375-37,37.61310232,127.078462,,,02-2094-2683,서울특별시 중랑구청,2026-02-26
면목4동375-39,1,,서울특별시 중랑구 면목4동 375-39,37.61223218,127.0797513,,,02-2094-2683,서울특별시 중랑구청,2026-02-26
면목4동377-45,1,,서울특별시 중랑구 면목4동 377-45,37.61253503,127.0797029,,,02-2094-2683,서울특별시 중랑구청,2026-02-26
면목4동377-47,1,,서울특별시 중랑구 면목4동 377-47,37.61284826,127.079370,,,02-2094-2683,서울특별시 중랑구청,2026-02-26
면목4동377-22,1,,서울특별시 중랑구 면목4동 377-22,37.61330343,127.0793899,,,02-2094-2683,서울특별시 중랑구청,2026-02-26
면목4동377-4,1,,서울특별시 중랑구 면목4동 377-4,37.61333542,127.0791107,,,02-2094-2683,서울특별시 중랑구청,2026-02-26
면목4동377-34,1,,서울특별시 중랑구 면목4동 377-34,37.61345413,127.0786391,,,02-2094-2683,서울특별시 중랑구청,2026-02-26
면목4동377-39,1,,서울특별시 중랑구 면목4동 377-39,37.61366873,127.0786568,,,02-2094-2683,서울특별시 중랑구청,2026-02-26
면목4동377-56,1,,서울특별시 중랑구 면목4동 377-56,37.61402823,127.0783759,,,02-2094-2683,서울특별시 중랑구청,2026-02-26
면목4동377-51,1,,서울특별시 중랑구 면목4동 377-51,37.61433138,127.0784222,,,02-2094-2683,서울특별시 중랑구청,2026-02-26
면목4동377-54,1,,서울특별시 중랑구 면목4동 377-54,37.6145444,127.0785173,,,02-2094-2683,서울특별시 중랑구청,2026-02-26
면목4동377-1,1,,서울특별시 중랑구 면목4동 377-1,37.61432818,127.0787677,,,02-2094-2683,서울특별시 중랑구청,2026-02-26
면목4동377-50,1,,서울특별시 중랑구 면목4동 377-50,37.61388511,127.0789736,,,02-2094-2683,서울특별시 중랑구청,2026-02-26
면목4동377-9,1,,서울특별시 중랑구 면목4동 377-9,37.60980434,127.0801975,,,02-2094-2683,서울특별시 중랑구청,2026-02-26
면목4동377-13,1,,서울특별시 중랑구 면목4동 377-13,37.60669802,127.0807025,,,02-2094-2683,서울특별시 중랑구청,2026-02-26
면목4동377-28,1,,서울특별시 중랑구 면목4동 377-28,37.60622721,127.0802388,,,02-2094-2683,서울특별시 중랑구청,2026-02-26
면목4동377-33,1,,서울특별시 중랑구 면목4동 377-33,37.61431234,127.079150,,,02-2094-2683,서울특별시 중랑구청,2026-02-26
면목4동377-49,1,,서울특별시 중랑구 면목4동 377-49,37.60901533,127.0811363,,,02-2094-2683,서울특별시 중랑구청,2026-02-26
면목4동376-28,1,,서울특별시 중랑구 면목4동 376-28,37.61373781,127.0792304,,,02-2094-2683,서울특별시 중랑구청,2026-02-26
면목4동376-31,1,,서울특별시 중랑구 면목4동 376-31,37.61354973,127.0795684,,,02-2094-2683,서울특별시 중랑구청,2026-02-26
면목4동376-40,1,,서울특별시 중랑구 면목4동 376-40,37.61355268,127.0798677,,,02-2094-2683,서울특별시 중랑구청,2026-02-26
면목4동393-130,1,,서울특별시 중랑구 면목4동 393-130,37.61360719,127.0800047,,,02-2094-2683,서울특별시 중랑구청,2026-02-26
면목4동376-41,1,,서울특별시 중랑구 면목4동 376-41,37.61362834,127.080170,,,02-2094-2683,서울특별시 중랑구청,2026-02-26
면목4동376-5,1,,서울특별시 중랑구 면목4동 376-5,37.61626733,127.0812211,,,02-2094-2683,서울특별시 중랑구청,2026-02-26
면목4동376-19,1,,서울특별시 중랑구 면목4동 376-19,37.61355837,127.080504,,,02-2094-2683,서울특별시 중랑구청,2026-02-26
면목4동382-39,1,,서울특별시 중랑구 면목4동 382-39,37.61356604,127.0807584,,,02-2094-2683,서울특별시 중랑구청,2026-02-26
면목4동382-11,1,,서울특별시 중랑구 면목4동 382-11,37.61286594,127.0813332,,,02-2094-2683,서울특별시 중랑구청,2026-02-26
면목4동382-7,1,,서울특별시 중랑구 면목4동 382-7,37.61333672,127.0816934,,,02-2094-2683,서울특별시 중랑구청,2026-02-26
면목4동382-16,1,,서울특별시 중랑구 면목4동 382-16,37.61333672,127.0816934,,,02-2094-2683,서울특별시 중랑구청,2026-02-26
면목4동382-49,1,,서울특별시 중랑구 면목4동 382-49,37.6118622,127.0788547,,,02-2094-2683,서울특별시 중랑구청,2026-02-26
면목4동382-26,1,,서울특별시 중랑구 면목4동 382-26,,,,,02-2094-2683,서울특별시 중랑구청,2026-02-26
면목4동382-29,1,,서울특별시 중랑구 면목4동 382-29,37.6143031,127.0809473,,,02-2094-2683,서울특별시 중랑구청,2026-02-26
면목4동382-2,1,,서울특별시 중랑구 면목4동 382-2,37.61404879,127.0807538,,,02-2094-2683,서울특별시 중랑구청,2026-02-26
면목4동382-34,1,,서울특별시 중랑구 면목4동 382-34,37.61380638,127.0805577,,,02-2094-2683,서울특별시 중랑구청,2026-02-26
면목4동381-32,1,,서울특별시 중랑구 면목4동 381-32,37.61357414,127.0809029,,,02-2094-2683,서울특별시 중랑구청,2026-02-26
면목4동381-16,1,,서울특별시 중랑구 면목4동 381-16,37.61360103,127.0810978,,,02-2094-2683,서울특별시 중랑구청,2026-02-26
면목4동381-70,1,,서울특별시 중랑구 면목4동 381-70,37.6138519,127.0795962,,,02-2094-2683,서울특별시 중랑구청,2026-02-26
면목4동381-69,1,,서울특별시 중랑구 면목4동 381-69,37.61502766,127.0796462,,,02-2094-2683,서울특별시 중랑구청,2026-02-26
면목4동381-61,1,,서울특별시 중랑구 면목4동 381-61,37.61480481,127.0798207,,,02-2094-2683,서울특별시 중랑구청,2026-02-26
면목4동381-34,1,,서울특별시 중랑구 면목4동 381-34,37.61283083,127.0750303,,,02-2094-2683,서울특별시 중랑구청,2026-02-26
면목4동381-33,1,,서울특별시 중랑구 면목4동 381-33,37.61464948,127.0798217,,,02-2094-2683,서울특별시 중랑구청,2026-02-26
면목4동381-49,1,,서울특별시 중랑구 면목4동 381-49,37.61472553,127.0802101,,,02-2094-2683,서울특별시 중랑구청,2026-02-26
면목4동381-41,1,,서울특별시 중랑구 면목4동 381-41,37.61491655,127.0800733,,,02-2094-2683,서울특별시 중랑구청,2026-02-26
면목4동381-40,1,,서울특별시 중랑구 면목4동 381-40,37.61512593,127.0799526,,,02-2094-2683,서울특별시 중랑구청,2026-02-26
면목4동381-3,1,,서울특별시 중랑구 면목4동 381-3,37.61535295,127.0791945,,,02-2094-2683,서울특별시 중랑구청,2026-02-26
면목4동381-19,1,,서울특별시 중랑구 면목4동 381-19,37.61545124,127.0815769,,,02-2094-2683,서울특별시 중랑구청,2026-02-26
면목4동381-14,1,,서울특별시 중랑구 면목4동 381-14,,,,,02-2094-2683,서울특별시 중랑구청,2026-02-26
면목4동381-30,1,,서울특별시 중랑구 면목4동 381-30,37.61523583,127.0790457,,,02-2094-2683,서울특별시 중랑구청,2026-02-26
면목4동381-26,1,,서울특별시 중랑구 면목4동 381-26,37.61526331,127.0793174,,,02-2094-2683,서울특별시 중랑구청,2026-02-26
면목4동384-52,1,,서울특별시 중랑구 면목4동 384-52,37.61576826,127.0792563,,,02-2094-2683,서울특별시 중랑구청,2026-02-26
면목4동384-51,1,,서울특별시 중랑구 면목4동 384-51,37.61578643,127.0797011,,,02-2094-2683,서울특별시 중랑구청,2026-02-26
면목4동384-53,1,,서울특별시 중랑구 면목4동 384-53,37.61597629,127.0798108,,,02-2094-2683,서울특별시 중랑구청,2026-02-26
면목4동384-19,1,,서울특별시 중랑구 면목4동 384-19,37.61611108,127.0796711,,,02-2094-2683,서울특별시 중랑구청,2026-02-26
면목4동384-21,1,,서울특별시 중랑구 면목4동 384-21,37.61580146,127.0799883,,,02-2094-2683,서울특별시 중랑구청,2026-02-26
면목4동384-25,1,,서울특별시 중랑구 면목4동 384-25,37.61559692,127.0798893,,,02-2094-2683,서울특별시 중랑구청,2026-02-26
면목4동384-29,1,,서울특별시 중랑구 면목4동 384-29,37.61579779,127.0802298,,,02-2094-2683,서울특별시 중랑구청,2026-02-26
면목4동384-14,1,,서울특별시 중랑구 면목4동 384-14,37.61537162,127.0799648,,,02-2094-2683,서울특별시 중랑구청,2026-02-26
면목4동384-13,1,,서울특별시 중랑구 면목4동 384-13,37.6153643,127.0805219,,,02-2094-2683,서울특별시 중랑구청,2026-02-26
면목4동384-34,1,,서울특별시 중랑구 면목4동 384-34,37.6154477,127.0805701,,,02-2094-2683,서울특별시 중랑구청,2026-02-26
면목4동384-11,1,,서울특별시 중랑구 면목4동 384-11,37.61565554,127.0807346,,,02-2094-2683,서울특별시 중랑구청,2026-02-26
면목4동384-7,1,,서울특별시 중랑구 면목4동 384-7,37.61483482,127.080606,,,02-2094-2683,서울특별시 중랑구청,2026-02-26
면목4동384-38,1,,서울특별시 중랑구 면목4동 384-38,37.6148677,127.0802233,,,02-2094-2683,서울특별시 중랑구청,2026-02-26
면목4동384-3,1,,서울특별시 중랑구 면목4동 384-3,37.6146622,127.0806007,,,02-2094-2683,서울특별시 중랑구청,2026-02-26
면목4동384-43,1,,서울특별시 중랑구 면목4동 384-43,37.6145997,127.0809575,,,02-2094-2683,서울특별시 중랑구청,2026-02-26
면목4동384-47,1,,서울특별시 중랑구 면목4동 384-47,37.614765,127.0813949,,,02-2094-2683,서울특별시 중랑구청,2026-02-26
면목4동385-54,1,,서울특별시 중랑구 면목4동 385-54,37.61032584,127.0788463,,,02-2094-2683,서울특별시 중랑구청,2026-02-26
면목4동385-51,1,,서울특별시 중랑구 면목4동 385-51,,,,,02-2094-2683,서울특별시 중랑구청,2026-02-26
면목4동385-46,1,,서울특별시 중랑구 면목4동 385-46,,,,,02-2094-2683,서울특별시 중랑구청,2026-02-26
면목4동385-37,1,,서울특별시 중랑구 면목4동 385-37,,,,,02-2094-2683,서울특별시 중랑구청,2026-02-26
면목4동385-17,1,,서울특별시 중랑구 면목4동 385-17,,,,,02-2094-2683,서울특별시 중랑구청,2026-02-26
면목4동385-12,1,,서울특별시 중랑구 면목4동 385-12,,,,,02-2094-2683,서울특별시 중랑구청,2026-02-26
면목4동385-2,1,,서울특별시 중랑구 면목4동 385-2,,,,,02-2094-2683,서울특별시 중랑구청,2026-02-26
면목4동369-32,1,,서울특별시 중랑구 면목4동 369-32,37.61492507,127.081572,,,02-2094-2683,서울특별시 중랑구청,2026-02-26
면목4동385-25,1,,서울특별시 중랑구 면목4동 385-25,,,,,02-2094-2683,서울특별시 중랑구청,2026-02-26
면목4동385-44,1,,서울특별시 중랑구 면목4동 385-44,37.61518244,127.0809844,,,02-2094-2683,서울특별시 중랑구청,2026-02-26
면목4동385-41,1,,서울특별시 중랑구 면목4동 385-41,37.61512357,127.0811695,,,02-2094-2683,서울특별시 중랑구청,2026-02-26
면목4동389-3,1,,서울특별시 중랑구 면목4동 389-3,37.61535907,127.0814547,,,02-2094-2683,서울특별시 중랑구청,2026-02-26
면목4동389-18,1,,서울특별시 중랑구 면목4동 389-18,37.61538906,127.081723,,,02-2094-2683,서울특별시 중랑구청,2026-02-26
면목4동389-20,1,,서울특별시 중랑구 면목4동 389-20,,,,,02-2094-2683,서울특별시 중랑구청,2026-02-26
면목4동389-13,1,,서울특별시 중랑구 면목4동 389-13,,,,,02-2094-2683,서울특별시 중랑구청,2026-02-26
면목4동389-15,1,,서울특별시 중랑구 면목4동 389-15,,,,,02-2094-2683,서울특별시 중랑구청,2026-02-26
면목4동389-30,1,,서울특별시 중랑구 면목4동 389-30,,,,,02-2094-2683,서울특별시 중랑구청,2026-02-26
면목4동389-33,1,,서울특별시 중랑구 면목4동 389-33,,,,,02-2094-2683,서울특별시 중랑구청,2026-02-26
면목4동389-1,1,,서울특별시 중랑구 면목4동 389-1,37.61582997,127.0820739,,,02-2094-2683,서울특별시 중랑구청,2026-02-26
면목4동389-25,1,,서울특별시 중랑구 면목4동 389-25,37.61563612,127.0817227,,,02-2094-2683,서울특별시 중랑구청,2026-02-26
면목4동389-5,1,,서울특별시 중랑구 면목4동 389-5,37.61563612,127.0817227,,,02-2094-2683,서울특별시 중랑구청,2026-02-26
면목4동383-2,1,,서울특별시 중랑구 면목4동 383-2,37.61574347,127.0812668,,,02-2094-2683,서울특별시 중랑구청,2026-02-26
면목4동383-53,1,,서울특별시 중랑구 면목4동 383-53,37.61571762,127.0811256,,,02-2094-2683,서울특별시 중랑구청,2026-02-26
면목4동383-48,1,,서울특별시 중랑구 면목4동 383-48,37.61576221,127.0810005,,,02-2094-2683,서울특별시 중랑구청,2026-02-26
면목4동383-50,1,,서울특별시 중랑구 면목4동 383-50,37.61532395,127.0810299,,,02-2094-2683,서울특별시 중랑구청,2026-02-26
면목4동383-55,1,,서울특별시 중랑구 면목4동 383-55,37.61597827,127.0817814,,,02-2094-2683,서울특별시 중랑구청,2026-02-26
면목4동383-30,1,,서울특별시 중랑구 면목4동 383-30,37.61582997,127.0820739,,,02-2094-2683,서울특별시 중랑구청,2026-02-26
면목4동383-31,1,,서울특별시 중랑구 면목4동 383-31,,,,,02-2094-2683,서울특별시 중랑구청,2026-02-26
면목4동383-36,1,,서울특별시 중랑구 면목4동 383-36,37.61565485,127.0797871,,,02-2094-2683,서울특별시 중랑구청,2026-02-26
면목4동383-37,1,,서울특별시 중랑구 면목4동 383-37,37.61623552,127.0821487,,,02-2094-2683,서울특별시 중랑구청,2026-02-26
면목4동383-4,1,,서울특별시 중랑구 면목4동 383-4,37.61623552,127.0821487,,,02-2094-2683,서울특별시 중랑구청,2026-02-26
면목4동383-38,1,,서울특별시 중랑구 면목4동 383-38,37.61607166,127.0809322,,,02-2094-2683,서울특별시 중랑구청,2026-02-26
면목4동383-22,1,,서울특별시 중랑구 면목4동 383-22,37.61608416,127.0807069,,,02-2094-2683,서울특별시 중랑구청,2026-02-26
면목4동383-25,1,,서울특별시 중랑구 면목4동 383-25,37.61618084,127.0808215,,,02-2094-2683,서울특별시 중랑구청,2026-02-26
면목4동383-20,1,,서울특별시 중랑구 면목4동 383-20,37.61615005,127.0803917,,,02-2094-2683,서울특별시 중랑구청,2026-02-26
면목4동383-6,1,,서울특별시 중랑구 면목4동 383-6,37.61634248,127.0801655,,,02-2094-2683,서울특별시 중랑구청,2026-02-26
면목4동383-5,1,,서울특별시 중랑구 면목4동 383-5,37.61625287,127.0799665,,,02-2094-2683,서울특별시 중랑구청,2026-02-26
면목4동399-26,1,,서울특별시 중랑구 면목4동 399-26,37.60869326,127.0812179,,,02-2094-2683,서울특별시 중랑구청,2026-02-26
면목4동399-18,1,,서울특별시 중랑구 면목4동 399-18,37.61642666,127.0818236,,,02-2094-2683,서울특별시 중랑구청,2026-02-26
면목4동399-53,1,,서울특별시 중랑구 면목4동 399-53,37.61655952,127.0816263,,,02-2094-2683,서울특별시 중랑구청,2026-02-26
면목4동399-55,1,,서울특별시 중랑구 면목4동 399-55,37.61611501,127.0814317,,,02-2094-2683,서울특별시 중랑구청,2026-02-26
면목4동399-46,1,,서울특별시 중랑구 면목4동 399-46,37.60962473,127.0806528,,,02-2094-2683,서울특별시 중랑구청,2026-02-26
면목4동399-38,1,,서울특별시 중랑구 면목4동 399-38,37.61654183,127.0812662,,,02-2094-2683,서울특별시 중랑구청,2026-02-26
면목4동399-36,1,,서울특별시 중랑구 면목4동 399-36,37.61665269,127.0813439,,,02-2094-2683,서울특별시 중랑구청,2026-02-26
면목4동399-40,1,,서울특별시 중랑구 면목4동 399-40,37.61699167,127.0806512,,,02-2094-2683,서울특별시 중랑구청,2026-02-26
면목4동399-42,1,,서울특별시 중랑구 면목4동 399-42,37.61653535,127.0808751,,,02-2094-2683,서울특별시 중랑구청,2026-02-26
면목4동399-51,1,,서울특별시 중랑구 면목4동 399-51,,,,,02-2094-2683,서울특별시 중랑구청,2026-02-26
면목4동399-6,1,,서울특별시 중랑구 면목4동 399-6,,,,,02-2094-2683,서울특별시 중랑구청,2026-02-26
면목4동399-10,1,,서울특별시 중랑구 면목4동 399-10,37.61580463,127.083612,,,02-2094-2683,서울특별시 중랑구청,2026-02-26
면목4동399-67,1,,서울특별시 중랑구 면목4동 399-67,37.61761666,127.0819961,,,02-2094-2683,서울특별시 중랑구청,2026-02-26
면목4동399-68,1,,서울특별시 중랑구 면목4동 399-68,37.61789156,127.0819862,,,02-2094-2683,서울특별시 중랑구청,2026-02-26
면목4동399-70,1,,서울특별시 중랑구 면목4동 399-70,37.61810093,127.0820024,,,02-2094-2683,서울특별시 중랑구청,2026-02-26
면목4동399-74,1,,서울특별시 중랑구 면목4동 399-74,37.61780841,127.0824795,,,02-2094-2683,서울특별시 중랑구청,2026-02-26
면목4동399-98,1,,서울특별시 중랑구 면목4동 399-98,37.6179793,127.0826563,,,02-2094-2683,서울특별시 중랑구청,2026-02-26
면목4동399-99,1,,서울특별시 중랑구 면목4동 399-99,37.618049,127.083247,,,02-2094-2683,서울특별시 중랑구청,2026-02-26
면목4동399-83,1,,서울특별시 중랑구 면목4동 399-83,,,,,02-2094-2683,서울특별시 중랑구청,2026-02-26
면목4동399-109,1,,서울특별시 중랑구 면목4동 399-109,37.6173579,127.0836634,,,02-2094-2683,서울특별시 중랑구청,2026-02-26
면목4동399-106,1,,서울특별시 중랑구 면목4동 399-106,37.61708972,127.0834643,,,02-2094-2683,서울특별시 중랑구청,2026-02-26
면목4동399-1,1,,서울특별시 중랑구 면목4동 399-1,37.61769058,127.0833549,,,02-2094-2683,서울특별시 중랑구청,2026-02-26
면목4동399-89,1,,서울특별시 중랑구 면목4동 399-89,37.61792187,127.083212,,,02-2094-2683,서울특별시 중랑구청,2026-02-26
면목4동399-94,1,,서울특별시 중랑구 면목4동 399-94,37.61792465,127.0829777,,,02-2094-2683,서울특별시 중랑구청,2026-02-26
면목4동399-92,1,,서울특별시 중랑구 면목4동 399-92,37.61792187,127.083212,,,02-2094-2683,서울특별시 중랑구청,2026-02-26
면목4동368-9,1,,서울특별시 중랑구 면목4동 368-9,37.61756368,127.0834161,,,02-2094-2683,서울특별시 중랑구청,2026-02-26
면목4동368-12,1,,서울특별시 중랑구 면목4동 368-12,37.61752665,127.0831525,,,02-2094-2683,서울특별시 중랑구청,2026-02-26
면목4동368-20,1,,서울특별시 중랑구 면목4동 368-20,37.61770875,127.0826204,,,02-2094-2683,서울특별시 중랑구청,2026-02-26
면목4동368-23,1,,서울특별시 중랑구 면목4동 368-23,37.61754074,127.0821978,,,02-2094-2683,서울특별시 중랑구청,2026-02-26
면목4동1379,1,,서울특별시 중랑구 면목4동 1379,37.6175097,127.0829174,,,02-2094-2683,서울특별시 중랑구청,2026-02-26
면목4동368-35,1,,서울특별시 중랑구 면목4동 368-35,37.61725664,127.0832572,,,02-2094-2683,서울특별시 중랑구청,2026-02-26
면목4동372-8,1,,서울특별시 중랑구 면목4동 372-8,37.61775077,127.081669,,,02-2094-2683,서울특별시 중랑구청,2026-02-26
면목4동372-6,1,,서울특별시 중랑구 면목4동 372-6,,,,,02-2094-2683,서울특별시 중랑구청,2026-02-26
면목4동372-11,1,,서울특별시 중랑구 면목4동 372-11,37.61749428,127.0815144,,,02-2094-2683,서울특별시 중랑구청,2026-02-26
면목4동372-2,1,,서울특별시 중랑구 면목4동 372-2,,,,,02-2094-2683,서울특별시 중랑구청,2026-02-26
면목4동372-27,1,,서울특별시 중랑구 면목4동 372-27,37.61744942,127.0807122,,,02-2094-2683,서울특별시 중랑구청,2026-02-26
면목4동379-26,1,,서울특별시 중랑구 면목4동 379-26,37.61710535,127.080814,,,02-2094-2683,서울특별시 중랑구청,2026-02-26
면목4동379-23,1,,서울특별시 중랑구 면목4동 379-23,37.61762758,127.0810527,,,02-2094-2683,서울특별시 중랑구청,2026-02-26
면목4동379-14,1,,서울특별시 중랑구 면목4동 379-14,37.61782778,127.0806614,,,02-2094-2683,서울특별시 중랑구청,2026-02-26
면목4동379-3,1,,서울특별시 중랑구 면목4동 379-3,37.61769765,127.0805647,,,02-2094-2683,서울특별시 중랑구청,2026-02-26
면목4동153-41,1,,서울특별시 중랑구 면목4동 153-41,37.61789545,127.0805184,,,02-2094-2683,서울특별시 중랑구청,2026-02-26
면목4동379-10,1,,서울특별시 중랑구 면목4동 379-10,37.61801819,127.080477,,,02-2094-2683,서울특별시 중랑구청,2026-02-26
면목4동379-17,1,,서울특별시 중랑구 면목4동 379-17,37.61797559,127.0808596,,,02-2094-2683,서울특별시 중랑구청,2026-02-26
면목4동390-1,1,,서울특별시 중랑구 면목4동 390-1,,,,,02-2094-2683,서울특별시 중랑구청,2026-02-26
면목4동390-27,1,,서울특별시 중랑구 면목4동 390-27,37.6180815,127.081045,,,02-2094-2683,서울특별시 중랑구청,2026-02-26
면목4동390-24,1,,서울특별시 중랑구 면목4동 390-24,37.61793695,127.0810946,,,02-2094-2683,서울특별시 중랑구청,2026-02-26
면목4동390-11,1,,서울특별시 중랑구 면목4동 390-11,,,,,02-2094-2683,서울특별시 중랑구청,2026-02-26
면목4동381-7,1,,서울특별시 중랑구 면목4동 381-7,37.61808067,127.0812107,,,02-2094-2683,서울특별시 중랑구청,2026-02-26
면목4동391-1,1,,서울특별시 중랑구 면목4동 391-1,37.61805351,127.0816579,,,02-2094-2683,서울특별시 중랑구청,2026-02-26
면목4동398-6,1,,서울특별시 중랑구 면목4동 398-6,37.61698928,127.0804493,,,02-2094-2683,서울특별시 중랑구청,2026-02-26
면목4동398-7,1,,서울특별시 중랑구 면목4동 398-7,37.61673643,127.0802393,,,02-2094-2683,서울특별시 중랑구청,2026-02-26
면목4동398-12,1,,서울특별시 중랑구 면목4동 398-12,37.61713294,127.080131,,,02-2094-2683,서울특별시 중랑구청,2026-02-26
면목4동390-22,1,,서울특별시 중랑구 면목4동 390-22,37.61692449,127.0803365,,,02-2094-2683,서울특별시 중랑구청,2026-02-26
면목4동398-15,1,,서울특별시 중랑구 면목4동 398-15,37.61735029,127.080086,,,02-2094-2683,서울특별시 중랑구청,2026-02-26
면목4동389-112,1,,서울특별시 중랑구 면목4동 389-112,37.61759609,127.0799377,,,02-2094-2683,서울특별시 중랑구청,2026-02-26
면목4동398-24,1,,서울특별시 중랑구 면목4동 398-24,37.61793737,127.0799604,,,02-2094-2683,서울특별시 중랑구청,2026-02-26
면목4동398-21,1,,서울특별시 중랑구 면목4동 398-21,37.61801015,127.0802416,,,02-2094-2683,서울특별시 중랑구청,2026-02-26
면목4동392-11,1,,서울특별시 중랑구 면목4동 392-11,37.61745799,127.079629,,,02-2094-2683,서울특별시 중랑구청,2026-02-26
면목4동392-27,1,,서울특별시 중랑구 면목4동 392-27,37.61753734,127.0795355,,,02-2094-2683,서울특별시 중랑구청,2026-02-26
면목4동392-53,1,,서울특별시 중랑구 면목4동 392-53,37.61783182,127.0794841,,,02-2094-2683,서울특별시 중랑구청,2026-02-26
면목4동392-47,1,,서울특별시 중랑구 면목4동 392-47,37.61783182,127.0794841,,,02-2094-2683,서울특별시 중랑구청,2026-02-26
면목4동392-37,1,,서울특별시 중랑구 면목4동 392-37,37.61790531,127.0797917,,,02-2094-2683,서울특별시 중랑구청,2026-02-26
면목4동392-6,1,,서울특별시 중랑구 면목4동 392-6,37.61796639,127.0800813,,,02-2094-2683,서울특별시 중랑구청,2026-02-26
면목4동393-15,1,,서울특별시 중랑구 면목4동 393-15,37.61765407,127.0796013,,,02-2094-2683,서울특별시 중랑구청,2026-02-26
면목4동393-4,1,,서울특별시 중랑구 면목4동 393-4,37.61687754,127.0798123,,,02-2094-2683,서울특별시 중랑구청,2026-02-26
면목4동393-108,1,,서울특별시 중랑구 면목4동 393-108,37.61681541,127.0796296,,,02-2094-2683,서울특별시 중랑구청,2026-02-26
면목4동393-41,1,,서울특별시 중랑구 면목4동 393-41,37.61668422,127.0799053,,,02-2094-2683,서울특별시 중랑구청,2026-02-26
면목4동393-38,1,,서울특별시 중랑구 면목4동 393-38,37.61649413,127.0798711,,,02-2094-2683,서울특별시 중랑구청,2026-02-26
면목4동393-33,1,,서울특별시 중랑구 면목4동 393-33,,,,,02-2094-2683,서울특별시 중랑구청,2026-02-26
면목4동393-37,1,,서울특별시 중랑구 면목4동 393-37,37.61681761,127.0782283,,,02-2094-2683,서울특별시 중랑구청,2026-02-26
면목4동393-89,1,,서울특별시 중랑구 면목4동 393-89,37.61652091,127.0769993,,,02-2094-2683,서울특별시 중랑구청,2026-02-26
면목4동393-71,1,,서울특별시 중랑구 면목4동 393-71,37.61709351,127.0786073,,,02-2094-2683,서울특별시 중랑구청,2026-02-26
면목4동393-85,1,,서울특별시 중랑구 면목4동 393-85,37.61729836,127.0786497,,,02-2094-2683,서울특별시 중랑구청,2026-02-26
면목4동393-96,1,,서울특별시 중랑구 면목4동 393-96,37.61748052,127.0785508,,,02-2094-2683,서울특별시 중랑구청,2026-02-26
면목4동393-132,1,,서울특별시 중랑구 면목4동 393-132,37.61719191,127.0788612,,,02-2094-2683,서울특별시 중랑구청,2026-02-26
면목4동393-111,1,,서울특별시 중랑구 면목4동 393-111,37.61757652,127.0788818,,,02-2094-2683,서울특별시 중랑구청,2026-02-26
면목4동393-72,1,,서울특별시 중랑구 면목4동 393-72,37.61748052,127.0785508,,,02-2094-2683,서울특별시 중랑구청,2026-02-26
면목4동393-6,1,,서울특별시 중랑구 면목4동 393-6,37.61745485,127.0784003,,,02-2094-2683,서울특별시 중랑구청,2026-02-26
면목4동1394,1,,서울특별시 중랑구 면목4동 1394,37.61722122,127.078542,,,02-2094-2683,서울특별시 중랑구청,2026-02-26
면목4동1393,1,,서울특별시 중랑구 면목4동 1393,37.61652091,127.0769993,,,02-2094-2683,서울특별시 중랑구청,2026-02-26
면목4동1390,1,,서울특별시 중랑구 면목4동 1390,37.61652091,127.0769993,,,02-2094-2683,서울특별시 중랑구청,2026-02-26
면목4동1387,1,,서울특별시 중랑구 면목4동 1387,37.61679425,127.0766183,,,02-2094-2683,서울특별시 중랑구청,2026-02-26
면목4동1404,1,,서울특별시 중랑구 면목4동 1404,37.61664021,127.0764367,,,02-2094-2683,서울특별시 중랑구청,2026-02-26
면목4동1405,1,,서울특별시 중랑구 면목4동 1405,37.61668709,127.0766585,,,02-2094-2683,서울특별시 중랑구청,2026-02-26
면목4동1392,1,,서울특별시 중랑구 면목4동 1392,,,,,02-2094-2683,서울특별시 중랑구청,2026-02-26
면목4동1410,1,,서울특별시 중랑구 면목4동 1410,37.61664021,127.0764367,,,02-2094-2683,서울특별시 중랑구청,2026-02-26
면목4동1409,1,,서울특별시 중랑구 면목4동 1409,37.61610263,127.0770649,,,02-2094-2683,서울특별시 중랑구청,2026-02-26
면목4동1401,1,,서울특별시 중랑구 면목4동 1401,37.61587214,127.0766667,,,02-2094-2683,서울특별시 중랑구청,2026-02-26
면목4동1419,1,,서울특별시 중랑구 면목4동 1419,37.6161797,127.0772858,,,02-2094-2683,서울특별시 중랑구청,2026-02-26
면목4동1420,1,,서울특별시 중랑구 면목4동 1420,37.61636134,127.0775541,,,02-2094-2683,서울특별시 중랑구청,2026-02-26
면목4동1425,1,,서울특별시 중랑구 면목4동 1425,37.61647823,127.0775042,,,02-2094-2683,서울특별시 중랑구청,2026-02-26
면목4동1341-3,1,,서울특별시 중랑구 면목4동 1341-3,37.61668966,127.0779699,,,02-2094-2683,서울특별시 중랑구청,2026-02-26
면목4동393-133,1,,서울특별시 중랑구 면목4동 393-133,37.6167432,127.0780636,,,02-2094-2683,서울특별시 중랑구청,2026-02-26
면목4동393-73,1,,서울특별시 중랑구 면목4동 393-73,,,,,02-2094-2683,서울특별시 중랑구청,2026-02-26
면목4동393-45,1,,서울특별시 중랑구 면목4동 393-45,37.61467083,127.0771226,,,02-2094-2683,서울특별시 중랑구청,2026-02-26
면목4동393-99,1,,서울특별시 중랑구 면목4동 393-99,,,,,02-2094-2683,서울특별시 중랑구청,2026-02-26
면목4동393-121,1,,서울특별시 중랑구 면목4동 393-121,37.60994237,127.0816534,,,02-2094-2683,서울특별시 중랑구청,2026-02-26
면목4동393-125,1,,서울특별시 중랑구 면목4동 393-125,37.61608269,127.0790046,,,02-2094-2683,서울특별시 중랑구청,2026-02-26
면목4동1341-4,1,,서울특별시 중랑구 면목4동 1341-4,37.61600235,127.0786954,,,02-2094-2683,서울특별시 중랑구청,2026-02-26
면목4동1341-12,1,,서울특별시 중랑구 면목4동 1341-12,37.61582245,127.078663,,,02-2094-2683,서울특별시 중랑구청,2026-02-26
면목4동393-68,1,,서울특별시 중랑구 면목4동 393-68,37.61586775,127.0785528,,,02-2094-2683,서울특별시 중랑구청,2026-02-26
면목4동393-94,1,,서울특별시 중랑구 면목4동 393-94,37.61582567,127.0781533,,,02-2094-2683,서울특별시 중랑구청,2026-02-26
면목4동392-35,1,,서울특별시 중랑구 면목4동 392-35,37.61570646,127.078430,,,02-2094-2683,서울특별시 중랑구청,2026-02-26
면목4동371-44,1,,서울특별시 중랑구 면목4동 371-44,37.60842142,127.0804523,,,02-2094-2683,서울특별시 중랑구청,2026-02-26
면목4동1439,1,,서울특별시 중랑구 면목4동 1439,,,,,02-2094-2683,서울특별시 중랑구청,2026-02-26
면목4동1441,1,,서울특별시 중랑구 면목4동 1441,37.60866752,127.0790659,,,02-2094-2683,서울특별시 중랑구청,2026-02-26
면목4동1476,1,,서울특별시 중랑구 면목4동 1476,37.61420771,127.0771349,,,02-2094-2683,서울특별시 중랑구청,2026-02-26
면목4동1472,1,,서울특별시 중랑구 면목4동 1472,37.61022391,127.0799604,,,02-2094-2683,서울특별시 중랑구청,2026-02-26
면목4동1481,1,,서울특별시 중랑구 면목4동 1481,,,,,02-2094-2683,서울특별시 중랑구청,2026-02-26
면목4동1453,1,,서울특별시 중랑구 면목4동 1453,,,,,02-2094-2683,서울특별시 중랑구청,2026-02-26
면목4동1448-2,1,,서울특별시 중랑구 면목4동 1448-2,37.61842078,127.0863111,,,02-2094-2683,서울특별시 중랑구청,2026-02-26
면목4동1446,1,,서울특별시 중랑구 면목4동 1446,37.61835743,127.0864427,,,02-2094-2683,서울특별시 중랑구청,2026-02-26
면목4동1447,1,,서울특별시 중랑구 면목4동 1447,37.61841185,127.0868168,,,02-2094-2683,서울특별시 중랑구청,2026-02-26
면목4동1495,1,,서울특별시 중랑구 면목4동 1495,37.61851866,127.0868732,,,02-2094-2683,서울특별시 중랑구청,2026-02-26
면목4동1497,1,,서울특별시 중랑구 면목4동 1497,37.61857027,127.0865353,,,02-2094-2683,서울특별시 중랑구청,2026-02-26
면목4동1485,1,,서울특별시 중랑구 면목4동 1485,37.61917146,127.0842147,,,02-2094-2683,서울특별시 중랑구청,2026-02-26
면목4동1491,1,,서울특별시 중랑구 면목4동 1491,,,,,02-2094-2683,서울특별시 중랑구청,2026-02-26
면목4동1487,1,,서울특별시 중랑구 면목4동 1487,,,,,02-2094-2683,서울특별시 중랑구청,2026-02-26
면목4동1490,1,,서울특별시 중랑구 면목4동 1490,,,,,02-2094-2683,서울특별시 중랑구청,2026-02-26
면목4동1488,1,,서울특별시 중랑구 면목4동 1488,37.61732831,127.0784711,,,02-2094-2683,서울특별시 중랑구청,2026-02-26
면목4동1498-5,1,,서울특별시 중랑구 면목4동 1498-5,37.6110325,127.0793748,,,02-2094-2683,서울특별시 중랑구청,2026-02-26
면목4동1382-3,1,,서울특별시 중랑구 면목4동 1382-3,37.61809563,127.0822385,,,02-2094-2683,서울특별시 중랑구청,2026-02-26
면목4동1474,1,,서울특별시 중랑구 면목4동 1474,,,,,02-2094-2683,서울특별시 중랑구청,2026-02-26
면목4동1498-7,1,,서울특별시 중랑구 면목4동 1498-7,37.61123755,127.0788601,,,02-2094-2683,서울특별시 중랑구청,2026-02-26
면목4동1339-2,1,,서울특별시 중랑구 면목4동 1339-2,,,,,02-2094-2683,서울특별시 중랑구청,2026-02-26
면목4동1498,1,,서울특별시 중랑구 면목4동 1498,,,,,02-2094-2683,서울특별시 중랑구청,2026-02-26
면목4동1343-1,1,,서울특별시 중랑구 면목4동 1343-1,,,,,02-2094-2683,서울특별시 중랑구청,2026-02-26
면목4동1343-2,1,,서울특별시 중랑구 면목4동 1343-2,37.61221184,127.0776935,,,02-2094-2683,서울특별시 중랑구청,2026-02-26
면목4동1343-6,1,,서울특별시 중랑구 면목4동 1343-6,37.61158432,127.0811417,,,02-2094-2683,서울특별시 중랑구청,2026-02-26
면목4동1343-53,1,,서울특별시 중랑구 면목4동 1343-53,37.60847086,127.078894,,,02-2094-2683,서울특별시 중랑구청,2026-02-26
면목4동1343-20,1,,서울특별시 중랑구 면목4동 1343-20,37.61461867,127.0787461,,,02-2094-2683,서울특별시 중랑구청,2026-02-26
면목4동1343-54,1,,서울특별시 중랑구 면목4동 1343-54,37.61614112,127.0771696,,,02-2094-2683,서울특별시 중랑구청,2026-02-26
면목4동1343-17,1,,서울특별시 중랑구 면목4동 1343-17,37.60745113,127.0806124,,,02-2094-2683,서울특별시 중랑구청,2026-02-26
면목4동1339-1,1,,서울특별시 중랑구 면목4동 1339-1,37.61708972,127.0834643,,,02-2094-2683,서울특별시 중랑구청,2026-02-26
면목4동365-16,1,,서울특별시 중랑구 면목4동 365-16,37.60587176,127.0802407,,,02-2094-2683,서울특별시 중랑구청,2026-02-26
면목4동1343-36,1,,서울특별시 중랑구 면목4동 1343-36,37.61180793,127.0799844,,,02-2094-2683,서울특별시 중랑구청,2026-02-26
면목4동361,1,,서울특별시 중랑구 면목4동 361,37.6071643,127.0794742,,,02-2094-2683,서울특별시 중랑구청,2026-02-26
면목4동1343-52,1,,서울특별시 중랑구 면목4동 1343-52,37.61252322,127.0791847,,,02-2094-2683,서울특별시 중랑구청,2026-02-26
면목4동1343-39,1,,서울특별시 중랑구 면목4동 1343-39,37.60871909,127.0799501,,,02-2094-2683,서울특별시 중랑구청,2026-02-26
면목4동1342-8,1,,서울특별시 중랑구 면목4동 1342-8,37.60934298,127.0809457,,,02-2094-2683,서울특별시 중랑구청,2026-02-26
면목4동1342-12,1,,서울특별시 중랑구 면목4동 1342-12,37.60765416,127.078959,,,02-2094-2683,서울특별시 중랑구청,2026-02-26
면목4동1342-16,1,,서울특별시 중랑구 면목4동 1342-16,37.61533077,127.0794773,,,02-2094-2683,서울특별시 중랑구청,2026-02-26
면목4동1343-45,1,,서울특별시 중랑구 면목4동 1343-45,37.60966476,127.0802253,,,02-2094-2683,서울특별시 중랑구청,2026-02-26
면목4동1340-2,1,,서울특별시 중랑구 면목4동 1340-2,37.61383938,127.0775571,,,02-2094-2683,서울특별시 중랑구청,2026-02-26
면목4동1462,1,,서울특별시 중랑구 면목4동 1462,37.61402823,127.0783759,,,02-2094-2683,서울특별시 중랑구청,2026-02-26
면목4동1427,1,,서울특별시 중랑구 면목4동 1427,,,,,02-2094-2683,서울특별시 중랑구청,2026-02-26
면목4동1371,1,,서울특별시 중랑구 면목4동 1371,37.60701199,127.0813971,,,02-2094-2683,서울특별시 중랑구청,2026-02-26
면목4동1363,1,,서울특별시 중랑구 면목4동 1363,,,,,02-2094-2683,서울특별시 중랑구청,2026-02-26
면목4동1359,1,,서울특별시 중랑구 면목4동 1359,,,,,02-2094-2683,서울특별시 중랑구청,2026-02-26
면목4동1361,1,,서울특별시 중랑구 면목4동 1361,37.61743885,127.0811469,,,02-2094-2683,서울특별시 중랑구청,2026-02-26
면목4동1357,1,,서울특별시 중랑구 면목4동 1357,37.61402823,127.0783759,,,02-2094-2683,서울특별시 중랑구청,2026-02-26
면목4동1354,1,,서울특별시 중랑구 면목4동 1354,37.61853405,127.0841599,,,02-2094-2683,서울특별시 중랑구청,2026-02-26
면목4동1347-2,1,,서울특별시 중랑구 면목4동 1347-2,37.61896415,127.0842118,,,02-2094-2683,서울특별시 중랑구청,2026-02-26
면목4동1348,1,,서울특별시 중랑구 면목4동 1348,37.61729388,127.0796925,,,02-2094-2683,서울특별시 중랑구청,2026-02-26
면목4동1351,1,,서울특별시 중랑구 면목4동 1351,37.61621468,127.0773894,,,02-2094-2683,서울특별시 중랑구청,2026-02-26
면목4동1342,1,,서울특별시 중랑구 면목4동 1342,37.61722681,127.0786776,,,02-2094-2683,서울특별시 중랑구청,2026-02-26
면목4동1343,1,,서울특별시 중랑구 면목4동 1343,37.61734796,127.0794013,,,02-2094-2683,서울특별시 중랑구청,2026-02-26
면목4동1339,1,,서울특별시 중랑구 면목4동 1339,37.6072382,127.0815613,,,02-2094-2683,서울특별시 중랑구청,2026-02-26
면목4동583-3,1,,서울특별시 중랑구 면목4동 583-3,37.61751046,127.0803879,,,02-2094-2683,서울특별시 중랑구청,2026-02-26
면목4동583-26,1,,서울특별시 중랑구 면목4동 583-26,37.60896082,127.0806125,,,02-2094-2683,서울특별시 중랑구청,2026-02-26
면목4동583-12,1,,서울특별시 중랑구 면목4동 583-12,37.61134271,127.0808344,,,02-2094-2683,서울특별시 중랑구청,2026-02-26
면목4동583-20,1,,서울특별시 중랑구 면목4동 583-20,37.61722681,127.0786776,,,02-2094-2683,서울특별시 중랑구청,2026-02-26
면목4동583-34,1,,서울특별시 중랑구 면목4동 583-34,37.61374633,127.0796942,,,02-2094-2683,서울특별시 중랑구청,2026-02-26
면목4동371-125,1,,서울특별시 중랑구 면목4동 371-125,37.61028651,127.0818323,,,02-2094-2683,서울특별시 중랑구청,2026-02-26
면목4동583-35,1,,서울특별시 중랑구 면목4동 583-35,37.60891873,127.0811608,,,02-2094-2683,서울특별시 중랑구청,2026-02-26
면목4동583-36,1,,서울특별시 중랑구 면목4동 583-36,37.61058262,127.0800581,,,02-2094-2683,서울특별시 중랑구청,2026-02-26
면목4동372-9,1,,서울특별시 중랑구 면목4동 372-9,37.60981603,127.0793025,,,02-2094-2683,서울특별시 중랑구청,2026-02-26
면목4동583-89,1,,서울특별시 중랑구 면목4동 583-89,37.60869326,127.0812179,,,02-2094-2683,서울특별시 중랑구청,2026-02-26
면목4동371-1,1,,서울특별시 중랑구 면목4동 371-1,37.60846024,127.0812598,,,02-2094-2683,서울특별시 중랑구청,2026-02-26
면목4동365-20,1,,서울특별시 중랑구 면목4동 365-20,37.61744262,127.0827186,,,02-2094-2683,서울특별시 중랑구청,2026-02-26
면목4동366-30,1,,서울특별시 중랑구 면목4동 366-30,37.61738171,127.0813097,,,02-2094-2683,서울특별시 중랑구청,2026-02-26
면목4동366-42,1,,서울특별시 중랑구 면목4동 366-42,37.61734796,127.0794013,,,02-2094-2683,서울특별시 중랑구청,2026-02-26
면목4동366-1,1,,서울특별시 중랑구 면목4동 366-1,37.61095417,127.0784824,,,02-2094-2683,서울특별시 중랑구청,2026-02-26
면목4동365-9,1,,서울특별시 중랑구 면목4동 365-9,37.61319881,127.0784668,,,02-2094-2683,서울특별시 중랑구청,2026-02-26
면목4동365-7,1,,서울특별시 중랑구 면목4동 365-7,37.61831994,127.0862111,,,02-2094-2683,서울특별시 중랑구청,2026-02-26
면목4동365-4,1,,서울특별시 중랑구 면목4동 365-4,37.61765407,127.0796013,,,02-2094-2683,서울특별시 중랑구청,2026-02-26
면목4동365-3,1,,서울특별시 중랑구 면목4동 365-3,37.61111969,127.0809996,,,02-2094-2683,서울특별시 중랑구청,2026-02-26
면목4동366-29,1,,서울특별시 중랑구 면목4동 366-29,37.61513156,127.0815962,,,02-2094-2683,서울특별시 중랑구청,2026-02-26
면목4동366-31,1,,서울특별시 중랑구 면목4동 366-31,,,,,02-2094-2683,서울특별시 중랑구청,2026-02-26
면목4동366-32,1,,서울특별시 중랑구 면목4동 366-32,37.61792187,127.083212,,,02-2094-2683,서울특별시 중랑구청,2026-02-26
면목4동366-2,1,,서울특별시 중랑구 면목4동 366-2,,,,,02-2094-2683,서울특별시 중랑구청,2026-02-26
면목4동366-3,1,,서울특별시 중랑구 면목4동 366-3,37.61067325,127.0812542,,,02-2094-2683,서울특별시 중랑구청,2026-02-26
면목4동366-26,1,,서울특별시 중랑구 면목4동 366-26,37.60806947,127.0790198,,,02-2094-2683,서울특별시 중랑구청,2026-02-26
면목4동371-47,1,,서울특별시 중랑구 면목4동 371-47,37.61284943,127.0785698,,,02-2094-2683,서울특별시 중랑구청,2026-02-26
면목4동371-6,1,,서울특별시 중랑구 면목4동 371-6,37.61653535,127.0808751,,,02-2094-2683,서울특별시 중랑구청,2026-02-26
면목4동371-7,1,,서울특별시 중랑구 면목4동 371-7,37.61156702,127.0780737,,,02-2094-2683,서울특별시 중랑구청,2026-02-26
면목4동371-20,1,,서울특별시 중랑구 면목4동 371-20,37.61439865,127.0790199,,,02-2094-2683,서울특별시 중랑구청,2026-02-26
면목4동1370,1,,서울특별시 중랑구 면목4동 1370,37.61177337,127.078845,,,02-2094-2683,서울특별시 중랑구청,2026-02-26
면목4동1377,1,,서울특별시 중랑구 면목4동 1377,37.60748044,127.0748181,,,02-2094-2683,서울특별시 중랑구청,2026-02-26
면목4동1378,1,,서울특별시 중랑구 면목4동 1378,37.60706531,127.0748796,,,02-2094-2683,서울특별시 중랑구청,2026-02-26
면목4동371-168,1,,서울특별시 중랑구 면목4동 371-168,37.60676975,127.0749381,,,02-2094-2683,서울특별시 중랑구청,2026-02-26
면목4동371-134,1,,서울특별시 중랑구 면목4동 371-134,37.60676069,127.0747417,,,02-2094-2683,서울특별시 중랑구청,2026-02-26
면목4동371-65,1,,서울특별시 중랑구 면목4동 371-65,37.60650377,127.0749603,,,02-2094-2683,서울특별시 중랑구청,2026-02-26
면목4동371-75,1,,서울특별시 중랑구 면목4동 371-75,37.60652285,127.0758358,,,02-2094-2683,서울특별시 중랑구청,2026-02-26
면목4동371-48,1,,서울특별시 중랑구 면목4동 371-48,37.60638294,127.0745392,,,02-2094-2683,서울특별시 중랑구청,2026-02-26
면목4동371-159,1,,서울특별시 중랑구 면목4동 371-159,37.60640429,127.0746922,,,02-2094-2683,서울특별시 중랑구청,2026-02-26
면목4동371-90,1,,서울특별시 중랑구 면목4동 371-90,37.60685898,127.0746106,,,02-2094-2683,서울특별시 중랑구청,2026-02-26
면목4동371-73,1,,서울특별시 중랑구 면목4동 371-73,37.60689374,127.0743523,,,02-2094-2683,서울특별시 중랑구청,2026-02-26
면목4동371-96,1,,서울특별시 중랑구 면목4동 371-96,37.60649384,127.0744104,,,02-2094-2683,서울특별시 중랑구청,2026-02-26
면목4동371-91,1,,서울특별시 중랑구 면목4동 371-91,37.60637499,127.0744334,,,02-2094-2683,서울특별시 중랑구청,2026-02-26
면목4동371-80,1,,서울특별시 중랑구 면목4동 371-80,,,,,02-2094-2683,서울특별시 중랑구청,2026-02-26
면목4동371-76,1,,서울특별시 중랑구 면목4동 371-76,37.60645579,127.0738927,,,02-2094-2683,서울특별시 중랑구청,2026-02-26
면목4동366-17,1,,서울특별시 중랑구 면목4동 366-17,37.60654792,127.0739453,,,02-2094-2683,서울특별시 중랑구청,2026-02-26
면목4동367-2,1,,서울특별시 중랑구 면목4동 367-2,37.6069571,127.0740324,,,02-2094-2683,서울특별시 중랑구청,2026-02-26
면목4동367-17,1,,서울특별시 중랑구 면목4동 367-17,37.60649656,127.0736743,,,02-2094-2683,서울특별시 중랑구청,2026-02-26
면목4동366-23,1,,서울특별시 중랑구 면목4동 366-23,37.60683181,127.0736854,,,02-2094-2683,서울특별시 중랑구청,2026-02-26
면목4동366-40,1,,서울특별시 중랑구 면목4동 366-40,37.60699264,127.0735372,,,02-2094-2683,서울특별시 중랑구청,2026-02-26
면목4동367-13,1,,서울특별시 중랑구 면목4동 367-13,37.60686951,127.0739126,,,02-2094-2683,서울특별시 중랑구청,2026-02-26
면목4동367-1,1,,서울특별시 중랑구 면목4동 367-1,37.61090807,127.080310,,,02-2094-2683,서울특별시 중랑구청,2026-02-26
면목4동367-23,1,,서울특별시 중랑구 면목4동 367-23,37.60734069,127.0738268,,,02-2094-2683,서울특별시 중랑구청,2026-02-26
면목4동367-26,1,,서울특별시 중랑구 면목4동 367-26,37.60762291,127.0739286,,,02-2094-2683,서울특별시 중랑구청,2026-02-26
면목4동367-20,1,,서울특별시 중랑구 면목4동 367-20,37.607576,127.0744381,,,02-2094-2683,서울특별시 중랑구청,2026-02-26
면목4동367-29,1,,서울특별시 중랑구 면목4동 367-29,37.60767018,127.0741159,,,02-2094-2683,서울특별시 중랑구청,2026-02-26
면목4동371-142,1,,서울특별시 중랑구 면목4동 371-142,37.60745298,127.0740636,,,02-2094-2683,서울특별시 중랑구청,2026-02-26
면목4동371-103,1,,서울특별시 중랑구 면목4동 371-103,37.60743915,127.0744288,,,02-2094-2683,서울특별시 중랑구청,2026-02-26
면목4동371-107,1,,서울특별시 중랑구 면목4동 371-107,37.60720361,127.0738886,,,02-2094-2683,서울특별시 중랑구청,2026-02-26
면목4동371-111,1,,서울특별시 중랑구 면목4동 371-111,37.60701832,127.0745349,,,02-2094-2683,서울특별시 중랑구청,2026-02-26
면목4동371-131,1,,서울특별시 중랑구 면목4동 371-131,37.60703303,127.0746411,,,02-2094-2683,서울특별시 중랑구청,2026-02-26
면목4동371-120,1,,서울특별시 중랑구 면목4동 371-120,37.60775078,127.0747418,,,02-2094-2683,서울특별시 중랑구청,2026-02-26
면목4동727-363,1,,서울특별시 중랑구 면목4동 727-363,37.60792941,127.0749429,,,02-2094-2683,서울특별시 중랑구청,2026-02-26
면목4동390-8,1,,서울특별시 중랑구 면목4동 390-8,37.60799912,127.075267,,,02-2094-2683,서울특별시 중랑구청,2026-02-26
면목4동365-2,1,,서울특별시 중랑구 면목4동 365-2,37.6079974,127.0755679,,,02-2094-2683,서울특별시 중랑구청,2026-02-26
면목4동365-18,1,,서울특별시 중랑구 면목4동 365-18,37.60791691,127.0761762,,,02-2094-2683,서울특별시 중랑구청,2026-02-26
면목4동371-151,1,,서울특별시 중랑구 면목4동 371-151,37.6075764,127.0760763,,,02-2094-2683,서울특별시 중랑구청,2026-02-26
면목4동348-7,1,,서울특별시 중랑구 면목4동 348-7,37.60732128,127.076291,,,02-2094-2683,서울특별시 중랑구청,2026-02-26
면목4동383-45,1,,서울특별시 중랑구 면목4동 383-45,37.61268819,127.0765973,,,02-2094-2683,서울특별시 중랑구청,2026-02-26
면목4동393-43,1,,서울특별시 중랑구 면목4동 393-43,37.60719494,127.0763225,,,02-2094-2683,서울특별시 중랑구청,2026-02-26
면목4동374-47,1,,서울특별시 중랑구 면목4동 374-47,37.60697472,127.0763625,,,02-2094-2683,서울특별시 중랑구청,2026-02-26
면목4동174-9,1,,서울특별시 중랑구 면목4동 174-9,37.61601976,127.0747863,,,02-2094-2683,서울특별시 중랑구청,2026-02-26
면목4동379-25,1,,서울특별시 중랑구 면목4동 379-25,37.60604081,127.0752902,,,02-2094-2683,서울특별시 중랑구청,2026-02-26
면목4동370-4,1,,서울특별시 중랑구 면목4동 370-4,37.60577868,127.0754809,,,02-2094-2683,서울특별시 중랑구청,2026-02-26
면목4동374-30,1,,서울특별시 중랑구 면목4동 374-30,37.60590357,127.0754643,,,02-2094-2683,서울특별시 중랑구청,2026-02-26
면목4동1464,1,,서울특별시 중랑구 면목4동 1464,37.60617252,127.0755889,,,02-2094-2683,서울특별시 중랑구청,2026-02-26
면목4동1343-3,1,,서울특별시 중랑구 면목4동 1343-3,37.60631697,127.0755588,,,02-2094-2683,서울특별시 중랑구청,2026-02-26
면목4동370-11,1,,서울특별시 중랑구 면목4동 370-11,37.60633763,127.0757978,,,02-2094-2683,서울특별시 중랑구청,2026-02-26
면목4동1393-1,1,,서울특별시 중랑구 면목4동 1393-1,37.60612821,127.0757045,,,02-2094-2683,서울특별시 중랑구청,2026-02-26
면목4동393-122,1,,서울특별시 중랑구 면목4동 393-122,37.6061781,127.0759092,,,02-2094-2683,서울특별시 중랑구청,2026-02-26
면목4동374-14,1,,서울특별시 중랑구 면목4동 374-14,37.60598814,127.0763484,,,02-2094-2683,서울특별시 중랑구청,2026-02-26
면목4동347-39,1,,서울특별시 중랑구 면목4동 347-39,37.60588735,127.0753201,,,02-2094-2683,서울특별시 중랑구청,2026-02-26
면목4동371-173,1,,서울특별시 중랑구 면목4동 371-173,37.60640968,127.0762622,,,02-2094-2683,서울특별시 중랑구청,2026-02-26
면목4동382-32,1,,서울특별시 중랑구 면목4동 382-32,37.60597175,127.0764721,,,02-2094-2683,서울특별시 중랑구청,2026-02-26
면목4동1537,1,,서울특별시 중랑구 면목4동 1537,37.60597175,127.0764721,,,02-2094-2683,서울특별시 중랑구청,2026-02-26
면목4동370-27,1,,서울특별시 중랑구 면목4동 370-27,37.60536022,127.0763758,,,02-2094-2683,서울특별시 중랑구청,2026-02-26
면목4동371-112,1,,서울특별시 중랑구 면목4동 371-112,37.60515187,127.0760248,,,02-2094-2683,서울특별시 중랑구청,2026-02-26
면목4동,1,,서울특별시 중랑구 면목4동,37.60531818,127.076052,,,02-2094-2683,서울특별시 중랑구청,2026-02-26
면목4동715-1,1,,서울특별시 중랑구 면목4동 715-1,37.60539492,127.0759443,,,02-2094-2683,서울특별시 중랑구청,2026-02-26
면목4동348-2,1,,서울특별시 중랑구 면목4동 348-2,37.60557734,127.075707,,,02-2094-2683,서울특별시 중랑구청,2026-02-26
면목4동393-65,1,,서울특별시 중랑구 면목4동 393-65,,,,,02-2094-2683,서울특별시 중랑구청,2026-02-26
면목4동385-24,1,,서울특별시 중랑구 면목4동 385-24,37.60548051,127.0753962,,,02-2094-2683,서울특별시 중랑구청,2026-02-26
면목4동1346-2,1,,서울특별시 중랑구 면목4동 1346-2,37.60532272,127.0754273,,,02-2094-2683,서울특별시 중랑구청,2026-02-26
면목4동374-27,1,,서울특별시 중랑구 면목4동 374-27,37.60523991,127.0755854,,,02-2094-2683,서울특별시 중랑구청,2026-02-26
면목4동639-12,1,,서울특별시 중랑구 면목4동 639-12,37.60514087,127.0754729,,,02-2094-2683,서울특별시 중랑구청,2026-02-26
면목4동390-18,1,,서울특별시 중랑구 면목4동 390-18,37.60537839,127.0751711,,,02-2094-2683,서울특별시 중랑구청,2026-02-26
면목4동393-16,1,,서울특별시 중랑구 면목4동 393-16,37.60560229,127.0751662,,,02-2094-2683,서울특별시 중랑구청,2026-02-26
면목4동376-32,1,,서울특별시 중랑구 면목4동 376-32,37.60595329,127.0747708,,,02-2094-2683,서울특별시 중랑구청,2026-02-26
면목4동392-54,1,,서울특별시 중랑구 면목4동 392-54,37.60625425,127.0750099,,,02-2094-2683,서울특별시 중랑구청,2026-02-26
면목4동583-23,1,,서울특별시 중랑구 면목4동 583-23,37.60622443,127.0748645,,,02-2094-2683,서울특별시 중랑구청,2026-02-26
면목4동583-27,1,,서울특별시 중랑구 면목4동 583-27,37.60496042,127.0747425,,,02-2094-2683,서울특별시 중랑구청,2026-02-26
면목4동1342-5,1,,서울특별시 중랑구 면목4동 1342-5,37.60580695,127.0742342,,,02-2094-2683,서울특별시 중랑구청,2026-02-26
면목4동392-15,1,,서울특별시 중랑구 면목4동 392-15,37.60573403,127.0747032,,,02-2094-2683,서울특별시 중랑구청,2026-02-26
면목4동371-67,1,,서울특별시 중랑구 면목4동 371-67,,,,,02-2094-2683,서울특별시 중랑구청,2026-02-26
면목4동1380,1,,서울특별시 중랑구 면목4동 1380,37.60524463,127.0746893,,,02-2094-2683,서울특별시 중랑구청,2026-02-26
면목4동370-38,1,,서울특별시 중랑구 면목4동 370-38,37.60500286,127.0748768,,,02-2094-2683,서울특별시 중랑구청,2026-02-26
면목4동583-33,1,,서울특별시 중랑구 면목4동 583-33,37.60526756,127.0750366,,,02-2094-2683,서울특별시 중랑구청,2026-02-26
면목4동378-1,1,,서울특별시 중랑구 면목4동 378-1,37.60544808,127.0748147,,,02-2094-2683,서울특별시 중랑구청,2026-02-26
면목4동380-,1,,서울특별시 중랑구 면목4동 380-,37.60491752,127.0741913,,,02-2094-2683,서울특별시 중랑구청,2026-02-26
면목4동371-99,1,,서울특별시 중랑구 면목4동 371-99,37.60503067,127.0743637,,,02-2094-2683,서울특별시 중랑구청,2026-02-26
면목4동371-122,1,,서울특별시 중랑구 면목4동 371-122,37.60528397,127.074313,,,02-2094-2683,서울특별시 중랑구청,2026-02-26
면목4동364-33,1,,서울특별시 중랑구 면목4동 364-33,37.60537749,127.0741603,,,02-2094-2683,서울특별시 중랑구청,2026-02-26
면목4동372-25,1,,서울특별시 중랑구 면목4동 372-25,37.60569296,127.0741168,,,02-2094-2683,서울특별시 중랑구청,2026-02-26
면목4동1346,1,,서울특별시 중랑구 면목4동 1346,37.60561549,127.0739447,,,02-2094-2683,서울특별시 중랑구청,2026-02-26
면목4동374-36,1,,서울특별시 중랑구 면목4동 374-36,37.61417599,127.0739044,,,02-2094-2683,서울특별시 중랑구청,2026-02-26
면목4동383-33,1,,서울특별시 중랑구 면목4동 383-33,37.60622443,127.0748645,,,02-2094-2683,서울특별시 중랑구청,2026-02-26
면목4동392-44,1,,서울특별시 중랑구 면목4동 392-44,37.60607891,127.0737362,,,02-2094-2683,서울특별시 중랑구청,2026-02-26
면목4동392-12,1,,서울특별시 중랑구 면목4동 392-12,37.60622443,127.0748645,,,02-2094-2683,서울특별시 중랑구청,2026-02-26
면목4동398-19,1,,서울특별시 중랑구 면목4동 398-19,37.60820781,127.0746662,,,02-2094-2683,서울특별시 중랑구청,2026-02-26
면목4동393-44,1,,서울특별시 중랑구 면목4동 393-44,37.60816962,127.0743728,,,02-2094-2683,서울특별시 중랑구청,2026-02-26
면목4동381-73,1,,서울특별시 중랑구 면목4동 381-73,37.60808282,127.0745673,,,02-2094-2683,서울특별시 중랑구청,2026-02-26
면목4동1342-17,1,,서울특별시 중랑구 면목4동 1342-17,37.60792796,127.0746841,,,02-2094-2683,서울특별시 중랑구청,2026-02-26
면목4동369-19,1,,서울특별시 중랑구 면목4동 369-19,37.60790684,127.0744513,,,02-2094-2683,서울특별시 중랑구청,2026-02-26
면목4동349-12,1,,서울특별시 중랑구 면목4동 349-12,37.60805552,127.074140,,,02-2094-2683,서울특별시 중랑구청,2026-02-26
면목4동366-15,1,,서울특별시 중랑구 면목4동 366-15,37.60805552,127.074140,,,02-2094-2683,서울특별시 중랑구청,2026-02-26
면목4동366-46,1,,서울특별시 중랑구 면목4동 366-46,37.60784045,127.074142,,,02-2094-2683,서울특별시 중랑구청,2026-02-26
면목4동371-105,1,,서울특별시 중랑구 면목4동 371-105,37.60780585,127.0738659,,,02-2094-2683,서울특별시 중랑구청,2026-02-26
면목4동373-28,1,,서울특별시 중랑구 면목4동 373-28,37.60795779,127.0739474,,,02-2094-2683,서울특별시 중랑구청,2026-02-26
면목4동389-40,1,,서울특별시 중랑구 면목4동 389-40,37.60778235,127.0736876,,,02-2094-2683,서울특별시 중랑구청,2026-02-26
면목4동399-112,1,,서울특별시 중랑구 면목4동 399-112,37.60788113,127.0733507,,,02-2094-2683,서울특별시 중랑구청,2026-02-26
면목4동348-9,1,,서울특별시 중랑구 면목4동 348-9,37.60914225,127.0753469,,,02-2094-2683,서울특별시 중랑구청,2026-02-26
면목4동347-27,1,,서울특별시 중랑구 면목4동 347-27,37.61494301,127.075181,,,02-2094-2683,서울특별시 중랑구청,2026-02-26
면목4동337-24,1,,서울특별시 중랑구 면목4동 337-24,,,,,02-2094-2683,서울특별시 중랑구청,2026-02-26
면목4동377-16,1,,서울특별시 중랑구 면목4동 377-16,37.60808523,127.0733077,,,02-2094-2683,서울특별시 중랑구청,2026-02-26
면목4동381-76,1,,서울특별시 중랑구 면목4동 381-76,37.6083286,127.0734309,,,02-2094-2683,서울특별시 중랑구청,2026-02-26
면목4동389-17,1,,서울특별시 중랑구 면목4동 389-17,,,,,02-2094-2683,서울특별시 중랑구청,2026-02-26
면목4동393-102,1,,서울특별시 중랑구 면목4동 393-102,37.60832835,127.0739799,,,02-2094-2683,서울특별시 중랑구청,2026-02-26
면목4동393-60,1,,서울특별시 중랑구 면목4동 393-60,37.60840468,127.0742391,,,02-2094-2683,서울특별시 중랑구청,2026-02-26
면목4동1343-7,1,,서울특별시 중랑구 면목4동 1343-7,37.60826773,127.0742425,,,02-2094-2683,서울특별시 중랑구청,2026-02-26
면목4동368-27,1,,서울특별시 중랑구 면목4동 368-27,37.60842994,127.0744735,,,02-2094-2683,서울특별시 중랑구청,2026-02-26
면목4동365-26,1,,서울특별시 중랑구 면목4동 365-26,37.60876136,127.0744228,,,02-2094-2683,서울특별시 중랑구청,2026-02-26
면목4동374-62,1,,서울특별시 중랑구 면목4동 374-62,37.60893229,127.0743912,,,02-2094-2683,서울특별시 중랑구청,2026-02-26
면목4동373-29,1,,서울특별시 중랑구 면목4동 373-29,37.60924647,127.0743815,,,02-2094-2683,서울특별시 중랑구청,2026-02-26
면목4동371-129,1,,서울특별시 중랑구 면목4동 371-129,37.60933564,127.0741511,,,02-2094-2683,서울특별시 중랑구청,2026-02-26
면목4동366-25,1,,서울특별시 중랑구 면목4동 366-25,37.61069547,127.0734802,,,02-2094-2683,서울특별시 중랑구청,2026-02-26
면목4동376-2,1,,서울특별시 중랑구 면목4동 376-2,37.60945778,127.0746342,,,02-2094-2683,서울특별시 중랑구청,2026-02-26
면목4동370-37,1,,서울특별시 중랑구 면목4동 370-37,37.60952127,127.0752366,,,02-2094-2683,서울특별시 중랑구청,2026-02-26
면목4동1343-32,1,,서울특별시 중랑구 면목4동 1343-32,37.60939478,127.0755161,,,02-2094-2683,서울특별시 중랑구청,2026-02-26
면목4동392-10,1,,서울특별시 중랑구 면목4동 392-10,37.60910993,127.0750243,,,02-2094-2683,서울특별시 중랑구청,2026-02-26
면목4동1343-23,1,,서울특별시 중랑구 면목4동 1343-23,37.60598814,127.0763484,,,02-2094-2683,서울특별시 중랑구청,2026-02-26
면목4동390-6,1,,서울특별시 중랑구 면목4동 390-6,37.60886877,127.0753982,,,02-2094-2683,서울특별시 중랑구청,2026-02-26
면목4동373-30,1,,서울특별시 중랑구 면목4동 373-30,37.60846904,127.0754717,,,02-2094-2683,서울특별시 중랑구청,2026-02-26
면목4동372-28,1,,서울특별시 중랑구 면목4동 372-28,37.60857049,127.0760403,,,02-2094-2683,서울특별시 중랑구청,2026-02-26
면목4동371-133,1,,서울특별시 중랑구 면목4동 371-133,37.60828026,127.0755043,,,02-2094-2683,서울특별시 중랑구청,2026-02-26
면목4동1362,1,,서울특별시 중랑구 면목4동 1362,37.60834292,127.0758004,,,02-2094-2683,서울특별시 중랑구청,2026-02-26
면목4동378-9,1,,서울특별시 중랑구 면목4동 378-9,37.60804273,127.0758386,,,02-2094-2683,서울특별시 중랑구청,2026-02-26
면목4동371-164,1,,서울특별시 중랑구 면목4동 371-164,37.60824447,127.0758167,,,02-2094-2683,서울특별시 중랑구청,2026-02-26
면목4동349-22,1,,서울특별시 중랑구 면목4동 349-22,37.577955,127.085779,,,02-2094-2683,서울특별시 중랑구청,2026-02-26
면목4동 385-23,1,,서울특별시 중랑구 면목4동 385-23,37.575641,127.085521,,,02-2094-2683,서울특별시 중랑구청,2026-02-26
면목5동194-53,1,,서울특별시 중랑구 면목5동 194-53,37.60810238,127.0755435,,,02-2094-2683,서울특별시 중랑구청,2026-02-26
면목38동605-36,1,,서울특별시 중랑구 면목38동 605-36,37.60815708,127.0752437,,,02-2094-2683,서울특별시 중랑구청,2026-02-26
면목5동172-101,1,,서울특별시 중랑구 면목5동 172-101,,,,,02-2094-2683,서울특별시 중랑구청,2026-02-26
면목5동727-106,1,,서울특별시 중랑구 면목5동 727-106,37.60872945,127.0752982,,,02-2094-2683,서울특별시 중랑구청,2026-02-26
면목5동175-13,1,,서울특별시 중랑구 면목5동 175-13,37.60845232,127.074993,,,02-2094-2683,서울특별시 중랑구청,2026-02-26
면목5동655-8,1,,서울특별시 중랑구 면목5동 655-8,37.60833163,127.0752033,,,02-2094-2683,서울특별시 중랑구청,2026-02-26
면목5동173-100,1,,서울특별시 중랑구 면목5동 173-100,37.60806908,127.075066,,,02-2094-2683,서울특별시 중랑구청,2026-02-26
면목5동157-3,1,,서울특별시 중랑구 면목5동 157-3,37.60802602,127.074915,,,02-2094-2683,서울특별시 중랑구청,2026-02-26
면목5동173-17,1,,서울특별시 중랑구 면목5동 173-17,37.60866661,127.0747862,,,02-2094-2683,서울특별시 중랑구청,2026-02-26
면목5동194-45,1,,서울특별시 중랑구 면목5동 194-45,37.60899647,127.0749203,,,02-2094-2683,서울특별시 중랑구청,2026-02-26
면목5동194-19,1,,서울특별시 중랑구 면목5동 194-19,,,,,02-2094-2683,서울특별시 중랑구청,2026-02-26
면목5동194-24,1,,서울특별시 중랑구 면목5동 194-24,37.60942479,127.075778,,,02-2094-2683,서울특별시 중랑구청,2026-02-26
면목5동194-17,1,,서울특별시 중랑구 면목5동 194-17,37.60911387,127.0756275,,,02-2094-2683,서울특별시 중랑구청,2026-02-26
면목5동194-7,1,,서울특별시 중랑구 면목5동 194-7,37.60928549,127.075940,,,02-2094-2683,서울특별시 중랑구청,2026-02-26
면목5동155-1,1,,서울특별시 중랑구 면목5동 155-1,37.60905225,127.0758883,,,02-2094-2683,서울특별시 중랑구청,2026-02-26
면목5동194-47,1,,서울특별시 중랑구 면목5동 194-47,37.60879094,127.0760716,,,02-2094-2683,서울특별시 중랑구청,2026-02-26
면목5동194-59,1,,서울특별시 중랑구 면목5동 194-59,37.60871684,127.0760937,,,02-2094-2683,서울특별시 중랑구청,2026-02-26
면목5동194-5,1,,서울특별시 중랑구 면목5동 194-5,37.6063834,127.0771872,,,02-2094-2683,서울특별시 중랑구청,2026-02-26
면목5동194-3,1,,서울특별시 중랑구 면목5동 194-3,37.60609257,127.078132,,,02-2094-2683,서울특별시 중랑구청,2026-02-26
면목5동194-21,1,,서울특별시 중랑구 면목5동 194-21,37.60604196,127.0776791,,,02-2094-2683,서울특별시 중랑구청,2026-02-26
면목5동194-30,1,,서울특별시 중랑구 면목5동 194-30,37.60614572,127.0773234,,,02-2094-2683,서울특별시 중랑구청,2026-02-26
면목5동174-47,1,,서울특별시 중랑구 면목5동 174-47,37.6053582,127.0774024,,,02-2094-2683,서울특별시 중랑구청,2026-02-26
면목5동174-46,1,,서울특별시 중랑구 면목5동 174-46,37.60574947,127.0773091,,,02-2094-2683,서울특별시 중랑구청,2026-02-26
면목5동174-39,1,,서울특별시 중랑구 면목5동 174-39,37.60586348,127.0778088,,,02-2094-2683,서울특별시 중랑구청,2026-02-26
면목5동174-63,1,,서울특별시 중랑구 면목5동 174-63,37.60556488,127.0776894,,,02-2094-2683,서울특별시 중랑구청,2026-02-26
면목5동174-58,1,,서울특별시 중랑구 면목5동 174-58,37.60815293,127.0742577,,,02-2094-2683,서울특별시 중랑구청,2026-02-26
면목5동174-79,1,,서울특별시 중랑구 면목5동 174-79,37.60577426,127.0779816,,,02-2094-2683,서울특별시 중랑구청,2026-02-26
면목5동174-77,1,,서울특별시 중랑구 면목5동 174-77,37.60674976,127.077160,,,02-2094-2683,서울특별시 중랑구청,2026-02-26
면목5동174-83,1,,서울특별시 중랑구 면목5동 174-83,37.60697054,127.0776591,,,02-2094-2683,서울특별시 중랑구청,2026-02-26
면목5동174-74,1,,서울특별시 중랑구 면목5동 174-74,37.60706017,127.0778204,,,02-2094-2683,서울특별시 중랑구청,2026-02-26
면목5동174-70,1,,서울특별시 중랑구 면목5동 174-70,37.6073751,127.0777682,,,02-2094-2683,서울특별시 중랑구청,2026-02-26
면목5동174-72,1,,서울특별시 중랑구 면목5동 174-72,37.60759056,127.0777219,,,02-2094-2683,서울특별시 중랑구청,2026-02-26
면목5동174-33,1,,서울특별시 중랑구 면목5동 174-33,37.60714225,127.0772732,,,02-2094-2683,서울특별시 중랑구청,2026-02-26
면목5동174-37,1,,서울특별시 중랑구 면목5동 174-37,37.60746114,127.0770845,,,02-2094-2683,서울특별시 중랑구청,2026-02-26
면목5동174-14,1,,서울특별시 중랑구 면목5동 174-14,37.60718657,127.0771389,,,02-2094-2683,서울특별시 중랑구청,2026-02-26
면목5동174-9,1,,서울특별시 중랑구 면목5동 174-9,37.60730417,127.0768302,,,02-2094-2683,서울특별시 중랑구청,2026-02-26
면목5동174-57,1,,서울특별시 중랑구 면목5동 174-57,37.60754422,127.0770729,,,02-2094-2683,서울특별시 중랑구청,2026-02-26
면목5동174-56,1,,서울특별시 중랑구 면목5동 174-56,37.60772613,127.0770658,,,02-2094-2683,서울특별시 중랑구청,2026-02-26
면목5동174-90,1,,서울특별시 중랑구 면목5동 174-90,37.6080442,127.0777275,,,02-2094-2683,서울특별시 중랑구청,2026-02-26
면목5동174-92,1,,서울특별시 중랑구 면목5동 174-92,37.60770269,127.0773724,,,02-2094-2683,서울특별시 중랑구청,2026-02-26
면목5동174-25,1,,서울특별시 중랑구 면목5동 174-25,37.60858444,127.077444,,,02-2094-2683,서울특별시 중랑구청,2026-02-26
면목5동174-11,1,,서울특별시 중랑구 면목5동 174-11,37.60843094,127.0776738,,,02-2094-2683,서울특별시 중랑구청,2026-02-26
면목5동174-20,1,,서울특별시 중랑구 면목5동 174-20,37.60895912,127.0773674,,,02-2094-2683,서울특별시 중랑구청,2026-02-26
면목5동150-28,1,,서울특별시 중랑구 면목5동 150-28,37.60941363,127.077287,,,02-2094-2683,서울특별시 중랑구청,2026-02-26
면목5동158-46,1,,서울특별시 중랑구 면목5동 158-46,37.60959827,127.0772458,,,02-2094-2683,서울특별시 중랑구청,2026-02-26
면목5동173-63,1,,서울특별시 중랑구 면목5동 173-63,37.60976479,127.0772246,,,02-2094-2683,서울특별시 중랑구청,2026-02-26
면목5동173-60,1,,서울특별시 중랑구 면목5동 173-60,37.60972577,127.0770915,,,02-2094-2683,서울특별시 중랑구청,2026-02-26
면목5동173-127,1,,서울특별시 중랑구 면목5동 173-127,37.6096453,127.0771131,,,02-2094-2683,서울특별시 중랑구청,2026-02-26
면목5동173-128,1,,서울특별시 중랑구 면목5동 173-128,37.60945418,127.0771497,,,02-2094-2683,서울특별시 중랑구청,2026-02-26
면목5동173-124,1,,서울특별시 중랑구 면목5동 173-124,37.60951486,127.0769447,,,02-2094-2683,서울특별시 중랑구청,2026-02-26
면목5동173-10,1,,서울특별시 중랑구 면목5동 173-10,37.60927951,127.0768138,,,02-2094-2683,서울특별시 중랑구청,2026-02-26
면목5동173-135,1,,서울특별시 중랑구 면목5동 173-135,37.60920388,127.0770118,,,02-2094-2683,서울특별시 중랑구청,2026-02-26
면목5동173-174,1,,서울특별시 중랑구 면목5동 173-174,37.60894806,127.0770625,,,02-2094-2683,서울특별시 중랑구청,2026-02-26
면목5동173-146,1,,서울특별시 중랑구 면목5동 173-146,37.60904003,127.077228,,,02-2094-2683,서울특별시 중랑구청,2026-02-26
면목5동172-133,1,,서울특별시 중랑구 면목5동 172-133,37.60876216,127.077103,,,02-2094-2683,서울특별시 중랑구청,2026-02-26
면목5동173-155,1,,서울특별시 중랑구 면목5동 173-155,37.60838407,127.0771481,,,02-2094-2683,서울특별시 중랑구청,2026-02-26
면목5동173-68,1,,서울특별시 중랑구 면목5동 173-68,37.61569449,127.074667,,,02-2094-2683,서울특별시 중랑구청,2026-02-26
면목5동173-71,1,,서울특별시 중랑구 면목5동 173-71,37.60856231,127.0769796,,,02-2094-2683,서울특별시 중랑구청,2026-02-26
면목5동172-4,1,,서울특별시 중랑구 면목5동 172-4,37.60912947,127.0765828,,,02-2094-2683,서울특별시 중랑구청,2026-02-26
면목5동173-21,1,,서울특별시 중랑구 면목5동 173-21,37.60903899,127.0767522,,,02-2094-2683,서울특별시 중랑구청,2026-02-26
면목5동173-88,1,,서울특별시 중랑구 면목5동 173-88,37.6087365,127.0766509,,,02-2094-2683,서울특별시 중랑구청,2026-02-26
면목5동173-177,1,,서울특별시 중랑구 면목5동 173-177,37.60931941,127.0766991,,,02-2094-2683,서울특별시 중랑구청,2026-02-26
면목5동173-110,1,,서울특별시 중랑구 면목5동 173-110,37.60950594,127.0766592,,,02-2094-2683,서울특별시 중랑구청,2026-02-26
면목5동173-181,1,,서울특별시 중랑구 면목5동 173-181,37.60972125,127.0766995,,,02-2094-2683,서울특별시 중랑구청,2026-02-26
면목5동173-83,1,,서울특별시 중랑구 면목5동 173-83,37.60990967,127.0766651,,,02-2094-2683,서울특별시 중랑구청,2026-02-26
면목5동152-48,1,,서울특별시 중랑구 면목5동 152-48,37.61004924,127.0766524,,,02-2094-2683,서울특별시 중랑구청,2026-02-26
면목5동173-29,1,,서울특별시 중랑구 면목5동 173-29,37.61029673,127.0763969,,,02-2094-2683,서울특별시 중랑구청,2026-02-26
면목5동173-79,1,,서울특별시 중랑구 면목5동 173-79,37.61060009,127.0765487,,,02-2094-2683,서울특별시 중랑구청,2026-02-26
면목5동175-46,1,,서울특별시 중랑구 면목5동 175-46,,,,,02-2094-2683,서울특별시 중랑구청,2026-02-26
면목5동175-102,1,,서울특별시 중랑구 면목5동 175-102,37.61054618,127.0768742,,,02-2094-2683,서울특별시 중랑구청,2026-02-26
면목5동175-36,1,,서울특별시 중랑구 면목5동 175-36,37.6103276,127.0767266,,,02-2094-2683,서울특별시 중랑구청,2026-02-26
면목5동175-40,1,,서울특별시 중랑구 면목5동 175-40,37.609924,127.0768066,,,02-2094-2683,서울특별시 중랑구청,2026-02-26
면목5동175-112,1,,서울특별시 중랑구 면목5동 175-112,37.6099952,127.0773185,,,02-2094-2683,서울특별시 중랑구청,2026-02-26
면목5동175-70,1,,서울특별시 중랑구 면목5동 175-70,37.6102613,127.0772554,,,02-2094-2683,서울특별시 중랑구청,2026-02-26
면목5동175-71,1,,서울특별시 중랑구 면목5동 175-71,37.61283083,127.0750303,,,02-2094-2683,서울특별시 중랑구청,2026-02-26
면목5동175-63,1,,서울특별시 중랑구 면목5동 175-63,,,,,02-2094-2683,서울특별시 중랑구청,2026-02-26
면목5동175-62,1,,서울특별시 중랑구 면목5동 175-62,37.61151235,127.0770852,,,02-2094-2683,서울특별시 중랑구청,2026-02-26
면목5동175-61,1,,서울특별시 중랑구 면목5동 175-61,37.61112621,127.0770408,,,02-2094-2683,서울특별시 중랑구청,2026-02-26
면목5동172-14,1,,서울특별시 중랑구 면목5동 172-14,37.61112621,127.0770408,,,02-2094-2683,서울특별시 중랑구청,2026-02-26
면목5동175-59,1,,서울특별시 중랑구 면목5동 175-59,37.61109881,127.0767839,,,02-2094-2683,서울특별시 중랑구청,2026-02-26
면목5동175-76,1,,서울특별시 중랑구 면목5동 175-76,37.61140214,127.076835,,,02-2094-2683,서울특별시 중랑구청,2026-02-26
면목5동175-42,1,,서울특별시 중랑구 면목5동 175-42,37.61153645,127.0765966,,,02-2094-2683,서울특별시 중랑구청,2026-02-26
면목5동175-88,1,,서울특별시 중랑구 면목5동 175-88,37.61148956,127.0762377,,,02-2094-2683,서울특별시 중랑구청,2026-02-26
면목5동175-92,1,,서울특별시 중랑구 면목5동 175-92,37.61170447,127.0763513,,,02-2094-2683,서울특별시 중랑구청,2026-02-26
면목5동175-82,1,,서울특별시 중랑구 면목5동 175-82,37.61172539,127.0764619,,,02-2094-2683,서울특별시 중랑구청,2026-02-26
면목5동175-111,1,,서울특별시 중랑구 면목5동 175-111,37.61183793,127.0765864,,,02-2094-2683,서울특별시 중랑구청,2026-02-26
면목5동175-3,1,,서울특별시 중랑구 면목5동 175-3,37.611322,127.0773082,,,02-2094-2683,서울특별시 중랑구청,2026-02-26
면목5동175-10,1,,서울특별시 중랑구 면목5동 175-10,37.6117627,127.0768604,,,02-2094-2683,서울특별시 중랑구청,2026-02-26
면목5동175-11,1,,서울특별시 중랑구 면목5동 175-11,37.61139151,127.0764145,,,02-2094-2683,서울특별시 중랑구청,2026-02-26
면목5동175-108,1,,서울특별시 중랑구 면목5동 175-108,,,,,02-2094-2683,서울특별시 중랑구청,2026-02-26
면목5동175-14,1,,서울특별시 중랑구 면목5동 175-14,37.6157563,127.0743818,,,02-2094-2683,서울특별시 중랑구청,2026-02-26
면목5동175-45,1,,서울특별시 중랑구 면목5동 175-45,37.61091323,127.0768866,,,02-2094-2683,서울특별시 중랑구청,2026-02-26
면목5동175-68,1,,서울특별시 중랑구 면목5동 175-68,37.61075816,127.0762011,,,02-2094-2683,서울특별시 중랑구청,2026-02-26
면목5동172-10,1,,서울특별시 중랑구 면목5동 172-10,37.61069547,127.0734802,,,02-2094-2683,서울특별시 중랑구청,2026-02-26
면목5동172-46,1,,서울특별시 중랑구 면목5동 172-46,,,,,02-2094-2683,서울특별시 중랑구청,2026-02-26
면목5동172-13,1,,서울특별시 중랑구 면목5동 172-13,37.61247182,127.0738355,,,02-2094-2683,서울특별시 중랑구청,2026-02-26
면목5동172-20,1,,서울특별시 중랑구 면목5동 172-20,37.61245127,127.0737048,,,02-2094-2683,서울특별시 중랑구청,2026-02-26
면목5동172-61,1,,서울특별시 중랑구 면목5동 172-61,37.61237738,127.0738626,,,02-2094-2683,서울특별시 중랑구청,2026-02-26
면목5동172-21,1,,서울특별시 중랑구 면목5동 172-21,37.61202609,127.0737086,,,02-2094-2683,서울특별시 중랑구청,2026-02-26
면목5동172-90,1,,서울특별시 중랑구 면목5동 172-90,37.61203443,127.0734613,,,02-2094-2683,서울특별시 중랑구청,2026-02-26
면목5동172-75,1,,서울특별시 중랑구 면목5동 172-75,37.61174777,127.0739966,,,02-2094-2683,서울특별시 중랑구청,2026-02-26
면목5동172-83,1,,서울특별시 중랑구 면목5동 172-83,37.61181858,127.0738629,,,02-2094-2683,서울특별시 중랑구청,2026-02-26
면목5동172-85,1,,서울특별시 중랑구 면목5동 172-85,,,,,02-2094-2683,서울특별시 중랑구청,2026-02-26
면목5동172-86,1,,서울특별시 중랑구 면목5동 172-86,37.61204113,127.0731345,,,02-2094-2683,서울특별시 중랑구청,2026-02-26
면목5동172-68,1,,서울특별시 중랑구 면목5동 172-68,37.61218762,127.0735223,,,02-2094-2683,서울특별시 중랑구청,2026-02-26
면목5동172-64,1,,서울특별시 중랑구 면목5동 172-64,37.61238719,127.0732919,,,02-2094-2683,서울특별시 중랑구청,2026-02-26
면목5동172-96,1,,서울특별시 중랑구 면목5동 172-96,37.61267481,127.0732505,,,02-2094-2683,서울특별시 중랑구청,2026-02-26
면목5동172-110,1,,서울특별시 중랑구 면목5동 172-110,37.61241823,127.0743817,,,02-2094-2683,서울특별시 중랑구청,2026-02-26
면목5동172-99,1,,서울특별시 중랑구 면목5동 172-99,37.61173379,127.0732956,,,02-2094-2683,서울특별시 중랑구청,2026-02-26
면목5동172-103,1,,서울특별시 중랑구 면목5동 172-103,37.6052844,127.0751904,,,02-2094-2683,서울특별시 중랑구청,2026-02-26
면목5동172-126,1,,서울특별시 중랑구 면목5동 172-126,,,,,02-2094-2683,서울특별시 중랑구청,2026-02-26
면목5동172-135,1,,서울특별시 중랑구 면목5동 172-135,,,,,02-2094-2683,서울특별시 중랑구청,2026-02-26
면목5동172-24,1,,서울특별시 중랑구 면목5동 172-24,37.6136546,127.0734529,,,02-2094-2683,서울특별시 중랑구청,2026-02-26
면목5동172-138,1,,서울특별시 중랑구 면목5동 172-138,,,,,02-2094-2683,서울특별시 중랑구청,2026-02-26
면목5동172-28,1,,서울특별시 중랑구 면목5동 172-28,,,,,02-2094-2683,서울특별시 중랑구청,2026-02-26
면목5동172-38,1,,서울특별시 중랑구 면목5동 172-38,,,,,02-2094-2683,서울특별시 중랑구청,2026-02-26
면목5동172-44,1,,서울특별시 중랑구 면목5동 172-44,37.61176936,127.0743328,,,02-2094-2683,서울특별시 중랑구청,2026-02-26
면목5동172-51,1,,서울특별시 중랑구 면목5동 172-51,37.6127309,127.0750474,,,02-2094-2683,서울특별시 중랑구청,2026-02-26
면목5동171-73,1,,서울특별시 중랑구 면목5동 171-73,37.61298176,127.0750023,,,02-2094-2683,서울특별시 중랑구청,2026-02-26
면목5동154-3,1,,서울특별시 중랑구 면목5동 154-3,37.61320071,127.0751293,,,02-2094-2683,서울특별시 중랑구청,2026-02-26
면목5동171-5,1,,서울특별시 중랑구 면목5동 171-5,37.6129405,127.0747198,,,02-2094-2683,서울특별시 중랑구청,2026-02-26
면목5동171-70,1,,서울특별시 중랑구 면목5동 171-70,37.6129405,127.0747198,,,02-2094-2683,서울특별시 중랑구청,2026-02-26
면목5동171-78,1,,서울특별시 중랑구 면목5동 171-78,37.61252236,127.0748372,,,02-2094-2683,서울특별시 중랑구청,2026-02-26
면목5동171-82,1,,서울특별시 중랑구 면목5동 171-82,37.61231932,127.0750628,,,02-2094-2683,서울특별시 중랑구청,2026-02-26
면목5동171-76,1,,서울특별시 중랑구 면목5동 171-76,37.61209749,127.0749251,,,02-2094-2683,서울특별시 중랑구청,2026-02-26
면목5동171-75,1,,서울특별시 중랑구 면목5동 171-75,37.61214324,127.0752422,,,02-2094-2683,서울특별시 중랑구청,2026-02-26
면목5동171-77,1,,서울특별시 중랑구 면목5동 171-77,37.61211699,127.0755758,,,02-2094-2683,서울특별시 중랑구청,2026-02-26
면목5동171-91,1,,서울특별시 중랑구 면목5동 171-91,37.61258629,127.0753271,,,02-2094-2683,서울특별시 중랑구청,2026-02-26
면목5동171-45,1,,서울특별시 중랑구 면목5동 171-45,37.61276766,127.0746187,,,02-2094-2683,서울특별시 중랑구청,2026-02-26
면목5동171-49,1,,서울특별시 중랑구 면목5동 171-49,37.61276766,127.0746187,,,02-2094-2683,서울특별시 중랑구청,2026-02-26
면목5동171-51,1,,서울특별시 중랑구 면목5동 171-51,37.61288247,127.074301,,,02-2094-2683,서울특별시 중랑구청,2026-02-26
면목5동171-1,1,,서울특별시 중랑구 면목5동 171-1,37.61241823,127.0743817,,,02-2094-2683,서울특별시 중랑구청,2026-02-26
면목5동171-80,1,,서울특별시 중랑구 면목5동 171-80,37.61218818,127.074411,,,02-2094-2683,서울특별시 중랑구청,2026-02-26
면목5동171-20,1,,서울특별시 중랑구 면목5동 171-20,37.6122574,127.074097,,,02-2094-2683,서울특별시 중랑구청,2026-02-26
면목5동171-17,1,,서울특별시 중랑구 면목5동 171-17,37.61199009,127.0742226,,,02-2094-2683,서울특별시 중랑구청,2026-02-26
면목5동171-26,1,,서울특별시 중랑구 면목5동 171-26,37.61221086,127.0745955,,,02-2094-2683,서울특별시 중랑구청,2026-02-26
면목5동171-8,1,,서울특별시 중랑구 면목5동 171-8,37.61205992,127.0746376,,,02-2094-2683,서울특별시 중랑구청,2026-02-26
면목5동155-7,1,,서울특별시 중랑구 면목5동 155-7,37.6118431,127.0748451,,,02-2094-2683,서울특별시 중랑구청,2026-02-26
면목5동194-22,1,,서울특별시 중랑구 면목5동 194-22,37.6132804,127.0733387,,,02-2094-2683,서울특별시 중랑구청,2026-02-26
면목5동171-6,1,,서울특별시 중랑구 면목5동 171-6,37.61187483,127.0749608,,,02-2094-2683,서울특별시 중랑구청,2026-02-26
면목5동170-7,1,,서울특별시 중랑구 면목5동 170-7,37.61181224,127.0744917,,,02-2094-2683,서울특별시 중랑구청,2026-02-26
면목5동170-6,1,,서울특별시 중랑구 면목5동 170-6,37.6120062,127.0751052,,,02-2094-2683,서울특별시 중랑구청,2026-02-26
면목5동1518,1,,서울특별시 중랑구 면목5동 1518,37.61195605,127.0756023,,,02-2094-2683,서울특별시 중랑구청,2026-02-26
면목5동169-1,1,,서울특별시 중랑구 면목5동 169-1,37.61203683,127.0753903,,,02-2094-2683,서울특별시 중랑구청,2026-02-26
면목5동729-1,1,,서울특별시 중랑구 면목5동 729-1,37.6126676,127.0731177,,,02-2094-2683,서울특별시 중랑구청,2026-02-26
면목5동734-2,1,,서울특별시 중랑구 면목5동 734-2,37.6112868,127.0754677,,,02-2094-2683,서울특별시 중랑구청,2026-02-26
면목5동728-1,1,,서울특별시 중랑구 면목5동 728-1,37.61100179,127.0756367,,,02-2094-2683,서울특별시 중랑구청,2026-02-26
면목5동169-5,1,,서울특별시 중랑구 면목5동 169-5,37.61059141,127.0754752,,,02-2094-2683,서울특별시 중랑구청,2026-02-26
면목5동171-36,1,,서울특별시 중랑구 면목5동 171-36,37.61062035,127.0755899,,,02-2094-2683,서울특별시 중랑구청,2026-02-26
면목5동162-5,1,,서울특별시 중랑구 면목5동 162-5,37.61030885,127.0759123,,,02-2094-2683,서울특별시 중랑구청,2026-02-26
면목5동162-69,1,,서울특별시 중랑구 면목5동 162-69,37.61013554,127.0755639,,,02-2094-2683,서울특별시 중랑구청,2026-02-26
면목5동162-57,1,,서울특별시 중랑구 면목5동 162-57,37.60990557,127.0756277,,,02-2094-2683,서울특별시 중랑구청,2026-02-26
면목5동158-27,1,,서울특별시 중랑구 면목5동 158-27,37.60991674,127.0752077,,,02-2094-2683,서울특별시 중랑구청,2026-02-26
면목5동162-47,1,,서울특별시 중랑구 면목5동 162-47,37.60977882,127.0754572,,,02-2094-2683,서울특별시 중랑구청,2026-02-26
면목5동162-29,1,,서울특별시 중랑구 면목5동 162-29,37.61048972,127.0752858,,,02-2094-2683,서울특별시 중랑구청,2026-02-26
면목5동153-42,1,,서울특별시 중랑구 면목5동 153-42,37.61059141,127.0754752,,,02-2094-2683,서울특별시 중랑구청,2026-02-26
면목5동172-102,1,,서울특별시 중랑구 면목5동 172-102,37.61094113,127.0754054,,,02-2094-2683,서울특별시 중랑구청,2026-02-26
면목5동162-18,1,,서울특별시 중랑구 면목5동 162-18,37.61114293,127.0748852,,,02-2094-2683,서울특별시 중랑구청,2026-02-26
면목5동162-13,1,,서울특별시 중랑구 면목5동 162-13,37.61005248,127.0759725,,,02-2094-2683,서울특별시 중랑구청,2026-02-26
면목5동162-41,1,,서울특별시 중랑구 면목5동 162-41,37.6113667,127.0746316,,,02-2094-2683,서울특별시 중랑구청,2026-02-26
면목5동162-16,1,,서울특별시 중랑구 면목5동 162-16,37.61139059,127.0754592,,,02-2094-2683,서울특별시 중랑구청,2026-02-26
면목5동162-62,1,,서울특별시 중랑구 면목5동 162-62,37.60945778,127.0746342,,,02-2094-2683,서울특별시 중랑구청,2026-02-26
면목5동162-4,1,,서울특별시 중랑구 면목5동 162-4,37.61173804,127.0752725,,,02-2094-2683,서울특별시 중랑구청,2026-02-26
면목5동167-34,1,,서울특별시 중랑구 면목5동 167-34,37.61122124,127.0751209,,,02-2094-2683,서울특별시 중랑구청,2026-02-26
면목5동167-3,1,,서울특별시 중랑구 면목5동 167-3,37.61166191,127.0746999,,,02-2094-2683,서울특별시 중랑구청,2026-02-26
면목5동167-32,1,,서울특별시 중랑구 면목5동 167-32,37.61146944,127.0747381,,,02-2094-2683,서울특별시 중랑구청,2026-02-26
면목5동167-27,1,,서울특별시 중랑구 면목5동 167-27,37.61149763,127.0746046,,,02-2094-2683,서울특별시 중랑구청,2026-02-26
면목5동167-46,1,,서울특별시 중랑구 면목5동 167-46,37.61114134,127.0746762,,,02-2094-2683,서울특별시 중랑구청,2026-02-26
면목5동167-21,1,,서울특별시 중랑구 면목5동 167-21,37.61091231,127.0745236,,,02-2094-2683,서울특별시 중랑구청,2026-02-26
면목5동167-23,1,,서울특별시 중랑구 면목5동 167-23,37.61079392,127.0746685,,,02-2094-2683,서울특별시 중랑구청,2026-02-26
면목5동167-14,1,,서울특별시 중랑구 면목5동 167-14,37.61045314,127.0747197,,,02-2094-2683,서울특별시 중랑구청,2026-02-26
면목5동167-13,1,,서울특별시 중랑구 면목5동 167-13,37.61081822,127.0748538,,,02-2094-2683,서울특별시 중랑구청,2026-02-26
면목5동167-11,1,,서울특별시 중랑구 면목5동 167-11,37.61074235,127.0748677,,,02-2094-2683,서울특별시 중랑구청,2026-02-26
면목5동167-8,1,,서울특별시 중랑구 면목5동 167-8,37.61087584,127.0752091,,,02-2094-2683,서울특별시 중랑구청,2026-02-26
면목5동167-6,1,,서울특별시 중랑구 면목5동 167-6,37.61037981,127.0749844,,,02-2094-2683,서울특별시 중랑구청,2026-02-26
면목5동167-1,1,,서울특별시 중랑구 면목5동 167-1,37.60980914,127.0749515,,,02-2094-2683,서울특별시 중랑구청,2026-02-26
면목5동164-3,1,,서울특별시 중랑구 면목5동 164-3,37.60972983,127.0747053,,,02-2094-2683,서울특별시 중랑구청,2026-02-26
면목5동164-6,1,,서울특별시 중랑구 면목5동 164-6,37.60987914,127.0746768,,,02-2094-2683,서울특별시 중랑구청,2026-02-26
면목5동164-19,1,,서울특별시 중랑구 면목5동 164-19,37.60997024,127.074670,,,02-2094-2683,서울특별시 중랑구청,2026-02-26
면목5동164-20,1,,서울특별시 중랑구 면목5동 164-20,37.60973414,127.0745899,,,02-2094-2683,서울특별시 중랑구청,2026-02-26
면목5동164-12,1,,서울특별시 중랑구 면목5동 164-12,37.61012845,127.0745287,,,02-2094-2683,서울특별시 중랑구청,2026-02-26
면목5동164-10,1,,서울특별시 중랑구 면목5동 164-10,37.61045314,127.0747197,,,02-2094-2683,서울특별시 중랑구청,2026-02-26
면목5동164-2,1,,서울특별시 중랑구 면목5동 164-2,37.61054954,127.0744345,,,02-2094-2683,서울특별시 중랑구청,2026-02-26
면목5동164-41,1,,서울특별시 중랑구 면목5동 164-41,37.61089141,127.0743816,,,02-2094-2683,서울특별시 중랑구청,2026-02-26
면목5동164-38,1,,서울특별시 중랑구 면목5동 164-38,37.61126124,127.0742793,,,02-2094-2683,서울특별시 중랑구청,2026-02-26
면목5동161-32,1,,서울특별시 중랑구 면목5동 161-32,37.61147397,127.0742772,,,02-2094-2683,서울특별시 중랑구청,2026-02-26
면목5동164-52,1,,서울특별시 중랑구 면목5동 164-52,37.61161896,127.0742344,,,02-2094-2683,서울특별시 중랑구청,2026-02-26
면목5동164-23,1,,서울특별시 중랑구 면목5동 164-23,37.61383357,127.0735456,,,02-2094-2683,서울특별시 중랑구청,2026-02-26
면목5동164-30,1,,서울특별시 중랑구 면목5동 164-30,37.61382911,127.0740034,,,02-2094-2683,서울특별시 중랑구청,2026-02-26
면목5동164-31,1,,서울특별시 중랑구 면목5동 164-31,37.61404642,127.0737787,,,02-2094-2683,서울특별시 중랑구청,2026-02-26
면목5동163-8,1,,서울특별시 중랑구 면목5동 163-8,37.61434116,127.074312,,,02-2094-2683,서울특별시 중랑구청,2026-02-26
면목5동163-15,1,,서울특별시 중랑구 면목5동 163-15,37.61441822,127.0738544,,,02-2094-2683,서울특별시 중랑구청,2026-02-26
면목5동163-5,1,,서울특별시 중랑구 면목5동 163-5,37.61434116,127.074312,,,02-2094-2683,서울특별시 중랑구청,2026-02-26
면목5동163-30,1,,서울특별시 중랑구 면목5동 163-30,37.61445207,127.0746065,,,02-2094-2683,서울특별시 중랑구청,2026-02-26
면목5동163-51,1,,서울특별시 중랑구 면목5동 163-51,37.61436358,127.0746249,,,02-2094-2683,서울특별시 중랑구청,2026-02-26
면목5동163-6,1,,서울특별시 중랑구 면목5동 163-6,37.6140818,127.0746801,,,02-2094-2683,서울특별시 중랑구청,2026-02-26
면목5동163-45,1,,서울특별시 중랑구 면목5동 163-45,37.61375777,127.0747431,,,02-2094-2683,서울특별시 중랑구청,2026-02-26
면목5동163-23,1,,서울특별시 중랑구 면목5동 163-23,37.61368753,127.0742538,,,02-2094-2683,서울특별시 중랑구청,2026-02-26
면목5동163-37,1,,서울특별시 중랑구 면목5동 163-37,37.61413057,127.0743573,,,02-2094-2683,서울특별시 중랑구청,2026-02-26
면목5동163-2,1,,서울특별시 중랑구 면목5동 163-2,37.61463338,127.0744082,,,02-2094-2683,서울특별시 중랑구청,2026-02-26
면목5동158-31,1,,서울특별시 중랑구 면목5동 158-31,37.61484004,127.0741699,,,02-2094-2683,서울특별시 중랑구청,2026-02-26
면목5동158-28,1,,서울특별시 중랑구 면목5동 158-28,37.61490479,127.0742183,,,02-2094-2683,서울특별시 중랑구청,2026-02-26
면목5동158-48,1,,서울특별시 중랑구 면목5동 158-48,37.61511692,127.0741601,,,02-2094-2683,서울특별시 중랑구청,2026-02-26
면목5동158-39,1,,서울특별시 중랑구 면목5동 158-39,37.61525672,127.0742123,,,02-2094-2683,서울특별시 중랑구청,2026-02-26
면목5동158-12,1,,서울특별시 중랑구 면목5동 158-12,37.61515226,127.0739735,,,02-2094-2683,서울특별시 중랑구청,2026-02-26
면목5동158-8,1,,서울특별시 중랑구 면목5동 158-8,37.6157563,127.0743818,,,02-2094-2683,서울특별시 중랑구청,2026-02-26
면목5동158-21,1,,서울특별시 중랑구 면목5동 158-21,37.61560601,127.0743919,,,02-2094-2683,서울특별시 중랑구청,2026-02-26
면목5동158-23,1,,서울특별시 중랑구 면목5동 158-23,37.61530985,127.0743926,,,02-2094-2683,서울특별시 중랑구청,2026-02-26
면목5동158-4,1,,서울특별시 중랑구 면목5동 158-4,37.60796385,127.0733289,,,02-2094-2683,서울특별시 중랑구청,2026-02-26
면목5동158-35,1,,서울특별시 중랑구 면목5동 158-35,37.61475087,127.0745998,,,02-2094-2683,서울특별시 중랑구청,2026-02-26
면목5동174-32,1,,서울특별시 중랑구 면목5동 174-32,37.61454987,127.0749616,,,02-2094-2683,서울특별시 중랑구청,2026-02-26
면목5동158-32,1,,서울특별시 중랑구 면목5동 158-32,37.61441783,127.0748849,,,02-2094-2683,서울특별시 중랑구청,2026-02-26
면목5동160-20,1,,서울특별시 중랑구 면목5동 160-20,37.61422112,127.0747774,,,02-2094-2683,서울특별시 중랑구청,2026-02-26
면목5동160-19,1,,서울특별시 중랑구 면목5동 160-19,37.61391194,127.0750134,,,02-2094-2683,서울특별시 중랑구청,2026-02-26
면목5동160-11,1,,서울특별시 중랑구 면목5동 160-11,37.61371755,127.0759173,,,02-2094-2683,서울특별시 중랑구청,2026-02-26
면목5동160-9,1,,서울특별시 중랑구 면목5동 160-9,37.61353276,127.0757814,,,02-2094-2683,서울특별시 중랑구청,2026-02-26
면목5동161-15,1,,서울특별시 중랑구 면목5동 161-15,37.61330971,127.0760015,,,02-2094-2683,서울특별시 중랑구청,2026-02-26
면목5동161-6,1,,서울특별시 중랑구 면목5동 161-6,37.61315454,127.0760376,,,02-2094-2683,서울특별시 중랑구청,2026-02-26
면목5동161-14,1,,서울특별시 중랑구 면목5동 161-14,37.61303622,127.0760621,,,02-2094-2683,서울특별시 중랑구청,2026-02-26
면목5동161-27,1,,서울특별시 중랑구 면목5동 161-27,37.61576652,127.0750251,,,02-2094-2683,서울특별시 중랑구청,2026-02-26
면목5동161-1,1,,서울특별시 중랑구 면목5동 161-1,37.61269804,127.0762647,,,02-2094-2683,서울특별시 중랑구청,2026-02-26
면목5동160-1,1,,서울특별시 중랑구 면목5동 160-1,37.61260856,127.0762932,,,02-2094-2683,서울특별시 중랑구청,2026-02-26
면목5동160-15,1,,서울특별시 중랑구 면목5동 160-15,37.61268819,127.0765973,,,02-2094-2683,서울특별시 중랑구청,2026-02-26
면목5동161-28,1,,서울특별시 중랑구 면목5동 161-28,37.61245051,127.0761802,,,02-2094-2683,서울특별시 중랑구청,2026-02-26
면목5동161-31,1,,서울특별시 중랑구 면목5동 161-31,,,,,02-2094-2683,서울특별시 중랑구청,2026-02-26
면목5동161-23,1,,서울특별시 중랑구 면목5동 161-23,37.60732852,127.0748438,,,02-2094-2683,서울특별시 중랑구청,2026-02-26
면목5동161-25,1,,서울특별시 중랑구 면목5동 161-25,37.61238359,127.0766933,,,02-2094-2683,서울특별시 중랑구청,2026-02-26
면목5동161-7,1,,서울특별시 중랑구 면목5동 161-7,37.61316514,127.0767809,,,02-2094-2683,서울특별시 중랑구청,2026-02-26
면목5동151-25,1,,서울특별시 중랑구 면목5동 151-25,37.61329359,127.0765483,,,02-2094-2683,서울특별시 중랑구청,2026-02-26
면목5동151-27,1,,서울특별시 중랑구 면목5동 151-27,37.613401,127.0765299,,,02-2094-2683,서울특별시 중랑구청,2026-02-26
면목5동151-51,1,,서울특별시 중랑구 면목5동 151-51,37.61296979,127.0765317,,,02-2094-2683,서울특별시 중랑구청,2026-02-26
면목5동151-40,1,,서울특별시 중랑구 면목5동 151-40,37.61147397,127.0742772,,,02-2094-2683,서울특별시 중랑구청,2026-02-26
면목5동151-20,1,,서울특별시 중랑구 면목5동 151-20,37.61310741,127.0764676,,,02-2094-2683,서울특별시 중랑구청,2026-02-26
면목5동151-19,1,,서울특별시 중랑구 면목5동 151-19,37.61317691,127.0762709,,,02-2094-2683,서울특별시 중랑구청,2026-02-26
면목5동150-24,1,,서울특별시 중랑구 면목5동 150-24,37.61350041,127.0762116,,,02-2094-2683,서울특별시 중랑구청,2026-02-26
면목5동151-1,1,,서울특별시 중랑구 면목5동 151-1,37.61364654,127.0763662,,,02-2094-2683,서울특별시 중랑구청,2026-02-26
면목5동151-13,1,,서울특별시 중랑구 면목5동 151-13,37.6136991,127.0761767,,,02-2094-2683,서울특별시 중랑구청,2026-02-26
면목5동152-45,1,,서울특별시 중랑구 면목5동 152-45,37.61407598,127.0761801,,,02-2094-2683,서울특별시 중랑구청,2026-02-26
면목5동152-51,1,,서울특별시 중랑구 면목5동 152-51,37.61387548,127.0758021,,,02-2094-2683,서울특별시 중랑구청,2026-02-26
면목5동152-60,1,,서울특별시 중랑구 면목5동 152-60,37.6143846,127.0758472,,,02-2094-2683,서울특별시 중랑구청,2026-02-26
면목5동152-59,1,,서울특별시 중랑구 면목5동 152-59,37.61476887,127.0757177,,,02-2094-2683,서울특별시 중랑구청,2026-02-26
면목5동152-41,1,,서울특별시 중랑구 면목5동 152-41,37.61488162,127.0748076,,,02-2094-2683,서울특별시 중랑구청,2026-02-26
면목5동152-10,1,,서울특별시 중랑구 면목5동 152-10,37.61521905,127.0752089,,,02-2094-2683,서울특별시 중랑구청,2026-02-26
면목5동152-28,1,,서울특별시 중랑구 면목5동 152-28,37.61535855,127.0750294,,,02-2094-2683,서울특별시 중랑구청,2026-02-26
면목5동152-3,1,,서울특별시 중랑구 면목5동 152-3,,,,,02-2094-2683,서울특별시 중랑구청,2026-02-26
면목5동152-11,1,,서울특별시 중랑구 면목5동 152-11,37.61549834,127.0746695,,,02-2094-2683,서울특별시 중랑구청,2026-02-26
면목5동152-15,1,,서울특별시 중랑구 면목5동 152-15,37.6156397,127.0751066,,,02-2094-2683,서울특별시 중랑구청,2026-02-26
면목5동152-22,1,,서울특별시 중랑구 면목5동 152-22,37.61555335,127.0751675,,,02-2094-2683,서울특별시 중랑구청,2026-02-26
면목5동152-24,1,,서울특별시 중랑구 면목5동 152-24,37.61583526,127.0751827,,,02-2094-2683,서울특별시 중랑구청,2026-02-26
면목5동152-37,1,,서울특별시 중랑구 면목5동 152-37,37.61587416,127.0749308,,,02-2094-2683,서울특별시 중랑구청,2026-02-26
면목5동150-21,1,,서울특별시 중랑구 면목5동 150-21,37.61530469,127.074868,,,02-2094-2683,서울특별시 중랑구청,2026-02-26
면목5동150-20,1,,서울특별시 중랑구 면목5동 150-20,37.61596874,127.0752477,,,02-2094-2683,서울특별시 중랑구청,2026-02-26
면목5동150-26,1,,서울특별시 중랑구 면목5동 150-26,37.61021172,127.074502,,,02-2094-2683,서울특별시 중랑구청,2026-02-26
면목5동150-16,1,,서울특별시 중랑구 면목5동 150-16,37.61556458,127.0756314,,,02-2094-2683,서울특별시 중랑구청,2026-02-26
면목5동150-9,1,,서울특별시 중랑구 면목5동 150-9,37.61584086,127.0755755,,,02-2094-2683,서울특별시 중랑구청,2026-02-26
면목5동150-12,1,,서울특별시 중랑구 면목5동 150-12,37.61610299,127.0755335,,,02-2094-2683,서울특별시 중랑구청,2026-02-26
면목5동175-38,1,,서울특별시 중랑구 면목5동 175-38,37.60891883,127.0761447,,,02-2094-2683,서울특별시 중랑구청,2026-02-26
면목5동150-2,1,,서울특별시 중랑구 면목5동 150-2,37.61549548,127.0754897,,,02-2094-2683,서울특별시 중랑구청,2026-02-26
면목5동150-36,1,,서울특별시 중랑구 면목5동 150-36,37.60904003,127.077228,,,02-2094-2683,서울특별시 중랑구청,2026-02-26
면목5동149-4,1,,서울특별시 중랑구 면목5동 149-4,37.6092326,127.0773227,,,02-2094-2683,서울특별시 중랑구청,2026-02-26
면목5동149-15,1,,서울특별시 중랑구 면목5동 149-15,,,,,02-2094-2683,서울특별시 중랑구청,2026-02-26
면목5동149-12,1,,서울특별시 중랑구 면목5동 149-12,,,,,02-2094-2683,서울특별시 중랑구청,2026-02-26
면목5동149-34,1,,서울특별시 중랑구 면목5동 149-34,37.60554176,127.0773639,,,02-2094-2683,서울특별시 중랑구청,2026-02-26
면목5동149-36,1,,서울특별시 중랑구 면목5동 149-36,37.60698739,127.0772363,,,02-2094-2683,서울특별시 중랑구청,2026-02-26
면목5동149-18,1,,서울특별시 중랑구 면목5동 149-18,37.61355822,127.0731266,,,02-2094-2683,서울특별시 중랑구청,2026-02-26
면목5동149-32,1,,서울특별시 중랑구 면목5동 149-32,,,,,02-2094-2683,서울특별시 중랑구청,2026-02-26
면목5동149-7,1,,서울특별시 중랑구 면목5동 149-7,,,,,02-2094-2683,서울특별시 중랑구청,2026-02-26
면목5동155-37,1,,서울특별시 중랑구 면목5동 155-37,37.61540381,127.0754132,,,02-2094-2683,서울특별시 중랑구청,2026-02-26
면목5동155-32,1,,서울특별시 중랑구 면목5동 155-32,37.60870766,127.0751325,,,02-2094-2683,서울특별시 중랑구청,2026-02-26
면목5동155-43,1,,서울특별시 중랑구 면목5동 155-43,37.61181224,127.0744917,,,02-2094-2683,서울특별시 중랑구청,2026-02-26
면목5동155-48,1,,서울특별시 중랑구 면목5동 155-48,37.61247204,127.0740554,,,02-2094-2683,서울특별시 중랑구청,2026-02-26
면목5동155-6,1,,서울특별시 중랑구 면목5동 155-6,37.60826833,127.0773686,,,02-2094-2683,서울특별시 중랑구청,2026-02-26
면목5동155-49,1,,서울특별시 중랑구 면목5동 155-49,37.60975976,127.0776042,,,02-2094-2683,서울특별시 중랑구청,2026-02-26
면목5동155-12,1,,서울특별시 중랑구 면목5동 155-12,37.6079477,127.0750948,,,02-2094-2683,서울특별시 중랑구청,2026-02-26
면목5동155-10,1,,서울특별시 중랑구 면목5동 155-10,37.61070284,127.075783,,,02-2094-2683,서울특별시 중랑구청,2026-02-26
면목5동155-19,1,,서울특별시 중랑구 면목5동 155-19,37.61245151,127.0741855,,,02-2094-2683,서울특별시 중랑구청,2026-02-26
면목5동155-50,1,,서울특별시 중랑구 면목5동 155-50,37.61369489,127.0732805,,,02-2094-2683,서울특별시 중랑구청,2026-02-26
면목5동155-51,1,,서울특별시 중랑구 면목5동 155-51,37.60540806,127.0779064,,,02-2094-2683,서울특별시 중랑구청,2026-02-26
면목5동155-56,1,,서울특별시 중랑구 면목5동 155-56,37.60799709,127.0773003,,,02-2094-2683,서울특별시 중랑구청,2026-02-26
면목5동155-22,1,,서울특별시 중랑구 면목5동 155-22,37.60940578,127.0734343,,,02-2094-2683,서울특별시 중랑구청,2026-02-26
면목5동155-21,1,,서울특별시 중랑구 면목5동 155-21,37.60897219,127.0752741,,,02-2094-2683,서울특별시 중랑구청,2026-02-26
면목5동155-14,1,,서울특별시 중랑구 면목5동 155-14,,,,,02-2094-2683,서울특별시 중랑구청,2026-02-26
면목5동155-5,1,,서울특별시 중랑구 면목5동 155-5,37.61410802,127.0756656,,,02-2094-2683,서울특별시 중랑구청,2026-02-26
면목5동155-40,1,,서울특별시 중랑구 면목5동 155-40,37.60792796,127.0746841,,,02-2094-2683,서울특별시 중랑구청,2026-02-26
면목5동155-31,1,,서울특별시 중랑구 면목5동 155-31,37.61176209,127.0754355,,,02-2094-2683,서울특별시 중랑구청,2026-02-26
면목5동154-76,1,,서울특별시 중랑구 면목5동 154-76,37.60658861,127.0762676,,,02-2094-2683,서울특별시 중랑구청,2026-02-26
면목5동154-77,1,,서울특별시 중랑구 면목5동 154-77,37.60977882,127.0754572,,,02-2094-2683,서울특별시 중랑구청,2026-02-26
면목5동154-54,1,,서울특별시 중랑구 면목5동 154-54,37.61103215,127.0753739,,,02-2094-2683,서울특별시 중랑구청,2026-02-26
면목5동154-57,1,,서울특별시 중랑구 면목5동 154-57,37.61262352,127.0761461,,,02-2094-2683,서울특별시 중랑구청,2026-02-26
면목5동154-58,1,,서울특별시 중랑구 면목5동 154-58,37.61047703,127.077217,,,02-2094-2683,서울특별시 중랑구청,2026-02-26
면목5동154-62,1,,서울특별시 중랑구 면목5동 154-62,37.60621063,127.0764276,,,02-2094-2683,서울특별시 중랑구청,2026-02-26
면목5동154-37,1,,서울특별시 중랑구 면목5동 154-37,37.60945778,127.0746342,,,02-2094-2683,서울특별시 중랑구청,2026-02-26
면목5동154-34,1,,서울특별시 중랑구 면목5동 154-34,37.60667189,127.0743742,,,02-2094-2683,서울특별시 중랑구청,2026-02-26
면목5동154-69,1,,서울특별시 중랑구 면목5동 154-69,37.61251103,127.0759395,,,02-2094-2683,서울특별시 중랑구청,2026-02-26
면목5동154-6,1,,서울특별시 중랑구 면목5동 154-6,37.61022667,127.0746527,,,02-2094-2683,서울특별시 중랑구청,2026-02-26
면목5동154-11,1,,서울특별시 중랑구 면목5동 154-11,37.60665251,127.0741235,,,02-2094-2683,서울특별시 중랑구청,2026-02-26
면목5동154-7,1,,서울특별시 중랑구 면목5동 154-7,37.61122514,127.0752212,,,02-2094-2683,서울특별시 중랑구청,2026-02-26
면목5동154-21,1,,서울특별시 중랑구 면목5동 154-21,37.61520624,127.074816,,,02-2094-2683,서울특별시 중랑구청,2026-02-26
면목5동154-88,1,,서울특별시 중랑구 면목5동 154-88,37.61151881,127.075311,,,02-2094-2683,서울특별시 중랑구청,2026-02-26
면목5동154-50,1,,서울특별시 중랑구 면목5동 154-50,37.60625748,127.0762931,,,02-2094-2683,서울특별시 중랑구청,2026-02-26
면목5동155-46,1,,서울특별시 중랑구 면목5동 155-46,37.60759844,127.0735689,,,02-2094-2683,서울특별시 중랑구청,2026-02-26
면목5동154-41,1,,서울특별시 중랑구 면목5동 154-41,37.6067335,127.074421,,,02-2094-2683,서울특별시 중랑구청,2026-02-26
면목5동156-28,1,,서울특별시 중랑구 면목5동 156-28,37.60910993,127.0750243,,,02-2094-2683,서울특별시 중랑구청,2026-02-26
면목5동156-36,1,,서울특별시 중랑구 면목5동 156-36,37.60927044,127.0757981,,,02-2094-2683,서울특별시 중랑구청,2026-02-26
면목5동156-35,1,,서울특별시 중랑구 면목5동 156-35,37.61380422,127.0742307,,,02-2094-2683,서울특별시 중랑구청,2026-02-26
면목5동156-4,1,,서울특별시 중랑구 면목5동 156-4,37.6149854,127.0742636,,,02-2094-2683,서울특별시 중랑구청,2026-02-26
면목5동156-16,1,,서울특별시 중랑구 면목5동 156-16,37.61125371,127.075362,,,02-2094-2683,서울특별시 중랑구청,2026-02-26
면목5동156-8,1,,서울특별시 중랑구 면목5동 156-8,37.60836749,127.0768784,,,02-2094-2683,서울특별시 중랑구청,2026-02-26
면목5동156-23,1,,서울특별시 중랑구 면목5동 156-23,37.61219666,127.0762313,,,02-2094-2683,서울특별시 중랑구청,2026-02-26
면목5동156-5,1,,서울특별시 중랑구 면목5동 156-5,37.60847656,127.0732631,,,02-2094-2683,서울특별시 중랑구청,2026-02-26
면목5동157-9,1,,서울특별시 중랑구 면목5동 157-9,37.60895861,127.0727668,,,02-2094-2683,서울특별시 중랑구청,2026-02-26
면목5동157-2,1,,서울특별시 중랑구 면목5동 157-2,37.60796385,127.0733289,,,02-2094-2683,서울특별시 중랑구청,2026-02-26
면목5동157-16,1,,서울특별시 중랑구 면목5동 157-16,37.60835666,127.0736624,,,02-2094-2683,서울특별시 중랑구청,2026-02-26
면목5동157-29,1,,서울특별시 중랑구 면목5동 157-29,37.61084365,127.0770552,,,02-2094-2683,서울특별시 중랑구청,2026-02-26
면목5동157-24,1,,서울특별시 중랑구 면목5동 157-24,37.60723607,127.0769556,,,02-2094-2683,서울특별시 중랑구청,2026-02-26
면목5동157-23,1,,서울특별시 중랑구 면목5동 157-23,37.6156397,127.0751066,,,02-2094-2683,서울특별시 중랑구청,2026-02-26
면목5동157-65,1,,서울특별시 중랑구 면목5동 157-65,37.60519537,127.0757681,,,02-2094-2683,서울특별시 중랑구청,2026-02-26
면목5동157-60,1,,서울특별시 중랑구 면목5동 157-60,37.61098089,127.0743634,,,02-2094-2683,서울특별시 중랑구청,2026-02-26
면목5동157-58,1,,서울특별시 중랑구 면목5동 157-58,37.61110072,127.0757747,,,02-2094-2683,서울특별시 중랑구청,2026-02-26
면목5동157-42,1,,서울특별시 중랑구 면목5동 157-42,37.61297527,127.0745901,,,02-2094-2683,서울특별시 중랑구청,2026-02-26
면목5동157-45,1,,서울특별시 중랑구 면목5동 157-45,37.6128768,127.0741375,,,02-2094-2683,서울특별시 중랑구청,2026-02-26
면목5동157-12,1,,서울특별시 중랑구 면목5동 157-12,37.60958121,127.0767515,,,02-2094-2683,서울특별시 중랑구청,2026-02-26
면목5동165-159,1,,서울특별시 중랑구 면목5동 165-159,37.61234185,127.0751951,,,02-2094-2683,서울특별시 중랑구청,2026-02-26
면목5동165-155,1,,서울특별시 중랑구 면목5동 165-155,37.61174215,127.0766004,,,02-2094-2683,서울특별시 중랑구청,2026-02-26
면목5동165-4,1,,서울특별시 중랑구 면목5동 165-4,37.60699356,127.0743688,,,02-2094-2683,서울특별시 중랑구청,2026-02-26
면목5동165-164,1,,서울특별시 중랑구 면목5동 165-164,37.605731,127.0757872,,,02-2094-2683,서울특별시 중랑구청,2026-02-26
면목5동165-17,1,,서울특별시 중랑구 면목5동 165-17,37.60978248,127.0756505,,,02-2094-2683,서울특별시 중랑구청,2026-02-26
면목5동165-14,1,,서울특별시 중랑구 면목5동 165-14,37.60914602,127.0759328,,,02-2094-2683,서울특별시 중랑구청,2026-02-26
면목5동165-9,1,,서울특별시 중랑구 면목5동 165-9,37.61230962,127.0747235,,,02-2094-2683,서울특별시 중랑구청,2026-02-26
면목5동165-52,1,,서울특별시 중랑구 면목5동 165-52,37.61247325,127.0747084,,,02-2094-2683,서울특별시 중랑구청,2026-02-26
면목5동165-40,1,,서울특별시 중랑구 면목5동 165-40,37.61281681,127.0761029,,,02-2094-2683,서울특별시 중랑구청,2026-02-26
면목5동165-45,1,,서울특별시 중랑구 면목5동 165-45,37.61015843,127.0769475,,,02-2094-2683,서울특별시 중랑구청,2026-02-26
면목5동165-41,1,,서울특별시 중랑구 면목5동 165-41,37.60748529,127.0772133,,,02-2094-2683,서울특별시 중랑구청,2026-02-26
면목5동165-35,1,,서울특별시 중랑구 면목5동 165-35,37.60628969,127.0760958,,,02-2094-2683,서울특별시 중랑구청,2026-02-26
면목5동165-37,1,,서울특별시 중랑구 면목5동 165-37,37.61315454,127.0760376,,,02-2094-2683,서울특별시 중랑구청,2026-02-26
면목5동165-31,1,,서울특별시 중랑구 면목5동 165-31,37.6066137,127.0746485,,,02-2094-2683,서울특별시 중랑구청,2026-02-26
면목5동165-32,1,,서울특별시 중랑구 면목5동 165-32,37.6135907,127.0756332,,,02-2094-2683,서울특별시 중랑구청,2026-02-26
면목5동165-1,1,,서울특별시 중랑구 면목5동 165-1,37.61355697,127.075261,,,02-2094-2683,서울특별시 중랑구청,2026-02-26
면목5동165-33,1,,서울특별시 중랑구 면목5동 165-33,37.61161896,127.0742344,,,02-2094-2683,서울특별시 중랑구청,2026-02-26
면목5동165-178,1,,서울특별시 중랑구 면목5동 165-178,37.61154253,127.0742779,,,02-2094-2683,서울특별시 중랑구청,2026-02-26
면목5동165-183,1,,서울특별시 중랑구 면목5동 165-183,37.61172006,127.077038,,,02-2094-2683,서울특별시 중랑구청,2026-02-26
면목5동165-185,1,,서울특별시 중랑구 면목5동 165-185,37.61494343,127.0743834,,,02-2094-2683,서울특별시 중랑구청,2026-02-26
면목5동165-69,1,,서울특별시 중랑구 면목5동 165-69,37.60668362,127.0742157,,,02-2094-2683,서울특별시 중랑구청,2026-02-26
면목5동165-172,1,,서울특별시 중랑구 면목5동 165-172,37.61487326,127.0743453,,,02-2094-2683,서울특별시 중랑구청,2026-02-26
면목5동165-89,1,,서울특별시 중랑구 면목5동 165-89,,,,,02-2094-2683,서울특별시 중랑구청,2026-02-26
면목5동165-167,1,,서울특별시 중랑구 면목5동 165-167,37.60723607,127.0769556,,,02-2094-2683,서울특별시 중랑구청,2026-02-26
면목5동165-85,1,,서울특별시 중랑구 면목5동 165-85,37.61286254,127.076439,,,02-2094-2683,서울특별시 중랑구청,2026-02-26
면목5동165-83,1,,서울특별시 중랑구 면목5동 165-83,37.60839232,127.0773574,,,02-2094-2683,서울특별시 중랑구청,2026-02-26
면목5동165-110,1,,서울특별시 중랑구 면목5동 165-110,37.6092326,127.0773227,,,02-2094-2683,서울특별시 중랑구청,2026-02-26
면목5동165-112,1,,서울특별시 중랑구 면목5동 165-112,37.60760207,127.0762368,,,02-2094-2683,서울특별시 중랑구청,2026-02-26
면목5동165-116,1,,서울특별시 중랑구 면목5동 165-116,37.61401598,127.074183,,,02-2094-2683,서울특별시 중랑구청,2026-02-26
면목5동165-98,1,,서울특별시 중랑구 면목5동 165-98,37.60532272,127.0754273,,,02-2094-2683,서울특별시 중랑구청,2026-02-26
면목5동165-144,1,,서울특별시 중랑구 면목5동 165-144,37.60515187,127.0760248,,,02-2094-2683,서울특별시 중랑구청,2026-02-26
면목5동165-163,1,,서울특별시 중랑구 면목5동 165-163,37.61244732,127.0765067,,,02-2094-2683,서울특별시 중랑구청,2026-02-26
면목5동165-19,1,,서울특별시 중랑구 면목5동 165-19,37.61286213,127.0752515,,,02-2094-2683,서울특별시 중랑구청,2026-02-26
면목5동165-141,1,,서울특별시 중랑구 면목5동 165-141,37.60788737,127.0760217,,,02-2094-2683,서울특별시 중랑구청,2026-02-26
면목5동165-137,1,,서울특별시 중랑구 면목5동 165-137,37.61366803,127.0737355,,,02-2094-2683,서울특별시 중랑구청,2026-02-26
면목5동166-14,1,,서울특별시 중랑구 면목5동 166-14,37.61307608,127.0762942,,,02-2094-2683,서울특별시 중랑구청,2026-02-26
면목5동166-11,1,,서울특별시 중랑구 면목5동 166-11,37.60586842,127.0757587,,,02-2094-2683,서울특별시 중랑구청,2026-02-26
면목5동166-7,1,,서울특별시 중랑구 면목5동 166-7,37.6086821,127.074945,,,02-2094-2683,서울특별시 중랑구청,2026-02-26
면목5동166-4,1,,서울특별시 중랑구 면목5동 166-4,37.60721663,127.0749515,,,02-2094-2683,서울특별시 중랑구청,2026-02-26
면목5동166-1,1,,서울특별시 중랑구 면목5동 166-1,37.61086284,127.074677,,,02-2094-2683,서울특별시 중랑구청,2026-02-26
면목5동166-27,1,,서울특별시 중랑구 면목5동 166-27,37.61531303,127.0740609,,,02-2094-2683,서울특별시 중랑구청,2026-02-26
면목5동166-23,1,,서울특별시 중랑구 면목5동 166-23,37.61062233,127.0762809,,,02-2094-2683,서울특별시 중랑구청,2026-02-26
면목5동166-22,1,,서울특별시 중랑구 면목5동 166-22,37.61573421,127.0753941,,,02-2094-2683,서울특별시 중랑구청,2026-02-26
면목5동166-50,1,,서울특별시 중랑구 면목5동 166-50,37.61189285,127.0739619,,,02-2094-2683,서울특별시 중랑구청,2026-02-26
면목5동166-19,1,,서울특별시 중랑구 면목5동 166-19,37.61297741,127.0768573,,,02-2094-2683,서울특별시 중랑구청,2026-02-26
면목5동166-41,1,,서울특별시 중랑구 면목5동 166-41,37.61196341,127.0745111,,,02-2094-2683,서울특별시 중랑구청,2026-02-26
면목5동160-32,1,,서울특별시 중랑구 면목5동 160-32,37.61233483,127.0736113,,,02-2094-2683,서울특별시 중랑구청,2026-02-26
면목5동160-28,1,,서울특별시 중랑구 면목5동 160-28,37.61237738,127.0738626,,,02-2094-2683,서울특별시 중랑구청,2026-02-26
면목5동153-62,1,,서울특별시 중랑구 면목5동 153-62,37.61183325,127.0764452,,,02-2094-2683,서울특별시 중랑구청,2026-02-26
면목5동153-64,1,,서울특별시 중랑구 면목5동 153-64,37.61160851,127.0764931,,,02-2094-2683,서울특별시 중랑구청,2026-02-26
면목5동153-50,1,,서울특별시 중랑구 면목5동 153-50,37.59954904,127.1007221,,,02-2094-2683,서울특별시 중랑구청,2026-02-26
면목5동153-43,1,,서울특별시 중랑구 면목5동 153-43,37.59907154,127.1017493,,,02-2094-2683,서울특별시 중랑구청,2026-02-26
면목5동153-60,1,,서울특별시 중랑구 면목5동 153-60,37.59891209,127.1006624,,,02-2094-2683,서울특별시 중랑구청,2026-02-26
면목5동153-61,1,,서울특별시 중랑구 면목5동 153-61,37.59807622,127.1008945,,,02-2094-2683,서울특별시 중랑구청,2026-02-26
면목5동153-54,1,,서울특별시 중랑구 면목5동 153-54,37.59807622,127.1008945,,,02-2094-2683,서울특별시 중랑구청,2026-02-26
면목5동153-58,1,,서울특별시 중랑구 면목5동 153-58,37.5979009,127.1008893,,,02-2094-2683,서울특별시 중랑구청,2026-02-26
면목5동153-57,1,,서울특별시 중랑구 면목5동 153-57,37.5976664,127.100848,,,02-2094-2683,서울특별시 중랑구청,2026-02-26
면목5동153-51,1,,서울특별시 중랑구 면목5동 153-51,37.59754613,127.1007307,,,02-2094-2683,서울특별시 중랑구청,2026-02-26
면목5동153-25,1,,서울특별시 중랑구 면목5동 153-25,37.5979104,127.100629,,,02-2094-2683,서울특별시 중랑구청,2026-02-26
면목5동153-21,1,,서울특별시 중랑구 면목5동 153-21,37.5974858,127.1009021,,,02-2094-2683,서울특별시 중랑구청,2026-02-26
면목5동156-13,1,,서울특별시 중랑구 면목5동 156-13,37.59744282,127.1011177,,,02-2094-2683,서울특별시 중랑구청,2026-02-26
면목5동156-33,1,,서울특별시 중랑구 면목5동 156-33,37.59714288,127.1009064,,,02-2094-2683,서울특별시 중랑구청,2026-02-26
면목5동175-60,1,,서울특별시 중랑구 면목5동 175-60,37.59699899,127.1009014,,,02-2094-2683,서울특별시 중랑구청,2026-02-26
면목5동153-33,1,,서울특별시 중랑구 면목5동 153-33,37.59666371,127.100725,,,02-2094-2683,서울특별시 중랑구청,2026-02-26
면목5동155-29,1,,서울특별시 중랑구 면목5동 155-29,37.59683452,127.1006322,,,02-2094-2683,서울특별시 중랑구청,2026-02-26
면목5동158-22,1,,서울특별시 중랑구 면목5동 158-22,37.59709932,127.1005338,,,02-2094-2683,서울특별시 중랑구청,2026-02-26
면목5동172-79,1,,서울특별시 중랑구 면목5동 172-79,37.59674211,127.1013359,,,02-2094-2683,서울특별시 중랑구청,2026-02-26
면목5동158-34,1,,서울특별시 중랑구 면목5동 158-34,37.59726153,127.1015472,,,02-2094-2683,서울특별시 중랑구청,2026-02-26
면목5동,1,,서울특별시 중랑구 면목5동,37.59912118,127.1049442,,,02-2094-2683,서울특별시 중랑구청,2026-02-26
면목5동153-16,1,,서울특별시 중랑구 면목5동 153-16,37.59742349,127.1013865,,,02-2094-2683,서울특별시 중랑구청,2026-02-26
면목5동154-44,1,,서울특별시 중랑구 면목5동 154-44,37.59684619,127.1012091,,,02-2094-2683,서울특별시 중랑구청,2026-02-26
면목5동173-18,1,,서울특별시 중랑구 면목5동 173-18,37.59787968,127.1016705,,,02-2094-2683,서울특별시 중랑구청,2026-02-26
면목5동158-20,1,,서울특별시 중랑구 면목5동 158-20,37.59795198,127.101727,,,02-2094-2683,서울특별시 중랑구청,2026-02-26
면목5동165-175,1,,서울특별시 중랑구 면목5동 165-175,37.59806562,127.1015935,,,02-2094-2683,서울특별시 중랑구청,2026-02-26
면목5동154-83,1,,서울특별시 중랑구 면목5동 154-83,37.59789281,127.1014894,,,02-2094-2683,서울특별시 중랑구청,2026-02-26
면목5동194-33,1,,서울특별시 중랑구 면목5동 194-33,37.59784573,127.1012319,,,02-2094-2683,서울특별시 중랑구청,2026-02-26
면목5동154-1,1,,서울특별시 중랑구 면목5동 154-1,37.59785574,127.1011235,,,02-2094-2683,서울특별시 중랑구청,2026-02-26
면목5동171-66,1,,서울특별시 중랑구 면목5동 171-66,37.59812683,127.1014553,,,02-2094-2683,서울특별시 중랑구청,2026-02-26
면목5동155-23,1,,서울특별시 중랑구 면목5동 155-23,37.59835618,127.1011847,,,02-2094-2683,서울특별시 중랑구청,2026-02-26
면목5동155-20,1,,서울특별시 중랑구 면목5동 155-20,37.59842383,127.101527,,,02-2094-2683,서울특별시 중랑구청,2026-02-26
면목5동168-1,1,,서울특별시 중랑구 면목5동 168-1,37.59833345,127.1017411,,,02-2094-2683,서울특별시 중랑구청,2026-02-26
면목5동171-13,1,,서울특별시 중랑구 면목5동 171-13,37.59765486,127.1021142,,,02-2094-2683,서울특별시 중랑구청,2026-02-26
면목5동173-1,1,,서울특별시 중랑구 면목5동 173-1,37.59754222,127.1025515,,,02-2094-2683,서울특별시 중랑구청,2026-02-26
면목5동173-2,1,,서울특별시 중랑구 면목5동 173-2,37.59773861,127.1026907,,,02-2094-2683,서울특별시 중랑구청,2026-02-26
면목5동175-34,1,,서울특별시 중랑구 면목5동 175-34,37.59783785,127.1026367,,,02-2094-2683,서울특별시 중랑구청,2026-02-26
면목5동174-2,1,,서울특별시 중랑구 면목5동 174-2,37.59782067,127.1022976,,,02-2094-2683,서울특별시 중랑구청,2026-02-26
면목5동171-79,1,,서울특별시 중랑구 면목5동 171-79,37.59812946,127.1022744,,,02-2094-2683,서울특별시 중랑구청,2026-02-26
면목5동171-83,1,,서울특별시 중랑구 면목5동 171-83,37.59808808,127.1019824,,,02-2094-2683,서울특별시 중랑구청,2026-02-26
면목5동165-25,1,,서울특별시 중랑구 면목5동 165-25,37.598278,127.1018871,,,02-2094-2683,서울특별시 중랑구청,2026-02-26
면목5동149-19,1,,서울특별시 중랑구 면목5동 149-19,37.59863391,127.1018727,,,02-2094-2683,서울특별시 중랑구청,2026-02-26
면목5동152-36,1,,서울특별시 중랑구 면목5동 152-36,37.59878562,127.1016872,,,02-2094-2683,서울특별시 중랑구청,2026-02-26
면목5동153-28,1,,서울특별시 중랑구 면목5동 153-28,37.59890562,127.1019064,,,02-2094-2683,서울특별시 중랑구청,2026-02-26
면목5동173-141,1,,서울특별시 중랑구 면목5동 173-141,37.5986439,127.1019933,,,02-2094-2683,서울특별시 중랑구청,2026-02-26
면목5동150-27,1,,서울특별시 중랑구 면목5동 150-27,37.59991414,127.1068442,,,02-2094-2683,서울특별시 중랑구청,2026-02-26
면목5동154-22,1,,서울특별시 중랑구 면목5동 154-22,37.59849565,127.1023374,,,02-2094-2683,서울특별시 중랑구청,2026-02-26
면목5동174-5,1,,서울특별시 중랑구 면목5동 174-5,37.59907154,127.1017493,,,02-2094-2683,서울특별시 중랑구청,2026-02-26
면목5동174-19,1,,서울특별시 중랑구 면목5동 174-19,37.59928522,127.1016752,,,02-2094-2683,서울특별시 중랑구청,2026-02-26
면목5동173-173,1,,서울특별시 중랑구 면목5동 173-173,37.59928522,127.1016752,,,02-2094-2683,서울특별시 중랑구청,2026-02-26
면목5동172-63,1,,서울특별시 중랑구 면목5동 172-63,37.59928766,127.1013579,,,02-2094-2683,서울특별시 중랑구청,2026-02-26
면목5동162-43,1,,서울특별시 중랑구 면목5동 162-43,37.59904043,127.1015671,,,02-2094-2683,서울특별시 중랑구청,2026-02-26
면목5동174-29,1,,서울특별시 중랑구 면목5동 174-29,37.59904043,127.1015671,,,02-2094-2683,서울특별시 중랑구청,2026-02-26
면목5동1510,1,,서울특별시 중랑구 면목5동 1510,37.59885482,127.1015706,,,02-2094-2683,서울특별시 중랑구청,2026-02-26
면목5동172-130,1,,서울특별시 중랑구 면목5동 172-130,37.59973396,127.1015226,,,02-2094-2683,서울특별시 중랑구청,2026-02-26
면목5동152-29,1,,서울특별시 중랑구 면목5동 152-29,37.59962414,127.1016136,,,02-2094-2683,서울특별시 중랑구청,2026-02-26
면목5동172-54,1,,서울특별시 중랑구 면목5동 172-54,,,,,02-2094-2683,서울특별시 중랑구청,2026-02-26
면목5동157-50,1,,서울특별시 중랑구 면목5동 157-50,,,,,02-2094-2683,서울특별시 중랑구청,2026-02-26
면목5동172-72,1,,서울특별시 중랑구 면목5동 172-72,37.5998083,127.1021488,,,02-2094-2683,서울특별시 중랑구청,2026-02-26
면목5동167-35,1,,서울특별시 중랑구 면목5동 167-35,37.5994226,127.102435,,,02-2094-2683,서울특별시 중랑구청,2026-02-26
면목5동165-108,1,,서울특별시 중랑구 면목5동 165-108,37.59914471,127.1023583,,,02-2094-2683,서울특별시 중랑구청,2026-02-26
면목5동160-30,1,,서울특별시 중랑구 면목5동 160-30,37.5992587,127.1023364,,,02-2094-2683,서울특별시 중랑구청,2026-02-26
면목5동171-44,1,,서울특별시 중랑구 면목5동 171-44,37.59890489,127.1025438,,,02-2094-2683,서울특별시 중랑구청,2026-02-26
면목5동174-84,1,,서울특별시 중랑구 면목5동 174-84,37.59868181,127.1023246,,,02-2094-2683,서울특별시 중랑구청,2026-02-26
면목5동174-36,1,,서울특별시 중랑구 면목5동 174-36,37.59857671,127.102481,,,02-2094-2683,서울특별시 중랑구청,2026-02-26
면목5동151-43,1,,서울특별시 중랑구 면목5동 151-43,37.59833484,127.1025277,,,02-2094-2683,서울특별시 중랑구청,2026-02-26
면목5동174-89,1,,서울특별시 중랑구 면목5동 174-89,37.59873698,127.1038418,,,02-2094-2683,서울특별시 중랑구청,2026-02-26
면목5동161-34,1,,서울특별시 중랑구 면목5동 161-34,37.59846901,127.1026241,,,02-2094-2683,서울특별시 중랑구청,2026-02-26
면목5동1738,1,,서울특별시 중랑구 면목5동 1738,37.59825951,127.1026429,,,02-2094-2683,서울특별시 중랑구청,2026-02-26
면목5동155-39,1,,서울특별시 중랑구 면목5동 155-39,37.59801802,127.1025657,,,02-2094-2683,서울특별시 중랑구청,2026-02-26
면목5동157-14,1,,서울특별시 중랑구 면목5동 157-14,37.59804457,127.1027081,,,02-2094-2683,서울특별시 중랑구청,2026-02-26
면목5동156-14,1,,서울특별시 중랑구 면목5동 156-14,37.59690346,127.1029966,,,02-2094-2683,서울특별시 중랑구청,2026-02-26
면목5동156-1,1,,서울특별시 중랑구 면목5동 156-1,37.59765122,127.1032005,,,02-2094-2683,서울특별시 중랑구청,2026-02-26
면목5동175-106,1,,서울특별시 중랑구 면목5동 175-106,37.59732256,127.103174,,,02-2094-2683,서울특별시 중랑구청,2026-02-26
면목5동168-2,1,,서울특별시 중랑구 면목5동 168-2,37.59740506,127.1028479,,,02-2094-2683,서울특별시 중랑구청,2026-02-26
면목5동173-23,1,,서울특별시 중랑구 면목5동 173-23,37.59699571,127.1027182,,,02-2094-2683,서울특별시 중랑구청,2026-02-26
면목5동172-6,1,,서울특별시 중랑구 면목5동 172-6,37.59764924,127.1033006,,,02-2094-2683,서울특별시 중랑구청,2026-02-26
면목5동173-38,1,,서울특별시 중랑구 면목5동 173-38,37.59708632,127.1035817,,,02-2094-2683,서울특별시 중랑구청,2026-02-26
면목5동173-66,1,,서울특별시 중랑구 면목5동 173-66,37.59702291,127.1031439,,,02-2094-2683,서울특별시 중랑구청,2026-02-26
면목5동174-22,1,,서울특별시 중랑구 면목5동 174-22,37.59986147,127.1032666,,,02-2094-2683,서울특별시 중랑구청,2026-02-26
면목5동1507-15,1,,서울특별시 중랑구 면목5동 1507-15,37.59689152,127.102662,,,02-2094-2683,서울특별시 중랑구청,2026-02-26
면목5동173-140,1,,서울특별시 중랑구 면목5동 173-140,37.59582753,127.1043156,,,02-2094-2683,서울특별시 중랑구청,2026-02-26
면목5동173-36,1,,서울특별시 중랑구 면목5동 173-36,37.59582753,127.1043156,,,02-2094-2683,서울특별시 중랑구청,2026-02-26
면목5동151-3,1,,서울특별시 중랑구 면목5동 151-3,,,,,02-2094-2683,서울특별시 중랑구청,2026-02-26
면목5동156-10,1,,서울특별시 중랑구 면목5동 156-10,,,,,02-2094-2683,서울특별시 중랑구청,2026-02-26
면목5동173-6,1,,서울특별시 중랑구 면목5동 173-6,,,,,02-2094-2683,서울특별시 중랑구청,2026-02-26
면목5동154-48,1,,서울특별시 중랑구 면목5동 154-48,37.59618014,127.1007349,,,02-2094-2683,서울특별시 중랑구청,2026-02-26
면목5동155-35,1,,서울특별시 중랑구 면목5동 155-35,37.59569407,127.1008126,,,02-2094-2683,서울특별시 중랑구청,2026-02-26
면목5동155-45,1,,서울특별시 중랑구 면목5동 155-45,37.59539789,127.1006344,,,02-2094-2683,서울특별시 중랑구청,2026-02-26
면목5동172-47,1,,서울특별시 중랑구 면목5동 172-47,37.59517523,127.1005603,,,02-2094-2683,서울특별시 중랑구청,2026-02-26
면목5동173-35,1,,서울특별시 중랑구 면목5동 173-35,37.59529336,127.1004456,,,02-2094-2683,서울특별시 중랑구청,2026-02-26
면목5동175-56,1,,서울특별시 중랑구 면목5동 175-56,37.59489405,127.1010593,,,02-2094-2683,서울특별시 중랑구청,2026-02-26
면목5동154-2,1,,서울특별시 중랑구 면목5동 154-2,37.59466031,127.1010926,,,02-2094-2683,서울특별시 중랑구청,2026-02-26
면목5동154-23,1,,서울특별시 중랑구 면목5동 154-23,37.59478729,127.1011551,,,02-2094-2683,서울특별시 중랑구청,2026-02-26
면목5동176-106,1,,서울특별시 중랑구 면목5동 176-106,37.59499002,127.101257,,,02-2094-2683,서울특별시 중랑구청,2026-02-26
면목5동173-116,1,,서울특별시 중랑구 면목5동 173-116,37.59497078,127.101631,,,02-2094-2683,서울특별시 중랑구청,2026-02-26
면목5동172-7,1,,서울특별시 중랑구 면목5동 172-7,37.59519892,127.1011954,,,02-2094-2683,서울특별시 중랑구청,2026-02-26
면목5동197-5,1,,서울특별시 중랑구 면목5동 197-5,37.59524155,127.1013942,,,02-2094-2683,서울특별시 중랑구청,2026-02-26
면목5동174-52,1,,서울특별시 중랑구 면목5동 174-52,37.59493037,127.1018946,,,02-2094-2683,서울특별시 중랑구청,2026-02-26
면목5동172-11,1,,서울특별시 중랑구 면목5동 172-11,37.59553593,127.1015752,,,02-2094-2683,서울특별시 중랑구청,2026-02-26
면목5동153-3,1,,서울특별시 중랑구 면목5동 153-3,37.59557647,127.101373,,,02-2094-2683,서울특별시 중랑구청,2026-02-26
면목5동150-23,1,,서울특별시 중랑구 면목5동 150-23,37.5953115,127.1011392,,,02-2094-2683,서울특별시 중랑구청,2026-02-26
면목5동152-1,1,,서울특별시 중랑구 면목5동 152-1,37.59569983,127.1013551,,,02-2094-2683,서울특별시 중랑구청,2026-02-26
면목5동173-30,1,,서울특별시 중랑구 면목5동 173-30,37.59580341,127.101394,,,02-2094-2683,서울특별시 중랑구청,2026-02-26
면목5동157-25,1,,서울특별시 중랑구 면목5동 157-25,37.59590812,127.1013683,,,02-2094-2683,서울특별시 중랑구청,2026-02-26
면목5동157-67,1,,서울특별시 중랑구 면목5동 157-67,37.59578436,127.1015432,,,02-2094-2683,서울특별시 중랑구청,2026-02-26
면목5동153-47,1,,서울특별시 중랑구 면목5동 153-47,37.59563714,127.1019574,,,02-2094-2683,서울특별시 중랑구청,2026-02-26
면목5동158-11,1,,서울특별시 중랑구 면목5동 158-11,37.59587938,127.1021008,,,02-2094-2683,서울특별시 중랑구청,2026-02-26
면목5동162-22,1,,서울특별시 중랑구 면목5동 162-22,37.59591566,127.1018197,,,02-2094-2683,서울특별시 중랑구청,2026-02-26
면목5동1545-6,1,,서울특별시 중랑구 면목5동 1545-6,37.59613972,127.1019506,,,02-2094-2683,서울특별시 중랑구청,2026-02-26
면목5동157-36,1,,서울특별시 중랑구 면목5동 157-36,37.59624721,127.1014435,,,02-2094-2683,서울특별시 중랑구청,2026-02-26
면목동155-20,1,서울특별시 중랑구 겸재로28길 52,서울특별시 중랑구 면목동 155-20,37.5851077,127.0829817,,,02-2094-2683,서울특별시 중랑구청,2026-02-26
면목5동155-9,1,,서울특별시 중랑구 면목5동 155-9,,,,,02-2094-2683,서울특별시 중랑구청,2026-02-26
면목5동172-1,1,,서울특별시 중랑구 면목5동 172-1,37.59621474,127.101043,,,02-2094-2683,서울특별시 중랑구청,2026-02-26
면목5동174-61,1,,서울특별시 중랑구 면목5동 174-61,37.59598966,127.1010611,,,02-2094-2683,서울특별시 중랑구청,2026-02-26
면목5동160-6,1,,서울특별시 중랑구 면목5동 160-6,37.59546945,127.1010307,,,02-2094-2683,서울특별시 중랑구청,2026-02-26
면목5동179-92,1,,서울특별시 중랑구 면목5동 179-92,37.59468108,127.1017642,,,02-2094-2683,서울특별시 중랑구청,2026-02-26
면목5동178-30,1,,서울특별시 중랑구 면목5동 178-30,37.59781961,127.1031009,,,02-2094-2683,서울특별시 중랑구청,2026-02-26
면목5동198-20,1,,서울특별시 중랑구 면목5동 198-20,37.59784857,127.1033684,,,02-2094-2683,서울특별시 중랑구청,2026-02-26
면목5동149-9,1,,서울특별시 중랑구 면목5동 149-9,37.59764536,127.1034023,,,02-2094-2683,서울특별시 중랑구청,2026-02-26
면목5동 158-21,1,,서울특별시 중랑구 면목5동 158-21,37.582691,127.078440,,,02-2094-2683,서울특별시 중랑구청,2026-02-26
면목5동 160-1,2,,서울특별시 중랑구 면목5동 160-1,37.582496,127.079207,,,02-2094-2683,서울특별시 중랑구청,2026-02-26
면목본동409-9,1,,서울특별시 중랑구 면목본동 409-9,37.60127843,127.1084154,,,02-2094-2683,서울특별시 중랑구청,2026-02-26
면목본동70-99,1,,서울특별시 중랑구 면목본동 70-99,37.59787601,127.1036177,,,02-2094-2683,서울특별시 중랑구청,2026-02-26
면목본동111-7,1,,서울특별시 중랑구 면목본동 111-7,37.59790589,127.1038625,,,02-2094-2683,서울특별시 중랑구청,2026-02-26
면목본동66-61,1,,서울특별시 중랑구 면목본동 66-61,37.59791919,127.1040963,,,02-2094-2683,서울특별시 중랑구청,2026-02-26
면목본동1214,1,,서울특별시 중랑구 면목본동 1214,37.59807412,127.1047568,,,02-2094-2683,서울특별시 중랑구청,2026-02-26
면목본동70-109,1,,서울특별시 중랑구 면목본동 70-109,37.59830507,127.1045293,,,02-2094-2683,서울특별시 중랑구청,2026-02-26
면목본동105-31,1,,서울특별시 중랑구 면목본동 105-31,37.59841113,127.104813,,,02-2094-2683,서울특별시 중랑구청,2026-02-26
면목본동1174-3,1,,서울특별시 중랑구 면목본동 1174-3,37.59820791,127.1050652,,,02-2094-2683,서울특별시 중랑구청,2026-02-26
면목본동105-32,1,,서울특별시 중랑구 면목본동 105-32,37.59802923,127.104886,,,02-2094-2683,서울특별시 중랑구청,2026-02-26
면목본동1188,1,,서울특별시 중랑구 면목본동 1188,37.59822471,127.1052306,,,02-2094-2683,서울특별시 중랑구청,2026-02-26
면목본동70-135,1,,서울특별시 중랑구 면목본동 70-135,37.59826817,127.1057942,,,02-2094-2683,서울특별시 중랑구청,2026-02-26
면목본동109-55,1,,서울특별시 중랑구 면목본동 109-55,37.59840899,127.1063021,,,02-2094-2683,서울특별시 중랑구청,2026-02-26
면목본동298-14,1,,서울특별시 중랑구 면목본동 298-14,,,,,02-2094-2683,서울특별시 중랑구청,2026-02-26
면목본동413-6,1,,서울특별시 중랑구 면목본동 413-6,,,,,02-2094-2683,서울특별시 중랑구청,2026-02-26
면목본동413-1,1,,서울특별시 중랑구 면목본동 413-1,37.59820071,127.1045587,,,02-2094-2683,서울특별시 중랑구청,2026-02-26
면목본동412-3,1,,서울특별시 중랑구 면목본동 412-3,37.59813709,127.1042606,,,02-2094-2683,서울특별시 중랑구청,2026-02-26
면목본동412-2,1,,서울특별시 중랑구 면목본동 412-2,37.59849106,127.1041858,,,02-2094-2683,서울특별시 중랑구청,2026-02-26
면목본동114-13,1,,서울특별시 중랑구 면목본동 114-13,37.59874598,127.1041625,,,02-2094-2683,서울특별시 중랑구청,2026-02-26
면목본동114-15,1,,서울특별시 중랑구 면목본동 114-15,37.59878129,127.1048841,,,02-2094-2683,서울특별시 중랑구청,2026-02-26
면목본동114-10,1,,서울특별시 중랑구 면목본동 114-10,37.59565818,127.1017931,,,02-2094-2683,서울특별시 중랑구청,2026-02-26
면목본동67-11,1,,서울특별시 중랑구 면목본동 67-11,37.59888073,127.1054133,,,02-2094-2683,서울특별시 중랑구청,2026-02-26
면목본동114-107,1,,서울특별시 중랑구 면목본동 114-107,37.59875123,127.1054524,,,02-2094-2683,서울특별시 중랑구청,2026-02-26
면목본동114-108,1,,서울특별시 중랑구 면목본동 114-108,37.5986601,127.1055898,,,02-2094-2683,서울특별시 중랑구청,2026-02-26
면목본동109-72,1,,서울특별시 중랑구 면목본동 109-72,37.59857606,127.1050653,,,02-2094-2683,서울특별시 중랑구청,2026-02-26
면목본동109-21,1,,서울특별시 중랑구 면목본동 109-21,37.59872223,127.1050336,,,02-2094-2683,서울특별시 중랑구청,2026-02-26
면목본동109-25,1,,서울특별시 중랑구 면목본동 109-25,37.59863592,127.1049198,,,02-2094-2683,서울특별시 중랑구청,2026-02-26
면목본동109-29,1,,서울특별시 중랑구 면목본동 109-29,37.59859133,127.1047097,,,02-2094-2683,서울특별시 중랑구청,2026-02-26
면목본동109-30,1,,서울특별시 중랑구 면목본동 109-30,37.59888018,127.1039024,,,02-2094-2683,서울특별시 중랑구청,2026-02-26
면목본동109-88,1,,서울특별시 중랑구 면목본동 109-88,37.59919601,127.1040724,,,02-2094-2683,서울특별시 중랑구청,2026-02-26
면목본동109-47,1,,서울특별시 중랑구 면목본동 109-47,37.59914936,127.1035307,,,02-2094-2683,서울특별시 중랑구청,2026-02-26
면목본동109-46,1,,서울특별시 중랑구 면목본동 109-46,37.59905179,127.1037346,,,02-2094-2683,서울특별시 중랑구청,2026-02-26
면목본동109-35,1,,서울특별시 중랑구 면목본동 109-35,37.59884764,127.1036091,,,02-2094-2683,서울특별시 중랑구청,2026-02-26
면목본동109-40,1,,서울특별시 중랑구 면목본동 109-40,37.59892101,127.1033749,,,02-2094-2683,서울특별시 중랑구청,2026-02-26
면목본동109-52,1,,서울특별시 중랑구 면목본동 109-52,37.60779531,127.1138504,,,02-2094-2683,서울특별시 중랑구청,2026-02-26
면목본동109-36,1,,서울특별시 중랑구 면목본동 109-36,37.59878361,127.1030695,,,02-2094-2683,서울특별시 중랑구청,2026-02-26
면목본동109-10,1,,서울특별시 중랑구 면목본동 109-10,37.59886652,127.1030474,,,02-2094-2683,서울특별시 중랑구청,2026-02-26
면목본동109-12,1,,서울특별시 중랑구 면목본동 109-12,37.60212189,127.1020039,,,02-2094-2683,서울특별시 중랑구청,2026-02-26
면목본동109-15,1,,서울특별시 중랑구 면목본동 109-15,37.59920269,127.1029243,,,02-2094-2683,서울특별시 중랑구청,2026-02-26
면목본동109-43,1,,서울특별시 중랑구 면목본동 109-43,37.59928635,127.1030808,,,02-2094-2683,서울특별시 중랑구청,2026-02-26
면목본동109-78,1,,서울특별시 중랑구 면목본동 109-78,37.59978349,127.103721,,,02-2094-2683,서울특별시 중랑구청,2026-02-26
면목본동109-86,1,,서울특별시 중랑구 면목본동 109-86,37.60020762,127.103683,,,02-2094-2683,서울특별시 중랑구청,2026-02-26
면목본동109-74,1,,서울특별시 중랑구 면목본동 109-74,37.59986147,127.1032666,,,02-2094-2683,서울특별시 중랑구청,2026-02-26
면목본동113-55,1,,서울특별시 중랑구 면목본동 113-55,37.5997398,127.1034117,,,02-2094-2683,서울특별시 중랑구청,2026-02-26
면목본동113-86,1,,서울특별시 중랑구 면목본동 113-86,37.5996987,127.1032159,,,02-2094-2683,서울특별시 중랑구청,2026-02-26
면목본동113-18,1,,서울특별시 중랑구 면목본동 113-18,37.59969343,127.1027551,,,02-2094-2683,서울특별시 중랑구청,2026-02-26
면목본동113-26,1,,서울특별시 중랑구 면목본동 113-26,37.59963053,127.104001,,,02-2094-2683,서울특별시 중랑구청,2026-02-26
면목본동113-39,1,,서울특별시 중랑구 면목본동 113-39,37.60014336,127.1043263,,,02-2094-2683,서울특별시 중랑구청,2026-02-26
면목본동113-79,1,,서울특별시 중랑구 면목본동 113-79,37.60003943,127.1046922,,,02-2094-2683,서울특별시 중랑구청,2026-02-26
면목본동113-75,1,,서울특별시 중랑구 면목본동 113-75,37.60003943,127.1046922,,,02-2094-2683,서울특별시 중랑구청,2026-02-26
면목본동113-34,1,,서울특별시 중랑구 면목본동 113-34,37.59994341,127.1050515,,,02-2094-2683,서울특별시 중랑구청,2026-02-26
면목본동113-91,1,,서울특별시 중랑구 면목본동 113-91,37.60031188,127.1050937,,,02-2094-2683,서울특별시 중랑구청,2026-02-26
면목본동113-70,1,,서울특별시 중랑구 면목본동 113-70,37.59931582,127.1049131,,,02-2094-2683,서울특별시 중랑구청,2026-02-26
면목본동113-11,1,,서울특별시 중랑구 면목본동 113-11,37.59958143,127.1048115,,,02-2094-2683,서울특별시 중랑구청,2026-02-26
면목본동113-52,1,,서울특별시 중랑구 면목본동 113-52,37.59917354,127.1048197,,,02-2094-2683,서울특별시 중랑구청,2026-02-26
면목본동113-14,1,,서울특별시 중랑구 면목본동 113-14,37.59915875,127.1045297,,,02-2094-2683,서울특별시 중랑구청,2026-02-26
면목본동113-68,1,,서울특별시 중랑구 면목본동 113-68,37.59937858,127.1042477,,,02-2094-2683,서울특별시 중랑구청,2026-02-26
면목본동113-69,1,,서울특별시 중랑구 면목본동 113-69,37.59934525,127.104030,,,02-2094-2683,서울특별시 중랑구청,2026-02-26
면목본동63-13,1,,서울특별시 중랑구 면목본동 63-13,37.59922432,127.1053724,,,02-2094-2683,서울특별시 중랑구청,2026-02-26
면목본동113-65,1,,서울특별시 중랑구 면목본동 113-65,37.59883525,127.1057993,,,02-2094-2683,서울특별시 중랑구청,2026-02-26
면목본동113-63,1,,서울특별시 중랑구 면목본동 113-63,37.59897643,127.1061037,,,02-2094-2683,서울특별시 중랑구청,2026-02-26
면목본동113-30,1,,서울특별시 중랑구 면목본동 113-30,37.59915405,127.1057646,,,02-2094-2683,서울특별시 중랑구청,2026-02-26
면목본동410-14,1,,서울특별시 중랑구 면목본동 410-14,37.59939383,127.1056313,,,02-2094-2683,서울특별시 중랑구청,2026-02-26
면목본동410-36,1,,서울특별시 중랑구 면목본동 410-36,37.59952353,127.1055777,,,02-2094-2683,서울특별시 중랑구청,2026-02-26
면목본동410-37,1,,서울특별시 중랑구 면목본동 410-37,37.60040637,127.1055273,,,02-2094-2683,서울특별시 중랑구청,2026-02-26
면목본동410-32,1,,서울특별시 중랑구 면목본동 410-32,37.60038423,127.1061063,,,02-2094-2683,서울특별시 중랑구청,2026-02-26
면목본동410-42,1,,서울특별시 중랑구 면목본동 410-42,37.60004122,127.1060075,,,02-2094-2683,서울특별시 중랑구청,2026-02-26
면목본동410-30,1,,서울특별시 중랑구 면목본동 410-30,37.59994414,127.1057484,,,02-2094-2683,서울특별시 중랑구청,2026-02-26
면목본동410-27,1,,서울특별시 중랑구 면목본동 410-27,37.60001634,127.1056184,,,02-2094-2683,서울특별시 중랑구청,2026-02-26
면목본동410-28,1,,서울특별시 중랑구 면목본동 410-28,37.5996278,127.1063578,,,02-2094-2683,서울특별시 중랑구청,2026-02-26
면목본동410-7,1,,서울특별시 중랑구 면목본동 410-7,37.59947955,127.1063978,,,02-2094-2683,서울특별시 중랑구청,2026-02-26
면목본동410-51,1,,서울특별시 중랑구 면목본동 410-51,37.59981896,127.106091,,,02-2094-2683,서울특별시 중랑구청,2026-02-26
면목본동409-8,1,,서울특별시 중랑구 면목본동 409-8,37.59975463,127.1064844,,,02-2094-2683,서울특별시 중랑구청,2026-02-26
면목본동409-44,1,,서울특별시 중랑구 면목본동 409-44,37.60004129,127.1061264,,,02-2094-2683,서울특별시 중랑구청,2026-02-26
면목본동409-38,1,,서울특별시 중랑구 면목본동 409-38,37.60001376,127.1062804,,,02-2094-2683,서울특별시 중랑구청,2026-02-26
면목본동409-21,1,,서울특별시 중랑구 면목본동 409-21,37.60008283,127.1066248,,,02-2094-2683,서울특별시 중랑구청,2026-02-26
면목본동409-26,1,,서울특별시 중랑구 면목본동 409-26,37.595994,127.1008296,,,02-2094-2683,서울특별시 중랑구청,2026-02-26
면목본동409-31,1,,서울특별시 중랑구 면목본동 409-31,37.60037062,127.1069045,,,02-2094-2683,서울특별시 중랑구청,2026-02-26
면목본동409-6,1,,서울특별시 중랑구 면목본동 409-6,37.60013614,127.1068548,,,02-2094-2683,서울특별시 중랑구청,2026-02-26
면목본동408-20,1,,서울특별시 중랑구 면목본동 408-20,,,,,02-2094-2683,서울특별시 중랑구청,2026-02-26
면목본동408-8,1,,서울특별시 중랑구 면목본동 408-8,,,,,02-2094-2683,서울특별시 중랑구청,2026-02-26
면목본동408-7,1,,서울특별시 중랑구 면목본동 408-7,37.60015935,127.1089627,,,02-2094-2683,서울특별시 중랑구청,2026-02-26
면목본동408-5,1,,서울특별시 중랑구 면목본동 408-5,37.59523459,127.1018345,,,02-2094-2683,서울특별시 중랑구청,2026-02-26
면목본동408-26,1,,서울특별시 중랑구 면목본동 408-26,37.60201708,127.1103424,,,02-2094-2683,서울특별시 중랑구청,2026-02-26
면목본동408-16,1,,서울특별시 중랑구 면목본동 408-16,,,,,02-2094-2683,서울특별시 중랑구청,2026-02-26
면목본동408-37,1,,서울특별시 중랑구 면목본동 408-37,37.60291365,127.1062271,,,02-2094-2683,서울특별시 중랑구청,2026-02-26
면목본동408-38,1,,서울특별시 중랑구 면목본동 408-38,,,,,02-2094-2683,서울특별시 중랑구청,2026-02-26
면목본동407-20,1,,서울특별시 중랑구 면목본동 407-20,,,,,02-2094-2683,서울특별시 중랑구청,2026-02-26
면목본동407-21,1,,서울특별시 중랑구 면목본동 407-21,37.60406279,127.1155098,,,02-2094-2683,서울특별시 중랑구청,2026-02-26
면목본동407-13,1,,서울특별시 중랑구 면목본동 407-13,,,,,02-2094-2683,서울특별시 중랑구청,2026-02-26
면목본동407-9,1,,서울특별시 중랑구 면목본동 407-9,37.60003617,127.1089828,,,02-2094-2683,서울특별시 중랑구청,2026-02-26
면목본동407-2,1,,서울특별시 중랑구 면목본동 407-2,,,,,02-2094-2683,서울특별시 중랑구청,2026-02-26
면목본동112-1,1,,서울특별시 중랑구 면목본동 112-1,,,,,02-2094-2683,서울특별시 중랑구청,2026-02-26
면목본동112-10,1,,서울특별시 중랑구 면목본동 112-10,,,,,02-2094-2683,서울특별시 중랑구청,2026-02-26
면목본동112-3,1,,서울특별시 중랑구 면목본동 112-3,,,,,02-2094-2683,서울특별시 중랑구청,2026-02-26
면목본동112-7,1,,서울특별시 중랑구 면목본동 112-7,37.59921244,127.102693,,,02-2094-2683,서울특별시 중랑구청,2026-02-26
면목본동111-35,1,,서울특별시 중랑구 면목본동 111-35,,,,,02-2094-2683,서울특별시 중랑구청,2026-02-26
면목본동111-4,1,,서울특별시 중랑구 면목본동 111-4,,,,,02-2094-2683,서울특별시 중랑구청,2026-02-26
면목본동111-3,1,,서울특별시 중랑구 면목본동 111-3,,,,,02-2094-2683,서울특별시 중랑구청,2026-02-26
면목본동111-21,1,,서울특별시 중랑구 면목본동 111-21,37.59529611,127.1005943,,,02-2094-2683,서울특별시 중랑구청,2026-02-26
면목본동63-28,1,,서울특별시 중랑구 면목본동 63-28,37.60279145,127.1012306,,,02-2094-2683,서울특별시 중랑구청,2026-02-26
면목본동110-12,1,,서울특별시 중랑구 면목본동 110-12,37.6025881,127.1010159,,,02-2094-2683,서울특별시 중랑구청,2026-02-26
면목본동110-11,1,,서울특별시 중랑구 면목본동 110-11,37.60239814,127.1010538,,,02-2094-2683,서울특별시 중랑구청,2026-02-26
면목본동110-4,1,,서울특별시 중랑구 면목본동 110-4,37.60208092,127.1010297,,,02-2094-2683,서울특별시 중랑구청,2026-02-26
면목본동110-34,1,,서울특별시 중랑구 면목본동 110-34,37.60177354,127.1011931,,,02-2094-2683,서울특별시 중랑구청,2026-02-26
면목본동110-3,1,,서울특별시 중랑구 면목본동 110-3,37.60151311,127.1007269,,,02-2094-2683,서울특별시 중랑구청,2026-02-26
면목본동110-1,1,,서울특별시 중랑구 면목본동 110-1,37.60196596,127.1009144,,,02-2094-2683,서울특별시 중랑구청,2026-02-26
면목본동110-18,1,,서울특별시 중랑구 면목본동 110-18,37.60128686,127.1007306,,,02-2094-2683,서울특별시 중랑구청,2026-02-26
면목본동110-23,1,,서울특별시 중랑구 면목본동 110-23,,,,,02-2094-2683,서울특별시 중랑구청,2026-02-26
면목본동110-26,1,,서울특별시 중랑구 면목본동 110-26,37.60098226,127.1007022,,,02-2094-2683,서울특별시 중랑구청,2026-02-26
면목본동110-30,1,,서울특별시 중랑구 면목본동 110-30,37.60090161,127.1011377,,,02-2094-2683,서울특별시 중랑구청,2026-02-26
면목본동66-5,1,,서울특별시 중랑구 면목본동 66-5,37.60110269,127.1011654,,,02-2094-2683,서울특별시 중랑구청,2026-02-26
면목본동66-56,1,,서울특별시 중랑구 면목본동 66-56,37.60128176,127.1010088,,,02-2094-2683,서울특별시 중랑구청,2026-02-26
면목본동66-58,1,,서울특별시 중랑구 면목본동 66-58,37.60107454,127.101426,,,02-2094-2683,서울특별시 중랑구청,2026-02-26
면목본동66-53,1,,서울특별시 중랑구 면목본동 66-53,37.60101495,127.1015689,,,02-2094-2683,서울특별시 중랑구청,2026-02-26
면목본동69-46,1,,서울특별시 중랑구 면목본동 69-46,37.60123644,127.1019585,,,02-2094-2683,서울특별시 중랑구청,2026-02-26
면목본동66-52,1,,서울특별시 중랑구 면목본동 66-52,37.60149509,127.1019866,,,02-2094-2683,서울특별시 중랑구청,2026-02-26
면목본동66-49,1,,서울특별시 중랑구 면목본동 66-49,37.60125937,127.101794,,,02-2094-2683,서울특별시 중랑구청,2026-02-26
면목본동66-40,1,,서울특별시 중랑구 면목본동 66-40,37.60150719,127.101533,,,02-2094-2683,서울특별시 중랑구청,2026-02-26
면목본동66-35,1,,서울특별시 중랑구 면목본동 66-35,37.60125226,127.1016868,,,02-2094-2683,서울특별시 중랑구청,2026-02-26
면목본동66-34,1,,서울특별시 중랑구 면목본동 66-34,37.60177477,127.1016562,,,02-2094-2683,서울특별시 중랑구청,2026-02-26
면목본동66-28,1,,서울특별시 중랑구 면목본동 66-28,37.60164583,127.1014483,,,02-2094-2683,서울특별시 중랑구청,2026-02-26
면목본동66-19,1,,서울특별시 중랑구 면목본동 66-19,37.60181646,127.1014686,,,02-2094-2683,서울특별시 중랑구청,2026-02-26
면목본동66-16,1,,서울특별시 중랑구 면목본동 66-16,37.59784529,127.0960491,,,02-2094-2683,서울특별시 중랑구청,2026-02-26
면목본동66-13,1,,서울특별시 중랑구 면목본동 66-13,37.60236166,127.1017765,,,02-2094-2683,서울특별시 중랑구청,2026-02-26
면목본동66-9,1,,서울특별시 중랑구 면목본동 66-9,37.60187961,127.1020046,,,02-2094-2683,서울특별시 중랑구청,2026-02-26
면목본동66-67,1,,서울특별시 중랑구 면목본동 66-67,37.60249136,127.1020335,,,02-2094-2683,서울특별시 중랑구청,2026-02-26
면목본동66-81,1,,서울특별시 중랑구 면목본동 66-81,37.60235734,127.1018778,,,02-2094-2683,서울특별시 중랑구청,2026-02-26
면목본동66-79,1,,서울특별시 중랑구 면목본동 66-79,37.60240794,127.1016056,,,02-2094-2683,서울특별시 중랑구청,2026-02-26
면목본동66-83,1,,서울특별시 중랑구 면목본동 66-83,37.60213694,127.1015772,,,02-2094-2683,서울특별시 중랑구청,2026-02-26
면목본동66-75,1,,서울특별시 중랑구 면목본동 66-75,37.60203534,127.1014432,,,02-2094-2683,서울특별시 중랑구청,2026-02-26
면목본동67-22,1,,서울특별시 중랑구 면목본동 67-22,37.60232445,127.101459,,,02-2094-2683,서울특별시 중랑구청,2026-02-26
면목본동67-8,1,,서울특별시 중랑구 면목본동 67-8,37.60275115,127.1014703,,,02-2094-2683,서울특별시 중랑구청,2026-02-26
면목본동67-29,1,,서울특별시 중랑구 면목본동 67-29,,,,,02-2094-2683,서울특별시 중랑구청,2026-02-26
면목본동67-3,1,,서울특별시 중랑구 면목본동 67-3,37.60336427,127.1024111,,,02-2094-2683,서울특별시 중랑구청,2026-02-26
면목본동67-4,1,,서울특별시 중랑구 면목본동 67-4,37.60298667,127.1023022,,,02-2094-2683,서울특별시 중랑구청,2026-02-26
면목본동67-4(완성빌라),1,,서울특별시 중랑구 면목본동 67-4(완성빌라),37.60279111,127.1020402,,,02-2094-2683,서울특별시 중랑구청,2026-02-26
면목본동67-6(진로아파트후문),1,,서울특별시 중랑구 면목본동 67-6(진로아파트후문),37.60266507,127.1020359,,,02-2094-2683,서울특별시 중랑구청,2026-02-26
면목본동67-10,1,,서울특별시 중랑구 면목본동 67-10,37.60264512,127.1018747,,,02-2094-2683,서울특별시 중랑구청,2026-02-26
면목본동67-19,1,,서울특별시 중랑구 면목본동 67-19,37.60266293,127.1015854,,,02-2094-2683,서울특별시 중랑구청,2026-02-26
면목본동67-9,1,,서울특별시 중랑구 면목본동 67-9,37.60276835,127.1015905,,,02-2094-2683,서울특별시 중랑구청,2026-02-26
면목본동65-55,1,,서울특별시 중랑구 면목본동 65-55,37.60056056,127.1014853,,,02-2094-2683,서울특별시 중랑구청,2026-02-26
면목본동65-57,1,,서울특별시 중랑구 면목본동 65-57,37.60056056,127.1014853,,,02-2094-2683,서울특별시 중랑구청,2026-02-26
면목본동65-58,1,,서울특별시 중랑구 면목본동 65-58,37.60056056,127.1014853,,,02-2094-2683,서울특별시 중랑구청,2026-02-26
면목본동65-65,1,,서울특별시 중랑구 면목본동 65-65,37.60066763,127.1018621,,,02-2094-2683,서울특별시 중랑구청,2026-02-26
면목본동65-77,1,,서울특별시 중랑구 면목본동 65-77,37.60363062,127.1024998,,,02-2094-2683,서울특별시 중랑구청,2026-02-26
면목본동65-79,1,,서울특별시 중랑구 면목본동 65-79,37.60396008,127.1028435,,,02-2094-2683,서울특별시 중랑구청,2026-02-26
면목본동65-90,1,,서울특별시 중랑구 면목본동 65-90,37.60415994,127.1031288,,,02-2094-2683,서울특별시 중랑구청,2026-02-26
면목본동65-81,1,,서울특별시 중랑구 면목본동 65-81,37.60434131,127.1033403,,,02-2094-2683,서울특별시 중랑구청,2026-02-26
면목본동65-84,1,,서울특별시 중랑구 면목본동 65-84,37.60394668,127.103329,,,02-2094-2683,서울특별시 중랑구청,2026-02-26
면목본동65-12,1,,서울특별시 중랑구 면목본동 65-12,37.60383561,127.1033096,,,02-2094-2683,서울특별시 중랑구청,2026-02-26
면목본동65-10,1,,서울특별시 중랑구 면목본동 65-10,37.60372439,127.1030466,,,02-2094-2683,서울특별시 중랑구청,2026-02-26
면목본동65-7,1,,서울특별시 중랑구 면목본동 65-7,37.6039208,127.102950,,,02-2094-2683,서울특별시 중랑구청,2026-02-26
면목본동65-22,1,,서울특별시 중랑구 면목본동 65-22,37.60361443,127.1032959,,,02-2094-2683,서울특별시 중랑구청,2026-02-26
면목본동65-93,1,,서울특별시 중랑구 면목본동 65-93,37.60365095,127.1026405,,,02-2094-2683,서울특별시 중랑구청,2026-02-26
면목본동65-32,1,,서울특별시 중랑구 면목본동 65-32,37.60350501,127.1025166,,,02-2094-2683,서울특별시 중랑구청,2026-02-26
면목본동63-30,1,,서울특별시 중랑구 면목본동 63-30,37.60343295,127.1026937,,,02-2094-2683,서울특별시 중랑구청,2026-02-26
면목본동64-15,1,,서울특별시 중랑구 면목본동 64-15,37.60311754,127.1026704,,,02-2094-2683,서울특별시 중랑구청,2026-02-26
면목본동64-38,1,,서울특별시 중랑구 면목본동 64-38,37.60310944,127.102968,,,02-2094-2683,서울특별시 중랑구청,2026-02-26
면목본동64-39,1,,서울특별시 중랑구 면목본동 64-39,37.60349237,127.1027542,,,02-2094-2683,서울특별시 중랑구청,2026-02-26
면목본동64-58,1,,서울특별시 중랑구 면목본동 64-58,37.60348458,127.103105,,,02-2094-2683,서울특별시 중랑구청,2026-02-26
면목본동64-35,1,,서울특별시 중랑구 면목본동 64-35,37.60320402,127.1030993,,,02-2094-2683,서울특별시 중랑구청,2026-02-26
면목본동64-9,1,,서울특별시 중랑구 면목본동 64-9,37.60312081,127.1032601,,,02-2094-2683,서울특별시 중랑구청,2026-02-26
면목본동64-12,1,,서울특별시 중랑구 면목본동 64-12,37.60298884,127.1026071,,,02-2094-2683,서울특별시 중랑구청,2026-02-26
면목본동64-16,1,,서울특별시 중랑구 면목본동 64-16,37.60275905,127.1024372,,,02-2094-2683,서울특별시 중랑구청,2026-02-26
면목본동64-20,1,,서울특별시 중랑구 면목본동 64-20,37.60263178,127.1026036,,,02-2094-2683,서울특별시 중랑구청,2026-02-26
면목본동64-21,1,,서울특별시 중랑구 면목본동 64-21,37.60262508,127.1028533,,,02-2094-2683,서울특별시 중랑구청,2026-02-26
면목본동64-84,1,,서울특별시 중랑구 면목본동 64-84,37.60280161,127.1027103,,,02-2094-2683,서울특별시 중랑구청,2026-02-26
면목본동64-26,1,,서울특별시 중랑구 면목본동 64-26,37.60296611,127.1032528,,,02-2094-2683,서울특별시 중랑구청,2026-02-26
면목본동64-55,1,,서울특별시 중랑구 면목본동 64-55,37.60296611,127.1032528,,,02-2094-2683,서울특별시 중랑구청,2026-02-26
면목본동64-75,1,,서울특별시 중랑구 면목본동 64-75,37.60267552,127.1034899,,,02-2094-2683,서울특별시 중랑구청,2026-02-26
면목본동64-71,1,,서울특별시 중랑구 면목본동 64-71,37.60263748,127.1030944,,,02-2094-2683,서울특별시 중랑구청,2026-02-26
면목본동64-22,1,,서울특별시 중랑구 면목본동 64-22,37.60276198,127.1031088,,,02-2094-2683,서울특별시 중랑구청,2026-02-26
면목본동64-46,1,,서울특별시 중랑구 면목본동 64-46,37.6024025,127.1032023,,,02-2094-2683,서울특별시 중랑구청,2026-02-26
면목본동64-83,1,,서울특별시 중랑구 면목본동 64-83,37.60222779,127.1032045,,,02-2094-2683,서울특별시 중랑구청,2026-02-26
면목본동64-44,1,,서울특별시 중랑구 면목본동 64-44,37.60225931,127.1028117,,,02-2094-2683,서울특별시 중랑구청,2026-02-26
면목본동64-41,1,,서울특별시 중랑구 면목본동 64-41,37.60211265,127.1031952,,,02-2094-2683,서울특별시 중랑구청,2026-02-26
면목본동64-43,1,,서울특별시 중랑구 면목본동 64-43,37.60198255,127.1027789,,,02-2094-2683,서울특별시 중랑구청,2026-02-26
면목본동62-32,1,,서울특별시 중랑구 면목본동 62-32,37.60199516,127.1024778,,,02-2094-2683,서울특별시 중랑구청,2026-02-26
면목본동62-30,1,,서울특별시 중랑구 면목본동 62-30,,,,,02-2094-2683,서울특별시 중랑구청,2026-02-26
면목본동62-8,1,,서울특별시 중랑구 면목본동 62-8,37.6016218,127.1024644,,,02-2094-2683,서울특별시 중랑구청,2026-02-26
면목본동62-15,1,,서울특별시 중랑구 면목본동 62-15,37.60183103,127.1026485,,,02-2094-2683,서울특별시 중랑구청,2026-02-26
면목본동62-18,1,,서울특별시 중랑구 면목본동 62-18,37.6016119,127.1027627,,,02-2094-2683,서울특별시 중랑구청,2026-02-26
면목본동62-13,1,,서울특별시 중랑구 면목본동 62-13,37.60185691,127.1029405,,,02-2094-2683,서울특별시 중랑구청,2026-02-26
면목본동63-9,1,,서울특별시 중랑구 면목본동 63-9,,,,,02-2094-2683,서울특별시 중랑구청,2026-02-26
면목본동63-57,1,,서울특별시 중랑구 면목본동 63-57,,,,,02-2094-2683,서울특별시 중랑구청,2026-02-26
면목본동63-40,1,,서울특별시 중랑구 면목본동 63-40,37.60159798,127.1037451,,,02-2094-2683,서울특별시 중랑구청,2026-02-26
면목본동63-67,1,,서울특별시 중랑구 면목본동 63-67,37.6017172,127.1038204,,,02-2094-2683,서울특별시 중랑구청,2026-02-26
면목본동317-3,1,,서울특별시 중랑구 면목본동 317-3,,,,,02-2094-2683,서울특별시 중랑구청,2026-02-26
면목본동63-65,1,,서울특별시 중랑구 면목본동 63-65,37.60153002,127.104185,,,02-2094-2683,서울특별시 중랑구청,2026-02-26
면목본동63-14,1,,서울특별시 중랑구 면목본동 63-14,37.60155897,127.1044553,,,02-2094-2683,서울특별시 중랑구청,2026-02-26
면목본동63-22,1,,서울특별시 중랑구 면목본동 63-22,37.60150793,127.1037856,,,02-2094-2683,서울특별시 중랑구청,2026-02-26
면목본동63-35,1,,서울특별시 중랑구 면목본동 63-35,37.59831395,127.0983841,,,02-2094-2683,서울특별시 중랑구청,2026-02-26
면목본동406-6,1,,서울특별시 중랑구 면목본동 406-6,37.60184623,127.1031993,,,02-2094-2683,서울특별시 중랑구청,2026-02-26
면목본동63-29,1,,서울특별시 중랑구 면목본동 63-29,37.60179975,127.1034976,,,02-2094-2683,서울특별시 중랑구청,2026-02-26
면목본동402-1,1,,서울특별시 중랑구 면목본동 402-1,37.60194018,127.1036359,,,02-2094-2683,서울특별시 중랑구청,2026-02-26
면목본동402-13,1,,서울특별시 중랑구 면목본동 402-13,37.60193152,127.1037471,,,02-2094-2683,서울특별시 중랑구청,2026-02-26
면목본동402-6,1,,서울특별시 중랑구 면목본동 402-6,37.60203507,127.1036211,,,02-2094-2683,서울특별시 중랑구청,2026-02-26
면목본동402-7,1,,서울특별시 중랑구 면목본동 402-7,37.60213976,127.1034211,,,02-2094-2683,서울특별시 중랑구청,2026-02-26
면목본동405-20,1,,서울특별시 중랑구 면목본동 405-20,37.60115562,127.1024736,,,02-2094-2683,서울특별시 중랑구청,2026-02-26
면목본동405-32,1,,서울특별시 중랑구 면목본동 405-32,37.60167729,127.1010117,,,02-2094-2683,서울특별시 중랑구청,2026-02-26
면목본동405-24,1,,서울특별시 중랑구 면목본동 405-24,,,,,02-2094-2683,서울특별시 중랑구청,2026-02-26
면목본동405-3,1,,서울특별시 중랑구 면목본동 405-3,37.60077936,127.1035126,,,02-2094-2683,서울특별시 중랑구청,2026-02-26
면목본동405-14,1,,서울특별시 중랑구 면목본동 405-14,37.6011516,127.1037706,,,02-2094-2683,서울특별시 중랑구청,2026-02-26
면목본동405-8,1,,서울특별시 중랑구 면목본동 405-8,37.60100236,127.1038122,,,02-2094-2683,서울특별시 중랑구청,2026-02-26
면목본동108-3,1,,서울특별시 중랑구 면목본동 108-3,37.60088528,127.1036548,,,02-2094-2683,서울특별시 중랑구청,2026-02-26
면목본동1159-2,1,,서울특별시 중랑구 면목본동 1159-2,37.5997398,127.1034117,,,02-2094-2683,서울특별시 중랑구청,2026-02-26
면목본동108-71,1,,서울특별시 중랑구 면목본동 108-71,37.60079814,127.1038781,,,02-2094-2683,서울특별시 중랑구청,2026-02-26
면목본동108-67,1,,서울특별시 중랑구 면목본동 108-67,37.60102258,127.1040845,,,02-2094-2683,서울특별시 중랑구청,2026-02-26
면목본동108-68,1,,서울특별시 중랑구 면목본동 108-68,37.60102258,127.1040845,,,02-2094-2683,서울특별시 중랑구청,2026-02-26
면목본동108-69,1,,서울특별시 중랑구 면목본동 108-69,37.6010175,127.1045326,,,02-2094-2683,서울특별시 중랑구청,2026-02-26
면목본동108-70,1,,서울특별시 중랑구 면목본동 108-70,37.60128477,127.1047948,,,02-2094-2683,서울특별시 중랑구청,2026-02-26
면목본동108-1,1,,서울특별시 중랑구 면목본동 108-1,37.60131007,127.1053179,,,02-2094-2683,서울특별시 중랑구청,2026-02-26
면목본동299-2,1,,서울특별시 중랑구 면목본동 299-2,37.60134634,127.1049557,,,02-2094-2683,서울특별시 중랑구청,2026-02-26
면목본동299,1,,서울특별시 중랑구 면목본동 299,37.60148806,127.1050664,,,02-2094-2683,서울특별시 중랑구청,2026-02-26
면목본동1123-1,1,,서울특별시 중랑구 면목본동 1123-1,37.60152985,127.1051855,,,02-2094-2683,서울특별시 중랑구청,2026-02-26
면목본동1123,1,,서울특별시 중랑구 면목본동 1123,37.60155714,127.1056018,,,02-2094-2683,서울특별시 중랑구청,2026-02-26
면목본동1154,1,,서울특별시 중랑구 면목본동 1154,37.6013378,127.105642,,,02-2094-2683,서울특별시 중랑구청,2026-02-26
면목본동1122-2,1,,서울특별시 중랑구 면목본동 1122-2,37.601300,127.1058976,,,02-2094-2683,서울특별시 중랑구청,2026-02-26
면목본동1157-1,1,,서울특별시 중랑구 면목본동 1157-1,37.60117075,127.1055472,,,02-2094-2683,서울특별시 중랑구청,2026-02-26
면목본동1163-6,1,,서울특별시 중랑구 면목본동 1163-6,37.60086777,127.1055253,,,02-2094-2683,서울특별시 중랑구청,2026-02-26
면목본동300-21,1,,서울특별시 중랑구 면목본동 300-21,37.60084069,127.1058839,,,02-2094-2683,서울특별시 중랑구청,2026-02-26
면목본동300-16,1,,서울특별시 중랑구 면목본동 300-16,37.60104357,127.1061054,,,02-2094-2683,서울특별시 중랑구청,2026-02-26
면목본동300-11,1,,서울특별시 중랑구 면목본동 300-11,37.60103742,127.1063291,,,02-2094-2683,서울특별시 중랑구청,2026-02-26
면목본동300-13,1,,서울특별시 중랑구 면목본동 300-13,37.60101388,127.1067573,,,02-2094-2683,서울특별시 중랑구청,2026-02-26
면목본동359-8,1,,서울특별시 중랑구 면목본동 359-8,37.60087737,127.1070708,,,02-2094-2683,서울특별시 중랑구청,2026-02-26
면목본동1207-2,1,,서울특별시 중랑구 면목본동 1207-2,37.60098109,127.1072511,,,02-2094-2683,서울특별시 중랑구청,2026-02-26
면목본동360-1,1,,서울특별시 중랑구 면목본동 360-1,37.60077214,127.1074642,,,02-2094-2683,서울특별시 중랑구청,2026-02-26
면목본동1215,1,,서울특별시 중랑구 면목본동 1215,37.60089888,127.1076908,,,02-2094-2683,서울특별시 중랑구청,2026-02-26
면목본동1209,1,,서울특별시 중랑구 면목본동 1209,37.60125959,127.1078384,,,02-2094-2683,서울특별시 중랑구청,2026-02-26
면목본동1202-1,1,,서울특별시 중랑구 면목본동 1202-1,37.60150843,127.1076603,,,02-2094-2683,서울특별시 중랑구청,2026-02-26
면목본동1201-2,1,,서울특별시 중랑구 면목본동 1201-2,37.60155217,127.1073159,,,02-2094-2683,서울특별시 중랑구청,2026-02-26
면목본동66-22,1,,서울특별시 중랑구 면목본동 66-22,37.60136124,127.1078147,,,02-2094-2683,서울특별시 중랑구청,2026-02-26
면목본동1211,1,,서울특별시 중랑구 면목본동 1211,37.60188589,127.1080151,,,02-2094-2683,서울특별시 중랑구청,2026-02-26
면목본동105-10,1,,서울특별시 중랑구 면목본동 105-10,37.60224791,127.1079142,,,02-2094-2683,서울특별시 중랑구청,2026-02-26
면목본동105-27,1,,서울특별시 중랑구 면목본동 105-27,,,,,02-2094-2683,서울특별시 중랑구청,2026-02-26
면목본동1190,1,,서울특별시 중랑구 면목본동 1190,37.60290558,127.1075782,,,02-2094-2683,서울특별시 중랑구청,2026-02-26
면목본동105-41,1,,서울특별시 중랑구 면목본동 105-41,37.60326647,127.107324,,,02-2094-2683,서울특별시 중랑구청,2026-02-26
면목본동1187,1,,서울특별시 중랑구 면목본동 1187,37.60176335,127.1076258,,,02-2094-2683,서울특별시 중랑구청,2026-02-26
면목본동105-2,1,,서울특별시 중랑구 면목본동 105-2,37.60169765,127.107341,,,02-2094-2683,서울특별시 중랑구청,2026-02-26
면목본동105-21,1,,서울특별시 중랑구 면목본동 105-21,37.60189682,127.1058976,,,02-2094-2683,서울특별시 중랑구청,2026-02-26
면목본동105-20,1,,서울특별시 중랑구 면목본동 105-20,37.6017075,127.1059217,,,02-2094-2683,서울특별시 중랑구청,2026-02-26
면목본동105-26,1,,서울특별시 중랑구 면목본동 105-26,37.60169837,127.1055478,,,02-2094-2683,서울특별시 중랑구청,2026-02-26
면목본동106-24,1,,서울특별시 중랑구 면목본동 106-24,37.60143212,127.1059595,,,02-2094-2683,서울특별시 중랑구청,2026-02-26
면목본동106-17,1,,서울특별시 중랑구 면목본동 106-17,,,,,02-2094-2683,서울특별시 중랑구청,2026-02-26
면목본동106-1,1,,서울특별시 중랑구 면목본동 106-1,37.60119927,127.1065006,,,02-2094-2683,서울특별시 중랑구청,2026-02-26
면목본동70-67,1,,서울특별시 중랑구 면목본동 70-67,37.60135472,127.1067691,,,02-2094-2683,서울특별시 중랑구청,2026-02-26
면목본동70-49,1,,서울특별시 중랑구 면목본동 70-49,37.6013081,127.1072095,,,02-2094-2683,서울특별시 중랑구청,2026-02-26
면목본동106-3,1,,서울특별시 중랑구 면목본동 106-3,,,,,02-2094-2683,서울특별시 중랑구청,2026-02-26
면목본동106-11,1,,서울특별시 중랑구 면목본동 106-11,37.6048384,127.1063643,,,02-2094-2683,서울특별시 중랑구청,2026-02-26
면목본동106-38,1,,서울특별시 중랑구 면목본동 106-38,,,,,02-2094-2683,서울특별시 중랑구청,2026-02-26
면목본동106-14,1,,서울특별시 중랑구 면목본동 106-14,,,,,02-2094-2683,서울특별시 중랑구청,2026-02-26
면목본동106-39,1,,서울특별시 중랑구 면목본동 106-39,37.59740506,127.1028479,,,02-2094-2683,서울특별시 중랑구청,2026-02-26
면목본동297-19,1,,서울특별시 중랑구 면목본동 297-19,37.60456642,127.103704,,,02-2094-2683,서울특별시 중랑구청,2026-02-26
면목본동297-28,1,,서울특별시 중랑구 면목본동 297-28,37.60457103,127.103582,,,02-2094-2683,서울특별시 중랑구청,2026-02-26
면목본동298-13,1,,서울특별시 중랑구 면목본동 298-13,37.60438155,127.1036849,,,02-2094-2683,서울특별시 중랑구청,2026-02-26
면목본동297-12,1,,서울특별시 중랑구 면목본동 297-12,37.60436372,127.1041891,,,02-2094-2683,서울특별시 중랑구청,2026-02-26
면목본동1183,1,,서울특별시 중랑구 면목본동 1183,37.60458096,127.1041749,,,02-2094-2683,서울특별시 중랑구청,2026-02-26
면목본동1192-1,1,,서울특별시 중랑구 면목본동 1192-1,37.60291365,127.1062271,,,02-2094-2683,서울특별시 중랑구청,2026-02-26
면목본동1173,1,,서울특별시 중랑구 면목본동 1173,,,,,02-2094-2683,서울특별시 중랑구청,2026-02-26
면목본동1172,1,,서울특별시 중랑구 면목본동 1172,,,,,02-2094-2683,서울특별시 중랑구청,2026-02-26
면목본동1194,1,,서울특별시 중랑구 면목본동 1194,,,,,02-2094-2683,서울특별시 중랑구청,2026-02-26
면목본동1177,1,,서울특별시 중랑구 면목본동 1177,,,,,02-2094-2683,서울특별시 중랑구청,2026-02-26
면목본동1174-2,1,,서울특별시 중랑구 면목본동 1174-2,37.60307136,127.1071848,,,02-2094-2683,서울특별시 중랑구청,2026-02-26
면목본동1169-4,1,,서울특별시 중랑구 면목본동 1169-4,37.60150247,127.1088522,,,02-2094-2683,서울특별시 중랑구청,2026-02-26
면목본동300-2,1,,서울특별시 중랑구 면목본동 300-2,37.60129322,127.1085989,,,02-2094-2683,서울특별시 중랑구청,2026-02-26
면목본동300-3,1,,서울특별시 중랑구 면목본동 300-3,37.60106477,127.1086543,,,02-2094-2683,서울특별시 중랑구청,2026-02-26
면목본동300-4,1,,서울특별시 중랑구 면목본동 300-4,37.60109735,127.1091838,,,02-2094-2683,서울특별시 중랑구청,2026-02-26
면목본동300-7,1,,서울특별시 중랑구 면목본동 300-7,37.60184544,127.1082973,,,02-2094-2683,서울특별시 중랑구청,2026-02-26
면목본동72-32,1,,서울특별시 중랑구 면목본동 72-32,37.60159794,127.1103397,,,02-2094-2683,서울특별시 중랑구청,2026-02-26
면목본동1124,1,,서울특별시 중랑구 면목본동 1124,37.60160713,127.1106292,,,02-2094-2683,서울특별시 중랑구청,2026-02-26
면목본동1148,1,,서울특별시 중랑구 면목본동 1148,37.60166415,127.110741,,,02-2094-2683,서울특별시 중랑구청,2026-02-26
면목본동1168-4,1,,서울특별시 중랑구 면목본동 1168-4,37.60166415,127.110741,,,02-2094-2683,서울특별시 중랑구청,2026-02-26
면목본동1168-1,1,,서울특별시 중랑구 면목본동 1168-1,,,,,02-2094-2683,서울특별시 중랑구청,2026-02-26
면목본동1145-2,1,,서울특별시 중랑구 면목본동 1145-2,37.59907871,127.1046694,,,02-2094-2683,서울특별시 중랑구청,2026-02-26
면목본동316-1,1,,서울특별시 중랑구 면목본동 316-1,37.60170359,127.1115333,,,02-2094-2683,서울특별시 중랑구청,2026-02-26
면목본동1180,1,,서울특별시 중랑구 면목본동 1180,37.60173384,127.111839,,,02-2094-2683,서울특별시 중랑구청,2026-02-26
면목본동298-3,1,,서울특별시 중랑구 면목본동 298-3,37.60944712,127.1091782,,,02-2094-2683,서울특별시 중랑구청,2026-02-26
면목본동1134,1,,서울특별시 중랑구 면목본동 1134,37.60144275,127.1110575,,,02-2094-2683,서울특별시 중랑구청,2026-02-26
면목본동317-8,1,,서울특별시 중랑구 면목본동 317-8,37.60334023,127.1028122,,,02-2094-2683,서울특별시 중랑구청,2026-02-26
면목본동1116,1,,서울특별시 중랑구 면목본동 1116,37.60391707,127.1024643,,,02-2094-2683,서울특별시 중랑구청,2026-02-26
면목본동315,1,,서울특별시 중랑구 면목본동 315,37.60207733,127.1107529,,,02-2094-2683,서울특별시 중랑구청,2026-02-26
면목본동1116-2,1,,서울특별시 중랑구 면목본동 1116-2,37.60199431,127.1102198,,,02-2094-2683,서울특별시 중랑구청,2026-02-26
면목본동321,1,,서울특별시 중랑구 면목본동 321,37.59621194,127.0969648,,,02-2094-2683,서울특별시 중랑구청,2026-02-26
면목본동322-1,1,,서울특별시 중랑구 면목본동 322-1,37.60181205,127.1107897,,,02-2094-2683,서울특별시 중랑구청,2026-02-26
면목본동107-23,1,,서울특별시 중랑구 면목본동 107-23,,,,,02-2094-2683,서울특별시 중랑구청,2026-02-26
면목본동324-2,1,,서울특별시 중랑구 면목본동 324-2,,,,,02-2094-2683,서울특별시 중랑구청,2026-02-26
면목본동319-10,1,,서울특별시 중랑구 면목본동 319-10,,,,,02-2094-2683,서울특별시 중랑구청,2026-02-26
면목본동107-29,1,,서울특별시 중랑구 면목본동 107-29,,,,,02-2094-2683,서울특별시 중랑구청,2026-02-26
면목본동317-12,1,,서울특별시 중랑구 면목본동 317-12,,,,,02-2094-2683,서울특별시 중랑구청,2026-02-26
면목본동1137-1,1,,서울특별시 중랑구 면목본동 1137-1,,,,,02-2094-2683,서울특별시 중랑구청,2026-02-26
면목본동1138,1,,서울특별시 중랑구 면목본동 1138,,,,,02-2094-2683,서울특별시 중랑구청,2026-02-26
면목본동317-4,1,,서울특별시 중랑구 면목본동 317-4,,,,,02-2094-2683,서울특별시 중랑구청,2026-02-26
면목본동104-20,1,,서울특별시 중랑구 면목본동 104-20,,,,,02-2094-2683,서울특별시 중랑구청,2026-02-26
면목본동104-22,1,,서울특별시 중랑구 면목본동 104-22,,,,,02-2094-2683,서울특별시 중랑구청,2026-02-26
면목본동72-58,1,,서울특별시 중랑구 면목본동 72-58,,,,,02-2094-2683,서울특별시 중랑구청,2026-02-26
면목본동72-47,1,,서울특별시 중랑구 면목본동 72-47,37.6078815,127.1053492,,,02-2094-2683,서울특별시 중랑구청,2026-02-26
면목본동72-7,1,,서울특별시 중랑구 면목본동 72-7,,,,,02-2094-2683,서울특별시 중랑구청,2026-02-26
면목본동72-17,1,,서울특별시 중랑구 면목본동 72-17,,,,,02-2094-2683,서울특별시 중랑구청,2026-02-26
면목본동72-28,1,,서울특별시 중랑구 면목본동 72-28,37.61025975,127.1063496,,,02-2094-2683,서울특별시 중랑구청,2026-02-26
면목본동71-1,1,,서울특별시 중랑구 면목본동 71-1,37.61038705,127.1061674,,,02-2094-2683,서울특별시 중랑구청,2026-02-26
면목본동71-61,1,,서울특별시 중랑구 면목본동 71-61,37.61130176,127.1054275,,,02-2094-2683,서울특별시 중랑구청,2026-02-26
면목본동71-32,1,,서울특별시 중랑구 면목본동 71-32,,,,,02-2094-2683,서울특별시 중랑구청,2026-02-26
면목본동71-37,1,,서울특별시 중랑구 면목본동 71-37,37.60531012,127.1043324,,,02-2094-2683,서울특별시 중랑구청,2026-02-26
면목본동71-35,1,,서울특별시 중랑구 면목본동 71-35,37.60490652,127.1040327,,,02-2094-2683,서울특별시 중랑구청,2026-02-26
면목본동71-42,1,,서울특별시 중랑구 면목본동 71-42,37.60531012,127.1043324,,,02-2094-2683,서울특별시 중랑구청,2026-02-26
면목본동71-52,1,,서울특별시 중랑구 면목본동 71-52,,,,,02-2094-2683,서울특별시 중랑구청,2026-02-26
면목본동71-50,1,,서울특별시 중랑구 면목본동 71-50,37.61026646,127.1069662,,,02-2094-2683,서울특별시 중랑구청,2026-02-26
면목본동71-58,1,,서울특별시 중랑구 면목본동 71-58,,,,,02-2094-2683,서울특별시 중랑구청,2026-02-26
면목본동71-56,1,,서울특별시 중랑구 면목본동 71-56,37.60006572,127.1054131,,,02-2094-2683,서울특별시 중랑구청,2026-02-26
면목본동71-55,1,,서울특별시 중랑구 면목본동 71-55,37.60106767,127.1084337,,,02-2094-2683,서울특별시 중랑구청,2026-02-26
면목본동71-53,1,,서울특별시 중랑구 면목본동 71-53,,,,,02-2094-2683,서울특별시 중랑구청,2026-02-26
면목본동71-59,1,,서울특별시 중랑구 면목본동 71-59,37.59642692,127.1008413,,,02-2094-2683,서울특별시 중랑구청,2026-02-26
면목본동71-25,1,,서울특별시 중랑구 면목본동 71-25,37.59559195,127.1005466,,,02-2094-2683,서울특별시 중랑구청,2026-02-26
면목본동71-28,1,,서울특별시 중랑구 면목본동 71-28,37.60138149,127.1010197,,,02-2094-2683,서울특별시 중랑구청,2026-02-26
면목본동71-17,1,,서울특별시 중랑구 면목본동 71-17,37.60603578,127.1059188,,,02-2094-2683,서울특별시 중랑구청,2026-02-26
면목본동71-19,1,,서울특별시 중랑구 면목본동 71-19,,,,,02-2094-2683,서울특별시 중랑구청,2026-02-26
면목본동71-23,1,,서울특별시 중랑구 면목본동 71-23,37.60376755,127.1027323,,,02-2094-2683,서울특별시 중랑구청,2026-02-26
면목본동71-21,1,,서울특별시 중랑구 면목본동 71-21,37.59606782,127.1021564,,,02-2094-2683,서울특별시 중랑구청,2026-02-26
면목본동71-22,1,,서울특별시 중랑구 면목본동 71-22,37.59955687,127.1056794,,,02-2094-2683,서울특별시 중랑구청,2026-02-26
면목본동71-15,1,,서울특별시 중랑구 면목본동 71-15,37.59964182,127.1054883,,,02-2094-2683,서울특별시 중랑구청,2026-02-26
면목본동70-91,1,,서울특별시 중랑구 면목본동 70-91,37.59756192,127.1027987,,,02-2094-2683,서울특별시 중랑구청,2026-02-26
면목본동70-89,1,,서울특별시 중랑구 면목본동 70-89,37.59475257,127.1020332,,,02-2094-2683,서울특별시 중랑구청,2026-02-26
면목본동70-76,1,,서울특별시 중랑구 면목본동 70-76,,,,,02-2094-2683,서울특별시 중랑구청,2026-02-26
면목본동70-74,1,,서울특별시 중랑구 면목본동 70-74,,,,,02-2094-2683,서울특별시 중랑구청,2026-02-26
면목본동70-15,1,,서울특별시 중랑구 면목본동 70-15,37.60015337,127.1063338,,,02-2094-2683,서울특별시 중랑구청,2026-02-26
면목본동70-16,1,,서울특별시 중랑구 면목본동 70-16,37.59747876,127.1019647,,,02-2094-2683,서울특별시 중랑구청,2026-02-26
면목본동70-95,1,,서울특별시 중랑구 면목본동 70-95,37.59713506,127.1007734,,,02-2094-2683,서울특별시 중랑구청,2026-02-26
면목본동70-175,1,,서울특별시 중랑구 면목본동 70-175,37.59824881,127.1017857,,,02-2094-2683,서울특별시 중랑구청,2026-02-26
면목본동70-21,1,,서울특별시 중랑구 면목본동 70-21,,,,,02-2094-2683,서울특별시 중랑구청,2026-02-26
면목본동70-158,1,,서울특별시 중랑구 면목본동 70-158,,,,,02-2094-2683,서울특별시 중랑구청,2026-02-26
면목본동70-164,1,,서울특별시 중랑구 면목본동 70-164,,,,,02-2094-2683,서울특별시 중랑구청,2026-02-26
면목본동70-22,1,,서울특별시 중랑구 면목본동 70-22,37.59802543,127.1045938,,,02-2094-2683,서울특별시 중랑구청,2026-02-26
면목본동70-145,1,,서울특별시 중랑구 면목본동 70-145,,,,,02-2094-2683,서울특별시 중랑구청,2026-02-26
면목본동70-51,1,,서울특별시 중랑구 면목본동 70-51,37.60126098,127.1013946,,,02-2094-2683,서울특별시 중랑구청,2026-02-26
면목본동70-59,1,,서울특별시 중랑구 면목본동 70-59,37.60289866,127.1018722,,,02-2094-2683,서울특별시 중랑구청,2026-02-26
면목본동70-25,1,,서울특별시 중랑구 면목본동 70-25,37.60141029,127.1017933,,,02-2094-2683,서울특별시 중랑구청,2026-02-26
면목본동70-26,1,,서울특별시 중랑구 면목본동 70-26,,,,,02-2094-2683,서울특별시 중랑구청,2026-02-26
면목본동70-105,1,,서울특별시 중랑구 면목본동 70-105,,,,,02-2094-2683,서울특별시 중랑구청,2026-02-26
면목본동70-32,1,,서울특별시 중랑구 면목본동 70-32,,,,,02-2094-2683,서울특별시 중랑구청,2026-02-26
면목본동70-122,1,,서울특별시 중랑구 면목본동 70-122,,,,,02-2094-2683,서울특별시 중랑구청,2026-02-26
면목본동70-42,1,,서울특별시 중랑구 면목본동 70-42,37.60114262,127.1026621,,,02-2094-2683,서울특별시 중랑구청,2026-02-26
면목본동70-47,1,,서울특별시 중랑구 면목본동 70-47,37.60906626,127.1130956,,,02-2094-2683,서울특별시 중랑구청,2026-02-26
면목본동70-48,1,,서울특별시 중랑구 면목본동 70-48,37.60960472,127.1129573,,,02-2094-2683,서울특별시 중랑구청,2026-02-26
면목본동70-69,1,,서울특별시 중랑구 면목본동 70-69,,,,,02-2094-2683,서울특별시 중랑구청,2026-02-26
면목본동70-65,1,,서울특별시 중랑구 면목본동 70-65,37.6082161,127.1114829,,,02-2094-2683,서울특별시 중랑구청,2026-02-26
면목본동70-168,1,,서울특별시 중랑구 면목본동 70-168,37.59910441,127.1056605,,,02-2094-2683,서울특별시 중랑구청,2026-02-26
면목본동70-130,1,,서울특별시 중랑구 면목본동 70-130,37.6028883,127.1017637,,,02-2094-2683,서울특별시 중랑구청,2026-02-26
면목본동70-167,1,,서울특별시 중랑구 면목본동 70-167,37.6028883,127.1017637,,,02-2094-2683,서울특별시 중랑구청,2026-02-26
면목본동70-134,1,,서울특별시 중랑구 면목본동 70-134,,,,,02-2094-2683,서울특별시 중랑구청,2026-02-26
면목본동70-36,1,,서울특별시 중랑구 면목본동 70-36,37.59712036,127.0974619,,,02-2094-2683,서울특별시 중랑구청,2026-02-26
면목본동70-132,1,,서울특별시 중랑구 면목본동 70-132,37.59873637,127.0987796,,,02-2094-2683,서울특별시 중랑구청,2026-02-26
면목본동69-21,1,,서울특별시 중랑구 면목본동 69-21,37.59895765,127.0997451,,,02-2094-2683,서울특별시 중랑구청,2026-02-26
면목본동70-34,1,,서울특별시 중랑구 면목본동 70-34,37.60284356,127.1082712,,,02-2094-2683,서울특별시 중랑구청,2026-02-26
면목본동70-131,1,,서울특별시 중랑구 면목본동 70-131,,,,,02-2094-2683,서울특별시 중랑구청,2026-02-26
면목본동69-32,1,,서울특별시 중랑구 면목본동 69-32,,,,,02-2094-2683,서울특별시 중랑구청,2026-02-26
면목본동69-25,1,,서울특별시 중랑구 면목본동 69-25,37.60213976,127.1034211,,,02-2094-2683,서울특별시 중랑구청,2026-02-26
면목본동69-36,1,,서울특별시 중랑구 면목본동 69-36,37.59857066,127.0990102,,,02-2094-2683,서울특별시 중랑구청,2026-02-26
면목본동69-37,1,,서울특별시 중랑구 면목본동 69-37,,,,,02-2094-2683,서울특별시 중랑구청,2026-02-26
면목본동69-132,1,,서울특별시 중랑구 면목본동 69-132,37.60096593,127.1073762,,,02-2094-2683,서울특별시 중랑구청,2026-02-26
면목본동69-39,1,,서울특별시 중랑구 면목본동 69-39,37.59871293,127.1015546,,,02-2094-2683,서울특별시 중랑구청,2026-02-26
면목본동69-15,1,,서울특별시 중랑구 면목본동 69-15,37.59960367,127.1014299,,,02-2094-2683,서울특별시 중랑구청,2026-02-26
면목본동69-69,1,,서울특별시 중랑구 면목본동 69-69,37.59835141,127.1026476,,,02-2094-2683,서울특별시 중랑구청,2026-02-26
면목본동69-101,1,,서울특별시 중랑구 면목본동 69-101,,,,,02-2094-2683,서울특별시 중랑구청,2026-02-26
면목본동69-49,1,,서울특별시 중랑구 면목본동 69-49,37.59472978,127.1022406,,,02-2094-2683,서울특별시 중랑구청,2026-02-26
면목본동69-42,1,,서울특별시 중랑구 면목본동 69-42,37.59472978,127.1022406,,,02-2094-2683,서울특별시 중랑구청,2026-02-26
면목본동69-113,1,,서울특별시 중랑구 면목본동 69-113,37.59519589,127.0966395,,,02-2094-2683,서울특별시 중랑구청,2026-02-26
면목본동69-116,1,,서울특별시 중랑구 면목본동 69-116,37.59843941,127.098011,,,02-2094-2683,서울특별시 중랑구청,2026-02-26
면목본동69-54,1,,서울특별시 중랑구 면목본동 69-54,37.60291365,127.1062271,,,02-2094-2683,서울특별시 중랑구청,2026-02-26
면목본동69-62,1,,서울특별시 중랑구 면목본동 69-62,37.60297904,127.1029909,,,02-2094-2683,서울특별시 중랑구청,2026-02-26
면목본동69-59,1,,서울특별시 중랑구 면목본동 69-59,37.6018966,127.1077269,,,02-2094-2683,서울특별시 중랑구청,2026-02-26
면목본동69-18,1,,서울특별시 중랑구 면목본동 69-18,37.60015102,127.1064437,,,02-2094-2683,서울특별시 중랑구청,2026-02-26
면목본동69-72,1,,서울특별시 중랑구 면목본동 69-72,37.5986587,127.1013375,,,02-2094-2683,서울특별시 중랑구청,2026-02-26
면목본동69-14,1,,서울특별시 중랑구 면목본동 69-14,37.59655253,127.1016646,,,02-2094-2683,서울특별시 중랑구청,2026-02-26
면목본동69-1,1,,서울특별시 중랑구 면목본동 69-1,37.60203534,127.1014432,,,02-2094-2683,서울특별시 중랑구청,2026-02-26
면목본동69-102,1,,서울특별시 중랑구 면목본동 69-102,37.60801094,127.113546,,,02-2094-2683,서울특별시 중랑구청,2026-02-26
면목본동69-84,1,,서울특별시 중랑구 면목본동 69-84,37.60779531,127.1138504,,,02-2094-2683,서울특별시 중랑구청,2026-02-26
면목본동68-22,1,,서울특별시 중랑구 면목본동 68-22,37.60716086,127.1138479,,,02-2094-2683,서울특별시 중랑구청,2026-02-26
면목본동68-28,1,,서울특별시 중랑구 면목본동 68-28,37.60095797,127.1061178,,,02-2094-2683,서울특별시 중랑구청,2026-02-26
면목본동68-5,1,,서울특별시 중랑구 면목본동 68-5,37.6016597,127.1018786,,,02-2094-2683,서울특별시 중랑구청,2026-02-26
면목본동68-16,1,,서울특별시 중랑구 면목본동 68-16,37.60159125,127.1074386,,,02-2094-2683,서울특별시 중랑구청,2026-02-26
면목본동68-18,1,,서울특별시 중랑구 면목본동 68-18,37.60382264,127.1094981,,,02-2094-2683,서울특별시 중랑구청,2026-02-26
면목본동68-8,1,,서울특별시 중랑구 면목본동 68-8,37.60891495,127.113362,,,02-2094-2683,서울특별시 중랑구청,2026-02-26
면목본동69-78,1,,서울특별시 중랑구 면목본동 69-78,37.60891495,127.113362,,,02-2094-2683,서울특별시 중랑구청,2026-02-26
면목본동68-26,1,,서울특별시 중랑구 면목본동 68-26,37.60267214,127.1073707,,,02-2094-2683,서울특별시 중랑구청,2026-02-26
면목본동68-25,1,,서울특별시 중랑구 면목본동 68-25,37.59831749,127.1021701,,,02-2094-2683,서울특별시 중랑구청,2026-02-26
면목본동69-3,1,,서울특별시 중랑구 면목본동 69-3,37.59834794,127.1023881,,,02-2094-2683,서울특별시 중랑구청,2026-02-26
면목본동69-86,1,,서울특별시 중랑구 면목본동 69-86,37.6031324,127.1053324,,,02-2094-2683,서울특별시 중랑구청,2026-02-26
면목본동70-112,1,,서울특별시 중랑구 면목본동 70-112,37.60584544,127.1064637,,,02-2094-2683,서울특별시 중랑구청,2026-02-26
면목본동1166-4,1,,서울특별시 중랑구 면목본동 1166-4,37.60277431,127.108648,,,02-2094-2683,서울특별시 중랑구청,2026-02-26
면목본동69-8,1,,서울특별시 중랑구 면목본동 69-8,37.60457103,127.103582,,,02-2094-2683,서울특별시 중랑구청,2026-02-26
면목본동409-43,1,,서울특별시 중랑구 면목본동 409-43,37.60088393,127.1095472,,,02-2094-2683,서울특별시 중랑구청,2026-02-26
면목본동65-70,1,,서울특별시 중랑구 면목본동 65-70,37.60852707,127.1132141,,,02-2094-2683,서울특별시 중랑구청,2026-02-26
면목본동105-43,1,,서울특별시 중랑구 면목본동 105-43,37.60167363,127.1022329,,,02-2094-2683,서울특별시 중랑구청,2026-02-26
면목본동402-14,1,,서울특별시 중랑구 면목본동 402-14,37.6088725,127.1041281,,,02-2094-2683,서울특별시 중랑구청,2026-02-26
면목본동317-5,1,,서울특별시 중랑구 면목본동 317-5,37.60936777,127.1042371,,,02-2094-2683,서울특별시 중랑구청,2026-02-26
면목본동1160,1,,서울특별시 중랑구 면목본동 1160,37.6012366,127.1030095,,,02-2094-2683,서울특별시 중랑구청,2026-02-26
면목본동104-14,1,,서울특별시 중랑구 면목본동 104-14,37.6091034,127.1039522,,,02-2094-2683,서울특별시 중랑구청,2026-02-26
면목본동409-42,1,,서울특별시 중랑구 면목본동 409-42,37.60568884,127.1059657,,,02-2094-2683,서울특별시 중랑구청,2026-02-26
면목본동69-2,1,,서울특별시 중랑구 면목본동 69-2,,,,,02-2094-2683,서울특별시 중랑구청,2026-02-26
면목본동109-99,1,,서울특별시 중랑구 면목본동 109-99,37.5977719,127.1024234,,,02-2094-2683,서울특별시 중랑구청,2026-02-26
면목본동66-10,1,,서울특별시 중랑구 면목본동 66-10,37.60371266,127.1025421,,,02-2094-2683,서울특별시 중랑구청,2026-02-26
면목본동69-64,1,,서울특별시 중랑구 면목본동 69-64,37.60245158,127.1077575,,,02-2094-2683,서울특별시 중랑구청,2026-02-26
면목본동409-40,1,,서울특별시 중랑구 면목본동 409-40,37.60277431,127.108648,,,02-2094-2683,서울특별시 중랑구청,2026-02-26
면목본동105-34,1,,서울특별시 중랑구 면목본동 105-34,37.60178995,127.1059093,,,02-2094-2683,서울특별시 중랑구청,2026-02-26
면목본동114-3,1,,서울특별시 중랑구 면목본동 114-3,37.59560558,127.0953014,,,02-2094-2683,서울특별시 중랑구청,2026-02-26
면목본동66-17,1,,서울특별시 중랑구 면목본동 66-17,37.5993654,127.1028342,,,02-2094-2683,서울특별시 중랑구청,2026-02-26
면목본동67-16,1,,서울특별시 중랑구 면목본동 67-16,37.5969963,127.0970226,,,02-2094-2683,서울특별시 중랑구청,2026-02-26
면목본동64-6,1,,서울특별시 중랑구 면목본동 64-6,37.5996291,127.1041977,,,02-2094-2683,서울특별시 중랑구청,2026-02-26
면목본동62-2,1,,서울특별시 중랑구 면목본동 62-2,,,,,02-2094-2683,서울특별시 중랑구청,2026-02-26
면목본동63-11,1,,서울특별시 중랑구 면목본동 63-11,37.59742349,127.1013865,,,02-2094-2683,서울특별시 중랑구청,2026-02-26
면목본동72-39,1,,서울특별시 중랑구 면목본동 72-39,37.60551777,127.105400,,,02-2094-2683,서울특별시 중랑구청,2026-02-26
면목본동69-95,1,,서울특별시 중랑구 면목본동 69-95,37.60100519,127.1089769,,,02-2094-2683,서울특별시 중랑구청,2026-02-26
면목본동109-93,1,,서울특별시 중랑구 면목본동 109-93,37.60204411,127.1033726,,,02-2094-2683,서울특별시 중랑구청,2026-02-26
면목본동410-10,1,,서울특별시 중랑구 면목본동 410-10,37.60453655,127.1140457,,,02-2094-2683,서울특별시 중랑구청,2026-02-26
면목본동314-1,1,,서울특별시 중랑구 면목본동 314-1,37.60172106,127.1039372,,,02-2094-2683,서울특별시 중랑구청,2026-02-26
면목본동23-8,1,,서울특별시 중랑구 면목본동 23-8,37.60170856,127.1035043,,,02-2094-2683,서울특별시 중랑구청,2026-02-26
면목본동409-28,1,,서울특별시 중랑구 면목본동 409-28,37.60323963,127.1087936,,,02-2094-2683,서울특별시 중랑구청,2026-02-26
면목본동69-123,1,,서울특별시 중랑구 면목본동 69-123,37.60323963,127.1087936,,,02-2094-2683,서울특별시 중랑구청,2026-02-26
면목본동409-33,1,,서울특별시 중랑구 면목본동 409-33,37.60976697,127.1042696,,,02-2094-2683,서울특별시 중랑구청,2026-02-26
면목본동413-3,1,,서울특별시 중랑구 면목본동 413-3,37.59889849,127.1031594,,,02-2094-2683,서울특별시 중랑구청,2026-02-26
면목본동70-170,1,,서울특별시 중랑구 면목본동 70-170,37.59727043,127.1005118,,,02-2094-2683,서울특별시 중랑구청,2026-02-26
면목본동67-3(빌라B동),1,,서울특별시 중랑구 면목본동 67-3,37.60326943,127.1026856,,,02-2094-2683,서울특별시 중랑구청,2026-02-26
면목본동114-19,1,,서울특별시 중랑구 면목본동 114-19,37.60326943,127.1026856,,,02-2094-2683,서울특별시 중랑구청,2026-02-26
면목본동114-99,1,,서울특별시 중랑구 면목본동 114-99,37.59832502,127.0959913,,,02-2094-2683,서울특별시 중랑구청,2026-02-26
면목본동408-41,1,,서울특별시 중랑구 면목본동 408-41,37.5983565,127.0950627,,,02-2094-2683,서울특별시 중랑구청,2026-02-26
면목본동64-76,1,,서울특별시 중랑구 면목본동 64-76,37.59870364,127.0970719,,,02-2094-2683,서울특별시 중랑구청,2026-02-26
면목본동111-28,1,,서울특별시 중랑구 면목본동 111-28,37.59875389,127.0973235,,,02-2094-2683,서울특별시 중랑구청,2026-02-26
면목본동1159-1,1,,서울특별시 중랑구 면목본동 1159-1,37.59917902,127.0992108,,,02-2094-2683,서울특별시 중랑구청,2026-02-26
면목본동66-6,1,,서울특별시 중랑구 면목본동 66-6,37.59917902,127.0992108,,,02-2094-2683,서울특별시 중랑구청,2026-02-26
면목본동107-2,1,,서울특별시 중랑구 면목본동 107-2,37.59859697,127.0981524,,,02-2094-2683,서울특별시 중랑구청,2026-02-26
면목본동409-1,1,,서울특별시 중랑구 면목본동 409-1,37.59867242,127.098425,,,02-2094-2683,서울특별시 중랑구청,2026-02-26
면목본동65-83,1,,서울특별시 중랑구 면목본동 65-83,37.59865535,127.0987983,,,02-2094-2683,서울특별시 중랑구청,2026-02-26
면목본동52-17,1,,서울특별시 중랑구 면목본동 52-17,37.59873544,127.0992358,,,02-2094-2683,서울특별시 중랑구청,2026-02-26
면목본동30-12,1,,서울특별시 중랑구 면목본동 30-12,37.59821776,127.0952739,,,02-2094-2683,서울특별시 중랑구청,2026-02-26
면목본동409-41,1,,서울특별시 중랑구 면목본동 409-41,37.59843941,127.098011,,,02-2094-2683,서울특별시 중랑구청,2026-02-26
면목본동66-50,1,,서울특별시 중랑구 면목본동 66-50,37.5983562,127.098832,,,02-2094-2683,서울특별시 중랑구청,2026-02-26
면목본동72-22,1,,서울특별시 중랑구 면목본동 72-22,37.5982923,127.0985271,,,02-2094-2683,서울특별시 중랑구청,2026-02-26
면목본동649-3,1,,서울특별시 중랑구 면목본동 649-3,37.59830819,127.0982756,,,02-2094-2683,서울특별시 중랑구청,2026-02-26
면목본동1171-2,1,,서울특별시 중랑구 면목본동 1171-2,37.59821762,127.0978676,,,02-2094-2683,서울특별시 중랑구청,2026-02-26
면목본동1196,1,,서울특별시 중랑구 면목본동 1196,37.59786782,127.0984477,,,02-2094-2683,서울특별시 중랑구청,2026-02-26
면목본동546-26,1,,서울특별시 중랑구 면목본동 546-26,37.59802469,127.0994018,,,02-2094-2683,서울특별시 중랑구청,2026-02-26
면목본동1207-1,1,,서울특별시 중랑구 면목본동 1207-1,37.59816099,127.0993232,,,02-2094-2683,서울특별시 중랑구청,2026-02-26
면목본동66-55,1,,서울특별시 중랑구 면목본동 66-55,37.59830269,127.0994577,,,02-2094-2683,서울특별시 중랑구청,2026-02-26
면목본동69-47,1,,서울특별시 중랑구 면목본동 69-47,37.59828372,127.0993023,,,02-2094-2683,서울특별시 중랑구청,2026-02-26
면목본동69-44,1,,서울특별시 중랑구 면목본동 69-44,37.59828471,127.0990891,,,02-2094-2683,서울특별시 중랑구청,2026-02-26
면목본동65-20,1,,서울특별시 중랑구 면목본동 65-20,37.59828471,127.0990891,,,02-2094-2683,서울특별시 중랑구청,2026-02-26
면목본동111-26,1,,서울특별시 중랑구 면목본동 111-26,37.59818281,127.0980151,,,02-2094-2683,서울특별시 중랑구청,2026-02-26
면목본동404-14,1,,서울특별시 중랑구 면목본동 404-14,37.59802383,127.0980605,,,02-2094-2683,서울특별시 중랑구청,2026-02-26
면목본동408-15,1,,서울특별시 중랑구 면목본동 408-15,37.5980225,127.0979254,,,02-2094-2683,서울특별시 중랑구청,2026-02-26
면목본동114-7,1,,서울특별시 중랑구 면목본동 114-7,37.59762363,127.0983627,,,02-2094-2683,서울특별시 중랑구청,2026-02-26
면목본동63-19,1,,서울특별시 중랑구 면목본동 63-19,37.59750267,127.098093,,,02-2094-2683,서울특별시 중랑구청,2026-02-26
면목본동407-23,1,,서울특별시 중랑구 면목본동 407-23,37.59769368,127.0986368,,,02-2094-2683,서울특별시 중랑구청,2026-02-26
면목본동1184,1,,서울특별시 중랑구 면목본동 1184,37.597753,127.0989148,,,02-2094-2683,서울특별시 중랑구청,2026-02-26
면목본동70-31,1,,서울특별시 중랑구 면목본동 70-31,37.59782511,127.0993102,,,02-2094-2683,서울특별시 중랑구청,2026-02-26
면목본동1184-2,1,,서울특별시 중랑구 면목본동 1184-2,37.59785158,127.0994455,,,02-2094-2683,서울특별시 중랑구청,2026-02-26
면목본동 1287-1,1,,서울특별시 중랑구 면목본동 1287-1,37.595696,127.091720,,,02-2094-2683,서울특별시 중랑구청,2026-02-26
면목본동 298-13,1,,서울특별시 중랑구 면목본동 298-13,37.592537,127.087795,,,02-2094-2683,서울특별시 중랑구청,2026-02-26
면목7동527-151,1,,서울특별시 중랑구 면목7동 527-151,37.59738098,127.0990309,,,02-2094-2683,서울특별시 중랑구청,2026-02-26
면목7동657-64,1,,서울특별시 중랑구 면목7동 657-64,37.59731284,127.0987397,,,02-2094-2683,서울특별시 중랑구청,2026-02-26
면목7동620-11,1,,서울특별시 중랑구 면목7동 620-11,37.5971861,127.0992337,,,02-2094-2683,서울특별시 중랑구청,2026-02-26
면목7동581,1,,서울특별시 중랑구 면목7동 581,37.59728317,127.099195,,,02-2094-2683,서울특별시 중랑구청,2026-02-26
면목7동673-51,1,,서울특별시 중랑구 면목7동 673-51,37.59732379,127.0994251,,,02-2094-2683,서울특별시 중랑구청,2026-02-26
면목7동1097-6,1,,서울특별시 중랑구 면목7동 1097-6,37.59696729,127.0994016,,,02-2094-2683,서울특별시 중랑구청,2026-02-26
면목7동667-62,1,,서울특별시 중랑구 면목7동 667-62,37.59706468,127.0990835,,,02-2094-2683,서울특별시 중랑구청,2026-02-26
면목7동580-33,1,,서울특별시 중랑구 면목7동 580-33,37.59697104,127.0989119,,,02-2094-2683,서울특별시 중랑구청,2026-02-26
면목7동353-8,1,,서울특별시 중랑구 면목7동 353-8,37.59678321,127.0990878,,,02-2094-2683,서울특별시 중랑구청,2026-02-26
면목7동1101-3,1,,서울특별시 중랑구 면목7동 1101-3,37.59667564,127.0993986,,,02-2094-2683,서울특별시 중랑구청,2026-02-26
면목7동1097-10,1,,서울특별시 중랑구 면목7동 1097-10,37.5966672,127.0995785,,,02-2094-2683,서울특별시 중랑구청,2026-02-26
면목7동481,1,,서울특별시 중랑구 면목7동 481,37.59646703,127.0998696,,,02-2094-2683,서울특별시 중랑구청,2026-02-26
면목7동583-54,1,,서울특별시 중랑구 면목7동 583-54,37.59666656,127.0997007,,,02-2094-2683,서울특별시 중랑구청,2026-02-26
면목7동612-11,1,,서울특별시 중랑구 면목7동 612-11,37.59705474,127.0996568,,,02-2094-2683,서울특별시 중랑구청,2026-02-26
면목7동615-21,1,,서울특별시 중랑구 면목7동 615-21,37.59706713,127.0998216,,,02-2094-2683,서울특별시 중랑구청,2026-02-26
면목7동578-33,1,,서울특별시 중랑구 면목7동 578-33,37.59732856,127.0996458,,,02-2094-2683,서울특별시 중랑구청,2026-02-26
면목7동520-34,1,,서울특별시 중랑구 면목7동 520-34,37.59730421,127.0997811,,,02-2094-2683,서울특별시 중랑구청,2026-02-26
면목7동520-146,1,,서울특별시 중랑구 면목7동 520-146,37.59751887,127.1000552,,,02-2094-2683,서울특별시 중랑구청,2026-02-26
면목7동520-80,1,,서울특별시 중랑구 면목7동 520-80,37.59747425,127.0996466,,,02-2094-2683,서울특별시 중랑구청,2026-02-26
면목7동520-79,1,,서울특별시 중랑구 면목7동 520-79,37.59747425,127.0996466,,,02-2094-2683,서울특별시 중랑구청,2026-02-26
면목7동527-242,1,,서울특별시 중랑구 면목7동 527-242,37.59771546,127.0998486,,,02-2094-2683,서울특별시 중랑구청,2026-02-26
면목7동520-73,1,,서울특별시 중랑구 면목7동 520-73,37.5981027,127.0998524,,,02-2094-2683,서울특별시 중랑구청,2026-02-26
면목7동520-94,1,,서울특별시 중랑구 면목7동 520-94,37.59831294,127.0996963,,,02-2094-2683,서울특별시 중랑구청,2026-02-26
면목7동520-72,1,,서울특별시 중랑구 면목7동 520-72,37.59820038,127.0998334,,,02-2094-2683,서울특별시 중랑구청,2026-02-26
면목7동520-78,1,,서울특별시 중랑구 면목7동 520-78,37.59839681,127.0997146,,,02-2094-2683,서울특별시 중랑구청,2026-02-26
면목7동520-36,1,,서울특별시 중랑구 면목7동 520-36,37.59865271,127.0997962,,,02-2094-2683,서울특별시 중랑구청,2026-02-26
면목7동520-26,1,,서울특별시 중랑구 면목7동 520-26,37.59839246,127.0998551,,,02-2094-2683,서울특별시 중랑구청,2026-02-26
면목7동520-38,1,,서울특별시 중랑구 면목7동 520-38,37.59887441,127.0997351,,,02-2094-2683,서울특별시 중랑구청,2026-02-26
면목7동520-19,1,,서울특별시 중랑구 면목7동 520-19,37.59893874,127.1000484,,,02-2094-2683,서울특별시 중랑구청,2026-02-26
면목7동666,1,,서울특별시 중랑구 면목7동 666,37.59607099,127.0986385,,,02-2094-2683,서울특별시 중랑구청,2026-02-26
면목7동666-20,1,,서울특별시 중랑구 면목7동 666-20,37.59607099,127.0986385,,,02-2094-2683,서울특별시 중랑구청,2026-02-26
면목7동520-90,1,,서울특별시 중랑구 면목7동 520-90,37.59639852,127.0983015,,,02-2094-2683,서울특별시 중랑구청,2026-02-26
면목7동520-41,1,,서울특별시 중랑구 면목7동 520-41,37.59653689,127.098317,,,02-2094-2683,서울특별시 중랑구청,2026-02-26
면목7동520-149,1,,서울특별시 중랑구 면목7동 520-149,37.59675192,127.0984797,,,02-2094-2683,서울특별시 중랑구청,2026-02-26
면목7동520-54,1,,서울특별시 중랑구 면목7동 520-54,37.59676705,127.0979457,,,02-2094-2683,서울특별시 중랑구청,2026-02-26
면목7동1086-49,1,,서울특별시 중랑구 면목7동 1086-49,37.59649915,127.0979778,,,02-2094-2683,서울특별시 중랑구청,2026-02-26
면목7동1326-71,1,,서울특별시 중랑구 면목7동 1326-71,37.59667652,127.0975935,,,02-2094-2683,서울특별시 중랑구청,2026-02-26
면목7동1086-17,1,,서울특별시 중랑구 면목7동 1086-17,37.59686132,127.0976969,,,02-2094-2683,서울특별시 중랑구청,2026-02-26
면목7동1086-16,1,,서울특별시 중랑구 면목7동 1086-16,37.59698481,127.0979489,,,02-2094-2683,서울특별시 중랑구청,2026-02-26
면목7동1084-16,1,,서울특별시 중랑구 면목7동 1084-16,37.59743213,127.0976498,,,02-2094-2683,서울특별시 중랑구청,2026-02-26
면목7동1086-23,1,,서울특별시 중랑구 면목7동 1086-23,,,,,02-2094-2683,서울특별시 중랑구청,2026-02-26
면목7동1084-9,1,,서울특별시 중랑구 면목7동 1084-9,37.59761717,127.0976862,,,02-2094-2683,서울특별시 중랑구청,2026-02-26
면목7동628-20,1,,서울특별시 중랑구 면목7동 628-20,37.59761717,127.0976862,,,02-2094-2683,서울특별시 중랑구청,2026-02-26
면목7동1085-3,1,,서울특별시 중랑구 면목7동 1085-3,37.59669932,127.0974774,,,02-2094-2683,서울특별시 중랑구청,2026-02-26
면목7동628-17,1,,서울특별시 중랑구 면목7동 628-17,37.59675564,127.0972522,,,02-2094-2683,서울특별시 중랑구청,2026-02-26
면목7동1085-6,1,,서울특별시 중랑구 면목7동 1085-6,37.59682452,127.0970808,,,02-2094-2683,서울특별시 중랑구청,2026-02-26
면목7동657-67,1,,서울특별시 중랑구 면목7동 657-67,37.59692999,127.0971315,,,02-2094-2683,서울특별시 중랑구청,2026-02-26
면목7동527-12,1,,서울특별시 중랑구 면목7동 527-12,37.59692729,127.0967923,,,02-2094-2683,서울특별시 중랑구청,2026-02-26
면목7동527-125,1,,서울특별시 중랑구 면목7동 527-125,37.59727816,127.0969896,,,02-2094-2683,서울특별시 중랑구청,2026-02-26
면목7동527-138,1,,서울특별시 중랑구 면목7동 527-138,37.59703713,127.0964513,,,02-2094-2683,서울특별시 중랑구청,2026-02-26
면목7동527-136,1,,서울특별시 중랑구 면목7동 527-136,37.59719214,127.0964079,,,02-2094-2683,서울특별시 중랑구청,2026-02-26
면목7동527-139,1,,서울특별시 중랑구 면목7동 527-139,37.59712274,127.0962111,,,02-2094-2683,서울특별시 중랑구청,2026-02-26
면목7동527-142,1,,서울특별시 중랑구 면목7동 527-142,37.59724326,127.0968072,,,02-2094-2683,서울특별시 중랑구청,2026-02-26
면목7동527-145,1,,서울특별시 중랑구 면목7동 527-145,37.59728842,127.096667,,,02-2094-2683,서울특별시 중랑구청,2026-02-26
면목7동527-144,1,,서울특별시 중랑구 면목7동 527-144,37.59727816,127.0969896,,,02-2094-2683,서울특별시 중랑구청,2026-02-26
면목7동527-26,1,,서울특별시 중랑구 면목7동 527-26,37.59734037,127.0972656,,,02-2094-2683,서울특별시 중랑구청,2026-02-26
면목7동527-153,1,,서울특별시 중랑구 면목7동 527-153,37.59702059,127.0973991,,,02-2094-2683,서울특별시 중랑구청,2026-02-26
면목7동527-154,1,,서울특별시 중랑구 면목7동 527-154,37.5975042,127.0967893,,,02-2094-2683,서울특별시 중랑구청,2026-02-26
면목7동527-189,1,,서울특별시 중랑구 면목7동 527-189,37.59766829,127.0968795,,,02-2094-2683,서울특별시 중랑구청,2026-02-26
면목7동527-188,1,,서울특별시 중랑구 면목7동 527-188,37.59776237,127.0972936,,,02-2094-2683,서울특별시 중랑구청,2026-02-26
면목7동527-190,1,,서울특별시 중랑구 면목7동 527-190,37.59757337,127.0972643,,,02-2094-2683,서울특별시 중랑구청,2026-02-26
면목7동527-195,1,,서울특별시 중랑구 면목7동 527-195,37.59783947,127.0970996,,,02-2094-2683,서울특별시 중랑구청,2026-02-26
면목7동527-193,1,,서울특별시 중랑구 면목7동 527-193,37.59809093,127.096997,,,02-2094-2683,서울특별시 중랑구청,2026-02-26
면목7동527-244,1,,서울특별시 중랑구 면목7동 527-244,37.59757337,127.0972643,,,02-2094-2683,서울특별시 중랑구청,2026-02-26
면목7동527-297,1,,서울특별시 중랑구 면목7동 527-297,37.59819549,127.0974982,,,02-2094-2683,서울특별시 중랑구청,2026-02-26
면목7동527-182,1,,서울특별시 중랑구 면목7동 527-182,37.59801947,127.0969018,,,02-2094-2683,서울특별시 중랑구청,2026-02-26
면목7동527-214,1,,서울특별시 중랑구 면목7동 527-214,37.59773924,127.0966044,,,02-2094-2683,서울특별시 중랑구청,2026-02-26
면목7동527-167,1,,서울특별시 중랑구 면목7동 527-167,37.59785439,127.0963832,,,02-2094-2683,서울특별시 중랑구청,2026-02-26
면목7동527-93,1,,서울특별시 중랑구 면목7동 527-93,37.59809434,127.0962484,,,02-2094-2683,서울특별시 중랑구청,2026-02-26
면목7동527-98,1,,서울특별시 중랑구 면목7동 527-98,37.5979266,127.0959965,,,02-2094-2683,서울특별시 중랑구청,2026-02-26
면목7동527-83,1,,서울특별시 중랑구 면목7동 527-83,37.59785439,127.0963832,,,02-2094-2683,서울특별시 중랑구청,2026-02-26
면목7동527-158,1,,서울특별시 중랑구 면목7동 527-158,37.59774071,127.0961291,,,02-2094-2683,서울특별시 중랑구청,2026-02-26
면목7동522-122,1,,서울특별시 중랑구 면목7동 522-122,37.59790972,127.0957048,,,02-2094-2683,서울특별시 중랑구청,2026-02-26
면목7동527-176,1,,서울특별시 중랑구 면목7동 527-176,37.59798619,127.0953992,,,02-2094-2683,서울특별시 중랑구청,2026-02-26
면목7동527-172,1,,서울특별시 중랑구 면목7동 527-172,37.59811089,127.0959468,,,02-2094-2683,서울특별시 중랑구청,2026-02-26
면목7동527-120,1,,서울특별시 중랑구 면목7동 527-120,37.59771438,127.0954868,,,02-2094-2683,서울특별시 중랑구청,2026-02-26
면목7동527-169,1,,서울특별시 중랑구 면목7동 527-169,37.59712411,127.0956381,,,02-2094-2683,서울특별시 중랑구청,2026-02-26
면목7동527-97,1,,서울특별시 중랑구 면목7동 527-97,37.59720268,127.0959621,,,02-2094-2683,서울특별시 중랑구청,2026-02-26
면목7동527-87,1,,서울특별시 중랑구 면목7동 527-87,37.5975824,127.0959182,,,02-2094-2683,서울특별시 중랑구청,2026-02-26
면목7동527-228,1,,서울특별시 중랑구 면목7동 527-228,37.59720268,127.0959621,,,02-2094-2683,서울특별시 중랑구청,2026-02-26
면목7동527-223,1,,서울특별시 중랑구 면목7동 527-223,37.59574276,127.0993977,,,02-2094-2683,서울특별시 중랑구청,2026-02-26
면목7동527-227,1,,서울특별시 중랑구 면목7동 527-227,37.59555704,127.0987762,,,02-2094-2683,서울특별시 중랑구청,2026-02-26
면목7동527-229,1,,서울특별시 중랑구 면목7동 527-229,37.59548083,127.0981216,,,02-2094-2683,서울특별시 중랑구청,2026-02-26
면목7동667-61,1,,서울특별시 중랑구 면목7동 667-61,37.59570867,127.0980293,,,02-2094-2683,서울특별시 중랑구청,2026-02-26
면목7동527-60,1,,서울특별시 중랑구 면목7동 527-60,37.59553292,127.0977795,,,02-2094-2683,서울특별시 중랑구청,2026-02-26
면목7동527-52,1,,서울특별시 중랑구 면목7동 527-52,37.5953427,127.0979133,,,02-2094-2683,서울특별시 중랑구청,2026-02-26
면목7동527-14,1,,서울특별시 중랑구 면목7동 527-14,37.59531184,127.0975247,,,02-2094-2683,서울특별시 중랑구청,2026-02-26
면목7동527-62,1,,서울특별시 중랑구 면목7동 527-62,37.59546894,127.0974608,,,02-2094-2683,서울특별시 중랑구청,2026-02-26
면목7동527-40,1,,서울특별시 중랑구 면목7동 527-40,37.59567034,127.097537,,,02-2094-2683,서울특별시 중랑구청,2026-02-26
면목7동527-7,1,,서울특별시 중랑구 면목7동 527-7,37.5961813,127.0971935,,,02-2094-2683,서울특별시 중랑구청,2026-02-26
면목7동산1-5,1,,서울특별시 중랑구 면목7동 산1-5,37.59632675,127.097274,,,02-2094-2683,서울특별시 중랑구청,2026-02-26
면목7동532-138,1,,서울특별시 중랑구 면목7동 532-138,37.59624826,127.097500,,,02-2094-2683,서울특별시 중랑구청,2026-02-26
면목7동578-55,1,,서울특별시 중랑구 면목7동 578-55,37.59609783,127.097349,,,02-2094-2683,서울특별시 중랑구청,2026-02-26
면목7동578-68,1,,서울특별시 중랑구 면목7동 578-68,37.5959388,127.0975792,,,02-2094-2683,서울특별시 중랑구청,2026-02-26
면목7동532-144,1,,서울특별시 중랑구 면목7동 532-144,37.59583653,127.0975867,,,02-2094-2683,서울특별시 중랑구청,2026-02-26
면목7동578-52,1,,서울특별시 중랑구 면목7동 578-52,37.59593064,127.097963,,,02-2094-2683,서울특별시 중랑구청,2026-02-26
면목7동578-50,1,,서울특별시 중랑구 면목7동 578-50,37.59625025,127.0981463,,,02-2094-2683,서울특별시 중랑구청,2026-02-26
면목7동578-48,1,,서울특별시 중랑구 면목7동 578-48,37.59594578,127.0986137,,,02-2094-2683,서울특별시 중랑구청,2026-02-26
면목7동578-43,1,,서울특별시 중랑구 면목7동 578-43,37.59638134,127.0978231,,,02-2094-2683,서울특별시 중랑구청,2026-02-26
면목7동578-39,1,,서울특별시 중랑구 면목7동 578-39,37.59658645,127.096790,,,02-2094-2683,서울특별시 중랑구청,2026-02-26
면목7동578-21,1,,서울특별시 중랑구 면목7동 578-21,37.59612541,127.0965683,,,02-2094-2683,서울특별시 중랑구청,2026-02-26
면목7동532-74,1,,서울특별시 중랑구 면목7동 532-74,37.59641382,127.0965664,,,02-2094-2683,서울특별시 중랑구청,2026-02-26
면목7동532-83,1,,서울특별시 중랑구 면목7동 532-83,37.59614977,127.0964196,,,02-2094-2683,서울특별시 중랑구청,2026-02-26
면목7동532-81,1,,서울특별시 중랑구 면목7동 532-81,37.59641382,127.0965664,,,02-2094-2683,서울특별시 중랑구청,2026-02-26
면목7동532-78,1,,서울특별시 중랑구 면목7동 532-78,37.59638714,127.0961436,,,02-2094-2683,서울특별시 중랑구청,2026-02-26
면목7동532-73,1,,서울특별시 중랑구 면목7동 532-73,37.59673623,127.0967408,,,02-2094-2683,서울특별시 중랑구청,2026-02-26
면목7동527-283,1,,서울특별시 중랑구 면목7동 527-283,37.59877711,127.0989729,,,02-2094-2683,서울특별시 중랑구청,2026-02-26
면목7동532-96,1,,서울특별시 중랑구 면목7동 532-96,37.5965239,127.0961588,,,02-2094-2683,서울특별시 중랑구청,2026-02-26
면목7동532-136,1,,서울특별시 중랑구 면목7동 532-136,37.5965239,127.0961588,,,02-2094-2683,서울특별시 중랑구청,2026-02-26
면목7동532-102,1,,서울특별시 중랑구 면목7동 532-102,37.59669816,127.0962509,,,02-2094-2683,서울특별시 중랑구청,2026-02-26
면목7동527-75,1,,서울특별시 중랑구 면목7동 527-75,37.59678836,127.0957959,,,02-2094-2683,서울특별시 중랑구청,2026-02-26
면목7동527-43,1,,서울특별시 중랑구 면목7동 527-43,37.59712411,127.0956381,,,02-2094-2683,서울특별시 중랑구청,2026-02-26
면목7동1082-1,1,,서울특별시 중랑구 면목7동 1082-1,37.59730726,127.0951082,,,02-2094-2683,서울특별시 중랑구청,2026-02-26
면목7동1326-155,1,,서울특별시 중랑구 면목7동 1326-155,37.59706684,127.0950384,,,02-2094-2683,서울특별시 중랑구청,2026-02-26
면목7동523-8,1,,서울특별시 중랑구 면목7동 523-8,37.59706684,127.0950384,,,02-2094-2683,서울특별시 중랑구청,2026-02-26
면목7동523-10,1,,서울특별시 중랑구 면목7동 523-10,37.59672225,127.0954373,,,02-2094-2683,서울특별시 중랑구청,2026-02-26
면목7동523-5,1,,서울특별시 중랑구 면목7동 523-5,37.59661276,127.0956836,,,02-2094-2683,서울특별시 중랑구청,2026-02-26
면목7동1068-34,1,,서울특별시 중랑구 면목7동 1068-34,37.59643588,127.0958151,,,02-2094-2683,서울특별시 중랑구청,2026-02-26
면목7동524-10,1,,서울특별시 중랑구 면목7동 524-10,37.59626147,127.0960107,,,02-2094-2683,서울특별시 중랑구청,2026-02-26
면목7동524-14,1,,서울특별시 중랑구 면목7동 524-14,37.59608721,127.0959045,,,02-2094-2683,서울특별시 중랑구청,2026-02-26
면목7동524-27,1,,서울특별시 중랑구 면목7동 524-27,37.59701923,127.0953114,,,02-2094-2683,서울특별시 중랑구청,2026-02-26
면목7동524-26,1,,서울특별시 중랑구 면목7동 524-26,37.59657452,127.0952905,,,02-2094-2683,서울특별시 중랑구청,2026-02-26
면목7동1326-10,1,,서울특별시 중랑구 면목7동 1326-10,37.59652372,127.0950387,,,02-2094-2683,서울특별시 중랑구청,2026-02-26
면목7동651-25,1,,서울특별시 중랑구 면목7동 651-25,37.59571049,127.0968046,,,02-2094-2683,서울특별시 중랑구청,2026-02-26
면목7동1109-4,1,,서울특별시 중랑구 면목7동 1109-4,37.59592348,127.0969216,,,02-2094-2683,서울특별시 중랑구청,2026-02-26
면목7동530-2,1,,서울특별시 중랑구 면목7동 530-2,37.59584056,127.0970696,,,02-2094-2683,서울특별시 중랑구청,2026-02-26
면목7동530-9,1,,서울특별시 중랑구 면목7동 530-9,37.59512967,127.0970782,,,02-2094-2683,서울특별시 중랑구청,2026-02-26
면목7동535-3,1,,서울특별시 중랑구 면목7동 535-3,37.5955853,127.097078,,,02-2094-2683,서울특별시 중랑구청,2026-02-26
면목7동535-5,1,,서울특별시 중랑구 면목7동 535-5,37.59526226,127.0969007,,,02-2094-2683,서울특별시 중랑구청,2026-02-26
면목7동535-8,1,,서울특별시 중랑구 면목7동 535-8,37.59550571,127.0966771,,,02-2094-2683,서울특별시 중랑구청,2026-02-26
면목7동530-19,1,,서울특별시 중랑구 면목7동 530-19,37.59529185,127.0964165,,,02-2094-2683,서울특별시 중랑구청,2026-02-26
면목7동533-8,1,,서울특별시 중랑구 면목7동 533-8,37.59520081,127.0963504,,,02-2094-2683,서울특별시 중랑구청,2026-02-26
면목7동536-10,1,,서울특별시 중랑구 면목7동 536-10,37.59532432,127.096261,,,02-2094-2683,서울특별시 중랑구청,2026-02-26
면목7동536-8,1,,서울특별시 중랑구 면목7동 536-8,37.59504555,127.0958258,,,02-2094-2683,서울특별시 중랑구청,2026-02-26
면목7동532-8,1,,서울특별시 중랑구 면목7동 532-8,37.59567063,127.0939527,,,02-2094-2683,서울특별시 중랑구청,2026-02-26
면목7동532-19,1,,서울특별시 중랑구 면목7동 532-19,,,,,02-2094-2683,서울특별시 중랑구청,2026-02-26
면목7동532-21,1,,서울특별시 중랑구 면목7동 532-21,37.59563603,127.0963093,,,02-2094-2683,서울특별시 중랑구청,2026-02-26
면목7동532-36,1,,서울특별시 중랑구 면목7동 532-36,37.59584105,127.0960344,,,02-2094-2683,서울특별시 중랑구청,2026-02-26
면목7동532-45,1,,서울특별시 중랑구 면목7동 532-45,37.59569483,127.0957962,,,02-2094-2683,서울특별시 중랑구청,2026-02-26
면목7동532-41,1,,서울특별시 중랑구 면목7동 532-41,37.59544206,127.0958452,,,02-2094-2683,서울특별시 중랑구청,2026-02-26
면목7동1096-1,1,,서울특별시 중랑구 면목7동 1096-1,37.59538271,127.0959247,,,02-2094-2683,서울특별시 중랑구청,2026-02-26
면목7동531-11,1,,서울특별시 중랑구 면목7동 531-11,37.59562453,127.0957148,,,02-2094-2683,서울특별시 중랑구청,2026-02-26
면목7동1096-8,1,,서울특별시 중랑구 면목7동 1096-8,37.59519268,127.095385,,,02-2094-2683,서울특별시 중랑구청,2026-02-26
면목7동1092-2,1,,서울특별시 중랑구 면목7동 1092-2,37.59515459,127.0951382,,,02-2094-2683,서울특별시 중랑구청,2026-02-26
면목7동1092-8,1,,서울특별시 중랑구 면목7동 1092-8,37.5950577,127.0951797,,,02-2094-2683,서울특별시 중랑구청,2026-02-26
면목7동1092-4,1,,서울특별시 중랑구 면목7동 1092-4,37.59494631,127.095207,,,02-2094-2683,서울특별시 중랑구청,2026-02-26
면목7동530,1,,서울특별시 중랑구 면목7동 530,37.59574943,127.0955686,,,02-2094-2683,서울특별시 중랑구청,2026-02-26
면목7동1092-5,1,,서울특별시 중랑구 면목7동 1092-5,37.59714968,127.0948757,,,02-2094-2683,서울특별시 중랑구청,2026-02-26
면목7동578-27,1,,서울특별시 중랑구 면목7동 578-27,37.59555551,127.0948177,,,02-2094-2683,서울특별시 중랑구청,2026-02-26
면목7동578-30,1,,서울특별시 중랑구 면목7동 578-30,37.59541899,127.0946249,,,02-2094-2683,서울특별시 중랑구청,2026-02-26
면목7동532-53,1,,서울특별시 중랑구 면목7동 532-53,37.59549062,127.0945044,,,02-2094-2683,서울특별시 중랑구청,2026-02-26
면목7동578-12,1,,서울특별시 중랑구 면목7동 578-12,37.59528163,127.0942305,,,02-2094-2683,서울특별시 중랑구청,2026-02-26
면목7동578-5,1,,서울특별시 중랑구 면목7동 578-5,37.59529242,127.0943749,,,02-2094-2683,서울특별시 중랑구청,2026-02-26
면목7동1326-42,1,,서울특별시 중랑구 면목7동 1326-42,37.59505432,127.0944436,,,02-2094-2683,서울특별시 중랑구청,2026-02-26
면목7동616-17,1,,서울특별시 중랑구 면목7동 616-17,37.59495123,127.0945763,,,02-2094-2683,서울특별시 중랑구청,2026-02-26
면목7동612-44,1,,서울특별시 중랑구 면목7동 612-44,37.59489727,127.0947889,,,02-2094-2683,서울특별시 중랑구청,2026-02-26
면목7동612-43,1,,서울특별시 중랑구 면목7동 612-43,37.59510454,127.0949736,,,02-2094-2683,서울특별시 중랑구청,2026-02-26
면목7동616-18,1,,서울특별시 중랑구 면목7동 616-18,37.5952351,127.0946182,,,02-2094-2683,서울특별시 중랑구청,2026-02-26
면목7동612-5,1,,서울특별시 중랑구 면목7동 612-5,37.59515913,127.0945293,,,02-2094-2683,서울특별시 중랑구청,2026-02-26
면목7동616-2,1,,서울특별시 중랑구 면목7동 616-2,37.5960817,127.0949158,,,02-2094-2683,서울특별시 중랑구청,2026-02-26
면목7동616-13,1,,서울특별시 중랑구 면목7동 616-13,37.59604297,127.0947895,,,02-2094-2683,서울특별시 중랑구청,2026-02-26
면목7동612-6,1,,서울특별시 중랑구 면목7동 612-6,37.59581853,127.0942292,,,02-2094-2683,서울특별시 중랑구청,2026-02-26
면목7동612-62,1,,서울특별시 중랑구 면목7동 612-62,37.59645982,127.094499,,,02-2094-2683,서울특별시 중랑구청,2026-02-26
면목7동616-30,1,,서울특별시 중랑구 면목7동 616-30,37.59659512,127.0947687,,,02-2094-2683,서울특별시 중랑구청,2026-02-26
면목7동612-56,1,,서울특별시 중랑구 면목7동 612-56,37.59620786,127.0948905,,,02-2094-2683,서울특별시 중랑구청,2026-02-26
면목7동612-17,1,,서울특별시 중랑구 면목7동 612-17,37.59659512,127.0947687,,,02-2094-2683,서울특별시 중랑구청,2026-02-26
면목7동611-2,1,,서울특별시 중랑구 면목7동 611-2,37.59694404,127.0946968,,,02-2094-2683,서울특별시 중랑구청,2026-02-26
면목7동617-3,1,,서울특별시 중랑구 면목7동 617-3,37.59667652,127.0975935,,,02-2094-2683,서울특별시 중랑구청,2026-02-26
면목7동618-12,1,,서울특별시 중랑구 면목7동 618-12,37.59683296,127.0941121,,,02-2094-2683,서울특별시 중랑구청,2026-02-26
면목7동618-19,1,,서울특별시 중랑구 면목7동 618-19,37.59622617,127.0941897,,,02-2094-2683,서울특별시 중랑구청,2026-02-26
면목7동618-1,1,,서울특별시 중랑구 면목7동 618-1,37.59710484,127.0941082,,,02-2094-2683,서울특별시 중랑구청,2026-02-26
면목7동611-7,1,,서울특별시 중랑구 면목7동 611-7,37.59525296,127.0954909,,,02-2094-2683,서울특별시 중랑구청,2026-02-26
면목7동618-2,1,,서울특별시 중랑구 면목7동 618-2,37.59677182,127.0982722,,,02-2094-2683,서울특별시 중랑구청,2026-02-26
면목7동616-6,1,,서울특별시 중랑구 면목7동 616-6,37.59868554,127.0985829,,,02-2094-2683,서울특별시 중랑구청,2026-02-26
면목7동616-23,1,,서울특별시 중랑구 면목7동 616-23,37.5967155,127.0965361,,,02-2094-2683,서울특별시 중랑구청,2026-02-26
면목7동618-3,1,,서울특별시 중랑구 면목7동 618-3,37.59925061,127.0956645,,,02-2094-2683,서울특별시 중랑구청,2026-02-26
면목7동619-37,1,,서울특별시 중랑구 면목7동 619-37,37.59936621,127.0956553,,,02-2094-2683,서울특별시 중랑구청,2026-02-26
면목7동618-4,1,,서울특별시 중랑구 면목7동 618-4,37.59942166,127.0958338,,,02-2094-2683,서울특별시 중랑구청,2026-02-26
면목7동619-39,1,,서울특별시 중랑구 면목7동 619-39,37.59936879,127.0960287,,,02-2094-2683,서울특별시 중랑구청,2026-02-26
면목7동618-31,1,,서울특별시 중랑구 면목7동 618-31,37.59948063,127.0961114,,,02-2094-2683,서울특별시 중랑구청,2026-02-26
면목7동618-16,1,,서울특별시 중랑구 면목7동 618-16,37.59943334,127.0963158,,,02-2094-2683,서울특별시 중랑구청,2026-02-26
면목7동620-44,1,,서울특별시 중랑구 면목7동 620-44,37.59958054,127.0965621,,,02-2094-2683,서울특별시 중랑구청,2026-02-26
면목7동619-22,1,,서울특별시 중랑구 면목7동 619-22,37.59945632,127.0964224,,,02-2094-2683,서울특별시 중랑구청,2026-02-26
면목7동619-4,1,,서울특별시 중랑구 면목7동 619-4,37.59962961,127.0968207,,,02-2094-2683,서울특별시 중랑구청,2026-02-26
면목7동620-7,1,,서울특별시 중랑구 면목7동 620-7,37.59960576,127.0966787,,,02-2094-2683,서울특별시 중랑구청,2026-02-26
면목7동616-22,1,,서울특별시 중랑구 면목7동 616-22,37.5997337,127.0973429,,,02-2094-2683,서울특별시 중랑구청,2026-02-26
면목7동616-28,1,,서울특별시 중랑구 면목7동 616-28,37.59987242,127.0979164,,,02-2094-2683,서울특별시 중랑구청,2026-02-26
면목7동615-10,1,,서울특별시 중랑구 면목7동 615-10,37.59981189,127.0981531,,,02-2094-2683,서울특별시 중랑구청,2026-02-26
면목7동615-6,1,,서울특별시 중랑구 면목7동 615-6,37.59990936,127.098251,,,02-2094-2683,서울특별시 중랑구청,2026-02-26
면목7동620-2,1,,서울특별시 중랑구 면목7동 620-2,37.59978788,127.0985997,,,02-2094-2683,서울특별시 중랑구청,2026-02-26
면목7동615-27,1,,서울특별시 중랑구 면목7동 615-27,37.60002364,127.0987453,,,02-2094-2683,서울특별시 중랑구청,2026-02-26
면목7동620-37,1,,서울특별시 중랑구 면목7동 620-37,37.60009487,127.0991018,,,02-2094-2683,서울특별시 중랑구청,2026-02-26
면목7동620-12,1,,서울특별시 중랑구 면목7동 620-12,37.60016814,127.099303,,,02-2094-2683,서울특별시 중랑구청,2026-02-26
면목7동620-16,1,,서울특별시 중랑구 면목7동 620-16,37.59998501,127.0993585,,,02-2094-2683,서울특별시 중랑구청,2026-02-26
면목7동620-30,1,,서울특별시 중랑구 면목7동 620-30,37.60024165,127.0998738,,,02-2094-2683,서울특별시 중랑구청,2026-02-26
면목7동620-42,1,,서울특별시 중랑구 면목7동 620-42,37.59461421,127.0935111,,,02-2094-2683,서울특별시 중랑구청,2026-02-26
면목7동582-7,1,,서울특별시 중랑구 면목7동 582-7,37.59480582,127.0936699,,,02-2094-2683,서울특별시 중랑구청,2026-02-26
면목7동580-22,1,,서울특별시 중랑구 면목7동 580-22,37.59500648,127.0934294,,,02-2094-2683,서울특별시 중랑구청,2026-02-26
면목7동580-28,1,,서울특별시 중랑구 면목7동 580-28,37.59521708,127.0936092,,,02-2094-2683,서울특별시 중랑구청,2026-02-26
면목7동580-31,1,,서울특별시 중랑구 면목7동 580-31,37.59500983,127.0936287,,,02-2094-2683,서울특별시 중랑구청,2026-02-26
면목7동580-15,1,,서울특별시 중랑구 면목7동 580-15,37.59526788,127.0937345,,,02-2094-2683,서울특별시 중랑구청,2026-02-26
면목7동577-3,1,,서울특별시 중랑구 면목7동 577-3,37.59513447,127.0939251,,,02-2094-2683,서울특별시 중랑구청,2026-02-26
면목7동1097-8,1,,서울특별시 중랑구 면목7동 1097-8,37.59481892,127.0939618,,,02-2094-2683,서울특별시 중랑구청,2026-02-26
면목7동580-29,1,,서울특별시 중랑구 면목7동 580-29,37.5945068,127.0939802,,,02-2094-2683,서울특별시 중랑구청,2026-02-26
면목7동615-17,1,,서울특별시 중랑구 면목7동 615-17,37.59471926,127.0939692,,,02-2094-2683,서울특별시 중랑구청,2026-02-26
면목7동579-1,1,,서울특별시 중랑구 면목7동 579-1,37.59494696,127.0940613,,,02-2094-2683,서울특별시 중랑구청,2026-02-26
면목7동582-33,1,,서울특별시 중랑구 면목7동 582-33,37.59540406,127.0940287,,,02-2094-2683,서울특별시 중랑구청,2026-02-26
면목7동582-36,1,,서울특별시 중랑구 면목7동 582-36,37.59528823,127.093410,,,02-2094-2683,서울특별시 중랑구청,2026-02-26
면목7동583-55,1,,서울특별시 중랑구 면목7동 583-55,37.59456995,127.0941037,,,02-2094-2683,서울특별시 중랑구청,2026-02-26
면목7동622-22,1,,서울특별시 중랑구 면목7동 622-22,37.59499093,127.0954098,,,02-2094-2683,서울특별시 중랑구청,2026-02-26
면목7동622-28,1,,서울특별시 중랑구 면목7동 622-28,37.59620733,127.0947742,,,02-2094-2683,서울특별시 중랑구청,2026-02-26
면목7동622-20,1,,서울특별시 중랑구 면목7동 622-20,37.59657916,127.0995933,,,02-2094-2683,서울특별시 중랑구청,2026-02-26
면목7동622-16,1,,서울특별시 중랑구 면목7동 622-16,37.59839802,127.0978312,,,02-2094-2683,서울특별시 중랑구청,2026-02-26
면목7동622-10,1,,서울특별시 중랑구 면목7동 622-10,37.59824115,127.0977318,,,02-2094-2683,서울특별시 중랑구청,2026-02-26
면목7동622-14,1,,서울특별시 중랑구 면목7동 622-14,37.59505883,127.095556,,,02-2094-2683,서울특별시 중랑구청,2026-02-26
면목7동622-17,1,,서울특별시 중랑구 면목7동 622-17,37.59915902,127.0997427,,,02-2094-2683,서울특별시 중랑구청,2026-02-26
면목7동622-1,1,,서울특별시 중랑구 면목7동 622-1,37.59802469,127.0994018,,,02-2094-2683,서울특별시 중랑구청,2026-02-26
면목7동582-26,1,,서울특별시 중랑구 면목7동 582-26,37.59648806,127.0971156,,,02-2094-2683,서울특별시 중랑구청,2026-02-26
면목7동582-43,1,,서울특별시 중랑구 면목7동 582-43,37.59778246,127.097399,,,02-2094-2683,서울특별시 중랑구청,2026-02-26
면목7동582-41,1,,서울특별시 중랑구 면목7동 582-41,,,,,02-2094-2683,서울특별시 중랑구청,2026-02-26
면목7동623-2,1,,서울특별시 중랑구 면목7동 623-2,37.59550571,127.0966771,,,02-2094-2683,서울특별시 중랑구청,2026-02-26
면목7동623-9,1,,서울특별시 중랑구 면목7동 623-9,37.59543721,127.0949302,,,02-2094-2683,서울특별시 중랑구청,2026-02-26
면목7동623-16,1,,서울특별시 중랑구 면목7동 623-16,37.59563249,127.0978766,,,02-2094-2683,서울특별시 중랑구청,2026-02-26
면목7동623-31,1,,서울특별시 중랑구 면목7동 623-31,37.59560368,127.0949808,,,02-2094-2683,서울특별시 중랑구청,2026-02-26
면목7동623-27,1,,서울특별시 중랑구 면목7동 623-27,,,,,02-2094-2683,서울특별시 중랑구청,2026-02-26
면목7동623-6,1,,서울특별시 중랑구 면목7동 623-6,37.59779035,127.0962395,,,02-2094-2683,서울특별시 중랑구청,2026-02-26
면목7동623-21,1,,서울특별시 중랑구 면목7동 623-21,37.59559391,127.0965785,,,02-2094-2683,서울특별시 중랑구청,2026-02-26
면목7동623-42,1,,서울특별시 중랑구 면목7동 623-42,37.59806662,127.0981779,,,02-2094-2683,서울특별시 중랑구청,2026-02-26
면목7동623-46,1,,서울특별시 중랑구 면목7동 623-46,37.60439473,127.1076807,,,02-2094-2683,서울특별시 중랑구청,2026-02-26
면목7동623-1,1,,서울특별시 중랑구 면목7동 623-1,37.60417555,127.1092958,,,02-2094-2683,서울특별시 중랑구청,2026-02-26
면목7동624-44,1,,서울특별시 중랑구 면목7동 624-44,37.6042451,127.1086265,,,02-2094-2683,서울특별시 중랑구청,2026-02-26
면목7동620-61,1,,서울특별시 중랑구 면목7동 620-61,37.60686128,127.1106972,,,02-2094-2683,서울특별시 중랑구청,2026-02-26
면목7동624-54,1,,서울특별시 중랑구 면목7동 624-54,37.59635302,127.0968845,,,02-2094-2683,서울특별시 중랑구청,2026-02-26
면목7동624-5,1,,서울특별시 중랑구 면목7동 624-5,37.59597357,127.097810,,,02-2094-2683,서울특별시 중랑구청,2026-02-26
면목7동624-15,1,,서울특별시 중랑구 면목7동 624-15,37.59628404,127.0973814,,,02-2094-2683,서울특별시 중랑구청,2026-02-26
면목7동624-22,1,,서울특별시 중랑구 면목7동 624-22,37.5970305,127.0955201,,,02-2094-2683,서울특별시 중랑구청,2026-02-26
면목7동624-24,1,,서울특별시 중랑구 면목7동 624-24,37.59689505,127.0955638,,,02-2094-2683,서울특별시 중랑구청,2026-02-26
면목7동624-20,1,,서울특별시 중랑구 면목7동 624-20,37.59596472,127.0970599,,,02-2094-2683,서울특별시 중랑구청,2026-02-26
면목7동624-19,1,,서울특별시 중랑구 면목7동 624-19,37.59660461,127.0949572,,,02-2094-2683,서울특별시 중랑구청,2026-02-26
면목7동624-2,1,,서울특별시 중랑구 면목7동 624-2,37.59625265,127.0951093,,,02-2094-2683,서울특별시 중랑구청,2026-02-26
면목7동624-10,1,,서울특별시 중랑구 면목7동 624-10,37.59604496,127.0956763,,,02-2094-2683,서울특별시 중랑구청,2026-02-26
면목7동626-16,1,,서울특별시 중랑구 면목7동 626-16,,,,,02-2094-2683,서울특별시 중랑구청,2026-02-26
면목7동627-12,1,,서울특별시 중랑구 면목7동 627-12,37.59559391,127.0965785,,,02-2094-2683,서울특별시 중랑구청,2026-02-26
면목7동627-14,1,,서울특별시 중랑구 면목7동 627-14,37.5982617,127.0971818,,,02-2094-2683,서울특별시 중랑구청,2026-02-26
면목7동627-17,1,,서울특별시 중랑구 면목7동 627-17,37.59627148,127.0977587,,,02-2094-2683,서울특별시 중랑구청,2026-02-26
면목7동627-3,1,,서울특별시 중랑구 면목7동 627-3,37.59638714,127.0961436,,,02-2094-2683,서울특별시 중랑구청,2026-02-26
면목7동627-7,1,,서울특별시 중랑구 면목7동 627-7,37.59646765,127.0936085,,,02-2094-2683,서울특별시 중랑구청,2026-02-26
면목7동628-9,1,,서울특별시 중랑구 면목7동 628-9,37.59806748,127.0941403,,,02-2094-2683,서울특별시 중랑구청,2026-02-26
면목7동628-33,1,,서울특별시 중랑구 면목7동 628-33,37.59675472,127.0963906,,,02-2094-2683,서울특별시 중랑구청,2026-02-26
면목7동628-36,1,,서울특별시 중랑구 면목7동 628-36,37.59680682,127.0965856,,,02-2094-2683,서울특별시 중랑구청,2026-02-26
면목7동628-11,1,,서울특별시 중랑구 면목7동 628-11,37.59707607,127.099370,,,02-2094-2683,서울특별시 중랑구청,2026-02-26
면목7동628-45,1,,서울특별시 중랑구 면목7동 628-45,37.59594844,127.0939144,,,02-2094-2683,서울특별시 중랑구청,2026-02-26
면목7동628-4,1,,서울특별시 중랑구 면목7동 628-4,37.5988358,127.0975199,,,02-2094-2683,서울특별시 중랑구청,2026-02-26
면목7동628-18,1,,서울특별시 중랑구 면목7동 628-18,37.59717081,127.0986721,,,02-2094-2683,서울특별시 중랑구청,2026-02-26
면목7동583-93,1,,서울특별시 중랑구 면목7동 583-93,37.59729606,127.0993007,,,02-2094-2683,서울특별시 중랑구청,2026-02-26
면목7동364-8,1,,서울특별시 중랑구 면목7동 364-8,37.5985982,127.0972051,,,02-2094-2683,서울특별시 중랑구청,2026-02-26
면목7동628-12,1,,서울특별시 중랑구 면목7동 628-12,37.59567745,127.0961108,,,02-2094-2683,서울특별시 중랑구청,2026-02-26
면목7동364-7,1,,서울특별시 중랑구 면목7동 364-7,37.59695656,127.0973567,,,02-2094-2683,서울특별시 중랑구청,2026-02-26
면목7동364-3,1,,서울특별시 중랑구 면목7동 364-3,37.59799635,127.0984975,,,02-2094-2683,서울특별시 중랑구청,2026-02-26
면목7동364-21,1,,서울특별시 중랑구 면목7동 364-21,37.59744666,127.096082,,,02-2094-2683,서울특별시 중랑구청,2026-02-26
면목7동364-19,1,,서울특별시 중랑구 면목7동 364-19,37.59583708,127.0951434,,,02-2094-2683,서울특별시 중랑구청,2026-02-26
면목7동364-28,1,,서울특별시 중랑구 면목7동 364-28,37.59735252,127.0955182,,,02-2094-2683,서울특별시 중랑구청,2026-02-26
면목7동364-43,1,,서울특별시 중랑구 면목7동 364-43,37.59604748,127.0962316,,,02-2094-2683,서울특별시 중랑구청,2026-02-26
면목7동354-11,1,,서울특별시 중랑구 면목7동 354-11,,,,,02-2094-2683,서울특별시 중랑구청,2026-02-26
면목7동354,1,,서울특별시 중랑구 면목7동 354,37.59629465,127.0965312,,,02-2094-2683,서울특별시 중랑구청,2026-02-26
면목7동354-7,1,,서울특별시 중랑구 면목7동 354-7,37.59787928,127.0959037,,,02-2094-2683,서울특별시 중랑구청,2026-02-26
면목7동364-52,1,,서울특별시 중랑구 면목7동 364-52,37.59816099,127.0993232,,,02-2094-2683,서울특별시 중랑구청,2026-02-26
면목7동353-54,1,,서울특별시 중랑구 면목7동 353-54,37.59748927,127.0988275,,,02-2094-2683,서울특별시 중랑구청,2026-02-26
면목7동353-3,1,,서울특별시 중랑구 면목7동 353-3,37.5966672,127.0995785,,,02-2094-2683,서울특별시 중랑구청,2026-02-26
면목7동357,1,,서울특별시 중랑구 면목7동 357,37.59760672,127.0989777,,,02-2094-2683,서울특별시 중랑구청,2026-02-26
면목7동353-12,1,,서울특별시 중랑구 면목7동 353-12,,,,,02-2094-2683,서울특별시 중랑구청,2026-02-26
면목7동353-13,1,,서울특별시 중랑구 면목7동 353-13,37.60202075,127.0952716,,,02-2094-2683,서울특별시 중랑구청,2026-02-26
면목7동353-21,1,,서울특별시 중랑구 면목7동 353-21,37.60155836,127.0998526,,,02-2094-2683,서울특별시 중랑구청,2026-02-26
면목7동353-22,1,,서울특별시 중랑구 면목7동 353-22,37.6017045,127.0999911,,,02-2094-2683,서울특별시 중랑구청,2026-02-26
면목7동353-65,1,,서울특별시 중랑구 면목7동 353-65,,,,,02-2094-2683,서울특별시 중랑구청,2026-02-26
면목7동353-7,1,,서울특별시 중랑구 면목7동 353-7,37.60109626,127.0999347,,,02-2094-2683,서울특별시 중랑구청,2026-02-26
면목7동353-52,1,,서울특별시 중랑구 면목7동 353-52,37.60097016,127.100102,,,02-2094-2683,서울특별시 중랑구청,2026-02-26
면목7동353-55,1,,서울특별시 중랑구 면목7동 353-55,37.6006153,127.0999438,,,02-2094-2683,서울특별시 중랑구청,2026-02-26
면목7동665-2,1,,서울특별시 중랑구 면목7동 665-2,37.60045224,127.0994937,,,02-2094-2683,서울특별시 중랑구청,2026-02-26
면목7동665-22,1,,서울특별시 중랑구 면목7동 665-22,37.60040061,127.099177,,,02-2094-2683,서울특별시 중랑구청,2026-02-26
면목7동665-12,1,,서울특별시 중랑구 면목7동 665-12,37.61724112,127.1010516,,,02-2094-2683,서울특별시 중랑구청,2026-02-26
면목7동665-1,1,,서울특별시 중랑구 면목7동 665-1,,,,,02-2094-2683,서울특별시 중랑구청,2026-02-26
면목7동665-4,1,,서울특별시 중랑구 면목7동 665-4,37.60047414,127.0986283,,,02-2094-2683,서울특별시 중랑구청,2026-02-26
면목7동665-8,1,,서울특별시 중랑구 면목7동 665-8,37.60055961,127.0989956,,,02-2094-2683,서울특별시 중랑구청,2026-02-26
면목7동665-16,1,,서울특별시 중랑구 면목7동 665-16,37.60060934,127.0992165,,,02-2094-2683,서울특별시 중랑구청,2026-02-26
면목7동665-27,1,,서울특별시 중랑구 면목7동 665-27,37.60073671,127.0995721,,,02-2094-2683,서울특별시 중랑구청,2026-02-26
면목7동666-3,1,,서울특별시 중랑구 면목7동 666-3,37.60089681,127.0994797,,,02-2094-2683,서울특별시 중랑구청,2026-02-26
면목7동666-44,1,,서울특별시 중랑구 면목7동 666-44,37.60127693,127.0995888,,,02-2094-2683,서울특별시 중랑구청,2026-02-26
면목7동666-43,1,,서울특별시 중랑구 면목7동 666-43,37.60097424,127.0971567,,,02-2094-2683,서울특별시 중랑구청,2026-02-26
면목7동666-42,1,,서울특별시 중랑구 면목7동 666-42,37.60122454,127.0993147,,,02-2094-2683,서울특별시 중랑구청,2026-02-26
면목7동666-35,1,,서울특별시 중랑구 면목7동 666-35,37.60112019,127.0989068,,,02-2094-2683,서울특별시 중랑구청,2026-02-26
면목7동666-32,1,,서울특별시 중랑구 면목7동 666-32,37.60140737,127.0989753,,,02-2094-2683,서울특별시 중랑구청,2026-02-26
면목7동666-31,1,,서울특별시 중랑구 면목7동 666-31,37.60104858,127.0986738,,,02-2094-2683,서울특별시 중랑구청,2026-02-26
면목7동352-1,1,,서울특별시 중랑구 면목7동 352-1,37.60116443,127.0984817,,,02-2094-2683,서울특별시 중랑구청,2026-02-26
면목7동352-20,1,,서울특별시 중랑구 면목7동 352-20,37.60113317,127.0983686,,,02-2094-2683,서울특별시 중랑구청,2026-02-26
면목7동352-17,1,,서울특별시 중랑구 면목7동 352-17,37.60091383,127.0986288,,,02-2094-2683,서울특별시 중랑구청,2026-02-26
면목7동352-8,1,,서울특별시 중랑구 면목7동 352-8,37.60143442,127.0983015,,,02-2094-2683,서울특별시 중랑구청,2026-02-26
면목7동352-6,1,,서울특별시 중랑구 면목7동 352-6,,,,,02-2094-2683,서울특별시 중랑구청,2026-02-26
면목7동352-12,1,,서울특별시 중랑구 면목7동 352-12,,,,,02-2094-2683,서울특별시 중랑구청,2026-02-26
면목7동668-57,1,,서울특별시 중랑구 면목7동 668-57,,,,,02-2094-2683,서울특별시 중랑구청,2026-02-26
면목7동668-34,1,,서울특별시 중랑구 면목7동 668-34,37.60159724,127.099362,,,02-2094-2683,서울특별시 중랑구청,2026-02-26
면목7동668-27,1,,서울특별시 중랑구 면목7동 668-27,37.60183064,127.099313,,,02-2094-2683,서울특별시 중랑구청,2026-02-26
면목7동668-38,1,,서울특별시 중랑구 면목7동 668-38,,,,,02-2094-2683,서울특별시 중랑구청,2026-02-26
면목7동668-12,1,,서울특별시 중랑구 면목7동 668-12,,,,,02-2094-2683,서울특별시 중랑구청,2026-02-26
면목7동668-42,1,,서울특별시 중랑구 면목7동 668-42,,,,,02-2094-2683,서울특별시 중랑구청,2026-02-26
면목7동668-65,1,,서울특별시 중랑구 면목7동 668-65,37.60121681,127.0983272,,,02-2094-2683,서울특별시 중랑구청,2026-02-26
면목7동668-40,1,,서울특별시 중랑구 면목7동 668-40,37.60079513,127.0982356,,,02-2094-2683,서울특별시 중랑구청,2026-02-26
면목7동668-8,1,,서울특별시 중랑구 면목7동 668-8,37.60092939,127.0982283,,,02-2094-2683,서울특별시 중랑구청,2026-02-26
면목7동668-1,1,,서울특별시 중랑구 면목7동 668-1,,,,,02-2094-2683,서울특별시 중랑구청,2026-02-26
면목7동668-63,1,,서울특별시 중랑구 면목7동 668-63,37.60112203,127.0979995,,,02-2094-2683,서울특별시 중랑구청,2026-02-26
면목7동668-9,1,,서울특별시 중랑구 면목7동 668-9,37.60118698,127.0976873,,,02-2094-2683,서울특별시 중랑구청,2026-02-26
면목7동668-4,1,,서울특별시 중랑구 면목7동 668-4,37.60108876,127.0975986,,,02-2094-2683,서울특별시 중랑구청,2026-02-26
면목7동668-5,1,,서울특별시 중랑구 면목7동 668-5,37.60103229,127.0974531,,,02-2094-2683,서울특별시 중랑구청,2026-02-26
면목7동341-4,1,,서울특별시 중랑구 면목7동 341-4,37.60091891,127.0974956,,,02-2094-2683,서울특별시 중랑구청,2026-02-26
면목7동341-11,1,,서울특별시 중랑구 면목7동 341-11,37.6009987,127.0973298,,,02-2094-2683,서울특별시 중랑구청,2026-02-26
면목7동341-34,1,,서울특별시 중랑구 면목7동 341-34,37.6009987,127.0973298,,,02-2094-2683,서울특별시 중랑구청,2026-02-26
면목7동341-36,1,,서울특별시 중랑구 면목7동 341-36,37.60097424,127.0971567,,,02-2094-2683,서울특별시 중랑구청,2026-02-26
면목7동341-28,1,,서울특별시 중랑구 면목7동 341-28,37.6007366,127.0975485,,,02-2094-2683,서울특별시 중랑구청,2026-02-26
면목7동341-17,1,,서울특별시 중랑구 면목7동 341-17,37.60037796,127.0974919,,,02-2094-2683,서울특별시 중랑구청,2026-02-26
면목7동341-18,1,,서울특별시 중랑구 면목7동 341-18,37.60054339,127.0975912,,,02-2094-2683,서울특별시 중랑구청,2026-02-26
면목7동341-16,1,,서울특별시 중랑구 면목7동 341-16,37.60009855,127.0973996,,,02-2094-2683,서울특별시 중랑구청,2026-02-26
면목7동341-44,1,,서울특별시 중랑구 면목7동 341-44,37.60024538,127.0978729,,,02-2094-2683,서울특별시 중랑구청,2026-02-26
면목7동341-46,1,,서울특별시 중랑구 면목7동 341-46,37.60031691,127.0979878,,,02-2094-2683,서울특별시 중랑구청,2026-02-26
면목7동340-61,1,,서울특별시 중랑구 면목7동 340-61,37.6002048,127.0982402,,,02-2094-2683,서울특별시 중랑구청,2026-02-26
면목7동340-51,1,,서울특별시 중랑구 면목7동 340-51,37.60007537,127.0977585,,,02-2094-2683,서울특별시 중랑구청,2026-02-26
면목7동340-57,1,,서울특별시 중랑구 면목7동 340-57,37.6000084,127.0974656,,,02-2094-2683,서울특별시 중랑구청,2026-02-26
면목7동340-15,1,,서울특별시 중랑구 면목7동 340-15,37.60451914,127.0972138,,,02-2094-2683,서울특별시 중랑구청,2026-02-26
면목7동340-7,1,,서울특별시 중랑구 면목7동 340-7,37.60052655,127.0979126,,,02-2094-2683,서울특별시 중랑구청,2026-02-26
면목7동340-8,1,,서울특별시 중랑구 면목7동 340-8,37.60069671,127.0978505,,,02-2094-2683,서울특별시 중랑구청,2026-02-26
면목7동340-9,1,,서울특별시 중랑구 면목7동 340-9,37.60093619,127.0979523,,,02-2094-2683,서울특별시 중랑구청,2026-02-26
면목7동340-19,1,,서울특별시 중랑구 면목7동 340-19,37.59983638,127.0967186,,,02-2094-2683,서울특별시 중랑구청,2026-02-26
면목7동340-54,1,,서울특별시 중랑구 면목7동 340-54,37.59976419,127.096416,,,02-2094-2683,서울특별시 중랑구청,2026-02-26
면목7동340-62,1,,서울특별시 중랑구 면목7동 340-62,37.59962842,127.0956253,,,02-2094-2683,서울특별시 중랑구청,2026-02-26
면목7동340-43,1,,서울특별시 중랑구 면목7동 340-43,37.60009841,127.0959167,,,02-2094-2683,서울특별시 중랑구청,2026-02-26
면목7동340-33,1,,서울특별시 중랑구 면목7동 340-33,37.59990657,127.0960614,,,02-2094-2683,서울특별시 중랑구청,2026-02-26
면목7동345-7,1,,서울특별시 중랑구 면목7동 345-7,37.60004706,127.0960203,,,02-2094-2683,서울특별시 중랑구청,2026-02-26
면목7동345-12,1,,서울특별시 중랑구 면목7동 345-12,37.59998523,127.0964913,,,02-2094-2683,서울특별시 중랑구청,2026-02-26
면목7동345-5,1,,서울특별시 중랑구 면목7동 345-5,37.600010,127.096612,,,02-2094-2683,서울특별시 중랑구청,2026-02-26
면목7동345-41,1,,서울특별시 중랑구 면목7동 345-41,,,,,02-2094-2683,서울특별시 중랑구청,2026-02-26
면목7동345-38,1,,서울특별시 중랑구 면목7동 345-38,37.60148433,127.0967851,,,02-2094-2683,서울특별시 중랑구청,2026-02-26
면목7동340-32,1,,서울특별시 중랑구 면목7동 340-32,37.60355044,127.0989033,,,02-2094-2683,서울특별시 중랑구청,2026-02-26
면목7동340-25,1,,서울특별시 중랑구 면목7동 340-25,37.60260247,127.0972031,,,02-2094-2683,서울특별시 중랑구청,2026-02-26
면목7동340-2,1,,서울특별시 중랑구 면목7동 340-2,37.60184227,127.0980918,,,02-2094-2683,서울특별시 중랑구청,2026-02-26
면목7동340-69,1,,서울특별시 중랑구 면목7동 340-69,37.6021541,127.0984443,,,02-2094-2683,서울특별시 중랑구청,2026-02-26
면목7동340-75,1,,서울특별시 중랑구 면목7동 340-75,37.60227639,127.0989613,,,02-2094-2683,서울특별시 중랑구청,2026-02-26
면목7동340-1,1,,서울특별시 중랑구 면목7동 340-1,37.60234527,127.0993474,,,02-2094-2683,서울특별시 중랑구청,2026-02-26
면목7동340-65,1,,서울특별시 중랑구 면목7동 340-65,37.60233551,127.0994413,,,02-2094-2683,서울특별시 중랑구청,2026-02-26
면목7동340-3,1,,서울특별시 중랑구 면목7동 340-3,,,,,02-2094-2683,서울특별시 중랑구청,2026-02-26
면목7동339-15,1,,서울특별시 중랑구 면목7동 339-15,,,,,02-2094-2683,서울특별시 중랑구청,2026-02-26
면목7동339-25,1,,서울특별시 중랑구 면목7동 339-25,,,,,02-2094-2683,서울특별시 중랑구청,2026-02-26
면목7동339-22,1,,서울특별시 중랑구 면목7동 339-22,,,,,02-2094-2683,서울특별시 중랑구청,2026-02-26
면목7동339-4,1,,서울특별시 중랑구 면목7동 339-4,,,,,02-2094-2683,서울특별시 중랑구청,2026-02-26
면목7동339-1,1,,서울특별시 중랑구 면목7동 339-1,,,,,02-2094-2683,서울특별시 중랑구청,2026-02-26
면목7동339-44,1,,서울특별시 중랑구 면목7동 339-44,37.6036332,127.0997007,,,02-2094-2683,서울특별시 중랑구청,2026-02-26
면목7동339-37,1,,서울특별시 중랑구 면목7동 339-37,,,,,02-2094-2683,서울특별시 중랑구청,2026-02-26
면목7동339-39,1,,서울특별시 중랑구 면목7동 339-39,37.60508262,127.099486,,,02-2094-2683,서울특별시 중랑구청,2026-02-26
면목7동339-41,1,,서울특별시 중랑구 면목7동 339-41,37.60495342,127.0989492,,,02-2094-2683,서울특별시 중랑구청,2026-02-26
면목7동339-35,1,,서울특별시 중랑구 면목7동 339-35,37.60490643,127.0983585,,,02-2094-2683,서울특별시 중랑구청,2026-02-26
면목7동1501,1,,서울특별시 중랑구 면목7동 1501,37.60462856,127.0992269,,,02-2094-2683,서울특별시 중랑구청,2026-02-26
면목4동727-388,1,,서울특별시 중랑구 면목4동 727-388,37.60454812,127.0988795,,,02-2094-2683,서울특별시 중랑구청,2026-02-26
면목7동527-121,1,,서울특별시 중랑구 면목7동 527-121,37.60418937,127.0990702,,,02-2094-2683,서울특별시 중랑구청,2026-02-26
면목7동1522-1,1,,서울특별시 중랑구 면목7동 1522-1,37.60085263,127.0980909,,,02-2094-2683,서울특별시 중랑구청,2026-02-26
면목7동673-60,1,,서울특별시 중랑구 면목7동 673-60,37.60364459,127.0992279,,,02-2094-2683,서울특별시 중랑구청,2026-02-26
면목7동673-58,1,,서울특별시 중랑구 면목7동 673-58,37.60432463,127.0985029,,,02-2094-2683,서울특별시 중랑구청,2026-02-26
면목7동673-42,1,,서울특별시 중랑구 면목7동 673-42,37.60434682,127.0982616,,,02-2094-2683,서울특별시 중랑구청,2026-02-26
면목7동673-2,1,,서울특별시 중랑구 면목7동 673-2,37.60665425,127.0974961,,,02-2094-2683,서울특별시 중랑구청,2026-02-26
면목7동673-1,1,,서울특별시 중랑구 면목7동 673-1,37.60442386,127.0978139,,,02-2094-2683,서울특별시 중랑구청,2026-02-26
면목7동673-88,1,,서울특별시 중랑구 면목7동 673-88,37.60739773,127.0992456,,,02-2094-2683,서울특별시 중랑구청,2026-02-26
면목7동673-79,1,,서울특별시 중랑구 면목7동 673-79,37.60468558,127.0979464,,,02-2094-2683,서울특별시 중랑구청,2026-02-26
면목7동673-92,1,,서울특별시 중랑구 면목7동 673-92,37.60468558,127.0979464,,,02-2094-2683,서울특별시 중랑구청,2026-02-26
면목7동673-95,1,,서울특별시 중랑구 면목7동 673-95,37.60444486,127.0983445,,,02-2094-2683,서울특별시 중랑구청,2026-02-26
면목7동673-14,1,,서울특별시 중랑구 면목7동 673-14,37.60514981,127.0983321,,,02-2094-2683,서울특별시 중랑구청,2026-02-26
면목7동673-6,1,,서울특별시 중랑구 면목7동 673-6,37.60507381,127.0979519,,,02-2094-2683,서울특별시 중랑구청,2026-02-26
면목7동673-54,1,,서울특별시 중랑구 면목7동 673-54,37.60488714,127.0980435,,,02-2094-2683,서울특별시 중랑구청,2026-02-26
면목7동667-38,1,,서울특별시 중랑구 면목7동 667-38,37.6050977,127.0989051,,,02-2094-2683,서울특별시 중랑구청,2026-02-26
면목7동667-66,1,,서울특별시 중랑구 면목7동 667-66,37.60540987,127.0990413,,,02-2094-2683,서울특별시 중랑구청,2026-02-26
면목7동667-43,1,,서울특별시 중랑구 면목7동 667-43,37.60569639,127.0990369,,,02-2094-2683,서울특별시 중랑구청,2026-02-26
면목7동667-44,1,,서울특별시 중랑구 면목7동 667-44,,,,,02-2094-2683,서울특별시 중랑구청,2026-02-26
면목7동667-71,1,,서울특별시 중랑구 면목7동 667-71,37.6048138,127.0990177,,,02-2094-2683,서울특별시 중랑구청,2026-02-26
면목7동667-42,1,,서울특별시 중랑구 면목7동 667-42,37.60586899,127.0995038,,,02-2094-2683,서울특별시 중랑구청,2026-02-26
면목7동667-4,1,,서울특별시 중랑구 면목7동 667-4,37.60586899,127.0995038,,,02-2094-2683,서울특별시 중랑구청,2026-02-26
면목7동667-15,1,,서울특별시 중랑구 면목7동 667-15,37.60641871,127.0994665,,,02-2094-2683,서울특별시 중랑구청,2026-02-26
면목7동667-26,1,,서울특별시 중랑구 면목7동 667-26,37.60656146,127.0995319,,,02-2094-2683,서울특별시 중랑구청,2026-02-26
면목7동667-11,1,,서울특별시 중랑구 면목7동 667-11,37.60650324,127.0999705,,,02-2094-2683,서울특별시 중랑구청,2026-02-26
면목7동667-28,1,,서울특별시 중랑구 면목7동 667-28,37.60714073,127.0994007,,,02-2094-2683,서울특별시 중랑구청,2026-02-26
면목7동667-30,1,,서울특별시 중랑구 면목7동 667-30,37.60729812,127.0998499,,,02-2094-2683,서울특별시 중랑구청,2026-02-26
면목7동667-58,1,,서울특별시 중랑구 면목7동 667-58,37.60351756,127.095947,,,02-2094-2683,서울특별시 중랑구청,2026-02-26
면목7동667-53,1,,서울특별시 중랑구 면목7동 667-53,37.60330675,127.0964662,,,02-2094-2683,서울특별시 중랑구청,2026-02-26
면목7동667-56,1,,서울특별시 중랑구 면목7동 667-56,,,,,02-2094-2683,서울특별시 중랑구청,2026-02-26
면목7동667-1,1,,서울특별시 중랑구 면목7동 667-1,37.6049116,127.0963475,,,02-2094-2683,서울특별시 중랑구청,2026-02-26
면목7동1522,1,,서울특별시 중랑구 면목7동 1522,37.6051268,127.0960713,,,02-2094-2683,서울특별시 중랑구청,2026-02-26
면목7동655-39,1,,서울특별시 중랑구 면목7동 655-39,37.60485454,127.096163,,,02-2094-2683,서울특별시 중랑구청,2026-02-26
면목7동657-56,1,,서울특별시 중랑구 면목7동 657-56,37.60529753,127.095972,,,02-2094-2683,서울특별시 중랑구청,2026-02-26
면목7동657-50,1,,서울특별시 중랑구 면목7동 657-50,37.605223,127.0968816,,,02-2094-2683,서울특별시 중랑구청,2026-02-26
면목7동657-52,1,,서울특별시 중랑구 면목7동 657-52,,,,,02-2094-2683,서울특별시 중랑구청,2026-02-26
면목7동657-37,1,,서울특별시 중랑구 면목7동 657-37,37.60549866,127.0970374,,,02-2094-2683,서울특별시 중랑구청,2026-02-26
면목7동657-20,1,,서울특별시 중랑구 면목7동 657-20,37.60516798,127.0970669,,,02-2094-2683,서울특별시 중랑구청,2026-02-26
면목7동657-34,1,,서울특별시 중랑구 면목7동 657-34,37.60493916,127.0972381,,,02-2094-2683,서울특별시 중랑구청,2026-02-26
면목7동657-29,1,,서울특별시 중랑구 면목7동 657-29,37.6049301,127.0969781,,,02-2094-2683,서울특별시 중랑구청,2026-02-26
면목7동657-2,1,,서울특별시 중랑구 면목7동 657-2,,,,,02-2094-2683,서울특별시 중랑구청,2026-02-26
면목7동657-70,1,,서울특별시 중랑구 면목7동 657-70,,,,,02-2094-2683,서울특별시 중랑구청,2026-02-26
면목7동652-32,1,,서울특별시 중랑구 면목7동 652-32,37.60570881,127.0958907,,,02-2094-2683,서울특별시 중랑구청,2026-02-26
면목7동652-31,1,,서울특별시 중랑구 면목7동 652-31,37.60583317,127.0960799,,,02-2094-2683,서울특별시 중랑구청,2026-02-26
면목7동652-5,1,,서울특별시 중랑구 면목7동 652-5,37.60612377,127.097148,,,02-2094-2683,서울특별시 중랑구청,2026-02-26
면목7동652-16,1,,서울특별시 중랑구 면목7동 652-16,37.60548493,127.0965283,,,02-2094-2683,서울특별시 중랑구청,2026-02-26
면목7동652-13,1,,서울특별시 중랑구 면목7동 652-13,37.60658955,127.0977354,,,02-2094-2683,서울특별시 중랑구청,2026-02-26
면목7동527-44,1,,서울특별시 중랑구 면목7동 527-44,37.60681861,127.0978008,,,02-2094-2683,서울특별시 중랑구청,2026-02-26
면목7동652-19,1,,서울특별시 중랑구 면목7동 652-19,37.60665425,127.0974961,,,02-2094-2683,서울특별시 중랑구청,2026-02-26
면목7동652-11,1,,서울특별시 중랑구 면목7동 652-11,37.60682167,127.0973738,,,02-2094-2683,서울특별시 중랑구청,2026-02-26
면목7동652-6,1,,서울특별시 중랑구 면목7동 652-6,37.60692122,127.0973859,,,02-2094-2683,서울특별시 중랑구청,2026-02-26
면목7동652-37,1,,서울특별시 중랑구 면목7동 652-37,37.60708069,127.097501,,,02-2094-2683,서울특별시 중랑구청,2026-02-26
면목7동652-20,1,,서울특별시 중랑구 면목7동 652-20,37.60695985,127.0977417,,,02-2094-2683,서울특별시 중랑구청,2026-02-26
면목7동652-1,1,,서울특별시 중랑구 면목7동 652-1,37.60711035,127.0984573,,,02-2094-2683,서울특별시 중랑구청,2026-02-26
면목7동652-41,1,,서울특별시 중랑구 면목7동 652-41,37.60711035,127.0984573,,,02-2094-2683,서울특별시 중랑구청,2026-02-26
면목7동647-5,1,,서울특별시 중랑구 면목7동 647-5,37.60752132,127.0990683,,,02-2094-2683,서울특별시 중랑구청,2026-02-26
면목7동647-34,1,,서울특별시 중랑구 면목7동 647-34,37.60736376,127.0989371,,,02-2094-2683,서울특별시 중랑구청,2026-02-26
면목7동647-30,1,,서울특별시 중랑구 면목7동 647-30,37.6073138,127.0989911,,,02-2094-2683,서울특별시 중랑구청,2026-02-26
면목7동647-29,1,,서울특별시 중랑구 면목7동 647-29,37.60738624,127.0990983,,,02-2094-2683,서울특별시 중랑구청,2026-02-26
면목7동668-50,1,,서울특별시 중랑구 면목7동 668-50,37.60752132,127.0990683,,,02-2094-2683,서울특별시 중랑구청,2026-02-26
면목7동647-16,1,,서울특별시 중랑구 면목7동 647-16,,,,,02-2094-2683,서울특별시 중랑구청,2026-02-26
면목7동647-15,1,,서울특별시 중랑구 면목7동 647-15,37.60770973,127.0984066,,,02-2094-2683,서울특별시 중랑구청,2026-02-26
면목7동647-21,1,,서울특별시 중랑구 면목7동 647-21,37.60786117,127.0985299,,,02-2094-2683,서울특별시 중랑구청,2026-02-26
면목7동648-5,1,,서울특별시 중랑구 면목7동 648-5,37.60755272,127.0981519,,,02-2094-2683,서울특별시 중랑구청,2026-02-26
면목7동648-7,1,,서울특별시 중랑구 면목7동 648-7,37.60743139,127.0977799,,,02-2094-2683,서울특별시 중랑구청,2026-02-26
면목7동648-12,1,,서울특별시 중랑구 면목7동 648-12,37.6075326,127.0976373,,,02-2094-2683,서울특별시 중랑구청,2026-02-26
면목7동648-14,1,,서울특별시 중랑구 면목7동 648-14,37.60734572,127.0978757,,,02-2094-2683,서울특별시 중랑구청,2026-02-26
면목7동648-25,1,,서울특별시 중랑구 면목7동 648-25,,,,,02-2094-2683,서울특별시 중랑구청,2026-02-26
면목7동648-19,1,,서울특별시 중랑구 면목7동 648-19,37.6081432,127.0979703,,,02-2094-2683,서울특별시 중랑구청,2026-02-26
면목7동648-30,1,,서울특별시 중랑구 면목7동 648-30,,,,,02-2094-2683,서울특별시 중랑구청,2026-02-26
면목7동648-2,1,,서울특별시 중랑구 면목7동 648-2,37.60894627,127.0972953,,,02-2094-2683,서울특별시 중랑구청,2026-02-26
면목7동648-22,1,,서울특별시 중랑구 면목7동 648-22,37.60905966,127.097341,,,02-2094-2683,서울특별시 중랑구청,2026-02-26
면목7동648-27,1,,서울특별시 중랑구 면목7동 648-27,37.60280529,127.0992295,,,02-2094-2683,서울특별시 중랑구청,2026-02-26
면목7동648-11,1,,서울특별시 중랑구 면목7동 648-11,,,,,02-2094-2683,서울특별시 중랑구청,2026-02-26
면목7동637-17,1,,서울특별시 중랑구 면목7동 637-17,37.61169545,127.0973915,,,02-2094-2683,서울특별시 중랑구청,2026-02-26
면목7동637-24,1,,서울특별시 중랑구 면목7동 637-24,37.60837016,127.1000612,,,02-2094-2683,서울특별시 중랑구청,2026-02-26
면목7동637-8,1,,서울특별시 중랑구 면목7동 637-8,,,,,02-2094-2683,서울특별시 중랑구청,2026-02-26
면목7동637-5,1,,서울특별시 중랑구 면목7동 637-5,,,,,02-2094-2683,서울특별시 중랑구청,2026-02-26
면목7동637-10,1,,서울특별시 중랑구 면목7동 637-10,,,,,02-2094-2683,서울특별시 중랑구청,2026-02-26
면목7동636-7,1,,서울특별시 중랑구 면목7동 636-7,,,,,02-2094-2683,서울특별시 중랑구청,2026-02-26
면목7동636-18,1,,서울특별시 중랑구 면목7동 636-18,,,,,02-2094-2683,서울특별시 중랑구청,2026-02-26
면목7동636-4,1,,서울특별시 중랑구 면목7동 636-4,37.6061299,127.0981186,,,02-2094-2683,서울특별시 중랑구청,2026-02-26
면목7동,1,,서울특별시 중랑구 면목7동,37.614159,127.1006028,,,02-2094-2683,서울특별시 중랑구청,2026-02-26
면목7동652-22,1,,서울특별시 중랑구 면목7동 652-22,37.61444422,127.1007985,,,02-2094-2683,서울특별시 중랑구청,2026-02-26
면목7동634-16,1,,서울특별시 중랑구 면목7동 634-16,37.61468302,127.1011772,,,02-2094-2683,서울특별시 중랑구청,2026-02-26
면목7동634-32,1,,서울특별시 중랑구 면목7동 634-32,37.61463324,127.1005998,,,02-2094-2683,서울특별시 중랑구청,2026-02-26
면목7동634-30,1,,서울특별시 중랑구 면목7동 634-30,,,,,02-2094-2683,서울특별시 중랑구청,2026-02-26
면목7동634-4,1,,서울특별시 중랑구 면목7동 634-4,37.61500974,127.0999905,,,02-2094-2683,서울특별시 중랑구청,2026-02-26
면목7동633-1,1,,서울특별시 중랑구 면목7동 633-1,,,,,02-2094-2683,서울특별시 중랑구청,2026-02-26
면목7동633-11,1,,서울특별시 중랑구 면목7동 633-11,,,,,02-2094-2683,서울특별시 중랑구청,2026-02-26
면목7동633-7,1,,서울특별시 중랑구 면목7동 633-7,,,,,02-2094-2683,서울특별시 중랑구청,2026-02-26
면목7동633-4,1,,서울특별시 중랑구 면목7동 633-4,,,,,02-2094-2683,서울특별시 중랑구청,2026-02-26
면목7동632-10,1,,서울특별시 중랑구 면목7동 632-10,37.61545398,127.0988552,,,02-2094-2683,서울특별시 중랑구청,2026-02-26
면목7동661-5,1,,서울특별시 중랑구 면목7동 661-5,37.61563233,127.0991272,,,02-2094-2683,서울특별시 중랑구청,2026-02-26
면목7동661-20,1,,서울특별시 중랑구 면목7동 661-20,37.61594993,127.098485,,,02-2094-2683,서울특별시 중랑구청,2026-02-26
면목7동661-24,1,,서울특별시 중랑구 면목7동 661-24,37.61607248,127.0983486,,,02-2094-2683,서울특별시 중랑구청,2026-02-26
면목7동661-33,1,,서울특별시 중랑구 면목7동 661-33,37.61583899,127.0977543,,,02-2094-2683,서울특별시 중랑구청,2026-02-26
면목7동661-44,1,,서울특별시 중랑구 면목7동 661-44,37.61564302,127.0983223,,,02-2094-2683,서울특별시 중랑구청,2026-02-26
면목7동661-45,1,,서울특별시 중랑구 면목7동 661-45,37.61720868,127.0976407,,,02-2094-2683,서울특별시 중랑구청,2026-02-26
면목7동661-47,1,,서울특별시 중랑구 면목7동 661-47,,,,,02-2094-2683,서울특별시 중랑구청,2026-02-26
면목7동661-55,1,,서울특별시 중랑구 면목7동 661-55,37.61759186,127.0947745,,,02-2094-2683,서울특별시 중랑구청,2026-02-26
면목7동661-57,1,,서울특별시 중랑구 면목7동 661-57,37.61486445,127.1005755,,,02-2094-2683,서울특별시 중랑구청,2026-02-26
면목7동661-8,1,,서울특별시 중랑구 면목7동 661-8,37.61501373,127.1012312,,,02-2094-2683,서울특별시 중랑구청,2026-02-26
면목7동661-11,1,,서울특별시 중랑구 면목7동 661-11,37.61523628,127.1015333,,,02-2094-2683,서울특별시 중랑구청,2026-02-26
면목7동655-13,1,,서울특별시 중랑구 면목7동 655-13,37.61665849,127.101365,,,02-2094-2683,서울특별시 중랑구청,2026-02-26
면목7동655-17,1,,서울특별시 중랑구 면목7동 655-17,37.61538172,127.1008813,,,02-2094-2683,서울특별시 중랑구청,2026-02-26
면목7동655-9,1,,서울특별시 중랑구 면목7동 655-9,37.6156284,127.1008786,,,02-2094-2683,서울특별시 중랑구청,2026-02-26
면목7동655-43,1,,서울특별시 중랑구 면목7동 655-43,,,,,02-2094-2683,서울특별시 중랑구청,2026-02-26
면목7동661-41,1,,서울특별시 중랑구 면목7동 661-41,37.61653535,127.1008546,,,02-2094-2683,서울특별시 중랑구청,2026-02-26
면목7동655-30,1,,서울특별시 중랑구 면목7동 655-30,37.61690042,127.1011376,,,02-2094-2683,서울특별시 중랑구청,2026-02-26
면목7동655-31,1,,서울특별시 중랑구 면목7동 655-31,,,,,02-2094-2683,서울특별시 중랑구청,2026-02-26
면목7동655-35,1,,서울특별시 중랑구 면목7동 655-35,,,,,02-2094-2683,서울특별시 중랑구청,2026-02-26
면목7동655-25,1,,서울특별시 중랑구 면목7동 655-25,37.6179156,127.1005247,,,02-2094-2683,서울특별시 중랑구청,2026-02-26
면목7동653-1,1,,서울특별시 중랑구 면목7동 653-1,,,,,02-2094-2683,서울특별시 중랑구청,2026-02-26
면목7동653-23,1,,서울특별시 중랑구 면목7동 653-23,37.61784403,127.0998835,,,02-2094-2683,서울특별시 중랑구청,2026-02-26
면목7동653-20,1,,서울특별시 중랑구 면목7동 653-20,37.61785457,127.1006683,,,02-2094-2683,서울특별시 중랑구청,2026-02-26
면목7동653-7,1,,서울특별시 중랑구 면목7동 653-7,37.61770123,127.1009816,,,02-2094-2683,서울특별시 중랑구청,2026-02-26
면목7동653-30,1,,서울특별시 중랑구 면목7동 653-30,37.617464,127.1009825,,,02-2094-2683,서울특별시 중랑구청,2026-02-26
면목7동653-17,1,,서울특별시 중랑구 면목7동 653-17,37.61788331,127.1011419,,,02-2094-2683,서울특별시 중랑구청,2026-02-26
면목7동653-14,1,,서울특별시 중랑구 면목7동 653-14,37.61776814,127.1013303,,,02-2094-2683,서울특별시 중랑구청,2026-02-26
면목7동653-27,1,,서울특별시 중랑구 면목7동 653-27,37.61802542,127.1008547,,,02-2094-2683,서울특별시 중랑구청,2026-02-26
면목7동651-1,1,,서울특별시 중랑구 면목7동 651-1,37.61793614,127.101588,,,02-2094-2683,서울특별시 중랑구청,2026-02-26
면목7동651-12,1,,서울특별시 중랑구 면목7동 651-12,37.61838498,127.1016704,,,02-2094-2683,서울특별시 중랑구청,2026-02-26
면목7동651-16,1,,서울특별시 중랑구 면목7동 651-16,37.61839163,127.1004483,,,02-2094-2683,서울특별시 중랑구청,2026-02-26
면목7동651-22,1,,서울특별시 중랑구 면목7동 651-22,37.61779838,127.1015857,,,02-2094-2683,서울특별시 중랑구청,2026-02-26
면목7동651-28,1,,서울특별시 중랑구 면목7동 651-28,,,,,02-2094-2683,서울특별시 중랑구청,2026-02-26
면목7동653-5,1,,서울특별시 중랑구 면목7동 653-5,37.61754309,127.1019434,,,02-2094-2683,서울특별시 중랑구청,2026-02-26
면목7동651-41,1,,서울특별시 중랑구 면목7동 651-41,37.61773384,127.1022398,,,02-2094-2683,서울특별시 중랑구청,2026-02-26
면목7동650,1,,서울특별시 중랑구 면목7동 650,37.61761857,127.1020774,,,02-2094-2683,서울특별시 중랑구청,2026-02-26
면목7동649-3,1,,서울특별시 중랑구 면목7동 649-3,37.61764043,127.1022144,,,02-2094-2683,서울특별시 중랑구청,2026-02-26
면목7동649-2,1,,서울특별시 중랑구 면목7동 649-2,37.61793974,127.1025136,,,02-2094-2683,서울특별시 중랑구청,2026-02-26
면목7동649-13,1,,서울특별시 중랑구 면목7동 649-13,37.61690042,127.1011376,,,02-2094-2683,서울특별시 중랑구청,2026-02-26
면목7동530-4,1,,서울특별시 중랑구 면목7동 530-4,,,,,02-2094-2683,서울특별시 중랑구청,2026-02-26
면목7동649-4,1,,서울특별시 중랑구 면목7동 649-4,37.61736355,127.1021198,,,02-2094-2683,서울특별시 중랑구청,2026-02-26
면목7동634-28,1,,서울특별시 중랑구 면목7동 634-28,37.6182209,127.1025706,,,02-2094-2683,서울특별시 중랑구청,2026-02-26
면목7동649-16,1,,서울특별시 중랑구 면목7동 649-16,37.61853063,127.1026046,,,02-2094-2683,서울특별시 중랑구청,2026-02-26
면목7동649-8,1,,서울특별시 중랑구 면목7동 649-8,,,,,02-2094-2683,서울특별시 중랑구청,2026-02-26
면목7동527-163,1,,서울특별시 중랑구 면목7동 527-163,37.61740117,127.102473,,,02-2094-2683,서울특별시 중랑구청,2026-02-26
면목7동364-1,1,,서울특별시 중랑구 면목7동 364-1,37.6009015,127.0990427,,,02-2094-2683,서울특별시 중랑구청,2026-02-26
면목7동620-54,1,,서울특별시 중랑구 면목7동 620-54,37.60362225,127.0963137,,,02-2094-2683,서울특별시 중랑구청,2026-02-26
면목7동667-9,1,,서울특별시 중랑구 면목7동 667-9,37.6178021,127.1023851,,,02-2094-2683,서울특별시 중랑구청,2026-02-26
면목7동527-82,1,,서울특별시 중랑구 면목7동 527-82,37.60096571,127.0989655,,,02-2094-2683,서울특별시 중랑구청,2026-02-26
면목7동667-74,1,,서울특별시 중랑구 면목7동 667-74,,,,,02-2094-2683,서울특별시 중랑구청,2026-02-26
면목7동520-24,1,,서울특별시 중랑구 면목7동 520-24,37.61788069,127.1008911,,,02-2094-2683,서울특별시 중랑구청,2026-02-26
면목7동611-1,1,,서울특별시 중랑구 면목7동 611-1,,,,,02-2094-2683,서울특별시 중랑구청,2026-02-26
면목7동583-15,1,,서울특별시 중랑구 면목7동 583-15,,,,,02-2094-2683,서울특별시 중랑구청,2026-02-26
면목7동668-48,1,,서울특별시 중랑구 면목7동 668-48,,,,,02-2094-2683,서울특별시 중랑구청,2026-02-26
면목7동524-28,1,,서울특별시 중랑구 면목7동 524-28,,,,,02-2094-2683,서울특별시 중랑구청,2026-02-26
면목7동532-44,1,,서울특별시 중랑구 면목7동 532-44,37.61457167,127.1005344,,,02-2094-2683,서울특별시 중랑구청,2026-02-26
면목7동655-33,1,,서울특별시 중랑구 면목7동 655-33,37.61837458,127.1025021,,,02-2094-2683,서울특별시 중랑구청,2026-02-26
면목7동623-33,1,,서울특별시 중랑구 면목7동 623-33,,,,,02-2094-2683,서울특별시 중랑구청,2026-02-26
면목7동364-15,1,,서울특별시 중랑구 면목7동 364-15,,,,,02-2094-2683,서울특별시 중랑구청,2026-02-26
면목7동649-22,1,,서울특별시 중랑구 면목7동 649-22,,,,,02-2094-2683,서울특별시 중랑구청,2026-02-26
면목7동527-100,1,,서울특별시 중랑구 면목7동 527-100,,,,,02-2094-2683,서울특별시 중랑구청,2026-02-26
면목7동1109-5,1,,서울특별시 중랑구 면목7동 1109-5,37.60672942,127.1004766,,,02-2094-2683,서울특별시 중랑구청,2026-02-26
면목7동532-7,1,,서울특별시 중랑구 면목7동 532-7,37.60633303,127.1002077,,,02-2094-2683,서울특별시 중랑구청,2026-02-26
면목7동364-34,1,,서울특별시 중랑구 면목7동 364-34,,,,,02-2094-2683,서울특별시 중랑구청,2026-02-26
면목7동673-84,1,,서울특별시 중랑구 면목7동 673-84,,,,,02-2094-2683,서울특별시 중랑구청,2026-02-26
면목7동668-29,1,,서울특별시 중랑구 면목7동 668-29,,,,,02-2094-2683,서울특별시 중랑구청,2026-02-26
면목7동353-6,1,,서울특별시 중랑구 면목7동 353-6,,,,,02-2094-2683,서울특별시 중랑구청,2026-02-26
면목7동653-2,1,,서울특별시 중랑구 면목7동 653-2,37.61795686,127.1097359,,,02-2094-2683,서울특별시 중랑구청,2026-02-26
면목7동528-7,1,,서울특별시 중랑구 면목7동 528-7,37.61820875,127.110919,,,02-2094-2683,서울특별시 중랑구청,2026-02-26
면목7동633-2,1,,서울특별시 중랑구 면목7동 633-2,,,,,02-2094-2683,서울특별시 중랑구청,2026-02-26
면목7동665-3,1,,서울특별시 중랑구 면목7동 665-3,,,,,02-2094-2683,서울특별시 중랑구청,2026-02-26
면목7동665-17,1,,서울특별시 중랑구 면목7동 665-17,,,,,02-2094-2683,서울특별시 중랑구청,2026-02-26
면목7동623-12,1,,서울특별시 중랑구 면목7동 623-12,37.61346309,127.1063891,,,02-2094-2683,서울특별시 중랑구청,2026-02-26
면목7동620-33,1,,서울특별시 중랑구 면목7동 620-33,37.61324707,127.1059505,,,02-2094-2683,서울특별시 중랑구청,2026-02-26
면목7동653-9,1,,서울특별시 중랑구 면목7동 653-9,,,,,02-2094-2683,서울특별시 중랑구청,2026-02-26
면목7동1109-10,1,,서울특별시 중랑구 면목7동 1109-10,37.61332367,127.1055894,,,02-2094-2683,서울특별시 중랑구청,2026-02-26
면목7동527-66,1,,서울특별시 중랑구 면목7동 527-66,37.60432846,127.1012028,,,02-2094-2683,서울특별시 중랑구청,2026-02-26
면목7동1097-15,1,,서울특별시 중랑구 면목7동 1097-15,,,,,02-2094-2683,서울특별시 중랑구청,2026-02-26
면목7동578-29,1,,서울특별시 중랑구 면목7동 578-29,37.61362642,127.1065167,,,02-2094-2683,서울특별시 중랑구청,2026-02-26
면목7동341-32,1,,서울특별시 중랑구 면목7동 341-32,37.61378281,127.1066377,,,02-2094-2683,서울특별시 중랑구청,2026-02-26
면목7동616-21,1,,서울특별시 중랑구 면목7동 616-21,37.6140306,127.106713,,,02-2094-2683,서울특별시 중랑구청,2026-02-26
면목7동580-13,1,,서울특별시 중랑구 면목7동 580-13,37.61495583,127.1007648,,,02-2094-2683,서울특별시 중랑구청,2026-02-26
면목7동612-57,1,,서울특별시 중랑구 면목7동 612-57,37.61713618,127.1014583,,,02-2094-2683,서울특별시 중랑구청,2026-02-26
면목7동535-2,1,,서울특별시 중랑구 면목7동 535-2,,,,,02-2094-2683,서울특별시 중랑구청,2026-02-26
면목7동665-43,1,,서울특별시 중랑구 면목7동 665-43,,,,,02-2094-2683,서울특별시 중랑구청,2026-02-26
면목7동1084,1,,서울특별시 중랑구 면목7동 1084,,,,,02-2094-2683,서울특별시 중랑구청,2026-02-26
면목7동668-55,1,,서울특별시 중랑구 면목7동 668-55,,,,,02-2094-2683,서울특별시 중랑구청,2026-02-26
면목7동340-46,1,,서울특별시 중랑구 면목7동 340-46,,,,,02-2094-2683,서울특별시 중랑구청,2026-02-26
면목7동615-29,1,,서울특별시 중랑구 면목7동 615-29,37.61231154,127.1135587,,,02-2094-2683,서울특별시 중랑구청,2026-02-26
면목7동353-67,1,,서울특별시 중랑구 면목7동 353-67,37.61183996,127.1148263,,,02-2094-2683,서울특별시 중랑구청,2026-02-26
면목7동527-148,1,,서울특별시 중랑구 면목7동 527-148,,,,,02-2094-2683,서울특별시 중랑구청,2026-02-26
면목7동653-18,1,,서울특별시 중랑구 면목7동 653-18,37.60740243,127.1001938,,,02-2094-2683,서울특별시 중랑구청,2026-02-26
면목7동1511,1,,서울특별시 중랑구 면목7동 1511,,,,,02-2094-2683,서울특별시 중랑구청,2026-02-26
면목7동619-8,1,,서울특별시 중랑구 면목7동 619-8,,,,,02-2094-2683,서울특별시 중랑구청,2026-02-26
면목7동529-1,1,,서울특별시 중랑구 면목7동 529-1,37.61574641,127.0995397,,,02-2094-2683,서울특별시 중랑구청,2026-02-26
면목7동620-23,1,,서울특별시 중랑구 면목7동 620-23,37.60514981,127.0983321,,,02-2094-2683,서울특별시 중랑구청,2026-02-26
면목7동353-50,1,,서울특별시 중랑구 면목7동 353-50,,,,,02-2094-2683,서울특별시 중랑구청,2026-02-26
면목7동1510,1,,서울특별시 중랑구 면목7동 1510,37.6061299,127.0981186,,,02-2094-2683,서울특별시 중랑구청,2026-02-26
면목7동353-29,1,,서울특별시 중랑구 면목7동 353-29,,,,,02-2094-2683,서울특별시 중랑구청,2026-02-26
면목7동651-27,1,,서울특별시 중랑구 면목7동 651-27,37.60414091,127.0971324,,,02-2094-2683,서울특별시 중랑구청,2026-02-26
면목7동673-10,1,,서울특별시 중랑구 면목7동 673-10,37.60506185,127.0968393,,,02-2094-2683,서울특별시 중랑구청,2026-02-26
면목7동666-40,1,,서울특별시 중랑구 면목7동 666-40,,,,,02-2094-2683,서울특별시 중랑구청,2026-02-26
면목7동637-16,1,,서울특별시 중랑구 면목7동 637-16,37.603481,127.096246,,,02-2094-2683,서울특별시 중랑구청,2026-02-26
면목7동623-8,1,,서울특별시 중랑구 면목7동 623-8,,,,,02-2094-2683,서울특별시 중랑구청,2026-02-26
면목7동578-3,1,,서울특별시 중랑구 면목7동 578-3,37.60692122,127.0973859,,,02-2094-2683,서울특별시 중랑구청,2026-02-26
면목7동639-12,1,,서울특별시 중랑구 면목7동 639-12,,,,,02-2094-2683,서울특별시 중랑구청,2026-02-26
면목7동345-35,1,,서울특별시 중랑구 면목7동 345-35,37.60524988,127.0990085,,,02-2094-2683,서울특별시 중랑구청,2026-02-26
면목7동652-26,1,,서울특별시 중랑구 면목7동 652-26,37.61564302,127.0983223,,,02-2094-2683,서울특별시 중랑구청,2026-02-26
면목7동652-55,1,,서울특별시 중랑구 면목7동 652-55,,,,,02-2094-2683,서울특별시 중랑구청,2026-02-26
면목7동339-26,1,,서울특별시 중랑구 면목7동 339-26,,,,,02-2094-2683,서울특별시 중랑구청,2026-02-26
면목7동345-8,1,,서울특별시 중랑구 면목7동 345-8,,,,,02-2094-2683,서울특별시 중랑구청,2026-02-26
면목7동347-4,1,,서울특별시 중랑구 면목7동 347-4,37.5997289,127.0959437,,,02-2094-2683,서울특별시 중랑구청,2026-02-26
면목7동340-78,1,,서울특별시 중랑구 면목7동 340-78,37.60211526,127.0985694,,,02-2094-2683,서울특별시 중랑구청,2026-02-26
면목7동339-20,1,,서울특별시 중랑구 면목7동 339-20,37.60355044,127.0989033,,,02-2094-2683,서울특별시 중랑구청,2026-02-26
면목7동340-63,1,,서울특별시 중랑구 면목7동 340-63,37.61561814,127.096906,,,02-2094-2683,서울특별시 중랑구청,2026-02-26
면목7동527-126,1,,서울특별시 중랑구 면목7동 527-126,37.61821392,127.100836,,,02-2094-2683,서울특별시 중랑구청,2026-02-26
면목7동527-71,1,,서울특별시 중랑구 면목7동 527-71,,,,,02-2094-2683,서울특별시 중랑구청,2026-02-26
면목7동666-5,1,,서울특별시 중랑구 면목7동 666-5,37.60228127,127.0957718,,,02-2094-2683,서울특별시 중랑구청,2026-02-26
면목7동619-1,1,,서울특별시 중랑구 면목7동 619-1,37.60129088,127.0987493,,,02-2094-2683,서울특별시 중랑구청,2026-02-26
면목7동624-17,1,,서울특별시 중랑구 면목7동 624-17,37.60483303,127.0973487,,,02-2094-2683,서울특별시 중랑구청,2026-02-26
면목7동618-11,1,,서울특별시 중랑구 면목7동 618-11,37.61727304,127.1015458,,,02-2094-2683,서울특별시 중랑구청,2026-02-26
면목7동634-21,1,,서울특별시 중랑구 면목7동 634-21,37.60488714,127.0980435,,,02-2094-2683,서울특별시 중랑구청,2026-02-26
면목7동623-19,1,,서울특별시 중랑구 면목7동 623-19,,,,,02-2094-2683,서울특별시 중랑구청,2026-02-26
면목7동624-47,1,,서울특별시 중랑구 면목7동 624-47,37.61823094,127.1011615,,,02-2094-2683,서울특별시 중랑구청,2026-02-26
면목7동665-31,1,,서울특별시 중랑구 면목7동 665-31,37.61532776,127.1011808,,,02-2094-2683,서울특별시 중랑구청,2026-02-26
면목7동648-3,1,,서울특별시 중랑구 면목7동 648-3,37.61488554,127.1011024,,,02-2094-2683,서울특별시 중랑구청,2026-02-26
면목7동467-20,1,,서울특별시 중랑구 면목7동 467-20,37.617464,127.1009825,,,02-2094-2683,서울특별시 중랑구청,2026-02-26
면목7동618-25,1,,서울특별시 중랑구 면목7동 618-25,37.60153656,127.0987735,,,02-2094-2683,서울특별시 중랑구청,2026-02-26
면목7동364-31,1,,서울특별시 중랑구 면목7동 364-31,37.61559724,127.0986411,,,02-2094-2683,서울특별시 중랑구청,2026-02-26
면목7동620-59,1,,서울특별시 중랑구 면목7동 620-59,37.61583899,127.0977543,,,02-2094-2683,서울특별시 중랑구청,2026-02-26
면목7동155-5,1,,서울특별시 중랑구 면목7동 155-5,37.60151664,127.0992142,,,02-2094-2683,서울특별시 중랑구청,2026-02-26
면목7동655-4,1,,서울특별시 중랑구 면목7동 655-4,37.6158183,127.0990234,,,02-2094-2683,서울특별시 중랑구청,2026-02-26
면목7동531-9,1,,서울특별시 중랑구 면목7동 531-9,37.61764156,127.1002732,,,02-2094-2683,서울특별시 중랑구청,2026-02-26
면목7동527-132,1,,서울특별시 중랑구 면목7동 527-132,37.61829678,127.1004585,,,02-2094-2683,서울특별시 중랑구청,2026-02-26
면목7동353-59,1,,서울특별시 중랑구 면목7동 353-59,37.60665018,127.0981413,,,02-2094-2683,서울특별시 중랑구청,2026-02-26
면목7동618-17,1,,서울특별시 중랑구 면목7동 618-17,,,,,02-2094-2683,서울특별시 중랑구청,2026-02-26
면목7동616-32,1,,서울특별시 중랑구 면목7동 616-32,,,,,02-2094-2683,서울특별시 중랑구청,2026-02-26
면목7동620-1,1,,서울특별시 중랑구 면목7동 620-1,37.61792036,127.1021153,,,02-2094-2683,서울특별시 중랑구청,2026-02-26
면목7동1326-148,1,,서울특별시 중랑구 면목7동 1326-148,37.61800252,127.1021272,,,02-2094-2683,서울특별시 중랑구청,2026-02-26
면목7동623-7,1,,서울특별시 중랑구 면목7동 623-7,37.61837458,127.1025021,,,02-2094-2683,서울특별시 중랑구청,2026-02-26
면목7동352-18,1,,서울특별시 중랑구 면목7동 352-18,37.61736179,127.1019611,,,02-2094-2683,서울특별시 중랑구청,2026-02-26
면목7동634-23,1,,서울특별시 중랑구 면목7동 634-23,37.61793974,127.1025136,,,02-2094-2683,서울특별시 중랑구청,2026-02-26
면목7동652-29,1,,서울특별시 중랑구 면목7동 652-29,37.61736355,127.1021198,,,02-2094-2683,서울특별시 중랑구청,2026-02-26
면목7동665-33,1,,서울특별시 중랑구 면목7동 665-33,37.60110375,127.0974378,,,02-2094-2683,서울특별시 중랑구청,2026-02-26
면목7동 354,1,,서울특별시 중랑구 면목7동 354,37.580424,127.083737,,,02-2094-2683,서울특별시 중랑구청,2026-02-26
면목7동 620-59,1,,서울특별시 중랑구 면목7동 620-59,37.581692,127.085698,,,02-2094-2683,서울특별시 중랑구청,2026-02-26
면목7동 582-44,1,,서울특별시 중랑구 면목7동 582-44,37.584346,127.086367,,,02-2094-2683,서울특별시 중랑구청,2026-02-26
면목7동 612-6,1,,서울특별시 중랑구 면목7동 612-6,37.581831,127.086968,,,02-2094-2683,서울특별시 중랑구청,2026-02-26
면목7동 613-13,1,,서울특별시 중랑구 면목7동 613-13,37.581452,127.087265,,,02-2094-2683,서울특별시 중랑구청,2026-02-26
면목7동 622-26,1,,서울특별시 중랑구 면목7동 622-26,37.582490,127.085817,,,02-2094-2683,서울특별시 중랑구청,2026-02-26
면목7동 624-5,1,,서울특별시 중랑구 면목7동 624-5,37.582845,127.085936,,,02-2094-2683,서울특별시 중랑구청,2026-02-26
면목7동 648-11,1,,서울특별시 중랑구 면목7동 648-11,37.580407,127.087610,,,02-2094-2683,서울특별시 중랑구청,2026-02-26
면목3.8동45-4,1,,서울특별시 중랑구 면목3.8동 45-4,,,,,02-2094-2683,서울특별시 중랑구청,2026-02-26
면목38동53-22,1,,서울특별시 중랑구 면목38동 53-22,37.61538028,127.0987485,,,02-2094-2683,서울특별시 중랑구청,2026-02-26
면목3.8동10-2,1,,서울특별시 중랑구 면목3.8동 10-2,37.61457194,127.0991525,,,02-2094-2683,서울특별시 중랑구청,2026-02-26
면목38동20-28,1,,서울특별시 중랑구 면목38동 20-28,37.60094104,127.0988464,,,02-2094-2683,서울특별시 중랑구청,2026-02-26
면목3.8동23-9,1,,서울특별시 중랑구 면목3.8동 23-9,37.60729812,127.0998499,,,02-2094-2683,서울특별시 중랑구청,2026-02-26
면목3.8동23-61,1,,서울특별시 중랑구 면목3.8동 23-61,,,,,02-2094-2683,서울특별시 중랑구청,2026-02-26
면목3.8동23-55,1,,서울특별시 중랑구 면목3.8동 23-55,,,,,02-2094-2683,서울특별시 중랑구청,2026-02-26
면목3.8동23-50,1,,서울특별시 중랑구 면목3.8동 23-50,37.60602019,127.1002326,,,02-2094-2683,서울특별시 중랑구청,2026-02-26
면목3.8동23-52,1,,서울특별시 중랑구 면목3.8동 23-52,37.61476027,127.0989802,,,02-2094-2683,서울특별시 중랑구청,2026-02-26
면목3.8동23-32,1,,서울특별시 중랑구 면목3.8동 23-32,37.6031576,127.0972248,,,02-2094-2683,서울특별시 중랑구청,2026-02-26
면목3.8동23-34,1,,서울특별시 중랑구 면목3.8동 23-34,37.60758221,127.0994058,,,02-2094-2683,서울특별시 중랑구청,2026-02-26
면목3.8동23-25,1,,서울특별시 중랑구 면목3.8동 23-25,37.6075165,127.0998654,,,02-2094-2683,서울특별시 중랑구청,2026-02-26
면목3.8동23-27,1,,서울특별시 중랑구 면목3.8동 23-27,37.60781454,127.0996693,,,02-2094-2683,서울특별시 중랑구청,2026-02-26
면목3.8동23-15,1,,서울특별시 중랑구 면목3.8동 23-15,37.60623021,127.0997453,,,02-2094-2683,서울특별시 중랑구청,2026-02-26
면목3.8동9-3,1,,서울특별시 중랑구 면목3.8동 9-3,37.60260247,127.0972031,,,02-2094-2683,서울특별시 중랑구청,2026-02-26
면목3.8동22-3,1,,서울특별시 중랑구 면목3.8동 22-3,37.60496051,127.0998329,,,02-2094-2683,서울특별시 중랑구청,2026-02-26
면목3.8동22-11,1,,서울특별시 중랑구 면목3.8동 22-11,37.60355044,127.0989033,,,02-2094-2683,서울특별시 중랑구청,2026-02-26
면목3.8동22-16,1,,서울특별시 중랑구 면목3.8동 22-16,37.60263371,127.0976724,,,02-2094-2683,서울특별시 중랑구청,2026-02-26
면목3.8동22-12,1,,서울특별시 중랑구 면목3.8동 22-12,37.60450241,127.0957493,,,02-2094-2683,서울특별시 중랑구청,2026-02-26
면목3.8동22-10,1,,서울특별시 중랑구 면목3.8동 22-10,37.60527564,127.0975056,,,02-2094-2683,서울특별시 중랑구청,2026-02-26
면목3.8동20-15,1,,서울특별시 중랑구 면목3.8동 20-15,37.60362225,127.0963137,,,02-2094-2683,서울특별시 중랑구청,2026-02-26
면목3.8동20-18,1,,서울특별시 중랑구 면목3.8동 20-18,37.60506185,127.0968393,,,02-2094-2683,서울특별시 중랑구청,2026-02-26
면목38동20-12,1,,서울특별시 중랑구 면목38동 20-12,37.60508577,127.0962334,,,02-2094-2683,서울특별시 중랑구청,2026-02-26
면목3.8동20-7,1,,서울특별시 중랑구 면목3.8동 20-7,37.60148744,127.0989047,,,02-2094-2683,서울특별시 중랑구청,2026-02-26
면목3.8동20-47,1,,서울특별시 중랑구 면목3.8동 20-47,37.60031991,127.0971964,,,02-2094-2683,서울특별시 중랑구청,2026-02-26
면목3.8동20-33,1,,서울특별시 중랑구 면목3.8동 20-33,37.60866984,127.0970788,,,02-2094-2683,서울특별시 중랑구청,2026-02-26
면목3.8동20-26,1,,서울특별시 중랑구 면목3.8동 20-26,37.60489555,127.1007972,,,02-2094-2683,서울특별시 중랑구청,2026-02-26
면목3.8동20-44,1,,서울특별시 중랑구 면목3.8동 20-44,37.60463644,127.099066,,,02-2094-2683,서울특별시 중랑구청,2026-02-26
면목3.8동20-4,1,,서울특별시 중랑구 면목3.8동 20-4,37.60002462,127.095918,,,02-2094-2683,서울특별시 중랑구청,2026-02-26
면목3.8동20-49,1,,서울특별시 중랑구 면목3.8동 20-49,37.60688845,127.0970278,,,02-2094-2683,서울특별시 중랑구청,2026-02-26
면목38동50-9,1,,서울특별시 중랑구 면목38동 50-9,37.60738154,127.095953,,,02-2094-2683,서울특별시 중랑구청,2026-02-26
면목3.8동15-35,1,,서울특별시 중랑구 면목3.8동 15-35,,,,,02-2094-2683,서울특별시 중랑구청,2026-02-26
면목3.8동50-56,1,,서울특별시 중랑구 면목3.8동 50-56,37.6100976,127.1102563,,,02-2094-2683,서울특별시 중랑구청,2026-02-26
면목3.8동50-14,1,,서울특별시 중랑구 면목3.8동 50-14,37.60239134,127.0951394,,,02-2094-2683,서울특별시 중랑구청,2026-02-26
면목3.8동50-21,1,,서울특별시 중랑구 면목3.8동 50-21,37.60234109,127.0954499,,,02-2094-2683,서울특별시 중랑구청,2026-02-26
면목3.8동50-29,1,,서울특별시 중랑구 면목3.8동 50-29,37.6026314,127.0954332,,,02-2094-2683,서울특별시 중랑구청,2026-02-26
면목3.8동50-6,1,,서울특별시 중랑구 면목3.8동 50-6,37.60323761,127.0952925,,,02-2094-2683,서울특별시 중랑구청,2026-02-26
면목3.8동50-35,1,,서울특별시 중랑구 면목3.8동 50-35,,,,,02-2094-2683,서울특별시 중랑구청,2026-02-26
면목3.8동44-7,1,,서울특별시 중랑구 면목3.8동 44-7,37.6035308,127.0955024,,,02-2094-2683,서울특별시 중랑구청,2026-02-26
면목3.8동44-19,1,,서울특별시 중랑구 면목3.8동 44-19,,,,,02-2094-2683,서울특별시 중랑구청,2026-02-26
면목3.8동44-16,1,,서울특별시 중랑구 면목3.8동 44-16,,,,,02-2094-2683,서울특별시 중랑구청,2026-02-26
면목3.8동44-22,1,,서울특별시 중랑구 면목3.8동 44-22,,,,,02-2094-2683,서울특별시 중랑구청,2026-02-26
면목3.8동44-27,1,,서울특별시 중랑구 면목3.8동 44-27,,,,,02-2094-2683,서울특별시 중랑구청,2026-02-26
면목38동42-63,1,,서울특별시 중랑구 면목38동 42-63,,,,,02-2094-2683,서울특별시 중랑구청,2026-02-26
면목3.8동44-25,1,,서울특별시 중랑구 면목3.8동 44-25,,,,,02-2094-2683,서울특별시 중랑구청,2026-02-26
면목3.8동44-14,1,,서울특별시 중랑구 면목3.8동 44-14,,,,,02-2094-2683,서울특별시 중랑구청,2026-02-26
면목3.8동44-13,1,,서울특별시 중랑구 면목3.8동 44-13,,,,,02-2094-2683,서울특별시 중랑구청,2026-02-26
면목3.8동43-8,1,,서울특별시 중랑구 면목3.8동 43-8,,,,,02-2094-2683,서울특별시 중랑구청,2026-02-26
면목3.8동43-19,1,,서울특별시 중랑구 면목3.8동 43-19,37.60626485,127.0941598,,,02-2094-2683,서울특별시 중랑구청,2026-02-26
면목3.8동43-18,1,,서울특별시 중랑구 면목3.8동 43-18,37.60869246,127.0931895,,,02-2094-2683,서울특별시 중랑구청,2026-02-26
면목3.8동43-1,1,,서울특별시 중랑구 면목3.8동 43-1,,,,,02-2094-2683,서울특별시 중랑구청,2026-02-26
면목3.8동43-28,1,,서울특별시 중랑구 면목3.8동 43-28,,,,,02-2094-2683,서울특별시 중랑구청,2026-02-26
면목38동23-10,1,,서울특별시 중랑구 면목38동 23-10,,,,,02-2094-2683,서울특별시 중랑구청,2026-02-26
면목3.8동43-17,1,,서울특별시 중랑구 면목3.8동 43-17,,,,,02-2094-2683,서울특별시 중랑구청,2026-02-26
면목3.8동43-22,1,,서울특별시 중랑구 면목3.8동 43-22,,,,,02-2094-2683,서울특별시 중랑구청,2026-02-26
면목3.8동15-38,1,,서울특별시 중랑구 면목3.8동 15-38,37.58966282,127.0755035,,,02-2094-2683,서울특별시 중랑구청,2026-02-26
면목3.8동43-11,1,,서울특별시 중랑구 면목3.8동 43-11,37.58321586,127.0963033,,,02-2094-2683,서울특별시 중랑구청,2026-02-26
면목3.8동43-32,1,,서울특별시 중랑구 면목3.8동 43-32,37.60093202,127.0893606,,,02-2094-2683,서울특별시 중랑구청,2026-02-26
면목3.8동43-42,1,,서울특별시 중랑구 면목3.8동 43-42,,,,,02-2094-2683,서울특별시 중랑구청,2026-02-26
면목38동42-28,1,,서울특별시 중랑구 면목38동 42-28,37.60929753,127.0949042,,,02-2094-2683,서울특별시 중랑구청,2026-02-26
면목3.8동42-8,1,,서울특별시 중랑구 면목3.8동 42-8,37.58228811,127.0949659,,,02-2094-2683,서울특별시 중랑구청,2026-02-26
면목3.8동2-43,1,,서울특별시 중랑구 면목3.8동 2-43,37.58321586,127.0963033,,,02-2094-2683,서울특별시 중랑구청,2026-02-26
면목3.8동42-23,1,,서울특별시 중랑구 면목3.8동 42-23,37.60277431,127.108648,,,02-2094-2683,서울특별시 중랑구청,2026-02-26
면목3.8동42-26,1,,서울특별시 중랑구 면목3.8동 42-26,37.60258923,127.1081771,,,02-2094-2683,서울특별시 중랑구청,2026-02-26
면목3.8동42-44,1,,서울특별시 중랑구 면목3.8동 42-44,37.59283284,127.076732,,,02-2094-2683,서울특별시 중랑구청,2026-02-26
면목3.8동42-13,1,,서울특별시 중랑구 면목3.8동 42-13,37.59687571,127.0805722,,,02-2094-2683,서울특별시 중랑구청,2026-02-26
면목3.8동42-38,1,,서울특별시 중랑구 면목3.8동 42-38,37.58321586,127.0963033,,,02-2094-2683,서울특별시 중랑구청,2026-02-26
면목3.8동42-11,1,,서울특별시 중랑구 면목3.8동 42-11,,,,,02-2094-2683,서울특별시 중랑구청,2026-02-26
면목3.8동42-10,1,,서울특별시 중랑구 면목3.8동 42-10,,,,,02-2094-2683,서울특별시 중랑구청,2026-02-26
면목3.8동42-59,1,,서울특별시 중랑구 면목3.8동 42-59,,,,,02-2094-2683,서울특별시 중랑구청,2026-02-26
면목3.8동19-34,1,,서울특별시 중랑구 면목3.8동 19-34,,,,,02-2094-2683,서울특별시 중랑구청,2026-02-26
면목3.8동19-37,1,,서울특별시 중랑구 면목3.8동 19-37,,,,,02-2094-2683,서울특별시 중랑구청,2026-02-26
면목3.8동19-25,1,,서울특별시 중랑구 면목3.8동 19-25,,,,,02-2094-2683,서울특별시 중랑구청,2026-02-26
면목3.8동19-67,1,,서울특별시 중랑구 면목3.8동 19-67,,,,,02-2094-2683,서울특별시 중랑구청,2026-02-26
면목3.8동19-44,1,,서울특별시 중랑구 면목3.8동 19-44,,,,,02-2094-2683,서울특별시 중랑구청,2026-02-26
면목3.8동19-43,1,,서울특별시 중랑구 면목3.8동 19-43,,,,,02-2094-2683,서울특별시 중랑구청,2026-02-26
면목3.8동19-55,1,,서울특별시 중랑구 면목3.8동 19-55,,,,,02-2094-2683,서울특별시 중랑구청,2026-02-26
면목3.8동5-16,1,,서울특별시 중랑구 면목3.8동 5-16,,,,,02-2094-2683,서울특별시 중랑구청,2026-02-26
면목3.8동19-49,1,,서울특별시 중랑구 면목3.8동 19-49,,,,,02-2094-2683,서울특별시 중랑구청,2026-02-26
면목3.8동19-24,1,,서울특별시 중랑구 면목3.8동 19-24,,,,,02-2094-2683,서울특별시 중랑구청,2026-02-26
면목3.8동19-20,1,,서울특별시 중랑구 면목3.8동 19-20,,,,,02-2094-2683,서울특별시 중랑구청,2026-02-26
면목3.8동17-35,1,,서울특별시 중랑구 면목3.8동 17-35,,,,,02-2094-2683,서울특별시 중랑구청,2026-02-26
면목3.8동17-28,1,,서울특별시 중랑구 면목3.8동 17-28,,,,,02-2094-2683,서울특별시 중랑구청,2026-02-26
면목38동17-22,1,,서울특별시 중랑구 면목38동 17-22,,,,,02-2094-2683,서울특별시 중랑구청,2026-02-26
면목3.8동17-23,1,,서울특별시 중랑구 면목3.8동 17-23,,,,,02-2094-2683,서울특별시 중랑구청,2026-02-26
면목3.8동17-26,1,,서울특별시 중랑구 면목3.8동 17-26,,,,,02-2094-2683,서울특별시 중랑구청,2026-02-26
면목38동17-6,1,,서울특별시 중랑구 면목38동 17-6,,,,,02-2094-2683,서울특별시 중랑구청,2026-02-26
면목3.8동17-12,1,,서울특별시 중랑구 면목3.8동 17-12,,,,,02-2094-2683,서울특별시 중랑구청,2026-02-26
면목3.8동15-30,1,,서울특별시 중랑구 면목3.8동 15-30,,,,,02-2094-2683,서울특별시 중랑구청,2026-02-26
면목3.8동15-3,1,,서울특별시 중랑구 면목3.8동 15-3,,,,,02-2094-2683,서울특별시 중랑구청,2026-02-26
면목3.8동15-39,1,,서울특별시 중랑구 면목3.8동 15-39,,,,,02-2094-2683,서울특별시 중랑구청,2026-02-26
면목3.8동15-44,1,,서울특별시 중랑구 면목3.8동 15-44,,,,,02-2094-2683,서울특별시 중랑구청,2026-02-26
면목3.8동5-58,1,,서울특별시 중랑구 면목3.8동 5-58,,,,,02-2094-2683,서울특별시 중랑구청,2026-02-26
면목3.8동15-20,1,,서울특별시 중랑구 면목3.8동 15-20,,,,,02-2094-2683,서울특별시 중랑구청,2026-02-26
면목3.8동15-24,1,,서울특별시 중랑구 면목3.8동 15-24,,,,,02-2094-2683,서울특별시 중랑구청,2026-02-26
면목3.8동15-12,1,,서울특별시 중랑구 면목3.8동 15-12,,,,,02-2094-2683,서울특별시 중랑구청,2026-02-26
면목3.8동46-42,1,,서울특별시 중랑구 면목3.8동 46-42,,,,,02-2094-2683,서울특별시 중랑구청,2026-02-26
면목3.8동46-44,1,,서울특별시 중랑구 면목3.8동 46-44,,,,,02-2094-2683,서울특별시 중랑구청,2026-02-26
면목3.8동46-49,1,,서울특별시 중랑구 면목3.8동 46-49,,,,,02-2094-2683,서울특별시 중랑구청,2026-02-26
면목3.8동46-22,1,,서울특별시 중랑구 면목3.8동 46-22,,,,,02-2094-2683,서울특별시 중랑구청,2026-02-26
면목3.8동46-33,1,,서울특별시 중랑구 면목3.8동 46-33,,,,,02-2094-2683,서울특별시 중랑구청,2026-02-26
면목3.8동46-18,1,,서울특별시 중랑구 면목3.8동 46-18,,,,,02-2094-2683,서울특별시 중랑구청,2026-02-26
면목3.8동46-16,1,,서울특별시 중랑구 면목3.8동 46-16,,,,,02-2094-2683,서울특별시 중랑구청,2026-02-26
면목38동3-31,1,,서울특별시 중랑구 면목38동 3-31,,,,,02-2094-2683,서울특별시 중랑구청,2026-02-26
면목3.8동3-30,1,,서울특별시 중랑구 면목3.8동 3-30,,,,,02-2094-2683,서울특별시 중랑구청,2026-02-26
면목38동46-7,1,,서울특별시 중랑구 면목38동 46-7,,,,,02-2094-2683,서울특별시 중랑구청,2026-02-26
면목3.8동3-52,1,,서울특별시 중랑구 면목3.8동 3-52,,,,,02-2094-2683,서울특별시 중랑구청,2026-02-26
면목3.8동3-39,1,,서울특별시 중랑구 면목3.8동 3-39,,,,,02-2094-2683,서울특별시 중랑구청,2026-02-26
면목3.8동3-43,1,,서울특별시 중랑구 면목3.8동 3-43,,,,,02-2094-2683,서울특별시 중랑구청,2026-02-26
면목3.8동3-12,1,,서울특별시 중랑구 면목3.8동 3-12,,,,,02-2094-2683,서울특별시 중랑구청,2026-02-26
면목3.8동3-17,1,,서울특별시 중랑구 면목3.8동 3-17,,,,,02-2094-2683,서울특별시 중랑구청,2026-02-26
면목3.8동2-8,1,,서울특별시 중랑구 면목3.8동 2-8,,,,,02-2094-2683,서울특별시 중랑구청,2026-02-26
면목3.8동2-6,1,,서울특별시 중랑구 면목3.8동 2-6,,,,,02-2094-2683,서울특별시 중랑구청,2026-02-26
면목3.8동2-47,1,,서울특별시 중랑구 면목3.8동 2-47,,,,,02-2094-2683,서울특별시 중랑구청,2026-02-26
면목3.8동2-7,1,,서울특별시 중랑구 면목3.8동 2-7,,,,,02-2094-2683,서울특별시 중랑구청,2026-02-26
면목3.8동2-21,1,,서울특별시 중랑구 면목3.8동 2-21,,,,,02-2094-2683,서울특별시 중랑구청,2026-02-26
면목3.8동2-23,1,,서울특별시 중랑구 면목3.8동 2-23,,,,,02-2094-2683,서울특별시 중랑구청,2026-02-26
면목3.8동2-44,1,,서울특별시 중랑구 면목3.8동 2-44,,,,,02-2094-2683,서울특별시 중랑구청,2026-02-26
면목3.8동2-35,1,,서울특별시 중랑구 면목3.8동 2-35,,,,,02-2094-2683,서울특별시 중랑구청,2026-02-26
면목3.8동1-24,1,,서울특별시 중랑구 면목3.8동 1-24,,,,,02-2094-2683,서울특별시 중랑구청,2026-02-26
면목3.8동1-23,1,,서울특별시 중랑구 면목3.8동 1-23,,,,,02-2094-2683,서울특별시 중랑구청,2026-02-26
면목3.8동1-20,1,,서울특별시 중랑구 면목3.8동 1-20,,,,,02-2094-2683,서울특별시 중랑구청,2026-02-26
면목3.8동1-15,1,,서울특별시 중랑구 면목3.8동 1-15,,,,,02-2094-2683,서울특별시 중랑구청,2026-02-26
면목3.8동1-5,1,,서울특별시 중랑구 면목3.8동 1-5,,,,,02-2094-2683,서울특별시 중랑구청,2026-02-26
면목3.8동1-4,1,,서울특별시 중랑구 면목3.8동 1-4,,,,,02-2094-2683,서울특별시 중랑구청,2026-02-26
면목3.8동1-41,1,,서울특별시 중랑구 면목3.8동 1-41,,,,,02-2094-2683,서울특별시 중랑구청,2026-02-26
면목3.8동57-11,1,,서울특별시 중랑구 면목3.8동 57-11,,,,,02-2094-2683,서울특별시 중랑구청,2026-02-26
면목3.8동1-33,1,,서울특별시 중랑구 면목3.8동 1-33,,,,,02-2094-2683,서울특별시 중랑구청,2026-02-26
면목3.8동1-30,1,,서울특별시 중랑구 면목3.8동 1-30,,,,,02-2094-2683,서울특별시 중랑구청,2026-02-26
면목3.8동1-1,1,,서울특별시 중랑구 면목3.8동 1-1,,,,,02-2094-2683,서울특별시 중랑구청,2026-02-26
면목3.8동10-5,1,,서울특별시 중랑구 면목3.8동 10-5,,,,,02-2094-2683,서울특별시 중랑구청,2026-02-26
면목3.8동9-1,1,,서울특별시 중랑구 면목3.8동 9-1,,,,,02-2094-2683,서울특별시 중랑구청,2026-02-26
면목3.8동,1,,서울특별시 중랑구 면목3.8동,,,,,02-2094-2683,서울특별시 중랑구청,2026-02-26
면목3.8동1322-34,1,,서울특별시 중랑구 면목3.8동 1322-34,,,,,02-2094-2683,서울특별시 중랑구청,2026-02-26
면목3.8동29-10,1,,서울특별시 중랑구 면목3.8동 29-10,,,,,02-2094-2683,서울특별시 중랑구청,2026-02-26
면목3.8동29-1,1,,서울특별시 중랑구 면목3.8동 29-1,,,,,02-2094-2683,서울특별시 중랑구청,2026-02-26
면목3.8동31-39,1,,서울특별시 중랑구 면목3.8동 31-39,,,,,02-2094-2683,서울특별시 중랑구청,2026-02-26
면목3.8동1517,1,,서울특별시 중랑구 면목3.8동 1517,,,,,02-2094-2683,서울특별시 중랑구청,2026-02-26
면목3.8동31-29,1,,서울특별시 중랑구 면목3.8동 31-29,,,,,02-2094-2683,서울특별시 중랑구청,2026-02-26
면목3.8동31-36,1,,서울특별시 중랑구 면목3.8동 31-36,,,,,02-2094-2683,서울특별시 중랑구청,2026-02-26
면목38동31-40,1,,서울특별시 중랑구 면목38동 31-40,,,,,02-2094-2683,서울특별시 중랑구청,2026-02-26
면목3.8동31-40,1,,서울특별시 중랑구 면목3.8동 31-40,,,,,02-2094-2683,서울특별시 중랑구청,2026-02-26
면목3.8동30-28,1,,서울특별시 중랑구 면목3.8동 30-28,,,,,02-2094-2683,서울특별시 중랑구청,2026-02-26
면목38동33-14,1,,서울특별시 중랑구 면목38동 33-14,,,,,02-2094-2683,서울특별시 중랑구청,2026-02-26
면목3.8동33-14,1,,서울특별시 중랑구 면목3.8동 33-14,,,,,02-2094-2683,서울특별시 중랑구청,2026-02-26
면목3.8동33-16,1,,서울특별시 중랑구 면목3.8동 33-16,,,,,02-2094-2683,서울특별시 중랑구청,2026-02-26
면목3.8동34-8,1,,서울특별시 중랑구 면목3.8동 34-8,,,,,02-2094-2683,서울특별시 중랑구청,2026-02-26
면목3.8동33,1,,서울특별시 중랑구 면목3.8동 33,,,,,02-2094-2683,서울특별시 중랑구청,2026-02-26
면목3.8동33-6,1,,서울특별시 중랑구 면목3.8동 33-6,,,,,02-2094-2683,서울특별시 중랑구청,2026-02-26
면목3.8동30-56,1,,서울특별시 중랑구 면목3.8동 30-56,,,,,02-2094-2683,서울특별시 중랑구청,2026-02-26
면목3.8동30-57,1,,서울특별시 중랑구 면목3.8동 30-57,,,,,02-2094-2683,서울특별시 중랑구청,2026-02-26
면목3.8동30-51,1,,서울특별시 중랑구 면목3.8동 30-51,,,,,02-2094-2683,서울특별시 중랑구청,2026-02-26
면목3.8동30-53,1,,서울특별시 중랑구 면목3.8동 30-53,,,,,02-2094-2683,서울특별시 중랑구청,2026-02-26
면목3.8동30-35,1,,서울특별시 중랑구 면목3.8동 30-35,,,,,02-2094-2683,서울특별시 중랑구청,2026-02-26
면목3.8동30-52,1,,서울특별시 중랑구 면목3.8동 30-52,,,,,02-2094-2683,서울특별시 중랑구청,2026-02-26
면목3.8동30-21,1,,서울특별시 중랑구 면목3.8동 30-21,,,,,02-2094-2683,서울특별시 중랑구청,2026-02-26
면목3.8동30-25,1,,서울특별시 중랑구 면목3.8동 30-25,,,,,02-2094-2683,서울특별시 중랑구청,2026-02-26
면목3.8동30-6,1,,서울특별시 중랑구 면목3.8동 30-6,,,,,02-2094-2683,서울특별시 중랑구청,2026-02-26
면목3.8동30-10,1,,서울특별시 중랑구 면목3.8동 30-10,,,,,02-2094-2683,서울특별시 중랑구청,2026-02-26
면목3.8동31-6,1,,서울특별시 중랑구 면목3.8동 31-6,,,,,02-2094-2683,서울특별시 중랑구청,2026-02-26
면목3.8동31-48,1,,서울특별시 중랑구 면목3.8동 31-48,,,,,02-2094-2683,서울특별시 중랑구청,2026-02-26
면목3.8동10-12,1,,서울특별시 중랑구 면목3.8동 10-12,,,,,02-2094-2683,서울특별시 중랑구청,2026-02-26
면목3.8동25-6,1,,서울특별시 중랑구 면목3.8동 25-6,,,,,02-2094-2683,서울특별시 중랑구청,2026-02-26
면목3.8동25-2,1,,서울특별시 중랑구 면목3.8동 25-2,,,,,02-2094-2683,서울특별시 중랑구청,2026-02-26
면목3.8동1-22,1,,서울특별시 중랑구 면목3.8동 1-22,,,,,02-2094-2683,서울특별시 중랑구청,2026-02-26
면목3.8동11-9,1,,서울특별시 중랑구 면목3.8동 11-9,,,,,02-2094-2683,서울특별시 중랑구청,2026-02-26
면목3.8동1-29,1,,서울특별시 중랑구 면목3.8동 1-29,,,,,02-2094-2683,서울특별시 중랑구청,2026-02-26
면목3.8동7-2,1,,서울특별시 중랑구 면목3.8동 7-2,,,,,02-2094-2683,서울특별시 중랑구청,2026-02-26
면목3.8동7-5,1,,서울특별시 중랑구 면목3.8동 7-5,,,,,02-2094-2683,서울특별시 중랑구청,2026-02-26
면목3.8동10-9,1,,서울특별시 중랑구 면목3.8동 10-9,,,,,02-2094-2683,서울특별시 중랑구청,2026-02-26
면목3.8동5-4,1,,서울특별시 중랑구 면목3.8동 5-4,,,,,02-2094-2683,서울특별시 중랑구청,2026-02-26
면목3.8동5-51,1,,서울특별시 중랑구 면목3.8동 5-51,,,,,02-2094-2683,서울특별시 중랑구청,2026-02-26
면목38동1-2,1,,서울특별시 중랑구 면목38동 1-2,,,,,02-2094-2683,서울특별시 중랑구청,2026-02-26
면목3.8동5-57,1,,서울특별시 중랑구 면목3.8동 5-57,,,,,02-2094-2683,서울특별시 중랑구청,2026-02-26
면목3.8동34-2,1,,서울특별시 중랑구 면목3.8동 34-2,,,,,02-2094-2683,서울특별시 중랑구청,2026-02-26
면목3.8동5-54,1,,서울특별시 중랑구 면목3.8동 5-54,,,,,02-2094-2683,서울특별시 중랑구청,2026-02-26
면목3.8동5-12,1,,서울특별시 중랑구 면목3.8동 5-12,,,,,02-2094-2683,서울특별시 중랑구청,2026-02-26
면목38동5-19,1,,서울특별시 중랑구 면목38동 5-19,,,,,02-2094-2683,서울특별시 중랑구청,2026-02-26
면목3.8동1-37,1,,서울특별시 중랑구 면목3.8동 1-37,,,,,02-2094-2683,서울특별시 중랑구청,2026-02-26
면목3.8동5-28,1,,서울특별시 중랑구 면목3.8동 5-28,,,,,02-2094-2683,서울특별시 중랑구청,2026-02-26
면목3.8동5-29,1,,서울특별시 중랑구 면목3.8동 5-29,,,,,02-2094-2683,서울특별시 중랑구청,2026-02-26
면목3.8동5-41,1,,서울특별시 중랑구 면목3.8동 5-41,,,,,02-2094-2683,서울특별시 중랑구청,2026-02-26
면목3.8동5-37,1,,서울특별시 중랑구 면목3.8동 5-37,,,,,02-2094-2683,서울특별시 중랑구청,2026-02-26
면목3.8동5-35,1,,서울특별시 중랑구 면목3.8동 5-35,,,,,02-2094-2683,서울특별시 중랑구청,2026-02-26
면목3.8동14-50,1,,서울특별시 중랑구 면목3.8동 14-50,,,,,02-2094-2683,서울특별시 중랑구청,2026-02-26
면목3.8동14-51,1,,서울특별시 중랑구 면목3.8동 14-51,,,,,02-2094-2683,서울특별시 중랑구청,2026-02-26
면목3.8동5-33,1,,서울특별시 중랑구 면목3.8동 5-33,,,,,02-2094-2683,서울특별시 중랑구청,2026-02-26
면목3.8동14-26,1,,서울특별시 중랑구 면목3.8동 14-26,,,,,02-2094-2683,서울특별시 중랑구청,2026-02-26
면목3.8동14-28,1,,서울특별시 중랑구 면목3.8동 14-28,,,,,02-2094-2683,서울특별시 중랑구청,2026-02-26
면목3.8동14-29,1,,서울특별시 중랑구 면목3.8동 14-29,,,,,02-2094-2683,서울특별시 중랑구청,2026-02-26
면목3.8동14-31,1,,서울특별시 중랑구 면목3.8동 14-31,,,,,02-2094-2683,서울특별시 중랑구청,2026-02-26
면목3.8동14-18,1,,서울특별시 중랑구 면목3.8동 14-18,,,,,02-2094-2683,서울특별시 중랑구청,2026-02-26
면목3.8동14-16,1,,서울특별시 중랑구 면목3.8동 14-16,,,,,02-2094-2683,서울특별시 중랑구청,2026-02-26
면목3.8동14-38,1,,서울특별시 중랑구 면목3.8동 14-38,,,,,02-2094-2683,서울특별시 중랑구청,2026-02-26
면목3.8동14-57,1,,서울특별시 중랑구 면목3.8동 14-57,,,,,02-2094-2683,서울특별시 중랑구청,2026-02-26
면목3.8동14-44,1,,서울특별시 중랑구 면목3.8동 14-44,,,,,02-2094-2683,서울특별시 중랑구청,2026-02-26
면목3.8동14-53,1,,서울특별시 중랑구 면목3.8동 14-53,,,,,02-2094-2683,서울특별시 중랑구청,2026-02-26
면목3.8동53-1,1,,서울특별시 중랑구 면목3.8동 53-1,,,,,02-2094-2683,서울특별시 중랑구청,2026-02-26
면목3.8동53-3,1,,서울특별시 중랑구 면목3.8동 53-3,,,,,02-2094-2683,서울특별시 중랑구청,2026-02-26
면목3.8동45-2,1,,서울특별시 중랑구 면목3.8동 45-2,,,,,02-2094-2683,서울특별시 중랑구청,2026-02-26
면목3.8동55-24,1,,서울특별시 중랑구 면목3.8동 55-24,,,,,02-2094-2683,서울특별시 중랑구청,2026-02-26
면목3.8동52-19,1,,서울특별시 중랑구 면목3.8동 52-19,,,,,02-2094-2683,서울특별시 중랑구청,2026-02-26
면목3.8동52-5,1,,서울특별시 중랑구 면목3.8동 52-5,,,,,02-2094-2683,서울특별시 중랑구청,2026-02-26
면목3.8동52-27,1,,서울특별시 중랑구 면목3.8동 52-27,,,,,02-2094-2683,서울특별시 중랑구청,2026-02-26
면목3.8동52-14,1,,서울특별시 중랑구 면목3.8동 52-14,,,,,02-2094-2683,서울특별시 중랑구청,2026-02-26
면목3.8동52-11,1,,서울특별시 중랑구 면목3.8동 52-11,,,,,02-2094-2683,서울특별시 중랑구청,2026-02-26
면목3.8동52-4,1,,서울특별시 중랑구 면목3.8동 52-4,,,,,02-2094-2683,서울특별시 중랑구청,2026-02-26
면목3.8동52-17,1,,서울특별시 중랑구 면목3.8동 52-17,,,,,02-2094-2683,서울특별시 중랑구청,2026-02-26
면목3.8동52-26,1,,서울특별시 중랑구 면목3.8동 52-26,,,,,02-2094-2683,서울특별시 중랑구청,2026-02-26
면목3.8동51-7,1,,서울특별시 중랑구 면목3.8동 51-7,,,,,02-2094-2683,서울특별시 중랑구청,2026-02-26
면목3.8동51-5,1,,서울특별시 중랑구 면목3.8동 51-5,,,,,02-2094-2683,서울특별시 중랑구청,2026-02-26
면목3.8동1527,1,,서울특별시 중랑구 면목3.8동 1527,,,,,02-2094-2683,서울특별시 중랑구청,2026-02-26
면목38동52-24,1,,서울특별시 중랑구 면목38동 52-24,,,,,02-2094-2683,서울특별시 중랑구청,2026-02-26
면목3.8동51-16,1,,서울특별시 중랑구 면목3.8동 51-16,,,,,02-2094-2683,서울특별시 중랑구청,2026-02-26
면목3.8동51-19,1,,서울특별시 중랑구 면목3.8동 51-19,,,,,02-2094-2683,서울특별시 중랑구청,2026-02-26
면목3.8동51-1,1,,서울특별시 중랑구 면목3.8동 51-1,,,,,02-2094-2683,서울특별시 중랑구청,2026-02-26
면목3.8동51-8,1,,서울특별시 중랑구 면목3.8동 51-8,,,,,02-2094-2683,서울특별시 중랑구청,2026-02-26
면목3.8동56-1,1,,서울특별시 중랑구 면목3.8동 56-1,,,,,02-2094-2683,서울특별시 중랑구청,2026-02-26
면목3.8동56-3,1,,서울특별시 중랑구 면목3.8동 56-3,,,,,02-2094-2683,서울특별시 중랑구청,2026-02-26
면목3.8동56-9,1,,서울특별시 중랑구 면목3.8동 56-9,,,,,02-2094-2683,서울특별시 중랑구청,2026-02-26
면목3.8동55-5,1,,서울특별시 중랑구 면목3.8동 55-5,,,,,02-2094-2683,서울특별시 중랑구청,2026-02-26
면목3.8동55-9,1,,서울특별시 중랑구 면목3.8동 55-9,,,,,02-2094-2683,서울특별시 중랑구청,2026-02-26
면목3.8동55-1,1,,서울특별시 중랑구 면목3.8동 55-1,,,,,02-2094-2683,서울특별시 중랑구청,2026-02-26
면목3.8동54-2,1,,서울특별시 중랑구 면목3.8동 54-2,,,,,02-2094-2683,서울특별시 중랑구청,2026-02-26
면목3.8동55-22,1,,서울특별시 중랑구 면목3.8동 55-22,,,,,02-2094-2683,서울특별시 중랑구청,2026-02-26
면목3.8동55-23,1,,서울특별시 중랑구 면목3.8동 55-23,,,,,02-2094-2683,서울특별시 중랑구청,2026-02-26
면목3.8동54-6,1,,서울특별시 중랑구 면목3.8동 54-6,,,,,02-2094-2683,서울특별시 중랑구청,2026-02-26
면목38동1549,1,,서울특별시 중랑구 면목38동 1549,,,,,02-2094-2683,서울특별시 중랑구청,2026-02-26
면목3.8동54-4,1,,서울특별시 중랑구 면목3.8동 54-4,,,,,02-2094-2683,서울특별시 중랑구청,2026-02-26
면목3.8동54-3,1,,서울특별시 중랑구 면목3.8동 54-3,,,,,02-2094-2683,서울특별시 중랑구청,2026-02-26
면목3.8동510,1,,서울특별시 중랑구 면목3.8동 510,,,,,02-2094-2683,서울특별시 중랑구청,2026-02-26
면목3.8동78-1,1,,서울특별시 중랑구 면목3.8동 78-1,,,,,02-2094-2683,서울특별시 중랑구청,2026-02-26
면목3.8동513-10,1,,서울특별시 중랑구 면목3.8동 513-10,,,,,02-2094-2683,서울특별시 중랑구청,2026-02-26
면목3.8동514,1,,서울특별시 중랑구 면목3.8동 514,,,,,02-2094-2683,서울특별시 중랑구청,2026-02-26
면목38동514,1,,서울특별시 중랑구 면목38동 514,,,,,02-2094-2683,서울특별시 중랑구청,2026-02-26
면목3.8동80-2,1,,서울특별시 중랑구 면목3.8동 80-2,,,,,02-2094-2683,서울특별시 중랑구청,2026-02-26
면목3.8동56-6,1,,서울특별시 중랑구 면목3.8동 56-6,,,,,02-2094-2683,서울특별시 중랑구청,2026-02-26
면목3.8동56-4,1,,서울특별시 중랑구 면목3.8동 56-4,,,,,02-2094-2683,서울특별시 중랑구청,2026-02-26
면목3.8동17-38,1,,서울특별시 중랑구 면목3.8동 17-38,,,,,02-2094-2683,서울특별시 중랑구청,2026-02-26
면목3.8동1322-24,1,,서울특별시 중랑구 면목3.8동 1322-24,,,,,02-2094-2683,서울특별시 중랑구청,2026-02-26
면목3.8동57-14,1,,서울특별시 중랑구 면목3.8동 57-14,,,,,02-2094-2683,서울특별시 중랑구청,2026-02-26
면목3.8동57-7,1,,서울특별시 중랑구 면목3.8동 57-7,,,,,02-2094-2683,서울특별시 중랑구청,2026-02-26
면목3.8동493-1,1,,서울특별시 중랑구 면목3.8동 493-1,,,,,02-2094-2683,서울특별시 중랑구청,2026-02-26
면목3.8동482-12,1,,서울특별시 중랑구 면목3.8동 482-12,,,,,02-2094-2683,서울특별시 중랑구청,2026-02-26
면목3.8동481-13,1,,서울특별시 중랑구 면목3.8동 481-13,,,,,02-2094-2683,서울특별시 중랑구청,2026-02-26
면목3.8동484-3,1,,서울특별시 중랑구 면목3.8동 484-3,,,,,02-2094-2683,서울특별시 중랑구청,2026-02-26
면목3.8동484-4,1,,서울특별시 중랑구 면목3.8동 484-4,,,,,02-2094-2683,서울특별시 중랑구청,2026-02-26
면목3.8동484-1,1,,서울특별시 중랑구 면목3.8동 484-1,,,,,02-2094-2683,서울특별시 중랑구청,2026-02-26
면목3.8동485-8,1,,서울특별시 중랑구 면목3.8동 485-8,,,,,02-2094-2683,서울특별시 중랑구청,2026-02-26
면목3.8동485-13,1,,서울특별시 중랑구 면목3.8동 485-13,,,,,02-2094-2683,서울특별시 중랑구청,2026-02-26
면목3.8동485-15,1,,서울특별시 중랑구 면목3.8동 485-15,,,,,02-2094-2683,서울특별시 중랑구청,2026-02-26
면목3.8동485-3,1,,서울특별시 중랑구 면목3.8동 485-3,,,,,02-2094-2683,서울특별시 중랑구청,2026-02-26
면목3.8동483,1,,서울특별시 중랑구 면목3.8동 483,,,,,02-2094-2683,서울특별시 중랑구청,2026-02-26
면목3.8동489,1,,서울특별시 중랑구 면목3.8동 489,,,,,02-2094-2683,서울특별시 중랑구청,2026-02-26
면목3.8동42-15,1,,서울특별시 중랑구 면목3.8동 42-15,,,,,02-2094-2683,서울특별시 중랑구청,2026-02-26
면목3.8동46-43,1,,서울특별시 중랑구 면목3.8동 46-43,,,,,02-2094-2683,서울특별시 중랑구청,2026-02-26
면목3.8동3-14,1,,서울특별시 중랑구 면목3.8동 3-14,,,,,02-2094-2683,서울특별시 중랑구청,2026-02-26
면목3.8동5-21,1,,서울특별시 중랑구 면목3.8동 5-21,,,,,02-2094-2683,서울특별시 중랑구청,2026-02-26
면목3.8동43-34,1,,서울특별시 중랑구 면목3.8동 43-34,,,,,02-2094-2683,서울특별시 중랑구청,2026-02-26
면목38동23-69,1,,서울특별시 중랑구 면목38동 23-69,,,,,02-2094-2683,서울특별시 중랑구청,2026-02-26
면목3.8동42-5,1,,서울특별시 중랑구 면목3.8동 42-5,,,,,02-2094-2683,서울특별시 중랑구청,2026-02-26
면목3.8동42,1,,서울특별시 중랑구 면목3.8동 42,,,,,02-2094-2683,서울특별시 중랑구청,2026-02-26
면목3.8동1-8,1,,서울특별시 중랑구 면목3.8동 1-8,,,,,02-2094-2683,서울특별시 중랑구청,2026-02-26
면목3.8동17-8,1,,서울특별시 중랑구 면목3.8동 17-8,,,,,02-2094-2683,서울특별시 중랑구청,2026-02-26
면목3.8동15-52,1,,서울특별시 중랑구 면목3.8동 15-52,,,,,02-2094-2683,서울특별시 중랑구청,2026-02-26
면목38동20-8,1,,서울특별시 중랑구 면목38동 20-8,,,,,02-2094-2683,서울특별시 중랑구청,2026-02-26
면목38동50-31,1,,서울특별시 중랑구 면목38동 50-31,,,,,02-2094-2683,서울특별시 중랑구청,2026-02-26
면목3.8동3-13,1,,서울특별시 중랑구 면목3.8동 3-13,,,,,02-2094-2683,서울특별시 중랑구청,2026-02-26
면목38동50-26,1,,서울특별시 중랑구 면목38동 50-26,,,,,02-2094-2683,서울특별시 중랑구청,2026-02-26
면목3.8동19-3,1,,서울특별시 중랑구 면목3.8동 19-3,,,,,02-2094-2683,서울특별시 중랑구청,2026-02-26
면목3.8동51-13,1,,서울특별시 중랑구 면목3.8동 51-13,,,,,02-2094-2683,서울특별시 중랑구청,2026-02-26
면목3.8동33-8,1,,서울특별시 중랑구 면목3.8동 33-8,,,,,02-2094-2683,서울특별시 중랑구청,2026-02-26
면목3.8동33-5,1,,서울특별시 중랑구 면목3.8동 33-5,,,,,02-2094-2683,서울특별시 중랑구청,2026-02-26
면목3.8동33-4,1,,서울특별시 중랑구 면목3.8동 33-4,,,,,02-2094-2683,서울특별시 중랑구청,2026-02-26
면목3.8동485-14,1,,서울특별시 중랑구 면목3.8동 485-14,,,,,02-2094-2683,서울특별시 중랑구청,2026-02-26
면목3.8동5-5,1,,서울특별시 중랑구 면목3.8동 5-5,,,,,02-2094-2683,서울특별시 중랑구청,2026-02-26
면목3.8동23-23,1,,서울특별시 중랑구 면목3.8동 23-23,,,,,02-2094-2683,서울특별시 중랑구청,2026-02-26
면목3.8동23-10,1,,서울특별시 중랑구 면목3.8동 23-10,,,,,02-2094-2683,서울특별시 중랑구청,2026-02-26
면목3.8동30-44,1,,서울특별시 중랑구 면목3.8동 30-44,,,,,02-2094-2683,서울특별시 중랑구청,2026-02-26
면목3.8동3-7,1,,서울특별시 중랑구 면목3.8동 3-7,,,,,02-2094-2683,서울특별시 중랑구청,2026-02-26
면목3.8동15-14,1,,서울특별시 중랑구 면목3.8동 15-14,,,,,02-2094-2683,서울특별시 중랑구청,2026-02-26
면목3.8동72-22,1,,서울특별시 중랑구 면목3.8동 72-22,,,,,02-2094-2683,서울특별시 중랑구청,2026-02-26
면목3.8동72-51,1,,서울특별시 중랑구 면목3.8동 72-51,,,,,02-2094-2683,서울특별시 중랑구청,2026-02-26
면목3.8동72-41,1,,서울특별시 중랑구 면목3.8동 72-41,,,,,02-2094-2683,서울특별시 중랑구청,2026-02-26
면목3.8동72-40,1,,서울특별시 중랑구 면목3.8동 72-40,,,,,02-2094-2683,서울특별시 중랑구청,2026-02-26
면목3.8동23-60,1,,서울특별시 중랑구 면목3.8동 23-60,,,,,02-2094-2683,서울특별시 중랑구청,2026-02-26
면목3.8동23-70,1,,서울특별시 중랑구 면목3.8동 23-70,,,,,02-2094-2683,서울특별시 중랑구청,2026-02-26
면목3.8동46-13,1,,서울특별시 중랑구 면목3.8동 46-13,,,,,02-2094-2683,서울특별시 중랑구청,2026-02-26
면목3.8동1112-4,1,,서울특별시 중랑구 면목3.8동 1112-4,,,,,02-2094-2683,서울특별시 중랑구청,2026-02-26
면목3.8동43-4,1,,서울특별시 중랑구 면목3.8동 43-4,,,,,02-2094-2683,서울특별시 중랑구청,2026-02-26
면목3.8동42-6,1,,서울특별시 중랑구 면목3.8동 42-6,,,,,02-2094-2683,서울특별시 중랑구청,2026-02-26
면목3.8동44-26,1,,서울특별시 중랑구 면목3.8동 44-26,,,,,02-2094-2683,서울특별시 중랑구청,2026-02-26
면목3.8동3-51,1,,서울특별시 중랑구 면목3.8동 3-51,,,,,02-2094-2683,서울특별시 중랑구청,2026-02-26
면목3.8동5-34,1,,서울특별시 중랑구 면목3.8동 5-34,,,,,02-2094-2683,서울특별시 중랑구청,2026-02-26
면목3.8동50-32,1,,서울특별시 중랑구 면목3.8동 50-32,,,,,02-2094-2683,서울특별시 중랑구청,2026-02-26
면목38동3-51,1,,서울특별시 중랑구 면목38동 3-51,,,,,02-2094-2683,서울특별시 중랑구청,2026-02-26
면목38동23-8,1,,서울특별시 중랑구 면목38동 23-8,,,,,02-2094-2683,서울특별시 중랑구청,2026-02-26
면목38동22-13,1,,서울특별시 중랑구 면목38동 22-13,,,,,02-2094-2683,서울특별시 중랑구청,2026-02-26
면목3.8동23-29,1,,서울특별시 중랑구 면목3.8동 23-29,,,,,02-2094-2683,서울특별시 중랑구청,2026-02-26
면목3.8동461-2,1,,서울특별시 중랑구 면목3.8동 461-2,,,,,02-2094-2683,서울특별시 중랑구청,2026-02-26
면목3.8동439,1,,서울특별시 중랑구 면목3.8동 439,,,,,02-2094-2683,서울특별시 중랑구청,2026-02-26
면목3.8동458-30,1,,서울특별시 중랑구 면목3.8동 458-30,,,,,02-2094-2683,서울특별시 중랑구청,2026-02-26
면목3.8동458-11,1,,서울특별시 중랑구 면목3.8동 458-11,,,,,02-2094-2683,서울특별시 중랑구청,2026-02-26
면목3.8동458-32,1,,서울특별시 중랑구 면목3.8동 458-32,,,,,02-2094-2683,서울특별시 중랑구청,2026-02-26
면목3.8동458-21,1,,서울특별시 중랑구 면목3.8동 458-21,,,,,02-2094-2683,서울특별시 중랑구청,2026-02-26
면목3.8동499-12,1,,서울특별시 중랑구 면목3.8동 499-12,,,,,02-2094-2683,서울특별시 중랑구청,2026-02-26
면목38동30-21,1,,서울특별시 중랑구 면목38동 30-21,,,,,02-2094-2683,서울특별시 중랑구청,2026-02-26
면목3.8동43-30,1,,서울특별시 중랑구 면목3.8동 43-30,,,,,02-2094-2683,서울특별시 중랑구청,2026-02-26
면목3.8동30-18,1,,서울특별시 중랑구 면목3.8동 30-18,,,,,02-2094-2683,서울특별시 중랑구청,2026-02-26
면목3.8동30-13,1,,서울특별시 중랑구 면목3.8동 30-13,,,,,02-2094-2683,서울특별시 중랑구청,2026-02-26
면목3.8동5-32,1,,서울특별시 중랑구 면목3.8동 5-32,,,,,02-2094-2683,서울특별시 중랑구청,2026-02-26
면목38동10-2,1,,서울특별시 중랑구 면목38동 10-2,,,,,02-2094-2683,서울특별시 중랑구청,2026-02-26
면목3.8동30-37,1,,서울특별시 중랑구 면목3.8동 30-37,,,,,02-2094-2683,서울특별시 중랑구청,2026-02-26
면목3.8동17-9,1,,서울특별시 중랑구 면목3.8동 17-9,,,,,02-2094-2683,서울특별시 중랑구청,2026-02-26
면목3.8동43-9,1,,서울특별시 중랑구 면목3.8동 43-9,,,,,02-2094-2683,서울특별시 중랑구청,2026-02-26
면목38동14-13,1,,서울특별시 중랑구 면목38동 14-13,,,,,02-2094-2683,서울특별시 중랑구청,2026-02-26
면목38동52-14,1,,서울특별시 중랑구 면목38동 52-14,,,,,02-2094-2683,서울특별시 중랑구청,2026-02-26
면목3.8동30-2,1,,서울특별시 중랑구 면목3.8동30-2,37.588665,127.094593,,,02-2094-2683,서울특별시 중랑구청,2026-02-26
면목38동 33,1,,서울특별시 중랑구 면목38동 33,37.588267,127.094589,,,02-2094-2683,서울특별시 중랑구청,2026-02-26
면목38동 77,1,,서울특별시 중랑구 면목38동 77,37.591249,127.094553,,,02-2094-2683,서울특별시 중랑구청,2026-02-26
면목38동 428-31,1,,서울특별시 중랑구 면목38동 428-31,37.582236,127.089855,,,02-2094-2683,서울특별시 중랑구청,2026-02-26
면목38동 606-3,1,,서울특별시 중랑구 면목38동 606-3,37.579462,127.086307,,,02-2094-2683,서울특별시 중랑구청,2026-02-26
면목동52-9,1,서울특별시 중랑구 용마산로86길 9-32,서울특별시 중랑구 면목동 52-9,37.58748155,127.096703,,,02-2094-2683,서울특별시 중랑구청,2026-02-26
면목동52-17,1,서울특별시 중랑구 용마산로86길 9-26,서울특별시 중랑구 면목동 52-17,37.58723137,127.0967798,,,02-2094-2683,서울특별시 중랑구청,2026-02-26
면목동51-12,1,,서울특별시 중랑구 면목동 51-12,37.58659357,127.0956584,,,02-2094-2683,서울특별시 중랑구청,2026-02-26
면목동14-6,1,서울특별시 중랑구 용마산로94나길 14,서울특별시 중랑구 면목동 14-6,37.58837312,127.097644,,,02-2094-2683,서울특별시 중랑구청,2026-02-26
면목38동490,1,,서울특별시 중랑구 면목38동 490,,,,,02-2094-2683,서울특별시 중랑구청,2026-02-26
면목38동1063,1,,서울특별시 중랑구 면목38동 1063,,,,,02-2094-2683,서울특별시 중랑구청,2026-02-26
면목38동,1,,서울특별시 중랑구 면목38동,,,,,02-2094-2683,서울특별시 중랑구청,2026-02-26
면목7동527-134,1,,서울특별시 중랑구 면목7동 527-134,,,,,02-2094-2683,서울특별시 중랑구청,2026-02-26
