보안등위치명,설치개수,소재지도로명주소,소재지지번주소,위도,경도,설치연도,설치형태,관리기관전화번호,관리기관명,데이터기준일자
남영동1,1,,서울특별시 용산구남영동 53-5,,,2012,,02-2199-7880,서울특별시 용산구청,2026-06-13
남영동10,1,,서울특별시 용산구남영동 49-2,,,2024,,02-2199-7880,서울특별시 용산구청,2026-06-13
남영동100,1,,서울특별시 용산구남영동 2,,,2012,,02-2199-7880,서울특별시 용산구청,2026-06-13
남영동101,1,,서울특별시 용산구남영동 2,,,2012,,02-2199-7880,서울특별시 용산구청,2026-06-13
남영동102,1,,서울특별시 용산구남영동 2,,,2012,,02-2199-7880,서울특별시 용산구청,2026-06-13
남영동103,1,,서울특별시 용산구남영동 58-5,,,2016,,02-2199-7880,서울특별시 용산구청,2026-06-13
남영동104,1,,서울특별시 용산구남영동 2,,,2019,,02-2199-7880,서울특별시 용산구청,2026-06-13
남영동105,1,,서울특별시 용산구남영동 51-2,,,2012,,02-2199-7880,서울특별시 용산구청,2026-06-13
남영동106,1,,서울특별시 용산구남영동 102-4,,,2012,,02-2199-7880,서울특별시 용산구청,2026-06-13
남영동107,1,,서울특별시 용산구남영동 51-4,,,2012,,02-2199-7880,서울특별시 용산구청,2026-06-13
남영동108,1,,서울특별시 용산구남영동 2,,,2012,,02-2199-7880,서울특별시 용산구청,2026-06-13
남영동109,1,,서울특별시 용산구남영동 2,,,2019,,02-2199-7880,서울특별시 용산구청,2026-06-13
남영동11,1,,서울특별시 용산구남영동 51-16,,,2012,,02-2199-7880,서울특별시 용산구청,2026-06-13
남영동11(남영동369),1,,서울특별시 용산구남영동 51,,,2021,,02-2199-7880,서울특별시 용산구청,2026-06-13
남영동110,1,,서울특별시 용산구남영동 2,,,2012,,02-2199-7880,서울특별시 용산구청,2026-06-13
남영동111,1,,서울특별시 용산구남영동 2,,,2019,,02-2199-7880,서울특별시 용산구청,2026-06-13
남영동112,1,,서울특별시 용산구남영동 2,,,2012,,02-2199-7880,서울특별시 용산구청,2026-06-13
남영동113,1,,서울특별시 용산구남영동 98-4,,,2012,,02-2199-7880,서울특별시 용산구청,2026-06-13
남영동114,1,,서울특별시 용산구남영동 2,,,2012,,02-2199-7880,서울특별시 용산구청,2026-06-13
남영동115,1,,서울특별시 용산구남영동 87,,,2022,,02-2199-7880,서울특별시 용산구청,2026-06-13
남영동116,1,,서울특별시 용산구남영동 99-3,,,2012,,02-2199-7880,서울특별시 용산구청,2026-06-13
남영동117,1,,서울특별시 용산구남영동 98-3,,,2012,,02-2199-7880,서울특별시 용산구청,2026-06-13
남영동118,1,,서울특별시 용산구남영동 2,,,2012,,02-2199-7880,서울특별시 용산구청,2026-06-13
남영동119,1,,서울특별시 용산구남영동 99-1,,,2012,,02-2199-7880,서울특별시 용산구청,2026-06-13
남영동12,1,,서울특별시 용산구남영동 164-16,,,2012,,02-2199-7880,서울특별시 용산구청,2026-06-13
남영동120,1,,서울특별시 용산구남영동 105-4,,,2012,,02-2199-7880,서울특별시 용산구청,2026-06-13
남영동121,1,,서울특별시 용산구남영동 2,,,2012,,02-2199-7880,서울특별시 용산구청,2026-06-13
남영동122,1,,서울특별시 용산구남영동 2,,,2012,,02-2199-7880,서울특별시 용산구청,2026-06-13
남영동123,1,,서울특별시 용산구남영동 2,,,2016,,02-2199-7880,서울특별시 용산구청,2026-06-13
남영동124,1,,서울특별시 용산구남영동 89-3,,,2012,,02-2199-7880,서울특별시 용산구청,2026-06-13
남영동125,1,,서울특별시 용산구남영동 89-3,,,2012,,02-2199-7880,서울특별시 용산구청,2026-06-13
남영동126,1,,서울특별시 용산구남영동 88-3,,,2018,,02-2199-7880,서울특별시 용산구청,2026-06-13
남영동127,1,,서울특별시 용산구남영동 88-2,,,2012,,02-2199-7880,서울특별시 용산구청,2026-06-13
남영동128,1,,서울특별시 용산구남영동 88-3,,,2012,,02-2199-7880,서울특별시 용산구청,2026-06-13
남영동129,1,,서울특별시 용산구남영동 85-1,,,2012,,02-2199-7880,서울특별시 용산구청,2026-06-13
남영동13,1,,서울특별시 용산구남영동 51-6,,,2012,,02-2199-7880,서울특별시 용산구청,2026-06-13
남영동130,1,,서울특별시 용산구남영동 83-1,,,2016,,02-2199-7880,서울특별시 용산구청,2026-06-13
남영동131,1,,서울특별시 용산구남영동 96-3,,,2012,,02-2199-7880,서울특별시 용산구청,2026-06-13
남영동132,1,,서울특별시 용산구남영동 107-3,,,2012,,02-2199-7880,서울특별시 용산구청,2026-06-13
남영동133,1,,서울특별시 용산구남영동 101-1,,,2012,,02-2199-7880,서울특별시 용산구청,2026-06-13
남영동134,1,,서울특별시 용산구남영동 100-2,,,2012,,02-2199-7880,서울특별시 용산구청,2026-06-13
남영동135,1,,서울특별시 용산구남영동 2,,,2012,,02-2199-7880,서울특별시 용산구청,2026-06-13
남영동136,1,,서울특별시 용산구남영동 101-1,,,2012,,02-2199-7880,서울특별시 용산구청,2026-06-13
남영동137,1,,서울특별시 용산구남영동 100-1,,,2012,,02-2199-7880,서울특별시 용산구청,2026-06-13
남영동138,1,,서울특별시 용산구남영동 2,,,2019,,02-2199-7880,서울특별시 용산구청,2026-06-13
남영동139,1,,서울특별시 용산구남영동 2,,,2012,,02-2199-7880,서울특별시 용산구청,2026-06-13
남영동14,1,,서울특별시 용산구남영동 33-2,,,2012,,02-2199-7880,서울특별시 용산구청,2026-06-13
남영동140,1,,서울특별시 용산구남영동 2,,,2012,,02-2199-7880,서울특별시 용산구청,2026-06-13
남영동141,1,,서울특별시 용산구남영동 122-2,,,2012,,02-2199-7880,서울특별시 용산구청,2026-06-13
남영동142,1,,서울특별시 용산구남영동 122-1,,,2012,,02-2199-7880,서울특별시 용산구청,2026-06-13
남영동143,1,,서울특별시 용산구남영동 2,,,2012,,02-2199-7880,서울특별시 용산구청,2026-06-13
남영동144,1,,서울특별시 용산구남영동 2,,,2012,,02-2199-7880,서울특별시 용산구청,2026-06-13
남영동145,1,,서울특별시 용산구남영동 2,,,2012,,02-2199-7880,서울특별시 용산구청,2026-06-13
남영동146,1,,서울특별시 용산구남영동 108-9,,,2012,,02-2199-7880,서울특별시 용산구청,2026-06-13
남영동147,1,,서울특별시 용산구남영동 114-18,,,2012,,02-2199-7880,서울특별시 용산구청,2026-06-13
남영동148,1,,서울특별시 용산구남영동 114-18,,,2012,,02-2199-7880,서울특별시 용산구청,2026-06-13
남영동149,1,,서울특별시 용산구남영동 114-18,,,2012,,02-2199-7880,서울특별시 용산구청,2026-06-13
남영동15,1,,서울특별시 용산구남영동 44-18,,,2012,,02-2199-7880,서울특별시 용산구청,2026-06-13
남영동150,1,,서울특별시 용산구남영동 69-78,,,2013,,02-2199-7880,서울특별시 용산구청,2026-06-13
남영동151,1,,서울특별시 용산구남영동 88-36,,,2018,,02-2199-7880,서울특별시 용산구청,2026-06-13
남영동152,1,,서울특별시 용산구남영동 88-22,,,2012,,02-2199-7880,서울특별시 용산구청,2026-06-13
남영동153,1,,서울특별시 용산구남영동 90-10,,,2021,,02-2199-7880,서울특별시 용산구청,2026-06-13
남영동154,1,,서울특별시 용산구남영동 89-3,,,2012,,02-2199-7880,서울특별시 용산구청,2026-06-13
남영동155,1,,서울특별시 용산구남영동 93-1,,,2012,,02-2199-7880,서울특별시 용산구청,2026-06-13
남영동156,1,,서울특별시 용산구남영동 93-19,,,2016,,02-2199-7880,서울특별시 용산구청,2026-06-13
남영동157,1,,서울특별시 용산구남영동 92,,,2012,,02-2199-7880,서울특별시 용산구청,2026-06-13
남영동158,1,,서울특별시 용산구남영동 92,,,2012,,02-2199-7880,서울특별시 용산구청,2026-06-13
남영동159,1,,서울특별시 용산구남영동 92,,,2012,,02-2199-7880,서울특별시 용산구청,2026-06-13
남영동16,1,,서울특별시 용산구남영동 44-1,,,2012,,02-2199-7880,서울특별시 용산구청,2026-06-13
남영동160,1,,서울특별시 용산구남영동 93-49,,,2015,,02-2199-7880,서울특별시 용산구청,2026-06-13
남영동161,1,,서울특별시 용산구남영동 93-61,,,2018,,02-2199-7880,서울특별시 용산구청,2026-06-13
남영동162,1,,서울특별시 용산구남영동 98-10,,,2012,,02-2199-7880,서울특별시 용산구청,2026-06-13
남영동163,1,,서울특별시 용산구남영동 98-10,,,2012,,02-2199-7880,서울특별시 용산구청,2026-06-13
남영동164,1,,서울특별시 용산구남영동 98-38,,,2012,,02-2199-7880,서울특별시 용산구청,2026-06-13
남영동165,1,,서울특별시 용산구남영동 98-38,,,2012,,02-2199-7880,서울특별시 용산구청,2026-06-13
남영동166,1,,서울특별시 용산구남영동 98-10,,,2012,,02-2199-7880,서울특별시 용산구청,2026-06-13
남영동167,1,,서울특별시 용산구남영동 98-10,,,2012,,02-2199-7880,서울특별시 용산구청,2026-06-13
남영동168,1,,서울특별시 용산구남영동 7-133,,,2012,,02-2199-7880,서울특별시 용산구청,2026-06-13
남영동169,1,,서울특별시 용산구남영동 7-81,,,2012,,02-2199-7880,서울특별시 용산구청,2026-06-13
남영동17,1,,서울특별시 용산구남영동 49-4,,,2012,,02-2199-7880,서울특별시 용산구청,2026-06-13
남영동170,1,,서울특별시 용산구남영동 7-81,,,2012,,02-2199-7880,서울특별시 용산구청,2026-06-13
남영동171,1,,서울특별시 용산구남영동 7-81,,,2012,,02-2199-7880,서울특별시 용산구청,2026-06-13
남영동172,1,,서울특별시 용산구남영동 7-81,,,2012,,02-2199-7880,서울특별시 용산구청,2026-06-13
남영동173,1,,서울특별시 용산구남영동 7-179,,,2012,,02-2199-7880,서울특별시 용산구청,2026-06-13
남영동174,1,,서울특별시 용산구남영동 7-19,,,2012,,02-2199-7880,서울특별시 용산구청,2026-06-13
남영동175,1,,서울특별시 용산구남영동 7-127,,,2012,,02-2199-7880,서울특별시 용산구청,2026-06-13
남영동176,1,,서울특별시 용산구남영동 7-132,,,2012,,02-2199-7880,서울특별시 용산구청,2026-06-13
남영동177,1,,서울특별시 용산구남영동 7-103,,,2012,,02-2199-7880,서울특별시 용산구청,2026-06-13
남영동178,1,,서울특별시 용산구남영동 7-15,,,2012,,02-2199-7880,서울특별시 용산구청,2026-06-13
남영동179,1,,서울특별시 용산구남영동 7-81,,,2012,,02-2199-7880,서울특별시 용산구청,2026-06-13
남영동18,1,,서울특별시 용산구남영동 45-14,,,2012,,02-2199-7880,서울특별시 용산구청,2026-06-13
남영동180,1,,서울특별시 용산구남영동 7-105,,,2012,,02-2199-7880,서울특별시 용산구청,2026-06-13
남영동181,1,,서울특별시 용산구남영동 7-109,,,2012,,02-2199-7880,서울특별시 용산구청,2026-06-13
남영동182,1,,서울특별시 용산구남영동 7-109,,,2012,,02-2199-7880,서울특별시 용산구청,2026-06-13
남영동183,1,,서울특별시 용산구남영동 7-86,,,2012,,02-2199-7880,서울특별시 용산구청,2026-06-13
남영동184,1,,서울특별시 용산구남영동 7-81,,,2012,,02-2199-7880,서울특별시 용산구청,2026-06-13
남영동185,1,,서울특별시 용산구남영동 7-81,,,2012,,02-2199-7880,서울특별시 용산구청,2026-06-13
남영동186,1,,서울특별시 용산구남영동 7-81,,,2012,,02-2199-7880,서울특별시 용산구청,2026-06-13
남영동187,1,,서울특별시 용산구남영동 7-88,,,2012,,02-2199-7880,서울특별시 용산구청,2026-06-13
남영동188,1,,서울특별시 용산구남영동 7-89,,,2012,,02-2199-7880,서울특별시 용산구청,2026-06-13
남영동189,1,,서울특별시 용산구남영동 7-81,,,2012,,02-2199-7880,서울특별시 용산구청,2026-06-13
남영동19,1,,서울특별시 용산구남영동 31-2,,,2012,,02-2199-7880,서울특별시 용산구청,2026-06-13
남영동190,1,,서울특별시 용산구남영동 6-28,,,2012,,02-2199-7880,서울특별시 용산구청,2026-06-13
남영동191,1,,서울특별시 용산구남영동 5-2,,,2012,,02-2199-7880,서울특별시 용산구청,2026-06-13
남영동192,1,,서울특별시 용산구남영동 5-24,,,2012,,02-2199-7880,서울특별시 용산구청,2026-06-13
남영동193,1,,서울특별시 용산구남영동 5-23,,,2012,,02-2199-7880,서울특별시 용산구청,2026-06-13
남영동194,1,,서울특별시 용산구남영동 6-8,,,2012,,02-2199-7880,서울특별시 용산구청,2026-06-13
남영동195,1,,서울특별시 용산구남영동 6-12,,,2012,,02-2199-7880,서울특별시 용산구청,2026-06-13
남영동196,1,,서울특별시 용산구남영동 6-8,,,2012,,02-2199-7880,서울특별시 용산구청,2026-06-13
남영동197,1,,서울특별시 용산구남영동 22-32,,,2012,,02-2199-7880,서울특별시 용산구청,2026-06-13
남영동198,1,,서울특별시 용산구남영동 22-32,,,2012,,02-2199-7880,서울특별시 용산구청,2026-06-13
남영동199,1,,서울특별시 용산구남영동 30-8,,,2012,,02-2199-7880,서울특별시 용산구청,2026-06-13
남영동2,1,,서울특별시 용산구남영동 53-19,,,2012,,02-2199-7880,서울특별시 용산구청,2026-06-13
남영동20,1,,서울특별시 용산구남영동 29-1,,,2012,,02-2199-7880,서울특별시 용산구청,2026-06-13
남영동200,1,,서울특별시 용산구남영동 22-10,,,2018,,02-2199-7880,서울특별시 용산구청,2026-06-13
남영동201,1,,서울특별시 용산구남영동 1-1,,,2012,,02-2199-7880,서울특별시 용산구청,2026-06-13
남영동202,1,,서울특별시 용산구남영동 37-103,,,2012,,02-2199-7880,서울특별시 용산구청,2026-06-13
남영동203,1,,서울특별시 용산구남영동 38-3,,,2012,,02-2199-7880,서울특별시 용산구청,2026-06-13
남영동204,1,,서울특별시 용산구남영동 38-13,,,2012,,02-2199-7880,서울특별시 용산구청,2026-06-13
남영동205,1,,서울특별시 용산구남영동 38-2,,,2012,,02-2199-7880,서울특별시 용산구청,2026-06-13
남영동206,1,,서울특별시 용산구남영동 2-7,,,2012,,02-2199-7880,서울특별시 용산구청,2026-06-13
남영동207,1,,서울특별시 용산구남영동 3-3,,,2012,,02-2199-7880,서울특별시 용산구청,2026-06-13
남영동208,1,,서울특별시 용산구남영동 5-19,,,2012,,02-2199-7880,서울특별시 용산구청,2026-06-13
남영동209,1,,서울특별시 용산구남영동 5-51,,,2012,,02-2199-7880,서울특별시 용산구청,2026-06-13
남영동21,1,,서울특별시 용산구남영동 29-4,,,2012,,02-2199-7880,서울특별시 용산구청,2026-06-13
남영동210,1,,서울특별시 용산구남영동 5-51,,,2012,,02-2199-7880,서울특별시 용산구청,2026-06-13
남영동211,1,,서울특별시 용산구남영동 5-19,,,2012,,02-2199-7880,서울특별시 용산구청,2026-06-13
남영동212,1,,서울특별시 용산구남영동 5-19,,,2012,,02-2199-7880,서울특별시 용산구청,2026-06-13
남영동213,1,,서울특별시 용산구남영동 5-34,,,2012,,02-2199-7880,서울특별시 용산구청,2026-06-13
남영동214,1,,서울특별시 용산구남영동 5-4,,,2012,,02-2199-7880,서울특별시 용산구청,2026-06-13
남영동215,1,,서울특별시 용산구남영동 5-34,,,2012,,02-2199-7880,서울특별시 용산구청,2026-06-13
남영동216,1,,서울특별시 용산구남영동 5-34,,,2012,,02-2199-7880,서울특별시 용산구청,2026-06-13
남영동217,1,,서울특별시 용산구남영동 8-11,,,2012,,02-2199-7880,서울특별시 용산구청,2026-06-13
남영동218,1,,서울특별시 용산구남영동 8-25,,,2012,,02-2199-7880,서울특별시 용산구청,2026-06-13
남영동219,1,,서울특별시 용산구남영동 8-71,,,2012,,02-2199-7880,서울특별시 용산구청,2026-06-13
남영동22,1,,서울특별시 용산구남영동 58-10,,,2012,,02-2199-7880,서울특별시 용산구청,2026-06-13
남영동220,1,,서울특별시 용산구남영동 8-25,,,2012,,02-2199-7880,서울특별시 용산구청,2026-06-13
남영동221,1,,서울특별시 용산구남영동 8-11,,,2012,,02-2199-7880,서울특별시 용산구청,2026-06-13
남영동222,1,,서울특별시 용산구남영동 7-190,,,2012,,02-2199-7880,서울특별시 용산구청,2026-06-13
남영동223,1,,서울특별시 용산구남영동 7-44,,,2012,,02-2199-7880,서울특별시 용산구청,2026-06-13
남영동224,1,,서울특별시 용산구남영동 7-87,,,2012,,02-2199-7880,서울특별시 용산구청,2026-06-13
남영동225,1,,서울특별시 용산구남영동 7-54,,,2012,,02-2199-7880,서울특별시 용산구청,2026-06-13
남영동226,1,,서울특별시 용산구남영동 7-54,,,2012,,02-2199-7880,서울특별시 용산구청,2026-06-13
남영동227,1,,서울특별시 용산구남영동 7-54,,,2012,,02-2199-7880,서울특별시 용산구청,2026-06-13
남영동228,1,,서울특별시 용산구남영동 7-81,,,2018,,02-2199-7880,서울특별시 용산구청,2026-06-13
남영동229,1,,서울특별시 용산구남영동 7-54,,,2012,,02-2199-7880,서울특별시 용산구청,2026-06-13
남영동23,1,,서울특별시 용산구남영동 28,,,2012,,02-2199-7880,서울특별시 용산구청,2026-06-13
남영동230,1,,서울특별시 용산구남영동 8-11,,,2012,,02-2199-7880,서울특별시 용산구청,2026-06-13
남영동231,1,,서울특별시 용산구남영동 8-20,,,2012,,02-2199-7880,서울특별시 용산구청,2026-06-13
남영동232,1,,서울특별시 용산구남영동 8-11,,,2012,,02-2199-7880,서울특별시 용산구청,2026-06-13
남영동233,1,,서울특별시 용산구남영동 8-10,,,2012,,02-2199-7880,서울특별시 용산구청,2026-06-13
남영동234,1,,서울특별시 용산구남영동 8-15,,,2020,,02-2199-7880,서울특별시 용산구청,2026-06-13
남영동235,1,,서울특별시 용산구남영동 7-85,,,2012,,02-2199-7880,서울특별시 용산구청,2026-06-13
남영동236,1,,서울특별시 용산구남영동 7-85,,,2012,,02-2199-7880,서울특별시 용산구청,2026-06-13
남영동237,1,,서울특별시 용산구남영동 7-62,,,2012,,02-2199-7880,서울특별시 용산구청,2026-06-13
남영동238,1,,서울특별시 용산구남영동 7-85,,,2012,,02-2199-7880,서울특별시 용산구청,2026-06-13
남영동239,1,,서울특별시 용산구남영동 7-81,,,2012,,02-2199-7880,서울특별시 용산구청,2026-06-13
남영동24,1,,서울특별시 용산구남영동 26-3,,,2012,,02-2199-7880,서울특별시 용산구청,2026-06-13
남영동240,1,,서울특별시 용산구남영동 7-81,,,2012,,02-2199-7880,서울특별시 용산구청,2026-06-13
남영동241,1,,서울특별시 용산구남영동 7-35,,,2012,,02-2199-7880,서울특별시 용산구청,2026-06-13
남영동242,1,,서울특별시 용산구남영동 7-94,,,2012,,02-2199-7880,서울특별시 용산구청,2026-06-13
남영동243,1,,서울특별시 용산구남영동 7-81,,,2012,,02-2199-7880,서울특별시 용산구청,2026-06-13
남영동244,1,,서울특별시 용산구남영동 7-93,,,2012,,02-2199-7880,서울특별시 용산구청,2026-06-13
남영동245,1,,서울특별시 용산구남영동 7-101,,,2012,,02-2199-7880,서울특별시 용산구청,2026-06-13
남영동246,1,,서울특별시 용산구남영동 7-81,,,2012,,02-2199-7880,서울특별시 용산구청,2026-06-13
남영동247,1,,서울특별시 용산구남영동 7-81,,,2018,,02-2199-7880,서울특별시 용산구청,2026-06-13
남영동248,1,,서울특별시 용산구남영동 7-75,,,2012,,02-2199-7880,서울특별시 용산구청,2026-06-13
남영동249,1,,서울특별시 용산구남영동 7-27,,,2012,,02-2199-7880,서울특별시 용산구청,2026-06-13
남영동25,1,,서울특별시 용산구남영동 26-3,,,2012,,02-2199-7880,서울특별시 용산구청,2026-06-13
남영동250,1,,서울특별시 용산구남영동 7-81,,,2012,,02-2199-7880,서울특별시 용산구청,2026-06-13
남영동251,1,,서울특별시 용산구남영동 7-204,,,2012,,02-2199-7880,서울특별시 용산구청,2026-06-13
남영동252,1,,서울특별시 용산구남영동 7-65,,,2012,,02-2199-7880,서울특별시 용산구청,2026-06-13
남영동253,1,,서울특별시 용산구남영동 11-52,,,2012,,02-2199-7880,서울특별시 용산구청,2026-06-13
남영동254,1,,서울특별시 용산구남영동 7-68,,,2012,,02-2199-7880,서울특별시 용산구청,2026-06-13
남영동255,1,,서울특별시 용산구남영동 14-43,,,2012,,02-2199-7880,서울특별시 용산구청,2026-06-13
남영동256,1,,서울특별시 용산구남영동 11-8,,,2012,,02-2199-7880,서울특별시 용산구청,2026-06-13
남영동257,1,,서울특별시 용산구남영동 11-8,,,2012,,02-2199-7880,서울특별시 용산구청,2026-06-13
남영동258,1,,서울특별시 용산구남영동 11-32,,,2019,,02-2199-7880,서울특별시 용산구청,2026-06-13
남영동259,1,,서울특별시 용산구남영동 11-55,,,2012,,02-2199-7880,서울특별시 용산구청,2026-06-13
남영동26,1,,서울특별시 용산구남영동 34-4,,,2013,,02-2199-7880,서울특별시 용산구청,2026-06-13
남영동260,1,,서울특별시 용산구남영동 11-34,,,2016,,02-2199-7880,서울특별시 용산구청,2026-06-13
남영동261,1,,서울특별시 용산구남영동 23-1,,,2012,,02-2199-7880,서울특별시 용산구청,2026-06-13
남영동262,1,,서울특별시 용산구남영동 14-89,,,2012,,02-2199-7880,서울특별시 용산구청,2026-06-13
남영동263,1,,서울특별시 용산구남영동 14-43,,,2012,,02-2199-7880,서울특별시 용산구청,2026-06-13
남영동264,1,,서울특별시 용산구남영동 11-27,,,2012,,02-2199-7880,서울특별시 용산구청,2026-06-13
남영동265,1,,서울특별시 용산구남영동 14-16,,,2012,,02-2199-7880,서울특별시 용산구청,2026-06-13
남영동266,1,,서울특별시 용산구남영동 14-54,,,2012,,02-2199-7880,서울특별시 용산구청,2026-06-13
남영동267,1,,서울특별시 용산구남영동 14-61,,,2016,,02-2199-7880,서울특별시 용산구청,2026-06-13
남영동268,1,,서울특별시 용산구남영동 14-61,,,2012,,02-2199-7880,서울특별시 용산구청,2026-06-13
남영동269,1,,서울특별시 용산구남영동 22-20,,,2012,,02-2199-7880,서울특별시 용산구청,2026-06-13
남영동27,1,,서울특별시 용산구남영동 34-3,,,2012,,02-2199-7880,서울특별시 용산구청,2026-06-13
남영동270,1,,서울특별시 용산구남영동 22-28,,,2012,,02-2199-7880,서울특별시 용산구청,2026-06-13
남영동271,1,,서울특별시 용산구남영동 22-10,,,2012,,02-2199-7880,서울특별시 용산구청,2026-06-13
남영동272,1,,서울특별시 용산구남영동 22-10,,,2012,,02-2199-7880,서울특별시 용산구청,2026-06-13
남영동273,1,,서울특별시 용산구남영동 22-10,,,2012,,02-2199-7880,서울특별시 용산구청,2026-06-13
남영동274,1,,서울특별시 용산구남영동 22-77,,,2012,,02-2199-7880,서울특별시 용산구청,2026-06-13
남영동275,1,,서울특별시 용산구남영동 22-35,,,2012,,02-2199-7880,서울특별시 용산구청,2026-06-13
남영동276,1,,서울특별시 용산구남영동 22-40,,,2012,,02-2199-7880,서울특별시 용산구청,2026-06-13
남영동277,1,,서울특별시 용산구남영동 6-14,,,2012,,02-2199-7880,서울특별시 용산구청,2026-06-13
남영동278,1,,서울특별시 용산구남영동 22-10,,,2012,,02-2199-7880,서울특별시 용산구청,2026-06-13
남영동279,1,,서울특별시 용산구남영동 6-15,,,2012,,02-2199-7880,서울특별시 용산구청,2026-06-13
남영동28,1,,서울특별시 용산구남영동 34-4,,,2012,,02-2199-7880,서울특별시 용산구청,2026-06-13
남영동280,1,,서울특별시 용산구남영동 6-21,,,2012,,02-2199-7880,서울특별시 용산구청,2026-06-13
남영동281,1,,서울특별시 용산구남영동 6-42,,,2012,,02-2199-7880,서울특별시 용산구청,2026-06-13
남영동282,1,,서울특별시 용산구남영동 7-89,,,2012,,02-2199-7880,서울특별시 용산구청,2026-06-13
남영동283,1,,서울특별시 용산구남영동 7-89,,,2012,,02-2199-7880,서울특별시 용산구청,2026-06-13
남영동284,1,,서울특별시 용산구남영동 143-10,,,2012,,02-2199-7880,서울특별시 용산구청,2026-06-13
남영동285,1,,서울특별시 용산구남영동 7-122,,,2012,,02-2199-7880,서울특별시 용산구청,2026-06-13
남영동286,1,,서울특별시 용산구남영동 22-54,,,2012,,02-2199-7880,서울특별시 용산구청,2026-06-13
남영동287,1,,서울특별시 용산구남영동 22-52,,,2012,,02-2199-7880,서울특별시 용산구청,2026-06-13
남영동288,1,,서울특별시 용산구남영동 24-2,,,2012,,02-2199-7880,서울특별시 용산구청,2026-06-13
남영동289,1,,서울특별시 용산구남영동 22-10,,,2012,,02-2199-7880,서울특별시 용산구청,2026-06-13
남영동29,1,,서울특별시 용산구남영동 34-6,,,2012,,02-2199-7880,서울특별시 용산구청,2026-06-13
남영동290,1,,서울특별시 용산구남영동 22-10,,,2012,,02-2199-7880,서울특별시 용산구청,2026-06-13
남영동291,1,,서울특별시 용산구남영동 22-10,,,2012,,02-2199-7880,서울특별시 용산구청,2026-06-13
남영동292,1,,서울특별시 용산구남영동 22-10,,,2012,,02-2199-7880,서울특별시 용산구청,2026-06-13
남영동293,1,,서울특별시 용산구남영동 24-11,,,2012,,02-2199-7880,서울특별시 용산구청,2026-06-13
남영동294,1,,서울특별시 용산구남영동 24-1,,,2012,,02-2199-7880,서울특별시 용산구청,2026-06-13
남영동295,1,,서울특별시 용산구남영동 19-4,,,2012,,02-2199-7880,서울특별시 용산구청,2026-06-13
남영동296,1,,서울특별시 용산구남영동 19-4,,,2012,,02-2199-7880,서울특별시 용산구청,2026-06-13
남영동297,1,,서울특별시 용산구남영동 24-4,,,2012,,02-2199-7880,서울특별시 용산구청,2026-06-13
남영동298,1,,서울특별시 용산구남영동 24-11,,,2012,,02-2199-7880,서울특별시 용산구청,2026-06-13
남영동299,1,,서울특별시 용산구남영동 24-11,,,2012,,02-2199-7880,서울특별시 용산구청,2026-06-13
남영동3,1,,서울특별시 용산구남영동 53-19,,,2022,,02-2199-7880,서울특별시 용산구청,2026-06-13
남영동30,1,,서울특별시 용산구남영동 34-13,,,2012,,02-2199-7880,서울특별시 용산구청,2026-06-13
남영동30(남영동385),1,,서울특별시 용산구남영동 1-19,,,2021,,02-2199-7880,서울특별시 용산구청,2026-06-13
남영동300,1,,서울특별시 용산구남영동 24-11,,,2012,,02-2199-7880,서울특별시 용산구청,2026-06-13
남영동301,1,,서울특별시 용산구남영동 24-11,,,2012,,02-2199-7880,서울특별시 용산구청,2026-06-13
남영동302,1,,서울특별시 용산구남영동 23-30,,,2012,,02-2199-7880,서울특별시 용산구청,2026-06-13
남영동303,1,,서울특별시 용산구남영동 24-4,,,2012,,02-2199-7880,서울특별시 용산구청,2026-06-13
남영동304,1,,서울특별시 용산구남영동 19-4,,,2017,,02-2199-7880,서울특별시 용산구청,2026-06-13
남영동305,1,,서울특별시 용산구남영동 23-16,,,2012,,02-2199-7880,서울특별시 용산구청,2026-06-13
남영동306,1,,서울특별시 용산구남영동 19-4,,,2012,,02-2199-7880,서울특별시 용산구청,2026-06-13
남영동307,1,,서울특별시 용산구남영동 19-4,,,2012,,02-2199-7880,서울특별시 용산구청,2026-06-13
남영동308,1,,서울특별시 용산구남영동 23-8,,,2012,,02-2199-7880,서울특별시 용산구청,2026-06-13
남영동309,1,,서울특별시 용산구남영동 19-53,,,2012,,02-2199-7880,서울특별시 용산구청,2026-06-13
남영동31,1,,서울특별시 용산구남영동 34-34,,,2012,,02-2199-7880,서울특별시 용산구청,2026-06-13
남영동31(남영동344),1,,서울특별시 용산구남영동 1-19,,,2021,,02-2199-7880,서울특별시 용산구청,2026-06-13
남영동310,1,,서울특별시 용산구남영동 19-43,,,2016,,02-2199-7880,서울특별시 용산구청,2026-06-13
남영동311,1,,서울특별시 용산구남영동 19-47,,,2022,,02-2199-7880,서울특별시 용산구청,2026-06-13
남영동312,1,,서울특별시 용산구남영동 19-53,,,2012,,02-2199-7880,서울특별시 용산구청,2026-06-13
남영동313,1,,서울특별시 용산구남영동 19-44,,,2012,,02-2199-7880,서울특별시 용산구청,2026-06-13
남영동314,1,,서울특별시 용산구남영동 19-120,,,2012,,02-2199-7880,서울특별시 용산구청,2026-06-13
남영동315,1,,서울특별시 용산구남영동 19-39,,,2012,,02-2199-7880,서울특별시 용산구청,2026-06-13
남영동316,1,,서울특별시 용산구남영동 20-6,,,2012,,02-2199-7880,서울특별시 용산구청,2026-06-13
남영동317,1,,서울특별시 용산구남영동 20-6,,,2012,,02-2199-7880,서울특별시 용산구청,2026-06-13
남영동318,1,,서울특별시 용산구남영동 20-6,,,2012,,02-2199-7880,서울특별시 용산구청,2026-06-13
남영동319,1,,서울특별시 용산구남영동 20-6,,,2012,,02-2199-7880,서울특별시 용산구청,2026-06-13
남영동32,1,,서울특별시 용산구남영동 14-113,,,2012,,02-2199-7880,서울특별시 용산구청,2026-06-13
남영동32(남영동348),1,,서울특별시 용산구남영동 8-5,,,2021,,02-2199-7880,서울특별시 용산구청,2026-06-13
남영동320,1,,서울특별시 용산구남영동 21-6,,,2012,,02-2199-7880,서울특별시 용산구청,2026-06-13
남영동321,1,,서울특별시 용산구남영동 21-6,,,2012,,02-2199-7880,서울특별시 용산구청,2026-06-13
남영동322,1,,서울특별시 용산구남영동 21-17,,,2012,,02-2199-7880,서울특별시 용산구청,2026-06-13
남영동323,1,,서울특별시 용산구남영동 123-17,,,2012,,02-2199-7880,서울특별시 용산구청,2026-06-13
남영동324,1,,서울특별시 용산구남영동 22-8,,,2012,,02-2199-7880,서울특별시 용산구청,2026-06-13
남영동325,1,,서울특별시 용산구남영동 19-38,,,2012,,02-2199-7880,서울특별시 용산구청,2026-06-13
남영동326,1,,서울특별시 용산구남영동 19-38,,,2012,,02-2199-7880,서울특별시 용산구청,2026-06-13
남영동327,1,,서울특별시 용산구남영동 19-2,,,2012,,02-2199-7880,서울특별시 용산구청,2026-06-13
남영동328,1,,서울특별시 용산구남영동 19-38,,,2012,,02-2199-7880,서울특별시 용산구청,2026-06-13
남영동329,1,,서울특별시 용산구남영동 19-38,,,2012,,02-2199-7880,서울특별시 용산구청,2026-06-13
남영동33,1,,서울특별시 용산구남영동 14-109,,,2012,,02-2199-7880,서울특별시 용산구청,2026-06-13
남영동33(남영동358),1,,서울특별시 용산구남영동 8-5,,,2021,,02-2199-7880,서울특별시 용산구청,2026-06-13
남영동330,1,,서울특별시 용산구남영동 19-38,,,2012,,02-2199-7880,서울특별시 용산구청,2026-06-13
남영동331,1,,서울특별시 용산구남영동 19-35,,,2012,,02-2199-7880,서울특별시 용산구청,2026-06-13
남영동332,1,,서울특별시 용산구남영동 19-38,,,2012,,02-2199-7880,서울특별시 용산구청,2026-06-13
남영동333,1,,서울특별시 용산구남영동 19-10,,,2012,,02-2199-7880,서울특별시 용산구청,2026-06-13
남영동334,1,,서울특별시 용산구남영동 35-48,,,2012,,02-2199-7880,서울특별시 용산구청,2026-06-13
남영동335,1,,서울특별시 용산구남영동 19-80,,,2012,,02-2199-7880,서울특별시 용산구청,2026-06-13
남영동336,1,,서울특별시 용산구남영동 19-80,,,2012,,02-2199-7880,서울특별시 용산구청,2026-06-13
남영동337,1,,서울특별시 용산구남영동 19-87,,,2012,,02-2199-7880,서울특별시 용산구청,2026-06-13
남영동338,1,,서울특별시 용산구남영동 19-64,,,2012,,02-2199-7880,서울특별시 용산구청,2026-06-13
남영동339,1,,서울특별시 용산구남영동 19-63,,,2012,,02-2199-7880,서울특별시 용산구청,2026-06-13
남영동34,1,,서울특별시 용산구남영동 34-17,,,2012,,02-2199-7880,서울특별시 용산구청,2026-06-13
남영동340,1,,서울특별시 용산구남영동 19-67,,,2012,,02-2199-7880,서울특별시 용산구청,2026-06-13
남영동341,1,,서울특별시 용산구남영동 19-73,,,2012,,02-2199-7880,서울특별시 용산구청,2026-06-13
남영동343,1,,서울특별시 용산구남영동 19-107,,,2012,,02-2199-7880,서울특별시 용산구청,2026-06-13
남영동346,1,,서울특별시 용산구남영동 17-3,,,2012,,02-2199-7880,서울특별시 용산구청,2026-06-13
남영동347,1,,서울특별시 용산구남영동 17-3,,,2012,,02-2199-7880,서울특별시 용산구청,2026-06-13
남영동349,1,,서울특별시 용산구남영동 12-1,,,2012,,02-2199-7880,서울특별시 용산구청,2026-06-13
남영동35,1,,서울특별시 용산구남영동 14-74,,,2012,,02-2199-7880,서울특별시 용산구청,2026-06-13
남영동350,1,,서울특별시 용산구남영동 11-14,,,2012,,02-2199-7880,서울특별시 용산구청,2026-06-13
남영동351,1,,서울특별시 용산구남영동 1-56,,,2012,,02-2199-7880,서울특별시 용산구청,2026-06-13
남영동352,1,,서울특별시 용산구남영동 15-4,,,2012,,02-2199-7880,서울특별시 용산구청,2026-06-13
남영동353,1,,서울특별시 용산구남영동 10-5,,,2012,,02-2199-7880,서울특별시 용산구청,2026-06-13
남영동354,1,,서울특별시 용산구남영동 1-56,,,2012,,02-2199-7880,서울특별시 용산구청,2026-06-13
남영동355,1,,서울특별시 용산구남영동 15-4,,,2012,,02-2199-7880,서울특별시 용산구청,2026-06-13
남영동356,1,,서울특별시 용산구남영동 9-15,,,2012,,02-2199-7880,서울특별시 용산구청,2026-06-13
남영동357,1,,서울특별시 용산구남영동 17-28,,,2012,,02-2199-7880,서울특별시 용산구청,2026-06-13
남영동359,1,,서울특별시 용산구남영동 17-28,,,2018,,02-2199-7880,서울특별시 용산구청,2026-06-13
남영동36,1,,서울특별시 용산구남영동 14-74,,,2012,,02-2199-7880,서울특별시 용산구청,2026-06-13
남영동360,1,,서울특별시 용산구남영동 51,,,2013,,02-2199-7880,서울특별시 용산구청,2026-06-13
남영동361,1,,서울특별시 용산구남영동 14-222,,,2013,,02-2199-7880,서울특별시 용산구청,2026-06-13
남영동362,1,,서울특별시 용산구남영동 19-116,,,2012,,02-2199-7880,서울특별시 용산구청,2026-06-13
남영동363,1,,서울특별시 용산구남영동 19-128,,,2012,,02-2199-7880,서울특별시 용산구청,2026-06-13
남영동364,1,,서울특별시 용산구남영동 19-107,,,2012,,02-2199-7880,서울특별시 용산구청,2026-06-13
남영동366,1,,서울특별시 용산구남영동 35-69,,,2012,,02-2199-7880,서울특별시 용산구청,2026-06-13
남영동368,1,,서울특별시 용산구남영동 19-128,,,2018,,02-2199-7880,서울특별시 용산구청,2026-06-13
남영동37,1,,서울특별시 용산구남영동 14-74,,,2012,,02-2199-7880,서울특별시 용산구청,2026-06-13
남영동370,1,,서울특별시 용산구남영동 35-73,,,2012,,02-2199-7880,서울특별시 용산구청,2026-06-13
남영동371,1,,서울특별시 용산구남영동 35-47,,,2012,,02-2199-7880,서울특별시 용산구청,2026-06-13
남영동372,1,,서울특별시 용산구남영동 35-122,,,2012,,02-2199-7880,서울특별시 용산구청,2026-06-13
남영동373,1,,서울특별시 용산구남영동 35-123,,,2012,,02-2199-7880,서울특별시 용산구청,2026-06-13
남영동374,1,,서울특별시 용산구남영동 35-123,,,2018,,02-2199-7880,서울특별시 용산구청,2026-06-13
남영동375,1,,서울특별시 용산구남영동 35-81,,,2018,,02-2199-7880,서울특별시 용산구청,2026-06-13
남영동376,1,,서울특별시 용산구남영동 35-78,,,2012,,02-2199-7880,서울특별시 용산구청,2026-06-13
남영동377,1,,서울특별시 용산구남영동 35-128,,,2012,,02-2199-7880,서울특별시 용산구청,2026-06-13
남영동378,1,,서울특별시 용산구남영동 35-126,,,2012,,02-2199-7880,서울특별시 용산구청,2026-06-13
남영동379,1,,서울특별시 용산구남영동 35-129,,,2012,,02-2199-7880,서울특별시 용산구청,2026-06-13
남영동38,1,,서울특별시 용산구남영동 14-26,,,2012,,02-2199-7880,서울특별시 용산구청,2026-06-13
남영동380,1,,서울특별시 용산구남영동 35-130,,,2012,,02-2199-7880,서울특별시 용산구청,2026-06-13
남영동381,1,,서울특별시 용산구남영동 35-83,,,2018,,02-2199-7880,서울특별시 용산구청,2026-06-13
남영동382,1,,서울특별시 용산구남영동 35-51,,,2018,,02-2199-7880,서울특별시 용산구청,2026-06-13
남영동383,1,,서울특별시 용산구남영동 35-51,,,2012,,02-2199-7880,서울특별시 용산구청,2026-06-13
남영동384,1,,서울특별시 용산구남영동 35-51,,,2012,,02-2199-7880,서울특별시 용산구청,2026-06-13
남영동387,1,,서울특별시 용산구남영동 7-3,,,2012,,02-2199-7880,서울특별시 용산구청,2026-06-13
남영동388,1,,서울특별시 용산구남영동 7-3,,,2012,,02-2199-7880,서울특별시 용산구청,2026-06-13
남영동39,1,,서울특별시 용산구남영동 14-27,,,2012,,02-2199-7880,서울특별시 용산구청,2026-06-13
남영동392,1,,서울특별시 용산구남영동 19-64,,,2012,,02-2199-7880,서울특별시 용산구청,2026-06-13
남영동394,1,,서울특별시 용산구남영동 19-104,,,2012,,02-2199-7880,서울특별시 용산구청,2026-06-13
남영동395,1,,서울특별시 용산구남영동 19-59,,,2012,,02-2199-7880,서울특별시 용산구청,2026-06-13
남영동397,1,,서울특별시 용산구남영동 1-56,,,2012,,02-2199-7880,서울특별시 용산구청,2026-06-13
남영동398,1,,서울특별시 용산구남영동 11-23,,,2012,,02-2199-7880,서울특별시 용산구청,2026-06-13
남영동399,1,,서울특별시 용산구남영동 1-56,,,2012,,02-2199-7880,서울특별시 용산구청,2026-06-13
남영동4,1,,서울특별시 용산구남영동 52-31,,,2012,,02-2199-7880,서울특별시 용산구청,2026-06-13
남영동40,1,,서울특별시 용산구남영동 15-3,,,2012,,02-2199-7880,서울특별시 용산구청,2026-06-13
남영동400,1,,서울특별시 용산구남영동 1-24,,,2012,,02-2199-7880,서울특별시 용산구청,2026-06-13
남영동401,1,,서울특별시 용산구남영동 1-24,,,2012,,02-2199-7880,서울특별시 용산구청,2026-06-13
남영동402,1,,서울특별시 용산구남영동 1-56,,,2012,,02-2199-7880,서울특별시 용산구청,2026-06-13
남영동403,1,,서울특별시 용산구남영동 1-56,,,2016,,02-2199-7880,서울특별시 용산구청,2026-06-13
남영동404,1,,서울특별시 용산구남영동 5-5,,,2016,,02-2199-7880,서울특별시 용산구청,2026-06-13
남영동405,1,,서울특별시 용산구남영동 9-2,,,2012,,02-2199-7880,서울특별시 용산구청,2026-06-13
남영동406,1,,서울특별시 용산구남영동 9-24,,,2012,,02-2199-7880,서울특별시 용산구청,2026-06-13
남영동407,1,,서울특별시 용산구남영동 1-56,,,2012,,02-2199-7880,서울특별시 용산구청,2026-06-13
남영동408,1,,서울특별시 용산구남영동 1-23,,,2012,,02-2199-7880,서울특별시 용산구청,2026-06-13
남영동409,1,,서울특별시 용산구남영동 1-23,,,2012,,02-2199-7880,서울특별시 용산구청,2026-06-13
남영동409(남영동415),1,,서울특별시 용산구남영동 1-13,,,2021,,02-2199-7880,서울특별시 용산구청,2026-06-13
남영동41,1,,서울특별시 용산구남영동 15-3,,,2012,,02-2199-7880,서울특별시 용산구청,2026-06-13
남영동410,1,,서울특별시 용산구남영동 1-23,,,2012,,02-2199-7880,서울특별시 용산구청,2026-06-13
남영동411,1,,서울특별시 용산구남영동 1-23,,,2012,,02-2199-7880,서울특별시 용산구청,2026-06-13
남영동413,1,,서울특별시 용산구남영동 1-13,,,2012,,02-2199-7880,서울특별시 용산구청,2026-06-13
남영동417,1,,서울특별시 용산구남영동 3-4,,,2012,,02-2199-7880,서울특별시 용산구청,2026-06-13
남영동418,1,,서울특별시 용산구남영동 3-18,,,2023,,02-2199-7880,서울특별시 용산구청,2026-06-13
남영동42,1,,서울특별시 용산구남영동 14-60,,,2012,,02-2199-7880,서울특별시 용산구청,2026-06-13
남영동420,1,,서울특별시 용산구남영동 40,,,2024,,02-2199-7880,서울특별시 용산구청,2026-06-13
남영동421,1,,서울특별시 용산구남영동 42-1,,,2024,,02-2199-7880,서울특별시 용산구청,2026-06-13
남영동422,1,,서울특별시 용산구남영동 39-3,,,2024,,02-2199-7880,서울특별시 용산구청,2026-06-13
남영동423,1,,서울특별시 용산구남영동 7-62,,,2024,,02-2199-7880,서울특별시 용산구청,2026-06-13
남영동43,1,,서울특별시 용산구남영동 16-2,,,2012,,02-2199-7880,서울특별시 용산구청,2026-06-13
남영동432(남영동345),1,,서울특별시 용산구남영동 9-18,,,2021,,02-2199-7880,서울특별시 용산구청,2026-06-13
남영동434(남영동386),1,,서울특별시 용산구남영동 1-19,,,2021,,02-2199-7880,서울특별시 용산구청,2026-06-13
남영동435(남영동365),1,,서울특별시 용산구남영동 35-144,,,2021,,02-2199-7880,서울특별시 용산구청,2026-06-13
남영동44,1,,서울특별시 용산구남영동 16-2,,,2012,,02-2199-7880,서울특별시 용산구청,2026-06-13
남영동44(남영동412),1,,서울특별시 용산구남영동 2-3,,,2021,,02-2199-7880,서울특별시 용산구청,2026-06-13
남영동45,1,,서울특별시 용산구남영동 18-1,,,2012,,02-2199-7880,서울특별시 용산구청,2026-06-13
남영동45(남영동414),1,,서울특별시 용산구남영동 1-13,,,2021,,02-2199-7880,서울특별시 용산구청,2026-06-13
남영동455,1,,서울특별시 용산구남영동 38-8,,,2024,,02-2199-7880,서울특별시 용산구청,2026-06-13
남영동456,1,,서울특별시 용산구남영동 5-19,,,2024,,02-2199-7880,서울특별시 용산구청,2026-06-13
남영동457,1,,서울특별시 용산구남영동 93-59,,,2024,,02-2199-7880,서울특별시 용산구청,2026-06-13
남영동458,1,,서울특별시 용산구남영동 7-128,,,2024,,02-2199-7880,서울특별시 용산구청,2026-06-13
남영동459,1,,서울특별시 용산구남영동 22-12,,,2024,,02-2199-7880,서울특별시 용산구청,2026-06-13
남영동46,1,,서울특별시 용산구남영동 19-4,,,2012,,02-2199-7880,서울특별시 용산구청,2026-06-13
남영동46(남영동416),1,,서울특별시 용산구남영동 1-13,,,2021,,02-2199-7880,서울특별시 용산구청,2026-06-13
남영동460,1,,서울특별시 용산구남영동 49-5,,,2024,,02-2199-7880,서울특별시 용산구청,2026-06-13
남영동461,1,,서울특별시 용산구남영동 22-10,,,2024,,02-2199-7880,서울특별시 용산구청,2026-06-13
남영동462,1,,서울특별시 용산구남영동 7-11,,,2024,,02-2199-7880,서울특별시 용산구청,2026-06-13
남영동463,1,,서울특별시 용산구남영동 5-19,,,2024,,02-2199-7880,서울특별시 용산구청,2026-06-13
남영동47,1,,서울특별시 용산구남영동 19-4,,,2018,,02-2199-7880,서울특별시 용산구청,2026-06-13
남영동47(남영동390),1,,서울특별시 용산구남영동 1-17,,,2021,,02-2199-7880,서울특별시 용산구청,2026-06-13
남영동48,1,,서울특별시 용산구남영동 18-1,,,2012,,02-2199-7880,서울특별시 용산구청,2026-06-13
남영동48(남영동389),1,,서울특별시 용산구남영동 1-17,,,2021,,02-2199-7880,서울특별시 용산구청,2026-06-13
남영동49,1,,서울특별시 용산구남영동 23-1,,,2012,,02-2199-7880,서울특별시 용산구청,2026-06-13
남영동5,1,,서울특별시 용산구남영동 52-11,,,2012,,02-2199-7880,서울특별시 용산구청,2026-06-13
남영동50,1,,서울특별시 용산구남영동 58-8,,,2012,,02-2199-7880,서울특별시 용산구청,2026-06-13
남영동51,1,,서울특별시 용산구남영동 25-2,,,2012,,02-2199-7880,서울특별시 용산구청,2026-06-13
남영동52,1,,서울특별시 용산구남영동 57-9,,,2012,,02-2199-7880,서울특별시 용산구청,2026-06-13
남영동53,1,,서울특별시 용산구남영동 26-3,,,2012,,02-2199-7880,서울특별시 용산구청,2026-06-13
남영동54,1,,서울특별시 용산구남영동 56-2,,,2012,,02-2199-7880,서울특별시 용산구청,2026-06-13
남영동54(남영동396),1,,서울특별시 용산구남영동 19-64,,,2021,,02-2199-7880,서울특별시 용산구청,2026-06-13
남영동55,1,,서울특별시 용산구남영동 58-10,,,2016,,02-2199-7880,서울특별시 용산구청,2026-06-13
남영동56,1,,서울특별시 용산구남영동 59-29,,,2012,,02-2199-7880,서울특별시 용산구청,2026-06-13
남영동57,1,,서울특별시 용산구남영동 2,,,2019,,02-2199-7880,서울특별시 용산구청,2026-06-13
남영동57(남영동393),1,,서울특별시 용산구남영동 19-25,,,2021,,02-2199-7880,서울특별시 용산구청,2026-06-13
남영동58,1,,서울특별시 용산구남영동 2,,,2012,,02-2199-7880,서울특별시 용산구청,2026-06-13
남영동58(남영동391),1,,서울특별시 용산구남영동 1-17,,,2021,,02-2199-7880,서울특별시 용산구청,2026-06-13
남영동59,1,,서울특별시 용산구남영동 2,,,2012,,02-2199-7880,서울특별시 용산구청,2026-06-13
남영동6,1,,서울특별시 용산구남영동 52-12,,,2012,,02-2199-7880,서울특별시 용산구청,2026-06-13
남영동6(남영동342),1,,서울특별시 용산구남영동 17-23,,,2021,,02-2199-7880,서울특별시 용산구청,2026-06-13
남영동60,1,,서울특별시 용산구남영동 2,,,2012,,02-2199-7880,서울특별시 용산구청,2026-06-13
남영동61,1,,서울특별시 용산구남영동 2,,,2012,,02-2199-7880,서울특별시 용산구청,2026-06-13
남영동62,1,,서울특별시 용산구남영동 2,,,2012,,02-2199-7880,서울특별시 용산구청,2026-06-13
남영동63,1,,서울특별시 용산구남영동 17-1,,,2012,,02-2199-7880,서울특별시 용산구청,2026-06-13
남영동64,1,,서울특별시 용산구남영동 29-12,,,2012,,02-2199-7880,서울특별시 용산구청,2026-06-13
남영동65,1,,서울특별시 용산구남영동 29-12,,,2012,,02-2199-7880,서울특별시 용산구청,2026-06-13
남영동66,1,,서울특별시 용산구남영동 29-12,,,2020,,02-2199-7880,서울특별시 용산구청,2026-06-13
남영동67,1,,서울특별시 용산구남영동 29-12,,,2012,,02-2199-7880,서울특별시 용산구청,2026-06-13
남영동68,1,,서울특별시 용산구남영동 29-16,,,2012,,02-2199-7880,서울특별시 용산구청,2026-06-13
남영동69,1,,서울특별시 용산구남영동 24-6,,,2012,,02-2199-7880,서울특별시 용산구청,2026-06-13
남영동7,1,,서울특별시 용산구남영동 51-8,,,2012,,02-2199-7880,서울특별시 용산구청,2026-06-13
남영동70,1,,서울특별시 용산구남영동 25-1,,,2012,,02-2199-7880,서울특별시 용산구청,2026-06-13
남영동71,1,,서울특별시 용산구남영동 17-1,,,2012,,02-2199-7880,서울특별시 용산구청,2026-06-13
남영동74,1,,서울특별시 용산구남영동 2,,,2012,,02-2199-7880,서울특별시 용산구청,2026-06-13
남영동75,1,,서울특별시 용산구남영동 7-3,,,2012,,02-2199-7880,서울특별시 용산구청,2026-06-13
남영동76,1,,서울특별시 용산구남영동 2,,,2019,,02-2199-7880,서울특별시 용산구청,2026-06-13
남영동77,1,,서울특별시 용산구남영동 2,,,2012,,02-2199-7880,서울특별시 용산구청,2026-06-13
남영동78,1,,서울특별시 용산구남영동 31-1,,,2018,,02-2199-7880,서울특별시 용산구청,2026-06-13
남영동79,1,,서울특별시 용산구남영동 2,,,2015,,02-2199-7880,서울특별시 용산구청,2026-06-13
남영동8,1,,서울특별시 용산구남영동 52-31,,,2012,,02-2199-7880,서울특별시 용산구청,2026-06-13
남영동80,1,,서울특별시 용산구남영동 2,,,2012,,02-2199-7880,서울특별시 용산구청,2026-06-13
남영동81,1,,서울특별시 용산구남영동 2,,,2012,,02-2199-7880,서울특별시 용산구청,2026-06-13
남영동82,1,,서울특별시 용산구남영동 2,,,2012,,02-2199-7880,서울특별시 용산구청,2026-06-13
남영동83,1,,서울특별시 용산구남영동 36,,,2012,,02-2199-7880,서울특별시 용산구청,2026-06-13
남영동84,1,,서울특별시 용산구남영동 34,,,2012,,02-2199-7880,서울특별시 용산구청,2026-06-13
남영동85,1,,서울특별시 용산구남영동 26-2,,,2012,,02-2199-7880,서울특별시 용산구청,2026-06-13
남영동86,1,,서울특별시 용산구남영동 62-5,,,2012,,02-2199-7880,서울특별시 용산구청,2026-06-13
남영동87,1,,서울특별시 용산구남영동 62-2,,,2012,,02-2199-7880,서울특별시 용산구청,2026-06-13
남영동88,1,,서울특별시 용산구남영동 63-3,,,2012,,02-2199-7880,서울특별시 용산구청,2026-06-13
남영동89,1,,서울특별시 용산구남영동 64-2,,,2012,,02-2199-7880,서울특별시 용산구청,2026-06-13
남영동9,1,,서울특별시 용산구남영동 52-31,,,2012,,02-2199-7880,서울특별시 용산구청,2026-06-13
남영동90,1,,서울특별시 용산구남영동 66-1,,,2012,,02-2199-7880,서울특별시 용산구청,2026-06-13
남영동91,1,,서울특별시 용산구남영동 82-5,,,2014,,02-2199-7880,서울특별시 용산구청,2026-06-13
남영동92,1,,서울특별시 용산구남영동 82-3,,,2018,,02-2199-7880,서울특별시 용산구청,2026-06-13
남영동93,1,,서울특별시 용산구남영동 82-3,,,2012,,02-2199-7880,서울특별시 용산구청,2026-06-13
남영동94,1,,서울특별시 용산구남영동 78-2,,,2012,,02-2199-7880,서울특별시 용산구청,2026-06-13
남영동95,1,,서울특별시 용산구남영동 71-2,,,2012,,02-2199-7880,서울특별시 용산구청,2026-06-13
남영동96,1,,서울특별시 용산구남영동 71-5,,,2012,,02-2199-7880,서울특별시 용산구청,2026-06-13
남영동96(남영동367),1,,서울특별시 용산구남영동 35-66,,,2021,,02-2199-7880,서울특별시 용산구청,2026-06-13
남영동97,1,,서울특별시 용산구남영동 2,,,2018,,02-2199-7880,서울특별시 용산구청,2026-06-13
남영동98,1,,서울특별시 용산구남영동 2,,,2012,,02-2199-7880,서울특별시 용산구청,2026-06-13
남영동99,1,,서울특별시 용산구남영동 2,,,2012,,02-2199-7880,서울특별시 용산구청,2026-06-13
남영동구50,1,,서울특별시 용산구남영동 7-15,,,2024,,02-2199-7880,서울특별시 용산구청,2026-06-13
보광동1,1,,서울특별시 용산구보광동 217-71,,,2023,,02-2199-7880,서울특별시 용산구청,2026-06-13
보광동10,1,,서울특별시 용산구보광동 280-1,,,2012,,02-2199-7880,서울특별시 용산구청,2026-06-13
보광동100,1,,서울특별시 용산구보광동 1-137,,,2012,,02-2199-7880,서울특별시 용산구청,2026-06-13
보광동101,1,,서울특별시 용산구보광동 394,,,2012,,02-2199-7880,서울특별시 용산구청,2026-06-13
보광동1012,1,,서울특별시 용산구보광동 3-31,,,2023,,02-2199-7880,서울특별시 용산구청,2026-06-13
보광동1012,1,,서울특별시 용산구보광동 3-185,,,2023,,02-2199-7880,서울특별시 용산구청,2026-06-13
보광동1013,1,,서울특별시 용산구보광동 264-84,,,2024,,02-2199-7880,서울특별시 용산구청,2026-06-13
보광동1014,1,,서울특별시 용산구보광동 119-1,,,2024,,02-2199-7880,서울특별시 용산구청,2026-06-13
보광동1015,1,,서울특별시 용산구보광동 264-84,,,2024,,02-2199-7880,서울특별시 용산구청,2026-06-13
보광동1016,1,,서울특별시 용산구보광동 20-8,,,2024,,02-2199-7880,서울특별시 용산구청,2026-06-13
보광동1017,1,,서울특별시 용산구보광동 253-41,,,2024,,02-2199-7880,서울특별시 용산구청,2026-06-13
보광동1018,1,,서울특별시 용산구보광동 253-2,,,2024,,02-2199-7880,서울특별시 용산구청,2026-06-13
보광동1018,1,,서울특별시 용산구보광동 264-139,,,2024,,02-2199-7880,서울특별시 용산구청,2026-06-13
보광동1019,1,,서울특별시 용산구보광동 264-56,,,2024,,02-2199-7880,서울특별시 용산구청,2026-06-13
보광동102,1,,서울특별시 용산구보광동 215-2,,,2012,,02-2199-7880,서울특별시 용산구청,2026-06-13
보광동1020,1,,서울특별시 용산구보광동 98,,,2025,,02-2199-7880,서울특별시 용산구청,2026-06-13
보광동1021,1,,서울특별시 용산구보광동 100-12,,,2025,,02-2199-7880,서울특별시 용산구청,2026-06-13
보광동1022,1,,서울특별시 용산구보광동 228-11,,,2025,,02-2199-7880,서울특별시 용산구청,2026-06-13
보광동103,1,,서울특별시 용산구보광동 1-2,,,2012,,02-2199-7880,서울특별시 용산구청,2026-06-13
보광동104,1,,서울특별시 용산구보광동 1-2,,,2012,,02-2199-7880,서울특별시 용산구청,2026-06-13
보광동105,1,,서울특별시 용산구보광동 215-6,,,2012,,02-2199-7880,서울특별시 용산구청,2026-06-13
보광동106,1,,서울특별시 용산구보광동 387-6,,,2012,,02-2199-7880,서울특별시 용산구청,2026-06-13
보광동107,1,,서울특별시 용산구보광동 387-6,,,2012,,02-2199-7880,서울특별시 용산구청,2026-06-13
보광동108,1,,서울특별시 용산구보광동 393-1,,,2012,,02-2199-7880,서울특별시 용산구청,2026-06-13
보광동109,1,,서울특별시 용산구보광동 393,,,2012,,02-2199-7880,서울특별시 용산구청,2026-06-13
보광동11,1,,서울특별시 용산구보광동 278,,,2012,,02-2199-7880,서울특별시 용산구청,2026-06-13
보광동110,1,,서울특별시 용산구보광동 383-1,,,2012,,02-2199-7880,서울특별시 용산구청,2026-06-13
보광동111,1,,서울특별시 용산구보광동 387-6,,,2012,,02-2199-7880,서울특별시 용산구청,2026-06-13
보광동112,1,,서울특별시 용산구보광동 387-6,,,2012,,02-2199-7880,서울특별시 용산구청,2026-06-13
보광동113,1,,서울특별시 용산구보광동 395,,,2012,,02-2199-7880,서울특별시 용산구청,2026-06-13
보광동114,1,,서울특별시 용산구보광동 401-1,,,2012,,02-2199-7880,서울특별시 용산구청,2026-06-13
보광동115,1,,서울특별시 용산구보광동 402-1,,,2012,,02-2199-7880,서울특별시 용산구청,2026-06-13
보광동116,1,,서울특별시 용산구보광동 400-1,,,2012,,02-2199-7880,서울특별시 용산구청,2026-06-13
보광동117,1,,서울특별시 용산구보광동 422-1,,,2012,,02-2199-7880,서울특별시 용산구청,2026-06-13
보광동118,1,,서울특별시 용산구보광동 421-1,,,2012,,02-2199-7880,서울특별시 용산구청,2026-06-13
보광동119,1,,서울특별시 용산구보광동 420-1,,,2012,,02-2199-7880,서울특별시 용산구청,2026-06-13
보광동12,1,,서울특별시 용산구보광동 334-1,,,2012,,02-2199-7880,서울특별시 용산구청,2026-06-13
보광동120,1,,서울특별시 용산구보광동 440-1,,,2012,,02-2199-7880,서울특별시 용산구청,2026-06-13
보광동121,1,,서울특별시 용산구보광동 440-1,,,2012,,02-2199-7880,서울특별시 용산구청,2026-06-13
보광동122,1,,서울특별시 용산구보광동 228-11,,,2012,,02-2199-7880,서울특별시 용산구청,2026-06-13
보광동123,1,,서울특별시 용산구보광동 228-11,,,2012,,02-2199-7880,서울특별시 용산구청,2026-06-13
보광동124,1,,서울특별시 용산구보광동 228-11,,,2012,,02-2199-7880,서울특별시 용산구청,2026-06-13
보광동125,1,,서울특별시 용산구보광동 228-11,,,2012,,02-2199-7880,서울특별시 용산구청,2026-06-13
보광동126,1,,서울특별시 용산구보광동 228-38,,,2012,,02-2199-7880,서울특별시 용산구청,2026-06-13
보광동127,1,,서울특별시 용산구보광동 228-77,,,2012,,02-2199-7880,서울특별시 용산구청,2026-06-13
보광동128,1,,서울특별시 용산구보광동 228-81,,,2012,,02-2199-7880,서울특별시 용산구청,2026-06-13
보광동129,1,,서울특별시 용산구보광동 228-82,,,2012,,02-2199-7880,서울특별시 용산구청,2026-06-13
보광동13,1,,서울특별시 용산구보광동 334-1,,,2012,,02-2199-7880,서울특별시 용산구청,2026-06-13
보광동130,1,,서울특별시 용산구보광동 228-165,,,2012,,02-2199-7880,서울특별시 용산구청,2026-06-13
보광동131,1,,서울특별시 용산구보광동 221-7,,,2012,,02-2199-7880,서울특별시 용산구청,2026-06-13
보광동132,1,,서울특별시 용산구보광동 298-5,,,2012,,02-2199-7880,서울특별시 용산구청,2026-06-13
보광동133,1,,서울특별시 용산구보광동 216-3,,,2012,,02-2199-7880,서울특별시 용산구청,2026-06-13
보광동134,1,,서울특별시 용산구보광동 216-3,,,2012,,02-2199-7880,서울특별시 용산구청,2026-06-13
보광동135,1,,서울특별시 용산구보광동 216-3,,,2012,,02-2199-7880,서울특별시 용산구청,2026-06-13
보광동136,1,,서울특별시 용산구보광동 216-13,,,2012,,02-2199-7880,서울특별시 용산구청,2026-06-13
보광동137,1,,서울특별시 용산구보광동 217-70,,,2021,,02-2199-7880,서울특별시 용산구청,2026-06-13
보광동138,1,,서울특별시 용산구보광동 220-1,,,2012,,02-2199-7880,서울특별시 용산구청,2026-06-13
보광동139,1,,서울특별시 용산구보광동 220-1,,,2012,,02-2199-7880,서울특별시 용산구청,2026-06-13
보광동14,1,,서울특별시 용산구보광동 276-2,,,2012,,02-2199-7880,서울특별시 용산구청,2026-06-13
보광동140,1,,서울특별시 용산구보광동 216-13,,,2012,,02-2199-7880,서울특별시 용산구청,2026-06-13
보광동141,1,,서울특별시 용산구보광동 216-19,,,2012,,02-2199-7880,서울특별시 용산구청,2026-06-13
보광동142,1,,서울특별시 용산구보광동 216-19,,,2012,,02-2199-7880,서울특별시 용산구청,2026-06-13
보광동143,1,,서울특별시 용산구보광동 303-1,,,2012,,02-2199-7880,서울특별시 용산구청,2026-06-13
보광동144,1,,서울특별시 용산구보광동 299-1,,,2012,,02-2199-7880,서울특별시 용산구청,2026-06-13
보광동145,1,,서울특별시 용산구보광동 303-1,,,2012,,02-2199-7880,서울특별시 용산구청,2026-06-13
보광동146,1,,서울특별시 용산구보광동 304,,,2012,,02-2199-7880,서울특별시 용산구청,2026-06-13
보광동147,1,,서울특별시 용산구보광동 295,,,2012,,02-2199-7880,서울특별시 용산구청,2026-06-13
보광동148,1,,서울특별시 용산구보광동 316-1,,,2012,,02-2199-7880,서울특별시 용산구청,2026-06-13
보광동149,1,,서울특별시 용산구보광동 290,,,2012,,02-2199-7880,서울특별시 용산구청,2026-06-13
보광동15,1,,서울특별시 용산구보광동 334-1,,,2012,,02-2199-7880,서울특별시 용산구청,2026-06-13
보광동150,1,,서울특별시 용산구보광동 288,,,2012,,02-2199-7880,서울특별시 용산구청,2026-06-13
보광동151,1,,서울특별시 용산구보광동 327-1,,,2012,,02-2199-7880,서울특별시 용산구청,2026-06-13
보광동152,1,,서울특별시 용산구보광동 327,,,2012,,02-2199-7880,서울특별시 용산구청,2026-06-13
보광동153,1,,서울특별시 용산구보광동 322,,,2012,,02-2199-7880,서울특별시 용산구청,2026-06-13
보광동154,1,,서울특별시 용산구보광동 342-1,,,2012,,02-2199-7880,서울특별시 용산구청,2026-06-13
보광동155,1,,서울특별시 용산구보광동 342,,,2012,,02-2199-7880,서울특별시 용산구청,2026-06-13
보광동157,1,,서울특별시 용산구보광동 355,,,2012,,02-2199-7880,서울특별시 용산구청,2026-06-13
보광동158,1,,서울특별시 용산구보광동 358,,,2012,,02-2199-7880,서울특별시 용산구청,2026-06-13
보광동159,1,,서울특별시 용산구보광동 367,,,2012,,02-2199-7880,서울특별시 용산구청,2026-06-13
보광동16,1,,서울특별시 용산구보광동 334-1,,,2012,,02-2199-7880,서울특별시 용산구청,2026-06-13
보광동160,1,,서울특별시 용산구보광동 364,,,2012,,02-2199-7880,서울특별시 용산구청,2026-06-13
보광동161,1,,서울특별시 용산구보광동 363,,,2012,,02-2199-7880,서울특별시 용산구청,2026-06-13
보광동162,1,,서울특별시 용산구보광동 363-1,,,2012,,02-2199-7880,서울특별시 용산구청,2026-06-13
보광동163,1,,서울특별시 용산구보광동 402-1,,,2012,,02-2199-7880,서울특별시 용산구청,2026-06-13
보광동164,1,,서울특별시 용산구보광동 402-1,,,2012,,02-2199-7880,서울특별시 용산구청,2026-06-13
보광동165,1,,서울특별시 용산구보광동 411,,,2012,,02-2199-7880,서울특별시 용산구청,2026-06-13
보광동166,1,,서울특별시 용산구보광동 334-1,,,2012,,02-2199-7880,서울특별시 용산구청,2026-06-13
보광동167,1,,서울특별시 용산구보광동 227-17,,,2012,,02-2199-7880,서울특별시 용산구청,2026-06-13
보광동168,1,,서울특별시 용산구보광동 438-2,,,2012,,02-2199-7880,서울특별시 용산구청,2026-06-13
보광동169,1,,서울특별시 용산구보광동 227-9,,,2012,,02-2199-7880,서울특별시 용산구청,2026-06-13
보광동17,1,,서울특별시 용산구보광동 338,,,2012,,02-2199-7880,서울특별시 용산구청,2026-06-13
보광동170,1,,서울특별시 용산구보광동 442-2,,,2012,,02-2199-7880,서울특별시 용산구청,2026-06-13
보광동171,1,,서울특별시 용산구보광동 231-68,,,2012,,02-2199-7880,서울특별시 용산구청,2026-06-13
보광동172,1,,서울특별시 용산구보광동 334-1,,,2012,,02-2199-7880,서울특별시 용산구청,2026-06-13
보광동173,1,,서울특별시 용산구보광동 310,,,2012,,02-2199-7880,서울특별시 용산구청,2026-06-13
보광동174,1,,서울특별시 용산구보광동 383-1,,,2012,,02-2199-7880,서울특별시 용산구청,2026-06-13
보광동175,1,,서울특별시 용산구보광동 383-1,,,2012,,02-2199-7880,서울특별시 용산구청,2026-06-13
보광동176,1,,서울특별시 용산구보광동 303-1,,,2012,,02-2199-7880,서울특별시 용산구청,2026-06-13
보광동177,1,,서울특별시 용산구보광동 314,,,2012,,02-2199-7880,서울특별시 용산구청,2026-06-13
보광동178,1,,서울특별시 용산구보광동 316-1,,,2012,,02-2199-7880,서울특별시 용산구청,2026-06-13
보광동179,1,,서울특별시 용산구보광동 303-1,,,2012,,02-2199-7880,서울특별시 용산구청,2026-06-13
보광동18,1,,서울특별시 용산구보광동 334-1,,,2012,,02-2199-7880,서울특별시 용산구청,2026-06-13
보광동180,1,,서울특별시 용산구보광동 303-1,,,2012,,02-2199-7880,서울특별시 용산구청,2026-06-13
보광동181,1,,서울특별시 용산구보광동 303-1,,,2012,,02-2199-7880,서울특별시 용산구청,2026-06-13
보광동182,1,,서울특별시 용산구보광동 217-13,,,2012,,02-2199-7880,서울특별시 용산구청,2026-06-13
보광동183,1,,서울특별시 용산구보광동 383-1,,,2012,,02-2199-7880,서울특별시 용산구청,2026-06-13
보광동184,1,,서울특별시 용산구보광동 372-1,,,2021,,02-2199-7880,서울특별시 용산구청,2026-06-13
보광동185,1,,서울특별시 용산구보광동 377,,,2012,,02-2199-7880,서울특별시 용산구청,2026-06-13
보광동186,1,,서울특별시 용산구보광동 217-19,,,2012,,02-2199-7880,서울특별시 용산구청,2026-06-13
보광동187,1,,서울특별시 용산구보광동 380,,,2012,,02-2199-7880,서울특별시 용산구청,2026-06-13
보광동188,1,,서울특별시 용산구보광동 382-1,,,2015,,02-2199-7880,서울특별시 용산구청,2026-06-13
보광동189,1,,서울특별시 용산구보광동 381-1,,,2012,,02-2199-7880,서울특별시 용산구청,2026-06-13
보광동19,1,,서울특별시 용산구보광동 339,,,2012,,02-2199-7880,서울특별시 용산구청,2026-06-13
보광동190,1,,서울특별시 용산구보광동 385,,,2012,,02-2199-7880,서울특별시 용산구청,2026-06-13
보광동191,1,,서울특별시 용산구보광동 216-29,,,2012,,02-2199-7880,서울특별시 용산구청,2026-06-13
보광동192,1,,서울특별시 용산구보광동 216-29,,,2012,,02-2199-7880,서울특별시 용산구청,2026-06-13
보광동193,1,,서울특별시 용산구보광동 216-31,,,2012,,02-2199-7880,서울특별시 용산구청,2026-06-13
보광동194,1,,서울특별시 용산구보광동 216-31,,,2012,,02-2199-7880,서울특별시 용산구청,2026-06-13
보광동195,1,,서울특별시 용산구보광동 216-31,,,2012,,02-2199-7880,서울특별시 용산구청,2026-06-13
보광동196,1,,서울특별시 용산구보광동 216-4,,,2012,,02-2199-7880,서울특별시 용산구청,2026-06-13
보광동197,1,,서울특별시 용산구보광동 216-4,,,2012,,02-2199-7880,서울특별시 용산구청,2026-06-13
보광동198,1,,서울특별시 용산구보광동 216-4,,,2012,,02-2199-7880,서울특별시 용산구청,2026-06-13
보광동199,1,,서울특별시 용산구보광동 210-4,,,2012,,02-2199-7880,서울특별시 용산구청,2026-06-13
보광동2,1,,서울특별시 용산구보광동 217-50,,,2012,,02-2199-7880,서울특별시 용산구청,2026-06-13
보광동20,1,,서울특별시 용산구보광동 340-1,,,2012,,02-2199-7880,서울특별시 용산구청,2026-06-13
보광동200,1,,서울특별시 용산구보광동 216-67,,,2012,,02-2199-7880,서울특별시 용산구청,2026-06-13
보광동201,1,,서울특별시 용산구보광동 216-67,,,2012,,02-2199-7880,서울특별시 용산구청,2026-06-13
보광동202,1,,서울특별시 용산구보광동 214-12,,,2012,,02-2199-7880,서울특별시 용산구청,2026-06-13
보광동203,1,,서울특별시 용산구보광동 214-3,,,2012,,02-2199-7880,서울특별시 용산구청,2026-06-13
보광동204,1,,서울특별시 용산구보광동 214-3,,,2012,,02-2199-7880,서울특별시 용산구청,2026-06-13
보광동205,1,,서울특별시 용산구보광동 212-1,,,2012,,02-2199-7880,서울특별시 용산구청,2026-06-13
보광동206,1,,서울특별시 용산구보광동 212-7,,,2012,,02-2199-7880,서울특별시 용산구청,2026-06-13
보광동207,1,,서울특별시 용산구보광동 212-9,,,2012,,02-2199-7880,서울특별시 용산구청,2026-06-13
보광동208,1,,서울특별시 용산구보광동 210-21,,,2012,,02-2199-7880,서울특별시 용산구청,2026-06-13
보광동209,1,,서울특별시 용산구보광동 210-19,,,2012,,02-2199-7880,서울특별시 용산구청,2026-06-13
보광동21,1,,서울특별시 용산구보광동 341-2,,,2012,,02-2199-7880,서울특별시 용산구청,2026-06-13
보광동210,1,,서울특별시 용산구보광동 210-21,,,2012,,02-2199-7880,서울특별시 용산구청,2026-06-13
보광동211,1,,서울특별시 용산구보광동 208-1,,,2012,,02-2199-7880,서울특별시 용산구청,2026-06-13
보광동212,1,,서울특별시 용산구보광동 216-67,,,2012,,02-2199-7880,서울특별시 용산구청,2026-06-13
보광동213,1,,서울특별시 용산구보광동 208-1,,,2012,,02-2199-7880,서울특별시 용산구청,2026-06-13
보광동214,1,,서울특별시 용산구보광동 207-25,,,2012,,02-2199-7880,서울특별시 용산구청,2026-06-13
보광동215,1,,서울특별시 용산구보광동 207-13,,,2012,,02-2199-7880,서울특별시 용산구청,2026-06-13
보광동216,1,,서울특별시 용산구보광동 201-12,,,2012,,02-2199-7880,서울특별시 용산구청,2026-06-13
보광동217,1,,서울특별시 용산구보광동 201-9,,,2012,,02-2199-7880,서울특별시 용산구청,2026-06-13
보광동218,1,,서울특별시 용산구보광동 209-30,,,2023,,02-2199-7880,서울특별시 용산구청,2026-06-13
보광동219,1,,서울특별시 용산구보광동 209-20,,,2012,,02-2199-7880,서울특별시 용산구청,2026-06-13
보광동22,1,,서울특별시 용산구보광동 342-1,,,2023,,02-2199-7880,서울특별시 용산구청,2026-06-13
보광동220,1,,서울특별시 용산구보광동 209-20,,,2013,,02-2199-7880,서울특별시 용산구청,2026-06-13
보광동221,1,,서울특별시 용산구보광동 209-15,,,2012,,02-2199-7880,서울특별시 용산구청,2026-06-13
보광동222,1,,서울특별시 용산구보광동 209-38,,,2012,,02-2199-7880,서울특별시 용산구청,2026-06-13
보광동223,1,,서울특별시 용산구보광동 212-6,,,2012,,02-2199-7880,서울특별시 용산구청,2026-06-13
보광동224,1,,서울특별시 용산구보광동 209-19,,,2012,,02-2199-7880,서울특별시 용산구청,2026-06-13
보광동225,1,,서울특별시 용산구보광동 212-10,,,2012,,02-2199-7880,서울특별시 용산구청,2026-06-13
보광동226,1,,서울특별시 용산구보광동 201-19,,,2012,,02-2199-7880,서울특별시 용산구청,2026-06-13
보광동227,1,,서울특별시 용산구보광동 200-5,,,2012,,02-2199-7880,서울특별시 용산구청,2026-06-13
보광동228,1,,서울특별시 용산구보광동 191-27,,,2012,,02-2199-7880,서울특별시 용산구청,2026-06-13
보광동229,1,,서울특별시 용산구보광동 191-21,,,2012,,02-2199-7880,서울특별시 용산구청,2026-06-13
보광동23,1,,서울특별시 용산구보광동 345,,,2012,,02-2199-7880,서울특별시 용산구청,2026-06-13
보광동230,1,,서울특별시 용산구보광동 209-23,,,2012,,02-2199-7880,서울특별시 용산구청,2026-06-13
보광동231,1,,서울특별시 용산구보광동 201-17,,,2012,,02-2199-7880,서울특별시 용산구청,2026-06-13
보광동232,1,,서울특별시 용산구보광동 201-3,,,2012,,02-2199-7880,서울특별시 용산구청,2026-06-13
보광동233,1,,서울특별시 용산구보광동 191-8,,,2012,,02-2199-7880,서울특별시 용산구청,2026-06-13
보광동234,1,,서울특별시 용산구보광동 191-11,,,2012,,02-2199-7880,서울특별시 용산구청,2026-06-13
보광동235,1,,서울특별시 용산구보광동 191-6,,,2022,,02-2199-7880,서울특별시 용산구청,2026-06-13
보광동236,1,,서울특별시 용산구보광동 191-28,,,2012,,02-2199-7880,서울특별시 용산구청,2026-06-13
보광동237,1,,서울특별시 용산구보광동 191-28,,,2012,,02-2199-7880,서울특별시 용산구청,2026-06-13
보광동238,1,,서울특별시 용산구보광동 191-4,,,2012,,02-2199-7880,서울특별시 용산구청,2026-06-13
보광동239,1,,서울특별시 용산구보광동 190-2,,,2012,,02-2199-7880,서울특별시 용산구청,2026-06-13
보광동24,1,,서울특별시 용산구보광동 350-2,,,2012,,02-2199-7880,서울특별시 용산구청,2026-06-13
보광동240,1,,서울특별시 용산구보광동 191-1,,,2023,,02-2199-7880,서울특별시 용산구청,2026-06-13
보광동241,1,,서울특별시 용산구보광동 191-1,,,2023,,02-2199-7880,서울특별시 용산구청,2026-06-13
보광동242,1,,서울특별시 용산구보광동 216-8,,,2012,,02-2199-7880,서울특별시 용산구청,2026-06-13
보광동243,1,,서울특별시 용산구보광동 216-33,,,2012,,02-2199-7880,서울특별시 용산구청,2026-06-13
보광동244,1,,서울특별시 용산구보광동 216-92,,,2012,,02-2199-7880,서울특별시 용산구청,2026-06-13
보광동245,1,,서울특별시 용산구보광동 216-108,,,2012,,02-2199-7880,서울특별시 용산구청,2026-06-13
보광동246,1,,서울특별시 용산구보광동 216-33,,,2012,,02-2199-7880,서울특별시 용산구청,2026-06-13
보광동247,1,,서울특별시 용산구보광동 216-37,,,2012,,02-2199-7880,서울특별시 용산구청,2026-06-13
보광동248,1,,서울특별시 용산구보광동 216-36,,,2012,,02-2199-7880,서울특별시 용산구청,2026-06-13
보광동249,1,,서울특별시 용산구보광동 168-32,,,2012,,02-2199-7880,서울특별시 용산구청,2026-06-13
보광동25,1,,서울특별시 용산구보광동 351-2,,,2012,,02-2199-7880,서울특별시 용산구청,2026-06-13
보광동250,1,,서울특별시 용산구보광동 168-15,,,2012,,02-2199-7880,서울특별시 용산구청,2026-06-13
보광동251,1,,서울특별시 용산구보광동 168-14,,,2012,,02-2199-7880,서울특별시 용산구청,2026-06-13
보광동252,1,,서울특별시 용산구보광동 168-18,,,2012,,02-2199-7880,서울특별시 용산구청,2026-06-13
보광동253,1,,서울특별시 용산구보광동 216-20,,,2012,,02-2199-7880,서울특별시 용산구청,2026-06-13
보광동254,1,,서울특별시 용산구보광동 168-11,,,2012,,02-2199-7880,서울특별시 용산구청,2026-06-13
보광동255,1,,서울특별시 용산구보광동 168-10,,,2012,,02-2199-7880,서울특별시 용산구청,2026-06-13
보광동256,1,,서울특별시 용산구보광동 168-10,,,2012,,02-2199-7880,서울특별시 용산구청,2026-06-13
보광동257,1,,서울특별시 용산구보광동 168-10,,,2012,,02-2199-7880,서울특별시 용산구청,2026-06-13
보광동258,1,,서울특별시 용산구보광동 168-65,,,2015,,02-2199-7880,서울특별시 용산구청,2026-06-13
보광동259,1,,서울특별시 용산구보광동 216-67,,,2023,,02-2199-7880,서울특별시 용산구청,2026-06-13
보광동26,1,,서울특별시 용산구보광동 226-8,,,2012,,02-2199-7880,서울특별시 용산구청,2026-06-13
보광동260,1,,서울특별시 용산구보광동 168-4,,,2012,,02-2199-7880,서울특별시 용산구청,2026-06-13
보광동261,1,,서울특별시 용산구보광동 216-56,,,2012,,02-2199-7880,서울특별시 용산구청,2026-06-13
보광동262,1,,서울특별시 용산구보광동 217-29,,,2023,,02-2199-7880,서울특별시 용산구청,2026-06-13
보광동263,1,,서울특별시 용산구보광동 216-67,,,2012,,02-2199-7880,서울특별시 용산구청,2026-06-13
보광동264,1,,서울특별시 용산구보광동 168-4,,,2012,,02-2199-7880,서울특별시 용산구청,2026-06-13
보광동265,1,,서울특별시 용산구보광동 168-4,,,2012,,02-2199-7880,서울특별시 용산구청,2026-06-13
보광동266,1,,서울특별시 용산구보광동 160-3,,,2012,,02-2199-7880,서울특별시 용산구청,2026-06-13
보광동267,1,,서울특별시 용산구보광동 168-4,,,2012,,02-2199-7880,서울특별시 용산구청,2026-06-13
보광동268,1,,서울특별시 용산구보광동 168-4,,,2012,,02-2199-7880,서울특별시 용산구청,2026-06-13
보광동269,1,,서울특별시 용산구보광동 160-9,,,2012,,02-2199-7880,서울특별시 용산구청,2026-06-13
보광동27,1,,서울특별시 용산구보광동 226-8,,,2012,,02-2199-7880,서울특별시 용산구청,2026-06-13
보광동270,1,,서울특별시 용산구보광동 160-7,,,2012,,02-2199-7880,서울특별시 용산구청,2026-06-13
보광동271,1,,서울특별시 용산구보광동 100-7,,,2012,,02-2199-7880,서울특별시 용산구청,2026-06-13
보광동272,1,,서울특별시 용산구보광동 100-5,,,2012,,02-2199-7880,서울특별시 용산구청,2026-06-13
보광동273,1,,서울특별시 용산구보광동 100-12,,,2012,,02-2199-7880,서울특별시 용산구청,2026-06-13
보광동274,1,,서울특별시 용산구보광동 96-1,,,2012,,02-2199-7880,서울특별시 용산구청,2026-06-13
보광동275,1,,서울특별시 용산구보광동 81-4,,,2012,,02-2199-7880,서울특별시 용산구청,2026-06-13
보광동276,1,,서울특별시 용산구보광동 160-1,,,2012,,02-2199-7880,서울특별시 용산구청,2026-06-13
보광동277,1,,서울특별시 용산구보광동 218,,,2023,,02-2199-7880,서울특별시 용산구청,2026-06-13
보광동278,1,,서울특별시 용산구보광동 91-1,,,2012,,02-2199-7880,서울특별시 용산구청,2026-06-13
보광동279,1,,서울특별시 용산구보광동 91-2,,,2012,,02-2199-7880,서울특별시 용산구청,2026-06-13
보광동28,1,,서울특별시 용산구보광동 226-7,,,2012,,02-2199-7880,서울특별시 용산구청,2026-06-13
보광동280,1,,서울특별시 용산구보광동 97,,,2012,,02-2199-7880,서울특별시 용산구청,2026-06-13
보광동281,1,,서울특별시 용산구보광동 97-1,,,2012,,02-2199-7880,서울특별시 용산구청,2026-06-13
보광동282,1,,서울특별시 용산구보광동 100-10,,,2013,,02-2199-7880,서울특별시 용산구청,2026-06-13
보광동283,1,,서울특별시 용산구보광동 162-2,,,2012,,02-2199-7880,서울특별시 용산구청,2026-06-13
보광동284,1,,서울특별시 용산구보광동 163-3,,,2012,,02-2199-7880,서울특별시 용산구청,2026-06-13
보광동285,1,,서울특별시 용산구보광동 163-3,,,2012,,02-2199-7880,서울특별시 용산구청,2026-06-13
보광동286,1,,서울특별시 용산구보광동 97-1,,,2012,,02-2199-7880,서울특별시 용산구청,2026-06-13
보광동287,1,,서울특별시 용산구보광동 100-12,,,2012,,02-2199-7880,서울특별시 용산구청,2026-06-13
보광동288,1,,서울특별시 용산구보광동 100-12,,,2012,,02-2199-7880,서울특별시 용산구청,2026-06-13
보광동289,1,,서울특별시 용산구보광동 104-3,,,2012,,02-2199-7880,서울특별시 용산구청,2026-06-13
보광동29,1,,서울특별시 용산구보광동 231-68,,,2012,,02-2199-7880,서울특별시 용산구청,2026-06-13
보광동290,1,,서울특별시 용산구보광동 104-8,,,2023,,02-2199-7880,서울특별시 용산구청,2026-06-13
보광동291,1,,서울특별시 용산구보광동 151-4,,,2012,,02-2199-7880,서울특별시 용산구청,2026-06-13
보광동292,1,,서울특별시 용산구보광동 109-1,,,2012,,02-2199-7880,서울특별시 용산구청,2026-06-13
보광동293,1,,서울특별시 용산구보광동 136,,,2012,,02-2199-7880,서울특별시 용산구청,2026-06-13
보광동294,1,,서울특별시 용산구보광동 137-2,,,2012,,02-2199-7880,서울특별시 용산구청,2026-06-13
보광동295,1,,서울특별시 용산구보광동 109-1,,,2012,,02-2199-7880,서울특별시 용산구청,2026-06-13
보광동296,1,,서울특별시 용산구보광동 107-1,,,2012,,02-2199-7880,서울특별시 용산구청,2026-06-13
보광동297,1,,서울특별시 용산구보광동 123-1,,,2012,,02-2199-7880,서울특별시 용산구청,2026-06-13
보광동298,1,,서울특별시 용산구보광동 122-1,,,2012,,02-2199-7880,서울특별시 용산구청,2026-06-13
보광동299,1,,서울특별시 용산구보광동 109-1,,,2012,,02-2199-7880,서울특별시 용산구청,2026-06-13
보광동3,1,,서울특별시 용산구보광동 217-51,,,2012,,02-2199-7880,서울특별시 용산구청,2026-06-13
보광동30,1,,서울특별시 용산구보광동 227-17,,,2012,,02-2199-7880,서울특별시 용산구청,2026-06-13
보광동300,1,,서울특별시 용산구보광동 109,,,2012,,02-2199-7880,서울특별시 용산구청,2026-06-13
보광동301,1,,서울특별시 용산구보광동 109-1,,,2012,,02-2199-7880,서울특별시 용산구청,2026-06-13
보광동302,1,,서울특별시 용산구보광동 100-15,,,2012,,02-2199-7880,서울특별시 용산구청,2026-06-13
보광동303,1,,서울특별시 용산구보광동 151-1,,,2012,,02-2199-7880,서울특별시 용산구청,2026-06-13
보광동304,1,,서울특별시 용산구보광동 151-1,,,2012,,02-2199-7880,서울특별시 용산구청,2026-06-13
보광동305,1,,서울특별시 용산구보광동 151-1,,,2012,,02-2199-7880,서울특별시 용산구청,2026-06-13
보광동306,1,,서울특별시 용산구보광동 155,,,2012,,02-2199-7880,서울특별시 용산구청,2026-06-13
보광동307,1,,서울특별시 용산구보광동 80-2,,,2012,,02-2199-7880,서울특별시 용산구청,2026-06-13
보광동308,1,,서울특별시 용산구보광동 80-21,,,2012,,02-2199-7880,서울특별시 용산구청,2026-06-13
보광동309,1,,서울특별시 용산구보광동 80-34,,,2012,,02-2199-7880,서울특별시 용산구청,2026-06-13
보광동31,1,,서울특별시 용산구보광동 350-1,,,2012,,02-2199-7880,서울특별시 용산구청,2026-06-13
보광동310,1,,서울특별시 용산구보광동 80-18,,,2012,,02-2199-7880,서울특별시 용산구청,2026-06-13
보광동311,1,,서울특별시 용산구보광동 82-4,,,2012,,02-2199-7880,서울특별시 용산구청,2026-06-13
보광동312,1,,서울특별시 용산구보광동 82-1,,,2012,,02-2199-7880,서울특별시 용산구청,2026-06-13
보광동313,1,,서울특별시 용산구보광동 448,,,2012,,02-2199-7880,서울특별시 용산구청,2026-06-13
보광동314,1,,서울특별시 용산구보광동 70-8,,,2012,,02-2199-7880,서울특별시 용산구청,2026-06-13
보광동315,1,,서울특별시 용산구보광동 71-10,,,2012,,02-2199-7880,서울특별시 용산구청,2026-06-13
보광동316,1,,서울특별시 용산구보광동 65-1,,,2012,,02-2199-7880,서울특별시 용산구청,2026-06-13
보광동317,1,,서울특별시 용산구보광동 70-22,,,2012,,02-2199-7880,서울특별시 용산구청,2026-06-13
보광동318,1,,서울특별시 용산구보광동 65-1,,,2012,,02-2199-7880,서울특별시 용산구청,2026-06-13
보광동319,1,,서울특별시 용산구보광동 68,,,2018,,02-2199-7880,서울특별시 용산구청,2026-06-13
보광동32,1,,서울특별시 용산구보광동 350-2,,,2023,,02-2199-7880,서울특별시 용산구청,2026-06-13
보광동320,1,,서울특별시 용산구보광동 65-1,,,2012,,02-2199-7880,서울특별시 용산구청,2026-06-13
보광동321,1,,서울특별시 용산구보광동 65-1,,,2013,,02-2199-7880,서울특별시 용산구청,2026-06-13
보광동322,1,,서울특별시 용산구보광동 56,,,2012,,02-2199-7880,서울특별시 용산구청,2026-06-13
보광동323,1,,서울특별시 용산구보광동 58-3,,,2012,,02-2199-7880,서울특별시 용산구청,2026-06-13
보광동324,1,,서울특별시 용산구보광동 51,,,2012,,02-2199-7880,서울특별시 용산구청,2026-06-13
보광동325,1,,서울특별시 용산구보광동 80-18,,,2012,,02-2199-7880,서울특별시 용산구청,2026-06-13
보광동326,1,,서울특별시 용산구보광동 53-1,,,2012,,02-2199-7880,서울특별시 용산구청,2026-06-13
보광동327,1,,서울특별시 용산구보광동 52,,,2012,,02-2199-7880,서울특별시 용산구청,2026-06-13
보광동328,1,,서울특별시 용산구보광동 33-8,,,2012,,02-2199-7880,서울특별시 용산구청,2026-06-13
보광동329,1,,서울특별시 용산구보광동 33-10,,,2023,,02-2199-7880,서울특별시 용산구청,2026-06-13
보광동33,1,,서울특별시 용산구보광동 227-17,,,2012,,02-2199-7880,서울특별시 용산구청,2026-06-13
보광동330,1,,서울특별시 용산구보광동 25-6,,,2012,,02-2199-7880,서울특별시 용산구청,2026-06-13
보광동331,1,,서울특별시 용산구보광동 65-3,,,2012,,02-2199-7880,서울특별시 용산구청,2026-06-13
보광동331,1,,서울특별시 용산구보광동 71-16,,,2012,,02-2199-7880,서울특별시 용산구청,2026-06-13
보광동332,1,,서울특별시 용산구보광동 44,,,2012,,02-2199-7880,서울특별시 용산구청,2026-06-13
보광동333,1,,서울특별시 용산구보광동 35-31,,,2012,,02-2199-7880,서울특별시 용산구청,2026-06-13
보광동334,1,,서울특별시 용산구보광동 35-50,,,2012,,02-2199-7880,서울특별시 용산구청,2026-06-13
보광동335,1,,서울특별시 용산구보광동 35-50,,,2012,,02-2199-7880,서울특별시 용산구청,2026-06-13
보광동336,1,,서울특별시 용산구보광동 39-1,,,2014,,02-2199-7880,서울특별시 용산구청,2026-06-13
보광동337,1,,서울특별시 용산구보광동 35-50,,,2014,,02-2199-7880,서울특별시 용산구청,2026-06-13
보광동338,1,,서울특별시 용산구보광동 805-1,,,2012,,02-2199-7880,서울특별시 용산구청,2026-06-13
보광동339,1,,서울특별시 용산구보광동 35-42,,,2012,,02-2199-7880,서울특별시 용산구청,2026-06-13
보광동34,1,,서울특별시 용산구보광동 227-17,,,2012,,02-2199-7880,서울특별시 용산구청,2026-06-13
보광동340,1,,서울특별시 용산구보광동 35-22,,,2012,,02-2199-7880,서울특별시 용산구청,2026-06-13
보광동341,1,,서울특별시 용산구보광동 71-12,,,2012,,02-2199-7880,서울특별시 용산구청,2026-06-13
보광동341,1,,서울특별시 용산구보광동 35-20,,,2012,,02-2199-7880,서울특별시 용산구청,2026-06-13
보광동342,1,,서울특별시 용산구보광동 35-13,,,2012,,02-2199-7880,서울특별시 용산구청,2026-06-13
보광동343,1,,서울특별시 용산구보광동 35-4,,,2012,,02-2199-7880,서울특별시 용산구청,2026-06-13
보광동344,1,,서울특별시 용산구보광동 35-51,,,2012,,02-2199-7880,서울특별시 용산구청,2026-06-13
보광동345,1,,서울특별시 용산구보광동 805-1,,,2012,,02-2199-7880,서울특별시 용산구청,2026-06-13
보광동346,1,,서울특별시 용산구보광동 27-14,,,2012,,02-2199-7880,서울특별시 용산구청,2026-06-13
보광동347,1,,서울특별시 용산구보광동 807,,,2012,,02-2199-7880,서울특별시 용산구청,2026-06-13
보광동348,1,,서울특별시 용산구보광동 807,,,2012,,02-2199-7880,서울특별시 용산구청,2026-06-13
보광동349,1,,서울특별시 용산구보광동 27-17,,,2012,,02-2199-7880,서울특별시 용산구청,2026-06-13
보광동35,1,,서울특별시 용산구보광동 231-86,,,2012,,02-2199-7880,서울특별시 용산구청,2026-06-13
보광동350,1,,서울특별시 용산구보광동 15-37,,,2012,,02-2199-7880,서울특별시 용산구청,2026-06-13
보광동351,1,,서울특별시 용산구보광동 15-37,,,2012,,02-2199-7880,서울특별시 용산구청,2026-06-13
보광동352,1,,서울특별시 용산구보광동 2-2,,,2012,,02-2199-7880,서울특별시 용산구청,2026-06-13
보광동353,1,,서울특별시 용산구보광동 807,,,2012,,02-2199-7880,서울특별시 용산구청,2026-06-13
보광동354,1,,서울특별시 용산구보광동 807,,,2012,,02-2199-7880,서울특별시 용산구청,2026-06-13
보광동355,1,,서울특별시 용산구보광동 807-13,,,2012,,02-2199-7880,서울특별시 용산구청,2026-06-13
보광동356,1,,서울특별시 용산구보광동 3-185,,,2012,,02-2199-7880,서울특별시 용산구청,2026-06-13
보광동357,1,,서울특별시 용산구보광동 3-75,,,2012,,02-2199-7880,서울특별시 용산구청,2026-06-13
보광동358,1,,서울특별시 용산구보광동 3-75,,,2012,,02-2199-7880,서울특별시 용산구청,2026-06-13
보광동359,1,,서울특별시 용산구보광동 3-79,,,2012,,02-2199-7880,서울특별시 용산구청,2026-06-13
보광동36,1,,서울특별시 용산구보광동 232,,,2012,,02-2199-7880,서울특별시 용산구청,2026-06-13
보광동360,1,,서울특별시 용산구보광동 3-185,,,2012,,02-2199-7880,서울특별시 용산구청,2026-06-13
보광동361,1,,서울특별시 용산구보광동 3-86,,,2012,,02-2199-7880,서울특별시 용산구청,2026-06-13
보광동362,1,,서울특별시 용산구보광동 807-3,,,2012,,02-2199-7880,서울특별시 용산구청,2026-06-13
보광동363,1,,서울특별시 용산구보광동 3-397,,,2012,,02-2199-7880,서울특별시 용산구청,2026-06-13
보광동364,1,,서울특별시 용산구보광동 568-312,,,2012,,02-2199-7880,서울특별시 용산구청,2026-06-13
보광동365,1,,서울특별시 용산구보광동 3-150,,,2012,,02-2199-7880,서울특별시 용산구청,2026-06-13
보광동366,1,,서울특별시 용산구보광동 3-72,,,2012,,02-2199-7880,서울특별시 용산구청,2026-06-13
보광동367,1,,서울특별시 용산구보광동 2-1,,,2012,,02-2199-7880,서울특별시 용산구청,2026-06-13
보광동368,1,,서울특별시 용산구보광동 3-185,,,2012,,02-2199-7880,서울특별시 용산구청,2026-06-13
보광동369,1,,서울특별시 용산구보광동 2-3,,,2012,,02-2199-7880,서울특별시 용산구청,2026-06-13
보광동37,1,,서울특별시 용산구보광동 232-2,,,2012,,02-2199-7880,서울특별시 용산구청,2026-06-13
보광동370,1,,서울특별시 용산구보광동 15-1,,,2012,,02-2199-7880,서울특별시 용산구청,2026-06-13
보광동371,1,,서울특별시 용산구보광동 1-25,,,2012,,02-2199-7880,서울특별시 용산구청,2026-06-13
보광동372,1,,서울특별시 용산구보광동 15-35,,,2012,,02-2199-7880,서울특별시 용산구청,2026-06-13
보광동373,1,,서울특별시 용산구보광동 15-24,,,2012,,02-2199-7880,서울특별시 용산구청,2026-06-13
보광동374,1,,서울특별시 용산구보광동 15-24,,,2020,,02-2199-7880,서울특별시 용산구청,2026-06-13
보광동375,1,,서울특별시 용산구보광동 15-24,,,2012,,02-2199-7880,서울특별시 용산구청,2026-06-13
보광동376,1,,서울특별시 용산구보광동 15-24,,,2015,,02-2199-7880,서울특별시 용산구청,2026-06-13
보광동377,1,,서울특별시 용산구보광동 27-19,,,2012,,02-2199-7880,서울특별시 용산구청,2026-06-13
보광동378,1,,서울특별시 용산구보광동 27-26,,,2012,,02-2199-7880,서울특별시 용산구청,2026-06-13
보광동379,1,,서울특별시 용산구보광동 26-3,,,2016,,02-2199-7880,서울특별시 용산구청,2026-06-13
보광동38,1,,서울특별시 용산구보광동 232-2,,,2012,,02-2199-7880,서울특별시 용산구청,2026-06-13
보광동380,1,,서울특별시 용산구보광동 27-9,,,2012,,02-2199-7880,서울특별시 용산구청,2026-06-13
보광동381,1,,서울특별시 용산구보광동 26-4,,,2012,,02-2199-7880,서울특별시 용산구청,2026-06-13
보광동382,1,,서울특별시 용산구보광동 23-1,,,2016,,02-2199-7880,서울특별시 용산구청,2026-06-13
보광동383,1,,서울특별시 용산구보광동 23-1,,,2012,,02-2199-7880,서울특별시 용산구청,2026-06-13
보광동384,1,,서울특별시 용산구보광동 75-23,,,2012,,02-2199-7880,서울특별시 용산구청,2026-06-13
보광동385,1,,서울특별시 용산구보광동 75-22,,,2016,,02-2199-7880,서울특별시 용산구청,2026-06-13
보광동386,1,,서울특별시 용산구보광동 75-20,,,2012,,02-2199-7880,서울특별시 용산구청,2026-06-13
보광동387,1,,서울특별시 용산구보광동 1-15,,,2012,,02-2199-7880,서울특별시 용산구청,2026-06-13
보광동388,1,,서울특별시 용산구보광동 13-9,,,2012,,02-2199-7880,서울특별시 용산구청,2026-06-13
보광동389,1,,서울특별시 용산구보광동 13-18,,,2020,,02-2199-7880,서울특별시 용산구청,2026-06-13
보광동39,1,,서울특별시 용산구보광동 260-31,,,2012,,02-2199-7880,서울특별시 용산구청,2026-06-13
보광동390,1,,서울특별시 용산구보광동 1-25,,,2012,,02-2199-7880,서울특별시 용산구청,2026-06-13
보광동391,1,,서울특별시 용산구보광동 13-76,,,2012,,02-2199-7880,서울특별시 용산구청,2026-06-13
보광동392,1,,서울특별시 용산구보광동 14-11,,,2012,,02-2199-7880,서울특별시 용산구청,2026-06-13
보광동393,1,,서울특별시 용산구보광동 14-2,,,2012,,02-2199-7880,서울특별시 용산구청,2026-06-13
보광동394,1,,서울특별시 용산구보광동 14-18,,,2012,,02-2199-7880,서울특별시 용산구청,2026-06-13
보광동395,1,,서울특별시 용산구보광동 14-4,,,2012,,02-2199-7880,서울특별시 용산구청,2026-06-13
보광동396,1,,서울특별시 용산구보광동 14-1,,,2012,,02-2199-7880,서울특별시 용산구청,2026-06-13
보광동397,1,,서울특별시 용산구보광동 14-7,,,2012,,02-2199-7880,서울특별시 용산구청,2026-06-13
보광동398,1,,서울특별시 용산구보광동 14-4,,,2012,,02-2199-7880,서울특별시 용산구청,2026-06-13
보광동399,1,,서울특별시 용산구보광동 14-3,,,2012,,02-2199-7880,서울특별시 용산구청,2026-06-13
보광동4,1,,서울특별시 용산구보광동 217-28,,,2012,,02-2199-7880,서울특별시 용산구청,2026-06-13
보광동40,1,,서울특별시 용산구보광동 232-1,,,2012,,02-2199-7880,서울특별시 용산구청,2026-06-13
보광동400,1,,서울특별시 용산구보광동 14-10,,,2012,,02-2199-7880,서울특별시 용산구청,2026-06-13
보광동401,1,,서울특별시 용산구보광동 14-10,,,2012,,02-2199-7880,서울특별시 용산구청,2026-06-13
보광동402,1,,서울특별시 용산구보광동 13-40,,,2012,,02-2199-7880,서울특별시 용산구청,2026-06-13
보광동403,1,,서울특별시 용산구보광동 13-84,,,2012,,02-2199-7880,서울특별시 용산구청,2026-06-13
보광동404,1,,서울특별시 용산구보광동 13-29,,,2012,,02-2199-7880,서울특별시 용산구청,2026-06-13
보광동405,1,,서울특별시 용산구보광동 13-41,,,2012,,02-2199-7880,서울특별시 용산구청,2026-06-13
보광동406,1,,서울특별시 용산구보광동 13-49,,,2012,,02-2199-7880,서울특별시 용산구청,2026-06-13
보광동407,1,,서울특별시 용산구보광동 13-43,,,2013,,02-2199-7880,서울특별시 용산구청,2026-06-13
보광동408,1,,서울특별시 용산구보광동 13-102,,,2012,,02-2199-7880,서울특별시 용산구청,2026-06-13
보광동409,1,,서울특별시 용산구보광동 13-50,,,2012,,02-2199-7880,서울특별시 용산구청,2026-06-13
보광동41,1,,서울특별시 용산구보광동 231-60,,,2012,,02-2199-7880,서울특별시 용산구청,2026-06-13
보광동410,1,,서울특별시 용산구보광동 13-55,,,2012,,02-2199-7880,서울특별시 용산구청,2026-06-13
보광동411,1,,서울특별시 용산구보광동 13-58,,,2012,,02-2199-7880,서울특별시 용산구청,2026-06-13
보광동412,1,,서울특별시 용산구보광동 13-60,,,2012,,02-2199-7880,서울특별시 용산구청,2026-06-13
보광동413,1,,서울특별시 용산구보광동 13-62,,,2012,,02-2199-7880,서울특별시 용산구청,2026-06-13
보광동414,1,,서울특별시 용산구보광동 13-67,,,2012,,02-2199-7880,서울특별시 용산구청,2026-06-13
보광동415,1,,서울특별시 용산구보광동 12-24,,,2012,,02-2199-7880,서울특별시 용산구청,2026-06-13
보광동416,1,,서울특별시 용산구보광동 12-24,,,2012,,02-2199-7880,서울특별시 용산구청,2026-06-13
보광동417,1,,서울특별시 용산구보광동 12-11,,,2012,,02-2199-7880,서울특별시 용산구청,2026-06-13
보광동418,1,,서울특별시 용산구보광동 12-17,,,2012,,02-2199-7880,서울특별시 용산구청,2026-06-13
보광동419,1,,서울특별시 용산구보광동 13-83,,,2014,,02-2199-7880,서울특별시 용산구청,2026-06-13
보광동42,1,,서울특별시 용산구보광동 231-60,,,2012,,02-2199-7880,서울특별시 용산구청,2026-06-13
보광동420,1,,서울특별시 용산구보광동 12-17,,,2012,,02-2199-7880,서울특별시 용산구청,2026-06-13
보광동421,1,,서울특별시 용산구보광동 13-40,,,2012,,02-2199-7880,서울특별시 용산구청,2026-06-13
보광동422,1,,서울특별시 용산구보광동 13-40,,,2012,,02-2199-7880,서울특별시 용산구청,2026-06-13
보광동423,1,,서울특별시 용산구보광동 13-40,,,2012,,02-2199-7880,서울특별시 용산구청,2026-06-13
보광동424,1,,서울특별시 용산구보광동 13-111,,,2012,,02-2199-7880,서울특별시 용산구청,2026-06-13
보광동425,1,,서울특별시 용산구보광동 13-110,,,2014,,02-2199-7880,서울특별시 용산구청,2026-06-13
보광동426,1,,서울특별시 용산구보광동 11-1,,,2012,,02-2199-7880,서울특별시 용산구청,2026-06-13
보광동427,1,,서울특별시 용산구보광동 11-11,,,2012,,02-2199-7880,서울특별시 용산구청,2026-06-13
보광동428,1,,서울특별시 용산구보광동 11-16,,,2012,,02-2199-7880,서울특별시 용산구청,2026-06-13
보광동429,1,,서울특별시 용산구보광동 263-5,,,2012,,02-2199-7880,서울특별시 용산구청,2026-06-13
보광동43,1,,서울특별시 용산구보광동 231-60,,,2013,,02-2199-7880,서울특별시 용산구청,2026-06-13
보광동430,1,,서울특별시 용산구보광동 12-23,,,2012,,02-2199-7880,서울특별시 용산구청,2026-06-13
보광동431,1,,서울특별시 용산구보광동 9-28,,,2015,,02-2199-7880,서울특별시 용산구청,2026-06-13
보광동432,1,,서울특별시 용산구보광동 9-41,,,2012,,02-2199-7880,서울특별시 용산구청,2026-06-13
보광동433,1,,서울특별시 용산구보광동 9-21,,,2012,,02-2199-7880,서울특별시 용산구청,2026-06-13
보광동434,1,,서울특별시 용산구보광동 9-73,,,2012,,02-2199-7880,서울특별시 용산구청,2026-06-13
보광동435,1,,서울특별시 용산구보광동 6-7,,,2012,,02-2199-7880,서울특별시 용산구청,2026-06-13
보광동435,1,,서울특별시 용산구보광동 9-61,,,2012,,02-2199-7880,서울특별시 용산구청,2026-06-13
보광동436,1,,서울특별시 용산구보광동 264-67,,,2012,,02-2199-7880,서울특별시 용산구청,2026-06-13
보광동437,1,,서울특별시 용산구보광동 9-49,,,2012,,02-2199-7880,서울특별시 용산구청,2026-06-13
보광동438,1,,서울특별시 용산구보광동 9-18,,,2012,,02-2199-7880,서울특별시 용산구청,2026-06-13
보광동439,1,,서울특별시 용산구보광동 9-65,,,2012,,02-2199-7880,서울특별시 용산구청,2026-06-13
보광동44,1,,서울특별시 용산구보광동 231-60,,,2012,,02-2199-7880,서울특별시 용산구청,2026-06-13
보광동440,1,,서울특별시 용산구보광동 9-58,,,2012,,02-2199-7880,서울특별시 용산구청,2026-06-13
보광동441,1,,서울특별시 용산구보광동 9-64,,,2012,,02-2199-7880,서울특별시 용산구청,2026-06-13
보광동442,1,,서울특별시 용산구보광동 14-15,,,2012,,02-2199-7880,서울특별시 용산구청,2026-06-13
보광동443,1,,서울특별시 용산구보광동 9-46,,,2012,,02-2199-7880,서울특별시 용산구청,2026-06-13
보광동444,1,,서울특별시 용산구보광동 9-3,,,2012,,02-2199-7880,서울특별시 용산구청,2026-06-13
보광동445,1,,서울특별시 용산구보광동 9-76,,,2012,,02-2199-7880,서울특별시 용산구청,2026-06-13
보광동446,1,,서울특별시 용산구보광동 9-8,,,2012,,02-2199-7880,서울특별시 용산구청,2026-06-13
보광동447,1,,서울특별시 용산구보광동 9-8,,,2012,,02-2199-7880,서울특별시 용산구청,2026-06-13
보광동448,1,,서울특별시 용산구보광동 9-8,,,2012,,02-2199-7880,서울특별시 용산구청,2026-06-13
보광동449,1,,서울특별시 용산구보광동 9-8,,,2012,,02-2199-7880,서울특별시 용산구청,2026-06-13
보광동45,1,,서울특별시 용산구보광동 231-74,,,2020,,02-2199-7880,서울특별시 용산구청,2026-06-13
보광동450,1,,서울특별시 용산구보광동 9-7,,,2012,,02-2199-7880,서울특별시 용산구청,2026-06-13
보광동451,1,,서울특별시 용산구보광동 9-29,,,2012,,02-2199-7880,서울특별시 용산구청,2026-06-13
보광동452,1,,서울특별시 용산구보광동 9-13,,,2012,,02-2199-7880,서울특별시 용산구청,2026-06-13
보광동453,1,,서울특별시 용산구보광동 6-7,,,2012,,02-2199-7880,서울특별시 용산구청,2026-06-13
보광동455,1,,서울특별시 용산구보광동 6-7,,,2012,,02-2199-7880,서울특별시 용산구청,2026-06-13
보광동456,1,,서울특별시 용산구보광동 6-7,,,2012,,02-2199-7880,서울특별시 용산구청,2026-06-13
보광동457,1,,서울특별시 용산구보광동 6-9,,,2012,,02-2199-7880,서울특별시 용산구청,2026-06-13
보광동458,1,,서울특별시 용산구보광동 10-50,,,2012,,02-2199-7880,서울특별시 용산구청,2026-06-13
보광동459,1,,서울특별시 용산구보광동 263-11,,,2012,,02-2199-7880,서울특별시 용산구청,2026-06-13
보광동46,1,,서울특별시 용산구보광동 231-54,,,2013,,02-2199-7880,서울특별시 용산구청,2026-06-13
보광동460,1,,서울특별시 용산구보광동 263-15,,,2012,,02-2199-7880,서울특별시 용산구청,2026-06-13
보광동461,1,,서울특별시 용산구보광동 260-22,,,2012,,02-2199-7880,서울특별시 용산구청,2026-06-13
보광동462,1,,서울특별시 용산구보광동 260-11,,,2012,,02-2199-7880,서울특별시 용산구청,2026-06-13
보광동463,1,,서울특별시 용산구보광동 260-7,,,2012,,02-2199-7880,서울특별시 용산구청,2026-06-13
보광동464,1,,서울특별시 용산구보광동 260-8,,,2012,,02-2199-7880,서울특별시 용산구청,2026-06-13
보광동465,1,,서울특별시 용산구보광동 260-8,,,2012,,02-2199-7880,서울특별시 용산구청,2026-06-13
보광동466,1,,서울특별시 용산구보광동 264-102,,,2012,,02-2199-7880,서울특별시 용산구청,2026-06-13
보광동467,1,,서울특별시 용산구보광동 260-8,,,2015,,02-2199-7880,서울특별시 용산구청,2026-06-13
보광동468,1,,서울특별시 용산구보광동 260-8,,,2012,,02-2199-7880,서울특별시 용산구청,2026-06-13
보광동469,1,,서울특별시 용산구보광동 223-1,,,2012,,02-2199-7880,서울특별시 용산구청,2026-06-13
보광동47,1,,서울특별시 용산구보광동 231-61,,,2012,,02-2199-7880,서울특별시 용산구청,2026-06-13
보광동470,1,,서울특별시 용산구보광동 223-1,,,2012,,02-2199-7880,서울특별시 용산구청,2026-06-13
보광동471,1,,서울특별시 용산구보광동 223-6,,,2012,,02-2199-7880,서울특별시 용산구청,2026-06-13
보광동472,1,,서울특별시 용산구보광동 80-32,,,2012,,02-2199-7880,서울특별시 용산구청,2026-06-13
보광동473,1,,서울특별시 용산구보광동 80-21,,,2014,,02-2199-7880,서울특별시 용산구청,2026-06-13
보광동474,1,,서울특별시 용산구보광동 71-29,,,2012,,02-2199-7880,서울특별시 용산구청,2026-06-13
보광동475,1,,서울특별시 용산구보광동 78-5,,,2012,,02-2199-7880,서울특별시 용산구청,2026-06-13
보광동476,1,,서울특별시 용산구보광동 80-17,,,2012,,02-2199-7880,서울특별시 용산구청,2026-06-13
보광동477,1,,서울특별시 용산구보광동 79-4,,,2012,,02-2199-7880,서울특별시 용산구청,2026-06-13
보광동478,1,,서울특별시 용산구보광동 80-32,,,2012,,02-2199-7880,서울특별시 용산구청,2026-06-13
보광동479,1,,서울특별시 용산구보광동 77-3,,,2012,,02-2199-7880,서울특별시 용산구청,2026-06-13
보광동48,1,,서울특별시 용산구보광동 231-64,,,2012,,02-2199-7880,서울특별시 용산구청,2026-06-13
보광동480,1,,서울특별시 용산구보광동 10-16,,,2012,,02-2199-7880,서울특별시 용산구청,2026-06-13
보광동481,1,,서울특별시 용산구보광동 10-7,,,2012,,02-2199-7880,서울특별시 용산구청,2026-06-13
보광동482,1,,서울특별시 용산구보광동 10-25,,,2012,,02-2199-7880,서울특별시 용산구청,2026-06-13
보광동483,1,,서울특별시 용산구보광동 10-9,,,2012,,02-2199-7880,서울특별시 용산구청,2026-06-13
보광동484,1,,서울특별시 용산구보광동 10-41,,,2012,,02-2199-7880,서울특별시 용산구청,2026-06-13
보광동485,1,,서울특별시 용산구보광동 11-6,,,2012,,02-2199-7880,서울특별시 용산구청,2026-06-13
보광동486,1,,서울특별시 용산구보광동 11-17,,,2012,,02-2199-7880,서울특별시 용산구청,2026-06-13
보광동486,1,,서울특별시 용산구보광동 245-3,,,2012,,02-2199-7880,서울특별시 용산구청,2026-06-13
보광동487,1,,서울특별시 용산구보광동 10-30,,,2012,,02-2199-7880,서울특별시 용산구청,2026-06-13
보광동488,1,,서울특별시 용산구보광동 10-28,,,2012,,02-2199-7880,서울특별시 용산구청,2026-06-13
보광동489,1,,서울특별시 용산구보광동 10-28,,,2012,,02-2199-7880,서울특별시 용산구청,2026-06-13
보광동49,1,,서울특별시 용산구보광동 228-11,,,2012,,02-2199-7880,서울특별시 용산구청,2026-06-13
보광동490,1,,서울특별시 용산구보광동 260-4,,,2012,,02-2199-7880,서울특별시 용산구청,2026-06-13
보광동491,1,,서울특별시 용산구보광동 264-19,,,2015,,02-2199-7880,서울특별시 용산구청,2026-06-13
보광동492,1,,서울특별시 용산구보광동 260-18,,,2012,,02-2199-7880,서울특별시 용산구청,2026-06-13
보광동493,1,,서울특별시 용산구보광동 260-18,,,2012,,02-2199-7880,서울특별시 용산구청,2026-06-13
보광동494,1,,서울특별시 용산구보광동 260-23,,,2012,,02-2199-7880,서울특별시 용산구청,2026-06-13
보광동495,1,,서울특별시 용산구보광동 264-90,,,2012,,02-2199-7880,서울특별시 용산구청,2026-06-13
보광동496,1,,서울특별시 용산구보광동 260-41,,,2012,,02-2199-7880,서울특별시 용산구청,2026-06-13
보광동497,1,,서울특별시 용산구보광동 264-24,,,2012,,02-2199-7880,서울특별시 용산구청,2026-06-13
보광동498,1,,서울특별시 용산구보광동 260-40,,,2012,,02-2199-7880,서울특별시 용산구청,2026-06-13
보광동499,1,,서울특별시 용산구보광동 264-90,,,2012,,02-2199-7880,서울특별시 용산구청,2026-06-13
보광동5,1,,서울특별시 용산구보광동 223-5,,,2012,,02-2199-7880,서울특별시 용산구청,2026-06-13
보광동50,1,,서울특별시 용산구보광동 228-11,,,2012,,02-2199-7880,서울특별시 용산구청,2026-06-13
보광동500,1,,서울특별시 용산구보광동 253-2,,,2012,,02-2199-7880,서울특별시 용산구청,2026-06-13
보광동501,1,,서울특별시 용산구보광동 253-41,,,2012,,02-2199-7880,서울특별시 용산구청,2026-06-13
보광동502,1,,서울특별시 용산구보광동 253-4,,,2012,,02-2199-7880,서울특별시 용산구청,2026-06-13
보광동503,1,,서울특별시 용산구보광동 260-3,,,2012,,02-2199-7880,서울특별시 용산구청,2026-06-13
보광동504,1,,서울특별시 용산구보광동 260-28,,,2012,,02-2199-7880,서울특별시 용산구청,2026-06-13
보광동505,1,,서울특별시 용산구보광동 260-28,,,2012,,02-2199-7880,서울특별시 용산구청,2026-06-13
보광동506,1,,서울특별시 용산구보광동 260-30,,,2012,,02-2199-7880,서울특별시 용산구청,2026-06-13
보광동507,1,,서울특별시 용산구보광동 260-30,,,2012,,02-2199-7880,서울특별시 용산구청,2026-06-13
보광동508,1,,서울특별시 용산구보광동 253-43,,,2012,,02-2199-7880,서울특별시 용산구청,2026-06-13
보광동509,1,,서울특별시 용산구보광동 253-49,,,2012,,02-2199-7880,서울특별시 용산구청,2026-06-13
보광동51,1,,서울특별시 용산구보광동 228-11,,,2012,,02-2199-7880,서울특별시 용산구청,2026-06-13
보광동510,1,,서울특별시 용산구보광동 253-25,,,2012,,02-2199-7880,서울특별시 용산구청,2026-06-13
보광동511,1,,서울특별시 용산구보광동 253-12,,,2012,,02-2199-7880,서울특별시 용산구청,2026-06-13
보광동512,1,,서울특별시 용산구보광동 253-13,,,2012,,02-2199-7880,서울특별시 용산구청,2026-06-13
보광동513,1,,서울특별시 용산구보광동 264-139,,,2012,,02-2199-7880,서울특별시 용산구청,2026-06-13
보광동514,1,,서울특별시 용산구보광동 264-72,,,2012,,02-2199-7880,서울특별시 용산구청,2026-06-13
보광동515,1,,서울특별시 용산구보광동 264-96,,,2012,,02-2199-7880,서울특별시 용산구청,2026-06-13
보광동516,1,,서울특별시 용산구보광동 264-139,,,2012,,02-2199-7880,서울특별시 용산구청,2026-06-13
보광동517,1,,서울특별시 용산구보광동 264-64,,,2012,,02-2199-7880,서울특별시 용산구청,2026-06-13
보광동518,1,,서울특별시 용산구보광동 264-37,,,2012,,02-2199-7880,서울특별시 용산구청,2026-06-13
보광동519,1,,서울특별시 용산구보광동 264-139,,,2012,,02-2199-7880,서울특별시 용산구청,2026-06-13
보광동52,1,,서울특별시 용산구보광동 228-11,,,2012,,02-2199-7880,서울특별시 용산구청,2026-06-13
보광동520,1,,서울특별시 용산구보광동 264-139,,,2012,,02-2199-7880,서울특별시 용산구청,2026-06-13
보광동521,1,,서울특별시 용산구보광동 264-139,,,2012,,02-2199-7880,서울특별시 용산구청,2026-06-13
보광동522,1,,서울특별시 용산구보광동 265-111,,,2012,,02-2199-7880,서울특별시 용산구청,2026-06-13
보광동523,1,,서울특별시 용산구보광동 265-128,,,2012,,02-2199-7880,서울특별시 용산구청,2026-06-13
보광동524,1,,서울특별시 용산구보광동 265-40,,,2012,,02-2199-7880,서울특별시 용산구청,2026-06-13
보광동525,1,,서울특별시 용산구보광동 264-139,,,2012,,02-2199-7880,서울특별시 용산구청,2026-06-13
보광동526,1,,서울특별시 용산구보광동 265-768,,,2012,,02-2199-7880,서울특별시 용산구청,2026-06-13
보광동527,1,,서울특별시 용산구보광동 264-139,,,2012,,02-2199-7880,서울특별시 용산구청,2026-06-13
보광동528,1,,서울특별시 용산구보광동 264-139,,,2013,,02-2199-7880,서울특별시 용산구청,2026-06-13
보광동529,1,,서울특별시 용산구보광동 264-56,,,2015,,02-2199-7880,서울특별시 용산구청,2026-06-13
보광동53,1,,서울특별시 용산구보광동 228-18,,,2012,,02-2199-7880,서울특별시 용산구청,2026-06-13
보광동530,1,,서울특별시 용산구보광동 264-57,,,2012,,02-2199-7880,서울특별시 용산구청,2026-06-13
보광동531,1,,서울특별시 용산구보광동 250-2,,,2012,,02-2199-7880,서울특별시 용산구청,2026-06-13
보광동532,1,,서울특별시 용산구보광동 250-2,,,2012,,02-2199-7880,서울특별시 용산구청,2026-06-13
보광동533,1,,서울특별시 용산구보광동 250-1,,,2012,,02-2199-7880,서울특별시 용산구청,2026-06-13
보광동534,1,,서울특별시 용산구보광동 249-1,,,2012,,02-2199-7880,서울특별시 용산구청,2026-06-13
보광동535,1,,서울특별시 용산구보광동 249-2,,,2012,,02-2199-7880,서울특별시 용산구청,2026-06-13
보광동536,1,,서울특별시 용산구보광동 248-4,,,2012,,02-2199-7880,서울특별시 용산구청,2026-06-13
보광동537,1,,서울특별시 용산구보광동 253-11,,,2012,,02-2199-7880,서울특별시 용산구청,2026-06-13
보광동538,1,,서울특별시 용산구보광동 253-29,,,2012,,02-2199-7880,서울특별시 용산구청,2026-06-13
보광동539,1,,서울특별시 용산구보광동 246-8,,,2012,,02-2199-7880,서울특별시 용산구청,2026-06-13
보광동54,1,,서울특별시 용산구보광동 228-65,,,2012,,02-2199-7880,서울특별시 용산구청,2026-06-13
보광동540,1,,서울특별시 용산구보광동 246-12,,,2012,,02-2199-7880,서울특별시 용산구청,2026-06-13
보광동541,1,,서울특별시 용산구보광동 245-3,,,2012,,02-2199-7880,서울특별시 용산구청,2026-06-13
보광동542,1,,서울특별시 용산구보광동 253-35,,,2012,,02-2199-7880,서울특별시 용산구청,2026-06-13
보광동543,1,,서울특별시 용산구보광동 251-16,,,2012,,02-2199-7880,서울특별시 용산구청,2026-06-13
보광동544,1,,서울특별시 용산구보광동 251-15,,,2012,,02-2199-7880,서울특별시 용산구청,2026-06-13
보광동545,1,,서울특별시 용산구보광동 258-19,,,2012,,02-2199-7880,서울특별시 용산구청,2026-06-13
보광동546,1,,서울특별시 용산구보광동 258-19,,,2012,,02-2199-7880,서울특별시 용산구청,2026-06-13
보광동547,1,,서울특별시 용산구보광동 258-8,,,2012,,02-2199-7880,서울특별시 용산구청,2026-06-13
보광동548,1,,서울특별시 용산구보광동 258-19,,,2012,,02-2199-7880,서울특별시 용산구청,2026-06-13
보광동549,1,,서울특별시 용산구보광동 258-5,,,2012,,02-2199-7880,서울특별시 용산구청,2026-06-13
보광동55,1,,서울특별시 용산구보광동 231-98,,,2012,,02-2199-7880,서울특별시 용산구청,2026-06-13
보광동550,1,,서울특별시 용산구보광동 258-5,,,2012,,02-2199-7880,서울특별시 용산구청,2026-06-13
보광동551,1,,서울특별시 용산구보광동 242-4,,,2012,,02-2199-7880,서울특별시 용산구청,2026-06-13
보광동552,1,,서울특별시 용산구보광동 242-7,,,2012,,02-2199-7880,서울특별시 용산구청,2026-06-13
보광동553,1,,서울특별시 용산구보광동 243-3,,,2012,,02-2199-7880,서울특별시 용산구청,2026-06-13
보광동554,1,,서울특별시 용산구보광동 238-86,,,2012,,02-2199-7880,서울특별시 용산구청,2026-06-13
보광동555,1,,서울특별시 용산구보광동 238-19,,,2012,,02-2199-7880,서울특별시 용산구청,2026-06-13
보광동556,1,,서울특별시 용산구보광동 238-55,,,2012,,02-2199-7880,서울특별시 용산구청,2026-06-13
보광동557,1,,서울특별시 용산구보광동 238-17,,,2012,,02-2199-7880,서울특별시 용산구청,2026-06-13
보광동558,1,,서울특별시 용산구보광동 238-30,,,2012,,02-2199-7880,서울특별시 용산구청,2026-06-13
보광동559,1,,서울특별시 용산구보광동 238-21,,,2012,,02-2199-7880,서울특별시 용산구청,2026-06-13
보광동56,1,,서울특별시 용산구보광동 228-2,,,2018,,02-2199-7880,서울특별시 용산구청,2026-06-13
보광동560,1,,서울특별시 용산구보광동 238-86,,,2012,,02-2199-7880,서울특별시 용산구청,2026-06-13
보광동561,1,,서울특별시 용산구보광동 267-11,,,2012,,02-2199-7880,서울특별시 용산구청,2026-06-13
보광동562,1,,서울특별시 용산구보광동 265-33,,,2012,,02-2199-7880,서울특별시 용산구청,2026-06-13
보광동563,1,,서울특별시 용산구보광동 267-9,,,2012,,02-2199-7880,서울특별시 용산구청,2026-06-13
보광동564,1,,서울특별시 용산구보광동 267-17,,,2012,,02-2199-7880,서울특별시 용산구청,2026-06-13
보광동565,1,,서울특별시 용산구보광동 267-17,,,2012,,02-2199-7880,서울특별시 용산구청,2026-06-13
보광동566,1,,서울특별시 용산구보광동 265-111,,,2012,,02-2199-7880,서울특별시 용산구청,2026-06-13
보광동567,1,,서울특별시 용산구보광동 248-14,,,2012,,02-2199-7880,서울특별시 용산구청,2026-06-13
보광동568,1,,서울특별시 용산구보광동 248-13,,,2012,,02-2199-7880,서울특별시 용산구청,2026-06-13
보광동569,1,,서울특별시 용산구보광동 247-11,,,2012,,02-2199-7880,서울특별시 용산구청,2026-06-13
보광동57,1,,서울특별시 용산구보광동 228-11,,,2012,,02-2199-7880,서울특별시 용산구청,2026-06-13
보광동570,1,,서울특별시 용산구보광동 253-3,,,2012,,02-2199-7880,서울특별시 용산구청,2026-06-13
보광동571,1,,서울특별시 용산구보광동 246-1,,,2012,,02-2199-7880,서울특별시 용산구청,2026-06-13
보광동572,1,,서울특별시 용산구보광동 246-3,,,2012,,02-2199-7880,서울특별시 용산구청,2026-06-13
보광동573,1,,서울특별시 용산구보광동 240-16,,,2023,,02-2199-7880,서울특별시 용산구청,2026-06-13
보광동574,1,,서울특별시 용산구보광동 242-6,,,2012,,02-2199-7880,서울특별시 용산구청,2026-06-13
보광동575,1,,서울특별시 용산구보광동 242-4,,,2012,,02-2199-7880,서울특별시 용산구청,2026-06-13
보광동576,1,,서울특별시 용산구보광동 240-18,,,2012,,02-2199-7880,서울특별시 용산구청,2026-06-13
보광동577,1,,서울특별시 용산구보광동 240-25,,,2012,,02-2199-7880,서울특별시 용산구청,2026-06-13
보광동578,1,,서울특별시 용산구보광동 240-30,,,2012,,02-2199-7880,서울특별시 용산구청,2026-06-13
보광동579,1,,서울특별시 용산구보광동 240-9,,,2012,,02-2199-7880,서울특별시 용산구청,2026-06-13
보광동58,1,,서울특별시 용산구보광동 228-9,,,2012,,02-2199-7880,서울특별시 용산구청,2026-06-13
보광동580,1,,서울특별시 용산구보광동 241-1,,,2012,,02-2199-7880,서울특별시 용산구청,2026-06-13
보광동581,1,,서울특별시 용산구보광동 241-8,,,2012,,02-2199-7880,서울특별시 용산구청,2026-06-13
보광동582,1,,서울특별시 용산구보광동 241-2,,,2012,,02-2199-7880,서울특별시 용산구청,2026-06-13
보광동583,1,,서울특별시 용산구보광동 241-3,,,2012,,02-2199-7880,서울특별시 용산구청,2026-06-13
보광동584,1,,서울특별시 용산구보광동 241-7,,,2012,,02-2199-7880,서울특별시 용산구청,2026-06-13
보광동585,1,,서울특별시 용산구보광동 239-2,,,2012,,02-2199-7880,서울특별시 용산구청,2026-06-13
보광동586,1,,서울특별시 용산구보광동 240-7,,,2012,,02-2199-7880,서울특별시 용산구청,2026-06-13
보광동587,1,,서울특별시 용산구보광동 239-7,,,2012,,02-2199-7880,서울특별시 용산구청,2026-06-13
보광동588,1,,서울특별시 용산구보광동 239-6,,,2012,,02-2199-7880,서울특별시 용산구청,2026-06-13
보광동589,1,,서울특별시 용산구보광동 238-79,,,2012,,02-2199-7880,서울특별시 용산구청,2026-06-13
보광동59,1,,서울특별시 용산구보광동 228-6,,,2012,,02-2199-7880,서울특별시 용산구청,2026-06-13
보광동590,1,,서울특별시 용산구보광동 238-104,,,2012,,02-2199-7880,서울특별시 용산구청,2026-06-13
보광동591,1,,서울특별시 용산구보광동 238-97,,,2012,,02-2199-7880,서울특별시 용산구청,2026-06-13
보광동592,1,,서울특별시 용산구보광동 238-105,,,2016,,02-2199-7880,서울특별시 용산구청,2026-06-13
보광동593,1,,서울특별시 용산구보광동 273-3,,,2012,,02-2199-7880,서울특별시 용산구청,2026-06-13
보광동594,1,,서울특별시 용산구보광동 238-102,,,2012,,02-2199-7880,서울특별시 용산구청,2026-06-13
보광동595,1,,서울특별시 용산구보광동 238-6,,,2012,,02-2199-7880,서울특별시 용산구청,2026-06-13
보광동596,1,,서울특별시 용산구보광동 238-8,,,2012,,02-2199-7880,서울특별시 용산구청,2026-06-13
보광동597,1,,서울특별시 용산구보광동 274-17,,,2012,,02-2199-7880,서울특별시 용산구청,2026-06-13
보광동598,1,,서울특별시 용산구보광동 273-2,,,2012,,02-2199-7880,서울특별시 용산구청,2026-06-13
보광동599,1,,서울특별시 용산구보광동 274-13,,,2012,,02-2199-7880,서울특별시 용산구청,2026-06-13
보광동6,1,,서울특별시 용산구보광동 222-1,,,2012,,02-2199-7880,서울특별시 용산구청,2026-06-13
보광동60,1,,서울특별시 용산구보광동 231-6,,,2012,,02-2199-7880,서울특별시 용산구청,2026-06-13
보광동600,1,,서울특별시 용산구보광동 274-13,,,2012,,02-2199-7880,서울특별시 용산구청,2026-06-13
보광동601,1,,서울특별시 용산구보광동 274-13,,,2012,,02-2199-7880,서울특별시 용산구청,2026-06-13
보광동602,1,,서울특별시 용산구보광동 265-451,,,2012,,02-2199-7880,서울특별시 용산구청,2026-06-13
보광동603,1,,서울특별시 용산구보광동 265-450,,,2012,,02-2199-7880,서울특별시 용산구청,2026-06-13
보광동604,1,,서울특별시 용산구보광동 265-244,,,2012,,02-2199-7880,서울특별시 용산구청,2026-06-13
보광동605,1,,서울특별시 용산구보광동 264-84,,,2012,,02-2199-7880,서울특별시 용산구청,2026-06-13
보광동606,1,,서울특별시 용산구보광동 265-593,,,2012,,02-2199-7880,서울특별시 용산구청,2026-06-13
보광동607,1,,서울특별시 용산구보광동 264-84,,,2012,,02-2199-7880,서울특별시 용산구청,2026-06-13
보광동608,1,,서울특별시 용산구보광동 264-84,,,2012,,02-2199-7880,서울특별시 용산구청,2026-06-13
보광동609,1,,서울특별시 용산구보광동 265-309,,,2012,,02-2199-7880,서울특별시 용산구청,2026-06-13
보광동61,1,,서울특별시 용산구보광동 231-92,,,2012,,02-2199-7880,서울특별시 용산구청,2026-06-13
보광동610,1,,서울특별시 용산구보광동 20-8,,,2012,,02-2199-7880,서울특별시 용산구청,2026-06-13
보광동611,1,,서울특별시 용산구보광동 265-777,,,2012,,02-2199-7880,서울특별시 용산구청,2026-06-13
보광동612,1,,서울특별시 용산구보광동 265-298,,,2012,,02-2199-7880,서울특별시 용산구청,2026-06-13
보광동613,1,,서울특별시 용산구보광동 265-299,,,2012,,02-2199-7880,서울특별시 용산구청,2026-06-13
보광동614,1,,서울특별시 용산구보광동 265-373,,,2020,,02-2199-7880,서울특별시 용산구청,2026-06-13
보광동615,1,,서울특별시 용산구보광동 265-301,,,2012,,02-2199-7880,서울특별시 용산구청,2026-06-13
보광동616,1,,서울특별시 용산구보광동 265-303,,,2012,,02-2199-7880,서울특별시 용산구청,2026-06-13
보광동617,1,,서울특별시 용산구보광동 272-8,,,2012,,02-2199-7880,서울특별시 용산구청,2026-06-13
보광동618,1,,서울특별시 용산구보광동 265-447,,,2012,,02-2199-7880,서울특별시 용산구청,2026-06-13
보광동619,1,,서울특별시 용산구보광동 265-225,,,2012,,02-2199-7880,서울특별시 용산구청,2026-06-13
보광동62,1,,서울특별시 용산구보광동 231-143,,,2012,,02-2199-7880,서울특별시 용산구청,2026-06-13
보광동620,1,,서울특별시 용산구보광동 265-371,,,2012,,02-2199-7880,서울특별시 용산구청,2026-06-13
보광동621,1,,서울특별시 용산구보광동 264-84,,,2012,,02-2199-7880,서울특별시 용산구청,2026-06-13
보광동622,1,,서울특별시 용산구보광동 265-221,,,2012,,02-2199-7880,서울특별시 용산구청,2026-06-13
보광동623,1,,서울특별시 용산구보광동 265-219,,,2012,,02-2199-7880,서울특별시 용산구청,2026-06-13
보광동624,1,,서울특별시 용산구보광동 272-11,,,2012,,02-2199-7880,서울특별시 용산구청,2026-06-13
보광동625,1,,서울특별시 용산구보광동 265-249,,,2012,,02-2199-7880,서울특별시 용산구청,2026-06-13
보광동626,1,,서울특별시 용산구보광동 265-455,,,2012,,02-2199-7880,서울특별시 용산구청,2026-06-13
보광동627,1,,서울특별시 용산구보광동 265-782,,,2012,,02-2199-7880,서울특별시 용산구청,2026-06-13
보광동628,1,,서울특별시 용산구보광동 240-24,,,2012,,02-2199-7880,서울특별시 용산구청,2026-06-13
보광동629,1,,서울특별시 용산구보광동 240-23,,,2012,,02-2199-7880,서울특별시 용산구청,2026-06-13
보광동63,1,,서울특별시 용산구보광동 231-140,,,2012,,02-2199-7880,서울특별시 용산구청,2026-06-13
보광동630,1,,서울특별시 용산구보광동 240-31,,,2014,,02-2199-7880,서울특별시 용산구청,2026-06-13
보광동631,1,,서울특별시 용산구보광동 270-5,,,2012,,02-2199-7880,서울특별시 용산구청,2026-06-13
보광동632,1,,서울특별시 용산구보광동 270-5,,,2012,,02-2199-7880,서울특별시 용산구청,2026-06-13
보광동633,1,,서울특별시 용산구보광동 240-42,,,2016,,02-2199-7880,서울특별시 용산구청,2026-06-13
보광동634,1,,서울특별시 용산구보광동 247-5,,,2012,,02-2199-7880,서울특별시 용산구청,2026-06-13
보광동635,1,,서울특별시 용산구보광동 247-7,,,2012,,02-2199-7880,서울특별시 용산구청,2026-06-13
보광동636,1,,서울특별시 용산구보광동 248-8,,,2012,,02-2199-7880,서울특별시 용산구청,2026-06-13
보광동637,1,,서울특별시 용산구보광동 247-8,,,2012,,02-2199-7880,서울특별시 용산구청,2026-06-13
보광동638,1,,서울특별시 용산구보광동 247-9,,,2012,,02-2199-7880,서울특별시 용산구청,2026-06-13
보광동639,1,,서울특별시 용산구보광동 247-18,,,2012,,02-2199-7880,서울특별시 용산구청,2026-06-13
보광동64,1,,서울특별시 용산구보광동 231-46,,,2012,,02-2199-7880,서울특별시 용산구청,2026-06-13
보광동640,1,,서울특별시 용산구보광동 240-44,,,2012,,02-2199-7880,서울특별시 용산구청,2026-06-13
보광동641,1,,서울특별시 용산구보광동 240-31,,,2012,,02-2199-7880,서울특별시 용산구청,2026-06-13
보광동642,1,,서울특별시 용산구보광동 269-12,,,2012,,02-2199-7880,서울특별시 용산구청,2026-06-13
보광동643,1,,서울특별시 용산구보광동 264-84,,,2012,,02-2199-7880,서울특별시 용산구청,2026-06-13
보광동644,1,,서울특별시 용산구보광동 264-84,,,2017,,02-2199-7880,서울특별시 용산구청,2026-06-13
보광동645,1,,서울특별시 용산구보광동 265-409,,,2012,,02-2199-7880,서울특별시 용산구청,2026-06-13
보광동646,1,,서울특별시 용산구보광동 265-384,,,2012,,02-2199-7880,서울특별시 용산구청,2026-06-13
보광동647,1,,서울특별시 용산구보광동 265-723,,,2012,,02-2199-7880,서울특별시 용산구청,2026-06-13
보광동648,1,,서울특별시 용산구보광동 264-84,,,2012,,02-2199-7880,서울특별시 용산구청,2026-06-13
보광동649,1,,서울특별시 용산구보광동 264-84,,,2012,,02-2199-7880,서울특별시 용산구청,2026-06-13
보광동65,1,,서울특별시 용산구보광동 231-46,,,2012,,02-2199-7880,서울특별시 용산구청,2026-06-13
보광동650,1,,서울특별시 용산구보광동 265-842,,,2012,,02-2199-7880,서울특별시 용산구청,2026-06-13
보광동651,1,,서울특별시 용산구보광동 265-708,,,2012,,02-2199-7880,서울특별시 용산구청,2026-06-13
보광동652,1,,서울특별시 용산구보광동 264-113,,,2012,,02-2199-7880,서울특별시 용산구청,2026-06-13
보광동653,1,,서울특별시 용산구보광동 265-112,,,2012,,02-2199-7880,서울특별시 용산구청,2026-06-13
보광동654,1,,서울특별시 용산구보광동 264-84,,,2012,,02-2199-7880,서울특별시 용산구청,2026-06-13
보광동655,1,,서울특별시 용산구보광동 264-84,,,2012,,02-2199-7880,서울특별시 용산구청,2026-06-13
보광동656,1,,서울특별시 용산구보광동 264-84,,,2012,,02-2199-7880,서울특별시 용산구청,2026-06-13
보광동657,1,,서울특별시 용산구보광동 264-84,,,2012,,02-2199-7880,서울특별시 용산구청,2026-06-13
보광동658,1,,서울특별시 용산구보광동 264-84,,,2012,,02-2199-7880,서울특별시 용산구청,2026-06-13
보광동659,1,,서울특별시 용산구보광동 264-84,,,2012,,02-2199-7880,서울특별시 용산구청,2026-06-13
보광동66,1,,서울특별시 용산구보광동 243-17,,,2012,,02-2199-7880,서울특별시 용산구청,2026-06-13
보광동660,1,,서울특별시 용산구보광동 265-207,,,2012,,02-2199-7880,서울특별시 용산구청,2026-06-13
보광동661,1,,서울특별시 용산구보광동 264-84,,,2012,,02-2199-7880,서울특별시 용산구청,2026-06-13
보광동662,1,,서울특별시 용산구보광동 265-335,,,2012,,02-2199-7880,서울특별시 용산구청,2026-06-13
보광동663,1,,서울특별시 용산구보광동 264-84,,,2012,,02-2199-7880,서울특별시 용산구청,2026-06-13
보광동664,1,,서울특별시 용산구보광동 271-25,,,2023,,02-2199-7880,서울특별시 용산구청,2026-06-13
보광동665,1,,서울특별시 용산구보광동 265-682,,,2012,,02-2199-7880,서울특별시 용산구청,2026-06-13
보광동666,1,,서울특별시 용산구보광동 265-680,,,2012,,02-2199-7880,서울특별시 용산구청,2026-06-13
보광동667,1,,서울특별시 용산구보광동 264-84,,,2012,,02-2199-7880,서울특별시 용산구청,2026-06-13
보광동668,1,,서울특별시 용산구보광동 271-7,,,2012,,02-2199-7880,서울특별시 용산구청,2026-06-13
보광동669,1,,서울특별시 용산구보광동 271-32,,,2012,,02-2199-7880,서울특별시 용산구청,2026-06-13
보광동67,1,,서울특별시 용산구보광동 244-12,,,2012,,02-2199-7880,서울특별시 용산구청,2026-06-13
보광동670,1,,서울특별시 용산구보광동 271-4,,,2012,,02-2199-7880,서울특별시 용산구청,2026-06-13
보광동671,1,,서울특별시 용산구보광동 271-12,,,2012,,02-2199-7880,서울특별시 용산구청,2026-06-13
보광동672,1,,서울특별시 용산구보광동 270-7,,,2012,,02-2199-7880,서울특별시 용산구청,2026-06-13
보광동673,1,,서울특별시 용산구보광동 270-14,,,2012,,02-2199-7880,서울특별시 용산구청,2026-06-13
보광동674,1,,서울특별시 용산구보광동 265-211,,,2012,,02-2199-7880,서울특별시 용산구청,2026-06-13
보광동675,1,,서울특별시 용산구보광동 271-38,,,2012,,02-2199-7880,서울특별시 용산구청,2026-06-13
보광동676,1,,서울특별시 용산구보광동 271-28,,,2012,,02-2199-7880,서울특별시 용산구청,2026-06-13
보광동677,1,,서울특별시 용산구보광동 271-7,,,2012,,02-2199-7880,서울특별시 용산구청,2026-06-13
보광동678,1,,서울특별시 용산구보광동 265-419,,,2012,,02-2199-7880,서울특별시 용산구청,2026-06-13
보광동679,1,,서울특별시 용산구보광동 264-84,,,2012,,02-2199-7880,서울특별시 용산구청,2026-06-13
보광동68,1,,서울특별시 용산구보광동 242-5,,,2012,,02-2199-7880,서울특별시 용산구청,2026-06-13
보광동680,1,,서울특별시 용산구보광동 265-24,,,2012,,02-2199-7880,서울특별시 용산구청,2026-06-13
보광동681,1,,서울특별시 용산구보광동 265-24,,,2012,,02-2199-7880,서울특별시 용산구청,2026-06-13
보광동682,1,,서울특별시 용산구보광동 265-437,,,2012,,02-2199-7880,서울특별시 용산구청,2026-06-13
보광동683,1,,서울특별시 용산구보광동 265-141,,,2012,,02-2199-7880,서울특별시 용산구청,2026-06-13
보광동684,1,,서울특별시 용산구보광동 264-79,,,2012,,02-2199-7880,서울특별시 용산구청,2026-06-13
보광동685,1,,서울특별시 용산구보광동 264-79,,,2012,,02-2199-7880,서울특별시 용산구청,2026-06-13
보광동686,1,,서울특별시 용산구보광동 269-4,,,2012,,02-2199-7880,서울특별시 용산구청,2026-06-13
보광동687,1,,서울특별시 용산구보광동 265-148,,,2012,,02-2199-7880,서울특별시 용산구청,2026-06-13
보광동688,1,,서울특별시 용산구보광동 264-84,,,2012,,02-2199-7880,서울특별시 용산구청,2026-06-13
보광동689,1,,서울특별시 용산구보광동 265-438,,,2012,,02-2199-7880,서울특별시 용산구청,2026-06-13
보광동69,1,,서울특별시 용산구보광동 243-21,,,2012,,02-2199-7880,서울특별시 용산구청,2026-06-13
보광동690,1,,서울특별시 용산구보광동 265-663,,,2012,,02-2199-7880,서울특별시 용산구청,2026-06-13
보광동691,1,,서울특별시 용산구보광동 264-84,,,2012,,02-2199-7880,서울특별시 용산구청,2026-06-13
보광동692,1,,서울특별시 용산구보광동 264-84,,,2012,,02-2199-7880,서울특별시 용산구청,2026-06-13
보광동693,1,,서울특별시 용산구보광동 265-681,,,2012,,02-2199-7880,서울특별시 용산구청,2026-06-13
보광동694,1,,서울특별시 용산구보광동 265-565,,,2012,,02-2199-7880,서울특별시 용산구청,2026-06-13
보광동695,1,,서울특별시 용산구보광동 265-494,,,2012,,02-2199-7880,서울특별시 용산구청,2026-06-13
보광동696,1,,서울특별시 용산구보광동 264-132,,,2012,,02-2199-7880,서울특별시 용산구청,2026-06-13
보광동697,1,,서울특별시 용산구보광동 264-84,,,2012,,02-2199-7880,서울특별시 용산구청,2026-06-13
보광동698,1,,서울특별시 용산구보광동 265-570,,,2012,,02-2199-7880,서울특별시 용산구청,2026-06-13
보광동699,1,,서울특별시 용산구보광동 264-84,,,2012,,02-2199-7880,서울특별시 용산구청,2026-06-13
보광동7,1,,서울특별시 용산구보광동 222-8,,,2012,,02-2199-7880,서울특별시 용산구청,2026-06-13
보광동70,1,,서울특별시 용산구보광동 238-15,,,2012,,02-2199-7880,서울특별시 용산구청,2026-06-13
보광동700,1,,서울특별시 용산구보광동 265-178,,,2012,,02-2199-7880,서울특별시 용산구청,2026-06-13
보광동701,1,,서울특별시 용산구보광동 264-84,,,2012,,02-2199-7880,서울특별시 용산구청,2026-06-13
보광동702,1,,서울특별시 용산구보광동 264-84,,,2019,,02-2199-7880,서울특별시 용산구청,2026-06-13
보광동703,1,,서울특별시 용산구보광동 265-21,,,2012,,02-2199-7880,서울특별시 용산구청,2026-06-13
보광동704,1,,서울특별시 용산구보광동 265-617,,,2012,,02-2199-7880,서울특별시 용산구청,2026-06-13
보광동705,1,,서울특별시 용산구보광동 265-659,,,2012,,02-2199-7880,서울특별시 용산구청,2026-06-13
보광동706,1,,서울특별시 용산구보광동 264-84,,,2012,,02-2199-7880,서울특별시 용산구청,2026-06-13
보광동707,1,,서울특별시 용산구보광동 264-84,,,2012,,02-2199-7880,서울특별시 용산구청,2026-06-13
보광동708,1,,서울특별시 용산구보광동 264-84,,,2012,,02-2199-7880,서울특별시 용산구청,2026-06-13
보광동709,1,,서울특별시 용산구보광동 265-562,,,2012,,02-2199-7880,서울특별시 용산구청,2026-06-13
보광동71,1,,서울특별시 용산구보광동 231-137,,,2012,,02-2199-7880,서울특별시 용산구청,2026-06-13
보광동710,1,,서울특별시 용산구보광동 265-293,,,2012,,02-2199-7880,서울특별시 용산구청,2026-06-13
보광동711,1,,서울특별시 용산구보광동 264-132,,,2019,,02-2199-7880,서울특별시 용산구청,2026-06-13
보광동712,1,,서울특별시 용산구보광동 264-132,,,2012,,02-2199-7880,서울특별시 용산구청,2026-06-13
보광동713,1,,서울특별시 용산구보광동 264-132,,,2012,,02-2199-7880,서울특별시 용산구청,2026-06-13
보광동714,1,,서울특별시 용산구보광동 264-132,,,2012,,02-2199-7880,서울특별시 용산구청,2026-06-13
보광동715,1,,서울특별시 용산구보광동 264-132,,,2012,,02-2199-7880,서울특별시 용산구청,2026-06-13
보광동716,1,,서울특별시 용산구보광동 265-197,,,2012,,02-2199-7880,서울특별시 용산구청,2026-06-13
보광동717,1,,서울특별시 용산구보광동 265-426,,,2012,,02-2199-7880,서울특별시 용산구청,2026-06-13
보광동718,1,,서울특별시 용산구보광동 264-132,,,2019,,02-2199-7880,서울특별시 용산구청,2026-06-13
보광동719,1,,서울특별시 용산구보광동 264-132,,,2016,,02-2199-7880,서울특별시 용산구청,2026-06-13
보광동72,1,,서울특별시 용산구보광동 231-169,,,2012,,02-2199-7880,서울특별시 용산구청,2026-06-13
보광동720,1,,서울특별시 용산구보광동 264-132,,,2019,,02-2199-7880,서울특별시 용산구청,2026-06-13
보광동721,1,,서울특별시 용산구보광동 264-132,,,2012,,02-2199-7880,서울특별시 용산구청,2026-06-13
보광동722,1,,서울특별시 용산구보광동 265-888,,,2012,,02-2199-7880,서울특별시 용산구청,2026-06-13
보광동723,1,,서울특별시 용산구보광동 265-888,,,2014,,02-2199-7880,서울특별시 용산구청,2026-06-13
보광동724,1,,서울특별시 용산구보광동 265-817,,,2012,,02-2199-7880,서울특별시 용산구청,2026-06-13
보광동725,1,,서울특별시 용산구보광동 265-888,,,2012,,02-2199-7880,서울특별시 용산구청,2026-06-13
보광동726,1,,서울특별시 용산구보광동 265-164,,,2012,,02-2199-7880,서울특별시 용산구청,2026-06-13
보광동727,1,,서울특별시 용산구보광동 265-643,,,2012,,02-2199-7880,서울특별시 용산구청,2026-06-13
보광동728,1,,서울특별시 용산구보광동 265-606,,,2012,,02-2199-7880,서울특별시 용산구청,2026-06-13
보광동729,1,,서울특별시 용산구보광동 265-792,,,2012,,02-2199-7880,서울특별시 용산구청,2026-06-13
보광동73,1,,서울특별시 용산구보광동 231-12,,,2012,,02-2199-7880,서울특별시 용산구청,2026-06-13
보광동730,1,,서울특별시 용산구보광동 264-132,,,2013,,02-2199-7880,서울특별시 용산구청,2026-06-13
보광동731,1,,서울특별시 용산구보광동 264-84,,,2012,,02-2199-7880,서울특별시 용산구청,2026-06-13
보광동732,1,,서울특별시 용산구보광동 264-84,,,2012,,02-2199-7880,서울특별시 용산구청,2026-06-13
보광동733,1,,서울특별시 용산구보광동 265-161,,,2014,,02-2199-7880,서울특별시 용산구청,2026-06-13
보광동734,1,,서울특별시 용산구보광동 265-281,,,2012,,02-2199-7880,서울특별시 용산구청,2026-06-13
보광동735,1,,서울특별시 용산구보광동 264-84,,,2012,,02-2199-7880,서울특별시 용산구청,2026-06-13
보광동736,1,,서울특별시 용산구보광동 265-135,,,2012,,02-2199-7880,서울특별시 용산구청,2026-06-13
보광동737,1,,서울특별시 용산구보광동 265-135,,,2019,,02-2199-7880,서울특별시 용산구청,2026-06-13
보광동738,1,,서울특별시 용산구보광동 265-155,,,2012,,02-2199-7880,서울특별시 용산구청,2026-06-13
보광동739,1,,서울특별시 용산구보광동 264-84,,,2012,,02-2199-7880,서울특별시 용산구청,2026-06-13
보광동74,1,,서울특별시 용산구보광동 232-1,,,2012,,02-2199-7880,서울특별시 용산구청,2026-06-13
보광동740,1,,서울특별시 용산구보광동 265-348,,,2012,,02-2199-7880,서울특별시 용산구청,2026-06-13
보광동741,1,,서울특별시 용산구보광동 265-348,,,2019,,02-2199-7880,서울특별시 용산구청,2026-06-13
보광동742,1,,서울특별시 용산구보광동 265-855,,,2012,,02-2199-7880,서울특별시 용산구청,2026-06-13
보광동743,1,,서울특별시 용산구보광동 265-134,,,2012,,02-2199-7880,서울특별시 용산구청,2026-06-13
보광동744,1,,서울특별시 용산구보광동 265-134,,,2012,,02-2199-7880,서울특별시 용산구청,2026-06-13
보광동745,1,,서울특별시 용산구보광동 265-855,,,2012,,02-2199-7880,서울특별시 용산구청,2026-06-13
보광동746,1,,서울특별시 용산구보광동 265-855,,,2018,,02-2199-7880,서울특별시 용산구청,2026-06-13
보광동747,1,,서울특별시 용산구보광동 265-781,,,2012,,02-2199-7880,서울특별시 용산구청,2026-06-13
보광동748,1,,서울특별시 용산구보광동 265-284,,,2012,,02-2199-7880,서울특별시 용산구청,2026-06-13
보광동749,1,,서울특별시 용산구보광동 265-110,,,2012,,02-2199-7880,서울특별시 용산구청,2026-06-13
보광동75,1,,서울특별시 용산구보광동 231-123,,,2012,,02-2199-7880,서울특별시 용산구청,2026-06-13
보광동750,1,,서울특별시 용산구보광동 265-261,,,2019,,02-2199-7880,서울특별시 용산구청,2026-06-13
보광동751,1,,서울특별시 용산구보광동 265-111,,,2012,,02-2199-7880,서울특별시 용산구청,2026-06-13
보광동752,1,,서울특별시 용산구보광동 265-111,,,2012,,02-2199-7880,서울특별시 용산구청,2026-06-13
보광동753,1,,서울특별시 용산구보광동 265-868,,,2019,,02-2199-7880,서울특별시 용산구청,2026-06-13
보광동754,1,,서울특별시 용산구보광동 265-111,,,2012,,02-2199-7880,서울특별시 용산구청,2026-06-13
보광동755,1,,서울특별시 용산구보광동 264-84,,,2012,,02-2199-7880,서울특별시 용산구청,2026-06-13
보광동756,1,,서울특별시 용산구보광동 264-84,,,2012,,02-2199-7880,서울특별시 용산구청,2026-06-13
보광동757,1,,서울특별시 용산구보광동 265-289,,,2012,,02-2199-7880,서울특별시 용산구청,2026-06-13
보광동758,1,,서울특별시 용산구보광동 265-290,,,2014,,02-2199-7880,서울특별시 용산구청,2026-06-13
보광동759,1,,서울특별시 용산구보광동 265-287,,,2012,,02-2199-7880,서울특별시 용산구청,2026-06-13
보광동76,1,,서울특별시 용산구보광동 231-131,,,2012,,02-2199-7880,서울특별시 용산구청,2026-06-13
보광동760,1,,서울특별시 용산구보광동 264-84,,,2012,,02-2199-7880,서울특별시 용산구청,2026-06-13
보광동761,1,,서울특별시 용산구보광동 265-661,,,2012,,02-2199-7880,서울특별시 용산구청,2026-06-13
보광동762,1,,서울특별시 용산구보광동 265-556,,,2012,,02-2199-7880,서울특별시 용산구청,2026-06-13
보광동763,1,,서울특별시 용산구보광동 265-13,,,2012,,02-2199-7880,서울특별시 용산구청,2026-06-13
보광동764,1,,서울특별시 용산구보광동 264-84,,,2012,,02-2199-7880,서울특별시 용산구청,2026-06-13
보광동765,1,,서울특별시 용산구보광동 265-833,,,2021,,02-2199-7880,서울특별시 용산구청,2026-06-13
보광동766,1,,서울특별시 용산구보광동 265-757,,,2015,,02-2199-7880,서울특별시 용산구청,2026-06-13
보광동767,1,,서울특별시 용산구보광동 264-135,,,2012,,02-2199-7880,서울특별시 용산구청,2026-06-13
보광동768,1,,서울특별시 용산구보광동 264-84,,,2012,,02-2199-7880,서울특별시 용산구청,2026-06-13
보광동769,1,,서울특별시 용산구보광동 264-136,,,2012,,02-2199-7880,서울특별시 용산구청,2026-06-13
보광동77,1,,서울특별시 용산구보광동 231-14,,,2012,,02-2199-7880,서울특별시 용산구청,2026-06-13
보광동770,1,,서울특별시 용산구보광동 265-69,,,2015,,02-2199-7880,서울특별시 용산구청,2026-06-13
보광동771,1,,서울특별시 용산구보광동 265-803,,,2012,,02-2199-7880,서울특별시 용산구청,2026-06-13
보광동772,1,,서울특별시 용산구보광동 265-798,,,2012,,02-2199-7880,서울특별시 용산구청,2026-06-13
보광동773,1,,서울특별시 용산구보광동 265-105,,,2012,,02-2199-7880,서울특별시 용산구청,2026-06-13
보광동774,1,,서울특별시 용산구보광동 265-50,,,2012,,02-2199-7880,서울특별시 용산구청,2026-06-13
보광동775,1,,서울특별시 용산구보광동 265-53,,,2012,,02-2199-7880,서울특별시 용산구청,2026-06-13
보광동776,1,,서울특별시 용산구보광동 264-84,,,2015,,02-2199-7880,서울특별시 용산구청,2026-06-13
보광동777,1,,서울특별시 용산구보광동 265-134,,,2012,,02-2199-7880,서울특별시 용산구청,2026-06-13
보광동778,1,,서울특별시 용산구보광동 265-118,,,2012,,02-2199-7880,서울특별시 용산구청,2026-06-13
보광동779,1,,서울특별시 용산구보광동 265-111,,,2012,,02-2199-7880,서울특별시 용산구청,2026-06-13
보광동78,1,,서울특별시 용산구보광동 231-14,,,2012,,02-2199-7880,서울특별시 용산구청,2026-06-13
보광동780,1,,서울특별시 용산구보광동 264-84,,,2015,,02-2199-7880,서울특별시 용산구청,2026-06-13
보광동781,1,,서울특별시 용산구보광동 265-71,,,2012,,02-2199-7880,서울특별시 용산구청,2026-06-13
보광동782,1,,서울특별시 용산구보광동 265-853,,,2012,,02-2199-7880,서울특별시 용산구청,2026-06-13
보광동783,1,,서울특별시 용산구보광동 265-38,,,2012,,02-2199-7880,서울특별시 용산구청,2026-06-13
보광동784,1,,서울특별시 용산구보광동 265-765,,,2012,,02-2199-7880,서울특별시 용산구청,2026-06-13
보광동785,1,,서울특별시 용산구보광동 265-35,,,2012,,02-2199-7880,서울특별시 용산구청,2026-06-13
보광동786,1,,서울특별시 용산구보광동 265-422,,,2012,,02-2199-7880,서울특별시 용산구청,2026-06-13
보광동787,1,,서울특별시 용산구보광동 264-84,,,2023,,02-2199-7880,서울특별시 용산구청,2026-06-13
보광동788,1,,서울특별시 용산구보광동 265-132,,,2012,,02-2199-7880,서울특별시 용산구청,2026-06-13
보광동789,1,,서울특별시 용산구보광동 8-8,,,2012,,02-2199-7880,서울특별시 용산구청,2026-06-13
보광동79,1,,서울특별시 용산구보광동 231-14,,,2012,,02-2199-7880,서울특별시 용산구청,2026-06-13
보광동790,1,,서울특별시 용산구보광동 265-277,,,2012,,02-2199-7880,서울특별시 용산구청,2026-06-13
보광동791,1,,서울특별시 용산구보광동 3-185,,,2012,,02-2199-7880,서울특별시 용산구청,2026-06-13
보광동792,1,,서울특별시 용산구보광동 265-98,,,2012,,02-2199-7880,서울특별시 용산구청,2026-06-13
보광동793,1,,서울특별시 용산구보광동 7,,,2012,,02-2199-7880,서울특별시 용산구청,2026-06-13
보광동794,1,,서울특별시 용산구보광동 265-277,,,2019,,02-2199-7880,서울특별시 용산구청,2026-06-13
보광동795,1,,서울특별시 용산구보광동 265-108,,,2012,,02-2199-7880,서울특별시 용산구청,2026-06-13
보광동796,1,,서울특별시 용산구보광동 265-108,,,2019,,02-2199-7880,서울특별시 용산구청,2026-06-13
보광동797,1,,서울특별시 용산구보광동 264-139,,,2019,,02-2199-7880,서울특별시 용산구청,2026-06-13
보광동798,1,,서울특별시 용산구보광동 265-74,,,2012,,02-2199-7880,서울특별시 용산구청,2026-06-13
보광동799,1,,서울특별시 용산구보광동 265-75,,,2012,,02-2199-7880,서울특별시 용산구청,2026-06-13
보광동8,1,,서울특별시 용산구보광동 222-8,,,2012,,02-2199-7880,서울특별시 용산구청,2026-06-13
보광동80,1,,서울특별시 용산구보광동 231-106,,,2012,,02-2199-7880,서울특별시 용산구청,2026-06-13
보광동800,1,,서울특별시 용산구보광동 265-102,,,2012,,02-2199-7880,서울특별시 용산구청,2026-06-13
보광동801,1,,서울특별시 용산구보광동 264-139,,,2012,,02-2199-7880,서울특별시 용산구청,2026-06-13
보광동802,1,,서울특별시 용산구보광동 264-139,,,2012,,02-2199-7880,서울특별시 용산구청,2026-06-13
보광동803,1,,서울특별시 용산구보광동 264-139,,,2012,,02-2199-7880,서울특별시 용산구청,2026-06-13
보광동804,1,,서울특별시 용산구보광동 264-139,,,2012,,02-2199-7880,서울특별시 용산구청,2026-06-13
보광동805,1,,서울특별시 용산구보광동 264-139,,,2012,,02-2199-7880,서울특별시 용산구청,2026-06-13
보광동806,1,,서울특별시 용산구보광동 265-88,,,2012,,02-2199-7880,서울특별시 용산구청,2026-06-13
보광동807,1,,서울특별시 용산구보광동 265-83,,,2012,,02-2199-7880,서울특별시 용산구청,2026-06-13
보광동808,1,,서울특별시 용산구보광동 265-314,,,2012,,02-2199-7880,서울특별시 용산구청,2026-06-13
보광동809,1,,서울특별시 용산구보광동 265-97,,,2012,,02-2199-7880,서울특별시 용산구청,2026-06-13
보광동81,1,,서울특별시 용산구보광동 231-37,,,2012,,02-2199-7880,서울특별시 용산구청,2026-06-13
보광동810,1,,서울특별시 용산구보광동 265-755,,,2012,,02-2199-7880,서울특별시 용산구청,2026-06-13
보광동811,1,,서울특별시 용산구보광동 265-640,,,2012,,02-2199-7880,서울특별시 용산구청,2026-06-13
보광동812,1,,서울특별시 용산구보광동 265-355,,,2019,,02-2199-7880,서울특별시 용산구청,2026-06-13
보광동813,1,,서울특별시 용산구보광동 265-638,,,2012,,02-2199-7880,서울특별시 용산구청,2026-06-13
보광동814,1,,서울특별시 용산구보광동 3-370,,,2012,,02-2199-7880,서울특별시 용산구청,2026-06-13
보광동815,1,,서울특별시 용산구보광동 265-583,,,2012,,02-2199-7880,서울특별시 용산구청,2026-06-13
보광동816,1,,서울특별시 용산구보광동 264-139,,,2012,,02-2199-7880,서울특별시 용산구청,2026-06-13
보광동817,1,,서울특별시 용산구보광동 264-139,,,2019,,02-2199-7880,서울특별시 용산구청,2026-06-13
보광동818,1,,서울특별시 용산구보광동 265-632,,,2012,,02-2199-7880,서울특별시 용산구청,2026-06-13
보광동819,1,,서울특별시 용산구보광동 265-748,,,2012,,02-2199-7880,서울특별시 용산구청,2026-06-13
보광동82,1,,서울특별시 용산구보광동 231-34,,,2012,,02-2199-7880,서울특별시 용산구청,2026-06-13
보광동820,1,,서울특별시 용산구보광동 265-845,,,2012,,02-2199-7880,서울특별시 용산구청,2026-06-13
보광동821,1,,서울특별시 용산구보광동 265-349,,,2014,,02-2199-7880,서울특별시 용산구청,2026-06-13
보광동822,1,,서울특별시 용산구보광동 265-631,,,2012,,02-2199-7880,서울특별시 용산구청,2026-06-13
보광동823,1,,서울특별시 용산구보광동 265-631,,,2019,,02-2199-7880,서울특별시 용산구청,2026-06-13
보광동824,1,,서울특별시 용산구보광동 3-4,,,2012,,02-2199-7880,서울특별시 용산구청,2026-06-13
보광동825,1,,서울특별시 용산구보광동 264-139,,,2012,,02-2199-7880,서울특별시 용산구청,2026-06-13
보광동826,1,,서울특별시 용산구보광동 264-139,,,2019,,02-2199-7880,서울특별시 용산구청,2026-06-13
보광동827,1,,서울특별시 용산구보광동 3-359,,,2012,,02-2199-7880,서울특별시 용산구청,2026-06-13
보광동828,1,,서울특별시 용산구보광동 265-115,,,2012,,02-2199-7880,서울특별시 용산구청,2026-06-13
보광동829,1,,서울특별시 용산구보광동 3-278,,,2012,,02-2199-7880,서울특별시 용산구청,2026-06-13
보광동83,1,,서울특별시 용산구보광동 231-16,,,2012,,02-2199-7880,서울특별시 용산구청,2026-06-13
보광동830,1,,서울특별시 용산구보광동 3-346,,,2012,,02-2199-7880,서울특별시 용산구청,2026-06-13
보광동831,1,,서울특별시 용산구보광동 3-346,,,2019,,02-2199-7880,서울특별시 용산구청,2026-06-13
보광동832,1,,서울특별시 용산구보광동 3-346,,,2022,,02-2199-7880,서울특별시 용산구청,2026-06-13
보광동833,1,,서울특별시 용산구보광동 3-346,,,2012,,02-2199-7880,서울특별시 용산구청,2026-06-13
보광동834,1,,서울특별시 용산구보광동 3-346,,,2012,,02-2199-7880,서울특별시 용산구청,2026-06-13
보광동835,1,,서울특별시 용산구보광동 3-346,,,2012,,02-2199-7880,서울특별시 용산구청,2026-06-13
보광동836,1,,서울특별시 용산구보광동 3-236,,,2012,,02-2199-7880,서울특별시 용산구청,2026-06-13
보광동837,1,,서울특별시 용산구보광동 3-236,,,2012,,02-2199-7880,서울특별시 용산구청,2026-06-13
보광동838,1,,서울특별시 용산구보광동 3-266,,,2012,,02-2199-7880,서울특별시 용산구청,2026-06-13
보광동839,1,,서울특별시 용산구보광동 3-260,,,2022,,02-2199-7880,서울특별시 용산구청,2026-06-13
보광동84,1,,서울특별시 용산구보광동 231-16,,,2012,,02-2199-7880,서울특별시 용산구청,2026-06-13
보광동840,1,,서울특별시 용산구보광동 3-361,,,2012,,02-2199-7880,서울특별시 용산구청,2026-06-13
보광동841,1,,서울특별시 용산구보광동 3-185,,,2012,,02-2199-7880,서울특별시 용산구청,2026-06-13
보광동842,1,,서울특별시 용산구보광동 3-32,,,2012,,02-2199-7880,서울특별시 용산구청,2026-06-13
보광동843,1,,서울특별시 용산구보광동 3-185,,,2012,,02-2199-7880,서울특별시 용산구청,2026-06-13
보광동844,1,,서울특별시 용산구보광동 3-185,,,2012,,02-2199-7880,서울특별시 용산구청,2026-06-13
보광동845,1,,서울특별시 용산구보광동 3-185,,,2012,,02-2199-7880,서울특별시 용산구청,2026-06-13
보광동846,1,,서울특별시 용산구보광동 3-330,,,2012,,02-2199-7880,서울특별시 용산구청,2026-06-13
보광동847,1,,서울특별시 용산구보광동 3-330,,,2012,,02-2199-7880,서울특별시 용산구청,2026-06-13
보광동848,1,,서울특별시 용산구보광동 265-580,,,2012,,02-2199-7880,서울특별시 용산구청,2026-06-13
보광동849,1,,서울특별시 용산구보광동 7-8,,,2012,,02-2199-7880,서울특별시 용산구청,2026-06-13
보광동85,1,,서울특별시 용산구보광동 231-114,,,2012,,02-2199-7880,서울특별시 용산구청,2026-06-13
보광동850,1,,서울특별시 용산구보광동 3-283,,,2012,,02-2199-7880,서울특별시 용산구청,2026-06-13
보광동851,1,,서울특별시 용산구보광동 3-289,,,2012,,02-2199-7880,서울특별시 용산구청,2026-06-13
보광동852,1,,서울특별시 용산구보광동 5-3,,,2012,,02-2199-7880,서울특별시 용산구청,2026-06-13
보광동853,1,,서울특별시 용산구보광동 3-297,,,2012,,02-2199-7880,서울특별시 용산구청,2026-06-13
보광동854,1,,서울특별시 용산구보광동 3-297,,,2023,,02-2199-7880,서울특별시 용산구청,2026-06-13
보광동855,1,,서울특별시 용산구보광동 3-306,,,2012,,02-2199-7880,서울특별시 용산구청,2026-06-13
보광동856,1,,서울특별시 용산구보광동 3-297,,,2012,,02-2199-7880,서울특별시 용산구청,2026-06-13
보광동857,1,,서울특별시 용산구보광동 3-296,,,2012,,02-2199-7880,서울특별시 용산구청,2026-06-13
보광동858,1,,서울특별시 용산구보광동 3-395,,,2012,,02-2199-7880,서울특별시 용산구청,2026-06-13
보광동859,1,,서울특별시 용산구보광동 3-69,,,2012,,02-2199-7880,서울특별시 용산구청,2026-06-13
보광동86,1,,서울특별시 용산구보광동 231-15,,,2012,,02-2199-7880,서울특별시 용산구청,2026-06-13
보광동860,1,,서울특별시 용산구보광동 3-185,,,2012,,02-2199-7880,서울특별시 용산구청,2026-06-13
보광동861,1,,서울특별시 용산구보광동 3-382,,,2012,,02-2199-7880,서울특별시 용산구청,2026-06-13
보광동862,1,,서울특별시 용산구보광동 3-185,,,2012,,02-2199-7880,서울특별시 용산구청,2026-06-13
보광동863,1,,서울특별시 용산구보광동 3-58,,,2012,,02-2199-7880,서울특별시 용산구청,2026-06-13
보광동864,1,,서울특별시 용산구보광동 3-287,,,2012,,02-2199-7880,서울특별시 용산구청,2026-06-13
보광동865,1,,서울특별시 용산구보광동 3-232,,,2012,,02-2199-7880,서울특별시 용산구청,2026-06-13
보광동866,1,,서울특별시 용산구보광동 3-57,,,2012,,02-2199-7880,서울특별시 용산구청,2026-06-13
보광동867,1,,서울특별시 용산구보광동 3-322,,,2012,,02-2199-7880,서울특별시 용산구청,2026-06-13
보광동868,1,,서울특별시 용산구보광동 3-327,,,2012,,02-2199-7880,서울특별시 용산구청,2026-06-13
보광동869,1,,서울특별시 용산구보광동 3-344,,,2012,,02-2199-7880,서울특별시 용산구청,2026-06-13
보광동87,1,,서울특별시 용산구보광동 228-74,,,2012,,02-2199-7880,서울특별시 용산구청,2026-06-13
보광동870,1,,서울특별시 용산구보광동 3-80,,,2012,,02-2199-7880,서울특별시 용산구청,2026-06-13
보광동871,1,,서울특별시 용산구보광동 3-81,,,2012,,02-2199-7880,서울특별시 용산구청,2026-06-13
보광동872,1,,서울특별시 용산구보광동 3-82,,,2012,,02-2199-7880,서울특별시 용산구청,2026-06-13
보광동873,1,,서울특별시 용산구보광동 3-84,,,2012,,02-2199-7880,서울특별시 용산구청,2026-06-13
보광동874,1,,서울특별시 용산구보광동 3-399,,,2012,,02-2199-7880,서울특별시 용산구청,2026-06-13
보광동875,1,,서울특별시 용산구보광동 3-185,,,2012,,02-2199-7880,서울특별시 용산구청,2026-06-13
보광동876,1,,서울특별시 용산구보광동 3-89,,,2012,,02-2199-7880,서울특별시 용산구청,2026-06-13
보광동877,1,,서울특별시 용산구보광동 3-97,,,2012,,02-2199-7880,서울특별시 용산구청,2026-06-13
보광동878,1,,서울특별시 용산구보광동 3-93,,,2012,,02-2199-7880,서울특별시 용산구청,2026-06-13
보광동879,1,,서울특별시 용산구보광동 3-406,,,2012,,02-2199-7880,서울특별시 용산구청,2026-06-13
보광동88,1,,서울특별시 용산구보광동 228-86,,,2012,,02-2199-7880,서울특별시 용산구청,2026-06-13
보광동880,1,,서울특별시 용산구보광동 3-185,,,2012,,02-2199-7880,서울특별시 용산구청,2026-06-13
보광동881,1,,서울특별시 용산구보광동 3-35,,,2012,,02-2199-7880,서울특별시 용산구청,2026-06-13
보광동882,1,,서울특별시 용산구보광동 3-185,,,2012,,02-2199-7880,서울특별시 용산구청,2026-06-13
보광동883,1,,서울특별시 용산구보광동 3-185,,,2012,,02-2199-7880,서울특별시 용산구청,2026-06-13
보광동884,1,,서울특별시 용산구보광동 3-329,,,2012,,02-2199-7880,서울특별시 용산구청,2026-06-13
보광동885,1,,서울특별시 용산구보광동 3-185,,,2012,,02-2199-7880,서울특별시 용산구청,2026-06-13
보광동886,1,,서울특별시 용산구보광동 3-185,,,2012,,02-2199-7880,서울특별시 용산구청,2026-06-13
보광동887,1,,서울특별시 용산구보광동 3-28,,,2012,,02-2199-7880,서울특별시 용산구청,2026-06-13
보광동888,1,,서울특별시 용산구보광동 3-27,,,2016,,02-2199-7880,서울특별시 용산구청,2026-06-13
보광동889,1,,서울특별시 용산구보광동 3-185,,,2012,,02-2199-7880,서울특별시 용산구청,2026-06-13
보광동89,1,,서울특별시 용산구보광동 228-145,,,2012,,02-2199-7880,서울특별시 용산구청,2026-06-13
보광동890,1,,서울특별시 용산구보광동 3-185,,,2016,,02-2199-7880,서울특별시 용산구청,2026-06-13
보광동891,1,,서울특별시 용산구보광동 3-185,,,2012,,02-2199-7880,서울특별시 용산구청,2026-06-13
보광동892,1,,서울특별시 용산구보광동 3-248,,,2012,,02-2199-7880,서울특별시 용산구청,2026-06-13
보광동893,1,,서울특별시 용산구보광동 3-185,,,2012,,02-2199-7880,서울특별시 용산구청,2026-06-13
보광동894,1,,서울특별시 용산구보광동 3-108,,,2012,,02-2199-7880,서울특별시 용산구청,2026-06-13
보광동895,1,,서울특별시 용산구보광동 3-185,,,2012,,02-2199-7880,서울특별시 용산구청,2026-06-13
보광동896,1,,서울특별시 용산구보광동 3-101,,,2012,,02-2199-7880,서울특별시 용산구청,2026-06-13
보광동897,1,,서울특별시 용산구보광동 3-93,,,2012,,02-2199-7880,서울특별시 용산구청,2026-06-13
보광동898,1,,서울특별시 용산구보광동 3-376,,,2012,,02-2199-7880,서울특별시 용산구청,2026-06-13
보광동899,1,,서울특별시 용산구보광동 3-185,,,2012,,02-2199-7880,서울특별시 용산구청,2026-06-13
보광동9,1,,서울특별시 용산구보광동 280-4,,,2012,,02-2199-7880,서울특별시 용산구청,2026-06-13
보광동90,1,,서울특별시 용산구보광동 228-90,,,2012,,02-2199-7880,서울특별시 용산구청,2026-06-13
보광동900,1,,서울특별시 용산구보광동 3-105,,,2012,,02-2199-7880,서울특별시 용산구청,2026-06-13
보광동901,1,,서울특별시 용산구보광동 3-252,,,2012,,02-2199-7880,서울특별시 용산구청,2026-06-13
보광동902,1,,서울특별시 용산구보광동 3-256,,,2012,,02-2199-7880,서울특별시 용산구청,2026-06-13
보광동903,1,,서울특별시 용산구보광동 3-249,,,2012,,02-2199-7880,서울특별시 용산구청,2026-06-13
보광동904,1,,서울특별시 용산구보광동 3-250,,,2012,,02-2199-7880,서울특별시 용산구청,2026-06-13
보광동905,1,,서울특별시 용산구보광동 568-44,,,2012,,02-2199-7880,서울특별시 용산구청,2026-06-13
보광동906,1,,서울특별시 용산구보광동 3-346,,,2012,,02-2199-7880,서울특별시 용산구청,2026-06-13
보광동907,1,,서울특별시 용산구보광동 3-250,,,2012,,02-2199-7880,서울특별시 용산구청,2026-06-13
보광동908,1,,서울특별시 용산구보광동 3-381,,,2012,,02-2199-7880,서울특별시 용산구청,2026-06-13
보광동909,1,,서울특별시 용산구보광동 265-888,,,2012,,02-2199-7880,서울특별시 용산구청,2026-06-13
보광동91,1,,서울특별시 용산구보광동 228-81,,,2012,,02-2199-7880,서울특별시 용산구청,2026-06-13
보광동910,1,,서울특별시 용산구보광동 265-807,,,2012,,02-2199-7880,서울특별시 용산구청,2026-06-13
보광동911,1,,서울특별시 용산구보광동 265-814,,,2012,,02-2199-7880,서울특별시 용산구청,2026-06-13
보광동912,1,,서울특별시 용산구보광동 265-475,,,2012,,02-2199-7880,서울특별시 용산구청,2026-06-13
보광동913,1,,서울특별시 용산구보광동 264-132,,,2012,,02-2199-7880,서울특별시 용산구청,2026-06-13
보광동914,1,,서울특별시 용산구보광동 265-971,,,2012,,02-2199-7880,서울특별시 용산구청,2026-06-13
보광동915,1,,서울특별시 용산구보광동 265-971,,,2012,,02-2199-7880,서울특별시 용산구청,2026-06-13
보광동916,1,,서울특별시 용산구보광동 265-971,,,2012,,02-2199-7880,서울특별시 용산구청,2026-06-13
보광동917,1,,서울특별시 용산구보광동 265-889,,,2012,,02-2199-7880,서울특별시 용산구청,2026-06-13
보광동918,1,,서울특별시 용산구보광동 265-119,,,2012,,02-2199-7880,서울특별시 용산구청,2026-06-13
보광동919,1,,서울특별시 용산구보광동 265-905,,,2016,,02-2199-7880,서울특별시 용산구청,2026-06-13
보광동92,1,,서울특별시 용산구보광동 228-97,,,2012,,02-2199-7880,서울특별시 용산구청,2026-06-13
보광동920,1,,서울특별시 용산구보광동 763-7,,,2012,,02-2199-7880,서울특별시 용산구청,2026-06-13
보광동921,1,,서울특별시 용산구보광동 265-971,,,2012,,02-2199-7880,서울특별시 용산구청,2026-06-13
보광동922,1,,서울특별시 용산구보광동 265-976,,,2012,,02-2199-7880,서울특별시 용산구청,2026-06-13
보광동923,1,,서울특별시 용산구보광동 265-971,,,2012,,02-2199-7880,서울특별시 용산구청,2026-06-13
보광동924,1,,서울특별시 용산구보광동 265-971,,,2012,,02-2199-7880,서울특별시 용산구청,2026-06-13
보광동925,1,,서울특별시 용산구보광동 265-967,,,2012,,02-2199-7880,서울특별시 용산구청,2026-06-13
보광동926,1,,서울특별시 용산구보광동 763-7,,,2012,,02-2199-7880,서울특별시 용산구청,2026-06-13
보광동927,1,,서울특별시 용산구보광동 265-971,,,2012,,02-2199-7880,서울특별시 용산구청,2026-06-13
보광동928,1,,서울특별시 용산구보광동 265-958,,,2012,,02-2199-7880,서울특별시 용산구청,2026-06-13
보광동929,1,,서울특별시 용산구보광동 264-132,,,2012,,02-2199-7880,서울특별시 용산구청,2026-06-13
보광동93,1,,서울특별시 용산구보광동 228-47,,,2012,,02-2199-7880,서울특별시 용산구청,2026-06-13
보광동930,1,,서울특별시 용산구보광동 265-968,,,2012,,02-2199-7880,서울특별시 용산구청,2026-06-13
보광동931,1,,서울특별시 용산구보광동 265-493,,,2012,,02-2199-7880,서울특별시 용산구청,2026-06-13
보광동932,1,,서울특별시 용산구보광동 264-132,,,2012,,02-2199-7880,서울특별시 용산구청,2026-06-13
보광동933,1,,서울특별시 용산구보광동 265-872,,,2012,,02-2199-7880,서울특별시 용산구청,2026-06-13
보광동934,1,,서울특별시 용산구보광동 265-296,,,2012,,02-2199-7880,서울특별시 용산구청,2026-06-13
보광동935,1,,서울특별시 용산구보광동 265-878,,,2012,,02-2199-7880,서울특별시 용산구청,2026-06-13
보광동936,1,,서울특별시 용산구보광동 265-877,,,2012,,02-2199-7880,서울특별시 용산구청,2026-06-13
보광동937,1,,서울특별시 용산구보광동 265-875,,,2020,,02-2199-7880,서울특별시 용산구청,2026-06-13
보광동938,1,,서울특별시 용산구보광동 265-296,,,2012,,02-2199-7880,서울특별시 용산구청,2026-06-13
보광동939,1,,서울특별시 용산구보광동 264-131,,,2012,,02-2199-7880,서울특별시 용산구청,2026-06-13
보광동94,1,,서울특별시 용산구보광동 228-11,,,2012,,02-2199-7880,서울특별시 용산구청,2026-06-13
보광동940,1,,서울특별시 용산구보광동 265-954,,,2012,,02-2199-7880,서울특별시 용산구청,2026-06-13
보광동941,1,,서울특별시 용산구보광동 763-7,,,2012,,02-2199-7880,서울특별시 용산구청,2026-06-13
보광동942,1,,서울특별시 용산구보광동 264-131,,,2012,,02-2199-7880,서울특별시 용산구청,2026-06-13
보광동943,1,,서울특별시 용산구보광동 265-503,,,2012,,02-2199-7880,서울특별시 용산구청,2026-06-13
보광동944,1,,서울특별시 용산구보광동 265-503,,,2012,,02-2199-7880,서울특별시 용산구청,2026-06-13
보광동945,1,,서울특별시 용산구보광동 265-671,,,2018,,02-2199-7880,서울특별시 용산구청,2026-06-13
보광동946,1,,서울특별시 용산구보광동 265-672,,,2012,,02-2199-7880,서울특별시 용산구청,2026-06-13
보광동947,1,,서울특별시 용산구보광동 264-131,,,2012,,02-2199-7880,서울특별시 용산구청,2026-06-13
보광동948,1,,서울특별시 용산구보광동 265-391,,,2012,,02-2199-7880,서울특별시 용산구청,2026-06-13
보광동949,1,,서울특별시 용산구보광동 264-84,,,2012,,02-2199-7880,서울특별시 용산구청,2026-06-13
보광동95,1,,서울특별시 용산구보광동 418,,,2012,,02-2199-7880,서울특별시 용산구청,2026-06-13
보광동950,1,,서울특별시 용산구보광동 264-84,,,2023,,02-2199-7880,서울특별시 용산구청,2026-06-13
보광동951,1,,서울특별시 용산구보광동 265-393,,,2014,,02-2199-7880,서울특별시 용산구청,2026-06-13
보광동952,1,,서울특별시 용산구보광동 265-415,,,2012,,02-2199-7880,서울특별시 용산구청,2026-06-13
보광동953,1,,서울특별시 용산구보광동 265-613,,,2012,,02-2199-7880,서울특별시 용산구청,2026-06-13
보광동954,1,,서울특별시 용산구보광동 265-511,,,2015,,02-2199-7880,서울특별시 용산구청,2026-06-13
보광동955,1,,서울특별시 용산구보광동 265-443,,,2012,,02-2199-7880,서울특별시 용산구청,2026-06-13
보광동956,1,,서울특별시 용산구보광동 264-130,,,2012,,02-2199-7880,서울특별시 용산구청,2026-06-13
보광동957,1,,서울특별시 용산구보광동 265-515,,,2012,,02-2199-7880,서울특별시 용산구청,2026-06-13
보광동958,1,,서울특별시 용산구보광동 265-919,,,2012,,02-2199-7880,서울특별시 용산구청,2026-06-13
보광동959,1,,서울특별시 용산구보광동 265-120,,,2012,,02-2199-7880,서울특별시 용산구청,2026-06-13
보광동96,1,,서울특별시 용산구보광동 228-47,,,2012,,02-2199-7880,서울특별시 용산구청,2026-06-13
보광동960,1,,서울특별시 용산구보광동 265-588,,,2012,,02-2199-7880,서울특별시 용산구청,2026-06-13
보광동961,1,,서울특별시 용산구보광동 265-120,,,2012,,02-2199-7880,서울특별시 용산구청,2026-06-13
보광동962,1,,서울특별시 용산구보광동 265-930,,,2012,,02-2199-7880,서울특별시 용산구청,2026-06-13
보광동963,1,,서울특별시 용산구보광동 265-923,,,2012,,02-2199-7880,서울특별시 용산구청,2026-06-13
보광동964,1,,서울특별시 용산구보광동 265-120,,,2012,,02-2199-7880,서울특별시 용산구청,2026-06-13
보광동966,1,,서울특별시 용산구보광동 265-120,,,2012,,02-2199-7880,서울특별시 용산구청,2026-06-13
보광동967,1,,서울특별시 용산구보광동 265-120,,,2013,,02-2199-7880,서울특별시 용산구청,2026-06-13
보광동968,1,,서울특별시 용산구보광동 265-120,,,2012,,02-2199-7880,서울특별시 용산구청,2026-06-13
보광동969,1,,서울특별시 용산구보광동 265-100,,,2012,,02-2199-7880,서울특별시 용산구청,2026-06-13
보광동97,1,,서울특별시 용산구보광동 228-11,,,2012,,02-2199-7880,서울특별시 용산구청,2026-06-13
보광동970,1,,서울특별시 용산구보광동 265-101,,,2012,,02-2199-7880,서울특별시 용산구청,2026-06-13
보광동971,1,,서울특별시 용산구보광동 265-463,,,2012,,02-2199-7880,서울특별시 용산구청,2026-06-13
보광동972,1,,서울특별시 용산구보광동 264-84,,,2012,,02-2199-7880,서울특별시 용산구청,2026-06-13
보광동973,1,,서울특별시 용산구보광동 265-721,,,2012,,02-2199-7880,서울특별시 용산구청,2026-06-13
보광동974,1,,서울특별시 용산구보광동 264-84,,,2012,,02-2199-7880,서울특별시 용산구청,2026-06-13
보광동975,1,,서울특별시 용산구보광동 265-525,,,2012,,02-2199-7880,서울특별시 용산구청,2026-06-13
보광동976,1,,서울특별시 용산구보광동 264-84,,,2012,,02-2199-7880,서울특별시 용산구청,2026-06-13
보광동977,1,,서울특별시 용산구보광동 265-232,,,2012,,02-2199-7880,서울특별시 용산구청,2026-06-13
보광동978,1,,서울특별시 용산구보광동 264-84,,,2012,,02-2199-7880,서울특별시 용산구청,2026-06-13
보광동979,1,,서울특별시 용산구보광동 264-84,,,2012,,02-2199-7880,서울특별시 용산구청,2026-06-13
보광동98,1,,서울특별시 용산구보광동 228-11,,,2012,,02-2199-7880,서울특별시 용산구청,2026-06-13
보광동980,1,,서울특별시 용산구보광동 264-129,,,2012,,02-2199-7880,서울특별시 용산구청,2026-06-13
보광동981,1,,서울특별시 용산구보광동 264-84,,,2012,,02-2199-7880,서울특별시 용산구청,2026-06-13
보광동982,1,,서울특별시 용산구보광동 265-102,,,2012,,02-2199-7880,서울특별시 용산구청,2026-06-13
보광동983,1,,서울특별시 용산구보광동 265-461,,,2012,,02-2199-7880,서울특별시 용산구청,2026-06-13
보광동984,1,,서울특별시 용산구보광동 343,,,2012,,02-2199-7880,서울특별시 용산구청,2026-06-13
보광동99,1,,서울특별시 용산구보광동 228-105,,,2012,,02-2199-7880,서울특별시 용산구청,2026-06-13
서빙고동1,1,,서울특별시 용산구서빙고동 134,,,2012,,02-2199-7880,서울특별시 용산구청,2026-06-13
서빙고동10,1,,서울특별시 용산구서빙고동 183-3,,,2012,,02-2199-7880,서울특별시 용산구청,2026-06-13
서빙고동100,1,,서울특별시 용산구서빙고동 185-2,,,2012,,02-2199-7880,서울특별시 용산구청,2026-06-13
서빙고동101,1,,서울특별시 용산구서빙고동 185-2,,,2012,,02-2199-7880,서울특별시 용산구청,2026-06-13
서빙고동102,1,,서울특별시 용산구서빙고동 188-1,,,2012,,02-2199-7880,서울특별시 용산구청,2026-06-13
서빙고동103,1,,서울특별시 용산구서빙고동 151-3,,,2012,,02-2199-7880,서울특별시 용산구청,2026-06-13
서빙고동104,1,,서울특별시 용산구서빙고동 149-2,,,2012,,02-2199-7880,서울특별시 용산구청,2026-06-13
서빙고동105,1,,서울특별시 용산구서빙고동 149-2,,,2012,,02-2199-7880,서울특별시 용산구청,2026-06-13
서빙고동106,1,,서울특별시 용산구서빙고동 195-1,,,2012,,02-2199-7880,서울특별시 용산구청,2026-06-13
서빙고동107,1,,서울특별시 용산구서빙고동 195-1,,,2012,,02-2199-7880,서울특별시 용산구청,2026-06-13
서빙고동108,1,,서울특별시 용산구서빙고동 141-1,,,2012,,02-2199-7880,서울특별시 용산구청,2026-06-13
서빙고동109,1,,서울특별시 용산구서빙고동 200-1,,,2012,,02-2199-7880,서울특별시 용산구청,2026-06-13
서빙고동11,1,,서울특별시 용산구서빙고동 183-4,,,2023,,02-2199-7880,서울특별시 용산구청,2026-06-13
서빙고동110,1,,서울특별시 용산구서빙고동 231,,,2012,,02-2199-7880,서울특별시 용산구청,2026-06-13
서빙고동111,1,,서울특별시 용산구서빙고동 59-3,,,2012,,02-2199-7880,서울특별시 용산구청,2026-06-13
서빙고동112,1,,서울특별시 용산구서빙고동 243,,,2012,,02-2199-7880,서울특별시 용산구청,2026-06-13
서빙고동113,1,,서울특별시 용산구서빙고동 239-11,,,2012,,02-2199-7880,서울특별시 용산구청,2026-06-13
서빙고동114,1,,서울특별시 용산구서빙고동 59-2,,,2012,,02-2199-7880,서울특별시 용산구청,2026-06-13
서빙고동115,1,,서울특별시 용산구서빙고동 59-2,,,2012,,02-2199-7880,서울특별시 용산구청,2026-06-13
서빙고동116,1,,서울특별시 용산구서빙고동 59-2,,,2012,,02-2199-7880,서울특별시 용산구청,2026-06-13
서빙고동117,1,,서울특별시 용산구서빙고동 230,,,2012,,02-2199-7880,서울특별시 용산구청,2026-06-13
서빙고동118,1,,서울특별시 용산구서빙고동 59-2,,,2012,,02-2199-7880,서울특별시 용산구청,2026-06-13
서빙고동119,1,,서울특별시 용산구서빙고동 249-6,,,2012,,02-2199-7880,서울특별시 용산구청,2026-06-13
서빙고동12,1,,서울특별시 용산구서빙고동 183-4,,,2012,,02-2199-7880,서울특별시 용산구청,2026-06-13
서빙고동120,1,,서울특별시 용산구서빙고동 249-3,,,2012,,02-2199-7880,서울특별시 용산구청,2026-06-13
서빙고동121,1,,서울특별시 용산구서빙고동 208-2,,,2012,,02-2199-7880,서울특별시 용산구청,2026-06-13
서빙고동122,1,,서울특별시 용산구서빙고동 250-3,,,2012,,02-2199-7880,서울특별시 용산구청,2026-06-13
서빙고동123,1,,서울특별시 용산구서빙고동 256-1,,,2012,,02-2199-7880,서울특별시 용산구청,2026-06-13
서빙고동124,1,,서울특별시 용산구서빙고동 254-4,,,2012,,02-2199-7880,서울특별시 용산구청,2026-06-13
서빙고동125,1,,서울특별시 용산구서빙고동 254-5,,,2012,,02-2199-7880,서울특별시 용산구청,2026-06-13
서빙고동126,1,,서울특별시 용산구서빙고동 258-1,,,2012,,02-2199-7880,서울특별시 용산구청,2026-06-13
서빙고동127,1,,서울특별시 용산구서빙고동 258-1,,,2012,,02-2199-7880,서울특별시 용산구청,2026-06-13
서빙고동128,1,,서울특별시 용산구서빙고동 258-1,,,2012,,02-2199-7880,서울특별시 용산구청,2026-06-13
서빙고동128-1,1,,서울특별시 용산구서빙고동 258-1,,,2022,,02-2199-7880,서울특별시 용산구청,2026-06-13
서빙고동129,1,,서울특별시 용산구서빙고동 253-1,,,2012,,02-2199-7880,서울특별시 용산구청,2026-06-13
서빙고동13,1,,서울특별시 용산구서빙고동 183-1,,,2012,,02-2199-7880,서울특별시 용산구청,2026-06-13
서빙고동130,1,,서울특별시 용산구서빙고동 257-1,,,2012,,02-2199-7880,서울특별시 용산구청,2026-06-13
서빙고동131,1,,서울특별시 용산구서빙고동 7-3,,,2012,,02-2199-7880,서울특별시 용산구청,2026-06-13
서빙고동132,1,,서울특별시 용산구서빙고동 316,,,2012,,02-2199-7880,서울특별시 용산구청,2026-06-13
서빙고동133,1,,서울특별시 용산구서빙고동 316,,,2012,,02-2199-7880,서울특별시 용산구청,2026-06-13
서빙고동134,1,,서울특별시 용산구서빙고동 7-6,,,2012,,02-2199-7880,서울특별시 용산구청,2026-06-13
서빙고동135,1,,서울특별시 용산구서빙고동 262-1,,,2012,,02-2199-7880,서울특별시 용산구청,2026-06-13
서빙고동136,1,,서울특별시 용산구서빙고동 262-1,,,2012,,02-2199-7880,서울특별시 용산구청,2026-06-13
서빙고동137,1,,서울특별시 용산구서빙고동 16,,,2012,,02-2199-7880,서울특별시 용산구청,2026-06-13
서빙고동138,1,,서울특별시 용산구서빙고동 17,,,2012,,02-2199-7880,서울특별시 용산구청,2026-06-13
서빙고동139,1,,서울특별시 용산구서빙고동 16,,,2012,,02-2199-7880,서울특별시 용산구청,2026-06-13
서빙고동14,1,,서울특별시 용산구서빙고동 122-10,,,2012,,02-2199-7880,서울특별시 용산구청,2026-06-13
서빙고동140,1,,서울특별시 용산구서빙고동 225-1,,,2012,,02-2199-7880,서울특별시 용산구청,2026-06-13
서빙고동141,1,,서울특별시 용산구서빙고동 223,,,2012,,02-2199-7880,서울특별시 용산구청,2026-06-13
서빙고동142,1,,서울특별시 용산구서빙고동 212-2,,,2012,,02-2199-7880,서울특별시 용산구청,2026-06-13
서빙고동143,1,,서울특별시 용산구서빙고동 208-1,,,2012,,02-2199-7880,서울특별시 용산구청,2026-06-13
서빙고동144,1,,서울특별시 용산구서빙고동 214,,,2012,,02-2199-7880,서울특별시 용산구청,2026-06-13
서빙고동145,1,,서울특별시 용산구서빙고동 206,,,2016,,02-2199-7880,서울특별시 용산구청,2026-06-13
서빙고동146,1,,서울특별시 용산구서빙고동 141-1,,,2012,,02-2199-7880,서울특별시 용산구청,2026-06-13
서빙고동147,1,,서울특별시 용산구서빙고동 141-1,,,2012,,02-2199-7880,서울특별시 용산구청,2026-06-13
서빙고동148,1,,서울특별시 용산구서빙고동 216,,,2012,,02-2199-7880,서울특별시 용산구청,2026-06-13
서빙고동149,1,,서울특별시 용산구서빙고동 219-6,,,2012,,02-2199-7880,서울특별시 용산구청,2026-06-13
서빙고동15,1,,서울특별시 용산구서빙고동 191-2,,,2012,,02-2199-7880,서울특별시 용산구청,2026-06-13
서빙고동150,1,,서울특별시 용산구서빙고동 55,,,2012,,02-2199-7880,서울특별시 용산구청,2026-06-13
서빙고동151,1,,서울특별시 용산구서빙고동 98-1,,,2012,,02-2199-7880,서울특별시 용산구청,2026-06-13
서빙고동152,1,,서울특별시 용산구서빙고동 89-1,,,2012,,02-2199-7880,서울특별시 용산구청,2026-06-13
서빙고동153,1,,서울특별시 용산구서빙고동 98-3,,,2012,,02-2199-7880,서울특별시 용산구청,2026-06-13
서빙고동154,1,,서울특별시 용산구서빙고동 89-1,,,2012,,02-2199-7880,서울특별시 용산구청,2026-06-13
서빙고동155,1,,서울특별시 용산구서빙고동 89-1,,,2012,,02-2199-7880,서울특별시 용산구청,2026-06-13
서빙고동156,1,,서울특별시 용산구서빙고동 113,,,2012,,02-2199-7880,서울특별시 용산구청,2026-06-13
서빙고동157,1,,서울특별시 용산구서빙고동 158,,,2012,,02-2199-7880,서울특별시 용산구청,2026-06-13
서빙고동158,1,,서울특별시 용산구서빙고동 127-2,,,2012,,02-2199-7880,서울특별시 용산구청,2026-06-13
서빙고동159,1,,서울특별시 용산구서빙고동 127-1,,,2012,,02-2199-7880,서울특별시 용산구청,2026-06-13
서빙고동16,1,,서울특별시 용산구서빙고동 191-4,,,2012,,02-2199-7880,서울특별시 용산구청,2026-06-13
서빙고동160,1,,서울특별시 용산구서빙고동 129-1,,,2012,,02-2199-7880,서울특별시 용산구청,2026-06-13
서빙고동161,1,,서울특별시 용산구서빙고동 128,,,2012,,02-2199-7880,서울특별시 용산구청,2026-06-13
서빙고동162,1,,서울특별시 용산구서빙고동 129,,,2012,,02-2199-7880,서울특별시 용산구청,2026-06-13
서빙고동163,1,,서울특별시 용산구서빙고동 131,,,2012,,02-2199-7880,서울특별시 용산구청,2026-06-13
서빙고동164,1,,서울특별시 용산구서빙고동 62-1,,,2012,,02-2199-7880,서울특별시 용산구청,2026-06-13
서빙고동165,1,,서울특별시 용산구서빙고동 61-1,,,2012,,02-2199-7880,서울특별시 용산구청,2026-06-13
서빙고동166,1,,서울특별시 용산구서빙고동 61,,,2012,,02-2199-7880,서울특별시 용산구청,2026-06-13
서빙고동167,1,,서울특별시 용산구서빙고동 60-3,,,2012,,02-2199-7880,서울특별시 용산구청,2026-06-13
서빙고동168,1,,서울특별시 용산구서빙고동 59,,,2012,,02-2199-7880,서울특별시 용산구청,2026-06-13
서빙고동169,1,,서울특별시 용산구서빙고동 145-1,,,2012,,02-2199-7880,서울특별시 용산구청,2026-06-13
서빙고동17,1,,서울특별시 용산구서빙고동 63-1,,,2012,,02-2199-7880,서울특별시 용산구청,2026-06-13
서빙고동170,1,,서울특별시 용산구서빙고동 137-3,,,2012,,02-2199-7880,서울특별시 용산구청,2026-06-13
서빙고동171,1,,서울특별시 용산구서빙고동 138,,,2012,,02-2199-7880,서울특별시 용산구청,2026-06-13
서빙고동172,1,,서울특별시 용산구서빙고동 56-3,,,2012,,02-2199-7880,서울특별시 용산구청,2026-06-13
서빙고동173,1,,서울특별시 용산구서빙고동 57-4,,,2012,,02-2199-7880,서울특별시 용산구청,2026-06-13
서빙고동174,1,,서울특별시 용산구서빙고동 52,,,2012,,02-2199-7880,서울특별시 용산구청,2026-06-13
서빙고동175,1,,서울특별시 용산구서빙고동 219-7,,,2012,,02-2199-7880,서울특별시 용산구청,2026-06-13
서빙고동176,1,,서울특별시 용산구서빙고동 224-1,,,2012,,02-2199-7880,서울특별시 용산구청,2026-06-13
서빙고동177,1,,서울특별시 용산구서빙고동 224-1,,,2012,,02-2199-7880,서울특별시 용산구청,2026-06-13
서빙고동178,1,,서울특별시 용산구서빙고동 49-3,,,2012,,02-2199-7880,서울특별시 용산구청,2026-06-13
서빙고동179,1,,서울특별시 용산구서빙고동 48-1,,,2012,,02-2199-7880,서울특별시 용산구청,2026-06-13
서빙고동18,1,,서울특별시 용산구서빙고동 191-1,,,2012,,02-2199-7880,서울특별시 용산구청,2026-06-13
서빙고동180,1,,서울특별시 용산구서빙고동 48-1,,,2012,,02-2199-7880,서울특별시 용산구청,2026-06-13
서빙고동181,1,,서울특별시 용산구서빙고동 19-1,,,2012,,02-2199-7880,서울특별시 용산구청,2026-06-13
서빙고동182,1,,서울특별시 용산구서빙고동 16,,,2012,,02-2199-7880,서울특별시 용산구청,2026-06-13
서빙고동183,1,,서울특별시 용산구서빙고동 44-1,,,2012,,02-2199-7880,서울특별시 용산구청,2026-06-13
서빙고동184,1,,서울특별시 용산구서빙고동 44-2,,,2012,,02-2199-7880,서울특별시 용산구청,2026-06-13
서빙고동185,1,,서울특별시 용산구서빙고동 44-10,,,2012,,02-2199-7880,서울특별시 용산구청,2026-06-13
서빙고동186,1,,서울특별시 용산구서빙고동 44-10,,,2012,,02-2199-7880,서울특별시 용산구청,2026-06-13
서빙고동187,1,,서울특별시 용산구서빙고동 40-3,,,2012,,02-2199-7880,서울특별시 용산구청,2026-06-13
서빙고동188,1,,서울특별시 용산구서빙고동 40-3,,,2012,,02-2199-7880,서울특별시 용산구청,2026-06-13
서빙고동189,1,,서울특별시 용산구서빙고동 42-6,,,2012,,02-2199-7880,서울특별시 용산구청,2026-06-13
서빙고동19,1,,서울특별시 용산구서빙고동 103,,,2012,,02-2199-7880,서울특별시 용산구청,2026-06-13
서빙고동190,1,,서울특별시 용산구서빙고동 40-21,,,2012,,02-2199-7880,서울특별시 용산구청,2026-06-13
서빙고동191,1,,서울특별시 용산구서빙고동 42-10,,,2012,,02-2199-7880,서울특별시 용산구청,2026-06-13
서빙고동192,1,,서울특별시 용산구서빙고동 67-1,,,2012,,02-2199-7880,서울특별시 용산구청,2026-06-13
서빙고동193,1,,서울특별시 용산구서빙고동 42-18,,,2019,,02-2199-7880,서울특별시 용산구청,2026-06-13
서빙고동194,1,,서울특별시 용산구서빙고동,,,2020,,02-2199-7880,서울특별시 용산구청,2026-06-13
서빙고동195,1,,서울특별시 용산구서빙고동 40-16,,,2012,,02-2199-7880,서울특별시 용산구청,2026-06-13
서빙고동196,1,,서울특별시 용산구서빙고동 40-19,,,2012,,02-2199-7880,서울특별시 용산구청,2026-06-13
서빙고동197,1,,서울특별시 용산구서빙고동 65,,,2012,,02-2199-7880,서울특별시 용산구청,2026-06-13
서빙고동198,1,,서울특별시 용산구서빙고동 65,,,2012,,02-2199-7880,서울특별시 용산구청,2026-06-13
서빙고동199,1,,서울특별시 용산구서빙고동 65,,,2012,,02-2199-7880,서울특별시 용산구청,2026-06-13
서빙고동2,1,,서울특별시 용산구서빙고동 155,,,2012,,02-2199-7880,서울특별시 용산구청,2026-06-13
서빙고동20,1,,서울특별시 용산구서빙고동 105-1,,,2012,,02-2199-7880,서울특별시 용산구청,2026-06-13
서빙고동200,1,,서울특별시 용산구서빙고동 46-2,,,2012,,02-2199-7880,서울특별시 용산구청,2026-06-13
서빙고동201,1,,서울특별시 용산구서빙고동 46-2,,,2012,,02-2199-7880,서울특별시 용산구청,2026-06-13
서빙고동202,1,,서울특별시 용산구서빙고동 42-17,,,2012,,02-2199-7880,서울특별시 용산구청,2026-06-13
서빙고동203,1,,서울특별시 용산구서빙고동 42-17,,,2012,,02-2199-7880,서울특별시 용산구청,2026-06-13
서빙고동204,1,,서울특별시 용산구서빙고동 50,,,2023,,02-2199-7880,서울특별시 용산구청,2026-06-13
서빙고동205,1,,서울특별시 용산구서빙고동 51-1,,,2012,,02-2199-7880,서울특별시 용산구청,2026-06-13
서빙고동206,1,,서울특별시 용산구서빙고동 63-1,,,2012,,02-2199-7880,서울특별시 용산구청,2026-06-13
서빙고동207,1,,서울특별시 용산구서빙고동 71-1,,,2012,,02-2199-7880,서울특별시 용산구청,2026-06-13
서빙고동208,1,,서울특별시 용산구서빙고동 71-2,,,2012,,02-2199-7880,서울특별시 용산구청,2026-06-13
서빙고동209,1,,서울특별시 용산구서빙고동 77-1,,,2012,,02-2199-7880,서울특별시 용산구청,2026-06-13
서빙고동21,1,,서울특별시 용산구서빙고동 105-1,,,2012,,02-2199-7880,서울특별시 용산구청,2026-06-13
서빙고동210,1,,서울특별시 용산구서빙고동 73,,,2012,,02-2199-7880,서울특별시 용산구청,2026-06-13
서빙고동211,1,,서울특별시 용산구서빙고동 63-8,,,2012,,02-2199-7880,서울특별시 용산구청,2026-06-13
서빙고동212,1,,서울특별시 용산구서빙고동 63-12,,,2012,,02-2199-7880,서울특별시 용산구청,2026-06-13
서빙고동213,1,,서울특별시 용산구서빙고동 63-5,,,2023,,02-2199-7880,서울특별시 용산구청,2026-06-13
서빙고동214,1,,서울특별시 용산구서빙고동 62-1,,,2012,,02-2199-7880,서울특별시 용산구청,2026-06-13
서빙고동215,1,,서울특별시 용산구서빙고동 74-1,,,2012,,02-2199-7880,서울특별시 용산구청,2026-06-13
서빙고동216,1,,서울특별시 용산구서빙고동 115,,,2012,,02-2199-7880,서울특별시 용산구청,2026-06-13
서빙고동217,1,,서울특별시 용산구서빙고동 74-1,,,2012,,02-2199-7880,서울특별시 용산구청,2026-06-13
서빙고동218,1,,서울특별시 용산구서빙고동 114,,,2012,,02-2199-7880,서울특별시 용산구청,2026-06-13
서빙고동219,1,,서울특별시 용산구서빙고동 76-1,,,2012,,02-2199-7880,서울특별시 용산구청,2026-06-13
서빙고동22,1,,서울특별시 용산구서빙고동 155,,,2012,,02-2199-7880,서울특별시 용산구청,2026-06-13
서빙고동220,1,,서울특별시 용산구서빙고동 82-1,,,2016,,02-2199-7880,서울특별시 용산구청,2026-06-13
서빙고동221,1,,서울특별시 용산구서빙고동 69-2,,,2012,,02-2199-7880,서울특별시 용산구청,2026-06-13
서빙고동222,1,,서울특별시 용산구서빙고동 70-8,,,2012,,02-2199-7880,서울특별시 용산구청,2026-06-13
서빙고동223,1,,서울특별시 용산구서빙고동 69-1,,,2012,,02-2199-7880,서울특별시 용산구청,2026-06-13
서빙고동224,1,,서울특별시 용산구서빙고동 68-14,,,2021,,02-2199-7880,서울특별시 용산구청,2026-06-13
서빙고동225,1,,서울특별시 용산구서빙고동 68-17,,,2012,,02-2199-7880,서울특별시 용산구청,2026-06-13
서빙고동226,1,,서울특별시 용산구서빙고동 68-23,,,2012,,02-2199-7880,서울특별시 용산구청,2026-06-13
서빙고동227,1,,서울특별시 용산구서빙고동 68-2,,,2012,,02-2199-7880,서울특별시 용산구청,2026-06-13
서빙고동228,1,,서울특별시 용산구서빙고동 38-31,,,2012,,02-2199-7880,서울특별시 용산구청,2026-06-13
서빙고동229,1,,서울특별시 용산구서빙고동 38-6,,,2012,,02-2199-7880,서울특별시 용산구청,2026-06-13
서빙고동23,1,,서울특별시 용산구서빙고동 117-2,,,2012,,02-2199-7880,서울특별시 용산구청,2026-06-13
서빙고동230,1,,서울특별시 용산구서빙고동 38-18,,,2012,,02-2199-7880,서울특별시 용산구청,2026-06-13
서빙고동231,1,,서울특별시 용산구서빙고동 38-23,,,2012,,02-2199-7880,서울특별시 용산구청,2026-06-13
서빙고동232,1,,서울특별시 용산구서빙고동 45-22,,,2021,,02-2199-7880,서울특별시 용산구청,2026-06-13
서빙고동233,1,,서울특별시 용산구서빙고동 38-27,,,2012,,02-2199-7880,서울특별시 용산구청,2026-06-13
서빙고동234,1,,서울특별시 용산구서빙고동 68-6,,,2013,,02-2199-7880,서울특별시 용산구청,2026-06-13
서빙고동235,1,,서울특별시 용산구서빙고동 68-24,,,2012,,02-2199-7880,서울특별시 용산구청,2026-06-13
서빙고동236,1,,서울특별시 용산구서빙고동 38-5,,,2012,,02-2199-7880,서울특별시 용산구청,2026-06-13
서빙고동237,1,,서울특별시 용산구서빙고동 38-5,,,2012,,02-2199-7880,서울특별시 용산구청,2026-06-13
서빙고동238,1,,서울특별시 용산구서빙고동 38-5,,,2012,,02-2199-7880,서울특별시 용산구청,2026-06-13
서빙고동239,1,,서울특별시 용산구서빙고동 38-5,,,2013,,02-2199-7880,서울특별시 용산구청,2026-06-13
서빙고동24,1,,서울특별시 용산구서빙고동 111-1,,,2012,,02-2199-7880,서울특별시 용산구청,2026-06-13
서빙고동240,1,,서울특별시 용산구서빙고동 68-21,,,2012,,02-2199-7880,서울특별시 용산구청,2026-06-13
서빙고동241,1,,서울특별시 용산구서빙고동 89-1,,,2012,,02-2199-7880,서울특별시 용산구청,2026-06-13
서빙고동242,1,,서울특별시 용산구서빙고동 89-1,,,2012,,02-2199-7880,서울특별시 용산구청,2026-06-13
서빙고동243,1,,서울특별시 용산구서빙고동 87-1,,,2012,,02-2199-7880,서울특별시 용산구청,2026-06-13
서빙고동244,1,,서울특별시 용산구서빙고동 87-1,,,2017,,02-2199-7880,서울특별시 용산구청,2026-06-13
서빙고동245,1,,서울특별시 용산구서빙고동 59,,,2023,,02-2199-7880,서울특별시 용산구청,2026-06-13
서빙고동246,1,,서울특별시 용산구서빙고동 86-1,,,2023,,02-2199-7880,서울특별시 용산구청,2026-06-13
서빙고동247,1,,서울특별시 용산구서빙고동 85-4,,,2012,,02-2199-7880,서울특별시 용산구청,2026-06-13
서빙고동248,1,,서울특별시 용산구서빙고동 58-2,,,2012,,02-2199-7880,서울특별시 용산구청,2026-06-13
서빙고동249,1,,서울특별시 용산구서빙고동 49-20,,,2012,,02-2199-7880,서울특별시 용산구청,2026-06-13
서빙고동25,1,,서울특별시 용산구서빙고동 114,,,2012,,02-2199-7880,서울특별시 용산구청,2026-06-13
서빙고동250,1,,서울특별시 용산구서빙고동 49-10,,,2012,,02-2199-7880,서울특별시 용산구청,2026-06-13
서빙고동251,1,,서울특별시 용산구서빙고동 48-6,,,2012,,02-2199-7880,서울특별시 용산구청,2026-06-13
서빙고동252,1,,서울특별시 용산구서빙고동 46-4,,,2012,,02-2199-7880,서울특별시 용산구청,2026-06-13
서빙고동253,1,,서울특별시 용산구서빙고동 49-25,,,2012,,02-2199-7880,서울특별시 용산구청,2026-06-13
서빙고동254,1,,서울특별시 용산구서빙고동 81-8,,,2012,,02-2199-7880,서울특별시 용산구청,2026-06-13
서빙고동255,1,,서울특별시 용산구서빙고동 81-5,,,2023,,02-2199-7880,서울특별시 용산구청,2026-06-13
서빙고동256,1,,서울특별시 용산구서빙고동 81-14,,,2012,,02-2199-7880,서울특별시 용산구청,2026-06-13
서빙고동257,1,,서울특별시 용산구서빙고동 81-14,,,2012,,02-2199-7880,서울특별시 용산구청,2026-06-13
서빙고동258,1,,서울특별시 용산구서빙고동 50-2,,,2012,,02-2199-7880,서울특별시 용산구청,2026-06-13
서빙고동259,1,,서울특별시 용산구서빙고동 43-9,,,2012,,02-2199-7880,서울특별시 용산구청,2026-06-13
서빙고동26,1,,서울특별시 용산구서빙고동 111,,,2012,,02-2199-7880,서울특별시 용산구청,2026-06-13
서빙고동260,1,,서울특별시 용산구서빙고동 43-41,,,2012,,02-2199-7880,서울특별시 용산구청,2026-06-13
서빙고동261,1,,서울특별시 용산구서빙고동 43-8,,,2012,,02-2199-7880,서울특별시 용산구청,2026-06-13
서빙고동262,1,,서울특별시 용산구서빙고동 42-23,,,2012,,02-2199-7880,서울특별시 용산구청,2026-06-13
서빙고동263,1,,서울특별시 용산구서빙고동 50-2,,,2012,,02-2199-7880,서울특별시 용산구청,2026-06-13
서빙고동264,1,,서울특별시 용산구서빙고동 50-3,,,2012,,02-2199-7880,서울특별시 용산구청,2026-06-13
서빙고동265,1,,서울특별시 용산구서빙고동 50-15,,,2012,,02-2199-7880,서울특별시 용산구청,2026-06-13
서빙고동266,1,,서울특별시 용산구서빙고동 48-2,,,2012,,02-2199-7880,서울특별시 용산구청,2026-06-13
서빙고동267,1,,서울특별시 용산구서빙고동 43-41,,,2012,,02-2199-7880,서울특별시 용산구청,2026-06-13
서빙고동268,1,,서울특별시 용산구서빙고동 43-31,,,2012,,02-2199-7880,서울특별시 용산구청,2026-06-13
서빙고동269,1,,서울특별시 용산구서빙고동 34-5,,,2012,,02-2199-7880,서울특별시 용산구청,2026-06-13
서빙고동27,1,,서울특별시 용산구서빙고동 109,,,2012,,02-2199-7880,서울특별시 용산구청,2026-06-13
서빙고동270,1,,서울특별시 용산구서빙고동 43-31,,,2012,,02-2199-7880,서울특별시 용산구청,2026-06-13
서빙고동271,1,,서울특별시 용산구서빙고동 43-28,,,2015,,02-2199-7880,서울특별시 용산구청,2026-06-13
서빙고동272,1,,서울특별시 용산구서빙고동 43-26,,,2012,,02-2199-7880,서울특별시 용산구청,2026-06-13
서빙고동273,1,,서울특별시 용산구서빙고동 43-25,,,2012,,02-2199-7880,서울특별시 용산구청,2026-06-13
서빙고동274,1,,서울특별시 용산구서빙고동 43-24,,,2012,,02-2199-7880,서울특별시 용산구청,2026-06-13
서빙고동275,1,,서울특별시 용산구서빙고동 168-73,,,2012,,02-2199-7880,서울특별시 용산구청,2026-06-13
서빙고동276,1,,서울특별시 용산구서빙고동 168-73,,,2012,,02-2199-7880,서울특별시 용산구청,2026-06-13
서빙고동277,1,,서울특별시 용산구서빙고동 168-73,,,2012,,02-2199-7880,서울특별시 용산구청,2026-06-13
서빙고동278,1,,서울특별시 용산구서빙고동 43-31,,,2012,,02-2199-7880,서울특별시 용산구청,2026-06-13
서빙고동279,1,,서울특별시 용산구서빙고동 168-73,,,2012,,02-2199-7880,서울특별시 용산구청,2026-06-13
서빙고동28,1,,서울특별시 용산구서빙고동 96,,,2012,,02-2199-7880,서울특별시 용산구청,2026-06-13
서빙고동280,1,,서울특별시 용산구서빙고동 168-73,,,2012,,02-2199-7880,서울특별시 용산구청,2026-06-13
서빙고동281,1,,서울특별시 용산구서빙고동 34-6,,,2012,,02-2199-7880,서울특별시 용산구청,2026-06-13
서빙고동282,1,,서울특별시 용산구서빙고동 18,,,2012,,02-2199-7880,서울특별시 용산구청,2026-06-13
서빙고동283,1,,서울특별시 용산구서빙고동 34-3,,,2012,,02-2199-7880,서울특별시 용산구청,2026-06-13
서빙고동284,1,,서울특별시 용산구서빙고동 27-1,,,2012,,02-2199-7880,서울특별시 용산구청,2026-06-13
서빙고동285,1,,서울특별시 용산구서빙고동 27-1,,,2012,,02-2199-7880,서울특별시 용산구청,2026-06-13
서빙고동286,1,,서울특별시 용산구서빙고동 27,,,2012,,02-2199-7880,서울특별시 용산구청,2026-06-13
서빙고동287,1,,서울특별시 용산구서빙고동 27-2,,,2012,,02-2199-7880,서울특별시 용산구청,2026-06-13
서빙고동288,1,,서울특별시 용산구서빙고동 22,,,2012,,02-2199-7880,서울특별시 용산구청,2026-06-13
서빙고동289,1,,서울특별시 용산구서빙고동 27-2,,,2012,,02-2199-7880,서울특별시 용산구청,2026-06-13
서빙고동29,1,,서울특별시 용산구서빙고동 95-1,,,2012,,02-2199-7880,서울특별시 용산구청,2026-06-13
서빙고동290,1,,서울특별시 용산구서빙고동 17,,,2012,,02-2199-7880,서울특별시 용산구청,2026-06-13
서빙고동291,1,,서울특별시 용산구서빙고동 8-7,,,2018,,02-2199-7880,서울특별시 용산구청,2026-06-13
서빙고동292,1,,서울특별시 용산구서빙고동 168-73,,,2012,,02-2199-7880,서울특별시 용산구청,2026-06-13
서빙고동293,1,,서울특별시 용산구서빙고동 168-73,,,2012,,02-2199-7880,서울특별시 용산구청,2026-06-13
서빙고동294,1,,서울특별시 용산구서빙고동 1-7,,,2012,,02-2199-7880,서울특별시 용산구청,2026-06-13
서빙고동295,1,,서울특별시 용산구서빙고동 45-2,,,2012,,02-2199-7880,서울특별시 용산구청,2026-06-13
서빙고동296,1,,서울특별시 용산구서빙고동 47-3,,,2012,,02-2199-7880,서울특별시 용산구청,2026-06-13
서빙고동297,1,,서울특별시 용산구서빙고동 46-2,,,2012,,02-2199-7880,서울특별시 용산구청,2026-06-13
서빙고동298,1,,서울특별시 용산구서빙고동 45-9,,,2015,,02-2199-7880,서울특별시 용산구청,2026-06-13
서빙고동299,1,,서울특별시 용산구서빙고동 45-2,,,2012,,02-2199-7880,서울특별시 용산구청,2026-06-13
서빙고동3,1,,서울특별시 용산구서빙고동 155,,,2012,,02-2199-7880,서울특별시 용산구청,2026-06-13
서빙고동30,1,,서울특별시 용산구서빙고동 167-1,,,2012,,02-2199-7880,서울특별시 용산구청,2026-06-13
서빙고동300,1,,서울특별시 용산구서빙고동 45-5,,,2012,,02-2199-7880,서울특별시 용산구청,2026-06-13
서빙고동301,1,,서울특별시 용산구서빙고동 45-2,,,2012,,02-2199-7880,서울특별시 용산구청,2026-06-13
서빙고동302,1,,서울특별시 용산구서빙고동 37-2,,,2015,,02-2199-7880,서울특별시 용산구청,2026-06-13
서빙고동303,1,,서울특별시 용산구서빙고동 1-7,,,2015,,02-2199-7880,서울특별시 용산구청,2026-06-13
서빙고동304,1,,서울특별시 용산구서빙고동 37-2,,,2012,,02-2199-7880,서울특별시 용산구청,2026-06-13
서빙고동305,1,,서울특별시 용산구서빙고동 1-7,,,2013,,02-2199-7880,서울특별시 용산구청,2026-06-13
서빙고동306,1,,서울특별시 용산구서빙고동 37-2,,,2012,,02-2199-7880,서울특별시 용산구청,2026-06-13
서빙고동307,1,,서울특별시 용산구서빙고동 1-7,,,2023,,02-2199-7880,서울특별시 용산구청,2026-06-13
서빙고동308,1,,서울특별시 용산구서빙고동 1-7,,,2015,,02-2199-7880,서울특별시 용산구청,2026-06-13
서빙고동309,1,,서울특별시 용산구서빙고동 168-73,,,2015,,02-2199-7880,서울특별시 용산구청,2026-06-13
서빙고동31,1,,서울특별시 용산구서빙고동 96,,,2012,,02-2199-7880,서울특별시 용산구청,2026-06-13
서빙고동310,1,,서울특별시 용산구서빙고동 1-7,,,2015,,02-2199-7880,서울특별시 용산구청,2026-06-13
서빙고동311,1,,서울특별시 용산구서빙고동 1-7,,,2015,,02-2199-7880,서울특별시 용산구청,2026-06-13
서빙고동312,1,,서울특별시 용산구서빙고동 1-7,,,2015,,02-2199-7880,서울특별시 용산구청,2026-06-13
서빙고동313,1,,서울특별시 용산구서빙고동 1-7,,,2015,,02-2199-7880,서울특별시 용산구청,2026-06-13
서빙고동314,1,,서울특별시 용산구서빙고동 32-31,,,2012,,02-2199-7880,서울특별시 용산구청,2026-06-13
서빙고동315,1,,서울특별시 용산구서빙고동 32-4,,,2012,,02-2199-7880,서울특별시 용산구청,2026-06-13
서빙고동316,1,,서울특별시 용산구서빙고동 32-27,,,2012,,02-2199-7880,서울특별시 용산구청,2026-06-13
서빙고동317,1,,서울특별시 용산구서빙고동 32-25,,,2012,,02-2199-7880,서울특별시 용산구청,2026-06-13
서빙고동318,1,,서울특별시 용산구서빙고동 34-4,,,2012,,02-2199-7880,서울특별시 용산구청,2026-06-13
서빙고동319,1,,서울특별시 용산구서빙고동 32-16,,,2012,,02-2199-7880,서울특별시 용산구청,2026-06-13
서빙고동32,1,,서울특별시 용산구서빙고동 95-1,,,2012,,02-2199-7880,서울특별시 용산구청,2026-06-13
서빙고동320,1,,서울특별시 용산구서빙고동 32-37,,,2012,,02-2199-7880,서울특별시 용산구청,2026-06-13
서빙고동321,1,,서울특별시 용산구서빙고동 32-22,,,2012,,02-2199-7880,서울특별시 용산구청,2026-06-13
서빙고동322,1,,서울특별시 용산구서빙고동 32-21,,,2012,,02-2199-7880,서울특별시 용산구청,2026-06-13
서빙고동323,1,,서울특별시 용산구서빙고동 44-5,,,2012,,02-2199-7880,서울특별시 용산구청,2026-06-13
서빙고동324,1,,서울특별시 용산구서빙고동 16,,,2012,,02-2199-7880,서울특별시 용산구청,2026-06-13
서빙고동325,1,,서울특별시 용산구서빙고동 35-6,,,2012,,02-2199-7880,서울특별시 용산구청,2026-06-13
서빙고동326,1,,서울특별시 용산구서빙고동 35-5,,,2012,,02-2199-7880,서울특별시 용산구청,2026-06-13
서빙고동327,1,,서울특별시 용산구서빙고동 34-5,,,2012,,02-2199-7880,서울특별시 용산구청,2026-06-13
서빙고동328,1,,서울특별시 용산구서빙고동 34-7,,,2012,,02-2199-7880,서울특별시 용산구청,2026-06-13
서빙고동329,1,,서울특별시 용산구서빙고동 38-4,,,2012,,02-2199-7880,서울특별시 용산구청,2026-06-13
서빙고동33,1,,서울특별시 용산구서빙고동 79,,,2012,,02-2199-7880,서울특별시 용산구청,2026-06-13
서빙고동330,1,,서울특별시 용산구서빙고동 38-4,,,2012,,02-2199-7880,서울특별시 용산구청,2026-06-13
서빙고동331,1,,서울특별시 용산구서빙고동 38-4,,,2013,,02-2199-7880,서울특별시 용산구청,2026-06-13
서빙고동332,1,,서울특별시 용산구서빙고동 38-4,,,2012,,02-2199-7880,서울특별시 용산구청,2026-06-13
서빙고동333,1,,서울특별시 용산구서빙고동 33-11,,,2012,,02-2199-7880,서울특별시 용산구청,2026-06-13
서빙고동334,1,,서울특별시 용산구서빙고동 33-10,,,2012,,02-2199-7880,서울특별시 용산구청,2026-06-13
서빙고동335,1,,서울특별시 용산구서빙고동 33-2,,,2012,,02-2199-7880,서울특별시 용산구청,2026-06-13
서빙고동336,1,,서울특별시 용산구서빙고동 33-4,,,2012,,02-2199-7880,서울특별시 용산구청,2026-06-13
서빙고동337,1,,서울특별시 용산구서빙고동 33-14,,,2012,,02-2199-7880,서울특별시 용산구청,2026-06-13
서빙고동338,1,,서울특별시 용산구서빙고동 38-14,,,2012,,02-2199-7880,서울특별시 용산구청,2026-06-13
서빙고동339,1,,서울특별시 용산구서빙고동 38-4,,,2012,,02-2199-7880,서울특별시 용산구청,2026-06-13
서빙고동34,1,,서울특별시 용산구서빙고동 67-1,,,2012,,02-2199-7880,서울특별시 용산구청,2026-06-13
서빙고동340,1,,서울특별시 용산구서빙고동 28-24,,,2012,,02-2199-7880,서울특별시 용산구청,2026-06-13
서빙고동341,1,,서울특별시 용산구서빙고동 28-14,,,2012,,02-2199-7880,서울특별시 용산구청,2026-06-13
서빙고동342,1,,서울특별시 용산구서빙고동 28-24,,,2012,,02-2199-7880,서울특별시 용산구청,2026-06-13
서빙고동343,1,,서울특별시 용산구서빙고동 28-21,,,2012,,02-2199-7880,서울특별시 용산구청,2026-06-13
서빙고동344,1,,서울특별시 용산구서빙고동 28-44,,,2012,,02-2199-7880,서울특별시 용산구청,2026-06-13
서빙고동345,1,,서울특별시 용산구서빙고동 28-42,,,2012,,02-2199-7880,서울특별시 용산구청,2026-06-13
서빙고동346,1,,서울특별시 용산구서빙고동 28-24,,,2012,,02-2199-7880,서울특별시 용산구청,2026-06-13
서빙고동347,1,,서울특별시 용산구서빙고동 28-24,,,2012,,02-2199-7880,서울특별시 용산구청,2026-06-13
서빙고동348,1,,서울특별시 용산구서빙고동 28-24,,,2012,,02-2199-7880,서울특별시 용산구청,2026-06-13
서빙고동349,1,,서울특별시 용산구서빙고동 28-31,,,2012,,02-2199-7880,서울특별시 용산구청,2026-06-13
서빙고동35,1,,서울특별시 용산구서빙고동 61-3,,,2012,,02-2199-7880,서울특별시 용산구청,2026-06-13
서빙고동350,1,,서울특별시 용산구서빙고동 1-9,,,2012,,02-2199-7880,서울특별시 용산구청,2026-06-13
서빙고동351,1,,서울특별시 용산구서빙고동 1-7,,,2012,,02-2199-7880,서울특별시 용산구청,2026-06-13
서빙고동352,1,,서울특별시 용산구서빙고동 1-77,,,2012,,02-2199-7880,서울특별시 용산구청,2026-06-13
서빙고동353,1,,서울특별시 용산구서빙고동 1-31,,,2012,,02-2199-7880,서울특별시 용산구청,2026-06-13
서빙고동354,1,,서울특별시 용산구서빙고동 1-24,,,2012,,02-2199-7880,서울특별시 용산구청,2026-06-13
서빙고동355,1,,서울특별시 용산구서빙고동 1-33,,,2012,,02-2199-7880,서울특별시 용산구청,2026-06-13
서빙고동356,1,,서울특별시 용산구서빙고동 238-57,,,2012,,02-2199-7880,서울특별시 용산구청,2026-06-13
서빙고동357,1,,서울특별시 용산구서빙고동 1-22,,,2012,,02-2199-7880,서울특별시 용산구청,2026-06-13
서빙고동358,1,,서울특별시 용산구서빙고동 1-22,,,2012,,02-2199-7880,서울특별시 용산구청,2026-06-13
서빙고동359,1,,서울특별시 용산구서빙고동 1-22,,,2012,,02-2199-7880,서울특별시 용산구청,2026-06-13
서빙고동36,1,,서울특별시 용산구서빙고동 68,,,2012,,02-2199-7880,서울특별시 용산구청,2026-06-13
서빙고동360,1,,서울특별시 용산구서빙고동 1-22,,,2012,,02-2199-7880,서울특별시 용산구청,2026-06-13
서빙고동361,1,,서울특별시 용산구서빙고동 1-22,,,2012,,02-2199-7880,서울특별시 용산구청,2026-06-13
서빙고동362,1,,서울특별시 용산구서빙고동 1-34,,,2012,,02-2199-7880,서울특별시 용산구청,2026-06-13
서빙고동363,1,,서울특별시 용산구서빙고동 1-126,,,2012,,02-2199-7880,서울특별시 용산구청,2026-06-13
서빙고동364,1,,서울특별시 용산구서빙고동 1-22,,,2012,,02-2199-7880,서울특별시 용산구청,2026-06-13
서빙고동365,1,,서울특별시 용산구서빙고동 1-100,,,2012,,02-2199-7880,서울특별시 용산구청,2026-06-13
서빙고동366,1,,서울특별시 용산구서빙고동 1-37,,,2012,,02-2199-7880,서울특별시 용산구청,2026-06-13
서빙고동367,1,,서울특별시 용산구서빙고동 1-24,,,2012,,02-2199-7880,서울특별시 용산구청,2026-06-13
서빙고동368,1,,서울특별시 용산구서빙고동 1-40,,,2023,,02-2199-7880,서울특별시 용산구청,2026-06-13
서빙고동369,1,,서울특별시 용산구서빙고동 1-24,,,2012,,02-2199-7880,서울특별시 용산구청,2026-06-13
서빙고동37,1,,서울특별시 용산구서빙고동 66-1,,,2012,,02-2199-7880,서울특별시 용산구청,2026-06-13
서빙고동370,1,,서울특별시 용산구서빙고동 1-24,,,2012,,02-2199-7880,서울특별시 용산구청,2026-06-13
서빙고동371,1,,서울특별시 용산구서빙고동 1-70,,,2012,,02-2199-7880,서울특별시 용산구청,2026-06-13
서빙고동372,1,,서울특별시 용산구서빙고동 6-2,,,2012,,02-2199-7880,서울특별시 용산구청,2026-06-13
서빙고동373,1,,서울특별시 용산구서빙고동 6-2,,,2012,,02-2199-7880,서울특별시 용산구청,2026-06-13
서빙고동374,1,,서울특별시 용산구서빙고동 308-5,,,2012,,02-2199-7880,서울특별시 용산구청,2026-06-13
서빙고동375,1,,서울특별시 용산구서빙고동 309-2,,,2012,,02-2199-7880,서울특별시 용산구청,2026-06-13
서빙고동376,1,,서울특별시 용산구서빙고동 309-2,,,2012,,02-2199-7880,서울특별시 용산구청,2026-06-13
서빙고동377,1,,서울특별시 용산구서빙고동 307-2,,,2012,,02-2199-7880,서울특별시 용산구청,2026-06-13
서빙고동378,1,,서울특별시 용산구서빙고동 307-2,,,2012,,02-2199-7880,서울특별시 용산구청,2026-06-13
서빙고동378-1,1,,서울특별시 용산구서빙고동 69-11,,,2023,,02-2199-7880,서울특별시 용산구청,2026-06-13
서빙고동379,1,,서울특별시 용산구서빙고동 307-2,,,2018,,02-2199-7880,서울특별시 용산구청,2026-06-13
서빙고동38,1,,서울특별시 용산구서빙고동 61-2,,,2023,,02-2199-7880,서울특별시 용산구청,2026-06-13
서빙고동380,1,,서울특별시 용산구서빙고동 7,,,2012,,02-2199-7880,서울특별시 용산구청,2026-06-13
서빙고동381,1,,서울특별시 용산구서빙고동 310-2,,,2012,,02-2199-7880,서울특별시 용산구청,2026-06-13
서빙고동382,1,,서울특별시 용산구서빙고동 308-2,,,2012,,02-2199-7880,서울특별시 용산구청,2026-06-13
서빙고동383,1,,서울특별시 용산구서빙고동 310-15,,,2012,,02-2199-7880,서울특별시 용산구청,2026-06-13
서빙고동384,1,,서울특별시 용산구서빙고동 310-15,,,2012,,02-2199-7880,서울특별시 용산구청,2026-06-13
서빙고동385,1,,서울특별시 용산구서빙고동 310-14,,,2012,,02-2199-7880,서울특별시 용산구청,2026-06-13
서빙고동386,1,,서울특별시 용산구서빙고동 310-4,,,2018,,02-2199-7880,서울특별시 용산구청,2026-06-13
서빙고동387,1,,서울특별시 용산구서빙고동 310-4,,,2012,,02-2199-7880,서울특별시 용산구청,2026-06-13
서빙고동388,1,,서울특별시 용산구서빙고동 310-17,,,2019,,02-2199-7880,서울특별시 용산구청,2026-06-13
서빙고동389,1,,서울특별시 용산구서빙고동 310-17,,,2019,,02-2199-7880,서울특별시 용산구청,2026-06-13
서빙고동39,1,,서울특별시 용산구서빙고동 61-2,,,2012,,02-2199-7880,서울특별시 용산구청,2026-06-13
서빙고동390,1,,서울특별시 용산구서빙고동 309-2,,,2012,,02-2199-7880,서울특별시 용산구청,2026-06-13
서빙고동391,1,,서울특별시 용산구서빙고동 1-95,,,2012,,02-2199-7880,서울특별시 용산구청,2026-06-13
서빙고동392,1,,서울특별시 용산구서빙고동,,,2021,,02-2199-7880,서울특별시 용산구청,2026-06-13
서빙고동393,1,,서울특별시 용산구서빙고동 4-2,,,2021,,02-2199-7880,서울특별시 용산구청,2026-06-13
서빙고동394,1,,서울특별시 용산구서빙고동 4-2,,,2012,,02-2199-7880,서울특별시 용산구청,2026-06-13
서빙고동395,1,,서울특별시 용산구서빙고동 4-1,,,2021,,02-2199-7880,서울특별시 용산구청,2026-06-13
서빙고동396,1,,서울특별시 용산구서빙고동 4-1,,,2012,,02-2199-7880,서울특별시 용산구청,2026-06-13
서빙고동397,1,,서울특별시 용산구서빙고동 4-1,,,2012,,02-2199-7880,서울특별시 용산구청,2026-06-13
서빙고동398,1,,서울특별시 용산구서빙고동 4-1,,,2012,,02-2199-7880,서울특별시 용산구청,2026-06-13
서빙고동399,1,,서울특별시 용산구서빙고동 4-19,,,2012,,02-2199-7880,서울특별시 용산구청,2026-06-13
서빙고동4,1,,서울특별시 용산구서빙고동 131-1,,,2012,,02-2199-7880,서울특별시 용산구청,2026-06-13
서빙고동40,1,,서울특별시 용산구서빙고동 59-4,,,2012,,02-2199-7880,서울특별시 용산구청,2026-06-13
서빙고동400,1,,서울특별시 용산구서빙고동 4-19,,,2021,,02-2199-7880,서울특별시 용산구청,2026-06-13
서빙고동401,1,,서울특별시 용산구서빙고동 4-19,,,2012,,02-2199-7880,서울특별시 용산구청,2026-06-13
서빙고동402,1,,서울특별시 용산구서빙고동 4-19,,,2012,,02-2199-7880,서울특별시 용산구청,2026-06-13
서빙고동403,1,,서울특별시 용산구서빙고동 295,,,2012,,02-2199-7880,서울특별시 용산구청,2026-06-13
서빙고동404,1,,서울특별시 용산구서빙고동 4-57,,,2012,,02-2199-7880,서울특별시 용산구청,2026-06-13
서빙고동405,1,,서울특별시 용산구서빙고동 4-57,,,2012,,02-2199-7880,서울특별시 용산구청,2026-06-13
서빙고동406,1,,서울특별시 용산구서빙고동 4-57,,,2012,,02-2199-7880,서울특별시 용산구청,2026-06-13
서빙고동407,1,,서울특별시 용산구서빙고동 4-57,,,2012,,02-2199-7880,서울특별시 용산구청,2026-06-13
서빙고동408,1,,서울특별시 용산구서빙고동 4-18,,,2019,,02-2199-7880,서울특별시 용산구청,2026-06-13
서빙고동409,1,,서울특별시 용산구서빙고동 4-134,,,2022,,02-2199-7880,서울특별시 용산구청,2026-06-13
서빙고동41,1,,서울특별시 용산구서빙고동 59-4,,,2012,,02-2199-7880,서울특별시 용산구청,2026-06-13
서빙고동410,1,,서울특별시 용산구서빙고동 4-133,,,2019,,02-2199-7880,서울특별시 용산구청,2026-06-13
서빙고동411,1,,서울특별시 용산구서빙고동 4-140,,,2012,,02-2199-7880,서울특별시 용산구청,2026-06-13
서빙고동412,1,,서울특별시 용산구서빙고동 4-21,,,2012,,02-2199-7880,서울특별시 용산구청,2026-06-13
서빙고동413,1,,서울특별시 용산구서빙고동 4-21,,,2019,,02-2199-7880,서울특별시 용산구청,2026-06-13
서빙고동414,1,,서울특별시 용산구서빙고동 4-21,,,2012,,02-2199-7880,서울특별시 용산구청,2026-06-13
서빙고동415,1,,서울특별시 용산구서빙고동 4-59,,,2012,,02-2199-7880,서울특별시 용산구청,2026-06-13
서빙고동416,1,,서울특별시 용산구서빙고동 36,,,2012,,02-2199-7880,서울특별시 용산구청,2026-06-13
서빙고동417,1,,서울특별시 용산구서빙고동 37,,,2012,,02-2199-7880,서울특별시 용산구청,2026-06-13
서빙고동418,1,,서울특별시 용산구서빙고동 169-1,,,2019,,02-2199-7880,서울특별시 용산구청,2026-06-13
서빙고동419,1,,서울특별시 용산구서빙고동 230,,,2012,,02-2199-7880,서울특별시 용산구청,2026-06-13
서빙고동42,1,,서울특별시 용산구서빙고동 59-3,,,2012,,02-2199-7880,서울특별시 용산구청,2026-06-13
서빙고동420,1,,서울특별시 용산구서빙고동 169-1,,,2012,,02-2199-7880,서울특별시 용산구청,2026-06-13
서빙고동421,1,,서울특별시 용산구서빙고동 174,,,2012,,02-2199-7880,서울특별시 용산구청,2026-06-13
서빙고동422,1,,서울특별시 용산구서빙고동 226,,,2012,,02-2199-7880,서울특별시 용산구청,2026-06-13
서빙고동423,1,,서울특별시 용산구서빙고동 171,,,2012,,02-2199-7880,서울특별시 용산구청,2026-06-13
서빙고동424,1,,서울특별시 용산구서빙고동 220,,,2012,,02-2199-7880,서울특별시 용산구청,2026-06-13
서빙고동425,1,,서울특별시 용산구서빙고동 219,,,2012,,02-2199-7880,서울특별시 용산구청,2026-06-13
서빙고동426,1,,서울특별시 용산구서빙고동 216,,,2012,,02-2199-7880,서울특별시 용산구청,2026-06-13
서빙고동427,1,,서울특별시 용산구서빙고동 176-1,,,2012,,02-2199-7880,서울특별시 용산구청,2026-06-13
서빙고동428,1,,서울특별시 용산구서빙고동 217-1,,,2012,,02-2199-7880,서울특별시 용산구청,2026-06-13
서빙고동429,1,,서울특별시 용산구서빙고동 216,,,2012,,02-2199-7880,서울특별시 용산구청,2026-06-13
서빙고동43,1,,서울특별시 용산구서빙고동 59-3,,,2023,,02-2199-7880,서울특별시 용산구청,2026-06-13
서빙고동430,1,,서울특별시 용산구서빙고동 177,,,2012,,02-2199-7880,서울특별시 용산구청,2026-06-13
서빙고동431,1,,서울특별시 용산구서빙고동 180,,,2012,,02-2199-7880,서울특별시 용산구청,2026-06-13
서빙고동432,1,,서울특별시 용산구서빙고동 212,,,2012,,02-2199-7880,서울특별시 용산구청,2026-06-13
서빙고동433,1,,서울특별시 용산구서빙고동 180,,,2012,,02-2199-7880,서울특별시 용산구청,2026-06-13
서빙고동434,1,,서울특별시 용산구서빙고동 181-1,,,2012,,02-2199-7880,서울특별시 용산구청,2026-06-13
서빙고동435,1,,서울특별시 용산구서빙고동 207-1,,,2012,,02-2199-7880,서울특별시 용산구청,2026-06-13
서빙고동436,1,,서울특별시 용산구서빙고동 185-1,,,2012,,02-2199-7880,서울특별시 용산구청,2026-06-13
서빙고동437,1,,서울특별시 용산구서빙고동 185-4,,,2012,,02-2199-7880,서울특별시 용산구청,2026-06-13
서빙고동438,1,,서울특별시 용산구서빙고동 195-3,,,2012,,02-2199-7880,서울특별시 용산구청,2026-06-13
서빙고동439,1,,서울특별시 용산구서빙고동 195-12,,,2012,,02-2199-7880,서울특별시 용산구청,2026-06-13
서빙고동44,1,,서울특별시 용산구서빙고동 52-14,,,2012,,02-2199-7880,서울특별시 용산구청,2026-06-13
서빙고동440,1,,서울특별시 용산구서빙고동 195-4,,,2012,,02-2199-7880,서울특별시 용산구청,2026-06-13
서빙고동441,1,,서울특별시 용산구서빙고동 195-6,,,2012,,02-2199-7880,서울특별시 용산구청,2026-06-13
서빙고동442,1,,서울특별시 용산구서빙고동 195-10,,,2012,,02-2199-7880,서울특별시 용산구청,2026-06-13
서빙고동443,1,,서울특별시 용산구서빙고동 195-12,,,2012,,02-2199-7880,서울특별시 용산구청,2026-06-13
서빙고동444,1,,서울특별시 용산구서빙고동 199-1,,,2012,,02-2199-7880,서울특별시 용산구청,2026-06-13
서빙고동445,1,,서울특별시 용산구서빙고동 235-1,,,2012,,02-2199-7880,서울특별시 용산구청,2026-06-13
서빙고동446,1,,서울특별시 용산구서빙고동 235-8,,,2012,,02-2199-7880,서울특별시 용산구청,2026-06-13
서빙고동447,1,,서울특별시 용산구서빙고동 235-14,,,2021,,02-2199-7880,서울특별시 용산구청,2026-06-13
서빙고동448,1,,서울특별시 용산구서빙고동 235-10,,,2021,,02-2199-7880,서울특별시 용산구청,2026-06-13
서빙고동449,1,,서울특별시 용산구서빙고동 235-11,,,2019,,02-2199-7880,서울특별시 용산구청,2026-06-13
서빙고동45,1,,서울특별시 용산구서빙고동 52-12,,,2023,,02-2199-7880,서울특별시 용산구청,2026-06-13
서빙고동450,1,,서울특별시 용산구서빙고동 4-14,,,2012,,02-2199-7880,서울특별시 용산구청,2026-06-13
서빙고동451,1,,서울특별시 용산구서빙고동 4-14,,,2019,,02-2199-7880,서울특별시 용산구청,2026-06-13
서빙고동452,1,,서울특별시 용산구서빙고동 4-14,,,2012,,02-2199-7880,서울특별시 용산구청,2026-06-13
서빙고동453,1,,서울특별시 용산구서빙고동 4-57,,,2019,,02-2199-7880,서울특별시 용산구청,2026-06-13
서빙고동454,1,,서울특별시 용산구서빙고동 4-57,,,2012,,02-2199-7880,서울특별시 용산구청,2026-06-13
서빙고동455,1,,서울특별시 용산구서빙고동 4-57,,,2021,,02-2199-7880,서울특별시 용산구청,2026-06-13
서빙고동456,1,,서울특별시 용산구서빙고동 241-99,,,2012,,02-2199-7880,서울특별시 용산구청,2026-06-13
서빙고동457,1,,서울특별시 용산구서빙고동 241-99,,,2012,,02-2199-7880,서울특별시 용산구청,2026-06-13
서빙고동458,1,,서울특별시 용산구서빙고동 241-99,,,2016,,02-2199-7880,서울특별시 용산구청,2026-06-13
서빙고동459,1,,서울특별시 용산구서빙고동 241-99,,,2016,,02-2199-7880,서울특별시 용산구청,2026-06-13
서빙고동46,1,,서울특별시 용산구서빙고동 52-12,,,2023,,02-2199-7880,서울특별시 용산구청,2026-06-13
서빙고동460,1,,서울특별시 용산구서빙고동 241-99,,,2012,,02-2199-7880,서울특별시 용산구청,2026-06-13
서빙고동461,1,,서울특별시 용산구서빙고동 241-99,,,2016,,02-2199-7880,서울특별시 용산구청,2026-06-13
서빙고동462,1,,서울특별시 용산구서빙고동 271-40,,,2012,,02-2199-7880,서울특별시 용산구청,2026-06-13
서빙고동463,1,,서울특별시 용산구서빙고동 271-38,,,2012,,02-2199-7880,서울특별시 용산구청,2026-06-13
서빙고동464,1,,서울특별시 용산구서빙고동 271-63,,,2016,,02-2199-7880,서울특별시 용산구청,2026-06-13
서빙고동465,1,,서울특별시 용산구서빙고동 271-63,,,2012,,02-2199-7880,서울특별시 용산구청,2026-06-13
서빙고동466,1,,서울특별시 용산구서빙고동 271-63,,,2016,,02-2199-7880,서울특별시 용산구청,2026-06-13
서빙고동467,1,,서울특별시 용산구서빙고동 271-63,,,2016,,02-2199-7880,서울특별시 용산구청,2026-06-13
서빙고동468,1,,서울특별시 용산구서빙고동 271-63,,,2012,,02-2199-7880,서울특별시 용산구청,2026-06-13
서빙고동469,1,,서울특별시 용산구서빙고동 271-12,,,2012,,02-2199-7880,서울특별시 용산구청,2026-06-13
서빙고동47,1,,서울특별시 용산구서빙고동 52-9,,,2012,,02-2199-7880,서울특별시 용산구청,2026-06-13
서빙고동470,1,,서울특별시 용산구서빙고동 271-25,,,2013,,02-2199-7880,서울특별시 용산구청,2026-06-13
서빙고동471,1,,서울특별시 용산구서빙고동 271-29,,,2012,,02-2199-7880,서울특별시 용산구청,2026-06-13
서빙고동472,1,,서울특별시 용산구서빙고동 241-11,,,2012,,02-2199-7880,서울특별시 용산구청,2026-06-13
서빙고동473,1,,서울특별시 용산구서빙고동 241-11,,,2012,,02-2199-7880,서울특별시 용산구청,2026-06-13
서빙고동474,1,,서울특별시 용산구서빙고동 241-11,,,2012,,02-2199-7880,서울특별시 용산구청,2026-06-13
서빙고동475,1,,서울특별시 용산구서빙고동 241-11,,,2013,,02-2199-7880,서울특별시 용산구청,2026-06-13
서빙고동476,1,,서울특별시 용산구서빙고동 241-11,,,2012,,02-2199-7880,서울특별시 용산구청,2026-06-13
서빙고동477,1,,서울특별시 용산구서빙고동 241-11,,,2021,,02-2199-7880,서울특별시 용산구청,2026-06-13
서빙고동478,1,,서울특별시 용산구서빙고동 241-11,,,2013,,02-2199-7880,서울특별시 용산구청,2026-06-13
서빙고동479,1,,서울특별시 용산구서빙고동 241-11,,,2012,,02-2199-7880,서울특별시 용산구청,2026-06-13
서빙고동48,1,,서울특별시 용산구서빙고동 52-4,,,2023,,02-2199-7880,서울특별시 용산구청,2026-06-13
서빙고동480,1,,서울특별시 용산구서빙고동 241-11,,,2012,,02-2199-7880,서울특별시 용산구청,2026-06-13
서빙고동481,1,,서울특별시 용산구서빙고동 241-11,,,2012,,02-2199-7880,서울특별시 용산구청,2026-06-13
서빙고동482,1,,서울특별시 용산구서빙고동 241-39,,,2022,,02-2199-7880,서울특별시 용산구청,2026-06-13
서빙고동483,1,,서울특별시 용산구서빙고동 271-77,,,2012,,02-2199-7880,서울특별시 용산구청,2026-06-13
서빙고동484,1,,서울특별시 용산구서빙고동 271-78,,,2012,,02-2199-7880,서울특별시 용산구청,2026-06-13
서빙고동485,1,,서울특별시 용산구서빙고동 271-78,,,2012,,02-2199-7880,서울특별시 용산구청,2026-06-13
서빙고동486,1,,서울특별시 용산구서빙고동 271-77,,,2012,,02-2199-7880,서울특별시 용산구청,2026-06-13
서빙고동487,1,,서울특별시 용산구서빙고동 69-170,,,2018,,02-2199-7880,서울특별시 용산구청,2026-06-13
서빙고동488,1,,서울특별시 용산구서빙고동 69-170,,,2018,,02-2199-7880,서울특별시 용산구청,2026-06-13
서빙고동489,1,,서울특별시 용산구서빙고동 69-170,,,2018,,02-2199-7880,서울특별시 용산구청,2026-06-13
서빙고동49,1,,서울특별시 용산구서빙고동 52-2,,,2012,,02-2199-7880,서울특별시 용산구청,2026-06-13
서빙고동490,1,,서울특별시 용산구서빙고동 69-170,,,2020,,02-2199-7880,서울특별시 용산구청,2026-06-13
서빙고동491,1,,서울특별시 용산구서빙고동 69-170,,,2020,,02-2199-7880,서울특별시 용산구청,2026-06-13
서빙고동492,1,,서울특별시 용산구서빙고동 69-170,,,2020,,02-2199-7880,서울특별시 용산구청,2026-06-13
서빙고동493,1,,서울특별시 용산구서빙고동 69-170,,,2012,,02-2199-7880,서울특별시 용산구청,2026-06-13
서빙고동494,1,,서울특별시 용산구서빙고동 69-163,,,2023,,02-2199-7880,서울특별시 용산구청,2026-06-13
서빙고동495,1,,서울특별시 용산구서빙고동 69-163,,,2012,,02-2199-7880,서울특별시 용산구청,2026-06-13
서빙고동496,1,,서울특별시 용산구서빙고동 69-163,,,2012,,02-2199-7880,서울특별시 용산구청,2026-06-13
서빙고동497,1,,서울특별시 용산구서빙고동 69-163,,,2012,,02-2199-7880,서울특별시 용산구청,2026-06-13
서빙고동498,1,,서울특별시 용산구서빙고동 69-11,,,2012,,02-2199-7880,서울특별시 용산구청,2026-06-13
서빙고동499,1,,서울특별시 용산구서빙고동 69-163,,,2012,,02-2199-7880,서울특별시 용산구청,2026-06-13
서빙고동5,1,,서울특별시 용산구서빙고동 122-6,,,2012,,02-2199-7880,서울특별시 용산구청,2026-06-13
서빙고동50,1,,서울특별시 용산구서빙고동 50-1,,,2012,,02-2199-7880,서울특별시 용산구청,2026-06-13
서빙고동500,1,,서울특별시 용산구서빙고동 69-163,,,2012,,02-2199-7880,서울특별시 용산구청,2026-06-13
서빙고동501,1,,서울특별시 용산구서빙고동 69-11,,,2021,,02-2199-7880,서울특별시 용산구청,2026-06-13
서빙고동502,1,,서울특별시 용산구서빙고동 69-11,,,2021,,02-2199-7880,서울특별시 용산구청,2026-06-13
서빙고동503,1,,서울특별시 용산구서빙고동 69-11,,,2021,,02-2199-7880,서울특별시 용산구청,2026-06-13
서빙고동504,1,,서울특별시 용산구서빙고동 69-11,,,2021,,02-2199-7880,서울특별시 용산구청,2026-06-13
서빙고동505,1,,서울특별시 용산구서빙고동 69-11,,,2023,,02-2199-7880,서울특별시 용산구청,2026-06-13
서빙고동506,1,,서울특별시 용산구서빙고동 69-11,,,2023,,02-2199-7880,서울특별시 용산구청,2026-06-13
서빙고동507,1,,서울특별시 용산구서빙고동 69-11,,,2023,,02-2199-7880,서울특별시 용산구청,2026-06-13
서빙고동508,1,,서울특별시 용산구서빙고동 69-11,,,2023,,02-2199-7880,서울특별시 용산구청,2026-06-13
서빙고동509,1,,서울특별시 용산구서빙고동 69-11,,,2023,,02-2199-7880,서울특별시 용산구청,2026-06-13
서빙고동51,1,,서울특별시 용산구서빙고동 1-3,,,2012,,02-2199-7880,서울특별시 용산구청,2026-06-13
서빙고동510,1,,서울특별시 용산구서빙고동 301-17,,,2023,,02-2199-7880,서울특별시 용산구청,2026-06-13
서빙고동511,1,,서울특별시 용산구서빙고동 69-11,,,2023,,02-2199-7880,서울특별시 용산구청,2026-06-13
서빙고동512,1,,서울특별시 용산구서빙고동 69-11,,,2023,,02-2199-7880,서울특별시 용산구청,2026-06-13
서빙고동513,1,,서울특별시 용산구서빙고동 301-16,,,2023,,02-2199-7880,서울특별시 용산구청,2026-06-13
서빙고동514,1,,서울특별시 용산구서빙고동 69-174,,,2012,,02-2199-7880,서울특별시 용산구청,2026-06-13
서빙고동515,1,,서울특별시 용산구서빙고동 301-17,,,2023,,02-2199-7880,서울특별시 용산구청,2026-06-13
서빙고동516,1,,서울특별시 용산구서빙고동 69-11,,,2023,,02-2199-7880,서울특별시 용산구청,2026-06-13
서빙고동517,1,,서울특별시 용산구서빙고동 241-43,,,2024,,02-2199-7880,서울특별시 용산구청,2026-06-13
서빙고동518,1,,서울특별시 용산구서빙고동 241-11,,,2024,,02-2199-7880,서울특별시 용산구청,2026-06-13
서빙고동519,1,,서울특별시 용산구서빙고동 241-11,,,2024,,02-2199-7880,서울특별시 용산구청,2026-06-13
서빙고동52,1,,서울특별시 용산구서빙고동 1-3,,,2023,,02-2199-7880,서울특별시 용산구청,2026-06-13
서빙고동520,1,,서울특별시 용산구서빙고동 50,,,2024,,02-2199-7880,서울특별시 용산구청,2026-06-13
서빙고동521,1,,서울특별시 용산구서빙고동 69-11,,,2025,,02-2199-7880,서울특별시 용산구청,2026-06-13
서빙고동522,1,,서울특별시 용산구이촌1동 301-17,,,2025,,02-2199-7880,서울특별시 용산구청,2026-06-13
서빙고동525,1,,서울특별시 용산구서빙고동 69-136,,,2025,,02-2199-7880,서울특별시 용산구청,2026-06-13
서빙고동53,1,,서울특별시 용산구서빙고동 1-3,,,2012,,02-2199-7880,서울특별시 용산구청,2026-06-13
서빙고동54,1,,서울특별시 용산구서빙고동 1-1,,,2012,,02-2199-7880,서울특별시 용산구청,2026-06-13
서빙고동55,1,,서울특별시 용산구서빙고동 7-41,,,2012,,02-2199-7880,서울특별시 용산구청,2026-06-13
서빙고동56,1,,서울특별시 용산구서빙고동 1-3,,,2012,,02-2199-7880,서울특별시 용산구청,2026-06-13
서빙고동57,1,,서울특별시 용산구서빙고동 7-3,,,2012,,02-2199-7880,서울특별시 용산구청,2026-06-13
서빙고동58,1,,서울특별시 용산구서빙고동 7-40,,,2012,,02-2199-7880,서울특별시 용산구청,2026-06-13
서빙고동59,1,,서울특별시 용산구서빙고동 50-1,,,2023,,02-2199-7880,서울특별시 용산구청,2026-06-13
서빙고동6,1,,서울특별시 용산구서빙고동 176,,,2012,,02-2199-7880,서울특별시 용산구청,2026-06-13
서빙고동60,1,,서울특별시 용산구서빙고동 63-1,,,2012,,02-2199-7880,서울특별시 용산구청,2026-06-13
서빙고동61,1,,서울특별시 용산구서빙고동 252-3,,,2012,,02-2199-7880,서울특별시 용산구청,2026-06-13
서빙고동62,1,,서울특별시 용산구서빙고동 252-4,,,2012,,02-2199-7880,서울특별시 용산구청,2026-06-13
서빙고동63,1,,서울특별시 용산구서빙고동 252-12,,,2012,,02-2199-7880,서울특별시 용산구청,2026-06-13
서빙고동64,1,,서울특별시 용산구서빙고동 252-8,,,2012,,02-2199-7880,서울특별시 용산구청,2026-06-13
서빙고동65,1,,서울특별시 용산구서빙고동 251-12,,,2012,,02-2199-7880,서울특별시 용산구청,2026-06-13
서빙고동66,1,,서울특별시 용산구서빙고동 251-12,,,2012,,02-2199-7880,서울특별시 용산구청,2026-06-13
서빙고동67,1,,서울특별시 용산구서빙고동 251-18,,,2012,,02-2199-7880,서울특별시 용산구청,2026-06-13
서빙고동68,1,,서울특별시 용산구서빙고동 251-4,,,2012,,02-2199-7880,서울특별시 용산구청,2026-06-13
서빙고동69,1,,서울특별시 용산구서빙고동 254-1,,,2012,,02-2199-7880,서울특별시 용산구청,2026-06-13
서빙고동7,1,,서울특별시 용산구서빙고동 183-4,,,2012,,02-2199-7880,서울특별시 용산구청,2026-06-13
서빙고동70,1,,서울특별시 용산구서빙고동 253-2,,,2012,,02-2199-7880,서울특별시 용산구청,2026-06-13
서빙고동71,1,,서울특별시 용산구서빙고동 251-20,,,2012,,02-2199-7880,서울특별시 용산구청,2026-06-13
서빙고동72,1,,서울특별시 용산구서빙고동 63,,,2012,,02-2199-7880,서울특별시 용산구청,2026-06-13
서빙고동73,1,,서울특별시 용산구서빙고동 85-1,,,2012,,02-2199-7880,서울특별시 용산구청,2026-06-13
서빙고동74,1,,서울특별시 용산구서빙고동 69,,,2012,,02-2199-7880,서울특별시 용산구청,2026-06-13
서빙고동75,1,,서울특별시 용산구서빙고동 94-1,,,2012,,02-2199-7880,서울특별시 용산구청,2026-06-13
서빙고동76,1,,서울특별시 용산구서빙고동 92-1,,,2012,,02-2199-7880,서울특별시 용산구청,2026-06-13
서빙고동77,1,,서울특별시 용산구서빙고동 242,,,2012,,02-2199-7880,서울특별시 용산구청,2026-06-13
서빙고동78,1,,서울특별시 용산구서빙고동 92-1,,,2012,,02-2199-7880,서울특별시 용산구청,2026-06-13
서빙고동79,1,,서울특별시 용산구서빙고동 240,,,2012,,02-2199-7880,서울특별시 용산구청,2026-06-13
서빙고동8,1,,서울특별시 용산구서빙고동 122-6,,,2022,,02-2199-7880,서울특별시 용산구청,2026-06-13
서빙고동80,1,,서울특별시 용산구서빙고동 239-3,,,2012,,02-2199-7880,서울특별시 용산구청,2026-06-13
서빙고동81,1,,서울특별시 용산구서빙고동 234-7,,,2012,,02-2199-7880,서울특별시 용산구청,2026-06-13
서빙고동82,1,,서울특별시 용산구서빙고동 239-8,,,2012,,02-2199-7880,서울특별시 용산구청,2026-06-13
서빙고동83,1,,서울특별시 용산구서빙고동 239-9,,,2012,,02-2199-7880,서울특별시 용산구청,2026-06-13
서빙고동84,1,,서울특별시 용산구서빙고동 191,,,2012,,02-2199-7880,서울특별시 용산구청,2026-06-13
서빙고동85,1,,서울특별시 용산구서빙고동 194-2,,,2013,,02-2199-7880,서울특별시 용산구청,2026-06-13
서빙고동86,1,,서울특별시 용산구서빙고동 194-4,,,2012,,02-2199-7880,서울특별시 용산구청,2026-06-13
서빙고동87,1,,서울특별시 용산구서빙고동 191-1,,,2012,,02-2199-7880,서울특별시 용산구청,2026-06-13
서빙고동88,1,,서울특별시 용산구서빙고동 196-2,,,2012,,02-2199-7880,서울특별시 용산구청,2026-06-13
서빙고동89,1,,서울특별시 용산구서빙고동 183-4,,,2012,,02-2199-7880,서울특별시 용산구청,2026-06-13
서빙고동9,1,,서울특별시 용산구서빙고동 121-3,,,2012,,02-2199-7880,서울특별시 용산구청,2026-06-13
서빙고동90,1,,서울특별시 용산구서빙고동 184,,,2012,,02-2199-7880,서울특별시 용산구청,2026-06-13
서빙고동91,1,,서울특별시 용산구서빙고동 170,,,2012,,02-2199-7880,서울특별시 용산구청,2026-06-13
서빙고동92,1,,서울특별시 용산구서빙고동 94-1,,,2012,,02-2199-7880,서울특별시 용산구청,2026-06-13
서빙고동93,1,,서울특별시 용산구서빙고동 94-1,,,2012,,02-2199-7880,서울특별시 용산구청,2026-06-13
서빙고동94,1,,서울특별시 용산구서빙고동 159-6,,,2012,,02-2199-7880,서울특별시 용산구청,2026-06-13
서빙고동95,1,,서울특별시 용산구서빙고동 98-1,,,2012,,02-2199-7880,서울특별시 용산구청,2026-06-13
서빙고동96,1,,서울특별시 용산구서빙고동 96-9,,,2012,,02-2199-7880,서울특별시 용산구청,2026-06-13
서빙고동97,1,,서울특별시 용산구서빙고동 159-9,,,2012,,02-2199-7880,서울특별시 용산구청,2026-06-13
서빙고동98,1,,서울특별시 용산구서빙고동 182-4,,,2012,,02-2199-7880,서울특별시 용산구청,2026-06-13
서빙고동99,1,,서울특별시 용산구서빙고동 185-1,,,2023,,02-2199-7880,서울특별시 용산구청,2026-06-13
용문동1,1,,서울특별시 용산구용문동 23,,,2012,,02-2199-7880,서울특별시 용산구청,2026-06-13
용문동10,1,,서울특별시 용산구용문동 23,,,2012,,02-2199-7880,서울특별시 용산구청,2026-06-13
용문동100,1,,서울특별시 용산구용문동 36-17,,,2012,,02-2199-7880,서울특별시 용산구청,2026-06-13
용문동101,1,,서울특별시 용산구용문동 37-5,,,2018,,02-2199-7880,서울특별시 용산구청,2026-06-13
용문동102,1,,서울특별시 용산구용문동 37-5,,,2012,,02-2199-7880,서울특별시 용산구청,2026-06-13
용문동103,1,,서울특별시 용산구용문동 37-5,,,2012,,02-2199-7880,서울특별시 용산구청,2026-06-13
용문동104,1,,서울특별시 용산구용문동 32-201,,,2012,,02-2199-7880,서울특별시 용산구청,2026-06-13
용문동105,1,,서울특별시 용산구용문동 32-201,,,2012,,02-2199-7880,서울특별시 용산구청,2026-06-13
용문동106,1,,서울특별시 용산구용문동 38-4,,,2021,,02-2199-7880,서울특별시 용산구청,2026-06-13
용문동107,1,,서울특별시 용산구용문동 38-2,,,2022,,02-2199-7880,서울특별시 용산구청,2026-06-13
용문동108,1,,서울특별시 용산구용문동 38-93,,,2022,,02-2199-7880,서울특별시 용산구청,2026-06-13
용문동109,1,,서울특별시 용산구용문동 38-214,,,2021,,02-2199-7880,서울특별시 용산구청,2026-06-13
용문동11,1,,서울특별시 용산구용문동 19,,,2021,,02-2199-7880,서울특별시 용산구청,2026-06-13
용문동110,1,,서울특별시 용산구용문동 38-93,,,2021,,02-2199-7880,서울특별시 용산구청,2026-06-13
용문동111,1,,서울특별시 용산구용문동 38-213,,,2021,,02-2199-7880,서울특별시 용산구청,2026-06-13
용문동112,1,,서울특별시 용산구용문동 38-227,,,2021,,02-2199-7880,서울특별시 용산구청,2026-06-13
용문동113,1,,서울특별시 용산구용문동 38-225,,,2021,,02-2199-7880,서울특별시 용산구청,2026-06-13
용문동114,1,,서울특별시 용산구용문동 38-233,,,2021,,02-2199-7880,서울특별시 용산구청,2026-06-13
용문동115,1,,서울특별시 용산구용문동 38-140,,,2021,,02-2199-7880,서울특별시 용산구청,2026-06-13
용문동116,1,,서울특별시 용산구용문동 38-197,,,2021,,02-2199-7880,서울특별시 용산구청,2026-06-13
용문동117,1,,서울특별시 용산구용문동 38-140,,,2021,,02-2199-7880,서울특별시 용산구청,2026-06-13
용문동118,1,,서울특별시 용산구용문동 38-140,,,2023,,02-2199-7880,서울특별시 용산구청,2026-06-13
용문동119,1,,서울특별시 용산구용문동 38-2,,,2021,,02-2199-7880,서울특별시 용산구청,2026-06-13
용문동12,1,,서울특별시 용산구용문동 23,,,2012,,02-2199-7880,서울특별시 용산구청,2026-06-13
용문동120,1,,서울특별시 용산구용문동 38-2,,,2021,,02-2199-7880,서울특별시 용산구청,2026-06-13
용문동121,1,,서울특별시 용산구용문동 38-2,,,2021,,02-2199-7880,서울특별시 용산구청,2026-06-13
용문동122,1,,서울특별시 용산구용문동 38-141,,,2022,,02-2199-7880,서울특별시 용산구청,2026-06-13
용문동123,1,,서울특별시 용산구용문동 38-147,,,2013,,02-2199-7880,서울특별시 용산구청,2026-06-13
용문동124,1,,서울특별시 용산구용문동 38-141,,,2021,,02-2199-7880,서울특별시 용산구청,2026-06-13
용문동125,1,,서울특별시 용산구용문동 38-93,,,2021,,02-2199-7880,서울특별시 용산구청,2026-06-13
용문동126,1,,서울특별시 용산구용문동 38-141,,,2021,,02-2199-7880,서울특별시 용산구청,2026-06-13
용문동127,1,,서울특별시 용산구용문동 38-93,,,2021,,02-2199-7880,서울특별시 용산구청,2026-06-13
용문동128,1,,서울특별시 용산구용문동 38-93,,,2021,,02-2199-7880,서울특별시 용산구청,2026-06-13
용문동129,1,,서울특별시 용산구용문동 38-93,,,2021,,02-2199-7880,서울특별시 용산구청,2026-06-13
용문동13,1,,서울특별시 용산구용문동 23,,,2012,,02-2199-7880,서울특별시 용산구청,2026-06-13
용문동130,1,,서울특별시 용산구용문동 38-93,,,2021,,02-2199-7880,서울특별시 용산구청,2026-06-13
용문동131,1,,서울특별시 용산구용문동 38-93,,,2021,,02-2199-7880,서울특별시 용산구청,2026-06-13
용문동132,1,,서울특별시 용산구용문동 38-152,,,2023,,02-2199-7880,서울특별시 용산구청,2026-06-13
용문동133,1,,서울특별시 용산구용문동 38-93,,,2023,,02-2199-7880,서울특별시 용산구청,2026-06-13
용문동134,1,,서울특별시 용산구용문동 38-12,,,2021,,02-2199-7880,서울특별시 용산구청,2026-06-13
용문동135,1,,서울특별시 용산구용문동 38-236,,,2021,,02-2199-7880,서울특별시 용산구청,2026-06-13
용문동136,1,,서울특별시 용산구용문동 38-236,,,2021,,02-2199-7880,서울특별시 용산구청,2026-06-13
용문동137,1,,서울특별시 용산구용문동 38-236,,,2021,,02-2199-7880,서울특별시 용산구청,2026-06-13
용문동138,1,,서울특별시 용산구용문동 38-239,,,2021,,02-2199-7880,서울특별시 용산구청,2026-06-13
용문동139,1,,서울특별시 용산구용문동 38-236,,,2021,,02-2199-7880,서울특별시 용산구청,2026-06-13
용문동14,1,,서울특별시 용산구용문동 19,,,2012,,02-2199-7880,서울특별시 용산구청,2026-06-13
용문동140,1,,서울특별시 용산구용문동 38-236,,,2021,,02-2199-7880,서울특별시 용산구청,2026-06-13
용문동141,1,,서울특별시 용산구용문동 38-236,,,2021,,02-2199-7880,서울특별시 용산구청,2026-06-13
용문동142,1,,서울특별시 용산구용문동 38-236,,,2021,,02-2199-7880,서울특별시 용산구청,2026-06-13
용문동143,1,,서울특별시 용산구용문동 38-236,,,2023,,02-2199-7880,서울특별시 용산구청,2026-06-13
용문동144,1,,서울특별시 용산구용문동 3-6,,,2012,,02-2199-7880,서울특별시 용산구청,2026-06-13
용문동145,1,,서울특별시 용산구용문동 29,,,2012,,02-2199-7880,서울특별시 용산구청,2026-06-13
용문동146,1,,서울특별시 용산구용문동 7-2,,,2012,,02-2199-7880,서울특별시 용산구청,2026-06-13
용문동147,1,,서울특별시 용산구용문동 7-2,,,2012,,02-2199-7880,서울특별시 용산구청,2026-06-13
용문동148,1,,서울특별시 용산구용문동 7-2,,,2012,,02-2199-7880,서울특별시 용산구청,2026-06-13
용문동149,1,,서울특별시 용산구용문동 7-2,,,2012,,02-2199-7880,서울특별시 용산구청,2026-06-13
용문동15,1,,서울특별시 용산구용문동 19,,,2012,,02-2199-7880,서울특별시 용산구청,2026-06-13
용문동150,1,,서울특별시 용산구용문동 7-2,,,2012,,02-2199-7880,서울특별시 용산구청,2026-06-13
용문동151,1,,서울특별시 용산구용문동 32-48,,,2012,,02-2199-7880,서울특별시 용산구청,2026-06-13
용문동152,1,,서울특별시 용산구용문동 32-48,,,2012,,02-2199-7880,서울특별시 용산구청,2026-06-13
용문동153,1,,서울특별시 용산구용문동 32-17,,,2012,,02-2199-7880,서울특별시 용산구청,2026-06-13
용문동154,1,,서울특별시 용산구용문동 29-51,,,2012,,02-2199-7880,서울특별시 용산구청,2026-06-13
용문동155,1,,서울특별시 용산구용문동 32-2,,,2016,,02-2199-7880,서울특별시 용산구청,2026-06-13
용문동156,1,,서울특별시 용산구용문동 32-17,,,2012,,02-2199-7880,서울특별시 용산구청,2026-06-13
용문동157,1,,서울특별시 용산구용문동 29-19,,,2012,,02-2199-7880,서울특별시 용산구청,2026-06-13
용문동158,1,,서울특별시 용산구용문동 29-20,,,2012,,02-2199-7880,서울특별시 용산구청,2026-06-13
용문동159,1,,서울특별시 용산구용문동 28-4,,,2012,,02-2199-7880,서울특별시 용산구청,2026-06-13
용문동16,1,,서울특별시 용산구용문동 19,,,2013,,02-2199-7880,서울특별시 용산구청,2026-06-13
용문동160,1,,서울특별시 용산구용문동 28-4,,,2012,,02-2199-7880,서울특별시 용산구청,2026-06-13
용문동161,1,,서울특별시 용산구용문동 29-33,,,2012,,02-2199-7880,서울특별시 용산구청,2026-06-13
용문동162,1,,서울특별시 용산구용문동 28-5,,,2012,,02-2199-7880,서울특별시 용산구청,2026-06-13
용문동163,1,,서울특별시 용산구용문동 6-17,,,2012,,02-2199-7880,서울특별시 용산구청,2026-06-13
용문동164,1,,서울특별시 용산구용문동 6-2,,,2012,,02-2199-7880,서울특별시 용산구청,2026-06-13
용문동165,1,,서울특별시 용산구용문동 5-11,,,2012,,02-2199-7880,서울특별시 용산구청,2026-06-13
용문동166,1,,서울특별시 용산구용문동 31,,,2012,,02-2199-7880,서울특별시 용산구청,2026-06-13
용문동167,1,,서울특별시 용산구용문동 31,,,2012,,02-2199-7880,서울특별시 용산구청,2026-06-13
용문동168,1,,서울특별시 용산구용문동 29-15,,,2012,,02-2199-7880,서울특별시 용산구청,2026-06-13
용문동169,1,,서울특별시 용산구용문동 5-11,,,2012,,02-2199-7880,서울특별시 용산구청,2026-06-13
용문동17,1,,서울특별시 용산구용문동 38-118,,,2012,,02-2199-7880,서울특별시 용산구청,2026-06-13
용문동170,1,,서울특별시 용산구용문동 5-11,,,2012,,02-2199-7880,서울특별시 용산구청,2026-06-13
용문동171,1,,서울특별시 용산구용문동 5-8,,,2012,,02-2199-7880,서울특별시 용산구청,2026-06-13
용문동172,1,,서울특별시 용산구용문동 5-6,,,2012,,02-2199-7880,서울특별시 용산구청,2026-06-13
용문동173,1,,서울특별시 용산구용문동 5-5,,,2018,,02-2199-7880,서울특별시 용산구청,2026-06-13
용문동174,1,,서울특별시 용산구용문동 5-4,,,2012,,02-2199-7880,서울특별시 용산구청,2026-06-13
용문동175,1,,서울특별시 용산구용문동 5-30,,,2012,,02-2199-7880,서울특별시 용산구청,2026-06-13
용문동176,1,,서울특별시 용산구용문동 5-2,,,2012,,02-2199-7880,서울특별시 용산구청,2026-06-13
용문동177,1,,서울특별시 용산구용문동 5-27,,,2016,,02-2199-7880,서울특별시 용산구청,2026-06-13
용문동178,1,,서울특별시 용산구용문동 5-174,,,2012,,02-2199-7880,서울특별시 용산구청,2026-06-13
용문동179,1,,서울특별시 용산구용문동 5-174,,,2012,,02-2199-7880,서울특별시 용산구청,2026-06-13
용문동18,1,,서울특별시 용산구용문동 38-9,,,2018,,02-2199-7880,서울특별시 용산구청,2026-06-13
용문동180,1,,서울특별시 용산구용문동 2-46,,,2012,,02-2199-7880,서울특별시 용산구청,2026-06-13
용문동181,1,,서울특별시 용산구용문동 2-48,,,2012,,02-2199-7880,서울특별시 용산구청,2026-06-13
용문동182,1,,서울특별시 용산구용문동 2-47,,,2012,,02-2199-7880,서울특별시 용산구청,2026-06-13
용문동183,1,,서울특별시 용산구용문동 2-8,,,2012,,02-2199-7880,서울특별시 용산구청,2026-06-13
용문동184,1,,서울특별시 용산구용문동 2-25,,,2012,,02-2199-7880,서울특별시 용산구청,2026-06-13
용문동185,1,,서울특별시 용산구용문동 2-8,,,2012,,02-2199-7880,서울특별시 용산구청,2026-06-13
용문동186,1,,서울특별시 용산구용문동 2-24,,,2012,,02-2199-7880,서울특별시 용산구청,2026-06-13
용문동187,1,,서울특별시 용산구용문동 2-8,,,2012,,02-2199-7880,서울특별시 용산구청,2026-06-13
용문동188,1,,서울특별시 용산구용문동 3-5,,,2012,,02-2199-7880,서울특별시 용산구청,2026-06-13
용문동189,1,,서울특별시 용산구용문동 3-5,,,2022,,02-2199-7880,서울특별시 용산구청,2026-06-13
용문동19,1,,서울특별시 용산구용문동 38-89,,,2021,,02-2199-7880,서울특별시 용산구청,2026-06-13
용문동190,1,,서울특별시 용산구용문동 5-174,,,2016,,02-2199-7880,서울특별시 용산구청,2026-06-13
용문동191,1,,서울특별시 용산구용문동 4-6,,,2012,,02-2199-7880,서울특별시 용산구청,2026-06-13
용문동192,1,,서울특별시 용산구용문동 1-33,,,2012,,02-2199-7880,서울특별시 용산구청,2026-06-13
용문동193,1,,서울특별시 용산구용문동 4-6,,,2012,,02-2199-7880,서울특별시 용산구청,2026-06-13
용문동194,1,,서울특별시 용산구용문동 5-122,,,2012,,02-2199-7880,서울특별시 용산구청,2026-06-13
용문동195,1,,서울특별시 용산구용문동 5-224,,,2012,,02-2199-7880,서울특별시 용산구청,2026-06-13
용문동196,1,,서울특별시 용산구용문동 5-224,,,2012,,02-2199-7880,서울특별시 용산구청,2026-06-13
용문동197,1,,서울특별시 용산구용문동 5-224,,,2012,,02-2199-7880,서울특별시 용산구청,2026-06-13
용문동198,1,,서울특별시 용산구용문동 5-24,,,2019,,02-2199-7880,서울특별시 용산구청,2026-06-13
용문동199,1,,서울특별시 용산구용문동 1-50,,,2012,,02-2199-7880,서울특별시 용산구청,2026-06-13
용문동2,1,,서울특별시 용산구용문동 19,,,2012,,02-2199-7880,서울특별시 용산구청,2026-06-13
용문동20,1,,서울특별시 용산구용문동 38-129,,,2021,,02-2199-7880,서울특별시 용산구청,2026-06-13
용문동200,1,,서울특별시 용산구용문동 1-98,,,2012,,02-2199-7880,서울특별시 용산구청,2026-06-13
용문동201,1,,서울특별시 용산구용문동 8-179,,,2012,,02-2199-7880,서울특별시 용산구청,2026-06-13
용문동202,1,,서울특별시 용산구용문동 8-19,,,2012,,02-2199-7880,서울특별시 용산구청,2026-06-13
용문동203,1,,서울특별시 용산구용문동 8-8,,,2012,,02-2199-7880,서울특별시 용산구청,2026-06-13
용문동204,1,,서울특별시 용산구용문동 8-19,,,2019,,02-2199-7880,서울특별시 용산구청,2026-06-13
용문동205,1,,서울특별시 용산구용문동 6-2,,,2012,,02-2199-7880,서울특별시 용산구청,2026-06-13
용문동206,1,,서울특별시 용산구용문동 8-109,,,2012,,02-2199-7880,서울특별시 용산구청,2026-06-13
용문동207,1,,서울특별시 용산구용문동 6-2,,,2012,,02-2199-7880,서울특별시 용산구청,2026-06-13
용문동208,1,,서울특별시 용산구용문동 8-57,,,2012,,02-2199-7880,서울특별시 용산구청,2026-06-13
용문동209,1,,서울특별시 용산구용문동 8-19,,,2012,,02-2199-7880,서울특별시 용산구청,2026-06-13
용문동21,1,,서울특별시 용산구용문동 38-89,,,2021,,02-2199-7880,서울특별시 용산구청,2026-06-13
용문동210,1,,서울특별시 용산구용문동 8-19,,,2012,,02-2199-7880,서울특별시 용산구청,2026-06-13
용문동211,1,,서울특별시 용산구용문동 8-19,,,2012,,02-2199-7880,서울특별시 용산구청,2026-06-13
용문동212,1,,서울특별시 용산구용문동 8-206,,,2012,,02-2199-7880,서울특별시 용산구청,2026-06-13
용문동213,1,,서울특별시 용산구용문동 8-19,,,2012,,02-2199-7880,서울특별시 용산구청,2026-06-13
용문동214,1,,서울특별시 용산구용문동 8-19,,,2012,,02-2199-7880,서울특별시 용산구청,2026-06-13
용문동215,1,,서울특별시 용산구용문동 8-134,,,2014,,02-2199-7880,서울특별시 용산구청,2026-06-13
용문동216,1,,서울특별시 용산구용문동 8-19,,,2012,,02-2199-7880,서울특별시 용산구청,2026-06-13
용문동217,1,,서울특별시 용산구용문동 8-19,,,2012,,02-2199-7880,서울특별시 용산구청,2026-06-13
용문동218,1,,서울특별시 용산구용문동 8-19,,,2012,,02-2199-7880,서울특별시 용산구청,2026-06-13
용문동219,1,,서울특별시 용산구용문동 8-19,,,2012,,02-2199-7880,서울특별시 용산구청,2026-06-13
용문동22,1,,서울특별시 용산구용문동 38-89,,,2021,,02-2199-7880,서울특별시 용산구청,2026-06-13
용문동220,1,,서울특별시 용산구용문동 8-19,,,2012,,02-2199-7880,서울특별시 용산구청,2026-06-13
용문동221,1,,서울특별시 용산구용문동 8-172,,,2012,,02-2199-7880,서울특별시 용산구청,2026-06-13
용문동222,1,,서울특별시 용산구용문동 12-5,,,2012,,02-2199-7880,서울특별시 용산구청,2026-06-13
용문동223,1,,서울특별시 용산구용문동 12-5,,,2012,,02-2199-7880,서울특별시 용산구청,2026-06-13
용문동224,1,,서울특별시 용산구용문동 15-9,,,2012,,02-2199-7880,서울특별시 용산구청,2026-06-13
용문동225,1,,서울특별시 용산구용문동 12-15,,,2012,,02-2199-7880,서울특별시 용산구청,2026-06-13
용문동226,1,,서울특별시 용산구용문동 13,,,2016,,02-2199-7880,서울특별시 용산구청,2026-06-13
용문동227,1,,서울특별시 용산구용문동 18-17,,,2012,,02-2199-7880,서울특별시 용산구청,2026-06-13
용문동228,1,,서울특별시 용산구용문동 18-6,,,2012,,02-2199-7880,서울특별시 용산구청,2026-06-13
용문동229,1,,서울특별시 용산구용문동 15-15,,,2012,,02-2199-7880,서울특별시 용산구청,2026-06-13
용문동23,1,,서울특별시 용산구용문동 38-89,,,2021,,02-2199-7880,서울특별시 용산구청,2026-06-13
용문동230,1,,서울특별시 용산구용문동 15-15,,,2020,,02-2199-7880,서울특별시 용산구청,2026-06-13
용문동231,1,,서울특별시 용산구용문동 15-1,,,2012,,02-2199-7880,서울특별시 용산구청,2026-06-13
용문동232,1,,서울특별시 용산구용문동 12-10,,,2012,,02-2199-7880,서울특별시 용산구청,2026-06-13
용문동233,1,,서울특별시 용산구용문동 12-16,,,2012,,02-2199-7880,서울특별시 용산구청,2026-06-13
용문동234,1,,서울특별시 용산구용문동 12-16,,,2012,,02-2199-7880,서울특별시 용산구청,2026-06-13
용문동235,1,,서울특별시 용산구용문동 1-109,,,2012,,02-2199-7880,서울특별시 용산구청,2026-06-13
용문동236,1,,서울특별시 용산구용문동 1-139,,,2012,,02-2199-7880,서울특별시 용산구청,2026-06-13
용문동237,1,,서울특별시 용산구용문동 78-39,,,2012,,02-2199-7880,서울특별시 용산구청,2026-06-13
용문동238,1,,서울특별시 용산구용문동 1-33,,,2012,,02-2199-7880,서울특별시 용산구청,2026-06-13
용문동239,1,,서울특별시 용산구용문동 1-33,,,2012,,02-2199-7880,서울특별시 용산구청,2026-06-13
용문동24,1,,서울특별시 용산구용문동 38-89,,,2021,,02-2199-7880,서울특별시 용산구청,2026-06-13
용문동240,1,,서울특별시 용산구용문동 1-121,,,2012,,02-2199-7880,서울특별시 용산구청,2026-06-13
용문동241,1,,서울특별시 용산구용문동 1-115,,,2018,,02-2199-7880,서울특별시 용산구청,2026-06-13
용문동242,1,,서울특별시 용산구용문동 1-115,,,2012,,02-2199-7880,서울특별시 용산구청,2026-06-13
용문동243,1,,서울특별시 용산구용문동 1-115,,,2012,,02-2199-7880,서울특별시 용산구청,2026-06-13
용문동244,1,,서울특별시 용산구용문동 1-129,,,2012,,02-2199-7880,서울특별시 용산구청,2026-06-13
용문동245,1,,서울특별시 용산구용문동 1-117,,,2022,,02-2199-7880,서울특별시 용산구청,2026-06-13
용문동246,1,,서울특별시 용산구용문동 2-44,,,2012,,02-2199-7880,서울특별시 용산구청,2026-06-13
용문동247,1,,서울특별시 용산구용문동 2-43,,,2012,,02-2199-7880,서울특별시 용산구청,2026-06-13
용문동248,1,,서울특별시 용산구용문동 1-87,,,2012,,02-2199-7880,서울특별시 용산구청,2026-06-13
용문동249,1,,서울특별시 용산구용문동 1-87,,,2012,,02-2199-7880,서울특별시 용산구청,2026-06-13
용문동25,1,,서울특별시 용산구용문동 38-89,,,2021,,02-2199-7880,서울특별시 용산구청,2026-06-13
용문동250,1,,서울특별시 용산구용문동 1-80,,,2012,,02-2199-7880,서울특별시 용산구청,2026-06-13
용문동251,1,,서울특별시 용산구용문동 1-90,,,2012,,02-2199-7880,서울특별시 용산구청,2026-06-13
용문동252,1,,서울특별시 용산구용문동 1-98,,,2016,,02-2199-7880,서울특별시 용산구청,2026-06-13
용문동253,1,,서울특별시 용산구용문동 1-98,,,2016,,02-2199-7880,서울특별시 용산구청,2026-06-13
용문동254,1,,서울특별시 용산구용문동 1-50,,,2012,,02-2199-7880,서울특별시 용산구청,2026-06-13
용문동255,1,,서울특별시 용산구용문동 1-87,,,2012,,02-2199-7880,서울특별시 용산구청,2026-06-13
용문동256,1,,서울특별시 용산구용문동 1-62,,,2012,,02-2199-7880,서울특별시 용산구청,2026-06-13
용문동257,1,,서울특별시 용산구용문동 1-77,,,2012,,02-2199-7880,서울특별시 용산구청,2026-06-13
용문동258,1,,서울특별시 용산구용문동 1-87,,,2012,,02-2199-7880,서울특별시 용산구청,2026-06-13
용문동259,1,,서울특별시 용산구용문동 9-2,,,2012,,02-2199-7880,서울특별시 용산구청,2026-06-13
용문동26,1,,서울특별시 용산구용문동 38-163,,,2021,,02-2199-7880,서울특별시 용산구청,2026-06-13
용문동260,1,,서울특별시 용산구용문동 9-2,,,2012,,02-2199-7880,서울특별시 용산구청,2026-06-13
용문동261,1,,서울특별시 용산구용문동 25-15,,,2012,,02-2199-7880,서울특별시 용산구청,2026-06-13
용문동262,1,,서울특별시 용산구용문동 25-16,,,2012,,02-2199-7880,서울특별시 용산구청,2026-06-13
용문동263,1,,서울특별시 용산구용문동 25-45,,,2012,,02-2199-7880,서울특별시 용산구청,2026-06-13
용문동264,1,,서울특별시 용산구용문동 21-3,,,2012,,02-2199-7880,서울특별시 용산구청,2026-06-13
용문동265,1,,서울특별시 용산구용문동 20,,,2012,,02-2199-7880,서울특별시 용산구청,2026-06-13
용문동266,1,,서울특별시 용산구용문동 89-2,,,2012,,02-2199-7880,서울특별시 용산구청,2026-06-13
용문동267,1,,서울특별시 용산구용문동 88-11,,,2012,,02-2199-7880,서울특별시 용산구청,2026-06-13
용문동268,1,,서울특별시 용산구용문동 9-2,,,2012,,02-2199-7880,서울특별시 용산구청,2026-06-13
용문동269,1,,서울특별시 용산구용문동 23-18,,,2012,,02-2199-7880,서울특별시 용산구청,2026-06-13
용문동27,1,,서울특별시 용산구용문동 38-163,,,2021,,02-2199-7880,서울특별시 용산구청,2026-06-13
용문동270,1,,서울특별시 용산구용문동 23-17,,,2012,,02-2199-7880,서울특별시 용산구청,2026-06-13
용문동271,1,,서울특별시 용산구용문동 28-18,,,2012,,02-2199-7880,서울특별시 용산구청,2026-06-13
용문동272,1,,서울특별시 용산구용문동 9-2,,,2012,,02-2199-7880,서울특별시 용산구청,2026-06-13
용문동273,1,,서울특별시 용산구용문동 27-9,,,2012,,02-2199-7880,서울특별시 용산구청,2026-06-13
용문동274,1,,서울특별시 용산구용문동 93,,,2012,,02-2199-7880,서울특별시 용산구청,2026-06-13
용문동275,1,,서울특별시 용산구용문동 93,,,2012,,02-2199-7880,서울특별시 용산구청,2026-06-13
용문동276,1,,서울특별시 용산구용문동 93,,,2012,,02-2199-7880,서울특별시 용산구청,2026-06-13
용문동277,1,,서울특별시 용산구용문동 54-6,,,2012,,02-2199-7880,서울특별시 용산구청,2026-06-13
용문동278,1,,서울특별시 용산구용문동 52-2,,,2012,,02-2199-7880,서울특별시 용산구청,2026-06-13
용문동279,1,,서울특별시 용산구용문동 52-3,,,2012,,02-2199-7880,서울특별시 용산구청,2026-06-13
용문동28,1,,서울특별시 용산구용문동 38-87,,,2018,,02-2199-7880,서울특별시 용산구청,2026-06-13
용문동280,1,,서울특별시 용산구용문동 94,,,2012,,02-2199-7880,서울특별시 용산구청,2026-06-13
용문동281,1,,서울특별시 용산구용문동 94,,,2014,,02-2199-7880,서울특별시 용산구청,2026-06-13
용문동282,1,,서울특별시 용산구용문동 94,,,2012,,02-2199-7880,서울특별시 용산구청,2026-06-13
용문동283,1,,서울특별시 용산구용문동 48,,,2012,,02-2199-7880,서울특별시 용산구청,2026-06-13
용문동284,1,,서울특별시 용산구용문동 94,,,2012,,02-2199-7880,서울특별시 용산구청,2026-06-13
용문동285,1,,서울특별시 용산구용문동 45-1,,,2012,,02-2199-7880,서울특별시 용산구청,2026-06-13
용문동286,1,,서울특별시 용산구용문동 45-2,,,2012,,02-2199-7880,서울특별시 용산구청,2026-06-13
용문동287,1,,서울특별시 용산구용문동 43-7,,,2012,,02-2199-7880,서울특별시 용산구청,2026-06-13
용문동288,1,,서울특별시 용산구용문동 94,,,2012,,02-2199-7880,서울특별시 용산구청,2026-06-13
용문동289,1,,서울특별시 용산구용문동 94,,,2012,,02-2199-7880,서울특별시 용산구청,2026-06-13
용문동29,1,,서울특별시 용산구용문동 38-269,,,2021,,02-2199-7880,서울특별시 용산구청,2026-06-13
용문동290,1,,서울특별시 용산구용문동 1-126,,,2012,,02-2199-7880,서울특별시 용산구청,2026-06-13
용문동291,1,,서울특별시 용산구용문동 296,,,2012,,02-2199-7880,서울특별시 용산구청,2026-06-13
용문동292,1,,서울특별시 용산구용문동 42-9,,,2012,,02-2199-7880,서울특별시 용산구청,2026-06-13
용문동293,1,,서울특별시 용산구용문동 42-8,,,2012,,02-2199-7880,서울특별시 용산구청,2026-06-13
용문동294,1,,서울특별시 용산구용문동 44-1,,,2015,,02-2199-7880,서울특별시 용산구청,2026-06-13
용문동295,1,,서울특별시 용산구용문동 42-32,,,2015,,02-2199-7880,서울특별시 용산구청,2026-06-13
용문동296,1,,서울특별시 용산구용문동 42-30,,,2016,,02-2199-7880,서울특별시 용산구청,2026-06-13
용문동297,1,,서울특별시 용산구용문동 42-24,,,2015,,02-2199-7880,서울특별시 용산구청,2026-06-13
용문동298,1,,서울특별시 용산구용문동 42-56,,,2012,,02-2199-7880,서울특별시 용산구청,2026-06-13
용문동299,1,,서울특별시 용산구용문동 42-83,,,2012,,02-2199-7880,서울특별시 용산구청,2026-06-13
용문동3,1,,서울특별시 용산구용문동 23,,,2012,,02-2199-7880,서울특별시 용산구청,2026-06-13
용문동30,1,,서울특별시 용산구용문동 38-105,,,2021,,02-2199-7880,서울특별시 용산구청,2026-06-13
용문동300,1,,서울특별시 용산구용문동 42-83,,,2016,,02-2199-7880,서울특별시 용산구청,2026-06-13
용문동301,1,,서울특별시 용산구용문동 26-1,,,2012,,02-2199-7880,서울특별시 용산구청,2026-06-13
용문동302,1,,서울특별시 용산구용문동 41-30,,,2012,,02-2199-7880,서울특별시 용산구청,2026-06-13
용문동303,1,,서울특별시 용산구용문동 27-14,,,2012,,02-2199-7880,서울특별시 용산구청,2026-06-13
용문동304,1,,서울특별시 용산구용문동 26,,,2012,,02-2199-7880,서울특별시 용산구청,2026-06-13
용문동305,1,,서울특별시 용산구용문동 26,,,2012,,02-2199-7880,서울특별시 용산구청,2026-06-13
용문동306,1,,서울특별시 용산구용문동 25-10,,,2012,,02-2199-7880,서울특별시 용산구청,2026-06-13
용문동307,1,,서울특별시 용산구용문동 25-10,,,2012,,02-2199-7880,서울특별시 용산구청,2026-06-13
용문동308,1,,서울특별시 용산구용문동 25-30,,,2012,,02-2199-7880,서울특별시 용산구청,2026-06-13
용문동309,1,,서울특별시 용산구용문동 25-29,,,2015,,02-2199-7880,서울특별시 용산구청,2026-06-13
용문동31,1,,서울특별시 용산구용문동 38-89,,,2021,,02-2199-7880,서울특별시 용산구청,2026-06-13
용문동32,1,,서울특별시 용산구용문동 38-89,,,2021,,02-2199-7880,서울특별시 용산구청,2026-06-13
용문동33,1,,서울특별시 용산구용문동 38-89,,,2021,,02-2199-7880,서울특별시 용산구청,2026-06-13
용문동34,1,,서울특별시 용산구용문동 38-89,,,2018,,02-2199-7880,서울특별시 용산구청,2026-06-13
용문동340,1,,서울특별시 용산구용문동 38-89,,,2023,,02-2199-7880,서울특별시 용산구청,2026-06-13
용문동341,1,,서울특별시 용산구용문동 38-89,,,2023,,02-2199-7880,서울특별시 용산구청,2026-06-13
용문동344,1,,서울특별시 용산구용문동 12-10,,,2024,,02-2199-7880,서울특별시 용산구청,2026-06-13
용문동345,1,,서울특별시 용산구용문동 54-6,,,2024,,02-2199-7880,서울특별시 용산구청,2026-06-13
용문동346,1,,서울특별시 용산구용문동 38-203,,,2024,,02-2199-7880,서울특별시 용산구청,2026-06-13
용문동347,1,,서울특별시 용산구용문동 50,,,2024,,02-2199-7880,서울특별시 용산구청,2026-06-13
용문동348,1,,서울특별시 용산구용문동 1-102,,,2024,,02-2199-7880,서울특별시 용산구청,2026-06-13
용문동349,1,,서울특별시 용산구용문동 41-12,,,2024,,02-2199-7880,서울특별시 용산구청,2026-06-13
용문동35,1,,서울특별시 용산구용문동 38-89,,,2021,,02-2199-7880,서울특별시 용산구청,2026-06-13
용문동351,1,,서울특별시 용산구용문동 11-1,,,2022,,02-2199-7880,서울특별시 용산구청,2026-06-13
용문동353,1,,서울특별시 용산구용문동 11-1,,,2022,,02-2199-7880,서울특별시 용산구청,2026-06-13
용문동36,1,,서울특별시 용산구용문동 38-12,,,2012,,02-2199-7880,서울특별시 용산구청,2026-06-13
용문동37,1,,서울특별시 용산구용문동 38-12,,,2021,,02-2199-7880,서울특별시 용산구청,2026-06-13
용문동38,1,,서울특별시 용산구용문동 38-12,,,2021,,02-2199-7880,서울특별시 용산구청,2026-06-13
용문동39,1,,서울특별시 용산구용문동 38-37,,,2021,,02-2199-7880,서울특별시 용산구청,2026-06-13
용문동4,1,,서울특별시 용산구용문동 23,,,2012,,02-2199-7880,서울특별시 용산구청,2026-06-13
용문동40,1,,서울특별시 용산구용문동 38-37,,,2021,,02-2199-7880,서울특별시 용산구청,2026-06-13
용문동41,1,,서울특별시 용산구용문동 38-37,,,2021,,02-2199-7880,서울특별시 용산구청,2026-06-13
용문동42,1,,서울특별시 용산구용문동 38-35,,,2012,,02-2199-7880,서울특별시 용산구청,2026-06-13
용문동43,1,,서울특별시 용산구용문동 38-48,,,2021,,02-2199-7880,서울특별시 용산구청,2026-06-13
용문동44,1,,서울특별시 용산구용문동 38-46,,,2021,,02-2199-7880,서울특별시 용산구청,2026-06-13
용문동45,1,,서울특별시 용산구용문동 38-35,,,2015,,02-2199-7880,서울특별시 용산구청,2026-06-13
용문동46,1,,서울특별시 용산구용문동 38-12,,,2021,,02-2199-7880,서울특별시 용산구청,2026-06-13
용문동47,1,,서울특별시 용산구용문동 38-12,,,2021,,02-2199-7880,서울특별시 용산구청,2026-06-13
용문동48,1,,서울특별시 용산구용문동 38-12,,,2021,,02-2199-7880,서울특별시 용산구청,2026-06-13
용문동49,1,,서울특별시 용산구용문동 38-12,,,2021,,02-2199-7880,서울특별시 용산구청,2026-06-13
용문동5,1,,서울특별시 용산구용문동 23,,,2012,,02-2199-7880,서울특별시 용산구청,2026-06-13
용문동50,1,,서울특별시 용산구용문동 38-12,,,2021,,02-2199-7880,서울특별시 용산구청,2026-06-13
용문동51,1,,서울특별시 용산구용문동 38-12,,,2021,,02-2199-7880,서울특별시 용산구청,2026-06-13
용문동52,1,,서울특별시 용산구용문동 38-12,,,2021,,02-2199-7880,서울특별시 용산구청,2026-06-13
용문동53,1,,서울특별시 용산구용문동 38-93,,,2021,,02-2199-7880,서울특별시 용산구청,2026-06-13
용문동54,1,,서울특별시 용산구용문동 38-93,,,2021,,02-2199-7880,서울특별시 용산구청,2026-06-13
용문동55,1,,서울특별시 용산구용문동 38-93,,,2021,,02-2199-7880,서울특별시 용산구청,2026-06-13
용문동56,1,,서울특별시 용산구용문동 38-93,,,2021,,02-2199-7880,서울특별시 용산구청,2026-06-13
용문동57,1,,서울특별시 용산구용문동 38-179,,,2021,,02-2199-7880,서울특별시 용산구청,2026-06-13
용문동58,1,,서울특별시 용산구용문동 38-93,,,2021,,02-2199-7880,서울특별시 용산구청,2026-06-13
용문동59,1,,서울특별시 용산구용문동 38-191,,,2021,,02-2199-7880,서울특별시 용산구청,2026-06-13
용문동6,1,,서울특별시 용산구용문동 23,,,2012,,02-2199-7880,서울특별시 용산구청,2026-06-13
용문동60,1,,서울특별시 용산구용문동 38-273,,,2012,,02-2199-7880,서울특별시 용산구청,2026-06-13
용문동61,1,,서울특별시 용산구용문동 38-184,,,2020,,02-2199-7880,서울특별시 용산구청,2026-06-13
용문동62,1,,서울특별시 용산구용문동 56-2,,,2021,,02-2199-7880,서울특별시 용산구청,2026-06-13
용문동63,1,,서울특별시 용산구용문동 38-2,,,2021,,02-2199-7880,서울특별시 용산구청,2026-06-13
용문동64,1,,서울특별시 용산구용문동 54-6,,,2021,,02-2199-7880,서울특별시 용산구청,2026-06-13
용문동65,1,,서울특별시 용산구용문동 38-33,,,2021,,02-2199-7880,서울특별시 용산구청,2026-06-13
용문동66,1,,서울특별시 용산구용문동 40-2,,,2021,,02-2199-7880,서울특별시 용산구청,2026-06-13
용문동67,1,,서울특별시 용산구용문동 38-29,,,2021,,02-2199-7880,서울특별시 용산구청,2026-06-13
용문동68,1,,서울특별시 용산구용문동 40-19,,,2021,,02-2199-7880,서울특별시 용산구청,2026-06-13
용문동69,1,,서울특별시 용산구용문동 38-14,,,2012,,02-2199-7880,서울특별시 용산구청,2026-06-13
용문동7,1,,서울특별시 용산구용문동 23,,,2012,,02-2199-7880,서울특별시 용산구청,2026-06-13
용문동70,1,,서울특별시 용산구용문동 38-14,,,2012,,02-2199-7880,서울특별시 용산구청,2026-06-13
용문동71,1,,서울특별시 용산구용문동 38-14,,,2022,,02-2199-7880,서울특별시 용산구청,2026-06-13
용문동72,1,,서울특별시 용산구용문동 38-14,,,2021,,02-2199-7880,서울특별시 용산구청,2026-06-13
용문동73,1,,서울특별시 용산구용문동 38-14,,,2021,,02-2199-7880,서울특별시 용산구청,2026-06-13
용문동74,1,,서울특별시 용산구용문동 37-6,,,2021,,02-2199-7880,서울특별시 용산구청,2026-06-13
용문동75,1,,서울특별시 용산구용문동 37-6,,,2012,,02-2199-7880,서울특별시 용산구청,2026-06-13
용문동76,1,,서울특별시 용산구용문동 32-85,,,2012,,02-2199-7880,서울특별시 용산구청,2026-06-13
용문동77,1,,서울특별시 용산구용문동 32-201,,,2015,,02-2199-7880,서울특별시 용산구청,2026-06-13
용문동78,1,,서울특별시 용산구용문동 32-201,,,2012,,02-2199-7880,서울특별시 용산구청,2026-06-13
용문동79,1,,서울특별시 용산구용문동 28-23,,,2012,,02-2199-7880,서울특별시 용산구청,2026-06-13
용문동8,1,,서울특별시 용산구용문동 23,,,2012,,02-2199-7880,서울특별시 용산구청,2026-06-13
용문동80,1,,서울특별시 용산구용문동 32-88,,,2021,,02-2199-7880,서울특별시 용산구청,2026-06-13
용문동81,1,,서울특별시 용산구용문동 28-41,,,2012,,02-2199-7880,서울특별시 용산구청,2026-06-13
용문동82,1,,서울특별시 용산구용문동 32-176,,,2012,,02-2199-7880,서울특별시 용산구청,2026-06-13
용문동83,1,,서울특별시 용산구용문동 32-41,,,2012,,02-2199-7880,서울특별시 용산구청,2026-06-13
용문동84,1,,서울특별시 용산구용문동 32-176,,,2012,,02-2199-7880,서울특별시 용산구청,2026-06-13
용문동85,1,,서울특별시 용산구용문동 32-201,,,2012,,02-2199-7880,서울특별시 용산구청,2026-06-13
용문동86,1,,서울특별시 용산구용문동 32-201,,,2012,,02-2199-7880,서울특별시 용산구청,2026-06-13
용문동87,1,,서울특별시 용산구용문동 32-26,,,2015,,02-2199-7880,서울특별시 용산구청,2026-06-13
용문동88,1,,서울특별시 용산구용문동 32-72,,,2014,,02-2199-7880,서울특별시 용산구청,2026-06-13
용문동89,1,,서울특별시 용산구용문동 32-103,,,2016,,02-2199-7880,서울특별시 용산구청,2026-06-13
용문동9,1,,서울특별시 용산구용문동 23,,,2012,,02-2199-7880,서울특별시 용산구청,2026-06-13
용문동90,1,,서울특별시 용산구용문동 32-72,,,2015,,02-2199-7880,서울특별시 용산구청,2026-06-13
용문동91,1,,서울특별시 용산구용문동 32-99,,,2012,,02-2199-7880,서울특별시 용산구청,2026-06-13
용문동92,1,,서울특별시 용산구용문동 32-96,,,2012,,02-2199-7880,서울특별시 용산구청,2026-06-13
용문동93,1,,서울특별시 용산구용문동 32-72,,,2012,,02-2199-7880,서울특별시 용산구청,2026-06-13
용문동94,1,,서울특별시 용산구용문동 32-19,,,2012,,02-2199-7880,서울특별시 용산구청,2026-06-13
용문동95,1,,서울특별시 용산구용문동 32-19,,,2012,,02-2199-7880,서울특별시 용산구청,2026-06-13
용문동96,1,,서울특별시 용산구용문동 1-122,,,2012,,02-2199-7880,서울특별시 용산구청,2026-06-13
용문동97,1,,서울특별시 용산구용문동 1-119,,,2018,,02-2199-7880,서울특별시 용산구청,2026-06-13
용문동98,1,,서울특별시 용산구용문동 36-17,,,2012,,02-2199-7880,서울특별시 용산구청,2026-06-13
용문동99,1,,서울특별시 용산구용문동 36-17,,,2012,,02-2199-7880,서울특별시 용산구청,2026-06-13
용산2가동 70,1,,서울특별시 용산구용산2가동 26-2,,,2024,,02-2199-7880,서울특별시 용산구청,2026-06-13
용산2가동(A),1,,서울특별시 용산구용산2가동 1-122,,,2024,,02-2199-7880,서울특별시 용산구청,2026-06-13
용산2가동1,1,,서울특별시 용산구용산2가동 1-38,,,2012,,02-2199-7880,서울특별시 용산구청,2026-06-13
용산2가동10,1,,서울특별시 용산구용산2가동 16,,,2012,,02-2199-7880,서울특별시 용산구청,2026-06-13
용산2가동100,1,,서울특별시 용산구용산2가동 5-207,,,2012,,02-2199-7880,서울특별시 용산구청,2026-06-13
용산2가동101,1,,서울특별시 용산구용산2가동 5-195,,,2024,,02-2199-7880,서울특별시 용산구청,2026-06-13
용산2가동102,1,,서울특별시 용산구용산2가동 5-214,,,2024,,02-2199-7880,서울특별시 용산구청,2026-06-13
용산2가동103,1,,서울특별시 용산구용산2가동 5-142,,,2024,,02-2199-7880,서울특별시 용산구청,2026-06-13
용산2가동104,1,,서울특별시 용산구용산2가동 5-214,,,2013,,02-2199-7880,서울특별시 용산구청,2026-06-13
용산2가동105,1,,서울특별시 용산구용산2가동 5-214,,,2024,,02-2199-7880,서울특별시 용산구청,2026-06-13
용산2가동106,1,,서울특별시 용산구용산2가동 5-214,,,2024,,02-2199-7880,서울특별시 용산구청,2026-06-13
용산2가동107,1,,서울특별시 용산구용산2가동 5-192,,,2024,,02-2199-7880,서울특별시 용산구청,2026-06-13
용산2가동108,1,,서울특별시 용산구용산2가동 5-183,,,2024,,02-2199-7880,서울특별시 용산구청,2026-06-13
용산2가동109,1,,서울특별시 용산구용산2가동 5-170,,,2024,,02-2199-7880,서울특별시 용산구청,2026-06-13
용산2가동11,1,,서울특별시 용산구용산2가동 48,,,2024,,02-2199-7880,서울특별시 용산구청,2026-06-13
용산2가동110,1,,서울특별시 용산구용산2가동 5-214,,,2024,,02-2199-7880,서울특별시 용산구청,2026-06-13
용산2가동111,1,,서울특별시 용산구용산2가동 5-181,,,2012,,02-2199-7880,서울특별시 용산구청,2026-06-13
용산2가동112,1,,서울특별시 용산구용산2가동 5-171,,,2024,,02-2199-7880,서울특별시 용산구청,2026-06-13
용산2가동113추,1,,서울특별시 용산구용산2가동 5-191,,,2023,,02-2199-7880,서울특별시 용산구청,2026-06-13
용산2가동114,1,,서울특별시 용산구용산2가동 5-193,,,2012,,02-2199-7880,서울특별시 용산구청,2026-06-13
용산2가동115,1,,서울특별시 용산구용산2가동 5-143,,,2024,,02-2199-7880,서울특별시 용산구청,2026-06-13
용산2가동116,1,,서울특별시 용산구용산2가동 5-142,,,2024,,02-2199-7880,서울특별시 용산구청,2026-06-13
용산2가동117,1,,서울특별시 용산구용산2가동 5-124,,,2024,,02-2199-7880,서울특별시 용산구청,2026-06-13
용산2가동118,1,,서울특별시 용산구용산2가동 5-125,,,2024,,02-2199-7880,서울특별시 용산구청,2026-06-13
용산2가동119,1,,서울특별시 용산구용산2가동 5-144,,,2024,,02-2199-7880,서울특별시 용산구청,2026-06-13
용산2가동12,1,,서울특별시 용산구용산2가동 17-15,,,2024,,02-2199-7880,서울특별시 용산구청,2026-06-13
용산2가동120,1,,서울특별시 용산구용산2가동 5-193,,,2023,,02-2199-7880,서울특별시 용산구청,2026-06-13
용산2가동121,1,,서울특별시 용산구용산2가동 5-249,,,2024,,02-2199-7880,서울특별시 용산구청,2026-06-13
용산2가동122,1,,서울특별시 용산구용산2가동 5-148,,,2012,,02-2199-7880,서울특별시 용산구청,2026-06-13
용산2가동123,1,,서울특별시 용산구용산2가동 5-148,,,2012,,02-2199-7880,서울특별시 용산구청,2026-06-13
용산2가동124,1,,서울특별시 용산구용산2가동 262-5,,,2012,,02-2199-7880,서울특별시 용산구청,2026-06-13
용산2가동125,1,,서울특별시 용산구용산2가동 5-186,,,2024,,02-2199-7880,서울특별시 용산구청,2026-06-13
용산2가동126,1,,서울특별시 용산구용산2가동 25,,,2024,,02-2199-7880,서울특별시 용산구청,2026-06-13
용산2가동127,1,,서울특별시 용산구용산2가동 5-477,,,2024,,02-2199-7880,서울특별시 용산구청,2026-06-13
용산2가동128,1,,서울특별시 용산구용산2가동 5-180,,,2024,,02-2199-7880,서울특별시 용산구청,2026-06-13
용산2가동129,1,,서울특별시 용산구용산2가동 5-124,,,2024,,02-2199-7880,서울특별시 용산구청,2026-06-13
용산2가동13,1,,서울특별시 용산구용산2가동 17-13,,,2024,,02-2199-7880,서울특별시 용산구청,2026-06-13
용산2가동130,1,,서울특별시 용산구용산2가동 5-180,,,2024,,02-2199-7880,서울특별시 용산구청,2026-06-13
용산2가동131,1,,서울특별시 용산구용산2가동 25-8,,,2024,,02-2199-7880,서울특별시 용산구청,2026-06-13
용산2가동132,1,,서울특별시 용산구용산2가동 24-6,,,2012,,02-2199-7880,서울특별시 용산구청,2026-06-13
용산2가동133,1,,서울특별시 용산구용산2가동 48-3,,,2024,,02-2199-7880,서울특별시 용산구청,2026-06-13
용산2가동134,1,,서울특별시 용산구용산2가동 48-3,,,2024,,02-2199-7880,서울특별시 용산구청,2026-06-13
용산2가동135,1,,서울특별시 용산구용산2가동 48-3,,,2024,,02-2199-7880,서울특별시 용산구청,2026-06-13
용산2가동136,1,,서울특별시 용산구용산2가동 23-4,,,2024,,02-2199-7880,서울특별시 용산구청,2026-06-13
용산2가동137,1,,서울특별시 용산구용산2가동 23-6,,,2024,,02-2199-7880,서울특별시 용산구청,2026-06-13
용산2가동138,1,,서울특별시 용산구용산2가동 23-7,,,2024,,02-2199-7880,서울특별시 용산구청,2026-06-13
용산2가동139,1,,서울특별시 용산구용산2가동 48-4,,,2024,,02-2199-7880,서울특별시 용산구청,2026-06-13
용산2가동14,1,,서울특별시 용산구용산2가동 1-38,,,2024,,02-2199-7880,서울특별시 용산구청,2026-06-13
용산2가동140,1,,서울특별시 용산구용산2가동 14-14,,,2024,,02-2199-7880,서울특별시 용산구청,2026-06-13
용산2가동141,1,,서울특별시 용산구용산2가동 15-1,,,2024,,02-2199-7880,서울특별시 용산구청,2026-06-13
용산2가동142,1,,서울특별시 용산구용산2가동 48-4,,,2024,,02-2199-7880,서울특별시 용산구청,2026-06-13
용산2가동143,1,,서울특별시 용산구용산2가동 48-4,,,2012,,02-2199-7880,서울특별시 용산구청,2026-06-13
용산2가동144,1,,서울특별시 용산구용산2가동 48,,,2012,,02-2199-7880,서울특별시 용산구청,2026-06-13
용산2가동145,1,,서울특별시 용산구용산2가동 15-16,,,2012,,02-2199-7880,서울특별시 용산구청,2026-06-13
용산2가동146,1,,서울특별시 용산구용산2가동 48,,,2024,,02-2199-7880,서울특별시 용산구청,2026-06-13
용산2가동147,1,,서울특별시 용산구용산2가동 15-12,,,2012,,02-2199-7880,서울특별시 용산구청,2026-06-13
용산2가동148,1,,서울특별시 용산구용산2가동 15-11,,,2012,,02-2199-7880,서울특별시 용산구청,2026-06-13
용산2가동149,1,,서울특별시 용산구용산2가동 15-10,,,2012,,02-2199-7880,서울특별시 용산구청,2026-06-13
용산2가동15,1,,서울특별시 용산구용산2가동 1-40,,,2024,,02-2199-7880,서울특별시 용산구청,2026-06-13
용산2가동150,1,,서울특별시 용산구용산2가동 48-3,,,2022,,02-2199-7880,서울특별시 용산구청,2026-06-13
용산2가동151,1,,서울특별시 용산구용산2가동 48-3,,,2012,,02-2199-7880,서울특별시 용산구청,2026-06-13
용산2가동152,1,,서울특별시 용산구용산2가동 48-3,,,2024,,02-2199-7880,서울특별시 용산구청,2026-06-13
용산2가동153,1,,서울특별시 용산구용산2가동 48-3,,,2024,,02-2199-7880,서울특별시 용산구청,2026-06-13
용산2가동154,1,,서울특별시 용산구용산2가동 23-15,,,2024,,02-2199-7880,서울특별시 용산구청,2026-06-13
용산2가동155,1,,서울특별시 용산구용산2가동 23-16,,,2024,,02-2199-7880,서울특별시 용산구청,2026-06-13
용산2가동156,1,,서울특별시 용산구용산2가동 23-21,,,2012,,02-2199-7880,서울특별시 용산구청,2026-06-13
용산2가동157,1,,서울특별시 용산구용산2가동 23-20,,,2012,,02-2199-7880,서울특별시 용산구청,2026-06-13
용산2가동158,1,,서울특별시 용산구용산2가동 48-7,,,2012,,02-2199-7880,서울특별시 용산구청,2026-06-13
용산2가동159,1,,서울특별시 용산구용산2가동 48-7,,,2022,,02-2199-7880,서울특별시 용산구청,2026-06-13
용산2가동16,1,,서울특별시 용산구용산2가동 1-473,,,2022,,02-2199-7880,서울특별시 용산구청,2026-06-13
용산2가동160,1,,서울특별시 용산구용산2가동 48-8,,,2012,,02-2199-7880,서울특별시 용산구청,2026-06-13
용산2가동161,1,,서울특별시 용산구용산2가동 21-5,,,2012,,02-2199-7880,서울특별시 용산구청,2026-06-13
용산2가동162,1,,서울특별시 용산구용산2가동 18-17,,,2012,,02-2199-7880,서울특별시 용산구청,2026-06-13
용산2가동163,1,,서울특별시 용산구용산2가동 20-6,,,2012,,02-2199-7880,서울특별시 용산구청,2026-06-13
용산2가동165,1,,서울특별시 용산구용산2가동 48-8,,,2012,,02-2199-7880,서울특별시 용산구청,2026-06-13
용산2가동166,1,,서울특별시 용산구용산2가동 48-8,,,2012,,02-2199-7880,서울특별시 용산구청,2026-06-13
용산2가동168,1,,서울특별시 용산구용산2가동 1-457,,,2012,,02-2199-7880,서울특별시 용산구청,2026-06-13
용산2가동169,1,,서울특별시 용산구용산2가동 1-465,,,2012,,02-2199-7880,서울특별시 용산구청,2026-06-13
용산2가동17,1,,서울특별시 용산구용산2가동 48-7,,,2024,,02-2199-7880,서울특별시 용산구청,2026-06-13
용산2가동170,1,,서울특별시 용산구용산2가동 1-461,,,2012,,02-2199-7880,서울특별시 용산구청,2026-06-13
용산2가동171,1,,서울특별시 용산구용산2가동 1-576,,,2024,,02-2199-7880,서울특별시 용산구청,2026-06-13
용산2가동172,1,,서울특별시 용산구용산2가동 1-173,,,2024,,02-2199-7880,서울특별시 용산구청,2026-06-13
용산2가동173,1,,서울특별시 용산구용산2가동 1-592,,,2024,,02-2199-7880,서울특별시 용산구청,2026-06-13
용산2가동174,1,,서울특별시 용산구용산2가동 1-188,,,2024,,02-2199-7880,서울특별시 용산구청,2026-06-13
용산2가동175,1,,서울특별시 용산구용산2가동 1-178,,,2024,,02-2199-7880,서울특별시 용산구청,2026-06-13
용산2가동176,1,,서울특별시 용산구용산2가동 1-189,,,2024,,02-2199-7880,서울특별시 용산구청,2026-06-13
용산2가동177,1,,서울특별시 용산구용산2가동 1-580,,,2024,,02-2199-7880,서울특별시 용산구청,2026-06-13
용산2가동178,1,,서울특별시 용산구용산2가동 1-194,,,2012,,02-2199-7880,서울특별시 용산구청,2026-06-13
용산2가동179,1,,서울특별시 용산구용산2가동 1-180,,,2012,,02-2199-7880,서울특별시 용산구청,2026-06-13
용산2가동18,1,,서울특별시 용산구용산2가동 1-41,,,2012,,02-2199-7880,서울특별시 용산구청,2026-06-13
용산2가동180추,1,,서울특별시 용산구용산2가동 1-180,,,2023,,02-2199-7880,서울특별시 용산구청,2026-06-13
용산2가동181추,1,,서울특별시 용산구용산2가동 1-180,,,2024,,02-2199-7880,서울특별시 용산구청,2026-06-13
용산2가동182,1,,서울특별시 용산구용산2가동 1-188,,,2024,,02-2199-7880,서울특별시 용산구청,2026-06-13
용산2가동183,1,,서울특별시 용산구용산2가동 1-173,,,2024,,02-2199-7880,서울특별시 용산구청,2026-06-13
용산2가동184,1,,서울특별시 용산구용산2가동 1-188,,,2024,,02-2199-7880,서울특별시 용산구청,2026-06-13
용산2가동185,1,,서울특별시 용산구용산2가동 1-144,,,2024,,02-2199-7880,서울특별시 용산구청,2026-06-13
용산2가동186,1,,서울특별시 용산구용산2가동 1-167,,,2024,,02-2199-7880,서울특별시 용산구청,2026-06-13
용산2가동187,1,,서울특별시 용산구용산2가동 1-173,,,2024,,02-2199-7880,서울특별시 용산구청,2026-06-13
용산2가동188,1,,서울특별시 용산구용산2가동 1-232,,,2024,,02-2199-7880,서울특별시 용산구청,2026-06-13
용산2가동189,1,,서울특별시 용산구용산2가동 1-167,,,2024,,02-2199-7880,서울특별시 용산구청,2026-06-13
용산2가동19,1,,서울특별시 용산구용산2가동 19,,,2012,,02-2199-7880,서울특별시 용산구청,2026-06-13
용산2가동191,1,,서울특별시 용산구용산2가동 1-163,,,2012,,02-2199-7880,서울특별시 용산구청,2026-06-13
용산2가동193추,1,,서울특별시 용산구용산2가동 1-176,,,2023,,02-2199-7880,서울특별시 용산구청,2026-06-13
용산2가동194,1,,서울특별시 용산구용산2가동 1-163,,,2012,,02-2199-7880,서울특별시 용산구청,2026-06-13
용산2가동195,1,,서울특별시 용산구용산2가동 1-164,,,2012,,02-2199-7880,서울특별시 용산구청,2026-06-13
용산2가동196,1,,서울특별시 용산구용산2가동 1-139,,,2012,,02-2199-7880,서울특별시 용산구청,2026-06-13
용산2가동198,1,,서울특별시 용산구용산2가동 1-176,,,2024,,02-2199-7880,서울특별시 용산구청,2026-06-13
용산2가동199,1,,서울특별시 용산구용산2가동 1-174,,,2012,,02-2199-7880,서울특별시 용산구청,2026-06-13
용산2가동2,1,,서울특별시 용산구용산2가동 11-13,,,2024,,02-2199-7880,서울특별시 용산구청,2026-06-13
용산2가동20,1,,서울특별시 용산구용산2가동 19-20,,,2012,,02-2199-7880,서울특별시 용산구청,2026-06-13
용산2가동200,1,,서울특별시 용산구용산2가동 1-175,,,2012,,02-2199-7880,서울특별시 용산구청,2026-06-13
용산2가동201,1,,서울특별시 용산구용산2가동 11-13,,,2024,,02-2199-7880,서울특별시 용산구청,2026-06-13
용산2가동202,1,,서울특별시 용산구용산2가동 1-188,,,2024,,02-2199-7880,서울특별시 용산구청,2026-06-13
용산2가동203,1,,서울특별시 용산구용산2가동 1-241,,,2024,,02-2199-7880,서울특별시 용산구청,2026-06-13
용산2가동205,1,,서울특별시 용산구용산2가동 1-167,,,2024,,02-2199-7880,서울특별시 용산구청,2026-06-13
용산2가동206,1,,서울특별시 용산구용산2가동 1-224,,,2024,,02-2199-7880,서울특별시 용산구청,2026-06-13
용산2가동207,1,,서울특별시 용산구용산2가동 1-172,,,2012,,02-2199-7880,서울특별시 용산구청,2026-06-13
용산2가동208,1,,서울특별시 용산구용산2가동 1-227,,,2023,,02-2199-7880,서울특별시 용산구청,2026-06-13
용산2가동209,1,,서울특별시 용산구용산2가동 1-188,,,2024,,02-2199-7880,서울특별시 용산구청,2026-06-13
용산2가동21,1,,서울특별시 용산구용산2가동 48-8,,,2012,,02-2199-7880,서울특별시 용산구청,2026-06-13
용산2가동210,1,,서울특별시 용산구용산2가동 1-147,,,2024,,02-2199-7880,서울특별시 용산구청,2026-06-13
용산2가동212,1,,서울특별시 용산구용산2가동 1-457,,,2024,,02-2199-7880,서울특별시 용산구청,2026-06-13
용산2가동213,1,,서울특별시 용산구용산2가동 1-113,,,2012,,02-2199-7880,서울특별시 용산구청,2026-06-13
용산2가동214,1,,서울특별시 용산구용산2가동 1-537,,,2012,,02-2199-7880,서울특별시 용산구청,2026-06-13
용산2가동215,1,,서울특별시 용산구용산2가동 1-144,,,2020,,02-2199-7880,서울특별시 용산구청,2026-06-13
용산2가동216,1,,서울특별시 용산구용산2가동 1-457,,,2012,,02-2199-7880,서울특별시 용산구청,2026-06-13
용산2가동217,1,,서울특별시 용산구용산2가동 1-531,,,2012,,02-2199-7880,서울특별시 용산구청,2026-06-13
용산2가동218,1,,서울특별시 용산구용산2가동 1-457,,,2012,,02-2199-7880,서울특별시 용산구청,2026-06-13
용산2가동219,1,,서울특별시 용산구용산2가동 1-38,,,2022,,02-2199-7880,서울특별시 용산구청,2026-06-13
용산2가동22,1,,서울특별시 용산구용산2가동 48-8,,,2022,,02-2199-7880,서울특별시 용산구청,2026-06-13
용산2가동220,1,,서울특별시 용산구용산2가동 1-38,,,2012,,02-2199-7880,서울특별시 용산구청,2026-06-13
용산2가동221,1,,서울특별시 용산구용산2가동 1-38,,,2022,,02-2199-7880,서울특별시 용산구청,2026-06-13
용산2가동222,1,,서울특별시 용산구용산2가동 1-38,,,2012,,02-2199-7880,서울특별시 용산구청,2026-06-13
용산2가동223,1,,서울특별시 용산구용산2가동 1-457,,,2022,,02-2199-7880,서울특별시 용산구청,2026-06-13
용산2가동224,1,,서울특별시 용산구용산2가동 1-457,,,2024,,02-2199-7880,서울특별시 용산구청,2026-06-13
용산2가동225,1,,서울특별시 용산구용산2가동 1-192,,,2012,,02-2199-7880,서울특별시 용산구청,2026-06-13
용산2가동226,1,,서울특별시 용산구용산2가동 1-540,,,2022,,02-2199-7880,서울특별시 용산구청,2026-06-13
용산2가동227,1,,서울특별시 용산구용산2가동 1-520,,,2024,,02-2199-7880,서울특별시 용산구청,2026-06-13
용산2가동228,1,,서울특별시 용산구용산2가동 1-549,,,2024,,02-2199-7880,서울특별시 용산구청,2026-06-13
용산2가동23,1,,서울특별시 용산구용산2가동 48-8,,,2012,,02-2199-7880,서울특별시 용산구청,2026-06-13
용산2가동231,1,,서울특별시 용산구용산2가동 1-687,,,2012,,02-2199-7880,서울특별시 용산구청,2026-06-13
용산2가동232,1,,서울특별시 용산구용산2가동 1-192,,,2024,,02-2199-7880,서울특별시 용산구청,2026-06-13
용산2가동233,1,,서울특별시 용산구용산2가동 1-457,,,2012,,02-2199-7880,서울특별시 용산구청,2026-06-13
용산2가동234,1,,서울특별시 용산구용산2가동 1-695,,,2019,,02-2199-7880,서울특별시 용산구청,2026-06-13
용산2가동235,1,,서울특별시 용산구용산2가동 1-99,,,2019,,02-2199-7880,서울특별시 용산구청,2026-06-13
용산2가동236,1,,서울특별시 용산구용산2가동 1-192,,,2012,,02-2199-7880,서울특별시 용산구청,2026-06-13
용산2가동241,1,,서울특별시 용산구용산2가동 1-206,,,2019,,02-2199-7880,서울특별시 용산구청,2026-06-13
용산2가동244,1,,서울특별시 용산구용산2가동 1-132,,,2024,,02-2199-7880,서울특별시 용산구청,2026-06-13
용산2가동245,1,,서울특별시 용산구용산2가동 1-206,,,2012,,02-2199-7880,서울특별시 용산구청,2026-06-13
용산2가동247,1,,서울특별시 용산구용산2가동 1-163,,,2024,,02-2199-7880,서울특별시 용산구청,2026-06-13
용산2가동248,1,,서울특별시 용산구용산2가동 1-206,,,2012,,02-2199-7880,서울특별시 용산구청,2026-06-13
용산2가동25,1,,서울특별시 용산구용산2가동 19-9,,,2024,,02-2199-7880,서울특별시 용산구청,2026-06-13
용산2가동253,1,,서울특별시 용산구용산2가동 1-193,,,2012,,02-2199-7880,서울특별시 용산구청,2026-06-13
용산2가동254,1,,서울특별시 용산구용산2가동 1-193,,,2012,,02-2199-7880,서울특별시 용산구청,2026-06-13
용산2가동256,1,,서울특별시 용산구용산2가동 1-16,,,2012,,02-2199-7880,서울특별시 용산구청,2026-06-13
용산2가동257,1,,서울특별시 용산구용산2가동 1-136,,,2012,,02-2199-7880,서울특별시 용산구청,2026-06-13
용산2가동258,1,,서울특별시 용산구용산2가동 1-193,,,2012,,02-2199-7880,서울특별시 용산구청,2026-06-13
용산2가동26,1,,서울특별시 용산구용산2가동 48-8,,,2024,,02-2199-7880,서울특별시 용산구청,2026-06-13
용산2가동262,1,,서울특별시 용산구용산2가동 1-159,,,2012,,02-2199-7880,서울특별시 용산구청,2026-06-13
용산2가동265,1,,서울특별시 용산구용산2가동 1-188,,,2012,,02-2199-7880,서울특별시 용산구청,2026-06-13
용산2가동266,1,,서울특별시 용산구용산2가동 1-193,,,2024,,02-2199-7880,서울특별시 용산구청,2026-06-13
용산2가동27,1,,서울특별시 용산구용산2가동 48-8,,,2012,,02-2199-7880,서울특별시 용산구청,2026-06-13
용산2가동271,1,,서울특별시 용산구용산2가동 1-188,,,2024,,02-2199-7880,서울특별시 용산구청,2026-06-13
용산2가동272,1,,서울특별시 용산구용산2가동 1-148,,,2012,,02-2199-7880,서울특별시 용산구청,2026-06-13
용산2가동273,1,,서울특별시 용산구용산2가동 1-196,,,2012,,02-2199-7880,서울특별시 용산구청,2026-06-13
용산2가동274,1,,서울특별시 용산구용산2가동 1-196,,,2012,,02-2199-7880,서울특별시 용산구청,2026-06-13
용산2가동275,1,,서울특별시 용산구용산2가동 1-185,,,2024,,02-2199-7880,서울특별시 용산구청,2026-06-13
용산2가동276,1,,서울특별시 용산구용산2가동 1-177,,,2012,,02-2199-7880,서울특별시 용산구청,2026-06-13
용산2가동277,1,,서울특별시 용산구용산2가동 1-188,,,2016,,02-2199-7880,서울특별시 용산구청,2026-06-13
용산2가동279,1,,서울특별시 용산구용산2가동 1-185,,,2024,,02-2199-7880,서울특별시 용산구청,2026-06-13
용산2가동28,1,,서울특별시 용산구용산2가동 18-21,,,2012,,02-2199-7880,서울특별시 용산구청,2026-06-13
용산2가동280,1,,서울특별시 용산구용산2가동 1-188,,,2024,,02-2199-7880,서울특별시 용산구청,2026-06-13
용산2가동281,1,,서울특별시 용산구용산2가동 1-457,,,2024,,02-2199-7880,서울특별시 용산구청,2026-06-13
용산2가동282,1,,서울특별시 용산구용산2가동 1-355,,,2024,,02-2199-7880,서울특별시 용산구청,2026-06-13
용산2가동283,1,,서울특별시 용산구용산2가동 1-188,,,2024,,02-2199-7880,서울특별시 용산구청,2026-06-13
용산2가동284,1,,서울특별시 용산구용산2가동 1-457,,,2024,,02-2199-7880,서울특별시 용산구청,2026-06-13
용산2가동286,1,,서울특별시 용산구용산2가동 1-355,,,2012,,02-2199-7880,서울특별시 용산구청,2026-06-13
용산2가동289,1,,서울특별시 용산구용산2가동 1-280,,,2024,,02-2199-7880,서울특별시 용산구청,2026-06-13
용산2가동29,1,,서울특별시 용산구용산2가동 48-7,,,2012,,02-2199-7880,서울특별시 용산구청,2026-06-13
용산2가동291,1,,서울특별시 용산구용산2가동 1-384,,,2012,,02-2199-7880,서울특별시 용산구청,2026-06-13
용산2가동294,1,,서울특별시 용산구용산2가동 1-457,,,2018,,02-2199-7880,서울특별시 용산구청,2026-06-13
용산2가동3,1,,서울특별시 용산구용산2가동 11,,,2024,,02-2199-7880,서울특별시 용산구청,2026-06-13
용산2가동30,1,,서울특별시 용산구용산2가동 18-25,,,2022,,02-2199-7880,서울특별시 용산구청,2026-06-13
용산2가동304,1,,서울특별시 용산구용산2가동 1-188,,,2023,,02-2199-7880,서울특별시 용산구청,2026-06-13
용산2가동305,1,,서울특별시 용산구용산2가동 1-453,,,2019,,02-2199-7880,서울특별시 용산구청,2026-06-13
용산2가동306,1,,서울특별시 용산구용산2가동 1-457,,,2012,,02-2199-7880,서울특별시 용산구청,2026-06-13
용산2가동307,1,,서울특별시 용산구용산2가동 1-447,,,2024,,02-2199-7880,서울특별시 용산구청,2026-06-13
용산2가동31,1,,서울특별시 용산구용산2가동 48-7,,,2012,,02-2199-7880,서울특별시 용산구청,2026-06-13
용산2가동313,1,,서울특별시 용산구용산2가동 1-413,,,2024,,02-2199-7880,서울특별시 용산구청,2026-06-13
용산2가동314,1,,서울특별시 용산구용산2가동 1-457,,,2024,,02-2199-7880,서울특별시 용산구청,2026-06-13
용산2가동316,1,,서울특별시 용산구용산2가동 1-417,,,2024,,02-2199-7880,서울특별시 용산구청,2026-06-13
용산2가동318,1,,서울특별시 용산구용산2가동 1-457,,,2024,,02-2199-7880,서울특별시 용산구청,2026-06-13
용산2가동319,1,,서울특별시 용산구용산2가동 1-457,,,2012,,02-2199-7880,서울특별시 용산구청,2026-06-13
용산2가동32,1,,서울특별시 용산구용산2가동 48-7,,,2012,,02-2199-7880,서울특별시 용산구청,2026-06-13
용산2가동321,1,,서울특별시 용산구용산2가동 1-439,,,2024,,02-2199-7880,서울특별시 용산구청,2026-06-13
용산2가동322,1,,서울특별시 용산구용산2가동 1-735,,,2012,,02-2199-7880,서울특별시 용산구청,2026-06-13
용산2가동324,1,,서울특별시 용산구용산2가동 1-114,,,2012,,02-2199-7880,서울특별시 용산구청,2026-06-13
용산2가동326,1,,서울특별시 용산구용산2가동 1-457,,,2012,,02-2199-7880,서울특별시 용산구청,2026-06-13
용산2가동329,1,,서울특별시 용산구용산2가동 1-427,,,2012,,02-2199-7880,서울특별시 용산구청,2026-06-13
용산2가동33,1,,서울특별시 용산구용산2가동 48-7,,,2012,,02-2199-7880,서울특별시 용산구청,2026-06-13
용산2가동331,1,,서울특별시 용산구용산2가동 1-373,,,2024,,02-2199-7880,서울특별시 용산구청,2026-06-13
용산2가동334,1,,서울특별시 용산구용산2가동 1-711,,,2024,,02-2199-7880,서울특별시 용산구청,2026-06-13
용산2가동335,1,,서울특별시 용산구용산2가동 1-709,,,2012,,02-2199-7880,서울특별시 용산구청,2026-06-13
용산2가동336,1,,서울특별시 용산구용산2가동 1-457,,,2024,,02-2199-7880,서울특별시 용산구청,2026-06-13
용산2가동337,1,,서울특별시 용산구용산2가동 1-712,,,2021,,02-2199-7880,서울특별시 용산구청,2026-06-13
용산2가동338,1,,서울특별시 용산구용산2가동 26-15,,,2024,,02-2199-7880,서울특별시 용산구청,2026-06-13
용산2가동339,1,,서울특별시 용산구용산2가동 26-11,,,2024,,02-2199-7880,서울특별시 용산구청,2026-06-13
용산2가동34,1,,서울특별시 용산구용산2가동 16-16,,,2012,,02-2199-7880,서울특별시 용산구청,2026-06-13
용산2가동340,1,,서울특별시 용산구용산2가동 24-10,,,2024,,02-2199-7880,서울특별시 용산구청,2026-06-13
용산2가동341,1,,서울특별시 용산구용산2가동 24-12,,,2024,,02-2199-7880,서울특별시 용산구청,2026-06-13
용산2가동342,1,,서울특별시 용산구용산2가동 48-3,,,2012,,02-2199-7880,서울특별시 용산구청,2026-06-13
용산2가동343,1,,서울특별시 용산구용산2가동 24-16,,,2012,,02-2199-7880,서울특별시 용산구청,2026-06-13
용산2가동344,1,,서울특별시 용산구용산2가동 22-11,,,2012,,02-2199-7880,서울특별시 용산구청,2026-06-13
용산2가동345,1,,서울특별시 용산구용산2가동 48,,,2012,,02-2199-7880,서울특별시 용산구청,2026-06-13
용산2가동347,1,,서울특별시 용산구용산2가동 48-3,,,2024,,02-2199-7880,서울특별시 용산구청,2026-06-13
용산2가동348,1,,서울특별시 용산구용산2가동 1-547,,,2012,,02-2199-7880,서울특별시 용산구청,2026-06-13
용산2가동348,1,,서울특별시 용산구용산2가동 48-3,,,2024,,02-2199-7880,서울특별시 용산구청,2026-06-13
용산2가동349,1,,서울특별시 용산구용산2가동 23-10,,,2012,,02-2199-7880,서울특별시 용산구청,2026-06-13
용산2가동35,1,,서울특별시 용산구용산2가동 16-14,,,2024,,02-2199-7880,서울특별시 용산구청,2026-06-13
용산2가동350,1,,서울특별시 용산구용산2가동 23-23,,,2024,,02-2199-7880,서울특별시 용산구청,2026-06-13
용산2가동351,1,,서울특별시 용산구용산2가동 23-18,,,2012,,02-2199-7880,서울특별시 용산구청,2026-06-13
용산2가동352,1,,서울특별시 용산구용산2가동 23-19,,,2012,,02-2199-7880,서울특별시 용산구청,2026-06-13
용산2가동353,1,,서울특별시 용산구용산2가동 26-9,,,2012,,02-2199-7880,서울특별시 용산구청,2026-06-13
용산2가동355,1,,서울특별시 용산구용산2가동 47-1,,,2012,,02-2199-7880,서울특별시 용산구청,2026-06-13
용산2가동356,1,,서울특별시 용산구용산2가동 47-3,,,2012,,02-2199-7880,서울특별시 용산구청,2026-06-13
용산2가동357,1,,서울특별시 용산구용산2가동 48-2,,,2012,,02-2199-7880,서울특별시 용산구청,2026-06-13
용산2가동358,1,,서울특별시 용산구용산2가동 48,,,2012,,02-2199-7880,서울특별시 용산구청,2026-06-13
용산2가동359,1,,서울특별시 용산구용산2가동 48,,,2012,,02-2199-7880,서울특별시 용산구청,2026-06-13
용산2가동36,1,,서울특별시 용산구용산2가동 16-12,,,2012,,02-2199-7880,서울특별시 용산구청,2026-06-13
용산2가동360,1,,서울특별시 용산구용산2가동 45-1,,,2012,,02-2199-7880,서울특별시 용산구청,2026-06-13
용산2가동361,1,,서울특별시 용산구용산2가동 48-7,,,2012,,02-2199-7880,서울특별시 용산구청,2026-06-13
용산2가동362,1,,서울특별시 용산구용산2가동 27-6,,,2012,,02-2199-7880,서울특별시 용산구청,2026-06-13
용산2가동364,1,,서울특별시 용산구용산2가동 27,,,2012,,02-2199-7880,서울특별시 용산구청,2026-06-13
용산2가동367,1,,서울특별시 용산구용산2가동 48-7,,,2016,,02-2199-7880,서울특별시 용산구청,2026-06-13
용산2가동368,1,,서울특별시 용산구용산2가동 22-18,,,2012,,02-2199-7880,서울특별시 용산구청,2026-06-13
용산2가동37,1,,서울특별시 용산구용산2가동 17-3,,,2024,,02-2199-7880,서울특별시 용산구청,2026-06-13
용산2가동371,1,,서울특별시 용산구용산2가동 48-10,,,2012,,02-2199-7880,서울특별시 용산구청,2026-06-13
용산2가동373,1,,서울특별시 용산구용산2가동 48-10,,,2012,,02-2199-7880,서울특별시 용산구청,2026-06-13
용산2가동374,1,,서울특별시 용산구용산2가동 29-1,,,2012,,02-2199-7880,서울특별시 용산구청,2026-06-13
용산2가동375,1,,서울특별시 용산구용산2가동 48-10,,,2012,,02-2199-7880,서울특별시 용산구청,2026-06-13
용산2가동377,1,,서울특별시 용산구용산2가동 37-8,,,2012,,02-2199-7880,서울특별시 용산구청,2026-06-13
용산2가동379,1,,서울특별시 용산구용산2가동 48-9,,,2012,,02-2199-7880,서울특별시 용산구청,2026-06-13
용산2가동38,1,,서울특별시 용산구용산2가동 11-11,,,2024,,02-2199-7880,서울특별시 용산구청,2026-06-13
용산2가동380,1,,서울특별시 용산구용산2가동 30-9,,,2024,,02-2199-7880,서울특별시 용산구청,2026-06-13
용산2가동383,1,,서울특별시 용산구용산2가동 30-15,,,2012,,02-2199-7880,서울특별시 용산구청,2026-06-13
용산2가동385,1,,서울특별시 용산구용산2가동 32-15,,,2012,,02-2199-7880,서울특별시 용산구청,2026-06-13
용산2가동386,1,,서울특별시 용산구용산2가동 32-1,,,2012,,02-2199-7880,서울특별시 용산구청,2026-06-13
용산2가동389,1,,서울특별시 용산구용산2가동 48-11,,,2012,,02-2199-7880,서울특별시 용산구청,2026-06-13
용산2가동39,1,,서울특별시 용산구용산2가동 16-1,,,2024,,02-2199-7880,서울특별시 용산구청,2026-06-13
용산2가동390,1,,서울특별시 용산구용산2가동 40,,,2012,,02-2199-7880,서울특별시 용산구청,2026-06-13
용산2가동392,1,,서울특별시 용산구용산2가동 35-32,,,2012,,02-2199-7880,서울특별시 용산구청,2026-06-13
용산2가동396,1,,서울특별시 용산구용산2가동 35-18,,,2012,,02-2199-7880,서울특별시 용산구청,2026-06-13
용산2가동397,1,,서울특별시 용산구용산2가동 32-4,,,2012,,02-2199-7880,서울특별시 용산구청,2026-06-13
용산2가동4,1,,서울특별시 용산구용산2가동 11,,,2024,,02-2199-7880,서울특별시 용산구청,2026-06-13
용산2가동40,1,,서울특별시 용산구용산2가동 11-14,,,2024,,02-2199-7880,서울특별시 용산구청,2026-06-13
용산2가동402,1,,서울특별시 용산구용산2가동 34-37,,,2012,,02-2199-7880,서울특별시 용산구청,2026-06-13
용산2가동403,1,,서울특별시 용산구용산2가동 5-554,,,2012,,02-2199-7880,서울특별시 용산구청,2026-06-13
용산2가동404,1,,서울특별시 용산구용산2가동 5-554,,,2012,,02-2199-7880,서울특별시 용산구청,2026-06-13
용산2가동405,1,,서울특별시 용산구용산2가동 48-6,,,2012,,02-2199-7880,서울특별시 용산구청,2026-06-13
용산2가동406,1,,서울특별시 용산구용산2가동 35-3,,,2024,,02-2199-7880,서울특별시 용산구청,2026-06-13
용산2가동407,1,,서울특별시 용산구용산2가동 48-13,,,2024,,02-2199-7880,서울특별시 용산구청,2026-06-13
용산2가동408,1,,서울특별시 용산구용산2가동 5-554,,,2012,,02-2199-7880,서울특별시 용산구청,2026-06-13
용산2가동409,1,,서울특별시 용산구용산2가동 5-554,,,2012,,02-2199-7880,서울특별시 용산구청,2026-06-13
용산2가동41,1,,서울특별시 용산구용산2가동 11-3,,,2024,,02-2199-7880,서울특별시 용산구청,2026-06-13
용산2가동410,1,,서울특별시 용산구용산2가동 5-554,,,2012,,02-2199-7880,서울특별시 용산구청,2026-06-13
용산2가동411,1,,서울특별시 용산구용산2가동 5-554,,,2012,,02-2199-7880,서울특별시 용산구청,2026-06-13
용산2가동412,1,,서울특별시 용산구용산2가동 34-35,,,2012,,02-2199-7880,서울특별시 용산구청,2026-06-13
용산2가동413,1,,서울특별시 용산구용산2가동 34-35,,,2012,,02-2199-7880,서울특별시 용산구청,2026-06-13
용산2가동414,1,,서울특별시 용산구용산2가동 34-35,,,2012,,02-2199-7880,서울특별시 용산구청,2026-06-13
용산2가동415,1,,서울특별시 용산구용산2가동 34-35,,,2022,,02-2199-7880,서울특별시 용산구청,2026-06-13
용산2가동416,1,,서울특별시 용산구용산2가동 48-11,,,2012,,02-2199-7880,서울특별시 용산구청,2026-06-13
용산2가동418,1,,서울특별시 용산구용산2가동 32,,,2016,,02-2199-7880,서울특별시 용산구청,2026-06-13
용산2가동42,1,,서울특별시 용산구용산2가동 48-4,,,2024,,02-2199-7880,서울특별시 용산구청,2026-06-13
용산2가동421,1,,서울특별시 용산구용산2가동 33-14,,,2012,,02-2199-7880,서울특별시 용산구청,2026-06-13
용산2가동422,1,,서울특별시 용산구용산2가동 33-22,,,2012,,02-2199-7880,서울특별시 용산구청,2026-06-13
용산2가동424,1,,서울특별시 용산구용산2가동 34-4,,,2012,,02-2199-7880,서울특별시 용산구청,2026-06-13
용산2가동426,1,,서울특별시 용산구용산2가동 5-554,,,2012,,02-2199-7880,서울특별시 용산구청,2026-06-13
용산2가동427,1,,서울특별시 용산구용산2가동 5-554,,,2012,,02-2199-7880,서울특별시 용산구청,2026-06-13
용산2가동428,1,,서울특별시 용산구용산2가동 1-748,,,2012,,02-2199-7880,서울특별시 용산구청,2026-06-13
용산2가동429,1,,서울특별시 용산구용산2가동 48-6,,,2012,,02-2199-7880,서울특별시 용산구청,2026-06-13
용산2가동43,1,,서울특별시 용산구용산2가동 16-3,,,2024,,02-2199-7880,서울특별시 용산구청,2026-06-13
용산2가동430,1,,서울특별시 용산구용산2가동 1-85,,,2012,,02-2199-7880,서울특별시 용산구청,2026-06-13
용산2가동431,1,,서울특별시 용산구용산2가동 48-6,,,2012,,02-2199-7880,서울특별시 용산구청,2026-06-13
용산2가동432,1,,서울특별시 용산구용산2가동 48-9,,,2012,,02-2199-7880,서울특별시 용산구청,2026-06-13
용산2가동437,1,,서울특별시 용산구용산2가동 31-13,,,2023,,02-2199-7880,서울특별시 용산구청,2026-06-13
용산2가동438,1,,서울특별시 용산구용산2가동 5-554,,,2012,,02-2199-7880,서울특별시 용산구청,2026-06-13
용산2가동44,1,,서울특별시 용산구용산2가동 11-5,,,2024,,02-2199-7880,서울특별시 용산구청,2026-06-13
용산2가동443,1,,서울특별시 용산구용산2가동 5-118,,,2012,,02-2199-7880,서울특별시 용산구청,2026-06-13
용산2가동444,1,,서울특별시 용산구용산2가동 5-554,,,2012,,02-2199-7880,서울특별시 용산구청,2026-06-13
용산2가동445,1,,서울특별시 용산구용산2가동 5-554,,,2012,,02-2199-7880,서울특별시 용산구청,2026-06-13
용산2가동446,1,,서울특별시 용산구용산2가동 5-117,,,2024,,02-2199-7880,서울특별시 용산구청,2026-06-13
용산2가동447,1,,서울특별시 용산구용산2가동 5-554,,,2012,,02-2199-7880,서울특별시 용산구청,2026-06-13
용산2가동448,1,,서울특별시 용산구용산2가동 5-113,,,2012,,02-2199-7880,서울특별시 용산구청,2026-06-13
용산2가동449,1,,서울특별시 용산구용산2가동 5-554,,,2012,,02-2199-7880,서울특별시 용산구청,2026-06-13
용산2가동45,1,,서울특별시 용산구용산2가동 12-15,,,2012,,02-2199-7880,서울특별시 용산구청,2026-06-13
용산2가동450,1,,서울특별시 용산구용산2가동 5-123,,,2012,,02-2199-7880,서울특별시 용산구청,2026-06-13
용산2가동451,1,,서울특별시 용산구용산2가동 5-122,,,2012,,02-2199-7880,서울특별시 용산구청,2026-06-13
용산2가동452,1,,서울특별시 용산구용산2가동 5-121,,,2015,,02-2199-7880,서울특별시 용산구청,2026-06-13
용산2가동457,1,,서울특별시 용산구용산2가동 5-120,,,2012,,02-2199-7880,서울특별시 용산구청,2026-06-13
용산2가동46,1,,서울특별시 용산구용산2가동 12-10,,,2012,,02-2199-7880,서울특별시 용산구청,2026-06-13
용산2가동461,1,,서울특별시 용산구용산2가동 1-124,,,2024,,02-2199-7880,서울특별시 용산구청,2026-06-13
용산2가동462,1,,서울특별시 용산구용산2가동 1-115,,,2024,,02-2199-7880,서울특별시 용산구청,2026-06-13
용산2가동468,1,,서울특별시 용산구용산2가동 5-121,,,2024,,02-2199-7880,서울특별시 용산구청,2026-06-13
용산2가동469,1,,서울특별시 용산구용산2가동 5-554,,,2024,,02-2199-7880,서울특별시 용산구청,2026-06-13
용산2가동47,1,,서울특별시 용산구용산2가동 12-10,,,2024,,02-2199-7880,서울특별시 용산구청,2026-06-13
용산2가동470,1,,서울특별시 용산구용산2가동 5-118,,,2023,,02-2199-7880,서울특별시 용산구청,2026-06-13
용산2가동471,1,,서울특별시 용산구용산2가동 5-117,,,2012,,02-2199-7880,서울특별시 용산구청,2026-06-13
용산2가동473,1,,서울특별시 용산구용산2가동 1-141,,,2015,,02-2199-7880,서울특별시 용산구청,2026-06-13
용산2가동48,1,,서울특별시 용산구용산2가동 48-4,,,2024,,02-2199-7880,서울특별시 용산구청,2026-06-13
용산2가동487,1,,서울특별시 용산구용산2가동 1-140,,,2021,,02-2199-7880,서울특별시 용산구청,2026-06-13
용산2가동49,1,,서울특별시 용산구용산2가동 12-14,,,2024,,02-2199-7880,서울특별시 용산구청,2026-06-13
용산2가동492,1,,서울특별시 용산구용산2가동 10-39,,,2024,,02-2199-7880,서울특별시 용산구청,2026-06-13
용산2가동493,1,,서울특별시 용산구용산2가동 10-17,,,2024,,02-2199-7880,서울특별시 용산구청,2026-06-13
용산2가동496,1,,서울특별시 용산구용산2가동 2-19,,,2024,,02-2199-7880,서울특별시 용산구청,2026-06-13
용산2가동497,1,,서울특별시 용산구용산2가동 5-554,,,2012,,02-2199-7880,서울특별시 용산구청,2026-06-13
용산2가동498,1,,서울특별시 용산구용산2가동 5-554,,,2012,,02-2199-7880,서울특별시 용산구청,2026-06-13
용산2가동499,1,,서울특별시 용산구용산2가동 2-16,,,2012,,02-2199-7880,서울특별시 용산구청,2026-06-13
용산2가동5,1,,서울특별시 용산구용산2가동 11,,,2024,,02-2199-7880,서울특별시 용산구청,2026-06-13
용산2가동50,1,,서울특별시 용산구용산2가동 12-1,,,2024,,02-2199-7880,서울특별시 용산구청,2026-06-13
용산2가동500,1,,서울특별시 용산구용산2가동 5-554,,,2019,,02-2199-7880,서울특별시 용산구청,2026-06-13
용산2가동503,1,,서울특별시 용산구용산2가동 9-15,,,2024,,02-2199-7880,서울특별시 용산구청,2026-06-13
용산2가동504,1,,서울특별시 용산구용산2가동 9-15,,,2024,,02-2199-7880,서울특별시 용산구청,2026-06-13
용산2가동505,1,,서울특별시 용산구용산2가동 10-25,,,2024,,02-2199-7880,서울특별시 용산구청,2026-06-13
용산2가동506,1,,서울특별시 용산구용산2가동 1-112,,,2012,,02-2199-7880,서울특별시 용산구청,2026-06-13
용산2가동507,1,,서울특별시 용산구용산2가동 1-112,,,2012,,02-2199-7880,서울특별시 용산구청,2026-06-13
용산2가동508,1,,서울특별시 용산구용산2가동 5-554,,,2019,,02-2199-7880,서울특별시 용산구청,2026-06-13
용산2가동509,1,,서울특별시 용산구용산2가동 5-554,,,2012,,02-2199-7880,서울특별시 용산구청,2026-06-13
용산2가동51,1,,서울특별시 용산구용산2가동 12-14,,,2024,,02-2199-7880,서울특별시 용산구청,2026-06-13
용산2가동510,1,,서울특별시 용산구용산2가동 1-112,,,2012,,02-2199-7880,서울특별시 용산구청,2026-06-13
용산2가동511,1,,서울특별시 용산구용산2가동 1-112,,,2012,,02-2199-7880,서울특별시 용산구청,2026-06-13
용산2가동512,1,,서울특별시 용산구용산2가동 1-112,,,2012,,02-2199-7880,서울특별시 용산구청,2026-06-13
용산2가동513,1,,서울특별시 용산구용산2가동 1-160,,,2012,,02-2199-7880,서울특별시 용산구청,2026-06-13
용산2가동514,1,,서울특별시 용산구용산2가동 1-112,,,2023,,02-2199-7880,서울특별시 용산구청,2026-06-13
용산2가동515,1,,서울특별시 용산구용산2가동 1-160,,,2023,,02-2199-7880,서울특별시 용산구청,2026-06-13
용산2가동516,1,,서울특별시 용산구용산2가동 5-554,,,2012,,02-2199-7880,서울특별시 용산구청,2026-06-13
용산2가동517,1,,서울특별시 용산구용산2가동 5-554,,,2012,,02-2199-7880,서울특별시 용산구청,2026-06-13
용산2가동518,1,,서울특별시 용산구용산2가동 5-554,,,2019,,02-2199-7880,서울특별시 용산구청,2026-06-13
용산2가동519,1,,서울특별시 용산구용산2가동 5-554,,,2012,,02-2199-7880,서울특별시 용산구청,2026-06-13
용산2가동52,1,,서울특별시 용산구용산2가동 48-4,,,2024,,02-2199-7880,서울특별시 용산구청,2026-06-13
용산2가동520,1,,서울특별시 용산구용산2가동 5-949,,,2012,,02-2199-7880,서울특별시 용산구청,2026-06-13
용산2가동521,1,,서울특별시 용산구용산2가동 5-39,,,2012,,02-2199-7880,서울특별시 용산구청,2026-06-13
용산2가동522,1,,서울특별시 용산구용산2가동 5-13,,,2012,,02-2199-7880,서울특별시 용산구청,2026-06-13
용산2가동523,1,,서울특별시 용산구용산2가동 5-554,,,2012,,02-2199-7880,서울특별시 용산구청,2026-06-13
용산2가동524,1,,서울특별시 용산구용산2가동 5-554,,,2024,,02-2199-7880,서울특별시 용산구청,2026-06-13
용산2가동525,1,,서울특별시 용산구용산2가동 5-39,,,2012,,02-2199-7880,서울특별시 용산구청,2026-06-13
용산2가동526,1,,서울특별시 용산구용산2가동 5-21,,,2012,,02-2199-7880,서울특별시 용산구청,2026-06-13
용산2가동527,1,,서울특별시 용산구용산2가동 5-39,,,2012,,02-2199-7880,서울특별시 용산구청,2026-06-13
용산2가동528,1,,서울특별시 용산구용산2가동 5-5,,,2012,,02-2199-7880,서울특별시 용산구청,2026-06-13
용산2가동529,1,,서울특별시 용산구용산2가동 5-39,,,2012,,02-2199-7880,서울특별시 용산구청,2026-06-13
용산2가동53,1,,서울특별시 용산구용산2가동 12-3,,,2024,,02-2199-7880,서울특별시 용산구청,2026-06-13
용산2가동530,1,,서울특별시 용산구용산2가동 5-39,,,2012,,02-2199-7880,서울특별시 용산구청,2026-06-13
용산2가동531,1,,서울특별시 용산구용산2가동 5-22,,,2012,,02-2199-7880,서울특별시 용산구청,2026-06-13
용산2가동532,1,,서울특별시 용산구용산2가동 5-39,,,2012,,02-2199-7880,서울특별시 용산구청,2026-06-13
용산2가동533,1,,서울특별시 용산구용산2가동 5-28,,,2012,,02-2199-7880,서울특별시 용산구청,2026-06-13
용산2가동534,1,,서울특별시 용산구용산2가동 5-39,,,2022,,02-2199-7880,서울특별시 용산구청,2026-06-13
용산2가동535,1,,서울특별시 용산구용산2가동 5-32,,,2012,,02-2199-7880,서울특별시 용산구청,2026-06-13
용산2가동536,1,,서울특별시 용산구용산2가동 43-21,,,2012,,02-2199-7880,서울특별시 용산구청,2026-06-13
용산2가동537,1,,서울특별시 용산구용산2가동 5-39,,,2012,,02-2199-7880,서울특별시 용산구청,2026-06-13
용산2가동538,1,,서울특별시 용산구용산2가동 5-68,,,2012,,02-2199-7880,서울특별시 용산구청,2026-06-13
용산2가동539,1,,서울특별시 용산구용산2가동 5-53,,,2012,,02-2199-7880,서울특별시 용산구청,2026-06-13
용산2가동54,1,,서울특별시 용산구용산2가동 48-4,,,2024,,02-2199-7880,서울특별시 용산구청,2026-06-13
용산2가동540,1,,서울특별시 용산구용산2가동 5-169,,,2024,,02-2199-7880,서울특별시 용산구청,2026-06-13
용산2가동541,1,,서울특별시 용산구용산2가동 5-39,,,2012,,02-2199-7880,서울특별시 용산구청,2026-06-13
용산2가동542,1,,서울특별시 용산구용산2가동 43-20,,,2012,,02-2199-7880,서울특별시 용산구청,2026-06-13
용산2가동544,1,,서울특별시 용산구용산2가동 5-39,,,2012,,02-2199-7880,서울특별시 용산구청,2026-06-13
용산2가동545,1,,서울특별시 용산구용산2가동 5-39,,,2012,,02-2199-7880,서울특별시 용산구청,2026-06-13
용산2가동546,1,,서울특별시 용산구용산2가동 5-39,,,2012,,02-2199-7880,서울특별시 용산구청,2026-06-13
용산2가동547,1,,서울특별시 용산구용산2가동 5-39,,,2012,,02-2199-7880,서울특별시 용산구청,2026-06-13
용산2가동548,1,,서울특별시 용산구용산2가동 5-209,,,2012,,02-2199-7880,서울특별시 용산구청,2026-06-13
용산2가동549,1,,서울특별시 용산구용산2가동 44-24,,,2012,,02-2199-7880,서울특별시 용산구청,2026-06-13
용산2가동55,1,,서울특별시 용산구용산2가동 48-5,,,2024,,02-2199-7880,서울특별시 용산구청,2026-06-13
용산2가동550,1,,서울특별시 용산구용산2가동 44-23,,,2012,,02-2199-7880,서울특별시 용산구청,2026-06-13
용산2가동551,1,,서울특별시 용산구용산2가동 5-209,,,2012,,02-2199-7880,서울특별시 용산구청,2026-06-13
용산2가동552,1,,서울특별시 용산구용산2가동 5-209,,,2012,,02-2199-7880,서울특별시 용산구청,2026-06-13
용산2가동553,1,,서울특별시 용산구용산2가동 48-14,,,2012,,02-2199-7880,서울특별시 용산구청,2026-06-13
용산2가동554,1,,서울특별시 용산구용산2가동 48-13,,,2012,,02-2199-7880,서울특별시 용산구청,2026-06-13
용산2가동555,1,,서울특별시 용산구용산2가동 48-13,,,2012,,02-2199-7880,서울특별시 용산구청,2026-06-13
용산2가동556,1,,서울특별시 용산구용산2가동 48-14,,,2012,,02-2199-7880,서울특별시 용산구청,2026-06-13
용산2가동559,1,,서울특별시 용산구용산2가동 48-14,,,2012,,02-2199-7880,서울특별시 용산구청,2026-06-13
용산2가동56,1,,서울특별시 용산구용산2가동 14-5,,,2024,,02-2199-7880,서울특별시 용산구청,2026-06-13
용산2가동562,1,,서울특별시 용산구용산2가동 48-13,,,2012,,02-2199-7880,서울특별시 용산구청,2026-06-13
용산2가동563,1,,서울특별시 용산구용산2가동 42-30,,,2012,,02-2199-7880,서울특별시 용산구청,2026-06-13
용산2가동565,1,,서울특별시 용산구용산2가동 5-554,,,2015,,02-2199-7880,서울특별시 용산구청,2026-06-13
용산2가동567,1,,서울특별시 용산구용산2가동 41-16,,,2023,,02-2199-7880,서울특별시 용산구청,2026-06-13
용산2가동568,1,,서울특별시 용산구용산2가동 5-554,,,2023,,02-2199-7880,서울특별시 용산구청,2026-06-13
용산2가동569,1,,서울특별시 용산구용산2가동 5-554,,,2012,,02-2199-7880,서울특별시 용산구청,2026-06-13
용산2가동57,1,,서울특별시 용산구용산2가동 5-212,,,2024,,02-2199-7880,서울특별시 용산구청,2026-06-13
용산2가동570,1,,서울특별시 용산구용산2가동 41-29,,,2012,,02-2199-7880,서울특별시 용산구청,2026-06-13
용산2가동571,1,,서울특별시 용산구용산2가동 5-554,,,2012,,02-2199-7880,서울특별시 용산구청,2026-06-13
용산2가동572,1,,서울특별시 용산구용산2가동 48-13,,,2012,,02-2199-7880,서울특별시 용산구청,2026-06-13
용산2가동573,1,,서울특별시 용산구용산2가동 48-13,,,2012,,02-2199-7880,서울특별시 용산구청,2026-06-13
용산2가동574,1,,서울특별시 용산구용산2가동 48-13,,,2012,,02-2199-7880,서울특별시 용산구청,2026-06-13
용산2가동576,1,,서울특별시 용산구용산2가동 35-6,,,2024,,02-2199-7880,서울특별시 용산구청,2026-06-13
용산2가동577,1,,서울특별시 용산구용산2가동 40-15,,,2012,,02-2199-7880,서울특별시 용산구청,2026-06-13
용산2가동58,1,,서울특별시 용산구용산2가동 5-124,,,2024,,02-2199-7880,서울특별시 용산구청,2026-06-13
용산2가동580,1,,서울특별시 용산구용산2가동 48-12,,,2024,,02-2199-7880,서울특별시 용산구청,2026-06-13
용산2가동582,1,,서울특별시 용산구용산2가동 48-10,,,2012,,02-2199-7880,서울특별시 용산구청,2026-06-13
용산2가동583,1,,서울특별시 용산구용산2가동 48-10,,,2012,,02-2199-7880,서울특별시 용산구청,2026-06-13
용산2가동584,1,,서울특별시 용산구용산2가동 48-12,,,2024,,02-2199-7880,서울특별시 용산구청,2026-06-13
용산2가동585,1,,서울특별시 용산구용산2가동 40-11,,,2012,,02-2199-7880,서울특별시 용산구청,2026-06-13
용산2가동586,1,,서울특별시 용산구용산2가동 48-12,,,2024,,02-2199-7880,서울특별시 용산구청,2026-06-13
용산2가동587,1,,서울특별시 용산구용산2가동 48-13,,,2012,,02-2199-7880,서울특별시 용산구청,2026-06-13
용산2가동588,1,,서울특별시 용산구용산2가동 48-12,,,2012,,02-2199-7880,서울특별시 용산구청,2026-06-13
용산2가동589,1,,서울특별시 용산구용산2가동 48-12,,,2012,,02-2199-7880,서울특별시 용산구청,2026-06-13
용산2가동59,1,,서울특별시 용산구용산2가동 5-212,,,2024,,02-2199-7880,서울특별시 용산구청,2026-06-13
용산2가동590,1,,서울특별시 용산구용산2가동 38-25,,,2012,,02-2199-7880,서울특별시 용산구청,2026-06-13
용산2가동591,1,,서울특별시 용산구용산2가동 38-12,,,2012,,02-2199-7880,서울특별시 용산구청,2026-06-13
용산2가동592,1,,서울특별시 용산구용산2가동 48-10,,,2012,,02-2199-7880,서울특별시 용산구청,2026-06-13
용산2가동593,1,,서울특별시 용산구용산2가동 48-10,,,2012,,02-2199-7880,서울특별시 용산구청,2026-06-13
용산2가동595,1,,서울특별시 용산구용산2가동 48,,,2012,,02-2199-7880,서울특별시 용산구청,2026-06-13
용산2가동596,1,,서울특별시 용산구용산2가동 48,,,2012,,02-2199-7880,서울특별시 용산구청,2026-06-13
용산2가동597,1,,서울특별시 용산구용산2가동 45-2,,,2012,,02-2199-7880,서울특별시 용산구청,2026-06-13
용산2가동598,1,,서울특별시 용산구용산2가동 45-16,,,2012,,02-2199-7880,서울특별시 용산구청,2026-06-13
용산2가동599,1,,서울특별시 용산구용산2가동 45-3,,,2012,,02-2199-7880,서울특별시 용산구청,2026-06-13
용산2가동6,1,,서울특별시 용산구용산2가동 11,,,2024,,02-2199-7880,서울특별시 용산구청,2026-06-13
용산2가동60,1,,서울특별시 용산구용산2가동 5-206,,,2024,,02-2199-7880,서울특별시 용산구청,2026-06-13
용산2가동600,1,,서울특별시 용산구용산2가동 48-2,,,2024,,02-2199-7880,서울특별시 용산구청,2026-06-13
용산2가동601,1,,서울특별시 용산구용산2가동 47-9,,,2012,,02-2199-7880,서울특별시 용산구청,2026-06-13
용산2가동602,1,,서울특별시 용산구용산2가동 45-5,,,2024,,02-2199-7880,서울특별시 용산구청,2026-06-13
용산2가동603,1,,서울특별시 용산구용산2가동 45-8,,,2024,,02-2199-7880,서울특별시 용산구청,2026-06-13
용산2가동604,1,,서울특별시 용산구용산2가동 48-2,,,2024,,02-2199-7880,서울특별시 용산구청,2026-06-13
용산2가동605,1,,서울특별시 용산구용산2가동 45-12,,,2019,,02-2199-7880,서울특별시 용산구청,2026-06-13
용산2가동606,1,,서울특별시 용산구용산2가동 45-12,,,2012,,02-2199-7880,서울특별시 용산구청,2026-06-13
용산2가동607,1,,서울특별시 용산구용산2가동 48,,,2012,,02-2199-7880,서울특별시 용산구청,2026-06-13
용산2가동608,1,,서울특별시 용산구용산2가동 48,,,2012,,02-2199-7880,서울특별시 용산구청,2026-06-13
용산2가동61,1,,서울특별시 용산구용산2가동 5-177,,,2024,,02-2199-7880,서울특별시 용산구청,2026-06-13
용산2가동611,1,,서울특별시 용산구용산2가동 48,,,2012,,02-2199-7880,서울특별시 용산구청,2026-06-13
용산2가동612,1,,서울특별시 용산구용산2가동 48-13,,,2024,,02-2199-7880,서울특별시 용산구청,2026-06-13
용산2가동613,1,,서울특별시 용산구용산2가동 48-13,,,2012,,02-2199-7880,서울특별시 용산구청,2026-06-13
용산2가동615,1,,서울특별시 용산구용산2가동 39-30,,,2012,,02-2199-7880,서울특별시 용산구청,2026-06-13
용산2가동616,1,,서울특별시 용산구용산2가동 39-29,,,2024,,02-2199-7880,서울특별시 용산구청,2026-06-13
용산2가동618,1,,서울특별시 용산구용산2가동 39-30,,,2012,,02-2199-7880,서울특별시 용산구청,2026-06-13
용산2가동619,1,,서울특별시 용산구용산2가동 48,,,2012,,02-2199-7880,서울특별시 용산구청,2026-06-13
용산2가동62,1,,서울특별시 용산구용산2가동 5-124,,,2024,,02-2199-7880,서울특별시 용산구청,2026-06-13
용산2가동621,1,,서울특별시 용산구용산2가동 48-12,,,2012,,02-2199-7880,서울특별시 용산구청,2026-06-13
용산2가동622,1,,서울특별시 용산구용산2가동 48,,,2012,,02-2199-7880,서울특별시 용산구청,2026-06-13
용산2가동623,1,,서울특별시 용산구용산2가동 48,,,2013,,02-2199-7880,서울특별시 용산구청,2026-06-13
용산2가동624,1,,서울특별시 용산구용산2가동 5-766,,,2024,,02-2199-7880,서울특별시 용산구청,2026-06-13
용산2가동625,1,,서울특별시 용산구용산2가동 5-129,,,2024,,02-2199-7880,서울특별시 용산구청,2026-06-13
용산2가동626,1,,서울특별시 용산구용산2가동 48,,,2012,,02-2199-7880,서울특별시 용산구청,2026-06-13
용산2가동627,1,,서울특별시 용산구용산2가동 46-3,,,2024,,02-2199-7880,서울특별시 용산구청,2026-06-13
용산2가동628,1,,서울특별시 용산구용산2가동 46-2,,,2024,,02-2199-7880,서울특별시 용산구청,2026-06-13
용산2가동629,1,,서울특별시 용산구용산2가동 48-1,,,2024,,02-2199-7880,서울특별시 용산구청,2026-06-13
용산2가동63,1,,서울특별시 용산구용산2가동 5-172,,,2022,,02-2199-7880,서울특별시 용산구청,2026-06-13
용산2가동630,1,,서울특별시 용산구용산2가동 48-1,,,2024,,02-2199-7880,서울특별시 용산구청,2026-06-13
용산2가동631,1,,서울특별시 용산구용산2가동 48-1,,,2024,,02-2199-7880,서울특별시 용산구청,2026-06-13
용산2가동632,1,,서울특별시 용산구용산2가동 48-1,,,2024,,02-2199-7880,서울특별시 용산구청,2026-06-13
용산2가동633,1,,서울특별시 용산구용산2가동 45-12,,,2020,,02-2199-7880,서울특별시 용산구청,2026-06-13
용산2가동634,1,,서울특별시 용산구용산2가동 48-2,,,2012,,02-2199-7880,서울특별시 용산구청,2026-06-13
용산2가동635,1,,서울특별시 용산구용산2가동 47-17,,,2024,,02-2199-7880,서울특별시 용산구청,2026-06-13
용산2가동636,1,,서울특별시 용산구용산2가동 48-2,,,2024,,02-2199-7880,서울특별시 용산구청,2026-06-13
용산2가동637,1,,서울특별시 용산구용산2가동 48-2,,,2024,,02-2199-7880,서울특별시 용산구청,2026-06-13
용산2가동638,1,,서울특별시 용산구용산2가동 46-6,,,2024,,02-2199-7880,서울특별시 용산구청,2026-06-13
용산2가동64,1,,서울특별시 용산구용산2가동 5-172,,,2024,,02-2199-7880,서울특별시 용산구청,2026-06-13
용산2가동640,1,,서울특별시 용산구용산2가동 48-2,,,2024,,02-2199-7880,서울특별시 용산구청,2026-06-13
용산2가동641,1,,서울특별시 용산구용산2가동 47-17,,,2024,,02-2199-7880,서울특별시 용산구청,2026-06-13
용산2가동642,1,,서울특별시 용산구용산2가동 48,,,2012,,02-2199-7880,서울특별시 용산구청,2026-06-13
용산2가동643,1,,서울특별시 용산구용산2가동 48,,,2012,,02-2199-7880,서울특별시 용산구청,2026-06-13
용산2가동644,1,,서울특별시 용산구용산2가동 48,,,2020,,02-2199-7880,서울특별시 용산구청,2026-06-13
용산2가동645,1,,서울특별시 용산구용산2가동 48,,,2012,,02-2199-7880,서울특별시 용산구청,2026-06-13
용산2가동646,1,,서울특별시 용산구용산2가동 48,,,2012,,02-2199-7880,서울특별시 용산구청,2026-06-13
용산2가동647,1,,서울특별시 용산구용산2가동 48,,,2012,,02-2199-7880,서울특별시 용산구청,2026-06-13
용산2가동648,1,,서울특별시 용산구용산2가동 5-86,,,2024,,02-2199-7880,서울특별시 용산구청,2026-06-13
용산2가동649,1,,서울특별시 용산구용산2가동 48,,,2012,,02-2199-7880,서울특별시 용산구청,2026-06-13
용산2가동65,1,,서울특별시 용산구용산2가동 5-172,,,2012,,02-2199-7880,서울특별시 용산구청,2026-06-13
용산2가동651,1,,서울특별시 용산구용산2가동 47-18,,,2012,,02-2199-7880,서울특별시 용산구청,2026-06-13
용산2가동652,1,,서울특별시 용산구용산2가동 47-18,,,2023,,02-2199-7880,서울특별시 용산구청,2026-06-13
용산2가동653,1,,서울특별시 용산구용산2가동 47-18,,,2023,,02-2199-7880,서울특별시 용산구청,2026-06-13
용산2가동654,1,,서울특별시 용산구용산2가동 1-38,,,2024,,02-2199-7880,서울특별시 용산구청,2026-06-13
용산2가동655,1,,서울특별시 용산구용산2가동 1-78,,,2024,,02-2199-7880,서울특별시 용산구청,2026-06-13
용산2가동656,1,,서울특별시 용산구용산2가동 1-62,,,2024,,02-2199-7880,서울특별시 용산구청,2026-06-13
용산2가동66,1,,서울특별시 용산구용산2가동 5-131,,,2024,,02-2199-7880,서울특별시 용산구청,2026-06-13
용산2가동67,1,,서울특별시 용산구용산2가동 5-230,,,2024,,02-2199-7880,서울특별시 용산구청,2026-06-13
용산2가동68,1,,서울특별시 용산구용산2가동 48-4,,,2024,,02-2199-7880,서울특별시 용산구청,2026-06-13
용산2가동69,1,,서울특별시 용산구용산2가동 14-10,,,2024,,02-2199-7880,서울특별시 용산구청,2026-06-13
용산2가동7,1,,서울특별시 용산구용산2가동 11,,,2023,,02-2199-7880,서울특별시 용산구청,2026-06-13
용산2가동70,1,,서울특별시 용산구용산2가동 48-3,,,2024,,02-2199-7880,서울특별시 용산구청,2026-06-13
용산2가동704,1,,서울특별시 용산구용산2가동 23-4,,,2024,,02-2199-7880,서울특별시 용산구청,2026-06-13
용산2가동705,1,,서울특별시 용산구용산2가동 48-3,,,2024,,02-2199-7880,서울특별시 용산구청,2026-06-13
용산2가동706,1,,서울특별시 용산구용산2가동 1-188,,,2024,,02-2199-7880,서울특별시 용산구청,2026-06-13
용산2가동707,1,,서울특별시 용산구용산2가동 1-188,,,2024,,02-2199-7880,서울특별시 용산구청,2026-06-13
용산2가동708,1,,서울특별시 용산구용산2가동 48-1,,,2023,,02-2199-7880,서울특별시 용산구청,2026-06-13
용산2가동708-1,1,,서울특별시 용산구용산2가동 1-113,,,2024,,02-2199-7880,서울특별시 용산구청,2026-06-13
용산2가동71,1,,서울특별시 용산구용산2가동 48-3,,,2024,,02-2199-7880,서울특별시 용산구청,2026-06-13
용산2가동710,1,,서울특별시 용산구용산2가동 5-554,,,2023,,02-2199-7880,서울특별시 용산구청,2026-06-13
용산2가동711,1,,서울특별시 용산구용산2가동 5-554,,,2023,,02-2199-7880,서울특별시 용산구청,2026-06-13
용산2가동713,1,,서울특별시 용산구용산2가동 1-185,,,2023,,02-2199-7880,서울특별시 용산구청,2026-06-13
용산2가동715,1,,서울특별시 용산구용산2가동 5-422,,,2012,,02-2199-7880,서울특별시 용산구청,2026-06-13
용산2가동716,1,,서울특별시 용산구용산2가동 5-178,,,2012,,02-2199-7880,서울특별시 용산구청,2026-06-13
용산2가동717,1,,서울특별시 용산구용산2가동 5-174,,,2012,,02-2199-7880,서울특별시 용산구청,2026-06-13
용산2가동718,1,,서울특별시 용산구용산2가동 5-157,,,2024,,02-2199-7880,서울특별시 용산구청,2026-06-13
용산2가동719,1,,서울특별시 용산구용산2가동 5-179,,,2024,,02-2199-7880,서울특별시 용산구청,2026-06-13
용산2가동72,1,,서울특별시 용산구용산2가동 5-233,,,2024,,02-2199-7880,서울특별시 용산구청,2026-06-13
용산2가동720,1,,서울특별시 용산구용산2가동 5-179,,,2024,,02-2199-7880,서울특별시 용산구청,2026-06-13
용산2가동721,1,,서울특별시 용산구용산2가동 5-179,,,2024,,02-2199-7880,서울특별시 용산구청,2026-06-13
용산2가동722,1,,서울특별시 용산구용산2가동 5-127,,,2024,,02-2199-7880,서울특별시 용산구청,2026-06-13
용산2가동723,1,,서울특별시 용산구용산2가동 5-178,,,2024,,02-2199-7880,서울특별시 용산구청,2026-06-13
용산2가동724,1,,서울특별시 용산구용산2가동 1-124,,,2024,,02-2199-7880,서울특별시 용산구청,2026-06-13
용산2가동728,1,,서울특별시 용산구용산2가동 1-135,,,2025,,02-2199-7880,서울특별시 용산구청,2026-06-13
용산2가동729,1,,서울특별시 용산구용산2가동 48,,,2025,,02-2199-7880,서울특별시 용산구청,2026-06-13
용산2가동73,1,,서울특별시 용산구용산2가동 5-487,,,2024,,02-2199-7880,서울특별시 용산구청,2026-06-13
용산2가동731,1,,서울특별시 용산구용산2가동 48,,,2025,,02-2199-7880,서울특별시 용산구청,2026-06-13
용산2가동732,1,,서울특별시 용산구용산2가동 1-457,,,2025,,02-2199-7880,서울특별시 용산구청,2026-06-13
용산2가동737,1,,서울특별시 용산구용산2가동 1-173,,,2025,,02-2199-7880,서울특별시 용산구청,2026-06-13
용산2가동74,1,,서울특별시 용산구용산2가동 5-186,,,2024,,02-2199-7880,서울특별시 용산구청,2026-06-13
용산2가동75,1,,서울특별시 용산구용산2가동 5-124,,,2024,,02-2199-7880,서울특별시 용산구청,2026-06-13
용산2가동76,1,,서울특별시 용산구용산2가동 5-236,,,2024,,02-2199-7880,서울특별시 용산구청,2026-06-13
용산2가동77,1,,서울특별시 용산구용산2가동 5-224,,,2024,,02-2199-7880,서울특별시 용산구청,2026-06-13
용산2가동78,1,,서울특별시 용산구용산2가동 5-221,,,2024,,02-2199-7880,서울특별시 용산구청,2026-06-13
용산2가동79,1,,서울특별시 용산구용산2가동 5-202,,,2024,,02-2199-7880,서울특별시 용산구청,2026-06-13
용산2가동8,1,,서울특별시 용산구용산2가동 11-13,,,2012,,02-2199-7880,서울특별시 용산구청,2026-06-13
용산2가동80,1,,서울특별시 용산구용산2가동 5-426,,,2024,,02-2199-7880,서울특별시 용산구청,2026-06-13
용산2가동81,1,,서울특별시 용산구용산2가동 5-127,,,2024,,02-2199-7880,서울특별시 용산구청,2026-06-13
용산2가동82,1,,서울특별시 용산구용산2가동 5-172,,,2012,,02-2199-7880,서울특별시 용산구청,2026-06-13
용산2가동83,1,,서울특별시 용산구용산2가동 5-127,,,2012,,02-2199-7880,서울특별시 용산구청,2026-06-13
용산2가동84,1,,서울특별시 용산구용산2가동 5-179,,,2012,,02-2199-7880,서울특별시 용산구청,2026-06-13
용산2가동85,1,,서울특별시 용산구용산2가동 5-179,,,2012,,02-2199-7880,서울특별시 용산구청,2026-06-13
용산2가동86,1,,서울특별시 용산구용산2가동 5-179,,,2012,,02-2199-7880,서울특별시 용산구청,2026-06-13
용산2가동87,1,,서울특별시 용산구용산2가동 5-157,,,2012,,02-2199-7880,서울특별시 용산구청,2026-06-13
용산2가동88,1,,서울특별시 용산구용산2가동 5-150,,,2024,,02-2199-7880,서울특별시 용산구청,2026-06-13
용산2가동89,1,,서울특별시 용산구용산2가동 5-150,,,2024,,02-2199-7880,서울특별시 용산구청,2026-06-13
용산2가동9,1,,서울특별시 용산구용산2가동 11-15,,,2024,,02-2199-7880,서울특별시 용산구청,2026-06-13
용산2가동90,1,,서울특별시 용산구용산2가동 5-150,,,2024,,02-2199-7880,서울특별시 용산구청,2026-06-13
용산2가동91,1,,서울특별시 용산구용산2가동 5-205,,,2024,,02-2199-7880,서울특별시 용산구청,2026-06-13
용산2가동92,1,,서울특별시 용산구용산2가동 5-149,,,2024,,02-2199-7880,서울특별시 용산구청,2026-06-13
용산2가동93,1,,서울특별시 용산구용산2가동 5-149,,,2024,,02-2199-7880,서울특별시 용산구청,2026-06-13
용산2가동94,1,,서울특별시 용산구용산2가동 5-147,,,2012,,02-2199-7880,서울특별시 용산구청,2026-06-13
용산2가동95,1,,서울특별시 용산구용산2가동 5-146,,,2012,,02-2199-7880,서울특별시 용산구청,2026-06-13
용산2가동96,1,,서울특별시 용산구용산2가동 5-146,,,2012,,02-2199-7880,서울특별시 용산구청,2026-06-13
용산2가동97,1,,서울특별시 용산구용산2가동 5-193,,,2012,,02-2199-7880,서울특별시 용산구청,2026-06-13
용산2가동98,1,,서울특별시 용산구용산2가동 5-145,,,2012,,02-2199-7880,서울특별시 용산구청,2026-06-13
용산2가동99,1,,서울특별시 용산구용산2가동 5-145,,,2012,,02-2199-7880,서울특별시 용산구청,2026-06-13
용산2가동X,1,,서울특별시 용산구용산2가동 12-13,,,2024,,02-2199-7880,서울특별시 용산구청,2026-06-13
용산동2가164,1,,서울특별시 용산구용산2가동 20-15,,,2024,,02-2199-7880,서울특별시 용산구청,2026-06-13
용산동2가167,1,,서울특별시 용산구용산2가동 21-1,,,2024,,02-2199-7880,서울특별시 용산구청,2026-06-13
용산동2가190,1,,서울특별시 용산구용산2가동 1-172,,,2024,,02-2199-7880,서울특별시 용산구청,2026-06-13
용산동2가192,1,,서울특별시 용산구용산2가동 1-139,,,2024,,02-2199-7880,서울특별시 용산구청,2026-06-13
용산동2가197,1,,서울특별시 용산구용산2가동 1-124,,,2024,,02-2199-7880,서울특별시 용산구청,2026-06-13
용산동2가204,1,,서울특별시 용산구용산2가동 1-188,,,2024,,02-2199-7880,서울특별시 용산구청,2026-06-13
용산동2가211,1,,서울특별시 용산구용산2가동 43-13,,,2024,,02-2199-7880,서울특별시 용산구청,2026-06-13
용산동2가229,1,,서울특별시 용산구용산2가동 1-457,,,2024,,02-2199-7880,서울특별시 용산구청,2026-06-13
용산동2가230,1,,서울특별시 용산구용산2가동 1-457,,,2024,,02-2199-7880,서울특별시 용산구청,2026-06-13
용산동2가237,1,,서울특별시 용산구용산2가동 20-6,,,2024,,02-2199-7880,서울특별시 용산구청,2026-06-13
용산동2가238,1,,서울특별시 용산구용산2가동 20-2,,,2024,,02-2199-7880,서울특별시 용산구청,2026-06-13
용산동2가239,1,,서울특별시 용산구용산2가동 19-12,,,2024,,02-2199-7880,서울특별시 용산구청,2026-06-13
용산동2가24,1,,서울특별시 용산구용산2가동 19-7,,,2024,,02-2199-7880,서울특별시 용산구청,2026-06-13
용산동2가240,1,,서울특별시 용산구용산2가동 1-131,,,2024,,02-2199-7880,서울특별시 용산구청,2026-06-13
용산동2가242,1,,서울특별시 용산구용산2가동 1-132,,,2024,,02-2199-7880,서울특별시 용산구청,2026-06-13
용산동2가243,1,,서울특별시 용산구용산2가동 1-132,,,2024,,02-2199-7880,서울특별시 용산구청,2026-06-13
용산동2가246,1,,서울특별시 용산구용산2가동 5-115,,,2024,,02-2199-7880,서울특별시 용산구청,2026-06-13
용산동2가249,1,,서울특별시 용산구용산2가동 5-116,,,2024,,02-2199-7880,서울특별시 용산구청,2026-06-13
용산동2가250,1,,서울특별시 용산구용산2가동 5-116,,,2024,,02-2199-7880,서울특별시 용산구청,2026-06-13
용산동2가251,1,,서울특별시 용산구용산2가동 5-554,,,2024,,02-2199-7880,서울특별시 용산구청,2026-06-13
용산동2가252,1,,서울특별시 용산구용산2가동 5-116,,,2024,,02-2199-7880,서울특별시 용산구청,2026-06-13
용산동2가255,1,,서울특별시 용산구용산2가동 1-136,,,2024,,02-2199-7880,서울특별시 용산구청,2026-06-13
용산동2가259,1,,서울특별시 용산구용산2가동 1-703,,,2024,,02-2199-7880,서울특별시 용산구청,2026-06-13
용산동2가260,1,,서울특별시 용산구용산2가동 1-702,,,2024,,02-2199-7880,서울특별시 용산구청,2026-06-13
용산동2가261,1,,서울특별시 용산구용산2가동 1-457,,,2024,,02-2199-7880,서울특별시 용산구청,2026-06-13
용산동2가263,1,,서울특별시 용산구용산2가동 1-194,,,2024,,02-2199-7880,서울특별시 용산구청,2026-06-13
용산동2가264,1,,서울특별시 용산구용산2가동 1-193,,,2024,,02-2199-7880,서울특별시 용산구청,2026-06-13
용산동2가267,1,,서울특별시 용산구용산2가동 1-206,,,2024,,02-2199-7880,서울특별시 용산구청,2026-06-13
용산동2가268,1,,서울특별시 용산구용산2가동 1-206,,,2024,,02-2199-7880,서울특별시 용산구청,2026-06-13
용산동2가269,1,,서울특별시 용산구용산2가동 1-206,,,2024,,02-2199-7880,서울특별시 용산구청,2026-06-13
용산동2가270,1,,서울특별시 용산구용산2가동 1-159,,,2024,,02-2199-7880,서울특별시 용산구청,2026-06-13
용산동2가278,1,,서울특별시 용산구용산2가동 1-191,,,2024,,02-2199-7880,서울특별시 용산구청,2026-06-13
용산동2가285,1,,서울특별시 용산구용산2가동 1-360,,,2024,,02-2199-7880,서울특별시 용산구청,2026-06-13
용산동2가287,1,,서울특별시 용산구용산2가동 1-457,,,2024,,02-2199-7880,서울특별시 용산구청,2026-06-13
용산동2가288,1,,서울특별시 용산구용산2가동 1-457,,,2024,,02-2199-7880,서울특별시 용산구청,2026-06-13
용산동2가290,1,,서울특별시 용산구용산2가동 1-350,,,2024,,02-2199-7880,서울특별시 용산구청,2026-06-13
용산동2가292,1,,서울특별시 용산구용산2가동 1-335,,,2024,,02-2199-7880,서울특별시 용산구청,2026-06-13
용산동2가293,1,,서울특별시 용산구용산2가동 1-164,,,2024,,02-2199-7880,서울특별시 용산구청,2026-06-13
용산동2가295,1,,서울특별시 용산구용산2가동 1-391,,,2024,,02-2199-7880,서울특별시 용산구청,2026-06-13
용산동2가296,1,,서울특별시 용산구용산2가동 1-457,,,2024,,02-2199-7880,서울특별시 용산구청,2026-06-13
용산동2가297,1,,서울특별시 용산구용산2가동 1-390,,,2024,,02-2199-7880,서울특별시 용산구청,2026-06-13
용산동2가298,1,,서울특별시 용산구용산2가동 1-457,,,2024,,02-2199-7880,서울특별시 용산구청,2026-06-13
용산동2가299,1,,서울특별시 용산구용산2가동 1-412,,,2024,,02-2199-7880,서울특별시 용산구청,2026-06-13
용산동2가300,1,,서울특별시 용산구용산2가동 1-397,,,2024,,02-2199-7880,서울특별시 용산구청,2026-06-13
용산동2가301,1,,서울특별시 용산구용산2가동 1-152,,,2024,,02-2199-7880,서울특별시 용산구청,2026-06-13
용산동2가302,1,,서울특별시 용산구용산2가동 1-342,,,2024,,02-2199-7880,서울특별시 용산구청,2026-06-13
용산동2가303,1,,서울특별시 용산구용산2가동 1-141,,,2024,,02-2199-7880,서울특별시 용산구청,2026-06-13
용산동2가308,1,,서울특별시 용산구용산2가동 1-457,,,2024,,02-2199-7880,서울특별시 용산구청,2026-06-13
용산동2가309,1,,서울특별시 용산구용산2가동 1-404,,,2024,,02-2199-7880,서울특별시 용산구청,2026-06-13
용산동2가310,1,,서울특별시 용산구용산2가동 1-389,,,2024,,02-2199-7880,서울특별시 용산구청,2026-06-13
용산동2가311,1,,서울특별시 용산구용산2가동 1-457,,,2024,,02-2199-7880,서울특별시 용산구청,2026-06-13
용산동2가312,1,,서울특별시 용산구용산2가동 1-457,,,2024,,02-2199-7880,서울특별시 용산구청,2026-06-13
용산동2가315,1,,서울특별시 용산구용산2가동 1-416,,,2024,,02-2199-7880,서울특별시 용산구청,2026-06-13
용산동2가317,1,,서울특별시 용산구용산2가동 1-377,,,2024,,02-2199-7880,서울특별시 용산구청,2026-06-13
용산동2가320,1,,서울특별시 용산구용산2가동 1-370,,,2024,,02-2199-7880,서울특별시 용산구청,2026-06-13
용산동2가323,1,,서울특별시 용산구용산2가동 1-373,,,2024,,02-2199-7880,서울특별시 용산구청,2026-06-13
용산동2가325,1,,서울특별시 용산구용산2가동 1-140,,,2024,,02-2199-7880,서울특별시 용산구청,2026-06-13
용산동2가327,1,,서울특별시 용산구용산2가동 1-725,,,2024,,02-2199-7880,서울특별시 용산구청,2026-06-13
용산동2가328,1,,서울특별시 용산구용산2가동 1-120,,,2024,,02-2199-7880,서울특별시 용산구청,2026-06-13
용산동2가330,1,,서울특별시 용산구용산2가동 1-365,,,2024,,02-2199-7880,서울특별시 용산구청,2026-06-13
용산동2가332,1,,서울특별시 용산구용산2가동 1-374,,,2024,,02-2199-7880,서울특별시 용산구청,2026-06-13
용산동2가333,1,,서울특별시 용산구용산2가동 1-160,,,2024,,02-2199-7880,서울특별시 용산구청,2026-06-13
용산동2가346,1,,서울특별시 용산구용산2가동 1-541,,,2024,,02-2199-7880,서울특별시 용산구청,2026-06-13
용산동2가354,1,,서울특별시 용산구용산2가동 47-20,,,2024,,02-2199-7880,서울특별시 용산구청,2026-06-13
용산동2가363,1,,서울특별시 용산구용산2가동 27-8,,,2024,,02-2199-7880,서울특별시 용산구청,2026-06-13
용산동2가365,1,,서울특별시 용산구용산2가동 29-1,,,2024,,02-2199-7880,서울특별시 용산구청,2026-06-13
용산동2가366,1,,서울특별시 용산구용산2가동 22-14,,,2024,,02-2199-7880,서울특별시 용산구청,2026-06-13
용산동2가369,1,,서울특별시 용산구용산2가동 29,,,2024,,02-2199-7880,서울특별시 용산구청,2026-06-13
용산동2가370,1,,서울특별시 용산구용산2가동 30-8,,,2024,,02-2199-7880,서울특별시 용산구청,2026-06-13
용산동2가372,1,,서울특별시 용산구용산2가동 36-12,,,2024,,02-2199-7880,서울특별시 용산구청,2026-06-13
용산동2가376,1,,서울특별시 용산구용산2가동 37-8,,,2024,,02-2199-7880,서울특별시 용산구청,2026-06-13
용산동2가378,1,,서울특별시 용산구용산2가동 36-20,,,2024,,02-2199-7880,서울특별시 용산구청,2026-06-13
용산동2가381,1,,서울특별시 용산구용산2가동 30-17,,,2024,,02-2199-7880,서울특별시 용산구청,2026-06-13
용산동2가382,1,,서울특별시 용산구용산2가동 30-3,,,2024,,02-2199-7880,서울특별시 용산구청,2026-06-13
용산동2가384,1,,서울특별시 용산구용산2가동 48-8,,,2024,,02-2199-7880,서울특별시 용산구청,2026-06-13
용산동2가387,1,,서울특별시 용산구용산2가동 30-5,,,2024,,02-2199-7880,서울특별시 용산구청,2026-06-13
용산동2가388,1,,서울특별시 용산구용산2가동 30-6,,,2024,,02-2199-7880,서울특별시 용산구청,2026-06-13
용산동2가391,1,,서울특별시 용산구용산2가동 40,,,2024,,02-2199-7880,서울특별시 용산구청,2026-06-13
용산동2가393,1,,서울특별시 용산구용산2가동 35-19,,,2024,,02-2199-7880,서울특별시 용산구청,2026-06-13
용산동2가394,1,,서울특별시 용산구용산2가동 35-36,,,2024,,02-2199-7880,서울특별시 용산구청,2026-06-13
용산동2가395,1,,서울특별시 용산구용산2가동 35-26,,,2024,,02-2199-7880,서울특별시 용산구청,2026-06-13
용산동2가398,1,,서울특별시 용산구용산2가동 35-16,,,2024,,02-2199-7880,서울특별시 용산구청,2026-06-13
용산동2가399,1,,서울특별시 용산구용산2가동 34-27,,,2024,,02-2199-7880,서울특별시 용산구청,2026-06-13
용산동2가400,1,,서울특별시 용산구용산2가동 34-29,,,2024,,02-2199-7880,서울특별시 용산구청,2026-06-13
용산동2가401,1,,서울특별시 용산구용산2가동 35-12,,,2024,,02-2199-7880,서울특별시 용산구청,2026-06-13
용산동2가417,1,,서울특별시 용산구용산2가동 33-19,,,2024,,02-2199-7880,서울특별시 용산구청,2026-06-13
용산동2가419,1,,서울특별시 용산구용산2가동 10-8,,,2024,,02-2199-7880,서울특별시 용산구청,2026-06-13
용산동2가420,1,,서울특별시 용산구용산2가동 33-12,,,2024,,02-2199-7880,서울특별시 용산구청,2026-06-13
용산동2가423,1,,서울특별시 용산구용산2가동 33-4,,,2024,,02-2199-7880,서울특별시 용산구청,2026-06-13
용산동2가425,1,,서울특별시 용산구용산2가동 5-111,,,2024,,02-2199-7880,서울특별시 용산구청,2026-06-13
용산동2가433,1,,서울특별시 용산구용산2가동 33-16,,,2024,,02-2199-7880,서울특별시 용산구청,2026-06-13
용산동2가434,1,,서울특별시 용산구용산2가동 33-10,,,2024,,02-2199-7880,서울특별시 용산구청,2026-06-13
용산동2가435,1,,서울특별시 용산구용산2가동 33-17,,,2024,,02-2199-7880,서울특별시 용산구청,2026-06-13
용산동2가436,1,,서울특별시 용산구용산2가동 31-6,,,2024,,02-2199-7880,서울특별시 용산구청,2026-06-13
용산동2가439,1,,서울특별시 용산구용산2가동 5-115,,,2024,,02-2199-7880,서울특별시 용산구청,2026-06-13
용산동2가440,1,,서울특별시 용산구용산2가동 5-112,,,2024,,02-2199-7880,서울특별시 용산구청,2026-06-13
용산동2가441,1,,서울특별시 용산구용산2가동 5-112,,,2024,,02-2199-7880,서울특별시 용산구청,2026-06-13
용산동2가442,1,,서울특별시 용산구용산2가동 5-554,,,2024,,02-2199-7880,서울특별시 용산구청,2026-06-13
용산동2가453,1,,서울특별시 용산구용산2가동 5-123,,,2024,,02-2199-7880,서울특별시 용산구청,2026-06-13
용산동2가454,1,,서울특별시 용산구용산2가동 5-122,,,2024,,02-2199-7880,서울특별시 용산구청,2026-06-13
용산동2가455,1,,서울특별시 용산구용산2가동 5-122,,,2024,,02-2199-7880,서울특별시 용산구청,2026-06-13
용산동2가456,1,,서울특별시 용산구용산2가동 5-554,,,2024,,02-2199-7880,서울특별시 용산구청,2026-06-13
용산동2가458,1,,서울특별시 용산구용산2가동 5-554,,,2024,,02-2199-7880,서울특별시 용산구청,2026-06-13
용산동2가459,1,,서울특별시 용산구용산2가동 5-554,,,2024,,02-2199-7880,서울특별시 용산구청,2026-06-13
용산동2가460,1,,서울특별시 용산구용산2가동 5-119,,,2024,,02-2199-7880,서울특별시 용산구청,2026-06-13
용산동2가463,1,,서울특별시 용산구용산2가동 1-123,,,2024,,02-2199-7880,서울특별시 용산구청,2026-06-13
용산동2가464,1,,서울특별시 용산구용산2가동 2-15,,,2024,,02-2199-7880,서울특별시 용산구청,2026-06-13
용산동2가465,1,,서울특별시 용산구용산2가동 1-151,,,2024,,02-2199-7880,서울특별시 용산구청,2026-06-13
용산동2가466,1,,서울특별시 용산구용산2가동 1-135,,,2024,,02-2199-7880,서울특별시 용산구청,2026-06-13
용산동2가467,1,,서울특별시 용산구용산2가동 1-114,,,2024,,02-2199-7880,서울특별시 용산구청,2026-06-13
용산동2가472,1,,서울특별시 용산구용산2가동 1-116,,,2024,,02-2199-7880,서울특별시 용산구청,2026-06-13
용산동2가474,1,,서울특별시 용산구용산2가동 1-146,,,2024,,02-2199-7880,서울특별시 용산구청,2026-06-13
용산동2가475,1,,서울특별시 용산구용산2가동 1-160,,,2024,,02-2199-7880,서울특별시 용산구청,2026-06-13
용산동2가476,1,,서울특별시 용산구용산2가동 1-161,,,2024,,02-2199-7880,서울특별시 용산구청,2026-06-13
용산동2가477,1,,서울특별시 용산구용산2가동 1-166,,,2024,,02-2199-7880,서울특별시 용산구청,2026-06-13
용산동2가478,1,,서울특별시 용산구용산2가동 1-166,,,2024,,02-2199-7880,서울특별시 용산구청,2026-06-13
용산동2가479,1,,서울특별시 용산구용산2가동 1-135,,,2024,,02-2199-7880,서울특별시 용산구청,2026-06-13
용산동2가480,1,,서울특별시 용산구용산2가동 1-135,,,2024,,02-2199-7880,서울특별시 용산구청,2026-06-13
용산동2가481,1,,서울특별시 용산구용산2가동 1-114,,,2024,,02-2199-7880,서울특별시 용산구청,2026-06-13
용산동2가482,1,,서울특별시 용산구용산2가동 1-114,,,2024,,02-2199-7880,서울특별시 용산구청,2026-06-13
용산동2가483,1,,서울특별시 용산구용산2가동 10-42,,,2024,,02-2199-7880,서울특별시 용산구청,2026-06-13
용산동2가484,1,,서울특별시 용산구용산2가동 1-114,,,2024,,02-2199-7880,서울특별시 용산구청,2026-06-13
용산동2가485,1,,서울특별시 용산구용산2가동 10-41,,,2024,,02-2199-7880,서울특별시 용산구청,2026-06-13
용산동2가486,1,,서울특별시 용산구용산2가동 10-36,,,2024,,02-2199-7880,서울특별시 용산구청,2026-06-13
용산동2가488,1,,서울특별시 용산구용산2가동 1-114,,,2024,,02-2199-7880,서울특별시 용산구청,2026-06-13
용산동2가489,1,,서울특별시 용산구용산2가동 9-24,,,2024,,02-2199-7880,서울특별시 용산구청,2026-06-13
용산동2가490,1,,서울특별시 용산구용산2가동 9-15,,,2024,,02-2199-7880,서울특별시 용산구청,2026-06-13
용산동2가491,1,,서울특별시 용산구용산2가동 10-4,,,2024,,02-2199-7880,서울특별시 용산구청,2026-06-13
용산동2가494,1,,서울특별시 용산구용산2가동 10-32,,,2024,,02-2199-7880,서울특별시 용산구청,2026-06-13
용산동2가495,1,,서울특별시 용산구용산2가동 10-33,,,2024,,02-2199-7880,서울특별시 용산구청,2026-06-13
용산동2가501,1,,서울특별시 용산구용산2가동 10-19,,,2024,,02-2199-7880,서울특별시 용산구청,2026-06-13
용산동2가502,1,,서울특별시 용산구용산2가동 10-21,,,2024,,02-2199-7880,서울특별시 용산구청,2026-06-13
용산동2가543,1,,서울특별시 용산구용산2가동 43-14,,,2024,,02-2199-7880,서울특별시 용산구청,2026-06-13
용산동2가557,1,,서울특별시 용산구용산2가동 43-6,,,2024,,02-2199-7880,서울특별시 용산구청,2026-06-13
용산동2가558,1,,서울특별시 용산구용산2가동 43-12,,,2024,,02-2199-7880,서울특별시 용산구청,2026-06-13
용산동2가560,1,,서울특별시 용산구용산2가동 42-18,,,2024,,02-2199-7880,서울특별시 용산구청,2026-06-13
용산동2가561,1,,서울특별시 용산구용산2가동 41-10,,,2024,,02-2199-7880,서울특별시 용산구청,2026-06-13
용산동2가564,1,,서울특별시 용산구용산2가동 43-1,,,2024,,02-2199-7880,서울특별시 용산구청,2026-06-13
용산동2가566,1,,서울특별시 용산구용산2가동 48-6,,,2024,,02-2199-7880,서울특별시 용산구청,2026-06-13
용산동2가575,1,,서울특별시 용산구용산2가동 41-2,,,2024,,02-2199-7880,서울특별시 용산구청,2026-06-13
용산동2가578,1,,서울특별시 용산구용산2가동 35-36,,,2024,,02-2199-7880,서울특별시 용산구청,2026-06-13
용산동2가579,1,,서울특별시 용산구용산2가동 40-23,,,2024,,02-2199-7880,서울특별시 용산구청,2026-06-13
용산동2가581,1,,서울특별시 용산구용산2가동 38-1,,,2024,,02-2199-7880,서울특별시 용산구청,2026-06-13
용산동2가594,1,,서울특별시 용산구용산2가동 37-4,,,2024,,02-2199-7880,서울특별시 용산구청,2026-06-13
용산동2가609,1,,서울특별시 용산구용산2가동 44-8,,,2024,,02-2199-7880,서울특별시 용산구청,2026-06-13
용산동2가610,1,,서울특별시 용산구용산2가동 44-27,,,2024,,02-2199-7880,서울특별시 용산구청,2026-06-13
용산동2가614,1,,서울특별시 용산구용산2가동 42-32,,,2024,,02-2199-7880,서울특별시 용산구청,2026-06-13
용산동2가617,1,,서울특별시 용산구용산2가동 39-23,,,2024,,02-2199-7880,서울특별시 용산구청,2026-06-13
용산동2가620,1,,서울특별시 용산구용산2가동 48-12,,,2024,,02-2199-7880,서울특별시 용산구청,2026-06-13
용산동2가639,1,,서울특별시 용산구용산2가동 47-18,,,2024,,02-2199-7880,서울특별시 용산구청,2026-06-13
용산동2가650,1,,서울특별시 용산구용산2가동 5-84,,,2024,,02-2199-7880,서울특별시 용산구청,2026-06-13
용산동2가712,1,,서울특별시 용산구용산2가동 5-121,,,2024,,02-2199-7880,서울특별시 용산구청,2026-06-13
원효로1동1,1,,서울특별시 용산구원효로1동 57-15,,,2012,,02-2199-7880,서울특별시 용산구청,2026-06-13
원효로1동10,1,,서울특별시 용산구원효로1동 129-4,,,2015,,02-2199-7880,서울특별시 용산구청,2026-06-13
원효로1동100,1,,서울특별시 용산구원효로1동 3-24,,,2011,,02-2199-7880,서울특별시 용산구청,2026-06-13
원효로1동101,1,,서울특별시 용산구원효로1동 3-11,,,2018,,02-2199-7880,서울특별시 용산구청,2026-06-13
원효로1동102,1,,서울특별시 용산구원효로1동 3-11,,,2016,,02-2199-7880,서울특별시 용산구청,2026-06-13
원효로1동103,1,,서울특별시 용산구원효로1동 3-8,,,2012,,02-2199-7880,서울특별시 용산구청,2026-06-13
원효로1동104,1,,서울특별시 용산구원효로1동 3-6,,,2018,,02-2199-7880,서울특별시 용산구청,2026-06-13
원효로1동105,1,,서울특별시 용산구원효로1동 48,,,2015,,02-2199-7880,서울특별시 용산구청,2026-06-13
원효로1동106,1,,서울특별시 용산구원효로1동 52,,,2012,,02-2199-7880,서울특별시 용산구청,2026-06-13
원효로1동107,1,,서울특별시 용산구원효로1동 48,,,2012,,02-2199-7880,서울특별시 용산구청,2026-06-13
원효로1동108,1,,서울특별시 용산구원효로1동 3-6,,,2012,,02-2199-7880,서울특별시 용산구청,2026-06-13
원효로1동109,1,,서울특별시 용산구원효로1동 52,,,2012,,02-2199-7880,서울특별시 용산구청,2026-06-13
원효로1동109(원효로1동429),1,,서울특별시 용산구원효로1동 27-36,,,2021,,02-2199-7880,서울특별시 용산구청,2026-06-13
원효로1동11,1,,서울특별시 용산구원효로1동 57-15,,,2015,,02-2199-7880,서울특별시 용산구청,2026-06-13
원효로1동110,1,,서울특별시 용산구원효로1동 52,,,2012,,02-2199-7880,서울특별시 용산구청,2026-06-13
"원효로1동110(원효로1동390,1)",1,,서울특별시 용산구원효로1동 19-8,,,2021,,02-2199-7880,서울특별시 용산구청,2026-06-13
원효로1동111,1,,서울특별시 용산구원효로1동 5-9,,,2012,,02-2199-7880,서울특별시 용산구청,2026-06-13
원효로1동112,1,,서울특별시 용산구원효로1동 5-10,,,2012,,02-2199-7880,서울특별시 용산구청,2026-06-13
원효로1동113,1,,서울특별시 용산구원효로1동 48,,,2012,,02-2199-7880,서울특별시 용산구청,2026-06-13
원효로1동114,1,,서울특별시 용산구원효로1동 48,,,2012,,02-2199-7880,서울특별시 용산구청,2026-06-13
원효로1동114(원효로1동393),1,,서울특별시 용산구원효로1동 19-5,,,2021,,02-2199-7880,서울특별시 용산구청,2026-06-13
원효로1동115,1,,서울특별시 용산구원효로1동 5-41,,,2012,,02-2199-7880,서울특별시 용산구청,2026-06-13
원효로1동116,1,,서울특별시 용산구원효로1동 5-42,,,2012,,02-2199-7880,서울특별시 용산구청,2026-06-13
원효로1동116(원효로1동397),1,,서울특별시 용산구원효로1동 17-16,,,2021,,02-2199-7880,서울특별시 용산구청,2026-06-13
원효로1동117,1,,서울특별시 용산구원효로1동 11-25,,,2012,,02-2199-7880,서울특별시 용산구청,2026-06-13
원효로1동117(원효로1동394),1,,서울특별시 용산구원효로1동 17-16,,,2021,,02-2199-7880,서울특별시 용산구청,2026-06-13
원효로1동118,1,,서울특별시 용산구원효로1동 48,,,2012,,02-2199-7880,서울특별시 용산구청,2026-06-13
원효로1동118(원효로1동395),1,,서울특별시 용산구원효로1동 17-16,,,2021,,02-2199-7880,서울특별시 용산구청,2026-06-13
원효로1동119,1,,서울특별시 용산구원효로1동 55,,,2012,,02-2199-7880,서울특별시 용산구청,2026-06-13
원효로1동12,1,,서울특별시 용산구원효로1동 57-15,,,2015,,02-2199-7880,서울특별시 용산구청,2026-06-13
원효로1동120,1,,서울특별시 용산구원효로1동 55,,,2016,,02-2199-7880,서울특별시 용산구청,2026-06-13
원효로1동121,1,,서울특별시 용산구원효로1동 55,,,2016,,02-2199-7880,서울특별시 용산구청,2026-06-13
원효로1동121(원효로1동400),1,,서울특별시 용산구원효로1동 18-20,,,2021,,02-2199-7880,서울특별시 용산구청,2026-06-13
원효로1동122,1,,서울특별시 용산구원효로1동 8-15,,,2017,,02-2199-7880,서울특별시 용산구청,2026-06-13
원효로1동122(원효동402),1,,서울특별시 용산구원효로1동 18-20,,,2021,,02-2199-7880,서울특별시 용산구청,2026-06-13
원효로1동123,1,,서울특별시 용산구원효로1동 8-18,,,2016,,02-2199-7880,서울특별시 용산구청,2026-06-13
원효로1동124,1,,서울특별시 용산구원효로1동 9-8,,,2012,,02-2199-7880,서울특별시 용산구청,2026-06-13
원효로1동124(원효로1동406),1,,서울특별시 용산구원효로1동 18-11,,,2021,,02-2199-7880,서울특별시 용산구청,2026-06-13
원효로1동125,1,,서울특별시 용산구원효로1동 55,,,2012,,02-2199-7880,서울특별시 용산구청,2026-06-13
원효로1동126,1,,서울특별시 용산구원효로1동 52,,,2012,,02-2199-7880,서울특별시 용산구청,2026-06-13
원효로1동127,1,,서울특별시 용산구원효로1동 1-15,,,2012,,02-2199-7880,서울특별시 용산구청,2026-06-13
원효로1동127(원효로1동418),1,,서울특별시 용산구원효로1동 17-21,,,2021,,02-2199-7880,서울특별시 용산구청,2026-06-13
원효로1동128,1,,서울특별시 용산구원효로1동 1-216,,,2012,,02-2199-7880,서울특별시 용산구청,2026-06-13
원효로1동128(원효로1동427),1,,서울특별시 용산구원효로1동 27-35,,,2021,,02-2199-7880,서울특별시 용산구청,2026-06-13
원효로1동129,1,,서울특별시 용산구원효로1동 8-6,,,2022,,02-2199-7880,서울특별시 용산구청,2026-06-13
원효로1동13,1,,서울특별시 용산구원효로1동 40-11,,,2015,,02-2199-7880,서울특별시 용산구청,2026-06-13
원효로1동130,1,,서울특별시 용산구원효로1동 8-2,,,2012,,02-2199-7880,서울특별시 용산구청,2026-06-13
원효로1동131,1,,서울특별시 용산구원효로1동 8-3,,,2012,,02-2199-7880,서울특별시 용산구청,2026-06-13
원효로1동132,1,,서울특별시 용산구원효로1동 19-13,,,2012,,02-2199-7880,서울특별시 용산구청,2026-06-13
원효로1동133,1,,서울특별시 용산구원효로1동 19-1,,,2023,,02-2199-7880,서울특별시 용산구청,2026-06-13
원효로1동134,1,,서울특별시 용산구원효로1동 17-1,,,2012,,02-2199-7880,서울특별시 용산구청,2026-06-13
원효로1동135,1,,서울특별시 용산구원효로1동 17,,,2012,,02-2199-7880,서울특별시 용산구청,2026-06-13
원효로1동136,1,,서울특별시 용산구원효로1동 17,,,2012,,02-2199-7880,서울특별시 용산구청,2026-06-13
원효로1동137,1,,서울특별시 용산구원효로1동 11-10,,,2012,,02-2199-7880,서울특별시 용산구청,2026-06-13
원효로1동138,1,,서울특별시 용산구원효로1동 11-10,,,2012,,02-2199-7880,서울특별시 용산구청,2026-06-13
원효로1동139,1,,서울특별시 용산구원효로1동 12-17,,,2017,,02-2199-7880,서울특별시 용산구청,2026-06-13
원효로1동14,1,,서울특별시 용산구원효로1동 40-11,,,2015,,02-2199-7880,서울특별시 용산구청,2026-06-13
원효로1동140,1,,서울특별시 용산구원효로1동 12-18,,,2012,,02-2199-7880,서울특별시 용산구청,2026-06-13
원효로1동141,1,,서울특별시 용산구원효로1동 11-13,,,2012,,02-2199-7880,서울특별시 용산구청,2026-06-13
원효로1동142,1,,서울특별시 용산구원효로1동 11-13,,,2012,,02-2199-7880,서울특별시 용산구청,2026-06-13
원효로1동143,1,,서울특별시 용산구원효로1동 12-15,,,2012,,02-2199-7880,서울특별시 용산구청,2026-06-13
원효로1동144,1,,서울특별시 용산구원효로1동 11-18,,,2012,,02-2199-7880,서울특별시 용산구청,2026-06-13
원효로1동145,1,,서울특별시 용산구원효로1동 11-18,,,2023,,02-2199-7880,서울특별시 용산구청,2026-06-13
원효로1동146,1,,서울특별시 용산구원효로1동 7-3,,,2012,,02-2199-7880,서울특별시 용산구청,2026-06-13
원효로1동147,1,,서울특별시 용산구원효로1동 7-3,,,2012,,02-2199-7880,서울특별시 용산구청,2026-06-13
원효로1동148,1,,서울특별시 용산구원효로1동 7-38,,,2023,,02-2199-7880,서울특별시 용산구청,2026-06-13
원효로1동149,1,,서울특별시 용산구원효로1동 6-25,,,2023,,02-2199-7880,서울특별시 용산구청,2026-06-13
원효로1동15,1,,서울특별시 용산구원효로1동 130-3,,,2015,,02-2199-7880,서울특별시 용산구청,2026-06-13
원효로1동150,1,,서울특별시 용산구원효로1동 6-29,,,2012,,02-2199-7880,서울특별시 용산구청,2026-06-13
원효로1동151,1,,서울특별시 용산구원효로1동 12-2,,,2012,,02-2199-7880,서울특별시 용산구청,2026-06-13
원효로1동152,1,,서울특별시 용산구원효로1동 12-33,,,2012,,02-2199-7880,서울특별시 용산구청,2026-06-13
원효로1동153,1,,서울특별시 용산구원효로1동 12-7,,,2023,,02-2199-7880,서울특별시 용산구청,2026-06-13
원효로1동154,1,,서울특별시 용산구원효로1동 12-20,,,2012,,02-2199-7880,서울특별시 용산구청,2026-06-13
원효로1동155,1,,서울특별시 용산구원효로1동 12-33,,,2016,,02-2199-7880,서울특별시 용산구청,2026-06-13
원효로1동156,1,,서울특별시 용산구원효로1동 23-17,,,2023,,02-2199-7880,서울특별시 용산구청,2026-06-13
원효로1동157,1,,서울특별시 용산구원효로1동 23-16,,,2012,,02-2199-7880,서울특별시 용산구청,2026-06-13
원효로1동158,1,,서울특별시 용산구원효로1동 23-17,,,2012,,02-2199-7880,서울특별시 용산구청,2026-06-13
원효로1동159,1,,서울특별시 용산구원효로1동 24-4,,,2012,,02-2199-7880,서울특별시 용산구청,2026-06-13
원효로1동16,1,,서울특별시 용산구원효로1동 130-4,,,2012,,02-2199-7880,서울특별시 용산구청,2026-06-13
원효로1동160,1,,서울특별시 용산구원효로1동 23-13,,,2012,,02-2199-7880,서울특별시 용산구청,2026-06-13
원효로1동161,1,,서울특별시 용산구원효로1동 27-16,,,2012,,02-2199-7880,서울특별시 용산구청,2026-06-13
원효로1동162,1,,서울특별시 용산구원효로1동 27-3,,,2012,,02-2199-7880,서울특별시 용산구청,2026-06-13
원효로1동163,1,,서울특별시 용산구원효로1동 27-10,,,2012,,02-2199-7880,서울특별시 용산구청,2026-06-13
원효로1동164,1,,서울특별시 용산구원효로1동 27-20,,,2012,,02-2199-7880,서울특별시 용산구청,2026-06-13
원효로1동165,1,,서울특별시 용산구원효로1동 27-23,,,2012,,02-2199-7880,서울특별시 용산구청,2026-06-13
원효로1동166,1,,서울특별시 용산구원효로1동 28-33,,,2012,,02-2199-7880,서울특별시 용산구청,2026-06-13
원효로1동167,1,,서울특별시 용산구원효로1동 29-1,,,2012,,02-2199-7880,서울특별시 용산구청,2026-06-13
원효로1동168,1,,서울특별시 용산구원효로1동 29-13,,,2012,,02-2199-7880,서울특별시 용산구청,2026-06-13
원효로1동169,1,,서울특별시 용산구원효로1동 28-24,,,2012,,02-2199-7880,서울특별시 용산구청,2026-06-13
원효로1동17,1,,서울특별시 용산구원효로1동 57-9,,,2012,,02-2199-7880,서울특별시 용산구청,2026-06-13
원효로1동170,1,,서울특별시 용산구원효로1동 28-1,,,2012,,02-2199-7880,서울특별시 용산구청,2026-06-13
원효로1동171,1,,서울특별시 용산구원효로1동 28-9,,,2012,,02-2199-7880,서울특별시 용산구청,2026-06-13
원효로1동172,1,,서울특별시 용산구원효로1동 36-14,,,2012,,02-2199-7880,서울특별시 용산구청,2026-06-13
원효로1동173,1,,서울특별시 용산구원효로1동 39-5,,,2022,,02-2199-7880,서울특별시 용산구청,2026-06-13
원효로1동174,1,,서울특별시 용산구원효로1동 39-19,,,2012,,02-2199-7880,서울특별시 용산구청,2026-06-13
원효로1동175,1,,서울특별시 용산구원효로1동 39-22,,,2012,,02-2199-7880,서울특별시 용산구청,2026-06-13
원효로1동176,1,,서울특별시 용산구원효로1동 40-1,,,2012,,02-2199-7880,서울특별시 용산구청,2026-06-13
원효로1동177,1,,서울특별시 용산구원효로1동 40-11,,,2012,,02-2199-7880,서울특별시 용산구청,2026-06-13
원효로1동178,1,,서울특별시 용산구원효로1동 41-4,,,2012,,02-2199-7880,서울특별시 용산구청,2026-06-13
원효로1동179,1,,서울특별시 용산구원효로1동 40-6,,,2012,,02-2199-7880,서울특별시 용산구청,2026-06-13
원효로1동18,1,,서울특별시 용산구원효로1동 57-15,,,2012,,02-2199-7880,서울특별시 용산구청,2026-06-13
원효로1동180,1,,서울특별시 용산구원효로1동 38-1,,,2012,,02-2199-7880,서울특별시 용산구청,2026-06-13
원효로1동181,1,,서울특별시 용산구원효로1동 28-1,,,2012,,02-2199-7880,서울특별시 용산구청,2026-06-13
원효로1동182,1,,서울특별시 용산구원효로1동 30-13,,,2012,,02-2199-7880,서울특별시 용산구청,2026-06-13
원효로1동183,1,,서울특별시 용산구원효로1동 30-10,,,2012,,02-2199-7880,서울특별시 용산구청,2026-06-13
원효로1동184,1,,서울특별시 용산구원효로1동 28-1,,,2012,,02-2199-7880,서울특별시 용산구청,2026-06-13
원효로1동184(원효로1동440),1,,서울특별시 용산구원효로1동 26-25,,,2021,,02-2199-7880,서울특별시 용산구청,2026-06-13
원효로1동185,1,,서울특별시 용산구원효로1동 33,,,2012,,02-2199-7880,서울특별시 용산구청,2026-06-13
원효로1동186,1,,서울특별시 용산구원효로1동 30-5,,,2012,,02-2199-7880,서울특별시 용산구청,2026-06-13
원효로1동187,1,,서울특별시 용산구원효로1동 26-14,,,2012,,02-2199-7880,서울특별시 용산구청,2026-06-13
원효로1동188,1,,서울특별시 용산구원효로1동 26-14,,,2012,,02-2199-7880,서울특별시 용산구청,2026-06-13
원효로1동189,1,,서울특별시 용산구원효로1동 26-10,,,2012,,02-2199-7880,서울특별시 용산구청,2026-06-13
원효로1동19,1,,서울특별시 용산구원효로1동 127-3,,,2012,,02-2199-7880,서울특별시 용산구청,2026-06-13
원효로1동190,1,,서울특별시 용산구원효로1동 25-8,,,2012,,02-2199-7880,서울특별시 용산구청,2026-06-13
원효로1동191,1,,서울특별시 용산구원효로1동 25-3,,,2012,,02-2199-7880,서울특별시 용산구청,2026-06-13
원효로1동192,1,,서울특별시 용산구원효로1동 25-3,,,2012,,02-2199-7880,서울특별시 용산구청,2026-06-13
원효로1동193,1,,서울특별시 용산구원효로1동 18-18,,,2012,,02-2199-7880,서울특별시 용산구청,2026-06-13
원효로1동194,1,,서울특별시 용산구원효로1동 56-2,,,2012,,02-2199-7880,서울특별시 용산구청,2026-06-13
원효로1동195,1,,서울특별시 용산구원효로1동 56-2,,,2012,,02-2199-7880,서울특별시 용산구청,2026-06-13
원효로1동196,1,,서울특별시 용산구원효로1동 55-1,,,2012,,02-2199-7880,서울특별시 용산구청,2026-06-13
원효로1동197,1,,서울특별시 용산구원효로1동 59-9,,,2012,,02-2199-7880,서울특별시 용산구청,2026-06-13
원효로1동198,1,,서울특별시 용산구원효로1동 39-1,,,2012,,02-2199-7880,서울특별시 용산구청,2026-06-13
원효로1동199,1,,서울특별시 용산구원효로1동 60,,,2012,,02-2199-7880,서울특별시 용산구청,2026-06-13
원효로1동2,1,,서울특별시 용산구원효로1동 57-15,,,2018,,02-2199-7880,서울특별시 용산구청,2026-06-13
원효로1동20,1,,서울특별시 용산구원효로1동 57-15,,,2012,,02-2199-7880,서울특별시 용산구청,2026-06-13
원효로1동200,1,,서울특별시 용산구원효로1동 61-34,,,2012,,02-2199-7880,서울특별시 용산구청,2026-06-13
원효로1동201,1,,서울특별시 용산구원효로1동 65-10,,,2012,,02-2199-7880,서울특별시 용산구청,2026-06-13
원효로1동202,1,,서울특별시 용산구원효로1동 61-11,,,2012,,02-2199-7880,서울특별시 용산구청,2026-06-13
원효로1동203,1,,서울특별시 용산구원효로1동 61-25,,,2023,,02-2199-7880,서울특별시 용산구청,2026-06-13
원효로1동204,1,,서울특별시 용산구원효로1동 61-15,,,2012,,02-2199-7880,서울특별시 용산구청,2026-06-13
원효로1동205,1,,서울특별시 용산구원효로1동 64-1,,,2018,,02-2199-7880,서울특별시 용산구청,2026-06-13
원효로1동206,1,,서울특별시 용산구원효로1동 69-2,,,2021,,02-2199-7880,서울특별시 용산구청,2026-06-13
원효로1동207,1,,서울특별시 용산구원효로1동 68-3,,,2012,,02-2199-7880,서울특별시 용산구청,2026-06-13
원효로1동208,1,,서울특별시 용산구원효로1동 66-6,,,2012,,02-2199-7880,서울특별시 용산구청,2026-06-13
원효로1동209,1,,서울특별시 용산구원효로1동 33-1,,,2012,,02-2199-7880,서울특별시 용산구청,2026-06-13
원효로1동21,1,,서울특별시 용산구원효로1동 121-7,,,2012,,02-2199-7880,서울특별시 용산구청,2026-06-13
원효로1동210,1,,서울특별시 용산구원효로1동 33-1,,,2012,,02-2199-7880,서울특별시 용산구청,2026-06-13
원효로1동211,1,,서울특별시 용산구원효로1동 67-3,,,2012,,02-2199-7880,서울특별시 용산구청,2026-06-13
원효로1동212,1,,서울특별시 용산구원효로1동 66-6,,,2012,,02-2199-7880,서울특별시 용산구청,2026-06-13
원효로1동213,1,,서울특별시 용산구원효로1동 85-3,,,2012,,02-2199-7880,서울특별시 용산구청,2026-06-13
원효로1동214,1,,서울특별시 용산구원효로1동 85-13,,,2018,,02-2199-7880,서울특별시 용산구청,2026-06-13
원효로1동215,1,,서울특별시 용산구원효로1동 69-11,,,2018,,02-2199-7880,서울특별시 용산구청,2026-06-13
원효로1동216,1,,서울특별시 용산구원효로1동 40-4,,,2018,,02-2199-7880,서울특별시 용산구청,2026-06-13
원효로1동217,1,,서울특별시 용산구원효로1동 35-2,,,2019,,02-2199-7880,서울특별시 용산구청,2026-06-13
원효로1동218,1,,서울특별시 용산구원효로1동 39-1,,,2014,,02-2199-7880,서울특별시 용산구청,2026-06-13
원효로1동219,1,,서울특별시 용산구원효로1동 50,,,2012,,02-2199-7880,서울특별시 용산구청,2026-06-13
원효로1동22,1,,서울특별시 용산구원효로1동 121-7,,,2012,,02-2199-7880,서울특별시 용산구청,2026-06-13
원효로1동220,1,,서울특별시 용산구원효로1동 39-1,,,2012,,02-2199-7880,서울특별시 용산구청,2026-06-13
원효로1동221,1,,서울특별시 용산구원효로1동 56-2,,,2012,,02-2199-7880,서울특별시 용산구청,2026-06-13
원효로1동222,1,,서울특별시 용산구원효로1동 52-16,,,2012,,02-2199-7880,서울특별시 용산구청,2026-06-13
원효로1동223,1,,서울특별시 용산구원효로1동 56-2,,,2012,,02-2199-7880,서울특별시 용산구청,2026-06-13
원효로1동224,1,,서울특별시 용산구원효로1동 56-2,,,2012,,02-2199-7880,서울특별시 용산구청,2026-06-13
원효로1동225,1,,서울특별시 용산구원효로1동 56-2,,,2012,,02-2199-7880,서울특별시 용산구청,2026-06-13
원효로1동226,1,,서울특별시 용산구원효로1동 56-2,,,2012,,02-2199-7880,서울특별시 용산구청,2026-06-13
원효로1동227,1,,서울특별시 용산구원효로1동 56-2,,,2012,,02-2199-7880,서울특별시 용산구청,2026-06-13
원효로1동228,1,,서울특별시 용산구원효로1동 23-24,,,2012,,02-2199-7880,서울특별시 용산구청,2026-06-13
원효로1동229,1,,서울특별시 용산구원효로1동 52-13,,,2012,,02-2199-7880,서울특별시 용산구청,2026-06-13
원효로1동23,1,,서울특별시 용산구원효로1동 44-7,,,2012,,02-2199-7880,서울특별시 용산구청,2026-06-13
원효로1동230,1,,서울특별시 용산구원효로1동 51-3,,,2023,,02-2199-7880,서울특별시 용산구청,2026-06-13
원효로1동231,1,,서울특별시 용산구원효로1동 23-21,,,2012,,02-2199-7880,서울특별시 용산구청,2026-06-13
원효로1동232,1,,서울특별시 용산구원효로1동 23-14,,,2012,,02-2199-7880,서울특별시 용산구청,2026-06-13
원효로1동233,1,,서울특별시 용산구원효로1동 23-16,,,2012,,02-2199-7880,서울특별시 용산구청,2026-06-13
원효로1동234,1,,서울특별시 용산구원효로1동 23-14,,,2021,,02-2199-7880,서울특별시 용산구청,2026-06-13
원효로1동235,1,,서울특별시 용산구원효로1동 23-18,,,2012,,02-2199-7880,서울특별시 용산구청,2026-06-13
원효로1동236,1,,서울특별시 용산구원효로1동 23-14,,,2018,,02-2199-7880,서울특별시 용산구청,2026-06-13
원효로1동237,1,,서울특별시 용산구원효로1동 27-16,,,2018,,02-2199-7880,서울특별시 용산구청,2026-06-13
원효로1동238,1,,서울특별시 용산구원효로1동 39-1,,,2012,,02-2199-7880,서울특별시 용산구청,2026-06-13
원효로1동239,1,,서울특별시 용산구원효로1동 57-10,,,2012,,02-2199-7880,서울특별시 용산구청,2026-06-13
원효로1동24,1,,서울특별시 용산구원효로1동 57-15,,,2012,,02-2199-7880,서울특별시 용산구청,2026-06-13
원효로1동240,1,,서울특별시 용산구원효로1동 58-4,,,2016,,02-2199-7880,서울특별시 용산구청,2026-06-13
원효로1동241,1,,서울특별시 용산구원효로1동 55-1,,,2012,,02-2199-7880,서울특별시 용산구청,2026-06-13
원효로1동242,1,,서울특별시 용산구원효로1동 19-2,,,2012,,02-2199-7880,서울특별시 용산구청,2026-06-13
원효로1동243,1,,서울특별시 용산구원효로1동 96-16,,,2012,,02-2199-7880,서울특별시 용산구청,2026-06-13
원효로1동244,1,,서울특별시 용산구원효로1동 96-1,,,2012,,02-2199-7880,서울특별시 용산구청,2026-06-13
원효로1동245,1,,서울특별시 용산구원효로1동 96-16,,,2012,,02-2199-7880,서울특별시 용산구청,2026-06-13
원효로1동246,1,,서울특별시 용산구원효로1동 96-7,,,2012,,02-2199-7880,서울특별시 용산구청,2026-06-13
원효로1동247,1,,서울특별시 용산구원효로1동 96-16,,,2012,,02-2199-7880,서울특별시 용산구청,2026-06-13
원효로1동248,1,,서울특별시 용산구원효로1동 96-16,,,2012,,02-2199-7880,서울특별시 용산구청,2026-06-13
원효로1동249,1,,서울특별시 용산구원효로1동 93-8,,,2012,,02-2199-7880,서울특별시 용산구청,2026-06-13
원효로1동25,1,,서울특별시 용산구원효로1동 57-15,,,2012,,02-2199-7880,서울특별시 용산구청,2026-06-13
원효로1동250,1,,서울특별시 용산구원효로1동 93-7,,,2012,,02-2199-7880,서울특별시 용산구청,2026-06-13
원효로1동251,1,,서울특별시 용산구원효로1동 42-4,,,2012,,02-2199-7880,서울특별시 용산구청,2026-06-13
원효로1동252,1,,서울특별시 용산구원효로1동 44-3,,,2012,,02-2199-7880,서울특별시 용산구청,2026-06-13
원효로1동253,1,,서울특별시 용산구원효로1동 28-7,,,2022,,02-2199-7880,서울특별시 용산구청,2026-06-13
원효로1동254,1,,서울특별시 용산구원효로1동 28-7,,,2023,,02-2199-7880,서울특별시 용산구청,2026-06-13
원효로1동255,1,,서울특별시 용산구원효로1동 108-6,,,2012,,02-2199-7880,서울특별시 용산구청,2026-06-13
원효로1동256,1,,서울특별시 용산구원효로1동 108-6,,,2012,,02-2199-7880,서울특별시 용산구청,2026-06-13
원효로1동257,1,,서울특별시 용산구원효로1동 108-3,,,2012,,02-2199-7880,서울특별시 용산구청,2026-06-13
원효로1동258,1,,서울특별시 용산구원효로1동 108-7,,,2012,,02-2199-7880,서울특별시 용산구청,2026-06-13
원효로1동259,1,,서울특별시 용산구원효로1동 108-1,,,2012,,02-2199-7880,서울특별시 용산구청,2026-06-13
원효로1동26,1,,서울특별시 용산구원효로1동 57-15,,,2015,,02-2199-7880,서울특별시 용산구청,2026-06-13
원효로1동260,1,,서울특별시 용산구원효로1동 108-9,,,2012,,02-2199-7880,서울특별시 용산구청,2026-06-13
원효로1동261,1,,서울특별시 용산구원효로1동 108-1,,,2012,,02-2199-7880,서울특별시 용산구청,2026-06-13
원효로1동262,1,,서울특별시 용산구원효로1동 108-6,,,2012,,02-2199-7880,서울특별시 용산구청,2026-06-13
원효로1동263,1,,서울특별시 용산구원효로1동 1-6,,,2012,,02-2199-7880,서울특별시 용산구청,2026-06-13
원효로1동264,1,,서울특별시 용산구원효로1동 1-6,,,2022,,02-2199-7880,서울특별시 용산구청,2026-06-13
원효로1동265,1,,서울특별시 용산구원효로1동 1-6,,,2012,,02-2199-7880,서울특별시 용산구청,2026-06-13
원효로1동266,1,,서울특별시 용산구원효로1동 1-6,,,2012,,02-2199-7880,서울특별시 용산구청,2026-06-13
원효로1동267,1,,서울특별시 용산구원효로1동 1-6,,,2012,,02-2199-7880,서울특별시 용산구청,2026-06-13
원효로1동268,1,,서울특별시 용산구원효로1동 131-2,,,2012,,02-2199-7880,서울특별시 용산구청,2026-06-13
원효로1동269,1,,서울특별시 용산구원효로1동 1-2,,,2023,,02-2199-7880,서울특별시 용산구청,2026-06-13
원효로1동27,1,,서울특별시 용산구원효로1동 43-35,,,2012,,02-2199-7880,서울특별시 용산구청,2026-06-13
원효로1동270,1,,서울특별시 용산구원효로1동 5-16,,,2012,,02-2199-7880,서울특별시 용산구청,2026-06-13
원효로1동271,1,,서울특별시 용산구원효로1동 134,,,2012,,02-2199-7880,서울특별시 용산구청,2026-06-13
원효로1동272,1,,서울특별시 용산구원효로1동 2-2,,,2012,,02-2199-7880,서울특별시 용산구청,2026-06-13
원효로1동273,1,,서울특별시 용산구원효로1동 2-2,,,2016,,02-2199-7880,서울특별시 용산구청,2026-06-13
원효로1동274,1,,서울특별시 용산구원효로1동 5-16,,,2012,,02-2199-7880,서울특별시 용산구청,2026-06-13
원효로1동275,1,,서울특별시 용산구원효로1동 5-18,,,2012,,02-2199-7880,서울특별시 용산구청,2026-06-13
원효로1동276,1,,서울특별시 용산구원효로1동 46-8,,,2012,,02-2199-7880,서울특별시 용산구청,2026-06-13
원효로1동277,1,,서울특별시 용산구원효로1동 46-8,,,2012,,02-2199-7880,서울특별시 용산구청,2026-06-13
원효로1동278,1,,서울특별시 용산구원효로1동 37-2,,,2012,,02-2199-7880,서울특별시 용산구청,2026-06-13
원효로1동279,1,,서울특별시 용산구원효로1동 37-2,,,2012,,02-2199-7880,서울특별시 용산구청,2026-06-13
원효로1동28,1,,서울특별시 용산구원효로1동 57-15,,,2012,,02-2199-7880,서울특별시 용산구청,2026-06-13
원효로1동280,1,,서울특별시 용산구원효로1동 37-10,,,2022,,02-2199-7880,서울특별시 용산구청,2026-06-13
원효로1동281,1,,서울특별시 용산구원효로1동 134-2,,,2012,,02-2199-7880,서울특별시 용산구청,2026-06-13
원효로1동282,1,,서울특별시 용산구원효로1동 46-8,,,2022,,02-2199-7880,서울특별시 용산구청,2026-06-13
원효로1동283,1,,서울특별시 용산구원효로1동 38-1,,,2012,,02-2199-7880,서울특별시 용산구청,2026-06-13
원효로1동284,1,,서울특별시 용산구원효로1동 38-6,,,2012,,02-2199-7880,서울특별시 용산구청,2026-06-13
원효로1동285,1,,서울특별시 용산구원효로1동 46-8,,,2012,,02-2199-7880,서울특별시 용산구청,2026-06-13
원효로1동286,1,,서울특별시 용산구원효로1동 12-6,,,2012,,02-2199-7880,서울특별시 용산구청,2026-06-13
원효로1동287,1,,서울특별시 용산구원효로1동 12-12,,,2012,,02-2199-7880,서울특별시 용산구청,2026-06-13
원효로1동288,1,,서울특별시 용산구원효로1동 12-12,,,2012,,02-2199-7880,서울특별시 용산구청,2026-06-13
원효로1동289,1,,서울특별시 용산구원효로1동 46-8,,,2012,,02-2199-7880,서울특별시 용산구청,2026-06-13
원효로1동29,1,,서울특별시 용산구원효로1동 43-13,,,2012,,02-2199-7880,서울특별시 용산구청,2026-06-13
원효로1동290,1,,서울특별시 용산구원효로1동 46-8,,,2014,,02-2199-7880,서울특별시 용산구청,2026-06-13
원효로1동291,1,,서울특별시 용산구원효로1동 48-14,,,2012,,02-2199-7880,서울특별시 용산구청,2026-06-13
원효로1동292,1,,서울특별시 용산구원효로1동 46-8,,,2012,,02-2199-7880,서울특별시 용산구청,2026-06-13
원효로1동293,1,,서울특별시 용산구원효로1동 46-8,,,2012,,02-2199-7880,서울특별시 용산구청,2026-06-13
원효로1동294,1,,서울특별시 용산구원효로1동 47-8,,,2012,,02-2199-7880,서울특별시 용산구청,2026-06-13
원효로1동295,1,,서울특별시 용산구원효로1동 46-8,,,2012,,02-2199-7880,서울특별시 용산구청,2026-06-13
원효로1동296,1,,서울특별시 용산구원효로1동 46-8,,,2012,,02-2199-7880,서울특별시 용산구청,2026-06-13
원효로1동297,1,,서울특별시 용산구원효로1동 47-15,,,2012,,02-2199-7880,서울특별시 용산구청,2026-06-13
원효로1동298,1,,서울특별시 용산구원효로1동 47-13,,,2012,,02-2199-7880,서울특별시 용산구청,2026-06-13
원효로1동299,1,,서울특별시 용산구원효로1동 47-15,,,2012,,02-2199-7880,서울특별시 용산구청,2026-06-13
원효로1동3,1,,서울특별시 용산구원효로1동 57-15,,,2021,,02-2199-7880,서울특별시 용산구청,2026-06-13
원효로1동30,1,,서울특별시 용산구원효로1동 57-15,,,2012,,02-2199-7880,서울특별시 용산구청,2026-06-13
원효로1동300,1,,서울특별시 용산구원효로1동 47-8,,,2012,,02-2199-7880,서울특별시 용산구청,2026-06-13
원효로1동301,1,,서울특별시 용산구원효로1동 47-21,,,2012,,02-2199-7880,서울특별시 용산구청,2026-06-13
원효로1동302,1,,서울특별시 용산구원효로1동 46-8,,,2012,,02-2199-7880,서울특별시 용산구청,2026-06-13
원효로1동303,1,,서울특별시 용산구원효로1동 47-24,,,2012,,02-2199-7880,서울특별시 용산구청,2026-06-13
원효로1동304,1,,서울특별시 용산구원효로1동 46-8,,,2012,,02-2199-7880,서울특별시 용산구청,2026-06-13
원효로1동305,1,,서울특별시 용산구원효로1동 51-15,,,2016,,02-2199-7880,서울특별시 용산구청,2026-06-13
원효로1동306,1,,서울특별시 용산구원효로1동 51-12,,,2012,,02-2199-7880,서울특별시 용산구청,2026-06-13
원효로1동307,1,,서울특별시 용산구원효로1동 46-8,,,2012,,02-2199-7880,서울특별시 용산구청,2026-06-13
원효로1동308,1,,서울특별시 용산구원효로1동 28-6,,,2012,,02-2199-7880,서울특별시 용산구청,2026-06-13
원효로1동309,1,,서울특별시 용산구원효로1동 28-9,,,2012,,02-2199-7880,서울특별시 용산구청,2026-06-13
원효로1동31,1,,서울특별시 용산구원효로1동 57-15,,,2012,,02-2199-7880,서울특별시 용산구청,2026-06-13
원효로1동310,1,,서울특별시 용산구원효로1동 27-1,,,2012,,02-2199-7880,서울특별시 용산구청,2026-06-13
원효로1동311,1,,서울특별시 용산구원효로1동 27-4,,,2012,,02-2199-7880,서울특별시 용산구청,2026-06-13
원효로1동312,1,,서울특별시 용산구원효로1동 27-12,,,2012,,02-2199-7880,서울특별시 용산구청,2026-06-13
원효로1동313,1,,서울특별시 용산구원효로1동 27-47,,,2012,,02-2199-7880,서울특별시 용산구청,2026-06-13
원효로1동314,1,,서울특별시 용산구원효로1동 29-49,,,2012,,02-2199-7880,서울특별시 용산구청,2026-06-13
원효로1동315,1,,서울특별시 용산구원효로1동 27-10,,,2012,,02-2199-7880,서울특별시 용산구청,2026-06-13
원효로1동316,1,,서울특별시 용산구원효로1동 25-2,,,2022,,02-2199-7880,서울특별시 용산구청,2026-06-13
원효로1동317,1,,서울특별시 용산구원효로1동 25-2,,,2012,,02-2199-7880,서울특별시 용산구청,2026-06-13
원효로1동318,1,,서울특별시 용산구원효로1동 27-41,,,2012,,02-2199-7880,서울특별시 용산구청,2026-06-13
원효로1동319,1,,서울특별시 용산구원효로1동 27-41,,,2012,,02-2199-7880,서울특별시 용산구청,2026-06-13
원효로1동32,1,,서울특별시 용산구원효로1동 43-29,,,2012,,02-2199-7880,서울특별시 용산구청,2026-06-13
원효로1동320,1,,서울특별시 용산구원효로1동 27-11,,,2012,,02-2199-7880,서울특별시 용산구청,2026-06-13
원효로1동321,1,,서울특별시 용산구원효로1동 30-87,,,2012,,02-2199-7880,서울특별시 용산구청,2026-06-13
원효로1동322,1,,서울특별시 용산구원효로1동 30-45,,,2012,,02-2199-7880,서울특별시 용산구청,2026-06-13
원효로1동323,1,,서울특별시 용산구원효로1동 30-64,,,2012,,02-2199-7880,서울특별시 용산구청,2026-06-13
원효로1동324,1,,서울특별시 용산구원효로1동 30-75,,,2012,,02-2199-7880,서울특별시 용산구청,2026-06-13
원효로1동325,1,,서울특별시 용산구원효로1동 30-31,,,2012,,02-2199-7880,서울특별시 용산구청,2026-06-13
원효로1동326,1,,서울특별시 용산구원효로1동 27-23,,,2012,,02-2199-7880,서울특별시 용산구청,2026-06-13
원효로1동327,1,,서울특별시 용산구원효로1동 27-23,,,2012,,02-2199-7880,서울특별시 용산구청,2026-06-13
원효로1동328,1,,서울특별시 용산구원효로1동 27-22,,,2019,,02-2199-7880,서울특별시 용산구청,2026-06-13
원효로1동329,1,,서울특별시 용산구원효로1동 27-19,,,2012,,02-2199-7880,서울특별시 용산구청,2026-06-13
원효로1동33,1,,서울특별시 용산구원효로1동 57-15,,,2012,,02-2199-7880,서울특별시 용산구청,2026-06-13
원효로1동330,1,,서울특별시 용산구원효로1동 27-23,,,2012,,02-2199-7880,서울특별시 용산구청,2026-06-13
원효로1동331,1,,서울특별시 용산구원효로1동 27-25,,,2019,,02-2199-7880,서울특별시 용산구청,2026-06-13
원효로1동332,1,,서울특별시 용산구원효로1동 26-17,,,2012,,02-2199-7880,서울특별시 용산구청,2026-06-13
원효로1동333,1,,서울특별시 용산구원효로1동 29-10,,,2012,,02-2199-7880,서울특별시 용산구청,2026-06-13
원효로1동334,1,,서울특별시 용산구원효로1동 29-61,,,2018,,02-2199-7880,서울특별시 용산구청,2026-06-13
원효로1동335,1,,서울특별시 용산구원효로1동 50-10,,,2012,,02-2199-7880,서울특별시 용산구청,2026-06-13
원효로1동336,1,,서울특별시 용산구원효로1동 51-8,,,2021,,02-2199-7880,서울특별시 용산구청,2026-06-13
원효로1동337,1,,서울특별시 용산구원효로1동 51-8,,,2012,,02-2199-7880,서울특별시 용산구청,2026-06-13
원효로1동338,1,,서울특별시 용산구원효로1동 51-8,,,2012,,02-2199-7880,서울특별시 용산구청,2026-06-13
원효로1동339,1,,서울특별시 용산구원효로1동 51-9,,,2012,,02-2199-7880,서울특별시 용산구청,2026-06-13
원효로1동34,1,,서울특별시 용산구원효로1동 57-15,,,2015,,02-2199-7880,서울특별시 용산구청,2026-06-13
원효로1동340,1,,서울특별시 용산구원효로1동 51-9,,,2012,,02-2199-7880,서울특별시 용산구청,2026-06-13
원효로1동341,1,,서울특별시 용산구원효로1동 86-1,,,2012,,02-2199-7880,서울특별시 용산구청,2026-06-13
원효로1동342,1,,서울특별시 용산구원효로1동 50-4,,,2012,,02-2199-7880,서울특별시 용산구청,2026-06-13
원효로1동343,1,,서울특별시 용산구원효로1동 46-8,,,2012,,02-2199-7880,서울특별시 용산구청,2026-06-13
원효로1동344,1,,서울특별시 용산구원효로1동 46-8,,,2012,,02-2199-7880,서울특별시 용산구청,2026-06-13
원효로1동345,1,,서울특별시 용산구원효로1동 71-1,,,2012,,02-2199-7880,서울특별시 용산구청,2026-06-13
원효로1동346,1,,서울특별시 용산구원효로1동 81-4,,,2012,,02-2199-7880,서울특별시 용산구청,2026-06-13
원효로1동347,1,,서울특별시 용산구원효로1동 77,,,2012,,02-2199-7880,서울특별시 용산구청,2026-06-13
원효로1동348,1,,서울특별시 용산구원효로1동 81-1,,,2012,,02-2199-7880,서울특별시 용산구청,2026-06-13
원효로1동349,1,,서울특별시 용산구원효로1동 81-4,,,2021,,02-2199-7880,서울특별시 용산구청,2026-06-13
원효로1동35,1,,서울특별시 용산구원효로1동 43-7,,,2012,,02-2199-7880,서울특별시 용산구청,2026-06-13
원효로1동350,1,,서울특별시 용산구원효로1동 77,,,2012,,02-2199-7880,서울특별시 용산구청,2026-06-13
원효로1동351,1,,서울특별시 용산구원효로1동 73,,,2012,,02-2199-7880,서울특별시 용산구청,2026-06-13
원효로1동352,1,,서울특별시 용산구원효로1동 72-2,,,2012,,02-2199-7880,서울특별시 용산구청,2026-06-13
원효로1동353,1,,서울특별시 용산구원효로1동 12-12,,,2012,,02-2199-7880,서울특별시 용산구청,2026-06-13
원효로1동354,1,,서울특별시 용산구원효로1동 35-1,,,2012,,02-2199-7880,서울특별시 용산구청,2026-06-13
원효로1동355,1,,서울특별시 용산구원효로1동 12-12,,,2012,,02-2199-7880,서울특별시 용산구청,2026-06-13
원효로1동356,1,,서울특별시 용산구원효로1동 12-12,,,2012,,02-2199-7880,서울특별시 용산구청,2026-06-13
원효로1동357,1,,서울특별시 용산구원효로1동 12-13,,,2022,,02-2199-7880,서울특별시 용산구청,2026-06-13
원효로1동358,1,,서울특별시 용산구원효로1동 12-13,,,2012,,02-2199-7880,서울특별시 용산구청,2026-06-13
원효로1동359,1,,서울특별시 용산구원효로1동 12-12,,,2012,,02-2199-7880,서울특별시 용산구청,2026-06-13
원효로1동36,1,,서울특별시 용산구원효로1동 57-15,,,2012,,02-2199-7880,서울특별시 용산구청,2026-06-13
원효로1동360,1,,서울특별시 용산구원효로1동 17-93,,,2012,,02-2199-7880,서울특별시 용산구청,2026-06-13
원효로1동361,1,,서울특별시 용산구원효로1동 17-67,,,2012,,02-2199-7880,서울특별시 용산구청,2026-06-13
원효로1동362,1,,서울특별시 용산구원효로1동 17-87,,,2012,,02-2199-7880,서울특별시 용산구청,2026-06-13
원효로1동363,1,,서울특별시 용산구원효로1동 17-91,,,2012,,02-2199-7880,서울특별시 용산구청,2026-06-13
원효로1동364,1,,서울특별시 용산구원효로1동 134-5,,,2023,,02-2199-7880,서울특별시 용산구청,2026-06-13
원효로1동365,1,,서울특별시 용산구원효로1동 13-10,,,2012,,02-2199-7880,서울특별시 용산구청,2026-06-13
원효로1동366,1,,서울특별시 용산구원효로1동 13-10,,,2012,,02-2199-7880,서울특별시 용산구청,2026-06-13
원효로1동367,1,,서울특별시 용산구원효로1동 13-1,,,2012,,02-2199-7880,서울특별시 용산구청,2026-06-13
원효로1동368,1,,서울특별시 용산구원효로1동 17-5,,,2012,,02-2199-7880,서울특별시 용산구청,2026-06-13
원효로1동369,1,,서울특별시 용산구원효로1동 17-30,,,2012,,02-2199-7880,서울특별시 용산구청,2026-06-13
원효로1동37,1,,서울특별시 용산구원효로1동 121-6,,,2012,,02-2199-7880,서울특별시 용산구청,2026-06-13
원효로1동370,1,,서울특별시 용산구원효로1동 17-32,,,2012,,02-2199-7880,서울특별시 용산구청,2026-06-13
원효로1동371,1,,서울특별시 용산구원효로1동 133-1,,,2012,,02-2199-7880,서울특별시 용산구청,2026-06-13
원효로1동372,1,,서울특별시 용산구원효로1동 17-13,,,2012,,02-2199-7880,서울특별시 용산구청,2026-06-13
원효로1동373,1,,서울특별시 용산구원효로1동 17-19,,,2012,,02-2199-7880,서울특별시 용산구청,2026-06-13
원효로1동374,1,,서울특별시 용산구원효로1동 17-26,,,2012,,02-2199-7880,서울특별시 용산구청,2026-06-13
원효로1동375,1,,서울특별시 용산구원효로1동 17-48,,,2012,,02-2199-7880,서울특별시 용산구청,2026-06-13
원효로1동376,1,,서울특별시 용산구원효로1동 17-10,,,2012,,02-2199-7880,서울특별시 용산구청,2026-06-13
원효로1동377,1,,서울특별시 용산구원효로1동 17-13,,,2012,,02-2199-7880,서울특별시 용산구청,2026-06-13
원효로1동378,1,,서울특별시 용산구원효로1동 17-48,,,2012,,02-2199-7880,서울특별시 용산구청,2026-06-13
원효로1동379,1,,서울특별시 용산구원효로1동 17-12,,,2012,,02-2199-7880,서울특별시 용산구청,2026-06-13
원효로1동38,1,,서울특별시 용산구원효로1동 127-1,,,2012,,02-2199-7880,서울특별시 용산구청,2026-06-13
원효로1동380,1,,서울특별시 용산구원효로1동 17-13,,,2012,,02-2199-7880,서울특별시 용산구청,2026-06-13
원효로1동381,1,,서울특별시 용산구원효로1동 17-50,,,2012,,02-2199-7880,서울특별시 용산구청,2026-06-13
원효로1동382,1,,서울특별시 용산구원효로1동 17-48,,,2012,,02-2199-7880,서울특별시 용산구청,2026-06-13
원효로1동383,1,,서울특별시 용산구원효로1동 17-21,,,2012,,02-2199-7880,서울특별시 용산구청,2026-06-13
원효로1동384,1,,서울특별시 용산구원효로1동 17-21,,,2012,,02-2199-7880,서울특별시 용산구청,2026-06-13
원효로1동385,1,,서울특별시 용산구원효로1동 17-94,,,2012,,02-2199-7880,서울특별시 용산구청,2026-06-13
원효로1동386,1,,서울특별시 용산구원효로1동 17-21,,,2012,,02-2199-7880,서울특별시 용산구청,2026-06-13
원효로1동387,1,,서울특별시 용산구원효로1동 17-21,,,2012,,02-2199-7880,서울특별시 용산구청,2026-06-13
원효로1동388,1,,서울특별시 용산구원효로1동 17-22,,,2012,,02-2199-7880,서울특별시 용산구청,2026-06-13
원효로1동389,1,,서울특별시 용산구원효로1동 17-22,,,2012,,02-2199-7880,서울특별시 용산구청,2026-06-13
원효로1동39,1,,서울특별시 용산구원효로1동 121-7,,,2012,,02-2199-7880,서울특별시 용산구청,2026-06-13
원효로1동390,1,,서울특별시 용산구원효로1동 19-8,,,2012,,02-2199-7880,서울특별시 용산구청,2026-06-13
원효로1동391,1,,서울특별시 용산구원효로1동 19-8,,,2012,,02-2199-7880,서울특별시 용산구청,2026-06-13
원효로1동392,1,,서울특별시 용산구원효로1동 19-5,,,2016,,02-2199-7880,서울특별시 용산구청,2026-06-13
원효로1동396,1,,서울특별시 용산구원효로1동 17-16,,,2012,,02-2199-7880,서울특별시 용산구청,2026-06-13
원효로1동398,1,,서울특별시 용산구원효로1동 18-17,,,2016,,02-2199-7880,서울특별시 용산구청,2026-06-13
원효로1동399,1,,서울특별시 용산구원효로1동 17-20,,,2012,,02-2199-7880,서울특별시 용산구청,2026-06-13
원효로1동4,1,,서울특별시 용산구원효로1동 57-15,,,2012,,02-2199-7880,서울특별시 용산구청,2026-06-13
원효로1동40,1,,서울특별시 용산구원효로1동 40-30,,,2012,,02-2199-7880,서울특별시 용산구청,2026-06-13
원효로1동401,1,,서울특별시 용산구원효로1동 18-64,,,2012,,02-2199-7880,서울특별시 용산구청,2026-06-13
원효로1동402,1,,서울특별시 용산구원효로1동 18-64,,,2012,,02-2199-7880,서울특별시 용산구청,2026-06-13
원효로1동403,1,,서울특별시 용산구원효로1동 18-20,,,2012,,02-2199-7880,서울특별시 용산구청,2026-06-13
원효로1동404,1,,서울특별시 용산구원효로1동 17-15,,,2023,,02-2199-7880,서울특별시 용산구청,2026-06-13
원효로1동405,1,,서울특별시 용산구원효로1동 17-15,,,2023,,02-2199-7880,서울특별시 용산구청,2026-06-13
원효로1동407,1,,서울특별시 용산구원효로1동 13-8,,,2012,,02-2199-7880,서울특별시 용산구청,2026-06-13
원효로1동408,1,,서울특별시 용산구원효로1동 17-48,,,2012,,02-2199-7880,서울특별시 용산구청,2026-06-13
원효로1동409,1,,서울특별시 용산구원효로1동 13-18,,,2022,,02-2199-7880,서울특별시 용산구청,2026-06-13
원효로1동41,1,,서울특별시 용산구원효로1동 40-30,,,2013,,02-2199-7880,서울특별시 용산구청,2026-06-13
원효로1동410,1,,서울특별시 용산구원효로1동 14-4,,,2012,,02-2199-7880,서울특별시 용산구청,2026-06-13
원효로1동411,1,,서울특별시 용산구원효로1동 13-21,,,2012,,02-2199-7880,서울특별시 용산구청,2026-06-13
원효로1동412,1,,서울특별시 용산구원효로1동 14-4,,,2012,,02-2199-7880,서울특별시 용산구청,2026-06-13
원효로1동413,1,,서울특별시 용산구원효로1동 31-8,,,2012,,02-2199-7880,서울특별시 용산구청,2026-06-13
원효로1동414,1,,서울특별시 용산구원효로1동 31-10,,,2015,,02-2199-7880,서울특별시 용산구청,2026-06-13
원효로1동415,1,,서울특별시 용산구원효로1동 30-84,,,2012,,02-2199-7880,서울특별시 용산구청,2026-06-13
원효로1동416,1,,서울특별시 용산구원효로1동 13-27,,,2012,,02-2199-7880,서울특별시 용산구청,2026-06-13
원효로1동417,1,,서울특별시 용산구원효로1동 30-27,,,2012,,02-2199-7880,서울특별시 용산구청,2026-06-13
원효로1동419,1,,서울특별시 용산구원효로1동 30-96,,,2012,,02-2199-7880,서울특별시 용산구청,2026-06-13
원효로1동42,1,,서울특별시 용산구원효로1동 40-74,,,2015,,02-2199-7880,서울특별시 용산구청,2026-06-13
원효로1동420,1,,서울특별시 용산구원효로1동 18-57,,,2012,,02-2199-7880,서울특별시 용산구청,2026-06-13
원효로1동421,1,,서울특별시 용산구원효로1동 27-90,,,2012,,02-2199-7880,서울특별시 용산구청,2026-06-13
원효로1동422,1,,서울특별시 용산구원효로1동 27-90,,,2012,,02-2199-7880,서울특별시 용산구청,2026-06-13
원효로1동423,1,,서울특별시 용산구원효로1동 27-10,,,2012,,02-2199-7880,서울특별시 용산구청,2026-06-13
원효로1동424,1,,서울특별시 용산구원효로1동 27-29,,,2012,,02-2199-7880,서울특별시 용산구청,2026-06-13
원효로1동425,1,,서울특별시 용산구원효로1동 30-80,,,2012,,02-2199-7880,서울특별시 용산구청,2026-06-13
원효로1동426,1,,서울특별시 용산구원효로1동 30-80,,,2012,,02-2199-7880,서울특별시 용산구청,2026-06-13
원효로1동428,1,,서울특별시 용산구원효로1동 21-6,,,2012,,02-2199-7880,서울특별시 용산구청,2026-06-13
원효로1동43,1,,서울특별시 용산구원효로1동 11-10,,,2015,,02-2199-7880,서울특별시 용산구청,2026-06-13
원효로1동430,1,,서울특별시 용산구원효로1동 27-68,,,2012,,02-2199-7880,서울특별시 용산구청,2026-06-13
원효로1동431,1,,서울특별시 용산구원효로1동 26-21,,,2012,,02-2199-7880,서울특별시 용산구청,2026-06-13
원효로1동432,1,,서울특별시 용산구원효로1동 26-21,,,2012,,02-2199-7880,서울특별시 용산구청,2026-06-13
원효로1동433,1,,서울특별시 용산구원효로1동 26-41,,,2012,,02-2199-7880,서울특별시 용산구청,2026-06-13
원효로1동434,1,,서울특별시 용산구원효로1동 26-41,,,2012,,02-2199-7880,서울특별시 용산구청,2026-06-13
원효로1동435,1,,서울특별시 용산구원효로1동 24-7,,,2012,,02-2199-7880,서울특별시 용산구청,2026-06-13
원효로1동436,1,,서울특별시 용산구원효로1동 24-7,,,2022,,02-2199-7880,서울특별시 용산구청,2026-06-13
원효로1동437,1,,서울특별시 용산구원효로1동 24-7,,,2012,,02-2199-7880,서울특별시 용산구청,2026-06-13
원효로1동438,1,,서울특별시 용산구원효로1동 24-21,,,2012,,02-2199-7880,서울특별시 용산구청,2026-06-13
원효로1동439,1,,서울특별시 용산구원효로1동 23-19,,,2012,,02-2199-7880,서울특별시 용산구청,2026-06-13
원효로1동44,1,,서울특별시 용산구원효로1동 40-21,,,2015,,02-2199-7880,서울특별시 용산구청,2026-06-13
원효로1동441,1,,서울특별시 용산구원효로1동 22-2,,,2014,,02-2199-7880,서울특별시 용산구청,2026-06-13
원효로1동442,1,,서울특별시 용산구원효로1동 21-6,,,2012,,02-2199-7880,서울특별시 용산구청,2026-06-13
원효로1동443,1,,서울특별시 용산구원효로1동 26-33,,,2012,,02-2199-7880,서울특별시 용산구청,2026-06-13
원효로1동444,1,,서울특별시 용산구원효로1동 22-39,,,2012,,02-2199-7880,서울특별시 용산구청,2026-06-13
원효로1동445,1,,서울특별시 용산구원효로1동 22-41,,,2012,,02-2199-7880,서울특별시 용산구청,2026-06-13
원효로1동446,1,,서울특별시 용산구원효로1동 17-21,,,2012,,02-2199-7880,서울특별시 용산구청,2026-06-13
원효로1동447,1,,서울특별시 용산구원효로1동 17-21,,,2012,,02-2199-7880,서울특별시 용산구청,2026-06-13
원효로1동448,1,,서울특별시 용산구원효로1동 29-43,,,2012,,02-2199-7880,서울특별시 용산구청,2026-06-13
원효로1동449,1,,서울특별시 용산구원효로1동 29-43,,,2012,,02-2199-7880,서울특별시 용산구청,2026-06-13
원효로1동45,1,,서울특별시 용산구원효로1동 40-31,,,2015,,02-2199-7880,서울특별시 용산구청,2026-06-13
원효로1동450,1,,서울특별시 용산구원효로1동 82-12,,,2012,,02-2199-7880,서울특별시 용산구청,2026-06-13
원효로1동451,1,,서울특별시 용산구원효로1동 29-37,,,2013,,02-2199-7880,서울특별시 용산구청,2026-06-13
원효로1동452,1,,서울특별시 용산구원효로1동 29-43,,,2012,,02-2199-7880,서울특별시 용산구청,2026-06-13
원효로1동453,1,,서울특별시 용산구원효로1동 1-93,,,2013,,02-2199-7880,서울특별시 용산구청,2026-06-13
원효로1동454,1,,서울특별시 용산구원효로1동 1-93,,,2013,,02-2199-7880,서울특별시 용산구청,2026-06-13
원효로1동455,1,,서울특별시 용산구원효로1동 1-93,,,2016,,02-2199-7880,서울특별시 용산구청,2026-06-13
원효로1동456,1,,서울특별시 용산구원효로1동 50,,,2012,,02-2199-7880,서울특별시 용산구청,2026-06-13
원효로1동457,1,,서울특별시 용산구원효로1동 50,,,2012,,02-2199-7880,서울특별시 용산구청,2026-06-13
원효로1동458,1,,서울특별시 용산구원효로1동 3-33,,,2012,,02-2199-7880,서울특별시 용산구청,2026-06-13
원효로1동459,1,,서울특별시 용산구원효로1동 2-34,,,2012,,02-2199-7880,서울특별시 용산구청,2026-06-13
원효로1동46,1,,서울특별시 용산구원효로1동 40-31,,,2015,,02-2199-7880,서울특별시 용산구청,2026-06-13
원효로1동460,1,,서울특별시 용산구원효로1동 3-1,,,2018,,02-2199-7880,서울특별시 용산구청,2026-06-13
원효로1동461,1,,서울특별시 용산구원효로1동 3-1,,,2018,,02-2199-7880,서울특별시 용산구청,2026-06-13
원효로1동462,1,,서울특별시 용산구원효로1동 4-1,,,2018,,02-2199-7880,서울특별시 용산구청,2026-06-13
원효로1동463,1,,서울특별시 용산구원효로1동 3-45,,,2018,,02-2199-7880,서울특별시 용산구청,2026-06-13
원효로1동464,1,,서울특별시 용산구원효로1동 16-6,,,2012,,02-2199-7880,서울특별시 용산구청,2026-06-13
원효로1동465,1,,서울특별시 용산구원효로1동 16-6,,,2012,,02-2199-7880,서울특별시 용산구청,2026-06-13
원효로1동466,1,,서울특별시 용산구원효로1동 4-1,,,2018,,02-2199-7880,서울특별시 용산구청,2026-06-13
원효로1동467,1,,서울특별시 용산구원효로1동 1-133,,,2018,,02-2199-7880,서울특별시 용산구청,2026-06-13
원효로1동468,1,,서울특별시 용산구원효로1동 1-133,,,2018,,02-2199-7880,서울특별시 용산구청,2026-06-13
원효로1동469,1,,서울특별시 용산구원효로1동 1-32,,,2012,,02-2199-7880,서울특별시 용산구청,2026-06-13
원효로1동47,1,,서울특별시 용산구원효로1동 15-23,,,2015,,02-2199-7880,서울특별시 용산구청,2026-06-13
원효로1동470,1,,서울특별시 용산구원효로1동 1-32,,,2014,,02-2199-7880,서울특별시 용산구청,2026-06-13
원효로1동471,1,,서울특별시 용산구원효로1동 1-10,,,2018,,02-2199-7880,서울특별시 용산구청,2026-06-13
원효로1동472,1,,서울특별시 용산구원효로1동 1-13,,,2018,,02-2199-7880,서울특별시 용산구청,2026-06-13
원효로1동473,1,,서울특별시 용산구원효로1동 1-4,,,2018,,02-2199-7880,서울특별시 용산구청,2026-06-13
원효로1동474,1,,서울특별시 용산구원효로1동 1-4,,,2018,,02-2199-7880,서울특별시 용산구청,2026-06-13
원효로1동475,1,,서울특별시 용산구원효로1동 1-4,,,2018,,02-2199-7880,서울특별시 용산구청,2026-06-13
원효로1동476,1,,서울특별시 용산구원효로1동 1-4,,,2018,,02-2199-7880,서울특별시 용산구청,2026-06-13
원효로1동477,1,,서울특별시 용산구원효로1동 1-79,,,2018,,02-2199-7880,서울특별시 용산구청,2026-06-13
원효로1동478,1,,서울특별시 용산구원효로1동 7-13,,,2015,,02-2199-7880,서울특별시 용산구청,2026-06-13
원효로1동479,1,,서울특별시 용산구원효로1동 7-13,,,2012,,02-2199-7880,서울특별시 용산구청,2026-06-13
원효로1동48,1,,서울특별시 용산구원효로1동 11-16,,,2015,,02-2199-7880,서울특별시 용산구청,2026-06-13
원효로1동480,1,,서울특별시 용산구원효로1동 1-65,,,2012,,02-2199-7880,서울특별시 용산구청,2026-06-13
원효로1동481,1,,서울특별시 용산구원효로1동 76-33,,,2012,,02-2199-7880,서울특별시 용산구청,2026-06-13
원효로1동482,1,,서울특별시 용산구원효로1동 76-29,,,2012,,02-2199-7880,서울특별시 용산구청,2026-06-13
원효로1동483,1,,서울특별시 용산구원효로1동 76-4,,,2012,,02-2199-7880,서울특별시 용산구청,2026-06-13
원효로1동484,1,,서울특별시 용산구원효로1동 76-10,,,2012,,02-2199-7880,서울특별시 용산구청,2026-06-13
원효로1동485,1,,서울특별시 용산구원효로1동 76-17,,,2012,,02-2199-7880,서울특별시 용산구청,2026-06-13
원효로1동486,1,,서울특별시 용산구원효로1동 77-9,,,2012,,02-2199-7880,서울특별시 용산구청,2026-06-13
원효로1동487,1,,서울특별시 용산구원효로1동 76-20,,,2012,,02-2199-7880,서울특별시 용산구청,2026-06-13
원효로1동488,1,,서울특별시 용산구원효로1동 77-11,,,2012,,02-2199-7880,서울특별시 용산구청,2026-06-13
원효로1동489,1,,서울특별시 용산구원효로1동 77-15,,,2018,,02-2199-7880,서울특별시 용산구청,2026-06-13
원효로1동49,1,,서울특별시 용산구원효로1동 11-16,,,2015,,02-2199-7880,서울특별시 용산구청,2026-06-13
원효로1동490,1,,서울특별시 용산구원효로1동 77-44,,,2022,,02-2199-7880,서울특별시 용산구청,2026-06-13
원효로1동491,1,,서울특별시 용산구원효로1동 78-17,,,2012,,02-2199-7880,서울특별시 용산구청,2026-06-13
원효로1동492,1,,서울특별시 용산구원효로1동 78-16,,,2022,,02-2199-7880,서울특별시 용산구청,2026-06-13
원효로1동493,1,,서울특별시 용산구원효로1동 79-4,,,2022,,02-2199-7880,서울특별시 용산구청,2026-06-13
원효로1동494,1,,서울특별시 용산구원효로1동 79-4,,,2022,,02-2199-7880,서울특별시 용산구청,2026-06-13
원효로1동495,1,,서울특별시 용산구원효로1동 79-47,,,2022,,02-2199-7880,서울특별시 용산구청,2026-06-13
원효로1동496,1,,서울특별시 용산구원효로1동 79-47,,,2012,,02-2199-7880,서울특별시 용산구청,2026-06-13
원효로1동497,1,,서울특별시 용산구원효로1동 79-47,,,2012,,02-2199-7880,서울특별시 용산구청,2026-06-13
원효로1동498,1,,서울특별시 용산구원효로1동 79-25,,,2012,,02-2199-7880,서울특별시 용산구청,2026-06-13
원효로1동499,1,,서울특별시 용산구원효로1동 80-23,,,2012,,02-2199-7880,서울특별시 용산구청,2026-06-13
원효로1동5,1,,서울특별시 용산구원효로1동 57-15,,,2012,,02-2199-7880,서울특별시 용산구청,2026-06-13
원효로1동50,1,,서울특별시 용산구원효로1동 11-10,,,2015,,02-2199-7880,서울특별시 용산구청,2026-06-13
원효로1동500,1,,서울특별시 용산구원효로1동 78-30,,,2012,,02-2199-7880,서울특별시 용산구청,2026-06-13
원효로1동501,1,,서울특별시 용산구원효로1동 80-9,,,2012,,02-2199-7880,서울특별시 용산구청,2026-06-13
원효로1동502,1,,서울특별시 용산구원효로1동 80-8,,,2012,,02-2199-7880,서울특별시 용산구청,2026-06-13
원효로1동503,1,,서울특별시 용산구원효로1동 80-4,,,2012,,02-2199-7880,서울특별시 용산구청,2026-06-13
원효로1동504,1,,서울특별시 용산구원효로1동 80-3,,,2012,,02-2199-7880,서울특별시 용산구청,2026-06-13
원효로1동505,1,,서울특별시 용산구원효로1동 81-23,,,2012,,02-2199-7880,서울특별시 용산구청,2026-06-13
원효로1동506,1,,서울특별시 용산구원효로1동 80-12,,,2012,,02-2199-7880,서울특별시 용산구청,2026-06-13
원효로1동507,1,,서울특별시 용산구원효로1동 80-15,,,2012,,02-2199-7880,서울특별시 용산구청,2026-06-13
원효로1동508,1,,서울특별시 용산구원효로1동 82-6,,,2016,,02-2199-7880,서울특별시 용산구청,2026-06-13
원효로1동509,1,,서울특별시 용산구원효로1동 69-8,,,2012,,02-2199-7880,서울특별시 용산구청,2026-06-13
원효로1동51,1,,서울특별시 용산구원효로1동 11-10,,,2015,,02-2199-7880,서울특별시 용산구청,2026-06-13
원효로1동510,1,,서울특별시 용산구원효로1동 84-5,,,2014,,02-2199-7880,서울특별시 용산구청,2026-06-13
원효로1동511,1,,서울특별시 용산구원효로1동 85-1,,,2012,,02-2199-7880,서울특별시 용산구청,2026-06-13
원효로1동512,1,,서울특별시 용산구원효로1동 69-12,,,2018,,02-2199-7880,서울특별시 용산구청,2026-06-13
원효로1동513,1,,서울특별시 용산구원효로1동 78-39,,,2018,,02-2199-7880,서울특별시 용산구청,2026-06-13
원효로1동514,1,,서울특별시 용산구원효로1동 78-22,,,2012,,02-2199-7880,서울특별시 용산구청,2026-06-13
원효로1동515,1,,서울특별시 용산구원효로1동 72-2,,,2012,,02-2199-7880,서울특별시 용산구청,2026-06-13
원효로1동516,1,,서울특별시 용산구원효로1동 63-1,,,2018,,02-2199-7880,서울특별시 용산구청,2026-06-13
원효로1동517,1,,서울특별시 용산구원효로1동 29-9,,,2018,,02-2199-7880,서울특별시 용산구청,2026-06-13
원효로1동518,1,,서울특별시 용산구원효로1동 29-9,,,2018,,02-2199-7880,서울특별시 용산구청,2026-06-13
원효로1동519,1,,서울특별시 용산구원효로1동 74-5,,,2012,,02-2199-7880,서울특별시 용산구청,2026-06-13
원효로1동52,1,,서울특별시 용산구원효로1동 11-10,,,2015,,02-2199-7880,서울특별시 용산구청,2026-06-13
원효로1동520,1,,서울특별시 용산구원효로1동 25,,,2016,,02-2199-7880,서울특별시 용산구청,2026-06-13
원효로1동521,1,,서울특별시 용산구원효로1동 79-3,,,2012,,02-2199-7880,서울특별시 용산구청,2026-06-13
원효로1동522,1,,서울특별시 용산구원효로1동 8-12,,,2012,,02-2199-7880,서울특별시 용산구청,2026-06-13
원효로1동523,1,,서울특별시 용산구원효로1동 8-12,,,2012,,02-2199-7880,서울특별시 용산구청,2026-06-13
원효로1동524,1,,서울특별시 용산구원효로1동 8-12,,,2012,,02-2199-7880,서울특별시 용산구청,2026-06-13
원효로1동525,1,,서울특별시 용산구원효로1동 8-12,,,2012,,02-2199-7880,서울특별시 용산구청,2026-06-13
원효로1동526,1,,서울특별시 용산구원효로1동 5-1,,,2012,,02-2199-7880,서울특별시 용산구청,2026-06-13
원효로1동527,1,,서울특별시 용산구원효로1동 8-2,,,2012,,02-2199-7880,서울특별시 용산구청,2026-06-13
원효로1동528,1,,서울특별시 용산구원효로1동 8-23,,,2012,,02-2199-7880,서울특별시 용산구청,2026-06-13
원효로1동529,1,,서울특별시 용산구원효로1동 8-4,,,2012,,02-2199-7880,서울특별시 용산구청,2026-06-13
원효로1동53,1,,서울특별시 용산구원효로1동 11-10,,,2012,,02-2199-7880,서울특별시 용산구청,2026-06-13
원효로1동530,1,,서울특별시 용산구원효로1동 88-13,,,2014,,02-2199-7880,서울특별시 용산구청,2026-06-13
원효로1동531,1,,서울특별시 용산구원효로1동 90-13,,,2012,,02-2199-7880,서울특별시 용산구청,2026-06-13
원효로1동532,1,,서울특별시 용산구원효로1동 88-13,,,2012,,02-2199-7880,서울특별시 용산구청,2026-06-13
원효로1동533,1,,서울특별시 용산구원효로1동 88-13,,,2012,,02-2199-7880,서울특별시 용산구청,2026-06-13
원효로1동535,1,,서울특별시 용산구원효로1동 88-13,,,2012,,02-2199-7880,서울특별시 용산구청,2026-06-13
원효로1동536,1,,서울특별시 용산구원효로1동 88-13,,,2012,,02-2199-7880,서울특별시 용산구청,2026-06-13
원효로1동537,1,,서울특별시 용산구원효로1동 88-13,,,2012,,02-2199-7880,서울특별시 용산구청,2026-06-13
원효로1동538,1,,서울특별시 용산구원효로1동 46-9,,,2012,,02-2199-7880,서울특별시 용산구청,2026-06-13
원효로1동54,1,,서울특별시 용산구원효로1동 11-11,,,2023,,02-2199-7880,서울특별시 용산구청,2026-06-13
원효로1동543,1,,서울특별시 용산구원효로1동 90-8,,,2012,,02-2199-7880,서울특별시 용산구청,2026-06-13
원효로1동55,1,,서울특별시 용산구원효로1동 11-41,,,2015,,02-2199-7880,서울특별시 용산구청,2026-06-13
원효로1동56,1,,서울특별시 용산구원효로1동 11-25,,,2015,,02-2199-7880,서울특별시 용산구청,2026-06-13
원효로1동57,1,,서울특별시 용산구원효로1동 11-14,,,2015,,02-2199-7880,서울특별시 용산구청,2026-06-13
원효로1동58,1,,서울특별시 용산구원효로1동 11-14,,,2015,,02-2199-7880,서울특별시 용산구청,2026-06-13
원효로1동59,1,,서울특별시 용산구원효로1동 11-20,,,2012,,02-2199-7880,서울특별시 용산구청,2026-06-13
원효로1동6,1,,서울특별시 용산구원효로1동 54-2,,,2012,,02-2199-7880,서울특별시 용산구청,2026-06-13
원효로1동60,1,,서울특별시 용산구원효로1동 11-14,,,2015,,02-2199-7880,서울특별시 용산구청,2026-06-13
원효로1동607,1,,서울특별시 용산구원효로1동 17-21,,,2023,,02-2199-7880,서울특별시 용산구청,2026-06-13
원효로1동61,1,,서울특별시 용산구원효로1동 11-14,,,2015,,02-2199-7880,서울특별시 용산구청,2026-06-13
원효로1동610,1,,서울특별시 용산구원효로1동 19-2,,,2025,,02-2199-7880,서울특별시 용산구청,2026-06-13
원효로1동62,1,,서울특별시 용산구원효로1동 7-6,,,2015,,02-2199-7880,서울특별시 용산구청,2026-06-13
원효로1동620,1,,서울특별시 용산구원효로1동 26-41,,,2024,,02-2199-7880,서울특별시 용산구청,2026-06-13
원효로1동621,1,,서울특별시 용산구원효로1동 13-25,,,2024,,02-2199-7880,서울특별시 용산구청,2026-06-13
원효로1동623,1,,서울특별시 용산구원효로1동 3-1,,,2024,,02-2199-7880,서울특별시 용산구청,2026-06-13
원효로1동624,1,,서울특별시 용산구원효로1동 5-1,,,2024,,02-2199-7880,서울특별시 용산구청,2026-06-13
원효로1동625,1,,서울특별시 용산구원효로1동 43-1,,,2024,,02-2199-7880,서울특별시 용산구청,2026-06-13
원효로1동626,1,,서울특별시 용산구원효로1동 43-1,,,2024,,02-2199-7880,서울특별시 용산구청,2026-06-13
원효로1동627,1,,서울특별시 용산구원효로1동 42-4,,,2024,,02-2199-7880,서울특별시 용산구청,2026-06-13
원효로1동628,1,,서울특별시 용산구원효로1동 42-4,,,2024,,02-2199-7880,서울특별시 용산구청,2026-06-13
원효로1동629,1,,서울특별시 용산구원효로1동 28-33,,,2024,,02-2199-7880,서울특별시 용산구청,2026-06-13
원효로1동63,1,,서울특별시 용산구원효로1동 7-6,,,2015,,02-2199-7880,서울특별시 용산구청,2026-06-13
원효로1동630,1,,서울특별시 용산구원효로1동 17-16,,,2024,,02-2199-7880,서울특별시 용산구청,2026-06-13
원효로1동631,1,,서울특별시 용산구원효로1동 76-9,,,2024,,02-2199-7880,서울특별시 용산구청,2026-06-13
원효로1동632,1,,서울특별시 용산구원효로1동 48,,,2024,,02-2199-7880,서울특별시 용산구청,2026-06-13
원효로1동633,1,,서울특별시 용산구원효로1동 52,,,2024,,02-2199-7880,서울특별시 용산구청,2026-06-13
원효로1동634,1,,서울특별시 용산구원효로1동 52,,,2024,,02-2199-7880,서울특별시 용산구청,2026-06-13
원효로1동635,1,,서울특별시 용산구원효로1동 40-19,,,2024,,02-2199-7880,서울특별시 용산구청,2026-06-13
원효로1동636,1,,서울특별시 용산구원효로1동 128-1,,,2024,,02-2199-7880,서울특별시 용산구청,2026-06-13
원효로1동637,1,,서울특별시 용산구원효로1동 120-1,,,2024,,02-2199-7880,서울특별시 용산구청,2026-06-13
원효로1동64,1,,서울특별시 용산구원효로1동 7-6,,,2015,,02-2199-7880,서울특별시 용산구청,2026-06-13
원효로1동65,1,,서울특별시 용산구원효로1동 11-29,,,2015,,02-2199-7880,서울특별시 용산구청,2026-06-13
원효로1동66,1,,서울특별시 용산구원효로1동 11-29,,,2015,,02-2199-7880,서울특별시 용산구청,2026-06-13
원효로1동67,1,,서울특별시 용산구원효로1동 10-18,,,2012,,02-2199-7880,서울특별시 용산구청,2026-06-13
원효로1동68,1,,서울특별시 용산구원효로1동 10-3,,,2012,,02-2199-7880,서울특별시 용산구청,2026-06-13
원효로1동69,1,,서울특별시 용산구원효로1동 11-32,,,2012,,02-2199-7880,서울특별시 용산구청,2026-06-13
원효로1동7,1,,서울특별시 용산구원효로1동 129-2,,,2012,,02-2199-7880,서울특별시 용산구청,2026-06-13
원효로1동70,1,,서울특별시 용산구원효로1동 10-16,,,2012,,02-2199-7880,서울특별시 용산구청,2026-06-13
원효로1동71,1,,서울특별시 용산구원효로1동 10-16,,,2012,,02-2199-7880,서울특별시 용산구청,2026-06-13
원효로1동72,1,,서울특별시 용산구원효로1동 10-1,,,2012,,02-2199-7880,서울특별시 용산구청,2026-06-13
원효로1동73,1,,서울특별시 용산구원효로1동 34-10,,,2012,,02-2199-7880,서울특별시 용산구청,2026-06-13
원효로1동74,1,,서울특별시 용산구원효로1동 46,,,2015,,02-2199-7880,서울특별시 용산구청,2026-06-13
원효로1동75,1,,서울특별시 용산구원효로1동 3-3,,,2015,,02-2199-7880,서울특별시 용산구청,2026-06-13
원효로1동76,1,,서울특별시 용산구원효로1동 3-3,,,2015,,02-2199-7880,서울특별시 용산구청,2026-06-13
원효로1동77,1,,서울특별시 용산구원효로1동 11-13,,,2015,,02-2199-7880,서울특별시 용산구청,2026-06-13
원효로1동78,1,,서울특별시 용산구원효로1동 40-39,,,2015,,02-2199-7880,서울특별시 용산구청,2026-06-13
원효로1동79,1,,서울특별시 용산구원효로1동 120-2,,,2012,,02-2199-7880,서울특별시 용산구청,2026-06-13
원효로1동8,1,,서울특별시 용산구원효로1동 129-5,,,2012,,02-2199-7880,서울특별시 용산구청,2026-06-13
원효로1동80,1,,서울특별시 용산구원효로1동 24-39,,,2015,,02-2199-7880,서울특별시 용산구청,2026-06-13
원효로1동81,1,,서울특별시 용산구원효로1동 24-39,,,2015,,02-2199-7880,서울특별시 용산구청,2026-06-13
원효로1동82,1,,서울특별시 용산구원효로1동 24-39,,,2015,,02-2199-7880,서울특별시 용산구청,2026-06-13
원효로1동83,1,,서울특별시 용산구원효로1동 24-39,,,2015,,02-2199-7880,서울특별시 용산구청,2026-06-13
원효로1동84,1,,서울특별시 용산구원효로1동 24-36,,,2015,,02-2199-7880,서울특별시 용산구청,2026-06-13
원효로1동85,1,,서울특별시 용산구원효로1동 24-36,,,2016,,02-2199-7880,서울특별시 용산구청,2026-06-13
원효로1동86,1,,서울특별시 용산구원효로1동 24-36,,,2016,,02-2199-7880,서울특별시 용산구청,2026-06-13
원효로1동87,1,,서울특별시 용산구원효로1동 1-277,,,2015,,02-2199-7880,서울특별시 용산구청,2026-06-13
원효로1동88,1,,서울특별시 용산구원효로1동 30-3,,,2012,,02-2199-7880,서울특별시 용산구청,2026-06-13
원효로1동89,1,,서울특별시 용산구원효로1동 3-10,,,2012,,02-2199-7880,서울특별시 용산구청,2026-06-13
원효로1동9,1,,서울특별시 용산구원효로1동 129-4,,,2015,,02-2199-7880,서울특별시 용산구청,2026-06-13
원효로1동90,1,,서울특별시 용산구원효로1동 3-10,,,2012,,02-2199-7880,서울특별시 용산구청,2026-06-13
원효로1동91,1,,서울특별시 용산구원효로1동 1-277,,,2012,,02-2199-7880,서울특별시 용산구청,2026-06-13
원효로1동92,1,,서울특별시 용산구원효로1동 30-19,,,2012,,02-2199-7880,서울특별시 용산구청,2026-06-13
원효로1동93,1,,서울특별시 용산구원효로1동 3-10,,,2012,,02-2199-7880,서울특별시 용산구청,2026-06-13
원효로1동94,1,,서울특별시 용산구원효로1동 3-8,,,2015,,02-2199-7880,서울특별시 용산구청,2026-06-13
원효로1동95,1,,서울특별시 용산구원효로1동 3-8,,,2012,,02-2199-7880,서울특별시 용산구청,2026-06-13
원효로1동96,1,,서울특별시 용산구원효로1동 3-8,,,2018,,02-2199-7880,서울특별시 용산구청,2026-06-13
원효로1동97,1,,서울특별시 용산구원효로1동 30-8,,,2012,,02-2199-7880,서울특별시 용산구청,2026-06-13
원효로1동98,1,,서울특별시 용산구원효로1동 3-8,,,2012,,02-2199-7880,서울특별시 용산구청,2026-06-13
원효로1동99,1,,서울특별시 용산구원효로1동 3-23,,,2012,,02-2199-7880,서울특별시 용산구청,2026-06-13
원효로2가424,1,,서울특별시 용산구원효로2동 116-3,,,2025,,02-2199-7880,서울특별시 용산구청,2026-06-13
원효로2동1,1,,서울특별시 용산구원효로2동 51-40,,,2012,,02-2199-7880,서울특별시 용산구청,2026-06-13
원효로2동10,1,,서울특별시 용산구원효로2동 26-7,,,2012,,02-2199-7880,서울특별시 용산구청,2026-06-13
원효로2동100,1,,서울특별시 용산구원효로2동 2-14,,,2012,,02-2199-7880,서울특별시 용산구청,2026-06-13
원효로2동101,1,,서울특별시 용산구원효로2동 1-47,,,2012,,02-2199-7880,서울특별시 용산구청,2026-06-13
원효로2동102,1,,서울특별시 용산구원효로2동 1-35,,,2019,,02-2199-7880,서울특별시 용산구청,2026-06-13
원효로2동103,1,,서울특별시 용산구원효로2동 1-14,,,2012,,02-2199-7880,서울특별시 용산구청,2026-06-13
원효로2동104,1,,서울특별시 용산구원효로2동 1-36,,,2012,,02-2199-7880,서울특별시 용산구청,2026-06-13
원효로2동105,1,,서울특별시 용산구원효로2동 1-34,,,2012,,02-2199-7880,서울특별시 용산구청,2026-06-13
원효로2동106,1,,서울특별시 용산구원효로2동 1-44,,,2023,,02-2199-7880,서울특별시 용산구청,2026-06-13
원효로2동107,1,,서울특별시 용산구원효로2동 2-13,,,2023,,02-2199-7880,서울특별시 용산구청,2026-06-13
원효로2동108,1,,서울특별시 용산구원효로2동 56-35,,,2012,,02-2199-7880,서울특별시 용산구청,2026-06-13
원효로2동109,1,,서울특별시 용산구원효로2동 1-43,,,2012,,02-2199-7880,서울특별시 용산구청,2026-06-13
원효로2동11,1,,서울특별시 용산구원효로2동 35-1,,,2012,,02-2199-7880,서울특별시 용산구청,2026-06-13
원효로2동110,1,,서울특별시 용산구원효로2동 1-43,,,2012,,02-2199-7880,서울특별시 용산구청,2026-06-13
원효로2동111,1,,서울특별시 용산구원효로2동 105,,,2012,,02-2199-7880,서울특별시 용산구청,2026-06-13
원효로2동112,1,,서울특별시 용산구원효로2동 105,,,2012,,02-2199-7880,서울특별시 용산구청,2026-06-13
원효로2동113,1,,서울특별시 용산구원효로2동 80-39,,,2012,,02-2199-7880,서울특별시 용산구청,2026-06-13
원효로2동114,1,,서울특별시 용산구원효로2동 80-33,,,2012,,02-2199-7880,서울특별시 용산구청,2026-06-13
원효로2동115,1,,서울특별시 용산구원효로2동 80-21,,,2012,,02-2199-7880,서울특별시 용산구청,2026-06-13
원효로2동116,1,,서울특별시 용산구원효로2동 77-86,,,2012,,02-2199-7880,서울특별시 용산구청,2026-06-13
원효로2동117,1,,서울특별시 용산구원효로2동 77-47,,,2012,,02-2199-7880,서울특별시 용산구청,2026-06-13
원효로2동118,1,,서울특별시 용산구원효로2동 77-34,,,2014,,02-2199-7880,서울특별시 용산구청,2026-06-13
원효로2동119,1,,서울특별시 용산구원효로2동 77-47,,,2012,,02-2199-7880,서울특별시 용산구청,2026-06-13
원효로2동12,1,,서울특별시 용산구원효로2동 29-1,,,2012,,02-2199-7880,서울특별시 용산구청,2026-06-13
원효로2동120,1,,서울특별시 용산구원효로2동 77-37,,,2012,,02-2199-7880,서울특별시 용산구청,2026-06-13
원효로2동121,1,,서울특별시 용산구원효로2동 77-15,,,2012,,02-2199-7880,서울특별시 용산구청,2026-06-13
원효로2동122,1,,서울특별시 용산구원효로2동 77-11,,,2012,,02-2199-7880,서울특별시 용산구청,2026-06-13
원효로2동123,1,,서울특별시 용산구원효로2동 77-47,,,2012,,02-2199-7880,서울특별시 용산구청,2026-06-13
원효로2동124,1,,서울특별시 용산구원효로2동 77-8,,,2012,,02-2199-7880,서울특별시 용산구청,2026-06-13
원효로2동125,1,,서울특별시 용산구원효로2동 80-21,,,2012,,02-2199-7880,서울특별시 용산구청,2026-06-13
원효로2동126,1,,서울특별시 용산구원효로2동 56-1,,,2024,,02-2199-7880,서울특별시 용산구청,2026-06-13
원효로2동127,1,,서울특별시 용산구원효로2동 56-1,,,2020,,02-2199-7880,서울특별시 용산구청,2026-06-13
원효로2동128,1,,서울특별시 용산구원효로2동 56-68,,,2020,,02-2199-7880,서울특별시 용산구청,2026-06-13
원효로2동129,1,,서울특별시 용산구원효로2동 56-76,,,2024,,02-2199-7880,서울특별시 용산구청,2026-06-13
원효로2동13,1,,서울특별시 용산구원효로2동 1-3,,,2012,,02-2199-7880,서울특별시 용산구청,2026-06-13
원효로2동130,1,,서울특별시 용산구원효로2동 56-76,,,2024,,02-2199-7880,서울특별시 용산구청,2026-06-13
원효로2동131,1,,서울특별시 용산구원효로2동 56-76,,,2024,,02-2199-7880,서울특별시 용산구청,2026-06-13
원효로2동132,1,,서울특별시 용산구원효로2동 56-76,,,2024,,02-2199-7880,서울특별시 용산구청,2026-06-13
원효로2동133,1,,서울특별시 용산구원효로2동 56-1,,,2012,,02-2199-7880,서울특별시 용산구청,2026-06-13
원효로2동134,1,,서울특별시 용산구원효로2동 56-55,,,2012,,02-2199-7880,서울특별시 용산구청,2026-06-13
원효로2동135,1,,서울특별시 용산구원효로2동 13-8,,,2012,,02-2199-7880,서울특별시 용산구청,2026-06-13
원효로2동136,1,,서울특별시 용산구원효로2동 106,,,2012,,02-2199-7880,서울특별시 용산구청,2026-06-13
원효로2동137,1,,서울특별시 용산구원효로2동 56-40,,,2023,,02-2199-7880,서울특별시 용산구청,2026-06-13
원효로2동138,1,,서울특별시 용산구원효로2동 38-4,,,2012,,02-2199-7880,서울특별시 용산구청,2026-06-13
원효로2동139,1,,서울특별시 용산구원효로2동 38-4,,,2012,,02-2199-7880,서울특별시 용산구청,2026-06-13
원효로2동14,1,,서울특별시 용산구원효로2동 26-7,,,2012,,02-2199-7880,서울특별시 용산구청,2026-06-13
원효로2동140,1,,서울특별시 용산구원효로2동 38-4,,,2012,,02-2199-7880,서울특별시 용산구청,2026-06-13
원효로2동141,1,,서울특별시 용산구원효로2동 56-52,,,2012,,02-2199-7880,서울특별시 용산구청,2026-06-13
원효로2동142,1,,서울특별시 용산구원효로2동 38-4,,,2012,,02-2199-7880,서울특별시 용산구청,2026-06-13
원효로2동143,1,,서울특별시 용산구원효로2동 49-3,,,2012,,02-2199-7880,서울특별시 용산구청,2026-06-13
원효로2동144,1,,서울특별시 용산구원효로2동 53-1,,,2012,,02-2199-7880,서울특별시 용산구청,2026-06-13
원효로2동145,1,,서울특별시 용산구원효로2동 57-3,,,2012,,02-2199-7880,서울특별시 용산구청,2026-06-13
원효로2동146,1,,서울특별시 용산구원효로2동 57-3,,,2024,,02-2199-7880,서울특별시 용산구청,2026-06-13
원효로2동147,1,,서울특별시 용산구원효로2동 40-6,,,2024,,02-2199-7880,서울특별시 용산구청,2026-06-13
원효로2동148,1,,서울특별시 용산구원효로2동 40-6,,,2024,,02-2199-7880,서울특별시 용산구청,2026-06-13
원효로2동149,1,,서울특별시 용산구원효로2동 40-1,,,2012,,02-2199-7880,서울특별시 용산구청,2026-06-13
원효로2동15,1,,서울특별시 용산구원효로2동 25-4,,,2012,,02-2199-7880,서울특별시 용산구청,2026-06-13
원효로2동150,1,,서울특별시 용산구원효로2동 40-5,,,2024,,02-2199-7880,서울특별시 용산구청,2026-06-13
원효로2동151,1,,서울특별시 용산구원효로2동 35,,,2024,,02-2199-7880,서울특별시 용산구청,2026-06-13
원효로2동152,1,,서울특별시 용산구원효로2동 35,,,2012,,02-2199-7880,서울특별시 용산구청,2026-06-13
원효로2동153,1,,서울특별시 용산구원효로2동 34-2,,,2024,,02-2199-7880,서울특별시 용산구청,2026-06-13
원효로2동154,1,,서울특별시 용산구원효로2동 176-3,,,2012,,02-2199-7880,서울특별시 용산구청,2026-06-13
원효로2동155,1,,서울특별시 용산구원효로2동 207-1,,,2016,,02-2199-7880,서울특별시 용산구청,2026-06-13
원효로2동156,1,,서울특별시 용산구원효로2동 201-2,,,2024,,02-2199-7880,서울특별시 용산구청,2026-06-13
원효로2동157,1,,서울특별시 용산구원효로2동 204,,,2024,,02-2199-7880,서울특별시 용산구청,2026-06-13
원효로2동158,1,,서울특별시 용산구원효로2동 207-1,,,2024,,02-2199-7880,서울특별시 용산구청,2026-06-13
원효로2동159,1,,서울특별시 용산구원효로2동 211,,,2024,,02-2199-7880,서울특별시 용산구청,2026-06-13
원효로2동16,1,,서울특별시 용산구원효로2동 25-2,,,2012,,02-2199-7880,서울특별시 용산구청,2026-06-13
원효로2동160,1,,서울특별시 용산구원효로2동 214-1,,,2012,,02-2199-7880,서울특별시 용산구청,2026-06-13
원효로2동161,1,,서울특별시 용산구원효로2동 222,,,2012,,02-2199-7880,서울특별시 용산구청,2026-06-13
원효로2동162,1,,서울특별시 용산구원효로2동 214-1,,,2012,,02-2199-7880,서울특별시 용산구청,2026-06-13
원효로2동163,1,,서울특별시 용산구원효로2동 214-1,,,2012,,02-2199-7880,서울특별시 용산구청,2026-06-13
원효로2동164,1,,서울특별시 용산구원효로2동 214-1,,,2024,,02-2199-7880,서울특별시 용산구청,2026-06-13
원효로2동165,1,,서울특별시 용산구원효로2동 215-2,,,2012,,02-2199-7880,서울특별시 용산구청,2026-06-13
원효로2동166,1,,서울특별시 용산구원효로2동 228-2,,,2012,,02-2199-7880,서울특별시 용산구청,2026-06-13
원효로2동167,1,,서울특별시 용산구원효로2동 220,,,2012,,02-2199-7880,서울특별시 용산구청,2026-06-13
원효로2동168,1,,서울특별시 용산구원효로2동 185-1,,,2012,,02-2199-7880,서울특별시 용산구청,2026-06-13
원효로2동169,1,,서울특별시 용산구원효로2동 231-3,,,2024,,02-2199-7880,서울특별시 용산구청,2026-06-13
원효로2동17,1,,서울특별시 용산구원효로2동 23-1,,,2012,,02-2199-7880,서울특별시 용산구청,2026-06-13
원효로2동170,1,,서울특별시 용산구원효로2동 185-1,,,2024,,02-2199-7880,서울특별시 용산구청,2026-06-13
원효로2동171,1,,서울특별시 용산구원효로2동 150-3,,,2012,,02-2199-7880,서울특별시 용산구청,2026-06-13
원효로2동172,1,,서울특별시 용산구원효로2동 187-2,,,2012,,02-2199-7880,서울특별시 용산구청,2026-06-13
원효로2동173,1,,서울특별시 용산구원효로2동 182,,,2024,,02-2199-7880,서울특별시 용산구청,2026-06-13
원효로2동174,1,,서울특별시 용산구원효로2동 150-3,,,2012,,02-2199-7880,서울특별시 용산구청,2026-06-13
원효로2동175,1,,서울특별시 용산구원효로2동 196-1,,,2012,,02-2199-7880,서울특별시 용산구청,2026-06-13
원효로2동176,1,,서울특별시 용산구원효로2동 194,,,2023,,02-2199-7880,서울특별시 용산구청,2026-06-13
원효로2동177,1,,서울특별시 용산구원효로2동 150-3,,,2012,,02-2199-7880,서울특별시 용산구청,2026-06-13
원효로2동178,1,,서울특별시 용산구원효로2동 179-1,,,2021,,02-2199-7880,서울특별시 용산구청,2026-06-13
원효로2동179,1,,서울특별시 용산구원효로2동 150-2,,,2023,,02-2199-7880,서울특별시 용산구청,2026-06-13
원효로2동18,1,,서울특별시 용산구원효로2동 23-1,,,2023,,02-2199-7880,서울특별시 용산구청,2026-06-13
원효로2동180,1,,서울특별시 용산구원효로2동 150-3,,,2012,,02-2199-7880,서울특별시 용산구청,2026-06-13
원효로2동181,1,,서울특별시 용산구원효로2동 150-3,,,2012,,02-2199-7880,서울특별시 용산구청,2026-06-13
원효로2동182,1,,서울특별시 용산구원효로2동 257-1,,,2016,,02-2199-7880,서울특별시 용산구청,2026-06-13
원효로2동183,1,,서울특별시 용산구원효로2동 257-1,,,2012,,02-2199-7880,서울특별시 용산구청,2026-06-13
원효로2동184,1,,서울특별시 용산구원효로2동 257-1,,,2012,,02-2199-7880,서울특별시 용산구청,2026-06-13
원효로2동185,1,,서울특별시 용산구원효로2동 257-1,,,2024,,02-2199-7880,서울특별시 용산구청,2026-06-13
원효로2동186,1,,서울특별시 용산구원효로2동 257-1,,,2024,,02-2199-7880,서울특별시 용산구청,2026-06-13
원효로2동187,1,,서울특별시 용산구원효로2동 123-2,,,2023,,02-2199-7880,서울특별시 용산구청,2026-06-13
원효로2동188,1,,서울특별시 용산구원효로2동 97-2,,,2012,,02-2199-7880,서울특별시 용산구청,2026-06-13
원효로2동189,1,,서울특별시 용산구원효로2동 62-1,,,2012,,02-2199-7880,서울특별시 용산구청,2026-06-13
원효로2동19,1,,서울특별시 용산구원효로2동 26-7,,,2012,,02-2199-7880,서울특별시 용산구청,2026-06-13
원효로2동190,1,,서울특별시 용산구원효로2동 92,,,2023,,02-2199-7880,서울특별시 용산구청,2026-06-13
원효로2동191,1,,서울특별시 용산구원효로2동 81-3,,,2023,,02-2199-7880,서울특별시 용산구청,2026-06-13
원효로2동192,1,,서울특별시 용산구원효로2동 81-3,,,2012,,02-2199-7880,서울특별시 용산구청,2026-06-13
원효로2동193,1,,서울특별시 용산구원효로2동 36-2,,,2023,,02-2199-7880,서울특별시 용산구청,2026-06-13
원효로2동194,1,,서울특별시 용산구원효로2동 1-150,,,2012,,02-2199-7880,서울특별시 용산구청,2026-06-13
원효로2동195,1,,서울특별시 용산구원효로2동 1-150,,,2012,,02-2199-7880,서울특별시 용산구청,2026-06-13
원효로2동196,1,,서울특별시 용산구원효로2동 1-150,,,2012,,02-2199-7880,서울특별시 용산구청,2026-06-13
원효로2동197,1,,서울특별시 용산구원효로2동 46-5,,,2012,,02-2199-7880,서울특별시 용산구청,2026-06-13
원효로2동198,1,,서울특별시 용산구원효로2동 46-4,,,2012,,02-2199-7880,서울특별시 용산구청,2026-06-13
원효로2동199,1,,서울특별시 용산구원효로2동 1-150,,,2012,,02-2199-7880,서울특별시 용산구청,2026-06-13
원효로2동2,1,,서울특별시 용산구원효로2동 42-2,,,2012,,02-2199-7880,서울특별시 용산구청,2026-06-13
원효로2동20,1,,서울특별시 용산구원효로2동 26-7,,,2012,,02-2199-7880,서울특별시 용산구청,2026-06-13
원효로2동200,1,,서울특별시 용산구원효로2동 1-150,,,2012,,02-2199-7880,서울특별시 용산구청,2026-06-13
원효로2동201,1,,서울특별시 용산구원효로2동 1-49,,,2012,,02-2199-7880,서울특별시 용산구청,2026-06-13
원효로2동202,1,,서울특별시 용산구원효로2동 1-66,,,2012,,02-2199-7880,서울특별시 용산구청,2026-06-13
원효로2동203,1,,서울특별시 용산구원효로2동 1-40,,,2023,,02-2199-7880,서울특별시 용산구청,2026-06-13
원효로2동204,1,,서울특별시 용산구원효로2동 1-24,,,2023,,02-2199-7880,서울특별시 용산구청,2026-06-13
원효로2동205,1,,서울특별시 용산구원효로2동 267,,,2024,,02-2199-7880,서울특별시 용산구청,2026-06-13
원효로2동206,1,,서울특별시 용산구원효로2동 264-1,,,2024,,02-2199-7880,서울특별시 용산구청,2026-06-13
원효로2동207,1,,서울특별시 용산구원효로2동 272,,,2024,,02-2199-7880,서울특별시 용산구청,2026-06-13
원효로2동208,1,,서울특별시 용산구원효로2동 264-1,,,2024,,02-2199-7880,서울특별시 용산구청,2026-06-13
원효로2동209,1,,서울특별시 용산구원효로2동 264-1,,,2024,,02-2199-7880,서울특별시 용산구청,2026-06-13
원효로2동21,1,,서울특별시 용산구원효로2동 1-143,,,2012,,02-2199-7880,서울특별시 용산구청,2026-06-13
원효로2동210,1,,서울특별시 용산구원효로2동 252-2,,,2024,,02-2199-7880,서울특별시 용산구청,2026-06-13
원효로2동211,1,,서울특별시 용산구원효로2동 252-5,,,2024,,02-2199-7880,서울특별시 용산구청,2026-06-13
원효로2동212,1,,서울특별시 용산구원효로2동 251-3,,,2024,,02-2199-7880,서울특별시 용산구청,2026-06-13
원효로2동213,1,,서울특별시 용산구원효로2동 252-5,,,2024,,02-2199-7880,서울특별시 용산구청,2026-06-13
원효로2동214,1,,서울특별시 용산구원효로2동 252-2,,,2024,,02-2199-7880,서울특별시 용산구청,2026-06-13
원효로2동215,1,,서울특별시 용산구원효로2동 252-1,,,2024,,02-2199-7880,서울특별시 용산구청,2026-06-13
원효로2동216,1,,서울특별시 용산구원효로2동 252-6,,,2024,,02-2199-7880,서울특별시 용산구청,2026-06-13
원효로2동217,1,,서울특별시 용산구원효로2동 251-1,,,2024,,02-2199-7880,서울특별시 용산구청,2026-06-13
원효로2동218,1,,서울특별시 용산구원효로2동 251-1,,,2024,,02-2199-7880,서울특별시 용산구청,2026-06-13
원효로2동219,1,,서울특별시 용산구원효로2동 251-1,,,2024,,02-2199-7880,서울특별시 용산구청,2026-06-13
원효로2동22,1,,서울특별시 용산구원효로2동 1-143,,,2012,,02-2199-7880,서울특별시 용산구청,2026-06-13
원효로2동220,1,,서울특별시 용산구원효로2동 109-2,,,2012,,02-2199-7880,서울특별시 용산구청,2026-06-13
원효로2동221,1,,서울특별시 용산구원효로2동 108,,,2012,,02-2199-7880,서울특별시 용산구청,2026-06-13
원효로2동222,1,,서울특별시 용산구원효로2동 248-1,,,2012,,02-2199-7880,서울특별시 용산구청,2026-06-13
원효로2동223,1,,서울특별시 용산구원효로2동 248-1,,,2012,,02-2199-7880,서울특별시 용산구청,2026-06-13
원효로2동224,1,,서울특별시 용산구원효로2동 248-1,,,2012,,02-2199-7880,서울특별시 용산구청,2026-06-13
원효로2동225,1,,서울특별시 용산구원효로2동 105-1,,,2012,,02-2199-7880,서울특별시 용산구청,2026-06-13
원효로2동226,1,,서울특별시 용산구원효로2동 107-1,,,2012,,02-2199-7880,서울특별시 용산구청,2026-06-13
원효로2동227,1,,서울특별시 용산구원효로2동 101-1,,,2012,,02-2199-7880,서울특별시 용산구청,2026-06-13
원효로2동228,1,,서울특별시 용산구원효로2동 1-1,,,2012,,02-2199-7880,서울특별시 용산구청,2026-06-13
원효로2동229,1,,서울특별시 용산구원효로2동 1-1,,,2012,,02-2199-7880,서울특별시 용산구청,2026-06-13
원효로2동23,1,,서울특별시 용산구원효로2동 1-144,,,2012,,02-2199-7880,서울특별시 용산구청,2026-06-13
원효로2동230,1,,서울특별시 용산구원효로2동 1-1,,,2012,,02-2199-7880,서울특별시 용산구청,2026-06-13
원효로2동231,1,,서울특별시 용산구원효로2동 238-1,,,2012,,02-2199-7880,서울특별시 용산구청,2026-06-13
원효로2동232,1,,서울특별시 용산구원효로2동 243,,,2012,,02-2199-7880,서울특별시 용산구청,2026-06-13
원효로2동233,1,,서울특별시 용산구원효로2동 252-1,,,2012,,02-2199-7880,서울특별시 용산구청,2026-06-13
원효로2동234,1,,서울특별시 용산구원효로2동 238-1,,,2012,,02-2199-7880,서울특별시 용산구청,2026-06-13
원효로2동235,1,,서울특별시 용산구원효로2동 238-1,,,2012,,02-2199-7880,서울특별시 용산구청,2026-06-13
원효로2동236,1,,서울특별시 용산구원효로2동 238-1,,,2024,,02-2199-7880,서울특별시 용산구청,2026-06-13
원효로2동237,1,,서울특별시 용산구원효로2동 257-1,,,2012,,02-2199-7880,서울특별시 용산구청,2026-06-13
원효로2동238,1,,서울특별시 용산구원효로2동 1-1,,,2012,,02-2199-7880,서울특별시 용산구청,2026-06-13
원효로2동239,1,,서울특별시 용산구원효로2동 1-1,,,2012,,02-2199-7880,서울특별시 용산구청,2026-06-13
원효로2동24,1,,서울특별시 용산구원효로2동 21,,,2012,,02-2199-7880,서울특별시 용산구청,2026-06-13
원효로2동240,1,,서울특별시 용산구원효로2동 2,,,2012,,02-2199-7880,서울특별시 용산구청,2026-06-13
원효로2동241,1,,서울특별시 용산구원효로2동 1-1,,,2012,,02-2199-7880,서울특별시 용산구청,2026-06-13
원효로2동242,1,,서울특별시 용산구원효로2동 99-9,,,2012,,02-2199-7880,서울특별시 용산구청,2026-06-13
원효로2동243,1,,서울특별시 용산구원효로2동 8-1,,,2018,,02-2199-7880,서울특별시 용산구청,2026-06-13
원효로2동244,1,,서울특별시 용산구원효로2동 8,,,2012,,02-2199-7880,서울특별시 용산구청,2026-06-13
원효로2동245,1,,서울특별시 용산구원효로2동 2,,,2012,,02-2199-7880,서울특별시 용산구청,2026-06-13
원효로2동246,1,,서울특별시 용산구원효로2동 97-4,,,2012,,02-2199-7880,서울특별시 용산구청,2026-06-13
원효로2동247,1,,서울특별시 용산구원효로2동 97-4,,,2012,,02-2199-7880,서울특별시 용산구청,2026-06-13
원효로2동248,1,,서울특별시 용산구원효로2동 109-4,,,2012,,02-2199-7880,서울특별시 용산구청,2026-06-13
원효로2동249,1,,서울특별시 용산구원효로2동 97-2,,,2012,,02-2199-7880,서울특별시 용산구청,2026-06-13
원효로2동25,1,,서울특별시 용산구원효로2동 81-3,,,2012,,02-2199-7880,서울특별시 용산구청,2026-06-13
원효로2동250,1,,서울특별시 용산구원효로2동 96-7,,,2012,,02-2199-7880,서울특별시 용산구청,2026-06-13
원효로2동251,1,,서울특별시 용산구원효로2동 96-9,,,2012,,02-2199-7880,서울특별시 용산구청,2026-06-13
원효로2동252,1,,서울특별시 용산구원효로2동 94-8,,,2012,,02-2199-7880,서울특별시 용산구청,2026-06-13
원효로2동253,1,,서울특별시 용산구원효로2동 96-9,,,2012,,02-2199-7880,서울특별시 용산구청,2026-06-13
원효로2동254,1,,서울특별시 용산구원효로2동 12-1,,,2012,,02-2199-7880,서울특별시 용산구청,2026-06-13
원효로2동255,1,,서울특별시 용산구원효로2동 14-7,,,2012,,02-2199-7880,서울특별시 용산구청,2026-06-13
원효로2동256,1,,서울특별시 용산구원효로2동 13-1,,,2012,,02-2199-7880,서울특별시 용산구청,2026-06-13
원효로2동257,1,,서울특별시 용산구원효로2동 16-2,,,2012,,02-2199-7880,서울특별시 용산구청,2026-06-13
원효로2동258,1,,서울특별시 용산구원효로2동 90,,,2012,,02-2199-7880,서울특별시 용산구청,2026-06-13
원효로2동259,1,,서울특별시 용산구원효로2동 16-2,,,2012,,02-2199-7880,서울특별시 용산구청,2026-06-13
원효로2동26,1,,서울특별시 용산구원효로2동 164-1,,,2023,,02-2199-7880,서울특별시 용산구청,2026-06-13
원효로2동260,1,,서울특별시 용산구원효로2동 116-2,,,2012,,02-2199-7880,서울특별시 용산구청,2026-06-13
원효로2동261,1,,서울특별시 용산구원효로2동 114-5,,,2012,,02-2199-7880,서울특별시 용산구청,2026-06-13
원효로2동262,1,,서울특별시 용산구원효로2동 87-10,,,2012,,02-2199-7880,서울특별시 용산구청,2026-06-13
원효로2동263,1,,서울특별시 용산구원효로2동 116-3,,,2012,,02-2199-7880,서울특별시 용산구청,2026-06-13
원효로2동264,1,,서울특별시 용산구원효로2동 116-3,,,2012,,02-2199-7880,서울특별시 용산구청,2026-06-13
원효로2동265,1,,서울특별시 용산구원효로2동 121-1,,,2012,,02-2199-7880,서울특별시 용산구청,2026-06-13
원효로2동266,1,,서울특별시 용산구원효로2동 122-3,,,2012,,02-2199-7880,서울특별시 용산구청,2026-06-13
원효로2동267,1,,서울특별시 용산구원효로2동 122-3,,,2019,,02-2199-7880,서울특별시 용산구청,2026-06-13
원효로2동268,1,,서울특별시 용산구원효로2동 원효로4가,,,2012,,02-2199-7880,서울특별시 용산구청,2026-06-13
원효로2동269,1,,서울특별시 용산구원효로2동 128-1,,,2012,,02-2199-7880,서울특별시 용산구청,2026-06-13
원효로2동27,1,,서울특별시 용산구원효로2동 164-1,,,2012,,02-2199-7880,서울특별시 용산구청,2026-06-13
원효로2동270,1,,서울특별시 용산구원효로2동 127-7,,,2022,,02-2199-7880,서울특별시 용산구청,2026-06-13
원효로2동271,1,,서울특별시 용산구원효로2동 118-6,,,2012,,02-2199-7880,서울특별시 용산구청,2026-06-13
원효로2동272,1,,서울특별시 용산구원효로2동 118-2,,,2012,,02-2199-7880,서울특별시 용산구청,2026-06-13
원효로2동273,1,,서울특별시 용산구원효로2동 87-7,,,2012,,02-2199-7880,서울특별시 용산구청,2026-06-13
원효로2동274,1,,서울특별시 용산구원효로2동 81-1,,,2012,,02-2199-7880,서울특별시 용산구청,2026-06-13
원효로2동275,1,,서울특별시 용산구원효로2동 87-4,,,2012,,02-2199-7880,서울특별시 용산구청,2026-06-13
원효로2동276,1,,서울특별시 용산구원효로2동 87-4,,,2022,,02-2199-7880,서울특별시 용산구청,2026-06-13
원효로2동277,1,,서울특별시 용산구원효로2동 87-2,,,2012,,02-2199-7880,서울특별시 용산구청,2026-06-13
원효로2동278,1,,서울특별시 용산구원효로2동 83,,,2016,,02-2199-7880,서울특별시 용산구청,2026-06-13
원효로2동279,1,,서울특별시 용산구원효로2동 84-1,,,2012,,02-2199-7880,서울특별시 용산구청,2026-06-13
원효로2동28,1,,서울특별시 용산구원효로2동 164-1,,,2012,,02-2199-7880,서울특별시 용산구청,2026-06-13
원효로2동280,1,,서울특별시 용산구원효로2동 85-3,,,2012,,02-2199-7880,서울특별시 용산구청,2026-06-13
원효로2동281,1,,서울특별시 용산구원효로2동 80-3,,,2012,,02-2199-7880,서울특별시 용산구청,2026-06-13
원효로2동282,1,,서울특별시 용산구원효로2동 85-7,,,2012,,02-2199-7880,서울특별시 용산구청,2026-06-13
원효로2동283,1,,서울특별시 용산구원효로2동 85-6,,,2012,,02-2199-7880,서울특별시 용산구청,2026-06-13
원효로2동284,1,,서울특별시 용산구원효로2동 85-1,,,2012,,02-2199-7880,서울특별시 용산구청,2026-06-13
원효로2동285,1,,서울특별시 용산구원효로2동 86-1,,,2012,,02-2199-7880,서울특별시 용산구청,2026-06-13
원효로2동286,1,,서울특별시 용산구원효로2동 81-1,,,2012,,02-2199-7880,서울특별시 용산구청,2026-06-13
원효로2동287,1,,서울특별시 용산구원효로2동 82-1,,,2012,,02-2199-7880,서울특별시 용산구청,2026-06-13
원효로2동288,1,,서울특별시 용산구원효로2동 82-1,,,2012,,02-2199-7880,서울특별시 용산구청,2026-06-13
원효로2동289,1,,서울특별시 용산구원효로2동 77-2,,,2016,,02-2199-7880,서울특별시 용산구청,2026-06-13
원효로2동29,1,,서울특별시 용산구원효로2동 110-1,,,2012,,02-2199-7880,서울특별시 용산구청,2026-06-13
원효로2동290,1,,서울특별시 용산구원효로2동 36-4,,,2012,,02-2199-7880,서울특별시 용산구청,2026-06-13
원효로2동291,1,,서울특별시 용산구원효로2동 59-3,,,2012,,02-2199-7880,서울특별시 용산구청,2026-06-13
원효로2동292,1,,서울특별시 용산구원효로2동 85-1,,,2012,,02-2199-7880,서울특별시 용산구청,2026-06-13
원효로2동293,1,,서울특별시 용산구원효로2동 59-2,,,2012,,02-2199-7880,서울특별시 용산구청,2026-06-13
원효로2동294,1,,서울특별시 용산구원효로2동 67-1,,,2012,,02-2199-7880,서울특별시 용산구청,2026-06-13
원효로2동295,1,,서울특별시 용산구원효로2동 32-1,,,2012,,02-2199-7880,서울특별시 용산구청,2026-06-13
원효로2동296,1,,서울특별시 용산구원효로2동 26-1,,,2012,,02-2199-7880,서울특별시 용산구청,2026-06-13
원효로2동297,1,,서울특별시 용산구원효로2동 30-2,,,2012,,02-2199-7880,서울특별시 용산구청,2026-06-13
원효로2동298,1,,서울특별시 용산구원효로2동 29-2,,,2012,,02-2199-7880,서울특별시 용산구청,2026-06-13
원효로2동299,1,,서울특별시 용산구원효로2동 34,,,2012,,02-2199-7880,서울특별시 용산구청,2026-06-13
원효로2동3,1,,서울특별시 용산구원효로2동 42-4,,,2012,,02-2199-7880,서울특별시 용산구청,2026-06-13
원효로2동30,1,,서울특별시 용산구원효로2동 112-1,,,2012,,02-2199-7880,서울특별시 용산구청,2026-06-13
원효로2동300,1,,서울특별시 용산구원효로2동 33-4,,,2012,,02-2199-7880,서울특별시 용산구청,2026-06-13
원효로2동301,1,,서울특별시 용산구원효로2동 77-3,,,2012,,02-2199-7880,서울특별시 용산구청,2026-06-13
원효로2동302,1,,서울특별시 용산구원효로2동 67-1,,,2012,,02-2199-7880,서울특별시 용산구청,2026-06-13
원효로2동303,1,,서울특별시 용산구원효로2동 43-2,,,2012,,02-2199-7880,서울특별시 용산구청,2026-06-13
원효로2동304,1,,서울특별시 용산구원효로2동 38,,,2012,,02-2199-7880,서울특별시 용산구청,2026-06-13
원효로2동305,1,,서울특별시 용산구원효로2동 77-3,,,2012,,02-2199-7880,서울특별시 용산구청,2026-06-13
원효로2동306,1,,서울특별시 용산구원효로2동 47,,,2012,,02-2199-7880,서울특별시 용산구청,2026-06-13
원효로2동307,1,,서울특별시 용산구원효로2동 49,,,2016,,02-2199-7880,서울특별시 용산구청,2026-06-13
원효로2동308,1,,서울특별시 용산구원효로2동 50-1,,,2012,,02-2199-7880,서울특별시 용산구청,2026-06-13
원효로2동309,1,,서울특별시 용산구원효로2동 50-6,,,2023,,02-2199-7880,서울특별시 용산구청,2026-06-13
원효로2동31,1,,서울특별시 용산구원효로2동 112-1,,,2012,,02-2199-7880,서울특별시 용산구청,2026-06-13
원효로2동310,1,,서울특별시 용산구원효로2동 1-1,,,2012,,02-2199-7880,서울특별시 용산구청,2026-06-13
원효로2동311,1,,서울특별시 용산구원효로2동 56-2,,,2012,,02-2199-7880,서울특별시 용산구청,2026-06-13
원효로2동312,1,,서울특별시 용산구원효로2동 36-4,,,2012,,02-2199-7880,서울특별시 용산구청,2026-06-13
원효로2동313,1,,서울특별시 용산구원효로2동 30-3,,,2023,,02-2199-7880,서울특별시 용산구청,2026-06-13
원효로2동314,1,,서울특별시 용산구원효로2동 30-3,,,2023,,02-2199-7880,서울특별시 용산구청,2026-06-13
원효로2동315,1,,서울특별시 용산구원효로2동 20-1,,,2023,,02-2199-7880,서울특별시 용산구청,2026-06-13
원효로2동316,1,,서울특별시 용산구원효로2동 201,,,2020,,02-2199-7880,서울특별시 용산구청,2026-06-13
원효로2동317,1,,서울특별시 용산구원효로2동 201,,,2019,,02-2199-7880,서울특별시 용산구청,2026-06-13
원효로2동318,1,,서울특별시 용산구원효로2동 201,,,2019,,02-2199-7880,서울특별시 용산구청,2026-06-13
원효로2동319,1,,서울특별시 용산구원효로2동 201,,,2012,,02-2199-7880,서울특별시 용산구청,2026-06-13
원효로2동32,1,,서울특별시 용산구원효로2동 115,,,2012,,02-2199-7880,서울특별시 용산구청,2026-06-13
원효로2동320,1,,서울특별시 용산구원효로2동 195,,,2012,,02-2199-7880,서울특별시 용산구청,2026-06-13
원효로2동321,1,,서울특별시 용산구원효로2동 6-73,,,2012,,02-2199-7880,서울특별시 용산구청,2026-06-13
원효로2동322,1,,서울특별시 용산구원효로2동 6-83,,,2012,,02-2199-7880,서울특별시 용산구청,2026-06-13
원효로2동323,1,,서울특별시 용산구원효로2동 6-73,,,2012,,02-2199-7880,서울특별시 용산구청,2026-06-13
원효로2동324,1,,서울특별시 용산구원효로2동 191,,,2012,,02-2199-7880,서울특별시 용산구청,2026-06-13
원효로2동325,1,,서울특별시 용산구원효로2동 106-1,,,2012,,02-2199-7880,서울특별시 용산구청,2026-06-13
원효로2동326,1,,서울특별시 용산구원효로2동 106-1,,,2012,,02-2199-7880,서울특별시 용산구청,2026-06-13
원효로2동327,1,,서울특별시 용산구원효로2동 86,,,2012,,02-2199-7880,서울특별시 용산구청,2026-06-13
원효로2동328,1,,서울특별시 용산구원효로2동 83,,,2012,,02-2199-7880,서울특별시 용산구청,2026-06-13
원효로2동329,1,,서울특별시 용산구원효로2동 83,,,2024,,02-2199-7880,서울특별시 용산구청,2026-06-13
원효로2동33,1,,서울특별시 용산구원효로2동 133-1,,,2012,,02-2199-7880,서울특별시 용산구청,2026-06-13
원효로2동330,1,,서울특별시 용산구원효로2동 83,,,2024,,02-2199-7880,서울특별시 용산구청,2026-06-13
원효로2동331,1,,서울특별시 용산구원효로2동 83,,,2024,,02-2199-7880,서울특별시 용산구청,2026-06-13
원효로2동332,1,,서울특별시 용산구원효로2동 83,,,2024,,02-2199-7880,서울특별시 용산구청,2026-06-13
원효로2동333,1,,서울특별시 용산구원효로2동 83,,,2024,,02-2199-7880,서울특별시 용산구청,2026-06-13
원효로2동334,1,,서울특별시 용산구원효로2동 83,,,2015,,02-2199-7880,서울특별시 용산구청,2026-06-13
원효로2동335,1,,서울특별시 용산구원효로2동 180,,,2012,,02-2199-7880,서울특별시 용산구청,2026-06-13
원효로2동336,1,,서울특별시 용산구원효로2동 180,,,2015,,02-2199-7880,서울특별시 용산구청,2026-06-13
원효로2동337,1,,서울특별시 용산구원효로2동 180,,,2015,,02-2199-7880,서울특별시 용산구청,2026-06-13
원효로2동338,1,,서울특별시 용산구원효로2동 179-1,,,2015,,02-2199-7880,서울특별시 용산구청,2026-06-13
원효로2동339,1,,서울특별시 용산구원효로2동 180,,,2015,,02-2199-7880,서울특별시 용산구청,2026-06-13
원효로2동34,1,,서울특별시 용산구원효로2동 141-1,,,2012,,02-2199-7880,서울특별시 용산구청,2026-06-13
원효로2동340,1,,서울특별시 용산구원효로2동 180,,,2015,,02-2199-7880,서울특별시 용산구청,2026-06-13
원효로2동341,1,,서울특별시 용산구원효로2동 1-8,,,2015,,02-2199-7880,서울특별시 용산구청,2026-06-13
원효로2동342,1,,서울특별시 용산구원효로2동 201,,,2023,,02-2199-7880,서울특별시 용산구청,2026-06-13
원효로2동343,1,,서울특별시 용산구원효로2동 138-2,,,2019,,02-2199-7880,서울특별시 용산구청,2026-06-13
원효로2동344,1,,서울특별시 용산구원효로2동 139,,,2012,,02-2199-7880,서울특별시 용산구청,2026-06-13
원효로2동345,1,,서울특별시 용산구원효로2동 139,,,2012,,02-2199-7880,서울특별시 용산구청,2026-06-13
원효로2동346,1,,서울특별시 용산구원효로2동 136-1,,,2012,,02-2199-7880,서울특별시 용산구청,2026-06-13
원효로2동347,1,,서울특별시 용산구원효로2동 135,,,2012,,02-2199-7880,서울특별시 용산구청,2026-06-13
원효로2동348,1,,서울특별시 용산구원효로2동 183-1,,,2012,,02-2199-7880,서울특별시 용산구청,2026-06-13
원효로2동349,1,,서울특별시 용산구원효로2동 135,,,2012,,02-2199-7880,서울특별시 용산구청,2026-06-13
원효로2동35,1,,서울특별시 용산구원효로2동 117,,,2012,,02-2199-7880,서울특별시 용산구청,2026-06-13
원효로2동350,1,,서울특별시 용산구원효로2동 184-1,,,2023,,02-2199-7880,서울특별시 용산구청,2026-06-13
원효로2동351,1,,서울특별시 용산구원효로2동 91,,,2013,,02-2199-7880,서울특별시 용산구청,2026-06-13
원효로2동352,1,,서울특별시 용산구원효로2동 89-1,,,2012,,02-2199-7880,서울특별시 용산구청,2026-06-13
원효로2동353,1,,서울특별시 용산구원효로2동 93-2,,,2013,,02-2199-7880,서울특별시 용산구청,2026-06-13
원효로2동354,1,,서울특별시 용산구원효로2동 93-1,,,2023,,02-2199-7880,서울특별시 용산구청,2026-06-13
원효로2동355,1,,서울특별시 용산구원효로2동 201,,,2023,,02-2199-7880,서울특별시 용산구청,2026-06-13
원효로2동356,1,,서울특별시 용산구원효로2동 117-3,,,2012,,02-2199-7880,서울특별시 용산구청,2026-06-13
원효로2동357,1,,서울특별시 용산구원효로2동 181,,,2012,,02-2199-7880,서울특별시 용산구청,2026-06-13
원효로2동358,1,,서울특별시 용산구원효로2동 181,,,2012,,02-2199-7880,서울특별시 용산구청,2026-06-13
원효로2동359,1,,서울특별시 용산구원효로2동 104-7,,,2012,,02-2199-7880,서울특별시 용산구청,2026-06-13
원효로2동36,1,,서울특별시 용산구원효로2동 118,,,2012,,02-2199-7880,서울특별시 용산구청,2026-06-13
원효로2동360,1,,서울특별시 용산구원효로2동 166-3,,,2012,,02-2199-7880,서울특별시 용산구청,2026-06-13
원효로2동361,1,,서울특별시 용산구원효로2동 116-4,,,2012,,02-2199-7880,서울특별시 용산구청,2026-06-13
원효로2동362,1,,서울특별시 용산구원효로2동 101-8,,,2012,,02-2199-7880,서울특별시 용산구청,2026-06-13
원효로2동363,1,,서울특별시 용산구원효로2동 149-3,,,2012,,02-2199-7880,서울특별시 용산구청,2026-06-13
원효로2동364,1,,서울특별시 용산구원효로2동 160,,,2012,,02-2199-7880,서울특별시 용산구청,2026-06-13
원효로2동365,1,,서울특별시 용산구원효로2동 163-1,,,2012,,02-2199-7880,서울특별시 용산구청,2026-06-13
원효로2동366,1,,서울특별시 용산구원효로2동 403-1,,,2012,,02-2199-7880,서울특별시 용산구청,2026-06-13
원효로2동367,1,,서울특별시 용산구원효로2동 149-3,,,2012,,02-2199-7880,서울특별시 용산구청,2026-06-13
원효로2동368,1,,서울특별시 용산구원효로2동 104-7,,,2012,,02-2199-7880,서울특별시 용산구청,2026-06-13
원효로2동369,1,,서울특별시 용산구원효로2동 403-1,,,2012,,02-2199-7880,서울특별시 용산구청,2026-06-13
원효로2동37,1,,서울특별시 용산구원효로2동 101-1,,,2012,,02-2199-7880,서울특별시 용산구청,2026-06-13
원효로2동370,1,,서울특별시 용산구원효로2동 395-1,,,2012,,02-2199-7880,서울특별시 용산구청,2026-06-13
원효로2동371,1,,서울특별시 용산구원효로2동 395-1,,,2012,,02-2199-7880,서울특별시 용산구청,2026-06-13
원효로2동372,1,,서울특별시 용산구원효로2동 164,,,2012,,02-2199-7880,서울특별시 용산구청,2026-06-13
원효로2동373,1,,서울특별시 용산구원효로2동 168-5,,,2012,,02-2199-7880,서울특별시 용산구청,2026-06-13
원효로2동374,1,,서울특별시 용산구원효로2동 110,,,2012,,02-2199-7880,서울특별시 용산구청,2026-06-13
원효로2동375,1,,서울특별시 용산구원효로2동 168-2,,,2012,,02-2199-7880,서울특별시 용산구청,2026-06-13
원효로2동376,1,,서울특별시 용산구원효로2동 118,,,2023,,02-2199-7880,서울특별시 용산구청,2026-06-13
원효로2동377,1,,서울특별시 용산구원효로2동 119,,,2012,,02-2199-7880,서울특별시 용산구청,2026-06-13
원효로2동38,1,,서울특별시 용산구원효로2동 101-1,,,2012,,02-2199-7880,서울특별시 용산구청,2026-06-13
원효로2동39,1,,서울특별시 용산구원효로2동 124-1,,,2021,,02-2199-7880,서울특별시 용산구청,2026-06-13
원효로2동4,1,,서울특별시 용산구원효로2동 51-40,,,2012,,02-2199-7880,서울특별시 용산구청,2026-06-13
원효로2동40,1,,서울특별시 용산구원효로2동 99,,,2012,,02-2199-7880,서울특별시 용산구청,2026-06-13
원효로2동40,1,,서울특별시 용산구원효로2동 69-2,,,2012,,02-2199-7880,서울특별시 용산구청,2026-06-13
원효로2동401,1,,서울특별시 용산구원효로2동 84,,,2023,,02-2199-7880,서울특별시 용산구청,2026-06-13
원효로2동403,1,,서울특별시 용산구원효로2동 7,,,2024,,02-2199-7880,서울특별시 용산구청,2026-06-13
원효로2동404,1,,서울특별시 용산구원효로2동 112-1,,,2024,,02-2199-7880,서울특별시 용산구청,2026-06-13
원효로2동405,1,,서울특별시 용산구원효로2동 51-5,,,2024,,02-2199-7880,서울특별시 용산구청,2026-06-13
원효로2동406,1,,서울특별시 용산구원효로2동 51-5,,,2024,,02-2199-7880,서울특별시 용산구청,2026-06-13
원효로2동407,1,,서울특별시 용산구원효로2동 257-1,,,2024,,02-2199-7880,서울특별시 용산구청,2026-06-13
원효로2동408,1,,서울특별시 용산구원효로2동 51-5,,,2024,,02-2199-7880,서울특별시 용산구청,2026-06-13
원효로2동409,1,,서울특별시 용산구원효로2동 51-5,,,2024,,02-2199-7880,서울특별시 용산구청,2026-06-13
원효로2동41,1,,서울특별시 용산구원효로2동 81-3,,,2012,,02-2199-7880,서울특별시 용산구청,2026-06-13
원효로2동410,1,,서울특별시 용산구원효로2동 51-5,,,2024,,02-2199-7880,서울특별시 용산구청,2026-06-13
원효로2동411,1,,서울특별시 용산구원효로2동 176,,,2024,,02-2199-7880,서울특별시 용산구청,2026-06-13
원효로2동412,1,,서울특별시 용산구원효로2동 176,,,2024,,02-2199-7880,서울특별시 용산구청,2026-06-13
원효로2동413,1,,서울특별시 용산구원효로2동 7,,,2024,,02-2199-7880,서울특별시 용산구청,2026-06-13
원효로2동414,1,,서울특별시 용산구원효로2동 77-47,,,2024,,02-2199-7880,서울특별시 용산구청,2026-06-13
원효로2동415,1,,서울특별시 용산구원효로2동 196,,,2024,,02-2199-7880,서울특별시 용산구청,2026-06-13
원효로2동418,1,,서울특별시 용산구원효로2동 238-1,,,2025,,02-2199-7880,서울특별시 용산구청,2026-06-13
원효로2동419,1,,서울특별시 용산구원효로2동 16-1,,,2025,,02-2199-7880,서울특별시 용산구청,2026-06-13
원효로2동42,1,,서울특별시 용산구원효로2동 101-1,,,2012,,02-2199-7880,서울특별시 용산구청,2026-06-13
원효로2동420,1,,서울특별시 용산구원효로2동 16-1,,,2025,,02-2199-7880,서울특별시 용산구청,2026-06-13
원효로2동422,1,,서울특별시 용산구원효로2동 16-1,,,2025,,02-2199-7880,서울특별시 용산구청,2026-06-13
원효로2동43,1,,서울특별시 용산구원효로2동 140-2,,,2023,,02-2199-7880,서울특별시 용산구청,2026-06-13
원효로2동431,1,,서울특별시 용산구원효로2동 16-1,,,2025,,02-2199-7880,서울특별시 용산구청,2026-06-13
원효로2동44,1,,서울특별시 용산구원효로2동 8-3,,,2014,,02-2199-7880,서울특별시 용산구청,2026-06-13
원효로2동45,1,,서울특별시 용산구원효로2동 11-1,,,2012,,02-2199-7880,서울특별시 용산구청,2026-06-13
원효로2동46,1,,서울특별시 용산구원효로2동 1-55,,,2012,,02-2199-7880,서울특별시 용산구청,2026-06-13
원효로2동47,1,,서울특별시 용산구원효로2동 1-19,,,2023,,02-2199-7880,서울특별시 용산구청,2026-06-13
원효로2동48,1,,서울특별시 용산구원효로2동 1-139,,,2012,,02-2199-7880,서울특별시 용산구청,2026-06-13
원효로2동481,1,,서울특별시 용산구원효로2동 189,,,2024,,02-2199-7880,서울특별시 용산구청,2026-06-13
원효로2동49,1,,서울특별시 용산구원효로2동 1-139,,,2012,,02-2199-7880,서울특별시 용산구청,2026-06-13
원효로2동5,1,,서울특별시 용산구원효로2동 52-9,,,2015,,02-2199-7880,서울특별시 용산구청,2026-06-13
원효로2동50,1,,서울특별시 용산구원효로2동 17-1,,,2012,,02-2199-7880,서울특별시 용산구청,2026-06-13
원효로2동51,1,,서울특별시 용산구원효로2동 8-3,,,2012,,02-2199-7880,서울특별시 용산구청,2026-06-13
원효로2동52,1,,서울특별시 용산구원효로2동 2-19,,,2012,,02-2199-7880,서울특별시 용산구청,2026-06-13
원효로2동53,1,,서울특별시 용산구원효로2동 2-5,,,2012,,02-2199-7880,서울특별시 용산구청,2026-06-13
원효로2동54,1,,서울특별시 용산구원효로2동 2-24,,,2012,,02-2199-7880,서울특별시 용산구청,2026-06-13
원효로2동55,1,,서울특별시 용산구원효로2동 2-15,,,2012,,02-2199-7880,서울특별시 용산구청,2026-06-13
원효로2동56,1,,서울특별시 용산구원효로2동 2-5,,,2012,,02-2199-7880,서울특별시 용산구청,2026-06-13
원효로2동57,1,,서울특별시 용산구원효로2동 2-5,,,2012,,02-2199-7880,서울특별시 용산구청,2026-06-13
원효로2동58,1,,서울특별시 용산구원효로2동 2-5,,,2012,,02-2199-7880,서울특별시 용산구청,2026-06-13
원효로2동59,1,,서울특별시 용산구원효로2동 2-8,,,2012,,02-2199-7880,서울특별시 용산구청,2026-06-13
원효로2동6,1,,서울특별시 용산구원효로2동 51-31,,,2015,,02-2199-7880,서울특별시 용산구청,2026-06-13
원효로2동60,1,,서울특별시 용산구원효로2동 2-33,,,2023,,02-2199-7880,서울특별시 용산구청,2026-06-13
원효로2동61,1,,서울특별시 용산구원효로2동 2-6,,,2012,,02-2199-7880,서울특별시 용산구청,2026-06-13
원효로2동62,1,,서울특별시 용산구원효로2동 2-7,,,2021,,02-2199-7880,서울특별시 용산구청,2026-06-13
원효로2동63,1,,서울특별시 용산구원효로2동 2-5,,,2012,,02-2199-7880,서울특별시 용산구청,2026-06-13
원효로2동64,1,,서울특별시 용산구원효로2동 2-5,,,2018,,02-2199-7880,서울특별시 용산구청,2026-06-13
원효로2동65,1,,서울특별시 용산구원효로2동 31-17,,,2012,,02-2199-7880,서울특별시 용산구청,2026-06-13
원효로2동66,1,,서울특별시 용산구원효로2동 8-2,,,2012,,02-2199-7880,서울특별시 용산구청,2026-06-13
원효로2동67,1,,서울특별시 용산구원효로2동 6,,,2012,,02-2199-7880,서울특별시 용산구청,2026-06-13
원효로2동68,1,,서울특별시 용산구원효로2동 66,,,2012,,02-2199-7880,서울특별시 용산구청,2026-06-13
원효로2동69,1,,서울특별시 용산구원효로2동 1-7,,,2012,,02-2199-7880,서울특별시 용산구청,2026-06-13
원효로2동7,1,,서울특별시 용산구원효로2동 56-7,,,2012,,02-2199-7880,서울특별시 용산구청,2026-06-13
원효로2동70,1,,서울특별시 용산구원효로2동 77-72,,,2012,,02-2199-7880,서울특별시 용산구청,2026-06-13
원효로2동71,1,,서울특별시 용산구원효로2동 77-77,,,2012,,02-2199-7880,서울특별시 용산구청,2026-06-13
원효로2동72,1,,서울특별시 용산구원효로2동 77-72,,,2020,,02-2199-7880,서울특별시 용산구청,2026-06-13
원효로2동727,1,,서울특별시 용산구용산2가동 1-116,,,2025,,02-2199-7880,서울특별시 용산구청,2026-06-13
원효로2동73,1,,서울특별시 용산구원효로2동 63-1,,,2012,,02-2199-7880,서울특별시 용산구청,2026-06-13
원효로2동74,1,,서울특별시 용산구원효로2동 68-1,,,2012,,02-2199-7880,서울특별시 용산구청,2026-06-13
원효로2동75,1,,서울특별시 용산구원효로2동 77-13,,,2016,,02-2199-7880,서울특별시 용산구청,2026-06-13
원효로2동76,1,,서울특별시 용산구원효로2동 77-13,,,2012,,02-2199-7880,서울특별시 용산구청,2026-06-13
원효로2동77,1,,서울특별시 용산구원효로2동 76-7,,,2012,,02-2199-7880,서울특별시 용산구청,2026-06-13
원효로2동78,1,,서울특별시 용산구원효로2동 76-5,,,2012,,02-2199-7880,서울특별시 용산구청,2026-06-13
원효로2동79,1,,서울특별시 용산구원효로2동 76-1,,,2019,,02-2199-7880,서울특별시 용산구청,2026-06-13
원효로2동8,1,,서울특별시 용산구원효로2동 1-150,,,2022,,02-2199-7880,서울특별시 용산구청,2026-06-13
원효로2동80,1,,서울특별시 용산구원효로2동 77-39,,,2012,,02-2199-7880,서울특별시 용산구청,2026-06-13
원효로2동81,1,,서울특별시 용산구원효로2동 77-24,,,2012,,02-2199-7880,서울특별시 용산구청,2026-06-13
원효로2동82,1,,서울특별시 용산구원효로2동 77-23,,,2022,,02-2199-7880,서울특별시 용산구청,2026-06-13
원효로2동83,1,,서울특별시 용산구원효로2동 77-26,,,2012,,02-2199-7880,서울특별시 용산구청,2026-06-13
원효로2동84,1,,서울특별시 용산구원효로2동 77-14,,,2012,,02-2199-7880,서울특별시 용산구청,2026-06-13
원효로2동85,1,,서울특별시 용산구원효로2동 21,,,2012,,02-2199-7880,서울특별시 용산구청,2026-06-13
원효로2동86,1,,서울특별시 용산구원효로2동 21,,,2012,,02-2199-7880,서울특별시 용산구청,2026-06-13
원효로2동87,1,,서울특별시 용산구원효로2동 19,,,2012,,02-2199-7880,서울특별시 용산구청,2026-06-13
원효로2동88,1,,서울특별시 용산구원효로2동 82-41,,,2012,,02-2199-7880,서울특별시 용산구청,2026-06-13
원효로2동89,1,,서울특별시 용산구원효로2동 82-41,,,2012,,02-2199-7880,서울특별시 용산구청,2026-06-13
원효로2동9,1,,서울특별시 용산구원효로2동 38-1,,,2012,,02-2199-7880,서울특별시 용산구청,2026-06-13
원효로2동90,1,,서울특별시 용산구원효로2동 101,,,2012,,02-2199-7880,서울특별시 용산구청,2026-06-13
원효로2동91,1,,서울특별시 용산구원효로2동 77-26,,,2012,,02-2199-7880,서울특별시 용산구청,2026-06-13
원효로2동92,1,,서울특별시 용산구원효로2동 101,,,2012,,02-2199-7880,서울특별시 용산구청,2026-06-13
원효로2동93,1,,서울특별시 용산구원효로2동 101,,,2012,,02-2199-7880,서울특별시 용산구청,2026-06-13
원효로2동94,1,,서울특별시 용산구원효로2동 101,,,2012,,02-2199-7880,서울특별시 용산구청,2026-06-13
원효로2동95,1,,서울특별시 용산구원효로2동 101,,,2016,,02-2199-7880,서울특별시 용산구청,2026-06-13
원효로2동96,1,,서울특별시 용산구원효로2동 1-43,,,2012,,02-2199-7880,서울특별시 용산구청,2026-06-13
원효로2동97,1,,서울특별시 용산구원효로2동 1-42,,,2012,,02-2199-7880,서울특별시 용산구청,2026-06-13
원효로2동98,1,,서울특별시 용산구원효로2동 1-2,,,2012,,02-2199-7880,서울특별시 용산구청,2026-06-13
원효로2동99,1,,서울특별시 용산구원효로2동 1-42,,,2012,,02-2199-7880,서울특별시 용산구청,2026-06-13
원효로2동구1,1,,서울특별시 용산구원효로2동 30-2,,,2024,,02-2199-7880,서울특별시 용산구청,2026-06-13
이촌1동1,1,,서울특별시 용산구이촌1동 403,,,2013,,02-2199-7880,서울특별시 용산구청,2026-06-13
이촌1동10,1,,서울특별시 용산구이촌1동 301-7,,,2012,,02-2199-7880,서울특별시 용산구청,2026-06-13
이촌1동100,1,,서울특별시 용산구이촌1동 17-73,,,2014,,02-2199-7880,서울특별시 용산구청,2026-06-13
이촌1동101,1,,서울특별시 용산구이촌1동 17-73,,,2023,,02-2199-7880,서울특별시 용산구청,2026-06-13
이촌1동102,1,,서울특별시 용산구이촌1동 17-74,,,2022,,02-2199-7880,서울특별시 용산구청,2026-06-13
이촌1동103,1,,서울특별시 용산구이촌1동 301-24,,,2022,,02-2199-7880,서울특별시 용산구청,2026-06-13
이촌1동104,1,,서울특별시 용산구이촌1동 301-24,,,2022,,02-2199-7880,서울특별시 용산구청,2026-06-13
이촌1동105,1,,서울특별시 용산구이촌1동 301-24,,,2022,,02-2199-7880,서울특별시 용산구청,2026-06-13
이촌1동106,1,,서울특별시 용산구이촌1동 301-24,,,2022,,02-2199-7880,서울특별시 용산구청,2026-06-13
이촌1동107,1,,서울특별시 용산구이촌1동 407-1,,,2014,,02-2199-7880,서울특별시 용산구청,2026-06-13
이촌1동108,1,,서울특별시 용산구이촌1동 407-1,,,2023,,02-2199-7880,서울특별시 용산구청,2026-06-13
이촌1동109,1,,서울특별시 용산구이촌1동 301-24,,,2023,,02-2199-7880,서울특별시 용산구청,2026-06-13
이촌1동11,1,,서울특별시 용산구이촌1동 301-54,,,2015,,02-2199-7880,서울특별시 용산구청,2026-06-13
이촌1동110,1,,서울특별시 용산구이촌1동 407,,,2014,,02-2199-7880,서울특별시 용산구청,2026-06-13
이촌1동111,1,,서울특별시 용산구이촌1동 407,,,2014,,02-2199-7880,서울특별시 용산구청,2026-06-13
이촌1동112,1,,서울특별시 용산구이촌1동 301-24,,,2018,,02-2199-7880,서울특별시 용산구청,2026-06-13
이촌1동113,1,,서울특별시 용산구이촌1동 301-24,,,2012,,02-2199-7880,서울특별시 용산구청,2026-06-13
이촌1동114,1,,서울특별시 용산구이촌1동 301-24,,,2014,,02-2199-7880,서울특별시 용산구청,2026-06-13
이촌1동115,1,,서울특별시 용산구이촌1동 407,,,2014,,02-2199-7880,서울특별시 용산구청,2026-06-13
이촌1동116,1,,서울특별시 용산구이촌1동 407,,,2014,,02-2199-7880,서울특별시 용산구청,2026-06-13
이촌1동117,1,,서울특별시 용산구이촌1동 301-24,,,2014,,02-2199-7880,서울특별시 용산구청,2026-06-13
이촌1동118,1,,서울특별시 용산구이촌1동 301-24,,,2014,,02-2199-7880,서울특별시 용산구청,2026-06-13
이촌1동119,1,,서울특별시 용산구이촌1동 301-24,,,2014,,02-2199-7880,서울특별시 용산구청,2026-06-13
이촌1동12,1,,서울특별시 용산구이촌1동 301-54,,,2015,,02-2199-7880,서울특별시 용산구청,2026-06-13
이촌1동120,1,,서울특별시 용산구이촌1동 301-24,,,2014,,02-2199-7880,서울특별시 용산구청,2026-06-13
이촌1동121,1,,서울특별시 용산구이촌1동 299-4,,,2020,,02-2199-7880,서울특별시 용산구청,2026-06-13
이촌1동122,1,,서울특별시 용산구이촌1동 299-4,,,2014,,02-2199-7880,서울특별시 용산구청,2026-06-13
이촌1동123,1,,서울특별시 용산구이촌1동 301-75,,,2014,,02-2199-7880,서울특별시 용산구청,2026-06-13
이촌1동123,1,,서울특별시 용산구이촌1동 17-78,,,2019,,02-2199-7880,서울특별시 용산구청,2026-06-13
이촌1동124,1,,서울특별시 용산구이촌1동 301-24,,,2022,,02-2199-7880,서울특별시 용산구청,2026-06-13
이촌1동125,1,,서울특별시 용산구이촌1동 301-24,,,2022,,02-2199-7880,서울특별시 용산구청,2026-06-13
이촌1동126,1,,서울특별시 용산구이촌1동 301-24,,,2022,,02-2199-7880,서울특별시 용산구청,2026-06-13
이촌1동127,1,,서울특별시 용산구이촌1동 301-24,,,2023,,02-2199-7880,서울특별시 용산구청,2026-06-13
이촌1동128,1,,서울특별시 용산구이촌1동 301-24,,,2023,,02-2199-7880,서울특별시 용산구청,2026-06-13
이촌1동129,1,,서울특별시 용산구이촌1동 301-24,,,2023,,02-2199-7880,서울특별시 용산구청,2026-06-13
이촌1동13,1,,서울특별시 용산구이촌1동 301-54,,,2015,,02-2199-7880,서울특별시 용산구청,2026-06-13
이촌1동130,1,,서울특별시 용산구이촌1동 301-24,,,2022,,02-2199-7880,서울특별시 용산구청,2026-06-13
이촌1동131,1,,서울특별시 용산구이촌1동 301-24,,,2023,,02-2199-7880,서울특별시 용산구청,2026-06-13
이촌1동132,1,,서울특별시 용산구이촌1동 409-2,,,2021,,02-2199-7880,서울특별시 용산구청,2026-06-13
이촌1동133,1,,서울특별시 용산구이촌1동 301-24,,,2012,,02-2199-7880,서울특별시 용산구청,2026-06-13
이촌1동134,1,,서울특별시 용산구이촌1동 301-24,,,2012,,02-2199-7880,서울특별시 용산구청,2026-06-13
이촌1동135,1,,서울특별시 용산구이촌1동 409-3,,,2012,,02-2199-7880,서울특별시 용산구청,2026-06-13
이촌1동136,1,,서울특별시 용산구이촌1동 409-4,,,2018,,02-2199-7880,서울특별시 용산구청,2026-06-13
이촌1동137,1,,서울특별시 용산구이촌1동 301-24,,,2012,,02-2199-7880,서울특별시 용산구청,2026-06-13
이촌1동138,1,,서울특별시 용산구이촌1동 17-69,,,2014,,02-2199-7880,서울특별시 용산구청,2026-06-13
이촌1동139,1,,서울특별시 용산구이촌1동 17-69,,,2014,,02-2199-7880,서울특별시 용산구청,2026-06-13
이촌1동14,1,,서울특별시 용산구이촌1동 301-7,,,2012,,02-2199-7880,서울특별시 용산구청,2026-06-13
이촌1동140,1,,서울특별시 용산구이촌1동 17-69,,,2012,,02-2199-7880,서울특별시 용산구청,2026-06-13
이촌1동141,1,,서울특별시 용산구이촌1동 17-69,,,2012,,02-2199-7880,서울특별시 용산구청,2026-06-13
이촌1동142,1,,서울특별시 용산구이촌1동 17-69,,,2014,,02-2199-7880,서울특별시 용산구청,2026-06-13
이촌1동143,1,,서울특별시 용산구이촌1동 17-69,,,2012,,02-2199-7880,서울특별시 용산구청,2026-06-13
이촌1동144,1,,서울특별시 용산구이촌1동 17-69,,,2012,,02-2199-7880,서울특별시 용산구청,2026-06-13
이촌1동145,1,,서울특별시 용산구이촌1동 17-69,,,2012,,02-2199-7880,서울특별시 용산구청,2026-06-13
이촌1동146,1,,서울특별시 용산구이촌1동 17-69,,,2012,,02-2199-7880,서울특별시 용산구청,2026-06-13
이촌1동147,1,,서울특별시 용산구이촌1동 17-69,,,2012,,02-2199-7880,서울특별시 용산구청,2026-06-13
이촌1동148,1,,서울특별시 용산구이촌1동 17-69,,,2012,,02-2199-7880,서울특별시 용산구청,2026-06-13
이촌1동149,1,,서울특별시 용산구이촌1동 17-69,,,2012,,02-2199-7880,서울특별시 용산구청,2026-06-13
이촌1동15,1,,서울특별시 용산구이촌1동 413,,,2023,,02-2199-7880,서울특별시 용산구청,2026-06-13
이촌1동150,1,,서울특별시 용산구이촌1동 17-69,,,2019,,02-2199-7880,서울특별시 용산구청,2026-06-13
이촌1동151,1,,서울특별시 용산구이촌1동 17-69,,,2012,,02-2199-7880,서울특별시 용산구청,2026-06-13
이촌1동152,1,,서울특별시 용산구이촌1동 17-69,,,2012,,02-2199-7880,서울특별시 용산구청,2026-06-13
이촌1동153,1,,서울특별시 용산구이촌1동 17-69,,,2012,,02-2199-7880,서울특별시 용산구청,2026-06-13
이촌1동154,1,,서울특별시 용산구이촌1동 17-69,,,2012,,02-2199-7880,서울특별시 용산구청,2026-06-13
이촌1동155,1,,서울특별시 용산구이촌1동 17-69,,,2014,,02-2199-7880,서울특별시 용산구청,2026-06-13
이촌1동156,1,,서울특별시 용산구이촌1동 66-7,,,2018,,02-2199-7880,서울특별시 용산구청,2026-06-13
이촌1동157,1,,서울특별시 용산구이촌1동 406-1,,,2012,,02-2199-7880,서울특별시 용산구청,2026-06-13
이촌1동158,1,,서울특별시 용산구이촌1동 406-1,,,2012,,02-2199-7880,서울특별시 용산구청,2026-06-13
이촌1동159,1,,서울특별시 용산구이촌1동 301-23,,,2012,,02-2199-7880,서울특별시 용산구청,2026-06-13
이촌1동16,1,,서울특별시 용산구이촌1동 413,,,2012,,02-2199-7880,서울특별시 용산구청,2026-06-13
이촌1동160,1,,서울특별시 용산구이촌1동 405-2,,,2014,,02-2199-7880,서울특별시 용산구청,2026-06-13
이촌1동161,1,,서울특별시 용산구이촌1동 301-23,,,2018,,02-2199-7880,서울특별시 용산구청,2026-06-13
이촌1동162,1,,서울특별시 용산구이촌1동 301-23,,,2018,,02-2199-7880,서울특별시 용산구청,2026-06-13
이촌1동163,1,,서울특별시 용산구이촌1동 301-23,,,2018,,02-2199-7880,서울특별시 용산구청,2026-06-13
이촌1동164,1,,서울특별시 용산구이촌1동 301-23,,,2018,,02-2199-7880,서울특별시 용산구청,2026-06-13
이촌1동165,1,,서울특별시 용산구이촌1동 416,,,2018,,02-2199-7880,서울특별시 용산구청,2026-06-13
이촌1동166,1,,서울특별시 용산구이촌1동 416,,,2018,,02-2199-7880,서울특별시 용산구청,2026-06-13
이촌1동167,1,,서울특별시 용산구이촌1동 416,,,2018,,02-2199-7880,서울특별시 용산구청,2026-06-13
이촌1동168,1,,서울특별시 용산구이촌1동 417,,,2018,,02-2199-7880,서울특별시 용산구청,2026-06-13
이촌1동169,1,,서울특별시 용산구이촌1동 417,,,2014,,02-2199-7880,서울특별시 용산구청,2026-06-13
이촌1동17,1,,서울특별시 용산구이촌1동 301-7,,,2012,,02-2199-7880,서울특별시 용산구청,2026-06-13
이촌1동170,1,,서울특별시 용산구이촌1동 417-1,,,2014,,02-2199-7880,서울특별시 용산구청,2026-06-13
이촌1동171,1,,서울특별시 용산구이촌1동 301-23,,,2014,,02-2199-7880,서울특별시 용산구청,2026-06-13
이촌1동172,1,,서울특별시 용산구이촌1동 301-23,,,2014,,02-2199-7880,서울특별시 용산구청,2026-06-13
이촌1동173,1,,서울특별시 용산구이촌1동 301-23,,,2014,,02-2199-7880,서울특별시 용산구청,2026-06-13
이촌1동174,1,,서울특별시 용산구이촌1동 301-23,,,2014,,02-2199-7880,서울특별시 용산구청,2026-06-13
이촌1동175,1,,서울특별시 용산구이촌1동 301-23,,,2014,,02-2199-7880,서울특별시 용산구청,2026-06-13
이촌1동176,1,,서울특별시 용산구이촌1동 301-23,,,2014,,02-2199-7880,서울특별시 용산구청,2026-06-13
이촌1동177,1,,서울특별시 용산구이촌1동 301-23,,,2018,,02-2199-7880,서울특별시 용산구청,2026-06-13
이촌1동178,1,,서울특별시 용산구이촌1동 301-24,,,2017,,02-2199-7880,서울특별시 용산구청,2026-06-13
이촌1동179,1,,서울특별시 용산구이촌1동 301-24,,,2017,,02-2199-7880,서울특별시 용산구청,2026-06-13
이촌1동18,1,,서울특별시 용산구이촌1동 413,,,2012,,02-2199-7880,서울특별시 용산구청,2026-06-13
이촌1동180,1,,서울특별시 용산구이촌1동 409,,,2017,,02-2199-7880,서울특별시 용산구청,2026-06-13
이촌1동181,1,,서울특별시 용산구이촌1동 409,,,2014,,02-2199-7880,서울특별시 용산구청,2026-06-13
이촌1동182,1,,서울특별시 용산구이촌1동 409,,,2014,,02-2199-7880,서울특별시 용산구청,2026-06-13
이촌1동183,1,,서울특별시 용산구이촌1동 409,,,2014,,02-2199-7880,서울특별시 용산구청,2026-06-13
이촌1동184,1,,서울특별시 용산구이촌1동 409,,,2014,,02-2199-7880,서울특별시 용산구청,2026-06-13
이촌1동185,1,,서울특별시 용산구이촌1동 409,,,2014,,02-2199-7880,서울특별시 용산구청,2026-06-13
이촌1동186,1,,서울특별시 용산구이촌1동 301-23,,,2018,,02-2199-7880,서울특별시 용산구청,2026-06-13
이촌1동187,1,,서울특별시 용산구이촌1동 301-23,,,2012,,02-2199-7880,서울특별시 용산구청,2026-06-13
이촌1동188,1,,서울특별시 용산구이촌1동 301-15,,,2012,,02-2199-7880,서울특별시 용산구청,2026-06-13
이촌1동189,1,,서울특별시 용산구이촌1동 301-23,,,2021,,02-2199-7880,서울특별시 용산구청,2026-06-13
이촌1동19,1,,서울특별시 용산구이촌1동 301-14,,,2012,,02-2199-7880,서울특별시 용산구청,2026-06-13
이촌1동190,1,,서울특별시 용산구이촌1동 301-23,,,2021,,02-2199-7880,서울특별시 용산구청,2026-06-13
이촌1동191,1,,서울특별시 용산구이촌1동 301-23,,,2012,,02-2199-7880,서울특별시 용산구청,2026-06-13
이촌1동192,1,,서울특별시 용산구이촌1동 301-23,,,2014,,02-2199-7880,서울특별시 용산구청,2026-06-13
이촌1동193,1,,서울특별시 용산구이촌1동 301-23,,,2018,,02-2199-7880,서울특별시 용산구청,2026-06-13
이촌1동194,1,,서울특별시 용산구이촌1동 301-23,,,2014,,02-2199-7880,서울특별시 용산구청,2026-06-13
이촌1동195,1,,서울특별시 용산구이촌1동 301-23,,,2014,,02-2199-7880,서울특별시 용산구청,2026-06-13
이촌1동196,1,,서울특별시 용산구이촌1동 301-23,,,2014,,02-2199-7880,서울특별시 용산구청,2026-06-13
이촌1동197,1,,서울특별시 용산구이촌1동 301-23,,,2014,,02-2199-7880,서울특별시 용산구청,2026-06-13
이촌1동198,1,,서울특별시 용산구이촌1동 301-23,,,2014,,02-2199-7880,서울특별시 용산구청,2026-06-13
이촌1동199,1,,서울특별시 용산구이촌1동 301-23,,,2014,,02-2199-7880,서울특별시 용산구청,2026-06-13
이촌1동2,1,,서울특별시 용산구이촌1동 301-7,,,2012,,02-2199-7880,서울특별시 용산구청,2026-06-13
이촌1동20,1,,서울특별시 용산구이촌1동 301-14,,,2012,,02-2199-7880,서울특별시 용산구청,2026-06-13
이촌1동200,1,,서울특별시 용산구이촌1동 301-23,,,2014,,02-2199-7880,서울특별시 용산구청,2026-06-13
이촌1동201,1,,서울특별시 용산구이촌1동 301-23,,,2012,,02-2199-7880,서울특별시 용산구청,2026-06-13
이촌1동202,1,,서울특별시 용산구이촌1동 301-23,,,2012,,02-2199-7880,서울특별시 용산구청,2026-06-13
이촌1동203,1,,서울특별시 용산구이촌1동 301-23,,,2012,,02-2199-7880,서울특별시 용산구청,2026-06-13
이촌1동204,1,,서울특별시 용산구이촌1동 404-1,,,2012,,02-2199-7880,서울특별시 용산구청,2026-06-13
이촌1동205,1,,서울특별시 용산구이촌1동 404-1,,,2012,,02-2199-7880,서울특별시 용산구청,2026-06-13
이촌1동206,1,,서울특별시 용산구이촌1동 301-10,,,2012,,02-2199-7880,서울특별시 용산구청,2026-06-13
이촌1동207,1,,서울특별시 용산구이촌1동 301-10,,,2012,,02-2199-7880,서울특별시 용산구청,2026-06-13
이촌1동208,1,,서울특별시 용산구이촌1동 301-10,,,2012,,02-2199-7880,서울특별시 용산구청,2026-06-13
이촌1동209,1,,서울특별시 용산구이촌1동 301-10,,,2012,,02-2199-7880,서울특별시 용산구청,2026-06-13
이촌1동21,1,,서울특별시 용산구이촌1동 301-7,,,2012,,02-2199-7880,서울특별시 용산구청,2026-06-13
이촌1동210,1,,서울특별시 용산구이촌1동 415,,,2012,,02-2199-7880,서울특별시 용산구청,2026-06-13
이촌1동211,1,,서울특별시 용산구이촌1동 415,,,2012,,02-2199-7880,서울특별시 용산구청,2026-06-13
이촌1동212,1,,서울특별시 용산구이촌1동 301-10,,,2012,,02-2199-7880,서울특별시 용산구청,2026-06-13
이촌1동213,1,,서울특별시 용산구이촌1동 301-10,,,2012,,02-2199-7880,서울특별시 용산구청,2026-06-13
이촌1동214,1,,서울특별시 용산구이촌1동 399-2,,,2012,,02-2199-7880,서울특별시 용산구청,2026-06-13
이촌1동215,1,,서울특별시 용산구이촌1동 399-2,,,2012,,02-2199-7880,서울특별시 용산구청,2026-06-13
이촌1동216,1,,서울특별시 용산구이촌1동 399-2,,,2012,,02-2199-7880,서울특별시 용산구청,2026-06-13
이촌1동217,1,,서울특별시 용산구이촌1동 415,,,2012,,02-2199-7880,서울특별시 용산구청,2026-06-13
이촌1동218,1,,서울특별시 용산구이촌1동 415,,,2014,,02-2199-7880,서울특별시 용산구청,2026-06-13
이촌1동219,1,,서울특별시 용산구이촌1동 301-10,,,2012,,02-2199-7880,서울특별시 용산구청,2026-06-13
이촌1동22,1,,서울특별시 용산구이촌1동 301-19,,,2012,,02-2199-7880,서울특별시 용산구청,2026-06-13
이촌1동220,1,,서울특별시 용산구이촌1동 301-10,,,2012,,02-2199-7880,서울특별시 용산구청,2026-06-13
이촌1동221,1,,서울특별시 용산구이촌1동 301-10,,,2012,,02-2199-7880,서울특별시 용산구청,2026-06-13
이촌1동222,1,,서울특별시 용산구이촌1동 301-10,,,2023,,02-2199-7880,서울특별시 용산구청,2026-06-13
이촌1동223,1,,서울특별시 용산구이촌1동 66-4,,,2019,,02-2199-7880,서울특별시 용산구청,2026-06-13
이촌1동224,1,,서울특별시 용산구이촌1동 66-4,,,2019,,02-2199-7880,서울특별시 용산구청,2026-06-13
이촌1동225,1,,서울특별시 용산구이촌1동 66-4,,,2019,,02-2199-7880,서울특별시 용산구청,2026-06-13
이촌1동226,1,,서울특별시 용산구이촌1동 66-2,,,2019,,02-2199-7880,서울특별시 용산구청,2026-06-13
이촌1동227,1,,서울특별시 용산구이촌1동 66-3,,,2019,,02-2199-7880,서울특별시 용산구청,2026-06-13
이촌1동228,1,,서울특별시 용산구이촌1동 66-3,,,2019,,02-2199-7880,서울특별시 용산구청,2026-06-13
이촌1동229,1,,서울특별시 용산구이촌1동 66-3,,,2019,,02-2199-7880,서울특별시 용산구청,2026-06-13
이촌1동23,1,,서울특별시 용산구이촌1동 301-7,,,2012,,02-2199-7880,서울특별시 용산구청,2026-06-13
이촌1동230,1,,서울특별시 용산구이촌1동 66-2,,,2023,,02-2199-7880,서울특별시 용산구청,2026-06-13
이촌1동231,1,,서울특별시 용산구이촌1동 66-2,,,2019,,02-2199-7880,서울특별시 용산구청,2026-06-13
이촌1동232,1,,서울특별시 용산구이촌1동 302-31,,,2019,,02-2199-7880,서울특별시 용산구청,2026-06-13
이촌1동233,1,,서울특별시 용산구이촌1동 302-31,,,2019,,02-2199-7880,서울특별시 용산구청,2026-06-13
이촌1동234,1,,서울특별시 용산구이촌1동 302-31,,,2013,,02-2199-7880,서울특별시 용산구청,2026-06-13
이촌1동235,1,,서울특별시 용산구이촌1동 418,,,2019,,02-2199-7880,서울특별시 용산구청,2026-06-13
이촌1동236,1,,서울특별시 용산구이촌1동 302-31,,,2019,,02-2199-7880,서울특별시 용산구청,2026-06-13
이촌1동237,1,,서울특별시 용산구이촌1동 302-69,,,2013,,02-2199-7880,서울특별시 용산구청,2026-06-13
이촌1동238,1,,서울특별시 용산구이촌1동 302-31,,,2019,,02-2199-7880,서울특별시 용산구청,2026-06-13
이촌1동239,1,,서울특별시 용산구이촌1동 302-31,,,2015,,02-2199-7880,서울특별시 용산구청,2026-06-13
이촌1동24,1,,서울특별시 용산구이촌1동 301-7,,,2012,,02-2199-7880,서울특별시 용산구청,2026-06-13
이촌1동240,1,,서울특별시 용산구이촌1동 302-31,,,2015,,02-2199-7880,서울특별시 용산구청,2026-06-13
이촌1동241,1,,서울특별시 용산구이촌1동 302-31,,,2012,,02-2199-7880,서울특별시 용산구청,2026-06-13
이촌1동242,1,,서울특별시 용산구이촌1동 302-31,,,2012,,02-2199-7880,서울특별시 용산구청,2026-06-13
이촌1동243,1,,서울특별시 용산구이촌1동 302-31,,,2012,,02-2199-7880,서울특별시 용산구청,2026-06-13
이촌1동244,1,,서울특별시 용산구이촌1동 302-31,,,2022,,02-2199-7880,서울특별시 용산구청,2026-06-13
이촌1동245,1,,서울특별시 용산구이촌1동 302-31,,,2012,,02-2199-7880,서울특별시 용산구청,2026-06-13
이촌1동246,1,,서울특별시 용산구이촌1동 302-31,,,2012,,02-2199-7880,서울특별시 용산구청,2026-06-13
이촌1동247,1,,서울특별시 용산구이촌1동 302-31,,,2012,,02-2199-7880,서울특별시 용산구청,2026-06-13
이촌1동248,1,,서울특별시 용산구이촌1동 302-31,,,2022,,02-2199-7880,서울특별시 용산구청,2026-06-13
이촌1동249,1,,서울특별시 용산구이촌1동 302-31,,,2012,,02-2199-7880,서울특별시 용산구청,2026-06-13
이촌1동25,1,,서울특별시 용산구이촌1동 301-7,,,2012,,02-2199-7880,서울특별시 용산구청,2026-06-13
이촌1동250,1,,서울특별시 용산구이촌1동 302-31,,,2012,,02-2199-7880,서울특별시 용산구청,2026-06-13
이촌1동251,1,,서울특별시 용산구이촌1동 302-31,,,2012,,02-2199-7880,서울특별시 용산구청,2026-06-13
이촌1동252,1,,서울특별시 용산구이촌1동 302-31,,,2012,,02-2199-7880,서울특별시 용산구청,2026-06-13
이촌1동253,1,,서울특별시 용산구이촌1동 302-31,,,2012,,02-2199-7880,서울특별시 용산구청,2026-06-13
이촌1동254,1,,서울특별시 용산구이촌1동 302-31,,,2012,,02-2199-7880,서울특별시 용산구청,2026-06-13
이촌1동255,1,,서울특별시 용산구이촌1동 302-31,,,2012,,02-2199-7880,서울특별시 용산구청,2026-06-13
이촌1동256,1,,서울특별시 용산구이촌1동 428,,,2012,,02-2199-7880,서울특별시 용산구청,2026-06-13
이촌1동257,1,,서울특별시 용산구이촌1동 302-31,,,2012,,02-2199-7880,서울특별시 용산구청,2026-06-13
이촌1동258,1,,서울특별시 용산구이촌1동 302-31,,,2012,,02-2199-7880,서울특별시 용산구청,2026-06-13
이촌1동259,1,,서울특별시 용산구이촌1동 432,,,2015,,02-2199-7880,서울특별시 용산구청,2026-06-13
이촌1동26,1,,서울특별시 용산구이촌1동 301-7,,,2012,,02-2199-7880,서울특별시 용산구청,2026-06-13
이촌1동260,1,,서울특별시 용산구이촌1동 432,,,2012,,02-2199-7880,서울특별시 용산구청,2026-06-13
이촌1동261,1,,서울특별시 용산구이촌1동 302-30,,,2012,,02-2199-7880,서울특별시 용산구청,2026-06-13
이촌1동262,1,,서울특별시 용산구이촌1동 428,,,2012,,02-2199-7880,서울특별시 용산구청,2026-06-13
이촌1동263,1,,서울특별시 용산구이촌1동 428,,,2012,,02-2199-7880,서울특별시 용산구청,2026-06-13
이촌1동264,1,,서울특별시 용산구이촌1동 428,,,2012,,02-2199-7880,서울특별시 용산구청,2026-06-13
이촌1동265,1,,서울특별시 용산구이촌1동 429,,,2012,,02-2199-7880,서울특별시 용산구청,2026-06-13
이촌1동266,1,,서울특별시 용산구이촌1동 300-20,,,2012,,02-2199-7880,서울특별시 용산구청,2026-06-13
이촌1동267,1,,서울특별시 용산구이촌1동 300-20,,,2012,,02-2199-7880,서울특별시 용산구청,2026-06-13
이촌1동268,1,,서울특별시 용산구이촌1동 300-20,,,2012,,02-2199-7880,서울특별시 용산구청,2026-06-13
이촌1동269,1,,서울특별시 용산구이촌1동 300-20,,,2012,,02-2199-7880,서울특별시 용산구청,2026-06-13
이촌1동27,1,,서울특별시 용산구이촌1동 301-7,,,2012,,02-2199-7880,서울특별시 용산구청,2026-06-13
이촌1동270,1,,서울특별시 용산구이촌1동 300-20,,,2012,,02-2199-7880,서울특별시 용산구청,2026-06-13
이촌1동271,1,,서울특별시 용산구이촌1동 300-1,,,2012,,02-2199-7880,서울특별시 용산구청,2026-06-13
이촌1동272,1,,서울특별시 용산구이촌1동 300-1,,,2016,,02-2199-7880,서울특별시 용산구청,2026-06-13
이촌1동273,1,,서울특별시 용산구이촌1동 300-1,,,2012,,02-2199-7880,서울특별시 용산구청,2026-06-13
이촌1동274,1,,서울특별시 용산구이촌1동 300-1,,,2012,,02-2199-7880,서울특별시 용산구청,2026-06-13
이촌1동275,1,,서울특별시 용산구이촌1동 300-1,,,2012,,02-2199-7880,서울특별시 용산구청,2026-06-13
이촌1동276,1,,서울특별시 용산구이촌1동 300-1,,,2012,,02-2199-7880,서울특별시 용산구청,2026-06-13
이촌1동277,1,,서울특별시 용산구이촌1동 300-1,,,2012,,02-2199-7880,서울특별시 용산구청,2026-06-13
이촌1동278,1,,서울특별시 용산구이촌1동 300-1,,,2012,,02-2199-7880,서울특별시 용산구청,2026-06-13
이촌1동279,1,,서울특별시 용산구이촌1동 300-21,,,2012,,02-2199-7880,서울특별시 용산구청,2026-06-13
이촌1동28,1,,서울특별시 용산구이촌1동 301-7,,,2012,,02-2199-7880,서울특별시 용산구청,2026-06-13
이촌1동280,1,,서울특별시 용산구이촌1동 300-1,,,2012,,02-2199-7880,서울특별시 용산구청,2026-06-13
이촌1동281,1,,서울특별시 용산구이촌1동 300-16,,,2012,,02-2199-7880,서울특별시 용산구청,2026-06-13
이촌1동282,1,,서울특별시 용산구이촌1동 300-1,,,2012,,02-2199-7880,서울특별시 용산구청,2026-06-13
이촌1동283,1,,서울특별시 용산구이촌1동 301-2,,,2012,,02-2199-7880,서울특별시 용산구청,2026-06-13
이촌1동284,1,,서울특별시 용산구이촌1동 300-16,,,2012,,02-2199-7880,서울특별시 용산구청,2026-06-13
이촌1동285,1,,서울특별시 용산구이촌1동 301-2,,,2012,,02-2199-7880,서울특별시 용산구청,2026-06-13
이촌1동286,1,,서울특별시 용산구이촌1동 300-2,,,2012,,02-2199-7880,서울특별시 용산구청,2026-06-13
이촌1동287,1,,서울특별시 용산구이촌1동 300-2,,,2012,,02-2199-7880,서울특별시 용산구청,2026-06-13
이촌1동288,1,,서울특별시 용산구이촌1동 300-2,,,2012,,02-2199-7880,서울특별시 용산구청,2026-06-13
이촌1동289,1,,서울특별시 용산구이촌1동 300-30,,,2012,,02-2199-7880,서울특별시 용산구청,2026-06-13
이촌1동29,1,,서울특별시 용산구이촌1동 301-7,,,2012,,02-2199-7880,서울특별시 용산구청,2026-06-13
이촌1동290,1,,서울특별시 용산구이촌1동 300-30,,,2012,,02-2199-7880,서울특별시 용산구청,2026-06-13
이촌1동291,1,,서울특별시 용산구이촌1동 301-16,,,2012,,02-2199-7880,서울특별시 용산구청,2026-06-13
이촌1동292,1,,서울특별시 용산구이촌1동 301-16,,,2012,,02-2199-7880,서울특별시 용산구청,2026-06-13
이촌1동293,1,,서울특별시 용산구이촌1동 69-136,,,2012,,02-2199-7880,서울특별시 용산구청,2026-06-13
이촌1동294,1,,서울특별시 용산구이촌1동 301-17,,,2012,,02-2199-7880,서울특별시 용산구청,2026-06-13
이촌1동295,1,,서울특별시 용산구이촌1동 301-10,,,2024,,02-2199-7880,서울특별시 용산구청,2026-06-13
이촌1동296,1,,서울특별시 용산구이촌1동 301-53,,,2024,,02-2199-7880,서울특별시 용산구청,2026-06-13
이촌1동3,1,,서울특별시 용산구이촌1동 301-7,,,2012,,02-2199-7880,서울특별시 용산구청,2026-06-13
이촌1동30,1,,서울특별시 용산구이촌1동 301-7,,,2012,,02-2199-7880,서울특별시 용산구청,2026-06-13
이촌1동304,1,,서울특별시 용산구이촌1동 69-11,,,2023,,02-2199-7880,서울특별시 용산구청,2026-06-13
이촌1동308,1,,서울특별시 용산구이촌1동 428,,,2024,,02-2199-7880,서울특별시 용산구청,2026-06-13
이촌1동309,1,,서울특별시 용산구이촌1동 430,,,2024,,02-2199-7880,서울특별시 용산구청,2026-06-13
이촌1동31,1,,서울특별시 용산구이촌1동 301-7,,,2014,,02-2199-7880,서울특별시 용산구청,2026-06-13
이촌1동32,1,,서울특별시 용산구이촌1동 301-7,,,2014,,02-2199-7880,서울특별시 용산구청,2026-06-13
이촌1동33,1,,서울특별시 용산구이촌1동 301-7,,,2014,,02-2199-7880,서울특별시 용산구청,2026-06-13
이촌1동34,1,,서울특별시 용산구이촌1동 301-7,,,2014,,02-2199-7880,서울특별시 용산구청,2026-06-13
이촌1동35,1,,서울특별시 용산구이촌1동 301-7,,,2014,,02-2199-7880,서울특별시 용산구청,2026-06-13
이촌1동36,1,,서울특별시 용산구이촌1동 301-7,,,2014,,02-2199-7880,서울특별시 용산구청,2026-06-13
이촌1동37,1,,서울특별시 용산구이촌1동 301-7,,,2014,,02-2199-7880,서울특별시 용산구청,2026-06-13
이촌1동38,1,,서울특별시 용산구이촌1동 301-7,,,2014,,02-2199-7880,서울특별시 용산구청,2026-06-13
이촌1동39,1,,서울특별시 용산구이촌1동 301-7,,,2014,,02-2199-7880,서울특별시 용산구청,2026-06-13
이촌1동4,1,,서울특별시 용산구이촌1동 301-7,,,2012,,02-2199-7880,서울특별시 용산구청,2026-06-13
이촌1동40,1,,서울특별시 용산구이촌1동 301-7,,,2014,,02-2199-7880,서울특별시 용산구청,2026-06-13
이촌1동41,1,,서울특별시 용산구이촌1동 301-7,,,2014,,02-2199-7880,서울특별시 용산구청,2026-06-13
이촌1동42,1,,서울특별시 용산구이촌1동 301-7,,,2012,,02-2199-7880,서울특별시 용산구청,2026-06-13
이촌1동43,1,,서울특별시 용산구이촌1동 301-7,,,2014,,02-2199-7880,서울특별시 용산구청,2026-06-13
이촌1동44,1,,서울특별시 용산구이촌1동 301-7,,,2014,,02-2199-7880,서울특별시 용산구청,2026-06-13
이촌1동45,1,,서울특별시 용산구이촌1동 301-7,,,2014,,02-2199-7880,서울특별시 용산구청,2026-06-13
이촌1동46,1,,서울특별시 용산구이촌1동 301-78,,,2014,,02-2199-7880,서울특별시 용산구청,2026-06-13
이촌1동47,1,,서울특별시 용산구이촌1동 301-7,,,2014,,02-2199-7880,서울특별시 용산구청,2026-06-13
이촌1동48,1,,서울특별시 용산구이촌1동 301-78,,,2012,,02-2199-7880,서울특별시 용산구청,2026-06-13
이촌1동49,1,,서울특별시 용산구이촌1동 301-78,,,2012,,02-2199-7880,서울특별시 용산구청,2026-06-13
이촌1동5,1,,서울특별시 용산구이촌1동 301-7,,,2012,,02-2199-7880,서울특별시 용산구청,2026-06-13
이촌1동50,1,,서울특별시 용산구이촌1동 301-77,,,2014,,02-2199-7880,서울특별시 용산구청,2026-06-13
이촌1동51,1,,서울특별시 용산구이촌1동 301-78,,,2014,,02-2199-7880,서울특별시 용산구청,2026-06-13
이촌1동52,1,,서울특별시 용산구이촌1동 301-77,,,2014,,02-2199-7880,서울특별시 용산구청,2026-06-13
이촌1동53,1,,서울특별시 용산구이촌1동 301-78,,,2014,,02-2199-7880,서울특별시 용산구청,2026-06-13
이촌1동54,1,,서울특별시 용산구이촌1동 301-78,,,2014,,02-2199-7880,서울특별시 용산구청,2026-06-13
이촌1동55,1,,서울특별시 용산구이촌1동 301-77,,,2014,,02-2199-7880,서울특별시 용산구청,2026-06-13
이촌1동56,1,,서울특별시 용산구이촌1동 301-78,,,2014,,02-2199-7880,서울특별시 용산구청,2026-06-13
이촌1동57,1,,서울특별시 용산구이촌1동 301-76,,,2014,,02-2199-7880,서울특별시 용산구청,2026-06-13
이촌1동58,1,,서울특별시 용산구이촌1동 301-76,,,2014,,02-2199-7880,서울특별시 용산구청,2026-06-13
이촌1동59,1,,서울특별시 용산구이촌1동 301-76,,,2014,,02-2199-7880,서울특별시 용산구청,2026-06-13
이촌1동6,1,,서울특별시 용산구이촌1동 301-7,,,2012,,02-2199-7880,서울특별시 용산구청,2026-06-13
이촌1동60,1,,서울특별시 용산구이촌1동 301-76,,,2015,,02-2199-7880,서울특별시 용산구청,2026-06-13
이촌1동61,1,,서울특별시 용산구이촌1동 301-76,,,2015,,02-2199-7880,서울특별시 용산구청,2026-06-13
이촌1동62,1,,서울특별시 용산구이촌1동 301-76,,,2015,,02-2199-7880,서울특별시 용산구청,2026-06-13
이촌1동63,1,,서울특별시 용산구이촌1동 301-76,,,2015,,02-2199-7880,서울특별시 용산구청,2026-06-13
이촌1동64,1,,서울특별시 용산구이촌1동 301-76,,,2014,,02-2199-7880,서울특별시 용산구청,2026-06-13
이촌1동65,1,,서울특별시 용산구이촌1동 301-76,,,2014,,02-2199-7880,서울특별시 용산구청,2026-06-13
이촌1동66,1,,서울특별시 용산구이촌1동 301-76,,,2012,,02-2199-7880,서울특별시 용산구청,2026-06-13
이촌1동67,1,,서울특별시 용산구이촌1동 301-76,,,2014,,02-2199-7880,서울특별시 용산구청,2026-06-13
이촌1동68,1,,서울특별시 용산구이촌1동 301-76,,,2014,,02-2199-7880,서울특별시 용산구청,2026-06-13
이촌1동69,1,,서울특별시 용산구이촌1동 301-76,,,2014,,02-2199-7880,서울특별시 용산구청,2026-06-13
이촌1동7,1,,서울특별시 용산구이촌1동 414,,,2012,,02-2199-7880,서울특별시 용산구청,2026-06-13
이촌1동70,1,,서울특별시 용산구이촌1동 301-76,,,2014,,02-2199-7880,서울특별시 용산구청,2026-06-13
이촌1동71,1,,서울특별시 용산구이촌1동 301-76,,,2014,,02-2199-7880,서울특별시 용산구청,2026-06-13
이촌1동72,1,,서울특별시 용산구이촌1동 301-10,,,2012,,02-2199-7880,서울특별시 용산구청,2026-06-13
이촌1동73,1,,서울특별시 용산구이촌1동 301-10,,,2012,,02-2199-7880,서울특별시 용산구청,2026-06-13
이촌1동74,1,,서울특별시 용산구이촌1동 301-24,,,2012,,02-2199-7880,서울특별시 용산구청,2026-06-13
이촌1동75,1,,서울특별시 용산구이촌1동 301-15,,,2012,,02-2199-7880,서울특별시 용산구청,2026-06-13
이촌1동76,1,,서울특별시 용산구이촌1동 301-24,,,2020,,02-2199-7880,서울특별시 용산구청,2026-06-13
이촌1동77,1,,서울특별시 용산구이촌1동 301-14,,,2012,,02-2199-7880,서울특별시 용산구청,2026-06-13
이촌1동78,1,,서울특별시 용산구이촌1동 301-14,,,2012,,02-2199-7880,서울특별시 용산구청,2026-06-13
이촌1동79,1,,서울특별시 용산구이촌1동 301-44,,,2012,,02-2199-7880,서울특별시 용산구청,2026-06-13
이촌1동8,1,,서울특별시 용산구이촌1동 301-16,,,2012,,02-2199-7880,서울특별시 용산구청,2026-06-13
이촌1동80,1,,서울특별시 용산구이촌1동 301-24,,,2012,,02-2199-7880,서울특별시 용산구청,2026-06-13
이촌1동81,1,,서울특별시 용산구이촌1동 301-15,,,2020,,02-2199-7880,서울특별시 용산구청,2026-06-13
이촌1동82,1,,서울특별시 용산구이촌1동 301-15,,,2018,,02-2199-7880,서울특별시 용산구청,2026-06-13
이촌1동83,1,,서울특별시 용산구이촌1동 301-15,,,2022,,02-2199-7880,서울특별시 용산구청,2026-06-13
이촌1동84,1,,서울특별시 용산구이촌1동 301-15,,,2012,,02-2199-7880,서울특별시 용산구청,2026-06-13
이촌1동85,1,,서울특별시 용산구이촌1동 301-15,,,2019,,02-2199-7880,서울특별시 용산구청,2026-06-13
이촌1동86,1,,서울특별시 용산구이촌1동 301-15,,,2012,,02-2199-7880,서울특별시 용산구청,2026-06-13
이촌1동87,1,,서울특별시 용산구이촌1동 301-15,,,2015,,02-2199-7880,서울특별시 용산구청,2026-06-13
이촌1동88,1,,서울특별시 용산구이촌1동 301-18,,,2015,,02-2199-7880,서울특별시 용산구청,2026-06-13
이촌1동89,1,,서울특별시 용산구이촌1동 301-18,,,2012,,02-2199-7880,서울특별시 용산구청,2026-06-13
이촌1동9,1,,서울특별시 용산구이촌1동 301-7,,,2012,,02-2199-7880,서울특별시 용산구청,2026-06-13
이촌1동90,1,,서울특별시 용산구이촌1동 301-13,,,2014,,02-2199-7880,서울특별시 용산구청,2026-06-13
이촌1동91,1,,서울특별시 용산구이촌1동 301-13,,,2012,,02-2199-7880,서울특별시 용산구청,2026-06-13
이촌1동92,1,,서울특별시 용산구이촌1동 301-15,,,2023,,02-2199-7880,서울특별시 용산구청,2026-06-13
이촌1동93,1,,서울특별시 용산구이촌1동 301-13,,,2012,,02-2199-7880,서울특별시 용산구청,2026-06-13
이촌1동94,1,,서울특별시 용산구이촌1동 301-78,,,2014,,02-2199-7880,서울특별시 용산구청,2026-06-13
이촌1동95,1,,서울특별시 용산구이촌1동 301-77,,,2022,,02-2199-7880,서울특별시 용산구청,2026-06-13
이촌1동96,1,,서울특별시 용산구이촌1동 301-77,,,2014,,02-2199-7880,서울특별시 용산구청,2026-06-13
이촌1동97,1,,서울특별시 용산구이촌1동 301-77,,,2014,,02-2199-7880,서울특별시 용산구청,2026-06-13
이촌1동98,1,,서울특별시 용산구이촌1동 301-77,,,2014,,02-2199-7880,서울특별시 용산구청,2026-06-13
이촌1동99,1,,서울특별시 용산구이촌1동 301-77,,,2014,,02-2199-7880,서울특별시 용산구청,2026-06-13
이촌2동1,1,,서울특별시 용산구이촌2동 212-27,,,2012,,02-2199-7880,서울특별시 용산구청,2026-06-13
이촌2동10,1,,서울특별시 용산구이촌2동 171-1,,,2012,,02-2199-7880,서울특별시 용산구청,2026-06-13
이촌2동100,1,,서울특별시 용산구이촌2동 203-35,,,2012,,02-2199-7880,서울특별시 용산구청,2026-06-13
이촌2동101,1,,서울특별시 용산구이촌2동 203-65,,,2013,,02-2199-7880,서울특별시 용산구청,2026-06-13
이촌2동102,1,,서울특별시 용산구이촌2동 203-35,,,2014,,02-2199-7880,서울특별시 용산구청,2026-06-13
이촌2동103,1,,서울특별시 용산구이촌2동 203-67,,,2013,,02-2199-7880,서울특별시 용산구청,2026-06-13
이촌2동104,1,,서울특별시 용산구이촌2동 203-35,,,2013,,02-2199-7880,서울특별시 용산구청,2026-06-13
이촌2동105,1,,서울특별시 용산구이촌2동 203-35,,,2013,,02-2199-7880,서울특별시 용산구청,2026-06-13
이촌2동106,1,,서울특별시 용산구이촌2동 203-35,,,2013,,02-2199-7880,서울특별시 용산구청,2026-06-13
이촌2동107,1,,서울특별시 용산구이촌2동 203-39,,,2013,,02-2199-7880,서울특별시 용산구청,2026-06-13
이촌2동108,1,,서울특별시 용산구이촌2동 203-41,,,2013,,02-2199-7880,서울특별시 용산구청,2026-06-13
이촌2동109,1,,서울특별시 용산구이촌2동 203-42,,,2013,,02-2199-7880,서울특별시 용산구청,2026-06-13
이촌2동11,1,,서울특별시 용산구이촌2동 212-12,,,2012,,02-2199-7880,서울특별시 용산구청,2026-06-13
이촌2동110,1,,서울특별시 용산구이촌2동 203-35,,,2013,,02-2199-7880,서울특별시 용산구청,2026-06-13
이촌2동111,1,,서울특별시 용산구이촌2동 203-35,,,2013,,02-2199-7880,서울특별시 용산구청,2026-06-13
이촌2동112,1,,서울특별시 용산구이촌2동 203-53,,,2013,,02-2199-7880,서울특별시 용산구청,2026-06-13
이촌2동113,1,,서울특별시 용산구이촌2동 203-35,,,2013,,02-2199-7880,서울특별시 용산구청,2026-06-13
이촌2동114,1,,서울특별시 용산구이촌2동 203-35,,,2013,,02-2199-7880,서울특별시 용산구청,2026-06-13
이촌2동115,1,,서울특별시 용산구이촌2동 171-1,,,2013,,02-2199-7880,서울특별시 용산구청,2026-06-13
이촌2동116,1,,서울특별시 용산구이촌2동 203-44,,,2023,,02-2199-7880,서울특별시 용산구청,2026-06-13
이촌2동117,1,,서울특별시 용산구이촌2동 171-1,,,2014,,02-2199-7880,서울특별시 용산구청,2026-06-13
이촌2동118,1,,서울특별시 용산구이촌2동 199-30,,,2013,,02-2199-7880,서울특별시 용산구청,2026-06-13
이촌2동119,1,,서울특별시 용산구이촌2동 199-30,,,2013,,02-2199-7880,서울특별시 용산구청,2026-06-13
이촌2동12,1,,서울특별시 용산구이촌2동 212-12,,,2012,,02-2199-7880,서울특별시 용산구청,2026-06-13
이촌2동120,1,,서울특별시 용산구이촌2동 199-30,,,2013,,02-2199-7880,서울특별시 용산구청,2026-06-13
이촌2동121,1,,서울특별시 용산구이촌2동 199-15,,,2021,,02-2199-7880,서울특별시 용산구청,2026-06-13
이촌2동122,1,,서울특별시 용산구이촌2동 203-26,,,2013,,02-2199-7880,서울특별시 용산구청,2026-06-13
이촌2동123,1,,서울특별시 용산구이촌2동 203-35,,,2013,,02-2199-7880,서울특별시 용산구청,2026-06-13
이촌2동124,1,,서울특별시 용산구이촌2동 203-35,,,2013,,02-2199-7880,서울특별시 용산구청,2026-06-13
이촌2동125,1,,서울특별시 용산구이촌2동 203-31,,,2013,,02-2199-7880,서울특별시 용산구청,2026-06-13
이촌2동126,1,,서울특별시 용산구이촌2동 203-31,,,2013,,02-2199-7880,서울특별시 용산구청,2026-06-13
이촌2동127,1,,서울특별시 용산구이촌2동 203-35,,,2013,,02-2199-7880,서울특별시 용산구청,2026-06-13
이촌2동128,1,,서울특별시 용산구이촌2동 203-35,,,2013,,02-2199-7880,서울특별시 용산구청,2026-06-13
이촌2동129,1,,서울특별시 용산구이촌2동 203-13,,,2013,,02-2199-7880,서울특별시 용산구청,2026-06-13
이촌2동13,1,,서울특별시 용산구이촌2동 212-8,,,2015,,02-2199-7880,서울특별시 용산구청,2026-06-13
이촌2동130,1,,서울특별시 용산구이촌2동 203-11,,,2013,,02-2199-7880,서울특별시 용산구청,2026-06-13
이촌2동131,1,,서울특별시 용산구이촌2동 203-35,,,2013,,02-2199-7880,서울특별시 용산구청,2026-06-13
이촌2동132,1,,서울특별시 용산구이촌2동 171-1,,,2013,,02-2199-7880,서울특별시 용산구청,2026-06-13
이촌2동133,1,,서울특별시 용산구이촌2동 171-1,,,2023,,02-2199-7880,서울특별시 용산구청,2026-06-13
이촌2동134,1,,서울특별시 용산구이촌2동 171-1,,,2013,,02-2199-7880,서울특별시 용산구청,2026-06-13
이촌2동135,1,,서울특별시 용산구이촌2동 171-1,,,2013,,02-2199-7880,서울특별시 용산구청,2026-06-13
이촌2동136,1,,서울특별시 용산구이촌2동 40-699,,,2014,,02-2199-7880,서울특별시 용산구청,2026-06-13
이촌2동137,1,,서울특별시 용산구이촌2동 40-693,,,2013,,02-2199-7880,서울특별시 용산구청,2026-06-13
이촌2동138,1,,서울특별시 용산구이촌2동 171-1,,,2013,,02-2199-7880,서울특별시 용산구청,2026-06-13
이촌2동139,1,,서울특별시 용산구이촌2동 199-11,,,2013,,02-2199-7880,서울특별시 용산구청,2026-06-13
이촌2동14,1,,서울특별시 용산구이촌2동 171-1,,,2013,,02-2199-7880,서울특별시 용산구청,2026-06-13
이촌2동140,1,,서울특별시 용산구이촌2동 199-11,,,2013,,02-2199-7880,서울특별시 용산구청,2026-06-13
이촌2동141,1,,서울특별시 용산구이촌2동 199-30,,,2013,,02-2199-7880,서울특별시 용산구청,2026-06-13
이촌2동142,1,,서울특별시 용산구이촌2동 199-30,,,2013,,02-2199-7880,서울특별시 용산구청,2026-06-13
이촌2동143,1,,서울특별시 용산구이촌2동 199-35,,,2013,,02-2199-7880,서울특별시 용산구청,2026-06-13
이촌2동144,1,,서울특별시 용산구이촌2동 199-25,,,2013,,02-2199-7880,서울특별시 용산구청,2026-06-13
이촌2동145,1,,서울특별시 용산구이촌2동 199-53,,,2013,,02-2199-7880,서울특별시 용산구청,2026-06-13
이촌2동146,1,,서울특별시 용산구이촌2동 199-53,,,2013,,02-2199-7880,서울특별시 용산구청,2026-06-13
이촌2동147,1,,서울특별시 용산구이촌2동 199-1,,,2013,,02-2199-7880,서울특별시 용산구청,2026-06-13
이촌2동148,1,,서울특별시 용산구이촌2동 199-1,,,2016,,02-2199-7880,서울특별시 용산구청,2026-06-13
이촌2동149,1,,서울특별시 용산구이촌2동 199-1,,,2013,,02-2199-7880,서울특별시 용산구청,2026-06-13
이촌2동15,1,,서울특별시 용산구이촌2동 211-4,,,2012,,02-2199-7880,서울특별시 용산구청,2026-06-13
이촌2동150,1,,서울특별시 용산구이촌2동 171-1,,,2013,,02-2199-7880,서울특별시 용산구청,2026-06-13
이촌2동151,1,,서울특별시 용산구이촌2동 171-1,,,2013,,02-2199-7880,서울특별시 용산구청,2026-06-13
이촌2동152,1,,서울특별시 용산구이촌2동 171-1,,,2013,,02-2199-7880,서울특별시 용산구청,2026-06-13
이촌2동153,1,,서울특별시 용산구이촌2동 171-1,,,2013,,02-2199-7880,서울특별시 용산구청,2026-06-13
이촌2동154,1,,서울특별시 용산구이촌2동 171-1,,,2013,,02-2199-7880,서울특별시 용산구청,2026-06-13
이촌2동155,1,,서울특별시 용산구이촌2동 171-1,,,2014,,02-2199-7880,서울특별시 용산구청,2026-06-13
이촌2동156,1,,서울특별시 용산구이촌2동 199-41,,,2013,,02-2199-7880,서울특별시 용산구청,2026-06-13
이촌2동157,1,,서울특별시 용산구이촌2동 199-43,,,2013,,02-2199-7880,서울특별시 용산구청,2026-06-13
이촌2동158,1,,서울특별시 용산구이촌2동 199-45,,,2013,,02-2199-7880,서울특별시 용산구청,2026-06-13
이촌2동159,1,,서울특별시 용산구이촌2동 199-46,,,2013,,02-2199-7880,서울특별시 용산구청,2026-06-13
이촌2동16,1,,서울특별시 용산구이촌2동 212-19,,,2012,,02-2199-7880,서울특별시 용산구청,2026-06-13
이촌2동160,1,,서울특별시 용산구이촌2동 199-47,,,2013,,02-2199-7880,서울특별시 용산구청,2026-06-13
이촌2동161,1,,서울특별시 용산구이촌2동 199-51,,,2013,,02-2199-7880,서울특별시 용산구청,2026-06-13
이촌2동162,1,,서울특별시 용산구이촌2동 199-50,,,2013,,02-2199-7880,서울특별시 용산구청,2026-06-13
이촌2동163,1,,서울특별시 용산구이촌2동 171-1,,,2013,,02-2199-7880,서울특별시 용산구청,2026-06-13
이촌2동164,1,,서울특별시 용산구이촌2동 171-1,,,2013,,02-2199-7880,서울특별시 용산구청,2026-06-13
이촌2동165,1,,서울특별시 용산구이촌2동 395-3,,,2013,,02-2199-7880,서울특별시 용산구청,2026-06-13
이촌2동166,1,,서울특별시 용산구이촌2동 171-1,,,2013,,02-2199-7880,서울특별시 용산구청,2026-06-13
이촌2동167,1,,서울특별시 용산구이촌2동 171-1,,,2013,,02-2199-7880,서울특별시 용산구청,2026-06-13
이촌2동168,1,,서울특별시 용산구이촌2동 171-1,,,2013,,02-2199-7880,서울특별시 용산구청,2026-06-13
이촌2동169,1,,서울특별시 용산구이촌2동 171-1,,,2023,,02-2199-7880,서울특별시 용산구청,2026-06-13
이촌2동17,1,,서울특별시 용산구이촌2동 212-22,,,2015,,02-2199-7880,서울특별시 용산구청,2026-06-13
이촌2동170,1,,서울특별시 용산구이촌2동 171-1,,,2013,,02-2199-7880,서울특별시 용산구청,2026-06-13
이촌2동171,1,,서울특별시 용산구이촌2동 198-1,,,2013,,02-2199-7880,서울특별시 용산구청,2026-06-13
이촌2동172,1,,서울특별시 용산구이촌2동 395,,,2013,,02-2199-7880,서울특별시 용산구청,2026-06-13
이촌2동173,1,,서울특별시 용산구이촌2동 395,,,2013,,02-2199-7880,서울특별시 용산구청,2026-06-13
이촌2동174,1,,서울특별시 용산구이촌2동 172-1,,,2013,,02-2199-7880,서울특별시 용산구청,2026-06-13
이촌2동175,1,,서울특별시 용산구이촌2동 411,,,2013,,02-2199-7880,서울특별시 용산구청,2026-06-13
이촌2동176,1,,서울특별시 용산구이촌2동 411,,,2014,,02-2199-7880,서울특별시 용산구청,2026-06-13
이촌2동177,1,,서울특별시 용산구이촌2동 411,,,2019,,02-2199-7880,서울특별시 용산구청,2026-06-13
이촌2동178,1,,서울특별시 용산구이촌2동 411,,,2019,,02-2199-7880,서울특별시 용산구청,2026-06-13
이촌2동179,1,,서울특별시 용산구이촌2동 171-1,,,2013,,02-2199-7880,서울특별시 용산구청,2026-06-13
이촌2동18,1,,서울특별시 용산구이촌2동 171-1,,,2012,,02-2199-7880,서울특별시 용산구청,2026-06-13
이촌2동180,1,,서울특별시 용산구이촌2동 171-1,,,2014,,02-2199-7880,서울특별시 용산구청,2026-06-13
이촌2동181,1,,서울특별시 용산구이촌2동 171-1,,,2013,,02-2199-7880,서울특별시 용산구청,2026-06-13
이촌2동182,1,,서울특별시 용산구이촌2동 171-1,,,2014,,02-2199-7880,서울특별시 용산구청,2026-06-13
이촌2동183,1,,서울특별시 용산구이촌2동 171-1,,,2013,,02-2199-7880,서울특별시 용산구청,2026-06-13
이촌2동184,1,,서울특별시 용산구이촌2동 400-1,,,2013,,02-2199-7880,서울특별시 용산구청,2026-06-13
이촌2동185,1,,서울특별시 용산구이촌2동 400-1,,,2013,,02-2199-7880,서울특별시 용산구청,2026-06-13
이촌2동186,1,,서울특별시 용산구이촌2동 400-1,,,2013,,02-2199-7880,서울특별시 용산구청,2026-06-13
이촌2동187,1,,서울특별시 용산구이촌2동 171-1,,,2013,,02-2199-7880,서울특별시 용산구청,2026-06-13
이촌2동188,1,,서울특별시 용산구이촌2동 171-1,,,2013,,02-2199-7880,서울특별시 용산구청,2026-06-13
이촌2동189,1,,서울특별시 용산구이촌2동 171-1,,,2013,,02-2199-7880,서울특별시 용산구청,2026-06-13
이촌2동19,1,,서울특별시 용산구이촌2동 171-1,,,2012,,02-2199-7880,서울특별시 용산구청,2026-06-13
이촌2동190,1,,서울특별시 용산구이촌2동 172-1,,,2012,,02-2199-7880,서울특별시 용산구청,2026-06-13
이촌2동191,1,,서울특별시 용산구이촌2동 172-1,,,2013,,02-2199-7880,서울특별시 용산구청,2026-06-13
이촌2동192,1,,서울특별시 용산구이촌2동 172-1,,,2013,,02-2199-7880,서울특별시 용산구청,2026-06-13
이촌2동193,1,,서울특별시 용산구이촌2동 172-1,,,2013,,02-2199-7880,서울특별시 용산구청,2026-06-13
이촌2동194,1,,서울특별시 용산구이촌2동 172-1,,,2013,,02-2199-7880,서울특별시 용산구청,2026-06-13
이촌2동195,1,,서울특별시 용산구이촌2동 400-1,,,2013,,02-2199-7880,서울특별시 용산구청,2026-06-13
이촌2동196,1,,서울특별시 용산구이촌2동 400-1,,,2013,,02-2199-7880,서울특별시 용산구청,2026-06-13
이촌2동197,1,,서울특별시 용산구이촌2동 400-1,,,2013,,02-2199-7880,서울특별시 용산구청,2026-06-13
이촌2동198,1,,서울특별시 용산구이촌2동 400-1,,,2013,,02-2199-7880,서울특별시 용산구청,2026-06-13
이촌2동199,1,,서울특별시 용산구이촌2동 172-1,,,2023,,02-2199-7880,서울특별시 용산구청,2026-06-13
이촌2동2,1,,서울특별시 용산구이촌2동 212-25,,,2012,,02-2199-7880,서울특별시 용산구청,2026-06-13
이촌2동20,1,,서울특별시 용산구이촌2동 210-14,,,2012,,02-2199-7880,서울특별시 용산구청,2026-06-13
이촌2동200,1,,서울특별시 용산구이촌2동 172-1,,,2023,,02-2199-7880,서울특별시 용산구청,2026-06-13
이촌2동201,1,,서울특별시 용산구이촌2동 171-1,,,2013,,02-2199-7880,서울특별시 용산구청,2026-06-13
이촌2동202,1,,서울특별시 용산구이촌2동 171-1,,,2013,,02-2199-7880,서울특별시 용산구청,2026-06-13
이촌2동203,1,,서울특별시 용산구이촌2동 171-1,,,2014,,02-2199-7880,서울특별시 용산구청,2026-06-13
이촌2동204,1,,서울특별시 용산구이촌2동 171-1,,,2013,,02-2199-7880,서울특별시 용산구청,2026-06-13
이촌2동205,1,,서울특별시 용산구이촌2동 171-1,,,2013,,02-2199-7880,서울특별시 용산구청,2026-06-13
이촌2동206,1,,서울특별시 용산구이촌2동 193-5,,,2013,,02-2199-7880,서울특별시 용산구청,2026-06-13
이촌2동207,1,,서울특별시 용산구이촌2동 193-6,,,2023,,02-2199-7880,서울특별시 용산구청,2026-06-13
이촌2동21,1,,서울특별시 용산구이촌2동 171-1,,,2012,,02-2199-7880,서울특별시 용산구청,2026-06-13
이촌2동22,1,,서울특별시 용산구이촌2동 171-1,,,2012,,02-2199-7880,서울특별시 용산구청,2026-06-13
이촌2동226,1,,서울특별시 용산구이촌2동 171-1,,,2024,,02-2199-7880,서울특별시 용산구청,2026-06-13
이촌2동227,1,,서울특별시 용산구이촌2동 172-1,,,2024,,02-2199-7880,서울특별시 용산구청,2026-06-13
이촌2동228,1,,서울특별시 용산구이촌2동 209-25,,,2024,,02-2199-7880,서울특별시 용산구청,2026-06-13
이촌2동23,1,,서울특별시 용산구이촌2동 171-1,,,2012,,02-2199-7880,서울특별시 용산구청,2026-06-13
이촌2동24,1,,서울특별시 용산구이촌2동 171-1,,,2012,,02-2199-7880,서울특별시 용산구청,2026-06-13
이촌2동25,1,,서울특별시 용산구이촌2동 171-1,,,2012,,02-2199-7880,서울특별시 용산구청,2026-06-13
이촌2동26,1,,서울특별시 용산구이촌2동 211-7,,,2012,,02-2199-7880,서울특별시 용산구청,2026-06-13
이촌2동27,1,,서울특별시 용산구이촌2동 211-1,,,2013,,02-2199-7880,서울특별시 용산구청,2026-06-13
이촌2동28,1,,서울특별시 용산구이촌2동 211-4,,,2015,,02-2199-7880,서울특별시 용산구청,2026-06-13
이촌2동29,1,,서울특별시 용산구이촌2동 211-1,,,2013,,02-2199-7880,서울특별시 용산구청,2026-06-13
이촌2동3,1,,서울특별시 용산구이촌2동 212-27,,,2012,,02-2199-7880,서울특별시 용산구청,2026-06-13
이촌2동30,1,,서울특별시 용산구이촌2동 208-9,,,2015,,02-2199-7880,서울특별시 용산구청,2026-06-13
이촌2동31,1,,서울특별시 용산구이촌2동 171-1,,,2014,,02-2199-7880,서울특별시 용산구청,2026-06-13
이촌2동32,1,,서울특별시 용산구이촌2동 208-2,,,2012,,02-2199-7880,서울특별시 용산구청,2026-06-13
이촌2동33,1,,서울특별시 용산구이촌2동 208-2,,,2022,,02-2199-7880,서울특별시 용산구청,2026-06-13
이촌2동34,1,,서울특별시 용산구이촌2동 171-1,,,2022,,02-2199-7880,서울특별시 용산구청,2026-06-13
이촌2동35,1,,서울특별시 용산구이촌2동 209-4,,,2013,,02-2199-7880,서울특별시 용산구청,2026-06-13
이촌2동36,1,,서울특별시 용산구이촌2동 209-4,,,2013,,02-2199-7880,서울특별시 용산구청,2026-06-13
이촌2동37,1,,서울특별시 용산구이촌2동 209-4,,,2022,,02-2199-7880,서울특별시 용산구청,2026-06-13
이촌2동38,1,,서울특별시 용산구이촌2동 209-4,,,2015,,02-2199-7880,서울특별시 용산구청,2026-06-13
이촌2동39,1,,서울특별시 용산구이촌2동,,,2022,,02-2199-7880,서울특별시 용산구청,2026-06-13
이촌2동4,1,,서울특별시 용산구이촌2동 212-27,,,2012,,02-2199-7880,서울특별시 용산구청,2026-06-13
이촌2동40,1,,서울특별시 용산구이촌2동 209-5,,,2022,,02-2199-7880,서울특별시 용산구청,2026-06-13
이촌2동41,1,,서울특별시 용산구이촌2동 209-5,,,2013,,02-2199-7880,서울특별시 용산구청,2026-06-13
이촌2동42,1,,서울특별시 용산구이촌2동 209-26,,,2013,,02-2199-7880,서울특별시 용산구청,2026-06-13
이촌2동43,1,,서울특별시 용산구이촌2동 209-26,,,2013,,02-2199-7880,서울특별시 용산구청,2026-06-13
이촌2동44,1,,서울특별시 용산구이촌2동 209-27,,,2013,,02-2199-7880,서울특별시 용산구청,2026-06-13
이촌2동45,1,,서울특별시 용산구이촌2동 209-26,,,2022,,02-2199-7880,서울특별시 용산구청,2026-06-13
이촌2동46,1,,서울특별시 용산구이촌2동 209-25,,,2019,,02-2199-7880,서울특별시 용산구청,2026-06-13
이촌2동47,1,,서울특별시 용산구이촌2동 209-23,,,2013,,02-2199-7880,서울특별시 용산구청,2026-06-13
이촌2동48,1,,서울특별시 용산구이촌2동 209-24,,,2019,,02-2199-7880,서울특별시 용산구청,2026-06-13
이촌2동49,1,,서울특별시 용산구이촌2동 209-24,,,2013,,02-2199-7880,서울특별시 용산구청,2026-06-13
이촌2동5,1,,서울특별시 용산구이촌2동 212-27,,,2012,,02-2199-7880,서울특별시 용산구청,2026-06-13
이촌2동50,1,,서울특별시 용산구이촌2동 171-1,,,2013,,02-2199-7880,서울특별시 용산구청,2026-06-13
이촌2동51,1,,서울특별시 용산구이촌2동 423,,,2013,,02-2199-7880,서울특별시 용산구청,2026-06-13
이촌2동52,1,,서울특별시 용산구이촌2동 423,,,2013,,02-2199-7880,서울특별시 용산구청,2026-06-13
이촌2동53,1,,서울특별시 용산구이촌2동 423,,,2012,,02-2199-7880,서울특별시 용산구청,2026-06-13
이촌2동54,1,,서울특별시 용산구이촌2동 171-1,,,2013,,02-2199-7880,서울특별시 용산구청,2026-06-13
이촌2동55,1,,서울특별시 용산구이촌2동 209-27,,,2022,,02-2199-7880,서울특별시 용산구청,2026-06-13
이촌2동56,1,,서울특별시 용산구이촌2동 434,,,2013,,02-2199-7880,서울특별시 용산구청,2026-06-13
이촌2동57,1,,서울특별시 용산구이촌2동 434,,,2013,,02-2199-7880,서울특별시 용산구청,2026-06-13
이촌2동58,1,,서울특별시 용산구이촌2동 206-27,,,2012,,02-2199-7880,서울특별시 용산구청,2026-06-13
이촌2동59,1,,서울특별시 용산구이촌2동 206-27,,,2013,,02-2199-7880,서울특별시 용산구청,2026-06-13
이촌2동6,1,,서울특별시 용산구이촌2동 212-45,,,2012,,02-2199-7880,서울특별시 용산구청,2026-06-13
이촌2동60,1,,서울특별시 용산구이촌2동 424,,,2013,,02-2199-7880,서울특별시 용산구청,2026-06-13
이촌2동61,1,,서울특별시 용산구이촌2동 424,,,2013,,02-2199-7880,서울특별시 용산구청,2026-06-13
이촌2동62,1,,서울특별시 용산구이촌2동 395-1,,,2013,,02-2199-7880,서울특별시 용산구청,2026-06-13
이촌2동63,1,,서울특별시 용산구이촌2동 171-1,,,2013,,02-2199-7880,서울특별시 용산구청,2026-06-13
이촌2동64,1,,서울특별시 용산구이촌2동 206-8,,,2014,,02-2199-7880,서울특별시 용산구청,2026-06-13
이촌2동65,1,,서울특별시 용산구이촌2동 206-4,,,2014,,02-2199-7880,서울특별시 용산구청,2026-06-13
이촌2동66,1,,서울특별시 용산구이촌2동 206-11,,,2013,,02-2199-7880,서울특별시 용산구청,2026-06-13
이촌2동67,1,,서울특별시 용산구이촌2동 434,,,2013,,02-2199-7880,서울특별시 용산구청,2026-06-13
이촌2동68,1,,서울특별시 용산구이촌2동 434,,,2013,,02-2199-7880,서울특별시 용산구청,2026-06-13
이촌2동69,1,,서울특별시 용산구이촌2동 434,,,2013,,02-2199-7880,서울특별시 용산구청,2026-06-13
이촌2동7,1,,서울특별시 용산구이촌2동 212-27,,,2012,,02-2199-7880,서울특별시 용산구청,2026-06-13
이촌2동70,1,,서울특별시 용산구이촌2동 434,,,2012,,02-2199-7880,서울특별시 용산구청,2026-06-13
이촌2동71,1,,서울특별시 용산구이촌2동 205-6,,,2013,,02-2199-7880,서울특별시 용산구청,2026-06-13
이촌2동72,1,,서울특별시 용산구이촌2동 171-1,,,2013,,02-2199-7880,서울특별시 용산구청,2026-06-13
이촌2동73,1,,서울특별시 용산구이촌2동 171-1,,,2013,,02-2199-7880,서울특별시 용산구청,2026-06-13
이촌2동74,1,,서울특별시 용산구이촌2동 171-1,,,2013,,02-2199-7880,서울특별시 용산구청,2026-06-13
이촌2동75,1,,서울특별시 용산구이촌2동 171-1,,,2013,,02-2199-7880,서울특별시 용산구청,2026-06-13
이촌2동76,1,,서울특별시 용산구이촌2동 206-12,,,2013,,02-2199-7880,서울특별시 용산구청,2026-06-13
이촌2동77,1,,서울특별시 용산구이촌2동 206-12,,,2013,,02-2199-7880,서울특별시 용산구청,2026-06-13
이촌2동78,1,,서울특별시 용산구이촌2동 206-20,,,2013,,02-2199-7880,서울특별시 용산구청,2026-06-13
이촌2동79,1,,서울특별시 용산구이촌2동 206-12,,,2013,,02-2199-7880,서울특별시 용산구청,2026-06-13
이촌2동8,1,,서울특별시 용산구이촌2동 171-1,,,2012,,02-2199-7880,서울특별시 용산구청,2026-06-13
이촌2동80,1,,서울특별시 용산구이촌2동 206-12,,,2014,,02-2199-7880,서울특별시 용산구청,2026-06-13
이촌2동81,1,,서울특별시 용산구이촌2동 206-2,,,2013,,02-2199-7880,서울특별시 용산구청,2026-06-13
이촌2동82,1,,서울특별시 용산구이촌2동 171-1,,,2013,,02-2199-7880,서울특별시 용산구청,2026-06-13
이촌2동83,1,,서울특별시 용산구이촌2동 171-1,,,2013,,02-2199-7880,서울특별시 용산구청,2026-06-13
이촌2동84,1,,서울특별시 용산구이촌2동 171-1,,,2013,,02-2199-7880,서울특별시 용산구청,2026-06-13
이촌2동85,1,,서울특별시 용산구이촌2동 171-1,,,2013,,02-2199-7880,서울특별시 용산구청,2026-06-13
이촌2동86,1,,서울특별시 용산구이촌2동 171-1,,,2013,,02-2199-7880,서울특별시 용산구청,2026-06-13
이촌2동87,1,,서울특별시 용산구이촌2동 395-1,,,2014,,02-2199-7880,서울특별시 용산구청,2026-06-13
이촌2동88,1,,서울특별시 용산구이촌2동 171-1,,,2013,,02-2199-7880,서울특별시 용산구청,2026-06-13
이촌2동89,1,,서울특별시 용산구이촌2동 171-1,,,2014,,02-2199-7880,서울특별시 용산구청,2026-06-13
이촌2동9,1,,서울특별시 용산구이촌2동 171-1,,,2012,,02-2199-7880,서울특별시 용산구청,2026-06-13
이촌2동90,1,,서울특별시 용산구이촌2동 171-1,,,2013,,02-2199-7880,서울특별시 용산구청,2026-06-13
이촌2동91,1,,서울특별시 용산구이촌2동 171-1,,,2012,,02-2199-7880,서울특별시 용산구청,2026-06-13
이촌2동92,1,,서울특별시 용산구이촌2동 171-1,,,2013,,02-2199-7880,서울특별시 용산구청,2026-06-13
이촌2동93,1,,서울특별시 용산구이촌2동 171-1,,,2013,,02-2199-7880,서울특별시 용산구청,2026-06-13
이촌2동94,1,,서울특별시 용산구이촌2동 171-1,,,2013,,02-2199-7880,서울특별시 용산구청,2026-06-13
이촌2동95,1,,서울특별시 용산구이촌2동 397,,,2013,,02-2199-7880,서울특별시 용산구청,2026-06-13
이촌2동96,1,,서울특별시 용산구이촌2동 171-1,,,2013,,02-2199-7880,서울특별시 용산구청,2026-06-13
이촌2동97,1,,서울특별시 용산구이촌2동 395,,,2013,,02-2199-7880,서울특별시 용산구청,2026-06-13
이촌2동98,1,,서울특별시 용산구이촌2동 203-35,,,2014,,02-2199-7880,서울특별시 용산구청,2026-06-13
이촌2동99,1,,서울특별시 용산구이촌2동 203-35,,,2013,,02-2199-7880,서울특별시 용산구청,2026-06-13
이태원1동1,1,,서울특별시 용산구이태원1동 100-3,,,2013,,02-2199-7880,서울특별시 용산구청,2026-06-13
이태원1동10,1,,서울특별시 용산구이태원1동 11-9,,,2012,,02-2199-7880,서울특별시 용산구청,2026-06-13
이태원1동100,1,,서울특별시 용산구이태원1동 137-6,,,2020,,02-2199-7880,서울특별시 용산구청,2026-06-13
이태원1동101,1,,서울특별시 용산구이태원1동 140-1,,,2012,,02-2199-7880,서울특별시 용산구청,2026-06-13
이태원1동102,1,,서울특별시 용산구이태원1동 140-1,,,2012,,02-2199-7880,서울특별시 용산구청,2026-06-13
이태원1동103,1,,서울특별시 용산구이태원1동 265-6,,,2012,,02-2199-7880,서울특별시 용산구청,2026-06-13
이태원1동104,1,,서울특별시 용산구이태원1동 136-3,,,2012,,02-2199-7880,서울특별시 용산구청,2026-06-13
이태원1동105,1,,서울특별시 용산구이태원1동 137-2,,,2012,,02-2199-7880,서울특별시 용산구청,2026-06-13
이태원1동106,1,,서울특별시 용산구이태원1동 136-2,,,2012,,02-2199-7880,서울특별시 용산구청,2026-06-13
이태원1동107,1,,서울특별시 용산구이태원1동 136-5,,,2012,,02-2199-7880,서울특별시 용산구청,2026-06-13
이태원1동108,1,,서울특별시 용산구이태원1동 736-1,,,2012,,02-2199-7880,서울특별시 용산구청,2026-06-13
이태원1동109,1,,서울특별시 용산구이태원1동 137-2,,,2016,,02-2199-7880,서울특별시 용산구청,2026-06-13
이태원1동110,1,,서울특별시 용산구이태원1동 126-6,,,2012,,02-2199-7880,서울특별시 용산구청,2026-06-13
이태원1동111,1,,서울특별시 용산구이태원1동 126-2,,,2018,,02-2199-7880,서울특별시 용산구청,2026-06-13
이태원1동112,1,,서울특별시 용산구이태원1동 136-1,,,2012,,02-2199-7880,서울특별시 용산구청,2026-06-13
이태원1동113,1,,서울특별시 용산구이태원1동 126-9,,,2016,,02-2199-7880,서울특별시 용산구청,2026-06-13
이태원1동114,1,,서울특별시 용산구이태원1동 137-2,,,2012,,02-2199-7880,서울특별시 용산구청,2026-06-13
이태원1동115,1,,서울특별시 용산구이태원1동 127-3,,,2012,,02-2199-7880,서울특별시 용산구청,2026-06-13
이태원1동116,1,,서울특별시 용산구이태원1동 127-2,,,2012,,02-2199-7880,서울특별시 용산구청,2026-06-13
이태원1동117,1,,서울특별시 용산구이태원1동 127-3,,,2012,,02-2199-7880,서울특별시 용산구청,2026-06-13
이태원1동118,1,,서울특별시 용산구이태원1동 127-1,,,2012,,02-2199-7880,서울특별시 용산구청,2026-06-13
이태원1동119,1,,서울특별시 용산구이태원1동 127-1,,,2012,,02-2199-7880,서울특별시 용산구청,2026-06-13
이태원1동12,1,,서울특별시 용산구이태원1동 18-29,,,2012,,02-2199-7880,서울특별시 용산구청,2026-06-13
이태원1동120,1,,서울특별시 용산구이태원1동 131-3,,,2012,,02-2199-7880,서울특별시 용산구청,2026-06-13
이태원1동121,1,,서울특별시 용산구이태원1동 127-1,,,2012,,02-2199-7880,서울특별시 용산구청,2026-06-13
이태원1동122,1,,서울특별시 용산구이태원1동 132-1,,,2016,,02-2199-7880,서울특별시 용산구청,2026-06-13
이태원1동123,1,,서울특별시 용산구이태원1동 137-2,,,2012,,02-2199-7880,서울특별시 용산구청,2026-06-13
이태원1동124,1,,서울특별시 용산구이태원1동 137-2,,,2012,,02-2199-7880,서울특별시 용산구청,2026-06-13
이태원1동125,1,,서울특별시 용산구이태원1동 137-2,,,2012,,02-2199-7880,서울특별시 용산구청,2026-06-13
이태원1동126,1,,서울특별시 용산구이태원1동 131-7,,,2012,,02-2199-7880,서울특별시 용산구청,2026-06-13
이태원1동127,1,,서울특별시 용산구이태원1동 137-2,,,2012,,02-2199-7880,서울특별시 용산구청,2026-06-13
이태원1동128,1,,서울특별시 용산구이태원1동 131-8,,,2012,,02-2199-7880,서울특별시 용산구청,2026-06-13
이태원1동129,1,,서울특별시 용산구이태원1동 137-2,,,2017,,02-2199-7880,서울특별시 용산구청,2026-06-13
이태원1동13,1,,서울특별시 용산구이태원1동 15-18,,,2012,,02-2199-7880,서울특별시 용산구청,2026-06-13
이태원1동130,1,,서울특별시 용산구이태원1동 137-2,,,2012,,02-2199-7880,서울특별시 용산구청,2026-06-13
이태원1동131,1,,서울특별시 용산구이태원1동 132-9,,,2012,,02-2199-7880,서울특별시 용산구청,2026-06-13
이태원1동132,1,,서울특별시 용산구이태원1동 141-5,,,2012,,02-2199-7880,서울특별시 용산구청,2026-06-13
이태원1동133,1,,서울특별시 용산구이태원1동 137-2,,,2012,,02-2199-7880,서울특별시 용산구청,2026-06-13
이태원1동134,1,,서울특별시 용산구이태원1동 137-2,,,2012,,02-2199-7880,서울특별시 용산구청,2026-06-13
이태원1동135,1,,서울특별시 용산구이태원1동 137-2,,,2016,,02-2199-7880,서울특별시 용산구청,2026-06-13
이태원1동136,1,,서울특별시 용산구이태원1동 11-15,,,2012,,02-2199-7880,서울특별시 용산구청,2026-06-13
이태원1동137,1,,서울특별시 용산구이태원1동 131-1,,,2016,,02-2199-7880,서울특별시 용산구청,2026-06-13
이태원1동138,1,,서울특별시 용산구이태원1동 141-1,,,2012,,02-2199-7880,서울특별시 용산구청,2026-06-13
이태원1동139,1,,서울특별시 용산구이태원1동 141-1,,,2012,,02-2199-7880,서울특별시 용산구청,2026-06-13
이태원1동14,1,,서울특별시 용산구이태원1동 20-3,,,2012,,02-2199-7880,서울특별시 용산구청,2026-06-13
이태원1동140,1,,서울특별시 용산구이태원1동 130-3,,,2012,,02-2199-7880,서울특별시 용산구청,2026-06-13
이태원1동141,1,,서울특별시 용산구이태원1동 130-3,,,2012,,02-2199-7880,서울특별시 용산구청,2026-06-13
이태원1동142,1,,서울특별시 용산구이태원1동 130-4,,,2016,,02-2199-7880,서울특별시 용산구청,2026-06-13
이태원1동143,1,,서울특별시 용산구이태원1동 128-9,,,2012,,02-2199-7880,서울특별시 용산구청,2026-06-13
이태원1동144,1,,서울특별시 용산구이태원1동 66-1,,,2024,,02-2199-7880,서울특별시 용산구청,2026-06-13
이태원1동145,1,,서울특별시 용산구이태원1동 72-46,,,2015,,02-2199-7880,서울특별시 용산구청,2026-06-13
이태원1동146,1,,서울특별시 용산구이태원1동 66-9,,,2015,,02-2199-7880,서울특별시 용산구청,2026-06-13
이태원1동147,1,,서울특별시 용산구이태원1동 66-9,,,2012,,02-2199-7880,서울특별시 용산구청,2026-06-13
이태원1동148,1,,서울특별시 용산구이태원1동 64-13,,,2012,,02-2199-7880,서울특별시 용산구청,2026-06-13
이태원1동149,1,,서울특별시 용산구이태원1동 64-11,,,2024,,02-2199-7880,서울특별시 용산구청,2026-06-13
이태원1동15,1,,서울특별시 용산구이태원1동 20-74,,,2012,,02-2199-7880,서울특별시 용산구청,2026-06-13
이태원1동150,1,,서울특별시 용산구이태원1동 64-13,,,2024,,02-2199-7880,서울특별시 용산구청,2026-06-13
이태원1동151,1,,서울특별시 용산구이태원1동 117-2,,,2024,,02-2199-7880,서울특별시 용산구청,2026-06-13
이태원1동152,1,,서울특별시 용산구이태원1동 72-33,,,2024,,02-2199-7880,서울특별시 용산구청,2026-06-13
이태원1동153,1,,서울특별시 용산구이태원1동 118-3,,,2024,,02-2199-7880,서울특별시 용산구청,2026-06-13
이태원1동154,1,,서울특별시 용산구이태원1동 72-47,,,2024,,02-2199-7880,서울특별시 용산구청,2026-06-13
이태원1동155,1,,서울특별시 용산구이태원1동 66-9,,,2020,,02-2199-7880,서울특별시 용산구청,2026-06-13
이태원1동156,1,,서울특별시 용산구이태원1동 66-3,,,2012,,02-2199-7880,서울특별시 용산구청,2026-06-13
이태원1동157,1,,서울특별시 용산구이태원1동 64-17,,,2024,,02-2199-7880,서울특별시 용산구청,2026-06-13
이태원1동158,1,,서울특별시 용산구이태원1동 64-23,,,2024,,02-2199-7880,서울특별시 용산구청,2026-06-13
이태원1동159,1,,서울특별시 용산구이태원1동 64-17,,,2012,,02-2199-7880,서울특별시 용산구청,2026-06-13
이태원1동16,1,,서울특별시 용산구이태원1동 20-26,,,2012,,02-2199-7880,서울특별시 용산구청,2026-06-13
이태원1동160,1,,서울특별시 용산구이태원1동 64-13,,,2024,,02-2199-7880,서울특별시 용산구청,2026-06-13
이태원1동161,1,,서울특별시 용산구이태원1동 63-64,,,2012,,02-2199-7880,서울특별시 용산구청,2026-06-13
이태원1동162,1,,서울특별시 용산구이태원1동 34-73,,,2012,,02-2199-7880,서울특별시 용산구청,2026-06-13
이태원1동163,1,,서울특별시 용산구이태원1동 44-37,,,2012,,02-2199-7880,서울특별시 용산구청,2026-06-13
이태원1동164,1,,서울특별시 용산구이태원1동 34-7,,,2015,,02-2199-7880,서울특별시 용산구청,2026-06-13
이태원1동165,1,,서울특별시 용산구이태원1동 34-7,,,2012,,02-2199-7880,서울특별시 용산구청,2026-06-13
이태원1동166,1,,서울특별시 용산구이태원1동 56-9,,,2012,,02-2199-7880,서울특별시 용산구청,2026-06-13
이태원1동167,1,,서울특별시 용산구이태원1동 34-7,,,2012,,02-2199-7880,서울특별시 용산구청,2026-06-13
이태원1동168,1,,서울특별시 용산구이태원1동 34-7,,,2024,,02-2199-7880,서울특별시 용산구청,2026-06-13
이태원1동169,1,,서울특별시 용산구이태원1동 56-30,,,2024,,02-2199-7880,서울특별시 용산구청,2026-06-13
이태원1동17,1,,서울특별시 용산구이태원1동 19-1,,,2023,,02-2199-7880,서울특별시 용산구청,2026-06-13
이태원1동170,1,,서울특별시 용산구이태원1동 56-29,,,2024,,02-2199-7880,서울특별시 용산구청,2026-06-13
이태원1동171,1,,서울특별시 용산구이태원1동 64-1,,,2023,,02-2199-7880,서울특별시 용산구청,2026-06-13
이태원1동172,1,,서울특별시 용산구이태원1동 64-52,,,2024,,02-2199-7880,서울특별시 용산구청,2026-06-13
이태원1동173,1,,서울특별시 용산구이태원1동 63-60,,,2012,,02-2199-7880,서울특별시 용산구청,2026-06-13
이태원1동174,1,,서울특별시 용산구이태원1동 63-60,,,2024,,02-2199-7880,서울특별시 용산구청,2026-06-13
이태원1동175,1,,서울특별시 용산구이태원1동 63-60,,,2024,,02-2199-7880,서울특별시 용산구청,2026-06-13
이태원1동176,1,,서울특별시 용산구이태원1동 59-3,,,2012,,02-2199-7880,서울특별시 용산구청,2026-06-13
이태원1동177,1,,서울특별시 용산구이태원1동 59-6,,,2012,,02-2199-7880,서울특별시 용산구청,2026-06-13
이태원1동178,1,,서울특별시 용산구이태원1동 58-11,,,2012,,02-2199-7880,서울특별시 용산구청,2026-06-13
이태원1동179,1,,서울특별시 용산구이태원1동 58-5,,,2012,,02-2199-7880,서울특별시 용산구청,2026-06-13
이태원1동18,1,,서울특별시 용산구이태원1동 18-31,,,2012,,02-2199-7880,서울특별시 용산구청,2026-06-13
이태원1동180,1,,서울특별시 용산구이태원1동 58-5,,,2012,,02-2199-7880,서울특별시 용산구청,2026-06-13
이태원1동181,1,,서울특별시 용산구이태원1동 34-6,,,2012,,02-2199-7880,서울특별시 용산구청,2026-06-13
이태원1동182,1,,서울특별시 용산구이태원1동 34-17,,,2024,,02-2199-7880,서울특별시 용산구청,2026-06-13
이태원1동183,1,,서울특별시 용산구이태원1동 34-7,,,2024,,02-2199-7880,서울특별시 용산구청,2026-06-13
이태원1동184,1,,서울특별시 용산구이태원1동 34-13,,,2024,,02-2199-7880,서울특별시 용산구청,2026-06-13
이태원1동185,1,,서울특별시 용산구이태원1동 34-7,,,2024,,02-2199-7880,서울특별시 용산구청,2026-06-13
이태원1동186,1,,서울특별시 용산구이태원1동 34-66,,,2020,,02-2199-7880,서울특별시 용산구청,2026-06-13
이태원1동187,1,,서울특별시 용산구이태원1동 34-66,,,2020,,02-2199-7880,서울특별시 용산구청,2026-06-13
이태원1동188,1,,서울특별시 용산구이태원1동 63-66,,,2020,,02-2199-7880,서울특별시 용산구청,2026-06-13
이태원1동189,1,,서울특별시 용산구이태원1동 44-1,,,2020,,02-2199-7880,서울특별시 용산구청,2026-06-13
이태원1동19,1,,서울특별시 용산구이태원1동 18-32,,,2012,,02-2199-7880,서울특별시 용산구청,2026-06-13
이태원1동190,1,,서울특별시 용산구이태원1동 63-35,,,2020,,02-2199-7880,서울특별시 용산구청,2026-06-13
이태원1동191,1,,서울특별시 용산구이태원1동 34-7,,,2012,,02-2199-7880,서울특별시 용산구청,2026-06-13
이태원1동192,1,,서울특별시 용산구이태원1동 34-7,,,2024,,02-2199-7880,서울특별시 용산구청,2026-06-13
이태원1동193,1,,서울특별시 용산구이태원1동 34-7,,,2024,,02-2199-7880,서울특별시 용산구청,2026-06-13
이태원1동194,1,,서울특별시 용산구이태원1동 34-7,,,2024,,02-2199-7880,서울특별시 용산구청,2026-06-13
이태원1동195,1,,서울특별시 용산구이태원1동 34-29,,,2023,,02-2199-7880,서울특별시 용산구청,2026-06-13
이태원1동196,1,,서울특별시 용산구이태원1동 44-47,,,2024,,02-2199-7880,서울특별시 용산구청,2026-06-13
이태원1동197,1,,서울특별시 용산구이태원1동 44-45,,,2024,,02-2199-7880,서울특별시 용산구청,2026-06-13
이태원1동198,1,,서울특별시 용산구이태원1동 44-2,,,2024,,02-2199-7880,서울특별시 용산구청,2026-06-13
이태원1동199,1,,서울특별시 용산구이태원1동 44-2,,,2024,,02-2199-7880,서울특별시 용산구청,2026-06-13
이태원1동2,1,,서울특별시 용산구이태원1동 100-3,,,2012,,02-2199-7880,서울특별시 용산구청,2026-06-13
이태원1동20,1,,서울특별시 용산구이태원1동 18-42,,,2012,,02-2199-7880,서울특별시 용산구청,2026-06-13
이태원1동200,1,,서울특별시 용산구이태원1동 44-20,,,2024,,02-2199-7880,서울특별시 용산구청,2026-06-13
이태원1동201,1,,서울특별시 용산구이태원1동 44-23,,,2024,,02-2199-7880,서울특별시 용산구청,2026-06-13
이태원1동202,1,,서울특별시 용산구이태원1동 44-91,,,2024,,02-2199-7880,서울특별시 용산구청,2026-06-13
이태원1동203,1,,서울특별시 용산구이태원1동 44-94,,,2024,,02-2199-7880,서울특별시 용산구청,2026-06-13
이태원1동204,1,,서울특별시 용산구이태원1동 44-94,,,2024,,02-2199-7880,서울특별시 용산구청,2026-06-13
이태원1동205,1,,서울특별시 용산구이태원1동 36-21,,,2016,,02-2199-7880,서울특별시 용산구청,2026-06-13
이태원1동206,1,,서울특별시 용산구이태원1동 36-37,,,2024,,02-2199-7880,서울특별시 용산구청,2026-06-13
이태원1동207,1,,서울특별시 용산구이태원1동 44-60,,,2024,,02-2199-7880,서울특별시 용산구청,2026-06-13
이태원1동208,1,,서울특별시 용산구이태원1동 44-78,,,2024,,02-2199-7880,서울특별시 용산구청,2026-06-13
이태원1동209,1,,서울특별시 용산구이태원1동 44-96,,,2024,,02-2199-7880,서울특별시 용산구청,2026-06-13
이태원1동21,1,,서울특별시 용산구이태원1동 18-13,,,2012,,02-2199-7880,서울특별시 용산구청,2026-06-13
이태원1동210,1,,서울특별시 용산구이태원1동 36-3,,,2024,,02-2199-7880,서울특별시 용산구청,2026-06-13
이태원1동211,1,,서울특별시 용산구이태원1동 34-98,,,2024,,02-2199-7880,서울특별시 용산구청,2026-06-13
이태원1동212,1,,서울특별시 용산구이태원1동 44-57,,,2024,,02-2199-7880,서울특별시 용산구청,2026-06-13
이태원1동213,1,,서울특별시 용산구이태원1동 34-12,,,2024,,02-2199-7880,서울특별시 용산구청,2026-06-13
이태원1동214,1,,서울특별시 용산구이태원1동 34-66,,,2024,,02-2199-7880,서울특별시 용산구청,2026-06-13
이태원1동215,1,,서울특별시 용산구이태원1동 63-66,,,2024,,02-2199-7880,서울특별시 용산구청,2026-06-13
이태원1동216,1,,서울특별시 용산구이태원1동 63-25,,,2024,,02-2199-7880,서울특별시 용산구청,2026-06-13
이태원1동217,1,,서울특별시 용산구이태원1동 63-29,,,2024,,02-2199-7880,서울특별시 용산구청,2026-06-13
이태원1동218,1,,서울특별시 용산구이태원1동 63-68,,,2024,,02-2199-7880,서울특별시 용산구청,2026-06-13
이태원1동219,1,,서울특별시 용산구이태원1동 44-1,,,2024,,02-2199-7880,서울특별시 용산구청,2026-06-13
이태원1동22,1,,서울특별시 용산구이태원1동 96-18,,,2012,,02-2199-7880,서울특별시 용산구청,2026-06-13
이태원1동220,1,,서울특별시 용산구이태원1동 34-95,,,2024,,02-2199-7880,서울특별시 용산구청,2026-06-13
이태원1동221,1,,서울특별시 용산구이태원1동 63-22,,,2012,,02-2199-7880,서울특별시 용산구청,2026-06-13
이태원1동222,1,,서울특별시 용산구이태원1동 63-48,,,2024,,02-2199-7880,서울특별시 용산구청,2026-06-13
이태원1동223,1,,서울특별시 용산구이태원1동 63-62,,,2024,,02-2199-7880,서울특별시 용산구청,2026-06-13
이태원1동224,1,,서울특별시 용산구이태원1동 63-65,,,2024,,02-2199-7880,서울특별시 용산구청,2026-06-13
이태원1동225,1,,서울특별시 용산구이태원1동 63-13,,,2024,,02-2199-7880,서울특별시 용산구청,2026-06-13
이태원1동226,1,,서울특별시 용산구이태원1동 63-64,,,2024,,02-2199-7880,서울특별시 용산구청,2026-06-13
이태원1동227,1,,서울특별시 용산구이태원1동 63-12,,,2024,,02-2199-7880,서울특별시 용산구청,2026-06-13
이태원1동228,1,,서울특별시 용산구이태원1동 34-66,,,2024,,02-2199-7880,서울특별시 용산구청,2026-06-13
이태원1동229,1,,서울특별시 용산구이태원1동 63-64,,,2024,,02-2199-7880,서울특별시 용산구청,2026-06-13
이태원1동23,1,,서울특별시 용산구이태원1동 96-13,,,2012,,02-2199-7880,서울특별시 용산구청,2026-06-13
이태원1동230,1,,서울특별시 용산구이태원1동 61-2,,,2024,,02-2199-7880,서울특별시 용산구청,2026-06-13
이태원1동231,1,,서울특별시 용산구이태원1동 63-60,,,2012,,02-2199-7880,서울특별시 용산구청,2026-06-13
이태원1동232,1,,서울특별시 용산구이태원1동 63-3,,,2024,,02-2199-7880,서울특별시 용산구청,2026-06-13
이태원1동233,1,,서울특별시 용산구이태원1동 64-29,,,2024,,02-2199-7880,서울특별시 용산구청,2026-06-13
이태원1동234,1,,서울특별시 용산구이태원1동 63-10,,,2012,,02-2199-7880,서울특별시 용산구청,2026-06-13
이태원1동235,1,,서울특별시 용산구이태원1동 64-58,,,2024,,02-2199-7880,서울특별시 용산구청,2026-06-13
이태원1동236,1,,서울특별시 용산구이태원1동 64-28,,,2024,,02-2199-7880,서울특별시 용산구청,2026-06-13
이태원1동237,1,,서울특별시 용산구이태원1동 64-58,,,2012,,02-2199-7880,서울특별시 용산구청,2026-06-13
이태원1동238,1,,서울특별시 용산구이태원1동 66-8,,,2012,,02-2199-7880,서울특별시 용산구청,2026-06-13
이태원1동239,1,,서울특별시 용산구이태원1동 63-10,,,2024,,02-2199-7880,서울특별시 용산구청,2026-06-13
이태원1동24,1,,서울특별시 용산구이태원1동 100-2,,,2012,,02-2199-7880,서울특별시 용산구청,2026-06-13
이태원1동240,1,,서울특별시 용산구이태원1동 75-10,,,2024,,02-2199-7880,서울특별시 용산구청,2026-06-13
이태원1동241,1,,서울특별시 용산구이태원1동 63-17,,,2024,,02-2199-7880,서울특별시 용산구청,2026-06-13
이태원1동242,1,,서울특별시 용산구이태원1동 63-56,,,2024,,02-2199-7880,서울특별시 용산구청,2026-06-13
이태원1동243,1,,서울특별시 용산구이태원1동 76-6,,,2024,,02-2199-7880,서울특별시 용산구청,2026-06-13
이태원1동244,1,,서울특별시 용산구이태원1동 75-12,,,2024,,02-2199-7880,서울특별시 용산구청,2026-06-13
이태원1동245,1,,서울특별시 용산구이태원1동 66-1,,,2012,,02-2199-7880,서울특별시 용산구청,2026-06-13
이태원1동245,1,,서울특별시 용산구이태원1동 74-20,,,2024,,02-2199-7880,서울특별시 용산구청,2026-06-13
이태원1동246,1,,서울특별시 용산구이태원1동 74-17,,,2024,,02-2199-7880,서울특별시 용산구청,2026-06-13
이태원1동247,1,,서울특별시 용산구이태원1동 74-17,,,2024,,02-2199-7880,서울특별시 용산구청,2026-06-13
이태원1동248,1,,서울특별시 용산구이태원1동 63-19,,,2024,,02-2199-7880,서울특별시 용산구청,2026-06-13
이태원1동249,1,,서울특별시 용산구이태원1동 76-13,,,2012,,02-2199-7880,서울특별시 용산구청,2026-06-13
이태원1동25,1,,서울특별시 용산구이태원1동 100-3,,,2012,,02-2199-7880,서울특별시 용산구청,2026-06-13
이태원1동250,1,,서울특별시 용산구이태원1동 76-13,,,2012,,02-2199-7880,서울특별시 용산구청,2026-06-13
이태원1동251,1,,서울특별시 용산구이태원1동 77-4,,,2024,,02-2199-7880,서울특별시 용산구청,2026-06-13
이태원1동252,1,,서울특별시 용산구이태원1동 77-1,,,2024,,02-2199-7880,서울특별시 용산구청,2026-06-13
이태원1동253,1,,서울특별시 용산구이태원1동 74-35,,,2012,,02-2199-7880,서울특별시 용산구청,2026-06-13
이태원1동254,1,,서울특별시 용산구이태원1동 74-45,,,2012,,02-2199-7880,서울특별시 용산구청,2026-06-13
이태원1동255,1,,서울특별시 용산구이태원1동 77-6,,,2024,,02-2199-7880,서울특별시 용산구청,2026-06-13
이태원1동256,1,,서울특별시 용산구이태원1동 63-62,,,2024,,02-2199-7880,서울특별시 용산구청,2026-06-13
이태원1동257,1,,서울특별시 용산구이태원1동 78-30,,,2024,,02-2199-7880,서울특별시 용산구청,2026-06-13
이태원1동258,1,,서울특별시 용산구이태원1동 63-34,,,2012,,02-2199-7880,서울특별시 용산구청,2026-06-13
이태원1동259,1,,서울특별시 용산구이태원1동 63-50,,,2024,,02-2199-7880,서울특별시 용산구청,2026-06-13
이태원1동26,1,,서울특별시 용산구이태원1동 99-4,,,2023,,02-2199-7880,서울특별시 용산구청,2026-06-13
이태원1동260,1,,서울특별시 용산구이태원1동 78-15,,,2024,,02-2199-7880,서울특별시 용산구청,2026-06-13
이태원1동261,1,,서울특별시 용산구이태원1동 87-1,,,2024,,02-2199-7880,서울특별시 용산구청,2026-06-13
이태원1동262,1,,서울특별시 용산구이태원1동 83-12,,,2024,,02-2199-7880,서울특별시 용산구청,2026-06-13
이태원1동263,1,,서울특별시 용산구이태원1동 79-42,,,2024,,02-2199-7880,서울특별시 용산구청,2026-06-13
이태원1동264,1,,서울특별시 용산구이태원1동 78-14,,,2012,,02-2199-7880,서울특별시 용산구청,2026-06-13
이태원1동265,1,,서울특별시 용산구이태원1동 79-19,,,2012,,02-2199-7880,서울특별시 용산구청,2026-06-13
이태원1동266,1,,서울특별시 용산구이태원1동 83-1,,,2024,,02-2199-7880,서울특별시 용산구청,2026-06-13
이태원1동267,1,,서울특별시 용산구이태원1동 78-19,,,2012,,02-2199-7880,서울특별시 용산구청,2026-06-13
이태원1동268,1,,서울특별시 용산구이태원1동 78-28,,,2013,,02-2199-7880,서울특별시 용산구청,2026-06-13
이태원1동269,1,,서울특별시 용산구이태원1동 79-44,,,2024,,02-2199-7880,서울특별시 용산구청,2026-06-13
이태원1동27,1,,서울특별시 용산구이태원1동 11-13,,,2012,,02-2199-7880,서울특별시 용산구청,2026-06-13
이태원1동270,1,,서울특별시 용산구이태원1동 79-15,,,2024,,02-2199-7880,서울특별시 용산구청,2026-06-13
이태원1동271,1,,서울특별시 용산구이태원1동 79-14,,,2022,,02-2199-7880,서울특별시 용산구청,2026-06-13
이태원1동272,1,,서울특별시 용산구이태원1동 83-1,,,2012,,02-2199-7880,서울특별시 용산구청,2026-06-13
이태원1동273,1,,서울특별시 용산구이태원1동 79-59,,,2024,,02-2199-7880,서울특별시 용산구청,2026-06-13
이태원1동274,1,,서울특별시 용산구이태원1동 79-47,,,2024,,02-2199-7880,서울특별시 용산구청,2026-06-13
이태원1동275,1,,서울특별시 용산구이태원1동 79-47,,,2024,,02-2199-7880,서울특별시 용산구청,2026-06-13
이태원1동276,1,,서울특별시 용산구이태원1동 79-26,,,2024,,02-2199-7880,서울특별시 용산구청,2026-06-13
이태원1동277,1,,서울특별시 용산구이태원1동 79-61,,,2012,,02-2199-7880,서울특별시 용산구청,2026-06-13
이태원1동278,1,,서울특별시 용산구이태원1동 79-15,,,2024,,02-2199-7880,서울특별시 용산구청,2026-06-13
이태원1동279,1,,서울특별시 용산구이태원1동 730,,,2012,,02-2199-7880,서울특별시 용산구청,2026-06-13
이태원1동28,1,,서울특별시 용산구이태원1동 18-4,,,2012,,02-2199-7880,서울특별시 용산구청,2026-06-13
이태원1동280,1,,서울특별시 용산구이태원1동 730,,,2012,,02-2199-7880,서울특별시 용산구청,2026-06-13
이태원1동281,1,,서울특별시 용산구이태원1동 730,,,2024,,02-2199-7880,서울특별시 용산구청,2026-06-13
이태원1동282,1,,서울특별시 용산구이태원1동 74-2,,,2024,,02-2199-7880,서울특별시 용산구청,2026-06-13
이태원1동283,1,,서울특별시 용산구이태원1동 74-12,,,2024,,02-2199-7880,서울특별시 용산구청,2026-06-13
이태원1동284,1,,서울특별시 용산구이태원1동 74-12,,,2024,,02-2199-7880,서울특별시 용산구청,2026-06-13
이태원1동285,1,,서울특별시 용산구이태원1동 75-3,,,2012,,02-2199-7880,서울특별시 용산구청,2026-06-13
이태원1동286,1,,서울특별시 용산구이태원1동 74-17,,,2012,,02-2199-7880,서울특별시 용산구청,2026-06-13
이태원1동287,1,,서울특별시 용산구이태원1동 74-46,,,2012,,02-2199-7880,서울특별시 용산구청,2026-06-13
이태원1동288,1,,서울특별시 용산구이태원1동 72-41,,,2024,,02-2199-7880,서울특별시 용산구청,2026-06-13
이태원1동289,1,,서울특별시 용산구이태원1동 74-17,,,2024,,02-2199-7880,서울특별시 용산구청,2026-06-13
이태원1동29,1,,서울특별시 용산구이태원1동 18-4,,,2012,,02-2199-7880,서울특별시 용산구청,2026-06-13
이태원1동290,1,,서울특별시 용산구이태원1동 72-14,,,2012,,02-2199-7880,서울특별시 용산구청,2026-06-13
이태원1동291,1,,서울특별시 용산구이태원1동 72-15,,,2012,,02-2199-7880,서울특별시 용산구청,2026-06-13
이태원1동292,1,,서울특별시 용산구이태원1동 72-21,,,2022,,02-2199-7880,서울특별시 용산구청,2026-06-13
이태원1동293,1,,서울특별시 용산구이태원1동 72-22,,,2024,,02-2199-7880,서울특별시 용산구청,2026-06-13
이태원1동294,1,,서울특별시 용산구이태원1동 72-22,,,2024,,02-2199-7880,서울특별시 용산구청,2026-06-13
이태원1동295,1,,서울특별시 용산구이태원1동 72-44,,,2024,,02-2199-7880,서울특별시 용산구청,2026-06-13
이태원1동296,1,,서울특별시 용산구이태원1동 73-7,,,2024,,02-2199-7880,서울특별시 용산구청,2026-06-13
이태원1동297,1,,서울특별시 용산구이태원1동 130-3,,,2024,,02-2199-7880,서울특별시 용산구청,2026-06-13
이태원1동298,1,,서울특별시 용산구이태원1동 72-20,,,2024,,02-2199-7880,서울특별시 용산구청,2026-06-13
이태원1동299,1,,서울특별시 용산구이태원1동 130-3,,,2024,,02-2199-7880,서울특별시 용산구청,2026-06-13
이태원1동3,1,,서울특별시 용산구이태원1동 100-3,,,2012,,02-2199-7880,서울특별시 용산구청,2026-06-13
이태원1동30,1,,서울특별시 용산구이태원1동 17-6,,,2012,,02-2199-7880,서울특별시 용산구청,2026-06-13
이태원1동300,1,,서울특별시 용산구이태원1동 130-6,,,2012,,02-2199-7880,서울특별시 용산구청,2026-06-13
이태원1동301,1,,서울특별시 용산구이태원1동 96-11,,,2012,,02-2199-7880,서울특별시 용산구청,2026-06-13
이태원1동302,1,,서울특별시 용산구이태원1동 96-11,,,2024,,02-2199-7880,서울특별시 용산구청,2026-06-13
이태원1동303,1,,서울특별시 용산구이태원1동 96-12,,,2022,,02-2199-7880,서울특별시 용산구청,2026-06-13
이태원1동304,1,,서울특별시 용산구이태원1동 96-12,,,2012,,02-2199-7880,서울특별시 용산구청,2026-06-13
이태원1동305,1,,서울특별시 용산구이태원1동 97-26,,,2024,,02-2199-7880,서울특별시 용산구청,2026-06-13
이태원1동306,1,,서울특별시 용산구이태원1동 97-13,,,2024,,02-2199-7880,서울특별시 용산구청,2026-06-13
이태원1동307,1,,서울특별시 용산구이태원1동 96-11,,,2024,,02-2199-7880,서울특별시 용산구청,2026-06-13
이태원1동308,1,,서울특별시 용산구이태원1동 96-57,,,2024,,02-2199-7880,서울특별시 용산구청,2026-06-13
이태원1동309,1,,서울특별시 용산구이태원1동 96-64,,,2024,,02-2199-7880,서울특별시 용산구청,2026-06-13
이태원1동31,1,,서울특별시 용산구이태원1동 18-4,,,2012,,02-2199-7880,서울특별시 용산구청,2026-06-13
이태원1동310,1,,서울특별시 용산구이태원1동 96-69,,,2012,,02-2199-7880,서울특별시 용산구청,2026-06-13
이태원1동311,1,,서울특별시 용산구이태원1동 130-3,,,2024,,02-2199-7880,서울특별시 용산구청,2026-06-13
이태원1동312,1,,서울특별시 용산구이태원1동 130-3,,,2024,,02-2199-7880,서울특별시 용산구청,2026-06-13
이태원1동313,1,,서울특별시 용산구이태원1동 130-5,,,2024,,02-2199-7880,서울특별시 용산구청,2026-06-13
이태원1동314,1,,서울특별시 용산구이태원1동 130-6,,,2024,,02-2199-7880,서울특별시 용산구청,2026-06-13
이태원1동315,1,,서울특별시 용산구이태원1동 130-6,,,2024,,02-2199-7880,서울특별시 용산구청,2026-06-13
이태원1동316,1,,서울특별시 용산구이태원1동 130-3,,,2024,,02-2199-7880,서울특별시 용산구청,2026-06-13
이태원1동317,1,,서울특별시 용산구이태원1동 130-2,,,2024,,02-2199-7880,서울특별시 용산구청,2026-06-13
이태원1동318,1,,서울특별시 용산구이태원1동 130-3,,,2024,,02-2199-7880,서울특별시 용산구청,2026-06-13
이태원1동319,1,,서울특별시 용산구이태원1동 180-1,,,2024,,02-2199-7880,서울특별시 용산구청,2026-06-13
이태원1동32,1,,서울특별시 용산구이태원1동 18-4,,,2012,,02-2199-7880,서울특별시 용산구청,2026-06-13
이태원1동320,1,,서울특별시 용산구이태원1동 101-2,,,2024,,02-2199-7880,서울특별시 용산구청,2026-06-13
이태원1동321,1,,서울특별시 용산구이태원1동 101-2,,,2024,,02-2199-7880,서울특별시 용산구청,2026-06-13
이태원1동322,1,,서울특별시 용산구이태원1동 101-2,,,2024,,02-2199-7880,서울특별시 용산구청,2026-06-13
이태원1동323,1,,서울특별시 용산구이태원1동 101-1,,,2012,,02-2199-7880,서울특별시 용산구청,2026-06-13
이태원1동324,1,,서울특별시 용산구이태원1동 11-27,,,2012,,02-2199-7880,서울특별시 용산구청,2026-06-13
이태원1동325,1,,서울특별시 용산구이태원1동 99-20,,,2012,,02-2199-7880,서울특별시 용산구청,2026-06-13
이태원1동326,1,,서울특별시 용산구이태원1동 99-17,,,2012,,02-2199-7880,서울특별시 용산구청,2026-06-13
이태원1동327,1,,서울특별시 용산구이태원1동 99-17,,,2012,,02-2199-7880,서울특별시 용산구청,2026-06-13
이태원1동328,1,,서울특별시 용산구이태원1동 99-21,,,2012,,02-2199-7880,서울특별시 용산구청,2026-06-13
이태원1동329,1,,서울특별시 용산구이태원1동 96-32,,,2024,,02-2199-7880,서울특별시 용산구청,2026-06-13
이태원1동33,1,,서울특별시 용산구이태원1동 18-4,,,2012,,02-2199-7880,서울특별시 용산구청,2026-06-13
이태원1동330,1,,서울특별시 용산구이태원1동 96-31,,,2024,,02-2199-7880,서울특별시 용산구청,2026-06-13
이태원1동331,1,,서울특별시 용산구이태원1동 96-43,,,2024,,02-2199-7880,서울특별시 용산구청,2026-06-13
이태원1동332,1,,서울특별시 용산구이태원1동 96-92,,,2016,,02-2199-7880,서울특별시 용산구청,2026-06-13
이태원1동333,1,,서울특별시 용산구이태원1동 96-49,,,2024,,02-2199-7880,서울특별시 용산구청,2026-06-13
이태원1동334,1,,서울특별시 용산구이태원1동 96-49,,,2012,,02-2199-7880,서울특별시 용산구청,2026-06-13
이태원1동335,1,,서울특별시 용산구이태원1동 96-10,,,2024,,02-2199-7880,서울특별시 용산구청,2026-06-13
이태원1동336,1,,서울특별시 용산구이태원1동 96-10,,,2024,,02-2199-7880,서울특별시 용산구청,2026-06-13
이태원1동337,1,,서울특별시 용산구이태원1동 96-10,,,2024,,02-2199-7880,서울특별시 용산구청,2026-06-13
이태원1동338,1,,서울특별시 용산구이태원1동 96-10,,,2024,,02-2199-7880,서울특별시 용산구청,2026-06-13
이태원1동339,1,,서울특별시 용산구이태원1동 96-34,,,2012,,02-2199-7880,서울특별시 용산구청,2026-06-13
이태원1동339,1,,서울특별시 용산구이태원1동 99-9,,,2014,,02-2199-7880,서울특별시 용산구청,2026-06-13
이태원1동34,1,,서울특별시 용산구이태원1동 18-40,,,2012,,02-2199-7880,서울특별시 용산구청,2026-06-13
이태원1동340,1,,서울특별시 용산구이태원1동 96-14,,,2024,,02-2199-7880,서울특별시 용산구청,2026-06-13
이태원1동341,1,,서울특별시 용산구이태원1동 96-73,,,2012,,02-2199-7880,서울특별시 용산구청,2026-06-13
이태원1동342,1,,서울특별시 용산구이태원1동 97-18,,,2024,,02-2199-7880,서울특별시 용산구청,2026-06-13
이태원1동343,1,,서울특별시 용산구이태원1동 97-18,,,2024,,02-2199-7880,서울특별시 용산구청,2026-06-13
이태원1동344,1,,서울특별시 용산구이태원1동 99-8,,,2012,,02-2199-7880,서울특별시 용산구청,2026-06-13
이태원1동345,1,,서울특별시 용산구이태원1동 96-10,,,2012,,02-2199-7880,서울특별시 용산구청,2026-06-13
이태원1동346,1,,서울특별시 용산구이태원1동 101-1,,,2024,,02-2199-7880,서울특별시 용산구청,2026-06-13
이태원1동347,1,,서울특별시 용산구이태원1동 101-2,,,2024,,02-2199-7880,서울특별시 용산구청,2026-06-13
이태원1동348,1,,서울특별시 용산구이태원1동 101-2,,,2024,,02-2199-7880,서울특별시 용산구청,2026-06-13
이태원1동349,1,,서울특별시 용산구이태원1동 96-2,,,2024,,02-2199-7880,서울특별시 용산구청,2026-06-13
이태원1동35,1,,서울특별시 용산구이태원1동 18-4,,,2012,,02-2199-7880,서울특별시 용산구청,2026-06-13
이태원1동350,1,,서울특별시 용산구이태원1동 96-2,,,2024,,02-2199-7880,서울특별시 용산구청,2026-06-13
이태원1동351,1,,서울특별시 용산구이태원1동 96-10,,,2024,,02-2199-7880,서울특별시 용산구청,2026-06-13
이태원1동352,1,,서울특별시 용산구이태원1동 180-1,,,2024,,02-2199-7880,서울특별시 용산구청,2026-06-13
이태원1동353,1,,서울특별시 용산구이태원1동 180-2,,,2024,,02-2199-7880,서울특별시 용산구청,2026-06-13
이태원1동354,1,,서울특별시 용산구이태원1동 130-3,,,2024,,02-2199-7880,서울특별시 용산구청,2026-06-13
이태원1동355,1,,서울특별시 용산구이태원1동 101-9,,,2012,,02-2199-7880,서울특별시 용산구청,2026-06-13
이태원1동356,1,,서울특별시 용산구이태원1동 101-2,,,2012,,02-2199-7880,서울특별시 용산구청,2026-06-13
이태원1동357,1,,서울특별시 용산구이태원1동 79-25,,,2024,,02-2199-7880,서울특별시 용산구청,2026-06-13
이태원1동358,1,,서울특별시 용산구이태원1동 79-15,,,2024,,02-2199-7880,서울특별시 용산구청,2026-06-13
이태원1동359,1,,서울특별시 용산구이태원1동 79-3,,,2012,,02-2199-7880,서울특별시 용산구청,2026-06-13
이태원1동36,1,,서울특별시 용산구이태원1동 18-50,,,2012,,02-2199-7880,서울특별시 용산구청,2026-06-13
이태원1동360,1,,서울특별시 용산구이태원1동 22-35,,,2016,,02-2199-7880,서울특별시 용산구청,2026-06-13
이태원1동361,1,,서울특별시 용산구이태원1동 22-46,,,2012,,02-2199-7880,서울특별시 용산구청,2026-06-13
이태원1동362,1,,서울특별시 용산구이태원1동 22-8,,,2012,,02-2199-7880,서울특별시 용산구청,2026-06-13
이태원1동363,1,,서울특별시 용산구이태원1동 22-44,,,2023,,02-2199-7880,서울특별시 용산구청,2026-06-13
이태원1동364,1,,서울특별시 용산구이태원1동 22-44,,,2012,,02-2199-7880,서울특별시 용산구청,2026-06-13
이태원1동365,1,,서울특별시 용산구이태원1동 22-40,,,2012,,02-2199-7880,서울특별시 용산구청,2026-06-13
이태원1동366,1,,서울특별시 용산구이태원1동 92-25,,,2012,,02-2199-7880,서울특별시 용산구청,2026-06-13
이태원1동367,1,,서울특별시 용산구이태원1동 92-23,,,2012,,02-2199-7880,서울특별시 용산구청,2026-06-13
이태원1동368,1,,서울특별시 용산구이태원1동 92-31,,,2012,,02-2199-7880,서울특별시 용산구청,2026-06-13
이태원1동369,1,,서울특별시 용산구이태원1동 22-44,,,2012,,02-2199-7880,서울특별시 용산구청,2026-06-13
이태원1동37,1,,서울특별시 용산구이태원1동 20-33,,,2012,,02-2199-7880,서울특별시 용산구청,2026-06-13
이태원1동370,1,,서울특별시 용산구이태원1동 22-44,,,2012,,02-2199-7880,서울특별시 용산구청,2026-06-13
이태원1동371,1,,서울특별시 용산구이태원1동 22-19,,,2012,,02-2199-7880,서울특별시 용산구청,2026-06-13
이태원1동372,1,,서울특별시 용산구이태원1동 22-41,,,2022,,02-2199-7880,서울특별시 용산구청,2026-06-13
이태원1동373,1,,서울특별시 용산구이태원1동 123-5,,,2024,,02-2199-7880,서울특별시 용산구청,2026-06-13
이태원1동374,1,,서울특별시 용산구이태원1동 123-3,,,2024,,02-2199-7880,서울특별시 용산구청,2026-06-13
이태원1동375,1,,서울특별시 용산구이태원1동 111-6,,,2012,,02-2199-7880,서울특별시 용산구청,2026-06-13
이태원1동376,1,,서울특별시 용산구이태원1동 124-6,,,2019,,02-2199-7880,서울특별시 용산구청,2026-06-13
이태원1동377,1,,서울특별시 용산구이태원1동 108-3,,,2012,,02-2199-7880,서울특별시 용산구청,2026-06-13
이태원1동378,1,,서울특별시 용산구이태원1동 111-6,,,2012,,02-2199-7880,서울특별시 용산구청,2026-06-13
이태원1동379,1,,서울특별시 용산구이태원1동 111-9,,,2012,,02-2199-7880,서울특별시 용산구청,2026-06-13
이태원1동38,1,,서울특별시 용산구이태원1동 20-85,,,2012,,02-2199-7880,서울특별시 용산구청,2026-06-13
이태원1동380,1,,서울특별시 용산구이태원1동 108-3,,,2012,,02-2199-7880,서울특별시 용산구청,2026-06-13
이태원1동381,1,,서울특별시 용산구이태원1동 111-4,,,2012,,02-2199-7880,서울특별시 용산구청,2026-06-13
이태원1동382,1,,서울특별시 용산구이태원1동 111-5,,,2024,,02-2199-7880,서울특별시 용산구청,2026-06-13
이태원1동383,1,,서울특별시 용산구이태원1동 108-3,,,2012,,02-2199-7880,서울특별시 용산구청,2026-06-13
이태원1동384,1,,서울특별시 용산구이태원1동 108-3,,,2023,,02-2199-7880,서울특별시 용산구청,2026-06-13
이태원1동385,1,,서울특별시 용산구이태원1동 108-3,,,2012,,02-2199-7880,서울특별시 용산구청,2026-06-13
이태원1동386,1,,서울특별시 용산구이태원1동 111-9,,,2012,,02-2199-7880,서울특별시 용산구청,2026-06-13
이태원1동387,1,,서울특별시 용산구이태원1동 108-3,,,2012,,02-2199-7880,서울특별시 용산구청,2026-06-13
이태원1동388,1,,서울특별시 용산구이태원1동 108-3,,,2012,,02-2199-7880,서울특별시 용산구청,2026-06-13
이태원1동389,1,,서울특별시 용산구이태원1동 111-6,,,2012,,02-2199-7880,서울특별시 용산구청,2026-06-13
이태원1동39,1,,서울특별시 용산구이태원1동 20-85,,,2012,,02-2199-7880,서울특별시 용산구청,2026-06-13
이태원1동390,1,,서울특별시 용산구이태원1동 108-3,,,2012,,02-2199-7880,서울특별시 용산구청,2026-06-13
이태원1동391,1,,서울특별시 용산구이태원1동 111-6,,,2024,,02-2199-7880,서울특별시 용산구청,2026-06-13
이태원1동392,1,,서울특별시 용산구이태원1동 108-3,,,2012,,02-2199-7880,서울특별시 용산구청,2026-06-13
이태원1동393,1,,서울특별시 용산구이태원1동 108-5,,,2012,,02-2199-7880,서울특별시 용산구청,2026-06-13
이태원1동394,1,,서울특별시 용산구이태원1동 108-5,,,2012,,02-2199-7880,서울특별시 용산구청,2026-06-13
이태원1동395,1,,서울특별시 용산구이태원1동 108-4,,,2012,,02-2199-7880,서울특별시 용산구청,2026-06-13
이태원1동396,1,,서울특별시 용산구이태원1동 108-1,,,2012,,02-2199-7880,서울특별시 용산구청,2026-06-13
이태원1동397,1,,서울특별시 용산구이태원1동 108-1,,,2012,,02-2199-7880,서울특별시 용산구청,2026-06-13
이태원1동398,1,,서울특별시 용산구이태원1동 108-3,,,2012,,02-2199-7880,서울특별시 용산구청,2026-06-13
이태원1동399,1,,서울특별시 용산구이태원1동 104-8,,,2012,,02-2199-7880,서울특별시 용산구청,2026-06-13
이태원1동4,1,,서울특별시 용산구이태원1동 11-19,,,2012,,02-2199-7880,서울특별시 용산구청,2026-06-13
이태원1동40,1,,서울특별시 용산구이태원1동 20-85,,,2023,,02-2199-7880,서울특별시 용산구청,2026-06-13
이태원1동400,1,,서울특별시 용산구이태원1동 108-3,,,2012,,02-2199-7880,서울특별시 용산구청,2026-06-13
이태원1동401,1,,서울특별시 용산구이태원1동 108-3,,,2012,,02-2199-7880,서울특별시 용산구청,2026-06-13
이태원1동402,1,,서울특별시 용산구이태원1동 108-3,,,2012,,02-2199-7880,서울특별시 용산구청,2026-06-13
이태원1동403,1,,서울특별시 용산구이태원1동 105-2,,,2016,,02-2199-7880,서울특별시 용산구청,2026-06-13
이태원1동404,1,,서울특별시 용산구이태원1동 108-3,,,2024,,02-2199-7880,서울특별시 용산구청,2026-06-13
이태원1동405,1,,서울특별시 용산구이태원1동 108-3,,,2024,,02-2199-7880,서울특별시 용산구청,2026-06-13
이태원1동406,1,,서울특별시 용산구이태원1동 101-1,,,2024,,02-2199-7880,서울특별시 용산구청,2026-06-13
이태원1동407,1,,서울특별시 용산구이태원1동 108-3,,,2012,,02-2199-7880,서울특별시 용산구청,2026-06-13
이태원1동408,1,,서울특별시 용산구이태원1동 101-4,,,2024,,02-2199-7880,서울특별시 용산구청,2026-06-13
이태원1동409,1,,서울특별시 용산구이태원1동 749-8,,,2024,,02-2199-7880,서울특별시 용산구청,2026-06-13
이태원1동410,1,,서울특별시 용산구이태원1동 749-7,,,2024,,02-2199-7880,서울특별시 용산구청,2026-06-13
이태원1동411,1,,서울특별시 용산구이태원1동 749-6,,,2024,,02-2199-7880,서울특별시 용산구청,2026-06-13
이태원1동412,1,,서울특별시 용산구이태원1동 749-5,,,2024,,02-2199-7880,서울특별시 용산구청,2026-06-13
이태원1동413,1,,서울특별시 용산구한남동 733-81,,,2024,,02-2199-7880,서울특별시 용산구청,2026-06-13
이태원1동414,1,,서울특별시 용산구한남동 733-15,,,2024,,02-2199-7880,서울특별시 용산구청,2026-06-13
이태원1동415,1,,서울특별시 용산구이태원1동 733-1,,,2012,,02-2199-7880,서울특별시 용산구청,2026-06-13
이태원1동416,1,,서울특별시 용산구이태원1동 135-5,,,2012,,02-2199-7880,서울특별시 용산구청,2026-06-13
이태원1동417,1,,서울특별시 용산구이태원1동 133-4,,,2012,,02-2199-7880,서울특별시 용산구청,2026-06-13
이태원1동418,1,,서울특별시 용산구이태원1동 135-5,,,2012,,02-2199-7880,서울특별시 용산구청,2026-06-13
이태원1동419,1,,서울특별시 용산구이태원1동 135-5,,,2012,,02-2199-7880,서울특별시 용산구청,2026-06-13
이태원1동42,1,,서울특별시 용산구이태원1동 20-85,,,2012,,02-2199-7880,서울특별시 용산구청,2026-06-13
이태원1동420,1,,서울특별시 용산구이태원1동 135-5,,,2012,,02-2199-7880,서울특별시 용산구청,2026-06-13
이태원1동421,1,,서울특별시 용산구이태원1동 135-2,,,2012,,02-2199-7880,서울특별시 용산구청,2026-06-13
이태원1동422,1,,서울특별시 용산구이태원1동 135-2,,,2024,,02-2199-7880,서울특별시 용산구청,2026-06-13
이태원1동423,1,,서울특별시 용산구이태원1동 135-5,,,2012,,02-2199-7880,서울특별시 용산구청,2026-06-13
이태원1동424,1,,서울특별시 용산구이태원1동 135-5,,,2012,,02-2199-7880,서울특별시 용산구청,2026-06-13
이태원1동425,1,,서울특별시 용산구이태원1동 135-5,,,2024,,02-2199-7880,서울특별시 용산구청,2026-06-13
이태원1동426,1,,서울특별시 용산구이태원1동 135-5,,,2012,,02-2199-7880,서울특별시 용산구청,2026-06-13
이태원1동427,1,,서울특별시 용산구이태원1동 143-3,,,2024,,02-2199-7880,서울특별시 용산구청,2026-06-13
이태원1동428,1,,서울특별시 용산구이태원1동 108-3,,,2012,,02-2199-7880,서울특별시 용산구청,2026-06-13
이태원1동429,1,,서울특별시 용산구이태원1동 108-3,,,2024,,02-2199-7880,서울특별시 용산구청,2026-06-13
이태원1동43,1,,서울특별시 용산구이태원1동 20-95,,,2012,,02-2199-7880,서울특별시 용산구청,2026-06-13
이태원1동430,1,,서울특별시 용산구이태원1동 102-3,,,2015,,02-2199-7880,서울특별시 용산구청,2026-06-13
이태원1동431,1,,서울특별시 용산구이태원1동 101-4,,,2024,,02-2199-7880,서울특별시 용산구청,2026-06-13
이태원1동432,1,,서울특별시 용산구이태원1동 101-4,,,2024,,02-2199-7880,서울특별시 용산구청,2026-06-13
이태원1동433,1,,서울특별시 용산구이태원1동 101-4,,,2024,,02-2199-7880,서울특별시 용산구청,2026-06-13
이태원1동434,1,,서울특별시 용산구이태원1동 133-1,,,2024,,02-2199-7880,서울특별시 용산구청,2026-06-13
이태원1동435,1,,서울특별시 용산구이태원1동 133-1,,,2012,,02-2199-7880,서울특별시 용산구청,2026-06-13
이태원1동436,1,,서울특별시 용산구이태원1동 133-1,,,2024,,02-2199-7880,서울특별시 용산구청,2026-06-13
이태원1동437,1,,서울특별시 용산구이태원1동 133-5,,,2024,,02-2199-7880,서울특별시 용산구청,2026-06-13
이태원1동438,1,,서울특별시 용산구이태원1동 133-1,,,2024,,02-2199-7880,서울특별시 용산구청,2026-06-13
이태원1동439,1,,서울특별시 용산구이태원1동 133-1,,,2024,,02-2199-7880,서울특별시 용산구청,2026-06-13
이태원1동44,1,,서울특별시 용산구이태원1동 20-3,,,2012,,02-2199-7880,서울특별시 용산구청,2026-06-13
이태원1동440,1,,서울특별시 용산구이태원1동 135-1,,,2024,,02-2199-7880,서울특별시 용산구청,2026-06-13
이태원1동441,1,,서울특별시 용산구이태원1동 108-3,,,2024,,02-2199-7880,서울특별시 용산구청,2026-06-13
이태원1동442,1,,서울특별시 용산구이태원1동 104-4,,,2012,,02-2199-7880,서울특별시 용산구청,2026-06-13
이태원1동443,1,,서울특별시 용산구이태원1동 102-2,,,2024,,02-2199-7880,서울특별시 용산구청,2026-06-13
이태원1동444,1,,서울특별시 용산구이태원1동 108-3,,,2012,,02-2199-7880,서울특별시 용산구청,2026-06-13
이태원1동445,1,,서울특별시 용산구이태원1동 102-1,,,2024,,02-2199-7880,서울특별시 용산구청,2026-06-13
이태원1동446,1,,서울특별시 용산구이태원1동 108-3,,,2012,,02-2199-7880,서울특별시 용산구청,2026-06-13
이태원1동447,1,,서울특별시 용산구이태원1동 108-3,,,2012,,02-2199-7880,서울특별시 용산구청,2026-06-13
이태원1동448,1,,서울특별시 용산구이태원1동 108-3,,,2012,,02-2199-7880,서울특별시 용산구청,2026-06-13
이태원1동449,1,,서울특별시 용산구이태원1동 108-4,,,2012,,02-2199-7880,서울특별시 용산구청,2026-06-13
이태원1동45,1,,서울특별시 용산구이태원1동 20-3,,,2012,,02-2199-7880,서울특별시 용산구청,2026-06-13
이태원1동450,1,,서울특별시 용산구이태원1동 106-4,,,2024,,02-2199-7880,서울특별시 용산구청,2026-06-13
이태원1동451,1,,서울특별시 용산구이태원1동 108-3,,,2024,,02-2199-7880,서울특별시 용산구청,2026-06-13
이태원1동452,1,,서울특별시 용산구이태원1동 108-3,,,2024,,02-2199-7880,서울특별시 용산구청,2026-06-13
이태원1동453,1,,서울특별시 용산구이태원1동 743-2,,,2023,,02-2199-7880,서울특별시 용산구청,2026-06-13
이태원1동454,1,,서울특별시 용산구이태원1동 108-3,,,2024,,02-2199-7880,서울특별시 용산구청,2026-06-13
이태원1동455,1,,서울특별시 용산구이태원1동 106-2,,,2024,,02-2199-7880,서울특별시 용산구청,2026-06-13
이태원1동456,1,,서울특별시 용산구이태원1동 142-1,,,2024,,02-2199-7880,서울특별시 용산구청,2026-06-13
이태원1동457,1,,서울특별시 용산구이태원1동 108-3,,,2024,,02-2199-7880,서울특별시 용산구청,2026-06-13
이태원1동458,1,,서울특별시 용산구이태원1동 102-6,,,2024,,02-2199-7880,서울특별시 용산구청,2026-06-13
이태원1동459,1,,서울특별시 용산구이태원1동 108-3,,,2024,,02-2199-7880,서울특별시 용산구청,2026-06-13
이태원1동46,1,,서울특별시 용산구이태원1동 20-50,,,2012,,02-2199-7880,서울특별시 용산구청,2026-06-13
이태원1동460,1,,서울특별시 용산구이태원1동 108-3,,,2024,,02-2199-7880,서울특별시 용산구청,2026-06-13
이태원1동461,1,,서울특별시 용산구이태원1동 153-1,,,2012,,02-2199-7880,서울특별시 용산구청,2026-06-13
이태원1동462,1,,서울특별시 용산구이태원1동 154-2,,,2012,,02-2199-7880,서울특별시 용산구청,2026-06-13
이태원1동463,1,,서울특별시 용산구이태원1동 155-6,,,2024,,02-2199-7880,서울특별시 용산구청,2026-06-13
이태원1동464,1,,서울특별시 용산구이태원1동 152-6,,,2024,,02-2199-7880,서울특별시 용산구청,2026-06-13
이태원1동465,1,,서울특별시 용산구이태원1동 150-8,,,2024,,02-2199-7880,서울특별시 용산구청,2026-06-13
이태원1동466,1,,서울특별시 용산구이태원1동 150-8,,,2024,,02-2199-7880,서울특별시 용산구청,2026-06-13
이태원1동467,1,,서울특별시 용산구이태원1동 149-1,,,2024,,02-2199-7880,서울특별시 용산구청,2026-06-13
이태원1동468,1,,서울특별시 용산구이태원1동 142-5,,,2024,,02-2199-7880,서울특별시 용산구청,2026-06-13
이태원1동469,1,,서울특별시 용산구이태원1동 142-5,,,2024,,02-2199-7880,서울특별시 용산구청,2026-06-13
이태원1동47,1,,서울특별시 용산구이태원1동 265-4,,,2012,,02-2199-7880,서울특별시 용산구청,2026-06-13
이태원1동470,1,,서울특별시 용산구이태원1동 150-8,,,2024,,02-2199-7880,서울특별시 용산구청,2026-06-13
이태원1동471,1,,서울특별시 용산구이태원1동 122-2,,,2024,,02-2199-7880,서울특별시 용산구청,2026-06-13
이태원1동472,1,,서울특별시 용산구이태원1동 151-2,,,2012,,02-2199-7880,서울특별시 용산구청,2026-06-13
이태원1동473,1,,서울특별시 용산구이태원1동 120-2,,,2024,,02-2199-7880,서울특별시 용산구청,2026-06-13
이태원1동474,1,,서울특별시 용산구이태원1동 155-2,,,2012,,02-2199-7880,서울특별시 용산구청,2026-06-13
이태원1동475,1,,서울특별시 용산구이태원1동 155-7,,,2024,,02-2199-7880,서울특별시 용산구청,2026-06-13
이태원1동476,1,,서울특별시 용산구이태원1동 165-1,,,2024,,02-2199-7880,서울특별시 용산구청,2026-06-13
이태원1동477,1,,서울특별시 용산구이태원1동 155-1,,,2024,,02-2199-7880,서울특별시 용산구청,2026-06-13
이태원1동478,1,,서울특별시 용산구이태원1동 155-1,,,2024,,02-2199-7880,서울특별시 용산구청,2026-06-13
이태원1동479,1,,서울특별시 용산구이태원1동 155-1,,,2024,,02-2199-7880,서울특별시 용산구청,2026-06-13
이태원1동48,1,,서울특별시 용산구이태원1동 20-56,,,2012,,02-2199-7880,서울특별시 용산구청,2026-06-13
이태원1동480,1,,서울특별시 용산구이태원1동 155-1,,,2024,,02-2199-7880,서울특별시 용산구청,2026-06-13
이태원1동481,1,,서울특별시 용산구이태원1동 191-1,,,2012,,02-2199-7880,서울특별시 용산구청,2026-06-13
이태원1동482,1,,서울특별시 용산구이태원1동 191-1,,,2012,,02-2199-7880,서울특별시 용산구청,2026-06-13
이태원1동483,1,,서울특별시 용산구이태원1동 190-7,,,2012,,02-2199-7880,서울특별시 용산구청,2026-06-13
이태원1동484,1,,서울특별시 용산구이태원1동 190-1,,,2024,,02-2199-7880,서울특별시 용산구청,2026-06-13
이태원1동485,1,,서울특별시 용산구이태원1동 191-3,,,2012,,02-2199-7880,서울특별시 용산구청,2026-06-13
이태원1동486,1,,서울특별시 용산구이태원1동 181-3,,,2012,,02-2199-7880,서울특별시 용산구청,2026-06-13
이태원1동487,1,,서울특별시 용산구이태원1동 180-3,,,2012,,02-2199-7880,서울특별시 용산구청,2026-06-13
이태원1동488,1,,서울특별시 용산구이태원1동 180-2,,,2012,,02-2199-7880,서울특별시 용산구청,2026-06-13
이태원1동489,1,,서울특별시 용산구이태원1동 455-5,,,2012,,02-2199-7880,서울특별시 용산구청,2026-06-13
이태원1동49,1,,서울특별시 용산구이태원1동 20-65,,,2012,,02-2199-7880,서울특별시 용산구청,2026-06-13
이태원1동490,1,,서울특별시 용산구이태원1동 455-5,,,2012,,02-2199-7880,서울특별시 용산구청,2026-06-13
이태원1동491,1,,서울특별시 용산구이태원1동 455-5,,,2012,,02-2199-7880,서울특별시 용산구청,2026-06-13
이태원1동492,1,,서울특별시 용산구이태원1동 455-2,,,2024,,02-2199-7880,서울특별시 용산구청,2026-06-13
이태원1동493,1,,서울특별시 용산구이태원1동 455-1,,,2024,,02-2199-7880,서울특별시 용산구청,2026-06-13
이태원1동494,1,,서울특별시 용산구이태원1동 455-1,,,2024,,02-2199-7880,서울특별시 용산구청,2026-06-13
이태원1동495,1,,서울특별시 용산구이태원1동 457-3,,,2012,,02-2199-7880,서울특별시 용산구청,2026-06-13
이태원1동496,1,,서울특별시 용산구이태원1동 449-5,,,2018,,02-2199-7880,서울특별시 용산구청,2026-06-13
이태원1동497,1,,서울특별시 용산구이태원1동 457-6,,,2012,,02-2199-7880,서울특별시 용산구청,2026-06-13
이태원1동498,1,,서울특별시 용산구이태원1동 455-3,,,2018,,02-2199-7880,서울특별시 용산구청,2026-06-13
이태원1동499,1,,서울특별시 용산구이태원1동 457-1,,,2012,,02-2199-7880,서울특별시 용산구청,2026-06-13
이태원1동5,1,,서울특별시 용산구이태원1동 11-23,,,2016,,02-2199-7880,서울특별시 용산구청,2026-06-13
이태원1동50,1,,서울특별시 용산구이태원1동 15-11,,,2012,,02-2199-7880,서울특별시 용산구청,2026-06-13
이태원1동500,1,,서울특별시 용산구이태원1동 34-1,,,2016,,02-2199-7880,서울특별시 용산구청,2026-06-13
이태원1동501,1,,서울특별시 용산구이태원1동 456-2,,,2024,,02-2199-7880,서울특별시 용산구청,2026-06-13
이태원1동502,1,,서울특별시 용산구이태원1동 455-6,,,2024,,02-2199-7880,서울특별시 용산구청,2026-06-13
이태원1동503,1,,서울특별시 용산구이태원1동 455-1,,,2024,,02-2199-7880,서울특별시 용산구청,2026-06-13
이태원1동504,1,,서울특별시 용산구이태원1동 453-8,,,2024,,02-2199-7880,서울특별시 용산구청,2026-06-13
이태원1동505,1,,서울특별시 용산구이태원1동 453-2,,,2024,,02-2199-7880,서울특별시 용산구청,2026-06-13
이태원1동506,1,,서울특별시 용산구이태원1동 453-5,,,2024,,02-2199-7880,서울특별시 용산구청,2026-06-13
이태원1동507,1,,서울특별시 용산구이태원1동 181-6,,,2024,,02-2199-7880,서울특별시 용산구청,2026-06-13
이태원1동508,1,,서울특별시 용산구이태원1동 181-3,,,2024,,02-2199-7880,서울특별시 용산구청,2026-06-13
이태원1동509,1,,서울특별시 용산구이태원1동 190-9,,,2024,,02-2199-7880,서울특별시 용산구청,2026-06-13
이태원1동51,1,,서울특별시 용산구이태원1동 15-11,,,2012,,02-2199-7880,서울특별시 용산구청,2026-06-13
이태원1동510,1,,서울특별시 용산구이태원1동 166-1,,,2024,,02-2199-7880,서울특별시 용산구청,2026-06-13
이태원1동511,1,,서울특별시 용산구이태원1동 171-2,,,2024,,02-2199-7880,서울특별시 용산구청,2026-06-13
이태원1동512,1,,서울특별시 용산구이태원1동 166-8,,,2024,,02-2199-7880,서울특별시 용산구청,2026-06-13
이태원1동513,1,,서울특별시 용산구이태원1동 166-8,,,2024,,02-2199-7880,서울특별시 용산구청,2026-06-13
이태원1동514,1,,서울특별시 용산구이태원1동 166-2,,,2024,,02-2199-7880,서울특별시 용산구청,2026-06-13
이태원1동515,1,,서울특별시 용산구이태원1동 166-2,,,2024,,02-2199-7880,서울특별시 용산구청,2026-06-13
이태원1동516,1,,서울특별시 용산구이태원1동 166-2,,,2024,,02-2199-7880,서울특별시 용산구청,2026-06-13
이태원1동517,1,,서울특별시 용산구이태원1동 171-2,,,2024,,02-2199-7880,서울특별시 용산구청,2026-06-13
이태원1동518,1,,서울특별시 용산구이태원1동 166-3,,,2024,,02-2199-7880,서울특별시 용산구청,2026-06-13
이태원1동519,1,,서울특별시 용산구이태원1동 171-2,,,2024,,02-2199-7880,서울특별시 용산구청,2026-06-13
이태원1동52,1,,서울특별시 용산구이태원1동 15-10,,,2019,,02-2199-7880,서울특별시 용산구청,2026-06-13
이태원1동520,1,,서울특별시 용산구이태원1동 171-2,,,2024,,02-2199-7880,서울특별시 용산구청,2026-06-13
이태원1동521,1,,서울특별시 용산구이태원1동 181-2,,,2014,,02-2199-7880,서울특별시 용산구청,2026-06-13
이태원1동522,1,,서울특별시 용산구이태원1동 176-2,,,2024,,02-2199-7880,서울특별시 용산구청,2026-06-13
이태원1동523,1,,서울특별시 용산구이태원1동 181-5,,,2024,,02-2199-7880,서울특별시 용산구청,2026-06-13
이태원1동524,1,,서울특별시 용산구이태원1동 181-2,,,2024,,02-2199-7880,서울특별시 용산구청,2026-06-13
이태원1동525,1,,서울특별시 용산구이태원1동 171-3,,,2012,,02-2199-7880,서울특별시 용산구청,2026-06-13
이태원1동526,1,,서울특별시 용산구이태원1동 181-6,,,2024,,02-2199-7880,서울특별시 용산구청,2026-06-13
이태원1동527,1,,서울특별시 용산구이태원1동 181-4,,,2012,,02-2199-7880,서울특별시 용산구청,2026-06-13
이태원1동528,1,,서울특별시 용산구이태원1동 181-3,,,2012,,02-2199-7880,서울특별시 용산구청,2026-06-13
이태원1동529,1,,서울특별시 용산구이태원1동 181-5,,,2024,,02-2199-7880,서울특별시 용산구청,2026-06-13
이태원1동53,1,,서울특별시 용산구이태원1동 265-1,,,2012,,02-2199-7880,서울특별시 용산구청,2026-06-13
이태원1동530,1,,서울특별시 용산구이태원1동 181-3,,,2024,,02-2199-7880,서울특별시 용산구청,2026-06-13
이태원1동531,1,,서울특별시 용산구이태원1동 181-2,,,2024,,02-2199-7880,서울특별시 용산구청,2026-06-13
이태원1동532,1,,서울특별시 용산구이태원1동 453-1,,,2024,,02-2199-7880,서울특별시 용산구청,2026-06-13
이태원1동533,1,,서울특별시 용산구이태원1동 453-2,,,2024,,02-2199-7880,서울특별시 용산구청,2026-06-13
이태원1동534,1,,서울특별시 용산구이태원1동 184-2,,,2024,,02-2199-7880,서울특별시 용산구청,2026-06-13
이태원1동535,1,,서울특별시 용산구이태원1동 184-6,,,2024,,02-2199-7880,서울특별시 용산구청,2026-06-13
이태원1동536,1,,서울특별시 용산구이태원1동 184-1,,,2024,,02-2199-7880,서울특별시 용산구청,2026-06-13
이태원1동537,1,,서울특별시 용산구이태원1동 177-3,,,2024,,02-2199-7880,서울특별시 용산구청,2026-06-13
이태원1동538,1,,서울특별시 용산구이태원1동 57-42,,,2024,,02-2199-7880,서울특별시 용산구청,2026-06-13
이태원1동539,1,,서울특별시 용산구이태원1동 168-9,,,2020,,02-2199-7880,서울특별시 용산구청,2026-06-13
이태원1동54,1,,서울특별시 용산구이태원1동 15-93,,,2012,,02-2199-7880,서울특별시 용산구청,2026-06-13
이태원1동540,1,,서울특별시 용산구이태원1동 166-4,,,2024,,02-2199-7880,서울특별시 용산구청,2026-06-13
이태원1동541,1,,서울특별시 용산구이태원1동 168-3,,,2024,,02-2199-7880,서울특별시 용산구청,2026-06-13
이태원1동542,1,,서울특별시 용산구이태원1동 168-2,,,2024,,02-2199-7880,서울특별시 용산구청,2026-06-13
이태원1동543,1,,서울특별시 용산구이태원1동 166-3,,,2024,,02-2199-7880,서울특별시 용산구청,2026-06-13
이태원1동544,1,,서울특별시 용산구이태원1동 166-3,,,2012,,02-2199-7880,서울특별시 용산구청,2026-06-13
이태원1동545,1,,서울특별시 용산구이태원1동 167,,,2024,,02-2199-7880,서울특별시 용산구청,2026-06-13
이태원1동546,1,,서울특별시 용산구이태원1동 159-1,,,2024,,02-2199-7880,서울특별시 용산구청,2026-06-13
이태원1동547,1,,서울특별시 용산구이태원1동 166-1,,,2024,,02-2199-7880,서울특별시 용산구청,2026-06-13
이태원1동548,1,,서울특별시 용산구이태원1동 118-5,,,2012,,02-2199-7880,서울특별시 용산구청,2026-06-13
이태원1동549,1,,서울특별시 용산구이태원1동 118-5,,,2015,,02-2199-7880,서울특별시 용산구청,2026-06-13
이태원1동55,1,,서울특별시 용산구이태원1동 15-93,,,2012,,02-2199-7880,서울특별시 용산구청,2026-06-13
이태원1동550,1,,서울특별시 용산구이태원1동 164-7,,,2024,,02-2199-7880,서울특별시 용산구청,2026-06-13
이태원1동551,1,,서울특별시 용산구이태원1동 118-9,,,2012,,02-2199-7880,서울특별시 용산구청,2026-06-13
이태원1동552,1,,서울특별시 용산구이태원1동 164-9,,,2012,,02-2199-7880,서울특별시 용산구청,2026-06-13
이태원1동553,1,,서울특별시 용산구이태원1동 164-1,,,2024,,02-2199-7880,서울특별시 용산구청,2026-06-13
이태원1동554,1,,서울특별시 용산구이태원1동 159-1,,,2024,,02-2199-7880,서울특별시 용산구청,2026-06-13
이태원1동555,1,,서울특별시 용산구이태원1동 120-5,,,2012,,02-2199-7880,서울특별시 용산구청,2026-06-13
이태원1동556,1,,서울특별시 용산구이태원1동 119-3,,,2012,,02-2199-7880,서울특별시 용산구청,2026-06-13
이태원1동557,1,,서울특별시 용산구이태원1동 122-1,,,2024,,02-2199-7880,서울특별시 용산구청,2026-06-13
이태원1동558,1,,서울특별시 용산구이태원1동 120-2,,,2015,,02-2199-7880,서울특별시 용산구청,2026-06-13
이태원1동559,1,,서울특별시 용산구이태원1동 120-2,,,2024,,02-2199-7880,서울특별시 용산구청,2026-06-13
이태원1동56,1,,서울특별시 용산구이태원1동 15-79,,,2012,,02-2199-7880,서울특별시 용산구청,2026-06-13
이태원1동560,1,,서울특별시 용산구이태원1동 116-1,,,2012,,02-2199-7880,서울특별시 용산구청,2026-06-13
이태원1동561,1,,서울특별시 용산구이태원1동 116-1,,,2012,,02-2199-7880,서울특별시 용산구청,2026-06-13
이태원1동562,1,,서울특별시 용산구이태원1동 103-8,,,2024,,02-2199-7880,서울특별시 용산구청,2026-06-13
이태원1동563,1,,서울특별시 용산구이태원1동 112-1,,,2012,,02-2199-7880,서울특별시 용산구청,2026-06-13
이태원1동564,1,,서울특별시 용산구이태원1동 108-3,,,2012,,02-2199-7880,서울특별시 용산구청,2026-06-13
이태원1동565,1,,서울특별시 용산구이태원1동 108-3,,,2024,,02-2199-7880,서울특별시 용산구청,2026-06-13
이태원1동566,1,,서울특별시 용산구이태원1동 108-3,,,2024,,02-2199-7880,서울특별시 용산구청,2026-06-13
이태원1동567,1,,서울특별시 용산구이태원1동 108-3,,,2012,,02-2199-7880,서울특별시 용산구청,2026-06-13
이태원1동568,1,,서울특별시 용산구이태원1동 108-3,,,2012,,02-2199-7880,서울특별시 용산구청,2026-06-13
이태원1동569,1,,서울특별시 용산구이태원1동 118-1,,,2012,,02-2199-7880,서울특별시 용산구청,2026-06-13
이태원1동57,1,,서울특별시 용산구이태원1동 15-61,,,2012,,02-2199-7880,서울특별시 용산구청,2026-06-13
이태원1동570,1,,서울특별시 용산구이태원1동 118-1,,,2024,,02-2199-7880,서울특별시 용산구청,2026-06-13
이태원1동571,1,,서울특별시 용산구이태원1동 118-1,,,2024,,02-2199-7880,서울특별시 용산구청,2026-06-13
이태원1동572,1,,서울특별시 용산구이태원1동 118-1,,,2024,,02-2199-7880,서울특별시 용산구청,2026-06-13
이태원1동573,1,,서울특별시 용산구이태원1동 118-8,,,2012,,02-2199-7880,서울특별시 용산구청,2026-06-13
이태원1동574,1,,서울특별시 용산구이태원1동 118-2,,,2012,,02-2199-7880,서울특별시 용산구청,2026-06-13
이태원1동575,1,,서울특별시 용산구이태원1동 118-9,,,2012,,02-2199-7880,서울특별시 용산구청,2026-06-13
이태원1동576,1,,서울특별시 용산구이태원1동 118-1,,,2012,,02-2199-7880,서울특별시 용산구청,2026-06-13
이태원1동577,1,,서울특별시 용산구이태원1동 118-1,,,2012,,02-2199-7880,서울특별시 용산구청,2026-06-13
이태원1동578,1,,서울특별시 용산구이태원1동 118-6,,,2012,,02-2199-7880,서울특별시 용산구청,2026-06-13
이태원1동579,1,,서울특별시 용산구이태원1동 168-7,,,2012,,02-2199-7880,서울특별시 용산구청,2026-06-13
이태원1동58,1,,서울특별시 용산구이태원1동 15-55,,,2012,,02-2199-7880,서울특별시 용산구청,2026-06-13
이태원1동580,1,,서울특별시 용산구이태원1동 118-4,,,2012,,02-2199-7880,서울특별시 용산구청,2026-06-13
이태원1동581,1,,서울특별시 용산구이태원1동 118-7,,,2024,,02-2199-7880,서울특별시 용산구청,2026-06-13
이태원1동582,1,,서울특별시 용산구이태원1동 119-3,,,2012,,02-2199-7880,서울특별시 용산구청,2026-06-13
이태원1동583,1,,서울특별시 용산구이태원1동 119-1,,,2012,,02-2199-7880,서울특별시 용산구청,2026-06-13
이태원1동584,1,,서울특별시 용산구이태원1동 119-1,,,2012,,02-2199-7880,서울특별시 용산구청,2026-06-13
이태원1동585,1,,서울특별시 용산구이태원1동 116-3,,,2012,,02-2199-7880,서울특별시 용산구청,2026-06-13
이태원1동586,1,,서울특별시 용산구이태원1동 108-3,,,2012,,02-2199-7880,서울특별시 용산구청,2026-06-13
이태원1동587,1,,서울특별시 용산구이태원1동 119-7,,,2012,,02-2199-7880,서울특별시 용산구청,2026-06-13
이태원1동588,1,,서울특별시 용산구이태원1동 119-4,,,2012,,02-2199-7880,서울특별시 용산구청,2026-06-13
이태원1동59,1,,서울특별시 용산구이태원1동 15-64,,,2012,,02-2199-7880,서울특별시 용산구청,2026-06-13
이태원1동6,1,,서울특별시 용산구이태원1동 11-23,,,2012,,02-2199-7880,서울특별시 용산구청,2026-06-13
이태원1동60,1,,서울특별시 용산구이태원1동 15-93,,,2012,,02-2199-7880,서울특별시 용산구청,2026-06-13
이태원1동61,1,,서울특별시 용산구이태원1동 763-3,,,2012,,02-2199-7880,서울특별시 용산구청,2026-06-13
이태원1동612,1,,서울특별시 용산구이태원1동 137-6,,,2020,,02-2199-7880,서울특별시 용산구청,2026-06-13
이태원1동62,1,,서울특별시 용산구이태원1동 15-93,,,2012,,02-2199-7880,서울특별시 용산구청,2026-06-13
이태원1동63,1,,서울특별시 용산구이태원1동 15-71,,,2012,,02-2199-7880,서울특별시 용산구청,2026-06-13
이태원1동631,1,,서울특별시 용산구이태원1동 63-22,,,2024,,02-2199-7880,서울특별시 용산구청,2026-06-13
이태원1동634,1,,서울특별시 용산구이태원1동 127-1,,,2024,,02-2199-7880,서울특별시 용산구청,2026-06-13
이태원1동64,1,,서울특별시 용산구이태원1동 20-79,,,2012,,02-2199-7880,서울특별시 용산구청,2026-06-13
이태원1동64,1,,서울특별시 용산구이태원1동 15-73,,,2012,,02-2199-7880,서울특별시 용산구청,2026-06-13
이태원1동640,1,,서울특별시 용산구이태원1동 78-26,,,2024,,02-2199-7880,서울특별시 용산구청,2026-06-13
이태원1동643,1,,서울특별시 용산구이태원1동 118-5,,,2024,,02-2199-7880,서울특별시 용산구청,2026-06-13
이태원1동644,1,,서울특별시 용산구이태원1동 120-5,,,2024,,02-2199-7880,서울특별시 용산구청,2026-06-13
이태원1동645,1,,서울특별시 용산구이태원1동 112-8,,,2024,,02-2199-7880,서울특별시 용산구청,2026-06-13
이태원1동646,1,,서울특별시 용산구이태원1동 112-1,,,2024,,02-2199-7880,서울특별시 용산구청,2026-06-13
이태원1동647,1,,서울특별시 용산구이태원1동 112-1,,,2024,,02-2199-7880,서울특별시 용산구청,2026-06-13
이태원1동648,1,,서울특별시 용산구이태원1동 112-3,,,2024,,02-2199-7880,서울특별시 용산구청,2026-06-13
이태원1동65,1,,서울특별시 용산구이태원1동 15-93,,,2012,,02-2199-7880,서울특별시 용산구청,2026-06-13
이태원1동650,1,,서울특별시 용산구이태원1동 743-2,,,2024,,02-2199-7880,서울특별시 용산구청,2026-06-13
이태원1동651,1,,서울특별시 용산구이태원1동 135-5,,,2024,,02-2199-7880,서울특별시 용산구청,2026-06-13
이태원1동652,1,,서울특별시 용산구이태원1동 135-9,,,2024,,02-2199-7880,서울특별시 용산구청,2026-06-13
이태원1동653,1,,서울특별시 용산구이태원1동 135-3,,,2024,,02-2199-7880,서울특별시 용산구청,2026-06-13
이태원1동654,1,,서울특별시 용산구이태원1동 135-1,,,2024,,02-2199-7880,서울특별시 용산구청,2026-06-13
이태원1동655,1,,서울특별시 용산구이태원1동 135-1,,,2024,,02-2199-7880,서울특별시 용산구청,2026-06-13
이태원1동658,1,,서울특별시 용산구이태원1동 79-47,,,2024,,02-2199-7880,서울특별시 용산구청,2026-06-13
이태원1동659,1,,서울특별시 용산구이태원1동 130-3,,,2024,,02-2199-7880,서울특별시 용산구청,2026-06-13
이태원1동66,1,,서울특별시 용산구이태원1동 15-8,,,2012,,02-2199-7880,서울특별시 용산구청,2026-06-13
이태원1동661,1,,서울특별시 용산구이태원1동 116-2,,,2025,,02-2199-7880,서울특별시 용산구청,2026-06-13
이태원1동662,1,,서울특별시 용산구이태원1동 116-2,,,2025,,02-2199-7880,서울특별시 용산구청,2026-06-13
이태원1동663,1,,서울특별시 용산구이태원1동 119-1,,,2025,,02-2199-7880,서울특별시 용산구청,2026-06-13
이태원1동67,1,,서울특별시 용산구이태원1동 15-5,,,2012,,02-2199-7880,서울특별시 용산구청,2026-06-13
이태원1동68,1,,서울특별시 용산구이태원1동 15-7,,,2012,,02-2199-7880,서울특별시 용산구청,2026-06-13
이태원1동69,1,,서울특별시 용산구이태원1동 140-1,,,2012,,02-2199-7880,서울특별시 용산구청,2026-06-13
이태원1동7,1,,서울특별시 용산구이태원1동 11-36,,,2012,,02-2199-7880,서울특별시 용산구청,2026-06-13
이태원1동70,1,,서울특별시 용산구이태원1동 140-2,,,2023,,02-2199-7880,서울특별시 용산구청,2026-06-13
이태원1동71,1,,서울특별시 용산구이태원1동 137-2,,,2012,,02-2199-7880,서울특별시 용산구청,2026-06-13
이태원1동72,1,,서울특별시 용산구이태원1동 137-6,,,2012,,02-2199-7880,서울특별시 용산구청,2026-06-13
이태원1동73,1,,서울특별시 용산구이태원1동 137-2,,,2012,,02-2199-7880,서울특별시 용산구청,2026-06-13
이태원1동74,1,,서울특별시 용산구이태원1동 136-3,,,2012,,02-2199-7880,서울특별시 용산구청,2026-06-13
이태원1동75,1,,서울특별시 용산구이태원1동 137-2,,,2012,,02-2199-7880,서울특별시 용산구청,2026-06-13
이태원1동76,1,,서울특별시 용산구이태원1동 137-2,,,2012,,02-2199-7880,서울특별시 용산구청,2026-06-13
이태원1동77,1,,서울특별시 용산구이태원1동 137-2,,,2012,,02-2199-7880,서울특별시 용산구청,2026-06-13
이태원1동78,1,,서울특별시 용산구이태원1동 137-3,,,2012,,02-2199-7880,서울특별시 용산구청,2026-06-13
이태원1동79,1,,서울특별시 용산구이태원1동 136-1,,,2012,,02-2199-7880,서울특별시 용산구청,2026-06-13
이태원1동8,1,,서울특별시 용산구이태원1동 11-7,,,2012,,02-2199-7880,서울특별시 용산구청,2026-06-13
이태원1동80,1,,서울특별시 용산구이태원1동 136-3,,,2018,,02-2199-7880,서울특별시 용산구청,2026-06-13
이태원1동81,1,,서울특별시 용산구이태원1동 137-6,,,2012,,02-2199-7880,서울특별시 용산구청,2026-06-13
이태원1동82,1,,서울특별시 용산구이태원1동 136-4,,,2012,,02-2199-7880,서울특별시 용산구청,2026-06-13
이태원1동83,1,,서울특별시 용산구이태원1동 137-5,,,2012,,02-2199-7880,서울특별시 용산구청,2026-06-13
이태원1동84,1,,서울특별시 용산구이태원1동 137-2,,,2012,,02-2199-7880,서울특별시 용산구청,2026-06-13
이태원1동85,1,,서울특별시 용산구이태원1동 137-5,,,2020,,02-2199-7880,서울특별시 용산구청,2026-06-13
이태원1동86,1,,서울특별시 용산구이태원1동 137-5,,,2020,,02-2199-7880,서울특별시 용산구청,2026-06-13
이태원1동87,1,,서울특별시 용산구이태원1동 137-2,,,2012,,02-2199-7880,서울특별시 용산구청,2026-06-13
이태원1동88,1,,서울특별시 용산구이태원1동 137-4,,,2012,,02-2199-7880,서울특별시 용산구청,2026-06-13
이태원1동89,1,,서울특별시 용산구이태원1동 137-4,,,2020,,02-2199-7880,서울특별시 용산구청,2026-06-13
이태원1동9,1,,서울특별시 용산구이태원1동 11-15,,,2012,,02-2199-7880,서울특별시 용산구청,2026-06-13
이태원1동90,1,,서울특별시 용산구이태원1동 137-4,,,2020,,02-2199-7880,서울특별시 용산구청,2026-06-13
이태원1동91,1,,서울특별시 용산구이태원1동 137-4,,,2012,,02-2199-7880,서울특별시 용산구청,2026-06-13
이태원1동92,1,,서울특별시 용산구이태원1동 137-1,,,2012,,02-2199-7880,서울특별시 용산구청,2026-06-13
이태원1동92,1,,서울특별시 용산구이태원1동 141-1,,,2012,,02-2199-7880,서울특별시 용산구청,2026-06-13
이태원1동93,1,,서울특별시 용산구이태원1동 137-1,,,2020,,02-2199-7880,서울특별시 용산구청,2026-06-13
이태원1동94,1,,서울특별시 용산구이태원1동 137-1,,,2012,,02-2199-7880,서울특별시 용산구청,2026-06-13
이태원1동96,1,,서울특별시 용산구이태원1동 137-2,,,2020,,02-2199-7880,서울특별시 용산구청,2026-06-13
이태원1동97,1,,서울특별시 용산구이태원1동 137-6,,,2016,,02-2199-7880,서울특별시 용산구청,2026-06-13
이태원1동98,1,,서울특별시 용산구이태원1동 137-6,,,2012,,02-2199-7880,서울특별시 용산구청,2026-06-13
이태원1동99,1,,서울특별시 용산구이태원1동 137-2,,,2012,,02-2199-7880,서울특별시 용산구청,2026-06-13
이태원2동1,1,,서울특별시 용산구이태원2동 261-1,,,2012,,02-2199-7880,서울특별시 용산구청,2026-06-13
이태원2동10,1,,서울특별시 용산구이태원2동 261-9,,,2012,,02-2199-7880,서울특별시 용산구청,2026-06-13
이태원2동100,1,,서울특별시 용산구이태원2동 260-4,,,2012,,02-2199-7880,서울특별시 용산구청,2026-06-13
이태원2동101,1,,서울특별시 용산구이태원2동 260-3,,,2012,,02-2199-7880,서울특별시 용산구청,2026-06-13
이태원2동102,1,,서울특별시 용산구이태원2동 260-4,,,2012,,02-2199-7880,서울특별시 용산구청,2026-06-13
이태원2동103,1,,서울특별시 용산구이태원2동 260-3,,,2012,,02-2199-7880,서울특별시 용산구청,2026-06-13
이태원2동104,1,,서울특별시 용산구이태원2동 260-4,,,2012,,02-2199-7880,서울특별시 용산구청,2026-06-13
이태원2동105,1,,서울특별시 용산구이태원2동 260-3,,,2012,,02-2199-7880,서울특별시 용산구청,2026-06-13
이태원2동106,1,,서울특별시 용산구이태원2동 260-4,,,2012,,02-2199-7880,서울특별시 용산구청,2026-06-13
이태원2동107,1,,서울특별시 용산구이태원2동 255-8,,,2012,,02-2199-7880,서울특별시 용산구청,2026-06-13
이태원2동108,1,,서울특별시 용산구이태원2동 255-8,,,2012,,02-2199-7880,서울특별시 용산구청,2026-06-13
이태원2동109,1,,서울특별시 용산구이태원2동 255-8,,,2012,,02-2199-7880,서울특별시 용산구청,2026-06-13
이태원2동11,1,,서울특별시 용산구이태원2동 261-9,,,2012,,02-2199-7880,서울특별시 용산구청,2026-06-13
이태원2동110,1,,서울특별시 용산구이태원2동 260-1,,,2012,,02-2199-7880,서울특별시 용산구청,2026-06-13
이태원2동111,1,,서울특별시 용산구이태원2동 260-1,,,2023,,02-2199-7880,서울특별시 용산구청,2026-06-13
이태원2동112,1,,서울특별시 용산구이태원2동 255-8,,,2012,,02-2199-7880,서울특별시 용산구청,2026-06-13
이태원2동113,1,,서울특별시 용산구이태원2동 255-8,,,2012,,02-2199-7880,서울특별시 용산구청,2026-06-13
이태원2동114,1,,서울특별시 용산구이태원2동 255-8,,,2016,,02-2199-7880,서울특별시 용산구청,2026-06-13
이태원2동115,1,,서울특별시 용산구이태원2동 260-2,,,2012,,02-2199-7880,서울특별시 용산구청,2026-06-13
이태원2동116,1,,서울특별시 용산구이태원2동 255-8,,,2012,,02-2199-7880,서울특별시 용산구청,2026-06-13
이태원2동117,1,,서울특별시 용산구이태원2동 260-1,,,2012,,02-2199-7880,서울특별시 용산구청,2026-06-13
이태원2동118,1,,서울특별시 용산구이태원2동 260-2,,,2012,,02-2199-7880,서울특별시 용산구청,2026-06-13
이태원2동119,1,,서울특별시 용산구이태원2동 260-2,,,2012,,02-2199-7880,서울특별시 용산구청,2026-06-13
이태원2동12,1,,서울특별시 용산구이태원2동 261-7,,,2012,,02-2199-7880,서울특별시 용산구청,2026-06-13
이태원2동120,1,,서울특별시 용산구이태원2동 255-5,,,2012,,02-2199-7880,서울특별시 용산구청,2026-06-13
이태원2동121,1,,서울특별시 용산구이태원2동 260-4,,,2023,,02-2199-7880,서울특별시 용산구청,2026-06-13
이태원2동122,1,,서울특별시 용산구이태원2동 260-1,,,2012,,02-2199-7880,서울특별시 용산구청,2026-06-13
이태원2동123,1,,서울특별시 용산구이태원2동 260-1,,,2012,,02-2199-7880,서울특별시 용산구청,2026-06-13
이태원2동124,1,,서울특별시 용산구이태원2동 255-5,,,2012,,02-2199-7880,서울특별시 용산구청,2026-06-13
이태원2동125,1,,서울특별시 용산구이태원2동 255-8,,,2012,,02-2199-7880,서울특별시 용산구청,2026-06-13
이태원2동126,1,,서울특별시 용산구이태원2동 261-1,,,2023,,02-2199-7880,서울특별시 용산구청,2026-06-13
이태원2동127,1,,서울특별시 용산구이태원2동 729,,,2012,,02-2199-7880,서울특별시 용산구청,2026-06-13
이태원2동128,1,,서울특별시 용산구이태원2동 261-1,,,2012,,02-2199-7880,서울특별시 용산구청,2026-06-13
이태원2동129,1,,서울특별시 용산구이태원2동 261-1,,,2012,,02-2199-7880,서울특별시 용산구청,2026-06-13
이태원2동13,1,,서울특별시 용산구이태원2동 262-2,,,2012,,02-2199-7880,서울특별시 용산구청,2026-06-13
이태원2동130,1,,서울특별시 용산구이태원2동 261-1,,,2012,,02-2199-7880,서울특별시 용산구청,2026-06-13
이태원2동131,1,,서울특별시 용산구이태원2동 255-6,,,2012,,02-2199-7880,서울특별시 용산구청,2026-06-13
이태원2동132,1,,서울특별시 용산구이태원2동 255-1,,,2012,,02-2199-7880,서울특별시 용산구청,2026-06-13
이태원2동133,1,,서울특별시 용산구이태원2동 255-6,,,2012,,02-2199-7880,서울특별시 용산구청,2026-06-13
이태원2동134,1,,서울특별시 용산구이태원2동 255-1,,,2012,,02-2199-7880,서울특별시 용산구청,2026-06-13
이태원2동135,1,,서울특별시 용산구이태원2동 255-2,,,2013,,02-2199-7880,서울특별시 용산구청,2026-06-13
이태원2동136,1,,서울특별시 용산구이태원2동 255-1,,,2012,,02-2199-7880,서울특별시 용산구청,2026-06-13
이태원2동137,1,,서울특별시 용산구이태원2동 255-1,,,2012,,02-2199-7880,서울특별시 용산구청,2026-06-13
이태원2동138,1,,서울특별시 용산구이태원2동 255-8,,,2012,,02-2199-7880,서울특별시 용산구청,2026-06-13
이태원2동139,1,,서울특별시 용산구이태원2동 255-8,,,2012,,02-2199-7880,서울특별시 용산구청,2026-06-13
이태원2동14,1,,서울특별시 용산구이태원2동 262-2,,,2012,,02-2199-7880,서울특별시 용산구청,2026-06-13
이태원2동140,1,,서울특별시 용산구이태원2동 256-1,,,2012,,02-2199-7880,서울특별시 용산구청,2026-06-13
이태원2동141,1,,서울특별시 용산구이태원2동 260-4,,,2012,,02-2199-7880,서울특별시 용산구청,2026-06-13
이태원2동142,1,,서울특별시 용산구이태원2동 260-1,,,2012,,02-2199-7880,서울특별시 용산구청,2026-06-13
이태원2동143,1,,서울특별시 용산구이태원2동 251-4,,,2012,,02-2199-7880,서울특별시 용산구청,2026-06-13
이태원2동144,1,,서울특별시 용산구이태원2동 251-4,,,2012,,02-2199-7880,서울특별시 용산구청,2026-06-13
이태원2동145,1,,서울특별시 용산구이태원2동 251-4,,,2012,,02-2199-7880,서울특별시 용산구청,2026-06-13
이태원2동146,1,,서울특별시 용산구이태원2동 251-1,,,2014,,02-2199-7880,서울특별시 용산구청,2026-06-13
이태원2동147,1,,서울특별시 용산구이태원2동 251-3,,,2012,,02-2199-7880,서울특별시 용산구청,2026-06-13
이태원2동148,1,,서울특별시 용산구이태원2동 251-5,,,2012,,02-2199-7880,서울특별시 용산구청,2026-06-13
이태원2동149,1,,서울특별시 용산구이태원2동 253-9,,,2014,,02-2199-7880,서울특별시 용산구청,2026-06-13
이태원2동15,1,,서울특별시 용산구이태원2동 262-1,,,2017,,02-2199-7880,서울특별시 용산구청,2026-06-13
이태원2동150,1,,서울특별시 용산구이태원2동 254-4,,,2014,,02-2199-7880,서울특별시 용산구청,2026-06-13
이태원2동151,1,,서울특별시 용산구이태원2동 254-3,,,2012,,02-2199-7880,서울특별시 용산구청,2026-06-13
이태원2동152,1,,서울특별시 용산구이태원2동 254-1,,,2014,,02-2199-7880,서울특별시 용산구청,2026-06-13
이태원2동153,1,,서울특별시 용산구이태원2동 254-4,,,2023,,02-2199-7880,서울특별시 용산구청,2026-06-13
이태원2동154,1,,서울특별시 용산구이태원2동 254-4,,,2012,,02-2199-7880,서울특별시 용산구청,2026-06-13
이태원2동155,1,,서울특별시 용산구이태원2동 255-4,,,2012,,02-2199-7880,서울특별시 용산구청,2026-06-13
이태원2동156,1,,서울특별시 용산구이태원2동 255-4,,,2012,,02-2199-7880,서울특별시 용산구청,2026-06-13
이태원2동157,1,,서울특별시 용산구이태원2동 255-4,,,2012,,02-2199-7880,서울특별시 용산구청,2026-06-13
이태원2동158,1,,서울특별시 용산구이태원2동 254-3,,,2023,,02-2199-7880,서울특별시 용산구청,2026-06-13
이태원2동159,1,,서울특별시 용산구이태원2동 254-3,,,2016,,02-2199-7880,서울특별시 용산구청,2026-06-13
이태원2동16,1,,서울특별시 용산구이태원2동 262-1,,,2023,,02-2199-7880,서울특별시 용산구청,2026-06-13
이태원2동160,1,,서울특별시 용산구이태원2동 255-6,,,2012,,02-2199-7880,서울특별시 용산구청,2026-06-13
이태원2동161,1,,서울특별시 용산구이태원2동 255-6,,,2012,,02-2199-7880,서울특별시 용산구청,2026-06-13
이태원2동162,1,,서울특별시 용산구이태원2동 261-1,,,2012,,02-2199-7880,서울특별시 용산구청,2026-06-13
이태원2동163,1,,서울특별시 용산구이태원2동 261-1,,,2012,,02-2199-7880,서울특별시 용산구청,2026-06-13
이태원2동164,1,,서울특별시 용산구이태원2동 256-1,,,2012,,02-2199-7880,서울특별시 용산구청,2026-06-13
이태원2동165,1,,서울특별시 용산구이태원2동 251-1,,,2014,,02-2199-7880,서울특별시 용산구청,2026-06-13
이태원2동166,1,,서울특별시 용산구이태원2동 251-1,,,2012,,02-2199-7880,서울특별시 용산구청,2026-06-13
이태원2동167,1,,서울특별시 용산구이태원2동 251-8,,,2012,,02-2199-7880,서울특별시 용산구청,2026-06-13
이태원2동168,1,,서울특별시 용산구이태원2동 251-8,,,2012,,02-2199-7880,서울특별시 용산구청,2026-06-13
이태원2동169,1,,서울특별시 용산구이태원2동 260-4,,,2012,,02-2199-7880,서울특별시 용산구청,2026-06-13
이태원2동17,1,,서울특별시 용산구이태원2동 261-1,,,2012,,02-2199-7880,서울특별시 용산구청,2026-06-13
이태원2동170,1,,서울특별시 용산구이태원2동 260-4,,,2012,,02-2199-7880,서울특별시 용산구청,2026-06-13
이태원2동171,1,,서울특별시 용산구이태원2동 260-8,,,2012,,02-2199-7880,서울특별시 용산구청,2026-06-13
이태원2동172,1,,서울특별시 용산구이태원2동 260-3,,,2012,,02-2199-7880,서울특별시 용산구청,2026-06-13
이태원2동173,1,,서울특별시 용산구이태원2동 258-2,,,2012,,02-2199-7880,서울특별시 용산구청,2026-06-13
이태원2동174,1,,서울특별시 용산구이태원2동 258-2,,,2012,,02-2199-7880,서울특별시 용산구청,2026-06-13
이태원2동175,1,,서울특별시 용산구이태원2동 247-3,,,2012,,02-2199-7880,서울특별시 용산구청,2026-06-13
이태원2동176,1,,서울특별시 용산구이태원2동 258-2,,,2015,,02-2199-7880,서울특별시 용산구청,2026-06-13
이태원2동177,1,,서울특별시 용산구이태원2동 247-2,,,2014,,02-2199-7880,서울특별시 용산구청,2026-06-13
이태원2동178,1,,서울특별시 용산구이태원2동 247-2,,,2012,,02-2199-7880,서울특별시 용산구청,2026-06-13
이태원2동179,1,,서울특별시 용산구이태원2동 228-3,,,2012,,02-2199-7880,서울특별시 용산구청,2026-06-13
이태원2동18,1,,서울특별시 용산구이태원2동 산1-37,,,2012,,02-2199-7880,서울특별시 용산구청,2026-06-13
이태원2동180추,1,,서울특별시 용산구이태원2동 247-1,,,2023,,02-2199-7880,서울특별시 용산구청,2026-06-13
이태원2동181,1,,서울특별시 용산구이태원2동 247-1,,,2012,,02-2199-7880,서울특별시 용산구청,2026-06-13
이태원2동182,1,,서울특별시 용산구이태원2동 247-1,,,2012,,02-2199-7880,서울특별시 용산구청,2026-06-13
이태원2동183,1,,서울특별시 용산구이태원2동 247-1,,,2014,,02-2199-7880,서울특별시 용산구청,2026-06-13
이태원2동184,1,,서울특별시 용산구이태원2동 247-1,,,2014,,02-2199-7880,서울특별시 용산구청,2026-06-13
이태원2동185,1,,서울특별시 용산구이태원2동 247-2,,,2012,,02-2199-7880,서울특별시 용산구청,2026-06-13
이태원2동186,1,,서울특별시 용산구이태원2동 226-5,,,2012,,02-2199-7880,서울특별시 용산구청,2026-06-13
이태원2동187,1,,서울특별시 용산구이태원2동 247-2,,,2012,,02-2199-7880,서울특별시 용산구청,2026-06-13
이태원2동188,1,,서울특별시 용산구이태원2동 247-1,,,2012,,02-2199-7880,서울특별시 용산구청,2026-06-13
이태원2동189,1,,서울특별시 용산구이태원2동 247-2,,,2012,,02-2199-7880,서울특별시 용산구청,2026-06-13
이태원2동19,1,,서울특별시 용산구이태원2동 261-5,,,2012,,02-2199-7880,서울특별시 용산구청,2026-06-13
이태원2동190,1,,서울특별시 용산구이태원2동 247-2,,,2015,,02-2199-7880,서울특별시 용산구청,2026-06-13
이태원2동191,1,,서울특별시 용산구이태원2동 228-2,,,2012,,02-2199-7880,서울특별시 용산구청,2026-06-13
이태원2동192,1,,서울특별시 용산구이태원2동 228-6,,,2012,,02-2199-7880,서울특별시 용산구청,2026-06-13
이태원2동193,1,,서울특별시 용산구이태원2동 227-8,,,2012,,02-2199-7880,서울특별시 용산구청,2026-06-13
이태원2동194,1,,서울특별시 용산구이태원2동 227-8,,,2012,,02-2199-7880,서울특별시 용산구청,2026-06-13
이태원2동195,1,,서울특별시 용산구이태원2동 227-2,,,2012,,02-2199-7880,서울특별시 용산구청,2026-06-13
이태원2동196,1,,서울특별시 용산구이태원2동 227-1,,,2012,,02-2199-7880,서울특별시 용산구청,2026-06-13
이태원2동197,1,,서울특별시 용산구이태원2동 227-8,,,2012,,02-2199-7880,서울특별시 용산구청,2026-06-13
이태원2동198,1,,서울특별시 용산구이태원2동 227-2,,,2012,,02-2199-7880,서울특별시 용산구청,2026-06-13
이태원2동199,1,,서울특별시 용산구이태원2동 227-8,,,2012,,02-2199-7880,서울특별시 용산구청,2026-06-13
이태원2동2,1,,서울특별시 용산구이태원2동 255-5,,,2019,,02-2199-7880,서울특별시 용산구청,2026-06-13
이태원2동20,1,,서울특별시 용산구이태원2동 261-1,,,2012,,02-2199-7880,서울특별시 용산구청,2026-06-13
이태원2동200,1,,서울특별시 용산구이태원2동 225-7,,,2012,,02-2199-7880,서울특별시 용산구청,2026-06-13
이태원2동201,1,,서울특별시 용산구이태원2동 252-1,,,2012,,02-2199-7880,서울특별시 용산구청,2026-06-13
이태원2동202,1,,서울특별시 용산구이태원2동 252-1,,,2012,,02-2199-7880,서울특별시 용산구청,2026-06-13
이태원2동203,1,,서울특별시 용산구이태원2동 226-5,,,2012,,02-2199-7880,서울특별시 용산구청,2026-06-13
이태원2동204,1,,서울특별시 용산구이태원2동 253-7,,,2012,,02-2199-7880,서울특별시 용산구청,2026-06-13
이태원2동205,1,,서울특별시 용산구이태원2동 251-7,,,2012,,02-2199-7880,서울특별시 용산구청,2026-06-13
이태원2동206,1,,서울특별시 용산구이태원2동 251-4,,,2012,,02-2199-7880,서울특별시 용산구청,2026-06-13
이태원2동207,1,,서울특별시 용산구이태원2동 252-1,,,2012,,02-2199-7880,서울특별시 용산구청,2026-06-13
이태원2동208,1,,서울특별시 용산구이태원2동 252-1,,,2012,,02-2199-7880,서울특별시 용산구청,2026-06-13
이태원2동209,1,,서울특별시 용산구이태원2동 252-1,,,2012,,02-2199-7880,서울특별시 용산구청,2026-06-13
이태원2동21,1,,서울특별시 용산구이태원2동 261-5,,,2012,,02-2199-7880,서울특별시 용산구청,2026-06-13
이태원2동210,1,,서울특별시 용산구이태원2동 280-1,,,2012,,02-2199-7880,서울특별시 용산구청,2026-06-13
이태원2동211,1,,서울특별시 용산구이태원2동 280-1,,,2012,,02-2199-7880,서울특별시 용산구청,2026-06-13
이태원2동212,1,,서울특별시 용산구이태원2동 280-5,,,2012,,02-2199-7880,서울특별시 용산구청,2026-06-13
이태원2동213,1,,서울특별시 용산구이태원2동 254-1,,,2012,,02-2199-7880,서울특별시 용산구청,2026-06-13
이태원2동214,1,,서울특별시 용산구이태원2동 254-3,,,2013,,02-2199-7880,서울특별시 용산구청,2026-06-13
이태원2동215,1,,서울특별시 용산구이태원2동 278-2,,,2012,,02-2199-7880,서울특별시 용산구청,2026-06-13
이태원2동216,1,,서울특별시 용산구이태원2동 225-1,,,2012,,02-2199-7880,서울특별시 용산구청,2026-06-13
이태원2동217,1,,서울특별시 용산구이태원2동 225-9,,,2012,,02-2199-7880,서울특별시 용산구청,2026-06-13
이태원2동218,1,,서울특별시 용산구이태원2동 225-4,,,2012,,02-2199-7880,서울특별시 용산구청,2026-06-13
이태원2동219,1,,서울특별시 용산구이태원2동 225-4,,,2012,,02-2199-7880,서울특별시 용산구청,2026-06-13
이태원2동22,1,,서울특별시 용산구이태원2동 261-5,,,2012,,02-2199-7880,서울특별시 용산구청,2026-06-13
이태원2동220,1,,서울특별시 용산구이태원2동 225-1,,,2012,,02-2199-7880,서울특별시 용산구청,2026-06-13
이태원2동221,1,,서울특별시 용산구이태원2동 225-1,,,2012,,02-2199-7880,서울특별시 용산구청,2026-06-13
이태원2동222,1,,서울특별시 용산구이태원2동 225-4,,,2012,,02-2199-7880,서울특별시 용산구청,2026-06-13
이태원2동223,1,,서울특별시 용산구이태원2동 225-7,,,2012,,02-2199-7880,서울특별시 용산구청,2026-06-13
이태원2동224,1,,서울특별시 용산구이태원2동 225-2,,,2012,,02-2199-7880,서울특별시 용산구청,2026-06-13
이태원2동225,1,,서울특별시 용산구이태원2동 225-1,,,2012,,02-2199-7880,서울특별시 용산구청,2026-06-13
이태원2동226,1,,서울특별시 용산구이태원2동 224-2,,,2012,,02-2199-7880,서울특별시 용산구청,2026-06-13
이태원2동227,1,,서울특별시 용산구이태원2동 224-2,,,2012,,02-2199-7880,서울특별시 용산구청,2026-06-13
이태원2동228,1,,서울특별시 용산구이태원2동 224-2,,,2012,,02-2199-7880,서울특별시 용산구청,2026-06-13
이태원2동229,1,,서울특별시 용산구이태원2동 224-4,,,2012,,02-2199-7880,서울특별시 용산구청,2026-06-13
이태원2동23,1,,서울특별시 용산구이태원2동 261-1,,,2015,,02-2199-7880,서울특별시 용산구청,2026-06-13
이태원2동230,1,,서울특별시 용산구이태원2동 224-4,,,2012,,02-2199-7880,서울특별시 용산구청,2026-06-13
이태원2동231,1,,서울특별시 용산구이태원2동 224-6,,,2012,,02-2199-7880,서울특별시 용산구청,2026-06-13
이태원2동232,1,,서울특별시 용산구이태원2동 224-1,,,2012,,02-2199-7880,서울특별시 용산구청,2026-06-13
이태원2동233,1,,서울특별시 용산구이태원2동 224-8,,,2012,,02-2199-7880,서울특별시 용산구청,2026-06-13
이태원2동234,1,,서울특별시 용산구이태원2동 222-1,,,2012,,02-2199-7880,서울특별시 용산구청,2026-06-13
이태원2동235,1,,서울특별시 용산구이태원2동 215-5,,,2012,,02-2199-7880,서울특별시 용산구청,2026-06-13
이태원2동236,1,,서울특별시 용산구이태원2동 224-4,,,2012,,02-2199-7880,서울특별시 용산구청,2026-06-13
이태원2동237,1,,서울특별시 용산구이태원2동 223-1,,,2012,,02-2199-7880,서울특별시 용산구청,2026-06-13
이태원2동238,1,,서울특별시 용산구이태원2동 224-5,,,2012,,02-2199-7880,서울특별시 용산구청,2026-06-13
이태원2동239,1,,서울특별시 용산구이태원2동 222-6,,,2012,,02-2199-7880,서울특별시 용산구청,2026-06-13
이태원2동24,1,,서울특별시 용산구이태원2동 261-1,,,2012,,02-2199-7880,서울특별시 용산구청,2026-06-13
이태원2동240,1,,서울특별시 용산구이태원2동 216-6,,,2012,,02-2199-7880,서울특별시 용산구청,2026-06-13
이태원2동241,1,,서울특별시 용산구이태원2동 216-6,,,2012,,02-2199-7880,서울특별시 용산구청,2026-06-13
이태원2동242,1,,서울특별시 용산구이태원2동 216-6,,,2012,,02-2199-7880,서울특별시 용산구청,2026-06-13
이태원2동243,1,,서울특별시 용산구이태원2동 216-1,,,2012,,02-2199-7880,서울특별시 용산구청,2026-06-13
이태원2동244,1,,서울특별시 용산구이태원2동 216-1,,,2012,,02-2199-7880,서울특별시 용산구청,2026-06-13
이태원2동245,1,,서울특별시 용산구이태원2동 215-2,,,2012,,02-2199-7880,서울특별시 용산구청,2026-06-13
이태원2동246,1,,서울특별시 용산구이태원2동 215-2,,,2012,,02-2199-7880,서울특별시 용산구청,2026-06-13
이태원2동247,1,,서울특별시 용산구이태원2동 223-1,,,2012,,02-2199-7880,서울특별시 용산구청,2026-06-13
이태원2동248,1,,서울특별시 용산구이태원2동 223-2,,,2012,,02-2199-7880,서울특별시 용산구청,2026-06-13
이태원2동249,1,,서울특별시 용산구이태원2동 216-8,,,2012,,02-2199-7880,서울특별시 용산구청,2026-06-13
이태원2동25,1,,서울특별시 용산구이태원2동 260-2,,,2012,,02-2199-7880,서울특별시 용산구청,2026-06-13
이태원2동250,1,,서울특별시 용산구이태원2동 223-1,,,2012,,02-2199-7880,서울특별시 용산구청,2026-06-13
이태원2동251,1,,서울특별시 용산구이태원2동 215-1,,,2018,,02-2199-7880,서울특별시 용산구청,2026-06-13
이태원2동252,1,,서울특별시 용산구이태원2동 215-1,,,2012,,02-2199-7880,서울특별시 용산구청,2026-06-13
이태원2동253,1,,서울특별시 용산구이태원2동 224-6,,,2012,,02-2199-7880,서울특별시 용산구청,2026-06-13
이태원2동254,1,,서울특별시 용산구이태원2동 224-6,,,2012,,02-2199-7880,서울특별시 용산구청,2026-06-13
이태원2동255,1,,서울특별시 용산구이태원2동 224-1,,,2012,,02-2199-7880,서울특별시 용산구청,2026-06-13
이태원2동256,1,,서울특별시 용산구이태원2동 225-2,,,2012,,02-2199-7880,서울특별시 용산구청,2026-06-13
이태원2동257,1,,서울특별시 용산구이태원2동 225-2,,,2012,,02-2199-7880,서울특별시 용산구청,2026-06-13
이태원2동258,1,,서울특별시 용산구이태원2동 225-2,,,2012,,02-2199-7880,서울특별시 용산구청,2026-06-13
이태원2동259,1,,서울특별시 용산구이태원2동 225-2,,,2012,,02-2199-7880,서울특별시 용산구청,2026-06-13
이태원2동26,1,,서울특별시 용산구이태원2동 260-2,,,2012,,02-2199-7880,서울특별시 용산구청,2026-06-13
이태원2동260,1,,서울특별시 용산구이태원2동 225-4,,,2012,,02-2199-7880,서울특별시 용산구청,2026-06-13
이태원2동261,1,,서울특별시 용산구이태원2동 225-2,,,2012,,02-2199-7880,서울특별시 용산구청,2026-06-13
이태원2동262,1,,서울특별시 용산구이태원2동 225-2,,,2013,,02-2199-7880,서울특별시 용산구청,2026-06-13
이태원2동263,1,,서울특별시 용산구이태원2동 225-1,,,2012,,02-2199-7880,서울특별시 용산구청,2026-06-13
이태원2동264,1,,서울특별시 용산구이태원2동 225-2,,,2012,,02-2199-7880,서울특별시 용산구청,2026-06-13
이태원2동265,1,,서울특별시 용산구이태원2동 225-1,,,2023,,02-2199-7880,서울특별시 용산구청,2026-06-13
이태원2동266,1,,서울특별시 용산구이태원2동 225-1,,,2012,,02-2199-7880,서울특별시 용산구청,2026-06-13
이태원2동267,1,,서울특별시 용산구이태원2동 225-1,,,2012,,02-2199-7880,서울특별시 용산구청,2026-06-13
이태원2동268,1,,서울특별시 용산구이태원2동 226-4,,,2012,,02-2199-7880,서울특별시 용산구청,2026-06-13
이태원2동269,1,,서울특별시 용산구이태원2동 225-1,,,2012,,02-2199-7880,서울특별시 용산구청,2026-06-13
이태원2동27,1,,서울특별시 용산구이태원2동 260-3,,,2012,,02-2199-7880,서울특별시 용산구청,2026-06-13
이태원2동270,1,,서울특별시 용산구이태원2동 225-1,,,2012,,02-2199-7880,서울특별시 용산구청,2026-06-13
이태원2동271,1,,서울특별시 용산구이태원2동 225-2,,,2012,,02-2199-7880,서울특별시 용산구청,2026-06-13
이태원2동272,1,,서울특별시 용산구이태원2동 225-1,,,2012,,02-2199-7880,서울특별시 용산구청,2026-06-13
이태원2동273,1,,서울특별시 용산구이태원2동 214-8,,,2012,,02-2199-7880,서울특별시 용산구청,2026-06-13
이태원2동274,1,,서울특별시 용산구이태원2동 214-1,,,2014,,02-2199-7880,서울특별시 용산구청,2026-06-13
이태원2동275,1,,서울특별시 용산구이태원2동 214-2,,,2012,,02-2199-7880,서울특별시 용산구청,2026-06-13
이태원2동276,1,,서울특별시 용산구이태원2동 214-2,,,2012,,02-2199-7880,서울특별시 용산구청,2026-06-13
이태원2동277,1,,서울특별시 용산구이태원2동 214-6,,,2012,,02-2199-7880,서울특별시 용산구청,2026-06-13
이태원2동278,1,,서울특별시 용산구이태원2동 214-6,,,2012,,02-2199-7880,서울특별시 용산구청,2026-06-13
이태원2동279,1,,서울특별시 용산구이태원2동 214-1,,,2012,,02-2199-7880,서울특별시 용산구청,2026-06-13
이태원2동28,1,,서울특별시 용산구이태원2동 261-1,,,2012,,02-2199-7880,서울특별시 용산구청,2026-06-13
이태원2동280,1,,서울특별시 용산구이태원2동 214-4,,,2012,,02-2199-7880,서울특별시 용산구청,2026-06-13
이태원2동281,1,,서울특별시 용산구이태원2동 211-1,,,2012,,02-2199-7880,서울특별시 용산구청,2026-06-13
이태원2동282,1,,서울특별시 용산구이태원2동 212-1,,,2012,,02-2199-7880,서울특별시 용산구청,2026-06-13
이태원2동283,1,,서울특별시 용산구이태원2동 226-3,,,2012,,02-2199-7880,서울특별시 용산구청,2026-06-13
이태원2동284,1,,서울특별시 용산구이태원2동 211-1,,,2012,,02-2199-7880,서울특별시 용산구청,2026-06-13
이태원2동285,1,,서울특별시 용산구이태원2동 211-3,,,2012,,02-2199-7880,서울특별시 용산구청,2026-06-13
이태원2동286,1,,서울특별시 용산구이태원2동 211-2,,,2012,,02-2199-7880,서울특별시 용산구청,2026-06-13
이태원2동287,1,,서울특별시 용산구이태원2동 211-4,,,2012,,02-2199-7880,서울특별시 용산구청,2026-06-13
이태원2동288,1,,서울특별시 용산구이태원2동 211-2,,,2012,,02-2199-7880,서울특별시 용산구청,2026-06-13
이태원2동289,1,,서울특별시 용산구이태원2동 211-3,,,2012,,02-2199-7880,서울특별시 용산구청,2026-06-13
이태원2동29,1,,서울특별시 용산구이태원2동 261-1,,,2012,,02-2199-7880,서울특별시 용산구청,2026-06-13
이태원2동290,1,,서울특별시 용산구이태원2동 210-1,,,2012,,02-2199-7880,서울특별시 용산구청,2026-06-13
이태원2동291,1,,서울특별시 용산구이태원2동 210-6,,,2012,,02-2199-7880,서울특별시 용산구청,2026-06-13
이태원2동292,1,,서울특별시 용산구이태원2동 210-6,,,2012,,02-2199-7880,서울특별시 용산구청,2026-06-13
이태원2동293,1,,서울특별시 용산구이태원2동 210-3,,,2012,,02-2199-7880,서울특별시 용산구청,2026-06-13
이태원2동294,1,,서울특별시 용산구이태원2동 210-3,,,2012,,02-2199-7880,서울특별시 용산구청,2026-06-13
이태원2동295,1,,서울특별시 용산구이태원2동 212-2,,,2012,,02-2199-7880,서울특별시 용산구청,2026-06-13
이태원2동296,1,,서울특별시 용산구이태원2동 211-9,,,2012,,02-2199-7880,서울특별시 용산구청,2026-06-13
이태원2동297,1,,서울특별시 용산구이태원2동 211-9,,,2012,,02-2199-7880,서울특별시 용산구청,2026-06-13
이태원2동298,1,,서울특별시 용산구이태원2동 209-3,,,2012,,02-2199-7880,서울특별시 용산구청,2026-06-13
이태원2동299,1,,서울특별시 용산구이태원2동 209-4,,,2012,,02-2199-7880,서울특별시 용산구청,2026-06-13
이태원2동3,1,,서울특별시 용산구이태원2동 255-5,,,2019,,02-2199-7880,서울특별시 용산구청,2026-06-13
이태원2동30,1,,서울특별시 용산구이태원2동 260-2,,,2012,,02-2199-7880,서울특별시 용산구청,2026-06-13
이태원2동300,1,,서울특별시 용산구이태원2동 209-4,,,2012,,02-2199-7880,서울특별시 용산구청,2026-06-13
이태원2동301,1,,서울특별시 용산구이태원2동 210-6,,,2012,,02-2199-7880,서울특별시 용산구청,2026-06-13
이태원2동302,1,,서울특별시 용산구이태원2동 210-6,,,2012,,02-2199-7880,서울특별시 용산구청,2026-06-13
이태원2동303,1,,서울특별시 용산구이태원2동 212-2,,,2012,,02-2199-7880,서울특별시 용산구청,2026-06-13
이태원2동304,1,,서울특별시 용산구이태원2동 212-5,,,2012,,02-2199-7880,서울특별시 용산구청,2026-06-13
이태원2동305,1,,서울특별시 용산구이태원2동 213-7,,,2012,,02-2199-7880,서울특별시 용산구청,2026-06-13
이태원2동306,1,,서울특별시 용산구이태원2동 213-7,,,2012,,02-2199-7880,서울특별시 용산구청,2026-06-13
이태원2동307,1,,서울특별시 용산구이태원2동 204-3,,,2012,,02-2199-7880,서울특별시 용산구청,2026-06-13
이태원2동308,1,,서울특별시 용산구이태원2동 212-3,,,2012,,02-2199-7880,서울특별시 용산구청,2026-06-13
이태원2동309,1,,서울특별시 용산구이태원2동 212-3,,,2012,,02-2199-7880,서울특별시 용산구청,2026-06-13
이태원2동31,1,,서울특별시 용산구이태원2동 260-2,,,2015,,02-2199-7880,서울특별시 용산구청,2026-06-13
이태원2동310,1,,서울특별시 용산구이태원2동 212-4,,,2012,,02-2199-7880,서울특별시 용산구청,2026-06-13
이태원2동311,1,,서울특별시 용산구이태원2동 212-4,,,2012,,02-2199-7880,서울특별시 용산구청,2026-06-13
이태원2동312,1,,서울특별시 용산구이태원2동 212-4,,,2012,,02-2199-7880,서울특별시 용산구청,2026-06-13
이태원2동313,1,,서울특별시 용산구이태원2동 212-4,,,2012,,02-2199-7880,서울특별시 용산구청,2026-06-13
이태원2동314,1,,서울특별시 용산구이태원2동 212-6,,,2012,,02-2199-7880,서울특별시 용산구청,2026-06-13
이태원2동315,1,,서울특별시 용산구이태원2동 210-6,,,2012,,02-2199-7880,서울특별시 용산구청,2026-06-13
이태원2동316,1,,서울특별시 용산구이태원2동 210-4,,,2012,,02-2199-7880,서울특별시 용산구청,2026-06-13
이태원2동317,1,,서울특별시 용산구이태원2동 231-2,,,2012,,02-2199-7880,서울특별시 용산구청,2026-06-13
이태원2동318,1,,서울특별시 용산구이태원2동 231-2,,,2012,,02-2199-7880,서울특별시 용산구청,2026-06-13
이태원2동319,1,,서울특별시 용산구이태원2동 231-2,,,2012,,02-2199-7880,서울특별시 용산구청,2026-06-13
이태원2동32,1,,서울특별시 용산구이태원2동 260-2,,,2012,,02-2199-7880,서울특별시 용산구청,2026-06-13
이태원2동320,1,,서울특별시 용산구이태원2동 231-4,,,2012,,02-2199-7880,서울특별시 용산구청,2026-06-13
이태원2동321,1,,서울특별시 용산구이태원2동 231-2,,,2012,,02-2199-7880,서울특별시 용산구청,2026-06-13
이태원2동322,1,,서울특별시 용산구이태원2동 231-2,,,2012,,02-2199-7880,서울특별시 용산구청,2026-06-13
이태원2동323,1,,서울특별시 용산구이태원2동 232-1,,,2012,,02-2199-7880,서울특별시 용산구청,2026-06-13
이태원2동324,1,,서울특별시 용산구이태원2동 232-3,,,2012,,02-2199-7880,서울특별시 용산구청,2026-06-13
이태원2동325,1,,서울특별시 용산구이태원2동 231-3,,,2012,,02-2199-7880,서울특별시 용산구청,2026-06-13
이태원2동326,1,,서울특별시 용산구이태원2동 231-2,,,2012,,02-2199-7880,서울특별시 용산구청,2026-06-13
이태원2동327,1,,서울특별시 용산구이태원2동 230-1,,,2012,,02-2199-7880,서울특별시 용산구청,2026-06-13
이태원2동328,1,,서울특별시 용산구이태원2동 230-1,,,2012,,02-2199-7880,서울특별시 용산구청,2026-06-13
이태원2동329,1,,서울특별시 용산구이태원2동 210-2,,,2012,,02-2199-7880,서울특별시 용산구청,2026-06-13
이태원2동33,1,,서울특별시 용산구이태원2동 260-2,,,2012,,02-2199-7880,서울특별시 용산구청,2026-06-13
이태원2동330,1,,서울특별시 용산구이태원2동 210-6,,,2022,,02-2199-7880,서울특별시 용산구청,2026-06-13
이태원2동331,1,,서울특별시 용산구이태원2동 210-6,,,2012,,02-2199-7880,서울특별시 용산구청,2026-06-13
이태원2동332,1,,서울특별시 용산구이태원2동 230-5,,,2012,,02-2199-7880,서울특별시 용산구청,2026-06-13
이태원2동333,1,,서울특별시 용산구이태원2동 230-1,,,2012,,02-2199-7880,서울특별시 용산구청,2026-06-13
이태원2동334,1,,서울특별시 용산구이태원2동 231-1,,,2012,,02-2199-7880,서울특별시 용산구청,2026-06-13
이태원2동335,1,,서울특별시 용산구이태원2동 5-41,,,2012,,02-2199-7880,서울특별시 용산구청,2026-06-13
이태원2동336,1,,서울특별시 용산구이태원2동 5-41,,,2012,,02-2199-7880,서울특별시 용산구청,2026-06-13
이태원2동337,1,,서울특별시 용산구이태원2동 5-30,,,2012,,02-2199-7880,서울특별시 용산구청,2026-06-13
이태원2동338,1,,서울특별시 용산구이태원2동 5-34,,,2012,,02-2199-7880,서울특별시 용산구청,2026-06-13
이태원2동339,1,,서울특별시 용산구이태원2동 231-3,,,2012,,02-2199-7880,서울특별시 용산구청,2026-06-13
이태원2동34,1,,서울특별시 용산구이태원2동 260-2,,,2012,,02-2199-7880,서울특별시 용산구청,2026-06-13
이태원2동340,1,,서울특별시 용산구이태원2동 232-1,,,2012,,02-2199-7880,서울특별시 용산구청,2026-06-13
이태원2동341,1,,서울특별시 용산구이태원2동 239-7,,,2023,,02-2199-7880,서울특별시 용산구청,2026-06-13
이태원2동342,1,,서울특별시 용산구이태원2동 5-41,,,2012,,02-2199-7880,서울특별시 용산구청,2026-06-13
이태원2동343,1,,서울특별시 용산구이태원2동 245-1,,,2012,,02-2199-7880,서울특별시 용산구청,2026-06-13
이태원2동344,1,,서울특별시 용산구이태원2동 239-7,,,2012,,02-2199-7880,서울특별시 용산구청,2026-06-13
이태원2동345,1,,서울특별시 용산구이태원2동 245-6,,,2012,,02-2199-7880,서울특별시 용산구청,2026-06-13
이태원2동346,1,,서울특별시 용산구이태원2동 246-1,,,2012,,02-2199-7880,서울특별시 용산구청,2026-06-13
이태원2동347,1,,서울특별시 용산구이태원2동 246-1,,,2012,,02-2199-7880,서울특별시 용산구청,2026-06-13
이태원2동348,1,,서울특별시 용산구이태원2동 246-1,,,2012,,02-2199-7880,서울특별시 용산구청,2026-06-13
이태원2동349,1,,서울특별시 용산구이태원2동 245-1,,,2012,,02-2199-7880,서울특별시 용산구청,2026-06-13
이태원2동350,1,,서울특별시 용산구이태원2동 245-7,,,2012,,02-2199-7880,서울특별시 용산구청,2026-06-13
이태원2동351,1,,서울특별시 용산구이태원2동 245-9,,,2012,,02-2199-7880,서울특별시 용산구청,2026-06-13
이태원2동352,1,,서울특별시 용산구이태원2동 245-1,,,2012,,02-2199-7880,서울특별시 용산구청,2026-06-13
이태원2동353,1,,서울특별시 용산구이태원2동 245-9,,,2012,,02-2199-7880,서울특별시 용산구청,2026-06-13
이태원2동354,1,,서울특별시 용산구이태원2동 258-1,,,2012,,02-2199-7880,서울특별시 용산구청,2026-06-13
이태원2동355,1,,서울특별시 용산구이태원2동 5-40,,,2012,,02-2199-7880,서울특별시 용산구청,2026-06-13
이태원2동356,1,,서울특별시 용산구이태원2동 5-41,,,2012,,02-2199-7880,서울특별시 용산구청,2026-06-13
이태원2동357,1,,서울특별시 용산구이태원2동 5-41,,,2012,,02-2199-7880,서울특별시 용산구청,2026-06-13
이태원2동358,1,,서울특별시 용산구이태원2동 5-41,,,2012,,02-2199-7880,서울특별시 용산구청,2026-06-13
이태원2동359,1,,서울특별시 용산구이태원2동 5-18,,,2012,,02-2199-7880,서울특별시 용산구청,2026-06-13
이태원2동35추,1,,서울특별시 용산구이태원2동 260-2,,,2023,,02-2199-7880,서울특별시 용산구청,2026-06-13
이태원2동36,1,,서울특별시 용산구이태원2동 260-3,,,2012,,02-2199-7880,서울특별시 용산구청,2026-06-13
이태원2동360,1,,서울특별시 용산구이태원2동 5-18,,,2012,,02-2199-7880,서울특별시 용산구청,2026-06-13
이태원2동361,1,,서울특별시 용산구이태원2동 4-4,,,2012,,02-2199-7880,서울특별시 용산구청,2026-06-13
이태원2동362,1,,서울특별시 용산구이태원2동 4-15,,,2012,,02-2199-7880,서울특별시 용산구청,2026-06-13
이태원2동363,1,,서울특별시 용산구이태원2동 6-5,,,2012,,02-2199-7880,서울특별시 용산구청,2026-06-13
이태원2동364,1,,서울특별시 용산구이태원2동 6-10,,,2012,,02-2199-7880,서울특별시 용산구청,2026-06-13
이태원2동365,1,,서울특별시 용산구이태원2동 258-4,,,2012,,02-2199-7880,서울특별시 용산구청,2026-06-13
이태원2동366,1,,서울특별시 용산구이태원2동 243-6,,,2012,,02-2199-7880,서울특별시 용산구청,2026-06-13
이태원2동367,1,,서울특별시 용산구이태원2동 243-6,,,2012,,02-2199-7880,서울특별시 용산구청,2026-06-13
이태원2동368,1,,서울특별시 용산구이태원2동 243-6,,,2016,,02-2199-7880,서울특별시 용산구청,2026-06-13
이태원2동369,1,,서울특별시 용산구이태원2동 243-6,,,2012,,02-2199-7880,서울특별시 용산구청,2026-06-13
이태원2동37,1,,서울특별시 용산구이태원2동 260-3,,,2012,,02-2199-7880,서울특별시 용산구청,2026-06-13
이태원2동370,1,,서울특별시 용산구이태원2동 243-6,,,2012,,02-2199-7880,서울특별시 용산구청,2026-06-13
이태원2동371,1,,서울특별시 용산구이태원2동 243-6,,,2012,,02-2199-7880,서울특별시 용산구청,2026-06-13
이태원2동372,1,,서울특별시 용산구이태원2동 243-2,,,2012,,02-2199-7880,서울특별시 용산구청,2026-06-13
이태원2동373,1,,서울특별시 용산구이태원2동 243-2,,,2012,,02-2199-7880,서울특별시 용산구청,2026-06-13
이태원2동374,1,,서울특별시 용산구이태원2동 243-7,,,2012,,02-2199-7880,서울특별시 용산구청,2026-06-13
이태원2동375,1,,서울특별시 용산구이태원2동 243-2,,,2012,,02-2199-7880,서울특별시 용산구청,2026-06-13
이태원2동376,1,,서울특별시 용산구이태원2동 243-6,,,2012,,02-2199-7880,서울특별시 용산구청,2026-06-13
이태원2동377,1,,서울특별시 용산구이태원2동 243-1,,,2012,,02-2199-7880,서울특별시 용산구청,2026-06-13
이태원2동378,1,,서울특별시 용산구이태원2동 5-41,,,2012,,02-2199-7880,서울특별시 용산구청,2026-06-13
이태원2동379,1,,서울특별시 용산구이태원2동 5-41,,,2012,,02-2199-7880,서울특별시 용산구청,2026-06-13
이태원2동38,1,,서울특별시 용산구이태원2동 260-2,,,2012,,02-2199-7880,서울특별시 용산구청,2026-06-13
이태원2동380,1,,서울특별시 용산구이태원2동 5-20,,,2012,,02-2199-7880,서울특별시 용산구청,2026-06-13
이태원2동381,1,,서울특별시 용산구이태원2동 243-1,,,2012,,02-2199-7880,서울특별시 용산구청,2026-06-13
이태원2동382,1,,서울특별시 용산구이태원2동 243-6,,,2012,,02-2199-7880,서울특별시 용산구청,2026-06-13
이태원2동383,1,,서울특별시 용산구이태원2동 243-6,,,2012,,02-2199-7880,서울특별시 용산구청,2026-06-13
이태원2동384,1,,서울특별시 용산구이태원2동 243-6,,,2012,,02-2199-7880,서울특별시 용산구청,2026-06-13
이태원2동385,1,,서울특별시 용산구이태원2동 234-1,,,2012,,02-2199-7880,서울특별시 용산구청,2026-06-13
이태원2동386,1,,서울특별시 용산구이태원2동 233-4,,,2012,,02-2199-7880,서울특별시 용산구청,2026-06-13
이태원2동387,1,,서울특별시 용산구이태원2동 231-2,,,2012,,02-2199-7880,서울특별시 용산구청,2026-06-13
이태원2동388,1,,서울특별시 용산구이태원2동 231-2,,,2014,,02-2199-7880,서울특별시 용산구청,2026-06-13
이태원2동389,1,,서울특별시 용산구이태원2동 231-2,,,2012,,02-2199-7880,서울특별시 용산구청,2026-06-13
이태원2동39,1,,서울특별시 용산구이태원2동 260-3,,,2012,,02-2199-7880,서울특별시 용산구청,2026-06-13
이태원2동390,1,,서울특별시 용산구이태원2동 207-2,,,2012,,02-2199-7880,서울특별시 용산구청,2026-06-13
이태원2동391,1,,서울특별시 용산구이태원2동 207-2,,,2020,,02-2199-7880,서울특별시 용산구청,2026-06-13
이태원2동392,1,,서울특별시 용산구이태원2동 135-1,,,2012,,02-2199-7880,서울특별시 용산구청,2026-06-13
이태원2동393,1,,서울특별시 용산구이태원2동 207-2,,,2012,,02-2199-7880,서울특별시 용산구청,2026-06-13
이태원2동394,1,,서울특별시 용산구이태원2동 208-1,,,2012,,02-2199-7880,서울특별시 용산구청,2026-06-13
이태원2동395,1,,서울특별시 용산구이태원2동 231-2,,,2012,,02-2199-7880,서울특별시 용산구청,2026-06-13
이태원2동396,1,,서울특별시 용산구이태원2동 231-2,,,2012,,02-2199-7880,서울특별시 용산구청,2026-06-13
이태원2동397,1,,서울특별시 용산구이태원2동 231-2,,,2012,,02-2199-7880,서울특별시 용산구청,2026-06-13
이태원2동398,1,,서울특별시 용산구이태원2동 231-2,,,2012,,02-2199-7880,서울특별시 용산구청,2026-06-13
이태원2동399,1,,서울특별시 용산구이태원2동 208-1,,,2012,,02-2199-7880,서울특별시 용산구청,2026-06-13
이태원2동4,1,,서울특별시 용산구이태원2동 260-2,,,2012,,02-2199-7880,서울특별시 용산구청,2026-06-13
이태원2동40,1,,서울특별시 용산구이태원2동 260-2,,,2012,,02-2199-7880,서울특별시 용산구청,2026-06-13
이태원2동400,1,,서울특별시 용산구이태원2동 210-6,,,2012,,02-2199-7880,서울특별시 용산구청,2026-06-13
이태원2동401,1,,서울특별시 용산구이태원2동 208-2,,,2012,,02-2199-7880,서울특별시 용산구청,2026-06-13
이태원2동402,1,,서울특별시 용산구이태원2동 208-2,,,2012,,02-2199-7880,서울특별시 용산구청,2026-06-13
이태원2동403,1,,서울특별시 용산구이태원2동 206-9,,,2012,,02-2199-7880,서울특별시 용산구청,2026-06-13
이태원2동404,1,,서울특별시 용산구이태원2동 206-9,,,2012,,02-2199-7880,서울특별시 용산구청,2026-06-13
이태원2동405,1,,서울특별시 용산구이태원2동 258-4,,,2012,,02-2199-7880,서울특별시 용산구청,2026-06-13
이태원2동406,1,,서울특별시 용산구이태원2동 3-1,,,2012,,02-2199-7880,서울특별시 용산구청,2026-06-13
이태원2동407,1,,서울특별시 용산구이태원2동 1-2,,,2012,,02-2199-7880,서울특별시 용산구청,2026-06-13
이태원2동408,1,,서울특별시 용산구이태원2동 258-1,,,2012,,02-2199-7880,서울특별시 용산구청,2026-06-13
이태원2동409,1,,서울특별시 용산구이태원2동 258-1,,,2012,,02-2199-7880,서울특별시 용산구청,2026-06-13
이태원2동41,1,,서울특별시 용산구이태원2동 260-8,,,2014,,02-2199-7880,서울특별시 용산구청,2026-06-13
이태원2동410,1,,서울특별시 용산구이태원2동 258-3,,,2012,,02-2199-7880,서울특별시 용산구청,2026-06-13
이태원2동411,1,,서울특별시 용산구이태원2동 258-4,,,2012,,02-2199-7880,서울특별시 용산구청,2026-06-13
이태원2동412,1,,서울특별시 용산구이태원2동 258-3,,,2012,,02-2199-7880,서울특별시 용산구청,2026-06-13
이태원2동413,1,,서울특별시 용산구이태원2동 258-4,,,2012,,02-2199-7880,서울특별시 용산구청,2026-06-13
이태원2동414,1,,서울특별시 용산구이태원2동 258-4,,,2012,,02-2199-7880,서울특별시 용산구청,2026-06-13
이태원2동415,1,,서울특별시 용산구이태원2동 258-4,,,2012,,02-2199-7880,서울특별시 용산구청,2026-06-13
이태원2동416,1,,서울특별시 용산구이태원2동 258-4,,,2012,,02-2199-7880,서울특별시 용산구청,2026-06-13
이태원2동417,1,,서울특별시 용산구이태원2동 258-4,,,2012,,02-2199-7880,서울특별시 용산구청,2026-06-13
이태원2동418,1,,서울특별시 용산구이태원2동 258-4,,,2012,,02-2199-7880,서울특별시 용산구청,2026-06-13
이태원2동419,1,,서울특별시 용산구이태원2동 258-4,,,2012,,02-2199-7880,서울특별시 용산구청,2026-06-13
이태원2동42,1,,서울특별시 용산구이태원2동 260-2,,,2012,,02-2199-7880,서울특별시 용산구청,2026-06-13
이태원2동420,1,,서울특별시 용산구이태원2동 258-5,,,2012,,02-2199-7880,서울특별시 용산구청,2026-06-13
이태원2동421,1,,서울특별시 용산구이태원2동 258-1,,,2012,,02-2199-7880,서울특별시 용산구청,2026-06-13
이태원2동422,1,,서울특별시 용산구이태원2동 258-4,,,2012,,02-2199-7880,서울특별시 용산구청,2026-06-13
이태원2동423,1,,서울특별시 용산구이태원2동 258-4,,,2012,,02-2199-7880,서울특별시 용산구청,2026-06-13
이태원2동424,1,,서울특별시 용산구이태원2동 258-4,,,2012,,02-2199-7880,서울특별시 용산구청,2026-06-13
이태원2동425,1,,서울특별시 용산구이태원2동 258-4,,,2012,,02-2199-7880,서울특별시 용산구청,2026-06-13
이태원2동426,1,,서울특별시 용산구이태원2동 258-4,,,2012,,02-2199-7880,서울특별시 용산구청,2026-06-13
이태원2동427,1,,서울특별시 용산구이태원2동 258-1,,,2012,,02-2199-7880,서울특별시 용산구청,2026-06-13
이태원2동428,1,,서울특별시 용산구이태원2동 258-1,,,2012,,02-2199-7880,서울특별시 용산구청,2026-06-13
이태원2동429,1,,서울특별시 용산구이태원2동 258-1,,,2012,,02-2199-7880,서울특별시 용산구청,2026-06-13
이태원2동43,1,,서울특별시 용산구이태원2동 260-8,,,2012,,02-2199-7880,서울특별시 용산구청,2026-06-13
이태원2동430,1,,서울특별시 용산구이태원2동 258-1,,,2012,,02-2199-7880,서울특별시 용산구청,2026-06-13
이태원2동431,1,,서울특별시 용산구이태원2동 258-9,,,2012,,02-2199-7880,서울특별시 용산구청,2026-06-13
이태원2동432,1,,서울특별시 용산구이태원2동 258-1,,,2012,,02-2199-7880,서울특별시 용산구청,2026-06-13
이태원2동433,1,,서울특별시 용산구이태원2동 457-1,,,2012,,02-2199-7880,서울특별시 용산구청,2026-06-13
이태원2동434,1,,서울특별시 용산구이태원2동 258-1,,,2012,,02-2199-7880,서울특별시 용산구청,2026-06-13
이태원2동435,1,,서울특별시 용산구이태원2동 258-1,,,2012,,02-2199-7880,서울특별시 용산구청,2026-06-13
이태원2동436,1,,서울특별시 용산구이태원2동 2-3,,,2012,,02-2199-7880,서울특별시 용산구청,2026-06-13
이태원2동437,1,,서울특별시 용산구이태원2동 4-16,,,2012,,02-2199-7880,서울특별시 용산구청,2026-06-13
이태원2동438,1,,서울특별시 용산구이태원2동 258-1,,,2012,,02-2199-7880,서울특별시 용산구청,2026-06-13
이태원2동439,1,,서울특별시 용산구이태원2동 258-1,,,2012,,02-2199-7880,서울특별시 용산구청,2026-06-13
이태원2동44,1,,서울특별시 용산구이태원2동 260-8,,,2012,,02-2199-7880,서울특별시 용산구청,2026-06-13
이태원2동440,1,,서울특별시 용산구이태원2동 258-1,,,2012,,02-2199-7880,서울특별시 용산구청,2026-06-13
이태원2동441,1,,서울특별시 용산구이태원2동 258-1,,,2012,,02-2199-7880,서울특별시 용산구청,2026-06-13
이태원2동442,1,,서울특별시 용산구이태원2동 258-1,,,2023,,02-2199-7880,서울특별시 용산구청,2026-06-13
이태원2동443,1,,서울특별시 용산구이태원2동 228-3,,,2012,,02-2199-7880,서울특별시 용산구청,2026-06-13
이태원2동444,1,,서울특별시 용산구이태원2동 228-2,,,2012,,02-2199-7880,서울특별시 용산구청,2026-06-13
이태원2동445,1,,서울특별시 용산구이태원2동 228-2,,,2012,,02-2199-7880,서울특별시 용산구청,2026-06-13
이태원2동446,1,,서울특별시 용산구이태원2동 228-4,,,2012,,02-2199-7880,서울특별시 용산구청,2026-06-13
이태원2동447,1,,서울특별시 용산구이태원2동 277-2,,,2012,,02-2199-7880,서울특별시 용산구청,2026-06-13
이태원2동448,1,,서울특별시 용산구이태원2동 277-5,,,2016,,02-2199-7880,서울특별시 용산구청,2026-06-13
이태원2동449,1,,서울특별시 용산구이태원2동 277-5,,,2012,,02-2199-7880,서울특별시 용산구청,2026-06-13
이태원2동45,1,,서울특별시 용산구이태원2동 260-6,,,2012,,02-2199-7880,서울특별시 용산구청,2026-06-13
이태원2동450,1,,서울특별시 용산구이태원2동 273-9,,,2012,,02-2199-7880,서울특별시 용산구청,2026-06-13
이태원2동451,1,,서울특별시 용산구이태원2동 276-7,,,2012,,02-2199-7880,서울특별시 용산구청,2026-06-13
이태원2동452,1,,서울특별시 용산구이태원2동 273-1,,,2012,,02-2199-7880,서울특별시 용산구청,2026-06-13
이태원2동453,1,,서울특별시 용산구이태원2동 273-2,,,2012,,02-2199-7880,서울특별시 용산구청,2026-06-13
이태원2동454,1,,서울특별시 용산구이태원2동 634,,,2012,,02-2199-7880,서울특별시 용산구청,2026-06-13
이태원2동455,1,,서울특별시 용산구이태원2동 273-1,,,2012,,02-2199-7880,서울특별시 용산구청,2026-06-13
이태원2동456,1,,서울특별시 용산구이태원2동 273-9,,,2012,,02-2199-7880,서울특별시 용산구청,2026-06-13
이태원2동457,1,,서울특별시 용산구이태원2동 627,,,2012,,02-2199-7880,서울특별시 용산구청,2026-06-13
이태원2동458,1,,서울특별시 용산구이태원2동,,,2012,,02-2199-7880,서울특별시 용산구청,2026-06-13
이태원2동459,1,,서울특별시 용산구이태원2동,,,2012,,02-2199-7880,서울특별시 용산구청,2026-06-13
이태원2동46,1,,서울특별시 용산구이태원2동 260-8,,,2012,,02-2199-7880,서울특별시 용산구청,2026-06-13
이태원2동460,1,,서울특별시 용산구이태원2동,,,2012,,02-2199-7880,서울특별시 용산구청,2026-06-13
이태원2동461,1,,서울특별시 용산구이태원2동,,,2012,,02-2199-7880,서울특별시 용산구청,2026-06-13
이태원2동462,1,,서울특별시 용산구이태원2동,,,2012,,02-2199-7880,서울특별시 용산구청,2026-06-13
이태원2동463,1,,서울특별시 용산구이태원2동,,,2023,,02-2199-7880,서울특별시 용산구청,2026-06-13
이태원2동464,1,,서울특별시 용산구이태원2동 634,,,2012,,02-2199-7880,서울특별시 용산구청,2026-06-13
이태원2동465,1,,서울특별시 용산구이태원2동 634,,,2012,,02-2199-7880,서울특별시 용산구청,2026-06-13
이태원2동466,1,,서울특별시 용산구이태원2동 634,,,2012,,02-2199-7880,서울특별시 용산구청,2026-06-13
이태원2동467,1,,서울특별시 용산구이태원2동 627,,,2012,,02-2199-7880,서울특별시 용산구청,2026-06-13
이태원2동468,1,,서울특별시 용산구이태원2동 645,,,2014,,02-2199-7880,서울특별시 용산구청,2026-06-13
이태원2동469,1,,서울특별시 용산구이태원2동 626,,,2012,,02-2199-7880,서울특별시 용산구청,2026-06-13
이태원2동47,1,,서울특별시 용산구이태원2동 260-2,,,2012,,02-2199-7880,서울특별시 용산구청,2026-06-13
이태원2동470,1,,서울특별시 용산구이태원2동 303-3,,,2012,,02-2199-7880,서울특별시 용산구청,2026-06-13
이태원2동471,1,,서울특별시 용산구이태원2동 303-3,,,2012,,02-2199-7880,서울특별시 용산구청,2026-06-13
이태원2동472,1,,서울특별시 용산구이태원2동 303-3,,,2012,,02-2199-7880,서울특별시 용산구청,2026-06-13
이태원2동473,1,,서울특별시 용산구이태원2동 303-3,,,2013,,02-2199-7880,서울특별시 용산구청,2026-06-13
이태원2동474,1,,서울특별시 용산구이태원2동 304-4,,,2012,,02-2199-7880,서울특별시 용산구청,2026-06-13
이태원2동475,1,,서울특별시 용산구이태원2동 303-1,,,2013,,02-2199-7880,서울특별시 용산구청,2026-06-13
이태원2동476,1,,서울특별시 용산구이태원2동 282-8,,,2012,,02-2199-7880,서울특별시 용산구청,2026-06-13
이태원2동477,1,,서울특별시 용산구이태원2동 224-3,,,2012,,02-2199-7880,서울특별시 용산구청,2026-06-13
이태원2동478,1,,서울특별시 용산구이태원2동 224-5,,,2012,,02-2199-7880,서울특별시 용산구청,2026-06-13
이태원2동479,1,,서울특별시 용산구이태원2동 224-5,,,2012,,02-2199-7880,서울특별시 용산구청,2026-06-13
이태원2동48,1,,서울특별시 용산구이태원2동 260-3,,,2012,,02-2199-7880,서울특별시 용산구청,2026-06-13
이태원2동480,1,,서울특별시 용산구이태원2동 283-2,,,2012,,02-2199-7880,서울특별시 용산구청,2026-06-13
이태원2동481,1,,서울특별시 용산구이태원2동 224-1,,,2012,,02-2199-7880,서울특별시 용산구청,2026-06-13
이태원2동482,1,,서울특별시 용산구이태원2동 303-1,,,2012,,02-2199-7880,서울특별시 용산구청,2026-06-13
이태원2동483,1,,서울특별시 용산구이태원2동 294-2,,,2012,,02-2199-7880,서울특별시 용산구청,2026-06-13
이태원2동484,1,,서울특별시 용산구이태원2동 293-4,,,2012,,02-2199-7880,서울특별시 용산구청,2026-06-13
이태원2동485,1,,서울특별시 용산구이태원2동 293-4,,,2012,,02-2199-7880,서울특별시 용산구청,2026-06-13
이태원2동486,1,,서울특별시 용산구이태원2동 284-1,,,2012,,02-2199-7880,서울특별시 용산구청,2026-06-13
이태원2동487,1,,서울특별시 용산구이태원2동 286-1,,,2012,,02-2199-7880,서울특별시 용산구청,2026-06-13
이태원2동488,1,,서울특별시 용산구이태원2동 286-2,,,2012,,02-2199-7880,서울특별시 용산구청,2026-06-13
이태원2동489,1,,서울특별시 용산구이태원2동 286-1,,,2012,,02-2199-7880,서울특별시 용산구청,2026-06-13
이태원2동49,1,,서울특별시 용산구이태원2동 260-1,,,2012,,02-2199-7880,서울특별시 용산구청,2026-06-13
이태원2동490,1,,서울특별시 용산구이태원2동 286-1,,,2012,,02-2199-7880,서울특별시 용산구청,2026-06-13
이태원2동491,1,,서울특별시 용산구이태원2동 224-9,,,2022,,02-2199-7880,서울특별시 용산구청,2026-06-13
이태원2동492,1,,서울특별시 용산구이태원2동 296-1,,,2012,,02-2199-7880,서울특별시 용산구청,2026-06-13
이태원2동493,1,,서울특별시 용산구이태원2동 313-1,,,2016,,02-2199-7880,서울특별시 용산구청,2026-06-13
이태원2동494,1,,서울특별시 용산구이태원2동 312-2,,,2012,,02-2199-7880,서울특별시 용산구청,2026-06-13
이태원2동495,1,,서울특별시 용산구이태원2동 326-3,,,2012,,02-2199-7880,서울특별시 용산구청,2026-06-13
이태원2동496,1,,서울특별시 용산구이태원2동 324-1,,,2012,,02-2199-7880,서울특별시 용산구청,2026-06-13
이태원2동497,1,,서울특별시 용산구이태원2동 323-3,,,2012,,02-2199-7880,서울특별시 용산구청,2026-06-13
이태원2동498,1,,서울특별시 용산구이태원2동 319-3,,,2014,,02-2199-7880,서울특별시 용산구청,2026-06-13
이태원2동499,1,,서울특별시 용산구이태원2동 342-3,,,2012,,02-2199-7880,서울특별시 용산구청,2026-06-13
이태원2동5,1,,서울특별시 용산구이태원2동 261-1,,,2014,,02-2199-7880,서울특별시 용산구청,2026-06-13
이태원2동50,1,,서울특별시 용산구이태원2동 260-4,,,2012,,02-2199-7880,서울특별시 용산구청,2026-06-13
이태원2동500,1,,서울특별시 용산구이태원2동 378-5,,,2012,,02-2199-7880,서울특별시 용산구청,2026-06-13
이태원2동501,1,,서울특별시 용산구이태원2동 375-5,,,2012,,02-2199-7880,서울특별시 용산구청,2026-06-13
이태원2동502,1,,서울특별시 용산구이태원2동 372-2,,,2012,,02-2199-7880,서울특별시 용산구청,2026-06-13
이태원2동503,1,,서울특별시 용산구이태원2동 372-4,,,2012,,02-2199-7880,서울특별시 용산구청,2026-06-13
이태원2동504,1,,서울특별시 용산구이태원2동 340-3,,,2016,,02-2199-7880,서울특별시 용산구청,2026-06-13
이태원2동505,1,,서울특별시 용산구이태원2동 347-6,,,2012,,02-2199-7880,서울특별시 용산구청,2026-06-13
이태원2동506,1,,서울특별시 용산구이태원2동 341-1,,,2015,,02-2199-7880,서울특별시 용산구청,2026-06-13
이태원2동507,1,,서울특별시 용산구이태원2동 370-3,,,2012,,02-2199-7880,서울특별시 용산구청,2026-06-13
이태원2동508,1,,서울특별시 용산구이태원2동 369-9,,,2012,,02-2199-7880,서울특별시 용산구청,2026-06-13
이태원2동509,1,,서울특별시 용산구이태원2동 368-4,,,2012,,02-2199-7880,서울특별시 용산구청,2026-06-13
이태원2동51,1,,서울특별시 용산구이태원2동 260-1,,,2012,,02-2199-7880,서울특별시 용산구청,2026-06-13
이태원2동510,1,,서울특별시 용산구이태원2동 196-3,,,2012,,02-2199-7880,서울특별시 용산구청,2026-06-13
이태원2동511,1,,서울특별시 용산구이태원2동 196-3,,,2012,,02-2199-7880,서울특별시 용산구청,2026-06-13
이태원2동512,1,,서울특별시 용산구이태원2동 196-3,,,2012,,02-2199-7880,서울특별시 용산구청,2026-06-13
이태원2동513,1,,서울특별시 용산구이태원2동 196-3,,,2012,,02-2199-7880,서울특별시 용산구청,2026-06-13
이태원2동514,1,,서울특별시 용산구이태원2동 380-2,,,2012,,02-2199-7880,서울특별시 용산구청,2026-06-13
이태원2동515,1,,서울특별시 용산구이태원2동 196-3,,,2012,,02-2199-7880,서울특별시 용산구청,2026-06-13
이태원2동516,1,,서울특별시 용산구이태원2동 194-1,,,2012,,02-2199-7880,서울특별시 용산구청,2026-06-13
이태원2동517,1,,서울특별시 용산구이태원2동 193-2,,,2012,,02-2199-7880,서울특별시 용산구청,2026-06-13
이태원2동518,1,,서울특별시 용산구이태원2동 193-2,,,2012,,02-2199-7880,서울특별시 용산구청,2026-06-13
이태원2동519,1,,서울특별시 용산구이태원2동 193-3,,,2012,,02-2199-7880,서울특별시 용산구청,2026-06-13
이태원2동52,1,,서울특별시 용산구이태원2동 260-3,,,2012,,02-2199-7880,서울특별시 용산구청,2026-06-13
이태원2동520,1,,서울특별시 용산구이태원2동 193-3,,,2012,,02-2199-7880,서울특별시 용산구청,2026-06-13
이태원2동521,1,,서울특별시 용산구이태원2동 194-1,,,2012,,02-2199-7880,서울특별시 용산구청,2026-06-13
이태원2동522,1,,서울특별시 용산구이태원2동 317-3,,,2012,,02-2199-7880,서울특별시 용산구청,2026-06-13
이태원2동523,1,,서울특별시 용산구이태원2동 406-1,,,2012,,02-2199-7880,서울특별시 용산구청,2026-06-13
이태원2동524,1,,서울특별시 용산구이태원2동 217-4,,,2012,,02-2199-7880,서울특별시 용산구청,2026-06-13
이태원2동525,1,,서울특별시 용산구이태원2동 196-3,,,2012,,02-2199-7880,서울특별시 용산구청,2026-06-13
이태원2동526,1,,서울특별시 용산구이태원2동 196-3,,,2012,,02-2199-7880,서울특별시 용산구청,2026-06-13
이태원2동527,1,,서울특별시 용산구이태원2동 197-7,,,2012,,02-2199-7880,서울특별시 용산구청,2026-06-13
이태원2동528,1,,서울특별시 용산구이태원2동 289-2,,,2016,,02-2199-7880,서울특별시 용산구청,2026-06-13
이태원2동529,1,,서울특별시 용산구이태원2동 211-2,,,2020,,02-2199-7880,서울특별시 용산구청,2026-06-13
이태원2동53,1,,서울특별시 용산구이태원2동 260-3,,,2012,,02-2199-7880,서울특별시 용산구청,2026-06-13
이태원2동530,1,,서울특별시 용산구이태원2동 219,,,2016,,02-2199-7880,서울특별시 용산구청,2026-06-13
이태원2동531,1,,서울특별시 용산구이태원2동 289-1,,,2012,,02-2199-7880,서울특별시 용산구청,2026-06-13
이태원2동532,1,,서울특별시 용산구이태원2동 211-2,,,2012,,02-2199-7880,서울특별시 용산구청,2026-06-13
이태원2동533,1,,서울특별시 용산구이태원2동 215-5,,,2014,,02-2199-7880,서울특별시 용산구청,2026-06-13
이태원2동534,1,,서울특별시 용산구이태원2동 215-5,,,2012,,02-2199-7880,서울특별시 용산구청,2026-06-13
이태원2동535,1,,서울특별시 용산구이태원2동 215-4,,,2012,,02-2199-7880,서울특별시 용산구청,2026-06-13
이태원2동536,1,,서울특별시 용산구이태원2동 215-1,,,2012,,02-2199-7880,서울특별시 용산구청,2026-06-13
이태원2동537,1,,서울특별시 용산구이태원2동 215-3,,,2012,,02-2199-7880,서울특별시 용산구청,2026-06-13
이태원2동538,1,,서울특별시 용산구이태원2동 198-1,,,2012,,02-2199-7880,서울특별시 용산구청,2026-06-13
이태원2동539,1,,서울특별시 용산구이태원2동 198-2,,,2012,,02-2199-7880,서울특별시 용산구청,2026-06-13
이태원2동54,1,,서울특별시 용산구이태원2동 260-3,,,2012,,02-2199-7880,서울특별시 용산구청,2026-06-13
이태원2동540,1,,서울특별시 용산구이태원2동 199-6,,,2012,,02-2199-7880,서울특별시 용산구청,2026-06-13
이태원2동541,1,,서울특별시 용산구이태원2동 215-1,,,2012,,02-2199-7880,서울특별시 용산구청,2026-06-13
이태원2동542,1,,서울특별시 용산구이태원2동 215-1,,,2012,,02-2199-7880,서울특별시 용산구청,2026-06-13
이태원2동543,1,,서울특별시 용산구이태원2동 215-1,,,2012,,02-2199-7880,서울특별시 용산구청,2026-06-13
이태원2동544,1,,서울특별시 용산구이태원2동 216-2,,,2012,,02-2199-7880,서울특별시 용산구청,2026-06-13
이태원2동545,1,,서울특별시 용산구이태원2동 215-7,,,2012,,02-2199-7880,서울특별시 용산구청,2026-06-13
이태원2동546,1,,서울특별시 용산구이태원2동 215-8,,,2012,,02-2199-7880,서울특별시 용산구청,2026-06-13
이태원2동547,1,,서울특별시 용산구이태원2동 199-2,,,2012,,02-2199-7880,서울특별시 용산구청,2026-06-13
이태원2동548,1,,서울특별시 용산구이태원2동 198-1,,,2012,,02-2199-7880,서울특별시 용산구청,2026-06-13
이태원2동549,1,,서울특별시 용산구이태원2동 198-1,,,2012,,02-2199-7880,서울특별시 용산구청,2026-06-13
이태원2동55,1,,서울특별시 용산구이태원2동 258-4,,,2012,,02-2199-7880,서울특별시 용산구청,2026-06-13
이태원2동550,1,,서울특별시 용산구이태원2동 154-7,,,2012,,02-2199-7880,서울특별시 용산구청,2026-06-13
이태원2동551,1,,서울특별시 용산구이태원2동 154-7,,,2012,,02-2199-7880,서울특별시 용산구청,2026-06-13
이태원2동552,1,,서울특별시 용산구이태원2동 155-6,,,2012,,02-2199-7880,서울특별시 용산구청,2026-06-13
이태원2동553,1,,서울특별시 용산구이태원2동 151-2,,,2023,,02-2199-7880,서울특별시 용산구청,2026-06-13
이태원2동554,1,,서울특별시 용산구이태원2동 154-2,,,2012,,02-2199-7880,서울특별시 용산구청,2026-06-13
이태원2동555,1,,서울특별시 용산구이태원2동 198-1,,,2012,,02-2199-7880,서울특별시 용산구청,2026-06-13
이태원2동556,1,,서울특별시 용산구이태원2동 199-1,,,2012,,02-2199-7880,서울특별시 용산구청,2026-06-13
이태원2동557,1,,서울특별시 용산구이태원2동 199-1,,,2012,,02-2199-7880,서울특별시 용산구청,2026-06-13
이태원2동558,1,,서울특별시 용산구이태원2동 199-1,,,2012,,02-2199-7880,서울특별시 용산구청,2026-06-13
이태원2동559,1,,서울특별시 용산구이태원2동 202-5,,,2012,,02-2199-7880,서울특별시 용산구청,2026-06-13
이태원2동56,1,,서울특별시 용산구이태원2동 258-2,,,2012,,02-2199-7880,서울특별시 용산구청,2026-06-13
이태원2동560,1,,서울특별시 용산구이태원2동 203-2,,,2012,,02-2199-7880,서울특별시 용산구청,2026-06-13
이태원2동561,1,,서울특별시 용산구이태원2동 199-1,,,2012,,02-2199-7880,서울특별시 용산구청,2026-06-13
이태원2동562,1,,서울특별시 용산구이태원2동 201-1,,,2012,,02-2199-7880,서울특별시 용산구청,2026-06-13
이태원2동563,1,,서울특별시 용산구이태원2동 201-9,,,2012,,02-2199-7880,서울특별시 용산구청,2026-06-13
이태원2동564,1,,서울특별시 용산구이태원2동 204-3,,,2012,,02-2199-7880,서울특별시 용산구청,2026-06-13
이태원2동565,1,,서울특별시 용산구이태원2동 204-3,,,2012,,02-2199-7880,서울특별시 용산구청,2026-06-13
이태원2동566,1,,서울특별시 용산구이태원2동 204-3,,,2012,,02-2199-7880,서울특별시 용산구청,2026-06-13
이태원2동567,1,,서울특별시 용산구이태원2동 203-1,,,2012,,02-2199-7880,서울특별시 용산구청,2026-06-13
이태원2동568,1,,서울특별시 용산구이태원2동 212-4,,,2012,,02-2199-7880,서울특별시 용산구청,2026-06-13
이태원2동569,1,,서울특별시 용산구이태원2동 212-6,,,2012,,02-2199-7880,서울특별시 용산구청,2026-06-13
이태원2동57,1,,서울특별시 용산구이태원2동 258-2,,,2012,,02-2199-7880,서울특별시 용산구청,2026-06-13
이태원2동570,1,,서울특별시 용산구이태원2동 212-6,,,2023,,02-2199-7880,서울특별시 용산구청,2026-06-13
이태원2동571,1,,서울특별시 용산구이태원2동 215-7,,,2023,,02-2199-7880,서울특별시 용산구청,2026-06-13
이태원2동572,1,,서울특별시 용산구이태원2동 216-2,,,2012,,02-2199-7880,서울특별시 용산구청,2026-06-13
이태원2동573,1,,서울특별시 용산구이태원2동 200-1,,,2012,,02-2199-7880,서울특별시 용산구청,2026-06-13
이태원2동574,1,,서울특별시 용산구이태원2동 200-7,,,2012,,02-2199-7880,서울특별시 용산구청,2026-06-13
이태원2동575,1,,서울특별시 용산구이태원2동 200-1,,,2012,,02-2199-7880,서울특별시 용산구청,2026-06-13
이태원2동576,1,,서울특별시 용산구이태원2동 200-1,,,2012,,02-2199-7880,서울특별시 용산구청,2026-06-13
이태원2동577,1,,서울특별시 용산구이태원2동 135-5,,,2012,,02-2199-7880,서울특별시 용산구청,2026-06-13
이태원2동578,1,,서울특별시 용산구이태원2동 153-1,,,2023,,02-2199-7880,서울특별시 용산구청,2026-06-13
이태원2동579,1,,서울특별시 용산구이태원2동 200-1,,,2012,,02-2199-7880,서울특별시 용산구청,2026-06-13
이태원2동58,1,,서울특별시 용산구이태원2동 258-2,,,2012,,02-2199-7880,서울특별시 용산구청,2026-06-13
이태원2동580,1,,서울특별시 용산구이태원2동 200-1,,,2012,,02-2199-7880,서울특별시 용산구청,2026-06-13
이태원2동581,1,,서울특별시 용산구이태원2동 200-1,,,2012,,02-2199-7880,서울특별시 용산구청,2026-06-13
이태원2동582,1,,서울특별시 용산구이태원2동 207-2,,,2012,,02-2199-7880,서울특별시 용산구청,2026-06-13
이태원2동583,1,,서울특별시 용산구이태원2동 207-2,,,2012,,02-2199-7880,서울특별시 용산구청,2026-06-13
이태원2동584,1,,서울특별시 용산구이태원2동 208-1,,,2012,,02-2199-7880,서울특별시 용산구청,2026-06-13
이태원2동585,1,,서울특별시 용산구이태원2동 205-1,,,2012,,02-2199-7880,서울특별시 용산구청,2026-06-13
이태원2동586,1,,서울특별시 용산구이태원2동 205-1,,,2012,,02-2199-7880,서울특별시 용산구청,2026-06-13
이태원2동587,1,,서울특별시 용산구이태원2동 204-1,,,2012,,02-2199-7880,서울특별시 용산구청,2026-06-13
이태원2동588,1,,서울특별시 용산구이태원2동 204-1,,,2012,,02-2199-7880,서울특별시 용산구청,2026-06-13
이태원2동589,1,,서울특별시 용산구이태원2동 204-2,,,2012,,02-2199-7880,서울특별시 용산구청,2026-06-13
이태원2동59,1,,서울특별시 용산구이태원2동 260-1,,,2012,,02-2199-7880,서울특별시 용산구청,2026-06-13
이태원2동590,1,,서울특별시 용산구이태원2동 204-2,,,2012,,02-2199-7880,서울특별시 용산구청,2026-06-13
이태원2동591,1,,서울특별시 용산구이태원2동 204-2,,,2012,,02-2199-7880,서울특별시 용산구청,2026-06-13
이태원2동592,1,,서울특별시 용산구이태원2동 204-2,,,2012,,02-2199-7880,서울특별시 용산구청,2026-06-13
이태원2동593,1,,서울특별시 용산구이태원2동 206-5,,,2012,,02-2199-7880,서울특별시 용산구청,2026-06-13
이태원2동594,1,,서울특별시 용산구이태원2동 206-2,,,2023,,02-2199-7880,서울특별시 용산구청,2026-06-13
이태원2동595,1,,서울특별시 용산구이태원2동 556-1,,,2012,,02-2199-7880,서울특별시 용산구청,2026-06-13
이태원2동596,1,,서울특별시 용산구이태원2동 562,,,2012,,02-2199-7880,서울특별시 용산구청,2026-06-13
이태원2동597,1,,서울특별시 용산구이태원2동 565,,,2012,,02-2199-7880,서울특별시 용산구청,2026-06-13
이태원2동598,1,,서울특별시 용산구이태원2동 340-2,,,2012,,02-2199-7880,서울특별시 용산구청,2026-06-13
이태원2동599,1,,서울특별시 용산구이태원2동 339-5,,,2012,,02-2199-7880,서울특별시 용산구청,2026-06-13
이태원2동6,1,,서울특별시 용산구이태원2동 261-1,,,2014,,02-2199-7880,서울특별시 용산구청,2026-06-13
이태원2동60,1,,서울특별시 용산구이태원2동 258-2,,,2022,,02-2199-7880,서울특별시 용산구청,2026-06-13
이태원2동600,1,,서울특별시 용산구이태원2동 338,,,2012,,02-2199-7880,서울특별시 용산구청,2026-06-13
이태원2동601,1,,서울특별시 용산구이태원2동 574,,,2012,,02-2199-7880,서울특별시 용산구청,2026-06-13
이태원2동602,1,,서울특별시 용산구이태원2동 576,,,2012,,02-2199-7880,서울특별시 용산구청,2026-06-13
이태원2동603,1,,서울특별시 용산구이태원2동 564,,,2016,,02-2199-7880,서울특별시 용산구청,2026-06-13
이태원2동604,1,,서울특별시 용산구이태원2동 564,,,2012,,02-2199-7880,서울특별시 용산구청,2026-06-13
이태원2동605,1,,서울특별시 용산구이태원2동 574,,,2012,,02-2199-7880,서울특별시 용산구청,2026-06-13
이태원2동606,1,,서울특별시 용산구이태원2동 588,,,2012,,02-2199-7880,서울특별시 용산구청,2026-06-13
이태원2동607,1,,서울특별시 용산구이태원2동 525,,,2012,,02-2199-7880,서울특별시 용산구청,2026-06-13
이태원2동608,1,,서울특별시 용산구이태원2동 406,,,2012,,02-2199-7880,서울특별시 용산구청,2026-06-13
이태원2동609,1,,서울특별시 용산구이태원2동 414-4,,,2012,,02-2199-7880,서울특별시 용산구청,2026-06-13
이태원2동61,1,,서울특별시 용산구이태원2동 258-2,,,2012,,02-2199-7880,서울특별시 용산구청,2026-06-13
이태원2동610,1,,서울특별시 용산구이태원2동 414-4,,,2012,,02-2199-7880,서울특별시 용산구청,2026-06-13
이태원2동611,1,,서울특별시 용산구이태원2동 412-2,,,2012,,02-2199-7880,서울특별시 용산구청,2026-06-13
이태원2동612,1,,서울특별시 용산구이태원2동 428-2,,,2012,,02-2199-7880,서울특별시 용산구청,2026-06-13
이태원2동613,1,,서울특별시 용산구이태원2동 429-1,,,2012,,02-2199-7880,서울특별시 용산구청,2026-06-13
이태원2동614,1,,서울특별시 용산구이태원2동 406,,,2012,,02-2199-7880,서울특별시 용산구청,2026-06-13
이태원2동615,1,,서울특별시 용산구이태원2동 420-1,,,2012,,02-2199-7880,서울특별시 용산구청,2026-06-13
이태원2동616,1,,서울특별시 용산구이태원2동 406,,,2012,,02-2199-7880,서울특별시 용산구청,2026-06-13
이태원2동617,1,,서울특별시 용산구이태원2동 420-1,,,2012,,02-2199-7880,서울특별시 용산구청,2026-06-13
이태원2동618,1,,서울특별시 용산구이태원2동 519,,,2012,,02-2199-7880,서울특별시 용산구청,2026-06-13
이태원2동619,1,,서울특별시 용산구이태원2동 519,,,2012,,02-2199-7880,서울특별시 용산구청,2026-06-13
이태원2동62,1,,서울특별시 용산구이태원2동 258-2,,,2012,,02-2199-7880,서울특별시 용산구청,2026-06-13
이태원2동620,1,,서울특별시 용산구이태원2동 519,,,2012,,02-2199-7880,서울특별시 용산구청,2026-06-13
이태원2동621,1,,서울특별시 용산구이태원2동 611,,,2016,,02-2199-7880,서울특별시 용산구청,2026-06-13
이태원2동622,1,,서울특별시 용산구이태원2동 613,,,2016,,02-2199-7880,서울특별시 용산구청,2026-06-13
이태원2동623,1,,서울특별시 용산구이태원2동 617,,,2012,,02-2199-7880,서울특별시 용산구청,2026-06-13
이태원2동624,1,,서울특별시 용산구이태원2동 618,,,2012,,02-2199-7880,서울특별시 용산구청,2026-06-13
이태원2동625,1,,서울특별시 용산구이태원2동 618,,,2012,,02-2199-7880,서울특별시 용산구청,2026-06-13
이태원2동626,1,,서울특별시 용산구이태원2동 605,,,2012,,02-2199-7880,서울특별시 용산구청,2026-06-13
이태원2동627,1,,서울특별시 용산구이태원2동 457-1,,,2012,,02-2199-7880,서울특별시 용산구청,2026-06-13
이태원2동628,1,,서울특별시 용산구이태원2동 598,,,2012,,02-2199-7880,서울특별시 용산구청,2026-06-13
이태원2동629,1,,서울특별시 용산구이태원2동 575-1,,,2012,,02-2199-7880,서울특별시 용산구청,2026-06-13
이태원2동63,1,,서울특별시 용산구이태원2동 258-2,,,2012,,02-2199-7880,서울특별시 용산구청,2026-06-13
이태원2동630,1,,서울특별시 용산구이태원2동 572,,,2012,,02-2199-7880,서울특별시 용산구청,2026-06-13
이태원2동631,1,,서울특별시 용산구이태원2동 598,,,2012,,02-2199-7880,서울특별시 용산구청,2026-06-13
이태원2동632,1,,서울특별시 용산구이태원2동 447-9,,,2012,,02-2199-7880,서울특별시 용산구청,2026-06-13
이태원2동633,1,,서울특별시 용산구이태원2동 447-9,,,2012,,02-2199-7880,서울특별시 용산구청,2026-06-13
이태원2동634,1,,서울특별시 용산구이태원2동 447-7,,,2012,,02-2199-7880,서울특별시 용산구청,2026-06-13
이태원2동635,1,,서울특별시 용산구이태원2동 541,,,2012,,02-2199-7880,서울특별시 용산구청,2026-06-13
이태원2동636,1,,서울특별시 용산구이태원2동 447-1,,,2012,,02-2199-7880,서울특별시 용산구청,2026-06-13
이태원2동637,1,,서울특별시 용산구이태원2동 447-1,,,2013,,02-2199-7880,서울특별시 용산구청,2026-06-13
이태원2동638,1,,서울특별시 용산구이태원2동 449-4,,,2012,,02-2199-7880,서울특별시 용산구청,2026-06-13
이태원2동639,1,,서울특별시 용산구이태원2동 449-5,,,2013,,02-2199-7880,서울특별시 용산구청,2026-06-13
이태원2동64,1,,서울특별시 용산구이태원2동 258-3,,,2012,,02-2199-7880,서울특별시 용산구청,2026-06-13
이태원2동640,1,,서울특별시 용산구이태원2동 450-2,,,2012,,02-2199-7880,서울특별시 용산구청,2026-06-13
이태원2동641,1,,서울특별시 용산구이태원2동 404-4,,,2012,,02-2199-7880,서울특별시 용산구청,2026-06-13
이태원2동642,1,,서울특별시 용산구이태원2동 404-4,,,2012,,02-2199-7880,서울특별시 용산구청,2026-06-13
이태원2동643,1,,서울특별시 용산구이태원2동 404-4,,,2012,,02-2199-7880,서울특별시 용산구청,2026-06-13
이태원2동644,1,,서울특별시 용산구이태원2동 404-1,,,2012,,02-2199-7880,서울특별시 용산구청,2026-06-13
이태원2동645,1,,서울특별시 용산구이태원2동 406,,,2012,,02-2199-7880,서울특별시 용산구청,2026-06-13
이태원2동646,1,,서울특별시 용산구이태원2동 406,,,2012,,02-2199-7880,서울특별시 용산구청,2026-06-13
이태원2동647,1,,서울특별시 용산구이태원2동 402-4,,,2012,,02-2199-7880,서울특별시 용산구청,2026-06-13
이태원2동648,1,,서울특별시 용산구이태원2동 404-2,,,2012,,02-2199-7880,서울특별시 용산구청,2026-06-13
이태원2동649,1,,서울특별시 용산구이태원2동 402-1,,,2012,,02-2199-7880,서울특별시 용산구청,2026-06-13
이태원2동65,1,,서울특별시 용산구이태원2동 258-2,,,2012,,02-2199-7880,서울특별시 용산구청,2026-06-13
이태원2동650,1,,서울특별시 용산구이태원2동 404-1,,,2012,,02-2199-7880,서울특별시 용산구청,2026-06-13
이태원2동651,1,,서울특별시 용산구이태원2동 404-1,,,2016,,02-2199-7880,서울특별시 용산구청,2026-06-13
이태원2동652,1,,서울특별시 용산구이태원2동 404-1,,,2012,,02-2199-7880,서울특별시 용산구청,2026-06-13
이태원2동653,1,,서울특별시 용산구이태원2동 404-3,,,2012,,02-2199-7880,서울특별시 용산구청,2026-06-13
이태원2동654,1,,서울특별시 용산구이태원2동 404-3,,,2012,,02-2199-7880,서울특별시 용산구청,2026-06-13
이태원2동655,1,,서울특별시 용산구이태원2동 404-1,,,2012,,02-2199-7880,서울특별시 용산구청,2026-06-13
이태원2동656,1,,서울특별시 용산구이태원2동 391-2,,,2012,,02-2199-7880,서울특별시 용산구청,2026-06-13
이태원2동657,1,,서울특별시 용산구이태원2동 390-1,,,2019,,02-2199-7880,서울특별시 용산구청,2026-06-13
이태원2동658,1,,서울특별시 용산구이태원2동 364-1,,,2012,,02-2199-7880,서울특별시 용산구청,2026-06-13
이태원2동659,1,,서울특별시 용산구이태원2동 364,,,2012,,02-2199-7880,서울특별시 용산구청,2026-06-13
이태원2동66,1,,서울특별시 용산구이태원2동 258-4,,,2012,,02-2199-7880,서울특별시 용산구청,2026-06-13
이태원2동660,1,,서울특별시 용산구이태원2동 392-4,,,2012,,02-2199-7880,서울특별시 용산구청,2026-06-13
이태원2동661,1,,서울특별시 용산구이태원2동 399-1,,,2012,,02-2199-7880,서울특별시 용산구청,2026-06-13
이태원2동662,1,,서울특별시 용산구이태원2동 400,,,2015,,02-2199-7880,서울특별시 용산구청,2026-06-13
이태원2동663,1,,서울특별시 용산구이태원2동 399-1,,,2012,,02-2199-7880,서울특별시 용산구청,2026-06-13
이태원2동664,1,,서울특별시 용산구이태원2동 355-1,,,2012,,02-2199-7880,서울특별시 용산구청,2026-06-13
이태원2동665,1,,서울특별시 용산구이태원2동 355,,,2012,,02-2199-7880,서울특별시 용산구청,2026-06-13
이태원2동666,1,,서울특별시 용산구이태원2동 356-1,,,2012,,02-2199-7880,서울특별시 용산구청,2026-06-13
이태원2동667,1,,서울특별시 용산구이태원2동 355-1,,,2012,,02-2199-7880,서울특별시 용산구청,2026-06-13
이태원2동668,1,,서울특별시 용산구이태원2동 352,,,2012,,02-2199-7880,서울특별시 용산구청,2026-06-13
이태원2동669,1,,서울특별시 용산구이태원2동 351,,,2012,,02-2199-7880,서울특별시 용산구청,2026-06-13
이태원2동67,1,,서울특별시 용산구이태원2동 258-4,,,2012,,02-2199-7880,서울특별시 용산구청,2026-06-13
이태원2동670,1,,서울특별시 용산구이태원2동 364-4,,,2012,,02-2199-7880,서울특별시 용산구청,2026-06-13
이태원2동671,1,,서울특별시 용산구이태원2동 361,,,2016,,02-2199-7880,서울특별시 용산구청,2026-06-13
이태원2동672,1,,서울특별시 용산구이태원2동 364-1,,,2012,,02-2199-7880,서울특별시 용산구청,2026-06-13
이태원2동673,1,,서울특별시 용산구이태원2동 396-2,,,2012,,02-2199-7880,서울특별시 용산구청,2026-06-13
이태원2동674,1,,서울특별시 용산구이태원2동 389-2,,,2012,,02-2199-7880,서울특별시 용산구청,2026-06-13
이태원2동675,1,,서울특별시 용산구이태원2동 365,,,2012,,02-2199-7880,서울특별시 용산구청,2026-06-13
이태원2동676,1,,서울특별시 용산구이태원2동 364-7,,,2012,,02-2199-7880,서울특별시 용산구청,2026-06-13
이태원2동677,1,,서울특별시 용산구이태원2동 193-1,,,2012,,02-2199-7880,서울특별시 용산구청,2026-06-13
이태원2동678,1,,서울특별시 용산구이태원2동 193-9,,,2014,,02-2199-7880,서울특별시 용산구청,2026-06-13
이태원2동679,1,,서울특별시 용산구이태원2동 193-4,,,2012,,02-2199-7880,서울특별시 용산구청,2026-06-13
이태원2동68,1,,서울특별시 용산구이태원2동 258-2,,,2012,,02-2199-7880,서울특별시 용산구청,2026-06-13
이태원2동680,1,,서울특별시 용산구이태원2동 193-3,,,2015,,02-2199-7880,서울특별시 용산구청,2026-06-13
이태원2동681,1,,서울특별시 용산구이태원2동 193-3,,,2012,,02-2199-7880,서울특별시 용산구청,2026-06-13
이태원2동682,1,,서울특별시 용산구이태원2동 193-1,,,2012,,02-2199-7880,서울특별시 용산구청,2026-06-13
이태원2동683,1,,서울특별시 용산구이태원2동 193-1,,,2012,,02-2199-7880,서울특별시 용산구청,2026-06-13
이태원2동684,1,,서울특별시 용산구이태원2동 193-9,,,2012,,02-2199-7880,서울특별시 용산구청,2026-06-13
이태원2동685,1,,서울특별시 용산구이태원2동 193-4,,,2012,,02-2199-7880,서울특별시 용산구청,2026-06-13
이태원2동686,1,,서울특별시 용산구이태원2동 193-4,,,2012,,02-2199-7880,서울특별시 용산구청,2026-06-13
이태원2동687,1,,서울특별시 용산구이태원2동 193-1,,,2012,,02-2199-7880,서울특별시 용산구청,2026-06-13
이태원2동688,1,,서울특별시 용산구이태원2동 193-7,,,2016,,02-2199-7880,서울특별시 용산구청,2026-06-13
이태원2동689,1,,서울특별시 용산구이태원2동 193-2,,,2012,,02-2199-7880,서울특별시 용산구청,2026-06-13
이태원2동69,1,,서울특별시 용산구이태원2동 258-2,,,2012,,02-2199-7880,서울특별시 용산구청,2026-06-13
이태원2동690,1,,서울특별시 용산구이태원2동 187-1,,,2014,,02-2199-7880,서울특별시 용산구청,2026-06-13
이태원2동691,1,,서울특별시 용산구이태원2동 451-1,,,2012,,02-2199-7880,서울특별시 용산구청,2026-06-13
이태원2동692,1,,서울특별시 용산구이태원2동 451-5,,,2012,,02-2199-7880,서울특별시 용산구청,2026-06-13
이태원2동7,1,,서울특별시 용산구이태원2동 261-9,,,2014,,02-2199-7880,서울특별시 용산구청,2026-06-13
이태원2동70,1,,서울특별시 용산구이태원2동 258-4,,,2012,,02-2199-7880,서울특별시 용산구청,2026-06-13
이태원2동71,1,,서울특별시 용산구이태원2동 258-2,,,2012,,02-2199-7880,서울특별시 용산구청,2026-06-13
이태원2동72,1,,서울특별시 용산구이태원2동 258-2,,,2012,,02-2199-7880,서울특별시 용산구청,2026-06-13
이태원2동73,1,,서울특별시 용산구이태원2동 258-2,,,2012,,02-2199-7880,서울특별시 용산구청,2026-06-13
이태원2동74,1,,서울특별시 용산구이태원2동 258-2,,,2012,,02-2199-7880,서울특별시 용산구청,2026-06-13
이태원2동75,1,,서울특별시 용산구이태원2동 258-2,,,2012,,02-2199-7880,서울특별시 용산구청,2026-06-13
이태원2동76,1,,서울특별시 용산구이태원2동 258-2,,,2012,,02-2199-7880,서울특별시 용산구청,2026-06-13
이태원2동77,1,,서울특별시 용산구이태원2동 260-3,,,2012,,02-2199-7880,서울특별시 용산구청,2026-06-13
이태원2동78,1,,서울특별시 용산구이태원2동 260-1,,,2023,,02-2199-7880,서울특별시 용산구청,2026-06-13
이태원2동79,1,,서울특별시 용산구이태원2동 260-3,,,2023,,02-2199-7880,서울특별시 용산구청,2026-06-13
이태원2동8,1,,서울특별시 용산구이태원2동 261-9,,,2014,,02-2199-7880,서울특별시 용산구청,2026-06-13
이태원2동80,1,,서울특별시 용산구이태원2동 258-2,,,2015,,02-2199-7880,서울특별시 용산구청,2026-06-13
이태원2동81,1,,서울특별시 용산구이태원2동 258-2,,,2012,,02-2199-7880,서울특별시 용산구청,2026-06-13
이태원2동82,1,,서울특별시 용산구이태원2동 258-2,,,2012,,02-2199-7880,서울특별시 용산구청,2026-06-13
이태원2동83,1,,서울특별시 용산구이태원2동 258-4,,,2012,,02-2199-7880,서울특별시 용산구청,2026-06-13
이태원2동84,1,,서울특별시 용산구이태원2동 258-4,,,2012,,02-2199-7880,서울특별시 용산구청,2026-06-13
이태원2동85,1,,서울특별시 용산구이태원2동 258-2,,,2012,,02-2199-7880,서울특별시 용산구청,2026-06-13
이태원2동86,1,,서울특별시 용산구이태원2동 258-2,,,2023,,02-2199-7880,서울특별시 용산구청,2026-06-13
이태원2동87,1,,서울특별시 용산구이태원2동 258-2,,,2012,,02-2199-7880,서울특별시 용산구청,2026-06-13
이태원2동88,1,,서울특별시 용산구이태원2동 258-2,,,2012,,02-2199-7880,서울특별시 용산구청,2026-06-13
이태원2동89,1,,서울특별시 용산구이태원2동 258-2,,,2012,,02-2199-7880,서울특별시 용산구청,2026-06-13
이태원2동9,1,,서울특별시 용산구이태원2동 261-9,,,2012,,02-2199-7880,서울특별시 용산구청,2026-06-13
이태원2동90,1,,서울특별시 용산구이태원2동 258-2,,,2012,,02-2199-7880,서울특별시 용산구청,2026-06-13
이태원2동91,1,,서울특별시 용산구이태원2동 258-2,,,2012,,02-2199-7880,서울특별시 용산구청,2026-06-13
이태원2동92,1,,서울특별시 용산구이태원2동 258-3,,,2012,,02-2199-7880,서울특별시 용산구청,2026-06-13
이태원2동93,1,,서울특별시 용산구이태원2동 258-5,,,2012,,02-2199-7880,서울특별시 용산구청,2026-06-13
이태원2동94,1,,서울특별시 용산구이태원2동 258-3,,,2012,,02-2199-7880,서울특별시 용산구청,2026-06-13
이태원2동945,1,,서울특별시 용산구이태원2동 260-3,,,2023,,02-2199-7880,서울특별시 용산구청,2026-06-13
이태원2동946,1,,서울특별시 용산구이태원2동 234-1,,,2024,,02-2199-7880,서울특별시 용산구청,2026-06-13
이태원2동947,1,,서울특별시 용산구이태원2동 222-5,,,2024,,02-2199-7880,서울특별시 용산구청,2026-06-13
이태원2동948,1,,서울특별시 용산구이태원2동 261-1,,,2024,,02-2199-7880,서울특별시 용산구청,2026-06-13
이태원2동949,1,,서울특별시 용산구이태원2동 588,,,2024,,02-2199-7880,서울특별시 용산구청,2026-06-13
이태원2동95,1,,서울특별시 용산구이태원2동 258-2,,,2012,,02-2199-7880,서울특별시 용산구청,2026-06-13
이태원2동950,1,,서울특별시 용산구이태원2동 7-76,,,2024,,02-2199-7880,서울특별시 용산구청,2026-06-13
이태원2동952,1,,서울특별시 용산구이태원2동 273-1,,,2024,,02-2199-7880,서울특별시 용산구청,2026-06-13
이태원2동953,1,,서울특별시 용산구이태원2동 275-4,,,2024,,02-2199-7880,서울특별시 용산구청,2026-06-13
이태원2동954,1,,서울특별시 용산구이태원2동 260-1,,,2024,,02-2199-7880,서울특별시 용산구청,2026-06-13
이태원2동955,1,,서울특별시 용산구이태원2동 260-1,,,2024,,02-2199-7880,서울특별시 용산구청,2026-06-13
이태원2동956,1,,서울특별시 용산구이태원2동 260-1,,,2024,,02-2199-7880,서울특별시 용산구청,2026-06-13
이태원2동957,1,,서울특별시 용산구이태원2동 303-3,,,2024,,02-2199-7880,서울특별시 용산구청,2026-06-13
이태원2동96,1,,서울특별시 용산구이태원2동 258-5,,,2012,,02-2199-7880,서울특별시 용산구청,2026-06-13
이태원2동960,1,,서울특별시 용산구이태원2동 409,,,2024,,02-2199-7880,서울특별시 용산구청,2026-06-13
이태원2동961,1,,서울특별시 용산구이태원2동 412-2,,,2024,,02-2199-7880,서울특별시 용산구청,2026-06-13
이태원2동962,1,,서울특별시 용산구이태원2동 258-2,,,2024,,02-2199-7880,서울특별시 용산구청,2026-06-13
이태원2동963,1,,서울특별시 용산구이태원2동 198-1,,,2024,,02-2199-7880,서울특별시 용산구청,2026-06-13
이태원2동97,1,,서울특별시 용산구이태원2동 258-3,,,2012,,02-2199-7880,서울특별시 용산구청,2026-06-13
이태원2동98,1,,서울특별시 용산구이태원2동 258-2,,,2012,,02-2199-7880,서울특별시 용산구청,2026-06-13
이태원2동99,1,,서울특별시 용산구이태원2동 258-4,,,2012,,02-2199-7880,서울특별시 용산구청,2026-06-13
청파1116(청파동124),1,,서울특별시 용산구청파동 132-20,,,2022,,02-2199-7880,서울특별시 용산구청,2026-06-13
청파1121(청파동165),1,,서울특별시 용산구청파동 89-25,,,2022,,02-2199-7880,서울특별시 용산구청,2026-06-13
청파1122(청파동788),1,,서울특별시 용산구청파동 1-152,,,2022,,02-2199-7880,서울특별시 용산구청,2026-06-13
청파1127(청파동71),1,,서울특별시 용산구청파동 108-1,,,2022,,02-2199-7880,서울특별시 용산구청,2026-06-13
청파1133(청파동43),1,,서울특별시 용산구청파동 10-13,,,2022,,02-2199-7880,서울특별시 용산구청,2026-06-13
청파1134(청파동305),1,,서울특별시 용산구청파동 201,,,2022,,02-2199-7880,서울특별시 용산구청,2026-06-13
청파1135(청파동221),1,,서울특별시 용산구청파동 1-75,,,2022,,02-2199-7880,서울특별시 용산구청,2026-06-13
청파1136(청파동117),1,,서울특별시 용산구청파동 140-3,,,2022,,02-2199-7880,서울특별시 용산구청,2026-06-13
청파1137(청파동118),1,,서울특별시 용산구청파동 136-1,,,2022,,02-2199-7880,서울특별시 용산구청,2026-06-13
청파1150(청파동293),1,,서울특별시 용산구청파동 204-1,,,2022,,02-2199-7880,서울특별시 용산구청,2026-06-13
청파1154(청파동241),1,,서울특별시 용산구청파동 89-72,,,2022,,02-2199-7880,서울특별시 용산구청,2026-06-13
청파1168(청파동123),1,,서울특별시 용산구청파동 132-19,,,2022,,02-2199-7880,서울특별시 용산구청,2026-06-13
청파1172(청파동361),1,,서울특별시 용산구청파동 1-95,,,2022,,02-2199-7880,서울특별시 용산구청,2026-06-13
청파1174(청파동152),1,,서울특별시 용산구청파동 97-67,,,2022,,02-2199-7880,서울특별시 용산구청,2026-06-13
청파1202(청파동936),1,,서울특별시 용산구청파동 89-120,,,2022,,02-2199-7880,서울특별시 용산구청,2026-06-13
청파1207(청파동922),1,,서울특별시 용산구청파동 1-88,,,2022,,02-2199-7880,서울특별시 용산구청,2026-06-13
청파398(청파동122),1,,서울특별시 용산구청파동 49,,,2022,,02-2199-7880,서울특별시 용산구청,2026-06-13
청파399(청파동193),1,,서울특별시 용산구청파동 32-10,,,2022,,02-2199-7880,서울특별시 용산구청,2026-06-13
청파400(청파동194),1,,서울특별시 용산구청파동 32-10,,,2022,,02-2199-7880,서울특별시 용산구청,2026-06-13
청파401(청파동195),1,,서울특별시 용산구청파동 32-7,,,2022,,02-2199-7880,서울특별시 용산구청,2026-06-13
청파404(청파동186),1,,서울특별시 용산구청파동 58-32,,,2022,,02-2199-7880,서울특별시 용산구청,2026-06-13
청파405(청파동187),1,,서울특별시 용산구청파동 32-13,,,2022,,02-2199-7880,서울특별시 용산구청,2026-06-13
청파406(청파동188),1,,서울특별시 용산구청파동 34-1,,,2022,,02-2199-7880,서울특별시 용산구청,2026-06-13
청파407(청파동189),1,,서울특별시 용산구청파동 36-2,,,2022,,02-2199-7880,서울특별시 용산구청,2026-06-13
청파408(청파동190),1,,서울특별시 용산구청파동 26-2,,,2022,,02-2199-7880,서울특별시 용산구청,2026-06-13
청파409(청파동191),1,,서울특별시 용산구청파동 115-4,,,2022,,02-2199-7880,서울특별시 용산구청,2026-06-13
청파410(청파동192),1,,서울특별시 용산구청파동 30,,,2022,,02-2199-7880,서울특별시 용산구청,2026-06-13
청파413(청파동181),1,,서울특별시 용산구청파동 58-32,,,2022,,02-2199-7880,서울특별시 용산구청,2026-06-13
청파414(청파동182),1,,서울특별시 용산구청파동 58-35,,,2022,,02-2199-7880,서울특별시 용산구청,2026-06-13
청파415(청파동183),1,,서울특별시 용산구청파동 58-13,,,2022,,02-2199-7880,서울특별시 용산구청,2026-06-13
청파416(청파동178),1,,서울특별시 용산구청파동 1-75,,,2022,,02-2199-7880,서울특별시 용산구청,2026-06-13
청파417(청파동1180),1,,서울특별시 용산구청파동 1-156,,,2022,,02-2199-7880,서울특별시 용산구청,2026-06-13
청파421(청파동219),1,,서울특별시 용산구청파동 1-5,,,2022,,02-2199-7880,서울특별시 용산구청,2026-06-13
청파422(청파동220),1,,서울특별시 용산구청파동 1-5,,,2022,,02-2199-7880,서울특별시 용산구청,2026-06-13
청파423(청파동222),1,,서울특별시 용산구청파동 1-75,,,2022,,02-2199-7880,서울특별시 용산구청,2026-06-13
청파424(청파동227),1,,서울특별시 용산구청파동 1-11,,,2022,,02-2199-7880,서울특별시 용산구청,2026-06-13
청파425(청파동228),1,,서울특별시 용산구청파동 1-197,,,2022,,02-2199-7880,서울특별시 용산구청,2026-06-13
청파426(청파동229),1,,서울특별시 용산구청파동 1-13,,,2022,,02-2199-7880,서울특별시 용산구청,2026-06-13
청파427(청파동230),1,,서울특별시 용산구청파동 1-18,,,2022,,02-2199-7880,서울특별시 용산구청,2026-06-13
청파428(청파동231),1,,서울특별시 용산구청파동 1-24,,,2022,,02-2199-7880,서울특별시 용산구청,2026-06-13
청파430(청파동328),1,,서울특별시 용산구청파동 1-75,,,2022,,02-2199-7880,서울특별시 용산구청,2026-06-13
청파431(청파동327),1,,서울특별시 용산구청파동 1-31,,,2022,,02-2199-7880,서울특별시 용산구청,2026-06-13
청파432(청파동329),1,,서울특별시 용산구청파동 1-15,,,2022,,02-2199-7880,서울특별시 용산구청,2026-06-13
청파433,1,,서울특별시 용산구청파동 1-189,,,2022,,02-2199-7880,서울특별시 용산구청,2026-06-13
청파434(청파동332),1,,서울특별시 용산구청파동 1-189,,,2022,,02-2199-7880,서울특별시 용산구청,2026-06-13
청파435(청파동326),1,,서울특별시 용산구청파동 1-168,,,2022,,02-2199-7880,서울특별시 용산구청,2026-06-13
청파436(청파동366),1,,서울특별시 용산구청파동 1-121,,,2022,,02-2199-7880,서울특별시 용산구청,2026-06-13
청파437(청파동367),1,,서울특별시 용산구청파동 1-98,,,2022,,02-2199-7880,서울특별시 용산구청,2026-06-13
청파441(청파동365),1,,서울특별시 용산구청파동 1-31,,,2022,,02-2199-7880,서울특별시 용산구청,2026-06-13
청파442(청파동325),1,,서울특별시 용산구청파동 1-33,,,2022,,02-2199-7880,서울특별시 용산구청,2026-06-13
청파443(청파동324),1,,서울특별시 용산구청파동 1-44,,,2022,,02-2199-7880,서울특별시 용산구청,2026-06-13
청파444(청파동322),1,,서울특별시 용산구청파동 1-34,,,2022,,02-2199-7880,서울특별시 용산구청,2026-06-13
청파445(청파동323),1,,서울특별시 용산구청파동 1-25,,,2022,,02-2199-7880,서울특별시 용산구청,2026-06-13
청파446(청파동321),1,,서울특별시 용산구청파동 1-46,,,2022,,02-2199-7880,서울특별시 용산구청,2026-06-13
청파447(청파동364),1,,서울특별시 용산구청파동 1-75,,,2022,,02-2199-7880,서울특별시 용산구청,2026-06-13
청파448(청파동362),1,,서울특별시 용산구청파동 1-61,,,2022,,02-2199-7880,서울특별시 용산구청,2026-06-13
청파449(청파동363),1,,서울특별시 용산구청파동 1-61,,,2022,,02-2199-7880,서울특별시 용산구청,2026-06-13
청파466(청파동766),1,,서울특별시 용산구청파동 1-75,,,2022,,02-2199-7880,서울특별시 용산구청,2026-06-13
청파469(청파동780),1,,서울특별시 용산구청파동 1-166,,,2022,,02-2199-7880,서울특별시 용산구청,2026-06-13
청파471(청파동782),1,,서울특별시 용산구청파동 1-102,,,2022,,02-2199-7880,서울특별시 용산구청,2026-06-13
청파472(청파동783),1,,서울특별시 용산구청파동 1-131,,,2022,,02-2199-7880,서울특별시 용산구청,2026-06-13
청파473(청파동784),1,,서울특별시 용산구청파동 1-130,,,2022,,02-2199-7880,서울특별시 용산구청,2026-06-13
청파474(청파동785),1,,서울특별시 용산구청파동 1-136,,,2022,,02-2199-7880,서울특별시 용산구청,2026-06-13
청파475(청파동787),1,,서울특별시 용산구청파동 1-149,,,2022,,02-2199-7880,서울특별시 용산구청,2026-06-13
청파478(청파동274),1,,서울특별시 용산구청파동 3-59,,,2022,,02-2199-7880,서울특별시 용산구청,2026-06-13
청파480(청파동272),1,,서울특별시 용산구청파동 3-59,,,2022,,02-2199-7880,서울특별시 용산구청,2026-06-13
청파482(청파동276),1,,서울특별시 용산구청파동 3-53,,,2022,,02-2199-7880,서울특별시 용산구청,2026-06-13
청파485(청파동791),1,,서울특별시 용산구청파동 3-48,,,2022,,02-2199-7880,서울특별시 용산구청,2026-06-13
청파499(청파동770),1,,서울특별시 용산구청파동 7-5,,,2022,,02-2199-7880,서울특별시 용산구청,2026-06-13
청파501(청파동772),1,,서울특별시 용산구청파동 9,,,2022,,02-2199-7880,서울특별시 용산구청,2026-06-13
청파502(청파동251),1,,서울특별시 용산구청파동 91-45,,,2022,,02-2199-7880,서울특별시 용산구청,2026-06-13
청파503(청파동245),1,,서울특별시 용산구청파동 91-54,,,2022,,02-2199-7880,서울특별시 용산구청,2026-06-13
청파507(청파동250),1,,서울특별시 용산구청파동 91-32,,,2022,,02-2199-7880,서울특별시 용산구청,2026-06-13
청파517(청파동138),1,,서울특별시 용산구청파동 62-41,,,2022,,02-2199-7880,서울특별시 용산구청,2026-06-13
청파518(청파동137),1,,서울특별시 용산구청파동 62-16,,,2022,,02-2199-7880,서울특별시 용산구청,2026-06-13
청파519(청파동140),1,,서울특별시 용산구청파동 62-26,,,2022,,02-2199-7880,서울특별시 용산구청,2026-06-13
청파520(청파동136),1,,서울특별시 용산구청파동 62-11,,,2022,,02-2199-7880,서울특별시 용산구청,2026-06-13
청파521(청파동135),1,,서울특별시 용산구청파동 62-31,,,2022,,02-2199-7880,서울특별시 용산구청,2026-06-13
청파522(청파동134),1,,서울특별시 용산구청파동 121-19,,,2022,,02-2199-7880,서울특별시 용산구청,2026-06-13
청파523(청파동143),1,,서울특별시 용산구청파동 121-6,,,2022,,02-2199-7880,서울특별시 용산구청,2026-06-13
청파525(청파동132),1,,서울특별시 용산구청파동 65,,,2022,,02-2199-7880,서울특별시 용산구청,2026-06-13
청파526(청파동131),1,,서울특별시 용산구청파동 132-14,,,2022,,02-2199-7880,서울특별시 용산구청,2026-06-13
청파527(청파동130),1,,서울특별시 용산구청파동 132-14,,,2022,,02-2199-7880,서울특별시 용산구청,2026-06-13
청파529(청파동129),1,,서울특별시 용산구청파동 64-2,,,2022,,02-2199-7880,서울특별시 용산구청,2026-06-13
청파530(청파동126),1,,서울특별시 용산구청파동 132-30,,,2022,,02-2199-7880,서울특별시 용산구청,2026-06-13
청파532(청파동128),1,,서울특별시 용산구청파동 132-11,,,2022,,02-2199-7880,서울특별시 용산구청,2026-06-13
청파533(청파동125),1,,서울특별시 용산구청파동 132-4,,,2022,,02-2199-7880,서울특별시 용산구청,2026-06-13
청파534(청파동116),1,,서울특별시 용산구청파동 148-2,,,2022,,02-2199-7880,서울특별시 용산구청,2026-06-13
청파535(청파동115),1,,서울특별시 용산구청파동 132-56,,,2022,,02-2199-7880,서울특별시 용산구청,2026-06-13
청파548(청파동113),1,,서울특별시 용산구청파동 123-4,,,2022,,02-2199-7880,서울특별시 용산구청,2026-06-13
청파549(청파동111),1,,서울특별시 용산구청파동 160-2,,,2022,,02-2199-7880,서울특별시 용산구청,2026-06-13
청파550(청파동110),1,,서울특별시 용산구청파동 160-6,,,2022,,02-2199-7880,서울특별시 용산구청,2026-06-13
청파551(청파동109),1,,서울특별시 용산구청파동 160-6,,,2022,,02-2199-7880,서울특별시 용산구청,2026-06-13
청파552(청파동108),1,,서울특별시 용산구청파동 165-9,,,2022,,02-2199-7880,서울특별시 용산구청,2026-06-13
청파553(청파동103),1,,서울특별시 용산구청파동 121-10,,,2022,,02-2199-7880,서울특별시 용산구청,2026-06-13
청파554(청파동107),1,,서울특별시 용산구청파동 122-2,,,2022,,02-2199-7880,서울특별시 용산구청,2026-06-13
청파555(청파동90),1,,서울특별시 용산구청파동 118-4,,,2022,,02-2199-7880,서울특별시 용산구청,2026-06-13
청파557(청파동89),1,,서울특별시 용산구청파동 118-3,,,2022,,02-2199-7880,서울특별시 용산구청,2026-06-13
청파5588(청파동86),1,,서울특별시 용산구청파동 177-6,,,2022,,02-2199-7880,서울특별시 용산구청,2026-06-13
청파559(청파동87),1,,서울특별시 용산구청파동 177-9,,,2022,,02-2199-7880,서울특별시 용산구청,2026-06-13
청파560(청파동88),1,,서울특별시 용산구청파동 177-12,,,2022,,02-2199-7880,서울특별시 용산구청,2026-06-13
청파561(청파동92),1,,서울특별시 용산구청파동 113-12,,,2022,,02-2199-7880,서울특별시 용산구청,2026-06-13
청파562(청파동93),1,,서울특별시 용산구청파동 113-12,,,2022,,02-2199-7880,서울특별시 용산구청,2026-06-13
청파563(청파동94),1,,서울특별시 용산구청파동 113-37,,,2022,,02-2199-7880,서울특별시 용산구청,2026-06-13
청파564(청파동95),1,,서울특별시 용산구청파동 113-12,,,2022,,02-2199-7880,서울특별시 용산구청,2026-06-13
청파565(청파동96),1,,서울특별시 용산구청파동 113-34,,,2022,,02-2199-7880,서울특별시 용산구청,2026-06-13
청파566(청파동97),1,,서울특별시 용산구청파동 113-12,,,2022,,02-2199-7880,서울특별시 용산구청,2026-06-13
청파567(청파동98),1,,서울특별시 용산구청파동 100-36,,,2022,,02-2199-7880,서울특별시 용산구청,2026-06-13
청파568(청파동104),1,,서울특별시 용산구청파동 113-9,,,2022,,02-2199-7880,서울특별시 용산구청,2026-06-13
청파569(청파동105),1,,서울특별시 용산구청파동 113-10,,,2022,,02-2199-7880,서울특별시 용산구청,2026-06-13
청파574(청파동144),1,,서울특별시 용산구청파동 67-7,,,2022,,02-2199-7880,서울특별시 용산구청,2026-06-13
청파575(청파동145),1,,서울특별시 용산구청파동 78-1,,,2022,,02-2199-7880,서울특별시 용산구청,2026-06-13
청파576(청파동146),1,,서울특별시 용산구청파동 67-7,,,2022,,02-2199-7880,서울특별시 용산구청,2026-06-13
청파577(청파동147),1,,서울특별시 용산구청파동 78-1,,,2022,,02-2199-7880,서울특별시 용산구청,2026-06-13
청파578(청파동148),1,,서울특별시 용산구청파동 87-2,,,2022,,02-2199-7880,서울특별시 용산구청,2026-06-13
청파582(청파동150),1,,서울특별시 용산구청파동 97-8,,,2022,,02-2199-7880,서울특별시 용산구청,2026-06-13
"청파583(청파동151,154)",1,,서울특별시 용산구청파동 97-10,,,2022,,02-2199-7880,서울특별시 용산구청,2026-06-13
청파585(청파동153),1,,서울특별시 용산구청파동 97-81,,,2022,,02-2199-7880,서울특별시 용산구청,2026-06-13
청파586(청파동155),1,,서울특별시 용산구청파동 97-13,,,2022,,02-2199-7880,서울특별시 용산구청,2026-06-13
청파587(청파동156),1,,서울특별시 용산구청파동 97-49,,,2022,,02-2199-7880,서울특별시 용산구청,2026-06-13
청파588(청파동157),1,,서울특별시 용산구청파동 97-24,,,2022,,02-2199-7880,서울특별시 용산구청,2026-06-13
청파589(청파동162),1,,서울특별시 용산구청파동 97-21,,,2022,,02-2199-7880,서울특별시 용산구청,2026-06-13
청파590(청파동161),1,,서울특별시 용산구청파동 97-46,,,2022,,02-2199-7880,서울특별시 용산구청,2026-06-13
청파591(청파동163),1,,서울특별시 용산구청파동 89-27,,,2022,,02-2199-7880,서울특별시 용산구청,2026-06-13
청파592(청파동164),1,,서울특별시 용산구청파동 89-72,,,2022,,02-2199-7880,서울특별시 용산구청,2026-06-13
청파594(청파동168),1,,서울특별시 용산구청파동 89-72,,,2022,,02-2199-7880,서울특별시 용산구청,2026-06-13
청파595(청파동167),1,,서울특별시 용산구청파동 89-72,,,2022,,02-2199-7880,서울특별시 용산구청,2026-06-13
청파596(청파동240),1,,서울특별시 용산구청파동 89-10,,,2022,,02-2199-7880,서울특별시 용산구청,2026-06-13
청파602(청파동171),1,,서울특별시 용산구청파동 89-8,,,2022,,02-2199-7880,서울특별시 용산구청,2026-06-13
청파603(청파동169),1,,서울특별시 용산구청파동 89-13,,,2022,,02-2199-7880,서울특별시 용산구청,2026-06-13
청파604(청파동170),1,,서울특별시 용산구청파동 89-13,,,2022,,02-2199-7880,서울특별시 용산구청,2026-06-13
청파605(청파동160),1,,서울특별시 용산구청파동 89-33,,,2022,,02-2199-7880,서울특별시 용산구청,2026-06-13
청파618(청파동264),1,,서울특별시 용산구청파동 93-15,,,2022,,02-2199-7880,서울특별시 용산구청,2026-06-13
청파619(청파동265),1,,서울특별시 용산구청파동 93-13,,,2022,,02-2199-7880,서울특별시 용산구청,2026-06-13
청파62(청파동316),1,,서울특별시 용산구청파동 93-28,,,2022,,02-2199-7880,서울특별시 용산구청,2026-06-13
청파623(청파동310),1,,서울특별시 용산구청파동 93-41,,,2022,,02-2199-7880,서울특별시 용산구청,2026-06-13
청파624(청파동308),1,,서울특별시 용산구청파동 93-45,,,2022,,02-2199-7880,서울특별시 용산구청,2026-06-13
청파625(청파동306),1,,서울특별시 용산구청파동 93-21,,,2022,,02-2199-7880,서울특별시 용산구청,2026-06-13
청파626(청파동307),1,,서울특별시 용산구청파동 93-37,,,2022,,02-2199-7880,서울특별시 용산구청,2026-06-13
청파627(청파동270),1,,서울특별시 용산구청파동 201-7,,,2022,,02-2199-7880,서울특별시 용산구청,2026-06-13
청파629(청파동271),1,,서울특별시 용산구청파동 201-1,,,2022,,02-2199-7880,서울특별시 용산구청,2026-06-13
청파630(청파동278),1,,서울특별시 용산구청파동 200-14,,,2022,,02-2199-7880,서울특별시 용산구청,2026-06-13
청파633(청파동304),1,,서울특별시 용산구청파동 202-3,,,2022,,02-2199-7880,서울특별시 용산구청,2026-06-13
청파634(청파동286),1,,서울특별시 용산구청파동 202-7,,,2022,,02-2199-7880,서울특별시 용산구청,2026-06-13
청파635(청파동300),1,,서울특별시 용산구청파동 202-13,,,2022,,02-2199-7880,서울특별시 용산구청,2026-06-13
청파636(청파동299),1,,서울특별시 용산구청파동 202-19,,,2022,,02-2199-7880,서울특별시 용산구청,2026-06-13
청파640(청파동283),1,,서울특별시 용산구청파동 200-10,,,2022,,02-2199-7880,서울특별시 용산구청,2026-06-13
청파641(청파동281),1,,서울특별시 용산구청파동 200-1,,,2022,,02-2199-7880,서울특별시 용산구청,2026-06-13
청파645(청파동895),1,,서울특별시 용산구청파동 200-14,,,2022,,02-2199-7880,서울특별시 용산구청,2026-06-13
청파646(청파동896),1,,서울특별시 용산구청파동 1-42,,,2022,,02-2199-7880,서울특별시 용산구청,2026-06-13
청파647(청파동894),1,,서울특별시 용산구청파동 1-42,,,2022,,02-2199-7880,서울특별시 용산구청,2026-06-13
청파648(청파동893),1,,서울특별시 용산구청파동 1-42,,,2022,,02-2199-7880,서울특별시 용산구청,2026-06-13
청파650(청파동292),1,,서울특별시 용산구청파동 200-14,,,2022,,02-2199-7880,서울특별시 용산구청,2026-06-13
청파651(청파동290),1,,서울특별시 용산구청파동 203-3,,,2022,,02-2199-7880,서울특별시 용산구청,2026-06-13
청파654(청파동294),1,,서울특별시 용산구청파동 204,,,2022,,02-2199-7880,서울특별시 용산구청,2026-06-13
청파658(청파동301),1,,서울특별시 용산구청파동 202-14,,,2022,,02-2199-7880,서울특별시 용산구청,2026-06-13
청파660(청파동891),1,,서울특별시 용산구청파동 1-177,,,2022,,02-2199-7880,서울특별시 용산구청,2026-06-13
청파661(청파동890),1,,서울특별시 용산구청파동 1-177,,,2022,,02-2199-7880,서울특별시 용산구청,2026-06-13
청파663(청파동315),1,,서울특별시 용산구청파동 89-124,,,2022,,02-2199-7880,서울특별시 용산구청,2026-06-13
청파664(청파동892),1,,서울특별시 용산구청파동 1-42,,,2022,,02-2199-7880,서울특별시 용산구청,2026-06-13
청파675(청파동800),1,,서울특별시 용산구청파동 89-54,,,2022,,02-2199-7880,서울특별시 용산구청,2026-06-13
청파676(청파동801),1,,서울특별시 용산구청파동 89-78,,,2022,,02-2199-7880,서울특별시 용산구청,2026-06-13
청파684(청파동932),1,,서울특별시 용산구청파동 97-46,,,2022,,02-2199-7880,서울특별시 용산구청,2026-06-13
청파685(청파동931),1,,서울특별시 용산구청파동 97-32,,,2022,,02-2199-7880,서울특별시 용산구청,2026-06-13
청파686(청파동904),1,,서울특별시 용산구청파동 2-1,,,2022,,02-2199-7880,서울특별시 용산구청,2026-06-13
청파691(청파동927),1,,서울특별시 용산구청파동 1-131,,,2022,,02-2199-7880,서울특별시 용산구청,2026-06-13
청파695(청파동923),1,,서울특별시 용산구청파동 1-88,,,2022,,02-2199-7880,서울특별시 용산구청,2026-06-13
"청파696(청파동919,920)",1,,서울특별시 용산구청파동 1-53,,,2022,,02-2199-7880,서울특별시 용산구청,2026-06-13
청파703(청파동885),1,,서울특별시 용산구청파동 1-177,,,2022,,02-2199-7880,서울특별시 용산구청,2026-06-13
청파709(청파동882),1,,서울특별시 용산구청파동 1-174,,,2021,,02-2199-7880,서울특별시 용산구청,2026-06-13
청파723(청파동1175),1,,서울특별시 용산구청파동 3-8,,,2022,,02-2199-7880,서울특별시 용산구청,2026-06-13
청파724(청파동1176),1,,서울특별시 용산구청파동 3-24,,,2022,,02-2199-7880,서울특별시 용산구청,2026-06-13
청파725(청파동1177),1,,서울특별시 용산구청파동 3-21,,,2022,,02-2199-7880,서울특별시 용산구청,2026-06-13
청파731(청파동908),1,,서울특별시 용산구청파동 7-2,,,2022,,02-2199-7880,서울특별시 용산구청,2026-06-13
청파738(청파동1178),1,,서울특별시 용산구청파동 2-1,,,2022,,02-2199-7880,서울특별시 용산구청,2026-06-13
청파739(청파동905),1,,서울특별시 용산구청파동 2-27,,,2022,,02-2199-7880,서울특별시 용산구청,2026-06-13
청파740(청파동906),1,,서울특별시 용산구청파동 2-27,,,2022,,02-2199-7880,서울특별시 용산구청,2026-06-13
청파741(청파동907),1,,서울특별시 용산구청파동 6-10,,,2022,,02-2199-7880,서울특별시 용산구청,2026-06-13
청파746(청파동856),1,,서울특별시 용산구청파동 47-1,,,2022,,02-2199-7880,서울특별시 용산구청,2026-06-13
청파774(청파동875),1,,서울특별시 용산구청파동 8-4,,,2021,,02-2199-7880,서울특별시 용산구청,2026-06-13
청파775(청파동876),1,,서울특별시 용산구청파동 8-50,,,2021,,02-2199-7880,서울특별시 용산구청,2026-06-13
청파776(청파동874),1,,서울특별시 용산구청파동 8-50,,,2021,,02-2199-7880,서울특별시 용산구청,2026-06-13
청파779(청파동871),1,,서울특별시 용산구청파동 9-22,,,2021,,02-2199-7880,서울특별시 용산구청,2026-06-13
청파780(청파동873),1,,서울특별시 용산구청파동 9-22,,,2022,,02-2199-7880,서울특별시 용산구청,2026-06-13
청파782(청파동899),1,,서울특별시 용산구청파동 10-53,,,2022,,02-2199-7880,서울특별시 용산구청,2026-06-13
청파783(청파동900),1,,서울특별시 용산구청파동 8-18,,,2022,,02-2199-7880,서울특별시 용산구청,2026-06-13
청파785(청파동902),1,,서울특별시 용산구청파동 2-20,,,2022,,02-2199-7880,서울특별시 용산구청,2026-06-13
청파787(청파동958),1,,서울특별시 용산구청파동 10-19,,,2021,,02-2199-7880,서울특별시 용산구청,2026-06-13
청파792(청파동956),1,,서울특별시 용산구청파동 98-26,,,2022,,02-2199-7880,서울특별시 용산구청,2026-06-13
청파794(청파동954),1,,서울특별시 용산구청파동 98-26,,,2022,,02-2199-7880,서울특별시 용산구청,2026-06-13
청파796(청파동952),1,,서울특별시 용산구청파동 98-12,,,2021,,02-2199-7880,서울특별시 용산구청,2026-06-13
청파803(청파동960),1,,서울특별시 용산구청파동 10-19,,,2021,,02-2199-7880,서울특별시 용산구청,2026-06-13
청파804(청파동961),1,,서울특별시 용산구청파동 10-56,,,2022,,02-2199-7880,서울특별시 용산구청,2026-06-13
청파805(청파동962),1,,서울특별시 용산구청파동 10-157,,,2022,,02-2199-7880,서울특별시 용산구청,2026-06-13
청파806(청파동963),1,,서울특별시 용산구청파동 10-32,,,2022,,02-2199-7880,서울특별시 용산구청,2026-06-13
청파810(청파동59),1,,서울특별시 용산구청파동 100-3,,,2022,,02-2199-7880,서울특별시 용산구청,2026-06-13
청파811(청파동58),1,,서울특별시 용산구청파동 100-35,,,2022,,02-2199-7880,서울특별시 용산구청,2026-06-13
청파812(청파동60),1,,서울특별시 용산구청파동 102-13,,,2022,,02-2199-7880,서울특별시 용산구청,2026-06-13
청파813(청파동61),1,,서울특별시 용산구청파동 100-3,,,2022,,02-2199-7880,서울특별시 용산구청,2026-06-13
청파814(청파동62),1,,서울특별시 용산구청파동 11-11,,,2022,,02-2199-7880,서울특별시 용산구청,2026-06-13
청파815(청파동63),1,,서울특별시 용산구청파동 11-12,,,2022,,02-2199-7880,서울특별시 용산구청,2026-06-13
청파816(청파동64),1,,서울특별시 용산구청파동 107-1,,,2022,,02-2199-7880,서울특별시 용산구청,2026-06-13
청파817(청파동65),1,,서울특별시 용산구청파동 101-4,,,2022,,02-2199-7880,서울특별시 용산구청,2026-06-13
청파818(청파동66),1,,서울특별시 용산구청파동 105-2,,,2022,,02-2199-7880,서울특별시 용산구청,2026-06-13
청파819(청파동67),1,,서울특별시 용산구청파동 110-1,,,2022,,02-2199-7880,서울특별시 용산구청,2026-06-13
청파821(청파동69),1,,서울특별시 용산구청파동 113,,,2022,,02-2199-7880,서울특별시 용산구청,2026-06-13
청파822(청파동84),1,,서울특별시 용산구청파동 113,,,2022,,02-2199-7880,서울특별시 용산구청,2026-06-13
청파823(청파동70),1,,서울특별시 용산구청파동 106-2,,,2022,,02-2199-7880,서울특별시 용산구청,2026-06-13
청파824(청파동83),1,,서울특별시 용산구청파동 114-5,,,2022,,02-2199-7880,서울특별시 용산구청,2026-06-13
청파825(청파동82),1,,서울특별시 용산구청파동 113-1,,,2022,,02-2199-7880,서울특별시 용산구청,2026-06-13
청파826(청파동85),1,,서울특별시 용산구청파동 104-32,,,2022,,02-2199-7880,서울특별시 용산구청,2026-06-13
청파827(청파동79),1,,서울특별시 용산구청파동 106-8,,,2022,,02-2199-7880,서울특별시 용산구청,2026-06-13
청파828(청파동80),1,,서울특별시 용산구청파동 106-7,,,2022,,02-2199-7880,서울특별시 용산구청,2026-06-13
청파829(청파동81),1,,서울특별시 용산구청파동 106-15,,,2022,,02-2199-7880,서울특별시 용산구청,2026-06-13
청파831(청파동77),1,,서울특별시 용산구청파동 106-17,,,2022,,02-2199-7880,서울특별시 용산구청,2026-06-13
청파832(청파동76),1,,서울특별시 용산구청파동 106-17,,,2022,,02-2199-7880,서울특별시 용산구청,2026-06-13
청파833(청파동74),1,,서울특별시 용산구청파동 18-2,,,2022,,02-2199-7880,서울특별시 용산구청,2026-06-13
청파834(청파동75),1,,서울특별시 용산구청파동 16-1,,,2022,,02-2199-7880,서울특별시 용산구청,2026-06-13
청파835(청파동73),1,,서울특별시 용산구청파동 14-1,,,2022,,02-2199-7880,서울특별시 용산구청,2026-06-13
청파836(청파동72),1,,서울특별시 용산구청파동 111-3,,,2022,,02-2199-7880,서울특별시 용산구청,2026-06-13
청파837(청파동54),1,,서울특별시 용산구청파동 10-22,,,2022,,02-2199-7880,서울특별시 용산구청,2026-06-13
청파842(청파동49),1,,서울특별시 용산구청파동 10-25,,,2022,,02-2199-7880,서울특별시 용산구청,2026-06-13
청파843(청파동51),1,,서울특별시 용산구청파동 9-22,,,2022,,02-2199-7880,서울특별시 용산구청,2026-06-13
청파855(청파동39),1,,서울특별시 용산구청파동 25-1,,,2022,,02-2199-7880,서울특별시 용산구청,2026-06-13
청파동-100UB(청파동576),1,,서울특별시 용산구청파동 240-2,,,2021,,02-2199-7880,서울특별시 용산구청,2026-06-13
청파동-101UB(청파동577),1,,서울특별시 용산구청파동 240-1,,,2021,,02-2199-7880,서울특별시 용산구청,2026-06-13
청파동-102UB(청파동578),1,,서울특별시 용산구청파동 238-41,,,2021,,02-2199-7880,서울특별시 용산구청,2026-06-13
청파동-104UB(청파동582),1,,서울특별시 용산구청파동 237-9,,,2021,,02-2199-7880,서울특별시 용산구청,2026-06-13
청파동-105UB(청파동584),1,,서울특별시 용산구청파동 279,,,2021,,02-2199-7880,서울특별시 용산구청,2026-06-13
청파동-107UB(청파동586),1,,서울특별시 용산구청파동 237-17,,,2021,,02-2199-7880,서울특별시 용산구청,2026-06-13
청파동-110UB(청파동579),1,,서울특별시 용산구청파동 238-47,,,2021,,02-2199-7880,서울특별시 용산구청,2026-06-13
청파동-111UB(청파동540),1,,서울특별시 용산구청파동 281,,,2021,,02-2199-7880,서울특별시 용산구청,2026-06-13
청파동-112UB(청파동539),1,,서울특별시 용산구청파동 239-32,,,2021,,02-2199-7880,서울특별시 용산구청,2026-06-13
청파동-1141UB(청파동794),1,,서울특별시 용산구청파동 4-3,,,2021,,02-2199-7880,서울특별시 용산구청,2026-06-13
청파동-114UB(청파동541),1,,서울특별시 용산구청파동 281,,,2021,,02-2199-7880,서울특별시 용산구청,2026-06-13
청파동-115UB(청파동542),1,,서울특별시 용산구청파동 283,,,2021,,02-2199-7880,서울특별시 용산구청,2026-06-13
청파동-116UB(청파동538),1,,서울특별시 용산구청파동 283,,,2021,,02-2199-7880,서울특별시 용산구청,2026-06-13
청파동-1179(청파동588),1,,서울특별시 용산구청파동 237-21,,,2021,,02-2199-7880,서울특별시 용산구청,2026-06-13
청파동-1180UB(청파동933),1,,서울특별시 용산구청파동 97-46,,,2021,,02-2199-7880,서울특별시 용산구청,2026-06-13
청파동-136UB(청파동560),1,,서울특별시 용산구청파동 282,,,2021,,02-2199-7880,서울특별시 용산구청,2026-06-13
청파동-186UB(청파동507),1,,서울특별시 용산구청파동 259-3,,,2021,,02-2199-7880,서울특별시 용산구청,2026-06-13
청파동-187UB(청파동506),1,,서울특별시 용산구청파동 260-44,,,2021,,02-2199-7880,서울특별시 용산구청,2026-06-13
청파동-188UB(청파동505),1,,서울특별시 용산구청파동 259-3,,,2021,,02-2199-7880,서울특별시 용산구청,2026-06-13
청파동-217UB(청파동500),1,,서울특별시 용산구청파동 259-3,,,2021,,02-2199-7880,서울특별시 용산구청,2026-06-13
청파동-218UB(청파동501),1,,서울특별시 용산구청파동 259-3,,,2021,,02-2199-7880,서울특별시 용산구청,2026-06-13
청파동-246UB(청파동480),1,,서울특별시 용산구청파동 251-77,,,2021,,02-2199-7880,서울특별시 용산구청,2026-06-13
청파동-247UB(청파동479),1,,서울특별시 용산구청파동 259-3,,,2021,,02-2199-7880,서울특별시 용산구청,2026-06-13
청파동-294UB(청파동430),1,,서울특별시 용산구청파동 33-101,,,2021,,02-2199-7880,서울특별시 용산구청,2026-06-13
청파동-296UB(청파동605),1,,서울특별시 용산구청파동 32-1,,,2022,,02-2199-7880,서울특별시 용산구청,2026-06-13
청파동-302UB(청파동436),1,,서울특별시 용산구청파동 297,,,2021,,02-2199-7880,서울특별시 용산구청,2026-06-13
청파동-303UB(청파동437),1,,서울특별시 용산구청파동 13-1,,,2021,,02-2199-7880,서울특별시 용산구청,2026-06-13
청파동-308UB(청파동948),1,,서울특별시 용산구청파동 297,,,2021,,02-2199-7880,서울특별시 용산구청,2026-06-13
청파동-310UB(청파동946),1,,서울특별시 용산구청파동 281,,,2021,,02-2199-7880,서울특별시 용산구청,2026-06-13
청파동-311UB(청파동444),1,,서울특별시 용산구청파동 299,,,2022,,02-2199-7880,서울특별시 용산구청,2026-06-13
청파동-378UB(청파동207),1,,서울특별시 용산구청파동 114-2,,,2021,,02-2199-7880,서울특별시 용산구청,2026-06-13
청파동-386(청파동205),1,,서울특별시 용산구청파동 209,,,2022,,02-2199-7880,서울특별시 용산구청,2026-06-13
청파동-419UB(청파동218),1,,서울특별시 용산구청파동 1-194,,,2021,,02-2199-7880,서울특별시 용산구청,2026-06-13
청파동-420UB(청파동224),1,,서울특별시 용산구청파동 1-194,,,2021,,02-2199-7880,서울특별시 용산구청,2026-06-13
청파동-457UB(청파동764),1,,서울특별시 용산구청파동 1-58,,,2021,,02-2199-7880,서울특별시 용산구청,2026-06-13
청파동-458UB(청파동763),1,,서울특별시 용산구청파동 1-75,,,2021,,02-2199-7880,서울특별시 용산구청,2026-06-13
청파동-461UB(청파동760),1,,서울특별시 용산구청파동 1-63,,,2021,,02-2199-7880,서울특별시 용산구청,2026-06-13
청파동-462UB(청파동759),1,,서울특별시 용산구청파동 1-75,,,2021,,02-2199-7880,서울특별시 용산구청,2026-06-13
청파동-463UB(청파동757),1,,서울특별시 용산구청파동 1-70,,,2021,,02-2199-7880,서울특별시 용산구청,2026-06-13
청파동-464UB(청파동758),1,,서울특별시 용산구청파동 170,,,2021,,02-2199-7880,서울특별시 용산구청,2026-06-13
청파동-465UB(청파동765),1,,서울특별시 용산구청파동 1-75,,,2021,,02-2199-7880,서울특별시 용산구청,2026-06-13
청파동-467UB(청파동756),1,,서울특별시 용산구청파동 1-71,,,2021,,02-2199-7880,서울특별시 용산구청,2026-06-13
청파동-470UB(청파동779),1,,서울특별시 용산구청파동 3-92,,,2021,,02-2199-7880,서울특별시 용산구청,2026-06-13
청파동-476UB(청파동280),1,,서울특별시 용산구청파동 1-148,,,2021,,02-2199-7880,서울특별시 용산구청,2026-06-13
청파동-477UB(청파동277),1,,서울특별시 용산구청파동 3-59,,,2021,,02-2199-7880,서울특별시 용산구청,2026-06-13
청파동-479UB(청파동273),1,,서울특별시 용산구청파동 3-59,,,2021,,02-2199-7880,서울특별시 용산구청,2026-06-13
청파동-481UB(청파동275),1,,서울특별시 용산구청파동 3-11,,,2021,,02-2199-7880,서울특별시 용산구청,2026-06-13
청파동-483UB(청파동789),1,,서울특별시 용산구청파동 3-12,,,2021,,02-2199-7880,서울특별시 용산구청,2026-06-13
청파동-484UB(청파동790),1,,서울특별시 용산구청파동 3-43,,,2021,,02-2199-7880,서울특별시 용산구청,2026-06-13
청파동-486UB(청파동792),1,,서울특별시 용산구청파동 3-26,,,2021,,02-2199-7880,서울특별시 용산구청,2026-06-13
청파동-487UB(청파동793),1,,서울특별시 용산구청파동 3-22,,,2021,,02-2199-7880,서울특별시 용산구청,2026-06-13
청파동-488UB(청파동320),1,,서울특별시 용산구청파동 3-5,,,2021,,02-2199-7880,서울특별시 용산구청,2026-06-13
청파동-489UB(청파동773),1,,서울특별시 용산구청파동 3-27,,,2022,,02-2199-7880,서울특별시 용산구청,2026-06-13
청파동-490UB(청파동774),1,,서울특별시 용산구청파동 3-16,,,2021,,02-2199-7880,서울특별시 용산구청,2026-06-13
청파동-491UB(청파동775),1,,서울특별시 용산구청파동 3-113,,,2021,,02-2199-7880,서울특별시 용산구청,2026-06-13
청파동-493UB(청파동778),1,,서울특별시 용산구청파동 3-71,,,2021,,02-2199-7880,서울특별시 용산구청,2026-06-13
청파동-495UB(청파동252),1,,서울특별시 용산구청파동 6-1,,,2021,,02-2199-7880,서울특별시 용산구청,2026-06-13
청파동-496UB(청파동246),1,,서울특별시 용산구청파동 7-17,,,2021,,02-2199-7880,서울특별시 용산구청,2026-06-13
청파동-497UB(청파동768),1,,서울특별시 용산구청파동 7-17,,,2021,,02-2199-7880,서울특별시 용산구청,2026-06-13
청파동-498UB(청파동769),1,,서울특별시 용산구청파동 7-31,,,2021,,02-2199-7880,서울특별시 용산구청,2026-06-13
청파동-500UB(청파동771),1,,서울특별시 용산구청파동 12-1,,,2021,,02-2199-7880,서울특별시 용산구청,2026-06-13
청파동-504UB(청파동244),1,,서울특별시 용산구청파동 91-48,,,2021,,02-2199-7880,서울특별시 용산구청,2026-06-13
청파동-505(청파동247),1,,서울특별시 용산구청파동 1-36,,,2021,,02-2199-7880,서울특별시 용산구청,2026-06-13
청파동-506UB(청파동249),1,,서울특별시 용산구청파동 91-64,,,2021,,02-2199-7880,서울특별시 용산구청,2026-06-13
청파동-508UB(청파동235),1,,서울특별시 용산구청파동 91-26,,,2021,,02-2199-7880,서울특별시 용산구청,2026-06-13
청파동-509UB(청파동234),1,,서울특별시 용산구청파동 91-18,,,2021,,02-2199-7880,서울특별시 용산구청,2026-06-13
청파동-510(청파동233),1,,서울특별시 용산구청파동 1-75,,,2021,,02-2199-7880,서울특별시 용산구청,2026-06-13
청파동-512UB(청파동176),1,,서울특별시 용산구청파동 59-3,,,2021,,02-2199-7880,서울특별시 용산구청,2026-06-13
청파동-513UB(청파동177),1,,서울특별시 용산구청파동 59-3,,,2021,,02-2199-7880,서울특별시 용산구청,2026-06-13
청파동-514UB(청파동174),1,,서울특별시 용산구청파동 91-6,,,2021,,02-2199-7880,서울특별시 용산구청,2026-06-13
청파동-515UB(청파동173),1,,서울특별시 용산구청파동 89-72,,,2021,,02-2199-7880,서울특별시 용산구청,2026-06-13
청파동-516UB(청파동139),1,,서울특별시 용산구청파동 89-100,,,2021,,02-2199-7880,서울특별시 용산구청,2026-06-13
청파동-570UB(청파동106),1,,서울특별시 용산구청파동 116-8,,,2021,,02-2199-7880,서울특별시 용산구청,2026-06-13
청파동-571UB(청파동102),1,,서울특별시 용산구청파동 116-21,,,2021,,02-2199-7880,서울특별시 용산구청,2026-06-13
청파동-572UB(청파동101),1,,서울특별시 용산구청파동 67-7,,,2021,,02-2199-7880,서울특별시 용산구청,2026-06-13
청파동-573UB(청파동100),1,,서울특별시 용산구청파동 121-24,,,2021,,02-2199-7880,서울특별시 용산구청,2026-06-13
청파동-579UB(청파동99),1,,서울특별시 용산구청파동 67-7,,,2021,,02-2199-7880,서울특별시 용산구청,2026-06-13
청파동-57UB(청파동636),1,,서울특별시 용산구청파동 1,,,2021,,02-2199-7880,서울특별시 용산구청,2026-06-13
청파동-58UB(청파동635),1,,서울특별시 용산구청파동 1,,,2021,,02-2199-7880,서울특별시 용산구청,2026-06-13
청파동-593(청파동166),1,,서울특별시 용산구청파동 89-72,,,2022,,02-2199-7880,서울특별시 용산구청,2026-06-13
청파동-597UB(청파동239),1,,서울특별시 용산구청파동 89-72,,,2021,,02-2199-7880,서울특별시 용산구청,2026-06-13
청파동-598UB(청파동238),1,,서울특별시 용산구청파동 89-176,,,2021,,02-2199-7880,서울특별시 용산구청,2026-06-13
청파동-599UB(청파동237),1,,서울특별시 용산구청파동 89-14,,,2021,,02-2199-7880,서울특별시 용산구청,2026-06-13
청파동-600UB(청파동236),1,,서울특별시 용산구청파동 89-172,,,2021,,02-2199-7880,서울특별시 용산구청,2026-06-13
청파동-601UB(청파동172),1,,서울특별시 용산구청파동 89-72,,,2021,,02-2199-7880,서울특별시 용산구청,2026-06-13
청파동-606UB(청파동158),1,,서울특별시 용산구청파동 89-72,,,2021,,02-2199-7880,서울특별시 용산구청,2026-06-13
청파동-609UB(청파동243),1,,서울특별시 용산구청파동 89-72,,,2021,,02-2199-7880,서울특별시 용산구청,2026-06-13
청파동-610(D해지)(청파동796)UB,1,,서울특별시 용산구청파동 89-72,,,2022,,02-2199-7880,서울특별시 용산구청,2026-06-13
청파동-611(D해지)(청파동795)UB,1,,서울특별시 용산구청파동 89-47,,,2021,,02-2199-7880,서울특별시 용산구청,2026-06-13
청파동-612UB(청파동254),1,,서울특별시 용산구청파동 3-103,,,2021,,02-2199-7880,서울특별시 용산구청,2026-06-13
청파동-613UB(청파동253),1,,서울특별시 용산구청파동 9-1,,,2021,,02-2199-7880,서울특별시 용산구청,2026-06-13
"청파동-614UB(청파동255,6)",1,,서울특별시 용산구청파동 3-86,,,2021,,02-2199-7880,서울특별시 용산구청,2026-06-13
"청파동-615UB(청파동258,9)",1,,서울특별시 용산구청파동 3-79,,,2021,,02-2199-7880,서울특별시 용산구청,2026-06-13
"청파동-616UB(청파동260,1)",1,,서울특별시 용산구청파동 3-80,,,2021,,02-2199-7880,서울특별시 용산구청,2026-06-13
"청파동-620UB(청파동266,7)",1,,서울특별시 용산구청파동 200-14,,,2021,,02-2199-7880,서울특별시 용산구청,2026-06-13
"청파동-628UB(청파동268,9)",1,,서울특별시 용산구청파동 3-11,,,2021,,02-2199-7880,서울특별시 용산구청,2026-06-13
청파동-631UB(청파동279),1,,서울특별시 용산구청파동 201,,,2021,,02-2199-7880,서울특별시 용산구청,2026-06-13
청파동-632UB(청파동302),1,,서울특별시 용산구청파동 202-4,,,2021,,02-2199-7880,서울특별시 용산구청,2026-06-13
청파동-637UB(청파동303),1,,서울특별시 용산구청파동 202,,,2021,,02-2199-7880,서울특별시 용산구청,2026-06-13
청파동-638UB(청파동284),1,,서울특별시 용산구청파동 202,,,2021,,02-2199-7880,서울특별시 용산구청,2026-06-13
청파동-639UB(청파동282),1,,서울특별시 용산구청파동 200-10,,,2021,,02-2199-7880,서울특별시 용산구청,2026-06-13
청파동-642UB(청파동285),1,,서울특별시 용산구청파동 200-14,,,2021,,02-2199-7880,서울특별시 용산구청,2026-06-13
청파동-643UB(청파동287),1,,서울특별시 용산구청파동 205,,,2021,,02-2199-7880,서울특별시 용산구청,2026-06-13
청파동-644UB(청파동288),1,,서울특별시 용산구청파동 205-1,,,2021,,02-2199-7880,서울특별시 용산구청,2026-06-13
청파동-652UB(청파동289),1,,서울특별시 용산구청파동 202-10,,,2021,,02-2199-7880,서울특별시 용산구청,2026-06-13
청파동-653UB(청파동291),1,,서울특별시 용산구청파동 204-2,,,2021,,02-2199-7880,서울특별시 용산구청,2026-06-13
청파동-655UB(청파동295),1,,서울특별시 용산구청파동 202-21,,,2021,,02-2199-7880,서울특별시 용산구청,2026-06-13
청파동-656UB(청파동297),1,,서울특별시 용산구청파동 201-5,,,2021,,02-2199-7880,서울특별시 용산구청,2026-06-13
청파동-657UB(청파동298),1,,서울특별시 용산구청파동 200-14,,,2021,,02-2199-7880,서울특별시 용산구청,2026-06-13
청파동-659UB(청파동296),1,,서울특별시 용산구청파동 204-4,,,2021,,02-2199-7880,서울특별시 용산구청,2026-06-13
청파동-662UB(청파동889),1,,서울특별시 용산구청파동 1-177,,,2021,,02-2199-7880,서울특별시 용산구청,2026-06-13
청파동-664UB(청파동314),1,,서울특별시 용산구청파동 89-72,,,2022,,02-2199-7880,서울특별시 용산구청,2026-06-13
청파동-665UB(청파동805),1,,서울특별시 용산구청파동 89-72,,,2021,,02-2199-7880,서울특별시 용산구청,2026-06-13
청파동-669UB(청파동318),1,,서울특별시 용산구청파동 89-103,,,2021,,02-2199-7880,서울특별시 용산구청,2026-06-13
청파동-670UB(청파동319),1,,서울특별시 용산구청파동 89-62,,,2021,,02-2199-7880,서울특별시 용산구청,2026-06-13
청파동-671UB(청파동804),1,,서울특별시 용산구청파동 89-63,,,2021,,02-2199-7880,서울특별시 용산구청,2026-06-13
청파동-672UB(청파동803),1,,서울특별시 용산구청파동 89-64,,,2021,,02-2199-7880,서울특별시 용산구청,2026-06-13
청파동-673UB(청파동802),1,,서울특별시 용산구청파동 89-72,,,2021,,02-2199-7880,서울특별시 용산구청,2026-06-13
청파동-674UB(청파동257),1,,서울특별시 용산구청파동 89-57,,,2021,,02-2199-7880,서울특별시 용산구청,2026-06-13
청파동-677UB(청파동799),1,,서울특별시 용산구청파동 89-54,,,2021,,02-2199-7880,서울특별시 용산구청,2026-06-13
청파동-678UB(청파동797),1,,서울특별시 용산구청파동 89-49,,,2021,,02-2199-7880,서울특별시 용산구청,2026-06-13
청파동-680UB(청파동938),1,,서울특별시 용산구청파동 89-72,,,2021,,02-2199-7880,서울특별시 용산구청,2026-06-13
청파동-681UB(청파동937),1,,서울특별시 용산구청파동 89-113,,,2022,,02-2199-7880,서울특별시 용산구청,2026-06-13
청파동-682UB(청파동935),1,,서울특별시 용산구청파동 97-28,,,2021,,02-2199-7880,서울특별시 용산구청,2026-06-13
청파동-683UB(청파동934),1,,서울특별시 용산구청파동 97-27,,,2021,,02-2199-7880,서울특별시 용산구청,2026-06-13
청파동-689UB(청파동928),1,,서울특별시 용산구청파동 97-28,,,2021,,02-2199-7880,서울특별시 용산구청,2026-06-13
청파동-690UB(청파동930),1,,서울특별시 용산구청파동 97-30,,,2021,,02-2199-7880,서울특별시 용산구청,2026-06-13
청파동-698(청파동921),1,,서울특별시 용산구청파동 1-7,,,2021,,02-2199-7880,서울특별시 용산구청,2026-06-13
청파동-705UB(청파동887),1,,서울특별시 용산구청파동 1-177,,,2021,,02-2199-7880,서울특별시 용산구청,2026-06-13
청파동-706UB(청파동888),1,,서울특별시 용산구청파동 1-42,,,2021,,02-2199-7880,서울특별시 용산구청,2026-06-13
청파동-71UB(청파동630),1,,서울특별시 용산구청파동 7-7,,,2021,,02-2199-7880,서울특별시 용산구청,2026-06-13
청파동-72UB(청파동627),1,,서울특별시 용산구청파동 8-1,,,2021,,02-2199-7880,서울특별시 용산구청,2026-06-13
청파동-73UB(청파동628),1,,서울특별시 용산구청파동 23,,,2021,,02-2199-7880,서울특별시 용산구청,2026-06-13
청파동-74UB(청파동629),1,,서울특별시 용산구청파동 234-9,,,2021,,02-2199-7880,서울특별시 용산구청,2026-06-13
청파동-75UB(청파동612),1,,서울특별시 용산구청파동 234-15,,,2021,,02-2199-7880,서울특별시 용산구청,2026-06-13
청파동-76UB(청파동613),1,,서울특별시 용산구청파동 234-42,,,2021,,02-2199-7880,서울특별시 용산구청,2026-06-13
청파동-78UB(청파동614),1,,서울특별시 용산구청파동 235-33,,,2021,,02-2199-7880,서울특별시 용산구청,2026-06-13
청파동-797UB(청파동951),1,,서울특별시 용산구청파동 98-7,,,2021,,02-2199-7880,서울특별시 용산구청,2026-06-13
청파동-798(청파동949),1,,서울특별시 용산구청파동 100-36,,,2022,,02-2199-7880,서울특별시 용산구청,2026-06-13
청파동-799UB(청파동950),1,,서울특별시 용산구청파동 100-7,,,2021,,02-2199-7880,서울특별시 용산구청,2026-06-13
청파동-79UB(청파동600),1,,서울특별시 용산구청파동 235-39,,,2021,,02-2199-7880,서울특별시 용산구청,2026-06-13
청파동-801UB(청파동965),1,,서울특별시 용산구청파동 100-17,,,2022,,02-2199-7880,서울특별시 용산구청,2026-06-13
청파동-80UB(청파동615),1,,서울특별시 용산구청파동 234-26,,,2021,,02-2199-7880,서울특별시 용산구청,2026-06-13
청파동-81UB(청파동596),1,,서울특별시 용산구청파동 232-19,,,2021,,02-2199-7880,서울특별시 용산구청,2026-06-13
청파동-83UB(청파동597),1,,서울특별시 용산구청파동 236-23,,,2021,,02-2199-7880,서울특별시 용산구청,2026-06-13
청파동-85UB(청파동591),1,,서울특별시 용산구청파동 236-31,,,2021,,02-2199-7880,서울특별시 용산구청,2026-06-13
청파동-86UB(청파동593),1,,서울특별시 용산구청파동 237-52,,,2021,,02-2199-7880,서울특별시 용산구청,2026-06-13
청파동-88UB(청파동592),1,,서울특별시 용산구청파동 279,,,2021,,02-2199-7880,서울특별시 용산구청,2026-06-13
청파동-89UB(청파동589),1,,서울특별시 용산구청파동 237-22,,,2021,,02-2199-7880,서울특별시 용산구청,2026-06-13
청파동-91UB(청파동598),1,,서울특별시 용산구청파동 279,,,2021,,02-2199-7880,서울특별시 용산구청,2026-06-13
청파동-92UB(청파동601),1,,서울특별시 용산구청파동 235-13,,,2021,,02-2199-7880,서울특별시 용산구청,2026-06-13
청파동-93UB(청파동602),1,,서울특별시 용산구청파동 281,,,2021,,02-2199-7880,서울특별시 용산구청,2026-06-13
청파동-94UB(청파동606),1,,서울특별시 용산구청파동 238-86,,,2021,,02-2199-7880,서울특별시 용산구청,2026-06-13
청파동-97UB(청파동609),1,,서울특별시 용산구청파동 238-86,,,2021,,02-2199-7880,서울특별시 용산구청,2026-06-13
청파동-98UB(청파동610),1,,서울특별시 용산구청파동 238-22,,,2021,,02-2199-7880,서울특별시 용산구청,2026-06-13
청파동1,1,,서울특별시 용산구청파동 91-1,,,2024,,02-2199-7880,서울특별시 용산구청,2026-06-13
청파동10,1,,서울특별시 용산구청파동 36-5,,,2024,,02-2199-7880,서울특별시 용산구청,2026-06-13
청파동1000,1,,서울특별시 용산구청파동 40-3,,,2024,,02-2199-7880,서울특별시 용산구청,2026-06-13
청파동1001,1,,서울특별시 용산구청파동 41,,,2024,,02-2199-7880,서울특별시 용산구청,2026-06-13
청파동1003,1,,서울특별시 용산구청파동 37-1,,,2012,,02-2199-7880,서울특별시 용산구청,2026-06-13
청파동1004,1,,서울특별시 용산구청파동 44,,,2012,,02-2199-7880,서울특별시 용산구청,2026-06-13
청파동1006,1,,서울특별시 용산구청파동 48-6,,,2024,,02-2199-7880,서울특별시 용산구청,2026-06-13
청파동1007,1,,서울특별시 용산구청파동 48-2,,,2012,,02-2199-7880,서울특별시 용산구청,2026-06-13
청파동1008,1,,서울특별시 용산구청파동 101-6,,,2012,,02-2199-7880,서울특별시 용산구청,2026-06-13
청파동1009,1,,서울특별시 용산구청파동 24-4,,,2024,,02-2199-7880,서울특별시 용산구청,2026-06-13
청파동1010,1,,서울특별시 용산구청파동 34,,,2012,,02-2199-7880,서울특별시 용산구청,2026-06-13
청파동1011,1,,서울특별시 용산구청파동 106-4,,,2024,,02-2199-7880,서울특별시 용산구청,2026-06-13
청파동1012,1,,서울특별시 용산구청파동 107-66,,,2024,,02-2199-7880,서울특별시 용산구청,2026-06-13
청파동1014,1,,서울특별시 용산구청파동 105-51,,,2012,,02-2199-7880,서울특별시 용산구청,2026-06-13
청파동1015,1,,서울특별시 용산구청파동 106-5,,,2012,,02-2199-7880,서울특별시 용산구청,2026-06-13
청파동1016,1,,서울특별시 용산구청파동 106-5,,,2012,,02-2199-7880,서울특별시 용산구청,2026-06-13
청파동1017,1,,서울특별시 용산구청파동 105-3,,,2012,,02-2199-7880,서울특별시 용산구청,2026-06-13
청파동1018,1,,서울특별시 용산구청파동 105-3,,,2012,,02-2199-7880,서울특별시 용산구청,2026-06-13
청파동1019,1,,서울특별시 용산구청파동 107-78,,,2012,,02-2199-7880,서울특별시 용산구청,2026-06-13
청파동1020,1,,서울특별시 용산구청파동 107-30,,,2012,,02-2199-7880,서울특별시 용산구청,2026-06-13
청파동1021,1,,서울특별시 용산구청파동 107-30,,,2024,,02-2199-7880,서울특별시 용산구청,2026-06-13
청파동1022,1,,서울특별시 용산구청파동 105-60,,,2012,,02-2199-7880,서울특별시 용산구청,2026-06-13
청파동1023,1,,서울특별시 용산구청파동 100,,,2012,,02-2199-7880,서울특별시 용산구청,2026-06-13
청파동1024,1,,서울특별시 용산구청파동 100,,,2020,,02-2199-7880,서울특별시 용산구청,2026-06-13
청파동1025,1,,서울특별시 용산구청파동 121-152,,,2024,,02-2199-7880,서울특별시 용산구청,2026-06-13
청파동1026,1,,서울특별시 용산구청파동 100,,,2012,,02-2199-7880,서울특별시 용산구청,2026-06-13
청파동1027,1,,서울특별시 용산구청파동 100,,,2012,,02-2199-7880,서울특별시 용산구청,2026-06-13
청파동1028,1,,서울특별시 용산구청파동 100,,,2012,,02-2199-7880,서울특별시 용산구청,2026-06-13
청파동1029,1,,서울특별시 용산구청파동 100,,,2012,,02-2199-7880,서울특별시 용산구청,2026-06-13
청파동1030,1,,서울특별시 용산구청파동 94-1,,,2012,,02-2199-7880,서울특별시 용산구청,2026-06-13
청파동1031,1,,서울특별시 용산구청파동 94-1,,,2012,,02-2199-7880,서울특별시 용산구청,2026-06-13
청파동1032,1,,서울특별시 용산구청파동 86-6,,,2024,,02-2199-7880,서울특별시 용산구청,2026-06-13
청파동1033,1,,서울특별시 용산구청파동 84-7,,,2012,,02-2199-7880,서울특별시 용산구청,2026-06-13
청파동1034,1,,서울특별시 용산구청파동 86-2,,,2012,,02-2199-7880,서울특별시 용산구청,2026-06-13
청파동1035,1,,서울특별시 용산구청파동 91-1,,,2012,,02-2199-7880,서울특별시 용산구청,2026-06-13
청파동1036,1,,서울특별시 용산구청파동 93-3,,,2012,,02-2199-7880,서울특별시 용산구청,2026-06-13
청파동1037,1,,서울특별시 용산구청파동 105-19,,,2012,,02-2199-7880,서울특별시 용산구청,2026-06-13
청파동1038,1,,서울특별시 용산구청파동 94,,,2012,,02-2199-7880,서울특별시 용산구청,2026-06-13
청파동1039,1,,서울특별시 용산구청파동 85-22,,,2012,,02-2199-7880,서울특별시 용산구청,2026-06-13
청파동1040,1,,서울특별시 용산구청파동 85-6,,,2024,,02-2199-7880,서울특별시 용산구청,2026-06-13
청파동1041,1,,서울특별시 용산구청파동 100,,,2012,,02-2199-7880,서울특별시 용산구청,2026-06-13
청파동1042,1,,서울특별시 용산구청파동 85-22,,,2012,,02-2199-7880,서울특별시 용산구청,2026-06-13
청파동1043,1,,서울특별시 용산구청파동 85-21,,,2012,,02-2199-7880,서울특별시 용산구청,2026-06-13
청파동1044,1,,서울특별시 용산구청파동 122-1,,,2012,,02-2199-7880,서울특별시 용산구청,2026-06-13
청파동1045,1,,서울특별시 용산구청파동 125-1,,,2012,,02-2199-7880,서울특별시 용산구청,2026-06-13
청파동1046,1,,서울특별시 용산구청파동 119-9,,,2024,,02-2199-7880,서울특별시 용산구청,2026-06-13
청파동1047,1,,서울특별시 용산구청파동 119-7,,,2024,,02-2199-7880,서울특별시 용산구청,2026-06-13
청파동1048,1,,서울특별시 용산구청파동 126-3,,,2024,,02-2199-7880,서울특별시 용산구청,2026-06-13
청파동1049,1,,서울특별시 용산구청파동 130-7,,,2024,,02-2199-7880,서울특별시 용산구청,2026-06-13
청파동1050,1,,서울특별시 용산구청파동 128-18,,,2024,,02-2199-7880,서울특별시 용산구청,2026-06-13
청파동1051,1,,서울특별시 용산구청파동 119-2,,,2024,,02-2199-7880,서울특별시 용산구청,2026-06-13
청파동1052,1,,서울특별시 용산구청파동 119-12,,,2024,,02-2199-7880,서울특별시 용산구청,2026-06-13
청파동1053,1,,서울특별시 용산구청파동 118-102,,,2024,,02-2199-7880,서울특별시 용산구청,2026-06-13
청파동1054,1,,서울특별시 용산구청파동 118-102,,,2024,,02-2199-7880,서울특별시 용산구청,2026-06-13
청파동1055,1,,서울특별시 용산구청파동 118-105,,,2024,,02-2199-7880,서울특별시 용산구청,2026-06-13
청파동1056,1,,서울특별시 용산구청파동 121-27,,,2024,,02-2199-7880,서울특별시 용산구청,2026-06-13
청파동1057,1,,서울특별시 용산구청파동 121-9,,,2024,,02-2199-7880,서울특별시 용산구청,2026-06-13
청파동1058,1,,서울특별시 용산구청파동 107-85,,,2012,,02-2199-7880,서울특별시 용산구청,2026-06-13
청파동1059,1,,서울특별시 용산구청파동 107-56,,,2012,,02-2199-7880,서울특별시 용산구청,2026-06-13
청파동1060,1,,서울특별시 용산구청파동 121-7,,,2024,,02-2199-7880,서울특별시 용산구청,2026-06-13
청파동1061,1,,서울특별시 용산구청파동 121-27,,,2024,,02-2199-7880,서울특별시 용산구청,2026-06-13
청파동1062,1,,서울특별시 용산구청파동 121-28,,,2024,,02-2199-7880,서울특별시 용산구청,2026-06-13
청파동1063,1,,서울특별시 용산구청파동 121-29,,,2024,,02-2199-7880,서울특별시 용산구청,2026-06-13
청파동1064,1,,서울특별시 용산구청파동 120-2,,,2024,,02-2199-7880,서울특별시 용산구청,2026-06-13
청파동1065,1,,서울특별시 용산구청파동 107-63,,,2015,,02-2199-7880,서울특별시 용산구청,2026-06-13
청파동1066,1,,서울특별시 용산구청파동 107-64,,,2012,,02-2199-7880,서울특별시 용산구청,2026-06-13
청파동1067,1,,서울특별시 용산구청파동 107-49,,,2012,,02-2199-7880,서울특별시 용산구청,2026-06-13
청파동1068,1,,서울특별시 용산구청파동 107-12,,,2024,,02-2199-7880,서울특별시 용산구청,2026-06-13
청파동1069,1,,서울특별시 용산구청파동 107-63,,,2024,,02-2199-7880,서울특별시 용산구청,2026-06-13
청파동1070,1,,서울특별시 용산구청파동 107-61,,,2024,,02-2199-7880,서울특별시 용산구청,2026-06-13
청파동1071,1,,서울특별시 용산구청파동 107-61,,,2024,,02-2199-7880,서울특별시 용산구청,2026-06-13
청파동1072,1,,서울특별시 용산구청파동 24-95,,,2024,,02-2199-7880,서울특별시 용산구청,2026-06-13
청파동1073,1,,서울특별시 용산구청파동 24-39,,,2024,,02-2199-7880,서울특별시 용산구청,2026-06-13
청파동1074,1,,서울특별시 용산구청파동 27-6,,,2024,,02-2199-7880,서울특별시 용산구청,2026-06-13
청파동1075,1,,서울특별시 용산구청파동 27-6,,,2024,,02-2199-7880,서울특별시 용산구청,2026-06-13
청파동1076,1,,서울특별시 용산구청파동 107-60,,,2024,,02-2199-7880,서울특별시 용산구청,2026-06-13
청파동1077,1,,서울특별시 용산구청파동 107-98,,,2024,,02-2199-7880,서울특별시 용산구청,2026-06-13
청파동1078,1,,서울특별시 용산구청파동 107-38,,,2024,,02-2199-7880,서울특별시 용산구청,2026-06-13
청파동1079,1,,서울특별시 용산구청파동 107-40,,,2024,,02-2199-7880,서울특별시 용산구청,2026-06-13
청파동1080,1,,서울특별시 용산구청파동 107-2,,,2024,,02-2199-7880,서울특별시 용산구청,2026-06-13
청파동1081,1,,서울특별시 용산구청파동 110-1,,,2024,,02-2199-7880,서울특별시 용산구청,2026-06-13
청파동1081,1,,서울특별시 용산구청파동 132-18,,,2012,,02-2199-7880,서울특별시 용산구청,2026-06-13
청파동1082,1,,서울특별시 용산구청파동 71-40,,,2024,,02-2199-7880,서울특별시 용산구청,2026-06-13
청파동1083,1,,서울특별시 용산구청파동 132-39,,,2012,,02-2199-7880,서울특별시 용산구청,2026-06-13
청파동1083,1,,서울특별시 용산구청파동 24-95,,,2012,,02-2199-7880,서울특별시 용산구청,2026-06-13
청파동1084,1,,서울특별시 용산구청파동 71-75,,,2020,,02-2199-7880,서울특별시 용산구청,2026-06-13
청파동1085,1,,서울특별시 용산구청파동 24-37,,,2024,,02-2199-7880,서울특별시 용산구청,2026-06-13
청파동1086,1,,서울특별시 용산구청파동 109-7,,,2024,,02-2199-7880,서울특별시 용산구청,2026-06-13
청파동1087,1,,서울특별시 용산구청파동 107-58,,,2024,,02-2199-7880,서울특별시 용산구청,2026-06-13
청파동1088,1,,서울특별시 용산구청파동 109-11,,,2024,,02-2199-7880,서울특별시 용산구청,2026-06-13
청파동1089,1,,서울특별시 용산구청파동 108-43,,,2024,,02-2199-7880,서울특별시 용산구청,2026-06-13
청파동109(청파동587),1,,서울특별시 용산구청파동 238-52,,,2022,,02-2199-7880,서울특별시 용산구청,2026-06-13
청파동1090,1,,서울특별시 용산구청파동 109-18,,,2024,,02-2199-7880,서울특별시 용산구청,2026-06-13
청파동1091,1,,서울특별시 용산구청파동 108-28,,,2024,,02-2199-7880,서울특별시 용산구청,2026-06-13
청파동1091UB(청파동1152),1,,서울특별시 용산구청파동 117-6,,,2022,,02-2199-7880,서울특별시 용산구청,2026-06-13
청파동1092,1,,서울특별시 용산구청파동 109-6,,,2024,,02-2199-7880,서울특별시 용산구청,2026-06-13
청파동1092UB(청파동1151),1,,서울특별시 용산구청파동 118-30,,,2022,,02-2199-7880,서울특별시 용산구청,2026-06-13
청파동1093,1,,서울특별시 용산구청파동 109-6,,,2024,,02-2199-7880,서울특별시 용산구청,2026-06-13
청파동1093UB(청파동1150),1,,서울특별시 용산구청파동 118-48,,,2022,,02-2199-7880,서울특별시 용산구청,2026-06-13
청파동1094,1,,서울특별시 용산구청파동 113-17,,,2024,,02-2199-7880,서울특별시 용산구청,2026-06-13
청파동1095,1,,서울특별시 용산구청파동 108-3,,,2012,,02-2199-7880,서울특별시 용산구청,2026-06-13
청파동1096,1,,서울특별시 용산구청파동 108-4,,,2012,,02-2199-7880,서울특별시 용산구청,2026-06-13
청파동1097,1,,서울특별시 용산구청파동 108-4,,,2024,,02-2199-7880,서울특별시 용산구청,2026-06-13
청파동1098,1,,서울특별시 용산구청파동 121-145,,,2012,,02-2199-7880,서울특별시 용산구청,2026-06-13
청파동1099,1,,서울특별시 용산구청파동 108-10,,,2012,,02-2199-7880,서울특별시 용산구청,2026-06-13
청파동11,1,,서울특별시 용산구청파동 71-2,,,2024,,02-2199-7880,서울특별시 용산구청,2026-06-13
청파동1100,1,,서울특별시 용산구청파동 121-2,,,2024,,02-2199-7880,서울특별시 용산구청,2026-06-13
청파동1101,1,,서울특별시 용산구청파동 108-39,,,2023,,02-2199-7880,서울특별시 용산구청,2026-06-13
청파동1102,1,,서울특별시 용산구청파동 108-42,,,2012,,02-2199-7880,서울특별시 용산구청,2026-06-13
청파동1103,1,,서울특별시 용산구청파동 113-1,,,2024,,02-2199-7880,서울특별시 용산구청,2026-06-13
청파동1104,1,,서울특별시 용산구청파동 111-12,,,2024,,02-2199-7880,서울특별시 용산구청,2026-06-13
청파동1104,1,,서울특별시 용산구청파동 132-126,,,2024,,02-2199-7880,서울특별시 용산구청,2026-06-13
청파동1105,1,,서울특별시 용산구청파동 112,,,2024,,02-2199-7880,서울특별시 용산구청,2026-06-13
청파동1106,1,,서울특별시 용산구청파동 111-15,,,2024,,02-2199-7880,서울특별시 용산구청,2026-06-13
청파동1107,1,,서울특별시 용산구청파동 118-372,,,2012,,02-2199-7880,서울특별시 용산구청,2026-06-13
청파동1108,1,,서울특별시 용산구청파동 118-185,,,2024,,02-2199-7880,서울특별시 용산구청,2026-06-13
청파동1109,1,,서울특별시 용산구청파동 113-9,,,2012,,02-2199-7880,서울특별시 용산구청,2026-06-13
청파동1110,1,,서울특별시 용산구청파동 114-11,,,2012,,02-2199-7880,서울특별시 용산구청,2026-06-13
청파동1111,1,,서울특별시 용산구청파동 114-10,,,2012,,02-2199-7880,서울특별시 용산구청,2026-06-13
청파동1112,1,,서울특별시 용산구청파동 118-213,,,2024,,02-2199-7880,서울특별시 용산구청,2026-06-13
청파동1113,1,,서울특별시 용산구청파동 118-213,,,2012,,02-2199-7880,서울특별시 용산구청,2026-06-13
청파동1114,1,,서울특별시 용산구청파동 118-215,,,2024,,02-2199-7880,서울특별시 용산구청,2026-06-13
청파동1115,1,,서울특별시 용산구청파동 114-11,,,2012,,02-2199-7880,서울특별시 용산구청,2026-06-13
청파동1116,1,,서울특별시 용산구청파동 115,,,2012,,02-2199-7880,서울특별시 용산구청,2026-06-13
청파동1117,1,,서울특별시 용산구청파동 115,,,2024,,02-2199-7880,서울특별시 용산구청,2026-06-13
청파동1118,1,,서울특별시 용산구청파동 114-4,,,2022,,02-2199-7880,서울특별시 용산구청,2026-06-13
청파동1119,1,,서울특별시 용산구청파동 114-4,,,2012,,02-2199-7880,서울특별시 용산구청,2026-06-13
청파동1120,1,,서울특별시 용산구청파동 115,,,2012,,02-2199-7880,서울특별시 용산구청,2026-06-13
청파동1121,1,,서울특별시 용산구청파동 114-5,,,2012,,02-2199-7880,서울특별시 용산구청,2026-06-13
청파동1122,1,,서울특별시 용산구청파동 112,,,2024,,02-2199-7880,서울특별시 용산구청,2026-06-13
청파동1123,1,,서울특별시 용산구청파동 111-9,,,2024,,02-2199-7880,서울특별시 용산구청,2026-06-13
청파동1124,1,,서울특별시 용산구청파동 115-17,,,2012,,02-2199-7880,서울특별시 용산구청,2026-06-13
청파동1125,1,,서울특별시 용산구청파동 115,,,2012,,02-2199-7880,서울특별시 용산구청,2026-06-13
청파동1126,1,,서울특별시 용산구청파동 115,,,2012,,02-2199-7880,서울특별시 용산구청,2026-06-13
청파동1127,1,,서울특별시 용산구청파동 118-46,,,2024,,02-2199-7880,서울특별시 용산구청,2026-06-13
청파동1128,1,,서울특별시 용산구청파동 118-47,,,2024,,02-2199-7880,서울특별시 용산구청,2026-06-13
청파동1129,1,,서울특별시 용산구청파동 118-47,,,2024,,02-2199-7880,서울특별시 용산구청,2026-06-13
청파동1130,1,,서울특별시 용산구청파동 118-403,,,2024,,02-2199-7880,서울특별시 용산구청,2026-06-13
청파동1131,1,,서울특별시 용산구청파동 118-25,,,2024,,02-2199-7880,서울특별시 용산구청,2026-06-13
청파동1132,1,,서울특별시 용산구청파동 118-25,,,2024,,02-2199-7880,서울특별시 용산구청,2026-06-13
청파동1133,1,,서울특별시 용산구청파동 118-14,,,2024,,02-2199-7880,서울특별시 용산구청,2026-06-13
청파동1134,1,,서울특별시 용산구청파동 118-24,,,2024,,02-2199-7880,서울특별시 용산구청,2026-06-13
청파동1135,1,,서울특별시 용산구청파동 118-33,,,2024,,02-2199-7880,서울특별시 용산구청,2026-06-13
청파동1136,1,,서울특별시 용산구청파동 118-35,,,2024,,02-2199-7880,서울특별시 용산구청,2026-06-13
청파동1137,1,,서울특별시 용산구청파동 118-35,,,2024,,02-2199-7880,서울특별시 용산구청,2026-06-13
청파동1138,1,,서울특별시 용산구청파동 118-288,,,2012,,02-2199-7880,서울특별시 용산구청,2026-06-13
청파동1139,1,,서울특별시 용산구청파동 118-65,,,2024,,02-2199-7880,서울특별시 용산구청,2026-06-13
청파동1139(디밍30)UB(청파동463),1,,서울특별시 용산구청파동 33-61,,,2021,,02-2199-7880,서울특별시 용산구청,2026-06-13
"청파동113UB(청파동536,7)",1,,서울특별시 용산구청파동 276-13,,,2021,,02-2199-7880,서울특별시 용산구청,2026-06-13
청파동114,1,,서울특별시 용산구청파동 129,,,2024,,02-2199-7880,서울특별시 용산구청,2026-06-13
청파동1140,1,,서울특별시 용산구청파동 118-151,,,2024,,02-2199-7880,서울특별시 용산구청,2026-06-13
청파동1141,1,,서울특별시 용산구청파동 118-78,,,2024,,02-2199-7880,서울특별시 용산구청,2026-06-13
청파동1142,1,,서울특별시 용산구청파동 118-94,,,2012,,02-2199-7880,서울특별시 용산구청,2026-06-13
청파동1143,1,,서울특별시 용산구청파동 118-69,,,2024,,02-2199-7880,서울특별시 용산구청,2026-06-13
청파동1143UB(청파동526),1,,서울특별시 용산구청파동 246-40,,,2021,,02-2199-7880,서울특별시 용산구청,2026-06-13
청파동1144,1,,서울특별시 용산구청파동 118-149,,,2024,,02-2199-7880,서울특별시 용산구청,2026-06-13
청파동1145,1,,서울특별시 용산구청파동 118-115,,,2024,,02-2199-7880,서울특별시 용산구청,2026-06-13
청파동1145UB(청파동572),1,,서울특별시 용산구청파동 240-14,,,2021,,02-2199-7880,서울특별시 용산구청,2026-06-13
청파동1146,1,,서울특별시 용산구청파동 118-231,,,2012,,02-2199-7880,서울특별시 용산구청,2026-06-13
청파동1146UB(청파동1179),1,,서울특별시 용산구청파동 2-25,,,2021,,02-2199-7880,서울특별시 용산구청,2026-06-13
청파동1147,1,,서울특별시 용산구청파동 118-28,,,2024,,02-2199-7880,서울특별시 용산구청,2026-06-13
청파동1148,1,,서울특별시 용산구청파동 118-410,,,2024,,02-2199-7880,서울특별시 용산구청,2026-06-13
청파동1149,1,,서울특별시 용산구청파동 118-48,,,2012,,02-2199-7880,서울특별시 용산구청,2026-06-13
청파동1153,1,,서울특별시 용산구청파동 115-20,,,2024,,02-2199-7880,서울특별시 용산구청,2026-06-13
청파동1154,1,,서울특별시 용산구청파동 117-1,,,2024,,02-2199-7880,서울특별시 용산구청,2026-06-13
청파동1155,1,,서울특별시 용산구청파동 115-23,,,2012,,02-2199-7880,서울특별시 용산구청,2026-06-13
청파동1156,1,,서울특별시 용산구청파동 132-28,,,2024,,02-2199-7880,서울특별시 용산구청,2026-06-13
청파동1157,1,,서울특별시 용산구청파동 132-80,,,2024,,02-2199-7880,서울특별시 용산구청,2026-06-13
청파동1158,1,,서울특별시 용산구청파동 132-227,,,2024,,02-2199-7880,서울특별시 용산구청,2026-06-13
청파동1159,1,,서울특별시 용산구청파동 132-84,,,2024,,02-2199-7880,서울특별시 용산구청,2026-06-13
청파동1159UB(청파동441),1,,서울특별시 용산구청파동 47-2,,,2021,,02-2199-7880,서울특별시 용산구청,2026-06-13
청파동1160,1,,서울특별시 용산구청파동 132-213,,,2024,,02-2199-7880,서울특별시 용산구청,2026-06-13
청파동1161,1,,서울특별시 용산구청파동 132-213,,,2024,,02-2199-7880,서울특별시 용산구청,2026-06-13
청파동1162,1,,서울특별시 용산구청파동 132-84,,,2024,,02-2199-7880,서울특별시 용산구청,2026-06-13
청파동1163,1,,서울특별시 용산구청파동 132-114,,,2012,,02-2199-7880,서울특별시 용산구청,2026-06-13
청파동1164,1,,서울특별시 용산구청파동 132-76,,,2024,,02-2199-7880,서울특별시 용산구청,2026-06-13
청파동1165,1,,서울특별시 용산구청파동 132-49,,,2024,,02-2199-7880,서울특별시 용산구청,2026-06-13
청파동1166,1,,서울특별시 용산구청파동 132-110,,,2024,,02-2199-7880,서울특별시 용산구청,2026-06-13
청파동1167,1,,서울특별시 용산구청파동 132-9,,,2024,,02-2199-7880,서울특별시 용산구청,2026-06-13
청파동1167(청파동945),1,,서울특별시 용산구청파동 33-61,,,2021,,02-2199-7880,서울특별시 용산구청,2026-06-13
청파동1168,1,,서울특별시 용산구청파동 135-1,,,2024,,02-2199-7880,서울특별시 용산구청,2026-06-13
청파동1169,1,,서울특별시 용산구청파동 133-23,,,2024,,02-2199-7880,서울특별시 용산구청,2026-06-13
청파동1170,1,,서울특별시 용산구청파동 133-21,,,2024,,02-2199-7880,서울특별시 용산구청,2026-06-13
청파동1171,1,,서울특별시 용산구청파동 135-19,,,2024,,02-2199-7880,서울특별시 용산구청,2026-06-13
청파동1172,1,,서울특별시 용산구청파동 134-14,,,2024,,02-2199-7880,서울특별시 용산구청,2026-06-13
청파동1173,1,,서울특별시 용산구청파동 134-45,,,2024,,02-2199-7880,서울특별시 용산구청,2026-06-13
청파동1174,1,,서울특별시 용산구청파동 134-1,,,2024,,02-2199-7880,서울특별시 용산구청,2026-06-13
청파동1175UB(청파동348),1,,서울특별시 용산구청파동 33-61,,,2021,,02-2199-7880,서울특별시 용산구청,2026-06-13
청파동1176UB(청파동23),1,,서울특별시 용산구청파동 91-1,,,2022,,02-2199-7880,서울특별시 용산구청,2026-06-13
청파동1178(청파동373),1,,서울특별시 용산구청파동 33-61,,,2021,,02-2199-7880,서울특별시 용산구청,2026-06-13
청파동117UB(청파동545),1,,서울특별시 용산구청파동 283,,,2021,,02-2199-7880,서울특별시 용산구청,2026-06-13
청파동1181,1,,서울특별시 용산구청파동 33-61,,,2012,,02-2199-7880,서울특별시 용산구청,2026-06-13
청파동1182,1,,서울특별시 용산구청파동 234-33,,,2012,,02-2199-7880,서울특별시 용산구청,2026-06-13
청파동1183,1,,서울특별시 용산구청파동 234-19,,,2024,,02-2199-7880,서울특별시 용산구청,2026-06-13
청파동1187UB(청파동532),1,,서울특별시 용산구청파동 247-2,,,2021,,02-2199-7880,서울특별시 용산구청,2026-06-13
청파동1189(청파동489),1,,서울특별시 용산구청파동 249-6,,,2021,,02-2199-7880,서울특별시 용산구청,2026-06-13
"청파동118UB(청파동546,7)",1,,서울특별시 용산구청파동 240-62,,,2021,,02-2199-7880,서울특별시 용산구청,2026-06-13
청파동1190UB(청파동558),1,,서울특별시 용산구청파동 282,,,2021,,02-2199-7880,서울특별시 용산구청,2026-06-13
청파동1191,1,,서울특별시 용산구청파동 서계동276-,,,2022,,02-2199-7880,서울특별시 용산구청,2026-06-13
청파동1191UB(청파동754),1,,서울특별시 용산구청파동 256-9,,,2021,,02-2199-7880,서울특별시 용산구청,2026-06-13
청파동1193UB(청파동721),1,,서울특별시 용산구청파동 260-38,,,2021,,02-2199-7880,서울특별시 용산구청,2026-06-13
청파동1194UB(청파동360),1,,서울특별시 용산구청파동 1-75,,,2021,,02-2199-7880,서울특별시 용산구청,2026-06-13
청파동1195UB(청파동699),1,,서울특별시 용산구청파동 244-10,,,2021,,02-2199-7880,서울특별시 용산구청,2026-06-13
청파동1196UB(청파동641),1,,서울특별시 용산구청파동 226-1,,,2022,,02-2199-7880,서울특별시 용산구청,2026-06-13
청파동1197UB(청파동646),1,,서울특별시 용산구청파동 224-20,,,2022,,02-2199-7880,서울특별시 용산구청,2026-06-13
청파동119UB(청파동570),1,,서울특별시 용산구청파동 240-64,,,2021,,02-2199-7880,서울특별시 용산구청,2026-06-13
청파동12,1,,서울특별시 용산구청파동 72-1,,,2024,,02-2199-7880,서울특별시 용산구청,2026-06-13
청파동1208UB(청파동530),1,,서울특별시 용산구청파동 246-32,,,2021,,02-2199-7880,서울특별시 용산구청,2026-06-13
청파동120UB(청파동573),1,,서울특별시 용산구청파동 240-6,,,2021,,02-2199-7880,서울특별시 용산구청,2026-06-13
청파동1213(청파동309),1,,서울특별시 용산구청파동 93-44,,,2022,,02-2199-7880,서울특별시 용산구청,2026-06-13
청파동1214(청파동718),1,,서울특별시 용산구청파동 261-23,,,2022,,02-2199-7880,서울특별시 용산구청,2026-06-13
청파동1216(청파동232),1,,서울특별시 용산구청파동 91-7,,,2022,,02-2199-7880,서울특별시 용산구청,2026-06-13
청파동1217(청파동697),1,,서울특별시 용산구청파동 282,,,2022,,02-2199-7880,서울특별시 용산구청,2026-06-13
청파동1218(청파동201),1,,서울특별시 용산구청파동 115-1,,,2022,,02-2199-7880,서울특별시 용산구청,2026-06-13
청파동1224,1,,서울특별시 용산구청파동 3-2,,,2023,,02-2199-7880,서울특별시 용산구청,2026-06-13
청파동1231(청파동248),1,,서울특별시 용산구청파동 1-36,,,2022,,02-2199-7880,서울특별시 용산구청,2026-06-13
청파동1233,1,,서울특별시 용산구청파동 224-21,,,2023,,02-2199-7880,서울특별시 용산구청,2026-06-13
청파동1234,1,,서울특별시 용산구청파동 246-1,,,2023,,02-2199-7880,서울특별시 용산구청,2026-06-13
청파동123UB(청파동566),1,,서울특별시 용산구청파동 242-31,,,2021,,02-2199-7880,서울특별시 용산구청,2026-06-13
청파동1240,1,,서울특별시 용산구청파동 2-29,,,2024,,02-2199-7880,서울특별시 용산구청,2026-06-13
청파동1241,1,,서울특별시 용산구청파동 2-27,,,2024,,02-2199-7880,서울특별시 용산구청,2026-06-13
청파동1242,1,,서울특별시 용산구청파동 2-25,,,2024,,02-2199-7880,서울특별시 용산구청,2026-06-13
청파동1243,1,,서울특별시 용산구청파동 1-75,,,2024,,02-2199-7880,서울특별시 용산구청,2026-06-13
청파동1244,1,,서울특별시 용산구청파동 1-75,,,2024,,02-2199-7880,서울특별시 용산구청,2026-06-13
청파동1245,1,,서울특별시 용산구청파동 1-75,,,2024,,02-2199-7880,서울특별시 용산구청,2026-06-13
청파동1246,1,,서울특별시 용산구청파동 58-2,,,2024,,02-2199-7880,서울특별시 용산구청,2026-06-13
청파동1247,1,,서울특별시 용산구청파동 67-7,,,2024,,02-2199-7880,서울특별시 용산구청,2026-06-13
청파동1248,1,,서울특별시 용산구청파동 52-2,,,2024,,02-2199-7880,서울특별시 용산구청,2026-06-13
청파동1249,1,,서울특별시 용산구청파동 58-58,,,2024,,02-2199-7880,서울특별시 용산구청,2026-06-13
청파동124UB(청파동565),1,,서울특별시 용산구청파동 241-10,,,2021,,02-2199-7880,서울특별시 용산구청,2026-06-13
청파동1250,1,,서울특별시 용산구청파동 1-40,,,2024,,02-2199-7880,서울특별시 용산구청,2026-06-13
청파동1251,1,,서울특별시 용산구청파동 8-13,,,2024,,02-2199-7880,서울특별시 용산구청,2026-06-13
청파동1252,1,,서울특별시 용산구청파동 90-15,,,2024,,02-2199-7880,서울특별시 용산구청,2026-06-13
청파동1253,1,,서울특별시 용산구청파동 90-21,,,2024,,02-2199-7880,서울특별시 용산구청,2026-06-13
청파동1254,1,,서울특별시 용산구청파동 249-12,,,2024,,02-2199-7880,서울특별시 용산구청,2026-06-13
청파동1256,1,,서울특별시 용산구청파동 33-277,,,2025,,02-2199-7880,서울특별시 용산구청,2026-06-13
청파동125UB(청파동564),1,,서울특별시 용산구청파동 279-1,,,2021,,02-2199-7880,서울특별시 용산구청,2026-06-13
청파동1265,1,,서울특별시 용산구청파동 1-177,,,2025,,02-2199-7880,서울특별시 용산구청,2026-06-13
청파동1267,1,,서울특별시 용산구청파동 1-42,,,2025,,02-2199-7880,서울특별시 용산구청,2026-06-13
청파동1268,1,,서울특별시 용산구청파동 1-164,,,2025,,02-2199-7880,서울특별시 용산구청,2026-06-13
청파동1269,1,,서울특별시 용산구청파동 1-164,,,2025,,02-2199-7880,서울특별시 용산구청,2026-06-13
청파동126UB(청파동561),1,,서울특별시 용산구청파동 242-27,,,2021,,02-2199-7880,서울특별시 용산구청,2026-06-13
청파동127UB(청파동562),1,,서울특별시 용산구청파동 279-1,,,2021,,02-2199-7880,서울특별시 용산구청,2026-06-13
청파동128UB(청파동563),1,,서울특별시 용산구청파동 242-30,,,2021,,02-2199-7880,서울특별시 용산구청,2026-06-13
청파동129UB(청파동568),1,,서울특별시 용산구청파동 242-14,,,2021,,02-2199-7880,서울특별시 용산구청,2026-06-13
청파동13,1,,서울특별시 용산구청파동 35-49,,,2012,,02-2199-7880,서울특별시 용산구청,2026-06-13
청파동1300,1,,서울특별시 용산구청파동 45-5,,,2024,,02-2199-7880,서울특별시 용산구청,2026-06-13
청파동1301,1,,서울특별시 용산구청파동 11-2,,,2024,,02-2199-7880,서울특별시 용산구청,2026-06-13
청파동1302,1,,서울특별시 용산구청파동 10-27,,,2024,,02-2199-7880,서울특별시 용산구청,2026-06-13
청파동1303,1,,서울특별시 용산구청파동 35-55,,,2024,,02-2199-7880,서울특별시 용산구청,2026-06-13
청파동1304,1,,서울특별시 용산구청파동 42-7,,,2024,,02-2199-7880,서울특별시 용산구청,2026-06-13
청파동1305,1,,서울특별시 용산구청파동 132-56,,,2024,,02-2199-7880,서울특별시 용산구청,2026-06-13
청파동1306,1,,서울특별시 용산구청파동 132-55,,,2024,,02-2199-7880,서울특별시 용산구청,2026-06-13
청파동1307,1,,서울특별시 용산구청파동 132-64,,,2024,,02-2199-7880,서울특별시 용산구청,2026-06-13
청파동1308,1,,서울특별시 용산구청파동 132-64,,,2024,,02-2199-7880,서울특별시 용산구청,2026-06-13
청파동1309,1,,서울특별시 용산구청파동 132-63,,,2024,,02-2199-7880,서울특별시 용산구청,2026-06-13
청파동130UB(청파동569),1,,서울특별시 용산구청파동 240-52,,,2021,,02-2199-7880,서울특별시 용산구청,2026-06-13
청파동1310,1,,서울특별시 용산구청파동 132-62,,,2024,,02-2199-7880,서울특별시 용산구청,2026-06-13
청파동1311,1,,서울특별시 용산구청파동 132-18,,,2024,,02-2199-7880,서울특별시 용산구청,2026-06-13
청파동1312,1,,서울특별시 용산구청파동 132-18,,,2024,,02-2199-7880,서울특별시 용산구청,2026-06-13
청파동1313,1,,서울특별시 용산구청파동 132-125,,,2024,,02-2199-7880,서울특별시 용산구청,2026-06-13
청파동1314,1,,서울특별시 용산구청파동 132-124,,,2024,,02-2199-7880,서울특별시 용산구청,2026-06-13
청파동1315,1,,서울특별시 용산구청파동 140-10,,,2024,,02-2199-7880,서울특별시 용산구청,2026-06-13
청파동131UB(청파동571),1,,서울특별시 용산구청파동 240-50,,,2022,,02-2199-7880,서울특별시 용산구청,2026-06-13
청파동132UB(청파동557),1,,서울특별시 용산구청파동 240-26,,,2021,,02-2199-7880,서울특별시 용산구청,2026-06-13
청파동133UB(청파동556),1,,서울특별시 용산구청파동 240-54,,,2021,,02-2199-7880,서울특별시 용산구청,2026-06-13
청파동134UB(청파동555),1,,서울특별시 용산구청파동 282,,,2021,,02-2199-7880,서울특별시 용산구청,2026-06-13
청파동135UB(청파동559),1,,서울특별시 용산구청파동 281,,,2021,,02-2199-7880,서울특별시 용산구청,2026-06-13
청파동137UB(청파동698),1,,서울특별시 용산구청파동 244-14,,,2021,,02-2199-7880,서울특별시 용산구청,2026-06-13
청파동138UB(청파동700),1,,서울특별시 용산구청파동 245-25,,,2021,,02-2199-7880,서울특별시 용산구청,2026-06-13
청파동139UB(청파동554),1,,서울특별시 용산구청파동 275-2,,,2021,,02-2199-7880,서울특별시 용산구청,2026-06-13
청파동14,1,,서울특별시 용산구청파동 35-27,,,2012,,02-2199-7880,서울특별시 용산구청,2026-06-13
청파동140UB(청파동548),1,,서울특별시 용산구청파동 246-53,,,2021,,02-2199-7880,서울특별시 용산구청,2026-06-13
청파동141,1,,서울특별시 용산구청파동 62-26,,,2024,,02-2199-7880,서울특별시 용산구청,2026-06-13
청파동142,1,,서울특별시 용산구청파동 62-1,,,2024,,02-2199-7880,서울특별시 용산구청,2026-06-13
청파동144UB(청파동552),1,,서울특별시 용산구청파동 245-49,,,2021,,02-2199-7880,서울특별시 용산구청,2026-06-13
청파동149,1,,서울특별시 용산구청파동 85-5,,,2012,,02-2199-7880,서울특별시 용산구청,2026-06-13
청파동15,1,,서울특별시 용산구청파동 35-49,,,2012,,02-2199-7880,서울특별시 용산구청,2026-06-13
청파동150(청파동696),1,,서울특별시 용산구청파동 273,,,2022,,02-2199-7880,서울특별시 용산구청,2026-06-13
청파동151,1,,서울특별시 용산구청파동 97-46,,,2022,,02-2199-7880,서울특별시 용산구청,2026-06-13
청파동152UB(청파동732),1,,서울특별시 용산구청파동 270,,,2021,,02-2199-7880,서울특별시 용산구청,2026-06-13
청파동153UB(청파동731),1,,서울특별시 용산구청파동 270,,,2021,,02-2199-7880,서울특별시 용산구청,2026-06-13
청파동154,1,,서울특별시 용산구청파동 97-46,,,2012,,02-2199-7880,서울특별시 용산구청,2026-06-13
청파동159UB(청파동725),1,,서울특별시 용산구청파동 261-23,,,2021,,02-2199-7880,서울특별시 용산구청,2026-06-13
청파동15UB(청파동679),1,,서울특별시 용산구청파동 217-44,,,2021,,02-2199-7880,서울특별시 용산구청,2026-06-13
청파동16,1,,서울특별시 용산구청파동 36-14,,,2012,,02-2199-7880,서울특별시 용산구청,2026-06-13
청파동161UB(청파동723),1,,서울특별시 용산구청파동 261-23,,,2021,,02-2199-7880,서울특별시 용산구청,2026-06-13
청파동163UB(청파동720),1,,서울특별시 용산구청파동 261-2,,,2022,,02-2199-7880,서울특별시 용산구청,2026-06-13
청파동164UB(청파동719),1,,서울특별시 용산구청파동 261-1,,,2021,,02-2199-7880,서울특별시 용산구청,2026-06-13
청파동17,1,,서울특별시 용산구청파동 89-1,,,2012,,02-2199-7880,서울특별시 용산구청,2026-06-13
청파동175,1,,서울특별시 용산구청파동 60-3,,,2022,,02-2199-7880,서울특별시 용산구청,2026-06-13
청파동17UB(청파동676),1,,서울특별시 용산구청파동 223-16,,,2021,,02-2199-7880,서울특별시 용산구청,2026-06-13
청파동18,1,,서울특별시 용산구청파동 97-15,,,2024,,02-2199-7880,서울특별시 용산구청,2026-06-13
청파동189(청파동511),1,,서울특별시 용산구청파동 259-3,,,2022,,02-2199-7880,서울특별시 용산구청,2026-06-13
청파동19,1,,서울특별시 용산구청파동 91-6,,,2024,,02-2199-7880,서울특별시 용산구청,2026-06-13
청파동191UB(청파동753),1,,서울특별시 용산구청파동 256-8,,,2021,,02-2199-7880,서울특별시 용산구청,2026-06-13
청파동194UB(청파동755),1,,서울특별시 용산구청파동 277-4,,,2021,,02-2199-7880,서울특별시 용산구청,2026-06-13
청파동195UB(청파동717),1,,서울특별시 용산구청파동 277-2,,,2021,,02-2199-7880,서울특별시 용산구청,2026-06-13
청파동196UB(청파동716),1,,서울특별시 용산구청파동 258-14,,,2021,,02-2199-7880,서울특별시 용산구청,2026-06-13
청파동197UB(청파동197.),1,,서울특별시 용산구청파동 277-1,,,2021,,02-2199-7880,서울특별시 용산구청,2026-06-13
청파동198UB(청파동706),1,,서울특별시 용산구청파동 277-1,,,2021,,02-2199-7880,서울특별시 용산구청,2026-06-13
청파동199UB(청파동707),1,,서울특별시 용산구청파동 258-20,,,2021,,02-2199-7880,서울특별시 용산구청,2026-06-13
청파동2,1,,서울특별시 용산구청파동 90-1,,,2024,,02-2199-7880,서울특별시 용산구청,2026-06-13
청파동20,1,,서울특별시 용산구청파동 91-1,,,2014,,02-2199-7880,서울특별시 용산구청,2026-06-13
청파동200,1,,서울특별시 용산구청파동 116,,,2022,,02-2199-7880,서울특별시 용산구청,2026-06-13
청파동200UB(청파동709),1,,서울특별시 용산구청파동 251-97,,,2021,,02-2199-7880,서울특별시 용산구청,2026-06-13
청파동201UB(청파동708),1,,서울특별시 용산구청파동 251-97,,,2021,,02-2199-7880,서울특별시 용산구청,2026-06-13
청파동202,1,,서울특별시 용산구청파동 212-8,,,2024,,02-2199-7880,서울특별시 용산구청,2026-06-13
청파동202UB(청파동711),1,,서울특별시 용산구청파동 253-18,,,2021,,02-2199-7880,서울특별시 용산구청,2026-06-13
청파동203UB(청파동712),1,,서울특별시 용산구청파동 253-15,,,2021,,02-2199-7880,서울특별시 용산구청,2026-06-13
"청파동204UB(청파동713,4)",1,,서울특별시 용산구청파동 253-13,,,2021,,02-2199-7880,서울특별시 용산구청,2026-06-13
청파동206,1,,서울특별시 용산구청파동 129-11,,,2024,,02-2199-7880,서울특별시 용산구청,2026-06-13
청파동208,1,,서울특별시 용산구청파동 115-3,,,2018,,02-2199-7880,서울특별시 용산구청,2026-06-13
청파동209,1,,서울특별시 용산구청파동 129-7,,,2024,,02-2199-7880,서울특별시 용산구청,2026-06-13
청파동209UB(청파동516),1,,서울특별시 용산구청파동 252-83,,,2021,,02-2199-7880,서울특별시 용산구청,2026-06-13
청파동20UB(청파동671),1,,서울특별시 용산구청파동 224-3,,,2021,,02-2199-7880,서울특별시 용산구청,2026-06-13
청파동21,1,,서울특별시 용산구청파동 91-1,,,2014,,02-2199-7880,서울특별시 용산구청,2026-06-13
청파동210,1,,서울특별시 용산구청파동 129-7,,,2023,,02-2199-7880,서울특별시 용산구청,2026-06-13
청파동210UB(청파동523),1,,서울특별시 용산구청파동 252-73,,,2021,,02-2199-7880,서울특별시 용산구청,2026-06-13
청파동211,1,,서울특별시 용산구청파동 101-1,,,2012,,02-2199-7880,서울특별시 용산구청,2026-06-13
청파동211UB(청파동522),1,,서울특별시 용산구청파동 252-98,,,2021,,02-2199-7880,서울특별시 용산구청,2026-06-13
청파동212UB(청파동521),1,,서울특별시 용산구청파동 252-98,,,2021,,02-2199-7880,서울특별시 용산구청,2026-06-13
청파동213,1,,서울특별시 용산구청파동 100-33,,,2024,,02-2199-7880,서울특별시 용산구청,2026-06-13
청파동214,1,,서울특별시 용산구청파동 100-28,,,2024,,02-2199-7880,서울특별시 용산구청,2026-06-13
청파동214UB(청파동519),1,,서울특별시 용산구청파동 252-39,,,2021,,02-2199-7880,서울특별시 용산구청,2026-06-13
청파동215,1,,서울특별시 용산구청파동 100-25,,,2024,,02-2199-7880,서울특별시 용산구청,2026-06-13
"청파동215UB(청파동517,8)",1,,서울특별시 용산구청파동 251-97,,,2021,,02-2199-7880,서울특별시 용산구청,2026-06-13
청파동216,1,,서울특별시 용산구청파동 100-34,,,2024,,02-2199-7880,서울특별시 용산구청,2026-06-13
청파동216UB(청파동499),1,,서울특별시 용산구청파동 251-98,,,2021,,02-2199-7880,서울특별시 용산구청,2026-06-13
청파동219UB(청파동498),1,,서울특별시 용산구청파동 252-16,,,2021,,02-2199-7880,서울특별시 용산구청,2026-06-13
청파동22,1,,서울특별시 용산구청파동 34-1,,,2014,,02-2199-7880,서울특별시 용산구청,2026-06-13
청파동220UB(청파동497),1,,서울특별시 용산구청파동 252-25,,,2021,,02-2199-7880,서울특별시 용산구청,2026-06-13
청파동221UB(청파동496),1,,서울특별시 용산구청파동 252-47,,,2021,,02-2199-7880,서울특별시 용산구청,2026-06-13
청파동222UB(청파동495),1,,서울특별시 용산구청파동 251-9,,,2021,,02-2199-7880,서울특별시 용산구청,2026-06-13
청파동223UB(청파동494),1,,서울특별시 용산구청파동 246-40,,,2021,,02-2199-7880,서울특별시 용산구청,2026-06-13
청파동224UB(청파동493),1,,서울특별시 용산구청파동 246-40,,,2021,,02-2199-7880,서울특별시 용산구청,2026-06-13
청파동225UB(청파동524),1,,서울특별시 용산구청파동 246-40,,,2021,,02-2199-7880,서울특별시 용산구청,2026-06-13
청파동226,1,,서울특별시 용산구청파동 1-9,,,2022,,02-2199-7880,서울특별시 용산구청,2026-06-13
청파동226UB(청파동525),1,,서울특별시 용산구청파동 246-17,,,2021,,02-2199-7880,서울특별시 용산구청,2026-06-13
청파동227UB(청파동528),1,,서울특별시 용산구청파동 246-25,,,2021,,02-2199-7880,서울특별시 용산구청,2026-06-13
청파동228UB(청파동527),1,,서울특별시 용산구청파동 252-130,,,2021,,02-2199-7880,서울특별시 용산구청,2026-06-13
청파동229UB(청파동529),1,,서울특별시 용산구청파동 246-32,,,2021,,02-2199-7880,서울특별시 용산구청,2026-06-13
청파동230UB(청파동710),1,,서울특별시 용산구청파동 246-40,,,2022,,02-2199-7880,서울특별시 용산구청,2026-06-13
청파동231UB(청파동531),1,,서울특별시 용산구청파동 246-40,,,2021,,02-2199-7880,서울특별시 용산구청,2026-06-13
청파동232UB(청파동533),1,,서울특별시 용산구청파동 239-17,,,2021,,02-2199-7880,서울특별시 용산구청,2026-06-13
청파동233UB(청파동534),1,,서울특별시 용산구청파동 246-40,,,2021,,02-2199-7880,서울특별시 용산구청,2026-06-13
청파동235(청파동490),1,,서울특별시 용산구청파동 246-40,,,2021,,02-2199-7880,서울특별시 용산구청,2026-06-13
청파동236UB(청파동491),1,,서울특별시 용산구청파동 246-17,,,2021,,02-2199-7880,서울특별시 용산구청,2026-06-13
청파동24,1,,서울특별시 용산구청파동 98-6,,,2024,,02-2199-7880,서울특별시 용산구청,2026-06-13
청파동240UB(청파동485),1,,서울특별시 용산구청파동 249-12,,,2021,,02-2199-7880,서울특별시 용산구청,2026-06-13
청파동241UB(청파동486),1,,서울특별시 용산구청파동 249-12,,,2021,,02-2199-7880,서울특별시 용산구청,2026-06-13
청파동242,1,,서울특별시 용산구청파동 89-72,,,2012,,02-2199-7880,서울특별시 용산구청,2026-06-13
청파동242UB(청파동487),1,,서울특별시 용산구청파동 246-40,,,2021,,02-2199-7880,서울특별시 용산구청,2026-06-13
청파동244UB(청파동482),1,,서울특별시 용산구청파동 251-77,,,2021,,02-2199-7880,서울특별시 용산구청,2026-06-13
청파동245UB(청파동481),1,,서울특별시 용산구청파동 251-77,,,2021,,02-2199-7880,서울특별시 용산구청,2026-06-13
청파동248UB(청파동478),1,,서울특별시 용산구청파동 1-74,,,2021,,02-2199-7880,서울특별시 용산구청,2026-06-13
청파동249UB(청파동477),1,,서울특별시 용산구청파동 1-69,,,2021,,02-2199-7880,서울특별시 용산구청,2026-06-13
청파동25,1,,서울특별시 용산구청파동 33-7,,,2024,,02-2199-7880,서울특별시 용산구청,2026-06-13
청파동251UB(청파동475),1,,서울특별시 용산구청파동 1-68,,,2021,,02-2199-7880,서울특별시 용산구청,2026-06-13
청파동252UB(청파동473),1,,서울특별시 용산구청파동 1-211,,,2021,,02-2199-7880,서울특별시 용산구청,2026-06-13
청파동253UB(청파동472),1,,서울특별시 용산구청파동 249-12,,,2021,,02-2199-7880,서울특별시 용산구청,2026-06-13
청파동255,1,,서울특별시 용산구청파동 3-102,,,2012,,02-2199-7880,서울특별시 용산구청,2026-06-13
청파동256,1,,서울특별시 용산구청파동 3-86,,,2023,,02-2199-7880,서울특별시 용산구청,2026-06-13
청파동258,1,,서울특별시 용산구청파동 3-85,,,2023,,02-2199-7880,서울특별시 용산구청,2026-06-13
청파동259,1,,서울특별시 용산구청파동 3-21,,,2012,,02-2199-7880,서울특별시 용산구청,2026-06-13
청파동26,1,,서울특별시 용산구청파동 34-2,,,2024,,02-2199-7880,서울특별시 용산구청,2026-06-13
청파동260,1,,서울특별시 용산구청파동 3-80,,,2023,,02-2199-7880,서울특별시 용산구청,2026-06-13
청파동260(심야소등)1차전원X((청파동462),1,,서울특별시 용산구청파동 33-34,,,2021,,02-2199-7880,서울특별시 용산구청,2026-06-13
청파동261,1,,서울특별시 용산구청파동 3-80,,,2012,,02-2199-7880,서울특별시 용산구청,2026-06-13
청파동262,1,,서울특별시 용산구청파동 3-13,,,2023,,02-2199-7880,서울특별시 용산구청,2026-06-13
청파동263,1,,서울특별시 용산구청파동 3-13,,,2012,,02-2199-7880,서울특별시 용산구청,2026-06-13
청파동263(청파동457),1,,서울특별시 용산구청파동 33-8,,,2021,,02-2199-7880,서울특별시 용산구청,2026-06-13
청파동266,1,,서울특별시 용산구청파동 200-14,,,2012,,02-2199-7880,서울특별시 용산구청,2026-06-13
청파동267,1,,서울특별시 용산구청파동 200-14,,,2023,,02-2199-7880,서울특별시 용산구청,2026-06-13
청파동268,1,,서울특별시 용산구청파동 3-11,,,2012,,02-2199-7880,서울특별시 용산구청,2026-06-13
청파동269,1,,서울특별시 용산구청파동 3-11,,,2023,,02-2199-7880,서울특별시 용산구청,2026-06-13
청파동27,1,,서울특별시 용산구청파동 33-11,,,2024,,02-2199-7880,서울특별시 용산구청,2026-06-13
"청파동272(청파동447,8)",1,,서울특별시 용산구청파동 33-220,,,2021,,02-2199-7880,서울특별시 용산구청,2026-06-13
청파동274(청파동446),1,,서울특별시 용산구청파동 33-49,,,2021,,02-2199-7880,서울특별시 용산구청,2026-06-13
청파동275(청파동412),1,,서울특별시 용산구청파동 33-61,,,2021,,02-2199-7880,서울특별시 용산구청,2026-06-13
청파동28,1,,서울특별시 용산구청파동 33-12,,,2024,,02-2199-7880,서울특별시 용산구청,2026-06-13
청파동29,1,,서울특별시 용산구청파동 33-4,,,2024,,02-2199-7880,서울특별시 용산구청,2026-06-13
청파동297(청파동603),1,,서울특별시 용산구청파동 32-1,,,2022,,02-2199-7880,서울특별시 용산구청,2026-06-13
청파동299(청파동434),1,,서울특별시 용산구청파동 19-1,,,2021,,02-2199-7880,서울특별시 용산구청,2026-06-13
청파동3,1,,서울특별시 용산구청파동 21-10,,,2024,,02-2199-7880,서울특별시 용산구청,2026-06-13
청파동30,1,,서울특별시 용산구청파동 33-17,,,2024,,02-2199-7880,서울특별시 용산구청,2026-06-13
청파동309UB(청파동947),1,,서울특별시 용산구청파동 3,,,2021,,02-2199-7880,서울특별시 용산구청,2026-06-13
청파동31,1,,서울특별시 용산구청파동 33-4,,,2024,,02-2199-7880,서울특별시 용산구청,2026-06-13
청파동312UB(청파동443),1,,서울특별시 용산구청파동 298,,,2021,,02-2199-7880,서울특별시 용산구청,2026-06-13
청파동313UB(청파동442),1,,서울특별시 용산구청파동 301,,,2021,,02-2199-7880,서울특별시 용산구청,2026-06-13
청파동315UB(청파동398),1,,서울특별시 용산구청파동 50-6,,,2021,,02-2199-7880,서울특별시 용산구청,2026-06-13
청파동318(청파동402),1,,서울특별시 용산구청파동 56-2,,,2021,,02-2199-7880,서울특별시 용산구청,2026-06-13
청파동319(청파동411),1,,서울특별시 용산구청파동 33-61,,,2021,,02-2199-7880,서울특별시 용산구청,2026-06-13
청파동32,1,,서울특별시 용산구청파동 33-2,,,2024,,02-2199-7880,서울특별시 용산구청,2026-06-13
청파동320UB(청파동409),1,,서울특별시 용산구청파동 33-61,,,2021,,02-2199-7880,서울특별시 용산구청,2026-06-13
청파동321UB(청파동410),1,,서울특별시 용산구청파동 33-252,,,2021,,02-2199-7880,서울특별시 용산구청,2026-06-13
청파동322UB(청파동408),1,,서울특별시 용산구청파동 95-27,,,2021,,02-2199-7880,서울특별시 용산구청,2026-06-13
청파동323UB(청파동406),1,,서울특별시 용산구청파동 95-20,,,2021,,02-2199-7880,서울특별시 용산구청,2026-06-13
청파동33,1,,서울특별시 용산구청파동 33-2,,,2024,,02-2199-7880,서울특별시 용산구청,2026-06-13
청파동331,1,,서울특별시 용산구청파동 33-202,,,2014,,02-2199-7880,서울특별시 용산구청,2026-06-13
청파동334UB(청파동394),1,,서울특별시 용산구청파동 99-5,,,2021,,02-2199-7880,서울특별시 용산구청,2026-06-13
청파동335,1,,서울특별시 용산구청파동 33-244,,,2024,,02-2199-7880,서울특별시 용산구청,2026-06-13
청파동336,1,,서울특별시 용산구청파동 33-296,,,2024,,02-2199-7880,서울특별시 용산구청,2026-06-13
청파동336UB(청파동393),1,,서울특별시 용산구청파동 99-24,,,2021,,02-2199-7880,서울특별시 용산구청,2026-06-13
청파동337UB(청파동391),1,,서울특별시 용산구청파동 99-6,,,2021,,02-2199-7880,서울특별시 용산구청,2026-06-13
청파동338,1,,서울특별시 용산구청파동 33-12,,,2024,,02-2199-7880,서울특별시 용산구청,2026-06-13
청파동339UB(청파동383),1,,서울특별시 용산구청파동 56-6,,,2021,,02-2199-7880,서울특별시 용산구청,2026-06-13
청파동34,1,,서울특별시 용산구청파동 33-20,,,2024,,02-2199-7880,서울특별시 용산구청,2026-06-13
청파동341,1,,서울특별시 용산구청파동 33-294,,,2024,,02-2199-7880,서울특별시 용산구청,2026-06-13
청파동342,1,,서울특별시 용산구청파동 33-10,,,2024,,02-2199-7880,서울특별시 용산구청,2026-06-13
청파동342UB(청파동379),1,,서울특별시 용산구청파동 96-11,,,2021,,02-2199-7880,서울특별시 용산구청,2026-06-13
청파동343,1,,서울특별시 용산구청파동 33-292,,,2024,,02-2199-7880,서울특별시 용산구청,2026-06-13
청파동343UB(청파동378),1,,서울특별시 용산구청파동 96-19,,,2021,,02-2199-7880,서울특별시 용산구청,2026-06-13
청파동344,1,,서울특별시 용산구청파동 33-287,,,2024,,02-2199-7880,서울특별시 용산구청,2026-06-13
청파동344(청파동330),1,,서울특별시 용산구청파동 1-78,,,2021,,02-2199-7880,서울특별시 용산구청,2026-06-13
청파동345,1,,서울특별시 용산구청파동 33-289,,,2024,,02-2199-7880,서울특별시 용산구청,2026-06-13
청파동346,1,,서울특별시 용산구청파동 33-276,,,2024,,02-2199-7880,서울특별시 용산구청,2026-06-13
청파동347(청파동372),1,,서울특별시 용산구청파동 33-61,,,2021,,02-2199-7880,서울특별시 용산구청,2026-06-13
청파동349,1,,서울특별시 용산구청파동 33-61,,,2012,,02-2199-7880,서울특별시 용산구청,2026-06-13
청파동35,1,,서울특별시 용산구청파동 103-3,,,2012,,02-2199-7880,서울특별시 용산구청,2026-06-13
청파동351,1,,서울특별시 용산구청파동 33-61,,,2024,,02-2199-7880,서울특별시 용산구청,2026-06-13
청파동352,1,,서울특별시 용산구청파동 1-87,,,2024,,02-2199-7880,서울특별시 용산구청,2026-06-13
"청파동353UB(청파동940,1)",1,,서울특별시 용산구청파동 33-61,,,2021,,02-2199-7880,서울특별시 용산구청,2026-06-13
청파동354UB(청파동347),1,,서울특별시 용산구청파동 33-61,,,2021,,02-2199-7880,서울특별시 용산구청,2026-06-13
청파동355UB(청파동350),1,,서울특별시 용산구청파동 33-61,,,2021,,02-2199-7880,서울특별시 용산구청,2026-06-13
청파동357,1,,서울특별시 용산구청파동 1-98,,,2014,,02-2199-7880,서울특별시 용산구청,2026-06-13
청파동358UB(청파동353),1,,서울특별시 용산구청파동 1-48,,,2021,,02-2199-7880,서울특별시 용산구청,2026-06-13
청파동36,1,,서울특별시 용산구청파동 103-1,,,2014,,02-2199-7880,서울특별시 용산구청,2026-06-13
청파동368(청파동340),1,,서울특별시 용산구청파동 33-61,,,2021,,02-2199-7880,서울특별시 용산구청,2026-06-13
청파동369(청파동339),1,,서울특별시 용산구청파동 33-61,,,2021,,02-2199-7880,서울특별시 용산구청,2026-06-13
청파동37,1,,서울특별시 용산구청파동 101-2,,,2014,,02-2199-7880,서울특별시 용산구청,2026-06-13
청파동370(청파동337),1,,서울특별시 용산구청파동 33-61,,,2021,,02-2199-7880,서울특별시 용산구청,2026-06-13
청파동371,1,,서울특별시 용산구청파동 33-277,,,2024,,02-2199-7880,서울특별시 용산구청,2026-06-13
청파동373(청파동333),1,,서울특별시 용산구청파동 33-61,,,2021,,02-2199-7880,서울특별시 용산구청,2026-06-13
청파동374,1,,서울특별시 용산구청파동 33-61,,,2012,,02-2199-7880,서울특별시 용산구청,2026-06-13
청파동374(청파동334),1,,서울특별시 용산구청파동 33-7,,,2022,,02-2199-7880,서울특별시 용산구청,2026-06-13
청파동375,1,,서울특별시 용산구청파동 33-61,,,2015,,02-2199-7880,서울특별시 용산구청,2026-06-13
청파동376,1,,서울특별시 용산구청파동 33-232,,,2024,,02-2199-7880,서울특별시 용산구청,2026-06-13
청파동376UB(청파동223),1,,서울특별시 용산구청파동 109,,,2022,,02-2199-7880,서울특별시 용산구청,2026-06-13
청파동377,1,,서울특별시 용산구청파동 33-61,,,2012,,02-2199-7880,서울특별시 용산구청,2026-06-13
청파동377UB(청파동225),1,,서울특별시 용산구청파동 104,,,2022,,02-2199-7880,서울특별시 용산구청,2026-06-13
청파동38,1,,서울특별시 용산구청파동 98-1,,,2014,,02-2199-7880,서울특별시 용산구청,2026-06-13
청파동380,1,,서울특별시 용산구청파동 96-11,,,2024,,02-2199-7880,서울특별시 용산구청,2026-06-13
청파동381,1,,서울특별시 용산구청파동 96-12,,,2024,,02-2199-7880,서울특별시 용산구청,2026-06-13
청파동382,1,,서울특별시 용산구청파동 96-11,,,2024,,02-2199-7880,서울특별시 용산구청,2026-06-13
청파동384,1,,서울특별시 용산구청파동 58-2,,,2012,,02-2199-7880,서울특별시 용산구청,2026-06-13
청파동385,1,,서울특별시 용산구청파동 53-12,,,2012,,02-2199-7880,서울특별시 용산구청,2026-06-13
청파동385UB(청파동212),1,,서울특별시 용산구청파동 129-7,,,2021,,02-2199-7880,서울특별시 용산구청,2026-06-13
청파동386,1,,서울특별시 용산구청파동 94,,,2012,,02-2199-7880,서울특별시 용산구청,2026-06-13
청파동387,1,,서울특별시 용산구청파동 96-3,,,2024,,02-2199-7880,서울특별시 용산구청,2026-06-13
청파동388,1,,서울특별시 용산구청파동 96-12,,,2012,,02-2199-7880,서울특별시 용산구청,2026-06-13
청파동389,1,,서울특별시 용산구청파동 97,,,2024,,02-2199-7880,서울특별시 용산구청,2026-06-13
청파동389UB(청파동203),1,,서울특별시 용산구청파동 211,,,2021,,02-2199-7880,서울특별시 용산구청,2026-06-13
청파동390,1,,서울특별시 용산구청파동 99-6,,,2024,,02-2199-7880,서울특별시 용산구청,2026-06-13
청파동390(청파동199),1,,서울특별시 용산구청파동 115-1,,,2021,,02-2199-7880,서울특별시 용산구청,2026-06-13
청파동392,1,,서울특별시 용산구청파동 99-9,,,2024,,02-2199-7880,서울특별시 용산구청,2026-06-13
청파동392UB(청파동198),1,,서울특별시 용산구청파동 212-13,,,2021,,02-2199-7880,서울특별시 용산구청,2026-06-13
청파동393UB(청파동197),1,,서울특별시 용산구청파동 209,,,2021,,02-2199-7880,서울특별시 용산구청,2026-06-13
청파동394UB(청파동196),1,,서울특별시 용산구청파동 209,,,2021,,02-2199-7880,서울특별시 용산구청,2026-06-13
청파동395,1,,서울특별시 용산구청파동 99-13,,,2024,,02-2199-7880,서울특별시 용산구청,2026-06-13
청파동395UB(청파동121),1,,서울특별시 용산구청파동 194-4,,,2021,,02-2199-7880,서울특별시 용산구청,2026-06-13
청파동396,1,,서울특별시 용산구청파동 56-1,,,2012,,02-2199-7880,서울특별시 용산구청,2026-06-13
청파동396UB(청파동120),1,,서울특별시 용산구청파동 193-2,,,2021,,02-2199-7880,서울특별시 용산구청,2026-06-13
청파동397,1,,서울특별시 용산구청파동 53,,,2012,,02-2199-7880,서울특별시 용산구청,2026-06-13
청파동397(청파동119),1,,서울특별시 용산구청파동 47-4,,,2022,,02-2199-7880,서울특별시 용산구청,2026-06-13
청파동399,1,,서울특별시 용산구청파동 47-7,,,2012,,02-2199-7880,서울특별시 용산구청,2026-06-13
청파동39UB(청파동617),1,,서울특별시 용산구청파동 290,,,2022,,02-2199-7880,서울특별시 용산구청,2026-06-13
청파동4,1,,서울특별시 용산구청파동 90-29,,,2024,,02-2199-7880,서울특별시 용산구청,2026-06-13
청파동40,1,,서울특별시 용산구청파동 28-1,,,2014,,02-2199-7880,서울특별시 용산구청,2026-06-13
청파동400,1,,서울특별시 용산구청파동 54-4,,,2012,,02-2199-7880,서울특별시 용산구청,2026-06-13
청파동401,1,,서울특별시 용산구청파동 47-7,,,2023,,02-2199-7880,서울특별시 용산구청,2026-06-13
청파동402(청파동184),1,,서울특별시 용산구청파동 58-2,,,2022,,02-2199-7880,서울특별시 용산구청,2026-06-13
청파동403,1,,서울특별시 용산구청파동 54-9,,,2023,,02-2199-7880,서울특별시 용산구청,2026-06-13
청파동403UB(청파동185),1,,서울특별시 용산구청파동 58-9,,,2022,,02-2199-7880,서울특별시 용산구청,2026-06-13
청파동404,1,,서울특별시 용산구청파동 95-14,,,2012,,02-2199-7880,서울특별시 용산구청,2026-06-13
청파동405,1,,서울특별시 용산구청파동 95-7,,,2012,,02-2199-7880,서울특별시 용산구청,2026-06-13
청파동407,1,,서울특별시 용산구청파동 33-250,,,2012,,02-2199-7880,서울특별시 용산구청,2026-06-13
청파동41,1,,서울특별시 용산구청파동 10-19,,,2014,,02-2199-7880,서울특별시 용산구청,2026-06-13
청파동411UB(청파동179),1,,서울특별시 용산구청파동 31-5,,,2022,,02-2199-7880,서울특별시 용산구청,2026-06-13
청파동412UB(청파동180),1,,서울특별시 용산구청파동 58-10,,,2022,,02-2199-7880,서울특별시 용산구청,2026-06-13
청파동413,1,,서울특별시 용산구청파동 33-56,,,2012,,02-2199-7880,서울특별시 용산구청,2026-06-13
청파동414,1,,서울특별시 용산구청파동 33-196,,,2012,,02-2199-7880,서울특별시 용산구청,2026-06-13
청파동415,1,,서울특별시 용산구청파동 34-4,,,2012,,02-2199-7880,서울특별시 용산구청,2026-06-13
청파동416,1,,서울특별시 용산구청파동 33-180,,,2012,,02-2199-7880,서울특별시 용산구청,2026-06-13
청파동417,1,,서울특별시 용산구청파동 33-89,,,2012,,02-2199-7880,서울특별시 용산구청,2026-06-13
청파동418,1,,서울특별시 용산구청파동 299,,,2012,,02-2199-7880,서울특별시 용산구청,2026-06-13
청파동418(청파동217),1,,서울특별시 용산구청파동 26-2,,,2022,,02-2199-7880,서울특별시 용산구청,2026-06-13
청파동419,1,,서울특별시 용산구청파동 33-89,,,2012,,02-2199-7880,서울특별시 용산구청,2026-06-13
청파동41UB(청파동657),1,,서울특별시 용산구청파동 230-4,,,2021,,02-2199-7880,서울특별시 용산구청,2026-06-13
청파동42,1,,서울특별시 용산구청파동 10-83,,,2024,,02-2199-7880,서울특별시 용산구청,2026-06-13
청파동420,1,,서울특별시 용산구청파동 36,,,2012,,02-2199-7880,서울특별시 용산구청,2026-06-13
청파동421,1,,서울특별시 용산구청파동 33-131,,,2012,,02-2199-7880,서울특별시 용산구청,2026-06-13
청파동422,1,,서울특별시 용산구청파동 33-131,,,2024,,02-2199-7880,서울특별시 용산구청,2026-06-13
청파동423,1,,서울특별시 용산구청파동 33-105,,,2024,,02-2199-7880,서울특별시 용산구청,2026-06-13
청파동424,1,,서울특별시 용산구청파동 33-147,,,2024,,02-2199-7880,서울특별시 용산구청,2026-06-13
청파동425,1,,서울특별시 용산구청파동 33-104,,,2012,,02-2199-7880,서울특별시 용산구청,2026-06-13
청파동426,1,,서울특별시 용산구청파동 33-131,,,2024,,02-2199-7880,서울특별시 용산구청,2026-06-13
청파동427,1,,서울특별시 용산구청파동 33-131,,,2012,,02-2199-7880,서울특별시 용산구청,2026-06-13
청파동428,1,,서울특별시 용산구청파동 33-137,,,2024,,02-2199-7880,서울특별시 용산구청,2026-06-13
청파동429,1,,서울특별시 용산구청파동 33-134,,,2024,,02-2199-7880,서울특별시 용산구청,2026-06-13
청파동42UB(청파동674),1,,서울특별시 용산구청파동 228-35,,,2021,,02-2199-7880,서울특별시 용산구청,2026-06-13
청파동431,1,,서울특별시 용산구청파동 33-97,,,2024,,02-2199-7880,서울특별시 용산구청,2026-06-13
청파동432,1,,서울특별시 용산구청파동 32-1,,,2024,,02-2199-7880,서울특별시 용산구청,2026-06-13
청파동435,1,,서울특별시 용산구청파동 16-2,,,2024,,02-2199-7880,서울특별시 용산구청,2026-06-13
청파동438,1,,서울특별시 용산구청파동 297,,,2024,,02-2199-7880,서울특별시 용산구청,2026-06-13
청파동438UB(청파동368),1,,서울특별시 용산구청파동 1-39,,,2022,,02-2199-7880,서울특별시 용산구청,2026-06-13
청파동439,1,,서울특별시 용산구청파동 297,,,2024,,02-2199-7880,서울특별시 용산구청,2026-06-13
청파동439UB(청파동369),1,,서울특별시 용산구청파동 1-28,,,2021,,02-2199-7880,서울특별시 용산구청,2026-06-13
청파동440,1,,서울특별시 용산구청파동 7,,,2024,,02-2199-7880,서울특별시 용산구청,2026-06-13
청파동440UB(청파동370),1,,서울특별시 용산구청파동 1-75,,,2021,,02-2199-7880,서울특별시 용산구청,2026-06-13
청파동445,1,,서울특별시 용산구청파동 47-10,,,2012,,02-2199-7880,서울특별시 용산구청,2026-06-13
청파동447,1,,서울특별시 용산구청파동 33-220,,,2012,,02-2199-7880,서울특별시 용산구청,2026-06-13
청파동448,1,,서울특별시 용산구청파동 33-61,,,2021,,02-2199-7880,서울특별시 용산구청,2026-06-13
청파동449,1,,서울특별시 용산구청파동 33-191,,,2023,,02-2199-7880,서울특별시 용산구청,2026-06-13
청파동44UB(청파동673),1,,서울특별시 용산구청파동 224-57,,,2021,,02-2199-7880,서울특별시 용산구청,2026-06-13
청파동45,1,,서울특별시 용산구청파동 10-26,,,2014,,02-2199-7880,서울특별시 용산구청,2026-06-13
청파동450,1,,서울특별시 용산구청파동 33-165,,,2024,,02-2199-7880,서울특별시 용산구청,2026-06-13
청파동451,1,,서울특별시 용산구청파동 33-171,,,2024,,02-2199-7880,서울특별시 용산구청,2026-06-13
청파동452,1,,서울특별시 용산구청파동 33-61,,,2012,,02-2199-7880,서울특별시 용산구청,2026-06-13
청파동452(청파동358),1,,서울특별시 용산구청파동 1-98,,,2022,,02-2199-7880,서울특별시 용산구청,2026-06-13
청파동453,1,,서울특별시 용산구청파동 33-61,,,2012,,02-2199-7880,서울특별시 용산구청,2026-06-13
청파동454,1,,서울특별시 용산구청파동 33-66,,,2024,,02-2199-7880,서울특별시 용산구청,2026-06-13
청파동454UB(청파동356),1,,서울특별시 용산구청파동 1-75,,,2021,,02-2199-7880,서울특별시 용산구청,2026-06-13
청파동455,1,,서울특별시 용산구청파동 33-61,,,2012,,02-2199-7880,서울특별시 용산구청,2026-06-13
청파동455UB(청파동355),1,,서울특별시 용산구청파동 1-75,,,2021,,02-2199-7880,서울특별시 용산구청,2026-06-13
청파동456,1,,서울특별시 용산구청파동 33-61,,,2021,,02-2199-7880,서울특별시 용산구청,2026-06-13
청파동456UB(청파동354),1,,서울특별시 용산구청파동 1-48,,,2021,,02-2199-7880,서울특별시 용산구청,2026-06-13
청파동458,1,,서울특별시 용산구청파동 33-158,,,2021,,02-2199-7880,서울특별시 용산구청,2026-06-13
청파동459,1,,서울특별시 용산구청파동 33-153,,,2024,,02-2199-7880,서울특별시 용산구청,2026-06-13
청파동45UB(청파동649),1,,서울특별시 용산구청파동 227-1,,,2021,,02-2199-7880,서울특별시 용산구청,2026-06-13
청파동46,1,,서울특별시 용산구청파동 10-19,,,2014,,02-2199-7880,서울특별시 용산구청,2026-06-13
청파동460,1,,서울특별시 용산구청파동 33-162,,,2012,,02-2199-7880,서울특별시 용산구청,2026-06-13
청파동460UB(청파동761),1,,서울특별시 용산구청파동 1-210,,,2022,,02-2199-7880,서울특별시 용산구청,2026-06-13
청파동461,1,,서울특별시 용산구청파동 33-61,,,2012,,02-2199-7880,서울특별시 용산구청,2026-06-13
청파동462,1,,서울특별시 용산구청파동 33-61,,,2012,,02-2199-7880,서울특별시 용산구청,2026-06-13
청파동463,1,,서울특별시 용산구청파동 33-61,,,2015,,02-2199-7880,서울특별시 용산구청,2026-06-13
청파동464,1,,서울특별시 용산구청파동 248-1,,,2022,,02-2199-7880,서울특별시 용산구청,2026-06-13
청파동465,1,,서울특별시 용산구청파동 247-47,,,2024,,02-2199-7880,서울특별시 용산구청,2026-06-13
청파동466,1,,서울특별시 용산구청파동 249-12,,,2024,,02-2199-7880,서울특별시 용산구청,2026-06-13
청파동467,1,,서울특별시 용산구청파동 249-12,,,2024,,02-2199-7880,서울특별시 용산구청,2026-06-13
청파동468,1,,서울특별시 용산구청파동 249-3,,,2024,,02-2199-7880,서울특별시 용산구청,2026-06-13
청파동468UB(청파동781),1,,서울특별시 용산구청파동 1-75,,,2021,,02-2199-7880,서울특별시 용산구청,2026-06-13
청파동469,1,,서울특별시 용산구청파동 249-12,,,2024,,02-2199-7880,서울특별시 용산구청,2026-06-13
청파동46UB(청파동648),1,,서울특별시 용산구청파동 224-18,,,2021,,02-2199-7880,서울특별시 용산구청,2026-06-13
청파동47,1,,서울특별시 용산구청파동 10-19,,,2014,,02-2199-7880,서울특별시 용산구청,2026-06-13
청파동470,1,,서울특별시 용산구청파동 249-12,,,2024,,02-2199-7880,서울특별시 용산구청,2026-06-13
청파동471,1,,서울특별시 용산구청파동 250-5,,,2024,,02-2199-7880,서울특별시 용산구청,2026-06-13
청파동474,1,,서울특별시 용산구청파동 251-32,,,2024,,02-2199-7880,서울특별시 용산구청,2026-06-13
청파동476,1,,서울특별시 용산구청파동 251-44,,,2024,,02-2199-7880,서울특별시 용산구청,2026-06-13
청파동48,1,,서울특별시 용산구청파동 10-148,,,2024,,02-2199-7880,서울특별시 용산구청,2026-06-13
청파동483,1,,서울특별시 용산구청파동 246-96,,,2024,,02-2199-7880,서울특별시 용산구청,2026-06-13
청파동484,1,,서울특별시 용산구청파동 251-14,,,2024,,02-2199-7880,서울특별시 용산구청,2026-06-13
청파동488,1,,서울특별시 용산구청파동 249-8,,,2024,,02-2199-7880,서울특별시 용산구청,2026-06-13
청파동492,1,,서울특별시 용산구청파동 247-33,,,2024,,02-2199-7880,서울특별시 용산구청,2026-06-13
청파동49UB(청파동647),1,,서울특별시 용산구청파동 224-20,,,2021,,02-2199-7880,서울특별시 용산구청,2026-06-13
청파동5,1,,서울특별시 용산구청파동 90-11,,,2012,,02-2199-7880,서울특별시 용산구청,2026-06-13
청파동50,1,,서울특별시 용산구청파동 10-31,,,2024,,02-2199-7880,서울특별시 용산구청,2026-06-13
청파동502,1,,서울특별시 용산구청파동 276-9,,,2024,,02-2199-7880,서울특별시 용산구청,2026-06-13
청파동503,1,,서울특별시 용산구청파동 255-21,,,2024,,02-2199-7880,서울특별시 용산구청,2026-06-13
청파동504,1,,서울특별시 용산구청파동 256-8,,,2024,,02-2199-7880,서울특별시 용산구청,2026-06-13
청파동508,1,,서울특별시 용산구청파동 259-3,,,2024,,02-2199-7880,서울특별시 용산구청,2026-06-13
청파동509,1,,서울특별시 용산구청파동 259-3,,,2024,,02-2199-7880,서울특별시 용산구청,2026-06-13
청파동50UB(청파동644),1,,서울특별시 용산구청파동 224-73,,,2021,,02-2199-7880,서울특별시 용산구청,2026-06-13
청파동510,1,,서울특별시 용산구청파동 259-3,,,2024,,02-2199-7880,서울특별시 용산구청,2026-06-13
청파동512,1,,서울특별시 용산구청파동 255-5,,,2024,,02-2199-7880,서울특별시 용산구청,2026-06-13
청파동513,1,,서울특별시 용산구청파동 251-98,,,2024,,02-2199-7880,서울특별시 용산구청,2026-06-13
청파동514,1,,서울특별시 용산구청파동 251-98,,,2022,,02-2199-7880,서울특별시 용산구청,2026-06-13
청파동515,1,,서울특별시 용산구청파동 254-4,,,2024,,02-2199-7880,서울특별시 용산구청,2026-06-13
청파동517,1,,서울특별시 용산구청파동 251-97,,,2012,,02-2199-7880,서울특별시 용산구청,2026-06-13
청파동518,1,,서울특별시 용산구청파동 251-97,,,2022,,02-2199-7880,서울특별시 용산구청,2026-06-13
청파동51UB(청파동643),1,,서울특별시 용산구청파동 224-77,,,2021,,02-2199-7880,서울특별시 용산구청,2026-06-13
청파동52,1,,서울특별시 용산구청파동 10-148,,,2014,,02-2199-7880,서울특별시 용산구청,2026-06-13
청파동520,1,,서울특별시 용산구청파동 251-97,,,2024,,02-2199-7880,서울특별시 용산구청,2026-06-13
청파동524(청파동133),1,,서울특별시 용산구청파동 132-15,,,2022,,02-2199-7880,서울특별시 용산구청,2026-06-13
청파동52UB(청파동642),1,,서울특별시 용산구청파동 226-1,,,2021,,02-2199-7880,서울특별시 용산구청,2026-06-13
청파동53,1,,서울특별시 용산구청파동 10-19,,,2024,,02-2199-7880,서울특별시 용산구청,2026-06-13
청파동531UB(청파동127),1,,서울특별시 용산구청파동 132-10,,,2022,,02-2199-7880,서울특별시 용산구청,2026-06-13
청파동535,1,,서울특별시 용산구청파동 246-9,,,2024,,02-2199-7880,서울특별시 용산구청,2026-06-13
청파동536,1,,서울특별시 용산구청파동 276-13,,,2024,,02-2199-7880,서울특별시 용산구청,2026-06-13
청파동537,1,,서울특별시 용산구청파동 276-13,,,2012,,02-2199-7880,서울특별시 용산구청,2026-06-13
청파동53UB(청파동640),1,,서울특별시 용산구청파동 226-1,,,2021,,02-2199-7880,서울특별시 용산구청,2026-06-13
청파동541(청파동359),1,,서울특별시 용산구청파동 1-95,,,2022,,02-2199-7880,서울특별시 용산구청,2026-06-13
청파동543,1,,서울특별시 용산구청파동 283,,,2023,,02-2199-7880,서울특별시 용산구청,2026-06-13
청파동544,1,,서울특별시 용산구청파동 240-14,,,2023,,02-2199-7880,서울특별시 용산구청,2026-06-13
청파동546,1,,서울특별시 용산구청파동 240-16,,,2012,,02-2199-7880,서울특별시 용산구청,2026-06-13
청파동547,1,,서울특별시 용산구청파동 240-16,,,2016,,02-2199-7880,서울특별시 용산구청,2026-06-13
청파동547UB(청파동112),1,,서울특별시 용산구청파동 128-3,,,2022,,02-2199-7880,서울특별시 용산구청,2026-06-13
청파동549,1,,서울특별시 용산구청파동 246-52,,,2012,,02-2199-7880,서울특별시 용산구청,2026-06-13
청파동54UB(청파동639),1,,서울특별시 용산구청파동 224-38,,,2021,,02-2199-7880,서울특별시 용산구청,2026-06-13
청파동550,1,,서울특별시 용산구청파동 246-48,,,2012,,02-2199-7880,서울특별시 용산구청,2026-06-13
청파동551,1,,서울특별시 용산구청파동 258-9,,,2024,,02-2199-7880,서울특별시 용산구청,2026-06-13
청파동553,1,,서울특별시 용산구청파동 245-7,,,2024,,02-2199-7880,서울특별시 용산구청,2026-06-13
청파동556UB(청파동91),1,,서울특별시 용산구청파동 164-1,,,2022,,02-2199-7880,서울특별시 용산구청,2026-06-13
청파동567,1,,서울특별시 용산구청파동 281,,,2024,,02-2199-7880,서울특별시 용산구청,2026-06-13
청파동56UB(청파동637),1,,서울특별시 용산구청파동 1,,,2021,,02-2199-7880,서울특별시 용산구청,2026-06-13
청파동574,1,,서울특별시 용산구청파동 240-3,,,2024,,02-2199-7880,서울특별시 용산구청,2026-06-13
청파동575,1,,서울특별시 용산구청파동 238-29,,,2019,,02-2199-7880,서울특별시 용산구청,2026-06-13
청파동580,1,,서울특별시 용산구청파동 84-2,,,2012,,02-2199-7880,서울특별시 용산구청,2026-06-13
청파동580,1,,서울특별시 용산구청파동 279-1,,,2023,,02-2199-7880,서울특별시 용산구청,2026-06-13
청파동581,1,,서울특별시 용산구청파동 243-39,,,2023,,02-2199-7880,서울특별시 용산구청,2026-06-13
청파동583,1,,서울특별시 용산구청파동 238-48,,,2024,,02-2199-7880,서울특별시 용산구청,2026-06-13
청파동585,1,,서울특별시 용산구청파동 238-37,,,2024,,02-2199-7880,서울특별시 용산구청,2026-06-13
청파동590,1,,서울특별시 용산구청파동 236-25,,,2024,,02-2199-7880,서울특별시 용산구청,2026-06-13
청파동594,1,,서울특별시 용산구청파동 236-13,,,2024,,02-2199-7880,서울특별시 용산구청,2026-06-13
청파동595,1,,서울특별시 용산구청파동 236-56,,,2024,,02-2199-7880,서울특별시 용산구청,2026-06-13
청파동599,1,,서울특별시 용산구청파동 235-19,,,2024,,02-2199-7880,서울특별시 용산구청,2026-06-13
청파동59UB(청파동633),1,,서울특별시 용산구청파동 1-8,,,2021,,02-2199-7880,서울특별시 용산구청,2026-06-13
청파동6,1,,서울특별시 용산구청파동 90-16,,,2024,,02-2199-7880,서울특별시 용산구청,2026-06-13
청파동604,1,,서울특별시 용산구청파동 281,,,2012,,02-2199-7880,서울특별시 용산구청,2026-06-13
청파동607,1,,서울특별시 용산구청파동 238-9,,,2024,,02-2199-7880,서울특별시 용산구청,2026-06-13
청파동607UB(청파동159),1,,서울특별시 용산구청파동 89-72,,,2021,,02-2199-7880,서울특별시 용산구청,2026-06-13
청파동608,1,,서울특별시 용산구청파동 238-2,,,2024,,02-2199-7880,서울특별시 용산구청,2026-06-13
청파동60UB(청파동634),1,,서울특별시 용산구청파동 226-11,,,2021,,02-2199-7880,서울특별시 용산구청,2026-06-13
청파동61(청파동654),1,,서울특별시 용산구청파동 226-13,,,2021,,02-2199-7880,서울특별시 용산구청,2026-06-13
청파동611,1,,서울특별시 용산구청파동 238-23,,,2012,,02-2199-7880,서울특별시 용산구청,2026-06-13
청파동616,1,,서울특별시 용산구청파동 234-37,,,2012,,02-2199-7880,서울특별시 용산구청,2026-06-13
"청파동617UB(청파동262,3)",1,,서울특별시 용산구청파동 3-13,,,2021,,02-2199-7880,서울특별시 용산구청,2026-06-13
청파동618,1,,서울특별시 용산구청파동 293,,,2024,,02-2199-7880,서울특별시 용산구청,2026-06-13
청파동619,1,,서울특별시 용산구청파동 232-37,,,2024,,02-2199-7880,서울특별시 용산구청,2026-06-13
청파동620,1,,서울특별시 용산구청파동 293,,,2024,,02-2199-7880,서울특별시 용산구청,2026-06-13
청파동621,1,,서울특별시 용산구청파동 291,,,2022,,02-2199-7880,서울특별시 용산구청,2026-06-13
청파동622,1,,서울특별시 용산구청파동 230-9,,,2024,,02-2199-7880,서울특별시 용산구청,2026-06-13
청파동622UB(청파동311),1,,서울특별시 용산구청파동 89-95,,,2022,,02-2199-7880,서울특별시 용산구청,2026-06-13
청파동623,1,,서울특별시 용산구청파동 229-3,,,2024,,02-2199-7880,서울특별시 용산구청,2026-06-13
청파동624,1,,서울특별시 용산구청파동 297,,,2024,,02-2199-7880,서울특별시 용산구청,2026-06-13
청파동625,1,,서울특별시 용산구청파동 229-5,,,2024,,02-2199-7880,서울특별시 용산구청,2026-06-13
청파동626,1,,서울특별시 용산구청파동 234-5,,,2024,,02-2199-7880,서울특별시 용산구청,2026-06-13
청파동62UB(청파동653),1,,서울특별시 용산구청파동 228-48,,,2021,,02-2199-7880,서울특별시 용산구청,2026-06-13
청파동631,1,,서울특별시 용산구청파동 7-8,,,2023,,02-2199-7880,서울특별시 용산구청,2026-06-13
청파동632,1,,서울특별시 용산구청파동 9-4,,,2024,,02-2199-7880,서울특별시 용산구청,2026-06-13
청파동638,1,,서울특별시 용산구청파동 226-8,,,2012,,02-2199-7880,서울특별시 용산구청,2026-06-13
청파동645,1,,서울특별시 용산구청파동 224-48,,,2024,,02-2199-7880,서울특별시 용산구청,2026-06-13
청파동650,1,,서울특별시 용산구청파동 224-19,,,2024,,02-2199-7880,서울특별시 용산구청,2026-06-13
청파동651,1,,서울특별시 용산구청파동 226-16,,,2024,,02-2199-7880,서울특별시 용산구청,2026-06-13
청파동652,1,,서울특별시 용산구청파동 224-68,,,2024,,02-2199-7880,서울특별시 용산구청,2026-06-13
청파동655,1,,서울특별시 용산구청파동 229-2,,,2012,,02-2199-7880,서울특별시 용산구청,2026-06-13
청파동656,1,,서울특별시 용산구청파동 224-42,,,2024,,02-2199-7880,서울특별시 용산구청,2026-06-13
청파동658,1,,서울특별시 용산구청파동 228-7,,,2024,,02-2199-7880,서울특별시 용산구청,2026-06-13
청파동659,1,,서울특별시 용산구청파동 228-3,,,2024,,02-2199-7880,서울특별시 용산구청,2026-06-13
청파동660,1,,서울특별시 용산구청파동 218-1,,,2024,,02-2199-7880,서울특별시 용산구청,2026-06-13
청파동661,1,,서울특별시 용산구청파동 228-3,,,2024,,02-2199-7880,서울특별시 용산구청,2026-06-13
청파동662,1,,서울특별시 용산구청파동 223-65,,,2024,,02-2199-7880,서울특별시 용산구청,2026-06-13
청파동663,1,,서울특별시 용산구청파동 223-65,,,2024,,02-2199-7880,서울특별시 용산구청,2026-06-13
청파동664,1,,서울특별시 용산구청파동 228-41,,,2024,,02-2199-7880,서울특별시 용산구청,2026-06-13
청파동665,1,,서울특별시 용산구청파동 228-39,,,2024,,02-2199-7880,서울특별시 용산구청,2026-06-13
청파동666,1,,서울특별시 용산구청파동 218-1,,,2024,,02-2199-7880,서울특별시 용산구청,2026-06-13
청파동666UB(청파동313),1,,서울특별시 용산구청파동 89-72,,,2022,,02-2199-7880,서울특별시 용산구청,2026-06-13
청파동667,1,,서울특별시 용산구청파동 224-12,,,2024,,02-2199-7880,서울특별시 용산구청,2026-06-13
청파동667UB(청파동312),1,,서울특별시 용산구청파동 89-69,,,2022,,02-2199-7880,서울특별시 용산구청,2026-06-13
청파동668,1,,서울특별시 용산구청파동 224-11,,,2024,,02-2199-7880,서울특별시 용산구청,2026-06-13
청파동668UB(청파동317),1,,서울특별시 용산구청파동 89-69,,,2022,,02-2199-7880,서울특별시 용산구청,2026-06-13
청파동669,1,,서울특별시 용산구청파동 218-1,,,2024,,02-2199-7880,서울특별시 용산구청,2026-06-13
청파동670,1,,서울특별시 용산구청파동 223-43,,,2024,,02-2199-7880,서울특별시 용산구청,2026-06-13
청파동672,1,,서울특별시 용산구청파동 224-4,,,2012,,02-2199-7880,서울특별시 용산구청,2026-06-13
청파동677,1,,서울특별시 용산구청파동 223-17,,,2024,,02-2199-7880,서울특별시 용산구청,2026-06-13
청파동678,1,,서울특별시 용산구청파동 217-44,,,2024,,02-2199-7880,서울특별시 용산구청,2026-06-13
청파동679(청파동798),1,,서울특별시 용산구청파동 89-72,,,2022,,02-2199-7880,서울특별시 용산구청,2026-06-13
청파동68,1,,서울특별시 용산구청파동 188,,,2024,,02-2199-7880,서울특별시 용산구청,2026-06-13
청파동680,1,,서울특별시 용산구청파동 220-3,,,2024,,02-2199-7880,서울특별시 용산구청,2026-06-13
청파동681,1,,서울특별시 용산구청파동 223-3,,,2024,,02-2199-7880,서울특별시 용산구청,2026-06-13
청파동682,1,,서울특별시 용산구청파동 219-7,,,2024,,02-2199-7880,서울특별시 용산구청,2026-06-13
청파동683,1,,서울특별시 용산구청파동 219-30,,,2024,,02-2199-7880,서울특별시 용산구청,2026-06-13
청파동684,1,,서울특별시 용산구청파동 221-8,,,2024,,02-2199-7880,서울특별시 용산구청,2026-06-13
청파동685,1,,서울특별시 용산구청파동 221-12,,,2024,,02-2199-7880,서울특별시 용산구청,2026-06-13
청파동686,1,,서울특별시 용산구청파동 217-44,,,2024,,02-2199-7880,서울특별시 용산구청,2026-06-13
청파동687,1,,서울특별시 용산구청파동 217-44,,,2024,,02-2199-7880,서울특별시 용산구청,2026-06-13
청파동688,1,,서울특별시 용산구청파동 223-46,,,2024,,02-2199-7880,서울특별시 용산구청,2026-06-13
청파동688UB(청파동929),1,,서울특별시 용산구청파동 97-72,,,2021,,02-2199-7880,서울특별시 용산구청,2026-06-13
청파동689,1,,서울특별시 용산구청파동 217-44,,,2024,,02-2199-7880,서울특별시 용산구청,2026-06-13
청파동690,1,,서울특별시 용산구청파동 222-7,,,2024,,02-2199-7880,서울특별시 용산구청,2026-06-13
청파동691,1,,서울특별시 용산구청파동 222-8,,,2024,,02-2199-7880,서울특별시 용산구청,2026-06-13
청파동692,1,,서울특별시 용산구청파동 223-39,,,2024,,02-2199-7880,서울특별시 용산구청,2026-06-13
청파동692UB(청파동926),1,,서울특별시 용산구청파동 1-5,,,2022,,02-2199-7880,서울특별시 용산구청,2026-06-13
청파동693,1,,서울특별시 용산구청파동 223-51,,,2024,,02-2199-7880,서울특별시 용산구청,2026-06-13
청파동693UB(청파동925),1,,서울특별시 용산구청파동 1-5,,,2021,,02-2199-7880,서울특별시 용산구청,2026-06-13
청파동694,1,,서울특별시 용산구청파동 217-45,,,2024,,02-2199-7880,서울특별시 용산구청,2026-06-13
청파동694UB(청파동924),1,,서울특별시 용산구청파동 1-82,,,2022,,02-2199-7880,서울특별시 용산구청,2026-06-13
청파동695,1,,서울특별시 용산구청파동 263-9,,,2024,,02-2199-7880,서울특별시 용산구청,2026-06-13
청파동699UB(청파동917),1,,서울특별시 용산구청파동 1-8,,,2021,,02-2199-7880,서울특별시 용산구청,2026-06-13
청파동7,1,,서울특별시 용산구청파동 86,,,2024,,02-2199-7880,서울특별시 용산구청,2026-06-13
청파동700UB(청파동918),1,,서울특별시 용산구청파동 1-166,,,2021,,02-2199-7880,서울특별시 용산구청,2026-06-13
청파동701,1,,서울특별시 용산구청파동 244-7,,,2023,,02-2199-7880,서울특별시 용산구청,2026-06-13
청파동701UB(청파동916),1,,서울특별시 용산구청파동 1-8,,,2021,,02-2199-7880,서울특별시 용산구청,2026-06-13
청파동702(청파동915),1,,서울특별시 용산구청파동 1-14,,,2022,,02-2199-7880,서울특별시 용산구청,2026-06-13
청파동703,1,,서울특별시 용산구청파동 245-21,,,2012,,02-2199-7880,서울특별시 용산구청,2026-06-13
청파동704UB(청파동886),1,,서울특별시 용산구청파동 1-177,,,2021,,02-2199-7880,서울특별시 용산구청,2026-06-13
청파동705,1,,서울특별시 용산구청파동 245-54,,,2024,,02-2199-7880,서울특별시 용산구청,2026-06-13
청파동707UB(청파동884),1,,서울특별시 용산구청파동 1-177,,,2021,,02-2199-7880,서울특별시 용산구청,2026-06-13
청파동708UB(청파동883),1,,서울특별시 용산구청파동 1-174,,,2021,,02-2199-7880,서울특별시 용산구청,2026-06-13
청파동710UB(청파동866),1,,서울특별시 용산구청파동 1-170,,,2021,,02-2199-7880,서울특별시 용산구청,2026-06-13
청파동711UB(청파동867),1,,서울특별시 용산구청파동 1-171,,,2022,,02-2199-7880,서울특별시 용산구청,2026-06-13
청파동713,1,,서울특별시 용산구청파동 253-13,,,2012,,02-2199-7880,서울특별시 용산구청,2026-06-13
청파동714,1,,서울특별시 용산구청파동 253-13,,,2022,,02-2199-7880,서울특별시 용산구청,2026-06-13
청파동715,1,,서울특별시 용산구청파동 254-5,,,2024,,02-2199-7880,서울특별시 용산구청,2026-06-13
청파동716UB(청파동870),1,,서울특별시 용산구청파동 1-171,,,2021,,02-2199-7880,서울특별시 용산구청,2026-06-13
청파동718UB(청파동865),1,,서울특별시 용산구청파동 1-170,,,2021,,02-2199-7880,서울특별시 용산구청,2026-06-13
청파동719UB(청파동864),1,,서울특별시 용산구청파동 1-170,,,2021,,02-2199-7880,서울특별시 용산구청,2026-06-13
청파동720UB(청파동863),1,,서울특별시 용산구청파동 1-170,,,2021,,02-2199-7880,서울특별시 용산구청,2026-06-13
청파동721UB(청파동862),1,,서울특별시 용산구청파동 1-170,,,2021,,02-2199-7880,서울특별시 용산구청,2026-06-13
청파동722,1,,서울특별시 용산구청파동 260-38,,,2024,,02-2199-7880,서울특별시 용산구청,2026-06-13
청파동722UB(청파동861),1,,서울특별시 용산구청파동 53-38,,,2021,,02-2199-7880,서울특별시 용산구청,2026-06-13
청파동724,1,,서울특별시 용산구청파동 260-38,,,2024,,02-2199-7880,서울특별시 용산구청,2026-06-13
청파동726,1,,서울특별시 용산구청파동 260-38,,,2012,,02-2199-7880,서울특별시 용산구청,2026-06-13
청파동726UB(청파동880),1,,서울특별시 용산구청파동 48-7,,,2021,,02-2199-7880,서울특별시 용산구청,2026-06-13
청파동727,1,,서울특별시 용산구청파동 261-21,,,2024,,02-2199-7880,서울특별시 용산구청,2026-06-13
청파동727UB(청파동877),1,,서울특별시 용산구청파동 48-7,,,2021,,02-2199-7880,서울특별시 용산구청,2026-06-13
청파동728,1,,서울특별시 용산구청파동 264-8,,,2024,,02-2199-7880,서울특별시 용산구청,2026-06-13
청파동728UB(청파동878),1,,서울특별시 용산구청파동 4-8,,,2021,,02-2199-7880,서울특별시 용산구청,2026-06-13
청파동729,1,,서울특별시 용산구청파동 264-10,,,2024,,02-2199-7880,서울특별시 용산구청,2026-06-13
청파동729UB(청파동879),1,,서울특별시 용산구청파동 5-1,,,2021,,02-2199-7880,서울특별시 용산구청,2026-06-13
청파동730,1,,서울특별시 용산구청파동 270,,,2024,,02-2199-7880,서울특별시 용산구청,2026-06-13
청파동730UB(청파동855),1,,서울특별시 용산구청파동 5-6,,,2021,,02-2199-7880,서울특별시 용산구청,2026-06-13
청파동732UB(청파동909),1,,서울특별시 용산구청파동 6-1,,,2021,,02-2199-7880,서울특별시 용산구청,2026-06-13
청파동733,1,,서울특별시 용산구청파동 267-1,,,2024,,02-2199-7880,서울특별시 용산구청,2026-06-13
청파동733UB(청파동910),1,,서울특별시 용산구청파동 2-9,,,2021,,02-2199-7880,서울특별시 용산구청,2026-06-13
청파동734,1,,서울특별시 용산구청파동 267-4,,,2024,,02-2199-7880,서울특별시 용산구청,2026-06-13
청파동734UB(청파동911),1,,서울특별시 용산구청파동 2-33,,,2021,,02-2199-7880,서울특별시 용산구청,2026-06-13
청파동735,1,,서울특별시 용산구청파동 267-6,,,2024,,02-2199-7880,서울특별시 용산구청,2026-06-13
청파동735UB(청파동912),1,,서울특별시 용산구청파동 1-180,,,2022,,02-2199-7880,서울특별시 용산구청,2026-06-13
청파동736,1,,서울특별시 용산구청파동 267-133,,,2024,,02-2199-7880,서울특별시 용산구청,2026-06-13
청파동736UB(청파동913),1,,서울특별시 용산구청파동 1-8,,,2022,,02-2199-7880,서울특별시 용산구청,2026-06-13
청파동737,1,,서울특별시 용산구청파동 267-132,,,2024,,02-2199-7880,서울특별시 용산구청,2026-06-13
청파동737UB(청파동914),1,,서울특별시 용산구청파동 1-8,,,2021,,02-2199-7880,서울특별시 용산구청,2026-06-13
청파동738,1,,서울특별시 용산구청파동 267-131,,,2024,,02-2199-7880,서울특별시 용산구청,2026-06-13
청파동739,1,,서울특별시 용산구청파동 267-116,,,2024,,02-2199-7880,서울특별시 용산구청,2026-06-13
청파동740,1,,서울특별시 용산구청파동 267-116,,,2024,,02-2199-7880,서울특별시 용산구청,2026-06-13
청파동741,1,,서울특별시 용산구청파동 267-104,,,2024,,02-2199-7880,서울특별시 용산구청,2026-06-13
청파동742,1,,서울특별시 용산구청파동 267-41,,,2024,,02-2199-7880,서울특별시 용산구청,2026-06-13
청파동742UB(청파동854),1,,서울특별시 용산구청파동 6-9,,,2021,,02-2199-7880,서울특별시 용산구청,2026-06-13
청파동743,1,,서울특별시 용산구청파동 267-34,,,2024,,02-2199-7880,서울특별시 용산구청,2026-06-13
청파동743UB(청파동853),1,,서울특별시 용산구청파동 45-6,,,2021,,02-2199-7880,서울특별시 용산구청,2026-06-13
청파동744,1,,서울특별시 용산구청파동 267-41,,,2024,,02-2199-7880,서울특별시 용산구청,2026-06-13
청파동745,1,,서울특별시 용산구청파동 266-33,,,2012,,02-2199-7880,서울특별시 용산구청,2026-06-13
청파동746,1,,서울특별시 용산구청파동 267-48,,,2024,,02-2199-7880,서울특별시 용산구청,2026-06-13
청파동747,1,,서울특별시 용산구청파동 267-51,,,2024,,02-2199-7880,서울특별시 용산구청,2026-06-13
청파동748,1,,서울특별시 용산구청파동 267-68,,,2024,,02-2199-7880,서울특별시 용산구청,2026-06-13
청파동749,1,,서울특별시 용산구청파동 267-144,,,2024,,02-2199-7880,서울특별시 용산구청,2026-06-13
청파동750,1,,서울특별시 용산구청파동 267-90,,,2024,,02-2199-7880,서울특별시 용산구청,2026-06-13
청파동751,1,,서울특별시 용산구청파동 267-75,,,2024,,02-2199-7880,서울특별시 용산구청,2026-06-13
청파동751UB(청파동829),1,,서울특별시 용산구청파동 42-29,,,2022,,02-2199-7880,서울특별시 용산구청,2026-06-13
청파동752,1,,서울특별시 용산구청파동 267-95,,,2024,,02-2199-7880,서울특별시 용산구청,2026-06-13
청파동762,1,,서울특별시 용산구청파동 1-55,,,2024,,02-2199-7880,서울특별시 용산구청,2026-06-13
청파동762(청파동841),1,,서울특별시 용산구청파동 51-6,,,2022,,02-2199-7880,서울특별시 용산구청,2026-06-13
청파동764UB(청파동838),1,,서울특별시 용산구청파동 53,,,2022,,02-2199-7880,서울특별시 용산구청,2026-06-13
청파동766UB(청파동815),1,,서울특별시 용산구청파동 63-10,,,2021,,02-2199-7880,서울특별시 용산구청,2026-06-13
청파동767,1,,서울특별시 용산구청파동 1-59,,,2022,,02-2199-7880,서울특별시 용산구청,2026-06-13
청파동768UB(청파동813),1,,서울특별시 용산구청파동 38-1,,,2021,,02-2199-7880,서울특별시 용산구청,2026-06-13
청파동769UB(청파동814),1,,서울특별시 용산구청파동 41-22,,,2021,,02-2199-7880,서울특별시 용산구청,2026-06-13
청파동770UB(청파동857),1,,서울특별시 용산구청파동 8-9,,,2021,,02-2199-7880,서울특별시 용산구청,2026-06-13
청파동772UB(청파동858),1,,서울특별시 용산구청파동 9-1,,,2022,,02-2199-7880,서울특별시 용산구청,2026-06-13
청파동773UB(청파동860),1,,서울특별시 용산구청파동 8-19,,,2022,,02-2199-7880,서울특별시 용산구청,2026-06-13
청파동777,1,,서울특별시 용산구청파동 3-117,,,2022,,02-2199-7880,서울특별시 용산구청,2026-06-13
청파동777(청파동859),1,,서울특별시 용산구청파동 9-1,,,2021,,02-2199-7880,서울특별시 용산구청,2026-06-13
청파동778UB(청파동872),1,,서울특별시 용산구청파동 9-22,,,2022,,02-2199-7880,서울특별시 용산구청,2026-06-13
청파동781UB(청파동898),1,,서울특별시 용산구청파동 9-22,,,2022,,02-2199-7880,서울특별시 용산구청,2026-06-13
청파동784(청파동901),1,,서울특별시 용산구청파동 8-2,,,2021,,02-2199-7880,서울특별시 용산구청,2026-06-13
청파동786,1,,서울특별시 용산구청파동 1-143,,,2024,,02-2199-7880,서울특별시 용산구청,2026-06-13
청파동786UB(청파동903),1,,서울특별시 용산구청파동 97-46,,,2022,,02-2199-7880,서울특별시 용산구청,2026-06-13
청파동788UB(청파동959),1,,서울특별시 용산구청파동 10-19,,,2021,,02-2199-7880,서울특별시 용산구청,2026-06-13
청파동789UB(청파동957),1,,서울특별시 용산구청파동 98-14,,,2021,,02-2199-7880,서울특별시 용산구청,2026-06-13
청파동793UB(청파동955),1,,서울특별시 용산구청파동 98-26,,,2021,,02-2199-7880,서울특별시 용산구청,2026-06-13
청파동8,1,,서울특별시 용산구청파동 89,,,2012,,02-2199-7880,서울특별시 용산구청,2026-06-13
청파동800UB(청파동966),1,,서울특별시 용산구청파동 98-7,,,2021,,02-2199-7880,서울특별시 용산구청,2026-06-13
청파동802UB(청파동964),1,,서울특별시 용산구청파동 98-7,,,2021,,02-2199-7880,서울특별시 용산구청,2026-06-13
청파동806,1,,서울특별시 용산구청파동 71-5,,,2024,,02-2199-7880,서울특별시 용산구청,2026-06-13
청파동807,1,,서울특별시 용산구청파동 68-10,,,2012,,02-2199-7880,서울특별시 용산구청,2026-06-13
청파동807UB(청파동55),1,,서울특별시 용산구청파동 10-18,,,2021,,02-2199-7880,서울특별시 용산구청,2026-06-13
청파동808,1,,서울특별시 용산구청파동 68-12,,,2024,,02-2199-7880,서울특별시 용산구청,2026-06-13
청파동808UB(청파동56),1,,서울특별시 용산구청파동 100-3,,,2021,,02-2199-7880,서울특별시 용산구청,2026-06-13
청파동809,1,,서울특별시 용산구청파동 68-9,,,2024,,02-2199-7880,서울특별시 용산구청,2026-06-13
청파동809UB(청파동57),1,,서울특별시 용산구청파동 100-3,,,2021,,02-2199-7880,서울특별시 용산구청,2026-06-13
청파동810,1,,서울특별시 용산구청파동 67-10,,,2024,,02-2199-7880,서울특별시 용산구청,2026-06-13
청파동811,1,,서울특별시 용산구청파동 60-6,,,2012,,02-2199-7880,서울특별시 용산구청,2026-06-13
청파동812,1,,서울특별시 용산구청파동 67-11,,,2024,,02-2199-7880,서울특별시 용산구청,2026-06-13
청파동816,1,,서울특별시 용산구청파동 66-19,,,2024,,02-2199-7880,서울특별시 용산구청,2026-06-13
청파동817,1,,서울특별시 용산구청파동 66-19,,,2012,,02-2199-7880,서울특별시 용산구청,2026-06-13
청파동818,1,,서울특별시 용산구청파동 67-1,,,2024,,02-2199-7880,서울특별시 용산구청,2026-06-13
청파동819,1,,서울특별시 용산구청파동 38-1,,,2024,,02-2199-7880,서울특별시 용산구청,2026-06-13
청파동820,1,,서울특별시 용산구청파동 38-1,,,2024,,02-2199-7880,서울특별시 용산구청,2026-06-13
청파동821,1,,서울특별시 용산구청파동 40-10,,,2024,,02-2199-7880,서울특별시 용산구청,2026-06-13
청파동822,1,,서울특별시 용산구청파동 40-10,,,2024,,02-2199-7880,서울특별시 용산구청,2026-06-13
청파동823,1,,서울특별시 용산구청파동 38-1,,,2012,,02-2199-7880,서울특별시 용산구청,2026-06-13
청파동824,1,,서울특별시 용산구청파동 69-2,,,2012,,02-2199-7880,서울특별시 용산구청,2026-06-13
청파동825,1,,서울특별시 용산구청파동 70-1,,,2016,,02-2199-7880,서울특별시 용산구청,2026-06-13
청파동826,1,,서울특별시 용산구청파동 68-12,,,2012,,02-2199-7880,서울특별시 용산구청,2026-06-13
청파동827,1,,서울특별시 용산구청파동 71-96,,,2012,,02-2199-7880,서울특별시 용산구청,2026-06-13
청파동828,1,,서울특별시 용산구청파동 71-62,,,2024,,02-2199-7880,서울특별시 용산구청,2026-06-13
청파동830,1,,서울특별시 용산구청파동 47-34,,,2024,,02-2199-7880,서울특별시 용산구청,2026-06-13
청파동830UB(청파동78),1,,서울특별시 용산구청파동 104-12,,,2022,,02-2199-7880,서울특별시 용산구청,2026-06-13
청파동831,1,,서울특별시 용산구청파동 60-25,,,2024,,02-2199-7880,서울특별시 용산구청,2026-06-13
청파동832,1,,서울특별시 용산구청파동 60-14,,,2024,,02-2199-7880,서울특별시 용산구청,2026-06-13
청파동833,1,,서울특별시 용산구청파동 60-13,,,2024,,02-2199-7880,서울특별시 용산구청,2026-06-13
청파동834,1,,서울특별시 용산구청파동 63-5,,,2024,,02-2199-7880,서울특별시 용산구청,2026-06-13
청파동835,1,,서울특별시 용산구청파동 55-1,,,2024,,02-2199-7880,서울특별시 용산구청,2026-06-13
청파동836,1,,서울특별시 용산구청파동 59-6,,,2024,,02-2199-7880,서울특별시 용산구청,2026-06-13
청파동837,1,,서울특별시 용산구청파동 63-3,,,2024,,02-2199-7880,서울특별시 용산구청,2026-06-13
청파동839,1,,서울특별시 용산구청파동 56-3,,,2024,,02-2199-7880,서울특별시 용산구청,2026-06-13
청파동840,1,,서울특별시 용산구청파동 53-17,,,2012,,02-2199-7880,서울특별시 용산구청,2026-06-13
청파동842,1,,서울특별시 용산구청파동 53-18,,,2024,,02-2199-7880,서울특별시 용산구청,2026-06-13
청파동843,1,,서울특별시 용산구청파동 42-27,,,2024,,02-2199-7880,서울특별시 용산구청,2026-06-13
청파동844,1,,서울특별시 용산구청파동 49-6,,,2024,,02-2199-7880,서울특별시 용산구청,2026-06-13
청파동845,1,,서울특별시 용산구청파동 60-26,,,2024,,02-2199-7880,서울특별시 용산구청,2026-06-13
청파동846,1,,서울특별시 용산구청파동 42-26,,,2024,,02-2199-7880,서울특별시 용산구청,2026-06-13
청파동847,1,,서울특별시 용산구청파동 42-26,,,2024,,02-2199-7880,서울특별시 용산구청,2026-06-13
청파동848,1,,서울특별시 용산구청파동 42-25,,,2012,,02-2199-7880,서울특별시 용산구청,2026-06-13
청파동849,1,,서울특별시 용산구청파동 42-25,,,2012,,02-2199-7880,서울특별시 용산구청,2026-06-13
청파동850,1,,서울특별시 용산구청파동 47-41,,,2012,,02-2199-7880,서울특별시 용산구청,2026-06-13
청파동851,1,,서울특별시 용산구청파동 8-17,,,2024,,02-2199-7880,서울특별시 용산구청,2026-06-13
청파동851UB(청파동44),1,,서울특별시 용산구청파동 10-7,,,2022,,02-2199-7880,서울특별시 용산구청,2026-06-13
청파동852,1,,서울특별시 용산구청파동 8-16,,,2024,,02-2199-7880,서울특별시 용산구청,2026-06-13
청파동868,1,,서울특별시 용산구청파동 1-171,,,2012,,02-2199-7880,서울특별시 용산구청,2026-06-13
청파동869,1,,서울특별시 용산구청파동 1-183,,,2012,,02-2199-7880,서울특별시 용산구청,2026-06-13
청파동881,1,,서울특별시 용산구청파동 1-171,,,2012,,02-2199-7880,서울특별시 용산구청,2026-06-13
청파동897,1,,서울특별시 용산구청파동 267-142,,,2024,,02-2199-7880,서울특별시 용산구청,2026-06-13
청파동9,1,,서울특별시 용산구청파동 73-6,,,2024,,02-2199-7880,서울특별시 용산구청,2026-06-13
청파동913UB(청파동982),1,,서울특별시 용산구청파동 26-27,,,2022,,02-2199-7880,서울특별시 용산구청,2026-06-13
청파동919,1,,서울특별시 용산구청파동 1-53,,,2022,,02-2199-7880,서울특별시 용산구청,2026-06-13
청파동920,1,,서울특별시 용산구청파동 1-53,,,2012,,02-2199-7880,서울특별시 용산구청,2026-06-13
청파동922UB(청파동1005),1,,서울특별시 용산구청파동 45-1,,,2022,,02-2199-7880,서울특별시 용산구청,2026-06-13
청파동924UB(청파동1002),1,,서울특별시 용산구청파동 38-3,,,2022,,02-2199-7880,서울특별시 용산구청,2026-06-13
청파동939,1,,서울특별시 용산구청파동 96-20,,,2016,,02-2199-7880,서울특별시 용산구청,2026-06-13
청파동940,1,,서울특별시 용산구청파동 33-219,,,2012,,02-2199-7880,서울특별시 용산구청,2026-06-13
청파동941,1,,서울특별시 용산구청파동 33-61,,,2022,,02-2199-7880,서울특별시 용산구청,2026-06-13
청파동942,1,,서울특별시 용산구청파동 33-33,,,2012,,02-2199-7880,서울특별시 용산구청,2026-06-13
청파동942UB(청파동1013),1,,서울특별시 용산구청파동 107-67,,,2021,,02-2199-7880,서울특별시 용산구청,2026-06-13
청파동943,1,,서울특별시 용산구청파동 33-61,,,2024,,02-2199-7880,서울특별시 용산구청,2026-06-13
청파동943UB(청파동992),1,,서울특별시 용산구청파동 29-1,,,2021,,02-2199-7880,서울특별시 용산구청,2026-06-13
청파동944,1,,서울특별시 용산구청파동 33-61,,,2012,,02-2199-7880,서울특별시 용산구청,2026-06-13
청파동944UB(청파동989),1,,서울특별시 용산구청파동 29-16,,,2021,,02-2199-7880,서울특별시 용산구청,2026-06-13
청파동945UB(청파동988),1,,서울특별시 용산구청파동 26-28,,,2021,,02-2199-7880,서울특별시 용산구청,2026-06-13
청파동946UB(청파동987),1,,서울특별시 용산구청파동 26-28,,,2021,,02-2199-7880,서울특별시 용산구청,2026-06-13
청파동953,1,,서울특별시 용산구청파동 98-7,,,2024,,02-2199-7880,서울특별시 용산구청,2026-06-13
청파동967,1,,서울특별시 용산구청파동 154-10,,,2024,,02-2199-7880,서울특별시 용산구청,2026-06-13
청파동968,1,,서울특별시 용산구청파동 43-205,,,2024,,02-2199-7880,서울특별시 용산구청,2026-06-13
청파동969,1,,서울특별시 용산구청파동 43-205,,,2024,,02-2199-7880,서울특별시 용산구청,2026-06-13
청파동970,1,,서울특별시 용산구청파동 43-205,,,2024,,02-2199-7880,서울특별시 용산구청,2026-06-13
청파동971,1,,서울특별시 용산구청파동 154-25,,,2024,,02-2199-7880,서울특별시 용산구청,2026-06-13
청파동972,1,,서울특별시 용산구청파동 154-48,,,2024,,02-2199-7880,서울특별시 용산구청,2026-06-13
청파동973,1,,서울특별시 용산구청파동 154-17,,,2024,,02-2199-7880,서울특별시 용산구청,2026-06-13
청파동974,1,,서울특별시 용산구청파동 180-23,,,2024,,02-2199-7880,서울특별시 용산구청,2026-06-13
청파동975,1,,서울특별시 용산구청파동 180-11,,,2024,,02-2199-7880,서울특별시 용산구청,2026-06-13
청파동976,1,,서울특별시 용산구청파동 180-19,,,2024,,02-2199-7880,서울특별시 용산구청,2026-06-13
청파동977,1,,서울특별시 용산구청파동 180-9,,,2024,,02-2199-7880,서울특별시 용산구청,2026-06-13
청파동978,1,,서울특별시 용산구청파동 180-30,,,2024,,02-2199-7880,서울특별시 용산구청,2026-06-13
청파동979,1,,서울특별시 용산구청파동 10-3,,,2024,,02-2199-7880,서울특별시 용산구청,2026-06-13
청파동980,1,,서울특별시 용산구청파동 56-6,,,2024,,02-2199-7880,서울특별시 용산구청,2026-06-13
청파동981,1,,서울특별시 용산구청파동 21-4,,,2024,,02-2199-7880,서울특별시 용산구청,2026-06-13
청파동983,1,,서울특별시 용산구청파동 21-11,,,2024,,02-2199-7880,서울특별시 용산구청,2026-06-13
청파동984,1,,서울특별시 용산구청파동 21-7,,,2024,,02-2199-7880,서울특별시 용산구청,2026-06-13
청파동985,1,,서울특별시 용산구청파동 13-2,,,2024,,02-2199-7880,서울특별시 용산구청,2026-06-13
청파동986,1,,서울특별시 용산구청파동 78-2,,,2024,,02-2199-7880,서울특별시 용산구청,2026-06-13
청파동990,1,,서울특별시 용산구청파동 29-18,,,2022,,02-2199-7880,서울특별시 용산구청,2026-06-13
청파동991,1,,서울특별시 용산구청파동 29-20,,,2012,,02-2199-7880,서울특별시 용산구청,2026-06-13
청파동993,1,,서울특별시 용산구청파동 29-16,,,2024,,02-2199-7880,서울특별시 용산구청,2026-06-13
청파동994,1,,서울특별시 용산구청파동 29-4,,,2024,,02-2199-7880,서울특별시 용산구청,2026-06-13
청파동995,1,,서울특별시 용산구청파동 29-14,,,2024,,02-2199-7880,서울특별시 용산구청,2026-06-13
청파동996,1,,서울특별시 용산구청파동 26-22,,,2012,,02-2199-7880,서울특별시 용산구청,2026-06-13
청파동997,1,,서울특별시 용산구청파동 24-44,,,2024,,02-2199-7880,서울특별시 용산구청,2026-06-13
청파동998,1,,서울특별시 용산구청파동 50-13,,,2024,,02-2199-7880,서울특별시 용산구청,2026-06-13
청파동999,1,,서울특별시 용산구청파동 39-1,,,2024,,02-2199-7880,서울특별시 용산구청,2026-06-13
청파로-388(청파동204),1,,서울특별시 용산구청파동 211,,,2022,,02-2199-7880,서울특별시 용산구청,2026-06-13
청파로-492UB(청파동776),1,,서울특별시 용산구청파동 3-16,,,2022,,02-2199-7880,서울특별시 용산구청,2026-06-13
청파로147UB(청파동704),1,,서울특별시 용산구청파동 261-5,,,2021,,02-2199-7880,서울특별시 용산구청,2026-06-13
청파로149UB(청파동702),1,,서울특별시 용산구청파동 262-5,,,2021,,02-2199-7880,서울특별시 용산구청,2026-06-13
청파로18UB(청파동675),1,,서울특별시 용산구청파동 222-11,,,2021,,02-2199-7880,서울특별시 용산구청,2026-06-13
한강로동1,1,,서울특별시 용산구한강로동 16-12,,,2019,,02-2199-7880,서울특별시 용산구청,2026-06-13
한강로동10,1,,서울특별시 용산구한강로동 22-1,,,2018,,02-2199-7880,서울특별시 용산구청,2026-06-13
한강로동100,1,,서울특별시 용산구한강로동 1-44,,,2012,,02-2199-7880,서울특별시 용산구청,2026-06-13
한강로동101,1,,서울특별시 용산구한강로동 1-58,,,2012,,02-2199-7880,서울특별시 용산구청,2026-06-13
한강로동102,1,,서울특별시 용산구한강로동 1-96,,,2014,,02-2199-7880,서울특별시 용산구청,2026-06-13
한강로동103,1,,서울특별시 용산구한강로동 6-40,,,2012,,02-2199-7880,서울특별시 용산구청,2026-06-13
한강로동104,1,,서울특별시 용산구한강로동 6-40,,,2012,,02-2199-7880,서울특별시 용산구청,2026-06-13
한강로동105,1,,서울특별시 용산구한강로동 6-40,,,2012,,02-2199-7880,서울특별시 용산구청,2026-06-13
한강로동106,1,,서울특별시 용산구한강로동 193-1,,,2012,,02-2199-7880,서울특별시 용산구청,2026-06-13
한강로동107,1,,서울특별시 용산구한강로동 193-1,,,2012,,02-2199-7880,서울특별시 용산구청,2026-06-13
한강로동108,1,,서울특별시 용산구한강로동 1-46,,,2012,,02-2199-7880,서울특별시 용산구청,2026-06-13
한강로동109,1,,서울특별시 용산구한강로동 1-41,,,2012,,02-2199-7880,서울특별시 용산구청,2026-06-13
한강로동11,1,,서울특별시 용산구한강로동 40-105,,,2019,,02-2199-7880,서울특별시 용산구청,2026-06-13
한강로동110,1,,서울특별시 용산구한강로동 161-1,,,2012,,02-2199-7880,서울특별시 용산구청,2026-06-13
한강로동111,1,,서울특별시 용산구한강로동 161-1,,,2012,,02-2199-7880,서울특별시 용산구청,2026-06-13
한강로동112,1,,서울특별시 용산구한강로동 161-4,,,2012,,02-2199-7880,서울특별시 용산구청,2026-06-13
한강로동113,1,,서울특별시 용산구한강로동 163-3,,,2012,,02-2199-7880,서울특별시 용산구청,2026-06-13
한강로동114,1,,서울특별시 용산구한강로동 163-5,,,2012,,02-2199-7880,서울특별시 용산구청,2026-06-13
한강로동115,1,,서울특별시 용산구한강로동 161-8,,,2012,,02-2199-7880,서울특별시 용산구청,2026-06-13
한강로동116,1,,서울특별시 용산구한강로동 193-1,,,2012,,02-2199-7880,서울특별시 용산구청,2026-06-13
한강로동117,1,,서울특별시 용산구한강로동 194-8,,,2012,,02-2199-7880,서울특별시 용산구청,2026-06-13
한강로동118,1,,서울특별시 용산구한강로동 189,,,2012,,02-2199-7880,서울특별시 용산구청,2026-06-13
한강로동119,1,,서울특별시 용산구한강로동 189,,,2012,,02-2199-7880,서울특별시 용산구청,2026-06-13
한강로동12,1,,서울특별시 용산구한강로동 23-1,,,2019,,02-2199-7880,서울특별시 용산구청,2026-06-13
한강로동120,1,,서울특별시 용산구한강로동 166-5,,,2012,,02-2199-7880,서울특별시 용산구청,2026-06-13
한강로동121,1,,서울특별시 용산구한강로동 167-2,,,2012,,02-2199-7880,서울특별시 용산구청,2026-06-13
한강로동122,1,,서울특별시 용산구한강로동 179-1,,,2012,,02-2199-7880,서울특별시 용산구청,2026-06-13
한강로동123,1,,서울특별시 용산구한강로동 6-4,,,2012,,02-2199-7880,서울특별시 용산구청,2026-06-13
한강로동124,1,,서울특별시 용산구한강로동 4-1,,,2012,,02-2199-7880,서울특별시 용산구청,2026-06-13
한강로동125,1,,서울특별시 용산구한강로동 138,,,2022,,02-2199-7880,서울특별시 용산구청,2026-06-13
한강로동126,1,,서울특별시 용산구한강로동 138,,,2022,,02-2199-7880,서울특별시 용산구청,2026-06-13
한강로동127,1,,서울특별시 용산구한강로동 138,,,2012,,02-2199-7880,서울특별시 용산구청,2026-06-13
한강로동128,1,,서울특별시 용산구한강로동 183-1,,,2012,,02-2199-7880,서울특별시 용산구청,2026-06-13
한강로동129,1,,서울특별시 용산구한강로동 167-2,,,2022,,02-2199-7880,서울특별시 용산구청,2026-06-13
한강로동13,1,,서울특별시 용산구한강로동 23-1,,,2019,,02-2199-7880,서울특별시 용산구청,2026-06-13
한강로동130,1,,서울특별시 용산구한강로동 138,,,2022,,02-2199-7880,서울특별시 용산구청,2026-06-13
한강로동131,1,,서울특별시 용산구한강로동 187-5,,,2022,,02-2199-7880,서울특별시 용산구청,2026-06-13
한강로동132,1,,서울특별시 용산구한강로동 205-1,,,2022,,02-2199-7880,서울특별시 용산구청,2026-06-13
한강로동133,1,,서울특별시 용산구한강로동 138,,,2022,,02-2199-7880,서울특별시 용산구청,2026-06-13
한강로동134,1,,서울특별시 용산구한강로동 138,,,2012,,02-2199-7880,서울특별시 용산구청,2026-06-13
한강로동135,1,,서울특별시 용산구한강로동 138,,,2012,,02-2199-7880,서울특별시 용산구청,2026-06-13
한강로동136,1,,서울특별시 용산구한강로동 231-23,,,2012,,02-2199-7880,서울특별시 용산구청,2026-06-13
한강로동137,1,,서울특별시 용산구한강로동 231-42,,,2012,,02-2199-7880,서울특별시 용산구청,2026-06-13
한강로동138,1,,서울특별시 용산구한강로동 231-42,,,2012,,02-2199-7880,서울특별시 용산구청,2026-06-13
한강로동139,1,,서울특별시 용산구한강로동 199-4,,,2012,,02-2199-7880,서울특별시 용산구청,2026-06-13
한강로동14,1,,서울특별시 용산구한강로동 23-1,,,2012,,02-2199-7880,서울특별시 용산구청,2026-06-13
한강로동140,1,,서울특별시 용산구한강로동 138,,,2012,,02-2199-7880,서울특별시 용산구청,2026-06-13
한강로동141,1,,서울특별시 용산구한강로동 138,,,2022,,02-2199-7880,서울특별시 용산구청,2026-06-13
한강로동142,1,,서울특별시 용산구한강로동 231-24,,,2022,,02-2199-7880,서울특별시 용산구청,2026-06-13
한강로동143,1,,서울특별시 용산구한강로동 231-23,,,2022,,02-2199-7880,서울특별시 용산구청,2026-06-13
한강로동144,1,,서울특별시 용산구한강로동 138,,,2022,,02-2199-7880,서울특별시 용산구청,2026-06-13
한강로동145,1,,서울특별시 용산구한강로동 214,,,2023,,02-2199-7880,서울특별시 용산구청,2026-06-13
한강로동146,1,,서울특별시 용산구한강로동 138,,,2022,,02-2199-7880,서울특별시 용산구청,2026-06-13
한강로동147,1,,서울특별시 용산구한강로동 138,,,2012,,02-2199-7880,서울특별시 용산구청,2026-06-13
한강로동148,1,,서울특별시 용산구한강로동 216-4,,,2022,,02-2199-7880,서울특별시 용산구청,2026-06-13
한강로동149,1,,서울특별시 용산구한강로동 216-4,,,2022,,02-2199-7880,서울특별시 용산구청,2026-06-13
한강로동15,1,,서울특별시 용산구한강로동 23-1,,,2019,,02-2199-7880,서울특별시 용산구청,2026-06-13
한강로동150,1,,서울특별시 용산구한강로동 216-4,,,2016,,02-2199-7880,서울특별시 용산구청,2026-06-13
한강로동151,1,,서울특별시 용산구한강로동 216-4,,,2012,,02-2199-7880,서울특별시 용산구청,2026-06-13
한강로동152,1,,서울특별시 용산구한강로동 216-4,,,2012,,02-2199-7880,서울특별시 용산구청,2026-06-13
한강로동153,1,,서울특별시 용산구한강로동 138,,,2022,,02-2199-7880,서울특별시 용산구청,2026-06-13
한강로동154,1,,서울특별시 용산구한강로동 138,,,2022,,02-2199-7880,서울특별시 용산구청,2026-06-13
한강로동155,1,,서울특별시 용산구한강로동 412,,,2022,,02-2199-7880,서울특별시 용산구청,2026-06-13
한강로동156,1,,서울특별시 용산구한강로동 18-1,,,2022,,02-2199-7880,서울특별시 용산구청,2026-06-13
한강로동157,1,,서울특별시 용산구한강로동 412,,,2012,,02-2199-7880,서울특별시 용산구청,2026-06-13
한강로동158,1,,서울특별시 용산구한강로동 138,,,2022,,02-2199-7880,서울특별시 용산구청,2026-06-13
한강로동159,1,,서울특별시 용산구한강로동 412,,,2015,,02-2199-7880,서울특별시 용산구청,2026-06-13
한강로동16,1,,서울특별시 용산구한강로동 23-1,,,2012,,02-2199-7880,서울특별시 용산구청,2026-06-13
한강로동160,1,,서울특별시 용산구한강로동 231-30,,,2012,,02-2199-7880,서울특별시 용산구청,2026-06-13
한강로동161,1,,서울특별시 용산구한강로동 412,,,2012,,02-2199-7880,서울특별시 용산구청,2026-06-13
한강로동162,1,,서울특별시 용산구한강로동 234-5,,,2012,,02-2199-7880,서울특별시 용산구청,2026-06-13
한강로동163,1,,서울특별시 용산구한강로동 412,,,2012,,02-2199-7880,서울특별시 용산구청,2026-06-13
한강로동164,1,,서울특별시 용산구한강로동 412,,,2012,,02-2199-7880,서울특별시 용산구청,2026-06-13
한강로동165,1,,서울특별시 용산구한강로동 37-2,,,2012,,02-2199-7880,서울특별시 용산구청,2026-06-13
한강로동166,1,,서울특별시 용산구한강로동 412,,,2012,,02-2199-7880,서울특별시 용산구청,2026-06-13
한강로동167,1,,서울특별시 용산구한강로동 32,,,2012,,02-2199-7880,서울특별시 용산구청,2026-06-13
한강로동168,1,,서울특별시 용산구한강로동 412,,,2012,,02-2199-7880,서울특별시 용산구청,2026-06-13
한강로동169,1,,서울특별시 용산구한강로동 230-2,,,2022,,02-2199-7880,서울특별시 용산구청,2026-06-13
한강로동17,1,,서울특별시 용산구한강로동 16-11,,,2012,,02-2199-7880,서울특별시 용산구청,2026-06-13
한강로동170,1,,서울특별시 용산구한강로동 138,,,2012,,02-2199-7880,서울특별시 용산구청,2026-06-13
한강로동171,1,,서울특별시 용산구한강로동 138,,,2012,,02-2199-7880,서울특별시 용산구청,2026-06-13
한강로동172,1,,서울특별시 용산구한강로동 412,,,2022,,02-2199-7880,서울특별시 용산구청,2026-06-13
한강로동173,1,,서울특별시 용산구한강로동 48-1,,,2022,,02-2199-7880,서울특별시 용산구청,2026-06-13
한강로동174,1,,서울특별시 용산구한강로동 412,,,2022,,02-2199-7880,서울특별시 용산구청,2026-06-13
한강로동175,1,,서울특별시 용산구한강로동 227,,,2022,,02-2199-7880,서울특별시 용산구청,2026-06-13
한강로동176,1,,서울특별시 용산구한강로동 412,,,2022,,02-2199-7880,서울특별시 용산구청,2026-06-13
한강로동177,1,,서울특별시 용산구한강로동 6-2,,,2022,,02-2199-7880,서울특별시 용산구청,2026-06-13
한강로동178,1,,서울특별시 용산구한강로동 5-13,,,2016,,02-2199-7880,서울특별시 용산구청,2026-06-13
한강로동179,1,,서울특별시 용산구한강로동 412,,,2012,,02-2199-7880,서울특별시 용산구청,2026-06-13
한강로동18,1,,서울특별시 용산구한강로동 16-11,,,2012,,02-2199-7880,서울특별시 용산구청,2026-06-13
한강로동180,1,,서울특별시 용산구한강로동 220,,,2022,,02-2199-7880,서울특별시 용산구청,2026-06-13
한강로동181,1,,서울특별시 용산구한강로동 220,,,2022,,02-2199-7880,서울특별시 용산구청,2026-06-13
한강로동182,1,,서울특별시 용산구한강로동 224-1,,,2012,,02-2199-7880,서울특별시 용산구청,2026-06-13
한강로동183,1,,서울특별시 용산구한강로동 5-10,,,2012,,02-2199-7880,서울특별시 용산구청,2026-06-13
한강로동184,1,,서울특별시 용산구한강로동 138,,,2022,,02-2199-7880,서울특별시 용산구청,2026-06-13
한강로동185,1,,서울특별시 용산구한강로동 138,,,2022,,02-2199-7880,서울특별시 용산구청,2026-06-13
한강로동186,1,,서울특별시 용산구한강로동 138,,,2022,,02-2199-7880,서울특별시 용산구청,2026-06-13
한강로동187,1,,서울특별시 용산구한강로동 138,,,2022,,02-2199-7880,서울특별시 용산구청,2026-06-13
한강로동188,1,,서울특별시 용산구한강로동 138,,,2022,,02-2199-7880,서울특별시 용산구청,2026-06-13
한강로동189,1,,서울특별시 용산구한강로동 5-7,,,2012,,02-2199-7880,서울특별시 용산구청,2026-06-13
한강로동19,1,,서울특별시 용산구한강로동 16-9,,,2012,,02-2199-7880,서울특별시 용산구청,2026-06-13
한강로동190,1,,서울특별시 용산구한강로동 216-19,,,2012,,02-2199-7880,서울특별시 용산구청,2026-06-13
한강로동191,1,,서울특별시 용산구한강로동 216-21,,,2023,,02-2199-7880,서울특별시 용산구청,2026-06-13
한강로동192,1,,서울특별시 용산구한강로동 412,,,2022,,02-2199-7880,서울특별시 용산구청,2026-06-13
한강로동193,1,,서울특별시 용산구한강로동 412,,,2022,,02-2199-7880,서울특별시 용산구청,2026-06-13
한강로동194,1,,서울특별시 용산구한강로동 87-1,,,2022,,02-2199-7880,서울특별시 용산구청,2026-06-13
한강로동195,1,,서울특별시 용산구한강로동 412,,,2022,,02-2199-7880,서울특별시 용산구청,2026-06-13
한강로동196,1,,서울특별시 용산구한강로동 412,,,2022,,02-2199-7880,서울특별시 용산구청,2026-06-13
한강로동197,1,,서울특별시 용산구한강로동 412,,,2022,,02-2199-7880,서울특별시 용산구청,2026-06-13
한강로동198,1,,서울특별시 용산구한강로동 412,,,2022,,02-2199-7880,서울특별시 용산구청,2026-06-13
한강로동199,1,,서울특별시 용산구한강로동 54,,,2022,,02-2199-7880,서울특별시 용산구청,2026-06-13
한강로동2,1,,서울특별시 용산구한강로동 16-12,,,2019,,02-2199-7880,서울특별시 용산구청,2026-06-13
한강로동20,1,,서울특별시 용산구한강로동 16-9,,,2012,,02-2199-7880,서울특별시 용산구청,2026-06-13
한강로동200,1,,서울특별시 용산구한강로동 54,,,2012,,02-2199-7880,서울특별시 용산구청,2026-06-13
한강로동201,1,,서울특별시 용산구한강로동 54,,,2022,,02-2199-7880,서울특별시 용산구청,2026-06-13
한강로동202,1,,서울특별시 용산구한강로동 6-27,,,2012,,02-2199-7880,서울특별시 용산구청,2026-06-13
한강로동203,1,,서울특별시 용산구한강로동 6-27,,,2015,,02-2199-7880,서울특별시 용산구청,2026-06-13
한강로동204,1,,서울특별시 용산구한강로동 6-21,,,2012,,02-2199-7880,서울특별시 용산구청,2026-06-13
한강로동205,1,,서울특별시 용산구한강로동 55-1,,,2022,,02-2199-7880,서울특별시 용산구청,2026-06-13
한강로동206,1,,서울특별시 용산구한강로동 55-1,,,2022,,02-2199-7880,서울특별시 용산구청,2026-06-13
한강로동207,1,,서울특별시 용산구한강로동 55-1,,,2022,,02-2199-7880,서울특별시 용산구청,2026-06-13
한강로동208,1,,서울특별시 용산구한강로동 412,,,2022,,02-2199-7880,서울특별시 용산구청,2026-06-13
한강로동209,1,,서울특별시 용산구한강로동 412,,,2022,,02-2199-7880,서울특별시 용산구청,2026-06-13
한강로동21,1,,서울특별시 용산구한강로동 16-9,,,2012,,02-2199-7880,서울특별시 용산구청,2026-06-13
한강로동210,1,,서울특별시 용산구한강로동 412,,,2022,,02-2199-7880,서울특별시 용산구청,2026-06-13
한강로동211,1,,서울특별시 용산구한강로동 412,,,2022,,02-2199-7880,서울특별시 용산구청,2026-06-13
한강로동212,1,,서울특별시 용산구한강로동 412,,,2022,,02-2199-7880,서울특별시 용산구청,2026-06-13
한강로동213,1,,서울특별시 용산구한강로동 77-2,,,2012,,02-2199-7880,서울특별시 용산구청,2026-06-13
한강로동214,1,,서울특별시 용산구한강로동 412,,,2022,,02-2199-7880,서울특별시 용산구청,2026-06-13
한강로동215,1,,서울특별시 용산구한강로동 412,,,2022,,02-2199-7880,서울특별시 용산구청,2026-06-13
한강로동216,1,,서울특별시 용산구한강로동 81-3,,,2022,,02-2199-7880,서울특별시 용산구청,2026-06-13
한강로동217,1,,서울특별시 용산구한강로동 412,,,2022,,02-2199-7880,서울특별시 용산구청,2026-06-13
한강로동218,1,,서울특별시 용산구한강로동 412,,,2012,,02-2199-7880,서울특별시 용산구청,2026-06-13
한강로동219,1,,서울특별시 용산구한강로동 412,,,2022,,02-2199-7880,서울특별시 용산구청,2026-06-13
한강로동22,1,,서울특별시 용산구한강로동 16-8,,,2012,,02-2199-7880,서울특별시 용산구청,2026-06-13
한강로동220,1,,서울특별시 용산구한강로동 412,,,2022,,02-2199-7880,서울특별시 용산구청,2026-06-13
한강로동221,1,,서울특별시 용산구한강로동 412,,,2012,,02-2199-7880,서울특별시 용산구청,2026-06-13
한강로동222,1,,서울특별시 용산구한강로동 84-5,,,2012,,02-2199-7880,서울특별시 용산구청,2026-06-13
한강로동223,1,,서울특별시 용산구한강로동 84-5,,,2012,,02-2199-7880,서울특별시 용산구청,2026-06-13
한강로동224,1,,서울특별시 용산구한강로동 99-3,,,2022,,02-2199-7880,서울특별시 용산구청,2026-06-13
한강로동225,1,,서울특별시 용산구한강로동 412,,,2022,,02-2199-7880,서울특별시 용산구청,2026-06-13
한강로동226,1,,서울특별시 용산구한강로동 100-4,,,2012,,02-2199-7880,서울특별시 용산구청,2026-06-13
한강로동227,1,,서울특별시 용산구한강로동,,,2022,,02-2199-7880,서울특별시 용산구청,2026-06-13
한강로동228,1,,서울특별시 용산구한강로동 95-2,,,2012,,02-2199-7880,서울특별시 용산구청,2026-06-13
한강로동229,1,,서울특별시 용산구한강로동 108-1,,,2022,,02-2199-7880,서울특별시 용산구청,2026-06-13
한강로동23,1,,서울특별시 용산구한강로동 15-13,,,2014,,02-2199-7880,서울특별시 용산구청,2026-06-13
한강로동230,1,,서울특별시 용산구한강로동 108-3,,,2022,,02-2199-7880,서울특별시 용산구청,2026-06-13
한강로동231,1,,서울특별시 용산구한강로동 105-3,,,2022,,02-2199-7880,서울특별시 용산구청,2026-06-13
한강로동232,1,,서울특별시 용산구한강로동 107-12,,,2022,,02-2199-7880,서울특별시 용산구청,2026-06-13
한강로동233,1,,서울특별시 용산구한강로동 412,,,2022,,02-2199-7880,서울특별시 용산구청,2026-06-13
한강로동234,1,,서울특별시 용산구한강로동 412,,,2022,,02-2199-7880,서울특별시 용산구청,2026-06-13
한강로동235,1,,서울특별시 용산구한강로동 412,,,2012,,02-2199-7880,서울특별시 용산구청,2026-06-13
한강로동236,1,,서울특별시 용산구한강로동 412,,,2022,,02-2199-7880,서울특별시 용산구청,2026-06-13
한강로동237,1,,서울특별시 용산구한강로동 412,,,2022,,02-2199-7880,서울특별시 용산구청,2026-06-13
한강로동238,1,,서울특별시 용산구한강로동 412,,,2012,,02-2199-7880,서울특별시 용산구청,2026-06-13
한강로동239,1,,서울특별시 용산구한강로동 412,,,2012,,02-2199-7880,서울특별시 용산구청,2026-06-13
한강로동24,1,,서울특별시 용산구한강로동 15-6,,,2014,,02-2199-7880,서울특별시 용산구청,2026-06-13
한강로동240,1,,서울특별시 용산구한강로동 142,,,2012,,02-2199-7880,서울특별시 용산구청,2026-06-13
한강로동241,1,,서울특별시 용산구한강로동 412,,,2022,,02-2199-7880,서울특별시 용산구청,2026-06-13
한강로동242,1,,서울특별시 용산구한강로동 412,,,2022,,02-2199-7880,서울특별시 용산구청,2026-06-13
한강로동243,1,,서울특별시 용산구한강로동 156-2,,,2012,,02-2199-7880,서울특별시 용산구청,2026-06-13
한강로동244,1,,서울특별시 용산구한강로동 142,,,2012,,02-2199-7880,서울특별시 용산구청,2026-06-13
한강로동245,1,,서울특별시 용산구한강로동 412,,,2012,,02-2199-7880,서울특별시 용산구청,2026-06-13
한강로동246,1,,서울특별시 용산구한강로동 156-13,,,2012,,02-2199-7880,서울특별시 용산구청,2026-06-13
한강로동247,1,,서울특별시 용산구한강로동 412,,,2012,,02-2199-7880,서울특별시 용산구청,2026-06-13
한강로동248,1,,서울특별시 용산구한강로동 412,,,2012,,02-2199-7880,서울특별시 용산구청,2026-06-13
한강로동249,1,,서울특별시 용산구한강로동 412,,,2012,,02-2199-7880,서울특별시 용산구청,2026-06-13
한강로동25,1,,서울특별시 용산구한강로동 15-33,,,2023,,02-2199-7880,서울특별시 용산구청,2026-06-13
한강로동250,1,,서울특별시 용산구한강로동 412,,,2012,,02-2199-7880,서울특별시 용산구청,2026-06-13
한강로동251,1,,서울특별시 용산구한강로동 412,,,2012,,02-2199-7880,서울특별시 용산구청,2026-06-13
한강로동252,1,,서울특별시 용산구한강로동 412,,,2012,,02-2199-7880,서울특별시 용산구청,2026-06-13
한강로동253,1,,서울특별시 용산구한강로동 412,,,2022,,02-2199-7880,서울특별시 용산구청,2026-06-13
한강로동254,1,,서울특별시 용산구한강로동 155-2,,,2012,,02-2199-7880,서울특별시 용산구청,2026-06-13
한강로동255,1,,서울특별시 용산구한강로동 412,,,2012,,02-2199-7880,서울특별시 용산구청,2026-06-13
한강로동256,1,,서울특별시 용산구한강로동 412,,,2012,,02-2199-7880,서울특별시 용산구청,2026-06-13
한강로동257,1,,서울특별시 용산구한강로동 412,,,2012,,02-2199-7880,서울특별시 용산구청,2026-06-13
한강로동258,1,,서울특별시 용산구한강로동 2-67,,,2012,,02-2199-7880,서울특별시 용산구청,2026-06-13
한강로동259,1,,서울특별시 용산구한강로동 73-6,,,2012,,02-2199-7880,서울특별시 용산구청,2026-06-13
한강로동26,1,,서울특별시 용산구한강로동 3-3,,,2013,,02-2199-7880,서울특별시 용산구청,2026-06-13
한강로동260,1,,서울특별시 용산구한강로동 64,,,2012,,02-2199-7880,서울특별시 용산구청,2026-06-13
한강로동261,1,,서울특별시 용산구한강로동 65,,,2018,,02-2199-7880,서울특별시 용산구청,2026-06-13
한강로동262,1,,서울특별시 용산구한강로동 412,,,2012,,02-2199-7880,서울특별시 용산구청,2026-06-13
한강로동263,1,,서울특별시 용산구한강로동 32,,,2012,,02-2199-7880,서울특별시 용산구청,2026-06-13
한강로동264,1,,서울특별시 용산구한강로동 191-3,,,2012,,02-2199-7880,서울특별시 용산구청,2026-06-13
한강로동265,1,,서울특별시 용산구한강로동 191-3,,,2012,,02-2199-7880,서울특별시 용산구청,2026-06-13
한강로동266,1,,서울특별시 용산구한강로동 225-1,,,2014,,02-2199-7880,서울특별시 용산구청,2026-06-13
한강로동267,1,,서울특별시 용산구한강로동 191-3,,,2019,,02-2199-7880,서울특별시 용산구청,2026-06-13
한강로동268,1,,서울특별시 용산구한강로동 65-552,,,2012,,02-2199-7880,서울특별시 용산구청,2026-06-13
한강로동269,1,,서울특별시 용산구한강로동 65-271,,,2012,,02-2199-7880,서울특별시 용산구청,2026-06-13
한강로동27,1,,서울특별시 용산구한강로동 3-32,,,2013,,02-2199-7880,서울특별시 용산구청,2026-06-13
한강로동270,1,,서울특별시 용산구한강로동 65-552,,,2012,,02-2199-7880,서울특별시 용산구청,2026-06-13
한강로동271,1,,서울특별시 용산구한강로동 65-283,,,2012,,02-2199-7880,서울특별시 용산구청,2026-06-13
한강로동272,1,,서울특별시 용산구한강로동 65-552,,,2012,,02-2199-7880,서울특별시 용산구청,2026-06-13
한강로동273,1,,서울특별시 용산구한강로동 65-547,,,2012,,02-2199-7880,서울특별시 용산구청,2026-06-13
한강로동274,1,,서울특별시 용산구한강로동 65-304,,,2021,,02-2199-7880,서울특별시 용산구청,2026-06-13
한강로동275,1,,서울특별시 용산구한강로동 65-300,,,2012,,02-2199-7880,서울특별시 용산구청,2026-06-13
한강로동276,1,,서울특별시 용산구한강로동 65-298,,,2012,,02-2199-7880,서울특별시 용산구청,2026-06-13
한강로동277,1,,서울특별시 용산구한강로동 65-315,,,2012,,02-2199-7880,서울특별시 용산구청,2026-06-13
한강로동278,1,,서울특별시 용산구한강로동 65-500,,,2012,,02-2199-7880,서울특별시 용산구청,2026-06-13
한강로동279,1,,서울특별시 용산구한강로동 65-500,,,2012,,02-2199-7880,서울특별시 용산구청,2026-06-13
한강로동28,1,,서울특별시 용산구한강로동 15-6,,,2018,,02-2199-7880,서울특별시 용산구청,2026-06-13
한강로동280,1,,서울특별시 용산구한강로동 65-342,,,2012,,02-2199-7880,서울특별시 용산구청,2026-06-13
한강로동281,1,,서울특별시 용산구한강로동 65-342,,,2012,,02-2199-7880,서울특별시 용산구청,2026-06-13
한강로동282,1,,서울특별시 용산구한강로동 65-342,,,2012,,02-2199-7880,서울특별시 용산구청,2026-06-13
한강로동283,1,,서울특별시 용산구한강로동 65-603,,,2016,,02-2199-7880,서울특별시 용산구청,2026-06-13
한강로동284,1,,서울특별시 용산구한강로동 65-609,,,2012,,02-2199-7880,서울특별시 용산구청,2026-06-13
한강로동285,1,,서울특별시 용산구한강로동 65-605,,,2012,,02-2199-7880,서울특별시 용산구청,2026-06-13
한강로동286,1,,서울특별시 용산구한강로동 65-605,,,2012,,02-2199-7880,서울특별시 용산구청,2026-06-13
한강로동287,1,,서울특별시 용산구한강로동 65-605,,,2012,,02-2199-7880,서울특별시 용산구청,2026-06-13
한강로동288,1,,서울특별시 용산구한강로동 65-605,,,2012,,02-2199-7880,서울특별시 용산구청,2026-06-13
한강로동289,1,,서울특별시 용산구한강로동 65-428,,,2012,,02-2199-7880,서울특별시 용산구청,2026-06-13
한강로동29,1,,서울특별시 용산구한강로동 15-6,,,2018,,02-2199-7880,서울특별시 용산구청,2026-06-13
한강로동290,1,,서울특별시 용산구한강로동 65-428,,,2012,,02-2199-7880,서울특별시 용산구청,2026-06-13
한강로동291,1,,서울특별시 용산구한강로동 65-428,,,2012,,02-2199-7880,서울특별시 용산구청,2026-06-13
한강로동292,1,,서울특별시 용산구한강로동 65-561,,,2016,,02-2199-7880,서울특별시 용산구청,2026-06-13
한강로동293,1,,서울특별시 용산구한강로동 65-385,,,2012,,02-2199-7880,서울특별시 용산구청,2026-06-13
한강로동294,1,,서울특별시 용산구한강로동 65-383,,,2018,,02-2199-7880,서울특별시 용산구청,2026-06-13
한강로동295,1,,서울특별시 용산구한강로동 65-428,,,2012,,02-2199-7880,서울특별시 용산구청,2026-06-13
한강로동296,1,,서울특별시 용산구한강로동 65-373,,,2012,,02-2199-7880,서울특별시 용산구청,2026-06-13
한강로동297,1,,서울특별시 용산구한강로동 65-375,,,2012,,02-2199-7880,서울특별시 용산구청,2026-06-13
한강로동298,1,,서울특별시 용산구한강로동 65-379,,,2012,,02-2199-7880,서울특별시 용산구청,2026-06-13
한강로동299,1,,서울특별시 용산구한강로동 65-383,,,2012,,02-2199-7880,서울특별시 용산구청,2026-06-13
한강로동3,1,,서울특별시 용산구한강로동 16-12,,,2019,,02-2199-7880,서울특별시 용산구청,2026-06-13
한강로동30,1,,서울특별시 용산구한강로동 11-20,,,2023,,02-2199-7880,서울특별시 용산구청,2026-06-13
한강로동300,1,,서울특별시 용산구한강로동 65-391,,,2012,,02-2199-7880,서울특별시 용산구청,2026-06-13
한강로동301,1,,서울특별시 용산구한강로동 65-392,,,2012,,02-2199-7880,서울특별시 용산구청,2026-06-13
한강로동302,1,,서울특별시 용산구한강로동 65-399,,,2015,,02-2199-7880,서울특별시 용산구청,2026-06-13
한강로동303,1,,서울특별시 용산구한강로동 65-605,,,2012,,02-2199-7880,서울특별시 용산구청,2026-06-13
한강로동304,1,,서울특별시 용산구한강로동 65-399,,,2015,,02-2199-7880,서울특별시 용산구청,2026-06-13
한강로동305,1,,서울특별시 용산구한강로동 65-605,,,2012,,02-2199-7880,서울특별시 용산구청,2026-06-13
한강로동306,1,,서울특별시 용산구한강로동 65-605,,,2015,,02-2199-7880,서울특별시 용산구청,2026-06-13
한강로동307,1,,서울특별시 용산구한강로동 65-605,,,2012,,02-2199-7880,서울특별시 용산구청,2026-06-13
한강로동308,1,,서울특별시 용산구한강로동 65-602,,,2012,,02-2199-7880,서울특별시 용산구청,2026-06-13
한강로동309,1,,서울특별시 용산구한강로동 65-605,,,2012,,02-2199-7880,서울특별시 용산구청,2026-06-13
한강로동31,1,,서울특별시 용산구한강로동 7-1,,,2022,,02-2199-7880,서울특별시 용산구청,2026-06-13
한강로동310,1,,서울특별시 용산구한강로동 65-605,,,2012,,02-2199-7880,서울특별시 용산구청,2026-06-13
한강로동311,1,,서울특별시 용산구한강로동 65-8,,,2012,,02-2199-7880,서울특별시 용산구청,2026-06-13
한강로동312,1,,서울특별시 용산구한강로동 65-7,,,2013,,02-2199-7880,서울특별시 용산구청,2026-06-13
한강로동313,1,,서울특별시 용산구한강로동 65-154,,,2012,,02-2199-7880,서울특별시 용산구청,2026-06-13
한강로동314,1,,서울특별시 용산구한강로동 65-154,,,2012,,02-2199-7880,서울특별시 용산구청,2026-06-13
한강로동315,1,,서울특별시 용산구한강로동 65-154,,,2012,,02-2199-7880,서울특별시 용산구청,2026-06-13
한강로동316,1,,서울특별시 용산구한강로동 65-352,,,2012,,02-2199-7880,서울특별시 용산구청,2026-06-13
한강로동317,1,,서울특별시 용산구한강로동 65-477,,,2012,,02-2199-7880,서울특별시 용산구청,2026-06-13
한강로동318,1,,서울특별시 용산구한강로동 65-154,,,2012,,02-2199-7880,서울특별시 용산구청,2026-06-13
한강로동319,1,,서울특별시 용산구한강로동 65-209,,,2012,,02-2199-7880,서울특별시 용산구청,2026-06-13
한강로동32,1,,서울특별시 용산구한강로동 6-1,,,2022,,02-2199-7880,서울특별시 용산구청,2026-06-13
한강로동320,1,,서울특별시 용산구한강로동 65-481,,,2012,,02-2199-7880,서울특별시 용산구청,2026-06-13
한강로동321,1,,서울특별시 용산구한강로동 65-154,,,2012,,02-2199-7880,서울특별시 용산구청,2026-06-13
한강로동322,1,,서울특별시 용산구한강로동 65-154,,,2012,,02-2199-7880,서울특별시 용산구청,2026-06-13
한강로동323,1,,서울특별시 용산구한강로동 65-487,,,2012,,02-2199-7880,서울특별시 용산구청,2026-06-13
한강로동324,1,,서울특별시 용산구한강로동 65-154,,,2018,,02-2199-7880,서울특별시 용산구청,2026-06-13
한강로동325,1,,서울특별시 용산구한강로동 65-8,,,2013,,02-2199-7880,서울특별시 용산구청,2026-06-13
한강로동326,1,,서울특별시 용산구한강로동 65-552,,,2012,,02-2199-7880,서울특별시 용산구청,2026-06-13
한강로동327,1,,서울특별시 용산구한강로동 65-552,,,2012,,02-2199-7880,서울특별시 용산구청,2026-06-13
한강로동328,1,,서울특별시 용산구한강로동 65-171,,,2012,,02-2199-7880,서울특별시 용산구청,2026-06-13
한강로동329,1,,서울특별시 용산구한강로동 65-552,,,2012,,02-2199-7880,서울특별시 용산구청,2026-06-13
한강로동33,1,,서울특별시 용산구한강로동 6-1,,,2022,,02-2199-7880,서울특별시 용산구청,2026-06-13
한강로동330,1,,서울특별시 용산구한강로동 65-188,,,2012,,02-2199-7880,서울특별시 용산구청,2026-06-13
한강로동331,1,,서울특별시 용산구한강로동 65-552,,,2012,,02-2199-7880,서울특별시 용산구청,2026-06-13
한강로동332,1,,서울특별시 용산구한강로동 89,,,2012,,02-2199-7880,서울특별시 용산구청,2026-06-13
한강로동333,1,,서울특별시 용산구한강로동 89,,,2012,,02-2199-7880,서울특별시 용산구청,2026-06-13
한강로동334,1,,서울특별시 용산구한강로동 89,,,2012,,02-2199-7880,서울특별시 용산구청,2026-06-13
한강로동335,1,,서울특별시 용산구한강로동 89,,,2012,,02-2199-7880,서울특별시 용산구청,2026-06-13
한강로동336,1,,서울특별시 용산구한강로동 65-552,,,2012,,02-2199-7880,서울특별시 용산구청,2026-06-13
한강로동337,1,,서울특별시 용산구한강로동 65-552,,,2012,,02-2199-7880,서울특별시 용산구청,2026-06-13
한강로동338,1,,서울특별시 용산구한강로동 65-552,,,2012,,02-2199-7880,서울특별시 용산구청,2026-06-13
한강로동339,1,,서울특별시 용산구한강로동 65-552,,,2012,,02-2199-7880,서울특별시 용산구청,2026-06-13
한강로동34,1,,서울특별시 용산구한강로동 6-1,,,2022,,02-2199-7880,서울특별시 용산구청,2026-06-13
한강로동340,1,,서울특별시 용산구한강로동 65-612,,,2012,,02-2199-7880,서울특별시 용산구청,2026-06-13
한강로동341,1,,서울특별시 용산구한강로동 65-615,,,2012,,02-2199-7880,서울특별시 용산구청,2026-06-13
한강로동342,1,,서울특별시 용산구한강로동 65-615,,,2012,,02-2199-7880,서울특별시 용산구청,2026-06-13
한강로동343,1,,서울특별시 용산구한강로동 65-615,,,2012,,02-2199-7880,서울특별시 용산구청,2026-06-13
한강로동344,1,,서울특별시 용산구한강로동 65-616,,,2012,,02-2199-7880,서울특별시 용산구청,2026-06-13
한강로동345,1,,서울특별시 용산구한강로동 65-586,,,2012,,02-2199-7880,서울특별시 용산구청,2026-06-13
한강로동346,1,,서울특별시 용산구한강로동 65-586,,,2012,,02-2199-7880,서울특별시 용산구청,2026-06-13
한강로동347,1,,서울특별시 용산구한강로동 65-586,,,2012,,02-2199-7880,서울특별시 용산구청,2026-06-13
한강로동348,1,,서울특별시 용산구한강로동 65-586,,,2012,,02-2199-7880,서울특별시 용산구청,2026-06-13
한강로동349,1,,서울특별시 용산구한강로동 65-608,,,2012,,02-2199-7880,서울특별시 용산구청,2026-06-13
한강로동35,1,,서울특별시 용산구한강로동 1-1,,,2012,,02-2199-7880,서울특별시 용산구청,2026-06-13
한강로동350,1,,서울특별시 용산구한강로동 65-45,,,2012,,02-2199-7880,서울특별시 용산구청,2026-06-13
한강로동351,1,,서울특별시 용산구한강로동 65-552,,,2012,,02-2199-7880,서울특별시 용산구청,2026-06-13
한강로동352,1,,서울특별시 용산구한강로동 65-552,,,2012,,02-2199-7880,서울특별시 용산구청,2026-06-13
한강로동353,1,,서울특별시 용산구한강로동 65-66,,,2012,,02-2199-7880,서울특별시 용산구청,2026-06-13
한강로동354,1,,서울특별시 용산구한강로동 65-552,,,2012,,02-2199-7880,서울특별시 용산구청,2026-06-13
한강로동355,1,,서울특별시 용산구한강로동 65-552,,,2012,,02-2199-7880,서울특별시 용산구청,2026-06-13
한강로동356,1,,서울특별시 용산구한강로동 65-443,,,2012,,02-2199-7880,서울특별시 용산구청,2026-06-13
한강로동357,1,,서울특별시 용산구한강로동 65-62,,,2021,,02-2199-7880,서울특별시 용산구청,2026-06-13
한강로동358,1,,서울특별시 용산구한강로동 65-562,,,2012,,02-2199-7880,서울특별시 용산구청,2026-06-13
한강로동359,1,,서울특별시 용산구한강로동 65-552,,,2012,,02-2199-7880,서울특별시 용산구청,2026-06-13
한강로동36,1,,서울특별시 용산구한강로동 1-1,,,2012,,02-2199-7880,서울특별시 용산구청,2026-06-13
한강로동360,1,,서울특별시 용산구한강로동 65-552,,,2012,,02-2199-7880,서울특별시 용산구청,2026-06-13
한강로동361,1,,서울특별시 용산구한강로동 65-552,,,2012,,02-2199-7880,서울특별시 용산구청,2026-06-13
한강로동362,1,,서울특별시 용산구한강로동 65-552,,,2012,,02-2199-7880,서울특별시 용산구청,2026-06-13
한강로동363,1,,서울특별시 용산구한강로동 65-77,,,2012,,02-2199-7880,서울특별시 용산구청,2026-06-13
한강로동364,1,,서울특별시 용산구한강로동 65-107,,,2012,,02-2199-7880,서울특별시 용산구청,2026-06-13
한강로동365,1,,서울특별시 용산구한강로동 65-124,,,2012,,02-2199-7880,서울특별시 용산구청,2026-06-13
한강로동366,1,,서울특별시 용산구한강로동 65-152,,,2012,,02-2199-7880,서울특별시 용산구청,2026-06-13
한강로동367,1,,서울특별시 용산구한강로동 65-552,,,2012,,02-2199-7880,서울특별시 용산구청,2026-06-13
한강로동368,1,,서울특별시 용산구한강로동 65-552,,,2012,,02-2199-7880,서울특별시 용산구청,2026-06-13
한강로동37,1,,서울특별시 용산구한강로동 1-1,,,2016,,02-2199-7880,서울특별시 용산구청,2026-06-13
한강로동370,1,,서울특별시 용산구한강로동 65-139,,,2012,,02-2199-7880,서울특별시 용산구청,2026-06-13
한강로동371,1,,서울특별시 용산구한강로동 65-145,,,2012,,02-2199-7880,서울특별시 용산구청,2026-06-13
한강로동372,1,,서울특별시 용산구한강로동 65-552,,,2012,,02-2199-7880,서울특별시 용산구청,2026-06-13
한강로동373,1,,서울특별시 용산구한강로동 65-139,,,2012,,02-2199-7880,서울특별시 용산구청,2026-06-13
한강로동374,1,,서울특별시 용산구한강로동 65-552,,,2012,,02-2199-7880,서울특별시 용산구청,2026-06-13
한강로동375,1,,서울특별시 용산구한강로동 65-552,,,2012,,02-2199-7880,서울특별시 용산구청,2026-06-13
한강로동376,1,,서울특별시 용산구한강로동 65-552,,,2012,,02-2199-7880,서울특별시 용산구청,2026-06-13
한강로동377,1,,서울특별시 용산구한강로동 65-225,,,2012,,02-2199-7880,서울특별시 용산구청,2026-06-13
한강로동378,1,,서울특별시 용산구한강로동 65-552,,,2012,,02-2199-7880,서울특별시 용산구청,2026-06-13
한강로동379,1,,서울특별시 용산구한강로동 65-552,,,2012,,02-2199-7880,서울특별시 용산구청,2026-06-13
한강로동38,1,,서울특별시 용산구한강로동 1-1,,,2012,,02-2199-7880,서울특별시 용산구청,2026-06-13
한강로동380,1,,서울특별시 용산구한강로동 89,,,2012,,02-2199-7880,서울특별시 용산구청,2026-06-13
한강로동381,1,,서울특별시 용산구한강로동 65-113,,,2012,,02-2199-7880,서울특별시 용산구청,2026-06-13
한강로동382,1,,서울특별시 용산구한강로동 65-552,,,2012,,02-2199-7880,서울특별시 용산구청,2026-06-13
한강로동383,1,,서울특별시 용산구한강로동 65-552,,,2023,,02-2199-7880,서울특별시 용산구청,2026-06-13
한강로동384,1,,서울특별시 용산구한강로동 65-552,,,2012,,02-2199-7880,서울특별시 용산구청,2026-06-13
한강로동385,1,,서울특별시 용산구한강로동 65-195,,,2012,,02-2199-7880,서울특별시 용산구청,2026-06-13
한강로동386,1,,서울특별시 용산구한강로동 65-186,,,2012,,02-2199-7880,서울특별시 용산구청,2026-06-13
한강로동387,1,,서울특별시 용산구한강로동 65-455,,,2012,,02-2199-7880,서울특별시 용산구청,2026-06-13
한강로동388,1,,서울특별시 용산구한강로동 65-174,,,2012,,02-2199-7880,서울특별시 용산구청,2026-06-13
한강로동389,1,,서울특별시 용산구한강로동 65-177,,,2012,,02-2199-7880,서울특별시 용산구청,2026-06-13
한강로동39,1,,서울특별시 용산구한강로동 1-1,,,2012,,02-2199-7880,서울특별시 용산구청,2026-06-13
한강로동390,1,,서울특별시 용산구한강로동 65-455,,,2012,,02-2199-7880,서울특별시 용산구청,2026-06-13
한강로동391,1,,서울특별시 용산구한강로동 65-356,,,2012,,02-2199-7880,서울특별시 용산구청,2026-06-13
한강로동392,1,,서울특별시 용산구한강로동 61-2,,,2012,,02-2199-7880,서울특별시 용산구청,2026-06-13
한강로동393,1,,서울특별시 용산구한강로동 65-5,,,2012,,02-2199-7880,서울특별시 용산구청,2026-06-13
한강로동394,1,,서울특별시 용산구한강로동 65-8,,,2012,,02-2199-7880,서울특별시 용산구청,2026-06-13
한강로동395,1,,서울특별시 용산구한강로동 65-8,,,2012,,02-2199-7880,서울특별시 용산구청,2026-06-13
한강로동396,1,,서울특별시 용산구한강로동 65-154,,,2012,,02-2199-7880,서울특별시 용산구청,2026-06-13
한강로동397,1,,서울특별시 용산구한강로동 65-8,,,2018,,02-2199-7880,서울특별시 용산구청,2026-06-13
한강로동398,1,,서울특별시 용산구한강로동 65-206,,,2012,,02-2199-7880,서울특별시 용산구청,2026-06-13
한강로동399,1,,서울특별시 용산구한강로동 65-206,,,2018,,02-2199-7880,서울특별시 용산구청,2026-06-13
한강로동4,1,,서울특별시 용산구한강로동 16-112,,,2012,,02-2199-7880,서울특별시 용산구청,2026-06-13
한강로동40,1,,서울특별시 용산구한강로동 1-1,,,2012,,02-2199-7880,서울특별시 용산구청,2026-06-13
한강로동400,1,,서울특별시 용산구한강로동 65-206,,,2012,,02-2199-7880,서울특별시 용산구청,2026-06-13
한강로동401,1,,서울특별시 용산구한강로동 65-154,,,2012,,02-2199-7880,서울특별시 용산구청,2026-06-13
한강로동402,1,,서울특별시 용산구한강로동 65-206,,,2018,,02-2199-7880,서울특별시 용산구청,2026-06-13
한강로동403,1,,서울특별시 용산구한강로동 43-1,,,2012,,02-2199-7880,서울특별시 용산구청,2026-06-13
한강로동404,1,,서울특별시 용산구한강로동 40-999,,,2020,,02-2199-7880,서울특별시 용산구청,2026-06-13
한강로동405,1,,서울특별시 용산구한강로동 40-999,,,2012,,02-2199-7880,서울특별시 용산구청,2026-06-13
한강로동406,1,,서울특별시 용산구한강로동 40-999,,,2020,,02-2199-7880,서울특별시 용산구청,2026-06-13
한강로동407,1,,서울특별시 용산구한강로동 40-999,,,2012,,02-2199-7880,서울특별시 용산구청,2026-06-13
한강로동408,1,,서울특별시 용산구한강로동 40-999,,,2012,,02-2199-7880,서울특별시 용산구청,2026-06-13
한강로동409,1,,서울특별시 용산구한강로동 40-946,,,2020,,02-2199-7880,서울특별시 용산구청,2026-06-13
한강로동41,1,,서울특별시 용산구한강로동 1-1,,,2012,,02-2199-7880,서울특별시 용산구청,2026-06-13
한강로동410,1,,서울특별시 용산구한강로동 40-105,,,2012,,02-2199-7880,서울특별시 용산구청,2026-06-13
한강로동411,1,,서울특별시 용산구한강로동 40-112,,,2012,,02-2199-7880,서울특별시 용산구청,2026-06-13
한강로동412,1,,서울특별시 용산구한강로동 40-112,,,2021,,02-2199-7880,서울특별시 용산구청,2026-06-13
한강로동413,1,,서울특별시 용산구한강로동 40-112,,,2021,,02-2199-7880,서울특별시 용산구청,2026-06-13
한강로동414,1,,서울특별시 용산구한강로동 40-112,,,2021,,02-2199-7880,서울특별시 용산구청,2026-06-13
한강로동415,1,,서울특별시 용산구한강로동 40-732,,,2021,,02-2199-7880,서울특별시 용산구청,2026-06-13
한강로동416,1,,서울특별시 용산구한강로동 40-112,,,2021,,02-2199-7880,서울특별시 용산구청,2026-06-13
한강로동417,1,,서울특별시 용산구한강로동 40-112,,,2021,,02-2199-7880,서울특별시 용산구청,2026-06-13
한강로동418,1,,서울특별시 용산구한강로동 40-732,,,2021,,02-2199-7880,서울특별시 용산구청,2026-06-13
한강로동419,1,,서울특별시 용산구한강로동 40-112,,,2021,,02-2199-7880,서울특별시 용산구청,2026-06-13
한강로동42,1,,서울특별시 용산구한강로동 73-3,,,2020,,02-2199-7880,서울특별시 용산구청,2026-06-13
한강로동420,1,,서울특별시 용산구한강로동 40-732,,,2023,,02-2199-7880,서울특별시 용산구청,2026-06-13
한강로동421,1,,서울특별시 용산구한강로동 40-112,,,2021,,02-2199-7880,서울특별시 용산구청,2026-06-13
한강로동422,1,,서울특별시 용산구한강로동 40-112,,,2021,,02-2199-7880,서울특별시 용산구청,2026-06-13
한강로동423,1,,서울특별시 용산구한강로동 40-112,,,2021,,02-2199-7880,서울특별시 용산구청,2026-06-13
한강로동424,1,,서울특별시 용산구한강로동 40-112,,,2021,,02-2199-7880,서울특별시 용산구청,2026-06-13
한강로동425,1,,서울특별시 용산구한강로동 40-112,,,2021,,02-2199-7880,서울특별시 용산구청,2026-06-13
한강로동426,1,,서울특별시 용산구한강로동 40-141,,,2021,,02-2199-7880,서울특별시 용산구청,2026-06-13
한강로동427,1,,서울특별시 용산구한강로동 40-139,,,2021,,02-2199-7880,서울특별시 용산구청,2026-06-13
한강로동428,1,,서울특별시 용산구한강로동 40-138,,,2021,,02-2199-7880,서울특별시 용산구청,2026-06-13
한강로동429,1,,서울특별시 용산구한강로동 40-142,,,2021,,02-2199-7880,서울특별시 용산구청,2026-06-13
한강로동43,1,,서울특별시 용산구한강로동 77-4,,,2020,,02-2199-7880,서울특별시 용산구청,2026-06-13
한강로동430,1,,서울특별시 용산구한강로동 40-137,,,2021,,02-2199-7880,서울특별시 용산구청,2026-06-13
한강로동431,1,,서울특별시 용산구한강로동 40-112,,,2021,,02-2199-7880,서울특별시 용산구청,2026-06-13
한강로동432,1,,서울특별시 용산구한강로동 40-112,,,2021,,02-2199-7880,서울특별시 용산구청,2026-06-13
한강로동433,1,,서울특별시 용산구한강로동 40-449,,,2021,,02-2199-7880,서울특별시 용산구청,2026-06-13
한강로동434,1,,서울특별시 용산구한강로동 40-507,,,2021,,02-2199-7880,서울특별시 용산구청,2026-06-13
한강로동435,1,,서울특별시 용산구한강로동 40-112,,,2021,,02-2199-7880,서울특별시 용산구청,2026-06-13
한강로동436,1,,서울특별시 용산구한강로동 40-112,,,2021,,02-2199-7880,서울특별시 용산구청,2026-06-13
한강로동437,1,,서울특별시 용산구한강로동 40-125,,,2021,,02-2199-7880,서울특별시 용산구청,2026-06-13
한강로동438,1,,서울특별시 용산구한강로동 40-112,,,2021,,02-2199-7880,서울특별시 용산구청,2026-06-13
한강로동439,1,,서울특별시 용산구한강로동 40-112,,,2021,,02-2199-7880,서울특별시 용산구청,2026-06-13
한강로동44,1,,서울특별시 용산구한강로동 73-2,,,2020,,02-2199-7880,서울특별시 용산구청,2026-06-13
한강로동440,1,,서울특별시 용산구한강로동 40-112,,,2021,,02-2199-7880,서울특별시 용산구청,2026-06-13
한강로동441,1,,서울특별시 용산구한강로동 40-112,,,2021,,02-2199-7880,서울특별시 용산구청,2026-06-13
한강로동442,1,,서울특별시 용산구한강로동 40-112,,,2021,,02-2199-7880,서울특별시 용산구청,2026-06-13
한강로동443,1,,서울특별시 용산구한강로동 40-115,,,2021,,02-2199-7880,서울특별시 용산구청,2026-06-13
한강로동444,1,,서울특별시 용산구한강로동 40-112,,,2021,,02-2199-7880,서울특별시 용산구청,2026-06-13
한강로동445,1,,서울특별시 용산구한강로동 40-112,,,2021,,02-2199-7880,서울특별시 용산구청,2026-06-13
한강로동446,1,,서울특별시 용산구한강로동 40-413,,,2021,,02-2199-7880,서울특별시 용산구청,2026-06-13
한강로동447,1,,서울특별시 용산구한강로동 40-112,,,2012,,02-2199-7880,서울특별시 용산구청,2026-06-13
한강로동448,1,,서울특별시 용산구한강로동 40-112,,,2021,,02-2199-7880,서울특별시 용산구청,2026-06-13
한강로동449,1,,서울특별시 용산구한강로동 40-431,,,2023,,02-2199-7880,서울특별시 용산구청,2026-06-13
한강로동45,1,,서울특별시 용산구한강로동 73-2,,,2012,,02-2199-7880,서울특별시 용산구청,2026-06-13
한강로동450,1,,서울특별시 용산구한강로동 40-431,,,2021,,02-2199-7880,서울특별시 용산구청,2026-06-13
한강로동451,1,,서울특별시 용산구한강로동 40-113,,,2023,,02-2199-7880,서울특별시 용산구청,2026-06-13
한강로동452,1,,서울특별시 용산구한강로동 40-112,,,2012,,02-2199-7880,서울특별시 용산구청,2026-06-13
한강로동453,1,,서울특별시 용산구한강로동 40-112,,,2012,,02-2199-7880,서울특별시 용산구청,2026-06-13
한강로동454,1,,서울특별시 용산구한강로동 40-895,,,2012,,02-2199-7880,서울특별시 용산구청,2026-06-13
한강로동455,1,,서울특별시 용산구한강로동 40-112,,,2012,,02-2199-7880,서울특별시 용산구청,2026-06-13
한강로동456,1,,서울특별시 용산구한강로동 40-112,,,2012,,02-2199-7880,서울특별시 용산구청,2026-06-13
한강로동457,1,,서울특별시 용산구한강로동 40-112,,,2021,,02-2199-7880,서울특별시 용산구청,2026-06-13
한강로동458,1,,서울특별시 용산구한강로동 40-112,,,2012,,02-2199-7880,서울특별시 용산구청,2026-06-13
한강로동459,1,,서울특별시 용산구한강로동 40-112,,,2012,,02-2199-7880,서울특별시 용산구청,2026-06-13
한강로동46,1,,서울특별시 용산구한강로동 77-4,,,2012,,02-2199-7880,서울특별시 용산구청,2026-06-13
한강로동460,1,,서울특별시 용산구한강로동 40-112,,,2012,,02-2199-7880,서울특별시 용산구청,2026-06-13
한강로동461,1,,서울특별시 용산구한강로동 40-112,,,2012,,02-2199-7880,서울특별시 용산구청,2026-06-13
한강로동462,1,,서울특별시 용산구한강로동 40-2,,,2012,,02-2199-7880,서울특별시 용산구청,2026-06-13
한강로동463,1,,서울특별시 용산구한강로동 40-2,,,2012,,02-2199-7880,서울특별시 용산구청,2026-06-13
한강로동464,1,,서울특별시 용산구한강로동 40-2,,,2012,,02-2199-7880,서울특별시 용산구청,2026-06-13
한강로동465,1,,서울특별시 용산구한강로동 40-2,,,2012,,02-2199-7880,서울특별시 용산구청,2026-06-13
한강로동466,1,,서울특별시 용산구한강로동 40-2,,,2012,,02-2199-7880,서울특별시 용산구청,2026-06-13
한강로동467,1,,서울특별시 용산구한강로동 40-100,,,2012,,02-2199-7880,서울특별시 용산구청,2026-06-13
한강로동468,1,,서울특별시 용산구한강로동 40-100,,,2012,,02-2199-7880,서울특별시 용산구청,2026-06-13
한강로동469,1,,서울특별시 용산구한강로동 40-2,,,2012,,02-2199-7880,서울특별시 용산구청,2026-06-13
한강로동47,1,,서울특별시 용산구한강로동 77-7,,,2019,,02-2199-7880,서울특별시 용산구청,2026-06-13
한강로동470,1,,서울특별시 용산구한강로동 40-2,,,2012,,02-2199-7880,서울특별시 용산구청,2026-06-13
한강로동471,1,,서울특별시 용산구한강로동 40-2,,,2012,,02-2199-7880,서울특별시 용산구청,2026-06-13
한강로동472,1,,서울특별시 용산구한강로동 40-2,,,2021,,02-2199-7880,서울특별시 용산구청,2026-06-13
한강로동473,1,,서울특별시 용산구한강로동 40-2,,,2021,,02-2199-7880,서울특별시 용산구청,2026-06-13
한강로동474,1,,서울특별시 용산구한강로동 40-210,,,2021,,02-2199-7880,서울특별시 용산구청,2026-06-13
한강로동475,1,,서울특별시 용산구한강로동 40-2,,,2023,,02-2199-7880,서울특별시 용산구청,2026-06-13
한강로동476,1,,서울특별시 용산구한강로동 40-2,,,2021,,02-2199-7880,서울특별시 용산구청,2026-06-13
한강로동477,1,,서울특별시 용산구한강로동 40-2,,,2021,,02-2199-7880,서울특별시 용산구청,2026-06-13
한강로동478,1,,서울특별시 용산구한강로동 40-112,,,2021,,02-2199-7880,서울특별시 용산구청,2026-06-13
한강로동479,1,,서울특별시 용산구한강로동 40-112,,,2021,,02-2199-7880,서울특별시 용산구청,2026-06-13
한강로동48,1,,서울특별시 용산구한강로동 79-5,,,2019,,02-2199-7880,서울특별시 용산구청,2026-06-13
한강로동480,1,,서울특별시 용산구한강로동 40-112,,,2012,,02-2199-7880,서울특별시 용산구청,2026-06-13
한강로동481,1,,서울특별시 용산구한강로동 40-484,,,2012,,02-2199-7880,서울특별시 용산구청,2026-06-13
한강로동482,1,,서울특별시 용산구한강로동 40-196,,,2021,,02-2199-7880,서울특별시 용산구청,2026-06-13
한강로동483,1,,서울특별시 용산구한강로동 40-112,,,2023,,02-2199-7880,서울특별시 용산구청,2026-06-13
한강로동484,1,,서울특별시 용산구한강로동 40-112,,,2021,,02-2199-7880,서울특별시 용산구청,2026-06-13
한강로동485,1,,서울특별시 용산구한강로동 40-192,,,2023,,02-2199-7880,서울특별시 용산구청,2026-06-13
한강로동486,1,,서울특별시 용산구한강로동 40-112,,,2023,,02-2199-7880,서울특별시 용산구청,2026-06-13
한강로동487,1,,서울특별시 용산구한강로동 40-112,,,2023,,02-2199-7880,서울특별시 용산구청,2026-06-13
한강로동488,1,,서울특별시 용산구한강로동 40-112,,,2021,,02-2199-7880,서울특별시 용산구청,2026-06-13
한강로동489,1,,서울특별시 용산구한강로동 40-2,,,2012,,02-2199-7880,서울특별시 용산구청,2026-06-13
한강로동49,1,,서울특별시 용산구한강로동 77-7,,,2020,,02-2199-7880,서울특별시 용산구청,2026-06-13
한강로동490,1,,서울특별시 용산구한강로동 40-480,,,2023,,02-2199-7880,서울특별시 용산구청,2026-06-13
한강로동491,1,,서울특별시 용산구한강로동 40-112,,,2021,,02-2199-7880,서울특별시 용산구청,2026-06-13
한강로동492,1,,서울특별시 용산구한강로동 40-112,,,2021,,02-2199-7880,서울특별시 용산구청,2026-06-13
한강로동493,1,,서울특별시 용산구한강로동 40-471,,,2021,,02-2199-7880,서울특별시 용산구청,2026-06-13
한강로동494,1,,서울특별시 용산구한강로동 40-477,,,2021,,02-2199-7880,서울특별시 용산구청,2026-06-13
한강로동495,1,,서울특별시 용산구한강로동 40-2,,,2021,,02-2199-7880,서울특별시 용산구청,2026-06-13
한강로동496,1,,서울특별시 용산구한강로동 40-2,,,2012,,02-2199-7880,서울특별시 용산구청,2026-06-13
한강로동497,1,,서울특별시 용산구한강로동 40-2,,,2021,,02-2199-7880,서울특별시 용산구청,2026-06-13
한강로동498,1,,서울특별시 용산구한강로동 40-2,,,2012,,02-2199-7880,서울특별시 용산구청,2026-06-13
한강로동499,1,,서울특별시 용산구한강로동 40-2,,,2021,,02-2199-7880,서울특별시 용산구청,2026-06-13
한강로동5,1,,서울특별시 용산구한강로동 40-100,,,2019,,02-2199-7880,서울특별시 용산구청,2026-06-13
한강로동50,1,,서울특별시 용산구한강로동 78-6,,,2020,,02-2199-7880,서울특별시 용산구청,2026-06-13
한강로동500,1,,서울특별시 용산구한강로동 40-2,,,2021,,02-2199-7880,서울특별시 용산구청,2026-06-13
한강로동501,1,,서울특별시 용산구한강로동 40-2,,,2021,,02-2199-7880,서울특별시 용산구청,2026-06-13
한강로동502,1,,서울특별시 용산구한강로동 40-292,,,2021,,02-2199-7880,서울특별시 용산구청,2026-06-13
한강로동503,1,,서울특별시 용산구한강로동 40-2,,,2022,,02-2199-7880,서울특별시 용산구청,2026-06-13
한강로동504,1,,서울특별시 용산구한강로동 40-2,,,2023,,02-2199-7880,서울특별시 용산구청,2026-06-13
한강로동505,1,,서울특별시 용산구한강로동 40-2,,,2021,,02-2199-7880,서울특별시 용산구청,2026-06-13
한강로동506,1,,서울특별시 용산구한강로동 40-2,,,2022,,02-2199-7880,서울특별시 용산구청,2026-06-13
한강로동507,1,,서울특별시 용산구한강로동 40-2,,,2021,,02-2199-7880,서울특별시 용산구청,2026-06-13
한강로동508,1,,서울특별시 용산구한강로동 40-2,,,2021,,02-2199-7880,서울특별시 용산구청,2026-06-13
한강로동509,1,,서울특별시 용산구한강로동 40-2,,,2021,,02-2199-7880,서울특별시 용산구청,2026-06-13
한강로동51,1,,서울특별시 용산구한강로동 2-217,,,2012,,02-2199-7880,서울특별시 용산구청,2026-06-13
한강로동510,1,,서울특별시 용산구한강로동 40-112,,,2021,,02-2199-7880,서울특별시 용산구청,2026-06-13
한강로동511,1,,서울특별시 용산구한강로동 40-112,,,2021,,02-2199-7880,서울특별시 용산구청,2026-06-13
한강로동512,1,,서울특별시 용산구한강로동 40-112,,,2021,,02-2199-7880,서울특별시 용산구청,2026-06-13
한강로동513,1,,서울특별시 용산구한강로동 40-2,,,2021,,02-2199-7880,서울특별시 용산구청,2026-06-13
한강로동514,1,,서울특별시 용산구한강로동 40-2,,,2012,,02-2199-7880,서울특별시 용산구청,2026-06-13
한강로동515,1,,서울특별시 용산구한강로동 40-2,,,2021,,02-2199-7880,서울특별시 용산구청,2026-06-13
한강로동516,1,,서울특별시 용산구한강로동 40-2,,,2021,,02-2199-7880,서울특별시 용산구청,2026-06-13
한강로동517,1,,서울특별시 용산구한강로동 40-2,,,2021,,02-2199-7880,서울특별시 용산구청,2026-06-13
한강로동518,1,,서울특별시 용산구한강로동 40-2,,,2021,,02-2199-7880,서울특별시 용산구청,2026-06-13
한강로동519,1,,서울특별시 용산구한강로동 40-2,,,2021,,02-2199-7880,서울특별시 용산구청,2026-06-13
한강로동52,1,,서울특별시 용산구한강로동 256,,,2012,,02-2199-7880,서울특별시 용산구청,2026-06-13
한강로동520,1,,서울특별시 용산구한강로동 40-360,,,2021,,02-2199-7880,서울특별시 용산구청,2026-06-13
한강로동521,1,,서울특별시 용산구한강로동 40-2,,,2021,,02-2199-7880,서울특별시 용산구청,2026-06-13
한강로동522,1,,서울특별시 용산구한강로동 40-367,,,2021,,02-2199-7880,서울특별시 용산구청,2026-06-13
한강로동523,1,,서울특별시 용산구한강로동 40-352,,,2021,,02-2199-7880,서울특별시 용산구청,2026-06-13
한강로동524,1,,서울특별시 용산구한강로동 40-100,,,2021,,02-2199-7880,서울특별시 용산구청,2026-06-13
한강로동525,1,,서울특별시 용산구한강로동 40-648,,,2012,,02-2199-7880,서울특별시 용산구청,2026-06-13
한강로동526,1,,서울특별시 용산구한강로동 40-100,,,2012,,02-2199-7880,서울특별시 용산구청,2026-06-13
한강로동527,1,,서울특별시 용산구한강로동 40-100,,,2012,,02-2199-7880,서울특별시 용산구청,2026-06-13
한강로동528,1,,서울특별시 용산구한강로동 40-332,,,2015,,02-2199-7880,서울특별시 용산구청,2026-06-13
한강로동529,1,,서울특별시 용산구한강로동 40-332,,,2012,,02-2199-7880,서울특별시 용산구청,2026-06-13
한강로동53,1,,서울특별시 용산구한강로동 7-3,,,2012,,02-2199-7880,서울특별시 용산구청,2026-06-13
한강로동530,1,,서울특별시 용산구한강로동 40-256,,,2012,,02-2199-7880,서울특별시 용산구청,2026-06-13
한강로동531,1,,서울특별시 용산구한강로동 40-2,,,2012,,02-2199-7880,서울특별시 용산구청,2026-06-13
한강로동532,1,,서울특별시 용산구한강로동 40-2,,,2012,,02-2199-7880,서울특별시 용산구청,2026-06-13
한강로동533,1,,서울특별시 용산구한강로동 40-2,,,2012,,02-2199-7880,서울특별시 용산구청,2026-06-13
한강로동534,1,,서울특별시 용산구한강로동 40-2,,,2021,,02-2199-7880,서울특별시 용산구청,2026-06-13
한강로동535,1,,서울특별시 용산구한강로동 40-2,,,2021,,02-2199-7880,서울특별시 용산구청,2026-06-13
한강로동536,1,,서울특별시 용산구한강로동 40-576,,,2021,,02-2199-7880,서울특별시 용산구청,2026-06-13
한강로동537,1,,서울특별시 용산구한강로동 40-2,,,2012,,02-2199-7880,서울특별시 용산구청,2026-06-13
한강로동538,1,,서울특별시 용산구한강로동 40-2,,,2021,,02-2199-7880,서울특별시 용산구청,2026-06-13
한강로동539,1,,서울특별시 용산구한강로동 40-2,,,2012,,02-2199-7880,서울특별시 용산구청,2026-06-13
한강로동54,1,,서울특별시 용산구한강로동 4,,,2012,,02-2199-7880,서울특별시 용산구청,2026-06-13
한강로동540,1,,서울특별시 용산구한강로동 40-2,,,2012,,02-2199-7880,서울특별시 용산구청,2026-06-13
한강로동541,1,,서울특별시 용산구한강로동 40-2,,,2012,,02-2199-7880,서울특별시 용산구청,2026-06-13
한강로동542,1,,서울특별시 용산구한강로동 40-2,,,2012,,02-2199-7880,서울특별시 용산구청,2026-06-13
한강로동543,1,,서울특별시 용산구한강로동 40-2,,,2021,,02-2199-7880,서울특별시 용산구청,2026-06-13
한강로동544,1,,서울특별시 용산구한강로동 40-602,,,2023,,02-2199-7880,서울특별시 용산구청,2026-06-13
한강로동545,1,,서울특별시 용산구한강로동 40-639,,,2012,,02-2199-7880,서울특별시 용산구청,2026-06-13
한강로동546,1,,서울특별시 용산구한강로동 40-153,,,2012,,02-2199-7880,서울특별시 용산구청,2026-06-13
한강로동547,1,,서울특별시 용산구한강로동 40-100,,,2012,,02-2199-7880,서울특별시 용산구청,2026-06-13
한강로동548,1,,서울특별시 용산구한강로동 40-100,,,2012,,02-2199-7880,서울특별시 용산구청,2026-06-13
한강로동549,1,,서울특별시 용산구한강로동 40-100,,,2012,,02-2199-7880,서울특별시 용산구청,2026-06-13
한강로동55,1,,서울특별시 용산구한강로동 4,,,2012,,02-2199-7880,서울특별시 용산구청,2026-06-13
한강로동550,1,,서울특별시 용산구한강로동 40-100,,,2012,,02-2199-7880,서울특별시 용산구청,2026-06-13
한강로동551,1,,서울특별시 용산구한강로동 40-100,,,2012,,02-2199-7880,서울특별시 용산구청,2026-06-13
한강로동552,1,,서울특별시 용산구한강로동 40-22,,,2021,,02-2199-7880,서울특별시 용산구청,2026-06-13
한강로동553,1,,서울특별시 용산구한강로동 40-365,,,2012,,02-2199-7880,서울특별시 용산구청,2026-06-13
한강로동554,1,,서울특별시 용산구한강로동 40-23,,,2012,,02-2199-7880,서울특별시 용산구청,2026-06-13
한강로동555,1,,서울특별시 용산구한강로동 40-925,,,2021,,02-2199-7880,서울특별시 용산구청,2026-06-13
한강로동556,1,,서울특별시 용산구한강로동 40-2,,,2021,,02-2199-7880,서울특별시 용산구청,2026-06-13
한강로동557,1,,서울특별시 용산구한강로동 40-925,,,2021,,02-2199-7880,서울특별시 용산구청,2026-06-13
한강로동558,1,,서울특별시 용산구한강로동 40-45,,,2012,,02-2199-7880,서울특별시 용산구청,2026-06-13
한강로동559,1,,서울특별시 용산구한강로동 40-100,,,2012,,02-2199-7880,서울특별시 용산구청,2026-06-13
한강로동56,1,,서울특별시 용산구한강로동 5-2,,,2012,,02-2199-7880,서울특별시 용산구청,2026-06-13
한강로동560,1,,서울특별시 용산구한강로동 40-100,,,2012,,02-2199-7880,서울특별시 용산구청,2026-06-13
한강로동561,1,,서울특별시 용산구한강로동 40-30,,,2012,,02-2199-7880,서울특별시 용산구청,2026-06-13
한강로동562,1,,서울특별시 용산구한강로동 40-825,,,2012,,02-2199-7880,서울특별시 용산구청,2026-06-13
한강로동563,1,,서울특별시 용산구한강로동 40-100,,,2012,,02-2199-7880,서울특별시 용산구청,2026-06-13
한강로동564,1,,서울특별시 용산구한강로동 40-100,,,2012,,02-2199-7880,서울특별시 용산구청,2026-06-13
한강로동565,1,,서울특별시 용산구한강로동 40-45,,,2012,,02-2199-7880,서울특별시 용산구청,2026-06-13
한강로동566,1,,서울특별시 용산구한강로동 40-49,,,2012,,02-2199-7880,서울특별시 용산구청,2026-06-13
한강로동567,1,,서울특별시 용산구한강로동 40-34,,,2012,,02-2199-7880,서울특별시 용산구청,2026-06-13
한강로동568,1,,서울특별시 용산구한강로동 40-100,,,2012,,02-2199-7880,서울특별시 용산구청,2026-06-13
한강로동569,1,,서울특별시 용산구한강로동 40-100,,,2012,,02-2199-7880,서울특별시 용산구청,2026-06-13
한강로동57,1,,서울특별시 용산구한강로동 11-7,,,2012,,02-2199-7880,서울특별시 용산구청,2026-06-13
한강로동570,1,,서울특별시 용산구한강로동 40-567,,,2012,,02-2199-7880,서울특별시 용산구청,2026-06-13
한강로동571,1,,서울특별시 용산구한강로동 40-566,,,2012,,02-2199-7880,서울특별시 용산구청,2026-06-13
한강로동572,1,,서울특별시 용산구한강로동 40-100,,,2012,,02-2199-7880,서울특별시 용산구청,2026-06-13
한강로동573,1,,서울특별시 용산구한강로동 40-100,,,2016,,02-2199-7880,서울특별시 용산구청,2026-06-13
한강로동574,1,,서울특별시 용산구한강로동 40-102,,,2012,,02-2199-7880,서울특별시 용산구청,2026-06-13
한강로동575,1,,서울특별시 용산구한강로동 40-101,,,2012,,02-2199-7880,서울특별시 용산구청,2026-06-13
한강로동576,1,,서울특별시 용산구한강로동 40-100,,,2012,,02-2199-7880,서울특별시 용산구청,2026-06-13
한강로동577,1,,서울특별시 용산구한강로동 40-100,,,2012,,02-2199-7880,서울특별시 용산구청,2026-06-13
한강로동578,1,,서울특별시 용산구한강로동 40-100,,,2012,,02-2199-7880,서울특별시 용산구청,2026-06-13
한강로동579,1,,서울특별시 용산구한강로동 40-100,,,2023,,02-2199-7880,서울특별시 용산구청,2026-06-13
한강로동58,1,,서울특별시 용산구한강로동 11-7,,,2012,,02-2199-7880,서울특별시 용산구청,2026-06-13
한강로동580,1,,서울특별시 용산구한강로동 40-100,,,2012,,02-2199-7880,서울특별시 용산구청,2026-06-13
한강로동581,1,,서울특별시 용산구한강로동 40-242,,,2012,,02-2199-7880,서울특별시 용산구청,2026-06-13
한강로동582,1,,서울특별시 용산구한강로동 40-100,,,2012,,02-2199-7880,서울특별시 용산구청,2026-06-13
한강로동583,1,,서울특별시 용산구한강로동 40-100,,,2012,,02-2199-7880,서울특별시 용산구청,2026-06-13
한강로동584,1,,서울특별시 용산구한강로동 40-100,,,2016,,02-2199-7880,서울특별시 용산구청,2026-06-13
한강로동585,1,,서울특별시 용산구한강로동 40-100,,,2015,,02-2199-7880,서울특별시 용산구청,2026-06-13
한강로동586,1,,서울특별시 용산구한강로동 40-100,,,2012,,02-2199-7880,서울특별시 용산구청,2026-06-13
한강로동587,1,,서울특별시 용산구한강로동 40-551,,,2015,,02-2199-7880,서울특별시 용산구청,2026-06-13
한강로동588,1,,서울특별시 용산구한강로동 40-896,,,2012,,02-2199-7880,서울특별시 용산구청,2026-06-13
한강로동589,1,,서울특별시 용산구한강로동 40-897,,,2019,,02-2199-7880,서울특별시 용산구청,2026-06-13
한강로동59,1,,서울특별시 용산구한강로동 11-7,,,2012,,02-2199-7880,서울특별시 용산구청,2026-06-13
한강로동590,1,,서울특별시 용산구한강로동 40-901,,,2015,,02-2199-7880,서울특별시 용산구청,2026-06-13
한강로동591,1,,서울특별시 용산구한강로동 40-104,,,2012,,02-2199-7880,서울특별시 용산구청,2026-06-13
한강로동592,1,,서울특별시 용산구한강로동 40-104,,,2015,,02-2199-7880,서울특별시 용산구청,2026-06-13
한강로동593,1,,서울특별시 용산구한강로동 40-104,,,2012,,02-2199-7880,서울특별시 용산구청,2026-06-13
한강로동594,1,,서울특별시 용산구한강로동 40-110,,,2012,,02-2199-7880,서울특별시 용산구청,2026-06-13
한강로동595,1,,서울특별시 용산구한강로동 40-110,,,2012,,02-2199-7880,서울특별시 용산구청,2026-06-13
한강로동596,1,,서울특별시 용산구한강로동 40-110,,,2012,,02-2199-7880,서울특별시 용산구청,2026-06-13
한강로동597,1,,서울특별시 용산구한강로동 40-110,,,2015,,02-2199-7880,서울특별시 용산구청,2026-06-13
한강로동598,1,,서울특별시 용산구한강로동 40-882,,,2015,,02-2199-7880,서울특별시 용산구청,2026-06-13
한강로동599,1,,서울특별시 용산구한강로동 40-882,,,2012,,02-2199-7880,서울특별시 용산구청,2026-06-13
한강로동6,1,,서울특별시 용산구한강로동 40-100,,,2019,,02-2199-7880,서울특별시 용산구청,2026-06-13
한강로동60,1,,서울특별시 용산구한강로동 10-11,,,2012,,02-2199-7880,서울특별시 용산구청,2026-06-13
한강로동600,1,,서울특별시 용산구한강로동 40-880,,,2012,,02-2199-7880,서울특별시 용산구청,2026-06-13
한강로동601,1,,서울특별시 용산구한강로동 40-556,,,2015,,02-2199-7880,서울특별시 용산구청,2026-06-13
한강로동602,1,,서울특별시 용산구한강로동 40-542,,,2012,,02-2199-7880,서울특별시 용산구청,2026-06-13
한강로동603,1,,서울특별시 용산구한강로동 40-398,,,2012,,02-2199-7880,서울특별시 용산구청,2026-06-13
한강로동604,1,,서울특별시 용산구한강로동 40-390,,,2012,,02-2199-7880,서울특별시 용산구청,2026-06-13
한강로동605,1,,서울특별시 용산구한강로동 40-393,,,2012,,02-2199-7880,서울특별시 용산구청,2026-06-13
한강로동606,1,,서울특별시 용산구한강로동 40-393,,,2012,,02-2199-7880,서울특별시 용산구청,2026-06-13
한강로동607,1,,서울특별시 용산구한강로동 40-92,,,2012,,02-2199-7880,서울특별시 용산구청,2026-06-13
한강로동608,1,,서울특별시 용산구한강로동 40-101,,,2012,,02-2199-7880,서울특별시 용산구청,2026-06-13
한강로동609,1,,서울특별시 용산구한강로동 40-92,,,2012,,02-2199-7880,서울특별시 용산구청,2026-06-13
한강로동61,1,,서울특별시 용산구한강로동 10-3,,,2012,,02-2199-7880,서울특별시 용산구청,2026-06-13
한강로동610,1,,서울특별시 용산구한강로동 40-735,,,2012,,02-2199-7880,서울특별시 용산구청,2026-06-13
한강로동611,1,,서울특별시 용산구한강로동 40-100,,,2012,,02-2199-7880,서울특별시 용산구청,2026-06-13
한강로동612,1,,서울특별시 용산구한강로동 40-92,,,2012,,02-2199-7880,서울특별시 용산구청,2026-06-13
한강로동613,1,,서울특별시 용산구한강로동 40-877,,,2012,,02-2199-7880,서울특별시 용산구청,2026-06-13
한강로동614,1,,서울특별시 용산구한강로동 40-892,,,2012,,02-2199-7880,서울특별시 용산구청,2026-06-13
한강로동615,1,,서울특별시 용산구한강로동 40-881,,,2012,,02-2199-7880,서울특별시 용산구청,2026-06-13
한강로동616,1,,서울특별시 용산구한강로동 40-97,,,2012,,02-2199-7880,서울특별시 용산구청,2026-06-13
한강로동617,1,,서울특별시 용산구한강로동 72-1,,,2012,,02-2199-7880,서울특별시 용산구청,2026-06-13
한강로동618,1,,서울특별시 용산구한강로동 40-76,,,2012,,02-2199-7880,서울특별시 용산구청,2026-06-13
한강로동619,1,,서울특별시 용산구한강로동 40-82,,,2012,,02-2199-7880,서울특별시 용산구청,2026-06-13
한강로동62,1,,서울특별시 용산구한강로동 10-3,,,2023,,02-2199-7880,서울특별시 용산구청,2026-06-13
한강로동620,1,,서울특별시 용산구한강로동 40-68,,,2012,,02-2199-7880,서울특별시 용산구청,2026-06-13
한강로동621,1,,서울특별시 용산구한강로동 40-61,,,2012,,02-2199-7880,서울특별시 용산구청,2026-06-13
한강로동622,1,,서울특별시 용산구한강로동 40-61,,,2012,,02-2199-7880,서울특별시 용산구청,2026-06-13
한강로동623,1,,서울특별시 용산구한강로동 40-61,,,2012,,02-2199-7880,서울특별시 용산구청,2026-06-13
한강로동624,1,,서울특별시 용산구한강로동 40-100,,,2012,,02-2199-7880,서울특별시 용산구청,2026-06-13
한강로동625,1,,서울특별시 용산구한강로동 81-11,,,2012,,02-2199-7880,서울특별시 용산구청,2026-06-13
한강로동626,1,,서울특별시 용산구한강로동 72-4,,,2012,,02-2199-7880,서울특별시 용산구청,2026-06-13
한강로동627,1,,서울특별시 용산구한강로동 81-17,,,2012,,02-2199-7880,서울특별시 용산구청,2026-06-13
한강로동628,1,,서울특별시 용산구한강로동 40-636,,,2012,,02-2199-7880,서울특별시 용산구청,2026-06-13
한강로동629,1,,서울특별시 용산구한강로동 40-636,,,2012,,02-2199-7880,서울특별시 용산구청,2026-06-13
한강로동63,1,,서울특별시 용산구한강로동 8-1,,,2012,,02-2199-7880,서울특별시 용산구청,2026-06-13
한강로동630,1,,서울특별시 용산구한강로동 40-71,,,2012,,02-2199-7880,서울특별시 용산구청,2026-06-13
한강로동631,1,,서울특별시 용산구한강로동 40-753,,,2018,,02-2199-7880,서울특별시 용산구청,2026-06-13
한강로동632,1,,서울특별시 용산구한강로동 40-759,,,2012,,02-2199-7880,서울특별시 용산구청,2026-06-13
한강로동633,1,,서울특별시 용산구한강로동 40-754,,,2023,,02-2199-7880,서울특별시 용산구청,2026-06-13
한강로동634,1,,서울특별시 용산구한강로동 40-100,,,2023,,02-2199-7880,서울특별시 용산구청,2026-06-13
한강로동635,1,,서울특별시 용산구한강로동 81-17,,,2012,,02-2199-7880,서울특별시 용산구청,2026-06-13
한강로동636,1,,서울특별시 용산구한강로동 81-17,,,2023,,02-2199-7880,서울특별시 용산구청,2026-06-13
한강로동637,1,,서울특별시 용산구한강로동 40-100,,,2023,,02-2199-7880,서울특별시 용산구청,2026-06-13
한강로동638,1,,서울특별시 용산구한강로동 1,,,2012,,02-2199-7880,서울특별시 용산구청,2026-06-13
한강로동639,1,,서울특별시 용산구한강로동 1,,,2012,,02-2199-7880,서울특별시 용산구청,2026-06-13
한강로동64,1,,서울특별시 용산구한강로동 14-17,,,2012,,02-2199-7880,서울특별시 용산구청,2026-06-13
한강로동640,1,,서울특별시 용산구한강로동 1,,,2012,,02-2199-7880,서울특별시 용산구청,2026-06-13
한강로동641,1,,서울특별시 용산구한강로동 258-1,,,2012,,02-2199-7880,서울특별시 용산구청,2026-06-13
한강로동642,1,,서울특별시 용산구한강로동 258-1,,,2012,,02-2199-7880,서울특별시 용산구청,2026-06-13
한강로동643,1,,서울특별시 용산구한강로동 258-1,,,2012,,02-2199-7880,서울특별시 용산구청,2026-06-13
한강로동644,1,,서울특별시 용산구한강로동 258-1,,,2012,,02-2199-7880,서울특별시 용산구청,2026-06-13
한강로동645,1,,서울특별시 용산구한강로동 258-1,,,2023,,02-2199-7880,서울특별시 용산구청,2026-06-13
한강로동646,1,,서울특별시 용산구한강로동 258-1,,,2012,,02-2199-7880,서울특별시 용산구청,2026-06-13
한강로동647,1,,서울특별시 용산구한강로동 258-1,,,2012,,02-2199-7880,서울특별시 용산구청,2026-06-13
한강로동648,1,,서울특별시 용산구한강로동 258-1,,,2023,,02-2199-7880,서울특별시 용산구청,2026-06-13
한강로동649,1,,서울특별시 용산구한강로동 258-1,,,2012,,02-2199-7880,서울특별시 용산구청,2026-06-13
한강로동65,1,,서울특별시 용산구한강로동 14-17,,,2016,,02-2199-7880,서울특별시 용산구청,2026-06-13
한강로동650,1,,서울특별시 용산구한강로동 258-1,,,2012,,02-2199-7880,서울특별시 용산구청,2026-06-13
한강로동651,1,,서울특별시 용산구한강로동 258-1,,,2012,,02-2199-7880,서울특별시 용산구청,2026-06-13
한강로동652,1,,서울특별시 용산구한강로동 258-1,,,2012,,02-2199-7880,서울특별시 용산구청,2026-06-13
한강로동653,1,,서울특별시 용산구한강로동 258-1,,,2012,,02-2199-7880,서울특별시 용산구청,2026-06-13
한강로동654,1,,서울특별시 용산구한강로동 1-1,,,2023,,02-2199-7880,서울특별시 용산구청,2026-06-13
한강로동655,1,,서울특별시 용산구한강로동 1-1,,,2021,,02-2199-7880,서울특별시 용산구청,2026-06-13
한강로동656,1,,서울특별시 용산구한강로동 426-3,,,2016,,02-2199-7880,서울특별시 용산구청,2026-06-13
한강로동657,1,,서울특별시 용산구한강로동 426-3,,,2021,,02-2199-7880,서울특별시 용산구청,2026-06-13
한강로동658,1,,서울특별시 용산구한강로동 2-188,,,2021,,02-2199-7880,서울특별시 용산구청,2026-06-13
한강로동659,1,,서울특별시 용산구한강로동 1-1,,,2021,,02-2199-7880,서울특별시 용산구청,2026-06-13
한강로동66,1,,서울특별시 용산구한강로동 13-10,,,2023,,02-2199-7880,서울특별시 용산구청,2026-06-13
한강로동660,1,,서울특별시 용산구한강로동 1-1,,,2021,,02-2199-7880,서울특별시 용산구청,2026-06-13
한강로동661,1,,서울특별시 용산구한강로동 1-1,,,2021,,02-2199-7880,서울특별시 용산구청,2026-06-13
한강로동662,1,,서울특별시 용산구한강로동 1-1,,,2021,,02-2199-7880,서울특별시 용산구청,2026-06-13
한강로동663,1,,서울특별시 용산구한강로동 293-1,,,2021,,02-2199-7880,서울특별시 용산구청,2026-06-13
한강로동664,1,,서울특별시 용산구한강로동 293-1,,,2021,,02-2199-7880,서울특별시 용산구청,2026-06-13
한강로동665,1,,서울특별시 용산구한강로동 293-4,,,2012,,02-2199-7880,서울특별시 용산구청,2026-06-13
한강로동666,1,,서울특별시 용산구한강로동 305-11,,,2012,,02-2199-7880,서울특별시 용산구청,2026-06-13
한강로동667,1,,서울특별시 용산구한강로동 304,,,2015,,02-2199-7880,서울특별시 용산구청,2026-06-13
한강로동668,1,,서울특별시 용산구한강로동 2-26,,,2012,,02-2199-7880,서울특별시 용산구청,2026-06-13
한강로동669,1,,서울특별시 용산구한강로동 417,,,2012,,02-2199-7880,서울특별시 용산구청,2026-06-13
한강로동67,1,,서울특별시 용산구한강로동 13-6,,,2012,,02-2199-7880,서울특별시 용산구청,2026-06-13
한강로동670,1,,서울특별시 용산구한강로동 417,,,2015,,02-2199-7880,서울특별시 용산구청,2026-06-13
한강로동671,1,,서울특별시 용산구한강로동 417,,,2012,,02-2199-7880,서울특별시 용산구청,2026-06-13
한강로동672,1,,서울특별시 용산구한강로동 2-389,,,2012,,02-2199-7880,서울특별시 용산구청,2026-06-13
한강로동673,1,,서울특별시 용산구한강로동 2-287,,,2012,,02-2199-7880,서울특별시 용산구청,2026-06-13
한강로동674,1,,서울특별시 용산구한강로동 2-384,,,2012,,02-2199-7880,서울특별시 용산구청,2026-06-13
한강로동675,1,,서울특별시 용산구한강로동 2-383,,,2012,,02-2199-7880,서울특별시 용산구청,2026-06-13
한강로동676,1,,서울특별시 용산구한강로동 2-276,,,2012,,02-2199-7880,서울특별시 용산구청,2026-06-13
한강로동677,1,,서울특별시 용산구한강로동 426-2,,,2016,,02-2199-7880,서울특별시 용산구청,2026-06-13
한강로동678,1,,서울특별시 용산구한강로동 2-310,,,2012,,02-2199-7880,서울특별시 용산구청,2026-06-13
한강로동679,1,,서울특별시 용산구한강로동 2-284,,,2012,,02-2199-7880,서울특별시 용산구청,2026-06-13
한강로동68,1,,서울특별시 용산구한강로동 14-17,,,2012,,02-2199-7880,서울특별시 용산구청,2026-06-13
한강로동680,1,,서울특별시 용산구한강로동 2-385,,,2023,,02-2199-7880,서울특별시 용산구청,2026-06-13
한강로동681,1,,서울특별시 용산구한강로동 2-287,,,2023,,02-2199-7880,서울특별시 용산구청,2026-06-13
한강로동682,1,,서울특별시 용산구한강로동 2,,,2023,,02-2199-7880,서울특별시 용산구청,2026-06-13
한강로동683,1,,서울특별시 용산구한강로동 2,,,2012,,02-2199-7880,서울특별시 용산구청,2026-06-13
한강로동684,1,,서울특별시 용산구한강로동 2-229,,,2023,,02-2199-7880,서울특별시 용산구청,2026-06-13
한강로동685,1,,서울특별시 용산구한강로동 2-228,,,2012,,02-2199-7880,서울특별시 용산구청,2026-06-13
한강로동686,1,,서울특별시 용산구한강로동 2-112,,,2012,,02-2199-7880,서울특별시 용산구청,2026-06-13
한강로동687,1,,서울특별시 용산구한강로동 2-391,,,2012,,02-2199-7880,서울특별시 용산구청,2026-06-13
한강로동688,1,,서울특별시 용산구한강로동 2-391,,,2012,,02-2199-7880,서울특별시 용산구청,2026-06-13
한강로동689,1,,서울특별시 용산구한강로동 2-3,,,2012,,02-2199-7880,서울특별시 용산구청,2026-06-13
한강로동69,1,,서울특별시 용산구한강로동 13-17,,,2012,,02-2199-7880,서울특별시 용산구청,2026-06-13
한강로동690,1,,서울특별시 용산구한강로동 2-120,,,2012,,02-2199-7880,서울특별시 용산구청,2026-06-13
한강로동691,1,,서울특별시 용산구한강로동 2-77,,,2012,,02-2199-7880,서울특별시 용산구청,2026-06-13
한강로동692,1,,서울특별시 용산구한강로동 2-3,,,2012,,02-2199-7880,서울특별시 용산구청,2026-06-13
한강로동693,1,,서울특별시 용산구한강로동 2-3,,,2012,,02-2199-7880,서울특별시 용산구청,2026-06-13
한강로동694,1,,서울특별시 용산구한강로동 2-4,,,2012,,02-2199-7880,서울특별시 용산구청,2026-06-13
한강로동695,1,,서울특별시 용산구한강로동 2-391,,,2012,,02-2199-7880,서울특별시 용산구청,2026-06-13
한강로동696,1,,서울특별시 용산구한강로동 2-391,,,2012,,02-2199-7880,서울특별시 용산구청,2026-06-13
한강로동697,1,,서울특별시 용산구한강로동 2-391,,,2012,,02-2199-7880,서울특별시 용산구청,2026-06-13
한강로동698,1,,서울특별시 용산구한강로동 257-1,,,2012,,02-2199-7880,서울특별시 용산구청,2026-06-13
한강로동699,1,,서울특별시 용산구한강로동 257-1,,,2012,,02-2199-7880,서울특별시 용산구청,2026-06-13
한강로동7,1,,서울특별시 용산구한강로동 40-100,,,2016,,02-2199-7880,서울특별시 용산구청,2026-06-13
한강로동70,1,,서울특별시 용산구한강로동 13-13,,,2012,,02-2199-7880,서울특별시 용산구청,2026-06-13
한강로동700,1,,서울특별시 용산구한강로동 296-5,,,2012,,02-2199-7880,서울특별시 용산구청,2026-06-13
한강로동701,1,,서울특별시 용산구한강로동 289,,,2012,,02-2199-7880,서울특별시 용산구청,2026-06-13
한강로동702,1,,서울특별시 용산구한강로동 288,,,2012,,02-2199-7880,서울특별시 용산구청,2026-06-13
한강로동703,1,,서울특별시 용산구한강로동 2-5,,,2012,,02-2199-7880,서울특별시 용산구청,2026-06-13
한강로동704,1,,서울특별시 용산구한강로동 288,,,2012,,02-2199-7880,서울특별시 용산구청,2026-06-13
한강로동705,1,,서울특별시 용산구한강로동 310-1,,,2012,,02-2199-7880,서울특별시 용산구청,2026-06-13
한강로동706,1,,서울특별시 용산구한강로동 310-4,,,2012,,02-2199-7880,서울특별시 용산구청,2026-06-13
한강로동707,1,,서울특별시 용산구한강로동 2-5,,,2012,,02-2199-7880,서울특별시 용산구청,2026-06-13
한강로동708,1,,서울특별시 용산구한강로동 2-313,,,2014,,02-2199-7880,서울특별시 용산구청,2026-06-13
한강로동709,1,,서울특별시 용산구한강로동 2-317,,,2012,,02-2199-7880,서울특별시 용산구청,2026-06-13
한강로동71,1,,서울특별시 용산구한강로동 13-34,,,2012,,02-2199-7880,서울특별시 용산구청,2026-06-13
한강로동710,1,,서울특별시 용산구한강로동 2-322,,,2012,,02-2199-7880,서울특별시 용산구청,2026-06-13
한강로동711,1,,서울특별시 용산구한강로동 2-327,,,2020,,02-2199-7880,서울특별시 용산구청,2026-06-13
한강로동712,1,,서울특별시 용산구한강로동 2-430,,,2012,,02-2199-7880,서울특별시 용산구청,2026-06-13
한강로동713,1,,서울특별시 용산구한강로동,,,2020,,02-2199-7880,서울특별시 용산구청,2026-06-13
한강로동714,1,,서울특별시 용산구한강로동 2-430,,,2012,,02-2199-7880,서울특별시 용산구청,2026-06-13
한강로동715,1,,서울특별시 용산구한강로동 2-332,,,2020,,02-2199-7880,서울특별시 용산구청,2026-06-13
한강로동716,1,,서울특별시 용산구한강로동 2-430,,,2012,,02-2199-7880,서울특별시 용산구청,2026-06-13
한강로동717,1,,서울특별시 용산구한강로동,,,2022,,02-2199-7880,서울특별시 용산구청,2026-06-13
한강로동718,1,,서울특별시 용산구한강로동 2-130,,,2012,,02-2199-7880,서울특별시 용산구청,2026-06-13
한강로동719,1,,서울특별시 용산구한강로동 310-8,,,2012,,02-2199-7880,서울특별시 용산구청,2026-06-13
한강로동72,1,,서울특별시 용산구한강로동 15,,,2012,,02-2199-7880,서울특별시 용산구청,2026-06-13
한강로동720,1,,서울특별시 용산구한강로동 248-1,,,2012,,02-2199-7880,서울특별시 용산구청,2026-06-13
한강로동721,1,,서울특별시 용산구한강로동 285,,,2012,,02-2199-7880,서울특별시 용산구청,2026-06-13
한강로동722,1,,서울특별시 용산구한강로동 286,,,2012,,02-2199-7880,서울특별시 용산구청,2026-06-13
한강로동723,1,,서울특별시 용산구한강로동 286,,,2012,,02-2199-7880,서울특별시 용산구청,2026-06-13
한강로동724,1,,서울특별시 용산구한강로동 287,,,2012,,02-2199-7880,서울특별시 용산구청,2026-06-13
한강로동725,1,,서울특별시 용산구한강로동 2-8,,,2023,,02-2199-7880,서울특별시 용산구청,2026-06-13
한강로동726,1,,서울특별시 용산구한강로동 283,,,2012,,02-2199-7880,서울특별시 용산구청,2026-06-13
한강로동727,1,,서울특별시 용산구한강로동 283,,,2012,,02-2199-7880,서울특별시 용산구청,2026-06-13
한강로동728,1,,서울특별시 용산구한강로동 281,,,2012,,02-2199-7880,서울특별시 용산구청,2026-06-13
한강로동729,1,,서울특별시 용산구한강로동 310-8,,,2016,,02-2199-7880,서울특별시 용산구청,2026-06-13
한강로동73,1,,서울특별시 용산구한강로동 16,,,2012,,02-2199-7880,서울특별시 용산구청,2026-06-13
한강로동730,1,,서울특별시 용산구한강로동 2-428,,,2012,,02-2199-7880,서울특별시 용산구청,2026-06-13
한강로동731,1,,서울특별시 용산구한강로동 2-37,,,2012,,02-2199-7880,서울특별시 용산구청,2026-06-13
한강로동732,1,,서울특별시 용산구한강로동 2-427,,,2012,,02-2199-7880,서울특별시 용산구청,2026-06-13
한강로동733,1,,서울특별시 용산구한강로동 2-36,,,2012,,02-2199-7880,서울특별시 용산구청,2026-06-13
한강로동734,1,,서울특별시 용산구한강로동 2-428,,,2022,,02-2199-7880,서울특별시 용산구청,2026-06-13
한강로동735,1,,서울특별시 용산구한강로동 2-428,,,2012,,02-2199-7880,서울특별시 용산구청,2026-06-13
한강로동736,1,,서울특별시 용산구한강로동 2-12,,,2012,,02-2199-7880,서울특별시 용산구청,2026-06-13
한강로동737,1,,서울특별시 용산구한강로동 2-12,,,2012,,02-2199-7880,서울특별시 용산구청,2026-06-13
한강로동738,1,,서울특별시 용산구한강로동 302,,,2012,,02-2199-7880,서울특별시 용산구청,2026-06-13
한강로동739,1,,서울특별시 용산구한강로동 2-428,,,2012,,02-2199-7880,서울특별시 용산구청,2026-06-13
한강로동74,1,,서울특별시 용산구한강로동 18-15,,,2012,,02-2199-7880,서울특별시 용산구청,2026-06-13
한강로동740,1,,서울특별시 용산구한강로동 2-428,,,2012,,02-2199-7880,서울특별시 용산구청,2026-06-13
한강로동741,1,,서울특별시 용산구한강로동 2-428,,,2012,,02-2199-7880,서울특별시 용산구청,2026-06-13
한강로동742,1,,서울특별시 용산구한강로동 2-428,,,2012,,02-2199-7880,서울특별시 용산구청,2026-06-13
한강로동743,1,,서울특별시 용산구한강로동 2-428,,,2012,,02-2199-7880,서울특별시 용산구청,2026-06-13
한강로동744,1,,서울특별시 용산구한강로동 2-428,,,2012,,02-2199-7880,서울특별시 용산구청,2026-06-13
한강로동745,1,,서울특별시 용산구한강로동 2-256,,,2012,,02-2199-7880,서울특별시 용산구청,2026-06-13
한강로동746,1,,서울특별시 용산구한강로동 2-255,,,2012,,02-2199-7880,서울특별시 용산구청,2026-06-13
한강로동747,1,,서울특별시 용산구한강로동 2-255,,,2012,,02-2199-7880,서울특별시 용산구청,2026-06-13
한강로동748,1,,서울특별시 용산구한강로동 2,,,2023,,02-2199-7880,서울특별시 용산구청,2026-06-13
한강로동749,1,,서울특별시 용산구한강로동 2-342,,,2012,,02-2199-7880,서울특별시 용산구청,2026-06-13
한강로동75,1,,서울특별시 용산구한강로동 138,,,2012,,02-2199-7880,서울특별시 용산구청,2026-06-13
한강로동750,1,,서울특별시 용산구한강로동 2-238,,,2012,,02-2199-7880,서울특별시 용산구청,2026-06-13
한강로동751,1,,서울특별시 용산구한강로동 2-238,,,2012,,02-2199-7880,서울특별시 용산구청,2026-06-13
한강로동752,1,,서울특별시 용산구한강로동 2-238,,,2016,,02-2199-7880,서울특별시 용산구청,2026-06-13
한강로동753,1,,서울특별시 용산구한강로동 2-428,,,2012,,02-2199-7880,서울특별시 용산구청,2026-06-13
한강로동754,1,,서울특별시 용산구한강로동 2-428,,,2012,,02-2199-7880,서울특별시 용산구청,2026-06-13
한강로동755,1,,서울특별시 용산구한강로동 2-194,,,2012,,02-2199-7880,서울특별시 용산구청,2026-06-13
한강로동756,1,,서울특별시 용산구한강로동 2-194,,,2012,,02-2199-7880,서울특별시 용산구청,2026-06-13
한강로동757,1,,서울특별시 용산구한강로동 2-194,,,2012,,02-2199-7880,서울특별시 용산구청,2026-06-13
한강로동758,1,,서울특별시 용산구한강로동 2-194,,,2012,,02-2199-7880,서울특별시 용산구청,2026-06-13
한강로동759,1,,서울특별시 용산구한강로동 2-194,,,2012,,02-2199-7880,서울특별시 용산구청,2026-06-13
한강로동76,1,,서울특별시 용산구한강로동 107,,,2012,,02-2199-7880,서울특별시 용산구청,2026-06-13
한강로동760,1,,서울특별시 용산구한강로동 2-394,,,2012,,02-2199-7880,서울특별시 용산구청,2026-06-13
한강로동761,1,,서울특별시 용산구한강로동 2-428,,,2012,,02-2199-7880,서울특별시 용산구청,2026-06-13
한강로동762,1,,서울특별시 용산구한강로동 2-428,,,2012,,02-2199-7880,서울특별시 용산구청,2026-06-13
한강로동77,1,,서울특별시 용산구한강로동 107,,,2012,,02-2199-7880,서울특별시 용산구청,2026-06-13
한강로동78,1,,서울특별시 용산구한강로동 107,,,2012,,02-2199-7880,서울특별시 용산구청,2026-06-13
한강로동79,1,,서울특별시 용산구한강로동 107,,,2012,,02-2199-7880,서울특별시 용산구청,2026-06-13
한강로동8,1,,서울특별시 용산구한강로동 40-100,,,2019,,02-2199-7880,서울특별시 용산구청,2026-06-13
한강로동80,1,,서울특별시 용산구한강로동 6-40,,,2012,,02-2199-7880,서울특별시 용산구청,2026-06-13
한강로동81,1,,서울특별시 용산구한강로동 6-40,,,2012,,02-2199-7880,서울특별시 용산구청,2026-06-13
한강로동82,1,,서울특별시 용산구한강로동 1-58,,,2012,,02-2199-7880,서울특별시 용산구청,2026-06-13
한강로동83,1,,서울특별시 용산구한강로동 1-1,,,2012,,02-2199-7880,서울특별시 용산구청,2026-06-13
한강로동84,1,,서울특별시 용산구한강로동 1-61,,,2012,,02-2199-7880,서울특별시 용산구청,2026-06-13
한강로동85,1,,서울특별시 용산구한강로동 1-74,,,2012,,02-2199-7880,서울특별시 용산구청,2026-06-13
한강로동86,1,,서울특별시 용산구한강로동 1-56,,,2012,,02-2199-7880,서울특별시 용산구청,2026-06-13
한강로동87,1,,서울특별시 용산구한강로동 1-27,,,2012,,02-2199-7880,서울특별시 용산구청,2026-06-13
한강로동88,1,,서울특별시 용산구한강로동 6-40,,,2016,,02-2199-7880,서울특별시 용산구청,2026-06-13
한강로동89,1,,서울특별시 용산구한강로동 1-95,,,2012,,02-2199-7880,서울특별시 용산구청,2026-06-13
한강로동9,1,,서울특별시 용산구한강로동 74,,,2019,,02-2199-7880,서울특별시 용산구청,2026-06-13
한강로동90,1,,서울특별시 용산구한강로동 138,,,2012,,02-2199-7880,서울특별시 용산구청,2026-06-13
한강로동91,1,,서울특별시 용산구한강로동 153,,,2012,,02-2199-7880,서울특별시 용산구청,2026-06-13
한강로동92,1,,서울특별시 용산구한강로동 141-2,,,2012,,02-2199-7880,서울특별시 용산구청,2026-06-13
한강로동925,1,,서울특별시 용산구한강로동 2-14,,,2023,,02-2199-7880,서울특별시 용산구청,2026-06-13
한강로동927,1,,서울특별시 용산구한강로동 258-1,,,2023,,02-2199-7880,서울특별시 용산구청,2026-06-13
한강로동928,1,,서울특별시 용산구한강로동 258-1,,,2023,,02-2199-7880,서울특별시 용산구청,2026-06-13
한강로동929,1,,서울특별시 용산구한강로동 258-1,,,2023,,02-2199-7880,서울특별시 용산구청,2026-06-13
한강로동93,1,,서울특별시 용산구한강로동 1-69,,,2012,,02-2199-7880,서울특별시 용산구청,2026-06-13
한강로동930,1,,서울특별시 용산구한강로동 2-391,,,2023,,02-2199-7880,서울특별시 용산구청,2026-06-13
한강로동931,1,,서울특별시 용산구한강로동 2-314,,,2023,,02-2199-7880,서울특별시 용산구청,2026-06-13
한강로동932,1,,서울특별시 용산구한강로동 2-130,,,2023,,02-2199-7880,서울특별시 용산구청,2026-06-13
한강로동933,1,,서울특별시 용산구한강로동 2-428,,,2023,,02-2199-7880,서울특별시 용산구청,2026-06-13
한강로동934,1,,서울특별시 용산구한강로동 2-35,,,2023,,02-2199-7880,서울특별시 용산구청,2026-06-13
한강로동935,1,,서울특별시 용산구한강로동 2-428,,,2023,,02-2199-7880,서울특별시 용산구청,2026-06-13
한강로동936,1,,서울특별시 용산구한강로동 2-427,,,2023,,02-2199-7880,서울특별시 용산구청,2026-06-13
한강로동937,1,,서울특별시 용산구한강로동 138,,,2023,,02-2199-7880,서울특별시 용산구청,2026-06-13
한강로동938,1,,서울특별시 용산구한강로동 236-5,,,2023,,02-2199-7880,서울특별시 용산구청,2026-06-13
한강로동939,1,,서울특별시 용산구한강로동 81-17,,,2023,,02-2199-7880,서울특별시 용산구청,2026-06-13
한강로동94,1,,서울특별시 용산구한강로동 1-70,,,2012,,02-2199-7880,서울특별시 용산구청,2026-06-13
한강로동940,1,,서울특별시 용산구한강로동 72-4,,,2023,,02-2199-7880,서울특별시 용산구청,2026-06-13
한강로동941,1,,서울특별시 용산구한강로동 2-382,,,2023,,02-2199-7880,서울특별시 용산구청,2026-06-13
한강로동942,1,,서울특별시 용산구한강로동 2-388,,,2023,,02-2199-7880,서울특별시 용산구청,2026-06-13
한강로동943,1,,서울특별시 용산구한강로동 40-112,,,2023,,02-2199-7880,서울특별시 용산구청,2026-06-13
한강로동944,1,,서울특별시 용산구한강로동 43-1,,,2023,,02-2199-7880,서울특별시 용산구청,2026-06-13
한강로동945,1,,서울특별시 용산구한강로동 6-40,,,2023,,02-2199-7880,서울특별시 용산구청,2026-06-13
한강로동947,1,,서울특별시 용산구한강로동 11-23,,,2024,,02-2199-7880,서울특별시 용산구청,2026-06-13
한강로동948,1,,서울특별시 용산구한강로동 138,,,2024,,02-2199-7880,서울특별시 용산구청,2026-06-13
한강로동949,1,,서울특별시 용산구한강로동 6-40,,,2024,,02-2199-7880,서울특별시 용산구청,2026-06-13
한강로동95,1,,서울특별시 용산구한강로동 6-40,,,2012,,02-2199-7880,서울특별시 용산구청,2026-06-13
한강로동950,1,,서울특별시 용산구한강로동 40-552,,,2024,,02-2199-7880,서울특별시 용산구청,2026-06-13
한강로동951,1,,서울특별시 용산구한강로동 40-100,,,2024,,02-2199-7880,서울특별시 용산구청,2026-06-13
한강로동955,1,,서울특별시 용산구한강로동 65-455,,,2024,,02-2199-7880,서울특별시 용산구청,2026-06-13
한강로동956,1,,서울특별시 용산구한강로동 40-815,,,2024,,02-2199-7880,서울특별시 용산구청,2026-06-13
한강로동957,1,,서울특별시 용산구한강로동 27-27,,,2024,,02-2199-7880,서울특별시 용산구청,2026-06-13
한강로동958,1,,서울특별시 용산구한강로동 27-27,,,2024,,02-2199-7880,서울특별시 용산구청,2026-06-13
한강로동959,1,,서울특별시 용산구한강로동 27-27,,,2024,,02-2199-7880,서울특별시 용산구청,2026-06-13
한강로동96,1,,서울특별시 용산구한강로동 1-58,,,2012,,02-2199-7880,서울특별시 용산구청,2026-06-13
한강로동960,1,,서울특별시 용산구한강로동 27-27,,,2024,,02-2199-7880,서울특별시 용산구청,2026-06-13
한강로동961,1,,서울특별시 용산구한강로동 412,,,2024,,02-2199-7880,서울특별시 용산구청,2026-06-13
한강로동97,1,,서울특별시 용산구한강로동 1-58,,,2012,,02-2199-7880,서울특별시 용산구청,2026-06-13
한강로동98,1,,서울특별시 용산구한강로동 1-58,,,2012,,02-2199-7880,서울특별시 용산구청,2026-06-13
한강로동99,1,,서울특별시 용산구한강로동 1-58,,,2012,,02-2199-7880,서울특별시 용산구청,2026-06-13
한남동1,1,,서울특별시 용산구한남동 685-22,,,2012,,02-2199-7880,서울특별시 용산구청,2026-06-13
한남동10,1,,서울특별시 용산구한남동 683-142,,,2012,,02-2199-7880,서울특별시 용산구청,2026-06-13
한남동100,1,,서울특별시 용산구한남동 657-20,,,2022,,02-2199-7880,서울특별시 용산구청,2026-06-13
한남동1000,1,,서울특별시 용산구한남동 647-35,,,2012,,02-2199-7880,서울특별시 용산구청,2026-06-13
한남동1001,1,,서울특별시 용산구한남동 771-33,,,2012,,02-2199-7880,서울특별시 용산구청,2026-06-13
한남동1002,1,,서울특별시 용산구한남동 771-24,,,2022,,02-2199-7880,서울특별시 용산구청,2026-06-13
한남동1003,1,,서울특별시 용산구한남동 620-4,,,2022,,02-2199-7880,서울특별시 용산구청,2026-06-13
한남동1004,1,,서울특별시 용산구한남동 620-59,,,2023,,02-2199-7880,서울특별시 용산구청,2026-06-13
한남동1005,1,,서울특별시 용산구한남동 770-27,,,2012,,02-2199-7880,서울특별시 용산구청,2026-06-13
한남동1006,1,,서울특별시 용산구한남동 770-8,,,2022,,02-2199-7880,서울특별시 용산구청,2026-06-13
한남동1007,1,,서울특별시 용산구한남동 771-25,,,2023,,02-2199-7880,서울특별시 용산구청,2026-06-13
한남동1008,1,,서울특별시 용산구한남동 647-36,,,2023,,02-2199-7880,서울특별시 용산구청,2026-06-13
한남동1009,1,,서울특별시 용산구한남동 771-31,,,2023,,02-2199-7880,서울특별시 용산구청,2026-06-13
한남동101,1,,서울특별시 용산구한남동 683-140,,,2012,,02-2199-7880,서울특별시 용산구청,2026-06-13
한남동1010,1,,서울특별시 용산구한남동 771-25,,,2022,,02-2199-7880,서울특별시 용산구청,2026-06-13
한남동1011,1,,서울특별시 용산구한남동 771-40,,,2012,,02-2199-7880,서울특별시 용산구청,2026-06-13
한남동1012,1,,서울특별시 용산구한남동 764-22,,,2012,,02-2199-7880,서울특별시 용산구청,2026-06-13
한남동1013,1,,서울특별시 용산구한남동 767-4,,,2012,,02-2199-7880,서울특별시 용산구청,2026-06-13
한남동1014,1,,서울특별시 용산구한남동 764-22,,,2023,,02-2199-7880,서울특별시 용산구청,2026-06-13
한남동1015,1,,서울특별시 용산구한남동 766-18,,,2022,,02-2199-7880,서울특별시 용산구청,2026-06-13
한남동1016,1,,서울특별시 용산구한남동 766-37,,,2012,,02-2199-7880,서울특별시 용산구청,2026-06-13
한남동1017,1,,서울특별시 용산구한남동 764-22,,,2022,,02-2199-7880,서울특별시 용산구청,2026-06-13
한남동1018,1,,서울특별시 용산구한남동 765-3,,,2022,,02-2199-7880,서울특별시 용산구청,2026-06-13
한남동1019,1,,서울특별시 용산구한남동 765-22,,,2023,,02-2199-7880,서울특별시 용산구청,2026-06-13
한남동102,1,,서울특별시 용산구한남동 683-130,,,2012,,02-2199-7880,서울특별시 용산구청,2026-06-13
한남동1020,1,,서울특별시 용산구한남동 764-22,,,2023,,02-2199-7880,서울특별시 용산구청,2026-06-13
한남동1021,1,,서울특별시 용산구한남동 764-22,,,2022,,02-2199-7880,서울특별시 용산구청,2026-06-13
한남동1022,1,,서울특별시 용산구한남동 766-18,,,2022,,02-2199-7880,서울특별시 용산구청,2026-06-13
한남동1023,1,,서울특별시 용산구한남동 653-81,,,2012,,02-2199-7880,서울특별시 용산구청,2026-06-13
한남동1024,1,,서울특별시 용산구한남동 653-82,,,2022,,02-2199-7880,서울특별시 용산구청,2026-06-13
한남동1025,1,,서울특별시 용산구한남동 653-105,,,2012,,02-2199-7880,서울특별시 용산구청,2026-06-13
한남동1026,1,,서울특별시 용산구한남동 766-25,,,2023,,02-2199-7880,서울특별시 용산구청,2026-06-13
한남동1027,1,,서울특별시 용산구한남동 653-83,,,2022,,02-2199-7880,서울특별시 용산구청,2026-06-13
한남동1028,1,,서울특별시 용산구한남동 653-83,,,2012,,02-2199-7880,서울특별시 용산구청,2026-06-13
한남동1029,1,,서울특별시 용산구한남동 653-44,,,2022,,02-2199-7880,서울특별시 용산구청,2026-06-13
한남동103,1,,서울특별시 용산구한남동 683-137,,,2012,,02-2199-7880,서울특별시 용산구청,2026-06-13
한남동1030,1,,서울특별시 용산구한남동 653-46,,,2022,,02-2199-7880,서울특별시 용산구청,2026-06-13
한남동1031,1,,서울특별시 용산구한남동 653-36,,,2022,,02-2199-7880,서울특별시 용산구청,2026-06-13
한남동1032,1,,서울특별시 용산구한남동 653-46,,,2022,,02-2199-7880,서울특별시 용산구청,2026-06-13
한남동1033,1,,서울특별시 용산구한남동 653-19,,,2022,,02-2199-7880,서울특별시 용산구청,2026-06-13
한남동1034,1,,서울특별시 용산구한남동 653-32,,,2022,,02-2199-7880,서울특별시 용산구청,2026-06-13
한남동1035,1,,서울특별시 용산구한남동 653-46,,,2022,,02-2199-7880,서울특별시 용산구청,2026-06-13
한남동1036,1,,서울특별시 용산구한남동 653-109,,,2022,,02-2199-7880,서울특별시 용산구청,2026-06-13
한남동1037,1,,서울특별시 용산구한남동 653-33,,,2012,,02-2199-7880,서울특별시 용산구청,2026-06-13
한남동1038,1,,서울특별시 용산구한남동 653-106,,,2022,,02-2199-7880,서울특별시 용산구청,2026-06-13
한남동1039,1,,서울특별시 용산구한남동 760-10,,,2022,,02-2199-7880,서울특별시 용산구청,2026-06-13
한남동104,1,,서울특별시 용산구한남동 683-136,,,2012,,02-2199-7880,서울특별시 용산구청,2026-06-13
한남동1040,1,,서울특별시 용산구한남동 760-10,,,2023,,02-2199-7880,서울특별시 용산구청,2026-06-13
한남동1041,1,,서울특별시 용산구한남동 760-7,,,2022,,02-2199-7880,서울특별시 용산구청,2026-06-13
한남동1042,1,,서울특별시 용산구한남동 665-17,,,2022,,02-2199-7880,서울특별시 용산구청,2026-06-13
한남동1043,1,,서울특별시 용산구한남동 665-19,,,2022,,02-2199-7880,서울특별시 용산구청,2026-06-13
한남동1044,1,,서울특별시 용산구한남동 665-11,,,2012,,02-2199-7880,서울특별시 용산구청,2026-06-13
한남동1045,1,,서울특별시 용산구한남동 665-5,,,2022,,02-2199-7880,서울특별시 용산구청,2026-06-13
한남동1046,1,,서울특별시 용산구한남동 665-9,,,2012,,02-2199-7880,서울특별시 용산구청,2026-06-13
한남동1047,1,,서울특별시 용산구한남동 665-8,,,2022,,02-2199-7880,서울특별시 용산구청,2026-06-13
한남동1048,1,,서울특별시 용산구한남동 665-5,,,2022,,02-2199-7880,서울특별시 용산구청,2026-06-13
한남동1049,1,,서울특별시 용산구한남동 665-2,,,2022,,02-2199-7880,서울특별시 용산구청,2026-06-13
한남동105,1,,서울특별시 용산구한남동 683-32,,,2012,,02-2199-7880,서울특별시 용산구청,2026-06-13
한남동1050,1,,서울특별시 용산구한남동 665-5,,,2022,,02-2199-7880,서울특별시 용산구청,2026-06-13
한남동1051,1,,서울특별시 용산구한남동 653-58,,,2022,,02-2199-7880,서울특별시 용산구청,2026-06-13
한남동1052,1,,서울특별시 용산구한남동 653-46,,,2022,,02-2199-7880,서울특별시 용산구청,2026-06-13
한남동1053,1,,서울특별시 용산구한남동 653-46,,,2022,,02-2199-7880,서울특별시 용산구청,2026-06-13
한남동1054,1,,서울특별시 용산구한남동 653-75,,,2022,,02-2199-7880,서울특별시 용산구청,2026-06-13
한남동1055,1,,서울특별시 용산구한남동 653-21,,,2022,,02-2199-7880,서울특별시 용산구청,2026-06-13
한남동1056,1,,서울특별시 용산구한남동 666-4,,,2022,,02-2199-7880,서울특별시 용산구청,2026-06-13
한남동1057,1,,서울특별시 용산구한남동 761-7,,,2022,,02-2199-7880,서울특별시 용산구청,2026-06-13
한남동1058,1,,서울특별시 용산구한남동 653-103,,,2022,,02-2199-7880,서울특별시 용산구청,2026-06-13
한남동1059,1,,서울특별시 용산구한남동 653-28,,,2012,,02-2199-7880,서울특별시 용산구청,2026-06-13
한남동106,1,,서울특별시 용산구한남동 683-33,,,2012,,02-2199-7880,서울특별시 용산구청,2026-06-13
한남동1060,1,,서울특별시 용산구한남동 665-38,,,2022,,02-2199-7880,서울특별시 용산구청,2026-06-13
한남동1061,1,,서울특별시 용산구한남동 653-8,,,2022,,02-2199-7880,서울특별시 용산구청,2026-06-13
한남동1062,1,,서울특별시 용산구한남동 653-64,,,2022,,02-2199-7880,서울특별시 용산구청,2026-06-13
한남동1063,1,,서울특별시 용산구한남동 653-67,,,2022,,02-2199-7880,서울특별시 용산구청,2026-06-13
한남동1064,1,,서울특별시 용산구한남동 653-58,,,2012,,02-2199-7880,서울특별시 용산구청,2026-06-13
한남동1065,1,,서울특별시 용산구한남동 653-46,,,2022,,02-2199-7880,서울특별시 용산구청,2026-06-13
한남동1066,1,,서울특별시 용산구한남동 653-46,,,2023,,02-2199-7880,서울특별시 용산구청,2026-06-13
한남동1067,1,,서울특별시 용산구한남동 653-81,,,2022,,02-2199-7880,서울특별시 용산구청,2026-06-13
한남동1068,1,,서울특별시 용산구한남동 224,,,2022,,02-2199-7880,서울특별시 용산구청,2026-06-13
한남동1069,1,,서울특별시 용산구한남동 224,,,2022,,02-2199-7880,서울특별시 용산구청,2026-06-13
한남동107,1,,서울특별시 용산구한남동 685-21,,,2012,,02-2199-7880,서울특별시 용산구청,2026-06-13
한남동1070,1,,서울특별시 용산구한남동 209,,,2022,,02-2199-7880,서울특별시 용산구청,2026-06-13
한남동1071,1,,서울특별시 용산구한남동 208-1,,,2022,,02-2199-7880,서울특별시 용산구청,2026-06-13
한남동1072,1,,서울특별시 용산구한남동 208-1,,,2022,,02-2199-7880,서울특별시 용산구청,2026-06-13
한남동1073,1,,서울특별시 용산구한남동 139,,,2022,,02-2199-7880,서울특별시 용산구청,2026-06-13
한남동1074,1,,서울특별시 용산구한남동 180,,,2022,,02-2199-7880,서울특별시 용산구청,2026-06-13
한남동1075,1,,서울특별시 용산구한남동 171,,,2022,,02-2199-7880,서울특별시 용산구청,2026-06-13
한남동1076,1,,서울특별시 용산구한남동 175,,,2012,,02-2199-7880,서울특별시 용산구청,2026-06-13
한남동1077,1,,서울특별시 용산구한남동 171,,,2012,,02-2199-7880,서울특별시 용산구청,2026-06-13
한남동1078,1,,서울특별시 용산구한남동 169,,,2022,,02-2199-7880,서울특별시 용산구청,2026-06-13
한남동1079,1,,서울특별시 용산구한남동 115-3,,,2022,,02-2199-7880,서울특별시 용산구청,2026-06-13
한남동108,1,,서울특별시 용산구한남동 682-22,,,2012,,02-2199-7880,서울특별시 용산구청,2026-06-13
한남동1080,1,,서울특별시 용산구한남동 100,,,2022,,02-2199-7880,서울특별시 용산구청,2026-06-13
한남동1081,1,,서울특별시 용산구한남동 155-8,,,2022,,02-2199-7880,서울특별시 용산구청,2026-06-13
한남동1082,1,,서울특별시 용산구한남동 155-9,,,2012,,02-2199-7880,서울특별시 용산구청,2026-06-13
한남동1083,1,,서울특별시 용산구한남동 119,,,2022,,02-2199-7880,서울특별시 용산구청,2026-06-13
한남동1084,1,,서울특별시 용산구한남동 116-4,,,2022,,02-2199-7880,서울특별시 용산구청,2026-06-13
한남동1085,1,,서울특별시 용산구한남동 116-1,,,2022,,02-2199-7880,서울특별시 용산구청,2026-06-13
한남동1086,1,,서울특별시 용산구한남동 115-1,,,2023,,02-2199-7880,서울특별시 용산구청,2026-06-13
한남동1087,1,,서울특별시 용산구한남동 118-1,,,2022,,02-2199-7880,서울특별시 용산구청,2026-06-13
한남동1088,1,,서울특별시 용산구한남동 517-1,,,2022,,02-2199-7880,서울특별시 용산구청,2026-06-13
한남동1089,1,,서울특별시 용산구한남동 517-5,,,2022,,02-2199-7880,서울특별시 용산구청,2026-06-13
한남동109,1,,서울특별시 용산구한남동 685-21,,,2020,,02-2199-7880,서울특별시 용산구청,2026-06-13
한남동1090,1,,서울특별시 용산구한남동 516-1,,,2012,,02-2199-7880,서울특별시 용산구청,2026-06-13
한남동1091,1,,서울특별시 용산구한남동 516-9,,,2022,,02-2199-7880,서울특별시 용산구청,2026-06-13
한남동1092,1,,서울특별시 용산구한남동 495-1,,,2022,,02-2199-7880,서울특별시 용산구청,2026-06-13
한남동1093,1,,서울특별시 용산구한남동 509-8,,,2022,,02-2199-7880,서울특별시 용산구청,2026-06-13
한남동1094,1,,서울특별시 용산구한남동 497,,,2022,,02-2199-7880,서울특별시 용산구청,2026-06-13
한남동1095,1,,서울특별시 용산구한남동 498-1,,,2012,,02-2199-7880,서울특별시 용산구청,2026-06-13
한남동1096,1,,서울특별시 용산구한남동 499-2,,,2022,,02-2199-7880,서울특별시 용산구청,2026-06-13
한남동1097,1,,서울특별시 용산구한남동 501,,,2012,,02-2199-7880,서울특별시 용산구청,2026-06-13
한남동1098,1,,서울특별시 용산구한남동 471-1,,,2022,,02-2199-7880,서울특별시 용산구청,2026-06-13
한남동1099,1,,서울특별시 용산구한남동 468-5,,,2012,,02-2199-7880,서울특별시 용산구청,2026-06-13
한남동11,1,,서울특별시 용산구한남동 683-141,,,2012,,02-2199-7880,서울특별시 용산구청,2026-06-13
한남동110,1,,서울특별시 용산구한남동 682-5,,,2012,,02-2199-7880,서울특별시 용산구청,2026-06-13
한남동1100,1,,서울특별시 용산구한남동 483-2,,,2022,,02-2199-7880,서울특별시 용산구청,2026-06-13
한남동1101,1,,서울특별시 용산구한남동 486-2,,,2012,,02-2199-7880,서울특별시 용산구청,2026-06-13
한남동1102,1,,서울특별시 용산구한남동 123,,,2012,,02-2199-7880,서울특별시 용산구청,2026-06-13
한남동1103,1,,서울특별시 용산구한남동 125,,,2022,,02-2199-7880,서울특별시 용산구청,2026-06-13
한남동1104,1,,서울특별시 용산구한남동 522-44,,,2012,,02-2199-7880,서울특별시 용산구청,2026-06-13
한남동1105,1,,서울특별시 용산구한남동 522-44,,,2012,,02-2199-7880,서울특별시 용산구청,2026-06-13
한남동1106,1,,서울특별시 용산구한남동 512-7,,,2012,,02-2199-7880,서울특별시 용산구청,2026-06-13
한남동1107,1,,서울특별시 용산구한남동 512-7,,,2012,,02-2199-7880,서울특별시 용산구청,2026-06-13
한남동1108,1,,서울특별시 용산구한남동 802,,,2013,,02-2199-7880,서울특별시 용산구청,2026-06-13
한남동1109,1,,서울특별시 용산구한남동 513-3,,,2022,,02-2199-7880,서울특별시 용산구청,2026-06-13
한남동111,1,,서울특별시 용산구한남동 728-25,,,2012,,02-2199-7880,서울특별시 용산구청,2026-06-13
한남동1110,1,,서울특별시 용산구한남동 802,,,2022,,02-2199-7880,서울특별시 용산구청,2026-06-13
한남동1111,1,,서울특별시 용산구한남동 802,,,2022,,02-2199-7880,서울특별시 용산구청,2026-06-13
한남동1112,1,,서울특별시 용산구한남동 509-8,,,2022,,02-2199-7880,서울특별시 용산구청,2026-06-13
한남동1113,1,,서울특별시 용산구한남동 509-8,,,2022,,02-2199-7880,서울특별시 용산구청,2026-06-13
한남동1114,1,,서울특별시 용산구한남동 516-4,,,2012,,02-2199-7880,서울특별시 용산구청,2026-06-13
한남동1115,1,,서울특별시 용산구한남동 518-2,,,2022,,02-2199-7880,서울특별시 용산구청,2026-06-13
한남동1116,1,,서울특별시 용산구한남동 518-3,,,2023,,02-2199-7880,서울특별시 용산구청,2026-06-13
한남동1117,1,,서울특별시 용산구한남동 622-3,,,2013,,02-2199-7880,서울특별시 용산구청,2026-06-13
한남동1118,1,,서울특별시 용산구한남동,,,2021,,02-2199-7880,서울특별시 용산구청,2026-06-13
한남동1119,1,,서울특별시 용산구한남동 622-16,,,2021,,02-2199-7880,서울특별시 용산구청,2026-06-13
한남동112,1,,서울특별시 용산구한남동 728-25,,,2012,,02-2199-7880,서울특별시 용산구청,2026-06-13
한남동1120,1,,서울특별시 용산구한남동 622-6,,,2022,,02-2199-7880,서울특별시 용산구청,2026-06-13
한남동1121,1,,서울특별시 용산구한남동 88-11,,,2022,,02-2199-7880,서울특별시 용산구청,2026-06-13
한남동1122,1,,서울특별시 용산구한남동 88-11,,,2022,,02-2199-7880,서울특별시 용산구청,2026-06-13
한남동1123,1,,서울특별시 용산구한남동 626-2,,,2023,,02-2199-7880,서울특별시 용산구청,2026-06-13
한남동1124,1,,서울특별시 용산구한남동 60-4,,,2012,,02-2199-7880,서울특별시 용산구청,2026-06-13
한남동1125,1,,서울특별시 용산구한남동 60-31,,,2019,,02-2199-7880,서울특별시 용산구청,2026-06-13
한남동1126,1,,서울특별시 용산구한남동 60-31,,,2012,,02-2199-7880,서울특별시 용산구청,2026-06-13
한남동1127,1,,서울특별시 용산구한남동 60-31,,,2012,,02-2199-7880,서울특별시 용산구청,2026-06-13
한남동1128,1,,서울특별시 용산구한남동 812,,,2012,,02-2199-7880,서울특별시 용산구청,2026-06-13
한남동1129,1,,서울특별시 용산구한남동 812,,,2012,,02-2199-7880,서울특별시 용산구청,2026-06-13
한남동113,1,,서울특별시 용산구한남동 729-49,,,2012,,02-2199-7880,서울특별시 용산구청,2026-06-13
한남동1130,1,,서울특별시 용산구한남동 812,,,2012,,02-2199-7880,서울특별시 용산구청,2026-06-13
한남동1131,1,,서울특별시 용산구한남동 812,,,2012,,02-2199-7880,서울특별시 용산구청,2026-06-13
한남동1132,1,,서울특별시 용산구한남동 812,,,2012,,02-2199-7880,서울특별시 용산구청,2026-06-13
한남동1133,1,,서울특별시 용산구한남동 산8-72,,,2012,,02-2199-7880,서울특별시 용산구청,2026-06-13
한남동1134,1,,서울특별시 용산구한남동 810,,,2012,,02-2199-7880,서울특별시 용산구청,2026-06-13
한남동1135,1,,서울특별시 용산구한남동 810,,,2012,,02-2199-7880,서울특별시 용산구청,2026-06-13
한남동1136,1,,서울특별시 용산구한남동 4-1,,,2012,,02-2199-7880,서울특별시 용산구청,2026-06-13
한남동1137,1,,서울특별시 용산구한남동 60-47,,,2012,,02-2199-7880,서울특별시 용산구청,2026-06-13
한남동1138,1,,서울특별시 용산구한남동 810,,,2023,,02-2199-7880,서울특별시 용산구청,2026-06-13
한남동1139,1,,서울특별시 용산구한남동 810,,,2012,,02-2199-7880,서울특별시 용산구청,2026-06-13
한남동114,1,,서울특별시 용산구한남동 729-50,,,2012,,02-2199-7880,서울특별시 용산구청,2026-06-13
한남동1140,1,,서울특별시 용산구한남동 810,,,2012,,02-2199-7880,서울특별시 용산구청,2026-06-13
한남동1141,1,,서울특별시 용산구한남동 66-8,,,2012,,02-2199-7880,서울특별시 용산구청,2026-06-13
한남동1142,1,,서울특별시 용산구한남동 812,,,2012,,02-2199-7880,서울특별시 용산구청,2026-06-13
한남동1143,1,,서울특별시 용산구한남동 50-1,,,2012,,02-2199-7880,서울특별시 용산구청,2026-06-13
한남동1144,1,,서울특별시 용산구한남동 812,,,2012,,02-2199-7880,서울특별시 용산구청,2026-06-13
한남동1145,1,,서울특별시 용산구한남동 812,,,2012,,02-2199-7880,서울특별시 용산구청,2026-06-13
한남동1146,1,,서울특별시 용산구한남동 4-13,,,2012,,02-2199-7880,서울특별시 용산구청,2026-06-13
한남동1147,1,,서울특별시 용산구한남동 4-13,,,2012,,02-2199-7880,서울특별시 용산구청,2026-06-13
한남동1148,1,,서울특별시 용산구한남동 4-1,,,2012,,02-2199-7880,서울특별시 용산구청,2026-06-13
한남동1149,1,,서울특별시 용산구한남동 4-7,,,2012,,02-2199-7880,서울특별시 용산구청,2026-06-13
한남동115,1,,서울특별시 용산구한남동 728-27,,,2012,,02-2199-7880,서울특별시 용산구청,2026-06-13
한남동1150,1,,서울특별시 용산구한남동 4-7,,,2012,,02-2199-7880,서울특별시 용산구청,2026-06-13
한남동1151,1,,서울특별시 용산구한남동 810,,,2012,,02-2199-7880,서울특별시 용산구청,2026-06-13
한남동1152,1,,서울특별시 용산구한남동 810,,,2012,,02-2199-7880,서울특별시 용산구청,2026-06-13
한남동1153,1,,서울특별시 용산구한남동 810,,,2012,,02-2199-7880,서울특별시 용산구청,2026-06-13
한남동1154,1,,서울특별시 용산구한남동 810,,,2023,,02-2199-7880,서울특별시 용산구청,2026-06-13
한남동1155,1,,서울특별시 용산구한남동 32-77,,,2012,,02-2199-7880,서울특별시 용산구청,2026-06-13
한남동1156,1,,서울특별시 용산구한남동 810,,,2012,,02-2199-7880,서울특별시 용산구청,2026-06-13
한남동1157,1,,서울특별시 용산구한남동 821,,,2012,,02-2199-7880,서울특별시 용산구청,2026-06-13
한남동1158,1,,서울특별시 용산구한남동 812,,,2015,,02-2199-7880,서울특별시 용산구청,2026-06-13
한남동1159,1,,서울특별시 용산구한남동 31-4,,,2012,,02-2199-7880,서울특별시 용산구청,2026-06-13
한남동116,1,,서울특별시 용산구한남동 728-27,,,2012,,02-2199-7880,서울특별시 용산구청,2026-06-13
한남동1160,1,,서울특별시 용산구한남동 31-9,,,2019,,02-2199-7880,서울특별시 용산구청,2026-06-13
한남동1161,1,,서울특별시 용산구한남동 31-17,,,2012,,02-2199-7880,서울특별시 용산구청,2026-06-13
한남동1162,1,,서울특별시 용산구한남동 31-9,,,2012,,02-2199-7880,서울특별시 용산구청,2026-06-13
한남동1163,1,,서울특별시 용산구한남동 33-8,,,2012,,02-2199-7880,서울특별시 용산구청,2026-06-13
한남동1164,1,,서울특별시 용산구한남동 32-19,,,2012,,02-2199-7880,서울특별시 용산구청,2026-06-13
한남동1165,1,,서울특별시 용산구한남동 32-1,,,2012,,02-2199-7880,서울특별시 용산구청,2026-06-13
한남동1166,1,,서울특별시 용산구한남동 32-8,,,2012,,02-2199-7880,서울특별시 용산구청,2026-06-13
한남동1167,1,,서울특별시 용산구한남동 31-8,,,2012,,02-2199-7880,서울특별시 용산구청,2026-06-13
한남동1168,1,,서울특별시 용산구한남동 28-29,,,2013,,02-2199-7880,서울특별시 용산구청,2026-06-13
한남동1169,1,,서울특별시 용산구한남동 68-29,,,2022,,02-2199-7880,서울특별시 용산구청,2026-06-13
한남동117,1,,서울특별시 용산구한남동 728-27,,,2012,,02-2199-7880,서울특별시 용산구청,2026-06-13
한남동1170,1,,서울특별시 용산구한남동 67-1,,,2012,,02-2199-7880,서울특별시 용산구청,2026-06-13
한남동1171,1,,서울특별시 용산구한남동 31-15,,,2022,,02-2199-7880,서울특별시 용산구청,2026-06-13
한남동1172,1,,서울특별시 용산구한남동 821,,,2012,,02-2199-7880,서울특별시 용산구청,2026-06-13
한남동1173,1,,서울특별시 용산구한남동 821,,,2012,,02-2199-7880,서울특별시 용산구청,2026-06-13
한남동1174,1,,서울특별시 용산구한남동 821,,,2012,,02-2199-7880,서울특별시 용산구청,2026-06-13
한남동1175,1,,서울특별시 용산구한남동 821,,,2012,,02-2199-7880,서울특별시 용산구청,2026-06-13
한남동1176,1,,서울특별시 용산구한남동 810,,,2012,,02-2199-7880,서울특별시 용산구청,2026-06-13
한남동1177,1,,서울특별시 용산구한남동 810,,,2012,,02-2199-7880,서울특별시 용산구청,2026-06-13
한남동1178,1,,서울특별시 용산구한남동 810,,,2012,,02-2199-7880,서울특별시 용산구청,2026-06-13
한남동1179,1,,서울특별시 용산구한남동 810,,,2012,,02-2199-7880,서울특별시 용산구청,2026-06-13
한남동118,1,,서울특별시 용산구한남동 728-21,,,2012,,02-2199-7880,서울특별시 용산구청,2026-06-13
한남동1180,1,,서울특별시 용산구한남동 68-6,,,2012,,02-2199-7880,서울특별시 용산구청,2026-06-13
한남동1181,1,,서울특별시 용산구한남동 68-3,,,2012,,02-2199-7880,서울특별시 용산구청,2026-06-13
한남동1182,1,,서울특별시 용산구한남동 68-25,,,2012,,02-2199-7880,서울특별시 용산구청,2026-06-13
한남동1183,1,,서울특별시 용산구한남동 68-29,,,2012,,02-2199-7880,서울특별시 용산구청,2026-06-13
한남동1184,1,,서울특별시 용산구한남동 30-9,,,2012,,02-2199-7880,서울특별시 용산구청,2026-06-13
한남동1185,1,,서울특별시 용산구한남동 30-9,,,2012,,02-2199-7880,서울특별시 용산구청,2026-06-13
한남동1186,1,,서울특별시 용산구한남동 68-21,,,2012,,02-2199-7880,서울특별시 용산구청,2026-06-13
한남동1187,1,,서울특별시 용산구한남동 72-1,,,2012,,02-2199-7880,서울특별시 용산구청,2026-06-13
한남동1188,1,,서울특별시 용산구한남동 72-1,,,2012,,02-2199-7880,서울특별시 용산구청,2026-06-13
한남동1189,1,,서울특별시 용산구한남동 30-9,,,2019,,02-2199-7880,서울특별시 용산구청,2026-06-13
한남동119,1,,서울특별시 용산구한남동 726-494,,,2012,,02-2199-7880,서울특별시 용산구청,2026-06-13
한남동1190,1,,서울특별시 용산구한남동 263-3,,,2012,,02-2199-7880,서울특별시 용산구청,2026-06-13
한남동1191,1,,서울특별시 용산구한남동 29-4,,,2019,,02-2199-7880,서울특별시 용산구청,2026-06-13
한남동1192,1,,서울특별시 용산구한남동 29-4,,,2012,,02-2199-7880,서울특별시 용산구청,2026-06-13
한남동1193,1,,서울특별시 용산구한남동 30-9,,,2012,,02-2199-7880,서울특별시 용산구청,2026-06-13
한남동1194,1,,서울특별시 용산구한남동 72-1,,,2012,,02-2199-7880,서울특별시 용산구청,2026-06-13
한남동1195,1,,서울특별시 용산구한남동 72-1,,,2012,,02-2199-7880,서울특별시 용산구청,2026-06-13
한남동1196,1,,서울특별시 용산구한남동 72-1,,,2012,,02-2199-7880,서울특별시 용산구청,2026-06-13
한남동1197,1,,서울특별시 용산구한남동 72-1,,,2013,,02-2199-7880,서울특별시 용산구청,2026-06-13
한남동1198,1,,서울특별시 용산구한남동 60-70,,,2012,,02-2199-7880,서울특별시 용산구청,2026-06-13
한남동1199,1,,서울특별시 용산구한남동 1-352,,,2012,,02-2199-7880,서울특별시 용산구청,2026-06-13
한남동12,1,,서울특별시 용산구한남동 683-141,,,2012,,02-2199-7880,서울특별시 용산구청,2026-06-13
한남동120,1,,서울특별시 용산구한남동 727-64,,,2012,,02-2199-7880,서울특별시 용산구청,2026-06-13
한남동1200,1,,서울특별시 용산구한남동 1-351,,,2012,,02-2199-7880,서울특별시 용산구청,2026-06-13
한남동1201,1,,서울특별시 용산구한남동 1-387,,,2012,,02-2199-7880,서울특별시 용산구청,2026-06-13
한남동1202,1,,서울특별시 용산구한남동 1-387,,,2012,,02-2199-7880,서울특별시 용산구청,2026-06-13
한남동1203,1,,서울특별시 용산구한남동 1-387,,,2012,,02-2199-7880,서울특별시 용산구청,2026-06-13
한남동1204,1,,서울특별시 용산구한남동 524,,,2012,,02-2199-7880,서울특별시 용산구청,2026-06-13
한남동1205,1,,서울특별시 용산구한남동 524,,,2012,,02-2199-7880,서울특별시 용산구청,2026-06-13
한남동1206,1,,서울특별시 용산구한남동 1-352,,,2012,,02-2199-7880,서울특별시 용산구청,2026-06-13
한남동1207,1,,서울특별시 용산구한남동 1-349,,,2012,,02-2199-7880,서울특별시 용산구청,2026-06-13
한남동1208,1,,서울특별시 용산구한남동 1-45,,,2012,,02-2199-7880,서울특별시 용산구청,2026-06-13
한남동1209,1,,서울특별시 용산구한남동 1-125,,,2012,,02-2199-7880,서울특별시 용산구청,2026-06-13
한남동121,1,,서울특별시 용산구한남동 727-64,,,2012,,02-2199-7880,서울특별시 용산구청,2026-06-13
한남동1210,1,,서울특별시 용산구한남동 1-124,,,2012,,02-2199-7880,서울특별시 용산구청,2026-06-13
한남동1211,1,,서울특별시 용산구한남동 1-364,,,2012,,02-2199-7880,서울특별시 용산구청,2026-06-13
한남동1212,1,,서울특별시 용산구한남동 1-128,,,2012,,02-2199-7880,서울특별시 용산구청,2026-06-13
한남동1213,1,,서울특별시 용산구한남동 5-4,,,2012,,02-2199-7880,서울특별시 용산구청,2026-06-13
한남동1214,1,,서울특별시 용산구한남동 1-218,,,2012,,02-2199-7880,서울특별시 용산구청,2026-06-13
한남동1215,1,,서울특별시 용산구한남동 1-218,,,2012,,02-2199-7880,서울특별시 용산구청,2026-06-13
한남동1216,1,,서울특별시 용산구한남동 15-6,,,2012,,02-2199-7880,서울특별시 용산구청,2026-06-13
한남동1217,1,,서울특별시 용산구한남동 1-384,,,2012,,02-2199-7880,서울특별시 용산구청,2026-06-13
한남동1218,1,,서울특별시 용산구한남동 1-384,,,2012,,02-2199-7880,서울특별시 용산구청,2026-06-13
한남동1219,1,,서울특별시 용산구한남동 1-218,,,2023,,02-2199-7880,서울특별시 용산구청,2026-06-13
한남동122,1,,서울특별시 용산구한남동 727-64,,,2012,,02-2199-7880,서울특별시 용산구청,2026-06-13
한남동1220,1,,서울특별시 용산구한남동 1-218,,,2012,,02-2199-7880,서울특별시 용산구청,2026-06-13
한남동1221,1,,서울특별시 용산구한남동 15-5,,,2012,,02-2199-7880,서울특별시 용산구청,2026-06-13
한남동1222,1,,서울특별시 용산구한남동 15-6,,,2012,,02-2199-7880,서울특별시 용산구청,2026-06-13
한남동1223,1,,서울특별시 용산구한남동 15-14,,,2012,,02-2199-7880,서울특별시 용산구청,2026-06-13
한남동1224,1,,서울특별시 용산구한남동 15-11,,,2012,,02-2199-7880,서울특별시 용산구청,2026-06-13
한남동1225,1,,서울특별시 용산구한남동 15-10,,,2012,,02-2199-7880,서울특별시 용산구청,2026-06-13
한남동1226,1,,서울특별시 용산구한남동 775-1,,,2012,,02-2199-7880,서울특별시 용산구청,2026-06-13
한남동1227,1,,서울특별시 용산구한남동 775-1,,,2012,,02-2199-7880,서울특별시 용산구청,2026-06-13
한남동1228,1,,서울특별시 용산구한남동 775-2,,,2012,,02-2199-7880,서울특별시 용산구청,2026-06-13
한남동1229,1,,서울특별시 용산구한남동 775-2,,,2012,,02-2199-7880,서울특별시 용산구청,2026-06-13
한남동123,1,,서울특별시 용산구한남동 727-64,,,2012,,02-2199-7880,서울특별시 용산구청,2026-06-13
한남동1230,1,,서울특별시 용산구한남동 775-1,,,2012,,02-2199-7880,서울특별시 용산구청,2026-06-13
한남동1231,1,,서울특별시 용산구한남동 774-2,,,2012,,02-2199-7880,서울특별시 용산구청,2026-06-13
한남동1232,1,,서울특별시 용산구한남동 775-1,,,2018,,02-2199-7880,서울특별시 용산구청,2026-06-13
한남동1233,1,,서울특별시 용산구한남동 775-1,,,2012,,02-2199-7880,서울특별시 용산구청,2026-06-13
한남동1234,1,,서울특별시 용산구한남동 773-7,,,2018,,02-2199-7880,서울특별시 용산구청,2026-06-13
한남동1235,1,,서울특별시 용산구한남동 773-7,,,2012,,02-2199-7880,서울특별시 용산구청,2026-06-13
한남동1236,1,,서울특별시 용산구한남동 773-7,,,2012,,02-2199-7880,서울특별시 용산구청,2026-06-13
한남동1237,1,,서울특별시 용산구한남동 773-1,,,2012,,02-2199-7880,서울특별시 용산구청,2026-06-13
한남동1238,1,,서울특별시 용산구한남동 775-1,,,2012,,02-2199-7880,서울특별시 용산구청,2026-06-13
한남동1239,1,,서울특별시 용산구한남동 775-1,,,2023,,02-2199-7880,서울특별시 용산구청,2026-06-13
한남동124,1,,서울특별시 용산구한남동 727-64,,,2012,,02-2199-7880,서울특별시 용산구청,2026-06-13
한남동1240,1,,서울특별시 용산구한남동 776-3,,,2012,,02-2199-7880,서울특별시 용산구청,2026-06-13
한남동1241,1,,서울특별시 용산구한남동 776-3,,,2012,,02-2199-7880,서울특별시 용산구청,2026-06-13
한남동1242,1,,서울특별시 용산구한남동 776-8,,,2012,,02-2199-7880,서울특별시 용산구청,2026-06-13
한남동1243,1,,서울특별시 용산구한남동 776-10,,,2012,,02-2199-7880,서울특별시 용산구청,2026-06-13
한남동1244,1,,서울특별시 용산구한남동 11-132,,,2013,,02-2199-7880,서울특별시 용산구청,2026-06-13
한남동1245,1,,서울특별시 용산구한남동 11-132,,,2012,,02-2199-7880,서울특별시 용산구청,2026-06-13
한남동1246,1,,서울특별시 용산구한남동 773-19,,,2012,,02-2199-7880,서울특별시 용산구청,2026-06-13
한남동1247,1,,서울특별시 용산구한남동 777-3,,,2012,,02-2199-7880,서울특별시 용산구청,2026-06-13
한남동1248,1,,서울특별시 용산구한남동 11-129,,,2012,,02-2199-7880,서울특별시 용산구청,2026-06-13
한남동1249,1,,서울특별시 용산구한남동 11-4,,,2012,,02-2199-7880,서울특별시 용산구청,2026-06-13
한남동125,1,,서울특별시 용산구한남동 727-44,,,2012,,02-2199-7880,서울특별시 용산구청,2026-06-13
한남동1250,1,,서울특별시 용산구한남동 11-47,,,2012,,02-2199-7880,서울특별시 용산구청,2026-06-13
한남동1251,1,,서울특별시 용산구한남동 11-4,,,2019,,02-2199-7880,서울특별시 용산구청,2026-06-13
한남동1252,1,,서울특별시 용산구한남동 11-483,,,2012,,02-2199-7880,서울특별시 용산구청,2026-06-13
한남동1253,1,,서울특별시 용산구한남동 11-4,,,2012,,02-2199-7880,서울특별시 용산구청,2026-06-13
한남동1254,1,,서울특별시 용산구한남동 11-411,,,2012,,02-2199-7880,서울특별시 용산구청,2026-06-13
한남동1255,1,,서울특별시 용산구한남동 11-47,,,2023,,02-2199-7880,서울특별시 용산구청,2026-06-13
한남동1256,1,,서울특별시 용산구한남동 11-286,,,2012,,02-2199-7880,서울특별시 용산구청,2026-06-13
한남동1257,1,,서울특별시 용산구한남동 11-265,,,2012,,02-2199-7880,서울특별시 용산구청,2026-06-13
한남동1258,1,,서울특별시 용산구한남동 11-268,,,2012,,02-2199-7880,서울특별시 용산구청,2026-06-13
한남동1259,1,,서울특별시 용산구한남동 11-268,,,2012,,02-2199-7880,서울특별시 용산구청,2026-06-13
한남동126,1,,서울특별시 용산구한남동 727-49,,,2012,,02-2199-7880,서울특별시 용산구청,2026-06-13
한남동1260,1,,서울특별시 용산구한남동 11-395,,,2012,,02-2199-7880,서울특별시 용산구청,2026-06-13
한남동1261,1,,서울특별시 용산구한남동 11-268,,,2012,,02-2199-7880,서울특별시 용산구청,2026-06-13
한남동1262,1,,서울특별시 용산구한남동 11-268,,,2023,,02-2199-7880,서울특별시 용산구청,2026-06-13
한남동1263,1,,서울특별시 용산구한남동 11-274,,,2012,,02-2199-7880,서울특별시 용산구청,2026-06-13
한남동1264,1,,서울특별시 용산구한남동 11-410,,,2012,,02-2199-7880,서울특별시 용산구청,2026-06-13
한남동1265,1,,서울특별시 용산구한남동 11-272,,,2022,,02-2199-7880,서울특별시 용산구청,2026-06-13
한남동1266,1,,서울특별시 용산구한남동 11-271,,,2022,,02-2199-7880,서울특별시 용산구청,2026-06-13
한남동1267,1,,서울특별시 용산구한남동 11-294,,,2018,,02-2199-7880,서울특별시 용산구청,2026-06-13
한남동1268,1,,서울특별시 용산구한남동 11-293,,,2023,,02-2199-7880,서울특별시 용산구청,2026-06-13
한남동1269,1,,서울특별시 용산구한남동 11-274,,,2012,,02-2199-7880,서울특별시 용산구청,2026-06-13
한남동127,1,,서울특별시 용산구한남동 727-54,,,2012,,02-2199-7880,서울특별시 용산구청,2026-06-13
한남동1270,1,,서울특별시 용산구한남동 11-268,,,2012,,02-2199-7880,서울특별시 용산구청,2026-06-13
한남동1271,1,,서울특별시 용산구한남동 11-268,,,2012,,02-2199-7880,서울특별시 용산구청,2026-06-13
한남동1272,1,,서울특별시 용산구한남동 11-379,,,2012,,02-2199-7880,서울특별시 용산구청,2026-06-13
한남동1273,1,,서울특별시 용산구한남동 11-477,,,2012,,02-2199-7880,서울특별시 용산구청,2026-06-13
한남동1274,1,,서울특별시 용산구한남동 11-302,,,2012,,02-2199-7880,서울특별시 용산구청,2026-06-13
한남동1275,1,,서울특별시 용산구한남동 11-4,,,2012,,02-2199-7880,서울특별시 용산구청,2026-06-13
한남동1276,1,,서울특별시 용산구한남동 11-434,,,2012,,02-2199-7880,서울특별시 용산구청,2026-06-13
한남동1277,1,,서울특별시 용산구한남동 1-370,,,2012,,02-2199-7880,서울특별시 용산구청,2026-06-13
한남동1278,1,,서울특별시 용산구한남동 1-405,,,2012,,02-2199-7880,서울특별시 용산구청,2026-06-13
한남동1279,1,,서울특별시 용산구한남동 1-226,,,2012,,02-2199-7880,서울특별시 용산구청,2026-06-13
한남동128,1,,서울특별시 용산구한남동 727-38,,,2012,,02-2199-7880,서울특별시 용산구청,2026-06-13
한남동1280,1,,서울특별시 용산구한남동 1-229,,,2012,,02-2199-7880,서울특별시 용산구청,2026-06-13
한남동1281,1,,서울특별시 용산구한남동 1-236,,,2012,,02-2199-7880,서울특별시 용산구청,2026-06-13
한남동1282,1,,서울특별시 용산구한남동 1-240,,,2012,,02-2199-7880,서울특별시 용산구청,2026-06-13
한남동1283,1,,서울특별시 용산구한남동 1-20,,,2012,,02-2199-7880,서울특별시 용산구청,2026-06-13
한남동1284,1,,서울특별시 용산구한남동 1-321,,,2012,,02-2199-7880,서울특별시 용산구청,2026-06-13
한남동1285,1,,서울특별시 용산구한남동 1-32,,,2012,,02-2199-7880,서울특별시 용산구청,2026-06-13
한남동1286,1,,서울특별시 용산구한남동 11-4,,,2012,,02-2199-7880,서울특별시 용산구청,2026-06-13
한남동1287,1,,서울특별시 용산구한남동 1-250,,,2012,,02-2199-7880,서울특별시 용산구청,2026-06-13
한남동1288,1,,서울특별시 용산구한남동 1-110,,,2012,,02-2199-7880,서울특별시 용산구청,2026-06-13
한남동1289,1,,서울특별시 용산구한남동 1-253,,,2012,,02-2199-7880,서울특별시 용산구청,2026-06-13
한남동129,1,,서울특별시 용산구한남동 727-53,,,2012,,02-2199-7880,서울특별시 용산구청,2026-06-13
한남동1290,1,,서울특별시 용산구한남동 11-117,,,2012,,02-2199-7880,서울특별시 용산구청,2026-06-13
한남동1291,1,,서울특별시 용산구한남동 11-117,,,2012,,02-2199-7880,서울특별시 용산구청,2026-06-13
한남동1292,1,,서울특별시 용산구한남동 11-260,,,2012,,02-2199-7880,서울특별시 용산구청,2026-06-13
한남동1293,1,,서울특별시 용산구한남동 1-214,,,2012,,02-2199-7880,서울특별시 용산구청,2026-06-13
한남동1294,1,,서울특별시 용산구한남동 1-27,,,2012,,02-2199-7880,서울특별시 용산구청,2026-06-13
한남동1295,1,,서울특별시 용산구한남동 11-11,,,2012,,02-2199-7880,서울특별시 용산구청,2026-06-13
한남동1296,1,,서울특별시 용산구한남동 11-274,,,2012,,02-2199-7880,서울특별시 용산구청,2026-06-13
한남동1297,1,,서울특별시 용산구한남동 11-379,,,2012,,02-2199-7880,서울특별시 용산구청,2026-06-13
한남동1298,1,,서울특별시 용산구한남동 1-9,,,2012,,02-2199-7880,서울특별시 용산구청,2026-06-13
한남동1299,1,,서울특별시 용산구한남동 1-9,,,2012,,02-2199-7880,서울특별시 용산구청,2026-06-13
한남동13,1,,서울특별시 용산구한남동 683-132,,,2014,,02-2199-7880,서울특별시 용산구청,2026-06-13
한남동130,1,,서울특별시 용산구한남동 728-12,,,2012,,02-2199-7880,서울특별시 용산구청,2026-06-13
한남동1300,1,,서울특별시 용산구한남동 1-367,,,2012,,02-2199-7880,서울특별시 용산구청,2026-06-13
한남동1301,1,,서울특별시 용산구한남동 1-276,,,2023,,02-2199-7880,서울특별시 용산구청,2026-06-13
한남동1302,1,,서울특별시 용산구한남동 11-309,,,2012,,02-2199-7880,서울특별시 용산구청,2026-06-13
한남동1303,1,,서울특별시 용산구한남동 1-264,,,2012,,02-2199-7880,서울특별시 용산구청,2026-06-13
한남동1304,1,,서울특별시 용산구한남동 1-279,,,2012,,02-2199-7880,서울특별시 용산구청,2026-06-13
한남동1305,1,,서울특별시 용산구한남동 294-8,,,2012,,02-2199-7880,서울특별시 용산구청,2026-06-13
한남동1306,1,,서울특별시 용산구한남동 1-20,,,2012,,02-2199-7880,서울특별시 용산구청,2026-06-13
한남동1307,1,,서울특별시 용산구한남동 1-264,,,2012,,02-2199-7880,서울특별시 용산구청,2026-06-13
한남동1308,1,,서울특별시 용산구한남동 1-264,,,2012,,02-2199-7880,서울특별시 용산구청,2026-06-13
한남동1309,1,,서울특별시 용산구한남동 1-264,,,2012,,02-2199-7880,서울특별시 용산구청,2026-06-13
한남동131,1,,서울특별시 용산구한남동 728-12,,,2019,,02-2199-7880,서울특별시 용산구청,2026-06-13
한남동1310,1,,서울특별시 용산구한남동 287,,,2012,,02-2199-7880,서울특별시 용산구청,2026-06-13
한남동1311,1,,서울특별시 용산구한남동 287,,,2012,,02-2199-7880,서울특별시 용산구청,2026-06-13
한남동1312,1,,서울특별시 용산구한남동 287-1,,,2012,,02-2199-7880,서울특별시 용산구청,2026-06-13
한남동1313,1,,서울특별시 용산구한남동 1-264,,,2012,,02-2199-7880,서울특별시 용산구청,2026-06-13
한남동1314,1,,서울특별시 용산구한남동 1-264,,,2012,,02-2199-7880,서울특별시 용산구청,2026-06-13
한남동1315,1,,서울특별시 용산구한남동 1-264,,,2012,,02-2199-7880,서울특별시 용산구청,2026-06-13
한남동1316,1,,서울특별시 용산구한남동 1-264,,,2012,,02-2199-7880,서울특별시 용산구청,2026-06-13
한남동1317,1,,서울특별시 용산구한남동 1-264,,,2012,,02-2199-7880,서울특별시 용산구청,2026-06-13
한남동1318,1,,서울특별시 용산구한남동 1-264,,,2012,,02-2199-7880,서울특별시 용산구청,2026-06-13
한남동1319,1,,서울특별시 용산구한남동 11-379,,,2012,,02-2199-7880,서울특별시 용산구청,2026-06-13
한남동132,1,,서울특별시 용산구한남동 728-13,,,2012,,02-2199-7880,서울특별시 용산구청,2026-06-13
한남동1320,1,,서울특별시 용산구한남동 11-379,,,2012,,02-2199-7880,서울특별시 용산구청,2026-06-13
한남동1321,1,,서울특별시 용산구한남동 396-6,,,2012,,02-2199-7880,서울특별시 용산구청,2026-06-13
한남동1322,1,,서울특별시 용산구한남동 11-379,,,2012,,02-2199-7880,서울특별시 용산구청,2026-06-13
한남동1323,1,,서울특별시 용산구한남동 11-379,,,2012,,02-2199-7880,서울특별시 용산구청,2026-06-13
한남동1324,1,,서울특별시 용산구한남동 11-379,,,2012,,02-2199-7880,서울특별시 용산구청,2026-06-13
한남동1325,1,,서울특별시 용산구한남동 11-379,,,2012,,02-2199-7880,서울특별시 용산구청,2026-06-13
한남동1326,1,,서울특별시 용산구한남동 11-282,,,2012,,02-2199-7880,서울특별시 용산구청,2026-06-13
한남동1327,1,,서울특별시 용산구한남동 11-380,,,2012,,02-2199-7880,서울특별시 용산구청,2026-06-13
한남동1328,1,,서울특별시 용산구한남동 11-281,,,2012,,02-2199-7880,서울특별시 용산구청,2026-06-13
한남동1329,1,,서울특별시 용산구한남동 11-280,,,2012,,02-2199-7880,서울특별시 용산구청,2026-06-13
한남동133,1,,서울특별시 용산구한남동 728-3,,,2012,,02-2199-7880,서울특별시 용산구청,2026-06-13
한남동1330,1,,서울특별시 용산구한남동 799,,,2012,,02-2199-7880,서울특별시 용산구청,2026-06-13
한남동1331,1,,서울특별시 용산구한남동 399-14,,,2023,,02-2199-7880,서울특별시 용산구청,2026-06-13
한남동1332,1,,서울특별시 용산구한남동 11-330,,,2012,,02-2199-7880,서울특별시 용산구청,2026-06-13
한남동1333,1,,서울특별시 용산구한남동 11-417,,,2012,,02-2199-7880,서울특별시 용산구청,2026-06-13
한남동1334,1,,서울특별시 용산구한남동 11-329,,,2012,,02-2199-7880,서울특별시 용산구청,2026-06-13
한남동1335,1,,서울특별시 용산구한남동 11-329,,,2012,,02-2199-7880,서울특별시 용산구청,2026-06-13
한남동1336,1,,서울특별시 용산구한남동 11-459,,,2012,,02-2199-7880,서울특별시 용산구청,2026-06-13
한남동1337,1,,서울특별시 용산구한남동 11-337,,,2012,,02-2199-7880,서울특별시 용산구청,2026-06-13
한남동1338,1,,서울특별시 용산구한남동 11-337,,,2012,,02-2199-7880,서울특별시 용산구청,2026-06-13
한남동1339,1,,서울특별시 용산구한남동 390-14,,,2012,,02-2199-7880,서울특별시 용산구청,2026-06-13
한남동134,1,,서울특별시 용산구한남동 728-3,,,2012,,02-2199-7880,서울특별시 용산구청,2026-06-13
한남동1340,1,,서울특별시 용산구한남동 11-323,,,2012,,02-2199-7880,서울특별시 용산구청,2026-06-13
한남동1341,1,,서울특별시 용산구한남동 390-11,,,2023,,02-2199-7880,서울특별시 용산구청,2026-06-13
한남동1342,1,,서울특별시 용산구한남동 402-2,,,2023,,02-2199-7880,서울특별시 용산구청,2026-06-13
한남동1343,1,,서울특별시 용산구한남동 390-4,,,2023,,02-2199-7880,서울특별시 용산구청,2026-06-13
한남동1344,1,,서울특별시 용산구한남동 390-12,,,2012,,02-2199-7880,서울특별시 용산구청,2026-06-13
한남동1345,1,,서울특별시 용산구한남동 1-431,,,2012,,02-2199-7880,서울특별시 용산구청,2026-06-13
한남동1346,1,,서울특별시 용산구한남동 1-264,,,2018,,02-2199-7880,서울특별시 용산구청,2026-06-13
한남동1347,1,,서울특별시 용산구한남동 1-264,,,2012,,02-2199-7880,서울특별시 용산구청,2026-06-13
한남동1348,1,,서울특별시 용산구한남동 1-295,,,2012,,02-2199-7880,서울특별시 용산구청,2026-06-13
한남동1349,1,,서울특별시 용산구한남동 312-11,,,2012,,02-2199-7880,서울특별시 용산구청,2026-06-13
한남동135,1,,서울특별시 용산구한남동 727-45,,,2012,,02-2199-7880,서울특별시 용산구청,2026-06-13
한남동1350,1,,서울특별시 용산구한남동 312-7,,,2012,,02-2199-7880,서울특별시 용산구청,2026-06-13
한남동1351,1,,서울특별시 용산구한남동 1-264,,,2012,,02-2199-7880,서울특별시 용산구청,2026-06-13
한남동1352,1,,서울특별시 용산구한남동 1-299,,,2012,,02-2199-7880,서울특별시 용산구청,2026-06-13
한남동1353,1,,서울특별시 용산구한남동 1-264,,,2023,,02-2199-7880,서울특별시 용산구청,2026-06-13
한남동1354,1,,서울특별시 용산구한남동 270-6,,,2012,,02-2199-7880,서울특별시 용산구청,2026-06-13
한남동1355,1,,서울특별시 용산구한남동 270-1,,,2012,,02-2199-7880,서울특별시 용산구청,2026-06-13
한남동1356,1,,서울특별시 용산구한남동 26-7,,,2012,,02-2199-7880,서울특별시 용산구청,2026-06-13
한남동1357,1,,서울특별시 용산구한남동 26-7,,,2012,,02-2199-7880,서울특별시 용산구청,2026-06-13
한남동1358,1,,서울특별시 용산구한남동 26-7,,,2012,,02-2199-7880,서울특별시 용산구청,2026-06-13
한남동1359,1,,서울특별시 용산구한남동 26-7,,,2012,,02-2199-7880,서울특별시 용산구청,2026-06-13
한남동136,1,,서울특별시 용산구한남동 727-12,,,2012,,02-2199-7880,서울특별시 용산구청,2026-06-13
한남동1360,1,,서울특별시 용산구한남동 1-257,,,2012,,02-2199-7880,서울특별시 용산구청,2026-06-13
한남동1361,1,,서울특별시 용산구한남동 1-22,,,2012,,02-2199-7880,서울특별시 용산구청,2026-06-13
한남동1362,1,,서울특별시 용산구한남동 1-242,,,2012,,02-2199-7880,서울특별시 용산구청,2026-06-13
한남동1363,1,,서울특별시 용산구한남동 1-13,,,2012,,02-2199-7880,서울특별시 용산구청,2026-06-13
한남동1364,1,,서울특별시 용산구한남동 1-102,,,2012,,02-2199-7880,서울특별시 용산구청,2026-06-13
한남동1365,1,,서울특별시 용산구한남동 1-216,,,2016,,02-2199-7880,서울특별시 용산구청,2026-06-13
한남동1366,1,,서울특별시 용산구한남동 1-49,,,2012,,02-2199-7880,서울특별시 용산구청,2026-06-13
한남동1367,1,,서울특별시 용산구한남동 7-5,,,2012,,02-2199-7880,서울특별시 용산구청,2026-06-13
한남동1368,1,,서울특별시 용산구한남동 1-51,,,2012,,02-2199-7880,서울특별시 용산구청,2026-06-13
한남동1369,1,,서울특별시 용산구한남동 1-33,,,2012,,02-2199-7880,서울특별시 용산구청,2026-06-13
한남동137,1,,서울특별시 용산구한남동 728-3,,,2012,,02-2199-7880,서울특별시 용산구청,2026-06-13
한남동1370,1,,서울특별시 용산구한남동 1-34,,,2012,,02-2199-7880,서울특별시 용산구청,2026-06-13
한남동1371,1,,서울특별시 용산구한남동 1-38,,,2012,,02-2199-7880,서울특별시 용산구청,2026-06-13
한남동1372,1,,서울특별시 용산구한남동 1-42,,,2012,,02-2199-7880,서울특별시 용산구청,2026-06-13
한남동1373,1,,서울특별시 용산구한남동 36-10,,,2012,,02-2199-7880,서울특별시 용산구청,2026-06-13
한남동1374,1,,서울특별시 용산구한남동 36-1,,,2012,,02-2199-7880,서울특별시 용산구청,2026-06-13
한남동1375,1,,서울특별시 용산구한남동 36-1,,,2012,,02-2199-7880,서울특별시 용산구청,2026-06-13
한남동1376,1,,서울특별시 용산구한남동 1-259,,,2012,,02-2199-7880,서울특별시 용산구청,2026-06-13
한남동1377,1,,서울특별시 용산구한남동 27-2,,,2012,,02-2199-7880,서울특별시 용산구청,2026-06-13
한남동1378,1,,서울특별시 용산구한남동 26-1,,,2012,,02-2199-7880,서울특별시 용산구청,2026-06-13
한남동1379,1,,서울특별시 용산구한남동 27-2,,,2012,,02-2199-7880,서울특별시 용산구청,2026-06-13
한남동138,1,,서울특별시 용산구한남동 728-3,,,2012,,02-2199-7880,서울특별시 용산구청,2026-06-13
한남동1380,1,,서울특별시 용산구한남동 27-7,,,2012,,02-2199-7880,서울특별시 용산구청,2026-06-13
한남동1381,1,,서울특별시 용산구한남동 28-11,,,2012,,02-2199-7880,서울특별시 용산구청,2026-06-13
한남동1382,1,,서울특별시 용산구한남동 1-320,,,2012,,02-2199-7880,서울특별시 용산구청,2026-06-13
한남동1383,1,,서울특별시 용산구한남동 26-5,,,2022,,02-2199-7880,서울특별시 용산구청,2026-06-13
한남동1384,1,,서울특별시 용산구한남동 1-320,,,2012,,02-2199-7880,서울특별시 용산구청,2026-06-13
한남동1385,1,,서울특별시 용산구한남동 28-12,,,2012,,02-2199-7880,서울특별시 용산구청,2026-06-13
한남동1386,1,,서울특별시 용산구한남동 271-11,,,2012,,02-2199-7880,서울특별시 용산구청,2026-06-13
한남동1387,1,,서울특별시 용산구한남동 271-11,,,2012,,02-2199-7880,서울특별시 용산구청,2026-06-13
한남동1388,1,,서울특별시 용산구한남동 270-3,,,2012,,02-2199-7880,서울특별시 용산구청,2026-06-13
한남동1389,1,,서울특별시 용산구한남동 315-3,,,2023,,02-2199-7880,서울특별시 용산구청,2026-06-13
한남동139,1,,서울특별시 용산구한남동 728-3,,,2012,,02-2199-7880,서울특별시 용산구청,2026-06-13
한남동1390,1,,서울특별시 용산구한남동 263-12,,,2012,,02-2199-7880,서울특별시 용산구청,2026-06-13
한남동1391,1,,서울특별시 용산구한남동 272-2,,,2012,,02-2199-7880,서울특별시 용산구청,2026-06-13
한남동1392,1,,서울특별시 용산구한남동 272-8,,,2012,,02-2199-7880,서울특별시 용산구청,2026-06-13
한남동1393,1,,서울특별시 용산구한남동 272-3,,,2012,,02-2199-7880,서울특별시 용산구청,2026-06-13
한남동1394,1,,서울특별시 용산구한남동 258,,,2012,,02-2199-7880,서울특별시 용산구청,2026-06-13
한남동1395,1,,서울특별시 용산구한남동 264-4,,,2012,,02-2199-7880,서울특별시 용산구청,2026-06-13
한남동1396,1,,서울특별시 용산구한남동 267-8,,,2019,,02-2199-7880,서울특별시 용산구청,2026-06-13
한남동1397,1,,서울특별시 용산구한남동 267-6,,,2012,,02-2199-7880,서울특별시 용산구청,2026-06-13
한남동1398,1,,서울특별시 용산구한남동 267-6,,,2022,,02-2199-7880,서울특별시 용산구청,2026-06-13
한남동1399,1,,서울특별시 용산구한남동 267-2,,,2012,,02-2199-7880,서울특별시 용산구청,2026-06-13
한남동14,1,,서울특별시 용산구한남동 683-42,,,2012,,02-2199-7880,서울특별시 용산구청,2026-06-13
한남동140,1,,서울특별시 용산구한남동 728-3,,,2012,,02-2199-7880,서울특별시 용산구청,2026-06-13
한남동1400,1,,서울특별시 용산구한남동 258,,,2012,,02-2199-7880,서울특별시 용산구청,2026-06-13
한남동1401,1,,서울특별시 용산구한남동 257-27,,,2012,,02-2199-7880,서울특별시 용산구청,2026-06-13
한남동1402,1,,서울특별시 용산구한남동 257-4,,,2012,,02-2199-7880,서울특별시 용산구청,2026-06-13
한남동1403,1,,서울특별시 용산구한남동 257-9,,,2016,,02-2199-7880,서울특별시 용산구청,2026-06-13
한남동1404,1,,서울특별시 용산구한남동 257-13,,,2012,,02-2199-7880,서울특별시 용산구청,2026-06-13
한남동1405,1,,서울특별시 용산구한남동 258,,,2012,,02-2199-7880,서울특별시 용산구청,2026-06-13
한남동1406,1,,서울특별시 용산구한남동 257-3,,,2012,,02-2199-7880,서울특별시 용산구청,2026-06-13
한남동1407,1,,서울특별시 용산구한남동 257-3,,,2012,,02-2199-7880,서울특별시 용산구청,2026-06-13
한남동1408,1,,서울특별시 용산구한남동 318-14,,,2015,,02-2199-7880,서울특별시 용산구청,2026-06-13
한남동1409,1,,서울특별시 용산구한남동 257-10,,,2012,,02-2199-7880,서울특별시 용산구청,2026-06-13
한남동141,1,,서울특별시 용산구한남동 728-3,,,2012,,02-2199-7880,서울특별시 용산구청,2026-06-13
한남동1410,1,,서울특별시 용산구한남동 318-7,,,2012,,02-2199-7880,서울특별시 용산구청,2026-06-13
한남동1411,1,,서울특별시 용산구한남동 316-2,,,2012,,02-2199-7880,서울특별시 용산구청,2026-06-13
한남동1412,1,,서울특별시 용산구한남동 318-3,,,2012,,02-2199-7880,서울특별시 용산구청,2026-06-13
한남동1413,1,,서울특별시 용산구한남동 335-2,,,2012,,02-2199-7880,서울특별시 용산구청,2026-06-13
한남동1414,1,,서울특별시 용산구한남동 318-15,,,2012,,02-2199-7880,서울특별시 용산구청,2026-06-13
한남동1415,1,,서울특별시 용산구한남동 323-1,,,2012,,02-2199-7880,서울특별시 용산구청,2026-06-13
한남동1416,1,,서울특별시 용산구한남동 428-1,,,2019,,02-2199-7880,서울특별시 용산구청,2026-06-13
한남동1417,1,,서울특별시 용산구한남동 430-1,,,2020,,02-2199-7880,서울특별시 용산구청,2026-06-13
한남동1418,1,,서울특별시 용산구한남동 428-1,,,2016,,02-2199-7880,서울특별시 용산구청,2026-06-13
한남동1419,1,,서울특별시 용산구한남동 428-1,,,2012,,02-2199-7880,서울특별시 용산구청,2026-06-13
한남동142,1,,서울특별시 용산구한남동 729-77,,,2012,,02-2199-7880,서울특별시 용산구청,2026-06-13
한남동1420,1,,서울특별시 용산구한남동 419-1,,,2012,,02-2199-7880,서울특별시 용산구청,2026-06-13
한남동1421,1,,서울특별시 용산구한남동 416,,,2012,,02-2199-7880,서울특별시 용산구청,2026-06-13
한남동1422,1,,서울특별시 용산구한남동 424,,,2012,,02-2199-7880,서울특별시 용산구청,2026-06-13
한남동1423,1,,서울특별시 용산구한남동 418-1,,,2012,,02-2199-7880,서울특별시 용산구청,2026-06-13
한남동1424,1,,서울특별시 용산구한남동 385-2,,,2023,,02-2199-7880,서울특별시 용산구청,2026-06-13
한남동1425,1,,서울특별시 용산구한남동 418-1,,,2023,,02-2199-7880,서울특별시 용산구청,2026-06-13
한남동1426,1,,서울특별시 용산구한남동 432,,,2012,,02-2199-7880,서울특별시 용산구청,2026-06-13
한남동1427,1,,서울특별시 용산구한남동 432-1,,,2012,,02-2199-7880,서울특별시 용산구청,2026-06-13
한남동1428,1,,서울특별시 용산구한남동 432,,,2012,,02-2199-7880,서울특별시 용산구청,2026-06-13
한남동1429,1,,서울특별시 용산구한남동 438,,,2018,,02-2199-7880,서울특별시 용산구청,2026-06-13
한남동143,1,,서울특별시 용산구한남동 728-17,,,2012,,02-2199-7880,서울특별시 용산구청,2026-06-13
한남동1430,1,,서울특별시 용산구한남동 438,,,2018,,02-2199-7880,서울특별시 용산구청,2026-06-13
한남동1431,1,,서울특별시 용산구한남동 422-1,,,2018,,02-2199-7880,서울특별시 용산구청,2026-06-13
한남동1432,1,,서울특별시 용산구한남동 422,,,2018,,02-2199-7880,서울특별시 용산구청,2026-06-13
한남동1433,1,,서울특별시 용산구한남동 129-6,,,2018,,02-2199-7880,서울특별시 용산구청,2026-06-13
한남동1434,1,,서울특별시 용산구한남동 129-1,,,2016,,02-2199-7880,서울특별시 용산구청,2026-06-13
한남동1435,1,,서울특별시 용산구한남동 129-1,,,2012,,02-2199-7880,서울특별시 용산구청,2026-06-13
한남동1436,1,,서울특별시 용산구한남동 373-3,,,2018,,02-2199-7880,서울특별시 용산구청,2026-06-13
한남동1437,1,,서울특별시 용산구한남동 389-5,,,2012,,02-2199-7880,서울특별시 용산구청,2026-06-13
한남동1438,1,,서울특별시 용산구한남동 370-3,,,2012,,02-2199-7880,서울특별시 용산구청,2026-06-13
한남동1439,1,,서울특별시 용산구한남동 348-4,,,2012,,02-2199-7880,서울특별시 용산구청,2026-06-13
한남동144,1,,서울특별시 용산구한남동 728-9,,,2012,,02-2199-7880,서울특별시 용산구청,2026-06-13
한남동1440,1,,서울특별시 용산구한남동 339-9,,,2012,,02-2199-7880,서울특별시 용산구청,2026-06-13
한남동1441,1,,서울특별시 용산구한남동 339-3,,,2012,,02-2199-7880,서울특별시 용산구청,2026-06-13
한남동1442,1,,서울특별시 용산구한남동 348-4,,,2012,,02-2199-7880,서울특별시 용산구청,2026-06-13
한남동1443,1,,서울특별시 용산구한남동 345-3,,,2012,,02-2199-7880,서울특별시 용산구청,2026-06-13
한남동1444,1,,서울특별시 용산구한남동 339-1,,,2012,,02-2199-7880,서울특별시 용산구청,2026-06-13
한남동1445,1,,서울특별시 용산구한남동 327-4,,,2012,,02-2199-7880,서울특별시 용산구청,2026-06-13
한남동1446,1,,서울특별시 용산구한남동 326-4,,,2012,,02-2199-7880,서울특별시 용산구청,2026-06-13
한남동1447,1,,서울특별시 용산구한남동 323-4,,,2012,,02-2199-7880,서울특별시 용산구청,2026-06-13
한남동1448,1,,서울특별시 용산구한남동 253-9,,,2012,,02-2199-7880,서울특별시 용산구청,2026-06-13
한남동1449,1,,서울특별시 용산구한남동 726-517,,,2015,,02-2199-7880,서울특별시 용산구청,2026-06-13
한남동145,1,,서울특별시 용산구한남동 729-77,,,2012,,02-2199-7880,서울특별시 용산구청,2026-06-13
한남동1450,1,,서울특별시 용산구한남동 산10-33,,,2015,,02-2199-7880,서울특별시 용산구청,2026-06-13
한남동1451,1,,서울특별시 용산구한남동 653-48,,,2024,,02-2199-7880,서울특별시 용산구청,2026-06-13
한남동1452,1,,서울특별시 용산구한남동 647-20,,,2024,,02-2199-7880,서울특별시 용산구청,2026-06-13
한남동1453,1,,서울특별시 용산구한남동 647-11,,,2024,,02-2199-7880,서울특별시 용산구청,2026-06-13
한남동1454,1,,서울특별시 용산구한남동 647-21,,,2024,,02-2199-7880,서울특별시 용산구청,2026-06-13
한남동1455,1,,서울특별시 용산구한남동 647-11,,,2024,,02-2199-7880,서울특별시 용산구청,2026-06-13
한남동1456,1,,서울특별시 용산구한남동 647-11,,,2024,,02-2199-7880,서울특별시 용산구청,2026-06-13
한남동146,1,,서울특별시 용산구한남동 729-77,,,2012,,02-2199-7880,서울특별시 용산구청,2026-06-13
한남동147,1,,서울특별시 용산구한남동 729-77,,,2012,,02-2199-7880,서울특별시 용산구청,2026-06-13
한남동148,1,,서울특별시 용산구한남동 729-76,,,2012,,02-2199-7880,서울특별시 용산구청,2026-06-13
한남동149,1,,서울특별시 용산구한남동 729-76,,,2012,,02-2199-7880,서울특별시 용산구청,2026-06-13
한남동15,1,,서울특별시 용산구한남동 685-21,,,2012,,02-2199-7880,서울특별시 용산구청,2026-06-13
한남동150,1,,서울특별시 용산구한남동 729-76,,,2012,,02-2199-7880,서울특별시 용산구청,2026-06-13
한남동151,1,,서울특별시 용산구한남동 729-76,,,2012,,02-2199-7880,서울특별시 용산구청,2026-06-13
한남동152,1,,서울특별시 용산구한남동 729-98,,,2012,,02-2199-7880,서울특별시 용산구청,2026-06-13
한남동1525,1,,서울특별시 용산구한남동 729-13,,,2022,,02-2199-7880,서울특별시 용산구청,2026-06-13
한남동153,1,,서울특별시 용산구한남동 809,,,2012,,02-2199-7880,서울특별시 용산구청,2026-06-13
한남동154,1,,서울특별시 용산구한남동 729-3,,,2012,,02-2199-7880,서울특별시 용산구청,2026-06-13
한남동155,1,,서울특별시 용산구한남동 730,,,2012,,02-2199-7880,서울특별시 용산구청,2026-06-13
한남동156,1,,서울특별시 용산구한남동 730,,,2012,,02-2199-7880,서울특별시 용산구청,2026-06-13
한남동1560,1,,서울특별시 용산구한남동 1-350,,,2024,,02-2199-7880,서울특별시 용산구청,2026-06-13
한남동1561,1,,서울특별시 용산구한남동 726-459,,,2024,,02-2199-7880,서울특별시 용산구청,2026-06-13
한남동1562,1,,서울특별시 용산구한남동 580-1,,,2024,,02-2199-7880,서울특별시 용산구청,2026-06-13
한남동1563,1,,서울특별시 용산구한남동 432-1,,,2024,,02-2199-7880,서울특별시 용산구청,2026-06-13
한남동1564,1,,서울특별시 용산구한남동 459-11,,,2024,,02-2199-7880,서울특별시 용산구청,2026-06-13
한남동1565,1,,서울특별시 용산구한남동 459-12,,,2024,,02-2199-7880,서울특별시 용산구청,2026-06-13
한남동157,1,,서울특별시 용산구한남동 730,,,2012,,02-2199-7880,서울특별시 용산구청,2026-06-13
한남동158,1,,서울특별시 용산구한남동 730-15,,,2012,,02-2199-7880,서울특별시 용산구청,2026-06-13
한남동1586,1,,서울특별시 용산구한남동 769-17,,,2024,,02-2199-7880,서울특별시 용산구청,2026-06-13
한남동1587,1,,서울특별시 용산구한남동 1-350,,,2024,,02-2199-7880,서울특별시 용산구청,2026-06-13
한남동1588,1,,서울특별시 용산구한남동 524,,,2024,,02-2199-7880,서울특별시 용산구청,2026-06-13
한남동1589,1,,서울특별시 용산구한남동 11-117,,,2024,,02-2199-7880,서울특별시 용산구청,2026-06-13
한남동159,1,,서울특별시 용산구한남동 731-8,,,2012,,02-2199-7880,서울특별시 용산구청,2026-06-13
한남동1590,1,,서울특별시 용산구한남동 316-2,,,2024,,02-2199-7880,서울특별시 용산구청,2026-06-13
한남동1591,1,,서울특별시 용산구한남동 727-64,,,2025,,02-2199-7880,서울특별시 용산구청,2026-06-13
한남동16,1,,서울특별시 용산구한남동 683-18,,,2012,,02-2199-7880,서울특별시 용산구청,2026-06-13
한남동160,1,,서울특별시 용산구한남동 699-4,,,2012,,02-2199-7880,서울특별시 용산구청,2026-06-13
한남동161,1,,서울특별시 용산구한남동 730-15,,,2012,,02-2199-7880,서울특별시 용산구청,2026-06-13
한남동162,1,,서울특별시 용산구한남동 693-3,,,2012,,02-2199-7880,서울특별시 용산구청,2026-06-13
한남동163,1,,서울특별시 용산구한남동 729-29,,,2012,,02-2199-7880,서울특별시 용산구청,2026-06-13
한남동164,1,,서울특별시 용산구한남동 729-23,,,2022,,02-2199-7880,서울특별시 용산구청,2026-06-13
한남동165,1,,서울특별시 용산구한남동 729-44,,,2012,,02-2199-7880,서울특별시 용산구청,2026-06-13
한남동166,1,,서울특별시 용산구한남동 729-18,,,2012,,02-2199-7880,서울특별시 용산구청,2026-06-13
한남동167,1,,서울특별시 용산구한남동 729-44,,,2022,,02-2199-7880,서울특별시 용산구청,2026-06-13
한남동168,1,,서울특별시 용산구한남동 729-44,,,2012,,02-2199-7880,서울특별시 용산구청,2026-06-13
한남동169,1,,서울특별시 용산구한남동 729-15,,,2012,,02-2199-7880,서울특별시 용산구청,2026-06-13
한남동17,1,,서울특별시 용산구한남동 683-86,,,2012,,02-2199-7880,서울특별시 용산구청,2026-06-13
한남동170,1,,서울특별시 용산구한남동 729-44,,,2012,,02-2199-7880,서울특별시 용산구청,2026-06-13
한남동171,1,,서울특별시 용산구한남동 729-44,,,2015,,02-2199-7880,서울특별시 용산구청,2026-06-13
한남동172,1,,서울특별시 용산구한남동 729-8,,,2018,,02-2199-7880,서울특별시 용산구청,2026-06-13
한남동173,1,,서울특별시 용산구한남동 729-7,,,2012,,02-2199-7880,서울특별시 용산구청,2026-06-13
한남동174,1,,서울특별시 용산구한남동 729-44,,,2012,,02-2199-7880,서울특별시 용산구청,2026-06-13
한남동175,1,,서울특별시 용산구한남동 729-58,,,2022,,02-2199-7880,서울특별시 용산구청,2026-06-13
한남동176,1,,서울특별시 용산구한남동 729-2,,,2012,,02-2199-7880,서울특별시 용산구청,2026-06-13
한남동177,1,,서울특별시 용산구한남동 729-55,,,2012,,02-2199-7880,서울특별시 용산구청,2026-06-13
한남동178,1,,서울특별시 용산구한남동 729-44,,,2012,,02-2199-7880,서울특별시 용산구청,2026-06-13
한남동179,1,,서울특별시 용산구한남동 729-44,,,2012,,02-2199-7880,서울특별시 용산구청,2026-06-13
한남동18,1,,서울특별시 용산구한남동 683-88,,,2023,,02-2199-7880,서울특별시 용산구청,2026-06-13
한남동180,1,,서울특별시 용산구한남동 729-56,,,2012,,02-2199-7880,서울특별시 용산구청,2026-06-13
한남동181,1,,서울특별시 용산구한남동 729-42,,,2012,,02-2199-7880,서울특별시 용산구청,2026-06-13
한남동182,1,,서울특별시 용산구한남동 729-56,,,2012,,02-2199-7880,서울특별시 용산구청,2026-06-13
한남동183,1,,서울특별시 용산구한남동 729-97,,,2012,,02-2199-7880,서울특별시 용산구청,2026-06-13
한남동184,1,,서울특별시 용산구한남동 685-21,,,2012,,02-2199-7880,서울특별시 용산구청,2026-06-13
한남동185,1,,서울특별시 용산구한남동 685-21,,,2020,,02-2199-7880,서울특별시 용산구청,2026-06-13
한남동186,1,,서울특별시 용산구한남동 685-21,,,2012,,02-2199-7880,서울특별시 용산구청,2026-06-13
한남동187,1,,서울특별시 용산구한남동 685-21,,,2012,,02-2199-7880,서울특별시 용산구청,2026-06-13
한남동188,1,,서울특별시 용산구한남동 685-21,,,2012,,02-2199-7880,서울특별시 용산구청,2026-06-13
한남동189,1,,서울특별시 용산구한남동 685-21,,,2012,,02-2199-7880,서울특별시 용산구청,2026-06-13
한남동19,1,,서울특별시 용산구한남동 685-21,,,2012,,02-2199-7880,서울특별시 용산구청,2026-06-13
한남동190,1,,서울특별시 용산구한남동 685-21,,,2012,,02-2199-7880,서울특별시 용산구청,2026-06-13
한남동191,1,,서울특별시 용산구한남동 685-21,,,2012,,02-2199-7880,서울특별시 용산구청,2026-06-13
한남동192,1,,서울특별시 용산구한남동 685-21,,,2012,,02-2199-7880,서울특별시 용산구청,2026-06-13
한남동193,1,,서울특별시 용산구한남동 685-21,,,2012,,02-2199-7880,서울특별시 용산구청,2026-06-13
한남동194,1,,서울특별시 용산구한남동 683-23,,,2012,,02-2199-7880,서울특별시 용산구청,2026-06-13
한남동195,1,,서울특별시 용산구한남동 683-28,,,2012,,02-2199-7880,서울특별시 용산구청,2026-06-13
한남동196,1,,서울특별시 용산구한남동 683-20,,,2012,,02-2199-7880,서울특별시 용산구청,2026-06-13
한남동197,1,,서울특별시 용산구한남동 685-21,,,2012,,02-2199-7880,서울특별시 용산구청,2026-06-13
한남동198,1,,서울특별시 용산구한남동 685-21,,,2012,,02-2199-7880,서울특별시 용산구청,2026-06-13
한남동199,1,,서울특별시 용산구한남동 684-3,,,2012,,02-2199-7880,서울특별시 용산구청,2026-06-13
한남동2,1,,서울특별시 용산구한남동 685-21,,,2012,,02-2199-7880,서울특별시 용산구청,2026-06-13
한남동20,1,,서울특별시 용산구한남동 685-21,,,2012,,02-2199-7880,서울특별시 용산구청,2026-06-13
한남동200,1,,서울특별시 용산구한남동 722-11,,,2012,,02-2199-7880,서울특별시 용산구청,2026-06-13
한남동201,1,,서울특별시 용산구한남동 726-459,,,2012,,02-2199-7880,서울특별시 용산구청,2026-06-13
한남동202,1,,서울특별시 용산구한남동 726-459,,,2012,,02-2199-7880,서울특별시 용산구청,2026-06-13
한남동203,1,,서울특별시 용산구한남동 726-413,,,2012,,02-2199-7880,서울특별시 용산구청,2026-06-13
한남동204,1,,서울특별시 용산구한남동 726-459,,,2012,,02-2199-7880,서울특별시 용산구청,2026-06-13
한남동205,1,,서울특별시 용산구한남동 723-39,,,2012,,02-2199-7880,서울특별시 용산구청,2026-06-13
한남동206,1,,서울특별시 용산구한남동 723-4,,,2012,,02-2199-7880,서울특별시 용산구청,2026-06-13
한남동207,1,,서울특별시 용산구한남동 723-26,,,2012,,02-2199-7880,서울특별시 용산구청,2026-06-13
한남동208,1,,서울특별시 용산구한남동 723-39,,,2012,,02-2199-7880,서울특별시 용산구청,2026-06-13
한남동209,1,,서울특별시 용산구한남동 723-21,,,2012,,02-2199-7880,서울특별시 용산구청,2026-06-13
한남동21,1,,서울특별시 용산구한남동 684-65,,,2021,,02-2199-7880,서울특별시 용산구청,2026-06-13
한남동210,1,,서울특별시 용산구한남동 723-39,,,2012,,02-2199-7880,서울특별시 용산구청,2026-06-13
한남동211,1,,서울특별시 용산구한남동 726-459,,,2012,,02-2199-7880,서울특별시 용산구청,2026-06-13
한남동212,1,,서울특별시 용산구한남동 726-461,,,2012,,02-2199-7880,서울특별시 용산구청,2026-06-13
한남동213,1,,서울특별시 용산구한남동 726-459,,,2012,,02-2199-7880,서울특별시 용산구청,2026-06-13
한남동214,1,,서울특별시 용산구한남동 726-461,,,2012,,02-2199-7880,서울특별시 용산구청,2026-06-13
한남동215,1,,서울특별시 용산구한남동 726-459,,,2012,,02-2199-7880,서울특별시 용산구청,2026-06-13
한남동216,1,,서울특별시 용산구한남동 726-459,,,2012,,02-2199-7880,서울특별시 용산구청,2026-06-13
한남동217,1,,서울특별시 용산구한남동 726-459,,,2012,,02-2199-7880,서울특별시 용산구청,2026-06-13
한남동218,1,,서울특별시 용산구한남동 726-459,,,2012,,02-2199-7880,서울특별시 용산구청,2026-06-13
한남동219,1,,서울특별시 용산구한남동 723-48,,,2021,,02-2199-7880,서울특별시 용산구청,2026-06-13
한남동22,1,,서울특별시 용산구한남동 683-75,,,2012,,02-2199-7880,서울특별시 용산구청,2026-06-13
한남동220,1,,서울특별시 용산구한남동 726-459,,,2012,,02-2199-7880,서울특별시 용산구청,2026-06-13
한남동221,1,,서울특별시 용산구한남동 722-10,,,2012,,02-2199-7880,서울특별시 용산구청,2026-06-13
한남동222,1,,서울특별시 용산구한남동 713-4,,,2012,,02-2199-7880,서울특별시 용산구청,2026-06-13
한남동223,1,,서울특별시 용산구한남동 723-18,,,2012,,02-2199-7880,서울특별시 용산구청,2026-06-13
한남동225,1,,서울특별시 용산구한남동 723-39,,,2012,,02-2199-7880,서울특별시 용산구청,2026-06-13
한남동226,1,,서울특별시 용산구한남동 723-39,,,2012,,02-2199-7880,서울특별시 용산구청,2026-06-13
한남동227,1,,서울특별시 용산구한남동 723-39,,,2012,,02-2199-7880,서울특별시 용산구청,2026-06-13
한남동228,1,,서울특별시 용산구한남동 713-6,,,2019,,02-2199-7880,서울특별시 용산구청,2026-06-13
한남동229,1,,서울특별시 용산구한남동 712-7,,,2012,,02-2199-7880,서울특별시 용산구청,2026-06-13
한남동23,1,,서울특별시 용산구한남동 683-75,,,2012,,02-2199-7880,서울특별시 용산구청,2026-06-13
한남동230,1,,서울특별시 용산구한남동 712-14,,,2012,,02-2199-7880,서울특별시 용산구청,2026-06-13
한남동231,1,,서울특별시 용산구한남동 811,,,2012,,02-2199-7880,서울특별시 용산구청,2026-06-13
한남동232,1,,서울특별시 용산구한남동 723-48,,,2012,,02-2199-7880,서울특별시 용산구청,2026-06-13
한남동233,1,,서울특별시 용산구한남동 723-48,,,2012,,02-2199-7880,서울특별시 용산구청,2026-06-13
한남동234,1,,서울특별시 용산구한남동 811,,,2012,,02-2199-7880,서울특별시 용산구청,2026-06-13
한남동235,1,,서울특별시 용산구한남동 712-7,,,2012,,02-2199-7880,서울특별시 용산구청,2026-06-13
한남동236,1,,서울특별시 용산구한남동 712-12,,,2012,,02-2199-7880,서울특별시 용산구청,2026-06-13
한남동237,1,,서울특별시 용산구한남동 726-167,,,2012,,02-2199-7880,서울특별시 용산구청,2026-06-13
한남동238,1,,서울특별시 용산구한남동 726-167,,,2012,,02-2199-7880,서울특별시 용산구청,2026-06-13
한남동239,1,,서울특별시 용산구한남동 726-167,,,2013,,02-2199-7880,서울특별시 용산구청,2026-06-13
한남동24,1,,서울특별시 용산구한남동 683-56,,,2012,,02-2199-7880,서울특별시 용산구청,2026-06-13
한남동240,1,,서울특별시 용산구한남동 726-166,,,2012,,02-2199-7880,서울특별시 용산구청,2026-06-13
한남동241,1,,서울특별시 용산구한남동 726-116,,,2012,,02-2199-7880,서울특별시 용산구청,2026-06-13
한남동242,1,,서울특별시 용산구한남동 726-122,,,2012,,02-2199-7880,서울특별시 용산구청,2026-06-13
한남동243,1,,서울특별시 용산구한남동 726-118,,,2012,,02-2199-7880,서울특별시 용산구청,2026-06-13
한남동244,1,,서울특별시 용산구한남동 726-88,,,2013,,02-2199-7880,서울특별시 용산구청,2026-06-13
한남동245,1,,서울특별시 용산구한남동 726-88,,,2012,,02-2199-7880,서울특별시 용산구청,2026-06-13
한남동246,1,,서울특별시 용산구한남동 726-56,,,2012,,02-2199-7880,서울특별시 용산구청,2026-06-13
한남동247,1,,서울특별시 용산구한남동 726-52,,,2012,,02-2199-7880,서울특별시 용산구청,2026-06-13
한남동248,1,,서울특별시 용산구한남동 726-282,,,2013,,02-2199-7880,서울특별시 용산구청,2026-06-13
한남동249,1,,서울특별시 용산구한남동 726-294,,,2012,,02-2199-7880,서울특별시 용산구청,2026-06-13
한남동25,1,,서울특별시 용산구한남동 685-21,,,2012,,02-2199-7880,서울특별시 용산구청,2026-06-13
한남동250,1,,서울특별시 용산구한남동 726-282,,,2012,,02-2199-7880,서울특별시 용산구청,2026-06-13
한남동251,1,,서울특별시 용산구한남동 726-282,,,2012,,02-2199-7880,서울특별시 용산구청,2026-06-13
한남동252,1,,서울특별시 용산구한남동 726-297,,,2012,,02-2199-7880,서울특별시 용산구청,2026-06-13
한남동253,1,,서울특별시 용산구한남동 726-297,,,2012,,02-2199-7880,서울특별시 용산구청,2026-06-13
한남동254,1,,서울특별시 용산구한남동 726-295,,,2012,,02-2199-7880,서울특별시 용산구청,2026-06-13
한남동255,1,,서울특별시 용산구한남동 726-283,,,2012,,02-2199-7880,서울특별시 용산구청,2026-06-13
한남동256,1,,서울특별시 용산구한남동 726-130,,,2012,,02-2199-7880,서울특별시 용산구청,2026-06-13
한남동257,1,,서울특별시 용산구한남동 726-130,,,2012,,02-2199-7880,서울특별시 용산구청,2026-06-13
한남동258,1,,서울특별시 용산구한남동 726-283,,,2012,,02-2199-7880,서울특별시 용산구청,2026-06-13
한남동259,1,,서울특별시 용산구한남동 726-283,,,2012,,02-2199-7880,서울특별시 용산구청,2026-06-13
한남동26,1,,서울특별시 용산구한남동 683-57,,,2012,,02-2199-7880,서울특별시 용산구청,2026-06-13
한남동260,1,,서울특별시 용산구한남동 726-55,,,2012,,02-2199-7880,서울특별시 용산구청,2026-06-13
한남동261,1,,서울특별시 용산구한남동 726-47,,,2012,,02-2199-7880,서울특별시 용산구청,2026-06-13
한남동262,1,,서울특별시 용산구한남동 726-182,,,2012,,02-2199-7880,서울특별시 용산구청,2026-06-13
한남동263,1,,서울특별시 용산구한남동 795-3,,,2012,,02-2199-7880,서울특별시 용산구청,2026-06-13
한남동264,1,,서울특별시 용산구한남동 795-1,,,2012,,02-2199-7880,서울특별시 용산구청,2026-06-13
한남동265,1,,서울특별시 용산구한남동 796-8,,,2019,,02-2199-7880,서울특별시 용산구청,2026-06-13
한남동266,1,,서울특별시 용산구한남동 793-5,,,2012,,02-2199-7880,서울특별시 용산구청,2026-06-13
한남동267,1,,서울특별시 용산구한남동 726-492,,,2014,,02-2199-7880,서울특별시 용산구청,2026-06-13
한남동268,1,,서울특별시 용산구한남동 792-3,,,2012,,02-2199-7880,서울특별시 용산구청,2026-06-13
한남동269,1,,서울특별시 용산구한남동 796-8,,,2012,,02-2199-7880,서울특별시 용산구청,2026-06-13
한남동27,1,,서울특별시 용산구한남동 685-21,,,2022,,02-2199-7880,서울특별시 용산구청,2026-06-13
한남동270,1,,서울특별시 용산구한남동 726-493,,,2012,,02-2199-7880,서울특별시 용산구청,2026-06-13
한남동271,1,,서울특별시 용산구한남동 726-493,,,2012,,02-2199-7880,서울특별시 용산구청,2026-06-13
한남동272,1,,서울특별시 용산구한남동 726-236,,,2012,,02-2199-7880,서울특별시 용산구청,2026-06-13
한남동273,1,,서울특별시 용산구한남동 726-236,,,2012,,02-2199-7880,서울특별시 용산구청,2026-06-13
한남동274,1,,서울특별시 용산구한남동 726-236,,,2012,,02-2199-7880,서울특별시 용산구청,2026-06-13
한남동275,1,,서울특별시 용산구한남동 726-381,,,2012,,02-2199-7880,서울특별시 용산구청,2026-06-13
한남동276,1,,서울특별시 용산구한남동 726-380,,,2012,,02-2199-7880,서울특별시 용산구청,2026-06-13
한남동277,1,,서울특별시 용산구한남동 726-364,,,2012,,02-2199-7880,서울특별시 용산구청,2026-06-13
한남동278,1,,서울특별시 용산구한남동 726-512,,,2012,,02-2199-7880,서울특별시 용산구청,2026-06-13
한남동279,1,,서울특별시 용산구한남동 726-379,,,2012,,02-2199-7880,서울특별시 용산구청,2026-06-13
한남동28,1,,서울특별시 용산구한남동 684-23,,,2012,,02-2199-7880,서울특별시 용산구청,2026-06-13
한남동280,1,,서울특별시 용산구한남동,,,2020,,02-2199-7880,서울특별시 용산구청,2026-06-13
한남동281,1,,서울특별시 용산구한남동,,,2020,,02-2199-7880,서울특별시 용산구청,2026-06-13
한남동282,1,,서울특별시 용산구한남동 726-321,,,2012,,02-2199-7880,서울특별시 용산구청,2026-06-13
한남동283,1,,서울특별시 용산구한남동 726-268,,,2012,,02-2199-7880,서울특별시 용산구청,2026-06-13
한남동284,1,,서울특별시 용산구한남동 726-181,,,2012,,02-2199-7880,서울특별시 용산구청,2026-06-13
한남동285,1,,서울특별시 용산구한남동 726-363,,,2012,,02-2199-7880,서울특별시 용산구청,2026-06-13
한남동286,1,,서울특별시 용산구한남동 726-363,,,2012,,02-2199-7880,서울특별시 용산구청,2026-06-13
한남동287,1,,서울특별시 용산구한남동 726-364,,,2012,,02-2199-7880,서울특별시 용산구청,2026-06-13
한남동288,1,,서울특별시 용산구한남동 726-364,,,2012,,02-2199-7880,서울특별시 용산구청,2026-06-13
한남동289,1,,서울특별시 용산구한남동 726-364,,,2012,,02-2199-7880,서울특별시 용산구청,2026-06-13
한남동29,1,,서울특별시 용산구한남동 684-50,,,2012,,02-2199-7880,서울특별시 용산구청,2026-06-13
한남동290,1,,서울특별시 용산구한남동 726-513,,,2012,,02-2199-7880,서울특별시 용산구청,2026-06-13
한남동291,1,,서울특별시 용산구한남동 726-364,,,2012,,02-2199-7880,서울특별시 용산구청,2026-06-13
한남동292,1,,서울특별시 용산구한남동 726-335,,,2012,,02-2199-7880,서울특별시 용산구청,2026-06-13
한남동293,1,,서울특별시 용산구한남동 726-364,,,2012,,02-2199-7880,서울특별시 용산구청,2026-06-13
한남동294,1,,서울특별시 용산구한남동 796-2,,,2012,,02-2199-7880,서울특별시 용산구청,2026-06-13
한남동295,1,,서울특별시 용산구한남동 한남대로42가,,,2019,,02-2199-7880,서울특별시 용산구청,2026-06-13
한남동296,1,,서울특별시 용산구한남동 790-14,,,2012,,02-2199-7880,서울특별시 용산구청,2026-06-13
한남동297,1,,서울특별시 용산구한남동 796-8,,,2012,,02-2199-7880,서울특별시 용산구청,2026-06-13
한남동298,1,,서울특별시 용산구한남동 796-8,,,2012,,02-2199-7880,서울특별시 용산구청,2026-06-13
한남동299,1,,서울특별시 용산구한남동 796-8,,,2012,,02-2199-7880,서울특별시 용산구청,2026-06-13
한남동3,1,,서울특별시 용산구한남동 683-112,,,2012,,02-2199-7880,서울특별시 용산구청,2026-06-13
한남동30,1,,서울특별시 용산구한남동 683-52,,,2012,,02-2199-7880,서울특별시 용산구청,2026-06-13
한남동300,1,,서울특별시 용산구한남동 793-2,,,2012,,02-2199-7880,서울특별시 용산구청,2026-06-13
한남동301,1,,서울특별시 용산구한남동 796-8,,,2012,,02-2199-7880,서울특별시 용산구청,2026-06-13
한남동302,1,,서울특별시 용산구한남동 793-1,,,2012,,02-2199-7880,서울특별시 용산구청,2026-06-13
한남동303,1,,서울특별시 용산구한남동 796-8,,,2012,,02-2199-7880,서울특별시 용산구청,2026-06-13
한남동304,1,,서울특별시 용산구한남동 794-7,,,2012,,02-2199-7880,서울특별시 용산구청,2026-06-13
한남동305,1,,서울특별시 용산구한남동 796-3,,,2012,,02-2199-7880,서울특별시 용산구청,2026-06-13
한남동306,1,,서울특별시 용산구한남동 789-7,,,2012,,02-2199-7880,서울특별시 용산구청,2026-06-13
한남동307,1,,서울특별시 용산구한남동 789-11,,,2012,,02-2199-7880,서울특별시 용산구청,2026-06-13
한남동308,1,,서울특별시 용산구한남동 726-352,,,2012,,02-2199-7880,서울특별시 용산구청,2026-06-13
한남동309,1,,서울특별시 용산구한남동 726-335,,,2012,,02-2199-7880,서울특별시 용산구청,2026-06-13
한남동31,1,,서울특별시 용산구한남동 683-20,,,2012,,02-2199-7880,서울특별시 용산구청,2026-06-13
한남동310,1,,서울특별시 용산구한남동 726-364,,,2012,,02-2199-7880,서울특별시 용산구청,2026-06-13
한남동311,1,,서울특별시 용산구한남동 726-364,,,2012,,02-2199-7880,서울특별시 용산구청,2026-06-13
한남동312,1,,서울특별시 용산구한남동 726-542,,,2012,,02-2199-7880,서울특별시 용산구청,2026-06-13
한남동313,1,,서울특별시 용산구한남동 726-314,,,2012,,02-2199-7880,서울특별시 용산구청,2026-06-13
한남동314,1,,서울특별시 용산구한남동 726-314,,,2012,,02-2199-7880,서울특별시 용산구청,2026-06-13
한남동315,1,,서울특별시 용산구한남동 726-314,,,2012,,02-2199-7880,서울특별시 용산구청,2026-06-13
한남동316,1,,서울특별시 용산구한남동 726-314,,,2023,,02-2199-7880,서울특별시 용산구청,2026-06-13
한남동317,1,,서울특별시 용산구한남동 726-314,,,2012,,02-2199-7880,서울특별시 용산구청,2026-06-13
한남동318,1,,서울특별시 용산구한남동 726-343,,,2012,,02-2199-7880,서울특별시 용산구청,2026-06-13
한남동319,1,,서울특별시 용산구한남동 726-364,,,2012,,02-2199-7880,서울특별시 용산구청,2026-06-13
한남동32,1,,서울특별시 용산구한남동 683-20,,,2012,,02-2199-7880,서울특별시 용산구청,2026-06-13
한남동320,1,,서울특별시 용산구한남동 796-5,,,2012,,02-2199-7880,서울특별시 용산구청,2026-06-13
한남동321,1,,서울특별시 용산구한남동 796-5,,,2012,,02-2199-7880,서울특별시 용산구청,2026-06-13
한남동322,1,,서울특별시 용산구한남동 789-3,,,2012,,02-2199-7880,서울특별시 용산구청,2026-06-13
한남동323,1,,서울특별시 용산구한남동 796-5,,,2012,,02-2199-7880,서울특별시 용산구청,2026-06-13
한남동324,1,,서울특별시 용산구한남동 796-7,,,2012,,02-2199-7880,서울특별시 용산구청,2026-06-13
한남동325,1,,서울특별시 용산구한남동 726-542,,,2012,,02-2199-7880,서울특별시 용산구청,2026-06-13
한남동326,1,,서울특별시 용산구한남동 산8-147,,,2012,,02-2199-7880,서울특별시 용산구청,2026-06-13
한남동327,1,,서울특별시 용산구한남동 726-364,,,2012,,02-2199-7880,서울특별시 용산구청,2026-06-13
한남동328,1,,서울특별시 용산구한남동 796-6,,,2012,,02-2199-7880,서울특별시 용산구청,2026-06-13
한남동329,1,,서울특별시 용산구한남동 796-6,,,2012,,02-2199-7880,서울특별시 용산구청,2026-06-13
한남동33,1,,서울특별시 용산구한남동 657-20,,,2012,,02-2199-7880,서울특별시 용산구청,2026-06-13
한남동330,1,,서울특별시 용산구한남동 796-7,,,2012,,02-2199-7880,서울특별시 용산구청,2026-06-13
한남동331,1,,서울특별시 용산구한남동 796-7,,,2012,,02-2199-7880,서울특별시 용산구청,2026-06-13
한남동332,1,,서울특별시 용산구한남동 726-153,,,2012,,02-2199-7880,서울특별시 용산구청,2026-06-13
한남동333,1,,서울특별시 용산구한남동 726-154,,,2012,,02-2199-7880,서울특별시 용산구청,2026-06-13
한남동334,1,,서울특별시 용산구한남동 726-145,,,2012,,02-2199-7880,서울특별시 용산구청,2026-06-13
한남동335,1,,서울특별시 용산구한남동 726-61,,,2012,,02-2199-7880,서울특별시 용산구청,2026-06-13
한남동336,1,,서울특별시 용산구한남동 726-183,,,2012,,02-2199-7880,서울특별시 용산구청,2026-06-13
한남동337,1,,서울특별시 용산구한남동 796-9,,,2015,,02-2199-7880,서울특별시 용산구청,2026-06-13
한남동338,1,,서울특별시 용산구한남동 726-143,,,2015,,02-2199-7880,서울특별시 용산구청,2026-06-13
한남동339,1,,서울특별시 용산구한남동 739-35,,,2012,,02-2199-7880,서울특별시 용산구청,2026-06-13
한남동34,1,,서울특별시 용산구한남동 657-20,,,2012,,02-2199-7880,서울특별시 용산구청,2026-06-13
한남동340,1,,서울특별시 용산구한남동 739-26,,,2012,,02-2199-7880,서울특별시 용산구청,2026-06-13
한남동341,1,,서울특별시 용산구한남동 739-25,,,2012,,02-2199-7880,서울특별시 용산구청,2026-06-13
한남동342,1,,서울특별시 용산구한남동 740-3,,,2012,,02-2199-7880,서울특별시 용산구청,2026-06-13
한남동343,1,,서울특별시 용산구한남동 740-3,,,2012,,02-2199-7880,서울특별시 용산구청,2026-06-13
한남동344,1,,서울특별시 용산구한남동 740-3,,,2023,,02-2199-7880,서울특별시 용산구청,2026-06-13
한남동345,1,,서울특별시 용산구한남동 743-28,,,2012,,02-2199-7880,서울특별시 용산구청,2026-06-13
한남동346,1,,서울특별시 용산구한남동 741-16,,,2012,,02-2199-7880,서울특별시 용산구청,2026-06-13
한남동347,1,,서울특별시 용산구한남동 741-15,,,2012,,02-2199-7880,서울특별시 용산구청,2026-06-13
한남동348,1,,서울특별시 용산구한남동 741-15,,,2012,,02-2199-7880,서울특별시 용산구청,2026-06-13
한남동349,1,,서울특별시 용산구한남동 743-28,,,2012,,02-2199-7880,서울특별시 용산구청,2026-06-13
한남동35,1,,서울특별시 용산구한남동 657-20,,,2021,,02-2199-7880,서울특별시 용산구청,2026-06-13
한남동350,1,,서울특별시 용산구한남동 743-28,,,2012,,02-2199-7880,서울특별시 용산구청,2026-06-13
한남동351,1,,서울특별시 용산구한남동 739-17,,,2012,,02-2199-7880,서울특별시 용산구청,2026-06-13
한남동352,1,,서울특별시 용산구한남동 739-16,,,2015,,02-2199-7880,서울특별시 용산구청,2026-06-13
한남동353,1,,서울특별시 용산구한남동 743-28,,,2012,,02-2199-7880,서울특별시 용산구청,2026-06-13
한남동354,1,,서울특별시 용산구한남동 743-28,,,2012,,02-2199-7880,서울특별시 용산구청,2026-06-13
한남동355,1,,서울특별시 용산구한남동 743-58,,,2012,,02-2199-7880,서울특별시 용산구청,2026-06-13
한남동356,1,,서울특별시 용산구한남동 743-11,,,2012,,02-2199-7880,서울특별시 용산구청,2026-06-13
한남동357,1,,서울특별시 용산구한남동 743-28,,,2012,,02-2199-7880,서울특별시 용산구청,2026-06-13
한남동358,1,,서울특별시 용산구한남동 743-28,,,2023,,02-2199-7880,서울특별시 용산구청,2026-06-13
한남동359,1,,서울특별시 용산구한남동 741-7,,,2012,,02-2199-7880,서울특별시 용산구청,2026-06-13
한남동36,1,,서울특별시 용산구한남동 657-168,,,2012,,02-2199-7880,서울특별시 용산구청,2026-06-13
한남동360,1,,서울특별시 용산구한남동 743-28,,,2012,,02-2199-7880,서울특별시 용산구청,2026-06-13
한남동361,1,,서울특별시 용산구한남동 743-28,,,2016,,02-2199-7880,서울특별시 용산구청,2026-06-13
한남동362,1,,서울특별시 용산구한남동 743-14,,,2012,,02-2199-7880,서울특별시 용산구청,2026-06-13
한남동363,1,,서울특별시 용산구한남동 743-16,,,2012,,02-2199-7880,서울특별시 용산구청,2026-06-13
한남동364,1,,서울특별시 용산구한남동 743-28,,,2012,,02-2199-7880,서울특별시 용산구청,2026-06-13
한남동365,1,,서울특별시 용산구한남동 743-28,,,2012,,02-2199-7880,서울특별시 용산구청,2026-06-13
한남동366,1,,서울특별시 용산구한남동 743-28,,,2012,,02-2199-7880,서울특별시 용산구청,2026-06-13
한남동367,1,,서울특별시 용산구한남동 743-28,,,2012,,02-2199-7880,서울특별시 용산구청,2026-06-13
한남동368,1,,서울특별시 용산구한남동 743-28,,,2012,,02-2199-7880,서울특별시 용산구청,2026-06-13
한남동37,1,,서울특별시 용산구한남동 657-3,,,2012,,02-2199-7880,서울특별시 용산구청,2026-06-13
한남동370,1,,서울특별시 용산구한남동 743-28,,,2012,,02-2199-7880,서울특별시 용산구청,2026-06-13
한남동371,1,,서울특별시 용산구한남동 743-26,,,2012,,02-2199-7880,서울특별시 용산구청,2026-06-13
한남동372,1,,서울특별시 용산구한남동 743-27,,,2012,,02-2199-7880,서울특별시 용산구청,2026-06-13
한남동373,1,,서울특별시 용산구한남동 743-28,,,2015,,02-2199-7880,서울특별시 용산구청,2026-06-13
한남동374,1,,서울특별시 용산구한남동 742-3,,,2015,,02-2199-7880,서울특별시 용산구청,2026-06-13
한남동375,1,,서울특별시 용산구한남동 743-28,,,2015,,02-2199-7880,서울특별시 용산구청,2026-06-13
한남동376,1,,서울특별시 용산구한남동 747-2,,,2015,,02-2199-7880,서울특별시 용산구청,2026-06-13
한남동377,1,,서울특별시 용산구한남동 747-1,,,2015,,02-2199-7880,서울특별시 용산구청,2026-06-13
한남동378,1,,서울특별시 용산구한남동 743-26,,,2012,,02-2199-7880,서울특별시 용산구청,2026-06-13
한남동379,1,,서울특별시 용산구한남동 743-28,,,2012,,02-2199-7880,서울특별시 용산구청,2026-06-13
한남동38,1,,서울특별시 용산구한남동 657-20,,,2021,,02-2199-7880,서울특별시 용산구청,2026-06-13
한남동381,1,,서울특별시 용산구한남동 746-3,,,2012,,02-2199-7880,서울특별시 용산구청,2026-06-13
한남동382,1,,서울특별시 용산구한남동 743-28,,,2012,,02-2199-7880,서울특별시 용산구청,2026-06-13
한남동383,1,,서울특별시 용산구한남동 743-28,,,2012,,02-2199-7880,서울특별시 용산구청,2026-06-13
한남동384,1,,서울특별시 용산구한남동 743-28,,,2012,,02-2199-7880,서울특별시 용산구청,2026-06-13
한남동385,1,,서울특별시 용산구한남동 743-28,,,2012,,02-2199-7880,서울특별시 용산구청,2026-06-13
한남동386,1,,서울특별시 용산구한남동 744-16,,,2012,,02-2199-7880,서울특별시 용산구청,2026-06-13
한남동387,1,,서울특별시 용산구한남동 744-17,,,2012,,02-2199-7880,서울특별시 용산구청,2026-06-13
한남동388,1,,서울특별시 용산구한남동 744-36,,,2012,,02-2199-7880,서울특별시 용산구청,2026-06-13
한남동389,1,,서울특별시 용산구한남동 743-28,,,2012,,02-2199-7880,서울특별시 용산구청,2026-06-13
한남동39,1,,서울특별시 용산구한남동 657-4,,,2022,,02-2199-7880,서울특별시 용산구청,2026-06-13
한남동390,1,,서울특별시 용산구한남동 743-19,,,2012,,02-2199-7880,서울특별시 용산구청,2026-06-13
한남동391,1,,서울특별시 용산구한남동 743-28,,,2012,,02-2199-7880,서울특별시 용산구청,2026-06-13
한남동392,1,,서울특별시 용산구한남동 743-28,,,2012,,02-2199-7880,서울특별시 용산구청,2026-06-13
한남동393,1,,서울특별시 용산구한남동 744-13,,,2012,,02-2199-7880,서울특별시 용산구청,2026-06-13
한남동394,1,,서울특별시 용산구한남동 744-14,,,2012,,02-2199-7880,서울특별시 용산구청,2026-06-13
한남동395,1,,서울특별시 용산구한남동 744-10,,,2012,,02-2199-7880,서울특별시 용산구청,2026-06-13
한남동396,1,,서울특별시 용산구한남동 743-28,,,2012,,02-2199-7880,서울특별시 용산구청,2026-06-13
한남동397,1,,서울특별시 용산구한남동 744-10,,,2012,,02-2199-7880,서울특별시 용산구청,2026-06-13
한남동398,1,,서울특별시 용산구한남동 744-28,,,2012,,02-2199-7880,서울특별시 용산구청,2026-06-13
한남동399,1,,서울특별시 용산구한남동 743-28,,,2012,,02-2199-7880,서울특별시 용산구청,2026-06-13
한남동4,1,,서울특별시 용산구한남동 683-112,,,2012,,02-2199-7880,서울특별시 용산구청,2026-06-13
한남동40,1,,서울특별시 용산구한남동 657-20,,,2022,,02-2199-7880,서울특별시 용산구청,2026-06-13
한남동400,1,,서울특별시 용산구한남동 743-28,,,2012,,02-2199-7880,서울특별시 용산구청,2026-06-13
한남동401,1,,서울특별시 용산구한남동 743-28,,,2012,,02-2199-7880,서울특별시 용산구청,2026-06-13
한남동402,1,,서울특별시 용산구한남동 743-28,,,2012,,02-2199-7880,서울특별시 용산구청,2026-06-13
한남동403,1,,서울특별시 용산구한남동 743-43,,,2012,,02-2199-7880,서울특별시 용산구청,2026-06-13
한남동404,1,,서울특별시 용산구한남동 743-40,,,2012,,02-2199-7880,서울특별시 용산구청,2026-06-13
한남동405,1,,서울특별시 용산구한남동 743-32,,,2012,,02-2199-7880,서울특별시 용산구청,2026-06-13
한남동406,1,,서울특별시 용산구한남동 743-28,,,2012,,02-2199-7880,서울특별시 용산구청,2026-06-13
한남동407,1,,서울특별시 용산구한남동 744-29,,,2012,,02-2199-7880,서울특별시 용산구청,2026-06-13
한남동408,1,,서울특별시 용산구한남동 738-4,,,2012,,02-2199-7880,서울특별시 용산구청,2026-06-13
한남동409,1,,서울특별시 용산구한남동 743-28,,,2020,,02-2199-7880,서울특별시 용산구청,2026-06-13
한남동41,1,,서울특별시 용산구한남동 657-20,,,2012,,02-2199-7880,서울특별시 용산구청,2026-06-13
한남동410,1,,서울특별시 용산구한남동 744-4,,,2018,,02-2199-7880,서울특별시 용산구청,2026-06-13
한남동411,1,,서울특별시 용산구한남동 744-5,,,2016,,02-2199-7880,서울특별시 용산구청,2026-06-13
한남동412,1,,서울특별시 용산구한남동 743-28,,,2012,,02-2199-7880,서울특별시 용산구청,2026-06-13
한남동413,1,,서울특별시 용산구한남동 743-28,,,2012,,02-2199-7880,서울특별시 용산구청,2026-06-13
한남동414,1,,서울특별시 용산구한남동 743-28,,,2012,,02-2199-7880,서울특별시 용산구청,2026-06-13
한남동415,1,,서울특별시 용산구한남동 743-28,,,2012,,02-2199-7880,서울특별시 용산구청,2026-06-13
한남동416,1,,서울특별시 용산구한남동 737-65,,,2012,,02-2199-7880,서울특별시 용산구청,2026-06-13
한남동417,1,,서울특별시 용산구한남동 737-66,,,2012,,02-2199-7880,서울특별시 용산구청,2026-06-13
한남동418,1,,서울특별시 용산구한남동 737-67,,,2012,,02-2199-7880,서울특별시 용산구청,2026-06-13
한남동419,1,,서울특별시 용산구한남동 743-28,,,2012,,02-2199-7880,서울특별시 용산구청,2026-06-13
한남동42,1,,서울특별시 용산구한남동,,,2021,,02-2199-7880,서울특별시 용산구청,2026-06-13
한남동420,1,,서울특별시 용산구한남동 737-8,,,2012,,02-2199-7880,서울특별시 용산구청,2026-06-13
한남동421,1,,서울특별시 용산구한남동 743-28,,,2014,,02-2199-7880,서울특별시 용산구청,2026-06-13
한남동422,1,,서울특별시 용산구한남동 743-28,,,2012,,02-2199-7880,서울특별시 용산구청,2026-06-13
한남동423,1,,서울특별시 용산구한남동 743-28,,,2012,,02-2199-7880,서울특별시 용산구청,2026-06-13
한남동424,1,,서울특별시 용산구한남동 737-47,,,2012,,02-2199-7880,서울특별시 용산구청,2026-06-13
한남동425,1,,서울특별시 용산구한남동 743-28,,,2012,,02-2199-7880,서울특별시 용산구청,2026-06-13
한남동426,1,,서울특별시 용산구한남동 743-28,,,2012,,02-2199-7880,서울특별시 용산구청,2026-06-13
한남동427,1,,서울특별시 용산구한남동 743-28,,,2012,,02-2199-7880,서울특별시 용산구청,2026-06-13
한남동428,1,,서울특별시 용산구한남동 743-28,,,2012,,02-2199-7880,서울특별시 용산구청,2026-06-13
한남동43,1,,서울특별시 용산구한남동 657-124,,,2012,,02-2199-7880,서울특별시 용산구청,2026-06-13
한남동430,1,,서울특별시 용산구한남동 743-28,,,2012,,02-2199-7880,서울특별시 용산구청,2026-06-13
한남동431,1,,서울특별시 용산구한남동 737-20,,,2012,,02-2199-7880,서울특별시 용산구청,2026-06-13
한남동432,1,,서울특별시 용산구한남동 743-28,,,2012,,02-2199-7880,서울특별시 용산구청,2026-06-13
한남동433,1,,서울특별시 용산구한남동 743-28,,,2012,,02-2199-7880,서울특별시 용산구청,2026-06-13
한남동434,1,,서울특별시 용산구한남동 743-28,,,2012,,02-2199-7880,서울특별시 용산구청,2026-06-13
한남동435,1,,서울특별시 용산구한남동 743-28,,,2012,,02-2199-7880,서울특별시 용산구청,2026-06-13
한남동436,1,,서울특별시 용산구한남동 737-20,,,2016,,02-2199-7880,서울특별시 용산구청,2026-06-13
한남동437,1,,서울특별시 용산구한남동 743-28,,,2012,,02-2199-7880,서울특별시 용산구청,2026-06-13
한남동438,1,,서울특별시 용산구한남동 743-28,,,2012,,02-2199-7880,서울특별시 용산구청,2026-06-13
한남동439,1,,서울특별시 용산구한남동 743-28,,,2012,,02-2199-7880,서울특별시 용산구청,2026-06-13
한남동44,1,,서울특별시 용산구한남동 657-20,,,2022,,02-2199-7880,서울특별시 용산구청,2026-06-13
한남동440,1,,서울특별시 용산구한남동 743-28,,,2012,,02-2199-7880,서울특별시 용산구청,2026-06-13
한남동441,1,,서울특별시 용산구한남동 746-4,,,2012,,02-2199-7880,서울특별시 용산구청,2026-06-13
한남동442,1,,서울특별시 용산구한남동 746-4,,,2012,,02-2199-7880,서울특별시 용산구청,2026-06-13
한남동443,1,,서울특별시 용산구한남동 746-3,,,2012,,02-2199-7880,서울특별시 용산구청,2026-06-13
한남동444,1,,서울특별시 용산구한남동 743-28,,,2012,,02-2199-7880,서울특별시 용산구청,2026-06-13
한남동445,1,,서울특별시 용산구한남동 747-2,,,2012,,02-2199-7880,서울특별시 용산구청,2026-06-13
한남동446,1,,서울특별시 용산구한남동 747-3,,,2023,,02-2199-7880,서울특별시 용산구청,2026-06-13
한남동447,1,,서울특별시 용산구한남동 747-4,,,2012,,02-2199-7880,서울특별시 용산구청,2026-06-13
한남동448,1,,서울특별시 용산구한남동 743-61,,,2019,,02-2199-7880,서울특별시 용산구청,2026-06-13
한남동449,1,,서울특별시 용산구한남동 748-8,,,2012,,02-2199-7880,서울특별시 용산구청,2026-06-13
한남동45,1,,서울특별시 용산구한남동 657-11,,,2022,,02-2199-7880,서울특별시 용산구청,2026-06-13
한남동450,1,,서울특별시 용산구한남동 748-8,,,2012,,02-2199-7880,서울특별시 용산구청,2026-06-13
한남동451,1,,서울특별시 용산구한남동 748-9,,,2012,,02-2199-7880,서울특별시 용산구청,2026-06-13
한남동452,1,,서울특별시 용산구한남동 748-6,,,2023,,02-2199-7880,서울특별시 용산구청,2026-06-13
한남동453,1,,서울특별시 용산구한남동 748-19,,,2012,,02-2199-7880,서울특별시 용산구청,2026-06-13
한남동454,1,,서울특별시 용산구한남동 743-28,,,2012,,02-2199-7880,서울특별시 용산구청,2026-06-13
한남동455,1,,서울특별시 용산구한남동 743-28,,,2016,,02-2199-7880,서울특별시 용산구청,2026-06-13
한남동456,1,,서울특별시 용산구한남동 743-28,,,2016,,02-2199-7880,서울특별시 용산구청,2026-06-13
한남동457,1,,서울특별시 용산구한남동 743-28,,,2012,,02-2199-7880,서울특별시 용산구청,2026-06-13
한남동458,1,,서울특별시 용산구한남동 743-28,,,2012,,02-2199-7880,서울특별시 용산구청,2026-06-13
한남동459,1,,서울특별시 용산구한남동 743-28,,,2012,,02-2199-7880,서울특별시 용산구청,2026-06-13
한남동46,1,,서울특별시 용산구한남동 657-171,,,2022,,02-2199-7880,서울특별시 용산구청,2026-06-13
한남동460,1,,서울특별시 용산구한남동 743-28,,,2012,,02-2199-7880,서울특별시 용산구청,2026-06-13
한남동461,1,,서울특별시 용산구한남동 743-28,,,2012,,02-2199-7880,서울특별시 용산구청,2026-06-13
한남동462,1,,서울특별시 용산구한남동 747-1,,,2023,,02-2199-7880,서울특별시 용산구청,2026-06-13
한남동463,1,,서울특별시 용산구한남동 743-28,,,2012,,02-2199-7880,서울특별시 용산구청,2026-06-13
한남동464,1,,서울특별시 용산구한남동 743-28,,,2012,,02-2199-7880,서울특별시 용산구청,2026-06-13
한남동465,1,,서울특별시 용산구한남동 733-58,,,2012,,02-2199-7880,서울특별시 용산구청,2026-06-13
한남동466,1,,서울특별시 용산구한남동 733-58,,,2012,,02-2199-7880,서울특별시 용산구청,2026-06-13
한남동467,1,,서울특별시 용산구한남동 733-58,,,2012,,02-2199-7880,서울특별시 용산구청,2026-06-13
한남동468,1,,서울특별시 용산구한남동 733-58,,,2012,,02-2199-7880,서울특별시 용산구청,2026-06-13
한남동469,1,,서울특별시 용산구한남동 733-58,,,2012,,02-2199-7880,서울특별시 용산구청,2026-06-13
한남동47,1,,서울특별시 용산구한남동 657-20,,,2022,,02-2199-7880,서울특별시 용산구청,2026-06-13
한남동470,1,,서울특별시 용산구한남동 733-35,,,2012,,02-2199-7880,서울특별시 용산구청,2026-06-13
한남동471,1,,서울특별시 용산구한남동 733-35,,,2012,,02-2199-7880,서울특별시 용산구청,2026-06-13
한남동472,1,,서울특별시 용산구한남동 733-81,,,2012,,02-2199-7880,서울특별시 용산구청,2026-06-13
한남동473,1,,서울특별시 용산구한남동 733-31,,,2012,,02-2199-7880,서울특별시 용산구청,2026-06-13
한남동474,1,,서울특별시 용산구한남동 733-70,,,2016,,02-2199-7880,서울특별시 용산구청,2026-06-13
한남동475,1,,서울특별시 용산구한남동 733-15,,,2012,,02-2199-7880,서울특별시 용산구청,2026-06-13
한남동476,1,,서울특별시 용산구한남동 733-15,,,2012,,02-2199-7880,서울특별시 용산구청,2026-06-13
한남동477,1,,서울특별시 용산구한남동 733-1,,,2012,,02-2199-7880,서울특별시 용산구청,2026-06-13
한남동478,1,,서울특별시 용산구한남동 733-16,,,2012,,02-2199-7880,서울특별시 용산구청,2026-06-13
한남동479,1,,서울특별시 용산구한남동 733-15,,,2012,,02-2199-7880,서울특별시 용산구청,2026-06-13
한남동48,1,,서울특별시 용산구한남동 670-12,,,2022,,02-2199-7880,서울특별시 용산구청,2026-06-13
한남동480,1,,서울특별시 용산구한남동 733-16,,,2012,,02-2199-7880,서울특별시 용산구청,2026-06-13
한남동481,1,,서울특별시 용산구한남동 748-16,,,2012,,02-2199-7880,서울특별시 용산구청,2026-06-13
한남동482,1,,서울특별시 용산구한남동 743-28,,,2012,,02-2199-7880,서울특별시 용산구청,2026-06-13
한남동483,1,,서울특별시 용산구한남동 745-11,,,2012,,02-2199-7880,서울특별시 용산구청,2026-06-13
한남동484,1,,서울특별시 용산구한남동 743-28,,,2012,,02-2199-7880,서울특별시 용산구청,2026-06-13
한남동485,1,,서울특별시 용산구한남동 743-28,,,2012,,02-2199-7880,서울특별시 용산구청,2026-06-13
한남동486,1,,서울특별시 용산구한남동 743-28,,,2012,,02-2199-7880,서울특별시 용산구청,2026-06-13
한남동487,1,,서울특별시 용산구한남동 743-28,,,2012,,02-2199-7880,서울특별시 용산구청,2026-06-13
한남동488,1,,서울특별시 용산구한남동 743-28,,,2012,,02-2199-7880,서울특별시 용산구청,2026-06-13
한남동489,1,,서울특별시 용산구한남동 743-28,,,2023,,02-2199-7880,서울특별시 용산구청,2026-06-13
한남동49,1,,서울특별시 용산구한남동 657-20,,,2022,,02-2199-7880,서울특별시 용산구청,2026-06-13
한남동490,1,,서울특별시 용산구한남동 685-2,,,2012,,02-2199-7880,서울특별시 용산구청,2026-06-13
한남동491,1,,서울특별시 용산구한남동 685-22,,,2012,,02-2199-7880,서울특별시 용산구청,2026-06-13
한남동492,1,,서울특별시 용산구한남동 685-46,,,2012,,02-2199-7880,서울특별시 용산구청,2026-06-13
한남동493,1,,서울특별시 용산구한남동 685-22,,,2012,,02-2199-7880,서울특별시 용산구청,2026-06-13
한남동494,1,,서울특별시 용산구한남동 685-22,,,2012,,02-2199-7880,서울특별시 용산구청,2026-06-13
한남동495,1,,서울특별시 용산구한남동 736-4,,,2012,,02-2199-7880,서울특별시 용산구청,2026-06-13
한남동496,1,,서울특별시 용산구한남동 685-22,,,2012,,02-2199-7880,서울특별시 용산구청,2026-06-13
한남동497,1,,서울특별시 용산구한남동 685-22,,,2012,,02-2199-7880,서울특별시 용산구청,2026-06-13
한남동498,1,,서울특별시 용산구한남동 685-22,,,2012,,02-2199-7880,서울특별시 용산구청,2026-06-13
한남동499,1,,서울특별시 용산구한남동 685-22,,,2012,,02-2199-7880,서울특별시 용산구청,2026-06-13
한남동5,1,,서울특별시 용산구한남동 683-134,,,2012,,02-2199-7880,서울특별시 용산구청,2026-06-13
한남동50,1,,서울특별시 용산구한남동 657-91,,,2021,,02-2199-7880,서울특별시 용산구청,2026-06-13
한남동500,1,,서울특별시 용산구한남동 732-240,,,2022,,02-2199-7880,서울특별시 용산구청,2026-06-13
한남동501,1,,서울특별시 용산구한남동 732-23,,,2022,,02-2199-7880,서울특별시 용산구청,2026-06-13
한남동502,1,,서울특별시 용산구한남동 732-23,,,2018,,02-2199-7880,서울특별시 용산구청,2026-06-13
한남동503,1,,서울특별시 용산구한남동 732-240,,,2012,,02-2199-7880,서울특별시 용산구청,2026-06-13
한남동504,1,,서울특별시 용산구한남동 732-240,,,2022,,02-2199-7880,서울특별시 용산구청,2026-06-13
한남동505,1,,서울특별시 용산구한남동 732-240,,,2022,,02-2199-7880,서울특별시 용산구청,2026-06-13
한남동506,1,,서울특별시 용산구한남동 732-240,,,2022,,02-2199-7880,서울특별시 용산구청,2026-06-13
한남동507,1,,서울특별시 용산구한남동 686-62,,,2022,,02-2199-7880,서울특별시 용산구청,2026-06-13
한남동508,1,,서울특별시 용산구한남동 686-62,,,2022,,02-2199-7880,서울특별시 용산구청,2026-06-13
한남동509,1,,서울특별시 용산구한남동 732-240,,,2023,,02-2199-7880,서울특별시 용산구청,2026-06-13
한남동51,1,,서울특별시 용산구한남동 657-20,,,2022,,02-2199-7880,서울특별시 용산구청,2026-06-13
한남동510,1,,서울특별시 용산구한남동 686-60,,,2022,,02-2199-7880,서울특별시 용산구청,2026-06-13
한남동511,1,,서울특별시 용산구한남동 686-20,,,2022,,02-2199-7880,서울특별시 용산구청,2026-06-13
한남동512,1,,서울특별시 용산구한남동 732-240,,,2012,,02-2199-7880,서울특별시 용산구청,2026-06-13
한남동513,1,,서울특별시 용산구한남동 686-30,,,2022,,02-2199-7880,서울특별시 용산구청,2026-06-13
한남동514,1,,서울특별시 용산구한남동 732-240,,,2012,,02-2199-7880,서울특별시 용산구청,2026-06-13
한남동515,1,,서울특별시 용산구한남동 686-36,,,2022,,02-2199-7880,서울특별시 용산구청,2026-06-13
한남동516,1,,서울특별시 용산구한남동 732-240,,,2012,,02-2199-7880,서울특별시 용산구청,2026-06-13
한남동517,1,,서울특별시 용산구한남동 686-71,,,2022,,02-2199-7880,서울특별시 용산구청,2026-06-13
한남동518,1,,서울특별시 용산구한남동 686-71,,,2022,,02-2199-7880,서울특별시 용산구청,2026-06-13
한남동519,1,,서울특별시 용산구한남동 686-35,,,2022,,02-2199-7880,서울특별시 용산구청,2026-06-13
한남동52,1,,서울특별시 용산구한남동 657-19,,,2012,,02-2199-7880,서울특별시 용산구청,2026-06-13
한남동520,1,,서울특별시 용산구한남동 752-9,,,2022,,02-2199-7880,서울특별시 용산구청,2026-06-13
한남동521,1,,서울특별시 용산구한남동 732-89,,,2022,,02-2199-7880,서울특별시 용산구청,2026-06-13
한남동522,1,,서울특별시 용산구한남동 732-197,,,2012,,02-2199-7880,서울특별시 용산구청,2026-06-13
한남동523,1,,서울특별시 용산구한남동 732-209,,,2022,,02-2199-7880,서울특별시 용산구청,2026-06-13
한남동524,1,,서울특별시 용산구한남동 732-9,,,2012,,02-2199-7880,서울특별시 용산구청,2026-06-13
한남동525,1,,서울특별시 용산구한남동 732-198,,,2012,,02-2199-7880,서울특별시 용산구청,2026-06-13
한남동526,1,,서울특별시 용산구한남동 732-9,,,2012,,02-2199-7880,서울특별시 용산구청,2026-06-13
한남동527,1,,서울특별시 용산구한남동 754-13,,,2012,,02-2199-7880,서울특별시 용산구청,2026-06-13
한남동528,1,,서울특별시 용산구한남동 754-29,,,2012,,02-2199-7880,서울특별시 용산구청,2026-06-13
한남동529,1,,서울특별시 용산구한남동 732-123,,,2022,,02-2199-7880,서울특별시 용산구청,2026-06-13
한남동53,1,,서울특별시 용산구한남동 657-20,,,2012,,02-2199-7880,서울특별시 용산구청,2026-06-13
한남동530,1,,서울특별시 용산구한남동 732-92,,,2012,,02-2199-7880,서울특별시 용산구청,2026-06-13
한남동531,1,,서울특별시 용산구한남동 732-241,,,2012,,02-2199-7880,서울특별시 용산구청,2026-06-13
한남동532,1,,서울특별시 용산구한남동 732-8,,,2022,,02-2199-7880,서울특별시 용산구청,2026-06-13
한남동533,1,,서울특별시 용산구한남동 732-75,,,2012,,02-2199-7880,서울특별시 용산구청,2026-06-13
한남동534,1,,서울특별시 용산구한남동 732-71,,,2012,,02-2199-7880,서울특별시 용산구청,2026-06-13
한남동535,1,,서울특별시 용산구한남동 732-64,,,2012,,02-2199-7880,서울특별시 용산구청,2026-06-13
한남동536,1,,서울특별시 용산구한남동 686-30,,,2022,,02-2199-7880,서울특별시 용산구청,2026-06-13
한남동537,1,,서울특별시 용산구한남동 732-23,,,2012,,02-2199-7880,서울특별시 용산구청,2026-06-13
한남동538,1,,서울특별시 용산구한남동 686-23,,,2012,,02-2199-7880,서울특별시 용산구청,2026-06-13
한남동539,1,,서울특별시 용산구한남동 732-66,,,2022,,02-2199-7880,서울특별시 용산구청,2026-06-13
한남동54,1,,서울특별시 용산구한남동 657-27,,,2022,,02-2199-7880,서울특별시 용산구청,2026-06-13
한남동540,1,,서울특별시 용산구한남동 686-24,,,2022,,02-2199-7880,서울특별시 용산구청,2026-06-13
한남동541,1,,서울특별시 용산구한남동 732-60,,,2022,,02-2199-7880,서울특별시 용산구청,2026-06-13
한남동542,1,,서울특별시 용산구한남동 732-23,,,2012,,02-2199-7880,서울특별시 용산구청,2026-06-13
한남동543,1,,서울특별시 용산구한남동 732-23,,,2022,,02-2199-7880,서울특별시 용산구청,2026-06-13
한남동544,1,,서울특별시 용산구한남동 732-23,,,2012,,02-2199-7880,서울특별시 용산구청,2026-06-13
한남동545,1,,서울특별시 용산구한남동 732-23,,,2012,,02-2199-7880,서울특별시 용산구청,2026-06-13
한남동546,1,,서울특별시 용산구한남동 736-38,,,2012,,02-2199-7880,서울특별시 용산구청,2026-06-13
한남동547,1,,서울특별시 용산구한남동 736-38,,,2012,,02-2199-7880,서울특별시 용산구청,2026-06-13
한남동548,1,,서울특별시 용산구한남동 732-23,,,2012,,02-2199-7880,서울특별시 용산구청,2026-06-13
한남동549,1,,서울특별시 용산구한남동 732-23,,,2022,,02-2199-7880,서울특별시 용산구청,2026-06-13
한남동55,1,,서울특별시 용산구한남동 657-20,,,2022,,02-2199-7880,서울특별시 용산구청,2026-06-13
한남동550,1,,서울특별시 용산구한남동 736-42,,,2022,,02-2199-7880,서울특별시 용산구청,2026-06-13
한남동551,1,,서울특별시 용산구한남동 732-23,,,2022,,02-2199-7880,서울특별시 용산구청,2026-06-13
한남동552,1,,서울특별시 용산구한남동 732-23,,,2022,,02-2199-7880,서울특별시 용산구청,2026-06-13
한남동553,1,,서울특별시 용산구한남동 732-23,,,2022,,02-2199-7880,서울특별시 용산구청,2026-06-13
한남동554,1,,서울특별시 용산구한남동 732-171,,,2022,,02-2199-7880,서울특별시 용산구청,2026-06-13
한남동555,1,,서울특별시 용산구한남동 732-175,,,2022,,02-2199-7880,서울특별시 용산구청,2026-06-13
한남동556,1,,서울특별시 용산구한남동 732-212,,,2012,,02-2199-7880,서울특별시 용산구청,2026-06-13
한남동558,1,,서울특별시 용산구한남동 732-207,,,2022,,02-2199-7880,서울특별시 용산구청,2026-06-13
한남동559,1,,서울특별시 용산구한남동 732-13,,,2022,,02-2199-7880,서울특별시 용산구청,2026-06-13
한남동56,1,,서울특별시 용산구한남동 657-20,,,2012,,02-2199-7880,서울특별시 용산구청,2026-06-13
한남동560,1,,서울특별시 용산구한남동 732-13,,,2022,,02-2199-7880,서울특별시 용산구청,2026-06-13
한남동561,1,,서울특별시 용산구한남동 732-240,,,2022,,02-2199-7880,서울특별시 용산구청,2026-06-13
한남동562,1,,서울특별시 용산구한남동 732-129,,,2022,,02-2199-7880,서울특별시 용산구청,2026-06-13
한남동563,1,,서울특별시 용산구한남동 732-152,,,2022,,02-2199-7880,서울특별시 용산구청,2026-06-13
한남동564,1,,서울특별시 용산구한남동 732-240,,,2022,,02-2199-7880,서울특별시 용산구청,2026-06-13
한남동565,1,,서울특별시 용산구한남동 755-5,,,2022,,02-2199-7880,서울특별시 용산구청,2026-06-13
한남동566,1,,서울특별시 용산구한남동 755-4,,,2022,,02-2199-7880,서울특별시 용산구청,2026-06-13
한남동567,1,,서울특별시 용산구한남동 755-2,,,2012,,02-2199-7880,서울특별시 용산구청,2026-06-13
한남동568,1,,서울특별시 용산구한남동 755-2,,,2012,,02-2199-7880,서울특별시 용산구청,2026-06-13
한남동569,1,,서울특별시 용산구한남동 753-3,,,2022,,02-2199-7880,서울특별시 용산구청,2026-06-13
한남동57,1,,서울특별시 용산구한남동 684-67,,,2012,,02-2199-7880,서울특별시 용산구청,2026-06-13
한남동570,1,,서울특별시 용산구한남동 753-3,,,2012,,02-2199-7880,서울특별시 용산구청,2026-06-13
한남동571,1,,서울특별시 용산구한남동 753-5,,,2022,,02-2199-7880,서울특별시 용산구청,2026-06-13
한남동572,1,,서울특별시 용산구한남동 755-13,,,2022,,02-2199-7880,서울특별시 용산구청,2026-06-13
한남동573,1,,서울특별시 용산구한남동 755-8,,,2022,,02-2199-7880,서울특별시 용산구청,2026-06-13
한남동574,1,,서울특별시 용산구한남동 756-1,,,2012,,02-2199-7880,서울특별시 용산구청,2026-06-13
한남동575,1,,서울특별시 용산구한남동 755-9,,,2022,,02-2199-7880,서울특별시 용산구청,2026-06-13
한남동576,1,,서울특별시 용산구한남동 760-31,,,2012,,02-2199-7880,서울특별시 용산구청,2026-06-13
한남동577,1,,서울특별시 용산구한남동 760-31,,,2012,,02-2199-7880,서울특별시 용산구청,2026-06-13
한남동578,1,,서울특별시 용산구한남동 760-28,,,2012,,02-2199-7880,서울특별시 용산구청,2026-06-13
한남동579,1,,서울특별시 용산구한남동 760-21,,,2022,,02-2199-7880,서울특별시 용산구청,2026-06-13
한남동58,1,,서울특별시 용산구한남동 684-16,,,2012,,02-2199-7880,서울특별시 용산구청,2026-06-13
한남동580,1,,서울특별시 용산구한남동 760-24,,,2022,,02-2199-7880,서울특별시 용산구청,2026-06-13
한남동581,1,,서울특별시 용산구한남동 760-35,,,2012,,02-2199-7880,서울특별시 용산구청,2026-06-13
한남동582,1,,서울특별시 용산구한남동 757-15,,,2022,,02-2199-7880,서울특별시 용산구청,2026-06-13
한남동583,1,,서울특별시 용산구한남동 757-15,,,2022,,02-2199-7880,서울특별시 용산구청,2026-06-13
한남동584,1,,서울특별시 용산구한남동 757-11,,,2012,,02-2199-7880,서울특별시 용산구청,2026-06-13
한남동585,1,,서울특별시 용산구한남동 760-31,,,2012,,02-2199-7880,서울특별시 용산구청,2026-06-13
한남동586,1,,서울특별시 용산구한남동 760-29,,,2022,,02-2199-7880,서울특별시 용산구청,2026-06-13
한남동587,1,,서울특별시 용산구한남동 760-30,,,2022,,02-2199-7880,서울특별시 용산구청,2026-06-13
한남동588,1,,서울특별시 용산구한남동 759-4,,,2022,,02-2199-7880,서울특별시 용산구청,2026-06-13
한남동589,1,,서울특별시 용산구한남동 757-6,,,2012,,02-2199-7880,서울특별시 용산구청,2026-06-13
한남동59,1,,서울특별시 용산구한남동 684-16,,,2012,,02-2199-7880,서울특별시 용산구청,2026-06-13
한남동590,1,,서울특별시 용산구한남동 757-4,,,2022,,02-2199-7880,서울특별시 용산구청,2026-06-13
한남동591,1,,서울특별시 용산구한남동 759-4,,,2023,,02-2199-7880,서울특별시 용산구청,2026-06-13
한남동592,1,,서울특별시 용산구한남동 759-4,,,2022,,02-2199-7880,서울특별시 용산구청,2026-06-13
한남동593,1,,서울특별시 용산구한남동 759-3,,,2023,,02-2199-7880,서울특별시 용산구청,2026-06-13
한남동594,1,,서울특별시 용산구한남동 759-9,,,2022,,02-2199-7880,서울특별시 용산구청,2026-06-13
한남동595,1,,서울특별시 용산구한남동 653-33,,,2012,,02-2199-7880,서울특별시 용산구청,2026-06-13
한남동596,1,,서울특별시 용산구한남동 759-2,,,2022,,02-2199-7880,서울특별시 용산구청,2026-06-13
한남동597,1,,서울특별시 용산구한남동 760-18,,,2022,,02-2199-7880,서울특별시 용산구청,2026-06-13
한남동598,1,,서울특별시 용산구한남동 759-41,,,2022,,02-2199-7880,서울특별시 용산구청,2026-06-13
한남동599,1,,서울특별시 용산구한남동 759-42,,,2022,,02-2199-7880,서울특별시 용산구청,2026-06-13
한남동6,1,,서울특별시 용산구한남동 685-21,,,2012,,02-2199-7880,서울특별시 용산구청,2026-06-13
한남동60,1,,서울특별시 용산구한남동 685-21,,,2012,,02-2199-7880,서울특별시 용산구청,2026-06-13
한남동600,1,,서울특별시 용산구한남동 686-15,,,2022,,02-2199-7880,서울특별시 용산구청,2026-06-13
한남동601,1,,서울특별시 용산구한남동 732-23,,,2022,,02-2199-7880,서울특별시 용산구청,2026-06-13
한남동602,1,,서울특별시 용산구한남동 736-14,,,2022,,02-2199-7880,서울특별시 용산구청,2026-06-13
한남동603,1,,서울특별시 용산구한남동 736-14,,,2023,,02-2199-7880,서울특별시 용산구청,2026-06-13
한남동604,1,,서울특별시 용산구한남동 732-15,,,2022,,02-2199-7880,서울특별시 용산구청,2026-06-13
한남동605,1,,서울특별시 용산구한남동 732-15,,,2022,,02-2199-7880,서울특별시 용산구청,2026-06-13
한남동606,1,,서울특별시 용산구한남동 736-36,,,2022,,02-2199-7880,서울특별시 용산구청,2026-06-13
한남동607,1,,서울특별시 용산구한남동 732-23,,,2022,,02-2199-7880,서울특별시 용산구청,2026-06-13
한남동608,1,,서울특별시 용산구한남동 736-13,,,2022,,02-2199-7880,서울특별시 용산구청,2026-06-13
한남동609,1,,서울특별시 용산구한남동 736-10,,,2015,,02-2199-7880,서울특별시 용산구청,2026-06-13
한남동61,1,,서울특별시 용산구한남동 685-21,,,2012,,02-2199-7880,서울특별시 용산구청,2026-06-13
한남동610,1,,서울특별시 용산구한남동 732-201,,,2012,,02-2199-7880,서울특별시 용산구청,2026-06-13
한남동611,1,,서울특별시 용산구한남동 732-23,,,2022,,02-2199-7880,서울특별시 용산구청,2026-06-13
한남동612,1,,서울특별시 용산구한남동 732-240,,,2012,,02-2199-7880,서울특별시 용산구청,2026-06-13
한남동613,1,,서울특별시 용산구한남동 732-225,,,2022,,02-2199-7880,서울특별시 용산구청,2026-06-13
한남동614,1,,서울특별시 용산구한남동 732-38,,,2022,,02-2199-7880,서울특별시 용산구청,2026-06-13
한남동615,1,,서울특별시 용산구한남동 732-240,,,2022,,02-2199-7880,서울특별시 용산구청,2026-06-13
한남동616,1,,서울특별시 용산구한남동 732-226,,,2022,,02-2199-7880,서울특별시 용산구청,2026-06-13
한남동617,1,,서울특별시 용산구한남동 732-226,,,2022,,02-2199-7880,서울특별시 용산구청,2026-06-13
한남동618,1,,서울특별시 용산구한남동 732-240,,,2022,,02-2199-7880,서울특별시 용산구청,2026-06-13
한남동619,1,,서울특별시 용산구한남동 732-182,,,2022,,02-2199-7880,서울특별시 용산구청,2026-06-13
한남동62,1,,서울특별시 용산구한남동 684-88,,,2012,,02-2199-7880,서울특별시 용산구청,2026-06-13
한남동620,1,,서울특별시 용산구한남동 732-127,,,2023,,02-2199-7880,서울특별시 용산구청,2026-06-13
한남동621,1,,서울특별시 용산구한남동 732-129,,,2022,,02-2199-7880,서울특별시 용산구청,2026-06-13
한남동622,1,,서울특별시 용산구한남동 732-139,,,2022,,02-2199-7880,서울특별시 용산구청,2026-06-13
한남동623,1,,서울특별시 용산구한남동 732-140,,,2023,,02-2199-7880,서울특별시 용산구청,2026-06-13
한남동624,1,,서울특별시 용산구한남동 732-182,,,2022,,02-2199-7880,서울특별시 용산구청,2026-06-13
한남동625,1,,서울특별시 용산구한남동 732-150,,,2022,,02-2199-7880,서울특별시 용산구청,2026-06-13
한남동626,1,,서울특별시 용산구한남동 732-185,,,2012,,02-2199-7880,서울특별시 용산구청,2026-06-13
한남동627,1,,서울특별시 용산구한남동 732-240,,,2012,,02-2199-7880,서울특별시 용산구청,2026-06-13
한남동628,1,,서울특별시 용산구한남동 732-185,,,2012,,02-2199-7880,서울특별시 용산구청,2026-06-13
한남동629,1,,서울특별시 용산구한남동 732-21,,,2012,,02-2199-7880,서울특별시 용산구청,2026-06-13
한남동63,1,,서울특별시 용산구한남동 685-21,,,2012,,02-2199-7880,서울특별시 용산구청,2026-06-13
한남동630,1,,서울특별시 용산구한남동 732-174,,,2012,,02-2199-7880,서울특별시 용산구청,2026-06-13
한남동631,1,,서울특별시 용산구한남동 732-37,,,2012,,02-2199-7880,서울특별시 용산구청,2026-06-13
한남동632,1,,서울특별시 용산구한남동 732-27,,,2012,,02-2199-7880,서울특별시 용산구청,2026-06-13
한남동633,1,,서울특별시 용산구한남동 763-73,,,2022,,02-2199-7880,서울특별시 용산구청,2026-06-13
한남동634,1,,서울특별시 용산구한남동 763-73,,,2022,,02-2199-7880,서울특별시 용산구청,2026-06-13
한남동635,1,,서울특별시 용산구한남동 754-26,,,2022,,02-2199-7880,서울특별시 용산구청,2026-06-13
한남동636,1,,서울특별시 용산구한남동 754-26,,,2022,,02-2199-7880,서울특별시 용산구청,2026-06-13
한남동637,1,,서울특별시 용산구한남동 763-73,,,2022,,02-2199-7880,서울특별시 용산구청,2026-06-13
한남동638,1,,서울특별시 용산구한남동 754-8,,,2022,,02-2199-7880,서울특별시 용산구청,2026-06-13
한남동639,1,,서울특별시 용산구한남동 754-7,,,2022,,02-2199-7880,서울특별시 용산구청,2026-06-13
한남동64,1,,서울특별시 용산구한남동 685-21,,,2012,,02-2199-7880,서울특별시 용산구청,2026-06-13
한남동640,1,,서울특별시 용산구한남동 754-22,,,2022,,02-2199-7880,서울특별시 용산구청,2026-06-13
한남동641,1,,서울특별시 용산구한남동 756-12,,,2022,,02-2199-7880,서울특별시 용산구청,2026-06-13
한남동642,1,,서울특별시 용산구한남동 757-25,,,2022,,02-2199-7880,서울특별시 용산구청,2026-06-13
한남동643,1,,서울특별시 용산구한남동 757-24,,,2022,,02-2199-7880,서울특별시 용산구청,2026-06-13
한남동644,1,,서울특별시 용산구한남동 763-7,,,2022,,02-2199-7880,서울특별시 용산구청,2026-06-13
한남동645,1,,서울특별시 용산구한남동 758-21,,,2022,,02-2199-7880,서울특별시 용산구청,2026-06-13
한남동646,1,,서울특별시 용산구한남동 758-32,,,2022,,02-2199-7880,서울특별시 용산구청,2026-06-13
한남동647,1,,서울특별시 용산구한남동 758-21,,,2022,,02-2199-7880,서울특별시 용산구청,2026-06-13
한남동648,1,,서울특별시 용산구한남동 758-27,,,2012,,02-2199-7880,서울특별시 용산구청,2026-06-13
한남동649,1,,서울특별시 용산구한남동 758-21,,,2022,,02-2199-7880,서울특별시 용산구청,2026-06-13
한남동65,1,,서울특별시 용산구한남동 685-21,,,2022,,02-2199-7880,서울특별시 용산구청,2026-06-13
한남동650,1,,서울특별시 용산구한남동 759-42,,,2022,,02-2199-7880,서울특별시 용산구청,2026-06-13
한남동651,1,,서울특별시 용산구한남동 759-42,,,2012,,02-2199-7880,서울특별시 용산구청,2026-06-13
한남동652,1,,서울특별시 용산구한남동 758-38,,,2016,,02-2199-7880,서울특별시 용산구청,2026-06-13
한남동653,1,,서울특별시 용산구한남동 758-2,,,2022,,02-2199-7880,서울특별시 용산구청,2026-06-13
한남동654,1,,서울특별시 용산구한남동 759-42,,,2012,,02-2199-7880,서울특별시 용산구청,2026-06-13
한남동655,1,,서울특별시 용산구한남동 762-1,,,2022,,02-2199-7880,서울특별시 용산구청,2026-06-13
한남동656,1,,서울특별시 용산구한남동 762-12,,,2022,,02-2199-7880,서울특별시 용산구청,2026-06-13
한남동657,1,,서울특별시 용산구한남동 762-12,,,2012,,02-2199-7880,서울특별시 용산구청,2026-06-13
한남동658,1,,서울특별시 용산구한남동 758-9,,,2012,,02-2199-7880,서울특별시 용산구청,2026-06-13
한남동659,1,,서울특별시 용산구한남동 762-14,,,2022,,02-2199-7880,서울특별시 용산구청,2026-06-13
한남동66,1,,서울특별시 용산구한남동 685-21,,,2012,,02-2199-7880,서울특별시 용산구청,2026-06-13
한남동660,1,,서울특별시 용산구한남동 764-8,,,2022,,02-2199-7880,서울특별시 용산구청,2026-06-13
한남동661,1,,서울특별시 용산구한남동 764-22,,,2022,,02-2199-7880,서울특별시 용산구청,2026-06-13
한남동662,1,,서울특별시 용산구한남동 764-26,,,2012,,02-2199-7880,서울특별시 용산구청,2026-06-13
한남동663,1,,서울특별시 용산구한남동 764-28,,,2022,,02-2199-7880,서울특별시 용산구청,2026-06-13
한남동664,1,,서울특별시 용산구한남동 764-22,,,2012,,02-2199-7880,서울특별시 용산구청,2026-06-13
한남동665,1,,서울특별시 용산구한남동 736-11,,,2012,,02-2199-7880,서울특별시 용산구청,2026-06-13
한남동666,1,,서울특별시 용산구한남동 736-49,,,2015,,02-2199-7880,서울특별시 용산구청,2026-06-13
한남동667,1,,서울특별시 용산구한남동 732-20,,,2016,,02-2199-7880,서울특별시 용산구청,2026-06-13
한남동668,1,,서울특별시 용산구한남동 732-25,,,2016,,02-2199-7880,서울특별시 용산구청,2026-06-13
한남동669,1,,서울특별시 용산구한남동 732-25,,,2012,,02-2199-7880,서울특별시 용산구청,2026-06-13
한남동67,1,,서울특별시 용산구한남동 683-64,,,2018,,02-2199-7880,서울특별시 용산구청,2026-06-13
한남동670,1,,서울특별시 용산구한남동 137-23,,,2020,,02-2199-7880,서울특별시 용산구청,2026-06-13
한남동671,1,,서울특별시 용산구한남동 732-21,,,2020,,02-2199-7880,서울특별시 용산구청,2026-06-13
한남동672,1,,서울특별시 용산구한남동 732-21,,,2020,,02-2199-7880,서울특별시 용산구청,2026-06-13
한남동673,1,,서울특별시 용산구한남동 732-21,,,2020,,02-2199-7880,서울특별시 용산구청,2026-06-13
한남동674,1,,서울특별시 용산구한남동 756-9,,,2022,,02-2199-7880,서울특별시 용산구청,2026-06-13
한남동675,1,,서울특별시 용산구한남동 758-12,,,2022,,02-2199-7880,서울특별시 용산구청,2026-06-13
한남동676,1,,서울특별시 용산구한남동 758-29,,,2022,,02-2199-7880,서울특별시 용산구청,2026-06-13
한남동677,1,,서울특별시 용산구한남동 758-12,,,2022,,02-2199-7880,서울특별시 용산구청,2026-06-13
한남동678,1,,서울특별시 용산구한남동 764-14,,,2022,,02-2199-7880,서울특별시 용산구청,2026-06-13
한남동679,1,,서울특별시 용산구한남동 764-13,,,2022,,02-2199-7880,서울특별시 용산구청,2026-06-13
한남동68,1,,서울특별시 용산구한남동 685-21,,,2022,,02-2199-7880,서울특별시 용산구청,2026-06-13
한남동680,1,,서울특별시 용산구한남동 764-11,,,2022,,02-2199-7880,서울특별시 용산구청,2026-06-13
한남동681,1,,서울특별시 용산구한남동 764-9,,,2022,,02-2199-7880,서울특별시 용산구청,2026-06-13
한남동682,1,,서울특별시 용산구한남동 764-22,,,2022,,02-2199-7880,서울특별시 용산구청,2026-06-13
한남동683,1,,서울특별시 용산구한남동 765-16,,,2022,,02-2199-7880,서울특별시 용산구청,2026-06-13
한남동684,1,,서울특별시 용산구한남동 765-15,,,2022,,02-2199-7880,서울특별시 용산구청,2026-06-13
한남동685,1,,서울특별시 용산구한남동 765-27,,,2022,,02-2199-7880,서울특별시 용산구청,2026-06-13
한남동686,1,,서울특별시 용산구한남동 765-23,,,2022,,02-2199-7880,서울특별시 용산구청,2026-06-13
한남동687,1,,서울특별시 용산구한남동 768-27,,,2012,,02-2199-7880,서울특별시 용산구청,2026-06-13
한남동688,1,,서울특별시 용산구한남동 768-27,,,2018,,02-2199-7880,서울특별시 용산구청,2026-06-13
한남동689,1,,서울특별시 용산구한남동 768-27,,,2012,,02-2199-7880,서울특별시 용산구청,2026-06-13
한남동69,1,,서울특별시 용산구한남동 684-96,,,2012,,02-2199-7880,서울특별시 용산구청,2026-06-13
한남동690,1,,서울특별시 용산구한남동 768-21,,,2012,,02-2199-7880,서울특별시 용산구청,2026-06-13
한남동691,1,,서울특별시 용산구한남동 768-4,,,2012,,02-2199-7880,서울특별시 용산구청,2026-06-13
한남동692,1,,서울특별시 용산구한남동 768-5,,,2012,,02-2199-7880,서울특별시 용산구청,2026-06-13
한남동693,1,,서울특별시 용산구한남동 765-5,,,2022,,02-2199-7880,서울특별시 용산구청,2026-06-13
한남동694,1,,서울특별시 용산구한남동 768-3,,,2022,,02-2199-7880,서울특별시 용산구청,2026-06-13
한남동695,1,,서울특별시 용산구한남동 768-1,,,2012,,02-2199-7880,서울특별시 용산구청,2026-06-13
한남동696,1,,서울특별시 용산구한남동 768-26,,,2022,,02-2199-7880,서울특별시 용산구청,2026-06-13
한남동697,1,,서울특별시 용산구한남동 768-18,,,2022,,02-2199-7880,서울특별시 용산구청,2026-06-13
한남동698,1,,서울특별시 용산구한남동 768-11,,,2012,,02-2199-7880,서울특별시 용산구청,2026-06-13
한남동699,1,,서울특별시 용산구한남동 768-7,,,2012,,02-2199-7880,서울특별시 용산구청,2026-06-13
한남동7,1,,서울특별시 용산구한남동 683-134,,,2012,,02-2199-7880,서울특별시 용산구청,2026-06-13
한남동70,1,,서울특별시 용산구한남동 685-21,,,2022,,02-2199-7880,서울특별시 용산구청,2026-06-13
한남동700,1,,서울특별시 용산구한남동 767-10,,,2012,,02-2199-7880,서울특별시 용산구청,2026-06-13
한남동701,1,,서울특별시 용산구한남동 767-16,,,2012,,02-2199-7880,서울특별시 용산구청,2026-06-13
한남동702,1,,서울특별시 용산구한남동 767-16,,,2012,,02-2199-7880,서울특별시 용산구청,2026-06-13
한남동703,1,,서울특별시 용산구한남동 767-19,,,2022,,02-2199-7880,서울특별시 용산구청,2026-06-13
한남동704,1,,서울특별시 용산구한남동 768-17,,,2012,,02-2199-7880,서울특별시 용산구청,2026-06-13
한남동705,1,,서울특별시 용산구한남동 768-32,,,2022,,02-2199-7880,서울특별시 용산구청,2026-06-13
한남동706,1,,서울특별시 용산구한남동 769-18,,,2022,,02-2199-7880,서울특별시 용산구청,2026-06-13
한남동707,1,,서울특별시 용산구한남동 769-15,,,2012,,02-2199-7880,서울특별시 용산구청,2026-06-13
한남동708,1,,서울특별시 용산구한남동 769-14,,,2012,,02-2199-7880,서울특별시 용산구청,2026-06-13
한남동709,1,,서울특별시 용산구한남동 769-13,,,2012,,02-2199-7880,서울특별시 용산구청,2026-06-13
한남동71,1,,서울특별시 용산구한남동 684-94,,,2022,,02-2199-7880,서울특별시 용산구청,2026-06-13
한남동710,1,,서울특별시 용산구한남동 769-12,,,2012,,02-2199-7880,서울특별시 용산구청,2026-06-13
한남동711,1,,서울특별시 용산구한남동 770-27,,,2012,,02-2199-7880,서울특별시 용산구청,2026-06-13
한남동712,1,,서울특별시 용산구한남동 770-24,,,2012,,02-2199-7880,서울특별시 용산구청,2026-06-13
한남동713,1,,서울특별시 용산구한남동 770-26,,,2022,,02-2199-7880,서울특별시 용산구청,2026-06-13
한남동714,1,,서울특별시 용산구한남동 770-27,,,2012,,02-2199-7880,서울특별시 용산구청,2026-06-13
한남동715,1,,서울특별시 용산구한남동 771-16,,,2022,,02-2199-7880,서울특별시 용산구청,2026-06-13
한남동716,1,,서울특별시 용산구한남동 770-27,,,2022,,02-2199-7880,서울특별시 용산구청,2026-06-13
한남동717,1,,서울특별시 용산구한남동 770-28,,,2012,,02-2199-7880,서울특별시 용산구청,2026-06-13
한남동718,1,,서울특별시 용산구한남동 769-3,,,2012,,02-2199-7880,서울특별시 용산구청,2026-06-13
한남동719,1,,서울특별시 용산구한남동 620-90,,,2012,,02-2199-7880,서울특별시 용산구청,2026-06-13
한남동72,1,,서울특별시 용산구한남동 684-87,,,2022,,02-2199-7880,서울특별시 용산구청,2026-06-13
한남동720,1,,서울특별시 용산구한남동 770-10,,,2012,,02-2199-7880,서울특별시 용산구청,2026-06-13
한남동721,1,,서울특별시 용산구한남동 770-11,,,2012,,02-2199-7880,서울특별시 용산구청,2026-06-13
한남동722,1,,서울특별시 용산구한남동 620-4,,,2022,,02-2199-7880,서울특별시 용산구청,2026-06-13
한남동723,1,,서울특별시 용산구한남동 620-4,,,2012,,02-2199-7880,서울특별시 용산구청,2026-06-13
한남동725,1,,서울특별시 용산구한남동 620-62,,,2012,,02-2199-7880,서울특별시 용산구청,2026-06-13
한남동726,1,,서울특별시 용산구한남동 620-47,,,2012,,02-2199-7880,서울특별시 용산구청,2026-06-13
한남동727,1,,서울특별시 용산구한남동 620-93,,,2012,,02-2199-7880,서울특별시 용산구청,2026-06-13
한남동728,1,,서울특별시 용산구한남동 620-112,,,2012,,02-2199-7880,서울특별시 용산구청,2026-06-13
한남동729,1,,서울특별시 용산구한남동 620-139,,,2012,,02-2199-7880,서울특별시 용산구청,2026-06-13
한남동73,1,,서울특별시 용산구한남동 685-21,,,2022,,02-2199-7880,서울특별시 용산구청,2026-06-13
한남동730,1,,서울특별시 용산구한남동 620-84,,,2012,,02-2199-7880,서울특별시 용산구청,2026-06-13
한남동731,1,,서울특별시 용산구한남동 620-112,,,2012,,02-2199-7880,서울특별시 용산구청,2026-06-13
한남동732,1,,서울특별시 용산구한남동 620-120,,,2012,,02-2199-7880,서울특별시 용산구청,2026-06-13
한남동733,1,,서울특별시 용산구한남동 620-112,,,2012,,02-2199-7880,서울특별시 용산구청,2026-06-13
한남동734,1,,서울특별시 용산구한남동 620-124,,,2012,,02-2199-7880,서울특별시 용산구청,2026-06-13
한남동735,1,,서울특별시 용산구한남동 3-346,,,2012,,02-2199-7880,서울특별시 용산구청,2026-06-13
한남동736,1,,서울특별시 용산구한남동 620-173,,,2012,,02-2199-7880,서울특별시 용산구청,2026-06-13
한남동737,1,,서울특별시 용산구한남동 620-173,,,2012,,02-2199-7880,서울특별시 용산구청,2026-06-13
한남동738,1,,서울특별시 용산구한남동 620-173,,,2012,,02-2199-7880,서울특별시 용산구청,2026-06-13
한남동739,1,,서울특별시 용산구한남동 620-170,,,2023,,02-2199-7880,서울특별시 용산구청,2026-06-13
한남동74,1,,서울특별시 용산구한남동 684-87,,,2012,,02-2199-7880,서울특별시 용산구청,2026-06-13
한남동740,1,,서울특별시 용산구한남동 620-200,,,2012,,02-2199-7880,서울특별시 용산구청,2026-06-13
한남동741,1,,서울특별시 용산구한남동 620-112,,,2014,,02-2199-7880,서울특별시 용산구청,2026-06-13
한남동742,1,,서울특별시 용산구한남동 620-131,,,2012,,02-2199-7880,서울특별시 용산구청,2026-06-13
한남동743,1,,서울특별시 용산구한남동 620-112,,,2012,,02-2199-7880,서울특별시 용산구청,2026-06-13
한남동744,1,,서울특별시 용산구한남동 620-148,,,2012,,02-2199-7880,서울특별시 용산구청,2026-06-13
한남동745,1,,서울특별시 용산구한남동 620-112,,,2016,,02-2199-7880,서울특별시 용산구청,2026-06-13
한남동746,1,,서울특별시 용산구한남동 620-4,,,2012,,02-2199-7880,서울특별시 용산구청,2026-06-13
한남동747,1,,서울특별시 용산구한남동 620-36,,,2012,,02-2199-7880,서울특별시 용산구청,2026-06-13
한남동748,1,,서울특별시 용산구한남동 620-4,,,2012,,02-2199-7880,서울특별시 용산구청,2026-06-13
한남동749,1,,서울특별시 용산구한남동 620-4,,,2012,,02-2199-7880,서울특별시 용산구청,2026-06-13
한남동75,1,,서울특별시 용산구한남동 684-87,,,2022,,02-2199-7880,서울특별시 용산구청,2026-06-13
한남동750,1,,서울특별시 용산구한남동 620-4,,,2012,,02-2199-7880,서울특별시 용산구청,2026-06-13
한남동751,1,,서울특별시 용산구한남동 568-271,,,2012,,02-2199-7880,서울특별시 용산구청,2026-06-13
한남동752,1,,서울특별시 용산구한남동 620-25,,,2012,,02-2199-7880,서울특별시 용산구청,2026-06-13
한남동753,1,,서울특별시 용산구한남동 620-40,,,2012,,02-2199-7880,서울특별시 용산구청,2026-06-13
한남동754,1,,서울특별시 용산구한남동 620-39,,,2012,,02-2199-7880,서울특별시 용산구청,2026-06-13
한남동755,1,,서울특별시 용산구한남동 620-15,,,2012,,02-2199-7880,서울특별시 용산구청,2026-06-13
한남동756,1,,서울특별시 용산구한남동 620-37,,,2012,,02-2199-7880,서울특별시 용산구청,2026-06-13
한남동757,1,,서울특별시 용산구한남동 578-13,,,2012,,02-2199-7880,서울특별시 용산구청,2026-06-13
한남동758,1,,서울특별시 용산구한남동 620-92,,,2012,,02-2199-7880,서울특별시 용산구청,2026-06-13
한남동759,1,,서울특별시 용산구한남동 578-3,,,2012,,02-2199-7880,서울특별시 용산구청,2026-06-13
한남동76,1,,서울특별시 용산구한남동 685-22,,,2022,,02-2199-7880,서울특별시 용산구청,2026-06-13
한남동760,1,,서울특별시 용산구한남동 578-29,,,2012,,02-2199-7880,서울특별시 용산구청,2026-06-13
한남동762,1,,서울특별시 용산구한남동 578-45,,,2012,,02-2199-7880,서울특별시 용산구청,2026-06-13
한남동763,1,,서울특별시 용산구한남동 578-12,,,2016,,02-2199-7880,서울특별시 용산구청,2026-06-13
한남동764,1,,서울특별시 용산구한남동 620-4,,,2022,,02-2199-7880,서울특별시 용산구청,2026-06-13
한남동765,1,,서울특별시 용산구한남동 620-4,,,2022,,02-2199-7880,서울특별시 용산구청,2026-06-13
한남동766,1,,서울특별시 용산구한남동 649-18,,,2012,,02-2199-7880,서울특별시 용산구청,2026-06-13
한남동767,1,,서울특별시 용산구한남동 649-17,,,2022,,02-2199-7880,서울특별시 용산구청,2026-06-13
한남동768,1,,서울특별시 용산구한남동 620-4,,,2022,,02-2199-7880,서울특별시 용산구청,2026-06-13
한남동769,1,,서울특별시 용산구한남동 649-3,,,2022,,02-2199-7880,서울특별시 용산구청,2026-06-13
한남동77,1,,서울특별시 용산구한남동 657-20,,,2021,,02-2199-7880,서울특별시 용산구청,2026-06-13
한남동770,1,,서울특별시 용산구한남동 647-7,,,2012,,02-2199-7880,서울특별시 용산구청,2026-06-13
한남동771,1,,서울특별시 용산구한남동 647-9,,,2022,,02-2199-7880,서울특별시 용산구청,2026-06-13
한남동772,1,,서울특별시 용산구한남동 647-6,,,2022,,02-2199-7880,서울특별시 용산구청,2026-06-13
한남동773,1,,서울특별시 용산구한남동 647-39,,,2022,,02-2199-7880,서울특별시 용산구청,2026-06-13
한남동774,1,,서울특별시 용산구한남동 647-39,,,2022,,02-2199-7880,서울특별시 용산구청,2026-06-13
한남동775,1,,서울특별시 용산구한남동 620-193,,,2022,,02-2199-7880,서울특별시 용산구청,2026-06-13
한남동776,1,,서울특별시 용산구한남동 642-43,,,2012,,02-2199-7880,서울특별시 용산구청,2026-06-13
한남동777,1,,서울특별시 용산구한남동 620-190,,,2022,,02-2199-7880,서울특별시 용산구청,2026-06-13
한남동778,1,,서울특별시 용산구한남동 647-4,,,2022,,02-2199-7880,서울특별시 용산구청,2026-06-13
한남동779,1,,서울특별시 용산구한남동 643-14,,,2012,,02-2199-7880,서울특별시 용산구청,2026-06-13
한남동780,1,,서울특별시 용산구한남동 643-16,,,2022,,02-2199-7880,서울특별시 용산구청,2026-06-13
한남동781,1,,서울특별시 용산구한남동 643-16,,,2022,,02-2199-7880,서울특별시 용산구청,2026-06-13
한남동782,1,,서울특별시 용산구한남동 647-11,,,2022,,02-2199-7880,서울특별시 용산구청,2026-06-13
한남동783,1,,서울특별시 용산구한남동 644-20,,,2022,,02-2199-7880,서울특별시 용산구청,2026-06-13
한남동784,1,,서울특별시 용산구한남동 644-2,,,2022,,02-2199-7880,서울특별시 용산구청,2026-06-13
한남동785,1,,서울특별시 용산구한남동 642-41,,,2022,,02-2199-7880,서울특별시 용산구청,2026-06-13
한남동786,1,,서울특별시 용산구한남동 642-39,,,2022,,02-2199-7880,서울특별시 용산구청,2026-06-13
한남동787,1,,서울특별시 용산구한남동 642-22,,,2022,,02-2199-7880,서울특별시 용산구청,2026-06-13
한남동788,1,,서울특별시 용산구한남동 642-23,,,2022,,02-2199-7880,서울특별시 용산구청,2026-06-13
한남동789,1,,서울특별시 용산구한남동 642-25,,,2015,,02-2199-7880,서울특별시 용산구청,2026-06-13
한남동79,1,,서울특별시 용산구한남동 657-20,,,2022,,02-2199-7880,서울특별시 용산구청,2026-06-13
한남동790,1,,서울특별시 용산구한남동 642-43,,,2022,,02-2199-7880,서울특별시 용산구청,2026-06-13
한남동791,1,,서울특별시 용산구한남동 568-53,,,2014,,02-2199-7880,서울특별시 용산구청,2026-06-13
한남동792,1,,서울특별시 용산구한남동 568-338,,,2012,,02-2199-7880,서울특별시 용산구청,2026-06-13
한남동793,1,,서울특별시 용산구한남동 568-379,,,2012,,02-2199-7880,서울특별시 용산구청,2026-06-13
한남동794,1,,서울특별시 용산구한남동 568-295,,,2012,,02-2199-7880,서울특별시 용산구청,2026-06-13
한남동795,1,,서울특별시 용산구한남동 568-295,,,2012,,02-2199-7880,서울특별시 용산구청,2026-06-13
한남동796,1,,서울특별시 용산구한남동 620-4,,,2012,,02-2199-7880,서울특별시 용산구청,2026-06-13
한남동797,1,,서울특별시 용산구한남동 620-112,,,2012,,02-2199-7880,서울특별시 용산구청,2026-06-13
한남동798,1,,서울특별시 용산구한남동 620-112,,,2012,,02-2199-7880,서울특별시 용산구청,2026-06-13
한남동799,1,,서울특별시 용산구한남동 620-112,,,2012,,02-2199-7880,서울특별시 용산구청,2026-06-13
한남동8,1,,서울특별시 용산구한남동 685-21,,,2022,,02-2199-7880,서울특별시 용산구청,2026-06-13
한남동80,1,,서울특별시 용산구한남동 657-20,,,2022,,02-2199-7880,서울특별시 용산구청,2026-06-13
한남동800,1,,서울특별시 용산구한남동 568-268,,,2012,,02-2199-7880,서울특별시 용산구청,2026-06-13
한남동801,1,,서울특별시 용산구한남동 568-265,,,2012,,02-2199-7880,서울특별시 용산구청,2026-06-13
한남동802,1,,서울특별시 용산구한남동 568-282,,,2014,,02-2199-7880,서울특별시 용산구청,2026-06-13
한남동803,1,,서울특별시 용산구한남동 568-295,,,2012,,02-2199-7880,서울특별시 용산구청,2026-06-13
한남동804,1,,서울특별시 용산구한남동 568-261,,,2012,,02-2199-7880,서울특별시 용산구청,2026-06-13
한남동805,1,,서울특별시 용산구한남동 570-1,,,2012,,02-2199-7880,서울특별시 용산구청,2026-06-13
한남동806,1,,서울특별시 용산구한남동 571-14,,,2012,,02-2199-7880,서울특별시 용산구청,2026-06-13
한남동807,1,,서울특별시 용산구한남동 568-362,,,2012,,02-2199-7880,서울특별시 용산구청,2026-06-13
한남동808,1,,서울특별시 용산구한남동 571-11,,,2013,,02-2199-7880,서울특별시 용산구청,2026-06-13
한남동809,1,,서울특별시 용산구한남동 570-1,,,2012,,02-2199-7880,서울특별시 용산구청,2026-06-13
한남동81,1,,서울특별시 용산구한남동 657-50,,,2022,,02-2199-7880,서울특별시 용산구청,2026-06-13
한남동810,1,,서울특별시 용산구한남동 568-26,,,2012,,02-2199-7880,서울특별시 용산구청,2026-06-13
한남동811,1,,서울특별시 용산구한남동 568-27,,,2012,,02-2199-7880,서울특별시 용산구청,2026-06-13
한남동812,1,,서울특별시 용산구한남동 569-6,,,2012,,02-2199-7880,서울특별시 용산구청,2026-06-13
한남동813,1,,서울특별시 용산구한남동 807-4,,,2012,,02-2199-7880,서울특별시 용산구청,2026-06-13
한남동814,1,,서울특별시 용산구한남동 807,,,2012,,02-2199-7880,서울특별시 용산구청,2026-06-13
한남동815,1,,서울특별시 용산구한남동 807,,,2012,,02-2199-7880,서울특별시 용산구청,2026-06-13
한남동816,1,,서울특별시 용산구한남동 568-122,,,2012,,02-2199-7880,서울특별시 용산구청,2026-06-13
한남동817,1,,서울특별시 용산구한남동 568-82,,,2012,,02-2199-7880,서울특별시 용산구청,2026-06-13
한남동818,1,,서울특별시 용산구한남동 568-80,,,2012,,02-2199-7880,서울특별시 용산구청,2026-06-13
한남동819,1,,서울특별시 용산구한남동 568-122,,,2012,,02-2199-7880,서울특별시 용산구청,2026-06-13
한남동82,1,,서울특별시 용산구한남동 657-20,,,2022,,02-2199-7880,서울특별시 용산구청,2026-06-13
한남동820,1,,서울특별시 용산구한남동 568-122,,,2012,,02-2199-7880,서울특별시 용산구청,2026-06-13
한남동821,1,,서울특별시 용산구한남동 568-120,,,2012,,02-2199-7880,서울특별시 용산구청,2026-06-13
한남동822,1,,서울특별시 용산구한남동 568-121,,,2012,,02-2199-7880,서울특별시 용산구청,2026-06-13
한남동823,1,,서울특별시 용산구한남동 568-102,,,2012,,02-2199-7880,서울특별시 용산구청,2026-06-13
한남동824,1,,서울특별시 용산구한남동 568-122,,,2012,,02-2199-7880,서울특별시 용산구청,2026-06-13
한남동825,1,,서울특별시 용산구한남동 568-122,,,2012,,02-2199-7880,서울특별시 용산구청,2026-06-13
한남동826,1,,서울특별시 용산구한남동 568-88,,,2012,,02-2199-7880,서울특별시 용산구청,2026-06-13
한남동827,1,,서울특별시 용산구한남동 568-122,,,2012,,02-2199-7880,서울특별시 용산구청,2026-06-13
한남동828,1,,서울특별시 용산구한남동 568-91,,,2012,,02-2199-7880,서울특별시 용산구청,2026-06-13
한남동829,1,,서울특별시 용산구한남동 568-367,,,2012,,02-2199-7880,서울특별시 용산구청,2026-06-13
한남동83,1,,서울특별시 용산구한남동 657-20,,,2022,,02-2199-7880,서울특별시 용산구청,2026-06-13
한남동830,1,,서울특별시 용산구한남동 568-182,,,2012,,02-2199-7880,서울특별시 용산구청,2026-06-13
한남동831,1,,서울특별시 용산구한남동 568-202,,,2012,,02-2199-7880,서울특별시 용산구청,2026-06-13
한남동832,1,,서울특별시 용산구한남동 568-202,,,2020,,02-2199-7880,서울특별시 용산구청,2026-06-13
한남동833,1,,서울특별시 용산구한남동 568-202,,,2020,,02-2199-7880,서울특별시 용산구청,2026-06-13
한남동834,1,,서울특별시 용산구한남동 568-207,,,2012,,02-2199-7880,서울특별시 용산구청,2026-06-13
한남동835,1,,서울특별시 용산구한남동 568-202,,,2012,,02-2199-7880,서울특별시 용산구청,2026-06-13
한남동836,1,,서울특별시 용산구한남동 568-122,,,2012,,02-2199-7880,서울특별시 용산구청,2026-06-13
한남동837,1,,서울특별시 용산구한남동 568-328,,,2012,,02-2199-7880,서울특별시 용산구청,2026-06-13
한남동838,1,,서울특별시 용산구한남동 568-105,,,2012,,02-2199-7880,서울특별시 용산구청,2026-06-13
한남동839,1,,서울특별시 용산구한남동 568-122,,,2012,,02-2199-7880,서울특별시 용산구청,2026-06-13
한남동84,1,,서울특별시 용산구한남동 657-116,,,2022,,02-2199-7880,서울특별시 용산구청,2026-06-13
한남동840,1,,서울특별시 용산구한남동 568-202,,,2012,,02-2199-7880,서울특별시 용산구청,2026-06-13
한남동841,1,,서울특별시 용산구한남동 807-8,,,2012,,02-2199-7880,서울특별시 용산구청,2026-06-13
한남동842,1,,서울특별시 용산구한남동 568-116,,,2012,,02-2199-7880,서울특별시 용산구청,2026-06-13
한남동843,1,,서울특별시 용산구한남동 807-9,,,2012,,02-2199-7880,서울특별시 용산구청,2026-06-13
한남동844,1,,서울특별시 용산구한남동 807,,,2012,,02-2199-7880,서울특별시 용산구청,2026-06-13
한남동845,1,,서울특별시 용산구한남동 807,,,2013,,02-2199-7880,서울특별시 용산구청,2026-06-13
한남동846,1,,서울특별시 용산구한남동 807,,,2013,,02-2199-7880,서울특별시 용산구청,2026-06-13
한남동847,1,,서울특별시 용산구한남동 807,,,2012,,02-2199-7880,서울특별시 용산구청,2026-06-13
한남동848,1,,서울특별시 용산구한남동 568-515,,,2012,,02-2199-7880,서울특별시 용산구청,2026-06-13
한남동849,1,,서울특별시 용산구한남동 543-3,,,2013,,02-2199-7880,서울특별시 용산구청,2026-06-13
한남동85,1,,서울특별시 용산구한남동 657-121,,,2022,,02-2199-7880,서울특별시 용산구청,2026-06-13
한남동850,1,,서울특별시 용산구한남동,,,2022,,02-2199-7880,서울특별시 용산구청,2026-06-13
한남동851,1,,서울특별시 용산구한남동 542-23,,,2012,,02-2199-7880,서울특별시 용산구청,2026-06-13
한남동852,1,,서울특별시 용산구한남동 568-341,,,2012,,02-2199-7880,서울특별시 용산구청,2026-06-13
한남동853,1,,서울특별시 용산구한남동 568-342,,,2012,,02-2199-7880,서울특별시 용산구청,2026-06-13
한남동854,1,,서울특별시 용산구한남동 568-202,,,2012,,02-2199-7880,서울특별시 용산구청,2026-06-13
한남동855,1,,서울특별시 용산구한남동 568-241,,,2012,,02-2199-7880,서울특별시 용산구청,2026-06-13
한남동856,1,,서울특별시 용산구한남동 550-1,,,2012,,02-2199-7880,서울특별시 용산구청,2026-06-13
한남동857,1,,서울특별시 용산구한남동 568-247,,,2012,,02-2199-7880,서울특별시 용산구청,2026-06-13
한남동858,1,,서울특별시 용산구한남동 568-202,,,2012,,02-2199-7880,서울특별시 용산구청,2026-06-13
한남동859,1,,서울특별시 용산구한남동 568-202,,,2012,,02-2199-7880,서울특별시 용산구청,2026-06-13
한남동86,1,,서울특별시 용산구한남동 657-20,,,2012,,02-2199-7880,서울특별시 용산구청,2026-06-13
한남동860,1,,서울특별시 용산구한남동 568-202,,,2012,,02-2199-7880,서울특별시 용산구청,2026-06-13
한남동861,1,,서울특별시 용산구한남동 568-202,,,2012,,02-2199-7880,서울특별시 용산구청,2026-06-13
한남동862,1,,서울특별시 용산구한남동 568-202,,,2012,,02-2199-7880,서울특별시 용산구청,2026-06-13
한남동863,1,,서울특별시 용산구한남동 568-224,,,2012,,02-2199-7880,서울특별시 용산구청,2026-06-13
한남동864,1,,서울특별시 용산구한남동 568-202,,,2012,,02-2199-7880,서울특별시 용산구청,2026-06-13
한남동865,1,,서울특별시 용산구한남동 568-229,,,2023,,02-2199-7880,서울특별시 용산구청,2026-06-13
한남동866,1,,서울특별시 용산구한남동 568-202,,,2012,,02-2199-7880,서울특별시 용산구청,2026-06-13
한남동867,1,,서울특별시 용산구한남동 568-169,,,2012,,02-2199-7880,서울특별시 용산구청,2026-06-13
한남동868,1,,서울특별시 용산구한남동 568-169,,,2012,,02-2199-7880,서울특별시 용산구청,2026-06-13
한남동869,1,,서울특별시 용산구한남동 568-202,,,2012,,02-2199-7880,서울특별시 용산구청,2026-06-13
한남동87,1,,서울특별시 용산구한남동 657-20,,,2022,,02-2199-7880,서울특별시 용산구청,2026-06-13
한남동870,1,,서울특별시 용산구한남동 568-202,,,2012,,02-2199-7880,서울특별시 용산구청,2026-06-13
한남동871,1,,서울특별시 용산구한남동 557-47,,,2012,,02-2199-7880,서울특별시 용산구청,2026-06-13
한남동872,1,,서울특별시 용산구한남동 557-47,,,2012,,02-2199-7880,서울특별시 용산구청,2026-06-13
한남동873,1,,서울특별시 용산구한남동 568-149,,,2012,,02-2199-7880,서울특별시 용산구청,2026-06-13
한남동874,1,,서울특별시 용산구한남동 568-147,,,2012,,02-2199-7880,서울특별시 용산구청,2026-06-13
한남동875,1,,서울특별시 용산구한남동 568-7,,,2012,,02-2199-7880,서울특별시 용산구청,2026-06-13
한남동876,1,,서울특별시 용산구한남동 568-7,,,2012,,02-2199-7880,서울특별시 용산구청,2026-06-13
한남동877,1,,서울특별시 용산구한남동 568-6,,,2012,,02-2199-7880,서울특별시 용산구청,2026-06-13
한남동878,1,,서울특별시 용산구한남동 565-3,,,2013,,02-2199-7880,서울특별시 용산구청,2026-06-13
한남동879,1,,서울특별시 용산구한남동 565-4,,,2012,,02-2199-7880,서울특별시 용산구청,2026-06-13
한남동88,1,,서울특별시 용산구한남동 657-20,,,2022,,02-2199-7880,서울특별시 용산구청,2026-06-13
한남동880,1,,서울특별시 용산구한남동 565-4,,,2012,,02-2199-7880,서울특별시 용산구청,2026-06-13
한남동881,1,,서울특별시 용산구한남동 568-13,,,2023,,02-2199-7880,서울특별시 용산구청,2026-06-13
한남동882,1,,서울특별시 용산구한남동 568-143,,,2012,,02-2199-7880,서울특별시 용산구청,2026-06-13
한남동883,1,,서울특별시 용산구한남동 557-86,,,2012,,02-2199-7880,서울특별시 용산구청,2026-06-13
한남동884,1,,서울특별시 용산구한남동 557-35,,,2012,,02-2199-7880,서울특별시 용산구청,2026-06-13
한남동885,1,,서울특별시 용산구한남동 557-83,,,2012,,02-2199-7880,서울특별시 용산구청,2026-06-13
한남동886,1,,서울특별시 용산구한남동 557-86,,,2012,,02-2199-7880,서울특별시 용산구청,2026-06-13
한남동887,1,,서울특별시 용산구한남동 557-69,,,2012,,02-2199-7880,서울특별시 용산구청,2026-06-13
한남동888,1,,서울특별시 용산구한남동 557-26,,,2012,,02-2199-7880,서울특별시 용산구청,2026-06-13
한남동889,1,,서울특별시 용산구한남동 557-48,,,2012,,02-2199-7880,서울특별시 용산구청,2026-06-13
한남동89,1,,서울특별시 용산구한남동 657-20,,,2022,,02-2199-7880,서울특별시 용산구청,2026-06-13
한남동890,1,,서울특별시 용산구한남동 557-39,,,2012,,02-2199-7880,서울특별시 용산구청,2026-06-13
한남동891,1,,서울특별시 용산구한남동 557-39,,,2012,,02-2199-7880,서울특별시 용산구청,2026-06-13
한남동892,1,,서울특별시 용산구한남동 557-39,,,2012,,02-2199-7880,서울특별시 용산구청,2026-06-13
한남동893,1,,서울특별시 용산구한남동 557-92,,,2013,,02-2199-7880,서울특별시 용산구청,2026-06-13
한남동894,1,,서울특별시 용산구한남동 557-16,,,2020,,02-2199-7880,서울특별시 용산구청,2026-06-13
한남동895,1,,서울특별시 용산구한남동 557-21,,,2012,,02-2199-7880,서울특별시 용산구청,2026-06-13
한남동896,1,,서울특별시 용산구한남동 557-43,,,2012,,02-2199-7880,서울특별시 용산구청,2026-06-13
한남동897,1,,서울특별시 용산구한남동 557-15,,,2020,,02-2199-7880,서울특별시 용산구청,2026-06-13
한남동898,1,,서울특별시 용산구한남동 737-45,,,2012,,02-2199-7880,서울특별시 용산구청,2026-06-13
한남동898,1,,서울특별시 용산구한남동 557-118,,,2012,,02-2199-7880,서울특별시 용산구청,2026-06-13
한남동899,1,,서울특별시 용산구한남동 559-1,,,2012,,02-2199-7880,서울특별시 용산구청,2026-06-13
한남동9,1,,서울특별시 용산구한남동 683-134,,,2012,,02-2199-7880,서울특별시 용산구청,2026-06-13
한남동90,1,,서울특별시 용산구한남동 657-17,,,2022,,02-2199-7880,서울특별시 용산구청,2026-06-13
한남동900,1,,서울특별시 용산구한남동 557-112,,,2012,,02-2199-7880,서울특별시 용산구청,2026-06-13
한남동901,1,,서울특별시 용산구한남동 560,,,2012,,02-2199-7880,서울특별시 용산구청,2026-06-13
한남동902,1,,서울특별시 용산구한남동 563-3,,,2012,,02-2199-7880,서울특별시 용산구청,2026-06-13
한남동903,1,,서울특별시 용산구한남동 563-3,,,2014,,02-2199-7880,서울특별시 용산구청,2026-06-13
한남동904,1,,서울특별시 용산구한남동 568-1,,,2012,,02-2199-7880,서울특별시 용산구청,2026-06-13
한남동905,1,,서울특별시 용산구한남동 565-1,,,2012,,02-2199-7880,서울특별시 용산구청,2026-06-13
한남동906,1,,서울특별시 용산구한남동 573-29,,,2012,,02-2199-7880,서울특별시 용산구청,2026-06-13
한남동907,1,,서울특별시 용산구한남동 573-29,,,2012,,02-2199-7880,서울특별시 용산구청,2026-06-13
한남동908,1,,서울특별시 용산구한남동 573-29,,,2012,,02-2199-7880,서울특별시 용산구청,2026-06-13
한남동909,1,,서울특별시 용산구한남동 573-29,,,2012,,02-2199-7880,서울특별시 용산구청,2026-06-13
한남동91,1,,서울특별시 용산구한남동 657-148,,,2022,,02-2199-7880,서울특별시 용산구청,2026-06-13
한남동910,1,,서울특별시 용산구한남동 573-29,,,2017,,02-2199-7880,서울특별시 용산구청,2026-06-13
한남동911,1,,서울특별시 용산구한남동 573-15,,,2012,,02-2199-7880,서울특별시 용산구청,2026-06-13
한남동912,1,,서울특별시 용산구한남동 574-1,,,2012,,02-2199-7880,서울특별시 용산구청,2026-06-13
한남동913,1,,서울특별시 용산구한남동 574-1,,,2012,,02-2199-7880,서울특별시 용산구청,2026-06-13
한남동914,1,,서울특별시 용산구한남동 573-4,,,2012,,02-2199-7880,서울특별시 용산구청,2026-06-13
한남동915,1,,서울특별시 용산구한남동 573-3,,,2020,,02-2199-7880,서울특별시 용산구청,2026-06-13
한남동916,1,,서울특별시 용산구한남동 598-1,,,2012,,02-2199-7880,서울특별시 용산구청,2026-06-13
한남동917,1,,서울특별시 용산구한남동 580,,,2020,,02-2199-7880,서울특별시 용산구청,2026-06-13
한남동918,1,,서울특별시 용산구한남동 580,,,2012,,02-2199-7880,서울특별시 용산구청,2026-06-13
한남동919,1,,서울특별시 용산구한남동 580-1,,,2012,,02-2199-7880,서울특별시 용산구청,2026-06-13
한남동92,1,,서울특별시 용산구한남동 657-136,,,2022,,02-2199-7880,서울특별시 용산구청,2026-06-13
한남동920,1,,서울특별시 용산구한남동 580-1,,,2020,,02-2199-7880,서울특별시 용산구청,2026-06-13
한남동921,1,,서울특별시 용산구한남동 602,,,2012,,02-2199-7880,서울특별시 용산구청,2026-06-13
한남동922,1,,서울특별시 용산구한남동 574-1,,,2012,,02-2199-7880,서울특별시 용산구청,2026-06-13
한남동923,1,,서울특별시 용산구한남동 574-1,,,2012,,02-2199-7880,서울특별시 용산구청,2026-06-13
한남동924,1,,서울특별시 용산구한남동 561-1,,,2023,,02-2199-7880,서울특별시 용산구청,2026-06-13
한남동925,1,,서울특별시 용산구한남동 574-1,,,2023,,02-2199-7880,서울특별시 용산구청,2026-06-13
한남동926,1,,서울특별시 용산구한남동 605-5,,,2012,,02-2199-7880,서울특별시 용산구청,2026-06-13
한남동927,1,,서울특별시 용산구한남동 605-4,,,2012,,02-2199-7880,서울특별시 용산구청,2026-06-13
한남동928,1,,서울특별시 용산구한남동 610-3,,,2012,,02-2199-7880,서울특별시 용산구청,2026-06-13
한남동929,1,,서울특별시 용산구한남동 609-1,,,2012,,02-2199-7880,서울특별시 용산구청,2026-06-13
한남동93,1,,서울특별시 용산구한남동 657-176,,,2022,,02-2199-7880,서울특별시 용산구청,2026-06-13
한남동930,1,,서울특별시 용산구한남동 609-5,,,2012,,02-2199-7880,서울특별시 용산구청,2026-06-13
한남동931,1,,서울특별시 용산구한남동 609-5,,,2018,,02-2199-7880,서울특별시 용산구청,2026-06-13
한남동932,1,,서울특별시 용산구한남동 611-1,,,2021,,02-2199-7880,서울특별시 용산구청,2026-06-13
한남동933,1,,서울특별시 용산구한남동 612-2,,,2012,,02-2199-7880,서울특별시 용산구청,2026-06-13
한남동934,1,,서울특별시 용산구한남동 612-3,,,2012,,02-2199-7880,서울특별시 용산구청,2026-06-13
한남동935,1,,서울특별시 용산구한남동 609-7,,,2012,,02-2199-7880,서울특별시 용산구청,2026-06-13
한남동936,1,,서울특별시 용산구한남동 608-2,,,2012,,02-2199-7880,서울특별시 용산구청,2026-06-13
한남동937,1,,서울특별시 용산구한남동 608-3,,,2012,,02-2199-7880,서울특별시 용산구청,2026-06-13
한남동938,1,,서울특별시 용산구한남동 579-3,,,2021,,02-2199-7880,서울특별시 용산구청,2026-06-13
한남동939,1,,서울특별시 용산구한남동 579-4,,,2023,,02-2199-7880,서울특별시 용산구청,2026-06-13
한남동94,1,,서울특별시 용산구한남동 657-201,,,2022,,02-2199-7880,서울특별시 용산구청,2026-06-13
한남동940,1,,서울특별시 용산구한남동 573-2,,,2023,,02-2199-7880,서울특별시 용산구청,2026-06-13
한남동941,1,,서울특별시 용산구한남동 578-23,,,2023,,02-2199-7880,서울특별시 용산구청,2026-06-13
한남동942,1,,서울특별시 용산구한남동 611-2,,,2012,,02-2199-7880,서울특별시 용산구청,2026-06-13
한남동943,1,,서울특별시 용산구한남동 613-14,,,2012,,02-2199-7880,서울특별시 용산구청,2026-06-13
한남동944,1,,서울특별시 용산구한남동 613-13,,,2012,,02-2199-7880,서울특별시 용산구청,2026-06-13
한남동945,1,,서울특별시 용산구한남동 613-5,,,2012,,02-2199-7880,서울특별시 용산구청,2026-06-13
한남동946,1,,서울특별시 용산구한남동 578-46,,,2012,,02-2199-7880,서울특별시 용산구청,2026-06-13
한남동947,1,,서울특별시 용산구한남동 614-13,,,2012,,02-2199-7880,서울특별시 용산구청,2026-06-13
한남동948,1,,서울특별시 용산구한남동 620-3,,,2012,,02-2199-7880,서울특별시 용산구청,2026-06-13
한남동949,1,,서울특별시 용산구한남동 616-12,,,2012,,02-2199-7880,서울특별시 용산구청,2026-06-13
한남동95,1,,서울특별시 용산구한남동 657-20,,,2022,,02-2199-7880,서울특별시 용산구청,2026-06-13
한남동950,1,,서울특별시 용산구한남동 616-16,,,2012,,02-2199-7880,서울특별시 용산구청,2026-06-13
한남동951,1,,서울특별시 용산구한남동 618-1,,,2012,,02-2199-7880,서울특별시 용산구청,2026-06-13
한남동952,1,,서울특별시 용산구한남동 618-6,,,2012,,02-2199-7880,서울특별시 용산구청,2026-06-13
한남동953,1,,서울특별시 용산구한남동 616-8,,,2012,,02-2199-7880,서울특별시 용산구청,2026-06-13
한남동954,1,,서울특별시 용산구한남동 616-11,,,2012,,02-2199-7880,서울특별시 용산구청,2026-06-13
한남동955,1,,서울특별시 용산구한남동 611-1,,,2012,,02-2199-7880,서울특별시 용산구청,2026-06-13
한남동956,1,,서울특별시 용산구한남동 613-8,,,2012,,02-2199-7880,서울특별시 용산구청,2026-06-13
한남동957,1,,서울특별시 용산구한남동 613-9,,,2023,,02-2199-7880,서울특별시 용산구청,2026-06-13
한남동958,1,,서울특별시 용산구한남동 614-11,,,2023,,02-2199-7880,서울특별시 용산구청,2026-06-13
한남동959,1,,서울특별시 용산구한남동 631-5,,,2022,,02-2199-7880,서울특별시 용산구청,2026-06-13
한남동96,1,,서울특별시 용산구한남동 657-115,,,2022,,02-2199-7880,서울특별시 용산구청,2026-06-13
한남동960,1,,서울특별시 용산구한남동 641-9,,,2023,,02-2199-7880,서울특별시 용산구청,2026-06-13
한남동961,1,,서울특별시 용산구한남동 632-13,,,2022,,02-2199-7880,서울특별시 용산구청,2026-06-13
한남동962,1,,서울특별시 용산구한남동 632-6,,,2022,,02-2199-7880,서울특별시 용산구청,2026-06-13
한남동963,1,,서울특별시 용산구한남동 632-7,,,2022,,02-2199-7880,서울특별시 용산구청,2026-06-13
한남동964,1,,서울특별시 용산구한남동 641-7,,,2022,,02-2199-7880,서울특별시 용산구청,2026-06-13
한남동965,1,,서울특별시 용산구한남동 639-9,,,2022,,02-2199-7880,서울특별시 용산구청,2026-06-13
한남동966,1,,서울특별시 용산구한남동 641-4,,,2022,,02-2199-7880,서울특별시 용산구청,2026-06-13
한남동967,1,,서울특별시 용산구한남동 639-2,,,2022,,02-2199-7880,서울특별시 용산구청,2026-06-13
한남동968,1,,서울특별시 용산구한남동 641-4,,,2018,,02-2199-7880,서울특별시 용산구청,2026-06-13
한남동969,1,,서울특별시 용산구한남동 641-4,,,2023,,02-2199-7880,서울특별시 용산구청,2026-06-13
한남동97,1,,서울특별시 용산구한남동 657-111,,,2022,,02-2199-7880,서울특별시 용산구청,2026-06-13
한남동970,1,,서울특별시 용산구한남동 639-7,,,2022,,02-2199-7880,서울특별시 용산구청,2026-06-13
한남동971,1,,서울특별시 용산구한남동 639-5,,,2022,,02-2199-7880,서울특별시 용산구청,2026-06-13
한남동972,1,,서울특별시 용산구한남동 641-9,,,2022,,02-2199-7880,서울특별시 용산구청,2026-06-13
한남동973,1,,서울특별시 용산구한남동 632-4,,,2022,,02-2199-7880,서울특별시 용산구청,2026-06-13
한남동974,1,,서울특별시 용산구한남동 639-14,,,2012,,02-2199-7880,서울특별시 용산구청,2026-06-13
한남동975,1,,서울특별시 용산구한남동 639-14,,,2012,,02-2199-7880,서울특별시 용산구청,2026-06-13
한남동976,1,,서울특별시 용산구한남동 644-23,,,2022,,02-2199-7880,서울특별시 용산구청,2026-06-13
한남동977,1,,서울특별시 용산구한남동 644-2,,,2022,,02-2199-7880,서울특별시 용산구청,2026-06-13
한남동978,1,,서울특별시 용산구한남동 644-2,,,2022,,02-2199-7880,서울특별시 용산구청,2026-06-13
한남동979,1,,서울특별시 용산구한남동 645-3,,,2023,,02-2199-7880,서울특별시 용산구청,2026-06-13
한남동98,1,,서울특별시 용산구한남동 657-20,,,2022,,02-2199-7880,서울특별시 용산구청,2026-06-13
한남동980,1,,서울특별시 용산구한남동 644-13,,,2023,,02-2199-7880,서울특별시 용산구청,2026-06-13
한남동981,1,,서울특별시 용산구한남동 653-1,,,2022,,02-2199-7880,서울특별시 용산구청,2026-06-13
한남동982,1,,서울특별시 용산구한남동 653-4,,,2022,,02-2199-7880,서울특별시 용산구청,2026-06-13
한남동983,1,,서울특별시 용산구한남동 653-4,,,2022,,02-2199-7880,서울특별시 용산구청,2026-06-13
한남동984,1,,서울특별시 용산구한남동 653-55,,,2022,,02-2199-7880,서울특별시 용산구청,2026-06-13
한남동985,1,,서울특별시 용산구한남동 653-5,,,2022,,02-2199-7880,서울특별시 용산구청,2026-06-13
한남동986,1,,서울특별시 용산구한남동 653-46,,,2022,,02-2199-7880,서울특별시 용산구청,2026-06-13
한남동987,1,,서울특별시 용산구한남동 653-12,,,2022,,02-2199-7880,서울특별시 용산구청,2026-06-13
한남동988,1,,서울특별시 용산구한남동 653-49,,,2022,,02-2199-7880,서울특별시 용산구청,2026-06-13
한남동989,1,,서울특별시 용산구한남동 653-60,,,2022,,02-2199-7880,서울특별시 용산구청,2026-06-13
한남동99,1,,서울특별시 용산구한남동 657-20,,,2022,,02-2199-7880,서울특별시 용산구청,2026-06-13
한남동990,1,,서울특별시 용산구한남동 647-13,,,2022,,02-2199-7880,서울특별시 용산구청,2026-06-13
한남동991,1,,서울특별시 용산구한남동 647-7,,,2022,,02-2199-7880,서울특별시 용산구청,2026-06-13
한남동992,1,,서울특별시 용산구한남동 649-16,,,2022,,02-2199-7880,서울특별시 용산구청,2026-06-13
한남동993,1,,서울특별시 용산구한남동 647-55,,,2022,,02-2199-7880,서울특별시 용산구청,2026-06-13
한남동994,1,,서울특별시 용산구한남동 649-4,,,2022,,02-2199-7880,서울특별시 용산구청,2026-06-13
한남동995,1,,서울특별시 용산구한남동 649-4,,,2012,,02-2199-7880,서울특별시 용산구청,2026-06-13
한남동996,1,,서울특별시 용산구한남동 620-51,,,2022,,02-2199-7880,서울특별시 용산구청,2026-06-13
한남동997,1,,서울특별시 용산구한남동 620-95,,,2012,,02-2199-7880,서울특별시 용산구청,2026-06-13
한남동998,1,,서울특별시 용산구한남동 620-4,,,2012,,02-2199-7880,서울특별시 용산구청,2026-06-13
한남동999,1,,서울특별시 용산구한남동 620-4,,,2022,,02-2199-7880,서울특별시 용산구청,2026-06-13
효창동1,1,,서울특별시 용산구효창동 5-615,,,2012,,02-2199-7880,서울특별시 용산구청,2026-06-13
효창동10,1,,서울특별시 용산구효창동 5-300,,,2012,,02-2199-7880,서울특별시 용산구청,2026-06-13
효창동100,1,,서울특별시 용산구효창동 5-713,,,2012,,02-2199-7880,서울특별시 용산구청,2026-06-13
효창동101,1,,서울특별시 용산구효창동 5-713,,,2012,,02-2199-7880,서울특별시 용산구청,2026-06-13
효창동102,1,,서울특별시 용산구효창동 5-713,,,2019,,02-2199-7880,서울특별시 용산구청,2026-06-13
효창동103,1,,서울특별시 용산구효창동 5-198,,,2012,,02-2199-7880,서울특별시 용산구청,2026-06-13
효창동104,1,,서울특별시 용산구효창동 5-713,,,2014,,02-2199-7880,서울특별시 용산구청,2026-06-13
효창동105,1,,서울특별시 용산구효창동 5-713,,,2021,,02-2199-7880,서울특별시 용산구청,2026-06-13
효창동106,1,,서울특별시 용산구효창동 5-713,,,2021,,02-2199-7880,서울특별시 용산구청,2026-06-13
효창동107,1,,서울특별시 용산구효창동 5-213,,,2012,,02-2199-7880,서울특별시 용산구청,2026-06-13
효창동108,1,,서울특별시 용산구효창동 5-713,,,2021,,02-2199-7880,서울특별시 용산구청,2026-06-13
효창동109,1,,서울특별시 용산구효창동 5-713,,,2021,,02-2199-7880,서울특별시 용산구청,2026-06-13
효창동11,1,,서울특별시 용산구효창동 5-131,,,2012,,02-2199-7880,서울특별시 용산구청,2026-06-13
효창동110,1,,서울특별시 용산구효창동 5-713,,,2021,,02-2199-7880,서울특별시 용산구청,2026-06-13
효창동111,1,,서울특별시 용산구효창동 5-713,,,2021,,02-2199-7880,서울특별시 용산구청,2026-06-13
효창동112,1,,서울특별시 용산구효창동 5-713,,,2021,,02-2199-7880,서울특별시 용산구청,2026-06-13
효창동113,1,,서울특별시 용산구효창동 127-5,,,2021,,02-2199-7880,서울특별시 용산구청,2026-06-13
효창동114,1,,서울특별시 용산구효창동 5-713,,,2012,,02-2199-7880,서울특별시 용산구청,2026-06-13
효창동115,1,,서울특별시 용산구효창동 271,,,2012,,02-2199-7880,서울특별시 용산구청,2026-06-13
효창동116,1,,서울특별시 용산구효창동 271,,,2012,,02-2199-7880,서울특별시 용산구청,2026-06-13
효창동117,1,,서울특별시 용산구효창동 271,,,2012,,02-2199-7880,서울특별시 용산구청,2026-06-13
효창동118,1,,서울특별시 용산구효창동 5-713,,,2012,,02-2199-7880,서울특별시 용산구청,2026-06-13
효창동119,1,,서울특별시 용산구효창동 271,,,2012,,02-2199-7880,서울특별시 용산구청,2026-06-13
효창동12,1,,서울특별시 용산구효창동 5-713,,,2012,,02-2199-7880,서울특별시 용산구청,2026-06-13
효창동120,1,,서울특별시 용산구효창동 127-5,,,2022,,02-2199-7880,서울특별시 용산구청,2026-06-13
효창동121,1,,서울특별시 용산구효창동 5-713,,,2021,,02-2199-7880,서울특별시 용산구청,2026-06-13
효창동122,1,,서울특별시 용산구효창동 5-713,,,2021,,02-2199-7880,서울특별시 용산구청,2026-06-13
효창동123,1,,서울특별시 용산구효창동 5-713,,,2021,,02-2199-7880,서울특별시 용산구청,2026-06-13
효창동124,1,,서울특별시 용산구효창동 5-713,,,2021,,02-2199-7880,서울특별시 용산구청,2026-06-13
효창동125,1,,서울특별시 용산구효창동 5-343,,,2016,,02-2199-7880,서울특별시 용산구청,2026-06-13
효창동126,1,,서울특별시 용산구효창동 5-174,,,2012,,02-2199-7880,서울특별시 용산구청,2026-06-13
효창동127,1,,서울특별시 용산구효창동 5-713,,,2021,,02-2199-7880,서울특별시 용산구청,2026-06-13
효창동128,1,,서울특별시 용산구효창동 5-713,,,2021,,02-2199-7880,서울특별시 용산구청,2026-06-13
효창동129,1,,서울특별시 용산구효창동 5-158,,,2012,,02-2199-7880,서울특별시 용산구청,2026-06-13
효창동13,1,,서울특별시 용산구효창동 5-713,,,2012,,02-2199-7880,서울특별시 용산구청,2026-06-13
효창동130,1,,서울특별시 용산구효창동 5-339,,,2023,,02-2199-7880,서울특별시 용산구청,2026-06-13
효창동131,1,,서울특별시 용산구효창동 5-158,,,2023,,02-2199-7880,서울특별시 용산구청,2026-06-13
효창동132,1,,서울특별시 용산구효창동 5-125,,,2012,,02-2199-7880,서울특별시 용산구청,2026-06-13
효창동133,1,,서울특별시 용산구효창동 5-160,,,2012,,02-2199-7880,서울특별시 용산구청,2026-06-13
효창동134,1,,서울특별시 용산구효창동 5-713,,,2021,,02-2199-7880,서울특별시 용산구청,2026-06-13
효창동135,1,,서울특별시 용산구효창동 5-713,,,2021,,02-2199-7880,서울특별시 용산구청,2026-06-13
효창동136,1,,서울특별시 용산구효창동 5-713,,,2021,,02-2199-7880,서울특별시 용산구청,2026-06-13
효창동137,1,,서울특별시 용산구효창동 5-713,,,2021,,02-2199-7880,서울특별시 용산구청,2026-06-13
효창동138,1,,서울특별시 용산구효창동 127-1,,,2021,,02-2199-7880,서울특별시 용산구청,2026-06-13
효창동139,1,,서울특별시 용산구효창동 127-20,,,2021,,02-2199-7880,서울특별시 용산구청,2026-06-13
효창동14,1,,서울특별시 용산구효창동 5-713,,,2012,,02-2199-7880,서울특별시 용산구청,2026-06-13
효창동140,1,,서울특별시 용산구효창동 127-1,,,2021,,02-2199-7880,서울특별시 용산구청,2026-06-13
효창동141,1,,서울특별시 용산구효창동 127-1,,,2021,,02-2199-7880,서울특별시 용산구청,2026-06-13
효창동142,1,,서울특별시 용산구효창동 5-713,,,2021,,02-2199-7880,서울특별시 용산구청,2026-06-13
효창동143,1,,서울특별시 용산구효창동 5-713,,,2021,,02-2199-7880,서울특별시 용산구청,2026-06-13
효창동144,1,,서울특별시 용산구효창동 126-29,,,2021,,02-2199-7880,서울특별시 용산구청,2026-06-13
효창동145,1,,서울특별시 용산구효창동 5-529,,,2021,,02-2199-7880,서울특별시 용산구청,2026-06-13
효창동146,1,,서울특별시 용산구효창동 5-33,,,2021,,02-2199-7880,서울특별시 용산구청,2026-06-13
효창동147,1,,서울특별시 용산구효창동 5-33,,,2021,,02-2199-7880,서울특별시 용산구청,2026-06-13
효창동148,1,,서울특별시 용산구효창동 5-33,,,2021,,02-2199-7880,서울특별시 용산구청,2026-06-13
효창동149,1,,서울특별시 용산구효창동 5-361,,,2021,,02-2199-7880,서울특별시 용산구청,2026-06-13
효창동15,1,,서울특별시 용산구효창동 5-713,,,2012,,02-2199-7880,서울특별시 용산구청,2026-06-13
효창동150,1,,서울특별시 용산구효창동 5-370,,,2021,,02-2199-7880,서울특별시 용산구청,2026-06-13
효창동151,1,,서울특별시 용산구효창동 5-477,,,2021,,02-2199-7880,서울특별시 용산구청,2026-06-13
효창동152,1,,서울특별시 용산구효창동 126-24,,,2021,,02-2199-7880,서울특별시 용산구청,2026-06-13
효창동153,1,,서울특별시 용산구효창동 126-6,,,2021,,02-2199-7880,서울특별시 용산구청,2026-06-13
효창동154,1,,서울특별시 용산구효창동 126-6,,,2021,,02-2199-7880,서울특별시 용산구청,2026-06-13
효창동155,1,,서울특별시 용산구효창동 126-6,,,2021,,02-2199-7880,서울특별시 용산구청,2026-06-13
효창동156,1,,서울특별시 용산구효창동 136-3,,,2021,,02-2199-7880,서울특별시 용산구청,2026-06-13
효창동157,1,,서울특별시 용산구효창동 136-3,,,2021,,02-2199-7880,서울특별시 용산구청,2026-06-13
효창동158,1,,서울특별시 용산구효창동 136-3,,,2021,,02-2199-7880,서울특별시 용산구청,2026-06-13
효창동159,1,,서울특별시 용산구효창동 286-5,,,2012,,02-2199-7880,서울특별시 용산구청,2026-06-13
효창동16,1,,서울특별시 용산구효창동 5-713,,,2012,,02-2199-7880,서울특별시 용산구청,2026-06-13
효창동160,1,,서울특별시 용산구효창동 286-5,,,2018,,02-2199-7880,서울특별시 용산구청,2026-06-13
효창동161,1,,서울특별시 용산구효창동 286-5,,,2018,,02-2199-7880,서울특별시 용산구청,2026-06-13
효창동162,1,,서울특별시 용산구효창동 286-5,,,2018,,02-2199-7880,서울특별시 용산구청,2026-06-13
효창동163,1,,서울특별시 용산구효창동 286-5,,,2018,,02-2199-7880,서울특별시 용산구청,2026-06-13
효창동164,1,,서울특별시 용산구효창동 286,,,2018,,02-2199-7880,서울특별시 용산구청,2026-06-13
효창동165,1,,서울특별시 용산구효창동 126-4,,,2012,,02-2199-7880,서울특별시 용산구청,2026-06-13
효창동166,1,,서울특별시 용산구효창동 126-4,,,2012,,02-2199-7880,서울특별시 용산구청,2026-06-13
효창동167,1,,서울특별시 용산구효창동 126-4,,,2012,,02-2199-7880,서울특별시 용산구청,2026-06-13
효창동168,1,,서울특별시 용산구효창동 77-1,,,2012,,02-2199-7880,서울특별시 용산구청,2026-06-13
효창동169,1,,서울특별시 용산구효창동 199-5,,,2018,,02-2199-7880,서울특별시 용산구청,2026-06-13
효창동17,1,,서울특별시 용산구효창동 5-142,,,2012,,02-2199-7880,서울특별시 용산구청,2026-06-13
효창동170,1,,서울특별시 용산구효창동 199-5,,,2018,,02-2199-7880,서울특별시 용산구청,2026-06-13
효창동171,1,,서울특별시 용산구효창동 199-7,,,2018,,02-2199-7880,서울특별시 용산구청,2026-06-13
효창동172,1,,서울특별시 용산구효창동 199-7,,,2012,,02-2199-7880,서울특별시 용산구청,2026-06-13
효창동173,1,,서울특별시 용산구효창동 5-236,,,2021,,02-2199-7880,서울특별시 용산구청,2026-06-13
효창동174,1,,서울특별시 용산구효창동 199-7,,,2018,,02-2199-7880,서울특별시 용산구청,2026-06-13
효창동175,1,,서울특별시 용산구효창동 130-24,,,2018,,02-2199-7880,서울특별시 용산구청,2026-06-13
효창동176,1,,서울특별시 용산구효창동 5-713,,,2021,,02-2199-7880,서울특별시 용산구청,2026-06-13
효창동177,1,,서울특별시 용산구효창동 5-713,,,2021,,02-2199-7880,서울특별시 용산구청,2026-06-13
효창동178,1,,서울특별시 용산구효창동 5-713,,,2021,,02-2199-7880,서울특별시 용산구청,2026-06-13
효창동179,1,,서울특별시 용산구효창동 5-713,,,2018,,02-2199-7880,서울특별시 용산구청,2026-06-13
효창동18,1,,서울특별시 용산구효창동 5-713,,,2012,,02-2199-7880,서울특별시 용산구청,2026-06-13
효창동180,1,,서울특별시 용산구효창동 133-4,,,2021,,02-2199-7880,서울특별시 용산구청,2026-06-13
효창동181,1,,서울특별시 용산구효창동 136-2,,,2012,,02-2199-7880,서울특별시 용산구청,2026-06-13
효창동182,1,,서울특별시 용산구효창동 130-1,,,2021,,02-2199-7880,서울특별시 용산구청,2026-06-13
효창동183,1,,서울특별시 용산구효창동 130-8,,,2018,,02-2199-7880,서울특별시 용산구청,2026-06-13
효창동184,1,,서울특별시 용산구효창동 127-27,,,2018,,02-2199-7880,서울특별시 용산구청,2026-06-13
효창동185,1,,서울특별시 용산구효창동 5-2,,,2012,,02-2199-7880,서울특별시 용산구청,2026-06-13
효창동186,1,,서울특별시 용산구효창동 132-21,,,2012,,02-2199-7880,서울특별시 용산구청,2026-06-13
효창동187,1,,서울특별시 용산구효창동 132-52,,,2012,,02-2199-7880,서울특별시 용산구청,2026-06-13
효창동188,1,,서울특별시 용산구효창동 5-2,,,2012,,02-2199-7880,서울특별시 용산구청,2026-06-13
효창동189,1,,서울특별시 용산구효창동 5-2,,,2012,,02-2199-7880,서울특별시 용산구청,2026-06-13
효창동19,1,,서울특별시 용산구효창동 5-713,,,2012,,02-2199-7880,서울특별시 용산구청,2026-06-13
효창동190,1,,서울특별시 용산구효창동 5-2,,,2012,,02-2199-7880,서울특별시 용산구청,2026-06-13
효창동191,1,,서울특별시 용산구효창동 132-209,,,2012,,02-2199-7880,서울특별시 용산구청,2026-06-13
효창동192,1,,서울특별시 용산구효창동 5-2,,,2012,,02-2199-7880,서울특별시 용산구청,2026-06-13
효창동193,1,,서울특별시 용산구효창동 132-15,,,2016,,02-2199-7880,서울특별시 용산구청,2026-06-13
효창동194,1,,서울특별시 용산구효창동 5-2,,,2012,,02-2199-7880,서울특별시 용산구청,2026-06-13
효창동195,1,,서울특별시 용산구효창동 5-2,,,2012,,02-2199-7880,서울특별시 용산구청,2026-06-13
효창동196,1,,서울특별시 용산구효창동 5-2,,,2012,,02-2199-7880,서울특별시 용산구청,2026-06-13
효창동197,1,,서울특별시 용산구효창동 5-2,,,2012,,02-2199-7880,서울특별시 용산구청,2026-06-13
효창동198,1,,서울특별시 용산구효창동 5-2,,,2012,,02-2199-7880,서울특별시 용산구청,2026-06-13
효창동199,1,,서울특별시 용산구효창동 132-76,,,2012,,02-2199-7880,서울특별시 용산구청,2026-06-13
효창동2,1,,서울특별시 용산구효창동 5-616,,,2012,,02-2199-7880,서울특별시 용산구청,2026-06-13
효창동20,1,,서울특별시 용산구효창동 5-713,,,2012,,02-2199-7880,서울특별시 용산구청,2026-06-13
효창동200,1,,서울특별시 용산구효창동 2-5,,,2012,,02-2199-7880,서울특별시 용산구청,2026-06-13
효창동201,1,,서울특별시 용산구효창동 2-6,,,2021,,02-2199-7880,서울특별시 용산구청,2026-06-13
효창동202,1,,서울특별시 용산구효창동 1-8,,,2012,,02-2199-7880,서울특별시 용산구청,2026-06-13
효창동203,1,,서울특별시 용산구효창동 2-2,,,2012,,02-2199-7880,서울특별시 용산구청,2026-06-13
효창동204,1,,서울특별시 용산구효창동 2-38,,,2012,,02-2199-7880,서울특별시 용산구청,2026-06-13
효창동205,1,,서울특별시 용산구효창동 1-1,,,2012,,02-2199-7880,서울특별시 용산구청,2026-06-13
효창동206,1,,서울특별시 용산구효창동 2-26,,,2012,,02-2199-7880,서울특별시 용산구청,2026-06-13
효창동207,1,,서울특별시 용산구효창동 2-23,,,2012,,02-2199-7880,서울특별시 용산구청,2026-06-13
효창동208,1,,서울특별시 용산구효창동 2-24,,,2012,,02-2199-7880,서울특별시 용산구청,2026-06-13
효창동209,1,,서울특별시 용산구효창동 2-16,,,2012,,02-2199-7880,서울특별시 용산구청,2026-06-13
효창동21,1,,서울특별시 용산구효창동 5-712,,,2012,,02-2199-7880,서울특별시 용산구청,2026-06-13
효창동210,1,,서울특별시 용산구효창동 2-16,,,2012,,02-2199-7880,서울특별시 용산구청,2026-06-13
효창동211,1,,서울특별시 용산구효창동 132-64,,,2012,,02-2199-7880,서울특별시 용산구청,2026-06-13
효창동212,1,,서울특별시 용산구효창동 2-3,,,2012,,02-2199-7880,서울특별시 용산구청,2026-06-13
효창동213,1,,서울특별시 용산구효창동 5-2,,,2012,,02-2199-7880,서울특별시 용산구청,2026-06-13
효창동214,1,,서울특별시 용산구효창동 5-2,,,2012,,02-2199-7880,서울특별시 용산구청,2026-06-13
효창동215,1,,서울특별시 용산구효창동 5-2,,,2012,,02-2199-7880,서울특별시 용산구청,2026-06-13
효창동216,1,,서울특별시 용산구효창동 5-2,,,2015,,02-2199-7880,서울특별시 용산구청,2026-06-13
효창동217,1,,서울특별시 용산구효창동 5-22,,,2021,,02-2199-7880,서울특별시 용산구청,2026-06-13
효창동218,1,,서울특별시 용산구효창동 5-727,,,2012,,02-2199-7880,서울특별시 용산구청,2026-06-13
효창동219,1,,서울특별시 용산구효창동 5-725,,,2012,,02-2199-7880,서울특별시 용산구청,2026-06-13
효창동22,1,,서울특별시 용산구효창동 3-124,,,2012,,02-2199-7880,서울특별시 용산구청,2026-06-13
효창동220,1,,서울특별시 용산구효창동 5-2,,,2013,,02-2199-7880,서울특별시 용산구청,2026-06-13
효창동221,1,,서울특별시 용산구효창동 5-2,,,2018,,02-2199-7880,서울특별시 용산구청,2026-06-13
효창동222,1,,서울특별시 용산구효창동 5-2,,,2012,,02-2199-7880,서울특별시 용산구청,2026-06-13
효창동223,1,,서울특별시 용산구효창동 5-2,,,2012,,02-2199-7880,서울특별시 용산구청,2026-06-13
효창동224,1,,서울특별시 용산구효창동 5-2,,,2012,,02-2199-7880,서울특별시 용산구청,2026-06-13
효창동225,1,,서울특별시 용산구효창동 133-28,,,2012,,02-2199-7880,서울특별시 용산구청,2026-06-13
효창동226,1,,서울특별시 용산구효창동 133-28,,,2012,,02-2199-7880,서울특별시 용산구청,2026-06-13
효창동227,1,,서울특별시 용산구효창동 5-2,,,2012,,02-2199-7880,서울특별시 용산구청,2026-06-13
효창동228,1,,서울특별시 용산구효창동 5-2,,,2012,,02-2199-7880,서울특별시 용산구청,2026-06-13
효창동229,1,,서울특별시 용산구효창동 5-682,,,2012,,02-2199-7880,서울특별시 용산구청,2026-06-13
효창동23,1,,서울특별시 용산구효창동 3-124,,,2019,,02-2199-7880,서울특별시 용산구청,2026-06-13
효창동230,1,,서울특별시 용산구효창동 5-749,,,2012,,02-2199-7880,서울특별시 용산구청,2026-06-13
효창동231,1,,서울특별시 용산구효창동 5-749,,,2012,,02-2199-7880,서울특별시 용산구청,2026-06-13
효창동232,1,,서울특별시 용산구효창동 5-2,,,2012,,02-2199-7880,서울특별시 용산구청,2026-06-13
효창동233,1,,서울특별시 용산구효창동 5-2,,,2012,,02-2199-7880,서울특별시 용산구청,2026-06-13
효창동234,1,,서울특별시 용산구효창동 5-2,,,2012,,02-2199-7880,서울특별시 용산구청,2026-06-13
효창동235,1,,서울특별시 용산구효창동 5-2,,,2022,,02-2199-7880,서울특별시 용산구청,2026-06-13
효창동236,1,,서울특별시 용산구효창동 5-2,,,2012,,02-2199-7880,서울특별시 용산구청,2026-06-13
효창동237,1,,서울특별시 용산구효창동 5-521,,,2012,,02-2199-7880,서울특별시 용산구청,2026-06-13
효창동238,1,,서울특별시 용산구효창동 5-2,,,2022,,02-2199-7880,서울특별시 용산구청,2026-06-13
효창동239,1,,서울특별시 용산구효창동 5-2,,,2012,,02-2199-7880,서울특별시 용산구청,2026-06-13
효창동24,1,,서울특별시 용산구효창동 260-5,,,2012,,02-2199-7880,서울특별시 용산구청,2026-06-13
효창동240,1,,서울특별시 용산구효창동 5-2,,,2012,,02-2199-7880,서울특별시 용산구청,2026-06-13
효창동241,1,,서울특별시 용산구효창동 5-2,,,2012,,02-2199-7880,서울특별시 용산구청,2026-06-13
효창동242,1,,서울특별시 용산구효창동 5-44,,,2012,,02-2199-7880,서울특별시 용산구청,2026-06-13
효창동243,1,,서울특별시 용산구효창동 5-2,,,2018,,02-2199-7880,서울특별시 용산구청,2026-06-13
효창동244,1,,서울특별시 용산구효창동 5-2,,,2012,,02-2199-7880,서울특별시 용산구청,2026-06-13
효창동245,1,,서울특별시 용산구효창동 5-808,,,2012,,02-2199-7880,서울특별시 용산구청,2026-06-13
효창동246,1,,서울특별시 용산구효창동 5-15,,,2012,,02-2199-7880,서울특별시 용산구청,2026-06-13
효창동247,1,,서울특별시 용산구효창동 287-1,,,2012,,02-2199-7880,서울특별시 용산구청,2026-06-13
효창동248,1,,서울특별시 용산구효창동 5-2,,,2012,,02-2199-7880,서울특별시 용산구청,2026-06-13
효창동249,1,,서울특별시 용산구효창동 5-2,,,2013,,02-2199-7880,서울특별시 용산구청,2026-06-13
효창동25,1,,서울특별시 용산구효창동 3-124,,,2012,,02-2199-7880,서울특별시 용산구청,2026-06-13
효창동250,1,,서울특별시 용산구효창동 5-72,,,2012,,02-2199-7880,서울특별시 용산구청,2026-06-13
효창동251,1,,서울특별시 용산구효창동 5-2,,,2012,,02-2199-7880,서울특별시 용산구청,2026-06-13
효창동252,1,,서울특별시 용산구효창동 5-2,,,2012,,02-2199-7880,서울특별시 용산구청,2026-06-13
효창동253,1,,서울특별시 용산구효창동 5-437,,,2016,,02-2199-7880,서울특별시 용산구청,2026-06-13
효창동254,1,,서울특별시 용산구효창동 5-2,,,2012,,02-2199-7880,서울특별시 용산구청,2026-06-13
효창동255,1,,서울특별시 용산구효창동 5-2,,,2012,,02-2199-7880,서울특별시 용산구청,2026-06-13
효창동256,1,,서울특별시 용산구효창동 5-90,,,2016,,02-2199-7880,서울특별시 용산구청,2026-06-13
효창동257,1,,서울특별시 용산구효창동 5-2,,,2012,,02-2199-7880,서울특별시 용산구청,2026-06-13
효창동258,1,,서울특별시 용산구효창동 5-2,,,2012,,02-2199-7880,서울특별시 용산구청,2026-06-13
효창동259,1,,서울특별시 용산구효창동 5-2,,,2012,,02-2199-7880,서울특별시 용산구청,2026-06-13
효창동26,1,,서울특별시 용산구효창동 3-124,,,2020,,02-2199-7880,서울특별시 용산구청,2026-06-13
효창동260,1,,서울특별시 용산구효창동 5-2,,,2012,,02-2199-7880,서울특별시 용산구청,2026-06-13
효창동261,1,,서울특별시 용산구효창동 5-2,,,2012,,02-2199-7880,서울특별시 용산구청,2026-06-13
효창동262,1,,서울특별시 용산구효창동 5-74,,,2012,,02-2199-7880,서울특별시 용산구청,2026-06-13
효창동263,1,,서울특별시 용산구효창동 5-2,,,2022,,02-2199-7880,서울특별시 용산구청,2026-06-13
효창동264,1,,서울특별시 용산구효창동 5-785,,,2012,,02-2199-7880,서울특별시 용산구청,2026-06-13
효창동265,1,,서울특별시 용산구효창동 5-2,,,2012,,02-2199-7880,서울특별시 용산구청,2026-06-13
효창동266,1,,서울특별시 용산구효창동 5-2,,,2012,,02-2199-7880,서울특별시 용산구청,2026-06-13
효창동267,1,,서울특별시 용산구효창동 5-2,,,2012,,02-2199-7880,서울특별시 용산구청,2026-06-13
효창동268,1,,서울특별시 용산구효창동 5-52,,,2012,,02-2199-7880,서울특별시 용산구청,2026-06-13
효창동269,1,,서울특별시 용산구효창동 5-2,,,2012,,02-2199-7880,서울특별시 용산구청,2026-06-13
효창동27,1,,서울특별시 용산구효창동 3-130,,,2013,,02-2199-7880,서울특별시 용산구청,2026-06-13
효창동270,1,,서울특별시 용산구효창동 5-2,,,2012,,02-2199-7880,서울특별시 용산구청,2026-06-13
효창동271,1,,서울특별시 용산구효창동 5-2,,,2018,,02-2199-7880,서울특별시 용산구청,2026-06-13
효창동272,1,,서울특별시 용산구효창동 5-2,,,2012,,02-2199-7880,서울특별시 용산구청,2026-06-13
효창동273,1,,서울특별시 용산구효창동 5-427,,,2012,,02-2199-7880,서울특별시 용산구청,2026-06-13
효창동274,1,,서울특별시 용산구효창동 5-2,,,2012,,02-2199-7880,서울특별시 용산구청,2026-06-13
효창동275,1,,서울특별시 용산구효창동 5-427,,,2012,,02-2199-7880,서울특별시 용산구청,2026-06-13
효창동276,1,,서울특별시 용산구효창동 5-2,,,2012,,02-2199-7880,서울특별시 용산구청,2026-06-13
효창동277,1,,서울특별시 용산구효창동 5-109,,,2012,,02-2199-7880,서울특별시 용산구청,2026-06-13
효창동278,1,,서울특별시 용산구효창동 5-2,,,2022,,02-2199-7880,서울특별시 용산구청,2026-06-13
효창동279,1,,서울특별시 용산구효창동 5-352,,,2012,,02-2199-7880,서울특별시 용산구청,2026-06-13
효창동28,1,,서울특별시 용산구효창동 3-101,,,2012,,02-2199-7880,서울특별시 용산구청,2026-06-13
효창동280,1,,서울특별시 용산구효창동 5-107,,,2012,,02-2199-7880,서울특별시 용산구청,2026-06-13
효창동281,1,,서울특별시 용산구효창동 6-5,,,2012,,02-2199-7880,서울특별시 용산구청,2026-06-13
효창동282,1,,서울특별시 용산구효창동 6-5,,,2014,,02-2199-7880,서울특별시 용산구청,2026-06-13
효창동283,1,,서울특별시 용산구효창동 5-2,,,2012,,02-2199-7880,서울특별시 용산구청,2026-06-13
효창동284,1,,서울특별시 용산구효창동 5-97,,,2012,,02-2199-7880,서울특별시 용산구청,2026-06-13
효창동285,1,,서울특별시 용산구효창동 5-33,,,2012,,02-2199-7880,서울특별시 용산구청,2026-06-13
효창동286,1,,서울특별시 용산구효창동 5-33,,,2018,,02-2199-7880,서울특별시 용산구청,2026-06-13
효창동287,1,,서울특별시 용산구효창동 5-2,,,2012,,02-2199-7880,서울특별시 용산구청,2026-06-13
효창동288,1,,서울특별시 용산구효창동 5-33,,,2012,,02-2199-7880,서울특별시 용산구청,2026-06-13
효창동289,1,,서울특별시 용산구효창동 5-33,,,2018,,02-2199-7880,서울특별시 용산구청,2026-06-13
효창동29,1,,서울특별시 용산구효창동 3-110,,,2012,,02-2199-7880,서울특별시 용산구청,2026-06-13
효창동290,1,,서울특별시 용산구효창동 5-33,,,2012,,02-2199-7880,서울특별시 용산구청,2026-06-13
효창동291,1,,서울특별시 용산구효창동 5-33,,,2012,,02-2199-7880,서울특별시 용산구청,2026-06-13
효창동292,1,,서울특별시 용산구효창동 5-33,,,2012,,02-2199-7880,서울특별시 용산구청,2026-06-13
효창동293,1,,서울특별시 용산구효창동 5-33,,,2012,,02-2199-7880,서울특별시 용산구청,2026-06-13
효창동294,1,,서울특별시 용산구효창동 5-33,,,2012,,02-2199-7880,서울특별시 용산구청,2026-06-13
효창동295,1,,서울특별시 용산구효창동 5-33,,,2012,,02-2199-7880,서울특별시 용산구청,2026-06-13
효창동296,1,,서울특별시 용산구효창동 5-33,,,2012,,02-2199-7880,서울특별시 용산구청,2026-06-13
효창동297,1,,서울특별시 용산구효창동 5-33,,,2012,,02-2199-7880,서울특별시 용산구청,2026-06-13
효창동298,1,,서울특별시 용산구효창동 5-33,,,2012,,02-2199-7880,서울특별시 용산구청,2026-06-13
효창동299,1,,서울특별시 용산구효창동 6-5,,,2019,,02-2199-7880,서울특별시 용산구청,2026-06-13
효창동3,1,,서울특별시 용산구효창동 5-33,,,2021,,02-2199-7880,서울특별시 용산구청,2026-06-13
효창동30,1,,서울특별시 용산구효창동 3-39,,,2012,,02-2199-7880,서울특별시 용산구청,2026-06-13
효창동300,1,,서울특별시 용산구효창동 6-5,,,2016,,02-2199-7880,서울특별시 용산구청,2026-06-13
효창동301,1,,서울특별시 용산구효창동 6-5,,,2012,,02-2199-7880,서울특별시 용산구청,2026-06-13
효창동302,1,,서울특별시 용산구효창동 10-1,,,2022,,02-2199-7880,서울특별시 용산구청,2026-06-13
효창동303,1,,서울특별시 용산구효창동 11-2,,,2012,,02-2199-7880,서울특별시 용산구청,2026-06-13
효창동304,1,,서울특별시 용산구효창동 12-14,,,2012,,02-2199-7880,서울특별시 용산구청,2026-06-13
효창동305,1,,서울특별시 용산구효창동 12-14,,,2012,,02-2199-7880,서울특별시 용산구청,2026-06-13
효창동306,1,,서울특별시 용산구효창동 9-2,,,2020,,02-2199-7880,서울특별시 용산구청,2026-06-13
효창동307,1,,서울특별시 용산구효창동 6-49,,,2012,,02-2199-7880,서울특별시 용산구청,2026-06-13
효창동308,1,,서울특별시 용산구효창동 6-49,,,2012,,02-2199-7880,서울특별시 용산구청,2026-06-13
효창동309,1,,서울특별시 용산구효창동 12-14,,,2012,,02-2199-7880,서울특별시 용산구청,2026-06-13
효창동31,1,,서울특별시 용산구효창동 3-39,,,2012,,02-2199-7880,서울특별시 용산구청,2026-06-13
효창동310,1,,서울특별시 용산구효창동 246-1,,,2013,,02-2199-7880,서울특별시 용산구청,2026-06-13
효창동311,1,,서울특별시 용산구효창동 242-5,,,2012,,02-2199-7880,서울특별시 용산구청,2026-06-13
효창동312,1,,서울특별시 용산구효창동 240-1,,,2012,,02-2199-7880,서울특별시 용산구청,2026-06-13
효창동313,1,,서울특별시 용산구효창동 239-1,,,2012,,02-2199-7880,서울특별시 용산구청,2026-06-13
효창동314,1,,서울특별시 용산구효창동 237-3,,,2012,,02-2199-7880,서울특별시 용산구청,2026-06-13
효창동315,1,,서울특별시 용산구효창동 235-1,,,2012,,02-2199-7880,서울특별시 용산구청,2026-06-13
효창동316,1,,서울특별시 용산구효창동 278,,,2012,,02-2199-7880,서울특별시 용산구청,2026-06-13
효창동317,1,,서울특별시 용산구효창동 255-11,,,2022,,02-2199-7880,서울특별시 용산구청,2026-06-13
효창동318,1,,서울특별시 용산구효창동 255-11,,,2024,,02-2199-7880,서울특별시 용산구청,2026-06-13
효창동319,1,,서울특별시 용산구효창동 257-1,,,2024,,02-2199-7880,서울특별시 용산구청,2026-06-13
효창동32,1,,서울특별시 용산구효창동 3-80,,,2012,,02-2199-7880,서울특별시 용산구청,2026-06-13
효창동320,1,,서울특별시 용산구효창동 257-1,,,2024,,02-2199-7880,서울특별시 용산구청,2026-06-13
효창동321,1,,서울특별시 용산구효창동 257,,,2024,,02-2199-7880,서울특별시 용산구청,2026-06-13
효창동322,1,,서울특별시 용산구효창동 257-1,,,2024,,02-2199-7880,서울특별시 용산구청,2026-06-13
효창동323,1,,서울특별시 용산구효창동 257-1,,,2024,,02-2199-7880,서울특별시 용산구청,2026-06-13
효창동324,1,,서울특별시 용산구효창동 257-1,,,2024,,02-2199-7880,서울특별시 용산구청,2026-06-13
효창동325,1,,서울특별시 용산구효창동 257-1,,,2024,,02-2199-7880,서울특별시 용산구청,2026-06-13
효창동326,1,,서울특별시 용산구효창동 257-1,,,2024,,02-2199-7880,서울특별시 용산구청,2026-06-13
효창동327,1,,서울특별시 용산구효창동 257-1,,,2024,,02-2199-7880,서울특별시 용산구청,2026-06-13
효창동33,1,,서울특별시 용산구효창동 3-97,,,2016,,02-2199-7880,서울특별시 용산구청,2026-06-13
효창동34,1,,서울특별시 용산구효창동 3-69,,,2012,,02-2199-7880,서울특별시 용산구청,2026-06-13
효창동35,1,,서울특별시 용산구효창동 3-75,,,2012,,02-2199-7880,서울특별시 용산구청,2026-06-13
효창동36,1,,서울특별시 용산구효창동 3-88,,,2012,,02-2199-7880,서울특별시 용산구청,2026-06-13
효창동37,1,,서울특별시 용산구효창동 3-35,,,2023,,02-2199-7880,서울특별시 용산구청,2026-06-13
효창동38,1,,서울특별시 용산구효창동 3-188,,,2012,,02-2199-7880,서울특별시 용산구청,2026-06-13
효창동39,1,,서울특별시 용산구효창동 3-20,,,2012,,02-2199-7880,서울특별시 용산구청,2026-06-13
효창동4,1,,서울특별시 용산구효창동 5-713,,,2012,,02-2199-7880,서울특별시 용산구청,2026-06-13
효창동40,1,,서울특별시 용산구효창동 3-166,,,2016,,02-2199-7880,서울특별시 용산구청,2026-06-13
효창동41,1,,서울특별시 용산구효창동 3-174,,,2019,,02-2199-7880,서울특별시 용산구청,2026-06-13
효창동42,1,,서울특별시 용산구효창동 3-22,,,2023,,02-2199-7880,서울특별시 용산구청,2026-06-13
효창동43,1,,서울특별시 용산구효창동 3-146,,,2013,,02-2199-7880,서울특별시 용산구청,2026-06-13
효창동44,1,,서울특별시 용산구효창동 3-144,,,2012,,02-2199-7880,서울특별시 용산구청,2026-06-13
효창동45,1,,서울특별시 용산구효창동 255-1,,,2021,,02-2199-7880,서울특별시 용산구청,2026-06-13
효창동46,1,,서울특별시 용산구효창동 3-10,,,2012,,02-2199-7880,서울특별시 용산구청,2026-06-13
효창동47,1,,서울특별시 용산구효창동 3-57,,,2012,,02-2199-7880,서울특별시 용산구청,2026-06-13
효창동48,1,,서울특별시 용산구효창동 3-9,,,2012,,02-2199-7880,서울특별시 용산구청,2026-06-13
효창동480,1,,서울특별시 용산구효창동 3-99,,,2024,,02-2199-7880,서울특별시 용산구청,2026-06-13
효창동481,1,,서울특별시 용산구효창동 134-7,,,2024,,02-2199-7880,서울특별시 용산구청,2026-06-13
효창동482,1,,서울특별시 용산구효창동 134-7,,,2024,,02-2199-7880,서울특별시 용산구청,2026-06-13
효창동483,1,,서울특별시 용산구효창동 134-4,,,2024,,02-2199-7880,서울특별시 용산구청,2026-06-13
효창동484,1,,서울특별시 용산구효창동 134-4,,,2024,,02-2199-7880,서울특별시 용산구청,2026-06-13
효창동485,1,,서울특별시 용산구효창동 255-4,,,2024,,02-2199-7880,서울특별시 용산구청,2026-06-13
효창동486,1,,서울특별시 용산구효창동 255-4,,,2024,,02-2199-7880,서울특별시 용산구청,2026-06-13
효창동487,1,,서울특별시 용산구효창동 255-4,,,2024,,02-2199-7880,서울특별시 용산구청,2026-06-13
효창동488,1,,서울특별시 용산구효창동 255-4,,,2024,,02-2199-7880,서울특별시 용산구청,2026-06-13
효창동489,1,,서울특별시 용산구효창동 255-4,,,2024,,02-2199-7880,서울특별시 용산구청,2026-06-13
효창동49,1,,서울특별시 용산구효창동 3-9,,,2012,,02-2199-7880,서울특별시 용산구청,2026-06-13
효창동490,1,,서울특별시 용산구효창동 255-4,,,2024,,02-2199-7880,서울특별시 용산구청,2026-06-13
효창동492,1,,서울특별시 용산구효창동 255-4,,,2024,,02-2199-7880,서울특별시 용산구청,2026-06-13
효창동5,1,,서울특별시 용산구효창동 5-713,,,2012,,02-2199-7880,서울특별시 용산구청,2026-06-13
효창동50,1,,서울특별시 용산구효창동 3-264,,,2012,,02-2199-7880,서울특별시 용산구청,2026-06-13
효창동51,1,,서울특별시 용산구효창동 3-200,,,2018,,02-2199-7880,서울특별시 용산구청,2026-06-13
효창동52,1,,서울특별시 용산구효창동 3-5,,,2012,,02-2199-7880,서울특별시 용산구청,2026-06-13
효창동53,1,,서울특별시 용산구효창동 3-200,,,2012,,02-2199-7880,서울특별시 용산구청,2026-06-13
효창동54,1,,서울특별시 용산구효창동 3-200,,,2019,,02-2199-7880,서울특별시 용산구청,2026-06-13
효창동55,1,,서울특별시 용산구효창동 3-320,,,2012,,02-2199-7880,서울특별시 용산구청,2026-06-13
효창동56,1,,서울특별시 용산구효창동 3-48,,,2012,,02-2199-7880,서울특별시 용산구청,2026-06-13
효창동57,1,,서울특별시 용산구효창동 3-285,,,2012,,02-2199-7880,서울특별시 용산구청,2026-06-13
효창동58,1,,서울특별시 용산구효창동 3-285,,,2019,,02-2199-7880,서울특별시 용산구청,2026-06-13
효창동59,1,,서울특별시 용산구효창동 3-285,,,2019,,02-2199-7880,서울특별시 용산구청,2026-06-13
효창동6,1,,서울특별시 용산구효창동 5-713,,,2012,,02-2199-7880,서울특별시 용산구청,2026-06-13
효창동60,1,,서울특별시 용산구효창동 3-298,,,2012,,02-2199-7880,서울특별시 용산구청,2026-06-13
효창동61,1,,서울특별시 용산구효창동 3-288,,,2012,,02-2199-7880,서울특별시 용산구청,2026-06-13
효창동62,1,,서울특별시 용산구효창동 3-288,,,2018,,02-2199-7880,서울특별시 용산구청,2026-06-13
효창동63,1,,서울특별시 용산구효창동 3-150,,,2018,,02-2199-7880,서울특별시 용산구청,2026-06-13
효창동64,1,,서울특별시 용산구효창동 3-149,,,2018,,02-2199-7880,서울특별시 용산구청,2026-06-13
효창동65,1,,서울특별시 용산구효창동 3-365,,,2012,,02-2199-7880,서울특별시 용산구청,2026-06-13
효창동66,1,,서울특별시 용산구효창동 3-39,,,2012,,02-2199-7880,서울특별시 용산구청,2026-06-13
효창동67,1,,서울특별시 용산구효창동 139-8,,,2012,,02-2199-7880,서울특별시 용산구청,2026-06-13
효창동68,1,,서울특별시 용산구효창동 3-110,,,2012,,02-2199-7880,서울특별시 용산구청,2026-06-13
효창동69,1,,서울특별시 용산구효창동 3-136,,,2012,,02-2199-7880,서울특별시 용산구청,2026-06-13
효창동7,1,,서울특별시 용산구효창동 5-713,,,2012,,02-2199-7880,서울특별시 용산구청,2026-06-13
효창동70,1,,서울특별시 용산구효창동 5-713,,,2012,,02-2199-7880,서울특별시 용산구청,2026-06-13
효창동71,1,,서울특별시 용산구효창동 273,,,2012,,02-2199-7880,서울특별시 용산구청,2026-06-13
효창동72,1,,서울특별시 용산구효창동 5-713,,,2012,,02-2199-7880,서울특별시 용산구청,2026-06-13
효창동73,1,,서울특별시 용산구효창동 5-713,,,2012,,02-2199-7880,서울특별시 용산구청,2026-06-13
효창동74,1,,서울특별시 용산구효창동 5-713,,,2012,,02-2199-7880,서울특별시 용산구청,2026-06-13
효창동75,1,,서울특별시 용산구효창동 5-713,,,2019,,02-2199-7880,서울특별시 용산구청,2026-06-13
효창동76,1,,서울특별시 용산구효창동 5-713,,,2012,,02-2199-7880,서울특별시 용산구청,2026-06-13
효창동77,1,,서울특별시 용산구효창동 5-713,,,2016,,02-2199-7880,서울특별시 용산구청,2026-06-13
효창동78,1,,서울특별시 용산구효창동 5-713,,,2012,,02-2199-7880,서울특별시 용산구청,2026-06-13
효창동79,1,,서울특별시 용산구효창동 5-713,,,2015,,02-2199-7880,서울특별시 용산구청,2026-06-13
효창동8,1,,서울특별시 용산구효창동 5-713,,,2012,,02-2199-7880,서울특별시 용산구청,2026-06-13
효창동80,1,,서울특별시 용산구효창동 5-713,,,2012,,02-2199-7880,서울특별시 용산구청,2026-06-13
효창동81,1,,서울특별시 용산구효창동 5-713,,,2012,,02-2199-7880,서울특별시 용산구청,2026-06-13
효창동82,1,,서울특별시 용산구효창동 5-145,,,2012,,02-2199-7880,서울특별시 용산구청,2026-06-13
효창동83,1,,서울특별시 용산구효창동 5-195,,,2012,,02-2199-7880,서울특별시 용산구청,2026-06-13
효창동84,1,,서울특별시 용산구효창동 5-263,,,2012,,02-2199-7880,서울특별시 용산구청,2026-06-13
효창동85,1,,서울특별시 용산구효창동 5-145,,,2012,,02-2199-7880,서울특별시 용산구청,2026-06-13
효창동86,1,,서울특별시 용산구효창동 5-145,,,2012,,02-2199-7880,서울특별시 용산구청,2026-06-13
효창동87,1,,서울특별시 용산구효창동 5-713,,,2012,,02-2199-7880,서울특별시 용산구청,2026-06-13
효창동88,1,,서울특별시 용산구효창동 5-713,,,2012,,02-2199-7880,서울특별시 용산구청,2026-06-13
효창동89,1,,서울특별시 용산구효창동 5-713,,,2016,,02-2199-7880,서울특별시 용산구청,2026-06-13
효창동9,1,,서울특별시 용산구효창동 5-713,,,2012,,02-2199-7880,서울특별시 용산구청,2026-06-13
효창동90,1,,서울특별시 용산구효창동 5-713,,,2012,,02-2199-7880,서울특별시 용산구청,2026-06-13
효창동91,1,,서울특별시 용산구효창동 5-713,,,2012,,02-2199-7880,서울특별시 용산구청,2026-06-13
효창동92,1,,서울특별시 용산구효창동 5-713,,,2013,,02-2199-7880,서울특별시 용산구청,2026-06-13
효창동93,1,,서울특별시 용산구효창동 5-713,,,2012,,02-2199-7880,서울특별시 용산구청,2026-06-13
효창동94,1,,서울특별시 용산구효창동 5-334,,,2016,,02-2199-7880,서울특별시 용산구청,2026-06-13
효창동95,1,,서울특별시 용산구효창동 5-713,,,2012,,02-2199-7880,서울특별시 용산구청,2026-06-13
효창동96,1,,서울특별시 용산구효창동 5-713,,,2012,,02-2199-7880,서울특별시 용산구청,2026-06-13
효창동97,1,,서울특별시 용산구효창동 5-308,,,2012,,02-2199-7880,서울특별시 용산구청,2026-06-13
효창동98,1,,서울특별시 용산구효창동 5-713,,,2012,,02-2199-7880,서울특별시 용산구청,2026-06-13
효창동99,1,,서울특별시 용산구효창동 5-713,,,2022,,02-2199-7880,서울특별시 용산구청,2026-06-13
효창동구38,1,,서울특별시 용산구효창동 5-2,,,2022,,02-2199-7880,서울특별시 용산구청,2026-06-13
후암동10,1,,서울특별시 용산구후암동 244-9,,,2024,,02-2199-7880,서울특별시 용산구청,2026-06-13
후암동100(후암동424),1,,서울특별시 용산구후암동 30-26,,,2022,,02-2199-7880,서울특별시 용산구청,2026-06-13
후암동101(후암동599),1,,서울특별시 용산구후암동 30-36,,,2022,,02-2199-7880,서울특별시 용산구청,2026-06-13
후암동102(후암동598),1,,서울특별시 용산구후암동 30-164,,,2022,,02-2199-7880,서울특별시 용산구청,2026-06-13
후암동103,1,,서울특별시 용산구후암동 281-8,,,2012,,02-2199-7880,서울특별시 용산구청,2026-06-13
후암동103(후암동400),1,,서울특별시 용산구후암동 44-1,,,2022,,02-2199-7880,서울특별시 용산구청,2026-06-13
후암동104(후암동398),1,,서울특별시 용산구후암동 30-36,,,2022,,02-2199-7880,서울특별시 용산구청,2026-06-13
후암동104(후암동399),1,,서울특별시 용산구후암동 30-63,,,2022,,02-2199-7880,서울특별시 용산구청,2026-06-13
후암동105(후암동397),1,,서울특별시 용산구후암동 44-31,,,2022,,02-2199-7880,서울특별시 용산구청,2026-06-13
후암동106(후암동395),1,,서울특별시 용산구후암동 44-7,,,2022,,02-2199-7880,서울특별시 용산구청,2026-06-13
후암동107(후암동421),1,,서울특별시 용산구후암동 44-51,,,2022,,02-2199-7880,서울특별시 용산구청,2026-06-13
후암동108(후암동597),1,,서울특별시 용산구후암동 30-150,,,2022,,02-2199-7880,서울특별시 용산구청,2026-06-13
후암동109(후암동893),1,,서울특별시 용산구후암동 44-8,,,2022,,02-2199-7880,서울특별시 용산구청,2026-06-13
후암동113(후암동389),1,,서울특별시 용산구후암동 43-4,,,2022,,02-2199-7880,서울특별시 용산구청,2026-06-13
후암동114,1,,서울특별시 용산구후암동 297-7,,,2012,,02-2199-7880,서울특별시 용산구청,2026-06-13
후암동114(후암동388),1,,서울특별시 용산구후암동 46-9,,,2022,,02-2199-7880,서울특별시 용산구청,2026-06-13
후암동115(후암동390),1,,서울특별시 용산구후암동 44-58,,,2022,,02-2199-7880,서울특별시 용산구청,2026-06-13
후암동116(후암동422),1,,서울특별시 용산구후암동 44-64,,,2022,,02-2199-7880,서울특별시 용산구청,2026-06-13
후암동117(후암동423),1,,서울특별시 용산구후암동 44-36,,,2022,,02-2199-7880,서울특별시 용산구청,2026-06-13
후암동118(후암동574),1,,서울특별시 용산구후암동 41-15,,,2022,,02-2199-7880,서울특별시 용산구청,2026-06-13
후암동119(후암동392),1,,서울특별시 용산구후암동 44-9,,,2022,,02-2199-7880,서울특별시 용산구청,2026-06-13
후암동121(후암동576),1,,서울특별시 용산구후암동 41-15,,,2022,,02-2199-7880,서울특별시 용산구청,2026-06-13
후암동122(후암동578),1,,서울특별시 용산구후암동 27-40,,,2022,,02-2199-7880,서울특별시 용산구청,2026-06-13
후암동123(후암동579),1,,서울특별시 용산구후암동 41-18,,,2022,,02-2199-7880,서울특별시 용산구청,2026-06-13
후암동124(후암동580),1,,서울특별시 용산구후암동 60-79,,,2022,,02-2199-7880,서울특별시 용산구청,2026-06-13
후암동125(후암동396),1,,서울특별시 용산구후암동 44-11,,,2022,,02-2199-7880,서울특별시 용산구청,2026-06-13
후암동126(후암동582),1,,서울특별시 용산구후암동 27-3,,,2022,,02-2199-7880,서울특별시 용산구청,2026-06-13
후암동130(후암동581),1,,서울특별시 용산구후암동 27-7,,,2022,,02-2199-7880,서울특별시 용산구청,2026-06-13
후암동131(후암동584),1,,서울특별시 용산구후암동 60-32,,,2022,,02-2199-7880,서울특별시 용산구청,2026-06-13
후암동132(후암동587),1,,서울특별시 용산구후암동 60-32,,,2022,,02-2199-7880,서울특별시 용산구청,2026-06-13
후암동133(후암동586),1,,서울특별시 용산구후암동 60-76,,,2022,,02-2199-7880,서울특별시 용산구청,2026-06-13
후암동134(후암동589),1,,서울특별시 용산구후암동 60-32,,,2022,,02-2199-7880,서울특별시 용산구청,2026-06-13
후암동135(후암동590),1,,서울특별시 용산구후암동 60-32,,,2022,,02-2199-7880,서울특별시 용산구청,2026-06-13
후암동136(후암동593),1,,서울특별시 용산구후암동 60-32,,,2022,,02-2199-7880,서울특별시 용산구청,2026-06-13
후암동137(후암동591),1,,서울특별시 용산구후암동 60-32,,,2022,,02-2199-7880,서울특별시 용산구청,2026-06-13
후암동138(후암동594),1,,서울특별시 용산구후암동 60-5,,,2022,,02-2199-7880,서울특별시 용산구청,2026-06-13
후암동139(후암동595),1,,서울특별시 용산구후암동 60-54,,,2022,,02-2199-7880,서울특별시 용산구청,2026-06-13
후암동140(후암동596),1,,서울특별시 용산구후암동 60-46,,,2022,,02-2199-7880,서울특별시 용산구청,2026-06-13
후암동141(후암동572),1,,서울특별시 용산구후암동 244-3,,,2022,,02-2199-7880,서울특별시 용산구청,2026-06-13
후암동142(후암동393),1,,서울특별시 용산구후암동 44-7,,,2022,,02-2199-7880,서울특별시 용산구청,2026-06-13
후암동143(후암동573),1,,서울특별시 용산구후암동 60-78,,,2022,,02-2199-7880,서울특별시 용산구청,2026-06-13
후암동144(후암동394),1,,서울특별시 용산구후암동 44-18,,,2022,,02-2199-7880,서울특별시 용산구청,2026-06-13
후암동145(후암동420),1,,서울특별시 용산구후암동 41-37,,,2022,,02-2199-7880,서울특별시 용산구청,2026-06-13
후암동146,1,,서울특별시 용산구후암동 389-36,,,2012,,02-2199-7880,서울특별시 용산구청,2026-06-13
후암동146(후암동521),1,,서울특별시 용산구후암동 59-1,,,2022,,02-2199-7880,서울특별시 용산구청,2026-06-13
후암동147(후암동501),1,,서울특별시 용산구후암동 244-3,,,2022,,02-2199-7880,서울특별시 용산구청,2026-06-13
후암동148(후암동502),1,,서울특별시 용산구후암동 245-1,,,2022,,02-2199-7880,서울특별시 용산구청,2026-06-13
후암동149(후암동503),1,,서울특별시 용산구후암동 244-2,,,2022,,02-2199-7880,서울특별시 용산구청,2026-06-13
후암동150(후암동505),1,,서울특별시 용산구후암동 244-1,,,2022,,02-2199-7880,서울특별시 용산구청,2026-06-13
후암동151(후암동538),1,,서울특별시 용산구후암동 56-38,,,2022,,02-2199-7880,서울특별시 용산구청,2026-06-13
후암동152(후암동537),1,,서울특별시 용산구후암동 55-34,,,2022,,02-2199-7880,서울특별시 용산구청,2026-06-13
후암동153(후암동536),1,,서울특별시 용산구후암동 55-33,,,2022,,02-2199-7880,서울특별시 용산구청,2026-06-13
후암동154(후암동535),1,,서울특별시 용산구후암동 55-33,,,2022,,02-2199-7880,서울특별시 용산구청,2026-06-13
후암동155(후암동533),1,,서울특별시 용산구후암동 55-32,,,2022,,02-2199-7880,서울특별시 용산구청,2026-06-13
후암동156(후암동534),1,,서울특별시 용산구후암동 60-29,,,2022,,02-2199-7880,서울특별시 용산구청,2026-06-13
후암동157(후암동532),1,,서울특별시 용산구후암동 58-48,,,2022,,02-2199-7880,서울특별시 용산구청,2026-06-13
후암동158(후암동522),1,,서울특별시 용산구후암동 58-14,,,2022,,02-2199-7880,서울특별시 용산구청,2026-06-13
후암동159(후암동419),1,,서울특별시 용산구후암동 47-1,,,2022,,02-2199-7880,서울특별시 용산구청,2026-06-13
후암동16(후암동546),1,,서울특별시 용산구후암동 443-1,,,2021,,02-2199-7880,서울특별시 용산구청,2026-06-13
후암동161(후암동387),1,,서울특별시 용산구후암동 43-18,,,2022,,02-2199-7880,서울특별시 용산구청,2026-06-13
후암동162(후암동938),1,,서울특별시 용산구후암동 43-18,,,2022,,02-2199-7880,서울특별시 용산구청,2026-06-13
후암동163(후암동411),1,,서울특별시 용산구후암동 45-11,,,2022,,02-2199-7880,서울특별시 용산구청,2026-06-13
후암동164(후암동412),1,,서울특별시 용산구후암동 45-11,,,2022,,02-2199-7880,서울특별시 용산구청,2026-06-13
후암동165(후암동414),1,,서울특별시 용산구후암동 45-9,,,2022,,02-2199-7880,서울특별시 용산구청,2026-06-13
후암동166(후암동410),1,,서울특별시 용산구후암동 45-9,,,2022,,02-2199-7880,서울특별시 용산구청,2026-06-13
후암동167(후암동173),1,,서울특별시 용산구후암동 48-25,,,2022,,02-2199-7880,서울특별시 용산구청,2026-06-13
후암동168(후암동172),1,,서울특별시 용산구후암동 45-13,,,2022,,02-2199-7880,서울특별시 용산구청,2026-06-13
후암동169(후암동171),1,,서울특별시 용산구후암동 45-27,,,2022,,02-2199-7880,서울특별시 용산구청,2026-06-13
후암동170(후암동416),1,,서울특별시 용산구후암동 48-1,,,2022,,02-2199-7880,서울특별시 용산구청,2026-06-13
후암동171(후암동417),1,,서울특별시 용산구후암동 47-8,,,2022,,02-2199-7880,서울특별시 용산구청,2026-06-13
후암동172(후암동520),1,,서울특별시 용산구후암동 48-34,,,2022,,02-2199-7880,서울특별시 용산구청,2026-06-13
후암동173(후암동519),1,,서울특별시 용산구후암동 48-15,,,2022,,02-2199-7880,서울특별시 용산구청,2026-06-13
후암동174(후암동176),1,,서울특별시 용산구후암동 55-5,,,2022,,02-2199-7880,서울특별시 용산구청,2026-06-13
후암동175(후암동523),1,,서울특별시 용산구후암동 48-34,,,2022,,02-2199-7880,서울특별시 용산구청,2026-06-13
후암동176(후암동524),1,,서울특별시 용산구후암동 48-22,,,2022,,02-2199-7880,서울특별시 용산구청,2026-06-13
후암동177(후암동526),1,,서울특별시 용산구후암동 55-28,,,2022,,02-2199-7880,서울특별시 용산구청,2026-06-13
후암동178(529),1,,서울특별시 용산구후암동 55-28,,,2022,,02-2199-7880,서울특별시 용산구청,2026-06-13
후암동179(후암동530),1,,서울특별시 용산구후암동 55-28,,,2022,,02-2199-7880,서울특별시 용산구청,2026-06-13
후암동180(후암동531),1,,서울특별시 용산구후암동 55-28,,,2022,,02-2199-7880,서울특별시 용산구청,2026-06-13
후암동181,1,,서울특별시 용산구후암동 339-4,,,2012,,02-2199-7880,서울특별시 용산구청,2026-06-13
후암동181(후암동506),1,,서울특별시 용산구후암동 244-82,,,2022,,02-2199-7880,서울특별시 용산구청,2026-06-13
후암동182,1,,서울특별시 용산구후암동 339-5,,,2012,,02-2199-7880,서울특별시 용산구청,2026-06-13
후암동182(후암동507),1,,서울특별시 용산구후암동 52-4,,,2021,,02-2199-7880,서울특별시 용산구청,2026-06-13
후암동183,1,,서울특별시 용산구후암동 55-12,,,2022,,02-2199-7880,서울특별시 용산구청,2026-06-13
후암동184,1,,서울특별시 용산구후암동 55-24,,,2022,,02-2199-7880,서울특별시 용산구청,2026-06-13
후암동185,1,,서울특별시 용산구후암동 340-9,,,2012,,02-2199-7880,서울특별시 용산구청,2026-06-13
후암동185(후암동511),1,,서울특별시 용산구후암동 55-28,,,2022,,02-2199-7880,서울특별시 용산구청,2026-06-13
후암동186,1,,서울특별시 용산구후암동 339-4,,,2024,,02-2199-7880,서울특별시 용산구청,2026-06-13
후암동186(후암동512),1,,서울특별시 용산구후암동 55-10,,,2022,,02-2199-7880,서울특별시 용산구청,2026-06-13
후암동187,1,,서울특별시 용산구후암동 339-4,,,2024,,02-2199-7880,서울특별시 용산구청,2026-06-13
후암동187(후암동513),1,,서울특별시 용산구후암동 55-15,,,2022,,02-2199-7880,서울특별시 용산구청,2026-06-13
후암동188(후암동525),1,,서울특별시 용산구후암동 48-19,,,2022,,02-2199-7880,서울특별시 용산구청,2026-06-13
후암동189(후암동515),1,,서울특별시 용산구후암동 48-14,,,2022,,02-2199-7880,서울특별시 용산구청,2026-06-13
후암동190(후암동516),1,,서울특별시 용산구후암동 48-17,,,2022,,02-2199-7880,서울특별시 용산구청,2026-06-13
후암동191,1,,서울특별시 용산구후암동 344-11,,,2024,,02-2199-7880,서울특별시 용산구청,2026-06-13
후암동191(후암동517),1,,서울특별시 용산구후암동 48-26,,,2022,,02-2199-7880,서울특별시 용산구청,2026-06-13
후암동192(후암동175),1,,서울특별시 용산구후암동 48-17,,,2022,,02-2199-7880,서울특별시 용산구청,2026-06-13
후암동193,1,,서울특별시 용산구후암동 343-11,,,2024,,02-2199-7880,서울특별시 용산구청,2026-06-13
후암동193(후암동514),1,,서울특별시 용산구후암동 48-11,,,2022,,02-2199-7880,서울특별시 용산구청,2026-06-13
후암동194(후암동177),1,,서울특별시 용산구후암동 51-3,,,2022,,02-2199-7880,서울특별시 용산구청,2026-06-13
후암동195,1,,서울특별시 용산구후암동 352-31,,,2024,,02-2199-7880,서울특별시 용산구청,2026-06-13
후암동195(후암동179),1,,서울특별시 용산구후암동 51-3,,,2021,,02-2199-7880,서울특별시 용산구청,2026-06-13
후암동196(후암동180),1,,서울특별시 용산구후암동 50-4,,,2021,,02-2199-7880,서울특별시 용산구청,2026-06-13
후암동201,1,,서울특별시 용산구후암동 358-25,,,2024,,02-2199-7880,서울특별시 용산구청,2026-06-13
후암동202,1,,서울특별시 용산구후암동 341-4,,,2012,,02-2199-7880,서울특별시 용산구청,2026-06-13
후암동203,1,,서울특별시 용산구후암동 358-38,,,2012,,02-2199-7880,서울특별시 용산구청,2026-06-13
후암동204,1,,서울특별시 용산구후암동 358-60,,,2012,,02-2199-7880,서울특별시 용산구청,2026-06-13
후암동205,1,,서울특별시 용산구후암동 358-20,,,2024,,02-2199-7880,서울특별시 용산구청,2026-06-13
후암동206,1,,서울특별시 용산구후암동 358-20,,,2012,,02-2199-7880,서울특별시 용산구청,2026-06-13
후암동207,1,,서울특별시 용산구후암동 358-27,,,2012,,02-2199-7880,서울특별시 용산구청,2026-06-13
후암동208,1,,서울특별시 용산구후암동 358-28,,,2012,,02-2199-7880,서울특별시 용산구청,2026-06-13
후암동209,1,,서울특별시 용산구후암동 358-64,,,2012,,02-2199-7880,서울특별시 용산구청,2026-06-13
후암동210,1,,서울특별시 용산구후암동 358-30,,,2012,,02-2199-7880,서울특별시 용산구청,2026-06-13
후암동210(후암동402),1,,서울특별시 용산구후암동 45-52,,,2022,,02-2199-7880,서울특별시 용산구청,2026-06-13
후암동211,1,,서울특별시 용산구후암동 358-20,,,2012,,02-2199-7880,서울특별시 용산구청,2026-06-13
후암동211(후암동403),1,,서울특별시 용산구후암동 45-62,,,2022,,02-2199-7880,서울특별시 용산구청,2026-06-13
후암동212,1,,서울특별시 용산구후암동 358-83,,,2012,,02-2199-7880,서울특별시 용산구청,2026-06-13
후암동212(후암동404),1,,서울특별시 용산구후암동 45-61,,,2022,,02-2199-7880,서울특별시 용산구청,2026-06-13
후암동213,1,,서울특별시 용산구후암동 358-193,,,2012,,02-2199-7880,서울특별시 용산구청,2026-06-13
후암동213(후암동405),1,,서울특별시 용산구후암동 45-39,,,2022,,02-2199-7880,서울특별시 용산구청,2026-06-13
후암동214,1,,서울특별시 용산구후암동 406-75,,,2024,,02-2199-7880,서울특별시 용산구청,2026-06-13
후암동214(후암동406),1,,서울특별시 용산구후암동 45-39,,,2022,,02-2199-7880,서울특별시 용산구청,2026-06-13
후암동215,1,,서울특별시 용산구후암동 406-96,,,2012,,02-2199-7880,서울특별시 용산구청,2026-06-13
후암동215(후암동407),1,,서울특별시 용산구후암동 45-62,,,2022,,02-2199-7880,서울특별시 용산구청,2026-06-13
후암동216,1,,서울특별시 용산구후암동 406-96,,,2012,,02-2199-7880,서울특별시 용산구청,2026-06-13
후암동216(후암동408),1,,서울특별시 용산구후암동 336-38,,,2022,,02-2199-7880,서울특별시 용산구청,2026-06-13
후암동217,1,,서울특별시 용산구후암동 406-96,,,2024,,02-2199-7880,서울특별시 용산구청,2026-06-13
후암동217(후암동409),1,,서울특별시 용산구후암동 336-38,,,2022,,02-2199-7880,서울특별시 용산구청,2026-06-13
후암동218,1,,서울특별시 용산구후암동 358-71,,,2024,,02-2199-7880,서울특별시 용산구청,2026-06-13
후암동219,1,,서울특별시 용산구후암동 358-69,,,2024,,02-2199-7880,서울특별시 용산구청,2026-06-13
후암동219(후암동169),1,,서울특별시 용산구후암동 45-40,,,2022,,02-2199-7880,서울특별시 용산구청,2026-06-13
후암동220,1,,서울특별시 용산구후암동 358-74,,,2024,,02-2199-7880,서울특별시 용산구청,2026-06-13
후암동220(후암동168),1,,서울특별시 용산구후암동 335-1,,,2022,,02-2199-7880,서울특별시 용산구청,2026-06-13
후암동221,1,,서울특별시 용산구후암동 358-73,,,2024,,02-2199-7880,서울특별시 용산구청,2026-06-13
후암동221(후암동167),1,,서울특별시 용산구후암동 49-38,,,2022,,02-2199-7880,서울특별시 용산구청,2026-06-13
후암동222,1,,서울특별시 용산구후암동 406-93,,,2024,,02-2199-7880,서울특별시 용산구청,2026-06-13
후암동222(후암동166),1,,서울특별시 용산구후암동 49-4,,,2022,,02-2199-7880,서울특별시 용산구청,2026-06-13
후암동223,1,,서울특별시 용산구후암동 358-54,,,2024,,02-2199-7880,서울특별시 용산구청,2026-06-13
후암동223(후암동164),1,,서울특별시 용산구후암동 49-22,,,2022,,02-2199-7880,서울특별시 용산구청,2026-06-13
후암동224,1,,서울특별시 용산구후암동 400-15,,,2024,,02-2199-7880,서울특별시 용산구청,2026-06-13
후암동224(후암동165),1,,서울특별시 용산구후암동 49-19,,,2022,,02-2199-7880,서울특별시 용산구청,2026-06-13
후암동225,1,,서울특별시 용산구후암동 400-15,,,2024,,02-2199-7880,서울특별시 용산구청,2026-06-13
후암동225(후암동163),1,,서울특별시 용산구후암동 49-51,,,2022,,02-2199-7880,서울특별시 용산구청,2026-06-13
후암동226(A),1,,서울특별시 용산구후암동 301-3,,,2022,,02-2199-7880,서울특별시 용산구청,2026-06-13
후암동227,1,,서울특별시 용산구후암동 400-15,,,2024,,02-2199-7880,서울특별시 용산구청,2026-06-13
후암동227(후암동901),1,,서울특별시 용산구후암동 302,,,2021,,02-2199-7880,서울특별시 용산구청,2026-06-13
후암동228,1,,서울특별시 용산구후암동 358-49,,,2012,,02-2199-7880,서울특별시 용산구청,2026-06-13
후암동228(후암동900),1,,서울특별시 용산구후암동 302,,,2021,,02-2199-7880,서울특별시 용산구청,2026-06-13
후암동229,1,,서울특별시 용산구후암동 358-54,,,2024,,02-2199-7880,서울특별시 용산구청,2026-06-13
후암동229(후암동155),1,,서울특별시 용산구후암동 335-8,,,2022,,02-2199-7880,서울특별시 용산구청,2026-06-13
후암동23(후암동493),1,,서울특별시 용산구후암동 435-23,,,2021,,02-2199-7880,서울특별시 용산구청,2026-06-13
후암동230,1,,서울특별시 용산구후암동 358-35,,,2024,,02-2199-7880,서울특별시 용산구청,2026-06-13
후암동230(후암동156),1,,서울특별시 용산구후암동 335-7,,,2022,,02-2199-7880,서울특별시 용산구청,2026-06-13
후암동231(후암동157),1,,서울특별시 용산구후암동 335-9,,,2022,,02-2199-7880,서울특별시 용산구청,2026-06-13
후암동232(후암동158),1,,서울특별시 용산구후암동 335-4,,,2022,,02-2199-7880,서울특별시 용산구청,2026-06-13
후암동233(후암동159),1,,서울특별시 용산구후암동 335-5,,,2022,,02-2199-7880,서울특별시 용산구청,2026-06-13
후암동234,1,,서울특별시 용산구후암동 399-3,,,2024,,02-2199-7880,서울특별시 용산구청,2026-06-13
후암동234(후암동160),1,,서울특별시 용산구후암동 336-8,,,2022,,02-2199-7880,서울특별시 용산구청,2026-06-13
후암동235(후암동161),1,,서울특별시 용산구후암동 336-8,,,2022,,02-2199-7880,서울특별시 용산구청,2026-06-13
후암동236,1,,서울특별시 용산구후암동 399-3,,,2024,,02-2199-7880,서울특별시 용산구청,2026-06-13
후암동236(후암동344),1,,서울특별시 용산구후암동 336-31,,,2022,,02-2199-7880,서울특별시 용산구청,2026-06-13
후암동237,1,,서울특별시 용산구후암동 399-16,,,2024,,02-2199-7880,서울특별시 용산구청,2026-06-13
후암동237(후암동375),1,,서울특별시 용산구후암동 326-1,,,2022,,02-2199-7880,서울특별시 용산구청,2026-06-13
후암동238,1,,서울특별시 용산구후암동 400-46,,,2024,,02-2199-7880,서울특별시 용산구청,2026-06-13
후암동238(후암동346),1,,서울특별시 용산구후암동 345-5,,,2022,,02-2199-7880,서울특별시 용산구청,2026-06-13
후암동239,1,,서울특별시 용산구후암동 402-45,,,2024,,02-2199-7880,서울특별시 용산구청,2026-06-13
후암동239(후암동194),1,,서울특별시 용산구후암동 345-6,,,2022,,02-2199-7880,서울특별시 용산구청,2026-06-13
후암동24(후암동489),1,,서울특별시 용산구후암동 435-27,,,2021,,02-2199-7880,서울특별시 용산구청,2026-06-13
후암동240(A),1,,서울특별시 용산구후암동 352-6,,,2022,,02-2199-7880,서울특별시 용산구청,2026-06-13
후암동241(A),1,,서울특별시 용산구후암동 352-20,,,2022,,02-2199-7880,서울특별시 용산구청,2026-06-13
후암동242,1,,서울특별시 용산구후암동 402-50,,,2024,,02-2199-7880,서울특별시 용산구청,2026-06-13
후암동242(후암동192),1,,서울특별시 용산구후암동 344-6,,,2022,,02-2199-7880,서울특별시 용산구청,2026-06-13
후암동243,1,,서울특별시 용산구후암동 352-9,,,2022,,02-2199-7880,서울특별시 용산구청,2026-06-13
후암동244,1,,서울특별시 용산구후암동 406-92,,,2024,,02-2199-7880,서울특별시 용산구청,2026-06-13
후암동244(후암동347),1,,서울특별시 용산구후암동 348-1,,,2022,,02-2199-7880,서울특별시 용산구청,2026-06-13
후암동245,1,,서울특별시 용산구후암동 352-10,,,2022,,02-2199-7880,서울특별시 용산구청,2026-06-13
후암동246,1,,서울특별시 용산구후암동 402-40,,,2024,,02-2199-7880,서울특별시 용산구청,2026-06-13
후암동246(후암동932),1,,서울특별시 용산구후암동 361-3,,,2022,,02-2199-7880,서울특별시 용산구청,2026-06-13
후암동247,1,,서울특별시 용산구후암동 402-3,,,2024,,02-2199-7880,서울특별시 용산구청,2026-06-13
후암동247(후암동350),1,,서울특별시 용산구후암동 362,,,2022,,02-2199-7880,서울특별시 용산구청,2026-06-13
후암동248,1,,서울특별시 용산구후암동 402-40,,,2024,,02-2199-7880,서울특별시 용산구청,2026-06-13
후암동248(후암동352),1,,서울특별시 용산구후암동 397-1,,,2022,,02-2199-7880,서울특별시 용산구청,2026-06-13
후암동249,1,,서울특별시 용산구후암동 406-38,,,2012,,02-2199-7880,서울특별시 용산구청,2026-06-13
후암동249(후암동354),1,,서울특별시 용산구후암동 399-16,,,2022,,02-2199-7880,서울특별시 용산구청,2026-06-13
후암동25(후암동490),1,,서울특별시 용산구후암동 429-1,,,2022,,02-2199-7880,서울특별시 용산구청,2026-06-13
후암동250,1,,서울특별시 용산구후암동 411-9,,,2021,,02-2199-7880,서울특별시 용산구청,2026-06-13
후암동250(후암동353),1,,서울특별시 용산구후암동 397-4,,,2022,,02-2199-7880,서울특별시 용산구청,2026-06-13
후암동251,1,,서울특별시 용산구후암동 406-16,,,2024,,02-2199-7880,서울특별시 용산구청,2026-06-13
후암동251(후암동351),1,,서울특별시 용산구후암동 367-1,,,2022,,02-2199-7880,서울특별시 용산구청,2026-06-13
후암동252,1,,서울특별시 용산구후암동 410-3,,,2012,,02-2199-7880,서울특별시 용산구청,2026-06-13
후암동252(후암동367),1,,서울특별시 용산구후암동 350-1,,,2022,,02-2199-7880,서울특별시 용산구청,2026-06-13
후암동253,1,,서울특별시 용산구후암동 406-32,,,2012,,02-2199-7880,서울특별시 용산구청,2026-06-13
후암동253(후암동368),1,,서울특별시 용산구후암동 350-3,,,2022,,02-2199-7880,서울특별시 용산구청,2026-06-13
후암동254,1,,서울특별시 용산구후암동 406-107,,,2012,,02-2199-7880,서울특별시 용산구청,2026-06-13
후암동254(후암동369),1,,서울특별시 용산구후암동 349-1,,,2022,,02-2199-7880,서울특별시 용산구청,2026-06-13
후암동255,1,,서울특별시 용산구후암동 406-30,,,2012,,02-2199-7880,서울특별시 용산구청,2026-06-13
후암동255(후암동370),1,,서울특별시 용산구후암동 345-17,,,2022,,02-2199-7880,서울특별시 용산구청,2026-06-13
후암동256,1,,서울특별시 용산구후암동 406-30,,,2012,,02-2199-7880,서울특별시 용산구청,2026-06-13
후암동256(후암동374),1,,서울특별시 용산구후암동 326-1,,,2022,,02-2199-7880,서울특별시 용산구청,2026-06-13
후암동257,1,,서울특별시 용산구후암동 406-100,,,2021,,02-2199-7880,서울특별시 용산구청,2026-06-13
후암동257(후암동373),1,,서울특별시 용산구후암동 326-1,,,2022,,02-2199-7880,서울특별시 용산구청,2026-06-13
후암동258,1,,서울특별시 용산구후암동 406-111,,,2012,,02-2199-7880,서울특별시 용산구청,2026-06-13
후암동259,1,,서울특별시 용산구후암동 406-113,,,2012,,02-2199-7880,서울특별시 용산구청,2026-06-13
후암동259(후암동9),1,,서울특별시 용산구후암동 244-1,,,2022,,02-2199-7880,서울특별시 용산구청,2026-06-13
후암동26(후암동491),1,,서울특별시 용산구후암동 429-2,,,2022,,02-2199-7880,서울특별시 용산구청,2026-06-13
후암동260,1,,서울특별시 용산구후암동 406-106,,,2012,,02-2199-7880,서울특별시 용산구청,2026-06-13
후암동260(후암동8),1,,서울특별시 용산구후암동 244-130,,,2022,,02-2199-7880,서울특별시 용산구청,2026-06-13
후암동261,1,,서울특별시 용산구후암동 406-30,,,2012,,02-2199-7880,서울특별시 용산구청,2026-06-13
후암동261(후암동7),1,,서울특별시 용산구후암동 244-87,,,2022,,02-2199-7880,서울특별시 용산구청,2026-06-13
후암동262,1,,서울특별시 용산구후암동 406-55,,,2024,,02-2199-7880,서울특별시 용산구청,2026-06-13
후암동262(후암동6),1,,서울특별시 용산구후암동 244-88,,,2022,,02-2199-7880,서울특별시 용산구청,2026-06-13
후암동263,1,,서울특별시 용산구후암동 406-39,,,2014,,02-2199-7880,서울특별시 용산구청,2026-06-13
후암동263(후암동5),1,,서울특별시 용산구후암동 244-103,,,2022,,02-2199-7880,서울특별시 용산구청,2026-06-13
후암동264,1,,서울특별시 용산구후암동 406-30,,,2014,,02-2199-7880,서울특별시 용산구청,2026-06-13
후암동264(후암동11),1,,서울특별시 용산구후암동 244-1,,,2022,,02-2199-7880,서울특별시 용산구청,2026-06-13
후암동265,1,,서울특별시 용산구후암동 406,,,2024,,02-2199-7880,서울특별시 용산구청,2026-06-13
후암동265(후암동4),1,,서울특별시 용산구후암동 244-1,,,2022,,02-2199-7880,서울특별시 용산구청,2026-06-13
후암동266,1,,서울특별시 용산구후암동 406-39,,,2014,,02-2199-7880,서울특별시 용산구청,2026-06-13
후암동266(후암동3),1,,서울특별시 용산구후암동 244-1,,,2022,,02-2199-7880,서울특별시 용산구청,2026-06-13
후암동267,1,,서울특별시 용산구후암동 406-30,,,2014,,02-2199-7880,서울특별시 용산구청,2026-06-13
후암동267(후암동1),1,,서울특별시 용산구후암동 244-107,,,2022,,02-2199-7880,서울특별시 용산구청,2026-06-13
후암동268,1,,서울특별시 용산구후암동 406-97,,,2024,,02-2199-7880,서울특별시 용산구청,2026-06-13
후암동268(후암동2),1,,서울특별시 용산구후암동 244-1,,,2022,,02-2199-7880,서울특별시 용산구청,2026-06-13
후암동269,1,,서울특별시 용산구후암동 406-97,,,2024,,02-2199-7880,서울특별시 용산구청,2026-06-13
후암동269(후암동21),1,,서울특별시 용산구후암동 244-108,,,2022,,02-2199-7880,서울특별시 용산구청,2026-06-13
후암동27(후암동492),1,,서울특별시 용산구후암동 437-5,,,2022,,02-2199-7880,서울특별시 용산구청,2026-06-13
후암동270,1,,서울특별시 용산구후암동 406-101,,,2019,,02-2199-7880,서울특별시 용산구청,2026-06-13
후암동270(후암동20),1,,서울특별시 용산구후암동 244-111,,,2022,,02-2199-7880,서울특별시 용산구청,2026-06-13
후암동271,1,,서울특별시 용산구후암동 406-101,,,2019,,02-2199-7880,서울특별시 용산구청,2026-06-13
후암동271(후암동22),1,,서울특별시 용산구후암동 244-111,,,2022,,02-2199-7880,서울특별시 용산구청,2026-06-13
후암동272,1,,서울특별시 용산구후암동 406-101,,,2019,,02-2199-7880,서울특별시 용산구청,2026-06-13
후암동272(후암동23),1,,서울특별시 용산구후암동 244-1,,,2022,,02-2199-7880,서울특별시 용산구청,2026-06-13
후암동273,1,,서울특별시 용산구후암동 406-101,,,2019,,02-2199-7880,서울특별시 용산구청,2026-06-13
후암동273(후암동24),1,,서울특별시 용산구후암동 244-5,,,2022,,02-2199-7880,서울특별시 용산구청,2026-06-13
후암동274,1,,서울특별시 용산구후암동 406-101,,,2019,,02-2199-7880,서울특별시 용산구청,2026-06-13
후암동274(후암동25),1,,서울특별시 용산구후암동 247-20,,,2022,,02-2199-7880,서울특별시 용산구청,2026-06-13
후암동275,1,,서울특별시 용산구후암동 406-101,,,2019,,02-2199-7880,서울특별시 용산구청,2026-06-13
후암동275(후암동26),1,,서울특별시 용산구후암동 247-20,,,2022,,02-2199-7880,서울특별시 용산구청,2026-06-13
후암동276,1,,서울특별시 용산구후암동 406-101,,,2019,,02-2199-7880,서울특별시 용산구청,2026-06-13
후암동276(후암동27),1,,서울특별시 용산구후암동 251-5,,,2022,,02-2199-7880,서울특별시 용산구청,2026-06-13
후암동277,1,,서울특별시 용산구후암동 406-30,,,2024,,02-2199-7880,서울특별시 용산구청,2026-06-13
후암동277(후암동29),1,,서울특별시 용산구후암동 252-4,,,2022,,02-2199-7880,서울특별시 용산구청,2026-06-13
후암동278,1,,서울특별시 용산구후암동 406-30,,,2012,,02-2199-7880,서울특별시 용산구청,2026-06-13
후암동278(후암동30),1,,서울특별시 용산구후암동 250-10,,,2022,,02-2199-7880,서울특별시 용산구청,2026-06-13
후암동279,1,,서울특별시 용산구후암동 409-53,,,2024,,02-2199-7880,서울특별시 용산구청,2026-06-13
후암동279(후암동33),1,,서울특별시 용산구후암동 252-4,,,2022,,02-2199-7880,서울특별시 용산구청,2026-06-13
후암동28(후암동488),1,,서울특별시 용산구후암동 435-34,,,2021,,02-2199-7880,서울특별시 용산구청,2026-06-13
후암동280,1,,서울특별시 용산구후암동 406-30,,,2012,,02-2199-7880,서울특별시 용산구청,2026-06-13
후암동280(후암동81),1,,서울특별시 용산구후암동 254-43,,,2022,,02-2199-7880,서울특별시 용산구청,2026-06-13
후암동281,1,,서울특별시 용산구후암동 406-101,,,2012,,02-2199-7880,서울특별시 용산구청,2026-06-13
후암동281(후암동82),1,,서울특별시 용산구후암동 250-1,,,2022,,02-2199-7880,서울특별시 용산구청,2026-06-13
후암동282,1,,서울특별시 용산구후암동 406-41,,,2012,,02-2199-7880,서울특별시 용산구청,2026-06-13
후암동282(후암동83),1,,서울특별시 용산구후암동 250-3,,,2022,,02-2199-7880,서울특별시 용산구청,2026-06-13
후암동283,1,,서울특별시 용산구후암동 406-30,,,2012,,02-2199-7880,서울특별시 용산구청,2026-06-13
후암동283(후암동84),1,,서울특별시 용산구후암동 254-12,,,2022,,02-2199-7880,서울특별시 용산구청,2026-06-13
후암동284,1,,서울특별시 용산구후암동 406-116,,,2020,,02-2199-7880,서울특별시 용산구청,2026-06-13
후암동284(후암동85),1,,서울특별시 용산구후암동 254-12,,,2022,,02-2199-7880,서울특별시 용산구청,2026-06-13
후암동285,1,,서울특별시 용산구후암동 406-43,,,2012,,02-2199-7880,서울특별시 용산구청,2026-06-13
후암동285(후암동101),1,,서울특별시 용산구후암동 250-13,,,2022,,02-2199-7880,서울특별시 용산구청,2026-06-13
후암동286,1,,서울특별시 용산구후암동 406-30,,,2012,,02-2199-7880,서울특별시 용산구청,2026-06-13
후암동286(후암동102),1,,서울특별시 용산구후암동 279-3,,,2022,,02-2199-7880,서울특별시 용산구청,2026-06-13
후암동287,1,,서울특별시 용산구후암동 406-30,,,2012,,02-2199-7880,서울특별시 용산구청,2026-06-13
후암동287(후암동100),1,,서울특별시 용산구후암동 254-5,,,2022,,02-2199-7880,서울특별시 용산구청,2026-06-13
후암동288,1,,서울특별시 용산구후암동 283-9,,,2022,,02-2199-7880,서울특별시 용산구청,2026-06-13
후암동289,1,,서울특별시 용산구후암동 410-10,,,2012,,02-2199-7880,서울특별시 용산구청,2026-06-13
후암동289(후암동104),1,,서울특별시 용산구후암동 247-9,,,2022,,02-2199-7880,서울특별시 용산구청,2026-06-13
후암동29(후암동485),1,,서울특별시 용산구후암동 428-14,,,2022,,02-2199-7880,서울특별시 용산구청,2026-06-13
후암동290(후암동106),1,,서울특별시 용산구후암동 247-13,,,2022,,02-2199-7880,서울특별시 용산구청,2026-06-13
후암동291(후암동107),1,,서울특별시 용산구후암동 250-8,,,2022,,02-2199-7880,서울특별시 용산구청,2026-06-13
후암동292,1,,서울특별시 용산구후암동 409-27,,,2024,,02-2199-7880,서울특별시 용산구청,2026-06-13
후암동292(후암동108),1,,서울특별시 용산구후암동 247-15,,,2022,,02-2199-7880,서울특별시 용산구청,2026-06-13
후암동293,1,,서울특별시 용산구후암동 406-86,,,2024,,02-2199-7880,서울특별시 용산구청,2026-06-13
후암동293(후암동109),1,,서울특별시 용산구후암동 247-26,,,2022,,02-2199-7880,서울특별시 용산구청,2026-06-13
후암동294,1,,서울특별시 용산구후암동 406-86,,,2024,,02-2199-7880,서울특별시 용산구청,2026-06-13
후암동294(후암동111),1,,서울특별시 용산구후암동 244-141,,,2022,,02-2199-7880,서울특별시 용산구청,2026-06-13
후암동295,1,,서울특별시 용산구후암동 406-30,,,2024,,02-2199-7880,서울특별시 용산구청,2026-06-13
후암동295(후암동110),1,,서울특별시 용산구후암동 247-30,,,2022,,02-2199-7880,서울특별시 용산구청,2026-06-13
후암동296,1,,서울특별시 용산구후암동 406-30,,,2024,,02-2199-7880,서울특별시 용산구청,2026-06-13
후암동296(후암동113),1,,서울특별시 용산구후암동 297-6,,,2022,,02-2199-7880,서울특별시 용산구청,2026-06-13
후암동297,1,,서울특별시 용산구후암동 406-80,,,2024,,02-2199-7880,서울특별시 용산구청,2026-06-13
후암동297(후암동365),1,,서울특별시 용산구후암동 401-4,,,2022,,02-2199-7880,서울특별시 용산구청,2026-06-13
후암동298,1,,서울특별시 용산구후암동 409-69,,,2024,,02-2199-7880,서울특별시 용산구청,2026-06-13
후암동298(후암동112),1,,서울특별시 용산구후암동 244-112,,,2022,,02-2199-7880,서울특별시 용산구청,2026-06-13
후암동299,1,,서울특별시 용산구후암동 409-69,,,2024,,02-2199-7880,서울특별시 용산구청,2026-06-13
후암동299(후암동19),1,,서울특별시 용산구후암동 244-99,,,2022,,02-2199-7880,서울특별시 용산구청,2026-06-13
후암동30(후암동484),1,,서울특별시 용산구후암동 438-7,,,2022,,02-2199-7880,서울특별시 용산구청,2026-06-13
후암동300,1,,서울특별시 용산구후암동 409-53,,,2024,,02-2199-7880,서울특별시 용산구청,2026-06-13
후암동300(후암동18),1,,서울특별시 용산구후암동 244-99,,,2022,,02-2199-7880,서울특별시 용산구청,2026-06-13
후암동301,1,,서울특별시 용산구후암동 406-84,,,2023,,02-2199-7880,서울특별시 용산구청,2026-06-13
후암동301(후암동16),1,,서울특별시 용산구후암동 244-92,,,2022,,02-2199-7880,서울특별시 용산구청,2026-06-13
후암동302,1,,서울특별시 용산구후암동 409-181,,,2024,,02-2199-7880,서울특별시 용산구청,2026-06-13
후암동302(후암동15),1,,서울특별시 용산구후암동 244-92,,,2022,,02-2199-7880,서울특별시 용산구청,2026-06-13
후암동303,1,,서울특별시 용산구후암동 409-129,,,2024,,02-2199-7880,서울특별시 용산구청,2026-06-13
후암동303(후암동14),1,,서울특별시 용산구후암동 244-163,,,2022,,02-2199-7880,서울특별시 용산구청,2026-06-13
후암동304,1,,서울특별시 용산구후암동 409-69,,,2024,,02-2199-7880,서울특별시 용산구청,2026-06-13
후암동304(후암동13),1,,서울특별시 용산구후암동 244-91,,,2022,,02-2199-7880,서울특별시 용산구청,2026-06-13
후암동305,1,,서울특별시 용산구후암동 409-181,,,2024,,02-2199-7880,서울특별시 용산구청,2026-06-13
후암동305(후암동12),1,,서울특별시 용산구후암동 244-90,,,2022,,02-2199-7880,서울특별시 용산구청,2026-06-13
후암동306,1,,서울특별시 용산구후암동 409-106,,,2024,,02-2199-7880,서울특별시 용산구청,2026-06-13
후암동306(후암동116),1,,서울특별시 용산구후암동 297-7,,,2022,,02-2199-7880,서울특별시 용산구청,2026-06-13
후암동307,1,,서울특별시 용산구후암동 409-181,,,2012,,02-2199-7880,서울특별시 용산구청,2026-06-13
후암동307(후암동117),1,,서울특별시 용산구후암동 286-5,,,2022,,02-2199-7880,서울특별시 용산구청,2026-06-13
후암동308,1,,서울특별시 용산구후암동 409-136,,,2024,,02-2199-7880,서울특별시 용산구청,2026-06-13
후암동308(후암동119),1,,서울특별시 용산구후암동 297-2,,,2022,,02-2199-7880,서울특별시 용산구청,2026-06-13
후암동309,1,,서울특별시 용산구후암동 409-274,,,2024,,02-2199-7880,서울특별시 용산구청,2026-06-13
후암동309(후암동120),1,,서울특별시 용산구후암동 297-7,,,2022,,02-2199-7880,서울특별시 용산구청,2026-06-13
후암동31(후암동483),1,,서울특별시 용산구후암동 1-14,,,2022,,02-2199-7880,서울특별시 용산구청,2026-06-13
후암동310,1,,서울특별시 용산구후암동 415-43,,,2024,,02-2199-7880,서울특별시 용산구청,2026-06-13
후암동310(후암동124),1,,서울특별시 용산구후암동 297-7,,,2022,,02-2199-7880,서울특별시 용산구청,2026-06-13
후암동311,1,,서울특별시 용산구후암동 409-115,,,2024,,02-2199-7880,서울특별시 용산구청,2026-06-13
후암동311(후암동123),1,,서울특별시 용산구후암동 297-7,,,2022,,02-2199-7880,서울특별시 용산구청,2026-06-13
후암동312,1,,서울특별시 용산구후암동 412-42,,,2024,,02-2199-7880,서울특별시 용산구청,2026-06-13
후암동312(후암동122),1,,서울특별시 용산구후암동 297-9,,,2022,,02-2199-7880,서울특별시 용산구청,2026-06-13
후암동313,1,,서울특별시 용산구후암동 415-14,,,2024,,02-2199-7880,서울특별시 용산구청,2026-06-13
후암동313(후암동125),1,,서울특별시 용산구후암동 303-6,,,2022,,02-2199-7880,서울특별시 용산구청,2026-06-13
후암동314,1,,서울특별시 용산구후암동 322-1,,,2022,,02-2199-7880,서울특별시 용산구청,2026-06-13
후암동315,1,,서울특별시 용산구후암동 415-20,,,2024,,02-2199-7880,서울특별시 용산구청,2026-06-13
후암동315(후암동154),1,,서울특별시 용산구후암동 303-6,,,2022,,02-2199-7880,서울특별시 용산구청,2026-06-13
후암동316,1,,서울특별시 용산구후암동 415-42,,,2024,,02-2199-7880,서울특별시 용산구청,2026-06-13
후암동316(후암동153),1,,서울특별시 용산구후암동 323-2,,,2022,,02-2199-7880,서울특별시 용산구청,2026-06-13
후암동317,1,,서울특별시 용산구후암동 415-63,,,2024,,02-2199-7880,서울특별시 용산구청,2026-06-13
후암동317(후암동152),1,,서울특별시 용산구후암동 328-6,,,2022,,02-2199-7880,서울특별시 용산구청,2026-06-13
후암동318,1,,서울특별시 용산구후암동 415-3,,,2024,,02-2199-7880,서울특별시 용산구청,2026-06-13
후암동318(후암동151),1,,서울특별시 용산구후암동 319-1,,,2022,,02-2199-7880,서울특별시 용산구청,2026-06-13
후암동319,1,,서울특별시 용산구후암동 415-29,,,2024,,02-2199-7880,서울특별시 용산구청,2026-06-13
후암동319(후암동129),1,,서울특별시 용산구후암동 303-6,,,2022,,02-2199-7880,서울특별시 용산구청,2026-06-13
후암동32(후암동482),1,,서울특별시 용산구후암동 1-14,,,2022,,02-2199-7880,서울특별시 용산구청,2026-06-13
후암동320,1,,서울특별시 용산구후암동 415-3,,,2024,,02-2199-7880,서울특별시 용산구청,2026-06-13
후암동320(후암동130),1,,서울특별시 용산구후암동 321,,,2022,,02-2199-7880,서울특별시 용산구청,2026-06-13
후암동321,1,,서울특별시 용산구후암동 415-3,,,2024,,02-2199-7880,서울특별시 용산구청,2026-06-13
후암동321(후암동128),1,,서울특별시 용산구후암동 292-3,,,2022,,02-2199-7880,서울특별시 용산구청,2026-06-13
후암동322,1,,서울특별시 용산구후암동 415-3,,,2024,,02-2199-7880,서울특별시 용산구청,2026-06-13
후암동322(후암동127),1,,서울특별시 용산구후암동 303-6,,,2022,,02-2199-7880,서울특별시 용산구청,2026-06-13
후암동323,1,,서울특별시 용산구후암동 418-15,,,2024,,02-2199-7880,서울특별시 용산구청,2026-06-13
후암동324,1,,서울특별시 용산구후암동 415-5,,,2024,,02-2199-7880,서울특별시 용산구청,2026-06-13
후암동324(후암동149),1,,서울특별시 용산구후암동 361-3,,,2022,,02-2199-7880,서울특별시 용산구청,2026-06-13
후암동325,1,,서울특별시 용산구후암동 415-61,,,2024,,02-2199-7880,서울특별시 용산구청,2026-06-13
후암동325(후암동148),1,,서울특별시 용산구후암동 370,,,2022,,02-2199-7880,서울특별시 용산구청,2026-06-13
후암동326,1,,서울특별시 용산구후암동 415-61,,,2024,,02-2199-7880,서울특별시 용산구청,2026-06-13
후암동326(후암동131),1,,서울특별시 용산구후암동 376-1,,,2022,,02-2199-7880,서울특별시 용산구청,2026-06-13
후암동327(후암동132),1,,서울특별시 용산구후암동 376-1,,,2022,,02-2199-7880,서울특별시 용산구청,2026-06-13
후암동328,1,,서울특별시 용산구후암동 411-6,,,2016,,02-2199-7880,서울특별시 용산구청,2026-06-13
후암동328(후암동133),1,,서울특별시 용산구후암동 292,,,2022,,02-2199-7880,서울특별시 용산구청,2026-06-13
후암동329,1,,서울특별시 용산구후암동 404-61,,,2012,,02-2199-7880,서울특별시 용산구청,2026-06-13
후암동329(후암동134),1,,서울특별시 용산구후암동 293,,,2022,,02-2199-7880,서울특별시 용산구청,2026-06-13
후암동33(후암동472),1,,서울특별시 용산구후암동 100-3,,,2022,,02-2199-7880,서울특별시 용산구청,2026-06-13
후암동330,1,,서울특별시 용산구후암동 412-9,,,2012,,02-2199-7880,서울특별시 용산구청,2026-06-13
후암동330(후암동135),1,,서울특별시 용산구후암동 376-1,,,2022,,02-2199-7880,서울특별시 용산구청,2026-06-13
후암동331,1,,서울특별시 용산구후암동 404-60,,,2023,,02-2199-7880,서울특별시 용산구청,2026-06-13
후암동331(후암동136),1,,서울특별시 용산구후암동 376-1,,,2022,,02-2199-7880,서울특별시 용산구청,2026-06-13
후암동332,1,,서울특별시 용산구후암동 404-61,,,2012,,02-2199-7880,서울특별시 용산구청,2026-06-13
후암동332(후암동138),1,,서울특별시 용산구후암동 292-1,,,2022,,02-2199-7880,서울특별시 용산구청,2026-06-13
후암동333,1,,서울특별시 용산구후암동 404-10,,,2012,,02-2199-7880,서울특별시 용산구청,2026-06-13
후암동333(후암동139),1,,서울특별시 용산구후암동 379-1,,,2022,,02-2199-7880,서울특별시 용산구청,2026-06-13
후암동334,1,,서울특별시 용산구후암동 404-25,,,2024,,02-2199-7880,서울특별시 용산구청,2026-06-13
후암동334(후암동899),1,,서울특별시 용산구후암동 378-3,,,2022,,02-2199-7880,서울특별시 용산구청,2026-06-13
후암동335,1,,서울특별시 용산구후암동 404-1,,,2024,,02-2199-7880,서울특별시 용산구청,2026-06-13
후암동335(후암동140),1,,서울특별시 용산구후암동 389-3,,,2022,,02-2199-7880,서울특별시 용산구청,2026-06-13
후암동336,1,,서울특별시 용산구후암동 404-72,,,2012,,02-2199-7880,서울특별시 용산구청,2026-06-13
후암동336(후암동141),1,,서울특별시 용산구후암동 389-40,,,2022,,02-2199-7880,서울특별시 용산구청,2026-06-13
후암동337,1,,서울특별시 용산구후암동 404-61,,,2012,,02-2199-7880,서울특별시 용산구청,2026-06-13
후암동337(후암동142),1,,서울특별시 용산구후암동 389-30,,,2022,,02-2199-7880,서울특별시 용산구청,2026-06-13
후암동338,1,,서울특별시 용산구후암동 409-149,,,2024,,02-2199-7880,서울특별시 용산구청,2026-06-13
후암동338(후암동145),1,,서울특별시 용산구후암동 389-38,,,2022,,02-2199-7880,서울특별시 용산구청,2026-06-13
후암동339,1,,서울특별시 용산구후암동 371-2,,,2022,,02-2199-7880,서울특별시 용산구청,2026-06-13
후암동34(후암동473),1,,서울특별시 용산구후암동 1-77,,,2022,,02-2199-7880,서울특별시 용산구청,2026-06-13
후암동340(후암동143),1,,서울특별시 용산구후암동 389-31,,,2022,,02-2199-7880,서울특별시 용산구청,2026-06-13
후암동341,1,,서울특별시 용산구후암동 409-62,,,2024,,02-2199-7880,서울특별시 용산구청,2026-06-13
후암동341(후암동147),1,,서울특별시 용산구후암동 389-11,,,2022,,02-2199-7880,서울특별시 용산구청,2026-06-13
후암동342,1,,서울특별시 용산구후암동 409-149,,,2024,,02-2199-7880,서울특별시 용산구청,2026-06-13
후암동342(후암동80),1,,서울특별시 용산구후암동 268,,,2022,,02-2199-7880,서울특별시 용산구청,2026-06-13
후암동343,1,,서울특별시 용산구후암동 409-57,,,2024,,02-2199-7880,서울특별시 용산구청,2026-06-13
후암동343(후암동78),1,,서울특별시 용산구후암동 389-21,,,2022,,02-2199-7880,서울특별시 용산구청,2026-06-13
후암동344(후암동77),1,,서울특별시 용산구후암동 389-8,,,2022,,02-2199-7880,서울특별시 용산구청,2026-06-13
후암동345,1,,서울특별시 용산구후암동 352-10,,,2012,,02-2199-7880,서울특별시 용산구청,2026-06-13
후암동345(후암동79),1,,서울특별시 용산구후암동 392-9,,,2022,,02-2199-7880,서울특별시 용산구청,2026-06-13
후암동346(후암동76),1,,서울특별시 용산구후암동 392-15,,,2022,,02-2199-7880,서울특별시 용산구청,2026-06-13
후암동347(후암동75),1,,서울특별시 용산구후암동 392-15,,,2022,,02-2199-7880,서울특별시 용산구청,2026-06-13
후암동348,1,,서울특별시 용산구후암동 352-10,,,2012,,02-2199-7880,서울특별시 용산구청,2026-06-13
후암동348(후암동74),1,,서울특별시 용산구후암동 392-14,,,2022,,02-2199-7880,서울특별시 용산구청,2026-06-13
후암동349,1,,서울특별시 용산구후암동 352-10,,,2012,,02-2199-7880,서울특별시 용산구청,2026-06-13
후암동349(후암동73),1,,서울특별시 용산구후암동 394-13,,,2022,,02-2199-7880,서울특별시 용산구청,2026-06-13
후암동35(후암동474),1,,서울특별시 용산구후암동 1-17,,,2022,,02-2199-7880,서울특별시 용산구청,2026-06-13
후암동350(후암동355),1,,서울특별시 용산구후암동 392-14,,,2022,,02-2199-7880,서울특별시 용산구청,2026-06-13
후암동351(후암동357),1,,서울특별시 용산구후암동 395-12,,,2022,,02-2199-7880,서울특별시 용산구청,2026-06-13
후암동352(후암동358),1,,서울특별시 용산구후암동 400-3,,,2022,,02-2199-7880,서울특별시 용산구청,2026-06-13
후암동353(후암동363),1,,서울특별시 용산구후암동 403-25,,,2022,,02-2199-7880,서울특별시 용산구청,2026-06-13
후암동355(후암동366),1,,서울특별시 용산구후암동 401-4,,,2022,,02-2199-7880,서울특별시 용산구청,2026-06-13
후암동356(후암동364),1,,서울특별시 용산구후암동 401-1,,,2022,,02-2199-7880,서울특별시 용산구청,2026-06-13
후암동357(후암동359),1,,서울특별시 용산구후암동 395-13,,,2022,,02-2199-7880,서울특별시 용산구청,2026-06-13
후암동358(후암동360),1,,서울특별시 용산구후암동 403-23,,,2022,,02-2199-7880,서울특별시 용산구청,2026-06-13
후암동359(후암동362),1,,서울특별시 용산구후암동 403-37,,,2022,,02-2199-7880,서울특별시 용산구청,2026-06-13
후암동36(후암동475),1,,서울특별시 용산구후암동 1-18,,,2022,,02-2199-7880,서울특별시 용산구청,2026-06-13
후암동360(후암동361),1,,서울특별시 용산구후암동 403-38,,,2022,,02-2199-7880,서울특별시 용산구청,2026-06-13
후암동361(후암동71),1,,서울특별시 용산구후암동 403-3,,,2022,,02-2199-7880,서울특별시 용산구청,2026-06-13
후암동362(후암동70),1,,서울특별시 용산구후암동 403-3,,,2022,,02-2199-7880,서울특별시 용산구청,2026-06-13
후암동363(후암동69),1,,서울특별시 용산구후암동 404-54,,,2022,,02-2199-7880,서울특별시 용산구청,2026-06-13
후암동364(후암동67),1,,서울특별시 용산구후암동 404-29,,,2022,,02-2199-7880,서울특별시 용산구청,2026-06-13
후암동365(후암동68),1,,서울특별시 용산구후암동 404-27,,,2022,,02-2199-7880,서울특별시 용산구청,2026-06-13
후암동366(후암동66),1,,서울특별시 용산구후암동 404-21,,,2022,,02-2199-7880,서울특별시 용산구청,2026-06-13
후암동367(후암동65),1,,서울특별시 용산구후암동 405-4,,,2022,,02-2199-7880,서울특별시 용산구청,2026-06-13
후암동368(후암동63),1,,서울특별시 용산구후암동 403-21,,,2022,,02-2199-7880,서울특별시 용산구청,2026-06-13
후암동369(후암동98),1,,서울특별시 용산구후암동 376-1,,,2022,,02-2199-7880,서울특별시 용산구청,2026-06-13
후암동37(후암동476),1,,서울특별시 용산구후암동 1-75,,,2022,,02-2199-7880,서울특별시 용산구청,2026-06-13
후암동370(후암동99),1,,서울특별시 용산구후암동 275-4,,,2022,,02-2199-7880,서울특별시 용산구청,2026-06-13
후암동371(후암동88),1,,서울특별시 용산구후암동 281-6,,,2022,,02-2199-7880,서울특별시 용산구청,2026-06-13
후암동372(후암동89),1,,서울특별시 용산구후암동 276-15,,,2022,,02-2199-7880,서울특별시 용산구청,2026-06-13
후암동373(후암동87),1,,서울특별시 용산구후암동 254-9,,,2022,,02-2199-7880,서울특별시 용산구청,2026-06-13
후암동374(후암동32),1,,서울특별시 용산구후암동 255-9,,,2022,,02-2199-7880,서울특별시 용산구청,2026-06-13
후암동375(후암동34),1,,서울특별시 용산구후암동 252-3,,,2022,,02-2199-7880,서울특별시 용산구청,2026-06-13
후암동376(후암동35),1,,서울특별시 용산구후암동 254-114,,,2022,,02-2199-7880,서울특별시 용산구청,2026-06-13
후암동377,1,,서울특별시 용산구후암동 30,,,2022,,02-2199-7880,서울특별시 용산구청,2026-06-13
후암동377(후암동31),1,,서울특별시 용산구후암동 254-43,,,2022,,02-2199-7880,서울특별시 용산구청,2026-06-13
후암동378,1,,서울특별시 용산구후암동 30-182,,,2024,,02-2199-7880,서울특별시 용산구청,2026-06-13
후암동378(후암동42),1,,서울특별시 용산구후암동 254-42,,,2022,,02-2199-7880,서울특별시 용산구청,2026-06-13
후암동379,1,,서울특별시 용산구후암동 30-182,,,2024,,02-2199-7880,서울특별시 용산구청,2026-06-13
후암동379(후암동41),1,,서울특별시 용산구후암동 254-67,,,2022,,02-2199-7880,서울특별시 용산구청,2026-06-13
후암동38(후암동480),1,,서울특별시 용산구후암동 1-75,,,2022,,02-2199-7880,서울특별시 용산구청,2026-06-13
후암동380,1,,서울특별시 용산구후암동 30-182,,,2024,,02-2199-7880,서울특별시 용산구청,2026-06-13
후암동381,1,,서울특별시 용산구후암동 30-182,,,2012,,02-2199-7880,서울특별시 용산구청,2026-06-13
후암동381(후암동40),1,,서울특별시 용산구후암동 254-43,,,2022,,02-2199-7880,서울특별시 용산구청,2026-06-13
후암동382,1,,서울특별시 용산구후암동 30-182,,,2024,,02-2199-7880,서울특별시 용산구청,2026-06-13
후암동382(후암동38),1,,서울특별시 용산구후암동 255-14,,,2022,,02-2199-7880,서울특별시 용산구청,2026-06-13
후암동383,1,,서울특별시 용산구후암동 43-48,,,2024,,02-2199-7880,서울특별시 용산구청,2026-06-13
후암동383(후암동36),1,,서울특별시 용산구후암동 255-31,,,2022,,02-2199-7880,서울특별시 용산구청,2026-06-13
후암동384,1,,서울특별시 용산구후암동 43-42,,,2024,,02-2199-7880,서울특별시 용산구청,2026-06-13
후암동384(후암동39),1,,서울특별시 용산구후암동 257-11,,,2022,,02-2199-7880,서울특별시 용산구청,2026-06-13
후암동385,1,,서울특별시 용산구후암동 43-31,,,2024,,02-2199-7880,서울특별시 용산구청,2026-06-13
후암동385(후암동47),1,,서울특별시 용산구후암동 254-43,,,2022,,02-2199-7880,서울특별시 용산구청,2026-06-13
후암동386,1,,서울특별시 용산구후암동 43-37,,,2024,,02-2199-7880,서울특별시 용산구청,2026-06-13
후암동386(후암동46),1,,서울특별시 용산구후암동 254-32,,,2022,,02-2199-7880,서울특별시 용산구청,2026-06-13
후암동387(후암동45),1,,서울특별시 용산구후암동 254-43,,,2022,,02-2199-7880,서울특별시 용산구청,2026-06-13
후암동388(후암동43),1,,서울특별시 용산구후암동 254-18,,,2022,,02-2199-7880,서울특별시 용산구청,2026-06-13
후암동389(후암동44),1,,서울특별시 용산구후암동 254-43,,,2022,,02-2199-7880,서울특별시 용산구청,2026-06-13
후암동39(후암동481),1,,서울특별시 용산구후암동 30-71,,,2022,,02-2199-7880,서울특별시 용산구청,2026-06-13
후암동390(후암동51),1,,서울특별시 용산구후암동 254-43,,,2022,,02-2199-7880,서울특별시 용산구청,2026-06-13
후암동391,1,,서울특별시 용산구후암동 44-48,,,2024,,02-2199-7880,서울특별시 용산구청,2026-06-13
후암동391(후암동50),1,,서울특별시 용산구후암동 254-43,,,2022,,02-2199-7880,서울특별시 용산구청,2026-06-13
후암동392(후암동49),1,,서울특별시 용산구후암동 254-43,,,2022,,02-2199-7880,서울특별시 용산구청,2026-06-13
후암동393(후암동48),1,,서울특별시 용산구후암동 254-59,,,2022,,02-2199-7880,서울특별시 용산구청,2026-06-13
후암동394(후암동56),1,,서울특별시 용산구후암동 259-14,,,2022,,02-2199-7880,서울특별시 용산구청,2026-06-13
후암동395(흐암동55),1,,서울특별시 용산구후암동 261-1,,,2022,,02-2199-7880,서울특별시 용산구청,2026-06-13
후암동396(후암동54),1,,서울특별시 용산구후암동 262-4,,,2022,,02-2199-7880,서울특별시 용산구청,2026-06-13
후암동397(후암동53),1,,서울특별시 용산구후암동 276-28,,,2022,,02-2199-7880,서울특별시 용산구청,2026-06-13
후암동398(후암동52),1,,서울특별시 용산구후암동 276-28,,,2022,,02-2199-7880,서울특별시 용산구청,2026-06-13
후암동399(후암동91),1,,서울특별시 용산구후암동 276-18,,,2022,,02-2199-7880,서울특별시 용산구청,2026-06-13
후암동40(후암동477),1,,서울특별시 용산구후암동 1-27,,,2022,,02-2199-7880,서울특별시 용산구청,2026-06-13
후암동400(후암동92),1,,서울특별시 용산구후암동 271-1,,,2022,,02-2199-7880,서울특별시 용산구청,2026-06-13
후암동401,1,,서울특별시 용산구후암동 133-2,,,2024,,02-2199-7880,서울특별시 용산구청,2026-06-13
후암동401(후암동93),1,,서울특별시 용산구후암동 376-1,,,2022,,02-2199-7880,서울특별시 용산구청,2026-06-13
후암동402(후암동94),1,,서울특별시 용산구후암동 269,,,2022,,02-2199-7880,서울특별시 용산구청,2026-06-13
후암동403(후암동95),1,,서울특별시 용산구후암동 388-5,,,2022,,02-2199-7880,서울특별시 용산구청,2026-06-13
후암동404(후암동96),1,,서울특별시 용산구후암동 376-1,,,2022,,02-2199-7880,서울특별시 용산구청,2026-06-13
후암동405후암동97),1,,서울특별시 용산구후암동 376-1,,,2022,,02-2199-7880,서울특별시 용산구청,2026-06-13
후암동406(후암동58),1,,서울특별시 용산구후암동 264-14,,,2022,,02-2199-7880,서울특별시 용산구청,2026-06-13
후암동407(후암동59),1,,서울특별시 용산구후암동 264-1,,,2022,,02-2199-7880,서울특별시 용산구청,2026-06-13
후암동408(후암동60),1,,서울특별시 용산구후암동 265-14,,,2022,,02-2199-7880,서울특별시 용산구청,2026-06-13
후암동409(후암동61),1,,서울특별시 용산구후암동 265-10,,,2022,,02-2199-7880,서울특별시 용산구청,2026-06-13
후암동41(후암동478),1,,서울특별시 용산구후암동 1-38,,,2022,,02-2199-7880,서울특별시 용산구청,2026-06-13
후암동410(후암동64),1,,서울특별시 용산구후암동 265-26,,,2022,,02-2199-7880,서울특별시 용산구청,2026-06-13
후암동418(후암동188),1,,서울특별시 용산구후암동 343-8,,,2022,,02-2199-7880,서울특별시 용산구청,2026-06-13
후암동419(후암동189),1,,서울특별시 용산구후암동 339-18,,,2022,,02-2199-7880,서울특별시 용산구청,2026-06-13
후암동42(후암동464),1,,서울특별시 용산구후암동 1-29,,,2022,,02-2199-7880,서울특별시 용산구청,2026-06-13
후암동420(후암동198),1,,서울특별시 용산구후암동 358-63,,,2022,,02-2199-7880,서울특별시 용산구청,2026-06-13
후암동421(후암동197),1,,서울특별시 용산구후암동 361-3,,,2022,,02-2199-7880,서울특별시 용산구청,2026-06-13
후암동422(후암동196),1,,서울특별시 용산구후암동 352-20,,,2022,,02-2199-7880,서울특별시 용산구청,2026-06-13
후암동4239(후암동235),1,,서울특별시 용산구후암동 361-3,,,2022,,02-2199-7880,서울특별시 용산구청,2026-06-13
후암동424(후암동233),1,,서울특별시 용산구후암동 353-11,,,2022,,02-2199-7880,서울특별시 용산구청,2026-06-13
후암동425(후암동232),1,,서울특별시 용산구후암동 358-5,,,2022,,02-2199-7880,서울특별시 용산구청,2026-06-13
후암동426(후암동231),1,,서울특별시 용산구후암동 358-9,,,2022,,02-2199-7880,서울특별시 용산구청,2026-06-13
후암동427(후암동199),1,,서울특별시 용산구후암동 358-63,,,2022,,02-2199-7880,서울특별시 용산구청,2026-06-13
후암동428,1,,서울특별시 용산구후암동 30-42,,,2012,,02-2199-7880,서울특별시 용산구청,2026-06-13
후암동428(후암동200),1,,서울특별시 용산구후암동 353-3,,,2022,,02-2199-7880,서울특별시 용산구청,2026-06-13
후암동429,1,,서울특별시 용산구후암동 30-78,,,2023,,02-2199-7880,서울특별시 용산구청,2026-06-13
후암동43(후암동465),1,,서울특별시 용산구후암동 1-31,,,2022,,02-2199-7880,서울특별시 용산구청,2026-06-13
후암동44(후암동467),1,,서울특별시 용산구후암동 1-36,,,2022,,02-2199-7880,서울특별시 용산구청,2026-06-13
후암동45(후암동468),1,,서울특별시 용산구후암동 1-72,,,2022,,02-2199-7880,서울특별시 용산구청,2026-06-13
후암동46(후암동469),1,,서울특별시 용산구후암동 1-38,,,2022,,02-2199-7880,서울특별시 용산구청,2026-06-13
후암동462,1,,서울특별시 용산구후암동 38-2,,,2024,,02-2199-7880,서울특별시 용산구청,2026-06-13
후암동47(후암동470),1,,서울특별시 용산구후암동 1-38,,,2022,,02-2199-7880,서울특별시 용산구청,2026-06-13
후암동48(후암동471),1,,서울특별시 용산구후암동 1-43,,,2022,,02-2199-7880,서울특별시 용산구청,2026-06-13
후암동495,1,,서울특별시 용산구후암동 439-6,,,2024,,02-2199-7880,서울특별시 용산구청,2026-06-13
후암동496,1,,서울특별시 용산구후암동 439-9,,,2024,,02-2199-7880,서울특별시 용산구청,2026-06-13
후암동497,1,,서울특별시 용산구후암동 446-43,,,2024,,02-2199-7880,서울특별시 용산구청,2026-06-13
후암동498,1,,서울특별시 용산구후암동 427-6,,,2024,,02-2199-7880,서울특별시 용산구청,2026-06-13
후암동499,1,,서울특별시 용산구후암동 435,,,2024,,02-2199-7880,서울특별시 용산구청,2026-06-13
후암동500,1,,서울특별시 용산구후암동 446-18,,,2024,,02-2199-7880,서울특별시 용산구청,2026-06-13
후암동502(후암동290),1,,서울특별시 용산구후암동 412-7,,,2021,,02-2199-7880,서울특별시 용산구청,2026-06-13
후암동503(후암동327),1,,서울특별시 용산구후암동 410-26,,,2021,,02-2199-7880,서울특별시 용산구청,2026-06-13
후암동504(후암동291),1,,서울특별시 용산구후암동 409-185,,,2021,,02-2199-7880,서울특별시 용산구청,2026-06-13
후암동510,1,,서울특별시 용산구후암동 55-13,,,2012,,02-2199-7880,서울특별시 용산구청,2026-06-13
후암동525(후암동340),1,,서울특별시 용산구후암동 409-91,,,2021,,02-2199-7880,서울특별시 용산구청,2026-06-13
후암동527,1,,서울특별시 용산구후암동 409-69,,,2021,,02-2199-7880,서울특별시 용산구청,2026-06-13
후암동528,1,,서울특별시 용산구후암동 55-28,,,2022,,02-2199-7880,서울특별시 용산구청,2026-06-13
후암동539,1,,서울특별시 용산구후암동 456-2,,,2024,,02-2199-7880,서울특별시 용산구청,2026-06-13
후암동540,1,,서울특별시 용산구후암동 456-2,,,2024,,02-2199-7880,서울특별시 용산구청,2026-06-13
후암동541,1,,서울특별시 용산구후암동 456,,,2024,,02-2199-7880,서울특별시 용산구청,2026-06-13
후암동542,1,,서울특별시 용산구후암동 446-24,,,2024,,02-2199-7880,서울특별시 용산구청,2026-06-13
후암동543,1,,서울특별시 용산구후암동 446-11,,,2024,,02-2199-7880,서울특별시 용산구청,2026-06-13
후암동544,1,,서울특별시 용산구후암동 443,,,2024,,02-2199-7880,서울특별시 용산구청,2026-06-13
후암동545,1,,서울특별시 용산구후암동 456,,,2024,,02-2199-7880,서울특별시 용산구청,2026-06-13
후암동547,1,,서울특별시 용산구후암동 448-146,,,2019,,02-2199-7880,서울특별시 용산구청,2026-06-13
후암동548,1,,서울특별시 용산구후암동 448-154,,,2024,,02-2199-7880,서울특별시 용산구청,2026-06-13
후암동549,1,,서울특별시 용산구후암동 448-167,,,2024,,02-2199-7880,서울특별시 용산구청,2026-06-13
후암동550,1,,서울특별시 용산구후암동 448-130,,,2024,,02-2199-7880,서울특별시 용산구청,2026-06-13
후암동551,1,,서울특별시 용산구후암동 448-132,,,2024,,02-2199-7880,서울특별시 용산구청,2026-06-13
후암동552,1,,서울특별시 용산구후암동 448-132,,,2024,,02-2199-7880,서울특별시 용산구청,2026-06-13
후암동553,1,,서울특별시 용산구후암동 443-1,,,2024,,02-2199-7880,서울특별시 용산구청,2026-06-13
후암동554,1,,서울특별시 용산구후암동 448-126,,,2018,,02-2199-7880,서울특별시 용산구청,2026-06-13
후암동555,1,,서울특별시 용산구후암동 448-101,,,2024,,02-2199-7880,서울특별시 용산구청,2026-06-13
후암동556,1,,서울특별시 용산구후암동 454,,,2024,,02-2199-7880,서울특별시 용산구청,2026-06-13
후암동557,1,,서울특별시 용산구후암동 454,,,2024,,02-2199-7880,서울특별시 용산구청,2026-06-13
후암동558,1,,서울특별시 용산구후암동 443-1,,,2024,,02-2199-7880,서울특별시 용산구청,2026-06-13
후암동559,1,,서울특별시 용산구후암동 448-101,,,2024,,02-2199-7880,서울특별시 용산구청,2026-06-13
후암동560,1,,서울특별시 용산구후암동 448-101,,,2012,,02-2199-7880,서울특별시 용산구청,2026-06-13
후암동561,1,,서울특별시 용산구후암동 448-91,,,2024,,02-2199-7880,서울특별시 용산구청,2026-06-13
후암동562,1,,서울특별시 용산구후암동 448-101,,,2024,,02-2199-7880,서울특별시 용산구청,2026-06-13
후암동563,1,,서울특별시 용산구후암동 450,,,2024,,02-2199-7880,서울특별시 용산구청,2026-06-13
후암동564,1,,서울특별시 용산구후암동 440-12,,,2024,,02-2199-7880,서울특별시 용산구청,2026-06-13
후암동565,1,,서울특별시 용산구후암동 440-12,,,2012,,02-2199-7880,서울특별시 용산구청,2026-06-13
후암동566,1,,서울특별시 용산구후암동 444-13,,,2024,,02-2199-7880,서울특별시 용산구청,2026-06-13
후암동567,1,,서울특별시 용산구후암동 449-12,,,2024,,02-2199-7880,서울특별시 용산구청,2026-06-13
후암동568,1,,서울특별시 용산구후암동 446-11,,,2024,,02-2199-7880,서울특별시 용산구청,2026-06-13
후암동569,1,,서울특별시 용산구후암동 449-14,,,2024,,02-2199-7880,서울특별시 용산구청,2026-06-13
후암동570,1,,서울특별시 용산구후암동 445-11,,,2024,,02-2199-7880,서울특별시 용산구청,2026-06-13
후암동571,1,,서울특별시 용산구후암동 446-34,,,2024,,02-2199-7880,서울특별시 용산구청,2026-06-13
후암동575,1,,서울특별시 용산구후암동 41-32,,,2012,,02-2199-7880,서울특별시 용산구청,2026-06-13
후암동580(후암동688),1,,서울특별시 용산구후암동 190-9,,,2021,,02-2199-7880,서울특별시 용산구청,2026-06-13
후암동600,1,,서울특별시 용산구후암동 422,,,2024,,02-2199-7880,서울특별시 용산구청,2026-06-13
후암동601,1,,서울특별시 용산구후암동 10-1,,,2024,,02-2199-7880,서울특별시 용산구청,2026-06-13
후암동602,1,,서울특별시 용산구후암동 93-2,,,2024,,02-2199-7880,서울특별시 용산구청,2026-06-13
후암동603,1,,서울특별시 용산구후암동 10-1,,,2024,,02-2199-7880,서울특별시 용산구청,2026-06-13
후암동604,1,,서울특별시 용산구후암동 458,,,2024,,02-2199-7880,서울특별시 용산구청,2026-06-13
후암동605,1,,서울특별시 용산구후암동 76-3,,,2024,,02-2199-7880,서울특별시 용산구청,2026-06-13
후암동606,1,,서울특별시 용산구후암동 458-1,,,2024,,02-2199-7880,서울특별시 용산구청,2026-06-13
후암동607,1,,서울특별시 용산구후암동 65-13,,,2018,,02-2199-7880,서울특별시 용산구청,2026-06-13
후암동608,1,,서울특별시 용산구후암동 74-5,,,2024,,02-2199-7880,서울특별시 용산구청,2026-06-13
후암동609,1,,서울특별시 용산구후암동 69-1,,,2024,,02-2199-7880,서울특별시 용산구청,2026-06-13
후암동610,1,,서울특별시 용산구후암동 69-1,,,2024,,02-2199-7880,서울특별시 용산구청,2026-06-13
후암동611,1,,서울특별시 용산구후암동 66,,,2024,,02-2199-7880,서울특별시 용산구청,2026-06-13
후암동612,1,,서울특별시 용산구후암동 66,,,2024,,02-2199-7880,서울특별시 용산구청,2026-06-13
후암동613,1,,서울특별시 용산구후암동 66-3,,,2024,,02-2199-7880,서울특별시 용산구청,2026-06-13
후암동614,1,,서울특별시 용산구후암동 103-4,,,2015,,02-2199-7880,서울특별시 용산구청,2026-06-13
후암동615,1,,서울특별시 용산구후암동 64-4,,,2024,,02-2199-7880,서울특별시 용산구청,2026-06-13
후암동616,1,,서울특별시 용산구후암동 65-2,,,2023,,02-2199-7880,서울특별시 용산구청,2026-06-13
후암동617,1,,서울특별시 용산구후암동 65-4,,,2023,,02-2199-7880,서울특별시 용산구청,2026-06-13
후암동618,1,,서울특별시 용산구후암동 103-4,,,2015,,02-2199-7880,서울특별시 용산구청,2026-06-13
후암동619,1,,서울특별시 용산구후암동 103-4,,,2015,,02-2199-7880,서울특별시 용산구청,2026-06-13
후암동620,1,,서울특별시 용산구후암동 103-4,,,2015,,02-2199-7880,서울특별시 용산구청,2026-06-13
후암동621,1,,서울특별시 용산구후암동 65-4,,,2023,,02-2199-7880,서울특별시 용산구청,2026-06-13
후암동622,1,,서울특별시 용산구후암동 103-4,,,2015,,02-2199-7880,서울특별시 용산구청,2026-06-13
후암동623,1,,서울특별시 용산구후암동 102-2,,,2024,,02-2199-7880,서울특별시 용산구청,2026-06-13
후암동624,1,,서울특별시 용산구후암동 103-26,,,2015,,02-2199-7880,서울특별시 용산구청,2026-06-13
후암동625,1,,서울특별시 용산구후암동 102-34,,,2024,,02-2199-7880,서울특별시 용산구청,2026-06-13
후암동626,1,,서울특별시 용산구후암동 102-59,,,2024,,02-2199-7880,서울특별시 용산구청,2026-06-13
후암동627,1,,서울특별시 용산구후암동 102-17,,,2024,,02-2199-7880,서울특별시 용산구청,2026-06-13
후암동627(후암동794),1,,서울특별시 용산구후암동 159-7,,,2021,,02-2199-7880,서울특별시 용산구청,2026-06-13
후암동628,1,,서울특별시 용산구후암동 102-17,,,2024,,02-2199-7880,서울특별시 용산구청,2026-06-13
후암동628(후암동793),1,,서울특별시 용산구후암동 156-1,,,2021,,02-2199-7880,서울특별시 용산구청,2026-06-13
후암동629,1,,서울특별시 용산구후암동 150-6,,,2021,,02-2199-7880,서울특별시 용산구청,2026-06-13
후암동630,1,,서울특별시 용산구후암동 102-17,,,2024,,02-2199-7880,서울특별시 용산구청,2026-06-13
후암동630(후암동791),1,,서울특별시 용산구후암동 156-5,,,2021,,02-2199-7880,서울특별시 용산구청,2026-06-13
후암동631,1,,서울특별시 용산구후암동 19-2,,,2012,,02-2199-7880,서울특별시 용산구청,2026-06-13
후암동632,1,,서울특별시 용산구후암동 19-38,,,2012,,02-2199-7880,서울특별시 용산구청,2026-06-13
후암동633,1,,서울특별시 용산구후암동 123-18,,,2024,,02-2199-7880,서울특별시 용산구청,2026-06-13
후암동633(후암동749),1,,서울특별시 용산구후암동 156-4,,,2021,,02-2199-7880,서울특별시 용산구청,2026-06-13
후암동634,1,,서울특별시 용산구후암동 20-4,,,2024,,02-2199-7880,서울특별시 용산구청,2026-06-13
후암동635,1,,서울특별시 용산구후암동 123-2,,,2024,,02-2199-7880,서울특별시 용산구청,2026-06-13
후암동636,1,,서울특별시 용산구후암동 123-9,,,2024,,02-2199-7880,서울특별시 용산구청,2026-06-13
후암동637,1,,서울특별시 용산구후암동 123-9,,,2024,,02-2199-7880,서울특별시 용산구청,2026-06-13
후암동638,1,,서울특별시 용산구후암동 123-18,,,2024,,02-2199-7880,서울특별시 용산구청,2026-06-13
후암동639,1,,서울특별시 용산구후암동 123-11,,,2024,,02-2199-7880,서울특별시 용산구청,2026-06-13
후암동64(후암동454),1,,서울특별시 용산구후암동 17,,,2022,,02-2199-7880,서울특별시 용산구청,2026-06-13
후암동640,1,,서울특별시 용산구후암동 123-18,,,2024,,02-2199-7880,서울특별시 용산구청,2026-06-13
후암동641,1,,서울특별시 용산구후암동 123-18,,,2024,,02-2199-7880,서울특별시 용산구청,2026-06-13
후암동642,1,,서울특별시 용산구후암동 123-16,,,2024,,02-2199-7880,서울특별시 용산구청,2026-06-13
후암동643,1,,서울특별시 용산구후암동 123-18,,,2024,,02-2199-7880,서울특별시 용산구청,2026-06-13
후암동644,1,,서울특별시 용산구후암동 123-35,,,2024,,02-2199-7880,서울특별시 용산구청,2026-06-13
후암동645,1,,서울특별시 용산구후암동 123-37,,,2024,,02-2199-7880,서울특별시 용산구청,2026-06-13
후암동646,1,,서울특별시 용산구후암동 123-21,,,2024,,02-2199-7880,서울특별시 용산구청,2026-06-13
후암동647,1,,서울특별시 용산구후암동 123-28,,,2024,,02-2199-7880,서울특별시 용산구청,2026-06-13
후암동648,1,,서울특별시 용산구후암동 238-35,,,2024,,02-2199-7880,서울특별시 용산구청,2026-06-13
후암동649,1,,서울특별시 용산구후암동 238-35,,,2024,,02-2199-7880,서울특별시 용산구청,2026-06-13
후암동65(후암동453),1,,서울특별시 용산구후암동 14-1,,,2022,,02-2199-7880,서울특별시 용산구청,2026-06-13
후암동650,1,,서울특별시 용산구후암동 236-18,,,2024,,02-2199-7880,서울특별시 용산구청,2026-06-13
후암동651,1,,서울특별시 용산구후암동 236-17,,,2024,,02-2199-7880,서울특별시 용산구청,2026-06-13
후암동652,1,,서울특별시 용산구후암동 236-17,,,2024,,02-2199-7880,서울특별시 용산구청,2026-06-13
후암동653,1,,서울특별시 용산구후암동 235-1,,,2024,,02-2199-7880,서울특별시 용산구청,2026-06-13
후암동654,1,,서울특별시 용산구후암동 227-4,,,2024,,02-2199-7880,서울특별시 용산구청,2026-06-13
후암동655,1,,서울특별시 용산구후암동 227-4,,,2012,,02-2199-7880,서울특별시 용산구청,2026-06-13
후암동656,1,,서울특별시 용산구후암동 230-1,,,2024,,02-2199-7880,서울특별시 용산구청,2026-06-13
후암동657,1,,서울특별시 용산구후암동 216-2,,,2024,,02-2199-7880,서울특별시 용산구청,2026-06-13
후암동658,1,,서울특별시 용산구후암동 214-8,,,2024,,02-2199-7880,서울특별시 용산구청,2026-06-13
후암동659,1,,서울특별시 용산구후암동 204-2,,,2024,,02-2199-7880,서울특별시 용산구청,2026-06-13
후암동66(후암동459),1,,서울특별시 용산구후암동 8-1,,,2022,,02-2199-7880,서울특별시 용산구청,2026-06-13
후암동660,1,,서울특별시 용산구후암동 194-10,,,2024,,02-2199-7880,서울특별시 용산구청,2026-06-13
후암동661,1,,서울특별시 용산구후암동 195-1,,,2024,,02-2199-7880,서울특별시 용산구청,2026-06-13
후암동662,1,,서울특별시 용산구후암동 192-5,,,2024,,02-2199-7880,서울특별시 용산구청,2026-06-13
후암동663,1,,서울특별시 용산구후암동 195-1,,,2024,,02-2199-7880,서울특별시 용산구청,2026-06-13
후암동664,1,,서울특별시 용산구후암동 192-5,,,2024,,02-2199-7880,서울특별시 용산구청,2026-06-13
후암동665,1,,서울특별시 용산구후암동 192-5,,,2024,,02-2199-7880,서울특별시 용산구청,2026-06-13
후암동666,1,,서울특별시 용산구후암동 192-5,,,2024,,02-2199-7880,서울특별시 용산구청,2026-06-13
후암동667,1,,서울특별시 용산구후암동 190-2,,,2024,,02-2199-7880,서울특별시 용산구청,2026-06-13
후암동668,1,,서울특별시 용산구후암동 190-2,,,2024,,02-2199-7880,서울특별시 용산구청,2026-06-13
후암동669,1,,서울특별시 용산구후암동 199-4,,,2024,,02-2199-7880,서울특별시 용산구청,2026-06-13
후암동67(후암동457),1,,서울특별시 용산구후암동 3-10,,,2022,,02-2199-7880,서울특별시 용산구청,2026-06-13
후암동670,1,,서울특별시 용산구후암동 190-2,,,2024,,02-2199-7880,서울특별시 용산구청,2026-06-13
후암동671,1,,서울특별시 용산구후암동 192-5,,,2024,,02-2199-7880,서울특별시 용산구청,2026-06-13
후암동672,1,,서울특별시 용산구후암동 192-36,,,2024,,02-2199-7880,서울특별시 용산구청,2026-06-13
후암동673,1,,서울특별시 용산구후암동 197-2,,,2024,,02-2199-7880,서울특별시 용산구청,2026-06-13
후암동674,1,,서울특별시 용산구후암동 192-5,,,2024,,02-2199-7880,서울특별시 용산구청,2026-06-13
후암동675,1,,서울특별시 용산구후암동 192-73,,,2024,,02-2199-7880,서울특별시 용산구청,2026-06-13
후암동676,1,,서울특별시 용산구후암동 192-69,,,2024,,02-2199-7880,서울특별시 용산구청,2026-06-13
후암동677,1,,서울특별시 용산구후암동 192-6,,,2024,,02-2199-7880,서울특별시 용산구청,2026-06-13
후암동678,1,,서울특별시 용산구후암동 192-24,,,2024,,02-2199-7880,서울특별시 용산구청,2026-06-13
후암동679,1,,서울특별시 용산구후암동 192-68,,,2024,,02-2199-7880,서울특별시 용산구청,2026-06-13
후암동680,1,,서울특별시 용산구후암동 192-24,,,2024,,02-2199-7880,서울특별시 용산구청,2026-06-13
후암동681,1,,서울특별시 용산구후암동 192-14,,,2024,,02-2199-7880,서울특별시 용산구청,2026-06-13
후암동682,1,,서울특별시 용산구후암동 192-14,,,2024,,02-2199-7880,서울특별시 용산구청,2026-06-13
후암동683,1,,서울특별시 용산구후암동 192-10,,,2024,,02-2199-7880,서울특별시 용산구청,2026-06-13
후암동684,1,,서울특별시 용산구후암동 190-10,,,2024,,02-2199-7880,서울특별시 용산구청,2026-06-13
후암동685,1,,서울특별시 용산구후암동 238-1,,,2024,,02-2199-7880,서울특별시 용산구청,2026-06-13
후암동686,1,,서울특별시 용산구후암동 190-10,,,2024,,02-2199-7880,서울특별시 용산구청,2026-06-13
후암동687,1,,서울특별시 용산구후암동 190-10,,,2024,,02-2199-7880,서울특별시 용산구청,2026-06-13
후암동689,1,,서울특별시 용산구후암동 105-56,,,2024,,02-2199-7880,서울특별시 용산구청,2026-06-13
후암동69(후암동455),1,,서울특별시 용산구후암동 7-4,,,2022,,02-2199-7880,서울특별시 용산구청,2026-06-13
후암동690,1,,서울특별시 용산구후암동 105-52,,,2024,,02-2199-7880,서울특별시 용산구청,2026-06-13
후암동691,1,,서울특별시 용산구후암동 176-8,,,2012,,02-2199-7880,서울특별시 용산구청,2026-06-13
후암동692,1,,서울특별시 용산구후암동 174-7,,,2012,,02-2199-7880,서울특별시 용산구청,2026-06-13
후암동693,1,,서울특별시 용산구후암동 175-2,,,2012,,02-2199-7880,서울특별시 용산구청,2026-06-13
후암동694,1,,서울특별시 용산구후암동 192-14,,,2016,,02-2199-7880,서울특별시 용산구청,2026-06-13
후암동695,1,,서울특별시 용산구후암동 192-14,,,2012,,02-2199-7880,서울특별시 용산구청,2026-06-13
후암동696,1,,서울특별시 용산구후암동 175-2,,,2012,,02-2199-7880,서울특별시 용산구청,2026-06-13
후암동697,1,,서울특별시 용산구후암동 184-8,,,2012,,02-2199-7880,서울특별시 용산구청,2026-06-13
후암동698,1,,서울특별시 용산구후암동 184-6,,,2016,,02-2199-7880,서울특별시 용산구청,2026-06-13
후암동699,1,,서울특별시 용산구후암동 190-2,,,2012,,02-2199-7880,서울특별시 용산구청,2026-06-13
후암동70(후암동463),1,,서울특별시 용산구후암동 31-1,,,2022,,02-2199-7880,서울특별시 용산구청,2026-06-13
후암동700,1,,서울특별시 용산구후암동 190-7,,,2012,,02-2199-7880,서울특별시 용산구청,2026-06-13
후암동701,1,,서울특별시 용산구후암동 185-11,,,2024,,02-2199-7880,서울특별시 용산구청,2026-06-13
후암동702,1,,서울특별시 용산구후암동 190-7,,,2012,,02-2199-7880,서울특별시 용산구청,2026-06-13
후암동703,1,,서울특별시 용산구후암동 168,,,2024,,02-2199-7880,서울특별시 용산구청,2026-06-13
후암동704,1,,서울특별시 용산구후암동 185-2,,,2024,,02-2199-7880,서울특별시 용산구청,2026-06-13
후암동705,1,,서울특별시 용산구후암동 185-2,,,2024,,02-2199-7880,서울특별시 용산구청,2026-06-13
후암동706,1,,서울특별시 용산구후암동 166-3,,,2024,,02-2199-7880,서울특별시 용산구청,2026-06-13
후암동707,1,,서울특별시 용산구후암동 167-2,,,2012,,02-2199-7880,서울특별시 용산구청,2026-06-13
후암동708,1,,서울특별시 용산구후암동 65-1,,,2024,,02-2199-7880,서울특별시 용산구청,2026-06-13
후암동709,1,,서울특별시 용산구후암동 51-1,,,2024,,02-2199-7880,서울특별시 용산구청,2026-06-13
후암동710,1,,서울특별시 용산구후암동 52-34,,,2024,,02-2199-7880,서울특별시 용산구청,2026-06-13
후암동711,1,,서울특별시 용산구후암동 52-34,,,2024,,02-2199-7880,서울특별시 용산구청,2026-06-13
후암동712,1,,서울특별시 용산구후암동 51-45,,,2024,,02-2199-7880,서울특별시 용산구청,2026-06-13
후암동713,1,,서울특별시 용산구후암동 164-29,,,2024,,02-2199-7880,서울특별시 용산구청,2026-06-13
후암동714,1,,서울특별시 용산구후암동 164-29,,,2024,,02-2199-7880,서울특별시 용산구청,2026-06-13
후암동715,1,,서울특별시 용산구후암동 164-41,,,2024,,02-2199-7880,서울특별시 용산구청,2026-06-13
후암동716,1,,서울특별시 용산구후암동 45-43,,,2024,,02-2199-7880,서울특별시 용산구청,2026-06-13
후암동717,1,,서울특별시 용산구후암동 45-43,,,2024,,02-2199-7880,서울특별시 용산구청,2026-06-13
후암동718,1,,서울특별시 용산구후암동 46-10,,,2024,,02-2199-7880,서울특별시 용산구청,2026-06-13
후암동719,1,,서울특별시 용산구후암동 164-3,,,2024,,02-2199-7880,서울특별시 용산구청,2026-06-13
후암동720,1,,서울특별시 용산구후암동 165-4,,,2024,,02-2199-7880,서울특별시 용산구청,2026-06-13
후암동721,1,,서울특별시 용산구후암동 158-7,,,2024,,02-2199-7880,서울특별시 용산구청,2026-06-13
후암동722,1,,서울특별시 용산구후암동 158-6,,,2024,,02-2199-7880,서울특별시 용산구청,2026-06-13
후암동723,1,,서울특별시 용산구후암동 158,,,2024,,02-2199-7880,서울특별시 용산구청,2026-06-13
후암동724,1,,서울특별시 용산구후암동 161-6,,,2024,,02-2199-7880,서울특별시 용산구청,2026-06-13
후암동725,1,,서울특별시 용산구후암동 161-6,,,2024,,02-2199-7880,서울특별시 용산구청,2026-06-13
후암동726,1,,서울특별시 용산구후암동 162-1,,,2024,,02-2199-7880,서울특별시 용산구청,2026-06-13
후암동727,1,,서울특별시 용산구후암동 162-1,,,2024,,02-2199-7880,서울특별시 용산구청,2026-06-13
후암동728,1,,서울특별시 용산구후암동 190-17,,,2024,,02-2199-7880,서울특별시 용산구청,2026-06-13
후암동729,1,,서울특별시 용산구후암동 166-7,,,2024,,02-2199-7880,서울특별시 용산구청,2026-06-13
후암동73(후암동449),1,,서울특별시 용산구후암동 15-1,,,2022,,02-2199-7880,서울특별시 용산구청,2026-06-13
후암동730,1,,서울특별시 용산구후암동 185-15,,,2024,,02-2199-7880,서울특별시 용산구청,2026-06-13
후암동731,1,,서울특별시 용산구후암동 190-2,,,2024,,02-2199-7880,서울특별시 용산구청,2026-06-13
후암동732,1,,서울특별시 용산구후암동 136-1,,,2024,,02-2199-7880,서울특별시 용산구청,2026-06-13
후암동733,1,,서울특별시 용산구후암동 136-1,,,2024,,02-2199-7880,서울특별시 용산구청,2026-06-13
후암동734,1,,서울특별시 용산구후암동 134-5,,,2012,,02-2199-7880,서울특별시 용산구청,2026-06-13
후암동735,1,,서울특별시 용산구후암동 132-19,,,2024,,02-2199-7880,서울특별시 용산구청,2026-06-13
후암동736,1,,서울특별시 용산구후암동 131-2,,,2012,,02-2199-7880,서울특별시 용산구청,2026-06-13
후암동737,1,,서울특별시 용산구후암동 129-2,,,2012,,02-2199-7880,서울특별시 용산구청,2026-06-13
후암동738,1,,서울특별시 용산구후암동 132-11,,,2024,,02-2199-7880,서울특별시 용산구청,2026-06-13
후암동739,1,,서울특별시 용산구후암동 239-1,,,2024,,02-2199-7880,서울특별시 용산구청,2026-06-13
후암동74(후암동448),1,,서울특별시 용산구후암동 18-3,,,2022,,02-2199-7880,서울특별시 용산구청,2026-06-13
후암동740,1,,서울특별시 용산구후암동 105-56,,,2024,,02-2199-7880,서울특별시 용산구청,2026-06-13
후암동741,1,,서울특별시 용산구후암동 139-10,,,2024,,02-2199-7880,서울특별시 용산구청,2026-06-13
후암동742,1,,서울특별시 용산구후암동 139-15,,,2024,,02-2199-7880,서울특별시 용산구청,2026-06-13
후암동743,1,,서울특별시 용산구후암동 135-4,,,2012,,02-2199-7880,서울특별시 용산구청,2026-06-13
후암동744,1,,서울특별시 용산구후암동 135-5,,,2024,,02-2199-7880,서울특별시 용산구청,2026-06-13
후암동745,1,,서울특별시 용산구후암동 138-7,,,2024,,02-2199-7880,서울특별시 용산구청,2026-06-13
후암동746,1,,서울특별시 용산구후암동 138-4,,,2024,,02-2199-7880,서울특별시 용산구청,2026-06-13
후암동747,1,,서울특별시 용산구후암동 136-6,,,2024,,02-2199-7880,서울특별시 용산구청,2026-06-13
후암동748,1,,서울특별시 용산구후암동 158-3,,,2024,,02-2199-7880,서울특별시 용산구청,2026-06-13
후암동75(후암동447),1,,서울특별시 용산구후암동 25-1,,,2022,,02-2199-7880,서울특별시 용산구청,2026-06-13
후암동750,1,,서울특별시 용산구후암동 46-10,,,2024,,02-2199-7880,서울특별시 용산구청,2026-06-13
후암동751,1,,서울특별시 용산구후암동 155-9,,,2024,,02-2199-7880,서울특별시 용산구청,2026-06-13
후암동752,1,,서울특별시 용산구후암동 155-29,,,2024,,02-2199-7880,서울특별시 용산구청,2026-06-13
후암동753,1,,서울특별시 용산구후암동 155-2,,,2024,,02-2199-7880,서울특별시 용산구청,2026-06-13
후암동754,1,,서울특별시 용산구후암동 155-9,,,2015,,02-2199-7880,서울특별시 용산구청,2026-06-13
후암동755,1,,서울특별시 용산구후암동 155-17,,,2024,,02-2199-7880,서울특별시 용산구청,2026-06-13
후암동756,1,,서울특별시 용산구후암동 155-14,,,2024,,02-2199-7880,서울특별시 용산구청,2026-06-13
후암동757,1,,서울특별시 용산구후암동 7-20,,,2024,,02-2199-7880,서울특별시 용산구청,2026-06-13
후암동758,1,,서울특별시 용산구후암동 142-4,,,2024,,02-2199-7880,서울특별시 용산구청,2026-06-13
후암동759,1,,서울특별시 용산구후암동 155-14,,,2024,,02-2199-7880,서울특별시 용산구청,2026-06-13
후암동76(후암동461),1,,서울특별시 용산구후암동 3-15,,,2022,,02-2199-7880,서울특별시 용산구청,2026-06-13
후암동760,1,,서울특별시 용산구후암동 143-15,,,2024,,02-2199-7880,서울특별시 용산구청,2026-06-13
후암동761,1,,서울특별시 용산구후암동 143-4,,,2024,,02-2199-7880,서울특별시 용산구청,2026-06-13
후암동762,1,,서울특별시 용산구후암동 143-18,,,2024,,02-2199-7880,서울특별시 용산구청,2026-06-13
후암동763,1,,서울특별시 용산구후암동 143-20,,,2024,,02-2199-7880,서울특별시 용산구청,2026-06-13
후암동764,1,,서울특별시 용산구후암동 142-12,,,2024,,02-2199-7880,서울특별시 용산구청,2026-06-13
후암동765,1,,서울특별시 용산구후암동 142-94,,,2024,,02-2199-7880,서울특별시 용산구청,2026-06-13
후암동766,1,,서울특별시 용산구후암동 143-53,,,2024,,02-2199-7880,서울특별시 용산구청,2026-06-13
후암동767,1,,서울특별시 용산구후암동 143-10,,,2024,,02-2199-7880,서울특별시 용산구청,2026-06-13
후암동768,1,,서울특별시 용산구후암동 143-10,,,2024,,02-2199-7880,서울특별시 용산구청,2026-06-13
후암동769,1,,서울특별시 용산구후암동 143-33,,,2024,,02-2199-7880,서울특별시 용산구청,2026-06-13
후암동77(후암동460),1,,서울특별시 용산구후암동 38-3,,,2022,,02-2199-7880,서울특별시 용산구청,2026-06-13
후암동770,1,,서울특별시 용산구후암동 143-33,,,2024,,02-2199-7880,서울특별시 용산구청,2026-06-13
후암동771,1,,서울특별시 용산구후암동 143-52,,,2024,,02-2199-7880,서울특별시 용산구청,2026-06-13
후암동772,1,,서울특별시 용산구후암동 142-12,,,2024,,02-2199-7880,서울특별시 용산구청,2026-06-13
후암동773,1,,서울특별시 용산구후암동 142-12,,,2024,,02-2199-7880,서울특별시 용산구청,2026-06-13
후암동774,1,,서울특별시 용산구후암동 142-12,,,2024,,02-2199-7880,서울특별시 용산구청,2026-06-13
후암동775,1,,서울특별시 용산구후암동 142-12,,,2024,,02-2199-7880,서울특별시 용산구청,2026-06-13
후암동776,1,,서울특별시 용산구후암동 142-12,,,2024,,02-2199-7880,서울특별시 용산구청,2026-06-13
후암동777,1,,서울특별시 용산구후암동 142-104,,,2024,,02-2199-7880,서울특별시 용산구청,2026-06-13
후암동778,1,,서울특별시 용산구후암동 142-12,,,2012,,02-2199-7880,서울특별시 용산구청,2026-06-13
후암동779,1,,서울특별시 용산구후암동 142-81,,,2024,,02-2199-7880,서울특별시 용산구청,2026-06-13
후암동78(후암동451),1,,서울특별시 용산구후암동 30-33,,,2022,,02-2199-7880,서울특별시 용산구청,2026-06-13
후암동780,1,,서울특별시 용산구후암동 143-6,,,2018,,02-2199-7880,서울특별시 용산구청,2026-06-13
후암동781,1,,서울특별시 용산구후암동 142-6,,,2024,,02-2199-7880,서울특별시 용산구청,2026-06-13
후암동782,1,,서울특별시 용산구후암동 142-12,,,2024,,02-2199-7880,서울특별시 용산구청,2026-06-13
후암동783,1,,서울특별시 용산구후암동 142-88,,,2024,,02-2199-7880,서울특별시 용산구청,2026-06-13
후암동784,1,,서울특별시 용산구후암동 142-12,,,2024,,02-2199-7880,서울특별시 용산구청,2026-06-13
후암동785,1,,서울특별시 용산구후암동 142-54,,,2024,,02-2199-7880,서울특별시 용산구청,2026-06-13
후암동786,1,,서울특별시 용산구후암동 142-62,,,2024,,02-2199-7880,서울특별시 용산구청,2026-06-13
후암동787,1,,서울특별시 용산구후암동 142-60,,,2024,,02-2199-7880,서울특별시 용산구청,2026-06-13
후암동787(후암동851),1,,서울특별시 용산구후암동 115-4,,,2021,,02-2199-7880,서울특별시 용산구청,2026-06-13
후암동788,1,,서울특별시 용산구후암동 142-12,,,2024,,02-2199-7880,서울특별시 용산구청,2026-06-13
후암동789,1,,서울특별시 용산구후암동 142-27,,,2024,,02-2199-7880,서울특별시 용산구청,2026-06-13
후암동79(후암동450),1,,서울특별시 용산구후암동 31-2,,,2022,,02-2199-7880,서울특별시 용산구청,2026-06-13
후암동790,1,,서울특별시 용산구후암동 142-9,,,2024,,02-2199-7880,서울특별시 용산구청,2026-06-13
후암동792,1,,서울특별시 용산구후암동 155-10,,,2024,,02-2199-7880,서울특별시 용산구청,2026-06-13
후암동795,1,,서울특별시 용산구후암동 147-7,,,2024,,02-2199-7880,서울특별시 용산구청,2026-06-13
후암동796,1,,서울특별시 용산구후암동 140-61,,,2024,,02-2199-7880,서울특별시 용산구청,2026-06-13
후암동797,1,,서울특별시 용산구후암동 159-8,,,2024,,02-2199-7880,서울특별시 용산구청,2026-06-13
후암동798,1,,서울특별시 용산구후암동 140-48,,,2024,,02-2199-7880,서울특별시 용산구청,2026-06-13
후암동799,1,,서울특별시 용산구후암동 147-2,,,2024,,02-2199-7880,서울특별시 용산구청,2026-06-13
후암동80(후암동452),1,,서울특별시 용산구후암동 15,,,2022,,02-2199-7880,서울특별시 용산구청,2026-06-13
후암동800,1,,서울특별시 용산구후암동 147-1,,,2024,,02-2199-7880,서울특별시 용산구청,2026-06-13
후암동801,1,,서울특별시 용산구후암동 142-52,,,2024,,02-2199-7880,서울특별시 용산구청,2026-06-13
후암동802,1,,서울특별시 용산구후암동 141-9,,,2024,,02-2199-7880,서울특별시 용산구청,2026-06-13
후암동803,1,,서울특별시 용산구후암동 142-12,,,2024,,02-2199-7880,서울특별시 용산구청,2026-06-13
후암동804,1,,서울특별시 용산구후암동 140-59,,,2024,,02-2199-7880,서울특별시 용산구청,2026-06-13
후암동805,1,,서울특별시 용산구후암동 140-59,,,2024,,02-2199-7880,서울특별시 용산구청,2026-06-13
후암동806,1,,서울특별시 용산구후암동 140-6,,,2024,,02-2199-7880,서울특별시 용산구청,2026-06-13
후암동807,1,,서울특별시 용산구후암동 140-37,,,2024,,02-2199-7880,서울특별시 용산구청,2026-06-13
후암동808,1,,서울특별시 용산구후암동 137-2,,,2024,,02-2199-7880,서울특별시 용산구청,2026-06-13
후암동809,1,,서울특별시 용산구후암동 138-8,,,2024,,02-2199-7880,서울특별시 용산구청,2026-06-13
후암동810,1,,서울특별시 용산구후암동 140-24,,,2024,,02-2199-7880,서울특별시 용산구청,2026-06-13
후암동811,1,,서울특별시 용산구후암동 142-28,,,2024,,02-2199-7880,서울특별시 용산구청,2026-06-13
후암동812,1,,서울특별시 용산구후암동 141-2,,,2024,,02-2199-7880,서울특별시 용산구청,2026-06-13
후암동813,1,,서울특별시 용산구후암동 140-4,,,2024,,02-2199-7880,서울특별시 용산구청,2026-06-13
후암동814,1,,서울특별시 용산구후암동 120-13,,,2024,,02-2199-7880,서울특별시 용산구청,2026-06-13
후암동815,1,,서울특별시 용산구후암동 128-1,,,2024,,02-2199-7880,서울특별시 용산구청,2026-06-13
후암동816,1,,서울특별시 용산구후암동 120-12,,,2024,,02-2199-7880,서울특별시 용산구청,2026-06-13
후암동816(후암동892),1,,서울특별시 용산구후암동 44-48,,,2022,,02-2199-7880,서울특별시 용산구청,2026-06-13
후암동817,1,,서울특별시 용산구후암동 120-13,,,2024,,02-2199-7880,서울특별시 용산구청,2026-06-13
후암동817(후암동583),1,,서울특별시 용산구후암동 66-2,,,2022,,02-2199-7880,서울특별시 용산구청,2026-06-13
후암동818,1,,서울특별시 용산구후암동 45-4,,,2022,,02-2199-7880,서울특별시 용산구청,2026-06-13
후암동819,1,,서울특별시 용산구후암동 128-2,,,2024,,02-2199-7880,서울특별시 용산구청,2026-06-13
후암동819(후암동508),1,,서울특별시 용산구후암동 55-9,,,2022,,02-2199-7880,서울특별시 용산구청,2026-06-13
후암동82(후암동445),1,,서울특별시 용산구후암동 27-7,,,2022,,02-2199-7880,서울특별시 용산구청,2026-06-13
후암동820,1,,서울특별시 용산구후암동 128-2,,,2024,,02-2199-7880,서울특별시 용산구청,2026-06-13
후암동820(후암동509),1,,서울특별시 용산구후암동 52-3,,,2022,,02-2199-7880,서울특별시 용산구청,2026-06-13
후암동821,1,,서울특별시 용산구후암동 140-26,,,2024,,02-2199-7880,서울특별시 용산구청,2026-06-13
후암동821(후암동115),1,,서울특별시 용산구후암동 283-2,,,2022,,02-2199-7880,서울특별시 용산구청,2026-06-13
후암동822,1,,서울특별시 용산구후암동 105-56,,,2024,,02-2199-7880,서울특별시 용산구청,2026-06-13
후암동822(후암동121),1,,서울특별시 용산구후암동 303-6,,,2022,,02-2199-7880,서울특별시 용산구청,2026-06-13
후암동823,1,,서울특별시 용산구후암동 238-1,,,2024,,02-2199-7880,서울특별시 용산구청,2026-06-13
후암동823(후암동72),1,,서울특별시 용산구후암동 403-37,,,2022,,02-2199-7880,서울특별시 용산구청,2026-06-13
후암동824,1,,서울특별시 용산구후암동 105-56,,,2024,,02-2199-7880,서울특별시 용산구청,2026-06-13
후암동824(후암동190),1,,서울특별시 용산구후암동 352-29,,,2022,,02-2199-7880,서울특별시 용산구청,2026-06-13
후암동825(A),1,,서울특별시 용산구후암동 352-31,,,2022,,02-2199-7880,서울특별시 용산구청,2026-06-13
후암동826,1,,서울특별시 용산구후암동 105-19,,,2024,,02-2199-7880,서울특별시 용산구청,2026-06-13
후암동826(후암동57),1,,서울특별시 용산구후암동 264-7,,,2022,,02-2199-7880,서울특별시 용산구청,2026-06-13
후암동827,1,,서울특별시 용산구후암동 105-20,,,2024,,02-2199-7880,서울특별시 용산구청,2026-06-13
후암동828,1,,서울특별시 용산구후암동 105-56,,,2024,,02-2199-7880,서울특별시 용산구청,2026-06-13
후암동829,1,,서울특별시 용산구후암동 105-168,,,2024,,02-2199-7880,서울특별시 용산구청,2026-06-13
후암동83(후암동443),1,,서울특별시 용산구후암동 30-42,,,2022,,02-2199-7880,서울특별시 용산구청,2026-06-13
후암동830,1,,서울특별시 용산구후암동 105-194,,,2024,,02-2199-7880,서울특별시 용산구청,2026-06-13
후암동830(후암동62),1,,서울특별시 용산구후암동 265-11,,,2022,,02-2199-7880,서울특별시 용산구청,2026-06-13
후암동831,1,,서울특별시 용산구후암동 105-98,,,2024,,02-2199-7880,서울특별시 용산구청,2026-06-13
후암동832,1,,서울특별시 용산구후암동 105-56,,,2024,,02-2199-7880,서울특별시 용산구청,2026-06-13
후암동833,1,,서울특별시 용산구후암동 105-165,,,2024,,02-2199-7880,서울특별시 용산구청,2026-06-13
후암동834,1,,서울특별시 용산구후암동 105-188,,,2024,,02-2199-7880,서울특별시 용산구청,2026-06-13
후암동835,1,,서울특별시 용산구후암동 105-3,,,2024,,02-2199-7880,서울특별시 용산구청,2026-06-13
후암동836,1,,서울특별시 용산구후암동 105-56,,,2024,,02-2199-7880,서울특별시 용산구청,2026-06-13
후암동837,1,,서울특별시 용산구후암동 105-9,,,2024,,02-2199-7880,서울특별시 용산구청,2026-06-13
후암동837(후암동518),1,,서울특별시 용산구후암동 48-15,,,2022,,02-2199-7880,서울특별시 용산구청,2026-06-13
후암동838,1,,서울특별시 용산구후암동 103-3,,,2024,,02-2199-7880,서울특별시 용산구청,2026-06-13
후암동839,1,,서울특별시 용산구후암동 113-1,,,2024,,02-2199-7880,서울특별시 용산구청,2026-06-13
후암동839(후암동372),1,,서울특별시 용산구후암동 345-9,,,2022,,02-2199-7880,서울특별시 용산구청,2026-06-13
후암동84(후암동442),1,,서울특별시 용산구후암동 30-33,,,2022,,02-2199-7880,서울특별시 용산구청,2026-06-13
후암동840,1,,서울특별시 용산구후암동 113,,,2024,,02-2199-7880,서울특별시 용산구청,2026-06-13
후암동840(후암동356),1,,서울특별시 용산구후암동 395-5,,,2022,,02-2199-7880,서울특별시 용산구청,2026-06-13
후암동841,1,,서울특별시 용산구후암동 114-1,,,2024,,02-2199-7880,서울특별시 용산구청,2026-06-13
후암동842,1,,서울특별시 용산구후암동 114-9,,,2024,,02-2199-7880,서울특별시 용산구청,2026-06-13
후암동842(후암동28),1,,서울특별시 용산구후암동 249-19,,,2022,,02-2199-7880,서울특별시 용산구청,2026-06-13
후암동843,1,,서울특별시 용산구후암동 113-1,,,2024,,02-2199-7880,서울특별시 용산구청,2026-06-13
후암동843(후암동479),1,,서울특별시 용산구후암동 1-38,,,2022,,02-2199-7880,서울특별시 용산구청,2026-06-13
후암동844,1,,서울특별시 용산구후암동 113-1,,,2024,,02-2199-7880,서울특별시 용산구청,2026-06-13
후암동844(후암동90),1,,서울특별시 용산구후암동 276-13,,,2022,,02-2199-7880,서울특별시 용산구청,2026-06-13
후암동845,1,,서울특별시 용산구후암동 123-18,,,2024,,02-2199-7880,서울특별시 용산구청,2026-06-13
후암동845(후암동174),1,,서울특별시 용산구후암동 48-17,,,2022,,02-2199-7880,서울특별시 용산구청,2026-06-13
후암동846,1,,서울특별시 용산구후암동 115-7,,,2024,,02-2199-7880,서울특별시 용산구청,2026-06-13
후암동847,1,,서울특별시 용산구후암동 115-4,,,2024,,02-2199-7880,서울특별시 용산구청,2026-06-13
후암동848,1,,서울특별시 용산구후암동 115-11,,,2024,,02-2199-7880,서울특별시 용산구청,2026-06-13
후암동848(후암동105),1,,서울특별시 용산구후암동 247-7,,,2022,,02-2199-7880,서울특별시 용산구청,2026-06-13
후암동849,1,,서울특별시 용산구후암동 116-11,,,2024,,02-2199-7880,서울특별시 용산구청,2026-06-13
후암동85(후암동441),1,,서울특별시 용산구후암동 30-52,,,2022,,02-2199-7880,서울특별시 용산구청,2026-06-13
후암동850,1,,서울특별시 용산구후암동 116-2,,,2024,,02-2199-7880,서울특별시 용산구청,2026-06-13
후암동851(후암동458),1,,서울특별시 용산구후암동 3-14,,,2022,,02-2199-7880,서울특별시 용산구청,2026-06-13
후암동852,1,,서울특별시 용산구후암동 116-13,,,2024,,02-2199-7880,서울특별시 용산구청,2026-06-13
후암동852(후암동456),1,,서울특별시 용산구후암동 7-4,,,2022,,02-2199-7880,서울특별시 용산구청,2026-06-13
후암동853,1,,서울특별시 용산구후암동 109,,,2024,,02-2199-7880,서울특별시 용산구청,2026-06-13
후암동853(후암동178),1,,서울특별시 용산구후암동 55-7,,,2022,,02-2199-7880,서울특별시 용산구청,2026-06-13
후암동854,1,,서울특별시 용산구후암동 114-28,,,2024,,02-2199-7880,서울특별시 용산구청,2026-06-13
후암동855,1,,서울특별시 용산구후암동 116-13,,,2024,,02-2199-7880,서울특별시 용산구청,2026-06-13
후암동856,1,,서울특별시 용산구후암동 109-21,,,2024,,02-2199-7880,서울특별시 용산구청,2026-06-13
후암동856(후암동371),1,,서울특별시 용산구후암동 334-3,,,2022,,02-2199-7880,서울특별시 용산구청,2026-06-13
후암동857,1,,서울특별시 용산구후암동 109-30,,,2024,,02-2199-7880,서울특별시 용산구청,2026-06-13
후암동857(후암동446),1,,서울특별시 용산구후암동 22,,,2022,,02-2199-7880,서울특별시 용산구청,2026-06-13
후암동858,1,,서울특별시 용산구후암동 129-2,,,2024,,02-2199-7880,서울특별시 용산구청,2026-06-13
후암동859,1,,서울특별시 용산구후암동 129-2,,,2024,,02-2199-7880,서울특별시 용산구청,2026-06-13
후암동859(후암동86),1,,서울특별시 용산구후암동 254-10,,,2022,,02-2199-7880,서울특별시 용산구청,2026-06-13
후암동86(후암동440),1,,서울특별시 용산구후암동 30-181,,,2022,,02-2199-7880,서울특별시 용산구청,2026-06-13
후암동860,1,,서울특별시 용산구후암동 132-13,,,2024,,02-2199-7880,서울특별시 용산구청,2026-06-13
후암동860(후암동494),1,,서울특별시 용산구후암동 436,,,2021,,02-2199-7880,서울특별시 용산구청,2026-06-13
후암동861,1,,서울특별시 용산구후암동 107-2,,,2024,,02-2199-7880,서울특별시 용산구청,2026-06-13
후암동862,1,,서울특별시 용산구후암동 108-19,,,2024,,02-2199-7880,서울특별시 용산구청,2026-06-13
후암동862(후암동144),1,,서울특별시 용산구후암동 389-31,,,2022,,02-2199-7880,서울특별시 용산구청,2026-06-13
후암동863,1,,서울특별시 용산구후암동 105-56,,,2024,,02-2199-7880,서울특별시 용산구청,2026-06-13
후암동864,1,,서울특별시 용산구후암동 105-86,,,2019,,02-2199-7880,서울특별시 용산구청,2026-06-13
후암동865,1,,서울특별시 용산구후암동 105-56,,,2024,,02-2199-7880,서울특별시 용산구청,2026-06-13
후암동866,1,,서울특별시 용산구후암동 105-87,,,2012,,02-2199-7880,서울특별시 용산구청,2026-06-13
후암동867,1,,서울특별시 용산구후암동 105-42,,,2024,,02-2199-7880,서울특별시 용산구청,2026-06-13
후암동868,1,,서울특별시 용산구후암동 105-25,,,2024,,02-2199-7880,서울특별시 용산구청,2026-06-13
후암동868(후암동37),1,,서울특별시 용산구후암동 255-30,,,2022,,02-2199-7880,서울특별시 용산구청,2026-06-13
후암동869,1,,서울특별시 용산구후암동 105-26,,,2024,,02-2199-7880,서울특별시 용산구청,2026-06-13
후암동87(후암동439),1,,서울특별시 용산구후암동 30-52,,,2022,,02-2199-7880,서울특별시 용산구청,2026-06-13
후암동870,1,,서울특별시 용산구후암동 105-56,,,2024,,02-2199-7880,서울특별시 용산구청,2026-06-13
후암동871,1,,서울특별시 용산구후암동 105-56,,,2024,,02-2199-7880,서울특별시 용산구청,2026-06-13
후암동871(후암동487),1,,서울특별시 용산구후암동 435-34,,,2021,,02-2199-7880,서울특별시 용산구청,2026-06-13
후암동872,1,,서울특별시 용산구후암동 105-39,,,2024,,02-2199-7880,서울특별시 용산구청,2026-06-13
후암동873,1,,서울특별시 용산구후암동 105-35,,,2024,,02-2199-7880,서울특별시 용산구청,2026-06-13
후암동874,1,,서울특별시 용산구후암동 105-35,,,2024,,02-2199-7880,서울특별시 용산구청,2026-06-13
후암동875,1,,서울특별시 용산구후암동 105-56,,,2024,,02-2199-7880,서울특별시 용산구청,2026-06-13
후암동875(후암동17),1,,서울특별시 용산구후암동 297-31,,,2022,,02-2199-7880,서울특별시 용산구청,2026-06-13
후암동876,1,,서울특별시 용산구후암동 105-56,,,2024,,02-2199-7880,서울특별시 용산구청,2026-06-13
후암동877,1,,서울특별시 용산구후암동 105-10,,,2024,,02-2199-7880,서울특별시 용산구청,2026-06-13
후암동877(후암동585),1,,서울특별시 용산구후암동 60-32,,,2022,,02-2199-7880,서울특별시 용산구청,2026-06-13
후암동878,1,,서울특별시 용산구후암동 105-206,,,2012,,02-2199-7880,서울특별시 용산구청,2026-06-13
후암동879,1,,서울특별시 용산구후암동 110-4,,,2024,,02-2199-7880,서울특별시 용산구청,2026-06-13
후암동88(후암동438),1,,서울특별시 용산구후암동 30-42,,,2022,,02-2199-7880,서울특별시 용산구청,2026-06-13
후암동880,1,,서울특별시 용산구후암동 107-1,,,2024,,02-2199-7880,서울특별시 용산구청,2026-06-13
후암동880(후암동588),1,,서울특별시 용산구후암동 60-15,,,2022,,02-2199-7880,서울특별시 용산구청,2026-06-13
후암동881,1,,서울특별시 용산구후암동 107-1,,,2024,,02-2199-7880,서울특별시 용산구청,2026-06-13
후암동881(후암동592),1,,서울특별시 용산구후암동 60-32,,,2022,,02-2199-7880,서울특별시 용산구청,2026-06-13
후암동882,1,,서울특별시 용산구후암동 108-7,,,2024,,02-2199-7880,서울특별시 용산구청,2026-06-13
후암동882(후암동577),1,,서울특별시 용산구후암동 41-15,,,2022,,02-2199-7880,서울특별시 용산구청,2026-06-13
후암동883,1,,서울특별시 용산구후암동 406-57,,,2024,,02-2199-7880,서울특별시 용산구청,2026-06-13
후암동883(후암동118),1,,서울특별시 용산구후암동 297-30,,,2022,,02-2199-7880,서울특별시 용산구청,2026-06-13
후암동884,1,,서울특별시 용산구후암동 406-30,,,2024,,02-2199-7880,서울특별시 용산구청,2026-06-13
후암동885,1,,서울특별시 용산구후암동 409-167,,,2024,,02-2199-7880,서울특별시 용산구청,2026-06-13
후암동886,1,,서울특별시 용산구후암동 406-101,,,2012,,02-2199-7880,서울특별시 용산구청,2026-06-13
후암동887,1,,서울특별시 용산구후암동 448-140,,,2024,,02-2199-7880,서울특별시 용산구청,2026-06-13
후암동888,1,,서울특별시 용산구후암동 448-171,,,2024,,02-2199-7880,서울특별시 용산구청,2026-06-13
후암동889,1,,서울특별시 용산구후암동 448-170,,,2024,,02-2199-7880,서울특별시 용산구청,2026-06-13
후암동89(후암동437),1,,서울특별시 용산구후암동 30-42,,,2022,,02-2199-7880,서울특별시 용산구청,2026-06-13
후암동890,1,,서울특별시 용산구후암동 43-47,,,2024,,02-2199-7880,서울특별시 용산구청,2026-06-13
후암동891,1,,서울특별시 용산구후암동 43-41,,,2024,,02-2199-7880,서울특별시 용산구청,2026-06-13
후암동892(후암동415),1,,서울특별시 용산구후암동 45-3,,,2022,,02-2199-7880,서울특별시 용산구청,2026-06-13
후암동894,1,,서울특별시 용산구후암동 45-4,,,2012,,02-2199-7880,서울특별시 용산구청,2026-06-13
후암동895,1,,서울특별시 용산구후암동 409-163,,,2024,,02-2199-7880,서울특별시 용산구청,2026-06-13
후암동896,1,,서울특별시 용산구후암동 409-34,,,2024,,02-2199-7880,서울특별시 용산구청,2026-06-13
후암동897,1,,서울특별시 용산구후암동 415-31,,,2024,,02-2199-7880,서울특별시 용산구청,2026-06-13
후암동898,1,,서울특별시 용산구후암동 409-140,,,2024,,02-2199-7880,서울특별시 용산구청,2026-06-13
후암동90(후암동436),1,,서울특별시 용산구후암동 30-23,,,2022,,02-2199-7880,서울특별시 용산구청,2026-06-13
후암동906(후암동444),1,,서울특별시 용산구후암동 27-19,,,2022,,02-2199-7880,서울특별시 용산구청,2026-06-13
후암동907(후암동504),1,,서울특별시 용산구후암동 55-50,,,2022,,02-2199-7880,서울특별시 용산구청,2026-06-13
후암동908(후암동137),1,,서울특별시 용산구후암동 292-1,,,2022,,02-2199-7880,서울특별시 용산구청,2026-06-13
후암동910(후암동418),1,,서울특별시 용산구후암동 47-1,,,2022,,02-2199-7880,서울특별시 용산구청,2026-06-13
후암동911(후암동466),1,,서울특별시 용산구후암동 1-38,,,2022,,02-2199-7880,서울특별시 용산구청,2026-06-13
후암동918(후암동486),1,,서울특별시 용산구후암동 438-40,,,2022,,02-2199-7880,서울특별시 용산구청,2026-06-13
후암동919(후암동413),1,,서울특별시 용산구후암동 45-28,,,2022,,02-2199-7880,서울특별시 용산구청,2026-06-13
후암동92(후암동435),1,,서울특별시 용산구후암동 38-3,,,2022,,02-2199-7880,서울특별시 용산구청,2026-06-13
후암동920(후암동150),1,,서울특별시 용산구후암동 350-3,,,2022,,02-2199-7880,서울특별시 용산구청,2026-06-13
후암동921(후암동376),1,,서울특별시 용산구후암동 30-84,,,2022,,02-2199-7880,서울특별시 용산구청,2026-06-13
후암동922(후암동126),1,,서울특별시 용산구후암동 307-4,,,2022,,02-2199-7880,서울특별시 용산구청,2026-06-13
후암동923,1,,서울특별시 용산구후암동 55-24,,,2022,,02-2199-7880,서울특별시 용산구청,2026-06-13
후암동928 A,1,,서울특별시 용산구후암동 265-28,,,2022,,02-2199-7880,서울특별시 용산구청,2026-06-13
후암동929(후암동A),1,,서울특별시 용산구후암동 389-21,,,2022,,02-2199-7880,서울특별시 용산구청,2026-06-13
후암동93(후암동433),1,,서울특별시 용산구후암동 30-22,,,2022,,02-2199-7880,서울특별시 용산구청,2026-06-13
후암동933,1,,서울특별시 용산구후암동 361-3,,,2023,,02-2199-7880,서울특별시 용산구청,2026-06-13
후암동936,1,,서울특별시 용산구후암동 409-181,,,2023,,02-2199-7880,서울특별시 용산구청,2026-06-13
후암동937,1,,서울특별시 용산구후암동 227-4,,,2024,,02-2199-7880,서울특별시 용산구청,2026-06-13
후암동939,1,,서울특별시 용산구후암동 79-2,,,2024,,02-2199-7880,서울특별시 용산구청,2026-06-13
후암동94(후암동432),1,,서울특별시 용산구후암동 30-42,,,2022,,02-2199-7880,서울특별시 용산구청,2026-06-13
후암동940,1,,서울특별시 용산구후암동 458-1,,,2024,,02-2199-7880,서울특별시 용산구청,2026-06-13
후암동941,1,,서울특별시 용산구후암동 190-17,,,2024,,02-2199-7880,서울특별시 용산구청,2026-06-13
후암동942,1,,서울특별시 용산구후암동 190-2,,,2024,,02-2199-7880,서울특별시 용산구청,2026-06-13
후암동943,1,,서울특별시 용산구후암동 190-3,,,2024,,02-2199-7880,서울특별시 용산구청,2026-06-13
후암동944,1,,서울특별시 용산구후암동 190-2,,,2024,,02-2199-7880,서울특별시 용산구청,2026-06-13
후암동945,1,,서울특별시 용산구후암동 190-2,,,2024,,02-2199-7880,서울특별시 용산구청,2026-06-13
후암동946,1,,서울특별시 용산구후암동 120-12,,,2024,,02-2199-7880,서울특별시 용산구청,2026-06-13
후암동947,1,,서울특별시 용산구후암동 358-80,,,2024,,02-2199-7880,서울특별시 용산구청,2026-06-13
후암동948,1,,서울특별시 용산구후암동 458,,,2024,,02-2199-7880,서울특별시 용산구청,2026-06-13
후암동949,1,,서울특별시 용산구후암동 458,,,2024,,02-2199-7880,서울특별시 용산구청,2026-06-13
후암동95(후암동431),1,,서울특별시 용산구후암동 30-42,,,2022,,02-2199-7880,서울특별시 용산구청,2026-06-13
후암동950,1,,서울특별시 용산구후암동 409-242,,,2025,,02-2199-7880,서울특별시 용산구청,2026-06-13
후암동953,1,,서울특별시 용산구후암동 142-12,,,2025,,02-2199-7880,서울특별시 용산구청,2026-06-13
후암동956,1,,서울특별시 용산구후암동 123-18,,,2025,,02-2199-7880,서울특별시 용산구청,2026-06-13
후암동958,1,,서울특별시 용산구후암동 406-101,,,2025,,02-2199-7880,서울특별시 용산구청,2026-06-13
후암동96(후암동430),1,,서울특별시 용산구후암동 30-42,,,2022,,02-2199-7880,서울특별시 용산구청,2026-06-13
후암동97(후암동427),1,,서울특별시 용산구후암동 30-42,,,2022,,02-2199-7880,서울특별시 용산구청,2026-06-13
후암동98(후암동426),1,,서울특별시 용산구후암동 30-68,,,2022,,02-2199-7880,서울특별시 용산구청,2026-06-13
후암동99(후암동425),1,,서울특별시 용산구후암동 30-42,,,2022,,02-2199-7880,서울특별시 용산구청,2026-06-13
후암동신설3,1,,서울특별시 용산구후암동 102-58,,,2024,,02-2199-7880,서울특별시 용산구청,2026-06-13
후암동신설4,1,,서울특별시 용산구후암동 30-129,,,2024,,02-2199-7880,서울특별시 용산구청,2026-06-13
후암동218(후암동170),1,,서울특별시 용산구후암동 45-41,,,2022,,02-2199-7880,서울특별시 용산구청,2026-06-13
후암동92(후암동434),1,,서울특별시 용산구후암동 38-1,,,2022,,02-2199-7880,서울특별시 용산구청,2026-06-13
