보안등위치명,설치개수,소재지도로명주소,소재지지번주소,위도,경도,설치연도,설치형태,관리기관전화번호,관리기관명,데이터기준일자
광장동001,1,,서울특별시 광진구 광장동 111,37.5513412338,127.1104198864,,전용주,02-450-7873,서울특별시 광진구청,2025-12-23
광장동002,1,,서울특별시 광진구 광장동 104,37.5517328042,127.1106976,,건축물,02-450-7873,서울특별시 광진구청,2025-12-23
광장동003,1,,서울특별시 광진구 광장동 141-3,37.5514687844,127.1098666762,,전용주,02-450-7873,서울특별시 광진구청,2025-12-23
광장동006,1,,서울특별시 광진구 광장동 107,37.55152617,127.1098198822,,전용주,02-450-7873,서울특별시 광진구청,2025-12-23
광장동007,1,,서울특별시 광진구 광장동 108,37.5513551601,127.1100758789,,전용주,02-450-7873,서울특별시 광진구청,2025-12-23
광장동008,1,,서울특별시 광진구 광장동 108,37.5513551601,127.1100758789,,전용주,02-450-7873,서울특별시 광진구청,2025-12-23
광장동009,1,,서울특별시 광진구 광장동 108,37.55131917,127.1100758789,,전용주,02-450-7873,서울특별시 광진구청,2025-12-23
광장동010,1,,서울특별시 광진구 광장동 114,37.5507930951,127.1099066609,,전용주,02-450-7873,서울특별시 광진구청,2025-12-23
광장동011,1,,서울특별시 광진구 광장동 118,37.5510413156,127.1094262935,,전용주,02-450-7873,서울특별시 광진구청,2025-12-23
광장동012,1,,서울특별시 광진구 광장동 114,37.5507930951,127.1099066609,,전용주,02-450-7873,서울특별시 광진구청,2025-12-23
광장동013,1,,서울특별시 광진구 광장동 114,37.5507930951,127.1099066609,,전용주,02-450-7873,서울특별시 광진구청,2025-12-23
광장동014,1,,서울특별시 광진구 광장동 120,37.55077817,127.1092624643,,전용주,02-450-7873,서울특별시 광진구청,2025-12-23
광장동015,1,,서울특별시 광진구 광장동 114,37.55071317,127.1099066609,,전용주,02-450-7873,서울특별시 광진구청,2025-12-23
광장동016,1,,서울특별시 광진구 광장동 114,37.5507930951,127.1099066609,,전용주,02-450-7873,서울특별시 광진구청,2025-12-23
광장동017,1,,서울특별시 광진구 광장동 114,37.5507930951,127.1099066609,,전용주,02-450-7873,서울특별시 광진구청,2025-12-23
광장동018,1,,서울특별시 광진구 광장동 112,37.5510729138,127.1106154953,,전용주,02-450-7873,서울특별시 광진구청,2025-12-23
광장동019,1,,서울특별시 광진구 광장동 127,37.5499874404,127.1101776399,,전용주,02-450-7873,서울특별시 광진구청,2025-12-23
광장동020,1,,서울특별시 광진구 광장동 125,37.5501150529,127.109854062,,전용주,02-450-7873,서울특별시 광진구청,2025-12-23
광장동021,1,,서울특별시 광진구 광장동 121,37.55032917,127.1092971036,,전용주,02-450-7873,서울특별시 광진구청,2025-12-23
광장동022,1,,서울특별시 광진구 광장동 124,37.5497371772,127.1096046,,전용주,02-450-7873,서울특별시 광진구청,2025-12-23
광장동023,1,,서울특별시 광진구 광장동 124,37.5497371772,127.1096571667,,전용주,02-450-7873,서울특별시 광진구청,2025-12-23
광장동024,1,,서울특별시 광진구 광장동 124,37.5497371772,127.1096571667,,전용주,02-450-7873,서울특별시 광진구청,2025-12-23
광장동025,1,,서울특별시 광진구 광장동 131-1,37.5494264388,127.1099307951,,전용주,02-450-7873,서울특별시 광진구청,2025-12-23
광장동026,1,,서울특별시 광진구 광장동 124,37.5497371772,127.1096571667,,건축물,02-450-7873,서울특별시 광진구청,2025-12-23
광장동027,1,,서울특별시 광진구 광장동 148-4,37.5498672688,127.1092436,,한전주,02-450-7873,서울특별시 광진구청,2025-12-23
광장동028,1,,서울특별시 광진구 광장동 131-1,37.5494264388,127.1099307951,,한전주,02-450-7873,서울특별시 광진구청,2025-12-23
광장동029,1,,서울특별시 광진구 광장동 148-6,37.54915817,127.1084465051,,한전주,02-450-7873,서울특별시 광진구청,2025-12-23
광장동030,1,,서울특별시 광진구 광장동 148-6,37.54913117,127.1084465051,,한전주,02-450-7873,서울특별시 광진구청,2025-12-23
광장동031,1,,서울특별시 광진구 광장동 131-1,37.5494264388,127.1099307951,,전용주,02-450-7873,서울특별시 광진구청,2025-12-23
광장동032,1,,서울특별시 광진구 광장동 184-1,37.5484524239,127.1089974696,,한전주,02-450-7873,서울특별시 광진구청,2025-12-23
광장동033,1,,서울특별시 광진구 광장동 131-1,37.5494264388,127.1099307951,,건축물,02-450-7873,서울특별시 광진구청,2025-12-23
광장동034,1,,서울특별시 광진구 광장동 148-21,37.548782252,127.1088318263,,한전주,02-450-7873,서울특별시 광진구청,2025-12-23
광장동035,1,,서울특별시 광진구 광장동 184-1,37.5484524239,127.1089974696,,한전주,02-450-7873,서울특별시 광진구청,2025-12-23
광장동036,1,,서울특별시 광진구 광장동 182-2,37.5485312533,127.1084177,,한전주,02-450-7873,서울특별시 광진구청,2025-12-23
광장동037,1,,서울특별시 광진구 광장동 339-1,37.5485381083,127.1078204743,,,02-450-7873,서울특별시 광진구청,2025-12-23
광장동038,1,,서울특별시 광진구 광장동 339-17,37.54825917,127.1078077929,,한전주,02-450-7873,서울특별시 광진구청,2025-12-23
광장동039,1,,서울특별시 광진구 중곡동 275-11,37.5586835155,127.0837452384,,,02-450-7873,서울특별시 광진구청,2025-12-23
광장동040,1,,서울특별시 광진구 광장동 184-10,37.5482285347,127.1086126,,한전주,02-450-7873,서울특별시 광진구청,2025-12-23
광장동041,1,,서울특별시 광진구 광장동 320-4,37.5473372798,127.1076850228,,,02-450-7873,서울특별시 광진구청,2025-12-23
광장동042,1,,서울특별시 광진구 광장동 323-7,37.547882782,127.1080506069,,전용주,02-450-7873,서울특별시 광진구청,2025-12-23
광장동043,1,,서울특별시 광진구 광장동 322-6,37.5472001409,127.1076062574,,한전주,02-450-7873,서울특별시 광진구청,2025-12-23
광장동044,1,,서울특별시 광진구 광장동 326-4,37.547311243,127.1072001691,,한전주,02-450-7873,서울특별시 광진구청,2025-12-23
광장동045,1,,서울특별시 광진구 광장동 326-6,37.5471542426,127.1069532538,,건축물,02-450-7873,서울특별시 광진구청,2025-12-23
광장동046,1,,서울특별시 광진구 광장동 320-4,37.5473372798,127.1076850228,,,02-450-7873,서울특별시 광진구청,2025-12-23
광장동047,1,,서울특별시 광진구 광장동 326-9,37.54719617,127.1068167187,,전용주,02-450-7873,서울특별시 광진구청,2025-12-23
광장동048,1,,서울특별시 광진구 광장동 320-6,37.54688317,127.1074726,,전용주,02-450-7873,서울특별시 광진구청,2025-12-23
광장동049,1,,서울특별시 광진구 광장동 322-8,37.54702917,127.1072986,,전용주,02-450-7873,서울특별시 광진구청,2025-12-23
광장동050,1,,서울특별시 광진구 광장동 339-3,37.5483363767,127.1078183731,,,02-450-7873,서울특별시 광진구청,2025-12-23
광장동051,1,,서울특별시 광진구 광장동 339-8,37.5482424332,127.1076696,,,02-450-7873,서울특별시 광진구청,2025-12-23
광장동052,1,,서울특별시 광진구 광장동 334-16,37.5481387837,127.1067746,,건축물,02-450-7873,서울특별시 광진구청,2025-12-23
광장동053,1,,서울특별시 광진구 광장동 334-17,37.54818617,127.1066186,,건축물,02-450-7873,서울특별시 광진구청,2025-12-23
광장동055,1,,서울특별시 광진구 광장동 334-14,37.5482892813,127.1066406,,건축물,02-450-7873,서울특별시 광진구청,2025-12-23
광장동056,1,,서울특별시 광진구 광장동 276-13,37.5480031742,127.1060726,,한전주,02-450-7873,서울특별시 광진구청,2025-12-23
광장동057,1,,서울특별시 광진구 광장동 332-5,37.548029445,127.1062852637,,한전주,02-450-7873,서울특별시 광진구청,2025-12-23
광장동058,1,,서울특별시 광진구 광장동 276-29,37.54847117,127.1060997637,,한전주,02-450-7873,서울특별시 광진구청,2025-12-23
광장동059,1,,서울특별시 광진구 광장동 332-9,37.5489275478,127.1067981509,,,02-450-7873,서울특별시 광진구청,2025-12-23
광장동060,1,,서울특별시 광진구 광장동 276-30,37.5487137424,127.1059965377,,전용주,02-450-7873,서울특별시 광진구청,2025-12-23
광장동061,1,,서울특별시 광진구 광장동 145-8,37.5513211276,127.107604826,,,02-450-7873,서울특별시 광진구청,2025-12-23
광장동062,1,,서울특별시 광진구 광장동 276,37.5483358986,127.1058572654,,한전주,02-450-7873,서울특별시 광진구청,2025-12-23
광장동063,1,,서울특별시 광진구 광장동 276-10,37.5485916365,127.1060195632,,건축물,02-450-7873,서울특별시 광진구청,2025-12-23
광장동064,1,,서울특별시 광진구 광장동 276-16,37.5485750166,127.1057644705,,,02-450-7873,서울특별시 광진구청,2025-12-23
광장동065,1,,서울특별시 광진구 광장동 276-12,37.5485457061,127.1058807956,,,02-450-7873,서울특별시 광진구청,2025-12-23
광장동066,1,,서울특별시 광진구 광장동 276-1,37.5490167692,127.1056715083,,전용주,02-450-7873,서울특별시 광진구청,2025-12-23
광장동067,1,,서울특별시 광진구 광장동 350-1,37.54927617,127.1051527157,,전용주,02-450-7873,서울특별시 광진구청,2025-12-23
광장동068,1,,서울특별시 광진구 광장동 350-1,37.5492222995,127.1051527157,,전용주,02-450-7873,서울특별시 광진구청,2025-12-23
광장동069,1,,서울특별시 광진구 광장동 276-19,37.54888117,127.1056444438,,한전주,02-450-7873,서울특별시 광진구청,2025-12-23
광장동070,1,,서울특별시 광진구 광장동 275-1,37.5485440396,127.105644474,,한전주,02-450-7873,서울특별시 광진구청,2025-12-23
광장동071,1,,서울특별시 광진구 광장동 272-2,37.5485408932,127.1052328963,,한전주,02-450-7873,서울특별시 광진구청,2025-12-23
광장동072,1,,서울특별시 광진구 광장동 272-23,37.5483288482,127.1056186615,,전용주,02-450-7873,서울특별시 광진구청,2025-12-23
광장동073,1,,서울특별시 광진구 광장동 272-6,37.5482553534,127.1055507076,,한전주,02-450-7873,서울특별시 광진구청,2025-12-23
광장동074,1,,서울특별시 광진구 광장동 280-1,37.5478876249,127.1056862097,,한전주,02-450-7873,서울특별시 광진구청,2025-12-23
광장동075,1,,서울특별시 광진구 광장동 272-2,37.5485408932,127.1052536,,전용주,02-450-7873,서울특별시 광진구청,2025-12-23
광장동076,1,,서울특별시 광진구 광장동 350-4,37.54888517,127.1052634917,,한전주,02-450-7873,서울특별시 광진구청,2025-12-23
광장동077,1,,서울특별시 광진구 광장동 350-3,37.5489281661,127.1052061683,,한전주,02-450-7873,서울특별시 광진구청,2025-12-23
광장동078,1,,서울특별시 광진구 광장동 271-14,37.5486902335,127.1045286,,한전주,02-450-7873,서울특별시 광진구청,2025-12-23
광장동079,1,,서울특별시 광진구 광장동 264-1,37.5481117283,127.1042746,,전용주,02-450-7873,서울특별시 광진구청,2025-12-23
광장동080,1,,서울특별시 광진구 광장동 354-3,37.5486726934,127.1038601228,,한전주,02-450-7873,서울특별시 광진구청,2025-12-23
광장동081,1,,서울특별시 광진구 광장동 271-1,37.5486611766,127.1048276021,,,02-450-7873,서울특별시 광진구청,2025-12-23
광장동082,1,,서울특별시 광진구 광장동 270-1,37.5484376383,127.1048281944,,한전주,02-450-7873,서울특별시 광진구청,2025-12-23
광장동083,1,,서울특별시 광진구 광장동 272-33,37.54841417,127.1050166,,전용주,02-450-7873,서울특별시 광진구청,2025-12-23
광장동084,1,,서울특별시 광진구 광장동 285-3,37.5481127263,127.1048417715,,전용주,02-450-7873,서울특별시 광진구청,2025-12-23
광장동085,1,,서울특별시 광진구 광장동 285-8,37.5481802308,127.1049209665,,한전주,02-450-7873,서울특별시 광진구청,2025-12-23
광장동086,1,,서울특별시 광진구 광장동 272-10,37.5482916348,127.1053446,,한전주,02-450-7873,서울특별시 광진구청,2025-12-23
광장동087,1,,서울특별시 광진구 광장동 285-3,37.54814617,127.1048896,,한전주,02-450-7873,서울특별시 광진구청,2025-12-23
광장동088,1,,서울특별시 광진구 광장동 285-10,37.5479442274,127.104819,,,02-450-7873,서울특별시 광진구청,2025-12-23
광장동089,1,,서울특별시 광진구 광장동 285-31,37.5479695269,127.104977818,,한전주,02-450-7873,서울특별시 광진구청,2025-12-23
광장동090,1,,서울특별시 광진구 광장동 272-21,37.5479989686,127.1055067787,,건축물,02-450-7873,서울특별시 광진구청,2025-12-23
광장동091,1,,서울특별시 광진구 광장동 285-31,37.5479695269,127.104977818,,건축물,02-450-7873,서울특별시 광진구청,2025-12-23
광장동092,1,,서울특별시 광진구 광장동 285-12,37.5477162212,127.1047128909,,전용주,02-450-7873,서울특별시 광진구청,2025-12-23
광장동093,1,,서울특별시 광진구 광장동 264-11,37.54795117,127.1046006,,건축물,02-450-7873,서울특별시 광진구청,2025-12-23
광장동094,1,,서울특별시 광진구 광장동 259-3,37.5471829714,127.1040433646,,한전주,02-450-7873,서울특별시 광진구청,2025-12-23
광장동095,1,,서울특별시 광진구 광장동 288-16,37.5472716455,127.1043676,,전용주,02-450-7873,서울특별시 광진구청,2025-12-23
광장동097,1,,서울특별시 광진구 광장동 256-1,37.5468455353,127.1038524468,,전용주,02-450-7873,서울특별시 광진구청,2025-12-23
광장동098,1,,서울특별시 광진구 광장동 248-3,37.5466033869,127.1032932139,,한전주,02-450-7873,서울특별시 광진구청,2025-12-23
광장동099,1,,서울특별시 광진구 광장동 248-24,37.54689023,127.1030097932,,,02-450-7873,서울특별시 광진구청,2025-12-23
광장동100,1,,서울특별시 광진구 광장동 248-24,37.5468827638,127.1030097932,,한전주,02-450-7873,서울특별시 광진구청,2025-12-23
광장동101,1,,서울특별시 광진구 광장동 245-1,37.5461237476,127.1029170026,,,02-450-7873,서울특별시 광진구청,2025-12-23
광장동102,1,,서울특별시 광진구 광장동 245-2,37.5463246728,127.1030240755,,한전주,02-450-7873,서울특별시 광진구청,2025-12-23
광장동103,1,,서울특별시 광진구 광장동 247-2,37.5464664069,127.1026826,,,02-450-7873,서울특별시 광진구청,2025-12-23
광장동104,1,,서울특별시 광진구 광장동 248-25,37.5465599066,127.1023961,,한전주,02-450-7873,서울특별시 광진구청,2025-12-23
광장동105,1,,서울특별시 광진구 광장동 248-20,37.5466139827,127.1021956,,한전주,02-450-7873,서울특별시 광진구청,2025-12-23
광장동106,1,,서울특별시 광진구 광장동 246-9,37.5461112342,127.102601019,,,02-450-7873,서울특별시 광진구청,2025-12-23
광장동107,1,,서울특별시 광진구 광장동 245-16,37.54623017,127.1029526,,한전주,02-450-7873,서울특별시 광진구청,2025-12-23
광장동108,1,,서울특별시 광진구 광장동 246-10,37.54606417,127.1027774632,,전용주,02-450-7873,서울특별시 광진구청,2025-12-23
광장동109,1,,서울특별시 광진구 광장동 244-27,37.5458398861,127.1033416,,,02-450-7873,서울특별시 광진구청,2025-12-23
광장동110,1,,서울특별시 광진구 광장동 239-6,37.5457221989,127.1037172481,,전용주,02-450-7873,서울특별시 광진구청,2025-12-23
광장동111,1,,서울특별시 광진구 광장동 239-6,37.5457221989,127.1037172481,,,02-450-7873,서울특별시 광진구청,2025-12-23
광장동112,1,,서울특별시 광진구 광장동 240-1,37.5456165038,127.1041426,,전용주,02-450-7873,서울특별시 광진구청,2025-12-23
광장동113,1,,서울특별시 광진구 광장동 245-1,37.5461237476,127.1029170026,,,02-450-7873,서울특별시 광진구청,2025-12-23
광장동114,1,,서울특별시 광진구 광장동 243-8,37.5459195546,127.1041870178,,,02-450-7873,서울특별시 광진구청,2025-12-23
광장동115,1,,서울특별시 광진구 광장동 243-8,37.5459195546,127.1041506,,한전주,02-450-7873,서울특별시 광진구청,2025-12-23
광장동116,1,,서울특별시 광진구 광장동 244-1,37.5462858906,127.1038956,,한전주,02-450-7873,서울특별시 광진구청,2025-12-23
광장동117,1,,서울특별시 광진구 광장동 244-1,37.5462858906,127.103848,,,02-450-7873,서울특별시 광진구청,2025-12-23
광장동118,1,,서울특별시 광진구 광장동 245-9,37.5461278112,127.1035986,,한전주,02-450-7873,서울특별시 광진구청,2025-12-23
광장동119,1,,서울특별시 광진구 광장동 245-8,37.5461879409,127.1033736,,한전주,02-450-7873,서울특별시 광진구청,2025-12-23
광장동120,1,,서울특별시 광진구 광장동 258-36,37.5469966115,127.1023287234,,전용주,02-450-7873,서울특별시 광진구청,2025-12-23
광장동121,1,,서울특별시 광진구 광장동 394-5,37.5471775186,127.1019275894,,한전주,02-450-7873,서울특별시 광진구청,2025-12-23
광장동122,1,,서울특별시 광진구 광장동 258-26,37.547234501,127.1026103666,,한전주,02-450-7873,서울특별시 광진구청,2025-12-23
광장동123,1,,서울특별시 광진구 광장동 258-38,37.5471994508,127.1024043658,,건축물,02-450-7873,서울특별시 광진구청,2025-12-23
광장동124,1,,서울특별시 광진구 광장동 258-27,37.547335558,127.1029164,,,02-450-7873,서울특별시 광진구청,2025-12-23
광장동125,1,,서울특별시 광진구 광장동 259-7,37.5472587407,127.1032273532,,한전주,02-450-7873,서울특별시 광진구청,2025-12-23
광장동126,1,,서울특별시 광진구 광장동 262,37.5478365051,127.1036910949,,한전주,02-450-7873,서울특별시 광진구청,2025-12-23
광장동127,1,,서울특별시 광진구 광장동 262,37.5478365051,127.1036910949,,,02-450-7873,서울특별시 광진구청,2025-12-23
광장동128,1,,서울특별시 광진구 광장동 258-8,37.5477567934,127.1026293016,,,02-450-7873,서울특별시 광진구청,2025-12-23
광장동129,1,,서울특별시 광진구 광장동 258-11,37.54788517,127.1023536,,,02-450-7873,서울특별시 광진구청,2025-12-23
광장동130,1,,서울특별시 광진구 광장동 550-11,37.5479470826,127.1021506,,한전주,02-450-7873,서울특별시 광진구청,2025-12-23
광장동131,1,,서울특별시 광진구 광장동 394-5,37.5471775186,127.1019275894,,한전주,02-450-7873,서울특별시 광진구청,2025-12-23
광장동132,1,,서울특별시 광진구 광장동 394-23,37.54775017,127.1017146,,전용주,02-450-7873,서울특별시 광진구청,2025-12-23
광장동133,1,,서울특별시 광진구 광장동 394-19,37.5476988636,127.1014676,,전용주,02-450-7873,서울특별시 광진구청,2025-12-23
광장동134,1,,서울특별시 광진구 광장동 388-3,37.54763217,127.1011050349,,한전주,02-450-7873,서울특별시 광진구청,2025-12-23
광장동135,1,,서울특별시 광진구 광장동 394-5,37.5471775186,127.1019275894,,한전주,02-450-7873,서울특별시 광진구청,2025-12-23
광장동136,1,,서울특별시 광진구 광장동 394-5,37.5471775186,127.1019275894,,한전주,02-450-7873,서울특별시 광진구청,2025-12-23
광장동137,1,,서울특별시 광진구 광장동 384-8,37.547209357,127.0997950611,,전용주,02-450-7873,서울특별시 광진구청,2025-12-23
광장동138,1,,서울특별시 광진구 광장동 394-18,37.5476727719,127.1013291864,,한전주,02-450-7873,서울특별시 광진구청,2025-12-23
광장동139,1,,서울특별시 광진구 광장동 394-9,37.5477993358,127.1012548973,,한전주,02-450-7873,서울특별시 광진구청,2025-12-23
광장동140,1,,서울특별시 광진구 광장동 370-5,37.5508780621,127.1013420131,,,02-450-7873,서울특별시 광진구청,2025-12-23
광장동141,1,,서울특별시 광진구 광장동 389-1,37.5485492187,127.1017998856,,한전주,02-450-7873,서울특별시 광진구청,2025-12-23
광장동142,1,,서울특별시 광진구 광장동 394-19,37.5476988636,127.1014436,,전용주,02-450-7873,서울특별시 광진구청,2025-12-23
광장동143,1,,서울특별시 광진구 광장동 394-24,37.5477036136,127.1016746,,한전주,02-450-7873,서울특별시 광진구청,2025-12-23
광장동144,1,,서울특별시 광진구 광장동 394-23,37.5477171567,127.1017882301,,한전주,02-450-7873,서울특별시 광진구청,2025-12-23
광장동145,1,,서울특별시 광진구 광장동 394-21,37.5478609013,127.1019561314,,한전주,02-450-7873,서울특별시 광진구청,2025-12-23
광장동146,1,,서울특별시 광진구 광장동 389-1,37.5485492187,127.1017998856,,,02-450-7873,서울특별시 광진구청,2025-12-23
광장동147,1,,서울특별시 광진구 광장동 394-1,37.5484082268,127.1025122792,,한전주,02-450-7873,서울특별시 광진구청,2025-12-23
광장동148,1,,서울특별시 광진구 광장동 266,37.54813417,127.1030693171,,한전주,02-450-7873,서울특별시 광진구청,2025-12-23
광장동149,1,,서울특별시 광진구 광장동 262,37.5478365051,127.1036910949,,한전주,02-450-7873,서울특별시 광진구청,2025-12-23
광장동150,1,,서울특별시 광진구 광장동 266,37.5481167194,127.1030693171,,전용주,02-450-7873,서울특별시 광진구청,2025-12-23
광장동151,1,,서울특별시 광진구 광장동 266,37.54811317,127.1030693171,,전용주,02-450-7873,서울특별시 광진구청,2025-12-23
광장동152,1,,서울특별시 광진구 광장동 264,37.5480320373,127.1034679838,,전용주,02-450-7873,서울특별시 광진구청,2025-12-23
광장동153,1,,서울특별시 광진구 광장동 266,37.5481167194,127.1030693171,,전용주,02-450-7873,서울특별시 광진구청,2025-12-23
광장동154,1,,서울특별시 광진구 광장동 394-1,37.54843917,127.1025122792,,한전주,02-450-7873,서울특별시 광진구청,2025-12-23
광장동155,1,,서울특별시 광진구 광장동 394-1,37.5484082268,127.1025122792,,한전주,02-450-7873,서울특별시 광진구청,2025-12-23
광장동156,1,,서울특별시 광진구 광장동 393-9,37.5487305931,127.1027321441,,한전주,02-450-7873,서울특별시 광진구청,2025-12-23
광장동157,1,,서울특별시 광진구 광장동 355-2,37.5489572653,127.1032703213,,건축물,02-450-7873,서울특별시 광진구청,2025-12-23
광장동158,1,,서울특별시 광진구 광장동 376-2,37.5490393832,127.1026966,,한전주,02-450-7873,서울특별시 광진구청,2025-12-23
광장동159,1,,서울특별시 광진구 광장동 358-18,37.5492607619,127.1027066,,건축물,02-450-7873,서울특별시 광진구청,2025-12-23
광장동160,1,,서울특별시 광진구 광장동 376-17,37.549098253,127.10236034,,전용주,02-450-7873,서울특별시 광진구청,2025-12-23
광장동161,1,,서울특별시 광진구 광장동 353,37.5502659035,127.1031347439,,한전주,02-450-7873,서울특별시 광진구청,2025-12-23
광장동162,1,,서울특별시 광진구 광장동 353,37.5502659035,127.1031347439,,한전주,02-450-7873,서울특별시 광진구청,2025-12-23
광장동163,1,,서울특별시 광진구 광장동 353,37.5502659035,127.1031347439,,한전주,02-450-7873,서울특별시 광진구청,2025-12-23
광장동164,1,,서울특별시 광진구 광장동 353,37.5502659035,127.1031347439,,한전주,02-450-7873,서울특별시 광진구청,2025-12-23
광장동165,1,,서울특별시 광진구 광장동 353,37.5502659035,127.1031347439,,전용주,02-450-7873,서울특별시 광진구청,2025-12-23
광장동166,1,,서울특별시 광진구 광장동 372-1,37.5508930365,127.1018448318,,한전주,02-450-7873,서울특별시 광진구청,2025-12-23
광장동167,1,,서울특별시 광진구 광장동 370-5,37.55081017,127.1013436,,전용주,02-450-7873,서울특별시 광진구청,2025-12-23
광장동168,1,,서울특별시 광진구 광장동 393-25,37.54832017,127.1020467808,,한전주,02-450-7873,서울특별시 광진구청,2025-12-23
광장동169,1,,서울특별시 광진구 광장동 393-25,37.5483639405,127.1020467808,,한전주,02-450-7873,서울특별시 광진구청,2025-12-23
광장동170,1,,서울특별시 광진구 광장동 393-22,37.5484123737,127.1020328263,,,02-450-7873,서울특별시 광진구청,2025-12-23
광장동171,1,,서울특별시 광진구 광장동 393-23,37.5484624811,127.1022436,,전용주,02-450-7873,서울특별시 광진구청,2025-12-23
광장동172,1,,서울특별시 광진구 광장동 393-15,37.54877617,127.1024425892,,건축물,02-450-7873,서울특별시 광진구청,2025-12-23
광장동173,1,,서울특별시 광진구 광장동 393-14,37.5485093153,127.1024006,,한전주,02-450-7873,서울특별시 광진구청,2025-12-23
광장동174,1,,서울특별시 광진구 광장동 393-10,37.5486452646,127.1026331225,,건축물,02-450-7873,서울특별시 광진구청,2025-12-23
광장동175,1,,서울특별시 광진구 광장동 393-16,37.5487142477,127.1025678088,,,02-450-7873,서울특별시 광진구청,2025-12-23
광장동177,1,,서울특별시 광진구 광장동 393-12,37.54863017,127.1021471994,,한전주,02-450-7873,서울특별시 광진구청,2025-12-23
광장동178,1,,서울특별시 광진구 광장동 393-12,37.5486445146,127.1021471994,,전용주,02-450-7873,서울특별시 광진구청,2025-12-23
광장동179,1,,서울특별시 광진구 광장동 378-6,37.5487399729,127.1016803053,,건축물,02-450-7873,서울특별시 광진구청,2025-12-23
광장동180,1,,서울특별시 광진구 광장동 369,37.5517558284,127.1003760701,,한전주,02-450-7873,서울특별시 광진구청,2025-12-23
광장동181,1,,서울특별시 광진구 광장동 320-6,37.5468140753,127.107493787,,,02-450-7873,서울특별시 광진구청,2025-12-23
광장동182,1,,서울특별시 광진구 광장동 381-8,37.5499901971,127.100418063,,한전주,02-450-7873,서울특별시 광진구청,2025-12-23
광장동183,1,,서울특별시 광진구 광장동 383-16,37.5501749058,127.1007931076,,한전주,02-450-7873,서울특별시 광진구청,2025-12-23
광장동184,1,,서울특별시 광진구 광장동 381-30,37.5501991991,127.0989589627,,전용주,02-450-7873,서울특별시 광진구청,2025-12-23
광장동185,1,,서울특별시 광진구 광장동 381-25,37.5501884888,127.0991666,,전용주,02-450-7873,서울특별시 광진구청,2025-12-23
광장동186,1,,서울특별시 광진구 광장동 381-25,37.5501884888,127.0991599302,,전용주,02-450-7873,서울특별시 광진구청,2025-12-23
광장동187,1,,서울특별시 광진구 광장동 381-21,37.55018517,127.1000439389,,전용주,02-450-7873,서울특별시 광진구청,2025-12-23
광장동188,1,,서울특별시 광진구 광장동 381-21,37.5501591815,127.1000996,,전용주,02-450-7873,서울특별시 광진구청,2025-12-23
광장동189,1,,서울특별시 광진구 광장동 381-32,37.5504352559,127.0998208056,,전용주,02-450-7873,서울특별시 광진구청,2025-12-23
광장동190,1,,서울특별시 광진구 광장동 381-32,37.5504352559,127.0998208056,,전용주,02-450-7873,서울특별시 광진구청,2025-12-23
광장동191,1,,서울특별시 광진구 광장동 396-4,37.545433108,127.1022156,,한전주,02-450-7873,서울특별시 광진구청,2025-12-23
광장동192,1,,서울특별시 광진구 광장동 396-17,37.54521917,127.1018818993,,건축물,02-450-7873,서울특별시 광진구청,2025-12-23
광장동193,1,,서울특별시 광진구 광장동 396-8,37.5451556387,127.1020336,,건축물,02-450-7873,서울특별시 광진구청,2025-12-23
광장동194,1,,서울특별시 광진구 광장동 579,37.5434483688,127.0969045328,,한전주,02-450-7873,서울특별시 광진구청,2025-12-23
광장동196,1,,서울특별시 광진구 광장동 579,37.5434483688,127.0969045328,,한전주,02-450-7873,서울특별시 광진구청,2025-12-23
광장동197,1,,서울특별시 광진구 광장동 413-29,37.5432754172,127.0985973328,,전용주,02-450-7873,서울특별시 광진구청,2025-12-23
광장동205,1,,서울특별시 광진구 광장동 520,37.5438471983,127.0959639324,,한전주,02-450-7873,서울특별시 광진구청,2025-12-23
광장동206,1,,서울특별시 광진구 광장동 530-61,37.54203617,127.0958971875,,,02-450-7873,서울특별시 광진구청,2025-12-23
광장동207,1,,서울특별시 광진구 광장동 471-1,37.5411134467,127.0975396861,,전용주,02-450-7873,서울특별시 광진구청,2025-12-23
광장동208,1,,서울특별시 광진구 광장동 472-1,37.5410335571,127.0970670612,,,02-450-7873,서울특별시 광진구청,2025-12-23
광장동209,1,,서울특별시 광진구 광장동 471-9,37.541061871,127.0973854,,전용주,02-450-7873,서울특별시 광진구청,2025-12-23
광장동210,1,,서울특별시 광진구 광장동 484,37.5416266176,127.1006983255,,전용주,02-450-7873,서울특별시 광진구청,2025-12-23
광장동211,1,,서울특별시 광진구 광장동 472-1,37.5410335571,127.0970670612,,전용주,02-450-7873,서울특별시 광진구청,2025-12-23
광장동213,1,,서울특별시 광진구 광장동 569,37.5416953033,127.098850524,,전용주,02-450-7873,서울특별시 광진구청,2025-12-23
광장동214,1,,서울특별시 광진구 광장동 569,37.5416953033,127.098850524,,전용주,02-450-7873,서울특별시 광진구청,2025-12-23
광장동215,1,,서울특별시 광진구 광장동 484,37.5416266176,127.1006983255,,전용주,02-450-7873,서울특별시 광진구청,2025-12-23
광장동216,1,,서울특별시 광진구 광장동 565,37.5423084438,127.100121481,,전용주,02-450-7873,서울특별시 광진구청,2025-12-23
광장동217,1,,서울특별시 광진구 광장동 484,37.5416266176,127.1006983255,,전용주,02-450-7873,서울특별시 광진구청,2025-12-23
광장동218,1,,서울특별시 광진구 광장동 565,37.5423084438,127.100121481,,전용주,02-450-7873,서울특별시 광진구청,2025-12-23
광장동219,1,,서울특별시 광진구 광장동 484-3,37.54167117,127.1006983255,,전용주,02-450-7873,서울특별시 광진구청,2025-12-23
광장동220,1,,서울특별시 광진구 광장동 458-1,37.5417089048,127.1001379917,,전용주,02-450-7873,서울특별시 광진구청,2025-12-23
광장동221,1,,서울특별시 광진구 광장동 565,37.5423084438,127.100121481,,전용주,02-450-7873,서울특별시 광진구청,2025-12-23
광장동222,1,,서울특별시 광진구 광장동 565,37.5423084438,127.100121481,,전용주,02-450-7873,서울특별시 광진구청,2025-12-23
광장동223,1,,서울특별시 광진구 광장동 457-17,37.5418656481,127.1008093104,,전용주,02-450-7873,서울특별시 광진구청,2025-12-23
광장동224,1,,서울특별시 광진구 광장동 457-1,37.541951978,127.1012141746,,전용주,02-450-7873,서울특별시 광진구청,2025-12-23
광장동225,1,,서울특별시 광진구 광장동 457-1,37.541951978,127.1012316,,전용주,02-450-7873,서울특별시 광진구청,2025-12-23
광장동226,1,,서울특별시 광진구 광장동 570,37.54236417,127.1014526,,전용주,02-450-7873,서울특별시 광진구청,2025-12-23
광장동228,1,,서울특별시 광진구 광장동 394-3,37.5463175037,127.1019411291,,한전주,02-450-7873,서울특별시 광진구청,2025-12-23
광장동229,1,,서울특별시 광진구 광장동 381-30,37.5501991991,127.0989589627,,,02-450-7873,서울특별시 광진구청,2025-12-23
광장동230,1,,서울특별시 광진구 광장동 579,37.5434483688,127.0969045328,,전용주,02-450-7873,서울특별시 광진구청,2025-12-23
광장동231,1,,서울특별시 광진구 광장동 579,37.5434483688,127.0969045328,,전용주,02-450-7873,서울특별시 광진구청,2025-12-23
광장동232,1,,서울특별시 광진구 광장동 579,37.5434483688,127.0969045328,,전용주,02-450-7873,서울특별시 광진구청,2025-12-23
광장동233,1,,서울특별시 광진구 광장동 579,37.5434483688,127.0969045328,,전용주,02-450-7873,서울특별시 광진구청,2025-12-23
광장동234,1,,서울특별시 광진구 광장동 579,37.5434483688,127.0969045328,,전용주,02-450-7873,서울특별시 광진구청,2025-12-23
광장동235,1,,서울특별시 광진구 광장동 394-3,37.5463992,127.1019411291,,전용주,02-450-7873,서울특별시 광진구청,2025-12-23
광장동236,1,,서울특별시 광진구 광장동 394-3,37.5463175037,127.1019411291,,,02-450-7873,서울특별시 광진구청,2025-12-23
광장동237,1,,서울특별시 광진구 광장동 576,37.5430014973,127.0979672673,,전용주,02-450-7873,서울특별시 광진구청,2025-12-23
광장동238,1,,서울특별시 광진구 광장동 576,37.5430014973,127.0979672673,,전용주,02-450-7873,서울특별시 광진구청,2025-12-23
광장동239,1,,서울특별시 광진구 광장동 576,37.5430014973,127.0979672673,,전용주,02-450-7873,서울특별시 광진구청,2025-12-23
광장동240,1,,서울특별시 광진구 광장동 413-14,37.5428742176,127.0984709768,,전용주,02-450-7873,서울특별시 광진구청,2025-12-23
광장동241,1,,서울특별시 광진구 광장동 579,37.5434483688,127.0969045328,,전용주,02-450-7873,서울특별시 광진구청,2025-12-23
광장동242,1,,서울특별시 광진구 광장동 579,37.54341217,127.0969045328,,전용주,02-450-7873,서울특별시 광진구청,2025-12-23
광장동243,1,,서울특별시 광진구 광장동 579,37.5434483688,127.0969045328,,전용주,02-450-7873,서울특별시 광진구청,2025-12-23
광장동244,1,,서울특별시 광진구 광장동 413-19,37.5422515,127.0984290925,,건축물,02-450-7873,서울특별시 광진구청,2025-12-23
광장동246,1,,서울특별시 광진구 광장동 472-1,37.5410335571,127.0970670612,,전용주,02-450-7873,서울특별시 광진구청,2025-12-23
광장동247,1,,서울특별시 광진구 중곡동 275-11,37.5586835155,127.0837452384,,,02-450-7873,서울특별시 광진구청,2025-12-23
광장동248,1,,서울특별시 광진구 광장동 141-3,37.5514687844,127.1098666762,,건축물,02-450-7873,서울특별시 광진구청,2025-12-23
광장동249,1,,서울특별시 광진구 광장동 106,37.5516886658,127.1100613659,,건축물,02-450-7873,서울특별시 광진구청,2025-12-23
광장동250,1,,서울특별시 광진구 광장동 484-3,37.5416266176,127.1006983255,,,02-450-7873,서울특별시 광진구청,2025-12-23
광장동251,1,,서울특별시 광진구 광장동 453-7,37.5420128313,127.101713113,,한전주,02-450-7873,서울특별시 광진구청,2025-12-23
광장동252,1,,서울특별시 광진구 광장동 457-24,37.5419436,127.1009813561,,,02-450-7873,서울특별시 광진구청,2025-12-23
광장동253,1,,서울특별시 광진구 광장동 184-11,37.5479478385,127.1083992,,,02-450-7873,서울특별시 광진구청,2025-12-23
광장동254,1,,서울특별시 광진구 광장동 383,37.5484083089,127.0997868696,,한전주,02-450-7873,서울특별시 광진구청,2025-12-23
광장동255,1,,서울특별시 광진구 광장동 550,37.5480595163,127.1009382124,,,02-450-7873,서울특별시 광진구청,2025-12-23
광장동256,1,,서울특별시 광진구 광장동 248-2,37.5464321522,127.1034541,,,02-450-7873,서울특별시 광진구청,2025-12-23
광장동257,1,,서울특별시 광진구 광장동 257-4,37.547082567,127.1038464,,,02-450-7873,서울특별시 광진구청,2025-12-23
광장동258,1,,서울특별시 광진구 광장동 266,37.5481167194,127.1030693171,,한전주,02-450-7873,서울특별시 광진구청,2025-12-23
광장동259,1,,서울특별시 광진구 광장동 383,37.5484083089,127.0997868696,,한전주,02-450-7873,서울특별시 광진구청,2025-12-23
광장동260,1,,서울특별시 광진구 광장동 550-4,37.5482270049,127.1056851064,,전용주,02-450-7873,서울특별시 광진구청,2025-12-23
구의1동001,1,,서울특별시 광진구 구의동 253-3,37.54467557,127.0849137,,건축물,02-450-7873,서울특별시 광진구청,2025-12-23
구의1동002,1,,서울특별시 광진구 구의동 253-8,37.54476817,127.0845919,,한전주,02-450-7873,서울특별시 광진구청,2025-12-23
구의1동003,1,,서울특별시 광진구 구의동 253-16,37.54420617,127.0844786,,한전주,02-450-7873,서울특별시 광진구청,2025-12-23
구의1동004,1,,서울특별시 광진구 구의동 254-6,37.5439984277,127.0844366,,건축물,02-450-7873,서울특별시 광진구청,2025-12-23
구의1동005,1,,서울특별시 광진구 구의동 253-27,37.5445342479,127.0843136,,건축물,02-450-7873,서울특별시 광진구청,2025-12-23
구의1동006,1,,서울특별시 광진구 구의동 253-7,37.54486317,127.0845095589,,한전주,02-450-7873,서울특별시 광진구청,2025-12-23
구의1동007,1,,서울특별시 광진구 구의동 253-31,37.54428857,127.0840636,,한전주,02-450-7873,서울특별시 광진구청,2025-12-23
구의1동008,1,,서울특별시 광진구 구의동 253-43,37.54439317,127.0837655,,한전주,02-450-7873,서울특별시 광진구청,2025-12-23
구의1동009,1,,서울특별시 광진구 구의동 253-44,37.54456219,127.0838226,,,02-450-7873,서울특별시 광진구청,2025-12-23
구의1동011,1,,서울특별시 광진구 구의동 253-62,37.5444316633,127.0834063282,,한전주,02-450-7873,서울특별시 광진구청,2025-12-23
구의1동012,1,,서울특별시 광진구 구의동 253-25,37.54475317,127.0835677,,,02-450-7873,서울특별시 광진구청,2025-12-23
구의1동013,1,,서울특별시 광진구 구의동 634-1,37.54416317,127.083892903,,한전주,02-450-7873,서울특별시 광진구청,2025-12-23
구의1동014,1,,서울특별시 광진구 구의동 634-11,37.5440374723,127.0836506,,,02-450-7873,서울특별시 광진구청,2025-12-23
구의1동015,1,,서울특별시 광진구 구의동 634-3,37.54428917,127.0836332208,,한전주,02-450-7873,서울특별시 광진구청,2025-12-23
구의1동016,1,,서울특별시 광진구 구의동 634-7,37.5442127439,127.0831831,,,02-450-7873,서울특별시 광진구청,2025-12-23
구의1동017,1,,서울특별시 광진구 구의동 635-1,37.5437086404,127.0837473657,,한전주,02-450-7873,서울특별시 광진구청,2025-12-23
구의1동018,1,,서울특별시 광진구 구의동 635-10,37.5437486251,127.0836286,,건축물,02-450-7873,서울특별시 광진구청,2025-12-23
구의1동019,1,,서울특별시 광진구 구의동 254-29,37.5434781113,127.0838936,,건축물,02-450-7873,서울특별시 광진구청,2025-12-23
구의1동020,1,,서울특별시 광진구 구의동 254-14,37.54358217,127.0840927,,건축물,02-450-7873,서울특별시 광진구청,2025-12-23
구의1동021,1,,서울특별시 광진구 구의동 254-88,37.5436191224,127.0841960401,,건축물,02-450-7873,서울특별시 광진구청,2025-12-23
구의1동022,1,,서울특별시 광진구 구의동 254-10,37.54356132,127.0843346,,,02-450-7873,서울특별시 광진구청,2025-12-23
구의1동023,1,,서울특별시 광진구 구의동 254-9,37.5436531,127.0840552,,건축물,02-450-7873,서울특별시 광진구청,2025-12-23
구의1동024,1,,서울특별시 광진구 구의동 254-30,37.54327117,127.0841016,,,02-450-7873,서울특별시 광진구청,2025-12-23
구의1동025,1,,서울특별시 광진구 구의동 254-101,37.54333517,127.0839240333,,전용주,02-450-7873,서울특별시 광진구청,2025-12-23
구의1동026,1,,서울특별시 광진구 구의동 635-4,37.5434153786,127.0836012939,,한전주,02-450-7873,서울특별시 광진구청,2025-12-23
구의1동027,1,,서울특별시 광진구 구의동 254-31,37.5429114165,127.0839021744,,한전주,02-450-7873,서울특별시 광진구청,2025-12-23
구의1동028,1,,서울특별시 광진구 구의동 254-31,37.5429114165,127.0839021744,,한전주,02-450-7873,서울특별시 광진구청,2025-12-23
구의1동029,1,,서울특별시 광진구 구의동 254-31,37.5429114165,127.0839021744,,한전주,02-450-7873,서울특별시 광진구청,2025-12-23
구의1동030,1,,서울특별시 광진구 구의동 254-112,37.5424885752,127.0835241065,,건축물,02-450-7873,서울특별시 광진구청,2025-12-23
구의1동031,1,,서울특별시 광진구 구의동 254-113,37.54247017,127.0836616,,건축물,02-450-7873,서울특별시 광진구청,2025-12-23
구의1동032,1,,서울특별시 광진구 구의동 254-116,37.5423864661,127.0833057193,,한전주,02-450-7873,서울특별시 광진구청,2025-12-23
구의1동033,1,,서울특별시 광진구 구의동 254-44,37.542235977,127.0832093716,,전용주,02-450-7873,서울특별시 광진구청,2025-12-23
구의1동034,1,,서울특별시 광진구 구의동 254-41,37.54193601,127.0836328,,전용주,02-450-7873,서울특별시 광진구청,2025-12-23
구의1동035,1,,서울특별시 광진구 구의동 254-45,37.5420997582,127.0830638184,,한전주,02-450-7873,서울특별시 광진구청,2025-12-23
구의1동036,1,,서울특별시 광진구 구의동 254-104,37.5417425522,127.0827396,,건축물,02-450-7873,서울특별시 광진구청,2025-12-23
구의1동038,1,,서울특별시 광진구 구의동 254-74,37.54165883,127.0826466,,한전주,02-450-7873,서울특별시 광진구청,2025-12-23
구의1동039,1,,서울특별시 광진구 구의동 254-111,37.54185717,127.0830606,,한전주,02-450-7873,서울특별시 광진구청,2025-12-23
구의1동040,1,,서울특별시 광진구 구의동 254-46,37.54198217,127.0830167933,,,02-450-7873,서울특별시 광진구청,2025-12-23
구의1동041,1,,서울특별시 광진구 구의동 254-77,37.5415549225,127.0830726,,한전주,02-450-7873,서울특별시 광진구청,2025-12-23
구의1동042,1,,서울특별시 광진구 구의동 254-69,37.5413935761,127.0832894522,,한전주,02-450-7873,서울특별시 광진구청,2025-12-23
구의1동043,1,,서울특별시 광진구 구의동 254-56,37.54165317,127.0834755994,,건축물,02-450-7873,서울특별시 광진구청,2025-12-23
구의1동044,1,,서울특별시 광진구 구의동 254-108,37.54138317,127.0834533492,,건축물,02-450-7873,서울특별시 광진구청,2025-12-23
구의1동045,1,,서울특별시 광진구 구의동 254-81,37.5414846717,127.0828176,,건축물,02-450-7873,서울특별시 광진구청,2025-12-23
구의1동046,1,,서울특별시 광진구 구의동 655-3,37.5415806755,127.0823159843,,한전주,02-450-7873,서울특별시 광진구청,2025-12-23
구의1동047,1,,서울특별시 광진구 구의동 655-2,37.541689449,127.0821946,,건축물,02-450-7873,서울특별시 광진구청,2025-12-23
구의1동048,1,,서울특별시 광진구 구의동 655-2,37.541689449,127.0821538431,,한전주,02-450-7873,서울특별시 광진구청,2025-12-23
구의1동049,1,,서울특별시 광진구 구의동 653-5,37.54195017,127.0820474859,,한전주,02-450-7873,서울특별시 광진구청,2025-12-23
구의1동050,1,,서울특별시 광진구 구의동 653-9,37.5420954689,127.0823700717,,한전주,02-450-7873,서울특별시 광진구청,2025-12-23
구의1동051,1,,서울특별시 광진구 구의동 653-2,37.5421451974,127.0822076,,건축물,02-450-7873,서울특별시 광진구청,2025-12-23
구의1동052,1,,서울특별시 광진구 구의동 652-5,37.54207517,127.0817594083,,한전주,02-450-7873,서울특별시 광진구청,2025-12-23
구의1동053,1,,서울특별시 광진구 구의동 652-3,37.5422014752,127.0819056,,건축물,02-450-7873,서울특별시 광진구청,2025-12-23
구의1동054,1,,서울특별시 광진구 구의동 649-3,37.54263117,127.0820726,,한전주,02-450-7873,서울특별시 광진구청,2025-12-23
구의1동055,1,,서울특별시 광진구 구의동 648-5,37.5423906353,127.0825006362,,한전주,02-450-7873,서울특별시 광진구청,2025-12-23
구의1동056,1,,서울특별시 광진구 구의동 648-4,37.54231417,127.0826536,,한전주,02-450-7873,서울특별시 광진구청,2025-12-23
구의1동057,1,,서울특별시 광진구 구의동 649-1,37.5429117744,127.0821776,,한전주,02-450-7873,서울특별시 광진구청,2025-12-23
구의1동058,1,,서울특별시 광진구 구의동 648-10,37.5429430993,127.0824156,,한전주,02-450-7873,서울특별시 광진구청,2025-12-23
구의1동059,1,,서울특별시 광진구 구의동 637-5,37.5435540139,127.0827462206,,한전주,02-450-7873,서울특별시 광진구청,2025-12-23
구의1동060,1,,서울특별시 광진구 구의동 637-7,37.5437711632,127.0828626714,,한전주,02-450-7873,서울특별시 광진구청,2025-12-23
구의1동061,1,,서울특별시 광진구 구의동 637-8,37.5439538148,127.0829416,,한전주,02-450-7873,서울특별시 광진구청,2025-12-23
구의1동062,1,,서울특별시 광진구 구의동 636-9,37.5438282481,127.0833014395,,건축물,02-450-7873,서울특별시 광진구청,2025-12-23
구의1동063,1,,서울특별시 광진구 구의동 637-2,37.54383517,127.0830996,,,02-450-7873,서울특별시 광진구청,2025-12-23
구의1동064,1,,서울특별시 광진구 구의동 636-6,37.5434449379,127.0830296,,한전주,02-450-7873,서울특별시 광진구청,2025-12-23
구의1동065,1,,서울특별시 광진구 구의동 648-16,37.54276196,127.0827206,,한전주,02-450-7873,서울특별시 광진구청,2025-12-23
구의1동066,1,,서울특별시 광진구 구의동 648-15,37.5425528317,127.0826016,,한전주,02-450-7873,서울특별시 광진구청,2025-12-23
구의1동067,1,,서울특별시 광진구 구의동 648-3,37.54251017,127.0827966,,전용주,02-450-7873,서울특별시 광진구청,2025-12-23
구의1동068,1,,서울특별시 광진구 구의동 648-2,37.54267917,127.0828996,,건축물,02-450-7873,서울특별시 광진구청,2025-12-23
구의1동069,1,,서울특별시 광진구 구의동 648-1,37.5427747131,127.0829126011,,한전주,02-450-7873,서울특별시 광진구청,2025-12-23
구의1동070,1,,서울특별시 광진구 구의동 635-6,37.5433491806,127.0834379372,,한전주,02-450-7873,서울특별시 광진구청,2025-12-23
구의1동071,1,,서울특별시 광진구 구의동 636-4,37.5434919961,127.0833966,,건축물,02-450-7873,서울특별시 광진구청,2025-12-23
구의1동072,1,,서울특별시 광진구 구의동 636-3,37.5436107979,127.08335687,,,02-450-7873,서울특별시 광진구청,2025-12-23
구의1동073,1,,서울특별시 광진구 구의동 635-9,37.5436213572,127.0835841,,한전주,02-450-7873,서울특별시 광진구청,2025-12-23
구의1동074,1,,서울특별시 광진구 구의동 633-18,37.5441883248,127.082735606,,건축물,02-450-7873,서울특별시 광진구청,2025-12-23
구의1동075,1,,서울특별시 광진구 구의동 633-19,37.5442986536,127.0827977377,,건축물,02-450-7873,서울특별시 광진구청,2025-12-23
구의1동076,1,,서울특별시 광진구 구의동 633-17,37.54426417,127.0826676,,,02-450-7873,서울특별시 광진구청,2025-12-23
구의1동077,1,,서울특별시 광진구 구의동 638-11,37.5439253333,127.0825923995,,한전주,02-450-7873,서울특별시 광진구청,2025-12-23
구의1동078,1,,서울특별시 광진구 구의동 638-8,37.5437437648,127.0824766,,한전주,02-450-7873,서울특별시 광진구청,2025-12-23
구의1동079,1,,서울특별시 광진구 구의동 639-5,37.54376317,127.0822797456,,한전주,02-450-7873,서울특별시 광진구청,2025-12-23
구의1동080,1,,서울특별시 광진구 구의동 643-3,37.5433467503,127.0822576,,건축물,02-450-7873,서울특별시 광진구청,2025-12-23
구의1동081,1,,서울특별시 광진구 구의동 649-7,37.5431004209,127.0818844991,,한전주,02-450-7873,서울특별시 광진구청,2025-12-23
구의1동082,1,,서울특별시 광진구 구의동 649-8,37.5429361882,127.0818563703,,건축물,02-450-7873,서울특별시 광진구청,2025-12-23
구의1동083,1,,서울특별시 광진구 구의동 650-1,37.5432087291,127.0816124802,,건축물,02-450-7873,서울특별시 광진구청,2025-12-23
구의1동084,1,,서울특별시 광진구 구의동 641-8,37.54348417,127.0818616,,,02-450-7873,서울특별시 광진구청,2025-12-23
구의1동085,1,,서울특별시 광진구 구의동 650-3,37.5430714151,127.0816149331,,,02-450-7873,서울특별시 광진구청,2025-12-23
구의1동086,1,,서울특별시 광진구 구의동 650-5,37.54287717,127.0815159327,,,02-450-7873,서울특별시 광진구청,2025-12-23
구의1동087,1,,서울특별시 광진구 구의동 649-5,37.5427639842,127.0817596616,,한전주,02-450-7873,서울특별시 광진구청,2025-12-23
구의1동088,1,,서울특별시 광진구 구의동 650-14,37.5425656823,127.08148731,,한전주,02-450-7873,서울특별시 광진구청,2025-12-23
구의1동089,1,,서울특별시 광진구 구의동 650-13,37.5425194549,127.0815906,,한전주,02-450-7873,서울특별시 광진구청,2025-12-23
구의1동090,1,,서울특별시 광진구 구의동 640-3,37.54385717,127.0820566,,한전주,02-450-7873,서울특별시 광진구청,2025-12-23
구의1동091,1,,서울특별시 광진구 구의동 640-3,37.5438432838,127.082030151,,건축물,02-450-7873,서울특별시 광진구청,2025-12-23
구의1동092,1,,서울특별시 광진구 구의동 639-10,37.5441482931,127.0823881721,,한전주,02-450-7873,서울특별시 광진구청,2025-12-23
구의1동093,1,,서울특별시 광진구 구의동 633-15,37.544413864,127.082708245,,한전주,02-450-7873,서울특별시 광진구청,2025-12-23
구의1동094,1,,서울특별시 광진구 구의동 633-14,37.5445192678,127.0827270324,,건축물,02-450-7873,서울특별시 광진구청,2025-12-23
구의1동103,1,,서울특별시 광진구 구의동 234-25,37.54451317,127.0853101765,,한전주,02-450-7873,서울특별시 광진구청,2025-12-23
구의1동104,1,,서울특별시 광진구 구의동 234-12,37.54448717,127.0858218205,,한전주,02-450-7873,서울특별시 광진구청,2025-12-23
구의1동105,1,,서울특별시 광진구 구의동 235-27,37.5442538,127.086182,,한전주,02-450-7873,서울특별시 광진구청,2025-12-23
구의1동106,1,,서울특별시 광진구 구의동 235-28,37.54409605,127.0861561,,건축물,02-450-7873,서울특별시 광진구청,2025-12-23
구의1동107,1,,서울특별시 광진구 구의동 234-33,37.54470262,127.0862519,,,02-450-7873,서울특별시 광진구청,2025-12-23
구의1동108,1,,서울특별시 광진구 구의동 234-1,37.54461333,127.086624,,전용주,02-450-7873,서울특별시 광진구청,2025-12-23
구의1동109,1,,서울특별시 광진구 구의동 233-11,37.5444625624,127.0870506,,건축물,02-450-7873,서울특별시 광진구청,2025-12-23
구의1동110,1,,서울특별시 광진구 구의동 233-8,37.54449617,127.087402,,건축물,02-450-7873,서울특별시 광진구청,2025-12-23
구의1동111,1,,서울특별시 광진구 구의동 233-5,37.54447417,127.0876532992,,건축물,02-450-7873,서울특별시 광진구청,2025-12-23
구의1동112,1,,서울특별시 광진구 구의동 232-26,37.5441124332,127.0876286,,한전주,02-450-7873,서울특별시 광진구청,2025-12-23
구의1동113,1,,서울특별시 광진구 구의동 232-75,37.5441226751,127.0874411342,,전용주,02-450-7873,서울특별시 광진구청,2025-12-23
구의1동114,1,,서울특별시 광진구 구의동 232-70,37.54398117,127.0875056,,건축물,02-450-7873,서울특별시 광진구청,2025-12-23
구의1동115,1,,서울특별시 광진구 구의동 232-36,37.54367235,127.0874396,,건축물,02-450-7873,서울특별시 광진구청,2025-12-23
구의1동116,1,,서울특별시 광진구 구의동 232-39,37.54339943,127.0873412,,한전주,02-450-7873,서울특별시 광진구청,2025-12-23
구의1동117,1,,서울특별시 광진구 구의동 232-37,37.5435849784,127.0874147068,,건축물,02-450-7873,서울특별시 광진구청,2025-12-23
구의1동118,1,,서울특별시 광진구 구의동 232-46,37.54347217,127.0870587,,한전주,02-450-7873,서울특별시 광진구청,2025-12-23
구의1동119,1,,서울특별시 광진구 구의동 232-49,37.54374328,127.0871216,,한전주,02-450-7873,서울특별시 광진구청,2025-12-23
구의1동120,1,,서울특별시 광진구 구의동 232-50,37.54382624,127.0872069,,건축물,02-450-7873,서울특별시 광진구청,2025-12-23
구의1동121,1,,서울특별시 광진구 구의동 650-2,37.54318617,127.0815084961,,한전주,02-450-7873,서울특별시 광진구청,2025-12-23
구의1동122,1,,서울특별시 광진구 구의동 232-60,37.54397963,127.0870308,,건축물,02-450-7873,서울특별시 광진구청,2025-12-23
구의1동123,1,,서울특별시 광진구 구의동 232-27,37.54414036,127.0872456,,,02-450-7873,서울특별시 광진구청,2025-12-23
구의1동124,1,,서울특별시 광진구 구의동 233-17,37.54436617,127.0873319413,,건축물,02-450-7873,서울특별시 광진구청,2025-12-23
구의1동125,1,,서울특별시 광진구 구의동 232-62,37.5441627393,127.0871346,,한전주,02-450-7873,서울특별시 광진구청,2025-12-23
구의1동126,1,,서울특별시 광진구 구의동 232-67,37.54418659,127.0867878,,건축물,02-450-7873,서울특별시 광진구청,2025-12-23
구의1동127,1,,서울특별시 광진구 구의동 235-1,37.54420949,127.0865946,,전용주,02-450-7873,서울특별시 광진구청,2025-12-23
구의1동128,1,,서울특별시 광진구 구의동 235-2,37.54388739,127.0863869,,전용주,02-450-7873,서울특별시 광진구청,2025-12-23
구의1동129,1,,서울특별시 광진구 구의동 235-11,37.5437156162,127.0863456,,한전주,02-450-7873,서울특별시 광진구청,2025-12-23
구의1동130,1,,서울특별시 광진구 구의동 235-3,37.5440002563,127.0863021891,,전용주,02-450-7873,서울특별시 광진구청,2025-12-23
구의1동131,1,,서울특별시 광진구 구의동 235-7,37.54379868,127.0859496,,한전주,02-450-7873,서울특별시 광진구청,2025-12-23
구의1동132,1,,서울특별시 광진구 구의동 239-130,37.5440753553,127.0865555397,,전용주,02-450-7873,서울특별시 광진구청,2025-12-23
구의1동133,1,,서울특별시 광진구 구의동 235-14,37.54379868,127.0859567,,한전주,02-450-7873,서울특별시 광진구청,2025-12-23
구의1동134,1,,서울특별시 광진구 구의동 235-41,37.5438506936,127.0856336,,한전주,02-450-7873,서울특별시 광진구청,2025-12-23
구의1동135,1,,서울특별시 광진구 구의동 235-33,37.544092,127.0856469,,,02-450-7873,서울특별시 광진구청,2025-12-23
구의1동136,1,,서울특별시 광진구 구의동 235-38,37.54393985,127.0853036,,한전주,02-450-7873,서울특별시 광진구청,2025-12-23
구의1동137,1,,서울특별시 광진구 구의동 235-37,37.54405105,127.0851066,,한전주,02-450-7873,서울특별시 광진구청,2025-12-23
구의1동138,1,,서울특별시 광진구 구의동 237-14,37.54346599,127.0856246,,건축물,02-450-7873,서울특별시 광진구청,2025-12-23
구의1동139,1,,서울특별시 광진구 구의동 236-3,37.5433960784,127.0853903677,,한전주,02-450-7873,서울특별시 광진구청,2025-12-23
구의1동140,1,,서울특별시 광진구 구의동 236-5,37.54323205,127.0853313,,건축물,02-450-7873,서울특별시 광진구청,2025-12-23
구의1동141,1,,서울특별시 광진구 구의동 236-5,37.54322217,127.0853746,,한전주,02-450-7873,서울특별시 광진구청,2025-12-23
구의1동142,1,,서울특별시 광진구 구의동 236-29,37.54346617,127.0852504,,한전주,02-450-7873,서울특별시 광진구청,2025-12-23
구의1동143,1,,서울특별시 광진구 구의동 236-40,37.54312451,127.0851206,,건축물,02-450-7873,서울특별시 광진구청,2025-12-23
구의1동144,1,,서울특별시 광진구 구의동 236-13,37.5428737892,127.0849876,,한전주,02-450-7873,서울특별시 광진구청,2025-12-23
구의1동145,1,,서울특별시 광진구 구의동 237-23,37.542873024,127.0855476,,건축물,02-450-7873,서울특별시 광진구청,2025-12-23
구의1동146,1,,서울특별시 광진구 구의동 237-42,37.5427869368,127.0853426,,한전주,02-450-7873,서울특별시 광진구청,2025-12-23
구의1동147,1,,서울특별시 광진구 구의동 236-7,37.54272134,127.0851118,,한전주,02-450-7873,서울특별시 광진구청,2025-12-23
구의1동148,1,,서울특별시 광진구 구의동 236-7,37.54272134,127.0851118,,한전주,02-450-7873,서울특별시 광진구청,2025-12-23
구의1동149,1,,서울특별시 광진구 구의동 236-7,37.54272134,127.0851118,,건축물,02-450-7873,서울특별시 광진구청,2025-12-23
구의1동150,1,,서울특별시 광진구 구의동 236-16,37.54254917,127.0850916,,한전주,02-450-7873,서울특별시 광진구청,2025-12-23
구의1동151,1,,서울특별시 광진구 구의동 236-8,37.54239987,127.0849797,,한전주,02-450-7873,서울특별시 광진구청,2025-12-23
구의1동152,1,,서울특별시 광진구 구의동 236-51,37.54247267,127.0848591,,건축물,02-450-7873,서울특별시 광진구청,2025-12-23
구의1동153,1,,서울특별시 광진구 구의동 236-53,37.54271282,127.0845585,,한전주,02-450-7873,서울특별시 광진구청,2025-12-23
구의1동154,1,,서울특별시 광진구 구의동 236-46,37.54301464,127.0847944,,한전주,02-450-7873,서울특별시 광진구청,2025-12-23
구의1동155,1,,서울특별시 광진구 구의동 250-41,37.54232517,127.0845801,,전용주,02-450-7873,서울특별시 광진구청,2025-12-23
구의1동156,1,,서울특별시 광진구 구의동 250-13,37.5421842,127.0850238,,전용주,02-450-7873,서울특별시 광진구청,2025-12-23
구의1동157,1,,서울특별시 광진구 구의동 237-49,37.54229379,127.0853256,,한전주,02-450-7873,서울특별시 광진구청,2025-12-23
구의1동158,1,,서울특별시 광진구 구의동 237-50,37.54243674,127.0854446,,한전주,02-450-7873,서울특별시 광진구청,2025-12-23
구의1동159,1,,서울특별시 광진구 구의동 250-12,37.54217117,127.0852256,,전용주,02-450-7873,서울특별시 광진구청,2025-12-23
구의1동160,1,,서울특별시 광진구 구의동 250-1,37.5420335071,127.0856026,,한전주,02-450-7873,서울특별시 광진구청,2025-12-23
구의1동161,1,,서울특별시 광진구 구의동 250-39,37.54189913,127.0855476,,건축물,02-450-7873,서울특별시 광진구청,2025-12-23
구의1동162,1,,서울특별시 광진구 구의동 238-1,37.54192936,127.0869731,,전용주,02-450-7873,서울특별시 광진구청,2025-12-23
구의1동163,1,,서울특별시 광진구 구의동 238-1,37.54192936,127.0869731,,전용주,02-450-7873,서울특별시 광진구청,2025-12-23
구의1동164,1,,서울특별시 광진구 구의동 238-1,37.54192936,127.0869731,,전용주,02-450-7873,서울특별시 광진구청,2025-12-23
구의1동165,1,,서울특별시 광진구 구의동 238-1,37.54192936,127.0869731,,전용주,02-450-7873,서울특별시 광진구청,2025-12-23
구의1동166,1,,서울특별시 광진구 구의동 238-1,37.54192936,127.0869731,,전용주,02-450-7873,서울특별시 광진구청,2025-12-23
구의1동167,1,,서울특별시 광진구 구의동 238-1,37.54192936,127.0869731,,전용주,02-450-7873,서울특별시 광진구청,2025-12-23
구의1동168,1,,서울특별시 광진구 구의동 237-40,37.54292747,127.0860043,,전용주,02-450-7873,서울특별시 광진구청,2025-12-23
구의1동169,1,,서울특별시 광진구 구의동 238-1,37.54192936,127.0869731,,전용주,02-450-7873,서울특별시 광진구청,2025-12-23
구의1동170,1,,서울특별시 광진구 구의동 238-1,37.54192936,127.0869731,,전용주,02-450-7873,서울특별시 광진구청,2025-12-23
구의1동171,1,,서울특별시 광진구 구의동 238-1,37.54192936,127.0869731,,전용주,02-450-7873,서울특별시 광진구청,2025-12-23
구의1동172,1,,서울특별시 광진구 구의동 237-43,37.54284181,127.0858454,,전용주,02-450-7873,서울특별시 광진구청,2025-12-23
구의1동173,1,,서울특별시 광진구 구의동 237-40,37.54292747,127.0860043,,한전주,02-450-7873,서울특별시 광진구청,2025-12-23
구의1동174,1,,서울특별시 광진구 구의동 237-19,37.5432186264,127.0859376,,,02-450-7873,서울특별시 광진구청,2025-12-23
구의1동175,1,,서울특별시 광진구 구의동 237-13,37.54348417,127.0857506,,건축물,02-450-7873,서울특별시 광진구청,2025-12-23
구의1동176,1,,서울특별시 광진구 구의동 237-53,37.54357685,127.0859026,,건축물,02-450-7873,서울특별시 광진구청,2025-12-23
구의1동177,1,,서울특별시 광진구 구의동 237-52,37.54359017,127.0860576,,건축물,02-450-7873,서울특별시 광진구청,2025-12-23
구의1동178,1,,서울특별시 광진구 구의동 238-1,37.54192936,127.0869731,,한전주,02-450-7873,서울특별시 광진구청,2025-12-23
구의1동179,1,,서울특별시 광진구 구의동 232-54,37.5436988244,127.0869236,,한전주,02-450-7873,서울특별시 광진구청,2025-12-23
구의1동180,1,,서울특별시 광진구 구의동 238-1,37.54192936,127.0869731,,한전주,02-450-7873,서울특별시 광진구청,2025-12-23
구의1동181,1,,서울특별시 광진구 구의동 232-22,37.54355217,127.0876156,,한전주,02-450-7873,서울특별시 광진구청,2025-12-23
구의1동182,1,,서울특별시 광진구 구의동 232-31,37.54367717,127.0875559,,,02-450-7873,서울특별시 광진구청,2025-12-23
구의1동183,1,,서울특별시 광진구 구의동 232-23,37.5433929,127.0876244,,건축물,02-450-7873,서울특별시 광진구청,2025-12-23
구의1동184,1,,서울특별시 광진구 구의동 232-22,37.54350298,127.0876658,,건축물,02-450-7873,서울특별시 광진구청,2025-12-23
구의1동185,1,,서울특별시 광진구 구의동 232-18,37.54324117,127.0877742,,한전주,02-450-7873,서울특별시 광진구청,2025-12-23
구의1동186,1,,서울특별시 광진구 구의동 231-35,37.5434607609,127.0881013007,,한전주,02-450-7873,서울특별시 광진구청,2025-12-23
구의1동187,1,,서울특별시 광진구 구의동 231-34,37.54359474,127.0881216,,한전주,02-450-7873,서울특별시 광진구청,2025-12-23
구의1동188,1,,서울특별시 광진구 구의동 231-34,37.54359474,127.0881052,,건축물,02-450-7873,서울특별시 광진구청,2025-12-23
구의1동189,1,,서울특별시 광진구 구의동 231-31,37.54355222,127.0884126,,한전주,02-450-7873,서울특별시 광진구청,2025-12-23
구의1동191,1,,서울특별시 광진구 구의동 231-60,37.54367808,127.0888298,,한전주,02-450-7873,서울특별시 광진구청,2025-12-23
구의1동193,1,,서울특별시 광진구 구의동 231-63,37.54404317,127.0888186,,한전주,02-450-7873,서울특별시 광진구청,2025-12-23
구의1동194,1,,서울특별시 광진구 구의동 231-63,37.54402008,127.0888326,,한전주,02-450-7873,서울특별시 광진구청,2025-12-23
구의1동195,1,,서울특별시 광진구 구의동 231-56,37.54399024,127.0889882,,전용주,02-450-7873,서울특별시 광진구청,2025-12-23
구의1동196,1,,서울특별시 광진구 구의동 231-54,37.5439930846,127.0891476,,한전주,02-450-7873,서울특별시 광진구청,2025-12-23
구의1동197,1,,서울특별시 광진구 구의동 231-57,37.5438825858,127.0889730971,,건축물,02-450-7873,서울특별시 광진구청,2025-12-23
구의1동198,1,,서울특별시 광진구 구의동 231-59,37.54366095,127.0889551,,한전주,02-450-7873,서울특별시 광진구청,2025-12-23
구의1동199,1,,서울특별시 광진구 구의동 231-23,37.543423,127.088833,,건축물,02-450-7873,서울특별시 광진구청,2025-12-23
구의1동200,1,,서울특별시 광진구 구의동 226-53,37.54357257,127.0894248,,한전주,02-450-7873,서울특별시 광진구청,2025-12-23
구의1동201,1,,서울특별시 광진구 구의동 231-48,37.5438556837,127.0892811883,,건축물,02-450-7873,서울특별시 광진구청,2025-12-23
구의1동202,1,,서울특별시 광진구 구의동 230-23,37.54419117,127.0893071,,한전주,02-450-7873,서울특별시 광진구청,2025-12-23
구의1동203,1,,서울특별시 광진구 구의동 229-20,37.54406223,127.0898232,,한전주,02-450-7873,서울특별시 광진구청,2025-12-23
구의1동204,1,,서울특별시 광진구 구의동 226-49,37.54373815,127.0895789,,한전주,02-450-7873,서울특별시 광진구청,2025-12-23
구의1동205,1,,서울특별시 광진구 구의동 226-41,37.54388174,127.0898498,,전용주,02-450-7873,서울특별시 광진구청,2025-12-23
구의1동206,1,,서울특별시 광진구 구의동 226-34,37.54332199,127.0896743,,,02-450-7873,서울특별시 광진구청,2025-12-23
구의1동207,1,,서울특별시 광진구 구의동 229-37,37.5440787599,127.0900079167,,한전주,02-450-7873,서울특별시 광진구청,2025-12-23
구의1동208,1,,서울특별시 광진구 구의동 229-17,37.544296,127.0898728,,한전주,02-450-7873,서울특별시 광진구청,2025-12-23
구의1동209,1,,서울특별시 광진구 구의동 229-5,37.54406517,127.0903553964,,한전주,02-450-7873,서울특별시 광진구청,2025-12-23
구의1동210,1,,서울특별시 광진구 구의동 229-45,37.54426917,127.0904063583,,한전주,02-450-7873,서울특별시 광진구청,2025-12-23
구의1동211,1,,서울특별시 광진구 구의동 229-45,37.544281721,127.0904066,,건축물,02-450-7873,서울특별시 광진구청,2025-12-23
구의1동212,1,,서울특별시 광진구 구의동 229-30,37.54427917,127.0895994,,건축물,02-450-7873,서울특별시 광진구청,2025-12-23
구의1동213,1,,서울특별시 광진구 구의동 230-4,37.54451917,127.0893840287,,한전주,02-450-7873,서울특별시 광진구청,2025-12-23
구의1동214,1,,서울특별시 광진구 구의동 229-33,37.5443923068,127.0895286,,한전주,02-450-7873,서울특별시 광진구청,2025-12-23
구의1동215,1,,서울특별시 광진구 구의동 229-11,37.54456617,127.0896985,,한전주,02-450-7873,서울특별시 광진구청,2025-12-23
구의1동217,1,,서울특별시 광진구 구의동 230-21,37.54438847,127.0891236,,한전주,02-450-7873,서울특별시 광진구청,2025-12-23
구의1동218,1,,서울특별시 광진구 구의동 230-30,37.544344512,127.0883406,,한전주,02-450-7873,서울특별시 광진구청,2025-12-23
구의1동219,1,,서울특별시 광진구 구의동 230-25,37.54435043,127.0885246,,한전주,02-450-7873,서울특별시 광진구청,2025-12-23
구의1동220,1,,서울특별시 광진구 구의동 230-29,37.54425817,127.0883766,,한전주,02-450-7873,서울특별시 광진구청,2025-12-23
구의1동221,1,,서울특별시 광진구 구의동 231-74,37.54406233,127.0883249,,건축물,02-450-7873,서울특별시 광진구청,2025-12-23
구의1동222,1,,서울특별시 광진구 구의동 231-3,37.54371973,127.0884436,,건축물,02-450-7873,서울특별시 광진구청,2025-12-23
구의1동223,1,,서울특별시 광진구 구의동 233-1,37.5446911849,127.0881316,,한전주,02-450-7873,서울특별시 광진구청,2025-12-23
구의1동224,1,,서울특별시 광진구 구의동 233-3,37.5443629,127.0880296,,한전주,02-450-7873,서울특별시 광진구청,2025-12-23
구의1동225,1,,서울특별시 광진구 구의동 233-3,37.5443629,127.0880278,,한전주,02-450-7873,서울특별시 광진구청,2025-12-23
구의1동226,1,,서울특별시 광진구 구의동 233-2,37.54467212,127.0872976,,건축물,02-450-7873,서울특별시 광진구청,2025-12-23
구의1동227,1,,서울특별시 광진구 구의동 232-1,37.5440214646,127.0880853266,,한전주,02-450-7873,서울특별시 광진구청,2025-12-23
구의1동228,1,,서울특별시 광진구 구의동 231-74,37.54406625,127.0883249,,한전주,02-450-7873,서울특별시 광진구청,2025-12-23
구의1동229,1,,서울특별시 광진구 구의동 231-75,37.5439557918,127.0883131454,,한전주,02-450-7873,서울특별시 광진구청,2025-12-23
구의1동230,1,,서울특별시 광진구 구의동 232-12,37.54377274,127.0877686,,,02-450-7873,서울특별시 광진구청,2025-12-23
구의1동231,1,,서울특별시 광진구 구의동 231-38,37.54343128,127.0884384,,건축물,02-450-7873,서울특별시 광진구청,2025-12-23
구의1동232,1,,서울특별시 광진구 구의동 239-82,37.5430527,127.0880986,,건축물,02-450-7873,서울특별시 광진구청,2025-12-23
구의1동233,1,,서울특별시 광진구 구의동 238-1,37.54192936,127.0869731,,한전주,02-450-7873,서울특별시 광진구청,2025-12-23
구의1동234,1,,서울특별시 광진구 구의동 238-1,37.54192936,127.0869731,,한전주,02-450-7873,서울특별시 광진구청,2025-12-23
구의1동235,1,,서울특별시 광진구 구의동 239-109,37.54253386,127.0876476,,전용주,02-450-7873,서울특별시 광진구청,2025-12-23
구의1동236,1,,서울특별시 광진구 구의동 239-110,37.54249617,127.0876353,,한전주,02-450-7873,서울특별시 광진구청,2025-12-23
구의1동237,1,,서울특별시 광진구 구의동 238-1,37.54192936,127.0869731,,전용주,02-450-7873,서울특별시 광진구청,2025-12-23
구의1동238,1,,서울특별시 광진구 구의동 239-114,37.54191064,127.0874316,,한전주,02-450-7873,서울특별시 광진구청,2025-12-23
구의1동239,1,,서울특별시 광진구 구의동 238-1,37.54192936,127.0869731,,한전주,02-450-7873,서울특별시 광진구청,2025-12-23
구의1동240,1,,서울특별시 광진구 구의동 239-95,37.54177243,127.0875016,,,02-450-7873,서울특별시 광진구청,2025-12-23
구의1동241,1,,서울특별시 광진구 구의동 239-94,37.54176205,127.0876296,,한전주,02-450-7873,서울특별시 광진구청,2025-12-23
구의1동242,1,,서울특별시 광진구 구의동 239-16,37.5418603391,127.0880596,,한전주,02-450-7873,서울특별시 광진구청,2025-12-23
구의1동243,1,,서울특별시 광진구 구의동 239-93,37.54188575,127.0877038,,한전주,02-450-7873,서울특별시 광진구청,2025-12-23
구의1동244,1,,서울특별시 광진구 구의동 239-89,37.54238753,127.0879294,,한전주,02-450-7873,서울특별시 광진구청,2025-12-23
구의1동246,1,,서울특별시 광진구 구의동 239-83,37.54295514,127.0880266,,한전주,02-450-7873,서울특별시 광진구청,2025-12-23
구의1동247,1,,서울특별시 광진구 구의동 239-81,37.54303657,127.0882215,,,02-450-7873,서울특별시 광진구청,2025-12-23
구의1동248,1,,서울특별시 광진구 구의동 239-18,37.54296717,127.0883116,,한전주,02-450-7873,서울특별시 광진구청,2025-12-23
구의1동249,1,,서울특별시 광진구 구의동 239-65,37.54268217,127.0882486,,한전주,02-450-7873,서울특별시 광진구청,2025-12-23
구의1동250,1,,서울특별시 광진구 구의동 239-68,37.54235289,127.0882233,,한전주,02-450-7873,서울특별시 광진구청,2025-12-23
구의1동251,1,,서울특별시 광진구 구의동 239-70,37.54197274,127.0881066,,한전주,02-450-7873,서울특별시 광진구청,2025-12-23
구의1동252,1,,서울특별시 광진구 구의동 240-34,37.54155913,127.0880396,,한전주,02-450-7873,서울특별시 광진구청,2025-12-23
구의1동253,1,,서울특별시 광진구 구의동 239-55,37.54177417,127.0881917,,,02-450-7873,서울특별시 광진구청,2025-12-23
구의1동254,1,,서울특별시 광진구 구의동 239-47,37.5420834065,127.0884056,,한전주,02-450-7873,서울특별시 광진구청,2025-12-23
구의1동255,1,,서울특별시 광진구 구의동 239-49,37.54236817,127.0884486,,한전주,02-450-7873,서울특별시 광진구청,2025-12-23
구의1동256,1,,서울특별시 광진구 구의동 239-38,37.5421181561,127.0887046,,,02-450-7873,서울특별시 광진구청,2025-12-23
구의1동257,1,,서울특별시 광진구 구의동 239-31,37.54211238,127.0888722,,,02-450-7873,서울특별시 광진구청,2025-12-23
구의1동258,1,,서울특별시 광진구 구의동 225-36,37.54202241,127.0890456,,한전주,02-450-7873,서울특별시 광진구청,2025-12-23
구의1동259,1,,서울특별시 광진구 구의동 225-37,37.54189904,127.0890832,,한전주,02-450-7873,서울특별시 광진구청,2025-12-23
구의1동260,1,,서울특별시 광진구 구의동 239-32,37.54197338,127.0888389,,한전주,02-450-7873,서울특별시 광진구청,2025-12-23
구의1동261,1,,서울특별시 광진구 구의동 239-37,37.54199556,127.0887014,,,02-450-7873,서울특별시 광진구청,2025-12-23
구의1동262,1,,서울특별시 광진구 구의동 225-28,37.5420256026,127.0893623998,,한전주,02-450-7873,서울특별시 광진구청,2025-12-23
구의1동263,1,,서울특별시 광진구 구의동 225-37,37.54189904,127.0890832,,전용주,02-450-7873,서울특별시 광진구청,2025-12-23
구의1동264,1,,서울특별시 광진구 구의동 225-73,37.54235917,127.0894238549,,전용주,02-450-7873,서울특별시 광진구청,2025-12-23
구의1동265,1,,서울특별시 광진구 구의동 239-15,37.54225768,127.0889986,,한전주,02-450-7873,서울특별시 광진구청,2025-12-23
구의1동266,1,,서울특별시 광진구 구의동 239-40,37.54229412,127.0886252,,한전주,02-450-7873,서울특별시 광진구청,2025-12-23
구의1동267,1,,서울특별시 광진구 구의동 225-71,37.54237148,127.0891356,,한전주,02-450-7873,서울특별시 광진구청,2025-12-23
구의1동268,1,,서울특별시 광진구 구의동 225-20,37.5425154,127.089257,,건축물,02-450-7873,서울특별시 광진구청,2025-12-23
구의1동269,1,,서울특별시 광진구 구의동 225-19,37.54266496,127.0892272,,한전주,02-450-7873,서울특별시 광진구청,2025-12-23
구의1동270,1,,서울특별시 광진구 구의동 239-117,37.54257819,127.0888826,,건축물,02-450-7873,서울특별시 광진구청,2025-12-23
구의1동271,1,,서울특별시 광진구 구의동 239-9,37.54266134,127.088421,,건축물,02-450-7873,서울특별시 광진구청,2025-12-23
구의1동272,1,,서울특별시 광진구 구의동 225-17,37.542877294,127.0892276,,한전주,02-450-7873,서울특별시 광진구청,2025-12-23
구의1동273,1,,서울특별시 광진구 구의동 226-18,37.54303665,127.0893131,,한전주,02-450-7873,서울특별시 광진구청,2025-12-23
구의1동274,1,,서울특별시 광진구 구의동 231-14,37.54306729,127.0890702,,한전주,02-450-7873,서울특별시 광진구청,2025-12-23
구의1동275,1,,서울특별시 광진구 구의동 231-16,37.54326217,127.088878,,건축물,02-450-7873,서울특별시 광진구청,2025-12-23
구의1동276,1,,서울특별시 광진구 구의동 231-17,37.54318317,127.0888381,,한전주,02-450-7873,서울특별시 광진구청,2025-12-23
구의1동278,1,,서울특별시 광진구 구의동 231-9,37.54333617,127.0891649,,,02-450-7873,서울특별시 광진구청,2025-12-23
구의1동279,1,,서울특별시 광진구 구의동 226-12,37.54338217,127.0894513,,한전주,02-450-7873,서울특별시 광진구청,2025-12-23
구의1동280,1,,서울특별시 광진구 구의동 226-16,37.5431765416,127.0894626,,건축물,02-450-7873,서울특별시 광진구청,2025-12-23
구의1동281,1,,서울특별시 광진구 구의동 226-8,37.5435038,127.0899341,,건축물,02-450-7873,서울특별시 광진구청,2025-12-23
구의1동282,1,,서울특별시 광진구 구의동 226-24,37.5432607,127.0901646,,건축물,02-450-7873,서울특별시 광진구청,2025-12-23
구의1동283,1,,서울특별시 광진구 구의동 226-22,37.5432813885,127.0899536,,한전주,02-450-7873,서울특별시 광진구청,2025-12-23
구의1동284,1,,서울특별시 광진구 구의동 226-20,37.54334924,127.0898374,,전용주,02-450-7873,서울특별시 광진구청,2025-12-23
구의1동285,1,,서울특별시 광진구 구의동 226-29,37.54319117,127.0898097899,,한전주,02-450-7873,서울특별시 광진구청,2025-12-23
구의1동286,1,,서울특별시 광진구 구의동 226-27,37.54298621,127.0898346,,한전주,02-450-7873,서울특별시 광진구청,2025-12-23
구의1동287,1,,서울특별시 광진구 구의동 225-4,37.54269579,127.0898089,,건축물,02-450-7873,서울특별시 광진구청,2025-12-23
구의1동288,1,,서울특별시 광진구 구의동 226-19,37.54308217,127.0894006,,한전주,02-450-7873,서울특별시 광진구청,2025-12-23
구의1동289,1,,서울특별시 광진구 구의동 225-11,37.54274917,127.0895046,,건축물,02-450-7873,서울특별시 광진구청,2025-12-23
구의1동290,1,,서울특별시 광진구 구의동 225-45,37.54261017,127.0896517195,,한전주,02-450-7873,서울특별시 광진구청,2025-12-23
구의1동291,1,,서울특별시 광진구 구의동 225-43,37.54236517,127.0897682,,한전주,02-450-7873,서울특별시 광진구청,2025-12-23
구의1동292,1,,서울특별시 광진구 구의동 225-42,37.54229386,127.0899182,,한전주,02-450-7873,서울특별시 광진구청,2025-12-23
구의1동293,1,,서울특별시 광진구 구의동 225-22,37.54219117,127.0898806,,건축물,02-450-7873,서울특별시 광진구청,2025-12-23
구의1동294,1,,서울특별시 광진구 구의동 225-59,37.54201895,127.0896636,,,02-450-7873,서울특별시 광진구청,2025-12-23
구의1동295,1,,서울특별시 광진구 구의동 225-61,37.54207317,127.089481,,전용주,02-450-7873,서울특별시 광진구청,2025-12-23
구의1동296,1,,서울특별시 광진구 구의동 225-58,37.54195717,127.0896156,,한전주,02-450-7873,서울특별시 광진구청,2025-12-23
구의1동297,1,,서울특별시 광진구 구의동 225-65,37.54187517,127.089421,,건축물,02-450-7873,서울특별시 광진구청,2025-12-23
구의1동298,1,,서울특별시 광진구 구의동 222-11,37.5414395312,127.0895336,,한전주,02-450-7873,서울특별시 광진구청,2025-12-23
구의1동299,1,,서울특별시 광진구 구의동 222-23,37.54118171,127.0895023,,한전주,02-450-7873,서울특별시 광진구청,2025-12-23
구의1동300,1,,서울특별시 광진구 구의동 222-74,37.5408072359,127.0894089218,,한전주,02-450-7873,서울특별시 광진구청,2025-12-23
구의1동301,1,,서울특별시 광진구 구의동 222-26,37.5410771,127.0892658,,건축물,02-450-7873,서울특별시 광진구청,2025-12-23
구의1동302,1,,서울특별시 광진구 구의동 222-17,37.5407688226,127.0895596,,건축물,02-450-7873,서울특별시 광진구청,2025-12-23
구의1동303,1,,서울특별시 광진구 구의동 222-36,37.54060443,127.0891521,,건축물,02-450-7873,서울특별시 광진구청,2025-12-23
구의1동304,1,,서울특별시 광진구 구의동 222-34,37.5405592348,127.0893505793,,한전주,02-450-7873,서울특별시 광진구청,2025-12-23
구의1동305,1,,서울특별시 광진구 구의동 222-37,37.54049111,127.0891309,,건축물,02-450-7873,서울특별시 광진구청,2025-12-23
구의1동306,1,,서울특별시 광진구 구의동 221-17,37.5402118462,127.0890633287,,건축물,02-450-7873,서울특별시 광진구청,2025-12-23
구의1동307,1,,서울특별시 광진구 구의동 221-16,37.5400614992,127.0891469,,건축물,02-450-7873,서울특별시 광진구청,2025-12-23
구의1동308,1,,서울특별시 광진구 구의동 221-13,37.5399572992,127.089201974,,건축물,02-450-7873,서울특별시 광진구청,2025-12-23
구의1동309,1,,서울특별시 광진구 구의동 221-72,37.54023888,127.0889386,,한전주,02-450-7873,서울특별시 광진구청,2025-12-23
구의1동310,1,,서울특별시 광진구 구의동 221-73,37.54007898,127.0889088,,건축물,02-450-7873,서울특별시 광진구청,2025-12-23
구의1동311,1,,서울특별시 광진구 구의동 221-67,37.53986236,127.088685,,한전주,02-450-7873,서울특별시 광진구청,2025-12-23
구의1동312,1,,서울특별시 광진구 구의동 221-76,37.53968817,127.0888016,,한전주,02-450-7873,서울특별시 광진구청,2025-12-23
구의1동313,1,,서울특별시 광진구 구의동 221-77,37.53955617,127.0887296,,건축물,02-450-7873,서울특별시 광진구청,2025-12-23
구의1동314,1,,서울특별시 광진구 구의동 221-11,37.53938741,127.0887296,,전용주,02-450-7873,서울특별시 광진구청,2025-12-23
구의1동315,1,,서울특별시 광진구 구의동 242-125,37.5394012294,127.0882060524,,한전주,02-450-7873,서울특별시 광진구청,2025-12-23
구의1동316,1,,서울특별시 광진구 구의동 221-46,37.5392972386,127.0885826,,건축물,02-450-7873,서울특별시 광진구청,2025-12-23
구의1동317,1,,서울특별시 광진구 구의동 221-59,37.5391211411,127.0884035063,,한전주,02-450-7873,서울특별시 광진구청,2025-12-23
구의1동318,1,,서울특별시 광진구 구의동 221-58,37.53909373,127.0885106,,,02-450-7873,서울특별시 광진구청,2025-12-23
구의1동319,1,,서울특별시 광진구 구의동 242-13,37.5391657144,127.0881976283,,한전주,02-450-7873,서울특별시 광진구청,2025-12-23
구의1동320,1,,서울특별시 광진구 구의동 242-15,37.5390097914,127.0881439254,,한전주,02-450-7873,서울특별시 광진구청,2025-12-23
구의1동321,1,,서울특별시 광진구 구의동 242-15,37.53905417,127.0881439254,,한전주,02-450-7873,서울특별시 광진구청,2025-12-23
구의1동322,1,,서울특별시 광진구 구의동 221-34,37.53906317,127.0883981714,,,02-450-7873,서울특별시 광진구청,2025-12-23
구의1동324,1,,서울특별시 광진구 구의동 243-54,37.5382998316,127.0883473207,,한전주,02-450-7873,서울특별시 광진구청,2025-12-23
구의1동325,1,,서울특별시 광진구 구의동 243-76,37.5386055391,127.0890693385,,전용주,02-450-7873,서울특별시 광진구청,2025-12-23
구의1동326,1,,서울특별시 광진구 구의동 221-26,37.53885817,127.0889209403,,한전주,02-450-7873,서울특별시 광진구청,2025-12-23
구의1동327,1,,서울특별시 광진구 구의동 221-7,37.5390463,127.0889246,,한전주,02-450-7873,서울특별시 광진구청,2025-12-23
구의1동328,1,,서울특별시 광진구 구의동 221-38,37.53923059,127.0890325,,한전주,02-450-7873,서울특별시 광진구청,2025-12-23
구의1동329,1,,서울특별시 광진구 구의동 221-5,37.53915811,127.0892096,,건축물,02-450-7873,서울특별시 광진구청,2025-12-23
구의1동330,1,,서울특별시 광진구 구의동 221-4,37.53970286,127.0889605,,한전주,02-450-7873,서울특별시 광진구청,2025-12-23
구의1동331,1,,서울특별시 광진구 구의동 221-79,37.53951766,127.0889044,,한전주,02-450-7873,서울특별시 광진구청,2025-12-23
구의1동332,1,,서울특별시 광진구 구의동 243-53,37.5383895993,127.0883097485,,건축물,02-450-7873,서울특별시 광진구청,2025-12-23
구의1동333,1,,서울특별시 광진구 구의동 243-30,37.53827152,127.0874111,,,02-450-7873,서울특별시 광진구청,2025-12-23
구의1동334,1,,서울특별시 광진구 구의동 243-29,37.53815336,127.0874578,,건축물,02-450-7873,서울특별시 광진구청,2025-12-23
구의1동335,1,,서울특별시 광진구 구의동 243-17,37.53787688,127.0874032,,전용주,02-450-7873,서울특별시 광진구청,2025-12-23
구의1동336,1,,서울특별시 광진구 구의동 243-59,37.5378980605,127.0871552978,,전용주,02-450-7873,서울특별시 광진구청,2025-12-23
구의1동337,1,,서울특별시 광진구 구의동 243-17,37.53788217,127.0874036,,전용주,02-450-7873,서울특별시 광진구청,2025-12-23
구의1동338,1,,서울특별시 광진구 구의동 243-60,37.53779497,127.0871656,,전용주,02-450-7873,서울특별시 광진구청,2025-12-23
구의1동340,1,,서울특별시 광진구 구의동 243-32,37.53817617,127.0873096,,건축물,02-450-7873,서울특별시 광진구청,2025-12-23
구의1동341,1,,서울특별시 광진구 구의동 243-44,37.5381136709,127.0867868023,,건축물,02-450-7873,서울특별시 광진구청,2025-12-23
구의1동342,1,,서울특별시 광진구 구의동 246-1,37.5380055028,127.0863607918,,전용주,02-450-7873,서울특별시 광진구청,2025-12-23
구의1동343,1,,서울특별시 광진구 구의동 246-3,37.53756345,127.0863865,,한전주,02-450-7873,서울특별시 광진구청,2025-12-23
구의1동344,1,,서울특별시 광진구 구의동 257-122,37.5381830731,127.0863837392,,전용주,02-450-7873,서울특별시 광진구청,2025-12-23
구의1동345,1,,서울특별시 광진구 구의동 257-122,37.5381830731,127.0863837392,,,02-450-7873,서울특별시 광진구청,2025-12-23
구의1동346,1,,서울특별시 광진구 구의동 257-123,37.5381447268,127.086210806,,전용주,02-450-7873,서울특별시 광진구청,2025-12-23
구의1동347,1,,서울특별시 광진구 구의동 257-13,37.5382974753,127.0859237006,,전용주,02-450-7873,서울특별시 광진구청,2025-12-23
구의1동348,1,,서울특별시 광진구 구의동 257-113,37.5384033509,127.0859126205,,전용주,02-450-7873,서울특별시 광진구청,2025-12-23
구의1동349,1,,서울특별시 광진구 구의동 257-12,37.5383661624,127.0862726,,건축물,02-450-7873,서울특별시 광진구청,2025-12-23
구의1동350,1,,서울특별시 광진구 구의동 257-12,37.5383661624,127.0862521335,,건축물,02-450-7873,서울특별시 광진구청,2025-12-23
구의1동351,1,,서울특별시 광진구 구의동 242-133,37.53856494,127.0865926,,한전주,02-450-7873,서울특별시 광진구청,2025-12-23
구의1동352,1,,서울특별시 광진구 구의동 242-132,37.53857194,127.0867196,,건축물,02-450-7873,서울특별시 광진구청,2025-12-23
구의1동353,1,,서울특별시 광진구 구의동 242-130,37.53855117,127.086951772,,,02-450-7873,서울특별시 광진구청,2025-12-23
구의1동354,1,,서울특별시 광진구 구의동 242-130,37.53855417,127.086951772,,,02-450-7873,서울특별시 광진구청,2025-12-23
구의1동355,1,,서울특별시 광진구 구의동 242-135,37.53879817,127.0867856,,건축물,02-450-7873,서울특별시 광진구청,2025-12-23
구의1동356,1,,서울특별시 광진구 구의동 242-19,37.53891725,127.0865536,,한전주,02-450-7873,서울특별시 광진구청,2025-12-23
구의1동357,1,,서울특별시 광진구 구의동 242-71,37.5390497,127.0865668,,건축물,02-450-7873,서울특별시 광진구청,2025-12-23
구의1동358,1,,서울특별시 광진구 구의동 242-136,37.53890736,127.0869071,,한전주,02-450-7873,서울특별시 광진구청,2025-12-23
구의1동359,1,,서울특별시 광진구 구의동 242-88,37.53894491,127.0870632,,한전주,02-450-7873,서울특별시 광진구청,2025-12-23
구의1동360,1,,서울특별시 광진구 구의동 242-120,37.53875082,127.0870875,,한전주,02-450-7873,서울특별시 광진구청,2025-12-23
구의1동361,1,,서울특별시 광진구 구의동 242-78,37.53864729,127.0873404,,건축물,02-450-7873,서울특별시 광진구청,2025-12-23
구의1동362,1,,서울특별시 광진구 구의동 242-80,37.538426801,127.0873036,,건축물,02-450-7873,서울특별시 광진구청,2025-12-23
구의1동363,1,,서울특별시 광진구 구의동 242-16,37.53890167,127.0873926,,한전주,02-450-7873,서울특별시 광진구청,2025-12-23
구의1동364,1,,서울특별시 광진구 구의동 242-77,37.53876316,127.0873299,,한전주,02-450-7873,서울특별시 광진구청,2025-12-23
구의1동365,1,,서울특별시 광진구 구의동 242-47,37.5388561488,127.0878107492,,한전주,02-450-7873,서울특별시 광진구청,2025-12-23
구의1동366,1,,서울특별시 광진구 구의동 242-49,37.53887133,127.0881198,,,02-450-7873,서울특별시 광진구청,2025-12-23
구의1동367,1,,서울특별시 광진구 구의동 242-128,37.53915276,127.0880493,,전용주,02-450-7873,서울특별시 광진구청,2025-12-23
구의1동368,1,,서울특별시 광진구 구의동 242-11,37.53931317,127.0880272821,,전용주,02-450-7873,서울특별시 광진구청,2025-12-23
구의1동369,1,,서울특별시 광진구 구의동 242-11,37.5393094608,127.0880272821,,건축물,02-450-7873,서울특별시 광진구청,2025-12-23
구의1동370,1,,서울특별시 광진구 구의동 242-96,37.53955917,127.0877752,,한전주,02-450-7873,서울특별시 광진구청,2025-12-23
구의1동371,1,,서울특별시 광진구 구의동 242-4,37.53978317,127.0879256,,,02-450-7873,서울특별시 광진구청,2025-12-23
구의1동372,1,,서울특별시 광진구 구의동 241-52,37.53996917,127.0879432,,한전주,02-450-7873,서울특별시 광진구청,2025-12-23
구의1동373,1,,서울특별시 광진구 구의동 241-71,37.53999117,127.0882466,,,02-450-7873,서울특별시 광진구청,2025-12-23
구의1동374,1,,서울특별시 광진구 구의동 241-9,37.53999617,127.0883446,,한전주,02-450-7873,서울특별시 광진구청,2025-12-23
구의1동375,1,,서울특별시 광진구 구의동 242-1,37.53977972,127.0883467,,한전주,02-450-7873,서울특별시 광진구청,2025-12-23
구의1동376,1,,서울특별시 광진구 구의동 221-63,37.53977317,127.0885261,,,02-450-7873,서울특별시 광진구청,2025-12-23
구의1동377,1,,서울특별시 광진구 구의동 242-124,37.5395097391,127.0882486,,건축물,02-450-7873,서울특별시 광진구청,2025-12-23
구의1동378,1,,서울특별시 광진구 구의동 241-60,37.53994917,127.0875499236,,,02-450-7873,서울특별시 광진구청,2025-12-23
구의1동379,1,,서울특별시 광진구 구의동 242-29,37.53959146,127.0874438,,,02-450-7873,서울특별시 광진구청,2025-12-23
구의1동380,1,,서울특별시 광진구 구의동 242-31,37.539366817,127.0874714485,,한전주,02-450-7873,서울특별시 광진구청,2025-12-23
구의1동381,1,,서울특별시 광진구 구의동 242-44,37.5389625892,127.0875876,,한전주,02-450-7873,서울특별시 광진구청,2025-12-23
구의1동382,1,,서울특별시 광진구 구의동 242-40,37.53935136,127.087168,,한전주,02-450-7873,서울특별시 광진구청,2025-12-23
구의1동383,1,,서울특별시 광진구 구의동 242-37,37.53969675,127.0871996,,한전주,02-450-7873,서울특별시 광진구청,2025-12-23
구의1동384,1,,서울특별시 광진구 구의동 241-62,37.53993817,127.0873696,,한전주,02-450-7873,서울특별시 광진구청,2025-12-23
구의1동385,1,,서울특별시 광진구 구의동 241-20,37.53983135,127.086753,,한전주,02-450-7873,서울특별시 광진구청,2025-12-23
구의1동386,1,,서울특별시 광진구 구의동 242-99,37.5395768368,127.0868436,,건축물,02-450-7873,서울특별시 광진구청,2025-12-23
구의1동387,1,,서울특별시 광진구 구의동 242-100,37.53959617,127.0870053,,건축물,02-450-7873,서울특별시 광진구청,2025-12-23
구의1동388,1,,서울특별시 광진구 구의동 241-21,37.53981433,127.0865548,,한전주,02-450-7873,서울특별시 광진구청,2025-12-23
구의1동389,1,,서울특별시 광진구 구의동 242-74,37.53939624,127.0865206,,한전주,02-450-7873,서울특별시 광진구청,2025-12-23
구의1동390,1,,서울특별시 광진구 구의동 242-68,37.5392729671,127.0866918562,,한전주,02-450-7873,서울특별시 광진구청,2025-12-23
구의1동392,1,,서울특별시 광진구 구의동 242-10,37.53949617,127.0870256,,건축물,02-450-7873,서울특별시 광진구청,2025-12-23
구의1동393,1,,서울특별시 광진구 구의동 242-72,37.53918217,127.0865416,,한전주,02-450-7873,서울특별시 광진구청,2025-12-23
구의1동394,1,,서울특별시 광진구 구의동 248-147,37.5399914737,127.086378697,,한전주,02-450-7873,서울특별시 광진구청,2025-12-23
구의1동395,1,,서울특별시 광진구 구의동 248-22,37.5399062176,127.0861697187,,전용주,02-450-7873,서울특별시 광진구청,2025-12-23
구의1동396,1,,서울특별시 광진구 구의동 248-4,37.54019742,127.0864128,,한전주,02-450-7873,서울특별시 광진구청,2025-12-23
구의1동397,1,,서울특별시 광진구 구의동 241-82,37.5401761964,127.0868458811,,건축물,02-450-7873,서울특별시 광진구청,2025-12-23
구의1동398,1,,서울특별시 광진구 구의동 241-13,37.53996791,127.0870236,,한전주,02-450-7873,서울특별시 광진구청,2025-12-23
구의1동399,1,,서울특별시 광진구 구의동 241-14,37.53986442,127.0870142,,건축물,02-450-7873,서울특별시 광진구청,2025-12-23
구의1동400,1,,서울특별시 광진구 구의동 241-77,37.54008317,127.087248673,,전용주,02-450-7873,서울특별시 광진구청,2025-12-23
구의1동401,1,,서울특별시 광진구 구의동 241-80,37.5401378962,127.0871856,,한전주,02-450-7873,서울특별시 광진구청,2025-12-23
구의1동402,1,,서울특별시 광진구 구의동 241-81,37.54016044,127.0869446,,한전주,02-450-7873,서울특별시 광진구청,2025-12-23
구의1동403,1,,서울특별시 광진구 구의동 248-140,37.54035648,127.0864871,,한전주,02-450-7873,서울특별시 광진구청,2025-12-23
구의1동404,1,,서울특별시 광진구 구의동 241-27,37.5407327,127.0872022,,한전주,02-450-7873,서울특별시 광진구청,2025-12-23
구의1동405,1,,서울특별시 광진구 구의동 241-1,37.54083714,127.0872616,,한전주,02-450-7873,서울특별시 광진구청,2025-12-23
구의1동406,1,,서울특별시 광진구 구의동 240-22,37.54118117,127.0874542,,건축물,02-450-7873,서울특별시 광진구청,2025-12-23
구의1동407,1,,서울특별시 광진구 구의동 240-21,37.541237,127.0875032,,한전주,02-450-7873,서울특별시 광진구청,2025-12-23
구의1동408,1,,서울특별시 광진구 구의동 240-19,37.5414550629,127.0875446,,전용주,02-450-7873,서울특별시 광진구청,2025-12-23
구의1동409,1,,서울특별시 광진구 구의동 241-94,37.54078533,127.0873747,,한전주,02-450-7873,서울특별시 광진구청,2025-12-23
구의1동410,1,,서울특별시 광진구 구의동 241-2,37.54077817,127.0875078,,전용주,02-450-7873,서울특별시 광진구청,2025-12-23
구의1동411,1,,서울특별시 광진구 구의동 241-95,37.54069917,127.0872996186,,한전주,02-450-7873,서울특별시 광진구청,2025-12-23
구의1동412,1,,서울특별시 광진구 구의동 241-25,37.54046027,127.0871782867,,,02-450-7873,서울특별시 광진구청,2025-12-23
구의1동413,1,,서울특별시 광진구 구의동 241-65,37.5402544227,127.0874298277,,한전주,02-450-7873,서울특별시 광진구청,2025-12-23
구의1동414,1,,서울특별시 광진구 구의동 241-59,37.54007017,127.0875256,,건축물,02-450-7873,서울특별시 광진구청,2025-12-23
구의1동415,1,,서울특별시 광진구 구의동 241-44,37.5405103477,127.0877206,,건축물,02-450-7873,서울특별시 광진구청,2025-12-23
구의1동416,1,,서울특별시 광진구 구의동 241-50,37.5406994487,127.0876429581,,한전주,02-450-7873,서울특별시 광진구청,2025-12-23
구의1동417,1,,서울특별시 광진구 구의동 656,37.541287657,127.0878373627,,전용주,02-450-7873,서울특별시 광진구청,2025-12-23
구의1동418,1,,서울특별시 광진구 구의동 656,37.541287657,127.0878373627,,,02-450-7873,서울특별시 광진구청,2025-12-23
구의1동419,1,,서울특별시 광진구 구의동 241-42,37.5405938976,127.0879444948,,한전주,02-450-7873,서울특별시 광진구청,2025-12-23
구의1동420,1,,서울특별시 광진구 구의동 241-41,37.5404699698,127.0878777035,,건축물,02-450-7873,서울특별시 광진구청,2025-12-23
구의1동421,1,,서울특별시 광진구 구의동 241-56,37.5401989211,127.0877942199,,한전주,02-450-7873,서울특별시 광진구청,2025-12-23
구의1동422,1,,서울특별시 광진구 구의동 241-100,37.540117828,127.0881216,,,02-450-7873,서울특별시 광진구청,2025-12-23
구의1동423,1,,서울특별시 광진구 구의동 241-7,37.54009602,127.0884036,,한전주,02-450-7873,서울특별시 광진구청,2025-12-23
구의1동424,1,,서울특별시 광진구 구의동 241-7,37.54009602,127.0884134,,한전주,02-450-7873,서울특별시 광진구청,2025-12-23
구의1동425,1,,서울특별시 광진구 구의동 241-96,37.5403974273,127.0884971177,,건축물,02-450-7873,서울특별시 광진구청,2025-12-23
구의1동426,1,,서울특별시 광진구 구의동 241-96,37.5403974273,127.0884971177,,한전주,02-450-7873,서울특별시 광진구청,2025-12-23
구의1동427,1,,서울특별시 광진구 구의동 241-5,37.54042615,127.0883961,,건축물,02-450-7873,서울특별시 광진구청,2025-12-23
구의1동428,1,,서울특별시 광진구 구의동 656,37.541287657,127.0878373627,,,02-450-7873,서울특별시 광진구청,2025-12-23
구의1동429,1,,서울특별시 광진구 구의동 222-52,37.54067835,127.0887527,,한전주,02-450-7873,서울특별시 광진구청,2025-12-23
구의1동430,1,,서울특별시 광진구 구의동 222-49,37.540781049,127.0887690207,,한전주,02-450-7873,서울특별시 광진구청,2025-12-23
구의1동431,1,,서울특별시 광진구 구의동 222-5,37.54103319,127.0888293,,한전주,02-450-7873,서울특별시 광진구청,2025-12-23
구의1동432,1,,서울특별시 광진구 구의동 222-67,37.5411349,127.0888534,,한전주,02-450-7873,서울특별시 광진구청,2025-12-23
구의1동433,1,,서울특별시 광진구 구의동 240-25,37.54133017,127.0886126,,전용주,02-450-7873,서울특별시 광진구청,2025-12-23
구의1동434,1,,서울특별시 광진구 구의동 240-26,37.54138217,127.0885637,,전용주,02-450-7873,서울특별시 광진구청,2025-12-23
구의1동435,1,,서울특별시 광진구 구의동 240-35,37.54148817,127.0880685115,,전용주,02-450-7873,서울특별시 광진구청,2025-12-23
구의1동436,1,,서울특별시 광진구 구의동 240-32,37.5415553,127.0882126,,전용주,02-450-7873,서울특별시 광진구청,2025-12-23
구의1동437,1,,서울특별시 광진구 구의동 240-29,37.5415383255,127.0884957,,한전주,02-450-7873,서울특별시 광진구청,2025-12-23
구의1동438,1,,서울특별시 광진구 구의동 222-64,37.54154617,127.0889404,,한전주,02-450-7873,서울특별시 광진구청,2025-12-23
구의1동439,1,,서울특별시 광진구 구의동 222-63,37.54149388,127.0890356,,한전주,02-450-7873,서울특별시 광진구청,2025-12-23
구의1동440,1,,서울특별시 광진구 구의동 222-4,37.54148547,127.0892251,,건축물,02-450-7873,서울특별시 광진구청,2025-12-23
구의1동441,1,,서울특별시 광진구 구의동 222-60,37.5411205735,127.0889715121,,,02-450-7873,서울특별시 광진구청,2025-12-23
구의1동442,1,,서울특별시 광진구 구의동 222-41,37.540860011,127.0890566,,한전주,02-450-7873,서울특별시 광진구청,2025-12-23
구의1동443,1,,서울특별시 광진구 구의동 222-54,37.54057917,127.088844,,건축물,02-450-7873,서울특별시 광진구청,2025-12-23
구의1동444,1,,서울특별시 광진구 구의동 248-2,37.5408806,127.086754,,한전주,02-450-7873,서울특별시 광진구청,2025-12-23
구의1동445,1,,서울특별시 광진구 구의동 248-30,37.54087751,127.0866317,,,02-450-7873,서울특별시 광진구청,2025-12-23
구의1동446,1,,서울특별시 광진구 구의동 248-77,37.5409775,127.0867902,,,02-450-7873,서울특별시 광진구청,2025-12-23
구의1동447,1,,서울특별시 광진구 구의동 249-44,37.54137917,127.0869425,,한전주,02-450-7873,서울특별시 광진구청,2025-12-23
구의1동448,1,,서울특별시 광진구 구의동 238-1,37.54192936,127.0869731,,한전주,02-450-7873,서울특별시 광진구청,2025-12-23
구의1동449,1,,서울특별시 광진구 구의동 249-23,37.5414869655,127.0868689,,한전주,02-450-7873,서울특별시 광진구청,2025-12-23
구의1동450,1,,서울특별시 광진구 구의동 249-22,37.54115369,127.0868451,,한전주,02-450-7873,서울특별시 광진구청,2025-12-23
구의1동451,1,,서울특별시 광진구 구의동 248-74,37.54106782,127.0864825,,건축물,02-450-7873,서울특별시 광진구청,2025-12-23
구의1동452,1,,서울특별시 광진구 구의동 249-33,37.5415312771,127.0865084486,,한전주,02-450-7873,서울특별시 광진구청,2025-12-23
구의1동453,1,,서울특별시 광진구 구의동 238-1,37.54196217,127.0869731,,한전주,02-450-7873,서울특별시 광진구청,2025-12-23
구의1동454,1,,서울특별시 광진구 구의동 249-16,37.54188137,127.0863117,,한전주,02-450-7873,서울특별시 광진구청,2025-12-23
구의1동455,1,,서울특별시 광진구 구의동 249-16,37.54189317,127.0863376,,,02-450-7873,서울특별시 광진구청,2025-12-23
구의1동456,1,,서울특별시 광진구 구의동 249-5,37.54167717,127.0863236,,한전주,02-450-7873,서울특별시 광진구청,2025-12-23
구의1동457,1,,서울특별시 광진구 구의동 249-37,37.5413909755,127.0862276,,한전주,02-450-7873,서울특별시 광진구청,2025-12-23
구의1동458,1,,서울특별시 광진구 구의동 249-34,37.54139417,127.0864449,,한전주,02-450-7873,서울특별시 광진구청,2025-12-23
구의1동459,1,,서울특별시 광진구 구의동 249-38,37.5414190491,127.0860136,,한전주,02-450-7873,서울특별시 광진구청,2025-12-23
구의1동460,1,,서울특별시 광진구 구의동 249-21,37.54155717,127.0857311,,한전주,02-450-7873,서울특별시 광진구청,2025-12-23
구의1동461,1,,서울특별시 광진구 구의동 249-10,37.54192417,127.0861728211,,건축물,02-450-7873,서울특별시 광진구청,2025-12-23
구의1동462,1,,서울특별시 광진구 구의동 249-10,37.5419090413,127.0861414,,건축물,02-450-7873,서울특별시 광진구청,2025-12-23
구의1동463,1,,서울특별시 광진구 구의동 249-18,37.54187617,127.0858466006,,한전주,02-450-7873,서울특별시 광진구청,2025-12-23
구의1동464,1,,서울특별시 광진구 구의동 248-12,37.54125923,127.0855713,,,02-450-7873,서울특별시 광진구청,2025-12-23
구의1동465,1,,서울특별시 광진구 구의동 248-86,37.54102747,127.0854786,,전용주,02-450-7873,서울특별시 광진구청,2025-12-23
구의1동466,1,,서울특별시 광진구 구의동 248-15,37.5406730491,127.0855146,,건축물,02-450-7873,서울특별시 광진구청,2025-12-23
구의1동467,1,,서울특별시 광진구 구의동 248-89,37.54054685,127.0855065,,건축물,02-450-7873,서울특별시 광진구청,2025-12-23
구의1동468,1,,서울특별시 광진구 구의동 248-91,37.5403341,127.0854248,,,02-450-7873,서울특별시 광진구청,2025-12-23
구의1동469,1,,서울특별시 광진구 구의동 248-52,37.54012357,127.0852196,,한전주,02-450-7873,서울특별시 광진구청,2025-12-23
구의1동470,1,,서울특별시 광진구 구의동 248-51,37.54008779,127.0853826,,한전주,02-450-7873,서울특별시 광진구청,2025-12-23
구의1동471,1,,서울특별시 광진구 구의동 248-48,37.54027842,127.0856256,,건축물,02-450-7873,서울특별시 광진구청,2025-12-23
구의1동472,1,,서울특별시 광진구 구의동 248-128,37.54028017,127.0859216,,건축물,02-450-7873,서울특별시 광진구청,2025-12-23
구의1동473,1,,서울특별시 광진구 구의동 248-129,37.54032629,127.0860046,,한전주,02-450-7873,서울특별시 광진구청,2025-12-23
구의1동474,1,,서울특별시 광진구 구의동 248-26,37.54039756,127.0856233,,한전주,02-450-7873,서울특별시 광진구청,2025-12-23
구의1동475,1,,서울특별시 광진구 구의동 248-26,37.54039756,127.0856233,,건축물,02-450-7873,서울특별시 광진구청,2025-12-23
구의1동476,1,,서울특별시 광진구 구의동 248-90,37.5404384051,127.0854266,,건축물,02-450-7873,서울특별시 광진구청,2025-12-23
구의1동477,1,,서울특별시 광진구 구의동 248-91,37.5403341,127.0854248,,건축물,02-450-7873,서울특별시 광진구청,2025-12-23
구의1동478,1,,서울특별시 광진구 구의동 248-107,37.54068249,127.0858305,,건축물,02-450-7873,서울특별시 광진구청,2025-12-23
구의1동479,1,,서울특별시 광진구 구의동 248-116,37.54058229,127.086096,,한전주,02-450-7873,서울특별시 광진구청,2025-12-23
구의1동481,1,,서울특별시 광진구 구의동 248-69,37.54105311,127.0858838,,건축물,02-450-7873,서울특별시 광진구청,2025-12-23
구의1동483,1,,서울특별시 광진구 구의동 248-37,37.5408283517,127.0862126,,한전주,02-450-7873,서울특별시 광진구청,2025-12-23
구의1동484,1,,서울특별시 광진구 구의동 248-112,37.54066073,127.0863296,,한전주,02-450-7873,서울특별시 광진구청,2025-12-23
구의1동485,1,,서울특별시 광진구 구의동 248-114,37.54045986,127.0863166,,건축물,02-450-7873,서울특별시 광진구청,2025-12-23
구의1동486,1,,서울특별시 광진구 구의동 248-119,37.54037267,127.0862758,,한전주,02-450-7873,서울특별시 광진구청,2025-12-23
구의1동487,1,,서울특별시 광진구 구의동 248-128,37.54022217,127.0859568,,한전주,02-450-7873,서울특별시 광진구청,2025-12-23
구의1동488,1,,서울특별시 광진구 구의동 248-125,37.5401105967,127.0860154513,,건축물,02-450-7873,서울특별시 광진구청,2025-12-23
구의1동489,1,,서울특별시 광진구 구의동 248-126,37.53999617,127.0858296,,한전주,02-450-7873,서울특별시 광진구청,2025-12-23
구의1동490,1,,서울특별시 광진구 구의동 248-40,37.5399143568,127.0856395,,건축물,02-450-7873,서울특별시 광진구청,2025-12-23
구의1동491,1,,서울특별시 광진구 구의동 257-91,37.539615526,127.0858301676,,한전주,02-450-7873,서울특별시 광진구청,2025-12-23
구의1동492,1,,서울특별시 광진구 구의동 248-8,37.53979698,127.0859614,,,02-450-7873,서울특별시 광진구청,2025-12-23
구의1동493,1,,서울특별시 광진구 구의동 257-1,37.5396505108,127.0862406,,건축물,02-450-7873,서울특별시 광진구청,2025-12-23
구의1동494,1,,서울특별시 광진구 구의동 248-23,37.5404742619,127.0865116,,전용주,02-450-7873,서울특별시 광진구청,2025-12-23
구의1동495,1,,서울특별시 광진구 구의동 257-47,37.5394030314,127.0856355339,,전용주,02-450-7873,서울특별시 광진구청,2025-12-23
구의1동496,1,,서울특별시 광진구 구의동 257-29,37.5393918552,127.0860126469,,건축물,02-450-7873,서울특별시 광진구청,2025-12-23
구의1동497,1,,서울특별시 광진구 구의동 257-30,37.5393654855,127.0858056,,전용주,02-450-7873,서울특별시 광진구청,2025-12-23
구의1동498,1,,서울특별시 광진구 구의동 257-38,37.5395707311,127.0854306,,전용주,02-450-7873,서울특별시 광진구청,2025-12-23
구의1동499,1,,서울특별시 광진구 구의동 257-44,37.539390365,127.0852097396,,한전주,02-450-7873,서울특별시 광진구청,2025-12-23
구의1동500,1,,서울특별시 광진구 구의동 257-39,37.5395801149,127.0853354381,,한전주,02-450-7873,서울특별시 광진구청,2025-12-23
구의1동501,1,,서울특별시 광진구 구의동 248-130,37.53988167,127.0854668,,한전주,02-450-7873,서울특별시 광진구청,2025-12-23
구의1동502,1,,서울특별시 광진구 구의동 248-136,37.53985346,127.0852016,,전용주,02-450-7873,서울특별시 광진구청,2025-12-23
구의1동503,1,,서울특별시 광진구 구의동 248-138,37.53974135,127.0850211,,건축물,02-450-7873,서울특별시 광진구청,2025-12-23
구의1동504,1,,서울특별시 광진구 구의동 257-46,37.5393989005,127.0854486,,건축물,02-450-7873,서울특별시 광진구청,2025-12-23
구의1동505,1,,서울특별시 광진구 구의동 257-80,37.53939717,127.0861386,,건축물,02-450-7873,서울특별시 광진구청,2025-12-23
구의1동506,1,,서울특별시 광진구 구의동 257-27,37.53919717,127.0861566,,한전주,02-450-7873,서울특별시 광진구청,2025-12-23
구의1동507,1,,서울특별시 광진구 구의동 257-84,37.53895617,127.086209759,,한전주,02-450-7873,서울특별시 광진구청,2025-12-23
구의1동508,1,,서울특별시 광진구 구의동 257-106,37.53855417,127.0862164432,,한전주,02-450-7873,서울특별시 광진구청,2025-12-23
구의1동509,1,,서울특별시 광진구 구의동 257-131,37.5384077454,127.0856926667,,건축물,02-450-7873,서울특별시 광진구청,2025-12-23
구의1동510,1,,서울특별시 광진구 구의동 257-58,37.5386651716,127.0856782521,,한전주,02-450-7873,서울특별시 광진구청,2025-12-23
구의1동511,1,,서울특별시 광진구 구의동 257-56,37.53894317,127.0856603238,,한전주,02-450-7873,서울특별시 광진구청,2025-12-23
구의1동512,1,,서울특별시 광진구 구의동 257-34,37.5390826511,127.0858376,,전용주,02-450-7873,서울특별시 광진구청,2025-12-23
구의1동513,1,,서울특별시 광진구 구의동 257-94,37.53929917,127.0855093058,,건축물,02-450-7873,서울특별시 광진구청,2025-12-23
구의1동514,1,,서울특별시 광진구 구의동 257-96,37.53926817,127.0852158953,,전용주,02-450-7873,서울특별시 광진구청,2025-12-23
구의1동515,1,,서울특별시 광진구 구의동 257-62,37.5389535266,127.0855055781,,한전주,02-450-7873,서울특별시 광진구청,2025-12-23
구의1동516,1,,서울특별시 광진구 구의동 257-67,37.5387690491,127.0853156181,,전용주,02-450-7873,서울특별시 광진구청,2025-12-23
구의1동517,1,,서울특별시 광진구 구의동 257-135,37.53852906,127.08551324,,한전주,02-450-7873,서울특별시 광진구청,2025-12-23
구의1동518,1,,서울특별시 광진구 구의동 257-76,37.538511684,127.0851766,,건축물,02-450-7873,서울특별시 광진구청,2025-12-23
구의1동519,1,,서울특별시 광진구 구의동 257-21,37.53839525,127.0853478,,한전주,02-450-7873,서울특별시 광진구청,2025-12-23
구의1동520,1,,서울특별시 광진구 구의동 257-24,37.5381613434,127.0851266,,건축물,02-450-7873,서울특별시 광진구청,2025-12-23
구의1동521,1,,서울특별시 광진구 구의동 257-23,37.5381749867,127.0857346042,,건축물,02-450-7873,서울특별시 광진구청,2025-12-23
구의1동522,1,,서울특별시 광진구 구의동 257-23,37.5381749867,127.0857346042,,건축물,02-450-7873,서울특별시 광진구청,2025-12-23
구의1동523,1,,서울특별시 광진구 구의동 257-132,37.5382834938,127.0856977293,,한전주,02-450-7873,서울특별시 광진구청,2025-12-23
구의1동524,1,,서울특별시 광진구 구의동 257-134,37.53840309,127.0855272396,,전용주,02-450-7873,서울특별시 광진구청,2025-12-23
구의1동525,1,,서울특별시 광진구 구의동 246-89,37.5376818,127.0858301,,건축물,02-450-7873,서울특별시 광진구청,2025-12-23
구의1동526,1,,서울특별시 광진구 구의동 246-93,37.5377941022,127.0862730856,,건축물,02-450-7873,서울특별시 광진구청,2025-12-23
구의1동527,1,,서울특별시 광진구 구의동 246-69,37.53769321,127.0854969,,건축물,02-450-7873,서울특별시 광진구청,2025-12-23
구의1동528,1,,서울특별시 광진구 구의동 246-66,37.53762458,127.085721,,건축물,02-450-7873,서울특별시 광진구청,2025-12-23
구의1동529,1,,서울특별시 광진구 구의동 246-67,37.5376814861,127.0856035533,,건축물,02-450-7873,서울특별시 광진구청,2025-12-23
구의1동530,1,,서울특별시 광진구 구의동 246-5,37.53755717,127.0857033,,,02-450-7873,서울특별시 광진구청,2025-12-23
구의1동531,1,,서울특별시 광진구 구의동 246-42,37.53743417,127.0857642947,,전용주,02-450-7873,서울특별시 광진구청,2025-12-23
구의1동532,1,,서울특별시 광진구 구의동 246-8,37.5376598,127.0851104,,,02-450-7873,서울특별시 광진구청,2025-12-23
구의1동533,1,,서울특별시 광진구 구의동 246-73,37.53753499,127.0853536,,한전주,02-450-7873,서울특별시 광진구청,2025-12-23
구의1동534,1,,서울특별시 광진구 구의동 246-23,37.5374429071,127.0846026,,건축물,02-450-7873,서울특별시 광진구청,2025-12-23
구의1동535,1,,서울특별시 광진구 구의동 246-104,37.53703839,127.0848236,,건축물,02-450-7873,서울특별시 광진구청,2025-12-23
구의1동536,1,,서울특별시 광진구 구의동 246-34,37.5373307118,127.0841588724,,건축물,02-450-7873,서울특별시 광진구청,2025-12-23
구의1동537,1,,서울특별시 광진구 구의동 252-41,37.53784219,127.0838996,,건축물,02-450-7873,서울특별시 광진구청,2025-12-23
구의1동538,1,,서울특별시 광진구 구의동 252-35,37.53769093,127.084294,,한전주,02-450-7873,서울특별시 광진구청,2025-12-23
구의1동539,1,,서울특별시 광진구 구의동 252-120,37.53807717,127.0844236,,한전주,02-450-7873,서울특별시 광진구청,2025-12-23
구의1동540,1,,서울특별시 광진구 구의동 252-28,37.53809586,127.0842166,,건축물,02-450-7873,서울특별시 광진구청,2025-12-23
구의1동541,1,,서울특별시 광진구 구의동 252-29,37.5380966943,127.0841463274,,,02-450-7873,서울특별시 광진구청,2025-12-23
구의1동542,1,,서울특별시 광진구 구의동 252-120,37.5380402,127.0844226,,한전주,02-450-7873,서울특별시 광진구청,2025-12-23
구의1동543,1,,서울특별시 광진구 구의동 252-6,37.53825717,127.0848561695,,,02-450-7873,서울특별시 광진구청,2025-12-23
구의1동544,1,,서울특별시 광진구 구의동 252-114,37.5379452911,127.0846531098,,건축물,02-450-7873,서울특별시 광진구청,2025-12-23
구의1동545,1,,서울특별시 광진구 구의동 252-119,37.53804622,127.0848766,,전용주,02-450-7873,서울특별시 광진구청,2025-12-23
구의1동546,1,,서울특별시 광진구 구의동 252-4,37.53897817,127.0848956,,전용주,02-450-7873,서울특별시 광진구청,2025-12-23
구의1동547,1,,서울특별시 광진구 구의동 252-69,37.53896917,127.0846356,,건축물,02-450-7873,서울특별시 광진구청,2025-12-23
구의1동548,1,,서울특별시 광진구 구의동 252-79,37.5386887,127.0847884,,전용주,02-450-7873,서울특별시 광진구청,2025-12-23
구의1동549,1,,서울특별시 광진구 구의동 252-82,37.5386091276,127.0846446,,건축물,02-450-7873,서울특별시 광진구청,2025-12-23
구의1동550,1,,서울특별시 광진구 구의동 252-83,37.53860248,127.0845255,,건축물,02-450-7873,서울특별시 광진구청,2025-12-23
구의1동551,1,,서울특별시 광진구 구의동 252-3,37.53917679,127.0847658,,전용주,02-450-7873,서울특별시 광진구청,2025-12-23
구의1동552,1,,서울특별시 광진구 구의동 252-61,37.5389958004,127.0843545671,,,02-450-7873,서울특별시 광진구청,2025-12-23
구의1동553,1,,서울특별시 광진구 구의동 252-61,37.5389958004,127.0843186,,한전주,02-450-7873,서울특별시 광진구청,2025-12-23
구의1동554,1,,서울특별시 광진구 구의동 252-72,37.53874729,127.0843526,,한전주,02-450-7873,서울특별시 광진구청,2025-12-23
구의1동555,1,,서울특별시 광진구 구의동 252-102,37.5386253,127.0841133,,전용주,02-450-7873,서울특별시 광진구청,2025-12-23
구의1동556,1,,서울특별시 광진구 구의동 252-127,37.53832387,127.0844301,,한전주,02-450-7873,서울특별시 광진구청,2025-12-23
구의1동557,1,,서울특별시 광진구 구의동 252-123,37.53848621,127.0847286,,건축물,02-450-7873,서울특별시 광진구청,2025-12-23
구의1동558,1,,서울특별시 광진구 구의동 252-104,37.538858019,127.0840046,,건축물,02-450-7873,서울특별시 광진구청,2025-12-23
구의1동559,1,,서울특별시 광진구 구의동 252-67,37.53930317,127.0843256,,한전주,02-450-7873,서울특별시 광진구청,2025-12-23
구의1동560,1,,서울특별시 광진구 구의동 252-63,37.53934427,127.0846222,,건축물,02-450-7873,서울특별시 광진구청,2025-12-23
구의1동561,1,,서울특별시 광진구 구의동 252-1,37.5394964725,127.0847509271,,한전주,02-450-7873,서울특별시 광진구청,2025-12-23
구의1동562,1,,서울특별시 광진구 구의동 252-65,37.53952534,127.084451,,한전주,02-450-7873,서울특별시 광진구청,2025-12-23
구의1동563,1,,서울특별시 광진구 구의동 251-47,37.53977694,127.0843878,,건축물,02-450-7873,서울특별시 광진구청,2025-12-23
구의1동564,1,,서울특별시 광진구 구의동 251-61,37.54004917,127.0844943526,,한전주,02-450-7873,서울특별시 광진구청,2025-12-23
구의1동565,1,,서울특별시 광진구 구의동 251-62,37.5399239,127.0847326,,건축물,02-450-7873,서울특별시 광진구청,2025-12-23
구의1동566,1,,서울특별시 광진구 구의동 251-62,37.5399239,127.0847593,,전용주,02-450-7873,서울특별시 광진구청,2025-12-23
구의1동567,1,,서울특별시 광진구 구의동 251-79,37.54029417,127.084612,,건축물,02-450-7873,서울특별시 광진구청,2025-12-23
구의1동568,1,,서울특별시 광진구 구의동 251-65,37.53989328,127.0842316,,한전주,02-450-7873,서울특별시 광진구청,2025-12-23
구의1동569,1,,서울특별시 광진구 구의동 252-66,37.53950743,127.0842983,,한전주,02-450-7873,서울특별시 광진구청,2025-12-23
구의1동570,1,,서울특별시 광진구 구의동 252-66,37.53950743,127.0842666,,한전주,02-450-7873,서울특별시 광진구청,2025-12-23
구의1동571,1,,서울특별시 광진구 구의동 252-49,37.5394805,127.0838964,,건축물,02-450-7873,서울특별시 광진구청,2025-12-23
구의1동572,1,,서울특별시 광진구 구의동 252-93,37.53946072,127.0835879,,한전주,02-450-7873,서울특별시 광진구청,2025-12-23
구의1동575,1,,서울특별시 광진구 구의동 251-53,37.53966617,127.0834046,,한전주,02-450-7873,서울특별시 광진구청,2025-12-23
구의1동576,1,,서울특별시 광진구 구의동 251-51,37.53964305,127.0836325,,,02-450-7873,서울특별시 광진구청,2025-12-23
구의1동577,1,,서울특별시 광진구 구의동 251-127,37.53969917,127.0839306,,건축물,02-450-7873,서울특별시 광진구청,2025-12-23
구의1동578,1,,서울특별시 광진구 구의동 251-128,37.5397612241,127.0839096,,건축물,02-450-7873,서울특별시 광진구청,2025-12-23
구의1동579,1,,서울특별시 광진구 구의동 251-124,37.53997817,127.083729,,한전주,02-450-7873,서울특별시 광진구청,2025-12-23
구의1동580,1,,서울특별시 광진구 구의동 251-91,37.54016153,127.0839499,,전용주,02-450-7873,서울특별시 광진구청,2025-12-23
구의1동581,1,,서울특별시 광진구 구의동 251-86,37.54037017,127.0839233991,,,02-450-7873,서울특별시 광진구청,2025-12-23
구의1동582,1,,서울특별시 광진구 구의동 251-88,37.5402831081,127.0841592488,,한전주,02-450-7873,서울특별시 광진구청,2025-12-23
구의1동583,1,,서울특별시 광진구 구의동 251-23,37.54049659,127.0842996,,한전주,02-450-7873,서울특별시 광진구청,2025-12-23
구의1동584,1,,서울특별시 광진구 구의동 251-17,37.54067617,127.0843426,,전용주,02-450-7873,서울특별시 광진구청,2025-12-23
구의1동585,1,,서울특별시 광진구 구의동 251-93,37.54057256,127.0839556,,한전주,02-450-7873,서울특별시 광진구청,2025-12-23
구의1동586,1,,서울특별시 광진구 구의동 251-21,37.54077793,127.0837046,,건축물,02-450-7873,서울특별시 광진구청,2025-12-23
구의1동587,1,,서울특별시 광진구 구의동 251-6,37.54060557,127.0845481,,건축물,02-450-7873,서울특별시 광진구청,2025-12-23
구의1동588,1,,서울특별시 광진구 구의동 251-101,37.5407484568,127.0845536,,건축물,02-450-7873,서울특별시 광진구청,2025-12-23
구의1동589,1,,서울특별시 광진구 구의동 251-162,37.5411122516,127.0842217314,,건축물,02-450-7873,서울특별시 광진구청,2025-12-23
구의1동590,1,,서울특별시 광진구 구의동 251-167,37.54094869,127.0842318,,한전주,02-450-7873,서울특별시 광진구청,2025-12-23
구의1동591,1,,서울특별시 광진구 구의동 251-161,37.5413567127,127.0843701681,,한전주,02-450-7873,서울특별시 광진구청,2025-12-23
구의1동592,1,,서울특별시 광진구 구의동 251-16,37.54132617,127.0845489,,한전주,02-450-7873,서울특별시 광진구청,2025-12-23
구의1동593,1,,서울특별시 광진구 구의동 251-14,37.54162931,127.0845116,,한전주,02-450-7873,서울특별시 광진구청,2025-12-23
구의1동594,1,,서울특별시 광진구 구의동 251-14,37.54162931,127.0845116,,한전주,02-450-7873,서울특별시 광진구청,2025-12-23
구의1동595,1,,서울특별시 광진구 구의동 251-154,37.54170417,127.0847906,,,02-450-7873,서울특별시 광진구청,2025-12-23
구의1동596,1,,서울특별시 광진구 구의동 251-14,37.54166517,127.0845116,,건축물,02-450-7873,서울특별시 광진구청,2025-12-23
구의1동597,1,,서울특별시 광진구 구의동 251-14,37.54162931,127.0845116,,전용주,02-450-7873,서울특별시 광진구청,2025-12-23
구의1동598,1,,서울특별시 광진구 구의동 250-15,37.54188617,127.0848676,,한전주,02-450-7873,서울특별시 광진구청,2025-12-23
구의1동599,1,,서울특별시 광진구 구의동 250-17,37.54197317,127.0846536,,한전주,02-450-7873,서울특별시 광진구청,2025-12-23
구의1동601,1,,서울특별시 광진구 구의동 250-21,37.5420966526,127.0842286,,한전주,02-450-7873,서울특별시 광진구청,2025-12-23
구의1동602,1,,서울특별시 광진구 구의동 250-14,37.54199235,127.0849957,,건축물,02-450-7873,서울특별시 광진구청,2025-12-23
구의1동603,1,,서울특별시 광진구 구의동 250-2,37.54185216,127.0853445,,건축물,02-450-7873,서울특별시 광진구청,2025-12-23
구의1동604,1,,서울특별시 광진구 구의동 250-5,37.54178417,127.0852256,,한전주,02-450-7873,서울특별시 광진구청,2025-12-23
구의1동605,1,,서울특별시 광진구 구의동 251-155,37.54139844,127.0851526,,전용주,02-450-7873,서울특별시 광진구청,2025-12-23
구의1동606,1,,서울특별시 광진구 구의동 251-144,37.54138734,127.0849598,,,02-450-7873,서울특별시 광진구청,2025-12-23
구의1동607,1,,서울특별시 광진구 구의동 251-104,37.5410674949,127.0851976,,건축물,02-450-7873,서울특별시 광진구청,2025-12-23
구의1동608,1,,서울특별시 광진구 구의동 251-95,37.54080911,127.0849115,,건축물,02-450-7873,서울특별시 광진구청,2025-12-23
구의1동609,1,,서울특별시 광진구 구의동 251-74,37.5409672,127.0849006,,전용주,02-450-7873,서울특별시 광진구청,2025-12-23
구의1동610,1,,서울특별시 광진구 구의동 251-4,37.5408897779,127.0846261141,,한전주,02-450-7873,서울특별시 광진구청,2025-12-23
구의1동611,1,,서울특별시 광진구 구의동 251-99,37.5406673497,127.0848186,,한전주,02-450-7873,서울특별시 광진구청,2025-12-23
구의1동612,1,,서울특별시 광진구 구의동 251-96,37.5407617,127.0850609,,,02-450-7873,서울특별시 광진구청,2025-12-23
구의1동613,1,,서울특별시 광진구 구의동 251-98,37.54062749,127.085013,,전용주,02-450-7873,서울특별시 광진구청,2025-12-23
구의1동614,1,,서울특별시 광진구 구의동 251-98,37.54062749,127.085013,,전용주,02-450-7873,서울특별시 광진구청,2025-12-23
구의1동615,1,,서울특별시 광진구 구의동 251-78,37.54039017,127.0846509785,,한전주,02-450-7873,서울특별시 광진구청,2025-12-23
구의1동616,1,,서울특별시 광진구 구의동 251-66,37.5400939303,127.0846185388,,전용주,02-450-7873,서울특별시 광진구청,2025-12-23
구의1동617,1,,서울특별시 광진구 구의동 251-82,37.54037117,127.0848972,,전용주,02-450-7873,서울특별시 광진구청,2025-12-23
구의1동618,1,,서울특별시 광진구 구의동 250-4,37.5416636957,127.0854736,,한전주,02-450-7873,서울특별시 광진구청,2025-12-23
구의1동620,1,,서울특별시 광진구 구의동 633-12,37.5445270735,127.0825165693,,,02-450-7873,서울특별시 광진구청,2025-12-23
구의1동622,1,,서울특별시 광진구 구의동 238-1,37.54192936,127.0869731,,,02-450-7873,서울특별시 광진구청,2025-12-23
구의1동623,1,,서울특별시 광진구 구의동 239-86,37.5426559,127.0880040918,,한전주,02-450-7873,서울특별시 광진구청,2025-12-23
구의1동624,1,,서울특별시 광진구 구의동 236-21,37.5423253656,127.0842209088,,한전주,02-450-7873,서울특별시 광진구청,2025-12-23
구의1동625,1,,서울특별시 광진구 구의동 248-8,37.53979698,127.0859129,,전용주,02-450-7873,서울특별시 광진구청,2025-12-23
구의1동626,1,,서울특별시 광진구 구의동 252-45,37.53936858,127.0841589,,,02-450-7873,서울특별시 광진구청,2025-12-23
구의1동627,1,,서울특별시 광진구 구의동 252-63,37.5393242,127.0846821,,건축물,02-450-7873,서울특별시 광진구청,2025-12-23
구의1동628,1,,서울특별시 광진구 구의동 249-34,37.54136383,127.0864449,,건축물,02-450-7873,서울특별시 광진구청,2025-12-23
구의1동629,1,,서울특별시 광진구 구의동 254-63,37.5418746,127.083237115,,건축물,02-450-7873,서울특별시 광진구청,2025-12-23
구의1동630,1,,서울특별시 광진구 구의동 242-21,37.53875143,127.0869117,,한전주,02-450-7873,서울특별시 광진구청,2025-12-23
구의1동631,1,,서울특별시 광진구 구의동 241-80,37.5401378962,127.0871548,,,02-450-7873,서울특별시 광진구청,2025-12-23
구의1동632,1,,서울특별시 광진구 구의동 251-5,37.5405768653,127.0847453609,,한전주,02-450-7873,서울특별시 광진구청,2025-12-23
구의1동633,1,,서울특별시 광진구 구의동 242-60,37.53931365,127.0869947,,건축물,02-450-7873,서울특별시 광진구청,2025-12-23
구의1동634,1,,서울특별시 광진구 구의동 241-89,37.54034085,127.0870161,,,02-450-7873,서울특별시 광진구청,2025-12-23
구의1동635,1,,서울특별시 광진구 구의동 252-29,37.5380966943,127.0841423,,건축물,02-450-7873,서울특별시 광진구청,2025-12-23
구의1동636,1,,서울특별시 광진구 구의동 646-1,37.5431889614,127.083340785,,건축물,02-450-7873,서울특별시 광진구청,2025-12-23
구의1동637,1,,서울특별시 광진구 구의동 242-36,37.53951837,127.0872653,,한전주,02-450-7873,서울특별시 광진구청,2025-12-23
구의1동638,1,,서울특별시 광진구 구의동 241-58,37.5401138273,127.0876047068,,건축물,02-450-7873,서울특별시 광진구청,2025-12-23
구의1동639,1,,서울특별시 광진구 구의동 246-98,37.5375974579,127.0860315,,,02-450-7873,서울특별시 광진구청,2025-12-23
구의1동640,1,,서울특별시 광진구 구의동 633-9,37.5443438445,127.0822091473,,,02-450-7873,서울특별시 광진구청,2025-12-23
구의1동641,1,,서울특별시 광진구 구의동 640-5,37.5440530541,127.0820046944,,한전주,02-450-7873,서울특별시 광진구청,2025-12-23
구의1동642,1,,서울특별시 광진구 구의동 641-1,37.5436894848,127.0817764,,,02-450-7873,서울특별시 광진구청,2025-12-23
구의1동643,1,,서울특별시 광진구 구의동 226-5,37.54341376,127.0902082,,,02-450-7873,서울특별시 광진구청,2025-12-23
구의1동644,1,,서울특별시 광진구 구의동 636-7,37.543544185,127.0831424797,,한전주,02-450-7873,서울특별시 광진구청,2025-12-23
구의1동645,1,,서울특별시 광진구 구의동 252-76,37.5387543283,127.084599388,,한전주,02-450-7873,서울특별시 광진구청,2025-12-23
구의1동646,1,,서울특별시 광진구 구의동 252-128,37.5383274605,127.0845681,,건축물,02-450-7873,서울특별시 광진구청,2025-12-23
구의1동647,1,,서울특별시 광진구 구의동 257-8,37.5388723,127.0863592211,,,02-450-7873,서울특별시 광진구청,2025-12-23
구의1동648,1,,서울특별시 광진구 구의동 252-103,37.53863316,127.0842262,,한전주,02-450-7873,서울특별시 광진구청,2025-12-23
구의1동649,1,,서울특별시 광진구 구의동 243-52,37.5383394689,127.0884766951,,,02-450-7873,서울특별시 광진구청,2025-12-23
구의1동650,1,,서울특별시 광진구 구의동 252-52,37.53917501,127.0846181,,건축물,02-450-7873,서울특별시 광진구청,2025-12-23
구의1동651,1,,서울특별시 광진구 구의동 225-8,37.54281465,127.0896389,,,02-450-7873,서울특별시 광진구청,2025-12-23
구의1동652,1,,서울특별시 광진구 구의동 239-11,37.54259918,127.0887171,,한전주,02-450-7873,서울특별시 광진구청,2025-12-23
구의1동653,1,,서울특별시 광진구 구의동 654-5,37.5417565471,127.082319,,건축물,02-450-7873,서울특별시 광진구청,2025-12-23
구의1동655,1,,서울특별시 광진구 구의동 650-9,37.5424155817,127.0814786601,,,02-450-7873,서울특별시 광진구청,2025-12-23
구의1동656,1,,서울특별시 광진구 구의동 253-34,37.5446810417,127.0841936133,,건축물,02-450-7873,서울특별시 광진구청,2025-12-23
구의1동657,1,,서울특별시 광진구 구의동 252-130,37.53833853,127.084898,,건축물,02-450-7873,서울특별시 광진구청,2025-12-23
구의1동658,1,,서울특별시 광진구 구의동 249-42,37.54155892,127.0870257,,,02-450-7873,서울특별시 광진구청,2025-12-23
구의1동659,1,,서울특별시 광진구 구의동 243-8,37.53782082,127.0869465,,,02-450-7873,서울특별시 광진구청,2025-12-23
구의1동660,1,,서울특별시 광진구 구의동 238-2,37.5423085001,127.0874825507,,건축물,02-450-7873,서울특별시 광진구청,2025-12-23
구의1동661,1,,서울특별시 광진구 구의동 252-23,37.5371719731,127.0835019567,,한전주,02-450-7873,서울특별시 광진구청,2025-12-23
구의1동662,1,,서울특별시 광진구 구의동 243-61,37.53764201,127.0872275,,한전주,02-450-7873,서울특별시 광진구청,2025-12-23
구의1동663,1,,서울특별시 광진구 구의동 251-100,37.54070655,127.084734,,,02-450-7873,서울특별시 광진구청,2025-12-23
구의1동664,1,,서울특별시 광진구 구의동 246-73,37.53753499,127.0853872,,한전주,02-450-7873,서울특별시 광진구청,2025-12-23
구의1동665,1,,서울특별시 광진구 구의동 251-75,37.54090988,127.0851884,,건축물,02-450-7873,서울특별시 광진구청,2025-12-23
구의1동666,1,,서울특별시 광진구 구의동  250-4,37.5416636957,127.0854335398,,건축물,02-450-7873,서울특별시 광진구청,2025-12-23
구의1동667,1,,서울특별시 광진구 구의동 220-34,37.53940671,127.089517,,한전주,02-450-7873,서울특별시 광진구청,2025-12-23
구의1동668,1,,서울특별시 광진구 구의동 220-32,37.539374007,127.0897906,,한전주,02-450-7873,서울특별시 광진구청,2025-12-23
구의1동669,1,,서울특별시 광진구 구의동 233-18,37.5443442,127.0874695,,,02-450-7873,서울특별시 광진구청,2025-12-23
구의2동763,1,,서울특별시 광진구 구의동 77-21,37.5496376,127.0888752,,,02-450-7873,서울특별시 광진구청,2025-12-23
구의2동764,1,,서울특별시 광진구 구의동 88-1,37.5531364746,127.0932759112,,,02-450-7873,서울특별시 광진구청,2025-12-23
구의2동765,1,,서울특별시 광진구 구의동 38-4,37.5489618187,127.0965030366,,전용주,02-450-7873,서울특별시 광진구청,2025-12-23
구의2동001,1,,서울특별시 광진구 구의동 556-6,37.5550617018,127.0934316982,,한전주,02-450-7873,서울특별시 광진구청,2025-12-23
구의2동002,1,,서울특별시 광진구 구의동 558-5,37.5551811489,127.0939175855,,건축물,02-450-7873,서울특별시 광진구청,2025-12-23
구의2동003,1,,서울특별시 광진구 구의동 556-2,37.5554090586,127.0938578897,,건축물,02-450-7873,서울특별시 광진구청,2025-12-23
구의2동004,1,,서울특별시 광진구 구의동 558-1,37.5553244803,127.0941655014,,건축물,02-450-7873,서울특별시 광진구청,2025-12-23
구의2동005,1,,서울특별시 광진구 구의동 555-4,37.55551217,127.0941216,,건축물,02-450-7873,서울특별시 광진구청,2025-12-23
구의2동006,1,,서울특별시 광진구 구의동 554-5,37.5554457461,127.0944018467,,한전주,02-450-7873,서울특별시 광진구청,2025-12-23
구의2동007,1,,서울특별시 광진구 구의동 554-5,37.55544917,127.0944018467,,건축물,02-450-7873,서울특별시 광진구청,2025-12-23
구의2동008,1,,서울특별시 광진구 구의동 554-4,37.5555391419,127.0945616,,한전주,02-450-7873,서울특별시 광진구청,2025-12-23
구의2동009,1,,서울특별시 광진구 구의동 554-1,37.5556548711,127.0947348409,,한전주,02-450-7873,서울특별시 광진구청,2025-12-23
구의2동010,1,,서울특별시 광진구 구의동 549-3,37.55612717,127.0950096,,,02-450-7873,서울특별시 광진구청,2025-12-23
구의2동011,1,,서울특별시 광진구 구의동 549-3,37.5561547991,127.0950031312,,전용주,02-450-7873,서울특별시 광진구청,2025-12-23
구의2동012,1,,서울특별시 광진구 구의동 549-1,37.5561208504,127.0953151098,,전용주,02-450-7873,서울특별시 광진구청,2025-12-23
구의2동013,1,,서울특별시 광진구 구의동 552-1,37.5558516603,127.0955036542,,한전주,02-450-7873,서울특별시 광진구청,2025-12-23
구의2동014,1,,서울특별시 광진구 구의동 551-2,37.5559427431,127.0952905505,,한전주,02-450-7873,서울특별시 광진구청,2025-12-23
구의2동015,1,,서울특별시 광진구 구의동 552-2,37.55579517,127.0956529851,,건축물,02-450-7873,서울특별시 광진구청,2025-12-23
구의2동016,1,,서울특별시 광진구 구의동 552-2,37.5557172007,127.0956796,,건축물,02-450-7873,서울특별시 광진구청,2025-12-23
구의2동018,1,,서울특별시 광진구 구의동 551-4,37.5557008387,127.0950386,,한전주,02-450-7873,서울특별시 광진구청,2025-12-23
구의2동019,1,,서울특별시 광진구 구의동 554-2,37.5555369265,127.0948521657,,한전주,02-450-7873,서울특별시 광진구청,2025-12-23
구의2동020,1,,서울특별시 광진구 구의동 554-3,37.55546317,127.0946746,,한전주,02-450-7873,서울특별시 광진구청,2025-12-23
구의2동021,1,,서울특별시 광진구 구의동 558-2,37.5551687416,127.0942237026,,한전주,02-450-7873,서울특별시 광진구청,2025-12-23
구의2동022,1,,서울특별시 광진구 구의동 559-1,37.5550727173,127.094421634,,,02-450-7873,서울특별시 광진구청,2025-12-23
구의2동023,1,,서울특별시 광진구 구의동 558-7,37.5550180806,127.0939022157,,한전주,02-450-7873,서울특별시 광진구청,2025-12-23
구의2동024,1,,서울특별시 광진구 구의동 559-7,37.5547999375,127.0941431122,,건축물,02-450-7873,서울특별시 광진구청,2025-12-23
구의2동025,1,,서울특별시 광진구 구의동 16-16,37.5547454,127.0944025,,한전주,02-450-7873,서울특별시 광진구청,2025-12-23
구의2동026,1,,서울특별시 광진구 구의동 16-7,37.55478781,127.0945519,,전용주,02-450-7873,서울특별시 광진구청,2025-12-23
구의2동027,1,,서울특별시 광진구 구의동 560-9,37.5549389718,127.0948057993,,한전주,02-450-7873,서울특별시 광진구청,2025-12-23
구의2동028,1,,서울특별시 광진구 구의동 560-10,37.5550041853,127.0949412364,,전용주,02-450-7873,서울특별시 광진구청,2025-12-23
구의2동029,1,,서울특별시 광진구 구의동 560-10,37.5550041853,127.0949706,,한전주,02-450-7873,서울특별시 광진구청,2025-12-23
구의2동030,1,,서울특별시 광진구 구의동 553-2,37.5553068089,127.0950798046,,전용주,02-450-7873,서울특별시 광진구청,2025-12-23
구의2동031,1,,서울특별시 광진구 구의동 552-6,37.5554198541,127.0953066,,전용주,02-450-7873,서울특별시 광진구청,2025-12-23
구의2동032,1,,서울특별시 광진구 구의동 16-19,37.55468817,127.0944338,,한전주,02-450-7873,서울특별시 광진구청,2025-12-23
구의2동033,1,,서울특별시 광진구 구의동 143-11,37.55440685,127.0949616,,한전주,02-450-7873,서울특별시 광진구청,2025-12-23
구의2동034,1,,서울특별시 광진구 구의동 22-1,37.55436656,127.0952396,,한전주,02-450-7873,서울특별시 광진구청,2025-12-23
구의2동035,1,,서울특별시 광진구 구의동 22-12,37.5543548886,127.0955036,,한전주,02-450-7873,서울특별시 광진구청,2025-12-23
구의2동036,1,,서울특별시 광진구 구의동 22-1,37.55437917,127.0952696,,전용주,02-450-7873,서울특별시 광진구청,2025-12-23
구의2동037,1,,서울특별시 광진구 구의동 22-4,37.55417017,127.0950664631,,한전주,02-450-7873,서울특별시 광진구청,2025-12-23
구의2동038,1,,서울특별시 광진구 구의동 22-22,37.55386621,127.0951839,,건축물,02-450-7873,서울특별시 광진구청,2025-12-23
구의2동039,1,,서울특별시 광진구 구의동 22-22,37.55387317,127.0951876,,전용주,02-450-7873,서울특별시 광진구청,2025-12-23
구의2동040,1,,서울특별시 광진구 구의동 22-27,37.55365808,127.0954466,,,02-450-7873,서울특별시 광진구청,2025-12-23
구의2동041,1,,서울특별시 광진구 구의동 22-18,37.55415617,127.0955446,,건축물,02-450-7873,서울특별시 광진구청,2025-12-23
구의2동042,1,,서울특별시 광진구 구의동 22-20,37.55435117,127.0957456,,한전주,02-450-7873,서울특별시 광진구청,2025-12-23
구의2동043,1,,서울특별시 광진구 구의동 22-20,37.55434833,127.0957415,,한전주,02-450-7873,서울특별시 광진구청,2025-12-23
구의2동044,1,,서울특별시 광진구 구의동 21-1,37.55432147,127.0959916,,한전주,02-450-7873,서울특별시 광진구청,2025-12-23
구의2동045,1,,서울특별시 광진구 구의동 20-12,37.55469517,127.0958266,,건축물,02-450-7873,서울특별시 광진구청,2025-12-23
구의2동046,1,,서울특별시 광진구 구의동 19-1,37.5543745158,127.0962302554,,한전주,02-450-7873,서울특별시 광진구청,2025-12-23
구의2동047,1,,서울특별시 광진구 구의동 20-17,37.55456117,127.0964665,,건축물,02-450-7873,서울특별시 광진구청,2025-12-23
구의2동048,1,,서울특별시 광진구 구의동 16-30,37.55496117,127.0967286,,한전주,02-450-7873,서울특별시 광진구청,2025-12-23
구의2동049,1,,서울특별시 광진구 구의동 16-31,37.55497107,127.0969816,,전용주,02-450-7873,서울특별시 광진구청,2025-12-23
구의2동050,1,,서울특별시 광진구 구의동 16-34,37.55497217,127.0971112,,전용주,02-450-7873,서울특별시 광진구청,2025-12-23
구의2동051,1,,서울특별시 광진구 구의동 17-3,37.55469473,127.0972233,,전용주,02-450-7873,서울특별시 광진구청,2025-12-23
구의2동052,1,,서울특별시 광진구 구의동 17-1,37.55478453,127.0968221,,건축물,02-450-7873,서울특별시 광진구청,2025-12-23
구의2동053,1,,서울특별시 광진구 구의동 19-1,37.55439417,127.0962746,,한전주,02-450-7873,서울특별시 광진구청,2025-12-23
구의2동054,1,,서울특별시 광진구 구의동 21-19,37.55428317,127.0960768,,건축물,02-450-7873,서울특별시 광진구청,2025-12-23
구의2동055,1,,서울특별시 광진구 구의동 21-30,37.55390865,127.0960671,,한전주,02-450-7873,서울특별시 광진구청,2025-12-23
구의2동056,1,,서울특별시 광진구 구의동 21-25,37.55375433,127.0958016,,건축물,02-450-7873,서울특별시 광진구청,2025-12-23
구의2동057,1,,서울특별시 광진구 구의동 21-8,37.5539244934,127.0964194645,,한전주,02-450-7873,서울특별시 광진구청,2025-12-23
구의2동058,1,,서울특별시 광진구 구의동 21-9,37.55382153,127.0963885,,한전주,02-450-7873,서울특별시 광진구청,2025-12-23
구의2동059,1,,서울특별시 광진구 구의동 21-11,37.55351575,127.0960536,,한전주,02-450-7873,서울특별시 광진구청,2025-12-23
구의2동060,1,,서울특별시 광진구 구의동 23-22,37.55331594,127.0957837,,건축물,02-450-7873,서울특별시 광진구청,2025-12-23
구의2동061,1,,서울특별시 광진구 구의동 23-43,37.5532303504,127.0958840685,,전용주,02-450-7873,서울특별시 광진구청,2025-12-23
구의2동062,1,,서울특별시 광진구 구의동 23-13,37.55303633,127.0962603,,한전주,02-450-7873,서울특별시 광진구청,2025-12-23
구의2동063,1,,서울특별시 광진구 구의동 23-35,37.5531285478,127.096535004,,한전주,02-450-7873,서울특별시 광진구청,2025-12-23
구의2동064,1,,서울특별시 광진구 구의동 21-38,37.55359817,127.0965837,,한전주,02-450-7873,서울특별시 광진구청,2025-12-23
구의2동065,1,,서울특별시 광진구 구의동 21-36,37.55378317,127.0968128265,,한전주,02-450-7873,서울특별시 광진구청,2025-12-23
구의2동066,1,,서울특별시 광진구 구의동 21-34,37.55385526,127.096685,,한전주,02-450-7873,서울특별시 광진구청,2025-12-23
구의2동067,1,,서울특별시 광진구 구의동 21-36,37.5537337007,127.0968128265,,한전주,02-450-7873,서울특별시 광진구청,2025-12-23
구의2동068,1,,서울특별시 광진구 구의동 23-31,37.55359617,127.0969199318,,한전주,02-450-7873,서울특별시 광진구청,2025-12-23
구의2동069,1,,서울특별시 광진구 구의동 21-39,37.55343122,127.096504,,건축물,02-450-7873,서울특별시 광진구청,2025-12-23
구의2동070,1,,서울특별시 광진구 구의동 662,37.55383544,127.0973526,,한전주,02-450-7873,서울특별시 광진구청,2025-12-23
구의2동071,1,,서울특별시 광진구 구의동 23-29,37.5535035347,127.0972040982,,전용주,02-450-7873,서울특별시 광진구청,2025-12-23
구의2동072,1,,서울특별시 광진구 구의동 81,37.55314695,127.097167,,전용주,02-450-7873,서울특별시 광진구청,2025-12-23
구의2동073,1,,서울특별시 광진구 구의동 81,37.55314695,127.0971686,,한전주,02-450-7873,서울특별시 광진구청,2025-12-23
구의2동074,1,,서울특별시 광진구 구의동 81-3,37.5529449923,127.0968922698,,전용주,02-450-7873,서울특별시 광진구청,2025-12-23
구의2동075,1,,서울특별시 광진구 구의동 81-3,37.55299017,127.0968296,,한전주,02-450-7873,서울특별시 광진구청,2025-12-23
구의2동076,1,,서울특별시 광진구 구의동 34-13,37.5528012264,127.0965986,,전용주,02-450-7873,서울특별시 광진구청,2025-12-23
구의2동077,1,,서울특별시 광진구 구의동 34-13,37.55287617,127.0965214541,,한전주,02-450-7873,서울특별시 광진구청,2025-12-23
구의2동078,1,,서울특별시 광진구 구의동 34-1,37.5526322332,127.0960378911,,한전주,02-450-7873,서울특별시 광진구청,2025-12-23
구의2동079,1,,서울특별시 광진구 구의동 34-6,37.552589542,127.0957246,,전용주,02-450-7873,서울특별시 광진구청,2025-12-23
구의2동080,1,,서울특별시 광진구 구의동 34-8,37.55254561,127.0955006,,한전주,02-450-7873,서울특별시 광진구청,2025-12-23
구의2동081,1,,서울특별시 광진구 구의동 24-10,37.5526539896,127.0952068052,,전용주,02-450-7873,서울특별시 광진구청,2025-12-23
구의2동082,1,,서울특별시 광진구 구의동 23-25,37.55271398,127.0954511,,한전주,02-450-7873,서울특별시 광진구청,2025-12-23
구의2동083,1,,서울특별시 광진구 구의동 24-2,37.552968806,127.0950853221,,한전주,02-450-7873,서울특별시 광진구청,2025-12-23
구의2동084,1,,서울특별시 광진구 구의동 24-23,37.55323608,127.0951524,,한전주,02-450-7873,서울특별시 광진구청,2025-12-23
구의2동085,1,,서울특별시 광진구 구의동 23-19,37.5533767514,127.0954529645,,한전주,02-450-7873,서울특별시 광진구청,2025-12-23
구의2동086,1,,서울특별시 광진구 중곡동 275-11,37.5586835155,127.0837452384,,,02-450-7873,서울특별시 광진구청,2025-12-23
구의2동087,1,,서울특별시 광진구 구의동 23-9,37.5529173,127.0957119,,한전주,02-450-7873,서울특별시 광진구청,2025-12-23
구의2동088,1,,서울특별시 광진구 구의동 23-11,37.5529807739,127.0959236,,한전주,02-450-7873,서울특별시 광진구청,2025-12-23
구의2동089,1,,서울특별시 광진구 구의동 23-2,37.55347783,127.0955776,,한전주,02-450-7873,서울특별시 광진구청,2025-12-23
구의2동090,1,,서울특별시 광진구 구의동 25-37,37.55344827,127.0949145,,한전주,02-450-7873,서울특별시 광진구청,2025-12-23
구의2동091,1,,서울특별시 광진구 구의동 25-35,37.55329817,127.094790107,,한전주,02-450-7873,서울특별시 광진구청,2025-12-23
구의2동092,1,,서울특별시 광진구 구의동 25-3,37.55308317,127.0946556,,한전주,02-450-7873,서울특별시 광진구청,2025-12-23
구의2동093,1,,서울특별시 광진구 구의동 24-25,37.55281596,127.0948206,,건축물,02-450-7873,서울특별시 광진구청,2025-12-23
구의2동094,1,,서울특별시 광진구 구의동 25-5,37.55279717,127.0944114,,,02-450-7873,서울특별시 광진구청,2025-12-23
구의2동095,1,,서울특별시 광진구 구의동 25-5,37.55279717,127.0944526,,한전주,02-450-7873,서울특별시 광진구청,2025-12-23
구의2동096,1,,서울특별시 광진구 구의동 25-5,37.55279717,127.0944114,,한전주,02-450-7873,서울특별시 광진구청,2025-12-23
구의2동097,1,,서울특별시 광진구 구의동 25-6,37.55285808,127.0942166,,한전주,02-450-7873,서울특별시 광진구청,2025-12-23
구의2동098,1,,서울특별시 광진구 구의동 25-8,37.55304096,127.0944356,,,02-450-7873,서울특별시 광진구청,2025-12-23
구의2동099,1,,서울특별시 광진구 구의동 25-9,37.55319517,127.0944306,,한전주,02-450-7873,서울특별시 광진구청,2025-12-23
구의2동100,1,,서울특별시 광진구 구의동 25-34,37.5533371061,127.0946116,,한전주,02-450-7873,서울특별시 광진구청,2025-12-23
구의2동101,1,,서울특별시 광진구 구의동 25-32,37.55357917,127.0948271,,한전주,02-450-7873,서울특별시 광진구청,2025-12-23
구의2동102,1,,서울특별시 광진구 구의동 22-30,37.553657476,127.0950386654,,,02-450-7873,서울특별시 광진구청,2025-12-23
구의2동103,1,,서울특별시 광진구 구의동 22-8,37.55383717,127.0948146,,건축물,02-450-7873,서울특별시 광진구청,2025-12-23
구의2동104,1,,서울특별시 광진구 구의동 22-7,37.553940,127.0947381,,건축물,02-450-7873,서울특별시 광진구청,2025-12-23
구의2동105,1,,서울특별시 광진구 구의동 143-9,37.55430105,127.0947616,,한전주,02-450-7873,서울특별시 광진구청,2025-12-23
구의2동106,1,,서울특별시 광진구 구의동 143-6,37.55406105,127.0945683,,건축물,02-450-7873,서울특별시 광진구청,2025-12-23
구의2동107,1,,서울특별시 광진구 구의동 143-11,37.55449617,127.0949124,,한전주,02-450-7873,서울특별시 광진구청,2025-12-23
구의2동108,1,,서울특별시 광진구 구의동 25-1,37.55372747,127.0946033,,한전주,02-450-7873,서울특별시 광진구청,2025-12-23
구의2동109,1,,서울특별시 광진구 구의동 25-27,37.55356117,127.0944424,,한전주,02-450-7873,서울특별시 광진구청,2025-12-23
구의2동110,1,,서울특별시 광진구 구의동 26-3,37.5535998129,127.0942046,,건축물,02-450-7873,서울특별시 광진구청,2025-12-23
구의2동111,1,,서울특별시 광진구 구의동 25-22,37.5531984643,127.0941586,,한전주,02-450-7873,서울특별시 광진구청,2025-12-23
구의2동112,1,,서울특별시 광진구 구의동 25-15,37.55309312,127.0940586,,전용주,02-450-7873,서울특별시 광진구청,2025-12-23
구의2동113,1,,서울특별시 광진구 구의동 88-1,37.5531566,127.0932759112,,,02-450-7873,서울특별시 광진구청,2025-12-23
구의2동114,1,,서울특별시 광진구 구의동 31-24,37.55294717,127.0932858919,,한전주,02-450-7873,서울특별시 광진구청,2025-12-23
구의2동115,1,,서울특별시 광진구 구의동 31-21,37.55304657,127.0936116,,건축물,02-450-7873,서울특별시 광진구청,2025-12-23
구의2동116,1,,서울특별시 광진구 구의동 26-20,37.55330185,127.093572,,한전주,02-450-7873,서울특별시 광진구청,2025-12-23
구의2동117,1,,서울특별시 광진구 구의동 26-19,37.55346617,127.0937426,,한전주,02-450-7873,서울특별시 광진구청,2025-12-23
구의2동118,1,,서울특별시 광진구 구의동 26-17,37.55373517,127.0939616,,한전주,02-450-7873,서울특별시 광진구청,2025-12-23
구의2동119,1,,서울특별시 광진구 구의동 26-15,37.55405217,127.0941927,,한전주,02-450-7873,서울특별시 광진구청,2025-12-23
구의2동120,1,,서울특별시 광진구 구의동 26-15,37.55407595,127.0941927,,,02-450-7873,서울특별시 광진구청,2025-12-23
구의2동121,1,,서울특별시 광진구 구의동 143-5,37.55414078,127.0944611,,건축물,02-450-7873,서울특별시 광진구청,2025-12-23
구의2동122,1,,서울특별시 광진구 구의동 27-10,37.55432417,127.0940936,,한전주,02-450-7873,서울특별시 광진구청,2025-12-23
구의2동123,1,,서울특별시 광진구 구의동 27-10,37.55435617,127.0940316,,건축물,02-450-7873,서울특별시 광진구청,2025-12-23
구의2동124,1,,서울특별시 광진구 구의동 27-7,37.55416417,127.0938381,,한전주,02-450-7873,서울특별시 광진구청,2025-12-23
구의2동125,1,,서울특별시 광진구 구의동 28-28,37.55378591,127.0936066,,한전주,02-450-7873,서울특별시 광진구청,2025-12-23
구의2동126,1,,서울특별시 광진구 구의동 28-23,37.5537350851,127.0934396,,,02-450-7873,서울특별시 광진구청,2025-12-23
구의2동127,1,,서울특별시 광진구 구의동 28-34,37.5535564669,127.0934016,,전용주,02-450-7873,서울특별시 광진구청,2025-12-23
구의2동128,1,,서울특별시 광진구 구의동 28-36,37.55346817,127.0934293731,,한전주,02-450-7873,서울특별시 광진구청,2025-12-23
구의2동129,1,,서울특별시 광진구 구의동 30-14,37.55320987,127.093213,,전용주,02-450-7873,서울특별시 광진구청,2025-12-23
구의2동130,1,,서울특별시 광진구 구의동 30-15,37.5530917371,127.0931194932,,,02-450-7873,서울특별시 광진구청,2025-12-23
구의2동131,1,,서울특별시 광진구 구의동 28-36,37.55345917,127.0934026,,한전주,02-450-7873,서울특별시 광진구청,2025-12-23
구의2동132,1,,서울특별시 광진구 구의동 88-1,37.5531364746,127.0932759112,,한전주,02-450-7873,서울특별시 광진구청,2025-12-23
구의2동133,1,,서울특별시 광진구 구의동 88-1,37.5531364746,127.0932759112,,,02-450-7873,서울특별시 광진구청,2025-12-23
구의2동134,1,,서울특별시 광진구 구의동 30-5,37.55330968,127.0931706,,건축물,02-450-7873,서울특별시 광진구청,2025-12-23
구의2동135,1,,서울특별시 광진구 구의동 88-1,37.5531364746,127.0932759112,,,02-450-7873,서울특별시 광진구청,2025-12-23
구의2동136,1,,서울특별시 광진구 구의동 28-51,37.55369185,127.0929487,,한전주,02-450-7873,서울특별시 광진구청,2025-12-23
구의2동137,1,,서울특별시 광진구 구의동 28-11,37.55371997,127.0932076,,한전주,02-450-7873,서울특별시 광진구청,2025-12-23
구의2동138,1,,서울특별시 광진구 구의동 28-51,37.55369185,127.0929487,,한전주,02-450-7873,서울특별시 광진구청,2025-12-23
구의2동139,1,,서울특별시 광진구 구의동 28-51,37.55369185,127.0929826,,건축물,02-450-7873,서울특별시 광진구청,2025-12-23
구의2동140,1,,서울특별시 광진구 구의동 28-48,37.55398159,127.0930846,,한전주,02-450-7873,서울특별시 광진구청,2025-12-23
구의2동141,1,,서울특별시 광진구 구의동 28-2,37.5540259958,127.0933506,,한전주,02-450-7873,서울특별시 광진구청,2025-12-23
구의2동142,1,,서울특별시 광진구 구의동 28-44,37.55425407,127.0929514,,한전주,02-450-7873,서울특별시 광진구청,2025-12-23
구의2동143,1,,서울특별시 광진구 구의동 28-44,37.55425617,127.0929346,,한전주,02-450-7873,서울특별시 광진구청,2025-12-23
구의2동144,1,,서울특별시 광진구 구의동 28-41,37.55396217,127.0925993,,한전주,02-450-7873,서울특별시 광진구청,2025-12-23
구의2동145,1,,서울특별시 광진구 구의동 28-40,37.5540244271,127.0924106,,한전주,02-450-7873,서울특별시 광진구청,2025-12-23
구의2동146,1,,서울특별시 광진구 구의동 87-2,37.5544460394,127.092859815,,한전주,02-450-7873,서울특별시 광진구청,2025-12-23
구의2동147,1,,서울특별시 광진구 구의동 28-38,37.5542334515,127.0926096,,한전주,02-450-7873,서울특별시 광진구청,2025-12-23
구의2동148,1,,서울특별시 광진구 구의동 28-1,37.5543587013,127.0927997753,,한전주,02-450-7873,서울특별시 광진구청,2025-12-23
구의2동149,1,,서울특별시 광진구 구의동 27-23,37.5546072997,127.0931516,,한전주,02-450-7873,서울특별시 광진구청,2025-12-23
구의2동150,1,,서울특별시 광진구 구의동 27-22,37.55452349,127.0932677,,,02-450-7873,서울특별시 광진구청,2025-12-23
구의2동151,1,,서울특별시 광진구 구의동 27-28,37.5543530293,127.0934797036,,건축물,02-450-7873,서울특별시 광진구청,2025-12-23
구의2동152,1,,서울특별시 광진구 구의동 27-26,37.55449052,127.0937774,,건축물,02-450-7873,서울특별시 광진구청,2025-12-23
구의2동153,1,,서울특별시 광진구 구의동 29-1,37.55387317,127.0922923,,한전주,02-450-7873,서울특별시 광진구청,2025-12-23
구의2동154,1,,서울특별시 광진구 구의동 29-12,37.55353459,127.0919016,,한전주,02-450-7873,서울특별시 광진구청,2025-12-23
구의2동155,1,,서울특별시 광진구 구의동 29-13,37.5533841292,127.0918305089,,한전주,02-450-7873,서울특별시 광진구청,2025-12-23
구의2동156,1,,서울특별시 광진구 구의동 29-17,37.5532238783,127.0915196,,한전주,02-450-7873,서울특별시 광진구청,2025-12-23
구의2동157,1,,서울특별시 광진구 구의동 51-1,37.55306992,127.0914486,,한전주,02-450-7873,서울특별시 광진구청,2025-12-23
구의2동158,1,,서울특별시 광진구 구의2동 661,37.553032,127.091230,,,02-450-7873,서울특별시 광진구청,2025-12-23
구의2동159,1,,서울특별시 광진구 구의동 51-8,37.55276925,127.0910196,,한전주,02-450-7873,서울특별시 광진구청,2025-12-23
구의2동160,1,,서울특별시 광진구 구의동 53-14,37.5524935748,127.0902906,,한전주,02-450-7873,서울특별시 광진구청,2025-12-23
구의2동161,1,,서울특별시 광진구 구의동 53-10,37.55230395,127.0899281,,한전주,02-450-7873,서울특별시 광진구청,2025-12-23
구의2동162,1,,서울특별시 광진구 구의동 52-19,37.55224749,127.0905136,,한전주,02-450-7873,서울특별시 광진구청,2025-12-23
구의2동163,1,,서울특별시 광진구 구의동 52-7,37.5519106925,127.090710262,,한전주,02-450-7873,서울특별시 광진구청,2025-12-23
구의2동164,1,,서울특별시 광진구 구의동 52-11,37.55215517,127.0909216943,,한전주,02-450-7873,서울특별시 광진구청,2025-12-23
구의2동165,1,,서울특별시 광진구 구의2동 36-16,37.552402,127.090760,,,02-450-7873,서울특별시 광진구청,2025-12-23
구의2동166,1,,서울특별시 광진구 구의동 52-15,37.55265217,127.0906536,,건축물,02-450-7873,서울특별시 광진구청,2025-12-23
구의2동167,1,,서울특별시 광진구 구의동 52-23,37.55176117,127.0907896,,한전주,02-450-7873,서울특별시 광진구청,2025-12-23
구의2동168,1,,서울특별시 광진구 구의동 55-24,37.55152196,127.0908879,,한전주,02-450-7873,서울특별시 광진구청,2025-12-23
구의2동169,1,,서울특별시 광진구 구의동 53-3,37.55166421,127.0905226,,한전주,02-450-7873,서울특별시 광진구청,2025-12-23
구의2동170,1,,서울특별시 광진구 구의동 95-2,37.5516903,127.0908456,,한전주,02-450-7873,서울특별시 광진구청,2025-12-23
구의2동171,1,,서울특별시 광진구 구의동 52-22,37.55180157,127.0910493,,건축물,02-450-7873,서울특별시 광진구청,2025-12-23
구의2동172,1,,서울특별시 광진구 구의동 55-1,37.55162541,127.0913806,,전용주,02-450-7873,서울특별시 광진구청,2025-12-23
구의2동173,1,,서울특별시 광진구 구의동 50-16,37.55195617,127.0914196,,한전주,02-450-7873,서울특별시 광진구청,2025-12-23
구의2동174,1,,서울특별시 광진구 구의동 52-9,37.5518462374,127.0912796,,전용주,02-450-7873,서울특별시 광진구청,2025-12-23
구의2동175,1,,서울특별시 광진구 구의동 50-32,37.55199868,127.0915156,,전용주,02-450-7873,서울특별시 광진구청,2025-12-23
구의2동176,1,,서울특별시 광진구 구의동 50-3,37.5520854388,127.0913559854,,한전주,02-450-7873,서울특별시 광진구청,2025-12-23
구의2동177,1,,서울특별시 광진구 구의2동 43-24,37.552490,127.091250,,,02-450-7873,서울특별시 광진구청,2025-12-23
구의2동178,1,,서울특별시 광진구 구의동 51-19,37.5526762,127.0911472,,건축물,02-450-7873,서울특별시 광진구청,2025-12-23
구의2동179,1,,서울특별시 광진구 구의동 50-1,37.55246261,127.0916876,,한전주,02-450-7873,서울특별시 광진구청,2025-12-23
구의2동180,1,,서울특별시 광진구 구의동 51-3,37.55269717,127.0915444912,,전용주,02-450-7873,서울특별시 광진구청,2025-12-23
구의2동181,1,,서울특별시 광진구 구의동 49-13,37.55257237,127.0918086,,한전주,02-450-7873,서울특별시 광진구청,2025-12-23
구의2동182,1,,서울특별시 광진구 구의동 49-1,37.55270829,127.0919826,,,02-450-7873,서울특별시 광진구청,2025-12-23
구의2동183,1,,서울특별시 광진구 구의동 51-13,37.55298261,127.0915282,,건축물,02-450-7873,서울특별시 광진구청,2025-12-23
구의2동184,1,,서울특별시 광진구 구의동 29-20,37.55313617,127.0920935,,전용주,02-450-7873,서울특별시 광진구청,2025-12-23
구의2동185,1,,서울특별시 광진구 구의동 30-30,37.5528383501,127.0921194397,,한전주,02-450-7873,서울특별시 광진구청,2025-12-23
구의2동186,1,,서울특별시 광진구 구의동 30-26,37.55304977,127.0922966,,한전주,02-450-7873,서울특별시 광진구청,2025-12-23
구의2동187,1,,서울특별시 광진구 구의동 30-39,37.5532273526,127.0925268777,,한전주,02-450-7873,서울특별시 광진구청,2025-12-23
구의2동188,1,,서울특별시 광진구 구의동 30-24,37.553145384,127.0926586,,건축물,02-450-7873,서울특별시 광진구청,2025-12-23
구의2동189,1,,서울특별시 광진구 구의동 30-1,37.55347073,127.0928519,,한전주,02-450-7873,서울특별시 광진구청,2025-12-23
구의2동190,1,,서울특별시 광진구 구의동 30-36,37.55280078,127.0923536,,전용주,02-450-7873,서울특별시 광진구청,2025-12-23
구의2동191,1,,서울특별시 광진구 구의동 30-33,37.55283212,127.0926015,,건축물,02-450-7873,서울특별시 광진구청,2025-12-23
구의2동192,1,,서울특별시 광진구 구의동 30-21,37.55288317,127.0929336,,한전주,02-450-7873,서울특별시 광진구청,2025-12-23
구의2동193,1,,서울특별시 광진구 구의2동 45-26,37.552750,127.092705,,,02-450-7873,서울특별시 광진구청,2025-12-23
구의2동194,1,,서울특별시 광진구 구의동 30-29,37.552700855,127.0924769,,전용주,02-450-7873,서울특별시 광진구청,2025-12-23
구의2동195,1,,서울특별시 광진구 구의동 30-29,37.552700855,127.09246885,,한전주,02-450-7873,서울특별시 광진구청,2025-12-23
구의2동196,1,,서울특별시 광진구 구의동 49-9,37.55243682,127.0922306,,건축물,02-450-7873,서울특별시 광진구청,2025-12-23
구의2동197,1,,서울특별시 광진구 구의동 49-5,37.55243617,127.0919536,,한전주,02-450-7873,서울특별시 광진구청,2025-12-23
구의2동198,1,,서울특별시 광진구 구의동 50-23,37.55204845,127.0918833,,,02-450-7873,서울특별시 광진구청,2025-12-23
구의2동199,1,,서울특별시 광진구 구의동 50-20,37.5521681065,127.0916451183,,건축물,02-450-7873,서울특별시 광진구청,2025-12-23
구의2동200,1,,서울특별시 광진구 구의동 49-4,37.551967583,127.0921036,,한전주,02-450-7873,서울특별시 광진구청,2025-12-23
구의2동201,1,,서울특별시 광진구 구의동 49-4,37.55198617,127.0921646,,한전주,02-450-7873,서울특별시 광진구청,2025-12-23
구의2동202,1,,서울특별시 광진구 구의동 49-3,37.55209817,127.0922874,,한전주,02-450-7873,서울특별시 광진구청,2025-12-23
구의2동203,1,,서울특별시 광진구 구의동 49-4,37.55198117,127.092174273,,한전주,02-450-7873,서울특별시 광진구청,2025-12-23
구의2동206,1,,서울특별시 광진구 구의동 50-15,37.55157217,127.0916946,,건축물,02-450-7873,서울특별시 광진구청,2025-12-23
구의2동207,1,,서울특별시 광진구 구의동 50-17,37.55164217,127.0915456,,전용주,02-450-7873,서울특별시 광진구청,2025-12-23
구의2동208,1,,서울특별시 광진구 구의동 50-17,37.55169917,127.0915434,,건축물,02-450-7873,서울특별시 광진구청,2025-12-23
구의2동209,1,,서울특별시 광진구 구의동 50-17,37.55163254,127.0915126,,건축물,02-450-7873,서울특별시 광진구청,2025-12-23
구의2동210,1,,서울특별시 광진구 구의동 55-11,37.55132806,127.0913076,,한전주,02-450-7873,서울특별시 광진구청,2025-12-23
구의2동211,1,,서울특별시 광진구 구의동 55-18,37.55115731,127.0911726,,건축물,02-450-7873,서울특별시 광진구청,2025-12-23
구의2동212,1,,서울특별시 광진구 구의동 55-18,37.55115731,127.091139,,한전주,02-450-7873,서울특별시 광진구청,2025-12-23
구의2동213,1,,서울특별시 광진구 구의동 55-4,37.55123912,127.0910218,,전용주,02-450-7873,서울특별시 광진구청,2025-12-23
구의2동214,1,,서울특별시 광진구 구의2동 33-20,37.551235,127.091220,,,02-450-7873,서울특별시 광진구청,2025-12-23
구의2동215,1,,서울특별시 광진구 구의동 55-22,37.55108983,127.0914859,,한전주,02-450-7873,서울특별시 광진구청,2025-12-23
구의2동216,1,,서울특별시 광진구 구의동 55-14,37.55119284,127.0915661,,한전주,02-450-7873,서울특별시 광진구청,2025-12-23
구의2동217,1,,서울특별시 광진구 구의동 54-5,37.5505739867,127.0910586,,,02-450-7873,서울특별시 광진구청,2025-12-23
구의2동218,1,,서울특별시 광진구 구의동 54-18,37.55097617,127.0908726,,전용주,02-450-7873,서울특별시 광진구청,2025-12-23
구의2동219,1,,서울특별시 광진구 구의동 57-60,37.5504566,127.0913764,,건축물,02-450-7873,서울특별시 광진구청,2025-12-23
구의2동220,1,,서울특별시 광진구 구의동 57-87,37.55048992,127.0917447,,한전주,02-450-7873,서울특별시 광진구청,2025-12-23
구의2동221,1,,서울특별시 광진구 구의동 57-44,37.5501815685,127.0922506966,,,02-450-7873,서울특별시 광진구청,2025-12-23
구의2동222,1,,서울특별시 광진구 구의동 57-44,37.5501815685,127.092275,,한전주,02-450-7873,서울특별시 광진구청,2025-12-23
구의2동223,1,,서울특별시 광진구 구의동 57-18,37.5501200482,127.0923046,,한전주,02-450-7873,서울특별시 광진구청,2025-12-23
구의2동224,1,,서울특별시 광진구 구의동 57-68,37.55015917,127.0921341,,한전주,02-450-7873,서울특별시 광진구청,2025-12-23
구의2동225,1,,서울특별시 광진구 구의동 57-66,37.55018113,127.0918466,,한전주,02-450-7873,서울특별시 광진구청,2025-12-23
구의2동226,1,,서울특별시 광진구 구의동 57-62,37.55022741,127.0912334,,건축물,02-450-7873,서울특별시 광진구청,2025-12-23
구의2동227,1,,서울특별시 광진구 구의동 57-101,37.5500772356,127.0917336,,,02-450-7873,서울특별시 광진구청,2025-12-23
구의2동228,1,,서울특별시 광진구 구의동 57-75,37.54990459,127.0919196,,한전주,02-450-7873,서울특별시 광진구청,2025-12-23
구의2동229,1,,서울특별시 광진구 구의동 57-78,37.5497877,127.0920742,,한전주,02-450-7873,서울특별시 광진구청,2025-12-23
구의2동230,1,,서울특별시 광진구 구의동 57-22,37.54986765,127.0922406,,한전주,02-450-7873,서울특별시 광진구청,2025-12-23
구의2동231,1,,서울특별시 광진구 구의동 57-5,37.54994017,127.0927692,,건축물,02-450-7873,서울특별시 광진구청,2025-12-23
구의2동232,1,,서울특별시 광진구 구의동 57-4,37.54988217,127.0930385,,전용주,02-450-7873,서울특별시 광진구청,2025-12-23
구의2동233,1,,서울특별시 광진구 구의동 57-19,37.54992179,127.0926206,,건축물,02-450-7873,서울특별시 광진구청,2025-12-23
구의2동234,1,,서울특별시 광진구 구의동 57-20,37.54994541,127.0924874,,건축물,02-450-7873,서울특별시 광진구청,2025-12-23
구의2동235,1,,서울특별시 광진구 구의2동 33-40,37.550278,127.092440,,,02-450-7873,서울특별시 광진구청,2025-12-23
구의2동236,1,,서울특별시 광진구 구의동 57-44,37.5501815685,127.092290,,건축물,02-450-7873,서울특별시 광진구청,2025-12-23
구의2동237,1,,서울특별시 광진구 구의동 57-16,37.5502386539,127.0925181,,전용주,02-450-7873,서울특별시 광진구청,2025-12-23
구의2동238,1,,서울특별시 광진구 구의동 57-54,37.55055317,127.0922591691,,건축물,02-450-7873,서울특별시 광진구청,2025-12-23
구의2동239,1,,서울특별시 광진구 구의2동 48-21,37.550682,127.091980,,,02-450-7873,서울특별시 광진구청,2025-12-23
구의2동240,1,,서울특별시 광진구 구의동 57-49,37.5507196916,127.0917232402,,건축물,02-450-7873,서울특별시 광진구청,2025-12-23
구의2동241,1,,서울특별시 광진구 구의동 57-29,37.5508036389,127.0917696,,건축물,02-450-7873,서울특별시 광진구청,2025-12-23
구의2동242,1,,서울특별시 광진구 구의동 57-46,37.55071561,127.0919836,,한전주,02-450-7873,서울특별시 광진구청,2025-12-23
구의2동243,1,,서울특별시 광진구 구의동 57-11,37.5505738,127.0924166,,한전주,02-450-7873,서울특별시 광진구청,2025-12-23
구의2동244,1,,서울특별시 광진구 구의동 56-6,37.55072017,127.092505,,한전주,02-450-7873,서울특별시 광진구청,2025-12-23
구의2동245,1,,서울특별시 광진구 구의동 57-9,37.5504009,127.0926742,,한전주,02-450-7873,서울특별시 광진구청,2025-12-23
구의2동246,1,,서울특별시 광진구 구의동 57-8,37.5503120305,127.0928016,,건축물,02-450-7873,서울특별시 광진구청,2025-12-23
구의2동247,1,,서울특별시 광진구 구의동 57-8,37.55034017,127.0928244073,,건축물,02-450-7873,서울특별시 광진구청,2025-12-23
구의2동248,1,,서울특별시 광진구 구의동 57-44,37.5501815685,127.0922506966,,한전주,02-450-7873,서울특별시 광진구청,2025-12-23
구의2동249,1,,서울특별시 광진구 구의동 56-17,37.55069917,127.0933205,,한전주,02-450-7873,서울특별시 광진구청,2025-12-23
구의2동250,1,,서울특별시 광진구 구의동 57-7,37.55018017,127.0929896,,한전주,02-450-7873,서울특별시 광진구청,2025-12-23
구의2동251,1,,서울특별시 광진구 구의동 57-120,37.54962049,127.0929747,,전용주,02-450-7873,서울특별시 광진구청,2025-12-23
구의2동252,1,,서울특별시 광진구 구의동 58-16,37.54938717,127.09314105,,전용주,02-450-7873,서울특별시 광진구청,2025-12-23
구의2동253,1,,서울특별시 광진구 구의동 58-12,37.54923417,127.0938276,,한전주,02-450-7873,서울특별시 광진구청,2025-12-23
구의2동254,1,,서울특별시 광진구 구의동 58-12,37.54929876,127.0938571,,전용주,02-450-7873,서울특별시 광진구청,2025-12-23
구의2동255,1,,서울특별시 광진구 구의동 38,37.5491444001,127.0947861247,,전용주,02-450-7873,서울특별시 광진구청,2025-12-23
구의2동256,1,,서울특별시 광진구 구의동 58-16,37.549316088,127.09314105,,한전주,02-450-7873,서울특별시 광진구청,2025-12-23
구의2동257,1,,서울특별시 광진구 구의동 58-11,37.54972617,127.0933599,,한전주,02-450-7873,서울특별시 광진구청,2025-12-23
구의2동258,1,,서울특별시 광진구 구의동 58-38,37.54974117,127.0936776,,건축물,02-450-7873,서울특별시 광진구청,2025-12-23
구의2동259,1,,서울특별시 광진구 구의동 57-3,37.54999017,127.0931144,,전용주,02-450-7873,서울특별시 광진구청,2025-12-23
구의2동260,1,,서울특별시 광진구 구의동 58-11,37.54979588,127.0933336,,한전주,02-450-7873,서울특별시 광진구청,2025-12-23
구의2동261,1,,서울특별시 광진구 구의동 57-2,37.5500880746,127.0932896,,건축물,02-450-7873,서울특별시 광진구청,2025-12-23
구의2동262,1,,서울특별시 광진구 구의동 58-24,37.5497480808,127.0935126,,전용주,02-450-7873,서울특별시 광진구청,2025-12-23
구의2동263,1,,서울특별시 광진구 구의동 58-10,37.54968919,127.0938306,,한전주,02-450-7873,서울특별시 광진구청,2025-12-23
구의2동264,1,,서울특별시 광진구 구의동 58-21,37.54994149,127.0940266,,한전주,02-450-7873,서울특별시 광진구청,2025-12-23
구의2동265,1,,서울특별시 광진구 구의동 46-42,37.55018351,127.0940162,,,02-450-7873,서울특별시 광진구청,2025-12-23
구의2동266,1,,서울특별시 광진구 구의동 46-14,37.5502718183,127.0937716658,,전용주,02-450-7873,서울특별시 광진구청,2025-12-23
구의2동267,1,,서울특별시 광진구 구의동 58-6,37.55019004,127.0934986,,한전주,02-450-7873,서울특별시 광진구청,2025-12-23
구의2동268,1,,서울특별시 광진구 구의동 46-12,37.5503796349,127.0935446,,한전주,02-450-7873,서울특별시 광진구청,2025-12-23
구의2동269,1,,서울특별시 광진구 구의동 46-28,37.55074517,127.0937166,,한전주,02-450-7873,서울특별시 광진구청,2025-12-23
구의2동270,1,,서울특별시 광진구 구의동 46-31,37.55067817,127.0939412721,,건축물,02-450-7873,서울특별시 광진구청,2025-12-23
구의2동271,1,,서울특별시 광진구 구의동 46-7,37.55089912,127.0938386,,건축물,02-450-7873,서울특별시 광진구청,2025-12-23
구의2동272,1,,서울특별시 광진구 구의2동 56-11,37.550896,127.093600,,,02-450-7873,서울특별시 광진구청,2025-12-23
구의2동273,1,,서울특별시 광진구 구의동 56-18,37.55072333,127.0934082,,,02-450-7873,서울특별시 광진구청,2025-12-23
구의2동274,1,,서울특별시 광진구 구의동 47-34,37.55089081,127.0933083,,전용주,02-450-7873,서울특별시 광진구청,2025-12-23
구의2동275,1,,서울특별시 광진구 구의동 56-14,37.55076597,127.0930366,,한전주,02-450-7873,서울특별시 광진구청,2025-12-23
구의2동276,1,,서울특별시 광진구 구의동 56-14,37.55079817,127.0930278,,한전주,02-450-7873,서울특별시 광진구청,2025-12-23
구의2동277,1,,서울특별시 광진구 구의동 47-26,37.55107617,127.0929116,,,02-450-7873,서울특별시 광진구청,2025-12-23
구의2동278,1,,서울특별시 광진구 구의동 56-8,37.55090178,127.0926176,,한전주,02-450-7873,서울특별시 광진구청,2025-12-23
구의2동279,1,,서울특별시 광진구 구의동 56-26,37.5509952,127.0923406,,한전주,02-450-7873,서울특별시 광진구청,2025-12-23
구의2동280,1,,서울특별시 광진구 구의2동 58-6,37.551422,127.092285,,,02-450-7873,서울특별시 광진구청,2025-12-23
구의2동281,1,,서울특별시 광진구 구의동 47-9,37.55165517,127.0922416,,,02-450-7873,서울특별시 광진구청,2025-12-23
구의2동282,1,,서울특별시 광진구 구의동 47-15,37.55139664,127.0923826,,전용주,02-450-7873,서울특별시 광진구청,2025-12-23
구의2동283,1,,서울특별시 광진구 구의동 47-14,37.55135936,127.0924663,,전용주,02-450-7873,서울특별시 광진구청,2025-12-23
구의2동284,1,,서울특별시 광진구 구의동 48-9,37.55168343,127.0924972,,,02-450-7873,서울특별시 광진구청,2025-12-23
구의2동285,1,,서울특별시 광진구 구의동 47-6,37.55147002,127.0925696,,한전주,02-450-7873,서울특별시 광진구청,2025-12-23
구의2동286,1,,서울특별시 광진구 구의동 48-16,37.55160217,127.0927756,,건축물,02-450-7873,서울특별시 광진구청,2025-12-23
구의2동287,1,,서울특별시 광진구 구의2동 57-2,37.551544,127.092896,,,02-450-7873,서울특별시 광진구청,2025-12-23
구의2동288,1,,서울특별시 광진구 구의동 48-22,37.55149117,127.0931029115,,한전주,02-450-7873,서울특별시 광진구청,2025-12-23
구의2동289,1,,서울특별시 광진구 구의동 47-1,37.5511557701,127.0933387784,,한전주,02-450-7873,서울특별시 광진구청,2025-12-23
구의2동290,1,,서울특별시 광진구 구의동 48-21,37.5513521445,127.0932792711,,한전주,02-450-7873,서울특별시 광진구청,2025-12-23
구의2동291,1,,서울특별시 광진구 구의동 46-2,37.55122317,127.0935686,,한전주,02-450-7873,서울특별시 광진구청,2025-12-23
구의2동292,1,,서울특별시 광진구 구의동 46-6,37.55088095,127.0936506,,,02-450-7873,서울특별시 광진구청,2025-12-23
구의2동293,1,,서울특별시 광진구 구의동 48-18,37.55169317,127.0931709,,한전주,02-450-7873,서울특별시 광진구청,2025-12-23
구의2동294,1,,서울특별시 광진구 구의동 33-59,37.55196328,127.0932491,,건축물,02-450-7873,서울특별시 광진구청,2025-12-23
구의2동295,1,,서울특별시 광진구 구의2동 홍련봉공원,37.552070,127.093140,,,02-450-7873,서울특별시 광진구청,2025-12-23
구의2동296,1,,서울특별시 광진구 구의동 48-1,37.55194769,127.0930276,,건축물,02-450-7873,서울특별시 광진구청,2025-12-23
구의2동297,1,,서울특별시 광진구 구의동 31-16,37.55219816,127.0929605,,전용주,02-450-7873,서울특별시 광진구청,2025-12-23
구의2동298,1,,서울특별시 광진구 구의동 48-24,37.55190213,127.0927276,,한전주,02-450-7873,서울특별시 광진구청,2025-12-23
구의2동299,1,,서울특별시 광진구 구의동 88-1,37.5531364746,127.0932759112,,,02-450-7873,서울특별시 광진구청,2025-12-23
구의2동300,1,,서울특별시 광진구 구의동 31-26,37.55248963,127.0931986,,건축물,02-450-7873,서울특별시 광진구청,2025-12-23
구의2동301,1,,서울특별시 광진구 구의동 31-25,37.5525954358,127.0932738041,,건축물,02-450-7873,서울특별시 광진구청,2025-12-23
구의2동302,1,,서울특별시 광진구 구의동 32-25,37.55253071,127.0936056,,한전주,02-450-7873,서울특별시 광진구청,2025-12-23
구의2동303,1,,서울특별시 광진구 구의동 32-36,37.55249017,127.0937836,,전용주,02-450-7873,서울특별시 광진구청,2025-12-23
구의2동304,1,,서울특별시 광진구 구의동 32-13,37.55270197,127.0938013,,한전주,02-450-7873,서울특별시 광진구청,2025-12-23
구의2동305,1,,서울특별시 광진구 구의동 32-18,37.55246084,127.0939896,,건축물,02-450-7873,서울특별시 광진구청,2025-12-23
구의2동306,1,,서울특별시 광진구 구의동 24-17,37.55265717,127.0945906,,한전주,02-450-7873,서울특별시 광진구청,2025-12-23
구의2동307,1,,서울특별시 광진구 구의동 24-12,37.552583,127.0949296,,한전주,02-450-7873,서울특별시 광진구청,2025-12-23
구의2동308,1,,서울특별시 광진구 구의2동 57-54,37.552590,127.095215,,,02-450-7873,서울특별시 광진구청,2025-12-23
구의2동309,1,,서울특별시 광진구 구의동 33-4,37.5522967,127.0954819,,한전주,02-450-7873,서울특별시 광진구청,2025-12-23
구의2동310,1,,서울특별시 광진구 구의동 86-2,37.5515032396,127.0943307727,,,02-450-7873,서울특별시 광진구청,2025-12-23
구의2동311,1,,서울특별시 광진구 구의동 34-11,37.55246717,127.0958816,,전용주,02-450-7873,서울특별시 광진구청,2025-12-23
구의2동312,1,,서울특별시 광진구 구의동 35-1,37.55218917,127.0955579775,,전용주,02-450-7873,서울특별시 광진구청,2025-12-23
구의2동313,1,,서울특별시 광진구 구의동 33-72,37.55215017,127.0952666,,한전주,02-450-7873,서울특별시 광진구청,2025-12-23
구의2동314,1,,서울특별시 광진구 구의동 33-17,37.5519745757,127.0950595015,,전용주,02-450-7873,서울특별시 광진구청,2025-12-23
구의2동315,1,,서울특별시 광진구 구의동 35-3,37.55168761,127.095060,,건축물,02-450-7873,서울특별시 광진구청,2025-12-23
구의2동316,1,,서울특별시 광진구 구의동 35-4,37.55154815,127.0948136,,한전주,02-450-7873,서울특별시 광진구청,2025-12-23
구의2동317,1,,서울특별시 광진구 구의동 33-20,37.55187902,127.0944424,,한전주,02-450-7873,서울특별시 광진구청,2025-12-23
구의2동318,1,,서울특별시 광진구 구의동 33-20,37.55187902,127.0944424,,건축물,02-450-7873,서울특별시 광진구청,2025-12-23
구의2동319,1,,서울특별시 광진구 구의동 33-20,37.55187902,127.0944424,,건축물,02-450-7873,서울특별시 광진구청,2025-12-23
구의2동320,1,,서울특별시 광진구 구의동 33-20,37.55187902,127.0944424,,전용주,02-450-7873,서울특별시 광진구청,2025-12-23
구의2동321,1,,서울특별시 광진구 구의동 33-20,37.55187902,127.0944246,,건축물,02-450-7873,서울특별시 광진구청,2025-12-23
구의2동322,1,,서울특별시 광진구 구의동 33-20,37.55180717,127.0944424,,전용주,02-450-7873,서울특별시 광진구청,2025-12-23
구의2동323,1,,서울특별시 광진구 구의동 45-2,37.55139508,127.0942443,,전용주,02-450-7873,서울특별시 광진구청,2025-12-23
구의2동324,1,,서울특별시 광진구 구의동 33-47,37.55167117,127.0939644941,,,02-450-7873,서울특별시 광진구청,2025-12-23
구의2동325,1,,서울특별시 광진구 구의동 46-1,37.5513095,127.0938764,,한전주,02-450-7873,서울특별시 광진구청,2025-12-23
구의2동326,1,,서울특별시 광진구 구의2동 54-13,37.551598,127.093850,,,02-450-7873,서울특별시 광진구청,2025-12-23
구의2동327,1,,서울특별시 광진구 구의동 33-84,37.55155197,127.0936392,,한전주,02-450-7873,서울특별시 광진구청,2025-12-23
구의2동328,1,,서울특별시 광진구 구의동 33-61,37.55184885,127.0935223,,한전주,02-450-7873,서울특별시 광진구청,2025-12-23
구의2동329,1,,서울특별시 광진구 구의동 33-40,37.5518836213,127.0939426,,한전주,02-450-7873,서울특별시 광진구청,2025-12-23
구의2동330,1,,서울특별시 광진구 구의2동 50-9,37.552017,127.094025,,,02-450-7873,서울특별시 광진구청,2025-12-23
구의2동331,1,,서울특별시 광진구 구의동 33-38,37.55191425,127.0941016,,건축물,02-450-7873,서울특별시 광진구청,2025-12-23
구의2동332,1,,서울특별시 광진구 구의동 33-31,37.55195045,127.0942386,,건축물,02-450-7873,서울특별시 광진구청,2025-12-23
구의2동333,1,,서울특별시 광진구 구의동 33-38,37.55193917,127.0941016,,,02-450-7873,서울특별시 광진구청,2025-12-23
구의2동334,1,,서울특별시 광진구 구의동 33-32,37.55207461,127.0943096,,건축물,02-450-7873,서울특별시 광진구청,2025-12-23
구의2동335,1,,서울특별시 광진구 구의동 33-24,37.5520236056,127.0945496,,건축물,02-450-7873,서울특별시 광진구청,2025-12-23
구의2동336,1,,서울특별시 광진구 구의동 33-39,37.5518908051,127.0938479279,,한전주,02-450-7873,서울특별시 광진구청,2025-12-23
구의2동337,1,,서울특별시 광진구 구의동 33-23,37.55208008,127.0947205,,한전주,02-450-7873,서울특별시 광진구청,2025-12-23
구의2동338,1,,서울특별시 광진구 구의동 33-12,37.55228617,127.0947732,,한전주,02-450-7873,서울특별시 광진구청,2025-12-23
구의2동339,1,,서울특별시 광진구 구의동 33-15,37.55209717,127.0949626,,건축물,02-450-7873,서울특별시 광진구청,2025-12-23
구의2동340,1,,서울특별시 광진구 구의동 33-75,37.55229417,127.0950306,,건축물,02-450-7873,서울특별시 광진구청,2025-12-23
구의2동341,1,,서울특별시 광진구 구의동 33-12,37.55223555,127.0947732,,한전주,02-450-7873,서울특별시 광진구청,2025-12-23
구의2동342,1,,서울특별시 광진구 구의동 33-1,37.55247236,127.095299,,한전주,02-450-7873,서울특별시 광진구청,2025-12-23
구의2동343,1,,서울특별시 광진구 구의동 33-3,37.55235253,127.0953004,,전용주,02-450-7873,서울특별시 광진구청,2025-12-23
구의2동344,1,,서울특별시 광진구 구의동 33-28,37.55221074,127.0942066,,한전주,02-450-7873,서울특별시 광진구청,2025-12-23
구의2동345,1,,서울특별시 광진구 구의동 32-23,37.5523811726,127.0939746,,건축물,02-450-7873,서울특별시 광진구청,2025-12-23
구의2동346,1,,서울특별시 광진구 구의동 33-51,37.55209972,127.0939368,,건축물,02-450-7873,서울특별시 광진구청,2025-12-23
구의2동347,1,,서울특별시 광진구 구의동 33-53,37.55206473,127.0937086,,한전주,02-450-7873,서울특별시 광진구청,2025-12-23
구의2동348,1,,서울특별시 광진구 구의동 33-20,37.55187902,127.0944424,,건축물,02-450-7873,서울특별시 광진구청,2025-12-23
구의2동349,1,,서울특별시 광진구 구의동 46-4,37.55114187,127.0939325,,한전주,02-450-7873,서울특별시 광진구청,2025-12-23
구의2동350,1,,서울특별시 광진구 구의동 46-40,37.55094264,127.0940788,,한전주,02-450-7873,서울특별시 광진구청,2025-12-23
구의2동351,1,,서울특별시 광진구 구의동 46-8,37.55074284,127.094140,,한전주,02-450-7873,서울특별시 광진구청,2025-12-23
구의2동352,1,,서울특별시 광진구 구의동 46-16,37.5506318,127.0941376,,건축물,02-450-7873,서울특별시 광진구청,2025-12-23
구의2동353,1,,서울특별시 광진구 구의동 46-22,37.5505936,127.0940686,,전용주,02-450-7873,서울특별시 광진구청,2025-12-23
구의2동354,1,,서울특별시 광진구 구의동 46-19,37.5504257204,127.0940967574,,한전주,02-450-7873,서울특별시 광진구청,2025-12-23
구의2동355,1,,서울특별시 광진구 구의동 46-25,37.55033317,127.0940747,,한전주,02-450-7873,서울특별시 광진구청,2025-12-23
구의2동356,1,,서울특별시 광진구 구의2동 28-51,37.550120,127.094376,,,02-450-7873,서울특별시 광진구청,2025-12-23
구의2동357,1,,서울특별시 광진구 구의동 58-1,37.54982212,127.0942392,,전용주,02-450-7873,서울특별시 광진구청,2025-12-23
구의2동358,1,,서울특별시 광진구 구의2동 28-12,37.550014,127.094790,,,02-450-7873,서울특별시 광진구청,2025-12-23
구의2동359,1,,서울특별시 광진구 구의2동 28-23,37.550068,127.094890,,,02-450-7873,서울특별시 광진구청,2025-12-23
구의2동360,1,,서울특별시 광진구 구의동 45-20,37.55025639,127.0947011,,,02-450-7873,서울특별시 광진구청,2025-12-23
구의2동361,1,,서울특별시 광진구 구의동 43-7,37.55010969,127.0950647,,전용주,02-450-7873,서울특별시 광진구청,2025-12-23
구의2동362,1,,서울특별시 광진구 구의동 43-4,37.55046417,127.0949136,,한전주,02-450-7873,서울특별시 광진구청,2025-12-23
구의2동363,1,,서울특별시 광진구 구의동 43-3,37.55072617,127.0951242126,,한전주,02-450-7873,서울특별시 광진구청,2025-12-23
구의2동364,1,,서울특별시 광진구 구의동 43-3,37.5507114146,127.0951242126,,한전주,02-450-7873,서울특별시 광진구청,2025-12-23
구의2동365,1,,서울특별시 광진구 구의동 43-3,37.5507114146,127.0951426,,전용주,02-450-7873,서울특별시 광진구청,2025-12-23
구의2동366,1,,서울특별시 광진구 구의동 35-46,37.55123917,127.0948356,,한전주,02-450-7873,서울특별시 광진구청,2025-12-23
구의2동367,1,,서울특별시 광진구 구의동 45-26,37.55128217,127.0944711,,건축물,02-450-7873,서울특별시 광진구청,2025-12-23
구의2동368,1,,서울특별시 광진구 구의동 35-5,37.55133397,127.0948282,,,02-450-7873,서울특별시 광진구청,2025-12-23
구의2동369,1,,서울특별시 광진구 구의동 35-4,37.55154815,127.0948184,,한전주,02-450-7873,서울특별시 광진구청,2025-12-23
구의2동370,1,,서울특별시 광진구 구의동 35-50,37.55106459,127.0952567,,전용주,02-450-7873,서울특별시 광진구청,2025-12-23
구의2동371,1,,서울특별시 광진구 구의동 35-13,37.5511154987,127.0954757694,,건축물,02-450-7873,서울특별시 광진구청,2025-12-23
구의2동372,1,,서울특별시 광진구 구의동 35-48,37.55147217,127.0951584,,건축물,02-450-7873,서울특별시 광진구청,2025-12-23
구의2동373,1,,서울특별시 광진구 구의동 35-11,37.55147717,127.0954926,,전용주,02-450-7873,서울특별시 광진구청,2025-12-23
구의2동374,1,,서울특별시 광진구 구의동 35-10,37.55157117,127.0957097,,한전주,02-450-7873,서울특별시 광진구청,2025-12-23
구의2동375,1,,서울특별시 광진구 구의동 35-8,37.55167154,127.0958729,,전용주,02-450-7873,서울특별시 광진구청,2025-12-23
구의2동376,1,,서울특별시 광진구 구의동 35-28,37.5518450558,127.0957859879,,한전주,02-450-7873,서울특별시 광진구청,2025-12-23
구의2동377,1,,서울특별시 광진구 구의동 35-26,37.55203053,127.0956182,,한전주,02-450-7873,서울특별시 광진구청,2025-12-23
구의2동378,1,,서울특별시 광진구 구의동 35-27,37.55192268,127.0957214,,건축물,02-450-7873,서울특별시 광진구청,2025-12-23
구의2동379,1,,서울특별시 광진구 구의동 35-9,37.55152348,127.0960195,,전용주,02-450-7873,서울특별시 광진구청,2025-12-23
구의2동380,1,,서울특별시 광진구 구의동 35-35,37.55140304,127.0962116,,전용주,02-450-7873,서울특별시 광진구청,2025-12-23
구의2동381,1,,서울특별시 광진구 구의동 35-36,37.5512397084,127.0962991043,,전용주,02-450-7873,서울특별시 광진구청,2025-12-23
구의2동382,1,,서울특별시 광진구 구의동 35-36,37.5512397084,127.0962991043,,한전주,02-450-7873,서울특별시 광진구청,2025-12-23
구의2동383,1,,서울특별시 광진구 구의동 36-3,37.55090885,127.0963106,,한전주,02-450-7873,서울특별시 광진구청,2025-12-23
구의2동384,1,,서울특별시 광진구 구의동 35-40,37.55125471,127.0960227,,한전주,02-450-7873,서울특별시 광진구청,2025-12-23
구의2동385,1,,서울특별시 광진구 구의동 36-14,37.55089217,127.0961152502,,한전주,02-450-7873,서울특별시 광진구청,2025-12-23
구의2동386,1,,서울특별시 광진구 구의동 43-24,37.5507435219,127.0956425546,,한전주,02-450-7873,서울특별시 광진구청,2025-12-23
구의2동387,1,,서울특별시 광진구 구의동 35-13,37.5511154987,127.0954757694,,전용주,02-450-7873,서울특별시 광진구청,2025-12-23
구의2동388,1,,서울특별시 광진구 구의동 35-50,37.55106459,127.0952567,,건축물,02-450-7873,서울특별시 광진구청,2025-12-23
구의2동389,1,,서울특별시 광진구 구의동 36-16,37.5506070015,127.0957773872,,한전주,02-450-7873,서울특별시 광진구청,2025-12-23
구의2동390,1,,서울특별시 광진구 구의동 36-16,37.5506070015,127.0957606,,건축물,02-450-7873,서울특별시 광진구청,2025-12-23
구의2동391,1,,서울특별시 광진구 구의동 43-5,37.55049855,127.0954106,,전용주,02-450-7873,서울특별시 광진구청,2025-12-23
구의2동392,1,,서울특별시 광진구 구의동 36-22,37.55032066,127.0956006,,,02-450-7873,서울특별시 광진구청,2025-12-23
구의2동393,1,,서울특별시 광진구 구의동 36-34,37.55018748,127.0956296,,한전주,02-450-7873,서울특별시 광진구청,2025-12-23
구의2동394,1,,서울특별시 광진구 구의동 36-34,37.55018748,127.0956716,,건축물,02-450-7873,서울특별시 광진구청,2025-12-23
구의2동395,1,,서울특별시 광진구 구의동 43-18,37.54983517,127.0953956,,한전주,02-450-7873,서울특별시 광진구청,2025-12-23
구의2동396,1,,서울특별시 광진구 구의동 38-4,37.5489618187,127.0965030366,,,02-450-7873,서울특별시 광진구청,2025-12-23
구의2동397,1,,서울특별시 광진구 구의동 36-19,37.5500516978,127.0956890868,,전용주,02-450-7873,서울특별시 광진구청,2025-12-23
구의2동398,1,,서울특별시 광진구 구의동 36-19,37.5500516978,127.0956890868,,한전주,02-450-7873,서울특별시 광진구청,2025-12-23
구의2동399,1,,서울특별시 광진구 구의동 36-20,37.5502106313,127.0962466296,,한전주,02-450-7873,서울특별시 광진구청,2025-12-23
구의2동400,1,,서울특별시 광진구 구의동 36-16,37.5506070015,127.0957773872,,한전주,02-450-7873,서울특별시 광진구청,2025-12-23
구의2동401,1,,서울특별시 광진구 구의동 36-16,37.5506070015,127.0957773872,,한전주,02-450-7873,서울특별시 광진구청,2025-12-23
구의2동402,1,,서울특별시 광진구 구의동 36-16,37.55061717,127.0957773872,,한전주,02-450-7873,서울특별시 광진구청,2025-12-23
구의2동403,1,,서울특별시 광진구 구의동 36-16,37.55066817,127.0957773872,,전용주,02-450-7873,서울특별시 광진구청,2025-12-23
구의2동404,1,,서울특별시 광진구 구의동 36-16,37.5506070015,127.0957773872,,전용주,02-450-7873,서울특별시 광진구청,2025-12-23
구의2동405,1,,서울특별시 광진구 구의2동 55-8,37.550926,127.096370,,,02-450-7873,서울특별시 광진구청,2025-12-23
구의2동406,1,,서울특별시 광진구 구의동 36-8,37.55087836,127.0967949,,한전주,02-450-7873,서울특별시 광진구청,2025-12-23
구의2동407,1,,서울특별시 광진구 구의동 37-1,37.55070441,127.096980,,한전주,02-450-7873,서울특별시 광진구청,2025-12-23
구의2동408,1,,서울특별시 광진구 구의동 37-9,37.5505734899,127.0970944828,,한전주,02-450-7873,서울특별시 광진구청,2025-12-23
구의2동409,1,,서울특별시 광진구 구의동 37-9,37.5505734899,127.0970944828,,한전주,02-450-7873,서울특별시 광진구청,2025-12-23
구의2동410,1,,서울특별시 광진구 구의동 36-4,37.55068117,127.0967662355,,한전주,02-450-7873,서울특별시 광진구청,2025-12-23
구의2동411,1,,서울특별시 광진구 구의동 661,37.5506478691,127.0965978934,,한전주,02-450-7873,서울특별시 광진구청,2025-12-23
구의2동415,1,,서울특별시 광진구 구의동 38-4,37.5489618187,127.0965030366,,전용주,02-450-7873,서울특별시 광진구청,2025-12-23
구의2동416,1,,서울특별시 광진구 구의동 38-4,37.5489618187,127.0965030366,,전용주,02-450-7873,서울특별시 광진구청,2025-12-23
구의2동417,1,,서울특별시 광진구 구의동 38-4,37.5489618187,127.0965030366,,전용주,02-450-7873,서울특별시 광진구청,2025-12-23
구의2동418,1,,서울특별시 광진구 구의동 38-4,37.5489618187,127.0965030366,,전용주,02-450-7873,서울특별시 광진구청,2025-12-23
구의2동419,1,,서울특별시 광진구 구의동 74-12,37.5498875346,127.0900846,,건축물,02-450-7873,서울특별시 광진구청,2025-12-23
구의2동420,1,,서울특별시 광진구 구의2동 75-1,37.549980,127.089980,,,02-450-7873,서울특별시 광진구청,2025-12-23
구의2동421,1,,서울특별시 광진구 구의동 78-52,37.54974371,127.0898664,,한전주,02-450-7873,서울특별시 광진구청,2025-12-23
구의2동422,1,,서울특별시 광진구 구의동 78-51,37.54962018,127.0897576,,한전주,02-450-7873,서울특별시 광진구청,2025-12-23
구의2동423,1,,서울특별시 광진구 구의동 78-48,37.5494566201,127.0895516,,,02-450-7873,서울특별시 광진구청,2025-12-23
구의2동424,1,,서울특별시 광진구 구의동 74-14,37.55003117,127.0898436,,한전주,02-450-7873,서울특별시 광진구청,2025-12-23
구의2동425,1,,서울특별시 광진구 중곡동 275-11,37.5586835155,127.0837452384,,,02-450-7873,서울특별시 광진구청,2025-12-23
구의2동426,1,,서울특별시 광진구 구의동 77-5,37.55008072,127.0892476,,건축물,02-450-7873,서울특별시 광진구청,2025-12-23
구의2동427,1,,서울특별시 광진구 구의동 77-9,37.55027763,127.0890513,,전용주,02-450-7873,서울특별시 광진구청,2025-12-23
구의2동429,1,,서울특별시 광진구 구의동 75-21,37.55059022,127.0894885,,건축물,02-450-7873,서울특별시 광진구청,2025-12-23
구의2동430,1,,서울특별시 광진구 구의동 75-18,37.55070317,127.0896866,,한전주,02-450-7873,서울특별시 광진구청,2025-12-23
구의2동431,1,,서울특별시 광진구 구의동 74-1,37.5502963,127.0901074,,한전주,02-450-7873,서울특별시 광진구청,2025-12-23
구의2동432,1,,서울특별시 광진구 구의동 74-5,37.55009846,127.0897187,,전용주,02-450-7873,서울특별시 광진구청,2025-12-23
구의2동433,1,,서울특별시 광진구 구의동 77-13,37.5500947741,127.0888826,,한전주,02-450-7873,서울특별시 광진구청,2025-12-23
구의2동434,1,,서울특별시 광진구 구의동 77-37,37.55009317,127.0885938,,한전주,02-450-7873,서울특별시 광진구청,2025-12-23
구의2동435,1,,서울특별시 광진구 구의2동 77-12,37.549880,127.088560,,,02-450-7873,서울특별시 광진구청,2025-12-23
구의2동436,1,,서울특별시 광진구 구의동 77-43,37.54958241,127.0883521,,한전주,02-450-7873,서울특별시 광진구청,2025-12-23
구의2동437,1,,서울특별시 광진구 구의동 77-52,37.54932727,127.088320,,전용주,02-450-7873,서울특별시 광진구청,2025-12-23
구의2동438,1,,서울특별시 광진구 구의동 77-60,37.54946917,127.088089,,건축물,02-450-7873,서울특별시 광진구청,2025-12-23
구의2동439,1,,서울특별시 광진구 구의동 77-61,37.5493551,127.0878426,,한전주,02-450-7873,서울특별시 광진구청,2025-12-23
구의2동440,1,,서울특별시 광진구 구의동 76-4,37.54981386,127.0867934,,한전주,02-450-7873,서울특별시 광진구청,2025-12-23
구의2동441,1,,서울특별시 광진구 구의동 613-13,37.5491354871,127.0876632457,,전용주,02-450-7873,서울특별시 광진구청,2025-12-23
구의2동442,1,,서울특별시 광진구 구의동 613-16,37.5489937217,127.0873502956,,전용주,02-450-7873,서울특별시 광진구청,2025-12-23
구의2동443,1,,서울특별시 광진구 구의2동 74-4,37.549080,127.087100,,,02-450-7873,서울특별시 광진구청,2025-12-23
구의2동444,1,,서울특별시 광진구 구의동 616-8,37.548854869,127.0869276,,한전주,02-450-7873,서울특별시 광진구청,2025-12-23
구의2동445,1,,서울특별시 광진구 구의동 616-7,37.548775931,127.0868256,,한전주,02-450-7873,서울특별시 광진구청,2025-12-23
구의2동446,1,,서울특별시 광진구 구의동 613-7,37.5489661023,127.0864371469,,한전주,02-450-7873,서울특별시 광진구청,2025-12-23
구의2동447,1,,서울특별시 광진구 구의2동 78-52,37.549034,127.086460,,,02-450-7873,서울특별시 광진구청,2025-12-23
구의2동448,1,,서울특별시 광진구 구의동 613-7,37.5489661023,127.0864371469,,한전주,02-450-7873,서울특별시 광진구청,2025-12-23
구의2동449,1,,서울특별시 광진구 구의동 613-7,37.5489661023,127.0864371469,,전용주,02-450-7873,서울특별시 광진구청,2025-12-23
구의2동450,1,,서울특별시 광진구 구의동 613-5,37.54925117,127.0863801994,,건축물,02-450-7873,서울특별시 광진구청,2025-12-23
구의2동451,1,,서울특별시 광진구 구의동 612-1,37.5488107819,127.0859666,,한전주,02-450-7873,서울특별시 광진구청,2025-12-23
구의2동452,1,,서울특별시 광진구 능동 18,37.5495717933,127.0810408307,,전용주,02-450-7873,서울특별시 광진구청,2025-12-23
구의2동453,1,,서울특별시 광진구 구의동 612-7,37.5487867555,127.0856375546,,전용주,02-450-7873,서울특별시 광진구청,2025-12-23
구의2동454,1,,서울특별시 광진구 구의동 612-11,37.54859117,127.0856130268,,전용주,02-450-7873,서울특별시 광진구청,2025-12-23
구의2동455,1,,서울특별시 광진구 구의동 612-11,37.54858517,127.0856130268,,전용주,02-450-7873,서울특별시 광진구청,2025-12-23
구의2동456,1,,서울특별시 광진구 구의2동 614-6,37.548300,127.085620,,,02-450-7873,서울특별시 광진구청,2025-12-23
구의2동457,1,,서울특별시 광진구 구의동 617-74,37.5479663726,127.0858905256,,전용주,02-450-7873,서울특별시 광진구청,2025-12-23
구의2동458,1,,서울특별시 광진구 구의동 617-33,37.5476498322,127.0859454112,,전용주,02-450-7873,서울특별시 광진구청,2025-12-23
구의2동459,1,,서울특별시 광진구 능동 18,37.5495717933,127.0810408307,,전용주,02-450-7873,서울특별시 광진구청,2025-12-23
구의2동460,1,,서울특별시 광진구 구의동 617-31,37.5477449962,127.0861672042,,전용주,02-450-7873,서울특별시 광진구청,2025-12-23
구의2동461,1,,서울특별시 광진구 구의2동 79-5,37.547760,127.086136,,,02-450-7873,서울특별시 광진구청,2025-12-23
구의2동462,1,,서울특별시 광진구 구의동 617-22,37.5479081979,127.0862726,,한전주,02-450-7873,서울특별시 광진구청,2025-12-23
구의2동463,1,,서울특별시 광진구 구의동 619-20,37.547618319,127.0862862174,,한전주,02-450-7873,서울특별시 광진구청,2025-12-23
구의2동464,1,,서울특별시 광진구 구의동 619-19,37.54753417,127.0863450442,,한전주,02-450-7873,서울특별시 광진구청,2025-12-23
구의2동465,1,,서울특별시 광진구 구의동 619-18,37.5473733896,127.0863381024,,한전주,02-450-7873,서울특별시 광진구청,2025-12-23
구의2동466,1,,서울특별시 광진구 중곡동 275-11,37.5586835155,127.0837452384,,,02-450-7873,서울특별시 광진구청,2025-12-23
구의2동467,1,,서울특별시 광진구 구의동 80-68,37.54729417,127.0867306,,한전주,02-450-7873,서울특별시 광진구청,2025-12-23
구의2동468,1,,서울특별시 광진구 구의동 80-55,37.54702401,127.0866702,,한전주,02-450-7873,서울특별시 광진구청,2025-12-23
구의2동469,1,,서울특별시 광진구 구의동 80-59,37.54672761,127.0866258,,건축물,02-450-7873,서울특별시 광진구청,2025-12-23
구의2동470,1,,서울특별시 광진구 구의동 80-61,37.546792471,127.0868905596,,건축물,02-450-7873,서울특별시 광진구청,2025-12-23
구의2동471,1,,서울특별시 광진구 구의동 80-53,37.5473692368,127.0868407592,,한전주,02-450-7873,서울특별시 광진구청,2025-12-23
구의2동472,1,,서울특별시 광진구 구의동 80-4,37.54765552,127.0871638,,한전주,02-450-7873,서울특별시 광진구청,2025-12-23
구의2동473,1,,서울특별시 광진구 구의2동 614-13,37.547832,127.087150,,,02-450-7873,서울특별시 광진구청,2025-12-23
구의2동474,1,,서울특별시 광진구 구의동 619-7,37.5477352962,127.0869853519,,한전주,02-450-7873,서울특별시 광진구청,2025-12-23
구의2동475,1,,서울특별시 광진구 구의동 619-7,37.5477352962,127.0869853519,,전용주,02-450-7873,서울특별시 광진구청,2025-12-23
구의2동476,1,,서울특별시 광진구 구의동 618-3,37.547982588,127.086784324,,건축물,02-450-7873,서울특별시 광진구청,2025-12-23
구의2동477,1,,서울특별시 광진구 구의동 617-9,37.54816717,127.0866096,,,02-450-7873,서울특별시 광진구청,2025-12-23
구의2동478,1,,서울특별시 광진구 구의동 617-6,37.54826817,127.0867266,,한전주,02-450-7873,서울특별시 광진구청,2025-12-23
구의2동479,1,,서울특별시 광진구 구의동 617-11,37.5480753,127.0864924,,전용주,02-450-7873,서울특별시 광진구청,2025-12-23
구의2동480,1,,서울특별시 광진구 구의2동 613-14,37.548110,127.086440,,,02-450-7873,서울특별시 광진구청,2025-12-23
구의2동481,1,,서울특별시 광진구 구의동 617-19,37.5479830795,127.0863836,,전용주,02-450-7873,서울특별시 광진구청,2025-12-23
구의2동482,1,,서울특별시 광진구 구의동 617-8,37.54827317,127.0865486,,건축물,02-450-7873,서울특별시 광진구청,2025-12-23
구의2동483,1,,서울특별시 광진구 구의2동 613-16,37.548300,127.086270,,,02-450-7873,서울특별시 광진구청,2025-12-23
구의2동484,1,,서울특별시 광진구 구의동 617-24,37.5481388064,127.0859886,,전용주,02-450-7873,서울특별시 광진구청,2025-12-23
구의2동485,1,,서울특별시 광진구 구의동 612-21,37.548385984,127.086019699,,한전주,02-450-7873,서울특별시 광진구청,2025-12-23
구의2동486,1,,서울특별시 광진구 구의동 612-4,37.54854217,127.0858166,,전용주,02-450-7873,서울특별시 광진구청,2025-12-23
구의2동487,1,,서울특별시 광진구 구의동 612-4,37.548510481,127.085800872,,,02-450-7873,서울특별시 광진구청,2025-12-23
구의2동488,1,,서울특별시 광진구 구의동 612-21,37.548385984,127.086019699,,건축물,02-450-7873,서울특별시 광진구청,2025-12-23
구의2동489,1,,서울특별시 광진구 구의동 617-1,37.54863417,127.0863035611,,,02-450-7873,서울특별시 광진구청,2025-12-23
구의2동490,1,,서울특별시 광진구 구의동 617-1,37.5486258028,127.0863035611,,건축물,02-450-7873,서울특별시 광진구청,2025-12-23
구의2동492,1,,서울특별시 광진구 구의동 612-3,37.5485760674,127.0859333478,,한전주,02-450-7873,서울특별시 광진구청,2025-12-23
구의2동493,1,,서울특별시 광진구 구의동 617-4,37.548464031,127.0866776,,한전주,02-450-7873,서울특별시 광진구청,2025-12-23
구의2동494,1,,서울특별시 광진구 구의동 616-7,37.54879717,127.0868796,,전용주,02-450-7873,서울특별시 광진구청,2025-12-23
구의2동495,1,,서울특별시 광진구 구의동 617-5,37.548378247,127.0867427993,,한전주,02-450-7873,서울특별시 광진구청,2025-12-23
구의2동496,1,,서울특별시 광진구 구의동 618-13,37.5481647234,127.0870922235,,한전주,02-450-7873,서울특별시 광진구청,2025-12-23
구의2동497,1,,서울특별시 광진구 구의동 615-13,37.5480888588,127.0874326,,전용주,02-450-7873,서울특별시 광진구청,2025-12-23
구의2동498,1,,서울특별시 광진구 구의2동 613-7,37.548016,127.087650,,,02-450-7873,서울특별시 광진구청,2025-12-23
구의2동499,1,,서울특별시 광진구 구의동 80-8,37.54760321,127.0878546,,,02-450-7873,서울특별시 광진구청,2025-12-23
구의2동500,1,,서울특별시 광진구 구의동 79-19,37.54802878,127.0882766,,전용주,02-450-7873,서울특별시 광진구청,2025-12-23
구의2동501,1,,서울특별시 광진구 구의동 79-29,37.54806308,127.0880813,,건축물,02-450-7873,서울특별시 광진구청,2025-12-23
구의2동502,1,,서울특별시 광진구 구의동 615-11,37.5480219296,127.0875956,,한전주,02-450-7873,서울특별시 광진구청,2025-12-23
구의2동503,1,,서울특별시 광진구 구의동 615-5,37.5482727314,127.0878386,,전용주,02-450-7873,서울특별시 광진구청,2025-12-23
구의2동504,1,,서울특별시 광진구 구의동 614-16,37.54849417,127.0876131321,,한전주,02-450-7873,서울특별시 광진구청,2025-12-23
구의2동505,1,,서울특별시 광진구 구의동 613-26,37.54876317,127.0874246,,한전주,02-450-7873,서울특별시 광진구청,2025-12-23
구의2동506,1,,서울특별시 광진구 구의동 616-14,37.54860817,127.0871966,,전용주,02-450-7873,서울특별시 광진구청,2025-12-23
구의2동507,1,,서울특별시 광진구 구의2동 617-269,37.548744,127.087400,,,02-450-7873,서울특별시 광진구청,2025-12-23
구의2동508,1,,서울특별시 광진구 구의동 613-25,37.5487876372,127.0875072389,,한전주,02-450-7873,서울특별시 광진구청,2025-12-23
구의2동509,1,,서울특별시 광진구 구의동 613-14,37.54902617,127.0876676,,한전주,02-450-7873,서울특별시 광진구청,2025-12-23
구의2동510,1,,서울특별시 광진구 구의동 613-14,37.5490414384,127.0876423135,,한전주,02-450-7873,서울특별시 광진구청,2025-12-23
구의2동511,1,,서울특별시 광진구 구의2동 617-31,37.549020,127.087800,,,02-450-7873,서울특별시 광진구청,2025-12-23
구의2동512,1,,서울특별시 광진구 구의동 614-13,37.54887317,127.0878546,,한전주,02-450-7873,서울특별시 광진구청,2025-12-23
구의2동513,1,,서울특별시 광진구 구의동 614-6,37.548989715,127.0881347407,,한전주,02-450-7873,서울특별시 광진구청,2025-12-23
구의2동514,1,,서울특별시 광진구 구의동 79-1,37.54906617,127.0883006,,한전주,02-450-7873,서울특별시 광진구청,2025-12-23
구의2동515,1,,서울특별시 광진구 구의동 614-8,37.54886617,127.0879686,,전용주,02-450-7873,서울특별시 광진구청,2025-12-23
구의2동516,1,,서울특별시 광진구 구의동 614-13,37.54865517,127.0877446,,,02-450-7873,서울특별시 광진구청,2025-12-23
구의2동517,1,,서울특별시 광진구 구의동 77-47,37.54925494,127.0884826,,건축물,02-450-7873,서울특별시 광진구청,2025-12-23
구의2동518,1,,서울특별시 광진구 구의동 78-30,37.54932186,127.0888013,,한전주,02-450-7873,서울특별시 광진구청,2025-12-23
구의2동519,1,,서울특별시 광진구 구의동 77-21,37.54963801,127.0888199,,건축물,02-450-7873,서울특별시 광진구청,2025-12-23
구의2동520,1,,서울특별시 광진구 구의동 78-5,37.549634,127.0892387,,한전주,02-450-7873,서울특별시 광진구청,2025-12-23
구의2동521,1,,서울특별시 광진구 구의동 78-38,37.54939404,127.089270,,,02-450-7873,서울특별시 광진구청,2025-12-23
구의2동522,1,,서울특별시 광진구 구의동 78-29,37.54928986,127.0889436,,한전주,02-450-7873,서울특별시 광진구청,2025-12-23
구의2동523,1,,서울특별시 광진구 구의동 78-13,37.54913189,127.0889316,,,02-450-7873,서울특별시 광진구청,2025-12-23
구의2동524,1,,서울특별시 광진구 구의동 78-18,37.54908117,127.0886726,,한전주,02-450-7873,서울특별시 광진구청,2025-12-23
구의2동525,1,,서울특별시 광진구 구의동 79-7,37.54877181,127.0886778,,건축물,02-450-7873,서울특별시 광진구청,2025-12-23
구의2동526,1,,서울특별시 광진구 구의동 79-5,37.54876617,127.0884846,,건축물,02-450-7873,서울특별시 광진구청,2025-12-23
구의2동529,1,,서울특별시 광진구 구의동 78-46,37.54982991,127.0894345,,한전주,02-450-7873,서울특별시 광진구청,2025-12-23
구의2동530,1,,서울특별시 광진구 구의동 78-47,37.54993361,127.0895256,,한전주,02-450-7873,서울특별시 광진구청,2025-12-23
구의2동531,1,,서울특별시 광진구 구의동 75-22,37.55048063,127.0894098,,건축물,02-450-7873,서울특별시 광진구청,2025-12-23
구의2동532,1,,서울특별시 광진구 구의동 75-1,37.55109074,127.0895889,,한전주,02-450-7873,서울특별시 광진구청,2025-12-23
구의2동533,1,,서울특별시 광진구 구의동 75-25,37.55085368,127.0892385,,한전주,02-450-7873,서울특별시 광진구청,2025-12-23
구의2동534,1,,서울특별시 광진구 구의동 75-25,37.55085917,127.0892646,,건축물,02-450-7873,서울특별시 광진구청,2025-12-23
구의2동535,1,,서울특별시 광진구 구의동 77-33,37.55041957,127.0888426,,한전주,02-450-7873,서울특별시 광진구청,2025-12-23
구의2동536,1,,서울특별시 광진구 구의동 77-36,37.55019276,127.0886606,,건축물,02-450-7873,서울특별시 광진구청,2025-12-23
구의2동537,1,,서울특별시 광진구 구의동 77-39,37.55002475,127.0884556,,한전주,02-450-7873,서울특별시 광진구청,2025-12-23
구의2동538,1,,서울특별시 광진구 구의동 77-41,37.54989017,127.0882445,,한전주,02-450-7873,서울특별시 광진구청,2025-12-23
구의2동539,1,,서울특별시 광진구 구의동 71-13,37.54916446,127.0906955,,전용주,02-450-7873,서울특별시 광진구청,2025-12-23
구의2동540,1,,서울특별시 광진구 구의동  71-13,37.54916446,127.0906955,,한전주,02-450-7873,서울특별시 광진구청,2025-12-23
구의2동541,1,,서울특별시 광진구 구의동 71-14,37.54904617,127.0905716,,한전주,02-450-7873,서울특별시 광진구청,2025-12-23
구의2동542,1,,서울특별시 광진구 구의동 72-18,37.54876102,127.0907747,,,02-450-7873,서울특별시 광진구청,2025-12-23
구의2동543,1,,서울특별시 광진구 구의2동 80-29,37.548780,127.090480,,,02-450-7873,서울특별시 광진구청,2025-12-23
구의2동544,1,,서울특별시 광진구 구의동 71-8,37.54866717,127.0901526,,한전주,02-450-7873,서울특별시 광진구청,2025-12-23
구의2동545,1,,서울특별시 광진구 구의동 71-24,37.54879417,127.0897887,,건축물,02-450-7873,서울특별시 광진구청,2025-12-23
구의2동546,1,,서울특별시 광진구 구의동 71-15,37.54844571,127.0895423,,한전주,02-450-7873,서울특별시 광진구청,2025-12-23
구의2동547,1,,서울특별시 광진구 구의동 71-26,37.5487253,127.0896703,,한전주,02-450-7873,서울특별시 광진구청,2025-12-23
구의2동548,1,,서울특별시 광진구 구의동 70-2,37.54829503,127.0893776,,건축물,02-450-7873,서울특별시 광진구청,2025-12-23
구의2동549,1,,서울특별시 광진구 구의동 71-17,37.54845617,127.0899156,,한전주,02-450-7873,서울특별시 광진구청,2025-12-23
구의2동550,1,,서울특별시 광진구 구의동 70-1,37.54815461,127.0895251,,한전주,02-450-7873,서울특별시 광진구청,2025-12-23
구의2동551,1,,서울특별시 광진구 구의2동 68-11,37.548140,127.089630,,,02-450-7873,서울특별시 광진구청,2025-12-23
구의2동552,1,,서울특별시 광진구 구의동 64-5,37.54784366,127.0895233,,,02-450-7873,서울특별시 광진구청,2025-12-23
구의2동553,1,,서울특별시 광진구 구의동 64-28,37.5476548,127.0893236,,한전주,02-450-7873,서울특별시 광진구청,2025-12-23
구의2동554,1,,서울특별시 광진구 구의2동 68-27,37.547653,127.089160,,,02-450-7873,서울특별시 광진구청,2025-12-23
구의2동555,1,,서울특별시 광진구 구의동 64-38,37.54749917,127.0890482,,한전주,02-450-7873,서울특별시 광진구청,2025-12-23
구의2동556,1,,서울특별시 광진구 구의동 70-13,37.54754005,127.0889232,,건축물,02-450-7873,서울특별시 광진구청,2025-12-23
구의2동557,1,,서울특별시 광진구 구의동 70-7,37.5478239,127.0888511,,건축물,02-450-7873,서울특별시 광진구청,2025-12-23
구의2동558,1,,서울특별시 광진구 구의동 70-20,37.54727413,127.0886082,,,02-450-7873,서울특별시 광진구청,2025-12-23
구의2동559,1,,서울특별시 광진구 구의동 69-34,37.54718604,127.0883295,,한전주,02-450-7873,서울특별시 광진구청,2025-12-23
구의2동560,1,,서울특별시 광진구 구의동 69-34,37.54718604,127.0883426,,,02-450-7873,서울특별시 광진구청,2025-12-23
구의2동561,1,,서울특별시 광진구 구의동 69-6,37.54685434,127.0881512,,한전주,02-450-7873,서울특별시 광진구청,2025-12-23
구의2동562,1,,서울특별시 광진구 구의동 69-8,37.54669852,127.0879573,,한전주,02-450-7873,서울특별시 광진구청,2025-12-23
구의2동563,1,,서울특별시 광진구 구의동 69-17,37.5465778912,127.087813356,,한전주,02-450-7873,서울특별시 광진구청,2025-12-23
구의2동564,1,,서울특별시 광진구 구의동 69-17,37.5465778912,127.0878266,,한전주,02-450-7873,서울특별시 광진구청,2025-12-23
구의2동565,1,,서울특별시 광진구 구의동 69-10,37.54689989,127.0879639,,건축물,02-450-7873,서울특별시 광진구청,2025-12-23
구의2동566,1,,서울특별시 광진구 구의동 69-25,37.54650517,127.0876792,,한전주,02-450-7873,서울특별시 광진구청,2025-12-23
구의2동567,1,,서울특별시 광진구 구의동 69-28,37.54634117,127.0875656,,한전주,02-450-7873,서울특별시 광진구청,2025-12-23
구의2동568,1,,서울특별시 광진구 구의동 69-27,37.54637464,127.0874283,,한전주,02-450-7873,서울특별시 광진구청,2025-12-23
구의2동569,1,,서울특별시 광진구 구의동 69-25,37.54651348,127.0876036,,건축물,02-450-7873,서울특별시 광진구청,2025-12-23
구의2동570,1,,서울특별시 광진구 구의동 69-14,37.54684017,127.0874985953,,건축물,02-450-7873,서울특별시 광진구청,2025-12-23
구의2동571,1,,서울특별시 광진구 구의동 68-20,37.54624717,127.0872162,,,02-450-7873,서울특별시 광진구청,2025-12-23
구의2동572,1,,서울특별시 광진구 구의동 68-25,37.54614517,127.0867989,,한전주,02-450-7873,서울특별시 광진구청,2025-12-23
구의2동573,1,,서울특별시 광진구 구의동 68-26,37.54606917,127.0867886,,한전주,02-450-7873,서울특별시 광진구청,2025-12-23
구의2동574,1,,서울특별시 광진구 구의동 68-28,37.5458687,127.0864886,,한전주,02-450-7873,서울특별시 광진구청,2025-12-23
구의2동575,1,,서울특별시 광진구 구의동 68-29,37.54578317,127.0863825639,,한전주,02-450-7873,서울특별시 광진구청,2025-12-23
구의2동576,1,,서울특별시 광진구 구의동 68-12,37.54559017,127.0864036,,,02-450-7873,서울특별시 광진구청,2025-12-23
구의2동577,1,,서울특별시 광진구 구의동 68-11,37.5452818932,127.0862257007,,건축물,02-450-7873,서울특별시 광진구청,2025-12-23
구의2동578,1,,서울특별시 광진구 구의동 68-11,37.5452818932,127.0862257007,,한전주,02-450-7873,서울특별시 광진구청,2025-12-23
구의2동579,1,,서울특별시 광진구 구의동 68-10,37.54548617,127.0865976,,건축물,02-450-7873,서울특별시 광진구청,2025-12-23
구의2동580,1,,서울특별시 광진구 구의동 68-8,37.54557797,127.0867326,,한전주,02-450-7873,서울특별시 광진구청,2025-12-23
구의2동581,1,,서울특별시 광진구 구의동 68-4,37.54596617,127.0871296,,한전주,02-450-7873,서울특별시 광진구청,2025-12-23
구의2동582,1,,서울특별시 광진구 구의2동 65-22,37.546050,127.087300,,,02-450-7873,서울특별시 광진구청,2025-12-23
구의2동583,1,,서울특별시 광진구 구의동 67-31,37.5460574116,127.0875338082,,전용주,02-450-7873,서울특별시 광진구청,2025-12-23
구의2동584,1,,서울특별시 광진구 구의동 67-21,37.5453998288,127.0869698513,,한전주,02-450-7873,서울특별시 광진구청,2025-12-23
구의2동585,1,,서울특별시 광진구 구의동 67-8,37.5454758112,127.0872256,,한전주,02-450-7873,서울특별시 광진구청,2025-12-23
구의2동586,1,,서울특별시 광진구 구의동 67-8,37.5454758112,127.0872979853,,,02-450-7873,서울특별시 광진구청,2025-12-23
구의2동587,1,,서울특별시 광진구 구의동 67-15,37.54592817,127.0875466,,한전주,02-450-7873,서울특별시 광진구청,2025-12-23
구의2동588,1,,서울특별시 광진구 구의동 65-30,37.5461413721,127.0877086,,한전주,02-450-7873,서울특별시 광진구청,2025-12-23
구의2동589,1,,서울특별시 광진구 구의동 65-11,37.54602947,127.0879115,,한전주,02-450-7873,서울특별시 광진구청,2025-12-23
구의2동590,1,,서울특별시 광진구 구의동 65-29,37.5462150109,127.087877997,,한전주,02-450-7873,서울특별시 광진구청,2025-12-23
구의2동591,1,,서울특별시 광진구 구의동 65-15,37.54637138,127.0882944,,한전주,02-450-7873,서울특별시 광진구청,2025-12-23
구의2동592,1,,서울특별시 광진구 구의동 65-18,37.54664578,127.0886009,,한전주,02-450-7873,서울특별시 광진구청,2025-12-23
구의2동593,1,,서울특별시 광진구 구의동 65-21,37.5468855,127.0886556,,한전주,02-450-7873,서울특별시 광진구청,2025-12-23
구의2동594,1,,서울특별시 광진구 구의동 65-1,37.54690136,127.0888446,,건축물,02-450-7873,서울특별시 광진구청,2025-12-23
구의2동595,1,,서울특별시 광진구 구의동 64-41,37.54712417,127.0889426,,한전주,02-450-7873,서울특별시 광진구청,2025-12-23
구의2동596,1,,서울특별시 광진구 구의동 64-41,37.54710847,127.0889278,,전용주,02-450-7873,서울특별시 광진구청,2025-12-23
구의2동597,1,,서울특별시 광진구 구의동 64-39,37.54735417,127.0891956,,한전주,02-450-7873,서울특별시 광진구청,2025-12-23
구의2동598,1,,서울특별시 광진구 구의2동 64-5,37.547516,127.089370,,,02-450-7873,서울특별시 광진구청,2025-12-23
구의2동599,1,,서울특별시 광진구 구의동 64-8,37.54767717,127.0896056015,,전용주,02-450-7873,서울특별시 광진구청,2025-12-23
구의2동600,1,,서울특별시 광진구 구의동 64-10,37.5474910053,127.0897940708,,한전주,02-450-7873,서울특별시 광진구청,2025-12-23
구의2동601,1,,서울특별시 광진구 구의동 63-3,37.54747917,127.0900058,,전용주,02-450-7873,서울특별시 광진구청,2025-12-23
구의2동602,1,,서울특별시 광진구 구의동 63-2,37.54766417,127.0902896,,한전주,02-450-7873,서울특별시 광진구청,2025-12-23
구의2동603,1,,서울특별시 광진구 구의동 64-2,37.54783533,127.0899986,,한전주,02-450-7873,서울특별시 광진구청,2025-12-23
구의2동604,1,,서울특별시 광진구 구의동 72-28,37.548089532,127.0900116,,건축물,02-450-7873,서울특별시 광진구청,2025-12-23
구의2동605,1,,서울특별시 광진구 구의동 72-27,37.54817272,127.0901376,,건축물,02-450-7873,서울특별시 광진구청,2025-12-23
구의2동606,1,,서울특별시 광진구 구의동 72-10,37.5481937336,127.0903266,,건축물,02-450-7873,서울특별시 광진구청,2025-12-23
구의2동607,1,,서울특별시 광진구 구의동 72-6,37.5482254,127.0905087,,한전주,02-450-7873,서울특별시 광진구청,2025-12-23
구의2동608,1,,서울특별시 광진구 구의동 72-30,37.54834975,127.0907346,,,02-450-7873,서울특별시 광진구청,2025-12-23
구의2동609,1,,서울특별시 광진구 구의동 72-30,37.54834975,127.0907506,,한전주,02-450-7873,서울특별시 광진구청,2025-12-23
구의2동610,1,,서울특별시 광진구 구의2동 71-3,37.548710,127.090935,,,02-450-7873,서울특별시 광진구청,2025-12-23
구의2동611,1,,서울특별시 광진구 구의동 72-32,37.54889817,127.0910762,,전용주,02-450-7873,서울특별시 광진구청,2025-12-23
구의2동612,1,,서울특별시 광진구 구의동 72-2,37.54903405,127.0908592,,한전주,02-450-7873,서울특별시 광진구청,2025-12-23
구의2동613,1,,서울특별시 광진구 구의동 73-15,37.54889365,127.0913585,,한전주,02-450-7873,서울특별시 광진구청,2025-12-23
구의2동614,1,,서울특별시 광진구 구의동 59-23,37.5489018667,127.0916858188,,한전주,02-450-7873,서울특별시 광진구청,2025-12-23
구의2동615,1,,서울특별시 광진구 구의동 59-10,37.54879087,127.0915664,,한전주,02-450-7873,서울특별시 광진구청,2025-12-23
구의2동616,1,,서울특별시 광진구 구의2동 72-34,37.548813,127.091644,,,02-450-7873,서울특별시 광진구청,2025-12-23
구의2동617,1,,서울특별시 광진구 구의2동 59-26,37.5487474,127.0917946,,한전주,02-450-7873,서울특별시 광진구청,2025-12-23
구의2동618,1,,서울특별시 광진구 구의2동 60-47,37.548676,127.091890,,,02-450-7873,서울특별시 광진구청,2025-12-23
구의2동619,1,,서울특별시 광진구 구의동 60-10,37.5484397898,127.0919746,,전용주,02-450-7873,서울특별시 광진구청,2025-12-23
구의2동620,1,,서울특별시 광진구 구의동 92-1,37.5482380875,127.092754099,,한전주,02-450-7873,서울특별시 광진구청,2025-12-23
구의2동621,1,,서울특별시 광진구 구의2동 59-29,37.5484026,127.0926589,,한전주,02-450-7873,서울특별시 광진구청,2025-12-23
구의2동622,1,,서울특별시 광진구 구의동 59-28,37.54844693,127.0928725,,건축물,02-450-7873,서울특별시 광진구청,2025-12-23
구의2동623,1,,서울특별시 광진구 구의2동 63-23,37.5482601,127.0928756,,한전주,02-450-7873,서울특별시 광진구청,2025-12-23
구의2동624,1,,서울특별시 광진구 구의2동 59-10,37.548270,127.092440,,,02-450-7873,서울특별시 광진구청,2025-12-23
구의2동625,1,,서울특별시 광진구 구의동 60-8,37.5481278018,127.0921707894,,한전주,02-450-7873,서울특별시 광진구청,2025-12-23
구의2동628,1,,서울특별시 광진구 구의2동 60-22,37.5481412,127.0914738,,한전주,02-450-7873,서울특별시 광진구청,2025-12-23
구의2동629,1,,서울특별시 광진구 구의2동 60-18,37.5482482,127.0913254,,한전주,02-450-7873,서울특별시 광진구청,2025-12-23
구의2동630,1,,서울특별시 광진구 구의2동 60-15,37.5483367,127.0911093,,전용주,02-450-7873,서울특별시 광진구청,2025-12-23
구의2동631,1,,서울특별시 광진구 구의동 60-60,37.54839884,127.0910186,,한전주,02-450-7873,서울특별시 광진구청,2025-12-23
구의2동632,1,,서울특별시 광진구 중곡동 275-11,37.5586835155,127.0837452384,,,02-450-7873,서울특별시 광진구청,2025-12-23
구의2동633,1,,서울특별시 광진구 구의동 60-69,37.54855639,127.0915016,,한전주,02-450-7873,서울특별시 광진구청,2025-12-23
구의2동634,1,,서울특별시 광진구 구의동 60-63,37.5482608796,127.0915806,,전용주,02-450-7873,서울특별시 광진구청,2025-12-23
구의2동635,1,,서울특별시 광진구 구의동 72-30,37.54839117,127.0907866,,건축물,02-450-7873,서울특별시 광진구청,2025-12-23
구의2동636,1,,서울특별시 광진구 구의2동 63-20,37.5477465,127.0905279,,한전주,02-450-7873,서울특별시 광진구청,2025-12-23
구의2동637,1,,서울특별시 광진구 구의2동 113,37.547562,127.0907868,,한전주,02-450-7873,서울특별시 광진구청,2025-12-23
구의2동638,1,,서울특별시 광진구 구의2동 광진초 정문,37.5474791,127.0909046,,한전주,02-450-7873,서울특별시 광진구청,2025-12-23
구의2동639,1,,서울특별시 광진구 구의2동 광진초,37.5473809,127.0910303,,전용주,02-450-7873,서울특별시 광진구청,2025-12-23
구의2동640,1,,서울특별시 광진구 구의동 61-39,37.54712085,127.0907754,,건축물,02-450-7873,서울특별시 광진구청,2025-12-23
구의2동642,1,,서울특별시 광진구 구의2동 60-88,37.5470512,127.0915096,,한전주,02-450-7873,서울특별시 광진구청,2025-12-23
구의2동643,1,,서울특별시 광진구 구의2동 60-52,37.547133,127.0915992,,전용주,02-450-7873,서울특별시 광진구청,2025-12-23
구의2동644,1,,서울특별시 광진구 구의동 60-92,37.5471983564,127.0916761505,,건축물,02-450-7873,서울특별시 광진구청,2025-12-23
구의2동645,1,,서울특별시 광진구 구의동 60-33,37.5476724614,127.0920242503,,건축물,02-450-7873,서울특별시 광진구청,2025-12-23
구의2동646,1,,서울특별시 광진구 구의2동 60-5,37.5479561,127.0920079,,,02-450-7873,서울특별시 광진구청,2025-12-23
구의2동647,1,,서울특별시 광진구 구의동 60-29,37.54780217,127.091900786,,건축물,02-450-7873,서울특별시 광진구청,2025-12-23
구의2동648,1,,서울특별시 광진구 구의2동 60-56,37.5473523,127.0919926,,한전주,02-450-7873,서울특별시 광진구청,2025-12-23
구의2동649,1,,서울특별시 광진구 구의동 668-7,37.5461394406,127.091397488,,한전주,02-450-7873,서울특별시 광진구청,2025-12-23
구의2동650,1,,서울특별시 광진구 구의동 61-21,37.54651217,127.0913738,,한전주,02-450-7873,서울특별시 광진구청,2025-12-23
구의2동651,1,,서울특별시 광진구 구의동 61-36,37.5466126271,127.0910811171,,한전주,02-450-7873,서울특별시 광진구청,2025-12-23
구의2동652,1,,서울특별시 광진구 구의동 61-6,37.54695895,127.0911086,,건축물,02-450-7873,서울특별시 광진구청,2025-12-23
구의2동653,1,,서울특별시 광진구 구의동 61-25,37.54674125,127.090776,,전용주,02-450-7873,서울특별시 광진구청,2025-12-23
구의2동654,1,,서울특별시 광진구 구의동 61-25,37.54675017,127.090776,,한전주,02-450-7873,서울특별시 광진구청,2025-12-23
구의2동655,1,,서울특별시 광진구 구의동 61-12,37.5467695085,127.0901188804,,,02-450-7873,서울특별시 광진구청,2025-12-23
구의2동656,1,,서울특별시 광진구 중곡동 275-11,37.5586835155,127.0837452384,,,02-450-7873,서울특별시 광진구청,2025-12-23
구의2동657,1,,서울특별시 광진구 구의동 61-31,37.5469608692,127.090369535,,한전주,02-450-7873,서울특별시 광진구청,2025-12-23
구의2동658,1,,서울특별시 광진구 구의동 63-29,37.5469508216,127.0900516302,,전용주,02-450-7873,서울특별시 광진구청,2025-12-23
구의2동659,1,,서울특별시 광진구 구의동 61-7,37.54718117,127.0905272,,,02-450-7873,서울특별시 광진구청,2025-12-23
구의2동660,1,,서울특별시 광진구 구의동 61-16,37.54729817,127.0906544394,,한전주,02-450-7873,서울특별시 광진구청,2025-12-23
구의2동661,1,,서울특별시 광진구 구의동 63-22,37.54745281,127.0902552,,건축물,02-450-7873,서울특별시 광진구청,2025-12-23
구의2동662,1,,서울특별시 광진구 구의동 64-13,37.54724588,127.0895936,,한전주,02-450-7873,서울특별시 광진구청,2025-12-23
구의2동663,1,,서울특별시 광진구 구의동 64-18,37.54696317,127.0891876,,한전주,02-450-7873,서울특별시 광진구청,2025-12-23
구의2동664,1,,서울특별시 광진구 구의동 63-13,37.5468473,127.0893276,,한전주,02-450-7873,서울특별시 광진구청,2025-12-23
구의2동665,1,,서울특별시 광진구 구의동 64-18,37.54697717,127.0891376,,한전주,02-450-7873,서울특별시 광진구청,2025-12-23
구의2동666,1,,서울특별시 광진구 구의동 65-2,37.54663617,127.0887901,,한전주,02-450-7873,서울특별시 광진구청,2025-12-23
구의2동667,1,,서울특별시 광진구 구의동 65-6,37.54626408,127.0884027,,한전주,02-450-7873,서울특별시 광진구청,2025-12-23
구의2동668,1,,서울특별시 광진구 구의동 65-8,37.54613217,127.0882616,,한전주,02-450-7873,서울특별시 광진구청,2025-12-23
구의2동669,1,,서울특별시 광진구 구의동 65-10,37.54597417,127.0880836,,한전주,02-450-7873,서울특별시 광진구청,2025-12-23
구의2동670,1,,서울특별시 광진구 구의동 65-10,37.54597917,127.0880356,,,02-450-7873,서울특별시 광진구청,2025-12-23
구의2동671,1,,서울특별시 광진구 구의동 66-74,37.5456775703,127.088112849,,한전주,02-450-7873,서울특별시 광진구청,2025-12-23
구의2동672,1,,서울특별시 광진구 구의2동 132-1,37.5455876,127.0876398,,한전주,02-450-7873,서울특별시 광진구청,2025-12-23
구의2동673,1,,서울특별시 광진구 구의동 66-111,37.54541535,127.0877156,,건축물,02-450-7873,서울특별시 광진구청,2025-12-23
구의2동673,1,,서울특별시 광진구 구의동 63-5,37.5472035324,127.0903379165,,,02-450-7873,서울특별시 광진구청,2025-12-23
구의2동674,1,,서울특별시 광진구 구의동 67-7,37.54538217,127.0872133,,한전주,02-450-7873,서울특별시 광진구청,2025-12-23
구의2동675,1,,서울특별시 광진구 구의동 66-65,37.5451740106,127.0879896,,,02-450-7873,서울특별시 광진구청,2025-12-23
구의2동676,1,,서울특별시 광진구 구의동 66-71,37.5455358893,127.088324414,,한전주,02-450-7873,서울특별시 광진구청,2025-12-23
구의2동677,1,,서울특별시 광진구 구의동 66-70,37.5454558468,127.0883736,,건축물,02-450-7873,서울특별시 광진구청,2025-12-23
구의2동678,1,,서울특별시 광진구 구의동 66-62,37.54514716,127.0884396,,건축물,02-450-7873,서울특별시 광진구청,2025-12-23
구의2동679,1,,서울특별시 광진구 구의동 671,37.5454667092,127.0887976253,,건축물,02-450-7873,서울특별시 광진구청,2025-12-23
구의2동680,1,,서울특별시 광진구 구의동 66-61,37.54517717,127.0886607,,건축물,02-450-7873,서울특별시 광진구청,2025-12-23
구의2동682,1,,서울특별시 광진구 구의동 66-123,37.5451687,127.0890571,,건축물,02-450-7873,서울특별시 광진구청,2025-12-23
구의2동683,1,,서울특별시 광진구 구의동 66-123,37.5451687,127.0890571,,건축물,02-450-7873,서울특별시 광진구청,2025-12-23
구의2동684,1,,서울특별시 광진구 구의동 66-123,37.5451687,127.0890796,,건축물,02-450-7873,서울특별시 광진구청,2025-12-23
구의2동686,1,,서울특별시 광진구 중곡동 275-11,37.5586835155,127.0837452384,,,02-450-7873,서울특별시 광진구청,2025-12-23
구의2동687,1,,서울특별시 광진구 능동 18-14,37.5520117025,127.0787723914,,전용주,02-450-7873,서울특별시 광진구청,2025-12-23
구의2동688,1,,서울특별시 광진구 구의동 620-6,37.54597717,127.0856618432,,전용주,02-450-7873,서울특별시 광진구청,2025-12-23
구의2동689,1,,서울특별시 광진구 구의동 80-34,37.54580265,127.0857597,,전용주,02-450-7873,서울특별시 광진구청,2025-12-23
구의2동690,1,,서울특별시 광진구 구의동 620-13,37.54606717,127.0860587655,,한전주,02-450-7873,서울특별시 광진구청,2025-12-23
구의2동691,1,,서울특별시 광진구 구의동 80-29,37.54626389,127.0863486,,한전주,02-450-7873,서울특별시 광진구청,2025-12-23
구의2동692,1,,서울특별시 광진구 구의동 80-29,37.54626389,127.086351,,한전주,02-450-7873,서울특별시 광진구청,2025-12-23
구의2동694,1,,서울특별시 광진구 중곡동 275-11,37.5586835155,127.0837452384,,,02-450-7873,서울특별시 광진구청,2025-12-23
구의2동695,1,,서울특별시 광진구 중곡동 275-11,37.5586835155,127.0837452384,,,02-450-7873,서울특별시 광진구청,2025-12-23
구의2동696,1,,서울특별시 광진구 구의동 80-29,37.54626389,127.086351,,전용주,02-450-7873,서울특별시 광진구청,2025-12-23
구의2동697,1,,서울특별시 광진구 구의동 78-41,37.54934923,127.0894642,,전용주,02-450-7873,서울특별시 광진구청,2025-12-23
구의2동698,1,,서울특별시 광진구 구의동 70-15,37.54755399,127.0887247,,건축물,02-450-7873,서울특별시 광진구청,2025-12-23
구의2동699,1,,서울특별시 광진구 중곡동 275-11,37.5586835155,127.0837452384,,,02-450-7873,서울특별시 광진구청,2025-12-23
구의2동700,1,,서울특별시 광진구 구의동 73-20,37.5494067,127.0907346967,,,02-450-7873,서울특별시 광진구청,2025-12-23
구의2동701,1,,서울특별시 광진구 구의동 60-23,37.547983,127.0916404,,,02-450-7873,서울특별시 광진구청,2025-12-23
구의2동702,1,,서울특별시 광진구 중곡동 275-11,37.5586835155,127.0837452384,,,02-450-7873,서울특별시 광진구청,2025-12-23
구의2동703,1,,서울특별시 광진구 구의동 554-6,37.5553795,127.0944993817,,,02-450-7873,서울특별시 광진구청,2025-12-23
구의2동704,1,,서울특별시 광진구 중곡동 275-11,37.5586835155,127.0837452384,,,02-450-7873,서울특별시 광진구청,2025-12-23
구의2동705,1,,서울특별시 광진구 구의동 32ㅡ4,37.5529755,127.0940631,,건축물,02-450-7873,서울특별시 광진구청,2025-12-23
구의2동706,1,,서울특별시 광진구 중곡동 275-11,37.5586835155,127.0837452384,,,02-450-7873,서울특별시 광진구청,2025-12-23
구의2동707,1,,서울특별시 광진구 구의동 59-11,37.54872682,127.0922427,,,02-450-7873,서울특별시 광진구청,2025-12-23
구의2동747,1,,서울특별시 광진구 구의동 25-20,37.55319223,127.0945754,,건축물,02-450-7873,서울특별시 광진구청,2025-12-23
구의2동748,1,,서울특별시 광진구 구의동 15-1,37.5536068197,127.0955669299,,,02-450-7873,서울특별시 광진구청,2025-12-23
구의2동750,1,,서울특별시 광진구 중곡동 275-11,37.5586835155,127.0837452384,,,02-450-7873,서울특별시 광진구청,2025-12-23
구의2동751,1,,서울특별시 광진구 중곡동 275-11,37.5586835155,127.0837452384,,,02-450-7873,서울특별시 광진구청,2025-12-23
구의2동753,1,,서울특별시 광진구 구의동 86-2,37.5515032396,127.0943307727,,,02-450-7873,서울특별시 광진구청,2025-12-23
구의2동755,1,,서울특별시 광진구 구의2동 114,37.551880,127.094864,,,02-450-7873,서울특별시 광진구청,2025-12-23
구의2동756,1,,서울특별시 광진구 구의동 24-12,37.552583,127.0949258,,,02-450-7873,서울특별시 광진구청,2025-12-23
구의2동757,1,,서울특별시 광진구 구의동 57-44,37.5501815685,127.0922506966,,,02-450-7873,서울특별시 광진구청,2025-12-23
구의2동758,1,,서울특별시 광진구 구의동 58ㅡ6-1,37.5502662,127.0934085,,한전주,02-450-7873,서울특별시 광진구청,2025-12-23
구의2동759,1,,서울특별시 광진구 구의동 40-2,37.5486870287,127.0938003391,,한전주,02-450-7873,서울특별시 광진구청,2025-12-23
구의2동760,1,,서울특별시 광진구 구의동 60-5,37.5477840585,127.091965183,,한전주,02-450-7873,서울특별시 광진구청,2025-12-23
구의2동762,1,,서울특별시 광진구 구의동 45-1,37.5513881971,127.0943859,,,02-450-7873,서울특별시 광진구청,2025-12-23
구의2동766,1,,서울특별시 광진구 구의동 79-7,37.54877181,127.0886778,,,02-450-7873,서울특별시 광진구청,2025-12-23
구의2동767,1,,서울특별시 광진구 구의동 23-5,37.5528345658,127.0960765152,,,02-450-7873,서울특별시 광진구청,2025-12-23
구의2동768,1,,서울특별시 광진구 구의동 33-60,37.55174571,127.0933094,,,02-450-7873,서울특별시 광진구청,2025-12-23
구의2동769,1,,서울특별시 광진구 구의동 63-21,37.54754227,127.0901517,,,02-450-7873,서울특별시 광진구청,2025-12-23
구의2동770,1,,서울특별시 광진구 구의동 68-17,37.54594426,127.0868996,,한전주,02-450-7873,서울특별시 광진구청,2025-12-23
구의2동771,1,,서울특별시 광진구 구의동 43-22,37.550041687,127.0954785868,,,02-450-7873,서울특별시 광진구청,2025-12-23
구의2동772,1,,서울특별시 광진구 구의동 56-21,37.55047606,127.0933405,,,02-450-7873,서울특별시 광진구청,2025-12-23
구의2동773,1,,서울특별시 광진구 구의동 60-61,37.5481314403,127.0908115,,,02-450-7873,서울특별시 광진구청,2025-12-23
구의2동774,1,,서울특별시 광진구 구의동 79-23,37.54796344,127.0879499,,,02-450-7873,서울특별시 광진구청,2025-12-23
구의3동001,1,,서울특별시 광진구 구의동 227-21,37.5437287573,127.0907854407,,한전주,02-450-7873,서울특별시 광진구청,2025-12-23
구의3동002,1,,서울특별시 광진구 구의동 228-4,37.54410317,127.0909336,,건축물,02-450-7873,서울특별시 광진구청,2025-12-23
구의3동003,1,,서울특별시 광진구 구의동 228-8,37.54388323,127.0912536,,건축물,02-450-7873,서울특별시 광진구청,2025-12-23
구의3동004,1,,서울특별시 광진구 구의동 228-9,37.5438357893,127.0913781673,,한전주,02-450-7873,서울특별시 광진구청,2025-12-23
구의3동005,1,,서울특별시 광진구 구의동 228-9,37.5438357893,127.0913781673,,한전주,02-450-7873,서울특별시 광진구청,2025-12-23
구의3동006,1,,서울특별시 광진구 구의동 228-4,37.5441486479,127.0909870285,,건축물,02-450-7873,서울특별시 광진구청,2025-12-23
구의3동007,1,,서울특별시 광진구 구의동 228-4,37.5441486479,127.0909870285,,전용주,02-450-7873,서울특별시 광진구청,2025-12-23
구의3동008,1,,서울특별시 광진구 구의동 664-1,37.54323072,127.0912037,,한전주,02-450-7873,서울특별시 광진구청,2025-12-23
구의3동009,1,,서울특별시 광진구 구의동 227-13,37.5429034,127.0911933,,한전주,02-450-7873,서울특별시 광진구청,2025-12-23
구의3동010,1,,서울특별시 광진구 구의동 224-1,37.54253783,127.0910072,,한전주,02-450-7873,서울특별시 광진구청,2025-12-23
구의3동011,1,,서울특별시 광진구 구의동 227-14,37.54286017,127.0908136,,한전주,02-450-7873,서울특별시 광진구청,2025-12-23
구의3동012,1,,서울특별시 광진구 구의동 227-19,37.54286132,127.0903186,,한전주,02-450-7873,서울특별시 광진구청,2025-12-23
구의3동013,1,,서울특별시 광진구 구의동 227-38,37.54307009,127.0906035,,,02-450-7873,서울특별시 광진구청,2025-12-23
구의3동014,1,,서울특별시 광진구 구의동 227-28,37.54298075,127.0909019,,전용주,02-450-7873,서울특별시 광진구청,2025-12-23
구의3동015,1,,서울특별시 광진구 구의동 227-39,37.543115373,127.0904123049,,한전주,02-450-7873,서울특별시 광진구청,2025-12-23
구의3동016,1,,서울특별시 광진구 구의동 227-41,37.54336085,127.0904727,,한전주,02-450-7873,서울특별시 광진구청,2025-12-23
구의3동017,1,,서울특별시 광진구 구의동 227-21,37.54377917,127.0907026,,한전주,02-450-7873,서울특별시 광진구청,2025-12-23
구의3동018,1,,서울특별시 광진구 구의동 227-43,37.54359804,127.0905006,,한전주,02-450-7873,서울특별시 광진구청,2025-12-23
구의3동019,1,,서울특별시 광진구 구의동 227-41,37.54336085,127.0904306,,한전주,02-450-7873,서울특별시 광진구청,2025-12-23
구의3동020,1,,서울특별시 광진구 구의동 227-40,37.54327317,127.0904481,,한전주,02-450-7873,서울특별시 광진구청,2025-12-23
구의3동021,1,,서울특별시 광진구 구의동 224-65,37.54278517,127.0903113,,한전주,02-450-7873,서울특별시 광진구청,2025-12-23
구의3동022,1,,서울특별시 광진구 구의동 224-68,37.5421385877,127.0901816,,한전주,02-450-7873,서울특별시 광진구청,2025-12-23
구의3동023,1,,서울특별시 광진구 구의동 224-41,37.54229217,127.0905353707,,,02-450-7873,서울특별시 광진구청,2025-12-23
구의3동024,1,,서울특별시 광진구 구의동 224-49,37.54206407,127.0906336,,한전주,02-450-7873,서울특별시 광진구청,2025-12-23
구의3동025,1,,서울특별시 광진구 구의동 224-50,37.5419595725,127.0906454752,,전용주,02-450-7873,서울특별시 광진구청,2025-12-23
구의3동026,1,,서울특별시 광진구 구의동 224-40,37.54247017,127.0905792,,건축물,02-450-7873,서울특별시 광진구청,2025-12-23
구의3동027,1,,서울특별시 광진구 구의동 224-58,37.54164551,127.0908226,,,02-450-7873,서울특별시 광진구청,2025-12-23
구의3동028,1,,서울특별시 광진구 구의동 224-53,37.54201899,127.0909286,,한전주,02-450-7873,서울특별시 광진구청,2025-12-23
구의3동029,1,,서울특별시 광진구 구의동 224-34,37.54238745,127.0908919,,건축물,02-450-7873,서울특별시 광진구청,2025-12-23
구의3동030,1,,서울특별시 광진구 구의동 224-33,37.5422497777,127.0910056543,,건축물,02-450-7873,서울특별시 광진구청,2025-12-23
구의3동031,1,,서울특별시 광진구 구의동 224-8,37.5421814,127.0911796,,한전주,02-450-7873,서울특별시 광진구청,2025-12-23
구의3동032,1,,서울특별시 광진구 구의동 224-54,37.54199961,127.0910729,,한전주,02-450-7873,서울특별시 광진구청,2025-12-23
구의3동033,1,,서울특별시 광진구 구의동 224-55,37.54189105,127.0910581,,한전주,02-450-7873,서울특별시 광진구청,2025-12-23
구의3동034,1,,서울특별시 광진구 구의동 208-26,37.5415141545,127.091183767,,,02-450-7873,서울특별시 광진구청,2025-12-23
구의3동035,1,,서울특별시 광진구 구의동 209-14,37.54136649,127.0910226,,한전주,02-450-7873,서울특별시 광진구청,2025-12-23
구의3동036,1,,서울특별시 광진구 구의동 223-31,37.541373326,127.0907187669,,한전주,02-450-7873,서울특별시 광진구청,2025-12-23
구의3동037,1,,서울특별시 광진구 구의동 223-45,37.54138687,127.0902133,,한전주,02-450-7873,서울특별시 광진구청,2025-12-23
구의3동038,1,,서울특별시 광진구 구의동 224-27,37.54164517,127.0900236,,한전주,02-450-7873,서울특별시 광진구청,2025-12-23
구의3동039,1,,서울특별시 광진구 구의동 224-15,37.54176331,127.0900888,,한전주,02-450-7873,서울특별시 광진구청,2025-12-23
구의3동040,1,,서울특별시 광진구 구의동 224-18,37.54171006,127.0904656,,한전주,02-450-7873,서울특별시 광진구청,2025-12-23
구의3동041,1,,서울특별시 광진구 구의동 223-53,37.54075652,127.089869952,,건축물,02-450-7873,서울특별시 광진구청,2025-12-23
구의3동042,1,,서울특별시 광진구 구의동 223-50,37.5407185377,127.0900541163,,한전주,02-450-7873,서울특별시 광진구청,2025-12-23
구의3동043,1,,서울특별시 광진구 구의동 223-69,37.5410317772,127.0903398612,,전용주,02-450-7873,서울특별시 광진구청,2025-12-23
구의3동044,1,,서울특별시 광진구 구의동 223-46,37.54126017,127.0901821,,한전주,02-450-7873,서울특별시 광진구청,2025-12-23
구의3동045,1,,서울특별시 광진구 구의동 223-29,37.54117585,127.0906416,,한전주,02-450-7873,서울특별시 광진구청,2025-12-23
구의3동046,1,,서울특별시 광진구 구의동 223-27,37.54096717,127.0906272844,,한전주,02-450-7873,서울특별시 광진구청,2025-12-23
구의3동047,1,,서울특별시 광진구 구의동 223-26,37.54094817,127.0907986,,한전주,02-450-7873,서울특별시 광진구청,2025-12-23
구의3동048,1,,서울특별시 광진구 구의동 209-59,37.54096389,127.0909166,,전용주,02-450-7873,서울특별시 광진구청,2025-12-23
구의3동049,1,,서울특별시 광진구 구의동 209-57,37.54119713,127.0910123,,,02-450-7873,서울특별시 광진구청,2025-12-23
구의3동050,1,,서울특별시 광진구 구의동 223-4,37.5406400518,127.0906545139,,한전주,02-450-7873,서울특별시 광진구청,2025-12-23
구의3동051,1,,서울특별시 광진구 구의동 209-17,37.54059621,127.0909526,,건축물,02-450-7873,서울특별시 광진구청,2025-12-23
구의3동052,1,,서울특별시 광진구 구의동 223-13,37.5402867348,127.0905826883,,한전주,02-450-7873,서울특별시 광진구청,2025-12-23
구의3동053,1,,서울특별시 광진구 구의동 223-19,37.5400568383,127.0905323978,,한전주,02-450-7873,서울특별시 광진구청,2025-12-23
구의3동054,1,,서울특별시 광진구 구의동 220-58,37.53989704,127.0904849,,한전주,02-450-7873,서울특별시 광진구청,2025-12-23
구의3동055,1,,서울특별시 광진구 구의동 220-55,37.539881144,127.0902961549,,한전주,02-450-7873,서울특별시 광진구청,2025-12-23
구의3동056,1,,서울특별시 광진구 구의동 223-17,37.54020971,127.0904166,,건축물,02-450-7873,서울특별시 광진구청,2025-12-23
구의3동057,1,,서울특별시 광진구 구의동 220-53,37.53988817,127.0900937,,전용주,02-450-7873,서울특별시 광진구청,2025-12-23
구의3동058,1,,서울특별시 광진구 구의동 220-1,37.53997048,127.0901202,,한전주,02-450-7873,서울특별시 광진구청,2025-12-23
구의3동059,1,,서울특별시 광진구 구의동 223-60,37.54015094,127.0901086,,,02-450-7873,서울특별시 광진구청,2025-12-23
구의3동060,1,,서울특별시 광진구 구의동 223-62,37.54047134,127.0900066,,한전주,02-450-7873,서울특별시 광진구청,2025-12-23
구의3동061,1,,서울특별시 광진구 구의동 220-5,37.53978317,127.0899778,,전용주,02-450-7873,서울특별시 광진구청,2025-12-23
구의3동064,1,,서울특별시 광진구 구의동 244-14,37.5387751,127.0894406,,한전주,02-450-7873,서울특별시 광진구청,2025-12-23
구의3동065,1,,서울특별시 광진구 구의동 220-22,37.53913117,127.0900636,,한전주,02-450-7873,서울특별시 광진구청,2025-12-23
구의3동066,1,,서울특별시 광진구 구의동 220-26,37.53933235,127.0899478892,,건축물,02-450-7873,서울특별시 광진구청,2025-12-23
구의3동067,1,,서울특별시 광진구 구의동 220-22,37.53911017,127.0900907713,,한전주,02-450-7873,서울특별시 광진구청,2025-12-23
구의3동068,1,,서울특별시 광진구 구의동 220-15,37.53918863,127.0904036,,건축물,02-450-7873,서울특별시 광진구청,2025-12-23
구의3동069,1,,서울특별시 광진구 구의동 220-50,37.53956717,127.0904326,,한전주,02-450-7873,서울특별시 광진구청,2025-12-23
구의3동070,1,,서울특별시 광진구 구의동 220-46,37.5395653833,127.0900081486,,한전주,02-450-7873,서울특별시 광진구청,2025-12-23
구의3동071,1,,서울특별시 광진구 구의동 220-44,37.53975217,127.0901446,,전용주,02-450-7873,서울특별시 광진구청,2025-12-23
구의3동072,1,,서울특별시 광진구 구의동 220-42,37.53968615,127.0904308,,전용주,02-450-7873,서울특별시 광진구청,2025-12-23
구의3동073,1,,서울특별시 광진구 구의동 220-12,37.53969917,127.0905676,,한전주,02-450-7873,서울특별시 광진구청,2025-12-23
구의3동074,1,,서울특별시 광진구 구의동 220-51,37.53949538,127.0905927,,한전주,02-450-7873,서울특별시 광진구청,2025-12-23
구의3동075,1,,서울특별시 광진구 구의동 220-52,37.5392127381,127.0905346,,한전주,02-450-7873,서울특별시 광진구청,2025-12-23
구의3동076,1,,서울특별시 광진구 구의동 219-25,37.53872917,127.0911738,,한전주,02-450-7873,서울특별시 광진구청,2025-12-23
구의3동077,1,,서울특별시 광진구 구의동 244-6,37.53856199,127.090880,,건축물,02-450-7873,서울특별시 광진구청,2025-12-23
구의3동078,1,,서울특별시 광진구 구의동 210-57,37.53935417,127.0910252853,,한전주,02-450-7873,서울특별시 광진구청,2025-12-23
구의3동079,1,,서울특별시 광진구 구의동 210-57,37.53937417,127.0910252853,,한전주,02-450-7873,서울특별시 광진구청,2025-12-23
구의3동080,1,,서울특별시 광진구 구의동 210-56,37.5394426375,127.0909873068,,,02-450-7873,서울특별시 광진구청,2025-12-23
구의3동081,1,,서울특별시 광진구 구의동 210-79,37.53962617,127.0911406,,한전주,02-450-7873,서울특별시 광진구청,2025-12-23
구의3동082,1,,서울특별시 광진구 구의동 210-45,37.53977617,127.0910806,,,02-450-7873,서울특별시 광진구청,2025-12-23
구의3동083,1,,서울특별시 광진구 구의동 210-44,37.53974037,127.0907844,,건축물,02-450-7873,서울특별시 광진구청,2025-12-23
구의3동084,1,,서울특별시 광진구 구의동 219-17,37.53892729,127.0916536,,한전주,02-450-7873,서울특별시 광진구청,2025-12-23
구의3동085,1,,서울특별시 광진구 구의동 210-23,37.53945817,127.0915256,,한전주,02-450-7873,서울특별시 광진구청,2025-12-23
구의3동086,1,,서울특별시 광진구 구의동 210-49,37.53964517,127.0913409,,한전주,02-450-7873,서울특별시 광진구청,2025-12-23
구의3동087,1,,서울특별시 광진구 구의동 210-88,37.53995243,127.091448,,한전주,02-450-7873,서울특별시 광진구청,2025-12-23
구의3동088,1,,서울특별시 광진구 구의동 210-37,37.5398014478,127.0912958493,,한전주,02-450-7873,서울특별시 광진구청,2025-12-23
구의3동089,1,,서울특별시 광진구 구의동 210-67,37.5398981499,127.0909970373,,,02-450-7873,서울특별시 광진구청,2025-12-23
구의3동090,1,,서울특별시 광진구 구의동 210-61,37.5400944034,127.0917085255,,한전주,02-450-7873,서울특별시 광진구청,2025-12-23
구의3동091,1,,서울특별시 광진구 구의동 210-16,37.54028776,127.0917058,,건축물,02-450-7873,서울특별시 광진구청,2025-12-23
구의3동092,1,,서울특별시 광진구 구의동 210-14,37.54048117,127.0917776,,한전주,02-450-7873,서울특별시 광진구청,2025-12-23
구의3동093,1,,서울특별시 광진구 구의동 210-27,37.5402227,127.0913876,,한전주,02-450-7873,서울특별시 광진구청,2025-12-23
구의3동094,1,,서울특별시 광진구 구의동 210-31,37.5401388706,127.0912978448,,한전주,02-450-7873,서울특별시 광진구청,2025-12-23
구의3동095,1,,서울특별시 광진구 구의동 210-39,37.5400601888,127.0909794578,,건축물,02-450-7873,서울특별시 광진구청,2025-12-23
구의3동096,1,,서울특별시 광진구 구의동 209-45,37.54016217,127.0907806,,건축물,02-450-7873,서울특별시 광진구청,2025-12-23
구의3동097,1,,서울특별시 광진구 구의동 210-91,37.5398693,127.0907039,,한전주,02-450-7873,서울특별시 광진구청,2025-12-23
구의3동098,1,,서울특별시 광진구 구의동 209-81,37.54038215,127.0910532,,,02-450-7873,서울특별시 광진구청,2025-12-23
구의3동099,1,,서울특별시 광진구 구의동 209-27,37.54045717,127.0913124,,한전주,02-450-7873,서울특별시 광진구청,2025-12-23
구의3동100,1,,서울특별시 광진구 구의동 209-35,37.54047703,127.0910996,,,02-450-7873,서울특별시 광진구청,2025-12-23
구의3동101,1,,서울특별시 광진구 구의동 209-32,37.5405648388,127.0910962769,,건축물,02-450-7873,서울특별시 광진구청,2025-12-23
구의3동102,1,,서울특별시 광진구 구의동 209-4,37.54066417,127.0917391,,한전주,02-450-7873,서울특별시 광진구청,2025-12-23
구의3동103,1,,서울특별시 광진구 구의동 209-78,37.5407947255,127.091856593,,한전주,02-450-7873,서울특별시 광진구청,2025-12-23
구의3동104,1,,서울특별시 광진구 구의동 209-10,37.54094789,127.0916375,,,02-450-7873,서울특별시 광진구청,2025-12-23
구의3동105,1,,서울특별시 광진구 구의동 209-52,37.5411987273,127.0918016,,건축물,02-450-7873,서울특별시 광진구청,2025-12-23
구의3동106,1,,서울특별시 광진구 구의동 209-7,37.5412711029,127.0917646,,한전주,02-450-7873,서울특별시 광진구청,2025-12-23
구의3동107,1,,서울특별시 광진구 구의동 208-43,37.54146422,127.0914456,,한전주,02-450-7873,서울특별시 광진구청,2025-12-23
구의3동108,1,,서울특별시 광진구 구의동 209-69,37.541320885,127.0911903208,,전용주,02-450-7873,서울특별시 광진구청,2025-12-23
구의3동109,1,,서울특별시 광진구 구의동 209-71,37.54116017,127.0914357125,,한전주,02-450-7873,서울특별시 광진구청,2025-12-23
구의3동110,1,,서울특별시 광진구 구의동 209-20,37.54066543,127.0911613,,한전주,02-450-7873,서울특별시 광진구청,2025-12-23
구의3동111,1,,서울특별시 광진구 구의동 209-2,37.54124254,127.0919436,,한전주,02-450-7873,서울특별시 광진구청,2025-12-23
구의3동112,1,,서울특별시 광진구 구의동 208-22,37.54175917,127.0913336,,건축물,02-450-7873,서울특별시 광진구청,2025-12-23
구의3동113,1,,서울특별시 광진구 구의동 208-22,37.54174617,127.0913069,,건축물,02-450-7873,서울특별시 광진구청,2025-12-23
구의3동114,1,,서울특별시 광진구 구의동 208-80,37.54208317,127.0914346,,한전주,02-450-7873,서울특별시 광진구청,2025-12-23
구의3동115,1,,서울특별시 광진구 구의동 208-21,37.54205917,127.0919087906,,한전주,02-450-7873,서울특별시 광진구청,2025-12-23
구의3동116,1,,서울특별시 광진구 구의동 208-12,37.54234386,127.0913266,,한전주,02-450-7873,서울특별시 광진구청,2025-12-23
구의3동117,1,,서울특별시 광진구 구의동 208-12,37.54234386,127.0913266,,전용주,02-450-7873,서울특별시 광진구청,2025-12-23
구의3동118,1,,서울특별시 광진구 구의동 208-15,37.54225797,127.0917089,,한전주,02-450-7873,서울특별시 광진구청,2025-12-23
구의3동119,1,,서울특별시 광진구 구의동 208-9,37.54249905,127.0915106,,한전주,02-450-7873,서울특별시 광진구청,2025-12-23
구의3동120,1,,서울특별시 광진구 구의동 208-6,37.54246375,127.091722,,한전주,02-450-7873,서울특별시 광진구청,2025-12-23
구의3동121,1,,서울특별시 광진구 구의동 208-17,37.54252717,127.0919716,,한전주,02-450-7873,서울특별시 광진구청,2025-12-23
구의3동122,1,,서울특별시 광진구 구의동 208-63,37.5421644,127.0918826,,건축물,02-450-7873,서울특별시 광진구청,2025-12-23
구의3동123,1,,서울특별시 광진구 구의동 208-1,37.5422613297,127.0922581632,,한전주,02-450-7873,서울특별시 광진구청,2025-12-23
구의3동125,1,,서울특별시 광진구 구의동 203-30,37.54388917,127.0917642,,건축물,02-450-7873,서울특별시 광진구청,2025-12-23
구의3동126,1,,서울특별시 광진구 구의동 203-21,37.54388717,127.0919946,,,02-450-7873,서울특별시 광진구청,2025-12-23
구의3동127,1,,서울특별시 광진구 구의동 203-19,37.5436497955,127.0919346,,한전주,02-450-7873,서울특별시 광진구청,2025-12-23
구의3동128,1,,서울특별시 광진구 구의동 204-34,37.5435669,127.0918741,,전용주,02-450-7873,서울특별시 광진구청,2025-12-23
구의3동129,1,,서울특별시 광진구 구의동 203-13,37.5435260021,127.0923351961,,한전주,02-450-7873,서울특별시 광진구청,2025-12-23
구의3동130,1,,서울특별시 광진구 구의동 203-15,37.54367536,127.0922816,,건축물,02-450-7873,서울특별시 광진구청,2025-12-23
구의3동131,1,,서울특별시 광진구 구의동 203-9,37.54362958,127.0927866,,한전주,02-450-7873,서울특별시 광진구청,2025-12-23
구의3동132,1,,서울특별시 광진구 구의동 204-32,37.54302702,127.0923453,,한전주,02-450-7873,서울특별시 광진구청,2025-12-23
구의3동133,1,,서울특별시 광진구 구의동 204-32,37.54307317,127.0923453,,한전주,02-450-7873,서울특별시 광진구청,2025-12-23
구의3동134,1,,서울특별시 광진구 구의동 204-8,37.54284142,127.092347,,한전주,02-450-7873,서울특별시 광진구청,2025-12-23
구의3동135,1,,서울특별시 광진구 구의동 204-42,37.54269359,127.0919386,,한전주,02-450-7873,서울특별시 광진구청,2025-12-23
구의3동136,1,,서울특별시 광진구 구의동 208-1,37.5422613297,127.0922581632,,한전주,02-450-7873,서울특별시 광진구청,2025-12-23
구의3동137,1,,서울특별시 광진구 구의동 208-3,37.54205656,127.0922285,,한전주,02-450-7873,서울특별시 광진구청,2025-12-23
구의3동138,1,,서울특별시 광진구 구의동 207-2,37.5419895939,127.0924813054,,,02-450-7873,서울특별시 광진구청,2025-12-23
구의3동139,1,,서울특별시 광진구 구의동 207-31,37.54179717,127.0924454,,한전주,02-450-7873,서울특별시 광진구청,2025-12-23
구의3동140,1,,서울특별시 광진구 구의동 207-9,37.54163417,127.0924756,,한전주,02-450-7873,서울특별시 광진구청,2025-12-23
구의3동141,1,,서울특별시 광진구 구의동 207-30,37.5416698877,127.0927256,,건축물,02-450-7873,서울특별시 광진구청,2025-12-23
구의3동142,1,,서울특별시 광진구 구의동 208-52,37.54150324,127.0921321,,한전주,02-450-7873,서울특별시 광진구청,2025-12-23
구의3동143,1,,서울특별시 광진구 구의동 208-52,37.54150324,127.0921096,,,02-450-7873,서울특별시 광진구청,2025-12-23
구의3동144,1,,서울특별시 광진구 구의동 208-47,37.54170444,127.0917782,,,02-450-7873,서울특별시 광진구청,2025-12-23
구의3동145,1,,서울특별시 광진구 구의동 208-47,37.54175117,127.0917782,,,02-450-7873,서울특별시 광진구청,2025-12-23
구의3동146,1,,서울특별시 광진구 구의동 208-67,37.54145098,127.0916676,,전용주,02-450-7873,서울특별시 광진구청,2025-12-23
구의3동147,1,,서울특별시 광진구 구의동 207-49,37.5413377828,127.092632124,,,02-450-7873,서울특별시 광진구청,2025-12-23
구의3동148,1,,서울특별시 광진구 구의동 207-49,37.54135217,127.0926246,,,02-450-7873,서울특별시 광진구청,2025-12-23
구의3동149,1,,서울특별시 광진구 구의동 208-74,37.5413574823,127.0920976182,,건축물,02-450-7873,서울특별시 광진구청,2025-12-23
구의3동150,1,,서울특별시 광진구 구의동 209-77,37.54117117,127.0920788,,한전주,02-450-7873,서울특별시 광진구청,2025-12-23
구의3동151,1,,서울특별시 광진구 구의동 207-40,37.54085917,127.0922096,,한전주,02-450-7873,서울특별시 광진구청,2025-12-23
구의3동152,1,,서울특별시 광진구 구의동 210-2,37.5404576537,127.0919166,,한전주,02-450-7873,서울특별시 광진구청,2025-12-23
구의3동153,1,,서울특별시 광진구 구의동 210-2,37.54046717,127.0919786,,건축물,02-450-7873,서울특별시 광진구청,2025-12-23
구의3동154,1,,서울특별시 광진구 구의동 210-11,37.5400544295,127.0921324498,,한전주,02-450-7873,서울특별시 광진구청,2025-12-23
구의3동155,1,,서울특별시 광진구 구의동 659,37.5392438385,127.0920830247,,전용주,02-450-7873,서울특별시 광진구청,2025-12-23
구의3동156,1,,서울특별시 광진구 구의동 210-22,37.53966188,127.0918827,,한전주,02-450-7873,서울특별시 광진구청,2025-12-23
구의3동157,1,,서울특별시 광진구 구의동 219-35,37.53954209,127.0922286,,전용주,02-450-7873,서울특별시 광진구청,2025-12-23
구의3동158,1,,서울특별시 광진구 구의동 210-51,37.5397903863,127.0921968465,,한전주,02-450-7873,서울특별시 광진구청,2025-12-23
구의3동159,1,,서울특별시 광진구 구의동 210-11,37.5400544295,127.0921324498,,한전주,02-450-7873,서울특별시 광진구청,2025-12-23
구의3동160,1,,서울특별시 광진구 구의동 219-32,37.5396116516,127.0923971271,,한전주,02-450-7873,서울특별시 광진구청,2025-12-23
구의3동161,1,,서울특별시 광진구 구의동 219-27,37.53968117,127.0926186,,,02-450-7873,서울특별시 광진구청,2025-12-23
구의3동162,1,,서울특별시 광진구 구의동 210-82,37.54002717,127.0924946,,건축물,02-450-7873,서울특별시 광진구청,2025-12-23
구의3동163,1,,서울특별시 광진구 구의동 211-48,37.54017117,127.0927516,,한전주,02-450-7873,서울특별시 광진구청,2025-12-23
구의3동164,1,,서울특별시 광진구 구의동 212-17,37.53985517,127.0931087316,,한전주,02-450-7873,서울특별시 광진구청,2025-12-23
구의3동165,1,,서울특별시 광진구 구의동 210-6,37.54014639,127.0925916,,건축물,02-450-7873,서울특별시 광진구청,2025-12-23
구의3동166,1,,서울특별시 광진구 구의동 211-21,37.54045317,127.0924926,,한전주,02-450-7873,서울특별시 광진구청,2025-12-23
구의3동167,1,,서울특별시 광진구 구의동 211-53,37.54056317,127.0926563,,전용주,02-450-7873,서울특별시 광진구청,2025-12-23
구의3동168,1,,서울특별시 광진구 구의동 211-23,37.54067256,127.0923035,,한전주,02-450-7873,서울특별시 광진구청,2025-12-23
구의3동169,1,,서울특별시 광진구 구의동 211-17,37.54041156,127.0928564,,한전주,02-450-7873,서울특별시 광진구청,2025-12-23
구의3동170,1,,서울특별시 광진구 구의동 212-18,37.54014417,127.0932776,,건축물,02-450-7873,서울특별시 광진구청,2025-12-23
구의3동171,1,,서울특별시 광진구 구의동 207-41,37.54095217,127.0924406,,한전주,02-450-7873,서울특별시 광진구청,2025-12-23
구의3동172,1,,서울특별시 광진구 구의동 211-35,37.54102671,127.0929187,,한전주,02-450-7873,서울특별시 광진구청,2025-12-23
구의3동173,1,,서울특별시 광진구 구의동 211-31,37.5412042,127.0931086,,,02-450-7873,서울특별시 광진구청,2025-12-23
구의3동174,1,,서울특별시 광진구 구의동 211-32,37.54110682,127.0932556,,,02-450-7873,서울특별시 광진구청,2025-12-23
구의3동175,1,,서울특별시 광진구 구의동 211-33,37.54109617,127.0931836,,건축물,02-450-7873,서울특별시 광진구청,2025-12-23
구의3동176,1,,서울특별시 광진구 구의동 211-43,37.54098817,127.0933356,,전용주,02-450-7873,서울특별시 광진구청,2025-12-23
구의3동177,1,,서울특별시 광진구 구의동 211-40,37.54073663,127.0932155,,전용주,02-450-7873,서울특별시 광진구청,2025-12-23
구의3동178,1,,서울특별시 광진구 구의동 211-36,37.54094017,127.0929696,,한전주,02-450-7873,서울특별시 광진구청,2025-12-23
구의3동179,1,,서울특별시 광진구 구의동 211-50,37.54065886,127.0928832,,건축물,02-450-7873,서울특별시 광진구청,2025-12-23
구의3동180,1,,서울특별시 광진구 구의동 211-14,37.5405412406,127.0928214582,,전용주,02-450-7873,서울특별시 광진구청,2025-12-23
구의3동181,1,,서울특별시 광진구 구의동 211-16,37.54047234,127.0930221,,전용주,02-450-7873,서울특별시 광진구청,2025-12-23
구의3동182,1,,서울특별시 광진구 구의동 211-11,37.5404709856,127.0932406,,건축물,02-450-7873,서울특별시 광진구청,2025-12-23
구의3동183,1,,서울특별시 광진구 구의동 212-31,37.5401701,127.0934546,,,02-450-7873,서울특별시 광진구청,2025-12-23
구의3동184,1,,서울특별시 광진구 구의동 212-29,37.54014701,127.0936126,,,02-450-7873,서울특별시 광진구청,2025-12-23
구의3동185,1,,서울특별시 광진구 구의동 212-34,37.5404820511,127.0937262509,,,02-450-7873,서울특별시 광진구청,2025-12-23
구의3동186,1,,서울특별시 광진구 구의동 212-34,37.5404820511,127.0937426,,한전주,02-450-7873,서울특별시 광진구청,2025-12-23
구의3동187,1,,서울특별시 광진구 구의동 211-10,37.54061312,127.0935736,,건축물,02-450-7873,서울특별시 광진구청,2025-12-23
구의3동188,1,,서울특별시 광진구 구의동 212-1,37.5407258188,127.0941198692,,한전주,02-450-7873,서울특별시 광진구청,2025-12-23
구의3동189,1,,서울특별시 광진구 구의동 212-1,37.54076217,127.0941198692,,한전주,02-450-7873,서울특별시 광진구청,2025-12-23
구의3동190,1,,서울특별시 광진구 구의동 206-12,37.54101117,127.0940916,,한전주,02-450-7873,서울특별시 광진구청,2025-12-23
구의3동191,1,,서울특별시 광진구 구의동 200-14,37.54085286,127.0945136,,건축물,02-450-7873,서울특별시 광진구청,2025-12-23
구의3동192,1,,서울특별시 광진구 구의동 211-3,37.5409352751,127.0939263041,,,02-450-7873,서울특별시 광진구청,2025-12-23
구의3동193,1,,서울특별시 광진구 구의동 206-43,37.54115892,127.0939038,,한전주,02-450-7873,서울특별시 광진구청,2025-12-23
구의3동194,1,,서울특별시 광진구 구의동 206-39,37.54122866,127.0940176,,건축물,02-450-7873,서울특별시 광진구청,2025-12-23
구의3동195,1,,서울특별시 광진구 구의동 206-13,37.5413914,127.0939844,,건축물,02-450-7873,서울특별시 광진구청,2025-12-23
구의3동196,1,,서울특별시 광진구 구의동 211-1,37.54125943,127.0934984,,한전주,02-450-7873,서울특별시 광진구청,2025-12-23
구의3동197,1,,서울특별시 광진구 구의동 206-19,37.5414900623,127.0938737054,,한전주,02-450-7873,서울특별시 광진구청,2025-12-23
구의3동198,1,,서울특별시 광진구 구의동 211-1,37.54125943,127.0934984,,건축물,02-450-7873,서울특별시 광진구청,2025-12-23
구의3동199,1,,서울특별시 광진구 구의동 206-6,37.54157217,127.093472,,한전주,02-450-7873,서울특별시 광진구청,2025-12-23
구의3동200,1,,서울특별시 광진구 구의동 206-6,37.54154317,127.093472,,한전주,02-450-7873,서울특별시 광진구청,2025-12-23
구의3동201,1,,서울특별시 광진구 구의동 207-52,37.54142617,127.0932169,,한전주,02-450-7873,서울특별시 광진구청,2025-12-23
구의3동202,1,,서울특별시 광진구 구의동 211-28,37.54117017,127.0934356,,한전주,02-450-7873,서울특별시 광진구청,2025-12-23
구의3동203,1,,서울특별시 광진구 구의동 207-24,37.54153617,127.0928666,,,02-450-7873,서울특별시 광진구청,2025-12-23
구의3동204,1,,서울특별시 광진구 구의동 206-44,37.54175644,127.0932568,,,02-450-7873,서울특별시 광진구청,2025-12-23
구의3동205,1,,서울특별시 광진구 구의동 205-11,37.54200517,127.0930226,,한전주,02-450-7873,서울특별시 광진구청,2025-12-23
구의3동206,1,,서울특별시 광진구 구의동 205-11,37.54203117,127.0930656952,,한전주,02-450-7873,서울특별시 광진구청,2025-12-23
구의3동207,1,,서울특별시 광진구 구의동 207-28,37.5419457789,127.0927866,,,02-450-7873,서울특별시 광진구청,2025-12-23
구의3동208,1,,서울특별시 광진구 구의동 205-4,37.5421715142,127.0929295039,,한전주,02-450-7873,서울특별시 광진구청,2025-12-23
구의3동209,1,,서울특별시 광진구 구의동 206-35,37.5418848076,127.0932936,,,02-450-7873,서울특별시 광진구청,2025-12-23
구의3동210,1,,서울특별시 광진구 구의동 206-29,37.54171277,127.0936096,,건축물,02-450-7873,서울특별시 광진구청,2025-12-23
구의3동211,1,,서울특별시 광진구 구의동 205-16,37.54217017,127.0932826,,한전주,02-450-7873,서울특별시 광진구청,2025-12-23
구의3동212,1,,서울특별시 광진구 구의동 205-3,37.54229893,127.0934769,,한전주,02-450-7873,서울특별시 광진구청,2025-12-23
구의3동213,1,,서울특별시 광진구 구의동 202-16,37.54244817,127.0936446,,한전주,02-450-7873,서울특별시 광진구청,2025-12-23
구의3동214,1,,서울특별시 광진구 구의동 202-16,37.54247623,127.0936162,,한전주,02-450-7873,서울특별시 광진구청,2025-12-23
구의3동215,1,,서울특별시 광진구 구의동 202-22,37.54268417,127.0933934088,,한전주,02-450-7873,서울특별시 광진구청,2025-12-23
구의3동216,1,,서울특별시 광진구 구의동 202-21,37.54280175,127.0932932,,한전주,02-450-7873,서울특별시 광진구청,2025-12-23
구의3동217,1,,서울특별시 광진구 구의동 202-14,37.5429683904,127.0931170847,,,02-450-7873,서울특별시 광진구청,2025-12-23
구의3동218,1,,서울특별시 광진구 구의동 202-10,37.54329517,127.0928186,,건축물,02-450-7873,서울특별시 광진구청,2025-12-23
구의3동219,1,,서울특별시 광진구 구의동 202-30,37.54338017,127.0929756,,건축물,02-450-7873,서울특별시 광진구청,2025-12-23
구의3동220,1,,서울특별시 광진구 구의동 202-15,37.54288813,127.0932656,,전용주,02-450-7873,서울특별시 광진구청,2025-12-23
구의3동221,1,,서울특별시 광진구 구의동 202-25,37.5429514,127.0934761,,한전주,02-450-7873,서울특별시 광진구청,2025-12-23
구의3동222,1,,서울특별시 광진구 구의동 202-5,37.5426904,127.0938461,,한전주,02-450-7873,서울특별시 광진구청,2025-12-23
구의3동223,1,,서울특별시 광진구 구의동 202-6,37.5425886006,127.0939366,,한전주,02-450-7873,서울특별시 광진구청,2025-12-23
구의3동224,1,,서울특별시 광진구 구의동 201-18,37.5419011243,127.0941805255,,전용주,02-450-7873,서울특별시 광진구청,2025-12-23
구의3동225,1,,서울특별시 광진구 구의동 201-6,37.54179646,127.0947092,,한전주,02-450-7873,서울특별시 광진구청,2025-12-23
구의3동226,1,,서울특별시 광진구 구의동 201-8,37.54157807,127.094914,,한전주,02-450-7873,서울특별시 광진구청,2025-12-23
구의3동227,1,,서울특별시 광진구 구의동 201-8,37.54157807,127.0949366,,한전주,02-450-7873,서울특별시 광진구청,2025-12-23
구의3동228,1,,서울특별시 광진구 구의동 200-4,37.54097847,127.0951406,,건축물,02-450-7873,서울특별시 광진구청,2025-12-23
구의3동229,1,,서울특별시 광진구 구의동 206-10,37.54129617,127.0945509048,,한전주,02-450-7873,서울특별시 광진구청,2025-12-23
구의3동230,1,,서울특별시 광진구 구의동 206-10,37.54122617,127.0945176,,한전주,02-450-7873,서울특별시 광진구청,2025-12-23
구의3동231,1,,서울특별시 광진구 구의동 206-10,37.5412080498,127.0945509048,,한전주,02-450-7873,서울특별시 광진구청,2025-12-23
구의3동232,1,,서울특별시 광진구 구의동 201-21,37.54166317,127.0943972,,,02-450-7873,서울특별시 광진구청,2025-12-23
구의3동233,1,,서울특별시 광진구 구의동 206-9,37.54159717,127.0941246,,한전주,02-450-7873,서울특별시 광진구청,2025-12-23
구의3동234,1,,서울특별시 광진구 구의동 201-19,37.54183617,127.0942586,,전용주,02-450-7873,서울특별시 광진구청,2025-12-23
구의3동235,1,,서울특별시 광진구 구의동 206-45,37.54189617,127.0939558,,한전주,02-450-7873,서울특별시 광진구청,2025-12-23
구의3동236,1,,서울특별시 광진구 구의동 206-1,37.54210417,127.0936256849,,한전주,02-450-7873,서울특별시 광진구청,2025-12-23
구의3동237,1,,서울특별시 광진구 구의동 198-1,37.54022311,127.0960707,,한전주,02-450-7873,서울특별시 광진구청,2025-12-23
구의3동238,1,,서울특별시 광진구 구의동 198-1,37.54022311,127.0960707,,한전주,02-450-7873,서울특별시 광진구청,2025-12-23
구의3동239,1,,서울특별시 광진구 구의동 199-96,37.54053939,127.0954797,,한전주,02-450-7873,서울특별시 광진구청,2025-12-23
구의3동240,1,,서울특별시 광진구 구의동 199-10,37.5403302212,127.0955394102,,한전주,02-450-7873,서울특별시 광진구청,2025-12-23
구의3동241,1,,서울특별시 광진구 구의동 199-14,37.54011917,127.0952929,,한전주,02-450-7873,서울특별시 광진구청,2025-12-23
구의3동242,1,,서울특별시 광진구 구의동 199-20,37.539472,127.0951116,,한전주,02-450-7873,서울특별시 광진구청,2025-12-23
구의3동243,1,,서울특별시 광진구 구의동 199-21,37.53934802,127.0951165,,한전주,02-450-7873,서울특별시 광진구청,2025-12-23
구의3동244,1,,서울특별시 광진구 구의동 611,37.5381405307,127.0966352753,,전용주,02-450-7873,서울특별시 광진구청,2025-12-23
구의3동245,1,,서울특별시 광진구 구의동 610,37.5381393726,127.0950650176,,전용주,02-450-7873,서울특별시 광진구청,2025-12-23
구의3동246,1,,서울특별시 광진구 구의동 290-13,37.5384005726,127.0951455826,,전용주,02-450-7873,서울특별시 광진구청,2025-12-23
구의3동247,1,,서울특별시 광진구 구의동 290-13,37.5384005726,127.0951455826,,전용주,02-450-7873,서울특별시 광진구청,2025-12-23
구의3동248,1,,서울특별시 광진구 구의동 610,37.5381393726,127.0950650176,,전용주,02-450-7873,서울특별시 광진구청,2025-12-23
구의3동249,1,,서울특별시 광진구 구의동 610,37.5381393726,127.0950650176,,전용주,02-450-7873,서울특별시 광진구청,2025-12-23
구의3동250,1,,서울특별시 광진구 구의동 610,37.5381393726,127.0950650176,,전용주,02-450-7873,서울특별시 광진구청,2025-12-23
구의3동251,1,,서울특별시 광진구 구의동 610,37.5381393726,127.0950650176,,전용주,02-450-7873,서울특별시 광진구청,2025-12-23
구의3동252,1,,서울특별시 광진구 구의동 611,37.5381405307,127.0966352753,,전용주,02-450-7873,서울특별시 광진구청,2025-12-23
구의3동253,1,,서울특별시 광진구 구의동 215-1,37.5377082356,127.0944206,,전용주,02-450-7873,서울특별시 광진구청,2025-12-23
구의3동254,1,,서울특별시 광진구 구의동 215-2,37.53752117,127.0943259,,전용주,02-450-7873,서울특별시 광진구청,2025-12-23
구의3동255,1,,서울특별시 광진구 구의동 658,37.53734517,127.0938664672,,전용주,02-450-7873,서울특별시 광진구청,2025-12-23
구의3동256,1,,서울특별시 광진구 구의동 631-1,37.5387800804,127.0983573099,,전용주,02-450-7873,서울특별시 광진구청,2025-12-23
구의3동257,1,,서울특별시 광진구 구의동 215-1,37.5377082356,127.0944016581,,한전주,02-450-7873,서울특별시 광진구청,2025-12-23
구의3동258,1,,서울특별시 광진구 구의동 658,37.537340874,127.0938664672,,전용주,02-450-7873,서울특별시 광진구청,2025-12-23
구의3동259,1,,서울특별시 광진구 구의동 658,37.537340874,127.0938646,,한전주,02-450-7873,서울특별시 광진구청,2025-12-23
구의3동260,1,,서울특별시 광진구 구의동 217-26,37.53808455,127.0933416,,,02-450-7873,서울특별시 광진구청,2025-12-23
구의3동261,1,,서울특별시 광진구 구의동 217-22,37.53825821,127.0933146,,한전주,02-450-7873,서울특별시 광진구청,2025-12-23
구의3동262,1,,서울특별시 광진구 구의동 217-28,37.5382855237,127.0931456,,,02-450-7873,서울특별시 광진구청,2025-12-23
구의3동263,1,,서울특별시 광진구 구의동 218-13,37.5388064591,127.0930266,,한전주,02-450-7873,서울특별시 광진구청,2025-12-23
구의3동264,1,,서울특별시 광진구 구의동 217-4,37.5387017049,127.0933326,,한전주,02-450-7873,서울특별시 광진구청,2025-12-23
구의3동265,1,,서울특별시 광진구 구의동 217-1,37.5388820408,127.0937450675,,한전주,02-450-7873,서울특별시 광진구청,2025-12-23
구의3동266,1,,서울특별시 광진구 구의동 217-7,37.53849704,127.0936375,,건축물,02-450-7873,서울특별시 광진구청,2025-12-23
구의3동267,1,,서울특별시 광진구 구의동 213-5,37.53933917,127.0935756,,한전주,02-450-7873,서울특별시 광진구청,2025-12-23
구의3동268,1,,서울특별시 광진구 구의동 213-12,37.53917886,127.0938225,,한전주,02-450-7873,서울특별시 광진구청,2025-12-23
구의3동269,1,,서울특별시 광진구 구의동 218-3,37.53939417,127.0932934,,건축물,02-450-7873,서울특별시 광진구청,2025-12-23
구의3동270,1,,서울특별시 광진구 구의동 217-18,37.5384266796,127.092827323,,한전주,02-450-7873,서울특별시 광진구청,2025-12-23
구의3동271,1,,서울특별시 광진구 구의동 216-1,37.5382925819,127.0926346931,,건축물,02-450-7873,서울특별시 광진구청,2025-12-23
구의3동272,1,,서울특별시 광진구 구의동 216-3,37.5381831211,127.0927358244,,한전주,02-450-7873,서울특별시 광진구청,2025-12-23
구의3동273,1,,서울특별시 광진구 구의동 657,37.5378533492,127.0927433363,,한전주,02-450-7873,서울특별시 광진구청,2025-12-23
구의3동274,1,,서울특별시 광진구 구의동 657,37.5378533492,127.0927433363,,건축물,02-450-7873,서울특별시 광진구청,2025-12-23
구의3동275,1,,서울특별시 광진구 구의동 216-1,37.5382925819,127.0926346931,,한전주,02-450-7873,서울특별시 광진구청,2025-12-23
구의3동276,1,,서울특별시 광진구 구의동 216-5,37.5380393848,127.0923186,,한전주,02-450-7873,서울특별시 광진구청,2025-12-23
구의3동277,1,,서울특별시 광진구 구의동 216-5,37.5380393848,127.0923645394,,한전주,02-450-7873,서울특별시 광진구청,2025-12-23
구의3동278,1,,서울특별시 광진구 구의동 216-5,37.5380393848,127.0923276,,한전주,02-450-7873,서울특별시 광진구청,2025-12-23
구의3동279,1,,서울특별시 광진구 구의동 218-33,37.53829817,127.0920286,,한전주,02-450-7873,서울특별시 광진구청,2025-12-23
구의3동280,1,,서울특별시 광진구 구의동 245-1,37.53843313,127.0916008,,한전주,02-450-7873,서울특별시 광진구청,2025-12-23
구의3동281,1,,서울특별시 광진구 구의동 245-5,37.53820426,127.0915145,,한전주,02-450-7873,서울특별시 광진구청,2025-12-23
구의3동282,1,,서울특별시 광진구 구의동 587-29,37.5379934173,127.0919847464,,,02-450-7873,서울특별시 광진구청,2025-12-23
구의3동283,1,,서울특별시 광진구 구의동 587-6,37.53775817,127.0912901201,,한전주,02-450-7873,서울특별시 광진구청,2025-12-23
구의3동284,1,,서울특별시 광진구 구의동 587-6,37.537700771,127.0912901201,,한전주,02-450-7873,서울특별시 광진구청,2025-12-23
구의3동285,1,,서울특별시 광진구 구의동 587-52,37.5376674941,127.0915615178,,전용주,02-450-7873,서울특별시 광진구청,2025-12-23
구의3동286,1,,서울특별시 광진구 구의동 587-52,37.5376674941,127.0915156,,전용주,02-450-7873,서울특별시 광진구청,2025-12-23
구의3동287,1,,서울특별시 광진구 구의동 587-95,37.5370965949,127.0922887985,,전용주,02-450-7873,서울특별시 광진구청,2025-12-23
구의3동288,1,,서울특별시 광진구 구의동 587-95,37.5370965949,127.0922887985,,전용주,02-450-7873,서울특별시 광진구청,2025-12-23
구의3동289,1,,서울특별시 광진구 구의동 587-60,37.5364851601,127.0918876,,,02-450-7873,서울특별시 광진구청,2025-12-23
구의3동290,1,,서울특별시 광진구 구의동 587-60,37.5364851601,127.0918472334,,전용주,02-450-7873,서울특별시 광진구청,2025-12-23
구의3동291,1,,서울특별시 광진구 구의동 587-59,37.5363408319,127.0915997226,,전용주,02-450-7873,서울특별시 광진구청,2025-12-23
구의3동292,1,,서울특별시 광진구 구의동 587-71,37.5362097514,127.0916366,,한전주,02-450-7873,서울특별시 광진구청,2025-12-23
구의3동293,1,,서울특별시 광진구 구의동 587-64,37.5357339548,127.0919002815,,한전주,02-450-7873,서울특별시 광진구청,2025-12-23
구의3동294,1,,서울특별시 광진구 구의동 587-64,37.5357339548,127.0919002815,,한전주,02-450-7873,서울특별시 광진구청,2025-12-23
구의3동295,1,,서울특별시 광진구 구의동 593-9,37.53566617,127.0914906,,전용주,02-450-7873,서울특별시 광진구청,2025-12-23
구의3동296,1,,서울특별시 광진구 구의동 593-25,37.5353085701,127.0912319902,,한전주,02-450-7873,서울특별시 광진구청,2025-12-23
구의3동297,1,,서울특별시 광진구 구의동 593-21,37.53528717,127.0914322847,,한전주,02-450-7873,서울특별시 광진구청,2025-12-23
구의3동298,1,,서울특별시 광진구 구의동 593-4,37.53531417,127.0907895101,,한전주,02-450-7873,서울특별시 광진구청,2025-12-23
구의3동299,1,,서울특별시 광진구 구의동 593-7,37.5354802289,127.0912084393,,건축물,02-450-7873,서울특별시 광진구청,2025-12-23
구의3동300,1,,서울특별시 광진구 구의동 593-9,37.5356873106,127.0914003565,,전용주,02-450-7873,서울특별시 광진구청,2025-12-23
구의3동301,1,,서울특별시 광진구 구의동 587-58,37.5360738991,127.0913176,,한전주,02-450-7873,서울특별시 광진구청,2025-12-23
구의3동302,1,,서울특별시 광진구 구의동 587-58,37.53607217,127.0913236641,,한전주,02-450-7873,서울특별시 광진구청,2025-12-23
구의3동303,1,,서울특별시 광진구 구의동 593,37.5358421864,127.0910266,,한전주,02-450-7873,서울특별시 광진구청,2025-12-23
구의3동304,1,,서울특별시 광진구 구의동 593-1,37.5356988157,127.0909026,,한전주,02-450-7873,서울특별시 광진구청,2025-12-23
구의3동305,1,,서울특별시 광진구 구의동 593-3,37.5354431714,127.0908920461,,전용주,02-450-7873,서울특별시 광진구청,2025-12-23
구의3동306,1,,서울특별시 광진구 구의동 592-42,37.5352666475,127.0905636045,,건축물,02-450-7873,서울특별시 광진구청,2025-12-23
구의3동307,1,,서울특별시 광진구 구의동 593-4,37.5353264806,127.0907895101,,한전주,02-450-7873,서울특별시 광진구청,2025-12-23
구의3동308,1,,서울특별시 광진구 구의동 593-16,37.534766953,127.0910318609,,한전주,02-450-7873,서울특별시 광진구청,2025-12-23
구의3동309,1,,서울특별시 광진구 구의동 593-17,37.53465617,127.0911592456,,한전주,02-450-7873,서울특별시 광진구청,2025-12-23
구의3동310,1,,서울특별시 광진구 구의동 593-19,37.53448317,127.0912411396,,한전주,02-450-7873,서울특별시 광진구청,2025-12-23
구의3동311,1,,서울특별시 광진구 구의동 592-35,37.53469717,127.0907121947,,,02-450-7873,서울특별시 광진구청,2025-12-23
구의3동312,1,,서울특별시 광진구 구의동 592-6,37.53499117,127.0904410631,,한전주,02-450-7873,서울특별시 광진구청,2025-12-23
구의3동313,1,,서울특별시 광진구 구의동 592-13,37.5349710752,127.0906210628,,건축물,02-450-7873,서울특별시 광진구청,2025-12-23
구의3동314,1,,서울특별시 광진구 구의동 592-17,37.5349383546,127.0902868008,,건축물,02-450-7873,서울특별시 광진구청,2025-12-23
구의3동315,1,,서울특별시 광진구 구의동 592-31,37.5347218142,127.0904438071,,,02-450-7873,서울특별시 광진구청,2025-12-23
구의3동316,1,,서울특별시 광진구 구의동 592-5,37.5350564401,127.0903846,,건축물,02-450-7873,서울특별시 광진구청,2025-12-23
구의3동317,1,,서울특별시 광진구 구의동 592-3,37.5350733171,127.0901056,,한전주,02-450-7873,서울특별시 광진구청,2025-12-23
구의3동318,1,,서울특별시 광진구 구의동 592-2,37.5351447217,127.0901191459,,한전주,02-450-7873,서울특별시 광진구청,2025-12-23
구의3동319,1,,서울특별시 광진구 구의동 591-3,37.5352857579,127.0899621602,,전용주,02-450-7873,서울특별시 광진구청,2025-12-23
구의3동320,1,,서울특별시 광진구 구의동 591-9,37.5355227115,127.0900126,,,02-450-7873,서울특별시 광진구청,2025-12-23
구의3동321,1,,서울특별시 광진구 구의동 591-5,37.5356534209,127.0897716158,,한전주,02-450-7873,서울특별시 광진구청,2025-12-23
구의3동322,1,,서울특별시 광진구 구의동 591-15,37.5358220937,127.0903550736,,한전주,02-450-7873,서울특별시 광진구청,2025-12-23
구의3동323,1,,서울특별시 광진구 구의동 591-12,37.5356312762,127.0902185056,,한전주,02-450-7873,서울특별시 광진구청,2025-12-23
구의3동324,1,,서울특별시 광진구 구의동 592-41,37.5351914961,127.0904106,,건축물,02-450-7873,서울특별시 광진구청,2025-12-23
구의3동325,1,,서울특별시 광진구 구의동 591-11,37.5353908026,127.0903319246,,전용주,02-450-7873,서울특별시 광진구청,2025-12-23
구의3동326,1,,서울특별시 광진구 구의동 591-21,37.5359714301,127.0907720758,,한전주,02-450-7873,서울특별시 광진구청,2025-12-23
구의3동327,1,,서울특별시 광진구 구의동 590-3,37.5362037856,127.0903183097,,한전주,02-450-7873,서울특별시 광진구청,2025-12-23
구의3동328,1,,서울특별시 광진구 구의동 587-55,37.53681417,127.0906333212,,한전주,02-450-7873,서울특별시 광진구청,2025-12-23
구의3동329,1,,서울특별시 광진구 구의동 587,37.5377539588,127.0899610521,,전용주,02-450-7873,서울특별시 광진구청,2025-12-23
구의3동330,1,,서울특별시 광진구 구의동 587,37.5377539588,127.0899610521,,한전주,02-450-7873,서울특별시 광진구청,2025-12-23
구의3동331,1,,서울특별시 광진구 구의동 587,37.5377539588,127.0899610521,,,02-450-7873,서울특별시 광진구청,2025-12-23
구의3동332,1,,서울특별시 광진구 구의동 587-4,37.5373257551,127.0909652735,,한전주,02-450-7873,서울특별시 광진구청,2025-12-23
구의3동333,1,,서울특별시 광진구 구의3동 587-54,37.5373268,127.0911131,,전용주,02-450-7873,서울특별시 광진구청,2025-12-23
구의3동334,1,,서울특별시 광진구 구의동 590-2,37.5362951017,127.0901418014,,건축물,02-450-7873,서울특별시 광진구청,2025-12-23
구의3동335,1,,서울특별시 광진구 구의동 590,37.5364342255,127.0895373242,,,02-450-7873,서울특별시 광진구청,2025-12-23
구의3동336,1,,서울특별시 광진구 구의동 245-11,37.53780809,127.0897506,,한전주,02-450-7873,서울특별시 광진구청,2025-12-23
구의3동337,1,,서울특별시 광진구 구의동 245-11,37.53780317,127.0897506,,한전주,02-450-7873,서울특별시 광진구청,2025-12-23
구의3동338,1,,서울특별시 광진구 구의동 587,37.5377539588,127.0899610521,,한전주,02-450-7873,서울특별시 광진구청,2025-12-23
구의3동339,1,,서울특별시 광진구 구의동 587,37.5377539588,127.0899610521,,한전주,02-450-7873,서울특별시 광진구청,2025-12-23
구의3동340,1,,서울특별시 광진구 구의동 587,37.5377539588,127.0899610521,,전용주,02-450-7873,서울특별시 광진구청,2025-12-23
구의3동341,1,,서울특별시 광진구 구의동 587,37.5377539588,127.0899610521,,한전주,02-450-7873,서울특별시 광진구청,2025-12-23
구의3동342,1,,서울특별시 광진구 구의동 590,37.5364342255,127.0895373242,,한전주,02-450-7873,서울특별시 광진구청,2025-12-23
구의3동343,1,,서울특별시 광진구 구의동 590,37.53648917,127.0895373242,,한전주,02-450-7873,서울특별시 광진구청,2025-12-23
구의3동344,1,,서울특별시 광진구 구의동 590,37.5364342255,127.0895373242,,한전주,02-450-7873,서울특별시 광진구청,2025-12-23
구의3동345,1,,서울특별시 광진구 구의동 590-9,37.5358538262,127.0895041581,,한전주,02-450-7873,서울특별시 광진구청,2025-12-23
구의3동346,1,,서울특별시 광진구 구의동 590-9,37.53584717,127.0895041581,,한전주,02-450-7873,서울특별시 광진구청,2025-12-23
구의3동347,1,,서울특별시 광진구 구의동 591,37.5356516661,127.0895206,,한전주,02-450-7873,서울특별시 광진구청,2025-12-23
구의3동348,1,,서울특별시 광진구 구의동 591-29,37.53547717,127.0896456,,한전주,02-450-7873,서울특별시 광진구청,2025-12-23
구의3동349,1,,서울특별시 광진구 구의동 591-1,37.5351951559,127.0897596,,건축물,02-450-7873,서울특별시 광진구청,2025-12-23
구의3동350,1,,서울특별시 광진구 구의동 592-39,37.5345668908,127.0904978149,,한전주,02-450-7873,서울특별시 광진구청,2025-12-23
구의3동351,1,,서울특별시 광진구 구의동 592-39,37.5345668908,127.0904978149,,한전주,02-450-7873,서울특별시 광진구청,2025-12-23
구의3동352,1,,서울특별시 광진구 구의동 592-39,37.5345668908,127.0904978149,,한전주,02-450-7873,서울특별시 광진구청,2025-12-23
구의3동353,1,,서울특별시 광진구 구의동 592-39,37.5345668908,127.0904978149,,한전주,02-450-7873,서울특별시 광진구청,2025-12-23
구의3동354,1,,서울특별시 광진구 구의동 592-39,37.5345668908,127.0904516,,한전주,02-450-7873,서울특별시 광진구청,2025-12-23
구의3동355,1,,서울특별시 광진구 구의동 592-39,37.5345668908,127.0904978149,,한전주,02-450-7873,서울특별시 광진구청,2025-12-23
구의3동356,1,,서울특별시 광진구 구의동 593-19,37.53447217,127.0912411396,,한전주,02-450-7873,서울특별시 광진구청,2025-12-23
구의3동357,1,,서울특별시 광진구 구의동 595,37.5341645096,127.091890662,,한전주,02-450-7873,서울특별시 광진구청,2025-12-23
구의3동358,1,,서울특별시 광진구 구의동 598,37.5336666382,127.0912819215,,전용주,02-450-7873,서울특별시 광진구청,2025-12-23
구의3동359,1,,서울특별시 광진구 구의동 598,37.5336666382,127.0912819215,,전용주,02-450-7873,서울특별시 광진구청,2025-12-23
구의3동360,1,,서울특별시 광진구 구의동 596-1,37.5336466464,127.0903309523,,한전주,02-450-7873,서울특별시 광진구청,2025-12-23
구의3동364,1,,서울특별시 광진구 구의동 209-46,37.5405577716,127.0907406073,,,02-450-7873,서울특별시 광진구청,2025-12-23
구의3동365,1,,서울특별시 광진구 구의동 227-31,37.54334519,127.0908619,,,02-450-7873,서울특별시 광진구청,2025-12-23
구의3동366,1,,서울특별시 광진구 구의동 227-22,37.5437333,127.0909974,,한전주,02-450-7873,서울특별시 광진구청,2025-12-23
구의3동367,1,,서울특별시 광진구 구의동 208-37,37.54187706,127.0916772,,,02-450-7873,서울특별시 광진구청,2025-12-23
구의3동368,1,,서울특별시 광진구 구의동 210-45,37.53973945,127.0910796,,건축물,02-450-7873,서울특별시 광진구청,2025-12-23
구의3동370,1,,서울특별시 광진구 구의동 592-4,37.53512053,127.0902198,,한전주,02-450-7873,서울특별시 광진구청,2025-12-23
구의3동371,1,,서울특별시 광진구 구의동 211-55,37.5408208,127.0938715,,한전주,02-450-7873,서울특별시 광진구청,2025-12-23
구의3동372,1,,서울특별시 광진구 구의동 206-21,37.54135353,127.093691,,,02-450-7873,서울특별시 광진구청,2025-12-23
구의3동373,1,,서울특별시 광진구 구의동 220-218,37.53895258,127.0894648,,건축물,02-450-7873,서울특별시 광진구청,2025-12-23
구의3동374,1,,서울특별시 광진구 구의동 218-30,37.53829744,127.0922981,,,02-450-7873,서울특별시 광진구청,2025-12-23
구의3동375,1,,서울특별시 광진구 구의동 219-1,37.5398732015,127.0926402693,,,02-450-7873,서울특별시 광진구청,2025-12-23
구의3동376,1,,서울특별시 광진구 구의동 210-3,37.54038521,127.0922753,,,02-450-7873,서울특별시 광진구청,2025-12-23
구의3동377,1,,서울특별시 광진구 구의동 209-1,37.5409775,127.0920213,,,02-450-7873,서울특별시 광진구청,2025-12-23
구의3동378,1,,서울특별시 광진구 구의동 587,37.5377539588,127.0899610521,,전용주,02-450-7873,서울특별시 광진구청,2025-12-23
구의3동379,1,,서울특별시 광진구 구의동 198-1,37.54022311,127.096094,,한전주,02-450-7873,서울특별시 광진구청,2025-12-23
구의3동380,1,,서울특별시 광진구 구의동 198-5,37.53990347,127.0954741,,한전주,02-450-7873,서울특별시 광진구청,2025-12-23
구의3동381,1,,서울특별시 광진구 구의동 593-30,37.5358865,127.0915742,,,02-450-7873,서울특별시 광진구청,2025-12-23
구의3동382,1,,서울특별시 광진구 구의동 208-2,37.54205656,127.0922285,,,02-450-7873,서울특별시 광진구청,2025-12-23
구의3동383,1,,서울특별시 광진구 구의동 201-5,37.54195551,127.0945362,,한전주,02-450-7873,서울특별시 광진구청,2025-12-23
구의3동384,1,,서울특별시 광진구 구의동 207-23,37.5411611,127.0927464,,한전주,02-450-7873,서울특별시 광진구청,2025-12-23
구의3동385,1,,서울특별시 광진구 구의동 224-6,37.54263255,127.0906049,,,02-450-7873,서울특별시 광진구청,2025-12-23
구의3동386,1,,서울특별시 광진구 구의동 624-1,37.531993101,127.0919373,,,02-450-7873,서울특별시 광진구청,2025-12-23
구의3동387,1,,서울특별시 광진구 구의동 203-9,37.54362958,127.0927308,,한전주,02-450-7873,서울특별시 광진구청,2025-12-23
구의3동388,1,,서울특별시 광진구 구의동 210-74,37.53954484,127.0915146,,,02-450-7873,서울특별시 광진구청,2025-12-23
구의3동389,1,,서울특별시 광진구 구의동 590-2,37.5362951017,127.0901418014,,한전주,02-450-7873,서울특별시 광진구청,2025-12-23
구의3동390,1,,서울특별시 광진구 구의동 603,37.5357889006,127.0897834979,,한전주,02-450-7873,서울특별시 광진구청,2025-12-23
구의3동391,1,,서울특별시 광진구 구의동 587-52,37.5376144,127.0915615178,,,02-450-7873,서울특별시 광진구청,2025-12-23
구의3동392,1,,서울특별시 광진구 구의동 207-34,37.540341605,127.0914247395,,한전주,02-450-7873,서울특별시 광진구청,2025-12-23
구의3동393,1,,서울특별시 광진구 구의동 215-29,37.5370965949,127.0922887985,,,02-450-7873,서울특별시 광진구청,2025-12-23
구의3동394,1,,서울특별시 광진구 구의동 216-11,37.5374993,127.0930641,,한전주,02-450-7873,서울특별시 광진구청,2025-12-23
군자동674,1,,서울특별시 광진구 군자동 125-270,37.5536152724,127.0712658766,,건축물,02-450-7873,서울특별시 광진구청,2025-12-23
군자동675,1,,서울특별시 광진구 군자동 125-251,37.5532789914,127.0711972164,,,02-450-7873,서울특별시 광진구청,2025-12-23
군자동004,1,,서울특별시 광진구 군자동 98,37.5516081379,127.0731831883,,전용주,02-450-7873,서울특별시 광진구청,2025-12-23
군자동005,1,,서울특별시 광진구 군자동 98,37.5516081379,127.0731831883,,전용주,02-450-7873,서울특별시 광진구청,2025-12-23
군자동006,1,,서울특별시 광진구 군자동 98,37.5516081379,127.0731831883,,전용주,02-450-7873,서울특별시 광진구청,2025-12-23
군자동007,1,,서울특별시 광진구 군자동 372-3,37.54883017,127.0731664826,,전용주,02-450-7873,서울특별시 광진구청,2025-12-23
군자동008,1,,서울특별시 광진구 군자동 98,37.5516081379,127.0731831883,,전용주,02-450-7873,서울특별시 광진구청,2025-12-23
군자동009,1,,서울특별시 광진구 군자동 98,37.5516081379,127.0731831883,,한전주,02-450-7873,서울특별시 광진구청,2025-12-23
군자동010,1,,서울특별시 광진구 군자동 368-8,37.5492279294,127.0732502306,,한전주,02-450-7873,서울특별시 광진구청,2025-12-23
군자동011,1,,서울특별시 광진구 군자동 368-10,37.5494574409,127.0730386,,한전주,02-450-7873,서울특별시 광진구청,2025-12-23
군자동012,1,,서울특별시 광진구 군자동 366-7,37.5496893243,127.0731306,,한전주,02-450-7873,서울특별시 광진구청,2025-12-23
군자동013,1,,서울특별시 광진구 군자동 366-6,37.54974817,127.0732266,,건축물,02-450-7873,서울특별시 광진구청,2025-12-23
군자동014,1,,서울특별시 광진구 군자동 366-14,37.54967217,127.0729346,,,02-450-7873,서울특별시 광진구청,2025-12-23
군자동015,1,,서울특별시 광진구 군자동 366-12,37.54982417,127.0727889926,,한전주,02-450-7873,서울특별시 광진구청,2025-12-23
군자동016,1,,서울특별시 광진구 군자동 367-1,37.5498088628,127.0725696601,,한전주,02-450-7873,서울특별시 광진구청,2025-12-23
군자동017,1,,서울특별시 광진구 군자동 366,37.5499535499,127.0728837202,,한전주,02-450-7873,서울특별시 광진구청,2025-12-23
군자동018,1,,서울특별시 광진구 군자동 366-4,37.549906406,127.0730646251,,건축물,02-450-7873,서울특별시 광진구청,2025-12-23
군자동019,1,,서울특별시 광진구 군자동 367-15,37.54959217,127.0724186,,한전주,02-450-7873,서울특별시 광진구청,2025-12-23
군자동020,1,,서울특별시 광진구 군자동 367-14,37.5496311152,127.0723913668,,건축물,02-450-7873,서울특별시 광진구청,2025-12-23
군자동021,1,,서울특별시 광진구 군자동 367-5,37.54941917,127.0726346,,한전주,02-450-7873,서울특별시 광진구청,2025-12-23
군자동022,1,,서울특별시 광진구 군자동 369-10,37.5490933747,127.0724706,,,02-450-7873,서울특별시 광진구청,2025-12-23
군자동023,1,,서울특별시 광진구 군자동 369-13,37.54899517,127.0726726,,,02-450-7873,서울특별시 광진구청,2025-12-23
군자동024,1,,서울특별시 광진구 군자동 362-17,37.5491595888,127.0721523614,,한전주,02-450-7873,서울특별시 광진구청,2025-12-23
군자동025,1,,서울특별시 광진구 군자동 367-10,37.5492824129,127.0722702836,,,02-450-7873,서울특별시 광진구청,2025-12-23
군자동026,1,,서울특별시 광진구 군자동 367-11,37.5493925021,127.0721026,,건축물,02-450-7873,서울특별시 광진구청,2025-12-23
군자동027,1,,서울특별시 광진구 군자동 362-17,37.54917617,127.0721646,,한전주,02-450-7873,서울특별시 광진구청,2025-12-23
군자동028,1,,서울특별시 광진구 군자동 370-14,37.5488926164,127.072015629,,한전주,02-450-7873,서울특별시 광진구청,2025-12-23
군자동029,1,,서울특별시 광진구 군자동 362,37.54894617,127.0714636,,한전주,02-450-7873,서울특별시 광진구청,2025-12-23
군자동030,1,,서울특별시 광진구 군자동 503,37.5484610828,127.0710494827,,한전주,02-450-7873,서울특별시 광진구청,2025-12-23
군자동031,1,,서울특별시 광진구 군자동 369-6,37.5487785547,127.0724498398,,전용주,02-450-7873,서울특별시 광진구청,2025-12-23
군자동032,1,,서울특별시 광진구 군자동 370-4,37.5485950767,127.0723594714,,한전주,02-450-7873,서울특별시 광진구청,2025-12-23
군자동033,1,,서울특별시 광진구 군자동 369-4,37.5488705704,127.0727126,,한전주,02-450-7873,서울특별시 광진구청,2025-12-23
군자동034,1,,서울특별시 광진구 군자동 372-2,37.5489681626,127.0731192725,,건축물,02-450-7873,서울특별시 광진구청,2025-12-23
군자동035,1,,서울특별시 광진구 군자동 371-2,37.5485330236,127.0727575184,,한전주,02-450-7873,서울특별시 광진구청,2025-12-23
군자동036,1,,서울특별시 광진구 군자동 372-9,37.54878617,127.0729763763,,한전주,02-450-7873,서울특별시 광진구청,2025-12-23
군자동038,1,,서울특별시 광진구 군자동 373-4,37.54847717,127.0730138365,,전용주,02-450-7873,서울특별시 광진구청,2025-12-23
군자동039,1,,서울특별시 광진구 군자동 371-4,37.5483900333,127.0727016,,,02-450-7873,서울특별시 광진구청,2025-12-23
군자동040,1,,서울특별시 광진구 군자동 373-8,37.5481167883,127.0728613362,,,02-450-7873,서울특별시 광진구청,2025-12-23
군자동041,1,,서울특별시 광진구 군자동 370-6,37.54848117,127.0724768698,,한전주,02-450-7873,서울특별시 광진구청,2025-12-23
군자동042,1,,서울특별시 광진구 군자동 370-7,37.5483252974,127.0725393654,,,02-450-7873,서울특별시 광진구청,2025-12-23
군자동043,1,,서울특별시 광진구 군자동 361-18,37.5483683329,127.0721976,,,02-450-7873,서울특별시 광진구청,2025-12-23
군자동044,1,,서울특별시 광진구 군자동 361-15,37.5486783169,127.0719367745,,한전주,02-450-7873,서울특별시 광진구청,2025-12-23
군자동045,1,,서울특별시 광진구 중곡동 275-11,37.5586835155,127.0837452384,,,02-450-7873,서울특별시 광진구청,2025-12-23
군자동046,1,,서울특별시 광진구 군자동 361-29,37.5484370748,127.0717666,,전용주,02-450-7873,서울특별시 광진구청,2025-12-23
군자동047,1,,서울특별시 광진구 군자동 358-8,37.54875817,127.0696243176,,한전주,02-450-7873,서울특별시 광진구청,2025-12-23
군자동048,1,,서울특별시 광진구 군자동 358-7,37.54889517,127.0696006,,한전주,02-450-7873,서울특별시 광진구청,2025-12-23
군자동049,1,,서울특별시 광진구 군자동 358-5,37.5490898849,127.0696376,,한전주,02-450-7873,서울특별시 광진구청,2025-12-23
군자동050,1,,서울특별시 광진구 군자동 352-9,37.54936517,127.0693826,,건축물,02-450-7873,서울특별시 광진구청,2025-12-23
군자동051,1,,서울특별시 광진구 군자동 352-10,37.5493716467,127.0692039608,,한전주,02-450-7873,서울특별시 광진구청,2025-12-23
군자동052,1,,서울특별시 광진구 군자동 356-15,37.5489041207,127.0688922159,,한전주,02-450-7873,서울특별시 광진구청,2025-12-23
군자동053,1,,서울특별시 광진구 군자동 357,37.54897017,127.0691726,,,02-450-7873,서울특별시 광진구청,2025-12-23
군자동054,1,,서울특별시 광진구 군자동 356-13,37.5486743734,127.0690866,,,02-450-7873,서울특별시 광진구청,2025-12-23
군자동055,1,,서울특별시 광진구 군자동 356-12,37.5485519749,127.069107354,,한전주,02-450-7873,서울특별시 광진구청,2025-12-23
군자동056,1,,서울특별시 광진구 군자동 356-5,37.54859817,127.0689144504,,한전주,02-450-7873,서울특별시 광진구청,2025-12-23
군자동057,1,,서울특별시 광진구 군자동 356-4,37.54877817,127.0688329734,,한전주,02-450-7873,서울특별시 광진구청,2025-12-23
군자동058,1,,서울특별시 광진구 군자동 356-1,37.54907517,127.0686448593,,한전주,02-450-7873,서울특별시 광진구청,2025-12-23
군자동059,1,,서울특별시 광진구 군자동 356-1,37.5490478839,127.0686066,,전용주,02-450-7873,서울특별시 광진구청,2025-12-23
군자동060,1,,서울특별시 광진구 군자동 356-19,37.5492895448,127.0687036,,,02-450-7873,서울특별시 광진구청,2025-12-23
군자동061,1,,서울특별시 광진구 군자동 354-4,37.54958517,127.0686902353,,한전주,02-450-7873,서울특별시 광진구청,2025-12-23
군자동062,1,,서울특별시 광진구 군자동 354-3,37.549675092,127.0687599571,,전용주,02-450-7873,서울특별시 광진구청,2025-12-23
군자동064,1,,서울특별시 광진구 군자동 353-1,37.549841133,127.0690386,,,02-450-7873,서울특별시 광진구청,2025-12-23
군자동065,1,,서울특별시 광진구 군자동 354,37.5500117704,127.0689568342,,한전주,02-450-7873,서울특별시 광진구청,2025-12-23
군자동066,1,,서울특별시 광진구 군자동 350-7,37.55038417,127.0689416856,,한전주,02-450-7873,서울특별시 광진구청,2025-12-23
군자동067,1,,서울특별시 광진구 군자동 350-24,37.5504698055,127.0693199526,,건축물,02-450-7873,서울특별시 광진구청,2025-12-23
군자동068,1,,서울특별시 광진구 군자동 350-6,37.5505530355,127.0690503552,,한전주,02-450-7873,서울특별시 광진구청,2025-12-23
군자동069,1,,서울특별시 광진구 군자동 350-26,37.5508615631,127.0694706,,건축물,02-450-7873,서울특별시 광진구청,2025-12-23
군자동070,1,,서울특별시 광진구 군자동 350-26,37.5508615631,127.0694672054,,한전주,02-450-7873,서울특별시 광진구청,2025-12-23
군자동071,1,,서울특별시 광진구 군자동 349-6,37.5510925462,127.0695229846,,한전주,02-450-7873,서울특별시 광진구청,2025-12-23
군자동072,1,,서울특별시 광진구 군자동 349-17,37.5512228481,127.0697986672,,건축물,02-450-7873,서울특별시 광진구청,2025-12-23
군자동073,1,,서울특별시 광진구 군자동 349-1,37.5514477117,127.0695456,,한전주,02-450-7873,서울특별시 광진구청,2025-12-23
군자동074,1,,서울특별시 광진구 군자동 349-8,37.5513682987,127.0699011059,,한전주,02-450-7873,서울특별시 광진구청,2025-12-23
군자동075,1,,서울특별시 광진구 군자동 344-5,37.55149517,127.0701969052,,건축물,02-450-7873,서울특별시 광진구청,2025-12-23
군자동076,1,,서울특별시 광진구 군자동 349-9,37.55133217,127.0700766,,전용주,02-450-7873,서울특별시 광진구청,2025-12-23
군자동077,1,,서울특별시 광진구 군자동 348-9,37.5510037834,127.0700048788,,건축물,02-450-7873,서울특별시 광진구청,2025-12-23
군자동078,1,,서울특별시 광진구 군자동 348-21,37.5507973279,127.069915058,,한전주,02-450-7873,서울특별시 광진구청,2025-12-23
군자동079,1,,서울특별시 광진구 군자동 348-19,37.5506324358,127.0697476,,건축물,02-450-7873,서울특별시 광진구청,2025-12-23
군자동080,1,,서울특별시 광진구 군자동 350-28,37.55079117,127.0695376,,,02-450-7873,서울특별시 광진구청,2025-12-23
군자동081,1,,서울특별시 광진구 군자동 350-31,37.5505539967,127.0694327,,한전주,02-450-7873,서울특별시 광진구청,2025-12-23
군자동082,1,,서울특별시 광진구 군자동 350-22,37.5502969911,127.0693706,,전용주,02-450-7873,서울특별시 광진구청,2025-12-23
군자동084,1,,서울특별시 광진구 군자동 351-10,37.5501949486,127.0695176,,,02-450-7873,서울특별시 광진구청,2025-12-23
군자동085,1,,서울특별시 광진구 군자동 353-9,37.55003317,127.0693746,,한전주,02-450-7873,서울특별시 광진구청,2025-12-23
군자동086,1,,서울특별시 광진구 군자동 352-14,37.54967217,127.0694034747,,,02-450-7873,서울특별시 광진구청,2025-12-23
군자동087,1,,서울특별시 광진구 군자동 353-7,37.5496548654,127.0691443586,,,02-450-7873,서울특별시 광진구청,2025-12-23
군자동088,1,,서울특별시 광진구 군자동 358-2,37.54948617,127.0697143017,,한전주,02-450-7873,서울특별시 광진구청,2025-12-23
군자동089,1,,서울특별시 광진구 군자동 352-5,37.5495619297,127.0695240526,,전용주,02-450-7873,서울특별시 광진구청,2025-12-23
군자동090,1,,서울특별시 광진구 군자동 358,37.5497358907,127.0697138782,,한전주,02-450-7873,서울특별시 광진구청,2025-12-23
군자동091,1,,서울특별시 광진구 군자동 358-21,37.54983017,127.0699396,,한전주,02-450-7873,서울특별시 광진구청,2025-12-23
군자동092,1,,서울특별시 광진구 군자동 358-17,37.5494045813,127.0698870503,,,02-450-7873,서울특별시 광진구청,2025-12-23
군자동093,1,,서울특별시 광진구 군자동 359-17,37.5496340468,127.0702416369,,한전주,02-450-7873,서울특별시 광진구청,2025-12-23
군자동094,1,,서울특별시 광진구 군자동 359-4,37.5494145295,127.0704106,,한전주,02-450-7873,서울특별시 광진구청,2025-12-23
군자동095,1,,서울특별시 광진구 군자동 346-21,37.5495743915,127.0706909028,,,02-450-7873,서울특별시 광진구청,2025-12-23
군자동096,1,,서울특별시 광진구 군자동 346-21,37.54959517,127.0706909028,,한전주,02-450-7873,서울특별시 광진구청,2025-12-23
군자동097,1,,서울특별시 광진구 군자동 359-2,37.5492957847,127.0704666,,,02-450-7873,서울특별시 광진구청,2025-12-23
군자동098,1,,서울특별시 광진구 군자동 360-25,37.5491581028,127.0704016,,,02-450-7873,서울특별시 광진구청,2025-12-23
군자동099,1,,서울특별시 광진구 군자동 359-8,37.54937817,127.0701776,,한전주,02-450-7873,서울특별시 광진구청,2025-12-23
군자동100,1,,서울특별시 광진구 군자동 359-10,37.5494545258,127.0701006,,전용주,02-450-7873,서울특별시 광진구청,2025-12-23
군자동101,1,,서울특별시 광진구 군자동 358-16,37.54936217,127.0698599314,,한전주,02-450-7873,서울특별시 광진구청,2025-12-23
군자동102,1,,서울특별시 광진구 군자동 360-1,37.5490955888,127.0699296,,한전주,02-450-7873,서울특별시 광진구청,2025-12-23
군자동103,1,,서울특별시 광진구 군자동 358-10,37.5487080099,127.0697507174,,건축물,02-450-7873,서울특별시 광진구청,2025-12-23
군자동104,1,,서울특별시 광진구 군자동 360-29,37.5491895984,127.0701736,,전용주,02-450-7873,서울특별시 광진구청,2025-12-23
군자동105,1,,서울특별시 광진구 군자동 362-1,37.5490372124,127.0708475798,,전용주,02-450-7873,서울특별시 광진구청,2025-12-23
군자동106,1,,서울특별시 광진구 군자동 171-1,37.5567712862,127.0740801722,,,02-450-7873,서울특별시 광진구청,2025-12-23
군자동107,1,,서울특별시 광진구 군자동 346-13,37.5499031028,127.0697116,,한전주,02-450-7873,서울특별시 광진구청,2025-12-23
군자동108,1,,서울특별시 광진구 군자동 346-10,37.55028017,127.0698676,,한전주,02-450-7873,서울특별시 광진구청,2025-12-23
군자동109,1,,서울특별시 광진구 군자동 352-17,37.549954407,127.0693629788,,,02-450-7873,서울특별시 광진구청,2025-12-23
군자동110,1,,서울특별시 광진구 군자동 352-17,37.549954407,127.0693629788,,전용주,02-450-7873,서울특별시 광진구청,2025-12-23
군자동111,1,,서울특별시 광진구 군자동 347-9,37.5505388962,127.0701098015,,한전주,02-450-7873,서울특별시 광진구청,2025-12-23
군자동112,1,,서울특별시 광진구 군자동 347-13,37.5508427011,127.0702716,,한전주,02-450-7873,서울특별시 광진구청,2025-12-23
군자동113,1,,서울특별시 광진구 군자동 345-11,37.5510167176,127.0703766,,,02-450-7873,서울특별시 광진구청,2025-12-23
군자동114,1,,서울특별시 광진구 군자동 345-6,37.5511701795,127.0704566,,전용주,02-450-7873,서울특별시 광진구청,2025-12-23
군자동115,1,,서울특별시 광진구 군자동 343-12,37.5514354327,127.0704911096,,한전주,02-450-7873,서울특별시 광진구청,2025-12-23
군자동116,1,,서울특별시 광진구 군자동 345-6,37.5511701795,127.0704899545,,건축물,02-450-7873,서울특별시 광진구청,2025-12-23
군자동117,1,,서울특별시 광진구 군자동 344-14,37.5510137321,127.0709981516,,전용주,02-450-7873,서울특별시 광진구청,2025-12-23
군자동118,1,,서울특별시 광진구 군자동 343-17,37.55124358,127.0709409,,전용주,02-450-7873,서울특별시 광진구청,2025-12-23
군자동119,1,,서울특별시 광진구 군자동 346-31,37.5507087759,127.0706448971,,한전주,02-450-7873,서울특별시 광진구청,2025-12-23
군자동120,1,,서울특별시 광진구 군자동 346-27,37.5504979241,127.0705876,,한전주,02-450-7873,서울특별시 광진구청,2025-12-23
군자동121,1,,서울특별시 광진구 군자동 345-14,37.55091671,127.070475,,한전주,02-450-7873,서울특별시 광진구청,2025-12-23
군자동122,1,,서울특별시 광진구 군자동 347-3,37.5505743977,127.0702577426,,한전주,02-450-7873,서울특별시 광진구청,2025-12-23
군자동123,1,,서울특별시 광진구 군자동 346-6,37.55037617,127.0702316,,한전주,02-450-7873,서울특별시 광진구청,2025-12-23
군자동124,1,,서울특별시 광진구 군자동 363-24,37.5504764666,127.0712286,,건축물,02-450-7873,서울특별시 광진구청,2025-12-23
군자동125,1,,서울특별시 광진구 군자동 363-21,37.5504506666,127.0714646,,,02-450-7873,서울특별시 광진구청,2025-12-23
군자동126,1,,서울특별시 광진구 군자동 363-23,37.55059817,127.0714816,,전용주,02-450-7873,서울특별시 광진구청,2025-12-23
군자동128,1,,서울특별시 광진구 군자동 363-1,37.5508334789,127.0712646,,한전주,02-450-7873,서울특별시 광진구청,2025-12-23
군자동129,1,,서울특별시 광진구 군자동 364-15,37.55106917,127.0715960918,,한전주,02-450-7873,서울특별시 광진구청,2025-12-23
군자동130,1,,서울특별시 광진구 군자동 363-33,37.5507114068,127.0715129973,,한전주,02-450-7873,서울특별시 광진구청,2025-12-23
군자동131,1,,서울특별시 광진구 군자동 363-38,37.5505606198,127.0717866,,,02-450-7873,서울특별시 광진구청,2025-12-23
군자동132,1,,서울특별시 광진구 군자동 364-15,37.55100417,127.0715960918,,전용주,02-450-7873,서울특별시 광진구청,2025-12-23
군자동133,1,,서울특별시 광진구 군자동 364-15,37.55109717,127.0715960918,,한전주,02-450-7873,서울특별시 광진구청,2025-12-23
군자동134,1,,서울특별시 광진구 군자동 364-15,37.551098245,127.0715960918,,전용주,02-450-7873,서울특별시 광진구청,2025-12-23
군자동135,1,,서울특별시 광진구 군자동 99,37.5517127888,127.072672678,,한전주,02-450-7873,서울특별시 광진구청,2025-12-23
군자동136,1,,서울특별시 광진구 군자동 365-3,37.55105517,127.0719126,,,02-450-7873,서울특별시 광진구청,2025-12-23
군자동137,1,,서울특별시 광진구 군자동 364-38,37.55123117,127.0719976,,한전주,02-450-7873,서울특별시 광진구청,2025-12-23
군자동138,1,,서울특별시 광진구 군자동 100-101,37.551687006,127.072255517,,한전주,02-450-7873,서울특별시 광진구청,2025-12-23
군자동139,1,,서울특별시 광진구 군자동 100-11,37.5513512498,127.0721806158,,한전주,02-450-7873,서울특별시 광진구청,2025-12-23
군자동140,1,,서울특별시 광진구 군자동 100-101,37.55162417,127.072255517,,전용주,02-450-7873,서울특별시 광진구청,2025-12-23
군자동141,1,,서울특별시 광진구 군자동 100-101,37.551687006,127.072255517,,,02-450-7873,서울특별시 광진구청,2025-12-23
군자동142,1,,서울특별시 광진구 군자동 99,37.5517127888,127.072672678,,전용주,02-450-7873,서울특별시 광진구청,2025-12-23
군자동143,1,,서울특별시 광진구 중곡동 275-11,37.5586835155,127.0837452384,,,02-450-7873,서울특별시 광진구청,2025-12-23
군자동144,1,,서울특별시 광진구 군자동 100-100,37.5522892135,127.0722874461,,한전주,02-450-7873,서울특별시 광진구청,2025-12-23
군자동145,1,,서울특별시 광진구 군자동 117-19,37.5550924461,127.0725022396,,,02-450-7873,서울특별시 광진구청,2025-12-23
군자동146,1,,서울특별시 광진구 군자동 100-100,37.5522892135,127.0722874461,,한전주,02-450-7873,서울특별시 광진구청,2025-12-23
군자동147,1,,서울특별시 광진구 군자동 103,37.5526223508,127.0720772734,,,02-450-7873,서울특별시 광진구청,2025-12-23
군자동148,1,,서울특별시 광진구 군자동 103,37.5526223508,127.0720772734,,전용주,02-450-7873,서울특별시 광진구청,2025-12-23
군자동149,1,,서울특별시 광진구 군자동 364-20,37.551065903,127.0718864466,,건축물,02-450-7873,서울특별시 광진구청,2025-12-23
군자동150,1,,서울특별시 광진구 군자동 364-37,37.55139817,127.0719110102,,건축물,02-450-7873,서울특별시 광진구청,2025-12-23
군자동151,1,,서울특별시 광진구 군자동 364-36,37.551396773,127.0718056,,,02-450-7873,서울특별시 광진구청,2025-12-23
군자동152,1,,서울특별시 광진구 군자동 364-25,37.5514297362,127.0715729833,,,02-450-7873,서울특별시 광진구청,2025-12-23
군자동153,1,,서울특별시 광진구 군자동 364-26,37.5514831209,127.071497778,,,02-450-7873,서울특별시 광진구청,2025-12-23
군자동154,1,,서울특별시 광진구 군자동 364-30,37.5516913815,127.0714218,,전용주,02-450-7873,서울특별시 광진구청,2025-12-23
군자동155,1,,서울특별시 광진구 군자동 364-4,37.5514727921,127.071294746,,,02-450-7873,서울특별시 광진구청,2025-12-23
군자동156,1,,서울특별시 광진구 군자동 364-6,37.55139717,127.0714956,,전용주,02-450-7873,서울특별시 광진구청,2025-12-23
군자동157,1,,서울특별시 광진구 군자동 102-37,37.55214917,127.0715400998,,한전주,02-450-7873,서울특별시 광진구청,2025-12-23
군자동158,1,,서울특별시 광진구 군자동 102-41,37.55218517,127.0714266,,한전주,02-450-7873,서울특별시 광진구청,2025-12-23
군자동159,1,,서울특별시 광진구 군자동 342-20,37.5514835977,127.0710062927,,한전주,02-450-7873,서울특별시 광진구청,2025-12-23
군자동160,1,,서울특별시 광진구 군자동 342-18,37.55166117,127.0708406,,건축물,02-450-7873,서울특별시 광진구청,2025-12-23
군자동161,1,,서울특별시 광진구 군자동 344-8,37.5514205712,127.070331643,,전용주,02-450-7873,서울특별시 광진구청,2025-12-23
군자동162,1,,서울특별시 광진구 군자동 343-12,37.5514251,127.0704258,,,02-450-7873,서울특별시 광진구청,2025-12-23
군자동163,1,,서울특별시 광진구 군자동 146-8,37.5541446927,127.0733677614,,,02-450-7873,서울특별시 광진구청,2025-12-23
군자동164,1,,서울특별시 광진구 군자동 342-10,37.5517879408,127.0705326,,한전주,02-450-7873,서울특별시 광진구청,2025-12-23
군자동165,1,,서울특별시 광진구 군자동 343,37.5518237494,127.0702111586,,한전주,02-450-7873,서울특별시 광진구청,2025-12-23
군자동166,1,,서울특별시 광진구 군자동 344-5,37.5514679538,127.0701906,,한전주,02-450-7873,서울특별시 광진구청,2025-12-23
군자동167,1,,서울특별시 광진구 군자동 344-3,37.551551069,127.0699736,,전용주,02-450-7873,서울특별시 광진구청,2025-12-23
군자동168,1,,서울특별시 광진구 군자동 341-46,37.551791801,127.0696923673,,전용주,02-450-7873,서울특별시 광진구청,2025-12-23
군자동169,1,,서울특별시 광진구 군자동 343-1,37.5518118885,127.0700050688,,전용주,02-450-7873,서울특별시 광진구청,2025-12-23
군자동170,1,,서울특별시 광진구 군자동 341-42,37.5519515494,127.0699945616,,한전주,02-450-7873,서울특별시 광진구청,2025-12-23
군자동171,1,,서울특별시 광진구 군자동 341-38,37.5521296838,127.0701344911,,건축물,02-450-7873,서울특별시 광진구청,2025-12-23
군자동172,1,,서울특별시 광진구 군자동 341-5,37.5523359281,127.0702206,,한전주,02-450-7873,서울특별시 광진구청,2025-12-23
군자동173,1,,서울특별시 광진구 군자동 341-7,37.5524399923,127.0704291339,,전용주,02-450-7873,서울특별시 광진구청,2025-12-23
군자동174,1,,서울특별시 광진구 군자동 340-7,37.5525316115,127.0702986232,,건축물,02-450-7873,서울특별시 광진구청,2025-12-23
군자동175,1,,서울특별시 광진구 군자동 340-5,37.55269417,127.0704050752,,전용주,02-450-7873,서울특별시 광진구청,2025-12-23
군자동176,1,,서울특별시 광진구 군자동 125-60,37.5527153894,127.0706436224,,한전주,02-450-7873,서울특별시 광진구청,2025-12-23
군자동177,1,,서울특별시 광진구 군자동 340-2,37.5528002326,127.0703933719,,전용주,02-450-7873,서울특별시 광진구청,2025-12-23
군자동178,1,,서울특별시 광진구 군자동 340-3,37.5526917001,127.0703300082,,전용주,02-450-7873,서울특별시 광진구청,2025-12-23
군자동179,1,,서울특별시 광진구 군자동 340,37.5529059699,127.0703946,,건축물,02-450-7873,서울특별시 광진구청,2025-12-23
군자동180,1,,서울특별시 광진구 군자동 341-9,37.5523985761,127.0705303809,,전용주,02-450-7873,서울특별시 광진구청,2025-12-23
군자동181,1,,서울특별시 광진구 군자동 341-9,37.5523985761,127.0705303809,,전용주,02-450-7873,서울특별시 광진구청,2025-12-23
군자동182,1,,서울특별시 광진구 군자동 341-20,37.5522422581,127.0706723732,,,02-450-7873,서울특별시 광진구청,2025-12-23
군자동183,1,,서울특별시 광진구 군자동 341-18,37.5520744799,127.0703914444,,전용주,02-450-7873,서울특별시 광진구청,2025-12-23
군자동184,1,,서울특별시 광진구 군자동 341-22,37.5521373295,127.0707599796,,,02-450-7873,서울특별시 광진구청,2025-12-23
군자동185,1,,서울특별시 광진구 군자동 341-24,37.5519965208,127.0707836,,전용주,02-450-7873,서울특별시 광진구청,2025-12-23
군자동186,1,,서울특별시 광진구 군자동 341-28,37.55198217,127.0706366,,건축물,02-450-7873,서울특별시 광진구청,2025-12-23
군자동187,1,,서울특별시 광진구 군자동 125-36,37.55222017,127.0709376,,한전주,02-450-7873,서울특별시 광진구청,2025-12-23
군자동188,1,,서울특별시 광진구 군자동 100-94,37.5521948524,127.0711445803,,건축물,02-450-7873,서울특별시 광진구청,2025-12-23
군자동189,1,,서울특별시 광진구 군자동 124-9,37.552290615,127.0710172435,,한전주,02-450-7873,서울특별시 광진구청,2025-12-23
군자동190,1,,서울특별시 광진구 군자동 124-5,37.5524805534,127.0708538948,,,02-450-7873,서울특별시 광진구청,2025-12-23
군자동191,1,,서울특별시 광진구 군자동 102-11,37.5524104401,127.0713287976,,한전주,02-450-7873,서울특별시 광진구청,2025-12-23
군자동192,1,,서울특별시 광진구 군자동 124-7,37.5524172613,127.0710737217,,한전주,02-450-7873,서울특별시 광진구청,2025-12-23
군자동193,1,,서울특별시 광진구 군자동 124-4,37.5524911922,127.0709921972,,전용주,02-450-7873,서울특별시 광진구청,2025-12-23
군자동194,1,,서울특별시 광진구 군자동 124-2,37.5525780013,127.0709346,,한전주,02-450-7873,서울특별시 광진구청,2025-12-23
군자동195,1,,서울특별시 광진구 군자동 125-44,37.55294817,127.0708556,,전용주,02-450-7873,서울특별시 광진구청,2025-12-23
군자동196,1,,서울특별시 광진구 군자동 125-56,37.5528745702,127.0706666,,건축물,02-450-7873,서울특별시 광진구청,2025-12-23
군자동197,1,,서울특별시 광진구 군자동 124-3,37.5525847947,127.0711604551,,전용주,02-450-7873,서울특별시 광진구청,2025-12-23
군자동198,1,,서울특별시 광진구 군자동 125-111,37.5528469538,127.0716558,,한전주,02-450-7873,서울특별시 광진구청,2025-12-23
군자동199,1,,서울특별시 광진구 군자동 125-17,37.5529656,127.0718862,,전용주,02-450-7873,서울특별시 광진구청,2025-12-23
군자동200,1,,서울특별시 광진구 군자동 125-80,37.5529275356,127.0716054241,,한전주,02-450-7873,서울특별시 광진구청,2025-12-23
군자동201,1,,서울특별시 광진구 군자동 125-101,37.5531455,127.0713412,,한전주,02-450-7873,서울특별시 광진구청,2025-12-23
군자동203,1,,서울특별시 광진구 군자동 130-54,37.5532157066,127.0718246,,건축물,02-450-7873,서울특별시 광진구청,2025-12-23
군자동204,1,,서울특별시 광진구 군자동 125-91,37.5530473638,127.0712682,,한전주,02-450-7873,서울특별시 광진구청,2025-12-23
군자동205,1,,서울특별시 광진구 군자동 125-85,37.5529115529,127.0712164452,,한전주,02-450-7873,서울특별시 광진구청,2025-12-23
군자동206,1,,서울특별시 광진구 군자동 125-105,37.5530906766,127.0710036,,전용주,02-450-7873,서울특별시 광진구청,2025-12-23
군자동207,1,,서울특별시 광진구 군자동 125-88,37.553110211,127.0707867022,,건축물,02-450-7873,서울특별시 광진구청,2025-12-23
군자동208,1,,서울특별시 광진구 군자동 125-91,37.5530473638,127.0712107819,,한전주,02-450-7873,서울특별시 광진구청,2025-12-23
군자동209,1,,서울특별시 광진구 군자동 125-98,37.5532652025,127.0710199,,한전주,02-450-7873,서울특별시 광진구청,2025-12-23
군자동210,1,,서울특별시 광진구 군자동 115-21,37.5537531579,127.0722822962,,,02-450-7873,서울특별시 광진구청,2025-12-23
군자동211,1,,서울특별시 광진구 군자동 125-196,37.5537947199,127.0710769,,한전주,02-450-7873,서울특별시 광진구청,2025-12-23
군자동212,1,,서울특별시 광진구 군자동 127-20,37.5538918538,127.0708726,,,02-450-7873,서울특별시 광진구청,2025-12-23
군자동213,1,,서울특별시 광진구 군자동 125-270,37.5536152724,127.0712658766,,,02-450-7873,서울특별시 광진구청,2025-12-23
군자동214,1,,서울특별시 광진구 군자동 125-270,37.5536334,127.0712658766,,,02-450-7873,서울특별시 광진구청,2025-12-23
군자동215,1,,서울특별시 광진구 군자동 125-205,37.5534458333,127.0709358385,,건축물,02-450-7873,서울특별시 광진구청,2025-12-23
군자동216,1,,서울특별시 광진구 군자동 125-237,37.5537610761,127.0709496,,건축물,02-450-7873,서울특별시 광진구청,2025-12-23
군자동217,1,,서울특별시 광진구 군자동 125-236,37.5536813032,127.0710115,,한전주,02-450-7873,서울특별시 광진구청,2025-12-23
군자동218,1,,서울특별시 광진구 군자동 125-270,37.5536152724,127.0712658766,,건축물,02-450-7873,서울특별시 광진구청,2025-12-23
군자동219,1,,서울특별시 광진구 군자동 125-232,37.5534704,127.0712309,,전용주,02-450-7873,서울특별시 광진구청,2025-12-23
군자동220,1,,서울특별시 광진구 군자동 125-231,37.5533391221,127.07128996,,건축물,02-450-7873,서울특별시 광진구청,2025-12-23
군자동221,1,,서울특별시 광진구 군자동 130-21,37.553585,127.071320,,,02-450-7873,서울특별시 광진구청,2025-12-23
군자동222,1,,서울특별시 광진구 군자동 125-227,37.5535785582,127.0712656,,한전주,02-450-7873,서울특별시 광진구청,2025-12-23
군자동223,1,,서울특별시 광진구 군자동 125-180,37.5540390373,127.0712905,,,02-450-7873,서울특별시 광진구청,2025-12-23
군자동224,1,,서울특별시 광진구 군자동 125-214,37.5536987178,127.071465,,,02-450-7873,서울특별시 광진구청,2025-12-23
군자동225,1,,서울특별시 광진구 군자동 125-193,37.5535976,127.0717262,,전용주,02-450-7873,서울특별시 광진구청,2025-12-23
군자동226,1,,서울특별시 광진구 군자동 130-51,37.5530798935,127.0720829,,한전주,02-450-7873,서울특별시 광진구청,2025-12-23
군자동227,1,,서울특별시 광진구 군자동 130-46,37.5533513897,127.0718613678,,한전주,02-450-7873,서울특별시 광진구청,2025-12-23
군자동228,1,,서울특별시 광진구 군자동 125-194,37.5534218775,127.0718992,,한전주,02-450-7873,서울특별시 광진구청,2025-12-23
군자동229,1,,서울특별시 광진구 군자동 125-193,37.5535377913,127.071737512,,건축물,02-450-7873,서울특별시 광진구청,2025-12-23
군자동230,1,,서울특별시 광진구 군자동 125-193,37.5535377913,127.0717983,,건축물,02-450-7873,서울특별시 광진구청,2025-12-23
군자동231,1,,서울특별시 광진구 군자동 130-43,37.5537313703,127.0716640234,,건축물,02-450-7873,서울특별시 광진구청,2025-12-23
군자동232,1,,서울특별시 광진구 군자동 125-200,37.55348342,127.0707605733,,,02-450-7873,서울특별시 광진구청,2025-12-23
군자동233,1,,서울특별시 광진구 군자동 130-15,37.5543181306,127.0713926,,건축물,02-450-7873,서울특별시 광진구청,2025-12-23
군자동234,1,,서울특별시 광진구 군자동 130-98,37.5545913091,127.0714716,,건축물,02-450-7873,서울특별시 광진구청,2025-12-23
군자동235,1,,서울특별시 광진구 군자동 130-11,37.5544800983,127.0712952,,한전주,02-450-7873,서울특별시 광진구청,2025-12-23
군자동236,1,,서울특별시 광진구 군자동 117-39,37.55460217,127.0716906,,전용주,02-450-7873,서울특별시 광진구청,2025-12-23
군자동237,1,,서울특별시 광진구 군자동 117-46,37.55446917,127.0718363559,,전용주,02-450-7873,서울특별시 광진구청,2025-12-23
군자동238,1,,서울특별시 광진구 군자동 117-52,37.5540503488,127.0719187377,,한전주,02-450-7873,서울특별시 광진구청,2025-12-23
군자동239,1,,서울특별시 광진구 군자동 115-18,37.553693934,127.0719906,,한전주,02-450-7873,서울특별시 광진구청,2025-12-23
군자동240,1,,서울특별시 광진구 군자동 116-18,37.5539778532,127.0721676,,건축물,02-450-7873,서울특별시 광진구청,2025-12-23
군자동241,1,,서울특별시 광진구 군자동 98,37.5516081379,127.0731831883,,전용주,02-450-7873,서울특별시 광진구청,2025-12-23
군자동242,1,,서울특별시 광진구 군자동 98,37.5516081379,127.0731831883,,한전주,02-450-7873,서울특별시 광진구청,2025-12-23
군자동243,1,,서울특별시 광진구 군자동 116-1,37.5542231243,127.0727446,,한전주,02-450-7873,서울특별시 광진구청,2025-12-23
군자동244,1,,서울특별시 광진구 군자동 125-16,37.5529855468,127.071923373,,,02-450-7873,서울특별시 광진구청,2025-12-23
군자동245,1,,서울특별시 광진구 군자동 115-1,37.5545650579,127.0728508643,,한전주,02-450-7873,서울특별시 광진구청,2025-12-23
군자동246,1,,서울특별시 광진구 군자동 117-47,37.5543443831,127.0724256,,한전주,02-450-7873,서울특별시 광진구청,2025-12-23
군자동247,1,,서울특별시 광진구 군자동 116-6,37.5540930922,127.0721548541,,한전주,02-450-7873,서울특별시 광진구청,2025-12-23
군자동248,1,,서울특별시 광진구 군자동 117-42,37.5544573242,127.0720836,,한전주,02-450-7873,서울특별시 광진구청,2025-12-23
군자동249,1,,서울특별시 광진구 군자동 117-39,37.5546057975,127.0716491298,,한전주,02-450-7873,서울특별시 광진구청,2025-12-23
군자동250,1,,서울특별시 광진구 군자동 117-37,37.5550553861,127.071812529,,한전주,02-450-7873,서울특별시 광진구청,2025-12-23
군자동251,1,,서울특별시 광진구 군자동 134-34,37.55535617,127.0717836,,전용주,02-450-7873,서울특별시 광진구청,2025-12-23
군자동252,1,,서울특별시 광진구 군자동 134-27,37.55559817,127.0720046,,전용주,02-450-7873,서울특별시 광진구청,2025-12-23
군자동253,1,,서울특별시 광진구 군자동 142-7,37.5557291884,127.0721556,,한전주,02-450-7873,서울특별시 광진구청,2025-12-23
군자동254,1,,서울특별시 광진구 군자동 184-13,37.5557937965,127.0723325924,,건축물,02-450-7873,서울특별시 광진구청,2025-12-23
군자동255,1,,서울특별시 광진구 군자동 184-9,37.5559649505,127.0722434635,,건축물,02-450-7873,서울특별시 광진구청,2025-12-23
군자동256,1,,서울특별시 광진구 군자동 184-18,37.55595417,127.0725776,,한전주,02-450-7873,서울특별시 광진구청,2025-12-23
군자동257,1,,서울특별시 광진구 군자동 142-3,37.5556988386,127.0726144164,,한전주,02-450-7873,서울특별시 광진구청,2025-12-23
군자동258,1,,서울특별시 광진구 군자동 117-29,37.5552443495,127.0723576,,한전주,02-450-7873,서울특별시 광진구청,2025-12-23
군자동259,1,,서울특별시 광진구 군자동 125-53,37.5528477412,127.0709520207,,,02-450-7873,서울특별시 광진구청,2025-12-23
군자동260,1,,서울특별시 광진구 군자동 117-27,37.55509817,127.0722420082,,한전주,02-450-7873,서울특별시 광진구청,2025-12-23
군자동261,1,,서울특별시 광진구 군자동 117-34,37.5547450757,127.071823888,,건축물,02-450-7873,서울특별시 광진구청,2025-12-23
군자동262,1,,서울특별시 광진구 군자동 117-22,37.55479317,127.0722116,,,02-450-7873,서울특별시 광진구청,2025-12-23
군자동263,1,,서울특별시 광진구 군자동 117-26,37.554903714,127.07216435,,한전주,02-450-7873,서울특별시 광진구청,2025-12-23
군자동264,1,,서울특별시 광진구 군자동 117-20,37.554959607,127.072407725,,,02-450-7873,서울특별시 광진구청,2025-12-23
군자동265,1,,서울특별시 광진구 군자동 125-36,37.5522046259,127.070923798,,,02-450-7873,서울특별시 광진구청,2025-12-23
군자동266,1,,서울특별시 광진구 군자동 142-3,37.5556988386,127.0726996,,,02-450-7873,서울특별시 광진구청,2025-12-23
군자동267,1,,서울특별시 광진구 군자동 195-18,37.5561680285,127.072694886,,한전주,02-450-7873,서울특별시 광진구청,2025-12-23
군자동268,1,,서울특별시 광진구 군자동 158-1,37.5558444387,127.0730543516,,한전주,02-450-7873,서울특별시 광진구청,2025-12-23
군자동269,1,,서울특별시 광진구 군자동 158-6,37.5558984,127.0732077,,한전주,02-450-7873,서울특별시 광진구청,2025-12-23
군자동270,1,,서울특별시 광진구 군자동 125-95,37.5525230821,127.0707009306,,,02-450-7873,서울특별시 광진구청,2025-12-23
군자동271,1,,서울특별시 광진구 군자동 142-9,37.5554358824,127.072834057,,한전주,02-450-7873,서울특별시 광진구청,2025-12-23
군자동272,1,,서울특별시 광진구 군자동 144-5,37.5551742045,127.0727946077,,한전주,02-450-7873,서울특별시 광진구청,2025-12-23
군자동273,1,,서울특별시 광진구 군자동 117-9,37.5547618072,127.0727511247,,한전주,02-450-7873,서울특별시 광진구청,2025-12-23
군자동274,1,,서울특별시 광진구 군자동 117-9,37.5547618072,127.0727511247,,한전주,02-450-7873,서울특별시 광진구청,2025-12-23
군자동275,1,,서울특별시 광진구 군자동 117-10,37.5545735317,127.0726975245,,전용주,02-450-7873,서울특별시 광진구청,2025-12-23
군자동276,1,,서울특별시 광진구 군자동 146-6,37.554269997,127.0732066,,전용주,02-450-7873,서울특별시 광진구청,2025-12-23
군자동277,1,,서울특별시 광진구 군자동 145-28,37.5545417421,127.0731098922,,한전주,02-450-7873,서울특별시 광진구청,2025-12-23
군자동278,1,,서울특별시 광진구 군자동 145-28,37.5545417421,127.0731098922,,,02-450-7873,서울특별시 광진구청,2025-12-23
군자동279,1,,서울특별시 광진구 군자동 145-7,37.5547132421,127.0728992199,,한전주,02-450-7873,서울특별시 광진구청,2025-12-23
군자동280,1,,서울특별시 광진구 군자동 144-19,37.5548231827,127.0728686573,,,02-450-7873,서울특별시 광진구청,2025-12-23
군자동281,1,,서울특별시 광진구 군자동 145-4,37.5551364845,127.0729740999,,건축물,02-450-7873,서울특별시 광진구청,2025-12-23
군자동282,1,,서울특별시 광진구 군자동 145-13,37.5549167552,127.0732264868,,한전주,02-450-7873,서울특별시 광진구청,2025-12-23
군자동283,1,,서울특별시 광진구 군자동 145-30,37.5544717903,127.0733429,,한전주,02-450-7873,서울특별시 광진구청,2025-12-23
군자동284,1,,서울특별시 광진구 군자동 343-2,37.5517494497,127.0698523471,,,02-450-7873,서울특별시 광진구청,2025-12-23
군자동285,1,,서울특별시 광진구 군자동 152-11,37.5545599038,127.0737776,,건축물,02-450-7873,서울특별시 광진구청,2025-12-23
군자동286,1,,서울특별시 광진구 군자동 152-15,37.5544521252,127.0736378644,,한전주,02-450-7873,서울특별시 광진구청,2025-12-23
군자동287,1,,서울특별시 광진구 군자동 146-3,37.5543779245,127.0732815269,,전용주,02-450-7873,서울특별시 광진구청,2025-12-23
군자동288,1,,서울특별시 광진구 군자동 146-8,37.5541446927,127.0733677614,,전용주,02-450-7873,서울특별시 광진구청,2025-12-23
군자동289,1,,서울특별시 광진구 군자동 111-6,37.5538954696,127.0733209,,한전주,02-450-7873,서울특별시 광진구청,2025-12-23
군자동290,1,,서울특별시 광진구 군자동 111-7,37.5536198969,127.0734773486,,한전주,02-450-7873,서울특별시 광진구청,2025-12-23
군자동291,1,,서울특별시 광진구 군자동 150-21,37.5538612448,127.0736476948,,한전주,02-450-7873,서울특별시 광진구청,2025-12-23
군자동292,1,,서울특별시 광진구 군자동 150-18,37.55409117,127.0739356,,전용주,02-450-7873,서울특별시 광진구청,2025-12-23
군자동293,1,,서울특별시 광진구 군자동 150-8,37.55417217,127.0742056,,한전주,02-450-7873,서울특별시 광진구청,2025-12-23
군자동294,1,,서울특별시 광진구 군자동 150-23,37.5538750271,127.0735079422,,한전주,02-450-7873,서울특별시 광진구청,2025-12-23
군자동295,1,,서울특별시 광진구 군자동 151-11,37.5540547133,127.0737531344,,한전주,02-450-7873,서울특별시 광진구청,2025-12-23
군자동296,1,,서울특별시 광진구 군자동 151-8,37.5542925578,127.0739274267,,한전주,02-450-7873,서울특별시 광진구청,2025-12-23
군자동297,1,,서울특별시 광진구 군자동 151-3,37.5544350534,127.0741056,,전용주,02-450-7873,서울특별시 광진구청,2025-12-23
군자동298,1,,서울특별시 광진구 군자동 152-1,37.55477317,127.0740525978,,건축물,02-450-7873,서울특별시 광진구청,2025-12-23
군자동299,1,,서울특별시 광진구 군자동 153-6,37.55475017,127.0742936,,한전주,02-450-7873,서울특별시 광진구청,2025-12-23
군자동300,1,,서울특별시 광진구 군자동 48-24,37.554307759,127.0748636,,건축물,02-450-7873,서울특별시 광진구청,2025-12-23
군자동301,1,,서울특별시 광진구 군자동 48-60,37.55459817,127.0747116,,한전주,02-450-7873,서울특별시 광진구청,2025-12-23
군자동302,1,,서울특별시 광진구 군자동 63,37.5546235814,127.074505384,,건축물,02-450-7873,서울특별시 광진구청,2025-12-23
군자동303,1,,서울특별시 광진구 군자동 48-21,37.5547398828,127.0746086,,한전주,02-450-7873,서울특별시 광진구청,2025-12-23
군자동304,1,,서울특별시 광진구 군자동 62-7,37.5550369869,127.0746040295,,한전주,02-450-7873,서울특별시 광진구청,2025-12-23
군자동305,1,,서울특별시 광진구 군자동 154-15,37.5549492271,127.0741326,,한전주,02-450-7873,서울특별시 광진구청,2025-12-23
군자동306,1,,서울특별시 광진구 군자동 154-14,37.5548965061,127.0739956,,건축물,02-450-7873,서울특별시 광진구청,2025-12-23
군자동307,1,,서울특별시 광진구 군자동 60-23,37.55505317,127.0738166,,전용주,02-450-7873,서울특별시 광진구청,2025-12-23
군자동308,1,,서울특별시 광진구 군자동 60-19,37.55525417,127.0737226,,한전주,02-450-7873,서울특별시 광진구청,2025-12-23
군자동309,1,,서울특별시 광진구 군자동 60-52,37.5552924178,127.0736021364,,건축물,02-450-7873,서울특별시 광진구청,2025-12-23
군자동310,1,,서울특별시 광진구 군자동 152-7,37.5547481274,127.0735376,,한전주,02-450-7873,서울특별시 광진구청,2025-12-23
군자동311,1,,서울특별시 광진구 군자동 153-7,37.5547757915,127.0738815034,,건축물,02-450-7873,서울특별시 광진구청,2025-12-23
군자동312,1,,서울특별시 광진구 군자동 152-1,37.55478617,127.0740525978,,전용주,02-450-7873,서울특별시 광진구청,2025-12-23
군자동313,1,,서울특별시 광진구 군자동 60-21,37.5551506466,127.0733582,,한전주,02-450-7873,서울특별시 광진구청,2025-12-23
군자동314,1,,서울특별시 광진구 군자동 144-16,37.5553352342,127.0731903,,한전주,02-450-7873,서울특별시 광진구청,2025-12-23
군자동315,1,,서울특별시 광진구 군자동 60-52,37.5552924178,127.0736021364,,전용주,02-450-7873,서울특별시 광진구청,2025-12-23
군자동316,1,,서울특별시 광진구 군자동 60-50,37.5553256911,127.0738482075,,전용주,02-450-7873,서울특별시 광진구청,2025-12-23
군자동317,1,,서울특별시 광진구 군자동 157-3,37.5555487252,127.0740764722,,한전주,02-450-7873,서울특별시 광진구청,2025-12-23
군자동318,1,,서울특별시 광진구 군자동 157-18,37.5554897078,127.0742233128,,,02-450-7873,서울특별시 광진구청,2025-12-23
군자동319,1,,서울특별시 광진구 군자동 59-7,37.555412232,127.0744934938,,한전주,02-450-7873,서울특별시 광진구청,2025-12-23
군자동320,1,,서울특별시 광진구 군자동 60-85,37.55535217,127.0744996,,한전주,02-450-7873,서울특별시 광진구청,2025-12-23
군자동321,1,,서울특별시 광진구 군자동 347-5,37.5504265038,127.070173748,,,02-450-7873,서울특별시 광진구청,2025-12-23
군자동322,1,,서울특별시 광진구 군자동 60-17,37.5552532516,127.0739910736,,한전주,02-450-7873,서울특별시 광진구청,2025-12-23
군자동323,1,,서울특별시 광진구 군자동 60-51,37.55536417,127.0737946,,전용주,02-450-7873,서울특별시 광진구청,2025-12-23
군자동324,1,,서울특별시 광진구 군자동 60-69,37.55539917,127.0749196,,한전주,02-450-7873,서울특별시 광진구청,2025-12-23
군자동325,1,,서울특별시 광진구 군자동 352-17,37.549954407,127.0693629788,,,02-450-7873,서울특별시 광진구청,2025-12-23
군자동327,1,,서울특별시 광진구 군자동 48-35,37.5550416413,127.0752205991,,한전주,02-450-7873,서울특별시 광진구청,2025-12-23
군자동328,1,,서울특별시 광진구 군자동 350-13,37.5500636419,127.0693089389,,,02-450-7873,서울특별시 광진구청,2025-12-23
군자동329,1,,서울특별시 광진구 군자동 48-19,37.5552873576,127.0753394515,,,02-450-7873,서울특별시 광진구청,2025-12-23
군자동330,1,,서울특별시 광진구 군자동 353,37.5499155001,127.0691854519,,,02-450-7873,서울특별시 광진구청,2025-12-23
군자동331,1,,서울특별시 광진구 군자동 58-11,37.5556999128,127.0745636,,,02-450-7873,서울특별시 광진구청,2025-12-23
군자동332,1,,서울특별시 광진구 군자동 353-2,37.5497246716,127.0690266186,,,02-450-7873,서울특별시 광진구청,2025-12-23
군자동333,1,,서울특별시 광진구 군자동 56-12,37.555720945,127.0751550753,,건축물,02-450-7873,서울특별시 광진구청,2025-12-23
군자동334,1,,서울특별시 광진구 군자동 56-9,37.555840794,127.0751016,,전용주,02-450-7873,서울특별시 광진구청,2025-12-23
군자동335,1,,서울특별시 광진구 군자동 56-11,37.5558162247,127.0752270364,,전용주,02-450-7873,서울특별시 광진구청,2025-12-23
군자동336,1,,서울특별시 광진구 군자동 48-45,37.5559485576,127.0755356,,,02-450-7873,서울특별시 광진구청,2025-12-23
군자동337,1,,서울특별시 광진구 군자동 43-4,37.5562985128,127.0752916,,건축물,02-450-7873,서울특별시 광진구청,2025-12-23
군자동338,1,,서울특별시 광진구 군자동 43-4,37.5562985128,127.0752517406,,한전주,02-450-7873,서울특별시 광진구청,2025-12-23
군자동339,1,,서울특별시 광진구 군자동 43-9,37.556075407,127.0751399264,,건축물,02-450-7873,서울특별시 광진구청,2025-12-23
군자동340,1,,서울특별시 광진구 군자동 40-15,37.5560249974,127.0749252975,,한전주,02-450-7873,서울특별시 광진구청,2025-12-23
군자동341,1,,서울특별시 광진구 군자동 43-3,37.5563349855,127.0751380367,,한전주,02-450-7873,서울특별시 광진구청,2025-12-23
군자동342,1,,서울특별시 광진구 군자동 42-1,37.5564152806,127.0752541215,,한전주,02-450-7873,서울특별시 광진구청,2025-12-23
군자동343,1,,서울특별시 광진구 군자동 42-1,37.5564152806,127.0752541215,,한전주,02-450-7873,서울특별시 광진구청,2025-12-23
군자동344,1,,서울특별시 광진구 군자동 42-3,37.5562986152,127.0755256,,한전주,02-450-7873,서울특별시 광진구청,2025-12-23
군자동345,1,,서울특별시 광진구 군자동 352-10,37.5493716467,127.0692039608,,,02-450-7873,서울특별시 광진구청,2025-12-23
군자동346,1,,서울특별시 광진구 군자동 34-2,37.55669517,127.0750306894,,한전주,02-450-7873,서울특별시 광진구청,2025-12-23
군자동347,1,,서울특별시 광진구 군자동 14,37.55670117,127.0748967968,,한전주,02-450-7873,서울특별시 광진구청,2025-12-23
군자동348,1,,서울특별시 광진구 군자동 35-3,37.5564253117,127.0747814004,,한전주,02-450-7873,서울특별시 광진구청,2025-12-23
군자동349,1,,서울특별시 광진구 군자동 37-3,37.55645917,127.0743387863,,,02-450-7873,서울특별시 광진구청,2025-12-23
군자동350,1,,서울특별시 광진구 군자동 164-4,37.5562321454,127.0736224135,,전용주,02-450-7873,서울특별시 광진구청,2025-12-23
군자동351,1,,서울특별시 광진구 군자동 207-4,37.5565946429,127.0746224028,,,02-450-7873,서울특별시 광진구청,2025-12-23
군자동352,1,,서울특별시 광진구 군자동 160-3,37.55613374,127.0738486864,,한전주,02-450-7873,서울특별시 광진구청,2025-12-23
군자동353,1,,서울특별시 광진구 군자동 39-5,37.5560748168,127.0743643425,,,02-450-7873,서울특별시 광진구청,2025-12-23
군자동354,1,,서울특별시 광진구 군자동 39-5,37.5560748168,127.0743643425,,한전주,02-450-7873,서울특별시 광진구청,2025-12-23
군자동355,1,,서울특별시 광진구 군자동 39-16,37.55592117,127.0743256,,한전주,02-450-7873,서울특별시 광진구청,2025-12-23
군자동356,1,,서울특별시 광진구 군자동 157-6,37.5556944774,127.0741230177,,한전주,02-450-7873,서울특별시 광진구청,2025-12-23
군자동357,1,,서울특별시 광진구 군자동 352-17,37.549954407,127.0693629788,,,02-450-7873,서울특별시 광진구청,2025-12-23
군자동358,1,,서울특별시 광진구 군자동 159-10,37.55587517,127.0738044367,,한전주,02-450-7873,서울특별시 광진구청,2025-12-23
군자동359,1,,서울특별시 광진구 군자동 346-20,37.5496766782,127.0703499213,,,02-450-7873,서울특별시 광진구청,2025-12-23
군자동360,1,,서울특별시 광진구 군자동 163,37.55622117,127.0733025576,,한전주,02-450-7873,서울특별시 광진구청,2025-12-23
군자동361,1,,서울특별시 광진구 군자동 182-1,37.55635017,127.0731716,,전용주,02-450-7873,서울특별시 광진구청,2025-12-23
군자동362,1,,서울특별시 광진구 군자동 165,37.5563603099,127.0736984798,,한전주,02-450-7873,서울특별시 광진구청,2025-12-23
군자동363,1,,서울특별시 광진구 군자동 177-7,37.55659617,127.0738187513,,한전주,02-450-7873,서울특별시 광진구청,2025-12-23
군자동364,1,,서울특별시 광진구 군자동 177,37.5566716251,127.0735207618,,한전주,02-450-7873,서울특별시 광진구청,2025-12-23
군자동365,1,,서울특별시 광진구 군자동 174-36,37.55696217,127.0736007759,,전용주,02-450-7873,서울특별시 광진구청,2025-12-23
군자동366,1,,서울특별시 광진구 군자동 180-1,37.5566322941,127.0731621844,,전용주,02-450-7873,서울특별시 광진구청,2025-12-23
군자동367,1,,서울특별시 광진구 군자동 180-1,37.5566322941,127.0731486,,한전주,02-450-7873,서울특별시 광진구청,2025-12-23
군자동368,1,,서울특별시 광진구 군자동 175-4,37.55679117,127.0739214341,,건축물,02-450-7873,서울특별시 광진구청,2025-12-23
군자동369,1,,서울특별시 광진구 군자동 175,37.5568937866,127.0738576,,건축물,02-450-7873,서울특별시 광진구청,2025-12-23
군자동370,1,,서울특별시 광진구 군자동 176-2,37.55667917,127.0739725029,,한전주,02-450-7873,서울특별시 광진구청,2025-12-23
군자동371,1,,서울특별시 광진구 군자동 362-5,37.5489368144,127.0718485007,,,02-450-7873,서울특별시 광진구청,2025-12-23
군자동372,1,,서울특별시 광진구 군자동 175,37.5568937866,127.0738487364,,한전주,02-450-7873,서울특별시 광진구청,2025-12-23
군자동373,1,,서울특별시 광진구 군자동 174-21,37.55712217,127.0741012166,,전용주,02-450-7873,서울특별시 광진구청,2025-12-23
군자동374,1,,서울특별시 광진구 군자동 6-3,37.55717317,127.0743323373,,전용주,02-450-7873,서울특별시 광진구청,2025-12-23
군자동375,1,,서울특별시 광진구 군자동 11,37.5566674071,127.074500402,,한전주,02-450-7873,서울특별시 광진구청,2025-12-23
군자동376,1,,서울특별시 광진구 군자동 11,37.5566674071,127.074500402,,한전주,02-450-7873,서울특별시 광진구청,2025-12-23
군자동377,1,,서울특별시 광진구 군자동 173,37.55699517,127.0742246,,전용주,02-450-7873,서울특별시 광진구청,2025-12-23
군자동378,1,,서울특별시 광진구 군자동 7-2,37.5568415646,127.074508724,,전용주,02-450-7873,서울특별시 광진구청,2025-12-23
군자동379,1,,서울특별시 광진구 군자동 6-4,37.5570802075,127.0745626,,건축물,02-450-7873,서울특별시 광진구청,2025-12-23
군자동380,1,,서울특별시 광진구 군자동 15,37.55687517,127.0750686,,한전주,02-450-7873,서울특별시 광진구청,2025-12-23
군자동381,1,,서울특별시 광진구 군자동 25,37.5567589507,127.075348629,,건축물,02-450-7873,서울특별시 광진구청,2025-12-23
군자동382,1,,서울특별시 광진구 군자동 24,37.5569132337,127.0754136,,한전주,02-450-7873,서울특별시 광진구청,2025-12-23
군자동383,1,,서울특별시 광진구 군자동 24,37.55693617,127.0754926,,전용주,02-450-7873,서울특별시 광진구청,2025-12-23
군자동384,1,,서울특별시 광진구 군자동 15,37.5568701166,127.0750928512,,한전주,02-450-7873,서울특별시 광진구청,2025-12-23
군자동385,1,,서울특별시 광진구 군자동 17,37.55720117,127.0750406,,한전주,02-450-7873,서울특별시 광진구청,2025-12-23
군자동386,1,,서울특별시 광진구 군자동 93-59,37.55733217,127.0751896,,전용주,02-450-7873,서울특별시 광진구청,2025-12-23
군자동387,1,,서울특별시 광진구 군자동 17,37.55726117,127.0749066,,한전주,02-450-7873,서울특별시 광진구청,2025-12-23
군자동388,1,,서울특별시 광진구 군자동 93-38,37.55745817,127.0748716,,한전주,02-450-7873,서울특별시 광진구청,2025-12-23
군자동389,1,,서울특별시 광진구 군자동 93-33,37.55758817,127.074671357,,한전주,02-450-7873,서울특별시 광진구청,2025-12-23
군자동390,1,,서울특별시 광진구 군자동 93-27,37.5577307889,127.0750302227,,한전주,02-450-7873,서울특별시 광진구청,2025-12-23
군자동391,1,,서울특별시 광진구 군자동 93-46,37.5575333182,127.0752695061,,전용주,02-450-7873,서울특별시 광진구청,2025-12-23
군자동392,1,,서울특별시 광진구 군자동 372-9,37.5487660669,127.0729763763,,,02-450-7873,서울특별시 광진구청,2025-12-23
군자동392,1,,서울특별시 광진구 군자동 93-30,37.5576722527,127.0752682877,,한전주,02-450-7873,서울특별시 광진구청,2025-12-23
군자동393,1,,서울특별시 광진구 군자동 311-3,37.5485896353,127.0731480988,,,02-450-7873,서울특별시 광진구청,2025-12-23
군자동394,1,,서울특별시 광진구 군자동 373-4,37.5484213217,127.0730138365,,,02-450-7873,서울특별시 광진구청,2025-12-23
군자동395,1,,서울특별시 광진구 군자동 469-15,37.5571517219,127.0760101981,,한전주,02-450-7873,서울특별시 광진구청,2025-12-23
군자동396,1,,서울특별시 광진구 군자동 369-8,37.5489045443,127.0724008488,,,02-450-7873,서울특별시 광진구청,2025-12-23
군자동397,1,,서울특별시 광진구 군자동 362-17,37.5491595888,127.0721523614,,,02-450-7873,서울특별시 광진구청,2025-12-23
군자동398,1,,서울특별시 광진구 군자동 367-10,37.5492824129,127.0722702836,,,02-450-7873,서울특별시 광진구청,2025-12-23
군자동399,1,,서울특별시 광진구 군자동 469-16,37.5570986742,127.0761806,,건축물,02-450-7873,서울특별시 광진구청,2025-12-23
군자동400,1,,서울특별시 광진구 군자동 468-12,37.5574863783,127.0756891171,,한전주,02-450-7873,서울특별시 광진구청,2025-12-23
군자동401,1,,서울특별시 광진구 군자동 367-10,37.5492824129,127.0722702836,,,02-450-7873,서울특별시 광진구청,2025-12-23
군자동402,1,,서울특별시 광진구 군자동 369-12,37.5489087732,127.0725571317,,,02-450-7873,서울특별시 광진구청,2025-12-23
군자동403,1,,서울특별시 광진구 군자동 367-5,37.549424997,127.0726356022,,,02-450-7873,서울특별시 광진구청,2025-12-23
군자동404,1,,서울특별시 광진구 군자동 465-34,37.5579285099,127.0743626,,한전주,02-450-7873,서울특별시 광진구청,2025-12-23
군자동405,1,,서울특별시 광진구 군자동 465-30,37.5577525355,127.0741226796,,건축물,02-450-7873,서울특별시 광진구청,2025-12-23
군자동406,1,,서울특별시 광진구 군자동 368-10,37.5494574409,127.073060905,,,02-450-7873,서울특별시 광진구청,2025-12-23
군자동407,1,,서울특별시 광진구 군자동 93-8,37.5574144405,127.0743356,,한전주,02-450-7873,서울특별시 광진구청,2025-12-23
군자동408,1,,서울특별시 광진구 군자동 93-43,37.5572654356,127.0742566,,건축물,02-450-7873,서울특별시 광진구청,2025-12-23
군자동409,1,,서울특별시 광진구 군자동 93-43,37.5572654356,127.0742992045,,한전주,02-450-7873,서울특별시 광진구청,2025-12-23
군자동410,1,,서울특별시 광진구 군자동 93-7,37.55729217,127.0742291973,,한전주,02-450-7873,서울특별시 광진구청,2025-12-23
군자동411,1,,서울특별시 광진구 군자동 30-4,37.5571731154,127.0739366,,한전주,02-450-7873,서울특별시 광진구청,2025-12-23
군자동412,1,,서울특별시 광진구 군자동 30-3,37.55721017,127.0737988029,,한전주,02-450-7873,서울특별시 광진구청,2025-12-23
군자동413,1,,서울특별시 광진구 군자동 30-11,37.55726717,127.0735895297,,한전주,02-450-7873,서울특별시 광진구청,2025-12-23
군자동414,1,,서울특별시 광진구 군자동 465-21,37.5573797792,127.0738571383,,한전주,02-450-7873,서울특별시 광진구청,2025-12-23
군자동415,1,,서울특별시 광진구 군자동 464-15,37.55759617,127.0734458095,,건축물,02-450-7873,서울특별시 광진구청,2025-12-23
군자동416,1,,서울특별시 광진구 군자동 464-12,37.5577684534,127.0734495194,,,02-450-7873,서울특별시 광진구청,2025-12-23
군자동417,1,,서울특별시 광진구 군자동 30-12,37.5573106978,127.0735146,,한전주,02-450-7873,서울특별시 광진구청,2025-12-23
군자동418,1,,서울특별시 광진구 군자동 30-15,37.5570681404,127.0733466,,한전주,02-450-7873,서울특별시 광진구청,2025-12-23
군자동419,1,,서울특별시 광진구 군자동 91-5,37.5570552238,127.0731536,,한전주,02-450-7873,서울특별시 광진구청,2025-12-23
군자동420,1,,서울특별시 광진구 군자동 91-28,37.5570676814,127.0729755305,,전용주,02-450-7873,서울특별시 광진구청,2025-12-23
군자동421,1,,서울특별시 광진구 군자동 91-21,37.5568786921,127.0730566062,,한전주,02-450-7873,서울특별시 광진구청,2025-12-23
군자동422,1,,서울특별시 광진구 군자동 363-27,37.5505987485,127.0714195277,,,02-450-7873,서울특별시 광진구청,2025-12-23
군자동423,1,,서울특별시 광진구 군자동 91-34,37.5565587951,127.0726883619,,건축물,02-450-7873,서울특별시 광진구청,2025-12-23
군자동424,1,,서울특별시 광진구 군자동 195-23,37.5564355564,127.0729518264,,한전주,02-450-7873,서울특별시 광진구청,2025-12-23
군자동425,1,,서울특별시 광진구 군자동 195-20,37.55635117,127.072867665,,,02-450-7873,서울특별시 광진구청,2025-12-23
군자동426,1,,서울특별시 광진구 군자동 194-10,37.5562723382,127.0724636,,한전주,02-450-7873,서울특별시 광진구청,2025-12-23
군자동427,1,,서울특별시 광진구 군자동 91-5,37.55708617,127.0731596553,,전용주,02-450-7873,서울특별시 광진구청,2025-12-23
군자동428,1,,서울특별시 광진구 군자동 196-13,37.5568552756,127.0733321656,,전용주,02-450-7873,서울특별시 광진구청,2025-12-23
군자동429,1,,서울특별시 광진구 군자동 467-9,37.5578541,127.0758895631,,전용주,02-450-7873,서울특별시 광진구청,2025-12-23
군자동430,1,,서울특별시 광진구 군자동 364-25,37.5514297362,127.0715729833,,,02-450-7873,서울특별시 광진구청,2025-12-23
군자동431,1,,서울특별시 광진구 군자동 364-27,37.5515428972,127.071431519,,,02-450-7873,서울특별시 광진구청,2025-12-23
군자동432,1,,서울특별시 광진구 군자동 464-19,37.5578853204,127.0734370715,,건축물,02-450-7873,서울특별시 광진구청,2025-12-23
군자동433,1,,서울특별시 광진구 군자동 364-4,37.5514727921,127.071294746,,,02-450-7873,서울특별시 광진구청,2025-12-23
군자동434,1,,서울특별시 광진구 군자동 465-13,37.5577911151,127.0738079729,,건축물,02-450-7873,서울특별시 광진구청,2025-12-23
군자동435,1,,서울특별시 광진구 군자동 465-8,37.55802017,127.0739766,,한전주,02-450-7873,서울특별시 광진구청,2025-12-23
군자동436,1,,서울특별시 광진구 군자동 102-45,37.5521905589,127.0715400998,,,02-450-7873,서울특별시 광진구청,2025-12-23
군자동437,1,,서울특별시 광진구 군자동 465-4,37.5582222734,127.0740446,,한전주,02-450-7873,서울특별시 광진구청,2025-12-23
군자동438,1,,서울특별시 광진구 군자동 464-26,37.558398974,127.0738780636,,,02-450-7873,서울특별시 광진구청,2025-12-23
군자동439,1,,서울특별시 광진구 군자동 463-5,37.5585912844,127.0739618921,,한전주,02-450-7873,서울특별시 광진구청,2025-12-23
군자동440,1,,서울특별시 광진구 군자동 463-6,37.5586976462,127.0740352235,,전용주,02-450-7873,서울특별시 광진구청,2025-12-23
군자동441,1,,서울특별시 광진구 군자동 466-3,37.5584689371,127.0742016,,한전주,02-450-7873,서울특별시 광진구청,2025-12-23
군자동442,1,,서울특별시 광진구 군자동 463-9,37.55894817,127.0741826853,,건축물,02-450-7873,서울특별시 광진구청,2025-12-23
군자동443,1,,서울특별시 광진구 군자동 463-10,37.5589363945,127.0740136,,전용주,02-450-7873,서울특별시 광진구청,2025-12-23
군자동444,1,,서울특별시 광진구 군자동 466-3,37.55849317,127.0742361144,,한전주,02-450-7873,서울특별시 광진구청,2025-12-23
군자동445,1,,서울특별시 광진구 군자동 466-7,37.5583792408,127.0745586,,전용주,02-450-7873,서울특별시 광진구청,2025-12-23
군자동446,1,,서울특별시 광진구 군자동 466-9,37.5582848191,127.074877083,,한전주,02-450-7873,서울특별시 광진구청,2025-12-23
군자동447,1,,서울특별시 광진구 군자동 93-3,37.558032819,127.0748632495,,한전주,02-450-7873,서울특별시 광진구청,2025-12-23
군자동448,1,,서울특별시 광진구 군자동 466-13,37.5582403402,127.0752543724,,건축물,02-450-7873,서울특별시 광진구청,2025-12-23
군자동449,1,,서울특별시 광진구 군자동 93-14,37.5579792938,127.0750716,,건축물,02-450-7873,서울특별시 광진구청,2025-12-23
군자동450,1,,서울특별시 광진구 군자동 466-16,37.5581856841,127.0753418037,,한전주,02-450-7873,서울특별시 광진구청,2025-12-23
군자동451,1,,서울특별시 광진구 군자동 466-17,37.5584318576,127.0753086641,,한전주,02-450-7873,서울특별시 광진구청,2025-12-23
군자동452,1,,서울특별시 광진구 군자동 93-18,37.5578682301,127.0752966,,한전주,02-450-7873,서울특별시 광진구청,2025-12-23
군자동453,1,,서울특별시 광진구 군자동 467-8,37.5578680664,127.0757316,,한전주,02-450-7873,서울특별시 광진구청,2025-12-23
군자동454,1,,서울특별시 광진구 군자동 468-14,37.5576325552,127.0757748265,,한전주,02-450-7873,서울특별시 광진구청,2025-12-23
군자동455,1,,서울특별시 광진구 군자동 467-6,37.55808717,127.0757806,,전용주,02-450-7873,서울특별시 광진구청,2025-12-23
군자동456,1,,서울특별시 광진구 군자동 290,37.5521102892,127.0747255972,,,02-450-7873,서울특별시 광진구청,2025-12-23
군자동457,1,,서울특별시 광진구 군자동 467-15,37.55784417,127.076296672,,전용주,02-450-7873,서울특별시 광진구청,2025-12-23
군자동458,1,,서울특별시 광진구 군자동 467-13,37.55777717,127.0761506,,한전주,02-450-7873,서울특별시 광진구청,2025-12-23
군자동459,1,,서울특별시 광진구 군자동 469-22,37.5574119442,127.0764068059,,한전주,02-450-7873,서울특별시 광진구청,2025-12-23
군자동460,1,,서울특별시 광진구 군자동 472-3,37.55743617,127.0770306,,한전주,02-450-7873,서울특별시 광진구청,2025-12-23
군자동461,1,,서울특별시 광진구 군자동 471-13,37.5571143934,127.077163309,,건축물,02-450-7873,서울특별시 광진구청,2025-12-23
군자동462,1,,서울특별시 광진구 군자동 471-14,37.5569626386,127.0770326,,전용주,02-450-7873,서울특별시 광진구청,2025-12-23
군자동463,1,,서울특별시 광진구 군자동 472-7,37.5572331583,127.0774180775,,한전주,02-450-7873,서울특별시 광진구청,2025-12-23
군자동464,1,,서울특별시 광진구 군자동 473-10,37.5571426257,127.0776926,,전용주,02-450-7873,서울특별시 광진구청,2025-12-23
군자동465,1,,서울특별시 광진구 군자동 473-10,37.5571426257,127.0776656127,,건축물,02-450-7873,서울특별시 광진구청,2025-12-23
군자동466,1,,서울특별시 광진구 군자동 473-6,37.55743817,127.0773940377,,전용주,02-450-7873,서울특별시 광진구청,2025-12-23
군자동467,1,,서울특별시 광진구 군자동 472-3,37.5574059725,127.0770001831,,,02-450-7873,서울특별시 광진구청,2025-12-23
군자동468,1,,서울특별시 광진구 군자동 472-2,37.5574480334,127.0768836,,전용주,02-450-7873,서울특별시 광진구청,2025-12-23
군자동469,1,,서울특별시 광진구 군자동 472-6,37.5572750332,127.0773266,,건축물,02-450-7873,서울특별시 광진구청,2025-12-23
군자동470,1,,서울특별시 광진구 군자동 473-11,37.5570979563,127.0777096,,한전주,02-450-7873,서울특별시 광진구청,2025-12-23
군자동471,1,,서울특별시 광진구 군자동 474-50,37.5568957639,127.0777236,,전용주,02-450-7873,서울특별시 광진구청,2025-12-23
군자동472,1,,서울특별시 광진구 군자동 474-43,37.55701917,127.0778916,,한전주,02-450-7873,서울특별시 광진구청,2025-12-23
군자동473,1,,서울특별시 광진구 군자동 473-15,37.5569911023,127.0780385957,,건축물,02-450-7873,서울특별시 광진구청,2025-12-23
군자동474,1,,서울특별시 광진구 군자동 477-2,37.5564868088,127.0784436,,,02-450-7873,서울특별시 광진구청,2025-12-23
군자동475,1,,서울특별시 광진구 군자동 476-16,37.55647217,127.0782866,,한전주,02-450-7873,서울특별시 광진구청,2025-12-23
군자동476,1,,서울특별시 광진구 군자동 476-14,37.55629117,127.0780996484,,한전주,02-450-7873,서울특별시 광진구청,2025-12-23
군자동477,1,,서울특별시 광진구 군자동 476-11,37.5559881987,127.0779796,,한전주,02-450-7873,서울특별시 광진구청,2025-12-23
군자동478,1,,서울특별시 광진구 군자동 477-9,37.55585817,127.0779338348,,전용주,02-450-7873,서울특별시 광진구청,2025-12-23
군자동479,1,,서울특별시 광진구 군자동 200-1,37.555597601,127.0779356,,전용주,02-450-7873,서울특별시 광진구청,2025-12-23
군자동480,1,,서울특별시 광진구 군자동 477-11,37.55578417,127.0781393359,,한전주,02-450-7873,서울특별시 광진구청,2025-12-23
군자동481,1,,서울특별시 광진구 군자동 477-12,37.555790411,127.0783444974,,,02-450-7873,서울특별시 광진구청,2025-12-23
군자동482,1,,서울특별시 광진구 군자동 477-16,37.5559525356,127.0782536,,건축물,02-450-7873,서울특별시 광진구청,2025-12-23
군자동483,1,,서울특별시 광진구 군자동 476-9,37.555892347,127.0776121419,,한전주,02-450-7873,서울특별시 광진구청,2025-12-23
군자동484,1,,서울특별시 광진구 군자동 474-26,37.5560894463,127.0771786,,한전주,02-450-7873,서울특별시 광진구청,2025-12-23
군자동485,1,,서울특별시 광진구 군자동 474-30,37.5561441721,127.0773430481,,건축물,02-450-7873,서울특별시 광진구청,2025-12-23
군자동486,1,,서울특별시 광진구 군자동 474-26,37.5560894463,127.0771215094,,,02-450-7873,서울특별시 광진구청,2025-12-23
군자동487,1,,서울특별시 광진구 군자동 474-15,37.5563706973,127.0771646,,전용주,02-450-7873,서울특별시 광진구청,2025-12-23
군자동488,1,,서울특별시 광진구 군자동 474-12,37.5565889312,127.0774316,,전용주,02-450-7873,서울특별시 광진구청,2025-12-23
군자동489,1,,서울특별시 광진구 군자동 474-25,37.5561576715,127.0769006,,한전주,02-450-7873,서울특별시 광진구청,2025-12-23
군자동490,1,,서울특별시 광진구 군자동 475-1,37.5560195126,127.0768756,,전용주,02-450-7873,서울특별시 광진구청,2025-12-23
군자동491,1,,서울특별시 광진구 군자동 470-20,37.55643717,127.0768655076,,,02-450-7873,서울특별시 광진구청,2025-12-23
군자동492,1,,서울특별시 광진구 군자동 474-20,37.5564082493,127.0770753231,,전용주,02-450-7873,서울특별시 광진구청,2025-12-23
군자동493,1,,서울특별시 광진구 군자동 470-24,37.55667217,127.0768653633,,전용주,02-450-7873,서울특별시 광진구청,2025-12-23
군자동494,1,,서울특별시 광진구 군자동 470-25,37.5565560795,127.0769731652,,한전주,02-450-7873,서울특별시 광진구청,2025-12-23
군자동495,1,,서울특별시 광진구 군자동 474-11,37.5566556098,127.0772526,,,02-450-7873,서울특별시 광진구청,2025-12-23
군자동496,1,,서울특별시 광진구 군자동 474-8,37.5566677056,127.0775353079,,건축물,02-450-7873,서울특별시 광진구청,2025-12-23
군자동497,1,,서울특별시 광진구 군자동 474-10,37.5567537956,127.0773296444,,한전주,02-450-7873,서울특별시 광진구청,2025-12-23
군자동498,1,,서울특별시 광진구 군자동 76-4,37.5536808401,127.0752590675,,,02-450-7873,서울특별시 광진구청,2025-12-23
군자동499,1,,서울특별시 광진구 군자동 76-6,37.5536661355,127.0755698193,,,02-450-7873,서울특별시 광진구청,2025-12-23
군자동500,1,,서울특별시 광진구 군자동 474-44,37.5567308375,127.0778136,,건축물,02-450-7873,서울특별시 광진구청,2025-12-23
군자동501,1,,서울특별시 광진구 군자동 474-45,37.5566430282,127.0777596,,건축물,02-450-7873,서울특별시 광진구청,2025-12-23
군자동502,1,,서울특별시 광진구 군자동 474-37,37.5564859598,127.0775576414,,한전주,02-450-7873,서울특별시 광진구청,2025-12-23
군자동503,1,,서울특별시 광진구 군자동 471-3,37.55724117,127.0766363428,,건축물,02-450-7873,서울특별시 광진구청,2025-12-23
군자동504,1,,서울특별시 광진구 군자동 471-7,37.55699417,127.0768334554,,한전주,02-450-7873,서울특별시 광진구청,2025-12-23
군자동505,1,,서울특별시 광진구 군자동 471-9,37.556840472,127.0770533595,,전용주,02-450-7873,서울특별시 광진구청,2025-12-23
군자동506,1,,서울특별시 광진구 군자동 470-9,37.55668517,127.0762546,,한전주,02-450-7873,서울특별시 광진구청,2025-12-23
군자동507,1,,서울특별시 광진구 군자동 470-5,37.5567616329,127.0763627957,,한전주,02-450-7873,서울특별시 광진구청,2025-12-23
군자동508,1,,서울특별시 광진구 군자동 470-1,37.55685717,127.0764422456,,전용주,02-450-7873,서울특별시 광진구청,2025-12-23
군자동509,1,,서울특별시 광진구 군자동 470-13,37.5563883106,127.0765623946,,한전주,02-450-7873,서울특별시 광진구청,2025-12-23
군자동510,1,,서울특별시 광진구 군자동 49-25,37.5560940915,127.076490341,,한전주,02-450-7873,서울특별시 광진구청,2025-12-23
군자동511,1,,서울특별시 광진구 군자동 49-24,37.5561731679,127.0763316,,,02-450-7873,서울특별시 광진구청,2025-12-23
군자동512,1,,서울특별시 광진구 군자동 475-2,37.5558662683,127.076846493,,한전주,02-450-7873,서울특별시 광진구청,2025-12-23
군자동514,1,,서울특별시 광진구 군자동 79-1,37.55541517,127.0768541046,,한전주,02-450-7873,서울특별시 광진구청,2025-12-23
군자동515,1,,서울특별시 광진구 군자동 51-23,37.5553861492,127.0765276,,전용주,02-450-7873,서울특별시 광진구청,2025-12-23
군자동516,1,,서울특별시 광진구 군자동 51-13,37.55558317,127.0762976233,,한전주,02-450-7873,서울특별시 광진구청,2025-12-23
군자동517,1,,서울특별시 광진구 군자동 51-14,37.55576417,127.0763725073,,전용주,02-450-7873,서울특별시 광진구청,2025-12-23
군자동518,1,,서울특별시 광진구 군자동 51-11,37.55579917,127.0762146,,전용주,02-450-7873,서울특별시 광진구청,2025-12-23
군자동519,1,,서울특별시 광진구 군자동 51-11,37.5557716003,127.0762076,,한전주,02-450-7873,서울특별시 광진구청,2025-12-23
군자동520,1,,서울특별시 광진구 군자동 50,37.55589817,127.0760648665,,건축물,02-450-7873,서울특별시 광진구청,2025-12-23
군자동521,1,,서울특별시 광진구 군자동 53-11,37.5547631255,127.0756708581,,전용주,02-450-7873,서울특별시 광진구청,2025-12-23
군자동522,1,,서울특별시 광진구 군자동 53-10,37.5548601999,127.0758941323,,한전주,02-450-7873,서울특별시 광진구청,2025-12-23
군자동523,1,,서울특별시 광진구 군자동 53-8,37.55513117,127.0758356,,전용주,02-450-7873,서울특별시 광진구청,2025-12-23
군자동524,1,,서울특별시 광진구 군자동 53-8,37.55518917,127.0758900231,,,02-450-7873,서울특별시 광진구청,2025-12-23
군자동525,1,,서울특별시 광진구 군자동 475-6,37.5556972535,127.077104016,,건축물,02-450-7873,서울특별시 광진구청,2025-12-23
군자동526,1,,서울특별시 광진구 군자동 474-35,37.5563861665,127.0775456,,,02-450-7873,서울특별시 광진구청,2025-12-23
군자동527,1,,서울특별시 광진구 군자동 31-1,37.55668917,127.0757136,,전용주,02-450-7873,서울특별시 광진구청,2025-12-23
군자동528,1,,서울특별시 광진구 군자동 45-38,37.55556017,127.0776423338,,한전주,02-450-7873,서울특별시 광진구청,2025-12-23
군자동529,1,,서울특별시 광진구 군자동 200-27,37.5551824813,127.077703189,,한전주,02-450-7873,서울특별시 광진구청,2025-12-23
군자동530,1,,서울특별시 광진구 군자동 200-29,37.55509017,127.0776072666,,한전주,02-450-7873,서울특별시 광진구청,2025-12-23
군자동531,1,,서울특별시 광진구 군자동 1-7,37.5548855518,127.077917003,,건축물,02-450-7873,서울특별시 광진구청,2025-12-23
군자동532,1,,서울특별시 광진구 군자동 1-5,37.55517017,127.0780315424,,,02-450-7873,서울특별시 광진구청,2025-12-23
군자동533,1,,서울특별시 광진구 군자동 79-2,37.555170,127.076652506,,,02-450-7873,서울특별시 광진구청,2025-12-23
군자동534,1,,서울특별시 광진구 군자동 45-7,37.55516117,127.0773056,,건축물,02-450-7873,서울특별시 광진구청,2025-12-23
군자동535,1,,서울특별시 광진구 군자동 200-30,37.55496717,127.0775489838,,한전주,02-450-7873,서울특별시 광진구청,2025-12-23
군자동536,1,,서울특별시 광진구 군자동 1-17,37.55468017,127.0774079199,,한전주,02-450-7873,서울특별시 광진구청,2025-12-23
군자동537,1,,서울특별시 광진구 군자동 1-13,37.55463917,127.0775494704,,한전주,02-450-7873,서울특별시 광진구청,2025-12-23
군자동538,1,,서울특별시 광진구 군자동 2-7,37.55446517,127.0774296,,,02-450-7873,서울특별시 광진구청,2025-12-23
군자동539,1,,서울특별시 광진구 군자동 2-4,37.5541329675,127.0773400641,,,02-450-7873,서울특별시 광진구청,2025-12-23
군자동540,1,,서울특별시 광진구 군자동 2-46,37.5539845899,127.0771768312,,전용주,02-450-7873,서울특별시 광진구청,2025-12-23
군자동541,1,,서울특별시 광진구 군자동 27-28,37.553622342,127.0769724111,,,02-450-7873,서울특별시 광진구청,2025-12-23
군자동542,1,,서울특별시 광진구 군자동 27-23,37.5536899873,127.0768156,,한전주,02-450-7873,서울특별시 광진구청,2025-12-23
군자동543,1,,서울특별시 광진구 군자동 2-41,37.5541257887,127.0767456383,,한전주,02-450-7873,서울특별시 광진구청,2025-12-23
군자동544,1,,서울특별시 광진구 군자동 71-12,37.5543591253,127.0764987532,,건축물,02-450-7873,서울특별시 광진구청,2025-12-23
군자동545,1,,서울특별시 광진구 군자동 2-20,37.5546390097,127.0767232332,,건축물,02-450-7873,서울특별시 광진구청,2025-12-23
군자동546,1,,서울특별시 광진구 군자동 70-8,37.5546582989,127.076433306,,전용주,02-450-7873,서울특별시 광진구청,2025-12-23
군자동547,1,,서울특별시 광진구 군자동 70-11,37.55488317,127.0765025175,,전용주,02-450-7873,서울특별시 광진구청,2025-12-23
군자동548,1,,서울특별시 광진구 군자동 45-15,37.55487717,127.0767806,,,02-450-7873,서울특별시 광진구청,2025-12-23
군자동549,1,,서울특별시 광진구 군자동 2-13,37.5545399567,127.0770516,,한전주,02-450-7873,서울특별시 광진구청,2025-12-23
군자동550,1,,서울특별시 광진구 군자동 2-18,37.55455817,127.076836641,,,02-450-7873,서울특별시 광진구청,2025-12-23
군자동551,1,,서울특별시 광진구 군자동 2-16,37.55435117,127.0767906,,한전주,02-450-7873,서울특별시 광진구청,2025-12-23
군자동552,1,,서울특별시 광진구 군자동 2-15,37.55431617,127.0769756,,,02-450-7873,서울특별시 광진구청,2025-12-23
군자동553,1,,서울특별시 광진구 중곡동 275-11,37.5586835155,127.0837452384,,,02-450-7873,서울특별시 광진구청,2025-12-23
군자동554,1,,서울특별시 광진구 군자동 45-16,37.55523217,127.0768928971,,건축물,02-450-7873,서울특별시 광진구청,2025-12-23
군자동555,1,,서울특별시 광진구 군자동 45-42,37.5548542664,127.0768986,,전용주,02-450-7873,서울특별시 광진구청,2025-12-23
군자동556,1,,서울특별시 광진구 군자동 45-21,37.55538817,127.0770816,,전용주,02-450-7873,서울특별시 광진구청,2025-12-23
군자동557,1,,서울특별시 광진구 군자동 68-12,37.55459917,127.0762809433,,전용주,02-450-7873,서울특별시 광진구청,2025-12-23
군자동558,1,,서울특별시 광진구 군자동 68-5,37.5543755066,127.07610663,,한전주,02-450-7873,서울특별시 광진구청,2025-12-23
군자동559,1,,서울특별시 광진구 군자동 68-11,37.5544701346,127.0762102784,,한전주,02-450-7873,서울특별시 광진구청,2025-12-23
군자동560,1,,서울특별시 광진구 군자동 71-6,37.5542393133,127.0761296,,한전주,02-450-7873,서울특별시 광진구청,2025-12-23
군자동561,1,,서울특별시 광진구 군자동 71-9,37.5540639873,127.0758336,,한전주,02-450-7873,서울특별시 광진구청,2025-12-23
군자동562,1,,서울특별시 광진구 군자동 66-3,37.5544056447,127.0756626,,,02-450-7873,서울특별시 광진구청,2025-12-23
군자동563,1,,서울특별시 광진구 군자동 66-7,37.55417286,127.0755824437,,한전주,02-450-7873,서울특별시 광진구청,2025-12-23
군자동564,1,,서울특별시 광진구 군자동 66-4,37.5539590399,127.075303484,,한전주,02-450-7873,서울특별시 광진구청,2025-12-23
군자동565,1,,서울특별시 광진구 군자동 90-35,37.5527883226,127.0745015,,전용주,02-450-7873,서울특별시 광진구청,2025-12-23
군자동566,1,,서울특별시 광진구 군자동 473-8,37.5575365839,127.0776012847,,,02-450-7873,서울특별시 광진구청,2025-12-23
군자동567,1,,서울특별시 광진구 군자동 65-6,37.55393417,127.0750236,,한전주,02-450-7873,서울특별시 광진구청,2025-12-23
군자동568,1,,서울특별시 광진구 군자동 65-6,37.5539165769,127.0750612552,,전용주,02-450-7873,서울특별시 광진구청,2025-12-23
군자동569,1,,서울특별시 광진구 군자동 64-16,37.55388517,127.0748636,,건축물,02-450-7873,서울특별시 광진구청,2025-12-23
군자동570,1,,서울특별시 광진구 군자동 64-18,37.55377117,127.0745946,,한전주,02-450-7873,서울특별시 광진구청,2025-12-23
군자동571,1,,서울특별시 광진구 군자동 149-8,37.5536281504,127.0740898492,,전용주,02-450-7873,서울특별시 광진구청,2025-12-23
군자동572,1,,서울특별시 광진구 군자동 471-3,37.5572059176,127.0766363428,,,02-450-7873,서울특별시 광진구청,2025-12-23
군자동573,1,,서울특별시 광진구 군자동 110-6,37.5531787127,127.0741456,,한전주,02-450-7873,서울특별시 광진구청,2025-12-23
군자동574,1,,서울특별시 광진구 군자동 149-12,37.55337117,127.073992009,,건축물,02-450-7873,서울특별시 광진구청,2025-12-23
군자동575,1,,서울특별시 광진구 군자동 110-5,37.55317917,127.0742384523,,한전주,02-450-7873,서울특별시 광진구청,2025-12-23
군자동576,1,,서울특별시 광진구 군자동 90-17,37.5528852,127.0747218,,한전주,02-450-7873,서울특별시 광진구청,2025-12-23
군자동577,1,,서울특별시 광진구 군자동 90-21,37.55269517,127.0749376,,한전주,02-450-7873,서울특별시 광진구청,2025-12-23
군자동578,1,,서울특별시 광진구 군자동 98,37.5516081379,127.0731831883,,한전주,02-450-7873,서울특별시 광진구청,2025-12-23
군자동579,1,,서울특별시 광진구 군자동 289,37.5521192418,127.0752415405,,전용주,02-450-7873,서울특별시 광진구청,2025-12-23
군자동580,1,,서울특별시 광진구 군자동 288,37.5520892918,127.0754405733,,한전주,02-450-7873,서울특별시 광진구청,2025-12-23
군자동581,1,,서울특별시 광진구 군자동 299,37.5520567928,127.0758203331,,한전주,02-450-7873,서울특별시 광진구청,2025-12-23
군자동582,1,,서울특별시 광진구 군자동 290,37.55211417,127.0747255972,,한전주,02-450-7873,서울특별시 광진구청,2025-12-23
군자동583,1,,서울특별시 광진구 군자동 262,37.55195117,127.0751546,,한전주,02-450-7873,서울특별시 광진구청,2025-12-23
군자동584,1,,서울특별시 광진구 군자동 98,37.5516081379,127.0731831883,,전용주,02-450-7873,서울특별시 광진구청,2025-12-23
군자동585,1,,서울특별시 광진구 군자동 470-23,37.5566622616,127.0767661638,,,02-450-7873,서울특별시 광진구청,2025-12-23
군자동586,1,,서울특별시 광진구 군자동 299-1,37.5519217677,127.0757666678,,한전주,02-450-7873,서울특별시 광진구청,2025-12-23
군자동587,1,,서울특별시 광진구 중곡동 275-11,37.5586835155,127.0837452384,,,02-450-7873,서울특별시 광진구청,2025-12-23
군자동588,1,,서울특별시 광진구 군자동 474-15,37.5563706973,127.0771832531,,,02-450-7873,서울특별시 광진구청,2025-12-23
군자동589,1,,서울특별시 광진구 군자동 249,37.5513250014,127.0761017173,,전용주,02-450-7873,서울특별시 광진구청,2025-12-23
군자동590,1,,서울특별시 광진구 군자동 474-30,37.5561441721,127.0773430481,,,02-450-7873,서울특별시 광진구청,2025-12-23
군자동591,1,,서울특별시 광진구 군자동 474-35,37.5563861665,127.0775009506,,,02-450-7873,서울특별시 광진구청,2025-12-23
군자동592,1,,서울특별시 광진구 군자동 246,37.5521305746,127.07625554,,한전주,02-450-7873,서울특별시 광진구청,2025-12-23
군자동593,1,,서울특별시 광진구 군자동 83-4,37.5554536967,127.0768541046,,,02-450-7873,서울특별시 광진구청,2025-12-23
군자동594,1,,서울특별시 광진구 군자동 231,37.55261817,127.0760176,,한전주,02-450-7873,서울특별시 광진구청,2025-12-23
군자동595,1,,서울특별시 광진구 군자동 88-36,37.5525619218,127.0757743323,,건축물,02-450-7873,서울특별시 광진구청,2025-12-23
군자동596,1,,서울특별시 광진구 군자동 229,37.5528081234,127.0759216,,한전주,02-450-7873,서울특별시 광진구청,2025-12-23
군자동597,1,,서울특별시 광진구 군자동 238,37.5525711192,127.0764618432,,전용주,02-450-7873,서울특별시 광진구청,2025-12-23
군자동598,1,,서울특별시 광진구 군자동 239,37.5527519223,127.0765039006,,한전주,02-450-7873,서울특별시 광진구청,2025-12-23
군자동599,1,,서울특별시 광진구 군자동 240,37.5529218995,127.0764281376,,한전주,02-450-7873,서울특별시 광진구청,2025-12-23
군자동600,1,,서울특별시 광진구 군자동 241,37.5529563265,127.0766924237,,한전주,02-450-7873,서울특별시 광진구청,2025-12-23
군자동601,1,,서울특별시 광진구 군자동 241,37.5529563265,127.0766924237,,한전주,02-450-7873,서울특별시 광진구청,2025-12-23
군자동602,1,,서울특별시 광진구 군자동 27-17,37.55337717,127.0764032898,,전용주,02-450-7873,서울특별시 광진구청,2025-12-23
군자동603,1,,서울특별시 광진구 군자동 27-19,37.55356017,127.0765483216,,전용주,02-450-7873,서울특별시 광진구청,2025-12-23
군자동604,1,,서울특별시 광진구 군자동 27-32,37.5537016377,127.0766496,,한전주,02-450-7873,서울특별시 광진구청,2025-12-23
군자동605,1,,서울특별시 광진구 군자동 27-29,37.5535054424,127.0768686,,전용주,02-450-7873,서울특별시 광진구청,2025-12-23
군자동606,1,,서울특별시 광진구 군자동 2-29,37.5540052288,127.0760565713,,한전주,02-450-7873,서울특별시 광진구청,2025-12-23
군자동607,1,,서울특별시 광진구 군자동 2-32,37.55384017,127.0764316,,한전주,02-450-7873,서울특별시 광진구청,2025-12-23
군자동608,1,,서울특별시 광진구 군자동 27-18,37.5535400517,127.0763896,,전용주,02-450-7873,서울특별시 광진구청,2025-12-23
군자동609,1,,서울특별시 광진구 군자동 27-7,37.5534914204,127.076148962,,전용주,02-450-7873,서울특별시 광진구청,2025-12-23
군자동610,1,,서울특별시 광진구 군자동 53-19,37.555203337,127.076126,,,02-450-7873,서울특별시 광진구청,2025-12-23
군자동611,1,,서울특별시 광진구 군자동 27-14,37.55328817,127.0762248168,,전용주,02-450-7873,서울특별시 광진구청,2025-12-23
군자동612,1,,서울특별시 광진구 군자동 27-13,37.5534361475,127.0759339954,,한전주,02-450-7873,서울특별시 광진구청,2025-12-23
군자동613,1,,서울특별시 광진구 군자동 76-10,37.55377917,127.0758326,,전용주,02-450-7873,서울특별시 광진구청,2025-12-23
군자동614,1,,서울특별시 광진구 군자동 76-20,37.553854569,127.0757532,,전용주,02-450-7873,서울특별시 광진구청,2025-12-23
군자동615,1,,서울특별시 광진구 군자동 27-8,37.5533863385,127.07576849,,,02-450-7873,서울특별시 광진구청,2025-12-23
군자동616,1,,서울특별시 광진구 군자동 88-8,37.5532382541,127.0755661053,,전용주,02-450-7873,서울특별시 광진구청,2025-12-23
군자동617,1,,서울특별시 광진구 군자동 88-25,37.5530025709,127.0752560089,,한전주,02-450-7873,서울특별시 광진구청,2025-12-23
군자동618,1,,서울특별시 광진구 군자동 88-27,37.5529529888,127.0750157,,한전주,02-450-7873,서울특별시 광진구청,2025-12-23
군자동619,1,,서울특별시 광진구 군자동 90-19,37.5528136603,127.0749716,,전용주,02-450-7873,서울특별시 광진구청,2025-12-23
군자동620,1,,서울특별시 광진구 군자동 88-34,37.5527574416,127.0752488454,,,02-450-7873,서울특별시 광진구청,2025-12-23
군자동621,1,,서울특별시 광진구 군자동 88-37,37.5527070779,127.0754845398,,한전주,02-450-7873,서울특별시 광진구청,2025-12-23
군자동622,1,,서울특별시 광진구 군자동 88-39,37.55262317,127.0752339988,,한전주,02-450-7873,서울특별시 광진구청,2025-12-23
군자동623,1,,서울특별시 광진구 군자동 88-31,37.55296117,127.0755666,,,02-450-7873,서울특별시 광진구청,2025-12-23
군자동624,1,,서울특별시 광진구 군자동 110-8,37.5531542944,127.074553037,,한전주,02-450-7873,서울특별시 광진구청,2025-12-23
군자동625,1,,서울특별시 광진구 군자동 28-4,37.5532384322,127.0750041033,,전용주,02-450-7873,서울특별시 광진구청,2025-12-23
군자동626,1,,서울특별시 광진구 군자동 60-71,37.5553020387,127.0747806175,,,02-450-7873,서울특별시 광진구청,2025-12-23
군자동627,1,,서울특별시 광진구 군자동 76-17,37.55357817,127.0754083548,,한전주,02-450-7873,서울특별시 광진구청,2025-12-23
군자동628,1,,서울특별시 광진구 군자동 76-4,37.55367417,127.0752826,,전용주,02-450-7873,서울특별시 광진구청,2025-12-23
군자동629,1,,서울특별시 광진구 군자동 76-6,37.5536661355,127.0755646,,전용주,02-450-7873,서울특별시 광진구청,2025-12-23
군자동630,1,,서울특별시 광진구 군자동 72-2,37.5537938299,127.0752517118,,전용주,02-450-7873,서울특별시 광진구청,2025-12-23
군자동631,1,,서울특별시 광진구 군자동 74-15,37.5534714078,127.074897504,,한전주,02-450-7873,서울특별시 광진구청,2025-12-23
군자동632,1,,서울특별시 광진구 군자동 74-10,37.55355217,127.0746726,,전용주,02-450-7873,서울특별시 광진구청,2025-12-23
군자동634,1,,서울특별시 광진구 군자동 125-102,37.5530368273,127.0716221,,한전주,02-450-7873,서울특별시 광진구청,2025-12-23
군자동639,1,,서울특별시 광진구 군자동 60-2,37.5554272878,127.0743360847,,,02-450-7873,서울특별시 광진구청,2025-12-23
군자동640,1,,서울특별시 광진구 군자동 145-48,37.5543625726,127.0730471332,,건축물,02-450-7873,서울특별시 광진구청,2025-12-23
군자동641,1,,서울특별시 광진구 군자동 72-1,37.5538912,127.0754791,,,02-450-7873,서울특별시 광진구청,2025-12-23
군자동642,1,,서울특별시 광진구 군자동 39-4,37.5562135446,127.0745507244,,,02-450-7873,서울특별시 광진구청,2025-12-23
군자동643,1,,서울특별시 광진구 군자동 40-8,37.5562936,127.0748834,,건축물,02-450-7873,서울특별시 광진구청,2025-12-23
군자동644,1,,서울특별시 광진구 군자동 66-15,37.5541888,127.075303,,건축물,02-450-7873,서울특별시 광진구청,2025-12-23
군자동645,1,,서울특별시 광진구 군자동 478-5,37.5569179757,127.078935662,,전용주,02-450-7873,서울특별시 광진구청,2025-12-23
군자동646,1,,서울특별시 광진구 군자동 369-10,37.5490933747,127.0724315857,,,02-450-7873,서울특별시 광진구청,2025-12-23
군자동647,1,,서울특별시 광진구 군자동 66-9,37.5542633,127.0752306,,건축물,02-450-7873,서울특별시 광진구청,2025-12-23
군자동648,1,,서울특별시 광진구 군자동 362-1,37.5490372124,127.0708475798,,,02-450-7873,서울특별시 광진구청,2025-12-23
군자동649,1,,서울특별시 광진구 군자동 207-18,37.5546371075,127.0735495687,,,02-450-7873,서울특별시 광진구청,2025-12-23
군자동650,1,,서울특별시 광진구 군자동 2-8,37.5544489605,127.0773507,,건축물,02-450-7873,서울특별시 광진구청,2025-12-23
군자동651,1,,서울특별시 광진구 군자동 45-43,37.5547993242,127.076960,,한전주,02-450-7873,서울특별시 광진구청,2025-12-23
군자동652,1,,서울특별시 광진구 군자동 70-5,37.5547345524,127.0765275432,,,02-450-7873,서울특별시 광진구청,2025-12-23
군자동653,1,,서울특별시 광진구 군자동 124-3,37.5525847947,127.0711604551,,,02-450-7873,서울특별시 광진구청,2025-12-23
군자동654,1,,서울특별시 광진구 군자동 343-17,37.5512375037,127.0709086225,,,02-450-7873,서울특별시 광진구청,2025-12-23
군자동655,1,,서울특별시 광진구 군자동 464-21,37.5579731109,127.0736727925,,,02-450-7873,서울특별시 광진구청,2025-12-23
군자동656,1,,서울특별시 광진구 군자동 162-1,37.5561632681,127.0735438026,,,02-450-7873,서울특별시 광진구청,2025-12-23
군자동657,1,,서울특별시 광진구 군자동 258,37.5516873501,127.0755915865,,,02-450-7873,서울특별시 광진구청,2025-12-23
군자동659,1,,서울특별시 광진구 군자동 194-2,37.5563894584,127.0723121177,,,02-450-7873,서울특별시 광진구청,2025-12-23
군자동660,1,,서울특별시 광진구 군자동 53-22,37.55508684,127.0762242,,건축물,02-450-7873,서울특별시 광진구청,2025-12-23
군자동661,1,,서울특별시 광진구 군자동 43-7,37.5561539785,127.0752694,,,02-450-7873,서울특별시 광진구청,2025-12-23
군자동662,1,,서울특별시 광진구 중곡동 275-11,37.5586835155,127.0837452384,,,02-450-7873,서울특별시 광진구청,2025-12-23
군자동663,1,,서울특별시 광진구 중곡동 275-11,37.5586835155,127.0837452384,,,02-450-7873,서울특별시 광진구청,2025-12-23
군자동664,1,,서울특별시 광진구 군자동 27-1,37.5532168177,127.0758357677,,,02-450-7873,서울특별시 광진구청,2025-12-23
군자동666,1,,서울특별시 광진구 중곡동 275-11,37.5586835155,127.0837452384,,,02-450-7873,서울특별시 광진구청,2025-12-23
군자동668,1,,서울특별시 광진구 중곡동 275-11,37.5586835155,127.0837452384,,,02-450-7873,서울특별시 광진구청,2025-12-23
군자동669,1,,서울특별시 광진구 중곡동 275-11,37.5586835155,127.0837452384,,,02-450-7873,서울특별시 광진구청,2025-12-23
군자동672,1,,서울특별시 광진구 군자동 130ㅡ35,37.5531666,127.0722133,,,02-450-7873,서울특별시 광진구청,2025-12-23
군자동673,1,,서울특별시 광진구 군자동 130-37,37.5537585417,127.0717116987,,한전주,02-450-7873,서울특별시 광진구청,2025-12-23
군자동676,1,,서울특별시 광진구 군자동 207-9,37.5524634157,127.071218193,,,02-450-7873,서울특별시 광진구청,2025-12-23
군자동677,1,,서울특별시 광진구 군자동 339-15,37.5525910909,127.0705289693,,,02-450-7873,서울특별시 광진구청,2025-12-23
군자동680,1,,서울특별시 광진구 군자동 352,37.5497729524,127.0693312,,건축물,02-450-7873,서울특별시 광진구청,2025-12-23
군자동681,1,,서울특별시 광진구 군자동 355-12,37.5485202507,127.0683489072,,전용주,02-450-7873,서울특별시 광진구청,2025-12-23
군자동682,1,,서울특별시 광진구 군자동 43-8,37.5561740452,127.0751976,,,02-450-7873,서울특별시 광진구청,2025-12-23
군자동683,1,,서울특별시 광진구 군자동 181,37.556412404,127.0732376833,,,02-450-7873,서울특별시 광진구청,2025-12-23
군자동684,1,,서울특별시 광진구 군자동 83-4,37.5554536967,127.0768541046,,한전주,02-450-7873,서울특별시 광진구청,2025-12-23
군자동685,1,,서울특별시 광진구 군자동 110-1,37.553292349,127.0743757239,,,02-450-7873,서울특별시 광진구청,2025-12-23
군자동686,1,,서울특별시 광진구 군자동 353-6,37.5495659747,127.0690796595,,,02-450-7873,서울특별시 광진구청,2025-12-23
군자동687,1,,서울특별시 광진구 군자동 350-18,37.550490863,127.0695962,,,02-450-7873,서울특별시 광진구청,2025-12-23
군자동688,1,,서울특별시 광진구 군자동 466-11,37.5581463053,127.0750823,,,02-450-7873,서울특별시 광진구청,2025-12-23
군자동689,1,,서울특별시 광진구 군자동 363-28,37.550770606,127.0713581292,,전용주,02-450-7873,서울특별시 광진구청,2025-12-23
군자동690,1,,서울특별시 광진구 군자동 134-28,37.5556235338,127.0721430884,,,02-450-7873,서울특별시 광진구청,2025-12-23
군자동691,1,,서울특별시 광진구 군자동 360-3,37.5488964891,127.0699195065,,,02-450-7873,서울특별시 광진구청,2025-12-23
능동001,1,,서울특별시 광진구 능동 255-7,37.55317117,127.0877519759,,한전주,02-450-7873,서울특별시 광진구청,2025-12-23
능동002,1,,서울특별시 광진구 능동 257-12,37.5527393161,127.0880456,,한전주,02-450-7873,서울특별시 광진구청,2025-12-23
능동004,1,,서울특별시 광진구 능동 18,37.5495717933,127.0810408307,,한전주,02-450-7873,서울특별시 광진구청,2025-12-23
능동005,1,,서울특별시 광진구 능동 256-14,37.55250631,127.0886215,,전용주,02-450-7873,서울특별시 광진구청,2025-12-23
능동006,1,,서울특별시 광진구 능동 256-14,37.55257717,127.0886215,,,02-450-7873,서울특별시 광진구청,2025-12-23
능동007,1,,서울특별시 광진구 능동 257-6,37.5523195647,127.0880656,,전용주,02-450-7873,서울특별시 광진구청,2025-12-23
능동008,1,,서울특별시 광진구 능동 257-14,37.5525800279,127.0879356,,전용주,02-450-7873,서울특별시 광진구청,2025-12-23
능동009,1,,서울특별시 광진구 능동 257-19,37.55265239,127.0877396,,한전주,02-450-7873,서울특별시 광진구청,2025-12-23
능동010,1,,서울특별시 광진구 능동 257-10,37.552472455,127.0876209813,,한전주,02-450-7873,서울특별시 광진구청,2025-12-23
능동011,1,,서울특별시 광진구 능동 257-24,37.55223612,127.0874386,,한전주,02-450-7873,서울특별시 광진구청,2025-12-23
능동012,1,,서울특별시 광진구 능동 257-25,37.55216417,127.0874182375,,한전주,02-450-7873,서울특별시 광진구청,2025-12-23
능동013,1,,서울특별시 광진구 능동 257-25,37.5521317577,127.0874182375,,한전주,02-450-7873,서울특별시 광진구청,2025-12-23
능동014,1,,서울특별시 광진구 능동 257-3,37.55220481,127.0876326,,한전주,02-450-7873,서울특별시 광진구청,2025-12-23
능동015,1,,서울특별시 광진구 중곡동 275-11,37.5586835155,127.0837452384,,,02-450-7873,서울특별시 광진구청,2025-12-23
능동016,1,,서울특별시 광진구 능동 258-11,37.5520146765,127.0871936,,한전주,02-450-7873,서울특별시 광진구청,2025-12-23
능동017,1,,서울특별시 광진구 능동 258-2,37.5520882,127.0869895,,건축물,02-450-7873,서울특별시 광진구청,2025-12-23
능동018,1,,서울특별시 광진구 능동 258-19,37.55176417,127.0866829,,한전주,02-450-7873,서울특별시 광진구청,2025-12-23
능동019,1,,서울특별시 광진구 능동 18-26,37.5514908851,127.0860999421,,전용주,02-450-7873,서울특별시 광진구청,2025-12-23
능동020,1,,서울특별시 광진구 능동 252-16,37.55176917,127.0861276,,한전주,02-450-7873,서울특별시 광진구청,2025-12-23
능동021,1,,서울특별시 광진구 능동 258-4,37.55185515,127.0864374,,한전주,02-450-7873,서울특별시 광진구청,2025-12-23
능동022,1,,서울특별시 광진구 능동 252-14,37.5518742294,127.0862456,,한전주,02-450-7873,서울특별시 광진구청,2025-12-23
능동023,1,,서울특별시 광진구 능동 252-17,37.55162008,127.0860456,,전용주,02-450-7873,서울특별시 광진구청,2025-12-23
능동025,1,,서울특별시 광진구 능동 252-28,37.55198017,127.0858266,,전용주,02-450-7873,서울특별시 광진구청,2025-12-23
능동026,1,,서울특별시 광진구 능동 252-37,37.55236117,127.0860346,,한전주,02-450-7873,서울특별시 광진구청,2025-12-23
능동027,1,,서울특별시 광진구 능동 252-25,37.55171717,127.0858315,,전용주,02-450-7873,서울특별시 광진구청,2025-12-23
능동028,1,,서울특별시 광진구 능동 252-33,37.55179171,127.0855883,,전용주,02-450-7873,서울특별시 광진구청,2025-12-23
능동029,1,,서울특별시 광진구 능동 251-4,37.55194617,127.0852664,,전용주,02-450-7873,서울특별시 광진구청,2025-12-23
능동030,1,,서울특별시 광진구 중곡동 275-11,37.5586835155,127.0837452384,,,02-450-7873,서울특별시 광진구청,2025-12-23
능동031,1,,서울특별시 광진구 능동 251-14,37.55228817,127.0856906,,한전주,02-450-7873,서울특별시 광진구청,2025-12-23
능동032,1,,서울특별시 광진구 능동 18,37.5495717933,127.0810408307,,한전주,02-450-7873,서울특별시 광진구청,2025-12-23
능동033,1,,서울특별시 광진구 능동 251-34,37.5520958073,127.0852004371,,건축물,02-450-7873,서울특별시 광진구청,2025-12-23
능동034,1,,서울특별시 광진구 능동 251-18,37.55198989,127.0854007,,전용주,02-450-7873,서울특별시 광진구청,2025-12-23
능동035,1,,서울특별시 광진구 능동 251-29,37.55226617,127.0853971,,,02-450-7873,서울특별시 광진구청,2025-12-23
능동036,1,,서울특별시 광진구 능동 251-43,37.5522499741,127.0850316,,전용주,02-450-7873,서울특별시 광진구청,2025-12-23
능동037,1,,서울특별시 광진구 능동 250-18,37.55248314,127.0849638,,한전주,02-450-7873,서울특별시 광진구청,2025-12-23
능동038,1,,서울특별시 광진구 능동 251-40,37.552361,127.0851616,,한전주,02-450-7873,서울특별시 광진구청,2025-12-23
능동039,1,,서울특별시 광진구 능동 251-41,37.5522527,127.0852826,,건축물,02-450-7873,서울특별시 광진구청,2025-12-23
능동040,1,,서울특별시 광진구 능동 250-3,37.55264417,127.0850976,,한전주,02-450-7873,서울특별시 광진구청,2025-12-23
능동041,1,,서울특별시 광진구 능동 250-18,37.55248314,127.0849086,,전용주,02-450-7873,서울특별시 광진구청,2025-12-23
능동042,1,,서울특별시 광진구 능동 18,37.5495717933,127.0810408307,,전용주,02-450-7873,서울특별시 광진구청,2025-12-23
능동043,1,,서울특별시 광진구 능동 250-26,37.55241449,127.0845076,,전용주,02-450-7873,서울특별시 광진구청,2025-12-23
능동044,1,,서울특별시 광진구 능동 250-25,37.55252317,127.0844894212,,전용주,02-450-7873,서울특별시 광진구청,2025-12-23
능동045,1,,서울특별시 광진구 능동 243-21,37.5526184123,127.0842850418,,한전주,02-450-7873,서울특별시 광진구청,2025-12-23
능동046,1,,서울특별시 광진구 능동 243-16,37.552775027,127.0842616,,전용주,02-450-7873,서울특별시 광진구청,2025-12-23
능동047,1,,서울특별시 광진구 능동 250-22,37.55260117,127.0846726,,전용주,02-450-7873,서울특별시 광진구청,2025-12-23
능동048,1,,서울특별시 광진구 능동 243-17,37.55273891,127.0843635,,한전주,02-450-7873,서울특별시 광진구청,2025-12-23
능동049,1,,서울특별시 광진구 중곡동 275-11,37.5586835155,127.0837452384,,,02-450-7873,서울특별시 광진구청,2025-12-23
능동050,1,,서울특별시 광진구 능동 243-5,37.55252617,127.0841266,,전용주,02-450-7873,서울특별시 광진구청,2025-12-23
능동051,1,,서울특별시 광진구 능동 243-5,37.5525625672,127.0841352563,,전용주,02-450-7873,서울특별시 광진구청,2025-12-23
능동052,1,,서울특별시 광진구 능동 243-10,37.5526914825,127.0839065732,,한전주,02-450-7873,서울특별시 광진구청,2025-12-23
능동053,1,,서울특별시 광진구 능동 18,37.5495717933,127.0810408307,,전용주,02-450-7873,서울특별시 광진구청,2025-12-23
능동054,1,,서울특별시 광진구 능동 241-23,37.55261613,127.0826698,,한전주,02-450-7873,서울특별시 광진구청,2025-12-23
능동055,1,,서울특별시 광진구 능동 242-19,37.5527579719,127.0830203061,,,02-450-7873,서울특별시 광진구청,2025-12-23
능동056,1,,서울특별시 광진구 능동 241-20,37.55307817,127.0829836,,한전주,02-450-7873,서울특별시 광진구청,2025-12-23
능동057,1,,서울특별시 광진구 능동 242-21,37.55275069,127.0833786,,,02-450-7873,서울특별시 광진구청,2025-12-23
능동058,1,,서울특별시 광진구 능동 242-12,37.5529605959,127.0836732929,,한전주,02-450-7873,서울특별시 광진구청,2025-12-23
능동059,1,,서울특별시 광진구 능동 243-12,37.5531997,127.0840801,,,02-450-7873,서울특별시 광진구청,2025-12-23
능동060,1,,서울특별시 광진구 능동 242-5,37.55319777,127.0836248,,한전주,02-450-7873,서울특별시 광진구청,2025-12-23
능동061,1,,서울특별시 광진구 능동 241-21,37.55333517,127.0830001471,,한전주,02-450-7873,서울특별시 광진구청,2025-12-23
능동062,1,,서울특별시 광진구 능동 241-20,37.55302609,127.0829191,,한전주,02-450-7873,서울특별시 광진구청,2025-12-23
능동063,1,,서울특별시 광진구 능동 241-23,37.55261613,127.0826698,,한전주,02-450-7873,서울특별시 광진구청,2025-12-23
능동064,1,,서울특별시 광진구 능동 241-8,37.55272417,127.082370331,,전용주,02-450-7873,서울특별시 광진구청,2025-12-23
능동065,1,,서울특별시 광진구 중곡동 275-11,37.5586835155,127.0837452384,,,02-450-7873,서울특별시 광진구청,2025-12-23
능동066,1,,서울특별시 광진구 능동 135-10,37.5522791,127.0821431,,전용주,02-450-7873,서울특별시 광진구청,2025-12-23
능동067,1,,서울특별시 광진구 능동 135-12,37.55231017,127.0818196,,한전주,02-450-7873,서울특별시 광진구청,2025-12-23
능동068,1,,서울특별시 광진구 능동 135-40,37.55238961,127.0817749,,,02-450-7873,서울특별시 광진구청,2025-12-23
능동069,1,,서울특별시 광진구 능동 135-13,37.55258817,127.0816214,,한전주,02-450-7873,서울특별시 광진구청,2025-12-23
능동071,1,,서울특별시 광진구 능동 173,37.55265097,127.0814082,,한전주,02-450-7873,서울특별시 광진구청,2025-12-23
능동072,1,,서울특별시 광진구 능동 240-30,37.55298882,127.0818456,,한전주,02-450-7873,서울특별시 광진구청,2025-12-23
능동073,1,,서울특별시 광진구 능동 240-26,37.55313619,127.0817286,,한전주,02-450-7873,서울특별시 광진구청,2025-12-23
능동074(,1,,서울특별시 광진구 능동 177-44,37.5533212788,127.0816736,,전용주,02-450-7873,서울특별시 광진구청,2025-12-23
능동075,1,,서울특별시 광진구 능동 177-6,37.5532385327,127.0815946,,전용주,02-450-7873,서울특별시 광진구청,2025-12-23
능동076,1,,서울특별시 광진구 능동 166-2,37.5530894356,127.0813567388,,한전주,02-450-7873,서울특별시 광진구청,2025-12-23
능동077(,1,,서울특별시 광진구 능동 170,37.5529109951,127.0812033223,,전용주,02-450-7873,서울특별시 광진구청,2025-12-23
능동078(,1,,서울특별시 광진구 능동 170,37.55295917,127.0812033223,,전용주,02-450-7873,서울특별시 광진구청,2025-12-23
능동079(,1,,서울특별시 광진구 능동 171,37.5527909018,127.0811432033,,전용주,02-450-7873,서울특별시 광진구청,2025-12-23
능동080,1,,서울특별시 광진구 능동 135-9,37.552484,127.0818314,,한전주,02-450-7873,서울특별시 광진구청,2025-12-23
능동081,1,,서울특별시 광진구 능동 135-36,37.5525424225,127.0819843,,한전주,02-450-7873,서울특별시 광진구청,2025-12-23
능동083,1,,서울특별시 광진구 능동 240-29,37.55293918,127.0820516,,한전주,02-450-7873,서울특별시 광진구청,2025-12-23
능동084,1,,서울특별시 광진구 능동 240-29,37.55293918,127.0820906,,한전주,02-450-7873,서울특별시 광진구청,2025-12-23
능동085,1,,서울특별시 광진구 능동 240-29,37.55293918,127.0820906,,건축물,02-450-7873,서울특별시 광진구청,2025-12-23
능동086,1,,서울특별시 광진구 중곡동 275-11,37.5586835155,127.0837452384,,,02-450-7873,서울특별시 광진구청,2025-12-23
능동087,1,,서울특별시 광진구 능동 241-27,37.5531846583,127.0825435419,,전용주,02-450-7873,서울특별시 광진구청,2025-12-23
능동088,1,,서울특별시 광진구 능동 240-9,37.5533537,127.0820836,,건축물,02-450-7873,서울특별시 광진구청,2025-12-23
능동089,1,,서울특별시 광진구 중곡동 275-11,37.5586835155,127.0837452384,,,02-450-7873,서울특별시 광진구청,2025-12-23
능동090,1,,서울특별시 광진구 능동 240-22,37.55353959,127.0821936,,건축물,02-450-7873,서울특별시 광진구청,2025-12-23
능동091,1,,서울특별시 광진구 능동 241-16,37.55357409,127.0827754,,전용주,02-450-7873,서울특별시 광진구청,2025-12-23
능동092,1,,서울특별시 광진구 능동 240-20,37.55367064,127.0825691,,한전주,02-450-7873,서울특별시 광진구청,2025-12-23
능동093,1,,서울특별시 광진구 능동 240-7,37.5537522612,127.0820016,,,02-450-7873,서울특별시 광진구청,2025-12-23
능동094,1,,서울특별시 광진구 능동 240-16,37.5535737499,127.0819675937,,한전주,02-450-7873,서울특별시 광진구청,2025-12-23
능동095,1,,서울특별시 광진구 능동 171,37.5527909018,127.0811432033,,건축물,02-450-7873,서울특별시 광진구청,2025-12-23
능동096,1,,서울특별시 광진구 중곡동 275-11,37.5586835155,127.0837452384,,,02-450-7873,서울특별시 광진구청,2025-12-23
능동098,1,,서울특별시 광진구 능동 140,37.55270959,127.0806816,,건축물,02-450-7873,서울특별시 광진구청,2025-12-23
능동099,1,,서울특별시 광진구 능동 155,37.5530845806,127.080685071,,한전주,02-450-7873,서울특별시 광진구청,2025-12-23
능동100,1,,서울특별시 광진구 능동 144,37.55306317,127.0804966,,전용주,02-450-7873,서울특별시 광진구청,2025-12-23
능동101,1,,서울특별시 광진구 능동 167,37.55304435,127.0808856,,,02-450-7873,서울특별시 광진구청,2025-12-23
능동102,1,,서울특별시 광진구 능동 165,37.55316996,127.0809945,,한전주,02-450-7873,서울특별시 광진구청,2025-12-23
능동103,1,,서울특별시 광진구 능동 164-1,37.55320527,127.0812695,,건축물,02-450-7873,서울특별시 광진구청,2025-12-23
능동104,1,,서울특별시 광진구 능동 164,37.55330239,127.0812909,,전용주,02-450-7873,서울특별시 광진구청,2025-12-23
능동105,1,,서울특별시 광진구 능동 163-2,37.55346417,127.0813966,,전용주,02-450-7873,서울특별시 광진구청,2025-12-23
능동106,1,,서울특별시 광진구 능동 156-2,37.55318604,127.0806751,,한전주,02-450-7873,서울특별시 광진구청,2025-12-23
능동107,1,,서울특별시 광진구 능동 156-1,37.5532677897,127.0807236,,한전주,02-450-7873,서울특별시 광진구청,2025-12-23
능동108,1,,서울특별시 광진구 능동 197-2,37.5534630686,127.0806578529,,,02-450-7873,서울특별시 광진구청,2025-12-23
능동109,1,,서울특별시 광진구 능동 158,37.5533683,127.080950,,,02-450-7873,서울특별시 광진구청,2025-12-23
능동110,1,,서울특별시 광진구 능동 232-7,37.55363217,127.0807796,,,02-450-7873,서울특별시 광진구청,2025-12-23
능동111,1,,서울특별시 광진구 능동 163-4,37.55341632,127.0812197,,전용주,02-450-7873,서울특별시 광진구청,2025-12-23
능동112,1,,서울특별시 광진구 능동 234-30,37.55460997,127.0817372,,,02-450-7873,서울특별시 광진구청,2025-12-23
능동113,1,,서울특별시 광진구 능동 181-2,37.5537761589,127.0811776358,,,02-450-7873,서울특별시 광진구청,2025-12-23
능동114,1,,서울특별시 광진구 능동 177-23,37.55369717,127.0813286,,전용주,02-450-7873,서울특별시 광진구청,2025-12-23
능동115,1,,서울특별시 광진구 능동 177-2,37.55366137,127.0816499,,전용주,02-450-7873,서울특별시 광진구청,2025-12-23
능동116,1,,서울특별시 광진구 능동 234-3,37.55475601,127.081390,,,02-450-7873,서울특별시 광진구청,2025-12-23
능동117,1,,서울특별시 광진구 능동 233-22,37.55410427,127.0812816,,,02-450-7873,서울특별시 광진구청,2025-12-23
능동118,1,,서울특별시 광진구 능동 177-20,37.55388938,127.0814226,,전용주,02-450-7873,서울특별시 광진구청,2025-12-23
능동119,1,,서울특별시 광진구 능동 232-1,37.55430317,127.0811935,,한전주,02-450-7873,서울특별시 광진구청,2025-12-23
능동120,1,,서울특별시 광진구 능동 233-15,37.5541350654,127.0814555423,,전용주,02-450-7873,서울특별시 광진구청,2025-12-23
능동121,1,,서울특별시 광진구 능동 233-12,37.55396112,127.0817686,,,02-450-7873,서울특별시 광진구청,2025-12-23
능동122,1,,서울특별시 광진구 능동 232-21,37.55429302,127.0807836,,전용주,02-450-7873,서울특별시 광진구청,2025-12-23
능동123,1,,서울특별시 광진구 능동 214-2,37.55443417,127.0806176,,한전주,02-450-7873,서울특별시 광진구청,2025-12-23
능동124,1,,서울특별시 광진구 능동 223-15,37.555588071,127.0804524823,,,02-450-7873,서울특별시 광진구청,2025-12-23
능동125,1,,서울특별시 광진구 능동 232-23,37.55415188,127.0807124,,한전주,02-450-7873,서울특별시 광진구청,2025-12-23
능동126,1,,서울특별시 광진구 능동 232-23,37.55415188,127.0807826,,,02-450-7873,서울특별시 광진구청,2025-12-23
능동127,1,,서울특별시 광진구 능동 205,37.55404174,127.0802433,,전용주,02-450-7873,서울특별시 광진구청,2025-12-23
능동128,1,,서울특별시 광진구 능동 208,37.55437817,127.0803190275,,전용주,02-450-7873,서울특별시 광진구청,2025-12-23
능동129,1,,서울특별시 광진구 능동 232-4,37.5537606,127.0805521,,한전주,02-450-7873,서울특별시 광진구청,2025-12-23
능동130,1,,서울특별시 광진구 능동 224-40,37.5553340754,127.0797951259,,,02-450-7873,서울특별시 광진구청,2025-12-23
능동131,1,,서울특별시 광진구 능동 370-1,37.55405917,127.079969,,건축물,02-450-7873,서울특별시 광진구청,2025-12-23
능동132,1,,서울특별시 광진구 능동 205,37.55404174,127.0802433,,전용주,02-450-7873,서울특별시 광진구청,2025-12-23
능동133,1,,서울특별시 광진구 능동 201,37.55373117,127.0801906,,한전주,02-450-7873,서울특별시 광진구청,2025-12-23
능동134,1,,서울특별시 광진구 능동 372,37.5536426335,127.0796605733,,전용주,02-450-7873,서울특별시 광진구청,2025-12-23
능동134,1,,서울특별시 광진구 능동 373,37.553524534,127.0798286,,전용주,02-450-7873,서울특별시 광진구청,2025-12-23
능동135,1,,서울특별시 광진구 능동 372,37.5536426335,127.0796605733,,전용주,02-450-7873,서울특별시 광진구청,2025-12-23
능동136,1,,서울특별시 광진구 능동 373,37.55354917,127.0798957289,,,02-450-7873,서울특별시 광진구청,2025-12-23
능동137,1,,서울특별시 광진구 능동 380,37.55316217,127.0798773,,한전주,02-450-7873,서울특별시 광진구청,2025-12-23
능동138,1,,서울특별시 광진구 능동 197-11,37.55337743,127.080384,,전용주,02-450-7873,서울특별시 광진구청,2025-12-23
능동139,1,,서울특별시 광진구 능동 146-1,37.55295345,127.0803806,,한전주,02-450-7873,서울특별시 광진구청,2025-12-23
능동140,1,,서울특별시 광진구 능동 149-1,37.5528442475,127.0800826,,,02-450-7873,서울특별시 광진구청,2025-12-23
능동141,1,,서울특별시 광진구 능동 382,37.55293217,127.0798304,,한전주,02-450-7873,서울특별시 광진구청,2025-12-23
능동142,1,,서울특별시 광진구 능동 149-1,37.5528442475,127.0800386,,,02-450-7873,서울특별시 광진구청,2025-12-23
능동143,1,,서울특별시 광진구 능동 385-3,37.55265248,127.0797186,,,02-450-7873,서울특별시 광진구청,2025-12-23
능동144,1,,서울특별시 광진구 능동 389-6,37.55276917,127.0794449,,한전주,02-450-7873,서울특별시 광진구청,2025-12-23
능동145,1,,서울특별시 광진구 능동 224-48,37.55510179,127.079678,,,02-450-7873,서울특별시 광진구청,2025-12-23
능동146,1,,서울특별시 광진구 능동 393-1,37.55296917,127.0789546,,건축물,02-450-7873,서울특별시 광진구청,2025-12-23
능동147,1,,서울특별시 광진구 능동 394,37.552969985,127.0788006739,,한전주,02-450-7873,서울특별시 광진구청,2025-12-23
능동148,1,,서울특별시 광진구 능동 395,37.55314817,127.0788351336,,전용주,02-450-7873,서울특별시 광진구청,2025-12-23
능동149,1,,서울특별시 광진구 능동 397-4,37.55305017,127.0783881,,전용주,02-450-7873,서울특별시 광진구청,2025-12-23
능동150,1,,서울특별시 광진구 능동 231-2,37.55463701,127.0803999,,,02-450-7873,서울특별시 광진구청,2025-12-23
능동151,1,,서울특별시 광진구 능동 313-8,37.55226531,127.0786246,,한전주,02-450-7873,서울특별시 광진구청,2025-12-23
능동152,1,,서울특별시 광진구 능동 18,37.5495717933,127.0810408307,,한전주,02-450-7873,서울특별시 광진구청,2025-12-23
능동153,1,,서울특별시 광진구 능동 313-8,37.55225717,127.0786765,,전용주,02-450-7873,서울특별시 광진구청,2025-12-23
능동154,1,,서울특별시 광진구 능동 313-5,37.5523836756,127.0789805606,,한전주,02-450-7873,서울특별시 광진구청,2025-12-23
능동155,1,,서울특별시 광진구 능동 436-1,37.5522256786,127.0791056,,한전주,02-450-7873,서울특별시 광진구청,2025-12-23
능동156,1,,서울특별시 광진구 능동 313-5,37.5523836756,127.0789805606,,,02-450-7873,서울특별시 광진구청,2025-12-23
능동157,1,,서울특별시 광진구 능동 418,37.55269517,127.0790336,,한전주,02-450-7873,서울특별시 광진구청,2025-12-23
능동158,1,,서울특별시 광진구 능동 416-3,37.5524506692,127.0791757343,,한전주,02-450-7873,서울특별시 광진구청,2025-12-23
능동159,1,,서울특별시 광진구 능동 387,37.5524085,127.0794532,,전용주,02-450-7873,서울특별시 광진구청,2025-12-23
능동160,1,,서울특별시 광진구 능동 234-11,37.5542615008,127.0819397146,,,02-450-7873,서울특별시 광진구청,2025-12-23
능동161,1,,서울특별시 광진구 능동 18,37.5495717933,127.0810408307,,한전주,02-450-7873,서울특별시 광진구청,2025-12-23
능동162,1,,서울특별시 광진구 능동 315-12,37.55193117,127.0776005,,한전주,02-450-7873,서울특별시 광진구청,2025-12-23
능동163,1,,서울특별시 광진구 능동 18,37.5495717933,127.0810408307,,한전주,02-450-7873,서울특별시 광진구청,2025-12-23
능동164,1,,서울특별시 광진구 능동 316-1,37.5517508796,127.0771956,,전용주,02-450-7873,서울특별시 광진구청,2025-12-23
능동165,1,,서울특별시 광진구 능동 316-1,37.5517508796,127.0771230976,,전용주,02-450-7873,서울특별시 광진구청,2025-12-23
능동166,1,,서울특별시 광진구 능동 315-18,37.55238814,127.0774115,,한전주,02-450-7873,서울특별시 광진구청,2025-12-23
능동167,1,,서울특별시 광진구 능동 315-5,37.55252917,127.0776788,,한전주,02-450-7873,서울특별시 광진구청,2025-12-23
능동168,1,,서울특별시 광진구 능동 315-21,37.55263617,127.0778596,,전용주,02-450-7873,서울특별시 광진구청,2025-12-23
능동169,1,,서울특별시 광진구 능동 315-21,37.55262501,127.0778252,,전용주,02-450-7873,서울특별시 광진구청,2025-12-23
능동170,1,,서울특별시 광진구 능동 314-2,37.55256656,127.0780316,,한전주,02-450-7873,서울특별시 광진구청,2025-12-23
능동171,1,,서울특별시 광진구 능동 315-1,37.55266555,127.0776646,,한전주,02-450-7873,서울특별시 광진구청,2025-12-23
능동172,1,,서울특별시 광진구 중곡동 275-11,37.5586835155,127.0837452384,,,02-450-7873,서울특별시 광진구청,2025-12-23
능동173,1,,서울특별시 광진구 능동 244-11,37.55374488,127.0835954,,,02-450-7873,서울특별시 광진구청,2025-12-23
능동174,1,,서울특별시 광진구 능동 283-34,37.55305692,127.078003,,한전주,02-450-7873,서울특별시 광진구청,2025-12-23
능동175,1,,서울특별시 광진구 능동 283-34,37.55305692,127.078003,,한전주,02-450-7873,서울특별시 광진구청,2025-12-23
능동176,1,,서울특별시 광진구 능동 283-37,37.5531131316,127.0776094861,,전용주,02-450-7873,서울특별시 광진구청,2025-12-23
능동177,1,,서울특별시 광진구 능동 283-19,37.55353217,127.0780236,,한전주,02-450-7873,서울특별시 광진구청,2025-12-23
능동178,1,,서울특별시 광진구 능동 283-11,37.5537781677,127.0782773176,,전용주,02-450-7873,서울특별시 광진구청,2025-12-23
능동179,1,,서울특별시 광진구 능동 284-9,37.55342792,127.0784236,,전용주,02-450-7873,서울특별시 광진구청,2025-12-23
능동180,1,,서울특별시 광진구 능동 284-9,37.55347517,127.0784543,,전용주,02-450-7873,서울특별시 광진구청,2025-12-23
능동181,1,,서울특별시 광진구 능동 284-9,37.55342792,127.0784543,,,02-450-7873,서울특별시 광진구청,2025-12-23
능동182,1,,서울특별시 광진구 능동 283-1,37.5540747761,127.0784130939,,,02-450-7873,서울특별시 광진구청,2025-12-23
능동183,1,,서울특별시 광진구 능동 283-1,37.5540747761,127.0784130939,,한전주,02-450-7873,서울특별시 광진구청,2025-12-23
능동184,1,,서울특별시 광진구 능동 283-1,37.5540747761,127.0784130939,,한전주,02-450-7873,서울특별시 광진구청,2025-12-23
능동185,1,,서울특별시 광진구 능동 283-9,37.5539210112,127.0783597424,,건축물,02-450-7873,서울특별시 광진구청,2025-12-23
능동186,1,,서울특별시 광진구 능동 225-19,37.55472017,127.0785776,,한전주,02-450-7873,서울특별시 광진구청,2025-12-23
능동187,1,,서울특별시 광진구 능동 225-16,37.5544192365,127.0785266,,한전주,02-450-7873,서울특별시 광진구청,2025-12-23
능동188,1,,서울특별시 광진구 능동 398-17,37.55367615,127.0788696,,한전주,02-450-7873,서울특별시 광진구청,2025-12-23
능동189,1,,서울특별시 광진구 능동 398-18,37.55357573,127.0789287,,한전주,02-450-7873,서울특별시 광진구청,2025-12-23
능동190,1,,서울특별시 광진구 능동 252-1,37.55237936,127.0861878,,,02-450-7873,서울특별시 광진구청,2025-12-23
능동191,1,,서울특별시 광진구 능동 390-9,37.55329317,127.0792458,,전용주,02-450-7873,서울특별시 광진구청,2025-12-23
능동192,1,,서울특별시 광진구 능동 252-44,37.5522437589,127.0864295021,,,02-450-7873,서울특별시 광진구청,2025-12-23
능동193,1,,서울특별시 광진구 능동 389-2,37.55297241,127.0794791,,한전주,02-450-7873,서울특별시 광진구청,2025-12-23
능동194,1,,서울특별시 광진구 능동 367-2,37.553573499,127.0793431063,,전용주,02-450-7873,서울특별시 광진구청,2025-12-23
능동195,1,,서울특별시 광진구 능동 320-57,37.5538155347,127.0789903332,,전용주,02-450-7873,서울특별시 광진구청,2025-12-23
능동196,1,,서울특별시 광진구 능동 367-2,37.553573499,127.0793431063,,전용주,02-450-7873,서울특별시 광진구청,2025-12-23
능동197,1,,서울특별시 광진구 능동 369-9,37.5540892939,127.0797006,,한전주,02-450-7873,서울특별시 광진구청,2025-12-23
능동198,1,,서울특별시 광진구 능동 320-72,37.55424417,127.0798329,,한전주,02-450-7873,서울특별시 광진구청,2025-12-23
능동199,1,,서울특별시 광진구 능동 320-71,37.55437615,127.079913,,전용주,02-450-7873,서울특별시 광진구청,2025-12-23
능동200,1,,서울특별시 광진구 능동 320-83,37.5545250008,127.0797006,,전용주,02-450-7873,서울특별시 광진구청,2025-12-23
능동201,1,,서울특별시 광진구 능동 18,37.5495717933,127.0810408307,,,02-450-7873,서울특별시 광진구청,2025-12-23
능동202,1,,서울특별시 광진구 능동 320-2,37.55467346,127.0796186,,한전주,02-450-7873,서울특별시 광진구청,2025-12-23
능동203,1,,서울특별시 광진구 능동 후문주차장옆,37.554480,127.079475,,,02-450-7873,서울특별시 광진구청,2025-12-23
능동204,1,,서울특별시 광진구 능동 320-5,37.55414681,127.0794278,,한전주,02-450-7873,서울특별시 광진구청,2025-12-23
능동206,1,,서울특별시 광진구 능동 320-55,37.5539795809,127.0788816,,전용주,02-450-7873,서울특별시 광진구청,2025-12-23
능동207,1,,서울특별시 광진구 능동 320-9,37.55432056,127.078831,,한전주,02-450-7873,서울특별시 광진구청,2025-12-23
능동208,1,,서울특별시 광진구 능동 320-85,37.55428317,127.0789626,,전용주,02-450-7873,서울특별시 광진구청,2025-12-23
능동209,1,,서울특별시 광진구 능동 320-44,37.55455807,127.0789466,,한전주,02-450-7873,서울특별시 광진구청,2025-12-23
능동210,1,,서울특별시 광진구 능동 252-10,37.55208909,127.0860144,,,02-450-7873,서울특별시 광진구청,2025-12-23
능동211,1,,서울특별시 광진구 능동 320-86,37.55420185,127.0790876,,건축물,02-450-7873,서울특별시 광진구청,2025-12-23
능동212,1,,서울특별시 광진구 능동 320-33,37.55495117,127.0792626,,전용주,02-450-7873,서울특별시 광진구청,2025-12-23
능동213,1,,서울특별시 광진구 능동 252-25,37.55170972,127.0858315,,,02-450-7873,서울특별시 광진구청,2025-12-23
능동214,1,,서울특별시 광진구 능동 252-33,37.55179171,127.0855883,,,02-450-7873,서울특별시 광진구청,2025-12-23
능동215,1,,서울특별시 광진구 능동 225-32,37.55499617,127.0789494,,전용주,02-450-7873,서울특별시 광진구청,2025-12-23
능동216,1,,서울특별시 광진구 능동 279-8,37.55548617,127.0787968,,한전주,02-450-7873,서울특별시 광진구청,2025-12-23
능동217,1,,서울특별시 광진구 능동 221-5,37.55532095,127.0790753,,한전주,02-450-7873,서울특별시 광진구청,2025-12-23
능동218,1,,서울특별시 광진구 능동 224-46,37.55518424,127.0795217,,한전주,02-450-7873,서울특별시 광진구청,2025-12-23
능동219,1,,서울특별시 광진구 능동 224-3,37.5552333756,127.0797482781,,전용주,02-450-7873,서울특별시 광진구청,2025-12-23
능동220,1,,서울특별시 광진구 능동 224-30,37.55504036,127.0797766,,한전주,02-450-7873,서울특별시 광진구청,2025-12-23
능동221,1,,서울특별시 광진구 능동 251-35,37.55199686,127.0850985,,,02-450-7873,서울특별시 광진구청,2025-12-23
능동222,1,,서울특별시 광진구 능동 260-1,37.55499117,127.080215,,한전주,02-450-7873,서울특별시 광진구청,2025-12-23
능동223,1,,서울특별시 광진구 능동 231-2,37.55463701,127.0803999,,한전주,02-450-7873,서울특별시 광진구청,2025-12-23
능동224,1,,서울특별시 광진구 능동 224-22,37.55493663,127.0804851,,전용주,02-450-7873,서울특별시 광진구청,2025-12-23
능동225,1,,서울특별시 광진구 능동 224-29,37.55473617,127.0807646,,,02-450-7873,서울특별시 광진구청,2025-12-23
능동226,1,,서울특별시 광진구 능동 234-19,37.55466417,127.0809286,,전용주,02-450-7873,서울특별시 광진구청,2025-12-23
능동227,1,,서울특별시 광진구 능동 234-17,37.55475533,127.0810046,,전용주,02-450-7873,서울특별시 광진구청,2025-12-23
능동228,1,,서울특별시 광진구 능동 234-15,37.55467653,127.0812412,,건축물,02-450-7873,서울특별시 광진구청,2025-12-23
능동229,1,,서울특별시 광진구 능동 234-39,37.5545578088,127.0814266,,전용주,02-450-7873,서울특별시 광진구청,2025-12-23
능동230,1,,서울특별시 광진구 능동 224-16,37.55497395,127.0808427,,건축물,02-450-7873,서울특별시 광진구청,2025-12-23
능동231,1,,서울특별시 광진구 능동 234-40,37.55449617,127.0813676,,한전주,02-450-7873,서울특별시 광진구청,2025-12-23
능동232,1,,서울특별시 광진구 능동 234-40,37.55447717,127.0813896,,한전주,02-450-7873,서울특별시 광진구청,2025-12-23
능동233,1,,서울특별시 광진구 능동 234-39,37.55459117,127.0814623401,,전용주,02-450-7873,서울특별시 광진구청,2025-12-23
능동234,1,,서울특별시 광진구 능동 234-30,37.55460997,127.0817366,,건축물,02-450-7873,서울특별시 광진구청,2025-12-23
능동235,1,,서울특별시 광진구 능동 234-11,37.55428717,127.0819206,,한전주,02-450-7873,서울특별시 광진구청,2025-12-23
능동236,1,,서울특별시 광진구 능동 234-11,37.5542615008,127.0819397146,,한전주,02-450-7873,서울특별시 광진구청,2025-12-23
능동238,1,,서울특별시 광진구 능동 239-22,37.55425719,127.0823122,,전용주,02-450-7873,서울특별시 광진구청,2025-12-23
능동239,1,,서울특별시 광진구 능동 239-40,37.55405669,127.0823176,,한전주,02-450-7873,서울특별시 광진구청,2025-12-23
능동240,1,,서울특별시 광진구 능동 239-38,37.55417007,127.0824232,,건축물,02-450-7873,서울특별시 광진구청,2025-12-23
능동241,1,,서울특별시 광진구 능동 240-19,37.5537830735,127.0825827932,,전용주,02-450-7873,서울특별시 광진구청,2025-12-23
능동242,1,,서울특별시 광진구 능동 241-19,37.55304538,127.0827818,,,02-450-7873,서울특별시 광진구청,2025-12-23
능동243,1,,서울특별시 광진구 능동 241-33,37.55356918,127.0830931,,전용주,02-450-7873,서울특별시 광진구청,2025-12-23
능동244,1,,서울특별시 광진구 능동 239-12,37.55372517,127.0833776,,한전주,02-450-7873,서울특별시 광진구청,2025-12-23
능동245,1,,서울특별시 광진구 능동 239-13,37.5538631485,127.0832580593,,건축물,02-450-7873,서울특별시 광진구청,2025-12-23
능동246,1,,서울특별시 광진구 능동 244-11,37.55374488,127.0835586,,,02-450-7873,서울특별시 광진구청,2025-12-23
능동247,1,,서울특별시 광진구 능동 244-15,37.55364617,127.0836627063,,건축물,02-450-7873,서울특별시 광진구청,2025-12-23
능동248,1,,서울특별시 광진구 능동 244-14,37.55360002,127.0839513,,한전주,02-450-7873,서울특별시 광진구청,2025-12-23
능동249,1,,서울특별시 광진구 능동 242-3,37.5532524026,127.0838376025,,한전주,02-450-7873,서울특별시 광진구청,2025-12-23
능동250,1,,서울특별시 광진구 능동 244-21,37.553258373,127.0844363918,,한전주,02-450-7873,서울특별시 광진구청,2025-12-23
능동251,1,,서울특별시 광진구 능동 244-32,37.5531819268,127.0846526,,한전주,02-450-7873,서울특별시 광진구청,2025-12-23
능동252,1,,서울특별시 광진구 능동 244-31,37.55332717,127.0846142,,한전주,02-450-7873,서울특별시 광진구청,2025-12-23
능동253,1,,서울특별시 광진구 능동 249-36,37.55307476,127.0849646,,한전주,02-450-7873,서울특별시 광진구청,2025-12-23
능동254,1,,서울특별시 광진구 능동 249-33,37.5529697534,127.0852306298,,한전주,02-450-7873,서울특별시 광진구청,2025-12-23
능동255,1,,서울특별시 광진구 능동 249-30,37.5528512342,127.0855876,,,02-450-7873,서울특별시 광진구청,2025-12-23
능동256,1,,서울특별시 광진구 능동 249-34,37.55299992,127.0851275,,한전주,02-450-7873,서울특별시 광진구청,2025-12-23
능동257,1,,서울특별시 광진구 능동 250-2,37.55273582,127.085151,,한전주,02-450-7873,서울특별시 광진구청,2025-12-23
능동258,1,,서울특별시 광진구 능동 249-30,37.5528512342,127.0855323176,,한전주,02-450-7873,서울특별시 광진구청,2025-12-23
능동259,1,,서울특별시 광진구 능동 249-41,37.5526881641,127.0858156,,한전주,02-450-7873,서울특별시 광진구청,2025-12-23
능동260,1,,서울특별시 광진구 능동 251-1,37.5526159,127.0855199,,,02-450-7873,서울특별시 광진구청,2025-12-23
능동261,1,,서울특별시 광진구 능동 251-2,37.55250991,127.0858966,,한전주,02-450-7873,서울특별시 광진구청,2025-12-23
능동262,1,,서울특별시 광진구 능동 249-21,37.55293117,127.0860786,,전용주,02-450-7873,서울특별시 광진구청,2025-12-23
능동263,1,,서울특별시 광진구 능동 252-1,37.55237936,127.0861878,,한전주,02-450-7873,서울특별시 광진구청,2025-12-23
능동264,1,,서울특별시 광진구 능동 252-44,37.5522437589,127.0864295021,,한전주,02-450-7873,서울특별시 광진구청,2025-12-23
능동265,1,,서울특별시 광진구 능동 258-18,37.55218557,127.0866236,,,02-450-7873,서울특별시 광진구청,2025-12-23
능동266,1,,서울특별시 광진구 능동 253-19,37.55238188,127.0870366,,전용주,02-450-7873,서울특별시 광진구청,2025-12-23
능동267,1,,서울특별시 광진구 능동 253-28,37.55260303,127.0861267,,전용주,02-450-7873,서울특별시 광진구청,2025-12-23
능동268,1,,서울특별시 광진구 능동 258-2,37.5520882,127.0869895,,한전주,02-450-7873,서울특별시 광진구청,2025-12-23
능동269,1,,서울특별시 광진구 능동 253-18,37.55257515,127.0872146,,,02-450-7873,서울특별시 광진구청,2025-12-23
능동270,1,,서울특별시 광진구 능동 253-12,37.55281403,127.0866916,,한전주,02-450-7873,서울특별시 광진구청,2025-12-23
능동271,1,,서울특별시 광진구 능동 270-10,37.5531422423,127.0876542324,,건축물,02-450-7873,서울특별시 광진구청,2025-12-23
능동272,1,,서울특별시 광진구 능동 253-1,37.5528729857,127.086494,,,02-450-7873,서울특별시 광진구청,2025-12-23
능동273,1,,서울특별시 광진구 능동 240-1,37.55390899,127.0821213,,,02-450-7873,서울특별시 광진구청,2025-12-23
능동273,1,,서울특별시 광진구 능동 253-23,37.55292886,127.0863272,,전용주,02-450-7873,서울특별시 광진구청,2025-12-23
능동274,1,,서울특별시 광진구 능동 248-9,37.55322717,127.0861581,,한전주,02-450-7873,서울특별시 광진구청,2025-12-23
능동275,1,,서울특별시 광진구 능동 254-11,37.55322221,127.0864816,,,02-450-7873,서울특별시 광진구청,2025-12-23
능동276,1,,서울특별시 광진구 능동 249-9,37.55306373,127.0859716,,,02-450-7873,서울특별시 광진구청,2025-12-23
능동277,1,,서울특별시 광진구 능동 249-20,37.5529544114,127.0858446,,전용주,02-450-7873,서울특별시 광진구청,2025-12-23
능동278,1,,서울특별시 광진구 능동 248-14,37.55333703,127.0858179,,한전주,02-450-7873,서울특별시 광진구청,2025-12-23
능동279,1,,서울특별시 광진구 능동 249-18,37.55308202,127.0856041,,건축물,02-450-7873,서울특별시 광진구청,2025-12-23
능동280,1,,서울특별시 광진구 능동 248-21,37.55355158,127.0856517,,건축물,02-450-7873,서울특별시 광진구청,2025-12-23
능동281,1,,서울특별시 광진구 능동 248-20,37.55361267,127.0855246,,,02-450-7873,서울특별시 광진구청,2025-12-23
능동282,1,,서울특별시 광진구 능동 248-5,37.55368225,127.0856217,,전용주,02-450-7873,서울특별시 광진구청,2025-12-23
능동283,1,,서울특별시 광진구 능동 248-25,37.55355869,127.0852616,,한전주,02-450-7873,서울특별시 광진구청,2025-12-23
능동284(,1,,서울특별시 광진구 능동 249-1,37.55348517,127.0850491,,전용주,02-450-7873,서울특별시 광진구청,2025-12-23
능동285,1,,서울특별시 광진구 능동 248-3,37.55359817,127.0851471,,전용주,02-450-7873,서울특별시 광진구청,2025-12-23
능동286,1,,서울특별시 광진구 능동 248-2,37.5537225391,127.0852276393,,전용주,02-450-7873,서울특별시 광진구청,2025-12-23
능동287,1,,서울특별시 광진구 능동 245-14,37.55380341,127.0847606,,한전주,02-450-7873,서울특별시 광진구청,2025-12-23
능동288,1,,서울특별시 광진구 능동 244-19,37.55341452,127.0845746,,,02-450-7873,서울특별시 광진구청,2025-12-23
능동289,1,,서울특별시 광진구 능동 245-15,37.55389117,127.0846366,,한전주,02-450-7873,서울특별시 광진구청,2025-12-23
능동290,1,,서울특별시 광진구 능동 167,37.55304435,127.0808841,,,02-450-7873,서울특별시 광진구청,2025-12-23
능동291,1,,서울특별시 광진구 능동 245-16,37.5539763767,127.084185962,,한전주,02-450-7873,서울특별시 광진구청,2025-12-23
능동292,1,,서울특별시 광진구 능동 244-23,37.55378349,127.0841506,,건축물,02-450-7873,서울특별시 광진구청,2025-12-23
능동293,1,,서울특별시 광진구 능동 245-9,37.5540814754,127.0842527381,,전용주,02-450-7873,서울특별시 광진구청,2025-12-23
능동294,1,,서울특별시 광진구 능동 244-2,37.55391706,127.0838508,,건축물,02-450-7873,서울특별시 광진구청,2025-12-23
능동295,1,,서울특별시 광진구 능동 244-12,37.5536139168,127.0836627063,,전용주,02-450-7873,서울특별시 광진구청,2025-12-23
능동296,1,,서울특별시 광진구 능동 244-1,37.55394417,127.0837336,,한전주,02-450-7873,서울특별시 광진구청,2025-12-23
능동297,1,,서울특별시 광진구 능동 238-38,37.55439296,127.0837343,,한전주,02-450-7873,서울특별시 광진구청,2025-12-23
능동298,1,,서울특별시 광진구 능동 238-9,37.55439117,127.0836406,,전용주,02-450-7873,서울특별시 광진구청,2025-12-23
능동300,1,,서울특별시 광진구 능동 238-5,37.55456017,127.0832276,,,02-450-7873,서울특별시 광진구청,2025-12-23
능동302,1,,서울특별시 광진구 능동 239-9,37.55407242,127.0834266,,한전주,02-450-7873,서울특별시 광진구청,2025-12-23
능동303,1,,서울특별시 광진구 능동 239-7,37.5540906221,127.0832566,,,02-450-7873,서울특별시 광진구청,2025-12-23
능동304,1,,서울특별시 광진구 능동 239-3,37.5541391648,127.0830723127,,전용주,02-450-7873,서울특별시 광진구청,2025-12-23
능동305,1,,서울특별시 광진구 능동 239-2,37.55429863,127.0828262,,한전주,02-450-7873,서울특별시 광진구청,2025-12-23
능동306,1,,서울특별시 광진구 능동 238-22,37.554478721,127.0828582289,,,02-450-7873,서울특별시 광진구청,2025-12-23
능동307,1,,서울특별시 광진구 능동 239-29,37.55418525,127.0827565,,건축물,02-450-7873,서울특별시 광진구청,2025-12-23
능동308,1,,서울특별시 광진구 능동 239-33,37.55408946,127.0826196,,건축물,02-450-7873,서울특별시 광진구청,2025-12-23
능동309,1,,서울특별시 광진구 능동 239-1,37.5544265316,127.0825031513,,한전주,02-450-7873,서울특별시 광진구청,2025-12-23
능동310,1,,서울특별시 광진구 능동 265-12,37.5549375574,127.0814569352,,전용주,02-450-7873,서울특별시 광진구청,2025-12-23
능동311,1,,서울특별시 광진구 능동 235-4,37.55480217,127.0823783,,,02-450-7873,서울특별시 광진구청,2025-12-23
능동312,1,,서울특별시 광진구 능동 235-28,37.55490965,127.0824949,,한전주,02-450-7873,서울특별시 광진구청,2025-12-23
능동313,1,,서울특별시 광진구 능동 232-17,37.55408322,127.0808548,,,02-450-7873,서울특별시 광진구청,2025-12-23
능동314,1,,서울특별시 광진구 능동 235-19,37.55518417,127.0822326,,전용주,02-450-7873,서울특별시 광진구청,2025-12-23
능동315,1,,서울특별시 광진구 능동 235-6,37.5548720111,127.0822070174,,전용주,02-450-7873,서울특별시 광진구청,2025-12-23
능동316,1,,서울특별시 광진구 능동 234-8,37.55456295,127.0819446,,,02-450-7873,서울특별시 광진구청,2025-12-23
능동317,1,,서울특별시 광진구 능동 234-29,37.55471543,127.081797,,한전주,02-450-7873,서울특별시 광진구청,2025-12-23
능동318,1,,서울특별시 광진구 능동 235-8,37.55496443,127.0819036,,전용주,02-450-7873,서울특별시 광진구청,2025-12-23
능동319,1,,서울특별시 광진구 능동 235-12,37.55519117,127.0816145951,,전용주,02-450-7873,서울특별시 광진구청,2025-12-23
능동320,1,,서울특별시 광진구 능동 234-14,37.5546361,127.081342,,전용주,02-450-7873,서울특별시 광진구청,2025-12-23
능동321,1,,서울특별시 광진구 능동 235-16,37.55497785,127.0815406,,,02-450-7873,서울특별시 광진구청,2025-12-23
능동322,1,,서울특별시 광진구 능동 234-1,37.55495119,127.0811921,,건축물,02-450-7873,서울특별시 광진구청,2025-12-23
능동323,1,,서울특별시 광진구 능동 234-1,37.55495119,127.0811756,,전용주,02-450-7873,서울특별시 광진구청,2025-12-23
능동324,1,,서울특별시 광진구 능동 223-8,37.55543617,127.0810966,,전용주,02-450-7873,서울특별시 광진구청,2025-12-23
능동325,1,,서울특별시 광진구 능동 224-25,37.55505746,127.0807916,,한전주,02-450-7873,서울특별시 광진구청,2025-12-23
능동326,1,,서울특별시 광진구 능동 223-18,37.555459565,127.0807586,,전용주,02-450-7873,서울특별시 광진구청,2025-12-23
능동327,1,,서울특별시 광진구 능동 223-16,37.55553782,127.0805126,,건축물,02-450-7873,서울특별시 광진구청,2025-12-23
능동328,1,,서울특별시 광진구 능동 223-13,37.55565605,127.0802936,,전용주,02-450-7873,서울특별시 광진구청,2025-12-23
능동329,1,,서울특별시 광진구 능동 224-8,37.5553089715,127.0802768771,,한전주,02-450-7873,서울특별시 광진구청,2025-12-23
능동329,1,,서울특별시 광진구 능동 385-6,37.55246935,127.0799365,,,02-450-7873,서울특별시 광진구청,2025-12-23
능동330,1,,서울특별시 광진구 능동 224-6,37.55516524,127.0801719,,,02-450-7873,서울특별시 광진구청,2025-12-23
능동331,1,,서울특별시 광진구 능동 223-28,37.5555378009,127.0801426,,,02-450-7873,서울특별시 광진구청,2025-12-23
능동332,1,,서울특별시 광진구 능동 224-41,37.55545556,127.0798836,,한전주,02-450-7873,서울특별시 광진구청,2025-12-23
능동333,1,,서울특별시 광진구 능동 224-40,37.55535017,127.0797951259,,전용주,02-450-7873,서울특별시 광진구청,2025-12-23
능동334,1,,서울특별시 광진구 능동 224-1,37.55559164,127.0795784,,한전주,02-450-7873,서울특별시 광진구청,2025-12-23
능동335,1,,서울특별시 광진구 능동 390,37.55330476,127.0791196,,,02-450-7873,서울특별시 광진구청,2025-12-23
능동336,1,,서울특별시 광진구 능동 221-12,37.55565517,127.0793796,,한전주,02-450-7873,서울특별시 광진구청,2025-12-23
능동337,1,,서울특별시 광진구 능동 221-14,37.55540729,127.0791827,,한전주,02-450-7873,서울특별시 광진구청,2025-12-23
능동338,1,,서울특별시 광진구 능동 224-31,37.55514285,127.0798366,,건축물,02-450-7873,서울특별시 광진구청,2025-12-23
능동339,1,,서울특별시 광진구 능동 221-14,37.55540729,127.0791836,,전용주,02-450-7873,서울특별시 광진구청,2025-12-23
능동340,1,,서울특별시 광진구 능동 320-56,37.5539491986,127.0790563398,,,02-450-7873,서울특별시 광진구청,2025-12-23
능동341,1,,서울특별시 광진구 능동 398-16,37.5537681217,127.0787512664,,,02-450-7873,서울특별시 광진구청,2025-12-23
능동342,1,,서울특별시 광진구 능동 221-2,37.55617417,127.0796486,,건축물,02-450-7873,서울특별시 광진구청,2025-12-23
능동343,1,,서울특별시 광진구 능동 276-4,37.55648017,127.0794456,,전용주,02-450-7873,서울특별시 광진구청,2025-12-23
능동344,1,,서울특별시 광진구 능동 369-6,37.5541836328,127.0800006634,,,02-450-7873,서울특별시 광진구청,2025-12-23
능동345,1,,서울특별시 광진구 능동 220-12,37.5562580454,127.0799325996,,한전주,02-450-7873,서울특별시 광진구청,2025-12-23
능동346,1,,서울특별시 광진구 능동 220-14,37.5561493707,127.0802194938,,한전주,02-450-7873,서울특별시 광진구청,2025-12-23
능동347,1,,서울특별시 광진구 능동 223-1,37.5561035,127.0798306,,전용주,02-450-7873,서울특별시 광진구청,2025-12-23
능동348,1,,서울특별시 광진구 능동 223-32,37.55591616,127.0802176,,전용주,02-450-7873,서울특별시 광진구청,2025-12-23
능동349,1,,서울특별시 광진구 능동 223-13,37.55565605,127.0802596,,전용주,02-450-7873,서울특별시 광진구청,2025-12-23
능동350,1,,서울특별시 광진구 능동 223-3,37.55585972,127.0804521,,전용주,02-450-7873,서울특별시 광진구청,2025-12-23
능동351,1,,서울특별시 광진구 능동 223-39,37.5556984728,127.0808050239,,전용주,02-450-7873,서울특별시 광진구청,2025-12-23
능동352,1,,서울특별시 광진구 능동 320-48,37.55408557,127.0789854,,,02-450-7873,서울특별시 광진구청,2025-12-23
능동353,1,,서울특별시 광진구 능동 223-7,37.55553106,127.0812118,,전용주,02-450-7873,서울특별시 광진구청,2025-12-23
능동354,1,,서울특별시 광진구 능동 236-1,37.5558879,127.0818015,,전용주,02-450-7873,서울특별시 광진구청,2025-12-23
능동355,1,,서울특별시 광진구 능동 236-1,37.5558879,127.0818015,,한전주,02-450-7873,서울특별시 광진구청,2025-12-23
능동356,1,,서울특별시 광진구 능동 235-1,37.55543139,127.0814955,,한전주,02-450-7873,서울특별시 광진구청,2025-12-23
능동357,1,,서울특별시 광진구 능동 235-35,37.5552085172,127.0817115762,,,02-450-7873,서울특별시 광진구청,2025-12-23
능동358,1,,서울특별시 광진구 능동 236-13,37.55569311,127.0817406,,건축물,02-450-7873,서울특별시 광진구청,2025-12-23
능동359,1,,서울특별시 광진구 능동 236-3,37.5557307,127.0821585,,,02-450-7873,서울특별시 광진구청,2025-12-23
능동360,1,,서울특별시 광진구 능동 236-4,37.55563801,127.0825017,,전용주,02-450-7873,서울특별시 광진구청,2025-12-23
능동361,1,,서울특별시 광진구 능동 235-30,37.5550815664,127.0819016,,전용주,02-450-7873,서울특별시 광진구청,2025-12-23
능동362,1,,서울특별시 광진구 능동 235-2,37.55524297,127.0820568,,한전주,02-450-7873,서울특별시 광진구청,2025-12-23
능동363,1,,서울특별시 광진구 능동 235-22,37.5550299803,127.0825594975,,한전주,02-450-7873,서울특별시 광진구청,2025-12-23
능동364,1,,서울특별시 광진구 능동 238-1,37.55489535,127.0827356,,한전주,02-450-7873,서울특별시 광진구청,2025-12-23
능동365,1,,서울특별시 광진구 능동 238-34,37.5548422146,127.0830466,,한전주,02-450-7873,서울특별시 광진구청,2025-12-23
능동366,1,,서울특별시 광진구 능동 238-37,37.5545887,127.0832776,,건축물,02-450-7873,서울특별시 광진구청,2025-12-23
능동367,1,,서울특별시 광진구 능동 237-17,37.55507317,127.0834686,,전용주,02-450-7873,서울특별시 광진구청,2025-12-23
능동368,1,,서울특별시 광진구 능동 238-2,37.5547009964,127.0833712583,,한전주,02-450-7873,서울특별시 광진구청,2025-12-23
능동369,1,,서울특별시 광진구 능동 238-7,37.55441751,127.083418,,전용주,02-450-7873,서울특별시 광진구청,2025-12-23
능동370,1,,서울특별시 광진구 능동 237-21,37.55469602,127.0839132,,한전주,02-450-7873,서울특별시 광진구청,2025-12-23
능동371,1,,서울특별시 광진구 능동 237-21,37.55469602,127.0839916,,한전주,02-450-7873,서울특별시 광진구청,2025-12-23
능동372,1,,서울특별시 광진구 능동 237-6,37.55482933,127.0839611,,전용주,02-450-7873,서울특별시 광진구청,2025-12-23
능동373,1,,서울특별시 광진구 능동 246-16,37.55453417,127.0846295,,한전주,02-450-7873,서울특별시 광진구청,2025-12-23
능동374,1,,서울특별시 광진구 능동 283-36,37.55307211,127.0777855,,,02-450-7873,서울특별시 광진구청,2025-12-23
능동375,1,,서울특별시 광진구 능동 245-28,37.55423617,127.0845966,,전용주,02-450-7873,서울특별시 광진구청,2025-12-23
능동376,1,,서울특별시 광진구 능동 245-6,37.55405386,127.0850216,,,02-450-7873,서울특별시 광진구청,2025-12-23
능동377,1,,서울특별시 광진구 능동 245-6,37.55405386,127.0850729,,전용주,02-450-7873,서울특별시 광진구청,2025-12-23
능동379,1,,서울특별시 광진구 능동 246-15,37.55438442,127.0853425,,전용주,02-450-7873,서울특별시 광진구청,2025-12-23
능동380,1,,서울특별시 광진구 능동 246-15,37.55437417,127.0853856,,전용주,02-450-7873,서울특별시 광진구청,2025-12-23
능동381,1,,서울특별시 광진구 능동 248-4,37.55388012,127.0854756,,한전주,02-450-7873,서울특별시 광진구청,2025-12-23
능동382,1,,서울특별시 광진구 능동 248-29,37.55373712,127.0858316,,전용주,02-450-7873,서울특별시 광진구청,2025-12-23
능동383,1,,서울특별시 광진구 능동 248-29,37.55373712,127.0858711,,한전주,02-450-7873,서울특별시 광진구청,2025-12-23
능동384,1,,서울특별시 광진구 능동 248-11,37.55347478,127.0858976,,전용주,02-450-7873,서울특별시 광진구청,2025-12-23
능동385,1,,서울특별시 광진구 능동 248-35,37.5535977679,127.0861972554,,전용주,02-450-7873,서울특별시 광진구청,2025-12-23
능동386,1,,서울특별시 광진구 능동 248-7,37.55339981,127.0863258,,한전주,02-450-7873,서울특별시 광진구청,2025-12-23
능동387,1,,서울특별시 광진구 능동 247-7,37.553732113,127.0865579721,,한전주,02-450-7873,서울특별시 광진구청,2025-12-23
능동388,1,,서울특별시 광진구 능동 247-6,37.55397824,127.0867132,,한전주,02-450-7873,서울특별시 광진구청,2025-12-23
능동389,1,,서울특별시 광진구 능동 254-2,37.55327907,127.0869416,,한전주,02-450-7873,서울특별시 광진구청,2025-12-23
능동390,1,,서울특별시 광진구 능동 254-15,37.5532414755,127.0871083162,,건축물,02-450-7873,서울특별시 광진구청,2025-12-23
능동391,1,,서울특별시 광진구 능동 255-11,37.55350817,127.0872629,,전용주,02-450-7873,서울특별시 광진구청,2025-12-23
능동392,1,,서울특별시 광진구 중곡동 275-11,37.5586835155,127.0837452384,,,02-450-7873,서울특별시 광진구청,2025-12-23
능동393,1,,서울특별시 광진구 능동 254-27,37.55300514,127.0873346,,건축물,02-450-7873,서울특별시 광진구청,2025-12-23
능동394,1,,서울특별시 광진구 능동 255-5,37.5534924,127.0878381,,건축물,02-450-7873,서울특별시 광진구청,2025-12-23
능동395,1,,서울특별시 광진구 능동 254-4,37.55311691,127.087422,,한전주,02-450-7873,서울특별시 광진구청,2025-12-23
능동396,1,,서울특별시 광진구 능동 254-13,37.55294414,127.0874855,,건축물,02-450-7873,서울특별시 광진구청,2025-12-23
능동398,1,,서울특별시 광진구 능동 281-2,37.5530094378,127.0781902,,한전주,02-450-7873,서울특별시 광진구청,2025-12-23
능동399,1,,서울특별시 광진구 능동 312-4,37.5527393629,127.078344359,,,02-450-7873,서울특별시 광진구청,2025-12-23
능동401,1,,서울특별시 광진구 능동 416-3,37.5524506692,127.0791757343,,,02-450-7873,서울특별시 광진구청,2025-12-23
능동402,1,,서울특별시 광진구 능동 18-60,37.5521874,127.0798195075,,전용주,02-450-7873,서울특별시 광진구청,2025-12-23
능동403,1,,서울특별시 광진구 능동 18-60,37.5521406584,127.0798195075,,전용주,02-450-7873,서울특별시 광진구청,2025-12-23
능동404,1,,서울특별시 광진구 능동 18-60,37.5521966,127.0798195075,,전용주,02-450-7873,서울특별시 광진구청,2025-12-23
능동405,1,,서울특별시 광진구 능동 18-60,37.5521627,127.0798195075,,전용주,02-450-7873,서울특별시 광진구청,2025-12-23
능동406,1,,서울특별시 광진구 능동 18-60,37.5521684,127.0798195075,,전용주,02-450-7873,서울특별시 광진구청,2025-12-23
능동407,1,,서울특별시 광진구 능동 18-60,37.5521896,127.0798195075,,전용주,02-450-7873,서울특별시 광진구청,2025-12-23
능동408,1,,서울특별시 광진구 능동 18-59,37.5521741425,127.0798228585,,전용주,02-450-7873,서울특별시 광진구청,2025-12-23
능동409,1,,서울특별시 광진구 능동 18-59,37.5521741425,127.0798908,,전용주,02-450-7873,서울특별시 광진구청,2025-12-23
능동410,1,,서울특별시 광진구 능동 147-32,37.5524029,127.0800088,,전용주,02-450-7873,서울특별시 광진구청,2025-12-23
능동411,1,,서울특별시 광진구 능동 18,37.5495717933,127.0810408307,,전용주,02-450-7873,서울특별시 광진구청,2025-12-23
능동412,1,,서울특별시 광진구 능동 18-58,37.5524486312,127.0800798116,,전용주,02-450-7873,서울특별시 광진구청,2025-12-23
능동413,1,,서울특별시 광진구 능동 18,37.5495717933,127.0810408307,,전용주,02-450-7873,서울특별시 광진구청,2025-12-23
능동414,1,,서울특별시 광진구 능동 18,37.5495717933,127.0810408307,,전용주,02-450-7873,서울특별시 광진구청,2025-12-23
능동415,1,,서울특별시 광진구 능동 18,37.5495717933,127.0810408307,,전용주,02-450-7873,서울특별시 광진구청,2025-12-23
능동416,1,,서울특별시 광진구 능동 147-4,37.5520117025,127.0787723914,,전용주,02-450-7873,서울특별시 광진구청,2025-12-23
능동417,1,,서울특별시 광진구 능동 138-10,37.5526128788,127.0810639,,전용주,02-450-7873,서울특별시 광진구청,2025-12-23
능동418,1,,서울특별시 광진구 능동 138-6,37.5528486586,127.0808989804,,전용주,02-450-7873,서울특별시 광진구청,2025-12-23
능동419,1,,서울특별시 광진구 능동 135-3,37.552320767,127.0824564,,건축물,02-450-7873,서울특별시 광진구청,2025-12-23
능동420,1,,서울특별시 광진구 능동 256-5,37.5520117025,127.0787723914,,,02-450-7873,서울특별시 광진구청,2025-12-23
능동421,1,,서울특별시 광진구 능동 257-16,37.5525375402,127.08818147,,한전주,02-450-7873,서울특별시 광진구청,2025-12-23
능동422,1,,서울특별시 광진구 능동 320-55,37.5539795809,127.078893745,,,02-450-7873,서울특별시 광진구청,2025-12-23
능동423,1,,서울특별시 광진구 능동 169,37.55294786,127.0810103,,,02-450-7873,서울특별시 광진구청,2025-12-23
능동424,1,,서울특별시 광진구 능동 250-20,37.55240112,127.0848749,,,02-450-7873,서울특별시 광진구청,2025-12-23
능동425,1,,서울특별시 광진구 능동 253-21,37.55231848,127.0868891,,한전주,02-450-7873,서울특별시 광진구청,2025-12-23
능동426,1,,서울특별시 광진구 능동 243ㅡ1,37.5530727,127.0845854,,건축물,02-450-7873,서울특별시 광진구청,2025-12-23
능동427,1,,서울특별시 광진구 능동 후문주차장옆,37.553932,127.083400,,,02-450-7873,서울특별시 광진구청,2025-12-23
능동428,1,,서울특별시 광진구 능동 235ㅡ5,37.5547906,127.0822048,,,02-450-7873,서울특별시 광진구청,2025-12-23
능동429,1,,서울특별시 광진구 능동 248-32,37.553820264,127.0852738111,,한전주,02-450-7873,서울특별시 광진구청,2025-12-23
능동430,1,,서울특별시 광진구 능동 235-38,37.5553769565,127.0816495149,,,02-450-7873,서울특별시 광진구청,2025-12-23
능동431,1,,서울특별시 광진구 능동 249-42,37.5527168,127.0857512,,,02-450-7873,서울특별시 광진구청,2025-12-23
능동432,1,,서울특별시 광진구 능동 251-25,37.55258606,127.0856228,,,02-450-7873,서울특별시 광진구청,2025-12-23
능동434,1,,서울특별시 광진구 중곡동 275-11,37.5586835155,127.0837452384,,,02-450-7873,서울특별시 광진구청,2025-12-23
능동435,1,,서울특별시 광진구 중곡동 275-11,37.5586835155,127.0837452384,,,02-450-7873,서울특별시 광진구청,2025-12-23
능동437,1,,서울특별시 광진구 중곡동 275-11,37.5586835155,127.0837452384,,,02-450-7873,서울특별시 광진구청,2025-12-23
능동438,1,,서울특별시 광진구 중곡동 275-11,37.5586835155,127.0837452384,,,02-450-7873,서울특별시 광진구청,2025-12-23
능동441,1,,서울특별시 광진구 능동 248-1,37.553934453,127.0853533873,,,02-450-7873,서울특별시 광진구청,2025-12-23
능동442,1,,서울특별시 광진구 중곡동 275-11,37.5586835155,127.0837452384,,,02-450-7873,서울특별시 광진구청,2025-12-23
능동443,1,,서울특별시 광진구 능동 177-24,37.5536505929,127.0814381692,,,02-450-7873,서울특별시 광진구청,2025-12-23
능동444,1,,서울특별시 광진구 능동 283-11,37.5537781677,127.0782773176,,한전주,02-450-7873,서울특별시 광진구청,2025-12-23
능동445,1,,서울특별시 광진구 능동 320-55,37.5539795809,127.078893745,,,02-450-7873,서울특별시 광진구청,2025-12-23
능동446,1,,서울특별시 광진구 능동 233-7,37.5540974804,127.0817402,,,02-450-7873,서울특별시 광진구청,2025-12-23
능동447,1,,서울특별시 광진구 능동 252-40,37.55235865,127.0859153,,,02-450-7873,서울특별시 광진구청,2025-12-23
능동448,1,,서울특별시 광진구 중곡동 275-11,37.5586835155,127.0837452384,,,02-450-7873,서울특별시 광진구청,2025-12-23
능동449,1,,서울특별시 광진구 능동 255-14,37.5536969,127.0867203,,,02-450-7873,서울특별시 광진구청,2025-12-23
능동450,1,,서울특별시 광진구 능동 249-14,37.55325688,127.0855675,,,02-450-7873,서울특별시 광진구청,2025-12-23
자양1동001,1,,서울특별시 광진구 자양동 765,37.5412629354,127.0830275866,,한전주,02-450-7873,서울특별시 광진구청,2025-12-23
자양1동002,1,,서울특별시 광진구 자양동 765-3,37.54106617,127.0828915164,,건축물,02-450-7873,서울특별시 광진구청,2025-12-23
자양1동003,1,,서울특별시 광진구 자양동 765,37.5412629354,127.0830275866,,한전주,02-450-7873,서울특별시 광진구청,2025-12-23
자양1동004,1,,서울특별시 광진구 구의동 254-84,37.54155217,127.082587739,,한전주,02-450-7873,서울특별시 광진구청,2025-12-23
자양1동005,1,,서울특별시 광진구 자양동 766-1,37.54077117,127.0830086,,건축물,02-450-7873,서울특별시 광진구청,2025-12-23
자양1동006,1,,서울특별시 광진구 자양동 766-5,37.5406074728,127.0828656,,건축물,02-450-7873,서울특별시 광진구청,2025-12-23
자양1동007,1,,서울특별시 광진구 자양동 766-10,37.5403162486,127.0829085209,,전용주,02-450-7873,서울특별시 광진구청,2025-12-23
자양1동008,1,,서울특별시 광진구 자양동 766-11,37.5403730108,127.0827456,,전용주,02-450-7873,서울특별시 광진구청,2025-12-23
자양1동009,1,,서울특별시 광진구 자양동 766-14,37.5402832139,127.082734459,,한전주,02-450-7873,서울특별시 광진구청,2025-12-23
자양1동010,1,,서울특별시 광진구 자양동 766-13,37.5402934917,127.08259654,,건축물,02-450-7873,서울특별시 광진구청,2025-12-23
자양1동011,1,,서울특별시 광진구 자양동 767-4,37.5398593236,127.0829484095,,한전주,02-450-7873,서울특별시 광진구청,2025-12-23
자양1동012,1,,서울특별시 광진구 자양동 769-7,37.5394776892,127.0829070267,,한전주,02-450-7873,서울특별시 광진구청,2025-12-23
자양1동013,1,,서울특별시 광진구 자양동 767-3,37.5398480296,127.0826626,,한전주,02-450-7873,서울특별시 광진구청,2025-12-23
자양1동014,1,,서울특별시 광진구 자양동 767-3,37.5398480296,127.0826078162,,전용주,02-450-7873,서울특별시 광진구청,2025-12-23
자양1동015,1,,서울특별시 광진구 자양동 767-7,37.5398801903,127.0823136,,한전주,02-450-7873,서울특별시 광진구청,2025-12-23
자양1동016,1,,서울특별시 광진구 자양동 767-7,37.5398801903,127.0823569986,,한전주,02-450-7873,서울특별시 광진구청,2025-12-23
자양1동017,1,,서울특별시 광진구 자양동 768-5,37.5397142377,127.081821845,,건축물,02-450-7873,서울특별시 광진구청,2025-12-23
자양1동018,1,,서울특별시 광진구 자양동 810,37.54009317,127.0817608082,,한전주,02-450-7873,서울특별시 광진구청,2025-12-23
자양1동019,1,,서울특별시 광진구 자양동 810,37.5400836899,127.0817608082,,한전주,02-450-7873,서울특별시 광진구청,2025-12-23
자양1동020,1,,서울특별시 광진구 자양동 767,37.54024217,127.0810393536,,한전주,02-450-7873,서울특별시 광진구청,2025-12-23
자양1동021,1,,서울특별시 광진구 자양동 769-3,37.5394392641,127.0821944841,,한전주,02-450-7873,서울특별시 광진구청,2025-12-23
자양1동022,1,,서울특별시 광진구 자양동 768-5,37.5397142377,127.0818556,,,02-450-7873,서울특별시 광진구청,2025-12-23
자양1동023,1,,서울특별시 광진구 자양동 769-2,37.5393506809,127.0818267658,,한전주,02-450-7873,서울특별시 광진구청,2025-12-23
자양1동024,1,,서울특별시 광진구 자양동 768-8,37.53977917,127.0814848334,,건축물,02-450-7873,서울특별시 광진구청,2025-12-23
자양1동025,1,,서울특별시 광진구 자양동 769,37.5393935858,127.0814105373,,한전주,02-450-7873,서울특별시 광진구청,2025-12-23
자양1동026,1,,서울특별시 광진구 자양동 770,37.5393856028,127.08109654,,한전주,02-450-7873,서울특별시 광진구청,2025-12-23
자양1동027,1,,서울특별시 광진구 자양동 768-1,37.5397860797,127.0811219798,,전용주,02-450-7873,서울특별시 광진구청,2025-12-23
자양1동028,1,,서울특별시 광진구 자양동 768-1,37.5397860797,127.0811219798,,전용주,02-450-7873,서울특별시 광진구청,2025-12-23
자양1동029,1,,서울특별시 광진구 자양동 769-35,37.5392391342,127.0814399012,,건축물,02-450-7873,서울특별시 광진구청,2025-12-23
자양1동030,1,,서울특별시 광진구 자양동 770-6,37.5390666328,127.0812508686,,한전주,02-450-7873,서울특별시 광진구청,2025-12-23
자양1동031,1,,서울특별시 광진구 자양동 770-1,37.53920417,127.0811711325,,한전주,02-450-7873,서울특별시 광진구청,2025-12-23
자양1동032,1,,서울특별시 광진구 자양동 770-9,37.5388519723,127.0813666,,한전주,02-450-7873,서울특별시 광진구청,2025-12-23
자양1동033,1,,서울특별시 광진구 자양동 770-10,37.53880817,127.0814016,,한전주,02-450-7873,서울특별시 광진구청,2025-12-23
자양1동034,1,,서울특별시 광진구 자양동 769-29,37.5385910401,127.081400,,한전주,02-450-7873,서울특별시 광진구청,2025-12-23
자양1동035,1,,서울특별시 광진구 자양동 859-3,37.5378935707,127.0810019904,,한전주,02-450-7873,서울특별시 광진구청,2025-12-23
자양1동036,1,,서울특별시 광진구 자양동 859-3,37.5378935707,127.0810019904,,한전주,02-450-7873,서울특별시 광진구청,2025-12-23
자양1동037,1,,서울특별시 광진구 자양동 777,37.5385399017,127.0819124378,,한전주,02-450-7873,서울특별시 광진구청,2025-12-23
자양1동038,1,,서울특별시 광진구 자양동 769-25,37.53916317,127.0817256,,한전주,02-450-7873,서울특별시 광진구청,2025-12-23
자양1동039,1,,서울특별시 광진구 자양동 777,37.5385399017,127.0819485,,한전주,02-450-7873,서울특별시 광진구청,2025-12-23
자양1동040,1,,서울특별시 광진구 자양동 769-21,37.5390495327,127.0818758826,,건축물,02-450-7873,서울특별시 광진구청,2025-12-23
자양1동041,1,,서울특별시 광진구 자양동 777,37.5385399017,127.0819124378,,,02-450-7873,서울특별시 광진구청,2025-12-23
자양1동041,2,,서울특별시 광진구 자양동 777,37.5385399017,127.0819124378,,건축물,02-450-7873,서울특별시 광진구청,2025-12-23
자양1동041,1,,서울특별시 광진구 자양동 777,37.5385399017,127.0819124378,,건축물,02-450-7873,서울특별시 광진구청,2025-12-23
자양1동042,1,,서울특별시 광진구 자양동 777,37.5385399017,127.0819124378,,한전주,02-450-7873,서울특별시 광진구청,2025-12-23
자양1동043,1,,서울특별시 광진구 자양동 769-15,37.53929017,127.0822169015,,건축물,02-450-7873,서울특별시 광진구청,2025-12-23
자양1동044,1,,서울특별시 광진구 자양동 777,37.5385399017,127.0819124378,,한전주,02-450-7873,서울특별시 광진구청,2025-12-23
자양1동045,1,,서울특별시 광진구 자양동 777,37.5385399017,127.0819124378,,한전주,02-450-7873,서울특별시 광진구청,2025-12-23
자양1동046,1,,서울특별시 광진구 자양동 859-3,37.5378935707,127.0810019904,,한전주,02-450-7873,서울특별시 광진구청,2025-12-23
자양1동047,1,,서울특별시 광진구 자양동 780,37.5382524,127.0801540693,,한전주,02-450-7873,서울특별시 광진구청,2025-12-23
자양1동048,1,,서울특별시 광진구 자양동 859-3,37.5378935707,127.0810016,,한전주,02-450-7873,서울특별시 광진구청,2025-12-23
자양1동049,1,,서울특별시 광진구 자양동 770-29,37.5384811337,127.0808999281,,한전주,02-450-7873,서울특별시 광진구청,2025-12-23
자양1동050,1,,서울특별시 광진구 자양동 770-18,37.53865317,127.0810356,,한전주,02-450-7873,서울특별시 광진구청,2025-12-23
자양1동051,1,,서울특별시 광진구 자양동 770-19,37.5387275248,127.0810146,,한전주,02-450-7873,서울특별시 광진구청,2025-12-23
자양1동052,1,,서울특별시 광진구 자양동 770-31,37.53839617,127.0809475129,,전용주,02-450-7873,서울특별시 광진구청,2025-12-23
자양1동053,1,,서울특별시 광진구 자양동 775-5,37.5380804691,127.0806781,,한전주,02-450-7873,서울특별시 광진구청,2025-12-23
자양1동054,1,,서울특별시 광진구 자양동 775-4,37.538048931,127.0804495,,한전주,02-450-7873,서울특별시 광진구청,2025-12-23
자양1동055,1,,서울특별시 광진구 자양동 771-30,37.53839317,127.0805521371,,,02-450-7873,서울특별시 광진구청,2025-12-23
자양1동056,1,,서울특별시 광진구 자양동 771-29,37.5384795724,127.0805076,,한전주,02-450-7873,서울특별시 광진구청,2025-12-23
자양1동057,1,,서울특별시 광진구 자양동 771-29,37.5384795724,127.0805106,,한전주,02-450-7873,서울특별시 광진구청,2025-12-23
자양1동058,1,,서울특별시 광진구 자양동 771-28,37.5384882353,127.0806356,,건축물,02-450-7873,서울특별시 광진구청,2025-12-23
자양1동059,1,,서울특별시 광진구 자양동 771-25,37.53878517,127.0807186,,,02-450-7873,서울특별시 광진구청,2025-12-23
자양1동060,1,,서울특별시 광진구 자양동 771-22,37.5387358312,127.0805267015,,,02-450-7873,서울특별시 광진구청,2025-12-23
자양1동061,1,,서울특별시 광진구 자양동 771-19,37.5390093768,127.0803496,,한전주,02-450-7873,서울특별시 광진구청,2025-12-23
자양1동063,1,,서울특별시 광진구 자양동 771-14,37.53895817,127.0801579193,,건축물,02-450-7873,서울특별시 광진구청,2025-12-23
자양1동064,1,,서울특별시 광진구 자양동 771-20,37.538954489,127.0805593985,,건축물,02-450-7873,서울특별시 광진구청,2025-12-23
자양1동065,1,,서울특별시 광진구 자양동 771-4,37.5383552,127.0802131667,,한전주,02-450-7873,서울특별시 광진구청,2025-12-23
자양1동066,1,,서울특별시 광진구 자양동 775,37.5381968502,127.0800005529,,한전주,02-450-7873,서울특별시 광진구청,2025-12-23
자양1동067,1,,서울특별시 광진구 자양동 772-21,37.5384649481,127.0800592235,,건축물,02-450-7873,서울특별시 광진구청,2025-12-23
자양1동068,1,,서울특별시 광진구 자양동 771-1,37.5386935752,127.0801606,,,02-450-7873,서울특별시 광진구청,2025-12-23
자양1동069,1,,서울특별시 광진구 자양동 772-17,37.5384617,127.0797251925,,한전주,02-450-7873,서울특별시 광진구청,2025-12-23
자양1동070,1,,서울특별시 광진구 자양동 772-16,37.5384952,127.0795122116,,한전주,02-450-7873,서울특별시 광진구청,2025-12-23
자양1동071,1,,서울특별시 광진구 자양동 772-13,37.53858917,127.0790986,,건축물,02-450-7873,서울특별시 광진구청,2025-12-23
자양1동072,1,,서울특별시 광진구 자양동 772-1,37.53878317,127.0793284431,,한전주,02-450-7873,서울특별시 광진구청,2025-12-23
자양1동073,1,,서울특별시 광진구 자양동 772-1,37.53871664,127.0793284431,,,02-450-7873,서울특별시 광진구청,2025-12-23
자양1동074,1,,서울특별시 광진구 자양동 772-2,37.5386687465,127.0795373767,,한전주,02-450-7873,서울특별시 광진구청,2025-12-23
자양1동075,1,,서울특별시 광진구 자양동 772-3,37.5387303,127.0795747802,,건축물,02-450-7873,서울특별시 광진구청,2025-12-23
자양1동076,1,,서울특별시 광진구 자양동 224-16,37.5382071495,127.078934,,한전주,02-450-7873,서울특별시 광진구청,2025-12-23
자양1동077,1,,서울특별시 광진구 자양동 225-7,37.5385521048,127.0786368,,한전주,02-450-7873,서울특별시 광진구청,2025-12-23
자양1동078,1,,서울특별시 광진구 자양동 225-85,37.5388814622,127.0786366,,건축물,02-450-7873,서울특별시 광진구청,2025-12-23
자양1동079,1,,서울특별시 광진구 자양동 225-10,37.53886717,127.0787956,,건축물,02-450-7873,서울특별시 광진구청,2025-12-23
자양1동080,1,,서울특별시 광진구 자양1동 224-15,37.5385763,127.0780564,,한전주,02-450-7873,서울특별시 광진구청,2025-12-23
자양1동081,1,,서울특별시 광진구 자양동 225-15,37.5386027196,127.0781016,,한전주,02-450-7873,서울특별시 광진구청,2025-12-23
자양1동082,1,,서울특별시 광진구 자양동 225-82,37.5387531203,127.0781056,,한전주,02-450-7873,서울특별시 광진구청,2025-12-23
자양1동083,1,,서울특별시 광진구 자양동 225-81,37.5387586333,127.0782379662,,전용주,02-450-7873,서울특별시 광진구청,2025-12-23
자양1동084,1,,서울특별시 광진구 자양동 225-26,37.5386341484,127.0777166,,한전주,02-450-7873,서울특별시 광진구청,2025-12-23
자양1동085,1,,서울특별시 광진구 자양동 225-21,37.5388309254,127.0777246,,한전주,02-450-7873,서울특별시 광진구청,2025-12-23
자양1동086,1,,서울특별시 광진구 자양동 225-29,37.5387889832,127.0775366,,전용주,02-450-7873,서울특별시 광진구청,2025-12-23
자양1동087,1,,서울특별시 광진구 자양동 225-36,37.538793248,127.0773616,,한전주,02-450-7873,서울특별시 광진구청,2025-12-23
자양1동088,1,,서울특별시 광진구 자양동 860,37.5382891454,127.0779303936,,한전주,02-450-7873,서울특별시 광진구청,2025-12-23
자양1동089,1,,서울특별시 광진구 자양동 860,37.5382891454,127.0779303936,,한전주,02-450-7873,서울특별시 광진구청,2025-12-23
자양1동090,1,,서울특별시 광진구 자양동 226-1,37.5385934,127.0769284924,,한전주,02-450-7873,서울특별시 광진구청,2025-12-23
자양1동091,1,,서울특별시 광진구 자양동 226-1,37.5385278465,127.0769284924,,한전주,02-450-7873,서울특별시 광진구청,2025-12-23
자양1동092,1,,서울특별시 광진구 자양동 225-90,37.5387507445,127.0768044847,,건축물,02-450-7873,서울특별시 광진구청,2025-12-23
자양1동093,1,,서울특별시 광진구 자양동 225-48,37.5388474453,127.0766296568,,한전주,02-450-7873,서울특별시 광진구청,2025-12-23
자양1동094,1,,서울특별시 광진구 자양동 225-53,37.53906517,127.0766159266,,한전주,02-450-7873,서울특별시 광진구청,2025-12-23
자양1동095,1,,서울특별시 광진구 자양동 225-53,37.5390302671,127.0766916,,한전주,02-450-7873,서울특별시 광진구청,2025-12-23
자양1동096,1,,서울특별시 광진구 자양동 225-49,37.5391343761,127.0768263765,,한전주,02-450-7873,서울특별시 광진구청,2025-12-23
자양1동097,1,,서울특별시 광진구 자양동 225-51,37.5391486132,127.0765469138,,한전주,02-450-7873,서울특별시 광진구청,2025-12-23
자양1동098,1,,서울특별시 광진구 자양동 225-70,37.5392194451,127.0758279256,,한전주,02-450-7873,서울특별시 광진구청,2025-12-23
자양1동099,1,,서울특별시 광진구 자양동 226-32,37.53922868,127.0753358507,,한전주,02-450-7873,서울특별시 광진구청,2025-12-23
자양1동100,1,,서울특별시 광진구 자양동 226-28,37.5388094861,127.0752348,,건축물,02-450-7873,서울특별시 광진구청,2025-12-23
자양1동101,1,,서울특별시 광진구 자양동 225-76,37.538938671,127.0762213779,,건축물,02-450-7873,서울특별시 광진구청,2025-12-23
자양1동102,1,,서울특별시 광진구 자양동 225-72,37.5390603982,127.0757193682,,한전주,02-450-7873,서울특별시 광진구청,2025-12-23
자양1동103,1,,서울특별시 광진구 자양동 226-21,37.5389139146,127.0756898015,,,02-450-7873,서울특별시 광진구청,2025-12-23
자양1동104,1,,서울특별시 광진구 자양동 226-23,37.5387656846,127.0757138654,,한전주,02-450-7873,서울특별시 광진구청,2025-12-23
자양1동105,1,,서울특별시 광진구 자양동 226-15,37.5388330122,127.0759587862,,건축물,02-450-7873,서울특별시 광진구청,2025-12-23
자양1동106,1,,서울특별시 광진구 자양동 226-9,37.5386294855,127.0759445494,,한전주,02-450-7873,서울특별시 광진구청,2025-12-23
자양1동107,1,,서울특별시 광진구 자양동 225-64,37.5390985,127.076152451,,한전주,02-450-7873,서울특별시 광진구청,2025-12-23
자양1동108,1,,서울특별시 광진구 자양동 773-14,37.53825917,127.0790251233,,건축물,02-450-7873,서울특별시 광진구청,2025-12-23
자양1동109,1,,서울특별시 광진구 자양동 224-9,37.5379574327,127.0786919796,,전용주,02-450-7873,서울특별시 광진구청,2025-12-23
자양1동110,1,,서울특별시 광진구 자양동 224-21,37.53823917,127.0783244232,,전용주,02-450-7873,서울특별시 광진구청,2025-12-23
자양1동111,1,,서울특별시 광진구 자양동 773-3,37.53829217,127.0793806,,한전주,02-450-7873,서울특별시 광진구청,2025-12-23
자양1동112,1,,서울특별시 광진구 자양동 774-27,37.5379013383,127.0794226,,한전주,02-450-7873,서울특별시 광진구청,2025-12-23
자양1동113,1,,서울특별시 광진구 자양동 774-28,37.5377713834,127.0793586,,한전주,02-450-7873,서울특별시 광진구청,2025-12-23
자양1동114,1,,서울특별시 광진구 자양동 774-28,37.5377713834,127.0793543706,,한전주,02-450-7873,서울특별시 광진구청,2025-12-23
자양1동115,1,,서울특별시 광진구 자양동 773-5,37.53829117,127.0795968933,,건축물,02-450-7873,서울특별시 광진구청,2025-12-23
자양1동116,1,,서울특별시 광진구 자양동 774-2,37.5380122565,127.0799816,,한전주,02-450-7873,서울특별시 광진구청,2025-12-23
자양1동117,1,,서울특별시 광진구 자양동 775-3,37.53805217,127.0802476,,한전주,02-450-7873,서울특별시 광진구청,2025-12-23
자양1동118,1,,서울특별시 광진구 자양동 774-6,37.5377339433,127.0804913407,,한전주,02-450-7873,서울특별시 광진구청,2025-12-23
자양1동119,1,,서울특별시 광진구 자양동 774-11,37.53758717,127.0808233098,,한전주,02-450-7873,서울특별시 광진구청,2025-12-23
자양1동120,1,,서울특별시 광진구 자양동 778-18,37.53743317,127.0813786,,한전주,02-450-7873,서울특별시 광진구청,2025-12-23
자양1동121,1,,서울특별시 광진구 자양동 774-22,37.53788017,127.0799571645,,건축물,02-450-7873,서울특별시 광진구청,2025-12-23
자양1동122,1,,서울특별시 광진구 자양동 221-1,37.5369141063,127.0809115863,,한전주,02-450-7873,서울특별시 광진구청,2025-12-23
자양1동123,1,,서울특별시 광진구 자양동 222-1,37.5370142724,127.0805406,,한전주,02-450-7873,서울특별시 광진구청,2025-12-23
자양1동124,1,,서울특별시 광진구 자양동 221-6,37.5366734679,127.0803562372,,한전주,02-450-7873,서울특별시 광진구청,2025-12-23
자양1동125,1,,서울특별시 광진구 자양동 231-3,37.5365068263,127.0800269204,,전용주,02-450-7873,서울특별시 광진구청,2025-12-23
자양1동126,1,,서울특별시 광진구 자양동 222-6,37.5369882449,127.0797146,,한전주,02-450-7873,서울특별시 광진구청,2025-12-23
자양1동127,1,,서울특별시 광진구 자양동 230-9,37.536264893,127.0793812866,,전용주,02-450-7873,서울특별시 광진구청,2025-12-23
자양1동128,1,,서울특별시 광진구 자양동 230-9,37.536264893,127.0793812866,,,02-450-7873,서울특별시 광진구청,2025-12-23
자양1동129,1,,서울특별시 광진구 자양동 230-18,37.53616072,127.0793054,,건축물,02-450-7873,서울특별시 광진구청,2025-12-23
자양1동130,1,,서울특별시 광진구 자양동 222-6,37.5369882449,127.0797395929,,한전주,02-450-7873,서울특별시 광진구청,2025-12-23
자양1동131,1,,서울특별시 광진구 자양동 222-17,37.53647817,127.0789346,,한전주,02-450-7873,서울특별시 광진구청,2025-12-23
자양1동132,1,,서울특별시 광진구 자양동 222-16,37.5366045009,127.0789468309,,한전주,02-450-7873,서울특별시 광진구청,2025-12-23
자양1동133,1,,서울특별시 광진구 자양동 223-19,37.53699817,127.0787573833,,한전주,02-450-7873,서울특별시 광진구청,2025-12-23
자양1동134,1,,서울특별시 광진구 자양동 222-15,37.53726717,127.0791067895,,한전주,02-450-7873,서울특별시 광진구청,2025-12-23
자양1동135,1,,서울특별시 광진구 자양동 222-13,37.5372660086,127.0792258671,,건축물,02-450-7873,서울특별시 광진구청,2025-12-23
자양1동136,1,,서울특별시 광진구 자양동 223-7,37.5371940463,127.0786041,,한전주,02-450-7873,서울특별시 광진구청,2025-12-23
자양1동137,1,,서울특별시 광진구 자양1동 796-6,37.5372646,127.0784286,,건축물,02-450-7873,서울특별시 광진구청,2025-12-23
자양1동138,1,,서울특별시 광진구 자양동 795-2,37.5374474483,127.0777676056,,한전주,02-450-7873,서울특별시 광진구청,2025-12-23
자양1동139,1,,서울특별시 광진구 자양동 797-5,37.5371430624,127.0778101717,,한전주,02-450-7873,서울특별시 광진구청,2025-12-23
자양1동140,1,,서울특별시 광진구 자양동 223-11,37.5369691277,127.0785129,,한전주,02-450-7873,서울특별시 광진구청,2025-12-23
자양1동141,1,,서울특별시 광진구 자양1동 223-16,37.5369755,127.0784495,,한전주,02-450-7873,서울특별시 광진구청,2025-12-23
자양1동142,1,,서울특별시 광진구 자양동 797-3,37.5370878418,127.0780216,,한전주,02-450-7873,서울특별시 광진구청,2025-12-23
자양1동143,1,,서울특별시 광진구 자양동 797-5,37.5371430624,127.0778101717,,한전주,02-450-7873,서울특별시 광진구청,2025-12-23
자양1동144,1,,서울특별시 광진구 자양동 794-2,37.5374849634,127.0774424624,,전용주,02-450-7873,서울특별시 광진구청,2025-12-23
자양1동145,1,,서울특별시 광진구 자양동 798-9,37.5369850047,127.0772836,,건축물,02-450-7873,서울특별시 광진구청,2025-12-23
자양1동146,1,,서울특별시 광진구 자양동 798-9,37.5369850047,127.0772486,,한전주,02-450-7873,서울특별시 광진구청,2025-12-23
자양1동147,1,,서울특별시 광진구 자양동 800-4,37.53690017,127.0777136,,한전주,02-450-7873,서울특별시 광진구청,2025-12-23
자양1동148,1,,서울특별시 광진구 자양동 798-3,37.53684917,127.0780056284,,한전주,02-450-7873,서울특별시 광진구청,2025-12-23
자양1동149,1,,서울특별시 광진구 자양동 800,37.5366041472,127.0781126,,건축물,02-450-7873,서울특별시 광진구청,2025-12-23
자양1동150,1,,서울특별시 광진구 자양1동 223-17,37.5367314,127.0783396,,한전주,02-450-7873,서울특별시 광진구청,2025-12-23
자양1동151,1,,서울특별시 광진구 자양1동 222-18,37.5364695,127.0782633,,한전주,02-450-7873,서울특별시 광진구청,2025-12-23
자양1동152,1,,서울특별시 광진구 자양동 229-44,37.5362502088,127.0785696869,,,02-450-7873,서울특별시 광진구청,2025-12-23
자양1동153,1,,서울특별시 광진구 자양동 801-1,37.53643717,127.0778406,,한전주,02-450-7873,서울특별시 광진구청,2025-12-23
자양1동154,1,,서울특별시 광진구 자양동 802-6,37.5362357102,127.0777026,,한전주,02-450-7873,서울특별시 광진구청,2025-12-23
자양1동155,1,,서울특별시 광진구 자양동 801-7,37.5363732615,127.0775153093,,전용주,02-450-7873,서울특별시 광진구청,2025-12-23
자양1동156,1,,서울특별시 광진구 자양동 802-7,37.5361107973,127.0776276,,건축물,02-450-7873,서울특별시 광진구청,2025-12-23
자양1동157,1,,서울특별시 광진구 자양1동 223-17,37.5364415,127.0781392,,한전주,02-450-7873,서울특별시 광진구청,2025-12-23
자양1동158,1,,서울특별시 광진구 자양1동 229-47,37.5362099,127.0781652,,건축물,02-450-7873,서울특별시 광진구청,2025-12-23
자양1동159,1,,서울특별시 광진구 자양동 802-3,37.5360429353,127.0779554369,,건축물,02-450-7873,서울특별시 광진구청,2025-12-23
자양1동160,1,,서울특별시 광진구 자양동 803-9,37.5359119596,127.0779171,,건축물,02-450-7873,서울특별시 광진구청,2025-12-23
자양1동161,1,,서울특별시 광진구 자양동 803-8,37.5359458462,127.0777196,,한전주,02-450-7873,서울특별시 광진구청,2025-12-23
자양1동162,1,,서울특별시 광진구 자양동 803-5,37.5360122398,127.0774356,,한전주,02-450-7873,서울특별시 광진구청,2025-12-23
자양1동163,1,,서울특별시 광진구 자양동 803-2,37.536081996,127.0770426,,한전주,02-450-7873,서울특별시 광진구청,2025-12-23
자양1동164,1,,서울특별시 광진구 자양동 799-5,37.5362886562,127.0768278696,,한전주,02-450-7873,서울특별시 광진구청,2025-12-23
자양1동165,1,,서울특별시 광진구 자양동 799-7,37.536491619,127.0770926,,한전주,02-450-7873,서울특별시 광진구청,2025-12-23
자양1동166,1,,서울특별시 광진구 자양동 799-9,37.53676217,127.0770940758,,한전주,02-450-7873,서울특별시 광진구청,2025-12-23
자양1동167,1,,서울특별시 광진구 자양1동 229-29,37.5359634,127.0780659,,한전주,02-450-7873,서울특별시 광진구청,2025-12-23
자양1동168,1,,서울특별시 광진구 자양동 229-58,37.5354239631,127.0779236,,한전주,02-450-7873,서울특별시 광진구청,2025-12-23
자양1동169,1,,서울특별시 광진구 자양동 808,37.5355820106,127.0777776616,,건축물,02-450-7873,서울특별시 광진구청,2025-12-23
자양1동170,1,,서울특별시 광진구 자양동 808-3,37.535506831,127.0774026,,한전주,02-450-7873,서울특별시 광진구청,2025-12-23
자양1동171,1,,서울특별시 광진구 자양1동 229-59,37.5354179,127.0778386,,건축물,02-450-7873,서울특별시 광진구청,2025-12-23
자양1동172,1,,서울특별시 광진구 자양동 807-1,37.5352405831,127.0774247541,,건축물,02-450-7873,서울특별시 광진구청,2025-12-23
자양1동173,1,,서울특별시 광진구 자양동 229-67,37.5351560765,127.0778249654,,건축물,02-450-7873,서울특별시 광진구청,2025-12-23
자양1동174,1,,서울특별시 광진구 자양동 807-7,37.5349551788,127.0775122575,,한전주,02-450-7873,서울특별시 광진구청,2025-12-23
자양1동175,1,,서울특별시 광진구 자양동 807-7,37.5349551788,127.0775122575,,,02-450-7873,서울특별시 광진구청,2025-12-23
자양1동176,1,,서울특별시 광진구 자양동 807-10,37.5350924817,127.0771140246,,한전주,02-450-7873,서울특별시 광진구청,2025-12-23
자양1동177,1,,서울특별시 광진구 자양동 611-25,37.5348777225,127.0770538381,,한전주,02-450-7873,서울특별시 광진구청,2025-12-23
자양1동178,1,,서울특별시 광진구 자양동 611-23,37.5346611582,127.0769982889,,한전주,02-450-7873,서울특별시 광진구청,2025-12-23
자양1동179,1,,서울특별시 광진구 자양동 610-38,37.5338352984,127.0768715766,,한전주,02-450-7873,서울특별시 광진구청,2025-12-23
자양1동180,1,,서울특별시 광진구 자양동 610-58,37.5342556867,127.0764762906,,한전주,02-450-7873,서울특별시 광진구청,2025-12-23
자양1동181,1,,서울특별시 광진구 자양동 610-58,37.5342556867,127.0764762906,,한전주,02-450-7873,서울특별시 광진구청,2025-12-23
자양1동182,1,,서울특별시 광진구 자양동 806-8,37.5353879896,127.0767302084,,한전주,02-450-7873,서울특별시 광진구청,2025-12-23
자양1동183,1,,서울특별시 광진구 자양동 807-3,37.535176522,127.0771492985,,전용주,02-450-7873,서울특별시 광진구청,2025-12-23
자양1동184,1,,서울특별시 광진구 자양동 805-6,37.5355774185,127.0770446,,한전주,02-450-7873,서울특별시 광진구청,2025-12-23
자양1동185,1,,서울특별시 광진구 자양동 805-7,37.53566617,127.0769627161,,한전주,02-450-7873,서울특별시 광진구청,2025-12-23
자양1동186,1,,서울특별시 광진구 자양동 804-4,37.5358982931,127.0770425555,,한전주,02-450-7873,서울특별시 광진구청,2025-12-23
자양1동187,1,,서울특별시 광진구 자양동 804-9,37.5357892306,127.0773816478,,한전주,02-450-7873,서울특별시 광진구청,2025-12-23
자양1동188,1,,서울특별시 광진구 자양동 804-9,37.5357892306,127.0773816478,,,02-450-7873,서울특별시 광진구청,2025-12-23
자양1동189,1,,서울특별시 광진구 자양동 611-7,37.5345783706,127.076560345,,한전주,02-450-7873,서울특별시 광진구청,2025-12-23
자양1동190,1,,서울특별시 광진구 자양동 611-3,37.53476717,127.0764308475,,,02-450-7873,서울특별시 광진구청,2025-12-23
자양1동191,1,,서울특별시 광진구 자양동 611-14,37.5349251093,127.0769245652,,한전주,02-450-7873,서울특별시 광진구청,2025-12-23
자양1동192,1,,서울특별시 광진구 자양동 611-9,37.5348213131,127.0766488443,,건축물,02-450-7873,서울특별시 광진구청,2025-12-23
자양1동193,1,,서울특별시 광진구 자양동 611-13,37.5350378107,127.0769316,,건축물,02-450-7873,서울특별시 광진구청,2025-12-23
자양1동194,1,,서울특별시 광진구 자양동 610-18,37.53413617,127.076442792,,한전주,02-450-7873,서울특별시 광진구청,2025-12-23
자양1동195,1,,서울특별시 광진구 자양동 610-2,37.53407617,127.0761815689,,전용주,02-450-7873,서울특별시 광진구청,2025-12-23
자양1동196,1,,서울특별시 광진구 자양동 610-25,37.53385717,127.0766122844,,한전주,02-450-7873,서울특별시 광진구청,2025-12-23
자양1동197,1,,서울특별시 광진구 자양동 610-15,37.53376317,127.0763759617,,,02-450-7873,서울특별시 광진구청,2025-12-23
자양1동198,1,,서울특별시 광진구 자양동 610-28,37.5334291616,127.0765336006,,건축물,02-450-7873,서울특별시 광진구청,2025-12-23
자양1동199,1,,서울특별시 광진구 자양동 610-55,37.53347117,127.0762817672,,,02-450-7873,서울특별시 광진구청,2025-12-23
자양1동200,1,,서울특별시 광진구 자양동 718-1,37.5333181576,127.077423705,,한전주,02-450-7873,서울특별시 광진구청,2025-12-23
자양1동201,1,,서울특별시 광진구 자양동 610-31,37.5335889854,127.0766936312,,한전주,02-450-7873,서울특별시 광진구청,2025-12-23
자양1동202,1,,서울특별시 광진구 자양동 610-34,37.5338797722,127.0767801422,,건축물,02-450-7873,서울특별시 광진구청,2025-12-23
자양1동203,1,,서울특별시 광진구 자양동 610-36,37.5340950726,127.076839762,,한전주,02-450-7873,서울특별시 광진구청,2025-12-23
자양1동204,1,,서울특별시 광진구 자양동 610-64,37.5340217579,127.0773631,,한전주,02-450-7873,서울특별시 광진구청,2025-12-23
자양1동205,1,,서울특별시 광진구 자양동 712-1,37.5343298211,127.0765725858,,한전주,02-450-7873,서울특별시 광진구청,2025-12-23
자양1동206,1,,서울특별시 광진구 자양1동 712-1,37.5341484,127.077579,,한전주,02-450-7873,서울특별시 광진구청,2025-12-23
자양1동207,1,,서울특별시 광진구 자양동 614-6,37.5339053134,127.0776790718,,,02-450-7873,서울특별시 광진구청,2025-12-23
자양1동208,1,,서울특별시 광진구 자양1동 712-1,37.5339391,127.077310,,한전주,02-450-7873,서울특별시 광진구청,2025-12-23
자양1동209,1,,서울특별시 광진구 자양동 610-46,37.5339282799,127.0771429213,,전용주,02-450-7873,서울특별시 광진구청,2025-12-23
자양1동210,1,,서울특별시 광진구 자양1동 614-19,37.5336948,127.0771773,,한전주,02-450-7873,서울특별시 광진구청,2025-12-23
자양1동211,1,,서울특별시 광진구 자양1동 718-1,37.5337295,127.0770071,,한전주,02-450-7873,서울특별시 광진구청,2025-12-23
자양1동212,1,,서울특별시 광진구 자양동 712-1,37.5343298211,127.0765725858,,한전주,02-450-7873,서울특별시 광진구청,2025-12-23
자양1동213,1,,서울특별시 광진구 자양동 612,37.5347836243,127.0776384,,건축물,02-450-7873,서울특별시 광진구청,2025-12-23
자양1동214,1,,서울특별시 광진구 자양동 229-20,37.5349800642,127.078032512,,,02-450-7873,서울특별시 광진구청,2025-12-23
자양1동215,1,,서울특별시 광진구 자양동 229-39,37.5349281307,127.0783216,,한전주,02-450-7873,서울특별시 광진구청,2025-12-23
자양1동216,1,,서울특별시 광진구 자양동 229-43,37.5352636,127.0782323437,,한전주,02-450-7873,서울특별시 광진구청,2025-12-23
자양1동217,1,,서울특별시 광진구 자양동 229-67,37.5351560765,127.0778976,,건축물,02-450-7873,서울특별시 광진구청,2025-12-23
자양1동218,1,,서울특별시 광진구 자양동 229-21,37.5348800386,127.0781556,,건축물,02-450-7873,서울특별시 광진구청,2025-12-23
자양1동219,1,,서울특별시 광진구 자양동 229-17,37.535343612,127.0781777137,,한전주,02-450-7873,서울특별시 광진구청,2025-12-23
자양1동220,1,,서울특별시 광진구 자양동 229-62,37.53564017,127.07829441,,건축물,02-450-7873,서울특별시 광진구청,2025-12-23
자양1동222,1,,서울특별시 광진구 자양동 229-61,37.5357561588,127.0783458232,,한전주,02-450-7873,서울특별시 광진구청,2025-12-23
자양1동223,1,,서울특별시 광진구 자양동 229-79,37.5360385497,127.0785176,,건축물,02-450-7873,서울특별시 광진구청,2025-12-23
자양1동224,1,,서울특별시 광진구 자양동 230-37,37.53627217,127.0789126,,,02-450-7873,서울특별시 광진구청,2025-12-23
자양1동225,1,,서울특별시 광진구 자양동 229-50,37.53597517,127.0787449564,,한전주,02-450-7873,서울특별시 광진구청,2025-12-23
자양1동226,1,,서울특별시 광진구 자양동 229-3,37.53574217,127.0787613808,,한전주,02-450-7873,서울특별시 광진구청,2025-12-23
자양1동227,1,,서울특별시 광진구 자양동 232-2,37.535496886,127.0788345567,,한전주,02-450-7873,서울특별시 광진구청,2025-12-23
자양1동228,1,,서울특별시 광진구 자양동 229-32,37.53545617,127.0786186,,건축물,02-450-7873,서울특별시 광진구청,2025-12-23
자양1동229,1,,서울특별시 광진구 자양동 232-11,37.53536917,127.0788103843,,,02-450-7873,서울특별시 광진구청,2025-12-23
자양1동230,1,,서울특별시 광진구 자양동 229-10,37.5351786509,127.0785667524,,건축물,02-450-7873,서울특별시 광진구청,2025-12-23
자양1동231,1,,서울특별시 광진구 자양동 229-13,37.5349697205,127.0785493356,,건축물,02-450-7873,서울특별시 광진구청,2025-12-23
자양1동232,1,,서울특별시 광진구 자양동 232-14,37.5350673379,127.0787612408,,건축물,02-450-7873,서울특별시 광진구청,2025-12-23
자양1동233,1,,서울특별시 광진구 자양동 232-23,37.5355578176,127.0792906,,한전주,02-450-7873,서울특별시 광진구청,2025-12-23
자양1동234,1,,서울특별시 광진구 자양동 230-27,37.535836087,127.0794108152,,한전주,02-450-7873,서울특별시 광진구청,2025-12-23
자양1동235,1,,서울특별시 광진구 자양동 230-29,37.5358467707,127.0796013605,,전용주,02-450-7873,서울특별시 광진구청,2025-12-23
자양1동236,1,,서울특별시 광진구 자양동 230-16,37.5360572868,127.0795384499,,한전주,02-450-7873,서울특별시 광진구청,2025-12-23
자양1동237,1,,서울특별시 광진구 자양동 230-15,37.536253402,127.0795868577,,건축물,02-450-7873,서울특별시 광진구청,2025-12-23
자양1동238,1,,서울특별시 광진구 자양동 231-67,37.5359773823,127.0800507937,,건축물,02-450-7873,서울특별시 광진구청,2025-12-23
자양1동239,1,,서울특별시 광진구 자양동 230-30,37.5357545668,127.0796482171,,한전주,02-450-7873,서울특별시 광진구청,2025-12-23
자양1동240,1,,서울특별시 광진구 자양동 231-20,37.53567917,127.0798814879,,한전주,02-450-7873,서울특별시 광진구청,2025-12-23
자양1동241,1,,서울특별시 광진구 자양동 232-19,37.5354857188,127.0794989216,,전용주,02-450-7873,서울특별시 광진구청,2025-12-23
자양1동242,1,,서울특별시 광진구 자양동 232-24,37.53549717,127.0792676,,건축물,02-450-7873,서울특별시 광진구청,2025-12-23
자양1동243,1,,서울특별시 광진구 자양동 232-28,37.5353317114,127.0795381318,,한전주,02-450-7873,서울특별시 광진구청,2025-12-23
자양1동244,1,,서울특별시 광진구 자양동 232-26,37.5353524739,127.0793376,,건축물,02-450-7873,서울특별시 광진구청,2025-12-23
자양1동245,1,,서울특별시 광진구 자양동 232-31,37.5350876196,127.0791518302,,건축물,02-450-7873,서울특별시 광진구청,2025-12-23
자양1동246,1,,서울특별시 광진구 자양동 612-39,37.5351419733,127.0797166,,건축물,02-450-7873,서울특별시 광진구청,2025-12-23
자양1동247,1,,서울특별시 광진구 자양동 612-39,37.53516617,127.0797426,,한전주,02-450-7873,서울특별시 광진구청,2025-12-23
자양1동248,1,,서울특별시 광진구 자양동 612-36,37.53506117,127.0793236,,한전주,02-450-7873,서울특별시 광진구청,2025-12-23
자양1동249,1,,서울특별시 광진구 자양동 612-43,37.53527217,127.0802081745,,한전주,02-450-7873,서울특별시 광진구청,2025-12-23
자양1동250,1,,서울특별시 광진구 자양동 612-44,37.5352822016,127.0804027169,,한전주,02-450-7873,서울특별시 광진구청,2025-12-23
자양1동251,1,,서울특별시 광진구 자양동 612-46,37.5353566309,127.0806246,,한전주,02-450-7873,서울특별시 광진구청,2025-12-23
자양1동252,1,,서울특별시 광진구 자양동 231-35,37.535577079,127.0802416,,한전주,02-450-7873,서울특별시 광진구청,2025-12-23
자양1동253,1,,서울특별시 광진구 자양동 217-12,37.53576317,127.0808107178,,한전주,02-450-7873,서울특별시 광진구청,2025-12-23
자양1동254,1,,서울특별시 광진구 자양동 231-9,37.5357961362,127.0805290844,,건축물,02-450-7873,서울특별시 광진구청,2025-12-23
자양1동255,1,,서울특별시 광진구 자양동 231-31,37.53592817,127.0806313749,,건축물,02-450-7873,서울특별시 광진구청,2025-12-23
자양1동256,1,,서울특별시 광진구 자양동 217-3,37.535948866,127.0809096383,,한전주,02-450-7873,서울특별시 광진구청,2025-12-23
자양1동257,1,,서울특별시 광진구 자양동 217-3,37.535948866,127.0809096383,,한전주,02-450-7873,서울특별시 광진구청,2025-12-23
자양1동258,1,,서울특별시 광진구 자양동 231-8,37.5359731027,127.0805276,,,02-450-7873,서울특별시 광진구청,2025-12-23
자양1동259,1,,서울특별시 광진구 자양동 231-65,37.53629617,127.0802136,,한전주,02-450-7873,서울특별시 광진구청,2025-12-23
자양1동260,1,,서울특별시 광진구 자양동 221-21,37.5362707606,127.0802626,,,02-450-7873,서울특별시 광진구청,2025-12-23
자양1동261,1,,서울특별시 광진구 자양동 221-11,37.5362683078,127.0804126,,전용주,02-450-7873,서울특별시 광진구청,2025-12-23
자양1동262,1,,서울특별시 광진구 자양동 218-13,37.5364191823,127.0810496537,,한전주,02-450-7873,서울특별시 광진구청,2025-12-23
자양1동263,1,,서울특별시 광진구 자양동 221-16,37.5364291,127.0806543,,건축물,02-450-7873,서울특별시 광진구청,2025-12-23
자양1동264,1,,서울특별시 광진구 자양동 218-13,37.5364191823,127.0810366,,건축물,02-450-7873,서울특별시 광진구청,2025-12-23
자양1동265,1,,서울특별시 광진구 자양동 221-20,37.536711434,127.0807028411,,건축물,02-450-7873,서울특별시 광진구청,2025-12-23
자양1동266,1,,서울특별시 광진구 자양동 219-18,37.53688717,127.0813535639,,한전주,02-450-7873,서울특별시 광진구청,2025-12-23
자양1동267,1,,서울특별시 광진구 자양동 219-23,37.53658217,127.0812396,,한전주,02-450-7873,서울특별시 광진구청,2025-12-23
자양1동268,1,,서울특별시 광진구 자양동 219-36,37.53647917,127.0816216,,한전주,02-450-7873,서울특별시 광진구청,2025-12-23
자양1동269,1,,서울특별시 광진구 자양동 218-31,37.5360734149,127.0815036,,,02-450-7873,서울특별시 광진구청,2025-12-23
자양1동270,1,,서울특별시 광진구 자양동 217-21,37.5358296197,127.0813516,,한전주,02-450-7873,서울특별시 광진구청,2025-12-23
자양1동271,1,,서울특별시 광진구 자양동 218-14,37.53610117,127.0811066,,건축물,02-450-7873,서울특별시 광진구청,2025-12-23
자양1동272,1,,서울특별시 광진구 자양동 217-8,37.53584517,127.0810906,,,02-450-7873,서울특별시 광진구청,2025-12-23
자양1동273,1,,서울특별시 광진구 자양동 217-20,37.5357208991,127.0813906,,건축물,02-450-7873,서울특별시 광진구청,2025-12-23
자양1동274,1,,서울특별시 광진구 자양동 218-6,37.53597917,127.0817013884,,건축물,02-450-7873,서울특별시 광진구청,2025-12-23
자양1동275,1,,서울특별시 광진구 자양동 218-46,37.535895089,127.0818446,,건축물,02-450-7873,서울특별시 광진구청,2025-12-23
자양1동276,1,,서울특별시 광진구 자양동 218-34,37.53585517,127.0819346,,한전주,02-450-7873,서울특별시 광진구청,2025-12-23
자양1동278,1,,서울특별시 광진구 자양동 219-6,37.5363878509,127.0820214,,한전주,02-450-7873,서울특별시 광진구청,2025-12-23
자양1동279,1,,서울특별시 광진구 자양동 219-31,37.53635674,127.0822555567,,한전주,02-450-7873,서울특별시 광진구청,2025-12-23
자양1동280,1,,서울특별시 광진구 자양동 218-32,37.5359438231,127.0820807848,,한전주,02-450-7873,서울특별시 광진구청,2025-12-23
자양1동281,1,,서울특별시 광진구 자양동 218-2,37.5360370665,127.0826122112,,한전주,02-450-7873,서울특별시 광진구청,2025-12-23
자양1동282,1,,서울특별시 광진구 자양동 218-26,37.5359657294,127.0825506,,건축물,02-450-7873,서울특별시 광진구청,2025-12-23
자양1동283,1,,서울특별시 광진구 자양동 219-17,37.53613617,127.082848877,,한전주,02-450-7873,서울특별시 광진구청,2025-12-23
자양1동284,1,,서울특별시 광진구 자양동 612-62,37.53609617,127.0831346,,한전주,02-450-7873,서울특별시 광진구청,2025-12-23
자양1동285,1,,서울특별시 광진구 자양동 612-62,37.5360573916,127.0831790851,,한전주,02-450-7873,서울특별시 광진구청,2025-12-23
자양1동286,1,,서울특별시 광진구 자양동 612-60,37.5359418354,127.0828627197,,한전주,02-450-7873,서울특별시 광진구청,2025-12-23
자양1동287,1,,서울특별시 광진구 자양동 612-60,37.53593817,127.0828627197,,한전주,02-450-7873,서울특별시 광진구청,2025-12-23
자양1동288,1,,서울특별시 광진구 자양동 612-60,37.5359418354,127.0828627197,,한전주,02-450-7873,서울특별시 광진구청,2025-12-23
자양1동289,1,,서울특별시 광진구 자양동 612-58,37.53576717,127.0821383669,,한전주,02-450-7873,서울특별시 광진구청,2025-12-23
자양1동290,1,,서울특별시 광진구 자양동 612-51,37.5355283288,127.0813616437,,한전주,02-450-7873,서울특별시 광진구청,2025-12-23
자양1동291,1,,서울특별시 광진구 자양동 612-47,37.53543417,127.0807986242,,한전주,02-450-7873,서울특별시 광진구청,2025-12-23
자양1동292,1,,서울특별시 광진구 자양동 622-19,37.5349061629,127.0808826,,한전주,02-450-7873,서울특별시 광진구청,2025-12-23
자양1동293,1,,서울특별시 광진구 자양동 621-25,37.5349417964,127.0806775136,,,02-450-7873,서울특별시 광진구청,2025-12-23
자양1동294,1,,서울특별시 광진구 자양동 621-25,37.5349417964,127.0806866,,건축물,02-450-7873,서울특별시 광진구청,2025-12-23
자양1동295,1,,서울특별시 광진구 자양동 621-18,37.53510117,127.0804786,,,02-450-7873,서울특별시 광진구청,2025-12-23
자양1동296,1,,서울특별시 광진구 자양동 621-17,37.53507523,127.080347,,한전주,02-450-7873,서울특별시 광진구청,2025-12-23
자양1동297,1,,서울특별시 광진구 자양동 621-10,37.5348591785,127.0800096593,,,02-450-7873,서울특별시 광진구청,2025-12-23
자양1동298,1,,서울특별시 광진구 자양동 622-15,37.5347342568,127.0807347662,,한전주,02-450-7873,서울특별시 광진구청,2025-12-23
자양1동299,1,,서울특별시 광진구 자양동 622-8,37.53455617,127.0805104026,,한전주,02-450-7873,서울특별시 광진구청,2025-12-23
자양1동300,1,,서울특별시 광진구 자양동 621-37,37.5346737784,127.0802372159,,한전주,02-450-7873,서울특별시 광진구청,2025-12-23
자양1동301,1,,서울특별시 광진구 자양동 621-42,37.53469217,127.0799736,,,02-450-7873,서울특별시 광진구청,2025-12-23
자양1동302,1,,서울특별시 광진구 자양동 621-55,37.5344464091,127.0797896,,한전주,02-450-7873,서울특별시 광진구청,2025-12-23
자양1동303,1,,서울특별시 광진구 자양동 621-59,37.5343290934,127.0800486925,,전용주,02-450-7873,서울특별시 광진구청,2025-12-23
자양1동304,1,,서울특별시 광진구 자양동 622-6,37.53428417,127.0803026,,,02-450-7873,서울특별시 광진구청,2025-12-23
자양1동305,1,,서울특별시 광진구 자양동 622,37.5341176845,127.0800990406,,건축물,02-450-7873,서울특별시 광진구청,2025-12-23
자양1동306,1,,서울특별시 광진구 자양동 618-6,37.5338427875,127.0798353551,,한전주,02-450-7873,서울특별시 광진구청,2025-12-23
자양1동307,1,,서울특별시 광진구 자양동 618-10,37.5336607559,127.0796120482,,한전주,02-450-7873,서울특별시 광진구청,2025-12-23
자양1동308,1,,서울특별시 광진구 자양동 619-3,37.533409922,127.0790685963,,,02-450-7873,서울특별시 광진구청,2025-12-23
자양1동309,1,,서울특별시 광진구 자양동 620-31,37.5335418505,127.0791566,,,02-450-7873,서울특별시 광진구청,2025-12-23
자양1동310,1,,서울특별시 광진구 자양동 719,37.5331054179,127.0781263283,,한전주,02-450-7873,서울특별시 광진구청,2025-12-23
자양1동311,1,,서울특별시 광진구 자양동 713,37.5344560324,127.0794676105,,한전주,02-450-7873,서울특별시 광진구청,2025-12-23
자양1동312,1,,서울특별시 광진구 자양동 620,37.5337993534,127.0789106,,건축물,02-450-7873,서울특별시 광진구청,2025-12-23
자양1동313,1,,서울특별시 광진구 자양동 620-2,37.53386217,127.0791409775,,전용주,02-450-7873,서울특별시 광진구청,2025-12-23
자양1동314,1,,서울특별시 광진구 자양동 713,37.5344560324,127.0794676105,,한전주,02-450-7873,서울특별시 광진구청,2025-12-23
자양1동315,1,,서울특별시 광진구 자양동 620-25,37.5338304467,127.0792961136,,한전주,02-450-7873,서울특별시 광진구청,2025-12-23
자양1동316,1,,서울특별시 광진구 자양동 620-21,37.5340263354,127.0795326,,전용주,02-450-7873,서울특별시 광진구청,2025-12-23
자양1동317,1,,서울특별시 광진구 자양동 620-17,37.534178314,127.0797111443,,건축물,02-450-7873,서울특별시 광진구청,2025-12-23
자양1동318,1,,서울특별시 광진구 자양동 613-10,37.53447017,127.0793256,,건축물,02-450-7873,서울특별시 광진구청,2025-12-23
자양1동319,1,,서울특별시 광진구 자양동 613-10,37.5344307675,127.0793199432,,한전주,02-450-7873,서울특별시 광진구청,2025-12-23
자양1동320,1,,서울특별시 광진구 자양동 613-34,37.534340883,127.0789983001,,건축물,02-450-7873,서울특별시 광진구청,2025-12-23
자양1동321,1,,서울특별시 광진구 자양동 613-17,37.5345520408,127.0787406,,건축물,02-450-7873,서울특별시 광진구청,2025-12-23
자양1동322,1,,서울특별시 광진구 자양동 613-3,37.5346418397,127.0785594007,,건축물,02-450-7873,서울특별시 광진구청,2025-12-23
자양1동323,1,,서울특별시 광진구 자양동 613-27,37.5343064641,127.0784586925,,한전주,02-450-7873,서울특별시 광진구청,2025-12-23
자양1동324,1,,서울특별시 광진구 자양1동 613-40,37.5345134,127.0781629,,한전주,02-450-7873,서울특별시 광진구청,2025-12-23
자양1동326,1,,서울특별시 광진구 자양동 612-12,37.5345213804,127.0777706,,전용주,02-450-7873,서울특별시 광진구청,2025-12-23
자양1동327,1,,서울특별시 광진구 자양1동 713,37.5344488,127.0779713,,한전주,02-450-7873,서울특별시 광진구청,2025-12-23
자양1동328,1,,서울특별시 광진구 자양동 612-17,37.5342342356,127.0777106,,건축물,02-450-7873,서울특별시 광진구청,2025-12-23
자양1동329,1,,서울특별시 광진구 자양동 613-6,37.5347492306,127.0789771207,,건축물,02-450-7873,서울특별시 광진구청,2025-12-23
자양1동330,1,,서울특별시 광진구 자양동 621-1,37.5348951869,127.0795228466,,건축물,02-450-7873,서울특별시 광진구청,2025-12-23
자양1동331,1,,서울특별시 광진구 자양동 621-2,37.5347644171,127.0795743005,,건축물,02-450-7873,서울특별시 광진구청,2025-12-23
자양1동332,1,,서울특별시 광진구 자양동 612-30,37.5348348007,127.0786094988,,한전주,02-450-7873,서울특별시 광진구청,2025-12-23
자양1동333,1,,서울특별시 광진구 자양동 713,37.5344560324,127.0794676105,,,02-450-7873,서울특별시 광진구청,2025-12-23
자양1동334,1,,서울특별시 광진구 자양동 713,37.5344560324,127.0794676105,,한전주,02-450-7873,서울특별시 광진구청,2025-12-23
자양1동335,1,,서울특별시 광진구 자양동 613-28,37.5342139349,127.0784186,,건축물,02-450-7873,서울특별시 광진구청,2025-12-23
자양1동336,1,,서울특별시 광진구 자양동 613-26,37.5343249685,127.0782718023,,건축물,02-450-7873,서울특별시 광진구청,2025-12-23
자양1동337,1,,서울특별시 광진구 자양동 614-1,37.53405817,127.0781966,,건축물,02-450-7873,서울특별시 광진구청,2025-12-23
자양1동338,1,,서울특별시 광진구 자양동 614-27,37.533715359,127.0781116,,건축물,02-450-7873,서울특별시 광진구청,2025-12-23
자양1동339,1,,서울특별시 광진구 자양동 614-9,37.5337839562,127.0778043057,,한전주,02-450-7873,서울특별시 광진구청,2025-12-23
자양1동340,1,,서울특별시 광진구 자양동 614-15,37.53363617,127.077591805,,한전주,02-450-7873,서울특별시 광진구청,2025-12-23
자양1동341,1,,서울특별시 광진구 자양동 614-16,37.5335452746,127.0775402147,,전용주,02-450-7873,서울특별시 광진구청,2025-12-23
자양1동342,1,,서울특별시 광진구 자양1동 718-1,37.5334827,127.0774148,,한전주,02-450-7873,서울특별시 광진구청,2025-12-23
자양1동343,1,,서울특별시 광진구 자양동 609-19,37.5332012118,127.0772056,,건축물,02-450-7873,서울특별시 광진구청,2025-12-23
자양1동344,1,,서울특별시 광진구 자양동 609-22,37.5329579378,127.0770881807,,한전주,02-450-7873,서울특별시 광진구청,2025-12-23
자양1동345,1,,서울특별시 광진구 자양동 609-12,37.5330764135,127.0769592104,,전용주,02-450-7873,서울특별시 광진구청,2025-12-23
자양1동346,1,,서울특별시 광진구 자양동 615-1,37.53318517,127.0773976613,,건축물,02-450-7873,서울특별시 광진구청,2025-12-23
자양1동347,1,,서울특별시 광진구 자양동 615-8,37.5331493105,127.0776381231,,한전주,02-450-7873,서울특별시 광진구청,2025-12-23
자양1동348,1,,서울특별시 광진구 자양동 614-30,37.53363617,127.0780986,,건축물,02-450-7873,서울특별시 광진구청,2025-12-23
자양1동349,1,,서울특별시 광진구 자양동 615-21,37.5329440546,127.0779238134,,전용주,02-450-7873,서울특별시 광진구청,2025-12-23
자양1동350,1,,서울특별시 광진구 자양1동 619-20,37.5332965,127.0780987,,한전주,02-450-7873,서울특별시 광진구청,2025-12-23
자양1동351,1,,서울특별시 광진구 자양1동 619-20,37.5334603,127.0783116,,한전주,02-450-7873,서울특별시 광진구청,2025-12-23
자양1동352,1,,서울특별시 광진구 자양동 619-9,37.5335175171,127.0786225013,,한전주,02-450-7873,서울특별시 광진구청,2025-12-23
자양1동353,1,,서울특별시 광진구 자양동 619-6,37.5334348699,127.0788137181,,건축물,02-450-7873,서울특별시 광진구청,2025-12-23
자양1동354,1,,서울특별시 광진구 자양동 618-41,37.5330904999,127.0789276,,건축물,02-450-7873,서울특별시 광진구청,2025-12-23
자양1동355,1,,서울특별시 광진구 자양동 619-17,37.5331830871,127.0786836,,건축물,02-450-7873,서울특별시 광진구청,2025-12-23
자양1동356,1,,서울특별시 광진구 자양동 615-33,37.5329065467,127.0785076861,,한전주,02-450-7873,서울특별시 광진구청,2025-12-23
자양1동357,1,,서울특별시 광진구 자양동 615-29,37.5329902354,127.0782576226,,한전주,02-450-7873,서울특별시 광진구청,2025-12-23
자양1동358,1,,서울특별시 광진구 자양동 615-28,37.5329397103,127.0780896711,,한전주,02-450-7873,서울특별시 광진구청,2025-12-23
자양1동359,1,,서울특별시 광진구 자양동 615-34,37.5328152676,127.0783416,,전용주,02-450-7873,서울특별시 광진구청,2025-12-23
자양1동360,1,,서울특별시 광진구 자양동 615-35,37.5327745586,127.078494763,,한전주,02-450-7873,서울특별시 광진구청,2025-12-23
자양1동361,1,,서울특별시 광진구 자양동 615-38,37.53276717,127.0781856,,전용주,02-450-7873,서울특별시 광진구청,2025-12-23
자양1동362,1,,서울특별시 광진구 자양동 616-38,37.5324706029,127.0785406,,건축물,02-450-7873,서울특별시 광진구청,2025-12-23
자양1동363,1,,서울특별시 광진구 자양동 616-22,37.5325457286,127.0788056,,건축물,02-450-7873,서울특별시 광진구청,2025-12-23
자양1동364,1,,서울특별시 광진구 자양동 616-22,37.5325457286,127.0788641474,,한전주,02-450-7873,서울특별시 광진구청,2025-12-23
자양1동365,1,,서울특별시 광진구 자양동 616-25,37.5324465762,127.0791706,,한전주,02-450-7873,서울특별시 광진구청,2025-12-23
자양1동366,1,,서울특별시 광진구 자양동 616-28,37.532317091,127.0796154849,,한전주,02-450-7873,서울특별시 광진구청,2025-12-23
자양1동367,1,,서울특별시 광진구 자양동 617-36,37.5326734,127.0798172677,,한전주,02-450-7873,서울특별시 광진구청,2025-12-23
자양1동368,1,,서울특별시 광진구 자양동 616-13,37.5325833664,127.0795673,,한전주,02-450-7873,서울특별시 광진구청,2025-12-23
자양1동369,1,,서울특별시 광진구 자양동 616-4,37.5327058024,127.0791736,,한전주,02-450-7873,서울특별시 광진구청,2025-12-23
자양1동370,1,,서울특별시 광진구 자양동 618-35,37.5329825976,127.0793936,,한전주,02-450-7873,서울특별시 광진구청,2025-12-23
자양1동371,1,,서울특별시 광진구 자양동 618-30,37.53329917,127.0792076,,건축물,02-450-7873,서울특별시 광진구청,2025-12-23
자양1동372,1,,서울특별시 광진구 자양동 617-32,37.5330200432,127.0796589,,건축물,02-450-7873,서울특별시 광진구청,2025-12-23
자양1동373,1,,서울특별시 광진구 자양동 617-36,37.5326891583,127.0798172677,,건축물,02-450-7873,서울특별시 광진구청,2025-12-23
자양1동374,1,,서울특별시 광진구 자양동 618-27,37.5331514955,127.0795786,,한전주,02-450-7873,서울특별시 광진구청,2025-12-23
자양1동375,1,,서울특별시 광진구 자양동 618-27,37.5331514955,127.0795026,,한전주,02-450-7873,서울특별시 광진구청,2025-12-23
자양1동376,1,,서울특별시 광진구 자양동 618-23,37.53347417,127.0793726,,,02-450-7873,서울특별시 광진구청,2025-12-23
자양1동377,1,,서울특별시 광진구 자양동 618-13,37.53345617,127.0797803833,,한전주,02-450-7873,서울특별시 광진구청,2025-12-23
자양1동378,1,,서울특별시 광진구 자양동 618-16,37.5334890335,127.0795996465,,,02-450-7873,서울특별시 광진구청,2025-12-23
자양1동379,1,,서울특별시 광진구 자양동 618-12,37.5334984078,127.0798607839,,,02-450-7873,서울특별시 광진구청,2025-12-23
자양1동380,1,,서울특별시 광진구 자양동 618-5,37.53379217,127.0799896,,전용주,02-450-7873,서울특별시 광진구청,2025-12-23
자양1동381,1,,서울특별시 광진구 자양동 618-4,37.5336998222,127.0800668012,,한전주,02-450-7873,서울특별시 광진구청,2025-12-23
자양1동382,1,,서울특별시 광진구 자양동 618-3,37.53377442,127.0802976,,한전주,02-450-7873,서울특별시 광진구청,2025-12-23
자양1동383,1,,서울특별시 광진구 자양동 617-2,37.5335370951,127.0806136,,한전주,02-450-7873,서울특별시 광진구청,2025-12-23
자양1동384,1,,서울특별시 광진구 자양동 617-11,37.5333303996,127.0803406,,한전주,02-450-7873,서울특별시 광진구청,2025-12-23
자양1동385,1,,서울특별시 광진구 자양동 617-19,37.5331843812,127.0801236,,,02-450-7873,서울특별시 광진구청,2025-12-23
자양1동386,1,,서울특별시 광진구 자양동 617-19,37.5331843812,127.0801678496,,전용주,02-450-7873,서울특별시 광진구청,2025-12-23
자양1동387,1,,서울특별시 광진구 자양동 622-38,37.5340824611,127.0804882081,,한전주,02-450-7873,서울특별시 광진구청,2025-12-23
자양1동388,1,,서울특별시 광진구 자양동 623-37,37.5338281608,127.0809126,,전용주,02-450-7873,서울특별시 광진구청,2025-12-23
자양1동389,1,,서울특별시 광진구 자양동 622-31,37.53435717,127.0807764388,,한전주,02-450-7873,서울특별시 광진구청,2025-12-23
자양1동390,1,,서울특별시 광진구 자양동 623-26,37.5339909736,127.0810976,,건축물,02-450-7873,서울특별시 광진구청,2025-12-23
자양1동391,1,,서울특별시 광진구 자양동 622-27,37.53456317,127.0810566,,한전주,02-450-7873,서울특별시 광진구청,2025-12-23
자양1동392,1,,서울특별시 광진구 자양동 622-26,37.5345891504,127.0809326079,,한전주,02-450-7873,서울특별시 광진구청,2025-12-23
자양1동393,1,,서울특별시 광진구 자양동 623-7,37.5343911794,127.0813266,,건축물,02-450-7873,서울특별시 광진구청,2025-12-23
자양1동394,1,,서울특별시 광진구 자양동 622-23,37.5346614913,127.0812956,,한전주,02-450-7873,서울특별시 광진구청,2025-12-23
자양1동395,1,,서울특별시 광진구 자양동 622-22,37.5347355289,127.081113567,,한전주,02-450-7873,서울특별시 광진구청,2025-12-23
자양1동396,1,,서울특별시 광진구 자양동 625-4,37.53519417,127.0811299444,,건축물,02-450-7873,서울특별시 광진구청,2025-12-23
자양1동397,1,,서울특별시 광진구 자양동 625-8,37.534977918,127.0813465635,,건축물,02-450-7873,서울특별시 광진구청,2025-12-23
자양1동398,1,,서울특별시 광진구 자양동 624-45,37.5345260099,127.0818194575,,한전주,02-450-7873,서울특별시 광진구청,2025-12-23
자양1동399,1,,서울특별시 광진구 자양동 623-2,37.53441539,127.0815296,,건축물,02-450-7873,서울특별시 광진구청,2025-12-23
자양1동400,1,,서울특별시 광진구 자양동 625-10,37.5349806914,127.081505871,,한전주,02-450-7873,서울특별시 광진구청,2025-12-23
자양1동401,1,,서울특별시 광진구 자양동 625-9,37.5350853938,127.0813916,,한전주,02-450-7873,서울특별시 광진구청,2025-12-23
자양1동402,1,,서울특별시 광진구 자양동 625-17,37.5353581328,127.0813096,,,02-450-7873,서울특별시 광진구청,2025-12-23
자양1동403,1,,서울특별시 광진구 자양동 625-26,37.53528217,127.0818826,,한전주,02-450-7873,서울특별시 광진구청,2025-12-23
자양1동405,1,,서울특별시 광진구 자양동 625-30,37.53553017,127.0821686,,한전주,02-450-7873,서울특별시 광진구청,2025-12-23
자양1동406,1,,서울특별시 광진구 자양동 625-30,37.5355602853,127.0821843431,,한전주,02-450-7873,서울특별시 광진구청,2025-12-23
자양1동407,1,,서울특별시 광진구 자양동 626-1,37.5355273491,127.0830282422,,한전주,02-450-7873,서울특별시 광진구청,2025-12-23
자양1동408,1,,서울특별시 광진구 자양동 624-27,37.5354306395,127.0826889321,,건축물,02-450-7873,서울특별시 광진구청,2025-12-23
자양1동409,1,,서울특별시 광진구 자양동 624-29,37.5352632939,127.0827315153,,전용주,02-450-7873,서울특별시 광진구청,2025-12-23
자양1동410,1,,서울특별시 광진구 자양동 624-31,37.53528417,127.082494266,,한전주,02-450-7873,서울특별시 광진구청,2025-12-23
자양1동411,1,,서울특별시 광진구 자양동 624-33,37.535095377,127.0825604845,,전용주,02-450-7873,서울특별시 광진구청,2025-12-23
자양1동412,1,,서울특별시 광진구 자양동 624-35,37.53513617,127.0823486,,한전주,02-450-7873,서울특별시 광진구청,2025-12-23
자양1동413,1,,서울특별시 광진구 자양동 624-36,37.5349828356,127.0821126,,한전주,02-450-7873,서울특별시 광진구청,2025-12-23
자양1동414,1,,서울특별시 광진구 자양동 624-44,37.5346884062,127.0818876,,한전주,02-450-7873,서울특별시 광진구청,2025-12-23
자양1동415,1,,서울특별시 광진구 자양동 624-38,37.534851591,127.0822386,,전용주,02-450-7873,서울특별시 광진구청,2025-12-23
자양1동416,1,,서울특별시 광진구 자양동 710,37.535625499,127.0833195063,,한전주,02-450-7873,서울특별시 광진구청,2025-12-23
자양1동417,1,,서울특별시 광진구 자양동 630-42,37.5348396656,127.083084956,,한전주,02-450-7873,서울특별시 광진구청,2025-12-23
자양1동418,1,,서울특별시 광진구 자양동 628,37.5345993528,127.0833636,,한전주,02-450-7873,서울특별시 광진구청,2025-12-23
자양1동419,1,,서울특별시 광진구 자양동 628-30,37.5346887715,127.0839436492,,한전주,02-450-7873,서울특별시 광진구청,2025-12-23
자양1동420,1,,서울특별시 광진구 자양동 627-20,37.53517317,127.0836606,,한전주,02-450-7873,서울특별시 광진구청,2025-12-23
자양1동421,1,,서울특별시 광진구 자양동 628,37.5345993528,127.0833632446,,건축물,02-450-7873,서울특별시 광진구청,2025-12-23
자양1동422,1,,서울특별시 광진구 자양동 628-17,37.5345373809,127.0835626,,건축물,02-450-7873,서울특별시 광진구청,2025-12-23
자양1동423,1,,서울특별시 광진구 자양동 628-3,37.5342392972,127.0835130954,,한전주,02-450-7873,서울특별시 광진구청,2025-12-23
자양1동424,1,,서울특별시 광진구 자양1동 629-23,37.5340142,127.0834983,,한전주,02-450-7873,서울특별시 광진구청,2025-12-23
자양1동425,1,,서울특별시 광진구 자양1동 629-24,37.5338254,127.0835459,,한전주,02-450-7873,서울특별시 광진구청,2025-12-23
자양1동426,1,,서울특별시 광진구 자양동 628-9,37.53387417,127.0836683036,,건축물,02-450-7873,서울특별시 광진구청,2025-12-23
자양1동427,1,,서울특별시 광진구 자양동 657-6,37.5336912589,127.0840446,,한전주,02-450-7873,서울특별시 광진구청,2025-12-23
자양1동428,1,,서울특별시 광진구 자양동 628-11,37.5339728555,127.0837897672,,건축물,02-450-7873,서울특별시 광진구청,2025-12-23
자양1동429,1,,서울특별시 광진구 자양동 629-25,37.53377417,127.0833746,,건축물,02-450-7873,서울특별시 광진구청,2025-12-23
자양1동430,1,,서울특별시 광진구 자양동 629-39,37.5336390707,127.0829731991,,,02-450-7873,서울특별시 광진구청,2025-12-23
자양1동431,1,,서울특별시 광진구 자양동 629-38,37.533732557,127.0828984037,,한전주,02-450-7873,서울특별시 광진구청,2025-12-23
자양1동432,1,,서울특별시 광진구 자양동 629-29,37.5338108352,127.0831406,,한전주,02-450-7873,서울특별시 광진구청,2025-12-23
자양1동433,1,,서울특별시 광진구 자양동 715,37.5344442294,127.0829906606,,한전주,02-450-7873,서울특별시 광진구청,2025-12-23
자양1동434,1,,서울특별시 광진구 자양동 629-14,37.5342307285,127.0831430008,,건축물,02-450-7873,서울특별시 광진구청,2025-12-23
자양1동435,1,,서울특별시 광진구 자양동 628,37.5345993528,127.0833626,,건축물,02-450-7873,서울특별시 광진구청,2025-12-23
자양1동436,1,,서울특별시 광진구 자양동 630-29,37.5344701026,127.0827893596,,한전주,02-450-7873,서울특별시 광진구청,2025-12-23
자양1동437,1,,서울특별시 광진구 자양동 630-29,37.53447817,127.0827893596,,건축물,02-450-7873,서울특별시 광진구청,2025-12-23
자양1동438,1,,서울특별시 광진구 자양동 630-12,37.53478717,127.0826686,,건축물,02-450-7873,서울특별시 광진구청,2025-12-23
자양1동440,1,,서울특별시 광진구 자양동 629-11,37.53419117,127.0830336,,전용주,02-450-7873,서울특별시 광진구청,2025-12-23
자양1동441,1,,서울특별시 광진구 자양동 629-6,37.5340830559,127.082884649,,건축물,02-450-7873,서울특별시 광진구청,2025-12-23
자양1동442,1,,서울특별시 광진구 자양동 630-35,37.5341521511,127.0825152065,,한전주,02-450-7873,서울특별시 광진구청,2025-12-23
자양1동443,1,,서울특별시 광진구 자양동 630-35,37.5341521511,127.0825296,,전용주,02-450-7873,서울특별시 광진구청,2025-12-23
자양1동444,1,,서울특별시 광진구 자양동 630-38,37.5340468085,127.0824305,,한전주,02-450-7873,서울특별시 광진구청,2025-12-23
자양1동445,1,,서울특별시 광진구 자양동 630-37,37.5341318617,127.0822810952,,한전주,02-450-7873,서울특별시 광진구청,2025-12-23
자양1동446,1,,서울특별시 광진구 자양동 631-13,37.5336976835,127.0820019533,,한전주,02-450-7873,서울특별시 광진구청,2025-12-23
자양1동447,1,,서울특별시 광진구 자양동 632-3,37.5334734317,127.0823266,,건축물,02-450-7873,서울특별시 광진구청,2025-12-23
자양1동448,1,,서울특별시 광진구 자양동 632-11,37.5333434323,127.0820994314,,한전주,02-450-7873,서울특별시 광진구청,2025-12-23
자양1동449,1,,서울특별시 광진구 자양동 632-10,37.5334135163,127.0819866,,건축물,02-450-7873,서울특별시 광진구청,2025-12-23
자양1동450,1,,서울특별시 광진구 자양동 631-16,37.5334954012,127.0817856,,한전주,02-450-7873,서울특별시 광진구청,2025-12-23
자양1동451,1,,서울특별시 광진구 자양동 631-25,37.5335500546,127.0814346,,건축물,02-450-7873,서울특별시 광진구청,2025-12-23
자양1동452,1,,서울특별시 광진구 자양동 632-19,37.5332704,127.0818455,,,02-450-7873,서울특별시 광진구청,2025-12-23
자양1동453,1,,서울특별시 광진구 자양동 632-24,37.53319617,127.0819206,,건축물,02-450-7873,서울특별시 광진구청,2025-12-23
자양1동454,1,,서울특별시 광진구 자양동 632-21,37.5331799085,127.0816886,,건축물,02-450-7873,서울특별시 광진구청,2025-12-23
자양1동455,1,,서울특별시 광진구 자양동 631-30,37.5331751429,127.0814776,,한전주,02-450-7873,서울특별시 광진구청,2025-12-23
자양1동456,1,,서울특별시 광진구 자양동 631-33,37.53337317,127.0811772162,,한전주,02-450-7873,서울특별시 광진구청,2025-12-23
자양1동457,1,,서울특별시 광진구 자양동 634-3,37.53302517,127.0812636,,건축물,02-450-7873,서울특별시 광진구청,2025-12-23
자양1동458,1,,서울특별시 광진구 자양동 634-16,37.5327639859,127.0809433072,,한전주,02-450-7873,서울특별시 광진구청,2025-12-23
자양1동459,1,,서울특별시 광진구 자양동 634-8,37.53308917,127.0809466,,건축물,02-450-7873,서울특별시 광진구청,2025-12-23
자양1동460,1,,서울특별시 광진구 자양동 633-11,37.5324691354,127.081268262,,건축물,02-450-7873,서울특별시 광진구청,2025-12-23
자양1동462,1,,서울특별시 광진구 자양동 634-17,37.5326862864,127.0808601793,,전용주,02-450-7873,서울특별시 광진구청,2025-12-23
자양1동463,1,,서울특별시 광진구 자양동 634-17,37.53268628,127.0808269,,한전주,02-450-7873,서울특별시 광진구청,2025-12-23
자양1동464,1,,서울특별시 광진구 자양동 634-25,37.5327279536,127.0805366467,,건축물,02-450-7873,서울특별시 광진구청,2025-12-23
자양1동465,1,,서울특별시 광진구 자양동 634-23,37.5328515951,127.0803688811,,건축물,02-450-7873,서울특별시 광진구청,2025-12-23
자양1동466,1,,서울특별시 광진구 자양1동 720,37.5325417,127.0806876,,한전주,02-450-7873,서울특별시 광진구청,2025-12-23
자양1동467,1,,서울특별시 광진구 자양1동 635-36,37.5324236,127.0805646,,한전주,02-450-7873,서울특별시 광진구청,2025-12-23
자양1동468,1,,서울특별시 광진구 자양동 635-38,37.53228217,127.0803701092,,건축물,02-450-7873,서울특별시 광진구청,2025-12-23
자양1동469,1,,서울특별시 광진구 자양동 635-4,37.5323547613,127.0802685599,,건축물,02-450-7873,서울특별시 광진구청,2025-12-23
자양1동470,1,,서울특별시 광진구 자양1동 635-4,37.5325115,127.0802694,,한전주,02-450-7873,서울특별시 광진구청,2025-12-23
자양1동471,1,,서울특별시 광진구 자양동 634-34,37.532667205,127.0804354352,,전용주,02-450-7873,서울특별시 광진구청,2025-12-23
자양1동472,1,,서울특별시 광진구 자양동 635-20,37.5319533557,127.0802546,,한전주,02-450-7873,서울특별시 광진구청,2025-12-23
자양1동473,1,,서울특별시 광진구 자양동 635-15,37.5319089113,127.0804406,,건축물,02-450-7873,서울특별시 광진구청,2025-12-23
자양1동474,1,,서울특별시 광진구 자양동 635-10,37.53212717,127.0811436,,한전주,02-450-7873,서울특별시 광진구청,2025-12-23
자양1동475,1,,서울특별시 광진구 자양동 635-10,37.5321118148,127.0811237,,건축물,02-450-7873,서울특별시 광진구청,2025-12-23
자양1동476,1,,서울특별시 광진구 자양동 635-9,37.5321741837,127.0809288,,건축물,02-450-7873,서울특별시 광진구청,2025-12-23
자양1동477,1,,서울특별시 광진구 자양동 633-14,37.5322574773,127.0811496,,건축물,02-450-7873,서울특별시 광진구청,2025-12-23
자양1동478,1,,서울특별시 광진구 자양동 730-1,37.5320628093,127.0817547721,,,02-450-7873,서울특별시 광진구청,2025-12-23
자양1동479,1,,서울특별시 광진구 자양동 633-10,37.5323968061,127.0813666,,한전주,02-450-7873,서울특별시 광진구청,2025-12-23
자양1동480,1,,서울특별시 광진구 자양동 633-10,37.5323968061,127.0813685374,,건축물,02-450-7873,서울특별시 광진구청,2025-12-23
자양1동481,1,,서울특별시 광진구 자양동 633-3,37.53265517,127.0816336,,한전주,02-450-7873,서울특별시 광진구청,2025-12-23
자양1동482,1,,서울특별시 광진구 자양동 654-21,37.53238417,127.0815462882,,건축물,02-450-7873,서울특별시 광진구청,2025-12-23
자양1동483,1,,서울특별시 광진구 자양동 654-27,37.5321931777,127.0816327201,,건축물,02-450-7873,서울특별시 광진구청,2025-12-23
자양1동484,1,,서울특별시 광진구 자양동 632-27,37.53289917,127.0818922027,,한전주,02-450-7873,서울특별시 광진구청,2025-12-23
자양1동485,1,,서울특별시 광진구 자양동 655-14,37.5328738851,127.0822801657,,,02-450-7873,서울특별시 광진구청,2025-12-23
자양1동486,1,,서울특별시 광진구 자양동 632-14,37.53317017,127.0821954803,,한전주,02-450-7873,서울특별시 광진구청,2025-12-23
자양1동487,1,,서울특별시 광진구 자양동 655-10,37.5329128729,127.0824459576,,건축물,02-450-7873,서울특별시 광진구청,2025-12-23
자양1동488,1,,서울특별시 광진구 자양동 655-9,37.5329901689,127.0823309799,,,02-450-7873,서울특별시 광진구청,2025-12-23
자양1동489,1,,서울특별시 광진구 자양동 632-13,37.5332474719,127.0822344151,,한전주,02-450-7873,서울특별시 광진구청,2025-12-23
자양1동490,1,,서울특별시 광진구 자양1동 721,37.533646,127.0827849,,한전주,02-450-7873,서울특별시 광진구청,2025-12-23
자양1동491,1,,서울특별시 광진구 자양동 721,37.5330971242,127.0842960815,,한전주,02-450-7873,서울특별시 광진구청,2025-12-23
자양1동492,1,,서울특별시 광진구 자양동 655-2,37.5331334214,127.0828983,,한전주,02-450-7873,서울특별시 광진구청,2025-12-23
자양1동493,1,,서울특별시 광진구 자양동 656-8,37.533341371,127.0831141811,,건축물,02-450-7873,서울특별시 광진구청,2025-12-23
자양1동494,1,,서울특별시 광진구 자양동 656-27,37.5330403745,127.0832026615,,전용주,02-450-7873,서울특별시 광진구청,2025-12-23
자양1동495,1,,서울특별시 광진구 자양1동 655-33,37.53305521,127.0831024,,한전주,02-450-7873,서울특별시 광진구청,2025-12-23
자양1동496,1,,서울특별시 광진구 자양동 656-30,37.53309017,127.0834117043,,전용주,02-450-7873,서울특별시 광진구청,2025-12-23
자양1동497,1,,서울특별시 광진구 자양동 655-33,37.5328562378,127.0830072221,,전용주,02-450-7873,서울특별시 광진구청,2025-12-23
자양1동498,1,,서울특별시 광진구 자양동 659-3,37.532798226,127.0836554015,,한전주,02-450-7873,서울특별시 광진구청,2025-12-23
자양1동499,1,,서울특별시 광진구 자양동 659-4,37.5328324584,127.0837904147,,한전주,02-450-7873,서울특별시 광진구청,2025-12-23
자양1동500,1,,서울특별시 광진구 자양1동 657-33,37.5331163,127.083894,,,02-450-7873,서울특별시 광진구청,2025-12-23
자양1동501,1,,서울특별시 광진구 자양동 656-20,37.5331138235,127.0836879987,,한전주,02-450-7873,서울특별시 광진구청,2025-12-23
자양1동502,1,,서울특별시 광진구 자양동 656-15,37.5334349985,127.0836537,,한전주,02-450-7873,서울특별시 광진구청,2025-12-23
자양1동503,1,,서울특별시 광진구 자양동 657-13,37.5335146673,127.0840116,,건축물,02-450-7873,서울특별시 광진구청,2025-12-23
자양1동504,1,,서울특별시 광진구 자양동 658-1,37.5329087682,127.0841986,,한전주,02-450-7873,서울특별시 광진구청,2025-12-23
자양1동505,1,,서울특별시 광진구 자양동 657-32,37.53317617,127.0840400871,,,02-450-7873,서울특별시 광진구청,2025-12-23
자양1동506,1,,서울특별시 광진구 자양동 657-12,37.5334729552,127.0839976,,건축물,02-450-7873,서울특별시 광진구청,2025-12-23
자양1동507,1,,서울특별시 광진구 자양동 657-14,37.5335362034,127.0842906,,건축물,02-450-7873,서울특별시 광진구청,2025-12-23
자양1동508,1,,서울특별시 광진구 자양동 658-5,37.5330574636,127.0843875904,,한전주,02-450-7873,서울특별시 광진구청,2025-12-23
자양1동509,1,,서울특별시 광진구 자양1동 659-5,37.5327834,127.0839659,,한전주,02-450-7873,서울특별시 광진구청,2025-12-23
자양1동510,1,,서울특별시 광진구 자양1동 659-21,37.5325767,127.0840363,,한전주,02-450-7873,서울특별시 광진구청,2025-12-23
자양1동511,1,,서울특별시 광진구 자양동 659-28,37.5322686109,127.0840457027,,건축물,02-450-7873,서울특별시 광진구청,2025-12-23
자양1동512,1,,서울특별시 광진구 자양동 731-4,37.5322881,127.0841969377,,,02-450-7873,서울특별시 광진구청,2025-12-23
자양1동513,1,,서울특별시 광진구 자양동 659-18,37.5323881904,127.0837685345,,건축물,02-450-7873,서울특별시 광진구청,2025-12-23
자양1동514,1,,서울특별시 광진구 자양동 659-18,37.5323881904,127.0837685345,,한전주,02-450-7873,서울특별시 광진구청,2025-12-23
자양1동515,1,,서울특별시 광진구 자양동 659-3,37.53277793,127.083633,,건축물,02-450-7873,서울특별시 광진구청,2025-12-23
자양1동516,1,,서울특별시 광진구 자양동 661-18,37.5320058785,127.0836657171,,한전주,02-450-7873,서울특별시 광진구청,2025-12-23
자양1동517,1,,서울특별시 광진구 자양1동 661-17,37.5323492,127.0836084,,한전주,02-450-7873,서울특별시 광진구청,2025-12-23
자양1동518,1,,서울특별시 광진구 자양동 660-15,37.532429278,127.0833837963,,한전주,02-450-7873,서울특별시 광진구청,2025-12-23
자양1동519,1,,서울특별시 광진구 자양1동 660-12,37.532787,127.0832644,,한전주,02-450-7873,서울특별시 광진구청,2025-12-23
자양1동520,1,,서울특별시 광진구 자양동 660-9,37.5324541775,127.0830166,,건축물,02-450-7873,서울특별시 광진구청,2025-12-23
자양1동521,1,,서울특별시 광진구 자양동 660-5,37.5324268294,127.0828256,,한전주,02-450-7873,서울특별시 광진구청,2025-12-23
자양1동522,1,,서울특별시 광진구 자양동 655-28,37.5327473243,127.0826246482,,한전주,02-450-7873,서울특별시 광진구청,2025-12-23
자양1동523,1,,서울특별시 광진구 자양동 655-35,37.5328929077,127.0827296,,건축물,02-450-7873,서울특별시 광진구청,2025-12-23
자양1동524,1,,서울특별시 광진구 자양동 655-2,37.53315817,127.0828626,,한전주,02-450-7873,서울특별시 광진구청,2025-12-23
자양1동525,1,,서울특별시 광진구 자양동 655-24,37.53258317,127.0826186,,전용주,02-450-7873,서울특별시 광진구청,2025-12-23
자양1동526,1,,서울특별시 광진구 자양동 655-18,37.53269717,127.0821526,,한전주,02-450-7873,서울특별시 광진구청,2025-12-23
자양1동527,1,,서울특별시 광진구 자양동 654-3,37.5323762702,127.0820097839,,건축물,02-450-7873,서울특별시 광진구청,2025-12-23
자양1동528,1,,서울특별시 광진구 자양동 654-14,37.53228217,127.0820600635,,전용주,02-450-7873,서울특별시 광진구청,2025-12-23
자양1동529,1,,서울특별시 광진구 자양동 653-18,37.5319759201,127.081670837,,,02-450-7873,서울특별시 광진구청,2025-12-23
자양1동530,1,,서울특별시 광진구 자양동 730-1,37.5320628093,127.0817547721,,건축물,02-450-7873,서울특별시 광진구청,2025-12-23
자양1동531,1,,서울특별시 광진구 자양동 653-8,37.53194817,127.0814538986,,,02-450-7873,서울특별시 광진구청,2025-12-23
자양1동532,1,,서울특별시 광진구 자양동 653-22,37.5316146949,127.0818210289,,건축물,02-450-7873,서울특별시 광진구청,2025-12-23
자양1동533,1,,서울특별시 광진구 자양동 653-26,37.5319360438,127.0820437,,한전주,02-450-7873,서울특별시 광진구청,2025-12-23
자양1동534,1,,서울특별시 광진구 자양동 653-26,37.53199017,127.0820059077,,건축물,02-450-7873,서울특별시 광진구청,2025-12-23
자양1동535,1,,서울특별시 광진구 자양동 653-27,37.53187617,127.0820155298,,,02-450-7873,서울특별시 광진구청,2025-12-23
자양1동536,1,,서울특별시 광진구 자양동 653-41,37.53175917,127.0823589911,,한전주,02-450-7873,서울특별시 광진구청,2025-12-23
자양1동537,1,,서울특별시 광진구 자양동 661-1,37.53189217,127.0825707089,,건축물,02-450-7873,서울특별시 광진구청,2025-12-23
자양1동538,1,,서울특별시 광진구 자양동 661-32,37.5317622819,127.0829566,,건축물,02-450-7873,서울특별시 광진구청,2025-12-23
자양1동539,1,,서울특별시 광진구 자양1동 661-4,37.532135,127.0827609,,한전주,02-450-7873,서울특별시 광진구청,2025-12-23
자양1동540,1,,서울특별시 광진구 자양동 731-1,37.5319803514,127.0824102,,한전주,02-450-7873,서울특별시 광진구청,2025-12-23
자양1동541,1,,서울특별시 광진구 자양동 654-16,37.5323516794,127.0822594534,,한전주,02-450-7873,서울특별시 광진구청,2025-12-23
자양1동542,1,,서울특별시 광진구 자양1동 661-11,37.5322028,127.0831495,,한전주,02-450-7873,서울특별시 광진구청,2025-12-23
자양1동543,1,,서울특별시 광진구 자양동 660-23,37.5322781652,127.0828930604,,건축물,02-450-7873,서울특별시 광진구청,2025-12-23
자양1동544,1,,서울특별시 광진구 자양동 661-12,37.5319688391,127.0832706,,건축물,02-450-7873,서울특별시 광진구청,2025-12-23
자양1동545,1,,서울특별시 광진구 자양1동 731-1,37.5323269,127.0833136,,건축물,02-450-7873,서울특별시 광진구청,2025-12-23
자양1동546,1,,서울특별시 광진구 자양동 660-18,37.532289596,127.0832486,,건축물,02-450-7873,서울특별시 광진구청,2025-12-23
자양1동548,1,,서울특별시 광진구 자양동 628-22,37.53426417,127.0838630135,,한전주,02-450-7873,서울특별시 광진구청,2025-12-23
자양1동549,1,,서울특별시 광진구 자양동 628-21,37.5343320725,127.0838896,,한전주,02-450-7873,서울특별시 광진구청,2025-12-23
자양1동550,1,,서울특별시 광진구 자양동 628-19,37.53464917,127.0836943301,,한전주,02-450-7873,서울특별시 광진구청,2025-12-23
자양1동555,1,,서울특별시 광진구 자양동 805-5,37.535540342,127.0772932521,,건축물,02-450-7873,서울특별시 광진구청,2025-12-23
자양1동556,1,,서울특별시 광진구 자양동 225-81,37.53879129,127.0782082,,한전주,02-450-7873,서울특별시 광진구청,2025-12-23
자양1동557,1,,서울특별시 광진구 자양동 632-29,37.5330097075,127.0817011543,,,02-450-7873,서울특별시 광진구청,2025-12-23
자양1동558,1,,서울특별시 광진구 자양동 225-58,37.5391933665,127.076166,,한전주,02-450-7873,서울특별시 광진구청,2025-12-23
자양1동559,1,,서울특별시 광진구 자양동 219-14,37.53653889,127.0815108,,한전주,02-450-7873,서울특별시 광진구청,2025-12-23
자양1동560,1,,서울특별시 광진구 자양동 721,37.5330971242,127.0842960815,,한전주,02-450-7873,서울특별시 광진구청,2025-12-23
자양1동562,1,,서울특별시 광진구 자양동 660-27,37.5321384897,127.0825145,,한전주,02-450-7873,서울특별시 광진구청,2025-12-23
자양1동563,1,,서울특별시 광진구 자양동 631-10,37.5337907816,127.0818364174,,건축물,02-450-7873,서울특별시 광진구청,2025-12-23
자양1동564,1,,서울특별시 광진구 자양동 661-15,37.5320117993,127.0834474807,,건축물,02-450-7873,서울특별시 광진구청,2025-12-23
자양1동565,1,,서울특별시 광진구 자양동 775-10,37.5377681596,127.0807978,,전용주,02-450-7873,서울특별시 광진구청,2025-12-23
자양1동566,1,,서울특별시 광진구 자양동 625-2,37.5353139324,127.081143,,,02-450-7873,서울특별시 광진구청,2025-12-23
자양1동567,1,,서울특별시 광진구 자양동 657-34,37.5332883364,127.0840596,,건축물,02-450-7873,서울특별시 광진구청,2025-12-23
자양1동568,1,,서울특별시 광진구 자양동 624-20,37.5354462435,127.0824381093,,건축물,02-450-7873,서울특별시 광진구청,2025-12-23
자양1동569,1,,서울특별시 광진구 자양동 612-25,37.5347549,127.078064,,건축물,02-450-7873,서울특별시 광진구청,2025-12-23
자양1동570,1,,서울특별시 광진구 자양동 619-4,37.5333808,127.0789799,,,02-450-7873,서울특별시 광진구청,2025-12-23
자양1동571,1,,서울특별시 광진구 자양동 229-60,37.5356938113,127.0782729,,한전주,02-450-7873,서울특별시 광진구청,2025-12-23
자양1동572,1,,서울특별시 광진구 자양동 631-17,37.5335616085,127.0816258,,,02-450-7873,서울특별시 광진구청,2025-12-23
자양1동573,1,,서울특별시 광진구 자양동 229-43,37.5352631323,127.0782323437,,한전주,02-450-7873,서울특별시 광진구청,2025-12-23
자양1동574,1,,서울특별시 광진구 자양동 610-37,37.5341912809,127.0768682591,,한전주,02-450-7873,서울특별시 광진구청,2025-12-23
자양1동575,1,,서울특별시 광진구 자양동 229-14,37.5354252157,127.0778271849,,,02-450-7873,서울특별시 광진구청,2025-12-23
자양1동576,1,,서울특별시 광진구 자양동 798-10,37.536959,127.0773995814,,건축물,02-450-7873,서울특별시 광진구청,2025-12-23
자양1동577,1,,서울특별시 광진구 자양동 628-27,37.5343323569,127.083920229,,전용주,02-450-7873,서울특별시 광진구청,2025-12-23
자양1동578,1,,서울특별시 광진구 자양동 715-1,37.534504551,127.0843343,,한전주,02-450-7873,서울특별시 광진구청,2025-12-23
자양2동690,1,,서울특별시 광진구 자양동 690,37.5313247787,127.0880375,,한전주,02-450-7873,서울특별시 광진구청,2025-12-23
자양2동001,1,,서울특별시 광진구 자양동 216-20,37.5364443797,127.0843106216,,한전주,02-450-7873,서울특별시 광진구청,2025-12-23
자양2동002,1,,서울특별시 광진구 자양동 680-7,37.53612545,127.0843453,,,02-450-7873,서울특별시 광진구청,2025-12-23
자양2동003,1,,서울특별시 광진구 자양동 216-11,37.53641617,127.0844516,,한전주,02-450-7873,서울특별시 광진구청,2025-12-23
자양2동004,1,,서울특별시 광진구 자양동 216-11,37.53645317,127.0844867747,,한전주,02-450-7873,서울특별시 광진구청,2025-12-23
자양2동005,1,,서울특별시 광진구 자양동 680-20,37.5363701967,127.0852319868,,한전주,02-450-7873,서울특별시 광진구청,2025-12-23
자양2동006,1,,서울특별시 광진구 자양동 680-18,37.5362525874,127.0852216,,전용주,02-450-7873,서울특별시 광진구청,2025-12-23
자양2동007,1,,서울특별시 광진구 자양2동 680-63,37.53570417,127.0894026,,한전주,02-450-7873,서울특별시 광진구청,2025-12-23
자양2동008,1,,서울특별시 광진구 자양동 694-2,37.5335549703,127.0896798329,,,02-450-7873,서울특별시 광진구청,2025-12-23
자양2동009,1,,서울특별시 광진구 자양동 694-3,37.5334574441,127.0890153575,,한전주,02-450-7873,서울특별시 광진구청,2025-12-23
자양2동010,1,,서울특별시 광진구 자양동 683-5,37.5333241111,127.0881544308,,한전주,02-450-7873,서울특별시 광진구청,2025-12-23
자양2동011,1,,서울특별시 광진구 자양동 680-81,37.5348391173,127.0875845066,,한전주,02-450-7873,서울특별시 광진구청,2025-12-23
자양2동012,1,,서울특별시 광진구 자양동 680-63,37.5374691092,127.0888282301,,전용주,02-450-7873,서울특별시 광진구청,2025-12-23
자양2동013,1,,서울특별시 광진구 자양동 680-63,37.5374691092,127.0888282301,,전용주,02-450-7873,서울특별시 광진구청,2025-12-23
자양2동014,1,,서울특별시 광진구 자양동 694-2,37.5335549703,127.0896798329,,,02-450-7873,서울특별시 광진구청,2025-12-23
자양2동015,1,,서울특별시 광진구 자양동 680-63,37.5374691092,127.0888282301,,전용주,02-450-7873,서울특별시 광진구청,2025-12-23
자양2동016,1,,서울특별시 광진구 자양동 680-63,37.5374691092,127.0888282301,,전용주,02-450-7873,서울특별시 광진구청,2025-12-23
자양2동017,1,,서울특별시 광진구 자양동 680-63,37.5374691092,127.0888282301,,전용주,02-450-7873,서울특별시 광진구청,2025-12-23
자양2동018,1,,서울특별시 광진구 자양동 680-81,37.5348391173,127.0875845066,,,02-450-7873,서울특별시 광진구청,2025-12-23
자양2동019,1,,서울특별시 광진구 자양동 680-54,37.5332591238,127.0873395215,,한전주,02-450-7873,서울특별시 광진구청,2025-12-23
자양2동020,1,,서울특별시 광진구 자양동 680-55,37.5333746847,127.087268265,,전용주,02-450-7873,서울특별시 광진구청,2025-12-23
자양2동021,1,,서울특별시 광진구 자양동 680-59,37.533641782,127.0873351027,,한전주,02-450-7873,서울특별시 광진구청,2025-12-23
자양2동022,1,,서울특별시 광진구 자양동 680-53,37.53325317,127.0872066,,한전주,02-450-7873,서울특별시 광진구청,2025-12-23
자양2동023,1,,서울특별시 광진구 자양동 680-52,37.53339517,127.0871256,,전용주,02-450-7873,서울특별시 광진구청,2025-12-23
자양2동024,1,,서울특별시 광진구 자양동 680-46,37.5332748851,127.0869816787,,한전주,02-450-7873,서울특별시 광진구청,2025-12-23
자양2동025,1,,서울특별시 광진구 자양동 680-44,37.5331460941,127.0869796,,건축물,02-450-7873,서울특별시 광진구청,2025-12-23
자양2동026,1,,서울특별시 광진구 자양동 680-44,37.5331460941,127.08691093,,건축물,02-450-7873,서울특별시 광진구청,2025-12-23
자양2동027,1,,서울특별시 광진구 자양동 680-39,37.5333774466,127.086576191,,,02-450-7873,서울특별시 광진구청,2025-12-23
자양2동028,1,,서울특별시 광진구 자양동 680-41,37.5334337289,127.086740196,,건축물,02-450-7873,서울특별시 광진구청,2025-12-23
자양2동029,1,,서울특별시 광진구 자양동 680-34,37.5329838988,127.086563517,,건축물,02-450-7873,서울특별시 광진구청,2025-12-23
자양2동030,1,,서울특별시 광진구 자양동 680-33,37.5330878292,127.0865020893,,건축물,02-450-7873,서울특별시 광진구청,2025-12-23
자양2동031,1,,서울특별시 광진구 자양동 680-32,37.5331832879,127.0864437063,,,02-450-7873,서울특별시 광진구청,2025-12-23
자양2동032,1,,서울특별시 광진구 자양동 680-31,37.5332974728,127.0864053705,,전용주,02-450-7873,서울특별시 광진구청,2025-12-23
자양2동033,1,,서울특별시 광진구 자양동 680-76,37.533017539,127.0861876,,한전주,02-450-7873,서울특별시 광진구청,2025-12-23
자양2동034,1,,서울특별시 광진구 자양동 680-77,37.5328808937,127.0862222832,,한전주,02-450-7873,서울특별시 광진구청,2025-12-23
자양2동035,1,,서울특별시 광진구 자양동 680-73,37.5329097318,127.0858429605,,한전주,02-450-7873,서울특별시 광진구청,2025-12-23
자양2동036,1,,서울특별시 광진구 자양동 680-73,37.5329097318,127.0858656,,한전주,02-450-7873,서울특별시 광진구청,2025-12-23
자양2동037,1,,서울특별시 광진구 자양동 681-2,37.5325105216,127.0858736,,건축물,02-450-7873,서울특별시 광진구청,2025-12-23
자양2동039,1,,서울특별시 광진구 자양동 682-15,37.532886969,127.0870295386,,한전주,02-450-7873,서울특별시 광진구청,2025-12-23
자양2동040,1,,서울특별시 광진구 자양동 682-31,37.53296972,127.0874596,,건축물,02-450-7873,서울특별시 광진구청,2025-12-23
자양2동041,1,,서울특별시 광진구 자양동 682-34,37.53289917,127.0875146,,건축물,02-450-7873,서울특별시 광진구청,2025-12-23
자양2동042,1,,서울특별시 광진구 자양동 682-21,37.532642278,127.0874890506,,한전주,02-450-7873,서울특별시 광진구청,2025-12-23
자양2동043,1,,서울특별시 광진구 자양동 682-20,37.532586224,127.0873666,,한전주,02-450-7873,서울특별시 광진구청,2025-12-23
자양2동044,1,,서울특별시 광진구 자양동 682-6,37.5326182189,127.0868820327,,,02-450-7873,서울특별시 광진구청,2025-12-23
자양2동045,1,,서울특별시 광진구 자양동 682-41,37.5327980566,127.0868848435,,한전주,02-450-7873,서울특별시 광진구청,2025-12-23
자양2동046,1,,서울특별시 광진구 자양동 682-40,37.53276117,127.0867709738,,,02-450-7873,서울특별시 광진구청,2025-12-23
자양2동048,1,,서울특별시 광진구 자양동 681-23,37.532451159,127.0862871826,,,02-450-7873,서울특별시 광진구청,2025-12-23
자양2동049,1,,서울특별시 광진구 자양동 681-5,37.5326954042,127.0863476,,전용주,02-450-7873,서울특별시 광진구청,2025-12-23
자양2동050,1,,서울특별시 광진구 자양동 681-24,37.5325478109,127.0864452356,,한전주,02-450-7873,서울특별시 광진구청,2025-12-23
자양2동051,1,,서울특별시 광진구 자양동 681-25,37.53248317,127.0865343599,,전용주,02-450-7873,서울특별시 광진구청,2025-12-23
자양2동052,1,,서울특별시 광진구 자양동 681-27,37.5323846573,127.0864886,,건축물,02-450-7873,서울특별시 광진구청,2025-12-23
자양2동053,1,,서울특별시 광진구 자양동 681-28,37.53237017,127.0862146,,한전주,02-450-7873,서울특별시 광진구청,2025-12-23
자양2동055,1,,서울특별시 광진구 자양동 682-10,37.53242917,127.0869554448,,한전주,02-450-7873,서울특별시 광진구청,2025-12-23
자양2동056,1,,서울특별시 광진구 자양동 681-33,37.5322050865,127.0866687406,,한전주,02-450-7873,서울특별시 광진구청,2025-12-23
자양2동057,1,,서울특별시 광진구 자양동 681-45,37.53220085,127.0864834598,,,02-450-7873,서울특별시 광진구청,2025-12-23
자양2동058,1,,서울특별시 광진구 자양동 685,37.5316187818,127.0864547983,,한전주,02-450-7873,서울특별시 광진구청,2025-12-23
자양2동059,1,,서울특별시 광진구 자양동 685,37.5316187818,127.0864547983,,한전주,02-450-7873,서울특별시 광진구청,2025-12-23
자양2동060,1,,서울특별시 광진구 자양동 685-14,37.5317645349,127.08673996,,한전주,02-450-7873,서울특별시 광진구청,2025-12-23
자양2동061,1,,서울특별시 광진구 자양동 685-40,37.5319126076,127.0869330313,,전용주,02-450-7873,서울특별시 광진구청,2025-12-23
자양2동062,1,,서울특별시 광진구 자양동 685-20,37.5319472266,127.0872676,,한전주,02-450-7873,서울특별시 광진구청,2025-12-23
자양2동063,1,,서울특별시 광진구 자양동 685-29,37.53228772,127.0874154267,,한전주,02-450-7873,서울특별시 광진구청,2025-12-23
자양2동064,1,,서울특별시 광진구 자양동 685-27,37.53227317,127.0874378533,,건축물,02-450-7873,서울특별시 광진구청,2025-12-23
자양2동065,1,,서울특별시 광진구 자양동 685-35,37.53238617,127.0876696,,건축물,02-450-7873,서울특별시 광진구청,2025-12-23
자양2동066,1,,서울특별시 광진구 자양동 683-30,37.53282693,127.0878882,,전용주,02-450-7873,서울특별시 광진구청,2025-12-23
자양2동067,1,,서울특별시 광진구 자양동 683-30,37.5328454387,127.0878733954,,한전주,02-450-7873,서울특별시 광진구청,2025-12-23
자양2동068,1,,서울특별시 광진구 자양동 683-16,37.5330686849,127.0877496,,한전주,02-450-7873,서울특별시 광진구청,2025-12-23
자양2동069,1,,서울특별시 광진구 자양동 683-16,37.5330686849,127.0877814486,,한전주,02-450-7873,서울특별시 광진구청,2025-12-23
자양2동070,1,,서울특별시 광진구 자양동 683-28,37.5329352408,127.088152276,,한전주,02-450-7873,서울특별시 광진구청,2025-12-23
자양2동071,1,,서울특별시 광진구 자양동 683-14,37.5331528185,127.0880502538,,한전주,02-450-7873,서울특별시 광진구청,2025-12-23
자양2동072,1,,서울특별시 광진구 자양동 683-3,37.5332859442,127.0879860338,,건축물,02-450-7873,서울특별시 광진구청,2025-12-23
자양2동073,1,,서울특별시 광진구 자양동  683-7,37.5332636,127.0884491,,,02-450-7873,서울특별시 광진구청,2025-12-23
자양2동074,1,,서울특별시 광진구 자양동 683-25,37.53307517,127.0885166,,한전주,02-450-7873,서울특별시 광진구청,2025-12-23
자양2동076,1,,서울특별시 광진구 자양동 684-22,37.5324321027,127.0880026,,전용주,02-450-7873,서울특별시 광진구청,2025-12-23
자양2동077,1,,서울특별시 광진구 자양동 686-52,37.5321498099,127.0879626,,한전주,02-450-7873,서울특별시 광진구청,2025-12-23
자양2동078,1,,서울특별시 광진구 자양동 685-25,37.53216117,127.0876489234,,한전주,02-450-7873,서울특별시 광진구청,2025-12-23
자양2동079,1,,서울특별시 광진구 자양동 733-1,37.5317370391,127.0872510452,,한전주,02-450-7873,서울특별시 광진구청,2025-12-23
자양2동080,1,,서울특별시 광진구 자양동 686-24,37.531587777,127.0872236,,한전주,02-450-7873,서울특별시 광진구청,2025-12-23
자양2동081,1,,서울특별시 광진구 자양동 686-23,37.5315203804,127.0871286176,,한전주,02-450-7873,서울특별시 광진구청,2025-12-23
자양2동082,1,,서울특별시 광진구 자양동 686,37.5310915358,127.0867963145,,한전주,02-450-7873,서울특별시 광진구청,2025-12-23
자양2동083,1,,서울특별시 광진구 자양동 686-19,37.53136817,127.0873646,,건축물,02-450-7873,서울특별시 광진구청,2025-12-23
자양2동084,1,,서울특별시 광진구 자양동 686-34,37.53156117,127.0875166,,건축물,02-450-7873,서울특별시 광진구청,2025-12-23
자양2동085,1,,서울특별시 광진구 자양동 686-35,37.5315933351,127.0876074114,,한전주,02-450-7873,서울특별시 광진구청,2025-12-23
자양2동086,1,,서울특별시 광진구 자양동 686-44,37.5314847585,127.0879396,,건축물,02-450-7873,서울특별시 광진구청,2025-12-23
자양2동087,1,,서울특별시 광진구 자양동 686-46,37.5316975169,127.0879359713,,전용주,02-450-7873,서울특별시 광진구청,2025-12-23
자양2동088,1,,서울특별시 광진구 자양동 686-47,37.5318058139,127.0879403976,,한전주,02-450-7873,서울특별시 광진구청,2025-12-23
자양2동089,1,,서울특별시 광진구 자양동 686-50,37.5318466946,127.0877313672,,전용주,02-450-7873,서울특별시 광진구청,2025-12-23
자양2동090,1,,서울특별시 광진구 자양동 687,37.5321609363,127.0881313392,,한전주,02-450-7873,서울특별시 광진구청,2025-12-23
자양2동091,1,,서울특별시 광진구 자양동 687-3,37.5321843001,127.0884146,,한전주,02-450-7873,서울특별시 광진구청,2025-12-23
자양2동092,1,,서울특별시 광진구 자양동 684-19,37.5325781619,127.0882893193,,건축물,02-450-7873,서울특별시 광진구청,2025-12-23
자양2동093,1,,서울특별시 광진구 자양동 687-10,37.53219217,127.088269879,,건축물,02-450-7873,서울특별시 광진구청,2025-12-23
자양2동094,1,,서울특별시 광진구 자양동 687-4,37.5322821373,127.0885910496,,건축물,02-450-7873,서울특별시 광진구청,2025-12-23
자양2동095,1,,서울특별시 광진구 자양동 733-1,37.5317370391,127.0872510452,,건축물,02-450-7873,서울특별시 광진구청,2025-12-23
자양2동096,1,,서울특별시 광진구 자양동 687-3,37.5321843001,127.0884028,,한전주,02-450-7873,서울특별시 광진구청,2025-12-23
자양2동097,1,,서울특별시 광진구 자양동 687-13,37.532165931,127.0888786,,건축물,02-450-7873,서울특별시 광진구청,2025-12-23
자양2동098,1,,서울특별시 광진구 자양동 693,37.5322195902,127.0901621261,,한전주,02-450-7873,서울특별시 광진구청,2025-12-23
자양2동099,1,,서울특별시 광진구 자양동 693,37.5322195902,127.0901621261,,한전주,02-450-7873,서울특별시 광진구청,2025-12-23
자양2동100,1,,서울특별시 광진구 자양동 684-17,37.5325888665,127.0885531715,,건축물,02-450-7873,서울특별시 광진구청,2025-12-23
자양2동101,1,,서울특별시 광진구 자양동 694-1,37.5333960439,127.089785089,,한전주,02-450-7873,서울특별시 광진구청,2025-12-23
자양2동102,1,,서울특별시 광진구 자양동 694-1,37.5333960439,127.089785089,,한전주,02-450-7873,서울특별시 광진구청,2025-12-23
자양2동103,1,,서울특별시 광진구 자양동 694-1,37.53330117,127.089785089,,한전주,02-450-7873,서울특별시 광진구청,2025-12-23
자양2동104,1,,서울특별시 광진구 구의동 596-1,37.5336466464,127.0903309523,,전용주,02-450-7873,서울특별시 광진구청,2025-12-23
자양2동105,1,,서울특별시 광진구 구의동 596-1,37.5336466464,127.0903309523,,전용주,02-450-7873,서울특별시 광진구청,2025-12-23
자양2동106,1,,서울특별시 광진구 구의동 596,37.5338280238,127.0902053587,,전용주,02-450-7873,서울특별시 광진구청,2025-12-23
자양2동107,1,,서울특별시 광진구 자양동 695,37.5322597934,127.0909086,,전용주,02-450-7873,서울특별시 광진구청,2025-12-23
자양2동108,1,,서울특별시 광진구 구의동 598,37.5336666382,127.0912819215,,전용주,02-450-7873,서울특별시 광진구청,2025-12-23
자양2동109,1,,서울특별시 광진구 자양동 695,37.5322597934,127.090960365,,한전주,02-450-7873,서울특별시 광진구청,2025-12-23
자양2동110,1,,서울특별시 광진구 자양동 694-1,37.5333960439,127.089785089,,한전주,02-450-7873,서울특별시 광진구청,2025-12-23
자양2동111,1,,서울특별시 광진구 자양동 693,37.5322195902,127.0901756,,한전주,02-450-7873,서울특별시 광진구청,2025-12-23
자양2동112,1,,서울특별시 광진구 자양동 693,37.5322195902,127.0901621261,,전용주,02-450-7873,서울특별시 광진구청,2025-12-23
자양2동113,1,,서울특별시 광진구 자양동 693,37.5322195902,127.0901621261,,한전주,02-450-7873,서울특별시 광진구청,2025-12-23
자양2동114,1,,서울특별시 광진구 자양동 693,37.5322195902,127.0901621261,,한전주,02-450-7873,서울특별시 광진구청,2025-12-23
자양2동115,1,,서울특별시 광진구 자양동 695,37.5322597934,127.090960365,,한전주,02-450-7873,서울특별시 광진구청,2025-12-23
자양2동116,1,,서울특별시 광진구 자양동 695,37.5322597934,127.090960365,,전용주,02-450-7873,서울특별시 광진구청,2025-12-23
자양2동117,1,,서울특별시 광진구 자양동 695,37.5322597934,127.0909866,,전용주,02-450-7873,서울특별시 광진구청,2025-12-23
자양2동118,1,,서울특별시 광진구 자양동 695,37.5322597934,127.090960365,,전용주,02-450-7873,서울특별시 광진구청,2025-12-23
자양2동119,1,,서울특별시 광진구 자양동 695-1,37.5322597934,127.090960365,,전용주,02-450-7873,서울특별시 광진구청,2025-12-23
자양2동120,1,,서울특별시 광진구 자양동 693,37.5322195902,127.0901621261,,전용주,02-450-7873,서울특별시 광진구청,2025-12-23
자양2동121,1,,서울특별시 광진구 자양동 693,37.5322195902,127.0901621261,,한전주,02-450-7873,서울특별시 광진구청,2025-12-23
자양2동122,1,,서울특별시 광진구 자양동 693,37.5322195902,127.0901621261,,전용주,02-450-7873,서울특별시 광진구청,2025-12-23
자양2동123,1,,서울특별시 광진구 자양동 693,37.5322195902,127.0901621261,,한전주,02-450-7873,서울특별시 광진구청,2025-12-23
자양2동124,1,,서울특별시 광진구 자양동 695,37.5322597934,127.090960365,,전용주,02-450-7873,서울특별시 광진구청,2025-12-23
자양2동125,1,,서울특별시 광진구 자양동 692,37.5311232361,127.089234331,,한전주,02-450-7873,서울특별시 광진구청,2025-12-23
자양2동126,1,,서울특별시 광진구 자양동 692,37.5311232361,127.089234331,,전용주,02-450-7873,서울특별시 광진구청,2025-12-23
자양2동127,1,,서울특별시 광진구 자양동 692,37.5311232361,127.089234331,,한전주,02-450-7873,서울특별시 광진구청,2025-12-23
자양2동128,1,,서울특별시 광진구 자양동 692,37.5311232361,127.089234331,,전용주,02-450-7873,서울특별시 광진구청,2025-12-23
자양2동129,1,,서울특별시 광진구 자양동 692,37.5311232361,127.089234331,,한전주,02-450-7873,서울특별시 광진구청,2025-12-23
자양2동130,1,,서울특별시 광진구 자양동 692,37.5311232361,127.089234331,,한전주,02-450-7873,서울특별시 광진구청,2025-12-23
자양2동131,1,,서울특별시 광진구 자양동 692,37.5311232361,127.089234331,,전용주,02-450-7873,서울특별시 광진구청,2025-12-23
자양2동132,1,,서울특별시 광진구 자양동 742,37.5303889075,127.0836439691,,한전주,02-450-7873,서울특별시 광진구청,2025-12-23
자양2동133,1,,서울특별시 광진구 자양동 692,37.5311232361,127.089234331,,한전주,02-450-7873,서울특별시 광진구청,2025-12-23
자양2동134,1,,서울특별시 광진구 자양동 692,37.5311232361,127.089234331,,한전주,02-450-7873,서울특별시 광진구청,2025-12-23
자양2동135,1,,서울특별시 광진구 자양동 692,37.5311232361,127.089234331,,한전주,02-450-7873,서울특별시 광진구청,2025-12-23
자양2동136,1,,서울특별시 광진구 자양동 692,37.5311232361,127.089234331,,한전주,02-450-7873,서울특별시 광진구청,2025-12-23
자양2동137,1,,서울특별시 광진구 자양동 688-5,37.5314201402,127.0888435701,,한전주,02-450-7873,서울특별시 광진구청,2025-12-23
자양2동138,1,,서울특별시 광진구 자양동 688-4,37.5315707171,127.0888175009,,한전주,02-450-7873,서울특별시 광진구청,2025-12-23
자양2동139,1,,서울특별시 광진구 자양동 693,37.5322195902,127.0901621261,,한전주,02-450-7873,서울특별시 광진구청,2025-12-23
자양2동140,1,,서울특별시 광진구 자양동 687-22,37.53194517,127.0887016,,한전주,02-450-7873,서울특별시 광진구청,2025-12-23
자양2동141,1,,서울특별시 광진구 자양동 688-1,37.5317009569,127.0885173886,,한전주,02-450-7873,서울특별시 광진구청,2025-12-23
자양2동142,1,,서울특별시 광진구 자양동 688-8,37.5315343924,127.0882355933,,한전주,02-450-7873,서울특별시 광진구청,2025-12-23
자양2동143,1,,서울특별시 광진구 자양동 688-8,37.53156417,127.0882355933,,한전주,02-450-7873,서울특별시 광진구청,2025-12-23
자양2동144,1,,서울특별시 광진구 자양동 689-4,37.5311810873,127.0888665927,,한전주,02-450-7873,서울특별시 광진구청,2025-12-23
자양2동145,1,,서울특별시 광진구 자양동 689,37.531274379,127.0884616,,전용주,02-450-7873,서울특별시 광진구청,2025-12-23
자양2동146,1,,서울특별시 광진구 자양동 689,37.531274379,127.0884557906,,전용주,02-450-7873,서울특별시 광진구청,2025-12-23
자양2동147,1,,서울특별시 광진구 자양동 689-7,37.5310943045,127.088528551,,한전주,02-450-7873,서울특별시 광진구청,2025-12-23
자양2동148,1,,서울특별시 광진구 자양동 689,37.531274379,127.0884557906,,건축물,02-450-7873,서울특별시 광진구청,2025-12-23
자양2동149,1,,서울특별시 광진구 자양동 689,37.531274379,127.0884557906,,건축물,02-450-7873,서울특별시 광진구청,2025-12-23
자양2동150,1,,서울특별시 광진구 자양동 689-7,37.5310943045,127.088528551,,건축물,02-450-7873,서울특별시 광진구청,2025-12-23
자양2동151,1,,서울특별시 광진구 자양동 689-7,37.5310943045,127.088528551,,건축물,02-450-7873,서울특별시 광진구청,2025-12-23
자양2동153,1,,서울특별시 광진구 자양동 689-7,37.53104017,127.088528551,,한전주,02-450-7873,서울특별시 광진구청,2025-12-23
자양2동154,1,,서울특별시 광진구 자양동 690-16,37.5307640438,127.088346351,,한전주,02-450-7873,서울특별시 광진구청,2025-12-23
자양2동155,1,,서울특별시 광진구 자양동 690-49,37.5306721112,127.0887475356,,한전주,02-450-7873,서울특별시 광진구청,2025-12-23
자양2동156,1,,서울특별시 광진구 자양동 690-57,37.5303861087,127.088900269,,한전주,02-450-7873,서울특별시 광진구청,2025-12-23
자양2동157,1,,서울특별시 광진구 자양동 690-60,37.5303493417,127.0884283376,,한전주,02-450-7873,서울특별시 광진구청,2025-12-23
자양2동158,1,,서울특별시 광진구 자양동 690-69,37.53029617,127.0883923703,,건축물,02-450-7873,서울특별시 광진구청,2025-12-23
자양2동159,1,,서울특별시 광진구 자양동 690-64,37.53028717,127.0879316,,,02-450-7873,서울특별시 광진구청,2025-12-23
자양2동160,1,,서울특별시 광진구 자양동 690-65,37.53018317,127.0881116,,건축물,02-450-7873,서울특별시 광진구청,2025-12-23
자양2동161,1,,서울특별시 광진구 자양동 690-67,37.53011217,127.0883836,,건축물,02-450-7873,서울특별시 광진구청,2025-12-23
자양2동162,1,,서울특별시 광진구 자양동 690-58,37.5301258534,127.0886019623,,건축물,02-450-7873,서울특별시 광진구청,2025-12-23
자양2동163,1,,서울특별시 광진구 자양동 690-63,37.5303085486,127.0880367281,,한전주,02-450-7873,서울특별시 광진구청,2025-12-23
자양2동164,1,,서울특별시 광진구 자양동 690-44,37.53054917,127.0881729486,,건축물,02-450-7873,서울특별시 광진구청,2025-12-23
자양2동165,1,,서울특별시 광진구 자양동 690-63,37.5303085486,127.0880367281,,,02-450-7873,서울특별시 광진구청,2025-12-23
자양2동166,1,,서울특별시 광진구 자양동 690-33,37.5304096481,127.0875796,,전용주,02-450-7873,서울특별시 광진구청,2025-12-23
자양2동167,1,,서울특별시 광진구 자양동 690-33,37.53049117,127.0875423317,,한전주,02-450-7873,서울특별시 광진구청,2025-12-23
자양2동168,1,,서울특별시 광진구 자양동 690-38,37.5306477189,127.0877856,,건축물,02-450-7873,서울특별시 광진구청,2025-12-23
자양2동169,1,,서울특별시 광진구 자양동 690-88,37.53064317,127.0874766,,한전주,02-450-7873,서울특별시 광진구청,2025-12-23
자양2동170,1,,서울특별시 광진구 자양동 690-32,37.53075817,127.0873474076,,한전주,02-450-7873,서울특별시 광진구청,2025-12-23
자양2동171,1,,서울특별시 광진구 자양동 686,37.5310915358,127.0867963145,,한전주,02-450-7873,서울특별시 광진구청,2025-12-23
자양2동172,1,,서울특별시 광진구 자양동 686-11,37.53122917,127.0871196,,전용주,02-450-7873,서울특별시 광진구청,2025-12-23
자양2동173,1,,서울특별시 광진구 자양동 690-30,37.5307839977,127.0874366,,한전주,02-450-7873,서울특별시 광진구청,2025-12-23
자양2동174,1,,서울특별시 광진구 자양동 744-2,37.5308031041,127.087296269,,건축물,02-450-7873,서울특별시 광진구청,2025-12-23
자양2동175,1,,서울특별시 광진구 자양동 690-6,37.531083161,127.0877116,,한전주,02-450-7873,서울특별시 광진구청,2025-12-23
자양2동176,1,,서울특별시 광진구 자양동 690-3,37.53127017,127.0878356,,건축물,02-450-7873,서울특별시 광진구청,2025-12-23
자양2동178,1,,서울특별시 광진구 자양동 690-2,37.53137917,127.0879576,,한전주,02-450-7873,서울특별시 광진구청,2025-12-23
자양2동179,1,,서울특별시 광진구 자양2동 674-1,37.5289889,127.0865584,,전용주,02-450-7873,서울특별시 광진구청,2025-12-23
자양2동180,1,,서울특별시 광진구 자양2동 674-1,37.5290103,127.0862826,,전용주,02-450-7873,서울특별시 광진구청,2025-12-23
자양2동181,1,,서울특별시 광진구 자양2동 752-3,37.5289695,127.0860358,,전용주,02-450-7873,서울특별시 광진구청,2025-12-23
자양2동182,1,,서울특별시 광진구 자양2동 752-3,37.5288722,127.0857105,,전용주,02-450-7873,서울특별시 광진구청,2025-12-23
자양2동183,1,,서울특별시 광진구 자양2동 668,37.5287721,127.0853626,,전용주,02-450-7873,서울특별시 광진구청,2025-12-23
자양2동184,1,,서울특별시 광진구 자양2동 752-3,37.5286963,127.0851363,,한전주,02-450-7873,서울특별시 광진구청,2025-12-23
자양2동185,1,,서울특별시 광진구 자양2동 668,37.5289344,127.0849293,,한전주,02-450-7873,서울특별시 광진구청,2025-12-23
자양2동186,1,,서울특별시 광진구 자양2동 752,37.5291582,127.0847456,,한전주,02-450-7873,서울특별시 광진구청,2025-12-23
자양2동187,1,,서울특별시 광진구 자양2동 752,37.5294001,127.0845616,,한전주,02-450-7873,서울특별시 광진구청,2025-12-23
자양2동188,1,,서울특별시 광진구 자양2동 752,37.5294491,127.0845755,,한전주,02-450-7873,서울특별시 광진구청,2025-12-23
자양2동189,1,,서울특별시 광진구 자양2동 666-28,37.5294817,127.0844283,,전용주,02-450-7873,서울특별시 광진구청,2025-12-23
자양2동190,1,,서울특별시 광진구 자양2동 751,37.529426,127.0844142,,전용주,02-450-7873,서울특별시 광진구청,2025-12-23
자양2동191,1,,서울특별시 광진구 자양동 751,37.5290417577,127.0838493196,,전용주,02-450-7873,서울특별시 광진구청,2025-12-23
자양2동192,1,,서울특별시 광진구 자양동 751,37.5290417577,127.083869,,전용주,02-450-7873,서울특별시 광진구청,2025-12-23
자양2동193,1,,서울특별시 광진구 자양동 670,37.528348316,127.0834646684,,전용주,02-450-7873,서울특별시 광진구청,2025-12-23
자양2동194,1,,서울특별시 광진구 자양동 669,37.5290520123,127.0842063633,,한전주,02-450-7873,서울특별시 광진구청,2025-12-23
자양2동195,1,,서울특별시 광진구 자양동 669-5,37.52872317,127.0841420698,,전용주,02-450-7873,서울특별시 광진구청,2025-12-23
자양2동196,1,,서울특별시 광진구 자양동 670,37.52837617,127.0834646684,,전용주,02-450-7873,서울특별시 광진구청,2025-12-23
자양2동197,1,,서울특별시 광진구 자양동 672,37.5280576044,127.0846720279,,한전주,02-450-7873,서울특별시 광진구청,2025-12-23
자양2동198,1,,서울특별시 광진구 자양동 670,37.528348316,127.0834646684,,전용주,02-450-7873,서울특별시 광진구청,2025-12-23
자양2동199,1,,서울특별시 광진구 자양동 670,37.528348316,127.0834646684,,전용주,02-450-7873,서울특별시 광진구청,2025-12-23
자양2동200,1,,서울특별시 광진구 자양동 672,37.5280576044,127.0846720279,,전용주,02-450-7873,서울특별시 광진구청,2025-12-23
자양2동201,1,,서울특별시 광진구 자양동 673,37.5285625127,127.085937309,,한전주,02-450-7873,서울특별시 광진구청,2025-12-23
자양2동202,1,,서울특별시 광진구 자양동 669-11,37.5286939793,127.0845176,,건축물,02-450-7873,서울특별시 광진구청,2025-12-23
자양2동203,1,,서울특별시 광진구 자양동 670,37.528348316,127.0834646684,,한전주,02-450-7873,서울특별시 광진구청,2025-12-23
자양2동204,1,,서울특별시 광진구 자양동 671,37.5280713607,127.0833193246,,전용주,02-450-7873,서울특별시 광진구청,2025-12-23
자양2동205,1,,서울특별시 광진구 자양동 670,37.528348316,127.0834646684,,전용주,02-450-7873,서울특별시 광진구청,2025-12-23
자양2동206,1,,서울특별시 광진구 자양동 670,37.528348316,127.0834646684,,한전주,02-450-7873,서울특별시 광진구청,2025-12-23
자양2동207,1,,서울특별시 광진구 자양동 670,37.528348316,127.0834646684,,전용주,02-450-7873,서울특별시 광진구청,2025-12-23
자양2동208,1,,서울특별시 광진구 자양동 645-5,37.5280305615,127.0826550819,,한전주,02-450-7873,서울특별시 광진구청,2025-12-23
자양2동209,1,,서울특별시 광진구 자양동 645-5,37.5280305615,127.0826550819,,전용주,02-450-7873,서울특별시 광진구청,2025-12-23
자양2동210,1,,서울특별시 광진구 자양동 645-5,37.5280305615,127.0826550819,,전용주,02-450-7873,서울특별시 광진구청,2025-12-23
자양2동211,1,,서울특별시 광진구 자양동 645-5,37.5280305615,127.0826550819,,전용주,02-450-7873,서울특별시 광진구청,2025-12-23
자양2동212,1,,서울특별시 광진구 자양동 670,37.528348316,127.0834646684,,전용주,02-450-7873,서울특별시 광진구청,2025-12-23
자양2동213,1,,서울특별시 광진구 자양동 671,37.5280713607,127.0833193246,,전용주,02-450-7873,서울특별시 광진구청,2025-12-23
자양2동214,1,,서울특별시 광진구 자양동 670,37.528348316,127.0834646684,,전용주,02-450-7873,서울특별시 광진구청,2025-12-23
자양2동215,1,,서울특별시 광진구 자양동 645-5,37.5280305615,127.0826550819,,전용주,02-450-7873,서울특별시 광진구청,2025-12-23
자양2동216,1,,서울특별시 광진구 자양동 670,37.528348316,127.0834646684,,한전주,02-450-7873,서울특별시 광진구청,2025-12-23
자양2동217,1,,서울특별시 광진구 자양2동 670,37.5287652,127.082861,,한전주,02-450-7873,서울특별시 광진구청,2025-12-23
자양2동218,1,,서울특별시 광진구 자양2동 670,37.5288194,127.0828829,,한전주,02-450-7873,서울특별시 광진구청,2025-12-23
자양2동219,1,,서울특별시 광진구 자양2동 670,37.5288474,127.083007,,전용주,02-450-7873,서울특별시 광진구청,2025-12-23
자양2동220,1,,서울특별시 광진구 자양동 670,37.528348316,127.0834646684,,한전주,02-450-7873,서울특별시 광진구청,2025-12-23
자양2동221,1,,서울특별시 광진구 자양2동 670,37.5290045,127.0835142,,전용주,02-450-7873,서울특별시 광진구청,2025-12-23
자양2동222,1,,서울특별시 광진구 자양2동 670,37.5290692,127.0837284,,한전주,02-450-7873,서울특별시 광진구청,2025-12-23
자양2동223,1,,서울특별시 광진구 자양동 666-17,37.52929717,127.0833607883,,전용주,02-450-7873,서울특별시 광진구청,2025-12-23
자양2동224,1,,서울특별시 광진구 자양동 666-17,37.5292411917,127.0833256,,,02-450-7873,서울특별시 광진구청,2025-12-23
자양2동225,1,,서울특별시 광진구 자양동 666-21,37.5294582049,127.0831285,,건축물,02-450-7873,서울특별시 광진구청,2025-12-23
자양2동226,1,,서울특별시 광진구 자양동 666-18,37.52925217,127.0832016,,한전주,02-450-7873,서울특별시 광진구청,2025-12-23
자양2동227,1,,서울특별시 광진구 자양동 666-2,37.5289926645,127.082825,,한전주,02-450-7873,서울특별시 광진구청,2025-12-23
자양2동228,1,,서울특별시 광진구 자양동 666,37.5292864225,127.0828480031,,한전주,02-450-7873,서울특별시 광진구청,2025-12-23
자양2동229,1,,서울특별시 광진구 자양동 665-15,37.5296554997,127.08280938,,한전주,02-450-7873,서울특별시 광진구청,2025-12-23
자양2동230,1,,서울특별시 광진구 자양동 665-19,37.5295130274,127.0828436153,,건축물,02-450-7873,서울특별시 광진구청,2025-12-23
자양2동231,1,,서울특별시 광진구 자양동 665-17,37.5296290728,127.0831446,,건축물,02-450-7873,서울특별시 광진구청,2025-12-23
자양2동232,1,,서울특별시 광진구 자양동 666-22,37.5295168449,127.0833086008,,한전주,02-450-7873,서울특별시 광진구청,2025-12-23
자양2동233,1,,서울특별시 광진구 자양동 666-23,37.5295704307,127.0834748,,전용주,02-450-7873,서울특별시 광진구청,2025-12-23
자양2동234,1,,서울특별시 광진구 자양동 666-28,37.5298864,127.0840007478,,전용주,02-450-7873,서울특별시 광진구청,2025-12-23
자양2동235,1,,서울특별시 광진구 자양동 665-9,37.5298820191,127.0833109302,,건축물,02-450-7873,서울특별시 광진구청,2025-12-23
자양2동236,1,,서울특별시 광진구 자양동 666-28,37.529812694,127.0840007478,,전용주,02-450-7873,서울특별시 광진구청,2025-12-23
자양2동237,1,,서울특별시 광진구 자양2동 666-28,37.5299816,127.0840668,,전용주,02-450-7873,서울특별시 광진구청,2025-12-23
자양2동238,1,,서울특별시 광진구 자양2동 667-35,37.5298118,127.0842862,,한전주,02-450-7873,서울특별시 광진구청,2025-12-23
자양2동239,1,,서울특별시 광진구 자양동 667-1,37.5296459059,127.0843976623,,전용주,02-450-7873,서울특별시 광진구청,2025-12-23
자양2동240,1,,서울특별시 광진구 자양동 667-2,37.5297179162,127.084621184,,,02-450-7873,서울특별시 광진구청,2025-12-23
자양2동241,1,,서울특별시 광진구 자양동 667-21,37.5298757285,127.0849566,,한전주,02-450-7873,서울특별시 광진구청,2025-12-23
자양2동242,1,,서울특별시 광진구 자양2동 668,37.5297475,127.0852136,,한전주,02-450-7873,서울특별시 광진구청,2025-12-23
자양2동243,1,,서울특별시 광진구 자양2동 668,37.529592,127.084910,,한전주,02-450-7873,서울특별시 광진구청,2025-12-23
자양2동244,1,,서울특별시 광진구 자양동 667-2,37.52977717,127.0846876,,건축물,02-450-7873,서울특별시 광진구청,2025-12-23
자양2동245,1,,서울특별시 광진구 자양2동 743,37.5299479,127.085494,,한전주,02-450-7873,서울특별시 광진구청,2025-12-23
자양2동246,1,,서울특별시 광진구 자양2동 674,37.530203,127.0853139,,한전주,02-450-7873,서울특별시 광진구청,2025-12-23
자양2동247,1,,서울특별시 광진구 자양2동 674,37.5304103,127.0851506,,한전주,02-450-7873,서울특별시 광진구청,2025-12-23
자양2동248,1,,서울특별시 광진구 자양2동 743,37.5305061,127.0851041,,한전주,02-450-7873,서울특별시 광진구청,2025-12-23
자양2동249,1,,서울특별시 광진구 자양2동 674,37.5306422,127.0853758,,한전주,02-450-7873,서울특별시 광진구청,2025-12-23
자양2동250,1,,서울특별시 광진구 자양2동 674,37.5307812,127.0856621,,한전주,02-450-7873,서울특별시 광진구청,2025-12-23
자양2동251,1,,서울특별시 광진구 자양2동 674,37.5309861,127.0861012,,한전주,02-450-7873,서울특별시 광진구청,2025-12-23
자양2동252,1,,서울특별시 광진구 자양동 678-28,37.5308501054,127.0853846613,,한전주,02-450-7873,서울특별시 광진구청,2025-12-23
자양2동253,1,,서울특별시 광진구 자양동 678-8,37.53103559,127.0851788513,,한전주,02-450-7873,서울특별시 광진구청,2025-12-23
자양2동254,1,,서울특별시 광진구 자양동 677-16,37.53132217,127.0855311402,,,02-450-7873,서울특별시 광진구청,2025-12-23
자양2동255,1,,서울특별시 광진구 자양동 677-13,37.53148817,127.0853756,,전용주,02-450-7873,서울특별시 광진구청,2025-12-23
자양2동256,1,,서울특별시 광진구 자양동 677,37.53156166,127.085148,,전용주,02-450-7873,서울특별시 광진구청,2025-12-23
자양2동257,1,,서울특별시 광진구 자양동 678-22,37.5307421777,127.085118103,,건축물,02-450-7873,서울특별시 광진구청,2025-12-23
자양2동258,1,,서울특별시 광진구 자양2동 667-17,37.530375,127.0847986,,,02-450-7873,서울특별시 광진구청,2025-12-23
자양2동259,1,,서울특별시 광진구 자양2동 667-26,37.5302926,127.0846299,,한전주,02-450-7873,서울특별시 광진구청,2025-12-23
자양2동260,1,,서울특별시 광진구 자양동 664-5,37.530275197,127.0844792631,,건축물,02-450-7873,서울특별시 광진구청,2025-12-23
자양2동261,1,,서울특별시 광진구 자양2동 667-30,37.5301556,127.0843827,,한전주,02-450-7873,서울특별시 광진구청,2025-12-23
자양2동262,1,,서울특별시 광진구 자양동 664-19,37.5301418698,127.0841975195,,건축물,02-450-7873,서울특별시 광진구청,2025-12-23
자양2동263,1,,서울특별시 광진구 자양동 664-9,37.5304703738,127.0839458227,,한전주,02-450-7873,서울특별시 광진구청,2025-12-23
자양2동264,1,,서울특별시 광진구 자양2동 665-4,37.5300751,127.0839936,,한전주,02-450-7873,서울특별시 광진구청,2025-12-23
자양2동265,1,,서울특별시 광진구 자양동 665-4,37.5301336268,127.0837524369,,한전주,02-450-7873,서울특별시 광진구청,2025-12-23
자양2동266,1,,서울특별시 광진구 자양동 663-38,37.53053317,127.0836186,,한전주,02-450-7873,서울특별시 광진구청,2025-12-23
자양2동267,1,,서울특별시 광진구 자양동 665-2,37.530177372,127.0834226,,한전주,02-450-7873,서울특별시 광진구청,2025-12-23
자양2동268,1,,서울특별시 광진구 자양동 663-7,37.5304694688,127.0831874739,,전용주,02-450-7873,서울특별시 광진구청,2025-12-23
자양2동269,1,,서울특별시 광진구 자양동 663-3,37.5301755255,127.0829835042,,건축물,02-450-7873,서울특별시 광진구청,2025-12-23
자양2동270,1,,서울특별시 광진구 자양동 665,37.5299492794,127.0829902679,,한전주,02-450-7873,서울특별시 광진구청,2025-12-23
자양2동271,1,,서울특별시 광진구 자양동 665,37.5299492794,127.0829902679,,한전주,02-450-7873,서울특별시 광진구청,2025-12-23
자양2동272,1,,서울특별시 광진구 자양동 663-32,37.5304877254,127.0827223937,,한전주,02-450-7873,서울특별시 광진구청,2025-12-23
자양2동273,1,,서울특별시 광진구 자양동 663-32,37.5304877254,127.0827223937,,건축물,02-450-7873,서울특별시 광진구청,2025-12-23
자양2동274,1,,서울특별시 광진구 자양동 663-8,37.5305102784,127.0833235083,,전용주,02-450-7873,서울특별시 광진구청,2025-12-23
자양2동275,1,,서울특별시 광진구 자양동 663-27,37.53076317,127.0831906,,건축물,02-450-7873,서울특별시 광진구청,2025-12-23
자양2동276,1,,서울특별시 광진구 자양2동 663-19,37.5309689,127.0835242,,한전주,02-450-7873,서울특별시 광진구청,2025-12-23
자양2동277,1,,서울특별시 광진구 자양동 663-21,37.5309217266,127.084141036,,한전주,02-450-7873,서울특별시 광진구청,2025-12-23
자양2동278,1,,서울특별시 광진구 자양동 663-21,37.5309217266,127.084141036,,한전주,02-450-7873,서울특별시 광진구청,2025-12-23
자양2동279,1,,서울특별시 광진구 자양동 664-29,37.5304811966,127.0843426,,전용주,02-450-7873,서울특별시 광진구청,2025-12-23
자양2동280,1,,서울특별시 광진구 자양동 663-21,37.53099317,127.084141036,,한전주,02-450-7873,서울특별시 광진구청,2025-12-23
자양2동281,1,,서울특별시 광진구 자양동 678-6,37.5308602336,127.0848332472,,한전주,02-450-7873,서울특별시 광진구청,2025-12-23
자양2동282,1,,서울특별시 광진구 자양동 678-7,37.5309336492,127.0849236,,건축물,02-450-7873,서울특별시 광진구청,2025-12-23
자양2동283,1,,서울특별시 광진구 자양동 678,37.5313123347,127.0846116716,,한전주,02-450-7873,서울특별시 광진구청,2025-12-23
자양2동284,1,,서울특별시 광진구 자양2동 678,37.5314178,127.0844804,,한전주,02-450-7873,서울특별시 광진구청,2025-12-23
자양2동285,1,,서울특별시 광진구 자양2동 678-16,37.531519,127.0847507,,한전주,02-450-7873,서울특별시 광진구청,2025-12-23
자양2동286,1,,서울특별시 광진구 자양동 678-1,37.5311430704,127.0846902234,,한전주,02-450-7873,서울특별시 광진구청,2025-12-23
자양2동287,1,,서울특별시 광진구 자양동 677,37.5315620655,127.0851502606,,한전주,02-450-7873,서울특별시 광진구청,2025-12-23
자양2동288,1,,서울특별시 광진구 자양동 677-2,37.5316063687,127.0853113053,,한전주,02-450-7873,서울특별시 광진구청,2025-12-23
자양2동289,1,,서울특별시 광진구 자양동 677-7,37.5317069369,127.0855448,,한전주,02-450-7873,서울특별시 광진구청,2025-12-23
자양2동290,1,,서울특별시 광진구 자양2동 732-2,37.5317008,127.0849522,,한전주,02-450-7873,서울특별시 광진구청,2025-12-23
자양2동291,1,,서울특별시 광진구 자양2동 679-21,37.5318262,127.0848601,,건축물,02-450-7873,서울특별시 광진구청,2025-12-23
자양2동292,1,,서울특별시 광진구 자양동 679-18,37.5318005891,127.0847816,,건축물,02-450-7873,서울특별시 광진구청,2025-12-23
자양2동293,1,,서울특별시 광진구 자양동 679-13,37.5319123795,127.0845164086,,한전주,02-450-7873,서울특별시 광진구청,2025-12-23
자양2동294,1,,서울특별시 광진구 자양동 679-7,37.5317950554,127.0844696,,건축물,02-450-7873,서울특별시 광진구청,2025-12-23
자양2동295,1,,서울특별시 광진구 자양동 679-36,37.5316715114,127.0846346,,건축물,02-450-7873,서울특별시 광진구청,2025-12-23
자양2동296,1,,서울특별시 광진구 자양2동 662-16,37.53140072,127.0842377,,한전주,02-450-7873,서울특별시 광진구청,2025-12-23
자양2동297,1,,서울특별시 광진구 자양동 663-46,37.5310503636,127.0839529195,,한전주,02-450-7873,서울특별시 광진구청,2025-12-23
자양2동298,1,,서울특별시 광진구 자양동 663-21,37.5309217266,127.084141036,,한전주,02-450-7873,서울특별시 광진구청,2025-12-23
자양2동299,1,,서울특별시 광진구 자양동 662-8,37.53135917,127.0838626,,건축물,02-450-7873,서울특별시 광진구청,2025-12-23
자양2동300,1,,서울특별시 광진구 자양동 662-11,37.53157517,127.0837246,,전용주,02-450-7873,서울특별시 광진구청,2025-12-23
자양2동301,1,,서울특별시 광진구 자양동 662,37.5314935712,127.0834083236,,한전주,02-450-7873,서울특별시 광진구청,2025-12-23
자양2동302,1,,서울특별시 광진구 자양동 742,37.5303889075,127.0836558,,전용주,02-450-7873,서울특별시 광진구청,2025-12-23
자양2동303,1,,서울특별시 광진구 자양동 742,37.5303889075,127.0836439691,,한전주,02-450-7873,서울특별시 광진구청,2025-12-23
자양2동304,1,,서울특별시 광진구 자양동 663-15,37.5307466036,127.0833701,,한전주,02-450-7873,서울특별시 광진구청,2025-12-23
자양2동305,1,,서울특별시 광진구 자양동 742,37.5303889075,127.0836439691,,전용주,02-450-7873,서울특별시 광진구청,2025-12-23
자양2동306,1,,서울특별시 광진구 자양동 742,37.5303889075,127.0836439691,,전용주,02-450-7873,서울특별시 광진구청,2025-12-23
자양2동307,1,,서울특별시 광진구 자양동 652-38,37.5308458076,127.0824298797,,한전주,02-450-7873,서울특별시 광진구청,2025-12-23
자양2동308,1,,서울특별시 광진구 자양2동 662,37.5312679,127.0825814,,한전주,02-450-7873,서울특별시 광진구청,2025-12-23
자양2동309,1,,서울특별시 광진구 자양동 652-30,37.5311580686,127.0822087018,,건축물,02-450-7873,서울특별시 광진구청,2025-12-23
자양2동310,1,,서울특별시 광진구 자양동 652-20,37.5313168507,127.0819123444,,한전주,02-450-7873,서울특별시 광진구청,2025-12-23
자양2동311,1,,서울특별시 광진구 자양동 652-22,37.53116417,127.0818056,,,02-450-7873,서울특별시 광진구청,2025-12-23
자양2동312,1,,서울특별시 광진구 자양동 652-9,37.53136417,127.0814946,,전용주,02-450-7873,서울특별시 광진구청,2025-12-23
자양2동313,1,,서울특별시 광진구 자양동 652,37.5314518934,127.0810046,,한전주,02-450-7873,서울특별시 광진구청,2025-12-23
자양2동314,1,,서울특별시 광진구 자양동 652-54,37.5312055439,127.0809149228,,한전주,02-450-7873,서울특별시 광진구청,2025-12-23
자양2동315,1,,서울특별시 광진구 자양동 636-14,37.531384267,127.0803566,,건축물,02-450-7873,서울특별시 광진구청,2025-12-23
자양2동318,1,,서울특별시 광진구 자양2동 637-9,37.5314254,127.0796604,,한전주,02-450-7873,서울특별시 광진구청,2025-12-23
자양2동319,1,,서울특별시 광진구 자양동 636-23,37.53159417,127.0798586964,,건축물,02-450-7873,서울특별시 광진구청,2025-12-23
자양2동320,1,,서울특별시 광진구 자양동 637,37.53135717,127.079431363,,건축물,02-450-7873,서울특별시 광진구청,2025-12-23
자양2동321,1,,서울특별시 광진구 자양동 637-6,37.5310722644,127.0794869963,,전용주,02-450-7873,서울특별시 광진구청,2025-12-23
자양2동322,1,,서울특별시 광진구 자양동 636-26,37.5313425,127.0799376,,한전주,02-450-7873,서울특별시 광진구청,2025-12-23
자양2동323,1,,서울특별시 광진구 자양동 636-12,37.53145817,127.0800986,,건축물,02-450-7873,서울특별시 광진구청,2025-12-23
자양2동324,1,,서울특별시 광진구 자양동 637-17,37.5310195467,127.079767858,,한전주,02-450-7873,서울특별시 광진구청,2025-12-23
자양2동325,1,,서울특별시 광진구 자양동 637-24,37.53089217,127.0798096,,건축물,02-450-7873,서울특별시 광진구청,2025-12-23
자양2동326,1,,서울특별시 광진구 자양동 638-7,37.5306009363,127.0800418796,,건축물,02-450-7873,서울특별시 광진구청,2025-12-23
자양2동327,1,,서울특별시 광진구 자양동 637-33,37.5307641264,127.0801026,,전용주,02-450-7873,서울특별시 광진구청,2025-12-23
자양2동328,1,,서울특별시 광진구 자양동 637-27,37.5309863649,127.0800710281,,한전주,02-450-7873,서울특별시 광진구청,2025-12-23
자양2동329,1,,서울특별시 광진구 자양2동 637-29,37.5312497,127.0802396,,한전주,02-450-7873,서울특별시 광진구청,2025-12-23
자양2동330,1,,서울특별시 광진구 자양동 637-37,37.53105917,127.0804516,,건축물,02-450-7873,서울특별시 광진구청,2025-12-23
자양2동331,1,,서울특별시 광진구 자양동 637-42,37.53076817,127.0804526942,,한전주,02-450-7873,서울특별시 광진구청,2025-12-23
자양2동332,1,,서울특별시 광진구 자양동 651-1,37.5307817555,127.0807210023,,한전주,02-450-7873,서울특별시 광진구청,2025-12-23
자양2동333,1,,서울특별시 광진구 자양동 651,37.53098717,127.0807146,,,02-450-7873,서울특별시 광진구청,2025-12-23
자양2동334,1,,서울특별시 광진구 자양2동 741,37.5311178,127.0806485,,한전주,02-450-7873,서울특별시 광진구청,2025-12-23
자양2동335,1,,서울특별시 광진구 자양동 652-55,37.5310908774,127.0808697705,,한전주,02-450-7873,서울특별시 광진구청,2025-12-23
자양2동336,1,,서울특별시 광진구 자양2동 651-9,37.5309948,127.0810574,,한전주,02-450-7873,서울특별시 광진구청,2025-12-23
자양2동337,1,,서울특별시 광진구 자양동 651-7,37.5308863197,127.0809506,,한전주,02-450-7873,서울특별시 광진구청,2025-12-23
자양2동338,1,,서울특별시 광진구 자양동 651-13,37.5305436543,127.0809182,,건축물,02-450-7873,서울특별시 광진구청,2025-12-23
자양2동339,1,,서울특별시 광진구 자양동 652-48,37.5311531025,127.0811819816,,건축물,02-450-7873,서울특별시 광진구청,2025-12-23
자양2동341,1,,서울특별시 광진구 자양동 652-50,37.5309532433,127.0813378931,,건축물,02-450-7873,서울특별시 광진구청,2025-12-23
자양2동342,1,,서울특별시 광진구 자양2동 651-21,37.5308814,127.0815453,,한전주,02-450-7873,서울특별시 광진구청,2025-12-23
자양2동343,1,,서울특별시 광진구 자양동 651-17,37.5305774101,127.081244148,,전용주,02-450-7873,서울특별시 광진구청,2025-12-23
자양2동344,1,,서울특별시 광진구 자양2동 651-30,37.5308298,127.0818514,,한전주,02-450-7873,서울특별시 광진구청,2025-12-23
자양2동345,1,,서울특별시 광진구 자양동 652-42,37.53106217,127.0819182224,,건축물,02-450-7873,서울특별시 광진구청,2025-12-23
자양2동346,1,,서울특별시 광진구 자양동 651-32,37.530641404,127.0821716,,한전주,02-450-7873,서울특별시 광진구청,2025-12-23
자양2동347,1,,서울특별시 광진구 자양동 650-3,37.5299724646,127.0823096,,한전주,02-450-7873,서울특별시 광진구청,2025-12-23
자양2동348,1,,서울특별시 광진구 자양동 650-1,37.5300357038,127.0819315339,,한전주,02-450-7873,서울특별시 광진구청,2025-12-23
자양2동349,1,,서울특별시 광진구 자양동 650-18,37.5298493953,127.0819616,,,02-450-7873,서울특별시 광진구청,2025-12-23
자양2동350,1,,서울특별시 광진구 자양동 650-19,37.52981038,127.0820374077,,전용주,02-450-7873,서울특별시 광진구청,2025-12-23
자양2동351,1,,서울특별시 광진구 자양동 650-27,37.5295844335,127.0823902522,,,02-450-7873,서울특별시 광진구청,2025-12-23
자양2동352,1,,서울특별시 광진구 자양동 651-38,37.5304850544,127.0820696,,건축물,02-450-7873,서울특별시 광진구청,2025-12-23
자양2동353,1,,서울특별시 광진구 자양동 651-39,37.5304704678,127.0818576,,건축물,02-450-7873,서울특별시 광진구청,2025-12-23
자양2동354,1,,서울특별시 광진구 자양동 649-8,37.5301831216,127.08165112,,한전주,02-450-7873,서울특별시 광진구청,2025-12-23
자양2동355,1,,서울특별시 광진구 자양동 649-7,37.5302071108,127.0814736,,한전주,02-450-7873,서울특별시 광진구청,2025-12-23
자양2동356,1,,서울특별시 광진구 자양동 651-16,37.5304803168,127.0811939236,,전용주,02-450-7873,서울특별시 광진구청,2025-12-23
자양2동357,1,,서울특별시 광진구 자양동 649-4,37.5302994438,127.0811426,,한전주,02-450-7873,서울특별시 광진구청,2025-12-23
자양2동358,1,,서울특별시 광진구 자양동 649-14,37.5302435638,127.0808926,,한전주,02-450-7873,서울특별시 광진구청,2025-12-23
자양2동359,1,,서울특별시 광진구 자양동 649-1,37.530418695,127.0807899631,,한전주,02-450-7873,서울특별시 광진구청,2025-12-23
자양2동360,1,,서울특별시 광진구 자양동 651-3,37.5306249,127.0806469766,,한전주,02-450-7873,서울특별시 광진구청,2025-12-23
자양2동361,1,,서울특별시 광진구 자양동 638-10,37.53055817,127.0803540554,,한전주,02-450-7873,서울특별시 광진구청,2025-12-23
자양2동362,1,,서울특별시 광진구 자양동 649-37,37.5301453306,127.0803986,,건축물,02-450-7873,서울특별시 광진구청,2025-12-23
자양2동363,1,,서울특별시 광진구 자양동 648,37.5299840124,127.0803076,,한전주,02-450-7873,서울특별시 광진구청,2025-12-23
자양2동364,1,,서울특별시 광진구 자양동 639-33,37.52994517,127.0800600514,,한전주,02-450-7873,서울특별시 광진구청,2025-12-23
자양2동365,1,,서울특별시 광진구 자양동 648-23,37.529647818,127.0804972451,,전용주,02-450-7873,서울특별시 광진구청,2025-12-23
자양2동366,1,,서울특별시 광진구 자양동 649-34,37.53008517,127.0807246,,한전주,02-450-7873,서울특별시 광진구청,2025-12-23
자양2동367,1,,서울특별시 광진구 자양동 648-1,37.529943658,127.0804606,,건축물,02-450-7873,서울특별시 광진구청,2025-12-23
자양2동368,1,,서울특별시 광진구 자양동 649-35,37.5300805013,127.0805963638,,건축물,02-450-7873,서울특별시 광진구청,2025-12-23
자양2동369,1,,서울특별시 광진구 자양동 741,37.5303952285,127.0812083079,,전용주,02-450-7873,서울특별시 광진구청,2025-12-23
자양2동370,1,,서울특별시 광진구 자양동 649-30,37.52996217,127.0811946,,한전주,02-450-7873,서울특별시 광진구청,2025-12-23
자양2동371,1,,서울특별시 광진구 자양동 649-25,37.5300298268,127.0811783884,,한전주,02-450-7873,서울특별시 광진구청,2025-12-23
자양2동372,1,,서울특별시 광진구 자양동 648-28,37.5295113539,127.0809694334,,전용주,02-450-7873,서울특별시 광진구청,2025-12-23
자양2동373,1,,서울특별시 광진구 자양동 649-28,37.52986517,127.0814790925,,한전주,02-450-7873,서울특별시 광진구청,2025-12-23
자양2동374,1,,서울특별시 광진구 자양동 650-15,37.5298526897,127.0817216,,건축물,02-450-7873,서울특별시 광진구청,2025-12-23
자양2동375,1,,서울특별시 광진구 자양동 650-15,37.5298526897,127.0817576,,건축물,02-450-7873,서울특별시 광진구청,2025-12-23
자양2동376,1,,서울특별시 광진구 자양동 650-40,37.5295875528,127.0819214273,,한전주,02-450-7873,서울특별시 광진구청,2025-12-23
자양2동377,1,,서울특별시 광진구 자양동 650-34,37.5293850231,127.0821616,,전용주,02-450-7873,서울특별시 광진구청,2025-12-23
자양2동378,1,,서울특별시 광진구 자양동 650-37,37.5293425147,127.0818719461,,한전주,02-450-7873,서울특별시 광진구청,2025-12-23
자양2동379,1,,서울특별시 광진구 자양동 646-10,37.529170499,127.0818929141,,한전주,02-450-7873,서울특별시 광진구청,2025-12-23
자양2동380,1,,서울특별시 광진구 자양동 646-12,37.5289846669,127.0820596,,건축물,02-450-7873,서울특별시 광진구청,2025-12-23
자양2동381,1,,서울특별시 광진구 자양동 646-14,37.5291664983,127.0822601,,한전주,02-450-7873,서울특별시 광진구청,2025-12-23
자양2동382,1,,서울특별시 광진구 자양동 646-16,37.5290406245,127.0822101113,,건축물,02-450-7873,서울특별시 광진구청,2025-12-23
자양2동383,1,,서울특별시 광진구 자양동 650-29,37.529412036,127.0824096,,건축물,02-450-7873,서울특별시 광진구청,2025-12-23
자양2동384,1,,서울특별시 광진구 자양동 646-28,37.528793617,127.0825946,,전용주,02-450-7873,서울특별시 광진구청,2025-12-23
자양2동385,1,,서울특별시 광진구 자양동 645-13,37.5285600828,127.082651254,,전용주,02-450-7873,서울특별시 광진구청,2025-12-23
자양2동386,1,,서울특별시 광진구 자양동 646-28,37.528793617,127.0825301199,,건축물,02-450-7873,서울특별시 광진구청,2025-12-23
자양2동387,1,,서울특별시 광진구 자양동 645-1,37.5286050777,127.0822871,,한전주,02-450-7873,서울특별시 광진구청,2025-12-23
자양2동388,1,,서울특별시 광진구 자양동 644,37.528621366,127.0817232934,,한전주,02-450-7873,서울특별시 광진구청,2025-12-23
자양2동389,1,,서울특별시 광진구 자양동 646-39,37.528885645,127.0817011813,,전용주,02-450-7873,서울특별시 광진구청,2025-12-23
자양2동390,1,,서울특별시 광진구 자양동 644,37.528621366,127.0817232934,,한전주,02-450-7873,서울특별시 광진구청,2025-12-23
자양2동391,1,,서울특별시 광진구 자양2동 644,37.528762,127.0812884,,전용주,02-450-7873,서울특별시 광진구청,2025-12-23
자양2동392,1,,서울특별시 광진구 자양동 644,37.528621366,127.0817232934,,한전주,02-450-7873,서울특별시 광진구청,2025-12-23
자양2동393,1,,서울특별시 광진구 자양동 647-23,37.52893717,127.0810976,,한전주,02-450-7873,서울특별시 광진구청,2025-12-23
자양2동394,1,,서울특별시 광진구 자양동 646-44,37.5288960871,127.0813233278,,건축물,02-450-7873,서울특별시 광진구청,2025-12-23
자양2동395,1,,서울특별시 광진구 자양동 647-7,37.5291254272,127.0811412055,,한전주,02-450-7873,서울특별시 광진구청,2025-12-23
자양2동396,1,,서울특별시 광진구 자양동 648-32,37.5293717,127.0812899,,한전주,02-450-7873,서울특별시 광진구청,2025-12-23
자양2동397,1,,서울특별시 광진구 자양동 648-36,37.5295529103,127.0813333179,,한전주,02-450-7873,서울특별시 광진구청,2025-12-23
자양2동398,1,,서울특별시 광진구 자양동 650-46,37.5293691,127.0814793411,,전용주,02-450-7873,서울특별시 광진구청,2025-12-23
자양2동399,1,,서울특별시 광진구 자양동 646-8,37.5290046221,127.0817336,,건축물,02-450-7873,서울특별시 광진구청,2025-12-23
자양2동400,1,,서울특별시 광진구 자양동 647-6,37.5291872337,127.0810017,,한전주,02-450-7873,서울특별시 광진구청,2025-12-23
자양2동401,1,,서울특별시 광진구 자양동 647-10,37.5291222552,127.0807738575,,건축물,02-450-7873,서울특별시 광진구청,2025-12-23
자양2동402,1,,서울특별시 광진구 자양동 647-4,37.5292807889,127.0807862,,한전주,02-450-7873,서울특별시 광진구청,2025-12-23
자양2동403,1,,서울특별시 광진구 자양동 647-12,37.5291452791,127.0804388938,,,02-450-7873,서울특별시 광진구청,2025-12-23
자양2동404,1,,서울특별시 광진구 자양동 647-2,37.5293730749,127.0804821,,한전주,02-450-7873,서울특별시 광진구청,2025-12-23
자양2동405,1,,서울특별시 광진구 자양동 647-14,37.5293068312,127.0801701481,,건축물,02-450-7873,서울특별시 광진구청,2025-12-23
자양2동406,1,,서울특별시 광진구 자양동 647,37.5294623961,127.0800902,,한전주,02-450-7873,서울특별시 광진구청,2025-12-23
자양2동407,1,,서울특별시 광진구 자양동 639-38,37.5296817873,127.0799644186,,한전주,02-450-7873,서울특별시 광진구청,2025-12-23
자양2동408,1,,서울특별시 광진구 자양동 640-37,37.52936917,127.0797880037,,전용주,02-450-7873,서울특별시 광진구청,2025-12-23
자양2동409,1,,서울특별시 광진구 자양동 643,37.5289555539,127.0798252,,한전주,02-450-7873,서울특별시 광진구청,2025-12-23
자양2동410,1,,서울특별시 광진구 자양동 647-33,37.5290871452,127.0800696767,,전용주,02-450-7873,서울특별시 광진구청,2025-12-23
자양2동411,1,,서울특별시 광진구 자양동 643-9,37.528598463,127.0801186,,한전주,02-450-7873,서울특별시 광진구청,2025-12-23
자양2동412,1,,서울특별시 광진구 자양동 643-23,37.5281014724,127.080035928,,한전주,02-450-7873,서울특별시 광진구청,2025-12-23
자양2동413,1,,서울특별시 광진구 자양2동 643-2,37.528988,127.0802221,,한전주,02-450-7873,서울특별시 광진구청,2025-12-23
자양2동414,1,,서울특별시 광진구 자양동 643-2,37.5287822113,127.0802539839,,전용주,02-450-7873,서울특별시 광진구청,2025-12-23
자양2동415,1,,서울특별시 광진구 자양동 643-4,37.5286799145,127.0806874,,한전주,02-450-7873,서울특별시 광진구청,2025-12-23
자양2동416,1,,서울특별시 광진구 자양동 643-7,37.5284779684,127.0806136458,,한전주,02-450-7873,서울특별시 광진구청,2025-12-23
자양2동417,1,,서울특별시 광진구 자양동 643-34,37.52835117,127.0805229528,,한전주,02-450-7873,서울특별시 광진구청,2025-12-23
자양2동418,1,,서울특별시 광진구 자양동 644,37.528621366,127.0817232934,,한전주,02-450-7873,서울특별시 광진구청,2025-12-23
자양2동419,1,,서울특별시 광진구 자양동 644,37.528621366,127.0817232934,,전용주,02-450-7873,서울특별시 광진구청,2025-12-23
자양2동420,1,,서울특별시 광진구 자양동 644,37.528621366,127.0817232934,,한전주,02-450-7873,서울특별시 광진구청,2025-12-23
자양2동421,1,,서울특별시 광진구 자양동 644,37.528621366,127.0817232934,,전용주,02-450-7873,서울특별시 광진구청,2025-12-23
자양2동422,1,,서울특별시 광진구 자양동 643-19,37.52800617,127.0804940319,,전용주,02-450-7873,서울특별시 광진구청,2025-12-23
자양2동423,1,,서울특별시 광진구 자양동 644,37.52864417,127.0817232934,,전용주,02-450-7873,서울특별시 광진구청,2025-12-23
자양2동424,1,,서울특별시 광진구 자양동 644,37.528621366,127.0817232934,,전용주,02-450-7873,서울특별시 광진구청,2025-12-23
자양2동425,1,,서울특별시 광진구 자양동 645-5,37.5280305615,127.0826550819,,전용주,02-450-7873,서울특별시 광진구청,2025-12-23
자양2동426,1,,서울특별시 광진구 자양동 645-5,37.52802017,127.0826550819,,전용주,02-450-7873,서울특별시 광진구청,2025-12-23
자양2동427,1,,서울특별시 광진구 자양동 644,37.528621366,127.0817232934,,전용주,02-450-7873,서울특별시 광진구청,2025-12-23
자양2동428,1,,서울특별시 광진구 자양동 644,37.528621366,127.0817232934,,전용주,02-450-7873,서울특별시 광진구청,2025-12-23
자양2동429,1,,서울특별시 광진구 자양동 644,37.528621366,127.0817232934,,전용주,02-450-7873,서울특별시 광진구청,2025-12-23
자양2동430,1,,서울특별시 광진구 자양동 644,37.528621366,127.0817232934,,전용주,02-450-7873,서울특별시 광진구청,2025-12-23
자양2동431,1,,서울특별시 광진구 자양동 643-19,37.5280263779,127.0804940319,,전용주,02-450-7873,서울특별시 광진구청,2025-12-23
자양2동432,1,,서울특별시 광진구 자양동 643-19,37.52802417,127.0804940319,,전용주,02-450-7873,서울특별시 광진구청,2025-12-23
자양2동433,1,,서울특별시 광진구 자양동 643-23,37.5281014724,127.080035928,,한전주,02-450-7873,서울특별시 광진구청,2025-12-23
자양2동434,1,,서울특별시 광진구 자양동 643-23,37.5281014724,127.0800896,,전용주,02-450-7873,서울특별시 광진구청,2025-12-23
자양2동435,1,,서울특별시 광진구 자양동 643-23,37.52810917,127.080035928,,전용주,02-450-7873,서울특별시 광진구청,2025-12-23
자양2동436,1,,서울특별시 광진구 자양동 643-30,37.5285339552,127.0784211952,,전용주,02-450-7873,서울특별시 광진구청,2025-12-23
자양2동437,1,,서울특별시 광진구 자양동 642-4,37.5283655617,127.0793597915,,한전주,02-450-7873,서울특별시 광진구청,2025-12-23
자양2동438,1,,서울특별시 광진구 자양동 642-6,37.5282502,127.0785962225,,전용주,02-450-7873,서울특별시 광진구청,2025-12-23
자양2동439,1,,서울특별시 광진구 자양동 642-2,37.5285339552,127.0784211952,,전용주,02-450-7873,서울특별시 광진구청,2025-12-23
자양2동440,1,,서울특별시 광진구 자양동 642-5,37.5285339552,127.0784211952,,전용주,02-450-7873,서울특별시 광진구청,2025-12-23
자양2동441,1,,서울특별시 광진구 자양동 642-1,37.5285339552,127.0784387,,전용주,02-450-7873,서울특별시 광진구청,2025-12-23
자양2동442,1,,서울특별시 광진구 자양동 642-6,37.5282945632,127.0785962225,,전용주,02-450-7873,서울특별시 광진구청,2025-12-23
자양2동443,1,,서울특별시 광진구 자양동 642,37.5285339552,127.0784211952,,전용주,02-450-7873,서울특별시 광진구청,2025-12-23
자양2동444,1,,서울특별시 광진구 자양동 641,37.5290342833,127.0794962601,,전용주,02-450-7873,서울특별시 광진구청,2025-12-23
자양2동445,1,,서울특별시 광진구 자양동 642,37.5285339552,127.0784211952,,전용주,02-450-7873,서울특별시 광진구청,2025-12-23
자양2동446,1,,서울특별시 광진구 자양동 641,37.5290342833,127.0794962601,,전용주,02-450-7873,서울특별시 광진구청,2025-12-23
자양2동447,1,,서울특별시 광진구 자양동 642,37.5285339552,127.0784211952,,전용주,02-450-7873,서울특별시 광진구청,2025-12-23
자양2동448,1,,서울특별시 광진구 자양동 643-38,37.528507726,127.0796106,,한전주,02-450-7873,서울특별시 광진구청,2025-12-23
자양2동449,1,,서울특별시 광진구 자양동 643-11,37.5287004756,127.0797356,,한전주,02-450-7873,서울특별시 광진구청,2025-12-23
자양2동450,1,,서울특별시 광진구 자양동 641,37.5290342833,127.0794365,,전용주,02-450-7873,서울특별시 광진구청,2025-12-23
자양2동451,1,,서울특별시 광진구 자양동 641,37.5290342833,127.0794962601,,전용주,02-450-7873,서울특별시 광진구청,2025-12-23
자양2동452,1,,서울특별시 광진구 자양동 640-27,37.5293057096,127.0794299123,,한전주,02-450-7873,서울특별시 광진구청,2025-12-23
자양2동453,1,,서울특별시 광진구 자양동 641,37.5290342833,127.0794962601,,전용주,02-450-7873,서울특별시 광진구청,2025-12-23
자양2동454,1,,서울특별시 광진구 자양동 641,37.5290342833,127.0794962601,,전용주,02-450-7873,서울특별시 광진구청,2025-12-23
자양2동455,1,,서울특별시 광진구 자양동 641,37.5290342833,127.0794962601,,한전주,02-450-7873,서울특별시 광진구청,2025-12-23
자양2동456,1,,서울특별시 광진구 자양동 749,37.5290356927,127.0798476853,,한전주,02-450-7873,서울특별시 광진구청,2025-12-23
자양2동457,1,,서울특별시 광진구 자양동 641,37.5290342833,127.0794962601,,한전주,02-450-7873,서울특별시 광진구청,2025-12-23
자양2동458,1,,서울특별시 광진구 자양동 740,37.5303989093,127.0787356827,,한전주,02-450-7873,서울특별시 광진구청,2025-12-23
자양2동459,1,,서울특별시 광진구 자양동 639-11,37.5299761,127.0787622,,한전주,02-450-7873,서울특별시 광진구청,2025-12-23
자양2동460,1,,서울특별시 광진구 자양동 640-10,37.5295156291,127.0788815724,,한전주,02-450-7873,서울특별시 광진구청,2025-12-23
자양2동461,1,,서울특별시 광진구 자양동 640-12,37.5295871085,127.0790029027,,한전주,02-450-7873,서울특별시 광진구청,2025-12-23
자양2동462,1,,서울특별시 광진구 자양동 639-13,37.529900,127.0790854995,,한전주,02-450-7873,서울특별시 광진구청,2025-12-23
자양2동463,1,,서울특별시 광진구 자양동 639-4,37.53017217,127.0790836,,한전주,02-450-7873,서울특별시 광진구청,2025-12-23
자양2동464,1,,서울특별시 광진구 자양동 640-22,37.5295595768,127.0793221,,한전주,02-450-7873,서울특별시 광진구청,2025-12-23
자양2동465,1,,서울특별시 광진구 자양동 640-18,37.5294664828,127.0791099134,,건축물,02-450-7873,서울특별시 광진구청,2025-12-23
자양2동466,1,,서울특별시 광진구 자양동 640-25,37.5293358152,127.0792216,,한전주,02-450-7873,서울특별시 광진구청,2025-12-23
자양2동467,1,,서울특별시 광진구 자양동 639-24,37.5298441,127.0795616811,,한전주,02-450-7873,서울특별시 광진구청,2025-12-23
자양2동468,1,,서울특별시 광진구 자양동 640-28,37.5295437087,127.0794974796,,한전주,02-450-7873,서울특별시 광진구청,2025-12-23
자양2동470,1,,서울특별시 광진구 자양동 639-27,37.5299742271,127.0797986,,건축물,02-450-7873,서울특별시 광진구청,2025-12-23
자양2동471,1,,서울특별시 광진구 자양동 639-31,37.5300693972,127.0799657375,,,02-450-7873,서울특별시 광진구청,2025-12-23
자양2동472,1,,서울특별시 광진구 자양동 638-39,37.5302510659,127.0799916,,건축물,02-450-7873,서울특별시 광진구청,2025-12-23
자양2동473,1,,서울특별시 광진구 자양동 639-26,37.5301097122,127.0797729984,,한전주,02-450-7873,서울특별시 광진구청,2025-12-23
자양2동474,1,,서울특별시 광진구 자양동 638-23,37.5304462756,127.0798035,,한전주,02-450-7873,서울특별시 광진구청,2025-12-23
자양2동475,1,,서울특별시 광진구 자양동 639-15,37.5301372155,127.0793266,,한전주,02-450-7873,서울특별시 광진구청,2025-12-23
자양2동476,1,,서울특별시 광진구 자양동 638-35,37.530373172,127.0792271742,,,02-450-7873,서울특별시 광진구청,2025-12-23
자양2동477,1,,서울특별시 광진구 자양동 638-31,37.5304259738,127.0794356,,건축물,02-450-7873,서울특별시 광진구청,2025-12-23
자양2동478,1,,서울특별시 광진구 자양동 638-16,37.5305974141,127.0795206594,,한전주,02-450-7873,서울특별시 광진구청,2025-12-23
자양2동479,1,,서울특별시 광진구 자양동 638,37.5307705414,127.0791856211,,,02-450-7873,서울특별시 광진구청,2025-12-23
자양2동480,1,,서울특별시 광진구 자양동 605-30,37.5309750529,127.078939992,,한전주,02-450-7873,서울특별시 광진구청,2025-12-23
자양2동481,1,,서울특별시 광진구 자양동 605-17,37.53127717,127.0790658509,,한전주,02-450-7873,서울특별시 광진구청,2025-12-23
자양2동482,1,,서울특별시 광진구 자양동 605-5,37.5314203576,127.0791644726,,한전주,02-450-7873,서울특별시 광진구청,2025-12-23
자양2동483,1,,서울특별시 광진구 자양동 605-3,37.5315368618,127.0787530027,,한전주,02-450-7873,서울특별시 광진구청,2025-12-23
자양2동484,1,,서울특별시 광진구 자양2동 605-2,37.5317421,127.0785263,,한전주,02-450-7873,서울특별시 광진구청,2025-12-23
자양2동485,1,,서울특별시 광진구 자양동 605-1,37.5316421696,127.0783756872,,한전주,02-450-7873,서울특별시 광진구청,2025-12-23
자양2동486,1,,서울특별시 광진구 자양동 729-1,37.5316393653,127.078739569,,한전주,02-450-7873,서울특별시 광진구청,2025-12-23
자양2동487,1,,서울특별시 광진구 자양동 604-3,37.5317410705,127.0780803,,한전주,02-450-7873,서울특별시 광진구청,2025-12-23
자양2동488,1,,서울특별시 광진구 자양동 604-2,37.5317270244,127.0778555,,한전주,02-450-7873,서울특별시 광진구청,2025-12-23
자양2동489,1,,서울특별시 광진구 자양동 604,37.5318885001,127.0775969,,한전주,02-450-7873,서울특별시 광진구청,2025-12-23
자양2동490,1,,서울특별시 광진구 자양동 604,37.5318885001,127.0775321,,한전주,02-450-7873,서울특별시 광진구청,2025-12-23
자양2동491,1,,서울특별시 광진구 자양동 607-37,37.5321632,127.0772292,,,02-450-7873,서울특별시 광진구청,2025-12-23
자양2동492,1,,서울특별시 광진구 자양동 728,37.5317531055,127.0767243932,,,02-450-7873,서울특별시 광진구청,2025-12-23
자양2동493,1,,서울특별시 광진구 자양동 602,37.5321353259,127.076531034,,한전주,02-450-7873,서울특별시 광진구청,2025-12-23
자양2동494,1,,서울특별시 광진구 자양동 608-37,37.5323439634,127.0767227905,,건축물,02-450-7873,서울특별시 광진구청,2025-12-23
자양2동495,1,,서울특별시 광진구 자양동 608-34,37.53259817,127.0765386,,건축물,02-450-7873,서울특별시 광진구청,2025-12-23
자양2동496,1,,서울특별시 광진구 자양동 602,37.5321353259,127.076531034,,한전주,02-450-7873,서울특별시 광진구청,2025-12-23
자양2동497,1,,서울특별시 광진구 자양2동 601-2,37.5325233,127.0760037,,한전주,02-450-7873,서울특별시 광진구청,2025-12-23
자양2동498,1,,서울특별시 광진구 자양동 608-30,37.5324973474,127.0762176,,건축물,02-450-7873,서울특별시 광진구청,2025-12-23
자양2동499,1,,서울특별시 광진구 자양동 608-15,37.5326448031,127.0763136,,한전주,02-450-7873,서울특별시 광진구청,2025-12-23
자양2동500,1,,서울특별시 광진구 자양동 607-17,37.53267317,127.0771106,,건축물,02-450-7873,서울특별시 광진구청,2025-12-23
자양2동501,1,,서울특별시 광진구 자양동 607-32,37.5324099838,127.0771733875,,건축물,02-450-7873,서울특별시 광진구청,2025-12-23
자양2동502,1,,서울특별시 광진구 자양동 607-33,37.5323145199,127.0772462516,,한전주,02-450-7873,서울특별시 광진구청,2025-12-23
자양2동503,1,,서울특별시 광진구 자양동 607-42,37.5319184344,127.0780766137,,전용주,02-450-7873,서울특별시 광진구청,2025-12-23
자양2동504,1,,서울특별시 광진구 자양동 607-30,37.5321508109,127.0777908428,,건축물,02-450-7873,서울특별시 광진구청,2025-12-23
자양2동505,1,,서울특별시 광진구 자양동 607-26,37.5320910964,127.0781670779,,한전주,02-450-7873,서울특별시 광진구청,2025-12-23
자양2동506,1,,서울특별시 광진구 자양동 607-10,37.53237417,127.0781060002,,건축물,02-450-7873,서울특별시 광진구청,2025-12-23
자양2동507,1,,서울특별시 광진구 자양동 606-21,37.53201149,127.0786306,,건축물,02-450-7873,서울특별시 광진구청,2025-12-23
자양2동508,1,,서울특별시 광진구 자양동 606-39,37.5317928952,127.0785216,,건축물,02-450-7873,서울특별시 광진구청,2025-12-23
자양2동509,1,,서울특별시 광진구 자양동 606-33,37.53196517,127.0786786,,건축물,02-450-7873,서울특별시 광진구청,2025-12-23
자양2동510,1,,서울특별시 광진구 자양동 606-32,37.5318751853,127.0787566394,,건축물,02-450-7873,서울특별시 광진구청,2025-12-23
자양2동511,1,,서울특별시 광진구 자양동 606-31,37.53187017,127.0788941641,,한전주,02-450-7873,서울특별시 광진구청,2025-12-23
자양2동512,1,,서울특별시 광진구 자양동 606-28,37.53173317,127.0793726,,한전주,02-450-7873,서울특별시 광진구청,2025-12-23
자양2동513,1,,서울특별시 광진구 자양동 606-9,37.53195817,127.0793965044,,한전주,02-450-7873,서울특별시 광진구청,2025-12-23
자양2동514,1,,서울특별시 광진구 자양동 606-10,37.5319921742,127.0792371458,,한전주,02-450-7873,서울특별시 광진구청,2025-12-23
자양2동515,1,,서울특별시 광진구 자양동 606-23,37.5319350376,127.0788706,,건축물,02-450-7873,서울특별시 광진구청,2025-12-23
자양2동516,1,,서울특별시 광진구 자양동 636-10,37.5317882193,127.0797255712,,한전주,02-450-7873,서울특별시 광진구청,2025-12-23
자양2동517,1,,서울특별시 광진구 자양동 596-7,37.5308300499,127.0788528375,,,02-450-7873,서울특별시 광진구청,2025-12-23
자양2동518,1,,서울특별시 광진구 자양동 596-4,37.5309040004,127.0784796789,,,02-450-7873,서울특별시 광진구청,2025-12-23
자양2동519,1,,서울특별시 광진구 자양동 596-10,37.5306897863,127.0784133831,,한전주,02-450-7873,서울특별시 광진구청,2025-12-23
자양2동520,1,,서울특별시 광진구 자양동 605-31,37.5310056317,127.0787216,,건축물,02-450-7873,서울특별시 광진구청,2025-12-23
자양2동521,1,,서울특별시 광진구 자양동 605-16,37.531294399,127.0788146,,한전주,02-450-7873,서울특별시 광진구청,2025-12-23
자양2동522,1,,서울특별시 광진구 자양동 605-4,37.5314758027,127.0789152,,한전주,02-450-7873,서울특별시 광진구청,2025-12-23
자양2동523,1,,서울특별시 광진구 자양동 605-10,37.5315405553,127.0783912,,한전주,02-450-7873,서울특별시 광진구청,2025-12-23
자양2동524,1,,서울특별시 광진구 자양동 605-34,37.5310686598,127.0784097068,,,02-450-7873,서울특별시 광진구청,2025-12-23
자양2동525,1,,서울특별시 광진구 자양동 596-4,37.5309040004,127.0784466,,전용주,02-450-7873,서울특별시 광진구청,2025-12-23
자양2동526,1,,서울특별시 광진구 자양동 596-1,37.5309753053,127.0781540341,,,02-450-7873,서울특별시 광진구청,2025-12-23
자양2동527,1,,서울특별시 광진구 자양동 596-15,37.5307814463,127.0780989608,,건축물,02-450-7873,서울특별시 광진구청,2025-12-23
자양2동528,1,,서울특별시 광진구 자양동 604-11,37.53158817,127.0779477891,,한전주,02-450-7873,서울특별시 광진구청,2025-12-23
자양2동529,1,,서울특별시 광진구 자양동 604-27,37.5311833684,127.0778479903,,한전주,02-450-7873,서울특별시 광진구청,2025-12-23
자양2동530,1,,서울특별시 광진구 자양동 597-4,37.53106617,127.0777990721,,한전주,02-450-7873,서울특별시 광진구청,2025-12-23
자양2동531,1,,서울특별시 광진구 자양동 597-20,37.53069217,127.0776832822,,한전주,02-450-7873,서울특별시 광진구청,2025-12-23
자양2동532,1,,서울특별시 광진구 자양동 597-38,37.5302469634,127.0775657628,,한전주,02-450-7873,서울특별시 광진구청,2025-12-23
자양2동533,1,,서울특별시 광진구 자양동 595-1,37.5304537285,127.0779984942,,한전주,02-450-7873,서울특별시 광진구청,2025-12-23
자양2동534,1,,서울특별시 광진구 자양동 595-6,37.5303590699,127.0784576,,한전주,02-450-7873,서울특별시 광진구청,2025-12-23
자양2동535,1,,서울특별시 광진구 자양동 595-8,37.5302841972,127.0786218063,,한전주,02-450-7873,서울특별시 광진구청,2025-12-23
자양2동536,1,,서울특별시 광진구 자양동 595-30,37.5299794642,127.078343,,한전주,02-450-7873,서울특별시 광진구청,2025-12-23
자양2동537,1,,서울특별시 광진구 자양동 595-18,37.53026717,127.0783866,,한전주,02-450-7873,서울특별시 광진구청,2025-12-23
자양2동538,1,,서울특별시 광진구 자양동 595-28,37.5300412959,127.0780197,,한전주,02-450-7873,서울특별시 광진구청,2025-12-23
자양2동539,1,,서울특별시 광진구 자양동 595-24,37.5301680801,127.0779089331,,한전주,02-450-7873,서울특별시 광진구청,2025-12-23
자양2동540,1,,서울특별시 광진구 자양동 597-39,37.5301851,127.0775463,,한전주,02-450-7873,서울특별시 광진구청,2025-12-23
자양2동541,1,,서울특별시 광진구 자양동 597-42,37.5302523,127.077226,,한전주,02-450-7873,서울특별시 광진구청,2025-12-23
자양2동542,1,,서울특별시 광진구 자양동 597-40,37.5301642738,127.0773426,,,02-450-7873,서울특별시 광진구청,2025-12-23
자양2동543,1,,서울특별시 광진구 자양동 597-30,37.5303980378,127.0774642105,,,02-450-7873,서울특별시 광진구청,2025-12-23
자양2동544,1,,서울특별시 광진구 자양동 597-26,37.53056117,127.0773766,,한전주,02-450-7873,서울특별시 광진구청,2025-12-23
자양2동545,1,,서울특별시 광진구 자양동 597-15,37.5307947088,127.077387575,,한전주,02-450-7873,서울특별시 광진구청,2025-12-23
자양2동546,1,,서울특별시 광진구 자양동 597-7,37.5309771244,127.0774442185,,건축물,02-450-7873,서울특별시 광진구청,2025-12-23
자양2동547,1,,서울특별시 광진구 자양동 597-1,37.5310923395,127.0774791837,,한전주,02-450-7873,서울특별시 광진구청,2025-12-23
자양2동548,1,,서울특별시 광진구 자양동 604-17,37.5313913749,127.0777116,,건축물,02-450-7873,서울특별시 광진구청,2025-12-23
자양2동549,1,,서울특별시 광진구 자양동 604-10,37.5315765888,127.0778124213,,전용주,02-450-7873,서울특별시 광진구청,2025-12-23
자양2동550,1,,서울특별시 광진구 자양동 604-10,37.5315765888,127.0778124213,,건축물,02-450-7873,서울특별시 광진구청,2025-12-23
자양2동552,1,,서울특별시 광진구 자양동 603-8,37.5315704549,127.0772743342,,전용주,02-450-7873,서울특별시 광진구청,2025-12-23
자양2동553,1,,서울특별시 광진구 자양동 604-22,37.53142517,127.0774366396,,한전주,02-450-7873,서울특별시 광진구청,2025-12-23
자양2동554,1,,서울특별시 광진구 자양동 597,37.5311145036,127.0773156,,한전주,02-450-7873,서울특별시 광진구청,2025-12-23
자양2동555,1,,서울특별시 광진구 자양동  597-9,37.5309234417,127.0772286,,,02-450-7873,서울특별시 광진구청,2025-12-23
자양2동556,1,,서울특별시 광진구 자양동 597-9,37.53098817,127.0772206,,한전주,02-450-7873,서울특별시 광진구청,2025-12-23
자양2동557,1,,서울특별시 광진구 자양동 598-19,37.5307922483,127.0770946,,건축물,02-450-7873,서울특별시 광진구청,2025-12-23
자양2동558,1,,서울특별시 광진구 자양동 597-25,37.5305487896,127.0771146,,한전주,02-450-7873,서울특별시 광진구청,2025-12-23
자양2동560,1,,서울특별시 광진구 자양동 597-43,37.5302921,127.0770255,,한전주,02-450-7873,서울특별시 광진구청,2025-12-23
자양2동561,1,,서울특별시 광진구 자양동 593-12,37.5298860985,127.0767595307,,전용주,02-450-7873,서울특별시 광진구청,2025-12-23
자양2동562,1,,서울특별시 광진구 자양동 593-14,37.52972017,127.0767031278,,한전주,02-450-7873,서울특별시 광진구청,2025-12-23
자양2동563,1,,서울특별시 광진구 자양동 593-23,37.5293964142,127.0766055061,,한전주,02-450-7873,서울특별시 광진구청,2025-12-23
자양2동564,1,,서울특별시 광진구 자양동 593-37,37.52919317,127.0764665319,,,02-450-7873,서울특별시 광진구청,2025-12-23
자양2동565,1,,서울특별시 광진구 자양동 594,37.5295368604,127.0782845608,,전용주,02-450-7873,서울특별시 광진구청,2025-12-23
자양2동566,1,,서울특별시 광진구 자양동 594,37.5295368604,127.0782845608,,전용주,02-450-7873,서울특별시 광진구청,2025-12-23
자양2동567,1,,서울특별시 광진구 자양동 594,37.5295368604,127.0782845608,,전용주,02-450-7873,서울특별시 광진구청,2025-12-23
자양2동568,1,,서울특별시 광진구 자양동 594,37.5295368604,127.0782845608,,전용주,02-450-7873,서울특별시 광진구청,2025-12-23
자양2동569,1,,서울특별시 광진구 자양동 594,37.5295368604,127.0782845608,,전용주,02-450-7873,서울특별시 광진구청,2025-12-23
자양2동570,1,,서울특별시 광진구 자양동 593-37,37.52917717,127.0764966,,건축물,02-450-7873,서울특별시 광진구청,2025-12-23
자양2동571,1,,서울특별시 광진구 자양동 593-35,37.52928617,127.0761846,,건축물,02-450-7873,서울특별시 광진구청,2025-12-23
자양2동572,1,,서울특별시 광진구 자양동 593-35,37.529241452,127.0761720454,,,02-450-7873,서울특별시 광진구청,2025-12-23
자양2동573,1,,서울특별시 광진구 자양동 593-24,37.52946817,127.0764296,,한전주,02-450-7873,서울특별시 광진구청,2025-12-23
자양2동574,1,,서울특별시 광진구 자양동 593-20,37.5296062135,127.0765126,,한전주,02-450-7873,서울특별시 광진구청,2025-12-23
자양2동575,1,,서울특별시 광진구 자양동 593-11,37.52999817,127.0766203931,,한전주,02-450-7873,서울특별시 광진구청,2025-12-23
자양2동576,1,,서울특별시 광진구 자양동 598-36,37.5303698,127.0767356422,,한전주,02-450-7873,서울특별시 광진구청,2025-12-23
자양2동577,1,,서울특별시 광진구 자양동 598-34,37.530337447,127.0765638164,,전용주,02-450-7873,서울특별시 광진구청,2025-12-23
자양2동578,1,,서울특별시 광진구 자양동 598-23,37.53077917,127.0766765652,,전용주,02-450-7873,서울특별시 광진구청,2025-12-23
자양2동579,1,,서울특별시 광진구 자양동 598-14,37.53095217,127.0767886,,한전주,02-450-7873,서울특별시 광진구청,2025-12-23
자양2동580,1,,서울특별시 광진구 자양동 598-1,37.531216659,127.0768956,,한전주,02-450-7873,서울특별시 광진구청,2025-12-23
자양2동581,1,,서울특별시 광진구 자양동 598-2,37.5311787077,127.0769859973,,,02-450-7873,서울특별시 광진구청,2025-12-23
자양2동582,1,,서울특별시 광진구 자양동 603-11,37.5314969658,127.0769483103,,,02-450-7873,서울특별시 광진구청,2025-12-23
자양2동583,1,,서울특별시 광진구 자양동 603-20,37.53177217,127.0770706,,,02-450-7873,서울특별시 광진구청,2025-12-23
자양2동584,1,,서울특별시 광진구 자양동 603-22,37.5319924,127.0768289,,건축물,02-450-7873,서울특별시 광진구청,2025-12-23
자양2동585,1,,서울특별시 광진구 자양동 603-22,37.53195317,127.076897149,,건축물,02-450-7873,서울특별시 광진구청,2025-12-23
자양2동586,1,,서울특별시 광진구 자양동 603-3,37.5317132927,127.0772297923,,전용주,02-450-7873,서울특별시 광진구청,2025-12-23
자양2동587,1,,서울특별시 광진구 자양동 603-4,37.5317747236,127.0768420201,,한전주,02-450-7873,서울특별시 광진구청,2025-12-23
자양2동588,1,,서울특별시 광진구 자양동 603-12,37.5315123804,127.0767403,,건축물,02-450-7873,서울특별시 광진구청,2025-12-23
자양2동589,1,,서울특별시 광진구 자양동 603-13,37.5314986,127.0767456966,,,02-450-7873,서울특별시 광진구청,2025-12-23
자양2동590,1,,서울특별시 광진구 자양동 599-2,37.5313204182,127.0763180697,,한전주,02-450-7873,서울특별시 광진구청,2025-12-23
자양2동591,1,,서울특별시 광진구 자양2동 598,37.5313842,127.0766852,,한전주,02-450-7873,서울특별시 광진구청,2025-12-23
자양2동592,1,,서울특별시 광진구 자양동 598,37.5312330589,127.0766212,,,02-450-7873,서울특별시 광진구청,2025-12-23
자양2동593,1,,서울특별시 광진구 자양동 599-5,37.53125117,127.0762771175,,,02-450-7873,서울특별시 광진구청,2025-12-23
자양2동594,1,,서울특별시 광진구 자양동 598-15,37.5309454252,127.076548,,한전주,02-450-7873,서울특별시 광진구청,2025-12-23
자양2동595,1,,서울특별시 광진구 자양동 599-17,37.5308908956,127.0763418432,,,02-450-7873,서울특별시 광진구청,2025-12-23
자양2동596,1,,서울특별시 광진구 자양동 598-25,37.5306291367,127.0765089043,,한전주,02-450-7873,서울특별시 광진구청,2025-12-23
자양2동597,1,,서울특별시 광진구 자양동 598-33,37.530359699,127.0764288686,,한전주,02-450-7873,서울특별시 광진구청,2025-12-23
자양2동598,1,,서울특별시 광진구 자양동 591,37.5302454529,127.0755875915,,한전주,02-450-7873,서울특별시 광진구청,2025-12-23
자양2동599,1,,서울특별시 광진구 자양동 591,37.5302454529,127.0755875915,,전용주,02-450-7873,서울특별시 광진구청,2025-12-23
자양2동600,1,,서울특별시 광진구 자양동 591,37.5302454529,127.0755875915,,한전주,02-450-7873,서울특별시 광진구청,2025-12-23
자양2동601,1,,서울특별시 광진구 자양동 591,37.5302454529,127.0755875915,,한전주,02-450-7873,서울특별시 광진구청,2025-12-23
자양2동602,1,,서울특별시 광진구 자양동 748,37.5291261724,127.0762154023,,전용주,02-450-7873,서울특별시 광진구청,2025-12-23
자양2동603,1,,서울특별시 광진구 자양동 811,37.52941117,127.0757419272,,전용주,02-450-7873,서울특별시 광진구청,2025-12-23
자양2동604,1,,서울특별시 광진구 자양동 811,37.5294813049,127.0757419272,,전용주,02-450-7873,서울특별시 광진구청,2025-12-23
자양2동605,1,,서울특별시 광진구 자양동 747,37.5295350006,127.0750981885,,전용주,02-450-7873,서울특별시 광진구청,2025-12-23
자양2동606,1,,서울특별시 광진구 자양2동 747,37.529616,127.0752588,,한전주,02-450-7873,서울특별시 광진구청,2025-12-23
자양2동607,1,,서울특별시 광진구 자양동 591-12,37.5297311914,127.0749751282,,한전주,02-450-7873,서울특별시 광진구청,2025-12-23
자양2동608,1,,서울특별시 광진구 자양동 591-12,37.5297311914,127.0749751282,,,02-450-7873,서울특별시 광진구청,2025-12-23
자양2동609,1,,서울특별시 광진구 자양동 591,37.5302454529,127.0755875915,,한전주,02-450-7873,서울특별시 광진구청,2025-12-23
자양2동610,1,,서울특별시 광진구 자양동 591,37.5302454529,127.0755875915,,한전주,02-450-7873,서울특별시 광진구청,2025-12-23
자양2동611,1,,서울특별시 광진구 자양동 591,37.5302454529,127.0755875915,,한전주,02-450-7873,서울특별시 광진구청,2025-12-23
자양2동612,1,,서울특별시 광진구 자양동 600-27,37.5306258511,127.0754136,,건축물,02-450-7873,서울특별시 광진구청,2025-12-23
자양2동613,1,,서울특별시 광진구 자양동 600-25,37.5307100768,127.0754586,,한전주,02-450-7873,서울특별시 광진구청,2025-12-23
자양2동614,1,,서울특별시 광진구 자양동 600-12,37.53085817,127.0756906,,한전주,02-450-7873,서울특별시 광진구청,2025-12-23
자양2동615,1,,서울특별시 광진구 자양동 599-28,37.5306209526,127.0759272647,,한전주,02-450-7873,서울특별시 광진구청,2025-12-23
자양2동616,1,,서울특별시 광진구 자양동 591,37.5302454529,127.0755875915,,한전주,02-450-7873,서울특별시 광진구청,2025-12-23
자양2동617,1,,서울특별시 광진구 자양동 591,37.5302454529,127.0755875915,,한전주,02-450-7873,서울특별시 광진구청,2025-12-23
자양2동618,1,,서울특별시 광진구 자양동 600-26,37.53063417,127.0755821072,,한전주,02-450-7873,서울특별시 광진구청,2025-12-23
자양2동619,1,,서울특별시 광진구 자양동 600-10,37.53107417,127.0757646,,한전주,02-450-7873,서울특별시 광진구청,2025-12-23
자양2동620,1,,서울특별시 광진구 자양동 600-3,37.5312663468,127.0757759763,,한전주,02-450-7873,서울특별시 광진구청,2025-12-23
자양2동621,1,,서울특별시 광진구 자양동 600-3,37.5312663468,127.0757136,,,02-450-7873,서울특별시 광진구청,2025-12-23
자양2동622,1,,서울특별시 광진구 자양동 599-6,37.5311978339,127.0761133937,,,02-450-7873,서울특별시 광진구청,2025-12-23
자양2동623,1,,서울특별시 광진구 자양동 600-2,37.5313871779,127.0757653505,,한전주,02-450-7873,서울특별시 광진구청,2025-12-23
자양2동624,1,,서울특별시 광진구 자양동 601-18,37.5317198522,127.0758671713,,한전주,02-450-7873,서울특별시 광진구청,2025-12-23
자양2동625,1,,서울특별시 광진구 자양동 601-21,37.53200817,127.0760436,,건축물,02-450-7873,서울특별시 광진구청,2025-12-23
자양2동626,1,,서울특별시 광진구 자양동 601-2,37.5323494444,127.0760497356,,,02-450-7873,서울특별시 광진구청,2025-12-23
자양2동627,1,,서울특별시 광진구 자양동 601-9,37.531948748,127.0755212015,,전용주,02-450-7873,서울특별시 광진구청,2025-12-23
자양2동628,1,,서울특별시 광진구 자양동 600,37.5313918518,127.0753605511,,한전주,02-450-7873,서울특별시 광진구청,2025-12-23
자양2동629,1,,서울특별시 광진구 자양동 601-19,37.5315836076,127.0757456,,건축물,02-450-7873,서울특별시 광진구청,2025-12-23
자양2동630,1,,서울특별시 광진구 자양동 600-14,37.5311657388,127.0753004744,,한전주,02-450-7873,서울특별시 광진구청,2025-12-23
자양2동631,1,,서울특별시 광진구 자양동 600-30,37.5310344438,127.0754506,,건축물,02-450-7873,서울특별시 광진구청,2025-12-23
자양2동632,1,,서울특별시 광진구 자양동 594,37.5295368604,127.0782845608,,한전주,02-450-7873,서울특별시 광진구청,2025-12-23
자양2동633,1,,서울특별시 광진구 자양동 597-40,37.5301447,127.0773943906,,전용주,02-450-7873,서울특별시 광진구청,2025-12-23
자양2동634,1,,서울특별시 광진구 자양동 594,37.5295368604,127.0782845608,,전용주,02-450-7873,서울특별시 광진구청,2025-12-23
자양2동636,1,,서울특별시 광진구 자양2동 752-3,37.5289246,127.0858771,,전용주,02-450-7873,서울특별시 광진구청,2025-12-23
자양2동637,1,,서울특별시 광진구 자양2동 668,37.5288255,127.0855431,,전용주,02-450-7873,서울특별시 광진구청,2025-12-23
자양2동639,1,,서울특별시 광진구 자양동 596-26,37.5306897,127.0779024941,,,02-450-7873,서울특별시 광진구청,2025-12-23
자양2동640,1,,서울특별시 광진구 자양동 741,37.5303952285,127.0812083079,,,02-450-7873,서울특별시 광진구청,2025-12-23
자양2동641,1,,서울특별시 광진구 자양동 648-20,37.5296767,127.080165397,,,02-450-7873,서울특별시 광진구청,2025-12-23
자양2동642,1,,서울특별시 광진구 자양동 648-25,37.5295396,127.0806834,,,02-450-7873,서울특별시 광진구청,2025-12-23
자양2동643,1,,서울특별시 광진구 자양동 601-2,37.5323494444,127.0760941,,,02-450-7873,서울특별시 광진구청,2025-12-23
자양2동644,1,,서울특별시 광진구 자양동 601-2,37.53238587,127.0760497356,,,02-450-7873,서울특별시 광진구청,2025-12-23
자양2동645,1,,서울특별시 광진구 자양동 666-14,37.5291075174,127.083439833,,건축물,02-450-7873,서울특별시 광진구청,2025-12-23
자양2동646,1,,서울특별시 광진구 자양동 694-3,37.5334209,127.0890153575,,한전주,02-450-7873,서울특별시 광진구청,2025-12-23
자양2동647,1,,서울특별시 광진구 자양동 680-81,37.5348391173,127.0875845066,,한전주,02-450-7873,서울특별시 광진구청,2025-12-23
자양2동648,1,,서울특별시 광진구 자양동 599-3,37.5312626,127.0764580604,,한전주,02-450-7873,서울특별시 광진구청,2025-12-23
자양2동649,1,,서울특별시 광진구 자양동 672,37.528077,127.0846720279,,전용주,02-450-7873,서울특별시 광진구청,2025-12-23
자양2동650,1,,서울특별시 광진구 자양동 672,37.5280274,127.0846720279,,전용주,02-450-7873,서울특별시 광진구청,2025-12-23
자양2동651,1,,서울특별시 광진구 자양동 672-25,37.527883465,127.0848602105,,전용주,02-450-7873,서울특별시 광진구청,2025-12-23
자양2동652,1,,서울특별시 광진구 자양동 672-25,37.527883465,127.0848602105,,전용주,02-450-7873,서울특별시 광진구청,2025-12-23
자양2동653,1,,서울특별시 광진구 자양동 673,37.5285625127,127.085937309,,전용주,02-450-7873,서울특별시 광진구청,2025-12-23
자양2동654,1,,서울특별시 광진구 자양동 752-2,37.5291841054,127.086678753,,전용주,02-450-7873,서울특별시 광진구청,2025-12-23
자양2동655,1,,서울특별시 광진구 자양동 673,37.5285763,127.085937309,,전용주,02-450-7873,서울특별시 광진구청,2025-12-23
자양2동656,1,,서울특별시 광진구 자양동 673,37.5285625127,127.085937309,,전용주,02-450-7873,서울특별시 광진구청,2025-12-23
자양2동657,1,,서울특별시 광진구 자양동 673,37.5285625127,127.085937309,,전용주,02-450-7873,서울특별시 광진구청,2025-12-23
자양2동658,1,,서울특별시 광진구 자양동 759,37.528055069,127.0859920102,,전용주,02-450-7873,서울특별시 광진구청,2025-12-23
자양2동659,1,,서울특별시 광진구 자양동 759,37.528055069,127.0859547,,전용주,02-450-7873,서울특별시 광진구청,2025-12-23
자양2동660,1,,서울특별시 광진구 자양동 759,37.528055069,127.0859920102,,전용주,02-450-7873,서울특별시 광진구청,2025-12-23
자양2동662,1,,서울특별시 광진구 자양동 687-15,37.5322108693,127.0887008901,,건축물,02-450-7873,서울특별시 광진구청,2025-12-23
자양2동663,1,,서울특별시 광진구 자양동 680-47,37.5333658345,127.0869646,,건축물,02-450-7873,서울특별시 광진구청,2025-12-23
자양2동664,1,,서울특별시 광진구 자양동 667-20,37.5300054984,127.0847710732,,,02-450-7873,서울특별시 광진구청,2025-12-23
자양2동665,1,,서울특별시 광진구 자양동 601-3,37.5322744219,127.075721219,,한전주,02-450-7873,서울특별시 광진구청,2025-12-23
자양2동666,1,,서울특별시 광진구 자양동 611-34,37.5344979,127.0773816,,,02-450-7873,서울특별시 광진구청,2025-12-23
자양2동667,1,,서울특별시 광진구 자양동 649-23,37.5301240721,127.0809415,,건축물,02-450-7873,서울특별시 광진구청,2025-12-23
자양2동668,1,,서울특별시 광진구 자양동 651-37,37.5304801,127.0821953,,건축물,02-450-7873,서울특별시 광진구청,2025-12-23
자양2동669,1,,서울특별시 광진구 자양동 597-3,37.5310552749,127.0776674045,,,02-450-7873,서울특별시 광진구청,2025-12-23
자양2동670,1,,서울특별시 광진구 자양동 680-50,37.5335337923,127.0870141,,건축물,02-450-7873,서울특별시 광진구청,2025-12-23
자양2동671,1,,서울특별시 광진구 자양동 642,37.5285339552,127.0784211952,,전용주,02-450-7873,서울특별시 광진구청,2025-12-23
자양2동672,1,,서울특별시 광진구 자양동 594,37.5295368604,127.0782845608,,전용주,02-450-7873,서울특별시 광진구청,2025-12-23
자양2동673,1,,서울특별시 광진구 중곡동 275-11,37.5586835155,127.0837452384,,,02-450-7873,서울특별시 광진구청,2025-12-23
자양2동674,1,,서울특별시 광진구 중곡동 275-11,37.5586835155,127.0837452384,,,02-450-7873,서울특별시 광진구청,2025-12-23
자양2동675,1,,서울특별시 광진구 자양동 686-7,37.5309427292,127.0871107741,,,02-450-7873,서울특별시 광진구청,2025-12-23
자양2동676,1,,서울특별시 광진구 자양동 680-45,37.5331601409,127.0870841,,한전주,02-450-7873,서울특별시 광진구청,2025-12-23
자양2동677,1,,서울특별시 광진구 자양동 662,37.5314935712,127.0834083236,,한전주,02-450-7873,서울특별시 광진구청,2025-12-23
자양2동678,1,,서울특별시 광진구 자양동 662,37.5314935712,127.0834083236,,한전주,02-450-7873,서울특별시 광진구청,2025-12-23
자양2동679,1,,서울특별시 광진구 자양동 662,37.5314935712,127.0834083236,,한전주,02-450-7873,서울특별시 광진구청,2025-12-23
자양2동680,1,,서울특별시 광진구 자양동 588-4,37.5306458948,127.0725777756,,,02-450-7873,서울특별시 광진구청,2025-12-23
자양2동681,1,,서울특별시 광진구 자양동 690-21,37.5305973798,127.0879558361,,건축물,02-450-7873,서울특별시 광진구청,2025-12-23
자양2동682,1,,서울특별시 광진구 자양동 680-60,37.5335522728,127.0873375,,,02-450-7873,서울특별시 광진구청,2025-12-23
자양2동683,1,,서울특별시 광진구 자양동 680-77,37.5328808937,127.0862721,,,02-450-7873,서울특별시 광진구청,2025-12-23
자양2동684,1,,서울특별시 광진구 자양동 749,37.5290356927,127.0798476853,,,02-450-7873,서울특별시 광진구청,2025-12-23
자양2동685,1,,서울특별시 광진구 자양동 594,37.5295368604,127.0782845608,,,02-450-7873,서울특별시 광진구청,2025-12-23
자양2동686,1,,서울특별시 광진구 자양동 647-21,37.5290774,127.0807847,,건축물,02-450-7873,서울특별시 광진구청,2025-12-23
자양2동687,1,,서울특별시 광진구 자양동 686-1,37.5310473059,127.0873131153,,한전주,02-450-7873,서울특별시 광진구청,2025-12-23
자양2동688,1,,서울특별시 광진구 중곡동 275-11,37.5586835155,127.0837452384,,,02-450-7873,서울특별시 광진구청,2025-12-23
자양2동689,1,,서울특별시 광진구 자양동 686-52,37.5321498099,127.0879959,,한전주,02-450-7873,서울특별시 광진구청,2025-12-23
자양2동691,1,,서울특별시 광진구 자양동 686-36,37.5316975956,127.0874659985,,한전주,02-450-7873,서울특별시 광진구청,2025-12-23
자양2동692,1,,서울특별시 광진구 자양동 740,37.5303989093,127.0787356827,,한전주,02-450-7873,서울특별시 광진구청,2025-12-23
자양2동693,1,,서울특별시 광진구 자양동 649-11,37.5300813706,127.0814306221,,한전주,02-450-7873,서울특별시 광진구청,2025-12-23
자양2동694,1,,서울특별시 광진구 자양동 604-2,37.5317270244,127.0778201,,한전주,02-450-7873,서울특별시 광진구청,2025-12-23
자양2동695,1,,서울특별시 광진구 자양동 599-33,37.5305313255,127.075999119,,한전주,02-450-7873,서울특별시 광진구청,2025-12-23
자양2동696,1,,서울특별시 광진구 자양동 686-2,37.5308858,127.0871918,,건축물,02-450-7873,서울특별시 광진구청,2025-12-23
자양2동697,1,,서울특별시 광진구 자양동 690-33,37.5304096481,127.0875423317,,,02-450-7873,서울특별시 광진구청,2025-12-23
자양2동698,1,,서울특별시 광진구 자양동 690-57,37.5303861087,127.0889584,,,02-450-7873,서울특별시 광진구청,2025-12-23
자양2동699,1,,서울특별시 광진구 자양동 693,37.5322671,127.0901621261,,,02-450-7873,서울특별시 광진구청,2025-12-23
자양2동700,1,,서울특별시 광진구 자양동 813,37.5298957755,127.0896264644,,한전주,02-450-7873,서울특별시 광진구청,2025-12-23
자양2동701,1,,서울특별시 광진구 자양동 743,37.5304066748,127.0849773383,,,02-450-7873,서울특별시 광진구청,2025-12-23
자양2동702,1,,서울특별시 광진구 자양동 742,37.5303889075,127.0836439691,,,02-450-7873,서울특별시 광진구청,2025-12-23
자양2동703,1,,서울특별시 광진구 자양동 742,37.5303889075,127.0836439691,,한전주,02-450-7873,서울특별시 광진구청,2025-12-23
자양2동704,1,,서울특별시 광진구 자양동 749,37.5290356927,127.0798476853,,한전주,02-450-7873,서울특별시 광진구청,2025-12-23
자양2동705,1,,서울특별시 광진구 자양동 667-30,37.529998671,127.0844209,,,02-450-7873,서울특별시 광진구청,2025-12-23
자양2동706,1,,서울특별시 광진구 자양동 667-31,37.5298282478,127.0844267171,,건축물,02-450-7873,서울특별시 광진구청,2025-12-23
자양3동001,1,,서울특별시 광진구 자양동 504,37.5346820949,127.0699952764,,전용주,02-450-7873,서울특별시 광진구청,2025-12-23
자양3동002,1,,서울특별시 광진구 자양동 504,37.5346820949,127.0699952764,,한전주,02-450-7873,서울특별시 광진구청,2025-12-23
자양3동003,1,,서울특별시 광진구 자양동 554-6,37.5341178174,127.0690266,,한전주,02-450-7873,서울특별시 광진구청,2025-12-23
자양3동004,1,,서울특별시 광진구 자양동 790,37.53395017,127.0689660731,,전용주,02-450-7873,서울특별시 광진구청,2025-12-23
자양3동005,1,,서울특별시 광진구 자양동 554-10,37.53404917,127.0685386,,전용주,02-450-7873,서울특별시 광진구청,2025-12-23
자양3동006,1,,서울특별시 광진구 자양동 554-5,37.5338217016,127.0686971,,전용주,02-450-7873,서울특별시 광진구청,2025-12-23
자양3동006,1,,서울특별시 광진구 자양동 553-339,37.5338437808,127.0683425258,,전용주,02-450-7873,서울특별시 광진구청,2025-12-23
자양3동006,1,,서울특별시 광진구 자양동 553-339,37.5338437808,127.0683425258,,,02-450-7873,서울특별시 광진구청,2025-12-23
자양3동006,1,,서울특별시 광진구 자양동 553-339,37.5338303,127.0683139,,전용주,02-450-7873,서울특별시 광진구청,2025-12-23
자양3동007,1,,서울특별시 광진구 자양동 504,37.5346820949,127.0699952764,,전용주,02-450-7873,서울특별시 광진구청,2025-12-23
자양3동008,1,,서울특별시 광진구 자양동 554-13,37.5340654592,127.0692153848,,한전주,02-450-7873,서울특별시 광진구청,2025-12-23
자양3동009,1,,서울특별시 광진구 자양동 504,37.5346820949,127.0699952764,,전용주,02-450-7873,서울특별시 광진구청,2025-12-23
자양3동010,1,,서울특별시 광진구 자양동 497-2,37.5331090557,127.0716796695,,전용주,02-450-7873,서울특별시 광진구청,2025-12-23
자양3동011,1,,서울특별시 광진구 자양동 761,37.5344015213,127.0703019671,,전용주,02-450-7873,서울특별시 광진구청,2025-12-23
자양3동012,1,,서울특별시 광진구 자양동 761,37.5344909,127.0703019671,,전용주,02-450-7873,서울특별시 광진구청,2025-12-23
자양3동013,1,,서울특별시 광진구 자양동 497-2,37.5331090557,127.0716796695,,한전주,02-450-7873,서울특별시 광진구청,2025-12-23
자양3동014,1,,서울특별시 광진구 자양동 761,37.5344015213,127.0703019671,,한전주,02-450-7873,서울특별시 광진구청,2025-12-23
자양3동015,1,,서울특별시 광진구 자양동 761,37.5344015213,127.0703076,,전용주,02-450-7873,서울특별시 광진구청,2025-12-23
자양3동016,1,,서울특별시 광진구 자양동 761,37.5344015213,127.0703019671,,전용주,02-450-7873,서울특별시 광진구청,2025-12-23
자양3동017,1,,서울특별시 광진구 자양동 553-242,37.5337414201,127.071250936,,전용주,02-450-7873,서울특별시 광진구청,2025-12-23
자양3동018,1,,서울특별시 광진구 자양3동 553-632,37.5339567,127.0715054,,한전주,02-450-7873,서울특별시 광진구청,2025-12-23
자양3동019,1,,서울특별시 광진구 자양3동 789,37.5337039,127.0713869,,한전주,02-450-7873,서울특별시 광진구청,2025-12-23
자양3동020,1,,서울특별시 광진구 자양3동 789,37.5334686,127.0713077,,한전주,02-450-7873,서울특별시 광진구청,2025-12-23
자양3동021,1,,서울특별시 광진구 자양동 792,37.5335788493,127.0711166,,전용주,02-450-7873,서울특별시 광진구청,2025-12-23
자양3동022,1,,서울특별시 광진구 자양동 792,37.5335788493,127.0711516704,,전용주,02-450-7873,서울특별시 광진구청,2025-12-23
자양3동023,1,,서울특별시 광진구 자양동 792,37.5335788493,127.0711516704,,전용주,02-450-7873,서울특별시 광진구청,2025-12-23
자양3동024,1,,서울특별시 광진구 자양동 498-2,37.5326967942,127.0706601488,,한전주,02-450-7873,서울특별시 광진구청,2025-12-23
자양3동025,1,,서울특별시 광진구 자양3동 498-2,37.5329491,127.0705561,,한전주,02-450-7873,서울특별시 광진구청,2025-12-23
자양3동026,1,,서울특별시 광진구 자양동 498-2,37.5326967942,127.0706601488,,전용주,02-450-7873,서울특별시 광진구청,2025-12-23
자양3동027,1,,서울특별시 광진구 자양동 497-2,37.5331090557,127.0716796695,,전용주,02-450-7873,서울특별시 광진구청,2025-12-23
자양3동028,1,,서울특별시 광진구 자양동 788,37.5331628912,127.0694292897,,전용주,02-450-7873,서울특별시 광진구청,2025-12-23
자양3동029,1,,서울특별시 광진구 자양동 788,37.5331628912,127.0694292897,,전용주,02-450-7873,서울특별시 광진구청,2025-12-23
자양3동030,1,,서울특별시 광진구 자양3동 497-2,37.5339604,127.0696836,,한전주,02-450-7873,서울특별시 광진구청,2025-12-23
자양3동031,1,,서울특별시 광진구 자양3동 497-2,37.5337614,127.0695843,,한전주,02-450-7873,서울특별시 광진구청,2025-12-23
자양3동032,1,,서울특별시 광진구 자양동 788,37.5331628912,127.0694292897,,전용주,02-450-7873,서울특별시 광진구청,2025-12-23
자양3동033,1,,서울특별시 광진구 자양동 497-2,37.5331090557,127.0716796695,,한전주,02-450-7873,서울특별시 광진구청,2025-12-23
자양3동034,1,,서울특별시 광진구 자양동 788,37.5331628912,127.0694292897,,전용주,02-450-7873,서울특별시 광진구청,2025-12-23
자양3동035,1,,서울특별시 광진구 자양동 553-273,37.533262013,127.0689480849,,한전주,02-450-7873,서울특별시 광진구청,2025-12-23
자양3동036,1,,서울특별시 광진구 자양동 553-316,37.5320990498,127.070392466,,한전주,02-450-7873,서울특별시 광진구청,2025-12-23
자양3동037,1,,서울특별시 광진구 자양동 497-6,37.53206399,127.0708626345,,건축물,02-450-7873,서울특별시 광진구청,2025-12-23
자양3동038,1,,서울특별시 광진구 자양동 497-6,37.53206617,127.0708626345,,한전주,02-450-7873,서울특별시 광진구청,2025-12-23
자양3동039,1,,서울특별시 광진구 자양동 495-5,37.5316767326,127.071174188,,한전주,02-450-7873,서울특별시 광진구청,2025-12-23
자양3동040,1,,서울특별시 광진구 자양동 497-6,37.53206399,127.0708696,,건축물,02-450-7873,서울특별시 광진구청,2025-12-23
자양3동041,1,,서울특별시 광진구 자양동 497-4,37.5322704564,127.0706253,,한전주,02-450-7873,서울특별시 광진구청,2025-12-23
자양3동042,1,,서울특별시 광진구 자양동 497-7,37.53258217,127.0704226,,한전주,02-450-7873,서울특별시 광진구청,2025-12-23
자양3동043,1,,서울특별시 광진구 자양동 787,37.5319556306,127.0715583297,,한전주,02-450-7873,서울특별시 광진구청,2025-12-23
자양3동044,1,,서울특별시 광진구 자양동 497-12,37.5321320144,127.0710146434,,한전주,02-450-7873,서울특별시 광진구청,2025-12-23
자양3동045,1,,서울특별시 광진구 자양동 787,37.53193117,127.0715583297,,전용주,02-450-7873,서울특별시 광진구청,2025-12-23
자양3동046,1,,서울특별시 광진구 자양3동 787,37.5326998,127.0709326,,한전주,02-450-7873,서울특별시 광진구청,2025-12-23
자양3동047,1,,서울특별시 광진구 자양동 786,37.5331554425,127.0711956189,,한전주,02-450-7873,서울특별시 광진구청,2025-12-23
자양3동048,1,,서울특별시 광진구 자양동 786,37.5331554425,127.0711956189,,전용주,02-450-7873,서울특별시 광진구청,2025-12-23
자양3동048,1,,서울특별시 광진구 자양동 786,37.5331554425,127.0711038,,전용주,02-450-7873,서울특별시 광진구청,2025-12-23
자양3동048,1,,서울특별시 광진구 자양동 786,37.5331554425,127.0711956189,,전용주,02-450-7873,서울특별시 광진구청,2025-12-23
자양3동048,1,,서울특별시 광진구 자양동 786,37.5331554425,127.0711956189,,전용주,02-450-7873,서울특별시 광진구청,2025-12-23
자양3동049,1,,서울특별시 광진구 자양3동 787,37.5325189,127.0719984,,한전주,02-450-7873,서울특별시 광진구청,2025-12-23
자양3동050,1,,서울특별시 광진구 자양동 787,37.5319556306,127.0715819,,한전주,02-450-7873,서울특별시 광진구청,2025-12-23
자양3동051,1,,서울특별시 광진구 자양3동 786,37.5332425,127.0711974,,한전주,02-450-7873,서울특별시 광진구청,2025-12-23
자양3동052,1,,서울특별시 광진구 자양동 454-6,37.5333012437,127.073102953,,전용주,02-450-7873,서울특별시 광진구청,2025-12-23
자양3동053,1,,서울특별시 광진구 자양동 454-6,37.5333012437,127.073102953,,전용주,02-450-7873,서울특별시 광진구청,2025-12-23
자양3동054,1,,서울특별시 광진구 자양동 520-10,37.5337344,127.072894,,전용주,02-450-7873,서울특별시 광진구청,2025-12-23
자양3동055,1,,서울특별시 광진구 자양동 520-10,37.5338754,127.0728514,,전용주,02-450-7873,서울특별시 광진구청,2025-12-23
자양3동056,1,,서울특별시 광진구 자양동 559-22,37.5330669558,127.073259461,,,02-450-7873,서울특별시 광진구청,2025-12-23
자양3동057,1,,서울특별시 광진구 자양동 789-2,37.5331300445,127.0726182,,전용주,02-450-7873,서울특별시 광진구청,2025-12-23
자양3동058,1,,서울특별시 광진구 자양동 462-4,37.533204421,127.0727906,,건축물,02-450-7873,서울특별시 광진구청,2025-12-23
자양3동059,1,,서울특별시 광진구 자양동 461-5,37.5332155,127.0728376967,,한전주,02-450-7873,서울특별시 광진구청,2025-12-23
자양3동060,1,,서울특별시 광진구 자양동 466-6,37.5327929255,127.0726252,,한전주,02-450-7873,서울특별시 광진구청,2025-12-23
자양3동061,1,,서울특별시 광진구 자양동 466-5,37.5327983104,127.0724336,,전용주,02-450-7873,서울특별시 광진구청,2025-12-23
자양3동062,1,,서울특별시 광진구 자양동 466-15,37.532810693,127.0727179175,,건축물,02-450-7873,서울특별시 광진구청,2025-12-23
자양3동063,1,,서울특별시 광진구 자양3동 469-1,37.5326399,127.0724834,,한전주,02-450-7873,서울특별시 광진구청,2025-12-23
자양3동064,1,,서울특별시 광진구 자양동 787,37.5319556306,127.0715583297,,한전주,02-450-7873,서울특별시 광진구청,2025-12-23
자양3동065,1,,서울특별시 광진구 자양동 471,37.5323735962,127.0726060517,,,02-450-7873,서울특별시 광진구청,2025-12-23
자양3동066,1,,서울특별시 광진구 자양동 466-16,37.53269717,127.0727866,,전용주,02-450-7873,서울특별시 광진구청,2025-12-23
자양3동067,1,,서울특별시 광진구 자양동 462-9,37.5328657896,127.0730836,,건축물,02-450-7873,서울특별시 광진구청,2025-12-23
자양3동068,1,,서울특별시 광진구 자양동 463-1,37.5327970677,127.0731882235,,전용주,02-450-7873,서울특별시 광진구청,2025-12-23
자양3동069,1,,서울특별시 광진구 자양동 462-20,37.53316817,127.0729294852,,한전주,02-450-7873,서울특별시 광진구청,2025-12-23
자양3동070,1,,서울특별시 광진구 자양동 520-2,37.5337996354,127.0731492646,,한전주,02-450-7873,서울특별시 광진구청,2025-12-23
자양3동071,1,,서울특별시 광진구 자양동 462-2,37.533163381,127.0730970515,,한전주,02-450-7873,서울특별시 광진구청,2025-12-23
자양3동072,1,,서울특별시 광진구 자양3동 454-6,37.5330528,127.0734287,,한전주,02-450-7873,서울특별시 광진구청,2025-12-23
자양3동073,1,,서울특별시 광진구 자양동 454-6,37.5333012437,127.073102953,,한전주,02-450-7873,서울특별시 광진구청,2025-12-23
자양3동074,1,,서울특별시 광진구 자양동 453-2,37.5337996354,127.0731492646,,전용주,02-450-7873,서울특별시 광진구청,2025-12-23
자양3동075,1,,서울특별시 광진구 자양동 452,37.5337996354,127.0731492646,,전용주,02-450-7873,서울특별시 광진구청,2025-12-23
자양3동076,1,,서울특별시 광진구 자양동 581-13,37.5326465776,127.0746296,,건축물,02-450-7873,서울특별시 광진구청,2025-12-23
자양3동077,1,,서울특별시 광진구 자양동 581-9,37.5327745767,127.0748226,,전용주,02-450-7873,서울특별시 광진구청,2025-12-23
자양3동078,1,,서울특별시 광진구 자양동 581-10,37.5326832412,127.0748976,,건축물,02-450-7873,서울특별시 광진구청,2025-12-23
자양3동079,1,,서울특별시 광진구 자양동 581-10,37.5326832412,127.0748906,,,02-450-7873,서울특별시 광진구청,2025-12-23
자양3동080,1,,서울특별시 광진구 자양동 583-2,37.5322834217,127.0750206,,한전주,02-450-7873,서울특별시 광진구청,2025-12-23
자양3동081,1,,서울특별시 광진구 자양동 583-16,37.5323215195,127.0747344,,한전주,02-450-7873,서울특별시 광진구청,2025-12-23
자양3동082,1,,서울특별시 광진구 자양동 582,37.5324571344,127.0743193903,,건축물,02-450-7873,서울특별시 광진구청,2025-12-23
자양3동083,1,,서울특별시 광진구 자양동 452-2,37.53265717,127.0742486,,한전주,02-450-7873,서울특별시 광진구청,2025-12-23
자양3동084,1,,서울특별시 광진구 자양동 582-5,37.5323856209,127.0741346774,,전용주,02-450-7873,서울특별시 광진구청,2025-12-23
자양3동085,1,,서울특별시 광진구 자양동 464-39,37.532629893,127.0735410533,,한전주,02-450-7873,서울특별시 광진구청,2025-12-23
자양3동086,1,,서울특별시 광진구 자양동 464-39,37.532629893,127.0735546,,한전주,02-450-7873,서울특별시 광진구청,2025-12-23
자양3동087,1,,서울특별시 광진구 자양동 464-6,37.5323698736,127.0733810465,,한전주,02-450-7873,서울특별시 광진구청,2025-12-23
자양3동088,1,,서울특별시 광진구 자양동 464-8,37.5322769681,127.0732556,,건축물,02-450-7873,서울특별시 광진구청,2025-12-23
자양3동089,1,,서울특별시 광진구 자양동 464-3,37.532468175,127.0732322524,,전용주,02-450-7873,서울특별시 광진구청,2025-12-23
자양3동090,1,,서울특별시 광진구 자양동 469-1,37.5320256506,127.0722446189,,한전주,02-450-7873,서울특별시 광진구청,2025-12-23
자양3동091,1,,서울특별시 광진구 자양동 464-2,37.5322624355,127.0730681,,한전주,02-450-7873,서울특별시 광진구청,2025-12-23
자양3동092,1,,서울특별시 광진구 자양동 474-12,37.5319801611,127.0728465409,,전용주,02-450-7873,서울특별시 광진구청,2025-12-23
자양3동093,1,,서울특별시 광진구 자양동 474-2,37.5319643807,127.0731886,,건축물,02-450-7873,서울특별시 광진구청,2025-12-23
자양3동094,1,,서울특별시 광진구 자양동 464-14,37.5320722372,127.0733319536,,한전주,02-450-7873,서울특별시 광진구청,2025-12-23
자양3동095,1,,서울특별시 광진구 자양동 727,37.5317478137,127.0752521968,,한전주,02-450-7873,서울특별시 광진구청,2025-12-23
자양3동096,1,,서울특별시 광진구 자양동 464-23,37.53235017,127.0736926,,건축물,02-450-7873,서울특별시 광진구청,2025-12-23
자양3동097,1,,서울특별시 광진구 자양동 582-12,37.5321822839,127.0738167841,,건축물,02-450-7873,서울특별시 광진구청,2025-12-23
자양3동098,1,,서울특별시 광진구 자양동 582-10,37.5322759065,127.0739470986,,한전주,02-450-7873,서울특별시 광진구청,2025-12-23
자양3동099,1,,서울특별시 광진구 자양동 582-9,37.5321907145,127.0740228171,,전용주,02-450-7873,서울특별시 광진구청,2025-12-23
자양3동100,1,,서울특별시 광진구 자양동 582-4,37.5322894445,127.0741977134,,건축물,02-450-7873,서울특별시 광진구청,2025-12-23
자양3동101,1,,서울특별시 광진구 자양3동 582-19,37.5322417,127.0745617,,,02-450-7873,서울특별시 광진구청,2025-12-23
자양3동102,1,,서울특별시 광진구 자양3동 727,37.5320521,127.074516,,한전주,02-450-7873,서울특별시 광진구청,2025-12-23
자양3동103,1,,서울특별시 광진구 자양동 727,37.5317478137,127.0752521968,,한전주,02-450-7873,서울특별시 광진구청,2025-12-23
자양3동104,1,,서울특별시 광진구 자양동 582-19,37.5318849364,127.0742752645,,건축물,02-450-7873,서울특별시 광진구청,2025-12-23
자양3동105,1,,서울특별시 광진구 자양동 582-19,37.5318849364,127.0742208,,한전주,02-450-7873,서울특별시 광진구청,2025-12-23
자양3동106,1,,서울특별시 광진구 자양동 582-17,37.5320313215,127.0741116,,건축물,02-450-7873,서울특별시 광진구청,2025-12-23
자양3동107,1,,서울특별시 광진구 자양동 586-1,37.5316863885,127.0736474944,,한전주,02-450-7873,서울특별시 광진구청,2025-12-23
자양3동108,1,,서울특별시 광진구 자양동 586-1,37.5316863885,127.0736474944,,건축물,02-450-7873,서울특별시 광진구청,2025-12-23
자양3동109,1,,서울특별시 광진구 자양동 787-1,37.5322648268,127.0724896401,,전용주,02-450-7873,서울특별시 광진구청,2025-12-23
자양3동110,1,,서울특별시 광진구 자양동 471-5,37.5315225995,127.0721670465,,전용주,02-450-7873,서울특별시 광진구청,2025-12-23
자양3동111,1,,서울특별시 광진구 자양동 469-1,37.5320256506,127.0722446189,,한전주,02-450-7873,서울특별시 광진구청,2025-12-23
자양3동112,1,,서울특별시 광진구 자양동 495-24,37.5314757,127.0718361164,,전용주,02-450-7873,서울특별시 광진구청,2025-12-23
자양3동113,1,,서울특별시 광진구 자양동 477-7,37.5313066287,127.071427376,,한전주,02-450-7873,서울특별시 광진구청,2025-12-23
자양3동114,1,,서울특별시 광진구 자양동 477-7,37.5313066287,127.0714576,,한전주,02-450-7873,서울특별시 광진구청,2025-12-23
자양3동115,1,,서울특별시 광진구 자양동 480-1,37.531280627,127.0712196,,건축물,02-450-7873,서울특별시 광진구청,2025-12-23
자양3동116,1,,서울특별시 광진구 자양동 495-7,37.53167417,127.0710888176,,전용주,02-450-7873,서울특별시 광진구청,2025-12-23
자양3동117,1,,서울특별시 광진구 자양동 793,37.5312786373,127.0704780183,,한전주,02-450-7873,서울특별시 광진구청,2025-12-23
자양3동118,1,,서울특별시 광진구 자양동 793,37.5312786373,127.0704780183,,한전주,02-450-7873,서울특별시 광진구청,2025-12-23
자양3동119,1,,서울특별시 광진구 자양동 493-14,37.5317054376,127.0702947589,,한전주,02-450-7873,서울특별시 광진구청,2025-12-23
자양3동120,1,,서울특별시 광진구 자양동 493-1,37.53176017,127.0702506,,건축물,02-450-7873,서울특별시 광진구청,2025-12-23
자양3동121,1,,서울특별시 광진구 자양동 491-5,37.5317480063,127.0699604033,,건축물,02-450-7873,서울특별시 광진구청,2025-12-23
자양3동122,1,,서울특별시 광진구 자양동 793-3,37.5312786373,127.0704780183,,전용주,02-450-7873,서울특별시 광진구청,2025-12-23
자양3동123,1,,서울특별시 광진구 자양동 493-9,37.531466,127.0699982455,,전용주,02-450-7873,서울특별시 광진구청,2025-12-23
자양3동124,1,,서울특별시 광진구 자양동 793-1,37.5312214748,127.0700689,,전용주,02-450-7873,서울특별시 광진구청,2025-12-23
자양3동125,1,,서울특별시 광진구 자양동 793-1,37.5312214748,127.0700021,,전용주,02-450-7873,서울특별시 광진구청,2025-12-23
자양3동126,1,,서울특별시 광진구 자양동 816-59,37.5301968616,127.0692975477,,한전주,02-450-7873,서울특별시 광진구청,2025-12-23
자양3동127,1,,서울특별시 광진구 자양동 559-36,37.5312209,127.0683810074,,한전주,02-450-7873,서울특별시 광진구청,2025-12-23
자양3동128,1,,서울특별시 광진구 자양동 489-2,37.5312821,127.0689336514,,한전주,02-450-7873,서울특별시 광진구청,2025-12-23
자양3동129,1,,서울특별시 광진구 자양동 793-1,37.5312214748,127.0700869789,,한전주,02-450-7873,서울특별시 광진구청,2025-12-23
자양3동130,1,,서울특별시 광진구 자양동 793-1,37.5312214748,127.0700869789,,한전주,02-450-7873,서울특별시 광진구청,2025-12-23
자양3동131,1,,서울특별시 광진구 자양동 793-1,37.5312214748,127.0700869789,,한전주,02-450-7873,서울특별시 광진구청,2025-12-23
자양3동132,1,,서울특별시 광진구 자양동 587-13,37.5307469,127.0711743703,,한전주,02-450-7873,서울특별시 광진구청,2025-12-23
자양3동133,1,,서울특별시 광진구 자양동 587-2,37.5307237011,127.0714956,,한전주,02-450-7873,서울특별시 광진구청,2025-12-23
자양3동134,1,,서울특별시 광진구 자양동 587-2,37.5307237011,127.0714763,,한전주,02-450-7873,서울특별시 광진구청,2025-12-23
자양3동135,1,,서울특별시 광진구 자양3동 483-7,37.530982,127.0713498,,전용주,02-450-7873,서울특별시 광진구청,2025-12-23
자양3동136,1,,서울특별시 광진구 자양3동 477-20,37.531126,127.0713254,,전용주,02-450-7873,서울특별시 광진구청,2025-12-23
자양3동137,1,,서울특별시 광진구 자양동 793,37.5312127,127.0704780183,,한전주,02-450-7873,서울특별시 광진구청,2025-12-23
자양3동138,1,,서울특별시 광진구 자양동 495-14,37.53135717,127.0718686,,한전주,02-450-7873,서울특별시 광진구청,2025-12-23
자양3동139,1,,서울특별시 광진구 자양동 477-2,37.5309417014,127.0717816,,한전주,02-450-7873,서울특별시 광진구청,2025-12-23
자양3동140,1,,서울특별시 광진구 자양동 587-6,37.5305870807,127.071738492,,한전주,02-450-7873,서울특별시 광진구청,2025-12-23
자양3동141,1,,서울특별시 광진구 자양동 587-7,37.5307452218,127.0720093779,,한전주,02-450-7873,서울특별시 광진구청,2025-12-23
자양3동142,1,,서울특별시 광진구 자양동 477-1,37.5309703,127.0721422429,,전용주,02-450-7873,서울특별시 광진구청,2025-12-23
자양3동143,1,,서울특별시 광진구 자양동 476-12,37.5311843478,127.0720135,,한전주,02-450-7873,서울특별시 광진구청,2025-12-23
자양3동144,1,,서울특별시 광진구 자양동 495-14,37.5313431155,127.0718790533,,건축물,02-450-7873,서울특별시 광진구청,2025-12-23
자양3동145,1,,서울특별시 광진구 자양동 474-9,37.531395327,127.0723978365,,한전주,02-450-7873,서울특별시 광진구청,2025-12-23
자양3동146,1,,서울특별시 광진구 자양동 474-8,37.53137517,127.0725557079,,한전주,02-450-7873,서울특별시 광진구청,2025-12-23
자양3동147,1,,서울특별시 광진구 자양동 474-8,37.5313253124,127.0725557079,,한전주,02-450-7873,서울특별시 광진구청,2025-12-23
자양3동148,1,,서울특별시 광진구 자양동 586-11,37.53137817,127.0730308808,,전용주,02-450-7873,서울특별시 광진구청,2025-12-23
자양3동149,1,,서울특별시 광진구 자양동 586-10,37.5314183061,127.0731231801,,한전주,02-450-7873,서울특별시 광진구청,2025-12-23
자양3동150,1,,서울특별시 광진구 자양동 474-5,37.53162217,127.0727685785,,건축물,02-450-7873,서울특별시 광진구청,2025-12-23
자양3동151,1,,서울특별시 광진구 자양동 474-4,37.53164817,127.0729691328,,한전주,02-450-7873,서울특별시 광진구청,2025-12-23
자양3동152,1,,서울특별시 광진구 자양동 586-2,37.5316585203,127.0732568036,,,02-450-7873,서울특별시 광진구청,2025-12-23
자양3동153,1,,서울특별시 광진구 자양동 474-4,37.531697081,127.0729691328,,건축물,02-450-7873,서울특별시 광진구청,2025-12-23
자양3동154,1,,서울특별시 광진구 자양동 474-11,37.53187817,127.0732456046,,한전주,02-450-7873,서울특별시 광진구청,2025-12-23
자양3동155,1,,서울특별시 광진구 자양동 586-1,37.53162617,127.0736474944,,건축물,02-450-7873,서울특별시 광진구청,2025-12-23
자양3동156,1,,서울특별시 광진구 자양동 585-3,37.5317087444,127.0739182543,,전용주,02-450-7873,서울특별시 광진구청,2025-12-23
자양3동157,1,,서울특별시 광진구 자양동 586-1,37.5316863885,127.0736474944,,한전주,02-450-7873,서울특별시 광진구청,2025-12-23
자양3동158,1,,서울특별시 광진구 자양동 586-16,37.5310338923,127.0734888012,,한전주,02-450-7873,서울특별시 광진구청,2025-12-23
자양3동159,1,,서울특별시 광진구 자양동 586-1,37.5316863885,127.0736474944,,전용주,02-450-7873,서울특별시 광진구청,2025-12-23
자양3동160,1,,서울특별시 광진구 자양동 586-7,37.5314514694,127.0732956,,건축물,02-450-7873,서울특별시 광진구청,2025-12-23
자양3동161,1,,서울특별시 광진구 자양동 586-9,37.53133217,127.0731566,,건축물,02-450-7873,서울특별시 광진구청,2025-12-23
자양3동162,1,,서울특별시 광진구 자양동 586-19,37.53109524,127.0732155235,,건축물,02-450-7873,서울특별시 광진구청,2025-12-23
자양3동163,1,,서울특별시 광진구 자양동 586-30,37.5310356574,127.0729670177,,한전주,02-450-7873,서울특별시 광진구청,2025-12-23
자양3동164,1,,서울특별시 광진구 자양동 585-12,37.5311690774,127.073721769,,전용주,02-450-7873,서울특별시 광진구청,2025-12-23
자양3동165,1,,서울특별시 광진구 자양동 586-16,37.5310338923,127.0734646,,건축물,02-450-7873,서울특별시 광진구청,2025-12-23
자양3동166,1,,서울특별시 광진구 자양동 585-12,37.53117684,127.073721769,,건축물,02-450-7873,서울특별시 광진구청,2025-12-23
자양3동167,1,,서울특별시 광진구 자양동 586-16,37.5310338923,127.0734888012,,한전주,02-450-7873,서울특별시 광진구청,2025-12-23
자양3동168,1,,서울특별시 광진구 자양동 586-17,37.5309981,127.0734340515,,한전주,02-450-7873,서울특별시 광진구청,2025-12-23
자양3동169,1,,서울특별시 광진구 자양동 586-17,37.5309481,127.0734325,,한전주,02-450-7873,서울특별시 광진구청,2025-12-23
자양3동170,1,,서울특별시 광진구 자양동 586-21,37.5309482,127.0731185,,한전주,02-450-7873,서울특별시 광진구청,2025-12-23
자양3동171,1,,서울특별시 광진구 자양동 586-22,37.5308964585,127.0729576049,,한전주,02-450-7873,서울특별시 광진구청,2025-12-23
자양3동172,1,,서울특별시 광진구 자양동 737,37.5305761545,127.0713138518,,전용주,02-450-7873,서울특별시 광진구청,2025-12-23
자양3동173,1,,서울특별시 광진구 자양동 588,37.5304776975,127.0721848203,,한전주,02-450-7873,서울특별시 광진구청,2025-12-23
자양3동174,1,,서울특별시 광진구 자양동 475-7,37.531076244,127.0726466,,한전주,02-450-7873,서울특별시 광진구청,2025-12-23
자양3동175,1,,서울특별시 광진구 자양동 586-23,37.5310078492,127.0727656,,한전주,02-450-7873,서울특별시 광진구청,2025-12-23
자양3동176,1,,서울특별시 광진구 자양동 588-15,37.5306655647,127.0730546,,건축물,02-450-7873,서울특별시 광진구청,2025-12-23
자양3동177,1,,서울특별시 광진구 자양동 588-7,37.53077717,127.0728326,,전용주,02-450-7873,서울특별시 광진구청,2025-12-23
자양3동178,1,,서울특별시 광진구 자양동 588-3,37.53065617,127.0724856,,건축물,02-450-7873,서울특별시 광진구청,2025-12-23
자양3동179,1,,서울특별시 광진구 자양동 588-1,37.5303936225,127.0723782,,한전주,02-450-7873,서울특별시 광진구청,2025-12-23
자양3동180,1,,서울특별시 광진구 자양동 737,37.5305112,127.0713138518,,한전주,02-450-7873,서울특별시 광진구청,2025-12-23
자양3동181,1,,서울특별시 광진구 자양동 587-6,37.5305870807,127.071738492,,전용주,02-450-7873,서울특별시 광진구청,2025-12-23
자양3동182,1,,서울특별시 광진구 자양동 588-21,37.5303504,127.0726883,,한전주,02-450-7873,서울특별시 광진구청,2025-12-23
자양3동183,1,,서울특별시 광진구 자양동 588-27,37.5301728328,127.0731543209,,한전주,02-450-7873,서울특별시 광진구청,2025-12-23
자양3동184,1,,서울특별시 광진구 자양동 589-16,37.5301593,127.0734184741,,한전주,02-450-7873,서울특별시 광진구청,2025-12-23
자양3동185,1,,서울특별시 광진구 자양동 589-17,37.5301032,127.0737318592,,한전주,02-450-7873,서울특별시 광진구청,2025-12-23
자양3동186,1,,서울특별시 광진구 자양동 588-27,37.5301728328,127.0731543209,,한전주,02-450-7873,서울특별시 광진구청,2025-12-23
자양3동187,1,,서울특별시 광진구 자양동 588-13,37.5304978597,127.0730965997,,전용주,02-450-7873,서울특별시 광진구청,2025-12-23
자양3동188,1,,서울특별시 광진구 자양동 588-23,37.5303735556,127.072895663,,건축물,02-450-7873,서울특별시 광진구청,2025-12-23
자양3동189,1,,서울특별시 광진구 자양동 589-7,37.5303421135,127.0734216,,전용주,02-450-7873,서울특별시 광진구청,2025-12-23
자양3동190,1,,서울특별시 광진구 자양동 589-7,37.5303421135,127.0734726,,전용주,02-450-7873,서울특별시 광진구청,2025-12-23
자양3동191,1,,서울특별시 광진구 자양동 588-10,37.53069117,127.0733101665,,한전주,02-450-7873,서울특별시 광진구청,2025-12-23
자양3동192,1,,서울특별시 광진구 자양3동 589-2,37.5307948,127.0738979,,건축물,02-450-7873,서울특별시 광진구청,2025-12-23
자양3동193,1,,서울특별시 광진구 자양동 589-2,37.5306508493,127.0739656324,,한전주,02-450-7873,서울특별시 광진구청,2025-12-23
자양3동194,1,,서울특별시 광진구 자양동 590-1,37.5305028915,127.0742740072,,,02-450-7873,서울특별시 광진구청,2025-12-23
자양3동195,1,,서울특별시 광진구 자양동 590-2,37.5303783924,127.0742433372,,,02-450-7873,서울특별시 광진구청,2025-12-23
자양3동196,1,,서울특별시 광진구 자양동 589-21,37.5304301,127.0739742406,,한전주,02-450-7873,서울특별시 광진구청,2025-12-23
자양3동197,1,,서울특별시 광진구 자양동 590-5,37.5305159772,127.0745264258,,,02-450-7873,서울특별시 광진구청,2025-12-23
자양3동198,1,,서울특별시 광진구 자양동 738,37.5303918335,127.074931101,,한전주,02-450-7873,서울특별시 광진구청,2025-12-23
자양3동199,1,,서울특별시 광진구 자양동 738,37.5303918335,127.074931101,,한전주,02-450-7873,서울특별시 광진구청,2025-12-23
자양3동200,1,,서울특별시 광진구 자양3동 738,37.5299587,127.0741458,,한전주,02-450-7873,서울특별시 광진구청,2025-12-23
자양3동201,1,,서울특별시 광진구 자양동 227-128,37.5374027187,127.0767268417,,한전주,02-450-7873,서울특별시 광진구청,2025-12-23
자양3동202,1,,서울특별시 광진구 자양동 227-119,37.537374545,127.0765454398,,한전주,02-450-7873,서울특별시 광진구청,2025-12-23
자양3동203,1,,서울특별시 광진구 자양동 227-132,37.5370520352,127.0766099425,,건축물,02-450-7873,서울특별시 광진구청,2025-12-23
자양3동204,1,,서울특별시 광진구 자양동 227-109,37.5374448109,127.076285615,,한전주,02-450-7873,서울특별시 광진구청,2025-12-23
자양3동205,1,,서울특별시 광진구 자양동 227-113,37.5372012458,127.0761844408,,,02-450-7873,서울특별시 광진구청,2025-12-23
자양3동206,1,,서울특별시 광진구 자양동 227-114,37.5372012458,127.0761844408,,한전주,02-450-7873,서울특별시 광진구청,2025-12-23
자양3동207,1,,서울특별시 광진구 자양동 227-103,37.5373906715,127.0759895698,,한전주,02-450-7873,서울특별시 광진구청,2025-12-23
자양3동208,1,,서울특별시 광진구 자양동 227-99,37.5375691189,127.0760527733,,건축물,02-450-7873,서울특별시 광진구청,2025-12-23
자양3동209,1,,서울특별시 광진구 자양동 227-98,37.5375317141,127.0759416,,한전주,02-450-7873,서울특별시 광진구청,2025-12-23
자양3동210,1,,서울특별시 광진구 자양동 227-89,37.5375944,127.0757934385,,한전주,02-450-7873,서울특별시 광진구청,2025-12-23
자양3동211,1,,서울특별시 광진구 자양동 227-87,37.5376545833,127.0756706,,한전주,02-450-7873,서울특별시 광진구청,2025-12-23
자양3동212,1,,서울특별시 광진구 자양동 227-97,37.5373049583,127.0756122543,,한전주,02-450-7873,서울특별시 광진구청,2025-12-23
자양3동213,1,,서울특별시 광진구 자양동 227-68,37.5377513482,127.0752762071,,한전주,02-450-7873,서울특별시 광진구청,2025-12-23
자양3동214,1,,서울특별시 광진구 자양동 227-81,37.53760617,127.0753146,,한전주,02-450-7873,서울특별시 광진구청,2025-12-23
자양3동215,1,,서울특별시 광진구 자양동 227-67,37.5377759189,127.0751656,,한전주,02-450-7873,서울특별시 광진구청,2025-12-23
자양3동216,1,,서울특별시 광진구 자양동 227-71,37.53767017,127.0751069042,,한전주,02-450-7873,서울특별시 광진구청,2025-12-23
자양3동217,1,,서울특별시 광진구 자양동 227-218,37.53826217,127.0748212668,,한전주,02-450-7873,서울특별시 광진구청,2025-12-23
자양3동218,1,,서울특별시 광진구 자양동 227-217,37.5383893085,127.0749108161,,한전주,02-450-7873,서울특별시 광진구청,2025-12-23
자양3동219,1,,서울특별시 광진구 자양동 227-31,37.5380828372,127.0752436,,한전주,02-450-7873,서울특별시 광진구청,2025-12-23
자양3동220,1,,서울특별시 광진구 자양동 227-30,37.5380486806,127.0754137534,,한전주,02-450-7873,서울특별시 광진구청,2025-12-23
자양3동221,1,,서울특별시 광진구 자양동 227-28,37.5379860924,127.0756216,,한전주,02-450-7873,서울특별시 광진구청,2025-12-23
자양3동222,1,,서울특별시 광진구 자양동 227-4,37.5381518084,127.0758126,,전용주,02-450-7873,서울특별시 광진구청,2025-12-23
자양3동223,1,,서울특별시 광진구 자양동 227-222,37.5378306491,127.0746883766,,한전주,02-450-7873,서울특별시 광진구청,2025-12-23
자양3동224,1,,서울특별시 광진구 자양동 227-235,37.5376073833,127.0748096,,건축물,02-450-7873,서울특별시 광진구청,2025-12-23
자양3동225,1,,서울특별시 광진구 자양동 227-211,37.5373562017,127.0746596,,한전주,02-450-7873,서울특별시 광진구청,2025-12-23
자양3동226,1,,서울특별시 광진구 자양동 227-212,37.53729217,127.0746213771,,한전주,02-450-7873,서울특별시 광진구청,2025-12-23
자양3동227,1,,서울특별시 광진구 자양동 227-215,37.5369985007,127.0745213359,,한전주,02-450-7873,서울특별시 광진구청,2025-12-23
자양3동228,1,,서울특별시 광진구 자양동 227-211,37.5373562017,127.0746578065,,한전주,02-450-7873,서울특별시 광진구청,2025-12-23
자양3동230,1,,서울특별시 광진구 자양동 227-215,37.5369985007,127.0745213359,,한전주,02-450-7873,서울특별시 광진구청,2025-12-23
자양3동231,1,,서울특별시 광진구 자양동 227-188,37.5372549236,127.0750846,,한전주,02-450-7873,서울특별시 광진구청,2025-12-23
자양3동232,1,,서울특별시 광진구 자양동 227-189,37.5371661083,127.0750096,,한전주,02-450-7873,서울특별시 광진구청,2025-12-23
자양3동233,1,,서울특별시 광진구 자양동 227-198,37.5368367869,127.0749237456,,한전주,02-450-7873,서울특별시 광진구청,2025-12-23
자양3동234,1,,서울특별시 광진구 자양동 227-176,37.5371952831,127.0753846,,한전주,02-450-7873,서울특별시 광진구청,2025-12-23
자양3동235,1,,서울특별시 광진구 자양동 227-180,37.5370270191,127.0752646,,,02-450-7873,서울특별시 광진구청,2025-12-23
자양3동236,1,,서울특별시 광진구 자양동 227-181,37.536938384,127.0752176,,한전주,02-450-7873,서울특별시 광진구청,2025-12-23
자양3동237,1,,서울특별시 광진구 자양동 227-186,37.5367860649,127.0752003347,,전용주,02-450-7873,서울특별시 광진구청,2025-12-23
자양3동238,1,,서울특별시 광진구 자양동 227-175,37.5371608858,127.0754754289,,한전주,02-450-7873,서울특별시 광진구청,2025-12-23
자양3동239,1,,서울특별시 광진구 자양동 227-179,37.536952722,127.0753856079,,한전주,02-450-7873,서울특별시 광진구청,2025-12-23
자양3동240,1,,서울특별시 광진구 자양동 227-183,37.53685704,127.075339449,,한전주,02-450-7873,서울특별시 광진구청,2025-12-23
자양3동241,1,,서울특별시 광진구 자양동 227-164,37.5370853811,127.0757582167,,한전주,02-450-7873,서울특별시 광진구청,2025-12-23
자양3동242,1,,서울특별시 광진구 자양동 227-155,37.53697817,127.0758086,,한전주,02-450-7873,서울특별시 광진구청,2025-12-23
자양3동243,1,,서울특별시 광진구 자양동 227-171,37.5367916477,127.0756806,,전용주,02-450-7873,서울특별시 광진구청,2025-12-23
자양3동244,1,,서울특별시 광진구 자양동 227-258,37.5364435586,127.0756526,,한전주,02-450-7873,서울특별시 광진구청,2025-12-23
자양3동245,1,,서울특별시 광진구 자양동 227-282,37.5361440282,127.0755816,,한전주,02-450-7873,서울특별시 광진구청,2025-12-23
자양3동246,1,,서울특별시 광진구 자양동 227-280,37.5359163934,127.0755105,,한전주,02-450-7873,서울특별시 광진구청,2025-12-23
자양3동247,1,,서울특별시 광진구 자양동 227-279,37.5359163934,127.0755235053,,한전주,02-450-7873,서울특별시 광진구청,2025-12-23
자양3동248,1,,서울특별시 광진구 자양동 227-287,37.535671743,127.0755684028,,한전주,02-450-7873,서울특별시 광진구청,2025-12-23
자양3동249,1,,서울특별시 광진구 자양동 227-276,37.5358927118,127.0756412641,,한전주,02-450-7873,서울특별시 광진구청,2025-12-23
자양3동250,1,,서울특별시 광진구 자양동 227-275,37.5361311629,127.0757093914,,한전주,02-450-7873,서울특별시 광진구청,2025-12-23
자양3동251,1,,서울특별시 광진구 자양동 227-254,37.536378355,127.0757754914,,한전주,02-450-7873,서울특별시 광진구청,2025-12-23
자양3동252,1,,서울특별시 광진구 자양동 227-160,37.5368315452,127.0759636,,한전주,02-450-7873,서울특별시 광진구청,2025-12-23
자양3동253,1,,서울특별시 광진구 자양동 227-145,37.5368676433,127.0761226,,,02-450-7873,서울특별시 광진구청,2025-12-23
자양3동254,1,,서울특별시 광진구 자양동 227-153,37.5370221434,127.0760190662,,한전주,02-450-7873,서울특별시 광진구청,2025-12-23
자양3동255,1,,서울특별시 광진구 자양동 227-133,37.5368835703,127.0765757134,,한전주,02-450-7873,서울특별시 광진구청,2025-12-23
자양3동256,1,,서울특별시 광진구 자양동 227-134,37.53698517,127.0764006,,건축물,02-450-7873,서울특별시 광진구청,2025-12-23
자양3동257,1,,서울특별시 광진구 자양동 227-147,37.536762983,127.0762956,,전용주,02-450-7873,서울특별시 광진구청,2025-12-23
자양3동258,1,,서울특별시 광진구 자양동 227-328,37.53663717,127.0761538823,,한전주,02-450-7873,서울특별시 광진구청,2025-12-23
자양3동259,1,,서울특별시 광진구 자양동 227-268,37.5360784549,127.0759892565,,한전주,02-450-7873,서울특별시 광진구청,2025-12-23
자양3동260,1,,서울특별시 광진구 자양동 227-261,37.5360992476,127.0761627001,,건축물,02-450-7873,서울특별시 광진구청,2025-12-23
자양3동261,1,,서울특별시 광진구 자양동 227-284,37.5355497516,127.0759696,,한전주,02-450-7873,서울특별시 광진구청,2025-12-23
자양3동262,1,,서울특별시 광진구 자양동 227-283,37.5355495419,127.076168957,,한전주,02-450-7873,서울특별시 광진구청,2025-12-23
자양3동263,1,,서울특별시 광진구 자양동 227-301,37.5355941586,127.0757219732,,전용주,02-450-7873,서울특별시 광진구청,2025-12-23
자양3동264,1,,서울특별시 광진구 자양동 578,37.5349224715,127.0759887624,,전용주,02-450-7873,서울특별시 광진구청,2025-12-23
자양3동265,1,,서울특별시 광진구 자양동 578-8,37.535464729,127.0753315334,,전용주,02-450-7873,서울특별시 광진구청,2025-12-23
자양3동266,1,,서울특별시 광진구 자양동 524-10,37.5353980502,127.0743839717,,한전주,02-450-7873,서울특별시 광진구청,2025-12-23
자양3동267,1,,서울특별시 광진구 자양동 524-10,37.5353980502,127.0743839717,,전용주,02-450-7873,서울특별시 광진구청,2025-12-23
자양3동268,1,,서울특별시 광진구 자양동 783-1,37.5363129421,127.0743585178,,전용주,02-450-7873,서울특별시 광진구청,2025-12-23
자양3동269,1,,서울특별시 광진구 자양동 783-2,37.5371100395,127.0739301927,,전용주,02-450-7873,서울특별시 광진구청,2025-12-23
자양3동270,1,,서울특별시 광진구 자양동 783-2,37.5371100395,127.0739301927,,전용주,02-450-7873,서울특별시 광진구청,2025-12-23
자양3동271,1,,서울특별시 광진구 자양동 783-2,37.5371100395,127.0739301927,,한전주,02-450-7873,서울특별시 광진구청,2025-12-23
자양3동272,1,,서울특별시 광진구 자양동 783-2,37.5371100395,127.0739301927,,한전주,02-450-7873,서울특별시 광진구청,2025-12-23
자양3동273,1,,서울특별시 광진구 자양동 578-2,37.535169514,127.0754676,,전용주,02-450-7873,서울특별시 광진구청,2025-12-23
자양3동274,1,,서울특별시 광진구 자양동 578-2,37.535169514,127.075411199,,전용주,02-450-7873,서울특별시 광진구청,2025-12-23
자양3동275,1,,서울특별시 광진구 자양동 579-2,37.5347579516,127.0752848,,전용주,02-450-7873,서울특별시 광진구청,2025-12-23
자양3동276,1,,서울특별시 광진구 자양동 579,37.5345768837,127.0756520412,,전용주,02-450-7873,서울특별시 광진구청,2025-12-23
자양3동277,1,,서울특별시 광진구 자양동 578,37.53490517,127.0759246,,전용주,02-450-7873,서울특별시 광진구청,2025-12-23
자양3동278,1,,서울특별시 광진구 자양동 520-6,37.5343269342,127.0750890771,,전용주,02-450-7873,서울특별시 광진구청,2025-12-23
자양3동279,1,,서울특별시 광진구 자양동 520-6,37.5343269342,127.0750890771,,전용주,02-450-7873,서울특별시 광진구청,2025-12-23
자양3동280,1,,서울특별시 광진구 자양동 580-1,37.5339421197,127.0751015356,,한전주,02-450-7873,서울특별시 광진구청,2025-12-23
자양3동281,1,,서울특별시 광진구 자양동 580-1,37.5339421197,127.0751015356,,한전주,02-450-7873,서울특별시 광진구청,2025-12-23
자양3동282,1,,서울특별시 광진구 자양동 580-7,37.5337727375,127.0752337402,,건축물,02-450-7873,서울특별시 광진구청,2025-12-23
자양3동283,1,,서울특별시 광진구 자양동 580-6,37.53378217,127.0754415312,,한전주,02-450-7873,서울특별시 광진구청,2025-12-23
자양3동284,1,,서울특별시 광진구 자양동 520,37.5345768837,127.0756520412,,한전주,02-450-7873,서울특별시 광진구청,2025-12-23
자양3동285,1,,서울특별시 광진구 자양3동 520-8,37.5338567,127.0748331,,한전주,02-450-7873,서울특별시 광진구청,2025-12-23
자양3동286,1,,서울특별시 광진구 자양동 553-503,37.5360779677,127.0733395354,,전용주,02-450-7873,서울특별시 광진구청,2025-12-23
자양3동287,1,,서울특별시 광진구 자양3동 516-4,37.5347977,127.071891,,전용주,02-450-7873,서울특별시 광진구청,2025-12-23
자양3동288,1,,서울특별시 광진구 자양3동 516-4,37.5350419,127.0720011,,전용주,02-450-7873,서울특별시 광진구청,2025-12-23
자양3동289,1,,서울특별시 광진구 자양동 516-4,37.5350582095,127.0721791654,,전용주,02-450-7873,서울특별시 광진구청,2025-12-23
자양3동290,1,,서울특별시 광진구 자양3동 559-11,37.5355029,127.0721877,,전용주,02-450-7873,서울특별시 광진구청,2025-12-23
자양3동291,1,,서울특별시 광진구 자양3동 524-11,37.5356656,127.0722536,,전용주,02-450-7873,서울특별시 광진구청,2025-12-23
자양3동292,1,,서울특별시 광진구 자양3동 517,37.5359457,127.072352,,전용주,02-450-7873,서울특별시 광진구청,2025-12-23
자양3동293,1,,서울특별시 광진구 자양3동 517,37.536217,127.0724731,,전용주,02-450-7873,서울특별시 광진구청,2025-12-23
자양3동294,1,,서울특별시 광진구 자양3동 517,37.5364159,127.0725612,,전용주,02-450-7873,서울특별시 광진구청,2025-12-23
자양3동295,1,,서울특별시 광진구 자양동 516-3,37.5350096156,127.0717186,,전용주,02-450-7873,서울특별시 광진구청,2025-12-23
자양3동296,1,,서울특별시 광진구 자양동 516-3,37.53507117,127.0717849303,,전용주,02-450-7873,서울특별시 광진구청,2025-12-23
자양3동297,1,,서울특별시 광진구 자양동 516-3,37.5350096156,127.0717849303,,전용주,02-450-7873,서울특별시 광진구청,2025-12-23
자양3동298,1,,서울특별시 광진구 자양동 514-2,37.5354644707,127.07098997,,전용주,02-450-7873,서울특별시 광진구청,2025-12-23
자양3동299,1,,서울특별시 광진구 자양동 514-2,37.53541517,127.07098997,,전용주,02-450-7873,서울특별시 광진구청,2025-12-23
자양3동300,1,,서울특별시 광진구 자양동 513-6,37.53567417,127.0709106772,,전용주,02-450-7873,서울특별시 광진구청,2025-12-23
자양3동301,1,,서울특별시 광진구 자양동 516,37.5362185169,127.0712908566,,전용주,02-450-7873,서울특별시 광진구청,2025-12-23
자양3동302,1,,서울특별시 광진구 자양동 516,37.5362185169,127.0712908566,,한전주,02-450-7873,서울특별시 광진구청,2025-12-23
자양3동303,1,,서울특별시 광진구 자양동 514-4,37.5355663401,127.0705954228,,전용주,02-450-7873,서울특별시 광진구청,2025-12-23
자양3동304,1,,서울특별시 광진구 자양동 762,37.5351193231,127.0707970742,,전용주,02-450-7873,서울특별시 광진구청,2025-12-23
자양3동305,1,,서울특별시 광진구 자양동 762,37.5351193231,127.0707970742,,전용주,02-450-7873,서울특별시 광진구청,2025-12-23
자양3동306,1,,서울특별시 광진구 자양동 762-2,37.5353223206,127.0711673253,,전용주,02-450-7873,서울특별시 광진구청,2025-12-23
자양3동307,1,,서울특별시 광진구 자양동 516,37.5362185169,127.0712908566,,전용주,02-450-7873,서울특별시 광진구청,2025-12-23
자양3동308,1,,서울특별시 광진구 자양동 516,37.5362185169,127.0712908566,,전용주,02-450-7873,서울특별시 광진구청,2025-12-23
자양3동309,1,,서울특별시 광진구 자양동 512-7,37.5360303715,127.0704174322,,건축물,02-450-7873,서울특별시 광진구청,2025-12-23
자양3동310,1,,서울특별시 광진구 자양동 515-1,37.5367107983,127.0705366,,전용주,02-450-7873,서울특별시 광진구청,2025-12-23
자양3동311,1,,서울특별시 광진구 자양동 512-8,37.5364615809,127.070281951,,한전주,02-450-7873,서울특별시 광진구청,2025-12-23
자양3동312,1,,서울특별시 광진구 자양동 515-1,37.5367107983,127.0705828112,,한전주,02-450-7873,서울특별시 광진구청,2025-12-23
자양3동313,1,,서울특별시 광진구 자양동 515-1,37.5367107983,127.0705828112,,전용주,02-450-7873,서울특별시 광진구청,2025-12-23
자양3동314,1,,서울특별시 광진구 자양동 510-8,37.5361904183,127.069455291,,한전주,02-450-7873,서울특별시 광진구청,2025-12-23
자양3동315,1,,서울특별시 광진구 자양동 510-8,37.5361904183,127.069455291,,전용주,02-450-7873,서울특별시 광진구청,2025-12-23
자양3동316,1,,서울특별시 광진구 자양동 510-8,37.5361904183,127.069455291,,전용주,02-450-7873,서울특별시 광진구청,2025-12-23
자양3동317,1,,서울특별시 광진구 자양동 512-5,37.5362332906,127.0702429282,,전용주,02-450-7873,서울특별시 광진구청,2025-12-23
자양3동318,1,,서울특별시 광진구 자양동 510-8,37.5361904183,127.069455291,,한전주,02-450-7873,서울특별시 광진구청,2025-12-23
자양3동319,1,,서울특별시 광진구 자양동 512-5,37.5362332906,127.0702226,,한전주,02-450-7873,서울특별시 광진구청,2025-12-23
자양3동320,1,,서울특별시 광진구 자양동 762,37.5351193231,127.0707970742,,한전주,02-450-7873,서울특별시 광진구청,2025-12-23
자양3동321,1,,서울특별시 광진구 자양동 510-8,37.5361904183,127.069455291,,전용주,02-450-7873,서울특별시 광진구청,2025-12-23
자양3동322,1,,서울특별시 광진구 자양동 507-6,37.5356753881,127.0691796485,,전용주,02-450-7873,서울특별시 광진구청,2025-12-23
자양3동323,1,,서울특별시 광진구 자양동 507-6,37.5356753881,127.0691796485,,전용주,02-450-7873,서울특별시 광진구청,2025-12-23
자양3동324,1,,서울특별시 광진구 자양동 747,37.5295350006,127.0750981885,,한전주,02-450-7873,서울특별시 광진구청,2025-12-23
자양3동325,1,,서울특별시 광진구 자양동 590-4,37.5305159772,127.0745566,,한전주,02-450-7873,서울특별시 광진구청,2025-12-23
자양3동326,1,,서울특별시 광진구 자양동 590-4,37.5305159772,127.0745816,,한전주,02-450-7873,서울특별시 광진구청,2025-12-23
자양3동327,1,,서울특별시 광진구 자양동 590-4,37.5305159772,127.0745264258,,한전주,02-450-7873,서울특별시 광진구청,2025-12-23
자양3동328,1,,서울특별시 광진구 자양동 590-4,37.5305159772,127.0745503,,한전주,02-450-7873,서울특별시 광진구청,2025-12-23
자양3동329,1,,서울특별시 광진구 자양동 584-20,37.5307822,127.0742878284,,건축물,02-450-7873,서울특별시 광진구청,2025-12-23
자양3동330,1,,서울특별시 광진구 자양동 585-17,37.5308683,127.0740719086,,한전주,02-450-7873,서울특별시 광진구청,2025-12-23
자양3동331,1,,서울특별시 광진구 자양동 585-16,37.5311740109,127.0740406,,건축물,02-450-7873,서울특별시 광진구청,2025-12-23
자양3동332,1,,서울특별시 광진구 자양동 585-16,37.53117817,127.0740450053,,건축물,02-450-7873,서울특별시 광진구청,2025-12-23
자양3동333,1,,서울특별시 광진구 자양동 585-16,37.5311740109,127.0740450053,,건축물,02-450-7873,서울특별시 광진구청,2025-12-23
자양3동334,1,,서울특별시 광진구 자양동 585-16,37.5311740109,127.0740450053,,건축물,02-450-7873,서울특별시 광진구청,2025-12-23
자양3동335,1,,서울특별시 광진구 자양동 585-16,37.5311740109,127.0740576,,건축물,02-450-7873,서울특별시 광진구청,2025-12-23
자양3동336,1,,서울특별시 광진구 자양동 585-16,37.5311740109,127.0740136,,건축물,02-450-7873,서울특별시 광진구청,2025-12-23
자양3동337,1,,서울특별시 광진구 자양동 585-16,37.5311740109,127.0740450053,,한전주,02-450-7873,서울특별시 광진구청,2025-12-23
자양3동338,1,,서울특별시 광진구 자양동 585-16,37.5311740109,127.0740450053,,한전주,02-450-7873,서울특별시 광진구청,2025-12-23
자양3동339,1,,서울특별시 광진구 자양동 585-2,37.5315471,127.0741761745,,한전주,02-450-7873,서울특별시 광진구청,2025-12-23
자양3동340,1,,서울특별시 광진구 자양동 584-7,37.53158617,127.0745836,,건축물,02-450-7873,서울특별시 광진구청,2025-12-23
자양3동341,1,,서울특별시 광진구 자양동 585-22,37.5316799176,127.0743404547,,,02-450-7873,서울특별시 광진구청,2025-12-23
자양3동342,1,,서울특별시 광진구 자양동 727,37.5317478137,127.0752521968,,건축물,02-450-7873,서울특별시 광진구청,2025-12-23
자양3동343,1,,서울특별시 광진구 자양동 584-1,37.5315862139,127.0747680205,,건축물,02-450-7873,서울특별시 광진구청,2025-12-23
자양3동344,1,,서울특별시 광진구 자양동 583-11,37.5317663597,127.0748539586,,건축물,02-450-7873,서울특별시 광진구청,2025-12-23
자양3동345,1,,서울특별시 광진구 자양동 584-1,37.5315862139,127.0747804,,건축물,02-450-7873,서울특별시 광진구청,2025-12-23
자양3동346,1,,서울특별시 광진구 자양동 584-27,37.5311351639,127.0746394997,,건축물,02-450-7873,서울특별시 광진구청,2025-12-23
자양3동347,1,,서울특별시 광진구 자양동 584-11,37.5312479892,127.074892699,,한전주,02-450-7873,서울특별시 광진구청,2025-12-23
자양3동348,1,,서울특별시 광진구 자양동 227-246,37.5363799,127.0760586295,,,02-450-7873,서울특별시 광진구청,2025-12-23
자양3동349,1,,서울특별시 광진구 자양동 588-22,37.5302394961,127.0728918,,건축물,02-450-7873,서울특별시 광진구청,2025-12-23
자양3동350,1,,서울특별시 광진구 자양동 227-104,37.537314922,127.0759624,,한전주,02-450-7873,서울특별시 광진구청,2025-12-23
자양3동351,1,,서울특별시 광진구 자양동 227-149,37.5366534421,127.0760377003,,건축물,02-450-7873,서울특별시 광진구청,2025-12-23
자양3동352,1,,서울특별시 광진구 자양동 585-21,37.5317214,127.0742077814,,건축물,02-450-7873,서울특별시 광진구청,2025-12-23
자양3동353,1,,서울특별시 광진구 자양동 559-30,37.5357663896,127.0709024816,,건축물,02-450-7873,서울특별시 광진구청,2025-12-23
자양3동354,1,,서울특별시 광진구 자양동 789-2,37.5331884,127.0726854,,전용주,02-450-7873,서울특별시 광진구청,2025-12-23
자양3동355,1,,서울특별시 광진구 자양동 789-2,37.5331300445,127.0726506458,,전용주,02-450-7873,서울특별시 광진구청,2025-12-23
자양3동356,1,,서울특별시 광진구 자양동 789,37.5337788171,127.0722797589,,전용주,02-450-7873,서울특별시 광진구청,2025-12-23
자양3동357,1,,서울특별시 광진구 자양동 789-1,37.5337202777,127.0725865408,,전용주,02-450-7873,서울특별시 광진구청,2025-12-23
자양3동358,1,,서울특별시 광진구 자양동 559-22,37.5330669558,127.073259461,,전용주,02-450-7873,서울특별시 광진구청,2025-12-23
자양3동359,1,,서울특별시 광진구 자양동 588-26,37.5302915263,127.0732486785,,한전주,02-450-7873,서울특별시 광진구청,2025-12-23
자양3동360,1,,서울특별시 광진구 자양동 589,37.530721009,127.073535,,,02-450-7873,서울특별시 광진구청,2025-12-23
자양3동361,1,,서울특별시 광진구 자양동 462-11,37.5329317562,127.0732938,,건축물,02-450-7873,서울특별시 광진구청,2025-12-23
자양3동362,1,,서울특별시 광진구 자양동 476-3,37.5310774689,127.0722260143,,,02-450-7873,서울특별시 광진구청,2025-12-23
자양3동363,1,,서울특별시 광진구 자양동 227-201,37.5372161068,127.0747465,,건축물,02-450-7873,서울특별시 광진구청,2025-12-23
자양3동364,1,,서울특별시 광진구 자양동 227-88,37.5375002216,127.0765635842,,건축물,02-450-7873,서울특별시 광진구청,2025-12-23
자양3동365,1,,서울특별시 광진구 자양동 581-7,37.5327504743,127.0750029,,한전주,02-450-7873,서울특별시 광진구청,2025-12-23
자양3동366,1,,서울특별시 광진구 자양동 581-14,37.5328198214,127.0746326,,전용주,02-450-7873,서울특별시 광진구청,2025-12-23
자양3동367,1,,서울특별시 광진구 자양동 585-18,37.5308332374,127.0739732,,,02-450-7873,서울특별시 광진구청,2025-12-23
자양3동368,1,,서울특별시 광진구 자양동 585-19,37.5308786947,127.0737057573,,,02-450-7873,서울특별시 광진구청,2025-12-23
자양3동369,1,,서울특별시 광진구 자양동 227-204,37.5371353956,127.0747543259,,,02-450-7873,서울특별시 광진구청,2025-12-23
자양3동370,1,,서울특별시 광진구 자양동 761-2,37.5345354346,127.0700227462,,한전주,02-450-7873,서울특별시 광진구청,2025-12-23
자양3동371,1,,서울특별시 광진구 자양동 469-1,37.5320256506,127.0722446189,,한전주,02-450-7873,서울특별시 광진구청,2025-12-23
자양3동372,1,,서울특별시 광진구 자양동 497-2,37.5331296,127.0716796695,,전용주,02-450-7873,서울특별시 광진구청,2025-12-23
자양3동373,1,,서울특별시 광진구 자양동 789,37.5337788171,127.0722797589,,전용주,02-450-7873,서울특별시 광진구청,2025-12-23
자양3동374,1,,서울특별시 광진구 자양동 789,37.5337788171,127.0722797589,,전용주,02-450-7873,서울특별시 광진구청,2025-12-23
자양3동375,1,,서울특별시 광진구 자양동 789,37.5337788171,127.0722797589,,전용주,02-450-7873,서울특별시 광진구청,2025-12-23
자양3동376,1,,서울특별시 광진구 자양동 466-6,37.5327676,127.0726087119,,전용주,02-450-7873,서울특별시 광진구청,2025-12-23
자양4동001,1,,서울특별시 광진구 자양동 72-1,37.5320950162,127.0664762258,,한전주,02-450-7873,서울특별시 광진구청,2025-12-23
자양4동002,1,,서울특별시 광진구 자양동 73-2,37.5315862609,127.0667177379,,한전주,02-450-7873,서울특별시 광진구청,2025-12-23
자양4동003,1,,서울특별시 광진구 자양동 72-1,37.53208017,127.0664762258,,한전주,02-450-7873,서울특별시 광진구청,2025-12-23
자양4동004,1,,서울특별시 광진구 자양동 87-1,37.5327519527,127.0659572375,,한전주,02-450-7873,서울특별시 광진구청,2025-12-23
자양4동005,1,,서울특별시 광진구 자양동 90-7,37.5321804743,127.0655859804,,한전주,02-450-7873,서울특별시 광진구청,2025-12-23
자양4동006,1,,서울특별시 광진구 자양동 90-6,37.53228817,127.0654276,,한전주,02-450-7873,서울특별시 광진구청,2025-12-23
자양4동007,1,,서울특별시 광진구 자양동 90-3,37.53236217,127.0652553904,,한전주,02-450-7873,서울특별시 광진구청,2025-12-23
자양4동008,1,,서울특별시 광진구 자양동 91-22,37.5324974484,127.0649646,,건축물,02-450-7873,서울특별시 광진구청,2025-12-23
자양4동009,1,,서울특별시 광진구 자양동 91-20,37.53247417,127.0648190017,,한전주,02-450-7873,서울특별시 광진구청,2025-12-23
자양4동010,1,,서울특별시 광진구 자양동 91-32,37.5324453491,127.0646409396,,한전주,02-450-7873,서울특별시 광진구청,2025-12-23
자양4동011,1,,서울특별시 광진구 자양동 91-20,37.5324245285,127.0648190017,,건축물,02-450-7873,서울특별시 광진구청,2025-12-23
자양4동012,1,,서울특별시 광진구 자양동 91-15,37.53266817,127.0645942606,,건축물,02-450-7873,서울특별시 광진구청,2025-12-23
자양4동013,1,,서울특별시 광진구 자양동 91-13,37.5327356654,127.0646157338,,건축물,02-450-7873,서울특별시 광진구청,2025-12-23
자양4동014,1,,서울특별시 광진구 자양동 91-27,37.53274315,127.0642976,,한전주,02-450-7873,서울특별시 광진구청,2025-12-23
자양4동015,1,,서울특별시 광진구 자양동 91-9,37.5328763054,127.0644056,,건축물,02-450-7873,서울특별시 광진구청,2025-12-23
자양4동016,1,,서울특별시 광진구 자양동 91-1,37.5328573937,127.0641494,,전용주,02-450-7873,서울특별시 광진구청,2025-12-23
자양4동017,1,,서울특별시 광진구 자양동 57-8,37.5336522683,127.0634252694,,한전주,02-450-7873,서울특별시 광진구청,2025-12-23
자양4동018,1,,서울특별시 광진구 자양동 57-8,37.5336522683,127.0634252694,,한전주,02-450-7873,서울특별시 광진구청,2025-12-23
자양4동019,1,,서울특별시 광진구 자양동 57-8,37.5336522683,127.0634252694,,,02-450-7873,서울특별시 광진구청,2025-12-23
자양4동020,1,,서울특별시 광진구 자양동 92-1,37.53269817,127.0638875288,,한전주,02-450-7873,서울특별시 광진구청,2025-12-23
자양4동021,1,,서울특별시 광진구 자양동 92-9,37.5325103562,127.0643937877,,한전주,02-450-7873,서울특별시 광진구청,2025-12-23
자양4동022,1,,서울특별시 광진구 자양동 57-8,37.5336522683,127.0634252694,,한전주,02-450-7873,서울특별시 광진구청,2025-12-23
자양4동023,1,,서울특별시 광진구 자양동 57-8,37.5336522683,127.0634252694,,한전주,02-450-7873,서울특별시 광진구청,2025-12-23
자양4동024,1,,서울특별시 광진구 자양동 57-8,37.5336522683,127.0634252694,,한전주,02-450-7873,서울특별시 광진구청,2025-12-23
자양4동025,1,,서울특별시 광진구 자양동 57-8,37.5336522683,127.0634252694,,한전주,02-450-7873,서울특별시 광진구청,2025-12-23
자양4동026,1,,서울특별시 광진구 자양동 57-8,37.5336522683,127.0634252694,,한전주,02-450-7873,서울특별시 광진구청,2025-12-23
자양4동027,1,,서울특별시 광진구 자양동 57-8,37.5336522683,127.0634252694,,한전주,02-450-7873,서울특별시 광진구청,2025-12-23
자양4동028,1,,서울특별시 광진구 자양동 57-142,37.5332678,127.0625354317,,한전주,02-450-7873,서울특별시 광진구청,2025-12-23
자양4동029,1,,서울특별시 광진구 자양동 57-142,37.53323017,127.0625354317,,전용주,02-450-7873,서울특별시 광진구청,2025-12-23
자양4동030,1,,서울특별시 광진구 자양동 853,37.5333887677,127.0619883945,,전용주,02-450-7873,서울특별시 광진구청,2025-12-23
자양4동031,1,,서울특별시 광진구 자양동 853,37.5333887677,127.0619883945,,전용주,02-450-7873,서울특별시 광진구청,2025-12-23
자양4동032,1,,서울특별시 광진구 자양동 853,37.5333887677,127.0619883945,,전용주,02-450-7873,서울특별시 광진구청,2025-12-23
자양4동033,1,,서울특별시 광진구 자양동 853,37.53335017,127.0619883945,,전용주,02-450-7873,서울특별시 광진구청,2025-12-23
자양4동034,1,,서울특별시 광진구 자양동 853,37.5333887677,127.0619883945,,전용주,02-450-7873,서울특별시 광진구청,2025-12-23
자양4동035,1,,서울특별시 광진구 자양동 853,37.5333887677,127.0619883945,,전용주,02-450-7873,서울특별시 광진구청,2025-12-23
자양4동036,1,,서울특별시 광진구 자양동 853,37.5333887677,127.0619883945,,한전주,02-450-7873,서울특별시 광진구청,2025-12-23
자양4동037,1,,서울특별시 광진구 자양동 57-114,37.5335608744,127.0627017971,,한전주,02-450-7873,서울특별시 광진구청,2025-12-23
자양4동038,1,,서울특별시 광진구 자양동 57-139,37.533509998,127.062585083,,,02-450-7873,서울특별시 광진구청,2025-12-23
자양4동039,1,,서울특별시 광진구 자양동 57-132,37.5337428976,127.0624319722,,한전주,02-450-7873,서울특별시 광진구청,2025-12-23
자양4동040,1,,서울특별시 광진구 자양4동 57-8,37.5340588,127.0627352,,한전주,02-450-7873,서울특별시 광진구청,2025-12-23
자양4동041,1,,서울특별시 광진구 자양동 57-18,37.5340508009,127.0628825301,,전용주,02-450-7873,서울특별시 광진구청,2025-12-23
자양4동044,1,,서울특별시 광진구 자양동 57-8,37.5336522683,127.0634252694,,전용주,02-450-7873,서울특별시 광진구청,2025-12-23
자양4동045,1,,서울특별시 광진구 자양동 57-8,37.5336522683,127.0634252694,,전용주,02-450-7873,서울특별시 광진구청,2025-12-23
자양4동046,1,,서울특별시 광진구 자양동 57-8,37.5336522683,127.0634252694,,한전주,02-450-7873,서울특별시 광진구청,2025-12-23
자양4동047,1,,서울특별시 광진구 자양동 57-151,37.5340543189,127.063715364,,한전주,02-450-7873,서울특별시 광진구청,2025-12-23
자양4동048,1,,서울특별시 광진구 자양동 57-8,37.53363417,127.0634252694,,전용주,02-450-7873,서울특별시 광진구청,2025-12-23
자양4동049,1,,서울특별시 광진구 자양동 84-19,37.53345417,127.0642606,,전용주,02-450-7873,서울특별시 광진구청,2025-12-23
자양4동050,1,,서울특별시 광진구 자양동 84-19,37.53327617,127.0643936,,한전주,02-450-7873,서울특별시 광진구청,2025-12-23
자양4동051,1,,서울특별시 광진구 자양동 84-1,37.5331292479,127.0645694599,,한전주,02-450-7873,서울특별시 광진구청,2025-12-23
자양4동052,1,,서울특별시 광진구 자양동 84-21,37.5329793188,127.0647387003,,,02-450-7873,서울특별시 광진구청,2025-12-23
자양4동053,1,,서울특별시 광진구 자양동 84-7,37.5327172725,127.0648126,,한전주,02-450-7873,서울특별시 광진구청,2025-12-23
자양4동054,1,,서울특별시 광진구 자양동 84-14,37.5326950022,127.0649846,,건축물,02-450-7873,서울특별시 광진구청,2025-12-23
자양4동055,1,,서울특별시 광진구 자양동 82-4,37.53339317,127.0647088823,,한전주,02-450-7873,서울특별시 광진구청,2025-12-23
자양4동056,1,,서울특별시 광진구 자양동 86-1,37.53328517,127.0647678699,,한전주,02-450-7873,서울특별시 광진구청,2025-12-23
자양4동057,1,,서울특별시 광진구 자양동 86-5,37.5330400745,127.0648514397,,한전주,02-450-7873,서울특별시 광진구청,2025-12-23
자양4동058,1,,서울특별시 광진구 자양동 87-1,37.5327519527,127.0659572375,,한전주,02-450-7873,서울특별시 광진구청,2025-12-23
자양4동059,1,,서울특별시 광진구 자양동 831-1,37.533570576,127.0663255511,,전용주,02-450-7873,서울특별시 광진구청,2025-12-23
자양4동060,1,,서울특별시 광진구 자양동 831-1,37.533570576,127.0663255511,,전용주,02-450-7873,서울특별시 광진구청,2025-12-23
자양4동061,1,,서울특별시 광진구 자양동 87-1,37.5327519527,127.0659572375,,한전주,02-450-7873,서울특별시 광진구청,2025-12-23
자양4동062,1,,서울특별시 광진구 자양동 74-24,37.5328912713,127.0660757038,,전용주,02-450-7873,서울특별시 광진구청,2025-12-23
자양4동063,1,,서울특별시 광진구 자양동 74-26,37.5330450046,127.0656079948,,한전주,02-450-7873,서울특별시 광진구청,2025-12-23
자양4동064,1,,서울특별시 광진구 자양동 831-1,37.533570576,127.0663255511,,전용주,02-450-7873,서울특별시 광진구청,2025-12-23
자양4동065,1,,서울특별시 광진구 자양동 74-26,37.5330450046,127.0656079948,,한전주,02-450-7873,서울특별시 광진구청,2025-12-23
자양4동066,1,,서울특별시 광진구 자양동 87-1,37.5327519527,127.0659572375,,한전주,02-450-7873,서울특별시 광진구청,2025-12-23
자양4동067,1,,서울특별시 광진구 자양동 829,37.5331534382,127.0672364084,,전용주,02-450-7873,서울특별시 광진구청,2025-12-23
자양4동068,1,,서울특별시 광진구 자양동 74-14,37.5323407289,127.0667416,,한전주,02-450-7873,서울특별시 광진구청,2025-12-23
자양4동069,1,,서울특별시 광진구 자양동 74-14,37.5323407289,127.0667713588,,한전주,02-450-7873,서울특별시 광진구청,2025-12-23
자양4동070,1,,서울특별시 광진구 자양동 829,37.5331534382,127.0672364084,,한전주,02-450-7873,서울특별시 광진구청,2025-12-23
자양4동071,1,,서울특별시 광진구 자양동 829,37.5331534382,127.0672364084,,한전주,02-450-7873,서울특별시 광진구청,2025-12-23
자양4동072,1,,서울특별시 광진구 자양동 64-4,37.53369817,127.0669008217,,건축물,02-450-7873,서울특별시 광진구청,2025-12-23
자양4동073,1,,서울특별시 광진구 자양동 64-11,37.5336562216,127.0667046,,건축물,02-450-7873,서울특별시 광진구청,2025-12-23
자양4동074,1,,서울특별시 광진구 자양동 829,37.5331534382,127.0672364084,,한전주,02-450-7873,서울특별시 광진구청,2025-12-23
자양4동075,1,,서울특별시 광진구 자양동 74-26,37.5330450046,127.0656079948,,전용주,02-450-7873,서울특별시 광진구청,2025-12-23
자양4동076,1,,서울특별시 광진구 자양동 74-26,37.5330450046,127.0656079948,,전용주,02-450-7873,서울특별시 광진구청,2025-12-23
자양4동077,1,,서울특별시 광진구 자양동 74-26,37.5330450046,127.0656079948,,전용주,02-450-7873,서울특별시 광진구청,2025-12-23
자양4동078,1,,서울특별시 광진구 자양4동 831-1,37.53373356,127.0662307,,전용주,02-450-7873,서울특별시 광진구청,2025-12-23
자양4동079,1,,서울특별시 광진구 자양동 78-41,37.5335895345,127.0659368178,,전용주,02-450-7873,서울특별시 광진구청,2025-12-23
자양4동080,1,,서울특별시 광진구 자양동 79-8,37.5334767445,127.0657478877,,전용주,02-450-7873,서울특별시 광진구청,2025-12-23
자양4동081,1,,서울특별시 광진구 자양동 79-9,37.53346117,127.0656256,,한전주,02-450-7873,서울특별시 광진구청,2025-12-23
자양4동082,1,,서울특별시 광진구 자양동 79-7,37.5335386791,127.0656386,,전용주,02-450-7873,서울특별시 광진구청,2025-12-23
자양4동083,1,,서울특별시 광진구 자양동 79-11,37.5335741015,127.0654706,,한전주,02-450-7873,서울특별시 광진구청,2025-12-23
자양4동084,1,,서울특별시 광진구 자양동 79-13,37.53378517,127.0653466,,한전주,02-450-7873,서울특별시 광진구청,2025-12-23
자양4동085,1,,서울특별시 광진구 자양동 79-14,37.5337684529,127.065324998,,건축물,02-450-7873,서울특별시 광진구청,2025-12-23
자양4동086,1,,서울특별시 광진구 자양동 63-7,37.5339106349,127.0664236,,한전주,02-450-7873,서울특별시 광진구청,2025-12-23
자양4동087,1,,서울특별시 광진구 자양동 78-34,37.5338486215,127.0661709078,,건축물,02-450-7873,서울특별시 광진구청,2025-12-23
자양4동088,1,,서울특별시 광진구 자양동 78-34,37.5338486215,127.0661356,,,02-450-7873,서울특별시 광진구청,2025-12-23
자양4동089,1,,서울특별시 광진구 자양동 78-30,37.53385617,127.0659919995,,건축물,02-450-7873,서울특별시 광진구청,2025-12-23
자양4동090,1,,서울특별시 광진구 자양동 63-7,37.5339106349,127.0664482706,,전용주,02-450-7873,서울특별시 광진구청,2025-12-23
자양4동091,1,,서울특별시 광진구 자양동 43-55,37.5338485019,127.0670621777,,한전주,02-450-7873,서울특별시 광진구청,2025-12-23
자양4동092,1,,서울특별시 광진구 자양동 59-26,37.5338536532,127.0671533129,,건축물,02-450-7873,서울특별시 광진구청,2025-12-23
자양4동093,1,,서울특별시 광진구 자양동 64-19,37.5336869275,127.0670661584,,한전주,02-450-7873,서울특별시 광진구청,2025-12-23
자양4동094,1,,서울특별시 광진구 자양동 59-28,37.5336869591,127.0673272866,,한전주,02-450-7873,서울특별시 광진구청,2025-12-23
자양4동095,1,,서울특별시 광진구 자양동 59-28,37.5336869591,127.0673272866,,건축물,02-450-7873,서울특별시 광진구청,2025-12-23
자양4동096,1,,서울특별시 광진구 자양동 553-264,37.53423017,127.0677586,,한전주,02-450-7873,서울특별시 광진구청,2025-12-23
자양4동097,1,,서울특별시 광진구 자양동 553-256,37.5344194373,127.067704367,,한전주,02-450-7873,서울특별시 광진구청,2025-12-23
자양4동098,1,,서울특별시 광진구 자양동 553-252,37.53457446,127.0677306,,건축물,02-450-7873,서울특별시 광진구청,2025-12-23
자양4동099,1,,서울특별시 광진구 자양동 553-248,37.5347170826,127.0676186,,건축물,02-450-7873,서울특별시 광진구청,2025-12-23
자양4동100,1,,서울특별시 광진구 자양동 553-443,37.5352146147,127.0679016,,건축물,02-450-7873,서울특별시 광진구청,2025-12-23
자양4동101,1,,서울특별시 광진구 자양4동 553-330,37.5354024,127.0674254,,한전주,02-450-7873,서울특별시 광진구청,2025-12-23
자양4동102,1,,서울특별시 광진구 자양동 553-365,37.5352034639,127.0674317229,,건축물,02-450-7873,서울특별시 광진구청,2025-12-23
자양4동103,1,,서울특별시 광진구 자양동 553-449,37.53529517,127.0677216,,,02-450-7873,서울특별시 광진구청,2025-12-23
자양4동104,1,,서울특별시 광진구 자양4동 553-232,37.5351491,127.0673041,,한전주,02-450-7873,서울특별시 광진구청,2025-12-23
자양4동105,1,,서울특별시 광진구 자양동 553-369,37.53508417,127.0675926,,한전주,02-450-7873,서울특별시 광진구청,2025-12-23
자양4동106,1,,서울특별시 광진구 자양동 553-235,37.5348168606,127.0672338,,건축물,02-450-7873,서울특별시 광진구청,2025-12-23
자양4동107,1,,서울특별시 광진구 자양동 553-19,37.5350204437,127.0672210946,,한전주,02-450-7873,서울특별시 광진구청,2025-12-23
자양4동108,1,,서울특별시 광진구 자양동 553-139,37.5346749786,127.0673587231,,건축물,02-450-7873,서울특별시 광진구청,2025-12-23
자양4동109,1,,서울특별시 광진구 자양동 553-262,37.5343834906,127.0675415239,,한전주,02-450-7873,서울특별시 광진구청,2025-12-23
자양4동110,1,,서울특별시 광진구 자양동 48-38,37.5343554417,127.0672656,,건축물,02-450-7873,서울특별시 광진구청,2025-12-23
자양4동111,1,,서울특별시 광진구 자양동 59-10,37.5340931349,127.0673926,,,02-450-7873,서울특별시 광진구청,2025-12-23
자양4동112,1,,서울특별시 광진구 자양동 48-34,37.5341762883,127.067018059,,한전주,02-450-7873,서울특별시 광진구청,2025-12-23
자양4동113,1,,서울특별시 광진구 자양동 59-15,37.53399917,127.0673336,,건축물,02-450-7873,서울특별시 광진구청,2025-12-23
자양4동114,1,,서울특별시 광진구 자양동 59-19,37.5340560606,127.0670386,,건축물,02-450-7873,서울특별시 광진구청,2025-12-23
자양4동115,1,,서울특별시 광진구 자양동 43-40,37.5352269363,127.0655574714,,건축물,02-450-7873,서울특별시 광진구청,2025-12-23
자양4동116,1,,서울특별시 광진구 자양동 48-53,37.5340518772,127.0668191,,,02-450-7873,서울특별시 광진구청,2025-12-23
자양4동117,1,,서울특별시 광진구 자양동 48-52,37.5343666,127.0668637543,,전용주,02-450-7873,서울특별시 광진구청,2025-12-23
자양4동118,1,,서울특별시 광진구 자양4동 48-36,37.5343982,127.0669174,,한전주,02-450-7873,서울특별시 광진구청,2025-12-23
자양4동119,1,,서울특별시 광진구 자양동 48-2,37.5344563734,127.0670457,,건축물,02-450-7873,서울특별시 광진구청,2025-12-23
자양4동120,1,,서울특별시 광진구 자양동 48-15,37.5346227072,127.0669876,,전용주,02-450-7873,서울특별시 광진구청,2025-12-23
자양4동121,1,,서울특별시 광진구 자양동 559-2,37.5357991074,127.0658582198,,한전주,02-450-7873,서울특별시 광진구청,2025-12-23
자양4동122,1,,서울특별시 광진구 자양동 553-227,37.53504417,127.0668276,,한전주,02-450-7873,서울특별시 광진구청,2025-12-23
자양4동123,1,,서울특별시 광진구 자양동 553-229,37.5349514953,127.0670072,,건축물,02-450-7873,서울특별시 광진구청,2025-12-23
자양4동124,1,,서울특별시 광진구 자양동 48-5,37.5348129275,127.0667276,,,02-450-7873,서울특별시 광진구청,2025-12-23
자양4동125,1,,서울특별시 광진구 자양동 553-219,37.53517417,127.0666606,,한전주,02-450-7873,서울특별시 광진구청,2025-12-23
자양4동126,1,,서울특별시 광진구 자양동 553-218,37.53528117,127.0667983682,,건축물,02-450-7873,서울특별시 광진구청,2025-12-23
자양4동127,1,,서울특별시 광진구 자양동 553-215,37.53537517,127.0670762294,,한전주,02-450-7873,서울특별시 광진구청,2025-12-23
자양4동128,1,,서울특별시 광진구 자양동 553-218,37.5352240062,127.0667636,,건축물,02-450-7873,서울특별시 광진구청,2025-12-23
자양4동129,1,,서울특별시 광진구 자양동 553-216,37.5353014792,127.0669636,,건축물,02-450-7873,서울특별시 광진구청,2025-12-23
자양4동130,1,,서울특별시 광진구 자양동 553-69,37.5354291923,127.0667786,,건축물,02-450-7873,서울특별시 광진구청,2025-12-23
자양4동131,1,,서울특별시 광진구 자양동 553-187,37.53549617,127.0670222339,,건축물,02-450-7873,서울특별시 광진구청,2025-12-23
자양4동132,1,,서울특별시 광진구 자양동 553-71,37.5355767511,127.0666516,,한전주,02-450-7873,서울특별시 광진구청,2025-12-23
자양4동133,1,,서울특별시 광진구 자양동 553-76,37.5353982433,127.0666676,,,02-450-7873,서울특별시 광진구청,2025-12-23
자양4동134,1,,서울특별시 광진구 자양동 553-73,37.53568517,127.0665148288,,건축물,02-450-7873,서울특별시 광진구청,2025-12-23
자양4동135,1,,서울특별시 광진구 자양동 553-83,37.5353915419,127.0664085136,,한전주,02-450-7873,서울특별시 광진구청,2025-12-23
자양4동136,1,,서울특별시 광진구 자양동 553-81,37.5355450545,127.0662086,,한전주,02-450-7873,서울특별시 광진구청,2025-12-23
자양4동137,1,,서울특별시 광진구 자양동 553-281,37.5357538708,127.0660219971,,한전주,02-450-7873,서울특별시 광진구청,2025-12-23
자양4동138,1,,서울특별시 광진구 자양동 553-276,37.5358126558,127.0659507684,,한전주,02-450-7873,서울특별시 광진구청,2025-12-23
자양4동139,1,,서울특별시 광진구 자양동 46-2,37.5357405935,127.0657556,,건축물,02-450-7873,서울특별시 광진구청,2025-12-23
자양4동140,1,,서울특별시 광진구 자양동 46-19,37.5357843246,127.0655456,,건축물,02-450-7873,서울특별시 광진구청,2025-12-23
자양4동141,1,,서울특별시 광진구 자양동 46-4,37.5355766706,127.0656509571,,건축물,02-450-7873,서울특별시 광진구청,2025-12-23
자양4동142,1,,서울특별시 광진구 자양동 46-14,37.5354344867,127.0658967144,,건축물,02-450-7873,서울특별시 광진구청,2025-12-23
자양4동143,1,,서울특별시 광진구 자양동 46-14,37.53548817,127.0658376,,한전주,02-450-7873,서울특별시 광진구청,2025-12-23
자양4동144,1,,서울특별시 광진구 자양동 46-14,37.53548817,127.0658396,,한전주,02-450-7873,서울특별시 광진구청,2025-12-23
자양4동145,1,,서울특별시 광진구 자양동 47-11,37.53534717,127.0660736,,,02-450-7873,서울특별시 광진구청,2025-12-23
자양4동146,1,,서울특별시 광진구 자양동 48-1,37.5348827409,127.0662786,,한전주,02-450-7873,서울특별시 광진구청,2025-12-23
자양4동147,1,,서울특별시 광진구 자양동 48-19,37.5347555948,127.0666056089,,한전주,02-450-7873,서울특별시 광진구청,2025-12-23
자양4동149,1,,서울특별시 광진구 자양동 43-40,37.5352269363,127.0655574714,,한전주,02-450-7873,서울특별시 광진구청,2025-12-23
자양4동150,1,,서울특별시 광진구 자양동 48-70,37.53424817,127.0664359916,,,02-450-7873,서울특별시 광진구청,2025-12-23
자양4동151,1,,서울특별시 광진구 자양동 48-24,37.5342366462,127.0667160258,,전용주,02-450-7873,서울특별시 광진구청,2025-12-23
자양4동152,1,,서울특별시 광진구 자양동 48-57,37.5343389763,127.0664382416,,한전주,02-450-7873,서울특별시 광진구청,2025-12-23
자양4동153,1,,서울특별시 광진구 자양동 48-9,37.53470037,127.066256,,한전주,02-450-7873,서울특별시 광진구청,2025-12-23
자양4동154,1,,서울특별시 광진구 자양동 47-40,37.53484617,127.0659813387,,한전주,02-450-7873,서울특별시 광진구청,2025-12-23
자양4동155,1,,서울특별시 광진구 자양동 47-41,37.534902321,127.0658859282,,한전주,02-450-7873,서울특별시 광진구청,2025-12-23
자양4동156,1,,서울특별시 광진구 자양동 47-44,37.53517917,127.0656935338,,건축물,02-450-7873,서울특별시 광진구청,2025-12-23
자양4동157,1,,서울특별시 광진구 자양동 47-45,37.5351691628,127.0656436,,건축물,02-450-7873,서울특별시 광진구청,2025-12-23
자양4동158,1,,서울특별시 광진구 자양동 46-36,37.5354465717,127.0653159395,,한전주,02-450-7873,서울특별시 광진구청,2025-12-23
자양4동159,1,,서울특별시 광진구 자양동 45-38,37.5357566504,127.0650722723,,한전주,02-450-7873,서울특별시 광진구청,2025-12-23
자양4동160,1,,서울특별시 광진구 자양동 45-2,37.5357413175,127.0652706,,,02-450-7873,서울특별시 광진구청,2025-12-23
자양4동161,1,,서울특별시 광진구 자양동 45-36,37.5359356897,127.0648894743,,전용주,02-450-7873,서울특별시 광진구청,2025-12-23
자양4동162,1,,서울특별시 광진구 자양동 45-35,37.53615117,127.0647259005,,한전주,02-450-7873,서울특별시 광진구청,2025-12-23
자양4동163,1,,서울특별시 광진구 자양동 51-30,37.53619317,127.0643934933,,한전주,02-450-7873,서울특별시 광진구청,2025-12-23
자양4동164,1,,서울특별시 광진구 자양동 45-35,37.536103816,127.0647259005,,건축물,02-450-7873,서울특별시 광진구청,2025-12-23
자양4동165,1,,서울특별시 광진구 자양동 51-33,37.5358876271,127.06463237,,한전주,02-450-7873,서울특별시 광진구청,2025-12-23
자양4동166,1,,서울특별시 광진구 자양동 51-42,37.5355446194,127.0649796,,한전주,02-450-7873,서울특별시 광진구청,2025-12-23
자양4동167,1,,서울특별시 광진구 자양동 52-7,37.5354483644,127.064842324,,한전주,02-450-7873,서울특별시 광진구청,2025-12-23
자양4동168,1,,서울특별시 광진구 자양동 52-8,37.5353459827,127.0645645825,,한전주,02-450-7873,서울특별시 광진구청,2025-12-23
자양4동169,1,,서울특별시 광진구 자양동 52-157,37.5354881283,127.0644586899,,전용주,02-450-7873,서울특별시 광진구청,2025-12-23
자양4동170,1,,서울특별시 광진구 자양동 51-7,37.5356679584,127.0646076,,한전주,02-450-7873,서울특별시 광진구청,2025-12-23
자양4동171,1,,서울특별시 광진구 자양동 51-17,37.535854526,127.0643654354,,한전주,02-450-7873,서울특별시 광진구청,2025-12-23
자양4동172,1,,서울특별시 광진구 자양동 51-2,37.5359820849,127.0644072951,,전용주,02-450-7873,서울특별시 광진구청,2025-12-23
자양4동173,1,,서울특별시 광진구 자양동 51-44,37.5354478919,127.0650460943,,,02-450-7873,서울특별시 광진구청,2025-12-23
자양4동174,1,,서울특별시 광진구 자양동 46-42,37.5353662824,127.0653116,,,02-450-7873,서울특별시 광진구청,2025-12-23
자양4동175,1,,서울특별시 광진구 자양동 51-47,37.535156555,127.0652880797,,한전주,02-450-7873,서울특별시 광진구청,2025-12-23
자양4동176,1,,서울특별시 광진구 자양동 50-22,37.534889339,127.065575907,,한전주,02-450-7873,서울특별시 광진구청,2025-12-23
자양4동177,1,,서울특별시 광진구 자양동 50-30,37.5346464575,127.065848932,,한전주,02-450-7873,서울특별시 광진구청,2025-12-23
자양4동178,1,,서울특별시 광진구 자양동 52-78,37.5344666768,127.0655808545,,전용주,02-450-7873,서울특별시 광진구청,2025-12-23
자양4동179,1,,서울특별시 광진구 자양동 63-30,37.5345582057,127.0659274879,,한전주,02-450-7873,서울특별시 광진구청,2025-12-23
자양4동180,1,,서울특별시 광진구 자양동 63-25,37.5344180191,127.0660722988,,건축물,02-450-7873,서울특별시 광진구청,2025-12-23
자양4동181,1,,서울특별시 광진구 자양동 63-26,37.5343761593,127.0660066398,,건축물,02-450-7873,서울특별시 광진구청,2025-12-23
자양4동182,1,,서울특별시 광진구 자양동 63-23,37.53433517,127.0660646,,건축물,02-450-7873,서울특별시 광진구청,2025-12-23
자양4동183,1,,서울특별시 광진구 자양동 63-18,37.5342699043,127.0662396,,건축물,02-450-7873,서울특별시 광진구청,2025-12-23
자양4동184,1,,서울특별시 광진구 자양동 63-18,37.5342699043,127.0662158577,,한전주,02-450-7873,서울특별시 광진구청,2025-12-23
자양4동185,1,,서울특별시 광진구 자양동 78-2,37.5338501826,127.0655795747,,한전주,02-450-7873,서울특별시 광진구청,2025-12-23
자양4동186,1,,서울특별시 광진구 자양동 78-28,37.5339345343,127.0659250155,,전용주,02-450-7873,서울특별시 광진구청,2025-12-23
자양4동187,1,,서울특별시 광진구 자양동 52-97,37.5341569838,127.0656152045,,건축물,02-450-7873,서울특별시 광진구청,2025-12-23
자양4동188,1,,서울특별시 광진구 자양동 52-87,37.5342925315,127.0657102489,,한전주,02-450-7873,서울특별시 광진구청,2025-12-23
자양4동189,1,,서울특별시 광진구 자양동 63-28,37.53446517,127.0658226,,전용주,02-450-7873,서울특별시 광진구청,2025-12-23
자양4동190,1,,서울특별시 광진구 자양동 52-78,37.5344666768,127.0655386,,건축물,02-450-7873,서울특별시 광진구청,2025-12-23
자양4동191,1,,서울특별시 광진구 자양동 52-101,37.5346053374,127.0654246139,,한전주,02-450-7873,서울특별시 광진구청,2025-12-23
자양4동192,1,,서울특별시 광진구 자양동 52-90,37.53478617,127.0651816,,건축물,02-450-7873,서울특별시 광진구청,2025-12-23
자양4동193,1,,서울특별시 광진구 자양동 52-41,37.53495517,127.0649571453,,한전주,02-450-7873,서울특별시 광진구청,2025-12-23
자양4동194,1,,서울특별시 광진구 자양동 50-4,37.53493217,127.0653689,,건축물,02-450-7873,서울특별시 광진구청,2025-12-23
자양4동195,1,,서울특별시 광진구 자양동 50-7,37.534785872,127.0654206,,건축물,02-450-7873,서울특별시 광진구청,2025-12-23
자양4동196,1,,서울특별시 광진구 자양동 50-2,37.5346931228,127.065536588,,건축물,02-450-7873,서울특별시 광진구청,2025-12-23
자양4동197,1,,서울특별시 광진구 자양동 50-2,37.5346931228,127.0655266,,건축물,02-450-7873,서울특별시 광진구청,2025-12-23
자양4동198,1,,서울특별시 광진구 자양동 50-18,37.5349921889,127.0653086,,한전주,02-450-7873,서울특별시 광진구청,2025-12-23
자양4동199,1,,서울특별시 광진구 자양동 52-16,37.5351619086,127.0650565945,,건축물,02-450-7873,서울특별시 광진구청,2025-12-23
자양4동200,1,,서울특별시 광진구 자양동 52-12,37.5353575,127.0650896,,건축물,02-450-7873,서울특별시 광진구청,2025-12-23
자양4동201,1,,서울특별시 광진구 자양동 52-19,37.5353540168,127.064865776,,한전주,02-450-7873,서울특별시 광진구청,2025-12-23
자양4동202,1,,서울특별시 광진구 자양동 52-19,37.5353540168,127.0648336,,건축물,02-450-7873,서울특별시 광진구청,2025-12-23
자양4동203,1,,서울특별시 광진구 자양동 52-23,37.53519417,127.0649796,,건축물,02-450-7873,서울특별시 광진구청,2025-12-23
자양4동204,1,,서울특별시 광진구 자양동 52-38,37.53507717,127.0649846,,한전주,02-450-7873,서울특별시 광진구청,2025-12-23
자양4동205,1,,서울특별시 광진구 자양동 52-36,37.5350715035,127.0647976,,건축물,02-450-7873,서울특별시 광진구청,2025-12-23
자양4동206,1,,서울특별시 광진구 자양동 52-89,37.5347459203,127.065049784,,한전주,02-450-7873,서울특별시 광진구청,2025-12-23
자양4동207,1,,서울특별시 광진구 자양동 58-6,37.5344489701,127.0651046,,한전주,02-450-7873,서울특별시 광진구청,2025-12-23
자양4동209,1,,서울특별시 광진구 자양동 58-9,37.5342747003,127.0653616,,건축물,02-450-7873,서울특별시 광진구청,2025-12-23
자양4동210,1,,서울특별시 광진구 자양동 58-15,37.5339594731,127.0654776,,,02-450-7873,서울특별시 광진구청,2025-12-23
자양4동211,1,,서울특별시 광진구 자양동 58-13,37.5341482444,127.0652346,,한전주,02-450-7873,서울특별시 광진구청,2025-12-23
자양4동212,1,,서울특별시 광진구 자양4동 78-2,37.5340517,127.0653242,,,02-450-7873,서울특별시 광진구청,2025-12-23
자양4동213,1,,서울특별시 광진구 자양동 78-2,37.5338501826,127.0655795747,,한전주,02-450-7873,서울특별시 광진구청,2025-12-23
자양4동214,1,,서울특별시 광진구 자양4동 78-2,37.5339804,127.065263,,건축물,02-450-7873,서울특별시 광진구청,2025-12-23
자양4동215,1,,서울특별시 광진구 자양동 78-2,37.5338501826,127.0655795747,,건축물,02-450-7873,서울특별시 광진구청,2025-12-23
자양4동216,1,,서울특별시 광진구 자양동 57-103,37.5339228576,127.064883431,,한전주,02-450-7873,서울특별시 광진구청,2025-12-23
자양4동217,1,,서울특별시 광진구 자양동 57-103,37.5339228576,127.064883431,,한전주,02-450-7873,서울특별시 광진구청,2025-12-23
자양4동218,1,,서울특별시 광진구 자양동 57-91,37.53435817,127.0649096,,한전주,02-450-7873,서울특별시 광진구청,2025-12-23
자양4동219,1,,서울특별시 광진구 자양동 57-99,37.5343185176,127.0646996,,,02-450-7873,서울특별시 광진구청,2025-12-23
자양4동220,1,,서울특별시 광진구 자양동 57-6,37.5344949874,127.0647296014,,한전주,02-450-7873,서울특별시 광진구청,2025-12-23
자양4동221,1,,서울특별시 광진구 자양동 57-57,37.5346436657,127.0645408961,,건축물,02-450-7873,서울특별시 광진구청,2025-12-23
자양4동222,1,,서울특별시 광진구 자양동 57-59,37.534715551,127.0642696,,한전주,02-450-7873,서울특별시 광진구청,2025-12-23
자양4동223,1,,서울특별시 광진구 자양동 57-65,37.5346482003,127.064155765,,한전주,02-450-7873,서울특별시 광진구청,2025-12-23
자양4동224,1,,서울특별시 광진구 자양동 57-53,37.5343365108,127.0642686,,한전주,02-450-7873,서울특별시 광진구청,2025-12-23
자양4동225,1,,서울특별시 광진구 자양동 57-100,37.5343856877,127.0645801601,,한전주,02-450-7873,서울특별시 광진구청,2025-12-23
자양4동226,1,,서울특별시 광진구 자양동 57-162,37.5339228576,127.064883431,,한전주,02-450-7873,서울특별시 광진구청,2025-12-23
자양4동227,1,,서울특별시 광진구 자양동 57-105,37.5342183309,127.0638268345,,한전주,02-450-7873,서울특별시 광진구청,2025-12-23
자양4동228,1,,서울특별시 광진구 자양동 57-146,37.5344281197,127.0637806,,건축물,02-450-7873,서울특별시 광진구청,2025-12-23
자양4동229,1,,서울특별시 광진구 자양동 56-7,37.53476417,127.0637596,,건축물,02-450-7873,서울특별시 광진구청,2025-12-23
자양4동230,1,,서울특별시 광진구 자양동 56-11,37.53489617,127.0635876,,한전주,02-450-7873,서울특별시 광진구청,2025-12-23
자양4동231,1,,서울특별시 광진구 자양동 56-10,37.5349428672,127.0634456,,건축물,02-450-7873,서울특별시 광진구청,2025-12-23
자양4동232,1,,서울특별시 광진구 자양동 56-8,37.5352586,127.0632682183,,한전주,02-450-7873,서울특별시 광진구청,2025-12-23
자양4동233,1,,서울특별시 광진구 자양동 57-26,37.5351543296,127.0630831535,,한전주,02-450-7873,서울특별시 광진구청,2025-12-23
자양4동234,1,,서울특별시 광진구 자양4동 57-34,37.534963,127.0631425,,건축물,02-450-7873,서울특별시 광진구청,2025-12-23
자양4동235,1,,서울특별시 광진구 자양동 57-35,37.5347596184,127.0632706,,한전주,02-450-7873,서울특별시 광진구청,2025-12-23
자양4동236,1,,서울특별시 광진구 자양동 57-42,37.5345914246,127.0633946,,건축물,02-450-7873,서울특별시 광진구청,2025-12-23
자양4동237,1,,서울특별시 광진구 자양동 57-7,37.5344864733,127.063651354,,한전주,02-450-7873,서울특별시 광진구청,2025-12-23
자양4동238,1,,서울특별시 광진구 자양동 57-14,37.5342725832,127.0639811194,,한전주,02-450-7873,서울특별시 광진구청,2025-12-23
자양4동239,1,,서울특별시 광진구 자양동 57-160,37.5347199658,127.062298845,,한전주,02-450-7873,서울특별시 광진구청,2025-12-23
자양4동240,1,,서울특별시 광진구 자양동 57-160,37.5347416,127.062298845,,한전주,02-450-7873,서울특별시 광진구청,2025-12-23
자양4동241,1,,서울특별시 광진구 자양동 57-68,37.5347464334,127.0629391195,,한전주,02-450-7873,서울특별시 광진구청,2025-12-23
자양4동242,1,,서울특별시 광진구 자양동 55-14,37.5349736165,127.0637966,,한전주,02-450-7873,서울특별시 광진구청,2025-12-23
자양4동243,1,,서울특별시 광진구 자양동 55-20,37.5347614421,127.0638491338,,건축물,02-450-7873,서울특별시 광진구청,2025-12-23
자양4동244,1,,서울특별시 광진구 자양동 54-21,37.534912724,127.0640126,,건축물,02-450-7873,서울특별시 광진구청,2025-12-23
자양4동245,1,,서울특별시 광진구 자양동 54-20,37.53507617,127.064143539,,,02-450-7873,서울특별시 광진구청,2025-12-23
자양4동246,1,,서울특별시 광진구 자양동 53-23,37.5348028005,127.0645077694,,한전주,02-450-7873,서울특별시 광진구청,2025-12-23
자양4동247,1,,서울특별시 광진구 자양동 53-25,37.5347154209,127.0646916,,한전주,02-450-7873,서울특별시 광진구청,2025-12-23
자양4동248,1,,서울특별시 광진구 자양동 52-122,37.5349431046,127.0648034181,,건축물,02-450-7873,서울특별시 광진구청,2025-12-23
자양4동249,1,,서울특별시 광진구 자양동 52-120,37.5351224044,127.0646378193,,한전주,02-450-7873,서울특별시 광진구청,2025-12-23
자양4동250,1,,서울특별시 광진구 자양동 52-115,37.5351424447,127.0644806,,건축물,02-450-7873,서울특별시 광진구청,2025-12-23
자양4동251,1,,서울특별시 광진구 자양동 52-155,37.53545217,127.0643606,,한전주,02-450-7873,서울특별시 광진구청,2025-12-23
자양4동252,1,,서울특별시 광진구 자양동 52-154,37.5354800086,127.0643131808,,건축물,02-450-7873,서울특별시 광진구청,2025-12-23
자양4동253,1,,서울특별시 광진구 자양동 52-110,37.535532582,127.064064424,,전용주,02-450-7873,서울특별시 광진구청,2025-12-23
자양4동254,1,,서울특별시 광진구 자양동 52-138,37.535801935,127.064146,,한전주,02-450-7873,서울특별시 광진구청,2025-12-23
자양4동255,1,,서울특별시 광진구 자양동 52-153,37.5355415771,127.0642946,,전용주,02-450-7873,서울특별시 광진구청,2025-12-23
자양4동256,1,,서울특별시 광진구 자양동 52-160,37.53586417,127.0639346,,한전주,02-450-7873,서울특별시 광진구청,2025-12-23
자양4동257,1,,서울특별시 광진구 자양동 52-138,37.53589817,127.0641495121,,건축물,02-450-7873,서울특별시 광진구청,2025-12-23
자양4동258,1,,서울특별시 광진구 자양동 52-131,37.53614117,127.0639196,,한전주,02-450-7873,서울특별시 광진구청,2025-12-23
자양4동259,1,,서울특별시 광진구 자양동 52-200,37.5362331822,127.0632616988,,한전주,02-450-7873,서울특별시 광진구청,2025-12-23
자양4동260,1,,서울특별시 광진구 자양동 52-200,37.5362206,127.0632616988,,한전주,02-450-7873,서울특별시 광진구청,2025-12-23
자양4동261,1,,서울특별시 광진구 자양4동 53-1,37.5359851,127.0636276,,한전주,02-450-7873,서울특별시 광진구청,2025-12-23
자양4동262,1,,서울특별시 광진구 자양동 53-1,37.535861551,127.0637746,,건축물,02-450-7873,서울특별시 광진구청,2025-12-23
자양4동263,1,,서울특별시 광진구 자양동 53-8,37.535813833,127.0636718,,건축물,02-450-7873,서울특별시 광진구청,2025-12-23
자양4동264,1,,서울특별시 광진구 자양동 54-7,37.5355760472,127.0636628024,,한전주,02-450-7873,서울특별시 광진구청,2025-12-23
자양4동265,1,,서울특별시 광진구 자양동 54-11,37.53539117,127.0638461433,,한전주,02-450-7873,서울특별시 광진구청,2025-12-23
자양4동266,1,,서울특별시 광진구 자양동 53-17,37.5351519094,127.0642300786,,한전주,02-450-7873,서울특별시 광진구청,2025-12-23
자양4동267,1,,서울특별시 광진구 자양동 54-6,37.5355576962,127.0635894774,,한전주,02-450-7873,서울특별시 광진구청,2025-12-23
자양4동268,1,,서울특별시 광진구 자양동 55-8,37.535350921,127.0634325914,,건축물,02-450-7873,서울특별시 광진구청,2025-12-23
자양4동269,1,,서울특별시 광진구 자양동 52-163,37.53571794,127.0635932,,,02-450-7873,서울특별시 광진구청,2025-12-23
자양4동270,1,,서울특별시 광진구 자양동 52-161,37.5358797587,127.0634216,,한전주,02-450-7873,서울특별시 광진구청,2025-12-23
자양4동271,1,,서울특별시 광진구 자양동 52-161,37.5358905,127.0634514,,한전주,02-450-7873,서울특별시 광진구청,2025-12-23
자양4동272,1,,서울특별시 광진구 자양동 52-182,37.5356723412,127.0632022773,,한전주,02-450-7873,서울특별시 광진구청,2025-12-23
자양4동273,1,,서울특별시 광진구 자양동 56-2,37.5353348544,127.0631499467,,한전주,02-450-7873,서울특별시 광진구청,2025-12-23
자양4동274,1,,서울특별시 광진구 자양동 56-2,37.5353924,127.0631426,,한전주,02-450-7873,서울특별시 광진구청,2025-12-23
자양4동275,1,,서울특별시 광진구 자양동 57-25,37.5351921481,127.0629286,,전용주,02-450-7873,서울특별시 광진구청,2025-12-23
자양4동276,1,,서울특별시 광진구 자양4동 57-161,37.5345914,127.0628643,,한전주,02-450-7873,서울특별시 광진구청,2025-12-23
자양4동277,1,,서울특별시 광진구 자양4동 57-161,37.5344378,127.0628096,,한전주,02-450-7873,서울특별시 광진구청,2025-12-23
자양4동278,1,,서울특별시 광진구 자양동 57-88,37.53429717,127.0628556,,건축물,02-450-7873,서울특별시 광진구청,2025-12-23
자양4동279,1,,서울특별시 광진구 자양동 57-155,37.534059852,127.062689,,한전주,02-450-7873,서울특별시 광진구청,2025-12-23
자양4동280,1,,서울특별시 광진구 자양동 57-112,37.5340896209,127.062323127,,한전주,02-450-7873,서울특별시 광진구청,2025-12-23
자양4동281,1,,서울특별시 광진구 자양동 57-3,37.53437617,127.0621980267,,건축물,02-450-7873,서울특별시 광진구청,2025-12-23
자양4동282,1,,서울특별시 광진구 자양동 57-156,37.5343559303,127.0624475311,,건축물,02-450-7873,서울특별시 광진구청,2025-12-23
자양4동283,1,,서울특별시 광진구 자양동 57-128,37.5338011784,127.0622878797,,한전주,02-450-7873,서울특별시 광진구청,2025-12-23
자양4동284,1,,서울특별시 광진구 자양동 57-127,37.5339052215,127.062330394,,건축물,02-450-7873,서울특별시 광진구청,2025-12-23
자양4동285,1,,서울특별시 광진구 자양동 57-113,37.5340212042,127.062114165,,한전주,02-450-7873,서울특별시 광진구청,2025-12-23
자양4동286,1,,서울특별시 광진구 자양동 193-28,37.5343968179,127.0619682977,,한전주,02-450-7873,서울특별시 광진구청,2025-12-23
자양4동287,1,,서울특별시 광진구 자양동 193-23,37.5346086681,127.0619208403,,건축물,02-450-7873,서울특별시 광진구청,2025-12-23
자양4동288,1,,서울특별시 광진구 자양동 193-14,37.5345112248,127.0616625703,,,02-450-7873,서울특별시 광진구청,2025-12-23
자양4동289,1,,서울특별시 광진구 자양동 193-19,37.5347060158,127.0616136,,한전주,02-450-7873,서울특별시 광진구청,2025-12-23
자양4동290,1,,서울특별시 광진구 자양동 57-160,37.5347199658,127.062298845,,한전주,02-450-7873,서울특별시 광진구청,2025-12-23
자양4동291,1,,서울특별시 광진구 자양동 203-16,37.5350803859,127.0613185199,,한전주,02-450-7873,서울특별시 광진구청,2025-12-23
자양4동292,1,,서울특별시 광진구 자양동 203-13,37.5350269371,127.0611748258,,한전주,02-450-7873,서울특별시 광진구청,2025-12-23
자양4동293,1,,서울특별시 광진구 자양동 206-9,37.534847152,127.0609976,,전용주,02-450-7873,서울특별시 광진구청,2025-12-23
자양4동294,1,,서울특별시 광진구 자양동 192-10,37.53477917,127.0611156,,,02-450-7873,서울특별시 광진구청,2025-12-23
자양4동295,1,,서울특별시 광진구 자양동 192-6,37.5347380084,127.0613132613,,건축물,02-450-7873,서울특별시 광진구청,2025-12-23
자양4동296,1,,서울특별시 광진구 자양동 192-8,37.5345913453,127.0614586,,한전주,02-450-7873,서울특별시 광진구청,2025-12-23
자양4동297,1,,서울특별시 광진구 자양동 192-16,37.53446217,127.0615826,,한전주,02-450-7873,서울특별시 광진구청,2025-12-23
자양4동298,1,,서울특별시 광진구 자양동 853,37.5333887677,127.0619883945,,한전주,02-450-7873,서울특별시 광진구청,2025-12-23
자양4동299,1,,서울특별시 광진구 자양동 210-48,37.5342473781,127.0612988,,한전주,02-450-7873,서울특별시 광진구청,2025-12-23
자양4동300,1,,서울특별시 광진구 자양동 191-1,37.5344193527,127.0607355259,,한전주,02-450-7873,서울특별시 광진구청,2025-12-23
자양4동301,1,,서울특별시 광진구 자양동 210-45,37.5343189307,127.0610536,,한전주,02-450-7873,서울특별시 광진구청,2025-12-23
자양4동302,1,,서울특별시 광진구 자양동 210-39,37.5344927321,127.0608367341,,한전주,02-450-7873,서울특별시 광진구청,2025-12-23
자양4동303,1,,서울특별시 광진구 자양동 210-35,37.53468117,127.0607146516,,한전주,02-450-7873,서울특별시 광진구청,2025-12-23
자양4동304,1,,서울특별시 광진구 자양동 210-59,37.5347556606,127.0607074155,,건축물,02-450-7873,서울특별시 광진구청,2025-12-23
자양4동305,1,,서울특별시 광진구 자양동 210-23,37.53503017,127.0604663801,,한전주,02-450-7873,서울특별시 광진구청,2025-12-23
자양4동306,1,,서울특별시 광진구 자양동 210-25,37.5351283478,127.0605372,,한전주,02-450-7873,서울특별시 광진구청,2025-12-23
자양4동307,1,,서울특별시 광진구 자양동 206-10,37.5350880433,127.0608991902,,,02-450-7873,서울특별시 광진구청,2025-12-23
자양4동308,1,,서울특별시 광진구 자양동 206-10,37.5350880433,127.0608991902,,한전주,02-450-7873,서울특별시 광진구청,2025-12-23
자양4동309,1,,서울특별시 광진구 자양동 206-4,37.5353852119,127.0607596,,전용주,02-450-7873,서울특별시 광진구청,2025-12-23
자양4동310,1,,서울특별시 광진구 자양동 202-33,37.53553817,127.0611336,,한전주,02-450-7873,서울특별시 광진구청,2025-12-23
자양4동311,1,,서울특별시 광진구 자양동 203-18,37.5354832429,127.0609116,,건축물,02-450-7873,서울특별시 광진구청,2025-12-23
자양4동312,1,,서울특별시 광진구 자양동 202-33,37.5355462198,127.0611946,,한전주,02-450-7873,서울특별시 광진구청,2025-12-23
자양4동313,1,,서울특별시 광진구 자양동 203-9,37.535884276,127.0611046,,건축물,02-450-7873,서울특별시 광진구청,2025-12-23
자양4동314,1,,서울특별시 광진구 자양동 202-19,37.53582117,127.0612876,,한전주,02-450-7873,서울특별시 광진구청,2025-12-23
자양4동315,1,,서울특별시 광진구 자양동 202-20,37.5356225664,127.0613986167,,전용주,02-450-7873,서울특별시 광진구청,2025-12-23
자양4동316,1,,서울특별시 광진구 자양동 200,37.5354513776,127.0620854814,,한전주,02-450-7873,서울특별시 광진구청,2025-12-23
자양4동317,1,,서울특별시 광진구 자양동 200,37.5354513776,127.0620854814,,한전주,02-450-7873,서울특별시 광진구청,2025-12-23
자양4동318,1,,서울특별시 광진구 자양동 200,37.5354513776,127.0620854814,,건축물,02-450-7873,서울특별시 광진구청,2025-12-23
자양4동319,1,,서울특별시 광진구 자양동 200-2,37.5354396988,127.0618486632,,건축물,02-450-7873,서울특별시 광진구청,2025-12-23
자양4동320,1,,서울특별시 광진구 자양동 200-2,37.5354396988,127.0618496,,건축물,02-450-7873,서울특별시 광진구청,2025-12-23
자양4동321,1,,서울특별시 광진구 자양동 200-2,37.5354396988,127.0618486632,,전용주,02-450-7873,서울특별시 광진구청,2025-12-23
자양4동322,1,,서울특별시 광진구 자양동 202-36,37.53538517,127.0613966,,전용주,02-450-7873,서울특별시 광진구청,2025-12-23
자양4동323,1,,서울특별시 광진구 자양동 200-2,37.53542917,127.0618486632,,전용주,02-450-7873,서울특별시 광진구청,2025-12-23
자양4동324,1,,서울특별시 광진구 자양동 202-40,37.5350062178,127.0615936,,전용주,02-450-7873,서울특별시 광진구청,2025-12-23
자양4동325,1,,서울특별시 광진구 자양동 193-22,37.5347030625,127.0619451,,한전주,02-450-7873,서울특별시 광진구청,2025-12-23
자양4동326,1,,서울특별시 광진구 자양동 193-25,37.5345130877,127.0617628628,,,02-450-7873,서울특별시 광진구청,2025-12-23
자양4동327,1,,서울특별시 광진구 자양동 57-75,37.5345282334,127.0627277005,,한전주,02-450-7873,서울특별시 광진구청,2025-12-23
자양4동328,1,,서울특별시 광진구 자양동 195-18,37.5348792,127.0622493462,,한전주,02-450-7873,서울특별시 광진구청,2025-12-23
자양4동329,1,,서울특별시 광진구 자양동 195-7,37.5350374098,127.0623479682,,한전주,02-450-7873,서울특별시 광진구청,2025-12-23
자양4동330,1,,서울특별시 광진구 자양동 195-4,37.5352808422,127.0622110417,,한전주,02-450-7873,서울특별시 광진구청,2025-12-23
자양4동331,1,,서울특별시 광진구 자양동 195-12,37.5353187205,127.0619707577,,건축물,02-450-7873,서울특별시 광진구청,2025-12-23
자양4동332,1,,서울특별시 광진구 자양동 199-2,37.5358814447,127.0622076,,,02-450-7873,서울특별시 광진구청,2025-12-23
자양4동334,1,,서울특별시 광진구 자양동 196-16,37.5354046116,127.0622644349,,한전주,02-450-7873,서울특별시 광진구청,2025-12-23
자양4동335,1,,서울특별시 광진구 자양동 196-15,37.5353270151,127.0624506,,건축물,02-450-7873,서울특별시 광진구청,2025-12-23
자양4동336,1,,서울특별시 광진구 자양동 196-13,37.535122062,127.0625576,,한전주,02-450-7873,서울특별시 광진구청,2025-12-23
자양4동337,1,,서울특별시 광진구 자양동 196-10,37.5348799759,127.0627306,,한전주,02-450-7873,서울특별시 광진구청,2025-12-23
자양4동338,1,,서울특별시 광진구 자양동 197-36,37.5352814471,127.0627316,,한전주,02-450-7873,서울특별시 광진구청,2025-12-23
자양4동339,1,,서울특별시 광진구 자양동 57-28,37.5350884617,127.0629232275,,한전주,02-450-7873,서울특별시 광진구청,2025-12-23
자양4동340,1,,서울특별시 광진구 자양동 196-7,37.5349152414,127.0628441087,,건축물,02-450-7873,서울특별시 광진구청,2025-12-23
자양4동341,1,,서울특별시 광진구 자양동 197-27,37.5355577955,127.0629183041,,,02-450-7873,서울특별시 광진구청,2025-12-23
자양4동342,1,,서울특별시 광진구 자양동 197-38,37.53574517,127.0630086077,,한전주,02-450-7873,서울특별시 광진구청,2025-12-23
자양4동343,1,,서울특별시 광진구 자양동 197-34,37.5354842354,127.0631486,,전용주,02-450-7873,서울특별시 광진구청,2025-12-23
자양4동344,1,,서울특별시 광진구 자양동 197-19,37.5357664567,127.0627687905,,한전주,02-450-7873,서울특별시 광진구청,2025-12-23
자양4동345,1,,서울특별시 광진구 자양동 197-29,37.5355090351,127.0626456,,한전주,02-450-7873,서울특별시 광진구청,2025-12-23
자양4동346,1,,서울특별시 광진구 자양동 197-21,37.535687053,127.0624771532,,한전주,02-450-7873,서울특별시 광진구청,2025-12-23
자양4동347,1,,서울특별시 광진구 자양동 197-12,37.5358315334,127.0623825725,,한전주,02-450-7873,서울특별시 광진구청,2025-12-23
자양4동348,1,,서울특별시 광진구 자양동 197-5,37.5361903747,127.0622412,,한전주,02-450-7873,서울특별시 광진구청,2025-12-23
자양4동349,1,,서울특별시 광진구 자양동 52-196,37.5360852754,127.0626418926,,한전주,02-450-7873,서울특별시 광진구청,2025-12-23
자양4동350,1,,서울특별시 광진구 자양동 52-175,37.5360989,127.0629133,,한전주,02-450-7873,서울특별시 광진구청,2025-12-23
자양4동351,1,,서울특별시 광진구 자양동 52-185,37.535900429,127.0631239,,한전주,02-450-7873,서울특별시 광진구청,2025-12-23
자양4동352,1,,서울특별시 광진구 자양동 52-165,37.53627617,127.0630276,,한전주,02-450-7873,서울특별시 광진구청,2025-12-23
자양4동353,1,,서울특별시 광진구 자양동 199-1,37.5363272,127.0617982201,,전용주,02-450-7873,서울특별시 광진구청,2025-12-23
자양4동354,1,,서울특별시 광진구 자양동 197-37,37.53638117,127.0621896,,건축물,02-450-7873,서울특별시 광진구청,2025-12-23
자양4동355,1,,서울특별시 광진구 자양동 239-1,37.53667417,127.062810929,,한전주,02-450-7873,서울특별시 광진구청,2025-12-23
자양4동357,1,,서울특별시 광진구 자양동 238-3,37.53666717,127.0624366,,한전주,02-450-7873,서울특별시 광진구청,2025-12-23
자양4동358,1,,서울특별시 광진구 자양동 238-15,37.5365700322,127.0621380029,,한전주,02-450-7873,서울특별시 광진구청,2025-12-23
자양4동359,1,,서울특별시 광진구 자양동 199,37.5363582224,127.0619371088,,전용주,02-450-7873,서울특별시 광진구청,2025-12-23
자양4동360,1,,서울특별시 광진구 자양동 236-151,37.5366489666,127.0619096,,전용주,02-450-7873,서울특별시 광진구청,2025-12-23
자양4동361,1,,서울특별시 광진구 자양동 236-156,37.5366620166,127.0616370734,,한전주,02-450-7873,서울특별시 광진구청,2025-12-23
자양4동362,1,,서울특별시 광진구 자양동 236-156,37.53669817,127.0616370734,,한전주,02-450-7873,서울특별시 광진구청,2025-12-23
자양4동363,1,,서울특별시 광진구 자양동 236-24,37.5366589287,127.0613380287,,건축물,02-450-7873,서울특별시 광진구청,2025-12-23
자양4동364,1,,서울특별시 광진구 자양동 235-5,37.5363764148,127.0612085265,,한전주,02-450-7873,서울특별시 광진구청,2025-12-23
자양4동366,1,,서울특별시 광진구 자양동 202-3,37.5360860531,127.0617679,,건축물,02-450-7873,서울특별시 광진구청,2025-12-23
자양4동367,1,,서울특별시 광진구 자양동 199-2,37.5358814447,127.0622195739,,건축물,02-450-7873,서울특별시 광진구청,2025-12-23
자양4동368,1,,서울특별시 광진구 자양동 199-2,37.5358814447,127.0622195739,,건축물,02-450-7873,서울특별시 광진구청,2025-12-23
자양4동369,1,,서울특별시 광진구 자양동 199-2,37.53586717,127.0622586,,건축물,02-450-7873,서울특별시 광진구청,2025-12-23
자양4동370,1,,서울특별시 광진구 자양동 199-2,37.5358814447,127.0622195739,,건축물,02-450-7873,서울특별시 광진구청,2025-12-23
자양4동371,1,,서울특별시 광진구 자양동 199-2,37.5358814447,127.0622195739,,건축물,02-450-7873,서울특별시 광진구청,2025-12-23
자양4동372,1,,서울특별시 광진구 자양동 197-21,37.535687053,127.0624686,,건축물,02-450-7873,서울특별시 광진구청,2025-12-23
자양4동373,1,,서울특별시 광진구 자양동 202-1,37.5362218852,127.0615993419,,한전주,02-450-7873,서울특별시 광진구청,2025-12-23
자양4동374,1,,서울특별시 광진구 자양동 202-3,37.5360860531,127.0617212311,,건축물,02-450-7873,서울특별시 광진구청,2025-12-23
자양4동375,1,,서울특별시 광진구 자양동 202-1,37.5362218852,127.0615542,,한전주,02-450-7873,서울특별시 광진구청,2025-12-23
자양4동376,1,,서울특별시 광진구 자양동 202-13,37.5361609822,127.0614216,,건축물,02-450-7873,서울특별시 광진구청,2025-12-23
자양4동377,1,,서울특별시 광진구 자양동 202-16,37.5360365099,127.0611791173,,건축물,02-450-7873,서울특별시 광진구청,2025-12-23
자양4동378,1,,서울특별시 광진구 자양동 200,37.5354513776,127.0620854814,,건축물,02-450-7873,서울특별시 광진구청,2025-12-23
자양4동379,1,,서울특별시 광진구 자양동 202-18,37.5359586783,127.0613938,,,02-450-7873,서울특별시 광진구청,2025-12-23
자양4동380,1,,서울특별시 광진구 자양동 199-2,37.5358814447,127.0622195739,,건축물,02-450-7873,서울특별시 광진구청,2025-12-23
자양4동436,1,,서울특별시 광진구 자양동 553-324,37.5361222007,127.0656306,,한전주,02-450-7873,서울특별시 광진구청,2025-12-23
자양4동437,1,,서울특별시 광진구 자양동 553-15,37.5360763406,127.066018887,,한전주,02-450-7873,서울특별시 광진구청,2025-12-23
자양4동438,1,,서울특별시 광진구 자양동 553-390,37.53640617,127.0659806,,한전주,02-450-7873,서울특별시 광진구청,2025-12-23
자양4동439,1,,서울특별시 광진구 자양동 553-183,37.53667417,127.0661386,,한전주,02-450-7873,서울특별시 광진구청,2025-12-23
자양4동440,1,,서울특별시 광진구 자양동 553-177,37.5367258558,127.0658861748,,전용주,02-450-7873,서울특별시 광진구청,2025-12-23
자양4동441,1,,서울특별시 광진구 자양동 553-176,37.5367975181,127.0658736,,,02-450-7873,서울특별시 광진구청,2025-12-23
자양4동442,1,,서울특별시 광진구 자양동 553-105,37.5366717716,127.0656106,,한전주,02-450-7873,서울특별시 광진구청,2025-12-23
자양4동443,1,,서울특별시 광진구 자양동 553-103,37.5365293362,127.0657952,,건축물,02-450-7873,서울특별시 광진구청,2025-12-23
자양4동444,1,,서울특별시 광진구 자양동 553-390,37.536403631,127.0659346566,,,02-450-7873,서울특별시 광진구청,2025-12-23
자양4동445,1,,서울특별시 광진구 자양동 553-108,37.5368270096,127.0654796,,전용주,02-450-7873,서울특별시 광진구청,2025-12-23
자양4동446,1,,서울특별시 광진구 자양동 553-135,37.5370507245,127.0654076,,건축물,02-450-7873,서울특별시 광진구청,2025-12-23
자양4동447,1,,서울특별시 광진구 자양동 553-57,37.5371288676,127.065410073,,한전주,02-450-7873,서울특별시 광진구청,2025-12-23
자양4동448,1,,서울특별시 광진구 자양동 553-127,37.5366276136,127.0652969429,,한전주,02-450-7873,서울특별시 광진구청,2025-12-23
자양4동449,1,,서울특별시 광진구 자양동 553-61,37.5364830039,127.0652696,,건축물,02-450-7873,서울특별시 광진구청,2025-12-23
자양4동450,1,,서울특별시 광진구 자양동 553-119,37.5364810899,127.0656316,,건축물,02-450-7873,서울특별시 광진구청,2025-12-23
자양4동451,1,,서울특별시 광진구 자양동 553-14,37.5362377384,127.0656442954,,건축물,02-450-7873,서울특별시 광진구청,2025-12-23
자양4동452,1,,서울특별시 광진구 자양동 553-110,37.5366936941,127.0652296792,,건축물,02-450-7873,서울특별시 광진구청,2025-12-23
자양4동454,1,,서울특별시 광진구 자양동 553-13,37.5370719166,127.0650826,,건축물,02-450-7873,서울특별시 광진구청,2025-12-23
자양4동455,1,,서울특별시 광진구 자양동 553-171,37.5369175466,127.0648966,,건축물,02-450-7873,서울특별시 광진구청,2025-12-23
자양4동456,1,,서울특별시 광진구 자양동 553-13,37.5370719166,127.0650396,,한전주,02-450-7873,서울특별시 광진구청,2025-12-23
자양4동458,1,,서울특별시 광진구 자양동 40-36,37.5375874442,127.0641366,,건축물,02-450-7873,서울특별시 광진구청,2025-12-23
자양4동459,1,,서울특별시 광진구 자양동 40-32,37.53778417,127.0641706144,,전용주,02-450-7873,서울특별시 광진구청,2025-12-23
자양4동460,1,,서울특별시 광진구 자양동 40-18,37.5379781115,127.0641786,,건축물,02-450-7873,서울특별시 광진구청,2025-12-23
자양4동461,1,,서울특별시 광진구 자양동 40-25,37.5374355388,127.0644476,,건축물,02-450-7873,서울특별시 광진구청,2025-12-23
자양4동462,1,,서울특별시 광진구 자양동 40-14,37.5376951305,127.0644996,,한전주,02-450-7873,서울특별시 광진구청,2025-12-23
자양4동463,1,,서울특별시 광진구 자양동 40-8,37.5375957237,127.0646646,,한전주,02-450-7873,서울특별시 광진구청,2025-12-23
자양4동464,1,,서울특별시 광진구 자양동 40-42,37.5379880549,127.0644196,,한전주,02-450-7873,서울특별시 광진구청,2025-12-23
자양4동465,1,,서울특별시 광진구 자양동 842-34,37.5378968655,127.0646183768,,건축물,02-450-7873,서울특별시 광진구청,2025-12-23
자양4동466,1,,서울특별시 광진구 자양동 842-31,37.53818817,127.0646496,,한전주,02-450-7873,서울특별시 광진구청,2025-12-23
자양4동468,1,,서울특별시 광진구 자양동 843-3,37.5375195028,127.0648506,,한전주,02-450-7873,서울특별시 광진구청,2025-12-23
자양4동469,1,,서울특별시 광진구 자양동 844-13,37.5375021888,127.0650088,,전용주,02-450-7873,서울특별시 광진구청,2025-12-23
자양4동470,1,,서울특별시 광진구 자양동 843-7,37.53746317,127.0652674162,,전용주,02-450-7873,서울특별시 광진구청,2025-12-23
자양4동471,1,,서울특별시 광진구 자양동 844-15,37.5375502498,127.0652754576,,,02-450-7873,서울특별시 광진구청,2025-12-23
자양4동472,1,,서울특별시 광진구 자양동 844-1,37.53774317,127.0653766,,,02-450-7873,서울특별시 광진구청,2025-12-23
자양4동473,1,,서울특별시 광진구 자양동 845-1,37.537762918,127.065542669,,건축물,02-450-7873,서울특별시 광진구청,2025-12-23
자양4동474,1,,서울특별시 광진구 자양동 842-38,37.5378401492,127.0654907857,,한전주,02-450-7873,서울특별시 광진구청,2025-12-23
자양4동475,1,,서울특별시 광진구 자양동 842-39,37.5381257,127.0652941,,한전주,02-450-7873,서울특별시 광진구청,2025-12-23
자양4동476,1,,서울특별시 광진구 자양동 842-16,37.53828917,127.0653047795,,건축물,02-450-7873,서울특별시 광진구청,2025-12-23
자양4동477,1,,서울특별시 광진구 자양동 842-18,37.5383784958,127.0651486,,,02-450-7873,서울특별시 광진구청,2025-12-23
자양4동478,1,,서울특별시 광진구 자양동 842-22,37.5380931,127.0651459,,,02-450-7873,서울특별시 광진구청,2025-12-23
자양4동479,1,,서울특별시 광진구 자양동 844-4,37.5379195681,127.0651153373,,한전주,02-450-7873,서울특별시 광진구청,2025-12-23
자양4동480,1,,서울특별시 광진구 자양동 842-26,37.5382132159,127.0647660807,,건축물,02-450-7873,서울특별시 광진구청,2025-12-23
자양4동481,1,,서울특별시 광진구 자양동 844-6,37.5377051478,127.0652096,,한전주,02-450-7873,서울특별시 광진구청,2025-12-23
자양4동482,1,,서울특별시 광진구 자양동 846-19,37.5377871934,127.0658123299,,한전주,02-450-7873,서울특별시 광진구청,2025-12-23
자양4동483,1,,서울특별시 광진구 자양동 846-13,37.5380301033,127.0657346,,건축물,02-450-7873,서울특별시 광진구청,2025-12-23
자양4동484,1,,서울특별시 광진구 자양동 846-16,37.5379990392,127.0655985439,,한전주,02-450-7873,서울특별시 광진구청,2025-12-23
자양4동486,1,,서울특별시 광진구 자양동 845-9,37.5374888447,127.0658946,,,02-450-7873,서울특별시 광진구청,2025-12-23
자양4동487,1,,서울특별시 광진구 자양동 845-10,37.53756517,127.0660576,,한전주,02-450-7873,서울특별시 광진구청,2025-12-23
자양4동488,1,,서울특별시 광진구 자양동 553-12,37.5371982295,127.0657616775,,전용주,02-450-7873,서울특별시 광진구청,2025-12-23
자양4동489,1,,서울특별시 광진구 자양동 553-12,37.5371982295,127.0657616775,,한전주,02-450-7873,서울특별시 광진구청,2025-12-23
자양4동490,1,,서울특별시 광진구 자양동 553-303,37.5371931138,127.0660536,,한전주,02-450-7873,서울특별시 광진구청,2025-12-23
자양4동491,1,,서울특별시 광진구 자양동 553-296,37.53707417,127.0662466,,한전주,02-450-7873,서울특별시 광진구청,2025-12-23
자양4동492,1,,서울특별시 광진구 자양동 553-302,37.5369411242,127.0664456,,한전주,02-450-7873,서울특별시 광진구청,2025-12-23
자양4동493,1,,서울특별시 광진구 자양동 553-11,37.53726117,127.066184987,,,02-450-7873,서울특별시 광진구청,2025-12-23
자양4동494,1,,서울특별시 광진구 자양동 553-474,37.5372893529,127.066348419,,한전주,02-450-7873,서울특별시 광진구청,2025-12-23
자양4동495,1,,서울특별시 광진구 자양동 852-4,37.5374556565,127.0665458932,,,02-450-7873,서울특별시 광진구청,2025-12-23
자양4동496,1,,서울특별시 광진구 자양동 553-395,37.5373735112,127.0666596451,,한전주,02-450-7873,서울특별시 광진구청,2025-12-23
자양4동497,1,,서울특별시 광진구 자양동 553-410,37.5372438295,127.0667088612,,건축물,02-450-7873,서울특별시 광진구청,2025-12-23
자양4동498,1,,서울특별시 광진구 자양동 553-411,37.53718417,127.0667106,,한전주,02-450-7873,서울특별시 광진구청,2025-12-23
자양4동499,1,,서울특별시 광진구 자양동 553-414,37.5368372197,127.0668176,,한전주,02-450-7873,서울특별시 광진구청,2025-12-23
자양4동500,1,,서울특별시 광진구 자양동 553-333,37.5367284657,127.0662706,,한전주,02-450-7873,서울특별시 광진구청,2025-12-23
자양4동501,1,,서울특별시 광진구 자양동 553-334,37.5365370065,127.0663682316,,한전주,02-450-7873,서울특별시 광진구청,2025-12-23
자양4동502,1,,서울특별시 광진구 자양동 553-308,37.5365396736,127.0665920343,,한전주,02-450-7873,서울특별시 광진구청,2025-12-23
자양4동503,1,,서울특별시 광진구 자양동 553-278,37.5361958263,127.0667526,,건축물,02-450-7873,서울특별시 광진구청,2025-12-23
자양4동504,1,,서울특별시 광진구 자양동 553-278,37.5361958263,127.0667967459,,건축물,02-450-7873,서울특별시 광진구청,2025-12-23
자양4동505,1,,서울특별시 광진구 자양동 553-18,37.5359384387,127.0669060395,,건축물,02-450-7873,서울특별시 광진구청,2025-12-23
자양4동506,1,,서울특별시 광진구 자양동 553-643,37.5363258139,127.0665626,,한전주,02-450-7873,서울특별시 광진구청,2025-12-23
자양4동507,1,,서울특별시 광진구 자양동 553-278,37.5361958263,127.0667967459,,전용주,02-450-7873,서울특별시 광진구청,2025-12-23
자양4동508,1,,서울특별시 광진구 자양동 553-202,37.5358104759,127.0674177871,,한전주,02-450-7873,서울특별시 광진구청,2025-12-23
자양4동509,1,,서울특별시 광진구 자양동 553-197,37.53608917,127.0670956,,한전주,02-450-7873,서울특별시 광진구청,2025-12-23
자양4동510,1,,서울특별시 광진구 자양동 553-8,37.53624817,127.067263249,,한전주,02-450-7873,서울특별시 광진구청,2025-12-23
자양4동511,1,,서울특별시 광진구 자양동 553-525,37.5361722655,127.0670346671,,건축물,02-450-7873,서울특별시 광진구청,2025-12-23
자양4동512,1,,서울특별시 광진구 자양동 553-524,37.5362793382,127.0669750227,,,02-450-7873,서울특별시 광진구청,2025-12-23
자양4동513,1,,서울특별시 광진구 자양동 553-523,37.5363854181,127.0669182059,,한전주,02-450-7873,서울특별시 광진구청,2025-12-23
자양4동514,1,,서울특별시 광진구 자양동 553-522,37.53657017,127.0668516731,,,02-450-7873,서울특별시 광진구청,2025-12-23
자양4동515,1,,서울특별시 광진구 자양동 553-9,37.5366507922,127.0668662832,,한전주,02-450-7873,서울특별시 광진구청,2025-12-23
자양4동516,1,,서울특별시 광진구 자양동 553-482,37.5365878623,127.0670957979,,한전주,02-450-7873,서울특별시 광진구청,2025-12-23
자양4동517,1,,서울특별시 광진구 자양동 553-527,37.5365262465,127.0672318558,,한전주,02-450-7873,서울특별시 광진구청,2025-12-23
자양4동518,1,,서울특별시 광진구 자양동 784-1,37.5360054107,127.06811855,,한전주,02-450-7873,서울특별시 광진구청,2025-12-23
자양4동519,1,,서울특별시 광진구 자양동 553-203,37.535700647,127.0674916,,건축물,02-450-7873,서울특별시 광진구청,2025-12-23
자양4동520,1,,서울특별시 광진구 자양동 553-426,37.53578917,127.0681084743,,한전주,02-450-7873,서울특별시 광진구청,2025-12-23
자양4동521,1,,서울특별시 광진구 자양동 508-1,37.53616217,127.0685775796,,건축물,02-450-7873,서울특별시 광진구청,2025-12-23
자양4동522,1,,서울특별시 광진구 자양동 508-1,37.5361340782,127.0685293,,건축물,02-450-7873,서울특별시 광진구청,2025-12-23
자양4동523,1,,서울특별시 광진구 자양동 550-1,37.5358145081,127.0683866,,건축물,02-450-7873,서울특별시 광진구청,2025-12-23
자양4동524,1,,서울특별시 광진구 자양동 784-1,37.5360054107,127.06811855,,전용주,02-450-7873,서울특별시 광진구청,2025-12-23
자양4동525,1,,서울특별시 광진구 자양동 547-65,37.5368739584,127.0684588889,,한전주,02-450-7873,서울특별시 광진구청,2025-12-23
자양4동526,1,,서울특별시 광진구 자양동 549-2,37.5374981,127.0682229,,건축물,02-450-7873,서울특별시 광진구청,2025-12-23
자양4동528,1,,서울특별시 광진구 자양동 784-1,37.5360054107,127.06811855,,한전주,02-450-7873,서울특별시 광진구청,2025-12-23
자양4동529,1,,서울특별시 광진구 자양동 784-1,37.5360054107,127.0681444,,한전주,02-450-7873,서울특별시 광진구청,2025-12-23
자양4동530,1,,서울특별시 광진구 자양동 551,37.5365283692,127.0677742736,,한전주,02-450-7873,서울특별시 광진구청,2025-12-23
자양4동531,1,,서울특별시 광진구 자양동 784-1,37.5360054107,127.06811855,,한전주,02-450-7873,서울특별시 광진구청,2025-12-23
자양4동532,1,,서울특별시 광진구 자양동 784-2,37.5358022238,127.0677545725,,한전주,02-450-7873,서울특별시 광진구청,2025-12-23
자양4동533,1,,서울특별시 광진구 자양동 553-517,37.5369817399,127.0676392489,,건축물,02-450-7873,서울특별시 광진구청,2025-12-23
자양4동534,1,,서울특별시 광진구 자양동 553-517,37.5369817399,127.0676336,,건축물,02-450-7873,서울특별시 광진구청,2025-12-23
자양4동535,1,,서울특별시 광진구 자양동 553-517,37.5369817399,127.0676392489,,건축물,02-450-7873,서울특별시 광진구청,2025-12-23
자양4동536,1,,서울특별시 광진구 자양동 553-517,37.5369817399,127.0676392489,,전용주,02-450-7873,서울특별시 광진구청,2025-12-23
자양4동537,1,,서울특별시 광진구 자양동 553-517,37.5369817399,127.0676392489,,건축물,02-450-7873,서울특별시 광진구청,2025-12-23
자양4동538,1,,서울특별시 광진구 자양동 553-517,37.5369817399,127.0676392489,,건축물,02-450-7873,서울특별시 광진구청,2025-12-23
자양4동539,1,,서울특별시 광진구 자양동 553-517,37.53691917,127.0676392489,,건축물,02-450-7873,서울특별시 광진구청,2025-12-23
자양4동540,1,,서울특별시 광진구 자양동 553-517,37.53695917,127.0676392489,,건축물,02-450-7873,서울특별시 광진구청,2025-12-23
자양4동541,1,,서울특별시 광진구 자양동 553-517,37.5369817399,127.0676392489,,건축물,02-450-7873,서울특별시 광진구청,2025-12-23
자양4동542,1,,서울특별시 광진구 자양동 553-517,37.5369817399,127.0676392489,,건축물,02-450-7873,서울특별시 광진구청,2025-12-23
자양4동543,1,,서울특별시 광진구 자양동 553-517,37.5369817399,127.0676686,,건축물,02-450-7873,서울특별시 광진구청,2025-12-23
자양4동544,1,,서울특별시 광진구 자양동 553-517,37.53699217,127.0676392489,,건축물,02-450-7873,서울특별시 광진구청,2025-12-23
자양4동545,1,,서울특별시 광진구 자양동 553-517,37.5369817399,127.0676392489,,건축물,02-450-7873,서울특별시 광진구청,2025-12-23
자양4동546,1,,서울특별시 광진구 자양동 553-461,37.536921681,127.0672574423,,한전주,02-450-7873,서울특별시 광진구청,2025-12-23
자양4동547,1,,서울특별시 광진구 자양동 553-338,37.5372133779,127.0673399612,,건축물,02-450-7873,서울특별시 광진구청,2025-12-23
자양4동548,1,,서울특별시 광진구 자양4동 553-458,37.537392,127.0672083,,한전주,02-450-7873,서울특별시 광진구청,2025-12-23
자양4동549,1,,서울특별시 광진구 자양동 553-405,37.5372455674,127.0668956,,한전주,02-450-7873,서울특별시 광진구청,2025-12-23
자양4동550,1,,서울특별시 광진구 자양동 553-407,37.5370199116,127.0669476,,,02-450-7873,서울특별시 광진구청,2025-12-23
자양4동551,1,,서울특별시 광진구 자양동 553-401,37.5370371896,127.0670476,,건축물,02-450-7873,서울특별시 광진구청,2025-12-23
자양4동552,1,,서울특별시 광진구 자양동 553-409,37.5368392195,127.0669755235,,한전주,02-450-7873,서울특별시 광진구청,2025-12-23
자양4동553,1,,서울특별시 광진구 자양동 816-79,37.5368707249,127.0647232987,,한전주,02-450-7873,서울특별시 광진구청,2025-12-23
자양4동554,1,,서울특별시 광진구 자양4동 852-2,37.5376566,127.0664808,,건축물,02-450-7873,서울특별시 광진구청,2025-12-23
자양4동555,1,,서울특별시 광진구 자양동 851-20,37.53794017,127.0665906,,,02-450-7873,서울특별시 광진구청,2025-12-23
자양4동556,1,,서울특별시 광진구 자양동 851-13,37.53798617,127.0666811848,,건축물,02-450-7873,서울특별시 광진구청,2025-12-23
자양4동557,1,,서울특별시 광진구 자양동 851-9,37.5376457447,127.0669051889,,,02-450-7873,서울특별시 광진구청,2025-12-23
자양4동558,1,,서울특별시 광진구 자양동 553-5,37.5374973273,127.0671126,,한전주,02-450-7873,서울특별시 광진구청,2025-12-23
자양4동559,1,,서울특별시 광진구 자양동 851-7,37.5378361142,127.0670936,,전용주,02-450-7873,서울특별시 광진구청,2025-12-23
자양4동560,1,,서울특별시 광진구 자양동 851-7,37.5378361142,127.0670146,,건축물,02-450-7873,서울특별시 광진구청,2025-12-23
자양4동561,1,,서울특별시 광진구 자양동 851-7,37.5378361142,127.0670046,,건축물,02-450-7873,서울특별시 광진구청,2025-12-23
자양4동562,1,,서울특별시 광진구 자양동 851-7,37.5378361142,127.0670849228,,건축물,02-450-7873,서울특별시 광진구청,2025-12-23
자양4동563,1,,서울특별시 광진구 자양동 851-7,37.5378361142,127.0670296,,건축물,02-450-7873,서울특별시 광진구청,2025-12-23
자양4동564,1,,서울특별시 광진구 자양동 851-7,37.53783617,127.0670706,,건축물,02-450-7873,서울특별시 광진구청,2025-12-23
자양4동565,1,,서울특별시 광진구 자양동 851-6,37.5376982845,127.0672446,,건축물,02-450-7873,서울특별시 광진구청,2025-12-23
자양4동566,1,,서울특별시 광진구 자양동 553-343,37.5374657086,127.067251029,,건축물,02-450-7873,서울특별시 광진구청,2025-12-23
자양4동567,1,,서울특별시 광진구 자양동 553-337,37.5373991927,127.0673785794,,,02-450-7873,서울특별시 광진구청,2025-12-23
자양4동568,1,,서울특별시 광진구 자양동 553-346,37.5370508023,127.0674576,,건축물,02-450-7873,서울특별시 광진구청,2025-12-23
자양4동569,1,,서울특별시 광진구 자양동 553-359,37.5372376,127.067698,,건축물,02-450-7873,서울특별시 광진구청,2025-12-23
자양4동570,1,,서울특별시 광진구 자양동 553-351,37.53748917,127.0677576,,한전주,02-450-7873,서울특별시 광진구청,2025-12-23
자양4동571,1,,서울특별시 광진구 자양동 553-356,37.537483817,127.067569778,,건축물,02-450-7873,서울특별시 광진구청,2025-12-23
자양4동572,1,,서울특별시 광진구 자양동 553-1,37.5376486127,127.0677222218,,한전주,02-450-7873,서울특별시 광진구청,2025-12-23
자양4동573,1,,서울특별시 광진구 자양동 553-335,37.5375906861,127.0675514316,,한전주,02-450-7873,서울특별시 광진구청,2025-12-23
자양4동574,1,,서울특별시 광진구 자양동 547-38,37.5376541282,127.0681584063,,한전주,02-450-7873,서울특별시 광진구청,2025-12-23
자양4동575,1,,서울특별시 광진구 자양동 848-17,37.5378802469,127.0679446,,,02-450-7873,서울특별시 광진구청,2025-12-23
자양4동576,1,,서울특별시 광진구 자양동 848-19,37.5380848278,127.0678626,,한전주,02-450-7873,서울특별시 광진구청,2025-12-23
자양4동577,1,,서울특별시 광진구 자양동 848-15,37.5381831228,127.0675836,,전용주,02-450-7873,서울특별시 광진구청,2025-12-23
자양4동578,1,,서울특별시 광진구 자양동 849-4,37.5379454135,127.0681723622,,건축물,02-450-7873,서울특별시 광진구청,2025-12-23
자양4동579,1,,서울특별시 광진구 자양동 4-21,37.53819317,127.0681836,,건축물,02-450-7873,서울특별시 광진구청,2025-12-23
자양4동580,1,,서울특별시 광진구 자양동 849-5,37.5379693202,127.0682760266,,건축물,02-450-7873,서울특별시 광진구청,2025-12-23
자양4동581,1,,서울특별시 광진구 자양동 4-4,37.53815717,127.0684706,,건축물,02-450-7873,서울특별시 광진구청,2025-12-23
자양4동582,1,,서울특별시 광진구 자양동 6-21,37.538814075,127.0668923882,,전용주,02-450-7873,서울특별시 광진구청,2025-12-23
자양4동583,1,,서울특별시 광진구 자양동 547-38,37.5376541282,127.0681726,,건축물,02-450-7873,서울특별시 광진구청,2025-12-23
자양4동585,1,,서울특별시 광진구 자양동 547-69,37.53790317,127.0686826,,건축물,02-450-7873,서울특별시 광진구청,2025-12-23
자양4동590,1,,서울특별시 광진구 자양동 5-4,37.53832017,127.0687099331,,한전주,02-450-7873,서울특별시 광진구청,2025-12-23
자양4동591,1,,서울특별시 광진구 자양동 6-21,37.538814075,127.0668923882,,한전주,02-450-7873,서울특별시 광진구청,2025-12-23
자양4동592,1,,서울특별시 광진구 자양동 6-21,37.538814075,127.0668923882,,한전주,02-450-7873,서울특별시 광진구청,2025-12-23
자양4동593,1,,서울특별시 광진구 자양동 6-21,37.538814075,127.0668923882,,한전주,02-450-7873,서울특별시 광진구청,2025-12-23
자양4동594,1,,서울특별시 광진구 자양동 6-21,37.538814075,127.0668923882,,,02-450-7873,서울특별시 광진구청,2025-12-23
자양4동595,1,,서울특별시 광진구 자양동 4-6,37.538443686,127.0673534007,,한전주,02-450-7873,서울특별시 광진구청,2025-12-23
자양4동596,1,,서울특별시 광진구 자양동 6-21,37.538814075,127.0668923882,,한전주,02-450-7873,서울특별시 광진구청,2025-12-23
자양4동597,1,,서울특별시 광진구 자양동 6-21,37.5388975,127.0668923882,,한전주,02-450-7873,서울특별시 광진구청,2025-12-23
자양4동598,1,,서울특별시 광진구 자양4동 4-8,37.5388055,127.0670662,,,02-450-7873,서울특별시 광진구청,2025-12-23
자양4동599,1,,서울특별시 광진구 자양동 11-1,37.5387199334,127.0667446,,한전주,02-450-7873,서울특별시 광진구청,2025-12-23
자양4동600,1,,서울특별시 광진구 자양동 847-11,37.53867017,127.0663766,,,02-450-7873,서울특별시 광진구청,2025-12-23
자양4동602,1,,서울특별시 광진구 자양동 847-7,37.5381529118,127.0664368732,,한전주,02-450-7873,서울특별시 광진구청,2025-12-23
자양4동603,1,,서울특별시 광진구 자양동 848-4,37.53828617,127.066827623,,한전주,02-450-7873,서울특별시 광진구청,2025-12-23
자양4동604,1,,서울특별시 광진구 자양동 848-7,37.5383886307,127.0670440058,,건축물,02-450-7873,서울특별시 광진구청,2025-12-23
자양4동605,1,,서울특별시 광진구 자양동 848-12,37.5381556942,127.0670376,,한전주,02-450-7873,서울특별시 광진구청,2025-12-23
자양4동606,1,,서울특별시 광진구 자양동 848-14,37.53810317,127.0673536,,한전주,02-450-7873,서울특별시 광진구청,2025-12-23
자양4동607,1,,서울특별시 광진구 자양동 848-16,37.5381046513,127.0676482966,,한전주,02-450-7873,서울특별시 광진구청,2025-12-23
자양4동608,1,,서울특별시 광진구 자양동 846-8,37.5379444951,127.066303967,,한전주,02-450-7873,서울특별시 광진구청,2025-12-23
자양4동609,1,,서울특별시 광진구 자양동 846-8,37.53792117,127.066303967,,한전주,02-450-7873,서울특별시 광진구청,2025-12-23
자양4동610,1,,서울특별시 광진구 자양4동 852-7,37.5378345,127.0661957,,한전주,02-450-7873,서울특별시 광진구청,2025-12-23
자양4동611,1,,서울특별시 광진구 자양동 846-6,37.53812453,127.0662151,,한전주,02-450-7873,서울특별시 광진구청,2025-12-23
자양4동612,1,,서울특별시 광진구 자양동 846-9,37.5380964129,127.0659657916,,건축물,02-450-7873,서울특별시 광진구청,2025-12-23
자양4동613,1,,서울특별시 광진구 자양동 846-5,37.5382328059,127.0661598463,,,02-450-7873,서울특별시 광진구청,2025-12-23
자양4동614,1,,서울특별시 광진구 자양동 847-4,37.53849617,127.0662566,,한전주,02-450-7873,서울특별시 광진구청,2025-12-23
자양4동615,1,,서울특별시 광진구 자양동 847-3,37.53859017,127.0662056,,한전주,02-450-7873,서울특별시 광진구청,2025-12-23
자양4동616,1,,서울특별시 광진구 자양동 846-1,37.5385895338,127.0659595503,,건축물,02-450-7873,서울특별시 광진구청,2025-12-23
자양4동617,1,,서울특별시 광진구 자양동 841-11,37.538654073,127.0657484731,,한전주,02-450-7873,서울특별시 광진구청,2025-12-23
자양4동618,1,,서울특별시 광진구 자양동 841-11,37.538654073,127.0657466,,건축물,02-450-7873,서울특별시 광진구청,2025-12-23
자양4동619,1,,서울특별시 광진구 자양동 841-6,37.5385747734,127.0654449409,,건축물,02-450-7873,서울특별시 광진구청,2025-12-23
자양4동620,1,,서울특별시 광진구 자양동 846-22,37.5384150696,127.0658528116,,한전주,02-450-7873,서울특별시 광진구청,2025-12-23
자양4동621,1,,서울특별시 광진구 자양동 842-13,37.538134881,127.0654883444,,한전주,02-450-7873,서울특별시 광진구청,2025-12-23
자양4동622,1,,서울특별시 광진구 자양동 841-7,37.5384941064,127.0654686,,건축물,02-450-7873,서울특별시 광진구청,2025-12-23
자양4동623,1,,서울특별시 광진구 자양동 842-8,37.5385260439,127.0652556022,,한전주,02-450-7873,서울특별시 광진구청,2025-12-23
자양4동624,1,,서울특별시 광진구 자양동 841-5,37.53874317,127.0656026,,건축물,02-450-7873,서울특별시 광진구청,2025-12-23
자양4동625,1,,서울특별시 광진구 자양동 840-12,37.53868117,127.064989897,,,02-450-7873,서울특별시 광진구청,2025-12-23
자양4동626,1,,서울특별시 광진구 자양동 841-18,37.538825021,127.0654203726,,한전주,02-450-7873,서울특별시 광진구청,2025-12-23
자양4동627,1,,서울특별시 광진구 자양동 841-13,37.5388216909,127.0658529429,,건축물,02-450-7873,서울특별시 광진구청,2025-12-23
자양4동628,1,,서울특별시 광진구 자양동 11-7,37.53908617,127.0655096,,,02-450-7873,서울특별시 광진구청,2025-12-23
자양4동629,1,,서울특별시 광진구 자양동 840-23,37.5390697127,127.0650826192,,건축물,02-450-7873,서울특별시 광진구청,2025-12-23
자양4동630,1,,서울특별시 광진구 자양동 840-19,37.538896658,127.0651186,,전용주,02-450-7873,서울특별시 광진구청,2025-12-23
자양4동631,1,,서울특별시 광진구 자양동 840-21,37.5389412678,127.0650516,,,02-450-7873,서울특별시 광진구청,2025-12-23
자양4동632,1,,서울특별시 광진구 자양동 839-6,37.538492766,127.0648211991,,전용주,02-450-7873,서울특별시 광진구청,2025-12-23
자양4동633,1,,서울특별시 광진구 자양동 842-3,37.5382721196,127.0646716,,한전주,02-450-7873,서울특별시 광진구청,2025-12-23
자양4동634,1,,서울특별시 광진구 자양동 840-11,37.5386917567,127.0648396,,건축물,02-450-7873,서울특별시 광진구청,2025-12-23
자양4동635,1,,서울특별시 광진구 자양동 839-2,37.5388188228,127.0645197151,,한전주,02-450-7873,서울특별시 광진구청,2025-12-23
자양4동636,1,,서울특별시 광진구 자양동 840-4,37.53908717,127.0646228978,,한전주,02-450-7873,서울특별시 광진구청,2025-12-23
자양4동637,1,,서울특별시 광진구 자양동 832-23,37.5392714853,127.0641888052,,한전주,02-450-7873,서울특별시 광진구청,2025-12-23
자양4동638,1,,서울특별시 광진구 자양동 12-22,37.5394979422,127.0641716,,건축물,02-450-7873,서울특별시 광진구청,2025-12-23
자양4동639,1,,서울특별시 광진구 자양동 12-24,37.53956617,127.0643866,,,02-450-7873,서울특별시 광진구청,2025-12-23
자양4동640,1,,서울특별시 광진구 자양동 832-32,37.53896117,127.0642196,,,02-450-7873,서울특별시 광진구청,2025-12-23
자양4동641,1,,서울특별시 광진구 자양동 839-11,37.5387604991,127.0644078745,,한전주,02-450-7873,서울특별시 광진구청,2025-12-23
자양4동642,1,,서울특별시 광진구 자양동 839-8,37.5385251318,127.0646203898,,한전주,02-450-7873,서울특별시 광진구청,2025-12-23
자양4동643,1,,서울특별시 광진구 자양동 837-2,37.5381824225,127.0642846,,한전주,02-450-7873,서울특별시 광진구청,2025-12-23
자양4동644,1,,서울특별시 광진구 자양동 836-3,37.5383437795,127.0640895716,,한전주,02-450-7873,서울특별시 광진구청,2025-12-23
자양4동645,1,,서울특별시 광진구 자양동 838-9,37.53858819,127.0640879559,,전용주,02-450-7873,서울특별시 광진구청,2025-12-23
자양4동646,1,,서울특별시 광진구 자양동 835-1,37.53878517,127.0638976,,건축물,02-450-7873,서울특별시 광진구청,2025-12-23
자양4동647,1,,서울특별시 광진구 자양동 832-30,37.53883317,127.0639786,,건축물,02-450-7873,서울특별시 광진구청,2025-12-23
자양4동648,1,,서울특별시 광진구 자양동 834-5,37.5386893753,127.0634737765,,전용주,02-450-7873,서울특별시 광진구청,2025-12-23
자양4동649,1,,서울특별시 광진구 자양동 836-1,37.5384771143,127.0639566,,전용주,02-450-7873,서울특별시 광진구청,2025-12-23
자양4동650,1,,서울특별시 광진구 자양동 836-6,37.5384236393,127.0638196,,한전주,02-450-7873,서울특별시 광진구청,2025-12-23
자양4동651,1,,서울특별시 광진구 자양동 835-10,37.5385089332,127.0635982,,건축물,02-450-7873,서울특별시 광진구청,2025-12-23
자양4동652,1,,서울특별시 광진구 자양동 836-4,37.5382876006,127.0640256,,한전주,02-450-7873,서울특별시 광진구청,2025-12-23
자양4동653,1,,서울특별시 광진구 자양동 837-5,37.53815506,127.0641604,,전용주,02-450-7873,서울특별시 광진구청,2025-12-23
자양4동654,1,,서울특별시 광진구 자양동 836-10,37.5381704789,127.0638376,,한전주,02-450-7873,서울특별시 광진구청,2025-12-23
자양4동655,1,,서울특별시 광진구 자양동 837-9,37.5380902379,127.0639206,,건축물,02-450-7873,서울특별시 광진구청,2025-12-23
자양4동656,1,,서울특별시 광진구 자양동 836-12,37.53839717,127.0636336,,한전주,02-450-7873,서울특별시 광진구청,2025-12-23
자양4동657,1,,서울특별시 광진구 자양동 835-15,37.5384510378,127.0633487726,,건축물,02-450-7873,서울특별시 광진구청,2025-12-23
자양4동658,1,,서울특별시 광진구 자양동 836-18,37.5381992996,127.0635143204,,건축물,02-450-7873,서울특별시 광진구청,2025-12-23
자양4동659,1,,서울특별시 광진구 자양동 834-7,37.5385190153,127.0632526,,건축물,02-450-7873,서울특별시 광진구청,2025-12-23
자양4동660,1,,서울특별시 광진구 자양동 249-22,37.5386965259,127.0630764067,,한전주,02-450-7873,서울특별시 광진구청,2025-12-23
자양4동661,1,,서울특별시 광진구 자양동 249-21,37.5388000619,127.0630766,,한전주,02-450-7873,서울특별시 광진구청,2025-12-23
자양4동662,1,,서울특별시 광진구 자양동 249-18,37.53888617,127.0628986,,한전주,02-450-7873,서울특별시 광진구청,2025-12-23
자양4동663,1,,서울특별시 광진구 자양동 249-13,37.5389672677,127.0629566,,한전주,02-450-7873,서울특별시 광진구청,2025-12-23
자양4동664,1,,서울특별시 광진구 자양동 249-10,37.53905817,127.0627986,,건축물,02-450-7873,서울특별시 광진구청,2025-12-23
자양4동665,1,,서울특별시 광진구 자양동 249-14,37.5388889471,127.0627991292,,한전주,02-450-7873,서울특별시 광진구청,2025-12-23
자양4동666,1,,서울특별시 광진구 자양동 834-14,37.5391558197,127.0629066,,한전주,02-450-7873,서울특별시 광진구청,2025-12-23
자양4동667,1,,서울특별시 광진구 자양동 250-70,37.5391864088,127.0625511303,,한전주,02-450-7873,서울특별시 광진구청,2025-12-23
자양4동668,1,,서울특별시 광진구 자양동 251-77,37.53969017,127.0629106,,건축물,02-450-7873,서울특별시 광진구청,2025-12-23
자양4동669,1,,서울특별시 광진구 자양동 250-12,37.5393809843,127.0627706,,건축물,02-450-7873,서울특별시 광진구청,2025-12-23
자양4동670,1,,서울특별시 광진구 자양동 250-17,37.53942117,127.0630716,,한전주,02-450-7873,서울특별시 광진구청,2025-12-23
자양4동671,1,,서울특별시 광진구 자양동 834-1,37.5391999983,127.0630884852,,한전주,02-450-7873,서울특별시 광진구청,2025-12-23
자양4동672,1,,서울특별시 광진구 자양동 833-14,37.53909917,127.0633226,,한전주,02-450-7873,서울특별시 광진구청,2025-12-23
자양4동674,1,,서울특별시 광진구 자양동 832-28,37.5389457776,127.0640159747,,건축물,02-450-7873,서울특별시 광진구청,2025-12-23
자양4동675,1,,서울특별시 광진구 자양동 832-18,37.5391309899,127.0640772333,,한전주,02-450-7873,서울특별시 광진구청,2025-12-23
자양4동676,1,,서울특별시 광진구 자양동 832-13,37.5392042736,127.0640636,,한전주,02-450-7873,서울특별시 광진구청,2025-12-23
자양4동677,1,,서울특별시 광진구 자양동 832-14,37.5391421703,127.0638326,,한전주,02-450-7873,서울특별시 광진구청,2025-12-23
자양4동678,1,,서울특별시 광진구 자양동 833-5,37.538994855,127.0635656857,,한전주,02-450-7873,서울특별시 광진구청,2025-12-23
자양4동679,1,,서울특별시 광진구 자양동 833-2,37.5392448041,127.0633763736,,건축물,02-450-7873,서울특별시 광진구청,2025-12-23
자양4동680,1,,서울특별시 광진구 자양동 832-5,37.53946017,127.0636726,,건축물,02-450-7873,서울특별시 광진구청,2025-12-23
자양4동681,1,,서울특별시 광진구 자양동 832-7,37.5393849104,127.0638763847,,한전주,02-450-7873,서울특별시 광진구청,2025-12-23
자양4동682,1,,서울특별시 광진구 자양동 832-6,37.5394855086,127.0637902508,,건축물,02-450-7873,서울특별시 광진구청,2025-12-23
자양4동683,1,,서울특별시 광진구 자양동 12-7,37.5397454215,127.0638276,,건축물,02-450-7873,서울특별시 광진구청,2025-12-23
자양4동684,1,,서울특별시 광진구 자양동 12-9,37.5396881508,127.0636566,,한전주,02-450-7873,서울특별시 광진구청,2025-12-23
자양4동685,1,,서울특별시 광진구 자양동 16-35,37.5405308498,127.0639722121,,한전주,02-450-7873,서울특별시 광진구청,2025-12-23
자양4동686,1,,서울특별시 광진구 자양동 251-112,37.53968317,127.0634096,,한전주,02-450-7873,서울특별시 광진구청,2025-12-23
자양4동687,1,,서울특별시 광진구 자양동 858,37.5397320047,127.063359,,한전주,02-450-7873,서울특별시 광진구청,2025-12-23
자양4동688,1,,서울특별시 광진구 자양동 250-16,37.5394967443,127.0630356,,한전주,02-450-7873,서울특별시 광진구청,2025-12-23
자양4동689,1,,서울특별시 광진구 자양동 24-19,37.5402647,127.063128,,한전주,02-450-7873,서울특별시 광진구청,2025-12-23
자양4동690,1,,서울특별시 광진구 자양4동 25-2,37.5400998,127.0632368,,,02-450-7873,서울특별시 광진구청,2025-12-23
자양4동691,1,,서울특별시 광진구 자양4동 16-35,37.5401463,127.0634172,,한전주,02-450-7873,서울특별시 광진구청,2025-12-23
자양4동692,1,,서울특별시 광진구 자양동 16-35,37.5405308498,127.0639722121,,한전주,02-450-7873,서울특별시 광진구청,2025-12-23
자양4동693,1,,서울특별시 광진구 자양4동 16-35,37.5400849,127.063633,,한전주,02-450-7873,서울특별시 광진구청,2025-12-23
자양4동694,1,,서울특별시 광진구 자양동 16-25,37.5398761228,127.0640316,,한전주,02-450-7873,서울특별시 광진구청,2025-12-23
자양4동695,1,,서울특별시 광진구 자양동 16-56,37.5401582272,127.0638975246,,한전주,02-450-7873,서울특별시 광진구청,2025-12-23
자양4동696,1,,서울특별시 광진구 자양동 16-33,37.5402826139,127.0639326,,한전주,02-450-7873,서울특별시 광진구청,2025-12-23
자양4동697,1,,서울특별시 광진구 자양동 24-4,37.54049279,127.0637197,,건축물,02-450-7873,서울특별시 광진구청,2025-12-23
자양4동698,1,,서울특별시 광진구 자양동 16-51,37.540314827,127.0642186661,,,02-450-7873,서울특별시 광진구청,2025-12-23
자양4동699,1,,서울특별시 광진구 자양동 16-49,37.54045717,127.0643456,,건축물,02-450-7873,서울특별시 광진구청,2025-12-23
자양4동700,1,,서울특별시 광진구 자양동 16-66,37.5405978967,127.0642634903,,한전주,02-450-7873,서울특별시 광진구청,2025-12-23
자양4동701,1,,서울특별시 광진구 자양동 24-21,37.540554046,127.0638906,,,02-450-7873,서울특별시 광진구청,2025-12-23
자양4동702,1,,서울특별시 광진구 자양동 16-67,37.5407115992,127.064270377,,한전주,02-450-7873,서울특별시 광진구청,2025-12-23
자양4동703,1,,서울특별시 광진구 자양동 16-5,37.5407943312,127.0645635096,,건축물,02-450-7873,서울특별시 광진구청,2025-12-23
자양4동704,1,,서울특별시 광진구 자양동 24-29,37.5410936799,127.0641658134,,한전주,02-450-7873,서울특별시 광진구청,2025-12-23
자양4동705,1,,서울특별시 광진구 자양동 16-44,37.5410741864,127.0645549251,,한전주,02-450-7873,서울특별시 광진구청,2025-12-23
자양4동706,1,,서울특별시 광진구 자양동 24-1,37.5413805858,127.0641150277,,한전주,02-450-7873,서울특별시 광진구청,2025-12-23
자양4동707,1,,서울특별시 광진구 자양동 24-1,37.5413805858,127.0641036,,한전주,02-450-7873,서울특별시 광진구청,2025-12-23
자양4동708,1,,서울특별시 광진구 자양동 17-5,37.5415568062,127.0649669894,,한전주,02-450-7873,서울특별시 광진구청,2025-12-23
자양4동709,1,,서울특별시 광진구 자양동 17-5,37.5415568062,127.0649669894,,한전주,02-450-7873,서울특별시 광진구청,2025-12-23
자양4동710,1,,서울특별시 광진구 자양동 17-5,37.5415568062,127.0649669894,,전용주,02-450-7873,서울특별시 광진구청,2025-12-23
자양4동711,1,,서울특별시 광진구 자양동 16-1,37.5409785958,127.0648776,,한전주,02-450-7873,서울특별시 광진구청,2025-12-23
자양4동712,1,,서울특별시 광진구 자양동 16-64,37.54091579,127.0650816,,전용주,02-450-7873,서울특별시 광진구청,2025-12-23
자양4동713,1,,서울특별시 광진구 자양동 16-64,37.54091579,127.0650488074,,한전주,02-450-7873,서울특별시 광진구청,2025-12-23
자양4동714,1,,서울특별시 광진구 자양동 13-48,37.540838649,127.0652400792,,한전주,02-450-7873,서울특별시 광진구청,2025-12-23
자양4동715,1,,서울특별시 광진구 자양동 13-51,37.5406743584,127.0653203,,,02-450-7873,서울특별시 광진구청,2025-12-23
자양4동716,1,,서울특별시 광진구 자양동 13-46,37.54079517,127.0655646,,한전주,02-450-7873,서울특별시 광진구청,2025-12-23
자양4동717,1,,서울특별시 광진구 자양동 13-56,37.5407595601,127.0656696,,건축물,02-450-7873,서울특별시 광진구청,2025-12-23
자양4동718,1,,서울특별시 광진구 자양동 13-44,37.5409080056,127.0654456,,한전주,02-450-7873,서울특별시 광진구청,2025-12-23
자양4동719,1,,서울특별시 광진구 자양동 13-43,37.5405556005,127.0653203959,,한전주,02-450-7873,서울특별시 광진구청,2025-12-23
자양4동720,1,,서울특별시 광진구 자양동 13-43,37.5405556005,127.0653203959,,건축물,02-450-7873,서울특별시 광진구청,2025-12-23
자양4동721,1,,서울특별시 광진구 자양동 13-76,37.5404387757,127.0652296,,건축물,02-450-7873,서울특별시 광진구청,2025-12-23
자양4동722,1,,서울특별시 광진구 자양동 13-76,37.5404387757,127.0652573822,,한전주,02-450-7873,서울특별시 광진구청,2025-12-23
자양4동723,1,,서울특별시 광진구 자양동 16-54,37.5404507181,127.0646765903,,건축물,02-450-7873,서울특별시 광진구청,2025-12-23
자양4동724,1,,서울특별시 광진구 자양동 13-25,37.5401473426,127.064820,,한전주,02-450-7873,서울특별시 광진구청,2025-12-23
자양4동725,1,,서울특별시 광진구 자양동 16-15,37.5403107104,127.0644606,,한전주,02-450-7873,서울특별시 광진구청,2025-12-23
자양4동726,1,,서울특별시 광진구 자양동 16-35,37.5405308498,127.0639722121,,한전주,02-450-7873,서울특별시 광진구청,2025-12-23
자양4동727,1,,서울특별시 광진구 자양동 13-20,37.5399505561,127.0650216,,한전주,02-450-7873,서울특별시 광진구청,2025-12-23
자양4동728,1,,서울특별시 광진구 자양동 16-17,37.54024717,127.0645576,,한전주,02-450-7873,서울특별시 광진구청,2025-12-23
자양4동729,1,,서울특별시 광진구 자양동 13-10,37.5397774813,127.0646526,,한전주,02-450-7873,서울특별시 광진구청,2025-12-23
자양4동730,1,,서울특별시 광진구 자양동 13-36,37.5396523223,127.0650276,,한전주,02-450-7873,서울특별시 광진구청,2025-12-23
자양4동731,1,,서울특별시 광진구 자양동 16-35,37.5405308498,127.0639722121,,한전주,02-450-7873,서울특별시 광진구청,2025-12-23
자양4동732,1,,서울특별시 광진구 자양동 11-11,37.5391646208,127.0655121011,,한전주,02-450-7873,서울특별시 광진구청,2025-12-23
자양4동733,1,,서울특별시 광진구 자양4동 857,37.5396245,127.0646571,,한전주,02-450-7873,서울특별시 광진구청,2025-12-23
자양4동734,1,,서울특별시 광진구 자양동 10-8,37.539349516,127.065321182,,한전주,02-450-7873,서울특별시 광진구청,2025-12-23
자양4동735,1,,서울특별시 광진구 자양동 12-18,37.5392144691,127.0649606,,,02-450-7873,서울특별시 광진구청,2025-12-23
자양4동736,1,,서울특별시 광진구 자양동 10-8,37.5393807,127.065321182,,한전주,02-450-7873,서울특별시 광진구청,2025-12-23
자양4동737,1,,서울특별시 광진구 자양동 10-8,37.539349516,127.065321182,,한전주,02-450-7873,서울특별시 광진구청,2025-12-23
자양4동738,1,,서울특별시 광진구 자양동 10-8,37.539349516,127.065321182,,한전주,02-450-7873,서울특별시 광진구청,2025-12-23
자양4동739,1,,서울특별시 광진구 자양동 13-62,37.5395643124,127.0653350326,,한전주,02-450-7873,서울특별시 광진구청,2025-12-23
자양4동740,1,,서울특별시 광진구 자양동 13-69,37.5397954438,127.0654976,,한전주,02-450-7873,서울특별시 광진구청,2025-12-23
자양4동741,1,,서울특별시 광진구 자양동 13-70,37.5399151572,127.0655059687,,한전주,02-450-7873,서울특별시 광진구청,2025-12-23
자양4동742,1,,서울특별시 광진구 자양동 13-5,37.54015317,127.0652916,,한전주,02-450-7873,서울특별시 광진구청,2025-12-23
자양4동743,1,,서울특별시 광진구 자양동 13-60,37.5397548212,127.0651886,,한전주,02-450-7873,서울특별시 광진구청,2025-12-23
자양4동744,1,,서울특별시 광진구 자양동 10-4,37.5395546836,127.0658004073,,,02-450-7873,서울특별시 광진구청,2025-12-23
자양4동745,1,,서울특별시 광진구 자양동 10-10,37.5402289161,127.0659364408,,한전주,02-450-7873,서울특별시 광진구청,2025-12-23
자양4동746,1,,서울특별시 광진구 자양동 10-14,37.5399931362,127.0660456,,한전주,02-450-7873,서울특별시 광진구청,2025-12-23
자양4동747,1,,서울특별시 광진구 자양동 13-3,37.5405222787,127.0657799853,,한전주,02-450-7873,서울특별시 광진구청,2025-12-23
자양4동748,1,,서울특별시 광진구 자양동 10-37,37.5405227422,127.0660066,,한전주,02-450-7873,서울특별시 광진구청,2025-12-23
자양4동749,1,,서울특별시 광진구 자양동 10-40,37.5403301696,127.0661826,,건축물,02-450-7873,서울특별시 광진구청,2025-12-23
자양4동750,1,,서울특별시 광진구 자양동 13-1,37.5407640306,127.0659172237,,한전주,02-450-7873,서울특별시 광진구청,2025-12-23
자양4동751,1,,서울특별시 광진구 자양동 17-12,37.5410566332,127.0656692267,,한전주,02-450-7873,서울특별시 광진구청,2025-12-23
자양4동752,1,,서울특별시 광진구 자양동 8-3,37.5410609497,127.0664892401,,전용주,02-450-7873,서울특별시 광진구청,2025-12-23
자양4동756,1,,서울특별시 광진구 자양동 10-34,37.5403813705,127.0664093181,,건축물,02-450-7873,서울특별시 광진구청,2025-12-23
자양4동757,1,,서울특별시 광진구 자양동 10-46,37.5402994471,127.0666094086,,건축물,02-450-7873,서울특별시 광진구청,2025-12-23
자양4동758,1,,서울특별시 광진구 자양동 10-46,37.5402994471,127.0666496,,건축물,02-450-7873,서울특별시 광진구청,2025-12-23
자양4동759,1,,서울특별시 광진구 자양동 10-45,37.5404591455,127.0666806,,건축물,02-450-7873,서울특별시 광진구청,2025-12-23
자양4동760,1,,서울특별시 광진구 자양동 10-46,37.5402994471,127.0666094086,,한전주,02-450-7873,서울특별시 광진구청,2025-12-23
자양4동761,1,,서울특별시 광진구 자양동 9-3,37.54036074,127.0670242,,건축물,02-450-7873,서울특별시 광진구청,2025-12-23
자양4동762,1,,서울특별시 광진구 자양동 10-42,37.54029317,127.0664992299,,한전주,02-450-7873,서울특별시 광진구청,2025-12-23
자양4동763,1,,서울특별시 광진구 자양동 9-26,37.5400897699,127.0667946751,,건축물,02-450-7873,서울특별시 광진구청,2025-12-23
자양4동764,1,,서울특별시 광진구 자양동 9-26,37.54001717,127.0667946751,,전용주,02-450-7873,서울특별시 광진구청,2025-12-23
자양4동765,1,,서울특별시 광진구 자양동 10-3,37.5397728685,127.0663501669,,전용주,02-450-7873,서울특별시 광진구청,2025-12-23
자양4동766,1,,서울특별시 광진구 자양동 9-13,37.5394028008,127.066717913,,한전주,02-450-7873,서울특별시 광진구청,2025-12-23
자양4동767,1,,서울특별시 광진구 자양동 9-13,37.5394028008,127.066717913,,한전주,02-450-7873,서울특별시 광진구청,2025-12-23
자양4동768,1,,서울특별시 광진구 자양동 10-3,37.5397728685,127.0663501669,,한전주,02-450-7873,서울특별시 광진구청,2025-12-23
자양4동769,1,,서울특별시 광진구 자양동 10-16,37.5395634434,127.0662196,,한전주,02-450-7873,서울특별시 광진구청,2025-12-23
자양4동770,1,,서울특별시 광진구 자양동 10-22,37.53955117,127.0659985981,,한전주,02-450-7873,서울특별시 광진구청,2025-12-23
자양4동771,1,,서울특별시 광진구 자양동 10-18,37.5393954568,127.0661590631,,건축물,02-450-7873,서울특별시 광진구청,2025-12-23
자양4동772,1,,서울특별시 광진구 자양동 10-20,37.5393512,127.0659467487,,한전주,02-450-7873,서울특별시 광진구청,2025-12-23
자양4동773,1,,서울특별시 광진구 자양동 10-4,37.53950428,127.0658567,,건축물,02-450-7873,서울특별시 광진구청,2025-12-23
자양4동774,1,,서울특별시 광진구 자양4동 6-21,37.5392744,127.0659628,,한전주,02-450-7873,서울특별시 광진구청,2025-12-23
자양4동775,1,,서울특별시 광진구 자양동 6-21,37.538814075,127.0668923882,,한전주,02-450-7873,서울특별시 광진구청,2025-12-23
자양4동776,1,,서울특별시 광진구 자양동 6-21,37.538814075,127.0668923882,,한전주,02-450-7873,서울특별시 광진구청,2025-12-23
자양4동777,1,,서울특별시 광진구 자양동 9-34,37.5390894219,127.0664554,,한전주,02-450-7873,서울특별시 광진구청,2025-12-23
자양4동778,1,,서울특별시 광진구 자양동 9-8,37.5391778,127.0665994617,,건축물,02-450-7873,서울특별시 광진구청,2025-12-23
자양4동779,1,,서울특별시 광진구 자양동 11-2,37.538790209,127.0665146,,건축물,02-450-7873,서울특별시 광진구청,2025-12-23
자양4동780,1,,서울특별시 광진구 자양4동 6-21,37.538966,127.0668492,,한전주,02-450-7873,서울특별시 광진구청,2025-12-23
자양4동781,1,,서울특별시 광진구 자양4동 6-21,37.5390116,127.0669166,,,02-450-7873,서울특별시 광진구청,2025-12-23
자양4동782,1,,서울특별시 광진구 자양동 9-5,37.5390652693,127.0669071361,,한전주,02-450-7873,서울특별시 광진구청,2025-12-23
자양4동783,1,,서울특별시 광진구 자양동 9-13,37.5394028008,127.066717913,,전용주,02-450-7873,서울특별시 광진구청,2025-12-23
자양4동784,1,,서울특별시 광진구 자양동 9-13,37.5394028008,127.066717913,,한전주,02-450-7873,서울특별시 광진구청,2025-12-23
자양4동785,1,,서울특별시 광진구 자양동 9-29,37.53993417,127.0673946,,한전주,02-450-7873,서울특별시 광진구청,2025-12-23
자양4동786,1,,서울특별시 광진구 자양동 9-35,37.54005517,127.0673945658,,한전주,02-450-7873,서울특별시 광진구청,2025-12-23
자양4동787,1,,서울특별시 광진구 자양동 9-2,37.54015817,127.0671866,,한전주,02-450-7873,서울특별시 광진구청,2025-12-23
자양4동788,1,,서울특별시 광진구 자양동 9-1,37.54030917,127.0672356,,,02-450-7873,서울특별시 광진구청,2025-12-23
자양4동789,1,,서울특별시 광진구 자양동 8-16,37.5405866915,127.0672786,,건축물,02-450-7873,서울특별시 광진구청,2025-12-23
자양4동790,1,,서울특별시 광진구 자양동 8-1,37.54066317,127.0676571446,,한전주,02-450-7873,서울특별시 광진구청,2025-12-23
자양4동791,1,,서울특별시 광진구 자양동 8-1,37.5406341134,127.0676571446,,한전주,02-450-7873,서울특별시 광진구청,2025-12-23
자양4동792,1,,서울특별시 광진구 자양동 8-24,37.5407827471,127.0673968049,,한전주,02-450-7873,서울특별시 광진구청,2025-12-23
자양4동793,1,,서울특별시 광진구 자양동 8-26,37.5406654304,127.0672556,,건축물,02-450-7873,서울특별시 광진구청,2025-12-23
자양4동794,1,,서울특별시 광진구 자양동 7-23,37.5403135878,127.0681786,,한전주,02-450-7873,서울특별시 광진구청,2025-12-23
자양4동795,1,,서울특별시 광진구 자양동 7-15,37.54027917,127.0684116,,전용주,02-450-7873,서울특별시 광진구청,2025-12-23
자양4동796,1,,서울특별시 광진구 자양동 7-12,37.54017517,127.0685728686,,건축물,02-450-7873,서울특별시 광진구청,2025-12-23
자양4동797,1,,서울특별시 광진구 자양동 5-69,37.5397107992,127.0686969467,,건축물,02-450-7873,서울특별시 광진구청,2025-12-23
자양4동798,1,,서울특별시 광진구 자양동 7-39,37.5398628488,127.0690336,,건축물,02-450-7873,서울특별시 광진구청,2025-12-23
자양4동799,1,,서울특별시 광진구 자양동 7-1,37.5399829261,127.0695777294,,한전주,02-450-7873,서울특별시 광진구청,2025-12-23
자양4동800,1,,서울특별시 광진구 자양동 1-14,37.5398885918,127.0697056,,한전주,02-450-7873,서울특별시 광진구청,2025-12-23
자양4동801,1,,서울특별시 광진구 자양동 1-13,37.5398473589,127.069826646,,건축물,02-450-7873,서울특별시 광진구청,2025-12-23
자양4동802,1,,서울특별시 광진구 자양동 1-3,37.53984317,127.0699506,,건축물,02-450-7873,서울특별시 광진구청,2025-12-23
자양4동803,1,,서울특별시 광진구 자양동 2-9,37.5394789817,127.06975615,,건축물,02-450-7873,서울특별시 광진구청,2025-12-23
자양4동804,1,,서울특별시 광진구 자양동 2-10,37.5393786392,127.0697626,,건축물,02-450-7873,서울특별시 광진구청,2025-12-23
자양4동805,1,,서울특별시 광진구 자양동 2-13,37.53948317,127.0695654472,,한전주,02-450-7873,서울특별시 광진구청,2025-12-23
자양4동806,1,,서울특별시 광진구 자양동 2-2,37.539123837,127.0696836334,,한전주,02-450-7873,서울특별시 광진구청,2025-12-23
자양4동809,1,,서울특별시 광진구 자양동 5-32,37.5387009715,127.0689766,,건축물,02-450-7873,서울특별시 광진구청,2025-12-23
자양4동812,1,,서울특별시 광진구 자양동 5-28,37.5386535138,127.0687863819,,건축물,02-450-7873,서울특별시 광진구청,2025-12-23
자양4동813,1,,서울특별시 광진구 자양동 5-23,37.5385853603,127.0685486,,전용주,02-450-7873,서울특별시 광진구청,2025-12-23
자양4동814,1,,서울특별시 광진구 자양동 5-18,37.5389445661,127.068736072,,건축물,02-450-7873,서울특별시 광진구청,2025-12-23
자양4동815,1,,서울특별시 광진구 자양동 5-20,37.5388732161,127.0685046,,건축물,02-450-7873,서울특별시 광진구청,2025-12-23
자양4동816,1,,서울특별시 광진구 자양동 5-6,37.53904517,127.0681988958,,건축물,02-450-7873,서울특별시 광진구청,2025-12-23
자양4동817,1,,서울특별시 광진구 자양동 6-69,37.53896817,127.0679976,,한전주,02-450-7873,서울특별시 광진구청,2025-12-23
자양4동818,1,,서울특별시 광진구 자양동 6-18,37.53874017,127.0678776,,한전주,02-450-7873,서울특별시 광진구청,2025-12-23
자양4동819,1,,서울특별시 광진구 자양동 6-72,37.5390763557,127.0680766,,한전주,02-450-7873,서울특별시 광진구청,2025-12-23
자양4동820,1,,서울특별시 광진구 자양동 6-16,37.53927417,127.0680799404,,건축물,02-450-7873,서울특별시 광진구청,2025-12-23
자양4동821,1,,서울특별시 광진구 자양동 6-10,37.539292706,127.0681253874,,한전주,02-450-7873,서울특별시 광진구청,2025-12-23
자양4동822,1,,서울특별시 광진구 자양동 6-3,37.5394397049,127.0682021231,,,02-450-7873,서울특별시 광진구청,2025-12-23
자양4동823,1,,서울특별시 광진구 자양동 5-63,37.53958549,127.068507646,,한전주,02-450-7873,서울특별시 광진구청,2025-12-23
자양4동824,1,,서울특별시 광진구 자양동 5-8,37.5393952223,127.0686716,,,02-450-7873,서울특별시 광진구청,2025-12-23
자양4동825,1,,서울특별시 광진구 자양동 5-72,37.5397518626,127.0685726,,건축물,02-450-7873,서울특별시 광진구청,2025-12-23
자양4동826,1,,서울특별시 광진구 자양동 6-49,37.5395405145,127.0682233738,,,02-450-7873,서울특별시 광진구청,2025-12-23
자양4동827,1,,서울특별시 광진구 자양동 6-48,37.53975517,127.0680296,,한전주,02-450-7873,서울특별시 광진구청,2025-12-23
자양4동828,1,,서울특별시 광진구 자양동 6-75,37.53998417,127.0681546,,건축물,02-450-7873,서울특별시 광진구청,2025-12-23
자양4동829,1,,서울특별시 광진구 자양동 6-35,37.5398703967,127.0677646,,한전주,02-450-7873,서울특별시 광진구청,2025-12-23
자양4동830,1,,서울특별시 광진구 자양동 6-37,37.54007217,127.0677953251,,건축물,02-450-7873,서울특별시 광진구청,2025-12-23
자양4동831,1,,서울특별시 광진구 자양동 6-44,37.5397337485,127.0676286,,한전주,02-450-7873,서울특별시 광진구청,2025-12-23
자양4동832,1,,서울특별시 광진구 자양동 6-15,37.5395462103,127.0674776,,건축물,02-450-7873,서울특별시 광진구청,2025-12-23
자양4동833,1,,서울특별시 광진구 자양동 6-5,37.53959821,127.0679014,,한전주,02-450-7873,서울특별시 광진구청,2025-12-23
자양4동834,1,,서울특별시 광진구 자양동 6-11,37.5393358523,127.0679946,,건축물,02-450-7873,서울특별시 광진구청,2025-12-23
자양4동835,1,,서울특별시 광진구 자양동 6-53,37.5391478759,127.0678326,,전용주,02-450-7873,서울특별시 광진구청,2025-12-23
자양4동836,1,,서울특별시 광진구 자양동 6-60,37.539290297,127.0674562225,,한전주,02-450-7873,서울특별시 광진구청,2025-12-23
자양4동837,1,,서울특별시 광진구 자양동 6-58,37.5394042049,127.0674186465,,전용주,02-450-7873,서울특별시 광진구청,2025-12-23
자양4동838,1,,서울특별시 광진구 자양동 5-56,37.53906117,127.0691301125,,,02-450-7873,서울특별시 광진구청,2025-12-23
자양4동839,1,,서울특별시 광진구 자양동 5-19,37.5389830144,127.068623072,,전용주,02-450-7873,서울특별시 광진구청,2025-12-23
자양4동840,1,,서울특별시 광진구 자양동 5-44,37.53934117,127.0688516,,한전주,02-450-7873,서울특별시 광진구청,2025-12-23
자양4동841,1,,서울특별시 광진구 자양동 5-41,37.539472383,127.069025879,,한전주,02-450-7873,서울특별시 광진구청,2025-12-23
자양4동842,1,,서울특별시 광진구 자양동 5-50,37.5392912357,127.0691586,,건축물,02-450-7873,서울특별시 광진구청,2025-12-23
자양4동843,1,,서울특별시 광진구 자양동 5-2,37.5393857281,127.0692972437,,한전주,02-450-7873,서울특별시 광진구청,2025-12-23
자양4동851,1,,서울특별시 광진구 자양동 57-3,37.5343228151,127.0621980267,,,02-450-7873,서울특별시 광진구청,2025-12-23
자양4동852,1,,서울특별시 광진구 자양동 54-10,37.53540809,127.0637796,,,02-450-7873,서울특별시 광진구청,2025-12-23
자양4동853,1,,서울특별시 광진구 자양동 193-1,37.53514149,127.0618747,,한전주,02-450-7873,서울특별시 광진구청,2025-12-23
자양4동854,1,,서울특별시 광진구 자양동 59-6,37.53408303,127.0675637,,,02-450-7873,서울특별시 광진구청,2025-12-23
자양4동855,1,,서울특별시 광진구 자양동 842-10,37.5383693985,127.0653490387,,건축물,02-450-7873,서울특별시 광진구청,2025-12-23
자양4동856,1,,서울특별시 광진구 자양동 842-10,37.5383693985,127.0653490387,,한전주,02-450-7873,서울특별시 광진구청,2025-12-23
자양4동857,1,,서울특별시 광진구 자양동 43-40,37.5352269363,127.0655574714,,한전주,02-450-7873,서울특별시 광진구청,2025-12-23
자양4동858,1,,서울특별시 광진구 자양동 10-4,37.5395546836,127.0658858,,건축물,02-450-7873,서울특별시 광진구청,2025-12-23
자양4동859,1,,서울특별시 광진구 자양동 832-17,37.5390668134,127.0639578066,,,02-450-7873,서울특별시 광진구청,2025-12-23
자양4동860,1,,서울특별시 광진구 자양동 7-17,37.5403376598,127.0684816307,,건축물,02-450-7873,서울특별시 광진구청,2025-12-23
자양4동861,1,,서울특별시 광진구 자양동 853,37.5333887677,127.0619883945,,한전주,02-450-7873,서울특별시 광진구청,2025-12-23
자양4동862,1,,서울특별시 광진구 자양동 46-38,37.5356005178,127.0652927,,,02-450-7873,서울특별시 광진구청,2025-12-23
자양4동863,1,,서울특별시 광진구 자양동 57-8,37.5336522683,127.0634252694,,전용주,02-450-7873,서울특별시 광진구청,2025-12-23
자양4동864,1,,서울특별시 광진구 자양동 193-25,37.5345826,127.0617628628,,,02-450-7873,서울특별시 광진구청,2025-12-23
자양4동865,1,,서울특별시 광진구 자양동 74-26,37.5330450046,127.0656079948,,,02-450-7873,서울특별시 광진구청,2025-12-23
자양4동866,1,,서울특별시 광진구 자양동 80-4,37.5331933597,127.0652707194,,한전주,02-450-7873,서울특별시 광진구청,2025-12-23
자양4동867,1,,서울특별시 광진구 자양동 79-10,37.5334959446,127.0655589,,건축물,02-450-7873,서울특별시 광진구청,2025-12-23
자양4동868,1,,서울특별시 광진구 자양동 553-57,37.5371288676,127.0654856,,,02-450-7873,서울특별시 광진구청,2025-12-23
자양4동869,1,,서울특별시 광진구 자양동 52-84,37.534130785,127.0659635,,건축물,02-450-7873,서울특별시 광진구청,2025-12-23
자양4동870,1,,서울특별시 광진구 자양동 16-20,37.5400878,127.0645489,,,02-450-7873,서울특별시 광진구청,2025-12-23
자양4동871,1,,서울특별시 광진구 자양동 16-54,37.5404721,127.0646765903,,,02-450-7873,서울특별시 광진구청,2025-12-23
자양4동872,1,,서울특별시 광진구 자양동 16-64,37.54091579,127.0650645,,,02-450-7873,서울특별시 광진구청,2025-12-23
자양4동873,1,,서울특별시 광진구 자양동 16-64,37.54091579,127.0650488074,,,02-450-7873,서울특별시 광진구청,2025-12-23
자양4동874,1,,서울특별시 광진구 자양동 853,37.5333887677,127.0619883945,,,02-450-7873,서울특별시 광진구청,2025-12-23
자양4동875,1,,서울특별시 광진구 자양동 57-114,37.5335608744,127.0627017971,,,02-450-7873,서울특별시 광진구청,2025-12-23
자양4동876,1,,서울특별시 광진구 자양동 777,37.5385399017,127.0819124378,,건축물,02-450-7873,서울특별시 광진구청,2025-12-23
자양4동877,1,,서울특별시 광진구 자양동 74-6,37.5334596673,127.0658485692,,한전주,02-450-7873,서울특별시 광진구청,2025-12-23
자양4동878,1,,서울특별시 광진구 자양동 830,37.5334859344,127.0649340787,,한전주,02-450-7873,서울특별시 광진구청,2025-12-23
자양4동879,1,,서울특별시 광진구 자양동 48-58,37.5344170439,127.0663784,,,02-450-7873,서울특별시 광진구청,2025-12-23
자양4동880,1,,서울특별시 광진구 자양동 9-3,37.5403760337,127.0670605,,건축물,02-450-7873,서울특별시 광진구청,2025-12-23
중곡1동001,1,,서울특별시 광진구 중곡동 235-1,37.56594927,127.0781626,,한전주,02-450-7873,서울특별시 광진구청,2025-12-23
중곡1동002,1,,서울특별시 광진구 중곡동 235-14,37.56584617,127.0781686,,한전주,02-450-7873,서울특별시 광진구청,2025-12-23
중곡1동003,1,,서울특별시 광진구 중곡동 235-12,37.56597417,127.0778802,,건축물,02-450-7873,서울특별시 광진구청,2025-12-23
중곡1동004,1,,서울특별시 광진구 중곡동 267-4,37.565750,127.0788715907,,한전주,02-450-7873,서울특별시 광진구청,2025-12-23
중곡1동005,1,,서울특별시 광진구 중곡동 235-23,37.56563227,127.0779313,,건축물,02-450-7873,서울특별시 광진구청,2025-12-23
중곡1동006,1,,서울특별시 광진구 중곡동 235-20,37.56570366,127.0777836,,건축물,02-450-7873,서울특별시 광진구청,2025-12-23
중곡1동007,1,,서울특별시 광진구 중곡동 235-27,37.56552189,127.0778043,,건축물,02-450-7873,서울특별시 광진구청,2025-12-23
중곡1동008,1,,서울특별시 광진구 중곡동 235-27,37.56551217,127.0778043,,한전주,02-450-7873,서울특별시 광진구청,2025-12-23
중곡1동009,1,,서울특별시 광진구 중곡동 235-27,37.56552189,127.0778043,,건축물,02-450-7873,서울특별시 광진구청,2025-12-23
중곡1동010,1,,서울특별시 광진구 중곡동 234-33,37.56524417,127.0780047,,,02-450-7873,서울특별시 광진구청,2025-12-23
중곡1동011,1,,서울특별시 광진구 중곡동 235-18,37.5650137129,127.0776942706,,한전주,02-450-7873,서울특별시 광진구청,2025-12-23
중곡1동012,1,,서울특별시 광진구 중곡동 235-6,37.56488617,127.0775109,,한전주,02-450-7873,서울특별시 광진구청,2025-12-23
중곡1동013,1,,서울특별시 광진구 중곡동 275-11,37.5586835155,127.0837452384,,,02-450-7873,서울특별시 광진구청,2025-12-23
중곡1동014,1,,서울특별시 광진구 중곡동 235-25,37.56488117,127.0773066,,전용주,02-450-7873,서울특별시 광진구청,2025-12-23
중곡1동015,1,,서울특별시 광진구 중곡동 238-12,37.5645362151,127.0772016,,건축물,02-450-7873,서울특별시 광진구청,2025-12-23
중곡1동016,1,,서울특별시 광진구 중곡동 238-2,37.56439977,127.0772855,,한전주,02-450-7873,서울특별시 광진구청,2025-12-23
중곡1동017,1,,서울특별시 광진구 중곡동 238-9,37.56429015,127.0772186,,건축물,02-450-7873,서울특별시 광진구청,2025-12-23
중곡1동018,1,,서울특별시 광진구 중곡동 234-54,37.56486349,127.0781471,,전용주,02-450-7873,서울특별시 광진구청,2025-12-23
중곡1동019,1,,서울특별시 광진구 중곡동 234-39,37.56569317,127.0785575,,한전주,02-450-7873,서울특별시 광진구청,2025-12-23
중곡1동020,1,,서울특별시 광진구 중곡동 234-26,37.56537104,127.0783476,,한전주,02-450-7873,서울특별시 광진구청,2025-12-23
중곡1동021,1,,서울특별시 광진구 중곡동 234-32,37.56518217,127.0780908973,,건축물,02-450-7873,서울특별시 광진구청,2025-12-23
중곡1동022,1,,서울특별시 광진구 중곡동 234-16,37.56537317,127.0784694,,한전주,02-450-7873,서울특별시 광진구청,2025-12-23
중곡1동023,1,,서울특별시 광진구 중곡동 233-11,37.56537495,127.0788776,,건축물,02-450-7873,서울특별시 광진구청,2025-12-23
중곡1동024,1,,서울특별시 광진구 중곡동 234-39,37.56569417,127.0785575,,한전주,02-450-7873,서울특별시 광진구청,2025-12-23
중곡1동025,1,,서울특별시 광진구 중곡동 233-53,37.56564811,127.0790453,,한전주,02-450-7873,서울특별시 광진구청,2025-12-23
중곡1동026,1,,서울특별시 광진구 중곡동 233-15,37.56556744,127.0792226,,건축물,02-450-7873,서울특별시 광진구청,2025-12-23
중곡1동027,1,,서울특별시 광진구 중곡동 233-56,37.5653276299,127.0790756,,건축물,02-450-7873,서울특별시 광진구청,2025-12-23
중곡1동028,1,,서울특별시 광진구 중곡동 233-1,37.56552544,127.0793496,,건축물,02-450-7873,서울특별시 광진구청,2025-12-23
중곡1동029,1,,서울특별시 광진구 중곡동 233-8,37.56510363,127.0787836,,,02-450-7873,서울특별시 광진구청,2025-12-23
중곡1동032,1,,서울특별시 광진구 중곡동 234-17,37.5650637,127.0782618,,한전주,02-450-7873,서울특별시 광진구청,2025-12-23
중곡1동033,1,,서울특별시 광진구 중곡동 234-54,37.56486349,127.0781471,,한전주,02-450-7873,서울특별시 광진구청,2025-12-23
중곡1동034,1,,서울특별시 광진구 중곡동 234-48,37.5645704581,127.0780505761,,한전주,02-450-7873,서울특별시 광진구청,2025-12-23
중곡1동035,1,,서울특별시 광진구 중곡동 234-49,37.56467817,127.0779106,,한전주,02-450-7873,서울특별시 광진구청,2025-12-23
중곡1동036,1,,서울특별시 광진구 중곡동 239-64,37.56426447,127.0777606,,한전주,02-450-7873,서울특별시 광진구청,2025-12-23
중곡1동037,1,,서울특별시 광진구 중곡동 275-11,37.5586835155,127.0837452384,,,02-450-7873,서울특별시 광진구청,2025-12-23
중곡1동038,1,,서울특별시 광진구 중곡동 239-61,37.5644208203,127.0780239342,,,02-450-7873,서울특별시 광진구청,2025-12-23
중곡1동039,1,,서울특별시 광진구 중곡동 239-59,37.56437317,127.0779681,,전용주,02-450-7873,서울특별시 광진구청,2025-12-23
중곡1동040,1,,서울특별시 광진구 중곡동 233-30,37.56443228,127.078402,,한전주,02-450-7873,서울특별시 광진구청,2025-12-23
중곡1동041,1,,서울특별시 광진구 중곡동 239-49,37.5642548756,127.0784036156,,,02-450-7873,서울특별시 광진구청,2025-12-23
중곡1동042,1,,서울특별시 광진구 중곡동 239-52,37.5641751,127.0781913,,전용주,02-450-7873,서울특별시 광진구청,2025-12-23
중곡1동043,1,,서울특별시 광진구 중곡동 239-19,37.56409668,127.0786471,,건축물,02-450-7873,서울특별시 광진구청,2025-12-23
중곡1동045,1,,서울특별시 광진구 중곡동 239-9,37.56410973,127.0789323,,,02-450-7873,서울특별시 광진구청,2025-12-23
중곡1동046,1,,서울특별시 광진구 중곡동 239-5,37.56373136,127.0791281,,한전주,02-450-7873,서울특별시 광진구청,2025-12-23
중곡1동047,1,,서울특별시 광진구 중곡동 239-4,37.56378985,127.0789766,,건축물,02-450-7873,서울특별시 광진구청,2025-12-23
중곡1동048,1,,서울특별시 광진구 중곡동 240-8,37.5635316803,127.0792965708,,전용주,02-450-7873,서울특별시 광진구청,2025-12-23
중곡1동049,1,,서울특별시 광진구 중곡동 239-77,37.56387361,127.0787046,,,02-450-7873,서울특별시 광진구청,2025-12-23
중곡1동050,1,,서울특별시 광진구 중곡동 239-28,37.5640593,127.0779246,,한전주,02-450-7873,서울특별시 광진구청,2025-12-23
중곡1동051,1,,서울특별시 광진구 중곡동 240-9,37.5636158646,127.0795736,,건축물,02-450-7873,서울특별시 광진구청,2025-12-23
중곡1동053,1,,서울특별시 광진구 중곡동 233-67,37.56433224,127.0787204,,한전주,02-450-7873,서울특별시 광진구청,2025-12-23
중곡1동054,1,,서울특별시 광진구 중곡동 233-69,37.56448838,127.078587,,건축물,02-450-7873,서울특별시 광진구청,2025-12-23
중곡1동055,1,,서울특별시 광진구 중곡동 233-7,37.56464928,127.0788326,,한전주,02-450-7873,서울특별시 광진구청,2025-12-23
중곡1동056,1,,서울특별시 광진구 중곡동 233-43,37.56480145,127.0787616,,건축물,02-450-7873,서울특별시 광진구청,2025-12-23
중곡1동057,1,,서울특별시 광진구 중곡동 233-6,37.56502717,127.0788942,,건축물,02-450-7873,서울특별시 광진구청,2025-12-23
중곡1동058,1,,서울특별시 광진구 중곡동 232-60,37.56426145,127.0789076,,한전주,02-450-7873,서울특별시 광진구청,2025-12-23
중곡1동059,1,,서울특별시 광진구 중곡동 232-58,37.5643357862,127.0790773881,,전용주,02-450-7873,서울특별시 광진구청,2025-12-23
중곡1동060,1,,서울특별시 광진구 중곡동 232-44,37.56455505,127.079141,,한전주,02-450-7873,서울특별시 광진구청,2025-12-23
중곡1동061,1,,서울특별시 광진구 중곡동 232-44,37.56455505,127.0791336,,건축물,02-450-7873,서울특별시 광진구청,2025-12-23
중곡1동062,1,,서울특별시 광진구 중곡동 232-56,37.56494317,127.0792765,,한전주,02-450-7873,서울특별시 광진구청,2025-12-23
중곡1동063,1,,서울특별시 광진구 중곡동 232-30,37.56477644,127.0795179,,한전주,02-450-7873,서울특별시 광진구청,2025-12-23
중곡1동064,1,,서울특별시 광진구 중곡동 232-54,37.56514017,127.0794566,,한전주,02-450-7873,서울특별시 광진구청,2025-12-23
중곡1동065,1,,서울특별시 광진구 중곡동 232-42,37.56517128,127.0796192,,전용주,02-450-7873,서울특별시 광진구청,2025-12-23
중곡1동066,1,,서울특별시 광진구 중곡동 233-60,37.56526617,127.0789932,,건축물,02-450-7873,서울특별시 광진구청,2025-12-23
중곡1동067,1,,서울특별시 광진구 중곡동 232-54,37.56517017,127.0794006815,,한전주,02-450-7873,서울특별시 광진구청,2025-12-23
중곡1동068,1,,서울특별시 광진구 중곡동 233-56,37.56538417,127.0790826,,건축물,02-450-7873,서울특별시 광진구청,2025-12-23
중곡1동069,1,,서울특별시 광진구 중곡동 232-53,37.56522842,127.0794566,,전용주,02-450-7873,서울특별시 광진구청,2025-12-23
중곡1동070,1,,서울특별시 광진구 중곡동 232-47,37.565453325,127.0795506,,한전주,02-450-7873,서울특별시 광진구청,2025-12-23
중곡1동072,1,,서울특별시 광진구 중곡동 232-1,37.56539517,127.0799419,,한전주,02-450-7873,서울특별시 광진구청,2025-12-23
중곡1동073,1,,서울특별시 광진구 중곡동 232-36,37.56529717,127.0797931375,,건축물,02-450-7873,서울특별시 광진구청,2025-12-23
중곡1동074,1,,서울특별시 광진구 중곡동 231-1,37.56506217,127.0804159,,전용주,02-450-7873,서울특별시 광진구청,2025-12-23
중곡1동075,1,,서울특별시 광진구 중곡동 232-7,37.56494752,127.0798036,,한전주,02-450-7873,서울특별시 광진구청,2025-12-23
중곡1동076,1,,서울특별시 광진구 중곡동 232-34,37.56509499,127.0797516,,건축물,02-450-7873,서울특별시 광진구청,2025-12-23
중곡1동077,1,,서울특별시 광진구 중곡동 231-17,37.56486617,127.0800366,,건축물,02-450-7873,서울특별시 광진구청,2025-12-23
중곡1동078,1,,서울특별시 광진구 중곡동 232-10,37.56469008,127.0797132,,한전주,02-450-7873,서울특별시 광진구청,2025-12-23
중곡1동079,1,,서울특별시 광진구 중곡동 232-9,37.56488785,127.0797142,,전용주,02-450-7873,서울특별시 광진구청,2025-12-23
중곡1동080,1,,서울특별시 광진구 중곡동 232-12,37.56457849,127.0796439,,전용주,02-450-7873,서울특별시 광진구청,2025-12-23
중곡1동081,1,,서울특별시 광진구 중곡동 232-27,37.56451137,127.0793706,,전용주,02-450-7873,서울특별시 광진구청,2025-12-23
중곡1동082,1,,서울특별시 광진구 중곡동 231-26,37.56449425,127.0797776,,건축물,02-450-7873,서울특별시 광진구청,2025-12-23
중곡1동083,1,,서울특별시 광진구 중곡동 231-12,37.56436943,127.0798006,,건축물,02-450-7873,서울특별시 광진구청,2025-12-23
중곡1동084,1,,서울특별시 광진구 중곡동 232-20,37.56438233,127.0795429,,한전주,02-450-7873,서울특별시 광진구청,2025-12-23
중곡1동085,1,,서울특별시 광진구 중곡동 231-10,37.56428179,127.0797556,,건축물,02-450-7873,서울특별시 광진구청,2025-12-23
중곡1동086,1,,서울특별시 광진구 중곡동 232-21,37.56436017,127.0794492,,건축물,02-450-7873,서울특별시 광진구청,2025-12-23
중곡1동087,1,,서울특별시 광진구 중곡동 232-23,37.56416378,127.0793375,,건축물,02-450-7873,서울특별시 광진구청,2025-12-23
중곡1동088,1,,서울특별시 광진구 중곡동 232-23,37.56417417,127.0793519,,한전주,02-450-7873,서울특별시 광진구청,2025-12-23
중곡1동089,1,,서울특별시 광진구 중곡동 267-5,37.5643324705,127.0784922072,,한전주,02-450-7873,서울특별시 광진구청,2025-12-23
중곡1동090,1,,서울특별시 광진구 중곡동 241-2,37.56357517,127.0801081,,한전주,02-450-7873,서울특별시 광진구청,2025-12-23
중곡1동091,1,,서울특별시 광진구 중곡동 231-8,37.56390423,127.0799768,,한전주,02-450-7873,서울특별시 광진구청,2025-12-23
중곡1동092,1,,서울특별시 광진구 중곡동 231-35,37.56412248,127.0798045,,한전주,02-450-7873,서울특별시 광진구청,2025-12-23
중곡1동093,1,,서울특별시 광진구 중곡동 241-6,37.5635629,127.0804339,,한전주,02-450-7873,서울특별시 광진구청,2025-12-23
중곡1동094,1,,서울특별시 광진구 중곡동 241-43,37.56345427,127.080377,,건축물,02-450-7873,서울특별시 광진구청,2025-12-23
중곡1동095,1,,서울특별시 광진구 중곡동 241-29,37.5632659835,127.0804686,,건축물,02-450-7873,서울특별시 광진구청,2025-12-23
중곡1동096,1,,서울특별시 광진구 중곡동 241-27,37.5632564,127.0802696,,건축물,02-450-7873,서울특별시 광진구청,2025-12-23
중곡1동097,1,,서울특별시 광진구 중곡동 230-8,37.56367654,127.0806508,,한전주,02-450-7873,서울특별시 광진구청,2025-12-23
중곡1동098,1,,서울특별시 광진구 중곡동 231-39,37.5645869214,127.0803707036,,한전주,02-450-7873,서울특별시 광진구청,2025-12-23
중곡1동099,1,,서울특별시 광진구 중곡동 231-4,37.56467217,127.0801428,,전용주,02-450-7873,서울특별시 광진구청,2025-12-23
중곡1동100,1,,서울특별시 광진구 중곡동 231-3,37.56474317,127.080334894,,건축물,02-450-7873,서울특별시 광진구청,2025-12-23
중곡1동101,1,,서울특별시 광진구 중곡동 231-1,37.56506217,127.0804186,,한전주,02-450-7873,서울특별시 광진구청,2025-12-23
중곡1동102,1,,서울특별시 광진구 중곡동 230-16,37.56491781,127.0810953,,한전주,02-450-7873,서울특별시 광진구청,2025-12-23
중곡1동103,1,,서울특별시 광진구 중곡동 229-7,37.56474116,127.0815566,,한전주,02-450-7873,서울특별시 광진구청,2025-12-23
중곡1동104,1,,서울특별시 광진구 중곡동 229-7,37.56474116,127.0815728,,한전주,02-450-7873,서울특별시 광진구청,2025-12-23
중곡1동105,1,,서울특별시 광진구 중곡동 229-1,37.56459235,127.0819046,,한전주,02-450-7873,서울특별시 광진구청,2025-12-23
중곡1동106,1,,서울특별시 광진구 중곡동 221-24,37.56449256,127.0822256,,한전주,02-450-7873,서울특별시 광진구청,2025-12-23
중곡1동107,1,,서울특별시 광진구 중곡1동 165-18,37.563686,127.082146,,,02-450-7873,서울특별시 광진구청,2025-12-23
중곡1동108,1,,서울특별시 광진구 중곡동 164-8,37.5626031713,127.081982239,,건축물,02-450-7873,서울특별시 광진구청,2025-12-23
중곡1동109,1,,서울특별시 광진구 중곡동 164-9,37.5626882524,127.0821191341,,,02-450-7873,서울특별시 광진구청,2025-12-23
중곡1동110,1,,서울특별시 광진구 중곡동 275-11,37.5586835155,127.0837452384,,,02-450-7873,서울특별시 광진구청,2025-12-23
중곡1동111,1,,서울특별시 광진구 중곡동 241-33,37.56283783,127.0816936,,건축물,02-450-7873,서울특별시 광진구청,2025-12-23
중곡1동112,1,,서울특별시 광진구 중곡동 241-54,37.56309317,127.0815322,,한전주,02-450-7873,서울특별시 광진구청,2025-12-23
중곡1동113,1,,서울특별시 광진구 중곡동 275-11,37.5586835155,127.0837452384,,,02-450-7873,서울특별시 광진구청,2025-12-23
중곡1동114,1,,서울특별시 광진구 중곡동 275-11,37.5586835155,127.0837452384,,,02-450-7873,서울특별시 광진구청,2025-12-23
중곡1동115,1,,서울특별시 광진구 중곡동 275-11,37.5586835155,127.0837452384,,,02-450-7873,서울특별시 광진구청,2025-12-23
중곡1동116,1,,서울특별시 광진구 중곡동 221-44,37.56337912,127.0819736,,한전주,02-450-7873,서울특별시 광진구청,2025-12-23
중곡1동117,1,,서울특별시 광진구 중곡동 221-44,37.56337912,127.0819776,,건축물,02-450-7873,서울특별시 광진구청,2025-12-23
중곡1동118,1,,서울특별시 광진구 중곡동 165-28,37.56367557,127.0824589,,한전주,02-450-7873,서울특별시 광진구청,2025-12-23
중곡1동119,1,,서울특별시 광진구 중곡동 221-5,37.56391117,127.0821854,,한전주,02-450-7873,서울특별시 광진구청,2025-12-23
중곡1동120,1,,서울특별시 광진구 중곡동 165-20,37.5640486761,127.0825286,,한전주,02-450-7873,서울특별시 광진구청,2025-12-23
중곡1동121,1,,서울특별시 광진구 중곡동 165-19,37.56406417,127.0827368,,전용주,02-450-7873,서울특별시 광진구청,2025-12-23
중곡1동122,1,,서울특별시 광진구 중곡동 221-27,37.5640422,127.0821743,,,02-450-7873,서울특별시 광진구청,2025-12-23
중곡1동123,1,,서울특별시 광진구 중곡동 275-11,37.5586835155,127.0837452384,,,02-450-7873,서울특별시 광진구청,2025-12-23
중곡1동124,1,,서울특별시 광진구 중곡1동 165-17,37.564430," 127.082000",,,02-450-7873,서울특별시 광진구청,2025-12-23
중곡1동125,1,,서울특별시 광진구 중곡동 229-3,37.56447374,127.0818416,,한전주,02-450-7873,서울특별시 광진구청,2025-12-23
중곡1동126,1,,서울특별시 광진구 중곡동 229-8,37.56459317,127.0817086,,건축물,02-450-7873,서울특별시 광진구청,2025-12-23
중곡1동127,1,,서울특별시 광진구 중곡동 229-18,37.5645041392,127.0813946177,,건축물,02-450-7873,서울특별시 광진구청,2025-12-23
중곡1동128,1,,서울특별시 광진구 중곡동 229-4,37.56430017,127.0817906,,,02-450-7873,서울특별시 광진구청,2025-12-23
중곡1동129,1,,서울특별시 광진구 중곡동 221-21,37.56418717,127.0818156,,한전주,02-450-7873,서울특별시 광진구청,2025-12-23
중곡1동130,1,,서울특별시 광진구 중곡동 221-20,37.56406195,127.0820236,,건축물,02-450-7873,서울특별시 광진구청,2025-12-23
중곡1동131,1,,서울특별시 광진구 중곡동 221-11,37.5637277,127.0818336,,건축물,02-450-7873,서울특별시 광진구청,2025-12-23
중곡1동132,1,,서울특별시 광진구 중곡동 221-12,37.5636440361,127.0818034143,,건축물,02-450-7873,서울특별시 광진구청,2025-12-23
중곡1동133,1,,서울특별시 광진구 중곡동 221-10,37.56344787,127.0816026,,,02-450-7873,서울특별시 광진구청,2025-12-23
중곡1동134,1,,서울특별시 광진구 중곡동 241-46,37.56318695,127.0810397,,,02-450-7873,서울특별시 광진구청,2025-12-23
중곡1동135,1,,서울특별시 광진구 중곡동 241-9,37.56333034,127.0811086,,건축물,02-450-7873,서울특별시 광진구청,2025-12-23
중곡1동136,1,,서울특별시 광진구 중곡동 241-49,37.56337872,127.0809737,,건축물,02-450-7873,서울특별시 광진구청,2025-12-23
중곡1동137,1,,서울특별시 광진구 중곡동 230-26,37.563789351,127.0807626,,건축물,02-450-7873,서울특별시 광진구청,2025-12-23
중곡1동138,1,,서울특별시 광진구 중곡동 229-5,37.56390828,127.0813014,,건축물,02-450-7873,서울특별시 광진구청,2025-12-23
중곡1동139,1,,서울특별시 광진구 중곡동 230-6,37.56408766,127.0809046,,건축물,02-450-7873,서울특별시 광진구청,2025-12-23
중곡1동140,1,,서울특별시 광진구 중곡동 230-24,37.56417842,127.0810099,,전용주,02-450-7873,서울특별시 광진구청,2025-12-23
중곡1동141,1,,서울특별시 광진구 중곡동 230-5,37.56446317,127.0811526,,,02-450-7873,서울특별시 광진구청,2025-12-23
중곡1동142,1,,서울특별시 광진구 중곡동 230-12,37.56448656,127.0807575,,,02-450-7873,서울특별시 광진구청,2025-12-23
중곡1동143,1,,서울특별시 광진구 중곡동 229-19,37.56444717,127.0813946,,,02-450-7873,서울특별시 광진구청,2025-12-23
중곡1동144,1,,서울특별시 광진구 중곡동 265-5,37.5637526859,127.082304345,,,02-450-7873,서울특별시 광진구청,2025-12-23
중곡1동145,1,,서울특별시 광진구 중곡1동 248-6,37.5638707,127.0771453,,한전주,02-450-7873,서울특별시 광진구청,2025-12-23
중곡1동146,1,,서울특별시 광진구 중곡1동 249-21,37.5638594,127.0768511,,건축물,02-450-7873,서울특별시 광진구청,2025-12-23
중곡1동147,1,,서울특별시 광진구 중곡1동 249-24,37.5636799,127.0769439,,전용주,02-450-7873,서울특별시 광진구청,2025-12-23
중곡1동148,1,,서울특별시 광진구 중곡1동 248-22,37.5635359,127.076957,,한전주,02-450-7873,서울특별시 광진구청,2025-12-23
중곡1동149,1,,서울특별시 광진구 중곡1동 248-21,37.5634564,127.0771617,,,02-450-7873,서울특별시 광진구청,2025-12-23
중곡1동150,1,,서울특별시 광진구 중곡1동 248-24,37.5632574,127.0770623,,전용주,02-450-7873,서울특별시 광진구청,2025-12-23
중곡1동151,1,,서울특별시 광진구 중곡1동 248-10,37.5634045,127.0774453,,한전주,02-450-7873,서울특별시 광진구청,2025-12-23
중곡1동152,1,,서울특별시 광진구 중곡1동 249-35,37.5636057,127.0766618,,건축물,02-450-7873,서울특별시 광진구청,2025-12-23
중곡1동153,1,,서울특별시 광진구 중곡1동 268-1,37.56342637,127.0767871,,전용주,02-450-7873,서울특별시 광진구청,2025-12-23
중곡1동154,1,,서울특별시 광진구 중곡동 249-32,37.5634875992,127.076462133,,건축물,02-450-7873,서울특별시 광진구청,2025-12-23
중곡1동155,1,,서울특별시 광진구 중곡동 268-1,37.5625903915,127.0770219492,,건축물,02-450-7873,서울특별시 광진구청,2025-12-23
중곡1동156,1,,서울특별시 광진구 중곡동 248-39,37.5630268,127.0769285,,건축물,02-450-7873,서울특별시 광진구청,2025-12-23
중곡1동157,1,,서울특별시 광진구 중곡동 248-30,37.56296682,127.0767276,,한전주,02-450-7873,서울특별시 광진구청,2025-12-23
중곡1동158,1,,서울특별시 광진구 중곡1동 249-14,37.5632515,127.076304,,,02-450-7873,서울특별시 광진구청,2025-12-23
중곡1동159,1,,서울특별시 광진구 중곡동 249-17,37.56288592,127.076450,,,02-450-7873,서울특별시 광진구청,2025-12-23
중곡1동160,1,,서울특별시 광진구 중곡1동 252-1,37.5629353,127.076206,,한전주,02-450-7873,서울특별시 광진구청,2025-12-23
중곡1동161,1,,서울특별시 광진구 중곡동 268-1,37.5625903915,127.0770219492,,한전주,02-450-7873,서울특별시 광진구청,2025-12-23
중곡1동162,1,,서울특별시 광진구 중곡1동 248-29,37.5627078,127.0770691,,한전주,02-450-7873,서울특별시 광진구청,2025-12-23
중곡1동163,1,,서울특별시 광진구 중곡동 268-1,37.5625903915,127.0770219492,,전용주,02-450-7873,서울특별시 광진구청,2025-12-23
중곡1동164,1,,서울특별시 광진구 중곡동 269-1,37.5632158179,127.0774277939,,한전주,02-450-7873,서울특별시 광진구청,2025-12-23
중곡1동165,1,,서울특별시 광진구 중곡1동 248-43,37.5630955,127.0770983,,전용주,02-450-7873,서울특별시 광진구청,2025-12-23
중곡1동166,1,,서울특별시 광진구 중곡1동 247-50,37.5631249,127.0774035,,,02-450-7873,서울특별시 광진구청,2025-12-23
중곡1동167,1,,서울특별시 광진구 중곡동 247-54,37.5628041002,127.0777663,,한전주,02-450-7873,서울특별시 광진구청,2025-12-23
중곡1동168,1,,서울특별시 광진구 중곡동 247-49,37.5629152974,127.0777874991,,건축물,02-450-7873,서울특별시 광진구청,2025-12-23
중곡1동169,1,,서울특별시 광진구 중곡동 247-27,37.56329517,127.0778004,,,02-450-7873,서울특별시 광진구청,2025-12-23
중곡1동170,1,,서울특별시 광진구 중곡동 275-11,37.5586835155,127.0837452384,,,02-450-7873,서울특별시 광진구청,2025-12-23
중곡1동171,1,,서울특별시 광진구 중곡동 247-18,37.56349517,127.0778586,,건축물,02-450-7873,서울특별시 광진구청,2025-12-23
중곡1동172,1,,서울특별시 광진구 중곡동 247-12,37.56349065,127.0779923,,건축물,02-450-7873,서울특별시 광진구청,2025-12-23
중곡1동173,1,,서울특별시 광진구 중곡동 246-15,37.56332252,127.0784138,,건축물,02-450-7873,서울특별시 광진구청,2025-12-23
중곡1동174,1,,서울특별시 광진구 중곡동 247-58,37.56339317,127.0780376,,한전주,02-450-7873,서울특별시 광진구청,2025-12-23
중곡1동175,1,,서울특별시 광진구 중곡동 246-64,37.56319617,127.0783128,,한전주,02-450-7873,서울특별시 광진구청,2025-12-23
중곡1동176,1,,서울특별시 광진구 중곡동 247-35,37.56316259,127.0778729,,건축물,02-450-7873,서울특별시 광진구청,2025-12-23
중곡1동177,1,,서울특별시 광진구 중곡동 247-37,37.56301294,127.0780024,,건축물,02-450-7873,서울특별시 광진구청,2025-12-23
중곡1동178,1,,서울특별시 광진구 중곡동 246-35,37.5627947658,127.0782005039,,한전주,02-450-7873,서울특별시 광진구청,2025-12-23
중곡1동179,1,,서울특별시 광진구 중곡동 246-34,37.5627944127,127.0783828236,,전용주,02-450-7873,서울특별시 광진구청,2025-12-23
중곡1동180,1,,서울특별시 광진구 중곡동 246-40,37.5626915216,127.0783675,,,02-450-7873,서울특별시 광진구청,2025-12-23
중곡1동181,1,,서울특별시 광진구 중곡1동 246-35,37.5628517,127.0781879,,건축물,02-450-7873,서울특별시 광진구청,2025-12-23
중곡1동182,1,,서울특별시 광진구 중곡동 246-46,37.56269917,127.0780464,,한전주,02-450-7873,서울특별시 광진구청,2025-12-23
중곡1동183,1,,서울특별시 광진구 중곡1동 246-53,37.5624705,127.0778417,,한전주,02-450-7873,서울특별시 광진구청,2025-12-23
중곡1동184,1,,서울특별시 광진구 중곡1동 247-42,37.5626763,127.0776467,,건축물,02-450-7873,서울특별시 광진구청,2025-12-23
중곡1동185,1,,서울특별시 광진구 중곡1동 254-36,37.5624772,127.077536,,,02-450-7873,서울특별시 광진구청,2025-12-23
중곡1동186,1,,서울특별시 광진구 중곡1동 247-29,37.5626197,127.0773305,,한전주,02-450-7873,서울특별시 광진구청,2025-12-23
중곡1동187,1,,서울특별시 광진구 중곡1동 255-43,37.5623448,127.0778998,,,02-450-7873,서울특별시 광진구청,2025-12-23
중곡1동188,1,,서울특별시 광진구 중곡동 255-39,37.561994,127.0778326,,건축물,02-450-7873,서울특별시 광진구청,2025-12-23
중곡1동189,1,,서울특별시 광진구 중곡동 246-49,37.5624170092,127.0781632,,,02-450-7873,서울특별시 광진구청,2025-12-23
중곡1동190,1,,서울특별시 광진구 중곡1동 246-47,37.5626085,127.0782022,,전용주,02-450-7873,서울특별시 광진구청,2025-12-23
중곡1동191,1,,서울특별시 광진구 중곡1동 255-21,37.5622568,127.0781613,,,02-450-7873,서울특별시 광진구청,2025-12-23
중곡1동192,1,,서울특별시 광진구 중곡1동 255-23,37.5620577,127.0780505,,한전주,02-450-7873,서울특별시 광진구청,2025-12-23
중곡1동193,1,,서울특별시 광진구 중곡동 255-3,37.56150679,127.077923,,한전주,02-450-7873,서울특별시 광진구청,2025-12-23
중곡1동194,1,,서울특별시 광진구 중곡동 255-31,37.5615958,127.0776446,,건축물,02-450-7873,서울특별시 광진구청,2025-12-23
중곡1동195,1,,서울특별시 광진구 중곡1동 255-50,37.5615035,127.0774687,,전용주,02-450-7873,서울특별시 광진구청,2025-12-23
중곡1동196,1,,서울특별시 광진구 중곡1동 246-60,37.5622584,127.0783763,,한전주,02-450-7873,서울특별시 광진구청,2025-12-23
중곡1동197,1,,서울특별시 광진구 중곡동 245-37,37.56230615,127.0786166,,,02-450-7873,서울특별시 광진구청,2025-12-23
중곡1동198,1,,서울특별시 광진구 중곡동 245-8,37.56236698,127.0787345,,한전주,02-450-7873,서울특별시 광진구청,2025-12-23
중곡1동199,1,,서울특별시 광진구 중곡동 245-25,37.56254506,127.078929,,전용주,02-450-7873,서울특별시 광진구청,2025-12-23
중곡1동200,1,,서울특별시 광진구 중곡1동 245-10,37.5629482,127.079013,,,02-450-7873,서울특별시 광진구청,2025-12-23
중곡1동201,1,,서울특별시 광진구 중곡1동 246-41,37.5626747,127.0786089,,한전주,02-450-7873,서울특별시 광진구청,2025-12-23
중곡1동202,1,,서울특별시 광진구 중곡1동 246-21,37.5630005,127.078786,,한전주,02-450-7873,서울특별시 광진구청,2025-12-23
중곡1동203,1,,서울특별시 광진구 중곡1동 246-26,37.563035,127.0785818,,건축물,02-450-7873,서울특별시 광진구청,2025-12-23
중곡1동204,1,,서울특별시 광진구 중곡동 246-22,37.56300323,127.078646,,,02-450-7873,서울특별시 광진구청,2025-12-23
중곡1동205,1,,서울특별시 광진구 중곡동 268-4,37.5623523521,127.0777052319,,한전주,02-450-7873,서울특별시 광진구청,2025-12-23
중곡1동206,1,,서울특별시 광진구 중곡1동 254-14,37.5630766,127.0793057,,,02-450-7873,서울특별시 광진구청,2025-12-23
중곡1동207,1,,서울특별시 광진구 중곡1동 245-11,37.5631643,127.078999,,건축물,02-450-7873,서울특별시 광진구청,2025-12-23
중곡1동208,1,,서울특별시 광진구 중곡동 246-7,37.56337517,127.0788074,,전용주,02-450-7873,서울특별시 광진구청,2025-12-23
중곡1동209,1,,서울특별시 광진구 중곡동 246-14,37.56328416,127.0785416,,건축물,02-450-7873,서울특별시 광진구청,2025-12-23
중곡1동210,1,,서울특별시 광진구 중곡동 245-39,37.5626795,127.0793163,,건축물,02-450-7873,서울특별시 광진구청,2025-12-23
중곡1동212,1,,서울특별시 광진구 중곡동 232-47,37.565453325,127.0795639215,,한전주,02-450-7873,서울특별시 광진구청,2025-12-23
중곡1동213,1,,서울특별시 광진구 중곡동 245-4,37.56254753,127.079285,,한전주,02-450-7873,서울특별시 광진구청,2025-12-23
중곡1동214,1,,서울특별시 광진구 중곡동 245-5,37.56239433,127.0791926,,,02-450-7873,서울특별시 광진구청,2025-12-23
중곡1동215,1,,서울특별시 광진구 중곡동 245-31,37.5622871599,127.0791166,,건축물,02-450-7873,서울특별시 광진구청,2025-12-23
중곡1동216,1,,서울특별시 광진구 중곡동 245-6,37.56202369,127.0788832,,전용주,02-450-7873,서울특별시 광진구청,2025-12-23
중곡1동217,1,,서울특별시 광진구 중곡1동 268-4,37.5620645,127.078922,,전용주,02-450-7873,서울특별시 광진구청,2025-12-23
중곡1동218,1,,서울특별시 광진구 중곡1동 245-47,37.5621351,127.078740,,한전주,02-450-7873,서울특별시 광진구청,2025-12-23
중곡1동219,1,,서울특별시 광진구 중곡동 244-21,37.56207362,127.0795259,,전용주,02-450-7873,서울특별시 광진구청,2025-12-23
중곡1동220,1,,서울특별시 광진구 중곡동 244-9,37.56220338,127.0793669,,한전주,02-450-7873,서울특별시 광진구청,2025-12-23
중곡1동221,1,,서울특별시 광진구 중곡동 244-39,37.56248361,127.0797424,,건축물,02-450-7873,서울특별시 광진구청,2025-12-23
중곡1동222,1,,서울특별시 광진구 중곡동 244-4,37.56283517,127.0797726,,건축물,02-450-7873,서울특별시 광진구청,2025-12-23
중곡1동223,1,,서울특별시 광진구 중곡동 243-1,37.56270599,127.0805205,,한전주,02-450-7873,서울특별시 광진구청,2025-12-23
중곡1동224,1,,서울특별시 광진구 중곡동 244-47,37.56275317,127.0800366,,전용주,02-450-7873,서울특별시 광진구청,2025-12-23
중곡1동227,1,,서울특별시 광진구 중곡동 244-12,37.56264417,127.0799836,,전용주,02-450-7873,서울특별시 광진구청,2025-12-23
중곡1동228,1,,서울특별시 광진구 중곡동 244-18,37.56238847,127.0800055,,한전주,02-450-7873,서울특별시 광진구청,2025-12-23
중곡1동229,1,,서울특별시 광진구 중곡동 244-32,37.56223817,127.0797626,,한전주,02-450-7873,서울특별시 광진구청,2025-12-23
중곡1동230,1,,서울특별시 광진구 중곡동 244-30,37.56204917,127.0796606,,한전주,02-450-7873,서울특별시 광진구청,2025-12-23
중곡1동231,1,,서울특별시 광진구 중곡동 244-45,37.56193117,127.0792306,,,02-450-7873,서울특별시 광진구청,2025-12-23
중곡1동232,1,,서울특별시 광진구 중곡동 244-27,37.56174917,127.0796673,,한전주,02-450-7873,서울특별시 광진구청,2025-12-23
중곡1동233,1,,서울특별시 광진구 중곡동 244-24,37.56207317,127.0798856,,한전주,02-450-7873,서울특별시 광진구청,2025-12-23
중곡1동234,1,,서울특별시 광진구 중곡1동 235-27,37.562200,127.080140,,,02-450-7873,서울특별시 광진구청,2025-12-23
중곡1동235,1,,서울특별시 광진구 중곡동 243-40,37.56229193,127.0803826,,,02-450-7873,서울특별시 광진구청,2025-12-23
중곡1동236,1,,서울특별시 광진구 중곡동 243-10,37.56208817,127.0803594,,한전주,02-450-7873,서울특별시 광진구청,2025-12-23
중곡1동237,1,,서울특별시 광진구 중곡동 243-25,37.56188017,127.0802441,,한전주,02-450-7873,서울특별시 광진구청,2025-12-23
중곡1동238,1,,서울특별시 광진구 중곡동 243-23,37.5615930813,127.0801199571,,한전주,02-450-7873,서울특별시 광진구청,2025-12-23
중곡1동239,1,,서울특별시 광진구 중곡동 243-21,37.5624352177,127.0802476,,한전주,02-450-7873,서울특별시 광진구청,2025-12-23
중곡1동240,1,,서울특별시 광진구 중곡동 243-43,37.56252953,127.0807146,,전용주,02-450-7873,서울특별시 광진구청,2025-12-23
중곡1동241,1,,서울특별시 광진구 중곡동 242-14,37.56230875,127.0808796,,,02-450-7873,서울특별시 광진구청,2025-12-23
중곡1동242,1,,서울특별시 광진구 중곡동 243-18,37.5623130743,127.0806394491,,한전주,02-450-7873,서울특별시 광진구청,2025-12-23
중곡1동244,1,,서울특별시 광진구 중곡동 242-31,37.56203666,127.0808791,,전용주,02-450-7873,서울특별시 광진구청,2025-12-23
중곡1동245,1,,서울특별시 광진구 중곡1동 234-16,37.561860,127.080860,,,02-450-7873,서울특별시 광진구청,2025-12-23
중곡1동246,1,,서울특별시 광진구 중곡동 242-25,37.5614128271,127.0807296,,한전주,02-450-7873,서울특별시 광진구청,2025-12-23
중곡1동247,1,,서울특별시 광진구 중곡동 242-42,37.56207126,127.0807136,,,02-450-7873,서울특별시 광진구청,2025-12-23
중곡1동248,1,,서울특별시 광진구 중곡동 243-5,37.56227417,127.0805066,,,02-450-7873,서울특별시 광진구청,2025-12-23
중곡1동249,1,,서울특별시 광진구 중곡동 242-40,37.56183358,127.0806046,,건축물,02-450-7873,서울특별시 광진구청,2025-12-23
중곡1동250,1,,서울특별시 광진구 중곡동 243-11,37.56188164,127.0804616,,한전주,02-450-7873,서울특별시 광진구청,2025-12-23
중곡1동251,1,,서울특별시 광진구 중곡동 243-22,37.56159317,127.0802896,,한전주,02-450-7873,서울특별시 광진구청,2025-12-23
중곡1동252,1,,서울특별시 광진구 중곡동 243-37,37.5620984838,127.0800386,,건축물,02-450-7873,서울특별시 광진구청,2025-12-23
중곡1동253,1,,서울특별시 광진구 중곡동 242-22,37.56160114,127.0809823,,한전주,02-450-7873,서울특별시 광진구청,2025-12-23
중곡1동254,1,,서울특별시 광진구 중곡동 163-31,37.56150207,127.0811957,,,02-450-7873,서울특별시 광진구청,2025-12-23
중곡1동255,1,,서울특별시 광진구 중곡동 163-20,37.5616921002,127.0813070109,,,02-450-7873,서울특별시 광진구청,2025-12-23
중곡1동256,1,,서울특별시 광진구 중곡동 242-19,37.5619374439,127.0811725896,,한전주,02-450-7873,서울특별시 광진구청,2025-12-23
중곡1동257,1,,서울특별시 광진구 중곡동 242-11,37.56217828,127.081297,,한전주,02-450-7873,서울특별시 광진구청,2025-12-23
중곡1동258,1,,서울특별시 광진구 중곡동 242-11,37.56217828,127.0812616,,,02-450-7873,서울특별시 광진구청,2025-12-23
중곡1동259,1,,서울특별시 광진구 중곡동 163-11,37.5618365528,127.0815352316,,건축물,02-450-7873,서울특별시 광진구청,2025-12-23
중곡1동260,1,,서울특별시 광진구 중곡동 163-6,37.56182179,127.0816412,,건축물,02-450-7873,서울특별시 광진구청,2025-12-23
중곡1동261,1,,서울특별시 광진구 중곡동 163-36,37.5617566463,127.0817346,,건축물,02-450-7873,서울특별시 광진구청,2025-12-23
중곡1동262,1,,서울특별시 광진구 중곡동 163-35,37.56159867,127.0816526,,건축물,02-450-7873,서울특별시 광진구청,2025-12-23
중곡1동263,1,,서울특별시 광진구 중곡동 163-33,37.56147817,127.0814706,,건축물,02-450-7873,서울특별시 광진구청,2025-12-23
중곡1동264,1,,서울특별시 광진구 중곡동 162-1,37.56096905,127.0813018,,한전주,02-450-7873,서울특별시 광진구청,2025-12-23
중곡1동265,1,,서울특별시 광진구 중곡동 162-9,37.56070803,127.0811546,,한전주,02-450-7873,서울특별시 광진구청,2025-12-23
중곡1동266,1,,서울특별시 광진구 중곡동 162-11,37.56046351,127.0810369,,한전주,02-450-7873,서울특별시 광진구청,2025-12-23
중곡1동267,1,,서울특별시 광진구 중곡동 162-14,37.56023671,127.0806692,,전용주,02-450-7873,서울특별시 광진구청,2025-12-23
중곡1동268,1,,서울특별시 광진구 중곡동 162-2,37.5600550638,127.080804975,,한전주,02-450-7873,서울특별시 광진구청,2025-12-23
중곡1동269,1,,서울특별시 광진구 중곡동 162-36,37.5599038234,127.0804870021,,건축물,02-450-7873,서울특별시 광진구청,2025-12-23
중곡1동270,1,,서울특별시 광진구 중곡1동 232-49,37.560310,127.080450,,,02-450-7873,서울특별시 광진구청,2025-12-23
중곡1동271,1,,서울특별시 광진구 중곡동 259-37,37.5605664,127.0802472,,건축물,02-450-7873,서울특별시 광진구청,2025-12-23
중곡1동272,1,,서울특별시 광진구 중곡동 259-41,37.56059117,127.0804766,,한전주,02-450-7873,서울특별시 광진구청,2025-12-23
중곡1동273,1,,서울특별시 광진구 중곡동 259-36,37.56066935,127.0803616,,건축물,02-450-7873,서울특별시 광진구청,2025-12-23
중곡1동274,1,,서울특별시 광진구 중곡동 259-36,37.56066935,127.0803846,,건축물,02-450-7873,서울특별시 광진구청,2025-12-23
중곡1동275,1,,서울특별시 광진구 중곡동 259-34,37.560871,127.080418,,,02-450-7873,서울특별시 광진구청,2025-12-23
중곡1동276,1,,서울특별시 광진구 중곡동 259-43,37.56083314,127.0805838,,한전주,02-450-7873,서울특별시 광진구청,2025-12-23
중곡1동277,1,,서울특별시 광진구 중곡동 259-11,37.5608763,127.0803676,,건축물,02-450-7873,서울특별시 광진구청,2025-12-23
중곡1동278,1,,서울특별시 광진구 중곡동 259-24,37.56128317,127.0806240238,,전용주,02-450-7873,서울특별시 광진구청,2025-12-23
중곡1동279,1,,서울특별시 광진구 중곡동 259-26,37.56128902,127.0804742,,한전주,02-450-7873,서울특별시 광진구청,2025-12-23
중곡1동280,1,,서울특별시 광진구 중곡동 259-1,37.5611781001,127.0807551428,,한전주,02-450-7873,서울특별시 광진구청,2025-12-23
중곡1동281,1,,서울특별시 광진구 중곡동 259-1,37.5611781001,127.0807551428,,한전주,02-450-7873,서울특별시 광진구청,2025-12-23
중곡1동282,1,,서울특별시 광진구 중곡동 258-1,37.56138117,127.0801135,,한전주,02-450-7873,서울특별시 광진구청,2025-12-23
중곡1동283,1,,서울특별시 광진구 중곡동 259-28,37.56122266,127.0802876,,,02-450-7873,서울특별시 광진구청,2025-12-23
중곡1동284,1,,서울특별시 광진구 중곡동 258-13,37.56111287,127.0799646,,한전주,02-450-7873,서울특별시 광진구청,2025-12-23
중곡1동285,1,,서울특별시 광진구 중곡동 259-16,37.56087417,127.0800006,,한전주,02-450-7873,서울특별시 광진구청,2025-12-23
중곡1동286,1,,서울특별시 광진구 중곡동 258-2,37.5605446655,127.0796111043,,한전주,02-450-7873,서울특별시 광진구청,2025-12-23
중곡1동287,1,,서울특별시 광진구 중곡동 259-12,37.560220938,127.0797276,,,02-450-7873,서울특별시 광진구청,2025-12-23
중곡1동288,1,,서울특별시 광진구 중곡동 647-1,37.55971997,127.0802941,,한전주,02-450-7873,서울특별시 광진구청,2025-12-23
중곡1동289,1,,서울특별시 광진구 중곡동 645-7,37.5598692492,127.0800540513,,한전주,02-450-7873,서울특별시 광진구청,2025-12-23
중곡1동290,1,,서울특별시 광진구 중곡동 644-2,37.55999283,127.079840,,한전주,02-450-7873,서울특별시 광진구청,2025-12-23
중곡1동291,1,,서울특별시 광진구 중곡동 258-9,37.56033817,127.0792666,,한전주,02-450-7873,서울특별시 광진구청,2025-12-23
중곡1동292,1,,서울특별시 광진구 중곡동 257-16,37.56042317,127.0789612,,한전주,02-450-7873,서울특별시 광진구청,2025-12-23
중곡1동293,1,,서울특별시 광진구 중곡동 258-10,37.56046666,127.0791306,,건축물,02-450-7873,서울특별시 광진구청,2025-12-23
중곡1동294,1,,서울특별시 광진구 중곡동 258-31,37.56068578,127.0793146,,한전주,02-450-7873,서울특별시 광진구청,2025-12-23
중곡1동295,1,,서울특별시 광진구 중곡동 257-3,37.56086517,127.0789723,,건축물,02-450-7873,서울특별시 광진구청,2025-12-23
중곡1동296,1,,서울특별시 광진구 중곡동 257-2,37.56098817,127.0791603,,한전주,02-450-7873,서울특별시 광진구청,2025-12-23
중곡1동298,1,,서울특별시 광진구 중곡동 257-19,37.56135417,127.0794381,,한전주,02-450-7873,서울특별시 광진구청,2025-12-23
중곡1동299,1,,서울특별시 광진구 중곡동 257-26,37.56157917,127.0793487886,,건축물,02-450-7873,서울특별시 광진구청,2025-12-23
중곡1동300,1,,서울특별시 광진구 중곡동 257-27,37.5616509422,127.0794281331,,한전주,02-450-7873,서울특별시 광진구청,2025-12-23
중곡1동301,1,,서울특별시 광진구 중곡동 257-19,37.56131117,127.0794636,,한전주,02-450-7873,서울특별시 광진구청,2025-12-23
중곡1동302,1,,서울특별시 광진구 중곡동 258-23,37.561381,127.0796954,,전용주,02-450-7873,서울특별시 광진구청,2025-12-23
중곡1동303,1,,서울특별시 광진구 중곡동 257-1,37.5615967806,127.0795794008,,한전주,02-450-7873,서울특별시 광진구청,2025-12-23
중곡1동304,1,,서울특별시 광진구 중곡동 258-21,37.56146806,127.0799846,,건축물,02-450-7873,서울특별시 광진구청,2025-12-23
중곡1동305,1,,서울특별시 광진구 중곡동 258-19,37.56126017,127.0797995,,건축물,02-450-7873,서울특별시 광진구청,2025-12-23
중곡1동306,1,,서울특별시 광진구 중곡동 258-13,37.56114817,127.0799646,,,02-450-7873,서울특별시 광진구청,2025-12-23
중곡1동307,1,,서울특별시 광진구 중곡동 258-17,37.56090817,127.0796576,,전용주,02-450-7873,서울특별시 광진구청,2025-12-23
중곡1동309,1,,서울특별시 광진구 중곡동 257-6,37.56142015,127.0789466,,한전주,02-450-7873,서울특별시 광진구청,2025-12-23
중곡1동310,1,,서울특별시 광진구 중곡동 257-38,37.5612604323,127.0790236,,건축물,02-450-7873,서울특별시 광진구청,2025-12-23
중곡1동311,1,,서울특별시 광진구 중곡동 257-43,37.5610705662,127.0789076,,,02-450-7873,서울특별시 광진구청,2025-12-23
중곡1동312,1,,서울특별시 광진구 중곡동 257-42,37.5611178081,127.0787336,,한전주,02-450-7873,서울특별시 광진구청,2025-12-23
중곡1동313,1,,서울특별시 광진구 중곡동 256-40,37.5611015515,127.078156972,,,02-450-7873,서울특별시 광진구청,2025-12-23
중곡1동314,1,,서울특별시 광진구 중곡1동 256-42,37.5614017,127.078285,,건축물,02-450-7873,서울특별시 광진구청,2025-12-23
중곡1동315,1,,서울특별시 광진구 중곡동 256-39,37.5611773235,127.0782374,,한전주,02-450-7873,서울특별시 광진구청,2025-12-23
중곡1동316,1,,서울특별시 광진구 중곡동 256-38,37.56105168,127.0782273,,건축물,02-450-7873,서울특별시 광진구청,2025-12-23
중곡1동317,1,,서울특별시 광진구 중곡동 256-7,37.56085996,127.0783408,,한전주,02-450-7873,서울특별시 광진구청,2025-12-23
중곡1동318,1,,서울특별시 광진구 중곡동 257-13,37.56055017,127.0786808,,한전주,02-450-7873,서울특별시 광진구청,2025-12-23
중곡1동319,1,,서울특별시 광진구 중곡동 256-47,37.56117132,127.0779386,,건축물,02-450-7873,서울특별시 광진구청,2025-12-23
중곡1동320,1,,서울특별시 광진구 중곡1동 255-4,37.5614531,127.0779334,,한전주,02-450-7873,서울특별시 광진구청,2025-12-23
중곡1동321,1,,서울특별시 광진구 중곡1동 255-48,37.5614153,127.0777075,,,02-450-7873,서울특별시 광진구청,2025-12-23
중곡1동322,1,,서울특별시 광진구 중곡1동 256-21,37.5616528,127.0781234,,한전주,02-450-7873,서울특별시 광진구청,2025-12-23
중곡1동323,1,,서울특별시 광진구 중곡동 256-15,37.5615037794,127.078352218,,한전주,02-450-7873,서울특별시 광진구청,2025-12-23
중곡1동324,1,,서울특별시 광진구 중곡동 256-17,37.56153844,127.078430,,한전주,02-450-7873,서울특별시 광진구청,2025-12-23
중곡1동325,1,,서울특별시 광진구 중곡동 255-18,37.5618802,127.0780812,,한전주,02-450-7873,서울특별시 광진구청,2025-12-23
중곡1동326,1,,서울특별시 광진구 중곡1동 256-20,37.5618519,127.0782341,,한전주,02-450-7873,서울특별시 광진구청,2025-12-23
중곡1동327,1,,서울특별시 광진구 중곡1동 256-21,37.5617725,127.0784502,,한전주,02-450-7873,서울특별시 광진구청,2025-12-23
중곡1동328,1,,서울특별시 광진구 중곡동 256-29,37.56190087,127.0783593,,전용주,02-450-7873,서울특별시 광진구청,2025-12-23
중곡1동329,1,,서울특별시 광진구 중곡1동 255-43,37.5623618,127.0777638,,한전주,02-450-7873,서울특별시 광진구청,2025-12-23
중곡1동330,1,,서울특별시 광진구 중곡1동 254-35,37.5622888,127.0776515,,,02-450-7873,서울특별시 광진구청,2025-12-23
중곡1동331,1,,서울특별시 광진구 중곡1동 255-15,37.562027,127.0775868,,한전주,02-450-7873,서울특별시 광진구청,2025-12-23
중곡1동332,1,,서울특별시 광진구 중곡1동 255-35,37.5617917,127.0774539,,한전주,02-450-7873,서울특별시 광진구청,2025-12-23
중곡1동333,1,,서울특별시 광진구 중곡1동 254-6,37.5614925,127.0772199,,한전주,02-450-7873,서울특별시 광진구청,2025-12-23
중곡1동334,1,,서울특별시 광진구 중곡1동 254-32,37.561590,127.0770036,,건축물,02-450-7873,서울특별시 광진구청,2025-12-23
중곡1동335,1,,서울특별시 광진구 중곡동 254-51,37.5616610221,127.0771809,,,02-450-7873,서울특별시 광진구청,2025-12-23
중곡1동336,1,,서울특별시 광진구 중곡1동 254-49,37.5618799,127.0772038,,한전주,02-450-7873,서울특별시 광진구청,2025-12-23
중곡1동337,1,,서울특별시 광진구 중곡1동 254-31,37.5621424,127.077359,,한전주,02-450-7873,서울특별시 광진구청,2025-12-23
중곡1동338,1,,서울특별시 광진구 중곡1동 254-16,37.5623394,127.0771981,,한전주,02-450-7873,서울특별시 광진구청,2025-12-23
중곡1동339,1,,서울특별시 광진구 중곡1동 254-40,37.5620589,127.0770544,,한전주,02-450-7873,서울특별시 광진구청,2025-12-23
중곡1동340,1,,서울특별시 광진구 중곡1동 254-56,37.5619137,127.0769204,,,02-450-7873,서울특별시 광진구청,2025-12-23
중곡1동341,1,,서울특별시 광진구 중곡1동 254-12,37.5616696,127.0768102,,,02-450-7873,서울특별시 광진구청,2025-12-23
중곡1동342,1,,서울특별시 광진구 중곡동 254-22,37.56234188,127.0770419,,한전주,02-450-7873,서울특별시 광진구청,2025-12-23
중곡1동343,1,,서울특별시 광진구 중곡1동 254-21,37.5623013,127.0769382,,한전주,02-450-7873,서울특별시 광진구청,2025-12-23
중곡1동344,1,,서울특별시 광진구 중곡동 253-22,37.5622434772,127.0767162283,,전용주,02-450-7873,서울특별시 광진구청,2025-12-23
중곡1동345,1,,서울특별시 광진구 중곡1동 253-26,37.5623174,127.076689,,건축물,02-450-7873,서울특별시 광진구청,2025-12-23
중곡1동346,1,,서울특별시 광진구 중곡1동 254-46,37.5621654,127.0768494,,전용주,02-450-7873,서울특별시 광진구청,2025-12-23
중곡1동347,1,,서울특별시 광진구 중곡1동 253-42,37.5621086,127.0764879,,전용주,02-450-7873,서울특별시 광진구청,2025-12-23
중곡1동348,1,,서울특별시 광진구 중곡1동 254-59,37.5618398,127.0766836,,한전주,02-450-7873,서울특별시 광진구청,2025-12-23
중곡1동349,1,,서울특별시 광진구 중곡1동 254-12,37.5617311,127.076617,,한전주,02-450-7873,서울특별시 광진구청,2025-12-23
중곡1동351,1,,서울특별시 광진구 중곡1동 253-1,37.5628027,127.0765359,,한전주,02-450-7873,서울특별시 광진구청,2025-12-23
중곡1동352,1,,서울특별시 광진구 중곡동 253-4,37.5624377399,127.0764363,,한전주,02-450-7873,서울특별시 광진구청,2025-12-23
중곡1동353,1,,서울특별시 광진구 중곡1동 252-30,37.5625833,127.0761311,,,02-450-7873,서울특별시 광진구청,2025-12-23
중곡1동354,1,,서울특별시 광진구 중곡동 253-19,37.56233923,127.0763596,,한전주,02-450-7873,서울특별시 광진구청,2025-12-23
중곡1동355,1,,서울특별시 광진구 중곡1동 253-6,37.562314,127.0762589,,한전주,02-450-7873,서울특별시 광진구청,2025-12-23
중곡1동356,1,,서울특별시 광진구 중곡동 252-18,37.5621894366,127.0760103,,전용주,02-450-7873,서울특별시 광진구청,2025-12-23
중곡1동357,1,,서울특별시 광진구 중곡동 252-17,37.5621824,127.0759244,,,02-450-7873,서울특별시 광진구청,2025-12-23
중곡1동358,1,,서울특별시 광진구 중곡1동 252-19,37.5621413,127.0760687,,전용주,02-450-7873,서울특별시 광진구청,2025-12-23
중곡1동359,1,,서울특별시 광진구 중곡1동 253-12,37.5619443,127.0762296,,건축물,02-450-7873,서울특별시 광진구청,2025-12-23
중곡1동360,1,,서울특별시 광진구 중곡1동 253-13,37.5618358,127.0761743,,건축물,02-450-7873,서울특별시 광진구청,2025-12-23
중곡1동361,1,,서울특별시 광진구 중곡1동 253-18,37.5616997,127.0760515,,한전주,02-450-7873,서울특별시 광진구청,2025-12-23
중곡1동362,1,,서울특별시 광진구 중곡1동 252-21,37.5619784,127.0759688,,한전주,02-450-7873,서울특별시 광진구청,2025-12-23
중곡1동363,1,,서울특별시 광진구 중곡1동 252-24,37.5618585,127.0756194,,한전주,02-450-7873,서울특별시 광진구청,2025-12-23
중곡1동364,1,,서울특별시 광진구 중곡동 614-19,37.56154423,127.075449,,건축물,02-450-7873,서울특별시 광진구청,2025-12-23
중곡1동365,1,,서울특별시 광진구 중곡1동 614-16,37.5615802,127.0757473,,건축물,02-450-7873,서울특별시 광진구청,2025-12-23
중곡1동366,1,,서울특별시 광진구 중곡1동 614-15,37.5614716,127.0756921,,건축물,02-450-7873,서울특별시 광진구청,2025-12-23
중곡1동367,1,,서울특별시 광진구 중곡1동 614-11,37.5612815,127.0755812,,한전주,02-450-7873,서울특별시 광진구청,2025-12-23
중곡1동368,1,,서울특별시 광진구 중곡동 615-5,37.5613712,127.0760124,,전용주,02-450-7873,서울특별시 광진구청,2025-12-23
중곡1동369,1,,서울특별시 광진구 중곡1동 614-10,37.5611618,127.0752545,,한전주,02-450-7873,서울특별시 광진구청,2025-12-23
중곡1동370,1,,서울특별시 광진구 중곡1동 614-7,37.5610823,127.0754592,,한전주,02-450-7873,서울특별시 광진구청,2025-12-23
중곡1동371,1,,서울특별시 광진구 중곡동 654,37.5603302529,127.0765552057,,건축물,02-450-7873,서울특별시 광진구청,2025-12-23
중곡1동372,1,,서울특별시 광진구 중곡동 614-5,37.5609702,127.0751051,,전용주,02-450-7873,서울특별시 광진구청,2025-12-23
중곡1동373,1,,서울특별시 광진구 중곡동 613-21,37.56071842,127.0751407,,건축물,02-450-7873,서울특별시 광진구청,2025-12-23
중곡1동374,1,,서울특별시 광진구 중곡1동 613-21,37.5607754,127.0753837,,한전주,02-450-7873,서울특별시 광진구청,2025-12-23
중곡1동375,1,,서울특별시 광진구 중곡동 625-1,37.56063113,127.0754634,,한전주,02-450-7873,서울특별시 광진구청,2025-12-23
중곡1동376,1,,서울특별시 광진구 중곡1동 625-18,37.5607409,127.0755879,,한전주,02-450-7873,서울특별시 광진구청,2025-12-23
중곡1동377,1,,서울특별시 광진구 중곡동 625-15,37.56045855,127.0755994,,전용주,02-450-7873,서울특별시 광진구청,2025-12-23
중곡1동378,1,,서울특별시 광진구 중곡동 625-8,37.56019835,127.0755983,,건축물,02-450-7873,서울특별시 광진구청,2025-12-23
중곡1동379,1,,서울특별시 광진구 중곡동 625-12,37.5604553865,127.0759025237,,,02-450-7873,서울특별시 광진구청,2025-12-23
중곡1동380,1,,서울특별시 광진구 중곡1동 626-1,37.5605734,127.076054,,한전주,02-450-7873,서울특별시 광진구청,2025-12-23
중곡1동381,1,,서울특별시 광진구 중곡1동 624-11,37.5606738,127.0762226,,전용주,02-450-7873,서울특별시 광진구청,2025-12-23
중곡1동382,1,,서울특별시 광진구 중곡동 625-20,37.5602859034,127.0758625,,건축물,02-450-7873,서울특별시 광진구청,2025-12-23
중곡1동383,1,,서울특별시 광진구 중곡1동 654,37.5602017,127.0757643,,전용주,02-450-7873,서울특별시 광진구청,2025-12-23
중곡1동384,1,,서울특별시 광진구 중곡1동 626-18,37.5604501,127.0764178,,한전주,02-450-7873,서울특별시 광진구청,2025-12-23
중곡1동385,1,,서울특별시 광진구 중곡1동 624-19,37.5604426,127.0766103,,한전주,02-450-7873,서울특별시 광진구청,2025-12-23
중곡1동386,1,,서울특별시 광진구 중곡동 654,37.5603252,127.0765552057,,한전주,02-450-7873,서울특별시 광진구청,2025-12-23
중곡1동387,1,,서울특별시 광진구 중곡1동 624-20,37.5602309,127.0772014,,한전주,02-450-7873,서울특별시 광진구청,2025-12-23
중곡1동388,1,,서울특별시 광진구 중곡동 626-12,37.55998215,127.0770688,,,02-450-7873,서울특별시 광진구청,2025-12-23
중곡1동389,1,,서울특별시 광진구 중곡1동 628-2,37.5599527,127.0773407,,건축물,02-450-7873,서울특별시 광진구청,2025-12-23
중곡1동390,1,,서울특별시 광진구 중곡1동 627-2,37.5598263,127.0773083,,건축물,02-450-7873,서울특별시 광진구청,2025-12-23
중곡1동391,1,,서울특별시 광진구 중곡1동 627-3,37.559654,127.0771633,,한전주,02-450-7873,서울특별시 광진구청,2025-12-23
중곡1동392,1,,서울특별시 광진구 중곡동 654,37.5603302529,127.0765552057,,건축물,02-450-7873,서울특별시 광진구청,2025-12-23
중곡1동393,1,,서울특별시 광진구 중곡동 628-12,37.5597077929,127.0774846977,,건축물,02-450-7873,서울특별시 광진구청,2025-12-23
중곡1동394,1,,서울특별시 광진구 중곡1동 622-5,37.5600203,127.0779171,,한전주,02-450-7873,서울특별시 광진구청,2025-12-23
중곡1동395,1,,서울특별시 광진구 중곡동 623-9,37.5600632,127.0773764978,,전용주,02-450-7873,서울특별시 광진구청,2025-12-23
중곡1동396,1,,서울특별시 광진구 중곡1동 623-5,37.5601347,127.0775761,,한전주,02-450-7873,서울특별시 광진구청,2025-12-23
중곡1동398,1,,서울특별시 광진구 중곡1동 623-8,37.5604789,127.0777983,,전용주,02-450-7873,서울특별시 광진구청,2025-12-23
중곡1동399,1,,서울특별시 광진구 중곡1동 621-4,37.5604185,127.0781386,,한전주,02-450-7873,서울특별시 광진구청,2025-12-23
중곡1동400,1,,서울특별시 광진구 중곡동 620-16,37.5605397408,127.0780532106,,전용주,02-450-7873,서울특별시 광진구청,2025-12-23
중곡1동401,1,,서울특별시 광진구 중곡동 620-9,37.56054973,127.0779614,,한전주,02-450-7873,서울특별시 광진구청,2025-12-23
중곡1동402,1,,서울특별시 광진구 중곡동 620-11,37.5607915629,127.0780906615,,건축물,02-450-7873,서울특별시 광진구청,2025-12-23
중곡1동403,1,,서울특별시 광진구 중곡동 664,37.5601409993,127.0780897875,,한전주,02-450-7873,서울특별시 광진구청,2025-12-23
중곡1동404,1,,서울특별시 광진구 중곡1동 621-1,37.5608527,127.0783596,,한전주,02-450-7873,서울특별시 광진구청,2025-12-23
중곡1동405,1,,서울특별시 광진구 중곡동 620-12,37.56083542,127.0779805,,한전주,02-450-7873,서울특별시 광진구청,2025-12-23
중곡1동406,1,,서울특별시 광진구 중곡동 620-2,37.56073248,127.077789,,,02-450-7873,서울특별시 광진구청,2025-12-23
중곡1동407,1,,서울특별시 광진구 중곡1동 619-8,37.5610548,127.0777006,,한전주,02-450-7873,서울특별시 광진구청,2025-12-23
중곡1동408,1,,서울특별시 광진구 중곡동 620-4,37.5606325416,127.0776565,,전용주,02-450-7873,서울특별시 광진구청,2025-12-23
중곡1동409,1,,서울특별시 광진구 중곡1동 619-5,37.5606566,127.0774792,,한전주,02-450-7873,서울특별시 광진구청,2025-12-23
중곡1동410,1,,서울특별시 광진구 중곡동 623-8,37.56036494,127.0776559,,전용주,02-450-7873,서울특별시 광진구청,2025-12-23
중곡1동411,1,,서울특별시 광진구 중곡1동 624-21,37.5604304,127.0773575,,한전주,02-450-7873,서울특별시 광진구청,2025-12-23
중곡1동412,1,,서울특별시 광진구 중곡1동 624-23,37.5606553,127.0773094,,전용주,02-450-7873,서울특별시 광진구청,2025-12-23
중곡1동413,1,,서울특별시 광진구 중곡동 619-3,37.5607778,127.0773438,,건축물,02-450-7873,서울특별시 광진구청,2025-12-23
중곡1동414,1,,서울특별시 광진구 중곡1동 618-8,37.5610613,127.0773836,,,02-450-7873,서울특별시 광진구청,2025-12-23
중곡1동415,1,,서울특별시 광진구 중곡1동 255-52,37.5612151,127.077461,,전용주,02-450-7873,서울특별시 광진구청,2025-12-23
중곡1동416,1,,서울특별시 광진구 중곡동 618-1,37.56101082,127.077236,,한전주,02-450-7873,서울특별시 광진구청,2025-12-23
중곡1동417,1,,서울특별시 광진구 중곡동 616-8,37.56123164,127.0768137,,한전주,02-450-7873,서울특별시 광진구청,2025-12-23
중곡1동418,1,,서울특별시 광진구 중곡동 616-9,37.5610084083,127.0767474577,,전용주,02-450-7873,서울특별시 광진구청,2025-12-23
중곡1동419,1,,서울특별시 광진구 중곡동 616-9,37.5610084083,127.0767413,,전용주,02-450-7873,서울특별시 광진구청,2025-12-23
중곡1동420,1,,서울특별시 광진구 중곡동 624-28,37.56069487,127.0767301,,건축물,02-450-7873,서울특별시 광진구청,2025-12-23
중곡1동421,1,,서울특별시 광진구 중곡1동 624-30,37.5607488,127.0765952,,전용주,02-450-7873,서울특별시 광진구청,2025-12-23
중곡1동422,1,,서울특별시 광진구 중곡동 618-1,37.5610647,127.0772065,,전용주,02-450-7873,서울특별시 광진구청,2025-12-23
중곡1동423,1,,서울특별시 광진구 중곡동 617-8,37.5610937368,127.077150,,한전주,02-450-7873,서울특별시 광진구청,2025-12-23
중곡1동424,1,,서울특별시 광진구 중곡1동 617-5,37.5608417,127.0769562,,한전주,02-450-7873,서울특별시 광진구청,2025-12-23
중곡1동425,1,,서울특별시 광진구 중곡1동 624-26,37.5605902,127.0770499,,건축물,02-450-7873,서울특별시 광진구청,2025-12-23
중곡1동426,1,,서울특별시 광진구 중곡동 654,37.5603302529,127.0765444,,한전주,02-450-7873,서울특별시 광진구청,2025-12-23
중곡1동427,1,,서울특별시 광진구 중곡1동 624-32,37.5608371,127.0763677,,전용주,02-450-7873,서울특별시 광진구청,2025-12-23
중곡1동428,1,,서울특별시 광진구 중곡동 615-20,37.561159105,127.0764164,,건축물,02-450-7873,서울특별시 광진구청,2025-12-23
중곡1동429,1,,서울특별시 광진구 중곡1동 615-15,37.5615227,127.0764611,,한전주,02-450-7873,서울특별시 광진구청,2025-12-23
중곡1동430,1,,서울특별시 광진구 중곡1동 615-16,37.5614309,127.0762472,,건축물,02-450-7873,서울특별시 광진구청,2025-12-23
중곡1동431,1,,서울특별시 광진구 중곡동 268-1,37.5625903915,127.0770219492,,전용주,02-450-7873,서울특별시 광진구청,2025-12-23
중곡1동432,1,,서울특별시 광진구 중곡동 624-41,37.56098038,127.075920,,전용주,02-450-7873,서울특별시 광진구청,2025-12-23
중곡1동433,1,,서울특별시 광진구 중곡동 654,37.5603302529,127.0765552057,,한전주,02-450-7873,서울특별시 광진구청,2025-12-23
중곡1동434,1,,서울특별시 광진구 중곡동 624-37,37.56077661,127.0761555,,전용주,02-450-7873,서울특별시 광진구청,2025-12-23
중곡1동435,1,,서울특별시 광진구 중곡동 654,37.5603302529,127.0765552057,,한전주,02-450-7873,서울특별시 광진구청,2025-12-23
중곡1동436,1,,서울특별시 광진구 중곡1동 613-16,37.5604128,127.0751052,,,02-450-7873,서울특별시 광진구청,2025-12-23
중곡1동437,1,,서울특별시 광진구 중곡1동 613-15,37.5603222,127.0750384,,한전주,02-450-7873,서울특별시 광진구청,2025-12-23
중곡1동438,1,,서울특별시 광진구 중곡1동 613-13,37.560348,127.074891,,전용주,02-450-7873,서울특별시 광진구청,2025-12-23
중곡1동439,1,,서울특별시 광진구 중곡1동 613-11,37.5600686,127.0748831,,한전주,02-450-7873,서울특별시 광진구청,2025-12-23
중곡1동440,1,,서울특별시 광진구 중곡1동 613-9,37.5600221,127.0746913,,,02-450-7873,서울특별시 광진구청,2025-12-23
중곡1동441,1,,서울특별시 광진구 중곡1동 613-8,37.5601019,127.0745205,,건축물,02-450-7873,서울특별시 광진구청,2025-12-23
중곡1동442,1,,서울특별시 광진구 중곡동 612-1,37.55991802,127.0743566,,한전주,02-450-7873,서울특별시 광진구청,2025-12-23
중곡1동443,1,,서울특별시 광진구 중곡동 633-1,37.5600764953,127.0753593,,건축물,02-450-7873,서울특별시 광진구청,2025-12-23
중곡1동444,1,,서울특별시 광진구 중곡1동 633-3,37.5601257,127.0752579,,건축물,02-450-7873,서울특별시 광진구청,2025-12-23
중곡1동445,1,,서울특별시 광진구 중곡동 654,37.5603302529,127.0765552057,,건축물,02-450-7873,서울특별시 광진구청,2025-12-23
중곡1동446,1,,서울특별시 광진구 중곡동 633-10,37.56006818,127.0755499,,한전주,02-450-7873,서울특별시 광진구청,2025-12-23
중곡1동447,1,,서울특별시 광진구 중곡1동 632-3,37.559903,127.0755869,,전용주,02-450-7873,서울특별시 광진구청,2025-12-23
중곡1동448,1,,서울특별시 광진구 중곡1동 633-6,37.5597575,127.0754189,,한전주,02-450-7873,서울특별시 광진구청,2025-12-23
중곡1동449,1,,서울특별시 광진구 중곡1동 633-6,37.5598013,127.0752599,,전용주,02-450-7873,서울특별시 광진구청,2025-12-23
중곡1동450,1,,서울특별시 광진구 중곡1동 654,37.5598899,127.0750664,,,02-450-7873,서울특별시 광진구청,2025-12-23
중곡1동451,1,,서울특별시 광진구 중곡1동 635-1,37.5598083,127.0749995,,건축물,02-450-7873,서울특별시 광진구청,2025-12-23
중곡1동452,1,,서울특별시 광진구 중곡1동 636-1,37.5595814,127.0747986,,건축물,02-450-7873,서울특별시 광진구청,2025-12-23
중곡1동453,1,,서울특별시 광진구 중곡동 632-15,37.5598684078,127.0760104679,,,02-450-7873,서울특별시 광진구청,2025-12-23
중곡1동454,1,,서울특별시 광진구 중곡1동 626-6,37.5600249,127.0762079,,한전주,02-450-7873,서울특별시 광진구청,2025-12-23
중곡1동455,1,,서울특별시 광진구 중곡1동 631-1,37.5598457,127.0763347,,건축물,02-450-7873,서울특별시 광진구청,2025-12-23
중곡1동456,1,,서울특별시 광진구 중곡1동 632-11,37.5597093,127.0761779,,한전주,02-450-7873,서울특별시 광진구청,2025-12-23
중곡1동457,1,,서울특별시 광진구 중곡1동 632-10,37.5595101,127.0760445,,한전주,02-450-7873,서울특별시 광진구청,2025-12-23
중곡1동458,1,,서울특별시 광진구 중곡동 654,37.5603302529,127.0765552057,,,02-450-7873,서울특별시 광진구청,2025-12-23
중곡1동459,1,,서울특별시 광진구 중곡동 636-10,37.55930013,127.0757901,,전용주,02-450-7873,서울특별시 광진구청,2025-12-23
중곡1동460,1,,서울특별시 광진구 중곡동 654,37.5603302529,127.0765552057,,한전주,02-450-7873,서울특별시 광진구청,2025-12-23
중곡1동461,1,,서울특별시 광진구 중곡동 654,37.5603302529,127.0765552057,,건축물,02-450-7873,서울특별시 광진구청,2025-12-23
중곡1동462,1,,서울특별시 광진구 중곡1동 636-8,37.5592118,127.0759237,,,02-450-7873,서울특별시 광진구청,2025-12-23
중곡1동463,1,,서울특별시 광진구 중곡동 654,37.5603302529,127.0765552057,,한전주,02-450-7873,서울특별시 광진구청,2025-12-23
중곡1동464,1,,서울특별시 광진구 중곡동 637-10,37.5589901,127.0765010088,,,02-450-7873,서울특별시 광진구청,2025-12-23
중곡1동465,1,,서울특별시 광진구 중곡1동 638-8,37.5588578,127.0767543,,전용주,02-450-7873,서울특별시 광진구청,2025-12-23
중곡1동466,1,,서울특별시 광진구 중곡1동 630-5,37.5591476,127.0769318,,전용주,02-450-7873,서울특별시 광진구청,2025-12-23
중곡1동467,1,,서울특별시 광진구 중곡1동 631-7,37.5592448,127.0766929,,전용주,02-450-7873,서울특별시 광진구청,2025-12-23
중곡1동468,1,,서울특별시 광진구 중곡동 630-4,37.55916116,127.0767968,,,02-450-7873,서울특별시 광진구청,2025-12-23
중곡1동469,1,,서울특별시 광진구 중곡1동 631-17,37.559847,127.0765044,,한전주,02-450-7873,서울특별시 광진구청,2025-12-23
중곡1동470,1,,서울특별시 광진구 중곡동 631-17,37.55967554,127.0765461,,건축물,02-450-7873,서울특별시 광진구청,2025-12-23
중곡1동472,1,,서울특별시 광진구 중곡동 654,37.5603302529,127.0765552057,,한전주,02-450-7873,서울특별시 광진구청,2025-12-23
중곡1동473,1,,서울특별시 광진구 중곡동 631-11,37.55958917,127.0768667,,건축물,02-450-7873,서울특별시 광진구청,2025-12-23
중곡1동474,1,,서울특별시 광진구 중곡동 626-11,37.55966168,127.0768997,,한전주,02-450-7873,서울특별시 광진구청,2025-12-23
중곡1동475,1,,서울특별시 광진구 중곡동 630-7,37.55932904,127.0770241,,건축물,02-450-7873,서울특별시 광진구청,2025-12-23
중곡1동476,1,,서울특별시 광진구 중곡1동 642-13,37.559273,127.077560,,,02-450-7873,서울특별시 광진구청,2025-12-23
중곡1동477,1,,서울특별시 광진구 중곡1동 642-3,37.559185,127.077780,,,02-450-7873,서울특별시 광진구청,2025-12-23
중곡1동478,1,,서울특별시 광진구 중곡동 640-8,37.55899509,127.0779111,,,02-450-7873,서울특별시 광진구청,2025-12-23
중곡1동480,1,,서울특별시 광진구 중곡동 639-22,37.55860048,127.0777166,,전용주,02-450-7873,서울특별시 광진구청,2025-12-23
중곡1동481,1,,서울특별시 광진구 중곡동 639-21,37.55849718,127.0776763,,건축물,02-450-7873,서울특별시 광진구청,2025-12-23
중곡1동483,1,,서울특별시 광진구 중곡동 642-4,37.5586620892,127.0781781894,,전용주,02-450-7873,서울특별시 광진구청,2025-12-23
중곡1동484,1,,서울특별시 광진구 중곡동 642-2,37.55882077,127.0782256,,한전주,02-450-7873,서울특별시 광진구청,2025-12-23
중곡1동485,1,,서울특별시 광진구 중곡동 643-9,37.55919917,127.0784075,,전용주,02-450-7873,서울특별시 광진구청,2025-12-23
중곡1동486,1,,서울특별시 광진구 중곡동 643-11,37.5590535135,127.0786738687,,한전주,02-450-7873,서울특별시 광진구청,2025-12-23
중곡1동487,1,,서울특별시 광진구 중곡1동 642-7,37.559150,127.078835,,,02-450-7873,서울특별시 광진구청,2025-12-23
중곡1동488,1,,서울특별시 광진구 중곡동 646-9,37.55905789,127.0791397,,한전주,02-450-7873,서울특별시 광진구청,2025-12-23
중곡1동489,1,,서울특별시 광진구 중곡동 646-5,37.5593824,127.0793112,,한전주,02-450-7873,서울특별시 광진구청,2025-12-23
중곡1동490,1,,서울특별시 광진구 중곡1동 649-1,37.559704,127.079270,,,02-450-7873,서울특별시 광진구청,2025-12-23
중곡1동491,1,,서울특별시 광진구 중곡동 643-1,37.5601327237,127.0790840375,,한전주,02-450-7873,서울특별시 광진구청,2025-12-23
중곡1동492,1,,서울특별시 광진구 중곡동 643-1,37.56019117,127.0790840375,,한전주,02-450-7873,서울특별시 광진구청,2025-12-23
중곡1동493,1,,서울특별시 광진구 중곡1동 648-7,37.560112,127.079650,,,02-450-7873,서울특별시 광진구청,2025-12-23
중곡1동494,1,,서울특별시 광진구 중곡동 645-8,37.55986732,127.0798386,,전용주,02-450-7873,서울특별시 광진구청,2025-12-23
중곡1동495,1,,서울특별시 광진구 중곡동 646-23,37.55958346,127.0799113,,,02-450-7873,서울특별시 광진구청,2025-12-23
중곡1동496,1,,서울특별시 광진구 중곡동 646-27,37.55966374,127.0796466,,한전주,02-450-7873,서울특별시 광진구청,2025-12-23
중곡1동497,1,,서울특별시 광진구 중곡동 646-25,37.55956931,127.0797326,,건축물,02-450-7873,서울특별시 광진구청,2025-12-23
중곡1동498,1,,서울특별시 광진구 중곡동 647-2,37.55954217,127.0801831513,,,02-450-7873,서울특별시 광진구청,2025-12-23
중곡1동499,1,,서울특별시 광진구 중곡동 647-6,37.55922363,127.0799966,,건축물,02-450-7873,서울특별시 광진구청,2025-12-23
중곡1동500,1,,서울특별시 광진구 중곡동 647-6,37.55927417,127.0799256,,한전주,02-450-7873,서울특별시 광진구청,2025-12-23
중곡1동501,1,,서울특별시 광진구 중곡동 275-11,37.5586835155,127.0837452384,,,02-450-7873,서울특별시 광진구청,2025-12-23
중곡1동502,1,,서울특별시 광진구 중곡동 646-16,37.55894921,127.0794236,,전용주,02-450-7873,서울특별시 광진구청,2025-12-23
중곡1동503,1,,서울특별시 광진구 중곡동 647-12,37.55877854,127.0797346,,한전주,02-450-7873,서울특별시 광진구청,2025-12-23
중곡1동504,1,,서울특별시 광진구 중곡동 646-14,37.55876476,127.0794641,,,02-450-7873,서울특별시 광진구청,2025-12-23
중곡1동505,1,,서울특별시 광진구 중곡동 647-13,37.55864948,127.0796538,,한전주,02-450-7873,서울특별시 광진구청,2025-12-23
중곡1동506,1,,서울특별시 광진구 중곡동 648-17,37.55832485,127.0799336,,건축물,02-450-7873,서울특별시 광진구청,2025-12-23
중곡1동507,1,,서울특별시 광진구 중곡동 648-21,37.55852934,127.0794349,,전용주,02-450-7873,서울특별시 광진구청,2025-12-23
중곡1동508,1,,서울특별시 광진구 중곡동 646-14,37.55879417,127.0794641,,,02-450-7873,서울특별시 광진구청,2025-12-23
중곡1동509,1,,서울특별시 광진구 중곡동 646-10,37.55892717,127.0790166,,,02-450-7873,서울특별시 광진구청,2025-12-23
중곡1동510,1,,서울특별시 광진구 중곡동 648-1,37.55870556,127.0789036,,한전주,02-450-7873,서울특별시 광진구청,2025-12-23
중곡1동511,1,,서울특별시 광진구 중곡동 648-2,37.5585891941,127.0788623879,,한전주,02-450-7873,서울특별시 광진구청,2025-12-23
중곡1동512,1,,서울특별시 광진구 중곡1동 231-1,37.558437,127.078810,,,02-450-7873,서울특별시 광진구청,2025-12-23
중곡1동513,1,,서울특별시 광진구 중곡동 649-17,37.5580622165,127.078785,,전용주,02-450-7873,서울특별시 광진구청,2025-12-23
중곡1동514,1,,서울특별시 광진구 중곡동 649-16,37.55807917,127.0788667596,,전용주,02-450-7873,서울특별시 광진구청,2025-12-23
중곡1동515,1,,서울특별시 광진구 중곡동 648-7,37.55845316,127.0791716,,건축물,02-450-7873,서울특별시 광진구청,2025-12-23
중곡1동517,1,,서울특별시 광진구 중곡동 649-1,37.55819525,127.078637,,,02-450-7873,서울특별시 광진구청,2025-12-23
중곡1동519,1,,서울특별시 광진구 중곡동 275-11,37.5586835155,127.0837452384,,,02-450-7873,서울특별시 광진구청,2025-12-23
중곡1동521,1,,서울특별시 광진구 중곡동 639-7,37.5581137529,127.0781624507,,한전주,02-450-7873,서울특별시 광진구청,2025-12-23
중곡1동522,1,,서울특별시 광진구 중곡동 642-5,37.55859917,127.0783706,,전용주,02-450-7873,서울특별시 광진구청,2025-12-23
중곡1동523,1,,서울특별시 광진구 중곡동 642-7,37.5586636283,127.0784686,,전용주,02-450-7873,서울특별시 광진구청,2025-12-23
중곡1동526,1,,서울특별시 광진구 중곡동 253-40,37.56189374,127.0765837,,한전주,02-450-7873,서울특별시 광진구청,2025-12-23
중곡1동528,1,,서울특별시 광진구 중곡동 229ㅡ5,37.5637003,127.0816112,,건축물,02-450-7873,서울특별시 광진구청,2025-12-23
중곡1동529,1,,서울특별시 광진구 중곡동 275-11,37.5586835155,127.0837452384,,,02-450-7873,서울특별시 광진구청,2025-12-23
중곡1동530,1,,서울특별시 광진구 중곡1동 258-21,37.562480,127.079285,,,02-450-7873,서울특별시 광진구청,2025-12-23
중곡1동531,1,,서울특별시 광진구 중곡동 256-30,37.5620724,127.0784219,,건축물,02-450-7873,서울특별시 광진구청,2025-12-23
중곡1동532,1,,서울특별시 광진구 중곡동 615-9,37.5610747,127.0762107,,,02-450-7873,서울특별시 광진구청,2025-12-23
중곡1동533,1,,서울특별시 광진구 중곡동 616-1,37.5612722893,127.0766608,,,02-450-7873,서울특별시 광진구청,2025-12-23
중곡1동534,1,,서울특별시 광진구 중곡동 254-12,37.5614729,127.0766841,,,02-450-7873,서울특별시 광진구청,2025-12-23
중곡1동535,1,,서울특별시 광진구 중곡동 275-11,37.5586835155,127.0837452384,,,02-450-7873,서울특별시 광진구청,2025-12-23
중곡1동536,1,,서울특별시 광진구 중곡동 231ㅡ1,37.5654699,127.0799875,,건축물,02-450-7873,서울특별시 광진구청,2025-12-23
중곡1동539,1,,서울특별시 광진구 중곡1동 265-9,37.563705,127.077644,,,02-450-7873,서울특별시 광진구청,2025-12-23
중곡1동540,1,,서울특별시 광진구 중곡동 263-1,37.5649750714,127.0768872499,,,02-450-7873,서울특별시 광진구청,2025-12-23
중곡1동543,1,,서울특별시 광진구 중곡동 232-44,37.56455505,127.0791093,,전용주,02-450-7873,서울특별시 광진구청,2025-12-23
중곡1동544,1,,서울특별시 광진구 중곡1동 258-14,37.563230,127.077774,,,02-450-7873,서울특별시 광진구청,2025-12-23
중곡1동545,1,,서울특별시 광진구 중곡동 253-30,37.56163787,127.0764388,,전용주,02-450-7873,서울특별시 광진구청,2025-12-23
중곡1동546,1,,서울특별시 광진구 중곡동 253-7,37.5617461,127.076586,,,02-450-7873,서울특별시 광진구청,2025-12-23
중곡1동547,1,,서울특별시 광진구 중곡동 243-16,37.5624967,127.0806784,,,02-450-7873,서울특별시 광진구청,2025-12-23
중곡1동548,1,,서울특별시 광진구 중곡동 275-11,37.5586835155,127.0837452384,,,02-450-7873,서울특별시 광진구청,2025-12-23
중곡1동549,1,,서울특별시 광진구 중곡1동 257-42,37.562637,127.080690,,,02-450-7873,서울특별시 광진구청,2025-12-23
중곡1동550,1,,서울특별시 광진구 중곡1동 264-1,37.562782,127.080700,,,02-450-7873,서울특별시 광진구청,2025-12-23
중곡1동551,1,,서울특별시 광진구 중곡1동 258-10,37.562927,127.080720,,,02-450-7873,서울특별시 광진구청,2025-12-23
중곡1동552,1,,서울특별시 광진구 중곡1동 630-9,37.563070,127.080734,,,02-450-7873,서울특별시 광진구청,2025-12-23
중곡1동553,1,,서울특별시 광진구 중곡1동 264-1,37.563640,127.080795,,,02-450-7873,서울특별시 광진구청,2025-12-23
중곡1동554,1,,서울특별시 광진구 중곡동 230-13,37.56480161,127.0809056,,건축물,02-450-7873,서울특별시 광진구청,2025-12-23
중곡1동555,1,,서울특별시 광진구 중곡동 230-13,37.56480161,127.0809301,,건축물,02-450-7873,서울특별시 광진구청,2025-12-23
중곡1동556,1,,서울특별시 광진구 중곡동 230-12,37.56448656,127.0807575,,건축물,02-450-7873,서울특별시 광진구청,2025-12-23
중곡1동557,1,,서울특별시 광진구 중곡동 275-11,37.5586835155,127.0837452384,,,02-450-7873,서울특별시 광진구청,2025-12-23
중곡1동558,1,,서울특별시 광진구 중곡동 275-11,37.5586835155,127.0837452384,,,02-450-7873,서울특별시 광진구청,2025-12-23
중곡1동561,1,,서울특별시 광진구 중곡동 233-13,37.56541269,127.0787002,,,02-450-7873,서울특별시 광진구청,2025-12-23
중곡1동562,1,,서울특별시 광진구 중곡동 244-19,37.562238,127.0793751,,,02-450-7873,서울특별시 광진구청,2025-12-23
중곡1동563,1,,서울특별시 광진구 중곡동 264-1,37.561848168,127.0790291938,,한전주,02-450-7873,서울특별시 광진구청,2025-12-23
중곡1동564,1,,서울특별시 광진구 중곡동 245-7,37.5621680736,127.0785460772,,한전주,02-450-7873,서울특별시 광진구청,2025-12-23
중곡1동565,1,,서울특별시 광진구 중곡동 253-2,37.56254774,127.0767842,,,02-450-7873,서울특별시 광진구청,2025-12-23
중곡1동566,1,,서울특별시 광진구 중곡동 624-27,37.56059359,127.0770883,,,02-450-7873,서울특별시 광진구청,2025-12-23
중곡1동567,1,,서울특별시 광진구 중곡동 636-13,37.55937133,127.0754496,,한전주,02-450-7873,서울특별시 광진구청,2025-12-23
중곡1동568,1,,서울특별시 광진구 중곡동 253-14,37.5616973,127.0761553,,,02-450-7873,서울특별시 광진구청,2025-12-23
중곡1동569,1,,서울특별시 광진구 중곡동 615-17,37.5614268288,127.0762011788,,,02-450-7873,서울특별시 광진구청,2025-12-23
중곡1동570,1,,서울특별시 광진구 중곡동 254-6,37.5613822,127.0771095,,,02-450-7873,서울특별시 광진구청,2025-12-23
중곡1동571,1,,서울특별시 광진구 중곡동 242-24,37.5613412,127.0808576,,한전주,02-450-7873,서울특별시 광진구청,2025-12-23
중곡1동572,1,,서울특별시 광진구 중곡동 239-17,37.5641831398,127.0786992968,,,02-450-7873,서울특별시 광진구청,2025-12-23
중곡1동573,1,,서울특별시 광진구 중곡동 259-38,37.5604904,127.080179,,건축물,02-450-7873,서울특별시 광진구청,2025-12-23
중곡2동001,1,,서울특별시 광진구 중곡동 56-11,37.56027317,127.0871916,,한전주,02-450-7873,서울특별시 광진구청,2025-12-23
중곡2동002,1,,서울특별시 광진구 중곡동 56-1,37.56041726,127.0872714,,한전주,02-450-7873,서울특별시 광진구청,2025-12-23
중곡2동003,1,,서울특별시 광진구 중곡동 150-122,37.56073282,127.0871033,,한전주,02-450-7873,서울특별시 광진구청,2025-12-23
중곡2동004,1,,서울특별시 광진구 중곡동 150-118,37.56107326,127.0870286,,한전주,02-450-7873,서울특별시 광진구청,2025-12-23
중곡2동005,1,,서울특별시 광진구 중곡동 150-116,37.56129617,127.0871096,,,02-450-7873,서울특별시 광진구청,2025-12-23
중곡2동006,1,,서울특별시 광진구 중곡동 150-113,37.56156924,127.0869236,,전용주,02-450-7873,서울특별시 광진구청,2025-12-23
중곡2동007,1,,서울특별시 광진구 중곡동 150-110,37.56176776,127.0869001,,건축물,02-450-7873,서울특별시 광진구청,2025-12-23
중곡2동008,1,,서울특별시 광진구 중곡동 150-109,37.5618877015,127.0868846,,한전주,02-450-7873,서울특별시 광진구청,2025-12-23
중곡2동009,1,,서울특별시 광진구 중곡동 150-117,37.5612585306,127.0870092207,,건축물,02-450-7873,서울특별시 광진구청,2025-12-23
중곡2동010,1,,서울특별시 광진구 중곡동 150-106,37.56213617,127.0868366,,한전주,02-450-7873,서울특별시 광진구청,2025-12-23
중곡2동011,1,,서울특별시 광진구 중곡동 150-107,37.56216017,127.0869746,,한전주,02-450-7873,서울특별시 광진구청,2025-12-23
중곡2동012,1,,서울특별시 광진구 중곡동 152-4,37.56229622,127.0866248,,한전주,02-450-7873,서울특별시 광진구청,2025-12-23
중곡2동013,1,,서울특별시 광진구 중곡동 35-2,37.56208517,127.0863836,,한전주,02-450-7873,서울특별시 광진구청,2025-12-23
중곡2동014,1,,서울특별시 광진구 중곡동 35-61,37.5622481749,127.0862864492,,전용주,02-450-7873,서울특별시 광진구청,2025-12-23
중곡2동015,1,,서울특별시 광진구 중곡동 24-15,37.56264117,127.0865544,,한전주,02-450-7873,서울특별시 광진구청,2025-12-23
중곡2동016,1,,서울특별시 광진구 중곡동 35-18,37.56276586,127.0862836,,전용주,02-450-7873,서울특별시 광진구청,2025-12-23
중곡2동017,1,,서울특별시 광진구 중곡동 24-31,37.56312517,127.0863446,,한전주,02-450-7873,서울특별시 광진구청,2025-12-23
중곡2동018,1,,서울특별시 광진구 중곡동 24-32,37.56321217,127.0864736,,건축물,02-450-7873,서울특별시 광진구청,2025-12-23
중곡2동019,1,,서울특별시 광진구 중곡동 35-15,37.56314315,127.0861424,,한전주,02-450-7873,서울특별시 광진구청,2025-12-23
중곡2동020,1,,서울특별시 광진구 중곡동 24-34,37.5632819142,127.0864676,,건축물,02-450-7873,서울특별시 광진구청,2025-12-23
중곡2동021,1,,서울특별시 광진구 중곡동 24-2,37.56334791,127.0866286,,,02-450-7873,서울특별시 광진구청,2025-12-23
중곡2동022,1,,서울특별시 광진구 중곡동 35-27,37.56304817,127.0860056,,한전주,02-450-7873,서울특별시 광진구청,2025-12-23
중곡2동023,1,,서울특별시 광진구 중곡동 35-24,37.56261943,127.0860526,,한전주,02-450-7873,서울특별시 광진구청,2025-12-23
중곡2동024,1,,서울특별시 광진구 중곡동 35-23,37.5624928281,127.0861183136,,건축물,02-450-7873,서울특별시 광진구청,2025-12-23
중곡2동025,1,,서울특별시 광진구 중곡동 35-34,37.56233439,127.0859236,,전용주,02-450-7873,서울특별시 광진구청,2025-12-23
중곡2동026,1,,서울특별시 광진구 중곡동 35-37,37.56220366,127.0856714,,,02-450-7873,서울특별시 광진구청,2025-12-23
중곡2동027,1,,서울특별시 광진구 중곡동 35-10,37.56204579,127.0854478,,전용주,02-450-7873,서울특별시 광진구청,2025-12-23
중곡2동028,1,,서울특별시 광진구 중곡동 35-8,37.56196457,127.0858616,,전용주,02-450-7873,서울특별시 광진구청,2025-12-23
중곡2동029,1,,서울특별시 광진구 중곡동 35-7,37.5619663807,127.0859881129,,한전주,02-450-7873,서울특별시 광진구청,2025-12-23
중곡2동030,1,,서울특별시 광진구 중곡동 35-3,37.5620302205,127.0861676949,,,02-450-7873,서울특별시 광진구청,2025-12-23
중곡2동031,1,,서울특별시 광진구 중곡동 35-37,37.56220366,127.0856346,,건축물,02-450-7873,서울특별시 광진구청,2025-12-23
중곡2동032,1,,서울특별시 광진구 중곡동 35-39,37.56247108,127.0857296,,한전주,02-450-7873,서울특별시 광진구청,2025-12-23
중곡2동033,1,,서울특별시 광진구 중곡동 35-31,37.56279117,127.0859111191,,한전주,02-450-7873,서울특별시 광진구청,2025-12-23
중곡2동034,1,,서울특별시 광진구 중곡동 150-145,37.56168256,127.0867402,,전용주,02-450-7873,서울특별시 광진구청,2025-12-23
중곡2동035,1,,서울특별시 광진구 중곡동 150-143,37.56152938,127.0866291,,전용주,02-450-7873,서울특별시 광진구청,2025-12-23
중곡2동036,1,,서울특별시 광진구 중곡동 150-143,37.56152938,127.0866006,,한전주,02-450-7873,서울특별시 광진구청,2025-12-23
중곡2동037,1,,서울특별시 광진구 중곡동 150-138,37.56100826,127.0867269,,한전주,02-450-7873,서울특별시 광진구청,2025-12-23
중곡2동038,1,,서울특별시 광진구 중곡동 150-190,37.56082335,127.0865218,,,02-450-7873,서울특별시 광진구청,2025-12-23
중곡2동039,1,,서울특별시 광진구 중곡동 150-134,37.5606891659,127.0867766,,한전주,02-450-7873,서울특별시 광진구청,2025-12-23
중곡2동040,1,,서울특별시 광진구 중곡동 150-130,37.56035953,127.0868386,,한전주,02-450-7873,서울특별시 광진구청,2025-12-23
중곡2동041,1,,서울특별시 광진구 중곡동 150-194,37.56034517,127.0866286,,전용주,02-450-7873,서울특별시 광진구청,2025-12-23
중곡2동042,1,,서울특별시 광진구 중곡동 150-183,37.56038317,127.0862546,,건축물,02-450-7873,서울특별시 광진구청,2025-12-23
중곡2동043,1,,서울특별시 광진구 중곡동 150-183,37.56032592,127.0862546,,한전주,02-450-7873,서울특별시 광진구청,2025-12-23
중곡2동044,1,,서울특별시 광진구 중곡동 150-181,37.5606616069,127.0861677033,,한전주,02-450-7873,서울특별시 광진구청,2025-12-23
중곡2동045,1,,서울특별시 광진구 중곡동 150-181,37.5606616069,127.0861636,,,02-450-7873,서울특별시 광진구청,2025-12-23
중곡2동046,1,,서울특별시 광진구 중곡동 149-10,37.5610428084,127.0860581296,,한전주,02-450-7873,서울특별시 광진구청,2025-12-23
중곡2동047,1,,서울특별시 광진구 중곡동 149-59,37.56116632,127.0860822,,,02-450-7873,서울특별시 광진구청,2025-12-23
중곡2동048,1,,서울특별시 광진구 중곡동 150-360,37.56153917,127.0862206,,건축물,02-450-7873,서울특별시 광진구청,2025-12-23
중곡2동049,1,,서울특별시 광진구 중곡동 150-154,37.56169894,127.0863106,,한전주,02-450-7873,서울특별시 광진구청,2025-12-23
중곡2동050,1,,서울특별시 광진구 중곡동 149-46,37.56142873,127.0857626,,,02-450-7873,서울특별시 광진구청,2025-12-23
중곡2동051,1,,서울특별시 광진구 중곡동 149-2,37.56126631,127.0861117,,한전주,02-450-7873,서울특별시 광진구청,2025-12-23
중곡2동053,1,,서울특별시 광진구 중곡동 149-10,37.5610428084,127.0860076,,건축물,02-450-7873,서울특별시 광진구청,2025-12-23
중곡2동054,1,,서울특별시 광진구 중곡동 149-12,37.56088125,127.0859437,,한전주,02-450-7873,서울특별시 광진구청,2025-12-23
중곡2동055,1,,서울특별시 광진구 중곡동 149-51,37.56085117,127.0856583442,,,02-450-7873,서울특별시 광진구청,2025-12-23
중곡2동056,1,,서울특별시 광진구 중곡동 149-31,37.56118917,127.0851517796,,건축물,02-450-7873,서울특별시 광진구청,2025-12-23
중곡2동057,1,,서울특별시 광진구 중곡동 150-379,37.56117517,127.0855285,,건축물,02-450-7873,서울특별시 광진구청,2025-12-23
중곡2동058,1,,서울특별시 광진구 중곡동 150-382,37.56100051,127.0853642,,한전주,02-450-7873,서울특별시 광진구청,2025-12-23
중곡2동059,1,,서울특별시 광진구 중곡동 150-171,37.56146717,127.0853956,,,02-450-7873,서울특별시 광진구청,2025-12-23
중곡2동060,1,,서울특별시 광진구 중곡동 275-11,37.5586835155,127.0837452384,,,02-450-7873,서울특별시 광진구청,2025-12-23
중곡2동061,1,,서울특별시 광진구 중곡동 150-171,37.56147817,127.0853366,,건축물,02-450-7873,서울특별시 광진구청,2025-12-23
중곡2동062,1,,서울특별시 광진구 중곡동 37-7,37.5616707571,127.0853765863,,건축물,02-450-7873,서울특별시 광진구청,2025-12-23
중곡2동063,1,,서울특별시 광진구 중곡동 35-63,37.56198017,127.0856316,,한전주,02-450-7873,서울특별시 광진구청,2025-12-23
중곡2동064,1,,서울특별시 광진구 중곡동 37-17,37.56191947,127.0852866,,한전주,02-450-7873,서울특별시 광진구청,2025-12-23
중곡2동065,1,,서울특별시 광진구 중곡동 37-18,37.56188717,127.0851496,,,02-450-7873,서울특별시 광진구청,2025-12-23
중곡2동066,1,,서울특별시 광진구 중곡동 37-20,37.5615974,127.0850308,,한전주,02-450-7873,서울특별시 광진구청,2025-12-23
중곡2동067,1,,서울특별시 광진구 중곡동 37-12,37.56148417,127.085112,,,02-450-7873,서울특별시 광진구청,2025-12-23
중곡2동068,1,,서울특별시 광진구 중곡동 37-10,37.56139417,127.0851088,,건축물,02-450-7873,서울특별시 광진구청,2025-12-23
중곡2동069,1,,서울특별시 광진구 중곡동 37-27,37.56146609,127.0849036,,,02-450-7873,서울특별시 광진구청,2025-12-23
중곡2동070,1,,서울특별시 광진구 중곡동 37-2,37.56139575,127.0847626,,한전주,02-450-7873,서울특별시 광진구청,2025-12-23
중곡2동071,1,,서울특별시 광진구 중곡동 37-25,37.56177664,127.0849536,,한전주,02-450-7873,서울특별시 광진구청,2025-12-23
중곡2동072,1,,서울특별시 광진구 중곡동 38-7,37.56158785,127.0846176,,건축물,02-450-7873,서울특별시 광진구청,2025-12-23
중곡2동073,1,,서울특별시 광진구 중곡동 38-13,37.56176929,127.0845491,,건축물,02-450-7873,서울특별시 광진구청,2025-12-23
중곡2동074,1,,서울특별시 광진구 중곡동 38-15,37.56157835,127.0844526,,,02-450-7873,서울특별시 광진구청,2025-12-23
중곡2동075,1,,서울특별시 광진구 중곡동 38-2,37.56207717,127.0848611,,건축물,02-450-7873,서울특별시 광진구청,2025-12-23
중곡2동076,1,,서울특별시 광진구 중곡동 35-12,37.56210606,127.0852066,,건축물,02-450-7873,서울특별시 광진구청,2025-12-23
중곡2동077,1,,서울특별시 광진구 중곡동 34-6,37.56243817,127.0850962,,한전주,02-450-7873,서울특별시 광진구청,2025-12-23
중곡2동078,1,,서울특별시 광진구 중곡동 35-14,37.56234266,127.0853371,,,02-450-7873,서울특별시 광진구청,2025-12-23
중곡2동079,1,,서울특별시 광진구 중곡동 34-2,37.56256867,127.0851597,,,02-450-7873,서울특별시 광진구청,2025-12-23
중곡2동080,1,,서울특별시 광진구 중곡동 35-53,37.5626314133,127.0854236,,한전주,02-450-7873,서울특별시 광진구청,2025-12-23
중곡2동081,1,,서울특별시 광진구 중곡동 34-14,37.56298717,127.0853694,,,02-450-7873,서울특별시 광진구청,2025-12-23
중곡2동082,1,,서울특별시 광진구 중곡동 35-49,37.56309917,127.0857064,,한전주,02-450-7873,서울특별시 광진구청,2025-12-23
중곡2동083,1,,서울특별시 광진구 중곡동 35-47,37.5632781871,127.0858011673,,한전주,02-450-7873,서울특별시 광진구청,2025-12-23
중곡2동084,1,,서울특별시 광진구 중곡동 34-26,37.5634661,127.0852326,,한전주,02-450-7873,서울특별시 광진구청,2025-12-23
중곡2동085,1,,서울특별시 광진구 중곡동 34-29,37.5631352011,127.085051153,,한전주,02-450-7873,서울특별시 광진구청,2025-12-23
중곡2동086,1,,서울특별시 광진구 중곡동 34-19,37.56289294,127.0851246,,한전주,02-450-7873,서울특별시 광진구청,2025-12-23
중곡2동087,1,,서울특별시 광진구 중곡동 34-31,37.56291986,127.0849309,,전용주,02-450-7873,서울특별시 광진구청,2025-12-23
중곡2동088,1,,서울특별시 광진구 중곡동 33-61,37.56308233,127.084772,,한전주,02-450-7873,서울특별시 광진구청,2025-12-23
중곡2동089,1,,서울특별시 광진구 중곡동 33-53,37.56346717,127.0849533,,한전주,02-450-7873,서울특별시 광진구청,2025-12-23
중곡2동090,1,,서울특별시 광진구 중곡동 33-49,37.56346086,127.0846886,,한전주,02-450-7873,서울특별시 광진구청,2025-12-23
중곡2동091,1,,서울특별시 광진구 중곡동 33-59,37.5631793559,127.0846668268,,전용주,02-450-7873,서울특별시 광진구청,2025-12-23
중곡2동092,1,,서울특별시 광진구 중곡동 32-11,37.56352117,127.0842889249,,한전주,02-450-7873,서울특별시 광진구청,2025-12-23
중곡2동093,1,,서울특별시 광진구 중곡동 33-65,37.56339517,127.0843466,,전용주,02-450-7873,서울특별시 광진구청,2025-12-23
중곡2동095,1,,서울특별시 광진구 중곡동 32-9,37.5637529299,127.0844726,,한전주,02-450-7873,서울특별시 광진구청,2025-12-23
중곡2동096,1,,서울특별시 광진구 중곡동 32-16,37.56310465,127.0840614,,한전주,02-450-7873,서울특별시 광진구청,2025-12-23
중곡2동097,1,,서울특별시 광진구 중곡동 33-20,37.56285078,127.0841246,,한전주,02-450-7873,서울특별시 광진구청,2025-12-23
중곡2동098,1,,서울특별시 광진구 중곡동 33-8,37.56298617,127.0845336,,한전주,02-450-7873,서울특별시 광진구청,2025-12-23
중곡2동099,1,,서울특별시 광진구 중곡동 33-24,37.56269964,127.0845697,,한전주,02-450-7873,서울특별시 광진구청,2025-12-23
중곡2동100,1,,서울특별시 광진구 중곡동 34-37,37.56249978,127.0848487,,전용주,02-450-7873,서울특별시 광진구청,2025-12-23
중곡2동101,1,,서울특별시 광진구 중곡동 33-31,37.56248842,127.0844956,,한전주,02-450-7873,서울특별시 광진구청,2025-12-23
중곡2동102,1,,서울특별시 광진구 중곡동 34-43,37.5623035653,127.0845766,,전용주,02-450-7873,서울특별시 광진구청,2025-12-23
중곡2동103,1,,서울특별시 광진구 중곡동 34-42,37.56227509,127.0846975,,전용주,02-450-7873,서울특별시 광진구청,2025-12-23
중곡2동104,1,,서울특별시 광진구 중곡동 33-33,37.56236956,127.0843857,,한전주,02-450-7873,서울특별시 광진구청,2025-12-23
중곡2동105,1,,서울특별시 광진구 중곡동 38-38,37.5620717,127.0847786,,건축물,02-450-7873,서울특별시 광진구청,2025-12-23
중곡2동106,1,,서울특별시 광진구 중곡동 39-30,37.56225817,127.0843546,,건축물,02-450-7873,서울특별시 광진구청,2025-12-23
중곡2동107,1,,서울특별시 광진구 중곡동 38-29,37.56181821,127.0843526,,전용주,02-450-7873,서울특별시 광진구청,2025-12-23
중곡2동108,1,,서울특별시 광진구 중곡동 38-26,37.56205417,127.0844646,,건축물,02-450-7873,서울특별시 광진구청,2025-12-23
중곡2동109,1,,서울특별시 광진구 중곡동 38-18,37.56153737,127.0843083,,건축물,02-450-7873,서울특별시 광진구청,2025-12-23
중곡2동110,1,,서울특별시 광진구 중곡동 39-35,37.56183025,127.0841706,,한전주,02-450-7873,서울특별시 광진구청,2025-12-23
중곡2동111,1,,서울특별시 광진구 중곡동 39-35,37.56183017,127.0841026,,한전주,02-450-7873,서울특별시 광진구청,2025-12-23
중곡2동112,1,,서울특별시 광진구 중곡동 39-41,37.56188562,127.0837789,,한전주,02-450-7873,서울특별시 광진구청,2025-12-23
중곡2동113,1,,서울특별시 광진구 중곡동 39-38,37.56164017,127.0839447,,한전주,02-450-7873,서울특별시 광진구청,2025-12-23
중곡2동114,1,,서울특별시 광진구 중곡동 39-46,37.56198617,127.0836106,,건축물,02-450-7873,서울특별시 광진구청,2025-12-23
중곡2동115,1,,서울특별시 광진구 중곡동 39-57,37.56218717,127.0835716,,전용주,02-450-7873,서울특별시 광진구청,2025-12-23
중곡2동116,1,,서울특별시 광진구 중곡2동 160-8,37.562250,127.083374,,,02-450-7873,서울특별시 광진구청,2025-12-23
중곡2동117,1,,서울특별시 광진구 중곡2동 159-33,37.562280,127.083260,,,02-450-7873,서울특별시 광진구청,2025-12-23
중곡2동118,1,,서울특별시 광진구 중곡동 39-62,37.56210393,127.0831426,,한전주,02-450-7873,서울특별시 광진구청,2025-12-23
중곡2동119,1,,서울특별시 광진구 중곡동 40-7,37.5622902706,127.0829920604,,건축물,02-450-7873,서울특별시 광진구청,2025-12-23
중곡2동120,1,,서울특별시 광진구 중곡동 39-2,37.56243899,127.0832566,,한전주,02-450-7873,서울특별시 광진구청,2025-12-23
중곡2동121,1,,서울특별시 광진구 중곡동 31-41,37.56276007,127.0832916,,한전주,02-450-7873,서울특별시 광진구청,2025-12-23
중곡2동122,1,,서울특별시 광진구 중곡동 39-1,37.56255716,127.0833696,,,02-450-7873,서울특별시 광진구청,2025-12-23
중곡2동123,1,,서울특별시 광진구 중곡동 40-12,37.5626757849,127.0830233874,,한전주,02-450-7873,서울특별시 광진구청,2025-12-23
중곡2동124,1,,서울특별시 광진구 중곡동 40-3,37.56258163,127.0831593,,전용주,02-450-7873,서울특별시 광진구청,2025-12-23
중곡2동125,1,,서울특별시 광진구 중곡동 40-7,37.5622902706,127.0829716,,건축물,02-450-7873,서울특별시 광진구청,2025-12-23
중곡2동126,1,,서울특별시 광진구 중곡동 31-40,37.56289817,127.0830136,,건축물,02-450-7873,서울특별시 광진구청,2025-12-23
중곡2동127,1,,서울특별시 광진구 중곡동 40-1,37.562700737,127.0827745228,,건축물,02-450-7873,서울특별시 광진구청,2025-12-23
중곡2동128,1,,서울특별시 광진구 중곡동 31-14,37.5634734409,127.083528627,,한전주,02-450-7873,서울특별시 광진구청,2025-12-23
중곡2동129,1,,서울특별시 광진구 중곡동 31-20,37.56319159,127.0831755,,건축물,02-450-7873,서울특별시 광진구청,2025-12-23
중곡2동130,1,,서울특별시 광진구 중곡동 31-19,37.56304817,127.0830997337,,전용주,02-450-7873,서울특별시 광진구청,2025-12-23
중곡2동131,1,,서울특별시 광진구 중곡동 31-2,37.5639328591,127.0837825638,,한전주,02-450-7873,서울특별시 광진구청,2025-12-23
중곡2동132,1,,서울특별시 광진구 중곡동 32-1,37.56381605,127.0840846,,한전주,02-450-7873,서울특별시 광진구청,2025-12-23
중곡2동133,1,,서울특별시 광진구 중곡동 32-1,37.56388717,127.0840006,,한전주,02-450-7873,서울특별시 광진구청,2025-12-23
중곡2동134,1,,서울특별시 광진구 중곡동 31-28,37.56379907,127.0836456,,건축물,02-450-7873,서울특별시 광진구청,2025-12-23
중곡2동135,1,,서울특별시 광진구 중곡동 32-18,37.56346789,127.0838346,,한전주,02-450-7873,서울특별시 광진구청,2025-12-23
중곡2동136,1,,서울특별시 광진구 중곡동 31-33,37.56356163,127.0836878,,,02-450-7873,서울특별시 광진구청,2025-12-23
중곡2동137,1,,서울특별시 광진구 중곡동 609,37.56309597,127.0837046,,한전주,02-450-7873,서울특별시 광진구청,2025-12-23
중곡2동138,1,,서울특별시 광진구 중곡동 609,37.56305717,127.0837177,,한전주,02-450-7873,서울특별시 광진구청,2025-12-23
중곡2동139,1,,서울특별시 광진구 중곡동 31-13,37.5628418379,127.0832800478,,건축물,02-450-7873,서울특별시 광진구청,2025-12-23
중곡2동140,1,,서울특별시 광진구 중곡동 32-26,37.56258335,127.0837626,,한전주,02-450-7873,서울특별시 광진구청,2025-12-23
중곡2동141,1,,서울특별시 광진구 중곡동 33-69,37.56261978,127.084110,,전용주,02-450-7873,서울특별시 광진구청,2025-12-23
중곡2동142,1,,서울특별시 광진구 중곡동 33-20,37.56289317,127.0841358,,전용주,02-450-7873,서울특별시 광진구청,2025-12-23
중곡2동143,1,,서울특별시 광진구 중곡2동 141-12,37.562553,127.083910,,,02-450-7873,서울특별시 광진구청,2025-12-23
중곡2동144,1,,서울특별시 광진구 중곡동 39-44,37.56208856,127.0837386,,전용주,02-450-7873,서울특별시 광진구청,2025-12-23
중곡2동145,1,,서울특별시 광진구 중곡동 39-14,37.562268653,127.0837166,,건축물,02-450-7873,서울특별시 광진구청,2025-12-23
중곡2동146,1,,서울특별시 광진구 중곡동 33-36,37.56256717,127.0839806,,한전주,02-450-7873,서울특별시 광진구청,2025-12-23
중곡2동147,1,,서울특별시 광진구 중곡동 39-21,37.56237017,127.0840695,,,02-450-7873,서울특별시 광진구청,2025-12-23
중곡2동148,1,,서울특별시 광진구 중곡동 39-24,37.56209517,127.0839396,,전용주,02-450-7873,서울특별시 광진구청,2025-12-23
중곡2동149,1,,서울특별시 광진구 중곡동 124-8,37.55877195,127.0875766,,한전주,02-450-7873,서울특별시 광진구청,2025-12-23
중곡2동150,1,,서울특별시 광진구 중곡동 124-4,37.55878678,127.0873179,,한전주,02-450-7873,서울특별시 광진구청,2025-12-23
중곡2동151,1,,서울특별시 광진구 중곡동 125-1,37.55957317,127.0869355,,한전주,02-450-7873,서울특별시 광진구청,2025-12-23
중곡2동152,1,,서울특별시 광진구 중곡동 125-1,37.55956633,127.0869355,,건축물,02-450-7873,서울특별시 광진구청,2025-12-23
중곡2동153,1,,서울특별시 광진구 중곡동 125-1,37.55956633,127.0869355,,한전주,02-450-7873,서울특별시 광진구청,2025-12-23
중곡2동154,1,,서울특별시 광진구 중곡동 55-2,37.55954001,127.0867135,,,02-450-7873,서울특별시 광진구청,2025-12-23
중곡2동155,1,,서울특별시 광진구 중곡2동 138-27,37.559807,127.086400,,,02-450-7873,서울특별시 광진구청,2025-12-23
중곡2동156,1,,서울특별시 광진구 중곡동 150-213,37.55995217,127.0861516,,,02-450-7873,서울특별시 광진구청,2025-12-23
중곡2동157,1,,서울특별시 광진구 중곡동 150-210,37.5599926772,127.0858374654,,한전주,02-450-7873,서울특별시 광진구청,2025-12-23
중곡2동158,1,,서울특별시 광진구 중곡동 150-222,37.5598541866,127.0857236738,,,02-450-7873,서울특별시 광진구청,2025-12-23
중곡2동159,1,,서울특별시 광진구 중곡동 150-208,37.56014717,127.0855686,,한전주,02-450-7873,서울특별시 광진구청,2025-12-23
중곡2동160,1,,서울특별시 광진구 중곡동 150-208,37.56013887,127.0855134,,한전주,02-450-7873,서울특별시 광진구청,2025-12-23
중곡2동161,1,,서울특별시 광진구 중곡동 150-214,37.5598559006,127.0863956,,한전주,02-450-7873,서울특별시 광진구청,2025-12-23
중곡2동162,1,,서울특별시 광진구 중곡동 150-211,37.56011884,127.0859257,,한전주,02-450-7873,서울특별시 광진구청,2025-12-23
중곡2동163,1,,서울특별시 광진구 중곡동 150-225,37.5597938449,127.0853136,,한전주,02-450-7873,서울특별시 광진구청,2025-12-23
중곡2동164,1,,서울특별시 광진구 중곡동 150-204,37.56026154,127.0852135,,건축물,02-450-7873,서울특별시 광진구청,2025-12-23
중곡2동165,1,,서울특별시 광진구 중곡동 150-201,37.56039417,127.0850675,,한전주,02-450-7873,서울특별시 광진구청,2025-12-23
중곡2동166,1,,서울특별시 광진구 중곡2동 용마초,37.560490,127.084870,,한전주,02-450-7873,서울특별시 광진구청,2025-12-23
중곡2동167,1,,서울특별시 광진구 중곡동 150-199,37.5604178,127.0847606,,건축물,02-450-7873,서울특별시 광진구청,2025-12-23
중곡2동168,1,,서울특별시 광진구 중곡동 150-198,37.56052755,127.0849061,,건축물,02-450-7873,서울특별시 광진구청,2025-12-23
중곡2동170,1,,서울특별시 광진구 중곡동 46-12,37.56033226,127.084347,,건축물,02-450-7873,서울특별시 광진구청,2025-12-23
중곡2동171,1,,서울특별시 광진구 중곡2동 용마초,37.560642,127.084410,,,02-450-7873,서울특별시 광진구청,2025-12-23
중곡2동172,1,,서울특별시 광진구 중곡동 46-19,37.56075107,127.0844362,,건축물,02-450-7873,서울특별시 광진구청,2025-12-23
중곡2동173,1,,서울특별시 광진구 중곡동 44-2,37.56079017,127.0841614373,,한전주,02-450-7873,서울특별시 광진구청,2025-12-23
중곡2동174,1,,서울특별시 광진구 중곡동 46-22,37.56044467,127.0842516,,건축물,02-450-7873,서울특별시 광진구청,2025-12-23
중곡2동175,1,,서울특별시 광진구 중곡동 46-22,37.56047617,127.0842686,,전용주,02-450-7873,서울특별시 광진구청,2025-12-23
중곡2동176,1,,서울특별시 광진구 중곡동 275-11,37.5586835155,127.0837452384,,,02-450-7873,서울특별시 광진구청,2025-12-23
중곡2동177,1,,서울특별시 광진구 중곡동 46-24,37.56026517,127.0841206,,한전주,02-450-7873,서울특별시 광진구청,2025-12-23
중곡2동178,1,,서울특별시 광진구 중곡동 46-9,37.56017117,127.0843856,,한전주,02-450-7873,서울특별시 광진구청,2025-12-23
중곡2동180,1,,서울특별시 광진구 중곡동 150-239,37.5597523057,127.0846516,,한전주,02-450-7873,서울특별시 광진구청,2025-12-23
중곡2동181,1,,서울특별시 광진구 중곡동 150-233,37.56002617,127.0847856,,한전주,02-450-7873,서울특별시 광진구청,2025-12-23
중곡2동182,1,,서울특별시 광진구 중곡동 150-243,37.5596762038,127.0849576,,한전주,02-450-7873,서울특별시 광진구청,2025-12-23
중곡2동183,1,,서울특별시 광진구 중곡동 150-247,37.5595770587,127.0852000139,,한전주,02-450-7873,서울특별시 광진구청,2025-12-23
중곡2동184,1,,서울특별시 광진구 중곡동 150-250,37.559529924,127.0853421137,,한전주,02-450-7873,서울특별시 광진구청,2025-12-23
중곡2동185,1,,서울특별시 광진구 중곡동 150-413,37.55967117,127.0857606,,한전주,02-450-7873,서울특별시 광진구청,2025-12-23
중곡2동186,1,,서울특별시 광진구 중곡동 55-14,37.55956517,127.0860986,,한전주,02-450-7873,서울특별시 광진구청,2025-12-23
중곡2동187,1,,서울특별시 광진구 중곡동 126-1,37.5592534554,127.0863426,,한전주,02-450-7873,서울특별시 광진구청,2025-12-23
중곡2동188,1,,서울특별시 광진구 중곡동 55-5,37.55933838,127.0865206,,건축물,02-450-7873,서울특별시 광진구청,2025-12-23
중곡2동189,1,,서울특별시 광진구 중곡동 126-2,37.55914692,127.086685,,한전주,02-450-7873,서울특별시 광진구청,2025-12-23
중곡2동190,1,,서울특별시 광진구 중곡동 124-1,37.5590182154,127.0869806,,건축물,02-450-7873,서울특별시 광진구청,2025-12-23
중곡2동191,1,,서울특별시 광진구 중곡동 125-11,37.55933773,127.0870912,,건축물,02-450-7873,서울특별시 광진구청,2025-12-23
중곡2동192,1,,서울특별시 광진구 중곡동 126-17,37.55888597,127.0868846,,한전주,02-450-7873,서울특별시 광진구청,2025-12-23
중곡2동193,1,,서울특별시 광진구 중곡동 126-12,37.55885394,127.0865886,,건축물,02-450-7873,서울특별시 광진구청,2025-12-23
중곡2동195,1,,서울특별시 광진구 중곡동 126-6,37.55912695,127.0865202,,건축물,02-450-7873,서울특별시 광진구청,2025-12-23
중곡2동196,1,,서울특별시 광진구 중곡동 124-4,37.55878678,127.0873179,,건축물,02-450-7873,서울특별시 광진구청,2025-12-23
중곡2동197,1,,서울특별시 광진구 중곡동 124-18,37.55878358,127.0871766,,,02-450-7873,서울특별시 광진구청,2025-12-23
중곡2동198,1,,서울특별시 광진구 중곡2동 134-22,37.558746,127.087400,,,02-450-7873,서울특별시 광진구청,2025-12-23
중곡2동199,1,,서울특별시 광진구 중곡동 124-12,37.55858407,127.0875422,,한전주,02-450-7873,서울특별시 광진구청,2025-12-23
중곡2동200,1,,서울특별시 광진구 중곡동 124-12,37.55858407,127.0875422,,,02-450-7873,서울특별시 광진구청,2025-12-23
중곡2동201,1,,서울특별시 광진구 중곡동 124-26,37.5584674511,127.0872866,,건축물,02-450-7873,서울특별시 광진구청,2025-12-23
중곡2동202,1,,서울특별시 광진구 중곡동 124-28,37.55852531,127.0870996,,건축물,02-450-7873,서울특별시 광진구청,2025-12-23
중곡2동203,1,,서울특별시 광진구 중곡동 126-20,37.55859438,127.0868777,,한전주,02-450-7873,서울특별시 광진구청,2025-12-23
중곡2동204,1,,서울특별시 광진구 중곡동 126-18,37.558796002,127.0867841879,,한전주,02-450-7873,서울특별시 광진구청,2025-12-23
중곡2동205,1,,서울특별시 광진구 중곡동 126-21,37.5582954996,127.0869876,,한전주,02-450-7873,서울특별시 광진구청,2025-12-23
중곡2동206,1,,서울특별시 광진구 중곡동 124-49,37.55811201,127.0873096,,전용주,02-450-7873,서울특별시 광진구청,2025-12-23
중곡2동207,1,,서울특별시 광진구 중곡동 124-41,37.55814775,127.0876233,,한전주,02-450-7873,서울특별시 광진구청,2025-12-23
중곡2동208,1,,서울특별시 광진구 중곡동 276-7,37.558698247,127.086949348,,전용주,02-450-7873,서울특별시 광진구청,2025-12-23
중곡2동209,1,,서울특별시 광진구 중곡동 126-26,37.55798617,127.0870626,,한전주,02-450-7873,서울특별시 광진구청,2025-12-23
중곡2동210,1,,서울특별시 광진구 중곡동 122-1,37.5575639325,127.0869696135,,한전주,02-450-7873,서울특별시 광진구청,2025-12-23
중곡2동211,1,,서울특별시 광진구 중곡동 123-21,37.55760411,127.0874576,,한전주,02-450-7873,서울특별시 광진구청,2025-12-23
중곡2동212,1,,서울특별시 광진구 중곡동 124-56,37.55798603,127.0875996,,전용주,02-450-7873,서울특별시 광진구청,2025-12-23
중곡2동213,1,,서울특별시 광진구 중곡동 124-62,37.55797524,127.0873344,,,02-450-7873,서울특별시 광진구청,2025-12-23
중곡2동214,1,,서울특별시 광진구 중곡동 123-1,37.5575842055,127.0876266,,,02-450-7873,서울특별시 광진구청,2025-12-23
중곡2동215,1,,서울특별시 광진구 중곡동 123-1,37.5575842055,127.0876996258,,한전주,02-450-7873,서울특별시 광진구청,2025-12-23
중곡2동216,1,,서울특별시 광진구 중곡동 123-20,37.5575808107,127.0872246,,,02-450-7873,서울특별시 광진구청,2025-12-23
중곡2동217,1,,서울특별시 광진구 중곡동 123-19,37.55734683,127.0872596,,,02-450-7873,서울특별시 광진구청,2025-12-23
중곡2동219,1,,서울특별시 광진구 중곡동 122-4,37.55716317,127.0871856,,한전주,02-450-7873,서울특별시 광진구청,2025-12-23
중곡2동220,1,,서울특별시 광진구 중곡동 123-13,37.55682965,127.0874157,,건축물,02-450-7873,서울특별시 광진구청,2025-12-23
중곡2동221,1,,서울특별시 광진구 중곡동 122-7,37.5567106,127.0870827,,한전주,02-450-7873,서울특별시 광진구청,2025-12-23
중곡2동222,1,,서울특별시 광진구 중곡동 122-32,37.55629665,127.0872584,,,02-450-7873,서울특별시 광진구청,2025-12-23
중곡2동223,1,,서울특별시 광진구 중곡동 117-20,37.5561375129,127.0876206,,,02-450-7873,서울특별시 광진구청,2025-12-23
중곡2동224,1,,서울특별시 광진구 중곡동 123-39,37.5563792,127.0877193,,한전주,02-450-7873,서울특별시 광진구청,2025-12-23
중곡2동225,1,,서울특별시 광진구 중곡동 123-9,37.55659126,127.0877646,,건축물,02-450-7873,서울특별시 광진구청,2025-12-23
중곡2동226,1,,서울특별시 광진구 중곡2동 134-17,37.556305,127.087980,,,02-450-7873,서울특별시 광진구청,2025-12-23
중곡2동227,1,,서울특별시 광진구 중곡동 117-3,37.55583248,127.0878298,,한전주,02-450-7873,서울특별시 광진구청,2025-12-23
중곡2동228,1,,서울특별시 광진구 중곡동 117-1,37.5561857,127.0879108,,건축물,02-450-7873,서울특별시 광진구청,2025-12-23
중곡2동229,1,,서울특별시 광진구 중곡동 118-1,37.55612963,127.0872204,,한전주,02-450-7873,서울특별시 광진구청,2025-12-23
중곡2동230,1,,서울특별시 광진구 중곡동 276-10,37.5567469402,127.0860076324,,한전주,02-450-7873,서울특별시 광진구청,2025-12-23
중곡2동231,1,,서울특별시 광진구 중곡동 118-1,37.55612963,127.0872204,,한전주,02-450-7873,서울특별시 광진구청,2025-12-23
중곡2동232,1,,서울특별시 광진구 중곡동 117-38,37.55616717,127.0874676,,건축물,02-450-7873,서울특별시 광진구청,2025-12-23
중곡2동233,1,,서울특별시 광진구 중곡동 118-3,37.55595378,127.0873876,,한전주,02-450-7873,서울특별시 광진구청,2025-12-23
중곡2동234,1,,서울특별시 광진구 중곡동 118-30,37.55589152,127.0870704,,한전주,02-450-7873,서울특별시 광진구청,2025-12-23
중곡2동235,1,,서울특별시 광진구 중곡동 118-14,37.55558837,127.0872566,,,02-450-7873,서울특별시 광진구청,2025-12-23
중곡2동236,1,,서울특별시 광진구 중곡동 118-11,37.55534281,127.0873026,,한전주,02-450-7873,서울특별시 광진구청,2025-12-23
중곡2동237,1,,서울특별시 광진구 중곡동 117-16,37.5555612,127.0876977,,한전주,02-450-7873,서울특별시 광진구청,2025-12-23
중곡2동238,1,,서울특별시 광진구 중곡동 117-15,37.55549517,127.0877436,,건축물,02-450-7873,서울특별시 광진구청,2025-12-23
중곡2동239,1,,서울특별시 광진구 중곡동 117-14,37.55529617,127.0876296,,한전주,02-450-7873,서울특별시 광진구청,2025-12-23
중곡2동240,1,,서울특별시 광진구 중곡동 118-34,37.55506684,127.0873053,,한전주,02-450-7873,서울특별시 광진구청,2025-12-23
중곡2동241,1,,서울특별시 광진구 중곡동 117-23,37.55487976,127.0877846,,한전주,02-450-7873,서울특별시 광진구청,2025-12-23
중곡2동242,1,,서울특별시 광진구 중곡동 117-22,37.55498396,127.0877726,,,02-450-7873,서울특별시 광진구청,2025-12-23
중곡2동244,1,,서울특별시 광진구 중곡동 117-11,37.55476059,127.0881541,,한전주,02-450-7873,서울특별시 광진구청,2025-12-23
중곡2동245,1,,서울특별시 광진구 중곡동 699,37.5545797,127.0878775,,,02-450-7873,서울특별시 광진구청,2025-12-23
중곡2동246,1,,서울특별시 광진구 중곡2동 121-42,37.554863,127.087680,,,02-450-7873,서울특별시 광진구청,2025-12-23
중곡2동247,1,,서울특별시 광진구 중곡동 119-19,37.55482912,127.0872326,,건축물,02-450-7873,서울특별시 광진구청,2025-12-23
중곡2동248,1,,서울특별시 광진구 중곡동 118-40,37.55522317,127.0870226,,한전주,02-450-7873,서울특별시 광진구청,2025-12-23
중곡2동249,1,,서울특별시 광진구 중곡동 119-16,37.55504717,127.0869236,,건축물,02-450-7873,서울특별시 광진구청,2025-12-23
중곡2동250,1,,서울특별시 광진구 중곡동 119-21,37.55489018,127.0869099,,전용주,02-450-7873,서울특별시 광진구청,2025-12-23
중곡2동251,1,,서울특별시 광진구 중곡동 119-33,37.55479104,127.0865736,,전용주,02-450-7873,서울특별시 광진구청,2025-12-23
중곡2동252,1,,서울특별시 광진구 중곡동 120-24,37.55526861,127.086763,,한전주,02-450-7873,서울특별시 광진구청,2025-12-23
중곡2동253,1,,서울특별시 광진구 중곡동 118-40,37.55525426,127.0870434,,한전주,02-450-7873,서울특별시 광진구청,2025-12-23
중곡2동254,1,,서울특별시 광진구 중곡동 120-5,37.55569617,127.0867817,,한전주,02-450-7873,서울특별시 광진구청,2025-12-23
중곡2동255,1,,서울특별시 광진구 중곡동 120-4,37.55577372,127.0867551,,한전주,02-450-7873,서울특별시 광진구청,2025-12-23
중곡2동256,1,,서울특별시 광진구 중곡동 121-4,37.55628417,127.0866466,,건축물,02-450-7873,서울특별시 광진구청,2025-12-23
중곡2동257,1,,서울특별시 광진구 중곡동 121-4,37.556233559,127.0866716633,,,02-450-7873,서울특별시 광진구청,2025-12-23
중곡2동258,1,,서울특별시 광진구 중곡동 122-24,37.5564401137,127.0868266,,한전주,02-450-7873,서울특별시 광진구청,2025-12-23
중곡2동259,1,,서울특별시 광진구 중곡동 122-14,37.556586625,127.0869846,,,02-450-7873,서울특별시 광진구청,2025-12-23
중곡2동260,1,,서울특별시 광진구 중곡동 122-29,37.55685917,127.0867606,,한전주,02-450-7873,서울특별시 광진구청,2025-12-23
중곡2동261,1,,서울특별시 광진구 중곡동 122-29,37.55687817,127.0867939,,건축물,02-450-7873,서울특별시 광진구청,2025-12-23
중곡2동262,1,,서울특별시 광진구 중곡동 122-17,37.5569752078,127.086865034,,,02-450-7873,서울특별시 광진구청,2025-12-23
중곡2동263,1,,서울특별시 광진구 중곡동 122-22,37.55724917,127.0867175,,한전주,02-450-7873,서울특별시 광진구청,2025-12-23
중곡2동264,1,,서울특별시 광진구 중곡동 121-2,37.55737428,127.0864627,,전용주,02-450-7873,서울특별시 광진구청,2025-12-23
중곡2동265,1,,서울특별시 광진구 중곡동 122-30,37.5575311747,127.0866556,,건축물,02-450-7873,서울특별시 광진구청,2025-12-23
중곡2동266,1,,서울특별시 광진구 중곡동 126-50,37.55768248,127.0867966,,건축물,02-450-7873,서울특별시 광진구청,2025-12-23
중곡2동267,1,,서울특별시 광진구 중곡동 126-29,37.557690753,127.0869014021,,건축물,02-450-7873,서울특별시 광진구청,2025-12-23
중곡2동268,1,,서울특별시 광진구 중곡동 126-30,37.55779943,127.0868576,,한전주,02-450-7873,서울특별시 광진구청,2025-12-23
중곡2동269,1,,서울특별시 광진구 중곡동 126-35,37.55829217,127.0868189,,한전주,02-450-7873,서울특별시 광진구청,2025-12-23
중곡2동270,1,,서울특별시 광진구 중곡동 126-70,37.5583891971,127.0867516,,한전주,02-450-7873,서울특별시 광진구청,2025-12-23
중곡2동271,1,,서울특별시 광진구 중곡동 126-39,37.5584360344,127.0865651108,,한전주,02-450-7873,서울특별시 광진구청,2025-12-23
중곡2동272,1,,서울특별시 광진구 중곡동 126-51,37.55767274,127.0866096,,한전주,02-450-7873,서울특별시 광진구청,2025-12-23
중곡2동273,1,,서울특별시 광진구 중곡동 127-32,37.55788217,127.0863968444,,전용주,02-450-7873,서울특별시 광진구청,2025-12-23
중곡2동274,1,,서울특별시 광진구 중곡동 126-44,37.55815517,127.0866195,,한전주,02-450-7873,서울특별시 광진구청,2025-12-23
중곡2동275,1,,서울특별시 광진구 중곡동 126-60,37.55846217,127.0865056,,한전주,02-450-7873,서울특별시 광진구청,2025-12-23
중곡2동276,1,,서울특별시 광진구 중곡동 126-80,37.55878117,127.0865237,,한전주,02-450-7873,서울특별시 광진구청,2025-12-23
중곡2동277,1,,서울특별시 광진구 중곡동 127-71,37.55889883,127.0862966,,건축물,02-450-7873,서울특별시 광진구청,2025-12-23
중곡2동278,1,,서울특별시 광진구 중곡동 126-10,37.55912013,127.0863686,,한전주,02-450-7873,서울특별시 광진구청,2025-12-23
중곡2동279,1,,서울특별시 광진구 중곡동 127-12,37.55922724,127.0858896,,한전주,02-450-7873,서울특별시 광진구청,2025-12-23
중곡2동280,1,,서울특별시 광진구 중곡동 127-15,37.5590123657,127.0859984127,,한전주,02-450-7873,서울특별시 광진구청,2025-12-23
중곡2동281,1,,서울특별시 광진구 중곡동 127-71,37.55889883,127.0862526,,건축물,02-450-7873,서울특별시 광진구청,2025-12-23
중곡2동282,1,,서울특별시 광진구 중곡동 127-17,37.55903517,127.0859984127,,한전주,02-450-7873,서울특별시 광진구청,2025-12-23
중곡2동283,1,,서울특별시 광진구 중곡동 150-253,37.5592893718,127.0855718193,,한전주,02-450-7873,서울특별시 광진구청,2025-12-23
중곡2동284,1,,서울특별시 광진구 중곡동 127-19,37.55886445,127.0860546,,,02-450-7873,서울특별시 광진구청,2025-12-23
중곡2동285,1,,서울특별시 광진구 중곡동 127-76,37.5585396387,127.085962671,,한전주,02-450-7873,서울특별시 광진구청,2025-12-23
중곡2동286,1,,서울특별시 광진구 중곡동 127-39,37.5583199963,127.0861326,,,02-450-7873,서울특별시 광진구청,2025-12-23
중곡2동287,1,,서울특별시 광진구 중곡동 127-44,37.55816758,127.0860169,,한전주,02-450-7873,서울특별시 광진구청,2025-12-23
중곡2동288,1,,서울특별시 광진구 중곡동 127-46,37.55798217,127.0860661,,한전주,02-450-7873,서울특별시 광진구청,2025-12-23
중곡2동289,1,,서울특별시 광진구 중곡동 127-35,37.55782417,127.0862456,,건축물,02-450-7873,서울특별시 광진구청,2025-12-23
중곡2동290,1,,서울특별시 광진구 중곡동 121-1,37.55747398,127.0864053,,한전주,02-450-7873,서울특별시 광진구청,2025-12-23
중곡2동291,1,,서울특별시 광진구 중곡동 121-16,37.55735843,127.0863291,,전용주,02-450-7873,서울특별시 광진구청,2025-12-23
중곡2동292,1,,서울특별시 광진구 중곡동 121-20,37.55710491,127.0861855,,한전주,02-450-7873,서울특별시 광진구청,2025-12-23
중곡2동293,1,,서울특별시 광진구 중곡동 121-38,37.55669156,127.0862688,,한전주,02-450-7873,서울특별시 광진구청,2025-12-23
중곡2동294,1,,서울특별시 광진구 중곡동 121-39,37.5565828855,127.0862890835,,한전주,02-450-7873,서울특별시 광진구청,2025-12-23
중곡2동295,1,,서울특별시 광진구 중곡동 121-35,37.55652417,127.0864696,,,02-450-7873,서울특별시 광진구청,2025-12-23
중곡2동296,1,,서울특별시 광진구 중곡동 121-34,37.55639317,127.0865175,,한전주,02-450-7873,서울특별시 광진구청,2025-12-23
중곡2동297,1,,서울특별시 광진구 중곡동 121-33,37.55625517,127.0865389,,한전주,02-450-7873,서울특별시 광진구청,2025-12-23
중곡2동298,1,,서울특별시 광진구 중곡동 120-10,37.55589169,127.0865476,,전용주,02-450-7873,서울특별시 광진구청,2025-12-23
중곡2동299,1,,서울특별시 광진구 중곡동 120-9,37.55577317,127.0866258,,전용주,02-450-7873,서울특별시 광진구청,2025-12-23
중곡2동300,1,,서울특별시 광진구 중곡동 120-25,37.55538819,127.0866006,,전용주,02-450-7873,서울특별시 광진구청,2025-12-23
중곡2동301,1,,서울특별시 광진구 중곡동 120-25,37.55538819,127.0866241,,한전주,02-450-7873,서울특별시 광진구청,2025-12-23
중곡2동302,1,,서울특별시 광진구 중곡동 119-26,37.55527817,127.0863714782,,,02-450-7873,서울특별시 광진구청,2025-12-23
중곡2동303,1,,서울특별시 광진구 중곡동 119-3,37.55516202,127.0865321,,건축물,02-450-7873,서울특별시 광진구청,2025-12-23
중곡2동304,1,,서울특별시 광진구 중곡동 120-18,37.55554417,127.0863098,,한전주,02-450-7873,서울특별시 광진구청,2025-12-23
중곡2동305,1,,서울특별시 광진구 중곡동 131-4,37.5553592,127.0859692,,한전주,02-450-7873,서울특별시 광진구청,2025-12-23
중곡2동306,1,,서울특별시 광진구 중곡동 131-26,37.55526817,127.0858712,,한전주,02-450-7873,서울특별시 광진구청,2025-12-23
중곡2동307,1,,서울특별시 광진구 중곡동 130-17,37.55580917,127.086035,,한전주,02-450-7873,서울특별시 광진구청,2025-12-23
중곡2동308,1,,서울특별시 광진구 중곡동 130-10,37.5559122549,127.0860672813,,한전주,02-450-7873,서울특별시 광진구청,2025-12-23
중곡2동309,1,,서울특별시 광진구 중곡동 129-42,37.55619917,127.0859736295,,한전주,02-450-7873,서울특별시 광진구청,2025-12-23
중곡2동310,1,,서울특별시 광진구 중곡동 129-40,37.55640936,127.0859116,,한전주,02-450-7873,서울특별시 광진구청,2025-12-23
중곡2동311,1,,서울특별시 광진구 중곡동 121-47,37.5566749061,127.0861262173,,건축물,02-450-7873,서울특별시 광진구청,2025-12-23
중곡2동312,1,,서울특별시 광진구 중곡동 129-12,37.55677427,127.0858956,,한전주,02-450-7873,서울특별시 광진구청,2025-12-23
중곡2동313,1,,서울특별시 광진구 중곡동 129-9,37.55707309,127.0858328,,한전주,02-450-7873,서울특별시 광진구청,2025-12-23
중곡2동314,1,,서울특별시 광진구 중곡동 121-30,37.55749717,127.0860016042,,한전주,02-450-7873,서울특별시 광진구청,2025-12-23
중곡2동315,1,,서울특별시 광진구 중곡동 129-1,37.55744217,127.0857854,,한전주,02-450-7873,서울특별시 광진구청,2025-12-23
중곡2동316,1,,서울특별시 광진구 중곡2동 127-76,37.557747,127.085870,,,02-450-7873,서울특별시 광진구청,2025-12-23
중곡2동317,1,,서울특별시 광진구 중곡동 127-52,37.5578857214,127.0859266086,,전용주,02-450-7873,서울특별시 광진구청,2025-12-23
중곡2동318,1,,서울특별시 광진구 중곡동 127-57,37.55826217,127.0858336,,한전주,02-450-7873,서울특별시 광진구청,2025-12-23
중곡2동320,1,,서울특별시 광진구 중곡동 127-75,37.55851685,127.0858264,,한전주,02-450-7873,서울특별시 광진구청,2025-12-23
중곡2동321,1,,서울특별시 광진구 중곡동 128-3,37.5586092825,127.0855951485,,건축물,02-450-7873,서울특별시 광진구청,2025-12-23
중곡2동322,1,,서울특별시 광진구 중곡동 127-61,37.5587675311,127.0857336,,한전주,02-450-7873,서울특별시 광진구청,2025-12-23
중곡2동323,1,,서울특별시 광진구 중곡동 128-1,37.55882968,127.0855753,,한전주,02-450-7873,서울특별시 광진구청,2025-12-23
중곡2동324,1,,서울특별시 광진구 중곡동 54-3,37.5589965246,127.0854576,,건축물,02-450-7873,서울특별시 광진구청,2025-12-23
중곡2동325,1,,서울특별시 광진구 중곡동 54-7,37.55908717,127.0850246,,건축물,02-450-7873,서울특별시 광진구청,2025-12-23
중곡2동326,1,,서울특별시 광진구 중곡동 54-7,37.55906117,127.0850246,,건축물,02-450-7873,서울특별시 광진구청,2025-12-23
중곡2동327,1,,서울특별시 광진구 중곡동 128-11,37.5587011618,127.0855016552,,한전주,02-450-7873,서울특별시 광진구청,2025-12-23
중곡2동328,1,,서울특별시 광진구 중곡동 54-19,37.55855281,127.0852566,,한전주,02-450-7873,서울특별시 광진구청,2025-12-23
중곡2동329,1,,서울특별시 광진구 중곡동 128-9,37.55852517,127.0854696,,한전주,02-450-7873,서울특별시 광진구청,2025-12-23
중곡2동330,1,,서울특별시 광진구 중곡동 128-33,37.55828354,127.0855046,,한전주,02-450-7873,서울특별시 광진구청,2025-12-23
중곡2동331,1,,서울특별시 광진구 중곡동 128-31,37.55808242,127.0855396,,한전주,02-450-7873,서울특별시 광진구청,2025-12-23
중곡2동332,1,,서울특별시 광진구 중곡동 128-17,37.5578875092,127.0855686,,,02-450-7873,서울특별시 광진구청,2025-12-23
중곡2동333,1,,서울특별시 광진구 중곡동 129-22,37.55740434,127.0856166,,한전주,02-450-7873,서울특별시 광진구청,2025-12-23
중곡2동334,1,,서울특별시 광진구 중곡2동 128-30,37.557228,127.085680,,,02-450-7873,서울특별시 광진구청,2025-12-23
중곡2동335,1,,서울특별시 광진구 중곡동 129-16,37.556854031,127.0857306,,한전주,02-450-7873,서울특별시 광진구청,2025-12-23
중곡2동336,1,,서울특별시 광진구 중곡동 129-28,37.55661202,127.0856956,,건축물,02-450-7873,서울특별시 광진구청,2025-12-23
중곡2동337,1,,서울특별시 광진구 중곡동 130-3,37.55613422,127.085621,,한전주,02-450-7873,서울특별시 광진구청,2025-12-23
중곡2동338,1,,서울특별시 광진구 중곡동 130-3,37.55613422,127.085621,,,02-450-7873,서울특별시 광진구청,2025-12-23
중곡2동339,1,,서울특별시 광진구 중곡동 130-23,37.55612754,127.0853979,,한전주,02-450-7873,서울특별시 광진구청,2025-12-23
중곡2동340,1,,서울특별시 광진구 중곡동 134-31,37.55647947,127.0852756,,전용주,02-450-7873,서울특별시 광진구청,2025-12-23
중곡2동341,1,,서울특별시 광진구 중곡동 134-16,37.55679117,127.0852493,,한전주,02-450-7873,서울특별시 광진구청,2025-12-23
중곡2동342,1,,서울특별시 광진구 중곡동 134-52,37.55702572,127.085183,,한전주,02-450-7873,서울특별시 광진구청,2025-12-23
중곡2동343,1,,서울특별시 광진구 중곡동 134-27,37.5571105,127.0851785,,건축물,02-450-7873,서울특별시 광진구청,2025-12-23
중곡2동344,1,,서울특별시 광진구 중곡동 134-26,37.55722126,127.0851514,,한전주,02-450-7873,서울특별시 광진구청,2025-12-23
중곡2동345,1,,서울특별시 광진구 중곡동 128-21,37.55759945,127.0854446,,한전주,02-450-7873,서울특별시 광진구청,2025-12-23
중곡2동346,1,,서울특별시 광진구 중곡동 135-1,37.55782735,127.0835274,,한전주,02-450-7873,서울특별시 광진구청,2025-12-23
중곡2동347,1,,서울특별시 광진구 중곡2동 용마초,37.5582559,127.0850921,,한전주,02-450-7873,서울특별시 광진구청,2025-12-23
중곡2동348,1,,서울특별시 광진구 중곡동 53-32,37.55846554,127.0850616,,건축물,02-450-7873,서울특별시 광진구청,2025-12-23
중곡2동349,1,,서울특별시 광진구 중곡동 54-16,37.55878517,127.0850096,,건축물,02-450-7873,서울특별시 광진구청,2025-12-23
중곡2동350,1,,서울특별시 광진구 중곡동 150-239,37.55979917,127.0846262618,,한전주,02-450-7873,서울특별시 광진구청,2025-12-23
중곡2동351,1,,서울특별시 광진구 중곡동 54-23,37.55889362,127.0847276,,한전주,02-450-7873,서울특별시 광진구청,2025-12-23
중곡2동352,1,,서울특별시 광진구 중곡동 54-25,37.55899117,127.0848666,,건축물,02-450-7873,서울특별시 광진구청,2025-12-23
중곡2동353,1,,서울특별시 광진구 중곡동 54-33,37.55910184,127.0849156,,한전주,02-450-7873,서울특별시 광진구청,2025-12-23
중곡2동354,1,,서울특별시 광진구 중곡동 52-12,37.5592937,127.0846931,,건축물,02-450-7873,서울특별시 광진구청,2025-12-23
중곡2동355,1,,서울특별시 광진구 중곡동 150-248,37.5594391867,127.08510207,,한전주,02-450-7873,서울특별시 광진구청,2025-12-23
중곡2동356,1,,서울특별시 광진구 중곡동 150-249,37.55938403,127.0852596,,한전주,02-450-7873,서울특별시 광진구청,2025-12-23
중곡2동358,1,,서울특별시 광진구 중곡동 52-10,37.55946977,127.0845453,,건축물,02-450-7873,서울특별시 광진구청,2025-12-23
중곡2동359,1,,서울특별시 광진구 중곡동 54-10,37.55885308,127.0849922,,한전주,02-450-7873,서울특별시 광진구청,2025-12-23
중곡2동360,1,,서울특별시 광진구 중곡동 51-5,37.55975717,127.0843766,,건축물,02-450-7873,서울특별시 광진구청,2025-12-23
중곡2동361,1,,서울특별시 광진구 중곡동 51-20,37.55938896,127.0841484,,한전주,02-450-7873,서울특별시 광진구청,2025-12-23
중곡2동362,1,,서울특별시 광진구 중곡동 51-50,37.55948117,127.0839686,,,02-450-7873,서울특별시 광진구청,2025-12-23
중곡2동363,1,,서울특별시 광진구 중곡동 51-21,37.5592753206,127.0840607489,,건축물,02-450-7873,서울특별시 광진구청,2025-12-23
중곡2동364,1,,서울특별시 광진구 중곡동 52-15,37.55927939,127.0842736,,한전주,02-450-7873,서울특별시 광진구청,2025-12-23
중곡2동365,1,,서울특별시 광진구 중곡동 52-6,37.5591058802,127.0845126,,건축물,02-450-7873,서울특별시 광진구청,2025-12-23
중곡2동366,1,,서울특별시 광진구 중곡동 52-6,37.55915417,127.0845036,,한전주,02-450-7873,서울특별시 광진구청,2025-12-23
중곡2동367,1,,서울특별시 광진구 중곡동 51-28,37.5591908384,127.0838626,,건축물,02-450-7873,서울특별시 광진구청,2025-12-23
중곡2동368,1,,서울특별시 광진구 중곡동 51-23,37.55936045,127.0838301,,한전주,02-450-7873,서울특별시 광진구청,2025-12-23
중곡2동369,1,,서울특별시 광진구 중곡동 51-29,37.5590671,127.0839365,,전용주,02-450-7873,서울특별시 광진구청,2025-12-23
중곡2동370,1,,서울특별시 광진구 중곡동 51-43,37.5589576693,127.0838774954,,한전주,02-450-7873,서울특별시 광진구청,2025-12-23
중곡2동371,1,,서울특별시 광진구 중곡동 51-37,37.55915827,127.0837226,,한전주,02-450-7873,서울특별시 광진구청,2025-12-23
중곡2동372,1,,서울특별시 광진구 중곡2동 150-210,37.559060,127.083800,,,02-450-7873,서울특별시 광진구청,2025-12-23
중곡2동373,1,,서울특별시 광진구 중곡동 51-30,37.55884906,127.0838876,,한전주,02-450-7873,서울특별시 광진구청,2025-12-23
중곡2동374,1,,서울특별시 광진구 중곡동 53-6,37.55886717,127.084176571,,전용주,02-450-7873,서울특별시 광진구청,2025-12-23
중곡2동375,1,,서울특별시 광진구 중곡동 53-3,37.55869531,127.0844963,,전용주,02-450-7873,서울특별시 광진구청,2025-12-23
중곡2동376,1,,서울특별시 광진구 중곡동 53-9,37.55875917,127.0839386,,한전주,02-450-7873,서울특별시 광진구청,2025-12-23
중곡2동377,1,,서울특별시 광진구 중곡동 51-32,37.55875135,127.0837448,,한전주,02-450-7873,서울특별시 광진구청,2025-12-23
중곡2동378,1,,서울특별시 광진구 중곡2동 150-201,37.558720,127.083984,,,02-450-7873,서울특별시 광진구청,2025-12-23
중곡2동379,1,,서울특별시 광진구 중곡동 135-1,37.55782735,127.0835274,,한전주,02-450-7873,서울특별시 광진구청,2025-12-23
중곡2동380,1,,서울특별시 광진구 중곡동 135-1,37.55782735,127.0835274,,한전주,02-450-7873,서울특별시 광진구청,2025-12-23
중곡2동382,1,,서울특별시 광진구 중곡동 135-1,37.55782735,127.0835274,,한전주,02-450-7873,서울특별시 광진구청,2025-12-23
중곡2동383,1,,서울특별시 광진구 중곡동 138-39,37.55859217,127.0834856,,전용주,02-450-7873,서울특별시 광진구청,2025-12-23
중곡2동384,1,,서울특별시 광진구 중곡2동 용마초,37.5586965,127.083819,,한전주,02-450-7873,서울특별시 광진구청,2025-12-23
중곡2동385,1,,서울특별시 광진구 중곡동 275-11,37.5586835155,127.0837177,,전용주,02-450-7873,서울특별시 광진구청,2025-12-23
중곡2동386,1,,서울특별시 광진구 중곡2동 용마초,37.5582803,127.0835977,,한전주,02-450-7873,서울특별시 광진구청,2025-12-23
중곡2동387,1,,서울특별시 광진구 중곡2동 138-28,37.5581537,127.0835314,,전용주,02-450-7873,서울특별시 광진구청,2025-12-23
중곡2동388,1,,서울특별시 광진구 중곡2동 135-1,37.5579818,127.0834429,,한전주,02-450-7873,서울특별시 광진구청,2025-12-23
중곡2동389,1,,서울특별시 광진구 중곡동 135-1,37.5578142,127.0835274,,한전주,02-450-7873,서울특별시 광진구청,2025-12-23
중곡2동390,1,,서울특별시 광진구 중곡동 138-11,37.55795217,127.0828594,,한전주,02-450-7873,서울특별시 광진구청,2025-12-23
중곡2동391,1,,서울특별시 광진구 중곡2동 138-35,37.5574835,127.0830868,,한전주,02-450-7873,서울특별시 광진구청,2025-12-23
중곡2동392,1,,서울특별시 광진구 중곡동 275-14,37.5565607192,127.083213796,,전용주,02-450-7873,서울특별시 광진구청,2025-12-23
중곡2동393,1,,서울특별시 광진구 중곡2동 용마초,37.557842,127.085165,,전용주,02-450-7873,서울특별시 광진구청,2025-12-23
중곡2동394,1,,서울특별시 광진구 중곡2동 134-13,37.5574896,127.0850448,,한전주,02-450-7873,서울특별시 광진구청,2025-12-23
중곡2동395,1,,서울특별시 광진구 중곡동 134-38,37.5572269168,127.0847988453,,건축물,02-450-7873,서울특별시 광진구청,2025-12-23
중곡2동396,1,,서울특별시 광진구 중곡동 134-33,37.5572457872,127.0849526,,건축물,02-450-7873,서울특별시 광진구청,2025-12-23
중곡2동397,1,,서울특별시 광진구 중곡동 275-14,37.5565607192,127.083213796,,,02-450-7873,서울특별시 광진구청,2025-12-23
중곡2동398,1,,서울특별시 광진구 중곡동 134-10,37.55723946,127.0845241,,한전주,02-450-7873,서울특별시 광진구청,2025-12-23
중곡2동399,1,,서울특별시 광진구 중곡2동 134-3,37.5574199,127.0841855,,한전주,02-450-7873,서울특별시 광진구청,2025-12-23
중곡2동400,1,,서울특별시 광진구 중곡2동 134-20,37.5573805,127.0837559,,한전주,02-450-7873,서울특별시 광진구청,2025-12-23
중곡2동401,1,,서울특별시 광진구 중곡동 135-9,37.5574235,127.0838066,,전용주,02-450-7873,서울특별시 광진구청,2025-12-23
중곡2동402,1,,서울특별시 광진구 중곡2동 135-10,37.5574152,127.0835744,,,02-450-7873,서울특별시 광진구청,2025-12-23
중곡2동403,1,,서울특별시 광진구 중곡2동 134-1,37.5573321,127.0833151,,한전주,02-450-7873,서울특별시 광진구청,2025-12-23
중곡2동404,1,,서울특별시 광진구 중곡동 133-5,37.55637555,127.0849436,,한전주,02-450-7873,서울특별시 광진구청,2025-12-23
중곡2동405,1,,서울특별시 광진구 중곡동 133-21,37.5562755963,127.0848652193,,한전주,02-450-7873,서울특별시 광진구청,2025-12-23
중곡2동406,1,,서울특별시 광진구 중곡동 134-25,37.55659717,127.0849937,,전용주,02-450-7873,서울특별시 광진구청,2025-12-23
중곡2동407,1,,서울특별시 광진구 중곡동 134-28,37.55674317,127.0846816,,한전주,02-450-7873,서울특별시 광진구청,2025-12-23
중곡2동408,1,,서울특별시 광진구 중곡동 133-13,37.55655652,127.0844969,,한전주,02-450-7873,서울특별시 광진구청,2025-12-23
중곡2동409,1,,서울특별시 광진구 중곡동 133-11,37.55655617,127.084285,,건축물,02-450-7873,서울특별시 광진구청,2025-12-23
중곡2동410,1,,서울특별시 광진구 중곡동 134-53,37.55687629,127.0843255,,,02-450-7873,서울특별시 광진구청,2025-12-23
중곡2동411,1,,서울특별시 광진구 중곡동 134-42,37.556962,127.083990,,전용주,02-450-7873,서울특별시 광진구청,2025-12-23
중곡2동412,1,,서울특별시 광진구 중곡동 134-42,37.55697873,127.0839246,,한전주,02-450-7873,서울특별시 광진구청,2025-12-23
중곡2동413,1,,서울특별시 광진구 중곡동 134-51,37.55719117,127.0839696,,한전주,02-450-7873,서울특별시 광진구청,2025-12-23
중곡2동414,1,,서울특별시 광진구 중곡동 134-22,37.55697377,127.0843826,,한전주,02-450-7873,서울특별시 광진구청,2025-12-23
중곡2동415,1,,서울특별시 광진구 중곡동 134-6,37.55709899,127.0843952,,전용주,02-450-7873,서울특별시 광진구청,2025-12-23
중곡2동416,1,,서울특별시 광진구 중곡동 134-30,37.55713117,127.0846674,,전용주,02-450-7873,서울특별시 광진구청,2025-12-23
중곡2동417,1,,서울특별시 광진구 중곡동 134-19,37.5568674506,127.0850386,,전용주,02-450-7873,서울특별시 광진구청,2025-12-23
중곡2동418,1,,서울특별시 광진구 중곡동 134-15,37.5568846021,127.0852101898,,전용주,02-450-7873,서울특별시 광진구청,2025-12-23
중곡2동419,1,,서울특별시 광진구 중곡동 134-44,37.55704535,127.0838346,,전용주,02-450-7873,서울특별시 광진구청,2025-12-23
중곡2동420,1,,서울특별시 광진구 중곡동 139-26,37.55676204,127.0836035,,,02-450-7873,서울특별시 광진구청,2025-12-23
중곡2동421,1,,서울특별시 광진구 중곡동 134-56,37.55709393,127.0835666,,한전주,02-450-7873,서울특별시 광진구청,2025-12-23
중곡2동422,1,,서울특별시 광진구 중곡동 134-1,37.5571787283,127.0833864681,,건축물,02-450-7873,서울특별시 광진구청,2025-12-23
중곡2동423,1,,서울특별시 광진구 중곡동 134-1,37.5571787283,127.0833864681,,한전주,02-450-7873,서울특별시 광진구청,2025-12-23
중곡2동424,1,,서울특별시 광진구 중곡동 139-38,37.55693399,127.0831596,,전용주,02-450-7873,서울특별시 광진구청,2025-12-23
중곡2동425,1,,서울특별시 광진구 중곡2동 44-16,37.557087,127.082980,,,02-450-7873,서울특별시 광진구청,2025-12-23
중곡2동426,1,,서울특별시 광진구 중곡동 139-17,37.55699557,127.0827205,,전용주,02-450-7873,서울특별시 광진구청,2025-12-23
중곡2동427,1,,서울특별시 광진구 중곡동 139-1,37.55731984,127.0825536,,한전주,02-450-7873,서울특별시 광진구청,2025-12-23
중곡2동428,1,,서울특별시 광진구 중곡동 139-1,37.55731984,127.0825076,,한전주,02-450-7873,서울특별시 광진구청,2025-12-23
중곡2동429,1,,서울특별시 광진구 중곡동 142-31,37.55756717,127.0823156,,한전주,02-450-7873,서울특별시 광진구청,2025-12-23
중곡2동430,1,,서울특별시 광진구 중곡동 142-16,37.5574674406,127.0821416,,전용주,02-450-7873,서울특별시 광진구청,2025-12-23
중곡2동431,1,,서울특별시 광진구 중곡동 142-30,37.55735324,127.0821246,,,02-450-7873,서울특별시 광진구청,2025-12-23
중곡2동432,1,,서울특별시 광진구 중곡동 142-7,37.55755246,127.0817188,,한전주,02-450-7873,서울특별시 광진구청,2025-12-23
중곡2동433,1,,서울특별시 광진구 중곡동 142-2,37.5576591,127.0815102,,한전주,02-450-7873,서울특별시 광진구청,2025-12-23
중곡2동434,1,,서울특별시 광진구 중곡동 159-49,37.55799796,127.0816459,,한전주,02-450-7873,서울특별시 광진구청,2025-12-23
중곡2동435,1,,서울특별시 광진구 중곡동 158-2,37.55777488,127.0811087,,한전주,02-450-7873,서울특별시 광진구청,2025-12-23
중곡2동436,1,,서울특별시 광진구 중곡동 158-4,37.55768717,127.0810142,,한전주,02-450-7873,서울특별시 광진구청,2025-12-23
중곡2동437,1,,서울특별시 광진구 중곡동 158-10,37.55790764,127.0810396,,한전주,02-450-7873,서울특별시 광진구청,2025-12-23
중곡2동438,1,,서울특별시 광진구 중곡동 158-6,37.55756748,127.0808246,,한전주,02-450-7873,서울특별시 광진구청,2025-12-23
중곡2동439,1,,서울특별시 광진구 중곡동 160-14,37.55812405,127.0809236,,,02-450-7873,서울특별시 광진구청,2025-12-23
중곡2동440,1,,서울특별시 광진구 중곡동 158-34,37.55787414,127.0804978,,전용주,02-450-7873,서울특별시 광진구청,2025-12-23
중곡2동441,1,,서울특별시 광진구 중곡동 158-28,37.55811061,127.0805046,,한전주,02-450-7873,서울특별시 광진구청,2025-12-23
중곡2동442,1,,서울특별시 광진구 중곡동 161-43,37.55830933,127.0804805,,건축물,02-450-7873,서울특별시 광진구청,2025-12-23
중곡2동443,1,,서울특별시 광진구 중곡동 161-40,37.55854477,127.0806766,,전용주,02-450-7873,서울특별시 광진구청,2025-12-23
중곡2동444,1,,서울특별시 광진구 중곡동 161-9,37.55876712,127.0807563,,전용주,02-450-7873,서울특별시 광진구청,2025-12-23
중곡2동445,1,,서울특별시 광진구 중곡동 158-32,37.55785317,127.0802624,,한전주,02-450-7873,서울특별시 광진구청,2025-12-23
중곡2동446,1,,서울특별시 광진구 중곡동 158-29,37.55806117,127.0804496,,전용주,02-450-7873,서울특별시 광진구청,2025-12-23
중곡2동447,1,,서울특별시 광진구 중곡동 157-11,37.55751563,127.0805042,,한전주,02-450-7873,서울특별시 광진구청,2025-12-23
중곡2동448,1,,서울특별시 광진구 중곡동 157-11,37.55757917,127.0805042,,건축물,02-450-7873,서울특별시 광진구청,2025-12-23
중곡2동449,1,,서울특별시 광진구 중곡동 158-15,37.55777717,127.0807492,,전용주,02-450-7873,서울특별시 광진구청,2025-12-23
중곡2동450,1,,서울특별시 광진구 중곡동 157-17,37.55734911,127.0807666,,한전주,02-450-7873,서울특별시 광진구청,2025-12-23
중곡2동451,1,,서울특별시 광진구 중곡동 157-19,37.55734911,127.0807915,,한전주,02-450-7873,서울특별시 광진구청,2025-12-23
중곡2동452,1,,서울특별시 광진구 중곡동 341-12,37.55697752,127.0809366,,건축물,02-450-7873,서울특별시 광진구청,2025-12-23
중곡2동453,1,,서울특별시 광진구 중곡2동 49-33,37.557280,127.081230,,,02-450-7873,서울특별시 광진구청,2025-12-23
중곡2동454,1,,서울특별시 광진구 중곡동 341-21,37.5570461034,127.081375,,,02-450-7873,서울특별시 광진구청,2025-12-23
중곡2동455,1,,서울특별시 광진구 중곡동 142-21,37.55737617,127.0814907233,,한전주,02-450-7873,서울특별시 광진구청,2025-12-23
중곡2동456,1,,서울특별시 광진구 중곡동 341-26,37.5571285,127.0815072,,건축물,02-450-7873,서울특별시 광진구청,2025-12-23
중곡2동457,1,,서울특별시 광진구 중곡동 341-4,37.55717617,127.0817376,,한전주,02-450-7873,서울특별시 광진구청,2025-12-23
중곡2동458,1,,서울특별시 광진구 중곡동 142-35,37.5572680645,127.0816426374,,전용주,02-450-7873,서울특별시 광진구청,2025-12-23
중곡2동459,1,,서울특별시 광진구 중곡동 140-1,37.55677948,127.0822561,,한전주,02-450-7873,서울특별시 광진구청,2025-12-23
중곡2동460,1,,서울특별시 광진구 중곡동 341-6,37.55675617,127.0819916,,건축물,02-450-7873,서울특별시 광진구청,2025-12-23
중곡2동461,1,,서울특별시 광진구 중곡동 139-40,37.55699655,127.0823326,,한전주,02-450-7873,서울특별시 광진구청,2025-12-23
중곡2동462,1,,서울특별시 광진구 중곡동 139-40,37.55699655,127.0823506,,한전주,02-450-7873,서울특별시 광진구청,2025-12-23
중곡2동463,1,,서울특별시 광진구 중곡동 139-20,37.55684631,127.0828107,,한전주,02-450-7873,서울특별시 광진구청,2025-12-23
중곡2동464,1,,서울특별시 광진구 중곡동 140-10,37.55663917,127.0824746,,전용주,02-450-7873,서울특별시 광진구청,2025-12-23
중곡2동465,1,,서울특별시 광진구 중곡동 139-27,37.55705717,127.0829985,,건축물,02-450-7873,서울특별시 광진구청,2025-12-23
중곡2동466,1,,서울특별시 광진구 중곡동 139-21,37.55676917,127.0830966,,한전주,02-450-7873,서울특별시 광진구청,2025-12-23
중곡2동467,1,,서울특별시 광진구 중곡동 139-24,37.5566641,127.0832186,,,02-450-7873,서울특별시 광진구청,2025-12-23
중곡2동468,1,,서울특별시 광진구 중곡동 140-15,37.55647752,127.0828224,,건축물,02-450-7873,서울특별시 광진구청,2025-12-23
중곡2동469,1,,서울특별시 광진구 중곡동 139-8,37.5565452533,127.0834586,,한전주,02-450-7873,서울특별시 광진구청,2025-12-23
중곡2동470,1,,서울특별시 광진구 중곡동 132-1,37.55624463,127.0835566,,한전주,02-450-7873,서울특별시 광진구청,2025-12-23
중곡2동472,1,,서울특별시 광진구 중곡동 132-1,37.55626117,127.0835666,,전용주,02-450-7873,서울특별시 광진구청,2025-12-23
중곡2동473,1,,서울특별시 광진구 중곡동 132-22,37.5562295337,127.0837599048,,,02-450-7873,서울특별시 광진구청,2025-12-23
중곡2동474,1,,서울특별시 광진구 중곡동 132-22,37.5562295337,127.0837599048,,한전주,02-450-7873,서울특별시 광진구청,2025-12-23
중곡2동475,1,,서울특별시 광진구 중곡동 132-22,37.55624517,127.0837876,,전용주,02-450-7873,서울특별시 광진구청,2025-12-23
중곡2동477,1,,서울특별시 광진구 중곡동 132-3,37.55600081,127.0839514,,건축물,02-450-7873,서울특별시 광진구청,2025-12-23
중곡2동478,1,,서울특별시 광진구 중곡동 132-4,37.55601194,127.084273,,한전주,02-450-7873,서울특별시 광진구청,2025-12-23
중곡2동479,1,,서울특별시 광진구 중곡동 132-5,37.5559698612,127.0843996138,,한전주,02-450-7873,서울특별시 광진구청,2025-12-23
중곡2동480,1,,서울특별시 광진구 중곡동 132-19,37.55586351,127.084324,,건축물,02-450-7873,서울특별시 광진구청,2025-12-23
중곡2동481,1,,서울특별시 광진구 중곡동 132-14,37.55588037,127.0846883,,한전주,02-450-7873,서울특별시 광진구청,2025-12-23
중곡2동482,1,,서울특별시 광진구 중곡동 132-14,37.55588037,127.0846883,,한전주,02-450-7873,서울특별시 광진구청,2025-12-23
중곡2동483,1,,서울특별시 광진구 중곡동 131-11,37.5555865,127.0847641,,건축물,02-450-7873,서울특별시 광진구청,2025-12-23
중곡2동484,1,,서울특별시 광진구 중곡동 131-16,37.5556992048,127.0851316,,한전주,02-450-7873,서울특별시 광진구청,2025-12-23
중곡2동485,1,,서울특별시 광진구 중곡동 131-17,37.5555961792,127.0850706,,건축물,02-450-7873,서울특별시 광진구청,2025-12-23
중곡2동486,1,,서울특별시 광진구 중곡동 131-2,37.55562336,127.0853806,,건축물,02-450-7873,서울특별시 광진구청,2025-12-23
중곡2동487,1,,서울특별시 광진구 중곡동 131-29,37.5555656803,127.0855175385,,한전주,02-450-7873,서울특별시 광진구청,2025-12-23
중곡2동488,1,,서울특별시 광진구 중곡동 131-6,37.55527201,127.0855186,,,02-450-7873,서울특별시 광진구청,2025-12-23
중곡2동489,1,,서울특별시 광진구 중곡동 131-24,37.55543804,127.0858846,,건축물,02-450-7873,서울특별시 광진구청,2025-12-23
중곡2동490,1,,서울특별시 광진구 중곡동 138-7,37.5577760512,127.0828005381,,한전주,02-450-7873,서울특별시 광진구청,2025-12-23
중곡2동491,1,,서울특별시 광진구 중곡동 141-21,37.55796109,127.0824926,,한전주,02-450-7873,서울특별시 광진구청,2025-12-23
중곡2동492,1,,서울특별시 광진구 중곡동 141-16,37.55823017,127.0825506,,전용주,02-450-7873,서울특별시 광진구청,2025-12-23
중곡2동493,1,,서울특별시 광진구 중곡동 138-27,37.55806886,127.0829156,,한전주,02-450-7873,서울특별시 광진구청,2025-12-23
중곡2동494,1,,서울특별시 광진구 중곡동 141-12,37.5582881769,127.082801897,,건축물,02-450-7873,서울특별시 광진구청,2025-12-23
중곡2동495,1,,서울특별시 광진구 중곡동 141-15,37.55833677,127.0824997,,건축물,02-450-7873,서울특별시 광진구청,2025-12-23
중곡2동496,1,,서울특별시 광진구 중곡동 141-31,37.55847647,127.0825336,,전용주,02-450-7873,서울특별시 광진구청,2025-12-23
중곡2동497,1,,서울특별시 광진구 중곡2동 41-14,37.558556,127.082825,,,02-450-7873,서울특별시 광진구청,2025-12-23
중곡2동498,1,,서울특별시 광진구 중곡동 138-23,37.55842466,127.0832149,,한전주,02-450-7873,서울특별시 광진구청,2025-12-23
중곡2동499,1,,서울특별시 광진구 중곡동 138-18,37.55826181,127.0832846,,건축물,02-450-7873,서울특별시 광진구청,2025-12-23
중곡2동500,1,,서울특별시 광진구 중곡동 141-12,37.5582881769,127.0828946,,건축물,02-450-7873,서울특별시 광진구청,2025-12-23
중곡2동501,1,,서울특별시 광진구 중곡동 141-4,37.55848055,127.0829186,,건축물,02-450-7873,서울특별시 광진구청,2025-12-23
중곡2동502,1,,서울특별시 광진구 중곡동 141-5,37.55869383,127.0827717,,건축물,02-450-7873,서울특별시 광진구청,2025-12-23
중곡2동503,1,,서울특별시 광진구 중곡동 141-2,37.55879346,127.0830563,,한전주,02-450-7873,서울특별시 광진구청,2025-12-23
중곡2동504,1,,서울특별시 광진구 중곡동 50-51,37.55914017,127.0832417,,한전주,02-450-7873,서울특별시 광진구청,2025-12-23
중곡2동505,1,,서울특별시 광진구 중곡동 50-51,37.55915436,127.0832417,,한전주,02-450-7873,서울특별시 광진구청,2025-12-23
중곡2동506,1,,서울특별시 광진구 중곡동 50-51,37.55915436,127.0832676,,건축물,02-450-7873,서울특별시 광진구청,2025-12-23
중곡2동507,1,,서울특별시 광진구 중곡동 50-51,37.55915436,127.0832046,,한전주,02-450-7873,서울특별시 광진구청,2025-12-23
중곡2동508,1,,서울특별시 광진구 중곡동 141-1,37.5588352,127.0828976,,한전주,02-450-7873,서울특별시 광진구청,2025-12-23
중곡2동509,1,,서울특별시 광진구 중곡동 51-26,37.55928922,127.0836156,,한전주,02-450-7873,서울특별시 광진구청,2025-12-23
중곡2동510,1,,서울특별시 광진구 중곡동 51-17,37.55958417,127.0837667,,전용주,02-450-7873,서울특별시 광진구청,2025-12-23
중곡2동512,1,,서울특별시 광진구 중곡2동 39-62,37.559780,127.083730,,,02-450-7873,서울특별시 광진구청,2025-12-23
중곡2동513,1,,서울특별시 광진구 중곡2동 39-3,37.559830,127.083740,,,02-450-7873,서울특별시 광진구청,2025-12-23
중곡2동514,1,,서울특별시 광진구 중곡2동 40-7,37.559875,127.083750,,,02-450-7873,서울특별시 광진구청,2025-12-23
중곡2동516,1,,서울특별시 광진구 중곡동 51-10,37.55985351,127.084161,,,02-450-7873,서울특별시 광진구청,2025-12-23
중곡2동517,1,,서울특별시 광진구 중곡동 44-9,37.56028041,127.0838206,,한전주,02-450-7873,서울특별시 광진구청,2025-12-23
중곡2동518,1,,서울특별시 광진구 중곡동 340-44,37.56044517,127.0835896,,,02-450-7873,서울특별시 광진구청,2025-12-23
중곡2동519,1,,서울특별시 광진구 중곡동 44-11,37.56047917,127.0837570234,,건축물,02-450-7873,서울특별시 광진구청,2025-12-23
중곡2동520,1,,서울특별시 광진구 중곡동 44-13,37.56065217,127.0838906,,한전주,02-450-7873,서울특별시 광진구청,2025-12-23
중곡2동521,1,,서울특별시 광진구 중곡동 44-14,37.5606844,127.0839816,,한전주,02-450-7873,서울특별시 광진구청,2025-12-23
중곡2동522,1,,서울특별시 광진구 중곡동 44-1,37.56085438,127.0842206,,한전주,02-450-7873,서울특별시 광진구청,2025-12-23
중곡2동523,1,,서울특별시 광진구 중곡동 44-20,37.56107076,127.0841547,,,02-450-7873,서울특별시 광진구청,2025-12-23
중곡2동524,1,,서울특별시 광진구 중곡동 19-1,37.5612560904,127.0839076884,,건축물,02-450-7873,서울특별시 광진구청,2025-12-23
중곡2동525,1,,서울특별시 광진구 중곡동 340-17,37.5612005194,127.0837296,,한전주,02-450-7873,서울특별시 광진구청,2025-12-23
중곡2동526,1,,서울특별시 광진구 중곡동 340-5,37.56148317,127.0833656,,건축물,02-450-7873,서울특별시 광진구청,2025-12-23
중곡2동527,1,,서울특별시 광진구 중곡동 340-9,37.56118654,127.0835586,,,02-450-7873,서울특별시 광진구청,2025-12-23
중곡2동528,1,,서울특별시 광진구 중곡동 340-13,37.56106617,127.0833807,,한전주,02-450-7873,서울특별시 광진구청,2025-12-23
중곡2동529,1,,서울특별시 광진구 중곡동 340-37,37.56091776,127.0839222,,한전주,02-450-7873,서울특별시 광진구청,2025-12-23
중곡2동530,1,,서울특별시 광진구 중곡동 340-36,37.561065,127.0840168,,한전주,02-450-7873,서울특별시 광진구청,2025-12-23
중곡2동531,1,,서울특별시 광진구 중곡동 340-40,37.56066604,127.0837086,,한전주,02-450-7873,서울특별시 광진구청,2025-12-23
중곡2동532,1,,서울특별시 광진구 중곡동 340-29,37.56066982,127.0833626,,건축물,02-450-7873,서울특별시 광진구청,2025-12-23
중곡2동533,1,,서울특별시 광진구 중곡동 343-5,37.56075317,127.0831731,,한전주,02-450-7873,서울특별시 광진구청,2025-12-23
중곡2동534,1,,서울특별시 광진구 중곡동 343-5,37.56071088,127.0831731,,건축물,02-450-7873,서울특별시 광진구청,2025-12-23
중곡2동535,1,,서울특별시 광진구 중곡동 43-20,37.56057354,127.0830771,,한전주,02-450-7873,서울특별시 광진구청,2025-12-23
중곡2동536,1,,서울특별시 광진구 중곡2동 33-65,37.560600,127.083360,,,02-450-7873,서울특별시 광진구청,2025-12-23
중곡2동537,1,,서울특별시 광진구 중곡동 340-43,37.56058417,127.0835956,,한전주,02-450-7873,서울특별시 광진구청,2025-12-23
중곡2동538,1,,서울특별시 광진구 중곡동 43-18,37.56065464,127.0828136,,한전주,02-450-7873,서울특별시 광진구청,2025-12-23
중곡2동539,1,,서울특별시 광진구 중곡동 43-16,37.56078543,127.0828976,,건축물,02-450-7873,서울특별시 광진구청,2025-12-23
중곡2동540,1,,서울특별시 광진구 중곡동 343-17,37.56098127,127.0830016,,전용주,02-450-7873,서울특별시 광진구청,2025-12-23
중곡2동541,1,,서울특별시 광진구 중곡2동 33-20,37.560993,127.082855,,,02-450-7873,서울특별시 광진구청,2025-12-23
중곡2동542,1,,서울특별시 광진구 중곡동 43-30,37.5608261268,127.0827096,,,02-450-7873,서울특별시 광진구청,2025-12-23
중곡2동543,1,,서울특별시 광진구 중곡동 43-49,37.56079585,127.0823626,,한전주,02-450-7873,서울특별시 광진구청,2025-12-23
중곡2동544,1,,서울특별시 광진구 중곡동 41-30,37.560869682,127.0822013831,,한전주,02-450-7873,서울특별시 광진구청,2025-12-23
중곡2동545,1,,서울특별시 광진구 중곡동 43-35,37.56097482,127.0824779,,건축물,02-450-7873,서울특별시 광진구청,2025-12-23
중곡2동546,1,,서울특별시 광진구 중곡동 41-25,37.56107567,127.0823706,,한전주,02-450-7873,서울특별시 광진구청,2025-12-23
중곡2동547,1,,서울특별시 광진구 중곡동 41-9,37.56129717,127.0824536,,한전주,02-450-7873,서울특별시 광진구청,2025-12-23
중곡2동548,1,,서울특별시 광진구 중곡동 41-14,37.5612382,127.082184,,전용주,02-450-7873,서울특별시 광진구청,2025-12-23
중곡2동549,1,,서울특별시 광진구 중곡동 43-40,37.56115981,127.0825741,,한전주,02-450-7873,서울특별시 광진구청,2025-12-23
중곡2동550,1,,서울특별시 광진구 중곡동 43-10,37.5611933,127.0828896,,한전주,02-450-7873,서울특별시 광진구청,2025-12-23
중곡2동551,1,,서울특별시 광진구 중곡동 343-9,37.56116717,127.0830926,,한전주,02-450-7873,서울특별시 광진구청,2025-12-23
중곡2동552,1,,서울특별시 광진구 중곡동 340-12,37.5610943608,127.0832926,,한전주,02-450-7873,서울특별시 광진구청,2025-12-23
중곡2동553,1,,서울특별시 광진구 중곡동 43-57,37.56132217,127.0830136,,한전주,02-450-7873,서울특별시 광진구청,2025-12-23
중곡2동554,1,,서울특별시 광진구 중곡동 43-56,37.56145117,127.0832076,,전용주,02-450-7873,서울특별시 광진구청,2025-12-23
중곡2동555,1,,서울특별시 광진구 중곡동 43-54,37.561469,127.0829883,,한전주,02-450-7873,서울특별시 광진구청,2025-12-23
중곡2동556,1,,서울특별시 광진구 중곡동 43-48,37.56138691,127.0827136,,한전주,02-450-7873,서울특별시 광진구청,2025-12-23
중곡2동557,1,,서울특별시 광진구 중곡동 43-2,37.56163642,127.0828286,,한전주,02-450-7873,서울특별시 광진구청,2025-12-23
중곡2동558,1,,서울특별시 광진구 중곡동 41-32,37.56178945,127.0825066,,건축물,02-450-7873,서울특별시 광진구청,2025-12-23
중곡2동559,1,,서울특별시 광진구 중곡동 41-38,37.56099552,127.0818559,,한전주,02-450-7873,서울특별시 광진구청,2025-12-23
중곡2동560,1,,서울특별시 광진구 중곡동 43-4,37.5616126381,127.0831906,,,02-450-7873,서울특별시 광진구청,2025-12-23
중곡2동561,1,,서울특별시 광진구 중곡동 41-37,37.56109927,127.0819189,,전용주,02-450-7873,서울특별시 광진구청,2025-12-23
중곡2동562,1,,서울특별시 광진구 중곡동 47-25,37.56077317,127.0821122,,한전주,02-450-7873,서울특별시 광진구청,2025-12-23
중곡2동563,1,,서울특별시 광진구 중곡동 47-29,37.56051375,127.0819966,,한전주,02-450-7873,서울특별시 광진구청,2025-12-23
중곡2동564,1,,서울특별시 광진구 중곡동 47-29,37.56051375,127.0819476,,건축물,02-450-7873,서울특별시 광진구청,2025-12-23
중곡2동565,1,,서울특별시 광진구 중곡동 48-47,37.5603282379,127.0821225803,,건축물,02-450-7873,서울특별시 광진구청,2025-12-23
중곡2동566,1,,서울특별시 광진구 중곡2동 33-33,37.560360,127.081860,,,02-450-7873,서울특별시 광진구청,2025-12-23
중곡2동567,1,,서울특별시 광진구 중곡동 47-4,37.56008976,127.0817099,,건축물,02-450-7873,서울특별시 광진구청,2025-12-23
중곡2동568,1,,서울특별시 광진구 중곡동 48-18,37.55991546,127.081915,,한전주,02-450-7873,서울특별시 광진구청,2025-12-23
중곡2동569,1,,서울특별시 광진구 중곡동 48-16,37.55986417,127.0818733,,전용주,02-450-7873,서울특별시 광진구청,2025-12-23
중곡2동570,1,,서울특별시 광진구 중곡동 48-44,37.5597128944,127.0818093024,,건축물,02-450-7873,서울특별시 광진구청,2025-12-23
중곡2동571,1,,서울특별시 광진구 중곡동 47-40,37.55996317,127.0815246,,전용주,02-450-7873,서울특별시 광진구청,2025-12-23
중곡2동572,1,,서울특별시 광진구 중곡동 47-19,37.56000566,127.0813166,,전용주,02-450-7873,서울특별시 광진구청,2025-12-23
중곡2동573,1,,서울특별시 광진구 중곡동 48-14,37.55946827,127.0816426,,한전주,02-450-7873,서울특별시 광진구청,2025-12-23
중곡2동574,1,,서울특별시 광진구 중곡동 161-28,37.5595012376,127.0810438647,,한전주,02-450-7873,서울특별시 광진구청,2025-12-23
중곡2동575,1,,서울특별시 광진구 중곡동 160-1,37.55934264,127.0816011,,한전주,02-450-7873,서울특별시 광진구청,2025-12-23
중곡2동576,1,,서울특별시 광진구 중곡동 160-2,37.5592969635,127.0817236238,,건축물,02-450-7873,서울특별시 광진구청,2025-12-23
중곡2동577,1,,서울특별시 광진구 중곡동 159-9,37.55906121,127.0821851,,한전주,02-450-7873,서울특별시 광진구청,2025-12-23
중곡2동578,1,,서울특별시 광진구 중곡동 48-7,37.55965117,127.0821676,,한전주,02-450-7873,서울특별시 광진구청,2025-12-23
중곡2동579,1,,서울특별시 광진구 중곡동 48-17,37.55976217,127.082163131,,건축물,02-450-7873,서울특별시 광진구청,2025-12-23
중곡2동580,1,,서울특별시 광진구 중곡동 48-41,37.5598364126,127.0822106604,,한전주,02-450-7873,서울특별시 광진구청,2025-12-23
중곡2동581,1,,서울특별시 광진구 중곡2동 35-37,37.560060,127.082410,,,02-450-7873,서울특별시 광진구청,2025-12-23
중곡2동581,1,,서울특별시 광진구 중곡동 48-21,37.55988284,127.0820397,,건축물,02-450-7873,서울특별시 광진구청,2025-12-23
중곡2동582,1,,서울특별시 광진구 중곡동 48-29,37.5600569428,127.0823883695,,한전주,02-450-7873,서울특별시 광진구청,2025-12-23
중곡2동583,1,,서울특별시 광진구 중곡동 48-30,37.56010136,127.0822639,,건축물,02-450-7873,서울특별시 광진구청,2025-12-23
중곡2동584,1,,서울특별시 광진구 중곡동 48-24,37.56038017,127.0825806,,한전주,02-450-7873,서울특별시 광진구청,2025-12-23
중곡2동585,1,,서울특별시 광진구 중곡동 48-23,37.5603703864,127.0824216,,건축물,02-450-7873,서울특별시 광진구청,2025-12-23
중곡2동586,1,,서울특별시 광진구 중곡동 49-5,37.56026892,127.0830056,,한전주,02-450-7873,서울특별시 광진구청,2025-12-23
중곡2동587,1,,서울특별시 광진구 중곡동 48-1,37.5605222311,127.0826267883,,한전주,02-450-7873,서울특별시 광진구청,2025-12-23
중곡2동588,1,,서울특별시 광진구 중곡동 49-4,37.56032673,127.0832469,,한전주,02-450-7873,서울특별시 광진구청,2025-12-23
중곡2동589,1,,서울특별시 광진구 중곡동 49-34,37.56017317,127.0831777042,,한전주,02-450-7873,서울특별시 광진구청,2025-12-23
중곡2동590,1,,서울특별시 광진구 중곡동 50-31,37.56015917,127.0834856,,전용주,02-450-7873,서울특별시 광진구청,2025-12-23
중곡2동591,1,,서울특별시 광진구 중곡동 49-35,37.5600498999,127.0831662504,,건축물,02-450-7873,서울특별시 광진구청,2025-12-23
중곡2동592,1,,서울특별시 광진구 중곡동 49-62,37.5597717481,127.0828156,,한전주,02-450-7873,서울특별시 광진구청,2025-12-23
중곡2동593,1,,서울특별시 광진구 중곡동 49-75,37.55966664,127.0827586,,한전주,02-450-7873,서울특별시 광진구청,2025-12-23
중곡2동594,1,,서울특별시 광진구 중곡동 49-70,37.55940736,127.0825876,,한전주,02-450-7873,서울특별시 광진구청,2025-12-23
중곡2동595,1,,서울특별시 광진구 중곡동 49-26,37.5593055,127.0825266,,전용주,02-450-7873,서울특별시 광진구청,2025-12-23
중곡2동596,1,,서울특별시 광진구 중곡동 159-3,37.55905332,127.0823446,,한전주,02-450-7873,서울특별시 광진구청,2025-12-23
중곡2동597,1,,서울특별시 광진구 중곡동 49-30,37.55937166,127.0823659,,건축물,02-450-7873,서울특별시 광진구청,2025-12-23
중곡2동598,1,,서울특별시 광진구 중곡동 141-38,37.55891647,127.0827356,,한전주,02-450-7873,서울특별시 광진구청,2025-12-23
중곡2동599,1,,서울특별시 광진구 중곡동 49-18,37.5591573252,127.0826066065,,한전주,02-450-7873,서울특별시 광진구청,2025-12-23
중곡2동600,1,,서울특별시 광진구 중곡동 49-71,37.55935781,127.082721,,한전주,02-450-7873,서울특별시 광진구청,2025-12-23
중곡2동601,1,,서울특별시 광진구 중곡동 49-74,37.55966117,127.0828754,,한전주,02-450-7873,서울특별시 광진구청,2025-12-23
중곡2동602,1,,서울특별시 광진구 중곡동 49-46,37.55994717,127.0830946,,한전주,02-450-7873,서울특별시 광진구청,2025-12-23
중곡2동603,1,,서울특별시 광진구 중곡동 50-40,37.55982012,127.0833536,,건축물,02-450-7873,서울특별시 광진구청,2025-12-23
중곡2동604,1,,서울특별시 광진구 중곡동 160-20,37.55919986,127.0816886,,건축물,02-450-7873,서울특별시 광진구청,2025-12-23
중곡2동605,1,,서울특별시 광진구 중곡동 161-6,37.55910834,127.0812691,,건축물,02-450-7873,서울특별시 광진구청,2025-12-23
중곡2동606,1,,서울특별시 광진구 중곡2동 35-30,37.559120,127.081180,,,02-450-7873,서울특별시 광진구청,2025-12-23
중곡2동607,1,,서울특별시 광진구 중곡동 161-8,37.55899717,127.0811065,,전용주,02-450-7873,서울특별시 광진구청,2025-12-23
중곡2동608,1,,서울특별시 광진구 중곡동 161-6,37.55916817,127.0812691,,한전주,02-450-7873,서울특별시 광진구청,2025-12-23
중곡2동609,1,,서울특별시 광진구 중곡동 160-15,37.55885017,127.0814526,,전용주,02-450-7873,서울특별시 광진구청,2025-12-23
중곡2동610,1,,서울특별시 광진구 중곡동 161-17,37.55888617,127.0809828,,한전주,02-450-7873,서울특별시 광진구청,2025-12-23
중곡2동611,1,,서울특별시 광진구 중곡동 161-17,37.55880917,127.0809828,,전용주,02-450-7873,서울특별시 광진구청,2025-12-23
중곡2동612,1,,서울특별시 광진구 중곡동 160-34,37.5584245599,127.0811551973,,한전주,02-450-7873,서울특별시 광진구청,2025-12-23
중곡2동614,1,,서울특별시 광진구 중곡동 158-1,37.5578701631,127.0811746283,,건축물,02-450-7873,서울특별시 광진구청,2025-12-23
중곡2동615,1,,서울특별시 광진구 중곡동 265-15,37.5585488806,127.081660166,,전용주,02-450-7873,서울특별시 광진구청,2025-12-23
중곡2동616,1,,서울특별시 광진구 중곡동 159-41,37.55835219,127.0816436,,한전주,02-450-7873,서울특별시 광진구청,2025-12-23
중곡2동617,1,,서울특별시 광진구 중곡동 159-38,37.55860916,127.0818229,,한전주,02-450-7873,서울특별시 광진구청,2025-12-23
중곡2동618,1,,서울특별시 광진구 중곡동 159-34,37.55878817,127.0818306,,전용주,02-450-7873,서울특별시 광진구청,2025-12-23
중곡2동619,1,,서울특별시 광진구 중곡동 160-33,37.55886584,127.0815586,,전용주,02-450-7873,서울특별시 광진구청,2025-12-23
중곡2동620,1,,서울특별시 광진구 중곡동 160-8,37.5589201549,127.0817405285,,전용주,02-450-7873,서울특별시 광진구청,2025-12-23
중곡2동621,1,,서울특별시 광진구 중곡동 160-8,37.5589201549,127.0817405285,,건축물,02-450-7873,서울특별시 광진구청,2025-12-23
중곡2동622,1,,서울특별시 광진구 중곡동 159-33,37.5587991283,127.0819976,,한전주,02-450-7873,서울특별시 광진구청,2025-12-23
중곡2동623,1,,서울특별시 광진구 중곡동 159-14,37.55885517,127.0821056,,한전주,02-450-7873,서울특별시 광진구청,2025-12-23
중곡2동624,1,,서울특별시 광진구 중곡동 159-32,37.55848117,127.0819976,,,02-450-7873,서울특별시 광진구청,2025-12-23
중곡2동625,1,,서울특별시 광진구 중곡동 159-1,37.55916017,127.0820276,,한전주,02-450-7873,서울특별시 광진구청,2025-12-23
중곡2동626,1,,서울특별시 광진구 중곡동 159-13,37.55895473,127.0820846,,한전주,02-450-7873,서울특별시 광진구청,2025-12-23
중곡2동627,1,,서울특별시 광진구 중곡동 159-7,37.55875617,127.0823885,,한전주,02-450-7873,서울특별시 광진구청,2025-12-23
중곡2동628,1,,서울특별시 광진구 중곡동 141-9,37.55863433,127.0825776,,한전주,02-450-7873,서울특별시 광진구청,2025-12-23
중곡2동629,1,,서울특별시 광진구 중곡동 159-17,37.5585578282,127.0823606,,건축물,02-450-7873,서울특별시 광진구청,2025-12-23
중곡2동630,1,,서울특별시 광진구 중곡동 141-14,37.55844539,127.0824576,,한전주,02-450-7873,서울특별시 광진구청,2025-12-23
중곡2동631,1,,서울특별시 광진구 중곡동 159-24,37.5582576336,127.0821564115,,한전주,02-450-7873,서울특별시 광진구청,2025-12-23
중곡2동632,1,,서울특별시 광진구 중곡동 141-41,37.55824137,127.0823531,,건축물,02-450-7873,서울특별시 광진구청,2025-12-23
중곡2동633,1,,서울특별시 광진구 중곡2동 56-17,37.557198,127.084110,,,02-450-7873,서울특별시 광진구청,2025-12-23
중곡2동634,1,,서울특별시 광진구 중곡2동 150-194,37.556637,127.085010,,,02-450-7873,서울특별시 광진구청,2025-12-23
중곡2동635,1,,서울특별시 광진구 중곡동 130-4,37.55598208,127.0859156,,전용주,02-450-7873,서울특별시 광진구청,2025-12-23
중곡2동636,1,,서울특별시 광진구 중곡동 47-38,37.560191397,127.0818334803,,,02-450-7873,서울특별시 광진구청,2025-12-23
중곡2동637,1,,서울특별시 광진구 중곡동 127-54,37.5580441397,127.0858532,,한전주,02-450-7873,서울특별시 광진구청,2025-12-23
중곡2동640,1,,서울특별시 광진구 중곡2동 150-145,37.557570,127.084540,,,02-450-7873,서울특별시 광진구청,2025-12-23
중곡2동643,1,,서울특별시 광진구 중곡동 139-38,37.55693399,127.0831638,,전용주,02-450-7873,서울특별시 광진구청,2025-12-23
중곡2동644,1,,서울특별시 광진구 중곡동 149-52,37.56137814,127.0859147,,전용주,02-450-7873,서울특별시 광진구청,2025-12-23
중곡2동645,1,,서울특별시 광진구 중곡동 266-5,37.55865417,127.0876612,,한전주,02-450-7873,서울특별시 광진구청,2025-12-23
중곡2동646,1,,서울특별시 광진구 중곡2동 149-7,37.557236,127.086820,,,02-450-7873,서울특별시 광진구청,2025-12-23
중곡2동647,1,,서울특별시 광진구 중곡2동 150-428,37.557150,127.086300,,,02-450-7873,서울특별시 광진구청,2025-12-23
중곡2동648,1,,서울특별시 광진구 중곡2동 150-183,37.557114,127.086044,,,02-450-7873,서울특별시 광진구청,2025-12-23
중곡2동649,1,,서울특별시 광진구 중곡2동 150-183,37.557070,127.085785,,,02-450-7873,서울특별시 광진구청,2025-12-23
중곡2동650,1,,서울특별시 광진구 중곡2동 140-51,37.556908,127.084750,,,02-450-7873,서울특별시 광진구청,2025-12-23
중곡2동651,1,,서울특별시 광진구 중곡2동 149-12,37.556824,127.084230,,,02-450-7873,서울특별시 광진구청,2025-12-23
중곡2동652,1,,서울특별시 광진구 중곡2동 149-10,37.556780,127.083970,,,02-450-7873,서울특별시 광진구청,2025-12-23
중곡2동653,1,,서울특별시 광진구 중곡동 139-26,37.5567416,127.0836035,,전용주,02-450-7873,서울특별시 광진구청,2025-12-23
중곡2동654,1,,서울특별시 광진구 중곡동 35-25,37.56274784,127.0860241,,건축물,02-450-7873,서울특별시 광진구청,2025-12-23
중곡2동654,1,,서울특별시 광진구 중곡동 139-7,37.5566024,127.0835663,,,02-450-7873,서울특별시 광진구청,2025-12-23
중곡2동655,1,,서울특별시 광진구 중곡동 150-399,37.5602438563,127.0845798493,,전용주,02-450-7873,서울특별시 광진구청,2025-12-23
중곡2동656,1,,서울특별시 광진구 중곡동 126-2,37.5591617,127.086685,,건축물,02-450-7873,서울특별시 광진구청,2025-12-23
중곡2동657,1,,서울특별시 광진구 중곡2동 37-7,37.559120,127.086530,,,02-450-7873,서울특별시 광진구청,2025-12-23
중곡2동658,1,,서울특별시 광진구 중곡2동 37-31,37.559074,127.086490,,,02-450-7873,서울특별시 광진구청,2025-12-23
중곡2동659,1,,서울특별시 광진구 중곡2동 149-1,37.558983,127.086395,,,02-450-7873,서울특별시 광진구청,2025-12-23
중곡2동660,1,,서울특별시 광진구 중곡동 275-11,37.5586835155,127.0837452384,,,02-450-7873,서울특별시 광진구청,2025-12-23
중곡2동661,1,,서울특별시 광진구 중곡동 127-58,37.55843864,127.0858416,,전용주,02-450-7873,서울특별시 광진구청,2025-12-23
중곡2동662,1,,서울특별시 광진구 중곡2동 149-31,37.558350,127.085070,,,02-450-7873,서울특별시 광진구청,2025-12-23
중곡2동663,1,,서울특별시 광진구 중곡2동 340-27,37.558258,127.084305,,,02-450-7873,서울특별시 광진구청,2025-12-23
중곡2동664,1,,서울특별시 광진구 중곡동 141-17,37.5580843,127.0826495732,,,02-450-7873,서울특별시 광진구청,2025-12-23
중곡2동665,1,,서울특별시 광진구 중곡동 50-45,37.5596042,127.0835527,,,02-450-7873,서울특별시 광진구청,2025-12-23
중곡2동666,1,,서울특별시 광진구 중곡2동 40-5,37.559600,127.083620,,,02-450-7873,서울특별시 광진구청,2025-12-23
중곡2동667,1,,서울특별시 광진구 중곡2동 160-35,37.559600,127.083620,,,02-450-7873,서울특별시 광진구청,2025-12-23
중곡2동668,1,,서울특별시 광진구 중곡2동 150-243,37.559600,127.083620,,전용주,02-450-7873,서울특별시 광진구청,2025-12-23
중곡2동669,1,,서울특별시 광진구 중곡동 275-11,37.5586835155,127.0837452384,,건축물,02-450-7873,서울특별시 광진구청,2025-12-23
중곡2동670,1,,서울특별시 광진구 중곡2동 149-28,37.559593,127.083626,,,02-450-7873,서울특별시 광진구청,2025-12-23
중곡2동671,1,,서울특별시 광진구 중곡2동 43-19,37.559586,127.083630,,,02-450-7873,서울특별시 광진구청,2025-12-23
중곡2동673,1,,서울특별시 광진구 중곡동 127-10,37.5592183,127.0857983,,,02-450-7873,서울특별시 광진구청,2025-12-23
중곡2동674,1,,서울특별시 광진구 중곡2동 35-8,37.559532,127.083690,,,02-450-7873,서울특별시 광진구청,2025-12-23
중곡2동675,1,,서울특별시 광진구 중곡동 275-11,37.5586835155,127.083755,,,02-450-7873,서울특별시 광진구청,2025-12-23
중곡2동676,1,,서울특별시 광진구 중곡2동 119-21,37.559310,127.083890,,,02-450-7873,서울특별시 광진구청,2025-12-23
중곡2동677,1,,서울특별시 광진구 중곡동 275-11,37.5586835155,127.0837452384,,,02-450-7873,서울특별시 광진구청,2025-12-23
중곡2동678,1,,서울특별시 광진구 중곡동 33-47,37.56353184,127.0845107,,,02-450-7873,서울특별시 광진구청,2025-12-23
중곡2동679,1,,서울특별시 광진구 중곡동 129-19,37.5571360112,127.0857977,,건축물,02-450-7873,서울특별시 광진구청,2025-12-23
중곡2동680,1,,서울특별시 광진구 중곡동 31-8,37.56382861,127.0834047,,,02-450-7873,서울특별시 광진구청,2025-12-23
중곡2동681,1,,서울특별시 광진구 중곡동 276-11,37.55514088,127.0868527173,,건축물,02-450-7873,서울특별시 광진구청,2025-12-23
중곡2동682,1,,서울특별시 광진구 중곡동 276-11,37.55514088,127.0868527173,,건축물,02-450-7873,서울특별시 광진구청,2025-12-23
중곡2동683,1,,서울특별시 광진구 중곡동 158-14,37.55783888,127.0808577,,,02-450-7873,서울특별시 광진구청,2025-12-23
중곡2동684,1,,서울특별시 광진구 중곡동 138-32,37.5576838,127.0831574,,,02-450-7873,서울특별시 광진구청,2025-12-23
중곡2동685,1,,서울특별시 광진구 중곡동 135-9,37.5574712,127.0838985,,,02-450-7873,서울특별시 광진구청,2025-12-23
중곡2동686,1,,서울특별시 광진구 중곡동 34-11,37.562665186,127.0851281498,,한전주,02-450-7873,서울특별시 광진구청,2025-12-23
중곡2동687,1,,서울특별시 광진구 중곡동 51-10,37.55985351,127.0841515,,,02-450-7873,서울특별시 광진구청,2025-12-23
중곡2동688,1,,서울특별시 광진구 중곡동 53-22,37.5584999505,127.0845831,,,02-450-7873,서울특별시 광진구청,2025-12-23
중곡2동689,1,,서울특별시 광진구 중곡동 33-51,37.5633972894,127.0844263,,,02-450-7873,서울특별시 광진구청,2025-12-23
중곡3동001,1,,서울특별시 광진구 중곡3동 29-15,37.5662261,127.0857305,,한전주,02-450-7873,서울특별시 광진구청,2025-12-23
중곡3동002,1,,서울특별시 광진구 중곡3동 29-12(반대편),37.5664885,127.0858745,,한전주,02-450-7873,서울특별시 광진구청,2025-12-23
중곡3동003,1,,서울특별시 광진구 중곡3동 29-11(반대편),37.5666694,127.0859628,,전용주,02-450-7873,서울특별시 광진구청,2025-12-23
중곡3동004,1,,서울특별시 광진구 중곡3동 29-10(반대편),37.566778,127.0860181,,한전주,02-450-7873,서울특별시 광진구청,2025-12-23
중곡3동005,1,,서울특별시 광진구 중곡3동 29-8,37.5670436,127.0861003,,전용주,02-450-7873,서울특별시 광진구청,2025-12-23
중곡3동006,1,,서울특별시 광진구 중곡3동 29-1,37.5668069,127.0862668,,한전주,02-450-7873,서울특별시 광진구청,2025-12-23
중곡3동007,1,,서울특별시 광진구 중곡3동 29-13,37.5664405,127.0857668,,,02-450-7873,서울특별시 광진구청,2025-12-23
중곡3동008,1,,서울특별시 광진구 중곡3동 29-40,37.5663577,127.0852761,,전용주,02-450-7873,서울특별시 광진구청,2025-12-23
중곡3동009,1,,서울특별시 광진구 중곡3동 29-33,37.566602,127.085409,,한전주,02-450-7873,서울특별시 광진구청,2025-12-23
중곡3동010,1,,서울특별시 광진구 중곡3동 29-23,37.5668016,127.0855763,,전용주,02-450-7873,서울특별시 광진구청,2025-12-23
중곡3동011,1,,서울특별시 광진구 중곡3동 29-34,37.5670545,127.0856638,,한전주,02-450-7873,서울특별시 광진구청,2025-12-23
중곡3동012,1,,서울특별시 광진구 중곡3동 29-34,37.5671261,127.085595,,전용주,02-450-7873,서울특별시 광진구청,2025-12-23
중곡3동013,1,,서울특별시 광진구 중곡3동 29-32,37.5673531,127.0858186,,한전주,02-450-7873,서울특별시 광진구청,2025-12-23
중곡3동014,1,,서울특별시 광진구 중곡3동 29-89,37.5675336,127.0858617,,건축물,02-450-7873,서울특별시 광진구청,2025-12-23
중곡3동015,1,,서울특별시 광진구 중곡3동 29-30,37.5676716,127.0859782,,한전주,02-450-7873,서울특별시 광진구청,2025-12-23
중곡3동016,1,,서울특별시 광진구 중곡3동 23-30,37.5678055,127.0860622,,,02-450-7873,서울특별시 광진구청,2025-12-23
중곡3동017,1,,서울특별시 광진구 중곡3동 29-56,37.5681554,127.0858655,,건축물,02-450-7873,서울특별시 광진구청,2025-12-23
중곡3동018,1,,서울특별시 광진구 중곡3동 29-57,37.5680201,127.0858445,,,02-450-7873,서울특별시 광진구청,2025-12-23
중곡3동019,1,,서울특별시 광진구 중곡3동 29-53,37.5678395,127.0858014,,한전주,02-450-7873,서울특별시 광진구청,2025-12-23
중곡3동020,1,,서울특별시 광진구 중곡3동 29-50,37.5675137,127.0856129,,한전주,02-450-7873,서울특별시 광진구청,2025-12-23
중곡3동021,1,,서울특별시 광진구 중곡3동 29-77,37.5673215,127.0852304,,건축물,02-450-7873,서울특별시 광진구청,2025-12-23
중곡3동022,1,,서울특별시 광진구 중곡3동 29-48,37.567170,127.0854473,,한전주,02-450-7873,서울특별시 광진구청,2025-12-23
중곡3동023,1,,서울특별시 광진구 중곡3동 29-64,37.5670158,127.0853134,,건축물,02-450-7873,서울특별시 광진구청,2025-12-23
중곡3동024,1,,서울특별시 광진구 중곡3동 29-45,37.5668803,127.0852698,,전용주,02-450-7873,서울특별시 광진구청,2025-12-23
중곡3동025,1,,서울특별시 광진구 중곡3동 29-88,37.5667538,127.085226,,한전주,02-450-7873,서울특별시 광진구청,2025-12-23
중곡3동026,1,,서울특별시 광진구 중곡3동 29-44,37.5666092,127.0851712,,건축물,02-450-7873,서울특별시 광진구청,2025-12-23
중곡3동027,1,,서울특별시 광진구 중곡3동 29-69,37.5664728,127.0850144,,전용주,02-450-7873,서울특별시 광진구청,2025-12-23
중곡3동028,1,,서울특별시 광진구 중곡3동 1번출구,37.5662351,127.0845645,,,02-450-7873,서울특별시 광진구청,2025-12-23
중곡3동029,1,,서울특별시 광진구 중곡3동 273-1,37.5681934,127.0856477,,한전주,02-450-7873,서울특별시 광진구청,2025-12-23
중곡3동030,1,,서울특별시 광진구 중곡3동 273-1,37.5682057,127.0853712,,한전주,02-450-7873,서울특별시 광진구청,2025-12-23
중곡3동031,1,,서울특별시 광진구 중곡3동 168-1,37.5682041,127.0852039,,한전주,02-450-7873,서울특별시 광진구청,2025-12-23
중곡3동032,1,,서울특별시 광진구 중곡3동 168-8,37.5681143,127.0847847,,한전주,02-450-7873,서울특별시 광진구청,2025-12-23
중곡3동033,1,,서울특별시 광진구 중곡3동 169-54,37.5680272,127.0844407,,한전주,02-450-7873,서울특별시 광진구청,2025-12-23
중곡3동034,1,,서울특별시 광진구 중곡동 168-8,37.5677792,127.0848024,,전용주,02-450-7873,서울특별시 광진구청,2025-12-23
중곡3동035,1,,서울특별시 광진구 중곡3동 169-12,37.5679056,127.0838649,,전용주,02-450-7873,서울특별시 광진구청,2025-12-23
중곡3동036,1,,서울특별시 광진구 중곡3동 169-59,37.567995,127.0837732,,한전주,02-450-7873,서울특별시 광진구청,2025-12-23
중곡3동037,1,,서울특별시 광진구 중곡3동 170-8,37.5680462,127.083399,,한전주,02-450-7873,서울특별시 광진구청,2025-12-23
중곡3동038,1,,서울특별시 광진구 중곡3동 170-19,37.5680571,127.0831475,,한전주,02-450-7873,서울특별시 광진구청,2025-12-23
중곡3동039,1,,서울특별시 광진구 중곡3동 170-17,37.5678377,127.0832431,,한전주,02-450-7873,서울특별시 광진구청,2025-12-23
중곡3동040,1,,서울특별시 광진구 중곡3동 170-7,37.5676854,127.0833582,,한전주,02-450-7873,서울특별시 광진구청,2025-12-23
중곡3동041,1,,서울특별시 광진구 중곡3동 170-48,37.5675941,127.0832008,,건축물,02-450-7873,서울특별시 광진구청,2025-12-23
중곡3동042,1,,서울특별시 광진구 중곡3동 170-35,37.5676537,127.0827473,,건축물,02-450-7873,서울특별시 광진구청,2025-12-23
중곡3동043,1,,서울특별시 광진구 중곡3동 170-30,37.5677704,127.0826893,,전용주,02-450-7873,서울특별시 광진구청,2025-12-23
중곡3동044,1,,서울특별시 광진구 중곡3동 170-29,37.56788657,127.0827011,,한전주,02-450-7873,서울특별시 광진구청,2025-12-23
중곡3동045,1,,서울특별시 광진구 중곡3동 169-28,37.568159,127.082843,,건축물,02-450-7873,서울특별시 광진구청,2025-12-23
중곡3동046,1,,서울특별시 광진구 중곡3동 171-2,37.5676063,127.0824536,,한전주,02-450-7873,서울특별시 광진구청,2025-12-23
중곡3동047,1,,서울특별시 광진구 중곡3동 171-7,37.56743533,127.0825394,,건축물,02-450-7873,서울특별시 광진구청,2025-12-23
중곡3동048,1,,서울특별시 광진구 중곡3동 171-9,37.5675093,127.0827264,,한전주,02-450-7873,서울특별시 광진구청,2025-12-23
중곡3동049,1,,서울특별시 광진구 중곡3동 171-11,37.5674108,127.0827956,,전용주,02-450-7873,서울특별시 광진구청,2025-12-23
중곡3동050,1,,서울특별시 광진구 중곡3동 171-16,37.5673419,127.0832152,,한전주,02-450-7873,서울특별시 광진구청,2025-12-23
중곡3동051,1,,서울특별시 광진구 중곡3동 265-1,37.5677699,127.0837873,,,02-450-7873,서울특별시 광진구청,2025-12-23
중곡3동052,1,,서울특별시 광진구 중곡3동 170-10(반대편),37.5675799,127.0836878,,,02-450-7873,서울특별시 광진구청,2025-12-23
중곡3동053,1,,서울특별시 광진구 중곡3동 171-17(건너편),37.5672721,127.0835104,,한전주,02-450-7873,서울특별시 광진구청,2025-12-23
중곡3동054,1,,서울특별시 광진구 중곡3동 171-19(반대쪽),37.5669735,127.0833443,,한전주,02-450-7873,서울특별시 광진구청,2025-12-23
중곡3동055,1,,서울특별시 광진구 중곡3동 171-32,37.5672727,127.0824237,,한전주,02-450-7873,서울특별시 광진구청,2025-12-23
중곡3동056,1,,서울특별시 광진구 중곡3동 171-28,37.5671484,127.0826629,,건축물,02-450-7873,서울특별시 광진구청,2025-12-23
중곡3동057,1,,서울특별시 광진구 중곡3동 171-35,37.5671044,127.0827993,,한전주,02-450-7873,서울특별시 광진구청,2025-12-23
중곡3동058,1,,서울특별시 광진구 중곡3동 171-30,37.567173,127.0823457,,한전주,02-450-7873,서울특별시 광진구청,2025-12-23
중곡3동059,1,,서울특별시 광진구 중곡3동 172-48,37.5670566,127.0824377,,한전주,02-450-7873,서울특별시 광진구청,2025-12-23
중곡3동060,1,,서울특별시 광진구 중곡3동 171-27,37.5670138,127.0827325,,건축물,02-450-7873,서울특별시 광진구청,2025-12-23
중곡3동061,1,,서울특별시 광진구 중곡3동 172-46,37.5669308,127.0824845,,,02-450-7873,서울특별시 광진구청,2025-12-23
중곡3동062,1,,서울특별시 광진구 중곡3동 172-38,37.5668496,127.0824742,,,02-450-7873,서울특별시 광진구청,2025-12-23
중곡3동063,1,,서울특별시 광진구 중곡3동 172-35,37.5669067,127.0828583,,한전주,02-450-7873,서울특별시 광진구청,2025-12-23
중곡3동064,1,,서울특별시 광진구 중곡3동 172-84,37.5666714,127.0827254,,전용주,02-450-7873,서울특별시 광진구청,2025-12-23
중곡3동065,1,,서울특별시 광진구 중곡3동 172-25,37.5667744,127.0832335,,한전주,02-450-7873,서울특별시 광진구청,2025-12-23
중곡3동066,1,,서울특별시 광진구 중곡3동 172-25,37.5666819,127.0830792,,건축물,02-450-7873,서울특별시 광진구청,2025-12-23
중곡3동067,1,,서울특별시 광진구 중곡3동 172-74,37.5670553,127.0822679,,건축물,02-450-7873,서울특별시 광진구청,2025-12-23
중곡3동068,1,,서울특별시 광진구 중곡3동 172-42,37.5668122,127.0821853,,,02-450-7873,서울특별시 광진구청,2025-12-23
중곡3동069,1,,서울특별시 광진구 중곡3동 172-56,37.5668641,127.0820212,,건축물,02-450-7873,서울특별시 광진구청,2025-12-23
중곡3동070,1,,서울특별시 광진구 중곡3동 193-25,37.5665568,127.0819004,,한전주,02-450-7873,서울특별시 광진구청,2025-12-23
중곡3동071,1,,서울특별시 광진구 중곡3동 193-23,37.5665128,127.0820255,,한전주,02-450-7873,서울특별시 광진구청,2025-12-23
중곡3동072,1,,서울특별시 광진구 중곡3동 193-21,37.5663768,127.0819253,,,02-450-7873,서울특별시 광진구청,2025-12-23
중곡3동073,1,,서울특별시 광진구 중곡3동 193-1,37.5664244,127.0821541,,,02-450-7873,서울특별시 광진구청,2025-12-23
중곡3동074,1,,서울특별시 광진구 중곡3동 193-1,37.5663567,127.0821115,,,02-450-7873,서울특별시 광진구청,2025-12-23
중곡3동075,1,,서울특별시 광진구 중곡3동 172-63,37.5664612,127.0823544,,한전주,02-450-7873,서울특별시 광진구청,2025-12-23
중곡3동076,1,,서울특별시 광진구 중곡3동 172-62,37.566606,127.0824319,,,02-450-7873,서울특별시 광진구청,2025-12-23
중곡3동077,1,,서울특별시 광진구 중곡3동 220-3,37.566309,127.0824695,,건축물,02-450-7873,서울특별시 광진구청,2025-12-23
중곡3동078,1,,서울특별시 광진구 중곡3동 220-10,37.5661639,127.082358,,한전주,02-450-7873,서울특별시 광진구청,2025-12-23
중곡3동079,1,,서울특별시 광진구 중곡3동 220-74,37.566319,127.0826052,,한전주,02-450-7873,서울특별시 광진구청,2025-12-23
중곡3동080,1,,서울특별시 광진구 중곡3동 172-79,37.5665005,127.0827727,,한전주,02-450-7873,서울특별시 광진구청,2025-12-23
중곡3동081,1,,서울특별시 광진구 중곡3동 220-2,37.5662482,127.0827645,,한전주,02-450-7873,서울특별시 광진구청,2025-12-23
중곡3동082,1,,서울특별시 광진구 중곡3동 220-66,37.5659858,127.0826206,,한전주,02-450-7873,서울특별시 광진구청,2025-12-23
중곡3동083,1,,서울특별시 광진구 중곡3동 220-69,37.5657861,127.0824419,,한전주,02-450-7873,서울특별시 광진구청,2025-12-23
중곡3동084,1,,서울특별시 광진구 중곡3동 220-81,37.5656156,127.0825232,,건축물,02-450-7873,서울특별시 광진구청,2025-12-23
중곡3동085,1,,서울특별시 광진구 중곡3동 220-86,37.5655417,127.0822977,,한전주,02-450-7873,서울특별시 광진구청,2025-12-23
중곡3동086,1,,서울특별시 광진구 중곡3동 172-20,37.5663585,127.0830462,,건축물,02-450-7873,서울특별시 광진구청,2025-12-23
중곡3동087,1,,서울특별시 광진구 중곡3동 172-27,37.5664579,127.0830789,,건축물,02-450-7873,서울특별시 광진구청,2025-12-23
중곡3동089,1,,서울특별시 광진구 중곡3동 220-60,37.5661722,127.0830344,,한전주,02-450-7873,서울특별시 광진구청,2025-12-23
중곡3동090,1,,서울특별시 광진구 중곡3동 220-63,37.5659068,127.0828932,,한전주,02-450-7873,서울특별시 광진구청,2025-12-23
중곡3동091,1,,서울특별시 광진구 중곡3동 220-65,37.5657168,127.0827937,,건축물,02-450-7873,서울특별시 광진구청,2025-12-23
중곡3동092,1,,서울특별시 광진구 중곡3동 172-15,37.5662534,127.0834436,,전용주,02-450-7873,서울특별시 광진구청,2025-12-23
중곡3동093,1,,서울특별시 광진구 중곡3동 172-5,37.5664071,127.0835097,,한전주,02-450-7873,서울특별시 광진구청,2025-12-23
중곡3동094,1,,서울특별시 광진구 중곡3동 172-10,37.5665321,127.083361,,전용주,02-450-7873,서울특별시 광진구청,2025-12-23
중곡3동095,1,,서울특별시 광진구 중곡3동 172-7,37.5666229,127.0834725,,,02-450-7873,서울특별시 광진구청,2025-12-23
중곡3동096,1,,서울특별시 광진구 중곡3동 168-3,37.5667939,127.0834257,,한전주,02-450-7873,서울특별시 광진구청,2025-12-23
중곡3동097,1,,서울특별시 광진구 중곡3동 167-13,37.5666354,127.0839031,,한전주,02-450-7873,서울특별시 광진구청,2025-12-23
중곡3동098,1,,서울특별시 광진구 중곡3동 167-11,37.5665383,127.0841533,,한전주,02-450-7873,서울특별시 광진구청,2025-12-23
중곡3동099,1,,서울특별시 광진구 중곡3동 167-16,37.5662846,127.0839753,,,02-450-7873,서울특별시 광진구청,2025-12-23
중곡3동100,1,,서울특별시 광진구 중곡3동 167-15,37.5664726,127.0838145,,한전주,02-450-7873,서울특별시 광진구청,2025-12-23
중곡3동101,1,,서울특별시 광진구 중곡3동 172-5,37.5663541,127.0836461,,,02-450-7873,서울특별시 광진구청,2025-12-23
중곡3동102,1,,서울특별시 광진구 중곡3동 167-17,37.566148,127.0837845,,건축물,02-450-7873,서울특별시 광진구청,2025-12-23
중곡3동103,1,,서울특별시 광진구 중곡3동 167-5,37.5659328,127.083923,,,02-450-7873,서울특별시 광진구청,2025-12-23
중곡3동104,1,,서울특별시 광진구 중곡3동 167-6,37.566005,127.0839447,,건축물,02-450-7873,서울특별시 광진구청,2025-12-23
중곡3동105,1,,서울특별시 광진구 중곡3동 167-9,37.5661048,127.0840341,,,02-450-7873,서울특별시 광진구청,2025-12-23
중곡3동106,1,,서울특별시 광진구 중곡3동 166-1,37.565975,127.0835602,,한전주,02-450-7873,서울특별시 광진구청,2025-12-23
중곡3동107,1,,서울특별시 광진구 중곡3동 166-49,37.5658353,127.0834528,,전용주,02-450-7873,서울특별시 광진구청,2025-12-23
중곡3동108,1,,서울특별시 광진구 중곡3동 166-23,37.565622,127.0833495,,한전주,02-450-7873,서울특별시 광진구청,2025-12-23
중곡3동109,1,,서울특별시 광진구 중곡3동 166-31,37.5655608,127.0835879,,건축물,02-450-7873,서울특별시 광진구청,2025-12-23
중곡3동110,1,,서울특별시 광진구 중곡3동 143-900,37.5654701,127.0835211,,건축물,02-450-7873,서울특별시 광진구청,2025-12-23
중곡3동111,1,,서울특별시 광진구 중곡3동 166-26,37.5653164,127.0834551,,,02-450-7873,서울특별시 광진구청,2025-12-23
중곡3동112,1,,서울특별시 광진구 중곡3동 166-21,37.5653777,127.0832166,,한전주,02-450-7873,서울특별시 광진구청,2025-12-23
중곡3동113,1,,서울특별시 광진구 중곡3동 220-22,37.5652411,127.0830372,,,02-450-7873,서울특별시 광진구청,2025-12-23
중곡3동114,1,,서울특별시 광진구 중곡3동 166-37,37.5649787,127.0828932,,한전주,02-450-7873,서울특별시 광진구청,2025-12-23
중곡3동115,1,,서울특별시 광진구 중곡3동 265-5,37.5647253,127.0827492,,한전주,02-450-7873,서울특별시 광진구청,2025-12-23
중곡3동116,1,,서울특별시 광진구 중곡3동 220-26,37.5648091,127.0826273,,건축물,02-450-7873,서울특별시 광진구청,2025-12-23
중곡3동117,1,,서울특별시 광진구 중곡3동 166-44,37.5647849,127.0834616,,한전주,02-450-7873,서울특별시 광진구청,2025-12-23
중곡3동118,1,,서울특별시 광진구 중곡3동 166-43,37.564943,127.0833635,,전용주,02-450-7873,서울특별시 광진구청,2025-12-23
중곡3동119,1,,서울특별시 광진구 중곡3동 166-40,37.5650538,127.0834765,,건축물,02-450-7873,서울특별시 광진구청,2025-12-23
중곡3동120,1,,서울특별시 광진구 중곡3동 220-33,37.5648964,127.0823027,,건축물,02-450-7873,서울특별시 광진구청,2025-12-23
중곡3동121,1,,서울특별시 광진구 중곡3동 220-32,37.5649656,127.0823614,,전용주,02-450-7873,서울특별시 광진구청,2025-12-23
중곡3동122,1,,서울특별시 광진구 중곡3동 220-33,37.5649279,127.0821581,,건축물,02-450-7873,서울특별시 광진구청,2025-12-23
중곡3동123,1,,서울특별시 광진구 중곡3동 220-42,37.5650883,127.0819184,,건축물,02-450-7873,서울특별시 광진구청,2025-12-23
중곡3동124,1,,서울특별시 광진구 중곡3동 193-41,37.5651388,127.0815589,,전용주,02-450-7873,서울특별시 광진구청,2025-12-23
중곡3동125,1,,서울특별시 광진구 중곡3동 193-44,37.5652544,127.0812712,,건축물,02-450-7873,서울특별시 광진구청,2025-12-23
중곡3동126,1,,서울특별시 광진구 중곡3동 220-47,37.565294,127.0817235,,한전주,02-450-7873,서울특별시 광진구청,2025-12-23
중곡3동127,1,,서울특별시 광진구 중곡3동 193-34,37.5654642,127.0815969,,전용주,02-450-7873,서울특별시 광진구청,2025-12-23
중곡3동128,1,,서울특별시 광진구 중곡3동 193-36,37.5655899,127.0813439,,,02-450-7873,서울특별시 광진구청,2025-12-23
중곡3동129,1,,서울특별시 광진구 중곡3동 193-33,37.5656767,127.0814221,,,02-450-7873,서울특별시 광진구청,2025-12-23
중곡3동130,1,,서울특별시 광진구 중곡3동 193-31,37.5656288,127.0816974,,,02-450-7873,서울특별시 광진구청,2025-12-23
중곡3동131,1,,서울특별시 광진구 중곡3동 548,37.5711689,127.0840514,,건축물,02-450-7873,서울특별시 광진구청,2025-12-23
중곡3동132,1,,서울특별시 광진구 중곡3동 552-4,37.5710147,127.0839287,,한전주,02-450-7873,서울특별시 광진구청,2025-12-23
중곡3동133,1,,서울특별시 광진구 중곡3동 552-7,37.5710046,127.0837817,,전용주,02-450-7873,서울특별시 광진구청,2025-12-23
중곡3동134,1,,서울특별시 광진구 중곡3동 552-6,37.5708434,127.0839082,,한전주,02-450-7873,서울특별시 광진구청,2025-12-23
중곡3동135,1,,서울특별시 광진구 중곡3동 553-3,37.5707081,127.0838872,,,02-450-7873,서울특별시 광진구청,2025-12-23
중곡3동136,1,,서울특별시 광진구 중곡3동 553-4,37.5705005,127.0838445,,건축물,02-450-7873,서울특별시 광진구청,2025-12-23
중곡3동137,1,,서울특별시 광진구 중곡3동 553-4,37.5704993,127.083686,,건축물,02-450-7873,서울특별시 광진구청,2025-12-23
중곡3동139,1,,서울특별시 광진구 중곡3동 199-1,37.57044591,127.0833266,,한전주,02-450-7873,서울특별시 광진구청,2025-12-23
중곡3동140,1,,서울특별시 광진구 중곡3동 204,37.5702216,127.0832614,,한전주,02-450-7873,서울특별시 광진구청,2025-12-23
중곡3동141,1,,서울특별시 광진구 중곡3동 200,37.5695482,127.0831651,,한전주,02-450-7873,서울특별시 광진구청,2025-12-23
중곡3동142,1,,서울특별시 광진구 중곡3동 199-27,37.5696042,127.0833007,,한전주,02-450-7873,서울특별시 광진구청,2025-12-23
중곡3동143,1,,서울특별시 광진구 중곡3동 199-18,37.56982869,127.0833844,,한전주,02-450-7873,서울특별시 광진구청,2025-12-23
중곡3동144,1,,서울특별시 광진구 중곡3동 198-26,37.5695243,127.0834489,,한전주,02-450-7873,서울특별시 광진구청,2025-12-23
중곡3동145,1,,서울특별시 광진구 중곡3동 198-36,37.5693438,127.0834171,,전용주,02-450-7873,서울특별시 광진구청,2025-12-23
중곡3동146,1,,서울특별시 광진구 중곡3동 196-13,37.5695541,127.0838108,,한전주,02-450-7873,서울특별시 광진구청,2025-12-23
중곡3동147,1,,서울특별시 광진구 중곡3동 196-11,37.5698479,127.0838257,,한전주,02-450-7873,서울특별시 광진구청,2025-12-23
중곡3동148,1,,서울특별시 광진구 중곡3동 199-12,37.5697975,127.0836187,,건축물,02-450-7873,서울특별시 광진구청,2025-12-23
중곡3동149,1,,서울특별시 광진구 중곡3동 199-7,37.5698738,127.0835695,,건축물,02-450-7873,서울특별시 광진구청,2025-12-23
중곡3동150,1,,서울특별시 광진구 중곡동 200,37.5694751614,127.0833275387,,건축물,02-450-7873,서울특별시 광진구청,2025-12-23
중곡3동151,1,,서울특별시 광진구 중곡3동 199-24,37.5700307,127.0837041,,전용주,02-450-7873,서울특별시 광진구청,2025-12-23
중곡3동152,1,,서울특별시 광진구 중곡3동 200,37.5701032,127.0837815,,,02-450-7873,서울특별시 광진구청,2025-12-23
중곡3동153,1,,서울특별시 광진구 중곡3동 196-34,37.5701704,127.083880,,건축물,02-450-7873,서울특별시 광진구청,2025-12-23
중곡3동154,1,,서울특별시 광진구 중곡3동 196-36,37.5703181,127.083916,,한전주,02-450-7873,서울특별시 광진구청,2025-12-23
중곡3동155,1,,서울특별시 광진구 중곡3동 196-40,37.5700793,127.0841439,,전용주,02-450-7873,서울특별시 광진구청,2025-12-23
중곡3동156,1,,서울특별시 광진구 중곡3동 196-29,37.5703771,127.0841969,,건축물,02-450-7873,서울특별시 광진구청,2025-12-23
중곡3동157,1,,서울특별시 광진구 중곡3동 549-7,37.5704408,127.0842754,,한전주,02-450-7873,서울특별시 광진구청,2025-12-23
중곡3동158,1,,서울특별시 광진구 중곡3동 549-4,37.5706838,127.0842498,,한전주,02-450-7873,서울특별시 광진구청,2025-12-23
중곡3동159,1,,서울특별시 광진구 중곡3동 544-4,37.5707194,127.0845669,,한전주,02-450-7873,서울특별시 광진구청,2025-12-23
중곡3동160,1,,서울특별시 광진구 중곡3동 544-5,37.5706782,127.084680,,건축물,02-450-7873,서울특별시 광진구청,2025-12-23
중곡3동161,1,,서울특별시 광진구 중곡3동 542-4,37.5707728,127.0850624,,,02-450-7873,서울특별시 광진구청,2025-12-23
중곡3동162,1,,서울특별시 광진구 중곡3동 548-9,37.5709367,127.0843259,,전용주,02-450-7873,서울특별시 광진구청,2025-12-23
중곡3동163,1,,서울특별시 광진구 중곡3동 545-7,37.5709691,127.084599,,한전주,02-450-7873,서울특별시 광진구청,2025-12-23
중곡3동164,1,,서울특별시 광진구 중곡3동 545-5,37.5709579,127.0847332,,전용주,02-450-7873,서울특별시 광진구청,2025-12-23
중곡3동165,1,,서울특별시 광진구 중곡3동 545-2,37.5711646,127.0846627,,한전주,02-450-7873,서울특별시 광진구청,2025-12-23
중곡3동166,1,,서울특별시 광진구 중곡3동 542-10,37.5708512,127.0849156,,건축물,02-450-7873,서울특별시 광진구청,2025-12-23
중곡3동167,1,,서울특별시 광진구 중곡3동 542-7,37.5705987,127.0848961,,,02-450-7873,서울특별시 광진구청,2025-12-23
중곡3동168,1,,서울특별시 광진구 중곡3동 542-1,37.571069,127.0851167,,한전주,02-450-7873,서울특별시 광진구청,2025-12-23
중곡3동169,1,,서울특별시 광진구 중곡3동 542-2,37.57092803,127.0850882,,전용주,02-450-7873,서울특별시 광진구청,2025-12-23
중곡3동170,1,,서울특별시 광진구 중곡3동 541-6,37.5709073,127.0851753,,건축물,02-450-7873,서울특별시 광진구청,2025-12-23
중곡3동171,1,,서울특별시 광진구 중곡동 541-7,37.57068057,127.085331,,전용주,02-450-7873,서울특별시 광진구청,2025-12-23
중곡3동172,1,,서울특별시 광진구 중곡3동 541-7,37.5707367,127.0852566,,건축물,02-450-7873,서울특별시 광진구청,2025-12-23
중곡3동173,1,,서울특별시 광진구 중곡3동 543-1,37.5705637,127.085021,,한전주,02-450-7873,서울특별시 광진구청,2025-12-23
중곡3동174,1,,서울특별시 광진구 중곡3동 543-2(반대),37.5703107,127.0849335,,,02-450-7873,서울특별시 광진구청,2025-12-23
중곡3동175,1,,서울특별시 광진구 중곡3동 195-1,37.5703343,127.0846821,,전용주,02-450-7873,서울특별시 광진구청,2025-12-23
중곡3동176,1,,서울특별시 광진구 중곡3동 196-1(반대),37.5703253,127.0844919,,한전주,02-450-7873,서울특별시 광진구청,2025-12-23
중곡3동177,1,,서울특별시 광진구 중곡3동 196-2(반대),37.5700185,127.084439,,한전주,02-450-7873,서울특별시 광진구청,2025-12-23
중곡3동178,1,,서울특별시 광진구 중곡3동 195-18,37.5696666,127.0843754,,한전주,02-450-7873,서울특별시 광진구청,2025-12-23
중곡3동179,1,,서울특별시 광진구 중곡3동 197-1,37.5694135,127.0842653,,한전주,02-450-7873,서울특별시 광진구청,2025-12-23
중곡3동180,1,,서울특별시 광진구 중곡3동 196-9,37.5695216,127.084264,,한전주,02-450-7873,서울특별시 광진구청,2025-12-23
중곡3동181,1,,서울특별시 광진구 중곡3동 196-10,37.5695198,127.0840263,,전용주,02-450-7873,서울특별시 광진구청,2025-12-23
중곡3동182,1,,서울특별시 광진구 중곡3동 197-14,37.5693554,127.0837453,,한전주,02-450-7873,서울특별시 광진구청,2025-12-23
중곡3동183,1,,서울특별시 광진구 중곡3동 197-11,37.5690217,127.0837041,,한전주,02-450-7873,서울특별시 광진구청,2025-12-23
중곡3동184,1,,서울특별시 광진구 중곡3동 198-19,37.5690557,127.0834433,,전용주,02-450-7873,서울특별시 광진구청,2025-12-23
중곡3동185,1,,서울특별시 광진구 중곡3동 198-39,37.5688044,127.0835709,,한전주,02-450-7873,서울특별시 광진구청,2025-12-23
중곡3동186,1,,서울특별시 광진구 중곡3동 169-85,37.5687782,127.0836844,,한전주,02-450-7873,서울특별시 광진구청,2025-12-23
중곡3동187,1,,서울특별시 광진구 중곡3동 200,37.5690114,127.0839223,,건축물,02-450-7873,서울특별시 광진구청,2025-12-23
중곡3동188,1,,서울특별시 광진구 중곡3동 197-7,37.5693123,127.0840256,,전용주,02-450-7873,서울특별시 광진구청,2025-12-23
중곡3동189,1,,서울특별시 광진구 중곡3동 169-121,37.5691252,127.0842688,,한전주,02-450-7873,서울특별시 광진구청,2025-12-23
중곡3동190,1,,서울특별시 광진구 중곡3동 169-4,37.5692276,127.0846977,,한전주,02-450-7873,서울특별시 광진구청,2025-12-23
중곡3동191,1,,서울특별시 광진구 중곡3동 200,37.56925261,127.0848847,,한전주,02-450-7873,서울특별시 광진구청,2025-12-23
중곡3동192,1,,서울특별시 광진구 중곡3동 194-8,37.5693195,127.0849343,,건축물,02-450-7873,서울특별시 광진구청,2025-12-23
중곡3동193,1,,서울특별시 광진구 중곡3동 194-67,37.5693229,127.0853644,,한전주,02-450-7873,서울특별시 광진구청,2025-12-23
중곡3동194,1,,서울특별시 광진구 중곡3동 291-9,37.5692766,127.0852065,,건축물,02-450-7873,서울특별시 광진구청,2025-12-23
중곡3동195,1,,서울특별시 광진구 중곡3동 194-10,37.5695538,127.0849315,,한전주,02-450-7873,서울특별시 광진구청,2025-12-23
중곡3동197,1,,서울특별시 광진구 중곡3동 194-23,37.5698155,127.0849849,,한전주,02-450-7873,서울특별시 광진구청,2025-12-23
중곡3동198,1,,서울특별시 광진구 중곡3동 194-24(반대),37.5697247,127.0848954,,전용주,02-450-7873,서울특별시 광진구청,2025-12-23
중곡3동199,1,,서울특별시 광진구 중곡3동 194-24,37.5697806,127.0851325,,전용주,02-450-7873,서울특별시 광진구청,2025-12-23
중곡3동200,1,,서울특별시 광진구 중곡3동 194-59,37.5699689,127.0850056,,한전주,02-450-7873,서울특별시 광진구청,2025-12-23
중곡3동201,1,,서울특별시 광진구 중곡3동 194-19,37.570276,127.0851038,,한전주,02-450-7873,서울특별시 광진구청,2025-12-23
중곡3동202,1,,서울특별시 광진구 중곡3동 194-41,37.5702427,127.0854664,,한전주,02-450-7873,서울특별시 광진구청,2025-12-23
중곡3동203,1,,서울특별시 광진구 중곡동 539-1,37.57031677,127.0856718,,,02-450-7873,서울특별시 광진구청,2025-12-23
중곡3동204,1,,서울특별시 광진구 중곡3동 538-11,37.5706219,127.0855637,,한전주,02-450-7873,서울특별시 광진구청,2025-12-23
중곡3동205,1,,서울특별시 광진구 중곡3동 538-13,37.5708565,127.0856061,,한전주,02-450-7873,서울특별시 광진구청,2025-12-23
중곡3동207,1,,서울특별시 광진구 중곡3동 194-28,37.5702173,127.0856705,,한전주,02-450-7873,서울특별시 광진구청,2025-12-23
중곡3동208,1,,서울특별시 광진구 중곡동 194-43,37.57008817,127.0853508016,,건축물,02-450-7873,서울특별시 광진구청,2025-12-23
중곡3동209,1,,서울특별시 광진구 중곡3동 194-37,37.569927,127.0854137,,한전주,02-450-7873,서울특별시 광진구청,2025-12-23
중곡3동210,1,,서울특별시 광진구 중곡3동 194-65,37.5696653,127.0853716,,한전주,02-450-7873,서울특별시 광진구청,2025-12-23
중곡3동211,1,,서울특별시 광진구 중곡3동 194-37,37.569575,127.0853387,,,02-450-7873,서울특별시 광진구청,2025-12-23
중곡3동212,1,,서울특별시 광진구 중곡3동 200-9,37.5694013,127.0857034,,한전주,02-450-7873,서울특별시 광진구청,2025-12-23
중곡3동213,1,,서울특별시 광진구 중곡3동 291-1,37.5693457,127.0857695,,,02-450-7873,서울특별시 광진구청,2025-12-23
중곡3동216,1,,서울특별시 광진구 중곡3동 194-58,37.5695925,127.0856665,,,02-450-7873,서울특별시 광진구청,2025-12-23
중곡3동217,1,,서울특별시 광진구 중곡3동 194-34,37.569723,127.0855795,,전용주,02-450-7873,서울특별시 광진구청,2025-12-23
중곡3동218,1,,서울특별시 광진구 중곡3동 194-32,37.5698924,127.0856065,,한전주,02-450-7873,서울특별시 광진구청,2025-12-23
중곡3동219,1,,서울특별시 광진구 중곡3동 194-58,37.5697505,127.0857078,,건축물,02-450-7873,서울특별시 광진구청,2025-12-23
중곡3동220,1,,서울특별시 광진구 중곡3동 169-80,37.5689649,127.0856858,,한전주,02-450-7873,서울특별시 광진구청,2025-12-23
중곡3동221,1,,서울특별시 광진구 중곡3동 169-80,37.5689711,127.0853235,,한전주,02-450-7873,서울특별시 광진구청,2025-12-23
중곡3동222,1,,서울특별시 광진구 중곡3동 169-119,37.5689669,127.0847688,,한전주,02-450-7873,서울특별시 광진구청,2025-12-23
중곡3동223,1,,서울특별시 광진구 중곡3동 169-91,37.5689518,127.0842754,,한전주,02-450-7873,서울특별시 광진구청,2025-12-23
중곡3동224,1,,서울특별시 광진구 중곡3동 169-83,37.5689373,127.0840317,,한전주,02-450-7873,서울특별시 광진구청,2025-12-23
중곡3동225,1,,서울특별시 광진구 중곡3동 169-113,37.5686546,127.0843854,,건축물,02-450-7873,서울특별시 광진구청,2025-12-23
중곡3동226,1,,서울특별시 광진구 중곡3동 169-113,37.5684898,127.084392,,한전주,02-450-7873,서울특별시 광진구청,2025-12-23
중곡3동227,1,,서울특별시 광진구 중곡3동 169-114,37.5683511,127.0844027,,,02-450-7873,서울특별시 광진구청,2025-12-23
중곡3동228,1,,서울특별시 광진구 중곡3동 169-82,37.5683316,127.0844559,,,02-450-7873,서울특별시 광진구청,2025-12-23
중곡3동229,1,,서울특별시 광진구 중곡3동 169-40,37.5683543,127.0846897,,전용주,02-450-7873,서울특별시 광진구청,2025-12-23
중곡3동230,1,,서울특별시 광진구 중곡3동 169-48,37.5683639,127.0848668,,한전주,02-450-7873,서울특별시 광진구청,2025-12-23
중곡3동231,1,,서울특별시 광진구 중곡3동 169-51,37.56848266,127.0850848,,전용주,02-450-7873,서울특별시 광진구청,2025-12-23
중곡3동232,1,,서울특별시 광진구 중곡3동 169-40,37.5685186,127.0852051,,한전주,02-450-7873,서울특별시 광진구청,2025-12-23
중곡3동233,1,,서울특별시 광진구 중곡3동 169-41,37.5685301,127.0853854,,전용주,02-450-7873,서울특별시 광진구청,2025-12-23
중곡3동234,1,,서울특별시 광진구 중곡3동 169-40,37.5681674,127.0839296,,한전주,02-450-7873,서울특별시 광진구청,2025-12-23
중곡3동235,1,,서울특별시 광진구 중곡3동 169-83,37.568195,127.0836718,,전용주,02-450-7873,서울특별시 광진구청,2025-12-23
중곡3동236,1,,서울특별시 광진구 중곡3동 169-83,37.56822903,127.0839618,,,02-450-7873,서울특별시 광진구청,2025-12-23
중곡3동237,1,,서울특별시 광진구 중곡3동 169-83,37.5684194,127.083959,,한전주,02-450-7873,서울특별시 광진구청,2025-12-23
중곡3동238,1,,서울특별시 광진구 중곡3동 169-104,37.5686766,127.0840343,,건축물,02-450-7873,서울특별시 광진구청,2025-12-23
중곡3동239,1,,서울특별시 광진구 중곡3동 169-85,37.5685614,127.0836078,,한전주,02-450-7873,서울특별시 광진구청,2025-12-23
중곡3동240,1,,서울특별시 광진구 중곡3동 169-84,37.5684818,127.0835977,,건축물,02-450-7873,서울특별시 광진구청,2025-12-23
중곡3동241,1,,서울특별시 광진구 중곡3동 169-84,37.5686592,127.0834368,,한전주,02-450-7873,서울특별시 광진구청,2025-12-23
중곡3동242,1,,서울특별시 광진구 중곡3동 169-66,37.5685702,127.0833694,,건축물,02-450-7873,서울특별시 광진구청,2025-12-23
중곡3동243,1,,서울특별시 광진구 중곡3동 169-70,37.5682994,127.0833792,,,02-450-7873,서울특별시 광진구청,2025-12-23
중곡3동244,1,,서울특별시 광진구 중곡3동 169-20,37.5686112,127.0830639,,한전주,02-450-7873,서울특별시 광진구청,2025-12-23
중곡3동245,1,,서울특별시 광진구 중곡3동 169-23,37.5684842,127.0829522,,전용주,02-450-7873,서울특별시 광진구청,2025-12-23
중곡3동246,1,,서울특별시 광진구 중곡3동 169-18,37.5683858,127.083044,,건축물,02-450-7873,서울특별시 광진구청,2025-12-23
중곡3동247,1,,서울특별시 광진구 중곡3동 169-24,37.5682421,127.0831023,,건축물,02-450-7873,서울특별시 광진구청,2025-12-23
중곡3동248,1,,서울특별시 광진구 중곡3동 220-78,37.5646778,127.0824328,,건축물,02-450-7873,서울특별시 광진구청,2025-12-23
중곡3동249,1,,서울특별시 광진구 중곡3동 30-64,37.5641748,127.083897,,,02-450-7873,서울특별시 광진구청,2025-12-23
중곡3동250,1,,서울특별시 광진구 중곡3동 30-30,37.5644474,127.0840996,,전용주,02-450-7873,서울특별시 광진구청,2025-12-23
중곡3동251,1,,서울특별시 광진구 중곡3동 30-12,37.5640435,127.084297,,한전주,02-450-7873,서울특별시 광진구청,2025-12-23
중곡3동252,1,,서울특별시 광진구 중곡3동 30-20,37.5641883,127.0843858,,한전주,02-450-7873,서울특별시 광진구청,2025-12-23
중곡3동253,1,,서울특별시 광진구 중곡3동 220-80,37.5655987,127.0819013,,한전주,02-450-7873,서울특별시 광진구청,2025-12-23
중곡3동254,1,,서울특별시 광진구 중곡3동 220-20,37.5657737,127.0820006,,한전주,02-450-7873,서울특별시 광진구청,2025-12-23
중곡3동255,1,,서울특별시 광진구 중곡3동 193-9,37.56582101,127.0817762,,전용주,02-450-7873,서울특별시 광진구청,2025-12-23
중곡3동256,1,,서울특별시 광진구 중곡3동 193-17,37.5659527,127.0818399,,건축물,02-450-7873,서울특별시 광진구청,2025-12-23
중곡3동257,1,,서울특별시 광진구 중곡3동 220-14,37.5658838,127.0822596,,전용주,02-450-7873,서울특별시 광진구청,2025-12-23
중곡3동258,1,,서울특별시 광진구 중곡3동 220-12,37.5661328,127.0821943,,한전주,02-450-7873,서울특별시 광진구청,2025-12-23
중곡3동259,1,,서울특별시 광진구 중곡3동 193-18,37.5661157,127.0819511,,건축물,02-450-7873,서울특별시 광진구청,2025-12-23
중곡3동261,1,,서울특별시 광진구 중곡동 190-28,37.56619717,127.0782235565,,,02-450-7873,서울특별시 광진구청,2025-12-23
중곡3동262,1,,서울특별시 광진구 중곡3동 267-4,37.5660897,127.0784004,,전용주,02-450-7873,서울특별시 광진구청,2025-12-23
중곡3동263,1,,서울특별시 광진구 중곡3동 190-34,37.5663483,127.0782581,,건축물,02-450-7873,서울특별시 광진구청,2025-12-23
중곡3동264,1,,서울특별시 광진구 중곡3동 191-77,37.5662978,127.0785168,,한전주,02-450-7873,서울특별시 광진구청,2025-12-23
중곡3동265,1,,서울특별시 광진구 중곡3동 191-77,37.5664788,127.0786164,,전용주,02-450-7873,서울특별시 광진구청,2025-12-23
중곡3동266,1,,서울특별시 광진구 중곡3동 191-77,37.5666779,127.0787272,,한전주,02-450-7873,서울특별시 광진구청,2025-12-23
중곡3동267,1,,서울특별시 광진구 중곡3동 191-77,37.5668288,127.0788182,,건축물,02-450-7873,서울특별시 광진구청,2025-12-23
중곡3동268,1,,서울특별시 광진구 중곡3동 191-77,37.5670197,127.0789182,,한전주,02-450-7873,서울특별시 광진구청,2025-12-23
중곡3동270,1,,서울특별시 광진구 중곡3동 191-55,37.5669958,127.0793012,,,02-450-7873,서울특별시 광진구청,2025-12-23
중곡3동271,1,,서울특별시 광진구 중곡3동 191-53,37.567087,127.0793923,,건축물,02-450-7873,서울특별시 광진구청,2025-12-23
중곡3동272,1,,서울특별시 광진구 중곡3동 191-136,37.5668362,127.0795878,,한전주,02-450-7873,서울특별시 광진구청,2025-12-23
중곡3동273,1,,서울특별시 광진구 중곡3동 191-133,37.5666095,127.0793981,,한전주,02-450-7873,서울특별시 광진구청,2025-12-23
중곡3동274,1,,서울특별시 광진구 중곡3동 191-117,37.566356,127.0792428,,한전주,02-450-7873,서울특별시 광진구청,2025-12-23
중곡3동275,1,,서울특별시 광진구 중곡3동 191-127(반대),37.5660304,127.0790883,,한전주,02-450-7873,서울특별시 광진구청,2025-12-23
중곡3동276,1,,서울특별시 광진구 중곡3동 191-69,37.5662352,127.0794652,,한전주,02-450-7873,서울특별시 광진구청,2025-12-23
중곡3동277,1,,서울특별시 광진구 중곡3동 191-115,37.5663136,127.0795829,,한전주,02-450-7873,서울특별시 광진구청,2025-12-23
중곡3동278,1,,서울특별시 광진구 중곡3동 191-131,37.56646052,127.0796178,,,02-450-7873,서울특별시 광진구청,2025-12-23
중곡3동279,1,,서울특별시 광진구 중곡3동 191-113,37.5665348,127.079736,,한전주,02-450-7873,서울특별시 광진구청,2025-12-23
중곡3동280,1,,서울특별시 광진구 중곡3동 191-75,37.566496,127.0798636,,건축물,02-450-7873,서울특별시 광진구청,2025-12-23
중곡3동281,1,,서울특별시 광진구 중곡3동 191-72,37.5667391,127.0798493,,한전주,02-450-7873,서울특별시 광진구청,2025-12-23
중곡3동282,1,,서울특별시 광진구 중곡3동 191-103,37.5667691,127.0802225,,전용주,02-450-7873,서울특별시 광진구청,2025-12-23
중곡3동283,1,,서울특별시 광진구 중곡3동 191-61,37.5665983,127.0802812,,한전주,02-450-7873,서울특별시 광진구청,2025-12-23
중곡3동284,1,,서울특별시 광진구 중곡3동 191-63,37.5664711,127.0801469,,건축물,02-450-7873,서울특별시 광진구청,2025-12-23
중곡3동285,1,,서울특별시 광진구 중곡3동 191-60,37.5665011,127.0805314,,한전주,02-450-7873,서울특별시 광진구청,2025-12-23
중곡3동286,1,,서울특별시 광진구 중곡3동 191-43,37.5666996,127.080563,,건축물,02-450-7873,서울특별시 광진구청,2025-12-23
중곡3동287,1,,서울특별시 광진구 중곡3동 191-60,37.566421,127.0806569,,한전주,02-450-7873,서울특별시 광진구청,2025-12-23
중곡3동288,1,,서울특별시 광진구 중곡3동 192-42,37.5663331,127.080941,,한전주,02-450-7873,서울특별시 광진구청,2025-12-23
중곡3동289,1,,서울특별시 광진구 중곡3동 192-64,37.56624541,127.0807207,,건축물,02-450-7873,서울특별시 광진구청,2025-12-23
중곡3동290,1,,서울특별시 광진구 중곡3동 191-79,37.5662039,127.0805464,,전용주,02-450-7873,서울특별시 광진구청,2025-12-23
중곡3동291,1,,서울특별시 광진구 중곡3동 192-16,37.5660864,127.0804912,,한전주,02-450-7873,서울특별시 광진구청,2025-12-23
중곡3동292,1,,서울특별시 광진구 중곡3동 192-17,37.5660155,127.0806506,,건축물,02-450-7873,서울특별시 광진구청,2025-12-23
중곡3동293,1,,서울특별시 광진구 중곡3동 192-14,37.5659716,127.0807983,,건축물,02-450-7873,서울특별시 광진구청,2025-12-23
중곡3동294,1,,서울특별시 광진구 중곡3동 192-32,37.5656632,127.0805304,,전용주,02-450-7873,서울특별시 광진구청,2025-12-23
중곡3동295,1,,서울특별시 광진구 중곡3동 192-32,37.565688,127.0802471,,한전주,02-450-7873,서울특별시 광진구청,2025-12-23
중곡3동296,1,,서울특별시 광진구 중곡3동 192-40,37.5654625,127.0802159,,건축물,02-450-7873,서울특별시 광진구청,2025-12-23
중곡3동297,1,,서울특별시 광진구 중곡3동 191-198,37.5658854,127.0789882,,한전주,02-450-7873,서울특별시 광진구청,2025-12-23
중곡3동298,1,,서울특별시 광진구 중곡3동 191-128,37.5659202,127.0788293,,한전주,02-450-7873,서울특별시 광진구청,2025-12-23
중곡3동299,1,,서울특별시 광진구 중곡3동 191-77,37.5660913,127.0786182,,한전주,02-450-7873,서울특별시 광진구청,2025-12-23
중곡3동300,1,,서울특별시 광진구 중곡3동 191-77,37.5662904,127.0787319,,한전주,02-450-7873,서울특별시 광진구청,2025-12-23
중곡3동301,1,,서울특별시 광진구 중곡3동 264-5,37.5667294,127.0815961,,한전주,02-450-7873,서울특별시 광진구청,2025-12-23
중곡3동302,1,,서울특별시 광진구 중곡3동 173-26,37.5667962,127.0813994,,건축물,02-450-7873,서울특별시 광진구청,2025-12-23
중곡3동303,1,,서울특별시 광진구 중곡3동 173-27,37.5669956,127.0815441,,건축물,02-450-7873,서울특별시 광진구청,2025-12-23
중곡3동304,1,,서울특별시 광진구 중곡3동 173-7,37.5668666,127.0811835,,한전주,02-450-7873,서울특별시 광진구청,2025-12-23
중곡3동305,1,,서울특별시 광진구 중곡3동 191-98,37.5668101,127.0808672,,건축물,02-450-7873,서울특별시 광진구청,2025-12-23
중곡3동306,1,,서울특별시 광진구 중곡3동 192-6,37.5665595,127.0810854,,건축물,02-450-7873,서울특별시 광진구청,2025-12-23
중곡3동307,1,,서울특별시 광진구 중곡3동 196-37,37.5666291,127.0807676,,한전주,02-450-7873,서울특별시 광진구청,2025-12-23
중곡3동308,1,,서울특별시 광진구 중곡3동 189-99,37.5669731,127.0809671,,전용주,02-450-7873,서울특별시 광진구청,2025-12-23
중곡3동309,1,,서울특별시 광진구 중곡3동 189-99,37.5670604,127.0809978,,,02-450-7873,서울특별시 광진구청,2025-12-23
중곡3동310,1,,서울특별시 광진구 중곡3동 173-55,37.5671678,127.0811515,,건축물,02-450-7873,서울특별시 광진구청,2025-12-23
중곡3동312,1,,서울특별시 광진구 중곡3동 189-89,37.5673389,127.081158,,,02-450-7873,서울특별시 광진구청,2025-12-23
중곡3동313,1,,서울특별시 광진구 중곡3동 189-89,37.567374,127.0810677,,건축물,02-450-7873,서울특별시 광진구청,2025-12-23
중곡3동314,1,,서울특별시 광진구 중곡3동 173-47,37.5674255,127.0812989,,한전주,02-450-7873,서울특별시 광진구청,2025-12-23
중곡3동315,1,,서울특별시 광진구 중곡3동 173-47,37.5673635,127.0814749,,전용주,02-450-7873,서울특별시 광진구청,2025-12-23
중곡3동316,1,,서울특별시 광진구 중곡3동 173-38,37.5675853,127.0815689,,전용주,02-450-7873,서울특별시 광진구청,2025-12-23
중곡3동317,1,,서울특별시 광진구 중곡3동 173-39,37.5676885,127.0814338,,한전주,02-450-7873,서울특별시 광진구청,2025-12-23
중곡3동318,1,,서울특별시 광진구 중곡동 173-18,37.56767817,127.0816276,,건축물,02-450-7873,서울특별시 광진구청,2025-12-23
중곡3동319,1,,서울특별시 광진구 중곡3동 189-2,37.5678869,127.081454,,전용주,02-450-7873,서울특별시 광진구청,2025-12-23
중곡3동320,1,,서울특별시 광진구 중곡3동 173-22,37.5680507,127.0816557,,한전주,02-450-7873,서울특별시 광진구청,2025-12-23
중곡3동321,1,,서울특별시 광진구 중곡3동 173-22,37.5680701,127.0818366,,,02-450-7873,서울특별시 광진구청,2025-12-23
중곡3동322,1,,서울특별시 광진구 중곡3동 173-14,37.5679615,127.0817813,,전용주,02-450-7873,서울특별시 광진구청,2025-12-23
중곡3동323,1,,서울특별시 광진구 중곡3동 173-12,37.5677807,127.081693,,전용주,02-450-7873,서울특별시 광진구청,2025-12-23
중곡3동324,1,,서울특별시 광진구 중곡3동 173-31,37.5681077,127.0820399,,한전주,02-450-7873,서울특별시 광진구청,2025-12-23
중곡3동325,1,,서울특별시 광진구 중곡3동 173-1,37.5681279,127.0823113,,건축물,02-450-7873,서울특별시 광진구청,2025-12-23
중곡3동326,1,,서울특별시 광진구 중곡3동 173-4,37.5671781,127.0818475,,전용주,02-450-7873,서울특별시 광진구청,2025-12-23
중곡3동327,1,,서울특별시 광진구 중곡3동 173-35,37.5672668,127.0816653,,건축물,02-450-7873,서울특별시 광진구청,2025-12-23
중곡3동328,1,,서울특별시 광진구 중곡3동 189-11,37.5680125,127.0813845,,한전주,02-450-7873,서울특별시 광진구청,2025-12-23
중곡3동329,1,,서울특별시 광진구 중곡3동 189-14,37.5678758,127.0811824,,한전주,02-450-7873,서울특별시 광진구청,2025-12-23
중곡3동330,1,,서울특별시 광진구 중곡3동 189-17,37.5676133,127.0810272,,건축물,02-450-7873,서울특별시 광진구청,2025-12-23
중곡3동331,1,,서울특별시 광진구 중곡동 189-80,37.56737697,127.0808886,,한전주,02-450-7873,서울특별시 광진구청,2025-12-23
중곡3동332,1,,서울특별시 광진구 중곡3동 189-78,37.5673869,127.0808828,,한전주,02-450-7873,서울특별시 광진구청,2025-12-23
중곡3동333,1,,서울특별시 광진구 중곡3동 189-29,37.5673405,127.0807136,,한전주,02-450-7873,서울특별시 광진구청,2025-12-23
중곡3동334,1,,서울특별시 광진구 중곡3동 189-76,37.5671777,127.080625,,전용주,02-450-7873,서울특별시 광진구청,2025-12-23
중곡3동335,1,,서울특별시 광진구 중곡3동 189-83,37.5674842,127.0806439,,전용주,02-450-7873,서울특별시 광진구청,2025-12-23
중곡3동336,1,,서울특별시 광진구 중곡3동 189-25,37.5677286,127.080788,,한전주,02-450-7873,서울특별시 광진구청,2025-12-23
중곡3동337,1,,서울특별시 광진구 중곡3동 189-23,37.5679336,127.0808737,,한전주,02-450-7873,서울특별시 광진구청,2025-12-23
중곡3동338,1,,서울특별시 광진구 중곡3동 189-46,37.5678789,127.080424,,한전주,02-450-7873,서울특별시 광진구청,2025-12-23
중곡3동339,1,,서울특별시 광진구 중곡3동 189-43,37.5676539,127.0804607,,한전주,02-450-7873,서울특별시 광진구청,2025-12-23
중곡3동340,1,,서울특별시 광진구 중곡3동 189-41,37.5674363,127.0802822,,한전주,02-450-7873,서울특별시 광진구청,2025-12-23
중곡3동341,1,,서울특별시 광진구 중곡3동 189-56,37.5672282,127.0801716,,한전주,02-450-7873,서울특별시 광진구청,2025-12-23
중곡3동342,1,,서울특별시 광진구 중곡3동 191-27,37.5669667,127.0801522,,전용주,02-450-7873,서울특별시 광진구청,2025-12-23
중곡3동343,1,,서울특별시 광진구 중곡3동 189-76,37.5670609,127.0806717,,한전주,02-450-7873,서울특별시 광진구청,2025-12-23
중곡3동344,1,,서울특별시 광진구 중곡3동 191-45,37.5667999,127.0805227,,전용주,02-450-7873,서울특별시 광진구청,2025-12-23
중곡3동345,1,,서울특별시 광진구 중곡3동 191-21,37.5671004,127.0799581,,건축물,02-450-7873,서울특별시 광진구청,2025-12-23
중곡3동346,1,,서울특별시 광진구 중곡3동 18992,37.5673341,127.0798873,,한전주,02-450-7873,서울특별시 광진구청,2025-12-23
중곡3동347,1,,서울특별시 광진구 중곡3동 189-91,37.5674337,127.079954,,건축물,02-450-7873,서울특별시 광진구청,2025-12-23
중곡3동348,1,,서울특별시 광진구 중곡3동 191-87,37.5670894,127.0797092,,한전주,02-450-7873,서울특별시 광진구청,2025-12-23
중곡3동349,1,,서울특별시 광진구 중곡3동 191-86,37.5671167,127.079630,,전용주,02-450-7873,서울특별시 광진구청,2025-12-23
중곡3동350,1,,서울특별시 광진구 중곡3동 191-51,37.5670383,127.0795717,,,02-450-7873,서울특별시 광진구청,2025-12-23
중곡3동351,1,,서울특별시 광진구 중곡3동 191-89,37.5669108,127.0799151,,전용주,02-450-7873,서울특별시 광진구청,2025-12-23
중곡3동352,1,,서울특별시 광진구 중곡3동 191-12,37.5674222,127.0796259,,한전주,02-450-7873,서울특별시 광진구청,2025-12-23
중곡3동353,1,,서울특별시 광진구 중곡3동 191-8,37.5672669,127.0793561,,전용주,02-450-7873,서울특별시 광진구청,2025-12-23
중곡3동354,1,,서울특별시 광진구 중곡동 189-93,37.56734739,127.0797114,,한전주,02-450-7873,서울특별시 광진구청,2025-12-23
중곡3동355,1,,서울특별시 광진구 중곡3동 189-97,37.567524,127.079369,,한전주,02-450-7873,서울특별시 광진구청,2025-12-23
중곡3동356,1,,서울특별시 광진구 중곡3동 190-8,37.5676529,127.0791702,,한전주,02-450-7873,서울특별시 광진구청,2025-12-23
중곡3동357,1,,서울특별시 광진구 중곡3동 190-10,37.5674358,127.0790597,,한전주,02-450-7873,서울특별시 광진구청,2025-12-23
중곡3동358,1,,서울특별시 광진구 중곡3동 170-13,37.5672457,127.0789488,,한전주,02-450-7873,서울특별시 광진구청,2025-12-23
중곡3동359,1,,서울특별시 광진구 중곡3동 190-22,37.5673391,127.0785971,,,02-450-7873,서울특별시 광진구청,2025-12-23
중곡3동360,1,,서울특별시 광진구 중곡3동 30-69,37.5641534,127.0856992,,,02-450-7873,서울특별시 광진구청,2025-12-23
중곡3동361,1,,서울특별시 광진구 중곡3동 190-32,37.567805,127.0790325,,한전주,02-450-7873,서울특별시 광진구청,2025-12-23
중곡3동362,1,,서울특별시 광진구 중곡3동 189-59,37.56774853,127.0793614,,한전주,02-450-7873,서울특별시 광진구청,2025-12-23
중곡3동363,1,,서울특별시 광진구 중곡3동 696-3,37.567835,127.079417,,한전주,02-450-7873,서울특별시 광진구청,2025-12-23
중곡3동364,1,,서울특별시 광진구 중곡3동 187-10,37.5680945,127.0792786,,전용주,02-450-7873,서울특별시 광진구청,2025-12-23
중곡3동365,1,,서울특별시 광진구 중곡3동 187-15,37.5682508,127.0790983,,전용주,02-450-7873,서울특별시 광진구청,2025-12-23
중곡3동366,1,,서울특별시 광진구 중곡3동 187-14,37.5683096,127.0790376,,건축물,02-450-7873,서울특별시 광진구청,2025-12-23
중곡3동367,1,,서울특별시 광진구 중곡3동 683,37.5684813,127.0791709,,전용주,02-450-7873,서울특별시 광진구청,2025-12-23
중곡3동368,1,,서울특별시 광진구 중곡3동 193-65,37.5661505,127.0817922,,전용주,02-450-7873,서울특별시 광진구청,2025-12-23
중곡3동370,1,,서울특별시 광진구 중곡3동 30-12,37.5639743,127.0844795,,한전주,02-450-7873,서울특별시 광진구청,2025-12-23
중곡3동371,1,,서울특별시 광진구 중곡3동 30-8,37.5641128,127.0846105,,한전주,02-450-7873,서울특별시 광진구청,2025-12-23
중곡3동372,1,,서울특별시 광진구 중곡3동 30-5,37.5642988,127.084690,,전용주,02-450-7873,서울특별시 광진구청,2025-12-23
중곡3동373,1,,서울특별시 광진구 중곡3동 30-48,37.56386949,127.0848126,,건축물,02-450-7873,서울특별시 광진구청,2025-12-23
중곡3동374,1,,서울특별시 광진구 중곡3동 30-48,37.5639398,127.0848755,,건축물,02-450-7873,서울특별시 광진구청,2025-12-23
중곡3동375,1,,서울특별시 광진구 중곡3동 30-49,37.5640791,127.0849506,,건축물,02-450-7873,서울특별시 광진구청,2025-12-23
중곡3동376,1,,서울특별시 광진구 중곡3동 30-50,37.5641932,127.0850196,,한전주,02-450-7873,서울특별시 광진구청,2025-12-23
중곡3동377,1,,서울특별시 광진구 중곡3동 30-45,37.5641141,127.0852696,,한전주,02-450-7873,서울특별시 광진구청,2025-12-23
중곡3동378,1,,서울특별시 광진구 중곡3동 30-71,37.564080,127.085519,,한전주,02-450-7873,서울특별시 광진구청,2025-12-23
중곡3동379,1,,서울특별시 광진구 중곡3동 30-44,37.5639788,127.0852486,,건축물,02-450-7873,서울특별시 광진구청,2025-12-23
중곡3동380,1,,서울특별시 광진구 중곡3동 30-58,37.5637701,127.085070,,한전주,02-450-7873,서울특별시 광진구청,2025-12-23
중곡3동381,1,,서울특별시 광진구 중곡3동 30-48,37.563796,127.0849226,,한전주,02-450-7873,서울특별시 광진구청,2025-12-23
중곡3동382,1,,서울특별시 광진구 중곡3동 275-6,37.5637293,127.0851305,,한전주,02-450-7873,서울특별시 광진구청,2025-12-23
중곡3동383,1,,서울특별시 광진구 중곡3동 30-39,37.5639178,127.085521,,전용주,02-450-7873,서울특별시 광진구청,2025-12-23
중곡3동384,1,,서울특별시 광진구 중곡3동 30-35,37.5635758,127.0855704,,한전주,02-450-7873,서울특별시 광진구청,2025-12-23
중곡3동385,1,,서울특별시 광진구 중곡3동 30-66,37.5640475,127.0859835,,전용주,02-450-7873,서울특별시 광진구청,2025-12-23
중곡3동387,1,,서울특별시 광진구 중곡동 30-1,37.5650862337,127.0857766418,,전용주,02-450-7873,서울특별시 광진구청,2025-12-23
중곡3동388,1,,서울특별시 광진구 중곡3동 28-10(반대편),37.5645095,127.0862948,,한전주,02-450-7873,서울특별시 광진구청,2025-12-23
중곡3동389,1,,서울특별시 광진구 중곡3동 30-1,37.5645592,127.0864738,,전용주,02-450-7873,서울특별시 광진구청,2025-12-23
중곡3동390,1,,서울특별시 광진구 중곡3동 28-10(건너편),37.5643824,127.0861832,,전용주,02-450-7873,서울특별시 광진구청,2025-12-23
중곡3동391,1,,서울특별시 광진구 중곡3동 582-3,37.5716581,127.0809096,,한전주,02-450-7873,서울특별시 광진구청,2025-12-23
중곡3동392,1,,서울특별시 광진구 중곡3동 580-6,37.5713853,127.0810668,,건축물,02-450-7873,서울특별시 광진구청,2025-12-23
중곡3동393,1,,서울특별시 광진구 중곡3동 581,37.571309,127.0808271,,한전주,02-450-7873,서울특별시 광진구청,2025-12-23
중곡3동394,1,,서울특별시 광진구 중곡3동 581,37.5711563,127.0807832,,건축물,02-450-7873,서울특별시 광진구청,2025-12-23
중곡3동395,1,,서울특별시 광진구 중곡3동 581,37.5710164,127.0807426,,한전주,02-450-7873,서울특별시 광진구청,2025-12-23
중곡3동396,1,,서울특별시 광진구 중곡3동 583-2,37.5712233,127.0807089,,,02-450-7873,서울특별시 광진구청,2025-12-23
중곡3동397,1,,서울특별시 광진구 중곡3동 583-2,37.5713283,127.0807082,,,02-450-7873,서울특별시 광진구청,2025-12-23
중곡3동398,1,,서울특별시 광진구 중곡3동 587-8,37.5710635,127.0804335,,전용주,02-450-7873,서울특별시 광진구청,2025-12-23
중곡3동399,1,,서울특별시 광진구 중곡3동 587-2,37.5713781,127.0805057,,전용주,02-450-7873,서울특별시 광진구청,2025-12-23
중곡3동400,1,,서울특별시 광진구 중곡3동 587-1,37.5716089,127.0805792,,전용주,02-450-7873,서울특별시 광진구청,2025-12-23
중곡3동401,1,,서울특별시 광진구 중곡3동 581,37.5709304,127.0807096,,,02-450-7873,서울특별시 광진구청,2025-12-23
중곡3동402,1,,서울특별시 광진구 중곡3동 584-2,37.5708879,127.0805409,,건축물,02-450-7873,서울특별시 광진구청,2025-12-23
중곡3동403,1,,서울특별시 광진구 중곡3동 584-7,37.5707425,127.0805761,,전용주,02-450-7873,서울특별시 광진구청,2025-12-23
중곡3동404,1,,서울특별시 광진구 중곡3동 584-8,37.5707759,127.0805219,,전용주,02-450-7873,서울특별시 광진구청,2025-12-23
중곡3동405,1,,서울특별시 광진구 중곡3동 581,37.5706572,127.0806139,,한전주,02-450-7873,서울특별시 광진구청,2025-12-23
중곡3동406,1,,서울특별시 광진구 중곡3동 585-3,37.5705713,127.0805724,,전용주,02-450-7873,서울특별시 광진구청,2025-12-23
중곡3동407,1,,서울특별시 광진구 중곡3동 177-34,37.5704367,127.0806391,,한전주,02-450-7873,서울특별시 광진구청,2025-12-23
중곡3동408,1,,서울특별시 광진구 중곡3동 177-34,37.5705108,127.0803356,,한전주,02-450-7873,서울특별시 광진구청,2025-12-23
중곡3동409,1,,서울특별시 광진구 중곡3동 589-3,37.570715,127.0802707,,건축물,02-450-7873,서울특별시 광진구청,2025-12-23
중곡3동410,1,,서울특별시 광진구 중곡3동 589-3,37.5707506,127.0801544,,건축물,02-450-7873,서울특별시 광진구청,2025-12-23
중곡3동411,1,,서울특별시 광진구 중곡3동 181-25,37.5703649,127.0803029,,한전주,02-450-7873,서울특별시 광진구청,2025-12-23
중곡3동412,1,,서울특별시 광진구 중곡3동 181-26,37.5702024,127.0802709,,전용주,02-450-7873,서울특별시 광진구청,2025-12-23
중곡3동413,1,,서울특별시 광진구 중곡3동 181-3,37.5700041,127.080262,,한전주,02-450-7873,서울특별시 광진구청,2025-12-23
중곡3동414,1,,서울특별시 광진구 중곡3동 177-7,37.5699703,127.0805455,,,02-450-7873,서울특별시 광진구청,2025-12-23
중곡3동415,1,,서울특별시 광진구 중곡3동 181-4,37.570030,127.0801146,,전용주,02-450-7873,서울특별시 광진구청,2025-12-23
중곡3동416,1,,서울특별시 광진구 중곡3동 181-6,37.5697606,127.0802311,,한전주,02-450-7873,서울특별시 광진구청,2025-12-23
중곡3동417,1,,서울특별시 광진구 중곡3동 181-6,37.5697953,127.0800608,,한전주,02-450-7873,서울특별시 광진구청,2025-12-23
중곡3동418,1,,서울특별시 광진구 중곡3동 177-21,37.5697357,127.0805031,,건축물,02-450-7873,서울특별시 광진구청,2025-12-23
중곡3동419,1,,서울특별시 광진구 중곡동 177-20,37.5695823751,127.0805396,,건축물,02-450-7873,서울특별시 광진구청,2025-12-23
중곡3동420,1,,서울특별시 광진구 중곡3동 181-15,37.5695961,127.0799274,,전용주,02-450-7873,서울특별시 광진구청,2025-12-23
중곡3동421,1,,서울특별시 광진구 중곡동 185-7,37.5697884,127.0792555,,한전주,02-450-7873,서울특별시 광진구청,2025-12-23
중곡3동422,1,,서울특별시 광진구 중곡3동 181-1,37.5694177,127.0801674,,한전주,02-450-7873,서울특별시 광진구청,2025-12-23
중곡3동424,1,,서울특별시 광진구 중곡3동 684-9,37.5692772,127.0806332,,한전주,02-450-7873,서울특별시 광진구청,2025-12-23
중곡3동426,1,,서울특별시 광진구 중곡3동 175-66,37.5694332,127.0810049,,전용주,02-450-7873,서울특별시 광진구청,2025-12-23
중곡3동427,1,,서울특별시 광진구 중곡3동 175-69,37.5693529,127.0811077,,건축물,02-450-7873,서울특별시 광진구청,2025-12-23
중곡3동428,1,,서울특별시 광진구 중곡3동 175-72,37.5691992,127.0810304,,한전주,02-450-7873,서울특별시 광진구청,2025-12-23
중곡3동429,1,,서울특별시 광진구 중곡3동 175-213,37.5695242,127.0811169,,건축물,02-450-7873,서울특별시 광진구청,2025-12-23
중곡3동430,1,,서울특별시 광진구 중곡3동 177-11,37.5696392,127.0808438,,건축물,02-450-7873,서울특별시 광진구청,2025-12-23
중곡3동431,1,,서울특별시 광진구 중곡3동 175-1,37.5696852,127.0809565,,한전주,02-450-7873,서울특별시 광진구청,2025-12-23
중곡3동433,1,,서울특별시 광진구 중곡3동 177-15,37.5699007,127.0808633,,건축물,02-450-7873,서울특별시 광진구청,2025-12-23
중곡3동434,1,,서울특별시 광진구 중곡3동 175-110,37.56997391,127.0811188,,한전주,02-450-7873,서울특별시 광진구청,2025-12-23
중곡3동435,1,,서울특별시 광진구 중곡3동 175-122,37.5698673,127.0812033,,,02-450-7873,서울특별시 광진구청,2025-12-23
중곡3동436,1,,서울특별시 광진구 중곡3동 177-48,37.5702273,127.0811536,,한전주,02-450-7873,서울특별시 광진구청,2025-12-23
중곡3동437,1,,서울특별시 광진구 중곡3동 177-39,37.5702534,127.0810288,,한전주,02-450-7873,서울특별시 광진구청,2025-12-23
중곡3동438,1,,서울특별시 광진구 중곡동 177-52,37.56992295,127.0809666,,한전주,02-450-7873,서울특별시 광진구청,2025-12-23
중곡3동439,1,,서울특별시 광진구 중곡3동 177-39,37.5701173,127.0809172,,건축물,02-450-7873,서울특별시 광진구청,2025-12-23
중곡3동440,1,,서울특별시 광진구 중곡3동 177-44,37.5702432,127.0808817,,건축물,02-450-7873,서울특별시 광진구청,2025-12-23
중곡3동441,1,,서울특별시 광진구 중곡3동 577-1,37.570390,127.0812195,,한전주,02-450-7873,서울특별시 광진구청,2025-12-23
중곡3동442,1,,서울특별시 광진구 중곡3동 586,37.5707544,127.0812325,,한전주,02-450-7873,서울특별시 광진구청,2025-12-23
중곡3동443,1,,서울특별시 광진구 중곡3동 578-11,37.5707268,127.080979,,건축물,02-450-7873,서울특별시 광진구청,2025-12-23
중곡3동444,1,,서울특별시 광진구 중곡3동 579-1,37.5708035,127.081275,,한전주,02-450-7873,서울특별시 광진구청,2025-12-23
중곡3동445,1,,서울특별시 광진구 중곡3동 586,37.5711359,127.0813411,,한전주,02-450-7873,서울특별시 광진구청,2025-12-23
중곡3동446,1,,서울특별시 광진구 중곡3동 580-1,37.5712291,127.0813677,,한전주,02-450-7873,서울특별시 광진구청,2025-12-23
중곡3동447,1,,서울특별시 광진구 중곡3동 566-3,37.57140655,127.0814868,,,02-450-7873,서울특별시 광진구청,2025-12-23
중곡3동448,1,,서울특별시 광진구 중곡3동 586,37.5715938,127.0814175,,한전주,02-450-7873,서울특별시 광진구청,2025-12-23
중곡3동449,1,,서울특별시 광진구 중곡3동 565-3,37.5713855,127.0817733,,건축물,02-450-7873,서울특별시 광진구청,2025-12-23
중곡3동450,1,,서울특별시 광진구 중곡3동 565-9,37.5712556,127.0816839,,건축물,02-450-7873,서울특별시 광진구청,2025-12-23
중곡3동451,1,,서울특별시 광진구 중곡3동 568-8,37.5711314,127.081550,,한전주,02-450-7873,서울특별시 광진구청,2025-12-23
중곡3동452,1,,서울특별시 광진구 중곡3동 568-3,37.5708349,127.0816556,,건축물,02-450-7873,서울특별시 광진구청,2025-12-23
중곡3동453,1,,서울특별시 광진구 중곡3동 567-4,37.5707429,127.0814076,,한전주,02-450-7873,서울특별시 광진구청,2025-12-23
중곡3동454,1,,서울특별시 광진구 중곡3동 569-1,37.5707093,127.081725,,한전주,02-450-7873,서울특별시 광진구청,2025-12-23
중곡3동455,1,,서울특별시 광진구 중곡3동 575-10,37.5704551,127.0816728,,한전주,02-450-7873,서울특별시 광진구청,2025-12-23
중곡3동456,1,,서울특별시 광진구 중곡3동 569-7,37.5708405,127.0818853,,,02-450-7873,서울특별시 광진구청,2025-12-23
중곡3동457,1,,서울특별시 광진구 중곡3동 569-1,37.5710809,127.0820035,,한전주,02-450-7873,서울특별시 광진구청,2025-12-23
중곡3동458,1,,서울특별시 광진구 중곡3동 564-11,37.5714504,127.0820103,,건축물,02-450-7873,서울특별시 광진구청,2025-12-23
중곡3동459,1,,서울특별시 광진구 중곡3동 564-11,37.5715407,127.0820318,,한전주,02-450-7873,서울특별시 광진구청,2025-12-23
중곡3동460,1,,서울특별시 광진구 중곡3동 563-1,37.571504,127.0823328,,한전주,02-450-7873,서울특별시 광진구청,2025-12-23
중곡3동461,1,,서울특별시 광진구 중곡3동 563-11,37.5714255,127.0822823,,건축물,02-450-7873,서울특별시 광진구청,2025-12-23
중곡3동462,1,,서울특별시 광진구 중곡3동 562-2,37.5713197,127.0825892,,건축물,02-450-7873,서울특별시 광진구청,2025-12-23
중곡3동463,1,,서울특별시 광진구 중곡3동 562-6,37.5712476,127.0825891,,전용주,02-450-7873,서울특별시 광진구청,2025-12-23
중곡3동464,1,,서울특별시 광진구 중곡3동 561-2,37.5713936,127.082826,,한전주,02-450-7873,서울특별시 광진구청,2025-12-23
중곡3동465,1,,서울특별시 광진구 중곡3동 560-2,37.571105,127.0827843,,한전주,02-450-7873,서울특별시 광진구청,2025-12-23
중곡3동466,1,,서울특별시 광진구 중곡3동 570-1,37.57104037,127.0824378,,한전주,02-450-7873,서울특별시 광진구청,2025-12-23
중곡3동467,1,,서울특별시 광진구 중곡3동 570-9,37.5710471,127.0822869,,한전주,02-450-7873,서울특별시 광진구청,2025-12-23
중곡3동468,1,,서울특별시 광진구 중곡3동 563-7,37.5711098,127.0822408,,,02-450-7873,서울특별시 광진구청,2025-12-23
중곡3동469,1,,서울특별시 광진구 중곡3동 570-2,37.5708309,127.0823009,,,02-450-7873,서울특별시 광진구청,2025-12-23
중곡3동470,1,,서울특별시 광진구 중곡3동 570-6,37.5706501,127.0822238,,한전주,02-450-7873,서울특별시 광진구청,2025-12-23
중곡3동471,1,,서울특별시 광진구 중곡3동 574-2,37.5704229,127.0819776,,한전주,02-450-7873,서울특별시 광진구청,2025-12-23
중곡3동472,1,,서울특별시 광진구 중곡3동 573-9,37.5703524,127.0821822,,건축물,02-450-7873,서울특별시 광진구청,2025-12-23
중곡3동473,1,,서울특별시 광진구 중곡3동 572-5,37.57031646,127.0824022,,전용주,02-450-7873,서울특별시 광진구청,2025-12-23
중곡3동474,1,,서울특별시 광진구 중곡3동 586,37.57063049,127.0825046,,건축물,02-450-7873,서울특별시 광진구청,2025-12-23
중곡3동475,1,,서울특별시 광진구 중곡3동 586,37.5706102,127.0826918,,한전주,02-450-7873,서울특별시 광진구청,2025-12-23
중곡3동476,1,,서울특별시 광진구 중곡3동 210-1,37.5705028,127.0829841,,한전주,02-450-7873,서울특별시 광진구청,2025-12-23
중곡3동477,1,,서울특별시 광진구 중곡3동 559-2,37.5707801,127.0827203,,전용주,02-450-7873,서울특별시 광진구청,2025-12-23
중곡3동478,1,,서울특별시 광진구 중곡3동 210-5,37.5702052,127.0829425,,한전주,02-450-7873,서울특별시 광진구청,2025-12-23
중곡3동479,1,,서울특별시 광진구 중곡3동 210-8,37.5700428,127.0829218,,한전주,02-450-7873,서울특별시 광진구청,2025-12-23
중곡3동480,1,,서울특별시 광진구 중곡3동 210-14,37.569907,127.0828329,,,02-450-7873,서울특별시 광진구청,2025-12-23
중곡3동481,1,,서울특별시 광진구 중곡3동 210-11,37.5696906,127.0828242,,,02-450-7873,서울특별시 광진구청,2025-12-23
중곡3동483,1,,서울특별시 광진구 중곡3동 210-22,37.5702659,127.0826361,,전용주,02-450-7873,서울특별시 광진구청,2025-12-23
중곡3동484,1,,서울특별시 광진구 중곡3동 205,37.5700101,127.0825803,,건축물,02-450-7873,서울특별시 광진구청,2025-12-23
중곡3동485,1,,서울특별시 광진구 중곡3동 572-4,37.5701199,127.0824115,,한전주,02-450-7873,서울특별시 광진구청,2025-12-23
중곡3동486,1,,서울특별시 광진구 중곡3동 573-7,37.570154,127.0821507,,한전주,02-450-7873,서울특별시 광진구청,2025-12-23
중곡3동487,1,,서울특별시 광진구 중곡3동 574-4,37.5701794,127.0819466,,한전주,02-450-7873,서울특별시 광진구청,2025-12-23
중곡3동488,1,,서울특별시 광진구 중곡3동 575-4,37.5701301,127.0817556,,한전주,02-450-7873,서울특별시 광진구청,2025-12-23
중곡3동489,1,,서울특별시 광진구 중곡3동 212-22,37.5699336,127.0819116,,전용주,02-450-7873,서울특별시 광진구청,2025-12-23
중곡3동490,1,,서울특별시 광진구 중곡3동 212-12,37.5699116,127.0821004,,건축물,02-450-7873,서울특별시 광진구청,2025-12-23
중곡3동491,1,,서울특별시 광진구 중곡3동 205,37.5697424,127.081928,,한전주,02-450-7873,서울특별시 광진구청,2025-12-23
중곡3동492,1,,서울특별시 광진구 중곡3동 212-15,37.5698388,127.0822266,,,02-450-7873,서울특별시 광진구청,2025-12-23
중곡3동493,1,,서울특별시 광진구 중곡3동 175-9,37.5696357,127.0822367,,한전주,02-450-7873,서울특별시 광진구청,2025-12-23
중곡3동495,1,,서울특별시 광진구 중곡3동 175-24,37.5694855,127.082315,,한전주,02-450-7873,서울특별시 광진구청,2025-12-23
중곡3동497,1,,서울특별시 광진구 중곡3동 211-22,37.5693764,127.0829639,,건축물,02-450-7873,서울특별시 광진구청,2025-12-23
중곡3동498,1,,서울특별시 광진구 중곡3동 175-23,37.5693513,127.0820586,,전용주,02-450-7873,서울특별시 광진구청,2025-12-23
중곡3동499,1,,서울특별시 광진구 중곡3동 175-94,37.569417,127.0819027,,건축물,02-450-7873,서울특별시 광진구청,2025-12-23
중곡3동500,1,,서울특별시 광진구 중곡동 175-35,37.56925237,127.0818041,,전용주,02-450-7873,서울특별시 광진구청,2025-12-23
중곡3동501,1,,서울특별시 광진구 중곡3동 175-37,37.5693565,127.0815605,,한전주,02-450-7873,서울특별시 광진구청,2025-12-23
중곡3동502,1,,서울특별시 광진구 중곡3동 175-26,37.5694113,127.081527,,건축물,02-450-7873,서울특별시 광진구청,2025-12-23
중곡3동503,1,,서울특별시 광진구 중곡3동 175-55,37.569406,127.0813623,,건축물,02-450-7873,서울특별시 광진구청,2025-12-23
중곡3동504,1,,서울특별시 광진구 중곡3동 175-26,37.5696056,127.0813056,,전용주,02-450-7873,서울특별시 광진구청,2025-12-23
중곡3동505,1,,서울특별시 광진구 중곡3동 175-26,37.5692281,127.0816616,,한전주,02-450-7873,서울특별시 광진구청,2025-12-23
중곡3동506,1,,서울특별시 광진구 중곡3동 691-6,37.5686064,127.0825041,,전용주,02-450-7873,서울특별시 광진구청,2025-12-23
중곡3동507,1,,서울특별시 광진구 중곡3동 175-90,37.5688575,127.0822911,,한전주,02-450-7873,서울특별시 광진구청,2025-12-23
중곡3동508,1,,서울특별시 광진구 중곡3동 175-79,37.5689551,127.0820861,,한전주,02-450-7873,서울특별시 광진구청,2025-12-23
중곡3동510,1,,서울특별시 광진구 중곡3동 691-2,37.5687216,127.0821909,,한전주,02-450-7873,서울특별시 광진구청,2025-12-23
중곡3동511,1,,서울특별시 광진구 중곡3동 175-77,37.5688639,127.0819514,,,02-450-7873,서울특별시 광진구청,2025-12-23
중곡3동512,1,,서울특별시 광진구 중곡3동 175-26,37.5690493,127.081845,,건축물,02-450-7873,서울특별시 광진구청,2025-12-23
중곡3동513,1,,서울특별시 광진구 중곡3동 689-8,37.5688993,127.0816769,,한전주,02-450-7873,서울특별시 광진구청,2025-12-23
중곡3동514,1,,서울특별시 광진구 중곡3동 689,37.56897921,127.0814834,,한전주,02-450-7873,서울특별시 광진구청,2025-12-23
중곡3동515,1,,서울특별시 광진구 중곡3동 175-63,37.5693071,127.0813834,,전용주,02-450-7873,서울특별시 광진구청,2025-12-23
중곡3동516,1,,서울특별시 광진구 중곡3동 174-44,37.5690652,127.0811905,,한전주,02-450-7873,서울특별시 광진구청,2025-12-23
중곡3동517,1,,서울특별시 광진구 중곡3동 691-9,37.5683598,127.0823996,,건축물,02-450-7873,서울특별시 광진구청,2025-12-23
중곡3동518,1,,서울특별시 광진구 중곡3동 174-153,37.5682249,127.0820498,,건축물,02-450-7873,서울특별시 광진구청,2025-12-23
중곡3동519,1,,서울특별시 광진구 중곡3동 692,37.5684227,127.0819908,,건축물,02-450-7873,서울특별시 광진구청,2025-12-23
중곡3동520,1,,서울특별시 광진구 중곡3동 692-8,37.5682452,127.0818434,,건축물,02-450-7873,서울특별시 광진구청,2025-12-23
중곡3동521,1,,서울특별시 광진구 중곡3동 692-7,37.5683959,127.0818247,,건축물,02-450-7873,서울특별시 광진구청,2025-12-23
중곡3동522,1,,서울특별시 광진구 중곡3동 694,37.5682656,127.0814833,,한전주,02-450-7873,서울특별시 광진구청,2025-12-23
중곡3동523,1,,서울특별시 광진구 중곡3동 694-3,37.56823438,127.0811399,,한전주,02-450-7873,서울특별시 광진구청,2025-12-23
중곡3동524,1,,서울특별시 광진구 중곡동 694-5,37.56799344,127.080842,,한전주,02-450-7873,서울특별시 광진구청,2025-12-23
중곡3동525,1,,서울특별시 광진구 중곡동 694-8,37.5680572611,127.0805787,,한전주,02-450-7873,서울특별시 광진구청,2025-12-23
중곡3동526,1,,서울특별시 광진구 중곡동 693-10,37.56827681,127.0805198,,건축물,02-450-7873,서울특별시 광진구청,2025-12-23
중곡3동527,1,,서울특별시 광진구 중곡3동 270-2,37.5680081,127.0807264,,,02-450-7873,서울특별시 광진구청,2025-12-23
중곡3동528,1,,서울특별시 광진구 중곡3동 695-7,37.5678389,127.0801626,,,02-450-7873,서울특별시 광진구청,2025-12-23
중곡3동529,1,,서울특별시 광진구 중곡동 270-2,37.5673649208,127.0812624136,,한전주,02-450-7873,서울특별시 광진구청,2025-12-23
중곡3동530,1,,서울특별시 광진구 중곡3동 696-9,37.568146,127.0800132,,한전주,02-450-7873,서울특별시 광진구청,2025-12-23
중곡3동531,1,,서울특별시 광진구 중곡3동 695-4,37.5682435,127.0801823,,전용주,02-450-7873,서울특별시 광진구청,2025-12-23
중곡3동532,1,,서울특별시 광진구 중곡3동 697-9,37.5683494,127.0799734,,건축물,02-450-7873,서울특별시 광진구청,2025-12-23
중곡3동533,1,,서울특별시 광진구 중곡동 695-2,37.56824687,127.0800766,,건축물,02-450-7873,서울특별시 광진구청,2025-12-23
중곡3동534,1,,서울특별시 광진구 중곡3동 주민센터,37.5685966,127.080019,,한전주,02-450-7873,서울특별시 광진구청,2025-12-23
중곡3동535,1,,서울특별시 광진구 중곡동 688-13,37.5686608114,127.0819152171,,,02-450-7873,서울특별시 광진구청,2025-12-23
중곡3동536,1,,서울특별시 광진구 중곡동 688-13,37.5686608114,127.0819152171,,한전주,02-450-7873,서울특별시 광진구청,2025-12-23
중곡3동537,1,,서울특별시 광진구 중곡동 688-13,37.5686608114,127.0819152171,,전용주,02-450-7873,서울특별시 광진구청,2025-12-23
중곡3동538,1,,서울특별시 광진구 중곡3동 689-5,37.5686075,127.0815165,,한전주,02-450-7873,서울특별시 광진구청,2025-12-23
중곡3동539,1,,서울특별시 광진구 중곡3동 689-6,37.5687161,127.0815774,,전용주,02-450-7873,서울특별시 광진구청,2025-12-23
중곡3동540,1,,서울특별시 광진구 중곡3동 691-1,37.5686379,127.0818523,,한전주,02-450-7873,서울특별시 광진구청,2025-12-23
중곡3동541,1,,서울특별시 광진구 중곡3동 690-3,37.5687009,127.0818402,,건축물,02-450-7873,서울특별시 광진구청,2025-12-23
중곡3동542,1,,서울특별시 광진구 중곡동 688-10,37.56869792,127.0812506,,,02-450-7873,서울특별시 광진구청,2025-12-23
중곡3동543,1,,서울특별시 광진구 중곡3동 686-6,37.5687161,127.0809775,,한전주,02-450-7873,서울특별시 광진구청,2025-12-23
중곡3동544,1,,서울특별시 광진구 중곡3동 685-17,37.5688267,127.0810345,,한전주,02-450-7873,서울특별시 광진구청,2025-12-23
중곡3동545,1,,서울특별시 광진구 중곡3동 685-20,37.5689202,127.0808759,,전용주,02-450-7873,서울특별시 광진구청,2025-12-23
중곡3동546,1,,서울특별시 광진구 중곡3동 685-11,37.5690268,127.0806708,,건축물,02-450-7873,서울특별시 광진구청,2025-12-23
중곡3동547,1,,서울특별시 광진구 중곡3동 684-9,37.5691866,127.0805777,,전용주,02-450-7873,서울특별시 광진구청,2025-12-23
중곡3동548,1,,서울특별시 광진구 중곡3동 684-8,37.5691087,127.0804944,,건축물,02-450-7873,서울특별시 광진구청,2025-12-23
중곡3동549,1,,서울특별시 광진구 중곡동 686-3,37.56869238,127.0806945,,한전주,02-450-7873,서울특별시 광진구청,2025-12-23
중곡3동550,1,,서울특별시 광진구 중곡3동 684-11,37.5689414,127.0803317,,한전주,02-450-7873,서울특별시 광진구청,2025-12-23
중곡3동553,1,,서울특별시 광진구 중곡3동 697-4,37.5681514,127.079888,,전용주,02-450-7873,서울특별시 광진구청,2025-12-23
중곡3동554,1,,서울특별시 광진구 중곡3동 189-101,37.5677226,127.0800184,,건축물,02-450-7873,서울특별시 광진구청,2025-12-23
중곡3동555,1,,서울특별시 광진구 중곡3동 189-69,37.5678123,127.079972,,한전주,02-450-7873,서울특별시 광진구청,2025-12-23
중곡3동556,1,,서울특별시 광진구 중곡3동 696-6,37.5679969,127.0797865,,전용주,02-450-7873,서울특별시 광진구청,2025-12-23
중곡3동557,1,,서울특별시 광진구 중곡3동 189-68,37.5677428,127.079772,,건축물,02-450-7873,서울특별시 광진구청,2025-12-23
중곡3동558,1,,서울특별시 광진구 중곡3동 189-68,37.5677935,127.0797644,,한전주,02-450-7873,서울특별시 광진구청,2025-12-23
중곡3동559,1,,서울특별시 광진구 중곡3동 187-41,37.5681869,127.0794806,,한전주,02-450-7873,서울특별시 광진구청,2025-12-23
중곡3동560,1,,서울특별시 광진구 중곡3동 696,37.5682512,127.079627,,,02-450-7873,서울특별시 광진구청,2025-12-23
중곡3동561,1,,서울특별시 광진구 중곡3동 광덕아파트,37.5684494,127.0796246,,한전주,02-450-7873,서울특별시 광진구청,2025-12-23
중곡3동562,1,,서울특별시 광진구 중곡3동 697,37.56864439,127.0798433,,,02-450-7873,서울특별시 광진구청,2025-12-23
중곡3동563,1,,서울특별시 광진구 중곡3동 187-35,37.5687299,127.0797796,,한전주,02-450-7873,서울특별시 광진구청,2025-12-23
중곡3동564,1,,서울특별시 광진구 중곡3동 원성운수,37.568893,127.0798908,,건축물,02-450-7873,서울특별시 광진구청,2025-12-23
중곡3동565,1,,서울특별시 광진구 중곡3동 187-32,37.569098,127.0799879,,건축물,02-450-7873,서울특별시 광진구청,2025-12-23
중곡3동566,1,,서울특별시 광진구 중곡3동 187-3,37.5692368,127.080079,,한전주,02-450-7873,서울특별시 광진구청,2025-12-23
중곡3동567,1,,서울특별시 광진구 중곡3동 205,37.5689338,127.0826385,,한전주,02-450-7873,서울특별시 광진구청,2025-12-23
중곡3동568,1,,서울특별시 광진구 중곡3동 175-8,37.5690933,127.0824806,,한전주,02-450-7873,서울특별시 광진구청,2025-12-23
중곡3동569,1,,서울특별시 광진구 중곡3동 211-25,37.56931902,127.082504,,건축물,02-450-7873,서울특별시 광진구청,2025-12-23
중곡3동570,1,,서울특별시 광진구 중곡3동 694-2,37.5680839,127.0812931,,,02-450-7873,서울특별시 광진구청,2025-12-23
중곡3동571,1,,서울특별시 광진구 중곡3동 175-38,37.5693325,127.0817595,,건축물,02-450-7873,서울특별시 광진구청,2025-12-23
중곡3동572,1,,서울특별시 광진구 중곡3동 28-25,37.5641842,127.0861856,,한전주,02-450-7873,서울특별시 광진구청,2025-12-23
중곡3동573,1,,서울특별시 광진구 중곡3동 28-21,37.5638857,127.0860307,,,02-450-7873,서울특별시 광진구청,2025-12-23
중곡3동574,1,,서울특별시 광진구 중곡3동 28-13,37.5639146,127.0862794,,건축물,02-450-7873,서울특별시 광진구청,2025-12-23
중곡3동575,1,,서울특별시 광진구 중곡3동 28-21,37.5637409,127.0859533,,한전주,02-450-7873,서울특별시 광진구청,2025-12-23
중곡3동576,1,,서울특별시 광진구 중곡3동 28-18,37.5637628,127.0864511,,한전주,02-450-7873,서울특별시 광진구청,2025-12-23
중곡3동577,1,,서울특별시 광진구 중곡3동 28-9,37.5637055,127.0860329,,한전주,02-450-7873,서울특별시 광진구청,2025-12-23
중곡3동578,1,,서울특별시 광진구 중곡3동 28-20,37.5637248,127.0862025,,한전주,02-450-7873,서울특별시 광진구청,2025-12-23
중곡3동579,1,,서울특별시 광진구 중곡3동 28-12,37.5635871,127.0858759,,건축물,02-450-7873,서울특별시 광진구청,2025-12-23
중곡3동580,1,,서울특별시 광진구 중곡3동 276-3,37.5635486,127.0861949,,한전주,02-450-7873,서울특별시 광진구청,2025-12-23
중곡3동581,1,,서울특별시 광진구 중곡3동 169-107,37.5682463,127.0841526,,,02-450-7873,서울특별시 광진구청,2025-12-23
중곡3동584,1,,서울특별시 광진구 중곡3동 191-77,37.567010,127.0791264,,전용주,02-450-7873,서울특별시 광진구청,2025-12-23
중곡3동585,1,,서울특별시 광진구 중곡3동 193-26,37.5666266,127.0817048,,건축물,02-450-7873,서울특별시 광진구청,2025-12-23
중곡3동586,1,,서울특별시 광진구 중곡3동 586,37.5702239,127.0816918,,한전주,02-450-7873,서울특별시 광진구청,2025-12-23
중곡3동587,1,,서울특별시 광진구 중곡3동 575-6,37.5701817,127.0815903,,한전주,02-450-7873,서울특별시 광진구청,2025-12-23
중곡3동588,1,,서울특별시 광진구 중곡3동 586,37.5702977,127.0814029,,,02-450-7873,서울특별시 광진구청,2025-12-23
중곡3동589,1,,서울특별시 광진구 중곡3동 171-16,37.5672513,127.0831484,,건축물,02-450-7873,서울특별시 광진구청,2025-12-23
중곡3동590,1,,서울특별시 광진구 중곡3동 582-7,37.5715033,127.0807988,,전용주,02-450-7873,서울특별시 광진구청,2025-12-23
중곡3동591,1,,서울특별시 광진구 중곡3동 193-2,37.5662633,127.0821673,,건축물,02-450-7873,서울특별시 광진구청,2025-12-23
중곡3동592,1,,서울특별시 광진구 중곡3동 166-40,37.5650363,127.0835372,,,02-450-7873,서울특별시 광진구청,2025-12-23
중곡3동593,1,,서울특별시 광진구 중곡3동 28-3,37.5641612,127.0867065,,한전주,02-450-7873,서울특별시 광진구청,2025-12-23
중곡3동595,1,,서울특별시 광진구 중곡동 166-25,37.5653506,127.0834554,,건축물,02-450-7873,서울특별시 광진구청,2025-12-23
중곡3동596,1,,서울특별시 광진구 중곡동 192-22,37.5655895756,127.0807912,,건축물,02-450-7873,서울특별시 광진구청,2025-12-23
중곡3동597,1,,서울특별시 광진구 중곡동 166-8,37.5652757,127.0836661,,한전주,02-450-7873,서울특별시 광진구청,2025-12-23
중곡3동598,1,,서울특별시 광진구 중곡동 175-12,37.56950755,127.0820536,,건축물,02-450-7873,서울특별시 광진구청,2025-12-23
중곡3동599,1,,서울특별시 광진구 중곡동 191-69,37.5657908403,127.0790239163,,전용주,02-450-7873,서울특별시 광진구청,2025-12-23
중곡3동600,1,,서울특별시 광진구 중곡동 191-69,37.5657908403,127.0790239163,,전용주,02-450-7873,서울특별시 광진구청,2025-12-23
중곡3동601,1,,서울특별시 광진구 중곡동 275-11,37.5586835155,127.0837452384,,,02-450-7873,서울특별시 광진구청,2025-12-23
중곡3동602,1,,서울특별시 광진구 중곡동 275-11,37.5586835155,127.0837452384,,,02-450-7873,서울특별시 광진구청,2025-12-23
중곡3동603,1,,서울특별시 광진구 중곡동 170-49,37.5674531,127.0830602233,,,02-450-7873,서울특별시 광진구청,2025-12-23
중곡3동604,1,,서울특별시 광진구 중곡동 275-11,37.5586835155,127.0837452384,,,02-450-7873,서울특별시 광진구청,2025-12-23
중곡3동605,1,,서울특별시 광진구 중곡동 275-11,37.5586835155,127.0837452384,,,02-450-7873,서울특별시 광진구청,2025-12-23
중곡3동606,1,,서울특별시 광진구 중곡동 190-8,37.5674724603,127.0790215047,,한전주,02-450-7873,서울특별시 광진구청,2025-12-23
중곡3동607,1,,서울특별시 광진구 중곡동 29-1,37.566286004,127.0860542848,,,02-450-7873,서울특별시 광진구청,2025-12-23
중곡3동608,1,,서울특별시 광진구 중곡동 275-11,37.5586835155,127.0837452384,,,02-450-7873,서울특별시 광진구청,2025-12-23
중곡3동609,1,,서울특별시 광진구 중곡동 30-2,37.56406608,127.0859599,,전용주,02-450-7873,서울특별시 광진구청,2025-12-23
중곡3동610,1,,서울특별시 광진구 중곡동 30-2,37.56406608,127.0859599,,전용주,02-450-7873,서울특별시 광진구청,2025-12-23
중곡3동611,1,,서울특별시 광진구 중곡동 30-2,37.56406608,127.0859599,,전용주,02-450-7873,서울특별시 광진구청,2025-12-23
중곡3동612,1,,서울특별시 광진구 중곡동 166-41,37.5643957,127.0831718,,한전주,02-450-7873,서울특별시 광진구청,2025-12-23
중곡3동613,1,,서울특별시 광진구 중곡동 166-16,37.564467,127.0830363,,,02-450-7873,서울특별시 광진구청,2025-12-23
중곡3동614,1,,서울특별시 광진구 중곡동 539-1,37.57031677,127.0856917,,,02-450-7873,서울특별시 광진구청,2025-12-23
중곡3동615,1,,서울특별시 광진구 중곡동 172-86,37.5668114,127.0827813,,건축물,02-450-7873,서울특별시 광진구청,2025-12-23
중곡3동616,1,,서울특별시 광진구 중곡동 275-11,37.5586835155,127.0837452384,,,02-450-7873,서울특별시 광진구청,2025-12-23
중곡3동617,1,,서울특별시 광진구 중곡동 275-11,37.5586835155,127.0837452384,,,02-450-7873,서울특별시 광진구청,2025-12-23
중곡3동618,1,,서울특별시 광진구 중곡동 275-11,37.5586835155,127.0837452384,,,02-450-7873,서울특별시 광진구청,2025-12-23
중곡3동620,1,,서울특별시 광진구 중곡동 265-4,37.5657180025,127.0819623103,,한전주,02-450-7873,서울특별시 광진구청,2025-12-23
중곡3동621,1,,서울특별시 광진구 중곡동 177-14,37.5697264041,127.0807703,,건축물,02-450-7873,서울특별시 광진구청,2025-12-23
중곡3동622,1,,서울특별시 광진구 중곡동 181-5,37.5694635512,127.0801189917,,,02-450-7873,서울특별시 광진구청,2025-12-23
중곡3동623,1,,서울특별시 광진구 중곡동 211-18,37.5694421,127.0827152,,,02-450-7873,서울특별시 광진구청,2025-12-23
중곡3동624,1,,서울특별시 광진구 중곡동 211-20,37.56937078,127.0825103,,,02-450-7873,서울특별시 광진구청,2025-12-23
중곡3동626,1,,서울특별시 광진구 중곡동 128-36,37.55836963,127.0853295,,,02-450-7873,서울특별시 광진구청,2025-12-23
중곡3동627,1,,서울특별시 광진구 중곡동 189-76,37.56701222,127.0806321,,,02-450-7873,서울특별시 광진구청,2025-12-23
중곡3동628,1,,서울특별시 광진구 중곡동 168-2,37.56729792,127.0841291,,건축물,02-450-7873,서울특별시 광진구청,2025-12-23
중곡4동001,1,,서울특별시 광진구 중곡동 603-1,37.5707477951,127.0869180421,,건축물,02-450-7873,서울특별시 광진구청,2025-12-23
중곡4동002,1,,서울특별시 광진구 중곡동 603-3,37.57057117,127.0869334,,한전주,02-450-7873,서울특별시 광진구청,2025-12-23
중곡4동003,1,,서울특별시 광진구 중곡동 288-38,37.5700111151,127.0869146,,한전주,02-450-7873,서울특별시 광진구청,2025-12-23
중곡4동004,1,,서울특별시 광진구 중곡동 289-2,37.56997883,127.0863786,,,02-450-7873,서울특별시 광진구청,2025-12-23
중곡4동005,1,,서울특별시 광진구 중곡동 289-2,37.56997883,127.0863356,,,02-450-7873,서울특별시 광진구청,2025-12-23
중곡4동006,1,,서울특별시 광진구 중곡동 288-27,37.56999145,127.0871081,,한전주,02-450-7873,서울특별시 광진구청,2025-12-23
중곡4동007,1,,서울특별시 광진구 중곡동 602-4,37.5704358719,127.0872456,,한전주,02-450-7873,서울특별시 광진구청,2025-12-23
중곡4동008,1,,서울특별시 광진구 중곡동 602-1,37.5707572596,127.0872586,,건축물,02-450-7873,서울특별시 광진구청,2025-12-23
중곡4동009,1,,서울특별시 광진구 중곡동 601-11,37.5705246879,127.0874342968,,,02-450-7873,서울특별시 광진구청,2025-12-23
중곡4동010,1,,서울특별시 광진구 중곡동 601-5,37.57035017,127.0876458306,,,02-450-7873,서울특별시 광진구청,2025-12-23
중곡4동011,1,,서울특별시 광진구 중곡동 600-5,37.5702854216,127.0879546,,건축물,02-450-7873,서울특별시 광진구청,2025-12-23
중곡4동012,1,,서울특별시 광진구 중곡동 600-11,37.57053074,127.0877771,,,02-450-7873,서울특별시 광진구청,2025-12-23
중곡4동013,1,,서울특별시 광진구 중곡동 600-1,37.57078052,127.0879366,,한전주,02-450-7873,서울특별시 광진구청,2025-12-23
중곡4동014,1,,서울특별시 광진구 중곡동 599-3,37.5705247849,127.0881518472,,한전주,02-450-7873,서울특별시 광진구청,2025-12-23
중곡4동015,1,,서울특별시 광진구 중곡동 599-6,37.5702019616,127.0882681714,,한전주,02-450-7873,서울특별시 광진구청,2025-12-23
중곡4동016,1,,서울특별시 광진구 중곡동 287-2,37.56991487,127.0883095,,한전주,02-450-7873,서울특별시 광진구청,2025-12-23
중곡4동017,1,,서울특별시 광진구 중곡동 287-3,37.57001014,127.0881156,,한전주,02-450-7873,서울특별시 광진구청,2025-12-23
중곡4동018,1,,서울특별시 광진구 중곡동 288-12,37.56999523,127.0877284,,한전주,02-450-7873,서울특별시 광진구청,2025-12-23
중곡4동019,1,,서울특별시 광진구 중곡동 287-2,37.56991487,127.0883095,,건축물,02-450-7873,서울특별시 광진구청,2025-12-23
중곡4동020,1,,서울특별시 광진구 중곡동 288-14,37.56999503,127.0875048,,,02-450-7873,서울특별시 광진구청,2025-12-23
중곡4동021,1,,서울특별시 광진구 중곡동 287-2,37.56992317,127.0883095,,건축물,02-450-7873,서울특별시 광진구청,2025-12-23
중곡4동022,1,,서울특별시 광진구 중곡동 287-2,37.56991487,127.0883095,,전용주,02-450-7873,서울특별시 광진구청,2025-12-23
중곡4동023,1,,서울특별시 광진구 중곡동 287-14,37.5696408248,127.0883846658,,한전주,02-450-7873,서울특별시 광진구청,2025-12-23
중곡4동024,1,,서울특별시 광진구 중곡동 287-12,37.56956938,127.0881422,,전용주,02-450-7873,서울특별시 광진구청,2025-12-23
중곡4동025,1,,서울특별시 광진구 중곡동 287-15,37.5694641184,127.0884129821,,전용주,02-450-7873,서울특별시 광진구청,2025-12-23
중곡4동026,1,,서울특별시 광진구 중곡동 294-1,37.56923715,127.088538,,한전주,02-450-7873,서울특별시 광진구청,2025-12-23
중곡4동027,1,,서울특별시 광진구 중곡동 293-23,37.56927839,127.0871286,,한전주,02-450-7873,서울특별시 광진구청,2025-12-23
중곡4동028,1,,서울특별시 광진구 중곡동 294-1,37.56923715,127.088538,,한전주,02-450-7873,서울특별시 광진구청,2025-12-23
중곡4동029,1,,서울특별시 광진구 중곡동 287-12,37.56957617,127.0881422,,한전주,02-450-7873,서울특별시 광진구청,2025-12-23
중곡4동030,1,,서울특별시 광진구 중곡동 287-7,37.56976544,127.0881349,,한전주,02-450-7873,서울특별시 광진구청,2025-12-23
중곡4동031,1,,서울특별시 광진구 중곡동 288-2,37.56990402,127.0878768,,건축물,02-450-7873,서울특별시 광진구청,2025-12-23
중곡4동032,1,,서울특별시 광진구 중곡동 293-1,37.56925682,127.0879756,,한전주,02-450-7873,서울특별시 광진구청,2025-12-23
중곡4동033,1,,서울특별시 광진구 중곡동 293-10,37.56928073,127.0877342,,한전주,02-450-7873,서울특별시 광진구청,2025-12-23
중곡4동034,1,,서울특별시 광진구 중곡동 288-8,37.5695850757,127.0877504832,,건축물,02-450-7873,서울특별시 광진구청,2025-12-23
중곡4동035,1,,서울특별시 광진구 중곡동 288-10,37.56982217,127.087742032,,,02-450-7873,서울특별시 광진구청,2025-12-23
중곡4동036,1,,서울특별시 광진구 중곡동 288-12,37.56999523,127.0877284,,건축물,02-450-7873,서울특별시 광진구청,2025-12-23
중곡4동037,1,,서울특별시 광진구 중곡동 288-28,37.56981417,127.0871085,,한전주,02-450-7873,서울특별시 광진구청,2025-12-23
중곡4동038,1,,서울특별시 광진구 중곡동 288-24,37.5698946,127.0873472,,,02-450-7873,서울특별시 광진구청,2025-12-23
중곡4동039,1,,서울특별시 광진구 중곡동 289-14,37.56974017,127.0867293381,,전용주,02-450-7873,서울특별시 광진구청,2025-12-23
중곡4동040,1,,서울특별시 광진구 중곡동 288-37,37.56987147,127.0869478,,한전주,02-450-7873,서울특별시 광진구청,2025-12-23
중곡4동041,1,,서울특별시 광진구 중곡동 289-9,37.5694422115,127.0867496,,한전주,02-450-7873,서울특별시 광진구청,2025-12-23
중곡4동042,1,,서울특별시 광진구 중곡동 292,37.56928402,127.0865771,,한전주,02-450-7873,서울특별시 광진구청,2025-12-23
중곡4동043,1,,서울특별시 광진구 중곡동 292,37.56928402,127.0865771,,한전주,02-450-7873,서울특별시 광진구청,2025-12-23
중곡4동044,1,,서울특별시 광진구 중곡동 293-31,37.56916717,127.0869513,,한전주,02-450-7873,서울특별시 광진구청,2025-12-23
중곡4동045,1,,서울특별시 광진구 중곡동 292,37.56928402,127.0865771,,한전주,02-450-7873,서울특별시 광진구청,2025-12-23
중곡4동046,1,,서울특별시 광진구 중곡동 292,37.56928402,127.0865771,,한전주,02-450-7873,서울특별시 광진구청,2025-12-23
중곡4동047,1,,서울특별시 광진구 중곡동 293-17,37.56877114,127.0873076,,전용주,02-450-7873,서울특별시 광진구청,2025-12-23
중곡4동048,1,,서울특별시 광진구 중곡동 293-17,37.56877114,127.0873056,,건축물,02-450-7873,서울특별시 광진구청,2025-12-23
중곡4동049,1,,서울특별시 광진구 중곡동 293-18,37.56889503,127.0873494,,한전주,02-450-7873,서울특별시 광진구청,2025-12-23
중곡4동050,1,,서울특별시 광진구 중곡동 293-20,37.56916253,127.0873527,,건축물,02-450-7873,서울특별시 광진구청,2025-12-23
중곡4동051,1,,서울특별시 광진구 중곡동 296-4,37.56859239,127.0874594,,건축물,02-450-7873,서울특별시 광진구청,2025-12-23
중곡4동052,1,,서울특별시 광진구 중곡동 293-6,37.56877347,127.0877383,,한전주,02-450-7873,서울특별시 광진구청,2025-12-23
중곡4동053,1,,서울특별시 광진구 중곡동 293-16,37.5687734505,127.0875194087,,건축물,02-450-7873,서울특별시 광진구청,2025-12-23
중곡4동054,1,,서울특별시 광진구 중곡동 293-14,37.56906817,127.0875150494,,한전주,02-450-7873,서울특별시 광진구청,2025-12-23
중곡4동055,1,,서울특별시 광진구 중곡동 293-10,37.56928073,127.0877096,,건축물,02-450-7873,서울특별시 광진구청,2025-12-23
중곡4동056,1,,서울특별시 광진구 중곡동 296-1,37.5685973597,127.0879320183,,건축물,02-450-7873,서울특별시 광진구청,2025-12-23
중곡4동057,1,,서울특별시 광진구 중곡동 294-19,37.5689980534,127.0881454069,,한전주,02-450-7873,서울특별시 광진구청,2025-12-23
중곡4동058,1,,서울특별시 광진구 중곡동 294-13,37.56924917,127.0881026,,한전주,02-450-7873,서울특별시 광진구청,2025-12-23
중곡4동059,1,,서울특별시 광진구 중곡동 294-9,37.56876417,127.0883174085,,건축물,02-450-7873,서울특별시 광진구청,2025-12-23
중곡4동060,1,,서울특별시 광진구 중곡동 295-1,37.56859643,127.0882064,,한전주,02-450-7873,서울특별시 광진구청,2025-12-23
중곡4동061,1,,서울특별시 광진구 중곡동 294-11,37.56908017,127.0883011325,,전용주,02-450-7873,서울특별시 광진구청,2025-12-23
중곡4동062,1,,서울특별시 광진구 중곡동 294-3,37.5691026325,127.0885420487,,전용주,02-450-7873,서울특별시 광진구청,2025-12-23
중곡4동063,1,,서울특별시 광진구 중곡동 294-21,37.5688438457,127.0886899128,,한전주,02-450-7873,서울특별시 광진구청,2025-12-23
중곡4동064,1,,서울특별시 광진구 중곡동 294-21,37.56889317,127.0886899128,,건축물,02-450-7873,서울특별시 광진구청,2025-12-23
중곡4동065,1,,서울특별시 광진구 중곡동 275-11,37.5586835155,127.0837452384,,,02-450-7873,서울특별시 광진구청,2025-12-23
중곡4동066,1,,서울특별시 광진구 중곡동 294-6,37.56871085,127.0887082,,한전주,02-450-7873,서울특별시 광진구청,2025-12-23
중곡4동067,1,,서울특별시 광진구 중곡동 294-6,37.56871085,127.0887003,,전용주,02-450-7873,서울특별시 광진구청,2025-12-23
중곡4동068,1,,서울특별시 광진구 중곡동 176-110,37.56833046,127.0893986,,전용주,02-450-7873,서울특별시 광진구청,2025-12-23
중곡4동069,1,,서울특별시 광진구 중곡동 176-110,37.56833046,127.0893986,,전용주,02-450-7873,서울특별시 광진구청,2025-12-23
중곡4동070,1,,서울특별시 광진구 중곡동 176-110,37.56838017,127.0893986,,전용주,02-450-7873,서울특별시 광진구청,2025-12-23
중곡4동071,1,,서울특별시 광진구 중곡동 176-117,37.5691570776,127.0891815295,,한전주,02-450-7873,서울특별시 광진구청,2025-12-23
중곡4동072,1,,서울특별시 광진구 중곡동 176-110,37.56833046,127.0893066,,전용주,02-450-7873,서울특별시 광진구청,2025-12-23
중곡4동073,1,,서울특별시 광진구 중곡동 176-5,37.56786249,127.0893908,,전용주,02-450-7873,서울특별시 광진구청,2025-12-23
중곡4동074,1,,서울특별시 광진구 중곡동 176-5,37.56786249,127.0893908,,전용주,02-450-7873,서울특별시 광진구청,2025-12-23
중곡4동075,1,,서울특별시 광진구 중곡동 176-8,37.56774189,127.0896256,,전용주,02-450-7873,서울특별시 광진구청,2025-12-23
중곡4동076,1,,서울특별시 광진구 중곡동 176-112,37.5675831801,127.0896348137,,한전주,02-450-7873,서울특별시 광진구청,2025-12-23
중곡4동077,1,,서울특별시 광진구 중곡동 176-112,37.5675831801,127.0896348137,,한전주,02-450-7873,서울특별시 광진구청,2025-12-23
중곡4동078,1,,서울특별시 광진구 중곡동 176-10,37.56769617,127.0896898,,전용주,02-450-7873,서울특별시 광진구청,2025-12-23
중곡4동079,1,,서울특별시 광진구 중곡동 176-11,37.567449286,127.0896429162,,건축물,02-450-7873,서울특별시 광진구청,2025-12-23
중곡4동080,1,,서울특별시 광진구 중곡동 176-112,37.5675831801,127.0896946,,한전주,02-450-7873,서울특별시 광진구청,2025-12-23
중곡4동081,1,,서울특별시 광진구 중곡동 176-78,37.5656681981,127.0895660311,,전용주,02-450-7873,서울특별시 광진구청,2025-12-23
중곡4동082,1,,서울특별시 광진구 중곡동 176-1,37.56713617,127.088453,,전용주,02-450-7873,서울특별시 광진구청,2025-12-23
중곡4동083,1,,서울특별시 광진구 중곡동 176-1,37.56713017,127.088453,,건축물,02-450-7873,서울특별시 광진구청,2025-12-23
중곡4동084,1,,서울특별시 광진구 중곡동 176-47,37.56734217,127.0895108,,전용주,02-450-7873,서울특별시 광진구청,2025-12-23
중곡4동085,1,,서울특별시 광진구 중곡동 176-17,37.56738417,127.0891516,,한전주,02-450-7873,서울특별시 광진구청,2025-12-23
중곡4동086,1,,서울특별시 광진구 중곡동 176-137,37.56741417,127.0887156,,한전주,02-450-7873,서울특별시 광진구청,2025-12-23
중곡4동087,1,,서울특별시 광진구 중곡동 176-136,37.56749217,127.0886163846,,한전주,02-450-7873,서울특별시 광진구청,2025-12-23
중곡4동088,1,,서울특별시 광진구 중곡동 176-27,37.56767417,127.0886156,,,02-450-7873,서울특별시 광진구청,2025-12-23
중곡4동089,1,,서울특별시 광진구 중곡동 176-28,37.5675684,127.0888396,,건축물,02-450-7873,서울특별시 광진구청,2025-12-23
중곡4동090,1,,서울특별시 광진구 중곡동 176-71,37.56786217,127.0891115,,,02-450-7873,서울특별시 광진구청,2025-12-23
중곡4동091,1,,서울특별시 광진구 중곡동 176-10,37.5676481,127.0896816,,건축물,02-450-7873,서울특별시 광진구청,2025-12-23
중곡4동092,1,,서울특별시 광진구 중곡동 176-9,37.5675796067,127.0886915875,,한전주,02-450-7873,서울특별시 광진구청,2025-12-23
중곡4동093,1,,서울특별시 광진구 중곡동 176-31,37.56769917,127.0893836,,전용주,02-450-7873,서울특별시 광진구청,2025-12-23
중곡4동094,1,,서울특별시 광진구 중곡동 176-31,37.56767503,127.0893326,,건축물,02-450-7873,서울특별시 광진구청,2025-12-23
중곡4동095,1,,서울특별시 광진구 중곡동 176-30,37.5675905046,127.0890706,,한전주,02-450-7873,서울특별시 광진구청,2025-12-23
중곡4동096,1,,서울특별시 광진구 중곡동 176-20,37.56739644,127.0888246,,전용주,02-450-7873,서울특별시 광진구청,2025-12-23
중곡4동097,1,,서울특별시 광진구 중곡동 176-93,37.5676388016,127.0881590861,,전용주,02-450-7873,서울특별시 광진구청,2025-12-23
중곡4동098,1,,서울특별시 광진구 중곡동 176-90,37.56768627,127.0879916,,한전주,02-450-7873,서울특별시 광진구청,2025-12-23
중곡4동099,1,,서울특별시 광진구 중곡동 176-5,37.56786249,127.0893486,,전용주,02-450-7873,서울특별시 광진구청,2025-12-23
중곡4동100,1,,서울특별시 광진구 중곡동 176-86,37.5678136,127.0889746,,전용주,02-450-7873,서울특별시 광진구청,2025-12-23
중곡4동100,1,,서울특별시 광진구 중곡동 94-34,37.5541338,127.0897899,,전용주,02-450-7873,서울특별시 광진구청,2025-12-23
중곡4동100,1,,서울특별시 광진구 중곡동 94-33,37.55425417,127.0897352,,한전주,02-450-7873,서울특별시 광진구청,2025-12-23
중곡4동100,1,,서울특별시 광진구 중곡동 94-31,37.55425556,127.0897352,,한전주,02-450-7873,서울특별시 광진구청,2025-12-23
중곡4동100,1,,서울특별시 광진구 중곡동 275-11,37.5586835155,127.0837452384,,,02-450-7873,서울특별시 광진구청,2025-12-23
중곡4동100,1,,서울특별시 광진구 중곡동 93-35,37.5540877,127.0892709,,건축물,02-450-7873,서울특별시 광진구청,2025-12-23
중곡4동100,1,,서울특별시 광진구 중곡동 93-31,37.55438717,127.0891316,,전용주,02-450-7873,서울특별시 광진구청,2025-12-23
중곡4동100,1,,서울특별시 광진구 중곡동 93-46,37.5542569544,127.0887289826,,전용주,02-450-7873,서울특별시 광진구청,2025-12-23
중곡4동100,1,,서울특별시 광진구 중곡동 93-4,37.5540473624,127.0887555557,,건축물,02-450-7873,서울특별시 광진구청,2025-12-23
중곡4동100,1,,서울특별시 광진구 중곡동 93-10,37.55384937,127.088812,,한전주,02-450-7873,서울특별시 광진구청,2025-12-23
중곡4동101,1,,서울특별시 광진구 중곡동 176-70,37.56780384,127.0889118943,,전용주,02-450-7873,서울특별시 광진구청,2025-12-23
중곡4동101,1,,서울특별시 광진구 중곡동 93-29,37.55457917,127.0890557,,한전주,02-450-7873,서울특별시 광진구청,2025-12-23
중곡4동101,1,,서울특별시 광진구 중곡동 93-20,37.55464835,127.0892042,,,02-450-7873,서울특별시 광진구청,2025-12-23
중곡4동101,1,,서울특별시 광진구 중곡동 93-1,37.55491523,127.0890236,,한전주,02-450-7873,서울특별시 광진구청,2025-12-23
중곡4동101,1,,서울특별시 광진구 중곡동 275-11,37.5586835155,127.0837452384,,,02-450-7873,서울특별시 광진구청,2025-12-23
중곡4동101,1,,서울특별시 광진구 중곡동 92-11,37.55515231,127.0889176,,건축물,02-450-7873,서울특별시 광진구청,2025-12-23
중곡4동101,1,,서울특별시 광진구 중곡동 93-18,37.55482681,127.0891206,,한전주,02-450-7873,서울특별시 광진구청,2025-12-23
중곡4동101,1,,서울특별시 광진구 중곡동 94-4,37.55476391,127.0894907,,전용주,02-450-7873,서울특별시 광진구청,2025-12-23
중곡4동101,1,,서울특별시 광진구 중곡동 94-10,37.5546699456,127.0895306,,,02-450-7873,서울특별시 광진구청,2025-12-23
중곡4동101,1,,서울특별시 광진구 중곡동 94-5,37.55451053,127.0895157,,한전주,02-450-7873,서울특별시 광진구청,2025-12-23
중곡4동101,1,,서울특별시 광진구 중곡동 94-24,37.55495403,127.0895596,,한전주,02-450-7873,서울특별시 광진구청,2025-12-23
중곡4동102,1,,서울특별시 광진구 중곡동 176-69,37.56769545,127.0887957,,전용주,02-450-7873,서울특별시 광진구청,2025-12-23
중곡4동102,1,,서울특별시 광진구 중곡동 94-25,37.55486749,127.0896512,,,02-450-7873,서울특별시 광진구청,2025-12-23
중곡4동102,1,,서울특별시 광진구 중곡동 94-1,37.5549595744,127.0897724747,,한전주,02-450-7873,서울특별시 광진구청,2025-12-23
중곡4동102,1,,서울특별시 광진구 중곡동 94-6,37.5547027578,127.0898149457,,전용주,02-450-7873,서울특별시 광진구청,2025-12-23
중곡4동102,1,,서울특별시 광진구 중곡동 94-28,37.55447028,127.0899576,,한전주,02-450-7873,서울특별시 광진구청,2025-12-23
중곡4동102,1,,서울특별시 광진구 중곡동 94-29,37.55423307,127.0900466,,,02-450-7873,서울특별시 광진구청,2025-12-23
중곡4동102,1,,서울특별시 광진구 중곡동 275-11,37.5586835155,127.0837452384,,,02-450-7873,서울특별시 광진구청,2025-12-23
중곡4동102,1,,서울특별시 광진구 중곡동 79-12,37.557766565,127.0890086,,,02-450-7873,서울특별시 광진구청,2025-12-23
중곡4동102,1,,서울특별시 광진구 중곡동 275-11,37.5586835155,127.0837452384,,,02-450-7873,서울특별시 광진구청,2025-12-23
중곡4동103,1,,서울특별시 광진구 중곡동 176-108,37.567906,127.0887993599,,전용주,02-450-7873,서울특별시 광진구청,2025-12-23
중곡4동103,1,,서울특별시 광진구 중곡동 79-14,37.55766417,127.0888169,,,02-450-7873,서울특별시 광진구청,2025-12-23
중곡4동103,1,,서울특별시 광진구 중곡동 82-15,37.55743316,127.0890096,,,02-450-7873,서울특별시 광진구청,2025-12-23
중곡4동103,1,,서울특별시 광진구 중곡동 97-1,37.55578356,127.0907026,,한전주,02-450-7873,서울특별시 광진구청,2025-12-23
중곡4동103,1,,서울특별시 광진구 중곡동 90-29,37.55581805,127.0902357,,,02-450-7873,서울특별시 광진구청,2025-12-23
중곡4동103,1,,서울특별시 광진구 중곡동 90-39,37.5555584943,127.0898554703,,,02-450-7873,서울특별시 광진구청,2025-12-23
중곡4동103,1,,서울특별시 광진구 중곡동 90-41,37.5559446,127.0900525,,건축물,02-450-7873,서울특별시 광진구청,2025-12-23
중곡4동103,1,,서울특별시 광진구 중곡동 90-41,37.55596817,127.0900286,,,02-450-7873,서울특별시 광진구청,2025-12-23
중곡4동103,1,,서울특별시 광진구 중곡동 90-44,37.55609293,127.0897426,,,02-450-7873,서울특별시 광진구청,2025-12-23
중곡4동104,1,,서울특별시 광진구 중곡동 176-26,37.56769169,127.0886026,,,02-450-7873,서울특별시 광진구청,2025-12-23
중곡4동104,1,,서울특별시 광진구 중곡동 90-54,37.55621742,127.0899388,,,02-450-7873,서울특별시 광진구청,2025-12-23
중곡4동104,1,,서울특별시 광진구 중곡동 97-24,37.55548409,127.0904191,,한전주,02-450-7873,서울특별시 광진구청,2025-12-23
중곡4동104,1,,서울특별시 광진구 중곡동 90-23,37.55557017,127.0902736,,한전주,02-450-7873,서울특별시 광진구청,2025-12-23
중곡4동104,1,,서울특별시 광진구 중곡동 97-20,37.55548194,127.0907656,,전용주,02-450-7873,서울특별시 광진구청,2025-12-23
중곡4동104,1,,서울특별시 광진구 중곡동 97-21,37.55536517,127.0906452,,,02-450-7873,서울특별시 광진구청,2025-12-23
중곡4동104,1,,서울특별시 광진구 중곡동 97-15,37.55519232,127.0908116,,한전주,02-450-7873,서울특별시 광진구청,2025-12-23
중곡4동104,1,,서울특별시 광진구 중곡동 97-15,37.55519232,127.0908386,,한전주,02-450-7873,서울특별시 광진구청,2025-12-23
중곡4동104,1,,서울특별시 광진구 중곡동 97-13,37.55537017,127.090960682,,,02-450-7873,서울특별시 광진구청,2025-12-23
중곡4동104,1,,서울특별시 광진구 중곡동 97-28,37.55494091,127.0911965,,한전주,02-450-7873,서울특별시 광진구청,2025-12-23
중곡4동105,1,,서울특별시 광진구 중곡동 176-40,37.5677564,127.0883736,,건축물,02-450-7873,서울특별시 광진구청,2025-12-23
중곡4동105,1,,서울특별시 광진구 중곡동 97-28,37.55494091,127.0911965,,,02-450-7873,서울특별시 광진구청,2025-12-23
중곡4동105,1,,서울특별시 광진구 중곡동 96-10,37.5547896518,127.0910156,,전용주,02-450-7873,서울특별시 광진구청,2025-12-23
중곡4동105,1,,서울특별시 광진구 중곡동 96-21,37.55485351,127.0907686,,건축물,02-450-7873,서울특별시 광진구청,2025-12-23
중곡4동105,1,,서울특별시 광진구 중곡동 96-19,37.55492667,127.0906026,,한전주,02-450-7873,서울특별시 광진구청,2025-12-23
중곡4동105,1,,서울특별시 광진구 중곡동 96-12,37.5550017462,127.0906369845,,전용주,02-450-7873,서울특별시 광진구청,2025-12-23
중곡4동105,1,,서울특별시 광진구 중곡동 96-1,37.5553348,127.0902386,,한전주,02-450-7873,서울특별시 광진구청,2025-12-23
중곡4동105,1,,서울특별시 광진구 중곡동 96-13,37.55524677,127.0901246,,한전주,02-450-7873,서울특별시 광진구청,2025-12-23
중곡4동105,1,,서울특별시 광진구 중곡동 96-29,37.55508317,127.0900406,,건축물,02-450-7873,서울특별시 광진구청,2025-12-23
중곡4동105,1,,서울특별시 광진구 중곡동 96-35,37.55497517,127.0903332,,,02-450-7873,서울특별시 광진구청,2025-12-23
중곡4동105,1,,서울특별시 광진구 중곡동 95-2,37.55469225,127.0902706,,한전주,02-450-7873,서울특별시 광진구청,2025-12-23
중곡4동106,1,,서울특별시 광진구 중곡동 176-43,37.56785199,127.0881451,,전용주,02-450-7873,서울특별시 광진구청,2025-12-23
중곡4동106,1,,서울특별시 광진구 중곡동 96-39,37.55482575,127.0904029,,,02-450-7873,서울특별시 광진구청,2025-12-23
중곡4동106,1,,서울특별시 광진구 중곡동 95-6,37.5544146,127.0905716,,한전주,02-450-7873,서울특별시 광진구청,2025-12-23
중곡4동106,1,,서울특별시 광진구 중곡동 96-36,37.55467455,127.0906706,,건축물,02-450-7873,서울특별시 광진구청,2025-12-23
중곡4동106,1,,서울특별시 광진구 중곡동 96-36,37.55467455,127.0906476,,,02-450-7873,서울특별시 광진구청,2025-12-23
중곡4동106,1,,서울특별시 광진구 중곡동 95-11,37.55424917,127.0905851,,한전주,02-450-7873,서울특별시 광진구청,2025-12-23
중곡4동106,1,,서울특별시 광진구 중곡동 112-9,37.5540719,127.0908476,,건축물,02-450-7873,서울특별시 광진구청,2025-12-23
중곡4동106,1,,서울특별시 광진구 중곡동 112-13,37.55394558,127.0907696,,,02-450-7873,서울특별시 광진구청,2025-12-23
중곡4동106,1,,서울특별시 광진구 중곡동 112-8,37.55399551,127.0909676,,한전주,02-450-7873,서울특별시 광진구청,2025-12-23
중곡4동106,1,,서울특별시 광진구 중곡동 112-6,37.55386859,127.0911385,,한전주,02-450-7873,서울특별시 광진구청,2025-12-23
중곡4동106,1,,서울특별시 광진구 중곡동 113-2,37.5537124854,127.0913237939,,,02-450-7873,서울특별시 광진구청,2025-12-23
중곡4동107,1,,서울특별시 광진구 중곡동 176-43,37.56785199,127.0881451,,,02-450-7873,서울특별시 광진구청,2025-12-23
중곡4동107,1,,서울특별시 광진구 중곡동 113-11,37.55342907,127.0912773,,,02-450-7873,서울특별시 광진구청,2025-12-23
중곡4동107,1,,서울특별시 광진구 중곡동 113-12,37.55348348,127.0910502,,한전주,02-450-7873,서울특별시 광진구청,2025-12-23
중곡4동107,1,,서울특별시 광진구 중곡동 113-21,37.55351515,127.0915778,,전용주,02-450-7873,서울특별시 광진구청,2025-12-23
중곡4동107,1,,서울특별시 광진구 중곡동 113-11,37.55342907,127.0912196,,한전주,02-450-7873,서울특별시 광진구청,2025-12-23
중곡4동107,1,,서울특별시 광진구 중곡동 113-11,37.55345217,127.0912773,,전용주,02-450-7873,서울특별시 광진구청,2025-12-23
중곡4동107,1,,서울특별시 광진구 중곡동 112-22,37.5535244786,127.090600,,전용주,02-450-7873,서울특별시 광진구청,2025-12-23
중곡4동107,1,,서울특별시 광진구 중곡동 275-11,37.5586835155,127.0837452384,,,02-450-7873,서울특별시 광진구청,2025-12-23
중곡4동107,1,,서울특별시 광진구 중곡동 112-20,37.55388383,127.0905386,,건축물,02-450-7873,서울특별시 광진구청,2025-12-23
중곡4동107,1,,서울특별시 광진구 중곡동 112-20,37.55388383,127.0905416,,건축물,02-450-7873,서울특별시 광진구청,2025-12-23
중곡4동107,1,,서울특별시 광진구 중곡동 95-17,37.55463619,127.0901116,,전용주,02-450-7873,서울특별시 광진구청,2025-12-23
중곡4동108,1,,서울특별시 광진구 중곡동 176-90,37.56768627,127.0879426,,전용주,02-450-7873,서울특별시 광진구청,2025-12-23
중곡4동108,1,,서울특별시 광진구 중곡동 114-34,37.55288417,127.0907791521,,한전주,02-450-7873,서울특별시 광진구청,2025-12-23
중곡4동108,1,,서울특별시 광진구 중곡동 114-32,37.55282617,127.0906436,,한전주,02-450-7873,서울특별시 광진구청,2025-12-23
중곡4동108,1,,서울특별시 광진구 중곡동 18-126,37.56406441,127.0882223,,건축물,02-450-7873,서울특별시 광진구청,2025-12-23
중곡4동108,1,,서울특별시 광진구 중곡동 275-11,37.5586835155,127.0837452384,,,02-450-7873,서울특별시 광진구청,2025-12-23
중곡4동108,1,,서울특별시 광진구 중곡동 275-11,37.5586835155,127.0837452384,,,02-450-7873,서울특별시 광진구청,2025-12-23
중곡4동108,1,,서울특별시 광진구 중곡동 275-11,37.5586835155,127.0837452384,,,02-450-7873,서울특별시 광진구청,2025-12-23
중곡4동108,1,,서울특별시 광진구 중곡동 275-11,37.5586835155,127.0837452384,,,02-450-7873,서울특별시 광진구청,2025-12-23
중곡4동109,1,,서울특별시 광진구 중곡동 442-2,37.5549231925,127.0922008669,,건축물,02-450-7873,서울특별시 광진구청,2025-12-23
중곡4동109,1,,서울특별시 광진구 중곡동 80-10,37.5569698,127.0883173,,한전주,02-450-7873,서울특별시 광진구청,2025-12-23
중곡4동109,1,,서울특별시 광진구 중곡동 107-33,37.55646085,127.0924048,,건축물,02-450-7873,서울특별시 광진구청,2025-12-23
중곡4동109,1,,서울특별시 광진구 중곡동 452-1,37.559086297,127.0908540004,,한전주,02-450-7873,서울특별시 광진구청,2025-12-23
중곡4동109,1,,서울특별시 광진구 중곡동 80-10,37.5569465,127.0883544,,전용주,02-450-7873,서울특별시 광진구청,2025-12-23
중곡4동109,1,,서울특별시 광진구 중곡4동 63-12,37.558937,127.089080,,,02-450-7873,서울특별시 광진구청,2025-12-23
중곡4동109,1,,서울특별시 광진구 중곡동 147-138,37.5610233691,127.0897983,,건축물,02-450-7873,서울특별시 광진구청,2025-12-23
중곡4동109,1,,서울특별시 광진구 중곡4동 113-4,37.560486,127.092330,,,02-450-7873,서울특별시 광진구청,2025-12-23
중곡4동109,1,,서울특별시 광진구 중곡동 275-11,37.5586835155,127.0837452384,,,02-450-7873,서울특별시 광진구청,2025-12-23
중곡4동109,1,,서울특별시 광진구 중곡4동 94-28,37.560158,127.094230,,,02-450-7873,서울특별시 광진구청,2025-12-23
중곡4동110,1,,서울특별시 광진구 중곡동 296-27,37.56822077,127.0878989,,전용주,02-450-7873,서울특별시 광진구청,2025-12-23
중곡4동110,1,,서울특별시 광진구 중곡4동 79-16,37.560104,127.094540,,,02-450-7873,서울특별시 광진구청,2025-12-23
중곡4동110,1,,서울특별시 광진구 중곡동 437-2,37.5600473,127.094864,,,02-450-7873,서울특별시 광진구청,2025-12-23
중곡4동110,1,,서울특별시 광진구 중곡동 18-38,37.5671921,127.0872816,,건축물,02-450-7873,서울특별시 광진구청,2025-12-23
중곡4동110,1,,서울특별시 광진구 중곡동 18-34,37.5671688,127.0872816,,건축물,02-450-7873,서울특별시 광진구청,2025-12-23
중곡4동110,1,,서울특별시 광진구 중곡동 276-4,37.5634231044,127.0876181752,,,02-450-7873,서울특별시 광진구청,2025-12-23
중곡4동110,1,,서울특별시 광진구 중곡4동 18-117,37.565033,127.087750,,,02-450-7873,서울특별시 광진구청,2025-12-23
중곡4동110,1,,서울특별시 광진구 중곡동 18-24,37.5653244214,127.0874221063,,한전주,02-450-7873,서울특별시 광진구청,2025-12-23
중곡4동110,1,,서울특별시 광진구 중곡동 437-2,37.5600043255,127.0948824,,,02-450-7873,서울특별시 광진구청,2025-12-23
중곡4동110,1,,서울특별시 광진구 중곡4동 80-20,37.561900,127.091010,,,02-450-7873,서울특별시 광진구청,2025-12-23
중곡4동110,1,,서울특별시 광진구 중곡동 275-11,37.5586835155,127.0837452384,,,02-450-7873,서울특별시 광진구청,2025-12-23
중곡4동111,1,,서울특별시 광진구 중곡4동 18-119,37.563500,127.088110,,,02-450-7873,서울특별시 광진구청,2025-12-23
중곡4동111,1,,서울특별시 광진구 중곡동 18-73,37.5640305,127.0870713,,,02-450-7873,서울특별시 광진구청,2025-12-23
중곡4동111,1,,서울특별시 광진구 중곡동 275-11,37.5586835155,127.0837452384,,,02-450-7873,서울특별시 광진구청,2025-12-23
중곡4동111,1,,서울특별시 광진구 중곡동 275-11,37.558600,127.0837452384,,,02-450-7873,서울특별시 광진구청,2025-12-23
중곡4동111,1,,서울특별시 광진구 중곡동 275-11,37.5586835155,127.0837452384,,,02-450-7873,서울특별시 광진구청,2025-12-23
중곡4동111,1,,서울특별시 광진구 중곡동 275-11,37.5586835155,127.0837452384,,,02-450-7873,서울특별시 광진구청,2025-12-23
중곡4동111,1,,서울특별시 광진구 중곡동 275-11,37.5586835155,127.0837452384,,,02-450-7873,서울특별시 광진구청,2025-12-23
중곡4동111,1,,서울특별시 광진구 중곡동 275-11,37.5586835155,127.0837452384,,,02-450-7873,서울특별시 광진구청,2025-12-23
중곡4동111,1,,서울특별시 광진구 중곡동 275-11,37.5586835155,127.0837452384,,,02-450-7873,서울특별시 광진구청,2025-12-23
중곡4동111,1,,서울특별시 광진구 중곡4동 81-1,37.556850,127.095000,,,02-450-7873,서울특별시 광진구청,2025-12-23
중곡4동112,1,,서울특별시 광진구 중곡동 292,37.56928402,127.0865771,,한전주,02-450-7873,서울특별시 광진구청,2025-12-23
중곡4동112,1,,서울특별시 광진구 중곡동 275-11,37.5586835155,127.0837452384,,,02-450-7873,서울특별시 광진구청,2025-12-23
중곡4동112,1,,서울특별시 광진구 중곡동 275-11,37.5586835155,127.0837452384,,,02-450-7873,서울특별시 광진구청,2025-12-23
중곡4동112,1,,서울특별시 광진구 중곡동 275-11,37.5586835155,127.0837452384,,,02-450-7873,서울특별시 광진구청,2025-12-23
중곡4동112,1,,서울특별시 광진구 중곡동 104-62,37.5564734561,127.0950691,,한전주,02-450-7873,서울특별시 광진구청,2025-12-23
중곡4동112,1,,서울특별시 광진구 중곡동 438-2,37.5590496162,127.0938297606,,건축물,02-450-7873,서울특별시 광진구청,2025-12-23
중곡4동112,1,,서울특별시 광진구 중곡동 94-5,37.55451053,127.0895229,,건축물,02-450-7873,서울특별시 광진구청,2025-12-23
중곡4동112,1,,서울특별시 광진구 중곡동 94-15,37.55453529,127.0896634,,건축물,02-450-7873,서울특별시 광진구청,2025-12-23
중곡4동112,1,,서울특별시 광진구 중곡동 93-13,37.5536101,127.0890618,,한전주,02-450-7873,서울특별시 광진구청,2025-12-23
중곡4동112,1,,서울특별시 광진구 중곡동 275-11,37.5586835155,127.0837452384,,,02-450-7873,서울특별시 광진구청,2025-12-23
중곡4동113,1,,서울특별시 광진구 중곡동 297-14,37.56815374,127.0864166,,건축물,02-450-7873,서울특별시 광진구청,2025-12-23
중곡4동113,1,,서울특별시 광진구 중곡동 275-11,37.5586835155,127.0837452384,,,02-450-7873,서울특별시 광진구청,2025-12-23
중곡4동113,1,,서울특별시 광진구 중곡동 275-11,37.5586835155,127.0837452384,,,02-450-7873,서울특별시 광진구청,2025-12-23
중곡4동113,1,,서울특별시 광진구 중곡동 18-109,37.56490781,127.0876046,,전용주,02-450-7873,서울특별시 광진구청,2025-12-23
중곡4동113,1,,서울특별시 광진구 중곡동 64-32,37.5599276,127.0908618117,,건축물,02-450-7873,서울특별시 광진구청,2025-12-23
중곡4동113,1,,서울특별시 광진구 중곡동 275-11,37.5586835155,127.0837452384,,,02-450-7873,서울특별시 광진구청,2025-12-23
중곡4동113,1,,서울특별시 광진구 중곡동 101-33,37.5577716974,127.0933909862,,,02-450-7873,서울특별시 광진구청,2025-12-23
중곡4동113,1,,서울특별시 광진구 중곡동 275-11,37.5586835155,127.0837452384,,,02-450-7873,서울특별시 광진구청,2025-12-23
중곡4동113,1,,서울특별시 광진구 중곡동 276-15,37.5600862405,127.0883050996,,,02-450-7873,서울특별시 광진구청,2025-12-23
중곡4동113,1,,서울특별시 광진구 중곡동 107-51,37.5570694875,127.0932341,,,02-450-7873,서울특별시 광진구청,2025-12-23
중곡4동113,1,,서울특별시 광진구 중곡동 100-16,37.5567853,127.0921845,,전용주,02-450-7873,서울특별시 광진구청,2025-12-23
중곡4동114,1,,서울특별시 광진구 중곡동 292,37.56928402,127.0865771,,,02-450-7873,서울특별시 광진구청,2025-12-23
중곡4동114,1,,서울특별시 광진구 중곡동 275-11,37.5586835155,127.0837452384,,,02-450-7873,서울특별시 광진구청,2025-12-23
중곡4동114,1,,서울특별시 광진구 중곡동 602-8,37.5701734658,127.087087734,,,02-450-7873,서울특별시 광진구청,2025-12-23
중곡4동114,1,,서울특별시 광진구 중곡4동 18-125,37.569885,127.087400,,,02-450-7873,서울특별시 광진구청,2025-12-23
중곡4동114,1,,서울특별시 광진구 중곡동 275-11,37.5586835155,127.0837452384,,,02-450-7873,서울특별시 광진구청,2025-12-23
중곡4동114,1,,서울특별시 광진구 중곡4동 296-2,37.568817,127.088135,,,02-450-7873,서울특별시 광진구청,2025-12-23
중곡4동114,1,,서울특별시 광진구 중곡4동 64-1,37.567398,127.089100,,,02-450-7873,서울특별시 광진구청,2025-12-23
중곡4동114,1,,서울특별시 광진구 중곡4동 62-12,37.564560,127.091050,,,02-450-7873,서울특별시 광진구청,2025-12-23
중곡4동114,1,,서울특별시 광진구 중곡동 74-52,37.5587680319,127.0946075169,,,02-450-7873,서울특별시 광진구청,2025-12-23
중곡4동114,1,,서울특별시 광진구 중곡동 294-4,37.5689597,127.088549,,건축물,02-450-7873,서울특별시 광진구청,2025-12-23
중곡4동114,1,,서울특별시 광진구 중곡4동 96-34,37.567406,127.089294,,,02-450-7873,서울특별시 광진구청,2025-12-23
중곡4동115,1,,서울특별시 광진구 중곡동 292,37.56928402,127.0865156,,,02-450-7873,서울특별시 광진구청,2025-12-23
중곡4동115,1,,서울특별시 광진구 중곡동 104-30,37.55729393,127.0955647,,,02-450-7873,서울특별시 광진구청,2025-12-23
중곡4동115,1,,서울특별시 광진구 중곡동 275-11,37.5586835155,127.0837452384,,,02-450-7873,서울특별시 광진구청,2025-12-23
중곡4동115,1,,서울특별시 광진구 중곡동 275-11,37.5586835155,127.0837452384,,,02-450-7873,서울특별시 광진구청,2025-12-23
중곡4동115,1,,서울특별시 광진구 중곡동 104-62,37.5564734561,127.0950617,,전용주,02-450-7873,서울특별시 광진구청,2025-12-23
중곡4동115,1,,서울특별시 광진구 중곡동 275-11,37.5586835155,127.0837452384,,,02-450-7873,서울특별시 광진구청,2025-12-23
중곡4동115,1,,서울특별시 광진구 중곡동 275-11,37.5586835155,127.0837452384,,,02-450-7873,서울특별시 광진구청,2025-12-23
중곡4동115,1,,서울특별시 광진구 중곡동 275-11,37.5586835155,127.0837452384,,,02-450-7873,서울특별시 광진구청,2025-12-23
중곡4동115,1,,서울특별시 광진구 중곡동 275-11,37.5586835155,127.0837452384,,,02-450-7873,서울특별시 광진구청,2025-12-23
중곡4동115,1,,서울특별시 광진구 중곡4동 62-69,37.555794,127.094200,,,02-450-7873,서울특별시 광진구청,2025-12-23
중곡4동116,1,,서울특별시 광진구 중곡동 292,37.56928402,127.0865771,,,02-450-7873,서울특별시 광진구청,2025-12-23
중곡4동116,1,,서울특별시 광진구 중곡4동 176-28,37.555046,127.093340,,,02-450-7873,서울특별시 광진구청,2025-12-23
중곡4동116,1,,서울특별시 광진구 중곡동 477,37.5532381047,127.0907000439,,,02-450-7873,서울특별시 광진구청,2025-12-23
중곡4동116,1,,서울특별시 광진구 중곡동 176-117,37.5691570776,127.0891815295,,전용주,02-450-7873,서울특별시 광진구청,2025-12-23
중곡4동116,1,,서울특별시 광진구 중곡동 90-3,37.5561996,127.0899107,,건축물,02-450-7873,서울특별시 광진구청,2025-12-23
중곡4동116,1,,서울특별시 광진구 중곡4동 18-45,37.561090,127.088900,,,02-450-7873,서울특별시 광진구청,2025-12-23
중곡4동116,1,,서울특별시 광진구 중곡동 18-24,37.5653244214,127.0874221063,,건축물,02-450-7873,서울특별시 광진구청,2025-12-23
중곡4동116,1,,서울특별시 광진구 중곡동 18-24,37.5653244214,127.0874221063,,건축물,02-450-7873,서울특별시 광진구청,2025-12-23
중곡4동116,1,,서울특별시 광진구 중곡동 107-55,37.5565905782,127.0926641299,,,02-450-7873,서울특별시 광진구청,2025-12-23
중곡4동116,1,,서울특별시 광진구 중곡동 470-2,37.5549381077,127.0887300899,,건축물,02-450-7873,서울특별시 광진구청,2025-12-23
중곡4동116,1,,서울특별시 광진구 중곡동 102-23,37.5576872935,127.0942771016,,,02-450-7873,서울특별시 광진구청,2025-12-23
중곡4동117,1,,서울특별시 광진구 중곡동 292,37.56928402,127.0865771,,,02-450-7873,서울특별시 광진구청,2025-12-23
중곡4동117,1,,서울특별시 광진구 중곡동 92-39,37.55618942,127.0887214,,건축물,02-450-7873,서울특별시 광진구청,2025-12-23
중곡4동117,1,,서울특별시 광진구 중곡4동 176-75,37.562202,127.088320,,,02-450-7873,서울특별시 광진구청,2025-12-23
중곡4동117,1,,서울특별시 광진구 중곡동 316-3,37.5680355796,127.0869538922,,한전주,02-450-7873,서울특별시 광진구청,2025-12-23
중곡4동117,1,,서울특별시 광진구 중곡동 293-17,37.56877114,127.0873488,,,02-450-7873,서울특별시 광진구청,2025-12-23
중곡4동117,1,,서울특별시 광진구 중곡동 294-16,37.56876567,127.0881033,,,02-450-7873,서울특별시 광진구청,2025-12-23
중곡4동117,1,,서울특별시 광진구 중곡동 150-52,37.56206419,127.0880005,,,02-450-7873,서울특별시 광진구청,2025-12-23
중곡4동117,1,,서울특별시 광진구 중곡동 150-40,37.56268642,127.087878,,,02-450-7873,서울특별시 광진구청,2025-12-23
중곡4동117,1,,서울특별시 광진구 중곡동 18-104,37.5642572942,127.0877156,,,02-450-7873,서울특별시 광진구청,2025-12-23
중곡4동117,1,,서울특별시 광진구 중곡동 66-6,37.55984376,127.0921308,,건축물,02-450-7873,서울특별시 광진구청,2025-12-23
중곡4동117,1,,서울특별시 광진구 중곡동 18-58,37.5647794893,127.0882604534,,,02-450-7873,서울특별시 광진구청,2025-12-23
중곡4동118,1,,서울특별시 광진구 중곡동 316-1,37.5691752554,127.0880288997,,건축물,02-450-7873,서울특별시 광진구청,2025-12-23
중곡4동118,1,,서울특별시 광진구 중곡동 18-58,37.5647794893,127.0882909,,,02-450-7873,서울특별시 광진구청,2025-12-23
중곡4동118,1,,서울특별시 광진구 중곡동 176-77,37.5659304,127.08908955,,,02-450-7873,서울특별시 광진구청,2025-12-23
중곡4동118,1,,서울특별시 광진구 중곡동 176-77,37.5659512591,127.08908955,,,02-450-7873,서울특별시 광진구청,2025-12-23
중곡4동118,1,,서울특별시 광진구 중곡동 18-58,37.5647794893,127.0882258,,건축물,02-450-7873,서울특별시 광진구청,2025-12-23
중곡4동118,1,,서울특별시 광진구 중곡동 150-56,37.5617469926,127.0880294,,,02-450-7873,서울특별시 광진구청,2025-12-23
중곡4동118,1,,서울특별시 광진구 중곡동 147-206,37.56117911,127.0885197,,,02-450-7873,서울특별시 광진구청,2025-12-23
중곡4동118,1,,서울특별시 광진구 중곡동 91-53,37.55532085,127.0896894,,건축물,02-450-7873,서울특별시 광진구청,2025-12-23
중곡4동118,1,,서울특별시 광진구 중곡동 96-11,37.5547292,127.091175,,,02-450-7873,서울특별시 광진구청,2025-12-23
중곡4동118,1,,서울특별시 광진구 중곡동 82-16,37.55736829,127.0889103,,한전주,02-450-7873,서울특별시 광진구청,2025-12-23
중곡4동118,1,,서울특별시 광진구 중곡동 73-86,37.55802019,127.0952676,,한전주,02-450-7873,서울특별시 광진구청,2025-12-23
중곡4동119,1,,서울특별시 광진구 중곡동 296-8,37.56839272,127.0869646,,한전주,02-450-7873,서울특별시 광진구청,2025-12-23
중곡4동119,1,,서울특별시 광진구 중곡동 73-76,37.55824459,127.0954264,,건축물,02-450-7873,서울특별시 광진구청,2025-12-23
중곡4동121,1,,서울특별시 광진구 중곡동 296-28,37.56824716,127.0876136,,한전주,02-450-7873,서울특별시 광진구청,2025-12-23
중곡4동122,1,,서울특별시 광진구 중곡동 296-58,37.56823716,127.0877696,,한전주,02-450-7873,서울특별시 광진구청,2025-12-23
중곡4동123,1,,서울특별시 광진구 중곡동 296-40,37.5680275,127.0870036,,한전주,02-450-7873,서울특별시 광진구청,2025-12-23
중곡4동124,1,,서울특별시 광진구 중곡동 296-39,37.56802569,127.0871306,,,02-450-7873,서울특별시 광진구청,2025-12-23
중곡4동125,1,,서울특별시 광진구 중곡동 296-14,37.5679662,127.0874946,,한전주,02-450-7873,서울특별시 광진구청,2025-12-23
중곡4동126,1,,서울특별시 광진구 중곡동 296-16,37.5680619,127.0878081,,,02-450-7873,서울특별시 광진구청,2025-12-23
중곡4동127,1,,서울특별시 광진구 중곡동 296-17,37.56786486,127.0878009,,전용주,02-450-7873,서울특별시 광진구청,2025-12-23
중곡4동128,1,,서울특별시 광진구 중곡동 296-27,37.56823717,127.0878989,,전용주,02-450-7873,서울특별시 광진구청,2025-12-23
중곡4동129,1,,서울특별시 광진구 중곡동 296-42,37.5679341443,127.0873006,,,02-450-7873,서울특별시 광진구청,2025-12-23
중곡4동130,1,,서울특별시 광진구 중곡동 297-15,37.56807944,127.0863286,,한전주,02-450-7873,서울특별시 광진구청,2025-12-23
중곡4동131,1,,서울특별시 광진구 중곡동 18-1,37.567848779,127.0863696,,,02-450-7873,서울특별시 광진구청,2025-12-23
중곡4동132,1,,서울특별시 광진구 중곡동 297-19,37.56799628,127.0866016,,,02-450-7873,서울특별시 광진구청,2025-12-23
중곡4동133,1,,서울특별시 광진구 중곡동 297-19,37.56799628,127.0866836,,한전주,02-450-7873,서울특별시 광진구청,2025-12-23
중곡4동133,1,,서울특별시 광진구 중곡동 297-19,37.56799628,127.0866654,,한전주,02-450-7873,서울특별시 광진구청,2025-12-23
중곡4동134,1,,서울특별시 광진구 중곡동 18-4,37.5677938,127.0866617,,전용주,02-450-7873,서울특별시 광진구청,2025-12-23
중곡4동135,1,,서울특별시 광진구 중곡동 296-45,37.56795017,127.0870446,,한전주,02-450-7873,서울특별시 광진구청,2025-12-23
중곡4동136,1,,서울특별시 광진구 중곡동 18-16,37.56767644,127.0872184,,,02-450-7873,서울특별시 광진구청,2025-12-23
중곡4동137,1,,서울특별시 광진구 중곡동 296-20,37.56784917,127.0874306,,한전주,02-450-7873,서울특별시 광진구청,2025-12-23
중곡4동138,1,,서울특별시 광진구 중곡동 18-16,37.56768017,127.0872106,,전용주,02-450-7873,서울특별시 광진구청,2025-12-23
중곡4동139,1,,서울특별시 광진구 중곡4동 296-20,37.567710,127.087540,,,02-450-7873,서울특별시 광진구청,2025-12-23
중곡4동140,1,,서울특별시 광진구 중곡동 176-90,37.56768627,127.0879299,,한전주,02-450-7873,서울특별시 광진구청,2025-12-23
중곡4동141,1,,서울특별시 광진구 중곡동 180-2,37.56743771,127.0877766,,건축물,02-450-7873,서울특별시 광진구청,2025-12-23
중곡4동142,1,,서울특별시 광진구 중곡동 18-16,37.56767644,127.0872184,,한전주,02-450-7873,서울특별시 광진구청,2025-12-23
중곡4동143,1,,서울특별시 광진구 중곡동 18-43,37.56749317,127.0869485776,,한전주,02-450-7873,서울특별시 광진구청,2025-12-23
중곡4동144,1,,서울특별시 광진구 중곡동 18-42,37.5673506953,127.087145005,,한전주,02-450-7873,서울특별시 광진구청,2025-12-23
중곡4동145,1,,서울특별시 광진구 중곡동 18-15,37.56736917,127.0868386,,,02-450-7873,서울특별시 광진구청,2025-12-23
중곡4동146,1,,서울특별시 광진구 중곡동 18-45,37.56718617,127.0869646,,건축물,02-450-7873,서울특별시 광진구청,2025-12-23
중곡4동147,1,,서울특별시 광진구 중곡동 18-42,37.56737417,127.087145005,,한전주,02-450-7873,서울특별시 광진구청,2025-12-23
중곡4동148,1,,서울특별시 광진구 중곡동 18-35,37.56728675,127.0874356,,한전주,02-450-7873,서울특별시 광진구청,2025-12-23
중곡4동149,1,,서울특별시 광진구 중곡동 18-31,37.567132548,127.0875323168,,건축물,02-450-7873,서울특별시 광진구청,2025-12-23
중곡4동150,1,,서울특별시 광진구 중곡동 18-19,37.5671613977,127.0866436,,한전주,02-450-7873,서울특별시 광진구청,2025-12-23
중곡4동151,1,,서울특별시 광진구 중곡동 18-7,37.56740698,127.0866566,,건축물,02-450-7873,서울특별시 광진구청,2025-12-23
중곡4동152,1,,서울특별시 광진구 중곡동 18-11,37.56769317,127.0864668,,전용주,02-450-7873,서울특별시 광진구청,2025-12-23
중곡4동153,1,,서울특별시 광진구 중곡동 18-25,37.56645247,127.0868033,,한전주,02-450-7873,서울특별시 광진구청,2025-12-23
중곡4동154,1,,서울특별시 광진구 중곡동 18-25,37.56645247,127.0868033,,전용주,02-450-7873,서울특별시 광진구청,2025-12-23
중곡4동155,1,,서울특별시 광진구 중곡동 18-25,37.56645247,127.0868033,,전용주,02-450-7873,서울특별시 광진구청,2025-12-23
중곡4동156,1,,서울특별시 광진구 중곡동 18-25,37.56645247,127.0868033,,전용주,02-450-7873,서울특별시 광진구청,2025-12-23
중곡4동157,1,,서울특별시 광진구 중곡동 18-25,37.56641317,127.0868033,,전용주,02-450-7873,서울특별시 광진구청,2025-12-23
중곡4동158,1,,서울특별시 광진구 중곡동 18-25,37.56645247,127.0868033,,전용주,02-450-7873,서울특별시 광진구청,2025-12-23
중곡4동159,1,,서울특별시 광진구 중곡동 18-23,37.5659886999,127.0868465228,,전용주,02-450-7873,서울특별시 광진구청,2025-12-23
중곡4동160,1,,서울특별시 광진구 중곡동 18-54,37.56583394,127.0868036,,전용주,02-450-7873,서울특별시 광진구청,2025-12-23
중곡4동161,1,,서울특별시 광진구 중곡동 18-26,37.5658454698,127.0869908422,,건축물,02-450-7873,서울특별시 광진구청,2025-12-23
중곡4동162,1,,서울특별시 광진구 중곡동 18-26,37.56586917,127.0869606,,전용주,02-450-7873,서울특별시 광진구청,2025-12-23
중곡4동163,1,,서울특별시 광진구 중곡동 18-28,37.56534175,127.0868196,,전용주,02-450-7873,서울특별시 광진구청,2025-12-23
중곡4동164,1,,서울특별시 광진구 중곡동 18-24,37.56539117,127.0874436,,건축물,02-450-7873,서울특별시 광진구청,2025-12-23
중곡4동165,1,,서울특별시 광진구 중곡동 18-24,37.5653244214,127.0874221063,,한전주,02-450-7873,서울특별시 광진구청,2025-12-23
중곡4동166,1,,서울특별시 광진구 중곡동 18-24,37.5653244214,127.0874221063,,전용주,02-450-7873,서울특별시 광진구청,2025-12-23
중곡4동167,1,,서울특별시 광진구 중곡동 18-24,37.5653244214,127.0874221063,,건축물,02-450-7873,서울특별시 광진구청,2025-12-23
중곡4동168,1,,서울특별시 광진구 중곡동 18-144,37.56535103,127.0872605,,전용주,02-450-7873,서울특별시 광진구청,2025-12-23
중곡4동169,1,,서울특별시 광진구 중곡동 18-24,37.5653244214,127.0874726,,전용주,02-450-7873,서울특별시 광진구청,2025-12-23
중곡4동170,1,,서울특별시 광진구 중곡동 18-24,37.5653244214,127.0874646,,한전주,02-450-7873,서울특별시 광진구청,2025-12-23
중곡4동171,1,,서울특별시 광진구 중곡동 18-24,37.5653244214,127.0874316,,전용주,02-450-7873,서울특별시 광진구청,2025-12-23
중곡4동172,1,,서울특별시 광진구 중곡동 18-24,37.5653244214,127.0874221063,,전용주,02-450-7873,서울특별시 광진구청,2025-12-23
중곡4동173,1,,서울특별시 광진구 중곡동 18-24,37.5653244214,127.0874221063,,전용주,02-450-7873,서울특별시 광진구청,2025-12-23
중곡4동174,1,,서울특별시 광진구 중곡동 18-24,37.5653244214,127.0874221063,,건축물,02-450-7873,서울특별시 광진구청,2025-12-23
중곡4동175,1,,서울특별시 광진구 중곡동 18-24,37.5653244214,127.0874221063,,한전주,02-450-7873,서울특별시 광진구청,2025-12-23
중곡4동176,1,,서울특별시 광진구 중곡동 18-24,37.5653244214,127.0874221063,,전용주,02-450-7873,서울특별시 광진구청,2025-12-23
중곡4동177,1,,서울특별시 광진구 중곡동 18-24,37.5653244214,127.0874221063,,전용주,02-450-7873,서울특별시 광진구청,2025-12-23
중곡4동178,1,,서울특별시 광진구 중곡동 18-24,37.5653244214,127.0874221063,,전용주,02-450-7873,서울특별시 광진구청,2025-12-23
중곡4동179,1,,서울특별시 광진구 중곡동 18-24,37.5653244214,127.0874221063,,전용주,02-450-7873,서울특별시 광진구청,2025-12-23
중곡4동180,1,,서울특별시 광진구 중곡동 18-24,37.5653244214,127.0874221063,,전용주,02-450-7873,서울특별시 광진구청,2025-12-23
중곡4동181,1,,서울특별시 광진구 중곡동 18-24,37.5653244214,127.0874221063,,전용주,02-450-7873,서울특별시 광진구청,2025-12-23
중곡4동182,1,,서울특별시 광진구 중곡동 18-24,37.5653244214,127.0874221063,,전용주,02-450-7873,서울특별시 광진구청,2025-12-23
중곡4동183,1,,서울특별시 광진구 중곡동 18-24,37.5653244214,127.0874221063,,전용주,02-450-7873,서울특별시 광진구청,2025-12-23
중곡4동184,1,,서울특별시 광진구 중곡동 18-24,37.5653244214,127.0874221063,,전용주,02-450-7873,서울특별시 광진구청,2025-12-23
중곡4동185,1,,서울특별시 광진구 중곡동 18-24,37.5653244214,127.0874221063,,전용주,02-450-7873,서울특별시 광진구청,2025-12-23
중곡4동186,1,,서울특별시 광진구 중곡동 18-24,37.5653244214,127.0874221063,,전용주,02-450-7873,서울특별시 광진구청,2025-12-23
중곡4동187,1,,서울특별시 광진구 중곡동 18-24,37.5653244214,127.0874221063,,건축물,02-450-7873,서울특별시 광진구청,2025-12-23
중곡4동188,1,,서울특별시 광진구 중곡동 18-24,37.5653244214,127.0874221063,,전용주,02-450-7873,서울특별시 광진구청,2025-12-23
중곡4동188,1,,서울특별시 광진구 중곡4동 18-24,37.566124,127.087720,,,02-450-7873,서울특별시 광진구청,2025-12-23
중곡4동189,1,,서울특별시 광진구 중곡동 18-24,37.5653244214,127.0874221063,,전용주,02-450-7873,서울특별시 광진구청,2025-12-23
중곡4동190,1,,서울특별시 광진구 중곡동 18-24,37.5653244214,127.0874221063,,전용주,02-450-7873,서울특별시 광진구청,2025-12-23
중곡4동191,1,,서울특별시 광진구 중곡동 18-24,37.5653244214,127.0874876,,전용주,02-450-7873,서울특별시 광진구청,2025-12-23
중곡4동192,1,,서울특별시 광진구 중곡동 18-24,37.5653244214,127.0874246,,전용주,02-450-7873,서울특별시 광진구청,2025-12-23
중곡4동193,1,,서울특별시 광진구 중곡동 18-33,37.56712309,127.0872196,,전용주,02-450-7873,서울특별시 광진구청,2025-12-23
중곡4동194,1,,서울특별시 광진구 중곡동 18-24,37.5653244214,127.0874221063,,건축물,02-450-7873,서울특별시 광진구청,2025-12-23
중곡4동195,1,,서울특별시 광진구 중곡동 18-24,37.5653244214,127.0874221063,,건축물,02-450-7873,서울특별시 광진구청,2025-12-23
중곡4동196,1,,서울특별시 광진구 중곡동 18-24,37.5653244214,127.0874221063,,건축물,02-450-7873,서울특별시 광진구청,2025-12-23
중곡4동197,1,,서울특별시 광진구 중곡동 18-24,37.5653244214,127.0874221063,,건축물,02-450-7873,서울특별시 광진구청,2025-12-23
중곡4동198,1,,서울특별시 광진구 중곡4동 18-24,37.565780,127.087890,,,02-450-7873,서울특별시 광진구청,2025-12-23
중곡4동199,1,,서울특별시 광진구 중곡동 18-24,37.5653244214,127.0874221063,,건축물,02-450-7873,서울특별시 광진구청,2025-12-23
중곡4동200,1,,서울특별시 광진구 중곡동 18-24,37.5653244214,127.0874221063,,건축물,02-450-7873,서울특별시 광진구청,2025-12-23
중곡4동201,1,,서울특별시 광진구 중곡동 18-67,37.5649862,127.0869966,,한전주,02-450-7873,서울특별시 광진구청,2025-12-23
중곡4동202,1,,서울특별시 광진구 중곡동 18-67,37.5649862,127.0869205,,,02-450-7873,서울특별시 광진구청,2025-12-23
중곡4동203,1,,서울특별시 광진구 중곡동 18-86,37.56499319,127.0872082,,한전주,02-450-7873,서울특별시 광진구청,2025-12-23
중곡4동204,1,,서울특별시 광진구 중곡동 18-84,37.56474017,127.0872136,,,02-450-7873,서울특별시 광진구청,2025-12-23
중곡4동205,1,,서울특별시 광진구 중곡동 18-71,37.5643812,127.0870144,,,02-450-7873,서울특별시 광진구청,2025-12-23
중곡4동206,1,,서울특별시 광진구 중곡동 18-81,37.56436017,127.0873170238,,한전주,02-450-7873,서울특별시 광진구청,2025-12-23
중곡4동207,1,,서울특별시 광진구 중곡동 18-78,37.56396717,127.0873386,,한전주,02-450-7873,서울특별시 광진구청,2025-12-23
중곡4동208,1,,서울특별시 광진구 중곡동 18-75,37.56369059,127.0871299,,한전주,02-450-7873,서울특별시 광진구청,2025-12-23
중곡4동209,1,,서울특별시 광진구 중곡동 18-58,37.5647794893,127.0882604534,,한전주,02-450-7873,서울특별시 광진구청,2025-12-23
중곡4동210,1,,서울특별시 광진구 중곡동 18-99,37.5636969239,127.0875820602,,한전주,02-450-7873,서울특별시 광진구청,2025-12-23
중곡4동212,1,,서울특별시 광진구 중곡동 18-100,37.56371943,127.0878449,,건축물,02-450-7873,서울특별시 광진구청,2025-12-23
중곡4동213,1,,서울특별시 광진구 중곡동 18-96,37.56414117,127.0875196,,한전주,02-450-7873,서울특별시 광진구청,2025-12-23
중곡4동214,1,,서울특별시 광진구 중곡동 18-93,37.56447223,127.0874556,,한전주,02-450-7873,서울특별시 광진구청,2025-12-23
중곡4동215,1,,서울특별시 광진구 중곡동 18-90,37.5648744,127.0873889,,한전주,02-450-7873,서울특별시 광진구청,2025-12-23
중곡4동216,1,,서울특별시 광진구 중곡동 18-89,37.56501785,127.0873717,,한전주,02-450-7873,서울특별시 광진구청,2025-12-23
중곡4동217,1,,서울특별시 광진구 중곡동 18-88,37.56515283,127.0873533,,한전주,02-450-7873,서울특별시 광진구청,2025-12-23
중곡4동218,1,,서울특별시 광진구 중곡4동 18-92,37.565266,127.087650,,,02-450-7873,서울특별시 광진구청,2025-12-23
중곡4동219,1,,서울특별시 광진구 중곡4동 18-91,37.565247,127.087770,,,02-450-7873,서울특별시 광진구청,2025-12-23
중곡4동220,1,,서울특별시 광진구 중곡동 18-113,37.56505385,127.0877895375,,한전주,02-450-7873,서울특별시 광진구청,2025-12-23
중곡4동221,1,,서울특별시 광진구 중곡동 18-114,37.56495817,127.087820,,한전주,02-450-7873,서울특별시 광진구청,2025-12-23
중곡4동222,1,,서울특별시 광진구 중곡동 18-116,37.56464871,127.0878598,,건축물,02-450-7873,서울특별시 광진구청,2025-12-23
중곡4동223,1,,서울특별시 광진구 중곡동 18-118,37.56430655,127.0879966,,한전주,02-450-7873,서울특별시 광진구청,2025-12-23
중곡4동224,1,,서울특별시 광진구 중곡동 18-129,37.56446817,127.0881236,,,02-450-7873,서울특별시 광진구청,2025-12-23
중곡4동225,1,,서울특별시 광진구 중곡동 18-120,37.56413535,127.0879479,,전용주,02-450-7873,서울특별시 광진구청,2025-12-23
중곡4동226,1,,서울특별시 광진구 중곡동 18-121,37.5640273087,127.0879596969,,한전주,02-450-7873,서울특별시 광진구청,2025-12-23
중곡4동227,1,,서울특별시 광진구 중곡동 18-124,37.56378796,127.0882126,,건축물,02-450-7873,서울특별시 광진구청,2025-12-23
중곡4동228,1,,서울특별시 광진구 중곡동 18-123,37.56374499,127.088010,,한전주,02-450-7873,서울특별시 광진구청,2025-12-23
중곡4동229,1,,서울특별시 광진구 중곡동 18-123,37.56378917,127.0880976,,한전주,02-450-7873,서울특별시 광진구청,2025-12-23
중곡4동230,1,,서울특별시 광진구 중곡동 18-124,37.56378796,127.0882579,,건축물,02-450-7873,서울특별시 광진구청,2025-12-23
중곡4동231,1,,서울특별시 광진구 중곡동 18-126,37.56406441,127.0882223,,한전주,02-450-7873,서울특별시 광진구청,2025-12-23
중곡4동232,1,,서울특별시 광진구 중곡동 18-127,37.56417615,127.0882047,,전용주,02-450-7873,서울특별시 광진구청,2025-12-23
중곡4동233,1,,서울특별시 광진구 중곡동 18-131,37.56465301,127.0881376,,한전주,02-450-7873,서울특별시 광진구청,2025-12-23
중곡4동234,1,,서울특별시 광진구 중곡동 18-132,37.564826193,127.0881192119,,전용주,02-450-7873,서울특별시 광진구청,2025-12-23
중곡4동236,1,,서울특별시 광진구 중곡동 18-135,37.5650999547,127.0880666756,,전용주,02-450-7873,서울특별시 광진구청,2025-12-23
중곡4동237,1,,서울특별시 광진구 중곡동 18-58,37.5647794893,127.0882604534,,한전주,02-450-7873,서울특별시 광진구청,2025-12-23
중곡4동238,1,,서울특별시 광진구 중곡동 18-24,37.5653244214,127.0874221063,,전용주,02-450-7873,서울특별시 광진구청,2025-12-23
중곡4동239,1,,서울특별시 광진구 중곡동 18-24,37.5653244214,127.0874221063,,한전주,02-450-7873,서울특별시 광진구청,2025-12-23
중곡4동240,1,,서울특별시 광진구 중곡동 176-77,37.5659512591,127.08908955,,한전주,02-450-7873,서울특별시 광진구청,2025-12-23
중곡4동241,1,,서울특별시 광진구 중곡동 176-77,37.5659512591,127.08908955,,,02-450-7873,서울특별시 광진구청,2025-12-23
중곡4동242,1,,서울특별시 광진구 중곡동 284,37.5635449372,127.0880512628,,한전주,02-450-7873,서울특별시 광진구청,2025-12-23
중곡4동243,1,,서울특별시 광진구 중곡동 150-23,37.5631752059,127.0883186,,한전주,02-450-7873,서울특별시 광진구청,2025-12-23
중곡4동244,1,,서울특별시 광진구 중곡동 150-22,37.56322117,127.0881057706,,한전주,02-450-7873,서울특별시 광진구청,2025-12-23
중곡4동245,1,,서울특별시 광진구 중곡동 150-27,37.56280362,127.0884975,,한전주,02-450-7873,서울특별시 광진구청,2025-12-23
중곡4동246,1,,서울특별시 광진구 중곡동 150-37,37.56289469,127.0881226,,전용주,02-450-7873,서울특별시 광진구청,2025-12-23
중곡4동247,1,,서울특별시 광진구 중곡동 150-62,37.56287317,127.0876314,,한전주,02-450-7873,서울특별시 광진구청,2025-12-23
중곡4동248,1,,서울특별시 광진구 중곡동 150-62,37.56281535,127.0876314,,건축물,02-450-7873,서울특별시 광진구청,2025-12-23
중곡4동249,1,,서울특별시 광진구 중곡동 150-20,37.56317317,127.0877824,,한전주,02-450-7873,서울특별시 광진구청,2025-12-23
중곡4동250,1,,서울특별시 광진구 중곡동 150-58,37.5629566512,127.0876012273,,,02-450-7873,서울특별시 광진구청,2025-12-23
중곡4동251,1,,서울특별시 광진구 중곡동 23-4,37.56326433,127.0877036,,전용주,02-450-7873,서울특별시 광진구청,2025-12-23
중곡4동252,1,,서울특별시 광진구 중곡동 23-1,37.56359117,127.0877256028,,건축물,02-450-7873,서울특별시 광진구청,2025-12-23
중곡4동253,1,,서울특별시 광진구 중곡4동 150-14,37.563210,127.087550,,,02-450-7873,서울특별시 광진구청,2025-12-23
중곡4동254,1,,서울특별시 광진구 중곡동 150-61,37.56282617,127.0874326,,한전주,02-450-7873,서울특별시 광진구청,2025-12-23
중곡4동255,1,,서울특별시 광진구 중곡동 150-41,37.5625623243,127.087912135,,건축물,02-450-7873,서울특별시 광진구청,2025-12-23
중곡4동256,1,,서울특별시 광진구 중곡동 150-68,37.56256417,127.0876875162,,한전주,02-450-7873,서울특별시 광진구청,2025-12-23
중곡4동257,1,,서울특별시 광진구 중곡동 150-68,37.56255917,127.0876506,,건축물,02-450-7873,서울특별시 광진구청,2025-12-23
중곡4동258,1,,서울특별시 광진구 중곡동 150-42,37.56253395,127.0880786,,한전주,02-450-7873,서울특별시 광진구청,2025-12-23
중곡4동259,1,,서울특별시 광진구 중곡4동 150-36,37.562645,127.088270,,,02-450-7873,서울특별시 광진구청,2025-12-23
중곡4동260,1,,서울특별시 광진구 중곡동 150-29,37.56256448,127.0885191,,건축물,02-450-7873,서울특별시 광진구청,2025-12-23
중곡4동261,1,,서울특별시 광진구 중곡동 150-49,37.56228046,127.0883207,,한전주,02-450-7873,서울특별시 광진구청,2025-12-23
중곡4동262,1,,서울특별시 광진구 중곡동 150-49,37.56228046,127.0883207,,건축물,02-450-7873,서울특별시 광진구청,2025-12-23
중곡4동263,1,,서울특별시 광진구 중곡동 150-74,37.56226117,127.0877633,,한전주,02-450-7873,서울특별시 광진구청,2025-12-23
중곡4동264,1,,서울특별시 광진구 중곡동 150-74,37.56220023,127.0877633,,건축물,02-450-7873,서울특별시 광진구청,2025-12-23
중곡4동265,1,,서울특별시 광진구 중곡동 150-74,37.56224817,127.0877633,,건축물,02-450-7873,서울특별시 광진구청,2025-12-23
중곡4동266,1,,서울특별시 광진구 중곡동 150-80,37.56195317,127.0878128,,한전주,02-450-7873,서울특별시 광진구청,2025-12-23
중곡4동267,1,,서울특별시 광진구 중곡동 150-411,37.56187004,127.0882242,,전용주,02-450-7873,서울특별시 광진구청,2025-12-23
중곡4동268,1,,서울특별시 광진구 중곡동 150-81,37.56174436,127.0878379,,전용주,02-450-7873,서울특별시 광진구청,2025-12-23
중곡4동269,1,,서울특별시 광진구 중곡동 150-82,37.561688,127.0876046,,전용주,02-450-7873,서울특별시 광진구청,2025-12-23
중곡4동270,1,,서울특별시 광진구 중곡동 150-333,37.56160013,127.0884241,,전용주,02-450-7873,서울특별시 광진구청,2025-12-23
중곡4동272,1,,서울특별시 광진구 중곡동 150-346,37.56159617,127.0881014,,한전주,02-450-7873,서울특별시 광진구청,2025-12-23
중곡4동273,1,,서울특별시 광진구 중곡동 150-90,37.5614148308,127.0878426,,,02-450-7873,서울특별시 광진구청,2025-12-23
중곡4동274,1,,서울특별시 광진구 중곡동 150-92,37.56138993,127.0875356,,한전주,02-450-7873,서울특별시 광진구청,2025-12-23
중곡4동275,1,,서울특별시 광진구 중곡동 150-337,37.56136722,127.0883068,,전용주,02-450-7873,서울특별시 광진구청,2025-12-23
중곡4동276,1,,서울특별시 광진구 중곡동 150-339,37.56154582,127.088270,,전용주,02-450-7873,서울특별시 광진구청,2025-12-23
중곡4동277,1,,서울특별시 광진구 중곡동 150-95,37.56128353,127.0879268,,한전주,02-450-7873,서울특별시 광진구청,2025-12-23
중곡4동278,1,,서울특별시 광진구 중곡동 150-96,37.5611097,127.0879592,,,02-450-7873,서울특별시 광진구청,2025-12-23
중곡4동279,1,,서울특별시 광진구 중곡동 150-100,37.56107598,127.0876312,,한전주,02-450-7873,서울특별시 광진구청,2025-12-23
중곡4동280,1,,서울특별시 광진구 중곡동 150-337,37.56136317,127.0883068,,전용주,02-450-7873,서울특별시 광진구청,2025-12-23
중곡4동282,1,,서울특별시 광진구 중곡동 147-17,37.561360,127.0888025,,한전주,02-450-7873,서울특별시 광진구청,2025-12-23
중곡4동283,1,,서울특별시 광진구 중곡동 150-313,37.56148292,127.0888046,,건축물,02-450-7873,서울특별시 광진구청,2025-12-23
중곡4동284,1,,서울특별시 광진구 중곡동 150-335,37.56137753,127.0884873,,전용주,02-450-7873,서울특별시 광진구청,2025-12-23
중곡4동285,1,,서울특별시 광진구 중곡동 150-325,37.56168822,127.0886286,,한전주,02-450-7873,서울특별시 광진구청,2025-12-23
중곡4동286,1,,서울특별시 광진구 중곡동 150-322,37.56204617,127.0886317,,한전주,02-450-7873,서울특별시 광진구청,2025-12-23
중곡4동287,1,,서울특별시 광진구 중곡동 150-318,37.56206317,127.0887336,,한전주,02-450-7873,서울특별시 광진구청,2025-12-23
중곡4동288,1,,서울특별시 광진구 중곡동 150-323,37.56189217,127.0886316,,건축물,02-450-7873,서울특별시 광진구청,2025-12-23
중곡4동289,1,,서울특별시 광진구 중곡동 150-308,37.56196226,127.0890015,,전용주,02-450-7873,서울특별시 광진구청,2025-12-23
중곡4동290,1,,서울특별시 광진구 중곡동 150-305,37.56194117,127.0891336,,전용주,02-450-7873,서울특별시 광진구청,2025-12-23
중곡4동291,1,,서울특별시 광진구 중곡동 150-300,37.56184828,127.0893156,,한전주,02-450-7873,서울특별시 광진구청,2025-12-23
중곡4동292,1,,서울특별시 광진구 중곡동 150-306,37.56198153,127.0891296,,건축물,02-450-7873,서울특별시 광진구청,2025-12-23
중곡4동293,1,,서울특별시 광진구 중곡동 150-306,37.56198153,127.0891296,,전용주,02-450-7873,서울특별시 광진구청,2025-12-23
중곡4동294,1,,서울특별시 광진구 중곡동 275-11,37.5586835155,127.0837452384,,,02-450-7873,서울특별시 광진구청,2025-12-23
중곡4동295,1,,서울특별시 광진구 중곡동 150-310,37.56176917,127.0890026,,전용주,02-450-7873,서울특별시 광진구청,2025-12-23
중곡4동296,1,,서울특별시 광진구 중곡4동 150-319,37.561623,127.089160,,,02-450-7873,서울특별시 광진구청,2025-12-23
중곡4동297,1,,서울특별시 광진구 중곡동 147-13,37.56136332,127.0891745,,한전주,02-450-7873,서울특별시 광진구청,2025-12-23
중곡4동298,1,,서울특별시 광진구 중곡동 147-8,37.56163877,127.0892829,,한전주,02-450-7873,서울특별시 광진구청,2025-12-23
중곡4동299,1,,서울특별시 광진구 중곡동 147-51,37.56169459,127.0896907,,전용주,02-450-7873,서울특별시 광진구청,2025-12-23
중곡4동300,1,,서울특별시 광진구 중곡동 147-55,37.56157405,127.0900199,,한전주,02-450-7873,서울특별시 광진구청,2025-12-23
중곡4동301,1,,서울특별시 광진구 중곡동 143-86,37.56146463,127.0903096,,전용주,02-450-7873,서울특별시 광진구청,2025-12-23
중곡4동302,1,,서울특별시 광진구 중곡동 147-130,37.56134617,127.0897912,,한전주,02-450-7873,서울특별시 광진구청,2025-12-23
중곡4동303,1,,서울특별시 광진구 중곡동 147-64,37.56129117,127.0901108,,한전주,02-450-7873,서울특별시 광진구청,2025-12-23
중곡4동304,1,,서울특별시 광진구 중곡동 147-48,37.5606015005,127.0896582817,,전용주,02-450-7873,서울특별시 광진구청,2025-12-23
중곡4동305,1,,서울특별시 광진구 중곡동 143-15,37.56098364,127.0904176,,전용주,02-450-7873,서울특별시 광진구청,2025-12-23
중곡4동306,1,,서울특별시 광진구 중곡동 143-93,37.56109768,127.0906342,,전용주,02-450-7873,서울특별시 광진구청,2025-12-23
중곡4동307,1,,서울특별시 광진구 중곡동 143-92,37.56135817,127.0905276,,한전주,02-450-7873,서울특별시 광진구청,2025-12-23
중곡4동308,1,,서울특별시 광진구 중곡동 143-90,37.56157417,127.0905253,,전용주,02-450-7873,서울특별시 광진구청,2025-12-23
중곡4동309,1,,서울특별시 광진구 중곡동 143-79,37.5611637161,127.0907588291,,한전주,02-450-7873,서울특별시 광진구청,2025-12-23
중곡4동310,1,,서울특별시 광진구 중곡동 143-69,37.56147512,127.0908559,,전용주,02-450-7873,서울특별시 광진구청,2025-12-23
중곡4동311,1,,서울특별시 광진구 중곡동 143-69,37.56147512,127.0908559,,건축물,02-450-7873,서울특별시 광진구청,2025-12-23
중곡4동312,1,,서울특별시 광진구 중곡동 143-67,37.5616818,127.0907496,,전용주,02-450-7873,서울특별시 광진구청,2025-12-23
중곡4동313,1,,서울특별시 광진구 중곡동 275-11,37.5586835155,127.0837452384,,,02-450-7873,서울특별시 광진구청,2025-12-23
중곡4동314,1,,서울특별시 광진구 중곡4동 143-92,37.561760,127.090500,,,02-450-7873,서울특별시 광진구청,2025-12-23
중곡4동315,1,,서울특별시 광진구 중곡4동 143-82,37.561787,127.090410,,,02-450-7873,서울특별시 광진구청,2025-12-23
중곡4동316,1,,서울특별시 광진구 중곡동 143-84,37.56160318,127.0904652,,전용주,02-450-7873,서울특별시 광진구청,2025-12-23
중곡4동317,1,,서울특별시 광진구 중곡동 143-84,37.56160318,127.0904652,,전용주,02-450-7873,서울특별시 광진구청,2025-12-23
중곡4동318,1,,서울특별시 광진구 중곡동 143-84,37.56160318,127.0904652,,전용주,02-450-7873,서울특별시 광진구청,2025-12-23
중곡4동319,1,,서울특별시 광진구 중곡동 143-7,37.56096755,127.0910216,,한전주,02-450-7873,서울특별시 광진구청,2025-12-23
중곡4동320,1,,서울특별시 광진구 중곡동 143-7,37.56096755,127.0910237,,한전주,02-450-7873,서울특별시 광진구청,2025-12-23
중곡4동321,1,,서울특별시 광진구 중곡동 143-37,37.56089974,127.0907438,,건축물,02-450-7873,서울특별시 광진구청,2025-12-23
중곡4동322,1,,서울특별시 광진구 중곡동 143-17,37.5608499816,127.0905516,,전용주,02-450-7873,서울특별시 광진구청,2025-12-23
중곡4동323,1,,서울특별시 광진구 중곡동 143-38,37.5607977853,127.0906885522,,건축물,02-450-7873,서울특별시 광진구청,2025-12-23
중곡4동324,1,,서울특별시 광진구 중곡동 143-1,37.5601896,127.0909403,,한전주,02-450-7873,서울특별시 광진구청,2025-12-23
중곡4동325,1,,서울특별시 광진구 중곡동 143-27,37.56079617,127.0905135,,전용주,02-450-7873,서울특별시 광진구청,2025-12-23
중곡4동326,1,,서울특별시 광진구 중곡동 143-19,37.56083717,127.0902402,,한전주,02-450-7873,서울특별시 광진구청,2025-12-23
중곡4동327,1,,서울특별시 광진구 중곡동 147-85,37.5602150209,127.0904533358,,한전주,02-450-7873,서울특별시 광진구청,2025-12-23
중곡4동328,1,,서울특별시 광진구 중곡동 147-84,37.56024876,127.0902576,,한전주,02-450-7873,서울특별시 광진구청,2025-12-23
중곡4동329,1,,서울특별시 광진구 중곡동 143-58,37.5605776282,127.0900391919,,건축물,02-450-7873,서울특별시 광진구청,2025-12-23
중곡4동330,1,,서울특별시 광진구 중곡동 147-80,37.56048693,127.089640,,한전주,02-450-7873,서울특별시 광진구청,2025-12-23
중곡4동331,1,,서울특별시 광진구 중곡동 147-74,37.56074217,127.0896706,,전용주,02-450-7873,서울특별시 광진구청,2025-12-23
중곡4동332,1,,서울특별시 광진구 중곡4동 143-20,37.560936,127.089830,,,02-450-7873,서울특별시 광진구청,2025-12-23
중곡4동334,1,,서울특별시 광진구 중곡동 147-66,37.56103484,127.0900959,,건축물,02-450-7873,서울특별시 광진구청,2025-12-23
중곡4동335,1,,서울특별시 광진구 중곡동 147-142,37.5608532416,127.0896716,,전용주,02-450-7873,서울특별시 광진구청,2025-12-23
중곡4동336,1,,서울특별시 광진구 중곡동 147-139,37.56104483,127.0896381,,한전주,02-450-7873,서울특별시 광진구청,2025-12-23
중곡4동337,1,,서울특별시 광진구 중곡동 148-6,37.56117317,127.0894646,,전용주,02-450-7873,서울특별시 광진구청,2025-12-23
중곡4동338,1,,서울특별시 광진구 중곡4동 147-80,37.561270,127.089130,,,02-450-7873,서울특별시 광진구청,2025-12-23
중곡4동339,1,,서울특별시 광진구 중곡동 147-16,37.56127627,127.0889564,,전용주,02-450-7873,서울특별시 광진구청,2025-12-23
중곡4동340,1,,서울특별시 광진구 중곡동 147-20,37.56110447,127.0890856,,한전주,02-450-7873,서울특별시 광진구청,2025-12-23
중곡4동341,1,,서울특별시 광진구 중곡동 147-74,37.56078517,127.0896096,,,02-450-7873,서울특별시 광진구청,2025-12-23
중곡4동342,1,,서울특별시 광진구 중곡동 147-198,37.5607764857,127.089436514,,한전주,02-450-7873,서울특별시 광진구청,2025-12-23
중곡4동343,1,,서울특별시 광진구 중곡동 147-23,37.56097717,127.0889906,,한전주,02-450-7873,서울특별시 광진구청,2025-12-23
중곡4동344,1,,서울특별시 광진구 중곡동 147-24,37.56099861,127.0888027,,한전주,02-450-7873,서울특별시 광진구청,2025-12-23
중곡4동345,1,,서울특별시 광진구 중곡동 147-47,37.5609870408,127.0886841,,건축물,02-450-7873,서울특별시 광진구청,2025-12-23
중곡4동346,1,,서울특별시 광진구 중곡동 147-39,37.56086982,127.0882454,,한전주,02-450-7873,서울특별시 광진구청,2025-12-23
중곡4동347,1,,서울특별시 광진구 중곡동 147-37,37.56083323,127.0880251,,한전주,02-450-7873,서울특별시 광진구청,2025-12-23
중곡4동348,1,,서울특별시 광진구 중곡동 147-34,37.5609729,127.0879981,,건축물,02-450-7873,서울특별시 광진구청,2025-12-23
중곡4동349,1,,서울특별시 광진구 중곡동 150-101,37.56099417,127.0876595,,전용주,02-450-7873,서울특별시 광진구청,2025-12-23
중곡4동350,1,,서울특별시 광진구 중곡동 147-37,37.56084317,127.0880251,,전용주,02-450-7873,서울특별시 광진구청,2025-12-23
중곡4동351,1,,서울특별시 광진구 중곡동 58-12,37.5604754749,127.0879814397,,,02-450-7873,서울특별시 광진구청,2025-12-23
중곡4동352,1,,서울특별시 광진구 중곡동 147-44,37.56074417,127.0882596,,전용주,02-450-7873,서울특별시 광진구청,2025-12-23
중곡4동353,1,,서울특별시 광진구 중곡동 57-3,37.5607298,127.0878786,,건축물,02-450-7873,서울특별시 광진구청,2025-12-23
중곡4동354,1,,서울특별시 광진구 중곡동 58-15,37.560254244,127.0877879803,,전용주,02-450-7873,서울특별시 광진구청,2025-12-23
중곡4동355,1,,서울특별시 광진구 중곡동 58-15,37.560254244,127.0877879803,,전용주,02-450-7873,서울특별시 광진구청,2025-12-23
중곡4동356,1,,서울특별시 광진구 중곡동 58-9,37.56002482,127.0880677,,한전주,02-450-7873,서울특별시 광진구청,2025-12-23
중곡4동357,1,,서울특별시 광진구 중곡동 58-8,37.55998917,127.088093,,한전주,02-450-7873,서울특별시 광진구청,2025-12-23
중곡4동358,1,,서울특별시 광진구 중곡동 58-7,37.55974827,127.0881098,,건축물,02-450-7873,서울특별시 광진구청,2025-12-23
중곡4동359,1,,서울특별시 광진구 중곡동 58-17,37.55977417,127.0878837992,,한전주,02-450-7873,서울특별시 광진구청,2025-12-23
중곡4동360,1,,서울특별시 광진구 중곡4동 58-15,37.559612,127.088036,,,02-450-7873,서울특별시 광진구청,2025-12-23
중곡4동361,1,,서울특별시 광진구 중곡동 58-27,37.5593024138,127.0879322987,,한전주,02-450-7873,서울특별시 광진구청,2025-12-23
중곡4동362,1,,서울특별시 광진구 중곡동 58-21,37.5595646295,127.0881946,,건축물,02-450-7873,서울특별시 광진구청,2025-12-23
중곡4동363,1,,서울특별시 광진구 중곡동 58-19,37.55929917,127.0881676,,전용주,02-450-7873,서울특별시 광진구청,2025-12-23
중곡4동364,1,,서울특별시 광진구 중곡동 58-7,37.55974827,127.0881846,,건축물,02-450-7873,서울특별시 광진구청,2025-12-23
중곡4동365,1,,서울특별시 광진구 중곡동 58-22,37.55956813,127.088278035,,한전주,02-450-7873,서울특별시 광진구청,2025-12-23
중곡4동367,1,,서울특별시 광진구 중곡동 58-3,37.56017817,127.0881841,,한전주,02-450-7873,서울특별시 광진구청,2025-12-23
중곡4동368,1,,서울특별시 광진구 중곡동 58-2,37.56032353,127.0881468,,한전주,02-450-7873,서울특별시 광진구청,2025-12-23
중곡4동369,1,,서울특별시 광진구 중곡동 59-9,37.5603652,127.0885076,,건축물,02-450-7873,서울특별시 광진구청,2025-12-23
중곡4동370,1,,서울특별시 광진구 중곡동 59-8,37.5602021,127.0886013,,건축물,02-450-7873,서울특별시 광진구청,2025-12-23
중곡4동371,1,,서울특별시 광진구 중곡동 59-7,37.56007532,127.0886181,,한전주,02-450-7873,서울특별시 광진구청,2025-12-23
중곡4동372,1,,서울특별시 광진구 중곡동 59-19,37.55976515,127.0886036,,전용주,02-450-7873,서울특별시 광진구청,2025-12-23
중곡4동373,1,,서울특별시 광진구 중곡동 59-19,37.55977617,127.0886336,,한전주,02-450-7873,서울특별시 광진구청,2025-12-23
중곡4동374,1,,서울특별시 광진구 중곡4동 62-71,37.559692,127.088760,,,02-450-7873,서울특별시 광진구청,2025-12-23
중곡4동375,1,,서울특별시 광진구 중곡동 62-8,37.55947835,127.0889006,,건축물,02-450-7873,서울특별시 광진구청,2025-12-23
중곡4동376,1,,서울특별시 광진구 중곡동 62-9,37.55939708,127.0889283,,전용주,02-450-7873,서울특별시 광진구청,2025-12-23
중곡4동377,1,,서울특별시 광진구 중곡동 61-11,37.55971415,127.089040,,한전주,02-450-7873,서울특별시 광진구청,2025-12-23
중곡4동378,1,,서울특별시 광진구 중곡동 147-114,37.55988246,127.0887366,,건축물,02-450-7873,서울특별시 광진구청,2025-12-23
중곡4동379,1,,서울특별시 광진구 중곡동 147-108,37.56016517,127.0890097,,한전주,02-450-7873,서울특별시 광진구청,2025-12-23
중곡4동380,1,,서울특별시 광진구 중곡4동 58-4,37.560340,127.088776,,,02-450-7873,서울특별시 광진구청,2025-12-23
중곡4동381,1,,서울특별시 광진구 중곡동 59-9,37.5603652,127.0885692,,전용주,02-450-7873,서울특별시 광진구청,2025-12-23
중곡4동382,1,,서울특별시 광진구 중곡동 59-1,37.56054914,127.0886353,,전용주,02-450-7873,서울특별시 광진구청,2025-12-23
중곡4동383,1,,서울특별시 광진구 중곡동 147-42,37.56074386,127.0886067,,전용주,02-450-7873,서울특별시 광진구청,2025-12-23
중곡4동384,1,,서울특별시 광진구 중곡동 147-100,37.56038769,127.0889846,,,02-450-7873,서울특별시 광진구청,2025-12-23
중곡4동385,1,,서울특별시 광진구 중곡동 147-96,37.56049717,127.0892516,,한전주,02-450-7873,서울특별시 광진구청,2025-12-23
중곡4동386,1,,서울특별시 광진구 중곡4동 58-1,37.560337,127.089690,,,02-450-7873,서울특별시 광진구청,2025-12-23
중곡4동387,1,,서울특별시 광진구 중곡동 147-91,37.56017617,127.0900736,,한전주,02-450-7873,서울특별시 광진구청,2025-12-23
중곡4동388,1,,서울특별시 광진구 중곡동 147-90,37.56013617,127.0902546,,건축물,02-450-7873,서울특별시 광진구청,2025-12-23
중곡4동389,1,,서울특별시 광진구 중곡동 64-4,37.55994157,127.0905166,,한전주,02-450-7873,서울특별시 광진구청,2025-12-23
중곡4동390,1,,서울특별시 광진구 중곡동 64-41,37.55999188,127.0907206,,건축물,02-450-7873,서울특별시 광진구청,2025-12-23
중곡4동391,1,,서울특별시 광진구 중곡동 64-35,37.55979705,127.0908006,,한전주,02-450-7873,서울특별시 광진구청,2025-12-23
중곡4동392,1,,서울특별시 광진구 중곡동 64-28,37.5598459,127.0911304,,전용주,02-450-7873,서울특별시 광진구청,2025-12-23
중곡4동393,1,,서울특별시 광진구 중곡동 64-29,37.55997154,127.0911466,,건축물,02-450-7873,서울특별시 광진구청,2025-12-23
중곡4동394,1,,서울특별시 광진구 중곡동 67-12,37.55968493,127.0914301,,한전주,02-450-7873,서울특별시 광진구청,2025-12-23
중곡4동395,1,,서울특별시 광진구 중곡동 64-1,37.55993417,127.0913756,,전용주,02-450-7873,서울특별시 광진구청,2025-12-23
중곡4동396,1,,서울특별시 광진구 중곡동 64-1,37.55993134,127.0913396,,건축물,02-450-7873,서울특별시 광진구청,2025-12-23
중곡4동397,1,,서울특별시 광진구 중곡동 64-30,37.56000581,127.0910329,,한전주,02-450-7873,서울특별시 광진구청,2025-12-23
중곡4동398,1,,서울특별시 광진구 중곡동 64-40,37.56010681,127.0908026,,한전주,02-450-7873,서울특별시 광진구청,2025-12-23
중곡4동399,1,,서울특별시 광진구 중곡동 67-1,37.55988673,127.0915756,,한전주,02-450-7873,서울특별시 광진구청,2025-12-23
중곡4동400,1,,서울특별시 광진구 중곡동 143-1,37.56010417,127.0909403,,한전주,02-450-7873,서울특별시 광진구청,2025-12-23
중곡4동401,1,,서울특별시 광진구 중곡동 66-7,37.55996217,127.0920262,,한전주,02-450-7873,서울특별시 광진구청,2025-12-23
중곡4동402,1,,서울특별시 광진구 중곡동 67-2,37.55987917,127.0916880271,,건축물,02-450-7873,서울특별시 광진구청,2025-12-23
중곡4동403,1,,서울특별시 광진구 중곡동 67-36,37.55968599,127.0915791,,건축물,02-450-7873,서울특별시 광진구청,2025-12-23
중곡4동404,1,,서울특별시 광진구 중곡동 67-16,37.55968476,127.0917683,,건축물,02-450-7873,서울특별시 광진구청,2025-12-23
중곡4동405,1,,서울특별시 광진구 중곡동 67-7,37.55941622,127.0920676,,전용주,02-450-7873,서울특별시 광진구청,2025-12-23
중곡4동406,1,,서울특별시 광진구 중곡동 67-23,37.55932853,127.0923102,,한전주,02-450-7873,서울특별시 광진구청,2025-12-23
중곡4동407,1,,서울특별시 광진구 중곡동 67-10,37.55929445,127.0925767,,건축물,02-450-7873,서울특별시 광진구청,2025-12-23
중곡4동408,1,,서울특별시 광진구 중곡동 66-4,37.55979417,127.0924056,,한전주,02-450-7873,서울특별시 광진구청,2025-12-23
중곡4동409,1,,서울특별시 광진구 중곡동 67-9,37.5594444537,127.0925905889,,건축물,02-450-7873,서울특별시 광진구청,2025-12-23
중곡4동410,1,,서울특별시 광진구 중곡동 66-1,37.5595725151,127.0927976,,한전주,02-450-7873,서울특별시 광진구청,2025-12-23
중곡4동411,1,,서울특별시 광진구 중곡동 71-1,37.55935022,127.0932579,,한전주,02-450-7873,서울특별시 광진구청,2025-12-23
중곡4동412,1,,서울특별시 광진구 중곡동 70-5,37.55920584,127.0929681,,전용주,02-450-7873,서울특별시 광진구청,2025-12-23
중곡4동413,1,,서울특별시 광진구 중곡동 70-6,37.55902903,127.0929013,,전용주,02-450-7873,서울특별시 광진구청,2025-12-23
중곡4동414,1,,서울특별시 광진구 중곡동 71-1,37.55939917,127.0932579,,한전주,02-450-7873,서울특별시 광진구청,2025-12-23
중곡4동415,1,,서울특별시 광진구 중곡동 70-15,37.55918023,127.0934555,,전용주,02-450-7873,서울특별시 광진구청,2025-12-23
중곡4동416,1,,서울특별시 광진구 중곡동 70-14,37.55916579,127.0935952,,전용주,02-450-7873,서울특별시 광진구청,2025-12-23
중곡4동417,1,,서울특별시 광진구 중곡동 70-2,37.55915433,127.0937646,,전용주,02-450-7873,서울특별시 광진구청,2025-12-23
중곡4동418,1,,서울특별시 광진구 중곡동 72-10,37.55934917,127.0940504247,,전용주,02-450-7873,서울특별시 광진구청,2025-12-23
중곡4동419,1,,서울특별시 광진구 중곡동 70-16,37.55911353,127.0933556,,한전주,02-450-7873,서울특별시 광진구청,2025-12-23
중곡4동420,1,,서울특별시 광진구 중곡동 70-21,37.5589949117,127.0930436,,한전주,02-450-7873,서울특별시 광진구청,2025-12-23
중곡4동421,1,,서울특별시 광진구 중곡동 70-8,37.5589370738,127.0927146,,전용주,02-450-7873,서울특별시 광진구청,2025-12-23
중곡4동422,1,,서울특별시 광진구 중곡동 70-10,37.5591622902,127.0927346,,건축물,02-450-7873,서울특별시 광진구청,2025-12-23
중곡4동423,1,,서울특별시 광진구 중곡동 69-4,37.55911769,127.0925336,,한전주,02-450-7873,서울특별시 광진구청,2025-12-23
중곡4동424,1,,서울특별시 광진구 중곡동 69-3,37.55918917,127.0923926,,전용주,02-450-7873,서울특별시 광진구청,2025-12-23
중곡4동425,1,,서울특별시 광진구 중곡4동 62-8뒤,37.559326,127.092120,,,02-450-7873,서울특별시 광진구청,2025-12-23
중곡4동426,1,,서울특별시 광진구 중곡동 67-29,37.55946417,127.0918386,,한전주,02-450-7873,서울특별시 광진구청,2025-12-23
중곡4동427,1,,서울특별시 광진구 중곡동 69-1,37.5592624104,127.0918367041,,한전주,02-450-7873,서울특별시 광진구청,2025-12-23
중곡4동428,1,,서울특별시 광진구 중곡4동 61-3,37.559452,127.091580,,,02-450-7873,서울특별시 광진구청,2025-12-23
중곡4동429,1,,서울특별시 광진구 중곡동 67-14,37.55949187,127.0912865,,한전주,02-450-7873,서울특별시 광진구청,2025-12-23
중곡4동430,1,,서울특별시 광진구 중곡동 67-14,37.55949187,127.0912106,,전용주,02-450-7873,서울특별시 광진구청,2025-12-23
중곡4동431,1,,서울특별시 광진구 중곡동 68-4,37.55933965,127.091105,,한전주,02-450-7873,서울특별시 광진구청,2025-12-23
중곡4동432,1,,서울특별시 광진구 중곡4동 62-5,37.559597,127.090940,,,02-450-7873,서울특별시 광진구청,2025-12-23
중곡4동433,1,,서울특별시 광진구 중곡동 64-9,37.5596895091,127.0907540982,,건축물,02-450-7873,서울특별시 광진구청,2025-12-23
중곡4동434,1,,서울특별시 광진구 중곡동 63-2,37.55932413,127.0905468,,건축물,02-450-7873,서울특별시 광진구청,2025-12-23
중곡4동435,1,,서울특별시 광진구 중곡동 63-2,37.55931717,127.0905468,,건축물,02-450-7873,서울특별시 광진구청,2025-12-23
중곡4동436,1,,서울특별시 광진구 중곡동 63-2,37.55933117,127.0905468,,건축물,02-450-7873,서울특별시 광진구청,2025-12-23
중곡4동437,1,,서울특별시 광진구 중곡동 63-21,37.55909485,127.0907906,,전용주,02-450-7873,서울특별시 광진구청,2025-12-23
중곡4동438,1,,서울특별시 광진구 중곡동 63-2,37.55932413,127.0905468,,건축물,02-450-7873,서울특별시 광진구청,2025-12-23
중곡4동439,1,,서울특별시 광진구 중곡4동 62-51,37.559616,127.090470,,,02-450-7873,서울특별시 광진구청,2025-12-23
중곡4동440,1,,서울특별시 광진구 중곡동 64-20,37.55968681,127.090398,,건축물,02-450-7873,서울특별시 광진구청,2025-12-23
중곡4동441,1,,서울특별시 광진구 중곡동 64-19,37.55981017,127.0904837411,,건축물,02-450-7873,서울특별시 광진구청,2025-12-23
중곡4동442,1,,서울특별시 광진구 중곡동 64-44,37.55964217,127.0901886,,한전주,02-450-7873,서울특별시 광진구청,2025-12-23
중곡4동443,1,,서울특별시 광진구 중곡동 64-22,37.5597612,127.090320,,전용주,02-450-7873,서울특별시 광진구청,2025-12-23
중곡4동444,1,,서울특별시 광진구 중곡동 145-27,37.55988152,127.0900367,,한전주,02-450-7873,서울특별시 광진구청,2025-12-23
중곡4동445,1,,서울특별시 광진구 중곡동 145-29,37.5599879543,127.0897596,,건축물,02-450-7873,서울특별시 광진구청,2025-12-23
중곡4동446,1,,서울특별시 광진구 중곡4동 63-12,37.560074,127.089590,,,02-450-7873,서울특별시 광진구청,2025-12-23
중곡4동447,1,,서울특별시 광진구 중곡동 147-104,37.56008097,127.0894256,,건축물,02-450-7873,서울특별시 광진구청,2025-12-23
중곡4동448,1,,서울특별시 광진구 중곡동 147-109,37.56001737,127.0892309,,한전주,02-450-7873,서울특별시 광진구청,2025-12-23
중곡4동449,1,,서울특별시 광진구 중곡동 62-2,37.55954215,127.0891436,,한전주,02-450-7873,서울특별시 광진구청,2025-12-23
중곡4동450,1,,서울특별시 광진구 중곡4동 63-2,37.559525,127.089096,,,02-450-7873,서울특별시 광진구청,2025-12-23
중곡4동451,1,,서울특별시 광진구 중곡동 62-5,37.55936817,127.0891278,,전용주,02-450-7873,서울특별시 광진구청,2025-12-23
중곡4동452,1,,서울특별시 광진구 중곡동 62-52,37.55951373,127.0894416,,한전주,02-450-7873,서울특별시 광진구청,2025-12-23
중곡4동453,1,,서울특별시 광진구 중곡동 61-7,37.55978735,127.0893413,,전용주,02-450-7873,서울특별시 광진구청,2025-12-23
중곡4동454,1,,서울특별시 광진구 중곡동 62-53,37.55938589,127.0894106,,,02-450-7873,서울특별시 광진구청,2025-12-23
중곡4동455,1,,서울특별시 광진구 중곡동 62-51,37.55964917,127.0896616,,한전주,02-450-7873,서울특별시 광진구청,2025-12-23
중곡4동456,1,,서울특별시 광진구 중곡동 62-46,37.55931784,127.0897096,,전용주,02-450-7873,서울특별시 광진구청,2025-12-23
중곡4동457,1,,서울특별시 광진구 중곡동 62-44,37.55946712,127.089838,,전용주,02-450-7873,서울특별시 광진구청,2025-12-23
중곡4동458,1,,서울특별시 광진구 중곡4동 66-8,37.559464,127.089920,,,02-450-7873,서울특별시 광진구청,2025-12-23
중곡4동459,1,,서울특별시 광진구 중곡동 62-40,37.5592454643,127.0899126,,전용주,02-450-7873,서울특별시 광진구청,2025-12-23
중곡4동460,1,,서울특별시 광진구 중곡동 63-8,37.55930223,127.0902065,,,02-450-7873,서울특별시 광진구청,2025-12-23
중곡4동461,1,,서울특별시 광진구 중곡동 63-12,37.55919243,127.0901696,,건축물,02-450-7873,서울특별시 광진구청,2025-12-23
중곡4동462,1,,서울특별시 광진구 중곡동 63-12,37.55919243,127.0901226,,한전주,02-450-7873,서울특별시 광진구청,2025-12-23
중곡4동463,1,,서울특별시 광진구 중곡동 63-19,37.5590560124,127.0902576,,한전주,02-450-7873,서울특별시 광진구청,2025-12-23
중곡4동464,1,,서울특별시 광진구 중곡동 63-2,37.55932413,127.0905076,,한전주,02-450-7873,서울특별시 광진구청,2025-12-23
중곡4동465,1,,서울특별시 광진구 중곡동 63-21,37.55909485,127.0907581,,건축물,02-450-7873,서울특별시 광진구청,2025-12-23
중곡4동466,1,,서울특별시 광진구 중곡동 68-29,37.5587833011,127.0913846,,,02-450-7873,서울특별시 광진구청,2025-12-23
중곡4동467,1,,서울특별시 광진구 중곡동 68-5,37.55895355,127.0914556,,건축물,02-450-7873,서울특별시 광진구청,2025-12-23
중곡4동468,1,,서울특별시 광진구 중곡동 69-22,37.55883617,127.0917046,,한전주,02-450-7873,서울특별시 광진구청,2025-12-23
중곡4동469,1,,서울특별시 광진구 중곡동 69-12,37.55888278,127.0917396,,한전주,02-450-7873,서울특별시 광진구청,2025-12-23
중곡4동470,1,,서울특별시 광진구 중곡동 69-22,37.55880917,127.0917706,,한전주,02-450-7873,서울특별시 광진구청,2025-12-23
중곡4동471,1,,서울특별시 광진구 중곡4동 67-2,37.558968,127.090820,,,02-450-7873,서울특별시 광진구청,2025-12-23
중곡4동472,1,,서울특별시 광진구 중곡4동 67-36,37.559050,127.090340,,,02-450-7873,서울특별시 광진구청,2025-12-23
중곡4동473,1,,서울특별시 광진구 중곡동 62-35,37.55906782,127.0899271,,한전주,02-450-7873,서울특별시 광진구청,2025-12-23
중곡4동474,1,,서울특별시 광진구 중곡동 62-19,37.55905617,127.0891528154,,한전주,02-450-7873,서울특별시 광진구청,2025-12-23
중곡4동475,1,,서울특별시 광진구 중곡동 62-19,37.5590112874,127.0891528154,,전용주,02-450-7873,서울특별시 광진구청,2025-12-23
중곡4동476,1,,서울특별시 광진구 중곡동 62-21,37.55927917,127.0891521,,한전주,02-450-7873,서울특별시 광진구청,2025-12-23
중곡4동477,1,,서울특별시 광진구 중곡동 62-24,37.55909865,127.0894329,,건축물,02-450-7873,서울특별시 광진구청,2025-12-23
중곡4동478,1,,서울특별시 광진구 중곡동 62-13,37.5591842924,127.0888957657,,전용주,02-450-7873,서울특별시 광진구청,2025-12-23
중곡4동479,1,,서울특별시 광진구 중곡동 62-17,37.55899156,127.0890046,,한전주,02-450-7873,서울특별시 광진구청,2025-12-23
중곡4동480,1,,서울특별시 광진구 중곡동 62-67,37.55919317,127.0887376,,건축물,02-450-7873,서울특별시 광진구청,2025-12-23
중곡4동481,1,,서울특별시 광진구 중곡동 62-13,37.55919217,127.0888957657,,전용주,02-450-7873,서울특별시 광진구청,2025-12-23
중곡4동482,1,,서울특별시 광진구 중곡동 62-70,37.5591893,127.0885822,,전용주,02-450-7873,서울특별시 광진구청,2025-12-23
중곡4동483,1,,서울특별시 광진구 중곡동 62-70,37.5591893,127.0885496,,건축물,02-450-7873,서울특별시 광진구청,2025-12-23
중곡4동484,1,,서울특별시 광진구 중곡동 62-63,37.55945817,127.0885036,,한전주,02-450-7873,서울특별시 광진구청,2025-12-23
중곡4동485,1,,서울특별시 광진구 중곡동 78-8,37.55878531,127.088330,,한전주,02-450-7873,서울특별시 광진구청,2025-12-23
중곡4동486,1,,서울특별시 광진구 중곡동 78-15,37.55868639,127.0886699,,,02-450-7873,서울특별시 광진구청,2025-12-23
중곡4동487,1,,서울특별시 광진구 중곡동 78-16,37.55868639,127.0886699,,한전주,02-450-7873,서울특별시 광진구청,2025-12-23
중곡4동488,1,,서울특별시 광진구 중곡4동 70-24,37.558746,127.088684,,,02-450-7873,서울특별시 광진구청,2025-12-23
중곡4동489,1,,서울특별시 광진구 중곡동 78-21,37.55851072,127.0886166,,건축물,02-450-7873,서울특별시 광진구청,2025-12-23
중곡4동490,1,,서울특별시 광진구 중곡동 78-25,37.55841363,127.0887057,,건축물,02-450-7873,서울특별시 광진구청,2025-12-23
중곡4동491,1,,서울특별시 광진구 중곡동 77-23,37.55876764,127.0891216,,한전주,02-450-7873,서울특별시 광진구청,2025-12-23
중곡4동492,1,,서울특별시 광진구 중곡동 77-19,37.55882941,127.089582,,한전주,02-450-7873,서울특별시 광진구청,2025-12-23
중곡4동493,1,,서울특별시 광진구 중곡동 76-67,37.5588335539,127.0902456,,한전주,02-450-7873,서울특별시 광진구청,2025-12-23
중곡4동494,1,,서울특별시 광진구 중곡동 76-60,37.55876161,127.0905836,,한전주,02-450-7873,서울특별시 광진구청,2025-12-23
중곡4동495,1,,서울특별시 광진구 중곡동 76-60,37.55876161,127.0905536,,건축물,02-450-7873,서울특별시 광진구청,2025-12-23
중곡4동496,1,,서울특별시 광진구 중곡동 76-58,37.55859011,127.0911111,,한전주,02-450-7873,서울특별시 광진구청,2025-12-23
중곡4동497,1,,서울특별시 광진구 중곡동 76-57,37.55855075,127.0913287,,,02-450-7873,서울특별시 광진구청,2025-12-23
중곡4동498,1,,서울특별시 광진구 중곡동 75-48,37.5585269368,127.0917046,,한전주,02-450-7873,서울특별시 광진구청,2025-12-23
중곡4동499,1,,서울특별시 광진구 중곡동 76-1,37.55859817,127.0915896,,한전주,02-450-7873,서울특별시 광진구청,2025-12-23
중곡4동500,1,,서울특별시 광진구 중곡동 76-10,37.5583684932,127.0914216028,,전용주,02-450-7873,서울특별시 광진구청,2025-12-23
중곡4동501,1,,서울특별시 광진구 중곡동 76-5,37.55846593,127.0910196,,전용주,02-450-7873,서울특별시 광진구청,2025-12-23
중곡4동502,1,,서울특별시 광진구 중곡동 76-5,37.55846593,127.0910196,,,02-450-7873,서울특별시 광진구청,2025-12-23
중곡4동503,1,,서울특별시 광진구 중곡4동 72-87,37.558746,127.090700,,,02-450-7873,서울특별시 광진구청,2025-12-23
중곡4동504,1,,서울특별시 광진구 중곡동 76-2,37.55887517,127.0904466,,한전주,02-450-7873,서울특별시 광진구청,2025-12-23
중곡4동505,1,,서울특별시 광진구 중곡동 76-67,37.5588335539,127.0902486,,건축물,02-450-7873,서울특별시 광진구청,2025-12-23
중곡4동506,1,,서울특별시 광진구 중곡동 76-3,37.5588462868,127.0901391955,,한전주,02-450-7873,서울특별시 광진구청,2025-12-23
중곡4동507,1,,서울특별시 광진구 중곡동 77-3,37.55875113,127.0899189,,한전주,02-450-7873,서울특별시 광진구청,2025-12-23
중곡4동508,1,,서울특별시 광진구 중곡동 77-7,37.55863771,127.089536,,한전주,02-450-7873,서울특별시 광진구청,2025-12-23
중곡4동509,1,,서울특별시 광진구 중곡동 77-26,37.55863494,127.0891156,,건축물,02-450-7873,서울특별시 광진구청,2025-12-23
중곡4동510,1,,서울특별시 광진구 중곡동 77-26,37.55863494,127.0891504,,한전주,02-450-7873,서울특별시 광진구청,2025-12-23
중곡4동511,1,,서울특별시 광진구 중곡동 78-32,37.55841793,127.089106,,건축물,02-450-7873,서울특별시 광진구청,2025-12-23
중곡4동512,1,,서울특별시 광진구 중곡동 78-33,37.55838517,127.0889156,,,02-450-7873,서울특별시 광진구청,2025-12-23
중곡4동513,1,,서울특별시 광진구 중곡동 77-10,37.55856083,127.0892266,,건축물,02-450-7873,서울특별시 광진구청,2025-12-23
중곡4동514,1,,서울특별시 광진구 중곡동 77-14,37.55842688,127.0894171,,한전주,02-450-7873,서울특별시 광진구청,2025-12-23
중곡4동515,1,,서울특별시 광진구 중곡동 77-12,37.55858205,127.0893942,,건축물,02-450-7873,서울특별시 광진구청,2025-12-23
중곡4동516,1,,서울특별시 광진구 중곡동 78-40,37.5581236376,127.0892636,,건축물,02-450-7873,서울특별시 광진구청,2025-12-23
중곡4동517,1,,서울특별시 광진구 중곡동 78-39,37.55803391,127.0891446,,건축물,02-450-7873,서울특별시 광진구청,2025-12-23
중곡4동518,1,,서울특별시 광진구 중곡동 77-15,37.55834914,127.0895176,,건축물,02-450-7873,서울특별시 광진구청,2025-12-23
중곡4동519,1,,서울특별시 광진구 중곡동 83-7,37.55799926,127.0894332,,한전주,02-450-7873,서울특별시 광진구청,2025-12-23
중곡4동520,1,,서울특별시 광진구 중곡동 83-1,37.55808711,127.0895666,,,02-450-7873,서울특별시 광진구청,2025-12-23
중곡4동521,1,,서울특별시 광진구 중곡동 84-7,37.55823873,127.0896336,,한전주,02-450-7873,서울특별시 광진구청,2025-12-23
중곡4동522,1,,서울특별시 광진구 중곡동 83-13,37.557894334,127.0898495605,,전용주,02-450-7873,서울특별시 광진구청,2025-12-23
중곡4동523,1,,서울특별시 광진구 중곡동 83-15,37.55767775,127.0895956,,건축물,02-450-7873,서울특별시 광진구청,2025-12-23
중곡4동524,1,,서울특별시 광진구 중곡동 275-11,37.5586835155,127.0837452384,,,02-450-7873,서울특별시 광진구청,2025-12-23
중곡4동525,1,,서울특별시 광진구 중곡동 83-25,37.5577332463,127.0900016,,전용주,02-450-7873,서울특별시 광진구청,2025-12-23
중곡4동526,1,,서울특별시 광진구 중곡동 83-25,37.5577332463,127.0900722122,,건축물,02-450-7873,서울특별시 광진구청,2025-12-23
중곡4동527,1,,서울특별시 광진구 중곡동 83-3,37.5576459364,127.0901246,,건축물,02-450-7873,서울특별시 광진구청,2025-12-23
중곡4동528,1,,서울특별시 광진구 중곡동 83-27,37.55754592,127.0900256,,건축물,02-450-7873,서울특별시 광진구청,2025-12-23
중곡4동529,1,,서울특별시 광진구 중곡동 83-21,37.5575662079,127.0902996091,,한전주,02-450-7873,서울특별시 광진구청,2025-12-23
중곡4동530,1,,서울특별시 광진구 중곡동 84-32,37.55789263,127.0904774,,,02-450-7873,서울특별시 광진구청,2025-12-23
중곡4동531,1,,서울특별시 광진구 중곡동 83-18,37.5573751,127.0903123,,전용주,02-450-7873,서울특별시 광진구청,2025-12-23
중곡4동532,1,,서울특별시 광진구 중곡동 83-19,37.5574799788,127.0904496,,한전주,02-450-7873,서울특별시 광진구청,2025-12-23
중곡4동533,1,,서울특별시 광진구 중곡동 83-5,37.55729159,127.0904156,,한전주,02-450-7873,서울특별시 광진구청,2025-12-23
중곡4동534,1,,서울특별시 광진구 중곡동 83-4,37.5573848481,127.090520763,,한전주,02-450-7873,서울특별시 광진구청,2025-12-23
중곡4동535,1,,서울특별시 광진구 중곡동 84-26,37.55784317,127.0909986,,한전주,02-450-7873,서울특별시 광진구청,2025-12-23
중곡4동536,1,,서울특별시 광진구 중곡동 85-10,37.55765851,127.0910886,,,02-450-7873,서울특별시 광진구청,2025-12-23
중곡4동537,1,,서울특별시 광진구 중곡동 85-20,37.55784953,127.0912176,,한전주,02-450-7873,서울특별시 광진구청,2025-12-23
중곡4동538,1,,서울특별시 광진구 중곡동 84-46,37.55791797,127.0907584,,,02-450-7873,서울특별시 광진구청,2025-12-23
중곡4동539,1,,서울특별시 광진구 중곡동 84-44,37.55799717,127.0905679457,,건축물,02-450-7873,서울특별시 광진구청,2025-12-23
중곡4동540,1,,서울특별시 광진구 중곡동 76-53,37.55816095,127.0908196,,한전주,02-450-7873,서울특별시 광진구청,2025-12-23
중곡4동541,1,,서울특별시 광진구 중곡동 84-41,37.55812872,127.0906466,,건축물,02-450-7873,서울특별시 광진구청,2025-12-23
중곡4동542,1,,서울특별시 광진구 중곡동 84-39,37.55799873,127.0904076,,,02-450-7873,서울특별시 광진구청,2025-12-23
중곡4동543,1,,서울특별시 광진구 중곡동 76-40,37.55848317,127.0904846,,한전주,02-450-7873,서울특별시 광진구청,2025-12-23
중곡4동544,1,,서울특별시 광진구 중곡동 76-56,37.55837328,127.0905877,,건축물,02-450-7873,서울특별시 광진구청,2025-12-23
중곡4동545,1,,서울특별시 광진구 중곡동 84-28,37.55816799,127.0902869,,건축물,02-450-7873,서울특별시 광진구청,2025-12-23
중곡4동546,1,,서울특별시 광진구 중곡동 84-22,37.5580103381,127.0901206,,전용주,02-450-7873,서울특별시 광진구청,2025-12-23
중곡4동547,1,,서울특별시 광진구 중곡동 76-41,37.55847449,127.0904344,,,02-450-7873,서울특별시 광진구청,2025-12-23
중곡4동548,1,,서울특별시 광진구 중곡동 84-17,37.55846317,127.0901486,,건축물,02-450-7873,서울특별시 광진구청,2025-12-23
중곡4동549,1,,서울특별시 광진구 중곡동 76-52,37.55875817,127.0901001,,한전주,02-450-7873,서울특별시 광진구청,2025-12-23
중곡4동550,1,,서울특별시 광진구 중곡동 84-4,37.55841227,127.0899144,,한전주,02-450-7873,서울특별시 광진구청,2025-12-23
중곡4동551,1,,서울특별시 광진구 중곡동 452-2,37.5582929988,127.0895077381,,,02-450-7873,서울특별시 광진구청,2025-12-23
중곡4동552,1,,서울특별시 광진구 중곡동 76-15,37.5583185712,127.0910356,,한전주,02-450-7873,서울특별시 광진구청,2025-12-23
중곡4동553,1,,서울특별시 광진구 중곡동 76-13,37.55815242,127.0913204,,건축물,02-450-7873,서울특별시 광진구청,2025-12-23
중곡4동554,1,,서울특별시 광진구 중곡동 76-34,37.558080791,127.0912065539,,한전주,02-450-7873,서울특별시 광진구청,2025-12-23
중곡4동555,1,,서울특별시 광진구 중곡동 275-11,37.5586835155,127.0837452384,,,02-450-7873,서울특별시 광진구청,2025-12-23
중곡4동556,1,,서울특별시 광진구 중곡동 76-25,37.55829517,127.0913406,,전용주,02-450-7873,서울특별시 광진구청,2025-12-23
중곡4동557,1,,서울특별시 광진구 중곡동 275-11,37.5586835155,127.0837452384,,,02-450-7873,서울특별시 광진구청,2025-12-23
중곡4동558,1,,서울특별시 광진구 중곡동 75-27,37.55829699,127.0921396,,한전주,02-450-7873,서울특별시 광진구청,2025-12-23
중곡4동559,1,,서울특별시 광진구 중곡동 86-8,37.5580931335,127.0922486,,건축물,02-450-7873,서울특별시 광진구청,2025-12-23
중곡4동560,1,,서울특별시 광진구 중곡동 86-31,37.55806573,127.0924985,,한전주,02-450-7873,서울특별시 광진구청,2025-12-23
중곡4동561,1,,서울특별시 광진구 중곡동 75-51,37.5582414474,127.0925845732,,한전주,02-450-7873,서울특별시 광진구청,2025-12-23
중곡4동562,1,,서울특별시 광진구 중곡동 75-10,37.55857717,127.0926269,,전용주,02-450-7873,서울특별시 광진구청,2025-12-23
중곡4동564,1,,서울특별시 광진구 중곡동 275-11,37.558655,127.0837452384,,,02-450-7873,서울특별시 광진구청,2025-12-23
중곡4동565,1,,서울특별시 광진구 중곡동 74-36,37.55858565,127.0931026,,한전주,02-450-7873,서울특별시 광진구청,2025-12-23
중곡4동566,1,,서울특별시 광진구 중곡동 75-46,37.55851087,127.0919813,,한전주,02-450-7873,서울특별시 광진구청,2025-12-23
중곡4동567,1,,서울특별시 광진구 중곡동 75-22,37.5585974601,127.0923176871,,전용주,02-450-7873,서울특별시 광진구청,2025-12-23
중곡4동568,1,,서울특별시 광진구 중곡동 75-29,37.55848817,127.0922206086,,,02-450-7873,서울특별시 광진구청,2025-12-23
중곡4동569,1,,서울특별시 광진구 중곡동 75-20,37.5585664,127.0925138,,한전주,02-450-7873,서울특별시 광진구청,2025-12-23
중곡4동570,1,,서울특별시 광진구 중곡동 75-18,37.55855117,127.0925138,,건축물,02-450-7873,서울특별시 광진구청,2025-12-23
중곡4동571,1,,서울특별시 광진구 중곡동 75-6,37.5586884398,127.0928041261,,한전주,02-450-7873,서울특별시 광진구청,2025-12-23
중곡4동572,1,,서울특별시 광진구 중곡동 74-27,37.55875386,127.0931146,,한전주,02-450-7873,서울특별시 광진구청,2025-12-23
중곡4동573,1,,서울특별시 광진구 중곡4동 74-37,37.558940,127.093475,,,02-450-7873,서울특별시 광진구청,2025-12-23
중곡4동574,1,,서울특별시 광진구 중곡동 74-9,37.55882451,127.0938426,,,02-450-7873,서울특별시 광진구청,2025-12-23
중곡4동575,1,,서울특별시 광진구 중곡동 74-67,37.55892854,127.0940781,,한전주,02-450-7873,서울특별시 광진구청,2025-12-23
중곡4동576,1,,서울특별시 광진구 중곡동 74-63,37.5591132735,127.0942026,,전용주,02-450-7873,서울특별시 광진구청,2025-12-23
중곡4동577,1,,서울특별시 광진구 중곡동 74-28,37.559109453,127.0945361717,,한전주,02-450-7873,서울특별시 광진구청,2025-12-23
중곡4동578,1,,서울특별시 광진구 중곡동 74-73,37.55943061,127.0944366,,전용주,02-450-7873,서울특별시 광진구청,2025-12-23
중곡4동579,1,,서울특별시 광진구 중곡동 74-1,37.55986517,127.0947026,,,02-450-7873,서울특별시 광진구청,2025-12-23
중곡4동580,1,,서울특별시 광진구 중곡동 72-28,37.56018617,127.0946206,,건축물,02-450-7873,서울특별시 광진구청,2025-12-23
중곡4동581,1,,서울특별시 광진구 중곡동 72-29,37.56009017,127.0945900975,,건축물,02-450-7873,서울특별시 광진구청,2025-12-23
중곡4동582,1,,서울특별시 광진구 중곡동 72-22,37.5605363,127.0949458,,한전주,02-450-7873,서울특별시 광진구청,2025-12-23
중곡4동584,1,,서울특별시 광진구 중곡동 72-18,37.56065955,127.0951816,,한전주,02-450-7873,서울특별시 광진구청,2025-12-23
중곡4동585,1,,서울특별시 광진구 중곡동 72-17,37.56080719,127.0953596,,한전주,02-450-7873,서울특별시 광진구청,2025-12-23
중곡4동586,1,,서울특별시 광진구 중곡동 72-63,37.5609826734,127.0955486,,한전주,02-450-7873,서울특별시 광진구청,2025-12-23
중곡4동587,1,,서울특별시 광진구 중곡동 72-85,37.56117917,127.0953966,,,02-450-7873,서울특별시 광진구청,2025-12-23
중곡4동588,1,,서울특별시 광진구 중곡동 275-11,37.5586835155,127.0837452384,,,02-450-7873,서울특별시 광진구청,2025-12-23
중곡4동589,1,,서울특별시 광진구 중곡동 275-11,37.5586835155,127.0837452384,,,02-450-7873,서울특별시 광진구청,2025-12-23
중곡4동590,1,,서울특별시 광진구 중곡동 72-80,37.5617360845,127.0954862648,,한전주,02-450-7873,서울특별시 광진구청,2025-12-23
중곡4동591,1,,서울특별시 광진구 중곡동 143-126,37.564116783,127.0946631254,,한전주,02-450-7873,서울특별시 광진구청,2025-12-23
중곡4동592,1,,서울특별시 광진구 중곡동 72-90,37.56141868,127.0952431,,한전주,02-450-7873,서울특별시 광진구청,2025-12-23
중곡4동593,1,,서울특별시 광진구 중곡동 275-11,37.5586835155,127.0837452384,,,02-450-7873,서울특별시 광진구청,2025-12-23
중곡4동594,1,,서울특별시 광진구 중곡동 72-86,37.56106417,127.0951134,,전용주,02-450-7873,서울특별시 광진구청,2025-12-23
중곡4동595,1,,서울특별시 광진구 중곡동 143-130,37.5617795463,127.0960204871,,전용주,02-450-7873,서울특별시 광진구청,2025-12-23
중곡4동596,1,,서울특별시 광진구 중곡동 72-64,37.56209218,127.0959075,,건축물,02-450-7873,서울특별시 광진구청,2025-12-23
중곡4동597,1,,서울특별시 광진구 중곡4동 102-47,37.561386,127.095640,,,02-450-7873,서울특별시 광진구청,2025-12-23
중곡4동598,1,,서울특별시 광진구 중곡동 72-23,37.56057517,127.0952676,,한전주,02-450-7873,서울특별시 광진구청,2025-12-23
중곡4동599,1,,서울특별시 광진구 중곡동 73-48,37.56002421,127.0951222,,한전주,02-450-7873,서울특별시 광진구청,2025-12-23
중곡4동600,1,,서울특별시 광진구 중곡동 73-25,37.56004686,127.0956146,,한전주,02-450-7873,서울특별시 광진구청,2025-12-23
중곡4동601,1,,서울특별시 광진구 중곡동 73-23,37.56000198,127.0957619,,한전주,02-450-7873,서울특별시 광진구청,2025-12-23
중곡4동602,1,,서울특별시 광진구 중곡동 73-16,37.56007418,127.0959502,,한전주,02-450-7873,서울특별시 광진구청,2025-12-23
중곡4동603,1,,서울특별시 광진구 중곡동 73-5,37.56041782,127.0957322,,한전주,02-450-7873,서울특별시 광진구청,2025-12-23
중곡4동604,1,,서울특별시 광진구 중곡동 275-11,37.5586835155,127.0837452384,,,02-450-7873,서울특별시 광진구청,2025-12-23
중곡4동605,1,,서울특별시 광진구 중곡동 435-1,37.56094117,127.0959806,,전용주,02-450-7873,서울특별시 광진구청,2025-12-23
중곡4동606,1,,서울특별시 광진구 중곡동 73-119,37.56069851,127.0959167,,전용주,02-450-7873,서울특별시 광진구청,2025-12-23
중곡4동607,1,,서울특별시 광진구 중곡동 73-18,37.55988147,127.0959166,,전용주,02-450-7873,서울특별시 광진구청,2025-12-23
중곡4동608,1,,서울특별시 광진구 중곡동 73-20,37.55969617,127.0957988,,한전주,02-450-7873,서울특별시 광진구청,2025-12-23
중곡4동609,1,,서울특별시 광진구 중곡동 73-35,37.5598814,127.0954711,,,02-450-7873,서울특별시 광진구청,2025-12-23
중곡4동610,1,,서울특별시 광진구 중곡동 73-27,37.55978617,127.0956476,,한전주,02-450-7873,서울특별시 광진구청,2025-12-23
중곡4동611,1,,서울특별시 광진구 중곡동 73-31,37.5595055944,127.0956616,,한전주,02-450-7873,서울특별시 광진구청,2025-12-23
중곡4동612,1,,서울특별시 광진구 중곡동 73-56,37.55935717,127.0956806,,한전주,02-450-7873,서울특별시 광진구청,2025-12-23
중곡4동613,1,,서울특별시 광진구 중곡동 73-64,37.55910693,127.0955378,,,02-450-7873,서울특별시 광진구청,2025-12-23
중곡4동614,1,,서울특별시 광진구 중곡동 73-67,37.5589915098,127.0955469346,,건축물,02-450-7873,서울특별시 광진구청,2025-12-23
중곡4동615,1,,서울특별시 광진구 중곡동 73-103,37.55907829,127.0952926,,한전주,02-450-7873,서울특별시 광진구청,2025-12-23
중곡4동616,1,,서울특별시 광진구 중곡동 73-99,37.55938717,127.0951786,,한전주,02-450-7873,서울특별시 광진구청,2025-12-23
중곡4동617,1,,서울특별시 광진구 중곡동 73-45,37.55968695,127.0951502,,한전주,02-450-7873,서울특별시 광진구청,2025-12-23
중곡4동618,1,,서울특별시 광진구 중곡동 73-47,37.559889692,127.0951270518,,건축물,02-450-7873,서울특별시 광진구청,2025-12-23
중곡4동619,1,,서울특별시 광진구 중곡동 73-51,37.5597796949,127.0949586,,한전주,02-450-7873,서울특별시 광진구청,2025-12-23
중곡4동620,1,,서울특별시 광진구 중곡동 73-97,37.55947417,127.0950006,,한전주,02-450-7873,서울특별시 광진구청,2025-12-23
중곡4동621,1,,서울특별시 광진구 중곡동 73-102,37.5590814595,127.0950286,,한전주,02-450-7873,서울특별시 광진구청,2025-12-23
중곡4동622,1,,서울특별시 광진구 중곡동 73-2,37.55894217,127.0951014,,한전주,02-450-7873,서울특별시 광진구청,2025-12-23
중곡4동623,1,,서울특별시 광진구 중곡동 74-51,37.5588597423,127.0948066,,건축물,02-450-7873,서울특별시 광진구청,2025-12-23
중곡4동624,1,,서울특별시 광진구 중곡동 74-51,37.5588597423,127.0948163124,,한전주,02-450-7873,서울특별시 광진구청,2025-12-23
중곡4동625,1,,서울특별시 광진구 중곡동 74-49,37.55866309,127.0946584,,한전주,02-450-7873,서울특별시 광진구청,2025-12-23
중곡4동626,1,,서울특별시 광진구 중곡동 275-11,37.5586835155,127.0837452384,,한전주,02-450-7873,서울특별시 광진구청,2025-12-23
중곡4동627,1,,서울특별시 광진구 중곡동 74-46,37.55837412,127.0943501,,한전주,02-450-7873,서울특별시 광진구청,2025-12-23
중곡4동629,1,,서울특별시 광진구 중곡동 73-110,37.55833717,127.0948546,,한전주,02-450-7873,서울특별시 광진구청,2025-12-23
중곡4동630,1,,서울특별시 광진구 중곡동 73-82,37.55849717,127.0951406695,,,02-450-7873,서울특별시 광진구청,2025-12-23
중곡4동631,1,,서울특별시 광진구 중곡동 275-11,37.558674,127.0837452384,,,02-450-7873,서울특별시 광진구청,2025-12-23
중곡4동632,1,,서울특별시 광진구 중곡동 73-105,37.5587989424,127.0952425784,,한전주,02-450-7873,서울특별시 광진구청,2025-12-23
중곡4동633,1,,서울특별시 광진구 중곡동 73-71,37.5585517,127.0953686,,,02-450-7873,서울특별시 광진구청,2025-12-23
중곡4동634,1,,서울특별시 광진구 중곡동 73-117,37.5585465002,127.0951642189,,한전주,02-450-7873,서울특별시 광진구청,2025-12-23
중곡4동635,1,,서울특별시 광진구 중곡동 73-79,37.55789461,127.0955066,,전용주,02-450-7873,서울특별시 광진구청,2025-12-23
중곡4동636,1,,서울특별시 광진구 중곡동 104-1,37.55756978,127.0958308,,한전주,02-450-7873,서울특별시 광진구청,2025-12-23
중곡4동637,1,,서울특별시 광진구 중곡동 275-11,37.5586835155,127.0837452384,,,02-450-7873,서울특별시 광진구청,2025-12-23
중곡4동638,1,,서울특별시 광진구 중곡동 437-8,37.5562966216,127.0919996691,,전용주,02-450-7873,서울특별시 광진구청,2025-12-23
중곡4동639,1,,서울특별시 광진구 중곡동 103-7,37.55729609,127.0948877,,한전주,02-450-7873,서울특별시 광진구청,2025-12-23
중곡4동640,1,,서울특별시 광진구 중곡동 275-11,37.5586835155,127.0837452384,,,02-450-7873,서울특별시 광진구청,2025-12-23
중곡4동641,1,,서울특별시 광진구 중곡4동 104-44,37.557175,127.094864,,,02-450-7873,서울특별시 광진구청,2025-12-23
중곡4동642,1,,서울특별시 광진구 중곡동 104-2,37.55678587,127.0947226,,한전주,02-450-7873,서울특별시 광진구청,2025-12-23
중곡4동643,1,,서울특별시 광진구 중곡동 104-43,37.557200446,127.0958810215,,한전주,02-450-7873,서울특별시 광진구청,2025-12-23
중곡4동644,1,,서울특별시 광진구 중곡동 104-40,37.55709417,127.0953264,,한전주,02-450-7873,서울특별시 광진구청,2025-12-23
중곡4동645,1,,서울특별시 광진구 중곡동 104-37,37.557159435,127.0956429452,,한전주,02-450-7873,서울특별시 광진구청,2025-12-23
중곡4동647,1,,서울특별시 광진구 중곡동 104-42,37.5572036115,127.0960528118,,,02-450-7873,서울특별시 광진구청,2025-12-23
중곡4동648,1,,서울특별시 광진구 중곡동 104-46,37.557075107,127.0958585504,,한전주,02-450-7873,서울특별시 광진구청,2025-12-23
중곡4동649,1,,서울특별시 광진구 중곡동 104-48,37.55695732,127.0956766,,한전주,02-450-7873,서울특별시 광진구청,2025-12-23
중곡4동650,1,,서울특별시 광진구 중곡동 104-51,37.55680073,127.0953363,,한전주,02-450-7873,서울특별시 광진구청,2025-12-23
중곡4동651,1,,서울특별시 광진구 중곡동 104-13,37.55657226,127.0947392,,한전주,02-450-7873,서울특별시 광진구청,2025-12-23
중곡4동652,1,,서울특별시 광진구 중곡동 104-6,37.55662308,127.0949236,,건축물,02-450-7873,서울특별시 광진구청,2025-12-23
중곡4동653,1,,서울특별시 광진구 중곡동 104-6,37.55667517,127.0949066,,전용주,02-450-7873,서울특별시 광진구청,2025-12-23
중곡4동654,1,,서울특별시 광진구 중곡동 104-7,37.5564839879,127.0949354179,,한전주,02-450-7873,서울특별시 광진구청,2025-12-23
중곡4동655,1,,서울특별시 광진구 중곡동 104-63,37.5562251726,127.094884161,,전용주,02-450-7873,서울특별시 광진구청,2025-12-23
중곡4동656,1,,서울특별시 광진구 중곡동 104-77,37.55649617,127.0947926,,전용주,02-450-7873,서울특별시 광진구청,2025-12-23
중곡4동657,1,,서울특별시 광진구 중곡동 104-11,37.5564463633,127.0946406,,한전주,02-450-7873,서울특별시 광진구청,2025-12-23
중곡4동658,1,,서울특별시 광진구 중곡동 104-90,37.55613441,127.0945875,,,02-450-7873,서울특별시 광진구청,2025-12-23
중곡4동659,1,,서울특별시 광진구 중곡동 104-4,37.5560446,127.0944448,,한전주,02-450-7873,서울특별시 광진구청,2025-12-23
중곡4동660,1,,서울특별시 광진구 중곡동 104-65,37.55594836,127.0945845,,한전주,02-450-7873,서울특별시 광진구청,2025-12-23
중곡4동661,1,,서울특별시 광진구 중곡동 104-84,37.55577083,127.0943636,,한전주,02-450-7873,서울특별시 광진구청,2025-12-23
중곡4동662,1,,서울특별시 광진구 중곡동 104-83,37.55570643,127.0942599,,,02-450-7873,서울특별시 광진구청,2025-12-23
중곡4동663,1,,서울특별시 광진구 중곡4동 106-34,37.555702,127.093950,,,02-450-7873,서울특별시 광진구청,2025-12-23
중곡4동664,1,,서울특별시 광진구 중곡동 104-74,37.5554555167,127.0936956,,건축물,02-450-7873,서울특별시 광진구청,2025-12-23
중곡4동665,1,,서울특별시 광진구 중곡동 104-72,37.55564458,127.0936321,,한전주,02-450-7873,서울특별시 광진구청,2025-12-23
중곡4동666,1,,서울특별시 광진구 중곡동 104-69,37.55578306,127.0939799,,한전주,02-450-7873,서울특별시 광진구청,2025-12-23
중곡4동667,1,,서울특별시 광진구 중곡4동 106-34,37.555992,127.093834,,,02-450-7873,서울특별시 광진구청,2025-12-23
중곡4동668,1,,서울특별시 광진구 중곡동 106-46,37.55598055,127.0934237,,한전주,02-450-7873,서울특별시 광진구청,2025-12-23
중곡4동669,1,,서울특별시 광진구 중곡동 106-44,37.55625377,127.0932604,,한전주,02-450-7873,서울특별시 광진구청,2025-12-23
중곡4동670,1,,서울특별시 광진구 중곡동 106-17,37.55647817,127.0942166,,한전주,02-450-7873,서울특별시 광진구청,2025-12-23
중곡4동671,1,,서울특별시 광진구 중곡동 106-15,37.5566142872,127.0944671515,,,02-450-7873,서울특별시 광진구청,2025-12-23
중곡4동672,1,,서울특별시 광진구 중곡동 106-2,37.55673723,127.0944586,,한전주,02-450-7873,서울특별시 광진구청,2025-12-23
중곡4동673,1,,서울특별시 광진구 중곡동 103-18,37.55699049,127.0945146,,,02-450-7873,서울특별시 광진구청,2025-12-23
중곡4동674,1,,서울특별시 광진구 중곡동 106-1,37.5568857,127.0943996,,한전주,02-450-7873,서울특별시 광진구청,2025-12-23
중곡4동675,1,,서울특별시 광진구 중곡동 106-2,37.55677817,127.0944117,,,02-450-7873,서울특별시 광진구청,2025-12-23
중곡4동676,1,,서울특별시 광진구 중곡동 106-13,37.55653836,127.0942088,,한전주,02-450-7873,서울특별시 광진구청,2025-12-23
중곡4동677,1,,서울특별시 광진구 중곡동 106-8,37.55665117,127.0938851157,,건축물,02-450-7873,서울특별시 광진구청,2025-12-23
중곡4동678,1,,서울특별시 광진구 중곡동 106-34,37.5563867523,127.0932621192,,한전주,02-450-7873,서울특별시 광진구청,2025-12-23
중곡4동679,1,,서울특별시 광진구 중곡동 107-69,37.55522135,127.093095,,한전주,02-450-7873,서울특별시 광진구청,2025-12-23
중곡4동680,1,,서울특별시 광진구 중곡동 104-44,37.55534564,127.0934085,,건축물,02-450-7873,서울특별시 광진구청,2025-12-23
중곡4동681,1,,서울특별시 광진구 중곡동 104-44,37.55534564,127.0934995,,,02-450-7873,서울특별시 광진구청,2025-12-23
중곡4동682,1,,서울특별시 광진구 중곡동 106-42,37.55563317,127.0933053,,한전주,02-450-7873,서울특별시 광진구청,2025-12-23
중곡4동683,1,,서울특별시 광진구 중곡동 106-46,37.55598617,127.0934237,,한전주,02-450-7873,서울특별시 광진구청,2025-12-23
중곡4동684,1,,서울특별시 광진구 중곡동 106-46,37.55598055,127.0934237,,건축물,02-450-7873,서울특별시 광진구청,2025-12-23
중곡4동685,1,,서울특별시 광진구 중곡동 106-45,37.55617517,127.0933434961,,건축물,02-450-7873,서울특별시 광진구청,2025-12-23
중곡4동686,1,,서울특별시 광진구 중곡동 106-45,37.55619617,127.0933434961,,건축물,02-450-7873,서울특별시 광진구청,2025-12-23
중곡4동687,1,,서울특별시 광진구 중곡4동 100-37,37.556236,127.093320,,,02-450-7873,서울특별시 광진구청,2025-12-23
중곡4동688,1,,서울특별시 광진구 중곡동 106-44,37.55627817,127.0932604,,건축물,02-450-7873,서울특별시 광진구청,2025-12-23
중곡4동689,1,,서울특별시 광진구 중곡동 106-44,37.55625377,127.0932986,,건축물,02-450-7873,서울특별시 광진구청,2025-12-23
중곡4동690,1,,서울특별시 광진구 중곡동 106-44,37.55625377,127.0932604,,건축물,02-450-7873,서울특별시 광진구청,2025-12-23
중곡4동691,1,,서울특별시 광진구 중곡동 106-34,37.5563867523,127.0932621192,,건축물,02-450-7873,서울특별시 광진구청,2025-12-23
중곡4동692,1,,서울특별시 광진구 중곡동 106-34,37.5563867523,127.0932621192,,건축물,02-450-7873,서울특별시 광진구청,2025-12-23
중곡4동693,1,,서울특별시 광진구 중곡동 106-34,37.5563867523,127.0932621192,,건축물,02-450-7873,서울특별시 광진구청,2025-12-23
중곡4동694,1,,서울특별시 광진구 중곡동 107-97,37.55623546,127.0924843,,한전주,02-450-7873,서울특별시 광진구청,2025-12-23
중곡4동695,1,,서울특별시 광진구 중곡4동 101-34,37.556430,127.092834,,,02-450-7873,서울특별시 광진구청,2025-12-23
중곡4동696,1,,서울특별시 광진구 중곡동 106-34,37.5563867523,127.0932621192,,건축물,02-450-7873,서울특별시 광진구청,2025-12-23
중곡4동697,1,,서울특별시 광진구 중곡동 106-34,37.5563867523,127.0932621192,,전용주,02-450-7873,서울특별시 광진구청,2025-12-23
중곡4동698,1,,서울특별시 광진구 중곡동 106-34,37.5563867523,127.0932621192,,전용주,02-450-7873,서울특별시 광진구청,2025-12-23
중곡4동699,1,,서울특별시 광진구 중곡동 106-34,37.5563867523,127.0932621192,,전용주,02-450-7873,서울특별시 광진구청,2025-12-23
중곡4동700,1,,서울특별시 광진구 중곡동 107-58,37.5559311388,127.0928046,,전용주,02-450-7873,서울특별시 광진구청,2025-12-23
중곡4동701,1,,서울특별시 광진구 중곡동 107-70,37.55577827,127.0926716,,건축물,02-450-7873,서울특별시 광진구청,2025-12-23
중곡4동702,1,,서울특별시 광진구 중곡4동 75-53,37.556350,127.092766,,,02-450-7873,서울특별시 광진구청,2025-12-23
중곡4동703,1,,서울특별시 광진구 중곡동 107-76,37.55679317,127.092764,,한전주,02-450-7873,서울특별시 광진구청,2025-12-23
중곡4동704,1,,서울특별시 광진구 중곡동 100-37,37.5569928392,127.0925929878,,한전주,02-450-7873,서울특별시 광진구청,2025-12-23
중곡4동705,1,,서울특별시 광진구 중곡동 107-76,37.55672502,127.0927056,,건축물,02-450-7873,서울특별시 광진구청,2025-12-23
중곡4동706,1,,서울특별시 광진구 중곡동 107-21,37.55676456,127.0925555,,건축물,02-450-7873,서울특별시 광진구청,2025-12-23
중곡4동707,1,,서울특별시 광진구 중곡동 100-38,37.55697417,127.0924846,,전용주,02-450-7873,서울특별시 광진구청,2025-12-23
중곡4동708,1,,서울특별시 광진구 중곡동 107-25,37.55652005,127.0925436,,전용주,02-450-7873,서울특별시 광진구청,2025-12-23
중곡4동709,1,,서울특별시 광진구 중곡동 100-48,37.5568844733,127.0923306,,한전주,02-450-7873,서울특별시 광진구청,2025-12-23
중곡4동710,1,,서울특별시 광진구 중곡동 107-27,37.55671046,127.0923708,,건축물,02-450-7873,서울특별시 광진구청,2025-12-23
중곡4동711,1,,서울특별시 광진구 중곡동 107-35,37.55633402,127.0921428,,한전주,02-450-7873,서울특별시 광진구청,2025-12-23
중곡4동712,1,,서울특별시 광진구 중곡동 107-34,37.55640436,127.0922486,,전용주,02-450-7873,서울특별시 광진구청,2025-12-23
중곡4동713,1,,서울특별시 광진구 중곡동 107-33,37.55646085,127.0924066,,건축물,02-450-7873,서울특별시 광진구청,2025-12-23
중곡4동714,1,,서울특별시 광진구 중곡동 107-4,37.55597301,127.0923515,,한전주,02-450-7873,서울특별시 광진구청,2025-12-23
중곡4동715,1,,서울특별시 광진구 중곡동 107-42,37.55541717,127.0927986,,건축물,02-450-7873,서울특별시 광진구청,2025-12-23
중곡4동716,1,,서울특별시 광진구 중곡동 107-42,37.55543395,127.0927986,,건축물,02-450-7873,서울특별시 광진구청,2025-12-23
중곡4동717,1,,서울특별시 광진구 중곡동 107-42,37.55543395,127.0927926,,건축물,02-450-7873,서울특별시 광진구청,2025-12-23
중곡4동718,1,,서울특별시 광진구 중곡동 107-43,37.55529162,127.0929953,,건축물,02-450-7873,서울특별시 광진구청,2025-12-23
중곡4동719,1,,서울특별시 광진구 중곡동 88-36,37.5564721693,127.0912992075,,한전주,02-450-7873,서울특별시 광진구청,2025-12-23
중곡4동720,1,,서울특별시 광진구 중곡동 99-2,37.55659417,127.0916552261,,한전주,02-450-7873,서울특별시 광진구청,2025-12-23
중곡4동721,1,,서울특별시 광진구 중곡동 99-6,37.55649151,127.0918266,,전용주,02-450-7873,서울특별시 광진구청,2025-12-23
중곡4동722,1,,서울특별시 광진구 중곡동 100-39,37.5569782032,127.0924138127,,건축물,02-450-7873,서울특별시 광진구청,2025-12-23
중곡4동723,1,,서울특별시 광진구 중곡4동 100-11,37.557130,127.092650,,,02-450-7873,서울특별시 광진구청,2025-12-23
중곡4동724,1,,서울특별시 광진구 중곡동 100-33,37.55717417,127.0928259645,,건축물,02-450-7873,서울특별시 광진구청,2025-12-23
중곡4동725,1,,서울특별시 광진구 중곡동 107-90,37.5569980619,127.0930136,,한전주,02-450-7873,서울특별시 광진구청,2025-12-23
중곡4동726,1,,서울특별시 광진구 중곡동 107-91,37.5568942032,127.0931086,,건축물,02-450-7873,서울특별시 광진구청,2025-12-23
중곡4동727,1,,서울특별시 광진구 중곡동 107-86,37.55675506,127.0930537,,한전주,02-450-7873,서울특별시 광진구청,2025-12-23
중곡4동728,1,,서울특별시 광진구 중곡동 107-17,37.55664794,127.0936153,,건축물,02-450-7873,서울특별시 광진구청,2025-12-23
중곡4동729,1,,서울특별시 광진구 중곡동 107-12,37.5567952287,127.0935351545,,한전주,02-450-7873,서울특별시 광진구청,2025-12-23
중곡4동730,1,,서울특별시 광진구 중곡동 107-11,37.5568568407,127.0936692313,,한전주,02-450-7873,서울특별시 광진구청,2025-12-23
중곡4동731,1,,서울특별시 광진구 중곡동 107-16,37.55669724,127.0937976,,,02-450-7873,서울특별시 광진구청,2025-12-23
중곡4동732,1,,서울특별시 광진구 중곡동 437-8,37.5562966216,127.0919996691,,건축물,02-450-7873,서울특별시 광진구청,2025-12-23
중곡4동733,1,,서울특별시 광진구 중곡동 102-39,37.55711917,127.0940636,,한전주,02-450-7873,서울특별시 광진구청,2025-12-23
중곡4동734,1,,서울특별시 광진구 중곡동 102-40,37.55718302,127.0940947,,한전주,02-450-7873,서울특별시 광진구청,2025-12-23
중곡4동735,1,,서울특별시 광진구 중곡동 102-43,37.5574425,127.0943358,,한전주,02-450-7873,서울특별시 광진구청,2025-12-23
중곡4동736,1,,서울특별시 광진구 중곡동 437-8,37.5562966216,127.0919996691,,,02-450-7873,서울특별시 광진구청,2025-12-23
중곡4동737,1,,서울특별시 광진구 중곡동 102-52,37.55765917,127.0949016,,한전주,02-450-7873,서울특별시 광진구청,2025-12-23
중곡4동738,1,,서울특별시 광진구 중곡동 102-51,37.5577749,127.094807,,건축물,02-450-7873,서울특별시 광진구청,2025-12-23
중곡4동739,1,,서울특별시 광진구 중곡동 102-47,37.55784136,127.0947995,,건축물,02-450-7873,서울특별시 광진구청,2025-12-23
중곡4동740,1,,서울특별시 광진구 중곡동 73-90,37.5576928371,127.095294024,,한전주,02-450-7873,서울특별시 광진구청,2025-12-23
중곡4동741,1,,서울특별시 광진구 중곡동 275-11,37.5586835155,127.0837452384,,,02-450-7873,서울특별시 광진구청,2025-12-23
중곡4동742,1,,서울특별시 광진구 중곡동 73-92,37.55789728,127.0951596,,한전주,02-450-7873,서울특별시 광진구청,2025-12-23
중곡4동743,1,,서울특별시 광진구 중곡동 73-94,37.55814617,127.0950336,,건축물,02-450-7873,서울특별시 광진구청,2025-12-23
중곡4동744,1,,서울특별시 광진구 중곡동 102-24,37.558038,127.0948016,,건축물,02-450-7873,서울특별시 광진구청,2025-12-23
중곡4동745,1,,서울특별시 광진구 중곡동 102-26,37.55799071,127.0947282,,,02-450-7873,서울특별시 광진구청,2025-12-23
중곡4동746,1,,서울특별시 광진구 중곡동 102-20,37.55798561,127.0944936,,한전주,02-450-7873,서울특별시 광진구청,2025-12-23
중곡4동747,1,,서울특별시 광진구 중곡동 102-17,37.55774317,127.0941964,,한전주,02-450-7873,서울특별시 광진구청,2025-12-23
중곡4동748,1,,서울특별시 광진구 중곡동 102-12,37.55728441,127.0937214,,한전주,02-450-7873,서울특별시 광진구청,2025-12-23
중곡4동749,1,,서울특별시 광진구 중곡동 102-12,37.55727817,127.0937416,,한전주,02-450-7873,서울특별시 광진구청,2025-12-23
중곡4동750,1,,서울특별시 광진구 중곡동 102-12,37.55728441,127.0937214,,,02-450-7873,서울특별시 광진구청,2025-12-23
중곡4동751,1,,서울특별시 광진구 중곡동 100-4,37.55744434,127.0933751,,한전주,02-450-7873,서울특별시 광진구청,2025-12-23
중곡4동752,1,,서울특별시 광진구 중곡동 101-24,37.55758336,127.0934965,,한전주,02-450-7873,서울특별시 광진구청,2025-12-23
중곡4동753,1,,서울특별시 광진구 중곡동 102-10,37.55751784,127.0937479,,,02-450-7873,서울특별시 광진구청,2025-12-23
중곡4동754,1,,서울특별시 광진구 중곡동 101-23,37.55777772,127.0937052,,한전주,02-450-7873,서울특별시 광진구청,2025-12-23
중곡4동755,1,,서울특별시 광진구 중곡동 101-23,37.55778117,127.0937476,,전용주,02-450-7873,서울특별시 광진구청,2025-12-23
중곡4동756,1,,서울특별시 광진구 중곡동 101-26,37.55811417,127.0940794995,,한전주,02-450-7873,서울특별시 광진구청,2025-12-23
중곡4동758,1,,서울특별시 광진구 중곡동 101-1,37.55819213,127.0942686,,건축물,02-450-7873,서울특별시 광진구청,2025-12-23
중곡4동759,1,,서울특별시 광진구 중곡4동 88-23,37.558470,127.094120,,,02-450-7873,서울특별시 광진구청,2025-12-23
중곡4동760,1,,서울특별시 광진구 중곡동 74-14,37.55858717,127.0938708,,한전주,02-450-7873,서울특별시 광진구청,2025-12-23
중곡4동761,1,,서울특별시 광진구 중곡동 74-17,37.55839282,127.0937168,,한전주,02-450-7873,서울특별시 광진구청,2025-12-23
중곡4동762,1,,서울특별시 광진구 중곡동 101-9,37.55819943,127.0934285,,전용주,02-450-7873,서울특별시 광진구청,2025-12-23
중곡4동763,1,,서울특별시 광진구 중곡동 74-24,37.55848317,127.0934046,,한전주,02-450-7873,서울특별시 광진구청,2025-12-23
중곡4동764,1,,서울특별시 광진구 중곡동 74-57,37.55876417,127.093259697,,한전주,02-450-7873,서울특별시 광진구청,2025-12-23
중곡4동765,1,,서울특별시 광진구 중곡동 74-26,37.55864087,127.093590,,,02-450-7873,서울특별시 광진구청,2025-12-23
중곡4동766,1,,서울특별시 광진구 중곡동 74-12,37.55867272,127.0938266,,한전주,02-450-7873,서울특별시 광진구청,2025-12-23
중곡4동767,1,,서울특별시 광진구 중곡4동 85-13,37.558884,127.094020,,,02-450-7873,서울특별시 광진구청,2025-12-23
중곡4동768,1,,서울특별시 광진구 중곡동 74-67,37.55895917,127.0940781,,한전주,02-450-7873,서울특별시 광진구청,2025-12-23
중곡4동769,1,,서울특별시 광진구 중곡동 74-7,37.5588960677,127.0944076,,한전주,02-450-7873,서울특별시 광진구청,2025-12-23
중곡4동770,1,,서울특별시 광진구 중곡동 74-40,37.5589722017,127.0946686,,한전주,02-450-7873,서울특별시 광진구청,2025-12-23
중곡4동771,1,,서울특별시 광진구 중곡동 74-28,37.55917817,127.0945361717,,,02-450-7873,서울특별시 광진구청,2025-12-23
중곡4동772,1,,서울특별시 광진구 중곡동 74-54,37.55928238,127.0947066,,한전주,02-450-7873,서울특별시 광진구청,2025-12-23
중곡4동773,1,,서울특별시 광진구 중곡동 74-5,37.55944865,127.0947216,,전용주,02-450-7873,서울특별시 광진구청,2025-12-23
중곡4동774,1,,서울특별시 광진구 중곡4동 87-31,37.558834,127.094210,,,02-450-7873,서울특별시 광진구청,2025-12-23
중곡4동775,1,,서울특별시 광진구 중곡동 101-47,37.55808466,127.0936282,,건축물,02-450-7873,서울특별시 광진구청,2025-12-23
중곡4동776,1,,서울특별시 광진구 중곡동 101-36,37.55798017,127.0934916,,한전주,02-450-7873,서울특별시 광진구청,2025-12-23
중곡4동777,1,,서울특별시 광진구 중곡동 101-34,37.55778617,127.0932806,,한전주,02-450-7873,서울특별시 광진구청,2025-12-23
중곡4동778,1,,서울특별시 광진구 중곡동 101-20,37.55796117,127.0930476,,한전주,02-450-7873,서울특별시 광진구청,2025-12-23
중곡4동779,1,,서울특별시 광진구 중곡동 101-21,37.55814417,127.0932776,,한전주,02-450-7873,서울특별시 광진구청,2025-12-23
중곡4동780,1,,서울특별시 광진구 중곡동 101-20,37.55799664,127.0930636,,건축물,02-450-7873,서울특별시 광진구청,2025-12-23
중곡4동781,1,,서울특별시 광진구 중곡동 86-13,37.55790111,127.0927426,,건축물,02-450-7873,서울특별시 광진구청,2025-12-23
중곡4동782,1,,서울특별시 광진구 중곡4동 85-10,37.557823,127.092880,,,02-450-7873,서울특별시 광진구청,2025-12-23
중곡4동783,1,,서울특별시 광진구 중곡동 100-9,37.5574319468,127.0929856871,,한전주,02-450-7873,서울특별시 광진구청,2025-12-23
중곡4동784,1,,서울특별시 광진구 중곡동 100-8,37.557385,127.0931096,,전용주,02-450-7873,서울특별시 광진구청,2025-12-23
중곡4동785,1,,서울특별시 광진구 중곡동 100-15,37.55739317,127.0929511376,,건축물,02-450-7873,서울특별시 광진구청,2025-12-23
중곡4동786,1,,서울특별시 광진구 중곡동 100-3,37.55749583,127.0932142,,건축물,02-450-7873,서울특별시 광진구청,2025-12-23
중곡4동787,1,,서울특별시 광진구 중곡동 100-10,37.55747869,127.0928336,,전용주,02-450-7873,서울특별시 광진구청,2025-12-23
중곡4동788,1,,서울특별시 광진구 중곡동 100-23,37.55747707,127.0926036,,한전주,02-450-7873,서울특별시 광진구청,2025-12-23
중곡4동789,1,,서울특별시 광진구 중곡동 100-22,37.55745517,127.0927286,,전용주,02-450-7873,서울특별시 광진구청,2025-12-23
중곡4동790,1,,서울특별시 광진구 중곡동 100-26,37.55735996,127.0925216,,건축물,02-450-7873,서울특별시 광진구청,2025-12-23
중곡4동791,1,,서울특별시 광진구 중곡동 100-28,37.5572739,127.0924323,,한전주,02-450-7873,서울특별시 광진구청,2025-12-23
중곡4동792,1,,서울특별시 광진구 중곡동 100-29,37.5571893942,127.0925566,,전용주,02-450-7873,서울특별시 광진구청,2025-12-23
중곡4동793,1,,서울특별시 광진구 중곡동 87-3,37.5572753,127.0921401,,전용주,02-450-7873,서울특별시 광진구청,2025-12-23
중곡4동794,1,,서울특별시 광진구 중곡동 100-45,37.55709647,127.0922252,,한전주,02-450-7873,서울특별시 광진구청,2025-12-23
중곡4동795,1,,서울특별시 광진구 중곡동 87-6,37.55727393,127.0919736,,전용주,02-450-7873,서울특별시 광진구청,2025-12-23
중곡4동796,1,,서울특별시 광진구 중곡동 100-46,37.55708317,127.0921543,,,02-450-7873,서울특별시 광진구청,2025-12-23
중곡4동797,1,,서울특별시 광진구 중곡동 87-40,37.55697017,127.0917737,,한전주,02-450-7873,서울특별시 광진구청,2025-12-23
중곡4동798,1,,서울특별시 광진구 중곡동 87-40,37.55697176,127.0917826,,전용주,02-450-7873,서울특별시 광진구청,2025-12-23
중곡4동799,1,,서울특별시 광진구 중곡동 87-39,37.55687917,127.0916856,,전용주,02-450-7873,서울특별시 광진구청,2025-12-23
중곡4동800,1,,서울특별시 광진구 중곡동 88-25,37.55681567,127.0913916,,한전주,02-450-7873,서울특별시 광진구청,2025-12-23
중곡4동801,1,,서울특별시 광진구 중곡동 88-23,37.55689417,127.0912446,,전용주,02-450-7873,서울특별시 광진구청,2025-12-23
중곡4동802,1,,서울특별시 광진구 중곡동 88-23,37.556881,127.0912736,,한전주,02-450-7873,서울특별시 광진구청,2025-12-23
중곡4동803,1,,서울특별시 광진구 중곡동 88-20,37.5568487841,127.0909516525,,건축물,02-450-7873,서울특별시 광진구청,2025-12-23
중곡4동804,1,,서울특별시 광진구 중곡동 88-41,37.55698443,127.0911476,,한전주,02-450-7873,서울특별시 광진구청,2025-12-23
중곡4동805,1,,서울특별시 광진구 중곡동 88-9,37.5569634295,127.0907844051,,건축물,02-450-7873,서울특별시 광진구청,2025-12-23
중곡4동806,1,,서울특별시 광진구 중곡동 85-13,37.55742417,127.0912476,,건축물,02-450-7873,서울특별시 광진구청,2025-12-23
중곡4동807,1,,서울특별시 광진구 중곡동 85-13,37.55747917,127.0912295,,건축물,02-450-7873,서울특별시 광진구청,2025-12-23
중곡4동808,1,,서울특별시 광진구 중곡동 87-17,37.55717117,127.0914396,,건축물,02-450-7873,서울특별시 광진구청,2025-12-23
중곡4동809,1,,서울특별시 광진구 중곡동 87-17,37.5571606024,127.0914608,,전용주,02-450-7873,서울특별시 광진구청,2025-12-23
중곡4동810,1,,서울특별시 광진구 중곡동 87-10,37.55727667,127.0917136,,건축물,02-450-7873,서울특별시 광진구청,2025-12-23
중곡4동811,1,,서울특별시 광진구 중곡동 87-7,37.55737279,127.0917867,,한전주,02-450-7873,서울특별시 광진구청,2025-12-23
중곡4동812,1,,서울특별시 광진구 중곡동 87-7,37.55737279,127.0917836,,건축물,02-450-7873,서울특별시 광진구청,2025-12-23
중곡4동813,1,,서울특별시 광진구 중곡동 87-7,37.55737279,127.0917867,,건축물,02-450-7873,서울특별시 광진구청,2025-12-23
중곡4동814,1,,서울특별시 광진구 중곡동 87-24,37.5575864,127.0919173,,한전주,02-450-7873,서울특별시 광진구청,2025-12-23
중곡4동815,1,,서울특별시 광진구 중곡동 85-6,37.55779108,127.0918413,,건축물,02-450-7873,서울특별시 광진구청,2025-12-23
중곡4동816,1,,서울특별시 광진구 중곡동 87-1,37.55778017,127.0921535,,한전주,02-450-7873,서울특별시 광진구청,2025-12-23
중곡4동817,1,,서울특별시 광진구 중곡동 87-31,37.55759571,127.0923066,,건축물,02-450-7873,서울특별시 광진구청,2025-12-23
중곡4동818,1,,서울특별시 광진구 중곡동 87-32,37.5575188324,127.0922086,,한전주,02-450-7873,서울특별시 광진구청,2025-12-23
중곡4동819,1,,서울특별시 광진구 중곡동 87-34,37.5573919879,127.0921232343,,건축물,02-450-7873,서울특별시 광진구청,2025-12-23
중곡4동820,1,,서울특별시 광진구 중곡동 86-17,37.55786371,127.0926435,,전용주,02-450-7873,서울특별시 광진구청,2025-12-23
중곡4동821,1,,서울특별시 광진구 중곡동 86-26,37.55785333,127.0924327,,한전주,02-450-7873,서울특별시 광진구청,2025-12-23
중곡4동822,1,,서울특별시 광진구 중곡동 86-9,37.5580231,127.0922020799,,한전주,02-450-7873,서울특별시 광진구청,2025-12-23
중곡4동823,1,,서울특별시 광진구 중곡동 85-1,37.55809464,127.0915875,,한전주,02-450-7873,서울특별시 광진구청,2025-12-23
중곡4동824,1,,서울특별시 광진구 중곡동 85-9,37.55738359,127.0914462,,한전주,02-450-7873,서울특별시 광진구청,2025-12-23
중곡4동825,1,,서울특별시 광진구 중곡동 85-24,37.55788317,127.0914916,,한전주,02-450-7873,서울특별시 광진구청,2025-12-23
중곡4동826,1,,서울특별시 광진구 중곡동 85-3,37.5579612284,127.0917236,,전용주,02-450-7873,서울특별시 광진구청,2025-12-23
중곡4동827,1,,서울특별시 광진구 중곡동 84-15,37.55767001,127.0907596,,건축물,02-450-7873,서울특별시 광진구청,2025-12-23
중곡4동828,1,,서울특별시 광진구 중곡동 88-1,37.55738017,127.0906993788,,전용주,02-450-7873,서울특별시 광진구청,2025-12-23
중곡4동829,1,,서울특별시 광진구 중곡동 88-13,37.55715103,127.0908893,,한전주,02-450-7873,서울특별시 광진구청,2025-12-23
중곡4동830,1,,서울특별시 광진구 중곡동 88-9,37.5569634295,127.0907426,,건축물,02-450-7873,서울특별시 광진구청,2025-12-23
중곡4동831,1,,서울특별시 광진구 중곡동 100-5,37.55733817,127.0932626,,한전주,02-450-7873,서울특별시 광진구청,2025-12-23
중곡4동832,1,,서울특별시 광진구 중곡동 107-53,37.55699017,127.0934066,,전용주,02-450-7873,서울특별시 광진구청,2025-12-23
중곡4동833,1,,서울특별시 광진구 중곡동 109-2,37.55515988,127.0926669,,건축물,02-450-7873,서울특별시 광진구청,2025-12-23
중곡4동834,1,,서울특별시 광진구 중곡동 109-2,37.55515988,127.0926669,,건축물,02-450-7873,서울특별시 광진구청,2025-12-23
중곡4동835,1,,서울특별시 광진구 중곡동 109-2,37.55515988,127.0926669,,건축물,02-450-7873,서울특별시 광진구청,2025-12-23
중곡4동836,1,,서울특별시 광진구 중곡동 109-28,37.55504636,127.0928883,,건축물,02-450-7873,서울특별시 광진구청,2025-12-23
중곡4동837,1,,서울특별시 광진구 중곡동 109-28,37.55504636,127.0928376,,건축물,02-450-7873,서울특별시 광진구청,2025-12-23
중곡4동838,1,,서울특별시 광진구 중곡동 109-30,37.55497063,127.0927239,,건축물,02-450-7873,서울특별시 광진구청,2025-12-23
중곡4동839,1,,서울특별시 광진구 중곡동 109-30,37.55497063,127.0927036,,건축물,02-450-7873,서울특별시 광진구청,2025-12-23
중곡4동840,1,,서울특별시 광진구 중곡동 110-6,37.5544683,127.0926321,,전용주,02-450-7873,서울특별시 광진구청,2025-12-23
중곡4동841,1,,서울특별시 광진구 중곡동 110-6,37.5544683,127.0926321,,한전주,02-450-7873,서울특별시 광진구청,2025-12-23
중곡4동842,1,,서울특별시 광진구 중곡동 110-6,37.5544683,127.0926436,,,02-450-7873,서울특별시 광진구청,2025-12-23
중곡4동843,1,,서울특별시 광진구 중곡동 109-20,37.55479532,127.0928097,,건축물,02-450-7873,서울특별시 광진구청,2025-12-23
중곡4동844,1,,서울특별시 광진구 중곡동 110-5,37.554609153,127.0924736,,한전주,02-450-7873,서울특별시 광진구청,2025-12-23
중곡4동845,1,,서울특별시 광진구 중곡동 109-11,37.55486392,127.0925351,,전용주,02-450-7873,서울특별시 광진구청,2025-12-23
중곡4동846,1,,서울특별시 광진구 중곡동 452-2,37.5582929988,127.0895077381,,,02-450-7873,서울특별시 광진구청,2025-12-23
중곡4동847,1,,서울특별시 광진구 중곡동 110-3,37.55482808,127.0920429,,건축물,02-450-7873,서울특별시 광진구청,2025-12-23
중곡4동848,1,,서울특별시 광진구 중곡동 110-3,37.55482808,127.0920516,,전용주,02-450-7873,서울특별시 광진구청,2025-12-23
중곡4동849,1,,서울특별시 광진구 중곡동 109-13,37.55507661,127.0922384,,,02-450-7873,서울특별시 광진구청,2025-12-23
중곡4동850,1,,서울특별시 광진구 중곡동 98-18,37.55536717,127.0917901058,,한전주,02-450-7873,서울특별시 광진구청,2025-12-23
중곡4동851,1,,서울특별시 광진구 중곡동 98-42,37.55560227,127.092096,,한전주,02-450-7873,서울특별시 광진구청,2025-12-23
중곡4동852,1,,서울특별시 광진구 중곡동 109-23,37.5552958,127.0924889,,전용주,02-450-7873,서울특별시 광진구청,2025-12-23
중곡4동853,1,,서울특별시 광진구 중곡동 97-5,37.5551512337,127.0916496,,건축물,02-450-7873,서울특별시 광진구청,2025-12-23
중곡4동854,1,,서울특별시 광진구 중곡4동 82-15,37.555435,127.091620,,,02-450-7873,서울특별시 광진구청,2025-12-23
중곡4동855,1,,서울특별시 광진구 중곡동 98-17,37.5554316,127.091657,,한전주,02-450-7873,서울특별시 광진구청,2025-12-23
중곡4동856,1,,서울특별시 광진구 중곡동 98-44,37.55569646,127.0917416,,한전주,02-450-7873,서울특별시 광진구청,2025-12-23
중곡4동857,1,,서울특별시 광진구 중곡동 97-3,37.5552685,127.0912233,,건축물,02-450-7873,서울특별시 광진구청,2025-12-23
중곡4동858,1,,서울특별시 광진구 중곡동 98-39,37.55575017,127.0913007,,한전주,02-450-7873,서울특별시 광진구청,2025-12-23
중곡4동859,1,,서울특별시 광진구 중곡동 97-34,37.5554209017,127.0911618906,,전용주,02-450-7873,서울특별시 광진구청,2025-12-23
중곡4동860,1,,서울특별시 광진구 중곡동 98-7,37.5558014934,127.0911484339,,건축물,02-450-7873,서울특별시 광진구청,2025-12-23
중곡4동861,1,,서울특별시 광진구 중곡동 98-7,37.5558014934,127.0911566,,건축물,02-450-7873,서울특별시 광진구청,2025-12-23
중곡4동862,1,,서울특별시 광진구 중곡동 98-7,37.55589817,127.0911484339,,건축물,02-450-7873,서울특별시 광진구청,2025-12-23
중곡4동863,1,,서울특별시 광진구 중곡4동 81-2,37.555946,127.090980,,,02-450-7873,서울특별시 광진구청,2025-12-23
중곡4동864,1,,서울특별시 광진구 중곡동 98-22,37.55599617,127.0909096,,한전주,02-450-7873,서울특별시 광진구청,2025-12-23
중곡4동865,1,,서울특별시 광진구 중곡동 98-21,37.55600907,127.0910616,,한전주,02-450-7873,서울특별시 광진구청,2025-12-23
중곡4동866,1,,서울특별시 광진구 중곡동 98-20,37.55590243,127.0912333,,전용주,02-450-7873,서울특별시 광진구청,2025-12-23
중곡4동867,1,,서울특별시 광진구 중곡동 89-10,37.55632217,127.0910584,,건축물,02-450-7873,서울특별시 광진구청,2025-12-23
중곡4동868,1,,서울특별시 광진구 중곡동 98-20,37.55590243,127.0912333,,건축물,02-450-7873,서울특별시 광진구청,2025-12-23
중곡4동869,1,,서울특별시 광진구 중곡동 98-23,37.5557708586,127.0918471317,,한전주,02-450-7873,서울특별시 광진구청,2025-12-23
중곡4동870,1,,서울특별시 광진구 중곡동 89-18,37.55624817,127.0905686,,,02-450-7873,서울특별시 광진구청,2025-12-23
중곡4동871,1,,서울특별시 광진구 중곡동 89-20,37.55635117,127.0903885363,,한전주,02-450-7873,서울특별시 광진구청,2025-12-23
중곡4동872,1,,서울특별시 광진구 중곡동 90-15,37.55595272,127.0903883,,전용주,02-450-7873,서울특별시 광진구청,2025-12-23
중곡4동874,1,,서울특별시 광진구 중곡동 89-16,37.5563866,127.0905726,,전용주,02-450-7873,서울특별시 광진구청,2025-12-23
중곡4동875,1,,서울특별시 광진구 중곡동 89-21,37.55643984,127.0902766,,전용주,02-450-7873,서울특별시 광진구청,2025-12-23
중곡4동877,1,,서울특별시 광진구 중곡동 89-13,37.55659617,127.0901139608,,한전주,02-450-7873,서울특별시 광진구청,2025-12-23
중곡4동878,1,,서울특별시 광진구 중곡동 82-8,37.55679517,127.0897996,,한전주,02-450-7873,서울특별시 광진구청,2025-12-23
중곡4동879,1,,서울특별시 광진구 중곡동 89-24,37.55672414,127.0900618,,전용주,02-450-7873,서울특별시 광진구청,2025-12-23
중곡4동880,1,,서울특별시 광진구 중곡동 275-11,37.5586835155,127.0837452384,,,02-450-7873,서울특별시 광진구청,2025-12-23
중곡4동881,1,,서울특별시 광진구 중곡동 89-4,37.55673748,127.0904042,,건축물,02-450-7873,서울특별시 광진구청,2025-12-23
중곡4동882,1,,서울특별시 광진구 중곡동 89-8,37.5565841178,127.0905392605,,전용주,02-450-7873,서울특별시 광진구청,2025-12-23
중곡4동883,1,,서울특별시 광진구 중곡동 81-8,37.556625937,127.0895773227,,,02-450-7873,서울특별시 광진구청,2025-12-23
중곡4동884,1,,서울특별시 광진구 중곡동 81-6,37.55673489,127.0894916,,건축물,02-450-7873,서울특별시 광진구청,2025-12-23
중곡4동885,1,,서울특별시 광진구 중곡동 81-2,37.55698817,127.0891938,,건축물,02-450-7873,서울특별시 광진구청,2025-12-23
중곡4동886,1,,서울특별시 광진구 중곡동 81-2,37.55691473,127.0891938,,건축물,02-450-7873,서울특별시 광진구청,2025-12-23
중곡4동887,1,,서울특별시 광진구 중곡동 81-2,37.55691473,127.0891936,,건축물,02-450-7873,서울특별시 광진구청,2025-12-23
중곡4동888,1,,서울특별시 광진구 중곡동 81-1,37.55715417,127.088950,,한전주,02-450-7873,서울특별시 광진구청,2025-12-23
중곡4동889,1,,서울특별시 광진구 중곡동 82-12,37.55726717,127.0892197,,건축물,02-450-7873,서울특별시 광진구청,2025-12-23
중곡4동890,1,,서울특별시 광진구 중곡동 81-1,37.55711926,127.088950,,건축물,02-450-7873,서울특별시 광진구청,2025-12-23
중곡4동891,1,,서울특별시 광진구 중곡동 82-16,37.5573959,127.0889577,,한전주,02-450-7873,서울특별시 광진구청,2025-12-23
중곡4동892,1,,서울특별시 광진구 중곡동 79-23,37.55748917,127.0887556,,,02-450-7873,서울특별시 광진구청,2025-12-23
중곡4동893,1,,서울특별시 광진구 중곡동 79-24,37.55759417,127.0884697336,,건축물,02-450-7873,서울특별시 광진구청,2025-12-23
중곡4동894,1,,서울특별시 광진구 중곡동 79-19,37.55769188,127.0886286,,건축물,02-450-7873,서울특별시 광진구청,2025-12-23
중곡4동895,1,,서울특별시 광진구 중곡동 79-19,37.55769188,127.0886641,,,02-450-7873,서울특별시 광진구청,2025-12-23
중곡4동896,1,,서울특별시 광진구 중곡동 79-16,37.55744817,127.0885095318,,한전주,02-450-7873,서울특별시 광진구청,2025-12-23
중곡4동897,1,,서울특별시 광진구 중곡동 80-11,37.55716826,127.0882491,,한전주,02-450-7873,서울특별시 광진구청,2025-12-23
중곡4동898,1,,서울특별시 광진구 중곡동 79-3,37.55834017,127.0880062,,한전주,02-450-7873,서울특별시 광진구청,2025-12-23
중곡4동901,1,,서울특별시 광진구 중곡동 18-24,37.5653244214,127.0874221063,,건축물,02-450-7873,서울특별시 광진구청,2025-12-23
중곡4동902,1,,서울특별시 광진구 중곡동 18-24,37.5653244214,127.0874221063,,건축물,02-450-7873,서울특별시 광진구청,2025-12-23
중곡4동903,1,,서울특별시 광진구 중곡동 18-24,37.5653244214,127.0874726,,건축물,02-450-7873,서울특별시 광진구청,2025-12-23
중곡4동904,1,,서울특별시 광진구 중곡동 18-24,37.5653244214,127.0874221063,,건축물,02-450-7873,서울특별시 광진구청,2025-12-23
중곡4동905,1,,서울특별시 광진구 중곡동 18-24,37.5653244214,127.0874221063,,건축물,02-450-7873,서울특별시 광진구청,2025-12-23
중곡4동906,1,,서울특별시 광진구 중곡동 97-32,37.555182,127.0913409,,전용주,02-450-7873,서울특별시 광진구청,2025-12-23
중곡4동907,1,,서울특별시 광진구 중곡동 275-11,37.5586835155,127.0837452384,,,02-450-7873,서울특별시 광진구청,2025-12-23
중곡4동908,1,,서울특별시 광진구 중곡동 110-16,37.554862408,127.0915066,,,02-450-7873,서울특별시 광진구청,2025-12-23
중곡4동909,1,,서울특별시 광진구 중곡동 97-6,37.55507917,127.0915396,,한전주,02-450-7873,서울특별시 광진구청,2025-12-23
중곡4동910,1,,서울특별시 광진구 중곡동 275-11,37.5586835155,127.0837452384,,,02-450-7873,서울특별시 광진구청,2025-12-23
중곡4동911,1,,서울특별시 광진구 중곡동 110-11,37.5546703135,127.0915226,,한전주,02-450-7873,서울특별시 광진구청,2025-12-23
중곡4동912,1,,서울특별시 광진구 중곡동 111-16,37.55433531,127.0914866,,,02-450-7873,서울특별시 광진구청,2025-12-23
중곡4동913,1,,서울특별시 광진구 중곡동 110-32,37.55463217,127.0916866,,전용주,02-450-7873,서울특별시 광진구청,2025-12-23
중곡4동914,1,,서울특별시 광진구 중곡동 110-9,37.55476217,127.0917965,,건축물,02-450-7873,서울특별시 광진구청,2025-12-23
중곡4동915,1,,서울특별시 광진구 중곡동 110-8,37.55448353,127.0919457,,한전주,02-450-7873,서울특별시 광진구청,2025-12-23
중곡4동916,1,,서울특별시 광진구 중곡4동 90-33,37.554490,127.091890,,,02-450-7873,서울특별시 광진구청,2025-12-23
중곡4동917,1,,서울특별시 광진구 중곡동 110-15,37.5543635034,127.0920287689,,한전주,02-450-7873,서울특별시 광진구청,2025-12-23
중곡4동918,1,,서울특별시 광진구 중곡동 111-22,37.55410506,127.0918976,,전용주,02-450-7873,서울특별시 광진구청,2025-12-23
중곡4동919,1,,서울특별시 광진구 중곡동 110-25,37.55416917,127.0922056,,한전주,02-450-7873,서울특별시 광진구청,2025-12-23
중곡4동920,1,,서울특별시 광진구 중곡동 110-18,37.55446367,127.0923726,,한전주,02-450-7873,서울특별시 광진구청,2025-12-23
중곡4동921,1,,서울특별시 광진구 중곡동 110-24,37.5542749411,127.0924136433,,건축물,02-450-7873,서울특별시 광진구청,2025-12-23
중곡4동922,1,,서울특별시 광진구 중곡동 113-3,37.55369877,127.0915845,,건축물,02-450-7873,서울특별시 광진구청,2025-12-23
중곡4동923,1,,서울특별시 광진구 중곡동 113-1,37.5538512817,127.0913850756,,한전주,02-450-7873,서울특별시 광진구청,2025-12-23
중곡4동924,1,,서울특별시 광진구 중곡동 111-27,37.55402556,127.0914635,,한전주,02-450-7873,서울특별시 광진구청,2025-12-23
중곡4동925,1,,서울특별시 광진구 중곡동 111-5,37.5541963762,127.0914216,,전용주,02-450-7873,서울특별시 광진구청,2025-12-23
중곡4동926,1,,서울특별시 광진구 중곡동 111-29,37.55428217,127.0912143822,,한전주,02-450-7873,서울특별시 광진구청,2025-12-23
중곡4동927,1,,서울특별시 광진구 중곡동 111-29,37.5542895688,127.0912143822,,전용주,02-450-7873,서울특별시 광진구청,2025-12-23
중곡4동928,1,,서울특별시 광진구 중곡동 111-2,37.55438959,127.0910841,,한전주,02-450-7873,서울특별시 광진구청,2025-12-23
중곡4동929,1,,서울특별시 광진구 중곡동 111-11,37.55451104,127.0912128,,한전주,02-450-7873,서울특별시 광진구청,2025-12-23
중곡4동930,1,,서울특별시 광진구 중곡동 96-11,37.55476217,127.0911936,,한전주,02-450-7873,서울특별시 광진구청,2025-12-23
중곡4동931,1,,서울특별시 광진구 중곡동 80-1,37.55727517,127.0886890736,,,02-450-7873,서울특별시 광진구청,2025-12-23
중곡4동932,1,,서울특별시 광진구 중곡동 80-24,37.55715117,127.0887214,,한전주,02-450-7873,서울특별시 광진구청,2025-12-23
중곡4동933,1,,서울특별시 광진구 중곡동 80-4,37.55682423,127.0887574,,한전주,02-450-7873,서울특별시 광진구청,2025-12-23
중곡4동934,1,,서울특별시 광진구 중곡동 80-20,37.55674263,127.088597,,건축물,02-450-7873,서울특별시 광진구청,2025-12-23
중곡4동936,1,,서울특별시 광진구 중곡동 81-11,37.55659076,127.0890275,,건축물,02-450-7873,서울특별시 광진구청,2025-12-23
중곡4동937,1,,서울특별시 광진구 중곡동 92-1,37.55630565,127.0888431,,건축물,02-450-7873,서울특별시 광진구청,2025-12-23
중곡4동938,1,,서울특별시 광진구 중곡동 80-12,37.55648417,127.0886391167,,한전주,02-450-7873,서울특별시 광진구청,2025-12-23
중곡4동939,1,,서울특별시 광진구 중곡동 92-45,37.55598445,127.0885849,,한전주,02-450-7873,서울특별시 광진구청,2025-12-23
중곡4동940,1,,서울특별시 광진구 중곡동 92-26,37.55590973,127.0887479,,,02-450-7873,서울특별시 광진구청,2025-12-23
중곡4동941,1,,서울특별시 광진구 중곡동 81-12,37.5564751495,127.0890216,,한전주,02-450-7873,서울특별시 광진구청,2025-12-23
중곡4동942,1,,서울특별시 광진구 중곡동 91-32,37.55636217,127.0892136,,건축물,02-450-7873,서울특별시 광진구청,2025-12-23
중곡4동943,1,,서울특별시 광진구 중곡동 91-34,37.55613549,127.0892376,,건축물,02-450-7873,서울특별시 광진구청,2025-12-23
중곡4동944,1,,서울특별시 광진구 중곡동 81-5,37.55678919,127.0893106,,전용주,02-450-7873,서울특별시 광진구청,2025-12-23
중곡4동945,1,,서울특별시 광진구 중곡동 81-8,37.55660317,127.0895773227,,한전주,02-450-7873,서울특별시 광진구청,2025-12-23
중곡4동946,1,,서울특별시 광진구 중곡동 91-23,37.5562380398,127.0893630717,,건축물,02-450-7873,서울특별시 광진구청,2025-12-23
중곡4동947,1,,서울특별시 광진구 중곡동 91-24,37.55613702,127.0893868,,한전주,02-450-7873,서울특별시 광진구청,2025-12-23
중곡4동948,1,,서울특별시 광진구 중곡동 91-25,37.5560587152,127.0893976021,,한전주,02-450-7873,서울특별시 광진구청,2025-12-23
중곡4동949,1,,서울특별시 광진구 중곡동 91-10,37.55568887,127.0896141,,전용주,02-450-7873,서울특별시 광진구청,2025-12-23
중곡4동950,1,,서울특별시 광진구 중곡동 91-16,37.556173116,127.0895506374,,한전주,02-450-7873,서울특별시 광진구청,2025-12-23
중곡4동951,1,,서울특별시 광진구 중곡동 91-20,37.555773016,127.089625985,,한전주,02-450-7873,서울특별시 광진구청,2025-12-23
중곡4동952,1,,서울특별시 광진구 중곡동 91-13,37.5555956,127.0896327,,전용주,02-450-7873,서울특별시 광진구청,2025-12-23
중곡4동953,1,,서울특별시 광진구 중곡동 91-13,37.5555956,127.0896327,,한전주,02-450-7873,서울특별시 광진구청,2025-12-23
중곡4동954,1,,서울특별시 광진구 중곡동 91-54,37.55516612,127.0897976,,건축물,02-450-7873,서울특별시 광진구청,2025-12-23
중곡4동955,1,,서울특별시 광진구 중곡동 92-10,37.55515672,127.0890447,,한전주,02-450-7873,서울특별시 광진구청,2025-12-23
중곡4동956,1,,서울특별시 광진구 중곡동 92-29,37.55539317,127.0888066,,전용주,02-450-7873,서울특별시 광진구청,2025-12-23
중곡4동957,1,,서울특별시 광진구 중곡동 91-46,37.5554341074,127.0892076301,,한전주,02-450-7873,서울특별시 광진구청,2025-12-23
중곡4동958,1,,서울특별시 광진구 중곡4동 97-3,37.555664,127.089220,,,02-450-7873,서울특별시 광진구청,2025-12-23
중곡4동959,1,,서울특별시 광진구 중곡동 91-35,37.55578517,127.0891683,,전용주,02-450-7873,서울특별시 광진구청,2025-12-23
중곡4동960,1,,서울특별시 광진구 중곡동 91-37,37.55558752,127.0893966,,건축물,02-450-7873,서울특별시 광진구청,2025-12-23
중곡4동961,1,,서울특별시 광진구 중곡동 91-50,37.55549018,127.0895036,,건축물,02-450-7873,서울특별시 광진구청,2025-12-23
중곡4동962,1,,서울특별시 광진구 중곡동 91-40,37.5552699,127.0893829,,전용주,02-450-7873,서울특별시 광진구청,2025-12-23
중곡4동963,1,,서울특별시 광진구 중곡동 91-6,37.55587017,127.0891086,,한전주,02-450-7873,서울특별시 광진구청,2025-12-23
중곡4동964,1,,서울특별시 광진구 중곡동 92-21,37.55551456,127.0889758,,건축물,02-450-7873,서울특별시 광진구청,2025-12-23
중곡4동965,1,,서울특별시 광진구 중곡동 92-20,37.55568776,127.0889404,,건축물,02-450-7873,서울특별시 광진구청,2025-12-23
중곡4동966,1,,서울특별시 광진구 중곡동 92-25,37.5558260301,127.0887440844,,건축물,02-450-7873,서울특별시 광진구청,2025-12-23
중곡4동967,1,,서울특별시 광진구 중곡동 92-17,37.55528117,127.0887120095,,전용주,02-450-7873,서울특별시 광진구청,2025-12-23
중곡4동968,1,,서울특별시 광진구 중곡동 91-4,37.55603517,127.0892176,,전용주,02-450-7873,서울특별시 광진구청,2025-12-23
중곡4동969,1,,서울특별시 광진구 중곡동 91-30,37.55615817,127.0890586,,한전주,02-450-7873,서울특별시 광진구청,2025-12-23
중곡4동970,1,,서울특별시 광진구 중곡동 81-2,37.55691817,127.0891456,,건축물,02-450-7873,서울특별시 광진구청,2025-12-23
중곡4동971,1,,서울특별시 광진구 중곡동 92-1,37.55637917,127.0888431,,건축물,02-450-7873,서울특별시 광진구청,2025-12-23
중곡4동972,1,,서울특별시 광진구 중곡동 94-21,37.55408985,127.0901141,,전용주,02-450-7873,서울특별시 광진구청,2025-12-23
중곡4동973,1,,서울특별시 광진구 중곡동 94-20,37.55396334,127.0902477,,한전주,02-450-7873,서울특별시 광진구청,2025-12-23
중곡4동974,1,,서울특별시 광진구 중곡동 114-33,37.5529435,127.0907606,,한전주,02-450-7873,서울특별시 광진구청,2025-12-23
중곡4동975,1,,서울특별시 광진구 중곡동 112-22,37.55352017,127.0906985243,,한전주,02-450-7873,서울특별시 광진구청,2025-12-23
중곡4동976,1,,서울특별시 광진구 중곡동 115-18,37.552771,127.0899528,,전용주,02-450-7873,서울특별시 광진구청,2025-12-23
중곡4동977,1,,서울특별시 광진구 중곡동 114-7,37.55300017,127.0904217,,한전주,02-450-7873,서울특별시 광진구청,2025-12-23
중곡4동978,1,,서울특별시 광진구 중곡동 114-31,37.55280414,127.0904216,,전용주,02-450-7873,서울특별시 광진구청,2025-12-23
중곡4동979,1,,서울특별시 광진구 중곡동 114-7,37.55304491,127.0904217,,전용주,02-450-7873,서울특별시 광진구청,2025-12-23
중곡4동980,1,,서울특별시 광진구 중곡동 275-11,37.5586835155,127.0837452384,,,02-450-7873,서울특별시 광진구청,2025-12-23
중곡4동981,1,,서울특별시 광진구 중곡동 115-10,37.55292097,127.0900766,,한전주,02-450-7873,서울특별시 광진구청,2025-12-23
중곡4동982,1,,서울특별시 광진구 중곡동 114-18,37.55311826,127.0901326,,한전주,02-450-7873,서울특별시 광진구청,2025-12-23
중곡4동983,1,,서울특별시 광진구 중곡동 114-20,37.55320626,127.0904006,,건축물,02-450-7873,서울특별시 광진구청,2025-12-23
중곡4동984,1,,서울특별시 광진구 중곡동 115-6,37.55329517,127.0898512487,,건축물,02-450-7873,서울특별시 광진구청,2025-12-23
중곡4동985,1,,서울특별시 광진구 중곡동 114-26,37.55345317,127.0900126,,건축물,02-450-7873,서울특별시 광진구청,2025-12-23
중곡4동986,1,,서울특별시 광진구 중곡동 115-6,37.5532677114,127.0898512487,,건축물,02-450-7873,서울특별시 광진구청,2025-12-23
중곡4동987,1,,서울특별시 광진구 중곡동 114-27,37.55346093,127.0901366,,전용주,02-450-7873,서울특별시 광진구청,2025-12-23
중곡4동988,1,,서울특별시 광진구 중곡동 115-2,37.55340047,127.0897904,,한전주,02-450-7873,서울특별시 광진구청,2025-12-23
중곡4동989,1,,서울특별시 광진구 중곡동 93-50,37.55367213,127.089441606,,한전주,02-450-7873,서울특별시 광진구청,2025-12-23
중곡4동990,1,,서울특별시 광진구 중곡동 115-3,37.55347553,127.089310,,전용주,02-450-7873,서울특별시 광진구청,2025-12-23
중곡4동991,1,,서울특별시 광진구 중곡동 115-13,37.55325739,127.0896046,,전용주,02-450-7873,서울특별시 광진구청,2025-12-23
중곡4동992,1,,서울특별시 광진구 중곡동 115-2,37.55342617,127.0897376,,전용주,02-450-7873,서울특별시 광진구청,2025-12-23
중곡4동993,1,,서울특별시 광진구 중곡동 115-28,37.55349988,127.0895195,,전용주,02-450-7873,서울특별시 광진구청,2025-12-23
중곡4동994,1,,서울특별시 광진구 중곡동 94-13,37.55387117,127.0898416,,한전주,02-450-7873,서울특별시 광진구청,2025-12-23
중곡4동995,1,,서울특별시 광진구 중곡동 94-19,37.55395417,127.0901186,,전용주,02-450-7873,서울특별시 광진구청,2025-12-23
중곡4동996,1,,서울특별시 광진구 중곡동 93-49,37.55373451,127.0896302,,건축물,02-450-7873,서울특별시 광진구청,2025-12-23
중곡4동997,1,,서울특별시 광진구 중곡동 94-13,37.55384049,127.0898269,,한전주,02-450-7873,서울특별시 광진구청,2025-12-23
중곡4동998,1,,서울특별시 광진구 중곡동 93-40,37.55389728,127.0894196,,전용주,02-450-7873,서울특별시 광진구청,2025-12-23
중곡4동999,1,,서울특별시 광진구 중곡동 94-34,37.55415217,127.0897056,,전용주,02-450-7873,서울특별시 광진구청,2025-12-23
화양동001,1,,서울특별시 광진구 화양동 21-15,37.5478142685,127.067810065,,한전주,02-450-7873,서울특별시 광진구청,2025-12-23
화양동002,1,,서울특별시 광진구 화양동 23-1,37.5475638646,127.0678386944,,한전주,02-450-7873,서울특별시 광진구청,2025-12-23
화양동003,1,,서울특별시 광진구 화양동 23-4,37.5474954042,127.0676545189,,한전주,02-450-7873,서울특별시 광진구청,2025-12-23
화양동004,1,,서울특별시 광진구 화양동 23-11,37.5473700346,127.0677836,,한전주,02-450-7873,서울특별시 광진구청,2025-12-23
화양동005,1,,서울특별시 광진구 화양동 23-21,37.54720617,127.0675504862,,한전주,02-450-7873,서울특별시 광진구청,2025-12-23
화양동006,1,,서울특별시 광진구 화양동 23-33,37.5469914585,127.0675666,,한전주,02-450-7873,서울특별시 광진구청,2025-12-23
화양동007,1,,서울특별시 광진구 화양동 23-31,37.5470777283,127.0672806,,건축물,02-450-7873,서울특별시 광진구청,2025-12-23
화양동008,1,,서울특별시 광진구 화양동 24-2,37.5466684495,127.0670356,,한전주,02-450-7873,서울특별시 광진구청,2025-12-23
화양동009,1,,서울특별시 광진구 화양동 24-3,37.5465929865,127.0672996258,,한전주,02-450-7873,서울특별시 광진구청,2025-12-23
화양동010,1,,서울특별시 광진구 화양동 32-1,37.5465186935,127.0677036,,한전주,02-450-7873,서울특별시 광진구청,2025-12-23
화양동011,1,,서울특별시 광진구 화양동 20-28,37.54656717,127.0680921748,,한전주,02-450-7873,서울특별시 광진구청,2025-12-23
화양동012,1,,서울특별시 광진구 화양동 32-1,37.54651317,127.0677034265,,한전주,02-450-7873,서울특별시 광진구청,2025-12-23
화양동013,1,,서울특별시 광진구 화양동 32-32,37.5462793337,127.0684232438,,한전주,02-450-7873,서울특별시 광진구청,2025-12-23
화양동014,1,,서울특별시 광진구 화양동 19-13,37.5466722818,127.0683096,,한전주,02-450-7873,서울특별시 광진구청,2025-12-23
화양동015,1,,서울특별시 광진구 화양동 20-47,37.5467437779,127.0681474443,,한전주,02-450-7873,서울특별시 광진구청,2025-12-23
화양동016,1,,서울특별시 광진구 화양동 20-21,37.5468536188,127.0678798,,전용주,02-450-7873,서울특별시 광진구청,2025-12-23
화양동017,1,,서울특별시 광진구 화양동 20-25,37.5467307612,127.0675940793,,건축물,02-450-7873,서울특별시 광진구청,2025-12-23
화양동018,1,,서울특별시 광진구 화양동 20-14,37.54708017,127.0680436855,,한전주,02-450-7873,서울특별시 광진구청,2025-12-23
화양동019,1,,서울특별시 광진구 화양동 20-13,37.54698217,127.0681366,,전용주,02-450-7873,서울특별시 광진구청,2025-12-23
화양동020,1,,서울특별시 광진구 화양동 19-18,37.546778133,127.0685676395,,,02-450-7873,서울특별시 광진구청,2025-12-23
화양동021,1,,서울특별시 광진구 화양동 19-19,37.5468194624,127.0684526,,한전주,02-450-7873,서울특별시 광진구청,2025-12-23
화양동022,1,,서울특별시 광진구 화양동 19-19,37.5468194624,127.068458025,,전용주,02-450-7873,서울특별시 광진구청,2025-12-23
화양동023,1,,서울특별시 광진구 화양동 19-54,37.5470241301,127.0686806859,,한전주,02-450-7873,서울특별시 광진구청,2025-12-23
화양동024,1,,서울특별시 광진구 화양동 19-54,37.5470241301,127.0686806859,,건축물,02-450-7873,서울특별시 광진구청,2025-12-23
화양동025,1,,서울특별시 광진구 화양동 19-40,37.5472692574,127.0687399809,,한전주,02-450-7873,서울특별시 광진구청,2025-12-23
화양동026,1,,서울특별시 광진구 화양동 19-38,37.5474901175,127.0688056,,한전주,02-450-7873,서울특별시 광진구청,2025-12-23
화양동027,1,,서울특별시 광진구 화양동 20-29,37.5474896559,127.0682494027,,한전주,02-450-7873,서울특별시 광진구청,2025-12-23
화양동028,1,,서울특별시 광진구 화양동 20-29,37.5474896559,127.0682466,,한전주,02-450-7873,서울특별시 광진구청,2025-12-23
화양동029,1,,서울특별시 광진구 화양동 18-12,37.54770717,127.0689126,,한전주,02-450-7873,서울특별시 광진구청,2025-12-23
화양동030,1,,서울특별시 광진구 화양동 18-12,37.5477031728,127.0689706,,한전주,02-450-7873,서울특별시 광진구청,2025-12-23
화양동031,1,,서울특별시 광진구 화양동 19-34,37.5473611925,127.0689166,,전용주,02-450-7873,서울특별시 광진구청,2025-12-23
화양동032,1,,서울특별시 광진구 화양동 19-47,37.5474384171,127.0692816,,한전주,02-450-7873,서울특별시 광진구청,2025-12-23
화양동033,1,,서울특별시 광진구 화양동 17-12,37.5472881793,127.0695116,,건축물,02-450-7873,서울특별시 광진구청,2025-12-23
화양동034,1,,서울특별시 광진구 화양동 17-12,37.5472881793,127.0695396,,건축물,02-450-7873,서울특별시 광진구청,2025-12-23
화양동035,1,,서울특별시 광진구 화양동 17-13,37.54728117,127.0696846,,,02-450-7873,서울특별시 광진구청,2025-12-23
화양동036,1,,서울특별시 광진구 화양동 19-4,37.5471593921,127.0692598539,,한전주,02-450-7873,서울특별시 광진구청,2025-12-23
화양동037,1,,서울특별시 광진구 화양동 19-5,37.5471963122,127.0691556,,,02-450-7873,서울특별시 광진구청,2025-12-23
화양동038,1,,서울특별시 광진구 화양동 17-24,37.54714517,127.0695676,,한전주,02-450-7873,서울특별시 광진구청,2025-12-23
화양동039,1,,서울특별시 광진구 화양동 17-20,37.54705517,127.0698176,,건축물,02-450-7873,서울특별시 광진구청,2025-12-23
화양동041,1,,서울특별시 광진구 화양동 17-40,37.5469300496,127.0693251616,,한전주,02-450-7873,서울특별시 광진구청,2025-12-23
화양동042,1,,서울특별시 광진구 화양동 17-37,37.5467927801,127.0697118162,,,02-450-7873,서울특별시 광진구청,2025-12-23
화양동043,1,,서울특별시 광진구 화양동 17-35,37.5467432468,127.0698087,,전용주,02-450-7873,서울특별시 광진구청,2025-12-23
화양동044,1,,서울특별시 광진구 화양동 17-34,37.5467250556,127.0701476,,한전주,02-450-7873,서울특별시 광진구청,2025-12-23
화양동045,1,,서울특별시 광진구 화양동 17-34,37.5467250556,127.070116527,,한전주,02-450-7873,서울특별시 광진구청,2025-12-23
화양동046,1,,서울특별시 광진구 화양동 17-17,37.54698317,127.0700546,,전용주,02-450-7873,서울특별시 광진구청,2025-12-23
화양동047,1,,서울특별시 광진구 화양동 132-75,37.54725417,127.070558786,,한전주,02-450-7873,서울특별시 광진구청,2025-12-23
화양동048,1,,서울특별시 광진구 화양동 17-1,37.5474005849,127.0701216,,한전주,02-450-7873,서울특별시 광진구청,2025-12-23
화양동049,1,,서울특별시 광진구 화양동 17-1,37.54743217,127.0701076,,,02-450-7873,서울특별시 광진구청,2025-12-23
화양동050,1,,서울특별시 광진구 화양동 116-7,37.54762317,127.0710416,,전용주,02-450-7873,서울특별시 광진구청,2025-12-23
화양동051,1,,서울특별시 광진구 화양동 116-1,37.54772517,127.0710866,,한전주,02-450-7873,서울특별시 광진구청,2025-12-23
화양동052,1,,서울특별시 광진구 화양동 111-102,37.5474599985,127.0720650602,,전용주,02-450-7873,서울특별시 광진구청,2025-12-23
화양동053,1,,서울특별시 광진구 화양동 132-93,37.5470171238,127.0704791408,,한전주,02-450-7873,서울특별시 광진구청,2025-12-23
화양동054,1,,서울특별시 광진구 화양동 132-61,37.546906,127.0705578186,,,02-450-7873,서울특별시 광진구청,2025-12-23
화양동055,1,,서울특별시 광진구 화양동 132-29,37.546731224,127.0706416,,한전주,02-450-7873,서울특별시 광진구청,2025-12-23
화양동056,1,,서울특별시 광진구 화양동 132-12,37.546711541,127.0708426,,,02-450-7873,서울특별시 광진구청,2025-12-23
화양동057,1,,서울특별시 광진구 화양동 132-3,37.5466361238,127.0710264765,,한전주,02-450-7873,서울특별시 광진구청,2025-12-23
화양동058,1,,서울특별시 광진구 화양동 16-11,37.54639617,127.0699435656,,한전주,02-450-7873,서울특별시 광진구청,2025-12-23
화양동059,1,,서울특별시 광진구 화양동 16-14,37.5461012784,127.0696996,,,02-450-7873,서울특별시 광진구청,2025-12-23
화양동060,1,,서울특별시 광진구 화양동 16-18,37.5459236298,127.0694853679,,한전주,02-450-7873,서울특별시 광진구청,2025-12-23
화양동061,1,,서울특별시 광진구 화양동 17-58,37.54619217,127.0694316,,한전주,02-450-7873,서울특별시 광진구청,2025-12-23
화양동062,1,,서울특별시 광진구 화양동 17-62,37.54646017,127.0695046,,건축물,02-450-7873,서울특별시 광진구청,2025-12-23
화양동063,1,,서울특별시 광진구 화양동 17-47,37.54665817,127.069754984,,한전주,02-450-7873,서울특별시 광진구청,2025-12-23
화양동064,1,,서울특별시 광진구 화양동 17-78,37.54628817,127.0690785221,,한전주,02-450-7873,서울특별시 광진구청,2025-12-23
화양동065,1,,서울특별시 광진구 화양동 17-66,37.5462180469,127.0692356,,한전주,02-450-7873,서울특별시 광진구청,2025-12-23
화양동066,1,,서울특별시 광진구 화양동 32-27,37.5461712283,127.0687087591,,한전주,02-450-7873,서울특별시 광진구청,2025-12-23
화양동067,1,,서울특별시 광진구 화양동 19-27,37.54634544,127.0687886,,,02-450-7873,서울특별시 광진구청,2025-12-23
화양동068,1,,서울특별시 광진구 화양동 19-25,37.54649317,127.0688643019,,,02-450-7873,서울특별시 광진구청,2025-12-23
화양동069,1,,서울특별시 광진구 화양동 19-44,37.5465827774,127.0689099957,,한전주,02-450-7873,서울특별시 광진구청,2025-12-23
화양동070,1,,서울특별시 광진구 화양동 19-44,37.5465827774,127.0689099957,,,02-450-7873,서울특별시 광진구청,2025-12-23
화양동071,1,,서울특별시 광진구 화양동 19-10,37.5467335544,127.0689959099,,한전주,02-450-7873,서울특별시 광진구청,2025-12-23
화양동072,1,,서울특별시 광진구 화양동 32-30,37.5461420557,127.0685196431,,건축물,02-450-7873,서울특별시 광진구청,2025-12-23
화양동073,1,,서울특별시 광진구 화양동 32-22,37.5460194277,127.0689176,,전용주,02-450-7873,서울특별시 광진구청,2025-12-23
화양동074,1,,서울특별시 광진구 화양동 32-19,37.54598417,127.0692746,,한전주,02-450-7873,서울특별시 광진구청,2025-12-23
화양동075,1,,서울특별시 광진구 화양동 16-53,37.54588517,127.0693546783,,한전주,02-450-7873,서울특별시 광진구청,2025-12-23
화양동076,1,,서울특별시 광진구 화양동 16-56,37.5457235416,127.0694452372,,한전주,02-450-7873,서울특별시 광진구청,2025-12-23
화양동077,1,,서울특별시 광진구 화양동 16-41,37.5454630375,127.0690273285,,한전주,02-450-7873,서울특별시 광진구청,2025-12-23
화양동078,1,,서울특별시 광진구 화양동 16-41,37.5454630375,127.0690273285,,한전주,02-450-7873,서울특별시 광진구청,2025-12-23
화양동079,1,,서울특별시 광진구 화양동 32-17,37.5455398,127.0686732,,한전주,02-450-7873,서울특별시 광진구청,2025-12-23
화양동080,1,,서울특별시 광진구 화양동 32-17,37.5455447,127.0686159,,한전주,02-450-7873,서울특별시 광진구청,2025-12-23
화양동081,1,,서울특별시 광진구 화양동 32-12,37.5459019129,127.0687203936,,한전주,02-450-7873,서울특별시 광진구청,2025-12-23
화양동082,1,,서울특별시 광진구 화양동 32-12,37.5459019129,127.0687203936,,,02-450-7873,서울특별시 광진구청,2025-12-23
화양동083,1,,서울특별시 광진구 화양동 32-12,37.5459019129,127.0687203936,,,02-450-7873,서울특별시 광진구청,2025-12-23
화양동084,1,,서울특별시 광진구 화양동 32-12,37.5459211,127.0687893,,,02-450-7873,서울특별시 광진구청,2025-12-23
화양동085,1,,서울특별시 광진구 화양동 32-12,37.5459019129,127.0687203936,,,02-450-7873,서울특별시 광진구청,2025-12-23
화양동086,1,,서울특별시 광진구 화양동 32-12,37.5459019129,127.0687203936,,,02-450-7873,서울특별시 광진구청,2025-12-23
화양동087,1,,서울특별시 광진구 화양동 32-34,37.5458895,127.0683009,,한전주,02-450-7873,서울특별시 광진구청,2025-12-23
화양동088,1,,서울특별시 광진구 화양동 32-11,37.5460339367,127.0685180731,,전용주,02-450-7873,서울특별시 광진구청,2025-12-23
화양동089,1,,서울특별시 광진구 화양동 32-4,37.5461158,127.0681006,,한전주,02-450-7873,서울특별시 광진구청,2025-12-23
화양동090,1,,서울특별시 광진구 화양동 32-3,37.5461926917,127.0680524546,,한전주,02-450-7873,서울특별시 광진구청,2025-12-23
화양동091,1,,서울특별시 광진구 화양동 31-9,37.5461868012,127.0675036684,,,02-450-7873,서울특별시 광진구청,2025-12-23
화양동092,1,,서울특별시 광진구 화양동 32-1,37.54650317,127.0677306,,한전주,02-450-7873,서울특별시 광진구청,2025-12-23
화양동093,1,,서울특별시 광진구 화양동 33-29,37.5451060642,127.0687335,,한전주,02-450-7873,서울특별시 광진구청,2025-12-23
화양동094,1,,서울특별시 광진구 화양동 16-44,37.5452687958,127.0688246,,한전주,02-450-7873,서울특별시 광진구청,2025-12-23
화양동095,1,,서울특별시 광진구 화양동 16-29,37.5451687412,127.0690561946,,,02-450-7873,서울특별시 광진구청,2025-12-23
화양동096,1,,서울특별시 광진구 화양동 16-26,37.5452834351,127.0690996,,건축물,02-450-7873,서울특별시 광진구청,2025-12-23
화양동097,1,,서울특별시 광진구 화양동 16-50,37.5453920117,127.0692776,,전용주,02-450-7873,서울특별시 광진구청,2025-12-23
화양동098,1,,서울특별시 광진구 화양동 16-23,37.5453159692,127.069356,,한전주,02-450-7873,서울특별시 광진구청,2025-12-23
화양동099,1,,서울특별시 광진구 화양동 16-33,37.5450873966,127.0693594394,,건축물,02-450-7873,서울특별시 광진구청,2025-12-23
화양동1,1,,서울특별시 광진구 화양동 36-36,37.5441417424,127.06601092,,,02-450-7873,서울특별시 광진구청,2025-12-23
화양동100,1,,서울특별시 광진구 화양동 16-30,37.5450554255,127.0690108,,한전주,02-450-7873,서울특별시 광진구청,2025-12-23
화양동101,1,,서울특별시 광진구 화양동 15-44,37.5448089035,127.0695216,,한전주,02-450-7873,서울특별시 광진구청,2025-12-23
화양동102,1,,서울특별시 광진구 화양동 15-41,37.5449686735,127.0697697516,,한전주,02-450-7873,서울특별시 광진구청,2025-12-23
화양동103,1,,서울특별시 광진구 화양동 15-46,37.5447002848,127.0695849423,,건축물,02-450-7873,서울특별시 광진구청,2025-12-23
화양동104,1,,서울특별시 광진구 화양동 15-40,37.5448902362,127.0698536,,,02-450-7873,서울특별시 광진구청,2025-12-23
화양동105,1,,서울특별시 광진구 화양동 15-49,37.5446049077,127.0696720976,,건축물,02-450-7873,서울특별시 광진구청,2025-12-23
화양동106,1,,서울특별시 광진구 화양동 15-36,37.5446998761,127.0698316,,한전주,02-450-7873,서울특별시 광진구청,2025-12-23
화양동107,1,,서울특별시 광진구 화양동 15-31,37.5445047049,127.0699326,,한전주,02-450-7873,서울특별시 광진구청,2025-12-23
화양동108,1,,서울특별시 광진구 화양동 15-33,37.54469917,127.0700066,,건축물,02-450-7873,서울특별시 광진구청,2025-12-23
화양동109,1,,서울특별시 광진구 화양동 12-52,37.5442542888,127.0701206,,한전주,02-450-7873,서울특별시 광진구청,2025-12-23
화양동110,1,,서울특별시 광진구 화양동 12-41,37.5441054301,127.0699154844,,한전주,02-450-7873,서울특별시 광진구청,2025-12-23
화양동111,1,,서울특별시 광진구 화양동 15-60,37.5446841,127.0695285003,,한전주,02-450-7873,서울특별시 광진구청,2025-12-23
화양동112,1,,서울특별시 광진구 화양동 15-41,37.5449686735,127.0697986,,전용주,02-450-7873,서울특별시 광진구청,2025-12-23
화양동113,1,,서울특별시 광진구 화양동 15-66,37.54492717,127.0699956,,전용주,02-450-7873,서울특별시 광진구청,2025-12-23
화양동114,1,,서울특별시 광진구 화양동 16-81,37.5451781413,127.0697942758,,한전주,02-450-7873,서울특별시 광진구청,2025-12-23
화양동115,1,,서울특별시 광진구 화양동 16-80,37.5452618959,127.0697476,,한전주,02-450-7873,서울특별시 광진구청,2025-12-23
화양동116,1,,서울특별시 광진구 화양동 16-61,37.54565417,127.0695556,,한전주,02-450-7873,서울특별시 광진구청,2025-12-23
화양동117,1,,서울특별시 광진구 화양동 16-59,37.54583117,127.0698016,,건축물,02-450-7873,서울특별시 광진구청,2025-12-23
화양동118,1,,서울특별시 광진구 화양동 16-9,37.54596017,127.0699586,,한전주,02-450-7873,서울특별시 광진구청,2025-12-23
화양동119,1,,서울특별시 광진구 화양동 16-6,37.54607017,127.0701340831,,건축물,02-450-7873,서울특별시 광진구청,2025-12-23
화양동120,1,,서울특별시 광진구 화양동 16-91,37.54614163,127.0699019,,전용주,02-450-7873,서울특별시 광진구청,2025-12-23
화양동121,1,,서울특별시 광진구 화양동 16-58,37.5458873133,127.0696716,,한전주,02-450-7873,서울특별시 광진구청,2025-12-23
화양동122,1,,서울특별시 광진구 화양동 132-66,37.54653217,127.0702899191,,전용주,02-450-7873,서울특별시 광진구청,2025-12-23
화양동123,1,,서울특별시 광진구 화양동 16-1,37.54644417,127.0701644304,,한전주,02-450-7873,서울특별시 광진구청,2025-12-23
화양동124,1,,서울특별시 광진구 화양동 132-45,37.5464866611,127.0704571416,,한전주,02-450-7873,서울특별시 광진구청,2025-12-23
화양동125,1,,서울특별시 광진구 화양동 132-15,37.54646117,127.0707146,,한전주,02-450-7873,서울특별시 광진구청,2025-12-23
화양동126,1,,서울특별시 광진구 화양동 132-9,37.54662717,127.0708076,,전용주,02-450-7873,서울특별시 광진구청,2025-12-23
화양동127,1,,서울특별시 광진구 화양동 132-3,37.5466466,127.0710264765,,전용주,02-450-7873,서울특별시 광진구청,2025-12-23
화양동128,1,,서울특별시 광진구 화양동 16-89,37.5461813404,127.0702048478,,한전주,02-450-7873,서울특별시 광진구청,2025-12-23
화양동129,1,,서울특별시 광진구 화양동 16-90,37.54607117,127.0702814355,,건축물,02-450-7873,서울특별시 광진구청,2025-12-23
화양동130,1,,서울특별시 광진구 화양동 131,37.5461338402,127.0708356,,전용주,02-450-7873,서울특별시 광진구청,2025-12-23
화양동131,1,,서울특별시 광진구 화양동 16-86,37.54587317,127.0704256,,한전주,02-450-7873,서울특별시 광진구청,2025-12-23
화양동132,1,,서울특별시 광진구 화양동 16-86,37.5458712736,127.0704118641,,한전주,02-450-7873,서울특별시 광진구청,2025-12-23
화양동133,1,,서울특별시 광진구 화양동 16-17,37.5455935736,127.0702809049,,건축물,02-450-7873,서울특별시 광진구청,2025-12-23
화양동134,1,,서울특별시 광진구 화양동 16-69,37.54565817,127.0700516,,한전주,02-450-7873,서울특별시 광진구청,2025-12-23
화양동135,1,,서울특별시 광진구 화양동 15-22,37.5450946778,127.0699989002,,한전주,02-450-7873,서울특별시 광진구청,2025-12-23
화양동136,1,,서울특별시 광진구 화양동 15-85,37.544890053,127.0701640318,,한전주,02-450-7873,서울특별시 광진구청,2025-12-23
화양동137,1,,서울특별시 광진구 화양동 15-82,37.54498417,127.0703746,,전용주,02-450-7873,서울특별시 광진구청,2025-12-23
화양동138,1,,서울특별시 광진구 화양동 15-74,37.5449441968,127.0706278018,,전용주,02-450-7873,서울특별시 광진구청,2025-12-23
화양동139,1,,서울특별시 광진구 화양동 15-72,37.54514417,127.0707096,,전용주,02-450-7873,서울특별시 광진구청,2025-12-23
화양동140,1,,서울특별시 광진구 화양동 15-71,37.5452193436,127.0706583877,,한전주,02-450-7873,서울특별시 광진구청,2025-12-23
화양동141,1,,서울특별시 광진구 화양동 15-78,37.5452859507,127.0703176187,,전용주,02-450-7873,서울특별시 광진구청,2025-12-23
화양동142,1,,서울특별시 광진구 화양동 15-1,37.5454478056,127.0705601557,,한전주,02-450-7873,서울특별시 광진구청,2025-12-23
화양동143,1,,서울특별시 광진구 화양동 16-75,37.54551317,127.0703436,,한전주,02-450-7873,서울특별시 광진구청,2025-12-23
화양동144,1,,서울특별시 광진구 화양동 16-16,37.5456757158,127.0704805937,,한전주,02-450-7873,서울특별시 광진구청,2025-12-23
화양동145,1,,서울특별시 광진구 화양동 16-16,37.5456757158,127.0704805937,,한전주,02-450-7873,서울특별시 광진구청,2025-12-23
화양동146,1,,서울특별시 광진구 화양동 169-5,37.54577817,127.0708804417,,한전주,02-450-7873,서울특별시 광진구청,2025-12-23
화양동147,1,,서울특별시 광진구 화양동 67-3,37.5456838026,127.0709689937,,한전주,02-450-7873,서울특별시 광진구청,2025-12-23
화양동148,1,,서울특별시 광진구 화양동 70,37.5457590448,127.0714026891,,한전주,02-450-7873,서울특별시 광진구청,2025-12-23
화양동149,1,,서울특별시 광진구 화양동 74-1,37.5458611138,127.0717136,,한전주,02-450-7873,서울특별시 광진구청,2025-12-23
화양동150,1,,서울특별시 광진구 화양동 110-8,37.5461838212,127.0717734648,,한전주,02-450-7873,서울특별시 광진구청,2025-12-23
화양동151,1,,서울특별시 광진구 화양동 110-11,37.5461196251,127.0715986,,건축물,02-450-7873,서울특별시 광진구청,2025-12-23
화양동152,1,,서울특별시 광진구 화양동 111-26,37.54678417,127.0720526,,,02-450-7873,서울특별시 광진구청,2025-12-23
화양동153,1,,서울특별시 광진구 화양동 105,37.5463527274,127.0722256,,한전주,02-450-7873,서울특별시 광진구청,2025-12-23
화양동154,1,,서울특별시 광진구 화양동 112-19,37.54691712,127.0729663,,전용주,02-450-7873,서울특별시 광진구청,2025-12-23
화양동155,1,,서울특별시 광진구 화양동 111-73,37.5470491293,127.0723379,,건축물,02-450-7873,서울특별시 광진구청,2025-12-23
화양동156,1,,서울특별시 광진구 화양동 103,37.5463803774,127.0725276,,한전주,02-450-7873,서울특별시 광진구청,2025-12-23
화양동157,1,,서울특별시 광진구 화양동 101-1,37.54627817,127.0728172785,,한전주,02-450-7873,서울특별시 광진구청,2025-12-23
화양동158,1,,서울특별시 광진구 화양동 101-2,37.5460684694,127.072842595,,전용주,02-450-7873,서울특별시 광진구청,2025-12-23
화양동159,1,,서울특별시 광진구 화양동 94-4,37.5459400859,127.0731806,,한전주,02-450-7873,서울특별시 광진구청,2025-12-23
화양동160,1,,서울특별시 광진구 화양동 111-119,37.54639917,127.0734058596,,한전주,02-450-7873,서울특별시 광진구청,2025-12-23
화양동161,1,,서울특별시 광진구 화양동 111-235,37.54660017,127.0730233812,,전용주,02-450-7873,서울특별시 광진구청,2025-12-23
화양동162,1,,서울특별시 광진구 화양동 111-79,37.546683672,127.0732376,,한전주,02-450-7873,서울특별시 광진구청,2025-12-23
화양동163,1,,서울특별시 광진구 화양동 111-129,37.54684617,127.0733449621,,한전주,02-450-7873,서울특별시 광진구청,2025-12-23
화양동164,1,,서울특별시 광진구 화양동 112-3,37.54690517,127.0731880044,,한전주,02-450-7873,서울특별시 광진구청,2025-12-23
화양동165,1,,서울특별시 광진구 화양동 112-3,37.5469273582,127.0731880044,,건축물,02-450-7873,서울특별시 광진구청,2025-12-23
화양동166,1,,서울특별시 광진구 화양동 111-163,37.5467857686,127.0728198688,,한전주,02-450-7873,서울특별시 광진구청,2025-12-23
화양동167,1,,서울특별시 광진구 화양동 111-51,37.5468551296,127.0726846,,건축물,02-450-7873,서울특별시 광진구청,2025-12-23
화양동168,1,,서울특별시 광진구 화양동 111-26,37.5467512633,127.0720786,,건축물,02-450-7873,서울특별시 광진구청,2025-12-23
화양동169,1,,서울특별시 광진구 화양동 75-1,37.5459364625,127.0721196,,한전주,02-450-7873,서울특별시 광진구청,2025-12-23
화양동170,1,,서울특별시 광진구 화양동 109-2,37.54626017,127.0720346,,한전주,02-450-7873,서울특별시 광진구청,2025-12-23
화양동171,1,,서울특별시 광진구 화양동 102-3,37.546176418,127.0725353594,,한전주,02-450-7873,서울특별시 광진구청,2025-12-23
화양동172,1,,서울특별시 광진구 화양동 100,37.5459689967,127.0727002574,,한전주,02-450-7873,서울특별시 광진구청,2025-12-23
화양동173,1,,서울특별시 광진구 화양동 106-1,37.5460215771,127.0724296,,한전주,02-450-7873,서울특별시 광진구청,2025-12-23
화양동174,1,,서울특별시 광진구 화양동 108,37.5459196121,127.0722996,,한전주,02-450-7873,서울특별시 광진구청,2025-12-23
화양동175,1,,서울특별시 광진구 화양동 75-5,37.54583717,127.0718646,,한전주,02-450-7873,서울특별시 광진구청,2025-12-23
화양동176,1,,서울특별시 광진구 화양동 74-1,37.5458611138,127.0717066,,건축물,02-450-7873,서울특별시 광진구청,2025-12-23
화양동177,1,,서울특별시 광진구 화양동 529,37.5453386414,127.0715516,,,02-450-7873,서울특별시 광진구청,2025-12-23
화양동178,1,,서울특별시 광진구 화양동 68-4,37.54558417,127.0713536,,한전주,02-450-7873,서울특별시 광진구청,2025-12-23
화양동179,1,,서울특별시 광진구 화양동 68-4,37.5455551946,127.0713269049,,전용주,02-450-7873,서울특별시 광진구청,2025-12-23
화양동180,1,,서울특별시 광진구 화양동 64-2,37.54544117,127.0709926,,한전주,02-450-7873,서울특별시 광진구청,2025-12-23
화양동181,1,,서울특별시 광진구 화양동 15-2,37.5453669785,127.0707232535,,한전주,02-450-7873,서울특별시 광진구청,2025-12-23
화양동182,1,,서울특별시 광진구 화양동 63-2,37.54523317,127.0711046,,한전주,02-450-7873,서울특별시 광진구청,2025-12-23
화양동183,1,,서울특별시 광진구 화양동 15-11,37.54496117,127.0707516,,건축물,02-450-7873,서울특별시 광진구청,2025-12-23
화양동184,1,,서울특별시 광진구 화양동 12-69,37.5446995679,127.0709412425,,한전주,02-450-7873,서울특별시 광진구청,2025-12-23
화양동185,1,,서울특별시 광진구 화양동 12-58,37.5445946428,127.0707221844,,한전주,02-450-7873,서울특별시 광진구청,2025-12-23
화양동186,1,,서울특별시 광진구 화양동 15-17,37.5447791921,127.0705026,,건축물,02-450-7873,서울특별시 광진구청,2025-12-23
화양동187,1,,서울특별시 광진구 화양동 12-55,37.5443228729,127.070468457,,한전주,02-450-7873,서울특별시 광진구청,2025-12-23
화양동188,1,,서울특별시 광진구 화양동 15-32,37.5445811227,127.0701265136,,,02-450-7873,서울특별시 광진구청,2025-12-23
화양동189,1,,서울특별시 광진구 화양동 12-1,37.5448287303,127.0711636,,한전주,02-450-7873,서울특별시 광진구청,2025-12-23
화양동190,1,,서울특별시 광진구 화양동 61-2,37.54516717,127.0713266,,전용주,02-450-7873,서울특별시 광진구청,2025-12-23
화양동191,1,,서울특별시 광진구 화양동 61-2,37.5451765853,127.0713426126,,한전주,02-450-7873,서울특별시 광진구청,2025-12-23
화양동192,1,,서울특별시 광진구 화양동 1-30,37.54505817,127.071712276,,건축물,02-450-7873,서울특별시 광진구청,2025-12-23
화양동193,1,,서울특별시 광진구 화양동 58-13,37.5453441021,127.0717689,,한전주,02-450-7873,서울특별시 광진구청,2025-12-23
화양동195,1,,서울특별시 광진구 화양동 54-2,37.5452487388,127.0721926,,한전주,02-450-7873,서울특별시 광진구청,2025-12-23
화양동196,1,,서울특별시 광진구 화양동 82,37.54552617,127.0721436,,,02-450-7873,서울특별시 광진구청,2025-12-23
화양동197,1,,서울특별시 광진구 화양동 81,37.54559317,127.0719465601,,한전주,02-450-7873,서울특별시 광진구청,2025-12-23
화양동198,1,,서울특별시 광진구 화양동 57,37.5454566231,127.0717806,,한전주,02-450-7873,서울특별시 광진구청,2025-12-23
화양동199,1,,서울특별시 광진구 화양동 84-1,37.5454717913,127.0724036,,,02-450-7873,서울특별시 광진구청,2025-12-23
화양동200,1,,서울특별시 광진구 화양동 97,37.5456230169,127.0725476101,,건축물,02-450-7873,서울특별시 광진구청,2025-12-23
화양동201,1,,서울특별시 광진구 화양동 99,37.54587717,127.072596711,,한전주,02-450-7873,서울특별시 광진구청,2025-12-23
화양동204,1,,서울특별시 광진구 화양동 86-2,37.5453342937,127.0724026,,한전주,02-450-7873,서울특별시 광진구청,2025-12-23
화양동205,1,,서울특별시 광진구 화양동 95-5,37.5454982154,127.0727155292,,전용주,02-450-7873,서울특별시 광진구청,2025-12-23
화양동206,1,,서울특별시 광진구 화양동 51-3,37.5451396049,127.0724432628,,전용주,02-450-7873,서울특별시 광진구청,2025-12-23
화양동207,1,,서울특별시 광진구 화양동 89-2,37.5450630515,127.0726196,,한전주,02-450-7873,서울특별시 광진구청,2025-12-23
화양동208,1,,서울특별시 광진구 화양동 89-2,37.5450630515,127.0726852329,,,02-450-7873,서울특별시 광진구청,2025-12-23
화양동209,1,,서울특별시 광진구 화양동 39-2,37.5449529483,127.0734006,,한전주,02-450-7873,서울특별시 광진구청,2025-12-23
화양동210,1,,서울특별시 광진구 화양동 29-26,37.5447029549,127.0735056117,,전용주,02-450-7873,서울특별시 광진구청,2025-12-23
화양동211,1,,서울특별시 광진구 화양동 93-2,37.54503617,127.0738838688,,한전주,02-450-7873,서울특별시 광진구청,2025-12-23
화양동212,1,,서울특별시 광진구 화양동 393-18,37.544823891,127.0740236,,한전주,02-450-7873,서울특별시 광진구청,2025-12-23
화양동213,1,,서울특별시 광진구 화양동 393-15,37.5447307678,127.0744133855,,한전주,02-450-7873,서울특별시 광진구청,2025-12-23
화양동214,1,,서울특별시 광진구 화양동 393-12,37.5447315003,127.0748226756,,한전주,02-450-7873,서울특별시 광진구청,2025-12-23
화양동215,1,,서울특별시 광진구 화양동 425-1,37.54494117,127.0747599555,,한전주,02-450-7873,서울특별시 광진구청,2025-12-23
화양동216,1,,서울특별시 광진구 화양동 393-23,37.5447055068,127.0750351586,,건축물,02-450-7873,서울특별시 광진구청,2025-12-23
화양동217,1,,서울특별시 광진구 화양동 500-3,37.54502417,127.075039587,,한전주,02-450-7873,서울특별시 광진구청,2025-12-23
화양동218,1,,서울특별시 광진구 화양동 393-22,37.544798752,127.0753311582,,,02-450-7873,서울특별시 광진구청,2025-12-23
화양동219,1,,서울특별시 광진구 화양동 516-5,37.5449769791,127.0753161745,,전용주,02-450-7873,서울특별시 광진구청,2025-12-23
화양동220,1,,서울특별시 광진구 화양동 502-4,37.54529417,127.0751206,,한전주,02-450-7873,서울특별시 광진구청,2025-12-23
화양동221,1,,서울특별시 광진구 화양동 500-22,37.54536217,127.0748896,,한전주,02-450-7873,서울특별시 광진구청,2025-12-23
화양동222,1,,서울특별시 광진구 화양동 500-16,37.54545017,127.075178918,,한전주,02-450-7873,서울특별시 광진구청,2025-12-23
화양동223,1,,서울특별시 광진구 화양동 501-6,37.5450925672,127.074622521,,건축물,02-450-7873,서울특별시 광진구청,2025-12-23
화양동224,1,,서울특별시 광진구 화양동 500-11,37.5453661,127.0746237267,,한전주,02-450-7873,서울특별시 광진구청,2025-12-23
화양동225,1,,서울특별시 광진구 화양동 499-15,37.54557917,127.0748126,,건축물,02-450-7873,서울특별시 광진구청,2025-12-23
화양동226,1,,서울특별시 광진구 화양동 501-9,37.5451891194,127.0745486,,전용주,02-450-7873,서울특별시 광진구청,2025-12-23
화양동227,1,,서울특별시 광진구 화양동 500-30,37.54552817,127.0743876,,한전주,02-450-7873,서울특별시 광진구청,2025-12-23
화양동228,1,,서울특별시 광진구 화양동 500-30,37.5455284559,127.0743600887,,전용주,02-450-7873,서울특별시 광진구청,2025-12-23
화양동230,1,,서울특별시 광진구 화양동 93-1,37.54519317,127.0739331158,,한전주,02-450-7873,서울특별시 광진구청,2025-12-23
화양동231,1,,서울특별시 광진구 화양동 111-89,37.54556017,127.0739531884,,한전주,02-450-7873,서울특별시 광진구청,2025-12-23
화양동233,1,,서울특별시 광진구 화양동 111-58,37.5454311119,127.0736406,,전용주,02-450-7873,서울특별시 광진구청,2025-12-23
화양동234,1,,서울특별시 광진구 화양동 111-58,37.54544417,127.073699035,,한전주,02-450-7873,서울특별시 광진구청,2025-12-23
화양동235,1,,서울특별시 광진구 화양동 94-23,37.5452994112,127.0736583948,,건축물,02-450-7873,서울특별시 광진구청,2025-12-23
화양동237,1,,서울특별시 광진구 화양동 111-13,37.54593817,127.0742236,,한전주,02-450-7873,서울특별시 광진구청,2025-12-23
화양동238,1,,서울특별시 광진구 화양동 499-19,37.54655317,127.0745476,,한전주,02-450-7873,서울특별시 광진구청,2025-12-23
화양동239,1,,서울특별시 광진구 화양동 111-196,37.54672117,127.0746386,,,02-450-7873,서울특별시 광진구청,2025-12-23
화양동240,1,,서울특별시 광진구 화양동 111-196,37.5467833744,127.0746340514,,전용주,02-450-7873,서울특별시 광진구청,2025-12-23
화양동241,1,,서울특별시 광진구 화양동 111-184,37.54687817,127.0742386,,건축물,02-450-7873,서울특별시 광진구청,2025-12-23
화양동242,1,,서울특별시 광진구 화양동 111-183,37.546824066,127.0744556,,전용주,02-450-7873,서울특별시 광진구청,2025-12-23
화양동244,1,,서울특별시 광진구 화양동 499-19,37.54649417,127.0747876,,한전주,02-450-7873,서울특별시 광진구청,2025-12-23
화양동245,1,,서울특별시 광진구 화양동 499-38,37.5462829531,127.0753538126,,한전주,02-450-7873,서울특별시 광진구청,2025-12-23
화양동246,1,,서울특별시 광진구 화양동 499-87,37.5461097219,127.0750996,,한전주,02-450-7873,서울특별시 광진구청,2025-12-23
화양동247,1,,서울특별시 광진구 화양동 499-91,37.5459759673,127.0749533733,,한전주,02-450-7873,서울특별시 광진구청,2025-12-23
화양동248,1,,서울특별시 광진구 화양동 499-84,37.5456557615,127.0749306,,한전주,02-450-7873,서울특별시 광진구청,2025-12-23
화양동249,1,,서울특별시 광진구 화양동 499-96,37.5460841246,127.0753626,,한전주,02-450-7873,서울특별시 광진구청,2025-12-23
화양동250,1,,서울특별시 광진구 화양동 497-3,37.54604117,127.0756054724,,한전주,02-450-7873,서울특별시 광진구청,2025-12-23
화양동251,1,,서울특별시 광진구 화양동 499-110,37.5457235175,127.0755032978,,건축물,02-450-7873,서울특별시 광진구청,2025-12-23
화양동252,1,,서울특별시 광진구 화양동 496-4,37.5457056807,127.0759202693,,한전주,02-450-7873,서울특별시 광진구청,2025-12-23
화양동253,1,,서울특별시 광진구 화양동 504-4,37.5454661235,127.0758915104,,한전주,02-450-7873,서울특별시 광진구청,2025-12-23
화양동254,1,,서울특별시 광진구 화양동 504-5,37.5454005234,127.0756306,,,02-450-7873,서울특별시 광진구청,2025-12-23
화양동256,1,,서울특별시 광진구 화양동 515,37.5450666649,127.0756821033,,한전주,02-450-7873,서울특별시 광진구청,2025-12-23
화양동257,1,,서울특별시 광진구 화양동 503-5,37.5451847694,127.0754261466,,한전주,02-450-7873,서울특별시 광진구청,2025-12-23
화양동258,1,,서울특별시 광진구 화양동 515,37.5450666649,127.0756821033,,한전주,02-450-7873,서울특별시 광진구청,2025-12-23
화양동259,1,,서울특별시 광진구 화양동 423-2,37.5449220532,127.0758636,,한전주,02-450-7873,서울특별시 광진구청,2025-12-23
화양동260,1,,서울특별시 광진구 화양동 427-2,37.54494817,127.0759006,,,02-450-7873,서울특별시 광진구청,2025-12-23
화양동261,1,,서울특별시 광진구 화양동 421-1,37.54477217,127.0758317977,,전용주,02-450-7873,서울특별시 광진구청,2025-12-23
화양동262,1,,서울특별시 광진구 화양동 427-4,37.54480717,127.0761619682,,건축물,02-450-7873,서울특별시 광진구청,2025-12-23
화양동263,1,,서울특별시 광진구 화양동 495-25,37.5452297114,127.0762866,,한전주,02-450-7873,서울특별시 광진구청,2025-12-23
화양동264,1,,서울특별시 광진구 화양동 495-25,37.5452297114,127.0762954707,,한전주,02-450-7873,서울특별시 광진구청,2025-12-23
화양동265,1,,서울특별시 광진구 화양동 495-22,37.5455081642,127.0760874301,,한전주,02-450-7873,서울특별시 광진구청,2025-12-23
화양동266,1,,서울특별시 광진구 화양동 495-16,37.545771017,127.0761784505,,한전주,02-450-7873,서울특별시 광진구청,2025-12-23
화양동267,1,,서울특별시 광진구 화양동 496-4,37.5457056807,127.0759256,,전용주,02-450-7873,서울특별시 광진구청,2025-12-23
화양동268,1,,서울특별시 광진구 화양동 496-3,37.5458602339,127.0759396138,,한전주,02-450-7873,서울특별시 광진구청,2025-12-23
화양동269,1,,서울특별시 광진구 화양동 498-5,37.54626417,127.0757476,,전용주,02-450-7873,서울특별시 광진구청,2025-12-23
화양동270,1,,서울특별시 광진구 화양동 499-1,37.54648417,127.0755256,,전용주,02-450-7873,서울특별시 광진구청,2025-12-23
화양동271,1,,서울특별시 광진구 화양동 495-9,37.54599117,127.0764726,,건축물,02-450-7873,서울특별시 광진구청,2025-12-23
화양동272,1,,서울특별시 광진구 화양동 507-6,37.5456139035,127.0767032328,,한전주,02-450-7873,서울특별시 광진구청,2025-12-23
화양동273,1,,서울특별시 광진구 화양동 507-3,37.545469029,127.0768686,,건축물,02-450-7873,서울특별시 광진구청,2025-12-23
화양동274,1,,서울특별시 광진구 화양동 508-2,37.5452222609,127.076946913,,전용주,02-450-7873,서울특별시 광진구청,2025-12-23
화양동275,1,,서울특별시 광진구 화양동 487-2,37.54560017,127.0769156457,,한전주,02-450-7873,서울특별시 광진구청,2025-12-23
화양동276,1,,서울특별시 광진구 화양동 487-2,37.5456280011,127.0769156457,,전용주,02-450-7873,서울특별시 광진구청,2025-12-23
화양동277,1,,서울특별시 광진구 화양동 485-1,37.5454567238,127.0771878416,,한전주,02-450-7873,서울특별시 광진구청,2025-12-23
화양동278,1,,서울특별시 광진구 화양동 509-1,37.54535517,127.0771696009,,한전주,02-450-7873,서울특별시 광진구청,2025-12-23
화양동279,1,,서울특별시 광진구 화양동 508-2,37.54521617,127.076946913,,건축물,02-450-7873,서울특별시 광진구청,2025-12-23
화양동280,1,,서울특별시 광진구 화양동 510-2,37.545050024,127.0770327358,,전용주,02-450-7873,서울특별시 광진구청,2025-12-23
화양동281,1,,서울특별시 광진구 화양동 430-4,37.5449710042,127.0771741013,,건축물,02-450-7873,서울특별시 광진구청,2025-12-23
화양동282,1,,서울특별시 광진구 화양동 512-2,37.54498217,127.0773446,,전용주,02-450-7873,서울특별시 광진구청,2025-12-23
화양동283,1,,서울특별시 광진구 화양동 417-14,37.5449168735,127.0775126,,건축물,02-450-7873,서울특별시 광진구청,2025-12-23
화양동284,1,,서울특별시 광진구 화양동 476-1,37.5451958118,127.0775166,,,02-450-7873,서울특별시 광진구청,2025-12-23
화양동285,1,,서울특별시 광진구 화양동 477-1,37.54526817,127.077737813,,전용주,02-450-7873,서울특별시 광진구청,2025-12-23
화양동286,1,,서울특별시 광진구 화양동 477-2,37.5452773165,127.0779816,,전용주,02-450-7873,서울특별시 광진구청,2025-12-23
화양동287,1,,서울특별시 광진구 화양동 476,37.5452834756,127.0775790763,,한전주,02-450-7873,서울특별시 광진구청,2025-12-23
화양동288,1,,서울특별시 광진구 화양동 481-1,37.5455667401,127.0777305495,,전용주,02-450-7873,서울특별시 광진구청,2025-12-23
화양동289,1,,서울특별시 광진구 화양동 467-1,37.54548417,127.0784666019,,한전주,02-450-7873,서울특별시 광진구청,2025-12-23
화양동290,1,,서울특별시 광진구 화양동 469-6,37.5451560134,127.0783536224,,한전주,02-450-7873,서울특별시 광진구청,2025-12-23
화양동291,1,,서울특별시 광진구 화양동 465-9,37.5452587563,127.0785266,,건축물,02-450-7873,서울특별시 광진구청,2025-12-23
화양동292,1,,서울특별시 광진구 화양동 465-21,37.54528538,127.0785811773,,건축물,02-450-7873,서울특별시 광진구청,2025-12-23
화양동293,1,,서울특별시 광진구 화양동 465-1,37.5451955183,127.0789681107,,한전주,02-450-7873,서울특별시 광진구청,2025-12-23
화양동294,1,,서울특별시 광진구 화양동 437-1,37.5450800524,127.0791196,,건축물,02-450-7873,서울특별시 광진구청,2025-12-23
화양동295,1,,서울특별시 광진구 화양동 464-2,37.5450419997,127.0793540425,,전용주,02-450-7873,서울특별시 광진구청,2025-12-23
화양동296,1,,서울특별시 광진구 화양동 302-4,37.545214666,127.0793020598,,전용주,02-450-7873,서울특별시 광진구청,2025-12-23
화양동297,1,,서울특별시 광진구 화양동 437-4,37.54506217,127.0792083654,,전용주,02-450-7873,서울특별시 광진구청,2025-12-23
화양동298,1,,서울특별시 광진구 화양동 434-2,37.5449813948,127.0787673698,,,02-450-7873,서울특별시 광진구청,2025-12-23
화양동299,1,,서울특별시 광진구 화양동 434-11,37.5449799481,127.0786096,,,02-450-7873,서울특별시 광진구청,2025-12-23
화양동300,1,,서울특별시 광진구 화양동 434-9,37.54499817,127.0782727357,,전용주,02-450-7873,서울특별시 광진구청,2025-12-23
화양동301,1,,서울특별시 광진구 화양동 433-2,37.54499417,127.0780945848,,건축물,02-450-7873,서울특별시 광진구청,2025-12-23
화양동302,1,,서울특별시 광진구 화양동 431-5,37.5450407982,127.0780996,,건축물,02-450-7873,서울특별시 광진구청,2025-12-23
화양동303,1,,서울특별시 광진구 화양동 434-1,37.545190832,127.07815733,,건축물,02-450-7873,서울특별시 광진구청,2025-12-23
화양동304,1,,서울특별시 광진구 화양동 431-5,37.5450407982,127.0780156,,건축물,02-450-7873,서울특별시 광진구청,2025-12-23
화양동305,1,,서울특별시 광진구 화양동 417-12,37.5449158702,127.0777127869,,한전주,02-450-7873,서울특별시 광진구청,2025-12-23
화양동306,1,,서울특별시 광진구 화양동 303-9,37.5430074367,127.0803117759,,전용주,02-450-7873,서울특별시 광진구청,2025-12-23
화양동307,1,,서울특별시 광진구 화양동 303-9,37.5430074367,127.0803117759,,한전주,02-450-7873,서울특별시 광진구청,2025-12-23
화양동308,1,,서울특별시 광진구 화양동 303-9,37.5430074367,127.0803117759,,전용주,02-450-7873,서울특별시 광진구청,2025-12-23
화양동309,1,,서울특별시 광진구 화양동 303-9,37.5430074367,127.0803117759,,한전주,02-450-7873,서울특별시 광진구청,2025-12-23
화양동310,1,,서울특별시 광진구 화양동 307,37.54322217,127.0806676,,전용주,02-450-7873,서울특별시 광진구청,2025-12-23
화양동311,1,,서울특별시 광진구 화양동 307,37.54321617,127.0809286,,한전주,02-450-7873,서울특별시 광진구청,2025-12-23
화양동312,1,,서울특별시 광진구 화양동 303-9,37.5430074367,127.0803117759,,전용주,02-450-7873,서울특별시 광진구청,2025-12-23
화양동313,1,,서울특별시 광진구 화양동 2-22,37.5445537442,127.0724939559,,,02-450-7873,서울특별시 광진구청,2025-12-23
화양동315,1,,서울특별시 광진구 화양동 2-5,37.5449067177,127.0722618724,,,02-450-7873,서울특별시 광진구청,2025-12-23
화양동316,1,,서울특별시 광진구 화양동 2-5,37.54496417,127.0722486,,전용주,02-450-7873,서울특별시 광진구청,2025-12-23
화양동317,1,,서울특별시 광진구 화양동 2-1,37.5450368798,127.0721672852,,한전주,02-450-7873,서울특별시 광진구청,2025-12-23
화양동318,1,,서울특별시 광진구 화양동 2-1,37.5450368798,127.0721356,,,02-450-7873,서울특별시 광진구청,2025-12-23
화양동319,1,,서울특별시 광진구 화양동 2-15,37.5447448366,127.0720056,,한전주,02-450-7873,서울특별시 광진구청,2025-12-23
화양동320,1,,서울특별시 광진구 화양동 2-18,37.5446783903,127.0719146,,한전주,02-450-7873,서울특별시 광진구청,2025-12-23
화양동321,1,,서울특별시 광진구 화양동 2-30,37.5443720657,127.0718466,,건축물,02-450-7873,서울특별시 광진구청,2025-12-23
화양동322,1,,서울특별시 광진구 화양동 1-10,37.54442117,127.0716316,,한전주,02-450-7873,서울특별시 광진구청,2025-12-23
화양동323,1,,서울특별시 광진구 화양동 1-11,37.54455717,127.0715296,,전용주,02-450-7873,서울특별시 광진구청,2025-12-23
화양동324,1,,서울특별시 광진구 화양동 12-2,37.5442285889,127.0715827323,,전용주,02-450-7873,서울특별시 광진구청,2025-12-23
화양동325,1,,서울특별시 광진구 화양동 12-71,37.5447385901,127.0712256433,,한전주,02-450-7873,서울특별시 광진구청,2025-12-23
화양동326,1,,서울특별시 광진구 화양동 12-2,37.5442285889,127.0715827323,,한전주,02-450-7873,서울특별시 광진구청,2025-12-23
화양동327,1,,서울특별시 광진구 화양동 1-14,37.54493917,127.0715146,,건축물,02-450-7873,서울특별시 광진구청,2025-12-23
화양동328,1,,서울특별시 광진구 화양동 2-32,37.5442660015,127.0718096,,한전주,02-450-7873,서울특별시 광진구청,2025-12-23
화양동329,1,,서울특별시 광진구 화양동 2-28,37.54447183,127.0720862,,전용주,02-450-7873,서울특별시 광진구청,2025-12-23
화양동330,1,,서울특별시 광진구 화양동 2-23,37.5444858667,127.0723446,,한전주,02-450-7873,서울특별시 광진구청,2025-12-23
화양동331,1,,서울특별시 광진구 화양동 3-3,37.543971216,127.0718094771,,한전주,02-450-7873,서울특별시 광진구청,2025-12-23
화양동332,1,,서울특별시 광진구 화양동 3-17,37.54375417,127.0718373078,,,02-450-7873,서울특별시 광진구청,2025-12-23
화양동333,1,,서울특별시 광진구 화양동 3-23,37.54356217,127.0719107597,,전용주,02-450-7873,서울특별시 광진구청,2025-12-23
화양동334,1,,서울특별시 광진구 화양동 3-27,37.543247925,127.07175809,,건축물,02-450-7873,서울특별시 광진구청,2025-12-23
화양동335,1,,서울특별시 광진구 화양동 3-54,37.5432395262,127.0716418719,,한전주,02-450-7873,서울특별시 광진구청,2025-12-23
화양동336,1,,서울특별시 광진구 화양동 3-59,37.54323417,127.0714896,,건축물,02-450-7873,서울특별시 광진구청,2025-12-23
화양동337,1,,서울특별시 광진구 화양동 3-48,37.5429347127,127.0715020608,,한전주,02-450-7873,서울특별시 광진구청,2025-12-23
화양동338,1,,서울특별시 광진구 화양동 3-66,37.54288017,127.0712996,,건축물,02-450-7873,서울특별시 광진구청,2025-12-23
화양동339,1,,서울특별시 광진구 화양동 3-32,37.5429085979,127.0717706,,건축물,02-450-7873,서울특별시 광진구청,2025-12-23
화양동340,1,,서울특별시 광진구 화양동 5-20,37.5425786599,127.0711670116,,한전주,02-450-7873,서울특별시 광진구청,2025-12-23
화양동341,1,,서울특별시 광진구 화양동 12-2,37.544204,127.0715752,,전용주,02-450-7873,서울특별시 광진구청,2025-12-23
화양동342,1,,서울특별시 광진구 화양동 12-2,37.5442285889,127.0715827323,,전용주,02-450-7873,서울특별시 광진구청,2025-12-23
화양동343,1,,서울특별시 광진구 화양동 12-2,37.54425917,127.0715827323,,전용주,02-450-7873,서울특별시 광진구청,2025-12-23
화양동344,1,,서울특별시 광진구 화양동 3-5,37.5439282475,127.0716459256,,한전주,02-450-7873,서울특별시 광진구청,2025-12-23
화양동345,1,,서울특별시 광진구 화양동 3-9,37.54378017,127.0715263557,,한전주,02-450-7873,서울특별시 광진구청,2025-12-23
화양동346,1,,서울특별시 광진구 화양동 3-83,37.5435641494,127.0716496,,건축물,02-450-7873,서울특별시 광진구청,2025-12-23
화양동347,1,,서울특별시 광진구 화양동 12-3,37.54356717,127.0712966,,한전주,02-450-7873,서울특별시 광진구청,2025-12-23
화양동348,1,,서울특별시 광진구 화양동 12-3,37.5435680782,127.0712076,,,02-450-7873,서울특별시 광진구청,2025-12-23
화양동349,1,,서울특별시 광진구 화양동 12-4,37.54378217,127.0711151451,,한전주,02-450-7873,서울특별시 광진구청,2025-12-23
화양동350,1,,서울특별시 광진구 화양동 12-6,37.5438364608,127.0710077523,,,02-450-7873,서울특별시 광진구청,2025-12-23
화양동351,1,,서울특별시 광진구 화양동 12-9,37.5440721215,127.0707136,,한전주,02-450-7873,서울특별시 광진구청,2025-12-23
화양동352,1,,서울특별시 광진구 화양동 12-9,37.5440721215,127.0707197,,건축물,02-450-7873,서울특별시 광진구청,2025-12-23
화양동353,1,,서울특별시 광진구 화양동 12-94,37.54418117,127.0703126,,한전주,02-450-7873,서울특별시 광진구청,2025-12-23
화양동354,1,,서울특별시 광진구 화양동 12-50,37.5439766114,127.0704876,,한전주,02-450-7873,서울특별시 광진구청,2025-12-23
화양동355,1,,서울특별시 광진구 화양동 12-47,37.5436987114,127.070534405,,전용주,02-450-7873,서울특별시 광진구청,2025-12-23
화양동356,1,,서울특별시 광진구 화양동 12-24,37.54367917,127.0707951956,,한전주,02-450-7873,서울특별시 광진구청,2025-12-23
화양동357,1,,서울특별시 광진구 화양동 12-28,37.5432335221,127.0709909993,,한전주,02-450-7873,서울특별시 광진구청,2025-12-23
화양동358,1,,서울특별시 광진구 화양동 12-93,37.5431545486,127.071067417,,한전주,02-450-7873,서울특별시 광진구청,2025-12-23
화양동359,1,,서울특별시 광진구 화양동 11-1,37.5427937007,127.0709946,,한전주,02-450-7873,서울특별시 광진구청,2025-12-23
화양동360,1,,서울특별시 광진구 화양동 11-22,37.5432508597,127.0704757083,,한전주,02-450-7873,서울특별시 광진구청,2025-12-23
화양동361,1,,서울특별시 광진구 화양동 12-63,37.5441260823,127.069755663,,한전주,02-450-7873,서울특별시 광진구청,2025-12-23
화양동362,1,,서울특별시 광진구 화양동 12-36,37.54368417,127.0704113196,,건축물,02-450-7873,서울특별시 광진구청,2025-12-23
화양동363,1,,서울특별시 광진구 화양동 12-37,37.54371817,127.0703074247,,한전주,02-450-7873,서울특별시 광진구청,2025-12-23
화양동364,1,,서울특별시 광진구 화양동 34-75,37.5441035394,127.0696866,,한전주,02-450-7873,서울특별시 광진구청,2025-12-23
화양동365,1,,서울특별시 광진구 화양동 34-1,37.5442920495,127.0694193544,,한전주,02-450-7873,서울특별시 광진구청,2025-12-23
화양동366,1,,서울특별시 광진구 화양동 34-43,37.5444539472,127.0691323128,,한전주,02-450-7873,서울특별시 광진구청,2025-12-23
화양동367,1,,서울특별시 광진구 화양동 34-44,37.54439317,127.0690697683,,,02-450-7873,서울특별시 광진구청,2025-12-23
화양동368,1,,서울특별시 광진구 화양동 34-46,37.54429317,127.0689924438,,한전주,02-450-7873,서울특별시 광진구청,2025-12-23
화양동369,1,,서울특별시 광진구 화양동 34-47,37.54415017,127.0689473333,,한전주,02-450-7873,서울특별시 광진구청,2025-12-23
화양동370,1,,서울특별시 광진구 화양동 33-56,37.5446887,127.0690949,,건축물,02-450-7873,서울특별시 광진구청,2025-12-23
화양동371,1,,서울특별시 광진구 화양동 33-36,37.5447914,127.0687698045,,한전주,02-450-7873,서울특별시 광진구청,2025-12-23
화양동372,1,,서울특별시 광진구 화양동 33-32,37.54479646,127.0685951322,,한전주,02-450-7873,서울특별시 광진구청,2025-12-23
화양동373,1,,서울특별시 광진구 화양동 33-68,37.5449985,127.0687519,,건축물,02-450-7873,서울특별시 광진구청,2025-12-23
화양동374,1,,서울특별시 광진구 화양동 33-22,37.5451825,127.0684706,,한전주,02-450-7873,서울특별시 광진구청,2025-12-23
화양동375,1,,서울특별시 광진구 화양동 33-26,37.5448423941,127.0684688907,,건축물,02-450-7873,서울특별시 광진구청,2025-12-23
화양동376,1,,서울특별시 광진구 화양동 33-24,37.5448984453,127.068244,,한전주,02-450-7873,서울특별시 광진구청,2025-12-23
화양동377,1,,서울특별시 광진구 화양동 33-60,37.5450308466,127.068220569,,건축물,02-450-7873,서울특별시 광진구청,2025-12-23
화양동378,1,,서울특별시 광진구 화양동 33-59,37.54512344,127.0682658,,한전주,02-450-7873,서울특별시 광진구청,2025-12-23
화양동379,1,,서울특별시 광진구 화양동 33-14,37.5453870776,127.0682117,,한전주,02-450-7873,서울특별시 광진구청,2025-12-23
화양동380,1,,서울특별시 광진구 화양동 33-16,37.5453271136,127.0680323177,,전용주,02-450-7873,서울특별시 광진구청,2025-12-23
화양동381,1,,서울특별시 광진구 화양동 33-17,37.545367282,127.0679039198,,,02-450-7873,서울특별시 광진구청,2025-12-23
화양동382,1,,서울특별시 광진구 화양동 33-47,37.5450140724,127.0679351703,,한전주,02-450-7873,서울특별시 광진구청,2025-12-23
화양동383,1,,서울특별시 광진구 화양동 33-45,37.5451629585,127.0680202869,,한전주,02-450-7873,서울특별시 광진구청,2025-12-23
화양동384,1,,서울특별시 광진구 화양동 36-84,37.544639275,127.0680598687,,전용주,02-450-7873,서울특별시 광진구청,2025-12-23
화양동385,1,,서울특별시 광진구 화양동 31-72,37.5452484,127.0673772549,,한전주,02-450-7873,서울특별시 광진구청,2025-12-23
화양동386,1,,서울특별시 광진구 화양동 31-57,37.5453669802,127.0674872714,,한전주,02-450-7873,서울특별시 광진구청,2025-12-23
화양동387,1,,서울특별시 광진구 화양동 31-58,37.5454001536,127.0673002508,,,02-450-7873,서울특별시 광진구청,2025-12-23
화양동388,1,,서울특별시 광진구 화양동 31-43,37.5454939733,127.0675707835,,한전주,02-450-7873,서울특별시 광진구청,2025-12-23
화양동389,1,,서울특별시 광진구 화양동 31-42,37.5455912278,127.0676156741,,전용주,02-450-7873,서울특별시 광진구청,2025-12-23
화양동390,1,,서울특별시 광진구 화양동 31-27,37.5457245392,127.0677276032,,한전주,02-450-7873,서울특별시 광진구청,2025-12-23
화양동391,1,,서울특별시 광진구 화양동 33-1,37.5458488147,127.0679821,,,02-450-7873,서울특별시 광진구청,2025-12-23
화양동392,1,,서울특별시 광진구 화양동 37-31,37.5451355493,127.0671986,,한전주,02-450-7873,서울특별시 광진구청,2025-12-23
화양동393,1,,서울특별시 광진구 화양동 37-31,37.54515717,127.0671456,,한전주,02-450-7873,서울특별시 광진구청,2025-12-23
화양동394,1,,서울특별시 광진구 화양동 37-30,37.5451644407,127.0670036787,,한전주,02-450-7873,서울특별시 광진구청,2025-12-23
화양동395,1,,서울특별시 광진구 화양동 37-1,37.5452498996,127.0667666893,,한전주,02-450-7873,서울특별시 광진구청,2025-12-23
화양동396,1,,서울특별시 광진구 화양동 31-62,37.5454439805,127.0669156655,,한전주,02-450-7873,서울특별시 광진구청,2025-12-23
화양동397,1,,서울특별시 광진구 화양동 31-60,37.5453517337,127.0670536,,전용주,02-450-7873,서울특별시 광진구청,2025-12-23
화양동398,1,,서울특별시 광진구 화양동 24-25,37.545634921,127.0667232404,,건축물,02-450-7873,서울특별시 광진구청,2025-12-23
화양동399,1,,서울특별시 광진구 화양동 24-19,37.5457908298,127.0668189985,,한전주,02-450-7873,서울특별시 광진구청,2025-12-23
화양동400,1,,서울특별시 광진구 화양동 31-37,37.545757874,127.0672086,,한전주,02-450-7873,서울특별시 광진구청,2025-12-23
화양동401,1,,서울특별시 광진구 화양동 24-12,37.5460874585,127.0669430594,,한전주,02-450-7873,서울특별시 광진구청,2025-12-23
화양동402,1,,서울특별시 광진구 화양동 31-21,37.5459328709,127.0675340635,,한전주,02-450-7873,서울특별시 광진구청,2025-12-23
화양동403,1,,서울특별시 광진구 화양동 24-9,37.54632217,127.0670585753,,한전주,02-450-7873,서울특별시 광진구청,2025-12-23
화양동404,1,,서울특별시 광진구 화양동 31-8,37.5462920138,127.0673680431,,한전주,02-450-7873,서울특별시 광진구청,2025-12-23
화양동405,1,,서울특별시 광진구 화양동 31-6,37.54629517,127.0675236,,한전주,02-450-7873,서울특별시 광진구청,2025-12-23
화양동406,1,,서울특별시 광진구 화양동 31-29,37.5457690328,127.0675973,,전용주,02-450-7873,서울특별시 광진구청,2025-12-23
화양동407,1,,서울특별시 광진구 화양동 24-3,37.54657517,127.0672996258,,전용주,02-450-7873,서울특별시 광진구청,2025-12-23
화양동408,1,,서울특별시 광진구 화양동 24-31,37.54560017,127.0664050088,,,02-450-7873,서울특별시 광진구청,2025-12-23
화양동409,1,,서울특별시 광진구 화양동 41-2,37.5453795014,127.0663516,,한전주,02-450-7873,서울특별시 광진구청,2025-12-23
화양동410,1,,서울특별시 광진구 화양동 31-73,37.5459672648,127.0680207905,,한전주,02-450-7873,서울특별시 광진구청,2025-12-23
화양동411,1,,서울특별시 광진구 화양동 41-12,37.5450852085,127.06642673,,한전주,02-450-7873,서울특별시 광진구청,2025-12-23
화양동412,1,,서울특별시 광진구 화양동 41-15,37.5450494335,127.0661150621,,전용주,02-450-7873,서울특별시 광진구청,2025-12-23
화양동413,1,,서울특별시 광진구 화양동 37-79,37.5448891714,127.0665376,,한전주,02-450-7873,서울특별시 광진구청,2025-12-23
화양동414,1,,서울특별시 광진구 화양동 37-72,37.5448118909,127.0668016,,한전주,02-450-7873,서울특별시 광진구청,2025-12-23
화양동416,1,,서울특별시 광진구 화양동 37-6,37.5444735122,127.0666009012,,한전주,02-450-7873,서울특별시 광진구청,2025-12-23
화양동417,1,,서울특별시 광진구 화양동 37-7,37.5444383028,127.0667256817,,한전주,02-450-7873,서울특별시 광진구청,2025-12-23
화양동418,1,,서울특별시 광진구 화양동 37-65,37.5446276204,127.0670127034,,건축물,02-450-7873,서울특별시 광진구청,2025-12-23
화양동419,1,,서울특별시 광진구 화양동 37-66,37.5446952321,127.0671065712,,한전주,02-450-7873,서울특별시 광진구청,2025-12-23
화양동420,1,,서울특별시 광진구 화양동 37-61,37.5446952321,127.0671065712,,한전주,02-450-7873,서울특별시 광진구청,2025-12-23
화양동421,1,,서울특별시 광진구 화양동 36-11,37.5447187617,127.0673812,,한전주,02-450-7873,서울특별시 광진구청,2025-12-23
화양동422,1,,서울특별시 광진구 화양동 36-91,37.544408747,127.0673711,,건축물,02-450-7873,서울특별시 광진구청,2025-12-23
화양동423,1,,서울특별시 광진구 화양동 36-96,37.5444273933,127.0675861227,,한전주,02-450-7873,서울특별시 광진구청,2025-12-23
화양동423,1,,서울특별시 광진구 화양동 36-93,37.5443200417,127.0676054814,,한전주,02-450-7873,서울특별시 광진구청,2025-12-23
화양동424,1,,서울특별시 광진구 화양동 36-95,37.5442441335,127.0678394203,,한전주,02-450-7873,서울특별시 광진구청,2025-12-23
화양동425,1,,서울특별시 광진구 화양동 35-52,37.5442279105,127.0681612223,,한전주,02-450-7873,서울특별시 광진구청,2025-12-23
화양동426,1,,서울특별시 광진구 화양동 36-55,37.5444665173,127.0679662442,,한전주,02-450-7873,서울특별시 광진구청,2025-12-23
화양동427,1,,서울특별시 광진구 화양동 36-53,37.5445258211,127.0677781182,,,02-450-7873,서울특별시 광진구청,2025-12-23
화양동428,1,,서울특별시 광진구 화양동 36-84,37.5446973,127.0680598687,,한전주,02-450-7873,서울특별시 광진구청,2025-12-23
화양동429,1,,서울특별시 광진구 화양동 35-61,37.5445585514,127.0683616,,,02-450-7873,서울특별시 광진구청,2025-12-23
화양동430,1,,서울특별시 광진구 화양동 35-63,37.5444984344,127.0685782,,한전주,02-450-7873,서울특별시 광진구청,2025-12-23
화양동431,1,,서울특별시 광진구 화양동 35-67,37.5442553961,127.0687738762,,한전주,02-450-7873,서울특별시 광진구청,2025-12-23
화양동432,1,,서울특별시 광진구 화양동 35-1,37.5445657,127.0689626,,건축물,02-450-7873,서울특별시 광진구청,2025-12-23
화양동433,1,,서울특별시 광진구 화양동 35-47,37.5440200489,127.0686297255,,한전주,02-450-7873,서울특별시 광진구청,2025-12-23
화양동434,1,,서울특별시 광진구 화양동 35-43,37.5442874,127.0684577,,전용주,02-450-7873,서울특별시 광진구청,2025-12-23
화양동435,1,,서울특별시 광진구 화양동 34-50,37.54389917,127.0689866,,한전주,02-450-7873,서울특별시 광진구청,2025-12-23
화양동436,1,,서울특별시 광진구 화양동 531,37.5438470683,127.0681435628,,한전주,02-450-7873,서울특별시 광진구청,2025-12-23
화양동437,1,,서울특별시 광진구 화양동 35-3,37.5439834592,127.0683729,,전용주,02-450-7873,서울특별시 광진구청,2025-12-23
화양동438,1,,서울특별시 광진구 화양동 34-28,37.543610464,127.0687536,,건축물,02-450-7873,서울특별시 광진구청,2025-12-23
화양동439,1,,서울특별시 광진구 화양동 35-5,37.5436006624,127.0684249823,,한전주,02-450-7873,서울특별시 광진구청,2025-12-23
화양동440,1,,서울특별시 광진구 화양동 34-21,37.5433968363,127.0687416,,건축물,02-450-7873,서울특별시 광진구청,2025-12-23
화양동441,1,,서울특별시 광진구 화양동 35-33,37.5435346232,127.0682546,,,02-450-7873,서울특별시 광진구청,2025-12-23
화양동442,1,,서울특별시 광진구 화양동 35-31,37.5433556533,127.0681269,,한전주,02-450-7873,서울특별시 광진구청,2025-12-23
화양동443,1,,서울특별시 광진구 화양동 35-29,37.5432794,127.0682753,,한전주,02-450-7873,서울특별시 광진구청,2025-12-23
화양동444,1,,서울특별시 광진구 화양동 34-17,37.5432041503,127.0687006,,,02-450-7873,서울특별시 광진구청,2025-12-23
화양동445,1,,서울특별시 광진구 화양동 35-27,37.5434192613,127.0683211664,,한전주,02-450-7873,서울특별시 광진구청,2025-12-23
화양동446,1,,서울특별시 광진구 화양동 10-1,37.543959021,127.0697426,,한전주,02-450-7873,서울특별시 광진구청,2025-12-23
화양동447,1,,서울특별시 광진구 화양동 34-80,37.5439723928,127.0693889585,,한전주,02-450-7873,서울특별시 광진구청,2025-12-23
화양동448,1,,서울특별시 광진구 화양동 10-1,37.54396517,127.0697577214,,한전주,02-450-7873,서울특별시 광진구청,2025-12-23
화양동449,1,,서울특별시 광진구 화양동 10-1,37.543959021,127.0697577214,,전용주,02-450-7873,서울특별시 광진구청,2025-12-23
화양동450,1,,서울특별시 광진구 화양동 34-66,37.5438918033,127.0693039037,,한전주,02-450-7873,서울특별시 광진구청,2025-12-23
화양동451,1,,서울특별시 광진구 화양동 34-2,37.54386517,127.069438845,,한전주,02-450-7873,서울특별시 광진구청,2025-12-23
화양동452,1,,서울특별시 광진구 화양동 10-1,37.543959021,127.0697577214,,건축물,02-450-7873,서울특별시 광진구청,2025-12-23
화양동453,1,,서울특별시 광진구 화양동 12-63,37.5441260823,127.069755663,,한전주,02-450-7873,서울특별시 광진구청,2025-12-23
화양동454,1,,서울특별시 광진구 화양동 34-60,37.5436730876,127.0692240398,,,02-450-7873,서울특별시 광진구청,2025-12-23
화양동455,1,,서울특별시 광진구 화양동 34-64,37.54349702,127.0689711841,,전용주,02-450-7873,서울특별시 광진구청,2025-12-23
화양동456,1,,서울특별시 광진구 화양동 10-1,37.543959021,127.0697577214,,건축물,02-450-7873,서울특별시 광진구청,2025-12-23
화양동457,1,,서울특별시 광진구 화양동 34-73,37.54340784,127.0692571,,전용주,02-450-7873,서울특별시 광진구청,2025-12-23
화양동458,1,,서울특별시 광진구 화양동 10-25,37.5431937495,127.0693086,,한전주,02-450-7873,서울특별시 광진구청,2025-12-23
화양동459,1,,서울특별시 광진구 화양동 34-5,37.54326717,127.0691866,,한전주,02-450-7873,서울특별시 광진구청,2025-12-23
화양동460,1,,서울특별시 광진구 화양동 34-6,37.54338517,127.0688286,,한전주,02-450-7873,서울특별시 광진구청,2025-12-23
화양동461,1,,서울특별시 광진구 화양동 10-16,37.5429812737,127.0692446,,,02-450-7873,서울특별시 광진구청,2025-12-23
화양동462,1,,서울특별시 광진구 화양동 47-1,37.5427333576,127.0688947977,,한전주,02-450-7873,서울특별시 광진구청,2025-12-23
화양동463,1,,서울특별시 광진구 화양동 47-42,37.5429460263,127.0685287124,,한전주,02-450-7873,서울특별시 광진구청,2025-12-23
화양동464,1,,서울특별시 광진구 화양동 10-35,37.54278817,127.0695966,,한전주,02-450-7873,서울특별시 광진구청,2025-12-23
화양동465,1,,서울특별시 광진구 화양동 9-5,37.542425478,127.0695235355,,전용주,02-450-7873,서울특별시 광진구청,2025-12-23
화양동466,1,,서울특별시 광진구 화양동 10-11,37.5427977444,127.0698206,,건축물,02-450-7873,서울특별시 광진구청,2025-12-23
화양동467,1,,서울특별시 광진구 화양동 10-30,37.54297217,127.0694688723,,전용주,02-450-7873,서울특별시 광진구청,2025-12-23
화양동468,1,,서울특별시 광진구 화양동 10-20,37.5429404006,127.0696146,,전용주,02-450-7873,서울특별시 광진구청,2025-12-23
화양동469,1,,서울특별시 광진구 화양동 10-17,37.5431768442,127.0697296,,건축물,02-450-7873,서울특별시 광진구청,2025-12-23
화양동470,1,,서울특별시 광진구 화양동 10-9,37.54267917,127.0699796,,한전주,02-450-7873,서울특별시 광진구청,2025-12-23
화양동471,1,,서울특별시 광진구 화양동 11-12,37.5424910417,127.0703333246,,한전주,02-450-7873,서울특별시 광진구청,2025-12-23
화양동472,1,,서울특별시 광진구 화양동 8-60,37.5423951655,127.0703594655,,한전주,02-450-7873,서울특별시 광진구청,2025-12-23
화양동473,1,,서울특별시 광진구 화양동 11-17,37.5426910676,127.0701636,,건축물,02-450-7873,서울특별시 광진구청,2025-12-23
화양동474,1,,서울특별시 광진구 화양동 10-7,37.5428891013,127.0700333869,,한전주,02-450-7873,서울특별시 광진구청,2025-12-23
화양동475,1,,서울특별시 광진구 화양동 10-7,37.5428891013,127.0700333869,,전용주,02-450-7873,서울특별시 광진구청,2025-12-23
화양동476,1,,서울특별시 광진구 화양동 11-25,37.5428208931,127.0704596,,전용주,02-450-7873,서울특별시 광진구청,2025-12-23
화양동477,1,,서울특별시 광진구 화양동 11-29,37.5428445021,127.0706380417,,건축물,02-450-7873,서울특별시 광진구청,2025-12-23
화양동478,1,,서울특별시 광진구 화양동 5-22,37.5425583896,127.071013782,,전용주,02-450-7873,서울특별시 광진구청,2025-12-23
화양동479,1,,서울특별시 광진구 화양동 11-3,37.5426622296,127.0707046,,한전주,02-450-7873,서울특별시 광진구청,2025-12-23
화양동480,1,,서울특별시 광진구 화양동 11-9,37.5423816172,127.0707456,,한전주,02-450-7873,서울특별시 광진구청,2025-12-23
화양동481,1,,서울특별시 광진구 화양동 8-11,37.5423119062,127.0703615579,,건축물,02-450-7873,서울특별시 광진구청,2025-12-23
화양동482,1,,서울특별시 광진구 화양동 8-6,37.542090056,127.0704020845,,건축물,02-450-7873,서울특별시 광진구청,2025-12-23
화양동483,1,,서울특별시 광진구 화양동 5-12,37.54249117,127.0713071599,,건축물,02-450-7873,서울특별시 광진구청,2025-12-23
화양동484,1,,서울특별시 광진구 화양동 5-17,37.54229917,127.0710896,,한전주,02-450-7873,서울특별시 광진구청,2025-12-23
화양동485,1,,서울특별시 광진구 화양동 5-31,37.5418597022,127.0709536,,한전주,02-450-7873,서울특별시 광진구청,2025-12-23
화양동486,1,,서울특별시 광진구 화양동 5-42,37.5418170799,127.0711866,,한전주,02-450-7873,서울특별시 광진구청,2025-12-23
화양동487,1,,서울특별시 광진구 화양동 5-42,37.54187417,127.0711092587,,건축물,02-450-7873,서울특별시 광진구청,2025-12-23
화양동488,1,,서울특별시 광진구 화양동 5-93,37.5414887467,127.0709516,,한전주,02-450-7873,서울특별시 광진구청,2025-12-23
화양동489,1,,서울특별시 광진구 화양동 5-102,37.5410784749,127.0706011854,,한전주,02-450-7873,서울특별시 광진구청,2025-12-23
화양동490,1,,서울특별시 광진구 화양동 6-1,37.54034317,127.0705071343,,전용주,02-450-7873,서울특별시 광진구청,2025-12-23
화양동491,1,,서울특별시 광진구 화양동 5-87,37.5406768124,127.0705496,,전용주,02-450-7873,서울특별시 광진구청,2025-12-23
화양동492,1,,서울특별시 광진구 화양동 8-102,37.54093017,127.0699990526,,전용주,02-450-7873,서울특별시 광진구청,2025-12-23
화양동493,1,,서울특별시 광진구 화양동 6-2,37.5405050771,127.0701276,,전용주,02-450-7873,서울특별시 광진구청,2025-12-23
화양동494,1,,서울특별시 광진구 화양동 8-22,37.5411920459,127.0700718553,,한전주,02-450-7873,서울특별시 광진구청,2025-12-23
화양동495,1,,서울특별시 광진구 화양동 8-94,37.5413667623,127.070050633,,한전주,02-450-7873,서울특별시 광진구청,2025-12-23
화양동496,1,,서울특별시 광진구 화양동 8-93,37.5414325966,127.0700396,,전용주,02-450-7873,서울특별시 광진구청,2025-12-23
화양동497,1,,서울특별시 광진구 화양동 8-88,37.5415726082,127.0702571024,,한전주,02-450-7873,서울특별시 광진구청,2025-12-23
화양동498,1,,서울특별시 광진구 화양동 8-60,37.5423951655,127.0703996,,한전주,02-450-7873,서울특별시 광진구청,2025-12-23
화양동499,1,,서울특별시 광진구 화양동 5-50,37.54136117,127.0704846,,한전주,02-450-7873,서울특별시 광진구청,2025-12-23
화양동500,1,,서울특별시 광진구 화양동 5-68,37.5411337635,127.0705052849,,건축물,02-450-7873,서울특별시 광진구청,2025-12-23
화양동501,1,,서울특별시 광진구 화양동 5-71,37.5408834569,127.0703336,,건축물,02-450-7873,서울특별시 광진구청,2025-12-23
화양동502,1,,서울특별시 광진구 화양동 5-59,37.5414568642,127.0706523475,,건축물,02-450-7873,서울특별시 광진구청,2025-12-23
화양동503,1,,서울특별시 광진구 화양동 5-55,37.5417982494,127.0708087072,,건축물,02-450-7873,서울특별시 광진구청,2025-12-23
화양동504,1,,서울특별시 광진구 화양동 8-19,37.5417661471,127.0704013273,,한전주,02-450-7873,서울특별시 광진구청,2025-12-23
화양동505,1,,서울특별시 광진구 화양동 8-18,37.5418152393,127.0702666,,한전주,02-450-7873,서울특별시 광진구청,2025-12-23
화양동506,1,,서울특별시 광진구 화양동 8-54,37.5422553453,127.0701186,,건축물,02-450-7873,서울특별시 광진구청,2025-12-23
화양동507,1,,서울특별시 광진구 화양동 9-77,37.54234482,127.0694967,,전용주,02-450-7873,서울특별시 광진구청,2025-12-23
화양동508,1,,서울특별시 광진구 화양동 9-76,37.54223917,127.0696423001,,한전주,02-450-7873,서울특별시 광진구청,2025-12-23
화양동509,1,,서울특별시 광진구 화양동 8-49,37.54215417,127.0699992886,,건축물,02-450-7873,서울특별시 광진구청,2025-12-23
화양동510,1,,서울특별시 광진구 화양동 9-9,37.54200017,127.0695559725,,한전주,02-450-7873,서울특별시 광진구청,2025-12-23
화양동511,1,,서울특별시 광진구 화양동 9-82,37.54196917,127.0694016,,건축물,02-450-7873,서울특별시 광진구청,2025-12-23
화양동512,1,,서울특별시 광진구 화양동 9-18,37.54177317,127.0693056,,한전주,02-450-7873,서울특별시 광진구청,2025-12-23
화양동513,1,,서울특별시 광진구 화양동 9-22,37.5414795796,127.0692663674,,한전주,02-450-7873,서울특별시 광진구청,2025-12-23
화양동514,1,,서울특별시 광진구 화양동 8-43,37.54195017,127.0697499258,,,02-450-7873,서울특별시 광진구청,2025-12-23
화양동515,1,,서울특별시 광진구 화양동 8-41,37.54187617,127.0699306,,건축물,02-450-7873,서울특별시 광진구청,2025-12-23
화양동516,1,,서울특별시 광진구 화양동 8-37,37.5417668601,127.0696156,,,02-450-7873,서울특별시 광진구청,2025-12-23
화양동517,1,,서울특별시 광진구 화양동 8-36,37.54168117,127.0696005119,,한전주,02-450-7873,서울특별시 광진구청,2025-12-23
화양동518,1,,서울특별시 광진구 화양동 9-22,37.5414795796,127.0692663674,,한전주,02-450-7873,서울특별시 광진구청,2025-12-23
화양동519,1,,서울특별시 광진구 화양동 8-31,37.5412524709,127.0696626,,건축물,02-450-7873,서울특별시 광진구청,2025-12-23
화양동520,1,,서울특별시 광진구 화양동 8-100,37.5410818622,127.0694466,,,02-450-7873,서울특별시 광진구청,2025-12-23
화양동521,1,,서울특별시 광진구 화양동 8-28,37.5411625809,127.0696187681,,건축물,02-450-7873,서울특별시 광진구청,2025-12-23
화양동522,1,,서울특별시 광진구 화양동 9-83,37.5413575162,127.0690406,,건축물,02-450-7873,서울특별시 광진구청,2025-12-23
화양동523,1,,서울특별시 광진구 화양동 9-86,37.5411891723,127.0691826,,전용주,02-450-7873,서울특별시 광진구청,2025-12-23
화양동524,1,,서울특별시 광진구 화양동 7-29,37.54116017,127.0688436,,전용주,02-450-7873,서울특별시 광진구청,2025-12-23
화양동525,1,,서울특별시 광진구 화양동 9-88,37.5412656242,127.0689036308,,전용주,02-450-7873,서울특별시 광진구청,2025-12-23
화양동526,1,,서울특별시 광진구 화양동 9-90,37.54148617,127.0684046,,전용주,02-450-7873,서울특별시 광진구청,2025-12-23
화양동527,1,,서울특별시 광진구 화양동 9-36,37.54197617,127.0686136,,한전주,02-450-7873,서울특별시 광진구청,2025-12-23
화양동528,1,,서울특별시 광진구 화양동 9-26,37.5417407018,127.0687956,,건축물,02-450-7873,서울특별시 광진구청,2025-12-23
화양동529,1,,서울특별시 광진구 화양동 9-34,37.54185817,127.0689696,,한전주,02-450-7873,서울특별시 광진구청,2025-12-23
화양동530,1,,서울특별시 광진구 화양동 9-41,37.54204517,127.0690936,,한전주,02-450-7873,서울특별시 광진구청,2025-12-23
화양동531,1,,서울특별시 광진구 화양동 8-60,37.5423951655,127.0703594655,,한전주,02-450-7873,서울특별시 광진구청,2025-12-23
화양동532,1,,서울특별시 광진구 화양동 47-15,37.54207817,127.0684968876,,한전주,02-450-7873,서울특별시 광진구청,2025-12-23
화양동533,1,,서울특별시 광진구 화양동 47-13,37.54217317,127.0682956,,전용주,02-450-7873,서울특별시 광진구청,2025-12-23
화양동534,1,,서울특별시 광진구 화양동 47-7,37.54237817,127.0684826505,,전용주,02-450-7873,서울특별시 광진구청,2025-12-23
화양동535,1,,서울특별시 광진구 화양동 9-45,37.5422815916,127.0689032079,,한전주,02-450-7873,서울특별시 광진구청,2025-12-23
화양동536,1,,서울특별시 광진구 화양동 47-58,37.5424524359,127.0684127307,,한전주,02-450-7873,서울특별시 광진구청,2025-12-23
화양동537,1,,서울특별시 광진구 화양동 9-48,37.5425653294,127.069035067,,한전주,02-450-7873,서울특별시 광진구청,2025-12-23
화양동538,1,,서울특별시 광진구 화양동 47-52,37.5426548245,127.0685266354,,,02-450-7873,서울특별시 광진구청,2025-12-23
화양동539,1,,서울특별시 광진구 화양동 9-50,37.5426959271,127.0691157531,,한전주,02-450-7873,서울특별시 광진구청,2025-12-23
화양동540,1,,서울특별시 광진구 화양동 9-65,37.5424791578,127.0694038687,,한전주,02-450-7873,서울특별시 광진구청,2025-12-23
화양동541,1,,서울특별시 광진구 화양동 9-63,37.5423087382,127.0693196377,,건축물,02-450-7873,서울특별시 광진구청,2025-12-23
화양동542,1,,서울특별시 광진구 화양동 9-53,37.5424448,127.0691848208,,한전주,02-450-7873,서울특별시 광진구청,2025-12-23
화양동543,1,,서울특별시 광진구 화양동 9-41,37.5420247981,127.0690866,,전용주,02-450-7873,서울특별시 광진구청,2025-12-23
화양동544,1,,서울특별시 광진구 화양동 46-3,37.5430663726,127.0681085663,,한전주,02-450-7873,서울특별시 광진구청,2025-12-23
화양동545,1,,서울특별시 광진구 화양동 46-2,37.543138101,127.0679366364,,한전주,02-450-7873,서울특별시 광진구청,2025-12-23
화양동546,1,,서울특별시 광진구 화양동 46-39,37.543059399,127.0675434659,,,02-450-7873,서울특별시 광진구청,2025-12-23
화양동547,1,,서울특별시 광진구 화양동 46-1,37.5431951289,127.0677692,,한전주,02-450-7873,서울특별시 광진구청,2025-12-23
화양동548,1,,서울특별시 광진구 화양동 46-35,37.542839071,127.0676023336,,전용주,02-450-7873,서울특별시 광진구청,2025-12-23
화양동549,1,,서울특별시 광진구 화양동 35-17,37.5433728387,127.067732265,,건축물,02-450-7873,서울특별시 광진구청,2025-12-23
화양동550,1,,서울특별시 광진구 화양동 35-19,37.5435809982,127.067839272,,전용주,02-450-7873,서울특별시 광진구청,2025-12-23
화양동551,1,,서울특별시 광진구 화양동 46-37,37.5432471099,127.067635,,한전주,02-450-7873,서울특별시 광진구청,2025-12-23
화양동552,1,,서울특별시 광진구 화양동 36-38,37.5435852555,127.0674853258,,한전주,02-450-7873,서울특별시 광진구청,2025-12-23
화양동553,1,,서울특별시 광진구 화양동 36-45,37.543804568,127.0673692,,전용주,02-450-7873,서울특별시 광진구청,2025-12-23
화양동554,1,,서울특별시 광진구 화양동 36-47,37.5435946975,127.0672766,,건축물,02-450-7873,서울특별시 광진구청,2025-12-23
화양동555,1,,서울특별시 광진구 화양동 36-81,37.5438784459,127.0676335979,,한전주,02-450-7873,서울특별시 광진구청,2025-12-23
화양동556,1,,서울특별시 광진구 화양동 36-73,37.5440336258,127.0675849678,,한전주,02-450-7873,서울특별시 광진구청,2025-12-23
화양동557,1,,서울특별시 광진구 화양동 36-71,37.5440683121,127.0677460203,,건축물,02-450-7873,서울특별시 광진구청,2025-12-23
화양동558,1,,서울특별시 광진구 화양동 37-9,37.5443516718,127.0669642517,,한전주,02-450-7873,서울특별시 광진구청,2025-12-23
화양동559,1,,서울특별시 광진구 화양동 37-11,37.5442137626,127.0669046081,,한전주,02-450-7873,서울특별시 광진구청,2025-12-23
화양동560,1,,서울특별시 광진구 화양동 36-22,37.5440999844,127.0673484182,,전용주,02-450-7873,서울특별시 광진구청,2025-12-23
화양동561,1,,서울특별시 광진구 화양동 37-52,37.5440910798,127.0668862,,한전주,02-450-7873,서울특별시 광진구청,2025-12-23
화양동562,1,,서울특별시 광진구 화양동 36-28,37.5439977418,127.067153811,,한전주,02-450-7873,서울특별시 광진구청,2025-12-23
화양동563,1,,서울특별시 광진구 화양동 37-53,37.5439470557,127.0667716,,건축물,02-450-7873,서울특별시 광진구청,2025-12-23
화양동564,1,,서울특별시 광진구 화양동 37-95,37.5441996919,127.0664526492,,한전주,02-450-7873,서울특별시 광진구청,2025-12-23
화양동565,1,,서울특별시 광진구 화양동 37-94,37.54424717,127.0663506,,건축물,02-450-7873,서울특별시 광진구청,2025-12-23
화양동566,1,,서울특별시 광진구 화양동 37-13,37.544341479,127.0666661883,,건축물,02-450-7873,서울특별시 광진구청,2025-12-23
화양동567,1,,서울특별시 광진구 화양동 37-6,37.5444735122,127.0666009012,,한전주,02-450-7873,서울특별시 광진구청,2025-12-23
화양동568,1,,서울특별시 광진구 화양동 41-17,37.54495217,127.0663916,,전용주,02-450-7873,서울특별시 광진구청,2025-12-23
화양동569,1,,서울특별시 광진구 화양동 37-77,37.5446793053,127.0664321408,,전용주,02-450-7873,서울특별시 광진구청,2025-12-23
화양동570,1,,서울특별시 광진구 화양동 37-4,37.5445624876,127.0663576931,,한전주,02-450-7873,서울특별시 광진구청,2025-12-23
화양동571,1,,서울특별시 광진구 화양동 234,37.5444194877,127.0658952082,,전용주,02-450-7873,서울특별시 광진구청,2025-12-23
화양동572,1,,서울특별시 광진구 화양동 37-17,37.5442502952,127.0661903975,,전용주,02-450-7873,서울특별시 광진구청,2025-12-23
화양동573,1,,서울특별시 광진구 화양동 234,37.5444194877,127.0658952082,,한전주,02-450-7873,서울특별시 광진구청,2025-12-23
화양동574,1,,서울특별시 광진구 화양동 42-27,37.5438725786,127.0657086,,한전주,02-450-7873,서울특별시 광진구청,2025-12-23
화양동575,1,,서울특별시 광진구 화양동 234,37.5444194877,127.0658952082,,전용주,02-450-7873,서울특별시 광진구청,2025-12-23
화양동576,1,,서울특별시 광진구 화양동 234,37.5444194877,127.0658952082,,전용주,02-450-7873,서울특별시 광진구청,2025-12-23
화양동577,1,,서울특별시 광진구 화양동 42-31,37.5439133904,127.0655824525,,한전주,02-450-7873,서울특별시 광진구청,2025-12-23
화양동578,1,,서울특별시 광진구 화양동 42-1,37.54390284,127.0653635,,한전주,02-450-7873,서울특별시 광진구청,2025-12-23
화양동579,1,,서울특별시 광진구 화양동 42-35,37.54368317,127.0654092794,,,02-450-7873,서울특별시 광진구청,2025-12-23
화양동580,1,,서울특별시 광진구 화양동 42-36,37.5435519208,127.0655066,,건축물,02-450-7873,서울특별시 광진구청,2025-12-23
화양동581,1,,서울특별시 광진구 화양동 42-27,37.54387617,127.0657796,,건축물,02-450-7873,서울특별시 광진구청,2025-12-23
화양동582,1,,서울특별시 광진구 화양동 42-36,37.5435519208,127.0655619942,,한전주,02-450-7873,서울특별시 광진구청,2025-12-23
화양동583,1,,서울특별시 광진구 화양동 44-10,37.5433928275,127.0660056492,,건축물,02-450-7873,서울특별시 광진구청,2025-12-23
화양동584,1,,서울특별시 광진구 화양동 44-6,37.543565054,127.065924216,,한전주,02-450-7873,서울특별시 광진구청,2025-12-23
화양동585,1,,서울특별시 광진구 화양동 44-13,37.5437216803,127.0661826,,한전주,02-450-7873,서울특별시 광진구청,2025-12-23
화양동586,1,,서울특별시 광진구 화양동 44-77,37.5436279279,127.0664356,,한전주,02-450-7873,서울특별시 광진구청,2025-12-23
화양동587,1,,서울특별시 광진구 화양동 37-22,37.5437692426,127.0665266,,건축물,02-450-7873,서울특별시 광진구청,2025-12-23
화양동588,1,,서울특별시 광진구 화양동 44-81,37.5434752609,127.0661809993,,한전주,02-450-7873,서울특별시 광진구청,2025-12-23
화양동589,1,,서울특별시 광진구 화양동 44-84,37.5432190883,127.0660531342,,전용주,02-450-7873,서울특별시 광진구청,2025-12-23
화양동590,1,,서울특별시 광진구 화양동 42-9,37.5432633,127.0653866536,,한전주,02-450-7873,서울특별시 광진구청,2025-12-23
화양동591,1,,서울특별시 광진구 화양동 42-12,37.54315491,127.0652529,,건축물,02-450-7873,서울특별시 광진구청,2025-12-23
화양동592,1,,서울특별시 광진구 화양동 42-15,37.54295617,127.0651622305,,한전주,02-450-7873,서울특별시 광진구청,2025-12-23
화양동593,1,,서울특별시 광진구 화양동 44-30,37.543093691,127.0658527398,,한전주,02-450-7873,서울특별시 광진구청,2025-12-23
화양동594,1,,서울특별시 광진구 화양동 44-28,37.5428631043,127.0657285199,,한전주,02-450-7873,서울특별시 광진구청,2025-12-23
화양동595,1,,서울특별시 광진구 화양동 44-61,37.5424724629,127.0653462831,,전용주,02-450-7873,서울특별시 광진구청,2025-12-23
화양동596,1,,서울특별시 광진구 화양동 44-61,37.5424724629,127.0653866,,전용주,02-450-7873,서울특별시 광진구청,2025-12-23
화양동597,1,,서울특별시 광진구 화양동 49-21,37.5420764096,127.0651360384,,전용주,02-450-7873,서울특별시 광진구청,2025-12-23
화양동598,1,,서울특별시 광진구 화양동 42-22,37.5425921047,127.0650926,,전용주,02-450-7873,서울특별시 광진구청,2025-12-23
화양동599,1,,서울특별시 광진구 화양동 50-1,37.5424875546,127.0647740778,,전용주,02-450-7873,서울특별시 광진구청,2025-12-23
화양동600,1,,서울특별시 광진구 화양동 50-2,37.5425398776,127.0644905596,,전용주,02-450-7873,서울특별시 광진구청,2025-12-23
화양동601,1,,서울특별시 광진구 화양동 49-9,37.5420764096,127.0651360384,,한전주,02-450-7873,서울특별시 광진구청,2025-12-23
화양동602,1,,서울특별시 광진구 화양동 49-21,37.5420764096,127.0651360384,,전용주,02-450-7873,서울특별시 광진구청,2025-12-23
화양동603,1,,서울특별시 광진구 화양동 44-23,37.54254226,127.0657594,,,02-450-7873,서울특별시 광진구청,2025-12-23
화양동604,1,,서울특별시 광진구 화양동 49-15,37.5420604715,127.0659376,,전용주,02-450-7873,서울특별시 광진구청,2025-12-23
화양동605,1,,서울특별시 광진구 화양동 49-4,37.5420106776,127.0660356609,,전용주,02-450-7873,서울특별시 광진구청,2025-12-23
화양동606,1,,서울특별시 광진구 화양동 45-75,37.5422605229,127.0663604053,,전용주,02-450-7873,서울특별시 광진구청,2025-12-23
화양동607,1,,서울특별시 광진구 화양동 45-77,37.5421628,127.0664509,,전용주,02-450-7873,서울특별시 광진구청,2025-12-23
화양동608,1,,서울특별시 광진구 화양동 45-80,37.542177405,127.0666016875,,건축물,02-450-7873,서울특별시 광진구청,2025-12-23
화양동609,1,,서울특별시 광진구 화양동 44-20,37.5423762,127.0658113224,,전용주,02-450-7873,서울특별시 광진구청,2025-12-23
화양동610,1,,서울특별시 광진구 화양동 44-18,37.5424847405,127.0659514401,,한전주,02-450-7873,서울특별시 광진구청,2025-12-23
화양동611,1,,서울특별시 광진구 화양동 45-70,37.5424219073,127.0661395,,,02-450-7873,서울특별시 광진구청,2025-12-23
화양동612,1,,서울특별시 광진구 화양동 44-18,37.5424847405,127.0659341,,,02-450-7873,서울특별시 광진구청,2025-12-23
화양동613,1,,서울특별시 광진구 화양동 44-85,37.5426728113,127.065893784,,건축물,02-450-7873,서울특별시 광진구청,2025-12-23
화양동614,1,,서울특별시 광진구 화양동 45-67,37.5422818424,127.0665247,,한전주,02-450-7873,서울특별시 광진구청,2025-12-23
화양동615,1,,서울특별시 광진구 화양동 44-86,37.5426074098,127.066035282,,한전주,02-450-7873,서울특별시 광진구청,2025-12-23
화양동616,1,,서울특별시 광진구 화양동 45-61,37.5424834534,127.0664763,,한전주,02-450-7873,서울특별시 광진구청,2025-12-23
화양동617,1,,서울특별시 광진구 화양동 45-55,37.5425469789,127.066729,,건축물,02-450-7873,서울특별시 광진구청,2025-12-23
화양동618,1,,서울특별시 광진구 화양동 45-51,37.5428884,127.0666500124,,전용주,02-450-7873,서울특별시 광진구청,2025-12-23
화양동619,1,,서울특별시 광진구 화양동 44-48,37.5428858233,127.0658655698,,한전주,02-450-7873,서울특별시 광진구청,2025-12-23
화양동620,1,,서울특별시 광진구 화양동 44-52,37.5429322672,127.0659677899,,전용주,02-450-7873,서울특별시 광진구청,2025-12-23
화양동621,1,,서울특별시 광진구 화양동 44-55,37.5428226835,127.0661516813,,건축물,02-450-7873,서울특별시 광진구청,2025-12-23
화양동622,1,,서울특별시 광진구 화양동 45-24,37.5429963,127.06671935,,한전주,02-450-7873,서울특별시 광진구청,2025-12-23
화양동623,1,,서울특별시 광진구 화양동 44-15,37.5430378669,127.0662681944,,한전주,02-450-7873,서울특별시 광진구청,2025-12-23
화양동624,1,,서울특별시 광진구 화양동 45-22,37.5430623257,127.0666742148,,한전주,02-450-7873,서울특별시 광진구청,2025-12-23
화양동625,1,,서울특별시 광진구 화양동 44-69,37.5434705841,127.0664868538,,한전주,02-450-7873,서울특별시 광진구청,2025-12-23
화양동626,1,,서울특별시 광진구 화양동 45-13,37.5434532,127.0668438,,전용주,02-450-7873,서울특별시 광진구청,2025-12-23
화양동627,1,,서울특별시 광진구 화양동 37-21,37.5437382727,127.0666435858,,한전주,02-450-7873,서울특별시 광진구청,2025-12-23
화양동628,1,,서울특별시 광진구 화양동 45-15,37.5435435845,127.0667717306,,한전주,02-450-7873,서울특별시 광진구청,2025-12-23
화양동629,1,,서울특별시 광진구 화양동 45-39,37.543436441,127.0671915,,한전주,02-450-7873,서울특별시 광진구청,2025-12-23
화양동629,1,,서울특별시 광진구 화양동 36-36,37.5441417424,127.06601092,,,02-450-7873,서울특별시 광진구청,2025-12-23
화양동630,1,,서울특별시 광진구 화양동 45-42,37.5431930638,127.0669872042,,한전주,02-450-7873,서울특별시 광진구청,2025-12-23
화양동631,1,,서울특별시 광진구 화양동 45-43,37.5431839,127.0669867,,건축물,02-450-7873,서울특별시 광진구청,2025-12-23
화양동632,1,,서울특별시 광진구 화양동 45-84,37.5428837473,127.0669932641,,,02-450-7873,서울특별시 광진구청,2025-12-23
화양동633,1,,서울특별시 광진구 화양동 45-1,37.5433439485,127.0673614298,,건축물,02-450-7873,서울특별시 광진구청,2025-12-23
화양동634,1,,서울특별시 광진구 화양동 45-30,37.5431184044,127.0672454696,,전용주,02-450-7873,서울특별시 광진구청,2025-12-23
화양동635,1,,서울특별시 광진구 화양동 46-21,37.5428304829,127.0673370923,,한전주,02-450-7873,서울특별시 광진구청,2025-12-23
화양동636,1,,서울특별시 광진구 화양동 46-17,37.5426702516,127.0672059,,한전주,02-450-7873,서울특별시 광진구청,2025-12-23
화양동637,1,,서울특별시 광진구 화양동 46-20,37.5427424418,127.0675183992,,전용주,02-450-7873,서울특별시 광진구청,2025-12-23
화양동638,1,,서울특별시 광진구 화양동 45-56,37.5425035696,127.0669155268,,전용주,02-450-7873,서울특별시 광진구청,2025-12-23
화양동639,1,,서울특별시 광진구 화양동 46-13,37.5423154743,127.0673365,,건축물,02-450-7873,서울특별시 광진구청,2025-12-23
화양동640,1,,서울특별시 광진구 화양동 46-9,37.5424983,127.0670119,,한전주,02-450-7873,서울특별시 광진구청,2025-12-23
화양동641,1,,서울특별시 광진구 화양동 46-65,37.5421487474,127.066921,,한전주,02-450-7873,서울특별시 광진구청,2025-12-23
화양동642,1,,서울특별시 광진구 화양동 46-59,37.5422907,127.0672582272,,한전주,02-450-7873,서울특별시 광진구청,2025-12-23
화양동643,1,,서울특별시 광진구 화양동 46-51,37.5421253698,127.0674196,,한전주,02-450-7873,서울특별시 광진구청,2025-12-23
화양동644,1,,서울특별시 광진구 화양동 46-50,37.542001951,127.0674472371,,,02-450-7873,서울특별시 광진구청,2025-12-23
화양동645,1,,서울특별시 광진구 화양동 46-64,37.5419835523,127.0668455861,,전용주,02-450-7873,서울특별시 광진구청,2025-12-23
화양동646,1,,서울특별시 광진구 화양동 49-1,37.54185117,127.0665886,,,02-450-7873,서울특별시 광진구청,2025-12-23
화양동647,1,,서울특별시 광진구 화양동 46-64,37.5419835523,127.0668011,,전용주,02-450-7873,서울특별시 광진구청,2025-12-23
화양동648,1,,서울특별시 광진구 화양동 48-2,37.54139517,127.0674446,,전용주,02-450-7873,서울특별시 광진구청,2025-12-23
화양동649,1,,서울특별시 광진구 화양동 48-17,37.5412055722,127.0675516,,한전주,02-450-7873,서울특별시 광진구청,2025-12-23
화양동650,1,,서울특별시 광진구 화양동 48-13,37.54129317,127.0677668086,,전용주,02-450-7873,서울특별시 광진구청,2025-12-23
화양동651,1,,서울특별시 광진구 화양동 48-27,37.5415268319,127.0674886,,전용주,02-450-7873,서울특별시 광진구청,2025-12-23
화양동652,1,,서울특별시 광진구 화양동 48-28,37.5414729331,127.0676764595,,전용주,02-450-7873,서울특별시 광진구청,2025-12-23
화양동654,1,,서울특별시 광진구 화양동 47-71,37.5417332122,127.0683066,,한전주,02-450-7873,서울특별시 광진구청,2025-12-23
화양동655,1,,서울특별시 광진구 화양동 47-75,37.5417880159,127.0681408966,,,02-450-7873,서울특별시 광진구청,2025-12-23
화양동656,1,,서울특별시 광진구 화양동 47-84,37.5419422031,127.0680346,,전용주,02-450-7873,서울특별시 광진구청,2025-12-23
화양동657,1,,서울특별시 광진구 화양동 47-80,37.5418983545,127.0678867426,,건축물,02-450-7873,서울특별시 광진구청,2025-12-23
화양동658,1,,서울특별시 광진구 화양동 46-46,37.5419296418,127.067533055,,한전주,02-450-7873,서울특별시 광진구청,2025-12-23
화양동659,1,,서울특별시 광진구 화양동 47-64,37.5421016235,127.0678058,,한전주,02-450-7873,서울특별시 광진구청,2025-12-23
화양동660,1,,서울특별시 광진구 화양동 47-63,37.5420460268,127.0680356,,건축물,02-450-7873,서울특별시 광진구청,2025-12-23
화양동661,1,,서울특별시 광진구 화양동 46-26,37.5422629001,127.0674865,,전용주,02-450-7873,서울특별시 광진구청,2025-12-23
화양동662,1,,서울특별시 광진구 화양동 46-31,37.5423171257,127.067570,,전용주,02-450-7873,서울특별시 광진구청,2025-12-23
화양동663,1,,서울특별시 광진구 화양동 47-48,37.5423009759,127.0679278,,한전주,02-450-7873,서울특별시 광진구청,2025-12-23
화양동664,1,,서울특별시 광진구 화양동 47-46,37.5422241743,127.0681883,,전용주,02-450-7873,서울특별시 광진구청,2025-12-23
화양동665,1,,서울특별시 광진구 화양동 46-77,37.5424702736,127.0677883,,,02-450-7873,서울특별시 광진구청,2025-12-23
화양동666,1,,서울특별시 광진구 화양동 46-81,37.5427260478,127.0678219,,한전주,02-450-7873,서울특별시 광진구청,2025-12-23
화양동667,1,,서울특별시 광진구 화양동 46-82,37.5427044484,127.0679395244,,한전주,02-450-7873,서울특별시 광진구청,2025-12-23
화양동668,1,,서울특별시 광진구 화양동 47-24,37.5425433581,127.0680525,,한전주,02-450-7873,서울특별시 광진구청,2025-12-23
화양동669,1,,서울특별시 광진구 화양동 47-25,37.5425031046,127.06820084,,건축물,02-450-7873,서울특별시 광진구청,2025-12-23
화양동670,1,,서울특별시 광진구 화양동 47-28,37.5425611289,127.0683209,,건축물,02-450-7873,서울특별시 광진구청,2025-12-23
화양동671,1,,서울특별시 광진구 화양동 47-35,37.54282317,127.0682823624,,건축물,02-450-7873,서울특별시 광진구청,2025-12-23
화양동672,1,,서울특별시 광진구 화양동 46-6,37.5428281203,127.0680972,,전용주,02-450-7873,서울특별시 광진구청,2025-12-23
화양동673,1,,서울특별시 광진구 화양동 47-36,37.5427579453,127.0684136,,전용주,02-450-7873,서울특별시 광진구청,2025-12-23
화양동674,1,,서울특별시 광진구 화양동 46-3,37.5430663726,127.0681085663,,한전주,02-450-7873,서울특별시 광진구청,2025-12-23
화양동675,1,,서울특별시 광진구 화양동 489,37.5458539967,127.0768770644,,,02-450-7873,서울특별시 광진구청,2025-12-23
화양동676,1,,서울특별시 광진구 화양동 45-87,37.5433266966,127.0666428799,,,02-450-7873,서울특별시 광진구청,2025-12-23
화양동677,1,,서울특별시 광진구 화양동 34-14,37.5431895572,127.0684175217,,,02-450-7873,서울특별시 광진구청,2025-12-23
화양동679,1,,서울특별시 광진구 화양동 15-7,37.5450271,127.0710375,,,02-450-7873,서울특별시 광진구청,2025-12-23
화양동680,1,,서울특별시 광진구 화양동 1-13,37.54516876,127.0716318,,건축물,02-450-7873,서울특별시 광진구청,2025-12-23
화양동681,1,,서울특별시 광진구 화양동 18-28,37.5474548648,127.070333468,,건축물,02-450-7873,서울특별시 광진구청,2025-12-23
화양동682,1,,서울특별시 광진구 화양동 33-18,37.5454199728,127.0677777962,,,02-450-7873,서울특별시 광진구청,2025-12-23
화양동683,1,,서울특별시 광진구 화양동 46-61,37.5421342638,127.067049849,,건축물,02-450-7873,서울특별시 광진구청,2025-12-23
화양동684,1,,서울특별시 광진구 화양동 10-20,37.542942,127.0696894,,건축물,02-450-7873,서울특별시 광진구청,2025-12-23
화양동685,1,,서울특별시 광진구 화양동 499-28,37.54519039,127.0741271639,,전용주,02-450-7873,서울특별시 광진구청,2025-12-23
화양동686,1,,서울특별시 광진구 화양동 35-53,37.5442673361,127.0680443,,한전주,02-450-7873,서울특별시 광진구청,2025-12-23
화양동687,1,,서울특별시 광진구 화양동 47-20,37.54201649,127.0681427,,건축물,02-450-7873,서울특별시 광진구청,2025-12-23
화양동688,1,,서울특별시 광진구 화양동 3-25,37.5433070446,127.0718141,,,02-450-7873,서울특별시 광진구청,2025-12-23
화양동689,1,,서울특별시 광진구 화양동 36-96,37.5444613,127.0675861227,,,02-450-7873,서울특별시 광진구청,2025-12-23
화양동690,1,,서울특별시 광진구 화양동 12-11,37.5441324826,127.0704838934,,건축물,02-450-7873,서울특별시 광진구청,2025-12-23
화양동691,1,,서울특별시 광진구 화양동 11-13,37.54252018,127.0702740214,,건축물,02-450-7873,서울특별시 광진구청,2025-12-23
화양동692,1,,서울특별시 광진구 화양동 504-1,37.545422887,127.0757811,,건축물,02-450-7873,서울특별시 광진구청,2025-12-23
화양동693,1,,서울특별시 광진구 화양동 80,37.5456273435,127.0718076709,,한전주,02-450-7873,서울특별시 광진구청,2025-12-23
화양동694,1,,서울특별시 광진구 화양동 48-17,37.5412055722,127.0675790205,,건축물,02-450-7873,서울특별시 광진구청,2025-12-23
화양동695,1,,서울특별시 광진구 화양동 48-17,37.5412709,127.0675790205,,건축물,02-450-7873,서울특별시 광진구청,2025-12-23
화양동696,1,,서울특별시 광진구 화양동 111-139,37.5466343,127.0721546736,,,02-450-7873,서울특별시 광진구청,2025-12-23
화양동697,1,,서울특별시 광진구 화양동 495-1,37.546097769,127.0761482,,한전주,02-450-7873,서울특별시 광진구청,2025-12-23
화양동698,1,,서울특별시 광진구 화양동 35-21,37.543734107,127.0677334,,,02-450-7873,서울특별시 광진구청,2025-12-23
화양동699,1,,서울특별시 광진구 화양동 10-28,37.5428593995,127.0692164982,,건축물,02-450-7873,서울특별시 광진구청,2025-12-23
화양동700,1,,서울특별시 광진구 화양동 111-100,37.5455435964,127.0736352113,,한전주,02-450-7873,서울특별시 광진구청,2025-12-23
화양동701,1,,서울특별시 광진구 화양동 37-45,37.544332543,127.0663748022,,건축물,02-450-7873,서울특별시 광진구청,2025-12-23
화양동702,1,,서울특별시 광진구 화양동 34-47,37.5441198748,127.0689473333,,,02-450-7873,서울특별시 광진구청,2025-12-23
화양동703,1,,서울특별시 광진구 화양동 8-24,37.5410311306,127.0700663865,,한전주,02-450-7873,서울특별시 광진구청,2025-12-23
화양동704,1,,서울특별시 광진구 화양동 24-41,37.5464255017,127.066941,,한전주,02-450-7873,서울특별시 광진구청,2025-12-23
화양동705,1,,서울특별시 광진구 화양동 24-38,37.5463138112,127.0669086,,전용주,02-450-7873,서울특별시 광진구청,2025-12-23
화양동706,1,,서울특별시 광진구 화양동 15-25,37.5447770414,127.0702576,,건축물,02-450-7873,서울특별시 광진구청,2025-12-23
화양동707,1,,서울특별시 광진구 화양동 132-113,37.54654649,127.0704933,,한전주,02-450-7873,서울특별시 광진구청,2025-12-23
화양동708,1,,서울특별시 광진구 화양동 499-79,37.5458579189,127.075122767,,,02-450-7873,서울특별시 광진구청,2025-12-23
화양동709,1,,서울특별시 광진구 화양동 20-37,37.5473810488,127.0683448,,건축물,02-450-7873,서울특별시 광진구청,2025-12-23
화양동710,1,,서울특별시 광진구 화양동 427-1,37.5449516216,127.0760804145,,한전주,02-450-7873,서울특별시 광진구청,2025-12-23
화양동711,1,,서울특별시 광진구 화양동 21-58,37.547642163,127.068488932,,,02-450-7873,서울특별시 광진구청,2025-12-23
화양동712,1,,서울특별시 광진구 화양동 23-2,37.5474762311,127.0677799974,,한전주,02-450-7873,서울특별시 광진구청,2025-12-23
화양동713,1,,서울특별시 광진구 화양동 31-67,37.5454128365,127.0666973,,,02-450-7873,서울특별시 광진구청,2025-12-23
화양동714,1,,서울특별시 광진구 화양동 2-30,37.5443720657,127.0718006,,한전주,02-450-7873,서울특별시 광진구청,2025-12-23
화양동715,1,,서울특별시 광진구 화양동 15-21,37.5454478056,127.0705596,,,02-450-7873,서울특별시 광진구청,2025-12-23
화양동716,1,,서울특별시 광진구 화양동 15-44,37.5448089035,127.0695030042,,,02-450-7873,서울특별시 광진구청,2025-12-23
화양동718,1,,서울특별시 광진구 화양동 41-12,37.5450852085,127.06642673,,한전주,02-450-7873,서울특별시 광진구청,2025-12-23
화양동719,1,,서울특별시 광진구 화양동 17-21,37.5470598154,127.0697133,,건축물,02-450-7873,서울특별시 광진구청,2025-12-23
화양동720,1,,서울특별시 광진구 화양동 17-21,37.5470598154,127.0697469184,,건축물,02-450-7873,서울특별시 광진구청,2025-12-23
화양동721,1,,서울특별시 광진구 화양동 9-38,37.541964292,127.0688906,,,02-450-7873,서울특별시 광진구청,2025-12-23
화양동722,1,,서울특별시 광진구 화양동 33-30,37.5450877,127.068840,,건축물,02-450-7873,서울특별시 광진구청,2025-12-23
화양동723,1,,서울특별시 광진구 화양동 36-1,37.5447654615,127.068173,,건축물,02-450-7873,서울특별시 광진구청,2025-12-23
화양동724,1,,서울특별시 광진구 화양동 47-68,37.5416609189,127.0677685093,,,02-450-7873,서울특별시 광진구청,2025-12-23
화양동726,1,,서울특별시 광진구 화양동 2-21,37.5447247294,127.0723869617,,건축물,02-450-7873,서울특별시 광진구청,2025-12-23
화양동727,1,,서울특별시 광진구 화양동 2-21,37.5447247294,127.0723869617,,건축물,02-450-7873,서울특별시 광진구청,2025-12-23
화양동728,1,,서울특별시 광진구 화양동 501-2,37.5452528928,127.0744097,,,02-450-7873,서울특별시 광진구청,2025-12-23
화양동729,1,,서울특별시 광진구 화양동 36-9,37.5447545242,127.0675243,,,02-450-7873,서울특별시 광진구청,2025-12-23
화양동730,1,,서울특별시 광진구 화양동 46-22,37.5423374301,127.0678547462,,,02-450-7873,서울특별시 광진구청,2025-12-23
화양동731,1,,서울특별시 광진구 화양동 31-73,37.5459672648,127.0680207905,,한전주,02-450-7873,서울특별시 광진구청,2025-12-23
화양동732,1,,서울특별시 광진구 화양동 31-9,37.5461868012,127.0675036684,,건축물,02-450-7873,서울특별시 광진구청,2025-12-23
