보안등위치명,설치개수,소재지도로명주소,소재지지번주소,위도,경도,설치연도,설치형태,관리기관전화번호,관리기관명,데이터기준일자
13-33-26,1,서울특별시 강북구 삼각산로4나길 32,,37.63669089,127.0069169,2000,전용주,02-901-5868,서울특별시 강북구청,2025-08-12
13-33-25,1,서울특별시 강북구 삼각산로 5,,37.63785114,127.0056016,2000,전용주,02-901-5867,서울특별시 강북구청,2025-08-12
13-33-24,1,서울특별시 강북구 삼각산로 5,,37.63785114,127.0056016,2000,전용주,02-901-5866,서울특별시 강북구청,2025-08-12
13-33-23,1,서울특별시 강북구 삼각산로 5,,37.63785114,127.0056016,2000,전용주,02-901-5865,서울특별시 강북구청,2025-08-12
13-33-22,1,서울특별시 강북구 삼각산로 5,,37.63785114,127.0056016,2000,전용주,02-901-5864,서울특별시 강북구청,2025-08-12
13-33-21,1,서울특별시 강북구 삼각산로 5,,37.63785114,127.0056016,2000,전용주,02-901-5863,서울특별시 강북구청,2025-08-12
13-33-20,1,서울특별시 강북구 삼각산로 5,,37.63785114,127.0056016,2000,전용주,02-901-5863,서울특별시 강북구청,2025-08-12
13-33-19,1,서울특별시 강북구 삼각산로 5,,37.63785114,127.0056016,2000,전용주,02-901-5863,서울특별시 강북구청,2025-08-12
13-33-18,1,서울특별시 강북구 삼각산로 5,,37.63785114,127.0056016,2000,전용주,02-901-5863,서울특별시 강북구청,2025-08-12
13-33-17,1,서울특별시 강북구 삼각산로 5,,37.63785114,127.0056016,2000,전용주,02-901-5863,서울특별시 강북구청,2025-08-12
13-33-16,1,서울특별시 강북구 삼각산로 5,,37.63785114,127.0056016,2000,전용주,02-901-5863,서울특별시 강북구청,2025-08-12
13-33-15,1,서울특별시 강북구 삼각산로 5,,37.63785114,127.0056016,2000,전용주,02-901-5863,서울특별시 강북구청,2025-08-12
13-33-14,1,서울특별시 강북구 삼각산로 5,,37.63785114,127.0056016,2000,전용주,02-901-5863,서울특별시 강북구청,2025-08-12
13-33-13,1,서울특별시 강북구 삼각산로 5,,37.63785114,127.0056016,2000,한전주,02-901-5863,서울특별시 강북구청,2025-08-12
13-33-12,1,서울특별시 강북구 삼각산로 5,,37.63785114,127.0056016,2000,한전주,02-901-5863,서울특별시 강북구청,2025-08-12
13-33-11,1,서울특별시 강북구 삼각산로 5,,37.63785114,127.0056016,2000,한전주,02-901-5863,서울특별시 강북구청,2025-08-12
13-33-10,1,서울특별시 강북구 삼각산로 5,,37.63785114,127.0056016,2000,한전주,02-901-5863,서울특별시 강북구청,2025-08-12
13-33-09,1,서울특별시 강북구 인수봉로55길 168,,37.63597202,127.0028703,2000,,02-901-5863,서울특별시 강북구청,2025-08-12
13-33-08,1,서울특별시 강북구 인수봉로55길 168,,37.63597202,127.0028703,2000,한전주,02-901-5863,서울특별시 강북구청,2025-08-12
13-33-07,1,서울특별시 강북구 인수봉로55길 168,,37.63597202,127.0028703,2000,,02-901-5863,서울특별시 강북구청,2025-08-12
13-33-06,1,서울특별시 강북구 인수봉로55길 168,,37.63597202,127.0028703,2000,한전주,02-901-5863,서울특별시 강북구청,2025-08-12
13-33-05,1,서울특별시 강북구 인수봉로55길 168,,37.63597202,127.0028703,2000,한전주,02-901-5863,서울특별시 강북구청,2025-08-12
13-33-04,1,서울특별시 강북구 삼각산로4나길 32,,37.63669089,127.0069169,2000,한전주,02-901-5863,서울특별시 강북구청,2025-08-12
13-33-03,1,서울특별시 강북구 삼각산로4나길 32,,37.63669089,127.0069169,2000,한전주,02-901-5863,서울특별시 강북구청,2025-08-12
13-33-02,1,서울특별시 강북구 삼각산로4나길 32,,37.63669089,127.0069169,2000,한전주,02-901-5863,서울특별시 강북구청,2025-08-12
13-33-01,2,서울특별시 강북구 삼각산로4나길 32,,37.63669089,127.0069169,2000,한전주,02-901-5863,서울특별시 강북구청,2025-08-12
13-32-50,1,서울특별시 강북구 인수봉로55가길 16,,37.63615428,127.0095413,2000,건축물,02-901-5863,서울특별시 강북구청,2025-08-12
13-32-36,1,서울특별시 강북구 인수봉로55길 67,,37.63658823,127.0086405,2000,한전주,02-901-5863,서울특별시 강북구청,2025-08-12
13-32-35,1,서울특별시 강북구 인수봉로55가길 2,,37.63664135,127.0096029,2000,한전주,02-901-5863,서울특별시 강북구청,2025-08-12
13-32-34,1,서울특별시 강북구 인수봉로55가길 12,,37.63619165,127.0096995,2000,한전주,02-901-5863,서울특별시 강북구청,2025-08-12
13-32-33,1,서울특별시 강북구 인수봉로55가길 16,,37.63615219,127.0092921,2000,한전주,02-901-5863,서울특별시 강북구청,2025-08-12
13-32-32,1,서울특별시 강북구 인수봉로55가길 18,,37.63601165,127.0097245,2000,한전주,02-901-5863,서울특별시 강북구청,2025-08-12
13-32-31,1,서울특별시 강북구 인수봉로55가길 21,,37.63580671,127.0099991,2000,전용주,02-901-5863,서울특별시 강북구청,2025-08-12
13-32-30,1,서울특별시 강북구 인수봉로55가길 24,,37.63568741,127.0097401,2000,한전주,02-901-5863,서울특별시 강북구청,2025-08-12
13-32-29,2,서울특별시 강북구 인수봉로55가길 16,,37.63564719,127.0092421,2000,한전주,02-901-5863,서울특별시 강북구청,2025-08-12
13-32-28,1,서울특별시 강북구 인수봉로55가길 16,,37.63564719,127.0092421,2000,건축물,02-901-5863,서울특별시 강북구청,2025-08-12
13-32-27,1,서울특별시 강북구 인수봉로55가길 30,,37.63545241,127.0096526,2000,한전주,02-901-5863,서울특별시 강북구청,2025-08-12
13-32-26,2,서울특별시 강북구 인수봉로55가길 30,,37.63545241,127.0096526,2000,한전주,02-901-5863,서울특별시 강북구청,2025-08-12
13-32-25,1,서울특별시 강북구 인수봉로55가길 30,,37.63545241,127.0096526,2000,건축물,02-901-5863,서울특별시 강북구청,2025-08-12
13-32-24,1,서울특별시 강북구 인수봉로55가길 30,,37.63545241,127.0096526,2000,건축물,02-901-5863,서울특별시 강북구청,2025-08-12
13-32-23,1,서울특별시 강북구 인수봉로55가길 30,,37.63545241,127.0096526,2000,건축물,02-901-5863,서울특별시 강북구청,2025-08-12
13-32-22,1,서울특별시 강북구 인수봉로55가길 27,,37.63550706,127.0099697,2000,한전주,02-901-5863,서울특별시 강북구청,2025-08-12
13-32-21,1,서울특별시 강북구 인수봉로55가길 30,,37.63545241,127.0096526,2000,건축물,02-901-5863,서울특별시 강북구청,2025-08-12
13-32-20,1,서울특별시 강북구 인수봉로55길 39,,37.63549319,127.0102186,2000,건축물,02-901-5863,서울특별시 강북구청,2025-08-12
13-32-19,2,서울특별시 강북구 인수봉로55길 39,,37.63549319,127.0102186,2000,한전주,02-901-5863,서울특별시 강북구청,2025-08-12
13-32-18,1,서울특별시 강북구 인수봉로55길 39,,37.63549319,127.0102186,2000,건축물,02-901-5863,서울특별시 강북구청,2025-08-12
13-32-17,1,서울특별시 강북구 인수봉로55길 39,,37.63549319,127.0102186,2000,건축물,02-901-5863,서울특별시 강북구청,2025-08-12
13-32-16,1,서울특별시 강북구 인수봉로55길 39,,37.63549319,127.0102186,2000,한전주,02-901-5863,서울특별시 강북구청,2025-08-12
13-32-15,1,서울특별시 강북구 인수봉로55길 39,,37.63549319,127.0102186,2000,건축물,02-901-5863,서울특별시 강북구청,2025-08-12
13-32-14,1,서울특별시 강북구 인수봉로55길 43,,37.63665235,127.0103934,2000,건축물,02-901-5863,서울특별시 강북구청,2025-08-12
13-32-13,2,서울특별시 강북구 인수봉로55길 43,,37.63665235,127.0103934,2000,전용주,02-901-5863,서울특별시 강북구청,2025-08-12
13-32-12,2,서울특별시 강북구 인수봉로55길 43,,37.63665235,127.0103894,2000,한전주,02-901-5863,서울특별시 강북구청,2025-08-12
13-32-11,1,서울특별시 강북구 인수봉로55길 47,,37.63663719,127.0102124,2000,한전주,02-901-5863,서울특별시 강북구청,2025-08-12
13-32-10,1,서울특별시 강북구 인수봉로55길 41,,37.63663093,127.0105094,2000,건축물,02-901-5863,서울특별시 강북구청,2025-08-12
13-32-08,1,서울특별시 강북구 인수봉로55길 39,,37.63635325,127.0107057,2000,건축물,02-901-5863,서울특별시 강북구청,2025-08-12
13-32-07,2,서울특별시 강북구 인수봉로55길 39,,37.6361009,127.0106977,2000,한전주,02-901-5863,서울특별시 강북구청,2025-08-12
13-32-06,1,서울특별시 강북구 인수봉로55길 39,,37.635730,127.0105213,2000,한전주,02-901-5863,서울특별시 강북구청,2025-08-12
13-32-05,1,서울특별시 강북구 인수봉로51길 42,,37.63550141,127.010717,2000,,02-901-5863,서울특별시 강북구청,2025-08-12
13-32-03,1,서울특별시 강북구 인수봉로55길 33,,37.63559751,127.0108403,2000,한전주,02-901-5863,서울특별시 강북구청,2025-08-12
13-32-02,1,서울특별시 강북구 인수봉로55길 33,,37.63631845,127.0108535,2000,한전주,02-901-5863,서울특별시 강북구청,2025-08-12
13-32-01,1,서울특별시 강북구 인수봉로55길 33,,37.63667873,127.0108374,2000,한전주,02-901-5863,서울특별시 강북구청,2025-08-12
13-31-22,1,서울특별시 강북구 도봉로81길 21,,37.63495849,127.0217483,2000,전용주,02-901-5863,서울특별시 강북구청,2025-08-12
13-31-21,1,서울특별시 강북구 도봉로81길 39,,37.63486005,127.0207412,2000,건축물,02-901-5863,서울특별시 강북구청,2025-08-12
13-31-20,1,서울특별시 강북구 도봉로81길 48,,37.63507712,127.0203611,2000,건축물,02-901-5863,서울특별시 강북구청,2025-08-12
13-31-19,1,서울특별시 강북구 도봉로81길 48,,37.63507712,127.0203851,2000,한전주,02-901-5863,서울특별시 강북구청,2025-08-12
13-31-18,1,서울특별시 강북구 도봉로81길 48,,37.63507336,127.0203872,2000,건축물,02-901-5863,서울특별시 강북구청,2025-08-12
13-31-17,2,서울특별시 강북구 도봉로81길 50,,37.63505384,127.0202061,2000,한전주,02-901-5863,서울특별시 강북구청,2025-08-12
13-31-16,1,서울특별시 강북구 덕릉로19길 17,,37.63500579,127.0198442,2000,,02-901-5863,서울특별시 강북구청,2025-08-12
13-31-15,1,서울특별시 강북구 덕릉로19길 19,,37.63508631,127.0197752,2000,한전주,02-901-5863,서울특별시 강북구청,2025-08-12
13-31-14,1,서울특별시 강북구 노해로3길 59,,37.63532093,127.0198174,2000,건축물,02-901-5863,서울특별시 강북구청,2025-08-12
13-31-13,1,서울특별시 강북구 노해로3길 53,,37.63535941,127.0201115,2000,한전주,02-901-5863,서울특별시 강북구청,2025-08-12
13-31-12,1,서울특별시 강북구 수유로 58,,37.63563917,127.0200628,2000,전용주,02-901-5863,서울특별시 강북구청,2025-08-12
13-31-11,2,서울특별시 강북구 노해로3길 45,,37.63551585,127.020506,2000,한전주,02-901-5863,서울특별시 강북구청,2025-08-12
13-31-10,1,서울특별시 강북구 도봉로81길 42,,37.63510156,127.0207566,2000,한전주,02-901-5863,서울특별시 강북구청,2025-08-12
13-31-09,1,서울특별시 강북구 도봉로81길 43,,37.63488595,127.0206049,2000,한전주,02-901-5863,서울특별시 강북구청,2025-08-12
13-31-08,1,서울특별시 강북구 도봉로81길 38,,37.6351046,127.0208966,2000,전용주,02-901-5863,서울특별시 강북구청,2025-08-12
13-31-07,1,서울특별시 강북구 도봉로81길 37,,37.63491617,127.0209897,2000,한전주,02-901-5863,서울특별시 강북구청,2025-08-12
13-31-06,1,서울특별시 강북구 도봉로81길 21,,37.63495849,127.0217483,2000,한전주,02-901-5863,서울특별시 강북구청,2025-08-12
13-31-05,1,서울특별시 강북구 도봉로81길 23,,37.63491167,127.0215336,2000,건축물,02-901-5863,서울특별시 강북구청,2025-08-12
13-31-04,2,서울특별시 강북구 도봉로81길 23,,37.63500166,127.0215211,2000,한전주,02-901-5863,서울특별시 강북구청,2025-08-12
13-31-02,2,서울특별시 강북구 수유로 64,,37.63585211,127.0207156,2000,전용주,02-901-5863,서울특별시 강북구청,2025-08-12
13-30-21,1,서울특별시 강북구 도봉로81길 24,,37.6351932,127.021683,2000,건축물,02-901-5863,서울특별시 강북구청,2025-08-12
13-30-19,1,서울특별시 강북구 도봉로81길 30,,37.63515947,127.0213815,2000,한전주,02-901-5863,서울특별시 강북구청,2025-08-12
13-30-18,1,서울특별시 강북구 도봉로81길 30,,37.63515947,127.0213548,2000,건축물,02-901-5863,서울특별시 강북구청,2025-08-12
13-30-17,1,서울특별시 강북구 도봉로81길 15,,37.63498111,127.0223031,2000,한전주,02-901-5863,서울특별시 강북구청,2025-08-12
13-30-16,1,서울특별시 강북구 도봉로81길 12,,37.63523412,127.0223905,2000,한전주,02-901-5863,서울특별시 강북구청,2025-08-12
13-30-13,1,서울특별시 강북구 수유로 78,,37.63616105,127.0222537,2000,한전주,02-901-5863,서울특별시 강북구청,2025-08-12
13-30-12,1,서울특별시 강북구 도봉로81길 24,,37.6351932,127.021683,2000,건축물,02-901-5863,서울특별시 강북구청,2025-08-12
13-30-11,1,서울특별시 강북구 노해로3길 17,,37.63597871,127.0219955,2000,한전주,02-901-5863,서울특별시 강북구청,2025-08-12
13-30-10,1,서울특별시 강북구 수유로 74,,37.63610297,127.0217673,2000,한전주,02-901-5863,서울특별시 강북구청,2025-08-12
13-30-09,1,서울특별시 강북구 덕릉로23길 25,,37.63580528,127.0217258,2000,,02-901-5863,서울특별시 강북구청,2025-08-12
13-30-07,1,서울특별시 강북구 덕릉로23길 18,,37.63550985,127.0219563,2000,한전주,02-901-5863,서울특별시 강북구청,2025-08-12
13-30-06,1,서울특별시 강북구 도봉로81길 22,,37.6351842,127.0217985,2000,건축물,02-901-5863,서울특별시 강북구청,2025-08-12
13-30-04,2,서울특별시 강북구 도봉로81길 24,,37.6351932,127.021683,2000,한전주,02-901-5863,서울특별시 강북구청,2025-08-12
13-30-03,1,서울특별시 강북구 도봉로81길 24,,37.6351932,127.021683,2000,한전주,02-901-5863,서울특별시 강북구청,2025-08-12
13-30-02,1,서울특별시 강북구 도봉로81길 24,,37.6351932,127.0216251,2000,전용주,02-901-5863,서울특별시 강북구청,2025-08-12
13-30-01,1,서울특별시 강북구 노해로3길 29,,37.6357485,127.0214039,2000,한전주,02-901-5863,서울특별시 강북구청,2025-08-12
13-29-30,1,서울특별시 강북구 인수봉로62가길 25,,37.6392025,127.0152569,2000,,02-901-5863,서울특별시 강북구청,2025-08-12
13-29-29,1,서울특별시 강북구 인수봉로62가길 34,,37.63924297,127.0157889,2000,건축물,02-901-5863,서울특별시 강북구청,2025-08-12
13-29-28,1,서울특별시 강북구 인수봉로64길 4,,37.63948175,127.0131237,2000,전용주,02-901-5863,서울특별시 강북구청,2025-08-12
13-29-27,1,서울특별시 강북구 인수봉로64길 4,,37.63948175,127.0131237,2000,전용주,02-901-5863,서울특별시 강북구청,2025-08-12
13-29-26,1,서울특별시 강북구 노해로17길 50,,37.64055414,127.0196014,2000,,02-901-5863,서울특별시 강북구청,2025-08-12
13-29-25,1,서울특별시 강북구 삼양로99길 36,,37.63865468,127.0148082,2000,전용주,02-901-5863,서울특별시 강북구청,2025-08-12
13-29-23,1,서울특별시 강북구 인수봉로62길 5,,37.63894725,127.0138213,2000,한전주,02-901-5863,서울특별시 강북구청,2025-08-12
13-29-22,1,서울특별시 강북구 인수봉로64길 5,,37.63971685,127.0131879,2000,한전주,02-901-5863,서울특별시 강북구청,2025-08-12
13-29-21,2,서울특별시 강북구 인수봉로64길 34,,37.63962112,127.0146735,2000,건축물,02-901-5863,서울특별시 강북구청,2025-08-12
13-29-20,1,서울특별시 강북구 인수봉로62길 17,,37.63932399,127.0143189,2000,한전주,02-901-5863,서울특별시 강북구청,2025-08-12
13-29-19,1,서울특별시 강북구 인수봉로62길 19,,37.63942131,127.0144835,2000,한전주,02-901-5863,서울특별시 강북구청,2025-08-12
13-29-18,1,서울특별시 강북구 인수봉로62길 25,,37.63952287,127.0147768,2000,한전주,02-901-5863,서울특별시 강북구청,2025-08-12
13-29-17,1,서울특별시 강북구 인수봉로62길 35,,37.63967032,127.0151714,2000,한전주,02-901-5863,서울특별시 강북구청,2025-08-12
13-29-16,1,서울특별시 강북구 인수봉로62나길 25,,37.63950976,127.0153661,2000,한전주,02-901-5863,서울특별시 강북구청,2025-08-12
13-29-15,2,서울특별시 강북구 인수봉로62나길 22,,37.63925589,127.0151769,2000,한전주,02-901-5863,서울특별시 강북구청,2025-08-12
13-29-14,1,서울특별시 강북구 인수봉로62나길 18,,37.63923646,127.0150072,2000,한전주,02-901-5863,서울특별시 강북구청,2025-08-12
13-29-13,1,서울특별시 강북구 인수봉로62나길 12,,37.63913462,127.0146799,2000,한전주,02-901-5863,서울특별시 강북구청,2025-08-12
13-29-12,1,서울특별시 강북구 인수봉로62나길 4,,37.63900527,127.0142964,2000,건축물,02-901-5863,서울특별시 강북구청,2025-08-12
13-29-11,1,서울특별시 강북구 인수봉로62길 5,,37.63894753,127.0138179,2000,한전주,02-901-5863,서울특별시 강북구청,2025-08-12
13-29-10,1,서울특별시 강북구 인수봉로62길 5,,37.63894753,127.0138281,2000,한전주,02-901-5863,서울특별시 강북구청,2025-08-12
13-29-09,1,서울특별시 강북구 인수봉로 214,,37.63878432,127.0137328,2000,한전주,02-901-5863,서울특별시 강북구청,2025-08-12
13-29-08,1,서울특별시 강북구 인수봉로62길 8,,37.63887668,127.0140035,2000,한전주,02-901-5863,서울특별시 강북구청,2025-08-12
13-29-07,1,서울특별시 강북구 인수봉로62길 10,,37.63896744,127.0140816,2000,한전주,02-901-5863,서울특별시 강북구청,2025-08-12
13-29-06,1,서울특별시 강북구 인수봉로62가길 5,,37.63892353,127.0142181,2000,한전주,02-901-5863,서울특별시 강북구청,2025-08-12
13-29-05,1,서울특별시 강북구 인수봉로62가길 9,,37.63897919,127.0144105,2000,한전주,02-901-5863,서울특별시 강북구청,2025-08-12
13-29-04,1,서울특별시 강북구 인수봉로62가길 15,,37.63907183,127.0147147,2000,한전주,02-901-5863,서울특별시 강북구청,2025-08-12
13-29-03,1,서울특별시 강북구 인수봉로62가길 17,,37.63910283,127.014805,2000,한전주,02-901-5863,서울특별시 강북구청,2025-08-12
13-29-02,1,서울특별시 강북구 인수봉로62가길 21,,37.63916467,127.0150421,2000,한전주,02-901-5863,서울특별시 강북구청,2025-08-12
13-29-01,1,서울특별시 강북구 인수봉로62가길 30,,37.6391326,127.0155184,2000,한전주,02-901-5863,서울특별시 강북구청,2025-08-12
13-28-48,1,서울특별시 강북구 삼각산로 98,,37.64045455,127.0150122,2000,한전주,02-901-5863,서울특별시 강북구청,2025-08-12
13-28-47,1,서울특별시 강북구 삼각산로 98,,37.64045455,127.0150122,2000,,02-901-5863,서울특별시 강북구청,2025-08-12
13-28-46,1,서울특별시 강북구 인수봉로64길 51,,37.63966462,127.0155681,2000,한전주,02-901-5863,서울특별시 강북구청,2025-08-12
13-28-45,1,서울특별시 강북구 삼각산로20길 27,,37.63947076,127.0160918,2000,건축물,02-901-5863,서울특별시 강북구청,2025-08-12
13-28-44,1,서울특별시 강북구 삼각산로22길 18,,37.63987365,127.0166553,2000,건축물,02-901-5863,서울특별시 강북구청,2025-08-12
13-28-43,1,서울특별시 강북구 삼각산로22길 18,,37.63987365,127.0166553,2000,전용주,02-901-5863,서울특별시 강북구청,2025-08-12
13-28-42,1,서울특별시 강북구 삼각산로22길 18,,37.63987365,127.0166553,2000,건축물,02-901-5863,서울특별시 강북구청,2025-08-12
13-28-41,1,서울특별시 강북구 삼각산로22길 22,,37.63967377,127.016667,2000,건축물,02-901-5863,서울특별시 강북구청,2025-08-12
13-28-40,1,서울특별시 강북구 삼각산로22길 22,,37.63967377,127.016667,2000,한전주,02-901-5863,서울특별시 강북구청,2025-08-12
13-28-39,1,서울특별시 강북구 삼각산로22길 6,,37.64038342,127.0166712,2000,한전주,02-901-5863,서울특별시 강북구청,2025-08-12
13-28-38,2,서울특별시 강북구 삼각산로22길 10,,37.64020485,127.0166034,2000,한전주,02-901-5863,서울특별시 강북구청,2025-08-12
13-28-37,1,서울특별시 강북구 삼각산로20길 7,,37.64034617,127.0161595,2000,한전주,02-901-5863,서울특별시 강북구청,2025-08-12
13-28-36,1,서울특별시 강북구 삼각산로22길 6,,37.64038342,127.0166712,2000,건축물,02-901-5863,서울특별시 강북구청,2025-08-12
13-28-35,1,서울특별시 강북구 삼각산로 106,,37.64057758,127.0159186,2000,건축물,02-901-5863,서울특별시 강북구청,2025-08-12
13-28-34,1,서울특별시 강북구 삼각산로20길 16,,37.63991924,127.015848,2000,건축물,02-901-5863,서울특별시 강북구청,2025-08-12
13-28-33,1,서울특별시 강북구 삼각산로20길 16,,37.63991924,127.015848,2000,한전주,02-901-5863,서울특별시 강북구청,2025-08-12
13-28-32,1,서울특별시 강북구 삼각산로20길 16,,37.63991924,127.015848,2000,건축물,02-901-5863,서울특별시 강북구청,2025-08-12
13-28-31,1,서울특별시 강북구 삼각산로18길 14,,37.63999797,127.0155637,2000,한전주,02-901-5863,서울특별시 강북구청,2025-08-12
13-28-30,1,서울특별시 강북구 삼각산로18길 12,,37.64017749,127.015482,2000,건축물,02-901-5863,서울특별시 강북구청,2025-08-12
13-28-29,1,서울특별시 강북구 삼각산로18길 5,,37.64031377,127.0156162,2000,한전주,02-901-5863,서울특별시 강북구청,2025-08-12
13-28-28,1,서울특별시 강북구 삼각산로18길 5,,37.64030608,127.0157749,2000,한전주,02-901-5863,서울특별시 강북구청,2025-08-12
13-28-27,1,서울특별시 강북구 인수봉로64길 15,,37.63985558,127.0136166,2000,건축물,02-901-5863,서울특별시 강북구청,2025-08-12
13-28-26,1,서울특별시 강북구 삼각산로 88,,37.64026346,127.0139059,2000,건축물,02-901-5863,서울특별시 강북구청,2025-08-12
13-28-25,1,서울특별시 강북구 삼각산로 86,,37.64016946,127.0136935,2000,한전주,02-901-5863,서울특별시 강북구청,2025-08-12
13-28-24,1,서울특별시 강북구 삼각산로 86,,37.64016946,127.0136935,2000,한전주,02-901-5863,서울특별시 강북구청,2025-08-12
13-28-23,1,서울특별시 강북구 삼각산로 90,,37.6402796,127.0140977,2000,한전주,02-901-5863,서울특별시 강북구청,2025-08-12
13-28-22,1,서울특별시 강북구 삼각산로 90,,37.6402796,127.0140977,2000,한전주,02-901-5863,서울특별시 강북구청,2025-08-12
13-28-21,1,서울특별시 강북구 삼각산로 90,,37.6402796,127.0140977,2000,한전주,02-901-5863,서울특별시 강북구청,2025-08-12
13-28-20,1,서울특별시 강북구 인수봉로64길 29,,37.63997961,127.0144422,2000,한전주,02-901-5863,서울특별시 강북구청,2025-08-12
13-28-19,1,서울특별시 강북구 삼각산로 92,,37.64028722,127.0144504,2000,건축물,02-901-5863,서울특별시 강북구청,2025-08-12
13-28-18,1,서울특별시 강북구 삼각산로 92,,37.64020758,127.0144504,2000,한전주,02-901-5863,서울특별시 강북구청,2025-08-12
13-28-17,1,서울특별시 강북구 삼각산로 92,,37.64028722,127.0144504,2000,건축물,02-901-5863,서울특별시 강북구청,2025-08-12
13-28-16,1,서울특별시 강북구 삼각산로 92,,37.64028722,127.0144504,2000,한전주,02-901-5863,서울특별시 강북구청,2025-08-12
13-28-15,1,서울특별시 강북구 삼각산로 96,,37.6404161,127.0148498,2000,한전주,02-901-5863,서울특별시 강북구청,2025-08-12
13-28-14,2,서울특별시 강북구 인수봉로64길 37,,37.63998367,127.0149293,2000,한전주,02-901-5863,서울특별시 강북구청,2025-08-12
13-28-13,1,서울특별시 강북구 인수봉로64길 41,,37.63995018,127.0152357,2000,한전주,02-901-5863,서울특별시 강북구청,2025-08-12
13-28-12,1,서울특별시 강북구 삼각산로 98,,37.64045455,127.0150122,2000,건축물,02-901-5863,서울특별시 강북구청,2025-08-12
13-28-11,1,서울특별시 강북구 삼각산로 98,,37.64045455,127.0150122,2000,한전주,02-901-5863,서울특별시 강북구청,2025-08-12
13-28-10,1,서울특별시 강북구 인수봉로64길 45,,37.63981655,127.0154187,2000,한전주,02-901-5863,서울특별시 강북구청,2025-08-12
13-28-09,1,서울특별시 강북구 인수봉로64길 51,,37.63981891,127.015702,2000,,02-901-5863,서울특별시 강북구청,2025-08-12
13-28-08,1,서울특별시 강북구 인수봉로64길 53,,37.63963891,127.015727,2000,한전주,02-901-5863,서울특별시 강북구청,2025-08-12
13-28-06,1,서울특별시 강북구 인수봉로64길 67,,37.63902687,127.0162513,2000,한전주,02-901-5863,서울특별시 강북구청,2025-08-12
13-28-05,1,서울특별시 강북구 인수봉로64길 67,,37.63902687,127.0162513,2000,한전주,02-901-5863,서울특별시 강북구청,2025-08-12
13-28-04,1,서울특별시 강북구 인수봉로64길 67,,37.63902687,127.0162513,2000,한전주,02-901-5863,서울특별시 강북구청,2025-08-12
13-28-02,1,서울특별시 강북구 인수봉로64길 67,,37.63902687,127.0162513,2000,건축물,02-901-5863,서울특별시 강북구청,2025-08-12
13-28-01,1,서울특별시 강북구 삼양로99길 6,,37.63946627,127.0166357,2000,한전주,02-901-5863,서울특별시 강북구청,2025-08-12
13-27-85,2,서울특별시 강북구 인수봉로55길 168,,37.63597202,127.0028703,2000,전용주,02-901-5863,서울특별시 강북구청,2025-08-12
13-27-84,1,서울특별시 강북구 삼각산로4가길 50,,37.63749931,127.0087644,2000,건축물,02-901-5863,서울특별시 강북구청,2025-08-12
13-27-83,1,서울특별시 강북구 삼각산로4가길 42,,37.63746033,127.0084136,2000,전용주,02-901-5863,서울특별시 강북구청,2025-08-12
13-27-82,1,서울특별시 강북구 삼각산로4가길 50,,37.63749931,127.0087644,2000,,02-901-5863,서울특별시 강북구청,2025-08-12
13-27-81,1,서울특별시 강북구 인수봉로55다길 16,,37.6374502,127.0094179,2000,,02-901-5863,서울특별시 강북구청,2025-08-12
13-27-80,1,서울특별시 강북구 삼각산로4길 52,,37.6380046,127.0088483,2000,전용주,02-901-5863,서울특별시 강북구청,2025-08-12
13-27-79,1,서울특별시 강북구 삼각산로4가길 11,,37.63771873,127.0071232,2000,,02-901-5863,서울특별시 강북구청,2025-08-12
13-27-78,1,서울특별시 강북구 삼각산로4나길 5,,37.63809034,127.0078157,2000,,02-901-5863,서울특별시 강북구청,2025-08-12
13-27-77,1,서울특별시 강북구 삼각산로4길 42,,37.63838251,127.0085065,2000,전용주,02-901-5863,서울특별시 강북구청,2025-08-12
13-27-76,1,서울특별시 강북구 삼각산로4길 21,,37.63844308,127.0074148,2000,,02-901-5863,서울특별시 강북구청,2025-08-12
13-27-75,1,서울특별시 강북구 삼각산로4길 17,,37.63836881,127.0071552,2000,,02-901-5863,서울특별시 강북구청,2025-08-12
13-27-74,1,서울특별시 강북구 삼각산로 10,,37.63778493,127.0059259,2000,한전주,02-901-5863,서울특별시 강북구청,2025-08-12
13-27-73,1,서울특별시 강북구 삼각산로4나길 32,,37.63669089,127.0069169,2000,전용주,02-901-5863,서울특별시 강북구청,2025-08-12
13-27-72,1,서울특별시 강북구 삼각산로4나길 32,,37.63669089,127.0069169,2000,전용주,02-901-5863,서울특별시 강북구청,2025-08-12
13-27-71,1,서울특별시 강북구 삼각산로4나길 32,,37.63669089,127.0069169,2000,전용주,02-901-5863,서울특별시 강북구청,2025-08-12
13-27-70,1,서울특별시 강북구 삼각산로4나길 32,,37.63669089,127.0069169,2000,전용주,02-901-5863,서울특별시 강북구청,2025-08-12
13-27-69,1,서울특별시 강북구 삼각산로4나길 32,,37.63669089,127.0069169,2000,전용주,02-901-5863,서울특별시 강북구청,2025-08-12
13-27-68,1,서울특별시 강북구 삼각산로4나길 32,,37.63669089,127.0069169,2000,전용주,02-901-5863,서울특별시 강북구청,2025-08-12
13-27-67,1,서울특별시 강북구 삼각산로4나길 32,,37.63669089,127.0069169,2000,전용주,02-901-5863,서울특별시 강북구청,2025-08-12
13-27-66,1,서울특별시 강북구 삼각산로4나길 32,,37.63669089,127.0069169,2000,전용주,02-901-5863,서울특별시 강북구청,2025-08-12
13-27-65,1,서울특별시 강북구 삼각산로4나길 32,,37.63669089,127.0069169,2000,전용주,02-901-5863,서울특별시 강북구청,2025-08-12
13-27-64,1,서울특별시 강북구 삼각산로4나길 32,,37.63669089,127.0069169,2000,전용주,02-901-5863,서울특별시 강북구청,2025-08-12
13-27-63,1,서울특별시 강북구 삼각산로4나길 32,,37.63669089,127.0069169,2000,전용주,02-901-5863,서울특별시 강북구청,2025-08-12
13-27-62,1,서울특별시 강북구 삼각산로4나길 32,,37.63669089,127.0069169,2000,전용주,02-901-5863,서울특별시 강북구청,2025-08-12
13-27-61,1,서울특별시 강북구 삼각산로4나길 32,,37.63669089,127.0069169,2000,전용주,02-901-5863,서울특별시 강북구청,2025-08-12
13-27-60,1,서울특별시 강북구 삼각산로4나길 32,,37.63669089,127.0069169,2000,한전주,02-901-5863,서울특별시 강북구청,2025-08-12
13-27-59,1,서울특별시 강북구 삼각산로4나길 32,,37.63669089,127.0069169,2000,전용주,02-901-5863,서울특별시 강북구청,2025-08-12
13-27-58,1,서울특별시 강북구 삼각산로4나길 32,,37.63669089,127.0069169,2000,전용주,02-901-5863,서울특별시 강북구청,2025-08-12
13-27-57,1,서울특별시 강북구 삼각산로4나길 32,,37.63669089,127.0069169,2000,전용주,02-901-5863,서울특별시 강북구청,2025-08-12
13-27-56,1,서울특별시 강북구 삼각산로4가길 28,,37.63726409,127.0075778,2000,전용주,02-901-5863,서울특별시 강북구청,2025-08-12
13-27-51,1,서울특별시 강북구 인수봉로55다길 2,,37.63691235,127.0096669,2000,한전주,02-901-5863,서울특별시 강북구청,2025-08-12
13-27-50,1,서울특별시 강북구 인수봉로55다길 5,,37.63703377,127.0091218,2000,한전주,02-901-5863,서울특별시 강북구청,2025-08-12
13-27-49,1,서울특별시 강북구 인수봉로55다길 5,,37.63703377,127.0091218,2000,전용주,02-901-5863,서울특별시 강북구청,2025-08-12
13-27-48,1,서울특별시 강북구 인수봉로55다길 5,,37.63703377,127.0091218,2000,전용주,02-901-5863,서울특별시 강북구청,2025-08-12
13-27-47,1,서울특별시 강북구 인수봉로55다길 5,,37.63703377,127.0091218,2000,한전주,02-901-5863,서울특별시 강북구청,2025-08-12
13-27-46,1,서울특별시 강북구 인수봉로55다길 13,,37.6373767,127.0091852,2000,한전주,02-901-5863,서울특별시 강북구청,2025-08-12
13-27-45,1,서울특별시 강북구 삼각산로4가길 57,,37.6376829,127.0092148,2000,건축물,02-901-5863,서울특별시 강북구청,2025-08-12
13-27-44,2,서울특별시 강북구 삼각산로4길 52,,37.63772654,127.0089993,2000,한전주,02-901-5863,서울특별시 강북구청,2025-08-12
13-27-43,1,서울특별시 강북구 삼각산로4나길 11,,37.63793954,127.0086112,2000,한전주,02-901-5863,서울특별시 강북구청,2025-08-12
13-27-42,1,서울특별시 강북구 삼각산로4가길 45,,37.63764128,127.0085019,2000,한전주,02-901-5863,서울특별시 강북구청,2025-08-12
13-27-41,1,서울특별시 강북구 삼각산로4가길 35,,37.63757393,127.0079929,2000,한전주,02-901-5863,서울특별시 강북구청,2025-08-12
13-27-40,1,서울특별시 강북구 삼각산로4나길 11,,37.63790055,127.0082605,2000,한전주,02-901-5863,서울특별시 강북구청,2025-08-12
13-27-39,1,서울특별시 강북구 삼각산로4나길 11,,37.6378721,127.0080909,2000,한전주,02-901-5863,서울특별시 강북구청,2025-08-12
13-27-38,1,서울특별시 강북구 삼각산로4가길 11,,37.63771873,127.0071232,2000,전용주,02-901-5863,서울특별시 강북구청,2025-08-12
13-27-37,1,서울특별시 강북구 삼각산로4나길 5,,37.63809034,127.0078277,2000,한전주,02-901-5863,서울특별시 강북구청,2025-08-12
13-27-36,1,서울특별시 강북구 삼각산로4나길 5,,37.63809034,127.0078277,2000,한전주,02-901-5863,서울특별시 강북구청,2025-08-12
13-27-35,1,서울특별시 강북구 삼각산로4길 52,,37.63825619,127.0087657,2000,한전주,02-901-5863,서울특별시 강북구청,2025-08-12
13-27-34,1,서울특별시 강북구 삼각산로4길 52,,37.63825619,127.0087657,2000,한전주,02-901-5863,서울특별시 강북구청,2025-08-12
13-27-33,1,서울특별시 강북구 삼각산로4길 52,,37.63807829,127.0090399,2000,,02-901-5863,서울특별시 강북구청,2025-08-12
13-27-32,1,서울특별시 강북구 삼각산로4길 63,,37.6378604,127.0092913,2000,건축물,02-901-5863,서울특별시 강북구청,2025-08-12
13-27-31,1,서울특별시 강북구 삼각산로4길 57,,37.63818782,127.0092084,2000,한전주,02-901-5863,서울특별시 강북구청,2025-08-12
13-27-30,1,서울특별시 강북구 삼각산로4길 42,,37.63838251,127.0085065,2000,한전주,02-901-5863,서울특별시 강북구청,2025-08-12
13-27-29,1,서울특별시 강북구 삼각산로4길 42,,37.63838251,127.0085065,2000,한전주,02-901-5863,서울특별시 강북구청,2025-08-12
13-27-28,1,서울특별시 강북구 삼각산로4길 38,,37.63829141,127.0083679,2000,,02-901-5863,서울특별시 강북구청,2025-08-12
13-27-27,2,서울특별시 강북구 삼각산로4길 32,,37.63828681,127.0080591,2000,한전주,02-901-5863,서울특별시 강북구청,2025-08-12
13-27-26,2,서울특별시 강북구 삼각산로4길 28,,37.6382391,127.0078028,2000,한전주,02-901-5863,서울특별시 강북구청,2025-08-12
13-27-25,1,서울특별시 강북구 삼각산로4나길 2,,37.63814482,127.0073055,2000,한전주,02-901-5863,서울특별시 강북구청,2025-08-12
13-27-24,1,서울특별시 강북구 삼각산로4길 17,,37.63836881,127.0071552,2000,한전주,02-901-5863,서울특별시 강북구청,2025-08-12
13-27-23,1,서울특별시 강북구 삼각산로4가길 7,,37.63782749,127.0070718,2000,전용주,02-901-5863,서울특별시 강북구청,2025-08-12
13-27-22,1,서울특별시 강북구 삼각산로4가길 7,,37.63804619,127.0073635,2000,한전주,02-901-5863,서울특별시 강북구청,2025-08-12
13-27-21,1,서울특별시 강북구 삼각산로4나길 5,,37.63809034,127.0078157,2000,한전주,02-901-5863,서울특별시 강북구청,2025-08-12
13-27-20,1,서울특별시 강북구 삼각산로4가길 11,,37.63771873,127.0071232,2000,전용주,02-901-5863,서울특별시 강북구청,2025-08-12
13-27-19,1,서울특별시 강북구 삼각산로4나길 10,,37.63778597,127.0075736,2000,한전주,02-901-5863,서울특별시 강북구청,2025-08-12
13-27-18,1,서울특별시 강북구 삼각산로4가길 11,,37.63774708,127.0071522,2000,한전주,02-901-5863,서울특별시 강북구청,2025-08-12
13-27-17,1,서울특별시 강북구 삼각산로4가길 11,,37.63771873,127.0071232,2000,한전주,02-901-5863,서울특별시 강북구청,2025-08-12
13-27-16,1,서울특별시 강북구 삼각산로4가길 28,,37.63726409,127.0075778,2000,한전주,02-901-5863,서울특별시 강북구청,2025-08-12
13-27-15,1,서울특별시 강북구 삼각산로4가길 28,,37.63726409,127.0075778,2000,건축물,02-901-5863,서울특별시 강북구청,2025-08-12
13-27-14,1,서울특별시 강북구 삼각산로4가길 24,,37.63720525,127.0073319,2000,건축물,02-901-5863,서울특별시 강북구청,2025-08-12
13-27-13,1,서울특별시 강북구 삼각산로4가길 20,,37.63737617,127.0070128,2000,한전주,02-901-5863,서울특별시 강북구청,2025-08-12
13-27-12,1,서울특별시 강북구 삼각산로4가길 16,,37.63749281,127.0069176,2000,,02-901-5863,서울특별시 강북구청,2025-08-12
13-27-11,1,서울특별시 강북구 삼각산로4가길 10,,37.63778007,127.0068067,2000,건축물,02-901-5863,서울특별시 강북구청,2025-08-12
13-27-10,1,서울특별시 강북구 삼각산로4가길 12,,37.63762738,127.0068478,2000,한전주,02-901-5863,서울특별시 강북구청,2025-08-12
13-27-09,1,서울특별시 강북구 삼각산로4가길 4,,37.63791435,127.0066854,2000,한전주,02-901-5863,서울특별시 강북구청,2025-08-12
13-27-08,2,서울특별시 강북구 삼각산로4길 10,,37.6380769,127.0066732,2000,한전주,02-901-5863,서울특별시 강북구청,2025-08-12
13-27-07,2,서울특별시 강북구 삼각산로4길 2,,37.63806427,127.0062982,2000,한전주,02-901-5863,서울특별시 강북구청,2025-08-12
13-27-06,1,서울특별시 강북구 삼각산로 10,,37.63779909,127.0059259,2000,전용주,02-901-5863,서울특별시 강북구청,2025-08-12
13-27-05,1,서울특별시 강북구 삼각산로 4,,37.6373379,127.0056393,2000,한전주,02-901-5863,서울특별시 강북구청,2025-08-12
13-27-04,1,서울특별시 강북구 삼각산로 6,,37.63755517,127.0057611,2000,한전주,02-901-5863,서울특별시 강북구청,2025-08-12
13-27-03,1,서울특별시 강북구 삼각산로 10,,37.63779909,127.0059259,2000,한전주,02-901-5863,서울특별시 강북구청,2025-08-12
13-27-02,1,서울특별시 강북구 삼각산로 10,,37.63778493,127.0059259,2000,한전주,02-901-5863,서울특별시 강북구청,2025-08-12
13-27-01,1,서울특별시 강북구 삼각산로4길 2,,37.63806427,127.0062982,2000,한전주,02-901-5863,서울특별시 강북구청,2025-08-12
13-26-33,1,서울특별시 강북구 인수봉로 227,,37.63944003,127.0124098,2000,한전주,02-901-5863,서울특별시 강북구청,2025-08-12
13-26-32,1,서울특별시 강북구 인수봉로61길 66,,37.63747749,127.0101566,2000,한전주,02-901-5863,서울특별시 강북구청,2025-08-12
13-26-31,1,서울특별시 강북구 인수봉로61길 66,,37.63747524,127.0101923,2000,한전주,02-901-5863,서울특별시 강북구청,2025-08-12
13-26-30,1,서울특별시 강북구 인수봉로61길 58,,37.63764718,127.0105682,2000,건축물,02-901-5863,서울특별시 강북구청,2025-08-12
13-26-29,1,서울특별시 강북구 인수봉로61길 58,,37.63763153,127.0105641,2000,건축물,02-901-5863,서울특별시 강북구청,2025-08-12
13-26-28,1,서울특별시 강북구 인수봉로61길 55,,37.6374981,127.0107699,2000,건축물,02-901-5863,서울특별시 강북구청,2025-08-12
13-26-27,2,서울특별시 강북구 인수봉로61길 52,,37.6377516,127.0109138,2000,한전주,02-901-5863,서울특별시 강북구청,2025-08-12
13-26-26,1,서울특별시 강북구 인수봉로61길 48,,37.63781599,127.0110716,2000,한전주,02-901-5863,서울특별시 강북구청,2025-08-12
13-26-25,1,서울특별시 강북구 인수봉로55나길 39,,37.63769507,127.011701,2000,건축물,02-901-5863,서울특별시 강북구청,2025-08-12
13-26-24,1,서울특별시 강북구 인수봉로61길 46,,37.63788987,127.0113018,2000,한전주,02-901-5863,서울특별시 강북구청,2025-08-12
13-26-23,1,서울특별시 강북구 인수봉로61길 38,,37.6380348,127.0116665,2000,한전주,02-901-5863,서울특별시 강북구청,2025-08-12
13-26-22,2,서울특별시 강북구 인수봉로61길 38,,37.63804606,127.0116464,2000,한전주,02-901-5863,서울특별시 강북구청,2025-08-12
13-26-21,1,서울특별시 강북구 인수봉로61길 35,,37.63783951,127.0117284,2000,건축물,02-901-5863,서울특별시 강북구청,2025-08-12
13-26-20,1,서울특별시 강북구 인수봉로57길 24,,37.63780754,127.0122161,2000,건축물,02-901-5863,서울특별시 강북구청,2025-08-12
13-26-19,1,서울특별시 강북구 인수봉로61길 30,,37.63815135,127.012026,2000,건축물,02-901-5863,서울특별시 강북구청,2025-08-12
13-26-18,2,서울특별시 강북구 인수봉로61길 30,,37.63816612,127.012026,2000,한전주,02-901-5863,서울특별시 강북구청,2025-08-12
13-26-16,1,서울특별시 강북구 인수봉로61길 22,,37.63827546,127.0124117,2000,한전주,02-901-5863,서울특별시 강북구청,2025-08-12
13-26-15,1,서울특별시 강북구 인수봉로61길 22,,37.63827546,127.0124117,2000,한전주,02-901-5863,서울특별시 강북구청,2025-08-12
13-26-14,2,서울특별시 강북구 인수봉로61길 22,,37.63827546,127.0124117,2000,한전주,02-901-5863,서울특별시 강북구청,2025-08-12
13-26-13,1,서울특별시 강북구 인수봉로61길 6,,37.63855702,127.0132576,2000,한전주,02-901-5863,서울특별시 강북구청,2025-08-12
13-26-12,1,서울특별시 강북구 인수봉로61길 15,,37.63810077,127.0128014,2000,,02-901-5863,서울특별시 강북구청,2025-08-12
13-26-11,2,서울특별시 강북구 인수봉로61길 18,,37.63841534,127.0127066,2000,한전주,02-901-5863,서울특별시 강북구청,2025-08-12
13-26-10,1,서울특별시 강북구 인수봉로61길 12,,37.63846669,127.0129086,2000,건축물,02-901-5863,서울특별시 강북구청,2025-08-12
13-26-09,1,서울특별시 강북구 인수봉로61길 12,,37.63846669,127.0129086,2000,한전주,02-901-5863,서울특별시 강북구청,2025-08-12
13-26-08,1,서울특별시 강북구 인수봉로61길 12,,37.63846669,127.0129086,2000,한전주,02-901-5863,서울특별시 강북구청,2025-08-12
13-26-07,1,서울특별시 강북구 인수봉로 221,,37.63903347,127.0131715,2000,전용주,02-901-5863,서울특별시 강북구청,2025-08-12
13-26-06,1,서울특별시 강북구 인수봉로 221,,37.63903347,127.0131715,2000,건축물,02-901-5863,서울특별시 강북구청,2025-08-12
13-26-05,1,서울특별시 강북구 인수봉로61길 6,,37.63855702,127.0132576,2000,한전주,02-901-5863,서울특별시 강북구청,2025-08-12
13-26-04,1,서울특별시 강북구 인수봉로 203,,37.63784542,127.0132474,2000,한전주,02-901-5863,서울특별시 강북구청,2025-08-12
13-26-03,2,서울특별시 강북구 인수봉로61길 6,,37.6385461,127.0132576,2000,한전주,02-901-5863,서울특별시 강북구청,2025-08-12
13-26-02,1,서울특별시 강북구 인수봉로 203,,37.63784542,127.0132959,2000,,02-901-5863,서울특별시 강북구청,2025-08-12
13-26-01,1,서울특별시 강북구 인수봉로 211,,37.63846739,127.0135443,2000,한전주,02-901-5863,서울특별시 강북구청,2025-08-12
13-25-53,1,서울특별시 강북구 인수봉로 179,,37.63572334,127.0129574,2000,한전주,02-901-5863,서울특별시 강북구청,2025-08-12
13-25-52,1,서울특별시 강북구 인수봉로 187,,37.63650536,127.0127318,2000,한전주,02-901-5863,서울특별시 강북구청,2025-08-12
13-25-46,1,서울특별시 강북구 인수봉로51길 41,,37.63522746,127.0107659,2000,한전주,02-901-5863,서울특별시 강북구청,2025-08-12
13-25-45,1,서울특별시 강북구 인수봉로51길 13,,37.63536051,127.0123516,2000,건축물,02-901-5863,서울특별시 강북구청,2025-08-12
13-25-44,1,서울특별시 강북구 인수봉로51길 14,,37.63546654,127.012417,2000,건축물,02-901-5863,서울특별시 강북구청,2025-08-12
13-25-43,1,서울특별시 강북구 인수봉로51길 13,,37.63535795,127.0123617,2000,건축물,02-901-5863,서울특별시 강북구청,2025-08-12
13-25-42,1,서울특별시 강북구 인수봉로51길 12,,37.63547659,127.0125415,2000,한전주,02-901-5863,서울특별시 강북구청,2025-08-12
13-25-41,1,서울특별시 강북구 인수봉로51길 3,,37.6352815,127.0129179,2000,건축물,02-901-5863,서울특별시 강북구청,2025-08-12
13-25-40,1,서울특별시 강북구 인수봉로 185,,37.63619154,127.0127663,2000,한전주,02-901-5863,서울특별시 강북구청,2025-08-12
13-25-39,1,서울특별시 강북구 인수봉로 185,,37.63619154,127.0127663,2000,건축물,02-901-5863,서울특별시 강북구청,2025-08-12
13-25-38,1,서울특별시 강북구 인수봉로 185,,37.63619154,127.0127663,2000,전용주,02-901-5863,서울특별시 강북구청,2025-08-12
13-25-37,1,서울특별시 강북구 인수봉로55길 8,,37.63689039,127.0124435,2000,건축물,02-901-5863,서울특별시 강북구청,2025-08-12
13-25-36,2,서울특별시 강북구 인수봉로 185,,37.63619154,127.0127663,2000,한전주,02-901-5863,서울특별시 강북구청,2025-08-12
13-25-34,2,서울특별시 강북구 인수봉로51길 18,,37.63553624,127.0121328,2000,한전주,02-901-5863,서울특별시 강북구청,2025-08-12
13-25-33,1,서울특별시 강북구 인수봉로55길 9,,37.63669415,127.0123235,2000,한전주,02-901-5863,서울특별시 강북구청,2025-08-12
13-25-32,2,서울특별시 강북구 인수봉로55길 9,,37.63669415,127.0123194,2000,한전주,02-901-5863,서울특별시 강북구청,2025-08-12
13-25-31,1,서울특별시 강북구 인수봉로55길 9,,37.63669415,127.0123163,2000,건축물,02-901-5863,서울특별시 강북구청,2025-08-12
13-25-30,1,서울특별시 강북구 인수봉로55길 9,,37.63669415,127.0123134,2000,한전주,02-901-5863,서울특별시 강북구청,2025-08-12
13-25-29,1,서울특별시 강북구 인수봉로55길 9,,37.63669415,127.0123009,2000,건축물,02-901-5863,서울특별시 강북구청,2025-08-12
13-25-28,1,서울특별시 강북구 인수봉로55길 13,,37.63670746,127.0121173,2000,건축물,02-901-5863,서울특별시 강북구청,2025-08-12
13-25-27,2,서울특별시 강북구 인수봉로55길 15,,37.6366884,127.0119929,2000,건축물,02-901-5863,서울특별시 강북구청,2025-08-12
13-25-26,2,서울특별시 강북구 인수봉로55길 15,,37.63669176,127.0119876,2000,한전주,02-901-5863,서울특별시 강북구청,2025-08-12
13-25-25,2,서울특별시 강북구 인수봉로55길 15,,37.63669176,127.0119876,2000,한전주,02-901-5863,서울특별시 강북구청,2025-08-12
13-25-24,2,서울특별시 강북구 인수봉로55길 15,,37.63669176,127.0119876,2000,한전주,02-901-5863,서울특별시 강북구청,2025-08-12
13-25-23,2,서울특별시 강북구 인수봉로55길 15,,37.63669176,127.0119942,2000,한전주,02-901-5863,서울특별시 강북구청,2025-08-12
13-25-22,2,서울특별시 강북구 인수봉로51길 20,,37.63555312,127.0119966,2000,한전주,02-901-5863,서울특별시 강북구청,2025-08-12
13-25-21,1,서울특별시 강북구 인수봉로51길 21,,37.63537497,127.011938,2000,건축물,02-901-5863,서울특별시 강북구청,2025-08-12
13-25-18,1,서울특별시 강북구 인수봉로55길 21,,37.63669512,127.0116652,2000,한전주,02-901-5863,서울특별시 강북구청,2025-08-12
13-25-17,1,서울특별시 강북구 인수봉로55길 21,,37.63669512,127.0116647,2000,,02-901-5863,서울특별시 강북구청,2025-08-12
13-25-16,2,서울특별시 강북구 인수봉로55길 21,,37.63669512,127.0116652,2000,한전주,02-901-5863,서울특별시 강북구청,2025-08-12
13-25-15,1,서울특별시 강북구 인수봉로55길 15,,37.63669176,127.0119876,2000,한전주,02-901-5863,서울특별시 강북구청,2025-08-12
13-25-14,1,서울특별시 강북구 인수봉로55길 21,,37.63669512,127.0116652,2000,한전주,02-901-5863,서울특별시 강북구청,2025-08-12
13-25-13,1,서울특별시 강북구 인수봉로55길 21,,37.63669466,127.0116643,2000,,02-901-5863,서울특별시 강북구청,2025-08-12
13-25-12,1,서울특별시 강북구 인수봉로55길 27,,37.63667695,127.0113429,2000,,02-901-5863,서울특별시 강북구청,2025-08-12
13-25-11,1,서울특별시 강북구 인수봉로55길 27,,37.63667695,127.0113288,2000,한전주,02-901-5863,서울특별시 강북구청,2025-08-12
13-25-10,2,서울특별시 강북구 인수봉로55길 27,,37.63667695,127.0113429,2000,한전주,02-901-5863,서울특별시 강북구청,2025-08-12
13-25-09,1,서울특별시 강북구 인수봉로55길 27,,37.63667695,127.0113429,2000,,02-901-5863,서울특별시 강북구청,2025-08-12
13-25-07,1,서울특별시 강북구 인수봉로51길 32,,37.63552069,127.0113512,2000,한전주,02-901-5863,서울특별시 강북구청,2025-08-12
13-25-06,1,서울특별시 강북구 인수봉로51길 31,,37.63529575,127.0113882,2000,한전주,02-901-5863,서울특별시 강북구청,2025-08-12
13-25-03,1,서울특별시 강북구 인수봉로51길 35,,37.6354064,127.011149,2000,한전주,02-901-5863,서울특별시 강북구청,2025-08-12
13-25-02,1,서울특별시 강북구 인수봉로55길 33,,37.63611256,127.0110148,2000,건축물,02-901-5863,서울특별시 강북구청,2025-08-12
13-25-01,1,서울특별시 강북구 인수봉로55길 33,,37.63611256,127.0110148,2000,한전주,02-901-5863,서울특별시 강북구청,2025-08-12
13-24-39,1,서울특별시 강북구 인수봉로55나길 10,,37.63704289,127.0102094,2000,건축물,02-901-5863,서울특별시 강북구청,2025-08-12
13-24-38,1,서울특별시 강북구 인수봉로 201,,37.63777851,127.0130549,2000,건축물,02-901-5863,서울특별시 강북구청,2025-08-12
13-24-37,1,서울특별시 강북구 인수봉로55길 40,,37.63693715,127.010494,2000,,02-901-5863,서울특별시 강북구청,2025-08-12
13-24-36,1,서울특별시 강북구 인수봉로60길 15,,37.637727,127.0142722,2000,건축물,02-901-5863,서울특별시 강북구청,2025-08-12
13-24-35,1,서울특별시 강북구 인수봉로 197,,37.63737389,127.012865,2000,한전주,02-901-5863,서울특별시 강북구청,2025-08-12
13-24-33,1,서울특별시 강북구 인수봉로 197,,37.63737148,127.0128676,2000,전용주,02-901-5863,서울특별시 강북구청,2025-08-12
13-24-32,1,서울특별시 강북구 인수봉로57길 17,,37.63758108,127.0121203,2000,한전주,02-901-5863,서울특별시 강북구청,2025-08-12
13-24-31,1,서울특별시 강북구 인수봉로 197,,37.63737389,127.012865,2000,,02-901-5863,서울특별시 강북구청,2025-08-12
13-24-30,1,서울특별시 강북구 인수봉로57길 6,,37.63722591,127.0127026,2000,한전주,02-901-5863,서울특별시 강북구청,2025-08-12
13-24-29,1,서울특별시 강북구 인수봉로57길 8,,37.63729048,127.0126858,2000,건축물,02-901-5863,서울특별시 강북구청,2025-08-12
13-24-27,1,서울특별시 강북구 인수봉로55길 4,,37.63691135,127.0126553,2000,전용주,02-901-5863,서울특별시 강북구청,2025-08-12
13-24-26,2,서울특별시 강북구 인수봉로55길 10,,37.63688024,127.0123076,2000,한전주,02-901-5863,서울특별시 강북구청,2025-08-12
13-24-25,1,서울특별시 강북구 인수봉로55길 10,,37.63687633,127.0123058,2000,건축물,02-901-5863,서울특별시 강북구청,2025-08-12
13-24-24,1,서울특별시 강북구 인수봉로55길 10,,37.63687633,127.0123058,2000,한전주,02-901-5863,서울특별시 강북구청,2025-08-12
13-24-23,1,서울특별시 강북구 인수봉로55길 10,,37.63687633,127.0123058,2000,건축물,02-901-5863,서울특별시 강북구청,2025-08-12
13-24-22,1,서울특별시 강북구 인수봉로55나길 46,,37.63752598,127.0119478,2000,전용주,02-901-5863,서울특별시 강북구청,2025-08-12
13-24-21,2,서울특별시 강북구 인수봉로55나길 46,,37.63752598,127.0119478,2000,한전주,02-901-5863,서울특별시 강북구청,2025-08-12
13-24-20,1,서울특별시 강북구 인수봉로55길 16,,37.63685438,127.0119839,2000,,02-901-5863,서울특별시 강북구청,2025-08-12
13-24-19,1,서울특별시 강북구 인수봉로55길 16,,37.63685438,127.0119833,2000,한전주,02-901-5863,서울특별시 강북구청,2025-08-12
13-24-18,1,서울특별시 강북구 인수봉로55길 16,,37.63685438,127.0119833,2000,건축물,02-901-5863,서울특별시 강북구청,2025-08-12
13-24-17,1,서울특별시 강북구 인수봉로55길 20,,37.63683112,127.0118211,2000,한전주,02-901-5863,서울특별시 강북구청,2025-08-12
13-24-16,1,서울특별시 강북구 인수봉로55길 22,,37.6368555,127.0116581,2000,건축물,02-901-5863,서울특별시 강북구청,2025-08-12
13-24-15,1,서울특별시 강북구 인수봉로55길 22,,37.6368555,127.0116311,2000,전용주,02-901-5863,서울특별시 강북구청,2025-08-12
13-24-14,1,서울특별시 강북구 인수봉로55나길 34,,37.63742702,127.0113154,2000,한전주,02-901-5863,서울특별시 강북구청,2025-08-12
13-24-13,2,서울특별시 강북구 인수봉로55길 28,,37.63723996,127.0111472,2000,한전주,02-901-5863,서울특별시 강북구청,2025-08-12
13-24-12,1,서울특별시 강북구 인수봉로55길 34,,37.63724783,127.0110111,2000,한전주,02-901-5863,서울특별시 강북구청,2025-08-12
13-24-11,1,서울특별시 강북구 인수봉로55길 34,,37.63690548,127.0110156,2000,한전주,02-901-5863,서울특별시 강북구청,2025-08-12
13-24-10,1,서울특별시 강북구 인수봉로55길 34,,37.63705854,127.0110023,2000,건축물,02-901-5863,서울특별시 강북구청,2025-08-12
13-24-09,1,서울특별시 강북구 인수봉로55나길 20,,37.63726301,127.010671,2000,전용주,02-901-5863,서울특별시 강북구청,2025-08-12
13-24-08,1,서울특별시 강북구 인수봉로55나길 18,,37.63720762,127.0105131,2000,건축물,02-901-5863,서울특별시 강북구청,2025-08-12
13-24-07,1,서울특별시 강북구 인수봉로55길 40,,37.63683966,127.0106879,2000,,02-901-5863,서울특별시 강북구청,2025-08-12
13-24-06,1,서울특별시 강북구 인수봉로55길 40,,37.63693715,127.010494,2000,한전주,02-901-5863,서울특별시 강북구청,2025-08-12
13-24-05,1,서울특별시 강북구 인수봉로55나길 10,,37.63704289,127.0102094,2000,한전주,02-901-5863,서울특별시 강북구청,2025-08-12
13-24-04,1,서울특별시 강북구 인수봉로55길 16,,37.63685438,127.0119833,2000,한전주,02-901-5863,서울특별시 강북구청,2025-08-12
13-24-03,1,서울특별시 강북구 인수봉로55나길 3,,37.63732834,127.0098657,2000,한전주,02-901-5863,서울특별시 강북구청,2025-08-12
13-24-02,1,서울특별시 강북구 인수봉로55나길 4,,37.63687997,127.010047,2000,,02-901-5863,서울특별시 강북구청,2025-08-12
13-24-01,1,서울특별시 강북구 인수봉로55나길 4,,37.63687997,127.010047,2000,한전주,02-901-5863,서울특별시 강북구청,2025-08-12
13-23-40,1,서울특별시 강북구 인수봉로 202,,37.63752303,127.0133814,2000,한전주,02-901-5863,서울특별시 강북구청,2025-08-12
13-23-39,1,서울특별시 강북구 인수봉로60길 34,,37.6376435,127.0152321,2000,건축물,02-901-5863,서울특별시 강북구청,2025-08-12
13-23-38,1,서울특별시 강북구 인수봉로56길 23,,37.6365277,127.0143291,2000,한전주,02-901-5863,서울특별시 강북구청,2025-08-12
13-23-37,1,서울특별시 강북구 인수봉로56길 29,,37.63650275,127.0145787,2000,전용주,02-901-5863,서울특별시 강북구청,2025-08-12
13-23-36,2,서울특별시 강북구 인수봉로58길 21,,37.63736557,127.014318,2000,한전주,02-901-5863,서울특별시 강북구청,2025-08-12
13-23-35,1,서울특별시 강북구 인수봉로58길 25,,37.63717277,127.0145527,2000,한전주,02-901-5863,서울특별시 강북구청,2025-08-12
13-23-34,1,서울특별시 강북구 인수봉로58길 27,,37.63715753,127.0146924,2000,전용주,02-901-5863,서울특별시 강북구청,2025-08-12
13-23-33,1,서울특별시 강북구 인수봉로58길 31,,37.63714478,127.0148535,2000,건축물,02-901-5863,서울특별시 강북구청,2025-08-12
13-23-32,1,서울특별시 강북구 인수봉로60가길 4,,37.63756176,127.0151539,2000,한전주,02-901-5863,서울특별시 강북구청,2025-08-12
13-23-31,1,서울특별시 강북구 인수봉로60가길 8,,37.63739855,127.0151594,2000,건축물,02-901-5863,서울특별시 강북구청,2025-08-12
13-23-30,1,서울특별시 강북구 인수봉로58길 20,,37.63705897,127.0141909,2000,한전주,02-901-5863,서울특별시 강북구청,2025-08-12
13-23-29,1,서울특별시 강북구 인수봉로58길 24,,37.63689841,127.0144828,2000,건축물,02-901-5863,서울특별시 강북구청,2025-08-12
13-23-28,1,서울특별시 강북구 인수봉로58길 30,,37.63701827,127.0148098,2000,한전주,02-901-5863,서울특별시 강북구청,2025-08-12
13-23-27,1,서울특별시 강북구 인수봉로60가길 18,,37.63693936,127.0150714,2000,한전주,02-901-5863,서울특별시 강북구청,2025-08-12
13-23-26,1,서울특별시 강북구 인수봉로60가길 21,,37.6367421,127.0151873,2000,,02-901-5863,서울특별시 강북구청,2025-08-12
13-23-25,1,서울특별시 강북구 인수봉로60가길 19,,37.63683361,127.0153561,2000,한전주,02-901-5863,서울특별시 강북구청,2025-08-12
13-23-24,1,서울특별시 강북구 인수봉로60가길 28,,37.63656875,127.014929,2000,한전주,02-901-5863,서울특별시 강북구청,2025-08-12
13-23-23,1,서울특별시 강북구 인수봉로60가길 24,,37.63669431,127.0149771,2000,한전주,02-901-5863,서울특별시 강북구청,2025-08-12
13-23-22,1,서울특별시 강북구 인수봉로60가길 24,,37.63667781,127.0149771,2000,건축물,02-901-5863,서울특별시 강북구청,2025-08-12
13-23-21,1,서울특별시 강북구 인수봉로60가길 24,,37.63667781,127.0149771,2000,,02-901-5863,서울특별시 강북구청,2025-08-12
13-23-20,1,서울특별시 강북구 인수봉로56길 19,,37.63675038,127.0140202,2000,건축물,02-901-5863,서울특별시 강북구청,2025-08-12
13-23-19,2,서울특별시 강북구 인수봉로58길 4,,37.63722688,127.013351,2000,한전주,02-901-5863,서울특별시 강북구청,2025-08-12
13-23-18,1,서울특별시 강북구 인수봉로56길 9,,37.63677297,127.0134874,2000,한전주,02-901-5863,서울특별시 강북구청,2025-08-12
13-23-17,1,서울특별시 강북구 인수봉로56길 9,,37.63700797,127.0135749,2000,전용주,02-901-5863,서울특별시 강북구청,2025-08-12
13-23-16,1,서울특별시 강북구 인수봉로56길 9,,37.63703651,127.0137558,2000,한전주,02-901-5863,서울특별시 강북구청,2025-08-12
13-23-15,2,서울특별시 강북구 인수봉로52가길 28,,37.63663241,127.0139198,2000,한전주,02-901-5863,서울특별시 강북구청,2025-08-12
13-23-14,1,서울특별시 강북구 인수봉로52가길 34,,37.63698444,127.0139945,2000,한전주,02-901-5863,서울특별시 강북구청,2025-08-12
13-23-13,1,서울특별시 강북구 인수봉로56길 19,,37.63696718,127.0140853,2000,한전주,02-901-5863,서울특별시 강북구청,2025-08-12
13-23-12,1,서울특별시 강북구 인수봉로58길 4,,37.63722688,127.0133507,2000,한전주,02-901-5863,서울특별시 강북구청,2025-08-12
13-23-11,1,서울특별시 강북구 인수봉로52가길 35,,37.63703239,127.0138485,2000,건축물,02-901-5863,서울특별시 강북구청,2025-08-12
13-23-10,1,서울특별시 강북구 인수봉로52가길 35,,37.63703239,127.0138485,2000,건축물,02-901-5863,서울특별시 강북구청,2025-08-12
13-23-09,1,서울특별시 강북구 인수봉로52가길 35,,37.63703239,127.0138485,2000,전용주,02-901-5863,서울특별시 강북구청,2025-08-12
13-23-08,1,서울특별시 강북구 인수봉로52가길 39,,37.63714576,127.0138904,2000,건축물,02-901-5863,서울특별시 강북구청,2025-08-12
13-23-07,1,서울특별시 강북구 인수봉로52가길 42,,37.63730671,127.0141375,2000,한전주,02-901-5863,서울특별시 강북구청,2025-08-12
13-23-06,1,서울특별시 강북구 인수봉로52가길 48,,37.63747274,127.0142033,2000,,02-901-5863,서울특별시 강북구청,2025-08-12
13-23-05,1,서울특별시 강북구 인수봉로58길 9,,37.63745947,127.0136936,2000,건축물,02-901-5863,서울특별시 강북구청,2025-08-12
13-23-04,1,서울특별시 강북구 인수봉로58길 9,,37.63729825,127.013809,2000,건축물,02-901-5863,서울특별시 강북구청,2025-08-12
13-23-03,1,서울특별시 강북구 인수봉로58길 5,,37.63738617,127.0135473,2000,전용주,02-901-5863,서울특별시 강북구청,2025-08-12
13-23-02,1,서울특별시 강북구 인수봉로58길 5,,37.63738617,127.0135473,2000,건축물,02-901-5863,서울특별시 강북구청,2025-08-12
13-23-01,1,서울특별시 강북구 인수봉로 202,,37.63751999,127.0133869,2000,건축물,02-901-5863,서울특별시 강북구청,2025-08-12
13-22-42,1,서울특별시 강북구 인수봉로60가길 9,,37.63730125,127.0152916,2000,건축물,02-901-5863,서울특별시 강북구청,2025-08-12
13-22-41,1,서울특별시 강북구 삼양로93길 19,,37.63769544,127.0160585,2000,,02-901-5863,서울특별시 강북구청,2025-08-12
13-22-40,1,서울특별시 강북구 삼양로 371,,37.6365386,127.0170578,2000,건축물,02-901-5863,서울특별시 강북구청,2025-08-12
13-22-39,1,서울특별시 강북구 삼양로 375,,37.63693719,127.016975,2000,건축물,02-901-5863,서울특별시 강북구청,2025-08-12
13-22-38,2,서울특별시 강북구 삼양로91길 5,,37.63671036,127.0167853,2000,한전주,02-901-5863,서울특별시 강북구청,2025-08-12
13-22-37,1,서울특별시 강북구 삼양로 369,,37.63640649,127.0170839,2000,건축물,02-901-5863,서울특별시 강북구청,2025-08-12
13-22-36,1,서울특별시 강북구 삼양로 369,,37.63640804,127.0170822,2000,건축물,02-901-5863,서울특별시 강북구청,2025-08-12
13-22-35,1,서울특별시 강북구 삼양로 369,,37.63644739,127.0170822,2000,한전주,02-901-5863,서울특별시 강북구청,2025-08-12
13-22-33,1,서울특별시 강북구 삼양로91가길 19,,37.63608258,127.0160571,2000,한전주,02-901-5863,서울특별시 강북구청,2025-08-12
13-22-32,1,서울특별시 강북구 삼양로91길 11,,37.63675807,127.0164409,2000,,02-901-5863,서울특별시 강북구청,2025-08-12
13-22-31,1,서울특별시 강북구 삼양로91길 11,,37.63675807,127.0164843,2000,건축물,02-901-5863,서울특별시 강북구청,2025-08-12
13-22-30,1,서울특별시 강북구 삼양로91길 11,,37.63675807,127.0164917,2000,한전주,02-901-5863,서울특별시 강북구청,2025-08-12
13-22-28,1,서울특별시 강북구 삼양로91길 18,,37.63694842,127.016159,2000,한전주,02-901-5863,서울특별시 강북구청,2025-08-12
13-22-27,1,서울특별시 강북구 삼양로91가길 19,,37.63608258,127.0160571,2000,건축물,02-901-5863,서울특별시 강북구청,2025-08-12
13-22-26,2,서울특별시 강북구 삼양로91가길 19,,37.63608258,127.0160571,2000,한전주,02-901-5863,서울특별시 강북구청,2025-08-12
13-22-25,1,서울특별시 강북구 삼양로91가길 19,,37.63608258,127.0160571,2000,한전주,02-901-5863,서울특별시 강북구청,2025-08-12
13-22-24,1,서울특별시 강북구 삼양로87길 35,,37.63587253,127.0157182,2000,한전주,02-901-5863,서울특별시 강북구청,2025-08-12
13-22-23,1,서울특별시 강북구 삼양로91길 29,,37.63631144,127.0154083,2000,한전주,02-901-5863,서울특별시 강북구청,2025-08-12
13-22-22,1,서울특별시 강북구 삼양로91가길 12,,37.63652946,127.0156207,2000,전용주,02-901-5863,서울특별시 강북구청,2025-08-12
13-22-21,1,서울특별시 강북구 삼양로91가길 12,,37.6366004,127.0154838,2000,한전주,02-901-5863,서울특별시 강북구청,2025-08-12
13-22-20,1,서울특별시 강북구 삼양로91가길 6,,37.63661121,127.0156989,2000,한전주,02-901-5863,서울특별시 강북구청,2025-08-12
13-22-19,1,서울특별시 강북구 삼양로91길 29,,37.63689837,127.0155592,2000,한전주,02-901-5863,서울특별시 강북구청,2025-08-12
13-22-18,1,서울특별시 강북구 인수봉로60가길 9,,37.63730162,127.0152933,2000,,02-901-5863,서울특별시 강북구청,2025-08-12
13-22-17,1,서울특별시 강북구 인수봉로60길 42,,37.63765554,127.0155945,2000,건축물,02-901-5863,서울특별시 강북구청,2025-08-12
13-22-16,1,서울특별시 강북구 인수봉로60가길 5,,37.63748693,127.0153742,2000,건축물,02-901-5863,서울특별시 강북구청,2025-08-12
13-22-15,1,서울특별시 강북구 인수봉로60가길 5,,37.63748693,127.0153742,2000,건축물,02-901-5863,서울특별시 강북구청,2025-08-12
13-22-13,1,서울특별시 강북구 삼양로91길 34,,37.63713945,127.0152954,2000,건축물,02-901-5863,서울특별시 강북구청,2025-08-12
13-22-12,1,서울특별시 강북구 삼양로93길 15,,37.6375779,127.0162613,2000,한전주,02-901-5863,서울특별시 강북구청,2025-08-12
13-22-11,1,서울특별시 강북구 삼양로91길 22,,37.63696521,127.0160115,2000,전용주,02-901-5863,서울특별시 강북구청,2025-08-12
13-22-10,1,서울특별시 강북구 삼양로93길 15,,37.6375779,127.0162613,2000,한전주,02-901-5863,서울특별시 강북구청,2025-08-12
13-22-09,1,서울특별시 강북구 삼양로93길 15,,37.6375779,127.0162613,2000,건축물,02-901-5863,서울특별시 강북구청,2025-08-12
13-22-08,1,서울특별시 강북구 삼양로93길 15,,37.6375779,127.0162613,2000,한전주,02-901-5863,서울특별시 강북구청,2025-08-12
13-22-05,1,서울특별시 강북구 삼양로91길 12,,37.63693304,127.0164765,2000,전용주,02-901-5863,서울특별시 강북구청,2025-08-12
13-22-04,1,서울특별시 강북구 삼양로93길 3,,37.63730555,127.0168377,2000,건축물,02-901-5863,서울특별시 강북구청,2025-08-12
13-22-03,1,서울특별시 강북구 삼양로93길 3,,37.63730535,127.0168228,2000,전용주,02-901-5863,서울특별시 강북구청,2025-08-12
13-22-02,1,서울특별시 강북구 삼양로93길 13,,37.6375087,127.0163556,2000,한전주,02-901-5863,서울특별시 강북구청,2025-08-12
13-22-01,1,서울특별시 강북구 삼양로93길 19,,37.63769544,127.0160585,2000,전용주,02-901-5863,서울특별시 강북구청,2025-08-12
13-21-48,1,서울특별시 강북구 삼양로93길 16,,37.63786747,127.0163383,2000,전용주,02-901-5863,서울특별시 강북구청,2025-08-12
13-21-47,1,서울특별시 강북구 삼양로99길 17,,37.63886104,127.0164511,2000,,02-901-5863,서울특별시 강북구청,2025-08-12
13-21-45,1,서울특별시 강북구 삼양로93길 27,,37.63804511,127.0158517,2000,,02-901-5863,서울특별시 강북구청,2025-08-12
13-21-44,1,서울특별시 강북구 인수봉로60길 33,,37.6378511,127.0151963,2000,한전주,02-901-5863,서울특별시 강북구청,2025-08-12
13-21-43,1,서울특별시 강북구 인수봉로 206,,37.63784688,127.0136885,2000,건축물,02-901-5863,서울특별시 강북구청,2025-08-12
13-21-42,1,서울특별시 강북구 인수봉로60길 9,,37.63774066,127.0139165,2000,한전주,02-901-5863,서울특별시 강북구청,2025-08-12
13-21-41,1,서울특별시 강북구 인수봉로60길 9,,37.63773263,127.0139822,2000,건축물,02-901-5863,서울특별시 강북구청,2025-08-12
13-21-40,1,서울특별시 강북구 인수봉로60길 9,,37.63773354,127.0139122,2000,건축물,02-901-5863,서울특별시 강북구청,2025-08-12
13-21-39,1,서울특별시 강북구 인수봉로60길 15,,37.63772557,127.0142679,2000,한전주,02-901-5863,서울특별시 강북구청,2025-08-12
13-21-38,1,서울특별시 강북구 인수봉로60길 19,,37.63772746,127.0144945,2000,건축물,02-901-5863,서울특별시 강북구청,2025-08-12
13-21-37,1,서울특별시 강북구 인수봉로60길 21,,37.63780977,127.0146407,2000,건축물,02-901-5863,서울특별시 강북구청,2025-08-12
13-21-36,1,서울특별시 강북구 인수봉로60길 21,,37.63780977,127.0146407,2000,한전주,02-901-5863,서울특별시 강북구청,2025-08-12
13-21-35,1,서울특별시 강북구 인수봉로60길 25,,37.63778388,127.014777,2000,한전주,02-901-5863,서울특별시 강북구청,2025-08-12
13-21-34,1,서울특별시 강북구 인수봉로60길 33,,37.6378511,127.0151963,2000,전용주,02-901-5863,서울특별시 강북구청,2025-08-12
13-21-33,1,서울특별시 강북구 인수봉로60길 37,,37.63783478,127.0154789,2000,한전주,02-901-5863,서울특별시 강북구청,2025-08-12
13-21-32,1,서울특별시 강북구 인수봉로60길 41,,37.63788143,127.0156709,2000,한전주,02-901-5863,서울특별시 강북구청,2025-08-12
13-21-31,1,서울특별시 강북구 삼양로93길 14,,37.63766318,127.0165122,2000,건축물,02-901-5863,서울특별시 강북구청,2025-08-12
13-21-30,1,서울특별시 강북구 삼양로95길 7,,37.63763983,127.0169544,2000,한전주,02-901-5863,서울특별시 강북구청,2025-08-12
13-21-26,1,서울특별시 강북구 삼양로93길 14,,37.63766193,127.0165156,2000,건축물,02-901-5863,서울특별시 강북구청,2025-08-12
13-21-25,1,서울특별시 강북구 삼양로93길 14,,37.63766193,127.0165156,2000,한전주,02-901-5863,서울특별시 강북구청,2025-08-12
13-21-24,1,서울특별시 강북구 삼양로93길 14,,37.63766193,127.0165746,2000,한전주,02-901-5863,서울특별시 강북구청,2025-08-12
13-21-23,1,서울특별시 강북구 삼양로97길 1,,37.63848359,127.0165694,2000,전용주,02-901-5863,서울특별시 강북구청,2025-08-12
13-21-22,1,서울특별시 강북구 삼양로97길 9,,37.63867553,127.0168954,2000,건축물,02-901-5863,서울특별시 강북구청,2025-08-12
13-21-21,1,서울특별시 강북구 삼양로97길 3,,37.63847581,127.0167168,2000,건축물,02-901-5863,서울특별시 강북구청,2025-08-12
13-21-20,1,서울특별시 강북구 삼양로97길 3,,37.63878194,127.0166901,2000,건축물,02-901-5863,서울특별시 강북구청,2025-08-12
13-21-18,1,서울특별시 강북구 삼양로99길 7,,37.63926911,127.016763,2000,전용주,02-901-5863,서울특별시 강북구청,2025-08-12
13-21-15,1,서울특별시 강북구 삼양로99길 33,,37.63838006,127.0160382,2000,건축물,02-901-5863,서울특별시 강북구청,2025-08-12
13-21-14,1,서울특별시 강북구 삼양로99길 33,,37.63838006,127.0160382,2000,전용주,02-901-5863,서울특별시 강북구청,2025-08-12
13-21-12,2,서울특별시 강북구 삼양로99길 33,,37.63838006,127.0160382,2000,한전주,02-901-5863,서울특별시 강북구청,2025-08-12
13-21-11,1,서울특별시 강북구 삼양로99길 33,,37.63838006,127.0160382,2000,전용주,02-901-5863,서울특별시 강북구청,2025-08-12
13-21-10,1,서울특별시 강북구 삼양로99길 33,,37.63838006,127.0160382,2000,전용주,02-901-5863,서울특별시 강북구청,2025-08-12
13-21-09,1,서울특별시 강북구 삼양로99길 33,,37.63838006,127.0160382,2000,한전주,02-901-5863,서울특별시 강북구청,2025-08-12
13-21-08,1,서울특별시 강북구 삼양로99길 33,,37.63838006,127.0160382,2000,전용주,02-901-5863,서울특별시 강북구청,2025-08-12
13-21-07,2,서울특별시 강북구 삼양로93길 28,,37.63814619,127.0160866,2000,한전주,02-901-5863,서울특별시 강북구청,2025-08-12
13-21-06,1,서울특별시 강북구 삼양로93길 23,,37.63787393,127.0158522,2000,전용주,02-901-5863,서울특별시 강북구청,2025-08-12
13-21-05,1,서울특별시 강북구 삼양로93길 20,,37.63792209,127.0162255,2000,한전주,02-901-5863,서울특별시 강북구청,2025-08-12
13-21-04,1,서울특별시 강북구 삼양로93길 18,,37.63782308,127.0162382,2000,한전주,02-901-5863,서울특별시 강북구청,2025-08-12
13-21-03,1,서울특별시 강북구 삼양로93길 10,,37.63762837,127.0166599,2000,전용주,02-901-5863,서울특별시 강북구청,2025-08-12
13-21-02,1,서울특별시 강북구 삼양로93길 8,,37.63757554,127.0168079,2000,한전주,02-901-5863,서울특별시 강북구청,2025-08-12
13-21-01,1,서울특별시 강북구 삼양로95길 3,,37.6375136,127.0169447,2000,한전주,02-901-5863,서울특별시 강북구청,2025-08-12
13-20-39,1,서울특별시 강북구 삼양로88길 26,,37.63525024,127.0188958,2000,전용주,02-901-5863,서울특별시 강북구청,2025-08-12
13-20-38,1,서울특별시 강북구 삼양로 346,,37.63440975,127.0176665,2000,건축물,02-901-5863,서울특별시 강북구청,2025-08-12
13-20-37,1,서울특별시 강북구 삼양로88길 27,,37.63557138,127.0185112,2000,한전주,02-901-5863,서울특별시 강북구청,2025-08-12
13-20-36,1,서울특별시 강북구 삼양로 348,,37.63457282,127.0176179,2000,건축물,02-901-5863,서울특별시 강북구청,2025-08-12
13-20-35,2,서울특별시 강북구 삼양로 346,,37.63440975,127.0176665,2000,한전주,02-901-5863,서울특별시 강북구청,2025-08-12
13-20-34,1,서울특별시 강북구 삼양로 346,,37.63440975,127.0176665,2000,,02-901-5863,서울특별시 강북구청,2025-08-12
13-20-33,1,서울특별시 강북구 덕릉로 43,,37.63444235,127.0183215,2000,한전주,02-901-5863,서울특별시 강북구청,2025-08-12
13-20-31,1,서울특별시 강북구 수유로13길 13,,37.63486799,127.0185537,2000,한전주,02-901-5863,서울특별시 강북구청,2025-08-12
13-20-30,1,서울특별시 강북구 덕릉로 43,,37.63444235,127.0183215,2000,한전주,02-901-5863,서울특별시 강북구청,2025-08-12
13-20-29,1,서울특별시 강북구 수유로13길 21,,37.63487493,127.0181917,2000,전용주,02-901-5863,서울특별시 강북구청,2025-08-12
13-20-28,1,서울특별시 강북구 수유로 49,,37.63526113,127.0191271,2000,건축물,02-901-5863,서울특별시 강북구청,2025-08-12
13-20-27,1,서울특별시 강북구 수유로13길 13,,37.63485082,127.0185433,2000,건축물,02-901-5863,서울특별시 강북구청,2025-08-12
13-20-26,1,서울특별시 강북구 수유로13길 9,,37.6349061,127.0186898,2000,한전주,02-901-5863,서울특별시 강북구청,2025-08-12
13-20-25,1,서울특별시 강북구 수유로13길 17,,37.634813,127.0183285,2000,건축물,02-901-5863,서울특별시 강북구청,2025-08-12
13-20-24,1,서울특별시 강북구 수유로13길 4,,37.63513369,127.0189701,2000,한전주,02-901-5863,서울특별시 강북구청,2025-08-12
13-20-23,1,서울특별시 강북구 삼양로88길 27,,37.63589261,127.018133,2000,한전주,02-901-5863,서울특별시 강북구청,2025-08-12
13-20-22,1,서울특별시 강북구 삼양로88길 27,,37.63589261,127.018133,2000,전용주,02-901-5863,서울특별시 강북구청,2025-08-12
13-20-21,1,서울특별시 강북구 삼양로88가길 12,,37.63564157,127.0182836,2000,전용주,02-901-5863,서울특별시 강북구청,2025-08-12
13-20-20,1,서울특별시 강북구 삼양로88가길 6,,37.6353621,127.0180962,2000,건축물,02-901-5863,서울특별시 강북구청,2025-08-12
13-20-19,1,서울특별시 강북구 삼양로88가길 6,,37.63539166,127.0180962,2000,전용주,02-901-5863,서울특별시 강북구청,2025-08-12
13-20-18,1,서울특별시 강북구 삼양로92길 52,,37.63558425,127.0189755,2000,건축물,02-901-5863,서울특별시 강북구청,2025-08-12
13-20-17,1,서울특별시 강북구 삼양로88길 33,,37.63552109,127.018965,2000,건축물,02-901-5863,서울특별시 강북구청,2025-08-12
13-20-16,1,서울특별시 강북구 수유로 47,,37.63514429,127.0191626,2000,한전주,02-901-5863,서울특별시 강북구청,2025-08-12
13-20-15,2,서울특별시 강북구 삼양로88길 19,,37.63530132,127.0185099,2000,한전주,02-901-5863,서울특별시 강북구청,2025-08-12
13-20-14,1,서울특별시 강북구 삼양로88길 3,,37.63533993,127.0177664,2000,건축물,02-901-5863,서울특별시 강북구청,2025-08-12
13-20-13,1,서울특별시 강북구 삼양로88길 3,,37.63509687,127.0177923,2000,,02-901-5863,서울특별시 강북구청,2025-08-12
13-20-12,1,서울특별시 강북구 삼양로88가길 1,,37.6351014,127.0179056,2000,한전주,02-901-5863,서울특별시 강북구청,2025-08-12
13-20-11,1,서울특별시 강북구 삼양로88가길 3,,37.6351879,127.0179044,2000,한전주,02-901-5863,서울특별시 강북구청,2025-08-12
13-20-10,1,서울특별시 강북구 삼양로88가길 11,,37.63545781,127.0178555,2000,한전주,02-901-5863,서울특별시 강북구청,2025-08-12
13-20-09,1,서울특별시 강북구 삼양로88가길 11,,37.63545649,127.0176969,2000,전용주,02-901-5863,서울특별시 강북구청,2025-08-12
13-20-08,1,서울특별시 강북구 삼양로88가길 17,,37.63578215,127.0178512,2000,한전주,02-901-5863,서울특별시 강북구청,2025-08-12
13-20-07,1,서울특별시 강북구 삼양로88가길 19,,37.63590005,127.0178109,2000,전용주,02-901-5863,서울특별시 강북구청,2025-08-12
13-20-06,1,서울특별시 강북구 삼양로88가길 19,,37.63590005,127.017816,2000,한전주,02-901-5863,서울특별시 강북구청,2025-08-12
13-20-05,1,서울특별시 강북구 삼양로92길 14,,37.63672766,127.0177822,2000,건축물,02-901-5863,서울특별시 강북구청,2025-08-12
13-20-04,1,서울특별시 강북구 삼양로90길 7,,37.63634334,127.0177552,2000,건축물,02-901-5863,서울특별시 강북구청,2025-08-12
13-20-03,1,서울특별시 강북구 삼양로90길 7,,37.63634334,127.0177383,2000,한전주,02-901-5863,서울특별시 강북구청,2025-08-12
13-20-02,1,서울특별시 강북구 삼양로90길 7,,37.63633997,127.0177533,2000,한전주,02-901-5863,서울특별시 강북구청,2025-08-12
13-20-01,1,서울특별시 강북구 삼양로 366,,37.63609577,127.0175827,2000,,02-901-5863,서울특별시 강북구청,2025-08-12
13-19-44,1,서울특별시 강북구 삼양로87길 21,,37.63522829,127.016261,2000,건축물,02-901-5863,서울특별시 강북구청,2025-08-12
13-19-43,1,서울특별시 강북구 덕릉로5길 13,,37.63455233,127.0147168,2000,,02-901-5863,서울특별시 강북구청,2025-08-12
13-19-42,2,서울특별시 강북구 덕릉로7길 21,,37.63506504,127.0150508,2000,한전주,02-901-5863,서울특별시 강북구청,2025-08-12
13-19-38,1,서울특별시 강북구 인수봉로52길 30,,37.63510003,127.0149257,2000,전용주,02-901-5863,서울특별시 강북구청,2025-08-12
13-19-37,1,서울특별시 강북구 인수봉로52길 30,,37.63529862,127.0149684,2000,건축물,02-901-5863,서울특별시 강북구청,2025-08-12
13-19-34,1,서울특별시 강북구 삼양로87길 51,,37.63612805,127.0150255,2000,한전주,02-901-5863,서울특별시 강북구청,2025-08-12
13-19-33,1,서울특별시 강북구 삼양로87가길 8,,37.63593677,127.0147787,2000,,02-901-5863,서울특별시 강북구청,2025-08-12
13-19-31,1,서울특별시 강북구 삼양로87가길 13,,37.63571182,127.0148157,2000,한전주,02-901-5863,서울특별시 강북구청,2025-08-12
13-19-30,1,서울특별시 강북구 삼양로87가길 7,,37.63590178,127.0150629,2000,한전주,02-901-5863,서울특별시 강북구청,2025-08-12
13-19-29,1,서울특별시 강북구 삼양로87가길 1,,37.63603975,127.0152419,2000,한전주,02-901-5863,서울특별시 강북구청,2025-08-12
13-19-28,1,서울특별시 강북구 삼양로87길 39,,37.63595082,127.0155804,2000,전용주,02-901-5863,서울특별시 강북구청,2025-08-12
13-19-27,1,서울특별시 강북구 삼양로87길 39,,37.63592291,127.0155804,2000,전용주,02-901-5863,서울특별시 강북구청,2025-08-12
13-19-26,1,서울특별시 강북구 삼양로87길 33,,37.63571673,127.0159089,2000,한전주,02-901-5863,서울특별시 강북구청,2025-08-12
13-19-25,1,서울특별시 강북구 삼양로89길 6,,37.63626993,127.0169158,2000,한전주,02-901-5863,서울특별시 강북구청,2025-08-12
13-19-24,1,서울특별시 강북구 삼양로89길 8,,37.63616932,127.0167358,2000,,02-901-5863,서울특별시 강북구청,2025-08-12
13-19-23,1,서울특별시 강북구 삼양로89길 9,,37.63600668,127.0166813,2000,한전주,02-901-5863,서울특별시 강북구청,2025-08-12
13-19-22,1,서울특별시 강북구 삼양로87길 33,,37.63577504,127.0159139,2000,한전주,02-901-5863,서울특별시 강북구청,2025-08-12
13-19-21,1,서울특별시 강북구 삼양로87길 29,,37.63556004,127.016064,2000,건축물,02-901-5863,서울특별시 강북구청,2025-08-12
13-19-20,1,서울특별시 강북구 삼양로87길 31,,37.63572183,127.0160166,2000,한전주,02-901-5863,서울특별시 강북구청,2025-08-12
13-19-19,1,서울특별시 강북구 삼양로87길 27,,37.63563287,127.0161537,2000,한전주,02-901-5863,서울특별시 강북구청,2025-08-12
13-19-18,1,서울특별시 강북구 삼양로87길 24,,37.63563598,127.016417,2000,한전주,02-901-5863,서울특별시 강북구청,2025-08-12
13-19-17,1,서울특별시 강북구 삼양로87길 24,,37.63561702,127.0164145,2000,건축물,02-901-5863,서울특별시 강북구청,2025-08-12
13-19-16,1,서울특별시 강북구 삼양로87길 20,,37.63553716,127.0165628,2000,전용주,02-901-5863,서울특별시 강북구청,2025-08-12
13-19-15,2,서울특별시 강북구 삼양로87길 21,,37.63522829,127.016261,2000,한전주,02-901-5863,서울특별시 강북구청,2025-08-12
13-19-14,1,서울특별시 강북구 삼양로87길 21,,37.6354415,127.0158956,2000,건축물,02-901-5863,서울특별시 강북구청,2025-08-12
13-19-13,2,서울특별시 강북구 삼양로87길 33,,37.63577949,127.0159089,2000,한전주,02-901-5863,서울특별시 강북구청,2025-08-12
13-19-12,1,서울특별시 강북구 인수봉로52길 42,,37.63504235,127.0155723,2000,한전주,02-901-5863,서울특별시 강북구청,2025-08-12
13-19-11,2,서울특별시 강북구 인수봉로52길 31,,37.63540815,127.0151369,2000,한전주,02-901-5863,서울특별시 강북구청,2025-08-12
13-19-10,1,서울특별시 강북구 인수봉로52길 41,,37.63532472,127.0155856,2000,한전주,02-901-5863,서울특별시 강북구청,2025-08-12
13-19-09,1,서울특별시 강북구 인수봉로52길 43,,37.63527811,127.0157505,2000,건축물,02-901-5863,서울특별시 강북구청,2025-08-12
13-19-07,1,서울특별시 강북구 인수봉로52길 50,,37.63503731,127.0159715,2000,,02-901-5863,서울특별시 강북구청,2025-08-12
13-19-06,1,서울특별시 강북구 인수봉로52길 53,,37.63513858,127.0163075,2000,한전주,02-901-5863,서울특별시 강북구청,2025-08-12
13-19-05,1,서울특별시 강북구 인수봉로52길 61,,37.63521141,127.0163972,2000,전용주,02-901-5863,서울특별시 강북구청,2025-08-12
13-19-04,2,서울특별시 강북구 삼양로87길 15,,37.63528433,127.0164982,2000,한전주,02-901-5863,서울특별시 강북구청,2025-08-12
13-19-03,1,서울특별시 강북구 인수봉로52길 62,,37.63514131,127.016636,2000,건축물,02-901-5863,서울특별시 강북구청,2025-08-12
13-19-02,1,서울특별시 강북구 삼양로 357,,37.63530973,127.0171272,2000,,02-901-5863,서울특별시 강북구청,2025-08-12
13-19-01,2,서울특별시 강북구 삼양로87길 3,,37.63490193,127.0171037,2000,한전주,02-901-5863,서울특별시 강북구청,2025-08-12
13-18-38,1,서울특별시 강북구 인수봉로56길 26,,37.63632096,127.0143884,2000,건축물,02-901-5863,서울특별시 강북구청,2025-08-12
13-18-37,1,서울특별시 강북구 인수봉로50길 6,,37.63479402,127.0135299,2000,,02-901-5863,서울특별시 강북구청,2025-08-12
13-18-36,1,서울특별시 강북구 삼양로87가길 20,,37.63553677,127.0143535,2000,,02-901-5863,서울특별시 강북구청,2025-08-12
13-18-34,1,서울특별시 강북구 인수봉로 164,,37.63441804,127.0135845,2000,건축물,02-901-5863,서울특별시 강북구청,2025-08-12
13-18-33,2,서울특별시 강북구 덕릉로3길 20,,37.63486277,127.0145663,2000,한전주,02-901-5863,서울특별시 강북구청,2025-08-12
13-18-32,1,서울특별시 강북구 덕릉로3길 24,,37.63502475,127.0145415,2000,한전주,02-901-5863,서울특별시 강북구청,2025-08-12
13-18-31,1,서울특별시 강북구 인수봉로50길 6,,37.63479402,127.0135299,2000,한전주,02-901-5863,서울특별시 강북구청,2025-08-12
13-18-30,1,서울특별시 강북구 인수봉로50길 6,,37.63474757,127.0135299,2000,한전주,02-901-5863,서울특별시 강북구청,2025-08-12
13-18-29,2,서울특별시 강북구 인수봉로50길 10,,37.6349985,127.0135561,2000,한전주,02-901-5863,서울특별시 강북구청,2025-08-12
13-18-28,1,서울특별시 강북구 인수봉로52길 16,,37.63538463,127.0141309,2000,건축물,02-901-5863,서울특별시 강북구청,2025-08-12
13-18-27,1,서울특별시 강북구 인수봉로52길 22,,37.63534027,127.0144593,2000,건축물,02-901-5863,서울특별시 강북구청,2025-08-12
13-18-26,1,서울특별시 강북구 인수봉로52길 16,,37.6353821,127.0141742,2000,,02-901-5863,서울특별시 강북구청,2025-08-12
13-18-25,1,서울특별시 강북구 인수봉로52길 17,,37.63552691,127.0142516,2000,한전주,02-901-5863,서울특별시 강북구청,2025-08-12
13-18-24,1,서울특별시 강북구 인수봉로52길 12,,37.63537818,127.0138653,2000,건축물,02-901-5863,서울특별시 강북구청,2025-08-12
13-18-23,1,서울특별시 강북구 인수봉로52길 11,,37.63552838,127.0138842,2000,한전주,02-901-5863,서울특별시 강북구청,2025-08-12
13-18-22,1,서울특별시 강북구 인수봉로56길 24,,37.63565077,127.0139781,2000,한전주,02-901-5863,서울특별시 강북구청,2025-08-12
13-18-21,1,서울특별시 강북구 삼양로87가길 12,,37.63584903,127.014655,2000,전용주,02-901-5863,서울특별시 강북구청,2025-08-12
13-18-20,1,서울특별시 강북구 인수봉로56길 24,,37.63577898,127.0142256,2000,전용주,02-901-5863,서울특별시 강북구청,2025-08-12
13-18-18,1,서울특별시 강북구 인수봉로56길 24,,37.63639143,127.0141949,2000,건축물,02-901-5863,서울특별시 강북구청,2025-08-12
13-18-17,1,서울특별시 강북구 인수봉로56길 18,,37.63650018,127.0138989,2000,전용주,02-901-5863,서울특별시 강북구청,2025-08-12
13-18-15,1,서울특별시 강북구 인수봉로56길 18,,37.63650018,127.0138932,2000,건축물,02-901-5863,서울특별시 강북구청,2025-08-12
13-18-14,1,서울특별시 강북구 인수봉로56길 18,,37.63650018,127.0138932,2000,건축물,02-901-5863,서울특별시 강북구청,2025-08-12
13-18-13,1,서울특별시 강북구 인수봉로56길 18,,37.63650018,127.0138932,2000,건축물,02-901-5863,서울특별시 강북구청,2025-08-12
13-18-11,1,서울특별시 강북구 인수봉로52길 6,,37.63537525,127.0135637,2000,건축물,02-901-5863,서울특별시 강북구청,2025-08-12
13-18-10,1,서울특별시 강북구 인수봉로52길 2,,37.63533963,127.013399,2000,건축물,02-901-5863,서울특별시 강북구청,2025-08-12
13-18-08,1,서울특별시 강북구 인수봉로52가길 3,,37.63569109,127.013411,2000,건축물,02-901-5863,서울특별시 강북구청,2025-08-12
13-18-07,1,서울특별시 강북구 인수봉로52가길 7,,37.63585345,127.0134316,2000,한전주,02-901-5863,서울특별시 강북구청,2025-08-12
13-18-05,1,서울특별시 강북구 인수봉로52가길 20,,37.63623468,127.0137664,2000,한전주,02-901-5863,서울특별시 강북구청,2025-08-12
13-18-04,1,서울특별시 강북구 인수봉로56길 6,,37.63664513,127.0132851,2000,한전주,02-901-5863,서울특별시 강북구청,2025-08-12
13-18-03,1,서울특별시 강북구 인수봉로 188,,37.63639097,127.0131682,2000,건축물,02-901-5863,서울특별시 강북구청,2025-08-12
13-18-02,1,서울특별시 강북구 인수봉로 186,,37.6362674,127.013192,2000,건축물,02-901-5863,서울특별시 강북구청,2025-08-12
13-18-01,1,서울특별시 강북구 인수봉로 188,,37.63639097,127.0131682,2000,건축물,02-901-5863,서울특별시 강북구청,2025-08-12
13-17-30,1,서울특별시 강북구 덕릉로9길 14,,37.63469174,127.0156676,2000,건축물,02-901-5863,서울특별시 강북구청,2025-08-12
13-17-29,1,서울특별시 강북구 인수봉로48길 11,,37.63419435,127.0141084,2000,,02-901-5863,서울특별시 강북구청,2025-08-12
13-17-28,1,서울특별시 강북구 인수봉로 164,,37.63441804,127.0135754,2000,한전주,02-901-5863,서울특별시 강북구청,2025-08-12
13-17-27,1,서울특별시 강북구 인수봉로48길 5,,37.63417592,127.0137707,2000,한전주,02-901-5863,서울특별시 강북구청,2025-08-12
13-17-26,1,서울특별시 강북구 덕릉로 3,,37.63399315,127.0140113,2000,한전주,02-901-5863,서울특별시 강북구청,2025-08-12
13-17-25,1,서울특별시 강북구 인수봉로48길 11,,37.63419435,127.0141247,2000,한전주,02-901-5863,서울특별시 강북구청,2025-08-12
13-17-24,1,서울특별시 강북구 덕릉로 7,,37.63402273,127.0143168,2000,한전주,02-901-5863,서울특별시 강북구청,2025-08-12
13-17-23,1,서울특별시 강북구 덕릉로3길 12,,37.63455683,127.0146157,2000,전용주,02-901-5863,서울특별시 강북구청,2025-08-12
13-17-22,1,서울특별시 강북구 덕릉로3길 4,,37.63421457,127.0146315,2000,전용주,02-901-5863,서울특별시 강북구청,2025-08-12
13-17-21,2,서울특별시 강북구 덕릉로5길 5,,37.63420669,127.0147676,2000,한전주,02-901-5863,서울특별시 강북구청,2025-08-12
13-17-18,1,서울특별시 강북구 덕릉로5길 17,,37.63480994,127.0147143,2000,건축물,02-901-5863,서울특별시 강북구청,2025-08-12
13-17-17,1,서울특별시 강북구 덕릉로5길 12,,37.63455046,127.014933,2000,한전주,02-901-5863,서울특별시 강북구청,2025-08-12
13-17-16,1,서울특별시 강북구 덕릉로7길 7,,37.63435358,127.0150942,2000,한전주,02-901-5863,서울특별시 강북구청,2025-08-12
13-17-15,1,서울특별시 강북구 덕릉로7길 11,,37.63456061,127.0150688,2000,한전주,02-901-5863,서울특별시 강북구청,2025-08-12
13-17-14,1,서울특별시 강북구 덕릉로7길 19,,37.63492079,127.0150414,2000,,02-901-5863,서울특별시 강북구청,2025-08-12
13-17-13,1,서울특별시 강북구 덕릉로7길 12,,37.63454523,127.0152803,2000,건축물,02-901-5863,서울특별시 강북구청,2025-08-12
13-17-12,1,서울특별시 강북구 덕릉로7길 12,,37.63454523,127.0152803,2000,건축물,02-901-5863,서울특별시 강북구청,2025-08-12
13-17-11,1,서울특별시 강북구 덕릉로9길 18,,37.63485372,127.0156428,2000,건축물,02-901-5863,서울특별시 강북구청,2025-08-12
13-17-10,1,서울특별시 강북구 덕릉로9길 13,,37.63469971,127.0155428,2000,한전주,02-901-5863,서울특별시 강북구청,2025-08-12
13-17-09,1,서울특별시 강북구 덕릉로9길 4,,37.63428082,127.015684,2000,한전주,02-901-5863,서울특별시 강북구청,2025-08-12
13-17-08,1,서울특별시 강북구 덕릉로 17,,37.63412283,127.0155164,2000,건축물,02-901-5863,서울특별시 강북구청,2025-08-12
13-17-07,1,서울특별시 강북구 덕릉로 19,,37.63418854,127.015706,2000,건축물,02-901-5863,서울특별시 강북구청,2025-08-12
13-17-05,1,서울특별시 강북구 덕릉로 19,,37.63414964,127.015706,2000,한전주,02-901-5863,서울특별시 강북구청,2025-08-12
13-17-04,1,서울특별시 강북구 덕릉로 19,,37.63414964,127.015706,2000,건축물,02-901-5863,서울특별시 강북구청,2025-08-12
13-17-03,2,서울특별시 강북구 덕릉로 23,,37.63461453,127.0161331,2000,한전주,02-901-5863,서울특별시 강북구청,2025-08-12
13-17-01,1,서울특별시 강북구 덕릉로 27,,37.63427642,127.0165117,2000,건축물,02-901-5863,서울특별시 강북구청,2025-08-12
13-16-58,1,서울특별시 강북구 419로 103,,37.64361352,127.0040261,2000,한전주,02-901-5863,서울특별시 강북구청,2025-08-12
13-16-57,2,서울특별시 강북구 419로27길 26,,37.64243416,127.0041438,2000,한전주,02-901-5863,서울특별시 강북구청,2025-08-12
13-16-56,1,서울특별시 강북구 419로27길 22,,37.64256595,127.0037454,2000,한전주,02-901-5863,서울특별시 강북구청,2025-08-12
13-16-53,1,서울특별시 강북구 419로23길 24,,37.6433002,127.0042682,2000,건축물,02-901-5863,서울특별시 강북구청,2025-08-12
13-16-52,1,서울특별시 강북구 419로23길 24,,37.64305637,127.0042035,2000,전용주,02-901-5863,서울특별시 강북구청,2025-08-12
13-16-51,1,서울특별시 강북구 419로23길 28,,37.6431939,127.0044849,2000,건축물,02-901-5863,서울특별시 강북구청,2025-08-12
13-16-49,1,서울특별시 강북구 419로23길 30,,37.64263332,127.0042544,2000,건축물,02-901-5863,서울특별시 강북구청,2025-08-12
13-16-48,1,서울특별시 강북구 419로23길 30,,37.64276979,127.0044112,2000,건축물,02-901-5863,서울특별시 강북구청,2025-08-12
13-16-47,1,서울특별시 강북구 419로25길 33,,37.64294965,127.005440,2000,전용주,02-901-5863,서울특별시 강북구청,2025-08-12
13-16-46,1,서울특별시 강북구 419로25길 33,,37.64294965,127.005440,2000,전용주,02-901-5863,서울특별시 강북구청,2025-08-12
13-16-43,1,서울특별시 강북구 419로25길 21,,37.64336966,127.0050265,2000,한전주,02-901-5863,서울특별시 강북구청,2025-08-12
13-16-42,1,서울특별시 강북구 419로25길 21,,37.64336966,127.0050265,2000,한전주,02-901-5863,서울특별시 강북구청,2025-08-12
13-16-41,1,서울특별시 강북구 419로17길 16,,37.64371306,127.0051465,2000,전용주,02-901-5863,서울특별시 강북구청,2025-08-12
13-16-40,1,서울특별시 강북구 419로17길 16,,37.64357592,127.0049104,2000,전용주,02-901-5863,서울특별시 강북구청,2025-08-12
13-16-39,1,서울특별시 강북구 419로17길 16,,37.64357592,127.0049104,2000,전용주,02-901-5863,서울특별시 강북구청,2025-08-12
13-16-38,1,서울특별시 강북구 419로25길 13,,37.64357363,127.0046385,2000,한전주,02-901-5863,서울특별시 강북구청,2025-08-12
13-16-37,1,서울특별시 강북구 419로23길 14,,37.64369871,127.0045122,2000,전용주,02-901-5863,서울특별시 강북구청,2025-08-12
13-16-36,1,서울특별시 강북구 419로 101,,37.64393171,127.0043618,2000,전용주,02-901-5863,서울특별시 강북구청,2025-08-12
13-16-35,1,서울특별시 강북구 419로23길 30,,37.6430232,127.0045438,2000,한전주,02-901-5863,서울특별시 강북구청,2025-08-12
13-16-34,1,서울특별시 강북구 419로23길 45,,37.64264748,127.0048661,2000,한전주,02-901-5863,서울특별시 강북구청,2025-08-12
13-16-32,1,서울특별시 강북구 419로23길 30,,37.64296723,127.004318,2000,전용주,02-901-5863,서울특별시 강북구청,2025-08-12
13-16-26,1,서울특별시 강북구 419로17길 28,,37.64362812,127.0057596,2000,건축물,02-901-5863,서울특별시 강북구청,2025-08-12
13-16-25,1,서울특별시 강북구 419로17길 28,,37.64385602,127.0060738,2000,,02-901-5863,서울특별시 강북구청,2025-08-12
13-16-24,2,서울특별시 강북구 419로17길 34,,37.64369585,127.0063139,2000,한전주,02-901-5863,서울특별시 강북구청,2025-08-12
13-16-23,1,서울특별시 강북구 419로17길 34,,37.64369585,127.0063139,2000,한전주,02-901-5863,서울특별시 강북구청,2025-08-12
13-16-22,1,서울특별시 강북구 419로17길 42,,37.64345127,127.0061585,2000,전용주,02-901-5863,서울특별시 강북구청,2025-08-12
13-16-21,1,서울특별시 강북구 419로17길 48,,37.6433402,127.0058087,2000,한전주,02-901-5863,서울특별시 강북구청,2025-08-12
13-16-20,1,서울특별시 강북구 419로17길 52,,37.64323142,127.0057308,2000,건축물,02-901-5863,서울특별시 강북구청,2025-08-12
13-16-19,1,서울특별시 강북구 419로17길 52,,37.64341957,127.0056037,2000,,02-901-5863,서울특별시 강북구청,2025-08-12
13-16-17,1,서울특별시 강북구 419로17길 52,,37.64351877,127.0056137,2000,전용주,02-901-5863,서울특별시 강북구청,2025-08-12
13-16-15,1,서울특별시 강북구 419로23길 9,,37.64379114,127.0058594,2000,한전주,02-901-5863,서울특별시 강북구청,2025-08-12
13-16-14,1,서울특별시 강북구 419로17길 28,,37.64385602,127.0060738,2000,,02-901-5863,서울특별시 강북구청,2025-08-12
13-16-13,1,서울특별시 강북구 419로17길 14,,37.64430401,127.0057732,2000,전용주,02-901-5863,서울특별시 강북구청,2025-08-12
13-16-12,1,서울특별시 강북구 419로23길 9,,37.64407591,127.0054363,2000,전용주,02-901-5863,서울특별시 강북구청,2025-08-12
13-16-11,2,서울특별시 강북구 419로17길 16,,37.64371306,127.0051465,2000,한전주,02-901-5863,서울특별시 강북구청,2025-08-12
13-16-10,1,서울특별시 강북구 419로23길 9,,37.64372965,127.0049763,2000,전용주,02-901-5863,서울특별시 강북구청,2025-08-12
13-16-09,1,서울특별시 강북구 419로23길 15,,37.64380048,127.0048281,2000,한전주,02-901-5863,서울특별시 강북구청,2025-08-12
13-16-08,1,서울특별시 강북구 419로23길 9,,37.64409846,127.0049034,2000,한전주,02-901-5863,서울특별시 강북구청,2025-08-12
13-16-07,1,서울특별시 강북구 419로21길 4,,37.64423274,127.0047997,2000,한전주,02-901-5863,서울특별시 강북구청,2025-08-12
13-16-06,2,서울특별시 강북구 419로21길 6,,37.64427154,127.0051278,2000,한전주,02-901-5863,서울특별시 강북구청,2025-08-12
13-16-05,1,서울특별시 강북구 419로17길 24,,37.64399059,127.006004,2000,한전주,02-901-5863,서울특별시 강북구청,2025-08-12
13-16-04,1,서울특별시 강북구 인수봉로75길 83,,37.64421887,127.0063636,2000,한전주,02-901-5863,서울특별시 강북구청,2025-08-12
13-16-03,1,서울특별시 강북구 인수봉로75길 87,,37.64427188,127.0062382,2000,전용주,02-901-5863,서울특별시 강북구청,2025-08-12
13-16-02,1,서울특별시 강북구 419로17길 20,,37.64411615,127.0059344,2000,한전주,02-901-5863,서울특별시 강북구청,2025-08-12
13-16-01,1,서울특별시 강북구 419로17길 14,,37.64430401,127.0057732,2000,한전주,02-901-5863,서울특별시 강북구청,2025-08-12
13-15-52,1,서울특별시 강북구 인수봉로79가길 43,,37.64370894,127.006873,2000,한전주,02-901-5863,서울특별시 강북구청,2025-08-12
13-15-51,1,서울특별시 강북구 인수봉로79나길 7,,37.64338276,127.0079227,2000,한전주,02-901-5863,서울특별시 강북구청,2025-08-12
13-15-50,1,서울특별시 강북구 인수봉로79나길 7,,37.64338732,127.0079227,2000,한전주,02-901-5863,서울특별시 강북구청,2025-08-12
13-15-48,1,서울특별시 강북구 인수봉로79가길 33,,37.64385077,127.0075923,2000,한전주,02-901-5863,서울특별시 강북구청,2025-08-12
13-15-47,1,서울특별시 강북구 인수봉로79나길 25,,37.64363606,127.0077764,2000,건축물,02-901-5863,서울특별시 강북구청,2025-08-12
13-15-46,1,서울특별시 강북구 인수봉로79가길 35,,37.64378646,127.0073809,2000,전용주,02-901-5863,서울특별시 강북구청,2025-08-12
13-15-45,1,서울특별시 강북구 인수봉로79가길 37,,37.64342466,127.0072807,2000,전용주,02-901-5863,서울특별시 강북구청,2025-08-12
13-15-44,1,서울특별시 강북구 인수봉로79가길 37,,37.64331855,127.007520,2000,전용주,02-901-5863,서울특별시 강북구청,2025-08-12
13-15-43,1,서울특별시 강북구 인수봉로79다길 4,,37.64311298,127.0076476,2000,한전주,02-901-5863,서울특별시 강북구청,2025-08-12
13-15-42,1,서울특별시 강북구 인수봉로79다길 8,,37.64315328,127.0073778,2000,건축물,02-901-5863,서울특별시 강북구청,2025-08-12
13-15-41,1,서울특별시 강북구 인수봉로79다길 9,,37.642965,127.0072641,2000,한전주,02-901-5863,서울특별시 강북구청,2025-08-12
13-15-40,1,서울특별시 강북구 인수봉로79길 88,,37.64284492,127.0069144,2000,한전주,02-901-5863,서울특별시 강북구청,2025-08-12
13-15-39,1,서울특별시 강북구 인수봉로79다길 16,,37.64322398,127.0069887,2000,건축물,02-901-5863,서울특별시 강북구청,2025-08-12
13-15-38,1,서울특별시 강북구 인수봉로79길 96,,37.64273386,127.0065646,2000,한전주,02-901-5863,서울특별시 강북구청,2025-08-12
13-15-37,1,서울특별시 강북구 인수봉로75길 39,,37.64362489,127.0085924,2000,한전주,02-901-5863,서울특별시 강북구청,2025-08-12
13-15-36,1,서울특별시 강북구 인수봉로79다길 28,,37.64297999,127.0063172,2000,한전주,02-901-5863,서울특별시 강북구청,2025-08-12
13-15-35,1,서울특별시 강북구 인수봉로79다길 28,,37.64297999,127.0063172,2000,한전주,02-901-5863,서울특별시 강북구청,2025-08-12
13-15-34,1,서울특별시 강북구 인수봉로79길 100,,37.64247687,127.0065032,2000,한전주,02-901-5863,서울특별시 강북구청,2025-08-12
13-15-33,1,서울특별시 강북구 인수봉로79길 104,,37.64243417,127.0062854,2000,전용주,02-901-5863,서울특별시 강북구청,2025-08-12
13-15-32,1,서울특별시 강북구 인수봉로79길 108,,37.64238798,127.0061447,2000,건축물,02-901-5863,서울특별시 강북구청,2025-08-12
13-15-31,1,서울특별시 강북구 인수봉로79다길 35,,37.64260354,127.0060678,2000,한전주,02-901-5863,서울특별시 강북구청,2025-08-12
13-15-30,1,서울특별시 강북구 인수봉로79길 108,,37.64238697,127.0061447,2000,한전주,02-901-5863,서울특별시 강북구청,2025-08-12
13-15-29,1,서울특별시 강북구 인수봉로79길 114,,37.64225842,127.0057438,2000,전용주,02-901-5863,서울특별시 강북구청,2025-08-12
13-15-28,1,서울특별시 강북구 419로25길 54,,37.64200158,127.0052033,2000,전용주,02-901-5863,서울특별시 강북구청,2025-08-12
13-15-27,1,서울특별시 강북구 419로25길 54,,37.64200158,127.0052033,2000,전용주,02-901-5863,서울특별시 강북구청,2025-08-12
13-15-26,1,서울특별시 강북구 419로25길 54,,37.64200158,127.0052033,2000,전용주,02-901-5863,서울특별시 강북구청,2025-08-12
13-15-25,1,서울특별시 강북구 419로25길 54,,37.64200158,127.0052033,2000,전용주,02-901-5863,서울특별시 강북구청,2025-08-12
13-15-24,1,서울특별시 강북구 419로25길 54,,37.64200158,127.0052033,2000,전용주,02-901-5863,서울특별시 강북구청,2025-08-12
13-15-22,1,서울특별시 강북구 419로25길 54,,37.6420748,127.0053383,2000,전용주,02-901-5863,서울특별시 강북구청,2025-08-12
13-15-21,1,서울특별시 강북구 419로25길 54,,37.6420748,127.0053383,2000,한전주,02-901-5863,서울특별시 강북구청,2025-08-12
13-15-20,1,서울특별시 강북구 인수봉로79길 108,,37.64237697,127.0061447,2000,한전주,02-901-5863,서울특별시 강북구청,2025-08-12
13-15-19,1,서울특별시 강북구 인수봉로79길 108,,37.64237697,127.0061447,2000,한전주,02-901-5863,서울특별시 강북구청,2025-08-12
13-15-18,1,서울특별시 강북구 인수봉로79길 104,,37.64243417,127.0062854,2000,한전주,02-901-5863,서울특별시 강북구청,2025-08-12
13-15-17,1,서울특별시 강북구 인수봉로79길 96,,37.64273386,127.0065646,2000,,02-901-5863,서울특별시 강북구청,2025-08-12
13-15-16,1,서울특별시 강북구 인수봉로79길 90,,37.64261979,127.0069288,2000,한전주,02-901-5863,서울특별시 강북구청,2025-08-12
13-15-15,1,서울특별시 강북구 인수봉로79다길 9,,37.64296579,127.0072664,2000,건축물,02-901-5863,서울특별시 강북구청,2025-08-12
13-15-14,1,서울특별시 강북구 인수봉로79길 88,,37.64269424,127.007211,2000,한전주,02-901-5863,서울특별시 강북구청,2025-08-12
13-15-13,1,서울특별시 강북구 인수봉로79길 75,,37.64141173,127.0057777,2000,건축물,02-901-5863,서울특별시 강북구청,2025-08-12
13-15-12,1,서울특별시 강북구 인수봉로79길 75,,37.64167453,127.0059555,2000,한전주,02-901-5863,서울특별시 강북구청,2025-08-12
13-15-11,1,서울특별시 강북구 인수봉로79길 75,,37.64144958,127.0059925,2000,건축물,02-901-5863,서울특별시 강북구청,2025-08-12
13-15-10,1,서울특별시 강북구 인수봉로79길 75,,37.64166761,127.0062049,2000,한전주,02-901-5863,서울특별시 강북구청,2025-08-12
13-15-09,1,서울특별시 강북구 인수봉로79길 75,,37.64169693,127.0064765,2000,한전주,02-901-5863,서울특별시 강북구청,2025-08-12
13-15-08,2,서울특별시 강북구 인수봉로79길 75,,37.64172672,127.0068047,2000,한전주,02-901-5863,서울특별시 강북구청,2025-08-12
13-15-07,1,서울특별시 강북구 인수봉로79길 75,,37.64173072,127.0072805,2000,전용주,02-901-5863,서울특별시 강북구청,2025-08-12
13-15-06,1,서울특별시 강북구 인수봉로79길 75,,37.64183693,127.0070525,2000,한전주,02-901-5863,서울특별시 강북구청,2025-08-12
13-15-05,1,서울특별시 강북구 인수봉로79길 75,,37.64193765,127.0072438,2000,한전주,02-901-5863,서울특별시 강북구청,2025-08-12
13-15-04,1,서울특별시 강북구 인수봉로79길 75,,37.64226817,127.0079759,2000,한전주,02-901-5863,서울특별시 강북구청,2025-08-12
13-15-03,1,서울특별시 강북구 인수봉로79길 75,,37.64238605,127.008065,2000,건축물,02-901-5863,서울특별시 강북구청,2025-08-12
13-15-02,1,서울특별시 강북구 인수봉로79길 75,,37.64263793,127.0080163,2000,한전주,02-901-5863,서울특별시 강북구청,2025-08-12
13-15-01,1,서울특별시 강북구 인수봉로79길 77,,37.6427429,127.007641,2000,한전주,02-901-5863,서울특별시 강북구청,2025-08-12
13-14-71,1,서울특별시 강북구 삼각산로 36,,37.63878715,127.0076142,2000,한전주,02-901-5863,서울특별시 강북구청,2025-08-12
13-14-57,1,서울특별시 강북구 삼각산로 16,,37.63840824,127.0064862,2000,한전주,02-901-5863,서울특별시 강북구청,2025-08-12
13-14-56,1,서울특별시 강북구 삼각산로 16,,37.63840824,127.0064862,2000,전용주,02-901-5863,서울특별시 강북구청,2025-08-12
13-14-55,1,서울특별시 강북구 삼각산로 20,,37.63863538,127.0067098,2000,전용주,02-901-5863,서울특별시 강북구청,2025-08-12
13-14-54,1,서울특별시 강북구 삼각산로 20,,37.63863538,127.0067098,2000,전용주,02-901-5863,서울특별시 강북구청,2025-08-12
13-14-53,1,서울특별시 강북구 삼각산로 22,,37.63873658,127.0069577,2000,전용주,02-901-5863,서울특별시 강북구청,2025-08-12
13-14-52,1,서울특별시 강북구 삼각산로 22,,37.63873658,127.0069577,2000,한전주,02-901-5863,서울특별시 강북구청,2025-08-12
13-14-51,1,서울특별시 강북구 삼각산로 22,,37.63873658,127.0069577,2000,전용주,02-901-5863,서울특별시 강북구청,2025-08-12
13-14-50,1,서울특별시 강북구 삼각산로 36,,37.63878715,127.0076142,2000,한전주,02-901-5863,서울특별시 강북구청,2025-08-12
13-14-49,1,서울특별시 강북구 삼각산로 36,,37.63878715,127.0076142,2000,전용주,02-901-5863,서울특별시 강북구청,2025-08-12
13-14-48,1,서울특별시 강북구 삼각산로 36,,37.63878715,127.0076142,2000,한전주,02-901-5863,서울특별시 강북구청,2025-08-12
13-14-47,1,서울특별시 강북구 삼각산로 36,,37.63878715,127.0076142,2000,전용주,02-901-5863,서울특별시 강북구청,2025-08-12
13-14-46,1,서울특별시 강북구 삼각산로 36,,37.63878715,127.0076142,2000,한전주,02-901-5863,서울특별시 강북구청,2025-08-12
13-14-45,1,서울특별시 강북구 삼각산로 36,,37.63878715,127.0076142,2000,전용주,02-901-5863,서울특별시 강북구청,2025-08-12
13-14-44,1,서울특별시 강북구 삼각산로 40,,37.63921137,127.0087756,2000,한전주,02-901-5863,서울특별시 강북구청,2025-08-12
13-14-43,1,서울특별시 강북구 삼각산로 40,,37.63921137,127.0087756,2000,한전주,02-901-5863,서울특별시 강북구청,2025-08-12
13-14-42,1,서울특별시 강북구 삼각산로 42,,37.6392219,127.0089568,2000,전용주,02-901-5863,서울특별시 강북구청,2025-08-12
13-14-41,1,서울특별시 강북구 삼각산로 43,,37.64031277,127.0079565,2000,한전주,02-901-5863,서울특별시 강북구청,2025-08-12
13-14-40,1,서울특별시 강북구 삼각산로 40,,37.63921263,127.0087877,2000,전용주,02-901-5863,서울특별시 강북구청,2025-08-12
13-14-39,1,서울특별시 강북구 삼각산로 40,,37.63921263,127.0087767,2000,전용주,02-901-5863,서울특별시 강북구청,2025-08-12
13-14-38,1,서울특별시 강북구 삼각산로 40,,37.63921263,127.0087767,2000,한전주,02-901-5863,서울특별시 강북구청,2025-08-12
13-14-37,1,서울특별시 강북구 삼각산로 40,,37.63921263,127.0087767,2000,한전주,02-901-5863,서울특별시 강북구청,2025-08-12
13-14-36,1,서울특별시 강북구 삼각산로 40,,37.63921263,127.0087767,2000,한전주,02-901-5863,서울특별시 강북구청,2025-08-12
13-14-35,1,서울특별시 강북구 삼각산로 48,,37.63853681,127.0089206,2000,건축물,02-901-5863,서울특별시 강북구청,2025-08-12
13-14-34,1,서울특별시 강북구 삼각산로 48,,37.63891767,127.0092101,2000,건축물,02-901-5863,서울특별시 강북구청,2025-08-12
13-14-33,1,서울특별시 강북구 인수봉로67길 12,,37.64016468,127.0107119,2000,건축물,02-901-5863,서울특별시 강북구청,2025-08-12
13-14-32,1,서울특별시 강북구 삼각산로 48,,37.63904352,127.0091744,2000,한전주,02-901-5863,서울특별시 강북구청,2025-08-12
13-14-31,1,서울특별시 강북구 삼각산로 48,,37.63919668,127.0091724,2000,한전주,02-901-5863,서울특별시 강북구청,2025-08-12
13-14-30,1,서울특별시 강북구 삼각산로 47,,37.63965038,127.0095516,2000,건축물,02-901-5863,서울특별시 강북구청,2025-08-12
13-14-29,1,서울특별시 강북구 삼각산로 49,,37.63970586,127.0097209,2000,건축물,02-901-5863,서울특별시 강북구청,2025-08-12
13-14-28,1,서울특별시 강북구 삼각산로 51,,37.6397071,127.0098908,2000,한전주,02-901-5863,서울특별시 강북구청,2025-08-12
13-14-27,1,서울특별시 강북구 인수봉로67길 24,,37.64047611,127.0102432,2000,한전주,02-901-5863,서울특별시 강북구청,2025-08-12
13-14-26,1,서울특별시 강북구 인수봉로67길 24,,37.63996998,127.0100573,2000,한전주,02-901-5863,서울특별시 강북구청,2025-08-12
13-14-25,1,서울특별시 강북구 인수봉로67길 12,,37.6402891,127.0105063,2000,건축물,02-901-5863,서울특별시 강북구청,2025-08-12
13-14-24,1,서울특별시 강북구 인수봉로67길 12,,37.64012797,127.0106331,2000,건축물,02-901-5863,서울특별시 강북구청,2025-08-12
13-14-23,1,서울특별시 강북구 인수봉로67길 12,,37.64028123,127.0106424,2000,전용주,02-901-5863,서울특별시 강북구청,2025-08-12
13-14-22,1,서울특별시 강북구 인수봉로67길 12,,37.64045459,127.0109007,2000,한전주,02-901-5863,서울특별시 강북구청,2025-08-12
13-14-21,1,서울특별시 강북구 인수봉로67길 12,,37.64024633,127.0107788,2000,건축물,02-901-5863,서울특별시 강북구청,2025-08-12
13-14-20,1,서울특별시 강북구 인수봉로 241,,37.64033244,127.0113782,2000,한전주,02-901-5863,서울특별시 강북구청,2025-08-12
13-14-19,1,서울특별시 강북구 인수봉로68길 1,,37.64050665,127.0116667,2000,한전주,02-901-5863,서울특별시 강북구청,2025-08-12
13-14-18,1,서울특별시 강북구 인수봉로68길 3,,37.6405791,127.0117828,2000,전용주,02-901-5863,서울특별시 강북구청,2025-08-12
13-14-16,1,서울특별시 강북구 인수봉로70길 4,,37.6407297,127.0114749,2000,한전주,02-901-5863,서울특별시 강북구청,2025-08-12
13-14-15,1,서울특별시 강북구 인수봉로 245,,37.64061843,127.011058,2000,전용주,02-901-5863,서울특별시 강북구청,2025-08-12
13-14-14,2,서울특별시 강북구 인수봉로 245,,37.64061843,127.011058,2000,한전주,02-901-5863,서울특별시 강북구청,2025-08-12
13-14-12,1,서울특별시 강북구 인수봉로 247,,37.64082397,127.0108958,2000,건축물,02-901-5863,서울특별시 강북구청,2025-08-12
13-14-11,1,서울특별시 강북구 인수봉로 249,,37.64096489,127.0108408,2000,한전주,02-901-5863,서울특별시 강북구청,2025-08-12
13-14-10,1,서울특별시 강북구 인수봉로 249,,37.64091359,127.0108379,2000,전용주,02-901-5863,서울특별시 강북구청,2025-08-12
13-14-09,1,서울특별시 강북구 인수봉로 249,,37.64091359,127.0108379,2000,한전주,02-901-5863,서울특별시 강북구청,2025-08-12
13-14-08,1,서울특별시 강북구 인수봉로 251,,37.64104444,127.0107865,2000,한전주,02-901-5863,서울특별시 강북구청,2025-08-12
13-14-07,1,서울특별시 강북구 인수봉로 251,,37.64104444,127.0107865,2000,한전주,02-901-5863,서울특별시 강북구청,2025-08-12
13-14-06,1,서울특별시 강북구 인수봉로 251,,37.64102644,127.0107865,2000,전용주,02-901-5863,서울특별시 강북구청,2025-08-12
13-14-05,1,서울특별시 강북구 인수봉로 251,,37.64105461,127.0107865,2000,한전주,02-901-5863,서울특별시 강북구청,2025-08-12
13-14-04,1,서울특별시 강북구 인수봉로 251,,37.64104444,127.0107865,2000,한전주,02-901-5863,서울특별시 강북구청,2025-08-12
13-14-03,1,서울특별시 강북구 인수봉로 255,,37.64148819,127.0105924,2000,건축물,02-901-5863,서울특별시 강북구청,2025-08-12
13-14-02,1,서울특별시 강북구 인수봉로 255,,37.64148819,127.0105924,2000,건축물,02-901-5863,서울특별시 강북구청,2025-08-12
13-14-01,1,서울특별시 강북구 인수봉로 255,,37.64148819,127.0105924,2000,건축물,02-901-5863,서울특별시 강북구청,2025-08-12
13-13-60,1,서울특별시 강북구 인수봉로79길 33,,37.64410914,127.0093905,2000,한전주,02-901-5863,서울특별시 강북구청,2025-08-12
13-13-20,1,서울특별시 강북구 인수봉로73가길 18,,37.64288217,127.0087533,2000,건축물,02-901-5863,서울특별시 강북구청,2025-08-12
13-13-19,1,서울특별시 강북구 인수봉로79길 39,,37.64384682,127.0092694,2000,건축물,02-901-5863,서울특별시 강북구청,2025-08-12
13-13-18,2,서울특별시 강북구 인수봉로79길 68,,37.64308945,127.008135,2000,한전주,02-901-5863,서울특별시 강북구청,2025-08-12
13-13-17,1,서울특별시 강북구 인수봉로73가길 15,,37.64279252,127.0085609,2000,한전주,02-901-5863,서울특별시 강북구청,2025-08-12
13-13-16,1,서울특별시 강북구 인수봉로79길 61,,37.6431382,127.0085762,2000,한전주,02-901-5863,서울특별시 강북구청,2025-08-12
13-13-15,1,서울특별시 강북구 인수봉로73가길 18,,37.64288217,127.0087533,2000,건축물,02-901-5863,서울특별시 강북구청,2025-08-12
13-13-14,1,서울특별시 강북구 인수봉로79길 62,,37.6432361,127.0084247,2000,한전주,02-901-5863,서울특별시 강북구청,2025-08-12
13-13-13,1,서울특별시 강북구 인수봉로79길 61,,37.6431382,127.0085762,2000,한전주,02-901-5863,서울특별시 강북구청,2025-08-12
13-13-12,1,서울특별시 강북구 인수봉로79길 56,,37.64354305,127.0085029,2000,한전주,02-901-5863,서울특별시 강북구청,2025-08-12
13-13-11,2,서울특별시 강북구 인수봉로79길 57,,37.64322906,127.0086657,2000,한전주,02-901-5863,서울특별시 강북구청,2025-08-12
13-13-10,1,서울특별시 강북구 인수봉로79길 55,,37.64320526,127.0090512,2000,건축물,02-901-5863,서울특별시 강북구청,2025-08-12
13-13-09,1,서울특별시 강북구 인수봉로75길 35,,37.6434652,127.0088892,2000,한전주,02-901-5863,서울특별시 강북구청,2025-08-12
13-13-08,1,서울특별시 강북구 인수봉로75길 34,,37.64359304,127.0090914,2000,,02-901-5863,서울특별시 강북구청,2025-08-12
13-13-07,1,서울특별시 강북구 인수봉로75길 27,,37.64322394,127.0091303,2000,한전주,02-901-5863,서울특별시 강북구청,2025-08-12
13-13-06,1,서울특별시 강북구 인수봉로79길 41,,37.64376431,127.0090983,2000,한전주,02-901-5863,서울특별시 강북구청,2025-08-12
13-13-05,1,서울특별시 강북구 인수봉로79길 39,,37.64385042,127.0092435,2000,건축물,02-901-5863,서울특별시 강북구청,2025-08-12
13-13-04,1,서울특별시 강북구 인수봉로79길 33,,37.64410772,127.0093931,2000,건축물,02-901-5863,서울특별시 강북구청,2025-08-12
13-13-03,1,서울특별시 강북구 인수봉로79길 37,,37.64398244,127.0092961,2000,,02-901-5863,서울특별시 강북구청,2025-08-12
13-13-02,1,서울특별시 강북구 인수봉로77길 15,,37.64433464,127.0098815,2000,전용주,02-901-5863,서울특별시 강북구청,2025-08-12
13-13-01,1,서울특별시 강북구 인수봉로77길 19,,37.64439953,127.009636,2000,한전주,02-901-5863,서울특별시 강북구청,2025-08-12
13-12-61,1,서울특별시 강북구 인수봉로75길 39,,37.64362489,127.0085924,2000,건축물,02-901-5863,서울특별시 강북구청,2025-08-12
13-12-39,1,서울특별시 강북구 인수봉로79가길 14,,37.64413824,127.008563,2000,한전주,02-901-5863,서울특별시 강북구청,2025-08-12
13-12-38,1,서울특별시 강북구 인수봉로79가길 40,,37.64394587,127.0071151,2000,전용주,02-901-5863,서울특별시 강북구청,2025-08-12
13-12-36,1,서울특별시 강북구 인수봉로79가길 38,,37.64398343,127.0072959,2000,한전주,02-901-5863,서울특별시 강북구청,2025-08-12
13-12-34,2,서울특별시 강북구 인수봉로79가길 52,,37.64393229,127.0065714,2000,전용주,02-901-5863,서울특별시 강북구청,2025-08-12
13-12-33,1,서울특별시 강북구 419로17길 23,,37.64407491,127.0063882,2000,한전주,02-901-5863,서울특별시 강북구청,2025-08-12
13-06-32,1,서울특별시 강북구 인수봉로72길 27,,37.64253109,127.012394,2000,건축물,02-901-5863,서울특별시 강북구청,2025-08-12
13-06-31,1,서울특별시 강북구 인수봉로 270,,37.64272712,127.0111312,2000,한전주,02-901-5863,서울특별시 강북구청,2025-08-12
13-05-34,1,서울특별시 강북구 인수봉로 239,,37.64019872,127.0115499,2000,한전주,02-901-5863,서울특별시 강북구청,2025-08-12
13-05-33,2,서울특별시 강북구 삼각산로 73,,37.64015196,127.012423,2000,,02-901-5863,서울특별시 강북구청,2025-08-12
13-05-32,1,서울특별시 강북구 삼각산로 89,,37.64067068,127.0140463,2000,전용주,02-901-5863,서울특별시 강북구청,2025-08-12
13-04-35,1,서울특별시 강북구 삼양로111길 37,,37.64202576,127.0144635,2000,건축물,02-901-5863,서울특별시 강북구청,2025-08-12
13-04-34,1,서울특별시 강북구 삼양로111길 37,,37.642016,127.0144493,2000,건축물,02-901-5863,서울특별시 강북구청,2025-08-12
13-04-33,1,서울특별시 강북구 삼양로111가길 5,,37.64255788,127.0145995,2000,한전주,02-901-5863,서울특별시 강북구청,2025-08-12
13-04-32,1,서울특별시 강북구 삼양로111가길 11,,37.64273019,127.0147345,2000,전용주,02-901-5863,서울특별시 강북구청,2025-08-12
13-04-31,1,서울특별시 강북구 삼양로111가길 10,,37.64252487,127.0149638,2000,한전주,02-901-5863,서울특별시 강북구청,2025-08-12
13-03-39,1,서울특별시 강북구 인수봉로72길 49,,37.64300809,127.0134844,2000,한전주,02-901-5863,서울특별시 강북구청,2025-08-12
13-03-38,2,서울특별시 강북구 인수봉로72길 79,,37.64366005,127.0149488,2000,한전주,02-901-5863,서울특별시 강북구청,2025-08-12
13-03-37,1,서울특별시 강북구 삼양로111길 18,,37.64305576,127.0148775,2000,한전주,02-901-5863,서울특별시 강북구청,2025-08-12
13-03-36,1,서울특별시 강북구 삼양로111길 18,,37.64305576,127.0148775,2000,한전주,02-901-5863,서울특별시 강북구청,2025-08-12
13-03-35,1,서울특별시 강북구 인수봉로72길 79,,37.64366005,127.0149488,2000,한전주,02-901-5863,서울특별시 강북구청,2025-08-12
13-03-34,1,서울특별시 강북구 인수봉로72길 75,,37.64353184,127.0147012,2000,건축물,02-901-5863,서울특별시 강북구청,2025-08-12
13-03-33,1,서울특별시 강북구 인수봉로72길 71,,37.64343132,127.014496,2000,건축물,02-901-5863,서울특별시 강북구청,2025-08-12
13-03-32,1,서울특별시 강북구 인수봉로72길 63,,37.64344088,127.0141554,2000,한전주,02-901-5863,서울특별시 강북구청,2025-08-12
13-02-34,1,서울특별시 강북구 삼양로117길 34,,37.64398316,127.0143538,2000,건축물,02-901-5863,서울특별시 강북구청,2025-08-12
13-02-33,2,서울특별시 강북구 삼양로123길 9,,37.64465325,127.0151964,2000,한전주,02-901-5863,서울특별시 강북구청,2025-08-12
13-02-32,1,서울특별시 강북구 삼양로123길 11,,37.64461579,127.0150269,2000,한전주,02-901-5863,서울특별시 강북구청,2025-08-12
13-02-31,1,서울특별시 강북구 삼양로123길 11,,37.64461579,127.0150269,2000,한전주,02-901-5863,서울특별시 강북구청,2025-08-12
13-02-30,2,서울특별시 강북구 삼양로123길 45,,37.64446467,127.0131139,2000,한전주,02-901-5863,서울특별시 강북구청,2025-08-12
13-02-29,1,서울특별시 강북구 삼양로123길 23,,37.64461894,127.0143243,2000,건축물,02-901-5863,서울특별시 강북구청,2025-08-12
12-26-24,1,서울특별시 강북구 삼각산로 5,,37.63785114,127.0056016,2000,,02-901-5863,서울특별시 강북구청,2025-08-12
12-26-03,1,서울특별시 강북구 419로12길 75,,37.6457052,127.0041795,2000,전용주,02-901-5863,서울특별시 강북구청,2025-08-12
12-26-02,1,서울특별시 강북구 419로12길 75,,37.6457052,127.0041795,2000,전용주,02-901-5863,서울특별시 강북구청,2025-08-12
12-26-01,1,서울특별시 강북구 419로12길 75,,37.6457052,127.0041795,2000,전용주,02-901-5863,서울특별시 강북구청,2025-08-12
12-25-40,1,서울특별시 강북구 삼양로173길 107,,37.66073732,127.0072363,2000,한전주,02-901-5863,서울특별시 강북구청,2025-08-12
12-25-39,1,서울특별시 강북구 삼양로173길 107,,37.66073732,127.0072363,2000,한전주,02-901-5863,서울특별시 강북구청,2025-08-12
12-25-38,1,서울특별시 강북구 삼양로173길 107,,37.66073732,127.0072363,2000,한전주,02-901-5863,서울특별시 강북구청,2025-08-12
12-25-37,1,서울특별시 강북구 삼양로173길 107,,37.66073732,127.0072363,2000,한전주,02-901-5863,서울특별시 강북구청,2025-08-12
12-25-36,1,서울특별시 강북구 삼양로173길 107,,37.66073732,127.0072363,2000,한전주,02-901-5863,서울특별시 강북구청,2025-08-12
12-25-35,1,서울특별시 강북구 삼양로173길 107,,37.66073732,127.0072363,2000,한전주,02-901-5863,서울특별시 강북구청,2025-08-12
12-25-34,1,서울특별시 강북구 삼양로173길 107,,37.66073732,127.0072363,2000,한전주,02-901-5863,서울특별시 강북구청,2025-08-12
12-25-33,1,서울특별시 강북구 삼양로173길 107,,37.66073732,127.0072363,2000,한전주,02-901-5863,서울특별시 강북구청,2025-08-12
12-25-32,1,서울특별시 강북구 삼양로173길 107,,37.66073732,127.0072363,2000,한전주,02-901-5863,서울특별시 강북구청,2025-08-12
12-25-31,1,서울특별시 강북구 삼양로173길 107,,37.66073732,127.0072363,2000,한전주,02-901-5863,서울특별시 강북구청,2025-08-12
12-25-30,1,서울특별시 강북구 삼양로173길 107,,37.66073732,127.0072363,2000,한전주,02-901-5863,서울특별시 강북구청,2025-08-12
12-25-29,1,서울특별시 강북구 삼양로173길 107,,37.66073732,127.0072363,2000,한전주,02-901-5863,서울특별시 강북구청,2025-08-12
12-25-28,1,서울특별시 강북구 삼양로173길 107,,37.66073732,127.0072363,2000,한전주,02-901-5863,서울특별시 강북구청,2025-08-12
12-25-27,1,서울특별시 강북구 삼양로173길 107,,37.66073732,127.0072363,2000,한전주,02-901-5863,서울특별시 강북구청,2025-08-12
12-25-26,1,서울특별시 강북구 삼양로173길 107,,37.66073732,127.0072363,2000,한전주,02-901-5863,서울특별시 강북구청,2025-08-12
12-25-25,1,서울특별시 강북구 삼양로173길 107,,37.66073732,127.0072363,2000,한전주,02-901-5863,서울특별시 강북구청,2025-08-12
12-25-24,1,서울특별시 강북구 삼양로173길 107,,37.66073732,127.0072363,2000,한전주,02-901-5863,서울특별시 강북구청,2025-08-12
12-25-23,1,서울특별시 강북구 삼양로173길 107,,37.66073732,127.0072363,2000,한전주,02-901-5863,서울특별시 강북구청,2025-08-12
12-25-22,1,서울특별시 강북구 삼양로173길 107,,37.66073732,127.0072363,2000,한전주,02-901-5863,서울특별시 강북구청,2025-08-12
12-25-21,1,서울특별시 강북구 삼양로173길 107,,37.66073732,127.0072363,2000,한전주,02-901-5863,서울특별시 강북구청,2025-08-12
12-25-20,1,서울특별시 강북구 삼양로173길 107,,37.66073732,127.0072363,2000,한전주,02-901-5863,서울특별시 강북구청,2025-08-12
12-25-19,1,서울특별시 강북구 삼양로173길 107,,37.66073732,127.0072363,2000,한전주,02-901-5863,서울특별시 강북구청,2025-08-12
12-25-17,1,서울특별시 강북구 삼양로173길 107,,37.66073732,127.0072363,2000,한전주,02-901-5863,서울특별시 강북구청,2025-08-12
12-25-16,1,서울특별시 강북구 삼양로173길 107,,37.66073732,127.0072363,2000,한전주,02-901-5863,서울특별시 강북구청,2025-08-12
12-25-15,1,서울특별시 강북구 삼양로173길 107,,37.66073732,127.0072363,2000,한전주,02-901-5863,서울특별시 강북구청,2025-08-12
12-25-14,1,서울특별시 강북구 삼양로173길 107,,37.66073732,127.0072363,2000,한전주,02-901-5863,서울특별시 강북구청,2025-08-12
12-25-13,1,서울특별시 강북구 삼양로173길 107,,37.66073732,127.0072363,2000,한전주,02-901-5863,서울특별시 강북구청,2025-08-12
12-25-12,1,서울특별시 강북구 삼양로173길 107,,37.66073732,127.0072363,2000,한전주,02-901-5863,서울특별시 강북구청,2025-08-12
12-25-11,1,서울특별시 강북구 삼양로173길 107,,37.66073732,127.0072363,2000,한전주,02-901-5863,서울특별시 강북구청,2025-08-12
12-25-10,1,서울특별시 강북구 삼양로173길 107,,37.66073732,127.0072363,2000,한전주,02-901-5863,서울특별시 강북구청,2025-08-12
12-25-09,1,서울특별시 강북구 삼양로173길 107,,37.66073732,127.0072363,2000,전용주,02-901-5863,서울특별시 강북구청,2025-08-12
12-25-08,1,서울특별시 강북구 삼양로173길 107,,37.66073732,127.0072363,2000,전용주,02-901-5863,서울특별시 강북구청,2025-08-12
12-25-07,1,서울특별시 강북구 삼양로173길 107,,37.66073732,127.0072363,2000,전용주,02-901-5863,서울특별시 강북구청,2025-08-12
12-25-06,1,서울특별시 강북구 삼양로173길 107,,37.66073732,127.0072363,2000,전용주,02-901-5863,서울특별시 강북구청,2025-08-12
12-25-05,1,서울특별시 강북구 삼양로173길 107,,37.66073732,127.0072363,2000,전용주,02-901-5863,서울특별시 강북구청,2025-08-12
12-25-04,1,서울특별시 강북구 삼양로173길 107,,37.66073732,127.0072363,2000,전용주,02-901-5863,서울특별시 강북구청,2025-08-12
12-25-03,1,서울특별시 강북구 삼양로173길 107,,37.66073732,127.0072363,2000,전용주,02-901-5863,서울특별시 강북구청,2025-08-12
12-25-02,1,서울특별시 강북구 삼양로173길 107,,37.66073732,127.0072363,2000,전용주,02-901-5863,서울특별시 강북구청,2025-08-12
12-25-01,2,서울특별시 강북구 삼양로 678,,37.66337352,127.0126599,2000,한전주,02-901-5863,서울특별시 강북구청,2025-08-12
12-24-22,1,서울특별시 강북구 삼양로 678,,37.66337352,127.0126599,2000,전용주,02-901-5863,서울특별시 강북구청,2025-08-12
12-24-21,1,서울특별시 강북구 삼양로 678,,37.66337352,127.0126599,2000,전용주,02-901-5863,서울특별시 강북구청,2025-08-12
12-24-20,1,서울특별시 강북구 삼양로 678,,37.66337352,127.0126599,2000,전용주,02-901-5863,서울특별시 강북구청,2025-08-12
12-24-19,1,서울특별시 강북구 삼양로 678,,37.66337352,127.0126599,2000,전용주,02-901-5863,서울특별시 강북구청,2025-08-12
12-24-18,1,서울특별시 강북구 삼양로 678,,37.66337352,127.0126599,2000,전용주,02-901-5863,서울특별시 강북구청,2025-08-12
12-24-17,1,서울특별시 강북구 삼양로 678,,37.66337352,127.0126599,2000,전용주,02-901-5863,서울특별시 강북구청,2025-08-12
12-24-16,1,서울특별시 강북구 삼양로 678,,37.66337352,127.0126599,2000,전용주,02-901-5863,서울특별시 강북구청,2025-08-12
12-24-15,1,서울특별시 강북구 삼양로 678,,37.66337352,127.0126599,2000,전용주,02-901-5863,서울특별시 강북구청,2025-08-12
12-24-14,1,서울특별시 강북구 삼양로 678,,37.66337352,127.0126599,2000,전용주,02-901-5863,서울특별시 강북구청,2025-08-12
12-24-13,1,서울특별시 강북구 삼양로 678,,37.66337352,127.0126599,2000,전용주,02-901-5863,서울특별시 강북구청,2025-08-12
12-24-12,1,서울특별시 강북구 삼양로 678,,37.66337352,127.0126599,2000,전용주,02-901-5863,서울특별시 강북구청,2025-08-12
12-24-11,1,서울특별시 강북구 삼양로 678,,37.66337352,127.0126599,2000,전용주,02-901-5863,서울특별시 강북구청,2025-08-12
12-24-10,1,서울특별시 강북구 삼양로 678,,37.66337352,127.0126599,2000,전용주,02-901-5863,서울특별시 강북구청,2025-08-12
12-24-09,1,서울특별시 강북구 삼양로 678,,37.66337352,127.0126599,2000,전용주,02-901-5863,서울특별시 강북구청,2025-08-12
12-24-08,1,서울특별시 강북구 삼양로 678,,37.66337352,127.0126599,2000,전용주,02-901-5863,서울특별시 강북구청,2025-08-12
12-24-07,1,서울특별시 강북구 삼양로 678,,37.66337352,127.0126599,2000,전용주,02-901-5863,서울특별시 강북구청,2025-08-12
12-24-06,1,서울특별시 강북구 삼양로 678,,37.66337352,127.0126599,2000,전용주,02-901-5863,서울특별시 강북구청,2025-08-12
12-24-05,1,서울특별시 강북구 삼양로 678,,37.66337352,127.0126599,2000,전용주,02-901-5863,서울특별시 강북구청,2025-08-12
12-24-04,1,서울특별시 강북구 삼양로 678,,37.66337352,127.0126599,2000,전용주,02-901-5863,서울특별시 강북구청,2025-08-12
12-24-03,1,서울특별시 강북구 삼양로 678,,37.66337352,127.0126599,2000,전용주,02-901-5863,서울특별시 강북구청,2025-08-12
12-24-02,1,서울특별시 강북구 삼양로 678,,37.66337352,127.0126599,2000,전용주,02-901-5863,서울특별시 강북구청,2025-08-12
12-24-01,1,서울특별시 강북구 삼양로 678,,37.66337352,127.0126599,2000,전용주,02-901-5863,서울특별시 강북구청,2025-08-12
12-23-02,1,서울특별시 강북구 삼양로181길 35,,37.66586142,127.0106321,2000,한전주,02-901-5863,서울특별시 강북구청,2025-08-12
12-22-53,1,서울특별시 강북구 삼양로173다길 10,,37.66309603,127.009919,2000,한전주,02-901-5863,서울특별시 강북구청,2025-08-12
12-22-52,1,서울특별시 강북구 삼양로177길 93,,37.66482328,127.0071775,2000,한전주,02-901-5863,서울특별시 강북구청,2025-08-12
12-22-51,2,서울특별시 강북구 삼양로173다길 25,,37.66262697,127.0095869,2000,전용주,02-901-5863,서울특별시 강북구청,2025-08-12
12-22-50,1,서울특별시 강북구 삼양로173길 22,,37.6630399,127.0115536,2000,전용주,02-901-5863,서울특별시 강북구청,2025-08-12
12-22-49,2,서울특별시 강북구 삼양로173길 22,,37.6630399,127.0115536,2000,전용주,02-901-5863,서울특별시 강북구청,2025-08-12
12-22-48,1,서울특별시 강북구 삼양로181길 68,,37.66701546,127.0107188,2000,한전주,02-901-5863,서울특별시 강북구청,2025-08-12
12-22-47,1,서울특별시 강북구 삼양로181길 40,,37.66728811,127.0109986,2000,한전주,02-901-5863,서울특별시 강북구청,2025-08-12
12-22-46,1,서울특별시 강북구 삼양로181길 40,,37.66728811,127.0109986,2000,,02-901-5863,서울특별시 강북구청,2025-08-12
12-22-45,1,서울특별시 강북구 삼양로181길 40,,37.66800146,127.0111818,2000,전용주,02-901-5863,서울특별시 강북구청,2025-08-12
12-22-44,1,서울특별시 강북구 삼양로181길 40,,37.66800146,127.0111818,2000,전용주,02-901-5863,서울특별시 강북구청,2025-08-12
12-22-43,1,서울특별시 강북구 삼양로181길 40,,37.66800146,127.0111818,2000,전용주,02-901-5863,서울특별시 강북구청,2025-08-12
12-22-42,1,서울특별시 강북구 삼양로173길 32,,37.66278033,127.0106843,2000,,02-901-5863,서울특별시 강북구청,2025-08-12
12-22-41,1,서울특별시 강북구 삼양로177길 99,,37.66486585,127.0068822,2000,한전주,02-901-5863,서울특별시 강북구청,2025-08-12
12-22-40,1,서울특별시 강북구 삼양로179길 12,,37.66461378,127.011204,2000,한전주,02-901-5863,서울특별시 강북구청,2025-08-12
12-22-38,1,서울특별시 강북구 삼양로179길 36,,37.66524442,127.0101189,2000,전용주,02-901-5863,서울특별시 강북구청,2025-08-12
12-22-37,1,서울특별시 강북구 삼양로179길 40,,37.66538781,127.0100263,2000,한전주,02-901-5863,서울특별시 강북구청,2025-08-12
12-22-36,1,서울특별시 강북구 삼양로173길 26,,37.66289821,127.0109719,2000,건축물,02-901-5863,서울특별시 강북구청,2025-08-12
12-22-35,1,서울특별시 강북구 삼양로179길 48,,37.66561275,127.0099893,2000,한전주,02-901-5863,서울특별시 강북구청,2025-08-12
12-22-34,1,서울특별시 강북구 삼양로179길 56,,37.66600793,127.0098367,2000,전용주,02-901-5863,서울특별시 강북구청,2025-08-12
12-22-33,1,서울특별시 강북구 삼양로179길 55,,37.66627288,127.0091984,2000,한전주,02-901-5863,서울특별시 강북구청,2025-08-12
12-22-32,1,서울특별시 강북구 삼양로179길 55,,37.66627288,127.0091984,2000,한전주,02-901-5863,서울특별시 강북구청,2025-08-12
12-22-31,1,서울특별시 강북구 삼양로179길 55,,37.66627288,127.0091984,2000,한전주,02-901-5863,서울특별시 강북구청,2025-08-12
12-22-30,1,서울특별시 강북구 삼양로173길 116,,37.66559743,126.9985528,2000,한전주,02-901-5863,서울특별시 강북구청,2025-08-12
12-22-28,1,서울특별시 강북구 삼양로181길 201,,37.67181014,127.0054975,2000,한전주,02-901-5863,서울특별시 강북구청,2025-08-12
12-22-19,2,서울특별시 강북구 삼양로173나길 10,,37.66315683,127.010528,2000,한전주,02-901-5863,서울특별시 강북구청,2025-08-12
12-22-17,1,서울특별시 강북구 삼양로173길 22,,37.6630399,127.0115536,2000,,02-901-5863,서울특별시 강북구청,2025-08-12
12-22-16,1,서울특별시 강북구 삼양로173길 22,,37.6630399,127.0115536,2000,전용주,02-901-5863,서울특별시 강북구청,2025-08-12
12-22-15,1,서울특별시 강북구 삼양로173길 22,,37.6630399,127.0115536,2000,전용주,02-901-5863,서울특별시 강북구청,2025-08-12
12-22-14,1,서울특별시 강북구 삼양로173나길 16,,37.66335522,127.0104726,2000,전용주,02-901-5863,서울특별시 강북구청,2025-08-12
12-22-13,1,서울특별시 강북구 삼양로173나길 15,,37.6634113,127.0102341,2000,한전주,02-901-5863,서울특별시 강북구청,2025-08-12
12-22-12,1,서울특별시 강북구 삼양로173다길 6,,37.66323525,127.0101342,2000,,02-901-5863,서울특별시 강북구청,2025-08-12
12-22-11,2,서울특별시 강북구 삼양로173다길 4,,37.66307394,127.0102383,2000,한전주,02-901-5863,서울특별시 강북구청,2025-08-12
12-22-10,1,서울특별시 강북구 삼양로173길 40,,37.66268132,127.0103121,2000,건축물,02-901-5863,서울특별시 강북구청,2025-08-12
12-22-09,1,서울특별시 강북구 삼양로173다길 14,,37.66299711,127.0096726,2000,한전주,02-901-5863,서울특별시 강북구청,2025-08-12
12-22-08,1,서울특별시 강북구 삼양로173다길 11,,37.6627092,127.0097218,2000,한전주,02-901-5863,서울특별시 강북구청,2025-08-12
12-22-07,1,서울특별시 강북구 삼양로173다길 13,,37.66280801,127.0097079,2000,한전주,02-901-5863,서울특별시 강북구청,2025-08-12
12-22-06,1,서울특별시 강북구 삼양로173다길 10,,37.6630321,127.009919,2000,전용주,02-901-5863,서울특별시 강북구청,2025-08-12
12-22-05,1,서울특별시 강북구 삼양로173다길 6,,37.66339542,127.009894,2000,한전주,02-901-5863,서울특별시 강북구청,2025-08-12
12-22-04,1,서울특별시 강북구 삼양로173다길 10,,37.6630321,127.009919,2000,한전주,02-901-5863,서울특별시 강북구청,2025-08-12
12-22-03,1,서울특별시 강북구 삼양로173다길 10,,37.6630321,127.009919,2000,전용주,02-901-5863,서울특별시 강북구청,2025-08-12
12-22-02,2,서울특별시 강북구 삼양로173다길 16,,37.66297795,127.0095369,2000,,02-901-5863,서울특별시 강북구청,2025-08-12
12-22-01,1,서울특별시 강북구 삼양로173다길 25,,37.66262697,127.0095869,2000,전용주,02-901-5863,서울특별시 강북구청,2025-08-12
12-21-20,1,서울특별시 강북구 삼양로173길 116,,37.66209089,127.0069078,2000,한전주,02-901-5863,서울특별시 강북구청,2025-08-12
12-21-19,1,서울특별시 강북구 삼양로173길 116,,37.66209089,127.0069078,2000,한전주,02-901-5863,서울특별시 강북구청,2025-08-12
12-21-17,2,서울특별시 강북구 삼양로173길 107,,37.66073732,127.0072363,2000,,02-901-5863,서울특별시 강북구청,2025-08-12
12-21-16,1,서울특별시 강북구 삼양로173길 107,,37.66079527,127.0072363,2000,한전주,02-901-5863,서울특별시 강북구청,2025-08-12
12-21-15,1,서울특별시 강북구 삼양로173길 107,,37.66073732,127.0072363,2000,,02-901-5863,서울특별시 강북구청,2025-08-12
12-21-14,1,서울특별시 강북구 삼양로169길 56,,37.66150328,127.0098965,2000,,02-901-5863,서울특별시 강북구청,2025-08-12
12-21-13,1,서울특별시 강북구 삼양로173길 51,,37.66222716,127.009946,2000,한전주,02-901-5863,서울특별시 강북구청,2025-08-12
12-21-12,1,서울특별시 강북구 삼양로173길 51,,37.66222716,127.009946,2000,,02-901-5863,서울특별시 강북구청,2025-08-12
12-21-11,1,서울특별시 강북구 삼양로173가길 57,,37.66157174,127.0094649,2000,한전주,02-901-5863,서울특별시 강북구청,2025-08-12
12-21-10,2,서울특별시 강북구 삼양로173가길 61,,37.66149886,127.0092729,2000,한전주,02-901-5863,서울특별시 강북구청,2025-08-12
12-21-09,1,서울특별시 강북구 삼양로173길 71,,37.66189891,127.0087238,2000,한전주,02-901-5863,서울특별시 강북구청,2025-08-12
12-21-07,2,서울특별시 강북구 삼양로173길 71,,37.66189083,127.0087097,2000,한전주,02-901-5863,서울특별시 강북구청,2025-08-12
12-21-06,1,서울특별시 강북구 삼양로173길 71,,37.66189083,127.0087097,2000,한전주,02-901-5863,서울특별시 강북구청,2025-08-12
12-21-05,1,서울특별시 강북구 삼양로169길 88,,37.66113093,127.0084733,2000,한전주,02-901-5863,서울특별시 강북구청,2025-08-12
12-21-04,1,서울특별시 강북구 삼양로169길 84,,37.66110542,127.008655,2000,한전주,02-901-5863,서울특별시 강북구청,2025-08-12
12-21-02,1,서울특별시 강북구 삼양로169길 68,,37.66130194,127.0095251,2000,한전주,02-901-5863,서울특별시 강북구청,2025-08-12
12-21-01,1,서울특별시 강북구 삼양로169길 61,,37.66110716,127.0099357,2000,한전주,02-901-5863,서울특별시 강북구청,2025-08-12
12-20-17,1,서울특별시 강북구 삼양로173가길 42,,37.6619932,127.010298,2000,,02-901-5863,서울특별시 강북구청,2025-08-12
12-20-16,1,서울특별시 강북구 삼양로173길 41,,37.66230957,127.0104185,2000,,02-901-5863,서울특별시 강북구청,2025-08-12
12-20-15,1,서울특별시 강북구 삼양로169길 34,,37.66137605,127.0114628,2000,건축물,02-901-5863,서울특별시 강북구청,2025-08-12
12-20-14,1,서울특별시 강북구 삼양로173가길 36,,37.6619978,127.0107039,2000,건축물,02-901-5863,서울특별시 강북구청,2025-08-12
12-20-13,1,서울특별시 강북구 삼양로173길 35,,37.66255396,127.0105512,2000,,02-901-5863,서울특별시 강북구청,2025-08-12
12-20-12,1,서울특별시 강북구 삼양로173길 43,,37.66235272,127.0101912,2000,건축물,02-901-5863,서울특별시 강북구청,2025-08-12
12-20-11,1,서울특별시 강북구 삼양로173길 41,,37.66215423,127.0101598,2000,건축물,02-901-5863,서울특별시 강북구청,2025-08-12
12-20-10,1,서울특별시 강북구 삼양로169길 55,,37.66117298,127.0102635,2000,한전주,02-901-5863,서울특별시 강북구청,2025-08-12
12-20-09,1,서울특별시 강북구 삼양로173가길 45,,37.66165853,127.0101438,2000,한전주,02-901-5863,서울특별시 강북구청,2025-08-12
12-20-08,1,서울특별시 강북구 삼양로173가길 39,,37.66176977,127.0105163,2000,한전주,02-901-5863,서울특별시 강북구청,2025-08-12
12-20-07,1,서울특별시 강북구 삼양로169길 50,,37.66140046,127.0105631,2000,건축물,02-901-5863,서울특별시 강북구청,2025-08-12
12-20-06,1,서울특별시 강북구 삼양로169길 40,,37.66133284,127.0111009,2000,건축물,02-901-5863,서울특별시 강북구청,2025-08-12
12-20-05,1,서울특별시 강북구 삼양로169길 34,,37.66137605,127.0114628,2000,건축물,02-901-5863,서울특별시 강북구청,2025-08-12
12-20-04,1,서울특별시 강북구 삼양로169길 48,,37.66141101,127.0107137,2000,한전주,02-901-5863,서울특별시 강북구청,2025-08-12
12-20-03,1,서울특별시 강북구 삼양로169길 38,,37.66130651,127.0111458,2000,한전주,02-901-5863,서울특별시 강북구청,2025-08-12
12-20-02,1,서울특별시 강북구 삼양로163나길 51,,37.66085794,127.0113784,2000,전용주,02-901-5863,서울특별시 강북구청,2025-08-12
12-20-01,1,서울특별시 강북구 삼양로163나길 55,,37.66093997,127.0114907,2000,건축물,02-901-5863,서울특별시 강북구청,2025-08-12
12-19-27,1,서울특별시 강북구 삼양로171길 21,,37.66210691,127.0119949,2000,,02-901-5863,서울특별시 강북구청,2025-08-12
12-19-26,1,서울특별시 강북구 삼양로171길 9,,37.66204802,127.0125414,2000,,02-901-5863,서울특별시 강북구청,2025-08-12
12-19-25,1,서울특별시 강북구 삼양로169길 6,,37.66146431,127.0127758,2000,건축물,02-901-5863,서울특별시 강북구청,2025-08-12
12-19-24,1,서울특별시 강북구 삼양로171길 3,,37.66195053,127.0127354,2000,한전주,02-901-5863,서울특별시 강북구청,2025-08-12
12-19-23,1,서울특별시 강북구 삼양로171길 3,,37.66195053,127.0127354,2000,한전주,02-901-5863,서울특별시 강북구청,2025-08-12
12-19-21,1,서울특별시 강북구 삼양로171길 3,,37.66195435,127.0127724,2000,건축물,02-901-5863,서울특별시 강북구청,2025-08-12
12-19-18,1,서울특별시 강북구 삼양로169길 12,,37.66154236,127.0124121,2000,한전주,02-901-5863,서울특별시 강북구청,2025-08-12
12-19-17,1,서울특별시 강북구 삼양로169길 12,,37.66144392,127.0124927,2000,한전주,02-901-5863,서울특별시 강북구청,2025-08-12
12-19-16,1,서울특별시 강북구 삼양로169길 18,,37.66141566,127.0123458,2000,한전주,02-901-5863,서울특별시 강북구청,2025-08-12
12-19-15,1,서울특별시 강북구 삼양로169길 24,,37.661406,127.0119955,2000,건축물,02-901-5863,서울특별시 강북구청,2025-08-12
12-19-14,1,서울특별시 강북구 삼양로169길 24,,37.661406,127.0119955,2000,한전주,02-901-5863,서울특별시 강북구청,2025-08-12
12-19-13,1,서울특별시 강북구 삼양로169길 24,,37.661406,127.0119955,2000,한전주,02-901-5863,서울특별시 강북구청,2025-08-12
12-19-12,1,서울특별시 강북구 삼양로169길 24,,37.661406,127.0119955,2000,건축물,02-901-5863,서울특별시 강북구청,2025-08-12
12-19-11,1,서울특별시 강북구 삼양로169길 24,,37.661406,127.0119955,2000,건축물,02-901-5863,서울특별시 강북구청,2025-08-12
12-19-10,1,서울특별시 강북구 삼양로169길 24,,37.661406,127.0119835,2000,한전주,02-901-5863,서울특별시 강북구청,2025-08-12
12-19-09,1,서울특별시 강북구 삼양로173가길 21,,37.66201056,127.0112952,2000,,02-901-5863,서울특별시 강북구청,2025-08-12
12-19-08,1,서울특별시 강북구 삼양로171길 21,,37.66210691,127.0119949,2000,한전주,02-901-5863,서울특별시 강북구청,2025-08-12
12-19-07,1,서울특별시 강북구 삼양로171길 21,,37.66210691,127.0119949,2000,한전주,02-901-5863,서울특별시 강북구청,2025-08-12
12-19-06,1,서울특별시 강북구 삼양로173길 25,,37.66266314,127.0110266,2000,한전주,02-901-5863,서울특별시 강북구청,2025-08-12
12-19-05,1,서울특별시 강북구 삼양로173길 31,,37.66261947,127.010742,2000,한전주,02-901-5863,서울특별시 강북구청,2025-08-12
12-19-04,2,서울특별시 강북구 삼양로169길 34,,37.66137605,127.0114628,2000,한전주,02-901-5863,서울특별시 강북구청,2025-08-12
12-19-03,1,서울특별시 강북구 삼양로169길 34,,37.66137605,127.0114628,2000,건축물,02-901-5863,서울특별시 강북구청,2025-08-12
12-19-02,1,서울특별시 강북구 삼양로169길 34,,37.66137605,127.0114628,2000,한전주,02-901-5863,서울특별시 강북구청,2025-08-12
12-19-01,1,서울특별시 강북구 삼양로169길 34,,37.66137605,127.0114628,2000,건축물,02-901-5863,서울특별시 강북구청,2025-08-12
12-18-05,1,서울특별시 강북구 삼양로 658,,37.66203505,127.0137106,2000,한전주,02-901-5863,서울특별시 강북구청,2025-08-12
12-18-04,1,서울특별시 강북구 삼양로 672,,37.66284633,127.0131882,2000,전용주,02-901-5863,서울특별시 강북구청,2025-08-12
12-18-03,1,서울특별시 강북구 삼양로 670,,37.66257839,127.0133318,2000,,02-901-5863,서울특별시 강북구청,2025-08-12
12-18-02,1,서울특별시 강북구 삼양로 670,,37.66257839,127.0133318,2000,,02-901-5863,서울특별시 강북구청,2025-08-12
12-18-01,1,서울특별시 강북구 삼양로170길 16,,37.66120211,127.0143777,2000,전용주,02-901-5863,서울특별시 강북구청,2025-08-12
12-17-27,1,서울특별시 강북구 삼양로 649,,37.66082664,127.013304,2000,건축물,02-901-5863,서울특별시 강북구청,2025-08-12
12-17-26,1,서울특별시 강북구 삼양로165길 20,,37.66011755,127.0132348,2000,전용주,02-901-5863,서울특별시 강북구청,2025-08-12
12-17-25,1,서울특별시 강북구 삼양로163가길 30,,37.65987317,127.0132162,2000,건축물,02-901-5863,서울특별시 강북구청,2025-08-12
12-17-24,1,서울특별시 강북구 삼양로 655,,37.66131428,127.0131518,2000,한전주,02-901-5863,서울특별시 강북구청,2025-08-12
12-17-23,1,서울특별시 강북구 삼양로 639,,37.65986595,127.0134317,2000,전용주,02-901-5863,서울특별시 강북구청,2025-08-12
12-17-22,1,서울특별시 강북구 삼양로165길 20,,37.66011661,127.0132357,2000,건축물,02-901-5863,서울특별시 강북구청,2025-08-12
12-17-21,1,서울특별시 강북구 삼양로165길 20,,37.66011661,127.0132357,2000,한전주,02-901-5863,서울특별시 강북구청,2025-08-12
12-17-19,1,서울특별시 강북구 삼양로165길 34,,37.66055304,127.0126292,2000,한전주,02-901-5863,서울특별시 강북구청,2025-08-12
12-17-18,1,서울특별시 강북구 삼양로169길 27,,37.66114083,127.0118054,2000,한전주,02-901-5863,서울특별시 강북구청,2025-08-12
12-17-17,1,서울특별시 강북구 삼양로169길 27,,37.66114083,127.0118054,2000,한전주,02-901-5863,서울특별시 강북구청,2025-08-12
12-17-16,2,서울특별시 강북구 삼양로169길 27,,37.66114083,127.0118054,2000,한전주,02-901-5863,서울특별시 강북구청,2025-08-12
12-17-15,1,서울특별시 강북구 삼양로169길 27,,37.66114083,127.0118054,2000,전용주,02-901-5863,서울특별시 강북구청,2025-08-12
12-17-14,1,서울특별시 강북구 삼양로169길 15,,37.66096548,127.0123857,2000,전용주,02-901-5863,서울특별시 강북구청,2025-08-12
12-17-13,1,서울특별시 강북구 삼양로169길 15,,37.66113618,127.0123268,2000,전용주,02-901-5863,서울특별시 강북구청,2025-08-12
12-17-12,1,서울특별시 강북구 삼양로169길 11,,37.66115447,127.0125934,2000,전용주,02-901-5863,서울특별시 강북구청,2025-08-12
12-17-11,1,서울특별시 강북구 삼양로 651,,37.66105386,127.0132573,2000,건축물,02-901-5863,서울특별시 강북구청,2025-08-12
12-17-10,1,서울특별시 강북구 삼양로165길 20,,37.66011278,127.0132326,2000,건축물,02-901-5863,서울특별시 강북구청,2025-08-12
12-17-09,1,서울특별시 강북구 삼양로165길 20,,37.66011278,127.0132348,2000,건축물,02-901-5863,서울특별시 강북구청,2025-08-12
12-17-08,1,서울특별시 강북구 삼양로165길 20,,37.66011278,127.0132348,2000,,02-901-5863,서울특별시 강북구청,2025-08-12
12-17-07,1,서울특별시 강북구 삼양로165길 20,,37.66011278,127.0132348,2000,전용주,02-901-5863,서울특별시 강북구청,2025-08-12
12-17-06,1,서울특별시 강북구 삼양로165길 20,,37.66011278,127.0132348,2000,한전주,02-901-5863,서울특별시 강북구청,2025-08-12
12-17-05,1,서울특별시 강북구 삼양로169길 7,,37.66108363,127.0128535,2000,건축물,02-901-5863,서울특별시 강북구청,2025-08-12
12-17-04,1,서울특별시 강북구 삼양로 649,,37.66086013,127.013304,2000,건축물,02-901-5863,서울특별시 강북구청,2025-08-12
12-17-02,1,서울특별시 강북구 삼양로169길 11,,37.66115447,127.0125934,2000,한전주,02-901-5863,서울특별시 강북구청,2025-08-12
12-17-01,1,서울특별시 강북구 삼양로169길 5,,37.66107842,127.0129623,2000,한전주,02-901-5863,서울특별시 강북구청,2025-08-12
12-16-30,2,서울특별시 강북구 삼양로163나길 8,,37.65910188,127.0125691,2000,한전주,02-901-5863,서울특별시 강북구청,2025-08-12
12-16-29,1,서울특별시 강북구 삼양로163나길 16,,37.65941749,127.0126034,2000,전용주,02-901-5863,서울특별시 강북구청,2025-08-12
12-16-28,1,서울특별시 강북구 삼양로163나길 16,,37.65941749,127.0126034,2000,전용주,02-901-5863,서울특별시 강북구청,2025-08-12
12-16-27,1,서울특별시 강북구 삼양로163나길 22,,37.65965913,127.012403,2000,전용주,02-901-5863,서울특별시 강북구청,2025-08-12
12-16-26,1,서울특별시 강북구 삼양로163나길 26,,37.65982984,127.0123441,2000,한전주,02-901-5863,서울특별시 강북구청,2025-08-12
12-16-25,2,서울특별시 강북구 삼양로163나길 30,,37.65990134,127.0122751,2000,한전주,02-901-5863,서울특별시 강북구청,2025-08-12
12-16-23,1,서울특별시 강북구 삼양로163나길 36,,37.66022482,127.0121689,2000,한전주,02-901-5863,서울특별시 강북구청,2025-08-12
12-16-22,1,서울특별시 강북구 삼양로163나길 40,,37.66041354,127.0121097,2000,전용주,02-901-5863,서울특별시 강북구청,2025-08-12
12-16-21,1,서울특별시 강북구 삼양로163나길 42,,37.66057609,127.0121529,2000,건축물,02-901-5863,서울특별시 강북구청,2025-08-12
12-16-20,1,서울특별시 강북구 삼양로163나길 48,,37.66079051,127.0119347,2000,전용주,02-901-5863,서울특별시 강북구청,2025-08-12
12-16-19,1,서울특별시 강북구 삼양로163가길 29,,37.659891,127.0128013,2000,한전주,02-901-5863,서울특별시 강북구청,2025-08-12
12-16-18,2,서울특별시 강북구 삼양로165길 25,,37.66005545,127.0123864,2000,한전주,02-901-5863,서울특별시 강북구청,2025-08-12
12-16-17,1,서울특별시 강북구 삼양로163가길 21,,37.65955024,127.0129309,2000,한전주,02-901-5863,서울특별시 강북구청,2025-08-12
12-16-16,1,서울특별시 강북구 삼양로163가길 21,,37.65959768,127.0129309,2000,한전주,02-901-5863,서울특별시 강북구청,2025-08-12
12-16-15,1,서울특별시 강북구 삼양로163가길 23,,37.65971755,127.0129236,2000,한전주,02-901-5863,서울특별시 강북구청,2025-08-12
12-16-14,1,서울특별시 강북구 삼양로163가길 21,,37.65954637,127.0129259,2000,한전주,02-901-5863,서울특별시 강북구청,2025-08-12
12-16-10,1,서울특별시 강북구 삼양로165길 7,,37.65965874,127.0134344,2000,한전주,02-901-5863,서울특별시 강북구청,2025-08-12
12-16-09,1,서울특별시 강북구 삼양로165길 7,,37.65956798,127.0133563,2000,한전주,02-901-5863,서울특별시 강북구청,2025-08-12
12-16-08,1,서울특별시 강북구 삼양로163가길 13,,37.65926831,127.0130769,2000,한전주,02-901-5863,서울특별시 강북구청,2025-08-12
12-16-07,1,서울특별시 강북구 삼양로163가길 8,,37.65895478,127.0133018,2000,,02-901-5863,서울특별시 강북구청,2025-08-12
12-16-06,1,서울특별시 강북구 삼양로163길 14,,37.65874568,127.0130724,2000,한전주,02-901-5863,서울특별시 강북구청,2025-08-12
12-16-05,1,서울특별시 강북구 삼양로163길 16,,37.65874305,127.0129033,2000,건축물,02-901-5863,서울특별시 강북구청,2025-08-12
12-16-04,1,서울특별시 강북구 삼양로163길 16,,37.65874305,127.0129033,2000,한전주,02-901-5863,서울특별시 강북구청,2025-08-12
12-16-03,1,서울특별시 강북구 삼양로163길 16,,37.65873534,127.0129139,2000,한전주,02-901-5863,서울특별시 강북구청,2025-08-12
12-16-02,1,서울특별시 강북구 삼양로163길 8,,37.65874747,127.0132878,2000,한전주,02-901-5863,서울특별시 강북구청,2025-08-12
12-16-01,1,서울특별시 강북구 삼양로163길 8,,37.65874747,127.0132878,2000,한전주,02-901-5863,서울특별시 강북구청,2025-08-12
12-15-42,1,서울특별시 강북구 삼양로163길 39,,37.659164,127.0113782,2000,,02-901-5863,서울특별시 강북구청,2025-08-12
12-15-31,1,서울특별시 강북구 삼양로159길 60,,37.65877732,127.0107495,2000,전용주,02-901-5863,서울특별시 강북구청,2025-08-12
12-15-27,1,서울특별시 강북구 삼양로 640,,37.6599907,127.0139912,2000,전용주,02-901-5863,서울특별시 강북구청,2025-08-12
12-15-26,2,서울특별시 강북구 삼양로159길 60,,37.65877732,127.0107495,2000,한전주,02-901-5863,서울특별시 강북구청,2025-08-12
12-15-25,1,서울특별시 강북구 삼양로159길 60,,37.65877732,127.0107495,2000,전용주,02-901-5863,서울특별시 강북구청,2025-08-12
12-15-24,1,서울특별시 강북구 삼양로159길 60,,37.65877732,127.0107495,2000,한전주,02-901-5863,서울특별시 강북구청,2025-08-12
12-15-23,1,서울특별시 강북구 삼양로163길 62,,37.65984482,127.0109045,2000,한전주,02-901-5863,서울특별시 강북구청,2025-08-12
12-15-22,1,서울특별시 강북구 삼양로163길 62,,37.65984482,127.0109045,2000,전용주,02-901-5863,서울특별시 강북구청,2025-08-12
12-15-21,1,서울특별시 강북구 삼양로163길 62,,37.65984482,127.0109045,2000,한전주,02-901-5863,서울특별시 강북구청,2025-08-12
12-15-20,1,서울특별시 강북구 삼양로163길 52,,37.66002074,127.0114689,2000,전용주,02-901-5863,서울특별시 강북구청,2025-08-12
12-15-19,2,서울특별시 강북구 삼양로163길 51,,37.6594524,127.0113857,2000,한전주,02-901-5863,서울특별시 강북구청,2025-08-12
12-15-17,1,서울특별시 강북구 삼양로163길 57,,37.65930455,127.0109457,2000,건축물,02-901-5863,서울특별시 강북구청,2025-08-12
12-15-16,1,서울특별시 강북구 삼양로163길 57,,37.65924072,127.0108558,2000,한전주,02-901-5863,서울특별시 강북구청,2025-08-12
12-15-15,1,서울특별시 강북구 삼양로163길 43,,37.6591807,127.0115764,2000,한전주,02-901-5863,서울특별시 강북구청,2025-08-12
12-15-14,1,서울특별시 강북구 삼양로159길 50,,37.6587151,127.0113451,2000,건축물,02-901-5863,서울특별시 강북구청,2025-08-12
12-15-13,1,서울특별시 강북구 삼양로159길 50,,37.65870424,127.0113503,2000,한전주,02-901-5863,서울특별시 강북구청,2025-08-12
12-15-12,1,서울특별시 강북구 삼양로163길 43,,37.65919852,127.0115764,2000,,02-901-5863,서울특별시 강북구청,2025-08-12
12-15-11,2,서울특별시 강북구 삼양로163길 47,,37.65935396,127.0114664,2000,한전주,02-901-5863,서울특별시 강북구청,2025-08-12
12-15-10,1,서울특별시 강북구 삼양로163길 39,,37.659164,127.0113782,2000,건축물,02-901-5863,서울특별시 강북구청,2025-08-12
12-15-09,1,서울특별시 강북구 삼양로163길 35,,37.65889219,127.0118069,2000,건축물,02-901-5863,서울특별시 강북구청,2025-08-12
12-15-08,1,서울특별시 강북구 삼양로163길 35,,37.65889219,127.0118069,2000,건축물,02-901-5863,서울특별시 강북구청,2025-08-12
12-15-07,2,서울특별시 강북구 삼양로163길 39,,37.65904925,127.0116631,2000,한전주,02-901-5863,서울특별시 강북구청,2025-08-12
12-15-06,1,서울특별시 강북구 삼양로163길 27,,37.65848593,127.0121805,2000,,02-901-5863,서울특별시 강북구청,2025-08-12
12-15-05,1,서울특별시 강북구 삼양로159길 40,,37.65843681,127.0116938,2000,한전주,02-901-5863,서울특별시 강북구청,2025-08-12
12-15-04,1,서울특별시 강북구 삼양로159길 48,,37.65858788,127.0114425,2000,한전주,02-901-5863,서울특별시 강북구청,2025-08-12
12-15-03,1,서울특별시 강북구 삼양로163길 31,,37.65868837,127.011920,2000,한전주,02-901-5863,서울특별시 강북구청,2025-08-12
12-15-02,2,서울특별시 강북구 삼양로163길 35,,37.6588702,127.0118014,2000,한전주,02-901-5863,서울특별시 강북구청,2025-08-12
12-15-01,2,서울특별시 강북구 삼양로163길 31,,37.65866403,127.0119288,2000,한전주,02-901-5863,서울특별시 강북구청,2025-08-12
12-14-44,1,서울특별시 강북구 삼양로 640,,37.6599907,127.0139912,2000,전용주,02-901-5863,서울특별시 강북구청,2025-08-12
12-14-43,1,서울특별시 강북구 삼양로159나길 15,,37.65772119,127.0112386,2000,한전주,02-901-5863,서울특별시 강북구청,2025-08-12
12-14-37,1,서울특별시 강북구 삼양로159길 117,,37.65837428,127.0085326,2000,한전주,02-901-5863,서울특별시 강북구청,2025-08-12
12-14-36,1,서울특별시 강북구 삼양로159길 117,,37.65837428,127.0085326,2000,한전주,02-901-5863,서울특별시 강북구청,2025-08-12
12-14-35,1,서울특별시 강북구 삼양로159길 101,,37.65763827,127.008871,2000,한전주,02-901-5863,서울특별시 강북구청,2025-08-12
12-14-34,1,서울특별시 강북구 삼양로159길 101,,37.65763827,127.008871,2000,전용주,02-901-5863,서울특별시 강북구청,2025-08-12
12-14-33,1,서울특별시 강북구 삼양로159길 101,,37.65763827,127.008871,2000,,02-901-5863,서울특별시 강북구청,2025-08-12
12-14-32,1,서울특별시 강북구 삼양로159길 60,,37.65877732,127.0107495,2000,,02-901-5863,서울특별시 강북구청,2025-08-12
12-14-31,2,서울특별시 강북구 삼양로159길 64,,37.65868508,127.0101378,2000,한전주,02-901-5863,서울특별시 강북구청,2025-08-12
12-14-30,1,서울특별시 강북구 삼양로159길 64,,37.65868508,127.0101378,2000,한전주,02-901-5863,서울특별시 강북구청,2025-08-12
12-14-29,1,서울특별시 강북구 삼양로159길 71,,37.65856213,127.0101244,2000,건축물,02-901-5863,서울특별시 강북구청,2025-08-12
12-14-28,1,서울특별시 강북구 삼양로159길 71,,37.65856213,127.0101244,2000,건축물,02-901-5863,서울특별시 강북구청,2025-08-12
12-14-27,1,서울특별시 강북구 삼양로159길 64,,37.65868508,127.0101378,2000,한전주,02-901-5863,서울특별시 강북구청,2025-08-12
12-14-26,1,서울특별시 강북구 삼양로159길 60,,37.6587803,127.0107486,2000,한전주,02-901-5863,서울특별시 강북구청,2025-08-12
12-14-25,1,서울특별시 강북구 삼양로159길 60,,37.65877732,127.0107807,2000,한전주,02-901-5863,서울특별시 강북구청,2025-08-12
12-14-24,1,서울특별시 강북구 삼양로159길 50,,37.6587151,127.0113451,2000,건축물,02-901-5863,서울특별시 강북구청,2025-08-12
12-14-23,1,서울특별시 강북구 삼양로159길 43,,37.65835373,127.0114569,2000,한전주,02-901-5863,서울특별시 강북구청,2025-08-12
12-14-22,1,서울특별시 강북구 삼양로159길 55,,37.65860656,127.0110226,2000,,02-901-5863,서울특별시 강북구청,2025-08-12
12-14-21,1,서울특별시 강북구 삼양로159길 57,,37.65860998,127.0108529,2000,,02-901-5863,서울특별시 강북구청,2025-08-12
12-14-20,2,서울특별시 강북구 삼양로159길 33,,37.65810508,127.0118909,2000,한전주,02-901-5863,서울특별시 강북구청,2025-08-12
12-14-19,2,서울특별시 강북구 삼양로155길 53,,37.65778814,127.0116896,2000,한전주,02-901-5863,서울특별시 강북구청,2025-08-12
12-14-18,1,서울특별시 강북구 삼양로159나길 9,,37.65787643,127.0114859,2000,한전주,02-901-5863,서울특별시 강북구청,2025-08-12
12-14-17,1,서울특별시 강북구 삼양로159나길 9,,37.65787643,127.0114859,2000,한전주,02-901-5863,서울특별시 강북구청,2025-08-12
12-14-16,1,서울특별시 강북구 삼양로159나길 5,,37.65801242,127.0115861,2000,한전주,02-901-5863,서울특별시 강북구청,2025-08-12
12-14-15,1,서울특별시 강북구 삼양로159나길 5,,37.65801242,127.0115861,2000,전용주,02-901-5863,서울특별시 강북구청,2025-08-12
12-14-14,1,서울특별시 강북구 삼양로159길 45,,37.65838873,127.0113318,2000,건축물,02-901-5863,서울특별시 강북구청,2025-08-12
12-14-13,1,서울특별시 강북구 삼양로159길 55,,37.65860656,127.0110226,2000,한전주,02-901-5863,서울특별시 강북구청,2025-08-12
12-14-12,1,서울특별시 강북구 삼양로155나길 39,,37.65853534,127.0105478,2000,한전주,02-901-5863,서울특별시 강북구청,2025-08-12
12-14-11,1,서울특별시 강북구 삼양로155나길 30,,37.6580863,127.0107238,2000,한전주,02-901-5863,서울특별시 강북구청,2025-08-12
12-14-10,1,서울특별시 강북구 삼양로155나길 30,,37.6580863,127.0107238,2000,전용주,02-901-5863,서울특별시 강북구청,2025-08-12
12-14-09,1,서울특별시 강북구 삼양로155나길 30,,37.6580863,127.0107238,2000,전용주,02-901-5863,서울특별시 강북구청,2025-08-12
12-14-08,1,서울특별시 강북구 삼양로155나길 30,,37.6580863,127.0107238,2000,전용주,02-901-5863,서울특별시 강북구청,2025-08-12
12-14-07,1,서울특별시 강북구 삼양로159길 49,,37.65848464,127.0112472,2000,건축물,02-901-5863,서울특별시 강북구청,2025-08-12
12-14-06,2,서울특별시 강북구 삼양로155나길 19,,37.65755285,127.0105042,2000,전용주,02-901-5863,서울특별시 강북구청,2025-08-12
12-14-05,1,서울특별시 강북구 삼양로155나길 15,,37.65742468,127.0107217,2000,한전주,02-901-5863,서울특별시 강북구청,2025-08-12
12-14-04,2,서울특별시 강북구 삼양로159나길 19,,37.65760312,127.0111269,2000,한전주,02-901-5863,서울특별시 강북구청,2025-08-12
12-14-03,1,서울특별시 강북구 삼양로155나길 8,,37.65750477,127.0112188,2000,한전주,02-901-5863,서울특별시 강북구청,2025-08-12
12-14-02,2,서울특별시 강북구 삼양로155나길 2,,37.65740719,127.0113925,2000,,02-901-5863,서울특별시 강북구청,2025-08-12
12-14-01,1,서울특별시 강북구 삼양로155길 41,,37.6572363,127.0114377,2000,한전주,02-901-5863,서울특별시 강북구청,2025-08-12
12-13-19,1,서울특별시 강북구 삼양로159길 9,,37.65742027,127.0129653,2000,,02-901-5863,서울특별시 강북구청,2025-08-12
12-13-18,1,서울특별시 강북구 삼양로163길 21,,37.65854236,127.0124631,2000,한전주,02-901-5863,서울특별시 강북구청,2025-08-12
12-13-17,1,서울특별시 강북구 삼양로163길 15,,37.65854577,127.0128711,2000,한전주,02-901-5863,서울특별시 강북구청,2025-08-12
12-13-16,1,서울특별시 강북구 삼양로163길 13,,37.65855591,127.013007,2000,건축물,02-901-5863,서울특별시 강북구청,2025-08-12
12-13-15,1,서울특별시 강북구 삼양로163길 15,,37.65854268,127.0128677,2000,,02-901-5863,서울특별시 강북구청,2025-08-12
12-13-14,1,서울특별시 강북구 삼양로 609,,37.65799544,127.0127877,2000,,02-901-5863,서울특별시 강북구청,2025-08-12
12-13-13,1,서울특별시 강북구 삼양로163길 11,,37.65841698,127.0125554,2000,한전주,02-901-5863,서울특별시 강북구청,2025-08-12
12-13-12,1,서울특별시 강북구 삼양로 609,,37.6576381,127.0131551,2000,전용주,02-901-5863,서울특별시 강북구청,2025-08-12
12-13-11,1,서울특별시 강북구 삼양로 609,,37.65787111,127.0130047,2000,한전주,02-901-5863,서울특별시 강북구청,2025-08-12
12-13-10,1,서울특별시 강북구 삼양로 609,,37.65799544,127.0127877,2000,,02-901-5863,서울특별시 강북구청,2025-08-12
12-13-09,1,서울특별시 강북구 삼양로 609,,37.65799544,127.0127877,2000,한전주,02-901-5863,서울특별시 강북구청,2025-08-12
12-13-08,1,서울특별시 강북구 삼양로159길 5,,37.65729508,127.0130803,2000,한전주,02-901-5863,서울특별시 강북구청,2025-08-12
12-13-07,1,서울특별시 강북구 삼양로159길 2,,37.65740509,127.0133055,2000,한전주,02-901-5863,서울특별시 강북구청,2025-08-12
12-13-06,1,서울특별시 강북구 삼양로159길 9,,37.65742027,127.0129653,2000,건축물,02-901-5863,서울특별시 강북구청,2025-08-12
12-13-05,1,서울특별시 강북구 삼양로159길 12,,37.65770394,127.0129616,2000,,02-901-5863,서울특별시 강북구청,2025-08-12
12-13-04,1,서울특별시 강북구 삼양로159길 12,,37.65770394,127.0129616,2000,건축물,02-901-5863,서울특별시 강북구청,2025-08-12
12-13-03,2,서울특별시 강북구 삼양로159길 23,,37.65785784,127.0124948,2000,한전주,02-901-5863,서울특별시 강북구청,2025-08-12
12-13-02,2,서울특별시 강북구 삼양로155길 56,,37.65758254,127.0119244,2000,한전주,02-901-5863,서울특별시 강북구청,2025-08-12
12-13-01,1,서울특별시 강북구 삼양로159가길 8,,37.65754991,127.0123062,2000,한전주,02-901-5863,서울특별시 강북구청,2025-08-12
12-12-45,1,서울특별시 강북구 삼양로155길 37,,37.65735721,127.0108128,2000,,02-901-5863,서울특별시 강북구청,2025-08-12
12-12-44,1,서울특별시 강북구 삼양로155길 39,,37.65717266,127.0114205,2000,,02-901-5863,서울특별시 강북구청,2025-08-12
12-12-43,2,서울특별시 강북구 삼양로159길 15,,37.6577153,127.0126894,2000,한전주,02-901-5863,서울특별시 강북구청,2025-08-12
12-12-42,2,서울특별시 강북구 삼양로155나길 17,,37.65735474,127.0105182,2000,한전주,02-901-5863,서울특별시 강북구청,2025-08-12
12-12-41,2,서울특별시 강북구 삼양로155길 37,,37.65718964,127.0112457,2000,한전주,02-901-5863,서울특별시 강북구청,2025-08-12
12-12-40,1,서울특별시 강북구 삼양로155길 39,,37.65717266,127.0114205,2000,한전주,02-901-5863,서울특별시 강북구청,2025-08-12
12-12-39,1,서울특별시 강북구 삼양로155길 39,,37.65717266,127.0114205,2000,한전주,02-901-5863,서울특별시 강북구청,2025-08-12
12-12-38,1,서울특별시 강북구 삼양로155길 33,,37.65671499,127.011592,2000,한전주,02-901-5863,서울특별시 강북구청,2025-08-12
12-12-37,2,서울특별시 강북구 삼양로155길 23,,37.65649014,127.0119507,2000,한전주,02-901-5863,서울특별시 강북구청,2025-08-12
12-12-36,1,서울특별시 강북구 삼양로155길 28,,37.65674467,127.0119089,2000,한전주,02-901-5863,서울특별시 강북구청,2025-08-12
12-12-35,1,서울특별시 강북구 삼양로155길 28,,37.65674467,127.0119089,2000,한전주,02-901-5863,서울특별시 강북구청,2025-08-12
12-12-34,1,서울특별시 강북구 삼양로155길 10,,37.65621956,127.0126865,2000,한전주,02-901-5863,서울특별시 강북구청,2025-08-12
12-12-33,1,서울특별시 강북구 삼양로155길 18,,37.65641521,127.0123779,2000,한전주,02-901-5863,서울특별시 강북구청,2025-08-12
12-10-89,1,서울특별시 강북구 삼양로141길 24,,37.6501656,127.0119514,2000,건축물,02-901-5863,서울특별시 강북구청,2025-08-12
12-10-86,1,서울특별시 강북구 삼양로139가길 45,,37.65133586,127.0115952,2000,전용주,02-901-5863,서울특별시 강북구청,2025-08-12
12-10-85,1,서울특별시 강북구 삼양로139가길 45,,37.65133586,127.0115952,2000,,02-901-5863,서울특별시 강북구청,2025-08-12
12-10-83,1,서울특별시 강북구 삼양로139가길 45,,37.65133586,127.0115952,2000,한전주,02-901-5863,서울특별시 강북구청,2025-08-12
12-10-82,1,서울특별시 강북구 삼양로139가길 45,,37.65133586,127.0115952,2000,전용주,02-901-5863,서울특별시 강북구청,2025-08-12
12-10-81,1,서울특별시 강북구 삼양로139가길 40,,37.65102726,127.012397,2000,전용주,02-901-5863,서울특별시 강북구청,2025-08-12
12-10-80,1,서울특별시 강북구 삼양로149가길 5,,37.65332388,127.0112062,2000,전용주,02-901-5863,서울특별시 강북구청,2025-08-12
12-10-79,1,서울특별시 강북구 삼양로149가길 5,,37.65344982,127.0111819,2000,건축물,02-901-5863,서울특별시 강북구청,2025-08-12
12-10-78,1,서울특별시 강북구 삼양로149가길 9,,37.65376373,127.0110077,2000,건축물,02-901-5863,서울특별시 강북구청,2025-08-12
12-10-77,1,서울특별시 강북구 삼양로149가길 13,,37.65360469,127.0108059,2000,한전주,02-901-5863,서울특별시 강북구청,2025-08-12
12-10-76,1,서울특별시 강북구 삼양로149가길 13,,37.65360469,127.0108059,2000,건축물,02-901-5863,서울특별시 강북구청,2025-08-12
12-10-75,1,서울특별시 강북구 삼양로149가길 21,,37.65345418,127.0106265,2000,한전주,02-901-5863,서울특별시 강북구청,2025-08-12
12-10-74,1,서울특별시 강북구 삼양로149가길 17,,37.65351829,127.0107503,2000,전용주,02-901-5863,서울특별시 강북구청,2025-08-12
12-10-73,1,서울특별시 강북구 삼양로149가길 29,,37.65334635,127.0100723,2000,한전주,02-901-5863,서울특별시 강북구청,2025-08-12
12-10-72,1,서울특별시 강북구 삼양로149가길 29,,37.65334635,127.0100723,2000,한전주,02-901-5863,서울특별시 강북구청,2025-08-12
12-10-71,1,서울특별시 강북구 삼양로149가길 43,,37.65350433,127.0090846,2000,한전주,02-901-5863,서울특별시 강북구청,2025-08-12
12-10-70,2,서울특별시 강북구 삼양로149가길 53,,37.65381553,127.0084914,2000,한전주,02-901-5863,서울특별시 강북구청,2025-08-12
12-10-69,1,서울특별시 강북구 삼양로149가길 53,,37.65381553,127.0084914,2000,한전주,02-901-5863,서울특별시 강북구청,2025-08-12
12-10-68,1,서울특별시 강북구 삼양로149가길 69,,37.6545174,127.0084263,2000,한전주,02-901-5863,서울특별시 강북구청,2025-08-12
12-10-67,1,서울특별시 강북구 삼양로149가길 69,,37.6545174,127.0084263,2000,한전주,02-901-5863,서울특별시 강북구청,2025-08-12
12-10-66,1,서울특별시 강북구 삼양로149가길 76,,37.65509454,127.0087795,2000,한전주,02-901-5863,서울특별시 강북구청,2025-08-12
12-10-65,1,서울특별시 강북구 삼양로149가길 75,,37.65479178,127.0078889,2000,한전주,02-901-5863,서울특별시 강북구청,2025-08-12
12-10-64,1,서울특별시 강북구 삼양로149가길 76,,37.65509454,127.0087795,2000,한전주,02-901-5863,서울특별시 강북구청,2025-08-12
12-10-63,1,서울특별시 강북구 삼양로145길 22,,37.65208827,127.0099873,2000,전용주,02-901-5863,서울특별시 강북구청,2025-08-12
12-10-61,1,서울특별시 강북구 삼양로145길 22,,37.6515096,127.0108223,2000,한전주,02-901-5863,서울특별시 강북구청,2025-08-12
12-10-60,1,서울특별시 강북구 삼양로139가길 45,,37.65133586,127.0115952,2000,한전주,02-901-5863,서울특별시 강북구청,2025-08-12
12-10-59,2,서울특별시 강북구 삼양로139가길 45,,37.65133586,127.0115952,2000,한전주,02-901-5863,서울특별시 강북구청,2025-08-12
12-10-58,1,서울특별시 강북구 삼양로139가길 45,,37.65133586,127.0115952,2000,전용주,02-901-5863,서울특별시 강북구청,2025-08-12
12-10-57,1,서울특별시 강북구 삼양로139가길 45,,37.65133586,127.0115952,2000,전용주,02-901-5863,서울특별시 강북구청,2025-08-12
12-10-56,1,서울특별시 강북구 삼양로139가길 45,,37.65133586,127.0115952,2000,전용주,02-901-5863,서울특별시 강북구청,2025-08-12
12-10-55,1,서울특별시 강북구 삼양로139가길 45,,37.65133586,127.0115952,2000,전용주,02-901-5863,서울특별시 강북구청,2025-08-12
12-10-54,1,서울특별시 강북구 삼양로139가길 45,,37.65133586,127.0115952,2000,한전주,02-901-5863,서울특별시 강북구청,2025-08-12
12-10-53,1,서울특별시 강북구 삼양로139가길 48,,37.6513405,127.0121504,2000,한전주,02-901-5863,서울특별시 강북구청,2025-08-12
12-10-52,1,서울특별시 강북구 삼양로 533,,37.65155692,127.0121702,2000,전용주,02-901-5863,서울특별시 강북구청,2025-08-12
12-10-51,1,서울특별시 강북구 삼양로145길 22,,37.65208827,127.0099873,2000,전용주,02-901-5863,서울특별시 강북구청,2025-08-12
12-10-50,1,서울특별시 강북구 삼양로139가길 42,,37.6511974,127.0122769,2000,전용주,02-901-5863,서울특별시 강북구청,2025-08-12
12-10-49,1,서울특별시 강북구 삼양로141길 4,,37.65039807,127.0128563,2000,건축물,02-901-5863,서울특별시 강북구청,2025-08-12
12-10-48,1,서울특별시 강북구 삼양로139가길 42,,37.6511974,127.0122769,2000,한전주,02-901-5863,서울특별시 강북구청,2025-08-12
12-10-47,1,서울특별시 강북구 삼양로139가길 39,,37.65097017,127.012042,2000,한전주,02-901-5863,서울특별시 강북구청,2025-08-12
12-10-46,1,서울특별시 강북구 삼양로139가길 30,,37.65058685,127.0125343,2000,건축물,02-901-5863,서울특별시 강북구청,2025-08-12
12-10-45,1,서울특별시 강북구 삼양로141길 4,,37.65039807,127.0128563,2000,한전주,02-901-5863,서울특별시 강북구청,2025-08-12
12-10-44,2,서울특별시 강북구 삼양로139가길 33,,37.6507457,127.0121356,2000,한전주,02-901-5863,서울특별시 강북구청,2025-08-12
12-10-43,2,서울특별시 강북구 삼양로139가길 25,,37.65040486,127.0122895,2000,한전주,02-901-5863,서울특별시 강북구청,2025-08-12
12-10-42,2,서울특별시 강북구 삼양로141길 34,,37.6499912,127.011341,2000,,02-901-5863,서울특별시 강북구청,2025-08-12
12-10-41,1,서울특별시 강북구 삼양로141길 28,,37.65002969,127.011611,2000,건축물,02-901-5863,서울특별시 강북구청,2025-08-12
12-10-40,1,서울특별시 강북구 삼양로141길 28,,37.65002969,127.0116483,2000,건축물,02-901-5863,서울특별시 강북구청,2025-08-12
12-10-39,1,서울특별시 강북구 삼양로141길 24,,37.65010336,127.0119514,2000,한전주,02-901-5863,서울특별시 강북구청,2025-08-12
12-10-38,1,서울특별시 강북구 삼양로141길 24,,37.65010336,127.0119514,2000,,02-901-5863,서울특별시 강북구청,2025-08-12
12-10-36,1,서울특별시 강북구 삼양로139가길 25,,37.65042471,127.0122895,2000,,02-901-5863,서울특별시 강북구청,2025-08-12
12-10-35,1,서울특별시 강북구 삼양로139가길 29,,37.65053953,127.012263,2000,,02-901-5863,서울특별시 강북구청,2025-08-12
12-10-34,1,서울특별시 강북구 삼양로139가길 43,,37.65109822,127.0119548,2000,한전주,02-901-5863,서울특별시 강북구청,2025-08-12
12-10-33,1,서울특별시 강북구 삼양로139가길 43,,37.651078,127.0119981,2000,한전주,02-901-5863,서울특별시 강북구청,2025-08-12
12-09-36,1,서울특별시 강북구 삼양로 531,,37.65022211,127.0130944,2000,한전주,02-901-5863,서울특별시 강북구청,2025-08-12
12-09-35,1,서울특별시 강북구 삼양로139길 16,,37.64943584,127.0127399,2000,건축물,02-901-5863,서울특별시 강북구청,2025-08-12
12-09-34,1,서울특별시 강북구 삼양로141길 15,,37.65003448,127.012332,2000,한전주,02-901-5863,서울특별시 강북구청,2025-08-12
12-09-33,1,서울특별시 강북구 삼양로139길 16,,37.64942114,127.0127399,2000,전용주,02-901-5863,서울특별시 강북구청,2025-08-12
12-09-32,1,서울특별시 강북구 삼양로141길 27,,37.64986829,127.0117279,2000,한전주,02-901-5863,서울특별시 강북구청,2025-08-12
12-09-31,2,서울특별시 강북구 삼양로141길 23,,37.64990546,127.0118634,2000,한전주,02-901-5863,서울특별시 강북구청,2025-08-12
12-08-51,1,서울특별시 강북구 삼양로141길 57,,37.64888096,127.0111064,2000,한전주,02-901-5863,서울특별시 강북구청,2025-08-12
12-08-50,1,서울특별시 강북구 삼양로141길 61,,37.64876422,127.0111533,2000,한전주,02-901-5863,서울특별시 강북구청,2025-08-12
12-08-49,1,서울특별시 강북구 삼양로139나길 26,,37.64865649,127.011204,2000,한전주,02-901-5863,서울특별시 강북구청,2025-08-12
12-08-48,1,서울특별시 강북구 삼양로139길 58,,37.64813565,127.0114109,2000,건축물,02-901-5863,서울특별시 강북구청,2025-08-12
12-08-47,1,서울특별시 강북구 삼양로139나길 23,,37.64837739,127.0112264,2000,건축물,02-901-5863,서울특별시 강북구청,2025-08-12
12-08-46,1,서울특별시 강북구 삼양로139나길 26,,37.64865649,127.011204,2000,한전주,02-901-5863,서울특별시 강북구청,2025-08-12
12-08-45,1,서울특별시 강북구 삼양로139나길 16,,37.6489281,127.0116447,2000,전용주,02-901-5863,서울특별시 강북구청,2025-08-12
12-08-44,1,서울특별시 강북구 삼양로139나길 17,,37.64832608,127.0115557,2000,건축물,02-901-5863,서울특별시 강북구청,2025-08-12
12-08-43,1,서울특별시 강북구 삼양로139나길 17,,37.64844463,127.0117241,2000,한전주,02-901-5863,서울특별시 강북구청,2025-08-12
12-08-42,1,서울특별시 강북구 삼양로139나길 17,,37.64863344,127.0116763,2000,전용주,02-901-5863,서울특별시 강북구청,2025-08-12
12-08-41,1,서울특별시 강북구 삼양로139나길 16,,37.64893056,127.0116497,2000,한전주,02-901-5863,서울특별시 강북구청,2025-08-12
12-08-40,1,서울특별시 강북구 삼양로139길 42,,37.64867081,127.0118344,2000,한전주,02-901-5863,서울특별시 강북구청,2025-08-12
12-08-39,1,서울특별시 강북구 삼양로139나길 9,,37.64873596,127.0120829,2000,한전주,02-901-5863,서울특별시 강북구청,2025-08-12
12-08-38,1,서울특별시 강북구 삼양로139길 16,,37.64942114,127.0127399,2000,한전주,02-901-5863,서울특별시 강북구청,2025-08-12
12-08-36,1,서울특별시 강북구 삼양로139길 20,,37.64914545,127.0125647,2000,,02-901-5863,서울특별시 강북구청,2025-08-12
12-08-35,1,서울특별시 강북구 삼양로139길 20,,37.64914545,127.0125647,2000,한전주,02-901-5863,서울특별시 강북구청,2025-08-12
12-07-80,1,서울특별시 강북구 419로12길 50,,37.64672093,127.0049592,2000,전용주,02-901-5863,서울특별시 강북구청,2025-08-12
12-07-79,1,서울특별시 강북구 419로12길 5,,37.64637347,127.0075701,2000,전용주,02-901-5863,서울특별시 강북구청,2025-08-12
12-07-78,1,서울특별시 강북구 삼양로139길 86,,37.6479143,127.0097253,2000,한전주,02-901-5863,서울특별시 강북구청,2025-08-12
12-07-77,1,서울특별시 강북구 419로12길 50,,37.64656825,127.0050179,2000,전용주,02-901-5863,서울특별시 강북구청,2025-08-12
12-07-76,2,서울특별시 강북구 삼양로141길 54,,37.64918358,127.0106604,2000,전용주,02-901-5863,서울특별시 강북구청,2025-08-12
12-07-75,2,서울특별시 강북구 삼양로141길 54,,37.64918358,127.0106604,2000,전용주,02-901-5863,서울특별시 강북구청,2025-08-12
12-07-73,1,서울특별시 강북구 419로12길 10,,37.64669809,127.0075998,2000,한전주,02-901-5863,서울특별시 강북구청,2025-08-12
12-07-72,1,서울특별시 강북구 419로12길 75,,37.6457052,127.0041795,2000,한전주,02-901-5863,서울특별시 강북구청,2025-08-12
12-07-71,1,서울특별시 강북구 419로12길 65,,37.64591786,127.0048225,2000,한전주,02-901-5863,서울특별시 강북구청,2025-08-12
12-07-70,1,서울특별시 강북구 419로12길 66,,37.64619514,127.0045809,2000,한전주,02-901-5863,서울특별시 강북구청,2025-08-12
12-07-69,1,서울특별시 강북구 419로12길 60,,37.64675267,127.0044488,2000,한전주,02-901-5863,서울특별시 강북구청,2025-08-12
12-07-68,1,서울특별시 강북구 419로12길 60,,37.64665452,127.0045634,2000,한전주,02-901-5863,서울특별시 강북구청,2025-08-12
12-07-67,1,서울특별시 강북구 419로12길 60,,37.64648621,127.0049056,2000,,02-901-5863,서울특별시 강북구청,2025-08-12
12-07-66,1,서울특별시 강북구 419로12길 61,,37.64611664,127.0048879,2000,한전주,02-901-5863,서울특별시 강북구청,2025-08-12
12-07-65,1,서울특별시 강북구 419로12길 57,,37.64602979,127.0052743,2000,,02-901-5863,서울특별시 강북구청,2025-08-12
12-07-64,1,서울특별시 강북구 419로12길 57,,37.64617241,127.0050911,2000,한전주,02-901-5863,서울특별시 강북구청,2025-08-12
12-07-63,1,서울특별시 강북구 419로12길 57,,37.64617241,127.0050911,2000,한전주,02-901-5863,서울특별시 강북구청,2025-08-12
12-07-62,1,서울특별시 강북구 419로12길 75,,37.6457052,127.0041795,2000,전용주,02-901-5863,서울특별시 강북구청,2025-08-12
12-07-62,1,서울특별시 강북구 419로12길 50,,37.64672093,127.0049592,2000,한전주,02-901-5863,서울특별시 강북구청,2025-08-12
12-07-61,1,서울특별시 강북구 419로12길 75,,37.6457052,127.0041795,2000,전용주,02-901-5863,서울특별시 강북구청,2025-08-12
12-07-61,1,서울특별시 강북구 419로12길 51,,37.64620202,127.0053967,2000,건축물,02-901-5863,서울특별시 강북구청,2025-08-12
12-07-60,1,서울특별시 강북구 419로12길 51,,37.64620202,127.0053967,2000,전용주,02-901-5863,서울특별시 강북구청,2025-08-12
12-07-60,1,서울특별시 강북구 419로12길 75,,37.6457052,127.0041795,2000,전용주,02-901-5863,서울특별시 강북구청,2025-08-12
12-07-59,2,서울특별시 강북구 419로12길 51,,37.64640012,127.0053827,2000,한전주,02-901-5863,서울특별시 강북구청,2025-08-12
12-07-58,1,서울특별시 강북구 419로12길 46,,37.64662765,127.0056516,2000,한전주,02-901-5863,서울특별시 강북구청,2025-08-12
12-07-57,1,서울특별시 강북구 419로12길 38,,37.64689063,127.0058521,2000,한전주,02-901-5863,서울특별시 강북구청,2025-08-12
12-07-56,2,서울특별시 강북구 419로12길 31,,37.64665935,127.0062065,2000,한전주,02-901-5863,서울특별시 강북구청,2025-08-12
12-07-55,1,서울특별시 강북구 419로12길 32,,37.64704465,127.005952,2000,한전주,02-901-5863,서울특별시 강북구청,2025-08-12
12-07-54,1,서울특별시 강북구 419로12길 32,,37.64715276,127.0059506,2000,전용주,02-901-5863,서울특별시 강북구청,2025-08-12
12-07-53,1,서울특별시 강북구 419로12길 32,,37.64726221,127.0061078,2000,전용주,02-901-5863,서울특별시 강북구청,2025-08-12
12-07-52,1,서울특별시 강북구 419로12길 32,,37.64726221,127.0061078,2000,건축물,02-901-5863,서울특별시 강북구청,2025-08-12
12-07-51,1,서울특별시 강북구 419로12길 26,,37.64694235,127.0066447,2000,한전주,02-901-5863,서울특별시 강북구청,2025-08-12
12-07-50,1,서울특별시 강북구 419로12길 26,,37.64710195,127.0063366,2000,건축물,02-901-5863,서울특별시 강북구청,2025-08-12
12-07-49,1,서울특별시 강북구 419로12길 26,,37.64710195,127.0063366,2000,건축물,02-901-5863,서울특별시 강북구청,2025-08-12
12-07-48,1,서울특별시 강북구 419로12길 26,,37.64726564,127.0065157,2000,한전주,02-901-5863,서울특별시 강북구청,2025-08-12
12-07-47,1,서울특별시 강북구 419로12길 24,,37.64701652,127.006893,2000,한전주,02-901-5863,서울특별시 강북구청,2025-08-12
12-07-46,1,서울특별시 강북구 419로12길 22,,37.64690016,127.0069852,2000,,02-901-5863,서울특별시 강북구청,2025-08-12
12-07-45,1,서울특별시 강북구 419로12길 10,,37.64669809,127.0075998,2000,한전주,02-901-5863,서울특별시 강북구청,2025-08-12
12-07-44,1,서울특별시 강북구 419로12길 10,,37.64669809,127.0075998,2000,전용주,02-901-5863,서울특별시 강북구청,2025-08-12
12-07-43,1,서울특별시 강북구 419로12길 10,,37.64669809,127.0075998,2000,한전주,02-901-5863,서울특별시 강북구청,2025-08-12
12-07-42,1,서울특별시 강북구 419로12길 13,,37.64656844,127.0071822,2000,건축물,02-901-5863,서울특별시 강북구청,2025-08-12
12-07-41,1,서울특별시 강북구 419로12길 9,,37.6465928,127.0068646,2000,한전주,02-901-5863,서울특별시 강북구청,2025-08-12
12-07-40,1,서울특별시 강북구 419로12길 9,,37.64668137,127.0066821,2000,전용주,02-901-5863,서울특별시 강북구청,2025-08-12
12-07-39,1,서울특별시 강북구 419로12길 9,,37.64663365,127.0063655,2000,전용주,02-901-5863,서울특별시 강북구청,2025-08-12
12-07-38,1,서울특별시 강북구 419로 58,,37.64652209,127.0081007,2000,,02-901-5863,서울특별시 강북구청,2025-08-12
12-07-37,1,서울특별시 강북구 419로8길 7,,37.64674675,127.0080297,2000,한전주,02-901-5863,서울특별시 강북구청,2025-08-12
12-07-36,1,서울특별시 강북구 419로8길 7,,37.64695711,127.0084009,2000,전용주,02-901-5863,서울특별시 강북구청,2025-08-12
12-07-35,1,서울특별시 강북구 419로8길 7,,37.64722113,127.008726,2000,건축물,02-901-5863,서울특별시 강북구청,2025-08-12
12-07-34,1,서울특별시 강북구 419로8길 7,,37.64691044,127.0082089,2000,전용주,02-901-5863,서울특별시 강북구청,2025-08-12
12-07-33,1,서울특별시 강북구 419로8길 15,,37.64733331,127.0081353,2000,한전주,02-901-5863,서울특별시 강북구청,2025-08-12
12-07-32,1,서울특별시 강북구 419로 40,,37.647492,127.0098669,2000,한전주,02-901-5863,서울특별시 강북구청,2025-08-12
12-06-56,1,서울특별시 강북구 419로21길 61,,37.64546134,127.0073216,2000,한전주,02-901-5863,서울특별시 강북구청,2025-08-12
12-06-51,1,서울특별시 강북구 삼각산로 5,,37.63785114,127.0056016,2000,전용주,02-901-5863,서울특별시 강북구청,2025-08-12
12-06-50,1,서울특별시 강북구 삼각산로 5,,37.63785114,127.0056016,2000,전용주,02-901-5863,서울특별시 강북구청,2025-08-12
12-06-49,1,서울특별시 강북구 삼각산로 5,,37.63785114,127.0056016,2000,전용주,02-901-5863,서울특별시 강북구청,2025-08-12
12-06-47,1,서울특별시 강북구 삼각산로 5,,37.63785114,127.0056016,2000,한전주,02-901-5863,서울특별시 강북구청,2025-08-12
12-06-46,1,서울특별시 강북구 삼각산로 5,,37.63785114,127.0056016,2000,한전주,02-901-5863,서울특별시 강북구청,2025-08-12
12-06-41,1,서울특별시 강북구 419로 68,,37.64616765,127.0066663,2000,전용주,02-901-5863,서울특별시 강북구청,2025-08-12
12-06-40,1,서울특별시 강북구 419로 73,,37.64554619,127.0066972,2000,전용주,02-901-5863,서울특별시 강북구청,2025-08-12
12-06-39,1,서울특별시 강북구 419로13길 4,,37.64538403,127.0066994,2000,한전주,02-901-5863,서울특별시 강북구청,2025-08-12
12-06-37,1,서울특별시 강북구 419로13길 23,,37.6451043,127.0077229,2000,전용주,02-901-5863,서울특별시 강북구청,2025-08-12
12-06-36,1,서울특별시 강북구 419로21길 31,,37.64496636,127.0063197,2000,한전주,02-901-5863,서울특별시 강북구청,2025-08-12
12-06-35,1,서울특별시 강북구 419로 81,,37.64498976,127.0058887,2000,한전주,02-901-5863,서울특별시 강북구청,2025-08-12
12-06-34,2,서울특별시 강북구 419로 89,,37.64461628,127.0054065,2000,전용주,02-901-5863,서울특별시 강북구청,2025-08-12
12-06-33,1,서울특별시 강북구 419로 89,,37.64461628,127.0054065,2000,전용주,02-901-5863,서울특별시 강북구청,2025-08-12
12-06-32,1,서울특별시 강북구 419로 91,,37.64457786,127.0051237,2000,한전주,02-901-5863,서울특별시 강북구청,2025-08-12
12-06-31,1,서울특별시 강북구 419로11길 20,,37.64531475,127.0081054,2000,건축물,02-901-5863,서울특별시 강북구청,2025-08-12
12-05-38,1,서울특별시 강북구 인수봉로81길 17,,37.6454979,127.0095308,2000,한전주,02-901-5863,서울특별시 강북구청,2025-08-12
12-05-37,2,서울특별시 강북구 인수봉로81길 21,,37.64546964,127.0093838,2000,한전주,02-901-5863,서울특별시 강북구청,2025-08-12
12-05-36,1,서울특별시 강북구 인수봉로81길 22,,37.64571896,127.0092837,2000,전용주,02-901-5863,서울특별시 강북구청,2025-08-12
12-05-35,1,서울특별시 강북구 인수봉로81길 23,,37.64547849,127.0092711,2000,건축물,02-901-5863,서울특별시 강북구청,2025-08-12
12-05-34,2,서울특별시 강북구 인수봉로81길 23,,37.6454777,127.0092704,2000,한전주,02-901-5863,서울특별시 강북구청,2025-08-12
12-05-33,2,서울특별시 강북구 인수봉로79길 14,,37.64504052,127.0097861,2000,전용주,02-901-5863,서울특별시 강북구청,2025-08-12
12-05-32,1,서울특별시 강북구 인수봉로81길 27,,37.64551383,127.0089901,2000,건축물,02-901-5863,서울특별시 강북구청,2025-08-12
12-04-35,1,서울특별시 강북구 삼양로131길 67,,37.64686951,127.0108497,2000,한전주,02-901-5863,서울특별시 강북구청,2025-08-12
12-04-34,1,서울특별시 강북구 삼양로131길 39,,37.64702646,127.0123774,2000,건축물,02-901-5863,서울특별시 강북구청,2025-08-12
12-04-32,1,서울특별시 강북구 인수봉로84길 5,,37.64647329,127.0108776,2000,한전주,02-901-5863,서울특별시 강북구청,2025-08-12
12-04-31,1,서울특별시 강북구 삼양로131길 65,,37.64698379,127.0110549,2000,,02-901-5863,서울특별시 강북구청,2025-08-12
12-03-37,1,서울특별시 강북구 인수봉로 308,,37.64628362,127.0108235,2000,한전주,02-901-5863,서울특별시 강북구청,2025-08-12
12-03-35,1,서울특별시 강북구 인수봉로80길 5,,37.64509209,127.0110521,2000,한전주,02-901-5863,서울특별시 강북구청,2025-08-12
12-03-34,1,서울특별시 강북구 인수봉로80길 5,,37.64509209,127.0110521,2000,건축물,02-901-5863,서울특별시 강북구청,2025-08-12
12-03-33,1,서울특별시 강북구 인수봉로80길 5,,37.64509209,127.011005,2000,한전주,02-901-5863,서울특별시 강북구청,2025-08-12
12-03-32,1,서울특별시 강북구 인수봉로80길 5,,37.64508718,127.0110546,2000,한전주,02-901-5863,서울특별시 강북구청,2025-08-12
12-02-52,1,서울특별시 강북구 삼양로123가길 40,,37.6464676,127.0123508,2000,건축물,02-901-5863,서울특별시 강북구청,2025-08-12
12-02-49,1,서울특별시 강북구 삼양로123가길 17,,37.64544983,127.012402,2000,한전주,02-901-5863,서울특별시 강북구청,2025-08-12
12-02-48,1,서울특별시 강북구 삼양로123가길 5,,37.64502648,127.0124152,2000,한전주,02-901-5863,서울특별시 강북구청,2025-08-12
12-02-47,1,서울특별시 강북구 삼양로123가길 3,,37.64483748,127.0124404,2000,한전주,02-901-5863,서울특별시 강북구청,2025-08-12
12-01-33,1,서울특별시 강북구 삼양로131길 16,,37.6475855,127.0135032,2000,,02-901-5863,서울특별시 강북구청,2025-08-12
11-29-24,1,서울특별시 강북구 노해로17길 50,,37.64055414,127.0196014,2000,,02-901-5863,서울특별시 강북구청,2025-08-12
11-29-23,1,서울특별시 강북구 삼각산로 136,,37.64091558,127.0193782,2000,건축물,02-901-5863,서울특별시 강북구청,2025-08-12
11-29-22,1,서울특별시 강북구 삼각산로 136,,37.64091558,127.0193782,2000,건축물,02-901-5863,서울특별시 강북구청,2025-08-12
11-29-21,1,서울특별시 강북구 노해로17길 56,,37.64053745,127.0193214,2000,건축물,02-901-5863,서울특별시 강북구청,2025-08-12
11-29-20,1,서울특별시 강북구 노해로17길 58,,37.64052345,127.0191599,2000,한전주,02-901-5863,서울특별시 강북구청,2025-08-12
11-29-19,1,서울특별시 강북구 노해로17길 60,,37.6405038,127.019030,2000,건축물,02-901-5863,서울특별시 강북구청,2025-08-12
11-29-18,1,서울특별시 강북구 노해로17길 62,,37.64049416,127.0188884,2000,한전주,02-901-5863,서울특별시 강북구청,2025-08-12
11-29-17,1,서울특별시 강북구 노해로17길 62,,37.64049751,127.018890,2000,건축물,02-901-5863,서울특별시 강북구청,2025-08-12
11-29-16,1,서울특별시 강북구 노해로17길 69,,37.64032756,127.0184835,2000,한전주,02-901-5863,서울특별시 강북구청,2025-08-12
11-29-15,1,서울특별시 강북구 노해로17길 66,,37.6404817,127.018625,2000,건축물,02-901-5863,서울특별시 강북구청,2025-08-12
11-29-14,1,서울특별시 강북구 노해로17길 66,,37.6404817,127.0186451,2000,전용주,02-901-5863,서울특별시 강북구청,2025-08-12
11-29-13,1,서울특별시 강북구 노해로17길 73,,37.64029147,127.0182171,2000,건축물,02-901-5863,서울특별시 강북구청,2025-08-12
11-29-12,1,서울특별시 강북구 노해로17길 78,,37.64049658,127.0180952,2000,한전주,02-901-5863,서울특별시 강북구청,2025-08-12
11-29-11,1,서울특별시 강북구 노해로17길 76,,37.64048832,127.018186,2000,전용주,02-901-5863,서울특별시 강북구청,2025-08-12
11-29-10,1,서울특별시 강북구 삼각산로 126,,37.64076802,127.018139,2000,전용주,02-901-5863,서울특별시 강북구청,2025-08-12
11-29-09,1,서울특별시 강북구 삼각산로 126,,37.64076802,127.018139,2000,전용주,02-901-5863,서울특별시 강북구청,2025-08-12
11-29-08,1,서울특별시 강북구 삼각산로 122,,37.64074573,127.017718,2000,건축물,02-901-5863,서울특별시 강북구청,2025-08-12
11-29-07,1,서울특별시 강북구 삼각산로 122,,37.64074285,127.0177189,2000,건축물,02-901-5863,서울특별시 강북구청,2025-08-12
11-29-06,1,서울특별시 강북구 삼각산로 122,,37.64074285,127.0177189,2000,건축물,02-901-5863,서울특별시 강북구청,2025-08-12
11-29-05,1,서울특별시 강북구 삼각산로 122,,37.64074285,127.0177189,2000,전용주,02-901-5863,서울특별시 강북구청,2025-08-12
11-29-04,1,서울특별시 강북구 삼각산로24길 8,,37.64048989,127.0172908,2000,한전주,02-901-5863,서울특별시 강북구청,2025-08-12
11-29-03,1,서울특별시 강북구 삼각산로24길 7,,37.64064522,127.0175494,2000,한전주,02-901-5863,서울특별시 강북구청,2025-08-12
11-29-02,1,서울특별시 강북구 삼각산로24길 11,,37.64043031,127.0175864,2000,건축물,02-901-5863,서울특별시 강북구청,2025-08-12
11-29-01,2,서울특별시 강북구 삼각산로24길 15,,37.6402673,127.017611,2000,한전주,02-901-5863,서울특별시 강북구청,2025-08-12
11-28-44,1,서울특별시 강북구 노해로13길 74,,37.63955831,127.0184015,2000,전용주,02-901-5863,서울특별시 강북구청,2025-08-12
11-28-43,1,서울특별시 강북구 노해로9가길 35,,37.63970677,127.0185912,2000,건축물,02-901-5863,서울특별시 강북구청,2025-08-12
11-28-42,1,서울특별시 강북구 삼양로100길 18,,37.63942632,127.0172481,2000,한전주,02-901-5863,서울특별시 강북구청,2025-08-12
11-28-41,1,서울특별시 강북구 삼양로98길 1,,37.63873279,127.0172799,2000,,02-901-5863,서울특별시 강북구청,2025-08-12
11-28-40,1,서울특별시 강북구 삼각산로24길 27,,37.6397381,127.0177236,2000,전용주,02-901-5863,서울특별시 강북구청,2025-08-12
11-28-39,1,서울특별시 강북구 삼양로98가길 10,,37.63909052,127.0178219,2000,한전주,02-901-5863,서울특별시 강북구청,2025-08-12
11-28-38,1,서울특별시 강북구 노해로13길 74,,37.63955831,127.0184131,2000,건축물,02-901-5863,서울특별시 강북구청,2025-08-12
11-28-36,1,서울특별시 강북구 노해로9가길 35,,37.63972425,127.0185912,2000,건축물,02-901-5863,서울특별시 강북구청,2025-08-12
11-28-35,1,서울특별시 강북구 노해로9가길 17,,37.63896236,127.0186786,2000,건축물,02-901-5863,서울특별시 강북구청,2025-08-12
11-28-34,2,서울특별시 강북구 노해로13길 81,,37.63927084,127.0180547,2000,한전주,02-901-5863,서울특별시 강북구청,2025-08-12
11-28-33,2,서울특별시 강북구 노해로13길 73,,37.63930135,127.0184735,2000,한전주,02-901-5863,서울특별시 강북구청,2025-08-12
11-28-32,1,서울특별시 강북구 노해로13길 74,,37.63955831,127.0184131,2000,건축물,02-901-5863,서울특별시 강북구청,2025-08-12
11-28-31,1,서울특별시 강북구 노해로9가길 35,,37.63970413,127.0185912,2000,건축물,02-901-5863,서울특별시 강북구청,2025-08-12
11-28-30,1,서울특별시 강북구 노해로9가길 35,,37.63972425,127.0185912,2000,전용주,02-901-5863,서울특별시 강북구청,2025-08-12
11-28-29,2,서울특별시 강북구 삼양로102길 26,,37.64003186,127.0185545,2000,한전주,02-901-5863,서울특별시 강북구청,2025-08-12
11-28-28,1,서울특별시 강북구 삼양로102길 26,,37.64003186,127.0185545,2000,한전주,02-901-5863,서울특별시 강북구청,2025-08-12
11-28-27,1,서울특별시 강북구 삼양로102길 20,,37.64000479,127.0181784,2000,건축물,02-901-5863,서울특별시 강북구청,2025-08-12
11-28-26,1,서울특별시 강북구 삼양로102길 20,,37.64000173,127.018181,2000,한전주,02-901-5863,서울특별시 강북구청,2025-08-12
11-28-25,1,서울특별시 강북구 삼양로102길 16,,37.63984687,127.0179791,2000,건축물,02-901-5863,서울특별시 강북구청,2025-08-12
11-28-23,1,서울특별시 강북구 삼각산로24길 26,,37.63975301,127.0175271,2000,건축물,02-901-5863,서울특별시 강북구청,2025-08-12
11-28-22,2,서울특별시 강북구 삼각산로24길 32,,37.63948301,127.0175646,2000,한전주,02-901-5863,서울특별시 강북구청,2025-08-12
11-28-21,1,서울특별시 강북구 노해로13길 92,,37.63946349,127.0173836,2000,,02-901-5863,서울특별시 강북구청,2025-08-12
11-28-20,2,서울특별시 강북구 노해로13길 89,,37.63924886,127.0175791,2000,한전주,02-901-5863,서울특별시 강북구청,2025-08-12
11-28-19,1,서울특별시 강북구 삼양로100길 10,,37.63906755,127.0172898,2000,한전주,02-901-5863,서울특별시 강북구청,2025-08-12
11-28-18,1,서울특별시 강북구 노해로13길 89,,37.63924886,127.0175791,2000,한전주,02-901-5863,서울특별시 강북구청,2025-08-12
11-28-17,1,서울특별시 강북구 삼양로98가길 7,,37.6389966,127.0175824,2000,한전주,02-901-5863,서울특별시 강북구청,2025-08-12
11-28-16,1,서울특별시 강북구 삼양로100길 4,,37.63883208,127.0173013,2000,한전주,02-901-5863,서울특별시 강북구청,2025-08-12
11-28-15,1,서울특별시 강북구 삼양로98길 7,,37.63873542,127.0176021,2000,한전주,02-901-5863,서울특별시 강북구청,2025-08-12
11-28-14,1,서울특별시 강북구 삼양로98길 1,,37.63873279,127.0172799,2000,한전주,02-901-5863,서울특별시 강북구청,2025-08-12
11-28-13,1,서울특별시 강북구 삼양로96길 10,,37.63780567,127.0173941,2000,한전주,02-901-5863,서울특별시 강북구청,2025-08-12
11-28-12,1,서울특별시 강북구 노해로9길 79,,37.63793237,127.0174604,2000,,02-901-5863,서울특별시 강북구청,2025-08-12
11-28-11,1,서울특별시 강북구 노해로9길 76,,37.63815949,127.017684,2000,한전주,02-901-5863,서울특별시 강북구청,2025-08-12
11-28-10,1,서울특별시 강북구 노해로9나길 7,,37.63836669,127.0176694,2000,한전주,02-901-5863,서울특별시 강북구청,2025-08-12
11-28-09,1,서울특별시 강북구 삼양로98길 8,,37.63854651,127.0176336,2000,한전주,02-901-5863,서울특별시 강북구청,2025-08-12
11-28-08,1,서울특별시 강북구 삼양로98길 20,,37.63862329,127.0182028,2000,한전주,02-901-5863,서울특별시 강북구청,2025-08-12
11-28-05,1,서울특별시 강북구 노해로9나길 10,,37.63843442,127.0178461,2000,한전주,02-901-5863,서울특별시 강북구청,2025-08-12
11-28-04,1,서울특별시 강북구 노해로9나길 10,,37.63844348,127.0178461,2000,건축물,02-901-5863,서울특별시 강북구청,2025-08-12
11-28-03,1,서울특별시 강북구 노해로9나길 10,,37.63843442,127.0178461,2000,한전주,02-901-5863,서울특별시 강북구청,2025-08-12
11-28-02,1,서울특별시 강북구 노해로9나길 10,,37.63842321,127.0178461,2000,건축물,02-901-5863,서울특별시 강북구청,2025-08-12
11-28-01,1,서울특별시 강북구 노해로9나길 10,,37.63843442,127.0178461,2000,건축물,02-901-5863,서울특별시 강북구청,2025-08-12
11-27-37,1,서울특별시 강북구 수유로17나길 19,,37.63765207,127.0184272,2000,건축물,02-901-5863,서울특별시 강북구청,2025-08-12
11-27-36,1,서울특별시 강북구 수유로17나길 25,,37.63786783,127.0183677,2000,한전주,02-901-5863,서울특별시 강북구청,2025-08-12
11-27-35,1,서울특별시 강북구 수유로17나길 26,,37.637852,127.018595,2000,전용주,02-901-5863,서울특별시 강북구청,2025-08-12
11-27-34,2,서울특별시 강북구 노해로9길 54,,37.6382056,127.0189003,2000,한전주,02-901-5863,서울특별시 강북구청,2025-08-12
11-27-33,1,서울특별시 강북구 노해로9가길 7,,37.63840352,127.0188592,2000,건축물,02-901-5863,서울특별시 강북구청,2025-08-12
11-27-32,1,서울특별시 강북구 노해로9길 57,,37.63804192,127.0187166,2000,건축물,02-901-5863,서울특별시 강북구청,2025-08-12
11-27-31,1,서울특별시 강북구 노해로9길 60,,37.63818266,127.0185776,2000,전용주,02-901-5863,서울특별시 강북구청,2025-08-12
11-27-30,1,서울특별시 강북구 노해로9길 63,,37.63797584,127.0183549,2000,한전주,02-901-5863,서울특별시 강북구청,2025-08-12
11-27-29,1,서울특별시 강북구 노해로9길 62,,37.6382175,127.0184091,2000,건축물,02-901-5863,서울특별시 강북구청,2025-08-12
11-27-28,1,서울특별시 강북구 삼양로 380,,37.63732799,127.0173777,2000,건축물,02-901-5863,서울특별시 강북구청,2025-08-12
11-27-26,1,서울특별시 강북구 삼양로92길 1,,37.63730586,127.0179672,2000,건축물,02-901-5863,서울특별시 강북구청,2025-08-12
11-27-24,1,서울특별시 강북구 삼양로92길 7,,37.637087,127.0176528,2000,한전주,02-901-5863,서울특별시 강북구청,2025-08-12
11-27-23,1,서울특별시 강북구 삼양로92길 1,,37.6377169,127.0175539,2000,,02-901-5863,서울특별시 강북구청,2025-08-12
11-27-22,1,서울특별시 강북구 삼양로92길 1,,37.63753784,127.0176922,2000,한전주,02-901-5863,서울특별시 강북구청,2025-08-12
11-27-21,1,서울특별시 강북구 삼양로92길 1,,37.63761142,127.0178725,2000,한전주,02-901-5863,서울특별시 강북구청,2025-08-12
11-27-20,1,서울특별시 강북구 삼양로92길 1,,37.6376759,127.0180416,2000,한전주,02-901-5863,서울특별시 강북구청,2025-08-12
11-27-19,1,서울특별시 강북구 노해로9길 65,,37.63796153,127.0181982,2000,건축물,02-901-5863,서울특별시 강북구청,2025-08-12
11-27-18,1,서울특별시 강북구 노해로9길 65,,37.63796153,127.0181954,2000,한전주,02-901-5863,서울특별시 강북구청,2025-08-12
11-27-17,1,서울특별시 강북구 수유로17나길 15,,37.63739089,127.0184729,2000,한전주,02-901-5863,서울특별시 강북구청,2025-08-12
11-27-16,1,서울특별시 강북구 수유로17나길 19,,37.63765207,127.0184272,2000,한전주,02-901-5863,서울특별시 강북구청,2025-08-12
11-27-15,1,서울특별시 강북구 수유로17나길 10,,37.63727782,127.0187505,2000,전용주,02-901-5863,서울특별시 강북구청,2025-08-12
11-27-14,1,서울특별시 강북구 수유로17나길 10,,37.63728264,127.0187505,2000,한전주,02-901-5863,서울특별시 강북구청,2025-08-12
11-27-13,1,서울특별시 강북구 수유로17나길 4,,37.63698216,127.0187996,2000,,02-901-5863,서울특별시 강북구청,2025-08-12
11-27-12,1,서울특별시 강북구 수유로17나길 4,,37.63698216,127.0187996,2000,,02-901-5863,서울특별시 강북구청,2025-08-12
11-27-11,1,서울특별시 강북구 수유로17나길 4,,37.63698216,127.0187996,2000,한전주,02-901-5863,서울특별시 강북구청,2025-08-12
11-27-10,1,서울특별시 강북구 수유로17나길 7,,37.63708477,127.0184686,2000,건축물,02-901-5863,서울특별시 강북구청,2025-08-12
11-27-09,1,서울특별시 강북구 수유로17나길 7,,37.63708477,127.0184686,2000,한전주,02-901-5863,서울특별시 강북구청,2025-08-12
11-27-08,1,서울특별시 강북구 삼양로92길 15,,37.63687604,127.018043,2000,전용주,02-901-5863,서울특별시 강북구청,2025-08-12
11-27-07,1,서울특별시 강북구 삼양로92길 15,,37.63684695,127.0180412,2000,건축물,02-901-5863,서울특별시 강북구청,2025-08-12
11-27-06,1,서울특별시 강북구 수유로17길 48,,37.63670647,127.0184849,2000,한전주,02-901-5863,서울특별시 강북구청,2025-08-12
11-27-05,1,서울특별시 강북구 수유로17길 46,,37.63683363,127.0186079,2000,한전주,02-901-5863,서울특별시 강북구청,2025-08-12
11-27-04,1,서울특별시 강북구 수유로17길 36,,37.63690121,127.0191508,2000,한전주,02-901-5863,서울특별시 강북구청,2025-08-12
11-27-03,1,서울특별시 강북구 수유로17길 34,,37.63693847,127.0193018,2000,건축물,02-901-5863,서울특별시 강북구청,2025-08-12
11-27-02,1,서울특별시 강북구 수유로17길 30,,37.63696795,127.0195918,2000,한전주,02-901-5863,서울특별시 강북구청,2025-08-12
11-27-01,1,서울특별시 강북구 수유로17길 28,,37.63700502,127.019716,2000,건축물,02-901-5863,서울특별시 강북구청,2025-08-12
11-26-30,1,서울특별시 강북구 삼양로92길 29,,37.63642358,127.0185673,2000,,02-901-5863,서울특별시 강북구청,2025-08-12
11-26-29,1,서울특별시 강북구 수유로17길 3,,37.63615449,127.020373,2000,,02-901-5863,서울특별시 강북구청,2025-08-12
11-26-28,1,서울특별시 강북구 수유로17길 19,,37.63678148,127.0199229,2000,건축물,02-901-5863,서울특별시 강북구청,2025-08-12
11-26-27,1,서울특별시 강북구 수유로17가길 4,,37.63626222,127.0201821,2000,건축물,02-901-5863,서울특별시 강북구청,2025-08-12
11-26-26,1,서울특별시 강북구 수유로17가길 4,,37.63626222,127.0201821,2000,한전주,02-901-5863,서울특별시 강북구청,2025-08-12
11-26-25,1,서울특별시 강북구 수유로17가길 10,,37.6361601,127.0198786,2000,한전주,02-901-5863,서울특별시 강북구청,2025-08-12
11-26-24,1,서울특별시 강북구 수유로17가길 10,,37.6361601,127.0198786,2000,한전주,02-901-5863,서울특별시 강북구청,2025-08-12
11-26-23,1,서울특별시 강북구 삼양로92길 29,,37.63645244,127.0185673,2000,한전주,02-901-5863,서울특별시 강북구청,2025-08-12
11-26-22,1,서울특별시 강북구 삼양로92길 29,,37.63642358,127.0185673,2000,건축물,02-901-5863,서울특별시 강북구청,2025-08-12
11-26-21,1,서울특별시 강북구 수유로17길 42,,37.63687155,127.018834,2000,,02-901-5863,서울특별시 강북구청,2025-08-12
11-26-20,1,서울특별시 강북구 삼양로92길 29,,37.63646378,127.0185561,2000,건축물,02-901-5863,서울특별시 강북구청,2025-08-12
11-26-19,1,서울특별시 강북구 삼양로92길 29,,37.63649222,127.0185673,2000,건축물,02-901-5863,서울특별시 강북구청,2025-08-12
11-26-18,1,서울특별시 강북구 수유로 53,,37.63571102,127.0195135,2000,건축물,02-901-5863,서울특별시 강북구청,2025-08-12
11-26-17,2,서울특별시 강북구 삼양로92길 29,,37.63642358,127.0185673,2000,한전주,02-901-5863,서울특별시 강북구청,2025-08-12
11-26-16,1,서울특별시 강북구 수유로 53,,37.63571102,127.0195135,2000,한전주,02-901-5863,서울특별시 강북구청,2025-08-12
11-26-14,1,서울특별시 강북구 수유로 53,,37.63571102,127.0195135,2000,한전주,02-901-5863,서울특별시 강북구청,2025-08-12
11-26-13,1,서울특별시 강북구 수유로 53,,37.63571102,127.0195135,2000,,02-901-5863,서울특별시 강북구청,2025-08-12
11-26-12,1,서울특별시 강북구 수유로17가길 13,,37.63597852,127.0197974,2000,한전주,02-901-5863,서울특별시 강북구청,2025-08-12
11-26-11,1,서울특별시 강북구 수유로17가길 7,,37.63606176,127.0200569,2000,건축물,02-901-5863,서울특별시 강북구청,2025-08-12
11-26-09,1,서울특별시 강북구 수유로17길 4,,37.6361832,127.0205765,2000,한전주,02-901-5863,서울특별시 강북구청,2025-08-12
11-26-08,1,서울특별시 강북구 수유로 65,,37.6361531,127.0207511,2000,건축물,02-901-5863,서울특별시 강북구청,2025-08-12
11-26-07,1,서울특별시 강북구 수유로 69,,37.63623979,127.0212008,2000,전용주,02-901-5863,서울특별시 강북구청,2025-08-12
11-26-06,1,서울특별시 강북구 수유로 69,,37.63623979,127.0212008,2000,한전주,02-901-5863,서울특별시 강북구청,2025-08-12
11-26-05,1,서울특별시 강북구 수유로 69,,37.63623979,127.0212008,2000,한전주,02-901-5863,서울특별시 강북구청,2025-08-12
11-26-04,1,서울특별시 강북구 수유로 69,,37.63623979,127.0212008,2000,,02-901-5863,서울특별시 강북구청,2025-08-12
11-26-03,1,서울특별시 강북구 수유로 69,,37.63623979,127.0212008,2000,한전주,02-901-5863,서울특별시 강북구청,2025-08-12
11-26-02,1,서울특별시 강북구 수유로17길 14,,37.63664071,127.0203326,2000,한전주,02-901-5863,서울특별시 강북구청,2025-08-12
11-26-01,1,서울특별시 강북구 수유로17길 24,,37.63692647,127.0200229,2000,한전주,02-901-5863,서울특별시 강북구청,2025-08-12
11-25-30,1,서울특별시 강북구 노해로7가길 5,,37.63752645,127.0217486,2000,,02-901-5863,서울특별시 강북구청,2025-08-12
11-25-29,1,서울특별시 강북구 노해로7가길 12,,37.63734354,127.0214224,2000,전용주,02-901-5863,서울특별시 강북구청,2025-08-12
11-25-28,1,서울특별시 강북구 노해로7가길 12,,37.63734354,127.0214224,2000,건축물,02-901-5863,서울특별시 강북구청,2025-08-12
11-25-27,1,서울특별시 강북구 노해로7길 39,,37.63762211,127.020492,2000,전용주,02-901-5863,서울특별시 강북구청,2025-08-12
11-25-25,1,서울특별시 강북구 노해로7길 33,,37.63764846,127.0207928,2000,건축물,02-901-5863,서울특별시 강북구청,2025-08-12
11-25-24,1,서울특별시 강북구 노해로7길 31,,37.63766212,127.0209871,2000,건축물,02-901-5863,서울특별시 강북구청,2025-08-12
11-25-23,1,서울특별시 강북구 노해로7길 25,,37.63768152,127.0213407,2000,건축물,02-901-5863,서울특별시 강북구청,2025-08-12
11-25-22,2,서울특별시 강북구 수유로23길 31,,37.63759041,127.0219516,2000,한전주,02-901-5863,서울특별시 강북구청,2025-08-12
11-25-21,1,서울특별시 강북구 노해로7가길 1,,37.63767069,127.0217581,2000,한전주,02-901-5863,서울특별시 강북구청,2025-08-12
11-25-20,1,서울특별시 강북구 노해로7길 25,,37.63768152,127.0213067,2000,건축물,02-901-5863,서울특별시 강북구청,2025-08-12
11-25-19,1,서울특별시 강북구 노해로7가길 5,,37.63752645,127.0217486,2000,한전주,02-901-5863,서울특별시 강북구청,2025-08-12
11-25-18,1,서울특별시 강북구 수유로23길 25,,37.6374209,127.0221066,2000,전용주,02-901-5863,서울특별시 강북구청,2025-08-12
11-25-17,1,서울특별시 강북구 수유로23길 25,,37.6374209,127.0221066,2000,한전주,02-901-5863,서울특별시 강북구청,2025-08-12
11-25-16,2,서울특별시 강북구 수유로23길 25,,37.63742124,127.0221012,2000,한전주,02-901-5863,서울특별시 강북구청,2025-08-12
11-25-15,1,서울특별시 강북구 수유로23가길 8,,37.63719376,127.0218323,2000,한전주,02-901-5863,서울특별시 강북구청,2025-08-12
11-25-14,2,서울특별시 강북구 수유로23가길 18,,37.63698279,127.0213818,2000,한전주,02-901-5863,서울특별시 강북구청,2025-08-12
11-25-13,1,서울특별시 강북구 노해로7가길 15,,37.63717123,127.0212887,2000,한전주,02-901-5863,서울특별시 강북구청,2025-08-12
11-25-12,1,서울특별시 강북구 노해로7길 31,,37.63766212,127.0209871,2000,건축물,02-901-5863,서울특별시 강북구청,2025-08-12
11-25-11,1,서울특별시 강북구 노해로7가길 19,,37.63709831,127.0211877,2000,전용주,02-901-5863,서울특별시 강북구청,2025-08-12
11-25-10,1,서울특별시 강북구 노해로7가길 21,,37.63707898,127.0210293,2000,한전주,02-901-5863,서울특별시 강북구청,2025-08-12
11-25-09,1,서울특별시 강북구 수유로23가길 25,,37.63678909,127.0209762,2000,,02-901-5863,서울특별시 강북구청,2025-08-12
11-25-08,1,서울특별시 강북구 수유로23가길 29,,37.63692357,127.0207595,2000,한전주,02-901-5863,서울특별시 강북구청,2025-08-12
11-25-07,2,서울특별시 강북구 노해로7가길 24,,37.63712975,127.0206321,2000,한전주,02-901-5863,서울특별시 강북구청,2025-08-12
11-25-05,1,서울특별시 강북구 노해로7가길 29,,37.63679706,127.0207158,2000,건축물,02-901-5863,서울특별시 강북구청,2025-08-12
11-25-04,1,서울특별시 강북구 노해로7가길 30,,37.63703277,127.020533,2000,건축물,02-901-5863,서울특별시 강북구청,2025-08-12
11-25-03,1,서울특별시 강북구 노해로7가길 31,,37.63684915,127.0205516,2000,한전주,02-901-5863,서울특별시 강북구청,2025-08-12
11-25-02,1,서울특별시 강북구 노해로7가길 34,,37.63696533,127.0203623,2000,,02-901-5863,서울특별시 강북구청,2025-08-12
11-24-35,1,서울특별시 강북구 노해로9길 5,,37.63826446,127.0216483,2000,건축물,02-901-5863,서울특별시 강북구청,2025-08-12
11-24-34,1,서울특별시 강북구 노해로7길 49,,37.63761062,127.019946,2000,,02-901-5863,서울특별시 강북구청,2025-08-12
11-24-32,1,서울특별시 강북구 노해로7길 38,,37.63798592,127.0206549,2000,한전주,02-901-5863,서울특별시 강북구청,2025-08-12
11-24-31,1,서울특별시 강북구 노해로9길 25,,37.63819145,127.0204482,2000,,02-901-5863,서울특별시 강북구청,2025-08-12
11-24-29,2,서울특별시 강북구 노해로7길 26,,37.63783613,127.0213321,2000,한전주,02-901-5863,서울특별시 강북구청,2025-08-12
11-24-28,1,서울특별시 강북구 노해로9길 7,,37.63825395,127.0214672,2000,건축물,02-901-5863,서울특별시 강북구청,2025-08-12
11-24-27,1,서울특별시 강북구 수유로23길 37,,37.63798686,127.0218559,2000,한전주,02-901-5863,서울특별시 강북구청,2025-08-12
11-24-26,1,서울특별시 강북구 노해로7길 24,,37.63784844,127.0214611,2000,한전주,02-901-5863,서울특별시 강북구청,2025-08-12
11-24-25,1,서울특별시 강북구 노해로9길 19,,37.63820327,127.020788,2000,전용주,02-901-5863,서울특별시 강북구청,2025-08-12
11-24-24,2,서울특별시 강북구 노해로7길 26,,37.6378384,127.0213366,2000,한전주,02-901-5863,서울특별시 강북구청,2025-08-12
11-24-23,1,서울특별시 강북구 노해로7길 32,,37.63812397,127.0210043,2000,한전주,02-901-5863,서울특별시 강북구청,2025-08-12
11-24-22,1,서울특별시 강북구 노해로7길 32,,37.63790794,127.0210298,2000,건축물,02-901-5863,서울특별시 강북구청,2025-08-12
11-24-21,1,서울특별시 강북구 노해로7길 34,,37.63793327,127.0208255,2000,한전주,02-901-5863,서울특별시 강북구청,2025-08-12
11-24-20,1,서울특별시 강북구 노해로7길 38,,37.63782375,127.020657,2000,한전주,02-901-5863,서울특별시 강북구청,2025-08-12
11-24-19,1,서울특별시 강북구 노해로7길 42,,37.63795589,127.0202927,2000,,02-901-5863,서울특별시 강북구청,2025-08-12
11-24-18,1,서울특별시 강북구 노해로7길 42,,37.63775787,127.020318,2000,한전주,02-901-5863,서울특별시 강북구청,2025-08-12
11-24-17,1,서울특별시 강북구 노해로7길 46,,37.63774947,127.0201893,2000,한전주,02-901-5863,서울특별시 강북구청,2025-08-12
11-24-16,1,서울특별시 강북구 삼각산로28길 69,,37.63795476,127.0201568,2000,한전주,02-901-5863,서울특별시 강북구청,2025-08-12
11-24-15,2,서울특별시 강북구 삼각산로28길 67,,37.63812594,127.0201545,2000,한전주,02-901-5863,서울특별시 강북구청,2025-08-12
11-24-14,1,서울특별시 강북구 노해로9길 49,,37.63807121,127.019158,2000,건축물,02-901-5863,서울특별시 강북구청,2025-08-12
11-24-13,1,서울특별시 강북구 노해로9길 49,,37.63807121,127.019158,2000,한전주,02-901-5863,서울특별시 강북구청,2025-08-12
11-24-12,1,서울특별시 강북구 노해로9길 49,,37.63807121,127.0191275,2000,건축물,02-901-5863,서울특별시 강북구청,2025-08-12
11-24-11,1,서울특별시 강북구 노해로9길 49,,37.63808163,127.019158,2000,건축물,02-901-5863,서울특별시 강북구청,2025-08-12
11-24-10,1,서울특별시 강북구 노해로9길 45,,37.63805582,127.0193056,2000,한전주,02-901-5863,서울특별시 강북구청,2025-08-12
11-24-09,1,서울특별시 강북구 노해로9길 43,,37.63808872,127.0194906,2000,한전주,02-901-5863,서울특별시 강북구청,2025-08-12
11-24-08,1,서울특별시 강북구 노해로7길 56,,37.63770624,127.0195255,2000,한전주,02-901-5863,서울특별시 강북구청,2025-08-12
11-24-07,1,서울특별시 강북구 노해로9길 37,,37.63811516,127.0197932,2000,한전주,02-901-5863,서울특별시 강북구청,2025-08-12
11-24-05,1,서울특별시 강북구 노해로7길 55,,37.63754511,127.0196523,2000,건축물,02-901-5863,서울특별시 강북구청,2025-08-12
11-24-04,1,서울특별시 강북구 노해로7길 52,,37.63772699,127.0198538,2000,한전주,02-901-5863,서울특별시 강북구청,2025-08-12
11-24-02,1,서울특별시 강북구 삼각산로28길 84,,37.63723011,127.0198721,2000,전용주,02-901-5863,서울특별시 강북구청,2025-08-12
11-24-01,1,서울특별시 강북구 삼각산로28길 72,,37.63782713,127.0199771,2000,,02-901-5863,서울특별시 강북구청,2025-08-12
11-23-35,1,서울특별시 강북구 노해로11길 31,,37.63883477,127.0208817,2000,건축물,02-901-5863,서울특별시 강북구청,2025-08-12
11-23-32,1,서울특별시 강북구 노해로9길 28,,37.63834357,127.0203216,2000,전용주,02-901-5863,서울특별시 강북구청,2025-08-12
11-23-31,1,서울특별시 강북구 노해로9길 26,,37.63836038,127.020510,2000,한전주,02-901-5863,서울특별시 강북구청,2025-08-12
11-23-30,1,서울특별시 강북구 노해로9길 20,,37.63841934,127.0208013,2000,건축물,02-901-5863,서울특별시 강북구청,2025-08-12
11-23-29,1,서울특별시 강북구 노해로9길 20,,37.63841934,127.0208013,2000,한전주,02-901-5863,서울특별시 강북구청,2025-08-12
11-23-28,1,서울특별시 강북구 노해로9길 24,,37.63836422,127.0206386,2000,,02-901-5863,서울특별시 강북구청,2025-08-12
11-23-27,1,서울특별시 강북구 노해로9길 16,,37.63841722,127.0210771,2000,한전주,02-901-5863,서울특별시 강북구청,2025-08-12
11-23-26,1,서울특별시 강북구 노해로9길 18,,37.6383936,127.0209215,2000,,02-901-5863,서울특별시 강북구청,2025-08-12
11-23-25,1,서울특별시 강북구 노해로9길 10,,37.63847834,127.0213623,2000,건축물,02-901-5863,서울특별시 강북구청,2025-08-12
11-23-24,1,서울특별시 강북구 노해로9길 4,,37.6384581,127.0216437,2000,건축물,02-901-5863,서울특별시 강북구청,2025-08-12
11-23-23,1,서울특별시 강북구 노해로9길 4,,37.63845404,127.0216912,2000,건축물,02-901-5863,서울특별시 강북구청,2025-08-12
11-23-22,1,서울특별시 강북구 노해로11길 19,,37.63867777,127.0214895,2000,건축물,02-901-5863,서울특별시 강북구청,2025-08-12
11-23-21,1,서울특별시 강북구 노해로11길 17,,37.63888611,127.0216402,2000,건축물,02-901-5863,서울특별시 강북구청,2025-08-12
11-23-20,1,서울특별시 강북구 노해로11길 17,,37.63888611,127.0216402,2000,한전주,02-901-5863,서울특별시 강북구청,2025-08-12
11-23-19,1,서울특별시 강북구 노해로11길 23,,37.63885019,127.0213401,2000,한전주,02-901-5863,서울특별시 강북구청,2025-08-12
11-23-18,2,서울특별시 강북구 노해로11길 23,,37.63884754,127.0213348,2000,한전주,02-901-5863,서울특별시 강북구청,2025-08-12
11-23-16,2,서울특별시 강북구 노해로11길 27,,37.63883618,127.0210516,2000,한전주,02-901-5863,서울특별시 강북구청,2025-08-12
11-23-15,1,서울특별시 강북구 노해로11길 33,,37.63882473,127.0207572,2000,한전주,02-901-5863,서울특별시 강북구청,2025-08-12
11-23-14,1,서울특별시 강북구 노해로11길 41,,37.63878484,127.0202932,2000,한전주,02-901-5863,서울특별시 강북구청,2025-08-12
11-23-13,1,서울특별시 강북구 삼양로98길 46,,37.63856448,127.0197975,2000,한전주,02-901-5863,서울특별시 강북구청,2025-08-12
11-23-12,1,서울특별시 강북구 삼양로98길 46,,37.63874458,127.0197838,2000,한전주,02-901-5863,서울특별시 강북구청,2025-08-12
11-23-11,1,서울특별시 강북구 삼양로98길 42,,37.63872329,127.0194907,2000,건축물,02-901-5863,서울특별시 강북구청,2025-08-12
11-23-10,1,서울특별시 강북구 삼양로98길 42,,37.63872402,127.0194782,2000,한전주,02-901-5863,서울특별시 강북구청,2025-08-12
11-23-09,1,서울특별시 강북구 삼양로98길 38,,37.63860615,127.0192427,2000,전용주,02-901-5863,서울특별시 강북구청,2025-08-12
11-23-08,1,서울특별시 강북구 삼양로98길 32,,37.63868375,127.0189688,2000,한전주,02-901-5863,서울특별시 강북구청,2025-08-12
11-23-07,1,서울특별시 강북구 노해로9가길 6,,37.6384145,127.019097,2000,,02-901-5863,서울특별시 강북구청,2025-08-12
11-23-06,1,서울특별시 강북구 노해로9길 42,,37.6382835,127.0195972,2000,,02-901-5863,서울특별시 강북구청,2025-08-12
11-23-05,1,서울특별시 강북구 노해로9길 46,,37.63828172,127.019382,2000,한전주,02-901-5863,서울특별시 강북구청,2025-08-12
11-23-03,1,서울특별시 강북구 노해로9길 42,,37.63845609,127.0197649,2000,건축물,02-901-5863,서울특별시 강북구청,2025-08-12
11-23-02,1,서울특별시 강북구 삼각산로28길 58,,37.63845741,127.0199236,2000,한전주,02-901-5863,서울특별시 강북구청,2025-08-12
11-23-01,2,서울특별시 강북구 삼양로98길 50,,37.6387549,127.0199423,2000,한전주,02-901-5863,서울특별시 강북구청,2025-08-12
11-22-30,1,서울특별시 강북구 노해로13길 33,,37.63924676,127.0205817,2000,한전주,02-901-5863,서울특별시 강북구청,2025-08-12
11-22-29,1,서울특별시 강북구 노해로13길 33,,37.63923053,127.0207972,2000,건축물,02-901-5863,서울특별시 강북구청,2025-08-12
11-22-27,1,서울특별시 강북구 노해로13길 23,,37.63944656,127.0212828,2000,건축물,02-901-5863,서울특별시 강북구청,2025-08-12
11-22-26,1,서울특별시 강북구 노해로13길 23,,37.63944169,127.0212703,2000,한전주,02-901-5863,서울특별시 강북구청,2025-08-12
11-22-24,1,서울특별시 강북구 노해로13길 15,,37.63945407,127.0216781,2000,한전주,02-901-5863,서울특별시 강북구청,2025-08-12
11-22-23,1,서울특별시 강북구 삼각산로34길 62,,37.63905804,127.0217286,2000,한전주,02-901-5863,서울특별시 강북구청,2025-08-12
11-22-22,1,서울특별시 강북구 노해로13길 21,,37.63944329,127.0214414,2000,한전주,02-901-5863,서울특별시 강북구청,2025-08-12
11-22-21,1,서울특별시 강북구 노해로11길 18,,37.6390297,127.0215703,2000,한전주,02-901-5863,서울특별시 강북구청,2025-08-12
11-22-20,1,서울특별시 강북구 노해로11길 22,,37.63917019,127.0211266,2000,건축물,02-901-5863,서울특별시 강북구청,2025-08-12
11-22-19,1,서울특별시 강북구 노해로11길 28,,37.63897854,127.0210605,2000,건축물,02-901-5863,서울특별시 강북구청,2025-08-12
11-22-18,1,서울특별시 강북구 노해로11길 32,,37.63896935,127.020812,2000,전용주,02-901-5863,서울특별시 강북구청,2025-08-12
11-22-17,1,서울특별시 강북구 노해로13길 37,,37.63935356,127.0204217,2000,건축물,02-901-5863,서울특별시 강북구청,2025-08-12
11-22-16,1,서울특별시 강북구 노해로13길 37,,37.6393549,127.0204226,2000,건축물,02-901-5863,서울특별시 강북구청,2025-08-12
11-22-15,1,서울특별시 강북구 노해로13길 37,,37.6393549,127.0204226,2000,,02-901-5863,서울특별시 강북구청,2025-08-12
11-22-14,1,서울특별시 강북구 노해로13길 49,,37.63945556,127.0196838,2000,한전주,02-901-5863,서울특별시 강북구청,2025-08-12
11-22-13,1,서울특별시 강북구 노해로13길 57,,37.63942041,127.0193258,2000,건축물,02-901-5863,서울특별시 강북구청,2025-08-12
11-22-11,2,서울특별시 강북구 노해로13길 57,,37.63941652,127.0193218,2000,한전주,02-901-5863,서울특별시 강북구청,2025-08-12
11-22-10,1,서울특별시 강북구 노해로13길 61,,37.63936105,127.0191525,2000,건축물,02-901-5863,서울특별시 강북구청,2025-08-12
11-22-09,2,서울특별시 강북구 노해로13길 67,,37.63934059,127.0188582,2000,한전주,02-901-5863,서울특별시 강북구청,2025-08-12
11-22-08,1,서울특별시 강북구 노해로9가길 20,,37.63908832,127.0188615,2000,한전주,02-901-5863,서울특별시 강북구청,2025-08-12
11-22-07,2,서울특별시 강북구 삼양로98길 29,,37.63888139,127.0188982,2000,한전주,02-901-5863,서울특별시 강북구청,2025-08-12
11-22-06,1,서울특별시 강북구 삼양로98길 33,,37.63911629,127.0189745,2000,한전주,02-901-5863,서울특별시 강북구청,2025-08-12
11-22-05,1,서울특별시 강북구 삼양로98길 37,,37.63889063,127.0192944,2000,전용주,02-901-5863,서울특별시 강북구청,2025-08-12
11-22-04,1,서울특별시 강북구 삼양로98길 37,,37.63889063,127.0192863,2000,건축물,02-901-5863,서울특별시 강북구청,2025-08-12
11-22-03,1,서울특별시 강북구 삼양로98길 37,,37.63889063,127.0192944,2000,,02-901-5863,서울특별시 강북구청,2025-08-12
11-22-02,1,서울특별시 강북구 삼양로98길 43,,37.6388849,127.0196079,2000,한전주,02-901-5863,서울특별시 강북구청,2025-08-12
11-22-01,1,서울특별시 강북구 삼각산로28길 42,,37.63910599,127.0199037,2000,한전주,02-901-5863,서울특별시 강북구청,2025-08-12
11-21-32,1,서울특별시 강북구 노해로13길 36,,37.63952733,127.0205219,2000,건축물,02-901-5863,서울특별시 강북구청,2025-08-12
11-21-31,1,서울특별시 강북구 노해로13길 56,,37.63964987,127.0194213,2000,건축물,02-901-5863,서울특별시 강북구청,2025-08-12
11-21-30,1,서울특별시 강북구 노해로13길 28,,37.63957457,127.0209966,2000,한전주,02-901-5863,서울특별시 강북구청,2025-08-12
11-21-29,1,서울특별시 강북구 삼각산로34길 50,,37.63976706,127.0213907,2000,건축물,02-901-5863,서울특별시 강북구청,2025-08-12
11-21-28,1,서울특별시 강북구 삼각산로34길 50,,37.63976818,127.0215267,2000,한전주,02-901-5863,서울특별시 강북구청,2025-08-12
11-21-27,1,서울특별시 강북구 노해로13길 30,,37.63955475,127.0208371,2000,한전주,02-901-5863,서울특별시 강북구청,2025-08-12
11-21-26,1,서울특별시 강북구 노해로13길 34,,37.63958077,127.0206566,2000,한전주,02-901-5863,서울특별시 강북구청,2025-08-12
11-21-25,1,서울특별시 강북구 삼각산로28길 33,,37.63952248,127.0201475,2000,한전주,02-901-5863,서울특별시 강북구청,2025-08-12
11-21-24,1,서울특별시 강북구 삼각산로28길 33,,37.63952248,127.0201475,2000,한전주,02-901-5863,서울특별시 강북구청,2025-08-12
11-21-23,1,서울특별시 강북구 노해로13길 48,,37.6395741,127.0198522,2000,한전주,02-901-5863,서울특별시 강북구청,2025-08-12
11-21-22,1,서울특별시 강북구 노해로13길 58,,37.63959642,127.0192854,2000,한전주,02-901-5863,서울특별시 강북구청,2025-08-12
11-21-21,1,서울특별시 강북구 노해로13길 62,,37.63958937,127.0191539,2000,건축물,02-901-5863,서울특별시 강북구청,2025-08-12
11-21-20,1,서울특별시 강북구 노해로9가길 36,,37.63970077,127.0188308,2000,한전주,02-901-5863,서울특별시 강북구청,2025-08-12
11-21-19,1,서울특별시 강북구 삼양로102길 30,,37.64003346,127.0187471,2000,한전주,02-901-5863,서울특별시 강북구청,2025-08-12
11-21-18,1,서울특별시 강북구 삼양로102길 46,,37.63994365,127.0196068,2000,건축물,02-901-5863,서울특별시 강북구청,2025-08-12
11-21-17,1,서울특별시 강북구 삼양로102길 34,,37.64001331,127.0189549,2000,건축물,02-901-5863,서울특별시 강북구청,2025-08-12
11-21-16,1,서울특별시 강북구 삼양로102길 34,,37.64001714,127.0189513,2000,한전주,02-901-5863,서울특별시 강북구청,2025-08-12
11-21-15,1,서울특별시 강북구 삼양로102길 42,,37.63992836,127.0194401,2000,한전주,02-901-5863,서울특별시 강북구청,2025-08-12
11-21-14,1,서울특별시 강북구 삼양로102길 46,,37.63995042,127.0196068,2000,한전주,02-901-5863,서울특별시 강북구청,2025-08-12
11-21-13,1,서울특별시 강북구 삼양로102길 46,,37.63994365,127.0196068,2000,한전주,02-901-5863,서울특별시 강북구청,2025-08-12
11-21-12,1,서울특별시 강북구 삼각산로28길 32,,37.63970952,127.0198845,2000,건축물,02-901-5863,서울특별시 강북구청,2025-08-12
11-21-11,1,서울특별시 강북구 노해로15길 43,,37.63990923,127.0200631,2000,한전주,02-901-5863,서울특별시 강북구청,2025-08-12
11-21-10,1,서울특별시 강북구 노해로15길 41,,37.63993757,127.0202214,2000,건축물,02-901-5863,서울특별시 강북구청,2025-08-12
11-21-09,1,서울특별시 강북구 노해로15길 37,,37.63989775,127.0203947,2000,한전주,02-901-5863,서울특별시 강북구청,2025-08-12
11-21-08,2,서울특별시 강북구 노해로15길 37,,37.63989775,127.0203918,2000,한전주,02-901-5863,서울특별시 강북구청,2025-08-12
11-21-07,1,서울특별시 강북구 노해로15길 33,,37.63979596,127.0205292,2000,건축물,02-901-5863,서울특별시 강북구청,2025-08-12
11-21-06,1,서울특별시 강북구 노해로15길 35,,37.63995813,127.0205271,2000,,02-901-5863,서울특별시 강북구청,2025-08-12
11-21-05,1,서울특별시 강북구 노해로15길 29,,37.63995156,127.0208217,2000,건축물,02-901-5863,서울특별시 강북구청,2025-08-12
11-21-04,1,서울특별시 강북구 노해로15길 27,,37.63997972,127.0209913,2000,한전주,02-901-5863,서울특별시 강북구청,2025-08-12
11-21-03,1,서울특별시 강북구 노해로15길 23,,37.6399632,127.0211389,2000,한전주,02-901-5863,서울특별시 강북구청,2025-08-12
11-21-02,1,서울특별시 강북구 노해로15길 17,,37.64000585,127.0214905,2000,건축물,02-901-5863,서울특별시 강북구청,2025-08-12
11-21-01,1,서울특별시 강북구 노해로15길 17,,37.64000214,127.0214896,2000,건축물,02-901-5863,서울특별시 강북구청,2025-08-12
11-20-30,1,서울특별시 강북구 노해로17길 47,,37.64042942,127.019773,2000,건축물,02-901-5863,서울특별시 강북구청,2025-08-12
11-20-29,1,서울특별시 강북구 삼양로102길 47,,37.64006923,127.0198004,2000,전용주,02-901-5863,서울특별시 강북구청,2025-08-12
11-20-28,1,서울특별시 강북구 삼양로102길 47,,37.64006923,127.0198004,2000,건축물,02-901-5863,서울특별시 강북구청,2025-08-12
11-20-27,1,서울특별시 강북구 노해로17길 59,,37.64030449,127.019081,2000,건축물,02-901-5863,서울특별시 강북구청,2025-08-12
11-20-26,1,서울특별시 강북구 노해로17길 55,,37.64029849,127.0191969,2000,건축물,02-901-5863,서울특별시 강북구청,2025-08-12
11-20-25,1,서울특별시 강북구 삼각산로28길 16,,37.64029266,127.0197742,2000,건축물,02-901-5863,서울특별시 강북구청,2025-08-12
11-20-24,1,서울특별시 강북구 노해로17길 49,,37.64041872,127.0195692,2000,건축물,02-901-5863,서울특별시 강북구청,2025-08-12
11-20-23,1,서울특별시 강북구 삼각산로28길 17,,37.64028715,127.0199995,2000,한전주,02-901-5863,서울특별시 강북구청,2025-08-12
11-20-22,1,서울특별시 강북구 노해로15길 40,,37.6400722,127.0202498,2000,건축물,02-901-5863,서울특별시 강북구청,2025-08-12
11-20-21,1,서울특별시 강북구 노해로15길 40,,37.64007299,127.0202536,2000,건축물,02-901-5863,서울특별시 강북구청,2025-08-12
11-20-20,1,서울특별시 강북구 노해로17길 27,,37.64051952,127.0208596,2000,건축물,02-901-5863,서울특별시 강북구청,2025-08-12
11-20-19,1,서울특별시 강북구 노해로17길 27,,37.64052178,127.0208961,2000,한전주,02-901-5863,서울특별시 강북구청,2025-08-12
11-20-18,1,서울특별시 강북구 노해로17길 27,,37.64052178,127.0208587,2000,건축물,02-901-5863,서울특별시 강북구청,2025-08-12
11-20-17,1,서울특별시 강북구 노해로17길 21,,37.64033296,127.0211793,2000,건축물,02-901-5863,서울특별시 강북구청,2025-08-12
11-20-16,1,서울특별시 강북구 노해로17길 21,,37.64033296,127.0211793,2000,건축물,02-901-5863,서울특별시 강북구청,2025-08-12
11-20-15,1,서울특별시 강북구 삼각산로30길 16,,37.64080839,127.0209238,2000,한전주,02-901-5863,서울특별시 강북구청,2025-08-12
11-20-14,1,서울특별시 강북구 삼각산로30길 4,,37.6411957,127.0209074,2000,,02-901-5863,서울특별시 강북구청,2025-08-12
11-20-13,1,서울특별시 강북구 삼각산로30길 10,,37.64107857,127.0209089,2000,건축물,02-901-5863,서울특별시 강북구청,2025-08-12
11-20-12,1,서울특별시 강북구 삼각산로 144,,37.64100022,127.0202338,2000,건축물,02-901-5863,서울특별시 강북구청,2025-08-12
11-20-11,1,서울특별시 강북구 삼각산로28길 7,,37.64073734,127.0199616,2000,한전주,02-901-5863,서울특별시 강북구청,2025-08-12
11-20-10,1,서울특별시 강북구 노해로17길 33,,37.64047029,127.0205717,2000,,02-901-5863,서울특별시 강북구청,2025-08-12
11-20-09,1,서울특별시 강북구 삼각산로 142,,37.64098144,127.0199303,2000,건축물,02-901-5863,서울특별시 강북구청,2025-08-12
11-20-08,1,서울특별시 강북구 삼각산로 142,,37.64093864,127.0199303,2000,건축물,02-901-5863,서울특별시 강북구청,2025-08-12
11-20-07,1,서울특별시 강북구 노해로17길 42,,37.64059441,127.0201108,2000,건축물,02-901-5863,서울특별시 강북구청,2025-08-12
11-20-06,1,서울특별시 강북구 노해로17길 37,,37.64046068,127.0202825,2000,한전주,02-901-5863,서울특별시 강북구청,2025-08-12
11-20-05,1,서울특별시 강북구 노해로17길 36,,37.6406434,127.0204167,2000,한전주,02-901-5863,서울특별시 강북구청,2025-08-12
11-20-04,1,서울특별시 강북구 노해로17길 32,,37.64069535,127.0206203,2000,한전주,02-901-5863,서울특별시 강북구청,2025-08-12
11-20-03,1,서울특별시 강북구 노해로17길 28,,37.64065684,127.0208196,2000,건축물,02-901-5863,서울특별시 강북구청,2025-08-12
11-20-02,1,서울특별시 강북구 노해로17길 21,,37.64033296,127.0211793,2000,한전주,02-901-5863,서울특별시 강북구청,2025-08-12
11-20-01,2,서울특별시 강북구 노해로17길 21,,37.64033296,127.0211793,2000,한전주,02-901-5863,서울특별시 강북구청,2025-08-12
11-19-18,1,서울특별시 강북구 삼각산로34길 10,,37.64148878,127.0214815,2000,건축물,02-901-5863,서울특별시 강북구청,2025-08-12
11-19-17,1,서울특별시 강북구 삼각산로36길 3,,37.64203338,127.0219616,2000,,02-901-5863,서울특별시 강북구청,2025-08-12
11-19-16,1,서울특별시 강북구 삼각산로 160,,37.64196853,127.0217471,2000,한전주,02-901-5863,서울특별시 강북구청,2025-08-12
11-19-15,1,서울특별시 강북구 삼각산로36길 10,,37.64173476,127.0218068,2000,한전주,02-901-5863,서울특별시 강북구청,2025-08-12
11-19-14,1,서울특별시 강북구 삼각산로36길 19,,37.64131347,127.022073,2000,한전주,02-901-5863,서울특별시 강북구청,2025-08-12
11-19-13,2,서울특별시 강북구 삼각산로36길 19,,37.64131347,127.022073,2000,한전주,02-901-5863,서울특별시 강북구청,2025-08-12
11-19-12,1,서울특별시 강북구 삼각산로36길 24,,37.64109556,127.0218719,2000,한전주,02-901-5863,서울특별시 강북구청,2025-08-12
11-19-11,1,서울특별시 강북구 노해로17길 8,,37.64076268,127.0219329,2000,전용주,02-901-5863,서울특별시 강북구청,2025-08-12
11-19-09,1,서울특별시 강북구 삼각산로 154,,37.64151328,127.0211752,2000,건축물,02-901-5863,서울특별시 강북구청,2025-08-12
11-19-08,1,서울특별시 강북구 삼각산로34길 8,,37.64125229,127.0212126,2000,한전주,02-901-5863,서울특별시 강북구청,2025-08-12
11-19-07,1,서울특별시 강북구 삼각산로34길 8,,37.64109171,127.0214073,2000,,02-901-5863,서울특별시 강북구청,2025-08-12
11-19-06,1,서울특별시 강북구 삼각산로34길 22,,37.640912,127.0214663,2000,건축물,02-901-5863,서울특별시 강북구청,2025-08-12
11-19-05,1,서울특별시 강북구 삼각산로30길 11,,37.64099017,127.0211141,2000,건축물,02-901-5863,서울특별시 강북구청,2025-08-12
11-19-04,1,서울특별시 강북구 삼각산로30길 5,,37.64110062,127.0211013,2000,한전주,02-901-5863,서울특별시 강북구청,2025-08-12
11-19-03,1,서울특별시 강북구 삼각산로 156,,37.64168594,127.0213707,2000,한전주,02-901-5863,서울특별시 강북구청,2025-08-12
11-19-02,1,서울특별시 강북구 노해로 63,,37.64126374,127.022240,2000,한전주,02-901-5863,서울특별시 강북구청,2025-08-12
11-19-01,1,서울특별시 강북구 삼각산로34길 20,,37.64102058,127.0215216,2000,한전주,02-901-5863,서울특별시 강북구청,2025-08-12
11-18-25,1,서울특별시 강북구 노해로11길 5,,37.6389319,127.0223422,2000,전용주,02-901-5863,서울특별시 강북구청,2025-08-12
11-18-24,1,서울특별시 강북구 노해로15길 11,,37.64003208,127.0218405,2000,한전주,02-901-5863,서울특별시 강북구청,2025-08-12
11-18-23,1,서울특별시 강북구 노해로17길 5,,37.64059282,127.0220937,2000,한전주,02-901-5863,서울특별시 강북구청,2025-08-12
11-18-22,1,서울특별시 강북구 노해로 55,,37.64058134,127.0223202,2000,건축물,02-901-5863,서울특별시 강북구청,2025-08-12
11-18-21,1,서울특별시 강북구 노해로 55,,37.64058134,127.0223202,2000,,02-901-5863,서울특별시 강북구청,2025-08-12
11-18-20,1,서울특별시 강북구 노해로 45,,37.6397037,127.0224453,2000,전용주,02-901-5863,서울특별시 강북구청,2025-08-12
11-18-19,2,서울특별시 강북구 노해로 51,,37.6402621,127.0224153,2000,한전주,02-901-5863,서울특별시 강북구청,2025-08-12
11-18-18,1,서울특별시 강북구 노해로15길 5,,37.64008637,127.0221396,2000,건축물,02-901-5863,서울특별시 강북구청,2025-08-12
11-18-17,1,서울특별시 강북구 노해로15길 9,,37.64005113,127.0219648,2000,한전주,02-901-5863,서울특별시 강북구청,2025-08-12
11-18-16,1,서울특별시 강북구 노해로15길 11,,37.64003208,127.0218405,2000,한전주,02-901-5863,서울특별시 강북구청,2025-08-12
11-18-15,2,서울특별시 강북구 삼각산로34길 45,,37.639901,127.0218649,2000,한전주,02-901-5863,서울특별시 강북구청,2025-08-12
11-18-14,1,서울특별시 강북구 노해로13길 7,,37.63947631,127.0221877,2000,한전주,02-901-5863,서울특별시 강북구청,2025-08-12
11-18-13,1,서울특별시 강북구 노해로13길 12,,37.6396901,127.0218903,2000,한전주,02-901-5863,서울특별시 강북구청,2025-08-12
11-18-12,1,서울특별시 강북구 삼각산로34길 55,,37.63946505,127.0219159,2000,건축물,02-901-5863,서울특별시 강북구청,2025-08-12
11-18-11,1,서울특별시 강북구 삼각산로34길 59,,37.63920397,127.0219419,2000,건축물,02-901-5863,서울특별시 강북구청,2025-08-12
11-18-10,1,서울특별시 강북구 노해로11길 4,,37.63908885,127.0223462,2000,한전주,02-901-5863,서울특별시 강북구청,2025-08-12
11-18-09,1,서울특별시 강북구 노해로11길 4,,37.63908885,127.0223462,2000,한전주,02-901-5863,서울특별시 강북구청,2025-08-12
11-18-08,2,서울특별시 강북구 삼각산로34길 8,,37.64134229,127.0212001,2000,한전주,02-901-5863,서울특별시 강북구청,2025-08-12
11-18-07,1,서울특별시 강북구 노해로7길 6,,37.63793396,127.0223863,2000,건축물,02-901-5863,서울특별시 강북구청,2025-08-12
11-18-06,1,서울특별시 강북구 노해로 25,,37.63790183,127.0224689,2000,,02-901-5863,서울특별시 강북구청,2025-08-12
11-18-05,1,서울특별시 강북구 노해로11길 5,,37.6389319,127.0223422,2000,한전주,02-901-5863,서울특별시 강북구청,2025-08-12
11-18-03,1,서울특별시 강북구 수유로23길 56,,37.63877199,127.0220043,2000,한전주,02-901-5863,서울특별시 강북구청,2025-08-12
11-18-02,1,서울특별시 강북구 수유로23길 52,,37.63859208,127.0220406,2000,,02-901-5863,서울특별시 강북구청,2025-08-12
11-18-01,1,서울특별시 강북구 수유로23길 48,,37.63836844,127.0222361,2000,한전주,02-901-5863,서울특별시 강북구청,2025-08-12
11-17-18,1,서울특별시 강북구 수유로23길 3,,37.6365127,127.0222831,2000,,02-901-5863,서울특별시 강북구청,2025-08-12
11-17-16,1,서울특별시 강북구 수유로23길 17,,37.63705176,127.0222077,2000,건축물,02-901-5863,서울특별시 강북구청,2025-08-12
11-17-15,1,서울특별시 강북구 수유로23길 17,,37.63709905,127.0222077,2000,전용주,02-901-5863,서울특별시 강북구청,2025-08-12
11-17-14,1,서울특별시 강북구 수유로23길 17,,37.63709905,127.0222077,2000,한전주,02-901-5863,서울특별시 강북구청,2025-08-12
11-17-13,2,서울특별시 강북구 수유로21길 7,,37.63668839,127.0216799,2000,,02-901-5863,서울특별시 강북구청,2025-08-12
11-17-11,1,서울특별시 강북구 노해로17길 8,,37.64076268,127.0219329,2000,건축물,02-901-5863,서울특별시 강북구청,2025-08-12
11-17-10,2,서울특별시 강북구 삼각산로 158,,37.64185967,127.0216579,2000,한전주,02-901-5863,서울특별시 강북구청,2025-08-12
11-17-09,1,서울특별시 강북구 수유로23가길 12,,37.63710188,127.0216182,2000,건축물,02-901-5863,서울특별시 강북구청,2025-08-12
11-17-08,1,서울특별시 강북구 수유로21길 3,,37.63649847,127.0216372,2000,한전주,02-901-5863,서울특별시 강북구청,2025-08-12
11-17-07,1,서울특별시 강북구 수유로23가길 21,,37.6368103,127.0212255,2000,건축물,02-901-5863,서울특별시 강북구청,2025-08-12
11-17-06,1,서울특별시 강북구 수유로23길 8,,37.63664052,127.0224854,2000,한전주,02-901-5863,서울특별시 강북구청,2025-08-12
11-17-05,1,서울특별시 강북구 수유로23길 16,,37.63706424,127.0225138,2000,한전주,02-901-5863,서울특별시 강북구청,2025-08-12
11-17-04,1,서울특별시 강북구 수유로23길 22,,37.63730721,127.0223752,2000,한전주,02-901-5863,서울특별시 강북구청,2025-08-12
11-17-03,1,서울특별시 강북구 수유로23길 32,,37.63774614,127.022165,2000,건축물,02-901-5863,서울특별시 강북구청,2025-08-12
11-17-02,1,서울특별시 강북구 노해로7길 7,,37.63762226,127.0224385,2000,건축물,02-901-5863,서울특별시 강북구청,2025-08-12
11-17-01,2,서울특별시 강북구 노해로7길 7,,37.63774708,127.0222783,2000,한전주,02-901-5863,서울특별시 강북구청,2025-08-12
11-16-31,1,서울특별시 강북구 도봉로85길 7,,37.63751289,127.0244681,2000,한전주,02-901-5863,서울특별시 강북구청,2025-08-12
11-16-30,1,서울특별시 강북구 도봉로 325,,37.63732266,127.0243459,2000,한전주,02-901-5863,서울특별시 강북구청,2025-08-12
11-16-29,1,서울특별시 강북구 도봉로 323,,37.63712324,127.0242013,2000,한전주,02-901-5863,서울특별시 강북구청,2025-08-12
11-16-28,1,서울특별시 강북구 도봉로 333,,37.63786912,127.0250526,2000,,02-901-5863,서울특별시 강북구청,2025-08-12
11-16-27,1,서울특별시 강북구 노해로8길 34,,37.63836071,127.0245703,2000,,02-901-5863,서울특별시 강북구청,2025-08-12
11-16-26,1,서울특별시 강북구 노해로8가길 3,,37.63818129,127.0235756,2000,한전주,02-901-5863,서울특별시 강북구청,2025-08-12
11-16-25,1,서울특별시 강북구 도봉로83길 21,,37.63768456,127.0234348,2000,한전주,02-901-5863,서울특별시 강북구청,2025-08-12
11-16-24,1,서울특별시 강북구 도봉로83길 15,,37.63747086,127.0237435,2000,한전주,02-901-5863,서울특별시 강북구청,2025-08-12
11-16-22,1,서울특별시 강북구 노해로8길 2,,37.63764609,127.0231407,2000,한전주,02-901-5863,서울특별시 강북구청,2025-08-12
11-16-21,1,서울특별시 강북구 도봉로83길 21,,37.63768456,127.0234348,2000,한전주,02-901-5863,서울특별시 강북구청,2025-08-12
11-16-20,1,서울특별시 강북구 노해로8길 16,,37.63780237,127.0240454,2000,한전주,02-901-5863,서울특별시 강북구청,2025-08-12
11-16-19,1,서울특별시 강북구 도봉로87길 3,,37.63809513,127.0251703,2000,건축물,02-901-5863,서울특별시 강북구청,2025-08-12
11-16-18,1,서울특별시 강북구 도봉로87길 7,,37.63818445,127.0250485,2000,건축물,02-901-5863,서울특별시 강북구청,2025-08-12
11-16-17,1,서울특별시 강북구 노해로8길 22,,37.63800514,127.0242249,2000,한전주,02-901-5863,서울특별시 강북구청,2025-08-12
11-16-16,1,서울특별시 강북구 도봉로85길 14,,37.63809972,127.0246077,2000,건축물,02-901-5863,서울특별시 강북구청,2025-08-12
11-16-15,1,서울특별시 강북구 도봉로87길 27,,37.63883343,127.0241772,2000,건축물,02-901-5863,서울특별시 강북구청,2025-08-12
11-16-14,1,서울특별시 강북구 노해로8길 33,,37.63858557,127.0245221,2000,한전주,02-901-5863,서울특별시 강북구청,2025-08-12
11-16-13,1,서울특별시 강북구 노해로8길 23,,37.63835612,127.0240152,2000,한전주,02-901-5863,서울특별시 강북구청,2025-08-12
11-16-12,2,서울특별시 강북구 노해로8길 23,,37.63835612,127.0240152,2000,한전주,02-901-5863,서울특별시 강북구청,2025-08-12
11-16-11,1,서울특별시 강북구 노해로8길 9,,37.63801781,127.0234191,2000,,02-901-5863,서울특별시 강북구청,2025-08-12
11-16-10,1,서울특별시 강북구 노해로8길 9,,37.63822484,127.0233937,2000,건축물,02-901-5863,서울특별시 강북구청,2025-08-12
11-16-09,1,서울특별시 강북구 노해로8가길 7,,37.63840634,127.0235463,2000,전용주,02-901-5863,서울특별시 강북구청,2025-08-12
11-16-08,1,서울특별시 강북구 노해로8가길 13,,37.63879206,127.023341,2000,전용주,02-901-5863,서울특별시 강북구청,2025-08-12
11-16-07,1,서울특별시 강북구 노해로8가길 14,,37.63871476,127.0237161,2000,건축물,02-901-5863,서울특별시 강북구청,2025-08-12
11-16-06,1,서울특별시 강북구 노해로8가길 18,,37.63883109,127.0237031,2000,,02-901-5863,서울특별시 강북구청,2025-08-12
11-16-05,1,서울특별시 강북구 노해로8가길 17,,37.63881139,127.0234994,2000,한전주,02-901-5863,서울특별시 강북구청,2025-08-12
11-16-04,1,서울특별시 강북구 노해로 28,,37.63802392,127.0230678,2000,건축물,02-901-5863,서울특별시 강북구청,2025-08-12
11-16-03,1,서울특별시 강북구 노해로 28,,37.63802321,127.0230645,2000,전용주,02-901-5863,서울특별시 강북구청,2025-08-12
11-16-02,1,서울특별시 강북구 노해로 28,,37.63802321,127.0230645,2000,전용주,02-901-5863,서울특별시 강북구청,2025-08-12
11-16-01,1,서울특별시 강북구 노해로 32,,37.63834798,127.0230295,2000,전용주,02-901-5863,서울특별시 강북구청,2025-08-12
11-15-25,1,서울특별시 강북구 노해로 50,,37.63984297,127.022942,2000,건축물,02-901-5863,서울특별시 강북구청,2025-08-12
11-15-24,1,서울특별시 강북구 노해로 42,,37.6391942,127.0229392,2000,한전주,02-901-5863,서울특별시 강북구청,2025-08-12
11-15-23,1,서울특별시 강북구 노해로8가길 49,,37.64026959,127.0233217,2000,건축물,02-901-5863,서울특별시 강북구청,2025-08-12
11-15-22,1,서울특별시 강북구 한천로143길 37,,37.64053058,127.0232843,2000,한전주,02-901-5863,서울특별시 강북구청,2025-08-12
11-15-21,1,서울특별시 강북구 한천로143길 37,,37.64053058,127.0232843,2000,한전주,02-901-5863,서울특별시 강북구청,2025-08-12
11-15-20,1,서울특별시 강북구 노해로8가길 45,,37.64009832,127.0233126,2000,한전주,02-901-5863,서울특별시 강북구청,2025-08-12
11-15-19,1,서울특별시 강북구 노해로8가길 35,,37.63969771,127.0233971,2000,한전주,02-901-5863,서울특별시 강북구청,2025-08-12
11-15-18,1,서울특별시 강북구 도봉로87길 48,,37.63919701,127.0232791,2000,한전주,02-901-5863,서울특별시 강북구청,2025-08-12
11-15-17,1,서울특별시 강북구 도봉로87길 46,,37.63923361,127.0234421,2000,건축물,02-901-5863,서울특별시 강북구청,2025-08-12
11-15-16,1,서울특별시 강북구 노해로8가길 31,,37.63944877,127.0234151,2000,건축물,02-901-5863,서울특별시 강북구청,2025-08-12
11-15-15,1,서울특별시 강북구 노해로8가길 33,,37.63954941,127.0234014,2000,,02-901-5863,서울특별시 강북구청,2025-08-12
11-15-14,2,서울특별시 강북구 노해로14길 6,,37.63951065,127.023071,2000,한전주,02-901-5863,서울특별시 강북구청,2025-08-12
11-15-13,1,서울특별시 강북구 노해로 46,,37.63964551,127.0230352,2000,한전주,02-901-5863,서울특별시 강북구청,2025-08-12
11-15-12,1,서울특별시 강북구 노해로 50,,37.63984297,127.022942,2000,건축물,02-901-5863,서울특별시 강북구청,2025-08-12
11-15-11,1,서울특별시 강북구 한천로143길 39,,37.64047378,127.0231305,2000,건축물,02-901-5863,서울특별시 강북구청,2025-08-12
11-15-10,1,서울특별시 강북구 한천로143길 39,,37.64047378,127.0231981,2000,건축물,02-901-5863,서울특별시 강북구청,2025-08-12
11-15-09,1,서울특별시 강북구 한천로143길 37,,37.64053058,127.0232843,2000,한전주,02-901-5863,서울특별시 강북구청,2025-08-12
11-15-08,1,서울특별시 강북구 한천로143길 39,,37.64047378,127.0231731,2000,건축물,02-901-5863,서울특별시 강북구청,2025-08-12
11-15-07,1,서울특별시 강북구 한천로143길 40,,37.64067236,127.0231178,2000,한전주,02-901-5863,서울특별시 강북구청,2025-08-12
11-15-06,1,서울특별시 강북구 한천로143길 40,,37.64067236,127.0231178,2000,한전주,02-901-5863,서울특별시 강북구청,2025-08-12
11-15-05,1,서울특별시 강북구 한천로143길 40,,37.64067236,127.0231178,2000,전용주,02-901-5863,서울특별시 강북구청,2025-08-12
11-15-04,1,서울특별시 강북구 노해로 66,,37.64140693,127.0226819,2000,한전주,02-901-5863,서울특별시 강북구청,2025-08-12
11-15-03,1,서울특별시 강북구 노해로 66,,37.64140693,127.0226819,2000,건축물,02-901-5863,서울특별시 강북구청,2025-08-12
11-15-02,1,서울특별시 강북구 한천로143길 40,,37.64067236,127.0231178,2000,건축물,02-901-5863,서울특별시 강북구청,2025-08-12
11-15-01,1,서울특별시 강북구 한천로143길 34,,37.64071842,127.0234745,2000,건축물,02-901-5863,서울특별시 강북구청,2025-08-12
11-14-39,1,서울특별시 강북구 노해로14길 22,,37.639621,127.0240301,2000,건축물,02-901-5863,서울특별시 강북구청,2025-08-12
11-14-38,1,서울특별시 강북구 한천로139나길 31,,37.64000549,127.024073,2000,건축물,02-901-5863,서울특별시 강북구청,2025-08-12
11-14-37,1,서울특별시 강북구 한천로143길 34,,37.64071842,127.0234487,2000,한전주,02-901-5863,서울특별시 강북구청,2025-08-12
11-14-36,1,서울특별시 강북구 한천로143길 24,,37.64071725,127.0239036,2000,건축물,02-901-5863,서울특별시 강북구청,2025-08-12
11-14-35,1,서울특별시 강북구 한천로145길 16,,37.64111985,127.0237185,2000,한전주,02-901-5863,서울특별시 강북구청,2025-08-12
11-14-34,1,서울특별시 강북구 한천로143길 34,,37.64071842,127.0234745,2000,한전주,02-901-5863,서울특별시 강북구청,2025-08-12
11-14-33,1,서울특별시 강북구 한천로143길 34,,37.64071842,127.0234745,2000,건축물,02-901-5863,서울특별시 강북구청,2025-08-12
11-14-32,1,서울특별시 강북구 한천로143길 34,,37.64071842,127.0234106,2000,,02-901-5863,서울특별시 강북구청,2025-08-12
11-14-31,1,서울특별시 강북구 한천로145길 24,,37.64109057,127.0234469,2000,한전주,02-901-5863,서울특별시 강북구청,2025-08-12
11-14-30,1,서울특별시 강북구 한천로143길 34,,37.64071842,127.0234612,2000,,02-901-5863,서울특별시 강북구청,2025-08-12
11-14-29,1,서울특별시 강북구 노해로14길 17,,37.63969765,127.0236902,2000,,02-901-5863,서울특별시 강북구청,2025-08-12
11-14-28,1,서울특별시 강북구 노해로8가길 42,,37.63991147,127.0235983,2000,건축물,02-901-5863,서울특별시 강북구청,2025-08-12
11-14-27,1,서울특별시 강북구 한천로143길 27,,37.64052607,127.0238282,2000,한전주,02-901-5863,서울특별시 강북구청,2025-08-12
11-14-26,1,서울특별시 강북구 노해로8가길 50,,37.64027137,127.0235369,2000,,02-901-5863,서울특별시 강북구청,2025-08-12
11-14-25,1,서울특별시 강북구 노해로8가길 50,,37.64027306,127.0235361,2000,건축물,02-901-5863,서울특별시 강북구청,2025-08-12
11-14-24,1,서울특별시 강북구 노해로8가길 50,,37.64027116,127.0235361,2000,건축물,02-901-5863,서울특별시 강북구청,2025-08-12
11-14-23,2,서울특별시 강북구 한천로143길 32,,37.64070457,127.0236219,2000,,02-901-5863,서울특별시 강북구청,2025-08-12
11-14-22,1,서울특별시 강북구 한천로139가길 25,,37.64019871,127.0245577,2000,건축물,02-901-5863,서울특별시 강북구청,2025-08-12
11-14-21,1,서울특별시 강북구 한천로139가길 25,,37.64040696,127.0246796,2000,건축물,02-901-5863,서울특별시 강북구청,2025-08-12
11-14-18,1,서울특별시 강북구 한천로139나길 38,,37.64031445,127.0242829,2000,한전주,02-901-5863,서울특별시 강북구청,2025-08-12
11-14-17,1,서울특별시 강북구 한천로139나길 38,,37.64030626,127.0242451,2000,,02-901-5863,서울특별시 강북구청,2025-08-12
11-14-16,1,서울특별시 강북구 한천로139나길 38,,37.64031331,127.0242502,2000,,02-901-5863,서울특별시 강북구청,2025-08-12
11-14-15,1,서울특별시 강북구 한천로139나길 37,,37.64023073,127.0240548,2000,한전주,02-901-5863,서울특별시 강북구청,2025-08-12
11-14-14,1,서울특별시 강북구 노해로14길 21,,37.6397068,127.023957,2000,한전주,02-901-5863,서울특별시 강북구청,2025-08-12
11-14-13,1,서울특별시 강북구 노해로14길 21,,37.6397068,127.023905,2000,건축물,02-901-5863,서울특별시 강북구청,2025-08-12
11-14-12,1,서울특별시 강북구 한천로139나길 29,,37.6399154,127.0240741,2000,한전주,02-901-5863,서울특별시 강북구청,2025-08-12
11-14-11,1,서울특별시 강북구 노해로8가길 44,,37.64004651,127.0235852,2000,전용주,02-901-5863,서울특별시 강북구청,2025-08-12
11-14-10,1,서울특별시 강북구 노해로14길 18,,37.63959717,127.023727,2000,건축물,02-901-5863,서울특별시 강북구청,2025-08-12
11-14-09,1,서울특별시 강북구 노해로8가길 28,,37.63929988,127.0236603,2000,건축물,02-901-5863,서울특별시 강북구청,2025-08-12
11-14-08,1,서울특별시 강북구 노해로8가길 28,,37.6392993,127.023663,2000,한전주,02-901-5863,서울특별시 강북구청,2025-08-12
11-14-07,1,서울특별시 강북구 도봉로87길 38,,37.63919268,127.0238456,2000,한전주,02-901-5863,서울특별시 강북구청,2025-08-12
11-14-06,1,서울특별시 강북구 도봉로87길 34,,37.63914005,127.0240395,2000,건축물,02-901-5863,서울특별시 강북구청,2025-08-12
11-14-05,1,서울특별시 강북구 도봉로87길 34,,37.63914005,127.0240395,2000,한전주,02-901-5863,서울특별시 강북구청,2025-08-12
11-14-04,1,서울특별시 강북구 노해로8가길 34,,37.63949943,127.0237363,2000,,02-901-5863,서울특별시 강북구청,2025-08-12
11-14-03,1,서울특별시 강북구 노해로14길 25,,37.6398253,127.0240753,2000,건축물,02-901-5863,서울특별시 강북구청,2025-08-12
11-14-01,1,서울특별시 강북구 한천로139나길 27,,37.63978119,127.0241892,2000,,02-901-5863,서울특별시 강북구청,2025-08-12
11-13-29,1,서울특별시 강북구 도봉로87길 6,,37.63833112,127.0253525,2000,한전주,02-901-5863,서울특별시 강북구청,2025-08-12
11-13-28,1,서울특별시 강북구 도봉로87길 26,,37.63883777,127.0244748,2000,,02-901-5863,서울특별시 강북구청,2025-08-12
11-13-27,1,서울특별시 강북구 한천로139나길 7,,37.63918444,127.0250689,2000,한전주,02-901-5863,서울특별시 강북구청,2025-08-12
11-13-26,1,서울특별시 강북구 한천로139나길 14,,37.6398571,127.0246528,2000,전용주,02-901-5863,서울특별시 강북구청,2025-08-12
11-13-25,2,서울특별시 강북구 한천로139나길 14,,37.6398571,127.0246528,2000,전용주,02-901-5863,서울특별시 강북구청,2025-08-12
11-13-24,1,서울특별시 강북구 한천로139나길 11,,37.63936865,127.024832,2000,건축물,02-901-5863,서울특별시 강북구청,2025-08-12
11-13-23,1,서울특별시 강북구 도봉로87길 26,,37.63883777,127.0244466,2000,건축물,02-901-5863,서울특별시 강북구청,2025-08-12
11-13-22,2,서울특별시 강북구 도봉로87길 26,,37.63883777,127.0244748,2000,한전주,02-901-5863,서울특별시 강북구청,2025-08-12
11-13-21,2,서울특별시 강북구 도봉로87길 28,,37.63892661,127.024359,2000,한전주,02-901-5863,서울특별시 강북구청,2025-08-12
11-13-20,1,서울특별시 강북구 한천로139가길 19,,37.6401772,127.0252265,2000,전용주,02-901-5863,서울특별시 강북구청,2025-08-12
11-13-19,1,서울특별시 강북구 도봉로87길 34,,37.63914022,127.0240389,2000,,02-901-5863,서울특별시 강북구청,2025-08-12
11-13-18,1,서울특별시 강북구 도봉로87길 32,,37.63906236,127.0241688,2000,건축물,02-901-5863,서울특별시 강북구청,2025-08-12
11-13-17,1,서울특별시 강북구 도봉로87길 32,,37.63906236,127.0241688,2000,한전주,02-901-5863,서울특별시 강북구청,2025-08-12
11-13-16,1,서울특별시 강북구 한천로139나길 26,,37.6398283,127.0244379,2000,,02-901-5863,서울특별시 강북구청,2025-08-12
11-13-15,1,서울특별시 강북구 한천로139나길 22,,37.63977518,127.0245519,2000,한전주,02-901-5863,서울특별시 강북구청,2025-08-12
11-13-14,1,서울특별시 강북구 한천로139나길 15,,37.63945215,127.0247147,2000,건축물,02-901-5863,서울특별시 강북구청,2025-08-12
11-13-13,1,서울특별시 강북구 도봉로89길 13,,37.63918795,127.0254547,2000,한전주,02-901-5863,서울특별시 강북구청,2025-08-12
11-13-12,1,서울특별시 강북구 한천로139나길 14,,37.6396435,127.0249728,2000,건축물,02-901-5863,서울특별시 강북구청,2025-08-12
11-13-11,1,서울특별시 강북구 한천로139나길 14,,37.63975329,127.0251753,2000,한전주,02-901-5863,서울특별시 강북구청,2025-08-12
11-13-10,1,서울특별시 강북구 한천로139나길 14,,37.63981561,127.0250839,2000,전용주,02-901-5863,서울특별시 강북구청,2025-08-12
11-13-09,1,서울특별시 강북구 한천로139나길 14,,37.64000247,127.0247982,2000,한전주,02-901-5863,서울특별시 강북구청,2025-08-12
11-13-08,1,서울특별시 강북구 한천로139가길 25,,37.6400829,127.0247178,2000,건축물,02-901-5863,서울특별시 강북구청,2025-08-12
11-13-07,1,서울특별시 강북구 한천로139가길 25,,37.64020114,127.0248522,2000,한전주,02-901-5863,서울특별시 강북구청,2025-08-12
11-13-06,1,서울특별시 강북구 한천로139가길 19,,37.64017999,127.0252319,2000,한전주,02-901-5863,서울특별시 강북구청,2025-08-12
11-13-05,1,서울특별시 강북구 한천로139가길 13,,37.64001948,127.0254589,2000,건축물,02-901-5863,서울특별시 강북구청,2025-08-12
11-13-04,1,서울특별시 강북구 한천로139가길 13,,37.64001948,127.0254589,2000,건축물,02-901-5863,서울특별시 강북구청,2025-08-12
11-13-03,1,서울특별시 강북구 도봉로89길 13,,37.63918795,127.0254547,2000,한전주,02-901-5863,서울특별시 강북구청,2025-08-12
11-13-02,1,서울특별시 강북구 한천로139나길 1,,37.6390423,127.0252753,2000,한전주,02-901-5863,서울특별시 강북구청,2025-08-12
11-13-01,1,서울특별시 강북구 한천로139길 46,,37.63867744,127.0247362,2000,한전주,02-901-5863,서울특별시 강북구청,2025-08-12
11-09-33,1,서울특별시 강북구 한천로148길 22,,37.64295708,127.0247029,2000,한전주,02-901-5863,서울특별시 강북구청,2025-08-12
11-08-36,1,서울특별시 강북구 한천로140길 11,,37.64061836,127.0270732,2000,건축물,02-901-5863,서울특별시 강북구청,2025-08-12
11-08-33,1,서울특별시 강북구 한천로140길 11,,37.64061836,127.0270732,2000,건축물,02-901-5863,서울특별시 강북구청,2025-08-12
11-08-32,1,서울특별시 강북구 한천로140길 11,,37.64061836,127.0270732,2000,한전주,02-901-5863,서울특별시 강북구청,2025-08-12
11-06-56,1,서울특별시 강북구 한천로 1058,,37.64138492,127.0252674,2000,전용주,02-901-5863,서울특별시 강북구청,2025-08-12
11-06-55,1,서울특별시 강북구 한천로 1058,,37.64138492,127.0252674,2000,전용주,02-901-5863,서울특별시 강북구청,2025-08-12
11-06-54,1,서울특별시 강북구 한천로140길 5,,37.64042444,127.0268367,2000,전용주,02-901-5863,서울특별시 강북구청,2025-08-12
11-06-53,1,서울특별시 강북구 한천로144길 12,,37.64155102,127.0257411,2000,전용주,02-901-5863,서울특별시 강북구청,2025-08-12
11-06-52,1,서울특별시 강북구 한천로144길 12,,37.64155102,127.0257411,2000,전용주,02-901-5863,서울특별시 강북구청,2025-08-12
11-06-51,1,서울특별시 강북구 한천로144길 16,,37.6417418,127.0259312,2000,전용주,02-901-5863,서울특별시 강북구청,2025-08-12
11-06-50,1,서울특별시 강북구 한천로144길 16,,37.6417418,127.0259312,2000,전용주,02-901-5863,서울특별시 강북구청,2025-08-12
11-06-49,1,서울특별시 강북구 한천로144길 22,,37.64184259,127.0261339,2000,전용주,02-901-5863,서울특별시 강북구청,2025-08-12
11-06-48,1,서울특별시 강북구 한천로144길 22,,37.64184259,127.0261339,2000,전용주,02-901-5863,서울특별시 강북구청,2025-08-12
11-06-47,1,서울특별시 강북구 한천로144길 25,,37.64218448,127.0260728,2000,전용주,02-901-5863,서울특별시 강북구청,2025-08-12
11-06-46,1,서울특별시 강북구 한천로144길 26,,37.64203318,127.0262975,2000,전용주,02-901-5863,서울특별시 강북구청,2025-08-12
11-06-45,1,서울특별시 강북구 한천로144길 30,,37.64210591,127.0263797,2000,전용주,02-901-5863,서울특별시 강북구청,2025-08-12
11-06-44,1,서울특별시 강북구 한천로144길 32,,37.64227831,127.0265248,2000,전용주,02-901-5863,서울특별시 강북구청,2025-08-12
11-06-43,1,서울특별시 강북구 도봉로95길 51,,37.64240341,127.0263985,2000,전용주,02-901-5863,서울특별시 강북구청,2025-08-12
11-06-42,1,서울특별시 강북구 한천로144길 32,,37.64227831,127.0265248,2000,전용주,02-901-5863,서울특별시 강북구청,2025-08-12
11-06-41,1,서울특별시 강북구 한천로144길 35,,37.64253066,127.0265328,2000,전용주,02-901-5863,서울특별시 강북구청,2025-08-12
11-06-40,1,서울특별시 강북구 도봉로95길 48,,37.642469,127.0267036,2000,전용주,02-901-5863,서울특별시 강북구청,2025-08-12
11-06-39,1,서울특별시 강북구 도봉로95길 48,,37.642469,127.0267036,2000,전용주,02-901-5863,서울특별시 강북구청,2025-08-12
11-06-38,1,서울특별시 강북구 한천로144길 42,,37.64259643,127.0268606,2000,전용주,02-901-5863,서울특별시 강북구청,2025-08-12
11-06-37,1,서울특별시 강북구 도봉로97길 45,,37.64273269,127.0269948,2000,전용주,02-901-5863,서울특별시 강북구청,2025-08-12
11-06-36,1,서울특별시 강북구 도봉로97길 43,,37.64262589,127.0271548,2000,전용주,02-901-5863,서울특별시 강북구청,2025-08-12
11-06-32,1,서울특별시 강북구 도봉로97길 65,,37.64317588,127.0261052,2000,건축물,02-901-5863,서울특별시 강북구청,2025-08-12
11-06-31,1,서울특별시 강북구 도봉로95길 22,,37.64166627,127.0277025,2000,전용주,02-901-5863,서울특별시 강북구청,2025-08-12
11-04-43,1,서울특별시 강북구 한천로148길 28,,37.64302276,127.0250194,2000,,02-901-5863,서울특별시 강북구청,2025-08-12
11-04-40,1,서울특별시 강북구 도봉로97길 75,,37.64338837,127.0256491,2000,,02-901-5863,서울특별시 강북구청,2025-08-12
11-04-39,1,서울특별시 강북구 한천로148길 28,,37.6429611,127.0251901,2000,,02-901-5863,서울특별시 강북구청,2025-08-12
11-04-38,1,서울특별시 강북구 한천로148길 28,,37.64281186,127.025668,2000,건축물,02-901-5863,서울특별시 강북구청,2025-08-12
11-04-37,1,서울특별시 강북구 한천로148길 28,,37.64283637,127.0253617,2000,한전주,02-901-5863,서울특별시 강북구청,2025-08-12
11-04-36,1,서울특별시 강북구 한천로148길 28,,37.64305194,127.0252796,2000,한전주,02-901-5863,서울특별시 강북구청,2025-08-12
11-04-34,1,서울특별시 강북구 한천로148길 26,,37.64311173,127.0248822,2000,,02-901-5863,서울특별시 강북구청,2025-08-12
11-04-33,1,서울특별시 강북구 한천로148길 26,,37.64311173,127.0248822,2000,한전주,02-901-5863,서울특별시 강북구청,2025-08-12
11-04-32,1,서울특별시 강북구 도봉로95길 81,,37.64329388,127.0251178,2000,건축물,02-901-5863,서울특별시 강북구청,2025-08-12
11-04-31,1,서울특별시 강북구 도봉로95길 69,,37.6429547,127.0254974,2000,건축물,02-901-5863,서울특별시 강북구청,2025-08-12
11-02-48,1,서울특별시 강북구 노해로32길 19,,37.64482785,127.0250476,2000,,02-901-5863,서울특별시 강북구청,2025-08-12
11-02-47,1,서울특별시 강북구 도봉로101길 65,,37.64442972,127.0275517,2000,건축물,02-901-5863,서울특별시 강북구청,2025-08-12
11-02-46,1,서울특별시 강북구 도봉로99길 58,,37.64360866,127.0272327,2000,건축물,02-901-5863,서울특별시 강북구청,2025-08-12
11-02-45,1,서울특별시 강북구 노해로36길 8,,37.64595258,127.0252106,2000,건축물,02-901-5863,서울특별시 강북구청,2025-08-12
11-02-43,1,서울특별시 강북구 노해로 122,,37.64577794,127.0247794,2000,건축물,02-901-5863,서울특별시 강북구청,2025-08-12
11-02-42,1,서울특별시 강북구 노해로 122,,37.64578042,127.0247833,2000,건축물,02-901-5863,서울특별시 강북구청,2025-08-12
11-02-41,1,서울특별시 강북구 노해로 122,,37.64578042,127.0247833,2000,건축물,02-901-5863,서울특별시 강북구청,2025-08-12
11-02-40,1,서울특별시 강북구 노해로32길 5,,37.64535988,127.0246399,2000,한전주,02-901-5863,서울특별시 강북구청,2025-08-12
11-02-39,1,서울특별시 강북구 노해로32길 5,,37.64535988,127.0246399,2000,한전주,02-901-5863,서울특별시 강북구청,2025-08-12
11-02-38,1,서울특별시 강북구 노해로32길 5,,37.64536229,127.0246375,2000,한전주,02-901-5863,서울특별시 강북구청,2025-08-12
11-02-37,1,서울특별시 강북구 노해로32길 13,,37.6451126,127.0248509,2000,한전주,02-901-5863,서울특별시 강북구청,2025-08-12
11-02-36,1,서울특별시 강북구 노해로32길 13,,37.6451126,127.0248509,2000,한전주,02-901-5863,서울특별시 강북구청,2025-08-12
11-02-34,1,서울특별시 강북구 한천로150길 70,,37.64421392,127.0263296,2000,한전주,02-901-5863,서울특별시 강북구청,2025-08-12
11-02-33,1,서울특별시 강북구 한천로150길 78,,37.64441502,127.0266782,2000,한전주,02-901-5863,서울특별시 강북구청,2025-08-12
11-02-32,1,서울특별시 강북구 한천로144길 71,,37.64369741,127.0277508,2000,한전주,02-901-5863,서울특별시 강북구청,2025-08-12
11-02-31,1,서울특별시 강북구 도봉로99길 72,,37.64419814,127.0266018,2000,건축물,02-901-5863,서울특별시 강북구청,2025-08-12
11-02-30,1,서울특별시 강북구 도봉로99길 72,,37.6439913,127.0266498,2000,한전주,02-901-5863,서울특별시 강북구청,2025-08-12
11-02-29,1,서울특별시 강북구 도봉로99길 64,,37.64376886,127.0269926,2000,한전주,02-901-5863,서울특별시 강북구청,2025-08-12
11-01-32,1,서울특별시 강북구 도봉로101길 19,,37.64323017,127.0295462,2000,전용주,02-901-5863,서울특별시 강북구청,2025-08-12
10-24-37,1,서울특별시 강북구 한천로155길 26,,37.64386396,127.0199659,2000,전용주,02-901-5863,서울특별시 강북구청,2025-08-12
10-24-36,1,서울특별시 강북구 한천로 1105,,37.64390329,127.0209621,2000,한전주,02-901-5863,서울특별시 강북구청,2025-08-12
10-24-35,1,서울특별시 강북구 한천로161길 29,,37.64554847,127.0177455,2000,,02-901-5863,서울특별시 강북구청,2025-08-12
10-24-34,1,서울특별시 강북구 한천로161길 27,,37.64551993,127.0175646,2000,전용주,02-901-5863,서울특별시 강북구청,2025-08-12
10-24-33,1,서울특별시 강북구 한천로161길 27,,37.64551993,127.0175646,2000,전용주,02-901-5863,서울특별시 강북구청,2025-08-12
10-24-32,1,서울특별시 강북구 한천로161길 24,,37.64551545,127.0181085,2000,전용주,02-901-5863,서울특별시 강북구청,2025-08-12
10-24-31,1,서울특별시 강북구 한천로161길 27,,37.64551993,127.0175646,2000,,02-901-5863,서울특별시 강북구청,2025-08-12
10-24-30,1,서울특별시 강북구 삼양로124길 32,,37.64567121,127.0173359,2000,전용주,02-901-5863,서울특별시 강북구청,2025-08-12
10-24-29,1,서울특별시 강북구 삼양로124길 32,,37.64567121,127.0173359,2000,전용주,02-901-5863,서울특별시 강북구청,2025-08-12
10-24-28,1,서울특별시 강북구 삼양로124길 34,,37.64584998,127.0171636,2000,한전주,02-901-5863,서울특별시 강북구청,2025-08-12
10-24-27,1,서울특별시 강북구 삼양로124길 40,,37.64594984,127.017253,2000,한전주,02-901-5863,서울특별시 강북구청,2025-08-12
10-24-26,1,서울특별시 강북구 한천로161길 39,,37.64586979,127.0173787,2000,건축물,02-901-5863,서울특별시 강북구청,2025-08-12
10-24-25,1,서울특별시 강북구 한천로161길 32,,37.64578328,127.0178104,2000,한전주,02-901-5863,서울특별시 강북구청,2025-08-12
10-24-24,2,서울특별시 강북구 한천로161길 30,,37.64566719,127.0179366,2000,한전주,02-901-5863,서울특별시 강북구청,2025-08-12
10-24-23,1,서울특별시 강북구 한천로 1135,,37.64580393,127.0182227,2000,건축물,02-901-5863,서울특별시 강북구청,2025-08-12
10-24-22,1,서울특별시 강북구 한천로 1131,,37.64543585,127.0186245,2000,건축물,02-901-5863,서울특별시 강북구청,2025-08-12
10-24-21,1,서울특별시 강북구 한천로 1131,,37.64542912,127.0186245,2000,전용주,02-901-5863,서울특별시 강북구청,2025-08-12
10-24-20,1,서울특별시 강북구 한천로 1131,,37.64542912,127.0186245,2000,전용주,02-901-5863,서울특별시 강북구청,2025-08-12
10-24-19,2,서울특별시 강북구 한천로 1125,,37.64498242,127.0190221,2000,한전주,02-901-5863,서울특별시 강북구청,2025-08-12
10-24-18,1,서울특별시 강북구 한천로 1131,,37.64543585,127.0186245,2000,전용주,02-901-5863,서울특별시 강북구청,2025-08-12
10-24-17,1,서울특별시 강북구 한천로 1107,,37.64405185,127.0207789,2000,,02-901-5863,서울특별시 강북구청,2025-08-12
10-24-16,1,서울특별시 강북구 한천로 1105,,37.64398974,127.0209621,2000,한전주,02-901-5863,서울특별시 강북구청,2025-08-12
10-24-15,1,서울특별시 강북구 한천로 1105,,37.64398974,127.0209621,2000,건축물,02-901-5863,서울특별시 강북구청,2025-08-12
10-24-14,1,서울특별시 강북구 한천로 1105,,37.64398935,127.0209614,2000,건축물,02-901-5863,서울특별시 강북구청,2025-08-12
10-24-13,1,서울특별시 강북구 한천로 1107,,37.64405185,127.0207789,2000,한전주,02-901-5863,서울특별시 강북구청,2025-08-12
10-24-12,1,서울특별시 강북구 한천로 1107,,37.64405185,127.0207789,2000,,02-901-5863,서울특별시 강북구청,2025-08-12
10-24-11,1,서울특별시 강북구 한천로 1107,,37.64405185,127.0207789,2000,,02-901-5863,서울특별시 강북구청,2025-08-12
10-24-10,1,서울특별시 강북구 한천로155길 26,,37.64386396,127.0199659,2000,한전주,02-901-5863,서울특별시 강북구청,2025-08-12
10-24-08,1,서울특별시 강북구 한천로155길 42,,37.64401842,127.0190347,2000,한전주,02-901-5863,서울특별시 강북구청,2025-08-12
10-24-07,1,서울특별시 강북구 한천로155길 38,,37.64393067,127.0193192,2000,한전주,02-901-5863,서울특별시 강북구청,2025-08-12
10-24-06,1,서울특별시 강북구 한천로155길 38,,37.64393067,127.0193192,2000,건축물,02-901-5863,서울특별시 강북구청,2025-08-12
10-24-05,1,서울특별시 강북구 한천로155길 38,,37.64393067,127.0193192,2000,건축물,02-901-5863,서울특별시 강북구청,2025-08-12
10-24-04,1,서울특별시 강북구 한천로 1109,,37.64419821,127.0205493,2000,전용주,02-901-5863,서울특별시 강북구청,2025-08-12
10-24-03,1,서울특별시 강북구 한천로159길 8,,37.64445677,127.018655,2000,전용주,02-901-5863,서울특별시 강북구청,2025-08-12
10-24-02,1,서울특별시 강북구 한천로 1109,,37.64416268,127.0205493,2000,한전주,02-901-5863,서울특별시 강북구청,2025-08-12
10-24-01,1,서울특별시 강북구 한천로 1109,,37.64419821,127.0205493,2000,건축물,02-901-5863,서울특별시 강북구청,2025-08-12
10-23-23,1,서울특별시 강북구 노해로35길 19,,37.64724301,127.024341,2000,한전주,02-901-5863,서울특별시 강북구청,2025-08-12
10-23-22,1,서울특별시 강북구 노해로33길 4,,37.64607123,127.0242883,2000,건축물,02-901-5863,서울특별시 강북구청,2025-08-12
10-23-21,1,서울특별시 강북구 노해로35길 39,,37.64745015,127.0233399,2000,,02-901-5863,서울특별시 강북구청,2025-08-12
10-23-20,1,서울특별시 강북구 노해로35길 13,,37.64709134,127.0245243,2000,,02-901-5863,서울특별시 강북구청,2025-08-12
10-23-19,1,서울특별시 강북구 노해로35길 39,,37.64745015,127.0233399,2000,,02-901-5863,서울특별시 강북구청,2025-08-12
10-23-17,1,서울특별시 강북구 노해로33가길 24,,37.64707072,127.0234942,2000,건축물,02-901-5863,서울특별시 강북구청,2025-08-12
10-23-16,1,서울특별시 강북구 노해로35길 19,,37.64724227,127.0243396,2000,한전주,02-901-5863,서울특별시 강북구청,2025-08-12
10-23-15,1,서울특별시 강북구 노해로35길 13,,37.64708763,127.0245272,2000,한전주,02-901-5863,서울특별시 강북구청,2025-08-12
10-23-14,1,서울특별시 강북구 노해로35길 13,,37.64708763,127.0245272,2000,한전주,02-901-5863,서울특별시 강북구청,2025-08-12
10-23-13,1,서울특별시 강북구 노해로33가길 12,,37.64656843,127.0244858,2000,,02-901-5863,서울특별시 강북구청,2025-08-12
10-23-12,1,서울특별시 강북구 노해로33길 10,,37.64609554,127.0239594,2000,한전주,02-901-5863,서울특별시 강북구청,2025-08-12
10-23-11,1,서울특별시 강북구 노해로33길 4,,37.64607123,127.0242883,2000,한전주,02-901-5863,서울특별시 강북구청,2025-08-12
10-23-10,1,서울특별시 강북구 노해로33길 4,,37.64606911,127.0242841,2000,한전주,02-901-5863,서울특별시 강북구청,2025-08-12
10-23-09,1,서울특별시 강북구 노해로 123,,37.64622746,127.0245665,2000,,02-901-5863,서울특별시 강북구청,2025-08-12
10-23-08,1,서울특별시 강북구 노해로35길 5,,37.64668639,127.0245863,2000,전용주,02-901-5863,서울특별시 강북구청,2025-08-12
10-23-07,1,서울특별시 강북구 노해로35길 7,,37.64684048,127.0246976,2000,전용주,02-901-5863,서울특별시 강북구청,2025-08-12
10-22-34,1,서울특별시 강북구 노해로29길 22,,37.64572071,127.022922,2000,전용주,02-901-5863,서울특별시 강북구청,2025-08-12
10-22-33,1,서울특별시 강북구 노해로27길 20,,37.64538224,127.0227331,2000,건축물,02-901-5863,서울특별시 강북구청,2025-08-12
10-22-32,1,서울특별시 강북구 노해로33길 35,,37.64644426,127.022587,2000,,02-901-5863,서울특별시 강북구청,2025-08-12
10-22-31,1,서울특별시 강북구 노해로29길 8,,37.64541637,127.023549,2000,,02-901-5863,서울특별시 강북구청,2025-08-12
10-22-30,1,서울특별시 강북구 노해로27길 14,,37.64525806,127.0229278,2000,한전주,02-901-5863,서울특별시 강북구청,2025-08-12
10-22-28,1,서울특별시 강북구 노해로 105,,37.64491981,127.0234333,2000,,02-901-5863,서울특별시 강북구청,2025-08-12
10-22-27,1,서울특별시 강북구 노해로29길 11,,37.64539592,127.0232547,2000,한전주,02-901-5863,서울특별시 강북구청,2025-08-12
10-22-26,1,서울특별시 강북구 노해로29길 3,,37.64519077,127.0235066,2000,한전주,02-901-5863,서울특별시 강북구청,2025-08-12
10-22-25,1,서울특별시 강북구 노해로 113,,37.64538445,127.0238879,2000,전용주,02-901-5863,서울특별시 강북구청,2025-08-12
10-22-24,1,서울특별시 강북구 노해로 113,,37.64538445,127.0238879,2000,한전주,02-901-5863,서울특별시 강북구청,2025-08-12
10-22-23,1,서울특별시 강북구 노해로 113,,37.64538445,127.0238879,2000,건축물,02-901-5863,서울특별시 강북구청,2025-08-12
10-22-22,1,서울특별시 강북구 노해로 113,,37.64538445,127.0238873,2000,건축물,02-901-5863,서울특별시 강북구청,2025-08-12
10-22-20,1,서울특별시 강북구 노해로 115,,37.64554011,127.0240172,2000,한전주,02-901-5863,서울특별시 강북구청,2025-08-12
10-22-19,1,서울특별시 강북구 노해로 115,,37.64554011,127.0240172,2000,한전주,02-901-5863,서울특별시 강북구청,2025-08-12
10-22-18,1,서울특별시 강북구 노해로 115,,37.64554011,127.0240172,2000,전용주,02-901-5863,서울특별시 강북구청,2025-08-12
10-22-17,1,서울특별시 강북구 노해로 119,,37.64591638,127.0240864,2000,,02-901-5863,서울특별시 강북구청,2025-08-12
10-22-16,1,서울특별시 강북구 노해로29길 22,,37.64572071,127.0229048,2000,한전주,02-901-5863,서울특별시 강북구청,2025-08-12
10-22-15,2,서울특별시 강북구 노해로29길 22,,37.64572071,127.0229856,2000,한전주,02-901-5863,서울특별시 강북구청,2025-08-12
10-22-14,1,서울특별시 강북구 노해로29길 22,,37.64579909,127.0229774,2000,전용주,02-901-5863,서울특별시 강북구청,2025-08-12
10-22-13,1,서울특별시 강북구 노해로29길 21,,37.64562539,127.0228468,2000,전용주,02-901-5863,서울특별시 강북구청,2025-08-12
10-22-12,1,서울특별시 강북구 노해로29길 21,,37.64562679,127.0228437,2000,한전주,02-901-5863,서울특별시 강북구청,2025-08-12
10-22-11,1,서울특별시 강북구 노해로29길 27,,37.64580351,127.0224221,2000,한전주,02-901-5863,서울특별시 강북구청,2025-08-12
10-22-10,1,서울특별시 강북구 노해로33길 35,,37.64644426,127.022587,2000,한전주,02-901-5863,서울특별시 강북구청,2025-08-12
10-22-09,1,서울특별시 강북구 노해로27길 34,,37.64578277,127.0220938,2000,한전주,02-901-5863,서울특별시 강북구청,2025-08-12
10-22-08,1,서울특별시 강북구 노해로27길 30,,37.64566753,127.0223219,2000,한전주,02-901-5863,서울특별시 강북구청,2025-08-12
10-22-07,1,서울특별시 강북구 노해로27길 20,,37.64538224,127.0227331,2000,한전주,02-901-5863,서울특별시 강북구청,2025-08-12
10-22-06,1,서울특별시 강북구 노해로27길 14,,37.64523066,127.0229189,2000,전용주,02-901-5863,서울특별시 강북구청,2025-08-12
10-22-05,1,서울특별시 강북구 노해로29길 17,,37.64557358,127.0229464,2000,한전주,02-901-5863,서울특별시 강북구청,2025-08-12
10-22-04,1,서울특별시 강북구 노해로 113,,37.64538445,127.0238879,2000,건축물,02-901-5863,서울특별시 강북구청,2025-08-12
10-22-03,1,서울특별시 강북구 노해로27길 14,,37.64523066,127.0229189,2000,전용주,02-901-5863,서울특별시 강북구청,2025-08-12
10-22-02,1,서울특별시 강북구 노해로27길 14,,37.64523066,127.0229189,2000,,02-901-5863,서울특별시 강북구청,2025-08-12
10-22-01,1,서울특별시 강북구 노해로33길 29,,37.64630991,127.0228638,2000,건축물,02-901-5863,서울특별시 강북구청,2025-08-12
10-21-32,1,서울특별시 강북구 노해로35길 57,,37.64768803,127.022336,2000,한전주,02-901-5863,서울특별시 강북구청,2025-08-12
10-21-31,1,서울특별시 강북구 노해로33가길 5,,37.64628296,127.0237417,2000,한전주,02-901-5863,서울특별시 강북구청,2025-08-12
10-21-30,1,서울특별시 강북구 노해로33가길 3,,37.64635372,127.0235821,2000,전용주,02-901-5863,서울특별시 강북구청,2025-08-12
10-21-29,1,서울특별시 강북구 노해로33길 18,,37.64621821,127.0235385,2000,한전주,02-901-5863,서울특별시 강북구청,2025-08-12
10-21-28,2,서울특별시 강북구 노해로33길 20,,37.64628906,127.0233903,2000,한전주,02-901-5863,서울특별시 강북구청,2025-08-12
10-21-27,1,서울특별시 강북구 노해로33길 20,,37.64629292,127.0233873,2000,건축물,02-901-5863,서울특별시 강북구청,2025-08-12
10-21-26,1,서울특별시 강북구 노해로33길 20,,37.64629292,127.0233873,2000,한전주,02-901-5863,서울특별시 강북구청,2025-08-12
10-21-25,1,서울특별시 강북구 노해로33가길 7,,37.64643546,127.0237642,2000,건축물,02-901-5863,서울특별시 강북구청,2025-08-12
10-21-24,1,서울특별시 강북구 노해로33가길 15,,37.64667055,127.0237593,2000,한전주,02-901-5863,서울특별시 강북구청,2025-08-12
10-21-23,1,서울특별시 강북구 노해로33가길 17,,37.64674178,127.0236563,2000,한전주,02-901-5863,서울특별시 강북구청,2025-08-12
10-21-22,1,서울특별시 강북구 노해로33길 28,,37.64640516,127.0230533,2000,한전주,02-901-5863,서울특별시 강북구청,2025-08-12
10-21-21,1,서울특별시 강북구 노해로33길 28,,37.64640516,127.0230533,2000,한전주,02-901-5863,서울특별시 강북구청,2025-08-12
10-21-20,1,서울특별시 강북구 노해로33길 28,,37.64640516,127.0230533,2000,건축물,02-901-5863,서울특별시 강북구청,2025-08-12
10-21-19,1,서울특별시 강북구 노해로33길 28,,37.64640516,127.0230533,2000,한전주,02-901-5863,서울특별시 강북구청,2025-08-12
10-21-18,1,서울특별시 강북구 노해로33길 28,,37.64640516,127.0230533,2000,건축물,02-901-5863,서울특별시 강북구청,2025-08-12
10-21-17,2,서울특별시 강북구 노해로33길 28,,37.64640516,127.0230533,2000,한전주,02-901-5863,서울특별시 강북구청,2025-08-12
10-21-16,1,서울특별시 강북구 노해로33길 38,,37.64660637,127.0225363,2000,한전주,02-901-5863,서울특별시 강북구청,2025-08-12
10-21-15,1,서울특별시 강북구 노해로33길 28,,37.64640516,127.0230533,2000,,02-901-5863,서울특별시 강북구청,2025-08-12
10-21-14,1,서울특별시 강북구 노해로33길 34,,37.64652433,127.0227268,2000,,02-901-5863,서울특별시 강북구청,2025-08-12
10-21-13,1,서울특별시 강북구 노해로33나길 12,,37.64726274,127.022369,2000,한전주,02-901-5863,서울특별시 강북구청,2025-08-12
10-21-12,1,서울특별시 강북구 노해로33길 34,,37.64652433,127.0227268,2000,한전주,02-901-5863,서울특별시 강북구청,2025-08-12
10-21-11,1,서울특별시 강북구 노해로33가길 33,,37.64717743,127.0229481,2000,,02-901-5863,서울특별시 강북구청,2025-08-12
10-21-10,2,서울특별시 강북구 노해로33가길 31,,37.64714252,127.0230845,2000,한전주,02-901-5863,서울특별시 강북구청,2025-08-12
10-21-09,1,서울특별시 강북구 노해로33가길 35,,37.64727569,127.0228448,2000,한전주,02-901-5863,서울특별시 강북구청,2025-08-12
10-21-08,1,서울특별시 강북구 노해로35길 57,,37.64768803,127.022336,2000,한전주,02-901-5863,서울특별시 강북구청,2025-08-12
10-21-07,1,서울특별시 강북구 노해로33길 40,,37.64665387,127.0223968,2000,전용주,02-901-5863,서울특별시 강북구청,2025-08-12
10-21-06,1,서울특별시 강북구 노해로33길 40,,37.64665387,127.0223968,2000,,02-901-5863,서울특별시 강북구청,2025-08-12
10-21-05,1,서울특별시 강북구 노해로33길 40,,37.64665387,127.0223282,2000,한전주,02-901-5863,서울특별시 강북구청,2025-08-12
10-21-04,1,서울특별시 강북구 노해로33길 42,,37.6467387,127.0221946,2000,한전주,02-901-5863,서울특별시 강북구청,2025-08-12
10-21-03,1,서울특별시 강북구 노해로33나길 15,,37.64746949,127.0223097,2000,,02-901-5863,서울특별시 강북구청,2025-08-12
10-21-02,1,서울특별시 강북구 노해로33나길 11,,37.64725433,127.0221274,2000,한전주,02-901-5863,서울특별시 강북구청,2025-08-12
10-21-01,1,서울특별시 강북구 노해로33길 60,,37.64704859,127.0213966,2000,,02-901-5863,서울특별시 강북구청,2025-08-12
10-20-31,1,서울특별시 강북구 한천로160길 40,,37.64603325,127.0218752,2000,전용주,02-901-5863,서울특별시 강북구청,2025-08-12
10-20-30,1,서울특별시 강북구 한천로160길 40,,37.64602967,127.0218387,2000,건축물,02-901-5863,서울특별시 강북구청,2025-08-12
10-20-29,1,서울특별시 강북구 한천로160길 46,,37.64637645,127.0217905,2000,,02-901-5863,서울특별시 강북구청,2025-08-12
10-20-28,2,서울특별시 강북구 노해로33길 64,,37.64718973,127.0211688,2000,,02-901-5863,서울특별시 강북구청,2025-08-12
10-20-26,1,서울특별시 강북구 노해로27길 60,,37.64668577,127.0212434,2000,한전주,02-901-5863,서울특별시 강북구청,2025-08-12
10-20-25,2,서울특별시 강북구 노해로27길 52,,37.64647171,127.0215068,2000,한전주,02-901-5863,서울특별시 강북구청,2025-08-12
10-20-24,1,서울특별시 강북구 한천로160길 40,,37.64603325,127.0218752,2000,한전주,02-901-5863,서울특별시 강북구청,2025-08-12
10-20-22,1,서울특별시 강북구 노해로33길 35,,37.64644426,127.022587,2000,한전주,02-901-5863,서울특별시 강북구청,2025-08-12
10-20-21,1,서울특별시 강북구 노해로33길 35,,37.64644426,127.022587,2000,한전주,02-901-5863,서울특별시 강북구청,2025-08-12
10-20-20,2,서울특별시 강북구 한천로160길 46,,37.64637645,127.0217905,2000,전용주,02-901-5863,서울특별시 강북구청,2025-08-12
10-20-19,1,서울특별시 강북구 한천로160길 43,,37.64644581,127.0216432,2000,한전주,02-901-5863,서울특별시 강북구청,2025-08-12
10-20-18,1,서울특별시 강북구 한천로160길 50,,37.64658376,127.0219813,2000,,02-901-5863,서울특별시 강북구청,2025-08-12
10-20-17,1,서울특별시 강북구 한천로160길 48,,37.64647799,127.0219166,2000,,02-901-5863,서울특별시 강북구청,2025-08-12
10-20-16,1,서울특별시 강북구 노해로33길 35,,37.64643388,127.022587,2000,건축물,02-901-5863,서울특별시 강북구청,2025-08-12
10-20-15,2,서울특별시 강북구 노해로33길 37,,37.64650661,127.0224582,2000,한전주,02-901-5863,서울특별시 강북구청,2025-08-12
10-20-14,1,서울특별시 강북구 노해로33길 43,,37.64664767,127.0220824,2000,한전주,02-901-5863,서울특별시 강북구청,2025-08-12
10-20-13,1,서울특별시 강북구 노해로33길 52,,37.64689787,127.0218299,2000,한전주,02-901-5863,서울특별시 강북구청,2025-08-12
10-20-12,1,서울특별시 강북구 노해로33길 51,,37.64678392,127.0217094,2000,건축물,02-901-5863,서울특별시 강북구청,2025-08-12
10-20-11,1,서울특별시 강북구 노해로33길 51,,37.64677971,127.0217068,2000,건축물,02-901-5863,서울특별시 강북구청,2025-08-12
10-20-10,1,서울특별시 강북구 노해로33길 54,,37.64700006,127.0217153,2000,한전주,02-901-5863,서울특별시 강북구청,2025-08-12
10-20-09,1,서울특별시 강북구 노해로33길 52,,37.64689787,127.0218299,2000,,02-901-5863,서울특별시 강북구청,2025-08-12
10-20-08,1,서울특별시 강북구 노해로33나길 7,,37.64709226,127.022044,2000,건축물,02-901-5863,서울특별시 강북구청,2025-08-12
10-20-07,1,서울특별시 강북구 노해로33나길 11,,37.64725177,127.0221312,2000,한전주,02-901-5863,서울특별시 강북구청,2025-08-12
10-20-05,1,서울특별시 강북구 노해로33길 60,,37.64704746,127.0213973,2000,한전주,02-901-5863,서울특별시 강북구청,2025-08-12
10-20-04,1,서울특별시 강북구 노해로33길 60,,37.64704859,127.0213966,2000,한전주,02-901-5863,서울특별시 강북구청,2025-08-12
10-20-03,1,서울특별시 강북구 노해로33길 60,,37.64704859,127.0213966,2000,전용주,02-901-5863,서울특별시 강북구청,2025-08-12
10-20-02,2,서울특별시 강북구 노해로33길 70,,37.64736472,127.0210547,2000,전용주,02-901-5863,서울특별시 강북구청,2025-08-12
10-20-01,1,서울특별시 강북구 노해로33길 66,,37.64725205,127.0210773,2000,전용주,02-901-5863,서울특별시 강북구청,2025-08-12
10-19-39,1,서울특별시 강북구 노해로33길 81,,37.64764329,127.0204489,2000,,02-901-5863,서울특별시 강북구청,2025-08-12
10-19-38,1,서울특별시 강북구 노해로35길 97,,37.64885205,127.0206144,2000,한전주,02-901-5863,서울특별시 강북구청,2025-08-12
10-19-37,1,서울특별시 강북구 노해로35길 61,,37.64784638,127.0221234,2000,한전주,02-901-5863,서울특별시 강북구청,2025-08-12
10-19-36,1,서울특별시 강북구 한천로170길 85,,37.64853569,127.0204939,2000,건축물,02-901-5863,서울특별시 강북구청,2025-08-12
10-19-34,1,서울특별시 강북구 노해로33길 88,,37.64794767,127.0204366,2000,건축물,02-901-5863,서울특별시 강북구청,2025-08-12
10-19-33,1,서울특별시 강북구 노해로33길 88,,37.64794952,127.0204336,2000,한전주,02-901-5863,서울특별시 강북구청,2025-08-12
10-19-31,1,서울특별시 강북구 노해로33길 78,,37.64762849,127.020746,2000,한전주,02-901-5863,서울특별시 강북구청,2025-08-12
10-19-27,1,서울특별시 강북구 노해로35가길 19,,37.64814623,127.0213376,2000,한전주,02-901-5863,서울특별시 강북구청,2025-08-12
10-19-26,1,서울특별시 강북구 한천로170길 97,,37.6482442,127.0212003,2000,한전주,02-901-5863,서울특별시 강북구청,2025-08-12
10-19-25,1,서울특별시 강북구 한천로170길 93,,37.64833157,127.0208705,2000,건축물,02-901-5863,서울특별시 강북구청,2025-08-12
10-19-24,2,서울특별시 강북구 노해로33길 88,,37.64794767,127.0204366,2000,한전주,02-901-5863,서울특별시 강북구청,2025-08-12
10-19-23,1,서울특별시 강북구 한천로170길 83,,37.64852546,127.0203467,2000,전용주,02-901-5863,서울특별시 강북구청,2025-08-12
10-19-22,1,서울특별시 강북구 한천로170길 73,,37.64845826,127.019849,2000,한전주,02-901-5863,서울특별시 강북구청,2025-08-12
10-19-21,1,서울특별시 강북구 한천로170길 73,,37.64845826,127.019849,2000,건축물,02-901-5863,서울특별시 강북구청,2025-08-12
10-19-20,1,서울특별시 강북구 노해로35가길 34,,37.64873671,127.0208312,2000,한전주,02-901-5863,서울특별시 강북구청,2025-08-12
10-19-18,1,서울특별시 강북구 노해로35가길 24,,37.64836311,127.0214141,2000,한전주,02-901-5863,서울특별시 강북구청,2025-08-12
10-19-17,1,서울특별시 강북구 노해로35가길 18,,37.64822027,127.0215746,2000,건축물,02-901-5863,서울특별시 강북구청,2025-08-12
10-19-16,2,서울특별시 강북구 노해로35길 67,,37.64804234,127.0218489,2000,한전주,02-901-5863,서울특별시 강북구청,2025-08-12
10-19-15,1,서울특별시 강북구 노해로35길 61,,37.64784638,127.0221234,2000,한전주,02-901-5863,서울특별시 강북구청,2025-08-12
10-19-05,1,서울특별시 강북구 노해로35길 105,,37.64873277,127.0203553,2000,건축물,02-901-5863,서울특별시 강북구청,2025-08-12
10-19-03,1,서울특별시 강북구 노해로35길 107,,37.64877631,127.0201734,2000,한전주,02-901-5863,서울특별시 강북구청,2025-08-12
10-19-02,1,서울특별시 강북구 노해로35길 111,,37.64872323,127.0199943,2000,전용주,02-901-5863,서울특별시 강북구청,2025-08-12
10-18-25,1,서울특별시 강북구 노해로33다길 22,,37.64773817,127.0199378,2000,전용주,02-901-5863,서울특별시 강북구청,2025-08-12
10-18-24,1,서울특별시 강북구 노해로27길 66,,37.64698111,127.0210016,2000,건축물,02-901-5863,서울특별시 강북구청,2025-08-12
10-18-23,1,서울특별시 강북구 노해로27길 88,,37.64740032,127.0199423,2000,전용주,02-901-5863,서울특별시 강북구청,2025-08-12
10-18-22,1,서울특별시 강북구 노해로27길 80,,37.64728104,127.0202271,2000,,02-901-5863,서울특별시 강북구청,2025-08-12
10-18-21,1,서울특별시 강북구 노해로33길 88,,37.64794767,127.0204366,2000,,02-901-5863,서울특별시 강북구청,2025-08-12
10-18-20,1,서울특별시 강북구 노해로33길 94,,37.64812735,127.020148,2000,한전주,02-901-5863,서울특별시 강북구청,2025-08-12
10-18-19,1,서울특별시 강북구 노해로33길 94,,37.64812486,127.0201464,2000,전용주,02-901-5863,서울특별시 강북구청,2025-08-12
10-18-18,1,서울특별시 강북구 노해로27길 64,,37.64692809,127.0211269,2000,건축물,02-901-5863,서울특별시 강북구청,2025-08-12
10-18-17,2,서울특별시 강북구 노해로33다길 1,,37.64712366,127.020807,2000,한전주,02-901-5863,서울특별시 강북구청,2025-08-12
10-18-16,1,서울특별시 강북구 노해로33길 95,,37.64801717,127.0198956,2000,건축물,02-901-5863,서울특별시 강북구청,2025-08-12
10-18-15,1,서울특별시 강북구 노해로27길 104,,37.64767809,127.0191571,2000,한전주,02-901-5863,서울특별시 강북구청,2025-08-12
10-18-14,1,서울특별시 강북구 노해로33다길 5,,37.64718476,127.0205683,2000,,02-901-5863,서울특별시 강북구청,2025-08-12
10-18-13,1,서울특별시 강북구 노해로27길 106,,37.64777513,127.0189627,2000,한전주,02-901-5863,서울특별시 강북구청,2025-08-12
10-18-12,1,서울특별시 강북구 한천로170길 64,,37.64804907,127.0193979,2000,건축물,02-901-5863,서울특별시 강북구청,2025-08-12
10-18-11,1,서울특별시 강북구 한천로170길 60,,37.64800271,127.019243,2000,건축물,02-901-5863,서울특별시 강북구청,2025-08-12
10-18-10,1,서울특별시 강북구 노해로33다길 28,,37.64779015,127.0196878,2000,한전주,02-901-5863,서울특별시 강북구청,2025-08-12
10-18-09,1,서울특별시 강북구 노해로33다길 17,,37.64748656,127.0200204,2000,,02-901-5863,서울특별시 강북구청,2025-08-12
10-18-08,1,서울특별시 강북구 노해로33다길 16,,37.64756005,127.0201894,2000,한전주,02-901-5863,서울특별시 강북구청,2025-08-12
10-18-07,1,서울특별시 강북구 노해로33다길 7,,37.64729959,127.0204534,2000,건축물,02-901-5863,서울특별시 강북구청,2025-08-12
10-18-06,1,서울특별시 강북구 노해로33다길 8,,37.64737508,127.0207018,2000,한전주,02-901-5863,서울특별시 강북구청,2025-08-12
10-18-05,2,서울특별시 강북구 노해로33길 71,,37.64729512,127.0208388,2000,한전주,02-901-5863,서울특별시 강북구청,2025-08-12
10-18-04,1,서울특별시 강북구 노해로33길 75,,37.64743711,127.0205763,2000,한전주,02-901-5863,서울특별시 강북구청,2025-08-12
10-18-03,1,서울특별시 강북구 노해로33길 95,,37.64802498,127.0198956,2000,건축물,02-901-5863,서울특별시 강북구청,2025-08-12
10-18-02,1,서울특별시 강북구 한천로170길 70,,37.64820468,127.0196937,2000,한전주,02-901-5863,서울특별시 강북구청,2025-08-12
10-17-27,1,서울특별시 강북구 노해로27길 7,,37.64487197,127.0231026,2000,전용주,02-901-5863,서울특별시 강북구청,2025-08-12
10-17-26,1,서울특별시 강북구 노해로22길 7,,37.64422733,127.0235872,2000,,02-901-5863,서울특별시 강북구청,2025-08-12
10-17-25,1,서울특별시 강북구 노해로21길 12,,37.64408122,127.0222634,2000,,02-901-5863,서울특별시 강북구청,2025-08-12
10-17-24,1,서울특별시 강북구 한천로150길 31,,37.64389525,127.0241466,2000,,02-901-5863,서울특별시 강북구청,2025-08-12
10-17-21,1,서울특별시 강북구 노해로22길 7,,37.64376644,127.0234233,2000,전용주,02-901-5863,서울특별시 강북구청,2025-08-12
10-17-20,1,서울특별시 강북구 노해로 90,,37.64348481,127.0230367,2000,한전주,02-901-5863,서울특별시 강북구청,2025-08-12
10-17-19,1,서울특별시 강북구 노해로22길 7,,37.64376644,127.0234233,2000,한전주,02-901-5863,서울특별시 강북구청,2025-08-12
10-17-18,1,서울특별시 강북구 노해로22길 7,,37.64402987,127.0236804,2000,한전주,02-901-5863,서울특별시 강북구청,2025-08-12
10-17-16,1,서울특별시 강북구 노해로 95,,37.64402163,127.0226834,2000,한전주,02-901-5863,서울특별시 강북구청,2025-08-12
10-17-15,1,서울특별시 강북구 노해로21길 8,,37.64397433,127.0224121,2000,한전주,02-901-5863,서울특별시 강북구청,2025-08-12
10-17-14,1,서울특별시 강북구 노해로21길 14,,37.64418821,127.022126,2000,한전주,02-901-5863,서울특별시 강북구청,2025-08-12
10-17-13,1,서울특별시 강북구 노해로21길 18,,37.64433949,127.0218974,2000,,02-901-5863,서울특별시 강북구청,2025-08-12
10-17-12,1,서울특별시 강북구 노해로23길 21,,37.64448317,127.0218388,2000,한전주,02-901-5863,서울특별시 강북구청,2025-08-12
10-17-11,2,서울특별시 강북구 노해로23길 21,,37.64448317,127.0218388,2000,한전주,02-901-5863,서울특별시 강북구청,2025-08-12
10-17-10,1,서울특별시 강북구 노해로23길 15,,37.64434099,127.0221006,2000,한전주,02-901-5863,서울특별시 강북구청,2025-08-12
10-17-09,1,서울특별시 강북구 노해로23길 9,,37.64418999,127.0223413,2000,한전주,02-901-5863,서울특별시 강북구청,2025-08-12
10-17-08,1,서울특별시 강북구 노해로23길 10,,37.64436229,127.022475,2000,건축물,02-901-5863,서울특별시 강북구청,2025-08-12
10-17-07,1,서울특별시 강북구 노해로23길 6,,37.6442663,127.0226699,2000,건축물,02-901-5863,서울특별시 강북구청,2025-08-12
10-17-06,1,서울특별시 강북구 노해로23길 6,,37.6442663,127.0226699,2000,,02-901-5863,서울특별시 강북구청,2025-08-12
10-17-05,1,서울특별시 강북구 노해로23길 6,,37.6442663,127.0226699,2000,한전주,02-901-5863,서울특별시 강북구청,2025-08-12
10-17-04,1,서울특별시 강북구 노해로23길 20,,37.64463186,127.0220084,2000,한전주,02-901-5863,서울특별시 강북구청,2025-08-12
10-17-03,1,서울특별시 강북구 노해로25길 20,,37.64509205,127.0224654,2000,한전주,02-901-5863,서울특별시 강북구청,2025-08-12
10-17-02,1,서울특별시 강북구 노해로25길 12,,37.64487873,127.0228195,2000,한전주,02-901-5863,서울특별시 강북구청,2025-08-12
10-17-01,1,서울특별시 강북구 노해로25길 8,,37.64477212,127.0230022,2000,한전주,02-901-5863,서울특별시 강북구청,2025-08-12
10-16-26,1,서울특별시 강북구 노해로23길 37,,37.64496311,127.0210393,2000,,02-901-5863,서울특별시 강북구청,2025-08-12
10-16-25,1,서울특별시 강북구 노해로23길 30,,37.64549579,127.0211683,2000,전용주,02-901-5863,서울특별시 강북구청,2025-08-12
10-16-24,1,서울특별시 강북구 노해로21길 46,,37.64503218,127.0206758,2000,,02-901-5863,서울특별시 강북구청,2025-08-12
10-16-23,1,서울특별시 강북구 노해로23길 24,,37.64478165,127.0217552,2000,건축물,02-901-5863,서울특별시 강북구청,2025-08-12
10-16-22,1,서울특별시 강북구 노해로23길 30,,37.64514583,127.0213429,2000,한전주,02-901-5863,서울특별시 강북구청,2025-08-12
10-16-21,1,서울특별시 강북구 노해로23길 30,,37.64537135,127.0213739,2000,,02-901-5863,서울특별시 강북구청,2025-08-12
10-16-20,1,서울특별시 강북구 노해로27길 39,,37.64580577,127.0217034,2000,,02-901-5863,서울특별시 강북구청,2025-08-12
10-16-19,1,서울특별시 강북구 노해로23길 46,,37.64527671,127.0209379,2000,건축물,02-901-5863,서울특별시 강북구청,2025-08-12
10-16-18,2,서울특별시 강북구 한천로 1098,,37.64378044,127.021848,2000,전용주,02-901-5863,서울특별시 강북구청,2025-08-12
10-16-17,1,서울특별시 강북구 삼각산로31길 41,,37.64304946,127.0205678,2000,한전주,02-901-5863,서울특별시 강북구청,2025-08-12
10-16-16,1,서울특별시 강북구 노해로21길 15,,37.64419422,127.0217633,2000,한전주,02-901-5863,서울특별시 강북구청,2025-08-12
10-16-15,1,서울특별시 강북구 노해로21길 25,,37.64437159,127.0213906,2000,한전주,02-901-5863,서울특별시 강북구청,2025-08-12
10-16-14,1,서울특별시 강북구 노해로21길 30,,37.64460536,127.0213613,2000,한전주,02-901-5863,서울특별시 강북구청,2025-08-12
10-16-13,1,서울특별시 강북구 노해로21길 42,,37.64488944,127.0208477,2000,한전주,02-901-5863,서울특별시 강북구청,2025-08-12
10-16-12,1,서울특별시 강북구 노해로21길 50,,37.64513945,127.0205724,2000,한전주,02-901-5863,서울특별시 강북구청,2025-08-12
10-16-11,1,서울특별시 강북구 노해로21길 47,,37.64503893,127.0204038,2000,한전주,02-901-5863,서울특별시 강북구청,2025-08-12
10-16-10,2,서울특별시 강북구 노해로23길 43,,37.64514114,127.0207764,2000,한전주,02-901-5863,서울특별시 강북구청,2025-08-12
10-16-09,1,서울특별시 강북구 노해로23길 37,,37.64496311,127.0210393,2000,한전주,02-901-5863,서울특별시 강북구청,2025-08-12
10-16-08,1,서울특별시 강북구 노해로23길 27,,37.64466965,127.0215078,2000,한전주,02-901-5863,서울특별시 강북구청,2025-08-12
10-16-07,1,서울특별시 강북구 노해로23길 30,,37.64511383,127.0218306,2000,건축물,02-901-5863,서울특별시 강북구청,2025-08-12
10-16-06,1,서울특별시 강북구 노해로23길 30,,37.64518487,127.021705,2000,전용주,02-901-5863,서울특별시 강북구청,2025-08-12
10-16-05,1,서울특별시 강북구 노해로 91,,37.64389501,127.022606,2000,전용주,02-901-5863,서울특별시 강북구청,2025-08-12
10-16-04,1,서울특별시 강북구 노해로25길 36,,37.64553642,127.0217231,2000,한전주,02-901-5863,서울특별시 강북구청,2025-08-12
10-16-03,1,서울특별시 강북구 노해로25길 34,,37.64546529,127.0218373,2000,건축물,02-901-5863,서울특별시 강북구청,2025-08-12
10-16-02,1,서울특별시 강북구 노해로25길 28,,37.64533221,127.0220883,2000,한전주,02-901-5863,서울특별시 강북구청,2025-08-12
10-16-01,1,서울특별시 강북구 노해로25길 26,,37.64526999,127.0221911,2000,한전주,02-901-5863,서울특별시 강북구청,2025-08-12
10-15-34,1,서울특별시 강북구 노해로23길 58,,37.64559855,127.0205211,2000,,02-901-5863,서울특별시 강북구청,2025-08-12
10-15-33,1,서울특별시 강북구 노해로23길 30,,37.64535971,127.0210568,2000,,02-901-5863,서울특별시 강북구청,2025-08-12
10-15-32,1,서울특별시 강북구 한천로160길 25,,37.64588948,127.0208346,2000,,02-901-5863,서울특별시 강북구청,2025-08-12
10-15-31,1,서울특별시 강북구 한천로160길 21,,37.64578042,127.0207227,2000,,02-901-5863,서울특별시 강북구청,2025-08-12
10-15-30,1,서울특별시 강북구 한천로162길 8,,37.64587745,127.0194043,2000,한전주,02-901-5863,서울특별시 강북구청,2025-08-12
10-15-29,1,서울특별시 강북구 노해로21길 70,,37.64574437,127.0196353,2000,건축물,02-901-5863,서울특별시 강북구청,2025-08-12
10-15-28,1,서울특별시 강북구 한천로 1126,,37.64542407,127.0195244,2000,한전주,02-901-5863,서울특별시 강북구청,2025-08-12
10-15-27,1,서울특별시 강북구 한천로 1124,,37.64539357,127.0197079,2000,한전주,02-901-5863,서울특별시 강북구청,2025-08-12
10-15-26,1,서울특별시 강북구 한천로160길 9,,37.64531719,127.0202755,2000,한전주,02-901-5863,서울특별시 강북구청,2025-08-12
10-15-25,1,서울특별시 강북구 한천로160길 9,,37.64531719,127.0202755,2000,건축물,02-901-5863,서울특별시 강북구청,2025-08-12
10-15-24,1,서울특별시 강북구 노해로23길 55,,37.6455062,127.0202503,2000,한전주,02-901-5863,서울특별시 강북구청,2025-08-12
10-15-23,1,서울특별시 강북구 노해로23길 63,,37.64567531,127.0200029,2000,한전주,02-901-5863,서울특별시 강북구청,2025-08-12
10-15-22,2,서울특별시 강북구 노해로23길 68,,37.64603587,127.0200168,2000,건축물,02-901-5863,서울특별시 강북구청,2025-08-12
10-15-21,1,서울특별시 강북구 노해로23길 68,,37.64603587,127.0200168,2000,건축물,02-901-5863,서울특별시 강북구청,2025-08-12
10-15-20,1,서울특별시 강북구 노해로23길 69,,37.64592494,127.0196783,2000,한전주,02-901-5863,서울특별시 강북구청,2025-08-12
10-15-19,2,서울특별시 강북구 노해로23길 68,,37.64603587,127.0200168,2000,건축물,02-901-5863,서울특별시 강북구청,2025-08-12
10-15-18,2,서울특별시 강북구 노해로23길 68,,37.64603587,127.0200168,2000,한전주,02-901-5863,서울특별시 강북구청,2025-08-12
10-15-17,1,서울특별시 강북구 한천로160길 19,,37.64620865,127.0202071,2000,건축물,02-901-5863,서울특별시 강북구청,2025-08-12
10-15-16,1,서울특별시 강북구 노해로23길 68,,37.64603587,127.0200168,2000,한전주,02-901-5863,서울특별시 강북구청,2025-08-12
10-15-15,1,서울특별시 강북구 노해로23길 58,,37.64559855,127.0205211,2000,전용주,02-901-5863,서울특별시 강북구청,2025-08-12
10-15-14,1,서울특별시 강북구 노해로23길 46,,37.64527671,127.020941,2000,한전주,02-901-5863,서울특별시 강북구청,2025-08-12
10-15-13,1,서울특별시 강북구 노해로27길 39,,37.64580304,127.0217034,2000,한전주,02-901-5863,서울특별시 강북구청,2025-08-12
10-15-12,1,서울특별시 강북구 한천로160길 26,,37.64579169,127.0209945,2000,건축물,02-901-5863,서울특별시 강북구청,2025-08-12
10-15-11,1,서울특별시 강북구 노해로25길 56,,37.64614221,127.0208879,2000,한전주,02-901-5863,서울특별시 강북구청,2025-08-12
10-15-10,1,서울특별시 강북구 노해로25길 58,,37.64624075,127.0208186,2000,한전주,02-901-5863,서울특별시 강북구청,2025-08-12
10-15-09,1,서울특별시 강북구 노해로25길 64,,37.64646429,127.0206117,2000,한전주,02-901-5863,서울특별시 강북구청,2025-08-12
10-15-08,2,서울특별시 강북구 한천로162길 30,,37.64657015,127.0203384,2000,한전주,02-901-5863,서울특별시 강북구청,2025-08-12
10-15-07,2,서울특별시 강북구 한천로162길 38,,37.6468149,127.0205165,2000,한전주,02-901-5863,서울특별시 강북구청,2025-08-12
10-15-06,1,서울특별시 강북구 한천로162길 34,,37.64667892,127.0204163,2000,한전주,02-901-5863,서울특별시 강북구청,2025-08-12
10-15-05,1,서울특별시 강북구 한천로160길 31,,37.64661135,127.0209611,2000,한전주,02-901-5863,서울특별시 강북구청,2025-08-12
10-15-04,1,서울특별시 강북구 한천로160길 31,,37.64619889,127.0212044,2000,한전주,02-901-5863,서울특별시 강북구청,2025-08-12
10-15-03,2,서울특별시 강북구 한천로160길 31,,37.64608975,127.0210812,2000,,02-901-5863,서울특별시 강북구청,2025-08-12
10-15-02,1,서울특별시 강북구 한천로160길 34,,37.64595639,127.0212983,2000,한전주,02-901-5863,서울특별시 강북구청,2025-08-12
10-15-01,1,서울특별시 강북구 한천로160길 36,,37.64604789,127.0214671,2000,한전주,02-901-5863,서울특별시 강북구청,2025-08-12
10-14-36,1,서울특별시 강북구 한천로166길 20,,37.64733014,127.0182337,2000,전용주,02-901-5863,서울특별시 강북구청,2025-08-12
10-14-35,1,서울특별시 강북구 한천로162길 37,,37.64688566,127.0203569,2000,건축물,02-901-5863,서울특별시 강북구청,2025-08-12
10-14-34,1,서울특별시 강북구 노해로27길 83,,37.64718479,127.0200302,2000,한전주,02-901-5863,서울특별시 강북구청,2025-08-12
10-14-33,1,서울특별시 강북구 노해로27길 91,,37.64736568,127.0196415,2000,건축물,02-901-5863,서울특별시 강북구청,2025-08-12
10-14-32,1,서울특별시 강북구 한천로166길 26,,37.64754462,127.0184974,2000,,02-901-5863,서울특별시 강북구청,2025-08-12
10-14-31,1,서울특별시 강북구 노해로21길 85,,37.64614506,127.0188946,2000,한전주,02-901-5863,서울특별시 강북구청,2025-08-12
10-14-30,1,서울특별시 강북구 한천로 1136,,37.64611496,127.0186899,2000,전용주,02-901-5863,서울특별시 강북구청,2025-08-12
10-14-29,1,서울특별시 강북구 노해로21길 90,,37.64639575,127.0188675,2000,건축물,02-901-5863,서울특별시 강북구청,2025-08-12
10-14-28,2,서울특별시 강북구 노해로21길 93,,37.64637557,127.0186072,2000,한전주,02-901-5863,서울특별시 강북구청,2025-08-12
10-14-27,1,서울특별시 강북구 한천로162길 7,,37.64603032,127.0193483,2000,건축물,02-901-5863,서울특별시 강북구청,2025-08-12
10-14-26,1,서울특별시 강북구 노해로21길 101,,37.6465962,127.0182074,2000,한전주,02-901-5863,서울특별시 강북구청,2025-08-12
10-14-25,1,서울특별시 강북구 노해로23길 105,,37.64698359,127.0182081,2000,,02-901-5863,서울특별시 강북구청,2025-08-12
10-14-24,1,서울특별시 강북구 한천로166길 2,,37.64673874,127.0178545,2000,한전주,02-901-5863,서울특별시 강북구청,2025-08-12
10-14-23,1,서울특별시 강북구 노해로23길 105,,37.64698359,127.0182081,2000,한전주,02-901-5863,서울특별시 강북구청,2025-08-12
10-14-22,1,서울특별시 강북구 노해로23길 100,,37.64697056,127.0186447,2000,건축물,02-901-5863,서울특별시 강북구청,2025-08-12
10-14-21,2,서울특별시 강북구 노해로23길 91,,37.64659321,127.0187743,2000,한전주,02-901-5863,서울특별시 강북구청,2025-08-12
10-14-20,1,서울특별시 강북구 노해로23길 83,,37.64634367,127.0191062,2000,한전주,02-901-5863,서울특별시 강북구청,2025-08-12
10-14-19,1,서울특별시 강북구 한천로162길 29,,37.64664062,127.0201448,2000,,02-901-5863,서울특별시 강북구청,2025-08-12
10-14-18,1,서울특별시 강북구 한천로162길 25,,37.64650275,127.0200218,2000,건축물,02-901-5863,서울특별시 강북구청,2025-08-12
10-14-17,1,서울특별시 강북구 한천로162길 25,,37.64650275,127.0200218,2000,,02-901-5863,서울특별시 강북구청,2025-08-12
10-14-16,1,서울특별시 강북구 노해로23길 80,,37.64633021,127.0194875,2000,한전주,02-901-5863,서울특별시 강북구청,2025-08-12
10-14-15,1,서울특별시 강북구 한천로162길 25,,37.64650275,127.0200218,2000,,02-901-5863,서울특별시 강북구청,2025-08-12
10-14-14,1,서울특별시 강북구 노해로23길 88,,37.64661831,127.0191234,2000,전용주,02-901-5863,서울특별시 강북구청,2025-08-12
10-14-13,1,서울특별시 강북구 노해로23길 88,,37.64661831,127.0191234,2000,한전주,02-901-5863,서울특별시 강북구청,2025-08-12
10-14-12,1,서울특별시 강북구 한천로166길 20,,37.64733014,127.0182337,2000,한전주,02-901-5863,서울특별시 강북구청,2025-08-12
10-14-11,1,서울특별시 강북구 한천로166길 20,,37.64733014,127.0182337,2000,전용주,02-901-5863,서울특별시 강북구청,2025-08-12
10-14-10,1,서울특별시 강북구 한천로166길 20,,37.6473483,127.0182337,2000,건축물,02-901-5863,서울특별시 강북구청,2025-08-12
10-14-09,1,서울특별시 강북구 한천로166길 26,,37.64750409,127.0184974,2000,한전주,02-901-5863,서울특별시 강북구청,2025-08-12
10-14-08,1,서울특별시 강북구 노해로23길 88,,37.64661831,127.0191234,2000,한전주,02-901-5863,서울특별시 강북구청,2025-08-12
10-14-07,1,서울특별시 강북구 노해로23길 88,,37.64661831,127.0191234,2000,한전주,02-901-5863,서울특별시 강북구청,2025-08-12
10-14-06,1,서울특별시 강북구 한천로162길 33,,37.64675553,127.0202376,2000,한전주,02-901-5863,서울특별시 강북구청,2025-08-12
10-14-05,1,서울특별시 강북구 한천로162길 33,,37.64675553,127.0202376,2000,,02-901-5863,서울특별시 강북구청,2025-08-12
10-14-04,2,서울특별시 강북구 한천로162길 33,,37.6467585,127.0202339,2000,한전주,02-901-5863,서울특별시 강북구청,2025-08-12
10-14-03,1,서울특별시 강북구 노해로27길 75,,37.64700354,127.020446,2000,건축물,02-901-5863,서울특별시 강북구청,2025-08-12
10-14-02,1,서울특별시 강북구 노해로27길 91,,37.64736568,127.0196415,2000,한전주,02-901-5863,서울특별시 강북구청,2025-08-12
10-14-01,1,서울특별시 강북구 노해로27길 97,,37.64745305,127.0192389,2000,건축물,02-901-5863,서울특별시 강북구청,2025-08-12
10-13-40,1,서울특별시 강북구 삼양로138길 84,,37.64845729,127.0186478,2000,,02-901-5863,서울특별시 강북구청,2025-08-12
10-13-39,1,서울특별시 강북구 노해로23길 124,,37.64753812,127.0175494,2000,,02-901-5863,서울특별시 강북구청,2025-08-12
10-13-38,1,서울특별시 강북구 노해로23길 137,,37.64779942,127.0166733,2000,한전주,02-901-5863,서울특별시 강북구청,2025-08-12
10-13-37,1,서울특별시 강북구 노해로23길 133,,37.64763166,127.0168795,2000,한전주,02-901-5863,서울특별시 강북구청,2025-08-12
10-13-36,1,서울특별시 강북구 노해로23길 125,,37.64750049,127.0172326,2000,한전주,02-901-5863,서울특별시 강북구청,2025-08-12
10-13-35,1,서울특별시 강북구 노해로23길 123,,37.64740147,127.0173698,2000,한전주,02-901-5863,서울특별시 강북구청,2025-08-12
10-13-34,1,서울특별시 강북구 노해로23길 115,,37.64717935,127.0177467,2000,한전주,02-901-5863,서울특별시 강북구청,2025-08-12
10-13-33,1,서울특별시 강북구 한천로166길 5,,37.64744275,127.016916,2000,한전주,02-901-5863,서울특별시 강북구청,2025-08-12
10-13-32,1,서울특별시 강북구 한천로 1154,,37.64707765,127.0172922,2000,한전주,02-901-5863,서울특별시 강북구청,2025-08-12
10-13-31,1,서울특별시 강북구 한천로166길 5,,37.6471144,127.0175209,2000,한전주,02-901-5863,서울특별시 강북구청,2025-08-12
10-13-30,1,서울특별시 강북구 한천로 1148,,37.64676454,127.0177068,2000,건축물,02-901-5863,서울특별시 강북구청,2025-08-12
10-13-29,1,서울특별시 강북구 한천로166길 7,,37.64695459,127.0178063,2000,한전주,02-901-5863,서울특별시 강북구청,2025-08-12
10-13-28,2,서울특별시 강북구 한천로166길 11,,37.64712605,127.0178381,2000,한전주,02-901-5863,서울특별시 강북구청,2025-08-12
10-13-27,1,서울특별시 강북구 한천로166길 25,,37.64765302,127.0183637,2000,한전주,02-901-5863,서울특별시 강북구청,2025-08-12
10-13-25,1,서울특별시 강북구 한천로166길 17,,37.64736035,127.018046,2000,건축물,02-901-5863,서울특별시 강북구청,2025-08-12
10-13-24,1,서울특별시 강북구 한천로170길 32,,37.64786705,127.0175568,2000,한전주,02-901-5863,서울특별시 강북구청,2025-08-12
10-13-23,1,서울특별시 강북구 한천로170길 32,,37.64786705,127.0175568,2000,건축물,02-901-5863,서울특별시 강북구청,2025-08-12
10-13-22,1,서울특별시 강북구 삼양로138길 66,,37.64839981,127.0174037,2000,한전주,02-901-5863,서울특별시 강북구청,2025-08-12
10-13-20,1,서울특별시 강북구 한천로170길 41,,37.64812882,127.0181535,2000,한전주,02-901-5863,서울특별시 강북구청,2025-08-12
10-13-19,1,서울특별시 강북구 한천로166길 29,,37.64780768,127.018543,2000,한전주,02-901-5863,서울특별시 강북구청,2025-08-12
10-13-18,1,서울특별시 강북구 한천로170길 41,,37.64812882,127.0181535,2000,한전주,02-901-5863,서울특별시 강북구청,2025-08-12
10-13-17,1,서울특별시 강북구 한천로170길 69,,37.64832067,127.0195562,2000,한전주,02-901-5863,서울특별시 강북구청,2025-08-12
10-13-16,2,서울특별시 강북구 한천로170길 61,,37.64828059,127.0192093,2000,한전주,02-901-5863,서울특별시 강북구청,2025-08-12
10-13-15,1,서울특별시 강북구 한천로170길 57,,37.6480546,127.0189817,2000,한전주,02-901-5863,서울특별시 강북구청,2025-08-12
10-13-14,1,서울특별시 강북구 한천로170길 53,,37.64800862,127.018869,2000,한전주,02-901-5863,서울특별시 강북구청,2025-08-12
10-13-13,1,서울특별시 강북구 삼양로138길 84,,37.64820522,127.0186738,2000,전용주,02-901-5863,서울특별시 강북구청,2025-08-12
10-13-12,1,서울특별시 강북구 한천로170길 51,,37.64801482,127.0186881,2000,건축물,02-901-5863,서울특별시 강북구청,2025-08-12
10-13-11,1,서울특별시 강북구 한천로170길 51,,37.64801482,127.0186881,2000,전용주,02-901-5863,서울특별시 강북구청,2025-08-12
10-13-10,1,서울특별시 강북구 노해로33길 107,,37.64856436,127.0196042,2000,,02-901-5863,서울특별시 강북구청,2025-08-12
10-13-09,1,서울특별시 강북구 노해로33길 107,,37.64858832,127.0196042,2000,전용주,02-901-5863,서울특별시 강북구청,2025-08-12
10-13-05,1,서울특별시 강북구 한천로170길 41,,37.64812882,127.0181535,2000,한전주,02-901-5863,서울특별시 강북구청,2025-08-12
10-13-04,2,서울특별시 강북구 삼양로138길 102,,37.64867213,127.0195629,2000,한전주,02-901-5863,서울특별시 강북구청,2025-08-12
10-13-02,1,서울특별시 강북구 삼양로138길 74,,37.64817094,127.0178017,2000,,02-901-5863,서울특별시 강북구청,2025-08-12
10-13-01,1,서울특별시 강북구 삼양로138길 68,,37.6483592,127.0176859,2000,한전주,02-901-5863,서울특별시 강북구청,2025-08-12
10-12-43,1,서울특별시 강북구 삼양로 510,,37.64862857,127.014328,2000,건축물,02-901-5863,서울특별시 강북구청,2025-08-12
10-12-42,1,서울특별시 강북구 삼양로136길 22,,37.64875306,127.0152103,2000,한전주,02-901-5863,서울특별시 강북구청,2025-08-12
10-12-40,1,서울특별시 강북구 한천로170길 19,,37.64813675,127.0169409,2000,한전주,02-901-5863,서울특별시 강북구청,2025-08-12
10-12-39,1,서울특별시 강북구 한천로170길 9,,37.64808803,127.0165028,2000,한전주,02-901-5863,서울특별시 강북구청,2025-08-12
10-12-38,1,서울특별시 강북구 한천로 1168,,37.64802005,127.0159112,2000,한전주,02-901-5863,서울특별시 강북구청,2025-08-12
10-12-37,1,서울특별시 강북구 한천로170길 1,,37.64816477,127.0159773,2000,한전주,02-901-5863,서울특별시 강북구청,2025-08-12
10-12-36,1,서울특별시 강북구 한천로172가길 15,,37.6483351,127.0158731,2000,한전주,02-901-5863,서울특별시 강북구청,2025-08-12
10-12-35,1,서울특별시 강북구 한천로172가길 9,,37.64843193,127.0155998,2000,전용주,02-901-5863,서울특별시 강북구청,2025-08-12
10-12-34,1,서울특별시 강북구 한천로172가길 5,,37.64852849,127.0152926,2000,,02-901-5863,서울특별시 강북구청,2025-08-12
10-12-33,1,서울특별시 강북구 한천로 1174,,37.64830307,127.0152729,2000,전용주,02-901-5863,서울특별시 강북구청,2025-08-12
10-12-32,2,서울특별시 강북구 한천로 1174,,37.64830307,127.0152729,2000,한전주,02-901-5863,서울특별시 강북구청,2025-08-12
10-10-35,1,서울특별시 강북구 삼양로124길 15,,37.64525037,127.0165709,2000,전용주,02-901-5863,서울특별시 강북구청,2025-08-12
10-10-34,1,서울특별시 강북구 삼양로124길 25,,37.64562088,127.0166994,2000,전용주,02-901-5863,서울특별시 강북구청,2025-08-12
10-10-33,1,서울특별시 강북구 삼양로 470,,37.64512775,127.0158342,2000,건축물,02-901-5863,서울특별시 강북구청,2025-08-12
10-10-32,1,서울특별시 강북구 삼양로124길 7,,37.645207,127.0161623,2000,건축물,02-901-5863,서울특별시 강북구청,2025-08-12
10-09-35,1,서울특별시 강북구 삼양로116길 37,,37.64394013,127.0182879,2000,,02-901-5863,서울특별시 강북구청,2025-08-12
10-09-34,1,서울특별시 강북구 삼양로116길 33,,37.643884,127.0180393,2000,,02-901-5863,서울특별시 강북구청,2025-08-12
10-09-33,1,서울특별시 강북구 삼양로122길 9,,37.64481556,127.0162934,2000,건축물,02-901-5863,서울특별시 강북구청,2025-08-12
10-09-32,1,서울특별시 강북구 삼양로 468,,37.64493896,127.0159631,2000,전용주,02-901-5863,서울특별시 강북구청,2025-08-12
10-09-31,2,서울특별시 강북구 삼양로124길 14,,37.64507549,127.0165604,2000,한전주,02-901-5863,서울특별시 강북구청,2025-08-12
10-06-46,1,서울특별시 강북구 삼각산로33길 11,,37.64236541,127.0207108,2000,건축물,02-901-5863,서울특별시 강북구청,2025-08-12
10-06-45,1,서울특별시 강북구 노해로19길 26,,37.64247549,127.0209473,2000,,02-901-5863,서울특별시 강북구청,2025-08-12
10-06-44,1,서울특별시 강북구 한천로153길 4,,37.64347094,127.0214668,2000,,02-901-5863,서울특별시 강북구청,2025-08-12
10-06-43,1,서울특별시 강북구 노해로19길 8,,37.6429407,127.0216324,2000,한전주,02-901-5863,서울특별시 강북구청,2025-08-12
10-06-42,1,서울특별시 강북구 노해로19길 6,,37.64309264,127.0217651,2000,한전주,02-901-5863,서울특별시 강북구청,2025-08-12
10-06-41,1,서울특별시 강북구 한천로 1093,,37.64323078,127.0218439,2000,전용주,02-901-5863,서울특별시 강북구청,2025-08-12
10-06-40,1,서울특별시 강북구 한천로 1095,,37.6434104,127.0217736,2000,건축물,02-901-5863,서울특별시 강북구청,2025-08-12
10-06-39,1,서울특별시 강북구 한천로 1099,,37.64355168,127.0214606,2000,건축물,02-901-5863,서울특별시 강북구청,2025-08-12
10-06-38,2,서울특별시 강북구 한천로155길 7,,37.64360101,127.0208532,2000,한전주,02-901-5863,서울특별시 강북구청,2025-08-12
10-06-37,1,서울특별시 강북구 한천로155길 5,,37.64363204,127.0210145,2000,건축물,02-901-5863,서울특별시 강북구청,2025-08-12
10-06-36,1,서울특별시 강북구 노해로19길 12,,37.64287439,127.0215826,2000,한전주,02-901-5863,서울특별시 강북구청,2025-08-12
10-06-35,1,서울특별시 강북구 노해로19길 12,,37.64287439,127.0215826,2000,,02-901-5863,서울특별시 강북구청,2025-08-12
10-06-34,1,서울특별시 강북구 노해로19길 12,,37.64287538,127.0215826,2000,한전주,02-901-5863,서울특별시 강북구청,2025-08-12
10-06-33,1,서울특별시 강북구 노해로19길 14,,37.64282207,127.0214643,2000,한전주,02-901-5863,서울특별시 강북구청,2025-08-12
10-06-32,1,서울특별시 강북구 노해로19길 18,,37.64263119,127.0212512,2000,한전주,02-901-5863,서울특별시 강북구청,2025-08-12
10-06-31,1,서울특별시 강북구 노해로19길 16,,37.64273261,127.021383,2000,한전주,02-901-5863,서울특별시 강북구청,2025-08-12
10-05-46,1,서울특별시 강북구 삼양로 450,,37.64348322,127.0164356,2000,전용주,02-901-5863,서울특별시 강북구청,2025-08-12
10-05-45,1,서울특별시 강북구 삼각산로 133,,37.64114396,127.0190158,2000,,02-901-5863,서울특별시 강북구청,2025-08-12
10-05-44,1,서울특별시 강북구 삼양로112길 19,,37.64270125,127.0175831,2000,건축물,02-901-5863,서울특별시 강북구청,2025-08-12
10-05-43,1,서울특별시 강북구 삼양로116길 6,,37.64322345,127.0166203,2000,전용주,02-901-5863,서울특별시 강북구청,2025-08-12
10-05-42,1,서울특별시 강북구 삼양로 450,,37.64348322,127.0164356,2000,한전주,02-901-5863,서울특별시 강북구청,2025-08-12
10-05-40,1,서울특별시 강북구 삼양로112길 9,,37.6425606,127.0170756,2000,한전주,02-901-5863,서울특별시 강북구청,2025-08-12
10-05-39,1,서울특별시 강북구 삼양로112길 15,,37.6426675,127.017384,2000,전용주,02-901-5863,서울특별시 강북구청,2025-08-12
10-05-38,2,서울특별시 강북구 삼양로 450,,37.64348322,127.0164356,2000,한전주,02-901-5863,서울특별시 강북구청,2025-08-12
10-05-37,1,서울특별시 강북구 삼양로116길 12,,37.64329798,127.0169139,2000,건축물,02-901-5863,서울특별시 강북구청,2025-08-12
10-05-36,1,서울특별시 강북구 삼양로116길 14,,37.6433709,127.0170149,2000,,02-901-5863,서울특별시 강북구청,2025-08-12
10-05-35,1,서울특별시 강북구 삼양로118길 6,,37.64392486,127.0164524,2000,한전주,02-901-5863,서울특별시 강북구청,2025-08-12
10-05-34,1,서울특별시 강북구 삼양로118길 6,,37.64392486,127.0164524,2000,한전주,02-901-5863,서울특별시 강북구청,2025-08-12
10-05-33,1,서울특별시 강북구 삼양로118길 4,,37.64378071,127.0164543,2000,건축물,02-901-5863,서울특별시 강북구청,2025-08-12
10-05-32,2,서울특별시 강북구 삼양로118길 4,,37.64360166,127.0165926,2000,한전주,02-901-5863,서울특별시 강북구청,2025-08-12
09-26-57,1,서울특별시 강북구 인수봉로19가길 10,,37.62607159,127.0116801,2000,전용주,02-901-5863,서울특별시 강북구청,2025-08-12
09-26-56,1,서울특별시 강북구 인수봉로19나길 32,,37.62714494,127.010737,2000,건축물,02-901-5863,서울특별시 강북구청,2025-08-12
09-26-54,1,서울특별시 강북구 인수봉로19길 33,,37.62666023,127.0120349,2000,한전주,02-901-5863,서울특별시 강북구청,2025-08-12
09-26-53,1,서울특별시 강북구 삼각산로 5,,37.63785114,127.0056016,2000,건축물,02-901-5863,서울특별시 강북구청,2025-08-12
09-26-52,1,서울특별시 강북구 삼각산로 5,,37.63785114,127.0056016,2000,전용주,02-901-5863,서울특별시 강북구청,2025-08-12
09-26-51,1,서울특별시 강북구 삼각산로 5,,37.63785114,127.0056016,2000,전용주,02-901-5863,서울특별시 강북구청,2025-08-12
09-26-49,1,서울특별시 강북구 삼각산로 5,,37.63785114,127.0056016,2000,전용주,02-901-5863,서울특별시 강북구청,2025-08-12
09-26-48,1,서울특별시 강북구 삼각산로 5,,37.63785114,127.0056016,2000,건축물,02-901-5863,서울특별시 강북구청,2025-08-12
09-26-47,1,서울특별시 강북구 인수봉로23가길 4,,37.62745392,127.0110501,2000,한전주,02-901-5863,서울특별시 강북구청,2025-08-12
09-26-46,1,서울특별시 강북구 인수봉로23가길 4,,37.62746406,127.0111859,2000,한전주,02-901-5863,서울특별시 강북구청,2025-08-12
09-26-45,1,서울특별시 강북구 인수봉로23가길 4,,37.62746406,127.0111859,2000,건축물,02-901-5863,서울특별시 강북구청,2025-08-12
09-26-44,1,서울특별시 강북구 인수봉로19나길 28,,37.62694483,127.0107256,2000,건축물,02-901-5863,서울특별시 강북구청,2025-08-12
09-26-43,1,서울특별시 강북구 인수봉로23가길 6,,37.62747672,127.0113464,2000,건축물,02-901-5863,서울특별시 강북구청,2025-08-12
09-26-42,1,서울특별시 강북구 인수봉로19나길 32,,37.62714494,127.010737,2000,전용주,02-901-5863,서울특별시 강북구청,2025-08-12
09-26-41,1,서울특별시 강북구 인수봉로19나길 28,,37.62694483,127.0107256,2000,전용주,02-901-5863,서울특별시 강북구청,2025-08-12
09-26-40,1,서울특별시 강북구 인수봉로19나길 25,,37.6267748,127.0106512,2000,건축물,02-901-5863,서울특별시 강북구청,2025-08-12
09-26-39,1,서울특별시 강북구 인수봉로19나길 20,,37.62696732,127.0110452,2000,한전주,02-901-5863,서울특별시 강북구청,2025-08-12
09-26-38,1,서울특별시 강북구 인수봉로19가길 18,,37.6257446,127.0113672,2000,건축물,02-901-5863,서울특별시 강북구청,2025-08-12
09-26-37,1,서울특별시 강북구 인수봉로19가길 14,,37.62592545,127.0114442,2000,한전주,02-901-5863,서울특별시 강북구청,2025-08-12
09-26-36,1,서울특별시 강북구 인수봉로19가길 12,,37.62600124,127.0115678,2000,한전주,02-901-5863,서울특별시 강북구청,2025-08-12
09-26-35,1,서울특별시 강북구 인수봉로19가길 10,,37.62607159,127.0116801,2000,건축물,02-901-5863,서울특별시 강북구청,2025-08-12
09-26-34,1,서울특별시 강북구 인수봉로19가길 10,,37.62615989,127.0114637,2000,한전주,02-901-5863,서울특별시 강북구청,2025-08-12
09-26-33,1,서울특별시 강북구 인수봉로23가길 35,,37.62623707,127.0110639,2000,전용주,02-901-5863,서울특별시 강북구청,2025-08-12
09-26-32,1,서울특별시 강북구 인수봉로23가길 35,,37.62623707,127.0110639,2000,전용주,02-901-5863,서울특별시 강북구청,2025-08-12
09-26-31,1,서울특별시 강북구 인수봉로19가길 10,,37.62585945,127.0110938,2000,한전주,02-901-5863,서울특별시 강북구청,2025-08-12
09-26-30,1,서울특별시 강북구 인수봉로19가길 10,,37.62585945,127.0110938,2000,전용주,02-901-5863,서울특별시 강북구청,2025-08-12
09-26-29,1,서울특별시 강북구 인수봉로19가길 10,,37.62585945,127.0110938,2000,전용주,02-901-5863,서울특별시 강북구청,2025-08-12
09-26-28,1,서울특별시 강북구 인수봉로19가길 10,,37.62585945,127.0110938,2000,전용주,02-901-5863,서울특별시 강북구청,2025-08-12
09-26-27,1,서울특별시 강북구 인수봉로19가길 10,,37.62585945,127.0110938,2000,전용주,02-901-5863,서울특별시 강북구청,2025-08-12
09-26-26,1,서울특별시 강북구 인수봉로23가길 43,,37.62600681,127.0107317,2000,한전주,02-901-5863,서울특별시 강북구청,2025-08-12
09-26-25,1,서울특별시 강북구 인수봉로23가길 56,,37.62586912,127.0100968,2000,전용주,02-901-5863,서울특별시 강북구청,2025-08-12
09-26-24,1,서울특별시 강북구 인수봉로23가길 56,,37.62586912,127.0100968,2000,한전주,02-901-5863,서울특별시 강북구청,2025-08-12
09-26-23,1,서울특별시 강북구 인수봉로23가길 52,,37.6259008,127.0103117,2000,한전주,02-901-5863,서울특별시 강북구청,2025-08-12
09-26-22,1,서울특별시 강북구 인수봉로23가길 46,,37.62598947,127.0104804,2000,한전주,02-901-5863,서울특별시 강북구청,2025-08-12
09-26-21,1,서울특별시 강북구 인수봉로23가길 46,,37.6259908,127.0104793,2000,한전주,02-901-5863,서울특별시 강북구청,2025-08-12
09-26-20,1,서울특별시 강북구 인수봉로23가길 46,,37.6259908,127.0104793,2000,전용주,02-901-5863,서울특별시 강북구청,2025-08-12
09-26-19,1,서울특별시 강북구 인수봉로23가길 46,,37.6259908,127.0104793,2000,한전주,02-901-5863,서울특별시 강북구청,2025-08-12
09-26-18,2,서울특별시 강북구 인수봉로23가길 36,,37.62635737,127.010910,2000,건축물,02-901-5863,서울특별시 강북구청,2025-08-12
09-26-17,2,서울특별시 강북구 인수봉로23가길 36,,37.62635737,127.010910,2000,전용주,02-901-5863,서울특별시 강북구청,2025-08-12
09-26-16,1,서울특별시 강북구 인수봉로23가길 36,,37.62636246,127.0109059,2000,한전주,02-901-5863,서울특별시 강북구청,2025-08-12
09-26-15,1,서울특별시 강북구 인수봉로23가길 28,,37.6265876,127.0110517,2000,한전주,02-901-5863,서울특별시 강북구청,2025-08-12
09-26-14,1,서울특별시 강북구 인수봉로23가길 32,,37.62645359,127.0110293,2000,한전주,02-901-5863,서울특별시 강북구청,2025-08-12
09-26-13,1,서울특별시 강북구 인수봉로19나길 11,,37.62666413,127.0114231,2000,건축물,02-901-5863,서울특별시 강북구청,2025-08-12
09-26-12,2,서울특별시 강북구 인수봉로23가길 24,,37.62676067,127.0111159,2000,한전주,02-901-5863,서울특별시 강북구청,2025-08-12
09-26-11,2,서울특별시 강북구 인수봉로23가길 20,,37.62696864,127.0111793,2000,한전주,02-901-5863,서울특별시 강북구청,2025-08-12
09-26-10,1,서울특별시 강북구 인수봉로23가길 14,,37.62713868,127.0110656,2000,건축물,02-901-5863,서울특별시 강북구청,2025-08-12
09-26-09,1,서울특별시 강북구 인수봉로23가길 14,,37.62723077,127.0113023,2000,전용주,02-901-5863,서울특별시 강북구청,2025-08-12
09-26-08,1,서울특별시 강북구 인수봉로19길 29,,37.62635259,127.0118803,2000,건축물,02-901-5863,서울특별시 강북구청,2025-08-12
09-26-07,1,서울특별시 강북구 인수봉로19길 29,,37.6262606,127.011655,2000,한전주,02-901-5863,서울특별시 강북구청,2025-08-12
09-26-06,1,서울특별시 강북구 인수봉로19나길 7,,37.62663273,127.0116752,2000,한전주,02-901-5863,서울특별시 강북구청,2025-08-12
09-26-05,1,서울특별시 강북구 인수봉로19나길 7,,37.62663909,127.0116613,2000,한전주,02-901-5863,서울특별시 강북구청,2025-08-12
09-26-04,1,서울특별시 강북구 인수봉로19나길 6,,37.62679931,127.0117998,2000,한전주,02-901-5863,서울특별시 강북구청,2025-08-12
09-26-03,1,서울특별시 강북구 인수봉로19나길 6,,37.62679931,127.0117364,2000,한전주,02-901-5863,서울특별시 강북구청,2025-08-12
09-26-02,1,서울특별시 강북구 인수봉로19길 39,,37.62690615,127.0119087,2000,건축물,02-901-5863,서울특별시 강북구청,2025-08-12
09-26-01,1,서울특별시 강북구 인수봉로 83,,37.62729904,127.0119245,2000,건축물,02-901-5863,서울특별시 강북구청,2025-08-12
09-25-55,1,서울특별시 강북구 인수봉로23길 14,,37.62802263,127.0121897,2000,건축물,02-901-5863,서울특별시 강북구청,2025-08-12
09-25-53,1,서울특별시 강북구 인수봉로23길 22,,37.62816888,127.0114258,2000,한전주,02-901-5863,서울특별시 강북구청,2025-08-12
09-25-52,1,서울특별시 강북구 인수봉로23길 14,,37.62802263,127.0121897,2000,한전주,02-901-5863,서울특별시 강북구청,2025-08-12
09-25-51,1,서울특별시 강북구 인수봉로23길 14,,37.62802263,127.0121897,2000,한전주,02-901-5863,서울특별시 강북구청,2025-08-12
09-25-50,1,서울특별시 강북구 인수봉로23길 34,,37.62784985,127.0109882,2000,한전주,02-901-5863,서울특별시 강북구청,2025-08-12
09-25-49,1,서울특별시 강북구 삼각산로 5,,37.63785114,127.0056016,2000,,02-901-5863,서울특별시 강북구청,2025-08-12
09-25-48,1,서울특별시 강북구 삼각산로 5,,37.63785114,127.0056016,2000,,02-901-5863,서울특별시 강북구청,2025-08-12
09-25-47,1,서울특별시 강북구 삼각산로 5,,37.63785114,127.0056016,2000,한전주,02-901-5863,서울특별시 강북구청,2025-08-12
09-25-46,1,서울특별시 강북구 삼각산로 5,,37.63785114,127.0056016,2000,한전주,02-901-5863,서울특별시 강북구청,2025-08-12
09-25-45,1,서울특별시 강북구 삼각산로 5,,37.63785114,127.0056016,2000,한전주,02-901-5863,서울특별시 강북구청,2025-08-12
09-25-44,1,서울특별시 강북구 인수봉로23길 18,,37.62799931,127.0118893,2000,,02-901-5863,서울특별시 강북구청,2025-08-12
09-25-43,1,서울특별시 강북구 삼각산로 5,,37.63785114,127.0056016,2000,전용주,02-901-5863,서울특별시 강북구청,2025-08-12
09-25-42,1,서울특별시 강북구 삼각산로 5,,37.63785114,127.0056016,2000,한전주,02-901-5863,서울특별시 강북구청,2025-08-12
09-25-41,2,서울특별시 강북구 삼각산로 5,,37.63785114,127.0056016,2000,한전주,02-901-5863,서울특별시 강북구청,2025-08-12
09-25-40,1,서울특별시 강북구 삼각산로 5,,37.63785114,127.0056016,2000,한전주,02-901-5863,서울특별시 강북구청,2025-08-12
09-25-39,1,서울특별시 강북구 삼각산로 5,,37.63785114,127.0056016,2000,,02-901-5863,서울특별시 강북구청,2025-08-12
09-25-38,1,서울특별시 강북구 삼각산로 5,,37.63785114,127.0056016,2000,한전주,02-901-5863,서울특별시 강북구청,2025-08-12
09-25-37,2,서울특별시 강북구 삼각산로 5,,37.63785114,127.0056016,2000,,02-901-5863,서울특별시 강북구청,2025-08-12
09-25-35,1,서울특별시 강북구 삼각산로 5,,37.63785114,127.0056016,2000,,02-901-5863,서울특별시 강북구청,2025-08-12
09-25-34,1,서울특별시 강북구 삼각산로 5,,37.63785114,127.0056016,2000,한전주,02-901-5863,서울특별시 강북구청,2025-08-12
09-25-33,1,서울특별시 강북구 삼각산로 5,,37.63785114,127.0056016,2000,한전주,02-901-5863,서울특별시 강북구청,2025-08-12
09-25-32,1,서울특별시 강북구 삼각산로 5,,37.63785114,127.0056016,2000,한전주,02-901-5863,서울특별시 강북구청,2025-08-12
09-25-31,1,서울특별시 강북구 삼각산로 5,,37.63785114,127.0056016,2000,한전주,02-901-5863,서울특별시 강북구청,2025-08-12
09-25-30,1,서울특별시 강북구 삼각산로 5,,37.63785114,127.0056016,2000,한전주,02-901-5863,서울특별시 강북구청,2025-08-12
09-25-29,1,서울특별시 강북구 삼각산로 5,,37.63785114,127.0056016,2000,한전주,02-901-5863,서울특별시 강북구청,2025-08-12
09-25-28,1,서울특별시 강북구 삼각산로 5,,37.63785114,127.0056016,2000,한전주,02-901-5863,서울특별시 강북구청,2025-08-12
09-25-27,1,서울특별시 강북구 삼각산로 5,,37.63785114,127.0056016,2000,한전주,02-901-5863,서울특별시 강북구청,2025-08-12
09-25-24,1,서울특별시 강북구 인수봉로23길 56,,37.62776071,127.0100264,2000,건축물,02-901-5863,서울특별시 강북구청,2025-08-12
09-25-23,1,서울특별시 강북구 삼각산로 5,,37.63785114,127.0056016,2000,전용주,02-901-5863,서울특별시 강북구청,2025-08-12
09-25-18,1,서울특별시 강북구 삼각산로 5,,37.63785114,127.0056016,2000,전용주,02-901-5863,서울특별시 강북구청,2025-08-12
09-25-17,1,서울특별시 강북구 삼각산로 5,,37.63785114,127.0056016,2000,한전주,02-901-5863,서울특별시 강북구청,2025-08-12
09-25-16,1,서울특별시 강북구 인수봉로23길 56,,37.62792468,127.0102395,2000,한전주,02-901-5863,서울특별시 강북구청,2025-08-12
09-25-15,1,서울특별시 강북구 인수봉로23길 54,,37.6275534,127.0100178,2000,한전주,02-901-5863,서울특별시 강북구청,2025-08-12
09-25-14,1,서울특별시 강북구 인수봉로23길 54,,37.6275534,127.0100178,2000,한전주,02-901-5863,서울특별시 강북구청,2025-08-12
09-25-13,1,서울특별시 강북구 인수봉로23길 40,,37.62774834,127.0106652,2000,전용주,02-901-5863,서울특별시 강북구청,2025-08-12
09-25-12,1,서울특별시 강북구 인수봉로23길 40,,37.627748,127.010661,2000,한전주,02-901-5863,서울특별시 강북구청,2025-08-12
09-25-11,1,서울특별시 강북구 인수봉로23길 36,,37.62783079,127.0108638,2000,건축물,02-901-5863,서울특별시 강북구청,2025-08-12
09-25-10,1,서울특별시 강북구 인수봉로23길 32,,37.6278647,127.0111748,2000,건축물,02-901-5863,서울특별시 강북구청,2025-08-12
09-25-09,1,서울특별시 강북구 인수봉로23길 28,,37.62788864,127.011294,2000,건축물,02-901-5863,서울특별시 강북구청,2025-08-12
09-25-08,1,서울특별시 강북구 인수봉로23길 14,,37.62802263,127.0121897,2000,한전주,02-901-5863,서울특별시 강북구청,2025-08-12
09-25-07,1,서울특별시 강북구 인수봉로23길 18,,37.62794878,127.0118243,2000,한전주,02-901-5863,서울특별시 강북구청,2025-08-12
09-25-06,1,서울특별시 강북구 인수봉로23길 22,,37.62816888,127.0114258,2000,한전주,02-901-5863,서울특별시 강북구청,2025-08-12
09-25-04,1,서울특별시 강북구 인수봉로23길 14,,37.62802263,127.0121897,2000,전용주,02-901-5863,서울특별시 강북구청,2025-08-12
09-25-03,1,서울특별시 강북구 인수봉로23길 14,,37.62802263,127.0121897,2000,한전주,02-901-5863,서울특별시 강북구청,2025-08-12
09-25-02,1,서울특별시 강북구 인수봉로23가길 3,,37.62770768,127.0118286,2000,한전주,02-901-5863,서울특별시 강북구청,2025-08-12
09-25-01,2,서울특별시 강북구 인수봉로23가길 3,,37.62770768,127.0118286,2000,한전주,02-901-5863,서울특별시 강북구청,2025-08-12
09-24-15,1,서울특별시 강북구 인수봉로29길 3,,37.62987618,127.0130233,2000,전용주,02-901-5863,서울특별시 강북구청,2025-08-12
09-24-13,1,서울특별시 강북구 인수봉로27길 7,,37.62930319,127.0126267,2000,전용주,02-901-5863,서울특별시 강북구청,2025-08-12
09-24-12,1,서울특별시 강북구 인수봉로27길 7,,37.62930319,127.0126267,2000,건축물,02-901-5863,서울특별시 강북구청,2025-08-12
09-24-11,1,서울특별시 강북구 인수봉로27길 1,,37.62919304,127.0127689,2000,한전주,02-901-5863,서울특별시 강북구청,2025-08-12
09-24-10,1,서울특별시 강북구 인수봉로 109,,37.6296556,127.0124868,2000,전용주,02-901-5863,서울특별시 강북구청,2025-08-12
09-24-09,1,서울특별시 강북구 인수봉로 109,,37.6296556,127.0124868,2000,전용주,02-901-5863,서울특별시 강북구청,2025-08-12
09-24-08,1,서울특별시 강북구 인수봉로 109,,37.6296556,127.0124868,2000,전용주,02-901-5863,서울특별시 강북구청,2025-08-12
09-24-07,1,서울특별시 강북구 인수봉로29길 3,,37.62987618,127.0130233,2000,한전주,02-901-5863,서울특별시 강북구청,2025-08-12
09-24-06,1,서울특별시 강북구 인수봉로29길 10,,37.63004527,127.0127718,2000,한전주,02-901-5863,서울특별시 강북구청,2025-08-12
09-24-05,1,서울특별시 강북구 인수봉로29길 13,,37.62983512,127.0124234,2000,한전주,02-901-5863,서울특별시 강북구청,2025-08-12
09-24-04,1,서울특별시 강북구 인수봉로31길 5,,37.63019769,127.0131546,2000,한전주,02-901-5863,서울특별시 강북구청,2025-08-12
09-24-03,1,서울특별시 강북구 인수봉로31길 9,,37.63017645,127.0129737,2000,한전주,02-901-5863,서울특별시 강북구청,2025-08-12
09-24-02,1,서울특별시 강북구 인수봉로31길 15,,37.63016117,127.012623,2000,한전주,02-901-5863,서울특별시 강북구청,2025-08-12
09-24-01,1,서울특별시 강북구 인수봉로31길 17,,37.63014173,127.0124533,2000,한전주,02-901-5863,서울특별시 강북구청,2025-08-12
09-23-38,1,서울특별시 강북구 화계사1길 38,,37.63206034,127.0123827,2000,한전주,02-901-5863,서울특별시 강북구청,2025-08-12
09-23-37,1,서울특별시 강북구 인수봉로37길 40,,37.6315652,127.0104838,2000,한전주,02-901-5863,서울특별시 강북구청,2025-08-12
09-23-36,1,서울특별시 강북구 인수봉로 119,,37.63095722,127.0119214,2000,전용주,02-901-5863,서울특별시 강북구청,2025-08-12
09-23-35,1,서울특별시 강북구 인수봉로 119,,37.63095722,127.0119214,2000,한전주,02-901-5863,서울특별시 강북구청,2025-08-12
09-23-34,1,서울특별시 강북구 인수봉로 119,,37.63095722,127.0119214,2000,전용주,02-901-5863,서울특별시 강북구청,2025-08-12
09-23-33,1,서울특별시 강북구 인수봉로 119,,37.63095722,127.0119214,2000,한전주,02-901-5863,서울특별시 강북구청,2025-08-12
09-23-32,1,서울특별시 강북구 인수봉로 127,,37.63131037,127.0132083,2000,전용주,02-901-5863,서울특별시 강북구청,2025-08-12
09-23-31,1,서울특별시 강북구 인수봉로 127,,37.63131037,127.0132083,2000,한전주,02-901-5863,서울특별시 강북구청,2025-08-12
09-23-30,1,서울특별시 강북구 인수봉로37길 24,,37.63234717,127.011421,2000,전용주,02-901-5863,서울특별시 강북구청,2025-08-12
09-23-29,1,서울특별시 강북구 인수봉로 127,,37.63131037,127.0132083,2000,전용주,02-901-5863,서울특별시 강북구청,2025-08-12
09-23-28,1,서울특별시 강북구 인수봉로 127,,37.63131037,127.0132083,2000,한전주,02-901-5863,서울특별시 강북구청,2025-08-12
09-23-27,1,서울특별시 강북구 인수봉로 127,,37.63131037,127.0132083,2000,전용주,02-901-5863,서울특별시 강북구청,2025-08-12
09-23-26,1,서울특별시 강북구 인수봉로 127,,37.63131037,127.0132083,2000,한전주,02-901-5863,서울특별시 강북구청,2025-08-12
09-23-25,1,서울특별시 강북구 인수봉로37길 2,,37.63186145,127.0133823,2000,전용주,02-901-5863,서울특별시 강북구청,2025-08-12
09-23-24,1,서울특별시 강북구 인수봉로37길 2,,37.63186145,127.0133823,2000,건축물,02-901-5863,서울특별시 강북구청,2025-08-12
09-23-23,1,서울특별시 강북구 인수봉로37길 2,,37.63186145,127.0133823,2000,한전주,02-901-5863,서울특별시 강북구청,2025-08-12
09-23-22,1,서울특별시 강북구 인수봉로41길 5,,37.63202192,127.0131762,2000,건축물,02-901-5863,서울특별시 강북구청,2025-08-12
09-23-21,1,서울특별시 강북구 인수봉로41길 9,,37.63227314,127.0130483,2000,한전주,02-901-5863,서울특별시 강북구청,2025-08-12
09-23-20,1,서울특별시 강북구 인수봉로41길 9,,37.63227181,127.0130459,2000,한전주,02-901-5863,서울특별시 강북구청,2025-08-12
09-23-19,1,서울특별시 강북구 인수봉로41길 15,,37.63197394,127.0128257,2000,전용주,02-901-5863,서울특별시 강북구청,2025-08-12
09-23-18,1,서울특별시 강북구 인수봉로41길 15,,37.63215271,127.0126534,2000,건축물,02-901-5863,서울특별시 강북구청,2025-08-12
09-23-17,1,서울특별시 강북구 화계사1길 42,,37.63183463,127.012329,2000,한전주,02-901-5863,서울특별시 강북구청,2025-08-12
09-23-16,1,서울특별시 강북구 화계사1길 40,,37.63195253,127.0123536,2000,건축물,02-901-5863,서울특별시 강북구청,2025-08-12
09-23-14,1,서울특별시 강북구 인수봉로41길 24,,37.63231109,127.0121981,2000,한전주,02-901-5863,서울특별시 강북구청,2025-08-12
09-23-13,1,서울특별시 강북구 화계사1나길 7,,37.63270965,127.0121127,2000,건축물,02-901-5863,서울특별시 강북구청,2025-08-12
09-23-12,1,서울특별시 강북구 인수봉로37길 24,,37.63234717,127.011421,2000,한전주,02-901-5863,서울특별시 강북구청,2025-08-12
09-23-11,1,서울특별시 강북구 인수봉로37길 24,,37.63234717,127.011421,2000,한전주,02-901-5863,서울특별시 강북구청,2025-08-12
09-23-10,1,서울특별시 강북구 인수봉로37길 24,,37.63234717,127.011421,2000,한전주,02-901-5863,서울특별시 강북구청,2025-08-12
09-23-09,1,서울특별시 강북구 인수봉로37길 24,,37.63234717,127.011421,2000,한전주,02-901-5863,서울특별시 강북구청,2025-08-12
09-23-08,1,서울특별시 강북구 화계사1길 7,,37.6333408,127.0124969,2000,한전주,02-901-5863,서울특별시 강북구청,2025-08-12
09-23-07,1,서울특별시 강북구 화계사길 11,,37.63360958,127.0127971,2000,건축물,02-901-5863,서울특별시 강북구청,2025-08-12
09-23-06,1,서울특별시 강북구 화계사길 11,,37.63360958,127.0127979,2000,한전주,02-901-5863,서울특별시 강북구청,2025-08-12
09-23-04,1,서울특별시 강북구 화계사길 15,,37.63359401,127.0126116,2000,한전주,02-901-5863,서울특별시 강북구청,2025-08-12
09-23-03,1,서울특별시 강북구 화계사길 5,,37.63365487,127.013068,2000,건축물,02-901-5863,서울특별시 강북구청,2025-08-12
09-23-02,1,서울특별시 강북구 화계사길 5,,37.63365487,127.013068,2000,전용주,02-901-5863,서울특별시 강북구청,2025-08-12
09-23-01,1,서울특별시 강북구 화계사길 5,,37.63365487,127.013068,2000,건축물,02-901-5863,서울특별시 강북구청,2025-08-12
09-22-33,1,서울특별시 강북구 화계사길 63,,37.63251555,127.0097142,2000,전용주,02-901-5863,서울특별시 강북구청,2025-08-12
09-22-32,1,서울특별시 강북구 화계사길 63,,37.63251555,127.0097142,2000,한전주,02-901-5863,서울특별시 강북구청,2025-08-12
09-22-29,1,서울특별시 강북구 화계사길 23,,37.63353081,127.0121525,2000,건축물,02-901-5863,서울특별시 강북구청,2025-08-12
09-22-28,1,서울특별시 강북구 화계사길 63,,37.63251555,127.0097142,2000,한전주,02-901-5863,서울특별시 강북구청,2025-08-12
09-22-27,1,서울특별시 강북구 화계사1길 16,,37.63293396,127.0123371,2000,한전주,02-901-5863,서울특별시 강북구청,2025-08-12
09-22-26,1,서울특별시 강북구 화계사1길 26,,37.63252826,127.0124013,2000,건축물,02-901-5863,서울특별시 강북구청,2025-08-12
09-22-25,1,서울특별시 강북구 화계사1가길 29,,37.63268123,127.0112075,2000,건축물,02-901-5863,서울특별시 강북구청,2025-08-12
09-22-24,1,서울특별시 강북구 화계사1가길 23,,37.63283401,127.0111602,2000,한전주,02-901-5863,서울특별시 강북구청,2025-08-12
09-22-23,1,서울특별시 강북구 화계사1나길 18,,37.63273377,127.0115056,2000,한전주,02-901-5863,서울특별시 강북구청,2025-08-12
09-22-22,1,서울특별시 강북구 화계사1나길 12,,37.63281754,127.0118168,2000,한전주,02-901-5863,서울특별시 강북구청,2025-08-12
09-22-21,1,서울특별시 강북구 화계사1가길 7,,37.63295786,127.0119629,2000,한전주,02-901-5863,서울특별시 강북구청,2025-08-12
09-22-20,1,서울특별시 강북구 화계사1길 6,,37.63341331,127.0122735,2000,건축물,02-901-5863,서울특별시 강북구청,2025-08-12
09-22-19,1,서울특별시 강북구 화계사길 21,,37.63353693,127.0122498,2000,한전주,02-901-5863,서울특별시 강북구청,2025-08-12
09-22-18,1,서울특별시 강북구 화계사길 25,,37.63350715,127.0119217,2000,한전주,02-901-5863,서울특별시 강북구청,2025-08-12
09-22-17,1,서울특별시 강북구 화계사길 23,,37.63353081,127.0121382,2000,건축물,02-901-5863,서울특별시 강북구청,2025-08-12
09-22-16,1,서울특별시 강북구 화계사길 29,,37.63349719,127.0118085,2000,건축물,02-901-5863,서울특별시 강북구청,2025-08-12
09-22-15,1,서울특별시 강북구 화계사길 23,,37.63353081,127.0121525,2000,건축물,02-901-5863,서울특별시 강북구청,2025-08-12
09-22-14,1,서울특별시 강북구 화계사길 33,,37.63344968,127.0115146,2000,한전주,02-901-5863,서울특별시 강북구청,2025-08-12
09-22-13,1,서울특별시 강북구 화계사길 37,,37.63327661,127.0112903,2000,건축물,02-901-5863,서울특별시 강북구청,2025-08-12
09-22-12,1,서울특별시 강북구 화계사길 37,,37.63319429,127.0111441,2000,건축물,02-901-5863,서울특별시 강북구청,2025-08-12
09-22-11,1,서울특별시 강북구 화계사길 63,,37.63251555,127.0097142,2000,한전주,02-901-5863,서울특별시 강북구청,2025-08-12
09-22-10,1,서울특별시 강북구 화계사길 117,,37.63252052,127.0070856,2000,한전주,02-901-5863,서울특별시 강북구청,2025-08-12
09-22-09,1,서울특별시 강북구 화계사길 117,,37.63252052,127.0070856,2000,한전주,02-901-5863,서울특별시 강북구청,2025-08-12
09-22-08,1,서울특별시 강북구 화계사길 117,,37.63252052,127.0070856,2000,한전주,02-901-5863,서울특별시 강북구청,2025-08-12
09-22-07,2,서울특별시 강북구 화계사길 117,,37.63252052,127.0070856,2000,한전주,02-901-5863,서울특별시 강북구청,2025-08-12
09-22-06,1,서울특별시 강북구 화계사1길 22,,37.63265505,127.0123861,2000,한전주,02-901-5863,서울특별시 강북구청,2025-08-12
09-22-05,1,서울특별시 강북구 화계사1길 6,,37.63341098,127.0122742,2000,,02-901-5863,서울특별시 강북구청,2025-08-12
09-22-04,1,서울특별시 강북구 화계사1가길 2,,37.63319437,127.0122996,2000,,02-901-5863,서울특별시 강북구청,2025-08-12
09-22-03,1,서울특별시 강북구 화계사1나길 6,,37.6328599,127.0120976,2000,한전주,02-901-5863,서울특별시 강북구청,2025-08-12
09-22-02,1,서울특별시 강북구 인수봉로41길 20,,37.63236572,127.0124119,2000,한전주,02-901-5863,서울특별시 강북구청,2025-08-12
09-22-01,1,서울특별시 강북구 인수봉로41길 20,,37.63236572,127.0124119,2000,한전주,02-901-5863,서울특별시 강북구청,2025-08-12
09-21-31,1,서울특별시 강북구 인수봉로20나길 31,,37.62729607,127.0137258,2000,한전주,02-901-5863,서울특별시 강북구청,2025-08-12
09-21-28,1,서울특별시 강북구 삼양로77가길 79,,37.62806102,127.0137679,2000,한전주,02-901-5863,서울특별시 강북구청,2025-08-12
09-21-27,1,서울특별시 강북구 삼양로77가길 79,,37.62806498,127.0137679,2000,한전주,02-901-5863,서울특별시 강북구청,2025-08-12
09-21-26,1,서울특별시 강북구 삼양로77가길 79,,37.62806498,127.0137679,2000,전용주,02-901-5863,서울특별시 강북구청,2025-08-12
09-21-25,2,서울특별시 강북구 삼양로73가길 72,,37.62745472,127.0149307,2000,한전주,02-901-5863,서울특별시 강북구청,2025-08-12
09-21-24,1,서울특별시 강북구 삼양로73가길 72,,37.62747605,127.0149307,2000,건축물,02-901-5863,서울특별시 강북구청,2025-08-12
09-21-23,1,서울특별시 강북구 삼양로73가길 72,,37.62743062,127.0149307,2000,한전주,02-901-5863,서울특별시 강북구청,2025-08-12
09-21-22,2,서울특별시 강북구 삼양로73가길 67,,37.62749537,127.015265,2000,한전주,02-901-5863,서울특별시 강북구청,2025-08-12
09-21-21,1,서울특별시 강북구 삼양로73가길 72,,37.62746864,127.0149697,2000,한전주,02-901-5863,서울특별시 강북구청,2025-08-12
09-21-20,2,서울특별시 강북구 삼양로73가길 72,,37.62743062,127.0149307,2000,한전주,02-901-5863,서울특별시 강북구청,2025-08-12
09-21-19,1,서울특별시 강북구 삼양로73가길 81,,37.62707015,127.0147257,2000,전용주,02-901-5863,서울특별시 강북구청,2025-08-12
09-21-18,1,서울특별시 강북구 삼양로73가길 78,,37.62716764,127.0145318,2000,한전주,02-901-5863,서울특별시 강북구청,2025-08-12
09-21-17,1,서울특별시 강북구 삼양로73가길 82,,37.62716632,127.0144022,2000,한전주,02-901-5863,서울특별시 강북구청,2025-08-12
09-21-14,1,서울특별시 강북구 삼양로73가길 72,,37.62747605,127.0149307,2000,건축물,02-901-5863,서울특별시 강북구청,2025-08-12
09-21-13,1,서울특별시 강북구 삼양로73다길 15,,37.62762561,127.0143445,2000,한전주,02-901-5863,서울특별시 강북구청,2025-08-12
09-21-12,1,서울특별시 강북구 삼양로73다길 22,,37.62755098,127.0140396,2000,한전주,02-901-5863,서울특별시 강북구청,2025-08-12
09-21-11,1,서울특별시 강북구 삼양로73다길 26,,37.62746886,127.0139161,2000,건축물,02-901-5863,서울특별시 강북구청,2025-08-12
09-21-10,1,서울특별시 강북구 삼양로73다길 28,,37.62739641,127.0138717,2000,전용주,02-901-5863,서울특별시 강북구청,2025-08-12
09-21-09,1,서울특별시 강북구 삼양로73다길 28,,37.62739641,127.0138717,2000,전용주,02-901-5863,서울특별시 강북구청,2025-08-12
09-21-08,1,서울특별시 강북구 삼양로73다길 34,,37.6271523,127.013773,2000,전용주,02-901-5863,서울특별시 강북구청,2025-08-12
09-21-07,1,서울특별시 강북구 인수봉로20나길 23,,37.62703178,127.0133667,2000,전용주,02-901-5863,서울특별시 강북구청,2025-08-12
09-21-06,1,서울특별시 강북구 인수봉로20나길 23,,37.62703178,127.0133667,2000,한전주,02-901-5863,서울특별시 강북구청,2025-08-12
09-21-05,1,서울특별시 강북구 인수봉로20나길 13,,37.62692917,127.0129489,2000,건축물,02-901-5863,서울특별시 강북구청,2025-08-12
09-21-04,1,서울특별시 강북구 인수봉로20나길 13,,37.62690243,127.0129833,2000,한전주,02-901-5863,서울특별시 강북구청,2025-08-12
09-21-03,1,서울특별시 강북구 인수봉로20길 32,,37.62670726,127.0123916,2000,한전주,02-901-5863,서울특별시 강북구청,2025-08-12
09-21-02,1,서울특별시 강북구 인수봉로20길 32,,37.62670831,127.0123967,2000,한전주,02-901-5863,서울특별시 강북구청,2025-08-12
09-21-01,1,서울특별시 강북구 인수봉로20길 40,,37.62705693,127.0124586,2000,전용주,02-901-5863,서울특별시 강북구청,2025-08-12
09-20-34,1,서울특별시 강북구 인수봉로23가길 3,,37.62770768,127.0118286,2000,전용주,02-901-5863,서울특별시 강북구청,2025-08-12
09-20-32,1,서울특별시 강북구 인수봉로28가길 21,,37.62873918,127.0139014,2000,,02-901-5863,서울특별시 강북구청,2025-08-12
09-20-31,1,서울특별시 강북구 인수봉로28가길 14,,37.62884383,127.0134742,2000,건축물,02-901-5863,서울특별시 강북구청,2025-08-12
09-20-30,1,서울특별시 강북구 인수봉로28가길 14,,37.62884383,127.0134742,2000,전용주,02-901-5863,서울특별시 강북구청,2025-08-12
09-20-29,1,서울특별시 강북구 삼양로77가길 84,,37.62853539,127.0132336,2000,한전주,02-901-5863,서울특별시 강북구청,2025-08-12
09-20-28,1,서울특별시 강북구 삼양로77가길 84,,37.62860889,127.0134026,2000,건축물,02-901-5863,서울특별시 강북구청,2025-08-12
09-20-27,1,서울특별시 강북구 삼양로77가길 84,,37.62852932,127.0135849,2000,건축물,02-901-5863,서울특별시 강북구청,2025-08-12
09-20-26,1,서울특별시 강북구 삼양로77가길 84,,37.6283496,127.0136439,2000,한전주,02-901-5863,서울특별시 강북구청,2025-08-12
09-20-24,1,서울특별시 강북구 삼양로77가길 90,,37.6283166,127.0132327,2000,한전주,02-901-5863,서울특별시 강북구청,2025-08-12
09-20-23,1,서울특별시 강북구 삼양로77가길 92,,37.62821846,127.0130452,2000,한전주,02-901-5863,서울특별시 강북구청,2025-08-12
09-20-21,1,서울특별시 강북구 삼양로77가길 96,,37.62819902,127.0128755,2000,건축물,02-901-5863,서울특별시 강북구청,2025-08-12
09-20-18,1,서울특별시 강북구 삼양로77길 95,,37.62771393,127.0130519,2000,전용주,02-901-5863,서울특별시 강북구청,2025-08-12
09-20-17,1,서울특별시 강북구 삼양로77길 95,,37.62771393,127.0130519,2000,한전주,02-901-5863,서울특별시 강북구청,2025-08-12
09-20-16,1,서울특별시 강북구 삼양로77길 95,,37.62771393,127.0130519,2000,한전주,02-901-5863,서울특별시 강북구청,2025-08-12
09-20-15,1,서울특별시 강북구 삼양로77길 95,,37.62771393,127.0130519,2000,한전주,02-901-5863,서울특별시 강북구청,2025-08-12
09-20-14,1,서울특별시 강북구 삼양로77길 95,,37.62771393,127.0130519,2000,한전주,02-901-5863,서울특별시 강북구청,2025-08-12
09-20-13,1,서울특별시 강북구 삼양로77길 95,,37.62771393,127.0130519,2000,한전주,02-901-5863,서울특별시 강북구청,2025-08-12
09-20-12,1,서울특별시 강북구 삼양로77길 95,,37.62771393,127.0130519,2000,한전주,02-901-5863,서울특별시 강북구청,2025-08-12
09-20-11,1,서울특별시 강북구 삼양로77길 95,,37.62771393,127.0130519,2000,한전주,02-901-5863,서울특별시 강북구청,2025-08-12
09-20-10,1,서울특별시 강북구 삼양로77길 95,,37.62771393,127.0130519,2000,한전주,02-901-5863,서울특별시 강북구청,2025-08-12
09-20-09,1,서울특별시 강북구 삼양로77길 95,,37.62771393,127.0130519,2000,한전주,02-901-5863,서울특별시 강북구청,2025-08-12
09-20-08,1,서울특별시 강북구 삼양로77길 95,,37.62771393,127.0130519,2000,건축물,02-901-5863,서울특별시 강북구청,2025-08-12
09-20-07,1,서울특별시 강북구 삼양로77길 95,,37.62771393,127.0130519,2000,한전주,02-901-5863,서울특별시 강북구청,2025-08-12
09-20-06,1,서울특별시 강북구 삼양로77길 95,,37.62771393,127.0130519,2000,전용주,02-901-5863,서울특별시 강북구청,2025-08-12
09-20-05,1,서울특별시 강북구 삼양로77길 95,,37.62771393,127.0130519,2000,건축물,02-901-5863,서울특별시 강북구청,2025-08-12
09-20-04,1,서울특별시 강북구 삼양로77길 95,,37.62771393,127.0130519,2000,건축물,02-901-5863,서울특별시 강북구청,2025-08-12
09-20-03,1,서울특별시 강북구 삼양로77길 95,,37.62771393,127.0130519,2000,건축물,02-901-5863,서울특별시 강북구청,2025-08-12
09-20-02,1,서울특별시 강북구 삼양로77길 95,,37.62771393,127.0130519,2000,한전주,02-901-5863,서울특별시 강북구청,2025-08-12
09-20-01,1,서울특별시 강북구 삼양로77길 95,,37.62771393,127.0130519,2000,건축물,02-901-5863,서울특별시 강북구청,2025-08-12
09-19-37,1,서울특별시 강북구 인수봉로28길 14,,37.62938757,127.0138568,2000,건축물,02-901-5863,서울특별시 강북구청,2025-08-12
09-19-36,1,서울특별시 강북구 인수봉로28길 16,,37.62938918,127.0140494,2000,건축물,02-901-5863,서울특별시 강북구청,2025-08-12
09-19-35,1,서울특별시 강북구 인수봉로28길 32,,37.62894154,127.0143951,2000,건축물,02-901-5863,서울특별시 강북구청,2025-08-12
09-19-34,1,서울특별시 강북구 삼양로77길 72,,37.62883532,127.0146231,2000,건축물,02-901-5863,서울특별시 강북구청,2025-08-12
09-19-33,1,서울특별시 강북구 인수봉로28길 32,,37.62866216,127.0143875,2000,한전주,02-901-5863,서울특별시 강북구청,2025-08-12
09-19-32,1,서울특별시 강북구 솔매로 111,,37.62591716,127.0245402,2000,,02-901-5863,서울특별시 강북구청,2025-08-12
09-19-32,1,서울특별시 강북구 인수봉로28길 32,,37.62866216,127.0143875,2000,건축물,02-901-5863,서울특별시 강북구청,2025-08-12
09-19-31,1,서울특별시 강북구 인수봉로 104,,37.62902095,127.0131139,2000,,02-901-5863,서울특별시 강북구청,2025-08-12
09-19-30,2,서울특별시 강북구 인수봉로28가길 7,,37.62911332,127.0133846,2000,한전주,02-901-5863,서울특별시 강북구청,2025-08-12
09-19-29,1,서울특별시 강북구 인수봉로28가길 15,,37.62889054,127.0136821,2000,한전주,02-901-5863,서울특별시 강북구청,2025-08-12
09-19-28,1,서울특별시 강북구 인수봉로28가길 21,,37.62873944,127.0139663,2000,건축물,02-901-5863,서울특별시 강북구청,2025-08-12
09-19-27,1,서울특별시 강북구 인수봉로28가길 21,,37.62873918,127.0139014,2000,한전주,02-901-5863,서울특별시 강북구청,2025-08-12
09-19-23,1,서울특별시 강북구 삼양로77길 57,,37.62873372,127.0154062,2000,전용주,02-901-5863,서울특별시 강북구청,2025-08-12
09-19-22,1,서울특별시 강북구 삼양로77길 66,,37.62872009,127.0149865,2000,건축물,02-901-5863,서울특별시 강북구청,2025-08-12
09-19-18,1,서울특별시 강북구 삼양로77가길 52,,37.6284883,127.0151488,2000,한전주,02-901-5863,서울특별시 강북구청,2025-08-12
09-19-17,1,서울특별시 강북구 삼양로77가길 46,,37.62858085,127.0154422,2000,한전주,02-901-5863,서울특별시 강북구청,2025-08-12
09-19-14,1,서울특별시 강북구 인수봉로28길 39,,37.62898542,127.0153349,2000,한전주,02-901-5863,서울특별시 강북구청,2025-08-12
09-19-12,2,서울특별시 강북구 인수봉로28길 34,,37.62892721,127.0148372,2000,한전주,02-901-5863,서울특별시 강북구청,2025-08-12
09-19-11,1,서울특별시 강북구 인수봉로28나길 30,,37.62926093,127.0148781,2000,,02-901-5863,서울특별시 강북구청,2025-08-12
09-19-10,1,서울특별시 강북구 인수봉로28길 24,,37.62920475,127.0143025,2000,건축물,02-901-5863,서울특별시 강북구청,2025-08-12
09-19-09,1,서울특별시 강북구 인수봉로28길 22,,37.62926484,127.0142663,2000,한전주,02-901-5863,서울특별시 강북구청,2025-08-12
09-19-08,1,서울특별시 강북구 인수봉로28길 20,,37.62920007,127.0140632,2000,건축물,02-901-5863,서울특별시 강북구청,2025-08-12
09-19-07,1,서울특별시 강북구 인수봉로28길 16,,37.62938918,127.0140494,2000,한전주,02-901-5863,서울특별시 강북구청,2025-08-12
09-19-06,1,서울특별시 강북구 인수봉로28길 10,,37.62922294,127.0135644,2000,전용주,02-901-5863,서울특별시 강북구청,2025-08-12
09-19-05,1,서울특별시 강북구 인수봉로28길 10,,37.62922294,127.0135644,2000,건축물,02-901-5863,서울특별시 강북구청,2025-08-12
09-19-04,1,서울특별시 강북구 인수봉로28길 10,,37.62922294,127.0135644,2000,건축물,02-901-5863,서울특별시 강북구청,2025-08-12
09-19-03,1,서울특별시 강북구 인수봉로28길 10,,37.62922294,127.0135644,2000,건축물,02-901-5863,서울특별시 강북구청,2025-08-12
09-19-02,1,서울특별시 강북구 인수봉로28길 10,,37.62922294,127.0135644,2000,전용주,02-901-5863,서울특별시 강북구청,2025-08-12
09-19-01,1,서울특별시 강북구 인수봉로28길 10,,37.62922294,127.0135644,2000,한전주,02-901-5863,서울특별시 강북구청,2025-08-12
09-18-27,1,서울특별시 강북구 인수봉로28길 3,,37.62990983,127.0138159,2000,건축물,02-901-5863,서울특별시 강북구청,2025-08-12
09-18-26,1,서울특별시 강북구 인수봉로32길 18,,37.63034852,127.0145579,2000,건축물,02-901-5863,서울특별시 강북구청,2025-08-12
09-18-25,1,서울특별시 강북구 인수봉로32길 12,,37.63049068,127.0143181,2000,,02-901-5863,서울특별시 강북구청,2025-08-12
09-18-24,1,서울특별시 강북구 인수봉로28길 3,,37.62995781,127.0141665,2000,건축물,02-901-5863,서울특별시 강북구청,2025-08-12
09-18-23,1,서울특별시 강북구 인수봉로28길 3,,37.63013799,127.0141641,2000,,02-901-5863,서울특별시 강북구청,2025-08-12
09-18-22,1,서울특별시 강북구 인수봉로30길 16,,37.62995116,127.0144498,2000,한전주,02-901-5863,서울특별시 강북구청,2025-08-12
09-18-21,1,서울특별시 강북구 인수봉로30길 16,,37.63013002,127.0142888,2000,한전주,02-901-5863,서울특별시 강북구청,2025-08-12
09-18-20,2,서울특별시 강북구 인수봉로30길 11,,37.63025502,127.0141512,2000,한전주,02-901-5863,서울특별시 강북구청,2025-08-12
09-18-19,1,서울특별시 강북구 인수봉로30길 8,,37.6301269,127.0138991,2000,건축물,02-901-5863,서울특별시 강북구청,2025-08-12
09-18-18,1,서울특별시 강북구 인수봉로 118,,37.63026897,127.0136639,2000,건축물,02-901-5863,서울특별시 강북구청,2025-08-12
09-18-17,1,서울특별시 강북구 인수봉로28길 3,,37.62999992,127.0138147,2000,건축물,02-901-5863,서울특별시 강북구청,2025-08-12
09-18-16,1,서울특별시 강북구 인수봉로28길 3,,37.62996492,127.0139398,2000,,02-901-5863,서울특별시 강북구청,2025-08-12
09-18-15,1,서울특별시 강북구 인수봉로28길 3,,37.62990983,127.0138159,2000,건축물,02-901-5863,서울특별시 강북구청,2025-08-12
09-18-14,1,서울특별시 강북구 인수봉로 114,,37.62985303,127.0134881,2000,건축물,02-901-5863,서울특별시 강북구청,2025-08-12
09-18-13,1,서울특별시 강북구 인수봉로28나길 5,,37.62974662,127.0136934,2000,한전주,02-901-5863,서울특별시 강북구청,2025-08-12
09-18-12,1,서울특별시 강북구 인수봉로 110,,37.62951826,127.0133226,2000,한전주,02-901-5863,서울특별시 강북구청,2025-08-12
09-18-11,1,서울특별시 강북구 인수봉로28나길 7,,37.62979261,127.0138061,2000,,02-901-5863,서울특별시 강북구청,2025-08-12
09-18-10,1,서울특별시 강북구 인수봉로28나길 11,,37.62983149,127.0141455,2000,,02-901-5863,서울특별시 강북구청,2025-08-12
09-18-09,1,서울특별시 강북구 인수봉로28나길 15,,37.62969795,127.0143398,2000,,02-901-5863,서울특별시 강북구청,2025-08-12
09-18-08,1,서울특별시 강북구 인수봉로30길 22,,37.62970003,127.0145891,2000,한전주,02-901-5863,서울특별시 강북구청,2025-08-12
09-18-07,1,서울특별시 강북구 인수봉로30길 22,,37.63012347,127.0145835,2000,한전주,02-901-5863,서울특별시 강북구청,2025-08-12
09-18-06,1,서울특별시 강북구 인수봉로32길 18,,37.6302497,127.0145931,2000,한전주,02-901-5863,서울특별시 강북구청,2025-08-12
09-18-05,2,서울특별시 강북구 인수봉로32길 18,,37.63055469,127.0144305,2000,한전주,02-901-5863,서울특별시 강북구청,2025-08-12
09-18-02,1,서울특별시 강북구 인수봉로32길 2,,37.63033355,127.0138443,2000,건축물,02-901-5863,서울특별시 강북구청,2025-08-12
09-18-01,1,서울특별시 강북구 인수봉로32길 4,,37.63050482,127.0138534,2000,건축물,02-901-5863,서울특별시 강북구청,2025-08-12
09-17-26,1,서울특별시 강북구 인수봉로30길 32,,37.63001126,127.0151741,2000,한전주,02-901-5863,서울특별시 강북구청,2025-08-12
09-17-20,1,서울특별시 강북구 인수봉로30길 26,,37.63013579,127.0149798,2000,건축물,02-901-5863,서울특별시 강북구청,2025-08-12
09-17-19,1,서울특별시 강북구 인수봉로30길 25,,37.63027074,127.0149554,2000,한전주,02-901-5863,서울특별시 강북구청,2025-08-12
09-17-18,1,서울특별시 강북구 인수봉로30길 26,,37.6299648,127.0150048,2000,건축물,02-901-5863,서울특별시 강북구청,2025-08-12
09-17-17,1,서울특별시 강북구 인수봉로30길 26,,37.62976669,127.0150187,2000,한전주,02-901-5863,서울특별시 강북구청,2025-08-12
09-17-16,1,서울특별시 강북구 인수봉로28나길 33,,37.62931688,127.0151039,2000,한전주,02-901-5863,서울특별시 강북구청,2025-08-12
09-17-15,2,서울특별시 강북구 인수봉로30길 32,,37.62916674,127.0154684,2000,한전주,02-901-5863,서울특별시 강북구청,2025-08-12
09-17-14,1,서울특별시 강북구 인수봉로30길 32,,37.6294907,127.0154188,2000,한전주,02-901-5863,서울특별시 강북구청,2025-08-12
09-17-13,1,서울특별시 강북구 인수봉로30길 32,,37.62980584,127.015392,2000,한전주,02-901-5863,서울특별시 강북구청,2025-08-12
09-17-12,1,서울특별시 강북구 인수봉로30길 32,,37.62998574,127.0153557,2000,,02-901-5863,서울특별시 강북구청,2025-08-12
09-17-11,1,서울특별시 강북구 인수봉로32길 26,,37.63047396,127.0151837,2000,,02-901-5863,서울특별시 강북구청,2025-08-12
09-17-10,1,서울특별시 강북구 인수봉로32길 26,,37.63042692,127.0151837,2000,전용주,02-901-5863,서울특별시 강북구청,2025-08-12
09-17-09,1,서울특별시 강북구 삼양로79길 39,,37.6306304,127.0155984,2000,한전주,02-901-5863,서울특별시 강북구청,2025-08-12
09-17-08,1,서울특별시 강북구 삼양로79길 39,,37.6306304,127.0155984,2000,한전주,02-901-5863,서울특별시 강북구청,2025-08-12
09-17-07,1,서울특별시 강북구 삼양로79길 39,,37.6306304,127.0155984,2000,,02-901-5863,서울특별시 강북구청,2025-08-12
09-17-06,1,서울특별시 강북구 삼양로79길 39,,37.6306304,127.0155984,2000,한전주,02-901-5863,서울특별시 강북구청,2025-08-12
09-17-05,1,서울특별시 강북구 삼양로79길 39,,37.6306304,127.0155317,2000,,02-901-5863,서울특별시 강북구청,2025-08-12
09-17-04,1,서울특별시 강북구 삼양로79길 35,,37.63043942,127.0157349,2000,한전주,02-901-5863,서울특별시 강북구청,2025-08-12
09-17-03,1,서울특별시 강북구 삼양로79길 39,,37.63063649,127.0155964,2000,한전주,02-901-5863,서울특별시 강북구청,2025-08-12
09-17-02,1,서울특별시 강북구 인수봉로32길 26,,37.63047994,127.0151906,2000,한전주,02-901-5863,서울특별시 강북구청,2025-08-12
09-17-01,1,서울특별시 강북구 인수봉로32길 22,,37.63053481,127.0148544,2000,건축물,02-901-5863,서울특별시 강북구청,2025-08-12
09-16-39,1,서울특별시 강북구 삼양로73가길 67,,37.62749812,127.0152638,2000,건축물,02-901-5863,서울특별시 강북구청,2025-08-12
09-16-38,1,서울특별시 강북구 삼양로73다길 10,,37.62772783,127.014717,2000,건축물,02-901-5863,서울특별시 강북구청,2025-08-12
09-16-37,1,서울특별시 강북구 삼양로73다길 7,,37.62762076,127.0148431,2000,전용주,02-901-5863,서울특별시 강북구청,2025-08-12
09-16-36,1,서울특별시 강북구 삼양로73다길 6,,37.62772896,127.014853,2000,,02-901-5863,서울특별시 강북구청,2025-08-12
09-16-35,1,서울특별시 강북구 삼양로77가길 59,,37.62828792,127.0148909,2000,한전주,02-901-5863,서울특별시 강북구청,2025-08-12
09-16-34,1,서울특별시 강북구 삼양로77가길 65,,37.62823009,127.0144385,2000,한전주,02-901-5863,서울특별시 강북구청,2025-08-12
09-16-33,1,서울특별시 강북구 삼양로77가길 71,,37.62812891,127.0141906,2000,한전주,02-901-5863,서울특별시 강북구청,2025-08-12
09-16-32,1,서울특별시 강북구 삼양로77가길 73,,37.62807409,127.0141007,2000,한전주,02-901-5863,서울특별시 강북구청,2025-08-12
09-16-31,1,서울특별시 강북구 삼양로77가길 75,,37.62785009,127.0142509,2000,한전주,02-901-5863,서울특별시 강북구청,2025-08-12
09-16-30,1,서울특별시 강북구 삼양로73다길 14,,37.62771703,127.0146501,2000,건축물,02-901-5863,서울특별시 강북구청,2025-08-12
09-16-29,1,서울특별시 강북구 삼양로73다길 14,,37.62779896,127.0146028,2000,전용주,02-901-5863,서울특별시 강북구청,2025-08-12
09-16-28,2,서울특별시 강북구 삼양로73나길 15,,37.62786033,127.0143981,2000,전용주,02-901-5863,서울특별시 강북구청,2025-08-12
09-16-27,1,서울특별시 강북구 삼양로73나길 15,,37.62795981,127.0144421,2000,건축물,02-901-5863,서울특별시 강북구청,2025-08-12
09-16-26,1,서울특별시 강북구 삼양로73나길 19,,37.62796721,127.0142494,2000,건축물,02-901-5863,서울특별시 강북구청,2025-08-12
09-16-25,1,서울특별시 강북구 삼양로73나길 19,,37.628094,127.014327,2000,건축물,02-901-5863,서울특별시 강북구청,2025-08-12
09-16-24,1,서울특별시 강북구 삼양로73나길 15,,37.62810358,127.0143949,2000,전용주,02-901-5863,서울특별시 강북구청,2025-08-12
09-16-23,1,서울특별시 강북구 삼양로73다길 2,,37.62788278,127.0149302,2000,건축물,02-901-5863,서울특별시 강북구청,2025-08-12
09-16-22,1,서울특별시 강북구 삼양로73다길 2,,37.62788278,127.0149302,2000,건축물,02-901-5863,서울특별시 강북구청,2025-08-12
09-16-21,1,서울특별시 강북구 삼양로73다길 2,,37.62788278,127.0149302,2000,전용주,02-901-5863,서울특별시 강북구청,2025-08-12
09-16-20,1,서울특별시 강북구 삼양로73다길 2,,37.62788278,127.0149302,2000,전용주,02-901-5863,서울특별시 강북구청,2025-08-12
09-16-19,1,서울특별시 강북구 삼양로73다길 2,,37.62788278,127.0149302,2000,건축물,02-901-5863,서울특별시 강북구청,2025-08-12
09-16-18,1,서울특별시 강북구 삼양로73다길 2,,37.62788278,127.0149302,2000,전용주,02-901-5863,서울특별시 강북구청,2025-08-12
09-16-17,1,서울특별시 강북구 삼양로73다길 2,,37.62788278,127.0149302,2000,전용주,02-901-5863,서울특별시 강북구청,2025-08-12
09-16-16,1,서울특별시 강북구 삼양로73다길 2,,37.62788278,127.0149302,2000,전용주,02-901-5863,서울특별시 강북구청,2025-08-12
09-16-15,1,서울특별시 강북구 삼양로73다길 2,,37.62788278,127.0149302,2000,한전주,02-901-5863,서울특별시 강북구청,2025-08-12
09-16-14,1,서울특별시 강북구 삼양로73가길 58,,37.62795816,127.0153257,2000,건축물,02-901-5863,서울특별시 강북구청,2025-08-12
09-16-13,1,서울특별시 강북구 삼양로69가길 3,,37.6274285,127.0155593,2000,한전주,02-901-5863,서울특별시 강북구청,2025-08-12
09-16-12,1,서울특별시 강북구 삼양로69가길 1,,37.6272744,127.0156751,2000,건축물,02-901-5863,서울특별시 강북구청,2025-08-12
09-16-11,1,서울특별시 강북구 삼양로73가길 67,,37.62749537,127.0152545,2000,한전주,02-901-5863,서울특별시 강북구청,2025-08-12
09-16-10,1,서울특별시 강북구 삼양로73가길 67,,37.62749537,127.0152476,2000,전용주,02-901-5863,서울특별시 강북구청,2025-08-12
09-16-09,2,서울특별시 강북구 삼양로73다길 2,,37.62788278,127.0149302,2000,한전주,02-901-5863,서울특별시 강북구청,2025-08-12
09-16-08,2,서울특별시 강북구 삼양로73가길 58,,37.62795816,127.0153257,2000,한전주,02-901-5863,서울특별시 강북구청,2025-08-12
09-16-07,1,서울특별시 강북구 삼양로73가길 47,,37.6278893,127.0157118,2000,한전주,02-901-5863,서울특별시 강북구청,2025-08-12
09-16-06,2,서울특별시 강북구 삼양로77가길 51,,37.62828175,127.0152309,2000,한전주,02-901-5863,서울특별시 강북구청,2025-08-12
09-16-05,1,서울특별시 강북구 삼양로73가길 47,,37.6278893,127.0157118,2000,건축물,02-901-5863,서울특별시 강북구청,2025-08-12
09-16-04,1,서울특별시 강북구 삼양로73가길 47,,37.6278893,127.0157118,2000,건축물,02-901-5863,서울특별시 강북구청,2025-08-12
09-16-03,2,서울특별시 강북구 삼양로69가길 1,,37.62729364,127.0156751,2000,한전주,02-901-5863,서울특별시 강북구청,2025-08-12
09-16-01,1,서울특별시 강북구 인수봉로20나길 57,,37.62707591,127.0154167,2000,,02-901-5863,서울특별시 강북구청,2025-08-12
09-15-52,1,서울특별시 강북구 삼양로71길 25,,37.62853679,127.0166436,2000,전용주,02-901-5863,서울특별시 강북구청,2025-08-12
09-15-51,1,서울특별시 강북구 삼양로73가길 27,,37.6287829,127.0164507,2000,,02-901-5863,서울특별시 강북구청,2025-08-12
09-15-50,1,서울특별시 강북구 삼양로73길 9,,37.62960067,127.017468,2000,전용주,02-901-5863,서울특별시 강북구청,2025-08-12
09-15-49,1,서울특별시 강북구 삼양로73가길 8,,37.6293698,127.0171311,2000,,02-901-5863,서울특별시 강북구청,2025-08-12
09-15-48,1,서울특별시 강북구 삼양로73가길 3,,37.62939956,127.0174593,2000,,02-901-5863,서울특별시 강북구청,2025-08-12
09-15-47,2,서울특별시 강북구 삼양로69길 10,,37.62869504,127.0172533,2000,한전주,02-901-5863,서울특별시 강북구청,2025-08-12
09-15-46,2,서울특별시 강북구 삼양로69길 12,,37.62865825,127.0171632,2000,한전주,02-901-5863,서울특별시 강북구청,2025-08-12
09-15-45,2,서울특별시 강북구 삼양로69길 20,,37.62845608,127.0166851,2000,한전주,02-901-5863,서울특별시 강북구청,2025-08-12
09-15-44,1,서울특별시 강북구 삼양로69길 24,,37.62840727,127.016566,2000,한전주,02-901-5863,서울특별시 강북구청,2025-08-12
09-15-43,1,서울특별시 강북구 삼양로77가길 31,,37.6288399,127.0162544,2000,,02-901-5863,서울특별시 강북구청,2025-08-12
09-15-41,2,서울특별시 강북구 삼양로69길 32,,37.62819019,127.0161384,2000,전용주,02-901-5863,서울특별시 강북구청,2025-08-12
09-15-40,1,서울특별시 강북구 삼양로71길 34,,37.62854156,127.0161338,2000,한전주,02-901-5863,서울특별시 강북구청,2025-08-12
09-15-39,1,서울특별시 강북구 삼양로69길 24,,37.62847934,127.0165709,2000,한전주,02-901-5863,서울특별시 강북구청,2025-08-12
09-15-38,1,서울특별시 강북구 삼양로69길 24,,37.62847934,127.0165709,2000,건축물,02-901-5863,서울특별시 강북구청,2025-08-12
09-15-37,1,서울특별시 강북구 삼양로71길 26,,37.62868901,127.0165283,2000,,02-901-5863,서울특별시 강북구청,2025-08-12
09-15-36,1,서울특별시 강북구 삼양로71길 21,,37.62862726,127.0168024,2000,건축물,02-901-5863,서울특별시 강북구청,2025-08-12
09-15-35,1,서울특별시 강북구 삼양로71길 22,,37.62876278,127.0167313,2000,한전주,02-901-5863,서울특별시 강북구청,2025-08-12
09-15-33,1,서울특별시 강북구 삼양로71길 17,,37.62864764,127.0169707,2000,,02-901-5863,서울특별시 강북구청,2025-08-12
09-15-32,1,서울특별시 강북구 삼양로73가길 13,,37.62917985,127.017043,2000,건축물,02-901-5863,서울특별시 강북구청,2025-08-12
09-15-31,1,서울특별시 강북구 삼양로71길 14,,37.62905457,127.0171466,2000,건축물,02-901-5863,서울특별시 강북구청,2025-08-12
09-15-28,1,서울특별시 강북구 삼양로71길 11,,37.62888054,127.0173653,2000,건축물,02-901-5863,서울특별시 강북구청,2025-08-12
09-15-27,1,서울특별시 강북구 삼양로71길 8,,37.62921695,127.0174136,2000,건축물,02-901-5863,서울특별시 강북구청,2025-08-12
09-15-26,1,서울특별시 강북구 삼양로71길 12,,37.62901605,127.0172947,2000,한전주,02-901-5863,서울특별시 강북구청,2025-08-12
09-15-25,1,서울특별시 강북구 삼양로71길 7,,37.62893681,127.0175741,2000,건축물,02-901-5863,서울특별시 강북구청,2025-08-12
09-15-24,1,서울특별시 강북구 삼양로71길 8,,37.62921695,127.0174972,2000,건축물,02-901-5863,서울특별시 강북구청,2025-08-12
09-15-23,1,서울특별시 강북구 삼양로73가길 3,,37.62939956,127.0174593,2000,건축물,02-901-5863,서울특별시 강북구청,2025-08-12
09-15-22,1,서울특별시 강북구 삼양로73가길 4,,37.62954286,127.0173555,2000,전용주,02-901-5863,서울특별시 강북구청,2025-08-12
09-15-21,1,서울특별시 강북구 삼양로73가길 7,,37.62931735,127.0173244,2000,전용주,02-901-5863,서울특별시 강북구청,2025-08-12
09-15-20,1,서울특별시 강북구 삼양로73가길 11,,37.62921645,127.0171105,2000,한전주,02-901-5863,서울특별시 강북구청,2025-08-12
09-15-19,1,서울특별시 강북구 삼양로73가길 16,,37.62920537,127.0168614,2000,건축물,02-901-5863,서울특별시 강북구청,2025-08-12
09-15-18,1,서울특별시 강북구 삼양로73가길 20,,37.62908655,127.016659,2000,건축물,02-901-5863,서울특별시 강북구청,2025-08-12
09-15-17,1,서울특별시 강북구 삼양로71길 16,,37.62899341,127.0168979,2000,한전주,02-901-5863,서울특별시 강북구청,2025-08-12
09-15-16,1,서울특별시 강북구 삼양로73가길 19,,37.62890599,127.016751,2000,건축물,02-901-5863,서울특별시 강북구청,2025-08-12
09-15-15,1,서울특별시 강북구 삼양로73가길 25,,37.62879888,127.0165492,2000,전용주,02-901-5863,서울특별시 강북구청,2025-08-12
09-15-14,1,서울특별시 강북구 삼양로73가길 27,,37.62877844,127.0164478,2000,한전주,02-901-5863,서울특별시 강북구청,2025-08-12
09-15-13,1,서울특별시 강북구 삼양로73가길 27,,37.6287829,127.0164507,2000,건축물,02-901-5863,서울특별시 강북구청,2025-08-12
09-15-12,1,서울특별시 강북구 삼양로73가길 34,,37.62871236,127.0160862,2000,한전주,02-901-5863,서울특별시 강북구청,2025-08-12
09-15-11,1,서울특별시 강북구 삼양로73가길 38,,37.62861156,127.0158836,2000,한전주,02-901-5863,서울특별시 강북구청,2025-08-12
09-15-10,1,서울특별시 강북구 삼양로73가길 40,,37.62852906,127.0157147,2000,건축물,02-901-5863,서울특별시 강북구청,2025-08-12
09-15-09,2,서울특별시 강북구 삼양로77가길 45,,37.62844646,127.0155346,2000,한전주,02-901-5863,서울특별시 강북구청,2025-08-12
09-15-08,1,서울특별시 강북구 삼양로77가길 31,,37.6288399,127.0162544,2000,전용주,02-901-5863,서울특별시 강북구청,2025-08-12
09-15-07,1,서울특별시 강북구 삼양로77가길 25,,37.62901335,127.0165241,2000,전용주,02-901-5863,서울특별시 강북구청,2025-08-12
09-15-06,1,서울특별시 강북구 삼양로77가길 19,,37.62928551,127.0167471,2000,한전주,02-901-5863,서울특별시 강북구청,2025-08-12
09-15-05,1,서울특별시 강북구 삼양로77가길 15,,37.62938556,127.016859,2000,건축물,02-901-5863,서울특별시 강북구청,2025-08-12
09-15-04,1,서울특별시 강북구 삼양로77가길 15,,37.62938556,127.016859,2000,한전주,02-901-5863,서울특별시 강북구청,2025-08-12
09-15-03,1,서울특별시 강북구 삼양로77가길 5,,37.62973046,127.0171604,2000,한전주,02-901-5863,서울특별시 강북구청,2025-08-12
09-15-02,1,서울특별시 강북구 삼양로73길 9,,37.62960067,127.017468,2000,한전주,02-901-5863,서울특별시 강북구청,2025-08-12
09-15-01,1,서울특별시 강북구 삼양로 293,,37.62975319,127.0177265,2000,한전주,02-901-5863,서울특별시 강북구청,2025-08-12
09-14-46,1,서울특별시 강북구 삼양로79길 27,,37.63082098,127.0161079,2000,전용주,02-901-5863,서울특별시 강북구청,2025-08-12
09-14-45,1,서울특별시 강북구 삼양로73길 35,,37.63072692,127.0167168,2000,,02-901-5863,서울특별시 강북구청,2025-08-12
09-14-44,1,서울특별시 강북구 삼양로73길 27,,37.63034247,127.0167739,2000,한전주,02-901-5863,서울특별시 강북구청,2025-08-12
09-14-43,1,서울특별시 강북구 삼양로73길 21,,37.63012612,127.0170646,2000,,02-901-5863,서울특별시 강북구청,2025-08-12
09-14-42,1,서울특별시 강북구 삼양로77길 47,,37.62907141,127.0159229,2000,전용주,02-901-5863,서울특별시 강북구청,2025-08-12
09-14-41,1,서울특별시 강북구 삼양로79길 27,,37.63082098,127.0161079,2000,건축물,02-901-5863,서울특별시 강북구청,2025-08-12
09-14-40,1,서울특별시 강북구 삼양로79길 35,,37.63017093,127.0159537,2000,건축물,02-901-5863,서울특별시 강북구청,2025-08-12
09-14-39,1,서울특별시 강북구 삼양로79길 35,,37.63017093,127.0159537,2000,건축물,02-901-5863,서울특별시 강북구청,2025-08-12
09-14-37,1,서울특별시 강북구 삼양로77길 36,,37.62968556,127.016096,2000,한전주,02-901-5863,서울특별시 강북구청,2025-08-12
09-14-36,1,서울특별시 강북구 삼양로77길 42,,37.62932198,127.0159851,2000,한전주,02-901-5863,서울특별시 강북구청,2025-08-12
09-14-35,1,서울특별시 강북구 삼양로79길 19,,37.63079982,127.0166622,2000,건축물,02-901-5863,서울특별시 강북구청,2025-08-12
09-14-34,1,서울특별시 강북구 삼양로73길 33,,37.63062781,127.0167181,2000,건축물,02-901-5863,서울특별시 강북구청,2025-08-12
09-14-33,1,서울특별시 강북구 삼양로79길 19,,37.63079982,127.0166501,2000,한전주,02-901-5863,서울특별시 강북구청,2025-08-12
09-14-32,1,서울특별시 강북구 삼양로79길 19,,37.63079852,127.0166592,2000,한전주,02-901-5863,서울특별시 강북구청,2025-08-12
09-14-31,1,서울특별시 강북구 삼양로79길 27,,37.63082098,127.0161079,2000,전용주,02-901-5863,서울특별시 강북구청,2025-08-12
09-14-30,1,서울특별시 강북구 삼양로79길 27,,37.63082098,127.0161424,2000,한전주,02-901-5863,서울특별시 강북구청,2025-08-12
09-14-29,1,서울특별시 강북구 삼양로79길 25,,37.63083088,127.0162169,2000,건축물,02-901-5863,서울특별시 강북구청,2025-08-12
09-14-27,1,서울특별시 강북구 삼양로79길 23,,37.63082158,127.016371,2000,한전주,02-901-5863,서울특별시 강북구청,2025-08-12
09-14-26,1,서울특별시 강북구 삼양로79길 27,,37.63082098,127.0161079,2000,건축물,02-901-5863,서울특별시 강북구청,2025-08-12
09-14-25,1,서울특별시 강북구 삼양로79길 27,,37.63082098,127.0161079,2000,건축물,02-901-5863,서울특별시 강북구청,2025-08-12
09-14-24,1,서울특별시 강북구 삼양로79길 27,,37.63082098,127.0161079,2000,한전주,02-901-5863,서울특별시 강북구청,2025-08-12
09-14-21,1,서울특별시 강북구 삼양로79길 27,,37.63082098,127.0161079,2000,전용주,02-901-5863,서울특별시 강북구청,2025-08-12
09-14-19,2,서울특별시 강북구 삼양로77길 22,,37.62998018,127.0168512,2000,한전주,02-901-5863,서울특별시 강북구청,2025-08-12
09-14-17,1,서울특별시 강북구 삼양로77길 36,,37.62982192,127.0162415,2000,전용주,02-901-5863,서울특별시 강북구청,2025-08-12
09-14-15,1,서울특별시 강북구 삼양로77길 41,,37.62918141,127.016148,2000,한전주,02-901-5863,서울특별시 강북구청,2025-08-12
09-14-13,1,서울특별시 강북구 삼양로77길 42,,37.6293642,127.0159851,2000,건축물,02-901-5863,서울특별시 강북구청,2025-08-12
09-14-12,1,서울특별시 강북구 삼양로77길 43,,37.62898283,127.0161053,2000,건축물,02-901-5863,서울특별시 강북구청,2025-08-12
09-14-10,1,서울특별시 강북구 삼양로77가길 42,,37.62880674,127.0155185,2000,건축물,02-901-5863,서울특별시 강북구청,2025-08-12
09-14-09,1,서울특별시 강북구 삼양로77가길 42,,37.62871759,127.015633,2000,,02-901-5863,서울특별시 강북구청,2025-08-12
09-14-08,1,서울특별시 강북구 삼양로77가길 40,,37.62872802,127.0157719,2000,전용주,02-901-5863,서울특별시 강북구청,2025-08-12
09-14-07,1,서울특별시 강북구 삼양로77가길 36,,37.62882703,127.0158277,2000,한전주,02-901-5863,서울특별시 강북구청,2025-08-12
09-14-06,1,서울특별시 강북구 삼양로79길 5,,37.63066087,127.0174427,2000,한전주,02-901-5863,서울특별시 강북구청,2025-08-12
09-14-05,1,서울특별시 강북구 삼양로73길 36,,37.63075526,127.016875,2000,한전주,02-901-5863,서울특별시 강북구청,2025-08-12
09-13-38,1,서울특별시 강북구 삼양로83길 7,,37.63217745,127.0171228,2000,,02-901-5863,서울특별시 강북구청,2025-08-12
09-13-37,1,서울특별시 강북구 삼양로 315,,37.63156115,127.0175165,2000,,02-901-5863,서울특별시 강북구청,2025-08-12
09-13-36,1,서울특별시 강북구 삼양로79길 10,,37.63095601,127.0171783,2000,전용주,02-901-5863,서울특별시 강북구청,2025-08-12
09-13-35,1,서울특별시 강북구 삼양로81길 15,,37.63105229,127.0168371,2000,한전주,02-901-5863,서울특별시 강북구청,2025-08-12
09-13-34,1,서울특별시 강북구 삼양로 315,,37.63153908,127.0175165,2000,한전주,02-901-5863,서울특별시 강북구청,2025-08-12
09-13-33,1,서울특별시 강북구 삼양로 315,,37.6315941,127.0175165,2000,한전주,02-901-5863,서울특별시 강북구청,2025-08-12
09-13-32,1,서울특별시 강북구 삼양로 315,,37.6315941,127.0175165,2000,건축물,02-901-5863,서울특별시 강북구청,2025-08-12
09-13-31,1,서울특별시 강북구 삼양로81길 6,,37.63134323,127.0171505,2000,,02-901-5863,서울특별시 강북구청,2025-08-12
09-13-30,1,서울특별시 강북구 삼양로 315,,37.6315941,127.0175165,2000,한전주,02-901-5863,서울특별시 강북구청,2025-08-12
09-13-29,2,서울특별시 강북구 삼양로 309,,37.63098625,127.0175631,2000,한전주,02-901-5863,서울특별시 강북구청,2025-08-12
09-13-28,1,서울특별시 강북구 삼양로81길 5,,37.63097545,127.0173479,2000,한전주,02-901-5863,서울특별시 강북구청,2025-08-12
09-13-27,1,서울특별시 강북구 삼양로81길 15,,37.63105229,127.0168371,2000,한전주,02-901-5863,서울특별시 강북구청,2025-08-12
09-13-26,1,서울특별시 강북구 삼양로79길 24,,37.63112154,127.0164963,2000,한전주,02-901-5863,서울특별시 강북구청,2025-08-12
09-13-25,1,서울특별시 강북구 삼양로81길 22,,37.63133395,127.0165315,2000,한전주,02-901-5863,서울특별시 강북구청,2025-08-12
09-13-24,1,서울특별시 강북구 삼양로81길 22,,37.63133395,127.0165315,2000,건축물,02-901-5863,서울특별시 강북구청,2025-08-12
09-13-23,1,서울특별시 강북구 삼양로81길 32,,37.63153942,127.0161494,2000,건축물,02-901-5863,서울특별시 강북구청,2025-08-12
09-13-22,1,서울특별시 강북구 삼양로81길 32,,37.63152451,127.0161964,2000,건축물,02-901-5863,서울특별시 강북구청,2025-08-12
09-13-21,1,서울특별시 강북구 삼양로81길 34,,37.63162248,127.0160592,2000,한전주,02-901-5863,서울특별시 강북구청,2025-08-12
09-13-20,1,서울특별시 강북구 삼양로81길 32,,37.63153942,127.016195,2000,한전주,02-901-5863,서울특별시 강북구청,2025-08-12
09-13-19,1,서울특별시 강북구 삼양로81길 42,,37.63200489,127.0160432,2000,한전주,02-901-5863,서울특별시 강북구청,2025-08-12
09-13-18,2,서울특별시 강북구 삼양로81길 46,,37.63208205,127.0160645,2000,한전주,02-901-5863,서울특별시 강북구청,2025-08-12
09-13-17,1,서울특별시 강북구 삼양로81길 52,,37.63217459,127.0163578,2000,건축물,02-901-5863,서울특별시 강북구청,2025-08-12
09-13-16,1,서울특별시 강북구 삼양로81길 56,,37.63232567,127.0164696,2000,한전주,02-901-5863,서울특별시 강북구청,2025-08-12
09-13-15,2,서울특별시 강북구 삼양로81길 60,,37.63244657,127.0165582,2000,한전주,02-901-5863,서울특별시 강북구청,2025-08-12
09-13-14,1,서울특별시 강북구 삼양로83길 17,,37.63236671,127.0166892,2000,한전주,02-901-5863,서울특별시 강북구청,2025-08-12
09-13-13,1,서울특별시 강북구 삼양로83길 13,,37.63235865,127.0168199,2000,건축물,02-901-5863,서울특별시 강북구청,2025-08-12
09-13-12,1,서울특별시 강북구 삼양로83길 11,,37.63228572,127.0169292,2000,전용주,02-901-5863,서울특별시 강북구청,2025-08-12
09-13-11,1,서울특별시 강북구 삼양로83길 11,,37.63223668,127.0169292,2000,전용주,02-901-5863,서울특별시 강북구청,2025-08-12
09-13-10,1,서울특별시 강북구 삼양로83길 11,,37.63223668,127.0169292,2000,전용주,02-901-5863,서울특별시 강북구청,2025-08-12
09-13-09,1,서울특별시 강북구 삼양로83길 7,,37.63217745,127.0171228,2000,한전주,02-901-5863,서울특별시 강북구청,2025-08-12
09-13-08,1,서울특별시 강북구 삼양로83길 7,,37.63217745,127.0171228,2000,건축물,02-901-5863,서울특별시 강북구청,2025-08-12
09-13-07,1,서울특별시 강북구 삼양로83길 7,,37.63217745,127.0171228,2000,전용주,02-901-5863,서울특별시 강북구청,2025-08-12
09-13-06,1,서울특별시 강북구 삼양로83길 7,,37.63217745,127.0171228,2000,,02-901-5863,서울특별시 강북구청,2025-08-12
09-13-05,1,서울특별시 강북구 삼양로83길 7,,37.63217745,127.0171228,2000,전용주,02-901-5863,서울특별시 강북구청,2025-08-12
09-13-04,1,서울특별시 강북구 삼양로83길 7,,37.63217745,127.0171228,2000,건축물,02-901-5863,서울특별시 강북구청,2025-08-12
09-13-03,1,서울특별시 강북구 삼양로83길 7,,37.632181,127.0171282,2000,한전주,02-901-5863,서울특별시 강북구청,2025-08-12
09-13-02,1,서울특별시 강북구 삼양로83길 5,,37.6320561,127.0172771,2000,한전주,02-901-5863,서울특별시 강북구청,2025-08-12
09-13-01,1,서울특별시 강북구 삼양로 319,,37.63184737,127.0175079,2000,건축물,02-901-5863,서울특별시 강북구청,2025-08-12
09-12-44,1,서울특별시 강북구 삼양로81길 38,,37.63172111,127.0160013,2000,건축물,02-901-5863,서울특별시 강북구청,2025-08-12
09-12-43,1,서울특별시 강북구 인수봉로32길 5,,37.63071412,127.0140999,2000,,02-901-5863,서울특별시 강북구청,2025-08-12
09-12-42,1,서울특별시 강북구 인수봉로34길 28,,37.63102905,127.0152745,2000,,02-901-5863,서울특별시 강북구청,2025-08-12
09-12-41,1,서울특별시 강북구 인수봉로38길 22,,37.63173945,127.0149587,2000,건축물,02-901-5863,서울특별시 강북구청,2025-08-12
09-12-40,1,서울특별시 강북구 인수봉로 124,,37.6307036,127.0138753,2000,건축물,02-901-5863,서울특별시 강북구청,2025-08-12
09-12-39,1,서울특별시 강북구 인수봉로32길 5,,37.63071412,127.0140999,2000,건축물,02-901-5863,서울특별시 강북구청,2025-08-12
09-12-38,1,서울특별시 강북구 인수봉로34길 8,,37.63076903,127.0141955,2000,한전주,02-901-5863,서울특별시 강북구청,2025-08-12
09-12-37,1,서울특별시 강북구 인수봉로34길 13,,37.63102049,127.0144342,2000,건축물,02-901-5863,서울특별시 강북구청,2025-08-12
09-12-36,1,서울특별시 강북구 인수봉로34길 13,,37.63102346,127.0144583,2000,전용주,02-901-5863,서울특별시 강북구청,2025-08-12
09-12-35,1,서울특별시 강북구 인수봉로34길 19,,37.63108936,127.0148008,2000,한전주,02-901-5863,서울특별시 강북구청,2025-08-12
09-12-34,1,서울특별시 강북구 인수봉로34길 25,,37.63120717,127.0152267,2000,한전주,02-901-5863,서울특별시 강북구청,2025-08-12
09-12-33,1,서울특별시 강북구 삼양로79길 36,,37.63080304,127.0155376,2000,건축물,02-901-5863,서울특별시 강북구청,2025-08-12
09-12-32,1,서울특별시 강북구 인수봉로34길 19,,37.63108695,127.0148008,2000,건축물,02-901-5863,서울특별시 강북구청,2025-08-12
09-11-42,1,서울특별시 강북구 인수봉로42길 27,,37.63242615,127.0151876,2000,,02-901-5863,서울특별시 강북구청,2025-08-12
09-11-41,1,서울특별시 강북구 덕릉로8길 36,,37.63283377,127.0143665,2000,한전주,02-901-5863,서울특별시 강북구청,2025-08-12
09-11-40,1,서울특별시 강북구 인수봉로40길 17,,37.63217067,127.0146648,2000,,02-901-5863,서울특별시 강북구청,2025-08-12
09-11-33,1,서울특별시 강북구 인수봉로38가길 23,,37.63160179,127.0153231,2000,건축물,02-901-5863,서울특별시 강북구청,2025-08-12
09-11-32,1,서울특별시 강북구 인수봉로40길 7,,37.63210269,127.0142175,2000,,02-901-5863,서울특별시 강북구청,2025-08-12
09-09-33,1,서울특별시 강북구 삼양로83길 10,,37.6325061,127.0172145,2000,건축물,02-901-5863,서울특별시 강북구청,2025-08-12
09-09-32,1,서울특별시 강북구 삼양로83길 14,,37.63247228,127.0169933,2000,,02-901-5863,서울특별시 강북구청,2025-08-12
09-09-31,1,서울특별시 강북구 삼양로83길 14,,37.63247228,127.0169933,2000,건축물,02-901-5863,서울특별시 강북구청,2025-08-12
09-06-41,1,서울특별시 강북구 삼양로80길 14,,37.6308516,127.0187091,2000,,02-901-5863,서울특별시 강북구청,2025-08-12
09-06-40,1,서울특별시 강북구 삼양로76길 30,,37.63007503,127.0195916,2000,,02-901-5863,서울특별시 강북구청,2025-08-12
09-06-39,1,서울특별시 강북구 삼양로76길 4,,37.62970421,127.0181849,2000,전용주,02-901-5863,서울특별시 강북구청,2025-08-12
09-06-38,1,서울특별시 강북구 삼양로76길 19,,37.63009454,127.0189879,2000,건축물,02-901-5863,서울특별시 강북구청,2025-08-12
09-06-37,1,서울특별시 강북구 삼양로74가길 15,,37.63040612,127.0194368,2000,전용주,02-901-5863,서울특별시 강북구청,2025-08-12
09-06-36,1,서울특별시 강북구 삼양로74가길 19,,37.63063079,127.0192445,2000,,02-901-5863,서울특별시 강북구청,2025-08-12
09-06-35,1,서울특별시 강북구 삼양로80길 22,,37.63095479,127.019094,2000,건축물,02-901-5863,서울특별시 강북구청,2025-08-12
09-06-34,1,서울특별시 강북구 삼양로80길 18,,37.63090789,127.0188087,2000,한전주,02-901-5863,서울특별시 강북구청,2025-08-12
09-06-33,1,서울특별시 강북구 삼양로80길 18,,37.63090789,127.0188087,2000,건축물,02-901-5863,서울특별시 강북구청,2025-08-12
09-06-32,1,서울특별시 강북구 삼양로80길 20,,37.63094377,127.0189571,2000,한전주,02-901-5863,서울특별시 강북구청,2025-08-12
09-06-31,1,서울특별시 강북구 삼양로76길 17,,37.63006466,127.0188067,2000,한전주,02-901-5863,서울특별시 강북구청,2025-08-12
09-05-66,1,서울특별시 강북구 삼양로80가길 18,,37.63164734,127.0190499,2000,전용주,02-901-5863,서울특별시 강북구청,2025-08-12
09-05-65,1,서울특별시 강북구 삼양로74길 39,,37.63125217,127.0202924,2000,전용주,02-901-5863,서울특별시 강북구청,2025-08-12
09-05-64,1,서울특별시 강북구 삼양로80길 35,,37.63127849,127.0197563,2000,건축물,02-901-5863,서울특별시 강북구청,2025-08-12
09-05-63,1,서울특별시 강북구 삼양로80길 45,,37.6314439,127.0203747,2000,건축물,02-901-5863,서울특별시 강북구청,2025-08-12
09-05-62,1,서울특별시 강북구 삼양로80가길 20,,37.63176494,127.019105,2000,한전주,02-901-5863,서울특별시 강북구청,2025-08-12
09-05-60,1,서울특별시 강북구 삼양로74길 39,,37.63125217,127.0202924,2000,한전주,02-901-5863,서울특별시 강북구청,2025-08-12
09-05-59,2,서울특별시 강북구 삼양로74다길 59,,37.63260273,127.0201703,2000,건축물,02-901-5863,서울특별시 강북구청,2025-08-12
09-05-58,1,서울특별시 강북구 삼양로74다길 59,,37.63260273,127.0201703,2000,건축물,02-901-5863,서울특별시 강북구청,2025-08-12
09-05-57,1,서울특별시 강북구 삼양로74다길 53,,37.6324231,127.0202406,2000,한전주,02-901-5863,서울특별시 강북구청,2025-08-12
09-05-56,1,서울특별시 강북구 삼양로74다길 51,,37.63209736,127.0200749,2000,건축물,02-901-5863,서울특별시 강북구청,2025-08-12
09-05-55,1,서울특별시 강북구 삼양로74다길 51,,37.63225117,127.0201522,2000,전용주,02-901-5863,서울특별시 강북구청,2025-08-12
09-05-54,1,서울특별시 강북구 삼양로74다길 45,,37.63206395,127.0203926,2000,건축물,02-901-5863,서울특별시 강북구청,2025-08-12
09-05-53,2,서울특별시 강북구 수유로4길 35,,37.63194673,127.0203828,2000,한전주,02-901-5863,서울특별시 강북구청,2025-08-12
09-05-52,1,서울특별시 강북구 수유로4길 35,,37.63194673,127.0203828,2000,건축물,02-901-5863,서울특별시 강북구청,2025-08-12
09-05-51,1,서울특별시 강북구 삼양로80길 45,,37.6314439,127.0203747,2000,건축물,02-901-5863,서울특별시 강북구청,2025-08-12
09-05-50,1,서울특별시 강북구 삼양로80길 41,,37.6313806,127.0200606,2000,한전주,02-901-5863,서울특별시 강북구청,2025-08-12
09-05-49,1,서울특별시 강북구 삼양로80길 41,,37.6313806,127.0200934,2000,한전주,02-901-5863,서울특별시 강북구청,2025-08-12
09-05-48,1,서울특별시 강북구 삼양로80길 35,,37.63127849,127.0197563,2000,건축물,02-901-5863,서울특별시 강북구청,2025-08-12
09-05-47,2,서울특별시 강북구 삼양로80나길 14,,37.63153605,127.0197538,2000,한전주,02-901-5863,서울특별시 강북구청,2025-08-12
09-05-46,1,서울특별시 강북구 삼양로80길 33,,37.6312468,127.0196754,2000,건축물,02-901-5863,서울특별시 강북구청,2025-08-12
09-05-45,1,서울특별시 강북구 삼양로80길 33,,37.6312468,127.0196405,2000,,02-901-5863,서울특별시 강북구청,2025-08-12
09-05-44,1,서울특별시 강북구 삼양로80길 29,,37.63133568,127.0194958,2000,한전주,02-901-5863,서울특별시 강북구청,2025-08-12
09-05-42,1,서울특별시 강북구 삼양로80길 19,,37.63110779,127.0189646,2000,건축물,02-901-5863,서울특별시 강북구청,2025-08-12
09-05-41,1,서울특별시 강북구 삼양로80길 19,,37.63110779,127.0189646,2000,한전주,02-901-5863,서울특별시 강북구청,2025-08-12
09-05-40,1,서울특별시 강북구 삼양로80가길 26,,37.63196493,127.0192219,2000,건축물,02-901-5863,서울특별시 강북구청,2025-08-12
09-05-39,1,서울특별시 강북구 삼양로80나길 17,,37.63187681,127.0195567,2000,,02-901-5863,서울특별시 강북구청,2025-08-12
09-05-38,1,서울특별시 강북구 삼양로80나길 24,,37.63203288,127.0198984,2000,한전주,02-901-5863,서울특별시 강북구청,2025-08-12
09-05-37,1,서울특별시 강북구 삼양로80가길 32,,37.63215719,127.0194027,2000,건축물,02-901-5863,서울특별시 강북구청,2025-08-12
09-05-35,1,서울특별시 강북구 삼양로80나길 27,,37.63233854,127.0198225,2000,건축물,02-901-5863,서울특별시 강북구청,2025-08-12
09-05-34,1,서울특별시 강북구 삼양로80나길 32,,37.63246702,127.0201041,2000,한전주,02-901-5863,서울특별시 강북구청,2025-08-12
09-05-33,1,서울특별시 강북구 수유로8길 14,,37.63285683,127.0197868,2000,전용주,02-901-5863,서울특별시 강북구청,2025-08-12
09-05-32,1,서울특별시 강북구 수유로8길 14,,37.63285683,127.0197868,2000,한전주,02-901-5863,서울특별시 강북구청,2025-08-12
09-04-41,2,서울특별시 강북구 도봉로77길 6,,37.63375986,127.0228063,2000,한전주,02-901-5863,서울특별시 강북구청,2025-08-12
09-04-40,2,서울특별시 강북구 도봉로77길 6,,37.63375986,127.0228063,2000,한전주,02-901-5863,서울특별시 강북구청,2025-08-12
09-04-39,1,서울특별시 강북구 삼양로80가길 63,,37.63360905,127.0198285,2000,건축물,02-901-5863,서울특별시 강북구청,2025-08-12
09-04-38,1,서울특별시 강북구 도봉로 289,,37.63419087,127.0230713,2000,건축물,02-901-5863,서울특별시 강북구청,2025-08-12
09-04-36,1,서울특별시 강북구 삼양로80가길 60,,37.63345946,127.020261,2000,,02-901-5863,서울특별시 강북구청,2025-08-12
09-04-35,2,서울특별시 강북구 도봉로77길 6,,37.63375986,127.0228063,2000,한전주,02-901-5863,서울특별시 강북구청,2025-08-12
09-04-34,1,서울특별시 강북구 수유로8길 17,,37.63291759,127.0201095,2000,한전주,02-901-5863,서울특별시 강북구청,2025-08-12
09-04-33,1,서울특별시 강북구 덕릉로26길 13,,37.63395666,127.0226338,2000,한전주,02-901-5863,서울특별시 강북구청,2025-08-12
09-04-31,1,서울특별시 강북구 덕릉로24길 6,,37.63433769,127.0218584,2000,한전주,02-901-5863,서울특별시 강북구청,2025-08-12
09-03-34,1,서울특별시 강북구 도봉로71가길 30,,37.63249482,127.022307,2000,건축물,02-901-5863,서울특별시 강북구청,2025-08-12
09-03-33,1,서울특별시 강북구 도봉로77길 19,,37.63356467,127.0220837,2000,한전주,02-901-5863,서울특별시 강북구청,2025-08-12
09-02-41,1,서울특별시 강북구 삼양로74다길 58,,37.63256838,127.0203747,2000,한전주,02-901-5863,서울특별시 강북구청,2025-08-12
09-02-40,1,서울특별시 강북구 수유로4길 46,,37.6318634,127.0210426,2000,전용주,02-901-5863,서울특별시 강북구청,2025-08-12
09-02-39,1,서울특별시 강북구 수유로12가길 7,,37.6325098,127.0211742,2000,전용주,02-901-5863,서울특별시 강북구청,2025-08-12
09-02-38,1,서울특별시 강북구 수유로12가길 3,,37.63257598,127.0213972,2000,전용주,02-901-5863,서울특별시 강북구청,2025-08-12
09-02-37,1,서울특별시 강북구 수유로12가길 3,,37.63253976,127.0213972,2000,한전주,02-901-5863,서울특별시 강북구청,2025-08-12
09-02-36,1,서울특별시 강북구 수유로12가길 9,,37.63247482,127.0210443,2000,전용주,02-901-5863,서울특별시 강북구청,2025-08-12
09-02-35,1,서울특별시 강북구 수유로12가길 12,,37.63259095,127.0208489,2000,건축물,02-901-5863,서울특별시 강북구청,2025-08-12
09-02-34,1,서울특별시 강북구 수유로12가길 13,,37.63238407,127.0209662,2000,한전주,02-901-5863,서울특별시 강북구청,2025-08-12
09-02-33,1,서울특별시 강북구 수유로12가길 13,,37.63230186,127.0209385,2000,건축물,02-901-5863,서울특별시 강북구청,2025-08-12
09-02-32,1,서울특별시 강북구 수유로12가길 17,,37.63237573,127.0206729,2000,전용주,02-901-5863,서울특별시 강북구청,2025-08-12
09-02-31,1,서울특별시 강북구 수유로12가길 22,,37.63246965,127.0204213,2000,건축물,02-901-5863,서울특별시 강북구청,2025-08-12
09-02-30,1,서울특별시 강북구 삼양로74다길 56,,37.63261521,127.0205893,2000,건축물,02-901-5863,서울특별시 강북구청,2025-08-12
09-02-29,1,서울특별시 강북구 수유로4길 43,,37.6320769,127.0208683,2000,건축물,02-901-5863,서울특별시 강북구청,2025-08-12
09-01-43,1,서울특별시 강북구 도봉로71가길 4,,37.6315241,127.022747,2000,한전주,02-901-5863,서울특별시 강북구청,2025-08-12
09-01-42,1,서울특별시 강북구 수유로12길 100,,37.63055282,127.022359,2000,건축물,02-901-5863,서울특별시 강북구청,2025-08-12
09-01-39,1,서울특별시 강북구 수유로12길 70,,37.63192196,127.0217427,2000,,02-901-5863,서울특별시 강북구청,2025-08-12
09-01-38,1,서울특별시 강북구 솔매로45길 114,,37.63096516,127.0237152,2000,건축물,02-901-5863,서울특별시 강북구청,2025-08-12
09-01-37,1,서울특별시 강북구 솔매로45길 118,,37.63113326,127.0236894,2000,건축물,02-901-5863,서울특별시 강북구청,2025-08-12
09-01-36,1,서울특별시 강북구 도봉로73길 7,,37.63187192,127.0233181,2000,전용주,02-901-5863,서울특별시 강북구청,2025-08-12
09-01-32,1,서울특별시 강북구 도봉로71가길 4,,37.6315241,127.022747,2000,건축물,02-901-5863,서울특별시 강북구청,2025-08-12
08-23-09,1,서울특별시 강북구 월계로37길 87,,37.62590292,127.0437424,2000,한전주,02-901-5863,서울특별시 강북구청,2025-08-12
08-23-08,1,서울특별시 강북구 월계로37길 99,,37.62626248,127.0436358,2000,전용주,02-901-5863,서울특별시 강북구청,2025-08-12
08-23-07,1,서울특별시 강북구 월계로37길 99,,37.62626248,127.0436358,2000,전용주,02-901-5863,서울특별시 강북구청,2025-08-12
08-23-06,1,서울특별시 강북구 월계로37길 99,,37.62626248,127.0436358,2000,전용주,02-901-5863,서울특별시 강북구청,2025-08-12
08-23-05,1,서울특별시 강북구 월계로37길 99,,37.62626248,127.0436358,2000,,02-901-5863,서울특별시 강북구청,2025-08-12
08-23-04,1,서울특별시 강북구 월계로37길 99,,37.62626248,127.0436358,2000,,02-901-5863,서울특별시 강북구청,2025-08-12
08-23-03,1,서울특별시 강북구 월계로37길 95,,37.6260024,127.0437864,2000,한전주,02-901-5863,서울특별시 강북구청,2025-08-12
08-23-02,1,서울특별시 강북구 월계로37길 95,,37.62613827,127.0438753,2000,한전주,02-901-5863,서울특별시 강북구청,2025-08-12
08-23-01,1,서울특별시 강북구 월계로37길 87,,37.62590292,127.0437424,2000,한전주,02-901-5863,서울특별시 강북구청,2025-08-12
08-22-08,1,서울특별시 강북구 오현로20길 62,,37.62687928,127.0396968,2000,한전주,02-901-5863,서울특별시 강북구청,2025-08-12
08-22-07,1,서울특별시 강북구 오현로20길 62,,37.62687928,127.0396968,2000,한전주,02-901-5863,서울특별시 강북구청,2025-08-12
08-22-06,1,서울특별시 강북구 오현로20길 62,,37.62687928,127.0396968,2000,한전주,02-901-5863,서울특별시 강북구청,2025-08-12
08-22-05,1,서울특별시 강북구 오현로20길 62,,37.62687928,127.0396968,2000,한전주,02-901-5863,서울특별시 강북구청,2025-08-12
08-22-04,1,서울특별시 강북구 오현로20길 62,,37.62687928,127.0396968,2000,한전주,02-901-5863,서울특별시 강북구청,2025-08-12
08-22-03,1,서울특별시 강북구 오현로20길 62,,37.62687928,127.0396968,2000,한전주,02-901-5863,서울특별시 강북구청,2025-08-12
08-22-02,1,서울특별시 강북구 한천로109길 81,,37.62635094,127.0401001,2000,한전주,02-901-5863,서울특별시 강북구청,2025-08-12
08-22-01,1,서울특별시 강북구 오현로20길 62,,37.62687928,127.0396968,2000,한전주,02-901-5863,서울특별시 강북구청,2025-08-12
08-18-26,1,서울특별시 강북구 월계로37길 143,,37.62810932,127.0435928,2000,전용주,02-901-5863,서울특별시 강북구청,2025-08-12
08-18-25,1,서울특별시 강북구 월계로37길 143,,37.62810932,127.0435928,2000,전용주,02-901-5863,서울특별시 강북구청,2025-08-12
08-18-23,1,서울특별시 강북구 한천로109길 33,,37.62808976,127.0422983,2000,,02-901-5863,서울특별시 강북구청,2025-08-12
08-18-22,1,서울특별시 강북구 한천로109길 21,,37.6282817,127.0428918,2000,한전주,02-901-5863,서울특별시 강북구청,2025-08-12
08-18-21,1,서울특별시 강북구 한천로109길 21,,37.6282817,127.0428918,2000,한전주,02-901-5863,서울특별시 강북구청,2025-08-12
08-18-20,1,서울특별시 강북구 월계로37길 137,,37.62717086,127.0434663,2000,전용주,02-901-5863,서울특별시 강북구청,2025-08-12
08-18-19,1,서울특별시 강북구 월계로37길 137,,37.62717086,127.0434663,2000,한전주,02-901-5863,서울특별시 강북구청,2025-08-12
08-18-18,1,서울특별시 강북구 월계로37길 137,,37.62717086,127.0434356,2000,한전주,02-901-5863,서울특별시 강북구청,2025-08-12
08-18-17,2,서울특별시 강북구 한천로109가길 19,,37.62759984,127.0429956,2000,전용주,02-901-5863,서울특별시 강북구청,2025-08-12
08-18-16,2,서울특별시 강북구 한천로109가길 19,,37.62759984,127.0429956,2000,한전주,02-901-5863,서울특별시 강북구청,2025-08-12
08-18-15,1,서울특별시 강북구 한천로109가길 13,,37.62766971,127.0427228,2000,한전주,02-901-5863,서울특별시 강북구청,2025-08-12
08-18-14,1,서울특별시 강북구 한천로109가길 7,,37.62782076,127.0424603,2000,한전주,02-901-5863,서울특별시 강북구청,2025-08-12
08-18-13,1,서울특별시 강북구 한천로109가길 26,,37.62709586,127.0430701,2000,한전주,02-901-5863,서울특별시 강북구청,2025-08-12
08-18-12,2,서울특별시 강북구 한천로109가길 30,,37.62698039,127.0432754,2000,전용주,02-901-5863,서울특별시 강북구청,2025-08-12
08-18-11,1,서울특별시 강북구 한천로109가길 34,,37.62685591,127.043481,2000,한전주,02-901-5863,서울특별시 강북구청,2025-08-12
08-18-10,1,서울특별시 강북구 한천로109가길 34,,37.62685591,127.043481,2000,전용주,02-901-5863,서울특별시 강북구청,2025-08-12
08-18-09,2,서울특별시 강북구 한천로109길 57,,37.62742361,127.0423748,2000,한전주,02-901-5863,서울특별시 강북구청,2025-08-12
08-18-08,2,서울특별시 강북구 한천로109길 57,,37.62742361,127.0423748,2000,한전주,02-901-5863,서울특별시 강북구청,2025-08-12
08-18-07,2,서울특별시 강북구 한천로109가길 8,,37.62770245,127.0423146,2000,전용주,02-901-5863,서울특별시 강북구청,2025-08-12
08-18-06,1,서울특별시 강북구 한천로109길 57,,37.62764609,127.0420321,2000,한전주,02-901-5863,서울특별시 강북구청,2025-08-12
08-18-05,1,서울특별시 강북구 한천로109길 57,,37.62733702,127.0416962,2000,한전주,02-901-5863,서울특별시 강북구청,2025-08-12
08-18-04,2,서울특별시 강북구 한천로109길 53,,37.62746085,127.0414114,2000,한전주,02-901-5863,서울특별시 강북구청,2025-08-12
08-18-03,1,서울특별시 강북구 한천로109길 57,,37.62710746,127.0411667,2000,,02-901-5863,서울특별시 강북구청,2025-08-12
08-18-02,1,서울특별시 강북구 한천로109길 57,,37.62691063,127.0413391,2000,한전주,02-901-5863,서울특별시 강북구청,2025-08-12
08-18-01,1,서울특별시 강북구 한천로109길 57,,37.62691063,127.0413391,2000,한전주,02-901-5863,서울특별시 강북구청,2025-08-12
08-16-15,2,서울특별시 강북구 오현로32길 30,,37.62789384,127.0408184,2000,전용주,02-901-5863,서울특별시 강북구청,2025-08-12
08-16-14,1,서울특별시 강북구 오현로32길 38,,37.6277543,127.0409318,2000,전용주,02-901-5863,서울특별시 강북구청,2025-08-12
08-16-13,1,서울특별시 강북구 오현로34길 23,,37.6279355,127.0399438,2000,한전주,02-901-5863,서울특별시 강북구청,2025-08-12
08-16-12,1,서울특별시 강북구 오현로34길 31,,37.62776386,127.0398894,2000,한전주,02-901-5863,서울특별시 강북구청,2025-08-12
08-16-11,1,서울특별시 강북구 오현로34길 35,,37.62767211,127.0396867,2000,한전주,02-901-5863,서울특별시 강북구청,2025-08-12
08-16-10,2,서울특별시 강북구 오현로34길 39,,37.62743731,127.0396217,2000,한전주,02-901-5863,서울특별시 강북구청,2025-08-12
08-16-09,1,서울특별시 강북구 오현로32길 30,,37.62789384,127.0408184,2000,한전주,02-901-5863,서울특별시 강북구청,2025-08-12
08-16-08,1,서울특별시 강북구 오현로32길 30,,37.62789384,127.0408184,2000,한전주,02-901-5863,서울특별시 강북구청,2025-08-12
08-16-07,1,서울특별시 강북구 한천로109길 68,,37.627409,127.0405737,2000,한전주,02-901-5863,서울특별시 강북구청,2025-08-12
08-16-06,1,서울특별시 강북구 한천로109길 66,,37.62749165,127.0407652,2000,,02-901-5863,서울특별시 강북구청,2025-08-12
08-16-05,1,서울특별시 강북구 오현로34길 23,,37.62784954,127.0404547,2000,,02-901-5863,서울특별시 강북구청,2025-08-12
08-16-04,1,서울특별시 강북구 오현로34길 23,,37.62784954,127.0404547,2000,,02-901-5863,서울특별시 강북구청,2025-08-12
08-16-03,2,서울특별시 강북구 오현로32길 24,,37.62788494,127.040375,2000,한전주,02-901-5863,서울특별시 강북구청,2025-08-12
08-16-02,2,서울특별시 강북구 오현로32길 18,,37.62813582,127.0402018,2000,한전주,02-901-5863,서울특별시 강북구청,2025-08-12
08-16-01,1,서울특별시 강북구 오현로32길 18,,37.62813582,127.0402018,2000,한전주,02-901-5863,서울특별시 강북구청,2025-08-12
08-15-07,1,서울특별시 강북구 오현로32길 3,,37.62870838,127.039696,2000,,02-901-5863,서울특별시 강북구청,2025-08-12
08-15-06,1,서울특별시 강북구 오현로 170,,37.62716993,127.0377672,2000,,02-901-5863,서울특별시 강북구청,2025-08-12
08-15-05,1,서울특별시 강북구 오현로 174,,37.62738673,127.0379761,2000,한전주,02-901-5863,서울특별시 강북구청,2025-08-12
08-15-04,1,서울특별시 강북구 오현로 190,,37.62847183,127.0394158,2000,,02-901-5863,서울특별시 강북구청,2025-08-12
08-15-03,1,서울특별시 강북구 오현로 174,,37.6273265,127.0379761,2000,,02-901-5863,서울특별시 강북구청,2025-08-12
08-15-02,1,서울특별시 강북구 오현로 174,,37.6273265,127.0379761,2000,한전주,02-901-5863,서울특별시 강북구청,2025-08-12
08-15-01,1,서울특별시 강북구 오현로 174,,37.62738673,127.0379761,2000,,02-901-5863,서울특별시 강북구청,2025-08-12
07-25-10,1,서울특별시 강북구 오현로31길 89,,37.63174783,127.0355846,2000,한전주,02-901-5863,서울특별시 강북구청,2025-08-12
07-25-09,1,서울특별시 강북구 오현로31길 89,,37.63174783,127.0355846,2000,전용주,02-901-5863,서울특별시 강북구청,2025-08-12
07-25-08,1,서울특별시 강북구 오현로31길 89,,37.63174783,127.0355846,2000,한전주,02-901-5863,서울특별시 강북구청,2025-08-12
07-25-07,2,서울특별시 강북구 오현로31길 89,,37.63174783,127.0355846,2000,한전주,02-901-5863,서울특별시 강북구청,2025-08-12
07-25-06,1,서울특별시 강북구 오현로31길 85,,37.63067636,127.0357281,2000,한전주,02-901-5863,서울특별시 강북구청,2025-08-12
07-25-05,1,서울특별시 강북구 오현로31길 89,,37.63174783,127.0355846,2000,전용주,02-901-5863,서울특별시 강북구청,2025-08-12
07-25-04,1,서울특별시 강북구 오현로31길 89,,37.63174783,127.0355846,2000,전용주,02-901-5863,서울특별시 강북구청,2025-08-12
07-25-03,1,서울특별시 강북구 오현로31길 89,,37.63174783,127.0355846,2000,전용주,02-901-5863,서울특별시 강북구청,2025-08-12
07-25-02,1,서울특별시 강북구 오현로31길 89,,37.63174783,127.0355846,2000,전용주,02-901-5863,서울특별시 강북구청,2025-08-12
07-25-01,1,서울특별시 강북구 오현로31길 89,,37.63174783,127.0355846,2000,전용주,02-901-5863,서울특별시 강북구청,2025-08-12
07-23-13,1,서울특별시 강북구 오현로25가길 25,,37.62691745,127.0366376,2000,전용주,02-901-5863,서울특별시 강북구청,2025-08-12
07-23-12,1,서울특별시 강북구 오현로25가길 12,,37.6274526,127.0370725,2000,한전주,02-901-5863,서울특별시 강북구청,2025-08-12
07-23-11,1,서울특별시 강북구 오현로25가길 16,,37.62731608,127.0368997,2000,한전주,02-901-5863,서울특별시 강북구청,2025-08-12
07-23-10,1,서울특별시 강북구 오현로25가길 29,,37.62681714,127.0364916,2000,,02-901-5863,서울특별시 강북구청,2025-08-12
07-23-09,1,서울특별시 강북구 오현로25나길 46,,37.62674548,127.0354389,2000,한전주,02-901-5863,서울특별시 강북구청,2025-08-12
07-23-08,1,서울특별시 강북구 오현로25나길 29,,37.62701323,127.0362285,2000,한전주,02-901-5863,서울특별시 강북구청,2025-08-12
07-23-07,1,서울특별시 강북구 오현로25나길 19,,37.62731414,127.0366665,2000,한전주,02-901-5863,서울특별시 강북구청,2025-08-12
07-23-06,1,서울특별시 강북구 오현로25나길 15,,37.62740534,127.0367885,2000,한전주,02-901-5863,서울특별시 강북구청,2025-08-12
07-23-05,1,서울특별시 강북구 오현로25다길 15,,37.62759242,127.0365382,2000,한전주,02-901-5863,서울특별시 강북구청,2025-08-12
07-23-04,1,서울특별시 강북구 오현로25다길 21,,37.62740082,127.0362462,2000,한전주,02-901-5863,서울특별시 강북구청,2025-08-12
07-23-03,1,서울특별시 강북구 오현로25다길 35,,37.62698139,127.0356398,2000,한전주,02-901-5863,서울특별시 강북구청,2025-08-12
07-23-02,1,서울특별시 강북구 오현로25다길 45,,37.62677057,127.0351897,2000,한전주,02-901-5863,서울특별시 강북구청,2025-08-12
07-23-01,1,서울특별시 강북구 오현로25다길 51,,37.626615,127.0349082,2000,전용주,02-901-5863,서울특별시 강북구청,2025-08-12
07-22-22,1,서울특별시 강북구 도봉로78길 61,,37.6339935,127.0270973,2000,,02-901-5863,서울특별시 강북구청,2025-08-12
07-22-21,1,서울특별시 강북구 덕릉로36길 22,,37.63369632,127.0282114,2000,전용주,02-901-5863,서울특별시 강북구청,2025-08-12
07-22-18,1,서울특별시 강북구 도봉로78길 65,,37.63399453,127.0272219,2000,,02-901-5863,서울특별시 강북구청,2025-08-12
07-22-17,1,서울특별시 강북구 도봉로78길 75,,37.63397254,127.027834,2000,한전주,02-901-5863,서울특별시 강북구청,2025-08-12
07-22-16,1,서울특별시 강북구 도봉로78길 81,,37.63435447,127.0282595,2000,한전주,02-901-5863,서울특별시 강북구청,2025-08-12
07-22-15,1,서울특별시 강북구 덕릉로36길 6,,37.63471345,127.0280849,2000,,02-901-5863,서울특별시 강북구청,2025-08-12
07-22-14,1,서울특별시 강북구 도봉로78길 80,,37.63383945,127.028085,2000,한전주,02-901-5863,서울특별시 강북구청,2025-08-12
07-22-13,1,서울특별시 강북구 도봉로78길 78,,37.63382922,127.0279378,2000,한전주,02-901-5863,서울특별시 강북구청,2025-08-12
07-22-12,2,서울특별시 강북구 도봉로78길 74,,37.6337108,127.0277807,2000,전용주,02-901-5863,서울특별시 강북구청,2025-08-12
07-22-11,1,서울특별시 강북구 도봉로78길 74,,37.6337108,127.0277807,2000,전용주,02-901-5863,서울특별시 강북구청,2025-08-12
07-22-10,1,서울특별시 강북구 도봉로78길 62,,37.63379856,127.0274963,2000,한전주,02-901-5863,서울특별시 강북구청,2025-08-12
07-22-09,1,서울특별시 강북구 도봉로78길 62,,37.63379856,127.0274963,2000,전용주,02-901-5863,서울특별시 강북구청,2025-08-12
07-22-08,2,서울특별시 강북구 도봉로78길 62,,37.63379856,127.0274963,2000,한전주,02-901-5863,서울특별시 강북구청,2025-08-12
07-22-06,1,서울특별시 강북구 도봉로78길 62,,37.63379856,127.0274963,2000,한전주,02-901-5863,서울특별시 강북구청,2025-08-12
07-22-05,1,서울특별시 강북구 도봉로78길 62,,37.63379856,127.0274963,2000,전용주,02-901-5863,서울특별시 강북구청,2025-08-12
07-22-04,2,서울특별시 강북구 도봉로78길 62,,37.63379856,127.0274963,2000,한전주,02-901-5863,서울특별시 강북구청,2025-08-12
07-22-03,1,서울특별시 강북구 도봉로78길 81,,37.63435447,127.0282595,2000,한전주,02-901-5863,서울특별시 강북구청,2025-08-12
07-22-02,1,서울특별시 강북구 도봉로78길 69,,37.63425813,127.0275017,2000,전용주,02-901-5863,서울특별시 강북구청,2025-08-12
07-22-01,1,서울특별시 강북구 도봉로78길 78,,37.63382942,127.0279741,2000,전용주,02-901-5863,서울특별시 강북구청,2025-08-12
07-21-46,1,서울특별시 강북구 덕릉로40길 48,,37.63374568,127.032029,2000,전용주,02-901-5863,서울특별시 강북구청,2025-08-12
07-21-45,1,서울특별시 강북구 덕릉로42길 64,,37.63305363,127.0311429,2000,전용주,02-901-5863,서울특별시 강북구청,2025-08-12
07-21-44,1,서울특별시 강북구 덕릉로42길 40,,37.63330821,127.0314228,2000,한전주,02-901-5863,서울특별시 강북구청,2025-08-12
07-21-41,1,서울특별시 강북구 덕릉로40길 48,,37.63374568,127.032029,2000,한전주,02-901-5863,서울특별시 강북구청,2025-08-12
07-21-21,1,서울특별시 강북구 덕릉로42길 53,,37.6327683,127.031473,2000,전용주,02-901-5863,서울특별시 강북구청,2025-08-12
07-21-20,1,서울특별시 강북구 덕릉로42길 57,,37.63289342,127.0313995,2000,,02-901-5863,서울특별시 강북구청,2025-08-12
07-21-19,1,서울특별시 강북구 덕릉로42길 57,,37.63289342,127.0313995,2000,전용주,02-901-5863,서울특별시 강북구청,2025-08-12
07-21-18,1,서울특별시 강북구 덕릉로42길 61,,37.63287363,127.0311679,2000,한전주,02-901-5863,서울특별시 강북구청,2025-08-12
07-21-17,1,서울특별시 강북구 덕릉로42길 57,,37.63284873,127.0313995,2000,한전주,02-901-5863,서울특별시 강북구청,2025-08-12
07-21-16,1,서울특별시 강북구 덕릉로42길 56,,37.63314604,127.0314249,2000,한전주,02-901-5863,서울특별시 강북구청,2025-08-12
07-21-15,2,서울특별시 강북구 덕릉로42길 49,,37.63301749,127.032231,2000,한전주,02-901-5863,서울특별시 강북구청,2025-08-12
07-21-14,1,서울특별시 강북구 덕릉로42길 49,,37.63301749,127.032231,2000,한전주,02-901-5863,서울특별시 강북구청,2025-08-12
07-21-13,1,서울특별시 강북구 덕릉로42길 42,,37.6333201,127.0317739,2000,전용주,02-901-5863,서울특별시 강북구청,2025-08-12
07-21-12,1,서울특별시 강북구 덕릉로40길 32,,37.63387643,127.0308955,2000,,02-901-5863,서울특별시 강북구청,2025-08-12
07-21-11,1,서울특별시 강북구 덕릉로40길 32,,37.63387643,127.0308526,2000,한전주,02-901-5863,서울특별시 강북구청,2025-08-12
07-21-10,1,서울특별시 강북구 덕릉로40길 32,,37.63387643,127.0308526,2000,한전주,02-901-5863,서울특별시 강북구청,2025-08-12
07-21-09,1,서울특별시 강북구 덕릉로40길 32,,37.63387643,127.0308955,2000,한전주,02-901-5863,서울특별시 강북구청,2025-08-12
07-21-08,1,서울특별시 강북구 덕릉로42길 40,,37.63344828,127.0309225,2000,,02-901-5863,서울특별시 강북구청,2025-08-12
07-21-07,1,서울특별시 강북구 덕릉로42길 40,,37.63325964,127.0309929,2000,한전주,02-901-5863,서울특별시 강북구청,2025-08-12
07-21-06,1,서울특별시 강북구 덕릉로40길 32,,37.63387643,127.0308935,2000,,02-901-5863,서울특별시 강북구청,2025-08-12
07-21-05,1,서울특별시 강북구 덕릉로42길 40,,37.63348599,127.0311259,2000,한전주,02-901-5863,서울특별시 강북구청,2025-08-12
07-21-04,1,서울특별시 강북구 덕릉로42길 40,,37.63330821,127.0314228,2000,한전주,02-901-5863,서울특별시 강북구청,2025-08-12
07-21-03,1,서울특별시 강북구 덕릉로42길 42,,37.6333201,127.0317739,2000,한전주,02-901-5863,서울특별시 강북구청,2025-08-12
07-21-02,1,서울특별시 강북구 덕릉로40길 48,,37.63374568,127.032029,2000,한전주,02-901-5863,서울특별시 강북구청,2025-08-12
07-21-01,2,서울특별시 강북구 덕릉로40길 52,,37.63362993,127.0325397,2000,한전주,02-901-5863,서울특별시 강북구청,2025-08-12
07-20-23,1,서울특별시 강북구 덕릉로 140,,37.6349643,127.0294551,2000,전용주,02-901-5863,서울특별시 강북구청,2025-08-12
07-20-22,1,서울특별시 강북구 덕릉로 140,,37.6349643,127.0294717,2000,,02-901-5863,서울특별시 강북구청,2025-08-12
07-20-21,1,서울특별시 강북구 덕릉로 148,,37.63498303,127.0301888,2000,,02-901-5863,서울특별시 강북구청,2025-08-12
07-20-20,1,서울특별시 강북구 덕릉로 144,,37.63497113,127.0298377,2000,,02-901-5863,서울특별시 강북구청,2025-08-12
07-20-19,1,서울특별시 강북구 덕릉로 142,,37.63497886,127.0295765,2000,,02-901-5863,서울특별시 강북구청,2025-08-12
07-20-18,1,서울특별시 강북구 덕릉로 142,,37.63497886,127.0295894,2000,,02-901-5863,서울특별시 강북구청,2025-08-12
07-20-17,1,서울특별시 강북구 덕릉로 142,,37.63496881,127.0295545,2000,한전주,02-901-5863,서울특별시 강북구청,2025-08-12
07-20-16,1,서울특별시 강북구 덕릉로 140,,37.6349643,127.0294383,2000,,02-901-5863,서울특별시 강북구청,2025-08-12
07-20-15,1,서울특별시 강북구 덕릉로 134,,37.63490693,127.0286036,2000,,02-901-5863,서울특별시 강북구청,2025-08-12
07-20-14,1,서울특별시 강북구 덕릉로40가길 30,,37.63454693,127.0286536,2000,,02-901-5863,서울특별시 강북구청,2025-08-12
07-20-13,1,서울특별시 강북구 덕릉로40가길 25,,37.63443185,127.0289443,2000,한전주,02-901-5863,서울특별시 강북구청,2025-08-12
07-20-12,1,서울특별시 강북구 덕릉로40가길 29,,37.63441216,127.0286816,2000,한전주,02-901-5863,서울특별시 강북구청,2025-08-12
07-20-11,1,서울특별시 강북구 덕릉로40가길 19,,37.63445771,127.0292784,2000,한전주,02-901-5863,서울특별시 강북구청,2025-08-12
07-20-10,1,서울특별시 강북구 덕릉로 140,,37.6349643,127.0294383,2000,한전주,02-901-5863,서울특별시 강북구청,2025-08-12
07-20-09,1,서울특별시 강북구 덕릉로40가길 7,,37.63448519,127.029912,2000,한전주,02-901-5863,서울특별시 강북구청,2025-08-12
07-20-07,1,서울특별시 강북구 덕릉로40다길 12,,37.63420518,127.0299499,2000,한전주,02-901-5863,서울특별시 강북구청,2025-08-12
07-20-06,1,서울특별시 강북구 덕릉로40다길 18,,37.63415908,127.029681,2000,,02-901-5863,서울특별시 강북구청,2025-08-12
07-20-05,1,서울특별시 강북구 덕릉로40가길 21,,37.63441561,127.0291198,2000,한전주,02-901-5863,서울특별시 강북구청,2025-08-12
07-20-04,1,서울특별시 강북구 덕릉로40가길 15,,37.63446354,127.0294704,2000,한전주,02-901-5863,서울특별시 강북구청,2025-08-12
07-20-03,1,서울특별시 강북구 덕릉로40가길 10,,37.63461001,127.0297518,2000,,02-901-5863,서울특별시 강북구청,2025-08-12
07-20-02,2,서울특별시 강북구 덕릉로40길 14,,37.63448686,127.0301159,2000,한전주,02-901-5863,서울특별시 강북구청,2025-08-12
07-20-01,1,서울특별시 강북구 덕릉로40길 10,,37.63466788,127.0302155,2000,한전주,02-901-5863,서울특별시 강북구청,2025-08-12
07-19-34,2,서울특별시 강북구 덕릉로40길 23,,37.63423388,127.0308094,2000,한전주,02-901-5863,서울특별시 강북구청,2025-08-12
07-19-33,1,서울특별시 강북구 덕릉로40나길 42,,37.6344732,127.0328466,2000,전용주,02-901-5863,서울특별시 강북구청,2025-08-12
07-19-32,1,서울특별시 강북구 덕릉로40나길 47,,37.63469971,127.0330475,2000,,02-901-5863,서울특별시 강북구청,2025-08-12
07-19-31,1,서울특별시 강북구 덕릉로40길 61,,37.63393134,127.032695,2000,,02-901-5863,서울특별시 강북구청,2025-08-12
07-19-30,1,서울특별시 강북구 덕릉로40길 23,,37.63420181,127.0308094,2000,,02-901-5863,서울특별시 강북구청,2025-08-12
07-19-28,1,서울특별시 강북구 덕릉로40길 69,,37.63413279,127.0330889,2000,한전주,02-901-5863,서울특별시 강북구청,2025-08-12
07-19-27,1,서울특별시 강북구 덕릉로40길 23,,37.63423388,127.0308094,2000,,02-901-5863,서울특별시 강북구청,2025-08-12
07-19-26,1,서울특별시 강북구 덕릉로40나길 51,,37.63490871,127.0332149,2000,한전주,02-901-5863,서울특별시 강북구청,2025-08-12
07-19-25,1,서울특별시 강북구 덕릉로40나길 45,,37.63479912,127.0328702,2000,,02-901-5863,서울특별시 강북구청,2025-08-12
07-19-24,1,서울특별시 강북구 덕릉로40나길 46,,37.63452819,127.0329592,2000,한전주,02-901-5863,서울특별시 강북구청,2025-08-12
07-19-21,1,서울특별시 강북구 덕릉로40나길 40,,37.63450109,127.032563,2000,,02-901-5863,서울특별시 강북구청,2025-08-12
07-19-20,1,서울특별시 강북구 덕릉로40나길 30,,37.63446708,127.0321045,2000,한전주,02-901-5863,서울특별시 강북구청,2025-08-12
07-19-19,1,서울특별시 강북구 덕릉로 164,,37.63510822,127.0320536,2000,한전주,02-901-5863,서울특별시 강북구청,2025-08-12
07-19-18,1,서울특별시 강북구 덕릉로40나길 51,,37.63471915,127.033172,2000,한전주,02-901-5863,서울특별시 강북구청,2025-08-12
07-19-17,1,서울특별시 강북구 덕릉로40길 23,,37.63423388,127.0308094,2000,한전주,02-901-5863,서울특별시 강북구청,2025-08-12
07-19-16,1,서울특별시 강북구 덕릉로40길 23,,37.63423388,127.0308094,2000,,02-901-5863,서울특별시 강북구청,2025-08-12
07-19-15,1,서울특별시 강북구 덕릉로40길 65,,37.63397511,127.032806,2000,한전주,02-901-5863,서울특별시 강북구청,2025-08-12
07-19-14,1,서울특별시 강북구 한천로 949,,37.63485399,127.0342353,2000,한전주,02-901-5863,서울특별시 강북구청,2025-08-12
07-19-13,1,서울특별시 강북구 오현로31길 173,,37.63492877,127.0334639,2000,한전주,02-901-5863,서울특별시 강북구청,2025-08-12
07-19-11,1,서울특별시 강북구 덕릉로42길 23,,37.6341694,127.0320575,2000,한전주,02-901-5863,서울특별시 강북구청,2025-08-12
07-19-10,1,서울특별시 강북구 덕릉로44길 10,,37.6348477,127.032581,2000,,02-901-5863,서울특별시 강북구청,2025-08-12
07-19-09,1,서울특별시 강북구 덕릉로44길 10,,37.63484946,127.0325812,2000,,02-901-5863,서울특별시 강북구청,2025-08-12
07-19-08,1,서울특별시 강북구 덕릉로 164,,37.63510822,127.032071,2000,전용주,02-901-5863,서울특별시 강북구청,2025-08-12
07-19-07,1,서울특별시 강북구 덕릉로 164,,37.63510647,127.0320566,2000,,02-901-5863,서울특별시 강북구청,2025-08-12
07-19-05,1,서울특별시 강북구 덕릉로44길 6,,37.63506458,127.0324424,2000,,02-901-5863,서울특별시 강북구청,2025-08-12
07-19-04,1,서울특별시 강북구 덕릉로44길 5,,37.63495888,127.0327384,2000,한전주,02-901-5863,서울특별시 강북구청,2025-08-12
07-19-03,1,서울특별시 강북구 덕릉로44길 3,,37.63506749,127.0327286,2000,전용주,02-901-5863,서울특별시 강북구청,2025-08-12
07-19-02,1,서울특별시 강북구 덕릉로44길 3,,37.63508603,127.0327286,2000,,02-901-5863,서울특별시 강북구청,2025-08-12
07-19-01,1,서울특별시 강북구 덕릉로40나길 28,,37.63435915,127.032123,2000,,02-901-5863,서울특별시 강북구청,2025-08-12
07-18-28,2,서울특별시 강북구 덕릉로 160,,37.63508558,127.0315058,2000,한전주,02-901-5863,서울특별시 강북구청,2025-08-12
07-18-27,1,서울특별시 강북구 덕릉로 160,,37.63508558,127.0315272,2000,,02-901-5863,서울특별시 강북구청,2025-08-12
07-18-26,1,서울특별시 강북구 덕릉로 154,,37.63504638,127.0308505,2000,,02-901-5863,서울특별시 강북구청,2025-08-12
07-18-25,1,서울특별시 강북구 덕릉로 154,,37.63504638,127.0308505,2000,,02-901-5863,서울특별시 강북구청,2025-08-12
07-18-24,1,서울특별시 강북구 덕릉로 152,,37.63476439,127.0309961,2000,한전주,02-901-5863,서울특별시 강북구청,2025-08-12
07-18-23,1,서울특별시 강북구 덕릉로 152,,37.63463715,127.0308618,2000,,02-901-5863,서울특별시 강북구청,2025-08-12
07-18-22,1,서울특별시 강북구 덕릉로 154,,37.63504257,127.0308565,2000,한전주,02-901-5863,서울특별시 강북구청,2025-08-12
07-18-21,1,서울특별시 강북구 덕릉로 152,,37.63490743,127.0308582,2000,한전주,02-901-5863,서울특별시 강북구청,2025-08-12
07-18-20,1,서울특별시 강북구 덕릉로 152,,37.63481743,127.0308707,2000,전용주,02-901-5863,서울특별시 강북구청,2025-08-12
07-18-19,1,서울특별시 강북구 덕릉로 150,,37.63502252,127.0304199,2000,,02-901-5863,서울특별시 강북구청,2025-08-12
07-18-18,1,서울특별시 강북구 덕릉로 150,,37.63502252,127.0304199,2000,,02-901-5863,서울특별시 강북구청,2025-08-12
07-18-17,1,서울특별시 강북구 덕릉로40나길 8,,37.6343298,127.0307411,2000,한전주,02-901-5863,서울특별시 강북구청,2025-08-12
07-18-15,1,서울특별시 강북구 덕릉로40나길 14,,37.63436018,127.0311486,2000,한전주,02-901-5863,서울특별시 강북구청,2025-08-12
07-18-14,1,서울특별시 강북구 덕릉로40길 23,,37.63423388,127.0308094,2000,전용주,02-901-5863,서울특별시 강북구청,2025-08-12
07-18-13,1,서울특별시 강북구 덕릉로40나길 15,,37.63458643,127.0312703,2000,,02-901-5863,서울특별시 강북구청,2025-08-12
07-18-12,1,서울특별시 강북구 덕릉로40나길 13,,37.63465851,127.0311176,2000,,02-901-5863,서울특별시 강북구청,2025-08-12
07-18-11,1,서울특별시 강북구 덕릉로40나길 17,,37.6345725,127.0313715,2000,전용주,02-901-5863,서울특별시 강북구청,2025-08-12
07-18-10,1,서울특별시 강북구 덕릉로40나길 20,,37.63442631,127.0315216,2000,한전주,02-901-5863,서울특별시 강북구청,2025-08-12
07-18-09,1,서울특별시 강북구 덕릉로40길 23,,37.63423757,127.0308094,2000,한전주,02-901-5863,서울특별시 강북구청,2025-08-12
07-18-08,2,서울특별시 강북구 덕릉로40길 23,,37.63420878,127.0308094,2000,한전주,02-901-5863,서울특별시 강북구청,2025-08-12
07-18-07,1,서울특별시 강북구 덕릉로40나길 11,,37.63454835,127.0310215,2000,한전주,02-901-5863,서울특별시 강북구청,2025-08-12
07-18-06,1,서울특별시 강북구 덕릉로40길 23,,37.63423388,127.0308094,2000,한전주,02-901-5863,서울특별시 강북구청,2025-08-12
07-18-05,1,서울특별시 강북구 덕릉로40길 27,,37.63407067,127.0310051,2000,전용주,02-901-5863,서울특별시 강북구청,2025-08-12
07-18-03,2,서울특별시 강북구 덕릉로42길 26,,37.63407726,127.0318094,2000,한전주,02-901-5863,서울특별시 강북구청,2025-08-12
07-18-02,2,서울특별시 강북구 덕릉로42길 18,,37.63441024,127.0317598,2000,한전주,02-901-5863,서울특별시 강북구청,2025-08-12
07-18-01,1,서울특별시 강북구 덕릉로42길 8,,37.63478835,127.0317209,2000,한전주,02-901-5863,서울특별시 강북구청,2025-08-12
07-17-46,1,서울특별시 강북구 덕릉로40길 38,,37.63379593,127.0313504,2000,,02-901-5863,서울특별시 강북구청,2025-08-12
07-17-45,1,서울특별시 강북구 덕릉로40다길 13,,37.63373564,127.0297065,2000,,02-901-5863,서울특별시 강북구청,2025-08-12
07-17-28,1,서울특별시 강북구 덕릉로40라길 24,,37.63346638,127.0300749,2000,전용주,02-901-5863,서울특별시 강북구청,2025-08-12
07-17-27,1,서울특별시 강북구 덕릉로40다길 33,,37.63393698,127.0287316,2000,,02-901-5863,서울특별시 강북구청,2025-08-12
07-17-26,1,서울특별시 강북구 덕릉로40다길 29,,37.63391813,127.0288884,2000,한전주,02-901-5863,서울특별시 강북구청,2025-08-12
07-17-25,1,서울특별시 강북구 덕릉로40다길 21,,37.63395808,127.0293637,2000,한전주,02-901-5863,서울특별시 강북구청,2025-08-12
07-17-24,1,서울특별시 강북구 덕릉로40다길 19,,37.63395938,127.0295223,2000,,02-901-5863,서울특별시 강북구청,2025-08-12
07-17-23,1,서울특별시 강북구 덕릉로40다길 13,,37.63373564,127.0297065,2000,한전주,02-901-5863,서울특별시 강북구청,2025-08-12
07-17-20,1,서울특별시 강북구 덕릉로40라길 24,,37.63346638,127.0300749,2000,한전주,02-901-5863,서울특별시 강북구청,2025-08-12
07-17-19,1,서울특별시 강북구 덕릉로40라길 24,,37.6334385,127.0300749,2000,한전주,02-901-5863,서울특별시 강북구청,2025-08-12
07-17-18,1,서울특별시 강북구 덕릉로40라길 22,,37.63360354,127.0301391,2000,한전주,02-901-5863,서울특별시 강북구청,2025-08-12
07-17-17,1,서울특별시 강북구 덕릉로40라길 22,,37.63360354,127.030133,2000,전용주,02-901-5863,서울특별시 강북구청,2025-08-12
07-17-16,1,서울특별시 강북구 덕릉로40라길 22,,37.63360354,127.0301391,2000,전용주,02-901-5863,서울특별시 강북구청,2025-08-12
07-17-15,1,서울특별시 강북구 덕릉로40라길 16,,37.63366831,127.0302852,2000,한전주,02-901-5863,서울특별시 강북구청,2025-08-12
07-17-14,1,서울특별시 강북구 덕릉로40라길 13,,37.63383233,127.0305096,2000,한전주,02-901-5863,서울특별시 강북구청,2025-08-12
07-17-12,1,서울특별시 강북구 덕릉로40라길 9,,37.63394834,127.0303722,2000,한전주,02-901-5863,서울특별시 강북구청,2025-08-12
07-17-11,1,서울특별시 강북구 덕릉로40라길 5,,37.6340663,127.0304726,2000,,02-901-5863,서울특별시 강북구청,2025-08-12
07-17-10,2,서울특별시 강북구 덕릉로40라길 3,,37.63408618,127.0306989,2000,한전주,02-901-5863,서울특별시 강북구청,2025-08-12
07-17-09,1,서울특별시 강북구 덕릉로40라길 3,,37.63408618,127.0306989,2000,한전주,02-901-5863,서울특별시 강북구청,2025-08-12
07-17-08,1,서울특별시 강북구 덕릉로40길 28,,37.63392234,127.0308927,2000,,02-901-5863,서울특별시 강북구청,2025-08-12
07-17-06,1,서울특별시 강북구 덕릉로40길 32,,37.63387643,127.0308955,2000,한전주,02-901-5863,서울특별시 강북구청,2025-08-12
07-17-05,1,서울특별시 강북구 덕릉로40길 23,,37.63423388,127.0308094,2000,전용주,02-901-5863,서울특별시 강북구청,2025-08-12
07-17-03,1,서울특별시 강북구 덕릉로40길 42,,37.63376918,127.0316003,2000,한전주,02-901-5863,서울특별시 강북구청,2025-08-12
07-17-02,1,서울특별시 강북구 덕릉로42길 40,,37.63357952,127.0315439,2000,전용주,02-901-5863,서울특별시 강북구청,2025-08-12
07-17-01,1,서울특별시 강북구 덕릉로42길 36,,37.63355258,127.0317586,2000,,02-901-5863,서울특별시 강북구청,2025-08-12
07-16-16,1,서울특별시 강북구 오현로31길 133,,37.63260006,127.0340718,2000,,02-901-5863,서울특별시 강북구청,2025-08-12
07-16-15,1,서울특별시 강북구 오현로31길 133,,37.63260006,127.0340718,2000,한전주,02-901-5863,서울특별시 강북구청,2025-08-12
07-16-14,1,서울특별시 강북구 오현로31길 133,,37.63278192,127.0342734,2000,한전주,02-901-5863,서울특별시 강북구청,2025-08-12
07-16-13,1,서울특별시 강북구 오현로31길 113,,37.63214817,127.0350067,2000,한전주,02-901-5863,서울특별시 강북구청,2025-08-12
07-16-12,1,서울특별시 강북구 오현로31길 125,,37.63265949,127.0347282,2000,전용주,02-901-5863,서울특별시 강북구청,2025-08-12
07-16-11,1,서울특별시 강북구 오현로31길 125,,37.6325382,127.0342199,2000,,02-901-5863,서울특별시 강북구청,2025-08-12
07-16-10,1,서울특별시 강북구 오현로31길 125,,37.6325316,127.0345145,2000,전용주,02-901-5863,서울특별시 강북구청,2025-08-12
07-16-09,1,서울특별시 강북구 오현로31길 113,,37.63242515,127.0347199,2000,한전주,02-901-5863,서울특별시 강북구청,2025-08-12
07-16-08,1,서울특별시 강북구 오현로31길 125,,37.63242376,127.0345499,2000,전용주,02-901-5863,서울특별시 강북구청,2025-08-12
07-16-06,1,서울특별시 강북구 오현로31길 113,,37.63247485,127.0341867,2000,한전주,02-901-5863,서울특별시 강북구청,2025-08-12
07-16-05,1,서울특별시 강북구 오현로31길 113,,37.63230247,127.0340417,2000,전용주,02-901-5863,서울특별시 강북구청,2025-08-12
07-16-04,1,서울특별시 강북구 오현로31길 113,,37.63230247,127.0340417,2000,전용주,02-901-5863,서울특별시 강북구청,2025-08-12
07-16-03,1,서울특별시 강북구 오현로31길 93,,37.63225119,127.0343822,2000,전용주,02-901-5863,서울특별시 강북구청,2025-08-12
07-16-02,1,서울특별시 강북구 오현로31길 93,,37.63217196,127.0346098,2000,전용주,02-901-5863,서울특별시 강북구청,2025-08-12
07-16-01,1,서울특별시 강북구 오현로31길 113,,37.63215552,127.0348026,2000,한전주,02-901-5863,서울특별시 강북구청,2025-08-12
07-15-45,1,서울특별시 강북구 덕릉로40다길 27,,37.63391052,127.0290584,2000,전용주,02-901-5863,서울특별시 강북구청,2025-08-12
07-15-12,1,서울특별시 강북구 오현로25라길 28,,37.62752103,127.0355196,2000,,02-901-5863,서울특별시 강북구청,2025-08-12
07-15-11,1,서울특별시 강북구 오현로25길 45,,37.62795653,127.0358878,2000,한전주,02-901-5863,서울특별시 강북구청,2025-08-12
07-15-10,1,서울특별시 강북구 오현로25마길 20,,37.62794719,127.0349612,2000,,02-901-5863,서울특별시 강북구청,2025-08-12
07-15-09,1,서울특별시 강북구 오현로25라길 24,,37.62762134,127.0356655,2000,한전주,02-901-5863,서울특별시 강북구청,2025-08-12
07-15-08,1,서울특별시 강북구 오현로25라길 20,,37.62773065,127.0358114,2000,한전주,02-901-5863,서울특별시 강북구청,2025-08-12
07-15-07,1,서울특별시 강북구 오현로25길 42,,37.62806326,127.0357165,2000,,02-901-5863,서울특별시 강북구청,2025-08-12
07-15-06,1,서울특별시 강북구 오현로25길 49,,37.62782892,127.0356886,2000,한전주,02-901-5863,서울특별시 강북구청,2025-08-12
07-15-05,1,서울특별시 강북구 오현로25길 53,,37.62772862,127.0355622,2000,한전주,02-901-5863,서울특별시 강북구청,2025-08-12
07-15-04,1,서울특별시 강북구 오현로25길 59,,37.6275372,127.0352928,2000,,02-901-5863,서울특별시 강북구청,2025-08-12
07-15-03,2,서울특별시 강북구 오현로25마길 8,,37.62820492,127.0354088,2000,한전주,02-901-5863,서울특별시 강북구청,2025-08-12
07-15-02,1,서울특별시 강북구 오현로25마길 13,,37.62793325,127.0352424,2000,한전주,02-901-5863,서울특별시 강북구청,2025-08-12
07-15-01,1,서울특별시 강북구 오현로25마길 15,,37.62786034,127.0351413,2000,한전주,02-901-5863,서울특별시 강북구청,2025-08-12
07-14-05,1,서울특별시 강북구 오현로31길 13,,37.6294134,127.0388599,2000,한전주,02-901-5863,서울특별시 강북구청,2025-08-12
07-14-04,1,서울특별시 강북구 오현로31길 17,,37.62949218,127.0385757,2000,한전주,02-901-5863,서울특별시 강북구청,2025-08-12
07-14-03,1,서울특별시 강북구 오현로31길 7,,37.62908294,127.039037,2000,한전주,02-901-5863,서울특별시 강북구청,2025-08-12
07-14-02,1,서울특별시 강북구 오현로31길 7,,37.62908294,127.039037,2000,한전주,02-901-5863,서울특별시 강북구청,2025-08-12
07-14-01,1,서울특별시 강북구 오현로31길 7,,37.62908143,127.0390341,2000,한전주,02-901-5863,서울특별시 강북구청,2025-08-12
07-13-21,1,서울특별시 강북구 오현로25길 18,,37.62819569,127.0372206,2000,전용주,02-901-5863,서울특별시 강북구청,2025-08-12
07-13-20,1,서울특별시 강북구 오현로25길 27,,37.62817013,127.0367052,2000,한전주,02-901-5863,서울특별시 강북구청,2025-08-12
07-13-19,1,서울특별시 강북구 오현로25길 37,,37.62812965,127.0361235,2000,,02-901-5863,서울특별시 강북구청,2025-08-12
07-13-18,1,서울특별시 강북구 오현로25라길 6,,37.62814915,127.0363045,2000,,02-901-5863,서울특별시 강북구청,2025-08-12
07-13-17,1,서울특별시 강북구 오현로25라길 4,,37.62820512,127.0364738,2000,,02-901-5863,서울특별시 강북구청,2025-08-12
07-13-16,1,서울특별시 강북구 오현로25라길 4,,37.62820512,127.0364738,2000,전용주,02-901-5863,서울특별시 강북구청,2025-08-12
07-13-15,1,서울특별시 강북구 오현로25라길 6,,37.62814915,127.0363045,2000,한전주,02-901-5863,서울특별시 강북구청,2025-08-12
07-13-14,1,서울특별시 강북구 오현로25라길 12,,37.6280586,127.036249,2000,한전주,02-901-5863,서울특별시 강북구청,2025-08-12
07-13-13,1,서울특별시 강북구 오현로25다길 9,,37.62783798,127.0368183,2000,한전주,02-901-5863,서울특별시 강북구청,2025-08-12
07-13-12,1,서울특별시 강북구 오현로25길 18,,37.62819569,127.0372328,2000,한전주,02-901-5863,서울특별시 강북구청,2025-08-12
07-13-11,1,서울특별시 강북구 오현로25길 18,,37.62819569,127.0372206,2000,한전주,02-901-5863,서울특별시 강북구청,2025-08-12
07-13-09,1,서울특별시 강북구 오현로25길 12,,37.62798297,127.0375022,2000,,02-901-5863,서울특별시 강북구청,2025-08-12
07-13-08,1,서울특별시 강북구 오현로25길 6,,37.62780053,127.0377484,2000,전용주,02-901-5863,서울특별시 강북구청,2025-08-12
07-13-07,1,서울특별시 강북구 오현로25길 16,,37.62812161,127.0373471,2000,한전주,02-901-5863,서울특별시 강북구청,2025-08-12
07-13-06,1,서울특별시 강북구 오현로25나길 5,,37.62774211,127.0372161,2000,한전주,02-901-5863,서울특별시 강북구청,2025-08-12
07-13-05,1,서울특별시 강북구 오현로25가길 8,,37.62755272,127.0371958,2000,,02-901-5863,서울특별시 강북구청,2025-08-12
07-13-04,1,서울특별시 강북구 오현로25길 7,,37.62776197,127.0374424,2000,한전주,02-901-5863,서울특별시 강북구청,2025-08-12
07-13-03,1,서울특별시 강북구 오현로25길 6,,37.62780078,127.0377817,2000,한전주,02-901-5863,서울특별시 강북구청,2025-08-12
07-13-02,1,서울특별시 강북구 오현로25길 6,,37.62780053,127.0377484,2000,한전주,02-901-5863,서울특별시 강북구청,2025-08-12
07-13-01,1,서울특별시 강북구 오현로25길 6,,37.62780053,127.0377484,2000,전용주,02-901-5863,서울특별시 강북구청,2025-08-12
06-27-31,1,서울특별시 강북구 오패산로67길 38,,37.63578192,127.0260922,2000,,02-901-5863,서울특별시 강북구청,2025-08-12
06-27-30,1,서울특별시 강북구 오패산로77길 41,,37.63575859,127.0247969,2000,한전주,02-901-5863,서울특별시 강북구청,2025-08-12
06-27-27,2,서울특별시 강북구 오패산로77길 41,,37.63575859,127.0247969,2000,한전주,02-901-5863,서울특별시 강북구청,2025-08-12
06-27-26,1,서울특별시 강북구 오패산로67길 32,,37.63585294,127.0264046,2000,,02-901-5863,서울특별시 강북구청,2025-08-12
06-27-25,1,서울특별시 강북구 오패산로67길 32,,37.63585294,127.0264046,2000,한전주,02-901-5863,서울특별시 강북구청,2025-08-12
06-27-24,1,서울특별시 강북구 오패산로77가길 18,,37.63629403,127.0263535,2000,한전주,02-901-5863,서울특별시 강북구청,2025-08-12
06-27-23,1,서울특별시 강북구 오패산로77가길 8,,37.63653466,127.0260331,2000,한전주,02-901-5863,서울특별시 강북구청,2025-08-12
06-27-22,1,서울특별시 강북구 오패산로77길 23,,37.63651758,127.0256189,2000,,02-901-5863,서울특별시 강북구청,2025-08-12
06-27-21,1,서울특별시 강북구 오패산로77길 23,,37.63651758,127.0256189,2000,,02-901-5863,서울특별시 강북구청,2025-08-12
06-27-20,1,서울특별시 강북구 오패산로67길 32,,37.63585032,127.0264054,2000,,02-901-5863,서울특별시 강북구청,2025-08-12
06-27-19,1,서울특별시 강북구 오패산로67길 38,,37.63578192,127.0260851,2000,,02-901-5863,서울특별시 강북구청,2025-08-12
06-27-18,1,서울특별시 강북구 오패산로77길 29,,37.63613395,127.0255171,2000,한전주,02-901-5863,서울특별시 강북구청,2025-08-12
06-27-17,1,서울특별시 강북구 오패산로77길 29,,37.63618078,127.0257318,2000,,02-901-5863,서울특별시 강북구청,2025-08-12
06-27-16,1,서울특별시 강북구 오패산로77길 29,,37.63599177,127.0257569,2000,,02-901-5863,서울특별시 강북구청,2025-08-12
06-27-15,1,서울특별시 강북구 오패산로77길 29,,37.63590177,127.0257694,2000,,02-901-5863,서울특별시 강북구청,2025-08-12
06-27-14,1,서울특별시 강북구 오패산로77길 41,,37.63575859,127.0247969,2000,한전주,02-901-5863,서울특별시 강북구청,2025-08-12
06-27-13,1,서울특별시 강북구 오패산로67길 48,,37.63579699,127.0255436,2000,한전주,02-901-5863,서울특별시 강북구청,2025-08-12
06-27-12,1,서울특별시 강북구 오패산로77길 33,,37.63607924,127.0254386,2000,,02-901-5863,서울특별시 강북구청,2025-08-12
06-27-11,1,서울특별시 강북구 오패산로77길 35,,37.63600642,127.0251737,2000,,02-901-5863,서울특별시 강북구청,2025-08-12
06-27-10,1,서울특별시 강북구 오패산로67길 52,,37.63574412,127.0252276,2000,한전주,02-901-5863,서울특별시 강북구청,2025-08-12
06-27-09,1,서울특별시 강북구 오패산로77길 33,,37.63593575,127.0255197,2000,,02-901-5863,서울특별시 강북구청,2025-08-12
06-27-08,1,서울특별시 강북구 덕릉로 93,,37.63492562,127.0239469,2000,한전주,02-901-5863,서울특별시 강북구청,2025-08-12
06-27-07,1,서울특별시 강북구 덕릉로 93,,37.63492562,127.0239469,2000,한전주,02-901-5863,서울특별시 강북구청,2025-08-12
06-27-06,1,서울특별시 강북구 오패산로77가길 8,,37.63652038,127.0260353,2000,,02-901-5863,서울특별시 강북구청,2025-08-12
06-27-05,1,서울특별시 강북구 오패산로77가길 4,,37.63649704,127.025841,2000,,02-901-5863,서울특별시 강북구청,2025-08-12
06-27-04,1,서울특별시 강북구 오패산로77가길 20,,37.63618601,127.0263662,2000,,02-901-5863,서울특별시 강북구청,2025-08-12
06-27-03,1,서울특별시 강북구 오패산로67길 32,,37.63585032,127.0264054,2000,,02-901-5863,서울특별시 강북구청,2025-08-12
06-27-01,2,서울특별시 강북구 오패산로67길 38,,37.63577825,127.0260883,2000,한전주,02-901-5863,서울특별시 강북구청,2025-08-12
06-26-23,1,서울특별시 강북구 덕릉로 113,,37.63513351,127.0263703,2000,한전주,02-901-5863,서울특별시 강북구청,2025-08-12
06-26-22,1,서울특별시 강북구 덕릉로 127,,37.63517777,127.0278112,2000,한전주,02-901-5863,서울특별시 강북구청,2025-08-12
06-26-21,1,서울특별시 강북구 덕릉로 127,,37.63517777,127.0278112,2000,한전주,02-901-5863,서울특별시 강북구청,2025-08-12
06-26-20,1,서울특별시 강북구 오패산로67길 11,,37.63572741,127.0275732,2000,,02-901-5863,서울특별시 강북구청,2025-08-12
06-26-19,1,서울특별시 강북구 덕릉로 125,,37.63515232,127.0276269,2000,한전주,02-901-5863,서울특별시 강북구청,2025-08-12
06-26-18,1,서울특별시 강북구 덕릉로 125,,37.63515232,127.0276134,2000,,02-901-5863,서울특별시 강북구청,2025-08-12
06-26-16,1,서울특별시 강북구 덕릉로 123,,37.63538421,127.0274757,2000,한전주,02-901-5863,서울특별시 강북구청,2025-08-12
06-26-15,1,서울특별시 강북구 덕릉로 123,,37.63555399,127.0273035,2000,,02-901-5863,서울특별시 강북구청,2025-08-12
06-26-14,1,서울특별시 강북구 오패산로67길 15,,37.63571607,127.0272901,2000,,02-901-5863,서울특별시 강북구청,2025-08-12
06-26-13,1,서울특별시 강북구 덕릉로 119,,37.63513374,127.0269422,2000,한전주,02-901-5863,서울특별시 강북구청,2025-08-12
06-26-12,1,서울특별시 강북구 덕릉로 119,,37.63513374,127.0269422,2000,,02-901-5863,서울특별시 강북구청,2025-08-12
06-26-11,1,서울특별시 강북구 덕릉로 119,,37.63513374,127.0269422,2000,한전주,02-901-5863,서울특별시 강북구청,2025-08-12
06-26-10,1,서울특별시 강북구 덕릉로 117,,37.63513531,127.0267523,2000,,02-901-5863,서울특별시 강북구청,2025-08-12
06-26-09,1,서울특별시 강북구 덕릉로 117,,37.63513531,127.0267389,2000,한전주,02-901-5863,서울특별시 강북구청,2025-08-12
06-26-08,1,서울특별시 강북구 덕릉로 117,,37.63513531,127.0267767,2000,,02-901-5863,서울특별시 강북구청,2025-08-12
06-26-07,1,서울특별시 강북구 오패산로67길 35,,37.63564267,127.0262961,2000,한전주,02-901-5863,서울특별시 강북구청,2025-08-12
06-26-06,1,서울특별시 강북구 오패산로67길 39,,37.63560942,127.0259027,2000,,02-901-5863,서울특별시 강북구청,2025-08-12
06-26-05,1,서울특별시 강북구 오패산로67길 39,,37.63560942,127.0259343,2000,한전주,02-901-5863,서울특별시 강북구청,2025-08-12
06-26-04,2,서울특별시 강북구 오패산로67길 39,,37.63560558,127.0259093,2000,한전주,02-901-5863,서울특별시 강북구청,2025-08-12
06-26-03,1,서울특별시 강북구 도봉로82길 35,,37.63515137,127.025462,2000,,02-901-5863,서울특별시 강북구청,2025-08-12
06-26-02,1,서울특별시 강북구 오패산로67길 45,,37.63556642,127.0256296,2000,,02-901-5863,서울특별시 강북구청,2025-08-12
06-26-01,1,서울특별시 강북구 오패산로67길 45,,37.63556642,127.0256108,2000,한전주,02-901-5863,서울특별시 강북구청,2025-08-12
06-25-27,1,서울특별시 강북구 오패산로74길 7,,37.63712545,127.0277476,2000,,02-901-5863,서울특별시 강북구청,2025-08-12
06-25-26,1,서울특별시 강북구 오패산로 405,,37.63693986,127.0269103,2000,전용주,02-901-5863,서울특별시 강북구청,2025-08-12
06-25-25,1,서울특별시 강북구 오패산로 413,,37.63745399,127.0261527,2000,한전주,02-901-5863,서울특별시 강북구청,2025-08-12
06-25-23,1,서울특별시 강북구 오패산로 413,,37.63745399,127.0261527,2000,,02-901-5863,서울특별시 강북구청,2025-08-12
06-25-22,1,서울특별시 강북구 오패산로 413,,37.63745399,127.0261527,2000,한전주,02-901-5863,서울특별시 강북구청,2025-08-12
06-25-21,1,서울특별시 강북구 오패산로 407,,37.63708074,127.0266945,2000,한전주,02-901-5863,서울특별시 강북구청,2025-08-12
06-25-20,1,서울특별시 강북구 오패산로79길 7,,37.6372908,127.0259439,2000,한전주,02-901-5863,서울특별시 강북구청,2025-08-12
06-25-19,2,서울특별시 강북구 오패산로79길 13,,37.63710366,127.0257198,2000,한전주,02-901-5863,서울특별시 강북구청,2025-08-12
06-25-18,2,서울특별시 강북구 오패산로79길 19,,37.63688145,127.0254734,2000,한전주,02-901-5863,서울특별시 강북구청,2025-08-12
06-25-17,2,서울특별시 강북구 오패산로77길 26,,37.63660067,127.0252958,2000,한전주,02-901-5863,서울특별시 강북구청,2025-08-12
06-25-16,2,서울특별시 강북구 오패산로77길 36,,37.63636213,127.0249265,2000,한전주,02-901-5863,서울특별시 강북구청,2025-08-12
06-25-15,2,서울특별시 강북구 오패산로79길 43,,37.63604539,127.0246119,2000,한전주,02-901-5863,서울특별시 강북구청,2025-08-12
06-25-14,2,서울특별시 강북구 오패산로77길 36,,37.63636213,127.0249265,2000,한전주,02-901-5863,서울특별시 강북구청,2025-08-12
06-25-13,2,서울특별시 강북구 오패산로77길 30,,37.63646496,127.0252296,2000,한전주,02-901-5863,서울특별시 강북구청,2025-08-12
06-25-12,2,서울특별시 강북구 오패산로77길 26,,37.63660067,127.0252958,2000,한전주,02-901-5863,서울특별시 강북구청,2025-08-12
06-25-11,2,서울특별시 강북구 오패산로77길 18,,37.63684672,127.0256325,2000,한전주,02-901-5863,서울특별시 강북구청,2025-08-12
06-25-10,2,서울특별시 강북구 오패산로77길 10,,37.63715603,127.025991,2000,한전주,02-901-5863,서울특별시 강북구청,2025-08-12
06-25-09,1,서울특별시 강북구 오패산로 407,,37.637081,127.0266904,2000,,02-901-5863,서울특별시 강북구청,2025-08-12
06-25-08,1,서울특별시 강북구 오패산로 405,,37.63693986,127.0269103,2000,한전주,02-901-5863,서울특별시 강북구청,2025-08-12
06-25-07,1,서울특별시 강북구 오패산로 405,,37.63693836,127.0269116,2000,,02-901-5863,서울특별시 강북구청,2025-08-12
06-25-06,1,서울특별시 강북구 오패산로 403,,37.63687604,127.0269985,2000,,02-901-5863,서울특별시 강북구청,2025-08-12
06-25-05,1,서울특별시 강북구 오패산로 401,,37.636734,127.0272334,2000,한전주,02-901-5863,서울특별시 강북구청,2025-08-12
06-25-04,1,서울특별시 강북구 오패산로77가길 13,,37.63651109,127.0264526,2000,한전주,02-901-5863,서울특별시 강북구청,2025-08-12
06-25-03,1,서울특별시 강북구 오패산로77가길 7,,37.6366622,127.0261986,2000,한전주,02-901-5863,서울특별시 강북구청,2025-08-12
06-25-02,1,서울특별시 강북구 오패산로77길 11,,37.63698419,127.0261001,2000,,02-901-5863,서울특별시 강북구청,2025-08-12
06-24-25,1,서울특별시 강북구 오패산로 399,,37.63662685,127.0273802,2000,한전주,02-901-5863,서울특별시 강북구청,2025-08-12
06-24-21,1,서울특별시 강북구 오패산로 393,,37.63624949,127.0278734,2000,,02-901-5863,서울특별시 강북구청,2025-08-12
06-24-20,1,서울특별시 강북구 오패산로 395,,37.63640349,127.0276097,2000,,02-901-5863,서울특별시 강북구청,2025-08-12
06-24-19,1,서울특별시 강북구 오패산로73길 5,,37.63618567,127.0274199,2000,,02-901-5863,서울특별시 강북구청,2025-08-12
06-24-18,1,서울특별시 강북구 오패산로73길 5,,37.63627558,127.0273961,2000,,02-901-5863,서울특별시 강북구청,2025-08-12
06-24-17,1,서울특별시 강북구 오패산로73길 5,,37.6365179,127.0272797,2000,,02-901-5863,서울특별시 강북구청,2025-08-12
06-24-16,1,서울특별시 강북구 오패산로73길 7,,37.63640191,127.0271566,2000,,02-901-5863,서울특별시 강북구청,2025-08-12
06-24-15,1,서울특별시 강북구 오패산로73길 11,,37.63633464,127.0269081,2000,한전주,02-901-5863,서울특별시 강북구청,2025-08-12
06-24-14,1,서울특별시 강북구 오패산로77가길 17,,37.63628726,127.0266255,2000,한전주,02-901-5863,서울특별시 강북구청,2025-08-12
06-24-13,1,서울특별시 강북구 오패산로77가길 23,,37.63606212,127.0266398,2000,한전주,02-901-5863,서울특별시 강북구청,2025-08-12
06-24-12,1,서울특별시 강북구 오패산로67길 22,,37.6358902,127.0269459,2000,전용주,02-901-5863,서울특별시 강북구청,2025-08-12
06-24-11,2,서울특별시 강북구 오패산로67길 24,,37.6358472,127.0268012,2000,한전주,02-901-5863,서울특별시 강북구청,2025-08-12
06-24-10,1,서울특별시 강북구 오패산로67길 18,,37.63586879,127.0272245,2000,한전주,02-901-5863,서울특별시 강북구청,2025-08-12
06-24-09,1,서울특별시 강북구 오패산로67길 18,,37.63586867,127.0272201,2000,,02-901-5863,서울특별시 강북구청,2025-08-12
06-24-08,1,서울특별시 강북구 오패산로67길 20,,37.63587637,127.0270614,2000,한전주,02-901-5863,서울특별시 강북구청,2025-08-12
06-24-07,1,서울특별시 강북구 오패산로67길 12,,37.63589854,127.0275385,2000,,02-901-5863,서울특별시 강북구청,2025-08-12
06-24-06,1,서울특별시 강북구 오패산로67길 12,,37.63589831,127.027537,2000,한전주,02-901-5863,서울특별시 강북구청,2025-08-12
06-24-05,1,서울특별시 강북구 오패산로 391,,37.63620817,127.0279635,2000,,02-901-5863,서울특별시 강북구청,2025-08-12
06-24-04,1,서울특별시 강북구 오패산로 391,,37.63620817,127.0279635,2000,,02-901-5863,서울특별시 강북구청,2025-08-12
06-24-03,1,서울특별시 강북구 오패산로 389,,37.63601077,127.028056,2000,,02-901-5863,서울특별시 강북구청,2025-08-12
06-24-02,1,서울특별시 강북구 오패산로67길 6,,37.6358982,127.0278262,2000,,02-901-5863,서울특별시 강북구청,2025-08-12
06-24-01,1,서울특별시 강북구 오패산로 387,,37.6359299,127.0280918,2000,,02-901-5863,서울특별시 강북구청,2025-08-12
06-23-19,1,서울특별시 강북구 한천로123길 39,,37.63589882,127.0297917,2000,한전주,02-901-5863,서울특별시 강북구청,2025-08-12
06-23-18,1,서울특별시 강북구 한천로123길 43,,37.63585775,127.0296813,2000,한전주,02-901-5863,서울특별시 강북구청,2025-08-12
06-23-17,1,서울특별시 강북구 덕릉로 143,,37.63533148,127.029683,2000,한전주,02-901-5863,서울특별시 강북구청,2025-08-12
06-23-16,1,서울특별시 강북구 덕릉로 143,,37.63533931,127.0296856,2000,,02-901-5863,서울특별시 강북구청,2025-08-12
06-23-15,1,서울특별시 강북구 덕릉로 141,,37.6352573,127.0295734,2000,,02-901-5863,서울특별시 강북구청,2025-08-12
06-23-14,1,서울특별시 강북구 덕릉로 137,,37.63528767,127.0290504,2000,,02-901-5863,서울특별시 강북구청,2025-08-12
06-23-13,1,서울특별시 강북구 덕릉로 137,,37.63528767,127.0290484,2000,,02-901-5863,서울특별시 강북구청,2025-08-12
06-23-12,1,서울특별시 강북구 덕릉로 141,,37.63559036,127.0295351,2000,한전주,02-901-5863,서울특별시 강북구청,2025-08-12
06-23-11,1,서울특별시 강북구 덕릉로 141,,37.63574194,127.0293405,2000,,02-901-5863,서울특별시 강북구청,2025-08-12
06-23-10,1,서울특별시 강북구 한천로123길 47,,37.63585897,127.0293277,2000,,02-901-5863,서울특별시 강북구청,2025-08-12
06-23-09,1,서울특별시 강북구 한천로123길 51,,37.63586579,127.0291928,2000,,02-901-5863,서울특별시 강북구청,2025-08-12
06-23-08,1,서울특별시 강북구 덕릉로 137,,37.63528767,127.0290529,2000,,02-901-5863,서울특별시 강북구청,2025-08-12
06-23-07,1,서울특별시 강북구 한천로123길 53,,37.63553982,127.0288673,2000,전용주,02-901-5863,서울특별시 강북구청,2025-08-12
06-23-06,1,서울특별시 강북구 한천로123길 53,,37.63571964,127.0288196,2000,,02-901-5863,서울특별시 강북구청,2025-08-12
06-23-05,1,서울특별시 강북구 한천로123길 53,,37.6357215,127.0290462,2000,,02-901-5863,서울특별시 강북구청,2025-08-12
06-23-04,1,서울특별시 강북구 한천로123길 59,,37.63581772,127.0286937,2000,,02-901-5863,서울특별시 강북구청,2025-08-12
06-23-03,1,서울특별시 강북구 오패산로 382,,37.63540493,127.0285046,2000,한전주,02-901-5863,서울특별시 강북구청,2025-08-12
06-23-02,1,서울특별시 강북구 오패산로 382,,37.63540493,127.0285046,2000,,02-901-5863,서울특별시 강북구청,2025-08-12
06-23-01,1,서울특별시 강북구 오패산로 382,,37.63540493,127.0285725,2000,,02-901-5863,서울특별시 강북구청,2025-08-12
06-22-09,1,서울특별시 강북구 한천로 971,,37.63608236,127.0323952,2000,,02-901-5863,서울특별시 강북구청,2025-08-12
06-22-08,1,서울특별시 강북구 덕릉로41길 15,,37.63564657,127.0309272,2000,한전주,02-901-5863,서울특별시 강북구청,2025-08-12
06-22-07,1,서울특별시 강북구 덕릉로41길 15,,37.63564657,127.0309272,2000,한전주,02-901-5863,서울특별시 강북구청,2025-08-12
06-22-06,1,서울특별시 강북구 한천로123길 27,,37.63593873,127.0304608,2000,,02-901-5863,서울특별시 강북구청,2025-08-12
06-22-05,1,서울특별시 강북구 덕릉로 145,,37.63536394,127.0299088,2000,,02-901-5863,서울특별시 강북구청,2025-08-12
06-22-04,1,서울특별시 강북구 덕릉로 147,,37.63536011,127.0301352,2000,한전주,02-901-5863,서울특별시 강북구청,2025-08-12
06-22-03,1,서울특별시 강북구 한천로123길 31,,37.63592985,127.0302785,2000,,02-901-5863,서울특별시 강북구청,2025-08-12
06-22-02,1,서울특별시 강북구 한천로123길 31,,37.63592985,127.0302785,2000,,02-901-5863,서울특별시 강북구청,2025-08-12
06-22-01,1,서울특별시 강북구 한천로123길 37,,37.63590398,127.0299969,2000,,02-901-5863,서울특별시 강북구청,2025-08-12
06-21-30,1,서울특별시 강북구 한천로129길 7,,37.63745745,127.0298228,2000,한전주,02-901-5863,서울특별시 강북구청,2025-08-12
06-21-29,1,서울특별시 강북구 한천로129길 5,,37.63754829,127.0298609,2000,,02-901-5863,서울특별시 강북구청,2025-08-12
06-21-28,1,서울특별시 강북구 한천로 997,,37.63756789,127.0300533,2000,,02-901-5863,서울특별시 강북구청,2025-08-12
06-21-27,1,서울특별시 강북구 한천로 989,,37.63716218,127.0307849,2000,전용주,02-901-5863,서울특별시 강북구청,2025-08-12
06-21-26,1,서울특별시 강북구 한천로 991,,37.63729232,127.0306148,2000,,02-901-5863,서울특별시 강북구청,2025-08-12
06-21-25,1,서울특별시 강북구 한천로 993,,37.63738231,127.0304976,2000,,02-901-5863,서울특별시 강북구청,2025-08-12
06-21-24,1,서울특별시 강북구 한천로 989,,37.63716218,127.0307849,2000,한전주,02-901-5863,서울특별시 강북구청,2025-08-12
06-21-23,1,서울특별시 강북구 한천로 989,,37.63715671,127.0307849,2000,한전주,02-901-5863,서울특별시 강북구청,2025-08-12
06-21-22,1,서울특별시 강북구 한천로 989,,37.63716218,127.0307849,2000,,02-901-5863,서울특별시 강북구청,2025-08-12
06-21-21,1,서울특별시 강북구 한천로 987,,37.63700996,127.0309541,2000,,02-901-5863,서울특별시 강북구청,2025-08-12
06-21-20,1,서울특별시 강북구 한천로 985,,37.63682559,127.0312129,2000,,02-901-5863,서울특별시 강북구청,2025-08-12
06-21-19,1,서울특별시 강북구 한천로 985,,37.63688159,127.0312129,2000,한전주,02-901-5863,서울특별시 강북구청,2025-08-12
06-21-18,1,서울특별시 강북구 한천로 987,,37.63700764,127.0309556,2000,,02-901-5863,서울특별시 강북구청,2025-08-12
06-21-17,1,서울특별시 강북구 한천로 983,,37.63675621,127.0313527,2000,,02-901-5863,서울특별시 강북구청,2025-08-12
06-21-16,1,서울특별시 강북구 한천로 983,,37.63677665,127.0313552,2000,한전주,02-901-5863,서울특별시 강북구청,2025-08-12
06-21-15,1,서울특별시 강북구 한천로 981,,37.63665318,127.0315634,2000,한전주,02-901-5863,서울특별시 강북구청,2025-08-12
06-21-14,1,서울특별시 강북구 한천로 981,,37.63665219,127.0315608,2000,,02-901-5863,서울특별시 강북구청,2025-08-12
06-21-13,1,서울특별시 강북구 한천로123길 6,,37.6365529,127.0315394,2000,한전주,02-901-5863,서울특별시 강북구청,2025-08-12
06-21-12,1,서울특별시 강북구 한천로123길 12,,37.63633463,127.0312929,2000,한전주,02-901-5863,서울특별시 강북구청,2025-08-12
06-21-11,2,서울특별시 강북구 덕릉로41길 26,,37.63633091,127.0308398,2000,,02-901-5863,서울특별시 강북구청,2025-08-12
06-21-10,1,서울특별시 강북구 덕릉로41길 28,,37.63638769,127.0307784,2000,,02-901-5863,서울특별시 강북구청,2025-08-12
06-21-09,1,서울특별시 강북구 덕릉로41길 32,,37.63647357,127.0306566,2000,한전주,02-901-5863,서울특별시 강북구청,2025-08-12
06-21-08,1,서울특별시 강북구 덕릉로41길 34,,37.63655128,127.0305528,2000,,02-901-5863,서울특별시 강북구청,2025-08-12
06-21-07,1,서울특별시 강북구 덕릉로41길 34,,37.63655382,127.0305536,2000,한전주,02-901-5863,서울특별시 강북구청,2025-08-12
06-21-06,1,서울특별시 강북구 덕릉로41길 38,,37.63672277,127.0302795,2000,,02-901-5863,서울특별시 강북구청,2025-08-12
06-21-05,1,서울특별시 강북구 덕릉로41길 38,,37.63672277,127.0302795,2000,한전주,02-901-5863,서울특별시 강북구청,2025-08-12
06-21-04,1,서울특별시 강북구 한천로 995,,37.63710831,127.0300479,2000,한전주,02-901-5863,서울특별시 강북구청,2025-08-12
06-21-03,1,서울특별시 강북구 한천로 995,,37.63710831,127.0300479,2000,한전주,02-901-5863,서울특별시 강북구청,2025-08-12
06-21-02,1,서울특별시 강북구 한천로 995,,37.63710831,127.0300479,2000,전용주,02-901-5863,서울특별시 강북구청,2025-08-12
06-21-01,1,서울특별시 강북구 덕릉로41길 56,,37.63723917,127.029525,2000,,02-901-5863,서울특별시 강북구청,2025-08-12
06-20-38,1,서울특별시 강북구 한천로123길 26,,37.63623673,127.0303425,2000,,02-901-5863,서울특별시 강북구청,2025-08-12
06-20-37,1,서울특별시 강북구 한천로123길 26,,37.63623673,127.0303425,2000,,02-901-5863,서울특별시 강북구청,2025-08-12
06-20-36,1,서울특별시 강북구 한천로123가길 12,,37.63650031,127.0295233,2000,전용주,02-901-5863,서울특별시 강북구청,2025-08-12
06-20-35,1,서울특별시 강북구 오패산로 388,,37.63595113,127.0283781,2000,,02-901-5863,서울특별시 강북구청,2025-08-12
06-20-34,1,서울특별시 강북구 덕릉로41길 37,,37.63642332,127.0300228,2000,,02-901-5863,서울특별시 강북구청,2025-08-12
06-20-33,1,서울특별시 강북구 덕릉로41길 37,,37.63631372,127.0298429,2000,한전주,02-901-5863,서울특별시 강북구청,2025-08-12
06-20-32,1,서울특별시 강북구 한천로123가길 8,,37.6362852,127.029662,2000,한전주,02-901-5863,서울특별시 강북구청,2025-08-12
06-20-31,1,서울특별시 강북구 한천로123가길 8,,37.63628851,127.0296606,2000,,02-901-5863,서울특별시 강북구청,2025-08-12
06-20-30,1,서울특별시 강북구 한천로123가길 8,,37.63628851,127.0296606,2000,한전주,02-901-5863,서울특별시 강북구청,2025-08-12
06-20-29,1,서울특별시 강북구 한천로123가길 9,,37.63619621,127.0294589,2000,전용주,02-901-5863,서울특별시 강북구청,2025-08-12
06-20-28,1,서울특별시 강북구 한천로123가길 13,,37.63632248,127.0293009,2000,,02-901-5863,서울특별시 강북구청,2025-08-12
06-20-27,1,서울특별시 강북구 한천로123가길 13,,37.63632727,127.0293009,2000,,02-901-5863,서울특별시 강북구청,2025-08-12
06-20-26,1,서울특별시 강북구 한천로123가길 18,,37.63658056,127.0292485,2000,,02-901-5863,서울특별시 강북구청,2025-08-12
06-20-25,1,서울특별시 강북구 한천로123가길 18,,37.63656017,127.0292485,2000,,02-901-5863,서울특별시 강북구청,2025-08-12
06-20-24,1,서울특별시 강북구 한천로123가길 18,,37.63656114,127.0292506,2000,한전주,02-901-5863,서울특별시 강북구청,2025-08-12
06-20-23,1,서울특별시 강북구 한천로123가길 21,,37.63630506,127.0287893,2000,,02-901-5863,서울특별시 강북구청,2025-08-12
06-20-22,1,서울특별시 강북구 한천로123가길 21,,37.63652334,127.0290358,2000,,02-901-5863,서울특별시 강북구청,2025-08-12
06-20-21,1,서울특별시 강북구 한천로123가길 21,,37.63652334,127.0290358,2000,한전주,02-901-5863,서울특별시 강북구청,2025-08-12
06-20-20,1,서울특별시 강북구 한천로129길 27,,37.63681229,127.0291113,2000,한전주,02-901-5863,서울특별시 강북구청,2025-08-12
06-20-19,1,서울특별시 강북구 한천로129길 35,,37.6365485,127.0288088,2000,한전주,02-901-5863,서울특별시 강북구청,2025-08-12
06-20-18,1,서울특별시 강북구 한천로129길 39,,37.63640314,127.0286634,2000,,02-901-5863,서울특별시 강북구청,2025-08-12
06-20-17,1,서울특별시 강북구 한천로129길 41,,37.63634752,127.0285871,2000,전용주,02-901-5863,서울특별시 강북구청,2025-08-12
06-20-16,1,서울특별시 강북구 오패산로 388,,37.63595113,127.0283781,2000,,02-901-5863,서울특별시 강북구청,2025-08-12
06-20-15,1,서울특별시 강북구 오패산로 388,,37.63595113,127.0283781,2000,,02-901-5863,서울특별시 강북구청,2025-08-12
06-20-13,1,서울특별시 강북구 한천로123길 64,,37.63596029,127.0284992,2000,전용주,02-901-5863,서울특별시 강북구청,2025-08-12
06-20-12,1,서울특별시 강북구 한천로123길 56,,37.63599011,127.0288388,2000,한전주,02-901-5863,서울특별시 강북구청,2025-08-12
06-20-11,1,서울특별시 강북구 한천로123길 50,,37.63603879,127.0292788,2000,한전주,02-901-5863,서울특별시 강북구청,2025-08-12
06-20-10,1,서울특별시 강북구 한천로123길 46,,37.63603192,127.0295407,2000,한전주,02-901-5863,서울특별시 강북구청,2025-08-12
06-20-09,1,서울특별시 강북구 한천로123길 26,,37.63623673,127.0303425,2000,한전주,02-901-5863,서울특별시 강북구청,2025-08-12
06-20-08,1,서울특별시 강북구 한천로123길 26,,37.63623673,127.0303425,2000,,02-901-5863,서울특별시 강북구청,2025-08-12
06-20-07,1,서울특별시 강북구 한천로123길 26,,37.63623673,127.0303425,2000,,02-901-5863,서울특별시 강북구청,2025-08-12
06-20-06,1,서울특별시 강북구 한천로123길 26,,37.63623673,127.0303425,2000,,02-901-5863,서울특별시 강북구청,2025-08-12
06-20-04,1,서울특별시 강북구 덕릉로41길 43,,37.63675209,127.0299158,2000,,02-901-5863,서울특별시 강북구청,2025-08-12
06-20-03,1,서울특별시 강북구 덕릉로41길 43,,37.63675209,127.0299158,2000,한전주,02-901-5863,서울특별시 강북구청,2025-08-12
06-20-02,1,서울특별시 강북구 덕릉로41길 49,,37.63683282,127.0296416,2000,,02-901-5863,서울특별시 강북구청,2025-08-12
06-20-01,1,서울특별시 강북구 덕릉로41길 53,,37.63699213,127.0295058,2000,한전주,02-901-5863,서울특별시 강북구청,2025-08-12
06-19-33,1,서울특별시 강북구 오패산로74길 7,,37.63712545,127.0277476,2000,건축물,02-901-5863,서울특별시 강북구청,2025-08-12
06-19-30,1,서울특별시 강북구 오패산로70길 8,,37.63652694,127.0283786,2000,한전주,02-901-5863,서울특별시 강북구청,2025-08-12
06-19-29,1,서울특별시 강북구 한천로 1023,,37.63903656,127.0278587,2000,,02-901-5863,서울특별시 강북구청,2025-08-12
06-19-28,1,서울특별시 강북구 오패산로72길 10,,37.63676072,127.0283189,2000,한전주,02-901-5863,서울특별시 강북구청,2025-08-12
06-19-27,1,서울특별시 강북구 오패산로 396,,37.63655006,127.0279024,2000,,02-901-5863,서울특별시 강북구청,2025-08-12
06-19-25,1,서울특별시 강북구 오패산로74길 6,,37.63691034,127.0278864,2000,,02-901-5863,서울특별시 강북구청,2025-08-12
06-19-24,1,서울특별시 강북구 오패산로74길 3,,37.63698009,127.0275973,2000,,02-901-5863,서울특별시 강북구청,2025-08-12
06-19-23,1,서울특별시 강북구 오패산로78길 14,,37.63775153,127.0271843,2000,,02-901-5863,서울특별시 강북구청,2025-08-12
06-19-22,1,서울특별시 강북구 오패산로78길 14,,37.63775153,127.0271843,2000,,02-901-5863,서울특별시 강북구청,2025-08-12
06-19-21,1,서울특별시 강북구 오패산로78길 7,,37.63770369,127.026845,2000,,02-901-5863,서울특별시 강북구청,2025-08-12
06-19-19,1,서울특별시 강북구 오패산로78길 2,,37.6374243,127.0268373,2000,,02-901-5863,서울특별시 강북구청,2025-08-12
06-19-17,1,서울특별시 강북구 오패산로 412,,37.6374764,127.0265987,2000,,02-901-5863,서울특별시 강북구청,2025-08-12
06-19-16,1,서울특별시 강북구 한천로131길 38,,37.63782749,127.0265601,2000,한전주,02-901-5863,서울특별시 강북구청,2025-08-12
06-19-15,1,서울특별시 강북구 도봉로 348,,37.638323,127.0265537,2000,한전주,02-901-5863,서울특별시 강북구청,2025-08-12
06-19-14,1,서울특별시 강북구 도봉로 348,,37.638323,127.0265537,2000,한전주,02-901-5863,서울특별시 강북구청,2025-08-12
06-19-13,1,서울특별시 강북구 한천로131길 24,,37.63846085,127.0268805,2000,한전주,02-901-5863,서울특별시 강북구청,2025-08-12
06-19-12,1,서울특별시 강북구 도봉로 352,,37.63867847,127.0270476,2000,한전주,02-901-5863,서울특별시 강북구청,2025-08-12
06-19-11,1,서울특별시 강북구 도봉로 356,,37.63889054,127.027634,2000,한전주,02-901-5863,서울특별시 강북구청,2025-08-12
06-19-10,1,서울특별시 강북구 한천로123가길 62,,37.6378968,127.0273184,2000,한전주,02-901-5863,서울특별시 강북구청,2025-08-12
06-19-08,1,서울특별시 강북구 한천로123가길 54,,37.63759366,127.0277075,2000,한전주,02-901-5863,서울특별시 강북구청,2025-08-12
06-19-07,1,서울특별시 강북구 한천로123가길 50,,37.63746001,127.0278906,2000,한전주,02-901-5863,서울특별시 강북구청,2025-08-12
06-19-06,2,서울특별시 강북구 한천로123가길 41,,37.63718165,127.0280075,2000,한전주,02-901-5863,서울특별시 강북구청,2025-08-12
06-19-05,1,서울특별시 강북구 한천로123가길 37,,37.63704379,127.0282414,2000,,02-901-5863,서울특별시 강북구청,2025-08-12
06-19-04,1,서울특별시 강북구 한천로123가길 39,,37.63711942,127.0281103,2000,한전주,02-901-5863,서울특별시 강북구청,2025-08-12
06-19-03,1,서울특별시 강북구 한천로123가길 33,,37.63690003,127.0284531,2000,한전주,02-901-5863,서울특별시 강북구청,2025-08-12
06-19-02,1,서울특별시 강북구 한천로123가길 31,,37.63683457,127.0285332,2000,한전주,02-901-5863,서울특별시 강북구청,2025-08-12
06-19-01,1,서울특별시 강북구 한천로123가길 27,,37.63676324,127.0286248,2000,,02-901-5863,서울특별시 강북구청,2025-08-12
06-18-24,1,서울특별시 강북구 덕릉로41길 89,,37.63802816,127.0279512,2000,,02-901-5863,서울특별시 강북구청,2025-08-12
06-18-23,1,서울특별시 강북구 덕릉로41길 93,,37.63820723,127.0278129,2000,,02-901-5863,서울특별시 강북구청,2025-08-12
06-18-22,1,서울특별시 강북구 한천로129길 24,,37.63709112,127.0290511,2000,전용주,02-901-5863,서울특별시 강북구청,2025-08-12
06-18-21,1,서울특별시 강북구 덕릉로41길 61,,37.63730288,127.0291126,2000,한전주,02-901-5863,서울특별시 강북구청,2025-08-12
06-18-20,1,서울특별시 강북구 오패산로72길 22,,37.63720526,127.028687,2000,전용주,02-901-5863,서울특별시 강북구청,2025-08-12
06-18-19,1,서울특별시 강북구 오패산로72길 27,,37.63751195,127.0287283,2000,한전주,02-901-5863,서울특별시 강북구청,2025-08-12
06-18-18,1,서울특별시 강북구 덕릉로41길 75,,37.63762851,127.0286903,2000,,02-901-5863,서울특별시 강북구청,2025-08-12
06-18-17,1,서울특별시 강북구 덕릉로41길 75,,37.63762879,127.0286928,2000,,02-901-5863,서울특별시 강북구청,2025-08-12
06-18-16,1,서울특별시 강북구 덕릉로41길 75,,37.63762851,127.0286903,2000,,02-901-5863,서울특별시 강북구청,2025-08-12
06-18-15,1,서울특별시 강북구 덕릉로41길 77,,37.63771767,127.0285444,2000,한전주,02-901-5863,서울특별시 강북구청,2025-08-12
06-18-14,1,서울특별시 강북구 덕릉로41길 81,,37.63786124,127.0283169,2000,한전주,02-901-5863,서울특별시 강북구청,2025-08-12
06-18-13,1,서울특별시 강북구 덕릉로41길 81,,37.63786124,127.0283169,2000,,02-901-5863,서울특별시 강북구청,2025-08-12
06-18-12,1,서울특별시 강북구 덕릉로41길 85,,37.6379311,127.0281979,2000,한전주,02-901-5863,서울특별시 강북구청,2025-08-12
06-18-11,1,서울특별시 강북구 덕릉로41길 87,,37.63795517,127.0280912,2000,,02-901-5863,서울특별시 강북구청,2025-08-12
06-18-10,1,서울특별시 강북구 덕릉로41길 89,,37.63802816,127.0279512,2000,한전주,02-901-5863,서울특별시 강북구청,2025-08-12
06-18-09,1,서울특별시 강북구 덕릉로41길 91,,37.63811929,127.0279141,2000,,02-901-5863,서울특별시 강북구청,2025-08-12
06-18-08,1,서울특별시 강북구 덕릉로41길 91,,37.63811929,127.0279141,2000,,02-901-5863,서울특별시 강북구청,2025-08-12
06-18-07,1,서울특별시 강북구 오패산로78길 22,,37.63806957,127.0275087,2000,한전주,02-901-5863,서울특별시 강북구청,2025-08-12
06-18-06,1,서울특별시 강북구 오패산로78길 26,,37.63816031,127.0275869,2000,,02-901-5863,서울특별시 강북구청,2025-08-12
06-18-05,1,서울특별시 강북구 덕릉로41길 95,,37.63826044,127.0277102,2000,한전주,02-901-5863,서울특별시 강북구청,2025-08-12
06-18-04,1,서울특별시 강북구 한천로123가길 42,,37.63725518,127.0281901,2000,전용주,02-901-5863,서울특별시 강북구청,2025-08-12
06-18-03,1,서울특별시 강북구 한천로123가길 40,,37.63721379,127.0283139,2000,한전주,02-901-5863,서울특별시 강북구청,2025-08-12
06-18-02,1,서울특별시 강북구 한천로123가길 34,,37.63704169,127.0285192,2000,한전주,02-901-5863,서울특별시 강북구청,2025-08-12
06-18-01,1,서울특별시 강북구 오패산로70길 17,,37.63705228,127.0287117,2000,한전주,02-901-5863,서울특별시 강북구청,2025-08-12
06-17-33,1,서울특별시 강북구 한천로 1005,,37.63807027,127.029391,2000,전용주,02-901-5863,서울특별시 강북구청,2025-08-12
06-17-30,1,서울특별시 강북구 한천로 1001,,37.637809,127.0297895,2000,,02-901-5863,서울특별시 강북구청,2025-08-12
06-17-29,1,서울특별시 강북구 한천로 1005,,37.63807027,127.029391,2000,전용주,02-901-5863,서울특별시 강북구청,2025-08-12
06-17-28,1,서울특별시 강북구 한천로 1007,,37.63820529,127.0292154,2000,,02-901-5863,서울특별시 강북구청,2025-08-12
06-17-27,1,서울특별시 강북구 한천로 1009,,37.63831639,127.0290351,2000,,02-901-5863,서울특별시 강북구청,2025-08-12
06-17-26,1,서울특별시 강북구 한천로 1009,,37.63830065,127.0290374,2000,,02-901-5863,서울특별시 강북구청,2025-08-12
06-17-25,1,서울특별시 강북구 한천로 1015,,37.63867668,127.0284614,2000,,02-901-5863,서울특별시 강북구청,2025-08-12
06-17-24,1,서울특별시 강북구 한천로 1015,,37.63867668,127.0284614,2000,,02-901-5863,서울특별시 강북구청,2025-08-12
06-17-23,1,서울특별시 강북구 한천로131길 5,,37.63880239,127.0279964,2000,전용주,02-901-5863,서울특별시 강북구청,2025-08-12
06-17-22,1,서울특별시 강북구 한천로131길 5,,37.63880343,127.0279977,2000,,02-901-5863,서울특별시 강북구청,2025-08-12
06-17-21,2,서울특별시 강북구 한천로131길 9,,37.63868424,127.0277698,2000,전용주,02-901-5863,서울특별시 강북구청,2025-08-12
06-17-19,1,서울특별시 강북구 한천로131길 13,,37.63858404,127.0276153,2000,,02-901-5863,서울특별시 강북구청,2025-08-12
06-17-18,1,서울특별시 강북구 덕릉로41길 100,,37.63846775,127.0277188,2000,한전주,02-901-5863,서울특별시 강북구청,2025-08-12
06-17-17,1,서울특별시 강북구 덕릉로41길 92,,37.63825423,127.0280502,2000,한전주,02-901-5863,서울특별시 강북구청,2025-08-12
06-17-16,1,서울특별시 강북구 덕릉로41길 92,,37.63825423,127.0280502,2000,한전주,02-901-5863,서울특별시 강북구청,2025-08-12
06-17-15,1,서울특별시 강북구 덕릉로41길 88,,37.63813849,127.0282084,2000,한전주,02-901-5863,서울특별시 강북구청,2025-08-12
06-17-14,1,서울특별시 강북구 덕릉로41길 84,,37.63801313,127.0283799,2000,한전주,02-901-5863,서울특별시 강북구청,2025-08-12
06-17-13,1,서울특별시 강북구 덕릉로41길 82,,37.63810471,127.028494,2000,한전주,02-901-5863,서울특별시 강북구청,2025-08-12
06-17-12,1,서울특별시 강북구 덕릉로41길 82,,37.63794263,127.0285075,2000,한전주,02-901-5863,서울특별시 강북구청,2025-08-12
06-17-11,1,서울특별시 강북구 덕릉로41길 78,,37.63787108,127.0285864,2000,한전주,02-901-5863,서울특별시 강북구청,2025-08-12
06-17-09,1,서울특별시 강북구 덕릉로41길 74,,37.63789137,127.028848,2000,한전주,02-901-5863,서울특별시 강북구청,2025-08-12
06-17-08,1,서울특별시 강북구 덕릉로41길 70,,37.63764032,127.029002,2000,한전주,02-901-5863,서울특별시 강북구청,2025-08-12
06-17-07,1,서울특별시 강북구 덕릉로41길 66,,37.63756183,127.0291665,2000,전용주,02-901-5863,서울특별시 강북구청,2025-08-12
06-17-06,1,서울특별시 강북구 덕릉로41길 70,,37.63764032,127.029002,2000,,02-901-5863,서울특별시 강북구청,2025-08-12
06-17-05,1,서울특별시 강북구 덕릉로41길 62,,37.63735535,127.0293433,2000,,02-901-5863,서울특별시 강북구청,2025-08-12
06-17-04,1,서울특별시 강북구 덕릉로41길 64,,37.63747053,127.0291708,2000,한전주,02-901-5863,서울특별시 강북구청,2025-08-12
06-17-03,1,서울특별시 강북구 덕릉로41길 62,,37.63739985,127.0293416,2000,한전주,02-901-5863,서울특별시 강북구청,2025-08-12
06-17-01,1,서울특별시 강북구 한천로129길 10,,37.63757215,127.0295572,2000,,02-901-5863,서울특별시 강북구청,2025-08-12
06-16-50,1,서울특별시 강북구 한천로134길 14,,37.63970011,127.0284778,2000,,02-901-5863,서울특별시 강북구청,2025-08-12
06-16-25,1,서울특별시 강북구 한천로132길 19,,37.63983317,127.0289122,2000,,02-901-5863,서울특별시 강북구청,2025-08-12
06-16-23,2,서울특별시 강북구 한천로124다길 79,,37.63990558,127.0294451,2000,한전주,02-901-5863,서울특별시 강북구청,2025-08-12
06-16-22,2,서울특별시 강북구 한천로124다길 73,,37.63974537,127.0296851,2000,한전주,02-901-5863,서울특별시 강북구청,2025-08-12
06-16-21,1,서울특별시 강북구 한천로124나길 64,,37.63925702,127.0298904,2000,,02-901-5863,서울특별시 강북구청,2025-08-12
06-16-20,1,서울특별시 강북구 한천로124나길 64,,37.63925702,127.0298483,2000,전용주,02-901-5863,서울특별시 강북구청,2025-08-12
06-16-19,1,서울특별시 강북구 한천로124나길 66,,37.63933183,127.0297722,2000,,02-901-5863,서울특별시 강북구청,2025-08-12
06-16-18,1,서울특별시 강북구 한천로124나길 70,,37.63940273,127.0296555,2000,,02-901-5863,서울특별시 강북구청,2025-08-12
06-16-17,1,서울특별시 강북구 한천로124나길 72,,37.63945099,127.0295671,2000,,02-901-5863,서울특별시 강북구청,2025-08-12
06-16-16,1,서울특별시 강북구 한천로124나길 76,,37.63960529,127.0293667,2000,,02-901-5863,서울특별시 강북구청,2025-08-12
06-16-15,1,서울특별시 강북구 한천로124나길 76,,37.63960771,127.0293809,2000,,02-901-5863,서울특별시 강북구청,2025-08-12
06-16-14,1,서울특별시 강북구 한천로134길 10,,37.63961847,127.0282665,2000,한전주,02-901-5863,서울특별시 강북구청,2025-08-12
06-16-13,1,서울특별시 강북구 한천로132길 13,,37.63967448,127.0287342,2000,,02-901-5863,서울특별시 강북구청,2025-08-12
06-16-12,1,서울특별시 강북구 한천로134길 22,,37.64002494,127.0287376,2000,전용주,02-901-5863,서울특별시 강북구청,2025-08-12
06-16-11,1,서울특별시 강북구 한천로132길 19,,37.63983317,127.0289122,2000,한전주,02-901-5863,서울특별시 강북구청,2025-08-12
06-16-10,1,서울특별시 강북구 한천로132길 28,,37.63997682,127.0293421,2000,한전주,02-901-5863,서울특별시 강북구청,2025-08-12
06-16-09,1,서울특별시 강북구 한천로132길 29,,37.64018357,127.0292828,2000,한전주,02-901-5863,서울특별시 강북구청,2025-08-12
06-16-08,2,서울특별시 강북구 한천로134길 30,,37.64031694,127.0290658,2000,한전주,02-901-5863,서울특별시 강북구청,2025-08-12
06-16-07,1,서울특별시 강북구 한천로134길 22,,37.64004396,127.0287407,2000,한전주,02-901-5863,서울특별시 강북구청,2025-08-12
06-16-06,1,서울특별시 강북구 한천로134길 14,,37.63978955,127.0284834,2000,,02-901-5863,서울특별시 강북구청,2025-08-12
06-16-05,1,서울특별시 강북구 한천로134길 14,,37.63978955,127.0284834,2000,전용주,02-901-5863,서울특별시 강북구청,2025-08-12
06-16-04,1,서울특별시 강북구 한천로134길 10,,37.63962304,127.0282723,2000,한전주,02-901-5863,서울특별시 강북구청,2025-08-12
06-16-02,1,서울특별시 강북구 한천로134길 10,,37.6396166,127.0282704,2000,한전주,02-901-5863,서울특별시 강북구청,2025-08-12
06-16-01,1,서울특별시 강북구 한천로134길 6,,37.6394718,127.028193,2000,,02-901-5863,서울특별시 강북구청,2025-08-12
06-15-26,1,서울특별시 강북구 도봉로96길 46,,37.63954708,127.0307754,2000,,02-901-5863,서울특별시 강북구청,2025-08-12
06-15-25,1,서울특별시 강북구 한천로124나길 46,,37.63870325,127.0306891,2000,,02-901-5863,서울특별시 강북구청,2025-08-12
06-15-24,1,서울특별시 강북구 한천로124나길 50,,37.63882051,127.0305059,2000,한전주,02-901-5863,서울특별시 강북구청,2025-08-12
06-15-23,1,서울특별시 강북구 도봉로96길 46,,37.63954979,127.030771,2000,,02-901-5863,서울특별시 강북구청,2025-08-12
06-15-21,1,서울특별시 강북구 한천로124다길 61,,37.63938936,127.0302222,2000,,02-901-5863,서울특별시 강북구청,2025-08-12
06-15-20,1,서울특별시 강북구 한천로124다길 61,,37.63938936,127.0302222,2000,,02-901-5863,서울특별시 강북구청,2025-08-12
06-15-18,1,서울특별시 강북구 한천로124다길 63,,37.63945159,127.0301195,2000,한전주,02-901-5863,서울특별시 강북구청,2025-08-12
06-15-17,1,서울특별시 강북구 한천로124나길 54,,37.63894643,127.0303726,2000,,02-901-5863,서울특별시 강북구청,2025-08-12
06-15-16,1,서울특별시 강북구 한천로124다길 70,,37.63978373,127.0299678,2000,,02-901-5863,서울특별시 강북구청,2025-08-12
06-15-15,1,서울특별시 강북구 한천로124다길 74,,37.6398636,127.0298195,2000,,02-901-5863,서울특별시 강북구청,2025-08-12
06-15-14,1,서울특별시 강북구 도봉로96길 36,,37.63979618,127.0303869,2000,,02-901-5863,서울특별시 강북구청,2025-08-12
06-15-13,1,서울특별시 강북구 도봉로96길 36,,37.63979618,127.0303869,2000,한전주,02-901-5863,서울특별시 강북구청,2025-08-12
06-15-12,1,서울특별시 강북구 도봉로96길 40,,37.63968918,127.0305243,2000,,02-901-5863,서울특별시 강북구청,2025-08-12
06-15-11,1,서울특별시 강북구 도봉로96길 50,,37.6394027,127.0309587,2000,한전주,02-901-5863,서울특별시 강북구청,2025-08-12
06-15-09,1,서울특별시 강북구 도봉로96길 52,,37.63934209,127.031046,2000,,02-901-5863,서울특별시 강북구청,2025-08-12
06-15-08,1,서울특별시 강북구 한천로130길 23,,37.6387823,127.0309151,2000,,02-901-5863,서울특별시 강북구청,2025-08-12
06-15-07,1,서울특별시 강북구 한천로124나길 46,,37.63870325,127.0306599,2000,,02-901-5863,서울특별시 강북구청,2025-08-12
06-15-06,2,서울특별시 강북구 한천로124나길 46,,37.63870325,127.0306844,2000,전용주,02-901-5863,서울특별시 강북구청,2025-08-12
06-15-05,1,서울특별시 강북구 한천로124나길 50,,37.63882051,127.0305059,2000,,02-901-5863,서울특별시 강북구청,2025-08-12
06-15-04,1,서울특별시 강북구 한천로124나길 56,,37.6390654,127.0302718,2000,,02-901-5863,서울특별시 강북구청,2025-08-12
06-15-03,1,서울특별시 강북구 한천로124나길 60,,37.63907649,127.0301246,2000,,02-901-5863,서울특별시 강북구청,2025-08-12
06-15-02,1,서울특별시 강북구 한천로124나길 62,,37.63917128,127.0299985,2000,,02-901-5863,서울특별시 강북구청,2025-08-12
06-15-01,1,서울특별시 강북구 한천로124나길 64,,37.63926992,127.0298904,2000,,02-901-5863,서울특별시 강북구청,2025-08-12
06-14-33,1,서울특별시 강북구 한천로124가길 58,,37.63879139,127.0297915,2000,,02-901-5863,서울특별시 강북구청,2025-08-12
06-14-32,1,서울특별시 강북구 한천로124가길 72,,37.6391643,127.0291488,2000,전용주,02-901-5863,서울특별시 강북구청,2025-08-12
06-14-31,1,서울특별시 강북구 한천로 1004,,37.63828938,127.0301345,2000,한전주,02-901-5863,서울특별시 강북구청,2025-08-12
06-14-30,1,서울특별시 강북구 한천로 1020,,37.6390779,127.028504,2000,,02-901-5863,서울특별시 강북구청,2025-08-12
06-14-29,1,서울특별시 강북구 한천로132길 6,,37.63924073,127.0285812,2000,전용주,02-901-5863,서울특별시 강북구청,2025-08-12
06-14-28,1,서울특별시 강북구 한천로132길 6,,37.63924073,127.0285812,2000,한전주,02-901-5863,서울특별시 강북구청,2025-08-12
06-14-27,1,서울특별시 강북구 한천로132길 12,,37.63949504,127.0288272,2000,전용주,02-901-5863,서울특별시 강북구청,2025-08-12
06-14-26,1,서울특별시 강북구 한천로132길 12,,37.63949504,127.0288272,2000,,02-901-5863,서울특별시 강북구청,2025-08-12
06-14-25,1,서울특별시 강북구 한천로124가길 79,,37.63916949,127.0286841,2000,전용주,02-901-5863,서울특별시 강북구청,2025-08-12
06-14-24,1,서울특별시 강북구 한천로124가길 79,,37.63916949,127.0286841,2000,,02-901-5863,서울특별시 강북구청,2025-08-12
06-14-23,1,서울특별시 강북구 한천로124가길 74,,37.63920559,127.0290719,2000,,02-901-5863,서울특별시 강북구청,2025-08-12
06-14-22,1,서울특별시 강북구 한천로124가길 75,,37.63906259,127.0288328,2000,,02-901-5863,서울특별시 강북구청,2025-08-12
06-14-21,1,서울특별시 강북구 한천로124가길 75,,37.63906259,127.0288328,2000,,02-901-5863,서울특별시 강북구청,2025-08-12
06-14-20,1,서울특별시 강북구 한천로124가길 75,,37.63906259,127.0288328,2000,한전주,02-901-5863,서울특별시 강북구청,2025-08-12
06-14-19,2,서울특별시 강북구 한천로124가길 70,,37.63906391,127.0292567,2000,한전주,02-901-5863,서울특별시 강북구청,2025-08-12
06-14-18,1,서울특별시 강북구 한천로 1012,,37.63868283,127.0291436,2000,전용주,02-901-5863,서울특별시 강북구청,2025-08-12
06-14-17,1,서울특별시 강북구 한천로124가길 67,,37.63889495,127.0292656,2000,한전주,02-901-5863,서울특별시 강북구청,2025-08-12
06-14-16,1,서울특별시 강북구 한천로124가길 62,,37.63882768,127.0296165,2000,,02-901-5863,서울특별시 강북구청,2025-08-12
06-14-15,1,서울특별시 강북구 한천로124가길 64,,37.63892374,127.0294805,2000,한전주,02-901-5863,서울특별시 강북구청,2025-08-12
06-14-14,1,서울특별시 강북구 한천로124가길 56,,37.63870158,127.0298573,2000,한전주,02-901-5863,서울특별시 강북구청,2025-08-12
06-14-13,1,서울특별시 강북구 한천로124가길 52,,37.63858043,127.0300332,2000,,02-901-5863,서울특별시 강북구청,2025-08-12
06-14-12,1,서울특별시 강북구 한천로124가길 52,,37.63858043,127.0300332,2000,한전주,02-901-5863,서울특별시 강북구청,2025-08-12
06-14-11,1,서울특별시 강북구 한천로124가길 52,,37.63859486,127.0300286,2000,,02-901-5863,서울특별시 강북구청,2025-08-12
06-14-10,1,서울특별시 강북구 한천로124가길 50,,37.63850561,127.0301317,2000,한전주,02-901-5863,서울특별시 강북구청,2025-08-12
06-14-09,1,서울특별시 강북구 한천로130길 9,,37.63834595,127.0304397,2000,한전주,02-901-5863,서울특별시 강북구청,2025-08-12
06-14-08,1,서울특별시 강북구 한천로124나길 47,,37.63864186,127.0304718,2000,,02-901-5863,서울특별시 강북구청,2025-08-12
06-14-07,1,서울특별시 강북구 한천로124나길 49,,37.63872369,127.0303555,2000,한전주,02-901-5863,서울특별시 강북구청,2025-08-12
06-14-06,1,서울특별시 강북구 한천로124나길 51,,37.63877691,127.0302529,2000,한전주,02-901-5863,서울특별시 강북구청,2025-08-12
06-14-05,1,서울특별시 강북구 한천로124나길 57,,37.63889124,127.0299115,2000,한전주,02-901-5863,서울특별시 강북구청,2025-08-12
06-14-04,1,서울특별시 강북구 한천로124나길 63,,37.63915093,127.0297155,2000,한전주,02-901-5863,서울특별시 강북구청,2025-08-12
06-14-03,1,서울특별시 강북구 한천로124나길 71,,37.63937365,127.0294066,2000,한전주,02-901-5863,서울특별시 강북구청,2025-08-12
06-14-02,1,서울특별시 강북구 한천로124나길 75,,37.63952523,127.029212,2000,한전주,02-901-5863,서울특별시 강북구청,2025-08-12
06-14-01,1,서울특별시 강북구 한천로132길 16,,37.63964058,127.0289953,2000,,02-901-5863,서울특별시 강북구청,2025-08-12
06-13-29,1,서울특별시 강북구 한천로124가길 12,,37.63741742,127.0318244,2000,,02-901-5863,서울특별시 강북구청,2025-08-12
06-13-28,1,서울특별시 강북구 한천로130길 10,,37.63821201,127.0305888,2000,,02-901-5863,서울특별시 강북구청,2025-08-12
06-13-27,1,서울특별시 강북구 한천로124길 9,,37.63715336,127.0322454,2000,,02-901-5863,서울특별시 강북구청,2025-08-12
06-13-26,1,서울특별시 강북구 한천로124가길 6,,37.63732278,127.0320279,2000,한전주,02-901-5863,서울특별시 강북구청,2025-08-12
06-13-25,1,서울특별시 강북구 한천로 984,,37.63702706,127.0316418,2000,,02-901-5863,서울특별시 강북구청,2025-08-12
06-13-24,1,서울특별시 강북구 한천로124가길 12,,37.63741742,127.0318204,2000,,02-901-5863,서울특별시 강북구청,2025-08-12
06-13-23,1,서울특별시 강북구 한천로124가길 12,,37.63741742,127.0318244,2000,,02-901-5863,서울특별시 강북구청,2025-08-12
06-13-22,1,서울특별시 강북구 한천로 996,,37.63776145,127.0305833,2000,,02-901-5863,서울특별시 강북구청,2025-08-12
06-13-21,1,서울특별시 강북구 한천로124가길 19,,37.63756808,127.0313705,2000,,02-901-5863,서울특별시 강북구청,2025-08-12
06-13-20,1,서울특별시 강북구 한천로124가길 21,,37.63762278,127.0312536,2000,,02-901-5863,서울특별시 강북구청,2025-08-12
06-13-19,1,서울특별시 강북구 한천로124가길 24,,37.63782982,127.0312282,2000,한전주,02-901-5863,서울특별시 강북구청,2025-08-12
06-13-18,1,서울특별시 강북구 한천로124가길 30,,37.63794319,127.0309954,2000,한전주,02-901-5863,서울특별시 강북구청,2025-08-12
06-13-17,1,서울특별시 강북구 한천로124가길 30,,37.63794319,127.0309954,2000,,02-901-5863,서울특별시 강북구청,2025-08-12
06-13-16,1,서울특별시 강북구 한천로124가길 32,,37.63803406,127.030863,2000,,02-901-5863,서울특별시 강북구청,2025-08-12
06-13-15,1,서울특별시 강북구 한천로124가길 38,,37.63814979,127.0306916,2000,,02-901-5863,서울특별시 강북구청,2025-08-12
06-13-14,1,서울특별시 강북구 한천로 992,,37.63748388,127.0309365,2000,,02-901-5863,서울특별시 강북구청,2025-08-12
06-13-12,1,서울특별시 강북구 한천로 986,,37.63748811,127.031312,2000,한전주,02-901-5863,서울특별시 강북구청,2025-08-12
06-13-11,1,서울특별시 강북구 한천로 984,,37.63702706,127.0316842,2000,한전주,02-901-5863,서울특별시 강북구청,2025-08-12
06-13-10,1,서울특별시 강북구 한천로 982,,37.63696467,127.0318444,2000,,02-901-5863,서울특별시 강북구청,2025-08-12
06-13-09,1,서울특별시 강북구 한천로124나길 1,,37.63734247,127.0322316,2000,,02-901-5863,서울특별시 강북구청,2025-08-12
06-13-08,1,서울특별시 강북구 한천로124나길 13,,37.63765511,127.031899,2000,한전주,02-901-5863,서울특별시 강북구청,2025-08-12
06-13-07,1,서울특별시 강북구 한천로124나길 21,,37.63792214,127.031499,2000,한전주,02-901-5863,서울특별시 강북구청,2025-08-12
06-13-06,1,서울특별시 강북구 한천로124나길 21,,37.63791155,127.0314938,2000,,02-901-5863,서울특별시 강북구청,2025-08-12
06-13-05,1,서울특별시 강북구 한천로124나길 29,,37.63813604,127.0312129,2000,한전주,02-901-5863,서울특별시 강북구청,2025-08-12
06-13-04,1,서울특별시 강북구 한천로124나길 35,,37.63827824,127.0309731,2000,,02-901-5863,서울특별시 강북구청,2025-08-12
06-13-03,1,서울특별시 강북구 한천로130길 16,,37.6384118,127.0307788,2000,한전주,02-901-5863,서울특별시 강북구청,2025-08-12
06-13-02,1,서울특별시 강북구 한천로130길 16,,37.6384118,127.0307788,2000,,02-901-5863,서울특별시 강북구청,2025-08-12
06-13-01,1,서울특별시 강북구 한천로130길 6,,37.63804864,127.0304436,2000,,02-901-5863,서울특별시 강북구청,2025-08-12
06-10-35,1,서울특별시 강북구 한천로132길 66,,37.6414342,127.0304146,2000,,02-901-5863,서울특별시 강북구청,2025-08-12
06-10-34,1,서울특별시 강북구 도봉로98길 15,,37.64139242,127.0305588,2000,,02-901-5863,서울특별시 강북구청,2025-08-12
06-10-33,1,서울특별시 강북구 도봉로96길 33,,37.63996792,127.0304527,2000,,02-901-5863,서울특별시 강북구청,2025-08-12
06-10-32,1,서울특별시 강북구 도봉로96길 31,,37.64008646,127.0302735,2000,한전주,02-901-5863,서울특별시 강북구청,2025-08-12
06-08-36,1,서울특별시 강북구 도봉로96길 53,,37.63938063,127.0313001,2000,,02-901-5863,서울특별시 강북구청,2025-08-12
06-08-35,1,서울특별시 강북구 도봉로98길 38,,37.64106855,127.0317188,2000,,02-901-5863,서울특별시 강북구청,2025-08-12
06-08-34,1,서울특별시 강북구 도봉로98길 36,,37.64108566,127.0315827,2000,,02-901-5863,서울특별시 강북구청,2025-08-12
06-08-33,1,서울특별시 강북구 도봉로98길 38,,37.64106855,127.0317188,2000,한전주,02-901-5863,서울특별시 강북구청,2025-08-12
06-08-32,1,서울특별시 강북구 한천로130길 79,,37.64099991,127.0321389,2000,한전주,02-901-5863,서울특별시 강북구청,2025-08-12
06-07-34,1,서울특별시 강북구 도봉로96나길 9,,37.63898801,127.0324966,2000,,02-901-5863,서울특별시 강북구청,2025-08-12
06-07-33,1,서울특별시 강북구 도봉로96길 75,,37.63875704,127.0322246,2000,,02-901-5863,서울특별시 강북구청,2025-08-12
06-07-32,1,서울특별시 강북구 한천로130길 52,,37.63966055,127.0320117,2000,,02-901-5863,서울특별시 강북구청,2025-08-12
06-04-45,1,서울특별시 강북구 덕릉로 193,,37.63610786,127.0349336,2000,,02-901-5863,서울특별시 강북구청,2025-08-12
06-04-44,1,서울특별시 강북구 한천로122길 20,,37.63644243,127.0341904,2000,전용주,02-901-5863,서울특별시 강북구청,2025-08-12
06-04-42,1,서울특별시 강북구 한천로124길 31,,37.6378716,127.0330292,2000,전용주,02-901-5863,서울특별시 강북구청,2025-08-12
06-04-41,1,서울특별시 강북구 한천로124길 25,,37.63762631,127.0327831,2000,전용주,02-901-5863,서울특별시 강북구청,2025-08-12
06-04-40,1,서울특별시 강북구 한천로124길 5,,37.63698079,127.0320777,2000,전용주,02-901-5863,서울특별시 강북구청,2025-08-12
06-04-39,1,서울특별시 강북구 한천로122길 21,,37.63686336,127.0339176,2000,,02-901-5863,서울특별시 강북구청,2025-08-12
06-04-38,2,서울특별시 강북구 덕릉로51길 7,,37.63669529,127.0357297,2000,한전주,02-901-5863,서울특별시 강북구청,2025-08-12
06-04-37,1,서울특별시 강북구 덕릉로 197,,37.63629434,127.0353285,2000,,02-901-5863,서울특별시 강북구청,2025-08-12
06-04-36,1,서울특별시 강북구 덕릉로51길 9,,37.63671132,127.0355902,2000,한전주,02-901-5863,서울특별시 강북구청,2025-08-12
06-04-35,1,서울특별시 강북구 덕릉로51길 9,,37.6367122,127.0355936,2000,한전주,02-901-5863,서울특별시 강북구청,2025-08-12
06-04-34,1,서울특별시 강북구 덕릉로51길 13,,37.63672167,127.0353466,2000,전용주,02-901-5863,서울특별시 강북구청,2025-08-12
06-04-33,1,서울특별시 강북구 덕릉로51길 13,,37.63672167,127.0353466,2000,한전주,02-901-5863,서울특별시 강북구청,2025-08-12
06-04-32,1,서울특별시 강북구 덕릉로51길 15,,37.63680853,127.0352524,2000,한전주,02-901-5863,서울특별시 강북구청,2025-08-12
06-04-31,1,서울특별시 강북구 덕릉로51가길 1,,37.63682372,127.0351507,2000,,02-901-5863,서울특별시 강북구청,2025-08-12
06-02-39,1,서울특별시 강북구 덕릉로52길 62,,37.63444146,127.0377869,2000,전용주,02-901-5863,서울특별시 강북구청,2025-08-12
06-02-38,2,서울특별시 강북구 한천로120길 40,,37.63609917,127.037131,2000,한전주,02-901-5863,서울특별시 강북구청,2025-08-12
06-02-37,1,서울특별시 강북구 한천로120길 28,,37.63526663,127.0373231,2000,,02-901-5863,서울특별시 강북구청,2025-08-12
06-02-36,1,서울특별시 강북구 한천로120길 28,,37.63541133,127.0373892,2000,한전주,02-901-5863,서울특별시 강북구청,2025-08-12
06-02-35,1,서울특별시 강북구 한천로120길 28,,37.63539101,127.0371062,2000,,02-901-5863,서울특별시 강북구청,2025-08-12
06-02-34,1,서울특별시 강북구 한천로120길 28,,37.63544654,127.0372867,2000,한전주,02-901-5863,서울특별시 강북구청,2025-08-12
06-02-33,1,서울특별시 강북구 한천로120길 28,,37.63593231,127.0371898,2000,,02-901-5863,서울특별시 강북구청,2025-08-12
06-02-32,1,서울특별시 강북구 한천로120길 28,,37.63569881,127.0372835,2000,,02-901-5863,서울특별시 강북구청,2025-08-12
06-02-31,1,서울특별시 강북구 한천로120길 28,,37.63582281,127.0370213,2000,,02-901-5863,서울특별시 강북구청,2025-08-12
06-02-30,2,서울특별시 강북구 덕릉로48길 29,,37.6352355,127.0364926,2000,한전주,02-901-5863,서울특별시 강북구청,2025-08-12
06-02-29,1,서울특별시 강북구 덕릉로48길 29,,37.6352355,127.0364926,2000,,02-901-5863,서울특별시 강북구청,2025-08-12
04-42-20,1,서울특별시 강북구 삼양로54길 33,,37.62388907,127.020133,2000,전용주,02-901-5863,서울특별시 강북구청,2025-08-12
04-42-18,1,서울특별시 강북구 솔매로28길 15,,37.62412284,127.0200322,2000,,02-901-5863,서울특별시 강북구청,2025-08-12
04-42-17,1,서울특별시 강북구 삼양로54길 7,,37.62461909,127.0190288,2000,,02-901-5863,서울특별시 강북구청,2025-08-12
04-42-16,1,서울특별시 강북구 솔매로 64,,37.62476344,127.0193257,2000,한전주,02-901-5863,서울특별시 강북구청,2025-08-12
04-42-15,1,서울특별시 강북구 솔매로28길 8,,37.62458334,127.0198027,2000,,02-901-5863,서울특별시 강북구청,2025-08-12
04-42-14,1,서울특별시 강북구 솔매로28길 8,,37.62458334,127.0198027,2000,,02-901-5863,서울특별시 강북구청,2025-08-12
04-42-13,1,서울특별시 강북구 솔매로28길 15,,37.62412281,127.0200291,2000,,02-901-5863,서울특별시 강북구청,2025-08-12
04-42-12,1,서울특별시 강북구 솔매로28길 13,,37.62423217,127.0200599,2000,,02-901-5863,서울특별시 강북구청,2025-08-12
04-42-11,1,서울특별시 강북구 솔매로28길 13,,37.62425826,127.0200644,2000,한전주,02-901-5863,서울특별시 강북구청,2025-08-12
04-42-09,1,서울특별시 강북구 솔매로28길 7,,37.62454694,127.0200861,2000,한전주,02-901-5863,서울특별시 강북구청,2025-08-12
04-42-08,1,서울특별시 강북구 솔매로 70,,37.62474326,127.0198768,2000,,02-901-5863,서울특별시 강북구청,2025-08-12
04-42-07,1,서울특별시 강북구 솔매로28길 7,,37.6245383,127.0200861,2000,,02-901-5863,서울특별시 강북구청,2025-08-12
04-42-05,1,서울특별시 강북구 삼양로54길 33,,37.62388907,127.020133,2000,,02-901-5863,서울특별시 강북구청,2025-08-12
04-42-04,1,서울특별시 강북구 삼양로54길 33,,37.62388907,127.020133,2000,,02-901-5863,서울특별시 강북구청,2025-08-12
04-42-03,1,서울특별시 강북구 삼양로54길 33,,37.62388907,127.0201817,2000,,02-901-5863,서울특별시 강북구청,2025-08-12
04-42-02,1,서울특별시 강북구 솔매로30길 24,,37.62388287,127.0204319,2000,,02-901-5863,서울특별시 강북구청,2025-08-12
04-42-01,2,서울특별시 강북구 삼양로54가길 3,,37.62379625,127.0208521,2000,한전주,02-901-5863,서울특별시 강북구청,2025-08-12
04-41-25,1,서울특별시 강북구 삼양로54나길 8,,37.62375268,127.0215678,2000,한전주,02-901-5863,서울특별시 강북구청,2025-08-12
04-41-24,1,서울특별시 강북구 삼양로54나길 3,,37.6239539,127.0213937,2000,,02-901-5863,서울특별시 강북구청,2025-08-12
04-41-22,1,서울특별시 강북구 도봉로45길 90,,37.62331791,127.021844,2000,,02-901-5863,서울특별시 강북구청,2025-08-12
04-41-20,1,서울특별시 강북구 삼양로54나길 14,,37.62364921,127.0217528,2000,,02-901-5863,서울특별시 강북구청,2025-08-12
04-41-19,1,서울특별시 강북구 삼양로54나길 8,,37.62375268,127.0215678,2000,전용주,02-901-5863,서울특별시 강북구청,2025-08-12
04-41-18,1,서울특별시 강북구 삼양로54나길 6,,37.62371808,127.0212043,2000,,02-901-5863,서울특별시 강북구청,2025-08-12
04-41-16,1,서울특별시 강북구 삼양로54나길 3,,37.6239539,127.0213937,2000,,02-901-5863,서울특별시 강북구청,2025-08-12
04-41-15,2,서울특별시 강북구 삼양로54나길 7,,37.62391018,127.021553,2000,한전주,02-901-5863,서울특별시 강북구청,2025-08-12
04-41-14,1,서울특별시 강북구 삼양로54나길 7,,37.62393083,127.0215513,2000,,02-901-5863,서울특별시 강북구청,2025-08-12
04-41-13,1,서울특별시 강북구 삼양로54나길 12,,37.62369518,127.0217031,2000,한전주,02-901-5863,서울특별시 강북구청,2025-08-12
04-41-12,1,서울특별시 강북구 삼양로54나길 16,,37.62340819,127.0218654,2000,한전주,02-901-5863,서울특별시 강북구청,2025-08-12
04-41-11,1,서울특별시 강북구 솔매로 78,,37.62443855,127.0211609,2000,,02-901-5863,서울특별시 강북구청,2025-08-12
04-41-10,1,서울특별시 강북구 솔매로 78,,37.62437689,127.0213317,2000,한전주,02-901-5863,서울특별시 강북구청,2025-08-12
04-41-09,1,서울특별시 강북구 삼양로54가길 15,,37.62419045,127.0212008,2000,,02-901-5863,서울특별시 강북구청,2025-08-12
04-41-08,1,서울특별시 강북구 삼양로54가길 17,,37.62429533,127.0212761,2000,,02-901-5863,서울특별시 강북구청,2025-08-12
04-41-07,2,서울특별시 강북구 삼양로54가길 9,,37.62400516,127.0210533,2000,한전주,02-901-5863,서울특별시 강북구청,2025-08-12
04-41-06,1,서울특별시 강북구 솔매로30길 13,,37.62421134,127.0208035,2000,,02-901-5863,서울특별시 강북구청,2025-08-12
04-41-05,1,서울특별시 강북구 솔매로30길 13,,37.62425296,127.0208035,2000,,02-901-5863,서울특별시 강북구청,2025-08-12
04-41-04,1,서울특별시 강북구 솔매로30길 19,,37.62408432,127.0206622,2000,,02-901-5863,서울특별시 강북구청,2025-08-12
04-41-03,1,서울특별시 강북구 솔매로30길 19,,37.62408305,127.0206671,2000,한전주,02-901-5863,서울특별시 강북구청,2025-08-12
04-41-02,1,서울특별시 강북구 솔매로30길 13,,37.62425536,127.0208008,2000,한전주,02-901-5863,서울특별시 강북구청,2025-08-12
04-41-01,1,서울특별시 강북구 솔매로30길 9,,37.6244346,127.0206852,2000,한전주,02-901-5863,서울특별시 강북구청,2025-08-12
04-40-30,1,서울특별시 강북구 솔매로 84,,37.62498757,127.0216181,2000,한전주,02-901-5863,서울특별시 강북구청,2025-08-12
04-40-29,1,서울특별시 강북구 도봉로45길 84,,37.62336738,127.0222598,2000,,02-901-5863,서울특별시 강북구청,2025-08-12
04-40-28,1,서울특별시 강북구 도봉로45길 84,,37.62336738,127.0222902,2000,한전주,02-901-5863,서울특별시 강북구청,2025-08-12
04-40-27,1,서울특별시 강북구 도봉로45길 84,,37.62336738,127.022258,2000,한전주,02-901-5863,서울특별시 강북구청,2025-08-12
04-40-26,1,서울특별시 강북구 도봉로49길 80,,37.62429867,127.0221143,2000,,02-901-5863,서울특별시 강북구청,2025-08-12
04-40-25,1,서울특별시 강북구 도봉로49길 79,,37.62411154,127.0220677,2000,한전주,02-901-5863,서울특별시 강북구청,2025-08-12
04-40-24,1,서울특별시 강북구 도봉로49길 85,,37.62419648,127.0217531,2000,한전주,02-901-5863,서울특별시 강북구청,2025-08-12
04-40-23,1,서울특별시 강북구 도봉로49길 89,,37.6243157,127.021559,2000,한전주,02-901-5863,서울특별시 강북구청,2025-08-12
04-40-22,1,서울특별시 강북구 도봉로49길 95,,37.62464689,127.0212941,2000,한전주,02-901-5863,서울특별시 강북구청,2025-08-12
04-40-21,1,서울특별시 강북구 도봉로49길 95,,37.62464689,127.0212941,2000,한전주,02-901-5863,서울특별시 강북구청,2025-08-12
04-40-20,1,서울특별시 강북구 도봉로49길 99,,37.62477264,127.0212472,2000,한전주,02-901-5863,서울특별시 강북구청,2025-08-12
04-40-19,1,서울특별시 강북구 솔매로 78,,37.62451954,127.0211485,2000,,02-901-5863,서울특별시 강북구청,2025-08-12
04-40-18,1,서울특별시 강북구 솔매로 78,,37.62451954,127.0211485,2000,,02-901-5863,서울특별시 강북구청,2025-08-12
04-40-17,1,서울특별시 강북구 솔매로 78,,37.62472666,127.0211345,2000,,02-901-5863,서울특별시 강북구청,2025-08-12
04-40-16,1,서울특별시 강북구 솔매로 84,,37.62498296,127.0216183,2000,,02-901-5863,서울특별시 강북구청,2025-08-12
04-40-15,1,서울특별시 강북구 솔매로 82,,37.624934,127.0213952,2000,한전주,02-901-5863,서울특별시 강북구청,2025-08-12
04-40-14,1,서울특별시 강북구 솔매로 82,,37.624934,127.0213952,2000,한전주,02-901-5863,서울특별시 강북구청,2025-08-12
04-40-13,1,서울특별시 강북구 솔매로 84,,37.62498757,127.0216181,2000,,02-901-5863,서울특별시 강북구청,2025-08-12
04-40-12,1,서울특별시 강북구 솔매로 84,,37.62498757,127.0216181,2000,한전주,02-901-5863,서울특별시 강북구청,2025-08-12
04-40-11,1,서울특별시 강북구 솔매로 84,,37.62498757,127.0216181,2000,,02-901-5863,서울특별시 강북구청,2025-08-12
04-40-10,1,서울특별시 강북구 솔매로36길 30,,37.62388118,127.0223972,2000,전용주,02-901-5863,서울특별시 강북구청,2025-08-12
04-40-09,1,서울특별시 강북구 솔매로36길 32,,37.62371845,127.0224672,2000,,02-901-5863,서울특별시 강북구청,2025-08-12
04-40-08,1,서울특별시 강북구 솔매로36길 36,,37.62361164,127.0224972,2000,전용주,02-901-5863,서울특별시 강북구청,2025-08-12
04-40-07,1,서울특별시 강북구 도봉로45길 80,,37.62341393,127.0224288,2000,,02-901-5863,서울특별시 강북구청,2025-08-12
04-40-06,2,서울특별시 강북구 도봉로45길 84,,37.62336642,127.0222625,2000,,02-901-5863,서울특별시 강북구청,2025-08-12
04-40-05,1,서울특별시 강북구 도봉로45길 84,,37.62336642,127.0222625,2000,한전주,02-901-5863,서울특별시 강북구청,2025-08-12
04-40-04,1,서울특별시 강북구 삼양로54길 75,,37.62314109,127.0222541,2000,,02-901-5863,서울특별시 강북구청,2025-08-12
04-40-03,1,서울특별시 강북구 삼양로54길 75,,37.62314109,127.0222541,2000,,02-901-5863,서울특별시 강북구청,2025-08-12
04-40-02,1,서울특별시 강북구 삼양로54길 77,,37.62307905,127.022367,2000,,02-901-5863,서울특별시 강북구청,2025-08-12
04-40-01,1,서울특별시 강북구 솔매로36길 46,,37.6232066,127.0226605,2000,,02-901-5863,서울특별시 강북구청,2025-08-12
04-39-29,1,서울특별시 강북구 삼양로54길 82,,37.62275566,127.022501,2000,,02-901-5863,서울특별시 강북구청,2025-08-12
04-39-28,1,서울특별시 강북구 삼양로54라길 6,,37.62263271,127.0228838,2000,,02-901-5863,서울특별시 강북구청,2025-08-12
04-39-27,1,서울특별시 강북구 삼양로38가길 24,,37.62195565,127.0211496,2000,한전주,02-901-5863,서울특별시 강북구청,2025-08-12
04-39-26,1,서울특별시 강북구 삼양로38가길 24,,37.62195565,127.0211496,2000,한전주,02-901-5863,서울특별시 강북구청,2025-08-12
04-39-25,1,서울특별시 강북구 삼양로42길 16,,37.62216818,127.0211907,2000,,02-901-5863,서울특별시 강북구청,2025-08-12
04-39-24,1,서울특별시 강북구 삼양로42길 21,,37.62235907,127.0213921,2000,한전주,02-901-5863,서울특별시 강북구청,2025-08-12
04-39-23,1,서울특별시 강북구 삼양로42길 25,,37.62230262,127.0216421,2000,한전주,02-901-5863,서울특별시 강북구청,2025-08-12
04-39-22,1,서울특별시 강북구 삼양로44길 20,,37.62242082,127.0211384,2000,한전주,02-901-5863,서울특별시 강북구청,2025-08-12
04-39-21,1,서울특별시 강북구 삼양로44길 18,,37.62240121,127.0210403,2000,,02-901-5863,서울특별시 강북구청,2025-08-12
04-39-20,1,서울특별시 강북구 삼양로38가길 36,,37.62250753,127.0208237,2000,한전주,02-901-5863,서울특별시 강북구청,2025-08-12
04-39-19,2,서울특별시 강북구 삼양로38가길 40,,37.62261499,127.020743,2000,한전주,02-901-5863,서울특별시 강북구청,2025-08-12
04-39-18,1,서울특별시 강북구 삼양로46길 18,,37.6226256,127.0209354,2000,한전주,02-901-5863,서울특별시 강북구청,2025-08-12
04-39-17,2,서울특별시 강북구 삼양로46길 26,,37.62265506,127.0212296,2000,한전주,02-901-5863,서울특별시 강북구청,2025-08-12
04-39-16,1,서울특별시 강북구 도봉로41길 106,,37.62256882,127.0216952,2000,,02-901-5863,서울특별시 강북구청,2025-08-12
04-39-13,1,서울특별시 강북구 삼양로54다길 4,,37.62265131,127.021864,2000,,02-901-5863,서울특별시 강북구청,2025-08-12
04-39-12,1,서울특별시 강북구 도봉로41길 95,,37.62210263,127.0219517,2000,한전주,02-901-5863,서울특별시 강북구청,2025-08-12
04-39-11,1,서울특별시 강북구 도봉로41길 97,,37.62219155,127.021836,2000,한전주,02-901-5863,서울특별시 강북구청,2025-08-12
04-39-09,1,서울특별시 강북구 삼양로46길 34,,37.62271287,127.021682,2000,,02-901-5863,서울특별시 강북구청,2025-08-12
04-39-08,2,서울특별시 강북구 삼양로46길 34,,37.6228391,127.0216916,2000,한전주,02-901-5863,서울특별시 강북구청,2025-08-12
04-39-07,1,서울특별시 강북구 삼양로46길 38,,37.62285955,127.0219859,2000,한전주,02-901-5863,서울특별시 강북구청,2025-08-12
04-39-06,1,서울특별시 강북구 삼양로54다길 8,,37.62267083,127.022045,2000,한전주,02-901-5863,서울특별시 강북구청,2025-08-12
04-39-05,1,서울특별시 강북구 삼양로54다길 12,,37.62251945,127.0222622,2000,한전주,02-901-5863,서울특별시 강북구청,2025-08-12
04-39-04,1,서울특별시 강북구 삼양로54다길 13,,37.62250386,127.022557,2000,한전주,02-901-5863,서울특별시 강북구청,2025-08-12
04-39-03,1,서울특별시 강북구 삼양로54길 82,,37.62275791,127.0225784,2000,,02-901-5863,서울특별시 강북구청,2025-08-12
04-39-02,1,서울특별시 강북구 도봉로41길 82,,37.62239659,127.0226603,2000,,02-901-5863,서울특별시 강북구청,2025-08-12
04-39-01,1,서울특별시 강북구 삼양로54길 88,,37.62282135,127.0228134,2000,한전주,02-901-5863,서울특별시 강북구청,2025-08-12
04-38-50,1,서울특별시 강북구 삼양로46가길 11,,37.62307756,127.0200233,2000,전용주,02-901-5863,서울특별시 강북구청,2025-08-12
04-38-30,1,서울특별시 강북구 삼양로46길 9,,37.62273595,127.0204023,2000,,02-901-5863,서울특별시 강북구청,2025-08-12
04-38-29,1,서울특별시 강북구 삼양로46가길 33,,37.62396329,127.019264,2000,전용주,02-901-5863,서울특별시 강북구청,2025-08-12
04-38-28,1,서울특별시 강북구 삼양로 230,,37.62390236,127.018810,2000,한전주,02-901-5863,서울특별시 강북구청,2025-08-12
04-38-27,1,서울특별시 강북구 삼양로46가길 24,,37.62365538,127.0198573,2000,,02-901-5863,서울특별시 강북구청,2025-08-12
04-38-26,1,서울특별시 강북구 삼양로46가길 24,,37.62362315,127.0198573,2000,한전주,02-901-5863,서울특별시 강북구청,2025-08-12
04-38-25,1,서울특별시 강북구 삼양로46가길 26,,37.62369724,127.0197773,2000,한전주,02-901-5863,서울특별시 강북구청,2025-08-12
04-38-24,1,서울특별시 강북구 삼양로46가길 18,,37.62341644,127.0200091,2000,한전주,02-901-5863,서울특별시 강북구청,2025-08-12
04-38-23,1,서울특별시 강북구 삼양로46가길 18,,37.62346515,127.0200408,2000,한전주,02-901-5863,서울특별시 강북구청,2025-08-12
04-38-22,1,서울특별시 강북구 삼양로46가길 16,,37.62328506,127.0200545,2000,한전주,02-901-5863,서울특별시 강북구청,2025-08-12
04-38-21,1,서울특별시 강북구 삼양로54길 38,,37.62364722,127.020265,2000,한전주,02-901-5863,서울특별시 강북구청,2025-08-12
04-38-20,1,서울특별시 강북구 삼양로46가길 6,,37.62292994,127.0203148,2000,,02-901-5863,서울특별시 강북구청,2025-08-12
04-38-19,2,서울특별시 강북구 삼양로46가길 6,,37.62292994,127.0203148,2000,한전주,02-901-5863,서울특별시 강북구청,2025-08-12
04-38-18,2,서울특별시 강북구 삼양로46가길 6,,37.62293576,127.0203083,2000,한전주,02-901-5863,서울특별시 강북구청,2025-08-12
04-38-17,1,서울특별시 강북구 삼양로46길 9,,37.62273595,127.0204233,2000,,02-901-5863,서울특별시 강북구청,2025-08-12
04-38-16,1,서울특별시 강북구 삼양로46길 9,,37.62273595,127.0204001,2000,한전주,02-901-5863,서울특별시 강북구청,2025-08-12
04-38-15,1,서울특별시 강북구 삼양로46길 9,,37.62273595,127.0204001,2000,,02-901-5863,서울특별시 강북구청,2025-08-12
04-38-14,1,서울특별시 강북구 삼양로46길 9,,37.62273595,127.0204001,2000,한전주,02-901-5863,서울특별시 강북구청,2025-08-12
04-38-13,1,서울특별시 강북구 삼양로46길 9,,37.62273595,127.0204001,2000,,02-901-5863,서울특별시 강북구청,2025-08-12
04-38-12,1,서울특별시 강북구 삼양로46길 13,,37.6227724,127.0206189,2000,,02-901-5863,서울특별시 강북구청,2025-08-12
04-38-11,1,서울특별시 강북구 삼양로46길 13,,37.6227724,127.0206209,2000,,02-901-5863,서울특별시 강북구청,2025-08-12
04-38-10,1,서울특별시 강북구 삼양로46길 13,,37.6227724,127.0206287,2000,한전주,02-901-5863,서울특별시 강북구청,2025-08-12
04-38-09,1,서울특별시 강북구 삼양로46길 15,,37.62277735,127.0207635,2000,,02-901-5863,서울특별시 강북구청,2025-08-12
04-38-08,1,서울특별시 강북구 삼양로46길 17,,37.62282669,127.0208538,2000,한전주,02-901-5863,서울특별시 강북구청,2025-08-12
04-38-07,1,서울특별시 강북구 삼양로46길 17,,37.62282669,127.0208496,2000,,02-901-5863,서울특별시 강북구청,2025-08-12
04-38-06,1,서울특별시 강북구 삼양로46길 17,,37.62282669,127.0208349,2000,한전주,02-901-5863,서울특별시 강북구청,2025-08-12
04-38-05,1,서울특별시 강북구 삼양로46길 21,,37.62282502,127.0210867,2000,,02-901-5863,서울특별시 강북구청,2025-08-12
04-38-04,1,서울특별시 강북구 삼양로46길 21,,37.62282502,127.021078,2000,한전주,02-901-5863,서울특별시 강북구청,2025-08-12
04-38-03,1,서울특별시 강북구 삼양로54길 60,,37.62325982,127.0213576,2000,,02-901-5863,서울특별시 강북구청,2025-08-12
04-38-02,1,서울특별시 강북구 삼양로46길 27,,37.62295322,127.0213276,2000,전용주,02-901-5863,서울특별시 강북구청,2025-08-12
04-38-01,1,서울특별시 강북구 삼양로54길 68,,37.62308122,127.0215525,2000,,02-901-5863,서울특별시 강북구청,2025-08-12
04-37-23,1,서울특별시 강북구 삼양로46길 1,,37.6226086,127.0199728,2000,,02-901-5863,서울특별시 강북구청,2025-08-12
04-37-22,1,서울특별시 강북구 삼양로44길 7,,37.6224593,127.0204392,2000,,02-901-5863,서울특별시 강북구청,2025-08-12
04-37-21,1,서울특별시 강북구 삼양로44길 3,,37.62243077,127.0202583,2000,,02-901-5863,서울특별시 강북구청,2025-08-12
04-37-20,1,서울특별시 강북구 삼양로42길 9,,37.62227245,127.0207248,2000,,02-901-5863,서울특별시 강북구청,2025-08-12
04-37-19,1,서울특별시 강북구 삼양로42길 3,,37.62223387,127.0204195,2000,한전주,02-901-5863,서울특별시 강북구청,2025-08-12
04-37-18,1,서울특별시 강북구 삼양로42길 8,,37.62202957,127.0207733,2000,전용주,02-901-5863,서울특별시 강북구청,2025-08-12
04-37-17,1,서울특별시 강북구 삼양로38가길 19,,37.62184206,127.0209797,2000,한전주,02-901-5863,서울특별시 강북구청,2025-08-12
04-37-15,1,서울특별시 강북구 삼양로38가길 31,,37.62228221,127.0208153,2000,한전주,02-901-5863,서울특별시 강북구청,2025-08-12
04-37-14,1,서울특별시 강북구 삼양로46길 10,,37.62255821,127.0204152,2000,한전주,02-901-5863,서울특별시 강북구청,2025-08-12
04-37-13,1,서울특별시 강북구 삼양로46길 6,,37.62252987,127.020257,2000,한전주,02-901-5863,서울특별시 강북구청,2025-08-12
04-37-12,1,서울특별시 강북구 삼양로 226,,37.62369943,127.0189685,2000,한전주,02-901-5863,서울특별시 강북구청,2025-08-12
04-37-11,1,서울특별시 강북구 삼양로 212,,37.62268162,127.0198907,2000,,02-901-5863,서울특별시 강북구청,2025-08-12
04-37-10,1,서울특별시 강북구 삼양로 212,,37.62268162,127.0198638,2000,,02-901-5863,서울특별시 강북구청,2025-08-12
04-37-09,1,서울특별시 강북구 삼양로46가길 7,,37.62297476,127.0200879,2000,한전주,02-901-5863,서울특별시 강북구청,2025-08-12
04-37-07,1,서울특별시 강북구 삼양로46가길 13,,37.62310337,127.0199681,2000,,02-901-5863,서울특별시 강북구청,2025-08-12
04-37-05,1,서울특별시 강북구 삼양로 230,,37.62390236,127.018810,2000,한전주,02-901-5863,서울특별시 강북구청,2025-08-12
04-37-04,1,서울특별시 강북구 삼양로 230,,37.62390236,127.018810,2000,한전주,02-901-5863,서울특별시 강북구청,2025-08-12
04-37-03,1,서울특별시 강북구 삼양로 234,,37.62431915,127.0187156,2000,한전주,02-901-5863,서울특별시 강북구청,2025-08-12
04-37-02,1,서울특별시 강북구 삼양로54길 10,,37.62441563,127.0189385,2000,,02-901-5863,서울특별시 강북구청,2025-08-12
04-37-01,1,서울특별시 강북구 삼양로54길 2,,37.6246784,127.0185749,2000,,02-901-5863,서울특별시 강북구청,2025-08-12
04-36-37,1,서울특별시 강북구 삼양로38길 11,,37.62113313,127.0213288,2000,,02-901-5863,서울특별시 강북구청,2025-08-12
04-36-36,1,서울특별시 강북구 삼양로38길 25,,37.62126397,127.0220944,2000,전용주,02-901-5863,서울특별시 강북구청,2025-08-12
04-36-34,2,서울특별시 강북구 삼양로38길 21,,37.62129943,127.0218251,2000,,02-901-5863,서울특별시 강북구청,2025-08-12
04-36-33,1,서울특별시 강북구 삼양로38가길 5,,37.62125129,127.0214519,2000,,02-901-5863,서울특별시 강북구청,2025-08-12
04-36-32,1,서울특별시 강북구 삼양로38가길 8,,37.62141411,127.021529,2000,한전주,02-901-5863,서울특별시 강북구청,2025-08-12
04-36-31,2,서울특별시 강북구 삼양로40길 6,,37.62154616,127.0211535,2000,한전주,02-901-5863,서울특별시 강북구청,2025-08-12
04-36-29,1,서울특별시 강북구 삼양로40길 6,,37.62139215,127.0210536,2000,한전주,02-901-5863,서울특별시 강북구청,2025-08-12
04-36-28,1,서울특별시 강북구 삼양로40길 6,,37.62136334,127.0208387,2000,,02-901-5863,서울특별시 강북구청,2025-08-12
04-36-27,1,서울특별시 강북구 삼양로40길 6,,37.62165953,127.0206989,2000,,02-901-5863,서울특별시 강북구청,2025-08-12
04-36-26,1,서울특별시 강북구 삼양로40길 6,,37.62165953,127.0206989,2000,,02-901-5863,서울특별시 강북구청,2025-08-12
04-36-25,1,서울특별시 강북구 삼양로38길 3,,37.62119878,127.0208748,2000,,02-901-5863,서울특별시 강북구청,2025-08-12
04-36-24,1,서울특별시 강북구 삼양로38길 9,,37.62115755,127.0211756,2000,,02-901-5863,서울특별시 강북구청,2025-08-12
04-36-23,1,서울특별시 강북구 삼양로38길 15,,37.62117114,127.0215662,2000,,02-901-5863,서울특별시 강북구청,2025-08-12
04-36-22,1,서울특별시 강북구 삼양로38가길 2,,37.62152316,127.0216409,2000,전용주,02-901-5863,서울특별시 강북구청,2025-08-12
04-36-21,1,서울특별시 강북구 삼양로38가길 2,,37.62140642,127.0216877,2000,,02-901-5863,서울특별시 강북구청,2025-08-12
04-36-20,1,서울특별시 강북구 삼양로38길 19,,37.62120877,127.0217583,2000,한전주,02-901-5863,서울특별시 강북구청,2025-08-12
04-36-19,1,서울특별시 강북구 삼양로38길 21,,37.62121527,127.0218644,2000,,02-901-5863,서울특별시 강북구청,2025-08-12
04-36-18,1,서울특별시 강북구 삼양로38길 21,,37.62121527,127.0218668,2000,,02-901-5863,서울특별시 강북구청,2025-08-12
04-36-16,1,서울특별시 강북구 삼양로38길 21,,37.62121527,127.0218644,2000,한전주,02-901-5863,서울특별시 강북구청,2025-08-12
04-36-14,1,서울특별시 강북구 삼양로38길 33,,37.62133227,127.022527,2000,한전주,02-901-5863,서울특별시 강북구청,2025-08-12
04-36-13,1,서울특별시 강북구 삼양로38다길 34,,37.62142152,127.0225282,2000,,02-901-5863,서울특별시 강북구청,2025-08-12
04-36-11,1,서울특별시 강북구 삼양로38다길 20,,37.62168082,127.0220791,2000,한전주,02-901-5863,서울특별시 강북구청,2025-08-12
04-36-10,1,서울특별시 강북구 삼양로38다길 17,,37.62194003,127.0219396,2000,한전주,02-901-5863,서울특별시 강북구청,2025-08-12
04-36-09,2,서울특별시 강북구 삼양로38다길 9,,37.62185018,127.0214292,2000,한전주,02-901-5863,서울특별시 강북구청,2025-08-12
04-36-08,1,서울특별시 강북구 삼양로38다길 7,,37.62178247,127.0214048,2000,,02-901-5863,서울특별시 강북구청,2025-08-12
04-36-07,1,서울특별시 강북구 삼양로38다길 7,,37.62178247,127.0214048,2000,,02-901-5863,서울특별시 강북구청,2025-08-12
04-36-06,1,서울특별시 강북구 삼양로38가길 12,,37.62156577,127.0213458,2000,한전주,02-901-5863,서울특별시 강북구청,2025-08-12
04-36-05,1,서울특별시 강북구 도봉로41길 91,,37.62210016,127.0221902,2000,전용주,02-901-5863,서울특별시 강북구청,2025-08-12
04-36-04,1,서울특별시 강북구 도봉로41길 91,,37.62210016,127.0221902,2000,,02-901-5863,서울특별시 강북구청,2025-08-12
04-36-03,2,서울특별시 강북구 도봉로41길 91,,37.62210016,127.0221885,2000,한전주,02-901-5863,서울특별시 강북구청,2025-08-12
04-36-02,2,서울특별시 강북구 도봉로41길 89,,37.62213232,127.0223013,2000,한전주,02-901-5863,서울특별시 강북구청,2025-08-12
04-36-01,1,서울특별시 강북구 도봉로41길 87,,37.622163,127.0224388,2000,,02-901-5863,서울특별시 강북구청,2025-08-12
04-35-34,1,서울특별시 강북구 도봉로41길 85,,37.62218844,127.0225498,2000,,02-901-5863,서울특별시 강북구청,2025-08-12
04-35-33,1,서울특별시 강북구 도봉로37길 64,,37.62172408,127.0240649,2000,전용주,02-901-5863,서울특별시 강북구청,2025-08-12
04-35-31,1,서울특별시 강북구 도봉로39길 51,,37.6219005,127.0236863,2000,,02-901-5863,서울특별시 강북구청,2025-08-12
04-35-30,1,서울특별시 강북구 도봉로39길 49,,37.62203788,127.0239564,2000,한전주,02-901-5863,서울특별시 강북구청,2025-08-12
04-35-29,1,서울특별시 강북구 도봉로39길 47,,37.62200306,127.0241041,2000,,02-901-5863,서울특별시 강북구청,2025-08-12
04-35-28,1,서울특별시 강북구 도봉로37길 56,,37.62184689,127.0244679,2000,한전주,02-901-5863,서울특별시 강북구청,2025-08-12
04-35-27,1,서울특별시 강북구 삼양로54마길 26,,37.62213228,127.0244763,2000,한전주,02-901-5863,서울특별시 강북구청,2025-08-12
04-35-26,1,서울특별시 강북구 도봉로37길 56,,37.62184689,127.0244334,2000,,02-901-5863,서울특별시 강북구청,2025-08-12
04-35-25,1,서울특별시 강북구 도봉로37길 56,,37.62185289,127.0244686,2000,,02-901-5863,서울특별시 강북구청,2025-08-12
04-35-24,1,서울특별시 강북구 도봉로37길 60,,37.62175127,127.0241641,2000,,02-901-5863,서울특별시 강북구청,2025-08-12
04-35-23,1,서울특별시 강북구 도봉로37길 64,,37.6217234,127.0240625,2000,한전주,02-901-5863,서울특별시 강북구청,2025-08-12
04-35-22,1,서울특별시 강북구 도봉로37길 64,,37.6217661,127.0240649,2000,전용주,02-901-5863,서울특별시 강북구청,2025-08-12
04-35-21,1,서울특별시 강북구 도봉로37길 64,,37.62172408,127.0240157,2000,,02-901-5863,서울특별시 강북구청,2025-08-12
04-35-20,1,서울특별시 강북구 도봉로37길 68,,37.62168418,127.0238244,2000,전용주,02-901-5863,서울특별시 강북구청,2025-08-12
04-35-19,1,서울특별시 강북구 삼양로54다길 39,,37.62147153,127.0230236,2000,한전주,02-901-5863,서울특별시 강북구청,2025-08-12
04-35-18,2,서울특별시 강북구 삼양로38길 37,,37.62142433,127.0227637,2000,한전주,02-901-5863,서울특별시 강북구청,2025-08-12
04-35-17,1,서울특별시 강북구 삼양로54다길 30,,37.62176603,127.0226799,2000,한전주,02-901-5863,서울특별시 강북구청,2025-08-12
04-35-16,1,서울특별시 강북구 삼양로54다길 34,,37.62165811,127.0226994,2000,한전주,02-901-5863,서울특별시 강북구청,2025-08-12
04-35-15,1,서울특별시 강북구 삼양로54다길 24,,37.62209854,127.0225736,2000,한전주,02-901-5863,서울특별시 강북구청,2025-08-12
04-35-14,1,서울특별시 강북구 도봉로41길 81,,37.62168804,127.0230547,2000,,02-901-5863,서울특별시 강북구청,2025-08-12
04-35-13,1,서울특별시 강북구 도봉로41길 81,,37.62175092,127.0230313,2000,,02-901-5863,서울특별시 강북구청,2025-08-12
04-35-12,1,서울특별시 강북구 도봉로41길 81,,37.62190351,127.0229613,2000,,02-901-5863,서울특별시 강북구청,2025-08-12
04-35-11,2,서울특별시 강북구 도봉로41길 83,,37.62222579,127.0227079,2000,한전주,02-901-5863,서울특별시 강북구청,2025-08-12
04-35-10,1,서울특별시 강북구 도봉로41길 77,,37.62220974,127.022946,2000,,02-901-5863,서울특별시 강북구청,2025-08-12
04-35-08,1,서울특별시 강북구 도봉로41길 77,,37.62179634,127.023076,2000,,02-901-5863,서울특별시 강북구청,2025-08-12
04-35-07,1,서울특별시 강북구 삼양로54라길 25,,37.62180825,127.023427,2000,,02-901-5863,서울특별시 강북구청,2025-08-12
04-35-06,1,서울특별시 강북구 삼양로54라길 19,,37.62207778,127.0233328,2000,한전주,02-901-5863,서울특별시 강북구청,2025-08-12
04-35-04,1,서울특별시 강북구 삼양로54라길 15,,37.6222484,127.0232626,2000,한전주,02-901-5863,서울특별시 강북구청,2025-08-12
04-35-03,1,서울특별시 강북구 삼양로54라길 14,,37.62227365,127.0230471,2000,한전주,02-901-5863,서울특별시 강북구청,2025-08-12
04-35-02,1,서울특별시 강북구 도봉로41길 71,,37.62238699,127.0233868,2000,,02-901-5863,서울특별시 강북구청,2025-08-12
04-35-01,1,서울특별시 강북구 도봉로41길 73,,37.62235604,127.0232046,2000,한전주,02-901-5863,서울특별시 강북구청,2025-08-12
04-34-42,1,서울특별시 강북구 삼양로54길 116,,37.62319532,127.0243776,2000,,02-901-5863,서울특별시 강북구청,2025-08-12
04-34-41,1,서울특별시 강북구 도봉로41길 36,,37.62300316,127.0251447,2000,,02-901-5863,서울특별시 강북구청,2025-08-12
04-34-40,1,서울특별시 강북구 도봉로41길 70,,37.62259207,127.0234167,2000,,02-901-5863,서울특별시 강북구청,2025-08-12
04-34-39,1,서울특별시 강북구 도봉로41길 65,,37.62245649,127.0236218,2000,,02-901-5863,서울특별시 강북구청,2025-08-12
04-34-38,1,서울특별시 강북구 도봉로41길 69,,37.62241216,127.0234531,2000,한전주,02-901-5863,서울특별시 강북구청,2025-08-12
04-34-36,1,서울특별시 강북구 도봉로41길 63,,37.62248676,127.023758,2000,,02-901-5863,서울특별시 강북구청,2025-08-12
04-34-35,1,서울특별시 강북구 도봉로41길 56,,37.62273254,127.0242101,2000,한전주,02-901-5863,서울특별시 강북구청,2025-08-12
04-34-34,1,서울특별시 강북구 도봉로41길 57,,37.62250862,127.0240696,2000,,02-901-5863,서울특별시 강북구청,2025-08-12
04-34-33,1,서울특별시 강북구 도봉로41길 50,,37.62287086,127.024444,2000,한전주,02-901-5863,서울특별시 강북구청,2025-08-12
04-34-31,1,서울특별시 강북구 도봉로41길 45,,37.62275206,127.0247183,2000,한전주,02-901-5863,서울특별시 강북구청,2025-08-12
04-34-29,1,서울특별시 강북구 도봉로41길 43,,37.62280299,127.0249546,2000,,02-901-5863,서울특별시 강북구청,2025-08-12
04-34-28,1,서울특별시 강북구 도봉로41길 43,,37.62267705,127.0249789,2000,,02-901-5863,서울특별시 강북구청,2025-08-12
04-34-26,1,서울특별시 강북구 삼양로54마길 15,,37.6225652,127.0245273,2000,,02-901-5863,서울특별시 강북구청,2025-08-12
04-34-25,1,서울특별시 강북구 도봉로39길 54,,37.62207965,127.0235594,2000,,02-901-5863,서울특별시 강북구청,2025-08-12
04-34-24,1,서울특별시 강북구 도봉로39길 52,,37.62215145,127.0237133,2000,,02-901-5863,서울특별시 강북구청,2025-08-12
04-34-23,1,서울특별시 강북구 도봉로39길 48,,37.62227091,127.0239664,2000,전용주,02-901-5863,서울특별시 강북구청,2025-08-12
04-34-22,1,서울특별시 강북구 도봉로39길 46,,37.62222944,127.0240546,2000,전용주,02-901-5863,서울특별시 강북구청,2025-08-12
04-34-21,1,서울특별시 강북구 삼양로54마길 17,,37.62248116,127.0245705,2000,,02-901-5863,서울특별시 강북구청,2025-08-12
04-34-20,1,서울특별시 강북구 삼양로54마길 17,,37.62248116,127.0245705,2000,,02-901-5863,서울특별시 강북구청,2025-08-12
04-34-19,1,서울특별시 강북구 솔샘로65길 121,,37.62256415,127.0253937,2000,,02-901-5863,서울특별시 강북구청,2025-08-12
04-34-18,1,서울특별시 강북구 솔샘로65길 127,,37.6227987,127.0252944,2000,한전주,02-901-5863,서울특별시 강북구청,2025-08-12
04-34-16,1,서울특별시 강북구 솔샘로65길 139,,37.6232909,127.0251182,2000,,02-901-5863,서울특별시 강북구청,2025-08-12
04-34-15,1,서울특별시 강북구 삼양로54길 130,,37.62338072,127.025083,2000,,02-901-5863,서울특별시 강북구청,2025-08-12
04-34-14,1,서울특별시 강북구 삼양로54길 126,,37.623253,127.0248921,2000,,02-901-5863,서울특별시 강북구청,2025-08-12
04-34-13,1,서울특별시 강북구 삼양로54길 126,,37.623253,127.0248921,2000,,02-901-5863,서울특별시 강북구청,2025-08-12
04-34-12,1,서울특별시 강북구 삼양로54길 120,,37.6232715,127.024612,2000,,02-901-5863,서울특별시 강북구청,2025-08-12
04-34-11,1,서울특별시 강북구 삼양로54길 120,,37.62326868,127.0246087,2000,전용주,02-901-5863,서울특별시 강북구청,2025-08-12
04-34-10,1,서울특별시 강북구 삼양로54길 116,,37.62311505,127.0243776,2000,,02-901-5863,서울특별시 강북구청,2025-08-12
04-34-09,1,서울특별시 강북구 도봉로41길 46,,37.62287866,127.0246328,2000,,02-901-5863,서울특별시 강북구청,2025-08-12
04-34-08,1,서울특별시 강북구 삼양로54마길 8,,37.62289598,127.0241376,2000,한전주,02-901-5863,서울특별시 강북구청,2025-08-12
04-34-07,1,서울특별시 강북구 삼양로54마길 3,,37.62305903,127.0243169,2000,,02-901-5863,서울특별시 강북구청,2025-08-12
04-34-06,1,서울특별시 강북구 도봉로41길 56,,37.62277523,127.0242101,2000,전용주,02-901-5863,서울특별시 강북구청,2025-08-12
04-34-05,1,서울특별시 강북구 삼양로54길 108,,37.62309179,127.0239163,2000,,02-901-5863,서울특별시 강북구청,2025-08-12
04-34-04,1,서울특별시 강북구 도봉로41길 62,,37.62281861,127.0235724,2000,,02-901-5863,서울특별시 강북구청,2025-08-12
04-34-03,1,서울특별시 강북구 도봉로41길 70,,37.62258807,127.0234116,2000,,02-901-5863,서울특별시 강북구청,2025-08-12
04-34-02,1,서울특별시 강북구 도봉로41길 70,,37.62258807,127.0234116,2000,,02-901-5863,서울특별시 강북구청,2025-08-12
04-34-01,1,서울특별시 강북구 삼양로54길 90,,37.62284997,127.0230056,2000,,02-901-5863,서울특별시 강북구청,2025-08-12
04-33-29,1,서울특별시 강북구 솔매로46길 47,,37.62400372,127.0263323,2000,,02-901-5863,서울특별시 강북구청,2025-08-12
04-33-28,1,서울특별시 강북구 도봉로41길 29,,37.62294309,127.0255532,2000,,02-901-5863,서울특별시 강북구청,2025-08-12
04-33-27,1,서울특별시 강북구 도봉로41길 25,,37.62301528,127.025737,2000,,02-901-5863,서울특별시 강북구청,2025-08-12
04-33-26,1,서울특별시 강북구 도봉로41길 25,,37.62301528,127.0257731,2000,,02-901-5863,서울특별시 강북구청,2025-08-12
04-33-25,1,서울특별시 강북구 도봉로41길 23,,37.62296839,127.0259592,2000,,02-901-5863,서울특별시 강북구청,2025-08-12
04-33-24,1,서울특별시 강북구 도봉로41길 23,,37.62295406,127.0259592,2000,,02-901-5863,서울특별시 강북구청,2025-08-12
04-33-23,1,서울특별시 강북구 도봉로41길 23,,37.62296447,127.0259607,2000,한전주,02-901-5863,서울특별시 강북구청,2025-08-12
04-33-22,1,서울특별시 강북구 도봉로41길 21,,37.6230062,127.0261996,2000,,02-901-5863,서울특별시 강북구청,2025-08-12
04-33-19,1,서울특별시 강북구 도봉로41길 18,,37.62323596,127.0261045,2000,한전주,02-901-5863,서울특별시 강북구청,2025-08-12
04-33-18,1,서울특별시 강북구 도봉로39길 14,,37.62266557,127.025772,2000,,02-901-5863,서울특별시 강북구청,2025-08-12
04-33-17,1,서울특별시 강북구 솔샘로65길 130,,37.62291531,127.0254629,2000,,02-901-5863,서울특별시 강북구청,2025-08-12
04-33-16,1,서울특별시 강북구 솔샘로65길 134,,37.62307978,127.0254011,2000,,02-901-5863,서울특별시 강북구청,2025-08-12
04-33-15,1,서울특별시 강북구 삼양로54길 134,,37.62339234,127.0253931,2000,,02-901-5863,서울특별시 강북구청,2025-08-12
04-33-14,1,서울특별시 강북구 도봉로41길 26,,37.62314298,127.0257545,2000,,02-901-5863,서울특별시 강북구청,2025-08-12
04-33-13,1,서울특별시 강북구 삼양로54길 138,,37.62350906,127.0256378,2000,,02-901-5863,서울특별시 강북구청,2025-08-12
04-33-12,1,서울특별시 강북구 삼양로54길 138,,37.62351115,127.0256024,2000,한전주,02-901-5863,서울특별시 강북구청,2025-08-12
04-33-11,1,서울특별시 강북구 솔샘로67길 141,,37.62337881,127.0262206,2000,,02-901-5863,서울특별시 강북구청,2025-08-12
04-33-10,1,서울특별시 강북구 도봉로 173,,37.62416869,127.0266656,2000,한전주,02-901-5863,서울특별시 강북구청,2025-08-12
04-33-09,1,서울특별시 강북구 도봉로41길 10,,37.6237446,127.0265963,2000,,02-901-5863,서울특별시 강북구청,2025-08-12
04-33-08,1,서울특별시 강북구 도봉로41길 10,,37.6237446,127.0265963,2000,,02-901-5863,서울특별시 강북구청,2025-08-12
04-33-07,1,서울특별시 강북구 도봉로41길 10,,37.62355596,127.0266667,2000,,02-901-5863,서울특별시 강북구청,2025-08-12
04-33-06,2,서울특별시 강북구 솔샘로67길 142,,37.62339276,127.0265442,2000,한전주,02-901-5863,서울특별시 강북구청,2025-08-12
04-33-05,1,서울특별시 강북구 솔샘로67길 138,,37.62321323,127.0266258,2000,,02-901-5863,서울특별시 강북구청,2025-08-12
04-33-04,1,서울특별시 강북구 솔샘로67길 118,,37.62231499,127.0269661,2000,한전주,02-901-5863,서울특별시 강북구청,2025-08-12
04-33-03,1,서울특별시 강북구 도봉로37길 7,,37.62230509,127.027148,2000,한전주,02-901-5863,서울특별시 강북구청,2025-08-12
04-33-02,1,서울특별시 강북구 솔샘로67길 112,,37.62222667,127.0271824,2000,,02-901-5863,서울특별시 강북구청,2025-08-12
04-33-01,1,서울특별시 강북구 도봉로33길 10,,37.62166902,127.027303,2000,전용주,02-901-5863,서울특별시 강북구청,2025-08-12
04-32-44,1,서울특별시 강북구 도봉로39길 23,,37.62237325,127.0252887,2000,,02-901-5863,서울특별시 강북구청,2025-08-12
04-32-43,1,서울특별시 강북구 도봉로37길 35,,37.62195271,127.0256454,2000,전용주,02-901-5863,서울특별시 강북구청,2025-08-12
04-32-42,1,서울특별시 강북구 도봉로37길 49,,37.62175688,127.0248437,2000,전용주,02-901-5863,서울특별시 강북구청,2025-08-12
04-32-41,1,서울특별시 강북구 솔샘로65길 93,,37.62131519,127.0259142,2000,한전주,02-901-5863,서울특별시 강북구청,2025-08-12
04-32-39,1,서울특별시 강북구 도봉로33길 44,,37.62121207,127.0254285,2000,,02-901-5863,서울특별시 강북구청,2025-08-12
04-32-38,1,서울특별시 강북구 도봉로35길 22,,37.62171921,127.0257391,2000,전용주,02-901-5863,서울특별시 강북구청,2025-08-12
04-32-37,1,서울특별시 강북구 도봉로35길 31,,37.62138992,127.025143,2000,전용주,02-901-5863,서울특별시 강북구청,2025-08-12
04-32-36,1,서울특별시 강북구 솔샘로65길 116,,37.62235916,127.0257647,2000,,02-901-5863,서울특별시 강북구청,2025-08-12
04-32-35,1,서울특별시 강북구 도봉로33길 18,,37.62156292,127.0265024,2000,한전주,02-901-5863,서울특별시 강북구청,2025-08-12
04-32-34,2,서울특별시 강북구 솔샘로65길 93,,37.62131519,127.0259142,2000,한전주,02-901-5863,서울특별시 강북구청,2025-08-12
04-32-33,1,서울특별시 강북구 도봉로35길 4,,37.62192489,127.0266426,2000,,02-901-5863,서울특별시 강북구청,2025-08-12
04-32-32,1,서울특별시 강북구 도봉로37길 17,,37.62219431,127.0265433,2000,,02-901-5863,서울특별시 강북구청,2025-08-12
04-32-31,1,서울특별시 강북구 도봉로33길 9,,37.62145892,127.027364,2000,한전주,02-901-5863,서울특별시 강북구청,2025-08-12
04-32-30,1,서울특별시 강북구 도봉로33길 10,,37.62166902,127.027303,2000,한전주,02-901-5863,서울특별시 강북구청,2025-08-12
04-32-29,2,서울특별시 강북구 도봉로33길 18,,37.62156292,127.0265024,2000,한전주,02-901-5863,서울특별시 강북구청,2025-08-12
04-32-28,1,서울특별시 강북구 도봉로35길 24,,37.62171828,127.0256258,2000,전용주,02-901-5863,서울특별시 강북구청,2025-08-12
04-32-27,1,서울특별시 강북구 솔샘로67길 63,,37.61995009,127.0275519,2000,한전주,02-901-5863,서울특별시 강북구청,2025-08-12
04-32-26,1,서울특별시 강북구 도봉로35길 28,,37.62164396,127.0253549,2000,전용주,02-901-5863,서울특별시 강북구청,2025-08-12
04-32-25,1,서울특별시 강북구 도봉로35길 27,,37.62144197,127.0253137,2000,,02-901-5863,서울특별시 강북구청,2025-08-12
04-32-24,1,서울특별시 강북구 도봉로35길 29,,37.62141091,127.0252008,2000,,02-901-5863,서울특별시 강북구청,2025-08-12
04-32-23,1,서울특별시 강북구 도봉로37길 43,,37.6217319,127.0250932,2000,전용주,02-901-5863,서울특별시 강북구청,2025-08-12
04-32-22,1,서울특별시 강북구 도봉로37길 41,,37.62183278,127.0253071,2000,전용주,02-901-5863,서울특별시 강북구청,2025-08-12
04-32-21,1,서울특별시 강북구 도봉로37길 42,,37.62204901,127.0253043,2000,한전주,02-901-5863,서울특별시 강북구청,2025-08-12
04-32-20,1,서울특별시 강북구 도봉로37길 32,,37.62226062,127.025834,2000,한전주,02-901-5863,서울특별시 강북구청,2025-08-12
04-32-19,1,서울특별시 강북구 도봉로37길 25,,37.62209975,127.026136,2000,한전주,02-901-5863,서울특별시 강북구청,2025-08-12
04-32-18,1,서울특별시 강북구 도봉로37길 24,,37.62226764,127.0261865,2000,,02-901-5863,서울특별시 강북구청,2025-08-12
04-32-17,1,서울특별시 강북구 도봉로37길 24,,37.62229768,127.0261865,2000,,02-901-5863,서울특별시 강북구청,2025-08-12
04-32-16,1,서울특별시 강북구 도봉로37길 24,,37.62227168,127.0261865,2000,,02-901-5863,서울특별시 강북구청,2025-08-12
04-32-15,1,서울특별시 강북구 도봉로37길 24,,37.62226351,127.0261851,2000,,02-901-5863,서울특별시 강북구청,2025-08-12
04-32-14,1,서울특별시 강북구 도봉로37길 22,,37.62238035,127.0263146,2000,,02-901-5863,서울특별시 강북구청,2025-08-12
04-32-13,1,서울특별시 강북구 도봉로37길 24,,37.62226351,127.0261851,2000,,02-901-5863,서울특별시 강북구청,2025-08-12
04-32-12,1,서울특별시 강북구 도봉로37길 18,,37.62243637,127.0263867,2000,,02-901-5863,서울특별시 강북구청,2025-08-12
04-32-11,1,서울특별시 강북구 도봉로37길 20,,37.62231962,127.0264336,2000,,02-901-5863,서울특별시 강북구청,2025-08-12
04-32-10,1,서울특별시 강북구 솔샘로67길 121,,37.62235696,127.0265917,2000,한전주,02-901-5863,서울특별시 강북구청,2025-08-12
04-32-09,1,서울특별시 강북구 도봉로37길 18,,37.62262501,127.0263163,2000,한전주,02-901-5863,서울특별시 강북구청,2025-08-12
04-32-08,1,서울특별시 강북구 도봉로39길 9,,37.62254121,127.0259889,2000,한전주,02-901-5863,서울특별시 강북구청,2025-08-12
04-32-07,2,서울특별시 강북구 도봉로39길 21,,37.62238357,127.0254472,2000,한전주,02-901-5863,서울특별시 강북구청,2025-08-12
04-32-06,1,서울특별시 강북구 도봉로39길 23,,37.6223701,127.0252867,2000,,02-901-5863,서울특별시 강북구청,2025-08-12
04-32-05,1,서울특별시 강북구 도봉로39길 23,,37.6223701,127.0252867,2000,,02-901-5863,서울특별시 강북구청,2025-08-12
04-32-04,1,서울특별시 강북구 도봉로39길 29,,37.62227097,127.0249049,2000,한전주,02-901-5863,서울특별시 강북구청,2025-08-12
04-32-03,1,서울특별시 강북구 도봉로39길 29,,37.62227008,127.0249628,2000,,02-901-5863,서울특별시 강북구청,2025-08-12
04-32-02,1,서울특별시 강북구 삼양로54마길 25,,37.62210712,127.0247032,2000,,02-901-5863,서울특별시 강북구청,2025-08-12
04-32-01,1,서울특별시 강북구 도봉로33길 40,,37.62123611,127.0257163,2000,,02-901-5863,서울특별시 강북구청,2025-08-12
04-31-56,1,서울특별시 강북구 도봉로29길 59,,37.61993525,127.0249033,2000,,02-901-5863,서울특별시 강북구청,2025-08-12
04-31-55,1,서울특별시 강북구 도봉로29길 63,,37.61995438,127.0248133,2000,한전주,02-901-5863,서울특별시 강북구청,2025-08-12
04-31-54,1,서울특별시 강북구 도봉로29길 52,,37.62041353,127.0239002,2000,한전주,02-901-5863,서울특별시 강북구청,2025-08-12
04-31-53,1,서울특별시 강북구 도봉로29길 52,,37.62041353,127.0239002,2000,한전주,02-901-5863,서울특별시 강북구청,2025-08-12
04-31-52,1,서울특별시 강북구 도봉로29길 52,,37.62041353,127.0239002,2000,한전주,02-901-5863,서울특별시 강북구청,2025-08-12
04-31-51,1,서울특별시 강북구 도봉로29길 52,,37.62041353,127.0239002,2000,한전주,02-901-5863,서울특별시 강북구청,2025-08-12
04-31-50,1,서울특별시 강북구 도봉로29길 52,,37.62041353,127.0239002,2000,한전주,02-901-5863,서울특별시 강북구청,2025-08-12
04-31-49,1,서울특별시 강북구 도봉로29길 52,,37.62041353,127.0239002,2000,전용주,02-901-5863,서울특별시 강북구청,2025-08-12
04-31-48,1,서울특별시 강북구 도봉로29길 52,,37.62041353,127.0239002,2000,한전주,02-901-5863,서울특별시 강북구청,2025-08-12
04-31-47,1,서울특별시 강북구 도봉로29길 52,,37.62041353,127.0239002,2000,한전주,02-901-5863,서울특별시 강북구청,2025-08-12
04-31-46,1,서울특별시 강북구 도봉로29길 52,,37.62041353,127.0239002,2000,한전주,02-901-5863,서울특별시 강북구청,2025-08-12
04-31-45,1,서울특별시 강북구 도봉로29길 52,,37.62041353,127.0239002,2000,한전주,02-901-5863,서울특별시 강북구청,2025-08-12
04-31-44,1,서울특별시 강북구 도봉로29길 52,,37.62041353,127.0239002,2000,전용주,02-901-5863,서울특별시 강북구청,2025-08-12
04-31-43,1,서울특별시 강북구 도봉로29길 52,,37.62041353,127.0239002,2000,한전주,02-901-5863,서울특별시 강북구청,2025-08-12
04-31-42,1,서울특별시 강북구 도봉로29길 52,,37.62041353,127.0239002,2000,전용주,02-901-5863,서울특별시 강북구청,2025-08-12
04-31-41,1,서울특별시 강북구 도봉로29길 49,,37.62002358,127.0255346,2000,한전주,02-901-5863,서울특별시 강북구청,2025-08-12
04-31-40,1,서울특별시 강북구 도봉로23나길 31,,37.6198861,127.0252532,2000,한전주,02-901-5863,서울특별시 강북구청,2025-08-12
04-31-39,1,서울특별시 강북구 도봉로29길 55,,37.61981309,127.0251409,2000,,02-901-5863,서울특별시 강북구청,2025-08-12
04-31-38,1,서울특별시 강북구 도봉로29길 59,,37.61993773,127.024958,2000,,02-901-5863,서울특별시 강북구청,2025-08-12
04-31-37,1,서울특별시 강북구 도봉로29길 63,,37.61995453,127.0248105,2000,,02-901-5863,서울특별시 강북구청,2025-08-12
04-31-36,1,서울특별시 강북구 도봉로29길 52,,37.62041353,127.0239002,2000,한전주,02-901-5863,서울특별시 강북구청,2025-08-12
04-31-35,1,서울특별시 강북구 도봉로29길 69,,37.61991559,127.0244599,2000,한전주,02-901-5863,서울특별시 강북구청,2025-08-12
04-31-34,1,서울특별시 강북구 도봉로29길 52,,37.62041353,127.0239002,2000,한전주,02-901-5863,서울특별시 강북구청,2025-08-12
04-31-33,1,서울특별시 강북구 도봉로29길 52,,37.62041353,127.0239002,2000,한전주,02-901-5863,서울특별시 강북구청,2025-08-12
04-31-32,1,서울특별시 강북구 도봉로29길 52,,37.62041353,127.0239002,2000,한전주,02-901-5863,서울특별시 강북구청,2025-08-12
04-31-31,1,서울특별시 강북구 도봉로29길 52,,37.62041353,127.0239002,2000,한전주,02-901-5863,서울특별시 강북구청,2025-08-12
04-31-30,1,서울특별시 강북구 도봉로29길 49,,37.62002358,127.0255346,2000,,02-901-5863,서울특별시 강북구청,2025-08-12
04-31-29,1,서울특별시 강북구 도봉로29길 43,,37.62007997,127.0258171,2000,,02-901-5863,서울특별시 강북구청,2025-08-12
04-31-28,1,서울특별시 강북구 도봉로29길 41,,37.62011703,127.0259412,2000,한전주,02-901-5863,서울특별시 강북구청,2025-08-12
04-31-27,1,서울특별시 강북구 도봉로29길 39,,37.62017114,127.0261911,2000,,02-901-5863,서울특별시 강북구청,2025-08-12
04-31-26,1,서울특별시 강북구 도봉로29길 39,,37.62017277,127.0261444,2000,한전주,02-901-5863,서울특별시 강북구청,2025-08-12
04-31-25,1,서울특별시 강북구 삼양로54마길 69,,37.62046606,127.0256534,2000,,02-901-5863,서울특별시 강북구청,2025-08-12
04-31-24,1,서울특별시 강북구 도봉로29길 42,,37.62041014,127.025961,2000,,02-901-5863,서울특별시 강북구청,2025-08-12
04-31-20,1,서울특별시 강북구 도봉로31길 27,,37.62053945,127.0258111,2000,한전주,02-901-5863,서울특별시 강북구청,2025-08-12
04-31-19,1,서울특별시 강북구 도봉로31길 26,,37.62077172,127.0258429,2000,,02-901-5863,서울특별시 강북구청,2025-08-12
04-31-18,1,서울특별시 강북구 도봉로33길 39,,37.62101932,127.0257903,2000,,02-901-5863,서울특별시 강북구청,2025-08-12
04-31-17,1,서울특별시 강북구 도봉로33길 41,,37.6210604,127.0256117,2000,한전주,02-901-5863,서울특별시 강북구청,2025-08-12
04-31-16,1,서울특별시 강북구 솔샘로65길 83,,37.62092881,127.0260439,2000,한전주,02-901-5863,서울특별시 강북구청,2025-08-12
04-31-15,1,서울특별시 강북구 솔샘로65길 73,,37.62047955,127.026197,2000,,02-901-5863,서울특별시 강북구청,2025-08-12
04-31-14,1,서울특별시 강북구 솔샘로65길 71,,37.62035389,127.0262553,2000,한전주,02-901-5863,서울특별시 강북구청,2025-08-12
04-31-12,1,서울특별시 강북구 도봉로29길 39,,37.62017114,127.026145,2000,전용주,02-901-5863,서울특별시 강북구청,2025-08-12
04-31-11,1,서울특별시 강북구 도봉로27길 42,,37.61974877,127.0260819,2000,,02-901-5863,서울특별시 강북구청,2025-08-12
04-31-10,1,서울특별시 강북구 도봉로29길 43,,37.62008093,127.0258211,2000,,02-901-5863,서울특별시 강북구청,2025-08-12
04-31-09,1,서울특별시 강북구 도봉로29길 43,,37.62008093,127.0258211,2000,,02-901-5863,서울특별시 강북구청,2025-08-12
04-31-08,1,서울특별시 강북구 도봉로29길 47,,37.62004898,127.0256053,2000,,02-901-5863,서울특별시 강북구청,2025-08-12
04-31-07,1,서울특별시 강북구 도봉로23나길 27,,37.61975114,127.0252776,2000,한전주,02-901-5863,서울특별시 강북구청,2025-08-12
04-31-06,1,서울특별시 강북구 도봉로27길 58,,37.61955173,127.0252267,2000,한전주,02-901-5863,서울특별시 강북구청,2025-08-12
04-31-05,1,서울특별시 강북구 도봉로27길 58,,37.61955173,127.0252267,2000,한전주,02-901-5863,서울특별시 강북구청,2025-08-12
04-31-04,1,서울특별시 강북구 도봉로27길 64,,37.61948042,127.0250163,2000,한전주,02-901-5863,서울특별시 강북구청,2025-08-12
04-31-03,1,서울특별시 강북구 도봉로27길 64,,37.61948042,127.0250163,2000,,02-901-5863,서울특별시 강북구청,2025-08-12
04-31-02,1,서울특별시 강북구 도봉로27길 70,,37.61944698,127.0246621,2000,,02-901-5863,서울특별시 강북구청,2025-08-12
04-31-01,1,서울특별시 강북구 도봉로27길 74,,37.61937863,127.0244988,2000,,02-901-5863,서울특별시 강북구청,2025-08-12
04-30-28,1,서울특별시 강북구 삼양로38라길 10,,37.62111464,127.0223599,2000,전용주,02-901-5863,서울특별시 강북구청,2025-08-12
04-30-27,1,서울특별시 강북구 삼양로38라길 5,,37.62100304,127.0227747,2000,,02-901-5863,서울특별시 강북구청,2025-08-12
04-30-26,1,서울특별시 강북구 삼양로38라길 10,,37.62111464,127.0223599,2000,한전주,02-901-5863,서울특별시 강북구청,2025-08-12
04-30-25,1,서울특별시 강북구 삼양로38라길 11,,37.62083984,127.0229072,2000,한전주,02-901-5863,서울특별시 강북구청,2025-08-12
04-30-24,1,서울특별시 강북구 삼양로38라길 11,,37.62082323,127.0229201,2000,전용주,02-901-5863,서울특별시 강북구청,2025-08-12
04-30-23,1,서울특별시 강북구 삼양로38라길 16,,37.62064014,127.0227286,2000,,02-901-5863,서울특별시 강북구청,2025-08-12
04-30-22,1,서울특별시 강북구 도봉로29길 90,,37.62038733,127.0233972,2000,,02-901-5863,서울특별시 강북구청,2025-08-12
04-30-21,1,서울특별시 강북구 도봉로29길 90,,37.62038733,127.0233972,2000,전용주,02-901-5863,서울특별시 강북구청,2025-08-12
04-30-20,1,서울특별시 강북구 삼양로38라길 26,,37.62034261,127.0225264,2000,,02-901-5863,서울특별시 강북구청,2025-08-12
04-30-19,1,서울특별시 강북구 삼양로38라길 26,,37.62034261,127.0225937,2000,전용주,02-901-5863,서울특별시 강북구청,2025-08-12
04-30-17,1,서울특별시 강북구 삼양로38나길 21,,37.620357,127.0222679,2000,,02-901-5863,서울특별시 강북구청,2025-08-12
04-30-15,1,서울특별시 강북구 삼양로38나길 21,,37.620357,127.0222679,2000,한전주,02-901-5863,서울특별시 강북구청,2025-08-12
04-30-14,1,서울특별시 강북구 삼양로38다길 6,,37.62166506,127.0213672,2000,한전주,02-901-5863,서울특별시 강북구청,2025-08-12
04-30-13,1,서울특별시 강북구 삼양로38나길 11,,37.6206347,127.0220716,2000,한전주,02-901-5863,서울특별시 강북구청,2025-08-12
04-30-12,1,서울특별시 강북구 삼양로38나길 8,,37.62076741,127.0217754,2000,한전주,02-901-5863,서울특별시 강북구청,2025-08-12
04-30-10,1,서울특별시 강북구 삼양로38나길 6,,37.62087533,127.0217513,2000,한전주,02-901-5863,서울특별시 강북구청,2025-08-12
04-30-09,1,서울특별시 강북구 삼양로 192,,37.62095792,127.020844,2000,,02-901-5863,서울특별시 강북구청,2025-08-12
04-30-08,1,서울특별시 강북구 삼양로38길 8,,37.62095267,127.0211443,2000,,02-901-5863,서울특별시 강북구청,2025-08-12
04-30-07,1,서울특별시 강북구 삼양로 190,,37.62083226,127.0210606,2000,한전주,02-901-5863,서울특별시 강북구청,2025-08-12
04-30-06,1,서울특별시 강북구 삼양로38길 12,,37.62101582,127.0213077,2000,한전주,02-901-5863,서울특별시 강북구청,2025-08-12
04-30-05,1,서울특별시 강북구 삼양로38길 14,,37.62055034,127.0216763,2000,한전주,02-901-5863,서울특별시 강북구청,2025-08-12
04-30-04,1,서울특별시 강북구 삼양로38길 14,,37.62062082,127.0214828,2000,,02-901-5863,서울특별시 강북구청,2025-08-12
04-30-03,1,서울특별시 강북구 삼양로38길 14,,37.62091024,127.0216149,2000,한전주,02-901-5863,서울특별시 강북구청,2025-08-12
04-30-02,1,서울특별시 강북구 삼양로38길 14,,37.62099884,127.0214325,2000,한전주,02-901-5863,서울특별시 강북구청,2025-08-12
04-30-01,1,서울특별시 강북구 삼양로38길 27,,37.62129398,127.0222556,2000,한전주,02-901-5863,서울특별시 강북구청,2025-08-12
04-29-28,1,서울특별시 강북구 도봉로29길 90,,37.62037529,127.0233891,2000,,02-901-5863,서울특별시 강북구청,2025-08-12
04-29-17,1,서울특별시 강북구 솔샘로 265,,37.61931501,127.0226553,2000,한전주,02-901-5863,서울특별시 강북구청,2025-08-12
04-29-15,1,서울특별시 강북구 솔샘로53길 18,,37.61959683,127.0229575,2000,,02-901-5863,서울특별시 강북구청,2025-08-12
04-29-14,1,서울특별시 강북구 솔샘로53길 20,,37.61969593,127.0227454,2000,한전주,02-901-5863,서울특별시 강북구청,2025-08-12
04-29-13,1,서울특별시 강북구 솔샘로53길 26,,37.61999202,127.022805,2000,한전주,02-901-5863,서울특별시 강북구청,2025-08-12
04-29-11,1,서울특별시 강북구 삼양로38라길 21,,37.62021735,127.0228134,2000,한전주,02-901-5863,서울특별시 강북구청,2025-08-12
04-29-05,1,서울특별시 강북구 삼양로38길 14,,37.6203694,127.021588,2000,,02-901-5863,서울특별시 강북구청,2025-08-12
04-29-04,1,서울특별시 강북구 삼양로32나길 9,,37.62022553,127.0216239,2000,,02-901-5863,서울특별시 강북구청,2025-08-12
04-29-01,1,서울특별시 강북구 삼양로38길 14,,37.62028193,127.0219063,2000,,02-901-5863,서울특별시 강북구청,2025-08-12
04-28-42,1,서울특별시 강북구 솔샘로59가길 17,,37.61890727,127.0243259,2000,,02-901-5863,서울특별시 강북구청,2025-08-12
04-28-41,1,서울특별시 강북구 도봉로27길 98,,37.61923748,127.0230868,2000,,02-901-5863,서울특별시 강북구청,2025-08-12
04-28-40,1,서울특별시 강북구 솔샘로59가길 13,,37.61877093,127.0243791,2000,,02-901-5863,서울특별시 강북구청,2025-08-12
04-28-39,1,서울특별시 강북구 도봉로29길 79,,37.62012639,127.0237998,2000,,02-901-5863,서울특별시 강북구청,2025-08-12
04-28-38,1,서울특별시 강북구 도봉로27길 94,,37.61926581,127.0232172,2000,,02-901-5863,서울특별시 강북구청,2025-08-12
04-28-37,1,서울특별시 강북구 솔샘로53길 4,,37.61910318,127.0231905,2000,한전주,02-901-5863,서울특별시 강북구청,2025-08-12
04-28-36,1,서울특별시 강북구 솔샘로 275,,37.61893416,127.0231879,2000,,02-901-5863,서울특별시 강북구청,2025-08-12
04-28-35,1,서울특별시 강북구 솔샘로 275,,37.61893416,127.0231879,2000,,02-901-5863,서울특별시 강북구청,2025-08-12
04-28-34,1,서울특별시 강북구 솔샘로 277,,37.61890189,127.0233024,2000,,02-901-5863,서울특별시 강북구청,2025-08-12
04-28-33,1,서울특별시 강북구 솔샘로 277,,37.61891651,127.0233024,2000,,02-901-5863,서울특별시 강북구청,2025-08-12
04-28-32,1,서울특별시 강북구 솔샘로 281,,37.6187735,127.023735,2000,,02-901-5863,서울특별시 강북구청,2025-08-12
04-28-31,1,서울특별시 강북구 솔샘로 283,,37.61865353,127.0239669,2000,,02-901-5863,서울특별시 강북구청,2025-08-12
04-28-30,1,서울특별시 강북구 솔샘로 285,,37.61857996,127.0242054,2000,,02-901-5863,서울특별시 강북구청,2025-08-12
04-28-29,1,서울특별시 강북구 솔샘로 289,,37.61848431,127.0246258,2000,,02-901-5863,서울특별시 강북구청,2025-08-12
04-28-28,1,서울특별시 강북구 솔샘로 293,,37.61837121,127.0251144,2000,한전주,02-901-5863,서울특별시 강북구청,2025-08-12
04-28-27,1,서울특별시 강북구 솔샘로59가길 3,,37.61848749,127.0250109,2000,전용주,02-901-5863,서울특별시 강북구청,2025-08-12
04-28-26,1,서울특별시 강북구 솔샘로 289,,37.61848905,127.024626,2000,한전주,02-901-5863,서울특별시 강북구청,2025-08-12
04-28-25,1,서울특별시 강북구 솔샘로 289,,37.61848905,127.024626,2000,,02-901-5863,서울특별시 강북구청,2025-08-12
04-28-24,1,서울특별시 강북구 솔샘로 287,,37.61851432,127.0244627,2000,,02-901-5863,서울특별시 강북구청,2025-08-12
04-28-23,1,서울특별시 강북구 솔샘로59가길 23,,37.61908383,127.0241196,2000,,02-901-5863,서울특별시 강북구청,2025-08-12
04-28-22,1,서울특별시 강북구 솔샘로59가길 23,,37.61908383,127.0241196,2000,,02-901-5863,서울특별시 강북구청,2025-08-12
04-28-21,1,서울특별시 강북구 도봉로27길 83,,37.61906385,127.023882,2000,,02-901-5863,서울특별시 강북구청,2025-08-12
04-28-20,1,서울특별시 강북구 도봉로27길 83,,37.61906385,127.023882,2000,한전주,02-901-5863,서울특별시 강북구청,2025-08-12
04-28-19,1,서울특별시 강북구 도봉로27길 80,,37.6195145,127.0238987,2000,,02-901-5863,서울특별시 강북구청,2025-08-12
04-28-18,1,서울특별시 강북구 도봉로27길 80,,37.6194626,127.0241599,2000,,02-901-5863,서울특별시 강북구청,2025-08-12
04-28-17,1,서울특별시 강북구 도봉로27길 80,,37.61951572,127.024046,2000,한전주,02-901-5863,서울특별시 강북구청,2025-08-12
04-28-15,1,서울특별시 강북구 도봉로29길 71,,37.62003693,127.0242957,2000,,02-901-5863,서울특별시 강북구청,2025-08-12
04-28-14,1,서울특별시 강북구 도봉로29길 71,,37.62003693,127.0242957,2000,,02-901-5863,서울특별시 강북구청,2025-08-12
04-28-13,1,서울특별시 강북구 도봉로29길 93,,37.6202287,127.0230965,2000,한전주,02-901-5863,서울특별시 강북구청,2025-08-12
04-28-12,1,서울특별시 강북구 도봉로29길 91,,37.6202132,127.0232218,2000,,02-901-5863,서울특별시 강북구청,2025-08-12
04-28-11,1,서울특별시 강북구 도봉로29길 91,,37.6202132,127.0232218,2000,,02-901-5863,서울특별시 강북구청,2025-08-12
04-28-10,1,서울특별시 강북구 도봉로29길 83,,37.62012616,127.0236713,2000,한전주,02-901-5863,서울특별시 강북구청,2025-08-12
04-28-09,1,서울특별시 강북구 도봉로29길 83,,37.62012616,127.0236713,2000,,02-901-5863,서울특별시 강북구청,2025-08-12
04-28-08,1,서울특별시 강북구 도봉로27길 90,,37.61931283,127.0234822,2000,한전주,02-901-5863,서울특별시 강북구청,2025-08-12
04-28-07,1,서울특별시 강북구 도봉로27길 90,,37.61931283,127.0234822,2000,한전주,02-901-5863,서울특별시 강북구청,2025-08-12
04-28-06,1,서울특별시 강북구 솔샘로53길 4,,37.61910778,127.0231941,2000,한전주,02-901-5863,서울특별시 강북구청,2025-08-12
04-28-05,1,서울특별시 강북구 솔샘로53길 4,,37.61910778,127.0231941,2000,한전주,02-901-5863,서울특별시 강북구청,2025-08-12
04-28-04,1,서울특별시 강북구 솔샘로53길 4,,37.61910778,127.0231941,2000,한전주,02-901-5863,서울특별시 강북구청,2025-08-12
04-28-03,1,서울특별시 강북구 솔샘로53길 4,,37.61910778,127.0231941,2000,,02-901-5863,서울특별시 강북구청,2025-08-12
04-28-02,1,서울특별시 강북구 솔샘로53길 4,,37.61910778,127.0231863,2000,,02-901-5863,서울특별시 강북구청,2025-08-12
04-28-01,1,서울특별시 강북구 솔샘로53길 14,,37.61940604,127.0227674,2000,전용주,02-901-5863,서울특별시 강북구청,2025-08-12
04-27-34,1,서울특별시 강북구 솔샘로59길 15,,37.61897964,127.0252838,2000,,02-901-5863,서울특별시 강북구청,2025-08-12
04-27-33,1,서울특별시 강북구 도봉로23길 57,,37.61833214,127.0258398,2000,,02-901-5863,서울특별시 강북구청,2025-08-12
04-27-32,1,서울특별시 강북구 솔샘로59길 15,,37.61895355,127.0252838,2000,한전주,02-901-5863,서울특별시 강북구청,2025-08-12
04-27-31,1,서울특별시 강북구 솔샘로59길 15,,37.61897428,127.0252838,2000,전용주,02-901-5863,서울특별시 강북구청,2025-08-12
04-27-30,1,서울특별시 강북구 솔샘로59길 15,,37.61897428,127.0252838,2000,전용주,02-901-5863,서울특별시 강북구청,2025-08-12
04-27-29,1,서울특별시 강북구 솔샘로59길 15,,37.61897634,127.0252877,2000,한전주,02-901-5863,서울특별시 강북구청,2025-08-12
04-27-28,1,서울특별시 강북구 솔샘로59길 8,,37.61859897,127.0254172,2000,,02-901-5863,서울특별시 강북구청,2025-08-12
04-27-27,1,서울특별시 강북구 솔샘로59길 6,,37.61847773,127.0253351,2000,,02-901-5863,서울특별시 강북구청,2025-08-12
04-27-26,1,서울특별시 강북구 솔샘로59길 6,,37.61847773,127.0253351,2000,,02-901-5863,서울특별시 강북구청,2025-08-12
04-27-25,1,서울특별시 강북구 솔샘로59길 6,,37.61848119,127.0253395,2000,한전주,02-901-5863,서울특별시 강북구청,2025-08-12
04-27-24,1,서울특별시 강북구 솔샘로 295,,37.61832197,127.0252539,2000,,02-901-5863,서울특별시 강북구청,2025-08-12
04-27-23,1,서울특별시 강북구 솔샘로59가길 4,,37.61857139,127.0251297,2000,전용주,02-901-5863,서울특별시 강북구청,2025-08-12
04-27-22,1,서울특별시 강북구 솔샘로59가길 4,,37.61857139,127.0251411,2000,,02-901-5863,서울특별시 강북구청,2025-08-12
04-27-21,1,서울특별시 강북구 솔샘로59가길 4,,37.61857139,127.0251661,2000,,02-901-5863,서울특별시 강북구청,2025-08-12
04-27-20,1,서울특별시 강북구 솔샘로59가길 8,,37.61866315,127.0249398,2000,,02-901-5863,서울특별시 강북구청,2025-08-12
04-27-19,1,서울특별시 강북구 솔샘로59가길 8,,37.61866712,127.0249406,2000,,02-901-5863,서울특별시 강북구청,2025-08-12
04-27-18,1,서울특별시 강북구 솔샘로59가길 12,,37.61880987,127.0247688,2000,한전주,02-901-5863,서울특별시 강북구청,2025-08-12
04-27-17,1,서울특별시 강북구 솔샘로59가길 12,,37.61881257,127.0247737,2000,,02-901-5863,서울특별시 강북구청,2025-08-12
04-27-16,1,서울특별시 강북구 솔샘로59가길 16,,37.61888054,127.024598,2000,,02-901-5863,서울특별시 강북구청,2025-08-12
04-27-15,1,서울특별시 강북구 솔샘로59길 15,,37.61897428,127.0252838,2000,한전주,02-901-5863,서울특별시 강북구청,2025-08-12
04-27-14,1,서울특별시 강북구 도봉로27길 77,,37.61913873,127.0242208,2000,한전주,02-901-5863,서울특별시 강북구청,2025-08-12
04-27-13,1,서울특별시 강북구 도봉로27길 77,,37.61913873,127.0242208,2000,한전주,02-901-5863,서울특별시 강북구청,2025-08-12
04-27-12,1,서울특별시 강북구 도봉로27길 67,,37.61926935,127.0247628,2000,한전주,02-901-5863,서울특별시 강북구청,2025-08-12
04-27-11,1,서울특별시 강북구 도봉로27길 61,,37.6193629,127.0251807,2000,한전주,02-901-5863,서울특별시 강북구청,2025-08-12
04-27-10,1,서울특별시 강북구 도봉로23나길 19,,37.61941261,127.0252959,2000,전용주,02-901-5863,서울특별시 강북구청,2025-08-12
04-27-09,1,서울특별시 강북구 도봉로23나길 19,,37.61941261,127.0252959,2000,한전주,02-901-5863,서울특별시 강북구청,2025-08-12
04-27-08,2,서울특별시 강북구 솔샘로59길 17,,37.61905966,127.0255585,2000,한전주,02-901-5863,서울특별시 강북구청,2025-08-12
04-27-07,1,서울특별시 강북구 도봉로23나길 1,,37.61861998,127.0257794,2000,한전주,02-901-5863,서울특별시 강북구청,2025-08-12
04-27-06,1,서울특별시 강북구 도봉로23길 55,,37.6184319,127.0259178,2000,,02-901-5863,서울특별시 강북구청,2025-08-12
04-27-05,1,서울특별시 강북구 도봉로23가길 6,,37.61832453,127.0260098,2000,,02-901-5863,서울특별시 강북구청,2025-08-12
04-27-04,1,서울특별시 강북구 도봉로23가길 8,,37.61830221,127.026183,2000,,02-901-5863,서울특별시 강북구청,2025-08-12
04-27-03,1,서울특별시 강북구 도봉로23가길 10,,37.61823705,127.0263282,2000,한전주,02-901-5863,서울특별시 강북구청,2025-08-12
04-27-02,1,서울특별시 강북구 도봉로23가길 16,,37.61807647,127.0265228,2000,,02-901-5863,서울특별시 강북구청,2025-08-12
04-27-01,1,서울특별시 강북구 도봉로19길 42,,37.61765667,127.0269669,2000,한전주,02-901-5863,서울특별시 강북구청,2025-08-12
04-26-37,1,서울특별시 강북구 도봉로23길 40,,37.61884339,127.0266488,2000,,02-901-5863,서울특별시 강북구청,2025-08-12
04-26-35,1,서울특별시 강북구 도봉로23길 36,,37.61887126,127.0267503,2000,,02-901-5863,서울특별시 강북구청,2025-08-12
04-26-34,1,서울특별시 강북구 도봉로23길 40,,37.61884027,127.0266475,2000,,02-901-5863,서울특별시 강북구청,2025-08-12
04-26-33,1,서울특별시 강북구 도봉로23길 40,,37.61884027,127.0266252,2000,전용주,02-901-5863,서울특별시 강북구청,2025-08-12
04-26-32,1,서울특별시 강북구 도봉로23길 42,,37.61879408,127.0265137,2000,,02-901-5863,서울특별시 강북구청,2025-08-12
04-26-31,1,서울특별시 강북구 도봉로23길 42,,37.61877696,127.0265137,2000,,02-901-5863,서울특별시 강북구청,2025-08-12
04-26-30,1,서울특별시 강북구 도봉로23길 45,,37.61860681,127.0263686,2000,한전주,02-901-5863,서울특별시 강북구청,2025-08-12
04-26-29,1,서울특별시 강북구 도봉로23길 45,,37.61861139,127.026392,2000,,02-901-5863,서울특별시 강북구청,2025-08-12
04-26-28,1,서울특별시 강북구 도봉로23길 52,,37.61866708,127.026028,2000,,02-901-5863,서울특별시 강북구청,2025-08-12
04-26-27,1,서울특별시 강북구 도봉로23길 49,,37.61854141,127.0260863,2000,,02-901-5863,서울특별시 강북구청,2025-08-12
04-26-25,1,서울특별시 강북구 도봉로25길 24,,37.61938106,127.0265079,2000,,02-901-5863,서울특별시 강북구청,2025-08-12
04-26-24,1,서울특별시 강북구 도봉로25길 24,,37.61937382,127.0265059,2000,한전주,02-901-5863,서울특별시 강북구청,2025-08-12
04-26-23,1,서울특별시 강북구 도봉로25길 29,,37.61908366,127.0262831,2000,전용주,02-901-5863,서울특별시 강북구청,2025-08-12
04-26-22,1,서울특별시 강북구 도봉로25길 34,,37.61920699,127.0259417,2000,한전주,02-901-5863,서울특별시 강북구청,2025-08-12
04-26-21,1,서울특별시 강북구 도봉로25길 33,,37.61900953,127.0260349,2000,,02-901-5863,서울특별시 강북구청,2025-08-12
04-26-18,1,서울특별시 강북구 도봉로27길 47,,37.6195486,127.0258466,2000,한전주,02-901-5863,서울특별시 강북구청,2025-08-12
04-26-17,1,서울특별시 강북구 도봉로27길 43,,37.61961794,127.0261169,2000,,02-901-5863,서울특별시 강북구청,2025-08-12
04-26-16,1,서울특별시 강북구 도봉로27길 43,,37.61961794,127.0261424,2000,전용주,02-901-5863,서울특별시 강북구청,2025-08-12
04-26-15,1,서울특별시 강북구 도봉로27길 43,,37.61961794,127.0261075,2000,전용주,02-901-5863,서울특별시 강북구청,2025-08-12
04-26-14,1,서울특별시 강북구 도봉로27길 45,,37.61957637,127.0259369,2000,한전주,02-901-5863,서울특별시 강북구청,2025-08-12
04-26-13,1,서울특별시 강북구 도봉로27길 39,,37.61962068,127.0263456,2000,,02-901-5863,서울특별시 강북구청,2025-08-12
04-26-12,1,서울특별시 강북구 도봉로27길 39,,37.61962068,127.0263448,2000,,02-901-5863,서울특별시 강북구청,2025-08-12
04-26-11,1,서울특별시 강북구 도봉로27길 37,,37.61952642,127.026436,2000,,02-901-5863,서울특별시 강북구청,2025-08-12
04-26-09,1,서울특별시 강북구 솔샘로65길 57,,37.6196625,127.0265475,2000,,02-901-5863,서울특별시 강북구청,2025-08-12
04-26-08,1,서울특별시 강북구 솔샘로65길 43,,37.61907838,127.0267363,2000,한전주,02-901-5863,서울특별시 강북구청,2025-08-12
04-26-07,2,서울특별시 강북구 솔샘로65길 29,,37.61852213,127.0270267,2000,한전주,02-901-5863,서울특별시 강북구청,2025-08-12
04-26-06,1,서울특별시 강북구 솔샘로65길 19,,37.61813444,127.0270387,2000,한전주,02-901-5863,서울특별시 강북구청,2025-08-12
04-26-05,2,서울특별시 강북구 솔샘로65길 19,,37.61813444,127.0270387,2000,한전주,02-901-5863,서울특별시 강북구청,2025-08-12
04-26-04,1,서울특별시 강북구 솔샘로65길 19,,37.61813444,127.0270387,2000,한전주,02-901-5863,서울특별시 강북구청,2025-08-12
04-26-03,2,서울특별시 강북구 솔샘로65길 19,,37.61813444,127.0270387,2000,한전주,02-901-5863,서울특별시 강북구청,2025-08-12
04-26-02,1,서울특별시 강북구 솔샘로65길 19,,37.61813444,127.0270387,2000,한전주,02-901-5863,서울특별시 강북구청,2025-08-12
04-26-01,2,서울특별시 강북구 도봉로27길 39,,37.61967912,127.0263773,2000,한전주,02-901-5863,서울특별시 강북구청,2025-08-12
04-25-34,1,서울특별시 강북구 도봉로33길 19,,37.62105125,127.026688,2000,전용주,02-901-5863,서울특별시 강북구청,2025-08-12
04-25-33,1,서울특별시 강북구 도봉로29길 18,,37.62068439,127.0269986,2000,한전주,02-901-5863,서울특별시 강북구청,2025-08-12
04-25-32,1,서울특별시 강북구 도봉로33길 25,,37.621014,127.0265412,2000,전용주,02-901-5863,서울특별시 강북구청,2025-08-12
04-25-31,1,서울특별시 강북구 도봉로29길 17,,37.62042535,127.0272738,2000,,02-901-5863,서울특별시 강북구청,2025-08-12
04-25-30,1,서울특별시 강북구 솔샘로67길 71,,37.62026206,127.0274422,2000,,02-901-5863,서울특별시 강북구청,2025-08-12
04-25-29,1,서울특별시 강북구 도봉로27길 22,,37.62004592,127.0272861,2000,,02-901-5863,서울특별시 강북구청,2025-08-12
04-25-28,2,서울특별시 강북구 도봉로27길 22,,37.62004705,127.0272901,2000,한전주,02-901-5863,서울특별시 강북구청,2025-08-12
04-25-27,1,서울특별시 강북구 도봉로27길 28,,37.61995369,127.0268948,2000,,02-901-5863,서울특별시 강북구청,2025-08-12
04-25-26,1,서울특별시 강북구 도봉로27길 28,,37.61995369,127.0268948,2000,한전주,02-901-5863,서울특별시 강북구청,2025-08-12
04-25-25,1,서울특별시 강북구 도봉로27길 28,,37.61998842,127.0268908,2000,,02-901-5863,서울특별시 강북구청,2025-08-12
04-25-24,1,서울특별시 강북구 솔샘로65길 68,,37.6202574,127.0265737,2000,한전주,02-901-5863,서울특별시 강북구청,2025-08-12
04-25-23,1,서울특별시 강북구 솔샘로65길 68,,37.6202574,127.0265737,2000,,02-901-5863,서울특별시 강북구청,2025-08-12
04-25-22,1,서울특별시 강북구 도봉로29길 28,,37.62047409,127.0266275,2000,전용주,02-901-5863,서울특별시 강북구청,2025-08-12
04-25-21,1,서울특별시 강북구 도봉로29길 25,,37.62020502,127.0267783,2000,,02-901-5863,서울특별시 강북구청,2025-08-12
04-25-20,1,서울특별시 강북구 도봉로29길 25,,37.62030385,127.026743,2000,,02-901-5863,서울특별시 강북구청,2025-08-12
04-25-19,1,서울특별시 강북구 도봉로29길 24,,37.6205745,127.0267848,2000,한전주,02-901-5863,서울특별시 강북구청,2025-08-12
04-25-18,1,서울특별시 강북구 도봉로29길 24,,37.6205745,127.0267848,2000,한전주,02-901-5863,서울특별시 강북구청,2025-08-12
04-25-17,1,서울특별시 강북구 도봉로29길 16,,37.62061138,127.0272716,2000,한전주,02-901-5863,서울특별시 강북구청,2025-08-12
04-25-16,1,서울특별시 강북구 솔샘로67길 85,,37.6209021,127.027177,2000,,02-901-5863,서울특별시 강북구청,2025-08-12
04-25-15,1,서울특별시 강북구 솔샘로67길 83,,37.62074932,127.0272243,2000,,02-901-5863,서울특별시 강북구청,2025-08-12
04-25-14,1,서울특별시 강북구 도봉로31길 5,,37.62089104,127.026928,2000,,02-901-5863,서울특별시 강북구청,2025-08-12
04-25-13,1,서울특별시 강북구 도봉로31길 5,,37.62089104,127.026928,2000,한전주,02-901-5863,서울특별시 강북구청,2025-08-12
04-25-12,1,서울특별시 강북구 도봉로31길 9,,37.62084506,127.0268153,2000,,02-901-5863,서울특별시 강북구청,2025-08-12
04-25-11,1,서울특별시 강북구 도봉로31길 13,,37.62073443,127.0265109,2000,한전주,02-901-5863,서울특별시 강북구청,2025-08-12
04-25-10,1,서울특별시 강북구 도봉로31길 17,,37.62073303,127.026341,2000,한전주,02-901-5863,서울특별시 강북구청,2025-08-12
04-25-06,1,서울특별시 강북구 도봉로33길 23,,37.62129357,127.0265715,2000,,02-901-5863,서울특별시 강북구청,2025-08-12
04-25-04,1,서울특별시 강북구 도봉로33길 23,,37.62129357,127.0265715,2000,,02-901-5863,서울특별시 강북구청,2025-08-12
04-25-03,1,서울특별시 강북구 도봉로29길 10,,37.62072592,127.0276664,2000,,02-901-5863,서울특별시 강북구청,2025-08-12
04-25-02,1,서울특별시 강북구 솔샘로67길 68,,37.62019549,127.0278092,2000,한전주,02-901-5863,서울특별시 강북구청,2025-08-12
04-25-01,1,서울특별시 강북구 도봉로 129,,37.62038767,127.0281692,2000,한전주,02-901-5863,서울특별시 강북구청,2025-08-12
04-24-31,1,서울특별시 강북구 도봉로23길 20,,37.61907711,127.0276765,2000,,02-901-5863,서울특별시 강북구청,2025-08-12
04-24-30,1,서울특별시 강북구 도봉로 109,,37.61872624,127.0288372,2000,한전주,02-901-5863,서울특별시 강북구청,2025-08-12
04-24-29,1,서울특별시 강북구 솔샘로67길 51,,37.6194113,127.0277741,2000,전용주,02-901-5863,서울특별시 강북구청,2025-08-12
04-24-29,1,서울특별시 강북구 도봉로 109,,37.61872624,127.0288372,2000,한전주,02-901-5863,서울특별시 강북구청,2025-08-12
04-24-28,2,서울특별시 강북구 솔샘로65길 34,,37.61873037,127.0271486,2000,한전주,02-901-5863,서울특별시 강북구청,2025-08-12
04-24-27,1,서울특별시 강북구 솔샘로65길 40,,37.61906269,127.0270197,2000,,02-901-5863,서울특별시 강북구청,2025-08-12
04-24-25,1,서울특별시 강북구 도봉로23길 23,,37.61888395,127.0275793,2000,,02-901-5863,서울특별시 강북구청,2025-08-12
04-24-24,1,서울특별시 강북구 도봉로23길 23,,37.61888395,127.0275105,2000,,02-901-5863,서울특별시 강북구청,2025-08-12
04-24-23,1,서울특별시 강북구 도봉로23길 25,,37.61886738,127.0273734,2000,한전주,02-901-5863,서울특별시 강북구청,2025-08-12
04-24-21,1,서울특별시 강북구 도봉로23길 18,,37.61912191,127.0278553,2000,,02-901-5863,서울특별시 강북구청,2025-08-12
04-24-20,1,서울특별시 강북구 도봉로23길 20,,37.61907711,127.0276765,2000,한전주,02-901-5863,서울특별시 강북구청,2025-08-12
04-24-16,1,서울특별시 강북구 도봉로25길 8,,37.61950143,127.0273792,2000,,02-901-5863,서울특별시 강북구청,2025-08-12
04-24-15,1,서울특별시 강북구 도봉로25길 8,,37.61950143,127.0273765,2000,한전주,02-901-5863,서울특별시 강북구청,2025-08-12
04-24-14,1,서울특별시 강북구 도봉로25길 13,,37.61927038,127.0270736,2000,,02-901-5863,서울특별시 강북구청,2025-08-12
04-24-13,1,서울특별시 강북구 도봉로25길 12,,37.61942419,127.0271509,2000,한전주,02-901-5863,서울특별시 강북구청,2025-08-12
04-24-12,2,서울특별시 강북구 도봉로25길 16,,37.61939511,127.0269021,2000,한전주,02-901-5863,서울특별시 강북구청,2025-08-12
04-24-11,1,서울특별시 강북구 솔샘로65길 52,,37.61954771,127.0268322,2000,전용주,02-901-5863,서울특별시 강북구청,2025-08-12
04-24-07,1,서울특별시 강북구 솔샘로67길 63,,37.61995009,127.0275519,2000,한전주,02-901-5863,서울특별시 강북구청,2025-08-12
04-24-06,1,서울특별시 강북구 솔샘로67길 62,,37.61996236,127.0279482,2000,한전주,02-901-5863,서울특별시 강북구청,2025-08-12
04-24-05,1,서울특별시 강북구 도봉로 117,,37.61974856,127.0282455,2000,한전주,02-901-5863,서울특별시 강북구청,2025-08-12
04-24-04,2,서울특별시 강북구 도봉로 113,,37.61900103,127.0288443,2000,,02-901-5863,서울특별시 강북구청,2025-08-12
04-24-03,1,서울특별시 강북구 솔샘로67길 30,,37.61856847,127.0284472,2000,,02-901-5863,서울특별시 강북구청,2025-08-12
04-24-02,1,서울특별시 강북구 도봉로19길 10,,37.61838127,127.0285238,2000,,02-901-5863,서울특별시 강북구청,2025-08-12
04-24-01,1,서울특별시 강북구 솔샘로67길 24,,37.61829797,127.0285702,2000,한전주,02-901-5863,서울특별시 강북구청,2025-08-12
04-23-33,1,서울특별시 강북구 솔샘로 313,,37.61752208,127.0270398,2000,,02-901-5863,서울특별시 강북구청,2025-08-12
04-23-32,1,서울특별시 강북구 솔샘로 313,,37.61752208,127.0270398,2000,,02-901-5863,서울특별시 강북구청,2025-08-12
04-23-31,1,서울특별시 강북구 솔샘로 313,,37.61752208,127.0270398,2000,,02-901-5863,서울특별시 강북구청,2025-08-12
04-23-29,1,서울특별시 강북구 솔샘로65길 5,,37.6175611,127.0273978,2000,한전주,02-901-5863,서울특별시 강북구청,2025-08-12
04-23-28,1,서울특별시 강북구 도봉로19길 29,,37.61791654,127.0275957,2000,,02-901-5863,서울특별시 강북구청,2025-08-12
04-23-27,1,서울특별시 강북구 솔샘로65길 4,,37.61748384,127.0278672,2000,,02-901-5863,서울특별시 강북구청,2025-08-12
04-23-26,1,서울특별시 강북구 솔샘로 323,,37.61735901,127.0280274,2000,,02-901-5863,서울특별시 강북구청,2025-08-12
04-23-25,1,서울특별시 강북구 솔샘로65길 4,,37.61752062,127.0279573,2000,,02-901-5863,서울특별시 강북구청,2025-08-12
04-23-24,1,서울특별시 강북구 솔샘로 327,,37.61743935,127.0284235,2000,한전주,02-901-5863,서울특별시 강북구청,2025-08-12
04-23-23,1,서울특별시 강북구 도봉로19길 21,,37.61801887,127.0280106,2000,,02-901-5863,서울특별시 강북구청,2025-08-12
04-23-22,1,서울특별시 강북구 솔샘로65길 4,,37.61779351,127.0282709,2000,한전주,02-901-5863,서울특별시 강북구청,2025-08-12
04-23-21,1,서울특별시 강북구 솔샘로67길 17,,37.61799237,127.0283476,2000,,02-901-5863,서울특별시 강북구청,2025-08-12
04-23-20,1,서울특별시 강북구 도봉로19길 19,,37.61804503,127.028177,2000,한전주,02-901-5863,서울특별시 강북구청,2025-08-12
04-23-19,1,서울특별시 강북구 도봉로19길 21,,37.61801887,127.0280588,2000,,02-901-5863,서울특별시 강북구청,2025-08-12
04-23-18,1,서울특별시 강북구 도봉로19길 21,,37.61801707,127.0280641,2000,한전주,02-901-5863,서울특별시 강북구청,2025-08-12
04-23-16,1,서울특별시 강북구 도봉로19길 23,,37.61798711,127.0278185,2000,,02-901-5863,서울특별시 강북구청,2025-08-12
04-23-15,1,서울특별시 강북구 도봉로19길 23,,37.61798711,127.0278843,2000,,02-901-5863,서울특별시 강북구청,2025-08-12
04-23-14,1,서울특별시 강북구 도봉로19길 26,,37.61811329,127.0277117,2000,한전주,02-901-5863,서울특별시 강북구청,2025-08-12
04-23-13,1,서울특별시 강북구 도봉로19길 26,,37.61811689,127.0277143,2000,,02-901-5863,서울특별시 강북구청,2025-08-12
04-23-12,1,서울특별시 강북구 도봉로19길 29,,37.61791654,127.0275957,2000,,02-901-5863,서울특별시 강북구청,2025-08-12
04-23-11,1,서울특별시 강북구 도봉로19길 31,,37.61787699,127.0274656,2000,한전주,02-901-5863,서울특별시 강북구청,2025-08-12
04-23-10,1,서울특별시 강북구 솔샘로65길 18,,37.61814746,127.0274847,2000,,02-901-5863,서울특별시 강북구청,2025-08-12
04-23-09,1,서울특별시 강북구 도봉로21길 13,,37.61839056,127.0275523,2000,,02-901-5863,서울특별시 강북구청,2025-08-12
04-23-08,1,서울특별시 강북구 도봉로21길 13,,37.61839128,127.0275495,2000,한전주,02-901-5863,서울특별시 강북구청,2025-08-12
04-23-07,1,서울특별시 강북구 도봉로21길 9,,37.61833834,127.0276861,2000,,02-901-5863,서울특별시 강북구청,2025-08-12
04-23-06,1,서울특별시 강북구 도봉로21길 5,,37.61847571,127.0279173,2000,,02-901-5863,서울특별시 강북구청,2025-08-12
04-23-05,1,서울특별시 강북구 도봉로21길 5,,37.61847544,127.0279222,2000,한전주,02-901-5863,서울특별시 강북구청,2025-08-12
04-23-04,2,서울특별시 강북구 도봉로21길 1,,37.61854018,127.0281253,2000,한전주,02-901-5863,서울특별시 강북구청,2025-08-12
04-23-01,1,서울특별시 강북구 도봉로 97,,37.61762133,127.0292473,2000,한전주,02-901-5863,서울특별시 강북구청,2025-08-12
04-22-03,1,서울특별시 강북구 삼양로24길 19,,37.61745345,127.0219965,2000,한전주,02-901-5863,서울특별시 강북구청,2025-08-12
04-22-02,1,서울특별시 강북구 삼양로24길 19,,37.61745345,127.0219965,2000,한전주,02-901-5863,서울특별시 강북구청,2025-08-12
04-22-01,1,서울특별시 강북구 삼양로24길 19,,37.61745345,127.0219965,2000,한전주,02-901-5863,서울특별시 강북구청,2025-08-12
04-21-34,1,서울특별시 강북구 도봉로13가길 19,,37.6146835,127.0280961,2000,한전주,02-901-5863,서울특별시 강북구청,2025-08-12
04-21-33,1,서울특별시 강북구 도봉로13가길 3,,37.61466228,127.0293693,2000,전용주,02-901-5863,서울특별시 강북구청,2025-08-12
04-21-32,1,서울특별시 강북구 숭인로13길 48,,37.61454851,127.0270218,2000,한전주,02-901-5863,서울특별시 강북구청,2025-08-12
04-21-31,1,서울특별시 강북구 도봉로13가길 19,,37.6146835,127.0280961,2000,한전주,02-901-5863,서울특별시 강북구청,2025-08-12
04-21-30,1,서울특별시 강북구 도봉로13가길 19,,37.6146835,127.0280961,2000,한전주,02-901-5863,서울특별시 강북구청,2025-08-12
04-21-29,1,서울특별시 강북구 도봉로13가길 19,,37.6146835,127.0280961,2000,한전주,02-901-5863,서울특별시 강북구청,2025-08-12
04-21-28,1,서울특별시 강북구 도봉로13가길 19,,37.6146835,127.0280961,2000,한전주,02-901-5863,서울특별시 강북구청,2025-08-12
04-21-27,1,서울특별시 강북구 도봉로13가길 19,,37.6146835,127.0280961,2000,한전주,02-901-5863,서울특별시 강북구청,2025-08-12
04-21-26,1,서울특별시 강북구 도봉로13가길 19,,37.6146835,127.0280961,2000,한전주,02-901-5863,서울특별시 강북구청,2025-08-12
04-21-25,1,서울특별시 강북구 도봉로13가길 19,,37.6146835,127.0280961,2000,,02-901-5863,서울특별시 강북구청,2025-08-12
04-21-24,1,서울특별시 강북구 도봉로13가길 19,,37.6146835,127.0280961,2000,,02-901-5863,서울특별시 강북구청,2025-08-12
04-21-21,1,서울특별시 강북구 숭인로 61,,37.61261322,127.0283872,2000,한전주,02-901-5863,서울특별시 강북구청,2025-08-12
04-21-20,1,서울특별시 강북구 숭인로 65,,37.61251785,127.0289766,2000,,02-901-5863,서울특별시 강북구청,2025-08-12
04-21-19,1,서울특별시 강북구 숭인로 65,,37.61258218,127.0289616,2000,,02-901-5863,서울특별시 강북구청,2025-08-12
04-21-18,1,서울특별시 강북구 숭인로 65,,37.61258218,127.0289616,2000,,02-901-5863,서울특별시 강북구청,2025-08-12
04-21-17,1,서울특별시 강북구 도봉로 45,,37.61314486,127.0294527,2000,,02-901-5863,서울특별시 강북구청,2025-08-12
04-21-16,1,서울특별시 강북구 도봉로13가길 9,,37.61404115,127.0288747,2000,,02-901-5863,서울특별시 강북구청,2025-08-12
04-21-15,1,서울특별시 강북구 도봉로13가길 9,,37.61432054,127.0288824,2000,,02-901-5863,서울특별시 강북구청,2025-08-12
04-21-14,1,서울특별시 강북구 도봉로13가길 9,,37.6140627,127.0293048,2000,,02-901-5863,서울특별시 강북구청,2025-08-12
04-21-13,1,서울특별시 강북구 도봉로13가길 9,,37.6140627,127.0293048,2000,,02-901-5863,서울특별시 강북구청,2025-08-12
04-21-12,2,서울특별시 강북구 도봉로13가길 9,,37.61404115,127.0288747,2000,한전주,02-901-5863,서울특별시 강북구청,2025-08-12
04-21-11,1,서울특별시 강북구 도봉로13가길 9,,37.61432054,127.0288824,2000,한전주,02-901-5863,서울특별시 강북구청,2025-08-12
04-21-10,1,서울특별시 강북구 도봉로13가길 3,,37.61466228,127.0293693,2000,,02-901-5863,서울특별시 강북구청,2025-08-12
04-21-08,1,서울특별시 강북구 도봉로13가길 3,,37.61466689,127.029365,2000,,02-901-5863,서울특별시 강북구청,2025-08-12
04-21-07,1,서울특별시 강북구 도봉로13가길 9,,37.61463763,127.0290935,2000,한전주,02-901-5863,서울특별시 강북구청,2025-08-12
04-21-06,1,서울특별시 강북구 도봉로13가길 9,,37.61463586,127.0288783,2000,한전주,02-901-5863,서울특별시 강북구청,2025-08-12
04-21-05,1,서울특별시 강북구 도봉로13가길 9,,37.61463586,127.0288783,2000,,02-901-5863,서울특별시 강북구청,2025-08-12
04-21-04,1,서울특별시 강북구 도봉로13가길 10,,37.61487921,127.0288865,2000,한전주,02-901-5863,서울특별시 강북구청,2025-08-12
04-21-03,1,서울특별시 강북구 도봉로13길 23,,37.61501417,127.0288621,2000,한전주,02-901-5863,서울특별시 강북구청,2025-08-12
04-21-01,1,서울특별시 강북구 도봉로13길 13,,37.61483807,127.0293627,2000,,02-901-5863,서울특별시 강북구청,2025-08-12
04-19-10,1,서울특별시 강북구 숭인로7가길 37,,37.61389321,127.0262261,2000,전용주,02-901-5863,서울특별시 강북구청,2025-08-12
04-19-09,1,서울특별시 강북구 숭인로7가길 37,,37.61389321,127.0262261,2000,한전주,02-901-5863,서울특별시 강북구청,2025-08-12
04-19-08,2,서울특별시 강북구 숭인로7가길 37,,37.61389321,127.0262261,2000,한전주,02-901-5863,서울특별시 강북구청,2025-08-12
04-19-07,1,서울특별시 강북구 숭인로7가길 37,,37.61389321,127.0262261,2000,전용주,02-901-5863,서울특별시 강북구청,2025-08-12
04-19-06,1,서울특별시 강북구 숭인로7가길 37,,37.61389321,127.0262261,2000,전용주,02-901-5863,서울특별시 강북구청,2025-08-12
04-19-05,2,서울특별시 강북구 숭인로7가길 37,,37.61389321,127.0262261,2000,전용주,02-901-5863,서울특별시 강북구청,2025-08-12
04-19-04,1,서울특별시 강북구 숭인로7가길 37,,37.61389321,127.0262261,2000,전용주,02-901-5863,서울특별시 강북구청,2025-08-12
04-19-03,1,서울특별시 강북구 숭인로7가길 37,,37.61389321,127.0262261,2000,전용주,02-901-5863,서울특별시 강북구청,2025-08-12
04-19-02,1,서울특별시 강북구 숭인로7가길 37,,37.61389321,127.0262261,2000,전용주,02-901-5863,서울특별시 강북구청,2025-08-12
04-19-01,1,서울특별시 강북구 숭인로7가길 37,,37.61389321,127.0262261,2000,전용주,02-901-5863,서울특별시 강북구청,2025-08-12
04-18-08,1,서울특별시 강북구 숭인로13길 27,,37.61385404,127.0269402,2000,,02-901-5863,서울특별시 강북구청,2025-08-12
04-18-07,1,서울특별시 강북구 숭인로13길 27,,37.61389657,127.0266339,2000,,02-901-5863,서울특별시 강북구청,2025-08-12
04-18-06,1,서울특별시 강북구 숭인로13길 37,,37.61420708,127.0268257,2000,한전주,02-901-5863,서울특별시 강북구청,2025-08-12
04-18-05,1,서울특별시 강북구 숭인로13길 37,,37.61420708,127.0268257,2000,,02-901-5863,서울특별시 강북구청,2025-08-12
04-18-04,1,서울특별시 강북구 숭인로13길 37,,37.61420708,127.0268257,2000,한전주,02-901-5863,서울특별시 강북구청,2025-08-12
04-18-03,1,서울특별시 강북구 숭인로13길 43,,37.61452825,127.0267502,2000,한전주,02-901-5863,서울특별시 강북구청,2025-08-12
04-18-02,1,서울특별시 강북구 숭인로7나길 48,,37.61453605,127.0265984,2000,한전주,02-901-5863,서울특별시 강북구청,2025-08-12
04-18-01,1,서울특별시 강북구 숭인로7나길 40,,37.61450548,127.0261729,2000,한전주,02-901-5863,서울특별시 강북구청,2025-08-12
04-17-25,1,서울특별시 강북구 삼양로16길 39,,37.61324077,127.0243435,2000,한전주,02-901-5863,서울특별시 강북구청,2025-08-12
04-17-23,1,서울특별시 강북구 숭인로5길 4,,37.61213347,127.0237956,2000,,02-901-5863,서울특별시 강북구청,2025-08-12
04-17-22,1,서울특별시 강북구 숭인로5길 4,,37.61213347,127.0237956,2000,,02-901-5863,서울특별시 강북구청,2025-08-12
04-17-21,1,서울특별시 강북구 삼양로16길 36,,37.61293951,127.0242111,2000,한전주,02-901-5863,서울특별시 강북구청,2025-08-12
04-17-20,1,서울특별시 강북구 삼양로16길 36,,37.6127871,127.0243037,2000,,02-901-5863,서울특별시 강북구청,2025-08-12
04-17-19,1,서울특별시 강북구 숭인로7길 1,,37.61271053,127.023761,2000,,02-901-5863,서울특별시 강북구청,2025-08-12
04-17-18,1,서울특별시 강북구 숭인로7길 1,,37.61261395,127.0240681,2000,한전주,02-901-5863,서울특별시 강북구청,2025-08-12
04-17-17,1,서울특별시 강북구 숭인로7길 1,,37.61255472,127.0245333,2000,한전주,02-901-5863,서울특별시 강북구청,2025-08-12
04-17-16,1,서울특별시 강북구 숭인로5길 2,,37.61246154,127.0241607,2000,,02-901-5863,서울특별시 강북구청,2025-08-12
04-17-15,1,서울특별시 강북구 숭인로5길 2,,37.61230745,127.0240494,2000,,02-901-5863,서울특별시 강북구청,2025-08-12
04-17-14,1,서울특별시 강북구 숭인로5길 4,,37.61218883,127.0237956,2000,,02-901-5863,서울특별시 강북구청,2025-08-12
04-17-13,1,서울특별시 강북구 숭인로 19,,37.61212279,127.0240413,2000,,02-901-5863,서울특별시 강북구청,2025-08-12
04-17-12,1,서울특별시 강북구 숭인로7길 1,,37.61224878,127.0245825,2000,한전주,02-901-5863,서울특별시 강북구청,2025-08-12
04-17-11,1,서울특별시 강북구 숭인로7길 7,,37.61245571,127.0245459,2000,,02-901-5863,서울특별시 강북구청,2025-08-12
04-17-10,1,서울특별시 강북구 숭인로7길 11,,37.61264416,127.0244528,2000,한전주,02-901-5863,서울특별시 강북구청,2025-08-12
04-17-09,1,서울특별시 강북구 숭인로7길 15,,37.61284218,127.0244276,2000,전용주,02-901-5863,서울특별시 강북구청,2025-08-12
04-17-08,2,서울특별시 강북구 숭인로7길 21,,37.61302284,127.0244818,2000,한전주,02-901-5863,서울특별시 강북구청,2025-08-12
04-17-07,1,서울특별시 강북구 삼양로16길 36,,37.61292018,127.0240528,2000,한전주,02-901-5863,서울특별시 강북구청,2025-08-12
04-17-06,1,서울특별시 강북구 삼양로16길 30,,37.61293605,127.023792,2000,한전주,02-901-5863,서울특별시 강북구청,2025-08-12
04-17-05,1,서울특별시 강북구 삼양로16길 26,,37.61288031,127.0235889,2000,한전주,02-901-5863,서울특별시 강북구청,2025-08-12
04-17-04,1,서울특별시 강북구 삼양로16길 24,,37.61274601,127.0236926,2000,,02-901-5863,서울특별시 강북구청,2025-08-12
04-17-03,1,서울특별시 강북구 삼양로16길 24,,37.61279021,127.0235901,2000,한전주,02-901-5863,서울특별시 강북구청,2025-08-12
04-17-02,1,서울특별시 강북구 삼양로16길 24,,37.61254752,127.0236612,2000,,02-901-5863,서울특별시 강북구청,2025-08-12
04-17-01,1,서울특별시 강북구 숭인로5길 4,,37.61213412,127.0237912,2000,한전주,02-901-5863,서울특별시 강북구청,2025-08-12
04-16-34,1,서울특별시 강북구 삼양로 100,,37.61281567,127.0223098,2000,한전주,02-901-5863,서울특별시 강북구청,2025-08-12
04-16-33,1,서울특별시 강북구 삼양로 96,,37.61238939,127.0222462,2000,,02-901-5863,서울특별시 강북구청,2025-08-12
04-16-32,1,서울특별시 강북구 삼양로 96,,37.6123835,127.0222446,2000,,02-901-5863,서울특별시 강북구청,2025-08-12
04-16-31,1,서울특별시 강북구 삼양로14길 29,,37.61259118,127.0224034,2000,한전주,02-901-5863,서울특별시 강북구청,2025-08-12
04-16-30,1,서울특별시 강북구 삼양로16길 10,,37.61280249,127.0226965,2000,,02-901-5863,서울특별시 강북구청,2025-08-12
04-16-28,1,서울특별시 강북구 삼양로16길 12,,37.61279894,127.0228877,2000,,02-901-5863,서울특별시 강북구청,2025-08-12
04-16-27,1,서울특별시 강북구 삼양로16길 12,,37.61279894,127.0228877,2000,한전주,02-901-5863,서울특별시 강북구청,2025-08-12
04-16-26,1,서울특별시 강북구 삼양로16길 20,,37.61272527,127.0233644,2000,전용주,02-901-5863,서울특별시 강북구청,2025-08-12
04-16-25,1,서울특별시 강북구 삼양로16길 22,,37.61287017,127.0234531,2000,,02-901-5863,서울특별시 강북구청,2025-08-12
04-16-24,1,서울특별시 강북구 삼양로16길 24,,37.61255438,127.0234006,2000,,02-901-5863,서울특별시 강북구청,2025-08-12
04-16-23,1,서울특별시 강북구 숭인로5길 14,,37.61236462,127.0233351,2000,한전주,02-901-5863,서울특별시 강북구청,2025-08-12
04-16-22,1,서울특별시 강북구 숭인로3길 1,,37.61172074,127.0228338,2000,전용주,02-901-5863,서울특별시 강북구청,2025-08-12
04-16-21,1,서울특별시 강북구 숭인로3길 3,,37.61179146,127.0228894,2000,한전주,02-901-5863,서울특별시 강북구청,2025-08-12
04-16-20,1,서울특별시 강북구 숭인로3길 7,,37.61188506,127.0230922,2000,,02-901-5863,서울특별시 강북구청,2025-08-12
04-16-19,1,서울특별시 강북구 숭인로3길 9,,37.61193921,127.0231028,2000,한전주,02-901-5863,서울특별시 강북구청,2025-08-12
04-16-18,1,서울특별시 강북구 숭인로3길 14,,37.61201334,127.023351,2000,,02-901-5863,서울특별시 강북구청,2025-08-12
04-16-17,1,서울특별시 강북구 숭인로3길 18,,37.61208551,127.0233614,2000,,02-901-5863,서울특별시 강북구청,2025-08-12
04-16-16,1,서울특별시 강북구 숭인로5길 11,,37.61218443,127.0233375,2000,한전주,02-901-5863,서울특별시 강북구청,2025-08-12
04-16-15,1,서울특별시 강북구 삼양로16길 12,,37.61270417,127.0228828,2000,,02-901-5863,서울특별시 강북구청,2025-08-12
04-16-14,1,서울특별시 강북구 삼양로16길 12,,37.61277811,127.0228828,2000,,02-901-5863,서울특별시 강북구청,2025-08-12
04-16-13,1,서울특별시 강북구 삼양로16길 12,,37.61279894,127.0228828,2000,한전주,02-901-5863,서울특별시 강북구청,2025-08-12
04-16-12,1,서울특별시 강북구 숭인로5길 16,,37.61242675,127.023221,2000,,02-901-5863,서울특별시 강북구청,2025-08-12
04-16-11,1,서울특별시 강북구 숭인로5길 18,,37.61248869,127.0230843,2000,한전주,02-901-5863,서울특별시 강북구청,2025-08-12
04-16-10,1,서울특별시 강북구 숭인로5길 20,,37.61253205,127.0229818,2000,한전주,02-901-5863,서울특별시 강북구청,2025-08-12
04-16-09,1,서울특별시 강북구 숭인로5길 21,,37.61240564,127.0228475,2000,한전주,02-901-5863,서울특별시 강북구청,2025-08-12
04-16-08,1,서울특별시 강북구 삼양로14길 20,,37.61222742,127.0228052,2000,한전주,02-901-5863,서울특별시 강북구청,2025-08-12
04-16-07,1,서울특별시 강북구 삼양로14길 20,,37.61223566,127.0228052,2000,한전주,02-901-5863,서울특별시 강북구청,2025-08-12
04-16-06,1,서울특별시 강북구 삼양로14길 16,,37.61206557,127.022707,2000,,02-901-5863,서울특별시 강북구청,2025-08-12
04-16-05,1,서울특별시 강북구 삼양로14길 16,,37.61206557,127.0227495,2000,한전주,02-901-5863,서울특별시 강북구청,2025-08-12
04-16-04,1,서울특별시 강북구 삼양로14길 11,,37.61201505,127.0224675,2000,,02-901-5863,서울특별시 강북구청,2025-08-12
04-16-03,1,서울특별시 강북구 삼양로14길 8,,37.6118083,127.0225269,2000,한전주,02-901-5863,서울특별시 강북구청,2025-08-12
04-16-02,1,서울특별시 강북구 삼양로14길 5,,37.6117702,127.0222782,2000,한전주,02-901-5863,서울특별시 강북구청,2025-08-12
04-16-01,1,서울특별시 강북구 숭인로 3,,37.61153708,127.0224172,2000,,02-901-5863,서울특별시 강북구청,2025-08-12
04-15-28,1,서울특별시 강북구 삼양로16길 3,,37.613017,127.0223453,2000,,02-901-5863,서울특별시 강북구청,2025-08-12
04-15-27,1,서울특별시 강북구 삼양로16길 3,,37.613017,127.0223453,2000,,02-901-5863,서울특별시 강북구청,2025-08-12
04-15-26,1,서울특별시 강북구 삼양로20길 14,,37.61427177,127.0229637,2000,한전주,02-901-5863,서울특별시 강북구청,2025-08-12
04-15-25,1,서울특별시 강북구 삼양로20길 10,,37.61420577,127.022741,2000,한전주,02-901-5863,서울특별시 강북구청,2025-08-12
04-15-24,2,서울특별시 강북구 삼양로20길 12,,37.61426223,127.0228983,2000,한전주,02-901-5863,서울특별시 강북구청,2025-08-12
04-15-23,2,서울특별시 강북구 삼양로20길 8,,37.61422395,127.0226312,2000,한전주,02-901-5863,서울특별시 강북구청,2025-08-12
04-15-22,1,서울특별시 강북구 삼양로16길 3,,37.613017,127.0223453,2000,,02-901-5863,서울특별시 강북구청,2025-08-12
04-15-21,1,서울특별시 강북구 삼양로16길 3,,37.613017,127.0223453,2000,,02-901-5863,서울특별시 강북구청,2025-08-12
04-15-20,1,서울특별시 강북구 삼양로 112,,37.61378878,127.0223084,2000,,02-901-5863,서울특별시 강북구청,2025-08-12
04-15-19,2,서울특별시 강북구 삼양로16길 3,,37.613017,127.0223453,2000,한전주,02-901-5863,서울특별시 강북구청,2025-08-12
04-15-18,1,서울특별시 강북구 삼양로16길 3,,37.613017,127.0223453,2000,,02-901-5863,서울특별시 강북구청,2025-08-12
04-15-17,1,서울특별시 강북구 삼양로16길 3,,37.613017,127.0223453,2000,,02-901-5863,서울특별시 강북구청,2025-08-12
04-15-16,1,서울특별시 강북구 삼양로20길 10,,37.61420577,127.022741,2000,한전주,02-901-5863,서울특별시 강북구청,2025-08-12
04-15-15,1,서울특별시 강북구 삼양로20길 10,,37.61420577,127.022741,2000,,02-901-5863,서울특별시 강북구청,2025-08-12
04-15-14,1,서울특별시 강북구 삼양로20가길 24,,37.61356771,127.0230915,2000,,02-901-5863,서울특별시 강북구청,2025-08-12
04-15-13,1,서울특별시 강북구 삼양로20가길 27,,37.61343646,127.0232871,2000,,02-901-5863,서울특별시 강북구청,2025-08-12
04-15-12,1,서울특별시 강북구 삼양로20가길 27,,37.61330761,127.0229603,2000,전용주,02-901-5863,서울특별시 강북구청,2025-08-12
04-15-11,1,서울특별시 강북구 삼양로20가길 27,,37.61339883,127.0230951,2000,,02-901-5863,서울특별시 강북구청,2025-08-12
04-15-10,1,서울특별시 강북구 삼양로20길 10,,37.61420577,127.022741,2000,전용주,02-901-5863,서울특별시 강북구청,2025-08-12
04-15-09,1,서울특별시 강북구 삼양로20길 10,,37.61420577,127.022741,2000,,02-901-5863,서울특별시 강북구청,2025-08-12
04-15-08,1,서울특별시 강북구 삼양로20길 10,,37.61420577,127.022741,2000,전용주,02-901-5863,서울특별시 강북구청,2025-08-12
04-15-07,1,서울특별시 강북구 삼양로20길 10,,37.61420577,127.022741,2000,,02-901-5863,서울특별시 강북구청,2025-08-12
04-15-06,2,서울특별시 강북구 삼양로16길 3,,37.613017,127.0223453,2000,한전주,02-901-5863,서울특별시 강북구청,2025-08-12
04-15-05,1,서울특별시 강북구 삼양로16길 13,,37.61297229,127.022921,2000,,02-901-5863,서울특별시 강북구청,2025-08-12
04-15-04,1,서울특별시 강북구 삼양로16길 13,,37.61297229,127.022921,2000,,02-901-5863,서울특별시 강북구청,2025-08-12
04-15-03,1,서울특별시 강북구 삼양로16길 13,,37.61297229,127.0229974,2000,전용주,02-901-5863,서울특별시 강북구청,2025-08-12
04-15-02,1,서울특별시 강북구 삼양로16길 13,,37.61297229,127.022921,2000,,02-901-5863,서울특별시 강북구청,2025-08-12
04-15-01,1,서울특별시 강북구 삼양로16길 15,,37.61293916,127.0230784,2000,,02-901-5863,서울특별시 강북구청,2025-08-12
04-14-33,1,서울특별시 강북구 삼양로20길 14,,37.61427177,127.0229931,2000,,02-901-5863,서울특별시 강북구청,2025-08-12
04-14-32,1,서울특별시 강북구 삼양로20길 14,,37.61427177,127.0229931,2000,전용주,02-901-5863,서울특별시 강북구청,2025-08-12
04-14-31,1,서울특별시 강북구 삼양로20가길 15,,37.61372485,127.0233301,2000,,02-901-5863,서울특별시 강북구청,2025-08-12
04-14-30,1,서울특별시 강북구 삼양로20가길 11,,37.61389085,127.0233036,2000,,02-901-5863,서울특별시 강북구청,2025-08-12
04-14-29,1,서울특별시 강북구 삼양로20가길 7,,37.61407669,127.0233467,2000,한전주,02-901-5863,서울특별시 강북구청,2025-08-12
04-14-28,1,서울특별시 강북구 삼양로20가길 3,,37.61423022,127.0233676,2000,,02-901-5863,서울특별시 강북구청,2025-08-12
04-14-27,1,서울특별시 강북구 삼양로20길 20,,37.61432914,127.0233661,2000,한전주,02-901-5863,서울특별시 강북구청,2025-08-12
04-14-26,1,서울특별시 강북구 삼양로20길 22,,37.61435322,127.0234004,2000,,02-901-5863,서울특별시 강북구청,2025-08-12
04-14-25,1,서울특별시 강북구 삼양로20길 22,,37.61435322,127.0234918,2000,한전주,02-901-5863,서울특별시 강북구청,2025-08-12
04-14-24,1,서울특별시 강북구 삼양로20길 22,,37.61435322,127.023408,2000,,02-901-5863,서울특별시 강북구청,2025-08-12
04-14-23,1,서울특별시 강북구 삼양로20길 22,,37.61435322,127.0234168,2000,전용주,02-901-5863,서울특별시 강북구청,2025-08-12
04-14-22,1,서울특별시 강북구 삼양로20길 22,,37.61435322,127.0234688,2000,,02-901-5863,서울특별시 강북구청,2025-08-12
04-14-21,1,서울특별시 강북구 삼양로20길 24,,37.61436723,127.0236148,2000,,02-901-5863,서울특별시 강북구청,2025-08-12
04-14-20,1,서울특별시 강북구 숭인로7길 53,,37.61432312,127.0237286,2000,한전주,02-901-5863,서울특별시 강북구청,2025-08-12
04-14-19,1,서울특별시 강북구 숭인로7길 47,,37.61414406,127.0238669,2000,한전주,02-901-5863,서울특별시 강북구청,2025-08-12
04-14-18,1,서울특별시 강북구 숭인로7길 41,,37.61389648,127.0240206,2000,,02-901-5863,서울특별시 강북구청,2025-08-12
04-14-17,1,서울특별시 강북구 삼양로16길 31,,37.61422308,127.0236167,2000,한전주,02-901-5863,서울특별시 강북구청,2025-08-12
04-14-16,1,서울특별시 강북구 삼양로16길 31,,37.61384497,127.0236556,2000,한전주,02-901-5863,서울특별시 강북구청,2025-08-12
04-14-15,1,서울특별시 강북구 삼양로16길 31,,37.613820,127.0239051,2000,,02-901-5863,서울특별시 강북구청,2025-08-12
04-14-14,1,서울특별시 강북구 삼양로16길 31,,37.61357478,127.0236704,2000,한전주,02-901-5863,서울특별시 강북구청,2025-08-12
04-14-13,1,서울특별시 강북구 삼양로16길 31,,37.61350317,127.023728,2000,,02-901-5863,서울특별시 강북구청,2025-08-12
04-14-12,1,서울특별시 강북구 삼양로16길 31,,37.61329558,127.0236854,2000,,02-901-5863,서울특별시 강북구청,2025-08-12
04-14-11,1,서울특별시 강북구 삼양로16길 31,,37.61332514,127.0239908,2000,,02-901-5863,서울특별시 강북구청,2025-08-12
04-14-10,1,서울특별시 강북구 삼양로16길 31,,37.61341401,127.0238424,2000,,02-901-5863,서울특별시 강북구청,2025-08-12
04-14-09,1,서울특별시 강북구 삼양로16길 39,,37.61324077,127.0243435,2000,,02-901-5863,서울특별시 강북구청,2025-08-12
04-14-08,1,서울특별시 강북구 삼양로16길 39,,37.61324077,127.0243435,2000,한전주,02-901-5863,서울특별시 강북구청,2025-08-12
04-14-07,1,서울특별시 강북구 숭인로7길 31,,37.61354991,127.0242393,2000,한전주,02-901-5863,서울특별시 강북구청,2025-08-12
04-14-06,1,서울특별시 강북구 삼양로16길 39,,37.61324077,127.0243435,2000,,02-901-5863,서울특별시 강북구청,2025-08-12
04-14-05,1,서울특별시 강북구 삼양로16길 39,,37.61324077,127.0243435,2000,,02-901-5863,서울특별시 강북구청,2025-08-12
04-14-04,1,서울특별시 강북구 삼양로16길 39,,37.61324077,127.0243435,2000,,02-901-5863,서울특별시 강북구청,2025-08-12
04-14-03,1,서울특별시 강북구 삼양로16길 39,,37.61324077,127.0243435,2000,한전주,02-901-5863,서울특별시 강북구청,2025-08-12
04-14-02,1,서울특별시 강북구 숭인로7길 25,,37.61323985,127.0244378,2000,한전주,02-901-5863,서울특별시 강북구청,2025-08-12
04-14-01,1,서울특별시 강북구 숭인로7길 25,,37.61323869,127.0244337,2000,,02-901-5863,서울특별시 강북구청,2025-08-12
04-13-51,1,서울특별시 강북구 숭인로7길 38,,37.61384176,127.0243579,2000,,02-901-5863,서울특별시 강북구청,2025-08-12
04-13-50,1,서울특별시 강북구 삼양로20길 41,,37.61483098,127.0244889,2000,,02-901-5863,서울특별시 강북구청,2025-08-12
04-13-49,2,서울특별시 강북구 삼양로20길 32,,37.6145063,127.0240887,2000,,02-901-5863,서울특별시 강북구청,2025-08-12
04-13-48,1,서울특별시 강북구 삼양로20길 34,,37.61452335,127.0241974,2000,,02-901-5863,서울특별시 강북구청,2025-08-12
04-13-47,1,서울특별시 강북구 삼양로20길 34,,37.61452335,127.0241974,2000,,02-901-5863,서울특별시 강북구청,2025-08-12
04-13-46,1,서울특별시 강북구 숭인로7길 42,,37.61399417,127.0242653,2000,,02-901-5863,서울특별시 강북구청,2025-08-12
04-13-45,1,서울특별시 강북구 삼양로20길 34,,37.61452335,127.0241974,2000,한전주,02-901-5863,서울특별시 강북구청,2025-08-12
04-13-43,1,서울특별시 강북구 삼양로20길 34,,37.61452335,127.0241974,2000,한전주,02-901-5863,서울특별시 강북구청,2025-08-12
04-13-42,2,서울특별시 강북구 삼양로20길 38,,37.61458954,127.0243481,2000,한전주,02-901-5863,서울특별시 강북구청,2025-08-12
04-13-41,1,서울특별시 강북구 삼양로20길 40,,37.61465335,127.0244379,2000,,02-901-5863,서울특별시 강북구청,2025-08-12
04-13-40,1,서울특별시 강북구 삼양로20길 40,,37.61465151,127.0244405,2000,,02-901-5863,서울특별시 강북구청,2025-08-12
04-13-39,1,서울특별시 강북구 삼양로20길 40,,37.61465151,127.0244405,2000,,02-901-5863,서울특별시 강북구청,2025-08-12
04-13-38,1,서울특별시 강북구 숭인로7나길 17,,37.61415899,127.0250828,2000,,02-901-5863,서울특별시 강북구청,2025-08-12
04-13-37,1,서울특별시 강북구 숭인로7나길 13,,37.61398442,127.0248755,2000,,02-901-5863,서울특별시 강북구청,2025-08-12
04-13-36,1,서울특별시 강북구 숭인로7나길 13,,37.61398442,127.0248755,2000,,02-901-5863,서울특별시 강북구청,2025-08-12
04-13-35,1,서울특별시 강북구 숭인로7나길 13,,37.6139812,127.0248771,2000,한전주,02-901-5863,서울특별시 강북구청,2025-08-12
04-13-34,1,서울특별시 강북구 숭인로7나길 7,,37.61386296,127.0247427,2000,한전주,02-901-5863,서울특별시 강북구청,2025-08-12
04-13-33,2,서울특별시 강북구 숭인로7나길 7,,37.61386296,127.0247427,2000,한전주,02-901-5863,서울특별시 강북구청,2025-08-12
04-13-32,1,서울특별시 강북구 숭인로7길 38,,37.61384176,127.0243579,2000,,02-901-5863,서울특별시 강북구청,2025-08-12
04-13-31,2,서울특별시 강북구 숭인로7길 38,,37.61384176,127.0243579,2000,한전주,02-901-5863,서울특별시 강북구청,2025-08-12
04-13-30,1,서울특별시 강북구 숭인로7길 42,,37.61393104,127.0242325,2000,전용주,02-901-5863,서울특별시 강북구청,2025-08-12
04-13-29,1,서울특별시 강북구 삼양로20길 31,,37.61466763,127.0239847,2000,,02-901-5863,서울특별시 강북구청,2025-08-12
04-13-28,1,서울특별시 강북구 삼양로20길 31,,37.61466763,127.0239847,2000,한전주,02-901-5863,서울특별시 강북구청,2025-08-12
04-13-27,1,서울특별시 강북구 삼양로20길 31,,37.61466864,127.0239788,2000,,02-901-5863,서울특별시 강북구청,2025-08-12
04-13-26,1,서울특별시 강북구 삼양로20길 37,,37.6148221,127.0241412,2000,,02-901-5863,서울특별시 강북구청,2025-08-12
04-13-25,1,서울특별시 강북구 삼양로20길 37,,37.61505569,127.0240589,2000,,02-901-5863,서울특별시 강북구청,2025-08-12
04-13-24,1,서울특별시 강북구 삼양로20나길 5,,37.61523912,127.0249571,2000,한전주,02-901-5863,서울특별시 강북구청,2025-08-12
04-13-23,1,서울특별시 강북구 삼양로20길 41,,37.61483098,127.0244219,2000,,02-901-5863,서울특별시 강북구청,2025-08-12
04-13-22,1,서울특별시 강북구 삼양로20길 41,,37.61483098,127.0244889,2000,한전주,02-901-5863,서울특별시 강북구청,2025-08-12
04-13-21,1,서울특별시 강북구 삼양로20나길 5,,37.61523912,127.0249571,2000,한전주,02-901-5863,서울특별시 강북구청,2025-08-12
04-13-20,1,서울특별시 강북구 삼양로20나길 5,,37.61523912,127.0249571,2000,,02-901-5863,서울특별시 강북구청,2025-08-12
04-13-19,1,서울특별시 강북구 삼양로20나길 5,,37.61523912,127.0249571,2000,,02-901-5863,서울특별시 강북구청,2025-08-12
04-13-18,1,서울특별시 강북구 삼양로20나길 7,,37.61530568,127.0248712,2000,한전주,02-901-5863,서울특별시 강북구청,2025-08-12
04-13-17,1,서울특별시 강북구 삼양로20나길 5,,37.61523912,127.0249571,2000,,02-901-5863,서울특별시 강북구청,2025-08-12
04-13-16,1,서울특별시 강북구 삼양로20나길 5,,37.61523912,127.0249571,2000,한전주,02-901-5863,서울특별시 강북구청,2025-08-12
04-13-15,1,서울특별시 강북구 삼양로20나길 5,,37.61523794,127.0249571,2000,,02-901-5863,서울특별시 강북구청,2025-08-12
04-13-14,1,서울특별시 강북구 삼양로20나길 9,,37.61536706,127.0247758,2000,,02-901-5863,서울특별시 강북구청,2025-08-12
04-13-13,1,서울특별시 강북구 삼양로20나길 15,,37.61552742,127.0246006,2000,,02-901-5863,서울특별시 강북구청,2025-08-12
04-13-12,2,서울특별시 강북구 삼양로20길 29,,37.61490883,127.0237323,2000,한전주,02-901-5863,서울특별시 강북구청,2025-08-12
04-13-11,2,서울특별시 강북구 삼양로20길 29,,37.61490883,127.0237323,2000,한전주,02-901-5863,서울특별시 강북구청,2025-08-12
04-13-10,1,서울특별시 강북구 삼양로20길 29,,37.61490883,127.0237323,2000,한전주,02-901-5863,서울특별시 강북구청,2025-08-12
04-13-09,1,서울특별시 강북구 삼양로20길 29,,37.61490883,127.0237323,2000,한전주,02-901-5863,서울특별시 강북구청,2025-08-12
04-13-08,1,서울특별시 강북구 삼양로20길 29,,37.61490883,127.0237323,2000,한전주,02-901-5863,서울특별시 강북구청,2025-08-12
04-13-07,1,서울특별시 강북구 삼양로20나길 50,,37.61669983,127.0234824,2000,,02-901-5863,서울특별시 강북구청,2025-08-12
04-13-06,1,서울특별시 강북구 삼양로20길 29,,37.61490883,127.0237323,2000,한전주,02-901-5863,서울특별시 강북구청,2025-08-12
04-13-05,1,서울특별시 강북구 삼양로20길 29,,37.61490883,127.0237323,2000,한전주,02-901-5863,서울특별시 강북구청,2025-08-12
04-13-04,1,서울특별시 강북구 삼양로20길 29,,37.61490883,127.0237323,2000,,02-901-5863,서울특별시 강북구청,2025-08-12
04-13-03,1,서울특별시 강북구 삼양로20길 29,,37.61490883,127.0237323,2000,전용주,02-901-5863,서울특별시 강북구청,2025-08-12
04-13-02,1,서울특별시 강북구 삼양로20길 29,,37.61490883,127.0237323,2000,한전주,02-901-5863,서울특별시 강북구청,2025-08-12
04-13-01,1,서울특별시 강북구 삼양로20길 29,,37.61490883,127.0237323,2000,전용주,02-901-5863,서울특별시 강북구청,2025-08-12
04-12-44,1,서울특별시 강북구 도봉로13길 65,,37.61499386,127.0266466,2000,,02-901-5863,서울특별시 강북구청,2025-08-12
04-12-43,1,서울특별시 강북구 삼양로20길 52,,37.6149559,127.0250683,2000,,02-901-5863,서울특별시 강북구청,2025-08-12
04-12-42,1,서울특별시 강북구 도봉로13길 73,,37.61523655,127.0263219,2000,,02-901-5863,서울특별시 강북구청,2025-08-12
04-12-41,1,서울특별시 강북구 숭인로13길 48,,37.61454572,127.027054,2000,,02-901-5863,서울특별시 강북구청,2025-08-12
04-12-40,1,서울특별시 강북구 숭인로7나길 45,,37.61468152,127.0265101,2000,,02-901-5863,서울특별시 강북구청,2025-08-12
04-12-39,1,서울특별시 강북구 숭인로7나길 33,,37.614513,127.0258548,2000,,02-901-5863,서울특별시 강북구청,2025-08-12
04-12-38,1,서울특별시 강북구 숭인로7나길 33,,37.614513,127.0258548,2000,한전주,02-901-5863,서울특별시 강북구청,2025-08-12
04-12-37,1,서울특별시 강북구 숭인로7나길 33,,37.614513,127.0258548,2000,,02-901-5863,서울특별시 강북구청,2025-08-12
04-12-36,1,서울특별시 강북구 숭인로7나길 33,,37.61451187,127.0258556,2000,한전주,02-901-5863,서울특별시 강북구청,2025-08-12
04-12-35,1,서울특별시 강북구 숭인로7나길 27,,37.61438386,127.0255679,2000,,02-901-5863,서울특별시 강북구청,2025-08-12
04-12-34,1,서울특별시 강북구 숭인로7나길 27,,37.61438386,127.0255679,2000,한전주,02-901-5863,서울특별시 강북구청,2025-08-12
04-12-33,1,서울특별시 강북구 숭인로7나길 25,,37.61470532,127.0252754,2000,한전주,02-901-5863,서울특별시 강북구청,2025-08-12
04-12-32,1,서울특별시 강북구 숭인로7나길 23,,37.61456014,127.0251527,2000,한전주,02-901-5863,서울특별시 강북구청,2025-08-12
04-07-33,1,서울특별시 강북구 솔샘로64나길 14,,37.61640436,127.0269863,2000,,02-901-5863,서울특별시 강북구청,2025-08-12
04-07-32,1,서울특별시 강북구 솔샘로64길 12,,37.61664289,127.0275043,2000,,02-901-5863,서울특별시 강북구청,2025-08-12
04-06-32,1,서울특별시 강북구 솔샘로68길 35,,37.61544848,127.029083,2000,,02-901-5863,서울특별시 강북구청,2025-08-12
04-06-31,1,서울특별시 강북구 솔샘로64길 43,,37.61554377,127.0286173,2000,,02-901-5863,서울특별시 강북구청,2025-08-12
04-04-53,1,서울특별시 강북구 솔샘로60길 13,,37.61769154,127.0248664,2000,,02-901-5863,서울특별시 강북구청,2025-08-12
04-04-52,1,서울특별시 강북구 도봉로49길 77,,37.62411486,127.022332,2000,전용주,02-901-5863,서울특별시 강북구청,2025-08-12
04-04-51,1,서울특별시 강북구 솔샘로60길 9,,37.61775745,127.0249864,2000,한전주,02-901-5863,서울특별시 강북구청,2025-08-12
04-04-50,1,서울특별시 강북구 솔샘로60길 20,,37.61768915,127.024353,2000,,02-901-5863,서울특별시 강북구청,2025-08-12
04-04-48,1,서울특별시 강북구 솔샘로60길 18,,37.61774324,127.0245118,2000,한전주,02-901-5863,서울특별시 강북구청,2025-08-12
04-04-47,1,서울특별시 강북구 솔샘로58길 11,,37.61799741,127.0240431,2000,,02-901-5863,서울특별시 강북구청,2025-08-12
04-04-46,1,서울특별시 강북구 솔샘로58길 15,,37.61783162,127.0241472,2000,,02-901-5863,서울특별시 강북구청,2025-08-12
04-04-45,1,서울특별시 강북구 솔샘로60길 21,,37.61749122,127.0243896,2000,한전주,02-901-5863,서울특별시 강북구청,2025-08-12
04-04-44,1,서울특별시 강북구 솔샘로60길 21,,37.61749009,127.024357,2000,,02-901-5863,서울특별시 강북구청,2025-08-12
04-04-43,1,서울특별시 강북구 솔샘로60길 17,,37.61758348,127.0245615,2000,,02-901-5863,서울특별시 강북구청,2025-08-12
04-04-42,1,서울특별시 강북구 솔샘로60길 17,,37.61758348,127.0245615,2000,,02-901-5863,서울특별시 강북구청,2025-08-12
04-04-41,1,서울특별시 강북구 솔샘로60길 21,,37.61749122,127.0243896,2000,,02-901-5863,서울특별시 강북구청,2025-08-12
04-04-40,1,서울특별시 강북구 솔샘로60길 20,,37.61768915,127.024353,2000,,02-901-5863,서울특별시 강북구청,2025-08-12
04-04-39,1,서울특별시 강북구 솔샘로60길 18,,37.61774324,127.0245118,2000,,02-901-5863,서울특별시 강북구청,2025-08-12
04-04-38,1,서울특별시 강북구 솔샘로60길 18,,37.61774324,127.0245118,2000,,02-901-5863,서울특별시 강북구청,2025-08-12
04-04-37,1,서울특별시 강북구 솔샘로60길 14,,37.61785653,127.0247593,2000,전용주,02-901-5863,서울특별시 강북구청,2025-08-12
04-04-36,1,서울특별시 강북구 솔샘로60길 14,,37.61789795,127.0247593,2000,,02-901-5863,서울특별시 강북구청,2025-08-12
04-04-35,1,서울특별시 강북구 솔샘로60길 13,,37.61769154,127.0248664,2000,한전주,02-901-5863,서울특별시 강북구청,2025-08-12
04-04-34,1,서울특별시 강북구 솔샘로60길 13,,37.61769154,127.0248664,2000,,02-901-5863,서울특별시 강북구청,2025-08-12
04-04-33,1,서울특별시 강북구 솔샘로60길 13,,37.61769154,127.0248242,2000,,02-901-5863,서울특별시 강북구청,2025-08-12
04-04-32,1,서울특별시 강북구 솔샘로60길 13,,37.61769154,127.0248664,2000,한전주,02-901-5863,서울특별시 강북구청,2025-08-12
04-04-31,1,서울특별시 강북구 솔샘로60길 13,,37.61769154,127.0248664,2000,,02-901-5863,서울특별시 강북구청,2025-08-12
04-03-35,1,서울특별시 강북구 삼양로22길 33,,37.6162977,127.0229138,2000,,02-901-5863,서울특별시 강북구청,2025-08-12
04-03-33,1,서울특별시 강북구 솔샘로60길 21,,37.61749009,127.0243039,2000,한전주,02-901-5863,서울특별시 강북구청,2025-08-12
04-03-32,1,서울특별시 강북구 솔샘로60길 29,,37.61737843,127.0240796,2000,,02-901-5863,서울특별시 강북구청,2025-08-12
04-02-30,1,서울특별시 강북구 솔샘로60길 28,,37.61755963,127.0239966,2000,,02-901-5863,서울특별시 강북구청,2025-08-12
03-41-55,1,서울특별시 강북구 오현로 27,,37.61665962,127.0330302,2000,,02-901-5863,서울특별시 강북구청,2025-08-12
03-41-52,1,서울특별시 강북구 도봉로16길 27,,37.61749541,127.0315666,2000,,02-901-5863,서울특별시 강북구청,2025-08-12
03-41-51,1,서울특별시 강북구 도봉로18가길 16,,37.61834033,127.0321317,2000,,02-901-5863,서울특별시 강북구청,2025-08-12
03-41-50,1,서울특별시 강북구 도봉로18가길 16,,37.61837488,127.0321374,2000,한전주,02-901-5863,서울특별시 강북구청,2025-08-12
03-41-49,1,서울특별시 강북구 도봉로18가길 8,,37.61820073,127.031646,2000,,02-901-5863,서울특별시 강북구청,2025-08-12
03-41-48,1,서울특별시 강북구 도봉로18가길 8,,37.61825367,127.0316405,2000,한전주,02-901-5863,서울특별시 강북구청,2025-08-12
03-41-47,1,서울특별시 강북구 도봉로18가길 6,,37.61823463,127.0315162,2000,,02-901-5863,서울특별시 강북구청,2025-08-12
03-41-46,1,서울특별시 강북구 도봉로18길 30,,37.61817891,127.031313,2000,한전주,02-901-5863,서울특별시 강북구청,2025-08-12
03-41-45,1,서울특별시 강북구 도봉로18길 30,,37.61817891,127.031313,2000,한전주,02-901-5863,서울특별시 강북구청,2025-08-12
03-41-44,1,서울특별시 강북구 오현로7길 36,,37.61815485,127.0316758,2000,한전주,02-901-5863,서울특별시 강북구청,2025-08-12
03-41-43,1,서울특별시 강북구 오현로7길 34,,37.61806986,127.0323002,2000,한전주,02-901-5863,서울특별시 강북구청,2025-08-12
03-41-42,1,서울특별시 강북구 도봉로16길 27,,37.61749541,127.0315666,2000,한전주,02-901-5863,서울특별시 강북구청,2025-08-12
03-41-41,1,서울특별시 강북구 도봉로16길 27,,37.61749541,127.0315666,2000,한전주,02-901-5863,서울특별시 강북구청,2025-08-12
03-41-40,1,서울특별시 강북구 도봉로16길 27,,37.61749541,127.0315666,2000,,02-901-5863,서울특별시 강북구청,2025-08-12
03-41-39,1,서울특별시 강북구 도봉로16길 27,,37.61749541,127.0315666,2000,,02-901-5863,서울특별시 강북구청,2025-08-12
03-41-38,1,서울특별시 강북구 도봉로18길 14,,37.61770022,127.0304961,2000,,02-901-5863,서울특별시 강북구청,2025-08-12
03-41-37,1,서울특별시 강북구 도봉로18길 14,,37.61770022,127.0304961,2000,,02-901-5863,서울특별시 강북구청,2025-08-12
03-41-36,1,서울특별시 강북구 도봉로18길 14,,37.61770022,127.0304961,2000,한전주,02-901-5863,서울특별시 강북구청,2025-08-12
03-41-35,1,서울특별시 강북구 도봉로16길 15,,37.61718146,127.0310735,2000,,02-901-5863,서울특별시 강북구청,2025-08-12
03-41-34,1,서울특별시 강북구 도봉로16길 15,,37.61717682,127.0310768,2000,,02-901-5863,서울특별시 강북구청,2025-08-12
03-41-33,1,서울특별시 강북구 도봉로16길 15,,37.61718146,127.0310419,2000,전용주,02-901-5863,서울특별시 강북구청,2025-08-12
03-41-32,1,서울특별시 강북구 도봉로18길 10,,37.61761421,127.0303448,2000,전용주,02-901-5863,서울특별시 강북구청,2025-08-12
03-41-31,1,서울특별시 강북구 도봉로18길 10,,37.61761421,127.0303448,2000,한전주,02-901-5863,서울특별시 강북구청,2025-08-12
03-41-30,1,서울특별시 강북구 도봉로16길 5,,37.61696453,127.0306222,2000,,02-901-5863,서울특별시 강북구청,2025-08-12
03-41-29,1,서울특별시 강북구 도봉로18길 10,,37.61761421,127.0303448,2000,,02-901-5863,서울특별시 강북구청,2025-08-12
03-41-28,1,서울특별시 강북구 도봉로18길 10,,37.61761421,127.0303448,2000,,02-901-5863,서울특별시 강북구청,2025-08-12
03-41-26,1,서울특별시 강북구 도봉로18길 14,,37.61770364,127.0304923,2000,,02-901-5863,서울특별시 강북구청,2025-08-12
03-41-25,1,서울특별시 강북구 도봉로16길 5,,37.61696453,127.0306377,2000,,02-901-5863,서울특별시 강북구청,2025-08-12
03-41-24,1,서울특별시 강북구 도봉로16길 5,,37.61696453,127.0306377,2000,,02-901-5863,서울특별시 강북구청,2025-08-12
03-41-23,1,서울특별시 강북구 도봉로16길 5,,37.61696453,127.0306377,2000,,02-901-5863,서울특별시 강북구청,2025-08-12
03-41-22,1,서울특별시 강북구 도봉로16길 5,,37.61696453,127.0306377,2000,,02-901-5863,서울특별시 강북구청,2025-08-12
03-41-21,1,서울특별시 강북구 도봉로16길 5,,37.61696453,127.0306377,2000,,02-901-5863,서울특별시 강북구청,2025-08-12
03-41-20,1,서울특별시 강북구 오현로 9,,37.61700008,127.0314657,2000,한전주,02-901-5863,서울특별시 강북구청,2025-08-12
03-41-19,1,서울특별시 강북구 오현로 9,,37.61700008,127.0314657,2000,전용주,02-901-5863,서울특별시 강북구청,2025-08-12
03-41-18,1,서울특별시 강북구 오현로 9,,37.61700008,127.0314657,2000,한전주,02-901-5863,서울특별시 강북구청,2025-08-12
03-41-17,1,서울특별시 강북구 오현로 9,,37.61700008,127.0314657,2000,한전주,02-901-5863,서울특별시 강북구청,2025-08-12
03-41-16,1,서울특별시 강북구 오현로 9,,37.61700008,127.0314657,2000,한전주,02-901-5863,서울특별시 강북구청,2025-08-12
03-41-15,1,서울특별시 강북구 오현로 9,,37.61700008,127.0314657,2000,한전주,02-901-5863,서울특별시 강북구청,2025-08-12
03-41-14,1,서울특별시 강북구 오현로7길 34,,37.61806986,127.0323002,2000,한전주,02-901-5863,서울특별시 강북구청,2025-08-12
03-41-13,1,서울특별시 강북구 오현로7길 20,,37.61706192,127.0324489,2000,전용주,02-901-5863,서울특별시 강북구청,2025-08-12
03-41-12,1,서울특별시 강북구 오현로7길 20,,37.61706192,127.0324489,2000,전용주,02-901-5863,서울특별시 강북구청,2025-08-12
03-41-11,1,서울특별시 강북구 오현로7길 20,,37.61706192,127.0324489,2000,전용주,02-901-5863,서울특별시 강북구청,2025-08-12
03-41-10,1,서울특별시 강북구 오현로 9,,37.61700008,127.0314657,2000,한전주,02-901-5863,서울특별시 강북구청,2025-08-12
03-41-09,1,서울특별시 강북구 오현로 9,,37.61700008,127.0314657,2000,한전주,02-901-5863,서울특별시 강북구청,2025-08-12
03-41-08,1,서울특별시 강북구 도봉로 94,,37.61749345,127.0301325,2000,한전주,02-901-5863,서울특별시 강북구청,2025-08-12
03-41-07,1,서울특별시 강북구 오현로 21,,37.61666085,127.0324845,2000,,02-901-5863,서울특별시 강북구청,2025-08-12
03-41-06,1,서울특별시 강북구 오현로 21,,37.61666085,127.0324845,2000,,02-901-5863,서울특별시 강북구청,2025-08-12
03-41-05,1,서울특별시 강북구 오현로 23,,37.61666882,127.0326536,2000,,02-901-5863,서울특별시 강북구청,2025-08-12
03-41-04,1,서울특별시 강북구 오현로 23,,37.61666882,127.0326536,2000,,02-901-5863,서울특별시 강북구청,2025-08-12
03-41-03,1,서울특별시 강북구 오현로 27,,37.61665962,127.0330302,2000,,02-901-5863,서울특별시 강북구청,2025-08-12
03-41-02,1,서울특별시 강북구 오현로 27,,37.61665962,127.0330302,2000,한전주,02-901-5863,서울특별시 강북구청,2025-08-12
03-41-01,1,서울특별시 강북구 오현로 27,,37.61665962,127.0330302,2000,,02-901-5863,서울특별시 강북구청,2025-08-12
03-40-25,1,서울특별시 강북구 도봉로18길 21,,37.61804124,127.0308077,2000,한전주,02-901-5863,서울특별시 강북구청,2025-08-12
03-40-24,1,서울특별시 강북구 도봉로 100,,37.6180041,127.0297747,2000,,02-901-5863,서울특별시 강북구청,2025-08-12
03-40-23,1,서울특별시 강북구 도봉로18길 33,,37.61839688,127.0311231,2000,,02-901-5863,서울특별시 강북구청,2025-08-12
03-40-22,1,서울특별시 강북구 도봉로18길 25,,37.61821234,127.0309954,2000,한전주,02-901-5863,서울특별시 강북구청,2025-08-12
03-40-21,1,서울특별시 강북구 도봉로18길 21,,37.61804124,127.0308714,2000,,02-901-5863,서울특별시 강북구청,2025-08-12
03-40-20,1,서울특별시 강북구 도봉로18길 21,,37.61804124,127.0308665,2000,,02-901-5863,서울특별시 강북구청,2025-08-12
03-40-19,1,서울특별시 강북구 도봉로18길 21,,37.61804124,127.0308714,2000,한전주,02-901-5863,서울특별시 강북구청,2025-08-12
03-40-18,1,서울특별시 강북구 도봉로18길 21,,37.61804124,127.0308714,2000,한전주,02-901-5863,서울특별시 강북구청,2025-08-12
03-40-17,1,서울특별시 강북구 도봉로18길 21,,37.61804124,127.0308714,2000,한전주,02-901-5863,서울특별시 강북구청,2025-08-12
03-40-16,1,서울특별시 강북구 도봉로20길 16,,37.61861035,127.0303235,2000,,02-901-5863,서울특별시 강북구청,2025-08-12
03-40-15,1,서울특별시 강북구 도봉로20길 16,,37.61861229,127.0303219,2000,,02-901-5863,서울특별시 강북구청,2025-08-12
03-40-14,1,서울특별시 강북구 도봉로18길 17,,37.61793471,127.0306293,2000,,02-901-5863,서울특별시 강북구청,2025-08-12
03-40-13,1,서울특별시 강북구 도봉로18길 17,,37.61793471,127.0306666,2000,한전주,02-901-5863,서울특별시 강북구청,2025-08-12
03-40-12,1,서울특별시 강북구 도봉로20나길 11,,37.61818067,127.0303085,2000,,02-901-5863,서울특별시 강북구청,2025-08-12
03-40-11,1,서울특별시 강북구 도봉로18길 11,,37.61779332,127.0303919,2000,,02-901-5863,서울특별시 강북구청,2025-08-12
03-40-10,1,서울특별시 강북구 도봉로18길 11,,37.61779289,127.0303891,2000,한전주,02-901-5863,서울특별시 강북구청,2025-08-12
03-40-09,1,서울특별시 강북구 도봉로20나길 18,,37.61782707,127.0301622,2000,,02-901-5863,서울특별시 강북구청,2025-08-12
03-40-08,1,서울특별시 강북구 도봉로20나길 13,,37.61804469,127.0303292,2000,,02-901-5863,서울특별시 강북구청,2025-08-12
03-40-07,1,서울특별시 강북구 도봉로20나길 6,,37.61831182,127.0299406,2000,한전주,02-901-5863,서울특별시 강북구청,2025-08-12
03-40-06,1,서울특별시 강북구 도봉로20길 10,,37.61851959,127.0300059,2000,,02-901-5863,서울특별시 강북구청,2025-08-12
03-40-05,1,서울특별시 강북구 도봉로20나길 1,,37.61856612,127.0301866,2000,한전주,02-901-5863,서울특별시 강북구청,2025-08-12
03-40-02,1,서울특별시 강북구 도봉로18길 3,,37.61766845,127.0299702,2000,한전주,02-901-5863,서울특별시 강북구청,2025-08-12
03-40-01,1,서울특별시 강북구 도봉로18길 3,,37.61766845,127.0299209,2000,,02-901-5863,서울특별시 강북구청,2025-08-12
03-37-41,1,서울특별시 강북구 오현로9길 97,,37.62091339,127.0329428,2000,전용주,02-901-5863,서울특별시 강북구청,2025-08-12
03-37-40,1,서울특별시 강북구 도봉로28길 58,,37.62103947,127.0318407,2000,,02-901-5863,서울특별시 강북구청,2025-08-12
03-37-29,1,서울특별시 강북구 오패산로48길 8,,37.6211011,127.0327591,2000,,02-901-5863,서울특별시 강북구청,2025-08-12
03-37-28,1,서울특별시 강북구 오패산로48길 8,,37.62100219,127.032783,2000,,02-901-5863,서울특별시 강북구청,2025-08-12
03-37-27,1,서울특별시 강북구 오패산로48길 8,,37.62090318,127.0327956,2000,,02-901-5863,서울특별시 강북구청,2025-08-12
03-37-26,1,서울특별시 강북구 오현로9길 99,,37.621075,127.0329047,2000,한전주,02-901-5863,서울특별시 강북구청,2025-08-12
03-37-25,1,서울특별시 강북구 오패산로48길 24,,37.62177477,127.0324977,2000,,02-901-5863,서울특별시 강북구청,2025-08-12
03-37-24,1,서울특별시 강북구 오패산로48길 22,,37.62166684,127.0325252,2000,,02-901-5863,서울특별시 강북구청,2025-08-12
03-37-23,1,서울특별시 강북구 오패산로48길 18,,37.62156792,127.0325491,2000,,02-901-5863,서울특별시 강북구청,2025-08-12
03-37-22,1,서울특별시 강북구 오패산로48길 16,,37.62147802,127.032573,2000,,02-901-5863,서울특별시 강북구청,2025-08-12
03-37-21,1,서울특별시 강북구 오패산로48길 10,,37.62115423,127.0326451,2000,,02-901-5863,서울특별시 강북구청,2025-08-12
03-37-20,1,서울특별시 강북구 오패산로 199,,37.61966985,127.0325388,2000,,02-901-5863,서울특별시 강북구청,2025-08-12
03-37-19,1,서울특별시 강북구 도봉로28길 64,,37.62104158,127.0320915,2000,한전주,02-901-5863,서울특별시 강북구청,2025-08-12
03-37-18,1,서울특별시 강북구 도봉로28길 64,,37.62104651,127.0320963,2000,한전주,02-901-5863,서울특별시 강북구청,2025-08-12
03-37-17,1,서울특별시 강북구 도봉로28길 64,,37.62104651,127.0320963,2000,,02-901-5863,서울특별시 강북구청,2025-08-12
03-37-16,1,서울특별시 강북구 도봉로28길 58,,37.62103947,127.0318407,2000,한전주,02-901-5863,서울특별시 강북구청,2025-08-12
03-37-15,1,서울특별시 강북구 도봉로18다길 21,,37.61943567,127.0323103,2000,한전주,02-901-5863,서울특별시 강북구청,2025-08-12
03-37-14,1,서울특별시 강북구 도봉로18다길 21,,37.61943567,127.0323103,2000,,02-901-5863,서울특별시 강북구청,2025-08-12
03-37-13,1,서울특별시 강북구 도봉로28길 58,,37.62103947,127.0318407,2000,한전주,02-901-5863,서울특별시 강북구청,2025-08-12
03-37-12,1,서울특별시 강북구 도봉로28길 58,,37.62103947,127.0318407,2000,,02-901-5863,서울특별시 강북구청,2025-08-12
03-37-11,1,서울특별시 강북구 도봉로28길 62,,37.62104083,127.0319999,2000,,02-901-5863,서울특별시 강북구청,2025-08-12
03-37-10,1,서울특별시 강북구 도봉로28길 58,,37.62104854,127.0318422,2000,한전주,02-901-5863,서울특별시 강북구청,2025-08-12
03-37-09,1,서울특별시 강북구 도봉로28길 56,,37.62097582,127.0316429,2000,,02-901-5863,서울특별시 강북구청,2025-08-12
03-37-08,1,서울특별시 강북구 도봉로28길 56,,37.6209748,127.0316393,2000,,02-901-5863,서울특별시 강북구청,2025-08-12
03-37-07,1,서울특별시 강북구 도봉로28길 56,,37.6209748,127.0316393,2000,한전주,02-901-5863,서울특별시 강북구청,2025-08-12
03-37-06,1,서울특별시 강북구 도봉로28나길 7,,37.62066857,127.0316546,2000,한전주,02-901-5863,서울특별시 강북구청,2025-08-12
03-37-05,1,서울특별시 강북구 도봉로28나길 13,,37.62050002,127.0316116,2000,한전주,02-901-5863,서울특별시 강북구청,2025-08-12
03-37-04,1,서울특별시 강북구 도봉로28나길 13,,37.62050002,127.0316116,2000,,02-901-5863,서울특별시 강북구청,2025-08-12
03-37-03,1,서울특별시 강북구 도봉로28나길 13,,37.62050002,127.0316116,2000,한전주,02-901-5863,서울특별시 강북구청,2025-08-12
03-37-02,1,서울특별시 강북구 도봉로28나길 13,,37.62050002,127.0316697,2000,한전주,02-901-5863,서울특별시 강북구청,2025-08-12
03-37-01,1,서울특별시 강북구 도봉로28나길 21,,37.62009141,127.0315941,2000,한전주,02-901-5863,서울특별시 강북구청,2025-08-12
03-36-06,1,서울특별시 강북구 오현로9길 41,,37.61843969,127.0334505,2000,전용주,02-901-5863,서울특별시 강북구청,2025-08-12
03-35-22,1,서울특별시 강북구 도봉로24길 28,,37.61968682,127.0306025,2000,전용주,02-901-5863,서울특별시 강북구청,2025-08-12
03-35-21,1,서울특별시 강북구 도봉로24길 28,,37.61968498,127.0306968,2000,,02-901-5863,서울특별시 강북구청,2025-08-12
03-35-20,1,서울특별시 강북구 도봉로24길 28,,37.61968498,127.0306045,2000,전용주,02-901-5863,서울특별시 강북구청,2025-08-12
03-35-19,1,서울특별시 강북구 도봉로24길 24,,37.61946846,127.0303448,2000,,02-901-5863,서울특별시 강북구청,2025-08-12
03-35-18,1,서울특별시 강북구 도봉로24길 16,,37.61952118,127.029893,2000,,02-901-5863,서울특별시 강북구청,2025-08-12
03-35-17,1,서울특별시 강북구 도봉로20가길 16,,37.61941969,127.0298923,2000,,02-901-5863,서울특별시 강북구청,2025-08-12
03-35-16,1,서울특별시 강북구 도봉로20가길 12,,37.61912331,127.0300094,2000,한전주,02-901-5863,서울특별시 강북구청,2025-08-12
03-35-15,1,서울특별시 강북구 도봉로20가길 8,,37.6189617,127.0300795,2000,한전주,02-901-5863,서울특별시 강북구청,2025-08-12
03-35-14,1,서울특별시 강북구 도봉로22길 5,,37.61916929,127.0301221,2000,,02-901-5863,서울특별시 강북구청,2025-08-12
03-35-13,1,서울특별시 강북구 도봉로22길 4,,37.61900051,127.0301948,2000,,02-901-5863,서울특별시 강북구청,2025-08-12
03-35-12,1,서울특별시 강북구 도봉로22길 6,,37.61899059,127.0303057,2000,,02-901-5863,서울특별시 강북구청,2025-08-12
03-35-11,1,서울특별시 강북구 도봉로22길 8,,37.61906047,127.0304051,2000,,02-901-5863,서울특별시 강북구청,2025-08-12
03-35-10,1,서울특별시 강북구 도봉로22길 9,,37.61927982,127.0304152,2000,한전주,02-901-5863,서울특별시 강북구청,2025-08-12
03-35-09,1,서울특별시 강북구 도봉로22길 15,,37.6192995,127.0307434,2000,,02-901-5863,서울특별시 강북구청,2025-08-12
03-35-08,1,서울특별시 강북구 도봉로22길 17,,37.61939202,127.0309121,2000,한전주,02-901-5863,서울특별시 강북구청,2025-08-12
03-35-07,1,서울특별시 강북구 도봉로18길 58,,37.6194758,127.0312396,2000,한전주,02-901-5863,서울특별시 강북구청,2025-08-12
03-35-06,1,서울특별시 강북구 도봉로18길 54,,37.61929617,127.0313098,2000,,02-901-5863,서울특별시 강북구청,2025-08-12
03-35-05,1,서울특별시 강북구 도봉로18길 47,,37.61898088,127.031212,2000,전용주,02-901-5863,서울특별시 강북구청,2025-08-12
03-35-04,1,서울특별시 강북구 도봉로20길 25,,37.6188417,127.0308287,2000,,02-901-5863,서울특별시 강북구청,2025-08-12
03-35-03,1,서울특별시 강북구 도봉로20길 23,,37.61881384,127.0307271,2000,,02-901-5863,서울특별시 강북구청,2025-08-12
03-35-02,1,서울특별시 강북구 도봉로20길 19,,37.61878655,127.0304784,2000,,02-901-5863,서울특별시 강북구청,2025-08-12
03-35-01,1,서울특별시 강북구 도봉로20길 15,,37.61872534,127.0302286,2000,,02-901-5863,서울특별시 강북구청,2025-08-12
03-34-48,1,서울특별시 강북구 도봉로 120,,37.61966694,127.0292774,2000,,02-901-5863,서울특별시 강북구청,2025-08-12
03-34-47,1,서울특별시 강북구 도봉로24길 21,,37.61972977,127.0301996,2000,한전주,02-901-5863,서울특별시 강북구청,2025-08-12
03-34-46,1,서울특별시 강북구 도봉로24길 21,,37.61979131,127.0301593,2000,전용주,02-901-5863,서울특별시 강북구청,2025-08-12
03-34-45,1,서울특별시 강북구 도봉로24길 23,,37.61977459,127.0303181,2000,한전주,02-901-5863,서울특별시 강북구청,2025-08-12
03-34-44,1,서울특별시 강북구 도봉로24길 17,,37.61985336,127.0300339,2000,,02-901-5863,서울특별시 강북구청,2025-08-12
03-34-43,1,서울특별시 강북구 도봉로24길 15,,37.61981648,127.0299325,2000,,02-901-5863,서울특별시 강북구청,2025-08-12
03-34-42,1,서울특별시 강북구 도봉로20가길 26,,37.61968923,127.0297982,2000,한전주,02-901-5863,서울특별시 강북구청,2025-08-12
03-34-41,1,서울특별시 강북구 도봉로20가길 36,,37.62019404,127.0298256,2000,한전주,02-901-5863,서울특별시 강북구청,2025-08-12
03-34-40,1,서울특별시 강북구 도봉로26길 8,,37.61996927,127.0298852,2000,,02-901-5863,서울특별시 강북구청,2025-08-12
03-34-39,1,서울특별시 강북구 도봉로26길 10,,37.62010019,127.0301327,2000,,02-901-5863,서울특별시 강북구청,2025-08-12
03-34-38,1,서울특별시 강북구 도봉로26길 11,,37.62023333,127.0302216,2000,,02-901-5863,서울특별시 강북구청,2025-08-12
03-34-37,1,서울특별시 강북구 도봉로26길 16,,37.62014643,127.0303688,2000,,02-901-5863,서울특별시 강북구청,2025-08-12
03-34-36,1,서울특별시 강북구 도봉로26길 15,,37.6203159,127.0304017,2000,한전주,02-901-5863,서울특별시 강북구청,2025-08-12
03-34-35,1,서울특별시 강북구 도봉로26길 19,,37.62036216,127.0305484,2000,,02-901-5863,서울특별시 강북구청,2025-08-12
03-34-34,1,서울특별시 강북구 도봉로26길 34,,37.62039485,127.031239,2000,,02-901-5863,서울특별시 강북구청,2025-08-12
03-34-33,1,서울특별시 강북구 도봉로26길 31,,37.62056612,127.0312481,2000,,02-901-5863,서울특별시 강북구청,2025-08-12
03-34-32,1,서울특별시 강북구 도봉로26길 34,,37.62039485,127.031239,2000,한전주,02-901-5863,서울특별시 강북구청,2025-08-12
03-34-31,1,서울특별시 강북구 도봉로26길 34,,37.62031423,127.0312967,2000,한전주,02-901-5863,서울특별시 강북구청,2025-08-12
03-34-30,1,서울특별시 강북구 도봉로26길 34,,37.62021504,127.0312866,2000,한전주,02-901-5863,서울특별시 강북구청,2025-08-12
03-34-29,1,서울특별시 강북구 도봉로18길 83,,37.62050687,127.0306145,2000,전용주,02-901-5863,서울특별시 강북구청,2025-08-12
03-34-28,1,서울특별시 강북구 도봉로18길 81,,37.62040813,127.0306611,2000,한전주,02-901-5863,서울특별시 강북구청,2025-08-12
03-34-26,1,서울특별시 강북구 도봉로18길 78,,37.62028405,127.0309119,2000,한전주,02-901-5863,서울특별시 강북구청,2025-08-12
03-34-25,1,서울특별시 강북구 도봉로18길 68,,37.61983361,127.0310845,2000,전용주,02-901-5863,서울특별시 강북구청,2025-08-12
03-34-24,1,서울특별시 강북구 도봉로18길 68,,37.61983497,127.0310876,2000,한전주,02-901-5863,서울특별시 강북구청,2025-08-12
03-34-23,1,서울특별시 강북구 도봉로18길 64,,37.61970893,127.0310969,2000,,02-901-5863,서울특별시 강북구청,2025-08-12
03-34-22,1,서울특별시 강북구 도봉로18라길 5,,37.61979178,127.0313148,2000,,02-901-5863,서울특별시 강북구청,2025-08-12
03-34-21,1,서울특별시 강북구 도봉로28나길 20,,37.62022534,127.0314451,2000,,02-901-5863,서울특별시 강북구청,2025-08-12
03-34-20,1,서울특별시 강북구 도봉로28길 46,,37.62067517,127.0313599,2000,,02-901-5863,서울특별시 강북구청,2025-08-12
03-34-19,1,서울특별시 강북구 도봉로28길 46,,37.62076507,127.0313361,2000,한전주,02-901-5863,서울특별시 강북구청,2025-08-12
03-34-18,1,서울특별시 강북구 도봉로28길 42,,37.62084175,127.0309672,2000,,02-901-5863,서울특별시 강북구청,2025-08-12
03-34-17,1,서울특별시 강북구 도봉로28길 42,,37.62084175,127.0309849,2000,,02-901-5863,서울특별시 강북구청,2025-08-12
03-34-16,1,서울특별시 강북구 도봉로28길 42,,37.62084319,127.0309726,2000,,02-901-5863,서울특별시 강북구청,2025-08-12
03-34-15,1,서울특별시 강북구 도봉로28길 38,,37.62053677,127.0309653,2000,,02-901-5863,서울특별시 강북구청,2025-08-12
03-34-14,1,서울특별시 강북구 도봉로28길 38,,37.62073442,127.0308947,2000,,02-901-5863,서울특별시 강북구청,2025-08-12
03-34-13,1,서울특별시 강북구 도봉로28길 40,,37.62082424,127.0308596,2000,,02-901-5863,서울특별시 강북구청,2025-08-12
03-34-12,1,서울특별시 강북구 도봉로28길 28,,37.6206395,127.0302141,2000,,02-901-5863,서울특별시 강북구청,2025-08-12
03-34-11,1,서울특별시 강북구 도봉로28길 28,,37.62064944,127.0302141,2000,한전주,02-901-5863,서울특별시 강북구청,2025-08-12
03-34-10,1,서울특별시 강북구 도봉로28길 24,,37.62061098,127.030017,2000,한전주,02-901-5863,서울특별시 강북구청,2025-08-12
03-34-09,1,서울특별시 강북구 도봉로28길 24,,37.62061005,127.0300128,2000,,02-901-5863,서울특별시 강북구청,2025-08-12
03-34-08,1,서울특별시 강북구 도봉로28길 22,,37.62044714,127.0299243,2000,전용주,02-901-5863,서울특별시 강북구청,2025-08-12
03-34-07,1,서울특별시 강북구 도봉로28길 18,,37.62039122,127.0296984,2000,,02-901-5863,서울특별시 강북구청,2025-08-12
03-34-06,1,서울특별시 강북구 도봉로20가길 37,,37.6202075,127.0292704,2000,한전주,02-901-5863,서울특별시 강북구청,2025-08-12
03-34-05,1,서울특별시 강북구 도봉로20가길 33,,37.62000892,127.0292276,2000,한전주,02-901-5863,서울특별시 강북구청,2025-08-12
03-34-04,1,서울특별시 강북구 도봉로20가길 36,,37.62019404,127.0298256,2000,한전주,02-901-5863,서울특별시 강북구청,2025-08-12
03-34-03,1,서울특별시 강북구 도봉로20가길 36,,37.62019404,127.0298256,2000,한전주,02-901-5863,서울특별시 강북구청,2025-08-12
03-34-02,1,서울특별시 강북구 도봉로20가길 28,,37.61988763,127.0298183,2000,한전주,02-901-5863,서울특별시 강북구청,2025-08-12
03-34-01,1,서울특별시 강북구 도봉로 120,,37.61966694,127.0292774,2000,한전주,02-901-5863,서울특별시 강북구청,2025-08-12
03-33-23,1,서울특별시 강북구 오패산로52라길 81,,37.62167537,127.0335673,2000,전용주,02-901-5863,서울특별시 강북구청,2025-08-12
03-33-21,1,서울특별시 강북구 오패산로52다길 62,,37.62218511,127.0330962,2000,,02-901-5863,서울특별시 강북구청,2025-08-12
03-33-14,1,서울특별시 강북구 오패산로52다길 74,,37.62163692,127.0332732,2000,한전주,02-901-5863,서울특별시 강북구청,2025-08-12
03-33-13,2,서울특별시 강북구 오패산로52다길 74,,37.62163692,127.0332732,2000,전용주,02-901-5863,서울특별시 강북구청,2025-08-12
03-33-12,2,서울특별시 강북구 오패산로52다길 67,,37.62192643,127.0334168,2000,한전주,02-901-5863,서울특별시 강북구청,2025-08-12
03-33-11,1,서울특별시 강북구 오패산로52라길 70,,37.62221519,127.0334697,2000,한전주,02-901-5863,서울특별시 강북구청,2025-08-12
03-33-10,1,서울특별시 강북구 오패산로52라길 62,,37.62255718,127.0334199,2000,한전주,02-901-5863,서울특별시 강북구청,2025-08-12
03-33-09,1,서울특별시 강북구 오패산로52다길 53,,37.62253768,127.0332389,2000,한전주,02-901-5863,서울특별시 강북구청,2025-08-12
03-33-08,1,서울특별시 강북구 오패산로52다길 59,,37.62232192,127.0332984,2000,한전주,02-901-5863,서울특별시 강북구청,2025-08-12
03-33-07,1,서울특별시 강북구 오패산로52다길 65,,37.62203445,127.033390,2000,한전주,02-901-5863,서울특별시 강북구청,2025-08-12
03-33-06,1,서울특별시 강북구 오패산로52다길 72,,37.62172683,127.0332494,2000,,02-901-5863,서울특별시 강북구청,2025-08-12
03-33-05,1,서울특별시 강북구 오패산로52라길 90,,37.62134973,127.0334129,2000,한전주,02-901-5863,서울특별시 강북구청,2025-08-12
03-33-04,1,서울특별시 강북구 오현로9길 102,,37.62133097,127.0333225,2000,,02-901-5863,서울특별시 강북구청,2025-08-12
03-33-03,1,서울특별시 강북구 오현로9길 113,,37.62158752,127.0327415,2000,한전주,02-901-5863,서울특별시 강북구청,2025-08-12
03-33-02,1,서울특별시 강북구 오현로9길 119,,37.62186626,127.0326699,2000,한전주,02-901-5863,서울특별시 강북구청,2025-08-12
03-33-01,1,서울특별시 강북구 오현로9길 122,,37.6219857,127.0329515,2000,,02-901-5863,서울특별시 강북구청,2025-08-12
03-32-50,1,서울특별시 강북구 도봉로18가길 19,,37.61855027,127.0323464,2000,,02-901-5863,서울특별시 강북구청,2025-08-12
03-32-38,1,서울특별시 강북구 도봉로18가길 5,,37.61836388,127.0315022,2000,,02-901-5863,서울특별시 강북구청,2025-08-12
03-32-37,1,서울특별시 강북구 도봉로18길 46,,37.61886474,127.0314378,2000,,02-901-5863,서울특별시 강북구청,2025-08-12
03-32-36,1,서울특별시 강북구 도봉로18가길 5,,37.61836388,127.0315525,2000,,02-901-5863,서울특별시 강북구청,2025-08-12
03-32-35,1,서울특별시 강북구 도봉로18길 40,,37.61857579,127.0313645,2000,한전주,02-901-5863,서울특별시 강북구청,2025-08-12
03-32-34,1,서울특별시 강북구 도봉로18길 46,,37.61886474,127.0314378,2000,한전주,02-901-5863,서울특별시 강북구청,2025-08-12
03-32-33,1,서울특별시 강북구 도봉로18길 48,,37.6190179,127.0314381,2000,한전주,02-901-5863,서울특별시 강북구청,2025-08-12
03-32-32,1,서울특별시 강북구 도봉로18다길 3,,37.61922795,127.0314872,2000,,02-901-5863,서울특별시 강북구청,2025-08-12
03-32-31,1,서울특별시 강북구 도봉로18라길 10,,37.61971264,127.0315537,2000,한전주,02-901-5863,서울특별시 강북구청,2025-08-12
03-32-30,1,서울특별시 강북구 도봉로18다길 15,,37.61981397,127.0318242,2000,한전주,02-901-5863,서울특별시 강북구청,2025-08-12
03-32-29,1,서울특별시 강북구 도봉로18다길 21,,37.61943567,127.0323081,2000,,02-901-5863,서울특별시 강북구청,2025-08-12
03-32-28,1,서울특별시 강북구 도봉로18라길 20,,37.61989775,127.0321516,2000,한전주,02-901-5863,서울특별시 강북구청,2025-08-12
03-32-27,1,서울특별시 강북구 도봉로18다길 21,,37.61943567,127.0323103,2000,,02-901-5863,서울특별시 강북구청,2025-08-12
03-32-26,1,서울특별시 강북구 도봉로18다길 21,,37.61943567,127.0323103,2000,한전주,02-901-5863,서울특별시 강북구청,2025-08-12
03-32-25,1,서울특별시 강북구 도봉로18다길 23,,37.61947718,127.0325082,2000,한전주,02-901-5863,서울특별시 강북구청,2025-08-12
03-32-24,1,서울특별시 강북구 도봉로18다길 23,,37.61947718,127.0325082,2000,한전주,02-901-5863,서울특별시 강북구청,2025-08-12
03-32-23,1,서울특별시 강북구 도봉로18다길 17,,37.6193935,127.0321921,2000,한전주,02-901-5863,서울특별시 강북구청,2025-08-12
03-32-22,1,서울특별시 강북구 도봉로18다길 15,,37.61969732,127.0318824,2000,,02-901-5863,서울특별시 강북구청,2025-08-12
03-32-21,1,서울특별시 강북구 도봉로18다길 15,,37.61958957,127.0319291,2000,한전주,02-901-5863,서울특별시 강북구청,2025-08-12
03-32-20,1,서울특별시 강북구 도봉로18다길 15,,37.61936499,127.0320113,2000,한전주,02-901-5863,서울특별시 강북구청,2025-08-12
03-32-19,1,서울특별시 강북구 도봉로18다길 7,,37.61927521,127.031627,2000,,02-901-5863,서울특별시 강북구청,2025-08-12
03-32-18,1,서울특별시 강북구 도봉로18다길 7,,37.61927521,127.0316935,2000,한전주,02-901-5863,서울특별시 강북구청,2025-08-12
03-32-17,1,서울특별시 강북구 도봉로18나길 11,,37.61900908,127.0318098,2000,한전주,02-901-5863,서울특별시 강북구청,2025-08-12
03-32-16,1,서울특별시 강북구 도봉로18다길 3,,37.61922795,127.0314589,2000,한전주,02-901-5863,서울특별시 강북구청,2025-08-12
03-32-15,1,서울특별시 강북구 도봉로18다길 4,,37.61910892,127.0315502,2000,한전주,02-901-5863,서울특별시 강북구청,2025-08-12
03-32-14,1,서울특별시 강북구 도봉로18나길 5,,37.61895221,127.0316036,2000,,02-901-5863,서울특별시 강북구청,2025-08-12
03-32-13,1,서울특별시 강북구 도봉로18나길 4,,37.61875765,127.031566,2000,,02-901-5863,서울특별시 강북구청,2025-08-12
03-32-12,1,서울특별시 강북구 도봉로18나길 5,,37.61895622,127.0316088,2000,,02-901-5863,서울특별시 강북구청,2025-08-12
03-32-11,1,서울특별시 강북구 도봉로18나길 6,,37.61877659,127.0316791,2000,한전주,02-901-5863,서울특별시 강북구청,2025-08-12
03-32-10,1,서울특별시 강북구 도봉로18나길 11,,37.61909331,127.0318449,2000,,02-901-5863,서울특별시 강북구청,2025-08-12
03-32-09,1,서울특별시 강북구 도봉로18나길 14,,37.61888805,127.0320854,2000,한전주,02-901-5863,서울특별시 강북구청,2025-08-12
03-32-08,2,서울특별시 강북구 도봉로18가길 19,,37.61855027,127.0323112,2000,한전주,02-901-5863,서울특별시 강북구청,2025-08-12
03-32-07,1,서울특별시 강북구 도봉로18가길 26,,37.61849636,127.0326682,2000,한전주,02-901-5863,서울특별시 강북구청,2025-08-12
03-32-06,1,서울특별시 강북구 도봉로18가길 19,,37.61855027,127.0323238,2000,,02-901-5863,서울특별시 강북구청,2025-08-12
03-32-05,1,서울특별시 강북구 도봉로18가길 23,,37.61857578,127.0324633,2000,한전주,02-901-5863,서울특별시 강북구청,2025-08-12
03-32-04,1,서울특별시 강북구 도봉로18가길 15,,37.61850249,127.032079,2000,,02-901-5863,서울특별시 강북구청,2025-08-12
03-32-03,1,서울특별시 강북구 도봉로18가길 11,,37.61842715,127.0318108,2000,,02-901-5863,서울특별시 강북구청,2025-08-12
03-32-02,1,서울특별시 강북구 도봉로18가길 13,,37.61846358,127.0319663,2000,,02-901-5863,서울특별시 강북구청,2025-08-12
03-32-01,1,서울특별시 강북구 도봉로18가길 3,,37.61834219,127.0314468,2000,,02-901-5863,서울특별시 강북구청,2025-08-12
03-31-20,1,서울특별시 강북구 오패산로52라길 39,,37.62351116,127.033283,2000,,02-901-5863,서울특별시 강북구청,2025-08-12
03-31-11,1,서울특별시 강북구 오패산로52다길 29,,37.62361448,127.0328628,2000,,02-901-5863,서울특별시 강북구청,2025-08-12
03-31-10,1,서울특별시 강북구 오패산로52라길 55,,37.62284665,127.0335304,2000,전용주,02-901-5863,서울특별시 강북구청,2025-08-12
03-31-09,1,서울특별시 강북구 오패산로52라길 56,,37.62283301,127.0333262,2000,한전주,02-901-5863,서울특별시 강북구청,2025-08-12
03-31-08,1,서울특별시 강북구 오패산로52다길 39,,37.62325806,127.0329908,2000,한전주,02-901-5863,서울특별시 강북구청,2025-08-12
03-31-07,1,서울특별시 강북구 오패산로52라길 40,,37.62350959,127.0331043,2000,한전주,02-901-5863,서울특별시 강북구청,2025-08-12
03-31-06,1,서울특별시 강북구 오패산로52라길 38,,37.62363535,127.0330435,2000,한전주,02-901-5863,서울특별시 강북구청,2025-08-12
03-31-05,1,서울특별시 강북구 오패산로52다길 31,,37.62345405,127.0329099,2000,한전주,02-901-5863,서울특별시 강북구청,2025-08-12
03-31-04,1,서울특별시 강북구 오패산로52다길 35,,37.62332828,127.0329568,2000,,02-901-5863,서울특별시 강북구청,2025-08-12
03-31-03,1,서울특별시 강북구 오패산로52다길 39,,37.62321153,127.0329908,2000,한전주,02-901-5863,서울특별시 강북구청,2025-08-12
03-31-02,1,서울특별시 강북구 오현로9길 146,,37.62315553,127.0327665,2000,한전주,02-901-5863,서울특별시 강북구청,2025-08-12
03-31-01,1,서울특별시 강북구 오패산로52다길 45,,37.62290605,127.0330939,2000,한전주,02-901-5863,서울특별시 강북구청,2025-08-12
03-30-18,1,서울특별시 강북구 오현로9길 137,,37.62272002,127.0324034,2000,,02-901-5863,서울특별시 강북구청,2025-08-12
03-30-17,1,서울특별시 강북구 오현로9길 143,,37.62292302,127.0323393,2000,,02-901-5863,서울특별시 강북구청,2025-08-12
03-30-16,1,서울특별시 강북구 도봉로28길 61,,37.62122232,127.0320183,2000,,02-901-5863,서울특별시 강북구청,2025-08-12
03-30-15,1,서울특별시 강북구 오패산로48길 26,,37.62187874,127.0324645,2000,한전주,02-901-5863,서울특별시 강북구청,2025-08-12
03-30-13,1,서울특별시 강북구 오패산로48길 42,,37.62265537,127.0322066,2000,한전주,02-901-5863,서울특별시 강북구청,2025-08-12
03-30-12,1,서울특별시 강북구 오패산로48길 50,,37.62285303,127.032136,2000,,02-901-5863,서울특별시 강북구청,2025-08-12
03-30-11,1,서울특별시 강북구 오패산로48길 50,,37.62285303,127.032136,2000,,02-901-5863,서울특별시 강북구청,2025-08-12
03-30-10,1,서울특별시 강북구 오패산로52길 10,,37.62308699,127.032099,2000,,02-901-5863,서울특별시 강북구청,2025-08-12
03-30-09,1,서울특별시 강북구 오패산로52길 10,,37.62308699,127.032099,2000,,02-901-5863,서울특별시 강북구청,2025-08-12
03-30-08,1,서울특별시 강북구 오현로9길 159,,37.62363703,127.0321485,2000,한전주,02-901-5863,서울특별시 강북구청,2025-08-12
03-30-07,1,서울특별시 강북구 오현로9길 155,,37.62347486,127.0321506,2000,,02-901-5863,서울특별시 강북구청,2025-08-12
03-30-06,1,서울특별시 강북구 오현로9길 155,,37.62347486,127.0321506,2000,한전주,02-901-5863,서울특별시 강북구청,2025-08-12
03-30-05,1,서울특별시 강북구 오현로9길 152,,37.62333349,127.0325058,2000,,02-901-5863,서울특별시 강북구청,2025-08-12
03-30-04,1,서울특별시 강북구 오패산로48길 50,,37.62285956,127.0321339,2000,,02-901-5863,서울특별시 강북구청,2025-08-12
03-30-03,1,서울특별시 강북구 오패산로48길 50,,37.62285956,127.0321339,2000,한전주,02-901-5863,서울특별시 강북구청,2025-08-12
03-30-02,1,서울특별시 강북구 오현로9길 133,,37.62253128,127.0324574,2000,한전주,02-901-5863,서울특별시 강북구청,2025-08-12
03-30-01,1,서울특별시 강북구 오패산로48길 26,,37.62187874,127.0324753,2000,한전주,02-901-5863,서울특별시 강북구청,2025-08-12
03-29-14,2,서울특별시 강북구 오패산로52길 54,,37.62528881,127.032501,2000,한전주,02-901-5863,서울특별시 강북구청,2025-08-12
03-29-13,1,서울특별시 강북구 오패산로52길 48,,37.62499085,127.0324255,2000,,02-901-5863,서울특별시 강북구청,2025-08-12
03-29-12,1,서울특별시 강북구 오패산로52라길 7,,37.62501175,127.0327765,2000,한전주,02-901-5863,서울특별시 강북구청,2025-08-12
03-29-11,1,서울특별시 강북구 오패산로52라길 16,,37.62460586,127.0327251,2000,한전주,02-901-5863,서울특별시 강북구청,2025-08-12
03-29-10,1,서울특별시 강북구 오패산로52다길 13,,37.62435378,127.032751,2000,,02-901-5863,서울특별시 강북구청,2025-08-12
03-29-09,1,서울특별시 강북구 오패산로52라길 24,,37.62421037,127.0328435,2000,한전주,02-901-5863,서울특별시 강북구청,2025-08-12
03-29-07,1,서울특별시 강북구 오패산로52라길 30,,37.62397678,127.0329258,2000,한전주,02-901-5863,서울특별시 강북구청,2025-08-12
03-29-05,1,서울특별시 강북구 오패산로52다길 27,,37.62374151,127.0328042,2000,한전주,02-901-5863,서울특별시 강북구청,2025-08-12
03-29-04,1,서울특별시 강북구 오패산로52다길 21,,37.62393025,127.0327451,2000,한전주,02-901-5863,서울특별시 강북구청,2025-08-12
03-29-03,1,서울특별시 강북구 오패산로52다길 12,,37.62429685,127.0324005,2000,전용주,02-901-5863,서울특별시 강북구청,2025-08-12
03-29-02,1,서울특별시 강북구 오패산로52다길 9,,37.62444239,127.0325686,2000,한전주,02-901-5863,서울특별시 강북구청,2025-08-12
03-29-01,1,서울특별시 강북구 오패산로52다길 3,,37.62473887,127.0324628,2000,한전주,02-901-5863,서울특별시 강북구청,2025-08-12
03-28-22,1,서울특별시 강북구 오패산로52나길 30,,37.62519399,127.0308256,2000,전용주,02-901-5863,서울특별시 강북구청,2025-08-12
03-28-21,1,서울특별시 강북구 오패산로52나길 26,,37.62506962,127.0310424,2000,,02-901-5863,서울특별시 강북구청,2025-08-12
03-28-20,1,서울특별시 강북구 오패산로52마길 20,,37.62505781,127.0317184,2000,,02-901-5863,서울특별시 강북구청,2025-08-12
03-28-19,1,서울특별시 강북구 오패산로52마길 20,,37.62505781,127.0317184,2000,,02-901-5863,서울특별시 강북구청,2025-08-12
03-28-15,1,서울특별시 강북구 오패산로52마길 20,,37.62505781,127.0317184,2000,전용주,02-901-5863,서울특별시 강북구청,2025-08-12
03-28-14,1,서울특별시 강북구 오패산로52마길 20,,37.62505781,127.0317184,2000,한전주,02-901-5863,서울특별시 강북구청,2025-08-12
03-28-13,1,서울특별시 강북구 오패산로52마길 20,,37.62506303,127.0317184,2000,한전주,02-901-5863,서울특별시 강북구청,2025-08-12
03-28-12,1,서울특별시 강북구 오패산로52마길 20,,37.62505781,127.0317184,2000,전용주,02-901-5863,서울특별시 강북구청,2025-08-12
03-28-11,1,서울특별시 강북구 오패산로52마길 25,,37.62469801,127.0318742,2000,,02-901-5863,서울특별시 강북구청,2025-08-12
03-28-10,1,서울특별시 강북구 오패산로52마길 20,,37.62503906,127.0317112,2000,한전주,02-901-5863,서울특별시 강북구청,2025-08-12
03-28-09,1,서울특별시 강북구 오패산로52마길 14,,37.62530981,127.0317644,2000,한전주,02-901-5863,서울특별시 강북구청,2025-08-12
03-28-08,1,서울특별시 강북구 오패산로52마길 13,,37.62523969,127.0320032,2000,,02-901-5863,서울특별시 강북구청,2025-08-12
03-28-07,1,서울특별시 강북구 오패산로52길 55,,37.62536767,127.0322281,2000,한전주,02-901-5863,서울특별시 강북구청,2025-08-12
03-28-06,1,서울특별시 강북구 오패산로52길 47,,37.62504268,127.032153,2000,한전주,02-901-5863,서울특별시 강북구청,2025-08-12
03-28-05,1,서울특별시 강북구 오패산로52길 43,,37.62482609,127.0321105,2000,한전주,02-901-5863,서울특별시 강북구청,2025-08-12
03-28-04,2,서울특별시 강북구 오패산로52길 35,,37.62451029,127.0320579,2000,한전주,02-901-5863,서울특별시 강북구청,2025-08-12
03-28-03,1,서울특별시 강북구 오패산로52나길 18,,37.62486529,127.0314053,2000,한전주,02-901-5863,서울특별시 강북구청,2025-08-12
03-28-02,1,서울특별시 강북구 오패산로52나길 22,,37.62499848,127.0311567,2000,한전주,02-901-5863,서울특별시 강북구청,2025-08-12
03-28-01,1,서울특별시 강북구 오패산로52나길 30,,37.62519399,127.0308256,2000,한전주,02-901-5863,서울특별시 강북구청,2025-08-12
03-27-19,1,서울특별시 강북구 오패산로52가길 7,,37.62378238,127.0316352,2000,,02-901-5863,서울특별시 강북구청,2025-08-12
03-27-18,1,서울특별시 강북구 오패산로52가길 3,,37.62360694,127.0317751,2000,,02-901-5863,서울특별시 강북구청,2025-08-12
03-27-16,1,서울특별시 강북구 도봉로38길 61,,37.62391644,127.0307066,2000,한전주,02-901-5863,서울특별시 강북구청,2025-08-12
03-27-15,2,서울특별시 강북구 도봉로38길 60,,37.62362738,127.0309705,2000,,02-901-5863,서울특별시 강북구청,2025-08-12
03-27-14,1,서울특별시 강북구 도봉로38길 60,,37.62362738,127.0309705,2000,,02-901-5863,서울특별시 강북구청,2025-08-12
03-27-13,1,서울특별시 강북구 오패산로 260,,37.62430243,127.0308825,2000,전용주,02-901-5863,서울특별시 강북구청,2025-08-12
03-27-12,1,서울특별시 강북구 오패산로 260,,37.62430243,127.0308825,2000,전용주,02-901-5863,서울특별시 강북구청,2025-08-12
03-27-11,1,서울특별시 강북구 오패산로52나길 5,,37.62443627,127.031821,2000,한전주,02-901-5863,서울특별시 강북구청,2025-08-12
03-27-10,1,서울특별시 강북구 오패산로52가길 7,,37.62378238,127.0316827,2000,,02-901-5863,서울특별시 강북구청,2025-08-12
03-27-09,1,서울특별시 강북구 오패산로52가길 20,,37.62430141,127.0318567,2000,전용주,02-901-5863,서울특별시 강북구청,2025-08-12
03-27-08,1,서울특별시 강북구 오패산로52가길 7,,37.62378238,127.0316827,2000,전용주,02-901-5863,서울특별시 강북구청,2025-08-12
03-27-07,1,서울특별시 강북구 오패산로52가길 7,,37.62378238,127.0316827,2000,전용주,02-901-5863,서울특별시 강북구청,2025-08-12
03-27-06,1,서울특별시 강북구 오패산로52가길 12,,37.62401366,127.0319284,2000,,02-901-5863,서울특별시 강북구청,2025-08-12
03-27-05,1,서울특별시 강북구 오패산로52가길 7,,37.62378238,127.0316352,2000,,02-901-5863,서울특별시 강북구청,2025-08-12
03-27-04,1,서울특별시 강북구 오패산로52길 9,,37.62329189,127.0318132,2000,한전주,02-901-5863,서울특별시 강북구청,2025-08-12
03-27-02,1,서울특별시 강북구 오패산로52길 29,,37.62424884,127.0320387,2000,한전주,02-901-5863,서울특별시 강북구청,2025-08-12
03-27-01,1,서울특별시 강북구 오패산로52길 29,,37.62424884,127.0320387,2000,,02-901-5863,서울특별시 강북구청,2025-08-12
03-26-37,1,서울특별시 강북구 도봉로 164,,37.62342391,127.0276272,2000,,02-901-5863,서울특별시 강북구청,2025-08-12
03-26-36,1,서울특별시 강북구 도봉로 164,,37.62342391,127.0276957,2000,한전주,02-901-5863,서울특별시 강북구청,2025-08-12
03-26-35,1,서울특별시 강북구 솔매로50길 62,,37.62372792,127.0278539,2000,한전주,02-901-5863,서울특별시 강북구청,2025-08-12
03-26-34,1,서울특별시 강북구 솔매로50길 50,,37.62424966,127.0276603,2000,,02-901-5863,서울특별시 강북구청,2025-08-12
03-26-33,1,서울특별시 강북구 솔매로50길 50,,37.62424966,127.0276137,2000,한전주,02-901-5863,서울특별시 강북구청,2025-08-12
03-26-32,1,서울특별시 강북구 솔매로50길 50,,37.62424966,127.0276579,2000,,02-901-5863,서울특별시 강북구청,2025-08-12
03-26-31,1,서울특별시 강북구 솔매로50길 50,,37.62421191,127.0276579,2000,,02-901-5863,서울특별시 강북구청,2025-08-12
03-26-30,1,서울특별시 강북구 도봉로 164,,37.62349302,127.0276272,2000,,02-901-5863,서울특별시 강북구청,2025-08-12
03-26-27,1,서울특별시 강북구 도봉로46길 44,,37.62491571,127.029855,2000,한전주,02-901-5863,서울특별시 강북구청,2025-08-12
03-26-26,1,서울특별시 강북구 솔매로50길 43,,37.62465228,127.0285018,2000,,02-901-5863,서울특별시 강북구청,2025-08-12
03-26-24,1,서울특별시 강북구 솔매로50길 43,,37.62465228,127.0285018,2000,한전주,02-901-5863,서울특별시 강북구청,2025-08-12
03-26-23,1,서울특별시 강북구 솔매로50길 46,,37.62444597,127.0275161,2000,,02-901-5863,서울특별시 강북구청,2025-08-12
03-26-22,1,서울특별시 강북구 솔매로50길 50,,37.62424888,127.0276546,2000,,02-901-5863,서울특별시 강북구청,2025-08-12
03-26-21,1,서울특별시 강북구 솔매로50길 55,,37.62403008,127.0284391,2000,한전주,02-901-5863,서울특별시 강북구청,2025-08-12
03-26-20,1,서울특별시 강북구 솔매로50길 58,,37.62392557,127.0277834,2000,,02-901-5863,서울특별시 강북구청,2025-08-12
03-26-19,1,서울특별시 강북구 솔매로50길 65,,37.62390366,127.0284067,2000,한전주,02-901-5863,서울특별시 강북구청,2025-08-12
03-26-18,1,서울특별시 강북구 솔매로50길 69,,37.62339755,127.0282207,2000,한전주,02-901-5863,서울특별시 강북구청,2025-08-12
03-26-16,1,서울특별시 강북구 솔매로50길 69,,37.62339449,127.0282254,2000,,02-901-5863,서울특별시 강북구청,2025-08-12
03-26-15,1,서울특별시 강북구 솔매로50길 78,,37.6230903,127.0281114,2000,한전주,02-901-5863,서울특별시 강북구청,2025-08-12
03-26-14,1,서울특별시 강북구 솔매로50길 80,,37.62299139,127.0281354,2000,,02-901-5863,서울특별시 강북구청,2025-08-12
03-26-13,1,서울특별시 강북구 도봉로38길 5,,37.62276429,127.0280516,2000,,02-901-5863,서울특별시 강북구청,2025-08-12
03-26-12,1,서울특별시 강북구 도봉로38길 5,,37.62276429,127.0280516,2000,,02-901-5863,서울특별시 강북구청,2025-08-12
03-26-11,1,서울특별시 강북구 도봉로38길 5,,37.62276429,127.0280516,2000,,02-901-5863,서울특별시 강북구청,2025-08-12
03-26-10,1,서울특별시 강북구 도봉로38길 5,,37.62276541,127.0280477,2000,,02-901-5863,서울특별시 강북구청,2025-08-12
03-26-09,1,서울특별시 강북구 솔매로50가길 9,,37.62335623,127.0286744,2000,,02-901-5863,서울특별시 강북구청,2025-08-12
03-26-08,1,서울특별시 강북구 솔매로50가길 25,,37.62383375,127.029767,2000,한전주,02-901-5863,서울특별시 강북구청,2025-08-12
03-26-07,2,서울특별시 강북구 솔매로50가길 25,,37.62383375,127.029767,2000,한전주,02-901-5863,서울특별시 강북구청,2025-08-12
03-26-06,1,서울특별시 강북구 솔매로50가길 25,,37.62383375,127.029767,2000,한전주,02-901-5863,서울특별시 강북구청,2025-08-12
03-26-05,1,서울특별시 강북구 솔매로50가길 25,,37.62383375,127.029767,2000,한전주,02-901-5863,서울특별시 강북구청,2025-08-12
03-26-04,1,서울특별시 강북구 솔매로50가길 25,,37.62383375,127.029767,2000,,02-901-5863,서울특별시 강북구청,2025-08-12
03-26-03,1,서울특별시 강북구 솔매로50가길 25,,37.62383375,127.029767,2000,한전주,02-901-5863,서울특별시 강북구청,2025-08-12
03-26-02,1,서울특별시 강북구 오패산로 257,,37.62409094,127.0303641,2000,,02-901-5863,서울특별시 강북구청,2025-08-12
03-26-01,1,서울특별시 강북구 오패산로 257,,37.62409094,127.0303641,2000,,02-901-5863,서울특별시 강북구청,2025-08-12
03-25-42,1,서울특별시 강북구 솔매로50가길 8,,37.62312087,127.0285415,2000,,02-901-5863,서울특별시 강북구청,2025-08-12
03-25-41,1,서울특별시 강북구 솔매로50가길 8,,37.62312087,127.0285415,2000,,02-901-5863,서울특별시 강북구청,2025-08-12
03-25-40,1,서울특별시 강북구 도봉로34길 31,,37.62228497,127.0298891,2000,,02-901-5863,서울특별시 강북구청,2025-08-12
03-25-39,1,서울특별시 강북구 도봉로34길 31,,37.62228497,127.0298891,2000,,02-901-5863,서울특별시 강북구청,2025-08-12
03-25-38,1,서울특별시 강북구 도봉로34길 31,,37.62228497,127.0298891,2000,,02-901-5863,서울특별시 강북구청,2025-08-12
03-25-37,1,서울특별시 강북구 도봉로34길 25,,37.62221612,127.0295349,2000,,02-901-5863,서울특별시 강북구청,2025-08-12
03-25-36,1,서울특별시 강북구 도봉로34길 29,,37.62223862,127.0297311,2000,,02-901-5863,서울특별시 강북구청,2025-08-12
03-25-35,1,서울특별시 강북구 도봉로34길 25,,37.62221902,127.0295388,2000,,02-901-5863,서울특별시 강북구청,2025-08-12
03-25-34,1,서울특별시 강북구 도봉로34길 17,,37.6220783,127.0290807,2000,,02-901-5863,서울특별시 강북구청,2025-08-12
03-25-33,1,서울특별시 강북구 도봉로34길 19,,37.62210821,127.0292117,2000,,02-901-5863,서울특별시 강북구청,2025-08-12
03-25-32,1,서울특별시 강북구 도봉로34길 15,,37.62202807,127.0289054,2000,,02-901-5863,서울특별시 강북구청,2025-08-12
03-25-31,1,서울특별시 강북구 도봉로36길 4,,37.62232145,127.0288464,2000,한전주,02-901-5863,서울특별시 강북구청,2025-08-12
03-25-30,1,서울특별시 강북구 도봉로36길 5,,37.62254397,127.0289227,2000,,02-901-5863,서울특별시 강북구청,2025-08-12
03-25-29,1,서울특별시 강북구 도봉로36길 9,,37.62256096,127.0290771,2000,,02-901-5863,서울특별시 강북구청,2025-08-12
03-25-28,1,서울특별시 강북구 도봉로36길 12,,37.62241838,127.0292533,2000,,02-901-5863,서울특별시 강북구청,2025-08-12
03-25-27,1,서울특별시 강북구 도봉로34길 25,,37.62221612,127.0295349,2000,,02-901-5863,서울특별시 강북구청,2025-08-12
03-25-26,1,서울특별시 강북구 도봉로36길 16,,37.62246143,127.0294337,2000,한전주,02-901-5863,서울특별시 강북구청,2025-08-12
03-25-25,1,서울특별시 강북구 도봉로36길 13,,37.62263233,127.0293975,2000,,02-901-5863,서울특별시 강북구청,2025-08-12
03-25-24,1,서울특별시 강북구 도봉로36길 19,,37.62268844,127.029646,2000,,02-901-5863,서울특별시 강북구청,2025-08-12
03-25-23,1,서울특별시 강북구 도봉로36길 22,,37.62251847,127.0297954,2000,,02-901-5863,서울특별시 강북구청,2025-08-12
03-25-22,1,서울특별시 강북구 도봉로36길 22,,37.62251847,127.0297954,2000,,02-901-5863,서울특별시 강북구청,2025-08-12
03-25-21,1,서울특별시 강북구 도봉로18길 133,,37.62272522,127.0297361,2000,,02-901-5863,서울특별시 강북구청,2025-08-12
03-25-20,1,서울특별시 강북구 도봉로18길 149,,37.6233268,127.0294791,2000,,02-901-5863,서울특별시 강북구청,2025-08-12
03-25-19,1,서울특별시 강북구 도봉로18길 149,,37.6233268,127.0294791,2000,,02-901-5863,서울특별시 강북구청,2025-08-12
03-25-18,1,서울특별시 강북구 도봉로38길 29,,37.62309284,127.0295161,2000,한전주,02-901-5863,서울특별시 강북구청,2025-08-12
03-25-17,1,서울특별시 강북구 도봉로38길 30,,37.62282323,127.0294425,2000,한전주,02-901-5863,서울특별시 강북구청,2025-08-12
03-25-16,1,서울특별시 강북구 도봉로38길 27,,37.62301815,127.0292948,2000,,02-901-5863,서울특별시 강북구청,2025-08-12
03-25-15,1,서울특별시 강북구 도봉로38길 27,,37.6230189,127.0292905,2000,,02-901-5863,서울특별시 강북구청,2025-08-12
03-25-14,1,서울특별시 강북구 도봉로38길 23,,37.62296209,127.0290295,2000,,02-901-5863,서울특별시 강북구청,2025-08-12
03-25-13,1,서울특별시 강북구 도봉로38길 23,,37.62296209,127.0290295,2000,,02-901-5863,서울특별시 강북구청,2025-08-12
03-25-12,1,서울특별시 강북구 도봉로38길 25,,37.62298193,127.0291777,2000,한전주,02-901-5863,서울특별시 강북구청,2025-08-12
03-25-10,1,서울특별시 강북구 도봉로38길 19,,37.62303357,127.0288825,2000,,02-901-5863,서울특별시 강북구청,2025-08-12
03-25-09,1,서울특별시 강북구 도봉로38길 21,,37.62292583,127.0289292,2000,한전주,02-901-5863,서울특별시 강북구청,2025-08-12
03-25-08,1,서울특별시 강북구 도봉로38길 18,,37.62270895,127.0288527,2000,,02-901-5863,서울특별시 강북구청,2025-08-12
03-25-07,1,서울특별시 강북구 도봉로38길 16,,37.62263988,127.0287218,2000,,02-901-5863,서울특별시 강북구청,2025-08-12
03-25-06,1,서울특별시 강북구 도봉로20가길 86,,37.62229349,127.0287335,2000,한전주,02-901-5863,서울특별시 강북구청,2025-08-12
03-25-05,1,서울특별시 강북구 도봉로20가길 83,,37.62214748,127.0285089,2000,한전주,02-901-5863,서울특별시 강북구청,2025-08-12
03-25-04,1,서울특별시 강북구 도봉로 150,,37.622262,127.0281902,2000,한전주,02-901-5863,서울특별시 강북구청,2025-08-12
03-25-03,1,서울특별시 강북구 도봉로20가길 89,,37.62244321,127.0283124,2000,,02-901-5863,서울특별시 강북구청,2025-08-12
03-25-02,1,서울특별시 강북구 도봉로20가길 89,,37.62244321,127.0283124,2000,한전주,02-901-5863,서울특별시 강북구청,2025-08-12
03-25-01,1,서울특별시 강북구 도봉로38길 10,,37.62260024,127.0283331,2000,한전주,02-901-5863,서울특별시 강북구청,2025-08-12
03-24-31,1,서울특별시 강북구 도봉로38길 38,,37.62295334,127.0298446,2000,,02-901-5863,서울특별시 강북구청,2025-08-12
03-24-30,1,서울특별시 강북구 도봉로38길 38,,37.62297333,127.0298446,2000,,02-901-5863,서울특별시 강북구청,2025-08-12
03-24-29,1,서울특별시 강북구 도봉로18길 136,,37.62278095,127.0299393,2000,한전주,02-901-5863,서울특별시 강북구청,2025-08-12
03-24-28,1,서울특별시 강북구 도봉로18길 130,,37.62257649,127.0299992,2000,,02-901-5863,서울특별시 강북구청,2025-08-12
03-24-27,1,서울특별시 강북구 도봉로18길 130,,37.62257649,127.0299992,2000,,02-901-5863,서울특별시 강북구청,2025-08-12
03-24-26,1,서울특별시 강북구 도봉로34길 37,,37.62236763,127.0300806,2000,,02-901-5863,서울특별시 강북구청,2025-08-12
03-24-25,1,서울특별시 강북구 도봉로34길 39,,37.62235974,127.0302166,2000,,02-901-5863,서울특별시 강북구청,2025-08-12
03-24-24,1,서울특별시 강북구 도봉로34길 43,,37.62266727,127.0303599,2000,한전주,02-901-5863,서울특별시 강북구청,2025-08-12
03-24-23,1,서울특별시 강북구 도봉로34길 43,,37.62279303,127.030313,2000,,02-901-5863,서울특별시 강북구청,2025-08-12
03-24-22,1,서울특별시 강북구 도봉로34길 43,,37.62298334,127.0304464,2000,한전주,02-901-5863,서울특별시 강북구청,2025-08-12
03-24-21,1,서울특별시 강북구 도봉로34길 43,,37.62305718,127.0306607,2000,한전주,02-901-5863,서울특별시 강북구청,2025-08-12
03-24-20,1,서울특별시 강북구 도봉로34길 47,,37.62249341,127.0307887,2000,한전주,02-901-5863,서울특별시 강북구청,2025-08-12
03-24-18,2,서울특별시 강북구 도봉로38길 60,,37.62362738,127.0309705,2000,한전주,02-901-5863,서울특별시 강북구청,2025-08-12
03-24-17,1,서울특별시 강북구 도봉로34길 53,,37.62254282,127.0309348,2000,한전주,02-901-5863,서울특별시 강북구청,2025-08-12
03-24-16,1,서울특별시 강북구 도봉로34길 53,,37.62254282,127.0309894,2000,한전주,02-901-5863,서울특별시 강북구청,2025-08-12
03-24-15,1,서울특별시 강북구 도봉로34길 53,,37.62254282,127.0309627,2000,,02-901-5863,서울특별시 강북구청,2025-08-12
03-24-14,1,서울특별시 강북구 도봉로38길 56,,37.62349994,127.0308136,2000,한전주,02-901-5863,서울특별시 강북구청,2025-08-12
03-24-13,1,서울특별시 강북구 도봉로38길 42,,37.6230966,127.030139,2000,,02-901-5863,서울특별시 강북구청,2025-08-12
03-24-12,1,서울특별시 강북구 도봉로38길 42,,37.6230966,127.030139,2000,전용주,02-901-5863,서울특별시 강북구청,2025-08-12
03-24-11,1,서울특별시 강북구 도봉로38길 40,,37.62306953,127.0299695,2000,,02-901-5863,서울특별시 강북구청,2025-08-12
03-24-10,1,서울특별시 강북구 도봉로38길 38,,37.6229694,127.0298462,2000,한전주,02-901-5863,서울특별시 강북구청,2025-08-12
03-24-09,1,서울특별시 강북구 도봉로38길 37,,37.62315795,127.0297645,2000,한전주,02-901-5863,서울특별시 강북구청,2025-08-12
03-24-08,1,서울특별시 강북구 도봉로18길 146,,37.62324786,127.0297407,2000,,02-901-5863,서울특별시 강북구청,2025-08-12
03-24-07,1,서울특별시 강북구 도봉로38길 41,,37.62329383,127.0298533,2000,,02-901-5863,서울특별시 강북구청,2025-08-12
03-24-06,1,서울특별시 강북구 도봉로38길 45,,37.62369313,127.0301993,2000,,02-901-5863,서울특별시 강북구청,2025-08-12
03-24-05,1,서울특별시 강북구 도봉로38길 47,,37.62345062,127.0302931,2000,한전주,02-901-5863,서울특별시 강북구청,2025-08-12
03-24-04,1,서울특별시 강북구 도봉로38길 53,,37.62363285,127.0305424,2000,한전주,02-901-5863,서울특별시 강북구청,2025-08-12
03-24-03,1,서울특별시 강북구 도봉로38길 51,,37.62352819,127.030404,2000,,02-901-5863,서울특별시 강북구청,2025-08-12
03-24-01,1,서울특별시 강북구 도봉로38길 57,,37.62369103,127.0306349,2000,,02-901-5863,서울특별시 강북구청,2025-08-12
03-23-51,1,서울특별시 강북구 도봉로30길 38,,37.62126291,127.0305141,2000,,02-901-5863,서울특별시 강북구청,2025-08-12
03-23-50,1,서울특별시 강북구 도봉로30길 43,,37.62163188,127.0307832,2000,한전주,02-901-5863,서울특별시 강북구청,2025-08-12
03-23-48,1,서울특별시 강북구 도봉로18길 116,,37.62186441,127.0302457,2000,,02-901-5863,서울특별시 강북구청,2025-08-12
03-23-47,1,서울특별시 강북구 도봉로18길 108,,37.62162097,127.0304157,2000,,02-901-5863,서울특별시 강북구청,2025-08-12
03-23-46,1,서울특별시 강북구 도봉로18길 108,,37.62162097,127.0304401,2000,한전주,02-901-5863,서울특별시 강북구청,2025-08-12
03-23-45,1,서울특별시 강북구 도봉로18길 112,,37.62177496,127.0303262,2000,한전주,02-901-5863,서울특별시 강북구청,2025-08-12
03-23-44,1,서울특별시 강북구 도봉로18길 106,,37.62165106,127.0305997,2000,,02-901-5863,서울특별시 강북구청,2025-08-12
03-23-43,1,서울특별시 강북구 도봉로18길 108,,37.62163174,127.0304413,2000,,02-901-5863,서울특별시 강북구청,2025-08-12
03-23-42,1,서울특별시 강북구 도봉로30길 35,,37.6214875,127.0304319,2000,한전주,02-901-5863,서울특별시 강북구청,2025-08-12
03-23-41,1,서울특별시 강북구 도봉로30길 38,,37.62126291,127.0305141,2000,한전주,02-901-5863,서울특별시 강북구청,2025-08-12
03-23-40,1,서울특별시 강북구 도봉로18길 94,,37.62100248,127.0306194,2000,한전주,02-901-5863,서울특별시 강북구청,2025-08-12
03-23-39,1,서울특별시 강북구 도봉로30길 42,,37.62138357,127.0307722,2000,,02-901-5863,서울특별시 강북구청,2025-08-12
03-23-38,1,서울특별시 강북구 도봉로30길 42,,37.62132671,127.0307722,2000,,02-901-5863,서울특별시 강북구청,2025-08-12
03-23-37,1,서울특별시 강북구 도봉로30길 43,,37.62166156,127.0307808,2000,한전주,02-901-5863,서울특별시 강북구청,2025-08-12
03-23-36,2,서울특별시 강북구 도봉로30길 47,,37.62166342,127.0309931,2000,한전주,02-901-5863,서울특별시 강북구청,2025-08-12
03-23-35,1,서울특별시 강북구 도봉로28길 43,,37.62100895,127.0310952,2000,,02-901-5863,서울특별시 강북구청,2025-08-12
03-23-34,1,서울특별시 강북구 도봉로30길 51,,37.62171887,127.0311765,2000,한전주,02-901-5863,서울특별시 강북구청,2025-08-12
03-23-33,1,서울특별시 강북구 도봉로30길 43,,37.62163188,127.0307832,2000,,02-901-5863,서울특별시 강북구청,2025-08-12
03-23-32,1,서울특별시 강북구 도봉로30길 43,,37.62163188,127.0307832,2000,,02-901-5863,서울특별시 강북구청,2025-08-12
03-23-31,1,서울특별시 강북구 도봉로30길 43,,37.62163188,127.0307832,2000,,02-901-5863,서울특별시 강북구청,2025-08-12
03-23-29,1,서울특별시 강북구 도봉로30길 43,,37.62163188,127.0307832,2000,한전주,02-901-5863,서울특별시 강북구청,2025-08-12
03-23-28,2,서울특별시 강북구 도봉로30길 43,,37.62163188,127.0307832,2000,한전주,02-901-5863,서울특별시 강북구청,2025-08-12
03-23-27,1,서울특별시 강북구 도봉로34길 54,,37.62208816,127.0311604,2000,한전주,02-901-5863,서울특별시 강북구청,2025-08-12
03-23-26,2,서울특별시 강북구 도봉로30길 43,,37.62163188,127.0307832,2000,한전주,02-901-5863,서울특별시 강북구청,2025-08-12
03-23-25,1,서울특별시 강북구 도봉로34길 62,,37.62249609,127.031461,2000,,02-901-5863,서울특별시 강북구청,2025-08-12
03-23-24,1,서울특별시 강북구 도봉로34길 62,,37.62249609,127.031461,2000,,02-901-5863,서울특별시 강북구청,2025-08-12
03-23-23,1,서울특별시 강북구 도봉로28가길 24,,37.62214417,127.0313976,2000,한전주,02-901-5863,서울특별시 강북구청,2025-08-12
03-23-22,1,서울특별시 강북구 도봉로28가길 22,,37.62204003,127.0314433,2000,,02-901-5863,서울특별시 강북구청,2025-08-12
03-23-21,1,서울특별시 강북구 도봉로28가길 22,,37.62204003,127.0314991,2000,,02-901-5863,서울특별시 강북구청,2025-08-12
03-23-20,1,서울특별시 강북구 도봉로28가길 20,,37.62194661,127.0314794,2000,한전주,02-901-5863,서울특별시 강북구청,2025-08-12
03-23-19,1,서울특별시 강북구 도봉로28가길 17,,37.62179336,127.0313454,2000,한전주,02-901-5863,서울특별시 강북구청,2025-08-12
03-23-18,1,서울특별시 강북구 도봉로28가길 16,,37.62181312,127.0316024,2000,,02-901-5863,서울특별시 강북구청,2025-08-12
03-23-17,1,서울특별시 강북구 도봉로28가길 16,,37.62181312,127.0316024,2000,,02-901-5863,서울특별시 강북구청,2025-08-12
03-23-16,1,서울특별시 강북구 도봉로28가길 16,,37.62181312,127.0316024,2000,,02-901-5863,서울특별시 강북구청,2025-08-12
03-23-15,1,서울특별시 강북구 도봉로28가길 16,,37.62181249,127.0316058,2000,,02-901-5863,서울특별시 강북구청,2025-08-12
03-23-14,1,서울특별시 강북구 도봉로28가길 12,,37.6216321,127.0316339,2000,,02-901-5863,서울특별시 강북구청,2025-08-12
03-23-13,1,서울특별시 강북구 도봉로28가길 12,,37.6216321,127.0316339,2000,한전주,02-901-5863,서울특별시 강북구청,2025-08-12
03-23-12,1,서울특별시 강북구 도봉로28가길 10,,37.62148452,127.0316381,2000,,02-901-5863,서울특별시 강북구청,2025-08-12
03-23-11,1,서울특별시 강북구 도봉로28가길 12,,37.62163249,127.0316307,2000,한전주,02-901-5863,서울특별시 강북구청,2025-08-12
03-23-10,1,서울특별시 강북구 도봉로28가길 6,,37.62132793,127.031638,2000,,02-901-5863,서울특별시 강북구청,2025-08-12
03-23-09,1,서울특별시 강북구 도봉로28가길 6,,37.62133517,127.0316346,2000,한전주,02-901-5863,서울특별시 강북구청,2025-08-12
03-23-08,1,서울특별시 강북구 도봉로28가길 6,,37.62133517,127.0316346,2000,한전주,02-901-5863,서울특별시 강북구청,2025-08-12
03-23-07,1,서울특별시 강북구 도봉로30길 48,,37.62141348,127.0311078,2000,,02-901-5863,서울특별시 강북구청,2025-08-12
03-23-06,1,서울특별시 강북구 도봉로28길 43,,37.62100895,127.0310554,2000,,02-901-5863,서울특별시 강북구청,2025-08-12
03-23-05,1,서울특별시 강북구 도봉로28길 43,,37.62100895,127.0310952,2000,한전주,02-901-5863,서울특별시 강북구청,2025-08-12
03-23-04,1,서울특별시 강북구 도봉로28길 41,,37.62101593,127.0308989,2000,,02-901-5863,서울특별시 강북구청,2025-08-12
03-23-03,1,서울특별시 강북구 도봉로28길 37,,37.62090616,127.030665,2000,한전주,02-901-5863,서울특별시 강북구청,2025-08-12
03-23-02,1,서울특별시 강북구 도봉로28길 37,,37.62090616,127.030665,2000,,02-901-5863,서울특별시 강북구청,2025-08-12
03-23-01,1,서울특별시 강북구 도봉로28길 37,,37.62090375,127.030666,2000,한전주,02-901-5863,서울특별시 강북구청,2025-08-12
03-22-57,1,서울특별시 강북구 도봉로18길 115,,37.62188995,127.0300641,2000,전용주,02-901-5863,서울특별시 강북구청,2025-08-12
03-22-56,1,서울특별시 강북구 도봉로32길 18,,37.62162737,127.029909,2000,,02-901-5863,서울특별시 강북구청,2025-08-12
03-22-55,1,서울특별시 강북구 도봉로30길 6,,37.62085357,127.0289448,2000,한전주,02-901-5863,서울특별시 강북구청,2025-08-12
03-22-54,1,서울특별시 강북구 도봉로34길 30,,37.62208527,127.0297104,2000,,02-901-5863,서울특별시 강북구청,2025-08-12
03-22-53,1,서울특별시 강북구 도봉로28길 13,,37.62061413,127.0294124,2000,한전주,02-901-5863,서울특별시 강북구청,2025-08-12
03-22-52,1,서울특별시 강북구 도봉로28길 17,,37.62063543,127.0295306,2000,한전주,02-901-5863,서울특별시 강북구청,2025-08-12
03-22-51,1,서울특별시 강북구 도봉로28길 17,,37.62063308,127.0295254,2000,,02-901-5863,서울특별시 강북구청,2025-08-12
03-22-50,1,서울특별시 강북구 도봉로28길 21,,37.62068645,127.0298603,2000,,02-901-5863,서울특별시 강북구청,2025-08-12
03-22-49,1,서울특별시 강북구 도봉로28길 21,,37.62068645,127.029820,2000,한전주,02-901-5863,서울특별시 강북구청,2025-08-12
03-22-48,1,서울특별시 강북구 도봉로30길 26,,37.62111402,127.0299383,2000,,02-901-5863,서울특별시 강북구청,2025-08-12
03-22-47,1,서울특별시 강북구 도봉로28길 25,,37.62078819,127.0300696,2000,,02-901-5863,서울특별시 강북구청,2025-08-12
03-22-46,1,서울특별시 강북구 도봉로28길 29,,37.62081012,127.0302367,2000,,02-901-5863,서울특별시 강북구청,2025-08-12
03-22-45,1,서울특별시 강북구 도봉로28길 31,,37.62082831,127.030321,2000,,02-901-5863,서울특별시 강북구청,2025-08-12
03-22-44,1,서울특별시 강북구 도봉로28길 31,,37.62082831,127.030321,2000,한전주,02-901-5863,서울특별시 강북구청,2025-08-12
03-22-43,1,서울특별시 강북구 도봉로28길 33,,37.62085703,127.0304627,2000,한전주,02-901-5863,서울특별시 강북구청,2025-08-12
03-22-42,1,서울특별시 강북구 도봉로30길 32,,37.62118824,127.0302017,2000,,02-901-5863,서울특별시 강북구청,2025-08-12
03-22-41,1,서울특별시 강북구 도봉로30길 32,,37.62118824,127.0302017,2000,,02-901-5863,서울특별시 강북구청,2025-08-12
03-22-40,1,서울특별시 강북구 도봉로30길 27,,37.62130631,127.0298858,2000,한전주,02-901-5863,서울특별시 강북구청,2025-08-12
03-22-38,2,서울특별시 강북구 도봉로30길 27,,37.62130631,127.0298906,2000,한전주,02-901-5863,서울특별시 강북구청,2025-08-12
03-22-37,1,서울특별시 강북구 도봉로30길 19,,37.6211991,127.0294981,2000,한전주,02-901-5863,서울특별시 강북구청,2025-08-12
03-22-36,1,서울특별시 강북구 도봉로30길 19,,37.6211991,127.0294981,2000,,02-901-5863,서울특별시 강북구청,2025-08-12
03-22-35,1,서울특별시 강북구 도봉로30길 19,,37.6211991,127.0294981,2000,한전주,02-901-5863,서울특별시 강북구청,2025-08-12
03-22-34,1,서울특별시 강북구 도봉로30길 17,,37.62115813,127.0293789,2000,한전주,02-901-5863,서울특별시 강북구청,2025-08-12
03-22-33,1,서울특별시 강북구 도봉로30길 17,,37.62115813,127.0293789,2000,,02-901-5863,서울특별시 강북구청,2025-08-12
03-22-32,1,서울특별시 강북구 도봉로30길 17,,37.62115451,127.0293827,2000,한전주,02-901-5863,서울특별시 강북구청,2025-08-12
03-22-31,1,서울특별시 강북구 도봉로30길 17,,37.62115451,127.0293827,2000,한전주,02-901-5863,서울특별시 강북구청,2025-08-12
03-22-29,1,서울특별시 강북구 도봉로20가길 68,,37.62157516,127.0290374,2000,,02-901-5863,서울특별시 강북구청,2025-08-12
03-22-28,1,서울특별시 강북구 도봉로32길 3,,37.6215851,127.0291505,2000,,02-901-5863,서울특별시 강북구청,2025-08-12
03-22-27,1,서울특별시 강북구 도봉로32길 13,,37.62175183,127.0296981,2000,한전주,02-901-5863,서울특별시 강북구청,2025-08-12
03-22-26,1,서울특별시 강북구 도봉로32길 17,,37.62178889,127.0298276,2000,,02-901-5863,서울특별시 강북구청,2025-08-12
03-22-25,1,서울특별시 강북구 도봉로32길 20,,37.62165552,127.0300445,2000,,02-901-5863,서울특별시 강북구청,2025-08-12
03-22-24,1,서울특별시 강북구 도봉로32길 19,,37.62178982,127.0299408,2000,,02-901-5863,서울특별시 강북구청,2025-08-12
03-22-23,1,서울특별시 강북구 도봉로18길 115,,37.62188995,127.0300641,2000,한전주,02-901-5863,서울특별시 강북구청,2025-08-12
03-22-22,1,서울특별시 강북구 도봉로18길 121,,37.62215038,127.0299588,2000,,02-901-5863,서울특별시 강북구청,2025-08-12
03-22-21,1,서울특별시 강북구 도봉로34길 32,,37.62210947,127.0298939,2000,,02-901-5863,서울특별시 강북구청,2025-08-12
03-22-20,1,서울특별시 강북구 도봉로34길 32,,37.62210947,127.0298586,2000,,02-901-5863,서울특별시 강북구청,2025-08-12
03-22-19,1,서울특별시 강북구 도봉로34길 32,,37.62211323,127.0298234,2000,,02-901-5863,서울특별시 강북구청,2025-08-12
03-22-18,1,서울특별시 강북구 도봉로34길 26,,37.62192245,127.0296333,2000,,02-901-5863,서울특별시 강북구청,2025-08-12
03-22-17,1,서울특별시 강북구 도봉로34길 24,,37.62202016,127.0294621,2000,한전주,02-901-5863,서울특별시 강북구청,2025-08-12
03-22-16,1,서울특별시 강북구 도봉로34길 24,,37.62202016,127.0294621,2000,,02-901-5863,서울특별시 강북구청,2025-08-12
03-22-15,1,서울특별시 강북구 도봉로34길 22,,37.62198661,127.029290,2000,,02-901-5863,서울특별시 강북구청,2025-08-12
03-22-14,1,서울특별시 강북구 도봉로32길 10,,37.62153374,127.0294797,2000,,02-901-5863,서울특별시 강북구청,2025-08-12
03-22-13,1,서울특별시 강북구 도봉로34길 20,,37.62196378,127.0291796,2000,한전주,02-901-5863,서울특별시 강북구청,2025-08-12
03-22-12,1,서울특별시 강북구 도봉로34길 16,,37.62192226,127.0290318,2000,,02-901-5863,서울특별시 강북구청,2025-08-12
03-22-11,1,서울특별시 강북구 도봉로34길 16,,37.62192226,127.0290318,2000,,02-901-5863,서울특별시 강북구청,2025-08-12
03-22-10,1,서울특별시 강북구 도봉로34길 16,,37.62191752,127.0290329,2000,,02-901-5863,서울특별시 강북구청,2025-08-12
03-22-09,1,서울특별시 강북구 도봉로34길 14,,37.62188956,127.0289142,2000,,02-901-5863,서울특별시 강북구청,2025-08-12
03-22-08,1,서울특별시 강북구 도봉로 144,,37.62168716,127.0284129,2000,한전주,02-901-5863,서울특별시 강북구청,2025-08-12
03-22-07,1,서울특별시 강북구 도봉로20가길 71,,37.62160813,127.0286631,2000,한전주,02-901-5863,서울특별시 강북구청,2025-08-12
03-22-06,1,서울특별시 강북구 도봉로 138,,37.621354,127.0284399,2000,,02-901-5863,서울특별시 강북구청,2025-08-12
03-22-05,1,서울특별시 강북구 도봉로 138,,37.621354,127.0284399,2000,한전주,02-901-5863,서울특별시 강북구청,2025-08-12
03-22-04,1,서울특별시 강북구 도봉로 138,,37.621354,127.0284399,2000,한전주,02-901-5863,서울특별시 강북구청,2025-08-12
03-22-03,1,서울특별시 강북구 도봉로 136,,37.6210762,127.0286247,2000,한전주,02-901-5863,서울특별시 강북구청,2025-08-12
03-22-02,1,서울특별시 강북구 도봉로30길 6,,37.62085357,127.0289448,2000,한전주,02-901-5863,서울특별시 강북구청,2025-08-12
03-22-01,1,서울특별시 강북구 도봉로28길 5,,37.62058431,127.0290729,2000,한전주,02-901-5863,서울특별시 강북구청,2025-08-12
03-20-03,1,서울특별시 강북구 오패산로30길 30,,37.61635844,127.0356749,2000,한전주,02-901-5863,서울특별시 강북구청,2025-08-12
03-20-02,1,서울특별시 강북구 오패산로30길 30,,37.61635844,127.0356749,2000,한전주,02-901-5863,서울특별시 강북구청,2025-08-12
03-20-01,1,서울특별시 강북구 오패산로30길 30,,37.61635844,127.0356749,2000,한전주,02-901-5863,서울특별시 강북구청,2025-08-12
03-17-01,1,서울특별시 강북구 월계로 173,,37.62025812,127.0443243,2000,한전주,02-901-5863,서울특별시 강북구청,2025-08-12
03-16-44,1,서울특별시 강북구 월계로21길 16,,37.6141251,127.038037,2000,한전주,02-901-5863,서울특별시 강북구청,2025-08-12
03-16-43,1,서울특별시 강북구 월계로21나길 20,,37.61557875,127.0384034,2000,전용주,02-901-5863,서울특별시 강북구청,2025-08-12
03-16-42,1,서울특별시 강북구 월계로21나길 20,,37.6150289,127.0383765,2000,,02-901-5863,서울특별시 강북구청,2025-08-12
03-16-41,1,서울특별시 강북구 월계로21나길 36,,37.61531647,127.0382822,2000,,02-901-5863,서울특별시 강북구청,2025-08-12
03-16-40,1,서울특별시 강북구 월계로21나길 50,,37.61645167,127.0380947,2000,,02-901-5863,서울특별시 강북구청,2025-08-12
03-16-38,1,서울특별시 강북구 월계로 173,,37.62025812,127.0443243,2000,,02-901-5863,서울특별시 강북구청,2025-08-12
03-16-37,1,서울특별시 강북구 월계로 173,,37.62025812,127.0443243,2000,,02-901-5863,서울특별시 강북구청,2025-08-12
03-16-36,1,서울특별시 강북구 월계로 173,,37.62025812,127.0443243,2000,,02-901-5863,서울특별시 강북구청,2025-08-12
03-16-35,1,서울특별시 강북구 월계로 105,,37.61547838,127.0393562,2000,,02-901-5863,서울특별시 강북구청,2025-08-12
03-16-34,1,서울특별시 강북구 월계로 99,,37.61493182,127.0388678,2000,,02-901-5863,서울특별시 강북구청,2025-08-12
03-16-33,1,서울특별시 강북구 월계로 99,,37.61493182,127.0388678,2000,한전주,02-901-5863,서울특별시 강북구청,2025-08-12
03-16-32,1,서울특별시 강북구 월계로 91,,37.61434652,127.0383561,2000,한전주,02-901-5863,서울특별시 강북구청,2025-08-12
03-16-31,1,서울특별시 강북구 월계로 91,,37.61434652,127.0383561,2000,전용주,02-901-5863,서울특별시 강북구청,2025-08-12
03-16-30,1,서울특별시 강북구 월계로21길 18,,37.61428145,127.0381366,2000,한전주,02-901-5863,서울특별시 강북구청,2025-08-12
03-16-29,1,서울특별시 강북구 월계로21길 26,,37.61458781,127.0384275,2000,한전주,02-901-5863,서울특별시 강북구청,2025-08-12
03-16-28,1,서울특별시 강북구 월계로21길 36,,37.61487823,127.0386843,2000,한전주,02-901-5863,서울특별시 강북구청,2025-08-12
03-16-27,1,서울특별시 강북구 월계로21길 39,,37.61518427,127.0386464,2000,,02-901-5863,서울특별시 강북구청,2025-08-12
03-16-26,1,서울특별시 강북구 월계로21길 46,,37.61525029,127.039008,2000,한전주,02-901-5863,서울특별시 강북구청,2025-08-12
03-16-25,1,서울특별시 강북구 월계로21길 49,,37.61551983,127.0389139,2000,,02-901-5863,서울특별시 강북구청,2025-08-12
03-16-24,1,서울특별시 강북구 월계로21다길 23,,37.61582595,127.0391733,2000,한전주,02-901-5863,서울특별시 강북구청,2025-08-12
03-16-23,2,서울특별시 강북구 월계로21다길 20,,37.61560928,127.0388335,2000,한전주,02-901-5863,서울특별시 강북구청,2025-08-12
03-16-22,1,서울특별시 강북구 월계로21다길 17,,37.6158635,127.0389553,2000,전용주,02-901-5863,서울특별시 강북구청,2025-08-12
03-16-21,1,서울특별시 강북구 월계로21다길 17,,37.6158635,127.0389553,2000,전용주,02-901-5863,서울특별시 강북구청,2025-08-12
03-16-20,1,서울특별시 강북구 월계로21다길 13,,37.61596865,127.0387043,2000,한전주,02-901-5863,서울특별시 강북구청,2025-08-12
03-16-19,1,서울특별시 강북구 월계로21다길 8,,37.61586724,127.0384224,2000,한전주,02-901-5863,서울특별시 강북구청,2025-08-12
03-16-17,1,서울특별시 강북구 월계로21다길 7,,37.61606425,127.0383823,2000,,02-901-5863,서울특별시 강북구청,2025-08-12
03-16-16,2,서울특별시 강북구 월계로21나길 20,,37.615372,127.0384627,2000,한전주,02-901-5863,서울특별시 강북구청,2025-08-12
03-16-15,1,서울특별시 강북구 월계로21나길 20,,37.61530995,127.0385881,2000,,02-901-5863,서울특별시 강북구청,2025-08-12
03-16-14,1,서울특별시 강북구 월계로21나길 20,,37.61513775,127.0384658,2000,,02-901-5863,서울특별시 강북구청,2025-08-12
03-16-13,1,서울특별시 강북구 월계로21나길 20,,37.61506411,127.0382741,2000,,02-901-5863,서울특별시 강북구청,2025-08-12
03-16-12,1,서울특별시 강북구 월계로21나길 36,,37.61555071,127.0382792,2000,,02-901-5863,서울특별시 강북구청,2025-08-12
03-16-11,1,서울특별시 강북구 월계로21나길 36,,37.61578514,127.0382988,2000,,02-901-5863,서울특별시 강북구청,2025-08-12
03-16-10,1,서울특별시 강북구 월계로21다길 5,,37.61606416,127.0382613,2000,한전주,02-901-5863,서울특별시 강북구청,2025-08-12
03-16-09,1,서울특별시 강북구 월계로21다길 3,,37.61625345,127.0382702,2000,,02-901-5863,서울특별시 강북구청,2025-08-12
03-16-08,1,서울특별시 강북구 월계로21나길 50,,37.61645167,127.0380947,2000,,02-901-5863,서울특별시 강북구청,2025-08-12
03-16-07,1,서울특별시 강북구 월계로21나길 42,,37.61614102,127.0380904,2000,한전주,02-901-5863,서울특별시 강북구청,2025-08-12
03-16-06,1,서울특별시 강북구 월계로21나길 36,,37.6158824,127.0380711,2000,한전주,02-901-5863,서울특별시 강북구청,2025-08-12
03-16-05,1,서울특별시 강북구 월계로21나길 32,,37.61573844,127.0380956,2000,한전주,02-901-5863,서울특별시 강북구청,2025-08-12
03-16-04,1,서울특별시 강북구 월계로21나길 28,,37.61551311,127.0380871,2000,한전주,02-901-5863,서울특별시 강북구청,2025-08-12
03-16-03,1,서울특별시 강북구 월계로21나길 22,,37.61518858,127.0380687,2000,한전주,02-901-5863,서울특별시 강북구청,2025-08-12
03-16-02,1,서울특별시 강북구 월계로21나길 14,,37.6148283,127.0380846,2000,한전주,02-901-5863,서울특별시 강북구청,2025-08-12
03-16-01,1,서울특별시 강북구 월계로21나길 8,,37.61464783,127.038053,2000,한전주,02-901-5863,서울특별시 강북구청,2025-08-12
03-15-42,1,서울특별시 강북구 월계로21가길 25,,37.61468485,127.037067,2000,,02-901-5863,서울특별시 강북구청,2025-08-12
03-15-41,1,서울특별시 강북구 월계로 75,,37.61326339,127.0373345,2000,,02-901-5863,서울특별시 강북구청,2025-08-12
03-15-40,1,서울특별시 강북구 월계로 75,,37.61326035,127.0373204,2000,한전주,02-901-5863,서울특별시 강북구청,2025-08-12
03-15-39,1,서울특별시 강북구 월계로 75,,37.61326035,127.0373076,2000,,02-901-5863,서울특별시 강북구청,2025-08-12
03-15-38,1,서울특별시 강북구 월계로 75,,37.61326035,127.0373325,2000,한전주,02-901-5863,서울특별시 강북구청,2025-08-12
03-15-37,1,서울특별시 강북구 월계로21가길 3,,37.61386813,127.0374627,2000,한전주,02-901-5863,서울특별시 강북구청,2025-08-12
03-15-36,1,서울특별시 강북구 월계로21가길 13,,37.61402698,127.0370529,2000,한전주,02-901-5863,서울특별시 강북구청,2025-08-12
03-15-35,1,서울특별시 강북구 월계로21가길 14,,37.61412369,127.0372873,2000,,02-901-5863,서울특별시 강북구청,2025-08-12
03-15-34,1,서울특별시 강북구 월계로21가길 14,,37.61413851,127.0372873,2000,,02-901-5863,서울특별시 강북구청,2025-08-12
03-15-33,1,서울특별시 강북구 월계로21가길 17,,37.61425194,127.037016,2000,,02-901-5863,서울특별시 강북구청,2025-08-12
03-15-32,1,서울특별시 강북구 월계로21가길 17,,37.61425194,127.037016,2000,한전주,02-901-5863,서울특별시 강북구청,2025-08-12
03-15-31,1,서울특별시 강북구 월계로21가길 25,,37.61468365,127.0370634,2000,,02-901-5863,서울특별시 강북구청,2025-08-12
03-15-30,1,서울특별시 강북구 월계로21가길 33,,37.61503641,127.0370852,2000,한전주,02-901-5863,서울특별시 강북구청,2025-08-12
03-15-29,1,서울특별시 강북구 월계로21가길 33,,37.61503641,127.0370852,2000,한전주,02-901-5863,서울특별시 강북구청,2025-08-12
03-15-28,1,서울특별시 강북구 월계로21가길 37,,37.61518957,127.0370832,2000,,02-901-5863,서울특별시 강북구청,2025-08-12
03-15-27,1,서울특별시 강북구 월계로21가길 42,,37.61534467,127.0373191,2000,한전주,02-901-5863,서울특별시 강북구청,2025-08-12
03-15-26,1,서울특별시 강북구 월계로21가길 48,,37.61558801,127.0373273,2000,한전주,02-901-5863,서울특별시 강북구청,2025-08-12
03-15-25,1,서울특별시 강북구 월계로21가길 50,,37.61572362,127.0373821,2000,한전주,02-901-5863,서울특별시 강북구청,2025-08-12
03-15-24,1,서울특별시 강북구 월계로21가길 54,,37.61587705,127.0373916,2000,,02-901-5863,서울특별시 강북구청,2025-08-12
03-15-23,1,서울특별시 강북구 월계로21가길 64,,37.61609274,127.0374445,2000,전용주,02-901-5863,서울특별시 강북구청,2025-08-12
03-15-22,1,서울특별시 강북구 월계로21가길 64,,37.61609274,127.0374445,2000,전용주,02-901-5863,서울특별시 강북구청,2025-08-12
03-15-21,1,서울특별시 강북구 월계로21가길 64,,37.61609274,127.0374445,2000,전용주,02-901-5863,서울특별시 강북구청,2025-08-12
03-15-20,1,서울특별시 강북구 월계로21나길 45,,37.61628615,127.0378568,2000,전용주,02-901-5863,서울특별시 강북구청,2025-08-12
03-15-19,1,서울특별시 강북구 월계로21나길 54,,37.61669245,127.0379924,2000,한전주,02-901-5863,서울특별시 강북구청,2025-08-12
03-15-18,1,서울특별시 강북구 월계로21가길 82,,37.61693706,127.0381255,2000,한전주,02-901-5863,서울특별시 강북구청,2025-08-12
03-15-17,1,서울특별시 강북구 월계로21가길 82,,37.61693706,127.0381255,2000,전용주,02-901-5863,서울특별시 강북구청,2025-08-12
03-15-16,1,서울특별시 강북구 월계로21가길 82,,37.61693706,127.0381255,2000,전용주,02-901-5863,서울특별시 강북구청,2025-08-12
03-15-15,1,서울특별시 강북구 월계로21가길 82,,37.61693706,127.0381255,2000,한전주,02-901-5863,서울특별시 강북구청,2025-08-12
03-15-14,1,서울특별시 강북구 월계로21가길 82,,37.61693706,127.0381255,2000,한전주,02-901-5863,서울특별시 강북구청,2025-08-12
03-15-13,2,서울특별시 강북구 월계로21나길 51,,37.61651986,127.037791,2000,한전주,02-901-5863,서울특별시 강북구청,2025-08-12
03-15-12,1,서울특별시 강북구 월계로21나길 37,,37.61595576,127.0378393,2000,,02-901-5863,서울특별시 강북구청,2025-08-12
03-15-11,1,서울특별시 강북구 월계로21나길 37,,37.61595576,127.0378393,2000,,02-901-5863,서울특별시 강북구청,2025-08-12
03-15-10,1,서울특별시 강북구 월계로21나길 39,,37.61608787,127.0378532,2000,,02-901-5863,서울특별시 강북구청,2025-08-12
03-15-08,1,서울특별시 강북구 월계로21나길 25,,37.61533858,127.0378577,2000,한전주,02-901-5863,서울특별시 강북구청,2025-08-12
03-15-07,1,서울특별시 강북구 월계로21나길 15,,37.61488891,127.0378263,2000,,02-901-5863,서울특별시 강북구청,2025-08-12
03-15-06,1,서울특별시 강북구 월계로21나길 11,,37.61469483,127.037829,2000,한전주,02-901-5863,서울특별시 강북구청,2025-08-12
03-15-05,1,서울특별시 강북구 월계로21나길 3,,37.61443301,127.0378106,2000,한전주,02-901-5863,서울특별시 강북구청,2025-08-12
03-15-04,1,서울특별시 강북구 월계로21길 15,,37.61423054,127.0377072,2000,,02-901-5863,서울특별시 강북구청,2025-08-12
03-15-03,1,서울특별시 강북구 월계로21길 11,,37.61413171,127.0377424,2000,,02-901-5863,서울특별시 강북구청,2025-08-12
03-15-02,1,서울특별시 강북구 월계로21길 5,,37.61383329,127.0376104,2000,한전주,02-901-5863,서울특별시 강북구청,2025-08-12
03-15-01,1,서울특별시 강북구 월계로21길 5,,37.61383329,127.0376104,2000,한전주,02-901-5863,서울특별시 강북구청,2025-08-12
03-14-48,1,서울특별시 강북구 월계로 57,,37.61220631,127.0357693,2000,전용주,02-901-5863,서울특별시 강북구청,2025-08-12
03-14-47,2,서울특별시 강북구 오패산로 112,,37.6119653,127.035052,2000,전용주,02-901-5863,서울특별시 강북구청,2025-08-12
03-14-46,1,서울특별시 강북구 오패산로28길 5,,37.61319781,127.0346862,2000,,02-901-5863,서울특별시 강북구청,2025-08-12
03-14-44,1,서울특별시 강북구 월계로 61,,37.61340427,127.0357962,2000,,02-901-5863,서울특별시 강북구청,2025-08-12
03-14-43,1,서울특별시 강북구 월계로 61,,37.61340427,127.0357962,2000,,02-901-5863,서울특별시 강북구청,2025-08-12
03-14-42,1,서울특별시 강북구 월계로 61,,37.61340427,127.0357962,2000,,02-901-5863,서울특별시 강북구청,2025-08-12
03-14-41,1,서울특별시 강북구 월계로 61,,37.61340427,127.0357962,2000,,02-901-5863,서울특별시 강북구청,2025-08-12
03-14-40,1,서울특별시 강북구 월계로 61,,37.61340427,127.0357962,2000,,02-901-5863,서울특별시 강북구청,2025-08-12
03-14-39,1,서울특별시 강북구 월계로 61,,37.61340427,127.0357962,2000,,02-901-5863,서울특별시 강북구청,2025-08-12
03-14-38,1,서울특별시 강북구 월계로 61,,37.61340427,127.0357962,2000,,02-901-5863,서울특별시 강북구청,2025-08-12
03-14-35,1,서울특별시 강북구 오패산로30길 18,,37.61387635,127.0350058,2000,한전주,02-901-5863,서울특별시 강북구청,2025-08-12
03-14-34,2,서울특별시 강북구 오패산로30길 18,,37.61387512,127.0350047,2000,한전주,02-901-5863,서울특별시 강북구청,2025-08-12
03-14-33,1,서울특별시 강북구 오패산로28길 8,,37.6130705,127.0346752,2000,한전주,02-901-5863,서울특별시 강북구청,2025-08-12
03-14-32,1,서울특별시 강북구 오패산로28길 5,,37.61319781,127.0346862,2000,,02-901-5863,서울특별시 강북구청,2025-08-12
03-14-31,1,서울특별시 강북구 오패산로28길 5,,37.61319781,127.0346862,2000,,02-901-5863,서울특별시 강북구청,2025-08-12
03-14-30,1,서울특별시 강북구 오패산로28길 5,,37.61319781,127.0346862,2000,,02-901-5863,서울특별시 강북구청,2025-08-12
03-14-28,1,서울특별시 강북구 오패산로28길 5,,37.61319781,127.0346609,2000,,02-901-5863,서울특별시 강북구청,2025-08-12
03-14-27,1,서울특별시 강북구 오패산로28길 8,,37.61307024,127.0346784,2000,한전주,02-901-5863,서울특별시 강북구청,2025-08-12
03-14-26,1,서울특별시 강북구 오패산로28길 8,,37.61307024,127.034670,2000,,02-901-5863,서울특별시 강북구청,2025-08-12
03-14-25,1,서울특별시 강북구 오패산로28길 7,,37.61314415,127.0348668,2000,한전주,02-901-5863,서울특별시 강북구청,2025-08-12
03-14-24,1,서울특별시 강북구 오패산로28길 7,,37.61314415,127.0348668,2000,한전주,02-901-5863,서울특별시 강북구청,2025-08-12
03-14-23,1,서울특별시 강북구 오패산로28길 11,,37.61316169,127.0349882,2000,,02-901-5863,서울특별시 강북구청,2025-08-12
03-14-22,1,서울특별시 강북구 오패산로28길 15,,37.61338098,127.0351809,2000,,02-901-5863,서울특별시 강북구청,2025-08-12
03-14-20,1,서울특별시 강북구 오패산로30길 18,,37.61387635,127.0350058,2000,전용주,02-901-5863,서울특별시 강북구청,2025-08-12
03-14-19,1,서울특별시 강북구 오패산로28길 19,,37.61327435,127.0353635,2000,,02-901-5863,서울특별시 강북구청,2025-08-12
03-14-18,1,서울특별시 강북구 오패산로28길 19,,37.61327435,127.0353635,2000,,02-901-5863,서울특별시 강북구청,2025-08-12
03-14-15,2,서울특별시 강북구 오패산로28길 17,,37.61322792,127.0351942,2000,한전주,02-901-5863,서울특별시 강북구청,2025-08-12
03-14-14,1,서울특별시 강북구 월계로 57,,37.61220631,127.0357693,2000,,02-901-5863,서울특별시 강북구청,2025-08-12
03-14-13,2,서울특별시 강북구 월계로 57,,37.61220631,127.0357693,2000,,02-901-5863,서울특별시 강북구청,2025-08-12
03-14-12,1,서울특별시 강북구 오패산로 114,,37.61211068,127.0349832,2000,,02-901-5863,서울특별시 강북구청,2025-08-12
03-14-11,1,서울특별시 강북구 오패산로 114,,37.61211068,127.0349832,2000,한전주,02-901-5863,서울특별시 강북구청,2025-08-12
03-14-10,1,서울특별시 강북구 오패산로 114,,37.6121089,127.0349821,2000,한전주,02-901-5863,서울특별시 강북구청,2025-08-12
03-14-09,1,서울특별시 강북구 월계로 57,,37.61220631,127.0357693,2000,,02-901-5863,서울특별시 강북구청,2025-08-12
03-14-08,1,서울특별시 강북구 오패산로 118,,37.6124166,127.0348643,2000,전용주,02-901-5863,서울특별시 강북구청,2025-08-12
03-14-07,1,서울특별시 강북구 월계로 57,,37.61220631,127.0357693,2000,,02-901-5863,서울특별시 강북구청,2025-08-12
03-14-06,1,서울특별시 강북구 월계로 59,,37.61229768,127.0360331,2000,한전주,02-901-5863,서울특별시 강북구청,2025-08-12
03-14-05,1,서울특별시 강북구 월계로 53,,37.6120233,127.0355367,2000,,02-901-5863,서울특별시 강북구청,2025-08-12
03-14-04,1,서울특별시 강북구 오패산로 110,,37.61220939,127.0351507,2000,,02-901-5863,서울특별시 강북구청,2025-08-12
03-14-03,1,서울특별시 강북구 오패산로 118,,37.6124166,127.0348643,2000,한전주,02-901-5863,서울특별시 강북구청,2025-08-12
03-14-02,1,서울특별시 강북구 오패산로 118,,37.61248748,127.0348643,2000,,02-901-5863,서울특별시 강북구청,2025-08-12
03-14-01,1,서울특별시 강북구 오패산로 118,,37.6124166,127.0348643,2000,한전주,02-901-5863,서울특별시 강북구청,2025-08-12
03-13-40,1,서울특별시 강북구 오패산로 150,,37.61518031,127.0337418,2000,,02-901-5863,서울특별시 강북구청,2025-08-12
03-13-39,1,서울특별시 강북구 오패산로 144,,37.61461531,127.0340663,2000,,02-901-5863,서울특별시 강북구청,2025-08-12
03-13-38,1,서울특별시 강북구 오패산로 148,,37.61490887,127.0338003,2000,,02-901-5863,서울특별시 강북구청,2025-08-12
03-13-37,1,서울특별시 강북구 오패산로 150,,37.61517792,127.0337403,2000,한전주,02-901-5863,서울특별시 강북구청,2025-08-12
03-13-36,1,서울특별시 강북구 오패산로 150,,37.61517792,127.0337403,2000,,02-901-5863,서울특별시 강북구청,2025-08-12
03-13-35,1,서울특별시 강북구 오패산로 150,,37.61517792,127.0337403,2000,,02-901-5863,서울특별시 강북구청,2025-08-12
03-13-34,1,서울특별시 강북구 오패산로38길 6,,37.61510256,127.0341506,2000,한전주,02-901-5863,서울특별시 강북구청,2025-08-12
03-13-33,1,서울특별시 강북구 오패산로38길 6,,37.61510256,127.0341506,2000,,02-901-5863,서울특별시 강북구청,2025-08-12
03-13-32,1,서울특별시 강북구 오패산로38길 12,,37.61518596,127.0344327,2000,,02-901-5863,서울특별시 강북구청,2025-08-12
03-13-31,1,서울특별시 강북구 오패산로38길 12,,37.61531971,127.0342611,2000,한전주,02-901-5863,서울특별시 강북구청,2025-08-12
03-13-30,2,서울특별시 강북구 오패산로38길 18,,37.61522311,127.0345682,2000,한전주,02-901-5863,서울특별시 강북구청,2025-08-12
03-13-29,1,서울특별시 강북구 오패산로38길 20,,37.6152518,127.0347717,2000,한전주,02-901-5863,서울특별시 강북구청,2025-08-12
03-13-27,1,서울특별시 강북구 오패산로38길 18,,37.61517063,127.0347614,2000,,02-901-5863,서울특별시 강북구청,2025-08-12
03-13-26,1,서울특별시 강북구 오패산로38길 18,,37.61496165,127.0345489,2000,,02-901-5863,서울특별시 강북구청,2025-08-12
03-13-25,1,서울특별시 강북구 오패산로38길 18,,37.61496165,127.0345489,2000,한전주,02-901-5863,서울특별시 강북구청,2025-08-12
03-13-24,1,서울특별시 강북구 오패산로38길 6,,37.61484184,127.0342219,2000,,02-901-5863,서울특별시 강북구청,2025-08-12
03-13-23,1,서울특별시 강북구 오패산로38길 6,,37.61473355,127.0342007,2000,,02-901-5863,서울특별시 강북구청,2025-08-12
03-13-22,1,서울특별시 강북구 오패산로38길 6,,37.61478118,127.0345172,2000,한전주,02-901-5863,서울특별시 강북구청,2025-08-12
03-13-21,1,서울특별시 강북구 오패산로38길 6,,37.61464651,127.0345756,2000,,02-901-5863,서울특별시 강북구청,2025-08-12
03-13-20,1,서울특별시 강북구 오패산로30길 31,,37.61461306,127.0348932,2000,한전주,02-901-5863,서울특별시 강북구청,2025-08-12
03-13-19,1,서울특별시 강북구 오패산로30길 25,,37.61440482,127.0347713,2000,,02-901-5863,서울특별시 강북구청,2025-08-12
03-13-18,2,서울특별시 강북구 오패산로30길 21,,37.61417049,127.034763,2000,한전주,02-901-5863,서울특별시 강북구청,2025-08-12
03-13-17,1,서울특별시 강북구 오패산로30길 13,,37.61386375,127.0346198,2000,한전주,02-901-5863,서울특별시 강북구청,2025-08-12
03-13-16,1,서울특별시 강북구 오패산로30길 13,,37.61386375,127.0346617,2000,전용주,02-901-5863,서울특별시 강북구청,2025-08-12
03-13-15,1,서울특별시 강북구 오패산로30길 17,,37.61400804,127.0347311,2000,한전주,02-901-5863,서울특별시 강북구청,2025-08-12
03-13-14,1,서울특별시 강북구 오패산로30길 11,,37.61379943,127.0345639,2000,,02-901-5863,서울특별시 강북구청,2025-08-12
03-13-13,1,서울특별시 강북구 오패산로 130,,37.61353566,127.0342615,2000,한전주,02-901-5863,서울특별시 강북구청,2025-08-12
03-13-12,1,서울특별시 강북구 오패산로 130,,37.61353566,127.0342615,2000,한전주,02-901-5863,서울특별시 강북구청,2025-08-12
03-13-11,1,서울특별시 강북구 오패산로30길 9,,37.61369963,127.0344866,2000,한전주,02-901-5863,서울특별시 강북구청,2025-08-12
03-13-10,1,서울특별시 강북구 오패산로30길 9,,37.61369963,127.0344866,2000,,02-901-5863,서울특별시 강북구청,2025-08-12
03-13-09,1,서울특별시 강북구 오패산로32길 6,,37.61390727,127.0345285,2000,,02-901-5863,서울특별시 강북구청,2025-08-12
03-13-08,1,서울특별시 강북구 오패산로30길 9,,37.61369963,127.0344866,2000,,02-901-5863,서울특별시 강북구청,2025-08-12
03-13-07,1,서울특별시 강북구 오패산로32길 5,,37.61424565,127.0340371,2000,,02-901-5863,서울특별시 강북구청,2025-08-12
03-13-06,1,서울특별시 강북구 오패산로32길 5,,37.61419233,127.0341284,2000,,02-901-5863,서울특별시 강북구청,2025-08-12
03-13-05,1,서울특별시 강북구 오패산로32길 17,,37.61453756,127.0344751,2000,,02-901-5863,서울특별시 강북구청,2025-08-12
03-13-04,1,서울특별시 강북구 오패산로32길 13,,37.61437465,127.0343866,2000,,02-901-5863,서울특별시 강북구청,2025-08-12
03-13-03,1,서울특별시 강북구 오패산로32길 9,,37.6142047,127.0342723,2000,한전주,02-901-5863,서울특별시 강북구청,2025-08-12
03-13-02,1,서울특별시 강북구 오패산로32길 9,,37.6142047,127.0342723,2000,한전주,02-901-5863,서울특별시 강북구청,2025-08-12
03-13-01,1,서울특별시 강북구 오패산로32길 9,,37.6142047,127.0342723,2000,,02-901-5863,서울특별시 강북구청,2025-08-12
03-12-43,1,서울특별시 강북구 오현로 38,,37.6164458,127.0342352,2000,,02-901-5863,서울특별시 강북구청,2025-08-12
03-12-42,1,서울특별시 강북구 오패산로30가길 14,,37.61639267,127.0343492,2000,한전주,02-901-5863,서울특별시 강북구청,2025-08-12
03-12-41,1,서울특별시 강북구 오현로 42,,37.6164848,127.0344656,2000,,02-901-5863,서울특별시 강북구청,2025-08-12
03-12-40,1,서울특별시 강북구 오현로 42,,37.61648153,127.0344656,2000,,02-901-5863,서울특별시 강북구청,2025-08-12
03-12-39,1,서울특별시 강북구 오패산로30가길 9,,37.61621743,127.0345014,2000,,02-901-5863,서울특별시 강북구청,2025-08-12
03-12-38,1,서울특별시 강북구 오패산로30가길 8,,37.61630601,127.0347955,2000,,02-901-5863,서울특별시 강북구청,2025-08-12
03-12-37,1,서울특별시 강북구 오패산로30가길 10,,37.61632319,127.0346672,2000,한전주,02-901-5863,서울특별시 강북구청,2025-08-12
03-12-36,1,서울특별시 강북구 오패산로30가길 5,,37.61615173,127.0348812,2000,한전주,02-901-5863,서울특별시 강북구청,2025-08-12
03-12-35,1,서울특별시 강북구 오패산로30가길 5,,37.61618625,127.0348812,2000,,02-901-5863,서울특별시 강북구청,2025-08-12
03-12-34,1,서울특별시 강북구 오패산로30가길 4,,37.6165146,127.0349366,2000,,02-901-5863,서울특별시 강북구청,2025-08-12
03-12-33,1,서울특별시 강북구 오패산로30가길 6,,37.616289,127.0348942,2000,,02-901-5863,서울특별시 강북구청,2025-08-12
03-12-32,1,서울특별시 강북구 오패산로30가길 3,,37.61602745,127.0348636,2000,,02-901-5863,서울특별시 강북구청,2025-08-12
03-11-33,1,서울특별시 강북구 오현로8길 21,,37.61540495,127.0328895,2000,,02-901-5863,서울특별시 강북구청,2025-08-12
03-11-32,1,서울특별시 강북구 오패산로 157,,37.61593514,127.0333213,2000,,02-901-5863,서울특별시 강북구청,2025-08-12
03-11-31,1,서울특별시 강북구 오패산로37길 5,,37.61524435,127.0333008,2000,,02-901-5863,서울특별시 강북구청,2025-08-12
03-11-31,1,서울특별시 강북구 인수봉로38길 31,,37.63193384,127.0155793,2000,한전주,02-901-5863,서울특별시 강북구청,2025-08-12
03-10-32,2,서울특별시 강북구 오현로6길 34,,37.61490681,127.0322502,2000,한전주,02-901-5863,서울특별시 강북구청,2025-08-12
03-07-35,1,서울특별시 강북구 오패산로35길 5,,37.61472647,127.0333387,2000,,02-901-5863,서울특별시 강북구청,2025-08-12
03-07-33,1,서울특별시 강북구 오패산로35길 13,,37.61471613,127.0329105,2000,,02-901-5863,서울특별시 강북구청,2025-08-12
03-07-32,1,서울특별시 강북구 오패산로35길 13,,37.61471613,127.0329105,2000,한전주,02-901-5863,서울특별시 강북구청,2025-08-12
03-06-41,1,서울특별시 강북구 오현로6길 86,,37.61270274,127.0326752,2000,,02-901-5863,서울특별시 강북구청,2025-08-12
03-06-40,1,서울특별시 강북구 오패산로31길 25,,37.61377588,127.0325066,2000,,02-901-5863,서울특별시 강북구청,2025-08-12
03-06-39,2,서울특별시 강북구 오패산로31길 25,,37.61376344,127.0325066,2000,한전주,02-901-5863,서울특별시 강북구청,2025-08-12
03-06-38,1,서울특별시 강북구 오패산로31길 35,,37.61365051,127.031995,2000,,02-901-5863,서울특별시 강북구청,2025-08-12
03-06-37,1,서울특별시 강북구 오패산로31길 35,,37.61365051,127.031995,2000,,02-901-5863,서울특별시 강북구청,2025-08-12
03-06-36,1,서울특별시 강북구 오패산로31길 35,,37.61365051,127.031995,2000,,02-901-5863,서울특별시 강북구청,2025-08-12
03-06-35,1,서울특별시 강북구 월계로7나길 46,,37.61307254,127.0315978,2000,한전주,02-901-5863,서울특별시 강북구청,2025-08-12
03-06-34,1,서울특별시 강북구 오패산로31길 35,,37.61365051,127.031995,2000,,02-901-5863,서울특별시 강북구청,2025-08-12
03-06-33,1,서울특별시 강북구 오패산로31길 35,,37.61365051,127.031995,2000,,02-901-5863,서울특별시 강북구청,2025-08-12
03-06-32,1,서울특별시 강북구 오패산로31길 39,,37.61357002,127.0317833,2000,한전주,02-901-5863,서울특별시 강북구청,2025-08-12
03-06-31,1,서울특별시 강북구 오패산로31길 39,,37.61350682,127.0317833,2000,,02-901-5863,서울특별시 강북구청,2025-08-12
03-03-34,1,서울특별시 강북구 월계로7길 38,,37.61185317,127.0334824,2000,,02-901-5863,서울특별시 강북구청,2025-08-12
03-03-33,1,서울특별시 강북구 월계로 43,,37.61147964,127.0343301,2000,한전주,02-901-5863,서울특별시 강북구청,2025-08-12
03-03-32,1,서울특별시 강북구 월계로 47,,37.61172001,127.0348059,2000,,02-901-5863,서울특별시 강북구청,2025-08-12
03-02-34,2,서울특별시 강북구 월계로3길 42,,37.61157545,127.0313402,2000,한전주,02-901-5863,서울특별시 강북구청,2025-08-12
03-02-33,1,서울특별시 강북구 도봉로8길 30,,37.61221727,127.0317074,2000,한전주,02-901-5863,서울특별시 강북구청,2025-08-12
03-02-32,2,서울특별시 강북구 월계로3길 42,,37.61158623,127.0313025,2000,한전주,02-901-5863,서울특별시 강북구청,2025-08-12
03-02-30,1,서울특별시 강북구 월계로3길 36,,37.61138951,127.0313198,2000,,02-901-5863,서울특별시 강북구청,2025-08-12
03-02-29,1,서울특별시 강북구 월계로3길 36,,37.61138951,127.0313198,2000,,02-901-5863,서울특별시 강북구청,2025-08-12
02-27-28,1,서울특별시 강북구 솔매로45길 95,,37.63015765,127.023734,2000,,02-901-5863,서울특별시 강북구청,2025-08-12
02-27-27,1,서울특별시 강북구 솔매로45길 92,,37.63007566,127.0240214,2000,한전주,02-901-5863,서울특별시 강북구청,2025-08-12
02-27-26,1,서울특별시 강북구 도봉로65길 24,,37.62970836,127.0231878,2000,한전주,02-901-5863,서울특별시 강북구청,2025-08-12
02-27-25,2,서울특별시 강북구 도봉로65길 9,,37.62975207,127.0241162,2000,,02-901-5863,서울특별시 강북구청,2025-08-12
02-27-24,1,서울특별시 강북구 솔매로45길 95,,37.63015765,127.023734,2000,한전주,02-901-5863,서울특별시 강북구청,2025-08-12
02-27-23,1,서울특별시 강북구 솔매로45길 95,,37.63015765,127.023734,2000,,02-901-5863,서울특별시 강북구청,2025-08-12
02-27-22,1,서울특별시 강북구 솔매로45길 95,,37.63015765,127.023734,2000,한전주,02-901-5863,서울특별시 강북구청,2025-08-12
02-27-21,1,서울특별시 강북구 솔매로45길 95,,37.63015765,127.023734,2000,,02-901-5863,서울특별시 강북구청,2025-08-12
02-27-20,1,서울특별시 강북구 솔매로45길 95,,37.63015765,127.023734,2000,,02-901-5863,서울특별시 강북구청,2025-08-12
02-27-19,1,서울특별시 강북구 솔매로45길 95,,37.63015765,127.023734,2000,,02-901-5863,서울특별시 강북구청,2025-08-12
02-27-16,1,서울특별시 강북구 도봉로65길 5,,37.62979319,127.0242869,2000,,02-901-5863,서울특별시 강북구청,2025-08-12
02-27-15,1,서울특별시 강북구 도봉로65길 22,,37.62977085,127.0233121,2000,,02-901-5863,서울특별시 강북구청,2025-08-12
02-27-14,1,서울특별시 강북구 솔매로43길 94,,37.62983215,127.022903,2000,,02-901-5863,서울특별시 강북구청,2025-08-12
02-27-13,1,서울특별시 강북구 솔매로43길 96,,37.62993078,127.022845,2000,한전주,02-901-5863,서울특별시 강북구청,2025-08-12
02-27-12,1,서울특별시 강북구 도봉로67길 29,,37.63024499,127.022705,2000,한전주,02-901-5863,서울특별시 강북구청,2025-08-12
02-27-11,1,서울특별시 강북구 도봉로67길 25,,37.63041804,127.0229293,2000,한전주,02-901-5863,서울특별시 강북구청,2025-08-12
02-27-10,1,서울특별시 강북구 도봉로67길 17,,37.63052023,127.0233018,2000,한전주,02-901-5863,서울특별시 강북구청,2025-08-12
02-27-09,1,서울특별시 강북구 솔매로45길 102,,37.63051534,127.0238004,2000,한전주,02-901-5863,서울특별시 강북구청,2025-08-12
02-27-08,1,서울특별시 강북구 솔매로45길 98,,37.63031798,127.0239049,2000,한전주,02-901-5863,서울특별시 강북구청,2025-08-12
02-27-07,1,서울특별시 강북구 솔매로45길 92,,37.63007566,127.0240214,2000,한전주,02-901-5863,서울특별시 강북구청,2025-08-12
02-27-06,1,서울특별시 강북구 솔매로45길 82,,37.62964433,127.024163,2000,한전주,02-901-5863,서울특별시 강북구청,2025-08-12
02-27-05,1,서울특별시 강북구 도봉로65길 5,,37.62979319,127.0242546,2000,한전주,02-901-5863,서울특별시 강북구청,2025-08-12
02-27-04,1,서울특별시 강북구 솔매로45길 76,,37.62937499,127.0242798,2000,한전주,02-901-5863,서울특별시 강북구청,2025-08-12
02-27-03,1,서울특별시 강북구 솔매로45길 72,,37.6292222,127.0243271,2000,한전주,02-901-5863,서울특별시 강북구청,2025-08-12
02-27-02,1,서울특별시 강북구 도봉로61길 10,,37.62890062,127.0244673,2000,한전주,02-901-5863,서울특별시 강북구청,2025-08-12
02-27-01,1,서울특별시 강북구 도봉로61길 6,,37.62902633,127.0246129,2000,한전주,02-901-5863,서울특별시 강북구청,2025-08-12
02-26-36,1,서울특별시 강북구 도봉로65길 43,,37.62930723,127.0222766,2000,전용주,02-901-5863,서울특별시 강북구청,2025-08-12
02-26-35,1,서울특별시 강북구 도봉로65길 39,,37.62912708,127.022629,2000,한전주,02-901-5863,서울특별시 강북구청,2025-08-12
02-26-34,1,서울특별시 강북구 도봉로65길 29,,37.62948172,127.0230208,2000,,02-901-5863,서울특별시 강북구청,2025-08-12
02-26-33,1,서울특별시 강북구 솔매로45길 83,,37.62955728,127.023936,2000,전용주,02-901-5863,서울특별시 강북구청,2025-08-12
02-26-32,1,서울특별시 강북구 솔매로43길 79,,37.62923753,127.0229107,2000,한전주,02-901-5863,서울특별시 강북구청,2025-08-12
02-26-31,1,서울특별시 강북구 솔매로43길 87,,37.62961471,127.0227585,2000,한전주,02-901-5863,서울특별시 강북구청,2025-08-12
02-26-30,1,서울특별시 강북구 도봉로65길 43,,37.62930723,127.0222402,2000,,02-901-5863,서울특별시 강북구청,2025-08-12
02-26-29,1,서울특별시 강북구 도봉로65길 43,,37.62930408,127.0222415,2000,,02-901-5863,서울특별시 강북구청,2025-08-12
02-26-28,1,서울특별시 강북구 도봉로65길 40,,37.62947596,127.0223598,2000,,02-901-5863,서울특별시 강북구청,2025-08-12
02-26-27,1,서울특별시 강북구 도봉로65길 40,,37.62947629,127.0223638,2000,한전주,02-901-5863,서울특별시 강북구청,2025-08-12
02-26-26,1,서울특별시 강북구 도봉로65길 39,,37.6290627,127.0224712,2000,,02-901-5863,서울특별시 강북구청,2025-08-12
02-26-25,1,서울특별시 강북구 도봉로65길 39,,37.62933204,127.0223544,2000,,02-901-5863,서울특별시 강북구청,2025-08-12
02-26-23,1,서울특별시 강북구 도봉로65길 39,,37.62925264,127.0225593,2000,전용주,02-901-5863,서울특별시 강북구청,2025-08-12
02-26-22,1,서울특별시 강북구 도봉로65길 36,,37.62954528,127.0226546,2000,한전주,02-901-5863,서울특별시 강북구청,2025-08-12
02-26-21,1,서울특별시 강북구 도봉로65길 36,,37.62954528,127.0226546,2000,,02-901-5863,서울특별시 강북구청,2025-08-12
02-26-20,1,서울특별시 강북구 도봉로65길 35,,37.62939764,127.0226594,2000,전용주,02-901-5863,서울특별시 강북구청,2025-08-12
02-26-19,1,서울특별시 강북구 솔매로43길 87,,37.62961471,127.0227585,2000,,02-901-5863,서울특별시 강북구청,2025-08-12
02-26-18,1,서울특별시 강북구 도봉로65길 27,,37.62951869,127.0231336,2000,한전주,02-901-5863,서울특별시 강북구청,2025-08-12
02-26-17,1,서울특별시 강북구 도봉로65길 25,,37.62950993,127.0232825,2000,,02-901-5863,서울특별시 강북구청,2025-08-12
02-26-15,1,서울특별시 강북구 도봉로65길 19,,37.62961664,127.0235592,2000,,02-901-5863,서울특별시 강북구청,2025-08-12
02-26-14,1,서울특별시 강북구 도봉로65길 19,,37.62961664,127.0235979,2000,,02-901-5863,서울특별시 강북구청,2025-08-12
02-26-13,2,서울특별시 강북구 도봉로65길 19,,37.62961235,127.0235629,2000,한전주,02-901-5863,서울특별시 강북구청,2025-08-12
02-26-12,1,서울특별시 강북구 도봉로65길 13,,37.62971435,127.0239128,2000,,02-901-5863,서울특별시 강북구청,2025-08-12
02-26-11,1,서울특별시 강북구 솔매로45길 83,,37.62955728,127.023936,2000,전용주,02-901-5863,서울특별시 강북구청,2025-08-12
02-26-10,1,서울특별시 강북구 솔매로45길 83,,37.62955728,127.023936,2000,한전주,02-901-5863,서울특별시 강북구청,2025-08-12
02-26-09,1,서울특별시 강북구 도봉로63길 18,,37.62912294,127.0232181,2000,,02-901-5863,서울특별시 강북구청,2025-08-12
02-26-08,1,서울특별시 강북구 솔매로43길 75,,37.62907583,127.0229695,2000,,02-901-5863,서울특별시 강북구청,2025-08-12
02-26-07,1,서울특별시 강북구 도봉로63길 27,,37.62884853,127.0227232,2000,,02-901-5863,서울특별시 강북구청,2025-08-12
02-26-06,1,서울특별시 강북구 도봉로67길 53,,37.62949909,127.0218537,2000,,02-901-5863,서울특별시 강북구청,2025-08-12
02-26-05,1,서울특별시 강북구 도봉로63길 30,,37.62897288,127.0225064,2000,한전주,02-901-5863,서울특별시 강북구청,2025-08-12
02-26-04,1,서울특별시 강북구 도봉로63길 36,,37.6289254,127.0222124,2000,,02-901-5863,서울특별시 강북구청,2025-08-12
02-26-03,1,서울특별시 강북구 솔매로41길 84,,37.62898725,127.0220643,2000,,02-901-5863,서울특별시 강북구청,2025-08-12
02-26-02,1,서울특별시 강북구 도봉로65길 47,,37.62923923,127.022027,2000,한전주,02-901-5863,서울특별시 강북구청,2025-08-12
02-26-01,1,서울특별시 강북구 도봉로67길 35,,37.63007231,127.022526,2000,한전주,02-901-5863,서울특별시 강북구청,2025-08-12
02-25-36,1,서울특별시 강북구 도봉로61길 92,,37.62862397,127.0206303,2000,전용주,02-901-5863,서울특별시 강북구청,2025-08-12
02-25-35,1,서울특별시 강북구 도봉로61길 74,,37.62805919,127.0209776,2000,,02-901-5863,서울특별시 강북구청,2025-08-12
02-25-34,1,서울특별시 강북구 도봉로65길 66,,37.62898753,127.0210107,2000,한전주,02-901-5863,서울특별시 강북구청,2025-08-12
02-25-33,1,서울특별시 강북구 도봉로63길 47,,37.62859466,127.0216351,2000,,02-901-5863,서울특별시 강북구청,2025-08-12
02-25-32,1,서울특별시 강북구 도봉로65길 70,,37.62885005,127.0207293,2000,한전주,02-901-5863,서울특별시 강북구청,2025-08-12
02-25-31,1,서울특별시 강북구 도봉로65길 61,,37.62895873,127.0212838,2000,,02-901-5863,서울특별시 강북구청,2025-08-12
02-25-30,1,서울특별시 강북구 도봉로65길 62,,37.62905172,127.0211458,2000,한전주,02-901-5863,서울특별시 강북구청,2025-08-12
02-25-29,1,서울특별시 강북구 도봉로65길 57,,37.62904003,127.0215606,2000,한전주,02-901-5863,서울특별시 강북구청,2025-08-12
02-25-28,1,서울특별시 강북구 도봉로65길 55,,37.62907885,127.0216598,2000,,02-901-5863,서울특별시 강북구청,2025-08-12
02-25-27,1,서울특별시 강북구 도봉로65길 54,,37.6292535,127.0215737,2000,,02-901-5863,서울특별시 강북구청,2025-08-12
02-25-26,1,서울특별시 강북구 도봉로61길 54,,37.62828465,127.0220391,2000,,02-901-5863,서울특별시 강북구청,2025-08-12
02-25-25,1,서울특별시 강북구 도봉로63길 45,,37.62845298,127.0217428,2000,한전주,02-901-5863,서울특별시 강북구청,2025-08-12
02-25-24,1,서울특별시 강북구 도봉로63길 46,,37.62876475,127.0217554,2000,,02-901-5863,서울특별시 강북구청,2025-08-12
02-25-23,1,서울특별시 강북구 도봉로63길 48,,37.62872232,127.021626,2000,한전주,02-901-5863,서울특별시 강북구청,2025-08-12
02-25-22,1,서울특별시 강북구 도봉로63길 47,,37.62859466,127.0216176,2000,,02-901-5863,서울특별시 강북구청,2025-08-12
02-25-21,1,서울특별시 강북구 도봉로63길 50,,37.62869722,127.0215091,2000,,02-901-5863,서울특별시 강북구청,2025-08-12
02-25-20,1,서울특별시 강북구 도봉로63길 53,,37.62852167,127.021334,2000,,02-901-5863,서울특별시 강북구청,2025-08-12
02-25-19,1,서울특별시 강북구 도봉로63길 55,,37.62851191,127.0212435,2000,,02-901-5863,서울특별시 강북구청,2025-08-12
02-25-18,1,서울특별시 강북구 도봉로63길 54,,37.62866565,127.0211963,2000,한전주,02-901-5863,서울특별시 강북구청,2025-08-12
02-25-16,1,서울특별시 강북구 도봉로63길 61,,37.62840052,127.0208485,2000,,02-901-5863,서울특별시 강북구청,2025-08-12
02-25-15,1,서울특별시 강북구 도봉로63길 60,,37.62858098,127.0208801,2000,한전주,02-901-5863,서울특별시 강북구청,2025-08-12
02-25-14,1,서울특별시 강북구 도봉로61길 70,,37.62805434,127.0211394,2000,,02-901-5863,서울특별시 강북구청,2025-08-12
02-25-13,1,서울특별시 강북구 도봉로61길 74,,37.62805919,127.0209776,2000,한전주,02-901-5863,서울특별시 강북구청,2025-08-12
02-25-12,1,서울특별시 강북구 도봉로61길 66,,37.62812313,127.0213022,2000,,02-901-5863,서울특별시 강북구청,2025-08-12
02-25-11,1,서울특별시 강북구 도봉로61길 66,,37.6281795,127.0213612,2000,,02-901-5863,서울특별시 강북구청,2025-08-12
02-25-10,1,서울특별시 강북구 도봉로61길 60,,37.62824492,127.0216435,2000,한전주,02-901-5863,서울특별시 강북구청,2025-08-12
02-25-09,1,서울특별시 강북구 도봉로61길 58,,37.62831793,127.0217559,2000,,02-901-5863,서울특별시 강북구청,2025-08-12
02-25-08,1,서울특별시 강북구 도봉로61길 54,,37.62828465,127.0220391,2000,,02-901-5863,서울특별시 강북구청,2025-08-12
02-25-07,1,서울특별시 강북구 도봉로61길 56,,37.62824698,127.0218928,2000,,02-901-5863,서울특별시 강북구청,2025-08-12
02-25-06,1,서울특별시 강북구 도봉로61길 54,,37.62829324,127.0220394,2000,한전주,02-901-5863,서울특별시 강북구청,2025-08-12
02-25-05,1,서울특별시 강북구 솔매로41길 71,,37.62839282,127.0220948,2000,한전주,02-901-5863,서울특별시 강북구청,2025-08-12
02-25-04,2,서울특별시 강북구 솔매로41길 81,,37.62883923,127.0218875,2000,한전주,02-901-5863,서울특별시 강북구청,2025-08-12
02-25-03,2,서울특별시 강북구 도봉로65길 52,,37.62929976,127.0217204,2000,한전주,02-901-5863,서울특별시 강북구청,2025-08-12
02-25-02,1,서울특별시 강북구 도봉로67길 63,,37.62928747,127.021324,2000,,02-901-5863,서울특별시 강북구청,2025-08-12
02-25-01,1,서울특별시 강북구 도봉로61길 82,,37.628175,127.0208174,2000,,02-901-5863,서울특별시 강북구청,2025-08-12
02-24-37,1,서울특별시 강북구 도봉로53가길 30,,37.62775785,127.0215819,2000,전용주,02-901-5863,서울특별시 강북구청,2025-08-12
02-24-36,1,서울특별시 강북구 도봉로53가길 16,,37.62708886,127.0215211,2000,한전주,02-901-5863,서울특별시 강북구청,2025-08-12
02-24-35,1,서울특별시 강북구 도봉로53가길 12,,37.62699074,127.0214334,2000,한전주,02-901-5863,서울특별시 강북구청,2025-08-12
02-24-34,1,서울특별시 강북구 도봉로53가길 6,,37.62681111,127.0215037,2000,한전주,02-901-5863,서울특별시 강북구청,2025-08-12
02-24-33,1,서울특별시 강북구 도봉로53가길 16,,37.62709059,127.0215227,2000,,02-901-5863,서울특별시 강북구청,2025-08-12
02-24-32,1,서울특별시 강북구 솔매로41길 37,,37.62732671,127.0217462,2000,,02-901-5863,서울특별시 강북구청,2025-08-12
02-24-31,1,서울특별시 강북구 솔매로41길 31,,37.62705486,127.0231237,2000,,02-901-5863,서울특별시 강북구청,2025-08-12
02-24-30,1,서울특별시 강북구 솔매로41길 31,,37.62705486,127.0231237,2000,,02-901-5863,서울특별시 강북구청,2025-08-12
02-24-29,1,서울특별시 강북구 도봉로59길 53,,37.62760553,127.0216859,2000,,02-901-5863,서울특별시 강북구청,2025-08-12
02-24-28,1,서울특별시 강북구 도봉로59길 50,,37.62778573,127.0218012,2000,한전주,02-901-5863,서울특별시 강북구청,2025-08-12
02-24-27,1,서울특별시 강북구 도봉로59길 45,,37.62769046,127.0221493,2000,한전주,02-901-5863,서울특별시 강북구청,2025-08-12
02-24-26,1,서울특별시 강북구 솔매로41길 47,,37.62757849,127.0227738,2000,한전주,02-901-5863,서울특별시 강북구청,2025-08-12
02-24-25,2,서울특별시 강북구 솔매로41길 39,,37.62739999,127.0229801,2000,한전주,02-901-5863,서울특별시 강북구청,2025-08-12
02-24-24,1,서울특별시 강북구 도봉로61길 53,,37.62814832,127.0220844,2000,,02-901-5863,서울특별시 강북구청,2025-08-12
02-24-23,1,서울특별시 강북구 도봉로61길 57,,37.62805817,127.0218612,2000,,02-901-5863,서울특별시 강북구청,2025-08-12
02-24-22,1,서울특별시 강북구 도봉로61길 59,,37.62795774,127.0217832,2000,,02-901-5863,서울특별시 강북구청,2025-08-12
02-24-21,1,서울특별시 강북구 도봉로61길 59,,37.62795971,127.0217836,2000,,02-901-5863,서울특별시 강북구청,2025-08-12
02-24-20,1,서울특별시 강북구 도봉로53가길 36,,37.62798242,127.0214997,2000,한전주,02-901-5863,서울특별시 강북구청,2025-08-12
02-24-19,1,서울특별시 강북구 도봉로53가길 28,,37.62758667,127.0215842,2000,한전주,02-901-5863,서울특별시 강북구청,2025-08-12
02-24-18,1,서울특별시 강북구 도봉로53가길 24,,37.62750605,127.0216419,2000,한전주,02-901-5863,서울특별시 강북구청,2025-08-12
02-24-17,1,서울특별시 강북구 도봉로53가길 16,,37.62703728,127.0215211,2000,한전주,02-901-5863,서울특별시 강북구청,2025-08-12
02-24-16,1,서울특별시 강북구 도봉로53가길 16,,37.62708886,127.0215211,2000,,02-901-5863,서울특별시 강북구청,2025-08-12
02-24-15,1,서울특별시 강북구 솔매로41길 37,,37.62749948,127.0219365,2000,,02-901-5863,서울특별시 강북구청,2025-08-12
02-24-14,1,서울특별시 강북구 솔매로41길 37,,37.62753674,127.0220833,2000,,02-901-5863,서울특별시 강북구청,2025-08-12
02-24-13,1,서울특별시 강북구 솔매로41길 37,,37.62747498,127.0222427,2000,한전주,02-901-5863,서울특별시 강북구청,2025-08-12
02-24-12,1,서울특별시 강북구 솔매로41길 37,,37.62766484,127.0223195,2000,,02-901-5863,서울특별시 강북구청,2025-08-12
02-24-11,1,서울특별시 강북구 솔매로41길 37,,37.62726129,127.0225514,2000,,02-901-5863,서울특별시 강북구청,2025-08-12
02-24-10,1,서울특별시 강북구 솔매로41길 37,,37.62749666,127.0226843,2000,한전주,02-901-5863,서울특별시 강북구청,2025-08-12
02-24-09,1,서울특별시 강북구 솔매로41길 37,,37.62718367,127.0229716,2000,한전주,02-901-5863,서울특별시 강북구청,2025-08-12
02-24-08,1,서울특별시 강북구 솔매로41길 31,,37.62705486,127.0231237,2000,한전주,02-901-5863,서울특별시 강북구청,2025-08-12
02-24-07,1,서울특별시 강북구 솔매로41길 31,,37.62705486,127.0231237,2000,한전주,02-901-5863,서울특별시 강북구청,2025-08-12
02-24-06,1,서울특별시 강북구 솔매로41길 31,,37.62705486,127.0231237,2000,,02-901-5863,서울특별시 강북구청,2025-08-12
02-24-05,1,서울특별시 강북구 솔매로41길 31,,37.62705486,127.0231237,2000,한전주,02-901-5863,서울특별시 강북구청,2025-08-12
02-24-04,1,서울특별시 강북구 솔매로41길 31,,37.62705943,127.0231237,2000,,02-901-5863,서울특별시 강북구청,2025-08-12
02-24-03,1,서울특별시 강북구 솔매로41길 31,,37.62701288,127.0231237,2000,,02-901-5863,서울특별시 강북구청,2025-08-12
02-24-02,1,서울특별시 강북구 솔매로41길 31,,37.62705486,127.0231237,2000,한전주,02-901-5863,서울특별시 강북구청,2025-08-12
02-24-01,1,서울특별시 강북구 솔매로41길 31,,37.62705486,127.0231237,2000,전용주,02-901-5863,서울특별시 강북구청,2025-08-12
02-23-30,1,서울특별시 강북구 도봉로61길 41,,37.62832171,127.0228055,2000,,02-901-5863,서울특별시 강북구청,2025-08-12
02-23-29,1,서울특별시 강북구 솔매로43길 49,,37.62787251,127.023461,2000,,02-901-5863,서울특별시 강북구청,2025-08-12
02-23-28,1,서울특별시 강북구 도봉로61길 35,,37.62837375,127.023058,2000,,02-901-5863,서울특별시 강북구청,2025-08-12
02-23-27,1,서울특별시 강북구 도봉로61길 43,,37.62827435,127.0226496,2000,,02-901-5863,서울특별시 강북구청,2025-08-12
02-23-26,1,서울특별시 강북구 도봉로61길 40,,37.62855066,127.0227732,2000,,02-901-5863,서울특별시 강북구청,2025-08-12
02-23-25,1,서울특별시 강북구 도봉로61길 40,,37.6285276,127.0227058,2000,한전주,02-901-5863,서울특별시 강북구청,2025-08-12
02-23-24,1,서울특별시 강북구 도봉로61길 43,,37.62827128,127.0226515,2000,한전주,02-901-5863,서울특별시 강북구청,2025-08-12
02-23-23,1,서울특별시 강북구 도봉로61길 35,,37.62837464,127.0230049,2000,,02-901-5863,서울특별시 강북구청,2025-08-12
02-23-22,1,서울특별시 강북구 도봉로61길 35,,37.62837375,127.023058,2000,한전주,02-901-5863,서울특별시 강북구청,2025-08-12
02-23-21,1,서울특별시 강북구 도봉로59길 27,,37.62790713,127.0230076,2000,한전주,02-901-5863,서울특별시 강북구청,2025-08-12
02-23-19,1,서울특별시 강북구 도봉로59길 36,,37.62793746,127.0226001,2000,한전주,02-901-5863,서울특별시 강북구청,2025-08-12
02-23-18,1,서울특별시 강북구 도봉로57길 36,,37.62757172,127.0233234,2000,,02-901-5863,서울특별시 강북구청,2025-08-12
02-23-17,1,서울특별시 강북구 도봉로57길 36,,37.62757172,127.0233234,2000,,02-901-5863,서울특별시 강북구청,2025-08-12
02-23-16,1,서울특별시 강북구 도봉로59길 23,,37.62788058,127.0233477,2000,한전주,02-901-5863,서울특별시 강북구청,2025-08-12
02-23-15,1,서울특별시 강북구 도봉로57길 34,,37.62765478,127.0232826,2000,,02-901-5863,서울특별시 강북구청,2025-08-12
02-23-14,1,서울특별시 강북구 도봉로59길 25,,37.6279153,127.0231886,2000,,02-901-5863,서울특별시 강북구청,2025-08-12
02-23-13,1,서울특별시 강북구 도봉로61길 36,,37.62854565,127.0230401,2000,,02-901-5863,서울특별시 강북구청,2025-08-12
02-23-12,1,서울특별시 강북구 솔매로43길 51,,37.62797133,127.0234258,2000,한전주,02-901-5863,서울특별시 강북구청,2025-08-12
02-23-11,1,서울특별시 강북구 솔매로43길 53,,37.62807006,127.0233792,2000,,02-901-5863,서울특별시 강북구청,2025-08-12
02-23-10,1,서울특별시 강북구 도봉로61길 35,,37.62837375,127.023058,2000,,02-901-5863,서울특별시 강북구청,2025-08-12
02-23-09,1,서울특별시 강북구 도봉로61길 31,,37.62842039,127.0232522,2000,한전주,02-901-5863,서울특별시 강북구청,2025-08-12
02-23-08,1,서울특별시 강북구 도봉로61길 34,,37.62856389,127.0231688,2000,한전주,02-901-5863,서울특별시 강북구청,2025-08-12
02-23-07,1,서울특별시 강북구 솔매로43길 71,,37.62890493,127.0230057,2000,한전주,02-901-5863,서울특별시 강북구청,2025-08-12
02-23-06,1,서울특별시 강북구 도봉로61길 36,,37.62854565,127.0230401,2000,,02-901-5863,서울특별시 강북구청,2025-08-12
02-23-05,1,서울특별시 강북구 도봉로63길 29,,37.62884811,127.0226135,2000,,02-901-5863,서울특별시 강북구청,2025-08-12
02-23-04,1,서울특별시 강북구 도봉로63길 31,,37.62881944,127.0224744,2000,,02-901-5863,서울특별시 강북구청,2025-08-12
02-23-03,1,서울특별시 강북구 솔매로41길 62,,37.62811606,127.0224043,2000,,02-901-5863,서울특별시 강북구청,2025-08-12
02-23-02,1,서울특별시 강북구 도봉로59길 38,,37.62793643,127.0224746,2000,한전주,02-901-5863,서울특별시 강북구청,2025-08-12
02-23-01,2,서울특별시 강북구 도봉로59길 38,,37.62793643,127.0224746,2000,한전주,02-901-5863,서울특별시 강북구청,2025-08-12
02-22-34,1,서울특별시 강북구 도봉로59길 16,,37.62816286,127.0237065,2000,,02-901-5863,서울특별시 강북구청,2025-08-12
02-22-33,1,서울특별시 강북구 도봉로61길 21,,37.62850522,127.0238515,2000,전용주,02-901-5863,서울특별시 강북구청,2025-08-12
02-22-32,1,서울특별시 강북구 솔매로43길 56,,37.62820651,127.023536,2000,한전주,02-901-5863,서울특별시 강북구청,2025-08-12
02-22-31,1,서울특별시 강북구 도봉로63길 11,,37.62907188,127.0236053,2000,,02-901-5863,서울특별시 강북구청,2025-08-12
02-22-30,1,서울특별시 강북구 도봉로59길 13,,37.62805643,127.0238114,2000,,02-901-5863,서울특별시 강북구청,2025-08-12
02-22-29,1,서울특별시 강북구 도봉로59길 15,,37.62803673,127.0237081,2000,,02-901-5863,서울특별시 강북구청,2025-08-12
02-22-28,1,서울특별시 강북구 도봉로61길 14,,37.62881538,127.0241625,2000,,02-901-5863,서울특별시 강북구청,2025-08-12
02-22-27,1,서울특별시 강북구 도봉로61길 14,,37.62881563,127.0241621,2000,,02-901-5863,서울특별시 강북구청,2025-08-12
02-22-26,1,서울특별시 강북구 도봉로61길 16,,37.62879633,127.0240381,2000,,02-901-5863,서울특별시 강북구청,2025-08-12
02-22-25,1,서울특별시 강북구 도봉로61길 15,,37.6284001,127.0240659,2000,한전주,02-901-5863,서울특별시 강북구청,2025-08-12
02-22-24,1,서울특별시 강북구 도봉로61길 15,,37.62853496,127.0240302,2000,한전주,02-901-5863,서울특별시 강북구청,2025-08-12
02-22-23,1,서울특별시 강북구 도봉로61길 18,,37.62879883,127.0239002,2000,,02-901-5863,서울특별시 강북구청,2025-08-12
02-22-22,1,서울특별시 강북구 도봉로61길 20,,37.62873149,127.0238237,2000,,02-901-5863,서울특별시 강북구청,2025-08-12
02-22-21,1,서울특별시 강북구 도봉로61길 22,,37.62870371,127.0237334,2000,한전주,02-901-5863,서울특별시 강북구청,2025-08-12
02-22-20,2,서울특별시 강북구 도봉로61길 22,,37.62870371,127.0237334,2000,한전주,02-901-5863,서울특별시 강북구청,2025-08-12
02-22-19,1,서울특별시 강북구 도봉로61길 18,,37.62879883,127.0239002,2000,한전주,02-901-5863,서울특별시 강북구청,2025-08-12
02-22-18,1,서울특별시 강북구 도봉로61길 27,,37.6284949,127.0235435,2000,,02-901-5863,서울특별시 강북구청,2025-08-12
02-22-17,1,서울특별시 강북구 솔매로43길 56,,37.62820426,127.0235377,2000,,02-901-5863,서울특별시 강북구청,2025-08-12
02-22-16,1,서울특별시 강북구 도봉로61길 21,,37.62859928,127.0238515,2000,한전주,02-901-5863,서울특별시 강북구청,2025-08-12
02-22-15,2,서울특별시 강북구 도봉로57길 22,,37.62783276,127.0241308,2000,한전주,02-901-5863,서울특별시 강북구청,2025-08-12
02-22-14,1,서울특별시 강북구 도봉로59길 6,,37.62835702,127.0243044,2000,,02-901-5863,서울특별시 강북구청,2025-08-12
02-22-13,1,서울특별시 강북구 솔매로45길 43,,37.62797186,127.0245813,2000,전용주,02-901-5863,서울특별시 강북구청,2025-08-12
02-22-12,1,서울특별시 강북구 솔매로45길 51,,37.62822338,127.0244874,2000,전용주,02-901-5863,서울특별시 강북구청,2025-08-12
02-22-11,1,서울특별시 강북구 솔매로45길 56,,37.62846841,127.0246995,2000,한전주,02-901-5863,서울특별시 강북구청,2025-08-12
02-22-10,1,서울특별시 강북구 솔매로45길 59,,37.62858254,127.0243354,2000,,02-901-5863,서울특별시 강북구청,2025-08-12
02-22-09,1,서울특별시 강북구 도봉로63길 5,,37.6291462,127.0238523,2000,한전주,02-901-5863,서울특별시 강북구청,2025-08-12
02-22-08,1,서울특별시 강북구 도봉로61길 18,,37.62879883,127.0239412,2000,한전주,02-901-5863,서울특별시 강북구청,2025-08-12
02-22-07,1,서울특별시 강북구 도봉로63길 13,,37.62903472,127.0234459,2000,한전주,02-901-5863,서울특별시 강북구청,2025-08-12
02-22-06,1,서울특별시 강북구 솔매로43길 70,,37.62885397,127.0233802,2000,,02-901-5863,서울특별시 강북구청,2025-08-12
02-22-05,1,서울특별시 강북구 도봉로57길 28,,37.62774073,127.0238706,2000,전용주,02-901-5863,서울특별시 강북구청,2025-08-12
02-22-04,1,서울특별시 강북구 도봉로57길 22,,37.62783276,127.0241308,2000,,02-901-5863,서울특별시 강북구청,2025-08-12
02-22-03,1,서울특별시 강북구 도봉로57길 18,,37.62809463,127.0241719,2000,,02-901-5863,서울특별시 강북구청,2025-08-12
02-22-02,1,서울특별시 강북구 도봉로57길 18,,37.62784311,127.0242658,2000,,02-901-5863,서울특별시 강북구청,2025-08-12
02-22-01,1,서울특별시 강북구 도봉로 217,,37.62805734,127.0251127,2000,,02-901-5863,서울특별시 강북구청,2025-08-12
02-21-35,1,서울특별시 강북구 도봉로55길 5,,37.6273745,127.0253481,2000,,02-901-5863,서울특별시 강북구청,2025-08-12
02-21-34,1,서울특별시 강북구 솔매로43길 23,,37.62674855,127.0239053,2000,전용주,02-901-5863,서울특별시 강북구청,2025-08-12
02-21-33,1,서울특별시 강북구 솔매로43길 23,,37.62674989,127.0239062,2000,한전주,02-901-5863,서울특별시 강북구청,2025-08-12
02-21-32,1,서울특별시 강북구 솔매로43길 29,,37.62710867,127.0237089,2000,한전주,02-901-5863,서울특별시 강북구청,2025-08-12
02-21-31,1,서울특별시 강북구 솔매로43길 35,,37.62731551,127.0236609,2000,,02-901-5863,서울특별시 강북구청,2025-08-12
02-21-30,1,서울특별시 강북구 도봉로55길 24,,37.62726614,127.024228,2000,한전주,02-901-5863,서울특별시 강북구청,2025-08-12
02-21-29,1,서울특별시 강북구 도봉로55길 20,,37.62735866,127.0245213,2000,한전주,02-901-5863,서울특별시 강북구청,2025-08-12
02-21-28,1,서울특별시 강북구 도봉로55길 17,,37.62718899,127.0246608,2000,,02-901-5863,서울특별시 강북구청,2025-08-12
02-21-27,1,서울특별시 강북구 도봉로55길 16,,37.62739564,127.0246341,2000,한전주,02-901-5863,서울특별시 강북구청,2025-08-12
02-21-26,1,서울특별시 강북구 도봉로55길 4,,37.62749115,127.0252876,2000,,02-901-5863,서울특별시 강북구청,2025-08-12
02-21-25,1,서울특별시 강북구 솔매로45길 29,,37.62728949,127.0248734,2000,한전주,02-901-5863,서울특별시 강북구청,2025-08-12
02-21-24,1,서울특별시 강북구 솔매로45길 27,,37.62720254,127.0248973,2000,한전주,02-901-5863,서울특별시 강북구청,2025-08-12
02-21-22,1,서울특별시 강북구 솔매로45길 21,,37.62708162,127.0249679,2000,전용주,02-901-5863,서울특별시 강북구청,2025-08-12
02-21-21,1,서울특별시 강북구 도봉로53길 18,,37.62686172,127.0247304,2000,,02-901-5863,서울특별시 강북구청,2025-08-12
02-21-20,1,서울특별시 강북구 도봉로53길 20,,37.62688989,127.0246484,2000,,02-901-5863,서울특별시 강북구청,2025-08-12
02-21-19,1,서울특별시 강북구 도봉로53길 24,,37.62674763,127.0244352,2000,한전주,02-901-5863,서울특별시 강북구청,2025-08-12
02-21-18,1,서울특별시 강북구 도봉로53길 28,,37.62672464,127.0241218,2000,,02-901-5863,서울특별시 강북구청,2025-08-12
02-21-17,1,서울특별시 강북구 도봉로53길 38,,37.62663089,127.0236812,2000,,02-901-5863,서울특별시 강북구청,2025-08-12
02-21-15,1,서울특별시 강북구 솔매로41길 30,,37.62699859,127.0234725,2000,,02-901-5863,서울특별시 강북구청,2025-08-12
02-21-14,1,서울특별시 강북구 솔매로41길 38,,37.62729459,127.0233093,2000,,02-901-5863,서울특별시 강북구청,2025-08-12
02-21-11,1,서울특별시 강북구 도봉로57길 33,,37.62743217,127.0236027,2000,한전주,02-901-5863,서울특별시 강북구청,2025-08-12
02-21-10,1,서울특별시 강북구 도봉로57길 23,,37.62759517,127.0240939,2000,한전주,02-901-5863,서울특별시 강북구청,2025-08-12
02-21-09,1,서울특별시 강북구 도봉로57길 21,,37.62765345,127.0242116,2000,한전주,02-901-5863,서울특별시 강북구청,2025-08-12
02-21-08,1,서울특별시 강북구 도봉로57길 19,,37.62768089,127.0243833,2000,한전주,02-901-5863,서울특별시 강북구청,2025-08-12
02-21-07,1,서울특별시 강북구 도봉로57길 19,,37.62768188,127.0243812,2000,,02-901-5863,서울특별시 강북구청,2025-08-12
02-21-06,1,서울특별시 강북구 도봉로57길 11,,37.6277548,127.0246739,2000,한전주,02-901-5863,서울특별시 강북구청,2025-08-12
02-21-05,1,서울특별시 강북구 도봉로57길 15,,37.62771894,127.0244995,2000,전용주,02-901-5863,서울특별시 강북구청,2025-08-12
02-21-04,1,서울특별시 강북구 도봉로57길 15,,37.62771894,127.0244995,2000,한전주,02-901-5863,서울특별시 강북구청,2025-08-12
02-21-03,1,서울특별시 강북구 도봉로 215,,37.62780583,127.0252066,2000,전용주,02-901-5863,서울특별시 강북구청,2025-08-12
02-21-02,1,서울특별시 강북구 도봉로 215,,37.62780583,127.0252066,2000,한전주,02-901-5863,서울특별시 강북구청,2025-08-12
02-21-01,1,서울특별시 강북구 도봉로 215,,37.62780583,127.0252066,2000,한전주,02-901-5863,서울특별시 강북구청,2025-08-12
02-20-40,1,서울특별시 강북구 솔매로35길 4,,37.62541005,127.0220545,2000,한전주,02-901-5863,서울특별시 강북구청,2025-08-12
02-20-39,1,서울특별시 강북구 솔매로35길 12,,37.62577972,127.0220836,2000,한전주,02-901-5863,서울특별시 강북구청,2025-08-12
02-20-38,1,서울특별시 강북구 솔매로35길 18,,37.6260135,127.0220239,2000,한전주,02-901-5863,서울특별시 강북구청,2025-08-12
02-20-37,1,서울특별시 강북구 솔매로35길 10,,37.62567123,127.0220397,2000,,02-901-5863,서울특별시 강북구청,2025-08-12
02-20-36,2,서울특별시 강북구 도봉로53가길 2,,37.62657837,127.021688,2000,한전주,02-901-5863,서울특별시 강북구청,2025-08-12
02-20-35,1,서울특별시 강북구 도봉로53길 42,,37.62654738,127.0233877,2000,,02-901-5863,서울특별시 강북구청,2025-08-12
02-20-34,1,서울특별시 강북구 도봉로53길 57,,37.62635115,127.0225406,2000,,02-901-5863,서울특별시 강북구청,2025-08-12
02-20-33,1,서울특별시 강북구 솔매로39길 1,,37.6256228,127.0227201,2000,,02-901-5863,서울특별시 강북구청,2025-08-12
02-20-32,1,서울특별시 강북구 솔매로39길 1,,37.6256975,127.0230363,2000,,02-901-5863,서울특별시 강북구청,2025-08-12
02-20-31,1,서울특별시 강북구 솔매로39길 3,,37.62573447,127.0231491,2000,,02-901-5863,서울특별시 강북구청,2025-08-12
02-20-30,1,서울특별시 강북구 솔매로39길 11,,37.62606956,127.0230264,2000,,02-901-5863,서울특별시 강북구청,2025-08-12
02-20-28,1,서울특별시 강북구 솔매로37길 20,,37.62619809,127.022554,2000,,02-901-5863,서울특별시 강북구청,2025-08-12
02-20-27,1,서울특별시 강북구 솔매로37길 14,,37.62596333,127.0226138,2000,,02-901-5863,서울특별시 강북구청,2025-08-12
02-20-26,1,서울특별시 강북구 솔매로37길 15,,37.62603395,127.0223182,2000,한전주,02-901-5863,서울특별시 강북구청,2025-08-12
02-20-25,1,서울특별시 강북구 솔매로37길 8,,37.62569997,127.0226943,2000,,02-901-5863,서울특별시 강북구청,2025-08-12
02-20-24,1,서울특별시 강북구 솔매로37길 12,,37.6258379,127.0225813,2000,,02-901-5863,서울특별시 강북구청,2025-08-12
02-20-23,1,서울특별시 강북구 솔매로37길 5,,37.62559117,127.0224205,2000,,02-901-5863,서울특별시 강북구청,2025-08-12
02-20-22,1,서울특별시 강북구 솔매로37길 5,,37.62559117,127.0224131,2000,한전주,02-901-5863,서울특별시 강북구청,2025-08-12
02-20-21,1,서울특별시 강북구 솔매로 89,,37.62531058,127.0220655,2000,,02-901-5863,서울특별시 강북구청,2025-08-12
02-20-20,1,서울특별시 강북구 솔매로35길 16,,37.6258829,127.021992,2000,,02-901-5863,서울특별시 강북구청,2025-08-12
02-20-19,1,서울특별시 강북구 솔매로37길 17,,37.62613371,127.0223962,2000,,02-901-5863,서울특별시 강북구청,2025-08-12
02-20-18,1,서울특별시 강북구 솔매로37길 17,,37.62613371,127.0223962,2000,,02-901-5863,서울특별시 강북구청,2025-08-12
02-20-17,1,서울특별시 강북구 솔매로37길 17,,37.62613371,127.0223962,2000,,02-901-5863,서울특별시 강북구청,2025-08-12
02-20-16,1,서울특별시 강북구 솔매로37길 17,,37.62613371,127.0223962,2000,,02-901-5863,서울특별시 강북구청,2025-08-12
02-20-15,1,서울특별시 강북구 솔매로37길 17,,37.62613371,127.0223962,2000,,02-901-5863,서울특별시 강북구청,2025-08-12
02-20-14,1,서울특별시 강북구 솔매로37길 17,,37.62613371,127.0223962,2000,,02-901-5863,서울특별시 강북구청,2025-08-12
02-20-13,1,서울특별시 강북구 도봉로53길 53,,37.62637077,127.022733,2000,,02-901-5863,서울특별시 강북구청,2025-08-12
02-20-12,2,서울특별시 강북구 솔매로39길 28,,37.62674202,127.0229547,2000,한전주,02-901-5863,서울특별시 강북구청,2025-08-12
02-20-11,1,서울특별시 강북구 솔매로39길 25,,37.62664454,127.0227514,2000,,02-901-5863,서울특별시 강북구청,2025-08-12
02-20-10,1,서울특별시 강북구 도봉로53길 48,,37.62651791,127.0230936,2000,,02-901-5863,서울특별시 강북구청,2025-08-12
02-20-09,1,서울특별시 강북구 도봉로53길 46,,37.62653734,127.0232632,2000,,02-901-5863,서울특별시 강북구청,2025-08-12
02-20-08,1,서울특별시 강북구 솔매로41길 31,,37.62705486,127.0231237,2000,한전주,02-901-5863,서울특별시 강북구청,2025-08-12
02-20-07,1,서울특별시 강북구 도봉로53길 72,,37.62660615,127.0217783,2000,한전주,02-901-5863,서울특별시 강북구청,2025-08-12
02-20-06,1,서울특별시 강북구 솔매로41길 31,,37.62705486,127.0231237,2000,한전주,02-901-5863,서울특별시 강북구청,2025-08-12
02-20-05,1,서울특별시 강북구 솔매로41길 31,,37.62705486,127.0231237,2000,,02-901-5863,서울특별시 강북구청,2025-08-12
02-20-04,1,서울특별시 강북구 솔매로41길 31,,37.62705486,127.0231237,2000,전용주,02-901-5863,서울특별시 강북구청,2025-08-12
02-20-03,1,서울특별시 강북구 솔매로41길 23,,37.62669876,127.0233243,2000,,02-901-5863,서울특별시 강북구청,2025-08-12
02-20-02,1,서울특별시 강북구 솔매로41길 23,,37.62664414,127.0233243,2000,,02-901-5863,서울특별시 강북구청,2025-08-12
02-20-01,1,서울특별시 강북구 솔매로41길 23,,37.62669876,127.0233291,2000,한전주,02-901-5863,서울특별시 강북구청,2025-08-12
02-19-32,1,서울특별시 강북구 솔매로 111,,37.62591716,127.0245402,2000,,02-901-5863,서울특별시 강북구청,2025-08-12
02-19-31,1,서울특별시 강북구 도봉로53길 45,,37.6263472,127.0231524,2000,,02-901-5863,서울특별시 강북구청,2025-08-12
02-19-30,1,서울특별시 강북구 솔매로45길 7,,37.62631264,127.0252582,2000,한전주,02-901-5863,서울특별시 강북구청,2025-08-12
02-19-29,1,서울특별시 강북구 솔매로45길 7,,37.62635391,127.0252582,2000,,02-901-5863,서울특별시 강북구청,2025-08-12
02-19-28,1,서울특별시 강북구 솔매로45길 7,,37.62635391,127.0252582,2000,한전주,02-901-5863,서울특별시 강북구청,2025-08-12
02-19-27,1,서울특별시 강북구 솔매로45길 7,,37.62635391,127.0252582,2000,,02-901-5863,서울특별시 강북구청,2025-08-12
02-19-26,1,서울특별시 강북구 솔매로45길 7,,37.62635391,127.0252582,2000,,02-901-5863,서울특별시 강북구청,2025-08-12
02-19-25,1,서울특별시 강북구 솔매로45길 7,,37.62635391,127.0252582,2000,,02-901-5863,서울특별시 강북구청,2025-08-12
02-19-24,1,서울특별시 강북구 솔매로45길 11,,37.62656991,127.0251207,2000,,02-901-5863,서울특별시 강북구청,2025-08-12
02-19-23,2,서울특별시 강북구 솔매로45길 7,,37.62635559,127.0252595,2000,한전주,02-901-5863,서울특별시 강북구청,2025-08-12
02-19-22,1,서울특별시 강북구 솔매로45길 4,,37.62624303,127.0255201,2000,,02-901-5863,서울특별시 강북구청,2025-08-12
02-19-21,1,서울특별시 강북구 솔매로 113,,37.62597461,127.0247072,2000,,02-901-5863,서울특별시 강북구청,2025-08-12
02-19-20,1,서울특별시 강북구 솔매로43길 8,,37.62614741,127.0243672,2000,,02-901-5863,서울특별시 강북구청,2025-08-12
02-19-19,1,서울특별시 강북구 솔매로43길 8,,37.62614741,127.0243672,2000,한전주,02-901-5863,서울특별시 강북구청,2025-08-12
02-19-18,1,서울특별시 강북구 솔매로43길 13,,37.62636379,127.0240698,2000,,02-901-5863,서울특별시 강북구청,2025-08-12
02-19-17,1,서울특별시 강북구 솔매로43길 13,,37.62636379,127.0240698,2000,한전주,02-901-5863,서울특별시 강북구청,2025-08-12
02-19-16,1,서울특별시 강북구 솔매로41길 7,,37.6260085,127.0235987,2000,한전주,02-901-5863,서울특별시 강북구청,2025-08-12
02-19-15,1,서울특별시 강북구 솔매로41길 6,,37.62598437,127.0238201,2000,,02-901-5863,서울특별시 강북구청,2025-08-12
02-19-14,1,서울특별시 강북구 솔매로41길 3,,37.62584356,127.0236674,2000,,02-901-5863,서울특별시 강북구청,2025-08-12
02-19-13,1,서울특별시 강북구 솔매로41길 4,,37.62588443,127.0238495,2000,,02-901-5863,서울특별시 강북구청,2025-08-12
02-19-12,1,서울특별시 강북구 솔매로39길 6,,37.62578158,127.0233977,2000,한전주,02-901-5863,서울특별시 강북구청,2025-08-12
02-19-11,1,서울특별시 강북구 솔매로39길 10,,37.62596965,127.0232593,2000,한전주,02-901-5863,서울특별시 강북구청,2025-08-12
02-19-10,1,서울특별시 강북구 도봉로53길 45,,37.6263472,127.0231524,2000,한전주,02-901-5863,서울특별시 강북구청,2025-08-12
02-19-09,1,서울특별시 강북구 도봉로53길 41,,37.62634983,127.0234696,2000,한전주,02-901-5863,서울특별시 강북구청,2025-08-12
02-19-08,1,서울특별시 강북구 도봉로53길 35,,37.62636277,127.0239452,2000,한전주,02-901-5863,서울특별시 강북구청,2025-08-12
02-19-07,1,서울특별시 강북구 도봉로53길 23,,37.62654779,127.0244564,2000,,02-901-5863,서울특별시 강북구청,2025-08-12
02-19-06,1,서울특별시 강북구 도봉로53길 27,,37.62652699,127.0242429,2000,한전주,02-901-5863,서울특별시 강북구청,2025-08-12
02-19-05,1,서울특별시 강북구 도봉로53길 19,,37.62666127,127.0246802,2000,,02-901-5863,서울특별시 강북구청,2025-08-12
02-19-04,1,서울특별시 강북구 도봉로53길 19,,37.62665715,127.0246778,2000,한전주,02-901-5863,서울특별시 강북구청,2025-08-12
02-19-03,1,서울특별시 강북구 도봉로53길 17,,37.62667638,127.0248248,2000,한전주,02-901-5863,서울특별시 강북구청,2025-08-12
02-19-02,1,서울특별시 강북구 도봉로53길 7,,37.6265186,127.0253593,2000,한전주,02-901-5863,서울특별시 강북구청,2025-08-12
02-19-01,1,서울특별시 강북구 도봉로 205,,37.62686292,127.0255927,2000,한전주,02-901-5863,서울특별시 강북구청,2025-08-12
02-18-23,1,서울특별시 강북구 도봉로49길 18,,37.62513162,127.025434,2000,,02-901-5863,서울특별시 강북구청,2025-08-12
02-18-21,1,서울특별시 강북구 솔매로 112,,37.62575668,127.0246787,2000,,02-901-5863,서울특별시 강북구청,2025-08-12
02-18-20,1,서울특별시 강북구 솔매로44길 13,,37.62520691,127.0247307,2000,한전주,02-901-5863,서울특별시 강북구청,2025-08-12
02-18-19,1,서울특별시 강북구 솔매로 118,,37.6258865,127.0251702,2000,,02-901-5863,서울특별시 강북구청,2025-08-12
02-18-18,1,서울특별시 강북구 솔매로 118,,37.62588636,127.025175,2000,,02-901-5863,서울특별시 강북구청,2025-08-12
02-18-17,1,서울특별시 강북구 솔매로 124,,37.62603125,127.0257519,2000,,02-901-5863,서울특별시 강북구청,2025-08-12
02-18-15,1,서울특별시 강북구 솔매로46길 6,,37.62574482,127.025494,2000,한전주,02-901-5863,서울특별시 강북구청,2025-08-12
02-18-14,1,서울특별시 강북구 솔매로46길 7,,37.62575673,127.0257236,2000,,02-901-5863,서울특별시 강북구청,2025-08-12
02-18-13,1,서울특별시 강북구 솔매로46길 14,,37.62546628,127.0255883,2000,한전주,02-901-5863,서울특별시 강북구청,2025-08-12
02-18-12,1,서울특별시 강북구 솔매로46길 15,,37.62540583,127.0259063,2000,,02-901-5863,서울특별시 강북구청,2025-08-12
02-18-11,2,서울특별시 강북구 도봉로51길 3,,37.62547426,127.0254635,2000,한전주,02-901-5863,서울특별시 강북구청,2025-08-12
02-18-10,1,서울특별시 강북구 도봉로51길 8,,37.62562387,127.0251763,2000,,02-901-5863,서울특별시 강북구청,2025-08-12
02-18-09,1,서울특별시 강북구 도봉로51길 10,,37.62553396,127.0250549,2000,한전주,02-901-5863,서울특별시 강북구청,2025-08-12
02-18-08,1,서울특별시 강북구 도봉로51길 14,,37.62559591,127.0249182,2000,전용주,02-901-5863,서울특별시 강북구청,2025-08-12
02-18-07,1,서울특별시 강북구 도봉로51길 13,,37.62536185,127.0249439,2000,한전주,02-901-5863,서울특별시 강북구청,2025-08-12
02-18-06,1,서울특별시 강북구 도봉로49길 24,,37.62505464,127.0250727,2000,한전주,02-901-5863,서울특별시 강북구청,2025-08-12
02-18-05,1,서울특별시 강북구 도봉로49길 24,,37.62505464,127.025014,2000,,02-901-5863,서울특별시 강북구청,2025-08-12
02-18-04,1,서울특별시 강북구 도봉로51길 11,,37.62538972,127.0250455,2000,,02-901-5863,서울특별시 강북구청,2025-08-12
02-18-03,1,서울특별시 강북구 도봉로49길 22,,37.62505749,127.0251858,2000,,02-901-5863,서울특별시 강북구청,2025-08-12
02-18-02,1,서울특별시 강북구 도봉로49길 16,,37.62517066,127.0255103,2000,,02-901-5863,서울특별시 강북구청,2025-08-12
02-18-01,1,서울특별시 강북구 도봉로49길 16,,37.62517066,127.0255811,2000,전용주,02-901-5863,서울특별시 강북구청,2025-08-12
02-17-36,1,서울특별시 강북구 도봉로45길 34,,37.62404883,127.0248331,2000,전용주,02-901-5863,서울특별시 강북구청,2025-08-12
02-17-34,1,서울특별시 강북구 솔매로44길 14,,37.62511523,127.0245393,2000,한전주,02-901-5863,서울특별시 강북구청,2025-08-12
02-17-33,1,서울특별시 강북구 도봉로45길 42,,37.62397958,127.0244975,2000,한전주,02-901-5863,서울특별시 강북구청,2025-08-12
02-17-32,1,서울특별시 강북구 도봉로45길 34,,37.62405437,127.024825,2000,,02-901-5863,서울특별시 강북구청,2025-08-12
02-17-31,1,서울특별시 강북구 도봉로45길 42,,37.62395115,127.0244973,2000,한전주,02-901-5863,서울특별시 강북구청,2025-08-12
02-17-30,1,서울특별시 강북구 도봉로45길 46,,37.62387786,127.0241816,2000,한전주,02-901-5863,서울특별시 강북구청,2025-08-12
02-17-28,1,서울특별시 강북구 도봉로47길 23,,37.6243148,127.0247197,2000,,02-901-5863,서울특별시 강북구청,2025-08-12
02-17-27,2,서울특별시 강북구 도봉로49길 33,,37.624774,127.0246797,2000,한전주,02-901-5863,서울특별시 강북구청,2025-08-12
02-17-26,1,서울특별시 강북구 도봉로49길 33,,37.6247764,127.0246803,2000,,02-901-5863,서울특별시 강북구청,2025-08-12
02-17-25,1,서울특별시 강북구 도봉로49길 35,,37.62472764,127.0245217,2000,,02-901-5863,서울특별시 강북구청,2025-08-12
02-17-24,1,서울특별시 강북구 도봉로49길 38,,37.62487226,127.0243113,2000,,02-901-5863,서울특별시 강북구청,2025-08-12
02-17-23,1,서울특별시 강북구 도봉로49길 39,,37.62467341,127.0242838,2000,,02-901-5863,서울특별시 강북구청,2025-08-12
02-17-22,1,서울특별시 강북구 도봉로49길 41,,37.62463446,127.0241491,2000,한전주,02-901-5863,서울특별시 강북구청,2025-08-12
02-17-21,1,서울특별시 강북구 도봉로49길 46,,37.62476302,127.0240212,2000,,02-901-5863,서울특별시 강북구청,2025-08-12
02-17-20,1,서울특별시 강북구 도봉로49길 45,,37.62461532,127.0240134,2000,,02-901-5863,서울특별시 강북구청,2025-08-12
02-17-19,1,서울특별시 강북구 도봉로49길 45,,37.62460896,127.0240213,2000,,02-901-5863,서울특별시 강북구청,2025-08-12
02-17-18,1,서울특별시 강북구 도봉로51길 34,,37.62527001,127.0238221,2000,,02-901-5863,서울특별시 강북구청,2025-08-12
02-17-17,1,서울특별시 강북구 도봉로51길 34,,37.62521745,127.0238243,2000,한전주,02-901-5863,서울특별시 강북구청,2025-08-12
02-17-16,1,서울특별시 강북구 도봉로51길 31,,37.62509225,127.0239392,2000,,02-901-5863,서울특별시 강북구청,2025-08-12
02-17-15,1,서울특별시 강북구 도봉로51길 28,,37.62528657,127.0241128,2000,,02-901-5863,서울특별시 강북구청,2025-08-12
02-17-14,1,서울특별시 강북구 도봉로51길 25,,37.62519416,127.0242777,2000,,02-901-5863,서울특별시 강북구청,2025-08-12
02-17-13,1,서울특별시 강북구 도봉로51길 26,,37.62532902,127.024242,2000,한전주,02-901-5863,서울특별시 강북구청,2025-08-12
02-17-12,1,서울특별시 강북구 도봉로51길 24,,37.62541874,127.0241955,2000,,02-901-5863,서울특별시 강북구청,2025-08-12
02-17-11,1,서울특별시 강북구 도봉로51길 23,,37.62509618,127.0244149,2000,,02-901-5863,서울특별시 강북구청,2025-08-12
02-17-10,1,서울특별시 강북구 도봉로49길 46,,37.62475966,127.0240342,2000,,02-901-5863,서울특별시 강북구청,2025-08-12
02-17-09,1,서울특별시 강북구 솔매로44길 8,,37.62539359,127.0244224,2000,한전주,02-901-5863,서울특별시 강북구청,2025-08-12
02-17-08,1,서울특별시 강북구 솔매로44길 2,,37.62557293,127.0243181,2000,한전주,02-901-5863,서울특별시 강북구청,2025-08-12
02-17-07,1,서울특별시 강북구 솔매로 102,,37.62540637,127.0235907,2000,,02-901-5863,서울특별시 강북구청,2025-08-12
02-17-06,1,서울특별시 강북구 솔매로40길 3,,37.62537737,127.0234564,2000,,02-901-5863,서울특별시 강북구청,2025-08-12
02-17-05,1,서울특별시 강북구 솔매로40길 9,,37.62514285,127.0235194,2000,한전주,02-901-5863,서울특별시 강북구청,2025-08-12
02-17-04,1,서울특별시 강북구 솔매로40길 15,,37.62482864,127.0236594,2000,한전주,02-901-5863,서울특별시 강북구청,2025-08-12
02-17-03,1,서울특별시 강북구 솔매로40길 23,,37.62454109,127.0237538,2000,,02-901-5863,서울특별시 강북구청,2025-08-12
02-17-02,1,서울특별시 강북구 솔매로40길 23,,37.62454109,127.0237538,2000,한전주,02-901-5863,서울특별시 강북구청,2025-08-12
02-17-01,2,서울특별시 강북구 솔매로40길 29,,37.62426255,127.0238481,2000,한전주,02-901-5863,서울특별시 강북구청,2025-08-12
02-16-34,1,서울특별시 강북구 도봉로51길 46,,37.62511359,127.0231804,2000,전용주,02-901-5863,서울특별시 강북구청,2025-08-12
02-16-33,1,서울특별시 강북구 도봉로47길 62,,37.6239647,127.0226965,2000,전용주,02-901-5863,서울특별시 강북구청,2025-08-12
02-16-32,1,서울특별시 강북구 도봉로47길 52,,37.62411898,127.0232001,2000,,02-901-5863,서울특별시 강북구청,2025-08-12
02-16-30,1,서울특별시 강북구 도봉로49길 54,,37.62462894,127.0234808,2000,전용주,02-901-5863,서울특별시 강북구청,2025-08-12
02-16-29,1,서울특별시 강북구 도봉로49길 69,,37.62426999,127.0227301,2000,,02-901-5863,서울특별시 강북구청,2025-08-12
02-16-28,1,서울특별시 강북구 도봉로51길 54,,37.6249287,127.0226839,2000,전용주,02-901-5863,서울특별시 강북구청,2025-08-12
02-16-27,1,서울특별시 강북구 도봉로49길 67,,37.62425431,127.0228513,2000,,02-901-5863,서울특별시 강북구청,2025-08-12
02-16-26,1,서울특별시 강북구 도봉로49길 61,,37.62422211,127.0233162,2000,,02-901-5863,서울특별시 강북구청,2025-08-12
02-16-25,1,서울특별시 강북구 도봉로49길 61,,37.62428359,127.0231228,2000,,02-901-5863,서울특별시 강북구청,2025-08-12
02-16-24,1,서울특별시 강북구 도봉로49길 57,,37.6244298,127.0233701,2000,한전주,02-901-5863,서울특별시 강북구청,2025-08-12
02-16-23,1,서울특별시 강북구 도봉로49길 53,,37.6244849,127.0235509,2000,,02-901-5863,서울특별시 강북구청,2025-08-12
02-16-22,1,서울특별시 강북구 도봉로49길 66,,37.6244655,127.0227342,2000,한전주,02-901-5863,서울특별시 강북구청,2025-08-12
02-16-21,1,서울특별시 강북구 도봉로49길 62,,37.62474215,127.0229922,2000,한전주,02-901-5863,서울특별시 강북구청,2025-08-12
02-16-20,2,서울특별시 강북구 도봉로49길 70,,37.62445092,127.0226561,2000,한전주,02-901-5863,서울특별시 강북구청,2025-08-12
02-16-19,1,서울특별시 강북구 도봉로49길 72,,37.62439574,127.0225209,2000,한전주,02-901-5863,서울특별시 강북구청,2025-08-12
02-16-18,1,서울특별시 강북구 도봉로49길 70,,37.62444155,127.0226612,2000,한전주,02-901-5863,서울특별시 강북구청,2025-08-12
02-16-17,1,서울특별시 강북구 도봉로51길 61,,37.62471905,127.0223921,2000,한전주,02-901-5863,서울특별시 강북구청,2025-08-12
02-16-16,1,서울특별시 강북구 도봉로51길 54,,37.6249287,127.0226839,2000,,02-901-5863,서울특별시 강북구청,2025-08-12
02-16-15,1,서울특별시 강북구 도봉로51길 48,,37.625092,127.0229875,2000,한전주,02-901-5863,서울특별시 강북구청,2025-08-12
02-16-14,1,서울특별시 강북구 솔매로40길 6,,37.6252489,127.0232688,2000,,02-901-5863,서울특별시 강북구청,2025-08-12
02-16-13,1,서울특별시 강북구 솔매로 94,,37.62523084,127.0225636,2000,,02-901-5863,서울특별시 강북구청,2025-08-12
02-16-12,1,서울특별시 강북구 솔매로 94,,37.62523408,127.0225666,2000,,02-901-5863,서울특별시 강북구청,2025-08-12
02-16-11,1,서울특별시 강북구 솔매로 90,,37.62512136,127.022132,2000,,02-901-5863,서울특별시 강북구청,2025-08-12
02-16-10,1,서울특별시 강북구 솔매로 90,,37.62512136,127.022132,2000,,02-901-5863,서울특별시 강북구청,2025-08-12
02-16-09,1,서울특별시 강북구 솔매로36길 5,,37.62494269,127.0222058,2000,,02-901-5863,서울특별시 강북구청,2025-08-12
02-16-08,1,서울특별시 강북구 솔매로36길 11,,37.6246283,127.0223139,2000,한전주,02-901-5863,서울특별시 강북구청,2025-08-12
02-16-07,1,서울특별시 강북구 솔매로36길 17,,37.62441264,127.0223847,2000,한전주,02-901-5863,서울특별시 강북구청,2025-08-12
02-16-06,1,서울특별시 강북구 솔매로36길 21,,37.62422419,127.0224778,2000,한전주,02-901-5863,서울특별시 강북구청,2025-08-12
02-16-05,2,서울특별시 강북구 솔매로36길 29,,37.62393673,127.0225835,2000,한전주,02-901-5863,서울특별시 강북구청,2025-08-12
02-16-04,1,서울특별시 강북구 도봉로47길 59,,37.62383049,127.0228115,2000,,02-901-5863,서울특별시 강북구청,2025-08-12
02-16-03,1,서울특별시 강북구 도봉로47길 60,,37.62402889,127.0228316,2000,,02-901-5863,서울특별시 강북구청,2025-08-12
02-16-02,1,서울특별시 강북구 도봉로47길 54,,37.62412996,127.0230681,2000,한전주,02-901-5863,서울특별시 강북구청,2025-08-12
02-16-01,1,서울특별시 강북구 도봉로47길 50,,37.62412338,127.0233628,2000,한전주,02-901-5863,서울특별시 강북구청,2025-08-12
02-15-29,1,서울특별시 강북구 도봉로45길 67,,37.62342694,127.0231348,2000,,02-901-5863,서울특별시 강북구청,2025-08-12
02-15-28,1,서울특별시 강북구 솔매로36길 47,,37.62311988,127.0229567,2000,한전주,02-901-5863,서울특별시 강북구청,2025-08-12
02-15-27,1,서울특별시 강북구 삼양로54길 93,,37.62315741,127.0231375,2000,,02-901-5863,서울특별시 강북구청,2025-08-12
02-15-26,1,서울특별시 강북구 삼양로54길 95,,37.62317637,127.0232505,2000,,02-901-5863,서울특별시 강북구청,2025-08-12
02-15-25,1,서울특별시 강북구 삼양로54길 109,,37.62336254,127.0239731,2000,,02-901-5863,서울특별시 강북구청,2025-08-12
02-15-24,1,서울특별시 강북구 삼양로54길 109,,37.62336254,127.0239731,2000,,02-901-5863,서울특별시 강북구청,2025-08-12
02-15-23,1,서울특별시 강북구 도봉로45길 33,,37.62391428,127.0249702,2000,,02-901-5863,서울특별시 강북구청,2025-08-12
02-15-22,1,서울특별시 강북구 도봉로45길 39,,37.62380487,127.0246938,2000,,02-901-5863,서울특별시 강북구청,2025-08-12
02-15-21,1,서울특별시 강북구 도봉로45길 39,,37.62380487,127.0246938,2000,,02-901-5863,서울특별시 강북구청,2025-08-12
02-15-20,1,서울특별시 강북구 도봉로45길 41,,37.6237092,127.0245018,2000,,02-901-5863,서울특별시 강북구청,2025-08-12
02-15-19,1,서울특별시 강북구 도봉로45길 45,,37.62374375,127.024308,2000,한전주,02-901-5863,서울특별시 강북구청,2025-08-12
02-15-18,1,서울특별시 강북구 도봉로45길 47,,37.62373082,127.0242529,2000,,02-901-5863,서울특별시 강북구청,2025-08-12
02-15-17,1,서울특별시 강북구 도봉로45길 49,,37.62367862,127.0240596,2000,,02-901-5863,서울특별시 강북구청,2025-08-12
02-15-16,1,서울특별시 강북구 도봉로45길 54,,37.62382963,127.023802,2000,한전주,02-901-5863,서울특별시 강북구청,2025-08-12
02-15-15,1,서울특별시 강북구 도봉로45길 55,,37.62359454,127.0236982,2000,,02-901-5863,서울특별시 강북구청,2025-08-12
02-15-14,1,서울특별시 강북구 도봉로45길 58,,37.62372903,127.0236171,2000,한전주,02-901-5863,서울특별시 강북구청,2025-08-12
02-15-13,1,서울특별시 강북구 도봉로45길 58,,37.62374543,127.0236562,2000,전용주,02-901-5863,서울특별시 강북구청,2025-08-12
02-15-12,1,서울특별시 강북구 도봉로45길 59,,37.62356624,127.0235767,2000,,02-901-5863,서울특별시 강북구청,2025-08-12
02-15-11,1,서울특별시 강북구 도봉로45길 59,,37.62356649,127.0235739,2000,,02-901-5863,서울특별시 강북구청,2025-08-12
02-15-10,1,서울특별시 강북구 도봉로45길 62,,37.62365909,127.0233336,2000,전용주,02-901-5863,서울특별시 강북구청,2025-08-12
02-15-09,1,서울특별시 강북구 도봉로45길 63,,37.62340235,127.0233382,2000,,02-901-5863,서울특별시 강북구청,2025-08-12
02-15-08,1,서울특별시 강북구 도봉로45길 66,,37.62361745,127.0231994,2000,한전주,02-901-5863,서울특별시 강북구청,2025-08-12
02-15-07,1,서울특별시 강북구 도봉로45길 68,,37.62358517,127.0230512,2000,,02-901-5863,서울특별시 강북구청,2025-08-12
02-15-06,1,서울특별시 강북구 도봉로45길 67,,37.62345218,127.0231348,2000,,02-901-5863,서울특별시 강북구청,2025-08-12
02-15-05,2,서울특별시 강북구 솔매로36길 39,,37.6235238,127.0227702,2000,한전주,02-901-5863,서울특별시 강북구청,2025-08-12
02-15-04,1,서울특별시 강북구 도봉로47길 57,,37.62387685,127.0229695,2000,,02-901-5863,서울특별시 강북구청,2025-08-12
02-15-03,1,서울특별시 강북구 도봉로47길 53,,37.62390491,127.0230937,2000,,02-901-5863,서울특별시 강북구청,2025-08-12
02-15-02,1,서울특별시 강북구 도봉로47길 43,,37.62402625,127.0236019,2000,,02-901-5863,서울특별시 강북구청,2025-08-12
02-15-01,1,서울특별시 강북구 솔매로40길 34,,37.62406331,127.023726,2000,,02-901-5863,서울특별시 강북구청,2025-08-12
02-14-36,1,서울특별시 강북구 도봉로47길 3,,37.62457612,127.0258151,2000,전용주,02-901-5863,서울특별시 강북구청,2025-08-12
02-14-35,1,서울특별시 강북구 솔매로46길 36,,37.62453229,127.025963,2000,한전주,02-901-5863,서울특별시 강북구청,2025-08-12
02-14-34,1,서울특별시 강북구 솔매로46길 49,,37.62392283,127.0263561,2000,한전주,02-901-5863,서울특별시 강북구청,2025-08-12
02-14-33,1,서울특별시 강북구 도봉로47길 9,,37.62447356,127.0253973,2000,,02-901-5863,서울특별시 강북구청,2025-08-12
02-14-32,1,서울특별시 강북구 도봉로45길 24,,37.62417484,127.0254104,2000,,02-901-5863,서울특별시 강북구청,2025-08-12
02-14-31,1,서울특별시 강북구 도봉로45길 24,,37.62417484,127.0254104,2000,한전주,02-901-5863,서울특별시 강북구청,2025-08-12
02-14-30,1,서울특별시 강북구 솔매로44길 33,,37.62438958,127.0250472,2000,,02-901-5863,서울특별시 강북구청,2025-08-12
02-14-29,2,서울특별시 강북구 솔매로44길 27,,37.62461416,127.024965,2000,한전주,02-901-5863,서울특별시 강북구청,2025-08-12
02-14-28,1,서울특별시 강북구 도봉로49길 23,,37.62488649,127.0251626,2000,,02-901-5863,서울특별시 강북구청,2025-08-12
02-14-27,1,서울특별시 강북구 도봉로49길 23,,37.62488649,127.0251626,2000,,02-901-5863,서울특별시 강북구청,2025-08-12
02-14-26,1,서울특별시 강북구 도봉로49길 23,,37.62488613,127.0251653,2000,한전주,02-901-5863,서울특별시 강북구청,2025-08-12
02-14-25,1,서울특별시 강북구 도봉로49길 19,,37.62495077,127.0254013,2000,,02-901-5863,서울특별시 강북구청,2025-08-12
02-14-24,1,서울특별시 강북구 도봉로49길 19,,37.62495116,127.0254024,2000,,02-901-5863,서울특별시 강북구청,2025-08-12
02-14-23,1,서울특별시 강북구 도봉로49길 17,,37.62496101,127.0255042,2000,한전주,02-901-5863,서울특별시 강북구청,2025-08-12
02-14-22,2,서울특별시 강북구 도봉로49길 11,,37.6250082,127.0257642,2000,한전주,02-901-5863,서울특별시 강북구청,2025-08-12
02-14-21,1,서울특별시 강북구 도봉로49길 7,,37.62508298,127.0260917,2000,한전주,02-901-5863,서울특별시 강북구청,2025-08-12
02-14-19,2,서울특별시 강북구 솔매로46길 30,,37.62476579,127.0258693,2000,한전주,02-901-5863,서울특별시 강북구청,2025-08-12
02-14-18,1,서울특별시 강북구 솔매로46길 33,,37.62473199,127.0261416,2000,,02-901-5863,서울특별시 강북구청,2025-08-12
02-14-17,1,서울특별시 강북구 솔매로46길 36,,37.62452944,127.0259669,2000,,02-901-5863,서울특별시 강북구청,2025-08-12
02-14-16,1,서울특별시 강북구 도봉로45길 6,,37.62442773,127.0263948,2000,한전주,02-901-5863,서울특별시 강북구청,2025-08-12
02-14-15,1,서울특별시 강북구 도봉로45길 14,,37.62433483,127.0260562,2000,한전주,02-901-5863,서울특별시 강북구청,2025-08-12
02-14-14,1,서울특별시 강북구 도봉로45길 13,,37.62419978,127.0260692,2000,전용주,02-901-5863,서울특별시 강북구청,2025-08-12
02-14-13,1,서울특별시 강북구 삼양로54길 147,,37.62388398,127.0259345,2000,,02-901-5863,서울특별시 강북구청,2025-08-12
02-14-12,1,서울특별시 강북구 도봉로45길 18,,37.62429269,127.0258056,2000,,02-901-5863,서울특별시 강북구청,2025-08-12
02-14-11,1,서울특별시 강북구 도봉로45길 15,,37.62415968,127.0259385,2000,전용주,02-901-5863,서울특별시 강북구청,2025-08-12
02-14-10,1,서울특별시 강북구 도봉로45길 22,,37.62425837,127.0255247,2000,한전주,02-901-5863,서울특별시 강북구청,2025-08-12
02-14-09,1,서울특별시 강북구 도봉로45길 21,,37.62407992,127.0256642,2000,,02-901-5863,서울특별시 강북구청,2025-08-12
02-14-08,1,서울특별시 강북구 도봉로45길 24,,37.62417635,127.0254125,2000,한전주,02-901-5863,서울특별시 강북구청,2025-08-12
02-14-07,1,서울특별시 강북구 도봉로45길 25,,37.62402248,127.0254087,2000,,02-901-5863,서울특별시 강북구청,2025-08-12
02-14-06,2,서울특별시 강북구 도봉로45길 30,,37.62411123,127.0251641,2000,한전주,02-901-5863,서울특별시 강북구청,2025-08-12
02-14-05,1,서울특별시 강북구 삼양로54길 133,,37.62367023,127.0252265,2000,한전주,02-901-5863,서울특별시 강북구청,2025-08-12
02-14-04,1,서울특별시 강북구 삼양로54길 137,,37.62373563,127.0255089,2000,,02-901-5863,서울특별시 강북구청,2025-08-12
02-14-03,1,서울특별시 강북구 솔매로46길 50,,37.62389384,127.0261185,2000,,02-901-5863,서울특별시 강북구청,2025-08-12
02-13-42,1,서울특별시 강북구 도봉로46길 9,,37.62468876,127.0274563,2000,한전주,02-901-5863,서울특별시 강북구청,2025-08-12
02-13-41,1,서울특별시 강북구 도봉로50길 16,,37.6255069,127.0276625,2000,,02-901-5863,서울특별시 강북구청,2025-08-12
02-13-40,1,서울특별시 강북구 도봉로50길 16,,37.6255069,127.0276174,2000,한전주,02-901-5863,서울특별시 강북구청,2025-08-12
02-13-38,1,서울특별시 강북구 도봉로46길 15,,37.62480877,127.0278358,2000,,02-901-5863,서울특별시 강북구청,2025-08-12
02-13-37,1,서울특별시 강북구 솔매로50길 33,,37.6249964,127.0276332,2000,,02-901-5863,서울특별시 강북구청,2025-08-12
02-13-36,1,서울특별시 강북구 솔매로52길 40,,37.62493779,127.0281554,2000,,02-901-5863,서울특별시 강북구청,2025-08-12
02-13-35,1,서울특별시 강북구 솔매로52길 34,,37.62513562,127.0281075,2000,,02-901-5863,서울특별시 강북구청,2025-08-12
02-13-34,1,서울특별시 강북구 솔매로52길 31,,37.62519387,127.0288718,2000,한전주,02-901-5863,서울특별시 강북구청,2025-08-12
02-13-33,1,서울특별시 강북구 솔매로52길 27,,37.62552303,127.0281025,2000,,02-901-5863,서울특별시 강북구청,2025-08-12
02-13-32,1,서울특별시 강북구 솔매로52길 25,,37.62551318,127.0280006,2000,,02-901-5863,서울특별시 강북구청,2025-08-12
02-13-31,2,서울특별시 강북구 솔매로54길 22,,37.62579853,127.0287333,2000,한전주,02-901-5863,서울특별시 강북구청,2025-08-12
02-13-30,1,서울특별시 강북구 도봉로50길 32,,37.62572637,127.0284347,2000,,02-901-5863,서울특별시 강북구청,2025-08-12
02-13-29,1,서울특별시 강북구 도봉로50길 32,,37.62572637,127.0284347,2000,,02-901-5863,서울특별시 강북구청,2025-08-12
02-13-28,1,서울특별시 강북구 도봉로50길 28,,37.62565733,127.0281703,2000,전용주,02-901-5863,서울특별시 강북구청,2025-08-12
02-13-27,1,서울특별시 강북구 도봉로50길 30,,37.62569598,127.0283155,2000,한전주,02-901-5863,서울특별시 강북구청,2025-08-12
02-13-26,1,서울특별시 강북구 도봉로50길 24,,37.62561275,127.028056,2000,,02-901-5863,서울특별시 강북구청,2025-08-12
02-13-25,1,서울특별시 강북구 도봉로50길 22,,37.6255938,127.0279429,2000,한전주,02-901-5863,서울특별시 강북구청,2025-08-12
02-13-24,1,서울특별시 강북구 도봉로50길 16,,37.62551001,127.0276155,2000,한전주,02-901-5863,서울특별시 강북구청,2025-08-12
02-13-23,1,서울특별시 강북구 도봉로50길 12,,37.62545465,127.0274576,2000,한전주,02-901-5863,서울특별시 강북구청,2025-08-12
02-13-22,1,서울특별시 강북구 도봉로50길 8,,37.6253862,127.0271076,2000,,02-901-5863,서울특별시 강북구청,2025-08-12
02-13-21,1,서울특별시 강북구 솔매로50길 24,,37.62530913,127.0272507,2000,,02-901-5863,서울특별시 강북구청,2025-08-12
02-13-20,1,서울특별시 강북구 솔매로50길 25,,37.62535592,127.0275042,2000,,02-901-5863,서울특별시 강북구청,2025-08-12
02-13-19,1,서울특별시 강북구 솔매로50길 30,,37.62511108,127.0273148,2000,,02-901-5863,서울특별시 강북구청,2025-08-12
02-13-18,1,서울특별시 강북구 도봉로 184,,37.62517284,127.0269739,2000,,02-901-5863,서울특별시 강북구청,2025-08-12
02-13-17,1,서울특별시 강북구 솔매로50길 34,,37.62491393,127.0273928,2000,,02-901-5863,서울특별시 강북구청,2025-08-12
02-13-16,1,서울특별시 강북구 솔매로50길 34,,37.62491393,127.0273928,2000,,02-901-5863,서울특별시 강북구청,2025-08-12
02-13-15,1,서울특별시 강북구 솔매로50길 38,,37.62480048,127.0274435,2000,한전주,02-901-5863,서울특별시 강북구청,2025-08-12
02-13-14,1,서울특별시 강북구 도봉로46길 13,,37.62480756,127.0276586,2000,한전주,02-901-5863,서울특별시 강북구청,2025-08-12
02-13-13,1,서울특별시 강북구 도봉로46길 17,,37.62482809,127.0279642,2000,,02-901-5863,서울특별시 강북구청,2025-08-12
02-13-12,1,서울특별시 강북구 솔매로52길 40,,37.62493779,127.0281554,2000,한전주,02-901-5863,서울특별시 강북구청,2025-08-12
02-13-11,1,서울특별시 강북구 솔매로52길 31,,37.62519387,127.0288718,2000,한전주,02-901-5863,서울특별시 강북구청,2025-08-12
02-13-10,1,서울특별시 강북구 솔매로52길 31,,37.62519387,127.0288718,2000,,02-901-5863,서울특별시 강북구청,2025-08-12
02-13-09,1,서울특별시 강북구 솔매로52길 31,,37.62519387,127.0288718,2000,한전주,02-901-5863,서울특별시 강북구청,2025-08-12
02-13-08,1,서울특별시 강북구 도봉로46길 43,,37.62528101,127.0293518,2000,,02-901-5863,서울특별시 강북구청,2025-08-12
02-13-07,1,서울특별시 강북구 솔매로54길 35,,37.62538002,127.0293391,2000,,02-901-5863,서울특별시 강북구청,2025-08-12
02-13-06,1,서울특별시 강북구 솔매로54길 29,,37.62552324,127.0291943,2000,한전주,02-901-5863,서울특별시 강북구청,2025-08-12
02-13-05,1,서울특별시 강북구 도봉로50길 42,,37.62581869,127.0289936,2000,전용주,02-901-5863,서울특별시 강북구청,2025-08-12
02-13-04,1,서울특별시 강북구 솔매로54길 29,,37.62552324,127.0291943,2000,,02-901-5863,서울특별시 강북구청,2025-08-12
02-13-03,1,서울특별시 강북구 솔매로54길 27,,37.62564176,127.0290811,2000,전용주,02-901-5863,서울특별시 강북구청,2025-08-12
02-13-02,1,서울특별시 강북구 도봉로50길 46,,37.62583875,127.0292426,2000,전용주,02-901-5863,서울특별시 강북구청,2025-08-12
02-13-01,1,서울특별시 강북구 도봉로50길 46,,37.62583875,127.0292426,2000,한전주,02-901-5863,서울특별시 강북구청,2025-08-12
02-11-32,1,서울특별시 강북구 솔매로 145,,37.62689797,127.0282334,2000,전용주,02-901-5863,서울특별시 강북구청,2025-08-12
02-11-31,1,서울특별시 강북구 솔매로 143,,37.6268188,127.027893,2000,,02-901-5863,서울특별시 강북구청,2025-08-12
02-10-33,1,서울특별시 강북구 오패산로60길 5,,37.62599713,127.0298591,2000,,02-901-5863,서울특별시 강북구청,2025-08-12
02-10-32,1,서울특별시 강북구 오패산로58길 6,,37.62549537,127.0302034,2000,,02-901-5863,서울특별시 강북구청,2025-08-12
02-04-50,2,서울특별시 강북구 도봉로76길 10,,37.63275397,127.0242923,2000,한전주,02-901-5863,서울특별시 강북구청,2025-08-12
02-02-50,1,서울특별시 강북구 덕릉로 108,,37.63465993,127.0256448,2000,,02-901-5863,서울특별시 강북구청,2025-08-12
01-35-34,1,서울특별시 강북구 인수봉로6길 43,,37.62210967,127.0152329,2000,,02-901-5863,서울특별시 강북구청,2025-08-12
01-32-16,1,서울특별시 강북구 솔샘로31길 6,,37.6205754,127.0127723,2000,건축물,02-901-5863,서울특별시 강북구청,2025-08-12
01-32-15,1,서울특별시 강북구 솔샘로31길 10,,37.62066107,127.0125854,2000,한전주,02-901-5863,서울특별시 강북구청,2025-08-12
01-32-14,1,서울특별시 강북구 솔샘로31길 12,,37.62073722,127.0124576,2000,한전주,02-901-5863,서울특별시 강북구청,2025-08-12
01-32-13,1,서울특별시 강북구 솔샘로31길 12,,37.62079115,127.0124576,2000,건축물,02-901-5863,서울특별시 강북구청,2025-08-12
01-32-13,1,서울특별시 강북구 솔샘로 195,,37.62153282,127.0141303,2000,한전주,02-901-5863,서울특별시 강북구청,2025-08-12
01-32-12,1,서울특별시 강북구 솔샘로31길 12,,37.62073491,127.012453,2000,,02-901-5863,서울특별시 강북구청,2025-08-12
01-32-11,2,서울특별시 강북구 솔샘로31길 10,,37.62066397,127.0125899,2000,한전주,02-901-5863,서울특별시 강북구청,2025-08-12
01-32-10,1,서울특별시 강북구 솔샘로31길 2,,37.62046908,127.0131094,2000,한전주,02-901-5863,서울특별시 강북구청,2025-08-12
01-32-09,1,서울특별시 강북구 솔샘로 195,,37.62153282,127.0141303,2000,전용주,02-901-5863,서울특별시 강북구청,2025-08-12
01-32-08,1,서울특별시 강북구 솔샘로 195,,37.62153282,127.0141303,2000,건축물,02-901-5863,서울특별시 강북구청,2025-08-12
01-32-07,1,서울특별시 강북구 솔샘로 195,,37.62153282,127.0141303,2000,건축물,02-901-5863,서울특별시 강북구청,2025-08-12
01-32-06,1,서울특별시 강북구 솔샘로 195,,37.62153282,127.0141303,2000,건축물,02-901-5863,서울특별시 강북구청,2025-08-12
01-32-05,2,서울특별시 강북구 솔샘로 195,,37.62153282,127.0141303,2000,한전주,02-901-5863,서울특별시 강북구청,2025-08-12
01-31-36,1,서울특별시 강북구 인수봉로6길 30,,37.62166028,127.0142872,2000,건축물,02-901-5863,서울특별시 강북구청,2025-08-12
01-31-35,1,서울특별시 강북구 인수봉로6길 30,,37.62167999,127.0144909,2000,건축물,02-901-5863,서울특별시 강북구청,2025-08-12
01-31-34,1,서울특별시 강북구 인수봉로12길 30,,37.62312121,127.0144379,2000,한전주,02-901-5863,서울특별시 강북구청,2025-08-12
01-31-34,1,서울특별시 강북구 솔샘로35가길 17,,37.62148913,127.0145272,2000,건축물,02-901-5863,서울특별시 강북구청,2025-08-12
01-31-33,1,서울특별시 강북구 인수봉로6길 22,,37.62184599,127.0139313,2000,건축물,02-901-5863,서울특별시 강북구청,2025-08-12
01-31-31,1,서울특별시 강북구 인수봉로8길 31,,37.62320544,127.0137344,2000,,02-901-5863,서울특별시 강북구청,2025-08-12
01-31-31,1,서울특별시 강북구 인수봉로 18,,37.62168525,127.0129615,2000,한전주,02-901-5863,서울특별시 강북구청,2025-08-12
01-31-30,1,서울특별시 강북구 인수봉로6길 43,,37.62211198,127.0152321,2000,한전주,02-901-5863,서울특별시 강북구청,2025-08-12
01-31-30,1,서울특별시 강북구 인수봉로8길 35,,37.62327563,127.0135069,2000,한전주,02-901-5863,서울특별시 강북구청,2025-08-12
01-31-3,1,서울특별시 강북구 인수봉로12길 12,,37.6234745,127.0135836,2000,한전주,02-901-5863,서울특별시 강북구청,2025-08-12
01-31-29,1,서울특별시 강북구 인수봉로 34,,37.62294302,127.0132952,2000,한전주,02-901-5863,서울특별시 강북구청,2025-08-12
01-31-28,1,서울특별시 강북구 인수봉로 34,,37.62294302,127.0132952,2000,한전주,02-901-5863,서울특별시 강북구청,2025-08-12
01-31-27,1,서울특별시 강북구 인수봉로8길 5,,37.62264554,127.0135832,2000,한전주,02-901-5863,서울특별시 강북구청,2025-08-12
01-31-27,2,서울특별시 강북구 인수봉로6길 11,,37.62223092,127.013566,2000,한전주,02-901-5863,서울특별시 강북구청,2025-08-12
01-31-26,1,서울특별시 강북구 인수봉로8길 4,,37.62241823,127.013337,2000,한전주,02-901-5863,서울특별시 강북구청,2025-08-12
01-31-26,1,서울특별시 강북구 인수봉로6길 16,,37.62196531,127.0137304,2000,건축물,02-901-5863,서울특별시 강북구청,2025-08-12
01-31-25,1,서울특별시 강북구 인수봉로 34,,37.62294302,127.0132952,2000,한전주,02-901-5863,서울특별시 강북구청,2025-08-12
01-31-25,1,서울특별시 강북구 인수봉로6길 18,,37.62190105,127.0138196,2000,,02-901-5863,서울특별시 강북구청,2025-08-12
01-31-24,1,서울특별시 강북구 인수봉로6길 18,,37.62190105,127.0138196,2000,건축물,02-901-5863,서울특별시 강북구청,2025-08-12
01-31-23,1,서울특별시 강북구 인수봉로6가길 20,,37.62258037,127.014411,2000,한전주,02-901-5863,서울특별시 강북구청,2025-08-12
01-31-23,1,서울특별시 강북구 인수봉로6길 22,,37.62184654,127.0139336,2000,건축물,02-901-5863,서울특별시 강북구청,2025-08-12
01-31-22,1,서울특별시 강북구 인수봉로6가길 15,,37.62254189,127.0141614,2000,건축물,02-901-5863,서울특별시 강북구청,2025-08-12
01-31-22,1,서울특별시 강북구 인수봉로6길 21,,37.62207319,127.0140939,2000,한전주,02-901-5863,서울특별시 강북구청,2025-08-12
01-31-21,1,서울특별시 강북구 인수봉로6가길 15,,37.62255135,127.0141735,2000,한전주,02-901-5863,서울특별시 강북구청,2025-08-12
01-31-21,1,서울특별시 강북구 인수봉로6길 27,,37.62195768,127.0143015,2000,한전주,02-901-5863,서울특별시 강북구청,2025-08-12
01-31-19,1,서울특별시 강북구 인수봉로6길 29,,37.62190523,127.0144879,2000,건축물,02-901-5863,서울특별시 강북구청,2025-08-12
01-31-18,1,서울특별시 강북구 인수봉로6가길 13,,37.62235457,127.0141456,2000,한전주,02-901-5863,서울특별시 강북구청,2025-08-12
01-31-18,1,서울특별시 강북구 인수봉로6가길 9,,37.62212857,127.0142584,2000,,02-901-5863,서울특별시 강북구청,2025-08-12
01-31-17,1,서울특별시 강북구 인수봉로6가길 7,,37.62226126,127.0139621,2000,한전주,02-901-5863,서울특별시 강북구청,2025-08-12
01-31-15,1,서울특별시 강북구 인수봉로6길 29,,37.62190523,127.0144879,2000,한전주,02-901-5863,서울특별시 강북구청,2025-08-12
01-31-12,1,서울특별시 강북구 인수봉로8길 20,,37.62277763,127.0142952,2000,한전주,02-901-5863,서울특별시 강북구청,2025-08-12
01-31-11,1,서울특별시 강북구 인수봉로6가길 7,,37.62233324,127.0139498,2000,건축물,02-901-5863,서울특별시 강북구청,2025-08-12
01-31-10,1,서울특별시 강북구 인수봉로12길 14,,37.62343058,127.0137201,2000,전용주,02-901-5863,서울특별시 강북구청,2025-08-12
01-31-08,1,서울특별시 강북구 인수봉로6길 30,,37.62175358,127.0146712,2000,건축물,02-901-5863,서울특별시 강북구청,2025-08-12
01-31-04,1,서울특별시 강북구 인수봉로6길 9,,37.62210328,127.0133865,2000,한전주,02-901-5863,서울특별시 강북구청,2025-08-12
01-31-03,1,서울특별시 강북구 인수봉로6길 8,,37.621952,127.0134565,2000,한전주,02-901-5863,서울특별시 강북구청,2025-08-12
01-31-02,1,서울특별시 강북구 인수봉로 18,,37.62168525,127.0129615,2000,전용주,02-901-5863,서울특별시 강북구청,2025-08-12
01-31-01,1,서울특별시 강북구 인수봉로 18,,37.62168525,127.0129615,2000,전용주,02-901-5863,서울특별시 강북구청,2025-08-12
01-30-38,1,서울특별시 강북구 인수봉로6길 33,,37.62194353,127.0147593,2000,한전주,02-901-5863,서울특별시 강북구청,2025-08-12
01-30-37,1,서울특별시 강북구 인수봉로6길 43,,37.62211198,127.0152321,2000,한전주,02-901-5863,서울특별시 강북구청,2025-08-12
01-30-36,1,서울특별시 강북구 인수봉로6길 43,,37.62211198,127.0152321,2000,건축물,02-901-5863,서울특별시 강북구청,2025-08-12
01-30-35,1,서울특별시 강북구 인수봉로6길 43,,37.62211198,127.0152321,2000,한전주,02-901-5863,서울특별시 강북구청,2025-08-12
01-30-33,1,서울특별시 강북구 인수봉로6길 43,,37.62210967,127.0152329,2000,한전주,02-901-5863,서울특별시 강북구청,2025-08-12
01-30-31,1,서울특별시 강북구 인수봉로6길 47,,37.62215188,127.0153315,2000,건축물,02-901-5863,서울특별시 강북구청,2025-08-12
01-30-31,1,서울특별시 강북구 인수봉로6가길 24,,37.62277136,127.0146238,2000,,02-901-5863,서울특별시 강북구청,2025-08-12
01-30-30,1,서울특별시 강북구 인수봉로6길 47,,37.62215188,127.0153315,2000,,02-901-5863,서울특별시 강북구청,2025-08-12
01-30-28,1,서울특별시 강북구 인수봉로6길 47,,37.62215556,127.0153342,2000,건축물,02-901-5863,서울특별시 강북구청,2025-08-12
01-30-28,1,서울특별시 강북구 인수봉로6길 35,,37.62196517,127.0148211,2000,건축물,02-901-5863,서울특별시 강북구청,2025-08-12
01-30-27,1,서울특별시 강북구 인수봉로6길 35,,37.62196517,127.0148211,2000,한전주,02-901-5863,서울특별시 강북구청,2025-08-12
01-30-26,1,서울특별시 강북구 인수봉로6길 59,,37.62234141,127.0160115,2000,한전주,02-901-5863,서울특별시 강북구청,2025-08-12
01-30-25,1,서울특별시 강북구 인수봉로6길 65,,37.62270245,127.016086,2000,한전주,02-901-5863,서울특별시 강북구청,2025-08-12
01-30-22,1,서울특별시 강북구 인수봉로6길 59,,37.6223383,127.0160072,2000,한전주,02-901-5863,서울특별시 강북구청,2025-08-12
01-30-20,1,서울특별시 강북구 인수봉로6길 59,,37.6223383,127.0160072,2000,한전주,02-901-5863,서울특별시 강북구청,2025-08-12
01-30-19,1,서울특별시 강북구 인수봉로12나길 2,,37.62280976,127.0149065,2000,전용주,02-901-5863,서울특별시 강북구청,2025-08-12
01-30-17,1,서울특별시 강북구 인수봉로12나길 5,,37.62312858,127.0153214,2000,전용주,02-901-5863,서울특별시 강북구청,2025-08-12
01-30-16,1,서울특별시 강북구 인수봉로12나길 5,,37.62312858,127.0153214,2000,,02-901-5863,서울특별시 강북구청,2025-08-12
01-30-14,1,서울특별시 강북구 인수봉로12나길 11,,37.62295094,127.0156296,2000,,02-901-5863,서울특별시 강북구청,2025-08-12
01-30-13,1,서울특별시 강북구 인수봉로12나길 17,,37.62285287,127.0157555,2000,건축물,02-901-5863,서울특별시 강북구청,2025-08-12
01-30-08,1,서울특별시 강북구 인수봉로12길 52,,37.62313056,127.0155593,2000,건축물,02-901-5863,서울특별시 강북구청,2025-08-12
01-30-08,1,서울특별시 강북구 인수봉로12나길 22,,37.62279084,127.0158809,2000,건축물,02-901-5863,서울특별시 강북구청,2025-08-12
01-30-07,1,서울특별시 강북구 인수봉로12나길 24,,37.62280127,127.0160507,2000,건축물,02-901-5863,서울특별시 강북구청,2025-08-12
01-30-06,1,서울특별시 강북구 인수봉로12나길 26,,37.62274816,127.0161647,2000,건축물,02-901-5863,서울특별시 강북구청,2025-08-12
01-30-05,1,서울특별시 강북구 인수봉로6길 47,,37.62215188,127.0153315,2000,전용주,02-901-5863,서울특별시 강북구청,2025-08-12
01-30-05,1,서울특별시 강북구 인수봉로12길 58,,37.62298764,127.0157084,2000,건축물,02-901-5863,서울특별시 강북구청,2025-08-12
01-30-04,1,서울특별시 강북구 인수봉로6길 47,,37.62215188,127.0153315,2000,,02-901-5863,서울특별시 강북구청,2025-08-12
01-30-03,1,서울특별시 강북구 인수봉로12길 34,,37.62308876,127.0148688,2000,한전주,02-901-5863,서울특별시 강북구청,2025-08-12
01-30-02,1,서울특별시 강북구 인수봉로6가길 28,,37.62288905,127.0146902,2000,한전주,02-901-5863,서울특별시 강북구청,2025-08-12
01-29-36,1,서울특별시 강북구 솔샘로43길 23,,37.62125458,127.0164222,2000,한전주,02-901-5863,서울특별시 강북구청,2025-08-12
01-29-32,1,서울특별시 강북구 솔샘로35길 25,,37.6214672,127.0147587,2000,,02-901-5863,서울특별시 강북구청,2025-08-12
01-29-30,1,서울특별시 강북구 솔샘로 211,,37.62022611,127.0160311,2000,건축물,02-901-5863,서울특별시 강북구청,2025-08-12
01-29-29,1,서울특별시 강북구 솔샘로43길 27,,37.62142359,127.0164466,2000,건축물,02-901-5863,서울특별시 강북구청,2025-08-12
01-29-28,1,서울특별시 강북구 솔샘로 211,,37.62022611,127.0160311,2000,건축물,02-901-5863,서울특별시 강북구청,2025-08-12
01-29-27,1,서울특별시 강북구 솔샘로 211,,37.62022611,127.0160856,2000,건축물,02-901-5863,서울특별시 강북구청,2025-08-12
01-29-26,1,서울특별시 강북구 솔샘로 211,,37.62022611,127.0160311,2000,건축물,02-901-5863,서울특별시 강북구청,2025-08-12
01-29-24,1,서울특별시 강북구 솔샘로 207,,37.62027265,127.0156218,2000,건축물,02-901-5863,서울특별시 강북구청,2025-08-12
01-29-23,1,서울특별시 강북구 솔샘로 205,,37.62026565,127.0154672,2000,건축물,02-901-5863,서울특별시 강북구청,2025-08-12
01-29-23,1,서울특별시 강북구 솔샘로 207,,37.62027265,127.0156218,2000,건축물,02-901-5863,서울특별시 강북구청,2025-08-12
01-29-22,1,서울특별시 강북구 솔샘로43길 27,,37.62142359,127.0164466,2000,전용주,02-901-5863,서울특별시 강북구청,2025-08-12
01-29-21,1,서울특별시 강북구 솔샘로 207,,37.62027265,127.0156218,2000,한전주,02-901-5863,서울특별시 강북구청,2025-08-12
01-29-20,1,서울특별시 강북구 솔샘로 203,,37.62030885,127.0151301,2000,건축물,02-901-5863,서울특별시 강북구청,2025-08-12
01-29-20,1,서울특별시 강북구 솔샘로 207,,37.62027265,127.0156218,2000,한전주,02-901-5863,서울특별시 강북구청,2025-08-12
01-29-19,1,서울특별시 강북구 솔샘로 205,,37.62026565,127.0154672,2000,,02-901-5863,서울특별시 강북구청,2025-08-12
01-29-18,1,서울특별시 강북구 솔샘로43길 27,,37.62143301,127.0164466,2000,건축물,02-901-5863,서울특별시 강북구청,2025-08-12
01-29-17,1,서울특별시 강북구 솔샘로 203,,37.62030885,127.0151301,2000,전용주,02-901-5863,서울특별시 강북구청,2025-08-12
01-29-17,1,서울특별시 강북구 솔샘로 205,,37.62026565,127.0154672,2000,건축물,02-901-5863,서울특별시 강북구청,2025-08-12
01-29-16,1,서울특별시 강북구 솔샘로 203,,37.62030885,127.0151301,2000,건축물,02-901-5863,서울특별시 강북구청,2025-08-12
01-29-15,1,서울특별시 강북구 솔샘로 203,,37.62030885,127.0151301,2000,한전주,02-901-5863,서울특별시 강북구청,2025-08-12
01-29-13,1,서울특별시 강북구 솔샘로 203,,37.62030885,127.0151301,2000,건축물,02-901-5863,서울특별시 강북구청,2025-08-12
01-29-11,1,서울특별시 강북구 솔샘로35길 26,,37.62139447,127.0149185,2000,,02-901-5863,서울특별시 강북구청,2025-08-12
01-29-10,1,서울특별시 강북구 솔샘로 199,,37.6203398,127.0147848,2000,건축물,02-901-5863,서울특별시 강북구청,2025-08-12
01-29-09,1,서울특별시 강북구 솔샘로 199,,37.6203398,127.0147848,2000,한전주,02-901-5863,서울특별시 강북구청,2025-08-12
01-29-08,1,서울특별시 강북구 솔샘로35길 26,,37.62139519,127.0149138,2000,한전주,02-901-5863,서울특별시 강북구청,2025-08-12
01-29-08,1,서울특별시 강북구 솔샘로 199,,37.6203398,127.0147848,2000,,02-901-5863,서울특별시 강북구청,2025-08-12
01-29-07,1,서울특별시 강북구 솔샘로35길 26,,37.62139447,127.0149571,2000,건축물,02-901-5863,서울특별시 강북구청,2025-08-12
01-29-06,2,서울특별시 강북구 솔샘로35길 21,,37.62124934,127.0147118,2000,한전주,02-901-5863,서울특별시 강북구청,2025-08-12
01-29-04,1,서울특별시 강북구 솔샘로35가길 15,,37.62142754,127.0144716,2000,건축물,02-901-5863,서울특별시 강북구청,2025-08-12
01-29-04,1,서울특별시 강북구 솔샘로35가길 16,,37.62140193,127.0146418,2000,한전주,02-901-5863,서울특별시 강북구청,2025-08-12
01-29-03,1,서울특별시 강북구 솔샘로35가길 14,,37.62124849,127.0146098,2000,한전주,02-901-5863,서울특별시 강북구청,2025-08-12
01-29-02,1,서울특별시 강북구 솔샘로35가길 10,,37.62108623,127.0145964,2000,건축물,02-901-5863,서울특별시 강북구청,2025-08-12
01-29-01,2,서울특별시 강북구 솔샘로35가길 5,,37.62092264,127.0144329,2000,,02-901-5863,서울특별시 강북구청,2025-08-12
01-28-30,1,서울특별시 강북구 솔샘로43길 13,,37.62068642,127.0163617,2000,건축물,02-901-5863,서울특별시 강북구청,2025-08-12
01-28-29,1,서울특별시 강북구 솔샘로43길 3,,37.6203527,127.0163208,2000,한전주,02-901-5863,서울특별시 강북구청,2025-08-12
01-28-28,1,서울특별시 강북구 솔샘로 211,,37.62022412,127.016028,2000,건축물,02-901-5863,서울특별시 강북구청,2025-08-12
01-28-27,1,서울특별시 강북구 솔샘로 211,,37.62022611,127.0160311,2000,건축물,02-901-5863,서울특별시 강북구청,2025-08-12
01-28-26,1,서울특별시 강북구 솔샘로 211,,37.62022611,127.0160579,2000,건축물,02-901-5863,서울특별시 강북구청,2025-08-12
01-28-25,1,서울특별시 강북구 솔샘로 211,,37.62022611,127.0160789,2000,건축물,02-901-5863,서울특별시 강북구청,2025-08-12
01-28-24,1,서울특별시 강북구 솔샘로 211,,37.62022611,127.0160311,2000,한전주,02-901-5863,서울특별시 강북구청,2025-08-12
01-28-23,1,서울특별시 강북구 솔샘로 207,,37.62027265,127.0156218,2000,한전주,02-901-5863,서울특별시 강북구청,2025-08-12
01-28-22,1,서울특별시 강북구 솔샘로 207,,37.62027265,127.0156218,2000,,02-901-5863,서울특별시 강북구청,2025-08-12
01-28-21,1,서울특별시 강북구 솔샘로 207,,37.62027265,127.0156218,2000,건축물,02-901-5863,서울특별시 강북구청,2025-08-12
01-28-20,1,서울특별시 강북구 솔샘로 207,,37.62027265,127.0156218,2000,한전주,02-901-5863,서울특별시 강북구청,2025-08-12
01-28-19,1,서울특별시 강북구 솔샘로 207,,37.62027265,127.0156218,2000,,02-901-5863,서울특별시 강북구청,2025-08-12
01-28-18,1,서울특별시 강북구 솔샘로 205,,37.62026565,127.0154818,2000,,02-901-5863,서울특별시 강북구청,2025-08-12
01-28-17,1,서울특별시 강북구 솔샘로 205,,37.62026565,127.0154672,2000,건축물,02-901-5863,서울특별시 강북구청,2025-08-12
01-28-16,1,서울특별시 강북구 솔샘로 205,,37.62026565,127.0154672,2000,건축물,02-901-5863,서울특별시 강북구청,2025-08-12
01-28-15,1,서울특별시 강북구 솔샘로 205,,37.62026565,127.0154672,2000,건축물,02-901-5863,서울특별시 강북구청,2025-08-12
01-28-13,2,서울특별시 강북구 솔샘로 199,,37.62038595,127.0147848,2000,한전주,02-901-5863,서울특별시 강북구청,2025-08-12
01-28-12,1,서울특별시 강북구 솔샘로 203,,37.62030885,127.0151301,2000,한전주,02-901-5863,서울특별시 강북구청,2025-08-12
01-28-11,1,서울특별시 강북구 솔샘로 199,,37.62038595,127.0147848,2000,한전주,02-901-5863,서울특별시 강북구청,2025-08-12
01-28-09,1,서울특별시 강북구 솔샘로 199,,37.6203398,127.0147848,2000,건축물,02-901-5863,서울특별시 강북구청,2025-08-12
01-28-08,1,서울특별시 강북구 솔샘로 199,,37.6203398,127.0147848,2000,,02-901-5863,서울특별시 강북구청,2025-08-12
01-28-07,1,서울특별시 강북구 솔샘로 199,,37.6203398,127.0147848,2000,한전주,02-901-5863,서울특별시 강북구청,2025-08-12
01-28-06,1,서울특별시 강북구 솔샘로35길 3,,37.62046467,127.0146202,2000,한전주,02-901-5863,서울특별시 강북구청,2025-08-12
01-28-05,1,서울특별시 강북구 솔샘로35길 8,,37.62062854,127.0148219,2000,,02-901-5863,서울특별시 강북구청,2025-08-12
01-28-04,1,서울특별시 강북구 솔샘로35길 11,,37.62083444,127.0146606,2000,한전주,02-901-5863,서울특별시 강북구청,2025-08-12
01-28-03,1,서울특별시 강북구 솔샘로 195,,37.62153242,127.0141334,2000,건축물,02-901-5863,서울특별시 강북구청,2025-08-12
01-28-02,1,서울특별시 강북구 솔샘로 195,,37.62153242,127.0141334,2000,건축물,02-901-5863,서울특별시 강북구청,2025-08-12
01-28-01,1,서울특별시 강북구 솔샘로35가길 3,,37.62082344,127.0145413,2000,건축물,02-901-5863,서울특별시 강북구청,2025-08-12
01-27-35,1,서울특별시 강북구 솔샘로47길 15,,37.62073772,127.0181962,2000,건축물,02-901-5863,서울특별시 강북구청,2025-08-12
01-27-34,1,서울특별시 강북구 솔샘로47길 21,,37.62102489,127.0180565,2000,한전주,02-901-5863,서울특별시 강북구청,2025-08-12
01-27-33,1,서울특별시 강북구 솔샘로47길 21,,37.62102489,127.0180565,2000,,02-901-5863,서울특별시 강북구청,2025-08-12
01-27-32,1,서울특별시 강북구 솔샘로47길 21,,37.62102489,127.0180565,2000,전용주,02-901-5863,서울특별시 강북구청,2025-08-12
01-27-31,1,서울특별시 강북구 솔샘로47길 27,,37.62122122,127.018017,2000,건축물,02-901-5863,서울특별시 강북구청,2025-08-12
01-27-30,1,서울특별시 강북구 솔샘로47길 27,,37.62122096,127.018017,2000,건축물,02-901-5863,서울특별시 강북구청,2025-08-12
01-27-29,1,서울특별시 강북구 솔샘로47가길 8,,37.62068651,127.0179269,2000,한전주,02-901-5863,서울특별시 강북구청,2025-08-12
01-27-28,1,서울특별시 강북구 솔샘로47가길 14,,37.62070504,127.0175169,2000,한전주,02-901-5863,서울특별시 강북구청,2025-08-12
01-27-27,1,서울특별시 강북구 솔샘로47가길 12,,37.62069385,127.0176962,2000,건축물,02-901-5863,서울특별시 강북구청,2025-08-12
01-27-25,1,서울특별시 강북구 솔샘로47길 27,,37.62122096,127.018017,2000,한전주,02-901-5863,서울특별시 강북구청,2025-08-12
01-27-23,2,서울특별시 강북구 솔샘로47길 33,,37.62139221,127.0177986,2000,한전주,02-901-5863,서울특별시 강북구청,2025-08-12
01-27-22,1,서울특별시 강북구 솔샘로47길 35,,37.6215357,127.0177213,2000,한전주,02-901-5863,서울특별시 강북구청,2025-08-12
01-27-21,1,서울특별시 강북구 삼양로41길 41,,37.62165282,127.0177197,2000,한전주,02-901-5863,서울특별시 강북구청,2025-08-12
01-27-20,2,서울특별시 강북구 삼양로41길 43,,37.62174178,127.0175826,2000,,02-901-5863,서울특별시 강북구청,2025-08-12
01-27-19,1,서울특별시 강북구 삼양로41길 52,,37.62178391,127.0172309,2000,한전주,02-901-5863,서울특별시 강북구청,2025-08-12
01-27-18,1,서울특별시 강북구 솔샘로47길 24,,37.62114455,127.0183608,2000,한전주,02-901-5863,서울특별시 강북구청,2025-08-12
01-27-18,1,서울특별시 강북구 삼양로41길 52,,37.62178391,127.0172309,2000,,02-901-5863,서울특별시 강북구청,2025-08-12
01-27-17,2,서울특별시 강북구 삼양로41길 49,,37.62128004,127.0173168,2000,한전주,02-901-5863,서울특별시 강북구청,2025-08-12
01-27-16,1,서울특별시 강북구 삼양로41길 53,,37.62150424,127.0171893,2000,건축물,02-901-5863,서울특별시 강북구청,2025-08-12
01-27-15,1,서울특별시 강북구 솔샘로 217,,37.62016708,127.0167618,2000,건축물,02-901-5863,서울특별시 강북구청,2025-08-12
01-27-14,1,서울특별시 강북구 솔샘로 217,,37.62016708,127.0167618,2000,건축물,02-901-5863,서울특별시 강북구청,2025-08-12
01-27-13,1,서울특별시 강북구 솔샘로47길 38,,37.6215647,127.0179588,2000,건축물,02-901-5863,서울특별시 강북구청,2025-08-12
01-27-13,1,서울특별시 강북구 솔샘로 217,,37.62016708,127.0167618,2000,건축물,02-901-5863,서울특별시 강북구청,2025-08-12
01-27-12,1,서울특별시 강북구 솔샘로 217,,37.62016708,127.0167618,2000,건축물,02-901-5863,서울특별시 강북구청,2025-08-12
01-27-11,1,서울특별시 강북구 솔샘로 217,,37.62016708,127.0167618,2000,건축물,02-901-5863,서울특별시 강북구청,2025-08-12
01-27-10,1,서울특별시 강북구 솔샘로 215,,37.6202008,127.0166087,2000,건축물,02-901-5863,서울특별시 강북구청,2025-08-12
01-27-09,1,서울특별시 강북구 솔샘로 215,,37.6202008,127.0166087,2000,,02-901-5863,서울특별시 강북구청,2025-08-12
01-27-08,1,서울특별시 강북구 솔샘로 215,,37.6202008,127.0166087,2000,한전주,02-901-5863,서울특별시 강북구청,2025-08-12
01-27-07,1,서울특별시 강북구 솔샘로 215,,37.6202008,127.0166087,2000,건축물,02-901-5863,서울특별시 강북구청,2025-08-12
01-27-06,2,서울특별시 강북구 삼양로41길 61,,37.62150094,127.0167928,2000,한전주,02-901-5863,서울특별시 강북구청,2025-08-12
01-27-05,1,서울특별시 강북구 솔샘로43길 28,,37.6213733,127.0166132,2000,한전주,02-901-5863,서울특별시 강북구청,2025-08-12
01-27-04,1,서울특별시 강북구 솔샘로43길 22,,37.62112986,127.0165938,2000,건축물,02-901-5863,서울특별시 강북구청,2025-08-12
01-27-04,1,서울특별시 강북구 솔샘로47가길 12,,37.62069385,127.0176788,2000,한전주,02-901-5863,서울특별시 강북구청,2025-08-12
01-27-03,1,서울특별시 강북구 솔샘로43길 20,,37.62099331,127.0165837,2000,건축물,02-901-5863,서울특별시 강북구청,2025-08-12
01-27-02,1,서울특별시 강북구 솔샘로43길 18,,37.6209585,127.0165734,2000,건축물,02-901-5863,서울특별시 강북구청,2025-08-12
01-27-01,1,서울특별시 강북구 솔샘로 231,,37.62017173,127.0183962,2000,건축물,02-901-5863,서울특별시 강북구청,2025-08-12
01-27-01,1,서울특별시 강북구 솔샘로43길 16,,37.62087732,127.0165631,2000,건축물,02-901-5863,서울특별시 강북구청,2025-08-12
01-26-19,1,서울특별시 강북구 솔샘로47가길 11,,37.62058339,127.0176496,2000,건축물,02-901-5863,서울특별시 강북구청,2025-08-12
01-26-18,1,서울특별시 강북구 솔샘로47가길 11,,37.62058339,127.0176496,2000,건축물,02-901-5863,서울특별시 강북구청,2025-08-12
01-26-17,1,서울특별시 강북구 솔샘로47가길 5,,37.62052843,127.0179497,2000,한전주,02-901-5863,서울특별시 강북구청,2025-08-12
01-26-16,1,서울특별시 강북구 솔샘로47가길 5,,37.62052843,127.0179497,2000,건축물,02-901-5863,서울특별시 강북구청,2025-08-12
01-26-15,1,서울특별시 강북구 솔샘로47길 9,,37.62047456,127.0181505,2000,한전주,02-901-5863,서울특별시 강북구청,2025-08-12
01-26-14,1,서울특별시 강북구 솔샘로 227,,37.62011221,127.0179731,2000,전용주,02-901-5863,서울특별시 강북구청,2025-08-12
01-26-13,1,서울특별시 강북구 솔샘로 227,,37.62011221,127.0179731,2000,한전주,02-901-5863,서울특별시 강북구청,2025-08-12
01-26-12,1,서울특별시 강북구 솔샘로 227,,37.62011221,127.0179731,2000,,02-901-5863,서울특별시 강북구청,2025-08-12
01-26-11,1,서울특별시 강북구 솔샘로 219,,37.62016181,127.0171919,2000,건축물,02-901-5863,서울특별시 강북구청,2025-08-12
01-26-10,1,서울특별시 강북구 삼양로35가길 6,,37.62065107,127.0198332,2000,한전주,02-901-5863,서울특별시 강북구청,2025-08-12
01-26-10,1,서울특별시 강북구 솔샘로 219,,37.62016181,127.0171027,2000,건축물,02-901-5863,서울특별시 강북구청,2025-08-12
01-26-09,1,서울특별시 강북구 솔샘로47나길 6,,37.62067307,127.0186176,2000,건축물,02-901-5863,서울특별시 강북구청,2025-08-12
01-26-09,2,서울특별시 강북구 솔샘로 217,,37.62016708,127.0167618,2000,한전주,02-901-5863,서울특별시 강북구청,2025-08-12
01-26-08,1,서울특별시 강북구 솔샘로 217,,37.62016708,127.0167618,2000,건축물,02-901-5863,서울특별시 강북구청,2025-08-12
01-26-07,1,서울특별시 강북구 삼양로35가길 14,,37.62096358,127.0195436,2000,건축물,02-901-5863,서울특별시 강북구청,2025-08-12
01-26-07,1,서울특별시 강북구 솔샘로 217,,37.62016708,127.0167618,2000,건축물,02-901-5863,서울특별시 강북구청,2025-08-12
01-26-06,1,서울특별시 강북구 솔샘로 215,,37.6202008,127.016627,2000,건축물,02-901-5863,서울특별시 강북구청,2025-08-12
01-26-05,1,서울특별시 강북구 삼양로35가길 14,,37.62096358,127.0195436,2000,한전주,02-901-5863,서울특별시 강북구청,2025-08-12
01-26-05,1,서울특별시 강북구 솔샘로 215,,37.6202008,127.0166362,2000,건축물,02-901-5863,서울특별시 강북구청,2025-08-12
01-26-04,1,서울특별시 강북구 솔샘로43길 12,,37.62065284,127.0165314,2000,한전주,02-901-5863,서울특별시 강북구청,2025-08-12
01-26-03,1,서울특별시 강북구 삼양로39길 4,,37.62138446,127.0201248,2000,건축물,02-901-5863,서울특별시 강북구청,2025-08-12
01-26-03,1,서울특별시 강북구 솔샘로43길 12,,37.62066081,127.016532,2000,한전주,02-901-5863,서울특별시 강북구청,2025-08-12
01-26-02,1,서울특별시 강북구 삼양로39길 6,,37.62128573,127.0201714,2000,한전주,02-901-5863,서울특별시 강북구청,2025-08-12
01-26-02,1,서울특별시 강북구 솔샘로43길 12,,37.62066081,127.016532,2000,건축물,02-901-5863,서울특별시 강북구청,2025-08-12
01-26-01,1,서울특별시 강북구 솔샘로43길 8,,37.62050237,127.0165228,2000,건축물,02-901-5863,서울특별시 강북구청,2025-08-12
01-25-20,1,서울특별시 강북구 솔샘로35가길 20,,37.62157057,127.0145638,2000,한전주,02-901-5863,서울특별시 강북구청,2025-08-12
01-25-19,1,서울특별시 강북구 솔샘로35가길 20,,37.62157057,127.0145638,2000,한전주,02-901-5863,서울특별시 강북구청,2025-08-12
01-25-18,1,서울특별시 강북구 솔샘로35가길 20,,37.62157057,127.0145638,2000,건축물,02-901-5863,서울특별시 강북구청,2025-08-12
01-25-17,1,서울특별시 강북구 솔샘로35가길 20,,37.62157057,127.0145638,2000,건축물,02-901-5863,서울특별시 강북구청,2025-08-12
01-25-16,1,서울특별시 강북구 인수봉로6길 30,,37.62175358,127.0146712,2000,건축물,02-901-5863,서울특별시 강북구청,2025-08-12
01-25-15,1,서울특별시 강북구 인수봉로6길 32,,37.62181646,127.0146477,2000,한전주,02-901-5863,서울특별시 강북구청,2025-08-12
01-25-14,1,서울특별시 강북구 인수봉로6길 42,,37.6218972,127.0151085,2000,한전주,02-901-5863,서울특별시 강북구청,2025-08-12
01-25-13,1,서울특별시 강북구 인수봉로6길 46,,37.62198373,127.0152572,2000,건축물,02-901-5863,서울특별시 강북구청,2025-08-12
01-25-11,1,서울특별시 강북구 삼양로41길 85,,37.62185093,127.0154932,2000,건축물,02-901-5863,서울특별시 강북구청,2025-08-12
01-25-09,1,서울특별시 강북구 삼양로41길 83,,37.62180316,127.0156662,2000,건축물,02-901-5863,서울특별시 강북구청,2025-08-12
01-25-06,1,서울특별시 강북구 삼양로41길 73,,37.62152982,127.0159315,2000,건축물,02-901-5863,서울특별시 강북구청,2025-08-12
01-25-05,1,서울특별시 강북구 삼양로41길 73,,37.62152982,127.0159315,2000,한전주,02-901-5863,서울특별시 강북구청,2025-08-12
01-25-04,1,서울특별시 강북구 삼양로41길 73,,37.62152982,127.0159315,2000,한전주,02-901-5863,서울특별시 강북구청,2025-08-12
01-25-03,1,서울특별시 강북구 삼양로41길 68,,37.62174175,127.0164951,2000,건축물,02-901-5863,서울특별시 강북구청,2025-08-12
01-25-01,1,서울특별시 강북구 삼양로41길 66,,37.62164293,127.0165304,2000,건축물,02-901-5863,서울특별시 강북구청,2025-08-12
01-24-47,1,서울특별시 강북구 삼양로41길 72,,37.6217136,127.0162952,2000,전용주,02-901-5863,서울특별시 강북구청,2025-08-12
01-24-45,1,서울특별시 강북구 삼양로41길 78,,37.62193571,127.0159828,2000,한전주,02-901-5863,서울특별시 강북구청,2025-08-12
01-24-44,1,서울특별시 강북구 삼양로41길 88,,37.62205094,127.0157547,2000,건축물,02-901-5863,서울특별시 강북구청,2025-08-12
01-24-42,1,서울특별시 강북구 인수봉로6길 58,,37.62220532,127.0159248,2000,건축물,02-901-5863,서울특별시 강북구청,2025-08-12
01-24-38,1,서울특별시 강북구 인수봉로6나길 3,,37.62233599,127.016442,2000,,02-901-5863,서울특별시 강북구청,2025-08-12
01-24-36,1,서울특별시 강북구 인수봉로6나길 10,,37.62205162,127.0165044,2000,건축물,02-901-5863,서울특별시 강북구청,2025-08-12
01-24-33,1,서울특별시 강북구 인수봉로6나길 16,,37.62220662,127.0169199,2000,건축물,02-901-5863,서울특별시 강북구청,2025-08-12
01-24-32,1,서울특별시 강북구 인수봉로6나길 18,,37.62225042,127.0169869,2000,건축물,02-901-5863,서울특별시 강북구청,2025-08-12
01-24-31,1,서울특별시 강북구 인수봉로6나길 21,,37.62247603,127.0170292,2000,건축물,02-901-5863,서울특별시 강북구청,2025-08-12
01-24-30,1,서울특별시 강북구 인수봉로6길 68,,37.62244051,127.0163857,2000,한전주,02-901-5863,서울특별시 강북구청,2025-08-12
01-24-29,1,서울특별시 강북구 인수봉로6길 68,,37.62244051,127.0163857,2000,한전주,02-901-5863,서울특별시 강북구청,2025-08-12
01-24-28,1,서울특별시 강북구 인수봉로6길 68,,37.62244051,127.0163857,2000,,02-901-5863,서울특별시 강북구청,2025-08-12
01-24-28,1,서울특별시 강북구 삼양로41가길 15,,37.62237777,127.0171325,2000,한전주,02-901-5863,서울특별시 강북구청,2025-08-12
01-24-25,1,서울특별시 강북구 인수봉로6길 72,,37.62272339,127.0164369,2000,한전주,02-901-5863,서울특별시 강북구청,2025-08-12
01-24-23,1,서울특별시 강북구 삼양로47길 39,,37.62269075,127.0168451,2000,한전주,02-901-5863,서울특별시 강북구청,2025-08-12
01-24-21,1,서울특별시 강북구 인수봉로6나길 21,,37.62247411,127.0170293,2000,건축물,02-901-5863,서울특별시 강북구청,2025-08-12
01-24-19,1,서울특별시 강북구 삼양로43길 27,,37.62222389,127.0182688,2000,건축물,02-901-5863,서울특별시 강북구청,2025-08-12
01-24-19,1,서울특별시 강북구 삼양로41길 74,,37.62184769,127.0162332,2000,건축물,02-901-5863,서울특별시 강북구청,2025-08-12
01-24-18,1,서울특별시 강북구 삼양로43길 31,,37.62233153,127.0180733,2000,한전주,02-901-5863,서울특별시 강북구청,2025-08-12
01-24-16,1,서울특별시 강북구 삼양로43길 33,,37.62233693,127.0179938,2000,건축물,02-901-5863,서울특별시 강북구청,2025-08-12
01-24-11,1,서울특별시 강북구 삼양로43길 37,,37.62237634,127.017735,2000,건축물,02-901-5863,서울특별시 강북구청,2025-08-12
01-24-09,1,서울특별시 강북구 삼양로41가길 11,,37.62226075,127.0171453,2000,전용주,02-901-5863,서울특별시 강북구청,2025-08-12
01-24-05,1,서울특별시 강북구 삼양로41가길 3,,37.62188919,127.0168897,2000,한전주,02-901-5863,서울특별시 강북구청,2025-08-12
01-24-04,2,서울특별시 강북구 삼양로41가길 9,,37.62212551,127.0171358,2000,한전주,02-901-5863,서울특별시 강북구청,2025-08-12
01-24-02,1,서울특별시 강북구 삼양로41길 40,,37.62196064,127.0178969,2000,한전주,02-901-5863,서울특별시 강북구청,2025-08-12
01-24-01,1,서울특별시 강북구 삼양로41길 36,,37.62198861,127.0180098,2000,건축물,02-901-5863,서울특별시 강북구청,2025-08-12
01-23-31,2,서울특별시 강북구 삼양로49길 17,,37.62321655,127.0161472,2000,한전주,02-901-5863,서울특별시 강북구청,2025-08-12
01-23-20,1,서울특별시 강북구 삼양로47길 17,,37.62274512,127.0179659,2000,건축물,02-901-5863,서울특별시 강북구청,2025-08-12
01-23-19,1,서울특별시 강북구 삼양로47길 18,,37.62300677,127.0180078,2000,한전주,02-901-5863,서울특별시 강북구청,2025-08-12
01-23-18,1,서울특별시 강북구 삼양로47길 24,,37.6229955,127.0177361,2000,한전주,02-901-5863,서울특별시 강북구청,2025-08-12
01-23-17,1,서울특별시 강북구 삼양로47길 26,,37.62287706,127.017579,2000,한전주,02-901-5863,서울특별시 강북구청,2025-08-12
01-23-16,1,서울특별시 강북구 삼양로49길 18,,37.62348191,127.0177183,2000,전용주,02-901-5863,서울특별시 강북구청,2025-08-12
01-23-15,1,서울특별시 강북구 삼양로47길 32,,37.62279041,127.0173243,2000,한전주,02-901-5863,서울특별시 강북구청,2025-08-12
01-23-15,1,서울특별시 강북구 삼양로49길 18,,37.62348191,127.0177183,2000,전용주,02-901-5863,서울특별시 강북구청,2025-08-12
01-23-14,1,서울특별시 강북구 삼양로47길 42,,37.62295126,127.0168432,2000,건축물,02-901-5863,서울특별시 강북구청,2025-08-12
01-23-14,1,서울특별시 강북구 삼양로43길 30,,37.62255611,127.017991,2000,건축물,02-901-5863,서울특별시 강북구청,2025-08-12
01-23-13,1,서울특별시 강북구 삼양로47길 50,,37.6230207,127.016433,2000,한전주,02-901-5863,서울특별시 강북구청,2025-08-12
01-23-11,1,서울특별시 강북구 삼양로47길 23,,37.62281268,127.0177769,2000,건축물,02-901-5863,서울특별시 강북구청,2025-08-12
01-23-09,1,서울특별시 강북구 삼양로47길 31,,37.62264055,127.0173103,2000,한전주,02-901-5863,서울특별시 강북구청,2025-08-12
01-23-04,1,서울특별시 강북구 삼양로47길 5,,37.62314374,127.0187243,2000,전용주,02-901-5863,서울특별시 강북구청,2025-08-12
01-23-03,1,서울특별시 강북구 삼양로47길 12,,37.62313572,127.0183459,2000,한전주,02-901-5863,서울특별시 강북구청,2025-08-12
01-22-34,1,서울특별시 강북구 삼양로43길 19,,37.62226492,127.0187312,2000,한전주,02-901-5863,서울특별시 강북구청,2025-08-12
01-22-34,1,서울특별시 강북구 솔샘로47나길 28,,37.62161361,127.0184226,2000,건축물,02-901-5863,서울특별시 강북구청,2025-08-12
01-22-30,1,서울특별시 강북구 삼양로43길 15,,37.62224925,127.0190146,2000,건축물,02-901-5863,서울특별시 강북구청,2025-08-12
01-22-29,1,서울특별시 강북구 삼양로43길 11,,37.62223358,127.019298,2000,한전주,02-901-5863,서울특별시 강북구청,2025-08-12
01-22-28,1,서울특별시 강북구 삼양로41길 14,,37.62197074,127.0192944,2000,건축물,02-901-5863,서울특별시 강북구청,2025-08-12
01-22-27,1,서울특별시 강북구 삼양로41길 10,,37.62206334,127.0194135,2000,건축물,02-901-5863,서울특별시 강북구청,2025-08-12
01-22-26,1,서울특별시 강북구 삼양로43길 5,,37.62221791,127.0195814,2000,한전주,02-901-5863,서울특별시 강북구청,2025-08-12
01-22-25,1,서울특별시 강북구 삼양로 209,,37.62235343,127.019625,2000,,02-901-5863,서울특별시 강북구청,2025-08-12
01-22-24,1,서울특별시 강북구 삼양로39길 6,,37.62128657,127.020169,2000,한전주,02-901-5863,서울특별시 강북구청,2025-08-12
01-22-23,1,서울특별시 강북구 삼양로 197,,37.62140848,127.0202373,2000,건축물,02-901-5863,서울특별시 강북구청,2025-08-12
01-22-22,1,서울특별시 강북구 삼양로 201,,37.62175403,127.0201426,2000,건축물,02-901-5863,서울특별시 강북구청,2025-08-12
01-22-21,1,서울특별시 강북구 삼양로 201,,37.62175403,127.0201426,2000,건축물,02-901-5863,서울특별시 강북구청,2025-08-12
01-22-20,1,서울특별시 강북구 삼양로41길 5,,37.62192839,127.0198447,2000,,02-901-5863,서울특별시 강북구청,2025-08-12
01-22-19,1,서울특별시 강북구 삼양로41길 5,,37.62192839,127.0198447,2000,건축물,02-901-5863,서울특별시 강북구청,2025-08-12
01-22-18,1,서울특별시 강북구 삼양로 203,,37.62197814,127.0200037,2000,,02-901-5863,서울특별시 강북구청,2025-08-12
01-22-17,1,서울특별시 강북구 삼양로41길 17,,37.62183576,127.0191333,2000,한전주,02-901-5863,서울특별시 강북구청,2025-08-12
01-22-17,1,서울특별시 강북구 삼양로41길 4,,37.62210258,127.0197982,2000,,02-901-5863,서울특별시 강북구청,2025-08-12
01-22-16,1,서울특별시 강북구 삼양로41길 24,,37.62198804,127.018723,2000,건축물,02-901-5863,서울특별시 강북구청,2025-08-12
01-22-16,1,서울특별시 강북구 삼양로41길 5,,37.62193177,127.0198457,2000,한전주,02-901-5863,서울특별시 강북구청,2025-08-12
01-22-15,1,서울특별시 강북구 삼양로41길 7,,37.62184853,127.0196768,2000,한전주,02-901-5863,서울특별시 강북구청,2025-08-12
01-22-15,1,서울특별시 강북구 삼양로41길 7,,37.62189383,127.0196024,2000,한전주,02-901-5863,서울특별시 강북구청,2025-08-12
01-22-12,1,서울특별시 강북구 삼양로41길 28,,37.62199238,127.0184629,2000,,02-901-5863,서울특별시 강북구청,2025-08-12
01-22-11,1,서울특별시 강북구 삼양로41길 7,,37.62189383,127.0196768,2000,,02-901-5863,서울특별시 강북구청,2025-08-12
01-22-10,1,서울특별시 강북구 삼양로41길 19,,37.62183537,127.019016,2000,,02-901-5863,서울특별시 강북구청,2025-08-12
01-22-09,2,서울특별시 강북구 삼양로41길 32,,37.62199068,127.018259,2000,한전주,02-901-5863,서울특별시 강북구청,2025-08-12
01-22-08,1,서울특별시 강북구 삼양로41길 23,,37.62182848,127.0187412,2000,,02-901-5863,서울특별시 강북구청,2025-08-12
01-22-07,1,서울특별시 강북구 삼양로41길 20,,37.62197872,127.019017,2000,,02-901-5863,서울특별시 강북구청,2025-08-12
01-22-06,1,서울특별시 강북구 삼양로41길 15,,37.62175467,127.0191344,2000,한전주,02-901-5863,서울특별시 강북구청,2025-08-12
01-22-05,1,서울특별시 강북구 삼양로43길 27,,37.6222849,127.0182688,2000,,02-901-5863,서울특별시 강북구청,2025-08-12
01-22-04,1,서울특별시 강북구 삼양로41길 19,,37.62183537,127.0190108,2000,,02-901-5863,서울특별시 강북구청,2025-08-12
01-22-03,1,서울특별시 강북구 삼양로41길 21,,37.62184242,127.0188467,2000,한전주,02-901-5863,서울특별시 강북구청,2025-08-12
01-22-02,1,서울특별시 강북구 삼양로41길 24,,37.62198804,127.0187222,2000,,02-901-5863,서울특별시 강북구청,2025-08-12
01-22-01,1,서울특별시 강북구 삼양로41길 26,,37.6219753,127.0185764,2000,한전주,02-901-5863,서울특별시 강북구청,2025-08-12
01-21-30,1,서울특별시 강북구 삼양로35길 34,,37.62053482,127.0188742,2000,,02-901-5863,서울특별시 강북구청,2025-08-12
01-21-21,1,서울특별시 강북구 솔샘로47나길 6,,37.62067307,127.0186176,2000,전용주,02-901-5863,서울특별시 강북구청,2025-08-12
01-21-20,1,서울특별시 강북구 삼양로35가길 17,,37.62097217,127.0192985,2000,한전주,02-901-5863,서울특별시 강북구청,2025-08-12
01-21-19,1,서울특별시 강북구 삼양로35가길 17,,37.62097217,127.0192985,2000,한전주,02-901-5863,서울특별시 강북구청,2025-08-12
01-21-17,1,서울특별시 강북구 솔샘로47나길 8,,37.6208038,127.0186362,2000,한전주,02-901-5863,서울특별시 강북구청,2025-08-12
01-21-16,1,서울특별시 강북구 솔샘로47나길 12,,37.62093049,127.0186241,2000,전용주,02-901-5863,서울특별시 강북구청,2025-08-12
01-21-15,1,서울특별시 강북구 솔샘로47나길 12,,37.62093049,127.0186241,2000,건축물,02-901-5863,서울특별시 강북구청,2025-08-12
01-21-14,1,서울특별시 강북구 삼양로35가길 3,,37.62059538,127.0195007,2000,건축물,02-901-5863,서울특별시 강북구청,2025-08-12
01-21-13,1,서울특별시 강북구 솔샘로47나길 4,,37.62051578,127.0185956,2000,한전주,02-901-5863,서울특별시 강북구청,2025-08-12
01-21-12,1,서울특별시 강북구 솔샘로47나길 29,,37.62148606,127.0182543,2000,한전주,02-901-5863,서울특별시 강북구청,2025-08-12
01-21-11,1,서울특별시 강북구 솔샘로47나길 36,,37.62178965,127.0180631,2000,한전주,02-901-5863,서울특별시 강북구청,2025-08-12
01-21-10,1,서울특별시 강북구 솔샘로47나길 26,,37.62156096,127.0185932,2000,한전주,02-901-5863,서울특별시 강북구청,2025-08-12
01-21-09,1,서울특별시 강북구 솔샘로47나길 23,,37.62139813,127.018516,2000,한전주,02-901-5863,서울특별시 강북구청,2025-08-12
01-21-09,1,서울특별시 강북구 솔샘로47나길 22,,37.62137242,127.0186749,2000,건축물,02-901-5863,서울특별시 강북구청,2025-08-12
01-21-08,1,서울특별시 강북구 삼양로35가길 30,,37.62142846,127.0189121,2000,한전주,02-901-5863,서울특별시 강북구청,2025-08-12
01-21-08,1,서울특별시 강북구 솔샘로47나길 14,,37.62106238,127.0186237,2000,건축물,02-901-5863,서울특별시 강북구청,2025-08-12
01-21-06,1,서울특별시 강북구 삼양로35가길 26,,37.62138557,127.0191732,2000,한전주,02-901-5863,서울특별시 강북구청,2025-08-12
01-21-06,1,서울특별시 강북구 솔샘로47나길 8,,37.62080446,127.0186371,2000,한전주,02-901-5863,서울특별시 강북구청,2025-08-12
01-21-05,1,서울특별시 강북구 삼양로35길 34,,37.62053615,127.0188785,2000,건축물,02-901-5863,서울특별시 강북구청,2025-08-12
01-21-04,1,서울특별시 강북구 삼양로35길 28,,37.62055727,127.019252,2000,건축물,02-901-5863,서울특별시 강북구청,2025-08-12
01-21-03,1,서울특별시 강북구 삼양로35길 24,,37.62051373,127.0194339,2000,건축물,02-901-5863,서울특별시 강북구청,2025-08-12
01-21-,1,서울특별시 강북구 솔샘로 233,,37.62042081,127.0190952,2000,,02-901-5863,서울특별시 강북구청,2025-08-12
01-20-31,1,서울특별시 강북구 삼양로35길 16,,37.62040947,127.0198997,2000,한전주,02-901-5863,서울특별시 강북구청,2025-08-12
01-20-30,1,서울특별시 강북구 삼양로35가길 4,,37.62053532,127.019864,2000,전용주,02-901-5863,서울특별시 강북구청,2025-08-12
01-20-28,1,서울특별시 강북구 삼양로41길 7,,37.62189383,127.0196768,2000,건축물,02-901-5863,서울특별시 강북구청,2025-08-12
01-20-25,1,서울특별시 강북구 삼양로35가길 14,,37.62096514,127.0195412,2000,한전주,02-901-5863,서울특별시 강북구청,2025-08-12
01-20-24,1,서울특별시 강북구 삼양로 181,,37.61996398,127.0206707,2000,한전주,02-901-5863,서울특별시 강북구청,2025-08-12
01-20-24,1,서울특별시 강북구 삼양로39길 16,,37.62100221,127.0196653,2000,전용주,02-901-5863,서울특별시 강북구청,2025-08-12
01-20-23,1,서울특별시 강북구 삼양로37길 3,,37.62064794,127.0204063,2000,한전주,02-901-5863,서울특별시 강북구청,2025-08-12
01-20-23,1,서울특별시 강북구 삼양로39길 12,,37.62105777,127.0198458,2000,한전주,02-901-5863,서울특별시 강북구청,2025-08-12
01-20-22,1,서울특별시 강북구 삼양로 181,,37.61997984,127.0206707,2000,건축물,02-901-5863,서울특별시 강북구청,2025-08-12
01-20-21,1,서울특별시 강북구 삼양로37길 17,,37.62034875,127.0201836,2000,건축물,02-901-5863,서울특별시 강북구청,2025-08-12
01-20-21,1,서울특별시 강북구 삼양로39길 8,,37.62114838,127.0200245,2000,건축물,02-901-5863,서울특별시 강북구청,2025-08-12
01-20-20,1,서울특별시 강북구 삼양로 183,,37.62015439,127.0206506,2000,,02-901-5863,서울특별시 강북구청,2025-08-12
01-20-20,1,서울특별시 강북구 삼양로37길 6,,37.62087195,127.0202561,2000,,02-901-5863,서울특별시 강북구청,2025-08-12
01-20-19,1,서울특별시 강북구 삼양로35길 4,,37.62040516,127.0204661,2000,한전주,02-901-5863,서울특별시 강북구청,2025-08-12
01-20-18,1,서울특별시 강북구 삼양로37길 12,,37.62065404,127.020055,2000,전용주,02-901-5863,서울특별시 강북구청,2025-08-12
01-20-16,2,서울특별시 강북구 솔샘로 243,,37.62004094,127.0196727,2000,한전주,02-901-5863,서울특별시 강북구청,2025-08-12
01-20-16,1,서울특별시 강북구 삼양로37길 10,,37.62078908,127.0200419,2000,건축물,02-901-5863,서울특별시 강북구청,2025-08-12
01-20-13,1,서울특별시 강북구 삼양로39길 7,,37.62102399,127.0201182,2000,건축물,02-901-5863,서울특별시 강북구청,2025-08-12
01-20-12,1,서울특별시 강북구 삼양로37길 6,,37.62087444,127.0202539,2000,건축물,02-901-5863,서울특별시 강북구청,2025-08-12
01-20-11,1,서울특별시 강북구 삼양로37길 10,,37.62078708,127.0200442,2000,건축물,02-901-5863,서울특별시 강북구청,2025-08-12
01-20-10,1,서울특별시 강북구 삼양로37길 10,,37.62078768,127.0200442,2000,한전주,02-901-5863,서울특별시 강북구청,2025-08-12
01-20-09,1,서울특별시 강북구 삼양로37길 10,,37.62072508,127.0200442,2000,한전주,02-901-5863,서울특별시 강북구청,2025-08-12
01-20-09,1,서울특별시 강북구 솔샘로47나길 14,,37.62108563,127.0186237,2000,전용주,02-901-5863,서울특별시 강북구청,2025-08-12
01-20-08,1,서울특별시 강북구 삼양로35가길 11,,37.62083807,127.0194296,2000,한전주,02-901-5863,서울특별시 강북구청,2025-08-12
01-20-07,1,서울특별시 강북구 삼양로35길 16,,37.62040947,127.0198997,2000,건축물,02-901-5863,서울특별시 강북구청,2025-08-12
01-20-07,1,서울특별시 강북구 삼양로41길 7,,37.62189383,127.0196768,2000,건축물,02-901-5863,서울특별시 강북구청,2025-08-12
01-20-05,1,서울특별시 강북구 솔샘로47나길 6,,37.62067307,127.0186176,2000,한전주,02-901-5863,서울특별시 강북구청,2025-08-12
01-20-03,1,서울특별시 강북구 삼양로39길 8,,37.62114937,127.0200259,2000,한전주,02-901-5863,서울특별시 강북구청,2025-08-12
01-20-03,1,서울특별시 강북구 솔샘로47나길 8,,37.6208038,127.0186362,2000,건축물,02-901-5863,서울특별시 강북구청,2025-08-12
01-19-09,1,서울특별시 강북구 삼양로 256,,37.62628498,127.0188996,2000,한전주,02-901-5863,서울특별시 강북구청,2025-08-12
01-19-08,1,서울특별시 강북구 삼양로 256,,37.62628498,127.0188996,2000,한전주,02-901-5863,서울특별시 강북구청,2025-08-12
01-19-07,1,서울특별시 강북구 삼양로 256,,37.62628498,127.0188996,2000,한전주,02-901-5863,서울특별시 강북구청,2025-08-12
01-18-50,1,서울특별시 강북구 솔매로 69,,37.6249739,127.0198903,2000,한전주,02-901-5863,서울특별시 강북구청,2025-08-12
01-18-40,1,서울특별시 강북구 솔샘로47가길 18,,37.62071302,127.0173922,2000,,02-901-5863,서울특별시 강북구청,2025-08-12
01-18-38,1,서울특별시 강북구 솔샘로 219,,37.62016181,127.0171027,2000,,02-901-5863,서울특별시 강북구청,2025-08-12
01-18-37,1,서울특별시 강북구 솔샘로 219,,37.62016181,127.0171027,2000,한전주,02-901-5863,서울특별시 강북구청,2025-08-12
01-18-36,1,서울특별시 강북구 솔샘로 219,,37.62016181,127.0171027,2000,건축물,02-901-5863,서울특별시 강북구청,2025-08-12
01-18-05,1,서울특별시 강북구 솔매로 73,,37.62509229,127.0206766,2000,한전주,02-901-5863,서울특별시 강북구청,2025-08-12
01-18-04,1,서울특별시 강북구 솔매로 57,,37.62499438,127.0186501,2000,한전주,02-901-5863,서울특별시 강북구청,2025-08-12
01-18-03,1,서울특별시 강북구 솔매로 59,,37.62498976,127.0188184,2000,한전주,02-901-5863,서울특별시 강북구청,2025-08-12
01-18-02,2,서울특별시 강북구 삼양로 246,,37.62542693,127.0186557,2000,,02-901-5863,서울특별시 강북구청,2025-08-12
01-18-01,1,서울특별시 강북구 삼양로 246,,37.62542693,127.0186557,2000,전용주,02-901-5863,서울특별시 강북구청,2025-08-12
01-16-20,1,서울특별시 강북구 삼양로64길 36,,37.62799299,127.0200467,2000,,02-901-5863,서울특별시 강북구청,2025-08-12
01-16-19,1,서울특별시 강북구 도봉로61길 87,,37.62836194,127.0205431,2000,,02-901-5863,서울특별시 강북구청,2025-08-12
01-16-18,1,서울특별시 강북구 삼양로64길 38,,37.6281155,127.0201611,2000,한전주,02-901-5863,서울특별시 강북구청,2025-08-12
01-16-17,1,서울특별시 강북구 삼양로64길 36,,37.62798176,127.0200467,2000,한전주,02-901-5863,서울특별시 강북구청,2025-08-12
01-16-16,1,서울특별시 강북구 삼양로68길 40,,37.62873874,127.0203456,2000,한전주,02-901-5863,서울특별시 강북구청,2025-08-12
01-16-15,1,서울특별시 강북구 삼양로64길 36,,37.62799299,127.0200467,2000,건축물,02-901-5863,서울특별시 강북구청,2025-08-12
01-16-14,1,서울특별시 강북구 도봉로61길 89,,37.62844647,127.0205136,2000,,02-901-5863,서울특별시 강북구청,2025-08-12
01-16-13,1,서울특별시 강북구 도봉로61길 89,,37.62844284,127.0205194,2000,한전주,02-901-5863,서울특별시 강북구청,2025-08-12
01-16-12,1,서울특별시 강북구 도봉로61길 85,,37.62820728,127.0205891,2000,,02-901-5863,서울특별시 강북구청,2025-08-12
01-16-11,1,서울특별시 강북구 도봉로61길 93,,37.62863138,127.0204376,2000,,02-901-5863,서울특별시 강북구청,2025-08-12
01-16-10,1,서울특별시 강북구 삼양로64길 36,,37.62799299,127.0200467,2000,건축물,02-901-5863,서울특별시 강북구청,2025-08-12
01-16-09,1,서울특별시 강북구 삼양로64길 36,,37.62799299,127.0200467,2000,건축물,02-901-5863,서울특별시 강북구청,2025-08-12
01-16-08,1,서울특별시 강북구 삼양로64길 36,,37.62799299,127.0200467,2000,한전주,02-901-5863,서울특별시 강북구청,2025-08-12
01-16-07,1,서울특별시 강북구 삼양로64길 36,,37.62799299,127.0200467,2000,한전주,02-901-5863,서울특별시 강북구청,2025-08-12
01-16-06,1,서울특별시 강북구 삼양로64길 36,,37.62799299,127.0200467,2000,건축물,02-901-5863,서울특별시 강북구청,2025-08-12
01-16-05,2,서울특별시 강북구 삼양로64길 32,,37.62797857,127.0198016,2000,한전주,02-901-5863,서울특별시 강북구청,2025-08-12
01-16-04,1,서울특별시 강북구 삼양로58가길 23,,37.6278912,127.0202774,2000,한전주,02-901-5863,서울특별시 강북구청,2025-08-12
01-16-03,1,서울특별시 강북구 삼양로58가길 23,,37.62769393,127.0203932,2000,한전주,02-901-5863,서울특별시 강북구청,2025-08-12
01-16-02,2,서울특별시 강북구 삼양로58가길 23,,37.62769393,127.0203932,2000,한전주,02-901-5863,서울특별시 강북구청,2025-08-12
01-16-01,1,서울특별시 강북구 삼양로58가길 31,,37.62769591,127.0206311,2000,건축물,02-901-5863,서울특별시 강북구청,2025-08-12
01-15-10,1,서울특별시 강북구 삼양로64길 20,,37.62767769,127.0195211,2000,한전주,02-901-5863,서울특별시 강북구청,2025-08-12
01-15-09,1,서울특별시 강북구 삼양로58가길 23,,37.62755532,127.0199759,2000,건축물,02-901-5863,서울특별시 강북구청,2025-08-12
01-15-08,1,서울특별시 강북구 삼양로64길 32,,37.62792825,127.0198016,2000,,02-901-5863,서울특별시 강북구청,2025-08-12
01-15-07,1,서울특별시 강북구 삼양로64길 32,,37.62792825,127.0198016,2000,한전주,02-901-5863,서울특별시 강북구청,2025-08-12
01-15-06,1,서울특별시 강북구 삼양로64길 32,,37.62792825,127.0198016,2000,한전주,02-901-5863,서울특별시 강북구청,2025-08-12
01-15-05,1,서울특별시 강북구 삼양로64길 30,,37.62786013,127.0197906,2000,한전주,02-901-5863,서울특별시 강북구청,2025-08-12
01-15-04,1,서울특별시 강북구 삼양로64가길 2,,37.6280025,127.0195735,2000,한전주,02-901-5863,서울특별시 강북구청,2025-08-12
01-15-03,1,서울특별시 강북구 삼양로64길 17,,37.62779133,127.0191005,2000,한전주,02-901-5863,서울특별시 강북구청,2025-08-12
01-15-02,1,서울특별시 강북구 삼양로64길 13,,37.62775417,127.0188295,2000,한전주,02-901-5863,서울특별시 강북구청,2025-08-12
01-15-01,1,서울특별시 강북구 삼양로64길 3,,37.6275872,127.0183894,2000,한전주,02-901-5863,서울특별시 강북구청,2025-08-12
01-14-31,1,서울특별시 강북구 삼양로68길 38,,37.6286554,127.0200748,2000,,02-901-5863,서울특별시 강북구청,2025-08-12
01-14-30,1,서울특별시 강북구 삼양로64길 42,,37.6283046,127.0201473,2000,한전주,02-901-5863,서울특별시 강북구청,2025-08-12
01-14-29,1,서울특별시 강북구 삼양로68길 36,,37.62864555,127.0199729,2000,한전주,02-901-5863,서울특별시 강북구청,2025-08-12
01-14-28,1,서울특별시 강북구 삼양로68길 34,,37.62862696,127.0198713,2000,,02-901-5863,서울특별시 강북구청,2025-08-12
01-14-27,1,서울특별시 강북구 삼양로68길 26,,37.6285298,127.0194965,2000,,02-901-5863,서울특별시 강북구청,2025-08-12
01-14-26,1,서울특별시 강북구 삼양로68길 22,,37.62846901,127.0192337,2000,,02-901-5863,서울특별시 강북구청,2025-08-12
01-14-25,1,서울특별시 강북구 삼양로68길 22,,37.62846901,127.0192337,2000,한전주,02-901-5863,서울특별시 강북구청,2025-08-12
01-14-24,1,서울특별시 강북구 삼양로64가길 14,,37.62830449,127.0190484,2000,,02-901-5863,서울특별시 강북구청,2025-08-12
01-14-23,1,서울특별시 강북구 삼양로68길 10,,37.62828831,127.0185826,2000,한전주,02-901-5863,서울특별시 강북구청,2025-08-12
01-14-22,1,서울특별시 강북구 삼양로68길 12,,37.62832006,127.0187537,2000,,02-901-5863,서울특별시 강북구청,2025-08-12
01-14-21,1,서울특별시 강북구 삼양로68길 10,,37.62828831,127.0185826,2000,한전주,02-901-5863,서울특별시 강북구청,2025-08-12
01-14-20,1,서울특별시 강북구 삼양로68길 22,,37.62845119,127.0192337,2000,,02-901-5863,서울특별시 강북구청,2025-08-12
01-14-19,1,서울특별시 강북구 삼양로68길 20,,37.62843109,127.0191034,2000,한전주,02-901-5863,서울특별시 강북구청,2025-08-12
01-14-18,1,서울특별시 강북구 삼양로68길 4,,37.62803026,127.0185762,2000,한전주,02-901-5863,서울특별시 강북구청,2025-08-12
01-14-17,1,서울특별시 강북구 삼양로68길 4,,37.62819045,127.0183362,2000,한전주,02-901-5863,서울특별시 강북구청,2025-08-12
01-14-16,1,서울특별시 강북구 삼양로68길 26,,37.62855282,127.0194965,2000,한전주,02-901-5863,서울특별시 강북구청,2025-08-12
01-14-15,1,서울특별시 강북구 삼양로64가길 4,,37.62796421,127.0192327,2000,,02-901-5863,서울특별시 강북구청,2025-08-12
01-14-14,1,서울특별시 강북구 삼양로64가길 2,,37.62822107,127.0198539,2000,한전주,02-901-5863,서울특별시 강북구청,2025-08-12
01-14-13,1,서울특별시 강북구 삼양로64길 45,,37.62849258,127.0200028,2000,한전주,02-901-5863,서울특별시 강북구청,2025-08-12
01-14-12,1,서울특별시 강북구 삼양로68길 20,,37.62842743,127.0191009,2000,,02-901-5863,서울특별시 강북구청,2025-08-12
01-14-11,1,서울특별시 강북구 삼양로68길 20,,37.62843109,127.0191034,2000,,02-901-5863,서울특별시 강북구청,2025-08-12
01-14-03,1,서울특별시 강북구 삼양로68길 14,,37.62834775,127.0188326,2000,한전주,02-901-5863,서울특별시 강북구청,2025-08-12
01-14-02,1,서울특별시 강북구 삼양로64가길 7,,37.62802445,127.0189615,2000,한전주,02-901-5863,서울특별시 강북구청,2025-08-12
01-14-01,1,서울특별시 강북구 삼양로64가길 4,,37.62796364,127.0192342,2000,한전주,02-901-5863,서울특별시 강북구청,2025-08-12
01-13-42,1,서울특별시 강북구 도봉로67다길 11,,37.62951242,127.0203208,2000,,02-901-5863,서울특별시 강북구청,2025-08-12
01-13-41,1,서울특별시 강북구 삼양로74길 36,,37.62972658,127.0199474,2000,,02-901-5863,서울특별시 강북구청,2025-08-12
01-13-40,1,서울특별시 강북구 도봉로67길 78,,37.62905567,127.020534,2000,,02-901-5863,서울특별시 강북구청,2025-08-12
01-13-39,1,서울특별시 강북구 도봉로67가길 3,,37.6296929,127.0214972,2000,,02-901-5863,서울특별시 강북구청,2025-08-12
01-13-38,1,서울특별시 강북구 도봉로67길 60,,37.62955775,127.0214842,2000,한전주,02-901-5863,서울특별시 강북구청,2025-08-12
01-13-37,1,서울특별시 강북구 도봉로67길 48,,37.62983319,127.0219344,2000,한전주,02-901-5863,서울특별시 강북구청,2025-08-12
01-13-36,1,서울특별시 강북구 도봉로67길 50,,37.62976055,127.0218729,2000,,02-901-5863,서울특별시 강북구청,2025-08-12
01-13-35,1,서울특별시 강북구 도봉로67길 48,,37.62983085,127.0219344,2000,,02-901-5863,서울특별시 강북구청,2025-08-12
01-13-34,1,서울특별시 강북구 도봉로67길 48,,37.62983085,127.0219344,2000,,02-901-5863,서울특별시 강북구청,2025-08-12
01-13-33,1,서울특별시 강북구 도봉로67길 42,,37.63005479,127.0221085,2000,,02-901-5863,서울특별시 강북구청,2025-08-12
01-13-32,1,서울특별시 강북구 도봉로67길 48,,37.62983085,127.0219344,2000,전용주,02-901-5863,서울특별시 강북구청,2025-08-12
01-13-31,1,서울특별시 강북구 삼양로74길 54,,37.6300146,127.0209973,2000,,02-901-5863,서울특별시 강북구청,2025-08-12
01-13-30,1,서울특별시 강북구 삼양로74길 52,,37.62991304,127.0208646,2000,,02-901-5863,서울특별시 강북구청,2025-08-12
01-13-29,1,서울특별시 강북구 삼양로74나길 9,,37.62944907,127.0201663,2000,,02-901-5863,서울특별시 강북구청,2025-08-12
01-13-28,1,서울특별시 강북구 삼양로74나길 8,,37.62947162,127.0199328,2000,한전주,02-901-5863,서울특별시 강북구청,2025-08-12
01-13-27,1,서울특별시 강북구 삼양로74나길 14,,37.62931455,127.0201163,2000,,02-901-5863,서울특별시 강북구청,2025-08-12
01-13-26,1,서울특별시 강북구 도봉로67다길 17,,37.6296836,127.0202018,2000,,02-901-5863,서울특별시 강북구청,2025-08-12
01-13-25,1,서울특별시 강북구 삼양로74나길 3,,37.62974892,127.0204683,2000,,02-901-5863,서울특별시 강북구청,2025-08-12
01-13-24,1,서울특별시 강북구 삼양로74길 62,,37.63005355,127.021348,2000,,02-901-5863,서울특별시 강북구청,2025-08-12
01-13-23,1,서울특별시 강북구 도봉로67길 54,,37.62965075,127.0216705,2000,한전주,02-901-5863,서울특별시 강북구청,2025-08-12
01-13-22,1,서울특별시 강북구 삼양로74길 70,,37.63012027,127.0217889,2000,,02-901-5863,서울특별시 강북구청,2025-08-12
01-13-21,1,서울특별시 강북구 도봉로67길 52,,37.62968782,127.0217946,2000,한전주,02-901-5863,서울특별시 강북구청,2025-08-12
01-13-20,1,서울특별시 강북구 도봉로67다길 12,,37.6295328,127.020402,2000,,02-901-5863,서울특별시 강북구청,2025-08-12
01-13-19,1,서울특별시 강북구 도봉로67다길 15,,37.629621,127.0202547,2000,,02-901-5863,서울특별시 강북구청,2025-08-12
01-13-18,1,서울특별시 강북구 도봉로67길 42,,37.63005479,127.0221085,2000,한전주,02-901-5863,서울특별시 강북구청,2025-08-12
01-13-17,1,서울특별시 강북구 도봉로67가길 9,,37.62983742,127.0213621,2000,,02-901-5863,서울특별시 강북구청,2025-08-12
01-13-16,1,서울특별시 강북구 도봉로67나길 5,,37.62938273,127.0208583,2000,,02-901-5863,서울특별시 강북구청,2025-08-12
01-13-15,1,서울특별시 강북구 삼양로74길 52,,37.62991304,127.0208544,2000,,02-901-5863,서울특별시 강북구청,2025-08-12
01-13-14,1,서울특별시 강북구 도봉로67가길 3,,37.62968276,127.0214972,2000,,02-901-5863,서울특별시 강북구청,2025-08-12
01-13-13,1,서울특별시 강북구 도봉로67가길 3,,37.62968276,127.0214972,2000,한전주,02-901-5863,서울특별시 강북구청,2025-08-12
01-13-12,2,서울특별시 강북구 도봉로67길 76,,37.62908326,127.0205984,2000,한전주,02-901-5863,서울특별시 강북구청,2025-08-12
01-13-11,2,서울특별시 강북구 도봉로67길 70,,37.62929348,127.0209614,2000,한전주,02-901-5863,서울특별시 강북구청,2025-08-12
01-13-10,1,서울특별시 강북구 삼양로68가길 6,,37.62918742,127.0201244,2000,한전주,02-901-5863,서울특별시 강북구청,2025-08-12
01-13-09,1,서울특별시 강북구 삼양로68길 41,,37.62886431,127.0202295,2000,,02-901-5863,서울특별시 강북구청,2025-08-12
01-13-08,1,서울특별시 강북구 삼양로68가길 4,,37.62903398,127.0200925,2000,,02-901-5863,서울특별시 강북구청,2025-08-12
01-13-07,1,서울특별시 강북구 도봉로67다길 7,,37.62937342,127.0204366,2000,,02-901-5863,서울특별시 강북구청,2025-08-12
01-13-06,1,서울특별시 강북구 삼양로74나길 14,,37.62931455,127.0201163,2000,,02-901-5863,서울특별시 강북구청,2025-08-12
01-13-05,1,서울특별시 강북구 도봉로67나길 3,,37.62932773,127.0207457,2000,한전주,02-901-5863,서울특별시 강북구청,2025-08-12
01-13-04,1,서울특별시 강북구 도봉로67나길 5,,37.62938713,127.0208588,2000,,02-901-5863,서울특별시 강북구청,2025-08-12
01-13-03,2,서울특별시 강북구 도봉로67나길 11,,37.62962401,127.0206172,2000,한전주,02-901-5863,서울특별시 강북구청,2025-08-12
01-13-02,1,서울특별시 강북구 도봉로67나길 9,,37.6295615,127.020686,2000,한전주,02-901-5863,서울특별시 강북구청,2025-08-12
01-13-01,1,서울특별시 강북구 도봉로67나길 6,,37.62952706,127.020879,2000,한전주,02-901-5863,서울특별시 강북구청,2025-08-12
01-11-35,1,서울특별시 강북구 삼양로65길 18,,37.62768439,127.017074,2000,,02-901-5863,서울특별시 강북구청,2025-08-12
01-11-34,1,서울특별시 강북구 삼양로63가길 7,,37.62750586,127.0161927,2000,한전주,02-901-5863,서울특별시 강북구청,2025-08-12
01-11-33,1,서울특별시 강북구 삼양로 269,,37.62760943,127.0178114,2000,건축물,02-901-5863,서울특별시 강북구청,2025-08-12
01-11-32,1,서울특별시 강북구 삼양로63가길 14,,37.62780587,127.0164988,2000,건축물,02-901-5863,서울특별시 강북구청,2025-08-12
01-11-31,1,서울특별시 강북구 삼양로63가길 14,,37.62780587,127.0164988,2000,한전주,02-901-5863,서울특별시 강북구청,2025-08-12
01-10-41,1,서울특별시 강북구 삼양로59가길 8,,37.62676006,127.0164404,2000,건축물,02-901-5863,서울특별시 강북구청,2025-08-12
01-10-39,1,서울특별시 강북구 삼양로57길 15,,37.62699604,127.0177288,2000,한전주,02-901-5863,서울특별시 강북구청,2025-08-12
01-10-38,1,서울특별시 강북구 삼양로57길 15,,37.62699604,127.0177288,2000,건축물,02-901-5863,서울특별시 강북구청,2025-08-12
01-10-37,1,서울특별시 강북구 삼양로57가길 6,,37.62682932,127.0175225,2000,한전주,02-901-5863,서울특별시 강북구청,2025-08-12
01-10-36,1,서울특별시 강북구 삼양로59가길 7,,37.62628884,127.0161181,2000,,02-901-5863,서울특별시 강북구청,2025-08-12
01-10-35,1,서울특별시 강북구 삼양로59가길 7,,37.62625346,127.0161979,2000,,02-901-5863,서울특별시 강북구청,2025-08-12
01-10-34,1,서울특별시 강북구 삼양로59가길 7,,37.6261553,127.0163124,2000,,02-901-5863,서울특별시 강북구청,2025-08-12
01-10-33,1,서울특별시 강북구 삼양로59가길 7,,37.62627469,127.0165828,2000,,02-901-5863,서울특별시 강북구청,2025-08-12
01-10-32,1,서울특별시 강북구 삼양로59길 32,,37.62609877,127.0164831,2000,한전주,02-901-5863,서울특별시 강북구청,2025-08-12
01-09-47,1,서울특별시 강북구 삼양로57길 11,,37.62674425,127.0177888,2000,한전주,02-901-5863,서울특별시 강북구청,2025-08-12
01-09-46,1,서울특별시 강북구 삼양로55길 3,,37.62605873,127.0179681,2000,,02-901-5863,서울특별시 강북구청,2025-08-12
01-09-44,1,서울특별시 강북구 삼양로59길 18,,37.62645067,127.0171582,2000,한전주,02-901-5863,서울특별시 강북구청,2025-08-12
01-09-39,1,서울특별시 강북구 삼양로55길 8,,37.62615732,127.0177241,2000,한전주,02-901-5863,서울특별시 강북구청,2025-08-12
01-09-38,2,서울특별시 강북구 삼양로 241,,37.62511543,127.0180367,2000,한전주,02-901-5863,서울특별시 강북구청,2025-08-12
01-09-37,2,서울특별시 강북구 삼양로 241,,37.62511543,127.0180367,2000,한전주,02-901-5863,서울특별시 강북구청,2025-08-12
01-09-35,2,서울특별시 강북구 솔매로 45,,37.62538691,127.0170929,2000,한전주,02-901-5863,서울특별시 강북구청,2025-08-12
01-09-34,1,서울특별시 강북구 삼양로57길 3,,37.62640245,127.0178612,2000,,02-901-5863,서울특별시 강북구청,2025-08-12
01-09-33,1,서울특별시 강북구 솔매로 41,,37.62539918,127.0169644,2000,,02-901-5863,서울특별시 강북구청,2025-08-12
01-09-32,2,서울특별시 강북구 솔매로 41,,37.62539488,127.0169682,2000,한전주,02-901-5863,서울특별시 강북구청,2025-08-12
01-08-70,1,서울특별시 강북구 삼양로49길 4,,37.62367638,127.0183502,2000,건축물,02-901-5863,서울특별시 강북구청,2025-08-12
01-08-51,1,서울특별시 강북구 삼양로51길 11,,37.62357285,127.0178191,2000,,02-901-5863,서울특별시 강북구청,2025-08-12
01-08-50,1,서울특별시 강북구 솔매로22길 11,,37.6247555,127.0170106,2000,,02-901-5863,서울특별시 강북구청,2025-08-12
01-08-49,1,서울특별시 강북구 삼양로53길 15,,37.62424554,127.0174477,2000,한전주,02-901-5863,서울특별시 강북구청,2025-08-12
01-08-48,1,서울특별시 강북구 삼양로 229,,37.62387477,127.0183702,2000,,02-901-5863,서울특별시 강북구청,2025-08-12
01-08-47,1,서울특별시 강북구 삼양로 225,,37.62356114,127.0185782,2000,한전주,02-901-5863,서울특별시 강북구청,2025-08-12
01-08-46,1,서울특별시 강북구 삼양로53길 24,,37.62455945,127.0170122,2000,,02-901-5863,서울특별시 강북구청,2025-08-12
01-08-45,2,서울특별시 강북구 삼양로53길 19,,37.62401965,127.0173714,2000,,02-901-5863,서울특별시 강북구청,2025-08-12
01-08-43,1,서울특별시 강북구 삼양로53길 15,,37.62415554,127.0174603,2000,,02-901-5863,서울특별시 강북구청,2025-08-12
01-08-42,1,서울특별시 강북구 삼양로53길 14,,37.62461587,127.0175562,2000,,02-901-5863,서울특별시 강북구청,2025-08-12
01-08-41,2,서울특별시 강북구 솔매로22길 3,,37.62489375,127.0173826,2000,한전주,02-901-5863,서울특별시 강북구청,2025-08-12
01-08-40,1,서울특별시 강북구 삼양로51길 30,,37.62402423,127.0168389,2000,,02-901-5863,서울특별시 강북구청,2025-08-12
01-08-39,1,서울특별시 강북구 삼양로53길 10,,37.62464402,127.0178204,2000,,02-901-5863,서울특별시 강북구청,2025-08-12
01-08-38,1,서울특별시 강북구 삼양로53길 4,,37.62467894,127.0180678,2000,,02-901-5863,서울특별시 강북구청,2025-08-12
01-08-37,1,서울특별시 강북구 삼양로53길 3,,37.62443477,127.0181379,2000,한전주,02-901-5863,서울특별시 강북구청,2025-08-12
01-08-36,1,서울특별시 강북구 삼양로53길 14,,37.62461587,127.0175562,2000,한전주,02-901-5863,서울특별시 강북구청,2025-08-12
01-08-35,1,서울특별시 강북구 삼양로53길 32,,37.62452687,127.0166057,2000,한전주,02-901-5863,서울특별시 강북구청,2025-08-12
01-08-34,1,서울특별시 강북구 삼양로 237,,37.62464854,127.0182354,2000,,02-901-5863,서울특별시 강북구청,2025-08-12
01-08-32,2,서울특별시 강북구 삼양로53길 8,,37.62465492,127.0179182,2000,한전주,02-901-5863,서울특별시 강북구청,2025-08-12
01-08-32,1,서울특별시 강북구 삼양로49길 4,,37.62376638,127.0183377,2000,건축물,02-901-5863,서울특별시 강북구청,2025-08-12
01-08-00,1,서울특별시 강북구 솔매로22길 9,,37.6248196,127.0171343,2000,한전주,02-901-5863,서울특별시 강북구청,2025-08-12
01-07-33,1,서울특별시 강북구 솔매로 34,,37.62538562,127.0159974,2000,,02-901-5863,서울특별시 강북구청,2025-08-12
01-07-32,1,서울특별시 강북구 솔매로22길 16,,37.62488002,127.0168163,2000,전용주,02-901-5863,서울특별시 강북구청,2025-08-12
01-06-36,1,서울특별시 강북구 솔매로17길 10,,37.62600176,127.0162691,2000,,02-901-5863,서울특별시 강북구청,2025-08-12
01-06-36,1,서울특별시 강북구 솔매로 21,,37.62528388,127.0147203,2000,전용주,02-901-5863,서울특별시 강북구청,2025-08-12
01-06-35,1,서울특별시 강북구 솔매로17길 3,,37.62561502,127.0163535,2000,,02-901-5863,서울특별시 강북구청,2025-08-12
01-06-33,1,서울특별시 강북구 솔매로17길 5,,37.62574021,127.0162386,2000,한전주,02-901-5863,서울특별시 강북구청,2025-08-12
01-06-32,1,서울특별시 강북구 솔매로17길 3,,37.62561502,127.0163535,2000,한전주,02-901-5863,서울특별시 강북구청,2025-08-12
01-06-31,1,서울특별시 강북구 솔매로17길 5,,37.62574021,127.0162386,2000,한전주,02-901-5863,서울특별시 강북구청,2025-08-12
01-05-35,1,서울특별시 강북구 인수봉로20나길 56,,37.62685086,127.0154423,2000,한전주,02-901-5863,서울특별시 강북구청,2025-08-12
01-05-34,1,서울특별시 강북구 인수봉로20나길 52,,37.62680235,127.0151147,2000,한전주,02-901-5863,서울특별시 강북구청,2025-08-12
01-05-33,1,서울특별시 강북구 인수봉로20나길 52,,37.62680235,127.0151147,2000,한전주,02-901-5863,서울특별시 강북구청,2025-08-12
01-01-49,1,서울특별시 강북구 인수봉로15길 16,,37.62440382,127.0115776,2000,한전주,02-901-5863,서울특별시 강북구청,2025-08-12
01-01-48,1,서울특별시 강북구 인수봉로15길 16,,37.62440382,127.0115776,2000,한전주,02-901-5863,서울특별시 강북구청,2025-08-12
01-01-47,1,서울특별시 강북구 인수봉로15길 8,,37.62443388,127.0119397,2000,전용주,02-901-5863,서울특별시 강북구청,2025-08-12
01-01-46,1,서울특별시 강북구 인수봉로15길 8,,37.62443388,127.0119397,2000,전용주,02-901-5863,서울특별시 강북구청,2025-08-12
01-01-45,1,서울특별시 강북구 인수봉로 51,,37.62449998,127.0123013,2000,한전주,02-901-5863,서울특별시 강북구청,2025-08-12
01-01-44,1,서울특별시 강북구 인수봉로17길 11,,37.62476901,127.0119372,2000,한전주,02-901-5863,서울특별시 강북구청,2025-08-12
01-01-43,1,서울특별시 강북구 인수봉로17길 11,,37.62476901,127.0119372,2000,한전주,02-901-5863,서울특별시 강북구청,2025-08-12
01-01-42,2,서울특별시 강북구 인수봉로17길 11,,37.62479435,127.0119462,2000,한전주,02-901-5863,서울특별시 강북구청,2025-08-12
01-01-41,1,서울특별시 강북구 인수봉로17길 5,,37.62495756,127.0120687,2000,한전주,02-901-5863,서울특별시 강북구청,2025-08-12
01-01-40,1,서울특별시 강북구 인수봉로 57,,37.62500393,127.0122267,2000,한전주,02-901-5863,서울특별시 강북구청,2025-08-12
01-01-39,1,서울특별시 강북구 인수봉로17길 46,,37.624643,127.0100111,2000,전용주,02-901-5863,서울특별시 강북구청,2025-08-12
01-01-38,1,서울특별시 강북구 인수봉로17길 21,,37.62470748,127.0112563,2000,한전주,02-901-5863,서울특별시 강북구청,2025-08-12
01-01-37,1,서울특별시 강북구 인수봉로17길 17,,37.62470986,127.0114896,2000,전용주,02-901-5863,서울특별시 강북구청,2025-08-12
01-01-36,2,서울특별시 강북구 인수봉로17길 21,,37.62470748,127.0112563,2000,한전주,02-901-5863,서울특별시 강북구청,2025-08-12
01-01-35,1,서울특별시 강북구 인수봉로17길 15,,37.62467457,127.0116306,2000,한전주,02-901-5863,서울특별시 강북구청,2025-08-12
01-01-34,1,서울특별시 강북구 인수봉로17길 22,,37.62499815,127.0115357,2000,전용주,02-901-5863,서울특별시 강북구청,2025-08-12
01-01-33,1,서울특별시 강북구 인수봉로17길 6,,37.62503093,127.0119256,2000,한전주,02-901-5863,서울특별시 강북구청,2025-08-12
01-01-32,1,서울특별시 강북구 인수봉로19길 5,,37.62546275,127.0121363,2000,한전주,02-901-5863,서울특별시 강북구청,2025-08-12
2013-12-30,1,서울특별시 강북구 인수봉로75길 72,,37.64437784,127.0070527,2000,한전주,02-901-5863,서울특별시 강북구청,2025-08-12
2013-12-29,1,서울특별시 강북구 인수봉로75길 77,,37.64418655,127.0068059,2000,,02-901-5863,서울특별시 강북구청,2025-08-12
2013-12-28,1,서울특별시 강북구 인수봉로75길 79,,37.64413903,127.0067096,2000,한전주,02-901-5863,서울특별시 강북구청,2025-08-12
2013-12-27,1,서울특별시 강북구 419로21길 38,,37.6446997,127.0067538,2000,한전주,02-901-5863,서울특별시 강북구청,2025-08-12
2013-12-26,2,서울특별시 강북구 419로21길 48,,37.64486511,127.0071369,2000,한전주,02-901-5863,서울특별시 강북구청,2025-08-12
2013-12-25,1,서울특별시 강북구 419로13길 22,,37.64475604,127.007025,2000,건축물,02-901-5863,서울특별시 강북구청,2025-08-12
2013-12-24,1,서울특별시 강북구 419로13길 22,,37.64460136,127.0068458,2000,건축물,02-901-5863,서울특별시 강북구청,2025-08-12
2013-12-23,1,서울특별시 강북구 419로13길 22,,37.64451289,127.0070396,2000,한전주,02-901-5863,서울특별시 강북구청,2025-08-12
2013-12-22,1,서울특별시 강북구 419로13길 22,,37.64461532,127.0074348,2000,한전주,02-901-5863,서울특별시 강북구청,2025-08-12
2013-12-21,1,서울특별시 강북구 419로13길 22,,37.64469412,127.0071618,2000,전용주,02-901-5863,서울특별시 강북구청,2025-08-12
2013-12-20,1,서울특별시 강북구 419로13길 22,,37.64461532,127.0074348,2000,건축물,02-901-5863,서울특별시 강북구청,2025-08-12
2013-12-19,1,서울특별시 강북구 419로13길 22,,37.64469412,127.0071618,2000,한전주,02-901-5863,서울특별시 강북구청,2025-08-12
2013-12-18,1,서울특별시 강북구 419로13길 26,,37.6446104,127.0079221,2000,한전주,02-901-5863,서울특별시 강북구청,2025-08-12
2013-12-17,1,서울특별시 강북구 인수봉로75길 63,,37.64417396,127.007452,2000,전용주,02-901-5863,서울특별시 강북구청,2025-08-12
2013-12-16,2,서울특별시 강북구 인수봉로75길 60,,37.64423154,127.0078705,2000,한전주,02-901-5863,서울특별시 강북구청,2025-08-12
2013-12-15,1,서울특별시 강북구 인수봉로75길 55,,37.64404263,127.007907,2000,한전주,02-901-5863,서울특별시 강북구청,2025-08-12
2013-12-14,1,서울특별시 강북구 인수봉로79나길 10,,37.64336826,127.0080746,2000,,02-901-5863,서울특별시 강북구청,2025-08-12
2013-12-13,1,서울특별시 강북구 인수봉로79나길 11,,37.64354702,127.0078971,2000,전용주,02-901-5863,서울특별시 강북구청,2025-08-12
2013-12-12,1,서울특별시 강북구 인수봉로75길 55,,37.64404263,127.007907,2000,한전주,02-901-5863,서울특별시 강북구청,2025-08-12
2013-12-11,1,서울특별시 강북구 인수봉로79가길 21,,37.64393661,127.0081577,2000,한전주,02-901-5863,서울특별시 강북구청,2025-08-12
2013-12-10,2,서울특별시 강북구 인수봉로75길 43,,37.6436944,127.0082856,2000,한전주,02-901-5863,서울특별시 강북구청,2025-08-12
2013-12-09,1,서울특별시 강북구 인수봉로79가길 18,,37.64414843,127.0084257,2000,,02-901-5863,서울특별시 강북구청,2025-08-12
2013-12-08,1,서울특별시 강북구 인수봉로79가길 18,,37.64416232,127.0084257,2000,한전주,02-901-5863,서울특별시 강북구청,2025-08-12
2013-12-07,2,서울특별시 강북구 인수봉로79가길 12,,37.64417859,127.0087112,2000,한전주,02-901-5863,서울특별시 강북구청,2025-08-12
2013-12-06,1,서울특별시 강북구 인수봉로75길 46,,37.64394961,127.0086334,2000,한전주,02-901-5863,서울특별시 강북구청,2025-08-12
2013-12-05,1,서울특별시 강북구 인수봉로79가길 3,,37.64415162,127.009084,2000,한전주,02-901-5863,서울특별시 강북구청,2025-08-12
2013-12-04,1,서울특별시 강북구 인수봉로77길 27,,37.64446818,127.0092271,2000,건축물,02-901-5863,서울특별시 강북구청,2025-08-12
2013-12-03,1,서울특별시 강북구 인수봉로77길 29,,37.64451209,127.0090906,2000,한전주,02-901-5863,서울특별시 강북구청,2025-08-12
2013-12-02,1,서울특별시 강북구 인수봉로77길 29,,37.6445158,127.009094,2000,건축물,02-901-5863,서울특별시 강북구청,2025-08-12
2013-12-01,1,서울특별시 강북구 인수봉로77길 29,,37.64454727,127.009094,2000,한전주,02-901-5863,서울특별시 강북구청,2025-08-12
2013-11-30,1,서울특별시 강북구 인수봉로73가길 11,,37.64260251,127.0085949,2000,한전주,02-901-5863,서울특별시 강북구청,2025-08-12
2013-11-28,1,서울특별시 강북구 인수봉로 265,,37.64228158,127.0106499,2000,,02-901-5863,서울특별시 강북구청,2025-08-12
2013-11-27,1,서울특별시 강북구 인수봉로73길 7,,37.64227058,127.0104121,2000,건축물,02-901-5863,서울특별시 강북구청,2025-08-12
2013-11-26,1,서울특별시 강북구 인수봉로73길 24,,37.64230851,127.0094986,2000,건축물,02-901-5863,서울특별시 강북구청,2025-08-12
2013-11-25,2,서울특별시 강북구 인수봉로 269,,37.64305277,127.0091326,2000,한전주,02-901-5863,서울특별시 강북구청,2025-08-12
2013-11-24,2,서울특별시 강북구 인수봉로 269,,37.64305277,127.0091326,2000,한전주,02-901-5863,서울특별시 강북구청,2025-08-12
2013-11-23,2,서울특별시 강북구 인수봉로 269,,37.64305277,127.0091326,2000,한전주,02-901-5863,서울특별시 강북구청,2025-08-12
2013-11-22,1,서울특별시 강북구 인수봉로73가길 8,,37.64247617,127.0091402,2000,한전주,02-901-5863,서울특별시 강북구청,2025-08-12
2013-11-21,1,서울특별시 강북구 인수봉로73나길 27,,37.64130429,127.0090765,2000,한전주,02-901-5863,서울특별시 강북구청,2025-08-12
2013-11-18,2,서울특별시 강북구 인수봉로73나길 12,,37.64155712,127.0091411,2000,한전주,02-901-5863,서울특별시 강북구청,2025-08-12
2013-11-17,2,서울특별시 강북구 인수봉로73나길 6,,37.64181088,127.0089906,2000,한전주,02-901-5863,서울특별시 강북구청,2025-08-12
2013-11-16,1,서울특별시 강북구 인수봉로73나길 2,,37.64201451,127.0088857,2000,한전주,02-901-5863,서울특별시 강북구청,2025-08-12
2013-11-15,2,서울특별시 강북구 인수봉로73가길 9,,37.6423286,127.0087343,2000,한전주,02-901-5863,서울특별시 강북구청,2025-08-12
2013-11-14,1,서울특별시 강북구 인수봉로73가길 9,,37.64233514,127.0084396,2000,한전주,02-901-5863,서울특별시 강북구청,2025-08-12
2013-11-13,1,서울특별시 강북구 인수봉로73가길 12,,37.64258231,127.0088841,2000,한전주,02-901-5863,서울특별시 강북구청,2025-08-12
2013-11-12,1,서울특별시 강북구 인수봉로73가길 12,,37.64259196,127.0088841,2000,전용주,02-901-5863,서울특별시 강북구청,2025-08-12
2013-11-11,1,서울특별시 강북구 인수봉로73나길 39,,37.64185025,127.0086386,2000,한전주,02-901-5863,서울특별시 강북구청,2025-08-12
2013-11-10,1,서울특별시 강북구 인수봉로73나길 29,,37.6415281,127.0088782,2000,한전주,02-901-5863,서울특별시 강북구청,2025-08-12
2013-11-09,1,서울특별시 강북구 인수봉로73길 27,,37.64210934,127.0093836,2000,한전주,02-901-5863,서울특별시 강북구청,2025-08-12
2013-11-08,1,서울특별시 강북구 인수봉로73길 24,,37.64230851,127.0094986,2000,건축물,02-901-5863,서울특별시 강북구청,2025-08-12
2013-11-07,1,서울특별시 강북구 인수봉로73길 19,,37.64227484,127.009783,2000,전용주,02-901-5863,서울특별시 강북구청,2025-08-12
2013-11-06,1,서울특별시 강북구 인수봉로73길 19,,37.64227484,127.009783,2000,전용주,02-901-5863,서울특별시 강북구청,2025-08-12
2013-11-04,1,서울특별시 강북구 인수봉로73길 7,,37.64226738,127.0104042,2000,한전주,02-901-5863,서울특별시 강북구청,2025-08-12
2013-11-03,2,서울특별시 강북구 인수봉로73길 7,,37.64225996,127.0104052,2000,한전주,02-901-5863,서울특별시 강북구청,2025-08-12
2013-11-02,1,서울특별시 강북구 인수봉로73길 7,,37.64227058,127.0104121,2000,한전주,02-901-5863,서울특별시 강북구청,2025-08-12
2013-11-01,1,서울특별시 강북구 인수봉로 265,,37.64228158,127.0106499,2000,한전주,02-901-5863,서울특별시 강북구청,2025-08-12
2013-10-27,1,서울특별시 강북구 인수봉로75길 26,,37.64352315,127.009353,2000,한전주,02-901-5863,서울특별시 강북구청,2025-08-12
2013-10-26,1,서울특별시 강북구 인수봉로76길 37,,37.64428999,127.0126969,2000,한전주,02-901-5863,서울특별시 강북구청,2025-08-12
2013-10-25,1,서울특별시 강북구 인수봉로78길 28,,37.64442257,127.0123892,2000,한전주,02-901-5863,서울특별시 강북구청,2025-08-12
2013-10-22,1,서울특별시 강북구 인수봉로76길 34,,37.64401042,127.0126666,2000,한전주,02-901-5863,서울특별시 강북구청,2025-08-12
2013-10-21,1,서울특별시 강북구 인수봉로76길 34,,37.6440193,127.0126818,2000,한전주,02-901-5863,서울특별시 강북구청,2025-08-12
2013-10-20,1,서울특별시 강북구 인수봉로72길 31,,37.64262972,127.0126167,2000,한전주,02-901-5863,서울특별시 강북구청,2025-08-12
2013-10-19,2,서울특별시 강북구 인수봉로76길 21,,37.64379733,127.0119669,2000,한전주,02-901-5863,서울특별시 강북구청,2025-08-12
2013-10-18,2,서울특별시 강북구 인수봉로76길 21,,37.64406685,127.0118727,2000,한전주,02-901-5863,서울특별시 강북구청,2025-08-12
2013-10-17,1,서울특별시 강북구 인수봉로78길 16,,37.64447076,127.011686,2000,건축물,02-901-5863,서울특별시 강북구청,2025-08-12
2013-10-16,1,서울특별시 강북구 인수봉로78길 10,,37.64443131,127.0112786,2000,한전주,02-901-5863,서울특별시 강북구청,2025-08-12
2013-10-15,1,서울특별시 강북구 인수봉로76길 15,,37.64368397,127.0116372,2000,건축물,02-901-5863,서울특별시 강북구청,2025-08-12
2013-10-14,1,서울특별시 강북구 인수봉로76길 15,,37.64368397,127.0116372,2000,건축물,02-901-5863,서울특별시 강북구청,2025-08-12
2013-10-13,1,서울특별시 강북구 인수봉로76길 15,,37.64368397,127.0116372,2000,한전주,02-901-5863,서울특별시 강북구청,2025-08-12
2013-10-12,1,서울특별시 강북구 인수봉로76길 15,,37.64368397,127.0116372,2000,건축물,02-901-5863,서울특별시 강북구청,2025-08-12
2013-10-11,2,서울특별시 강북구 인수봉로76길 17,,37.64368818,127.0118437,2000,한전주,02-901-5863,서울특별시 강북구청,2025-08-12
2013-10-09,1,서울특별시 강북구 인수봉로76길 15,,37.64368647,127.0116397,2000,한전주,02-901-5863,서울특별시 강북구청,2025-08-12
2013-10-08,1,서울특별시 강북구 인수봉로76길 9,,37.64355019,127.0114886,2000,한전주,02-901-5863,서울특별시 강북구청,2025-08-12
2013-10-07,1,서울특별시 강북구 인수봉로76길 7,,37.64349525,127.0113328,2000,한전주,02-901-5863,서울특별시 강북구청,2025-08-12
2013-10-06,1,서울특별시 강북구 인수봉로76길 7,,37.64349525,127.0113629,2000,한전주,02-901-5863,서울특별시 강북구청,2025-08-12
2013-10-05,2,서울특별시 강북구 인수봉로78길 10,,37.64443131,127.0112786,2000,전용주,02-901-5863,서울특별시 강북구청,2025-08-12
2013-10-04,1,서울특별시 강북구 인수봉로77길 14,,37.64453666,127.0098721,2000,,02-901-5863,서울특별시 강북구청,2025-08-12
2013-10-03,1,서울특별시 강북구 인수봉로79길 11,,37.64474511,127.0100167,2000,건축물,02-901-5863,서울특별시 강북구청,2025-08-12
2013-10-02,1,서울특별시 강북구 인수봉로77길 11,,37.64433959,127.0100107,2000,한전주,02-901-5863,서울특별시 강북구청,2025-08-12
2013-10-01,1,서울특별시 강북구 인수봉로 287,,37.64439887,127.0106331,2000,한전주,02-901-5863,서울특별시 강북구청,2025-08-12
2013-09-25,1,서울특별시 강북구 인수봉로70길 17,,37.64086987,127.0120736,2000,,02-901-5863,서울특별시 강북구청,2025-08-12
2013-09-23,1,서울특별시 강북구 인수봉로68길 45,,37.64136165,127.0137781,2000,,02-901-5863,서울특별시 강북구청,2025-08-12
2013-09-22,1,서울특별시 강북구 삼양로107길 54,,37.6416693,127.0139326,2000,전용주,02-901-5863,서울특별시 강북구청,2025-08-12
2013-09-21,1,서울특별시 강북구 삼양로107길 50,,37.64154345,127.0139683,2000,한전주,02-901-5863,서울특별시 강북구청,2025-08-12
2013-09-20,1,서울특별시 강북구 삼양로107길 46,,37.64149973,127.0141275,2000,한전주,02-901-5863,서울특별시 강북구청,2025-08-12
2013-09-19,2,서울특별시 강북구 삼양로111길 45,,37.64192067,127.0140034,2000,한전주,02-901-5863,서울특별시 강북구청,2025-08-12
2013-09-18,1,서울특별시 강북구 삼양로111길 45,,37.64192067,127.0140034,2000,건축물,02-901-5863,서울특별시 강북구청,2025-08-12
2013-09-17,1,서울특별시 강북구 인수봉로68길 37,,37.64125337,127.0134602,2000,한전주,02-901-5863,서울특별시 강북구청,2025-08-12
2013-09-16,1,서울특별시 강북구 인수봉로68길 37,,37.64125337,127.0134151,2000,,02-901-5863,서울특별시 강북구청,2025-08-12
2013-09-15,1,서울특별시 강북구 인수봉로70길 3,,37.64088923,127.0113245,2000,건축물,02-901-5863,서울특별시 강북구청,2025-08-12
2013-09-14,1,서울특별시 강북구 인수봉로68길 25,,37.64117217,127.0128646,2000,한전주,02-901-5863,서울특별시 강북구청,2025-08-12
2013-09-13,1,서울특별시 강북구 삼양로111길 63,,37.64173428,127.0130819,2000,한전주,02-901-5863,서울특별시 강북구청,2025-08-12
2013-09-12,1,서울특별시 강북구 인수봉로68길 25,,37.64117217,127.0128646,2000,한전주,02-901-5863,서울특별시 강북구청,2025-08-12
2013-09-11,1,서울특별시 강북구 인수봉로68길 29,,37.64122966,127.0130773,2000,,02-901-5863,서울특별시 강북구청,2025-08-12
2013-09-10,1,서울특별시 강북구 인수봉로68길 19,,37.64101607,127.012428,2000,전용주,02-901-5863,서울특별시 강북구청,2025-08-12
2013-09-09,1,서울특별시 강북구 인수봉로68길 19,,37.64101607,127.0124749,2000,건축물,02-901-5863,서울특별시 강북구청,2025-08-12
2013-09-08,1,서울특별시 강북구 인수봉로68길 19,,37.64101607,127.0124749,2000,건축물,02-901-5863,서울특별시 강북구청,2025-08-12
2013-09-07,1,서울특별시 강북구 인수봉로68길 19,,37.64101607,127.0124759,2000,한전주,02-901-5863,서울특별시 강북구청,2025-08-12
2013-09-06,1,서울특별시 강북구 인수봉로68길 15,,37.64089113,127.0121969,2000,전용주,02-901-5863,서울특별시 강북구청,2025-08-12
2013-09-05,1,서울특별시 강북구 인수봉로68길 15,,37.64089113,127.0121015,2000,한전주,02-901-5863,서울특별시 강북구청,2025-08-12
2013-09-04,1,서울특별시 강북구 인수봉로68길 15,,37.64089113,127.0121969,2000,한전주,02-901-5863,서울특별시 강북구청,2025-08-12
2013-09-03,1,서울특별시 강북구 인수봉로70길 13,,37.64105688,127.0118105,2000,한전주,02-901-5863,서울특별시 강북구청,2025-08-12
2013-09-02,1,서울특별시 강북구 인수봉로70길 11,,37.64095683,127.0116985,2000,한전주,02-901-5863,서울특별시 강북구청,2025-08-12
2013-09-01,1,서울특별시 강북구 인수봉로70길 3,,37.64088923,127.0113694,2000,한전주,02-901-5863,서울특별시 강북구청,2025-08-12
2013-08-05,1,서울특별시 강북구 인수봉로72길 31,,37.64267742,127.0126167,2000,,02-901-5863,서울특별시 강북구청,2025-08-12
2013-08-04,1,서울특별시 강북구 인수봉로72길 4,,37.6417909,127.0123107,2000,전용주,02-901-5863,서울특별시 강북구청,2025-08-12
2013-08-03,2,서울특별시 강북구 인수봉로72길 39,,37.64271535,127.0129557,2000,전용주,02-901-5863,서울특별시 강북구청,2025-08-12
2013-08-02,1,서울특별시 강북구 인수봉로72길 39,,37.64271535,127.0129557,2000,한전주,02-901-5863,서울특별시 강북구청,2025-08-12
2013-08-01,1,서울특별시 강북구 인수봉로72길 27,,37.64253043,127.0123916,2000,한전주,02-901-5863,서울특별시 강북구청,2025-08-12
2013-07-04,1,서울특별시 강북구 인수봉로72길 9,,37.64226982,127.0113979,2000,전용주,02-901-5863,서울특별시 강북구청,2025-08-12
2013-07-03,1,서울특별시 강북구 인수봉로72길 11,,37.64238894,127.0115723,2000,전용주,02-901-5863,서울특별시 강북구청,2025-08-12
2013-07-02,2,서울특별시 강북구 인수봉로72길 15,,37.6424172,127.0117812,2000,한전주,02-901-5863,서울특별시 강북구청,2025-08-12
2013-07-01,1,서울특별시 강북구 인수봉로72길 21,,37.64248301,127.0121089,2000,한전주,02-901-5863,서울특별시 강북구청,2025-08-12
2013-06-30,1,서울특별시 강북구 인수봉로72길 31,,37.64262972,127.0126167,2000,한전주,02-901-5863,서울특별시 강북구청,2025-08-12
2013-06-29,1,서울특별시 강북구 인수봉로72길 31,,37.64262972,127.0126167,2000,전용주,02-901-5863,서울특별시 강북구청,2025-08-12
2013-06-28,1,서울특별시 강북구 인수봉로72길 31,,37.64262972,127.0126167,2000,한전주,02-901-5863,서울특별시 강북구청,2025-08-12
2013-06-27,1,서울특별시 강북구 인수봉로72길 31,,37.64262972,127.0126167,2000,,02-901-5863,서울특별시 강북구청,2025-08-12
2013-06-26,1,서울특별시 강북구 인수봉로72길 43,,37.64286167,127.0132144,2000,전용주,02-901-5863,서울특별시 강북구청,2025-08-12
2013-06-25,1,서울특별시 강북구 인수봉로72길 41,,37.64276869,127.0130418,2000,한전주,02-901-5863,서울특별시 강북구청,2025-08-12
2013-06-22,1,서울특별시 강북구 인수봉로72길 27,,37.64253109,127.0123564,2000,건축물,02-901-5863,서울특별시 강북구청,2025-08-12
2013-06-21,1,서울특별시 강북구 인수봉로72길 27,,37.64253109,127.012394,2000,건축물,02-901-5863,서울특별시 강북구청,2025-08-12
2013-06-20,1,서울특별시 강북구 인수봉로72길 27,,37.64253109,127.012394,2000,건축물,02-901-5863,서울특별시 강북구청,2025-08-12
2013-06-19,1,서울특별시 강북구 인수봉로72길 27,,37.64253109,127.012394,2000,,02-901-5863,서울특별시 강북구청,2025-08-12
2013-06-18,1,서울특별시 강북구 인수봉로72길 27,,37.64253109,127.012394,2000,한전주,02-901-5863,서울특별시 강북구청,2025-08-12
2013-06-15,1,서울특별시 강북구 인수봉로72길 27,,37.64253109,127.012394,2000,한전주,02-901-5863,서울특별시 강북구청,2025-08-12
2013-06-14,1,서울특별시 강북구 인수봉로 270,,37.6427825,127.0112891,2000,전용주,02-901-5863,서울특별시 강북구청,2025-08-12
2013-06-13,1,서울특별시 강북구 인수봉로 270,,37.64258401,127.0112577,2000,한전주,02-901-5863,서울특별시 강북구청,2025-08-12
2013-06-12,2,서울특별시 강북구 인수봉로72길 7,,37.6425052,127.0115307,2000,,02-901-5863,서울특별시 강북구청,2025-08-12
2013-06-11,1,서울특별시 강북구 인수봉로72길 7,,37.64255082,127.0115981,2000,한전주,02-901-5863,서울특별시 강북구청,2025-08-12
2013-06-10,1,서울특별시 강북구 인수봉로72길 15,,37.64242123,127.0117778,2000,건축물,02-901-5863,서울특별시 강북구청,2025-08-12
2013-06-09,2,서울특별시 강북구 인수봉로72길 15,,37.64242123,127.0117565,2000,한전주,02-901-5863,서울특별시 강북구청,2025-08-12
2013-06-08,1,서울특별시 강북구 인수봉로72길 15,,37.64242123,127.0117746,2000,한전주,02-901-5863,서울특별시 강북구청,2025-08-12
2013-06-07,1,서울특별시 강북구 인수봉로72길 15,,37.64242123,127.0117778,2000,전용주,02-901-5863,서울특별시 강북구청,2025-08-12
2013-06-06,1,서울특별시 강북구 인수봉로72길 15,,37.64242123,127.0117778,2000,한전주,02-901-5863,서울특별시 강북구청,2025-08-12
2013-06-05,1,서울특별시 강북구 인수봉로72길 15,,37.64242123,127.0117725,2000,한전주,02-901-5863,서울특별시 강북구청,2025-08-12
2013-06-04,1,서울특별시 강북구 인수봉로72길 15,,37.64242123,127.0117252,2000,한전주,02-901-5863,서울특별시 강북구청,2025-08-12
2013-06-03,1,서울특별시 강북구 인수봉로76길 4,,37.64332911,127.0112567,2000,한전주,02-901-5863,서울특별시 강북구청,2025-08-12
2013-06-02,1,서울특별시 강북구 인수봉로76길 4,,37.64332911,127.0112567,2000,한전주,02-901-5863,서울특별시 강북구청,2025-08-12
2013-06-01,2,서울특별시 강북구 인수봉로76길 8,,37.64331538,127.0114407,2000,한전주,02-901-5863,서울특별시 강북구청,2025-08-12
2013-05-31,1,서울특별시 강북구 삼각산로 89,,37.64067068,127.0140463,2000,전용주,02-901-5863,서울특별시 강북구청,2025-08-12
2013-05-30,1,서울특별시 강북구 삼각산로 81,,37.64029316,127.0131463,2000,한전주,02-901-5863,서울특별시 강북구청,2025-08-12
2013-05-29,1,서울특별시 강북구 삼양로107길 14,,37.64155998,127.015951,2000,,02-901-5863,서울특별시 강북구청,2025-08-12
2013-05-28,1,서울특별시 강북구 삼각산로17길 11,,37.64109266,127.014824,2000,한전주,02-901-5863,서울특별시 강북구청,2025-08-12
2013-05-27,1,서울특별시 강북구 삼각산로17길 9,,37.64094682,127.0147969,2000,한전주,02-901-5863,서울특별시 강북구청,2025-08-12
2013-05-26,1,서울특별시 강북구 인수봉로67길 25,,37.63969876,127.0104007,2000,한전주,02-901-5863,서울특별시 강북구청,2025-08-12
2013-05-25,1,서울특별시 강북구 인수봉로67길 20,,37.63998941,127.010578,2000,한전주,02-901-5863,서울특별시 강북구청,2025-08-12
2013-05-24,1,서울특별시 강북구 인수봉로67길 11,,37.63992389,127.0110097,2000,한전주,02-901-5863,서울특별시 강북구청,2025-08-12
2013-05-22,1,서울특별시 강북구 인수봉로 235,,37.64007741,127.0117604,2000,전용주,02-901-5863,서울특별시 강북구청,2025-08-12
2013-05-21,2,서울특별시 강북구 삼각산로 65,,37.63995528,127.0115305,2000,한전주,02-901-5863,서울특별시 강북구청,2025-08-12
2013-05-20,2,서울특별시 강북구 삼각산로 79,,37.6402558,127.0129882,2000,한전주,02-901-5863,서울특별시 강북구청,2025-08-12
2013-05-19,1,서울특별시 강북구 삼각산로 75,,37.64018989,127.0125384,2000,한전주,02-901-5863,서울특별시 강북구청,2025-08-12
2013-05-18,1,서울특별시 강북구 인수봉로66길 5,,37.64030351,127.0122284,2000,한전주,02-901-5863,서울특별시 강북구청,2025-08-12
2013-05-17,1,서울특별시 강북구 인수봉로66길 5,,37.64047421,127.0121695,2000,건축물,02-901-5863,서울특별시 강북구청,2025-08-12
2013-05-16,1,서울특별시 강북구 인수봉로66길 5,,37.64057303,127.0121342,2000,한전주,02-901-5863,서울특별시 강북구청,2025-08-12
2013-05-15,2,서울특별시 강북구 인수봉로68길 15,,37.64088893,127.012198,2000,한전주,02-901-5863,서울특별시 강북구청,2025-08-12
2013-05-14,2,서울특별시 강북구 인수봉로68길 19,,37.64101743,127.0124795,2000,한전주,02-901-5863,서울특별시 강북구청,2025-08-12
2013-05-13,1,서울특별시 강북구 인수봉로68길 25,,37.6411738,127.0128627,2000,한전주,02-901-5863,서울특별시 강북구청,2025-08-12
2013-05-11,1,서울특별시 강북구 인수봉로68길 42,,37.64122633,127.0137572,2000,한전주,02-901-5863,서울특별시 강북구청,2025-08-12
2013-05-10,1,서울특별시 강북구 삼양로107길 41,,37.64126718,127.0143345,2000,한전주,02-901-5863,서울특별시 강북구청,2025-08-12
2013-05-09,1,서울특별시 강북구 삼양로107길 37,,37.64122431,127.0145957,2000,한전주,02-901-5863,서울특별시 강북구청,2025-08-12
2013-05-08,1,서울특별시 강북구 삼양로107길 33,,37.64123502,127.014810,2000,한전주,02-901-5863,서울특별시 강북구청,2025-08-12
2013-05-07,1,서울특별시 강북구 삼양로107길 25,,37.6413013,127.0151839,2000,한전주,02-901-5863,서울특별시 강북구청,2025-08-12
2013-05-06,2,서울특별시 강북구 삼양로107길 22,,37.64157347,127.0154069,2000,한전주,02-901-5863,서울특별시 강북구청,2025-08-12
2013-05-05,1,서울특별시 강북구 삼양로107길 14,,37.64155998,127.015951,2000,한전주,02-901-5863,서울특별시 강북구청,2025-08-12
2013-05-04,1,서울특별시 강북구 삼양로107길 6,,37.64147328,127.0163569,2000,한전주,02-901-5863,서울특별시 강북구청,2025-08-12
2013-05-03,1,서울특별시 강북구 삼각산로17길 11,,37.64109837,127.0148142,2000,한전주,02-901-5863,서울특별시 강북구청,2025-08-12
2013-05-02,1,서울특별시 강북구 삼각산로17길 9,,37.64094512,127.0147969,2000,한전주,02-901-5863,서울특별시 강북구청,2025-08-12
2013-05-01,1,서울특별시 강북구 삼각산로 93,,37.64070643,127.0146254,2000,한전주,02-901-5863,서울특별시 강북구청,2025-08-12
2013-04-30,1,서울특별시 강북구 삼양로111가길 11,,37.64276822,127.0147596,2000,전용주,02-901-5863,서울특별시 강북구청,2025-08-12
2013-04-29,1,서울특별시 강북구 삼양로111가길 11,,37.64270245,127.0147596,2000,한전주,02-901-5863,서울특별시 강북구청,2025-08-12
2013-04-28,1,서울특별시 강북구 삼양로111가길 10,,37.64252487,127.0149638,2000,건축물,02-901-5863,서울특별시 강북구청,2025-08-12
2013-04-27,1,서울특별시 강북구 삼양로111길 24,,37.64236468,127.0152039,2000,전용주,02-901-5863,서울특별시 강북구청,2025-08-12
2013-04-26,1,서울특별시 강북구 삼양로111길 23,,37.64210313,127.0151733,2000,한전주,02-901-5863,서울특별시 강북구청,2025-08-12
2013-04-25,2,서울특별시 강북구 삼양로111길 27,,37.64210162,127.014992,2000,한전주,02-901-5863,서울특별시 강북구청,2025-08-12
2013-04-24,2,서울특별시 강북구 삼양로111길 57,,37.64178956,127.0132285,2000,한전주,02-901-5863,서울특별시 강북구청,2025-08-12
2013-04-23,2,서울특별시 강북구 삼양로111길 56,,37.64196344,127.0134286,2000,한전주,02-901-5863,서울특별시 강북구청,2025-08-12
2013-04-22,1,서울특별시 강북구 삼양로111길 54,,37.64199032,127.0135318,2000,건축물,02-901-5863,서울특별시 강북구청,2025-08-12
2013-04-21,2,서울특별시 강북구 삼양로111길 48,,37.64209042,127.0139341,2000,한전주,02-901-5863,서울특별시 강북구청,2025-08-12
2013-04-20,1,서울특별시 강북구 삼양로111길 48,,37.64208117,127.0139341,2000,건축물,02-901-5863,서울특별시 강북구청,2025-08-12
2013-04-19,1,서울특별시 강북구 삼양로111길 50,,37.64203735,127.0137691,2000,한전주,02-901-5863,서울특별시 강북구청,2025-08-12
2013-04-18,1,서울특별시 강북구 삼양로111길 40,,37.64222255,127.0143015,2000,,02-901-5863,서울특별시 강북구청,2025-08-12
2013-04-17,2,서울특별시 강북구 삼양로111길 40,,37.64222255,127.0143015,2000,한전주,02-901-5863,서울특별시 강북구청,2025-08-12
2013-04-16,1,서울특별시 강북구 삼양로111길 40,,37.64222255,127.0143015,2000,건축물,02-901-5863,서울특별시 강북구청,2025-08-12
2013-04-15,1,서울특별시 강북구 삼양로111길 40,,37.64222255,127.0143015,2000,건축물,02-901-5863,서울특별시 강북구청,2025-08-12
2013-04-14,2,서울특별시 강북구 삼양로111길 40,,37.64222199,127.0143015,2000,한전주,02-901-5863,서울특별시 강북구청,2025-08-12
2013-04-13,1,서울특별시 강북구 삼양로111길 43,,37.64194164,127.0142254,2000,한전주,02-901-5863,서울특별시 강북구청,2025-08-12
2013-04-12,1,서울특별시 강북구 삼양로107길 32,,37.6414061,127.0148908,2000,,02-901-5863,서울특별시 강북구청,2025-08-12
2013-04-11,1,서울특별시 강북구 삼양로107길 32,,37.6414061,127.0148908,2000,,02-901-5863,서울특별시 강북구청,2025-08-12
2013-04-10,2,서울특별시 강북구 삼양로109길 34,,37.64192865,127.014779,2000,한전주,02-901-5863,서울특별시 강북구청,2025-08-12
2013-04-09,1,서울특별시 강북구 삼양로109길 29,,37.64181304,127.0149619,2000,건축물,02-901-5863,서울특별시 강북구청,2025-08-12
2013-04-08,1,서울특별시 강북구 삼양로109길 29,,37.64181304,127.0149619,2000,전용주,02-901-5863,서울특별시 강북구청,2025-08-12
2013-04-07,1,서울특별시 강북구 삼양로109길 26,,37.64193271,127.0152662,2000,건축물,02-901-5863,서울특별시 강북구청,2025-08-12
2013-04-06,1,서울특별시 강북구 삼양로109길 21,,37.64179035,127.0154834,2000,건축물,02-901-5863,서울특별시 강북구청,2025-08-12
2013-04-05,1,서울특별시 강북구 삼양로111길 43,,37.64194164,127.0142179,2000,건축물,02-901-5863,서울특별시 강북구청,2025-08-12
2013-04-04,1,서울특별시 강북구 삼양로107길 28,,37.64170795,127.0153258,2000,한전주,02-901-5863,서울특별시 강북구청,2025-08-12
2013-04-03,1,서울특별시 강북구 삼양로107길 28,,37.64152757,127.0153056,2000,한전주,02-901-5863,서울특별시 강북구청,2025-08-12
2013-04-02,1,서울특별시 강북구 삼양로109길 11,,37.6417485,127.016027,2000,전용주,02-901-5863,서울특별시 강북구청,2025-08-12
2013-04-01,1,서울특별시 강북구 삼양로109길 11,,37.64172045,127.016027,2000,건축물,02-901-5863,서울특별시 강북구청,2025-08-12
2013-03-31,2,서울특별시 강북구 인수봉로72길 63,,37.64346499,127.0141554,2000,한전주,02-901-5863,서울특별시 강북구청,2025-08-12
2013-03-30,1,서울특별시 강북구 인수봉로72길 63,,37.64344088,127.0141554,2000,건축물,02-901-5863,서울특별시 강북구청,2025-08-12
2013-03-29,1,서울특별시 강북구 인수봉로72길 63,,37.64344088,127.0141554,2000,한전주,02-901-5863,서울특별시 강북구청,2025-08-12
2013-03-27,1,서울특별시 강북구 삼양로117길 25,,37.64373033,127.0147326,2000,한전주,02-901-5863,서울특별시 강북구청,2025-08-12
2013-03-26,1,서울특별시 강북구 삼양로117길 35,,37.64380649,127.0141424,2000,한전주,02-901-5863,서울특별시 강북구청,2025-08-12
2013-03-25,1,서울특별시 강북구 삼양로117길 39,,37.64389508,127.0139599,2000,한전주,02-901-5863,서울특별시 강북구청,2025-08-12
2013-03-24,1,서울특별시 강북구 삼양로117길 39,,37.64389581,127.0139568,2000,한전주,02-901-5863,서울특별시 강북구청,2025-08-12
2013-03-23,1,서울특별시 강북구 삼양로117길 39,,37.64389581,127.0139068,2000,한전주,02-901-5863,서울특별시 강북구청,2025-08-12
2013-03-22,1,서울특별시 강북구 삼양로117길 39,,37.64389581,127.0139304,2000,건축물,02-901-5863,서울특별시 강북구청,2025-08-12
2013-03-21,1,서울특별시 강북구 인수봉로72길 61,,37.64338239,127.0140687,2000,한전주,02-901-5863,서울특별시 강북구청,2025-08-12
2013-03-20,2,서울특별시 강북구 인수봉로72길 55,,37.64325399,127.0137984,2000,한전주,02-901-5863,서울특별시 강북구청,2025-08-12
2013-03-19,1,서울특별시 강북구 삼양로117길 45,,37.64396153,127.0136813,2000,건축물,02-901-5863,서울특별시 강북구청,2025-08-12
2013-03-18,1,서울특별시 강북구 삼양로117길 45,,37.64396153,127.0136813,2000,전용주,02-901-5863,서울특별시 강북구청,2025-08-12
2013-03-17,1,서울특별시 강북구 삼양로117길 45,,37.64396153,127.0136813,2000,한전주,02-901-5863,서울특별시 강북구청,2025-08-12
2013-03-16,1,서울특별시 강북구 삼양로117길 45,,37.64396153,127.0136813,2000,전용주,02-901-5863,서울특별시 강북구청,2025-08-12
2013-03-15,1,서울특별시 강북구 삼양로117길 45,,37.64396488,127.013687,2000,한전주,02-901-5863,서울특별시 강북구청,2025-08-12
2013-03-14,1,서울특별시 강북구 삼양로117길 49,,37.64402558,127.013500,2000,한전주,02-901-5863,서울특별시 강북구청,2025-08-12
2013-03-13,1,서울특별시 강북구 삼양로117길 49,,37.64402696,127.0135085,2000,건축물,02-901-5863,서울특별시 강북구청,2025-08-12
2013-03-12,1,서울특별시 강북구 삼양로117길 49,,37.64402696,127.013500,2000,한전주,02-901-5863,서울특별시 강북구청,2025-08-12
2013-03-11,1,서울특별시 강북구 삼양로117길 49,,37.64402696,127.013500,2000,한전주,02-901-5863,서울특별시 강북구청,2025-08-12
2013-03-10,1,서울특별시 강북구 삼양로117길 49,,37.64402696,127.013500,2000,한전주,02-901-5863,서울특별시 강북구청,2025-08-12
2013-03-09,2,서울특별시 강북구 인수봉로72길 51,,37.64316182,127.0135503,2000,한전주,02-901-5863,서울특별시 강북구청,2025-08-12
2013-03-08,1,서울특별시 강북구 인수봉로72가길 5,,37.64301455,127.0131783,2000,한전주,02-901-5863,서울특별시 강북구청,2025-08-12
2013-03-07,1,서울특별시 강북구 인수봉로72가길 11,,37.64334695,127.0130606,2000,건축물,02-901-5863,서울특별시 강북구청,2025-08-12
2013-03-06,1,서울특별시 강북구 인수봉로72가길 15,,37.64346993,127.0130383,2000,전용주,02-901-5863,서울특별시 강북구청,2025-08-12
2013-03-05,2,서울특별시 강북구 인수봉로72가길 15,,37.64342595,127.0130383,2000,,02-901-5863,서울특별시 강북구청,2025-08-12
2013-03-04,2,서울특별시 강북구 삼양로117길 39,,37.64389581,127.0139568,2000,한전주,02-901-5863,서울특별시 강북구청,2025-08-12
2013-03-03,1,서울특별시 강북구 인수봉로72가길 25,,37.64389481,127.0128494,2000,한전주,02-901-5863,서울특별시 강북구청,2025-08-12
2013-03-02,1,서울특별시 강북구 삼양로117길 55,,37.64414144,127.0130373,2000,전용주,02-901-5863,서울특별시 강북구청,2025-08-12
2013-03-01,1,서울특별시 강북구 삼양로117길 55,,37.64414144,127.0130373,2000,한전주,02-901-5863,서울특별시 강북구청,2025-08-12
2013-02-28,1,서울특별시 강북구 삼양로123길 9,,37.64465807,127.0151993,2000,한전주,02-901-5863,서울특별시 강북구청,2025-08-12
2013-02-27,1,서울특별시 강북구 삼양로119길 7,,37.64408802,127.0154871,2000,한전주,02-901-5863,서울특별시 강북구청,2025-08-12
2013-02-26,1,서울특별시 강북구 삼양로119길 7,,37.64408802,127.0154871,2000,한전주,02-901-5863,서울특별시 강북구청,2025-08-12
2013-02-25,1,서울특별시 강북구 삼양로 461,,37.64443056,127.0156592,2000,건축물,02-901-5863,서울특별시 강북구청,2025-08-12
2013-02-24,1,서울특별시 강북구 삼양로119길 15,,37.64412891,127.014988,2000,전용주,02-901-5863,서울특별시 강북구청,2025-08-12
2013-02-23,1,서울특별시 강북구 삼양로117길 26,,37.64390689,127.0147602,2000,한전주,02-901-5863,서울특별시 강북구청,2025-08-12
2013-02-22,1,서울특별시 강북구 삼양로119길 19,,37.64421796,127.0148622,2000,한전주,02-901-5863,서울특별시 강북구청,2025-08-12
2013-02-21,1,서울특별시 강북구 삼양로123길 63,,37.64459787,127.0122622,2000,전용주,02-901-5863,서울특별시 강북구청,2025-08-12
2013-02-20,1,서울특별시 강북구 삼양로123길 13,,37.64462919,127.0148943,2000,,02-901-5863,서울특별시 강북구청,2025-08-12
2013-02-19,1,서울특별시 강북구 삼양로119길 23,,37.64418829,127.0145453,2000,한전주,02-901-5863,서울특별시 강북구청,2025-08-12
2013-02-18,1,서울특별시 강북구 삼양로119길 26,,37.64444008,127.0144853,2000,전용주,02-901-5863,서울특별시 강북구청,2025-08-12
2013-02-17,1,서울특별시 강북구 삼양로117길 34,,37.64398316,127.0143257,2000,한전주,02-901-5863,서울특별시 강북구청,2025-08-12
2013-02-16,1,서울특별시 강북구 삼양로117길 40,,37.64406672,127.013941,2000,건축물,02-901-5863,서울특별시 강북구청,2025-08-12
2013-02-15,1,서울특별시 강북구 삼양로117길 40,,37.64406672,127.0139996,2000,건축물,02-901-5863,서울특별시 강북구청,2025-08-12
2013-02-14,1,서울특별시 강북구 삼양로117길 40,,37.64406672,127.0139086,2000,한전주,02-901-5863,서울특별시 강북구청,2025-08-12
2013-02-13,1,서울특별시 강북구 삼양로117길 40,,37.64406672,127.0139996,2000,건축물,02-901-5863,서울특별시 강북구청,2025-08-12
2013-02-12,1,서울특별시 강북구 삼양로123길 39,,37.64442398,127.0136356,2000,한전주,02-901-5863,서울특별시 강북구청,2025-08-12
2013-02-11,1,서울특별시 강북구 삼양로117길 58,,37.64433958,127.0132402,2000,건축물,02-901-5863,서울특별시 강북구청,2025-08-12
2013-02-10,1,서울특별시 강북구 삼양로117길 58,,37.64433958,127.0132402,2000,건축물,02-901-5863,서울특별시 강북구청,2025-08-12
2013-02-09,1,서울특별시 강북구 인수봉로78길 31,,37.64444362,127.0127515,2000,전용주,02-901-5863,서울특별시 강북구청,2025-08-12
2013-02-08,1,서울특별시 강북구 인수봉로78길 31,,37.64444362,127.0127515,2000,건축물,02-901-5863,서울특별시 강북구청,2025-08-12
2013-02-07,1,서울특별시 강북구 삼양로123길 63,,37.64459787,127.0122622,2000,건축물,02-901-5863,서울특별시 강북구청,2025-08-12
2013-02-06,1,서울특별시 강북구 인수봉로80길 21,,37.64476171,127.0119994,2000,한전주,02-901-5863,서울특별시 강북구청,2025-08-12
2013-02-05,1,서울특별시 강북구 인수봉로78길 15,,37.64462467,127.0117746,2000,한전주,02-901-5863,서울특별시 강북구청,2025-08-12
2013-02-04,1,서울특별시 강북구 인수봉로78길 13,,37.64461415,127.0115935,2000,전용주,02-901-5863,서울특별시 강북구청,2025-08-12
2013-02-03,1,서울특별시 강북구 인수봉로 290,,37.64456511,127.0109866,2000,전용주,02-901-5863,서울특별시 강북구청,2025-08-12
2013-02-02,1,서울특별시 강북구 인수봉로 292,,37.64473487,127.010946,2000,전용주,02-901-5863,서울특별시 강북구청,2025-08-12
2013-02-01,1,서울특별시 강북구 인수봉로80길 6,,37.64484545,127.0112391,2000,한전주,02-901-5863,서울특별시 강북구청,2025-08-12
2013-01-23,1,서울특별시 강북구 삼양로111길 18,,37.64333057,127.0154178,2000,건축물,02-901-5863,서울특별시 강북구청,2025-08-12
2013-01-22,1,서울특별시 강북구 삼양로111길 18,,37.64265374,127.0152907,2000,한전주,02-901-5863,서울특별시 강북구청,2025-08-12
2013-01-21,1,서울특별시 강북구 삼양로111길 18,,37.64241143,127.0154072,2000,한전주,02-901-5863,서울특별시 강북구청,2025-08-12
2013-01-20,1,서울특별시 강북구 삼양로111길 18,,37.64242223,127.0156224,2000,한전주,02-901-5863,서울특별시 강북구청,2025-08-12
2013-01-19,1,서울특별시 강북구 삼양로111길 11,,37.6420904,127.015808,2000,한전주,02-901-5863,서울특별시 강북구청,2025-08-12
2013-01-18,1,서울특별시 강북구 삼양로109길 16,,37.6419105,127.0158444,2000,건축물,02-901-5863,서울특별시 강북구청,2025-08-12
2013-01-17,1,서울특별시 강북구 삼양로111길 11,,37.6420904,127.015808,2000,한전주,02-901-5863,서울특별시 강북구청,2025-08-12
2013-01-16,1,서울특별시 강북구 삼양로107길 18,,37.64157602,127.0156909,2000,한전주,02-901-5863,서울특별시 강북구청,2025-08-12
2013-01-15,1,서울특별시 강북구 삼양로109길 4,,37.64191493,127.0163769,2000,전용주,02-901-5863,서울특별시 강북구청,2025-08-12
2013-01-14,1,서울특별시 강북구 삼양로109길 16,,37.6419105,127.0158444,2000,전용주,02-901-5863,서울특별시 강북구청,2025-08-12
2013-01-13,1,서울특별시 강북구 삼양로113길 29,,37.64356359,127.0152674,2000,한전주,02-901-5863,서울특별시 강북구청,2025-08-12
2013-01-12,1,서울특별시 강북구 삼양로 431,,37.64197734,127.0162968,2000,,02-901-5863,서울특별시 강북구청,2025-08-12
2013-01-11,1,서울특별시 강북구 삼양로111가길 7,,37.64283727,127.0146084,2000,한전주,02-901-5863,서울특별시 강북구청,2025-08-12
2013-01-10,1,서울특별시 강북구 삼양로111길 11,,37.6420904,127.015808,2000,건축물,02-901-5863,서울특별시 강북구청,2025-08-12
2013-01-09,1,서울특별시 강북구 삼양로111길 7,,37.64218229,127.0160221,2000,전용주,02-901-5863,서울특별시 강북구청,2025-08-12
2013-01-08,1,서울특별시 강북구 삼양로113길 1,,37.64234493,127.0160766,2000,전용주,02-901-5863,서울특별시 강북구청,2025-08-12
2013-01-07,1,서울특별시 강북구 삼양로113길 3,,37.64256143,127.0161078,2000,전용주,02-901-5863,서울특별시 강북구청,2025-08-12
2013-01-06,2,서울특별시 강북구 삼양로113길 9,,37.64277653,127.015969,2000,한전주,02-901-5863,서울특별시 강북구청,2025-08-12
2013-01-05,2,서울특별시 강북구 삼양로113길 20,,37.64323487,127.0158269,2000,한전주,02-901-5863,서울특별시 강북구청,2025-08-12
2013-01-04,1,서울특별시 강북구 삼양로113길 20,,37.64323487,127.0158269,2000,한전주,02-901-5863,서울특별시 강북구청,2025-08-12
2013-01-03,1,서울특별시 강북구 삼양로117길 14,,37.64370925,127.0154468,2000,한전주,02-901-5863,서울특별시 강북구청,2025-08-12
2013-01-02,1,서울특별시 강북구 삼양로117길 14,,37.64370925,127.0154468,2000,한전주,02-901-5863,서울특별시 강북구청,2025-08-12
2013-01-01,1,서울특별시 강북구 삼양로117길 14,,37.64370543,127.0154481,2000,한전주,02-901-5863,서울특별시 강북구청,2025-08-12
2012-12-31,1,서울특별시 강북구 삼양로159가길 25,,37.65673167,127.0125097,2000,한전주,02-901-5863,서울특별시 강북구청,2025-08-12
2012-12-30,1,서울특별시 강북구 삼양로159가길 17,,37.65708389,127.0126071,2000,한전주,02-901-5863,서울특별시 강북구청,2025-08-12
2012-12-29,1,서울특별시 강북구 삼양로159가길 9,,37.65739002,127.0125804,2000,한전주,02-901-5863,서울특별시 강북구청,2025-08-12
2012-12-28,1,서울특별시 강북구 삼양로159가길 15,,37.6572636,127.012548,2000,건축물,02-901-5863,서울특별시 강북구청,2025-08-12
2012-12-27,2,서울특별시 강북구 삼양로159가길 15,,37.65726593,127.0125422,2000,한전주,02-901-5863,서울특별시 강북구청,2025-08-12
2012-12-26,1,서울특별시 강북구 삼양로155가길 27,,37.65729262,127.0127857,2000,건축물,02-901-5863,서울특별시 강북구청,2025-08-12
2012-12-25,1,서울특별시 강북구 삼양로155가길 10,,37.65654646,127.0129882,2000,,02-901-5863,서울특별시 강북구청,2025-08-12
2012-12-24,1,서울특별시 강북구 삼양로155가길 19,,37.65701352,127.012812,2000,한전주,02-901-5863,서울특별시 강북구청,2025-08-12
2012-12-23,1,서울특별시 강북구 삼양로 601,,37.65659544,127.0131551,2000,한전주,02-901-5863,서울특별시 강북구청,2025-08-12
2012-12-22,1,서울특별시 강북구 삼양로155가길 11,,37.65676866,127.012787,2000,한전주,02-901-5863,서울특별시 강북구청,2025-08-12
2012-12-21,1,서울특별시 강북구 삼양로155가길 7,,37.65649032,127.0127396,2000,건축물,02-901-5863,서울특별시 강북구청,2025-08-12
2012-12-19,1,서울특별시 강북구 삼양로155길 3,,37.6558145,127.0128944,2000,한전주,02-901-5863,서울특별시 강북구청,2025-08-12
2012-12-18,1,서울특별시 강북구 삼양로155길 3,,37.6558145,127.0128488,2000,건축물,02-901-5863,서울특별시 강북구청,2025-08-12
2012-12-17,1,서울특별시 강북구 삼양로155길 9,,37.65601347,127.0125323,2000,한전주,02-901-5863,서울특별시 강북구청,2025-08-12
2012-12-16,1,서울특별시 강북구 삼양로155길 9,,37.65601347,127.012597,2000,건축물,02-901-5863,서울특별시 강북구청,2025-08-12
2012-12-15,1,서울특별시 강북구 삼양로155길 19,,37.65635063,127.0121974,2000,한전주,02-901-5863,서울특별시 강북구청,2025-08-12
2012-12-14,1,서울특별시 강북구 삼양로155길 15,,37.65609035,127.0122903,2000,한전주,02-901-5863,서울특별시 강북구청,2025-08-12
2012-12-13,1,서울특별시 강북구 삼양로155길 15,,37.65609035,127.0122903,2000,건축물,02-901-5863,서울특별시 강북구청,2025-08-12
2012-12-12,1,서울특별시 강북구 삼양로149길 84,,37.65626576,127.0117452,2000,전용주,02-901-5863,서울특별시 강북구청,2025-08-12
2012-12-11,1,서울특별시 강북구 삼양로149길 84,,37.65626576,127.0117452,2000,전용주,02-901-5863,서울특별시 강북구청,2025-08-12
2012-12-10,1,서울특별시 강북구 삼양로149길 76,,37.65592444,127.0118744,2000,전용주,02-901-5863,서울특별시 강북구청,2025-08-12
2012-12-09,1,서울특별시 강북구 삼양로149길 76,,37.65592444,127.0118744,2000,한전주,02-901-5863,서울특별시 강북구청,2025-08-12
2012-12-08,1,서울특별시 강북구 삼양로155길 15,,37.65609035,127.0122903,2000,한전주,02-901-5863,서울특별시 강북구청,2025-08-12
2012-12-07,1,서울특별시 강북구 삼양로149길 68,,37.65573658,127.0120356,2000,,02-901-5863,서울특별시 강북구청,2025-08-12
2012-12-06,1,서울특별시 강북구 삼양로149길 66,,37.65564724,127.0121274,2000,전용주,02-901-5863,서울특별시 강북구청,2025-08-12
2012-12-05,1,서울특별시 강북구 삼양로 587,,37.65534572,127.0128974,2000,한전주,02-901-5863,서울특별시 강북구청,2025-08-12
2012-12-04,1,서울특별시 강북구 삼양로 587,,37.65534572,127.0128974,2000,,02-901-5863,서울특별시 강북구청,2025-08-12
2012-12-03,1,서울특별시 강북구 삼양로 587,,37.65534572,127.0128974,2000,건축물,02-901-5863,서울특별시 강북구청,2025-08-12
2012-12-02,1,서울특별시 강북구 삼양로 587,,37.65534572,127.0128974,2000,한전주,02-901-5863,서울특별시 강북구청,2025-08-12
2012-12-01,1,서울특별시 강북구 삼양로149길 62,,37.65552263,127.0122819,2000,한전주,02-901-5863,서울특별시 강북구청,2025-08-12
2012-11-21,1,서울특별시 강북구 삼양로 587,,37.65534572,127.0128974,2000,건축물,02-901-5863,서울특별시 강북구청,2025-08-12
2012-11-20,1,서울특별시 강북구 삼양로 581,,37.65484983,127.0127637,2000,건축물,02-901-5863,서울특별시 강북구청,2025-08-12
2012-11-19,1,서울특별시 강북구 삼양로 581,,37.65484983,127.0127637,2000,한전주,02-901-5863,서울특별시 강북구청,2025-08-12
2012-11-18,1,서울특별시 강북구 삼양로 581,,37.65484983,127.0127637,2000,건축물,02-901-5863,서울특별시 강북구청,2025-08-12
2012-11-17,1,서울특별시 강북구 삼양로 581,,37.65484983,127.0127637,2000,건축물,02-901-5863,서울특별시 강북구청,2025-08-12
2012-11-16,1,서울특별시 강북구 삼양로149길 56,,37.6550532,127.0122033,2000,한전주,02-901-5863,서울특별시 강북구청,2025-08-12
2012-11-15,1,서울특별시 강북구 삼양로149길 16,,37.6549614,127.0120005,2000,전용주,02-901-5863,서울특별시 강북구청,2025-08-12
2012-11-14,1,서울특별시 강북구 삼양로 577,,37.65447918,127.0126681,2000,한전주,02-901-5863,서울특별시 강북구청,2025-08-12
2012-11-13,1,서울특별시 강북구 삼양로 577,,37.65447918,127.0126681,2000,한전주,02-901-5863,서울특별시 강북구청,2025-08-12
2012-11-12,1,서울특별시 강북구 삼양로149길 10,,37.65409821,127.0122159,2000,한전주,02-901-5863,서울특별시 강북구청,2025-08-12
2012-11-11,1,서울특별시 강북구 삼양로149길 6,,37.65396087,127.0123866,2000,한전주,02-901-5863,서울특별시 강북구청,2025-08-12
2012-11-10,2,서울특별시 강북구 삼양로149길 6,,37.65396087,127.0123007,2000,한전주,02-901-5863,서울특별시 강북구청,2025-08-12
2012-11-09,1,서울특별시 강북구 삼양로149길 16,,37.65434943,127.0120879,2000,한전주,02-901-5863,서울특별시 강북구청,2025-08-12
2012-11-08,1,서울특별시 강북구 삼양로149길 16,,37.65452098,127.012131,2000,한전주,02-901-5863,서울특별시 강북구청,2025-08-12
2012-11-07,1,서울특별시 강북구 삼양로149길 30,,37.65434307,127.0113287,2000,한전주,02-901-5863,서울특별시 강북구청,2025-08-12
2012-11-06,1,서울특별시 강북구 삼양로149길 38,,37.65458879,127.0116201,2000,한전주,02-901-5863,서울특별시 강북구청,2025-08-12
2012-11-05,1,서울특별시 강북구 삼양로 577,,37.65447918,127.0126681,2000,한전주,02-901-5863,서울특별시 강북구청,2025-08-12
2012-11-04,1,서울특별시 강북구 삼양로149길 58,,37.65518852,127.0122242,2000,,02-901-5863,서울특별시 강북구청,2025-08-12
2012-11-03,1,서울특별시 강북구 삼양로 581,,37.65484983,127.0127637,2000,한전주,02-901-5863,서울특별시 강북구청,2025-08-12
2012-11-02,1,서울특별시 강북구 삼양로149길 16,,37.65453701,127.0118928,2000,,02-901-5863,서울특별시 강북구청,2025-08-12
2012-11-01,1,서울특별시 강북구 삼양로 577,,37.65447918,127.0126681,2000,건축물,02-901-5863,서울특별시 강북구청,2025-08-12
2012-10-30,1,서울특별시 강북구 삼양로145길 42,,37.6510816,127.010284,2000,전용주,02-901-5863,서울특별시 강북구청,2025-08-12
2012-10-29,1,서울특별시 강북구 삼양로145길 42,,37.6510816,127.010284,2000,한전주,02-901-5863,서울특별시 강북구청,2025-08-12
2012-10-28,2,서울특별시 강북구 삼양로145길 42,,37.6510816,127.010284,2000,한전주,02-901-5863,서울특별시 강북구청,2025-08-12
2012-10-27,1,서울특별시 강북구 삼양로145길 42,,37.6510816,127.010284,2000,전용주,02-901-5863,서울특별시 강북구청,2025-08-12
2012-10-26,2,서울특별시 강북구 삼양로145길 42,,37.6510816,127.010284,2000,한전주,02-901-5863,서울특별시 강북구청,2025-08-12
2012-10-25,2,서울특별시 강북구 삼양로145길 177,,37.64948328,127.0034378,2000,한전주,02-901-5863,서울특별시 강북구청,2025-08-12
2012-10-24,1,서울특별시 강북구 삼양로145길 177,,37.64948328,127.0034378,2000,한전주,02-901-5863,서울특별시 강북구청,2025-08-12
2012-10-23,1,서울특별시 강북구 삼양로145길 177,,37.64948328,127.0034378,2000,한전주,02-901-5863,서울특별시 강북구청,2025-08-12
2012-10-22,1,서울특별시 강북구 삼양로145길 177,,37.64948328,127.0034378,2000,한전주,02-901-5863,서울특별시 강북구청,2025-08-12
2012-10-21,1,서울특별시 강북구 삼양로145길 177,,37.64948328,127.0034378,2000,한전주,02-901-5863,서울특별시 강북구청,2025-08-12
2012-10-20,1,서울특별시 강북구 삼양로145길 177,,37.64948328,127.0034378,2000,한전주,02-901-5863,서울특별시 강북구청,2025-08-12
2012-10-19,1,서울특별시 강북구 삼양로145길 177,,37.64948328,127.0034378,2000,한전주,02-901-5863,서울특별시 강북구청,2025-08-12
2012-10-18,1,서울특별시 강북구 삼양로145길 177,,37.64948328,127.0034378,2000,한전주,02-901-5863,서울특별시 강북구청,2025-08-12
2012-10-17,1,서울특별시 강북구 삼양로145길 177,,37.64948328,127.0034378,2000,한전주,02-901-5863,서울특별시 강북구청,2025-08-12
2012-10-16,1,서울특별시 강북구 삼양로 561,,37.65300827,127.012253,2000,전용주,02-901-5863,서울특별시 강북구청,2025-08-12
2012-10-15,1,서울특별시 강북구 삼양로 561,,37.65300827,127.012253,2000,한전주,02-901-5863,서울특별시 강북구청,2025-08-12
2012-10-14,1,서울특별시 강북구 삼양로 561,,37.65300827,127.012253,2000,한전주,02-901-5863,서울특별시 강북구청,2025-08-12
2012-10-13,1,서울특별시 강북구 삼양로 561,,37.65300827,127.012253,2000,한전주,02-901-5863,서울특별시 강북구청,2025-08-12
2012-10-12,1,서울특별시 강북구 삼양로 561,,37.65300827,127.012253,2000,한전주,02-901-5863,서울특별시 강북구청,2025-08-12
2012-10-11,1,서울특별시 강북구 삼양로 561,,37.65300827,127.012253,2000,한전주,02-901-5863,서울특별시 강북구청,2025-08-12
2012-10-10,1,서울특별시 강북구 삼양로149가길 29,,37.65334635,127.0100723,2000,한전주,02-901-5863,서울특별시 강북구청,2025-08-12
2012-10-07,1,서울특별시 강북구 삼양로 561,,37.65300827,127.012253,2000,한전주,02-901-5863,서울특별시 강북구청,2025-08-12
2012-10-06,1,서울특별시 강북구 삼양로 561,,37.65300827,127.012253,2000,한전주,02-901-5863,서울특별시 강북구청,2025-08-12
2012-10-03,1,서울특별시 강북구 삼양로 561,,37.65300827,127.012253,2000,전용주,02-901-5863,서울특별시 강북구청,2025-08-12
2012-10-02,1,서울특별시 강북구 삼양로 561,,37.65300827,127.012253,2000,한전주,02-901-5863,서울특별시 강북구청,2025-08-12
2012-10-01,1,서울특별시 강북구 삼양로 561,,37.65300827,127.012253,2000,한전주,02-901-5863,서울특별시 강북구청,2025-08-12
2012-09-30,2,서울특별시 강북구 삼양로141길 23,,37.64971693,127.0119452,2000,한전주,02-901-5863,서울특별시 강북구청,2025-08-12
2012-09-29,1,서울특별시 강북구 삼양로139길 16,,37.64949407,127.0127399,2000,건축물,02-901-5863,서울특별시 강북구청,2025-08-12
2012-09-28,1,서울특별시 강북구 삼양로139길 16,,37.64942114,127.0127399,2000,건축물,02-901-5863,서울특별시 강북구청,2025-08-12
2012-09-27,1,서울특별시 강북구 삼양로141길 15,,37.65003448,127.012332,2000,한전주,02-901-5863,서울특별시 강북구청,2025-08-12
2012-09-26,2,서울특별시 강북구 삼양로141길 15,,37.65001756,127.0123379,2000,한전주,02-901-5863,서울특별시 강북구청,2025-08-12
2012-09-25,2,서울특별시 강북구 삼양로139가길 17,,37.65009067,127.0124616,2000,한전주,02-901-5863,서울특별시 강북구청,2025-08-12
2012-09-24,2,서울특별시 강북구 삼양로139가길 11,,37.64983044,127.0125897,2000,한전주,02-901-5863,서울특별시 강북구청,2025-08-12
2012-09-23,1,서울특별시 강북구 삼양로139가길 3,,37.64952488,127.0126844,2000,건축물,02-901-5863,서울특별시 강북구청,2025-08-12
2012-09-22,1,서울특별시 강북구 삼양로139길 16,,37.64941725,127.0127424,2000,전용주,02-901-5863,서울특별시 강북구청,2025-08-12
2012-09-21,1,서울특별시 강북구 삼양로139길 8,,37.64943089,127.0132975,2000,한전주,02-901-5863,서울특별시 강북구청,2025-08-12
2012-09-20,1,서울특별시 강북구 삼양로139길 8,,37.6494291,127.0132155,2000,한전주,02-901-5863,서울특별시 강북구청,2025-08-12
2012-09-19,1,서울특별시 강북구 삼양로139길 8,,37.6494291,127.0132999,2000,한전주,02-901-5863,서울특별시 강북구청,2025-08-12
2012-09-18,1,서울특별시 강북구 삼양로139길 8,,37.6494291,127.0132999,2000,건축물,02-901-5863,서울특별시 강북구청,2025-08-12
2012-09-17,1,서울특별시 강북구 삼양로141길 5,,37.65021177,127.0129359,2000,한전주,02-901-5863,서울특별시 강북구청,2025-08-12
2012-09-16,1,서울특별시 강북구 삼양로 530,,37.6503248,127.0135237,2000,건축물,02-901-5863,서울특별시 강북구청,2025-08-12
2012-09-15,1,서울특별시 강북구 삼양로142길 6,,37.65041584,127.0136358,2000,건축물,02-901-5863,서울특별시 강북구청,2025-08-12
2012-09-14,1,서울특별시 강북구 삼양로 526,,37.64991693,127.0137201,2000,건축물,02-901-5863,서울특별시 강북구청,2025-08-12
2012-09-13,1,서울특별시 강북구 삼양로142길 6,,37.65038113,127.0137949,2000,한전주,02-901-5863,서울특별시 강북구청,2025-08-12
2012-09-12,1,서울특별시 강북구 삼양로140길 5,,37.64945316,127.0140513,2000,건축물,02-901-5863,서울특별시 강북구청,2025-08-12
2012-09-11,1,서울특별시 강북구 삼양로140길 5,,37.64945316,127.0140513,2000,건축물,02-901-5863,서울특별시 강북구청,2025-08-12
2012-09-09,1,서울특별시 강북구 삼양로140길 5,,37.64945316,127.0140269,2000,한전주,02-901-5863,서울특별시 강북구청,2025-08-12
2012-09-08,1,서울특별시 강북구 삼양로140길 5,,37.64945316,127.0140513,2000,건축물,02-901-5863,서울특별시 강북구청,2025-08-12
2012-09-07,1,서울특별시 강북구 삼양로140길 5,,37.64945316,127.0140513,2000,한전주,02-901-5863,서울특별시 강북구청,2025-08-12
2012-09-05,1,서울특별시 강북구 삼양로140길 5,,37.64945316,127.0140513,2000,한전주,02-901-5863,서울특별시 강북구청,2025-08-12
2012-09-04,1,서울특별시 강북구 삼양로140길 12,,37.64943144,127.0144421,2000,한전주,02-901-5863,서울특별시 강북구청,2025-08-12
2012-09-03,1,서울특별시 강북구 삼양로138길 15,,37.6492356,127.014728,2000,건축물,02-901-5863,서울특별시 강북구청,2025-08-12
2012-09-02,1,서울특별시 강북구 삼양로138길 7,,37.64924158,127.0143653,2000,한전주,02-901-5863,서울특별시 강북구청,2025-08-12
2012-09-01,1,서울특별시 강북구 삼양로 518,,37.64930171,127.0140132,2000,한전주,02-901-5863,서울특별시 강북구청,2025-08-12
2012-08-22,2,서울특별시 강북구 삼양로139나길 2,,37.64897333,127.0124537,2000,,02-901-5863,서울특별시 강북구청,2025-08-12
2012-08-15,1,서울특별시 강북구 삼양로139길 40,,37.64845648,127.0120639,2000,한전주,02-901-5863,서울특별시 강북구청,2025-08-12
2012-08-14,1,서울특별시 강북구 삼양로139길 46,,37.64834676,127.0118727,2000,한전주,02-901-5863,서울특별시 강북구청,2025-08-12
2012-08-04,2,서울특별시 강북구 삼양로139길 43,,37.64814096,127.0120454,2000,한전주,02-901-5863,서울특별시 강북구청,2025-08-12
2012-08-03,1,서울특별시 강북구 삼양로139길 49,,37.64793223,127.0118669,2000,건축물,02-901-5863,서울특별시 강북구청,2025-08-12
2012-08-02,1,서울특별시 강북구 삼양로139길 49,,37.64793223,127.0118669,2000,전용주,02-901-5863,서울특별시 강북구청,2025-08-12
2012-08-01,1,서울특별시 강북구 삼양로139길 50,,37.64818231,127.0115978,2000,한전주,02-901-5863,서울특별시 강북구청,2025-08-12
2012-07-31,1,서울특별시 강북구 419로 36,,37.64761112,127.0101033,2000,건축물,02-901-5863,서울특별시 강북구청,2025-08-12
2012-07-30,1,서울특별시 강북구 419로 36,,37.64742316,127.0102531,2000,건축물,02-901-5863,서울특별시 강북구청,2025-08-12
2012-07-28,2,서울특별시 강북구 삼양로139나길 54,,37.64835414,127.0095269,2000,한전주,02-901-5863,서울특별시 강북구청,2025-08-12
2012-07-27,1,서울특별시 강북구 삼양로139나길 53,,37.64800563,127.0098715,2000,건축물,02-901-5863,서울특별시 강북구청,2025-08-12
2012-07-26,1,서울특별시 강북구 삼양로139나길 53,,37.64800563,127.0098715,2000,전용주,02-901-5863,서울특별시 강북구청,2025-08-12
2012-07-25,1,서울특별시 강북구 삼양로139나길 46,,37.64844275,127.0100672,2000,건축물,02-901-5863,서울특별시 강북구청,2025-08-12
2012-07-24,1,서울특별시 강북구 삼양로139나길 46,,37.64849924,127.0100672,2000,한전주,02-901-5863,서울특별시 강북구청,2025-08-12
2012-07-23,1,서울특별시 강북구 삼양로139나길 52,,37.64838288,127.0097305,2000,한전주,02-901-5863,서울특별시 강북구청,2025-08-12
2012-07-22,1,서울특별시 강북구 삼양로139나길 45,,37.64823885,127.0101311,2000,한전주,02-901-5863,서울특별시 강북구청,2025-08-12
2012-07-21,1,서울특별시 강북구 삼양로139나길 45,,37.64823304,127.0101291,2000,한전주,02-901-5863,서울특별시 강북구청,2025-08-12
2012-07-20,1,서울특별시 강북구 삼양로139나길 41,,37.64807268,127.0103465,2000,,02-901-5863,서울특별시 강북구청,2025-08-12
2012-07-19,1,서울특별시 강북구 삼양로139나길 38,,37.64899817,127.0100396,2000,전용주,02-901-5863,서울특별시 강북구청,2025-08-12
2012-07-18,1,서울특별시 강북구 삼양로139나길 38,,37.64899817,127.0100396,2000,전용주,02-901-5863,서울특별시 강북구청,2025-08-12
2012-07-17,1,서울특별시 강북구 삼양로139나길 38,,37.64918197,127.0104678,2000,전용주,02-901-5863,서울특별시 강북구청,2025-08-12
2012-07-16,1,서울특별시 강북구 삼양로139나길 38,,37.64918197,127.0104678,2000,한전주,02-901-5863,서울특별시 강북구청,2025-08-12
2012-07-15,1,서울특별시 강북구 삼양로139나길 38,,37.64892971,127.0104711,2000,,02-901-5863,서울특별시 강북구청,2025-08-12
2012-07-14,1,서울특별시 강북구 삼양로139나길 38,,37.64879561,127.0105976,2000,한전주,02-901-5863,서울특별시 강북구청,2025-08-12
2012-07-13,1,서울특별시 강북구 삼양로139나길 35,,37.6483517,127.0106747,2000,건축물,02-901-5863,서울특별시 강북구청,2025-08-12
2012-07-12,1,서울특별시 강북구 삼양로139나길 34,,37.64860708,127.0106794,2000,한전주,02-901-5863,서울특별시 강북구청,2025-08-12
2012-07-11,1,서울특별시 강북구 삼양로139나길 34,,37.64860708,127.0106794,2000,건축물,02-901-5863,서울특별시 강북구청,2025-08-12
2012-07-10,1,서울특별시 강북구 삼양로139나길 29,,37.64843312,127.0110087,2000,건축물,02-901-5863,서울특별시 강북구청,2025-08-12
2012-07-05,2,서울특별시 강북구 삼양로141길 54,,37.64918358,127.0106604,2000,전용주,02-901-5863,서울특별시 강북구청,2025-08-12
2012-07-04,1,서울특별시 강북구 삼양로139나길 30,,37.64857303,127.0109178,2000,한전주,02-901-5863,서울특별시 강북구청,2025-08-12
2012-07-03,1,서울특별시 강북구 삼양로139길 58,,37.64833073,127.0110343,2000,한전주,02-901-5863,서울특별시 강북구청,2025-08-12
2012-07-02,1,서울특별시 강북구 삼양로139길 58,,37.64810645,127.0111506,2000,한전주,02-901-5863,서울특별시 강북구청,2025-08-12
2012-07-01,1,서울특별시 강북구 419로 24,,37.64777689,127.0116083,2000,한전주,02-901-5863,서울특별시 강북구청,2025-08-12
2012-06-30,1,서울특별시 강북구 419로11길 25,,37.64516634,127.008674,2000,한전주,02-901-5863,서울특별시 강북구청,2025-08-12
2012-06-29,1,서울특별시 강북구 419로11길 26,,37.64520797,127.0082655,2000,건축물,02-901-5863,서울특별시 강북구청,2025-08-12
2012-06-28,1,서울특별시 강북구 419로11길 30,,37.64505643,127.0084601,2000,,02-901-5863,서울특별시 강북구청,2025-08-12
2012-06-27,1,서울특별시 강북구 419로11길 30,,37.64505643,127.0084601,2000,한전주,02-901-5863,서울특별시 강북구청,2025-08-12
2012-06-26,1,서울특별시 강북구 419로11길 34,,37.64493058,127.0084958,2000,건축물,02-901-5863,서울특별시 강북구청,2025-08-12
2012-06-25,1,서울특별시 강북구 419로11길 34,,37.64493058,127.0084958,2000,한전주,02-901-5863,서울특별시 강북구청,2025-08-12
2012-06-24,1,서울특별시 강북구 419로13길 29,,37.64494441,127.007997,2000,,02-901-5863,서울특별시 강북구청,2025-08-12
2012-06-23,1,서울특별시 강북구 419로13길 29,,37.64494441,127.007997,2000,,02-901-5863,서울특별시 강북구청,2025-08-12
2012-06-22,1,서울특별시 강북구 419로13길 23,,37.64519572,127.0078804,2000,건축물,02-901-5863,서울특별시 강북구청,2025-08-12
2012-06-21,1,서울특별시 강북구 419로13길 19,,37.64499542,127.0076337,2000,한전주,02-901-5863,서울특별시 강북구청,2025-08-12
2012-06-20,1,서울특별시 강북구 419로21길 55,,37.64526447,127.0074828,2000,한전주,02-901-5863,서울특별시 강북구청,2025-08-12
2012-06-19,1,서울특별시 강북구 419로21길 61,,37.64538926,127.0073225,2000,한전주,02-901-5863,서울특별시 강북구청,2025-08-12
2012-06-18,1,서울특별시 강북구 419로21길 61,,37.64546477,127.0077295,2000,한전주,02-901-5863,서울특별시 강북구청,2025-08-12
2012-06-17,1,서울특별시 강북구 419로11길 16,,37.64553069,127.0080685,2000,한전주,02-901-5863,서울특별시 강북구청,2025-08-12
2012-06-16,1,서울특별시 강북구 419로11길 8,,37.64564238,127.0074212,2000,건축물,02-901-5863,서울특별시 강북구청,2025-08-12
2012-06-15,1,서울특별시 강북구 419로21길 61,,37.64546134,127.0073216,2000,한전주,02-901-5863,서울특별시 강북구청,2025-08-12
2012-06-14,1,서울특별시 강북구 419로11길 8,,37.64582495,127.007702,2000,한전주,02-901-5863,서울특별시 강북구청,2025-08-12
2012-06-13,2,서울특별시 강북구 419로11길 8,,37.64592681,127.0080293,2000,한전주,02-901-5863,서울특별시 강북구청,2025-08-12
2012-06-12,1,서울특별시 강북구 419로 57,,37.64630634,127.0081602,2000,,02-901-5863,서울특별시 강북구청,2025-08-12
2012-06-11,1,서울특별시 강북구 419로9가길 17,,37.64602175,127.0086059,2000,건축물,02-901-5863,서울특별시 강북구청,2025-08-12
2012-06-10,1,서울특별시 강북구 419로9가길 17,,37.64602175,127.0086059,2000,전용주,02-901-5863,서울특별시 강북구청,2025-08-12
2012-06-09,1,서울특별시 강북구 인수봉로81길 28,,37.64572768,127.0089951,2000,한전주,02-901-5863,서울특별시 강북구청,2025-08-12
2012-06-04,1,서울특별시 강북구 419로12길 75,,37.6457052,127.0041795,2000,전용주,02-901-5863,서울특별시 강북구청,2025-08-12
2012-06-03,1,서울특별시 강북구 인수봉로85길 34,,37.64631167,127.0087947,2000,한전주,02-901-5863,서울특별시 강북구청,2025-08-12
2012-06-02,2,서울특별시 강북구 인수봉로85길 25,,37.64635056,127.0091342,2000,한전주,02-901-5863,서울특별시 강북구청,2025-08-12
2012-05-31,1,서울특별시 강북구 인수봉로81길 29,,37.64550993,127.0088167,2000,한전주,02-901-5863,서울특별시 강북구청,2025-08-12
2012-05-29,1,서울특별시 강북구 인수봉로81길 11,,37.64558385,127.0099783,2000,한전주,02-901-5863,서울특별시 강북구청,2025-08-12
2012-05-28,1,서울특별시 강북구 인수봉로81길 11,,37.64558385,127.0099783,2000,건축물,02-901-5863,서울특별시 강북구청,2025-08-12
2012-05-27,2,서울특별시 강북구 인수봉로81길 11,,37.64558385,127.0099783,2000,한전주,02-901-5863,서울특별시 강북구청,2025-08-12
2012-05-26,1,서울특별시 강북구 인수봉로81길 11,,37.64558385,127.0099783,2000,전용주,02-901-5863,서울특별시 강북구청,2025-08-12
2012-05-25,1,서울특별시 강북구 인수봉로81길 11,,37.64558385,127.0099783,2000,한전주,02-901-5863,서울특별시 강북구청,2025-08-12
2012-05-24,1,서울특별시 강북구 인수봉로81길 11,,37.64558385,127.0099783,2000,한전주,02-901-5863,서울특별시 강북구청,2025-08-12
2012-05-23,1,서울특별시 강북구 인수봉로79길 16,,37.64492074,127.0098203,2000,건축물,02-901-5863,서울특별시 강북구청,2025-08-12
2012-05-22,1,서울특별시 강북구 인수봉로79길 18,,37.64478731,127.0096762,2000,한전주,02-901-5863,서울특별시 강북구청,2025-08-12
2012-05-21,1,서울특별시 강북구 인수봉로 295,,37.64514589,127.0105326,2000,한전주,02-901-5863,서울특별시 강북구청,2025-08-12
2012-05-20,1,서울특별시 강북구 인수봉로79길 8,,37.64511525,127.0101024,2000,한전주,02-901-5863,서울특별시 강북구청,2025-08-12
2012-05-18,2,서울특별시 강북구 인수봉로81길 11,,37.64558279,127.0099829,2000,한전주,02-901-5863,서울특별시 강북구청,2025-08-12
2012-05-17,1,서울특별시 강북구 인수봉로81길 10,,37.64573575,127.0099582,2000,한전주,02-901-5863,서울특별시 강북구청,2025-08-12
2012-05-16,1,서울특별시 강북구 419로9길 27,,37.64583448,127.0099116,2000,한전주,02-901-5863,서울특별시 강북구청,2025-08-12
2012-05-14,2,서울특별시 강북구 419로9길 17,,37.64621173,127.0097706,2000,한전주,02-901-5863,서울특별시 강북구청,2025-08-12
2012-05-13,1,서울특별시 강북구 419로9길 13,,37.64649889,127.0096308,2000,한전주,02-901-5863,서울특별시 강북구청,2025-08-12
2012-05-12,1,서울특별시 강북구 인수봉로85길 16,,37.64683195,127.0095924,2000,한전주,02-901-5863,서울특별시 강북구청,2025-08-12
2012-05-11,1,서울특별시 강북구 인수봉로85길 7,,37.64678112,127.0099783,2000,한전주,02-901-5863,서울특별시 강북구청,2025-08-12
2012-05-10,1,서울특별시 강북구 인수봉로85길 5,,37.64684728,127.0101444,2000,건축물,02-901-5863,서울특별시 강북구청,2025-08-12
2012-05-09,2,서울특별시 강북구 419로 39,,37.64704268,127.0100089,2000,,02-901-5863,서울특별시 강북구청,2025-08-12
2012-05-08,1,서울특별시 강북구 인수봉로 311,,37.64648904,127.0103279,2000,한전주,02-901-5863,서울특별시 강북구청,2025-08-12
2012-05-07,1,서울특별시 강북구 인수봉로 311,,37.64648676,127.0103335,2000,한전주,02-901-5863,서울특별시 강북구청,2025-08-12
2012-05-06,1,서울특별시 강북구 인수봉로 305,,37.64601865,127.0101786,2000,한전주,02-901-5863,서울특별시 강북구청,2025-08-12
2012-05-05,2,서울특별시 강북구 인수봉로 305,,37.64601865,127.0101786,2000,한전주,02-901-5863,서울특별시 강북구청,2025-08-12
2012-05-04,1,서울특별시 강북구 인수봉로 299,,37.64543124,127.0104928,2000,전용주,02-901-5863,서울특별시 강북구청,2025-08-12
2012-05-03,1,서울특별시 강북구 인수봉로 299,,37.64540946,127.0104928,2000,건축물,02-901-5863,서울특별시 강북구청,2025-08-12
2012-05-02,1,서울특별시 강북구 인수봉로 303,,37.64581191,127.0104445,2000,한전주,02-901-5863,서울특별시 강북구청,2025-08-12
2012-05-01,1,서울특별시 강북구 인수봉로81길 8,,37.64580906,127.0101045,2000,건축물,02-901-5863,서울특별시 강북구청,2025-08-12
2012-04-30,1,서울특별시 강북구 삼양로131길 65,,37.64697924,127.0110409,2000,,02-901-5863,서울특별시 강북구청,2025-08-12
2012-04-29,1,서울특별시 강북구 삼양로131길 64,,37.64710508,127.0110052,2000,,02-901-5863,서울특별시 강북구청,2025-08-12
2012-04-28,1,서울특별시 강북구 삼양로131길 54,,37.64717308,127.0115936,2000,,02-901-5863,서울특별시 강북구청,2025-08-12
2012-04-27,1,서울특별시 강북구 인수봉로84길 11,,37.64659185,127.0111848,2000,한전주,02-901-5863,서울특별시 강북구청,2025-08-12
2012-04-26,1,서울특별시 강북구 인수봉로84길 11,,37.64659185,127.0111848,2000,건축물,02-901-5863,서울특별시 강북구청,2025-08-12
2012-04-25,1,서울특별시 강북구 인수봉로84길 11,,37.64659185,127.0111848,2000,건축물,02-901-5863,서울특별시 강북구청,2025-08-12
2012-04-24,1,서울특별시 강북구 인수봉로84길 15,,37.64668534,127.0114527,2000,한전주,02-901-5863,서울특별시 강북구청,2025-08-12
2012-04-23,1,서울특별시 강북구 인수봉로84길 15,,37.64668534,127.0114527,2000,한전주,02-901-5863,서울특별시 강북구청,2025-08-12
2012-04-21,1,서울특별시 강북구 인수봉로84길 25,,37.64674376,127.0119732,2000,한전주,02-901-5863,서울특별시 강북구청,2025-08-12
2012-04-20,1,서울특별시 강북구 인수봉로84길 21,,37.64668298,127.0117088,2000,,02-901-5863,서울특별시 강북구청,2025-08-12
2012-04-19,1,서울특별시 강북구 삼양로131길 49,,37.64702317,127.0118908,2000,한전주,02-901-5863,서울특별시 강북구청,2025-08-12
2012-04-18,1,서울특별시 강북구 419로 27,,37.64736778,127.0111717,2000,건축물,02-901-5863,서울특별시 강북구청,2025-08-12
2012-04-17,1,서울특별시 강북구 419로 25,,37.64740543,127.0113639,2000,건축물,02-901-5863,서울특별시 강북구청,2025-08-12
2012-04-16,1,서울특별시 강북구 419로 23,,37.64727066,127.011411,2000,전용주,02-901-5863,서울특별시 강북구청,2025-08-12
2012-04-13,1,서울특별시 강북구 419로 19,,37.64720295,127.0119332,2000,한전주,02-901-5863,서울특별시 강북구청,2025-08-12
2012-04-12,1,서울특별시 강북구 삼양로131길 43,,37.64694433,127.0122539,2000,건축물,02-901-5863,서울특별시 강북구청,2025-08-12
2012-04-11,1,서울특별시 강북구 인수봉로84길 39,,37.64701109,127.0126949,2000,한전주,02-901-5863,서울특별시 강북구청,2025-08-12
2012-03-31,1,서울특별시 강북구 인수봉로80길 11,,37.64551299,127.0113323,2000,한전주,02-901-5863,서울특별시 강북구청,2025-08-12
2012-03-25,1,서울특별시 강북구 인수봉로80길 17,,37.64566767,127.0115115,2000,,02-901-5863,서울특별시 강북구청,2025-08-12
2012-03-24,1,서울특별시 강북구 인수봉로80길 5,,37.64509209,127.0110521,2000,한전주,02-901-5863,서울특별시 강북구청,2025-08-12
2012-03-23,1,서울특별시 강북구 인수봉로 302,,37.64561684,127.010821,2000,한전주,02-901-5863,서울특별시 강북구청,2025-08-12
2012-03-22,1,서울특별시 강북구 인수봉로 308,,37.64628362,127.0108235,2000,전용주,02-901-5863,서울특별시 강북구청,2025-08-12
2012-03-21,1,서울특별시 강북구 인수봉로84길 12,,37.64607935,127.0111775,2000,한전주,02-901-5863,서울특별시 강북구청,2025-08-12
2012-03-20,1,서울특별시 강북구 인수봉로84길 12,,37.64626172,127.0114357,2000,한전주,02-901-5863,서울특별시 강북구청,2025-08-12
2012-03-19,1,서울특별시 강북구 인수봉로84길 12,,37.64640406,127.0112185,2000,한전주,02-901-5863,서울특별시 강북구청,2025-08-12
2012-03-18,1,서울특별시 강북구 인수봉로84길 12,,37.64640406,127.0112185,2000,건축물,02-901-5863,서울특별시 강북구청,2025-08-12
2012-03-17,1,서울특별시 강북구 인수봉로82길 17,,37.64586444,127.0116655,2000,전용주,02-901-5863,서울특별시 강북구청,2025-08-12
2012-03-16,1,서울특별시 강북구 인수봉로82길 17,,37.64586444,127.0116655,2000,한전주,02-901-5863,서울특별시 강북구청,2025-08-12
2012-03-15,1,서울특별시 강북구 인수봉로82길 17,,37.64586444,127.0116324,2000,,02-901-5863,서울특별시 강북구청,2025-08-12
2012-03-03,1,서울특별시 강북구 인수봉로82길 25,,37.64596494,127.0121733,2000,건축물,02-901-5863,서울특별시 강북구청,2025-08-12
2012-03-02,1,서울특별시 강북구 인수봉로82길 25,,37.64596494,127.0121733,2000,건축물,02-901-5863,서울특별시 강북구청,2025-08-12
2012-03-01,1,서울특별시 강북구 인수봉로82길 25,,37.64596494,127.0121733,2000,한전주,02-901-5863,서울특별시 강북구청,2025-08-12
2011-12-17,1,서울특별시 강북구 도봉로89길 5,,37.63889456,127.0259344,2000,전용주,02-901-5863,서울특별시 강북구청,2025-08-12
2011-12-16,1,서울특별시 강북구 한천로 1043,,37.64029785,127.0260407,2000,건축물,02-901-5863,서울특별시 강북구청,2025-08-12
2011-12-15,2,서울특별시 강북구 도봉로 355,,37.63934671,127.0267081,2000,한전주,02-901-5863,서울특별시 강북구청,2025-08-12
2011-12-14,2,서울특별시 강북구 도봉로89길 8,,37.63915779,127.0261689,2000,,02-901-5863,서울특별시 강북구청,2025-08-12
2011-12-13,1,서울특별시 강북구 한천로139가길 14,,37.64011829,127.0255651,2000,,02-901-5863,서울특별시 강북구청,2025-08-12
2011-12-12,1,서울특별시 강북구 한천로139가길 16,,37.64020111,127.0254868,2000,한전주,02-901-5863,서울특별시 강북구청,2025-08-12
2011-12-11,1,서울특별시 강북구 한천로139가길 22,,37.64039352,127.025235,2000,한전주,02-901-5863,서울특별시 강북구청,2025-08-12
2011-12-10,2,서울특별시 강북구 한천로139가길 26,,37.64059746,127.0251365,2000,한전주,02-901-5863,서울특별시 강북구청,2025-08-12
2011-12-09,1,서울특별시 강북구 한천로139가길 30,,37.64067029,127.0249254,2000,전용주,02-901-5863,서울특별시 강북구청,2025-08-12
2011-12-08,1,서울특별시 강북구 한천로 1053,,37.64076118,127.0253853,2000,,02-901-5863,서울특별시 강북구청,2025-08-12
2011-12-07,1,서울특별시 강북구 한천로 1051,,37.64069511,127.0255137,2000,건축물,02-901-5863,서울특별시 강북구청,2025-08-12
2011-12-06,1,서울특별시 강북구 한천로 1049,,37.64060067,127.0256204,2000,건축물,02-901-5863,서울특별시 강북구청,2025-08-12
2011-12-05,1,서울특별시 강북구 한천로 1045,,37.64040303,127.0258581,2000,건축물,02-901-5863,서울특별시 강북구청,2025-08-12
2011-12-04,1,서울특별시 강북구 한천로 1041,,37.64013673,127.0262564,2000,건축물,02-901-5863,서울특별시 강북구청,2025-08-12
2011-12-03,1,서울특별시 강북구 한천로139길 11,,37.63956387,127.0262429,2000,한전주,02-901-5863,서울특별시 강북구청,2025-08-12
2011-12-02,1,서울특별시 강북구 한천로139길 11,,37.63956387,127.0262429,2000,전용주,02-901-5863,서울특별시 강북구청,2025-08-12
2011-12-01,1,서울특별시 강북구 한천로139길 7,,37.63932916,127.0261893,2000,한전주,02-901-5863,서울특별시 강북구청,2025-08-12
2011-11-24,1,서울특별시 강북구 한천로 1071,,37.64190422,127.0237762,2000,건축물,02-901-5863,서울특별시 강북구청,2025-08-12
2011-11-22,1,서울특별시 강북구 한천로143길 6,,37.64098079,127.0248123,2000,한전주,02-901-5863,서울특별시 강북구청,2025-08-12
2011-11-21,1,서울특별시 강북구 노해로 74,,37.6421108,127.0226064,2000,건축물,02-901-5863,서울특별시 강북구청,2025-08-12
2011-11-20,1,서울특별시 강북구 한천로145길 6,,37.64145675,127.0241447,2000,건축물,02-901-5863,서울특별시 강북구청,2025-08-12
2011-11-18,1,서울특별시 강북구 한천로139가길 56,,37.64141772,127.0237826,2000,,02-901-5863,서울특별시 강북구청,2025-08-12
2011-11-17,2,서울특별시 강북구 한천로139가길 80,,37.64219526,127.0229959,2000,,02-901-5863,서울특별시 강북구청,2025-08-12
2011-11-16,1,서울특별시 강북구 한천로139가길 73,,37.64189757,127.0229718,2000,한전주,02-901-5863,서울특별시 강북구청,2025-08-12
2011-11-15,1,서울특별시 강북구 한천로139가길 71,,37.6417903,127.0230752,2000,,02-901-5863,서울특별시 강북구청,2025-08-12
2011-11-14,1,서울특별시 강북구 한천로 1073,,37.64199076,127.023648,2000,건축물,02-901-5863,서울특별시 강북구청,2025-08-12
2011-11-13,1,서울특별시 강북구 한천로 1073,,37.64199779,127.0236869,2000,건축물,02-901-5863,서울특별시 강북구청,2025-08-12
2011-11-12,1,서울특별시 강북구 한천로139가길 60,,37.64154271,127.0236091,2000,전용주,02-901-5863,서울특별시 강북구청,2025-08-12
2011-11-11,1,서울특별시 강북구 한천로139가길 56,,37.64141365,127.0237919,2000,건축물,02-901-5863,서울특별시 강북구청,2025-08-12
2011-11-10,1,서울특별시 강북구 한천로139가길 56,,37.64141772,127.0237826,2000,건축물,02-901-5863,서울특별시 강북구청,2025-08-12
2011-11-09,1,서울특별시 강북구 한천로139가길 54,,37.64133776,127.0239196,2000,한전주,02-901-5863,서울특별시 강북구청,2025-08-12
2011-11-08,1,서울특별시 강북구 한천로139가길 42,,37.64100787,127.0243431,2000,한전주,02-901-5863,서울특별시 강북구청,2025-08-12
2011-11-07,1,서울특별시 강북구 한천로145길 4,,37.64172394,127.0237672,2000,건축물,02-901-5863,서울특별시 강북구청,2025-08-12
2011-11-06,1,서울특별시 강북구 한천로145길 4,,37.64156346,127.0239733,2000,건축물,02-901-5863,서울특별시 강북구청,2025-08-12
2011-11-05,2,서울특별시 강북구 한천로 1065,,37.64161967,127.0242332,2000,한전주,02-901-5863,서울특별시 강북구청,2025-08-12
2011-11-04,1,서울특별시 강북구 한천로145길 6,,37.64145675,127.0241447,2000,건축물,02-901-5863,서울특별시 강북구청,2025-08-12
2011-11-03,1,서울특별시 강북구 한천로143길 6,,37.64098079,127.0248123,2000,한전주,02-901-5863,서울특별시 강북구청,2025-08-12
2011-11-02,1,서울특별시 강북구 한천로143길 6,,37.64097576,127.0248195,2000,건축물,02-901-5863,서울특별시 강북구청,2025-08-12
2011-11-01,1,서울특별시 강북구 한천로143길 6,,37.64097576,127.0248195,2000,한전주,02-901-5863,서울특별시 강북구청,2025-08-12
2011-10-20,1,서울특별시 강북구 한천로150길 12,,37.64325021,127.0233729,2000,건축물,02-901-5863,서울특별시 강북구청,2025-08-12
2011-10-19,1,서울특별시 강북구 한천로150길 28,,37.64351766,127.0240637,2000,건축물,02-901-5863,서울특별시 강북구청,2025-08-12
2011-10-18,1,서울특별시 강북구 한천로150길 6,,37.64307637,127.0231117,2000,건축물,02-901-5863,서울특별시 강북구청,2025-08-12
2011-10-17,1,서울특별시 강북구 한천로150길 6,,37.64307637,127.0231117,2000,한전주,02-901-5863,서울특별시 강북구청,2025-08-12
2011-10-16,1,서울특별시 강북구 한천로150길 6,,37.64307637,127.0231117,2000,한전주,02-901-5863,서울특별시 강북구청,2025-08-12
2011-10-15,1,서울특별시 강북구 한천로150길 6,,37.64306362,127.0231117,2000,건축물,02-901-5863,서울특별시 강북구청,2025-08-12
2011-10-14,1,서울특별시 강북구 한천로150길 10,,37.64315231,127.0232512,2000,건축물,02-901-5863,서울특별시 강북구청,2025-08-12
2011-10-13,2,서울특별시 강북구 한천로150길 12,,37.64326389,127.0233729,2000,한전주,02-901-5863,서울특별시 강북구청,2025-08-12
2011-10-12,1,서울특별시 강북구 한천로150길 12,,37.64325021,127.0233729,2000,한전주,02-901-5863,서울특별시 강북구청,2025-08-12
2011-10-10,1,서울특별시 강북구 한천로148길 13,,37.6428364,127.0242739,2000,건축물,02-901-5863,서울특별시 강북구청,2025-08-12
2011-10-09,1,서울특별시 강북구 한천로150길 16,,37.64335081,127.0235466,2000,한전주,02-901-5863,서울특별시 강북구청,2025-08-12
2011-10-08,1,서울특별시 강북구 한천로150길 16,,37.64335081,127.0235466,2000,한전주,02-901-5863,서울특별시 강북구청,2025-08-12
2011-10-07,1,서울특별시 강북구 한천로150길 16,,37.64338185,127.0235466,2000,한전주,02-901-5863,서울특별시 강북구청,2025-08-12
2011-10-06,1,서울특별시 강북구 한천로150길 38,,37.6435681,127.0245729,2000,건축물,02-901-5863,서울특별시 강북구청,2025-08-12
2011-10-05,1,서울특별시 강북구 한천로150길 32,,37.64354814,127.0242646,2000,한전주,02-901-5863,서울특별시 강북구청,2025-08-12
2011-10-04,1,서울특별시 강북구 한천로150길 28,,37.64351766,127.0240736,2000,한전주,02-901-5863,서울특별시 강북구청,2025-08-12
2011-10-03,1,서울특별시 강북구 한천로150길 28,,37.64351766,127.0240637,2000,건축물,02-901-5863,서울특별시 강북구청,2025-08-12
2011-10-02,1,서울특별시 강북구 한천로150길 28,,37.64351766,127.0240637,2000,한전주,02-901-5863,서울특별시 강북구청,2025-08-12
2011-10-01,1,서울특별시 강북구 한천로150길 46,,37.6436093,127.025125,2000,한전주,02-901-5863,서울특별시 강북구청,2025-08-12
2011-09-27,1,서울특별시 강북구 한천로 1064,,37.64174132,127.0247683,2000,한전주,02-901-5863,서울특별시 강북구청,2025-08-12
2011-09-26,1,서울특별시 강북구 한천로 1064,,37.64174132,127.0247039,2000,건축물,02-901-5863,서울특별시 강북구청,2025-08-12
2011-09-25,1,서울특별시 강북구 한천로 1068,,37.64203171,127.024319,2000,전용주,02-901-5863,서울특별시 강북구청,2025-08-12
2011-09-24,1,서울특별시 강북구 한천로 1068,,37.64203171,127.024319,2000,전용주,02-901-5863,서울특별시 강북구청,2025-08-12
2011-09-23,1,서울특별시 강북구 한천로 1072,,37.64226666,127.0240208,2000,한전주,02-901-5863,서울특별시 강북구청,2025-08-12
2011-09-22,1,서울특별시 강북구 한천로148길 12,,37.64259586,127.0242615,2000,한전주,02-901-5863,서울특별시 강북구청,2025-08-12
2011-09-17,1,서울특별시 강북구 한천로148길 12,,37.64256816,127.0242615,2000,전용주,02-901-5863,서울특별시 강북구청,2025-08-12
2011-09-16,1,서울특별시 강북구 도봉로95길 19,,37.64141156,127.027613,2000,전용주,02-901-5863,서울특별시 강북구청,2025-08-12
2011-09-15,1,서울특별시 강북구 한천로148길 16,,37.642813,127.024496,2000,건축물,02-901-5863,서울특별시 강북구청,2025-08-12
2011-09-14,1,서울특별시 강북구 한천로148길 20,,37.64289307,127.0245905,2000,전용주,02-901-5863,서울특별시 강북구청,2025-08-12
2011-09-13,1,서울특별시 강북구 한천로148길 22,,37.64295708,127.0247029,2000,한전주,02-901-5863,서울특별시 강북구청,2025-08-12
2011-09-12,1,서울특별시 강북구 한천로144길 23,,37.64270771,127.0250575,2000,한전주,02-901-5863,서울특별시 강북구청,2025-08-12
2011-09-11,1,서울특별시 강북구 한천로144길 23,,37.64270771,127.0250575,2000,건축물,02-901-5863,서울특별시 강북구청,2025-08-12
2011-09-06,1,서울특별시 강북구 도봉로95길 63,,37.64277532,127.0258467,2000,건축물,02-901-5863,서울특별시 강북구청,2025-08-12
2011-09-05,1,서울특별시 강북구 도봉로95길 57,,37.64268816,127.0260854,2000,한전주,02-901-5863,서울특별시 강북구청,2025-08-12
2011-09-04,1,서울특별시 강북구 도봉로95길 57,,37.64268816,127.0260854,2000,한전주,02-901-5863,서울특별시 강북구청,2025-08-12
2011-09-03,1,서울특별시 강북구 도봉로95길 57,,37.64260147,127.0260854,2000,,02-901-5863,서울특별시 강북구청,2025-08-12
2011-09-02,1,서울특별시 강북구 도봉로95길 51,,37.64243693,127.0263587,2000,한전주,02-901-5863,서울특별시 강북구청,2025-08-12
2011-09-01,1,서울특별시 강북구 도봉로95길 51,,37.64240341,127.0263985,2000,건축물,02-901-5863,서울특별시 강북구청,2025-08-12
2011-08-31,2,서울특별시 강북구 한천로140길 11,,37.64061836,127.0270732,2000,한전주,02-901-5863,서울특별시 강북구청,2025-08-12
2011-08-30,1,서울특별시 강북구 한천로140길 11,,37.64061836,127.0270732,2000,건축물,02-901-5863,서울특별시 강북구청,2025-08-12
2011-08-29,1,서울특별시 강북구 한천로140길 11,,37.64061836,127.0270732,2000,한전주,02-901-5863,서울특별시 강북구청,2025-08-12
2011-08-28,1,서울특별시 강북구 한천로140길 17,,37.64083293,127.0272968,2000,전용주,02-901-5863,서울특별시 강북구청,2025-08-12
2011-08-27,2,서울특별시 강북구 한천로140길 17,,37.64083293,127.0272968,2000,한전주,02-901-5863,서울특별시 강북구청,2025-08-12
2011-08-26,1,서울특별시 강북구 한천로140길 17,,37.64083293,127.0272968,2000,건축물,02-901-5863,서울특별시 강북구청,2025-08-12
2011-08-25,1,서울특별시 강북구 한천로140길 17,,37.64083293,127.0272968,2000,한전주,02-901-5863,서울특별시 강북구청,2025-08-12
2011-08-24,1,서울특별시 강북구 한천로140길 17,,37.64083293,127.0272968,2000,건축물,02-901-5863,서울특별시 강북구청,2025-08-12
2011-08-23,1,서울특별시 강북구 한천로140길 17,,37.64083293,127.0272968,2000,한전주,02-901-5863,서울특별시 강북구청,2025-08-12
2011-08-22,1,서울특별시 강북구 한천로140길 17,,37.64083293,127.0272968,2000,건축물,02-901-5863,서울특별시 강북구청,2025-08-12
2011-08-21,1,서울특별시 강북구 한천로140길 17,,37.64083293,127.0272968,2000,,02-901-5863,서울특별시 강북구청,2025-08-12
2011-08-17,1,서울특별시 강북구 도봉로95길 43,,37.6421806,127.026696,2000,건축물,02-901-5863,서울특별시 강북구청,2025-08-12
2011-08-16,1,서울특별시 강북구 도봉로95길 43,,37.6421806,127.026696,2000,건축물,02-901-5863,서울특별시 강북구청,2025-08-12
2011-08-15,1,서울특별시 강북구 한천로140길 23,,37.64098191,127.0274838,2000,건축물,02-901-5863,서울특별시 강북구청,2025-08-12
2011-08-14,1,서울특별시 강북구 한천로140길 23,,37.64098191,127.0274838,2000,한전주,02-901-5863,서울특별시 강북구청,2025-08-12
2011-08-13,1,서울특별시 강북구 도봉로95길 37,,37.64201718,127.0269118,2000,건축물,02-901-5863,서울특별시 강북구청,2025-08-12
2011-08-12,1,서울특별시 강북구 도봉로95길 41,,37.64210036,127.0267991,2000,한전주,02-901-5863,서울특별시 강북구청,2025-08-12
2011-08-11,1,서울특별시 강북구 도봉로95길 33,,37.64182256,127.027130,2000,건축물,02-901-5863,서울특별시 강북구청,2025-08-12
2011-08-10,1,서울특별시 강북구 도봉로95길 19,,37.64141156,127.027613,2000,전용주,02-901-5863,서울특별시 강북구청,2025-08-12
2011-08-09,1,서울특별시 강북구 도봉로95길 19,,37.64141156,127.027613,2000,건축물,02-901-5863,서울특별시 강북구청,2025-08-12
2011-08-08,1,서울특별시 강북구 도봉로95길 19,,37.64141156,127.027613,2000,건축물,02-901-5863,서울특별시 강북구청,2025-08-12
2011-08-07,1,서울특별시 강북구 도봉로95길 19,,37.64141156,127.027613,2000,건축물,02-901-5863,서울특별시 강북구청,2025-08-12
2011-08-06,1,서울특별시 강북구 도봉로95길 19,,37.64141156,127.027613,2000,한전주,02-901-5863,서울특별시 강북구청,2025-08-12
2011-08-05,1,서울특별시 강북구 한천로140길 23,,37.64098191,127.0274838,2000,한전주,02-901-5863,서울특별시 강북구청,2025-08-12
2011-08-04,1,서울특별시 강북구 도봉로95길 20,,37.6415681,127.0278144,2000,건축물,02-901-5863,서울특별시 강북구청,2025-08-12
2011-08-03,1,서울특별시 강북구 도봉로95길 19,,37.64142059,127.027613,2000,건축물,02-901-5863,서울특별시 강북구청,2025-08-12
2011-08-02,1,서울특별시 강북구 도봉로95길 19,,37.64143749,127.027613,2000,건축물,02-901-5863,서울특별시 강북구청,2025-08-12
2011-08-01,1,서울특별시 강북구 도봉로95길 15,,37.64126939,127.0276484,2000,전용주,02-901-5863,서울특별시 강북구청,2025-08-12
2011-07-25,1,서울특별시 강북구 한천로140길 5,,37.64042444,127.0268367,2000,한전주,02-901-5863,서울특별시 강북구청,2025-08-12
2011-07-24,2,서울특별시 강북구 한천로140길 14,,37.64054565,127.0272952,2000,한전주,02-901-5863,서울특별시 강북구청,2025-08-12
2011-07-23,1,서울특별시 강북구 한천로140길 5,,37.64042444,127.0268367,2000,한전주,02-901-5863,서울특별시 강북구청,2025-08-12
2011-07-22,1,서울특별시 강북구 도봉로 385,,37.64139574,127.0287685,2000,전용주,02-901-5863,서울특별시 강북구청,2025-08-12
2011-07-21,1,서울특별시 강북구 한천로138길 21,,37.640784,127.0277907,2000,한전주,02-901-5863,서울특별시 강북구청,2025-08-12
2011-07-20,1,서울특별시 강북구 도봉로 367,,37.64010452,127.0275163,2000,전용주,02-901-5863,서울특별시 강북구청,2025-08-12
2011-07-19,2,서울특별시 강북구 한천로140길 5,,37.64042444,127.0268367,2000,한전주,02-901-5863,서울특별시 강북구청,2025-08-12
2011-07-18,1,서울특별시 강북구 한천로140길 5,,37.64042444,127.0268367,2000,건축물,02-901-5863,서울특별시 강북구청,2025-08-12
2011-07-17,1,서울특별시 강북구 한천로140길 5,,37.64042444,127.0268367,2000,건축물,02-901-5863,서울특별시 강북구청,2025-08-12
2011-07-16,1,서울특별시 강북구 한천로140길 5,,37.64042444,127.0268367,2000,건축물,02-901-5863,서울특별시 강북구청,2025-08-12
2011-07-15,1,서울특별시 강북구 한천로140길 5,,37.64042444,127.0268367,2000,건축물,02-901-5863,서울특별시 강북구청,2025-08-12
2011-07-14,1,서울특별시 강북구 한천로140길 5,,37.64042444,127.0268367,2000,한전주,02-901-5863,서울특별시 강북구청,2025-08-12
2011-07-12,1,서울특별시 강북구 한천로140길 11,,37.64061836,127.0270732,2000,전용주,02-901-5863,서울특별시 강북구청,2025-08-12
2011-07-11,1,서울특별시 강북구 한천로140길 26,,37.64096391,127.0277543,2000,한전주,02-901-5863,서울특별시 강북구청,2025-08-12
2011-07-10,1,서울특별시 강북구 도봉로 375,,37.64072392,127.028154,2000,,02-901-5863,서울특별시 강북구청,2025-08-12
2011-07-09,2,서울특별시 강북구 한천로140길 10,,37.64046373,127.0271943,2000,한전주,02-901-5863,서울특별시 강북구청,2025-08-12
2011-07-08,1,서울특별시 강북구 한천로 1038,,37.64018304,127.027028,2000,건축물,02-901-5863,서울특별시 강북구청,2025-08-12
2011-07-07,1,서울특별시 강북구 도봉로 367,,37.64010597,127.0275162,2000,전용주,02-901-5863,서울특별시 강북구청,2025-08-12
2011-07-06,1,서울특별시 강북구 도봉로 367,,37.64010452,127.0275163,2000,한전주,02-901-5863,서울특별시 강북구청,2025-08-12
2011-07-04,1,서울특별시 강북구 한천로140길 46,,37.64148453,127.0286087,2000,한전주,02-901-5863,서울특별시 강북구청,2025-08-12
2011-07-03,1,서울특별시 강북구 한천로140길 38,,37.64123792,127.0281999634,2000,한전주,02-901-5863,서울특별시 강북구청,2025-08-12
2011-07-02,1,서울특별시 강북구 한천로140길 38,,37.64123792,127.0281999634,2000,한전주,02-901-5863,서울특별시 강북구청,2025-08-12
2011-07-01,2,서울특별시 강북구 도봉로 387,,37.64150543,127.0289597,2000,,02-901-5863,서울특별시 강북구청,2025-08-12
2011-06-30,1,서울특별시 강북구 한천로140가길 5,,37.641760,127.0281406,2000,건축물,02-901-5863,서울특별시 강북구청,2025-08-12
2011-06-29,1,서울특별시 강북구 도봉로95길 28,,37.64189893,127.0275042,2000,건축물,02-901-5863,서울특별시 강북구청,2025-08-12
2011-06-28,1,서울특별시 강북구 도봉로95길 34,,37.64198697,127.0272538,2000,건축물,02-901-5863,서울특별시 강북구청,2025-08-12
2011-06-27,1,서울특별시 강북구 도봉로95길 36,,37.64205848,127.0271849,2000,건축물,02-901-5863,서울특별시 강북구청,2025-08-12
2011-06-26,1,서울특별시 강북구 도봉로95길 38,,37.64212981,127.0270933,2000,한전주,02-901-5863,서울특별시 강북구청,2025-08-12
2011-06-25,1,서울특별시 강북구 도봉로95길 40,,37.64218266,127.0269453,2000,전용주,02-901-5863,서울특별시 강북구청,2025-08-12
2011-06-23,1,서울특별시 강북구 도봉로95길 58,,37.64279007,127.0262244,2000,건축물,02-901-5863,서울특별시 강북구청,2025-08-12
2011-06-22,1,서울특별시 강북구 한천로144길 35,,37.64253066,127.0265328,2000,건축물,02-901-5863,서울특별시 강북구청,2025-08-12
2011-06-20,1,서울특별시 강북구 한천로144길 41,,37.64266692,127.026667,2000,전용주,02-901-5863,서울특별시 강북구청,2025-08-12
2011-06-19,1,서울특별시 강북구 한천로144길 41,,37.6426672,127.026665,2000,건축물,02-901-5863,서울특별시 강북구청,2025-08-12
2011-06-18,1,서울특별시 강북구 한천로144길 41,,37.6426672,127.026665,2000,전용주,02-901-5863,서울특별시 강북구청,2025-08-12
2011-06-17,1,서울특별시 강북구 한천로144길 42,,37.64259643,127.0268606,2000,건축물,02-901-5863,서울특별시 강북구청,2025-08-12
2011-06-16,1,서울특별시 강북구 한천로140가길 14,,37.64213662,127.0279204,2000,한전주,02-901-5863,서울특별시 강북구청,2025-08-12
2011-06-15,1,서울특별시 강북구 한천로140가길 20,,37.64225234,127.0277489,2000,건축물,02-901-5863,서울특별시 강북구청,2025-08-12
2011-06-14,1,서울특별시 강북구 도봉로97길 35,,37.64243076,127.0275313,2000,건축물,02-901-5863,서울특별시 강북구청,2025-08-12
2011-06-13,1,서울특별시 강북구 도봉로97길 37,,37.6425111,127.0274396,2000,건축물,02-901-5863,서울특별시 강북구청,2025-08-12
2011-06-12,1,서울특별시 강북구 한천로140길 37,,37.64142018,127.0281124,2000,전용주,02-901-5863,서울특별시 강북구청,2025-08-12
2011-06-10,1,서울특별시 강북구 한천로140길 37,,37.64142018,127.0281124,2000,건축물,02-901-5863,서울특별시 강북구청,2025-08-12
2011-06-09,1,서울특별시 강북구 한천로140길 37,,37.64142018,127.0281124,2000,한전주,02-901-5863,서울특별시 강북구청,2025-08-12
2011-06-08,1,서울특별시 강북구 한천로140가길 9,,37.64191058,127.0281198,2000,전용주,02-901-5863,서울특별시 강북구청,2025-08-12
2011-06-07,1,서울특별시 강북구 도봉로95길 16,,37.64154228,127.0279621,2000,한전주,02-901-5863,서울특별시 강북구청,2025-08-12
2011-06-06,1,서울특별시 강북구 한천로140가길 10,,37.64202183,127.0282051,2000,건축물,02-901-5863,서울특별시 강북구청,2025-08-12
2011-06-05,1,서울특별시 강북구 도봉로97길 23,,37.6421291,127.0281018,2000,건축물,02-901-5863,서울특별시 강북구청,2025-08-12
2011-06-04,1,서울특별시 강북구 한천로140가길 7,,37.64185093,127.0282413,2000,한전주,02-901-5863,서울특별시 강북구청,2025-08-12
2011-06-03,1,서울특별시 강북구 한천로140가길 5,,37.64158947,127.0282221,2000,,02-901-5863,서울특별시 강북구청,2025-08-12
2011-06-02,1,서울특별시 강북구 한천로140길 37,,37.64142018,127.0281777,2000,건축물,02-901-5863,서울특별시 강북구청,2025-08-12
2011-06-01,1,서울특별시 강북구 한천로140길 49,,37.64183533,127.0285362,2000,건축물,02-901-5863,서울특별시 강북구청,2025-08-12
2011-05-24,1,서울특별시 강북구 한천로140길 58,,37.64204655,127.0290206,2000,한전주,02-901-5863,서울특별시 강북구청,2025-08-12
2011-05-23,1,서울특별시 강북구 도봉로99길 41,,37.64305239,127.0277695,2000,,02-901-5863,서울특별시 강북구청,2025-08-12
2011-05-22,1,서울특별시 강북구 한천로144길 56,,37.64311454,127.0274091,2000,한전주,02-901-5863,서울특별시 강북구청,2025-08-12
2011-05-21,1,서울특별시 강북구 도봉로99길 41,,37.64303383,127.0277695,2000,전용주,02-901-5863,서울특별시 강북구청,2025-08-12
2011-05-20,1,서울특별시 강북구 도봉로99길 41,,37.64305239,127.0277695,2000,,02-901-5863,서울특별시 강북구청,2025-08-12
2011-05-19,1,서울특별시 강북구 도봉로99길 41,,37.64305239,127.0277695,2000,건축물,02-901-5863,서울특별시 강북구청,2025-08-12
2011-05-18,1,서울특별시 강북구 도봉로97길 42,,37.64273652,127.0274593,2000,전용주,02-901-5863,서울특별시 강북구청,2025-08-12
2011-05-17,1,서울특별시 강북구 도봉로99길 37,,37.64281018,127.027651,2000,,02-901-5863,서울특별시 강북구청,2025-08-12
2011-05-15,1,서울특별시 강북구 도봉로99길 33,,37.64279929,127.0282054,2000,,02-901-5863,서울특별시 강북구청,2025-08-12
2011-05-13,1,서울특별시 강북구 도봉로99길 33,,37.64279929,127.0282054,2000,건축물,02-901-5863,서울특별시 강북구청,2025-08-12
2011-05-12,1,서울특별시 강북구 도봉로97길 38,,37.64263798,127.0275286,2000,한전주,02-901-5863,서울특별시 강북구청,2025-08-12
2011-05-11,2,서울특별시 강북구 도봉로97길 30,,37.64241628,127.027962,2000,한전주,02-901-5863,서울특별시 강북구청,2025-08-12
2011-05-09,1,서울특별시 강북구 도봉로99길 25,,37.64259824,127.028175,2000,한전주,02-901-5863,서울특별시 강북구청,2025-08-12
2011-05-08,1,서울특별시 강북구 도봉로99길 25,,37.64250166,127.0284822,2000,건축물,02-901-5863,서울특별시 강북구청,2025-08-12
2011-05-07,1,서울특별시 강북구 도봉로99길 23,,37.64265649,127.0286841,2000,한전주,02-901-5863,서울특별시 강북구청,2025-08-12
2011-05-06,1,서울특별시 강북구 도봉로99길 21,,37.64261256,127.0287936,2000,한전주,02-901-5863,서울특별시 강북구청,2025-08-12
2011-05-05,1,서울특별시 강북구 도봉로99길 17,,37.64254774,127.0289426,2000,건축물,02-901-5863,서울특별시 강북구청,2025-08-12
2011-05-04,1,서울특별시 강북구 도봉로99길 17,,37.64254774,127.0289426,2000,한전주,02-901-5863,서울특별시 강북구청,2025-08-12
2011-05-03,1,서울특별시 강북구 도봉로97길 22,,37.64228403,127.028315,2000,한전주,02-901-5863,서울특별시 강북구청,2025-08-12
2011-05-02,1,서울특별시 강북구 도봉로 389,,37.641849,127.0291025,2000,한전주,02-901-5863,서울특별시 강북구청,2025-08-12
2011-05-01,1,서울특별시 강북구 한천로140길 62,,37.64217371,127.0291436,2000,한전주,02-901-5863,서울특별시 강북구청,2025-08-12
2011-04-30,1,서울특별시 강북구 도봉로97길 65,,37.64311169,127.0261082,2000,,02-901-5863,서울특별시 강북구청,2025-08-12
2011-04-29,1,서울특별시 강북구 도봉로95길 64,,37.64291298,127.0259029,2000,건축물,02-901-5863,서울특별시 강북구청,2025-08-12
2011-04-28,1,서울특별시 강북구 도봉로95길 66,,37.64298425,127.0258131,2000,건축물,02-901-5863,서울특별시 강북구청,2025-08-12
2011-04-27,1,서울특별시 강북구 도봉로95길 74,,37.64323474,127.0255945,2000,한전주,02-901-5863,서울특별시 강북구청,2025-08-12
2011-04-26,1,서울특별시 강북구 도봉로95길 78,,37.64335863,127.0253209,2000,한전주,02-901-5863,서울특별시 강북구청,2025-08-12
2011-04-25,1,서울특별시 강북구 한천로150길 66,,37.64413125,127.026138,2000,,02-901-5863,서울특별시 강북구청,2025-08-12
2011-04-24,1,서울특별시 강북구 도봉로99길 61,,37.64361524,127.026938,2000,전용주,02-901-5863,서울특별시 강북구청,2025-08-12
2011-04-23,1,서울특별시 강북구 한천로150길 60,,37.64357705,127.0266778,2000,한전주,02-901-5863,서울특별시 강북구청,2025-08-12
2011-04-22,1,서울특별시 강북구 한천로150길 60,,37.64380024,127.0264256,2000,한전주,02-901-5863,서울특별시 강북구청,2025-08-12
2011-04-21,1,서울특별시 강북구 한천로150길 60,,37.64395097,127.0261291,2000,한전주,02-901-5863,서울특별시 강북구청,2025-08-12
2011-04-20,1,서울특별시 강북구 한천로150길 60,,37.64395097,127.0261291,2000,한전주,02-901-5863,서울특별시 강북구청,2025-08-12
2011-04-19,1,서울특별시 강북구 한천로150길 56,,37.64382927,127.0255754,2000,한전주,02-901-5863,서울특별시 강북구청,2025-08-12
2011-04-18,1,서울특별시 강북구 한천로150길 52,,37.64371865,127.0254479,2000,건축물,02-901-5863,서울특별시 강북구청,2025-08-12
2011-04-17,1,서울특별시 강북구 한천로150길 52,,37.64372013,127.0254522,2000,한전주,02-901-5863,서울특별시 강북구청,2025-08-12
2011-04-16,1,서울특별시 강북구 도봉로97길 78,,37.6435953,127.0256125,2000,한전주,02-901-5863,서울특별시 강북구청,2025-08-12
2011-04-15,1,서울특별시 강북구 도봉로97길 72,,37.64343636,127.0259513,2000,건축물,02-901-5863,서울특별시 강북구청,2025-08-12
2011-04-14,2,서울특별시 강북구 도봉로97길 72,,37.64343566,127.0259205,2000,,02-901-5863,서울특별시 강북구청,2025-08-12
2011-04-13,1,서울특별시 강북구 도봉로97길 70,,37.64341867,127.0260453,2000,한전주,02-901-5863,서울특별시 강북구청,2025-08-12
2011-04-12,1,서울특별시 강북구 도봉로97길 68,,37.64334369,127.0261531,2000,한전주,02-901-5863,서울특별시 강북구청,2025-08-12
2011-04-11,1,서울특별시 강북구 도봉로97길 64,,37.64324435,127.0263695,2000,한전주,02-901-5863,서울특별시 강북구청,2025-08-12
2011-04-10,1,서울특별시 강북구 도봉로97길 58,,37.64312574,127.0265731,2000,건축물,02-901-5863,서울특별시 강북구청,2025-08-12
2011-04-09,1,서울특별시 강북구 도봉로97길 58,,37.64312565,127.0265704,2000,한전주,02-901-5863,서울특별시 강북구청,2025-08-12
2011-04-08,1,서울특별시 강북구 도봉로97길 54,,37.64303808,127.0267901,2000,건축물,02-901-5863,서울특별시 강북구청,2025-08-12
2011-04-07,2,서울특별시 강북구 도봉로97길 52,,37.6429661,127.0268898,2000,한전주,02-901-5863,서울특별시 강북구청,2025-08-12
2011-04-06,1,서울특별시 강북구 한천로144길 49,,37.6430214,127.0270012,2000,건축물,02-901-5863,서울특별시 강북구청,2025-08-12
2011-04-05,1,서울특별시 강북구 한천로144길 49,,37.6430214,127.0270012,2000,,02-901-5863,서울특별시 강북구청,2025-08-12
2011-04-04,1,서울특별시 강북구 한천로144길 49,,37.6430214,127.0270012,2000,한전주,02-901-5863,서울특별시 강북구청,2025-08-12
2011-04-03,1,서울특별시 강북구 한천로144길 49,,37.6430214,127.0270682,2000,건축물,02-901-5863,서울특별시 강북구청,2025-08-12
2011-04-02,1,서울특별시 강북구 한천로144길 49,,37.64303911,127.0270021,2000,한전주,02-901-5863,서울특별시 강북구청,2025-08-12
2011-04-01,1,서울특별시 강북구 한천로144길 55,,37.64319422,127.0272381,2000,건축물,02-901-5863,서울특별시 강북구청,2025-08-12
2011-03-31,1,서울특별시 강북구 노해로32길 28,,37.64442869,127.0250577,2000,건축물,02-901-5863,서울특별시 강북구청,2025-08-12
2011-03-30,1,서울특별시 강북구 노해로26길 9,,37.64429348,127.0239603,2000,,02-901-5863,서울특별시 강북구청,2025-08-12
2011-03-29,1,서울특별시 강북구 노해로26길 11,,37.64420432,127.0240748,2000,한전주,02-901-5863,서울특별시 강북구청,2025-08-12
2011-03-28,1,서울특별시 강북구 노해로 104,,37.64457146,127.0238703,2000,한전주,02-901-5863,서울특별시 강북구청,2025-08-12
2011-03-27,1,서울특별시 강북구 한천로150길 35,,37.64392793,127.0244297,2000,한전주,02-901-5863,서울특별시 강북구청,2025-08-12
2011-03-25,1,서울특별시 강북구 노해로32길 8,,37.6452707,127.0244574,2000,한전주,02-901-5863,서울특별시 강북구청,2025-08-12
2011-03-24,1,서울특별시 강북구 노해로 108,,37.64481677,127.0238854,2000,전용주,02-901-5863,서울특별시 강북구청,2025-08-12
2011-03-23,1,서울특별시 강북구 노해로 108,,37.64480142,127.0238854,2000,건축물,02-901-5863,서울특별시 강북구청,2025-08-12
2011-03-22,1,서울특별시 강북구 노해로 108,,37.64488106,127.0238854,2000,건축물,02-901-5863,서울특별시 강북구청,2025-08-12
2011-03-21,1,서울특별시 강북구 노해로32길 10,,37.64515978,127.0245572,2000,건축물,02-901-5863,서울특별시 강북구청,2025-08-12
2011-03-20,1,서울특별시 강북구 노해로32길 10,,37.64515978,127.0245572,2000,,02-901-5863,서울특별시 강북구청,2025-08-12
2011-03-19,1,서울특별시 강북구 노해로32길 10,,37.64511764,127.0245572,2000,건축물,02-901-5863,서울특별시 강북구청,2025-08-12
2011-03-18,1,서울특별시 강북구 노해로32길 16,,37.6448679,127.0247834,2000,한전주,02-901-5863,서울특별시 강북구청,2025-08-12
2011-03-16,1,서울특별시 강북구 노해로26가길 18,,37.64472749,127.0245891,2000,건축물,02-901-5863,서울특별시 강북구청,2025-08-12
2011-03-15,1,서울특별시 강북구 노해로26가길 15,,37.64482024,127.0244633,2000,건축물,02-901-5863,서울특별시 강북구청,2025-08-12
2011-03-14,1,서울특별시 강북구 노해로26가길 14,,37.64460732,127.0244449,2000,건축물,02-901-5863,서울특별시 강북구청,2025-08-12
2011-03-13,1,서울특별시 강북구 노해로26가길 12,,37.64456694,127.024342,2000,,02-901-5863,서울특별시 강북구청,2025-08-12
2011-03-12,1,서울특별시 강북구 노해로26가길 8,,37.64451519,127.0242467,2000,건축물,02-901-5863,서울특별시 강북구청,2025-08-12
2011-03-11,1,서울특별시 강북구 노해로26가길 7,,37.6446104,127.0241488,2000,한전주,02-901-5863,서울특별시 강북구청,2025-08-12
2011-03-10,1,서울특별시 강북구 노해로26길 13,,37.64412085,127.0241698,2000,건축물,02-901-5863,서울특별시 강북구청,2025-08-12
2011-03-09,1,서울특별시 강북구 한천로150길 35,,37.64393069,127.0244276,2000,건축물,02-901-5863,서울특별시 강북구청,2025-08-12
2011-03-08,1,서울특별시 강북구 한천로150길 51,,37.64397915,127.0251769,2000,,02-901-5863,서울특별시 강북구청,2025-08-12
2011-03-07,1,서울특별시 강북구 노해로32길 32,,37.6442316,127.0251962,2000,,02-901-5863,서울특별시 강북구청,2025-08-12
2011-03-06,1,서울특별시 강북구 노해로32길 30,,37.64433482,127.025152,2000,건축물,02-901-5863,서울특별시 강북구청,2025-08-12
2011-03-05,1,서울특별시 강북구 노해로32길 28,,37.64442907,127.0250549,2000,,02-901-5863,서울특별시 강북구청,2025-08-12
2011-03-04,1,서울특별시 강북구 노해로32길 22,,37.64463823,127.0248927,2000,한전주,02-901-5863,서울특별시 강북구청,2025-08-12
2011-03-03,1,서울특별시 강북구 노해로32길 22,,37.64463823,127.0248631,2000,한전주,02-901-5863,서울특별시 강북구청,2025-08-12
2011-03-02,1,서울특별시 강북구 노해로32길 22,,37.64463823,127.0248631,2000,한전주,02-901-5863,서울특별시 강북구청,2025-08-12
2011-03-01,1,서울특별시 강북구 노해로32길 22,,37.64463431,127.0248624,2000,한전주,02-901-5863,서울특별시 강북구청,2025-08-12
2011-02-28,1,서울특별시 강북구 도봉로99길 66,,37.64384844,127.0268835,2000,건축물,02-901-5863,서울특별시 강북구청,2025-08-12
2011-02-26,1,서울특별시 강북구 도봉로101길 65,,37.64447281,127.0275517,2000,건축물,02-901-5863,서울특별시 강북구청,2025-08-12
2011-02-25,1,서울특별시 강북구 도봉로101길 59,,37.6443519,127.0277669,2000,,02-901-5863,서울특별시 강북구청,2025-08-12
2011-02-23,1,서울특별시 강북구 도봉로101길 59,,37.64437678,127.0277671,2000,건축물,02-901-5863,서울특별시 강북구청,2025-08-12
2011-02-22,1,서울특별시 강북구 한천로144길 71,,37.64369741,127.0277508,2000,한전주,02-901-5863,서울특별시 강북구청,2025-08-12
2011-02-21,1,서울특별시 강북구 한천로144길 71,,37.64369741,127.0277508,2000,한전주,02-901-5863,서울특별시 강북구청,2025-08-12
2011-02-20,1,서울특별시 강북구 도봉로99길 60,,37.64367422,127.0271365,2000,건축물,02-901-5863,서울특별시 강북구청,2025-08-12
2011-02-19,1,서울특별시 강북구 도봉로99길 60,,37.64367422,127.0271365,2000,건축물,02-901-5863,서울특별시 강북구청,2025-08-12
2011-02-18,1,서울특별시 강북구 도봉로99길 60,,37.64367998,127.0271411,2000,한전주,02-901-5863,서울특별시 강북구청,2025-08-12
2011-02-17,1,서울특별시 강북구 한천로144길 63,,37.64343052,127.0274843,2000,한전주,02-901-5863,서울특별시 강북구청,2025-08-12
2011-02-12,1,서울특별시 강북구 한천로150길 67,,37.64491781,127.0253686,2000,한전주,02-901-5863,서울특별시 강북구청,2025-08-12
2011-02-11,1,서울특별시 강북구 한천로150길 67,,37.64491781,127.0253686,2000,한전주,02-901-5863,서울특별시 강북구청,2025-08-12
2011-02-10,1,서울특별시 강북구 한천로150길 67,,37.64491781,127.0253686,2000,한전주,02-901-5863,서울특별시 강북구청,2025-08-12
2011-02-09,1,서울특별시 강북구 한천로150길 67,,37.64491781,127.0253686,2000,한전주,02-901-5863,서울특별시 강북구청,2025-08-12
2011-02-08,1,서울특별시 강북구 한천로150길 67,,37.64491781,127.0253686,2000,한전주,02-901-5863,서울특별시 강북구청,2025-08-12
2011-02-07,1,서울특별시 강북구 한천로150길 67,,37.64491781,127.0253686,2000,한전주,02-901-5863,서울특별시 강북구청,2025-08-12
2011-02-06,1,서울특별시 강북구 한천로150길 67,,37.64491781,127.0253686,2000,한전주,02-901-5863,서울특별시 강북구청,2025-08-12
2011-02-04,1,서울특별시 강북구 한천로144길 73,,37.64381218,127.0278759,2000,한전주,02-901-5863,서울특별시 강북구청,2025-08-12
2011-02-03,1,서울특별시 강북구 도봉로101길 53,,37.64414955,127.028022,2000,건축물,02-901-5863,서울특별시 강북구청,2025-08-12
2011-02-02,1,서울특별시 강북구 도봉로101길 53,,37.64418072,127.028022,2000,전용주,02-901-5863,서울특별시 강북구청,2025-08-12
2011-02-01,1,서울특별시 강북구 한천로144길 79,,37.64407559,127.0281331,2000,한전주,02-901-5863,서울특별시 강북구청,2025-08-12
2011-01-31,1,서울특별시 강북구 한천로144길 78,,37.64377866,127.0281823,2000,건축물,02-901-5863,서울특별시 강북구청,2025-08-12
2011-01-30,1,서울특별시 강북구 도봉로101길 39,,37.64377125,127.028676,2000,건축물,02-901-5863,서울특별시 강북구청,2025-08-12
2011-01-28,1,서울특별시 강북구 도봉로99길 46,,37.64325276,127.0277812,2000,건축물,02-901-5863,서울특별시 강북구청,2025-08-12
2011-01-27,2,서울특별시 강북구 도봉로99길 48,,37.6433148,127.0276557,2000,한전주,02-901-5863,서울특별시 강북구청,2025-08-12
2011-01-26,1,서울특별시 강북구 한천로144길 68,,37.64343276,127.0277562,2000,,02-901-5863,서울특별시 강북구청,2025-08-12
2011-01-25,1,서울특별시 강북구 한천로144길 72,,37.64361518,127.0280258,2000,한전주,02-901-5863,서울특별시 강북구청,2025-08-12
2011-01-24,1,서울특별시 강북구 도봉로101길 43,,37.64388919,127.0284755,2000,,02-901-5863,서울특별시 강북구청,2025-08-12
2011-01-23,1,서울특별시 강북구 도봉로101길 39,,37.6437169,127.028676,2000,전용주,02-901-5863,서울특별시 강북구청,2025-08-12
2011-01-21,1,서울특별시 강북구 도봉로101길 39,,37.64377125,127.028676,2000,,02-901-5863,서울특별시 강북구청,2025-08-12
2011-01-20,2,서울특별시 강북구 도봉로99길 34,,37.64304955,127.0282711,2000,한전주,02-901-5863,서울특별시 강북구청,2025-08-12
2011-01-19,1,서울특별시 강북구 도봉로101길 33,,37.64358062,127.0289803,2000,건축물,02-901-5863,서울특별시 강북구청,2025-08-12
2011-01-18,1,서울특별시 강북구 도봉로101길 33,,37.64358062,127.0289803,2000,한전주,02-901-5863,서울특별시 강북구청,2025-08-12
2011-01-17,1,서울특별시 강북구 도봉로101길 33,,37.64358062,127.0289803,2000,건축물,02-901-5863,서울특별시 강북구청,2025-08-12
2011-01-16,1,서울특별시 강북구 도봉로101길 33,,37.64357796,127.0289781,2000,한전주,02-901-5863,서울특별시 강북구청,2025-08-12
2011-01-15,1,서울특별시 강북구 도봉로101길 25,,37.643399,127.0292637,2000,,02-901-5863,서울특별시 강북구청,2025-08-12
2011-01-13,1,서울특별시 강북구 도봉로101길 25,,37.643399,127.0292651,2000,한전주,02-901-5863,서울특별시 강북구청,2025-08-12
2011-01-12,1,서울특별시 강북구 도봉로101길 25,,37.643399,127.0292651,2000,건축물,02-901-5863,서울특별시 강북구청,2025-08-12
2011-01-10,1,서울특별시 강북구 도봉로101길 19,,37.64323017,127.0295462,2000,한전주,02-901-5863,서울특별시 강북구청,2025-08-12
2011-01-09,1,서울특별시 강북구 도봉로101길 19,,37.6432292,127.0295462,2000,건축물,02-901-5863,서울특별시 강북구청,2025-08-12
2011-01-08,2,서울특별시 강북구 한천로140길 81,,37.64303342,127.029597,2000,한전주,02-901-5863,서울특별시 강북구청,2025-08-12
2011-01-07,1,서울특별시 강북구 한천로140길 73,,37.64273341,127.0292723,2000,한전주,02-901-5863,서울특별시 강북구청,2025-08-12
2011-01-06,1,서울특별시 강북구 한천로140길 72,,37.64253595,127.0293656,2000,한전주,02-901-5863,서울특별시 강북구청,2025-08-12
2011-01-05,2,서울특별시 강북구 도봉로99길 10,,37.642494,127.0294567,2000,한전주,02-901-5863,서울특별시 강북구청,2025-08-12
2011-01-04,1,서울특별시 강북구 도봉로99길 8,,37.64260979,127.0295799,2000,건축물,02-901-5863,서울특별시 강북구청,2025-08-12
2011-01-03,1,서울특별시 강북구 도봉로101길 25,,37.6433074,127.0292651,2000,건축물,02-901-5863,서울특별시 강북구청,2025-08-12
2011-01-02,1,서울특별시 강북구 도봉로101길 5,,37.64282592,127.0301925,2000,전용주,02-901-5863,서울특별시 강북구청,2025-08-12
2011-01-01,1,서울특별시 강북구 도봉로101길 5,,37.64282203,127.030189,2000,한전주,02-901-5863,서울특별시 강북구청,2025-08-12
2010-12-31,1,서울특별시 강북구 삼양로 510,,37.64862629,127.0143318,2000,전용주,02-901-5863,서울특별시 강북구청,2025-08-12
2010-12-30,1,서울특별시 강북구 삼양로 510,,37.64862629,127.0143318,2000,한전주,02-901-5863,서울특별시 강북구청,2025-08-12
2010-12-29,1,서울특별시 강북구 삼양로 510,,37.64862629,127.0143318,2000,한전주,02-901-5863,서울특별시 강북구청,2025-08-12
2010-12-28,1,서울특별시 강북구 삼양로138길 8,,37.64907932,127.0143561,2000,,02-901-5863,서울특별시 강북구청,2025-08-12
2010-12-27,1,서울특별시 강북구 삼양로138길 8,,37.64907932,127.0143561,2000,건축물,02-901-5863,서울특별시 강북구청,2025-08-12
2010-12-26,1,서울특별시 강북구 삼양로136길 12,,37.64886498,127.0145856,2000,한전주,02-901-5863,서울특별시 강북구청,2025-08-12
2010-12-25,1,서울특별시 강북구 삼양로136길 16,,37.64883074,127.0147964,2000,한전주,02-901-5863,서울특별시 강북구청,2025-08-12
2010-12-24,1,서울특별시 강북구 삼양로136길 18,,37.64881424,127.0149828,2000,한전주,02-901-5863,서울특별시 강북구청,2025-08-12
2010-12-23,1,서울특별시 강북구 삼양로136길 25,,37.64894377,127.0153891,2000,전용주,02-901-5863,서울특별시 강북구청,2025-08-12
2010-12-22,1,서울특별시 강북구 삼양로136길 28,,37.64862787,127.0153253,2000,건축물,02-901-5863,서울특별시 강북구청,2025-08-12
2010-12-21,1,서울특별시 강북구 삼양로136길 30,,37.64861137,127.0155068,2000,한전주,02-901-5863,서울특별시 강북구청,2025-08-12
2010-12-20,1,서울특별시 강북구 삼양로136길 31,,37.64874924,127.0158336,2000,,02-901-5863,서울특별시 강북구청,2025-08-12
2010-12-19,1,서울특별시 강북구 삼양로136길 38,,37.64846198,127.015962,2000,한전주,02-901-5863,서울특별시 강북구청,2025-08-12
2010-12-18,1,서울특별시 강북구 한천로170길 1,,37.6484633,127.0161207,2000,한전주,02-901-5863,서울특별시 강북구청,2025-08-12
2010-12-17,1,서울특별시 강북구 한천로170길 1,,37.64858184,127.0162891,2000,전용주,02-901-5863,서울특별시 강북구청,2025-08-12
2010-12-16,1,서울특별시 강북구 한천로170가길 18,,37.64845104,127.0168121,2000,건축물,02-901-5863,서울특별시 강북구청,2025-08-12
2010-12-15,1,서울특별시 강북구 한천로170길 9,,37.64808947,127.0165771,2000,한전주,02-901-5863,서울특별시 강북구청,2025-08-12
2010-12-14,1,서울특별시 강북구 한천로170길 23,,37.64811996,127.0170884,2000,건축물,02-901-5863,서울특별시 강북구청,2025-08-12
2010-12-13,1,서울특별시 강북구 한천로170가길 13,,37.64824486,127.0169395,2000,전용주,02-901-5863,서울특별시 강북구청,2025-08-12
2010-12-12,1,서울특별시 강북구 한천로170가길 4,,37.64818595,127.0174388,2000,전용주,02-901-5863,서울특별시 강북구청,2025-08-12
2010-12-11,1,서울특별시 강북구 삼양로138길 60,,37.64847179,127.0171404,2000,,02-901-5863,서울특별시 강북구청,2025-08-12
2010-12-08,1,서울특별시 강북구 한천로170길 23,,37.64811996,127.0170884,2000,,02-901-5863,서울특별시 강북구청,2025-08-12
2010-12-07,1,서울특별시 강북구 한천로170길 23,,37.64811996,127.0170884,2000,한전주,02-901-5863,서울특별시 강북구청,2025-08-12
2010-12-03,1,서울특별시 강북구 삼양로136길 25,,37.64894377,127.0153891,2000,건축물,02-901-5863,서울특별시 강북구청,2025-08-12
2010-12-02,2,서울특별시 강북구 삼양로138길 20,,37.64905805,127.0150476,2000,전용주,02-901-5863,서울특별시 강북구청,2025-08-12
2010-12-01,1,서울특별시 강북구 삼양로138길 12,,37.64904498,127.0145605,2000,,02-901-5863,서울특별시 강북구청,2025-08-12
2010-11-20,1,서울특별시 강북구 삼양로130길 17,,37.64692295,127.0160025,2000,전용주,02-901-5863,서울특별시 강북구청,2025-08-12
2010-11-19,1,서울특별시 강북구 한천로 1167,,37.64767638,127.0157571,2000,건축물,02-901-5863,서울특별시 강북구청,2025-08-12
2010-11-18,1,서울특별시 강북구 삼양로126길 11,,37.64650809,127.0161238,2000,전용주,02-901-5863,서울특별시 강북구청,2025-08-12
2010-11-17,1,서울특별시 강북구 삼양로126길 11,,37.64650809,127.0161238,2000,,02-901-5863,서울특별시 강북구청,2025-08-12
2010-11-16,2,서울특별시 강북구 삼양로 500,,37.64757586,127.0155884,2000,한전주,02-901-5863,서울특별시 강북구청,2025-08-12
2010-11-15,1,서울특별시 강북구 삼양로 500,,37.64784104,127.014973,2000,한전주,02-901-5863,서울특별시 강북구청,2025-08-12
2010-11-13,1,서울특별시 강북구 삼양로 490,,37.64699056,127.0150415,2000,전용주,02-901-5863,서울특별시 강북구청,2025-08-12
2010-11-12,1,서울특별시 강북구 삼양로 490,,37.64699056,127.0150415,2000,한전주,02-901-5863,서울특별시 강북구청,2025-08-12
2010-11-11,1,서울특별시 강북구 삼양로130길 17,,37.64692295,127.0160025,2000,한전주,02-901-5863,서울특별시 강북구청,2025-08-12
2010-11-10,2,서울특별시 강북구 삼양로130길 9,,37.64683633,127.0156178,2000,한전주,02-901-5863,서울특별시 강북구청,2025-08-12
2010-11-09,1,서울특별시 강북구 삼양로 500,,37.64757586,127.0155884,2000,한전주,02-901-5863,서울특별시 강북구청,2025-08-12
2010-11-08,1,서울특별시 강북구 한천로 1163,,37.64741728,127.0160211,2000,한전주,02-901-5863,서울특별시 강북구청,2025-08-12
2010-11-07,1,서울특별시 강북구 한천로 1163,,37.64742218,127.0160115,2000,건축물,02-901-5863,서울특별시 강북구청,2025-08-12
2010-11-06,1,서울특별시 강북구 한천로 1159,,37.64723992,127.0163634,2000,건축물,02-901-5863,서울특별시 강북구청,2025-08-12
2010-11-05,1,서울특별시 강북구 삼양로126길 11,,37.64650809,127.0161238,2000,한전주,02-901-5863,서울특별시 강북구청,2025-08-12
2010-11-04,1,서울특별시 강북구 삼양로126길 11,,37.64650809,127.0161238,2000,한전주,02-901-5863,서울특별시 강북구청,2025-08-12
2010-11-03,1,서울특별시 강북구 삼양로126길 11,,37.64650809,127.0161238,2000,한전주,02-901-5863,서울특별시 강북구청,2025-08-12
2010-11-02,1,서울특별시 강북구 삼양로126길 11,,37.64650809,127.0161238,2000,한전주,02-901-5863,서울특별시 강북구청,2025-08-12
2010-10-31,1,서울특별시 강북구 삼양로124길 7,,37.645207,127.0161623,2000,건축물,02-901-5863,서울특별시 강북구청,2025-08-12
2010-10-30,1,서울특별시 강북구 삼양로126길 22,,37.6460796,127.0166053,2000,전용주,02-901-5863,서울특별시 강북구청,2025-08-12
2010-10-29,2,서울특별시 강북구 삼양로126길 24,,37.64615215,127.016661,2000,건축물,02-901-5863,서울특별시 강북구청,2025-08-12
2010-10-28,1,서울특별시 강북구 삼양로130길 24,,37.64695144,127.0163446,2000,건축물,02-901-5863,서울특별시 강북구청,2025-08-12
2010-10-27,1,서울특별시 강북구 한천로161길 64,,37.64679049,127.016494,2000,전용주,02-901-5863,서울특별시 강북구청,2025-08-12
2010-10-26,1,서울특별시 강북구 한천로161길 56,,37.64649686,127.0169398,2000,한전주,02-901-5863,서울특별시 강북구청,2025-08-12
2010-10-25,1,서울특별시 강북구 한천로161길 51,,37.6462079,127.0168643,2000,한전주,02-901-5863,서울특별시 강북구청,2025-08-12
2010-10-24,1,서울특별시 강북구 삼양로124길 45,,37.64636474,127.0173042,2000,한전주,02-901-5863,서울특별시 강북구청,2025-08-12
2010-10-23,1,서울특별시 강북구 삼양로124길 37,,37.64604772,127.0171044,2000,한전주,02-901-5863,서울특별시 강북구청,2025-08-12
2010-10-22,1,서울특별시 강북구 삼양로124길 29,,37.64604545,127.0168324,2000,한전주,02-901-5863,서울특별시 강북구청,2025-08-12
2010-10-21,1,서울특별시 강북구 삼양로124길 25,,37.64562088,127.0166994,2000,건축물,02-901-5863,서울특별시 강북구청,2025-08-12
2010-10-20,1,서울특별시 강북구 삼양로122길 33,,37.64532725,127.0171478,2000,전용주,02-901-5863,서울특별시 강북구청,2025-08-12
2010-10-19,1,서울특별시 강북구 삼양로122길 33,,37.64537154,127.0170566,2000,건축물,02-901-5863,서울특별시 강북구청,2025-08-12
2010-10-18,1,서울특별시 강북구 삼양로122길 33,,37.64532725,127.0171478,2000,전용주,02-901-5863,서울특별시 강북구청,2025-08-12
2010-10-17,1,서울특별시 강북구 삼양로122길 33,,37.64517306,127.0170252,2000,한전주,02-901-5863,서울특별시 강북구청,2025-08-12
2010-10-15,1,서울특별시 강북구 삼양로124길 20,,37.6452348,127.0168658,2000,한전주,02-901-5863,서울특별시 강북구청,2025-08-12
2010-10-14,1,서울특별시 강북구 삼양로124길 15,,37.64524911,127.0165584,2000,,02-901-5863,서울특별시 강북구청,2025-08-12
2010-10-13,2,서울특별시 강북구 삼양로124길 11,,37.64522202,127.0164127,2000,한전주,02-901-5863,서울특별시 강북구청,2025-08-12
2010-10-12,1,서울특별시 강북구 삼양로124길 11,,37.64522202,127.0164127,2000,,02-901-5863,서울특별시 강북구청,2025-08-12
2010-10-11,1,서울특별시 강북구 삼양로124길 7,,37.645207,127.0161623,2000,한전주,02-901-5863,서울특별시 강북구청,2025-08-12
2010-10-10,1,서울특별시 강북구 삼양로124길 7,,37.645207,127.0161623,2000,한전주,02-901-5863,서울특별시 강북구청,2025-08-12
2010-10-09,1,서울특별시 강북구 삼양로124길 7,,37.645207,127.0161623,2000,전용주,02-901-5863,서울특별시 강북구청,2025-08-12
2010-10-07,2,서울특별시 강북구 삼양로130길 8,,37.6465929,127.0154881,2000,한전주,02-901-5863,서울특별시 강북구청,2025-08-12
2010-10-06,1,서울특별시 강북구 삼양로126길 5,,37.64638682,127.0156268,2000,한전주,02-901-5863,서울특별시 강북구청,2025-08-12
2010-10-05,1,서울특별시 강북구 삼양로126길 5,,37.64608163,127.0157668,2000,한전주,02-901-5863,서울특별시 강북구청,2025-08-12
2010-10-04,1,서울특별시 강북구 삼양로126길 7,,37.64592012,127.0158482,2000,한전주,02-901-5863,서울특별시 강북구청,2025-08-12
2010-10-03,1,서울특별시 강북구 삼양로 476,,37.64581003,127.0156117,2000,한전주,02-901-5863,서울특별시 강북구청,2025-08-12
2010-10-02,1,서울특별시 강북구 삼양로124길 5,,37.64559692,127.0159885,2000,한전주,02-901-5863,서울특별시 강북구청,2025-08-12
2010-10-01,1,서울특별시 강북구 삼양로 470,,37.64512759,127.0158927,2000,한전주,02-901-5863,서울특별시 강북구청,2025-08-12
2010-09-30,1,서울특별시 강북구 삼양로122길 29,,37.64494839,127.0170962,2000,전용주,02-901-5863,서울특별시 강북구청,2025-08-12
2010-09-29,1,서울특별시 강북구 삼양로122길 23,,37.64479504,127.0170755,2000,전용주,02-901-5863,서울특별시 강북구청,2025-08-12
2010-09-28,1,서울특별시 강북구 삼양로122길 20,,37.64465943,127.0168166,2000,한전주,02-901-5863,서울특별시 강북구청,2025-08-12
2010-09-27,1,서울특별시 강북구 삼양로122길 20,,37.6446307,127.0168171,2000,건축물,02-901-5863,서울특별시 강북구청,2025-08-12
2010-09-26,1,서울특별시 강북구 삼양로122길 17,,37.64480216,127.0168488,2000,한전주,02-901-5863,서울특별시 강북구청,2025-08-12
2010-09-25,1,서울특별시 강북구 삼양로122길 15,,37.64474851,127.0167234,2000,한전주,02-901-5863,서울특별시 강북구청,2025-08-12
2010-09-24,1,서울특별시 강북구 삼양로122길 15,,37.64474851,127.0167234,2000,건축물,02-901-5863,서울특별시 강북구청,2025-08-12
2010-09-23,1,서울특별시 강북구 삼양로122길 16,,37.64460264,127.0166928,2000,건축물,02-901-5863,서울특별시 강북구청,2025-08-12
2010-09-22,1,서울특별시 강북구 삼양로122길 9,,37.64477221,127.0164979,2000,건축물,02-901-5863,서울특별시 강북구청,2025-08-12
2010-09-21,1,서울특별시 강북구 삼양로122길 9,,37.64481556,127.0162934,2000,건축물,02-901-5863,서울특별시 강북구청,2025-08-12
2010-09-20,1,서울특별시 강북구 삼양로122길 6,,37.64463434,127.0161711,2000,건축물,02-901-5863,서울특별시 강북구청,2025-08-12
2010-09-19,1,서울특별시 강북구 삼양로122길 10,,37.64465358,127.0163182,2000,한전주,02-901-5863,서울특별시 강북구청,2025-08-12
2010-09-18,1,서울특별시 강북구 삼양로118길 7,,37.64416786,127.0164515,2000,한전주,02-901-5863,서울특별시 강북구청,2025-08-12
2010-09-17,1,서울특별시 강북구 삼양로118길 7,,37.64416786,127.0164515,2000,건축물,02-901-5863,서울특별시 강북구청,2025-08-12
2010-09-16,1,서울특별시 강북구 삼양로118길 7,,37.64416786,127.0164515,2000,건축물,02-901-5863,서울특별시 강북구청,2025-08-12
2010-09-15,1,서울특별시 강북구 삼양로 458,,37.64426467,127.016142,2000,건축물,02-901-5863,서울특별시 강북구청,2025-08-12
2010-09-14,1,서울특별시 강북구 삼양로118길 7,,37.64416812,127.0164492,2000,한전주,02-901-5863,서울특별시 강북구청,2025-08-12
2010-09-13,1,서울특별시 강북구 삼양로116길 43,,37.64400517,127.018525,2000,한전주,02-901-5863,서울특별시 강북구청,2025-08-12
2010-09-12,2,서울특별시 강북구 삼양로116길 33,,37.643884,127.0180393,2000,한전주,02-901-5863,서울특별시 강북구청,2025-08-12
2010-09-11,1,서울특별시 강북구 삼양로116길 37,,37.64394013,127.0182879,2000,,02-901-5863,서울특별시 강북구청,2025-08-12
2010-09-10,2,서울특별시 강북구 삼양로116길 29,,37.64392333,127.0177679,2000,한전주,02-901-5863,서울특별시 강북구청,2025-08-12
2010-09-09,1,서울특별시 강북구 삼양로116길 21,,37.64371129,127.0173512,2000,한전주,02-901-5863,서울특별시 강북구청,2025-08-12
2010-09-08,1,서울특별시 강북구 삼양로118길 14,,37.64396922,127.0168534,2000,건축물,02-901-5863,서울특별시 강북구청,2025-08-12
2010-09-07,1,서울특별시 강북구 삼양로118길 16,,37.64396552,127.0170071,2000,한전주,02-901-5863,서울특별시 강북구청,2025-08-12
2010-09-06,1,서울특별시 강북구 삼양로118길 18,,37.64397946,127.0171559,2000,건축물,02-901-5863,서울특별시 강북구청,2025-08-12
2010-09-05,1,서울특별시 강북구 삼양로118길 22,,37.643995,127.0173013,2000,한전주,02-901-5863,서울특별시 강북구청,2025-08-12
2010-09-04,1,서울특별시 강북구 삼양로118길 27,,37.64426745,127.0175584,2000,한전주,02-901-5863,서울특별시 강북구청,2025-08-12
2010-09-03,1,서울특별시 강북구 삼양로118길 33,,37.64425329,127.0180232,2000,한전주,02-901-5863,서울특별시 강북구청,2025-08-12
2010-09-02,1,서울특별시 강북구 삼양로118길 39,,37.64428305,127.0185166,2000,한전주,02-901-5863,서울특별시 강북구청,2025-08-12
2010-09-01,1,서울특별시 강북구 삼양로118길 45,,37.6441967,127.018783,2000,한전주,02-901-5863,서울특별시 강북구청,2025-08-12
2010-06-29,1,서울특별시 강북구 노해로19길 22,,37.64256363,127.0211486,2000,한전주,02-901-5863,서울특별시 강북구청,2025-08-12
2010-06-28,1,서울특별시 강북구 노해로19길 22,,37.64256363,127.0211486,2000,건축물,02-901-5863,서울특별시 강북구청,2025-08-12
2010-06-27,1,서울특별시 강북구 노해로19길 22,,37.64256728,127.0211501,2000,한전주,02-901-5863,서울특별시 강북구청,2025-08-12
2010-06-26,1,서울특별시 강북구 노해로19길 26,,37.64247549,127.0209473,2000,한전주,02-901-5863,서울특별시 강북구청,2025-08-12
2010-06-25,1,서울특별시 강북구 삼각산로 157,,37.64190997,127.021204,2000,한전주,02-901-5863,서울특별시 강북구청,2025-08-12
2010-06-24,1,서울특별시 강북구 삼각산로33길 3,,37.64199903,127.0210782,2000,건축물,02-901-5863,서울특별시 강북구청,2025-08-12
2010-06-23,1,서울특별시 강북구 삼각산로33길 9,,37.64214168,127.020895,2000,한전주,02-901-5863,서울특별시 강북구청,2025-08-12
2010-06-22,1,서울특별시 강북구 삼각산로33길 16,,37.64254644,127.0208104,2000,건축물,02-901-5863,서울특별시 강북구청,2025-08-12
2010-06-21,1,서울특별시 강북구 삼각산로33길 19,,37.64257065,127.0205919,2000,한전주,02-901-5863,서울특별시 강북구청,2025-08-12
2010-06-20,1,서울특별시 강북구 삼각산로31길 41,,37.64309603,127.0205678,2000,전용주,02-901-5863,서울특별시 강북구청,2025-08-12
2010-06-18,1,서울특별시 강북구 삼각산로31길 35,,37.64291291,127.0204543,2000,한전주,02-901-5863,서울특별시 강북구청,2025-08-12
2010-06-16,2,서울특별시 강북구 삼각산로31길 41,,37.64304946,127.0205678,2000,한전주,02-901-5863,서울특별시 강북구청,2025-08-12
2010-06-15,1,서울특별시 강북구 한천로155길 11,,37.64338422,127.0207881,2000,한전주,02-901-5863,서울특별시 강북구청,2025-08-12
2010-06-14,2,서울특별시 강북구 한천로155길 13,,37.6435355,127.0205595,2000,한전주,02-901-5863,서울특별시 강북구청,2025-08-12
2010-06-13,2,서울특별시 강북구 한천로155길 15,,37.64348032,127.0204242,2000,한전주,02-901-5863,서울특별시 강북구청,2025-08-12
2010-06-12,1,서울특별시 강북구 한천로155길 15,,37.64348032,127.0204242,2000,건축물,02-901-5863,서울특별시 강북구청,2025-08-12
2010-06-11,2,서울특별시 강북구 노해로23길 68,,37.64603587,127.0200168,2000,한전주,02-901-5863,서울특별시 강북구청,2025-08-12
2010-06-10,1,서울특별시 강북구 삼각산로31길 31,,37.64308343,127.0203728,2000,건축물,02-901-5863,서울특별시 강북구청,2025-08-12
2010-06-09,1,서울특별시 강북구 삼각산로31길 37,,37.64299437,127.0204986,2000,전용주,02-901-5863,서울특별시 강북구청,2025-08-12
2010-06-08,2,서울특별시 강북구 삼각산로31길 28,,37.64270577,127.0203325,2000,한전주,02-901-5863,서울특별시 강북구청,2025-08-12
2010-06-07,1,서울특별시 강북구 삼각산로33길 19,,37.64257065,127.0205919,2000,전용주,02-901-5863,서울특별시 강북구청,2025-08-12
2010-06-06,1,서울특별시 강북구 삼각산로31길 20,,37.64239131,127.0205745,2000,전용주,02-901-5863,서울특별시 강북구청,2025-08-12
2010-06-05,2,서울특별시 강북구 삼각산로31길 16,,37.64223843,127.0206105,2000,한전주,02-901-5863,서울특별시 강북구청,2025-08-12
2010-06-04,1,서울특별시 강북구 삼각산로31길 10,,37.64202362,127.0207833,2000,한전주,02-901-5863,서울특별시 강북구청,2025-08-12
2010-06-03,1,서울특별시 강북구 삼각산로31길 8,,37.64195229,127.0208748,2000,전용주,02-901-5863,서울특별시 강북구청,2025-08-12
2010-06-02,1,서울특별시 강북구 삼각산로31길 6,,37.64188998,127.0209663,2000,한전주,02-901-5863,서울특별시 강북구청,2025-08-12
2010-06-01,1,서울특별시 강북구 삼각산로 149,,37.64148184,127.0206431,2000,건축물,02-901-5863,서울특별시 강북구청,2025-08-12
2010-05-31,1,서울특별시 강북구 삼각산로 119,,37.64098626,127.0173862,2000,한전주,02-901-5863,서울특별시 강북구청,2025-08-12
2010-05-30,1,서울특별시 강북구 삼각산로 119,,37.64098554,127.0173877,2000,건축물,02-901-5863,서울특별시 강북구청,2025-08-12
2010-05-29,1,서울특별시 강북구 삼양로116길 14,,37.64337482,127.0170136,2000,건축물,02-901-5863,서울특별시 강북구청,2025-08-12
2010-05-28,1,서울특별시 강북구 삼양로112길 9,,37.6425606,127.0170096,2000,한전주,02-901-5863,서울특별시 강북구청,2025-08-12
2010-05-27,1,서울특별시 강북구 삼양로112길 9,,37.6425606,127.0170096,2000,한전주,02-901-5863,서울특별시 강북구청,2025-08-12
2010-05-26,1,서울특별시 강북구 삼양로112길 9,,37.6425606,127.0170096,2000,,02-901-5863,서울특별시 강북구청,2025-08-12
2010-05-25,1,서울특별시 강북구 삼양로112길 9,,37.6425606,127.0170096,2000,,02-901-5863,서울특별시 강북구청,2025-08-12
2010-05-24,1,서울특별시 강북구 삼양로112길 9,,37.6425606,127.0170096,2000,건축물,02-901-5863,서울특별시 강북구청,2025-08-12
2010-05-23,1,서울특별시 강북구 삼양로114길 3,,37.64293058,127.0171567,2000,,02-901-5863,서울특별시 강북구청,2025-08-12
2010-05-22,1,서울특별시 강북구 삼양로112길 15,,37.6426675,127.017384,2000,전용주,02-901-5863,서울특별시 강북구청,2025-08-12
2010-05-20,1,서울특별시 강북구 삼양로114길 14,,37.64292666,127.0177686,2000,한전주,02-901-5863,서울특별시 강북구청,2025-08-12
2010-05-19,1,서울특별시 강북구 삼양로114길 14,,37.64292666,127.0177686,2000,한전주,02-901-5863,서울특별시 강북구청,2025-08-12
2010-05-18,1,서울특별시 강북구 삼양로112길 29,,37.64276543,127.0178841,2000,한전주,02-901-5863,서울특별시 강북구청,2025-08-12
2010-05-17,1,서울특별시 강북구 삼양로112길 19,,37.64270125,127.017579,2000,한전주,02-901-5863,서울특별시 강북구청,2025-08-12
2010-05-16,1,서울특별시 강북구 삼양로112길 9,,37.64256176,127.0170096,2000,한전주,02-901-5863,서울특별시 강북구청,2025-08-12
2010-05-15,1,서울특별시 강북구 삼양로112길 9,,37.64255997,127.0170143,2000,전용주,02-901-5863,서울특별시 강북구청,2025-08-12
2010-05-14,1,서울특별시 강북구 삼양로112길 5,,37.64256747,127.0168329,2000,한전주,02-901-5863,서울특별시 강북구청,2025-08-12
2010-05-13,1,서울특별시 강북구 삼양로 434,,37.64228733,127.0167346,2000,한전주,02-901-5863,서울특별시 강북구청,2025-08-12
2010-05-12,1,서울특별시 강북구 삼양로 424,,37.64142526,127.0171177,2000,건축물,02-901-5863,서울특별시 강북구청,2025-08-12
2010-05-11,1,서울특별시 강북구 삼양로 424,,37.64142526,127.0171177,2000,전용주,02-901-5863,서울특별시 강북구청,2025-08-12
2010-05-10,1,서울특별시 강북구 삼양로 424,,37.64142526,127.0171177,2000,,02-901-5863,서울특별시 강북구청,2025-08-12
2010-05-09,1,서울특별시 강북구 삼양로106길 6,,37.64119262,127.0172816,2000,전용주,02-901-5863,서울특별시 강북구청,2025-08-12
2010-05-08,2,서울특별시 강북구 삼양로106길 16,,37.64124134,127.0177228,2000,한전주,02-901-5863,서울특별시 강북구청,2025-08-12
2010-05-07,1,서울특별시 강북구 삼각산로 125,,37.64105563,127.0181445,2000,전용주,02-901-5863,서울특별시 강북구청,2025-08-12
2010-05-06,2,서울특별시 강북구 삼각산로 125,,37.64105563,127.0181445,2000,한전주,02-901-5863,서울특별시 강북구청,2025-08-12
2010-05-05,1,서울특별시 강북구 삼각산로 127,,37.64107459,127.0182576,2000,전용주,02-901-5863,서울특별시 강북구청,2025-08-12
2010-05-04,1,서울특별시 강북구 삼각산로 127,,37.64107208,127.018253,2000,전용주,02-901-5863,서울특별시 강북구청,2025-08-12
2010-05-03,1,서울특별시 강북구 삼각산로 131,,37.64120075,127.0187592,2000,건축물,02-901-5863,서울특별시 강북구청,2025-08-12
2010-05-02,2,서울특별시 강북구 삼각산로 137,,37.64118357,127.0194459,2000,한전주,02-901-5863,서울특별시 강북구청,2025-08-12
2010-05-01,1,서울특별시 강북구 삼각산로 141,,37.64124139,127.0198984,2000,건축물,02-901-5863,서울특별시 강북구청,2025-08-12
2009-12-31,1,서울특별시 강북구 인수봉로38가길 28,,37.6314662,127.0156874,2000,전용주,02-901-5863,서울특별시 강북구청,2025-08-12
2009-12-30,1,서울특별시 강북구 인수봉로38가길 32,,37.6315579,127.0158788,2000,한전주,02-901-5863,서울특별시 강북구청,2025-08-12
2009-12-29,1,서울특별시 강북구 인수봉로38가길 26,,37.63141752,127.0154844,2000,한전주,02-901-5863,서울특별시 강북구청,2025-08-12
2009-12-28,1,서울특별시 강북구 인수봉로38가길 22,,37.63137158,127.0151448,2000,건축물,02-901-5863,서울특별시 강북구청,2025-08-12
2009-12-27,1,서울특별시 강북구 인수봉로38가길 22,,37.63137158,127.0151448,2000,,02-901-5863,서울특별시 강북구청,2025-08-12
2009-12-25,1,서울특별시 강북구 인수봉로38가길 12,,37.63123115,127.0144671,2000,한전주,02-901-5863,서울특별시 강북구청,2025-08-12
2009-12-24,1,서울특별시 강북구 인수봉로38가길 12,,37.63123115,127.0144671,2000,건축물,02-901-5863,서울특별시 강북구청,2025-08-12
2009-12-23,1,서울특별시 강북구 인수봉로 130,,37.63136492,127.0139192,2000,건축물,02-901-5863,서울특별시 강북구청,2025-08-12
2009-12-22,1,서울특별시 강북구 인수봉로 130,,37.6313753,127.0139192,2000,한전주,02-901-5863,서울특별시 강북구청,2025-08-12
2009-12-21,1,서울특별시 강북구 인수봉로 130,,37.63136492,127.0139192,2000,한전주,02-901-5863,서울특별시 강북구청,2025-08-12
2009-12-20,1,서울특별시 강북구 인수봉로 130,,37.63135407,127.0139192,2000,전용주,02-901-5863,서울특별시 강북구청,2025-08-12
2009-12-19,1,서울특별시 강북구 인수봉로 132,,37.63156821,127.0138733,2000,한전주,02-901-5863,서울특별시 강북구청,2025-08-12
2009-12-18,1,서울특별시 강북구 인수봉로38길 10,,37.63164369,127.0142802,2000,한전주,02-901-5863,서울특별시 강북구청,2025-08-12
2009-12-17,1,서울특별시 강북구 인수봉로38길 13,,37.63194166,127.0143556,2000,건축물,02-901-5863,서울특별시 강북구청,2025-08-12
2009-12-16,1,서울특별시 강북구 인수봉로38가길 1,,37.63170949,127.0146079,2000,한전주,02-901-5863,서울특별시 강북구청,2025-08-12
2009-12-15,1,서울특별시 강북구 인수봉로38길 20,,37.63172087,127.014891,2000,한전주,02-901-5863,서울특별시 강북구청,2025-08-12
2009-12-14,1,서울특별시 강북구 인수봉로38길 28,,37.63176078,127.015355,2000,한전주,02-901-5863,서울특별시 강북구청,2025-08-12
2009-12-13,1,서울특별시 강북구 인수봉로38길 32,,37.63175337,127.0155477,2000,한전주,02-901-5863,서울특별시 강북구청,2025-08-12
2009-12-12,1,서울특별시 강북구 삼양로81길 39,,37.63180716,127.0157968,2000,한전주,02-901-5863,서울특별시 강북구청,2025-08-12
2009-12-11,1,서울특별시 강북구 삼양로81길 25,,37.63125426,127.0161657,2000,전용주,02-901-5863,서울특별시 강북구청,2025-08-12
2009-12-10,1,서울특별시 강북구 삼양로81길 25,,37.63125426,127.0161657,2000,한전주,02-901-5863,서울특별시 강북구청,2025-08-12
2009-12-09,1,서울특별시 강북구 삼양로81길 29,,37.63139753,127.0160962,2000,전용주,02-901-5863,서울특별시 강북구청,2025-08-12
2009-12-08,1,서울특별시 강북구 삼양로81길 25,,37.63125394,127.016166,2000,한전주,02-901-5863,서울특별시 강북구청,2025-08-12
2009-12-07,1,서울특별시 강북구 삼양로79길 36,,37.63080304,127.0155376,2000,전용주,02-901-5863,서울특별시 강북구청,2025-08-12
2009-12-06,1,서울특별시 강북구 삼양로79길 36,,37.63080304,127.0155376,2000,한전주,02-901-5863,서울특별시 강북구청,2025-08-12
2009-12-05,1,서울특별시 강북구 삼양로79길 36,,37.63080304,127.0155376,2000,한전주,02-901-5863,서울특별시 강북구청,2025-08-12
2009-12-04,1,서울특별시 강북구 삼양로79길 36,,37.63080304,127.0155376,2000,한전주,02-901-5863,서울특별시 강북구청,2025-08-12
2009-12-03,1,서울특별시 강북구 인수봉로32길 21,,37.63069427,127.0149611,2000,건축물,02-901-5863,서울특별시 강북구청,2025-08-12
2009-12-02,1,서울특별시 강북구 인수봉로32길 21,,37.63069427,127.0149611,2000,건축물,02-901-5863,서울특별시 강북구청,2025-08-12
2009-12-01,1,서울특별시 강북구 인수봉로32길 13,,37.63071639,127.0143717,2000,한전주,02-901-5863,서울특별시 강북구청,2025-08-12
2009-11-30,1,서울특별시 강북구 인수봉로42길 33,,37.63233926,127.0155739,2000,,02-901-5863,서울특별시 강북구청,2025-08-12
2009-11-29,1,서울특별시 강북구 인수봉로42길 20,,37.63236897,127.0148144,2000,한전주,02-901-5863,서울특별시 강북구청,2025-08-12
2009-11-28,1,서울특별시 강북구 인수봉로42길 30,,37.63219237,127.0152473,2000,한전주,02-901-5863,서울특별시 강북구청,2025-08-12
2009-11-27,1,서울특별시 강북구 삼양로85길 47,,37.63239237,127.0154599,2000,한전주,02-901-5863,서울특별시 강북구청,2025-08-12
2009-11-26,1,서울특별시 강북구 삼양로85길 40,,37.63261987,127.0157288,2000,한전주,02-901-5863,서울특별시 강북구청,2025-08-12
2009-11-25,2,서울특별시 강북구 삼양로85길 39,,37.63249554,127.0159457,2000,한전주,02-901-5863,서울특별시 강북구청,2025-08-12
2009-11-24,1,서울특별시 강북구 인수봉로42길 15,,37.63255637,127.0145967,2000,한전주,02-901-5863,서울특별시 강북구청,2025-08-12
2009-11-23,1,서울특별시 강북구 삼양로81길 53,,37.63230794,127.0161408,2000,건축물,02-901-5863,서울특별시 강북구청,2025-08-12
2009-11-22,1,서울특별시 강북구 인수봉로40길 29,,37.63205799,127.0153397,2000,건축물,02-901-5863,서울특별시 강북구청,2025-08-12
2009-11-21,1,서울특별시 강북구 인수봉로40길 24,,37.63209186,127.0150787,2000,건축물,02-901-5863,서울특별시 강북구청,2025-08-12
2009-11-20,1,서울특별시 강북구 인수봉로40길 20,,37.63201789,127.0147649,2000,한전주,02-901-5863,서울특별시 강북구청,2025-08-12
2009-11-19,1,서울특별시 강북구 인수봉로40길 17,,37.63217067,127.0146648,2000,,02-901-5863,서울특별시 강북구청,2025-08-12
2009-11-18,1,서울특별시 강북구 인수봉로40길 9,,37.63212185,127.0143532,2000,건축물,02-901-5863,서울특별시 강북구청,2025-08-12
2009-11-17,1,서울특별시 강북구 인수봉로40길 9,,37.63212185,127.0143532,2000,한전주,02-901-5863,서울특별시 강북구청,2025-08-12
2009-11-15,1,서울특별시 강북구 인수봉로40길 5,,37.63215524,127.0140355,2000,한전주,02-901-5863,서울특별시 강북구청,2025-08-12
2009-11-14,1,서울특별시 강북구 인수봉로42길 5,,37.63251523,127.0139855,2000,한전주,02-901-5863,서울특별시 강북구청,2025-08-12
2009-11-13,1,서울특별시 강북구 인수봉로42길 7,,37.63251302,127.0141003,2000,한전주,02-901-5863,서울특별시 강북구청,2025-08-12
2009-11-12,1,서울특별시 강북구 인수봉로42길 7,,37.63251302,127.0141003,2000,한전주,02-901-5863,서울특별시 강북구청,2025-08-12
2009-11-11,1,서울특별시 강북구 인수봉로42길 11,,37.6325633,127.0143474,2000,한전주,02-901-5863,서울특별시 강북구청,2025-08-12
2009-11-10,1,서울특별시 강북구 인수봉로42길 15,,37.63255637,127.0145967,2000,한전주,02-901-5863,서울특별시 강북구청,2025-08-12
2009-11-09,1,서울특별시 강북구 덕릉로8길 36,,37.63270024,127.0145608,2000,한전주,02-901-5863,서울특별시 강북구청,2025-08-12
2009-11-08,1,서울특별시 강북구 덕릉로8길 36,,37.63274226,127.0141977,2000,전용주,02-901-5863,서울특별시 강북구청,2025-08-12
2009-11-07,1,서울특별시 강북구 인수봉로42길 21,,37.63250048,127.0149952,2000,,02-901-5863,서울특별시 강북구청,2025-08-12
2009-11-06,1,서울특별시 강북구 덕릉로8길 31,,37.63259726,127.0148983,2000,한전주,02-901-5863,서울특별시 강북구청,2025-08-12
2009-11-05,1,서울특별시 강북구 덕릉로8길 30,,37.63280835,127.0148847,2000,한전주,02-901-5863,서울특별시 강북구청,2025-08-12
2009-11-04,1,서울특별시 강북구 덕릉로8길 30,,37.6328353,127.0148847,2000,전용주,02-901-5863,서울특별시 강북구청,2025-08-12
2009-11-03,1,서울특별시 강북구 인수봉로44길 14,,37.63305952,127.0144328,2000,한전주,02-901-5863,서울특별시 강북구청,2025-08-12
2009-11-02,1,서울특별시 강북구 인수봉로44길 8,,37.63303853,127.0140692,2000,한전주,02-901-5863,서울특별시 강북구청,2025-08-12
2009-11-01,1,서울특별시 강북구 인수봉로44길 2,,37.63303607,127.0137746,2000,한전주,02-901-5863,서울특별시 강북구청,2025-08-12
2009-10-26,1,서울특별시 강북구 덕릉로8길 23,,37.63283317,127.0153748,2000,전용주,02-901-5863,서울특별시 강북구청,2025-08-12
2009-10-24,1,서울특별시 강북구 덕릉로 4,,37.63360518,127.013847,2000,한전주,02-901-5863,서울특별시 강북구청,2025-08-12
2009-10-23,1,서울특별시 강북구 인수봉로44길 25,,37.63326459,127.0150394,2000,건축물,02-901-5863,서울특별시 강북구청,2025-08-12
2009-10-22,1,서울특별시 강북구 인수봉로44길 7,,37.63324076,127.0139632,2000,건축물,02-901-5863,서울특별시 강북구청,2025-08-12
2009-10-21,1,서울특별시 강북구 인수봉로44길 20,,37.63304467,127.0148055,2000,한전주,02-901-5863,서울특별시 강북구청,2025-08-12
2009-10-20,2,서울특별시 강북구 인수봉로44길 27,,37.63329746,127.0152214,2000,한전주,02-901-5863,서울특별시 강북구청,2025-08-12
2009-10-19,2,서울특별시 강북구 덕릉로8길 21,,37.63294973,127.0152546,2000,한전주,02-901-5863,서울특별시 강북구청,2025-08-12
2009-10-18,1,서울특별시 강북구 덕릉로 6,,37.63372476,127.0142414,2000,건축물,02-901-5863,서울특별시 강북구청,2025-08-12
2009-10-17,1,서울특별시 강북구 덕릉로10길 25,,37.63283629,127.0157486,2000,한전주,02-901-5863,서울특별시 강북구청,2025-08-12
2009-10-16,1,서울특별시 강북구 덕릉로10길 22,,37.63300595,127.0155651,2000,건축물,02-901-5863,서울특별시 강북구청,2025-08-12
2009-10-15,1,서울특별시 강북구 덕릉로8길 17,,37.633053,127.0154294,2000,전용주,02-901-5863,서울특별시 강북구청,2025-08-12
2009-10-14,1,서울특별시 강북구 덕릉로10길 10,,37.63353741,127.0155468,2000,한전주,02-901-5863,서울특별시 강북구청,2025-08-12
2009-10-13,1,서울특별시 강북구 덕릉로 18,,37.63385236,127.0154973,2000,건축물,02-901-5863,서울특별시 강북구청,2025-08-12
2009-10-12,1,서울특별시 강북구 덕릉로8길 12,,37.63345425,127.015310,2000,한전주,02-901-5863,서울특별시 강북구청,2025-08-12
2009-10-11,1,서울특별시 강북구 덕릉로8길 5,,37.63366269,127.0154432,2000,건축물,02-901-5863,서울특별시 강북구청,2025-08-12
2009-10-10,1,서울특별시 강북구 인수봉로44길 25,,37.63326459,127.0150631,2000,건축물,02-901-5863,서울특별시 강북구청,2025-08-12
2009-10-09,1,서울특별시 강북구 인수봉로44길 25,,37.63326459,127.0150631,2000,건축물,02-901-5863,서울특별시 강북구청,2025-08-12
2009-10-08,1,서울특별시 강북구 노해로23길 88,,37.64661831,127.0191234,2000,건축물,02-901-5863,서울특별시 강북구청,2025-08-12
2009-10-07,1,서울특별시 강북구 인수봉로44길 15,,37.63328287,127.014438,2000,전용주,02-901-5863,서울특별시 강북구청,2025-08-12
2009-10-06,1,서울특별시 강북구 인수봉로44길 15,,37.63328287,127.0144255,2000,한전주,02-901-5863,서울특별시 강북구청,2025-08-12
2009-10-05,1,서울특별시 강북구 인수봉로44길 9,,37.63322831,127.0141675,2000,전용주,02-901-5863,서울특별시 강북구청,2025-08-12
2009-10-04,1,서울특별시 강북구 인수봉로44길 9,,37.63322858,127.0141686,2000,전용주,02-901-5863,서울특별시 강북구청,2025-08-12
2009-10-03,2,서울특별시 강북구 인수봉로44길 7,,37.63324076,127.013997,2000,한전주,02-901-5863,서울특별시 강북구청,2025-08-12
2009-10-02,1,서울특별시 강북구 덕릉로 4,,37.63362414,127.013847,2000,건축물,02-901-5863,서울특별시 강북구청,2025-08-12
2009-10-01,1,서울특별시 강북구 인수봉로 154,,37.63346009,127.013745,2000,전용주,02-901-5863,서울특별시 강북구청,2025-08-12
2009-09-30,1,서울특별시 강북구 삼양로 325,,37.63262413,127.0173792,2000,한전주,02-901-5863,서울특별시 강북구청,2025-08-12
2009-09-29,1,서울특별시 강북구 삼양로83길 14,,37.63247228,127.0169933,2000,건축물,02-901-5863,서울특별시 강북구청,2025-08-12
2009-09-25,1,서울특별시 강북구 삼양로 335,,37.63333527,127.017384,2000,한전주,02-901-5863,서울특별시 강북구청,2025-08-12
2009-09-23,1,서울특별시 강북구 삼양로 335,,37.63333646,127.0173849,2000,한전주,02-901-5863,서울특별시 강북구청,2025-08-12
2009-09-22,1,서울특별시 강북구 삼양로 335,,37.63333646,127.0173849,2000,,02-901-5863,서울특별시 강북구청,2025-08-12
2009-09-21,1,서울특별시 강북구 덕릉로 24,,37.63391892,127.0161728,2000,전용주,02-901-5863,서울특별시 강북구청,2025-08-12
2009-09-20,1,서울특별시 강북구 삼양로81길 70,,37.63278237,127.0168483,2000,한전주,02-901-5863,서울특별시 강북구청,2025-08-12
2009-09-19,1,서울특별시 강북구 삼양로85길 31,,37.63278619,127.0162252,2000,한전주,02-901-5863,서울특별시 강북구청,2025-08-12
2009-09-18,1,서울특별시 강북구 삼양로85길 31,,37.63278619,127.0162252,2000,한전주,02-901-5863,서울특별시 강북구청,2025-08-12
2009-09-17,1,서울특별시 강북구 덕릉로10길 17,,37.63318025,127.0159367,2000,건축물,02-901-5863,서울특별시 강북구청,2025-08-12
2009-09-14,1,서울특별시 강북구 삼양로85길 11,,37.63341068,127.0168065,2000,한전주,02-901-5863,서울특별시 강북구청,2025-08-12
2009-09-13,1,서울특별시 강북구 덕릉로 26,,37.63394852,127.0164959,2000,한전주,02-901-5863,서울특별시 강북구청,2025-08-12
2009-09-12,1,서울특별시 강북구 삼양로 339,,37.63374433,127.0173183,2000,건축물,02-901-5863,서울특별시 강북구청,2025-08-12
2009-09-11,2,서울특별시 강북구 삼양로 339,,37.63374433,127.0173183,2000,한전주,02-901-5863,서울특별시 강북구청,2025-08-12
2009-09-10,1,서울특별시 강북구 덕릉로 28,,37.63398887,127.0167418,2000,건축물,02-901-5863,서울특별시 강북구청,2025-08-12
2009-09-09,1,서울특별시 강북구 덕릉로 26,,37.63394852,127.0164959,2000,한전주,02-901-5863,서울특별시 강북구청,2025-08-12
2009-09-08,1,서울특별시 강북구 덕릉로12길 11,,37.63347232,127.0163861,2000,전용주,02-901-5863,서울특별시 강북구청,2025-08-12
2009-09-07,1,서울특별시 강북구 덕릉로12길 16,,37.63350543,127.0160344,2000,한전주,02-901-5863,서울특별시 강북구청,2025-08-12
2009-09-06,1,서울특별시 강북구 덕릉로10길 5,,37.63369383,127.0157265,2000,건축물,02-901-5863,서울특별시 강북구청,2025-08-12
2009-09-05,1,서울특별시 강북구 덕릉로10길 5,,37.63363925,127.0157265,2000,건축물,02-901-5863,서울특별시 강북구청,2025-08-12
2009-09-04,1,서울특별시 강북구 덕릉로10길 15,,37.63329633,127.0157991,2000,한전주,02-901-5863,서울특별시 강북구청,2025-08-12
2009-09-03,1,서울특별시 강북구 덕릉로10길 15,,37.63329633,127.0157991,2000,한전주,02-901-5863,서울특별시 강북구청,2025-08-12
2009-09-02,1,서울특별시 강북구 덕릉로10길 21,,37.6330619,127.015791,2000,한전주,02-901-5863,서울특별시 강북구청,2025-08-12
2009-09-01,1,서울특별시 강북구 덕릉로10길 21,,37.63303572,127.0157865,2000,건축물,02-901-5863,서울특별시 강북구청,2025-08-12
2009-08-29,1,서울특별시 강북구 수유로 21,,37.63295747,127.0186947,2000,전용주,02-901-5863,서울특별시 강북구청,2025-08-12
2009-08-28,2,서울특별시 강북구 삼양로 336,,37.63346561,127.0177457,2000,한전주,02-901-5863,서울특별시 강북구청,2025-08-12
2009-08-27,2,서울특별시 강북구 삼양로 336,,37.63346757,127.0177449,2000,한전주,02-901-5863,서울특별시 강북구청,2025-08-12
2009-08-26,1,서울특별시 강북구 삼양로 324,,37.63234042,127.0178744,2000,건축물,02-901-5863,서울특별시 강북구청,2025-08-12
2009-08-25,1,서울특별시 강북구 삼양로 322,,37.63213328,127.0178968,2000,건축물,02-901-5863,서울특별시 강북구청,2025-08-12
2009-08-24,1,서울특별시 강북구 삼양로 326,,37.63249945,127.0178435,2000,한전주,02-901-5863,서울특별시 강북구청,2025-08-12
2009-08-23,1,서울특별시 강북구 삼양로 326,,37.63249945,127.0178435,2000,건축물,02-901-5863,서울특별시 강북구청,2025-08-12
2009-08-22,1,서울특별시 강북구 삼양로 326,,37.63249945,127.0178435,2000,건축물,02-901-5863,서울특별시 강북구청,2025-08-12
2009-08-21,1,서울특별시 강북구 삼양로 332,,37.63305194,127.0178204,2000,,02-901-5863,서울특별시 강북구청,2025-08-12
2009-08-20,1,서울특별시 강북구 수유로5길 9,,37.63283797,127.0181165,2000,한전주,02-901-5863,서울특별시 강북구청,2025-08-12
2009-08-19,1,서울특별시 강북구 수유로5길 3,,37.63276872,127.0184573,2000,전용주,02-901-5863,서울특별시 강북구청,2025-08-12
2009-08-18,1,서울특별시 강북구 수유로5길 8,,37.63302041,127.018386,2000,한전주,02-901-5863,서울특별시 강북구청,2025-08-12
2009-08-17,1,서울특별시 강북구 수유로 21,,37.63295747,127.0186947,2000,한전주,02-901-5863,서울특별시 강북구청,2025-08-12
2009-08-16,1,서울특별시 강북구 수유로5길 15,,37.63324217,127.0179639,2000,전용주,02-901-5863,서울특별시 강북구청,2025-08-12
2009-08-15,1,서울특별시 강북구 수유로5길 21,,37.63337872,127.0181321,2000,한전주,02-901-5863,서울특별시 강북구청,2025-08-12
2009-08-14,1,서울특별시 강북구 수유로 21,,37.63295747,127.0186947,2000,한전주,02-901-5863,서울특별시 강북구청,2025-08-12
2009-08-13,1,서울특별시 강북구 수유로 25,,37.63324396,127.0188476,2000,,02-901-5863,서울특별시 강북구청,2025-08-12
2009-08-12,2,서울특별시 강북구 삼양로 336,,37.63346757,127.0177449,2000,한전주,02-901-5863,서울특별시 강북구청,2025-08-12
2009-08-11,1,서울특별시 강북구 삼양로 336,,37.63346757,127.0177449,2000,한전주,02-901-5863,서울특별시 강북구청,2025-08-12
2009-08-10,1,서울특별시 강북구 삼양로 336,,37.63346757,127.0177449,2000,건축물,02-901-5863,서울특별시 강북구청,2025-08-12
2009-08-09,1,서울특별시 강북구 삼양로 336,,37.63346757,127.0177449,2000,건축물,02-901-5863,서울특별시 강북구청,2025-08-12
2009-08-08,1,서울특별시 강북구 수유로 27,,37.63338027,127.018924,2000,건축물,02-901-5863,서울특별시 강북구청,2025-08-12
2009-08-07,1,서울특별시 강북구 수유로 27,,37.63338027,127.018924,2000,건축물,02-901-5863,서울특별시 강북구청,2025-08-12
2009-08-06,1,서울특별시 강북구 수유로 27,,37.63338027,127.018924,2000,건축물,02-901-5863,서울특별시 강북구청,2025-08-12
2009-08-05,1,서울특별시 강북구 수유로 27,,37.63338027,127.018924,2000,한전주,02-901-5863,서울특별시 강북구청,2025-08-12
2009-07-22,1,서울특별시 강북구 수유로8길 5,,37.6331498,127.0194196,2000,건축물,02-901-5863,서울특별시 강북구청,2025-08-12
2009-07-21,1,서울특별시 강북구 수유로 4,,37.63126189,127.0182052,2000,한전주,02-901-5863,서울특별시 강북구청,2025-08-12
2009-07-20,2,서울특별시 강북구 수유로 6,,37.63150523,127.0183235,2000,한전주,02-901-5863,서울특별시 강북구청,2025-08-12
2009-07-19,1,서울특별시 강북구 수유로 14,,37.63208704,127.0186433,2000,건축물,02-901-5863,서울특별시 강북구청,2025-08-12
2009-07-18,1,서울특별시 강북구 수유로 18,,37.63244325,127.0188354,2000,건축물,02-901-5863,서울특별시 강북구청,2025-08-12
2009-07-17,1,서울특별시 강북구 수유로 30,,37.63346133,127.0193999,2000,건축물,02-901-5863,서울특별시 강북구청,2025-08-12
2009-07-16,1,서울특별시 강북구 수유로 34,,37.63371065,127.0195217,2000,건축물,02-901-5863,서울특별시 강북구청,2025-08-12
2009-07-14,1,서울특별시 강북구 삼양로80가길 53,,37.63323798,127.0196295,2000,건축물,02-901-5863,서울특별시 강북구청,2025-08-12
2009-07-13,1,서울특별시 강북구 수유로8길 7,,37.63313859,127.0195968,2000,건축물,02-901-5863,서울특별시 강북구청,2025-08-12
2009-07-12,1,서울특별시 강북구 수유로8길 7,,37.63313859,127.0195968,2000,한전주,02-901-5863,서울특별시 강북구청,2025-08-12
2009-07-10,1,서울특별시 강북구 수유로8길 6,,37.63299953,127.0193264,2000,전용주,02-901-5863,서울특별시 강북구청,2025-08-12
2009-07-09,1,서울특별시 강북구 수유로4길 5,,37.63207867,127.0188597,2000,건축물,02-901-5863,서울특별시 강북구청,2025-08-12
2009-07-08,1,서울특별시 강북구 수유로4길 6,,37.6318615,127.0187978,2000,한전주,02-901-5863,서울특별시 강북구청,2025-08-12
2009-07-06,1,서울특별시 강북구 삼양로80가길 15,,37.6316031,127.0187082,2000,건축물,02-901-5863,서울특별시 강북구청,2025-08-12
2009-07-05,1,서울특별시 강북구 삼양로80가길 15,,37.63161618,127.0187551,2000,건축물,02-901-5863,서울특별시 강북구청,2025-08-12
2009-07-04,1,서울특별시 강북구 삼양로80가길 11,,37.63136457,127.0186344,2000,한전주,02-901-5863,서울특별시 강북구청,2025-08-12
2009-07-03,1,서울특별시 강북구 삼양로80가길 5,,37.63115065,127.0185576,2000,한전주,02-901-5863,서울특별시 강북구청,2025-08-12
2009-07-02,1,서울특별시 강북구 삼양로80가길 7,,37.63129259,127.0186467,2000,한전주,02-901-5863,서울특별시 강북구청,2025-08-12
2009-07-01,1,서울특별시 강북구 삼양로80길 13,,37.63100316,127.0185145,2000,건축물,02-901-5863,서울특별시 강북구청,2025-08-12
2009-06-30,1,서울특별시 강북구 삼양로76길 17,,37.63006466,127.018883,2000,,02-901-5863,서울특별시 강북구청,2025-08-12
2009-06-29,1,서울특별시 강북구 삼양로74가길 15,,37.63043468,127.0194368,2000,건축물,02-901-5863,서울특별시 강북구청,2025-08-12
2009-06-28,1,서울특별시 강북구 삼양로76길 17,,37.63006466,127.0188067,2000,전용주,02-901-5863,서울특별시 강북구청,2025-08-12
2009-06-27,1,서울특별시 강북구 삼양로76길 17,,37.63006466,127.0188067,2000,한전주,02-901-5863,서울특별시 강북구청,2025-08-12
2009-06-26,1,서울특별시 강북구 삼양로76길 17,,37.63006466,127.0188067,2000,건축물,02-901-5863,서울특별시 강북구청,2025-08-12
2009-06-25,1,서울특별시 강북구 삼양로 296,,37.62991359,127.0180372,2000,건축물,02-901-5863,서울특별시 강북구청,2025-08-12
2009-06-24,1,서울특별시 강북구 삼양로80길 6,,37.63053449,127.018498,2000,한전주,02-901-5863,서울특별시 강북구청,2025-08-12
2009-06-23,2,서울특별시 강북구 삼양로80길 10,,37.63079482,127.0183813,2000,한전주,02-901-5863,서울특별시 강북구청,2025-08-12
2009-06-22,1,서울특별시 강북구 삼양로80길 4,,37.63068482,127.0181561,2000,,02-901-5863,서울특별시 강북구청,2025-08-12
2009-06-21,1,서울특별시 강북구 삼양로 304,,37.63049431,127.0179993,2000,한전주,02-901-5863,서울특별시 강북구청,2025-08-12
2009-06-20,1,서울특별시 강북구 삼양로80길 2,,37.63023445,127.0181734,2000,한전주,02-901-5863,서울특별시 강북구청,2025-08-12
2009-06-19,1,서울특별시 강북구 삼양로80길 2,,37.63021784,127.0183436,2000,건축물,02-901-5863,서울특별시 강북구청,2025-08-12
2009-06-18,1,서울특별시 강북구 삼양로76길 3,,37.62996407,127.0181656,2000,건축물,02-901-5863,서울특별시 강북구청,2025-08-12
2009-06-17,1,서울특별시 강북구 삼양로76길 3,,37.62996407,127.0181656,2000,한전주,02-901-5863,서울특별시 강북구청,2025-08-12
2009-06-16,1,서울특별시 강북구 삼양로76길 10,,37.62972299,127.0184294,2000,건축물,02-901-5863,서울특별시 강북구청,2025-08-12
2009-06-15,1,서울특별시 강북구 삼양로76길 9,,37.62997534,127.0184374,2000,한전주,02-901-5863,서울특별시 강북구청,2025-08-12
2009-06-14,1,서울특별시 강북구 삼양로76길 9,,37.62997813,127.0184021,2000,건축물,02-901-5863,서울특별시 강북구청,2025-08-12
2009-06-13,1,서울특별시 강북구 삼양로76길 17,,37.63006854,127.0188067,2000,한전주,02-901-5863,서울특별시 강북구청,2025-08-12
2009-06-12,1,서울특별시 강북구 삼양로76길 21,,37.63014316,127.0191149,2000,건축물,02-901-5863,서울특별시 강북구청,2025-08-12
2009-06-11,1,서울특별시 강북구 삼양로76길 23,,37.63019815,127.0192275,2000,한전주,02-901-5863,서울특별시 강북구청,2025-08-12
2009-06-10,1,서울특별시 강북구 삼양로74가길 3,,37.62999423,127.0196267,2000,건축물,02-901-5863,서울특별시 강북구청,2025-08-12
2009-06-09,1,서울특별시 강북구 삼양로74길 27,,37.6297883,127.0195192,2000,건축물,02-901-5863,서울특별시 강북구청,2025-08-12
2009-06-08,1,서울특별시 강북구 삼양로74길 25,,37.62976711,127.0194031,2000,한전주,02-901-5863,서울특별시 강북구청,2025-08-12
2009-06-07,1,서울특별시 강북구 삼양로74길 23,,37.62971347,127.0192256,2000,건축물,02-901-5863,서울특별시 강북구청,2025-08-12
2009-06-06,1,서울특별시 강북구 삼양로74길 23,,37.62971347,127.0192256,2000,건축물,02-901-5863,서울특별시 강북구청,2025-08-12
2009-06-05,1,서울특별시 강북구 삼양로74길 21,,37.62969259,127.0191095,2000,한전주,02-901-5863,서울특별시 강북구청,2025-08-12
2009-06-04,1,서울특별시 강북구 삼양로74길 21,,37.62969259,127.0191095,2000,건축물,02-901-5863,서울특별시 강북구청,2025-08-12
2009-06-03,1,서울특별시 강북구 삼양로74길 11,,37.62956232,127.0186127,2000,한전주,02-901-5863,서울특별시 강북구청,2025-08-12
2009-06-02,1,서울특별시 강북구 삼양로74길 9,,37.6295169,127.0185021,2000,건축물,02-901-5863,서울특별시 강북구청,2025-08-12
2009-06-01,1,서울특별시 강북구 삼양로74길 7,,37.62953322,127.0183639,2000,한전주,02-901-5863,서울특별시 강북구청,2025-08-12
2009-05-31,1,서울특별시 강북구 수유로8길 16,,37.63281707,127.0199409,2000,한전주,02-901-5863,서울특별시 강북구청,2025-08-12
2009-05-30,1,서울특별시 강북구 삼양로80가길 46,,37.6327784,127.0196242,2000,건축물,02-901-5863,서울특별시 강북구청,2025-08-12
2009-05-29,1,서울특별시 강북구 삼양로80가길 40,,37.63253402,127.0194914,2000,한전주,02-901-5863,서울특별시 강북구청,2025-08-12
2009-05-28,1,서울특별시 강북구 삼양로80가길 32,,37.63215719,127.0194027,2000,전용주,02-901-5863,서울특별시 강북구청,2025-08-12
2009-05-27,1,서울특별시 강북구 삼양로80가길 34,,37.63229931,127.0194378,2000,한전주,02-901-5863,서울특별시 강북구청,2025-08-12
2009-05-26,1,서울특별시 강북구 삼양로80가길 32,,37.63217271,127.0194027,2000,건축물,02-901-5863,서울특별시 강북구청,2025-08-12
2009-05-25,1,서울특별시 강북구 삼양로80가길 30,,37.63210054,127.0192818,2000,한전주,02-901-5863,서울특별시 강북구청,2025-08-12
2009-05-24,1,서울특별시 강북구 삼양로80가길 20,,37.63176494,127.019105,2000,한전주,02-901-5863,서울특별시 강북구청,2025-08-12
2009-05-23,1,서울특별시 강북구 삼양로80가길 16,,37.63152074,127.0189949,2000,한전주,02-901-5863,서울특별시 강북구청,2025-08-12
2009-05-22,1,서울특별시 강북구 삼양로80길 15,,37.63106811,127.0187402,2000,건축물,02-901-5863,서울특별시 강북구청,2025-08-12
2009-05-21,1,서울특별시 강북구 삼양로74길 39,,37.63125217,127.0202924,2000,,02-901-5863,서울특별시 강북구청,2025-08-12
2009-05-20,1,서울특별시 강북구 삼양로74길 39,,37.63125217,127.0202924,2000,한전주,02-901-5863,서울특별시 강북구청,2025-08-12
2009-05-19,1,서울특별시 강북구 삼양로74길 39,,37.63125217,127.0202924,2000,,02-901-5863,서울특별시 강북구청,2025-08-12
2009-05-18,1,서울특별시 강북구 삼양로80길 43,,37.63141377,127.0202199,2000,,02-901-5863,서울특별시 강북구청,2025-08-12
2009-05-17,1,서울특별시 강북구 삼양로80길 50,,37.63132687,127.0206062,2000,,02-901-5863,서울특별시 강북구청,2025-08-12
2009-05-16,1,서울특별시 강북구 삼양로74길 39,,37.63125217,127.0202924,2000,한전주,02-901-5863,서울특별시 강북구청,2025-08-12
2009-05-15,1,서울특별시 강북구 삼양로74길 39,,37.63125217,127.0202924,2000,한전주,02-901-5863,서울특별시 강북구청,2025-08-12
2009-05-14,1,서울특별시 강북구 삼양로74길 39,,37.63125217,127.0202924,2000,한전주,02-901-5863,서울특별시 강북구청,2025-08-12
2009-05-13,1,서울특별시 강북구 삼양로74길 39,,37.63125217,127.0202924,2000,한전주,02-901-5863,서울특별시 강북구청,2025-08-12
2009-05-12,1,서울특별시 강북구 삼양로74길 39,,37.63125217,127.0202924,2000,전용주,02-901-5863,서울특별시 강북구청,2025-08-12
2009-05-11,1,서울특별시 강북구 삼양로74길 39,,37.63125217,127.0202924,2000,한전주,02-901-5863,서울특별시 강북구청,2025-08-12
2009-05-10,1,서울특별시 강북구 삼양로74길 39,,37.63125217,127.0202924,2000,전용주,02-901-5863,서울특별시 강북구청,2025-08-12
2009-05-09,2,서울특별시 강북구 삼양로74길 39,,37.63125217,127.0202924,2000,한전주,02-901-5863,서울특별시 강북구청,2025-08-12
2009-05-08,2,서울특별시 강북구 삼양로74길 39,,37.63125217,127.0202924,2000,한전주,02-901-5863,서울특별시 강북구청,2025-08-12
2009-05-07,2,서울특별시 강북구 삼양로74길 39,,37.63125217,127.0202924,2000,한전주,02-901-5863,서울특별시 강북구청,2025-08-12
2009-05-06,1,서울특별시 강북구 삼양로74길 39,,37.63125217,127.0202924,2000,한전주,02-901-5863,서울특별시 강북구청,2025-08-12
2009-05-05,1,서울특별시 강북구 삼양로74길 39,,37.63125217,127.0202924,2000,한전주,02-901-5863,서울특별시 강북구청,2025-08-12
2009-05-04,1,서울특별시 강북구 삼양로74길 39,,37.63125217,127.0202924,2000,한전주,02-901-5863,서울특별시 강북구청,2025-08-12
2009-05-03,1,서울특별시 강북구 삼양로74길 39,,37.63125217,127.0202924,2000,한전주,02-901-5863,서울특별시 강북구청,2025-08-12
2009-05-02,2,서울특별시 강북구 삼양로74길 39,,37.63125217,127.0202924,2000,한전주,02-901-5863,서울특별시 강북구청,2025-08-12
2009-05-01,2,서울특별시 강북구 삼양로74길 39,,37.63125217,127.0202924,2000,한전주,02-901-5863,서울특별시 강북구청,2025-08-12
2009-04-30,1,서울특별시 강북구 도봉로77길 18,,37.6337015,127.0222859,2000,한전주,02-901-5863,서울특별시 강북구청,2025-08-12
2009-04-29,1,서울특별시 강북구 도봉로77길 26,,37.63385109,127.0218534,2000,한전주,02-901-5863,서울특별시 강북구청,2025-08-12
2009-04-28,1,서울특별시 강북구 도봉로77길 27,,37.63349363,127.0211216,2000,한전주,02-901-5863,서울특별시 강북구청,2025-08-12
2009-04-27,1,서울특별시 강북구 덕릉로24길 15,,37.63386235,127.0221252,2000,,02-901-5863,서울특별시 강북구청,2025-08-12
2009-04-26,1,서울특별시 강북구 도봉로77길 31,,37.63372149,127.0214359,2000,한전주,02-901-5863,서울특별시 강북구청,2025-08-12
2009-04-25,1,서울특별시 강북구 삼양로80나길 69,,37.63407736,127.0208874,2000,한전주,02-901-5863,서울특별시 강북구청,2025-08-12
2009-04-24,1,서울특별시 강북구 덕릉로 60,,37.63430147,127.0203587,2000,한전주,02-901-5863,서울특별시 강북구청,2025-08-12
2009-04-23,1,서울특별시 강북구 삼양로80나길 67,,37.63390468,127.0207084,2000,건축물,02-901-5863,서울특별시 강북구청,2025-08-12
2009-04-22,1,서울특별시 강북구 삼양로80나길 69,,37.63407736,127.0208874,2000,한전주,02-901-5863,서울특별시 강북구청,2025-08-12
2009-04-21,1,서울특별시 강북구 수유로12길 27,,37.63371961,127.0212093,2000,한전주,02-901-5863,서울특별시 강북구청,2025-08-12
2009-04-20,2,서울특별시 강북구 수유로12길 26,,37.63354449,127.0207358,2000,한전주,02-901-5863,서울특별시 강북구청,2025-08-12
2009-04-19,1,서울특별시 강북구 수유로12길 36,,37.63325854,127.0210227,2000,전용주,02-901-5863,서울특별시 강북구청,2025-08-12
2009-04-18,1,서울특별시 강북구 수유로12길 36,,37.63325854,127.0210227,2000,한전주,02-901-5863,서울특별시 강북구청,2025-08-12
2009-04-17,1,서울특별시 강북구 수유로12길 38,,37.63321434,127.0211253,2000,전용주,02-901-5863,서울특별시 강북구청,2025-08-12
2009-04-16,1,서울특별시 강북구 덕릉로24길 41,,37.63293373,127.0209704,2000,한전주,02-901-5863,서울특별시 강북구청,2025-08-12
2009-04-15,1,서울특별시 강북구 덕릉로24길 47,,37.63289629,127.0207992,2000,한전주,02-901-5863,서울특별시 강북구청,2025-08-12
2009-04-14,1,서울특별시 강북구 덕릉로24길 53,,37.63278423,127.0203265,2000,한전주,02-901-5863,서울특별시 강북구청,2025-08-12
2009-04-13,1,서울특별시 강북구 삼양로80나길 45,,37.63304437,127.0201872,2000,한전주,02-901-5863,서울특별시 강북구청,2025-08-12
2009-04-12,1,서울특별시 강북구 삼양로80나길 52,,37.63313766,127.0205711,2000,한전주,02-901-5863,서울특별시 강북구청,2025-08-12
2009-04-11,1,서울특별시 강북구 수유로12길 20,,37.63373209,127.0205407,2000,한전주,02-901-5863,서울특별시 강북구청,2025-08-12
2009-04-10,1,서울특별시 강북구 수유로8길 13,,37.63299188,127.0198578,2000,한전주,02-901-5863,서울특별시 강북구청,2025-08-12
2009-04-09,1,서울특별시 강북구 수유로8길 13,,37.63299188,127.0198578,2000,건축물,02-901-5863,서울특별시 강북구청,2025-08-12
2009-04-08,1,서울특별시 강북구 수유로8길 13,,37.63299188,127.0198578,2000,한전주,02-901-5863,서울특별시 강북구청,2025-08-12
2009-04-07,1,서울특별시 강북구 삼양로80가길 60,,37.63340381,127.0200691,2000,한전주,02-901-5863,서울특별시 강북구청,2025-08-12
2009-04-06,1,서울특별시 강북구 수유로8길 13,,37.63299188,127.0198578,2000,한전주,02-901-5863,서울특별시 강북구청,2025-08-12
2009-04-05,1,서울특별시 강북구 삼양로80가길 56,,37.6333033,127.0198997,2000,한전주,02-901-5863,서울특별시 강북구청,2025-08-12
2009-04-04,1,서울특별시 강북구 삼양로80가길 56,,37.6333033,127.0198997,2000,한전주,02-901-5863,서울특별시 강북구청,2025-08-12
2009-04-03,1,서울특별시 강북구 수유로12길 14,,37.63385522,127.0201765,2000,한전주,02-901-5863,서울특별시 강북구청,2025-08-12
2009-04-02,1,서울특별시 강북구 수유로12길 14,,37.63385522,127.0201765,2000,건축물,02-901-5863,서울특별시 강북구청,2025-08-12
2009-04-01,1,서울특별시 강북구 수유로12길 9,,37.63411546,127.0200485,2000,전용주,02-901-5863,서울특별시 강북구청,2025-08-12
2009-03-30,1,서울특별시 강북구 도봉로71가길 45,,37.63333718,127.0218148,2000,한전주,02-901-5863,서울특별시 강북구청,2025-08-12
2009-03-29,1,서울특별시 강북구 도봉로71가길 27,,37.63248326,127.0220639,2000,건축물,02-901-5863,서울특별시 강북구청,2025-08-12
2009-03-28,1,서울특별시 강북구 도봉로71가길 31,,37.63268954,127.0219479,2000,한전주,02-901-5863,서울특별시 강북구청,2025-08-12
2009-03-27,1,서울특별시 강북구 도봉로71가길 36,,37.63288089,127.022206,2000,한전주,02-901-5863,서울특별시 강북구청,2025-08-12
2009-03-26,1,서울특별시 강북구 도봉로71가길 38,,37.63289093,127.0223305,2000,전용주,02-901-5863,서울특별시 강북구청,2025-08-12
2009-03-25,1,서울특별시 강북구 도봉로71가길 40,,37.63310575,127.0221577,2000,건축물,02-901-5863,서울특별시 강북구청,2025-08-12
2009-03-24,1,서울특별시 강북구 도봉로71가길 40,,37.63310575,127.0221577,2000,전용주,02-901-5863,서울특별시 강북구청,2025-08-12
2009-03-23,2,서울특별시 강북구 도봉로71가길 39,,37.63307675,127.0218755,2000,한전주,02-901-5863,서울특별시 강북구청,2025-08-12
2009-03-22,1,서울특별시 강북구 도봉로71가길 48,,37.63347486,127.0221189,2000,한전주,02-901-5863,서울특별시 강북구청,2025-08-12
2009-03-21,1,서울특별시 강북구 도봉로77길 7,,37.6334987,127.0227413,2000,한전주,02-901-5863,서울특별시 강북구청,2025-08-12
2009-03-19,1,서울특별시 강북구 도봉로73길 25,,37.63276038,127.0228873,2000,한전주,02-901-5863,서울특별시 강북구청,2025-08-12
2009-03-18,1,서울특별시 강북구 도봉로73길 25,,37.63276038,127.0228873,2000,한전주,02-901-5863,서울특별시 강북구청,2025-08-12
2009-03-17,1,서울특별시 강북구 도봉로71가길 30,,37.63249482,127.022307,2000,,02-901-5863,서울특별시 강북구청,2025-08-12
2009-03-16,1,서울특별시 강북구 도봉로71가길 30,,37.63249482,127.022307,2000,건축물,02-901-5863,서울특별시 강북구청,2025-08-12
2009-03-15,1,서울특별시 강북구 도봉로71가길 30,,37.63249482,127.022307,2000,한전주,02-901-5863,서울특별시 강북구청,2025-08-12
2009-03-13,1,서울특별시 강북구 도봉로71가길 30,,37.63249482,127.022307,2000,건축물,02-901-5863,서울특별시 강북구청,2025-08-12
2009-03-12,1,서울특별시 강북구 도봉로 273,,37.63276235,127.0231252,2000,건축물,02-901-5863,서울특별시 강북구청,2025-08-12
2009-03-11,1,서울특별시 강북구 도봉로73길 13,,37.63230609,127.0230976,2000,한전주,02-901-5863,서울특별시 강북구청,2025-08-12
2009-03-10,1,서울특별시 강북구 도봉로73길 13,,37.63230609,127.0230976,2000,한전주,02-901-5863,서울특별시 강북구청,2025-08-12
2009-03-09,1,서울특별시 강북구 도봉로71가길 30,,37.63249482,127.022307,2000,한전주,02-901-5863,서울특별시 강북구청,2025-08-12
2009-03-08,1,서울특별시 강북구 도봉로71가길 30,,37.63249482,127.022307,2000,전용주,02-901-5863,서울특별시 강북구청,2025-08-12
2009-03-07,1,서울특별시 강북구 도봉로71가길 22,,37.63219815,127.0224528,2000,건축물,02-901-5863,서울특별시 강북구청,2025-08-12
2009-03-06,2,서울특별시 강북구 도봉로71가길 25,,37.63237543,127.0220993,2000,한전주,02-901-5863,서울특별시 강북구청,2025-08-12
2009-03-05,1,서울특별시 강북구 도봉로71가길 25,,37.63237543,127.0220993,2000,건축물,02-901-5863,서울특별시 강북구청,2025-08-12
2009-03-04,1,서울특별시 강북구 수유로4길 65,,37.63257176,127.0218701,2000,전용주,02-901-5863,서울특별시 강북구청,2025-08-12
2009-03-03,1,서울특별시 강북구 수유로12길 51,,37.63269639,127.021712,2000,한전주,02-901-5863,서울특별시 강북구청,2025-08-12
2009-03-02,1,서울특별시 강북구 수유로12길 45,,37.63289394,127.0215999,2000,건축물,02-901-5863,서울특별시 강북구청,2025-08-12
2009-03-01,1,서울특별시 강북구 수유로12길 43,,37.63301134,127.0216378,2000,한전주,02-901-5863,서울특별시 강북구청,2025-08-12
2009-02-27,1,서울특별시 강북구 수유로4길 47,,37.63214157,127.0210605,2000,한전주,02-901-5863,서울특별시 강북구청,2025-08-12
2009-02-26,1,서울특별시 강북구 수유로4길 47,,37.63214078,127.0210246,2000,건축물,02-901-5863,서울특별시 강북구청,2025-08-12
2009-02-25,1,서울특별시 강북구 수유로4길 52,,37.63196344,127.0213116,2000,건축물,02-901-5863,서울특별시 강북구청,2025-08-12
2009-02-24,1,서울특별시 강북구 수유로4길 53,,37.63217731,127.0213078,2000,한전주,02-901-5863,서울특별시 강북구청,2025-08-12
2009-02-23,1,서울특별시 강북구 수유로4길 55,,37.63232504,127.0214542,2000,전용주,02-901-5863,서울특별시 강북구청,2025-08-12
2009-02-21,1,서울특별시 강북구 삼양로80길 68,,37.6315613,127.0215234,2000,건축물,02-901-5863,서울특별시 강북구청,2025-08-12
2009-02-20,1,서울특별시 강북구 삼양로80길 65,,37.6317384,127.0213372,2000,한전주,02-901-5863,서울특별시 강북구청,2025-08-12
2009-02-19,1,서울특별시 강북구 도봉로71길 38,,37.63134074,127.0218219,2000,,02-901-5863,서울특별시 강북구청,2025-08-12
2009-02-18,1,서울특별시 강북구 삼양로80길 55,,37.63163544,127.0208741,2000,한전주,02-901-5863,서울특별시 강북구청,2025-08-12
2009-02-17,1,서울특별시 강북구 도봉로71길 50,,37.63113291,127.0211844,2000,건축물,02-901-5863,서울특별시 강북구청,2025-08-12
2009-02-16,1,서울특별시 강북구 도봉로71길 50,,37.63113291,127.0211387,2000,건축물,02-901-5863,서울특별시 강북구청,2025-08-12
2009-02-15,1,서울특별시 강북구 도봉로71길 50,,37.63113291,127.0211737,2000,건축물,02-901-5863,서울특별시 강북구청,2025-08-12
2009-02-14,1,서울특별시 강북구 도봉로71길 40,,37.63125414,127.0216155,2000,건축물,02-901-5863,서울특별시 강북구청,2025-08-12
2009-02-13,1,서울특별시 강북구 도봉로71길 38,,37.63134074,127.0218219,2000,한전주,02-901-5863,서울특별시 강북구청,2025-08-12
2009-02-12,1,서울특별시 강북구 도봉로71길 50,,37.63113291,127.0211737,2000,건축물,02-901-5863,서울특별시 강북구청,2025-08-12
2009-02-11,1,서울특별시 강북구 도봉로71길 46,,37.63118864,127.0213218,2000,건축물,02-901-5863,서울특별시 강북구청,2025-08-12
2009-02-10,1,서울특별시 강북구 도봉로71길 50,,37.63113345,127.0211865,2000,한전주,02-901-5863,서울특별시 강북구청,2025-08-12
2009-02-09,1,서울특별시 강북구 도봉로71길 42,,37.6312258,127.0214572,2000,건축물,02-901-5863,서울특별시 강북구청,2025-08-12
2009-02-08,1,서울특별시 강북구 도봉로71길 40,,37.63125414,127.0216155,2000,한전주,02-901-5863,서울특별시 강북구청,2025-08-12
2009-02-07,2,서울특별시 강북구 수유로12길 60,,37.63229932,127.0216131,2000,한전주,02-901-5863,서울특별시 강북구청,2025-08-12
2009-02-06,1,서울특별시 강북구 수유로12길 56,,37.63247003,127.0215542,2000,한전주,02-901-5863,서울특별시 강북구청,2025-08-12
2009-02-05,1,서울특별시 강북구 수유로12가길 2,,37.63273027,127.0214262,2000,건축물,02-901-5863,서울특별시 강북구청,2025-08-12
2009-02-04,1,서울특별시 강북구 덕릉로24길 37,,37.63303565,127.0213089,2000,한전주,02-901-5863,서울특별시 강북구청,2025-08-12
2009-02-03,1,서울특별시 강북구 덕릉로24길 41,,37.6328259,127.0210058,2000,건축물,02-901-5863,서울특별시 강북구청,2025-08-12
2009-02-02,1,서울특별시 강북구 덕릉로24길 43,,37.63279756,127.0208475,2000,건축물,02-901-5863,서울특별시 강북구청,2025-08-12
2009-02-01,1,서울특별시 강북구 덕릉로24길 49,,37.63284993,127.0206429,2000,건축물,02-901-5863,서울특별시 강북구청,2025-08-12
2009-01-31,1,서울특별시 강북구 도봉로71가길 4,,37.6315241,127.022747,2000,한전주,02-901-5863,서울특별시 강북구청,2025-08-12
2009-01-30,1,서울특별시 강북구 도봉로71가길 4,,37.6315241,127.022747,2000,건축물,02-901-5863,서울특별시 강북구청,2025-08-12
2009-01-29,1,서울특별시 강북구 도봉로71가길 4,,37.6315241,127.022747,2000,한전주,02-901-5863,서울특별시 강북구청,2025-08-12
2009-01-28,1,서울특별시 강북구 도봉로71가길 4,,37.6315241,127.0227192,2000,건축물,02-901-5863,서울특별시 강북구청,2025-08-12
2009-01-26,2,서울특별시 강북구 도봉로71가길 11,,37.63178081,127.0221855,2000,한전주,02-901-5863,서울특별시 강북구청,2025-08-12
2009-01-25,1,서울특별시 강북구 도봉로71가길 10,,37.63181159,127.0225599,2000,건축물,02-901-5863,서울특별시 강북구청,2025-08-12
2009-01-24,2,서울특별시 강북구 도봉로71가길 11,,37.63178081,127.0221855,2000,한전주,02-901-5863,서울특별시 강북구청,2025-08-12
2009-01-23,1,서울특별시 강북구 도봉로71가길 11,,37.63178081,127.0221855,2000,한전주,02-901-5863,서울특별시 강북구청,2025-08-12
2009-01-22,1,서울특별시 강북구 수유로12길 81,,37.63153005,127.0222916,2000,한전주,02-901-5863,서울특별시 강북구청,2025-08-12
2009-01-21,1,서울특별시 강북구 도봉로71길 37,,37.6311663,127.0218885,2000,건축물,02-901-5863,서울특별시 강북구청,2025-08-12
2009-01-20,1,서울특별시 강북구 도봉로71길 37,,37.63116387,127.0218235,2000,건축물,02-901-5863,서울특별시 강북구청,2025-08-12
2009-01-19,1,서울특별시 강북구 도봉로71길 37,,37.63116387,127.0218938,2000,건축물,02-901-5863,서울특별시 강북구청,2025-08-12
2009-01-18,1,서울특별시 강북구 도봉로71길 39,,37.63112914,127.0217531,2000,건축물,02-901-5863,서울특별시 강북구청,2025-08-12
2009-01-17,1,서울특별시 강북구 도봉로71길 41,,37.63109922,127.0216755,2000,건축물,02-901-5863,서울특별시 강북구청,2025-08-12
2009-01-16,1,서울특별시 강북구 도봉로71길 41,,37.63109922,127.0216288,2000,건축물,02-901-5863,서울특별시 강북구청,2025-08-12
2009-01-15,1,서울특별시 강북구 도봉로71길 49,,37.63101053,127.0213404,2000,건축물,02-901-5863,서울특별시 강북구청,2025-08-12
2009-01-14,1,서울특별시 강북구 삼양로74다길 20,,37.63090526,127.0210652,2000,,02-901-5863,서울특별시 강북구청,2025-08-12
2009-01-13,1,서울특별시 강북구 도봉로69길 26,,37.63083408,127.0220288,2000,한전주,02-901-5863,서울특별시 강북구청,2025-08-12
2009-01-12,1,서울특별시 강북구 도봉로69길 32,,37.63077786,127.021769,2000,한전주,02-901-5863,서울특별시 강북구청,2025-08-12
2009-01-11,1,서울특별시 강북구 도봉로69길 36,,37.63082047,127.0214739,2000,한전주,02-901-5863,서울특별시 강북구청,2025-08-12
2009-01-10,1,서울특별시 강북구 도봉로69길 39,,37.63054906,127.0213415,2000,건축물,02-901-5863,서울특별시 강북구청,2025-08-12
2009-01-09,1,서울특별시 강북구 삼양로74길 63,,37.63024656,127.0214747,2000,건축물,02-901-5863,서울특별시 강북구청,2025-08-12
2009-01-08,1,서울특별시 강북구 삼양로74길 63,,37.6302435,127.0214361,2000,한전주,02-901-5863,서울특별시 강북구청,2025-08-12
2009-01-07,1,서울특별시 강북구 수유로12길 100,,37.63055282,127.022359,2000,건축물,02-901-5863,서울특별시 강북구청,2025-08-12
2009-01-04,1,서울특별시 강북구 삼양로74길 73,,37.63029305,127.0219793,2000,한전주,02-901-5863,서울특별시 강북구청,2025-08-12
2009-01-03,1,서울특별시 강북구 삼양로74길 77,,37.63035799,127.022205,2000,한전주,02-901-5863,서울특별시 강북구청,2025-08-12
2008-07-02,1,서울특별시 강북구 한천로105길 24,,37.6276055,127.0448082,2000,한전주,02-901-5863,서울특별시 강북구청,2025-08-12
2008-03-02,1,서울특별시 강북구 한천로105길 23,,37.62452943,127.0465984,2000,한전주,02-901-5863,서울특별시 강북구청,2025-08-12
2008-03-01,1,서울특별시 강북구 한천로105길 21,,37.62586283,127.0465864,2000,,02-901-5863,서울특별시 강북구청,2025-08-12
2007-12-19,1,서울특별시 강북구 오현로21길 142,,37.62733766,127.0329276,2000,한전주,02-901-5863,서울특별시 강북구청,2025-08-12
2007-12-18,1,서울특별시 강북구 오현로25마길 46,,37.62725378,127.0336877,2000,전용주,02-901-5863,서울특별시 강북구청,2025-08-12
2007-12-17,1,서울특별시 강북구 오현로25마길 60,,37.62693366,127.0330669,2000,,02-901-5863,서울특별시 강북구청,2025-08-12
2007-12-16,2,서울특별시 강북구 오현로25라길 54,,37.62682586,127.0342484,2000,한전주,02-901-5863,서울특별시 강북구청,2025-08-12
2007-12-15,1,서울특별시 강북구 오현로25길 81,,37.62693333,127.0341677,2000,한전주,02-901-5863,서울특별시 강북구청,2025-08-12
2007-12-14,1,서울특별시 강북구 오현로25길 86,,37.62700803,127.033895,2000,한전주,02-901-5863,서울특별시 강북구청,2025-08-12
2007-12-13,1,서울특별시 강북구 오현로25길 96,,37.62676514,127.0334335,2000,한전주,02-901-5863,서울특별시 강북구청,2025-08-12
2007-12-12,1,서울특별시 강북구 오현로25길 104,,37.62658207,127.0331011,2000,한전주,02-901-5863,서울특별시 강북구청,2025-08-12
2007-12-11,1,서울특별시 강북구 오현로21길 128,,37.62676831,127.0327197,2000,한전주,02-901-5863,서울특별시 강북구청,2025-08-12
2007-12-10,1,서울특별시 강북구 오현로21길 128,,37.62676831,127.0327197,2000,전용주,02-901-5863,서울특별시 강북구청,2025-08-12
2007-12-09,1,서울특별시 강북구 오현로25마길 60,,37.62693366,127.0330669,2000,한전주,02-901-5863,서울특별시 강북구청,2025-08-12
2007-12-08,1,서울특별시 강북구 오현로25마길 48,,37.62717139,127.0335302,2000,한전주,02-901-5863,서울특별시 강북구청,2025-08-12
2007-12-07,1,서울특별시 강북구 오현로25마길 42,,37.62733606,127.033834,2000,한전주,02-901-5863,서울특별시 강북구청,2025-08-12
2007-12-06,1,서울특별시 강북구 오현로21길 132,,37.6268853,127.0326529,2000,,02-901-5863,서울특별시 강북구청,2025-08-12
2007-12-05,1,서울특별시 강북구 오현로21길 132,,37.6268853,127.0326529,2000,한전주,02-901-5863,서울특별시 강북구청,2025-08-12
2007-12-04,1,서울특별시 강북구 오현로21길 132,,37.6268853,127.0326529,2000,한전주,02-901-5863,서울특별시 강북구청,2025-08-12
2007-12-03,1,서울특별시 강북구 오현로21길 132,,37.6268853,127.0326529,2000,한전주,02-901-5863,서울특별시 강북구청,2025-08-12
2007-12-02,1,서울특별시 강북구 오현로21길 132,,37.6268853,127.0326727,2000,전용주,02-901-5863,서울특별시 강북구청,2025-08-12
2007-12-01,1,서울특별시 강북구 오현로21길 142,,37.62733766,127.0329276,2000,전용주,02-901-5863,서울특별시 강북구청,2025-08-12
2007-11-09,1,서울특별시 강북구 오현로25길 66,,37.62748836,127.0348289,2000,,02-901-5863,서울특별시 강북구청,2025-08-12
2007-11-08,1,서울특별시 강북구 오현로25마길 31,,37.62745828,127.0344555,2000,한전주,02-901-5863,서울특별시 강북구청,2025-08-12
2007-11-07,1,서울특별시 강북구 오현로25마길 25,,37.62760511,127.0347821,2000,한전주,02-901-5863,서울특별시 강북구청,2025-08-12
2007-11-06,1,서울특별시 강북구 오현로25길 63,,37.62738219,127.0350682,2000,한전주,02-901-5863,서울특별시 강북구청,2025-08-12
2007-11-05,1,서울특별시 강북구 오현로25길 72,,37.627351,127.0345588,2000,한전주,02-901-5863,서울특별시 강북구청,2025-08-12
2007-11-04,1,서울특별시 강북구 오현로25길 77,,37.6270614,127.0343886,2000,,02-901-5863,서울특별시 강북구청,2025-08-12
2007-11-03,1,서울특별시 강북구 오현로25라길 46,,37.62702722,127.034631,2000,한전주,02-901-5863,서울특별시 강북구청,2025-08-12
2007-11-02,1,서울특별시 강북구 오현로25라길 41,,37.62703937,127.035016,2000,한전주,02-901-5863,서울특별시 강북구청,2025-08-12
2007-11-01,1,서울특별시 강북구 오현로25라길 36,,37.62726544,127.035115,2000,한전주,02-901-5863,서울특별시 강북구청,2025-08-12
2007-10-11,1,서울특별시 강북구 오현로 157,,37.62649364,127.0365977,2000,한전주,02-901-5863,서울특별시 강북구청,2025-08-12
2007-10-10,1,서울특별시 강북구 오현로21길 12,,37.62650879,127.0362463,2000,한전주,02-901-5863,서울특별시 강북구청,2025-08-12
2007-10-09,1,서울특별시 강북구 오현로21길 17,,37.62627408,127.0361927,2000,한전주,02-901-5863,서울특별시 강북구청,2025-08-12
2007-10-08,1,서울특별시 강북구 오현로21길 26,,37.62620677,127.0356725,2000,한전주,02-901-5863,서울특별시 강북구청,2025-08-12
2007-10-07,1,서울특별시 강북구 오현로21길 16,,37.6264265,127.0360925,2000,전용주,02-901-5863,서울특별시 강북구청,2025-08-12
2007-10-06,1,서울특별시 강북구 오현로25가길 55,,37.62614957,127.035288,2000,한전주,02-901-5863,서울특별시 강북구청,2025-08-12
2007-10-05,1,서울특별시 강북구 오현로25가길 47,,37.62630522,127.0355919,2000,한전주,02-901-5863,서울특별시 강북구청,2025-08-12
2007-10-04,1,서울특별시 강북구 오현로21길 114,,37.6261669,127.0329994,2000,한전주,02-901-5863,서울특별시 강북구청,2025-08-12
2007-10-03,1,서울특별시 강북구 오현로21길 10,,37.62659815,127.0361546,2000,한전주,02-901-5863,서울특별시 강북구청,2025-08-12
2007-10-02,1,서울특별시 강북구 오현로25나길 37,,37.62678531,127.035892,2000,한전주,02-901-5863,서울특별시 강북구청,2025-08-12
2007-10-01,1,서울특별시 강북구 오현로25나길 47,,37.6265105,127.0353513,2000,한전주,02-901-5863,서울특별시 강북구청,2025-08-12
2007-09-16,1,서울특별시 강북구 오현로25다길 72,,37.62625484,127.0338366,2000,,02-901-5863,서울특별시 강북구청,2025-08-12
2007-09-15,1,서울특별시 강북구 오현로25라길 61,,37.62652698,127.0340597,2000,한전주,02-901-5863,서울특별시 강북구청,2025-08-12
2007-09-14,1,서울특별시 강북구 오현로25라길 69,,37.62628903,127.0336096,2000,한전주,02-901-5863,서울특별시 강북구청,2025-08-12
2007-09-13,1,서울특별시 강북구 오현로25라길 69,,37.62628903,127.0336096,2000,전용주,02-901-5863,서울특별시 강북구청,2025-08-12
2007-09-12,1,서울특별시 강북구 오현로25다길 67,,37.62618508,127.0341207,2000,한전주,02-901-5863,서울특별시 강북구청,2025-08-12
2007-09-11,1,서울특별시 강북구 오현로25다길 57,,37.62642312,127.0345821,2000,한전주,02-901-5863,서울특별시 강북구청,2025-08-12
2007-09-10,1,서울특별시 강북구 오현로25나길 60,,37.62632467,127.0346627,2000,한전주,02-901-5863,서울특별시 강북구청,2025-08-12
2007-09-09,1,서울특별시 강북구 오현로25나길 68,,37.62616901,127.0343588,2000,한전주,02-901-5863,서울특별시 강북구청,2025-08-12
2007-09-08,1,서울특별시 강북구 오현로25나길 74,,37.62601335,127.034055,2000,한전주,02-901-5863,서울특별시 강북구청,2025-08-12
2007-09-07,1,서울특별시 강북구 오현로25가길 76,,37.6257987,127.0342503,2000,한전주,02-901-5863,서울특별시 강북구청,2025-08-12
2007-09-06,1,서울특별시 강북구 오현로25가길 65,,37.62589342,127.0347975,2000,,02-901-5863,서울특별시 강북구청,2025-08-12
2007-09-05,1,서울특별시 강북구 오현로25가길 61,,37.6259667,127.0349619,2000,한전주,02-901-5863,서울특별시 강북구청,2025-08-12
2007-09-04,1,서울특별시 강북구 오현로25가길 61,,37.6259667,127.0349619,2000,,02-901-5863,서울특별시 강북구청,2025-08-12
2007-08-26,1,서울특별시 강북구 오현로25다길 78,,37.62606305,127.0335219,2000,,02-901-5863,서울특별시 강북구청,2025-08-12
2007-08-22,1,서울특별시 강북구 오현로21길 62,,37.6253083,127.0339397,2000,한전주,02-901-5863,서울특별시 강북구청,2025-08-12
2007-08-21,1,서울특별시 강북구 오현로21길 58,,37.62537386,127.0340859,2000,한전주,02-901-5863,서울특별시 강북구청,2025-08-12
2007-08-20,1,서울특별시 강북구 오현로25가길 82,,37.62560653,127.0338903,2000,한전주,02-901-5863,서울특별시 강북구청,2025-08-12
2007-08-19,1,서울특별시 강북구 오현로25가길 85,,37.62540662,127.0338477,2000,한전주,02-901-5863,서울특별시 강북구청,2025-08-12
2007-08-18,1,서울특별시 강북구 오현로25가길 92,,37.62538679,127.0334626,2000,한전주,02-901-5863,서울특별시 강북구청,2025-08-12
2007-08-17,1,서울특별시 강북구 오현로21길 88,,37.62517614,127.0330462,2000,한전주,02-901-5863,서울특별시 강북구청,2025-08-12
2007-08-16,1,서울특별시 강북구 오현로21길 88,,37.62517614,127.0330462,2000,한전주,02-901-5863,서울특별시 강북구청,2025-08-12
2007-08-15,1,서울특별시 강북구 오현로25나길 97,,37.62531119,127.0330331,2000,한전주,02-901-5863,서울특별시 강북구청,2025-08-12
2007-08-14,1,서울특별시 강북구 오현로25나길 92,,37.62562828,127.0332443,2000,,02-901-5863,서울특별시 강북구청,2025-08-12
2007-08-13,1,서울특별시 강북구 오현로25나길 85,,37.62554933,127.0335059,2000,한전주,02-901-5863,서울특별시 강북구청,2025-08-12
2007-08-12,2,서울특별시 강북구 오현로25나길 80,,37.6258393,127.033706,2000,한전주,02-901-5863,서울특별시 강북구청,2025-08-12
2007-08-11,1,서울특별시 강북구 오현로25다길 77,,37.62592874,127.0336256,2000,한전주,02-901-5863,서울특별시 강북구청,2025-08-12
2007-08-10,1,서울특별시 강북구 오현로25다길 85,,37.62577308,127.0333217,2000,한전주,02-901-5863,서울특별시 강북구청,2025-08-12
2007-08-09,1,서울특별시 강북구 오현로25다길 95,,37.62551665,127.0328152,2000,한전주,02-901-5863,서울특별시 강북구청,2025-08-12
2007-08-08,1,서울특별시 강북구 오현로25다길 96,,37.62567844,127.0327678,2000,,02-901-5863,서울특별시 강북구청,2025-08-12
2007-08-07,1,서울특별시 강북구 오현로21길 108,,37.62587758,127.0328785,2000,,02-901-5863,서울특별시 강북구청,2025-08-12
2007-08-06,1,서울특별시 강북구 오현로21길 112,,37.62595959,127.0329908,2000,한전주,02-901-5863,서울특별시 강북구청,2025-08-12
2007-08-05,1,서울특별시 강북구 오현로21길 114,,37.6261669,127.0329994,2000,,02-901-5863,서울특별시 강북구청,2025-08-12
2007-08-04,1,서울특별시 강북구 오현로25라길 77,,37.62611507,127.033272,2000,한전주,02-901-5863,서울특별시 강북구청,2025-08-12
2007-08-03,1,서울특별시 강북구 오현로25라길 74,,37.62633148,127.0332918,2000,한전주,02-901-5863,서울특별시 강북구청,2025-08-12
2007-08-02,1,서울특별시 강북구 오현로25길 105,,37.62636557,127.0330535,2000,,02-901-5863,서울특별시 강북구청,2025-08-12
2007-08-01,1,서울특별시 강북구 오현로21길 116,,37.62627446,127.0329301,2000,한전주,02-901-5863,서울특별시 강북구청,2025-08-12
2007-07-12,1,서울특별시 강북구 오현로31길 141,,37.63314995,127.0339148,2000,전용주,02-901-5863,서울특별시 강북구청,2025-08-12
2007-07-11,1,서울특별시 강북구 오현로31길 141,,37.63314995,127.0339148,2000,전용주,02-901-5863,서울특별시 강북구청,2025-08-12
2007-07-10,1,서울특별시 강북구 오현로31길 141,,37.63314995,127.0339148,2000,전용주,02-901-5863,서울특별시 강북구청,2025-08-12
2007-07-09,1,서울특별시 강북구 오현로31길 141,,37.63314995,127.0339148,2000,전용주,02-901-5863,서울특별시 강북구청,2025-08-12
2007-07-08,1,서울특별시 강북구 오현로31길 141,,37.63314995,127.0339148,2000,한전주,02-901-5863,서울특별시 강북구청,2025-08-12
2007-07-07,1,서울특별시 강북구 오현로31길 141,,37.63314995,127.0339148,2000,전용주,02-901-5863,서울특별시 강북구청,2025-08-12
2007-07-06,1,서울특별시 강북구 오현로31길 141,,37.63314995,127.0339148,2000,전용주,02-901-5863,서울특별시 강북구청,2025-08-12
2007-07-05,1,서울특별시 강북구 오현로31길 141,,37.63314995,127.0339148,2000,전용주,02-901-5863,서울특별시 강북구청,2025-08-12
2007-07-04,1,서울특별시 강북구 오현로31길 141,,37.63314995,127.0339148,2000,전용주,02-901-5863,서울특별시 강북구청,2025-08-12
2007-07-03,1,서울특별시 강북구 오현로31길 141,,37.63314995,127.0339148,2000,전용주,02-901-5863,서울특별시 강북구청,2025-08-12
2007-07-02,1,서울특별시 강북구 오현로31길 141,,37.63314995,127.0339148,2000,전용주,02-901-5863,서울특별시 강북구청,2025-08-12
2007-07-01,1,서울특별시 강북구 오현로31길 141,,37.63314995,127.0339148,2000,전용주,02-901-5863,서울특별시 강북구청,2025-08-12
2007-05-05,1,서울특별시 강북구 한천로115길 20,,37.63314995,127.0339148,2000,전용주,02-901-5863,서울특별시 강북구청,2025-08-12
2007-05-04,1,서울특별시 강북구 한천로115길 20,,37.63314995,127.0339148,2000,전용주,02-901-5863,서울특별시 강북구청,2025-08-12
2007-05-03,1,서울특별시 강북구 한천로115길 20,,37.63314995,127.0339148,2000,전용주,02-901-5863,서울특별시 강북구청,2025-08-12
2007-05-02,1,서울특별시 강북구 한천로115길 20,,37.63314995,127.0339148,2000,전용주,02-901-5863,서울특별시 강북구청,2025-08-12
2007-05-01,1,서울특별시 강북구 한천로115길 20,,37.63314995,127.0339148,2000,전용주,02-901-5863,서울특별시 강북구청,2025-08-12
2007-03-03,1,서울특별시 강북구 오현로31길 12,,37.62931623,127.0390991,2000,한전주,02-901-5863,서울특별시 강북구청,2025-08-12
2007-03-02,1,서울특별시 강북구 오현로 197,,37.62908015,127.0395611,2000,전용주,02-901-5863,서울특별시 강북구청,2025-08-12
2007-03-01,1,서울특별시 강북구 오현로 197,,37.62908015,127.0395611,2000,한전주,02-901-5863,서울특별시 강북구청,2025-08-12
2006-12-29,1,서울특별시 강북구 한천로124길 25,,37.63762631,127.0327831,2000,,02-901-5863,서울특별시 강북구청,2025-08-12
2006-12-28,1,서울특별시 강북구 도봉로96길 88,,37.63830422,127.0326076,2000,한전주,02-901-5863,서울특별시 강북구청,2025-08-12
2006-12-27,1,서울특별시 강북구 한천로124다길 4,,37.63782442,127.0327692,2000,한전주,02-901-5863,서울특별시 강북구청,2025-08-12
2006-12-26,1,서울특별시 강북구 한천로124다길 10,,37.63798473,127.0325406,2000,한전주,02-901-5863,서울특별시 강북구청,2025-08-12
2006-12-25,1,서울특별시 강북구 도봉로96길 82,,37.63844745,127.0323957,2000,,02-901-5863,서울특별시 강북구청,2025-08-12
2006-12-24,1,서울특별시 강북구 한천로124다길 20,,37.63823394,127.0321634,2000,한전주,02-901-5863,서울특별시 강북구청,2025-08-12
2006-12-23,1,서울특별시 강북구 도봉로96길 76,,37.63861204,127.0321507,2000,한전주,02-901-5863,서울특별시 강북구청,2025-08-12
2006-12-22,1,서울특별시 강북구 한천로124다길 25,,37.6383003,127.0317896,2000,,02-901-5863,서울특별시 강북구청,2025-08-12
2006-12-20,1,서울특별시 강북구 한천로124다길 27,,37.63836527,127.0316972,2000,한전주,02-901-5863,서울특별시 강북구청,2025-08-12
2006-12-19,1,서울특별시 강북구 한천로124다길 27,,37.63836527,127.0316972,2000,,02-901-5863,서울특별시 강북구청,2025-08-12
2006-12-18,1,서울특별시 강북구 한천로124다길 36,,37.638751,127.0314882,2000,한전주,02-901-5863,서울특별시 강북구청,2025-08-12
2006-12-16,1,서울특별시 강북구 한천로130길 22,,37.63854852,127.0309696,2000,한전주,02-901-5863,서울특별시 강북구청,2025-08-12
2006-12-15,2,서울특별시 강북구 한천로124다길 39,,37.6387302,127.0311486,2000,한전주,02-901-5863,서울특별시 강북구청,2025-08-12
2006-12-14,1,서울특별시 강북구 한천로130길 32,,37.63894856,127.0314063,2000,,02-901-5863,서울특별시 강북구청,2025-08-12
2006-12-13,2,서울특별시 강북구 한천로130길 36,,37.6390393,127.0314845,2000,한전주,02-901-5863,서울특별시 강북구청,2025-08-12
2006-12-12,1,서울특별시 강북구 도봉로96길 68,,37.63889692,127.0316932,2000,한전주,02-901-5863,서울특별시 강북구청,2025-08-12
2006-12-11,1,서울특별시 강북구 도봉로96길 72,,37.63874552,127.0319189,2000,한전주,02-901-5863,서울특별시 강북구청,2025-08-12
2006-12-10,1,서울특별시 강북구 도봉로96길 74,,37.6387014,127.0320327,2000,,02-901-5863,서울특별시 강북구청,2025-08-12
2006-12-09,1,서울특별시 강북구 도봉로96길 76,,37.63861224,127.0321472,2000,한전주,02-901-5863,서울특별시 강북구청,2025-08-12
2006-12-08,1,서울특별시 강북구 도봉로96길 82,,37.6384431,127.0323987,2000,한전주,02-901-5863,서울특별시 강북구청,2025-08-12
2006-12-07,1,서울특별시 강북구 도봉로96길 88,,37.63830422,127.0326234,2000,,02-901-5863,서울특별시 강북구청,2025-08-12
2006-12-06,1,서울특별시 강북구 도봉로96길 94,,37.63812247,127.032856,2000,,02-901-5863,서울특별시 강북구청,2025-08-12
2006-12-05,1,서울특별시 강북구 도봉로96길 94,,37.63812247,127.032856,2000,한전주,02-901-5863,서울특별시 강북구청,2025-08-12
2006-12-04,1,서울특별시 강북구 한천로124나길 28,,37.63817431,127.0314844,2000,,02-901-5863,서울특별시 강북구청,2025-08-12
2006-12-03,1,서울특별시 강북구 한천로124나길 30,,37.63834465,127.0313802,2000,전용주,02-901-5863,서울특별시 강북구청,2025-08-12
2006-12-02,1,서울특별시 강북구 한천로124나길 34,,37.6383583,127.0312165,2000,,02-901-5863,서울특별시 강북구청,2025-08-12
2006-11-22,1,서울특별시 강북구 도봉로96가길 41,,37.64142317,127.0312415,2000,,02-901-5863,서울특별시 강북구청,2025-08-12
2006-11-21,1,서울특별시 강북구 도봉로98길 17,,37.64136854,127.0306871,2000,,02-901-5863,서울특별시 강북구청,2025-08-12
2006-11-20,1,서울특별시 강북구 도봉로98길 17,,37.64136854,127.0306871,2000,한전주,02-901-5863,서울특별시 강북구청,2025-08-12
2006-11-19,1,서울특별시 강북구 도봉로98길 17,,37.64136854,127.0306871,2000,,02-901-5863,서울특별시 강북구청,2025-08-12
2006-11-18,1,서울특별시 강북구 도봉로 404,,37.64224042,127.0306838,2000,,02-901-5863,서울특별시 강북구청,2025-08-12
2006-11-16,1,서울특별시 강북구 한천로132길 85,,37.6420463,127.0311849,2000,,02-901-5863,서울특별시 강북구청,2025-08-12
2006-11-15,1,서울특별시 강북구 한천로132길 77,,37.64189816,127.0306996,2000,한전주,02-901-5863,서울특별시 강북구청,2025-08-12
2006-11-14,1,서울특별시 강북구 한천로132길 73,,37.64180041,127.0305876,2000,한전주,02-901-5863,서울특별시 강북구청,2025-08-12
2006-11-13,1,서울특별시 강북구 한천로132길 67,,37.64167022,127.0303739,2000,한전주,02-901-5863,서울특별시 강북구청,2025-08-12
2006-11-12,1,서울특별시 강북구 도봉로 394,,37.64162257,127.0300573,2000,전용주,02-901-5863,서울특별시 강북구청,2025-08-12
2006-11-11,1,서울특별시 강북구 도봉로98길 6,,37.64142325,127.0299239,2000,한전주,02-901-5863,서울특별시 강북구청,2025-08-12
2006-11-10,1,서울특별시 강북구 도봉로98길 6,,37.64142325,127.0299239,2000,한전주,02-901-5863,서울특별시 강북구청,2025-08-12
2006-11-09,1,서울특별시 강북구 도봉로 386,,37.64098401,127.0292253,2000,한전주,02-901-5863,서울특별시 강북구청,2025-08-12
2006-11-08,1,서울특별시 강북구 도봉로 386,,37.64098401,127.0292253,2000,한전주,02-901-5863,서울특별시 강북구청,2025-08-12
2006-11-07,1,서울특별시 강북구 한천로132길 57,,37.64127009,127.0299259,2000,한전주,02-901-5863,서울특별시 강북구청,2025-08-12
2006-11-06,1,서울특별시 강북구 한천로132길 57,,37.64127009,127.0299259,2000,한전주,02-901-5863,서울특별시 강북구청,2025-08-12
2006-11-05,1,서울특별시 강북구 도봉로96길 11,,37.6405915,127.0295834,2000,한전주,02-901-5863,서울특별시 강북구청,2025-08-12
2006-11-04,1,서울특별시 강북구 도봉로 386,,37.64098401,127.0292253,2000,한전주,02-901-5863,서울특별시 강북구청,2025-08-12
2006-11-03,1,서울특별시 강북구 도봉로96길 5,,37.64083485,127.0295916,2000,,02-901-5863,서울특별시 강북구청,2025-08-12
2006-11-02,1,서울특별시 강북구 도봉로96길 5,,37.6408068,127.0294673,2000,한전주,02-901-5863,서울특별시 강북구청,2025-08-12
2006-11-01,1,서울특별시 강북구 도봉로 384,,37.64086716,127.029138,2000,한전주,02-901-5863,서울특별시 강북구청,2025-08-12
2006-10-31,1,서울특별시 강북구 도봉로96가길 15,,37.64029989,127.0309976,2000,한전주,02-901-5863,서울특별시 강북구청,2025-08-12
2006-10-30,1,서울특별시 강북구 도봉로96가길 16,,37.64022622,127.0311858,2000,,02-901-5863,서울특별시 강북구청,2025-08-12
2006-10-28,1,서울특별시 강북구 도봉로96길 35,,37.63993439,127.0305536,2000,,02-901-5863,서울특별시 강북구청,2025-08-12
2006-10-26,1,서울특별시 강북구 도봉로96길 27,,37.64020578,127.0301446,2000,한전주,02-901-5863,서울특별시 강북구청,2025-08-12
2006-10-23,1,서울특별시 강북구 도봉로96길 19,,37.64038929,127.0298508,2000,,02-901-5863,서울특별시 강북구청,2025-08-12
2006-10-22,1,서울특별시 강북구 도봉로96길 19,,37.64038929,127.0298508,2000,,02-901-5863,서울특별시 강북구청,2025-08-12
2006-10-20,1,서울특별시 강북구 도봉로96길 21,,37.64032439,127.0299722,2000,한전주,02-901-5863,서울특별시 강북구청,2025-08-12
2006-10-19,1,서울특별시 강북구 한천로132길 50,,37.6409373,127.030001,2000,한전주,02-901-5863,서울특별시 강북구청,2025-08-12
2006-10-18,1,서울특별시 강북구 한천로132길 50,,37.64093904,127.030001,2000,한전주,02-901-5863,서울특별시 강북구청,2025-08-12
2006-10-17,1,서울특별시 강북구 한천로132길 50,,37.6409373,127.030001,2000,,02-901-5863,서울특별시 강북구청,2025-08-12
2006-10-16,1,서울특별시 강북구 한천로132길 56,,37.64118158,127.0301197,2000,한전주,02-901-5863,서울특별시 강북구청,2025-08-12
2006-10-14,1,서울특별시 강북구 도봉로98길 16,,37.64123524,127.0305285,2000,한전주,02-901-5863,서울특별시 강북구청,2025-08-12
2006-10-13,2,서울특별시 강북구 도봉로98길 20,,37.64122264,127.030731,2000,한전주,02-901-5863,서울특별시 강북구청,2025-08-12
2006-10-11,1,서울특별시 강북구 도봉로98길 28,,37.64107301,127.0311635,2000,한전주,02-901-5863,서울특별시 강북구청,2025-08-12
2006-10-09,1,서울특별시 강북구 도봉로96가길 25,,37.64064892,127.0310897,2000,,02-901-5863,서울특별시 강북구청,2025-08-12
2006-10-08,1,서울특별시 강북구 한천로132길 46,,37.64071526,127.0298957,2000,한전주,02-901-5863,서울특별시 강북구청,2025-08-12
2006-10-07,1,서울특별시 강북구 한천로132길 46,,37.640764,127.0298957,2000,,02-901-5863,서울특별시 강북구청,2025-08-12
2006-10-06,1,서울특별시 강북구 한천로132길 46,,37.64071526,127.0298957,2000,,02-901-5863,서울특별시 강북구청,2025-08-12
2006-10-05,1,서울특별시 강북구 한천로132길 46,,37.64071526,127.0298957,2000,한전주,02-901-5863,서울특별시 강북구청,2025-08-12
2006-10-04,1,서울특별시 강북구 한천로132길 46,,37.64071526,127.0298957,2000,한전주,02-901-5863,서울특별시 강북구청,2025-08-12
2006-10-03,1,서울특별시 강북구 한천로132길 46,,37.64071526,127.0298957,2000,,02-901-5863,서울특별시 강북구청,2025-08-12
2006-10-02,1,서울특별시 강북구 한천로132길 46,,37.64071526,127.0298957,2000,한전주,02-901-5863,서울특별시 강북구청,2025-08-12
2006-10-01,1,서울특별시 강북구 한천로132길 46,,37.64071526,127.0298957,2000,한전주,02-901-5863,서울특별시 강북구청,2025-08-12
2006-09-15,2,서울특별시 강북구 도봉로102길 60,,37.64051445,127.0328521,2000,한전주,02-901-5863,서울특별시 강북구청,2025-08-12
2006-09-14,1,서울특별시 강북구 도봉로102길 21,,37.64199643,127.0316954,2000,,02-901-5863,서울특별시 강북구청,2025-08-12
2006-09-13,1,서울특별시 강북구 도봉로102길 60,,37.64051445,127.0328521,2000,한전주,02-901-5863,서울특별시 강북구청,2025-08-12
2006-09-12,1,서울특별시 강북구 한천로130길 64,,37.64025642,127.0321586,2000,한전주,02-901-5863,서울특별시 강북구청,2025-08-12
2006-09-11,1,서울특별시 강북구 한천로130길 64,,37.64025642,127.0321586,2000,,02-901-5863,서울특별시 강북구청,2025-08-12
2006-09-10,1,서울특별시 강북구 한천로130길 64,,37.64025642,127.0321586,2000,,02-901-5863,서울특별시 강북구청,2025-08-12
2006-09-09,1,서울특별시 강북구 한천로130길 64,,37.64025642,127.0321586,2000,,02-901-5863,서울특별시 강북구청,2025-08-12
2006-09-08,1,서울특별시 강북구 한천로130길 64,,37.64025642,127.0321586,2000,,02-901-5863,서울특별시 강북구청,2025-08-12
2006-09-07,1,서울특별시 강북구 한천로130길 64,,37.64025642,127.0321586,2000,,02-901-5863,서울특별시 강북구청,2025-08-12
2006-09-06,1,서울특별시 강북구 한천로130길 64,,37.64027609,127.0321586,2000,,02-901-5863,서울특별시 강북구청,2025-08-12
2006-09-05,1,서울특별시 강북구 도봉로102길 66,,37.64031287,127.0329636,2000,한전주,02-901-5863,서울특별시 강북구청,2025-08-12
2006-09-04,1,서울특별시 강북구 도봉로102길 60,,37.64051445,127.0328521,2000,한전주,02-901-5863,서울특별시 강북구청,2025-08-12
2006-09-03,1,서울특별시 강북구 도봉로98길 33,,37.64130129,127.0315024,2000,한전주,02-901-5863,서울특별시 강북구청,2025-08-12
2006-09-02,2,서울특별시 강북구 도봉로98길 33,,37.64130129,127.0315024,2000,한전주,02-901-5863,서울특별시 강북구청,2025-08-12
2006-09-01,1,서울특별시 강북구 도봉로98길 33,,37.64130129,127.0315024,2000,한전주,02-901-5863,서울특별시 강북구청,2025-08-12
2006-08-31,1,서울특별시 강북구 한천로130길 77,,37.64086528,127.0319213,2000,전용주,02-901-5863,서울특별시 강북구청,2025-08-12
2006-08-30,1,서울특별시 강북구 한천로130길 75,,37.64083746,127.032107,2000,,02-901-5863,서울특별시 강북구청,2025-08-12
2006-08-29,1,서울특별시 강북구 한천로130길 73,,37.64071115,127.032086,2000,한전주,02-901-5863,서울특별시 강북구청,2025-08-12
2006-08-28,2,서울특별시 강북구 한천로130길 65,,37.64035053,127.0319812,2000,,02-901-5863,서울특별시 강북구청,2025-08-12
2006-08-27,1,서울특별시 강북구 한천로130길 65,,37.64036693,127.0319812,2000,,02-901-5863,서울특별시 강북구청,2025-08-12
2006-08-26,2,서울특별시 강북구 한천로130길 65,,37.64034984,127.0319774,2000,한전주,02-901-5863,서울특별시 강북구청,2025-08-12
2006-08-25,1,서울특별시 강북구 한천로130길 51,,37.6397451,127.0318493,2000,,02-901-5863,서울특별시 강북구청,2025-08-12
2006-08-24,1,서울특별시 강북구 한천로130가길 8,,37.64022018,127.0315485,2000,,02-901-5863,서울특별시 강북구청,2025-08-12
2006-08-20,1,서울특별시 강북구 한천로130가길 12,,37.63987634,127.0313717,2000,한전주,02-901-5863,서울특별시 강북구청,2025-08-12
2006-08-19,1,서울특별시 강북구 한천로130가길 12,,37.64008281,127.0312783,2000,한전주,02-901-5863,서울특별시 강북구청,2025-08-12
2006-08-18,1,서울특별시 강북구 한천로130나길 13,,37.64022724,127.0313105,2000,한전주,02-901-5863,서울특별시 강북구청,2025-08-12
2006-08-17,1,서울특별시 강북구 한천로130나길 12,,37.64035439,127.0314334,2000,,02-901-5863,서울특별시 강북구청,2025-08-12
2006-08-16,1,서울특별시 강북구 한천로130나길 6,,37.64029356,127.0317062,2000,한전주,02-901-5863,서울특별시 강북구청,2025-08-12
2006-08-15,1,서울특별시 강북구 한천로130나길 4,,37.64026774,127.0318538,2000,한전주,02-901-5863,서울특별시 강북구청,2025-08-12
2006-08-14,1,서울특별시 강북구 한천로130가길 2,,37.63998752,127.0317441,2000,,02-901-5863,서울특별시 강북구청,2025-08-12
2006-08-12,1,서울특별시 강북구 한천로130가길 8,,37.64022018,127.0315485,2000,한전주,02-901-5863,서울특별시 강북구청,2025-08-12
2006-08-11,1,서울특별시 강북구 한천로130가길 1,,37.63951875,127.0317162,2000,,02-901-5863,서울특별시 강북구청,2025-08-12
2006-08-10,1,서울특별시 강북구 도봉로96길 53,,37.63938063,127.0313001,2000,,02-901-5863,서울특별시 강북구청,2025-08-12
2006-08-09,1,서울특별시 강북구 한천로130가길 14,,37.63972977,127.031079,2000,한전주,02-901-5863,서울특별시 강북구청,2025-08-12
2006-08-08,1,서울특별시 강북구 한천로130가길 13,,37.63953138,127.0310589,2000,한전주,02-901-5863,서울특별시 강북구청,2025-08-12
2006-08-07,1,서울특별시 강북구 도봉로96가길 8,,37.63982906,127.0310976,2000,,02-901-5863,서울특별시 강북구청,2025-08-12
2006-08-06,1,서울특별시 강북구 도봉로96가길 12,,37.64003665,127.031143,2000,한전주,02-901-5863,서울특별시 강북구청,2025-08-12
2006-08-05,1,서울특별시 강북구 도봉로96가길 18,,37.64036164,127.0312181,2000,전용주,02-901-5863,서울특별시 강북구청,2025-08-12
2006-08-04,1,서울특별시 강북구 도봉로96가길 24,,37.64050663,127.0312786,2000,한전주,02-901-5863,서울특별시 강북구청,2025-08-12
2006-08-03,1,서울특별시 강북구 도봉로96가길 24,,37.64051975,127.0312786,2000,한전주,02-901-5863,서울특별시 강북구청,2025-08-12
2006-08-02,1,서울특별시 강북구 도봉로96가길 26,,37.64070502,127.0313383,2000,한전주,02-901-5863,서울특별시 강북구청,2025-08-12
2006-08-01,2,서울특별시 강북구 도봉로96가길 34,,37.64109835,127.0313331,2000,한전주,02-901-5863,서울특별시 강북구청,2025-08-12
2006-07-31,1,서울특별시 강북구 도봉로96길 65,,37.63910245,127.031784,2000,,02-901-5863,서울특별시 강북구청,2025-08-12
2006-07-30,1,서울특별시 강북구 도봉로96길 65,,37.63912559,127.031784,2000,전용주,02-901-5863,서울특별시 강북구청,2025-08-12
2006-07-29,1,서울특별시 강북구 도봉로96길 65,,37.63910245,127.031784,2000,,02-901-5863,서울특별시 강북구청,2025-08-12
2006-07-28,1,서울특별시 강북구 도봉로96나길 7,,37.63891168,127.0323988,2000,전용주,02-901-5863,서울특별시 강북구청,2025-08-12
2006-07-27,1,서울특별시 강북구 도봉로96나길 9,,37.6389845,127.0324936,2000,한전주,02-901-5863,서울특별시 강북구청,2025-08-12
2006-07-26,1,서울특별시 강북구 도봉로96나길 9,,37.63898801,127.0324022,2000,,02-901-5863,서울특별시 강북구청,2025-08-12
2006-07-25,1,서울특별시 강북구 도봉로96나길 9,,37.63898801,127.0324966,2000,,02-901-5863,서울특별시 강북구청,2025-08-12
2006-07-24,1,서울특별시 강북구 도봉로96나길 9,,37.63898801,127.0324966,2000,,02-901-5863,서울특별시 강북구청,2025-08-12
2006-07-23,1,서울특별시 강북구 도봉로96나길 13,,37.63914815,127.0326728,2000,한전주,02-901-5863,서울특별시 강북구청,2025-08-12
2006-07-22,1,서울특별시 강북구 도봉로96다길 5,,37.63938376,127.0327163,2000,,02-901-5863,서울특별시 강북구청,2025-08-12
2006-07-21,2,서울특별시 강북구 도봉로96다길 7,,37.63952729,127.0327585,2000,한전주,02-901-5863,서울특별시 강북구청,2025-08-12
2006-07-20,1,서울특별시 강북구 도봉로96다길 9,,37.63965992,127.0327908,2000,,02-901-5863,서울특별시 강북구청,2025-08-12
2006-07-18,1,서울특별시 강북구 도봉로96다길 13,,37.63970794,127.0328128,2000,,02-901-5863,서울특별시 강북구청,2025-08-12
2006-07-17,1,서울특별시 강북구 도봉로96다길 15,,37.63984959,127.032822,2000,,02-901-5863,서울특별시 강북구청,2025-08-12
2006-07-16,1,서울특별시 강북구 도봉로96다길 15,,37.63980714,127.0328229,2000,한전주,02-901-5863,서울특별시 강북구청,2025-08-12
2006-07-15,1,서울특별시 강북구 도봉로96다길 19,,37.64001079,127.0328892,2000,한전주,02-901-5863,서울특별시 강북구청,2025-08-12
2006-07-14,1,서울특별시 강북구 도봉로96다길 19,,37.6400059,127.0328883,2000,한전주,02-901-5863,서울특별시 강북구청,2025-08-12
2006-07-13,1,서울특별시 강북구 한천로130길 62,,37.64014849,127.0321337,2000,,02-901-5863,서울특별시 강북구청,2025-08-12
2006-07-12,1,서울특별시 강북구 한천로130길 62,,37.64014393,127.0321387,2000,한전주,02-901-5863,서울특별시 강북구청,2025-08-12
2006-07-11,1,서울특별시 강북구 한천로130길 58,,37.63995317,127.0320847,2000,전용주,02-901-5863,서울특별시 강북구청,2025-08-12
2006-07-10,1,서울특별시 강북구 한천로130길 56,,37.63985002,127.0320578,2000,전용주,02-901-5863,서울특별시 강북구청,2025-08-12
2006-07-09,1,서울특별시 강북구 한천로130길 56,,37.63984597,127.0320632,2000,한전주,02-901-5863,서울특별시 강북구청,2025-08-12
2006-07-08,1,서울특별시 강북구 한천로130길 52,,37.63963113,127.0320117,2000,한전주,02-901-5863,서울특별시 강북구청,2025-08-12
2006-07-07,1,서울특별시 강북구 한천로130길 48,,37.63955702,127.0319877,2000,,02-901-5863,서울특별시 강북구청,2025-08-12
2006-07-06,1,서울특별시 강북구 한천로130길 46,,37.63949553,127.0318661,2000,,02-901-5863,서울특별시 강북구청,2025-08-12
2006-07-05,1,서울특별시 강북구 한천로130길 46,,37.63943471,127.0318661,2000,한전주,02-901-5863,서울특별시 강북구청,2025-08-12
2006-07-04,2,서울특별시 강북구 한천로130길 46,,37.63943471,127.0318202,2000,한전주,02-901-5863,서울특별시 강북구청,2025-08-12
2006-07-03,2,서울특별시 강북구 도봉로96다길 3,,37.63927456,127.0327052,2000,,02-901-5863,서울특별시 강북구청,2025-08-12
2006-07-02,1,서울특별시 강북구 한천로130길 38,,37.63918475,127.0316412,2000,한전주,02-901-5863,서울특별시 강북구청,2025-08-12
2006-07-01,1,서울특별시 강북구 한천로130길 38,,37.63918475,127.0316412,2000,,02-901-5863,서울특별시 강북구청,2025-08-12
2006-06-29,1,서울특별시 강북구 도봉로102길 74,,37.6400245,127.0331603,2000,한전주,02-901-5863,서울특별시 강북구청,2025-08-12
2006-06-28,1,서울특별시 강북구 도봉로102길 82,,37.63973905,127.033311,2000,한전주,02-901-5863,서울특별시 강북구청,2025-08-12
2006-06-27,1,서울특별시 강북구 도봉로96길 87,,37.63840994,127.0327503,2000,,02-901-5863,서울특별시 강북구청,2025-08-12
2006-06-26,1,서울특별시 강북구 도봉로102길 86,,37.63951483,127.0334385,2000,,02-901-5863,서울특별시 강북구청,2025-08-12
2006-06-24,1,서울특별시 강북구 도봉로102길 84,,37.63960409,127.0333354,2000,전용주,02-901-5863,서울특별시 강북구청,2025-08-12
2006-06-22,1,서울특별시 강북구 도봉로96길 81,,37.63860904,127.0325513,2000,,02-901-5863,서울특별시 강북구청,2025-08-12
2006-06-21,1,서울특별시 강북구 도봉로96길 81,,37.63860904,127.0325513,2000,한전주,02-901-5863,서울특별시 강북구청,2025-08-12
2006-06-20,1,서울특별시 강북구 도봉로96길 95,,37.63815163,127.0331163,2000,,02-901-5863,서울특별시 강북구청,2025-08-12
2006-06-19,1,서울특별시 강북구 도봉로96길 87,,37.63849167,127.0327497,2000,한전주,02-901-5863,서울특별시 강북구청,2025-08-12
2006-06-18,1,서울특별시 강북구 도봉로96길 87,,37.63841032,127.0327497,2000,한전주,02-901-5863,서울특별시 강북구청,2025-08-12
2006-06-17,1,서울특별시 강북구 도봉로96길 87,,37.63841032,127.0327497,2000,한전주,02-901-5863,서울특별시 강북구청,2025-08-12
2006-06-16,1,서울특별시 강북구 도봉로96길 87,,37.63841032,127.0327497,2000,,02-901-5863,서울특별시 강북구청,2025-08-12
2006-06-15,2,서울특별시 강북구 도봉로96길 93,,37.63847681,127.033214,2000,한전주,02-901-5863,서울특별시 강북구청,2025-08-12
2006-06-14,1,서울특별시 강북구 도봉로96길 93,,37.63826987,127.0332507,2000,,02-901-5863,서울특별시 강북구청,2025-08-12
2006-06-13,1,서울특별시 강북구 도봉로96길 95,,37.63815163,127.0331163,2000,,02-901-5863,서울특별시 강북구청,2025-08-12
2006-06-11,1,서울특별시 강북구 한천로124길 45,,37.63833727,127.0336522,2000,전용주,02-901-5863,서울특별시 강북구청,2025-08-12
2006-06-10,1,서울특별시 강북구 덕릉로51길 61,,37.63849418,127.0338041,2000,한전주,02-901-5863,서울특별시 강북구청,2025-08-12
2006-06-07,1,서울특별시 강북구 도봉로96나길 20,,37.63912965,127.033152,2000,,02-901-5863,서울특별시 강북구청,2025-08-12
2006-06-06,1,서울특별시 강북구 도봉로96다길 6,,37.63946645,127.0330313,2000,한전주,02-901-5863,서울특별시 강북구청,2025-08-12
2006-06-05,1,서울특별시 강북구 도봉로96나길 27,,37.63939808,127.0334854,2000,한전주,02-901-5863,서울특별시 강북구청,2025-08-12
2006-06-04,1,서울특별시 강북구 도봉로96다길 6,,37.63946645,127.0330313,2000,한전주,02-901-5863,서울특별시 강북구청,2025-08-12
2006-06-03,1,서울특별시 강북구 도봉로102길 74,,37.6400245,127.0331899,2000,한전주,02-901-5863,서울특별시 강북구청,2025-08-12
2006-06-02,1,서울특별시 강북구 도봉로96다길 14,,37.63971871,127.033028,2000,한전주,02-901-5863,서울특별시 강북구청,2025-08-12
2006-06-01,1,서울특별시 강북구 도봉로96다길 20,,37.63996234,127.0330702,2000,,02-901-5863,서울특별시 강북구청,2025-08-12
2006-05-25,1,서울특별시 강북구 덕릉로51가길 34,,37.63780462,127.0336533,2000,,02-901-5863,서울특별시 강북구청,2025-08-12
2006-05-24,1,서울특별시 강북구 덕릉로51길 69,,37.63889457,127.0336165,2000,,02-901-5863,서울특별시 강북구청,2025-08-12
2006-05-23,1,서울특별시 강북구 덕릉로51길 37,,37.63757547,127.0342794,2000,,02-901-5863,서울특별시 강북구청,2025-08-12
2006-05-22,1,서울특별시 강북구 한천로124길 42,,37.63817015,127.0336192,2000,,02-901-5863,서울특별시 강북구청,2025-08-12
2006-05-20,1,서울특별시 강북구 한천로124길 42,,37.63817015,127.0336192,2000,한전주,02-901-5863,서울특별시 강북구청,2025-08-12
2006-05-19,1,서울특별시 강북구 한천로124길 42,,37.63817015,127.0336192,2000,,02-901-5863,서울특별시 강북구청,2025-08-12
2006-05-17,1,서울특별시 강북구 한천로124길 48,,37.63823856,127.033829,2000,한전주,02-901-5863,서울특별시 강북구청,2025-08-12
2006-05-16,2,서울특별시 강북구 한천로124길 42,,37.63817373,127.0336145,2000,한전주,02-901-5863,서울특별시 강북구청,2025-08-12
2006-05-15,1,서울특별시 강북구 덕릉로51가길 26,,37.63753721,127.034008,2000,,02-901-5863,서울특별시 강북구청,2025-08-12
2006-05-13,1,서울특별시 강북구 덕릉로51길 18,,37.63699727,127.0351933,2000,,02-901-5863,서울특별시 강북구청,2025-08-12
2006-05-12,1,서울특별시 강북구 덕릉로51길 27,,37.63710131,127.0346934,2000,한전주,02-901-5863,서울특별시 강북구청,2025-08-12
2006-05-11,1,서울특별시 강북구 덕릉로51길 33,,37.63737838,127.0344179,2000,한전주,02-901-5863,서울특별시 강북구청,2025-08-12
2006-05-09,1,서울특별시 강북구 덕릉로51길 39,,37.6376469,127.0342267,2000,한전주,02-901-5863,서울특별시 강북구청,2025-08-12
2006-05-08,1,서울특별시 강북구 덕릉로51길 47,,37.63801517,127.0340585,2000,한전주,02-901-5863,서울특별시 강북구청,2025-08-12
2006-05-07,1,서울특별시 강북구 덕릉로51길 45,,37.63785376,127.0341072,2000,,02-901-5863,서울특별시 강북구청,2025-08-12
2006-05-06,1,서울특별시 강북구 덕릉로51길 55,,37.63826642,127.0339306,2000,한전주,02-901-5863,서울특별시 강북구청,2025-08-12
2006-05-05,1,서울특별시 강북구 덕릉로51길 63,,37.63864352,127.0337671,2000,한전주,02-901-5863,서울특별시 강북구청,2025-08-12
2006-05-04,1,서울특별시 강북구 도봉로96나길 20,,37.63911972,127.033152,2000,한전주,02-901-5863,서울특별시 강북구청,2025-08-12
2006-05-03,1,서울특별시 강북구 덕릉로51길 61,,37.63849418,127.0338041,2000,한전주,02-901-5863,서울특별시 강북구청,2025-08-12
2006-05-02,1,서울특별시 강북구 도봉로96나길 20,,37.63912965,127.033152,2000,,02-901-5863,서울특별시 강북구청,2025-08-12
2006-05-01,1,서울특별시 강북구 도봉로96나길 28,,37.63923638,127.0335441,2000,,02-901-5863,서울특별시 강북구청,2025-08-12
2006-04-30,1,서울특별시 강북구 한천로124길 7,,37.63704432,127.0321335,2000,한전주,02-901-5863,서울특별시 강북구청,2025-08-12
2006-04-29,1,서울특별시 강북구 한천로124길 9,,37.63715336,127.0322454,2000,한전주,02-901-5863,서울특별시 강북구청,2025-08-12
2006-04-28,1,서울특별시 강북구 한천로124길 19,,37.63746219,127.0325473,2000,한전주,02-901-5863,서울특별시 강북구청,2025-08-12
2006-04-27,1,서울특별시 강북구 한천로124길 21,,37.6375533,127.0326708,2000,한전주,02-901-5863,서울특별시 강북구청,2025-08-12
2006-04-26,1,서울특별시 강북구 한천로124길 27,,37.63777148,127.0329059,2000,한전주,02-901-5863,서울특별시 강북구청,2025-08-12
2006-04-25,2,서울특별시 강북구 도봉로96길 100,,37.63794442,127.0331189,2000,한전주,02-901-5863,서울특별시 강북구청,2025-08-12
2006-04-24,1,서울특별시 강북구 덕릉로51가길 38,,37.63794692,127.0334248,2000,한전주,02-901-5863,서울특별시 강북구청,2025-08-12
2006-04-23,1,서울특별시 강북구 한천로124길 14,,37.6373302,127.0332067,2000,한전주,02-901-5863,서울특별시 강북구청,2025-08-12
2006-04-22,1,서울특별시 강북구 덕릉로51가길 30,,37.63766205,127.0338477,2000,한전주,02-901-5863,서울특별시 강북구청,2025-08-12
2006-04-21,1,서울특별시 강북구 덕릉로51가길 20,,37.63735925,127.0342822,2000,한전주,02-901-5863,서울특별시 강북구청,2025-08-12
2006-04-20,1,서울특별시 강북구 덕릉로51가길 16,,37.63729702,127.034385,2000,한전주,02-901-5863,서울특별시 강북구청,2025-08-12
2006-04-19,2,서울특별시 강북구 덕릉로51길 27,,37.63710131,127.0346934,2000,한전주,02-901-5863,서울특별시 강북구청,2025-08-12
2006-04-18,1,서울특별시 강북구 한천로122길 32,,37.63681236,127.0346179,2000,한전주,02-901-5863,서울특별시 강북구청,2025-08-12
2006-04-17,1,서울특별시 강북구 한천로122길 28,,37.6366995,127.034438,2000,한전주,02-901-5863,서울특별시 강북구청,2025-08-12
2006-04-16,1,서울특별시 강북구 한천로122길 20,,37.63644243,127.0341904,2000,한전주,02-901-5863,서울특별시 강북구청,2025-08-12
2006-04-15,1,서울특별시 강북구 도봉로96길 87,,37.63841032,127.0327497,2000,한전주,02-901-5863,서울특별시 강북구청,2025-08-12
2006-04-13,1,서울특별시 강북구 한천로 962,,37.63582191,127.033602,2000,한전주,02-901-5863,서울특별시 강북구청,2025-08-12
2006-04-12,1,서울특별시 강북구 덕릉로51가길 1,,37.63682372,127.0351507,2000,,02-901-5863,서울특별시 강북구청,2025-08-12
2006-04-11,1,서울특별시 강북구 덕릉로51가길 1,,37.63682572,127.0351502,2000,,02-901-5863,서울특별시 강북구청,2025-08-12
2006-04-10,1,서울특별시 강북구 덕릉로51가길 5,,37.63683516,127.0348327,2000,한전주,02-901-5863,서울특별시 강북구청,2025-08-12
2006-04-09,1,서울특별시 강북구 덕릉로 193,,37.63610786,127.0349336,2000,한전주,02-901-5863,서울특별시 강북구청,2025-08-12
2006-04-08,1,서울특별시 강북구 덕릉로 193,,37.63610786,127.0349336,2000,,02-901-5863,서울특별시 강북구청,2025-08-12
2006-04-07,1,서울특별시 강북구 덕릉로 193,,37.63610786,127.0349519,2000,한전주,02-901-5863,서울특별시 강북구청,2025-08-12
2006-04-05,1,서울특별시 강북구 덕릉로 195,,37.63627651,127.0352026,2000,,02-901-5863,서울특별시 강북구청,2025-08-12
2006-04-04,1,서울특별시 강북구 덕릉로 193,,37.63610312,127.0349329,2000,,02-901-5863,서울특별시 강북구청,2025-08-12
2006-04-03,2,서울특별시 강북구 덕릉로 191,,37.6360424,127.0347963,2000,한전주,02-901-5863,서울특별시 강북구청,2025-08-12
2006-04-02,1,서울특별시 강북구 덕릉로 187,,37.63599658,127.0343994,2000,한전주,02-901-5863,서울특별시 강북구청,2025-08-12
2006-03-30,1,서울특별시 강북구 덕릉로 204,,37.63636823,127.036192,2000,한전주,02-901-5863,서울특별시 강북구청,2025-08-12
2006-03-29,1,서울특별시 강북구 덕릉로 198,,37.63601876,127.0356365,2000,한전주,02-901-5863,서울특별시 강북구청,2025-08-12
2006-03-28,1,서울특별시 강북구 덕릉로 196,,37.63597154,127.0355302,2000,한전주,02-901-5863,서울특별시 강북구청,2025-08-12
2006-03-27,1,서울특별시 강북구 한천로120길 17,,37.63540541,127.0362656,2000,,02-901-5863,서울특별시 강북구청,2025-08-12
2006-03-26,1,서울특별시 강북구 덕릉로52길 14,,37.63630015,127.0369358,2000,한전주,02-901-5863,서울특별시 강북구청,2025-08-12
2006-03-25,1,서울특별시 강북구 덕릉로52길 10,,37.63637326,127.0368034,2000,,02-901-5863,서울특별시 강북구청,2025-08-12
2006-03-24,1,서울특별시 강북구 덕릉로52길 10,,37.63637326,127.0368034,2000,,02-901-5863,서울특별시 강북구청,2025-08-12
2006-03-23,2,서울특별시 강북구 덕릉로52길 8,,37.63640584,127.0366965,2000,한전주,02-901-5863,서울특별시 강북구청,2025-08-12
2006-03-22,1,서울특별시 강북구 덕릉로52길 6,,37.63647681,127.0365597,2000,전용주,02-901-5863,서울특별시 강북구청,2025-08-12
2006-03-21,1,서울특별시 강북구 덕릉로 204,,37.63639318,127.036192,2000,한전주,02-901-5863,서울특별시 강북구청,2025-08-12
2006-03-20,1,서울특별시 강북구 덕릉로 204,,37.63639318,127.036192,2000,,02-901-5863,서울특별시 강북구청,2025-08-12
2006-03-19,1,서울특별시 강북구 덕릉로 200,,37.63612751,127.0358056,2000,,02-901-5863,서울특별시 강북구청,2025-08-12
2006-03-18,1,서울특별시 강북구 덕릉로 200,,37.63619225,127.0358056,2000,,02-901-5863,서울특별시 강북구청,2025-08-12
2006-03-17,1,서울특별시 강북구 덕릉로 196,,37.63597154,127.0355302,2000,,02-901-5863,서울특별시 강북구청,2025-08-12
2006-03-16,1,서울특별시 강북구 덕릉로48길 5,,37.63575409,127.0353658,2000,,02-901-5863,서울특별시 강북구청,2025-08-12
2006-03-15,1,서울특별시 강북구 덕릉로48길 9,,37.63562879,127.0355935,2000,,02-901-5863,서울특별시 강북구청,2025-08-12
2006-03-14,1,서울특별시 강북구 덕릉로48길 9,,37.63562253,127.0355935,2000,,02-901-5863,서울특별시 강북구청,2025-08-12
2006-03-13,1,서울특별시 강북구 덕릉로48길 15,,37.635525,127.0358581,2000,,02-901-5863,서울특별시 강북구청,2025-08-12
2006-03-12,2,서울특별시 강북구 덕릉로48길 21,,37.63535622,127.0361549,2000,한전주,02-901-5863,서울특별시 강북구청,2025-08-12
2006-03-11,1,서울특별시 강북구 한천로120길 17,,37.63540541,127.0362314,2000,,02-901-5863,서울특별시 강북구청,2025-08-12
2006-03-10,1,서울특별시 강북구 한천로120길 17,,37.63540541,127.0362656,2000,한전주,02-901-5863,서울특별시 강북구청,2025-08-12
2006-03-09,1,서울특별시 강북구 한천로120길 21,,37.63552747,127.0363342,2000,한전주,02-901-5863,서울특별시 강북구청,2025-08-12
2006-03-08,1,서울특별시 강북구 한천로120길 23,,37.63560178,127.036435,2000,한전주,02-901-5863,서울특별시 강북구청,2025-08-12
2006-03-07,1,서울특별시 강북구 한천로120길 25,,37.63564969,127.0364919,2000,한전주,02-901-5863,서울특별시 강북구청,2025-08-12
2006-03-06,1,서울특별시 강북구 한천로120길 25,,37.63564969,127.0364919,2000,,02-901-5863,서울특별시 강북구청,2025-08-12
2006-03-05,1,서울특별시 강북구 한천로120길 27,,37.63577416,127.0365801,2000,한전주,02-901-5863,서울특별시 강북구청,2025-08-12
2006-03-04,1,서울특별시 강북구 한천로120길 29,,37.63583579,127.0366291,2000,,02-901-5863,서울특별시 강북구청,2025-08-12
2006-03-03,1,서울특별시 강북구 한천로120길 29,,37.6358376,127.0366246,2000,한전주,02-901-5863,서울특별시 강북구청,2025-08-12
2006-03-02,1,서울특별시 강북구 한천로120길 37,,37.63606917,127.0368448,2000,,02-901-5863,서울특별시 강북구청,2025-08-12
2006-03-01,2,서울특별시 강북구 한천로120길 37,,37.63607369,127.0368481,2000,한전주,02-901-5863,서울특별시 강북구청,2025-08-12
2006-02-28,1,서울특별시 강북구 한천로120길 20,,37.63537673,127.0364605,2000,,02-901-5863,서울특별시 강북구청,2025-08-12
2006-02-27,1,서울특별시 강북구 덕릉로48길 29,,37.6352355,127.0364926,2000,,02-901-5863,서울특별시 강북구청,2025-08-12
2006-02-26,2,서울특별시 강북구 덕릉로48길 29,,37.63523286,127.0364964,2000,한전주,02-901-5863,서울특별시 강북구청,2025-08-12
2006-02-25,1,서울특별시 강북구 한천로118길 26,,37.63550302,127.0370368,2000,,02-901-5863,서울특별시 강북구청,2025-08-12
2006-02-24,1,서울특별시 강북구 한천로118길 22,,37.63535395,127.036982,2000,,02-901-5863,서울특별시 강북구청,2025-08-12
2006-02-23,1,서울특별시 강북구 한천로 926,,37.63443385,127.036943,2000,한전주,02-901-5863,서울특별시 강북구청,2025-08-12
2006-02-22,1,서울특별시 강북구 덕릉로48길 42,,37.6349136,127.0371237,2000,한전주,02-901-5863,서울특별시 강북구청,2025-08-12
2006-02-21,1,서울특별시 강북구 덕릉로48길 39,,37.63509435,127.0369634,2000,,02-901-5863,서울특별시 강북구청,2025-08-12
2006-02-20,1,서울특별시 강북구 덕릉로48길 41,,37.6350778,127.037119,2000,한전주,02-901-5863,서울특별시 강북구청,2025-08-12
2006-02-19,2,서울특별시 강북구 한천로 924,,37.63430392,127.0372513,2000,한전주,02-901-5863,서울특별시 강북구청,2025-08-12
2006-02-18,1,서울특별시 강북구 한천로 924,,37.63430392,127.0372513,2000,,02-901-5863,서울특별시 강북구청,2025-08-12
2006-02-17,1,서울특별시 강북구 한천로 924,,37.63430392,127.0372513,2000,한전주,02-901-5863,서울특별시 강북구청,2025-08-12
2006-02-16,2,서울특별시 강북구 한천로 920,,37.63479135,127.0376011,2000,한전주,02-901-5863,서울특별시 강북구청,2025-08-12
2006-02-15,1,서울특별시 강북구 한천로 920,,37.63463763,127.0375351,2000,,02-901-5863,서울특별시 강북구청,2025-08-12
2006-02-14,1,서울특별시 강북구 한천로 920,,37.63450369,127.0376841,2000,한전주,02-901-5863,서울특별시 강북구청,2025-08-12
2006-02-13,1,서울특별시 강북구 한천로 920,,37.63437553,127.0374365,2000,,02-901-5863,서울특별시 강북구청,2025-08-12
2006-02-12,1,서울특별시 강북구 한천로 914,,37.63394861,127.0381218,2000,한전주,02-901-5863,서울특별시 강북구청,2025-08-12
2006-02-11,1,서울특별시 강북구 한천로 918,,37.63427009,127.0377664,2000,한전주,02-901-5863,서울특별시 강북구청,2025-08-12
2006-02-10,1,서울특별시 강북구 덕릉로52길 62,,37.63444146,127.0377869,2000,,02-901-5863,서울특별시 강북구청,2025-08-12
2006-02-08,1,서울특별시 강북구 덕릉로52길 54,,37.63467524,127.0377272,2000,,02-901-5863,서울특별시 강북구청,2025-08-12
2006-02-07,1,서울특별시 강북구 덕릉로48길 51,,37.634972,127.0376554,2000,한전주,02-901-5863,서울특별시 강북구청,2025-08-12
2006-02-06,1,서울특별시 강북구 덕릉로52길 48,,37.63505271,127.0376091,2000,한전주,02-901-5863,서울특별시 강북구청,2025-08-12
2006-02-05,1,서울특별시 강북구 덕릉로52길 42,,37.63518758,127.0375733,2000,,02-901-5863,서울특별시 강북구청,2025-08-12
2006-02-04,1,서울특별시 강북구 덕릉로52길 40,,37.6353764,127.0375256,2000,한전주,02-901-5863,서울특별시 강북구청,2025-08-12
2006-02-03,1,서울특별시 강북구 덕릉로52길 32,,37.63565468,127.0373974,2000,한전주,02-901-5863,서울특별시 강북구청,2025-08-12
2006-02-02,1,서울특별시 강북구 덕릉로52길 26,,37.63588856,127.037349,2000,,02-901-5863,서울특별시 강북구청,2025-08-12
2006-02-01,1,서울특별시 강북구 덕릉로52길 22,,37.6360498,127.0372336,2000,한전주,02-901-5863,서울특별시 강북구청,2025-08-12
2006-01-25,1,서울특별시 강북구 덕릉로48길 18,,37.63511893,127.0357841,2000,한전주,02-901-5863,서울특별시 강북구청,2025-08-12
2006-01-24,2,서울특별시 강북구 덕릉로48길 20,,37.63522796,127.035896,2000,한전주,02-901-5863,서울특별시 강북구청,2025-08-12
2006-01-23,1,서울특별시 강북구 덕릉로48길 12,,37.63537222,127.0354648,2000,,02-901-5863,서울특별시 강북구청,2025-08-12
2006-01-22,1,서울특별시 강북구 덕릉로48길 8,,37.63563508,127.0353455,2000,,02-901-5863,서울특별시 강북구청,2025-08-12
2006-01-21,1,서울특별시 강북구 덕릉로48길 8,,37.63563508,127.0353455,2000,한전주,02-901-5863,서울특별시 강북구청,2025-08-12
2006-01-20,1,서울특별시 강북구 덕릉로48길 4,,37.63570305,127.0352465,2000,,02-901-5863,서울특별시 강북구청,2025-08-12
2006-01-19,1,서울특별시 강북구 덕릉로48길 8,,37.63563796,127.0353468,2000,,02-901-5863,서울특별시 강북구청,2025-08-12
2006-01-18,1,서울특별시 강북구 덕릉로 192,,37.63576205,127.035096,2000,,02-901-5863,서울특별시 강북구청,2025-08-12
2006-01-17,1,서울특별시 강북구 덕릉로 188,,37.63570794,127.0348273,2000,,02-901-5863,서울특별시 강북구청,2025-08-12
2006-01-16,1,서울특별시 강북구 한천로 944,,37.63508709,127.0353001,2000,,02-901-5863,서울특별시 강북구청,2025-08-12
2006-01-15,1,서울특별시 강북구 한천로120길 3,,37.63491419,127.0356856,2000,한전주,02-901-5863,서울특별시 강북구청,2025-08-12
2006-01-14,1,서울특별시 강북구 한천로120길 3,,37.63491419,127.0356856,2000,한전주,02-901-5863,서울특별시 강북구청,2025-08-12
2006-01-13,1,서울특별시 강북구 한천로120길 3,,37.63491419,127.0356856,2000,,02-901-5863,서울특별시 강북구청,2025-08-12
2006-01-12,2,서울특별시 강북구 한천로120길 7,,37.63499316,127.035831,2000,한전주,02-901-5863,서울특별시 강북구청,2025-08-12
2006-01-11,1,서울특별시 강북구 한천로120길 9,,37.63508409,127.0359318,2000,,02-901-5863,서울특별시 강북구청,2025-08-12
2006-01-10,1,서울특별시 강북구 덕릉로48길 28,,37.63513817,127.036291,2000,,02-901-5863,서울특별시 강북구청,2025-08-12
2006-01-09,1,서울특별시 강북구 덕릉로48길 28,,37.63513817,127.036291,2000,한전주,02-901-5863,서울특별시 강북구청,2025-08-12
2006-01-08,1,서울특별시 강북구 덕릉로48길 32,,37.6348541,127.036456,2000,,02-901-5863,서울특별시 강북구청,2025-08-12
2006-01-07,1,서울특별시 강북구 한천로118길 3,,37.63462004,127.0364816,2000,한전주,02-901-5863,서울특별시 강북구청,2025-08-12
2006-01-06,1,서울특별시 강북구 한천로118길 5,,37.63471951,127.0365257,2000,한전주,02-901-5863,서울특별시 강북구청,2025-08-12
2006-01-05,1,서울특별시 강북구 한천로118길 12,,37.63486551,127.0367504,2000,,02-901-5863,서울특별시 강북구청,2025-08-12
2006-01-04,1,서울특별시 강북구 한천로118길 14,,37.63498309,127.0368055,2000,한전주,02-901-5863,서울특별시 강북구청,2025-08-12
2006-01-03,1,서울특별시 강북구 한천로 926,,37.63443385,127.036943,2000,,02-901-5863,서울특별시 강북구청,2025-08-12
2006-01-02,1,서울특별시 강북구 한천로 926,,37.63443385,127.036943,2000,,02-901-5863,서울특별시 강북구청,2025-08-12
2005-03-21,1,서울특별시 강북구 솔샘로48길 17,,37.61908919,127.0182405,2000,건축물,02-901-5863,서울특별시 강북구청,2025-08-12
2005-03-20,1,서울특별시 강북구 삼양로19길 206,,37.61942676,127.015511,2000,전용주,02-901-5863,서울특별시 강북구청,2025-08-12
2005-03-19,1,서울특별시 강북구 삼양로19길 154,,37.61704923,127.0156393,2000,,02-901-5863,서울특별시 강북구청,2025-08-12
2005-03-18,1,서울특별시 강북구 삼양로19길 154,,37.61704923,127.0156393,2000,,02-901-5863,서울특별시 강북구청,2025-08-12
2005-03-17,1,서울특별시 강북구 삼양로27길 46,,37.61903804,127.0186638,2000,,02-901-5863,서울특별시 강북구청,2025-08-12
2005-03-16,1,서울특별시 강북구 삼양로27길 46,,37.61900107,127.0186638,2000,한전주,02-901-5863,서울특별시 강북구청,2025-08-12
2005-03-15,1,서울특별시 강북구 솔샘로48길 17,,37.61903579,127.0183205,2000,,02-901-5863,서울특별시 강북구청,2025-08-12
2005-03-14,1,서울특별시 강북구 솔샘로48길 17,,37.6191608,127.0181829,2000,,02-901-5863,서울특별시 강북구청,2025-08-12
2005-03-13,1,서울특별시 강북구 솔샘로48길 11,,37.61932457,127.0183733,2000,한전주,02-901-5863,서울특별시 강북구청,2025-08-12
2005-03-12,1,서울특별시 강북구 솔샘로48길 5,,37.6193972,127.0184403,2000,한전주,02-901-5863,서울특별시 강북구청,2025-08-12
2005-03-11,1,서울특별시 강북구 솔샘로48길 5,,37.61949875,127.0187335,2000,,02-901-5863,서울특별시 강북구청,2025-08-12
2005-03-10,1,서울특별시 강북구 솔샘로48길 5,,37.61930092,127.0187814,2000,,02-901-5863,서울특별시 강북구청,2025-08-12
2005-03-09,1,서울특별시 강북구 솔샘로48길 5,,37.61911229,127.0188519,2000,,02-901-5863,서울특별시 강북구청,2025-08-12
2005-03-08,1,서울특별시 강북구 삼양로27길 38,,37.61900596,127.0190685,2000,,02-901-5863,서울특별시 강북구청,2025-08-12
2005-03-07,1,서울특별시 강북구 솔샘로50길 16,,37.61931322,127.0191777,2000,,02-901-5863,서울특별시 강북구청,2025-08-12
2005-03-05,1,서울특별시 강북구 솔샘로48길 3,,37.61970333,127.0186381,2000,한전주,02-901-5863,서울특별시 강북구청,2025-08-12
2005-03-04,1,서울특별시 강북구 삼양로19길 206,,37.61942676,127.015511,2000,전용주,02-901-5863,서울특별시 강북구청,2025-08-12
2005-03-03,2,서울특별시 강북구 솔샘로 208,,37.61985931,127.0155004,2000,한전주,02-901-5863,서울특별시 강북구청,2025-08-12
2005-03-02,1,서울특별시 강북구 솔샘로 208,,37.61985931,127.0155004,2000,전용주,02-901-5863,서울특별시 강북구청,2025-08-12
2005-03-01,1,서울특별시 강북구 솔샘로 208,,37.61985931,127.0155004,2000,한전주,02-901-5863,서울특별시 강북구청,2025-08-12
2005-01-21,1,서울특별시 강북구 삼양로27길 20,,37.61900059,127.0201447,2000,한전주,02-901-5863,서울특별시 강북구청,2025-08-12
2005-01-20,1,서울특별시 강북구 솔샘로 244,,37.61965962,127.0196603,2000,,02-901-5863,서울특별시 강북구청,2025-08-12
2005-01-19,1,서울특별시 강북구 솔샘로48길 3,,37.61970522,127.0186402,2000,한전주,02-901-5863,서울특별시 강북구청,2025-08-12
2005-01-18,1,서울특별시 강북구 솔샘로48길 3,,37.61970333,127.0186381,2000,,02-901-5863,서울특별시 강북구청,2025-08-12
2005-01-17,1,서울특별시 강북구 솔샘로50길 9,,37.61938662,127.0193354,2000,,02-901-5863,서울특별시 강북구청,2025-08-12
2005-01-16,1,서울특별시 강북구 솔샘로50길 9,,37.61938662,127.0193354,2000,한전주,02-901-5863,서울특별시 강북구청,2025-08-12
2005-01-15,1,서울특별시 강북구 솔샘로50길 13,,37.61913473,127.019384,2000,,02-901-5863,서울특별시 강북구청,2025-08-12
2005-01-14,1,서울특별시 강북구 솔샘로50길 13,,37.61913473,127.019384,2000,,02-901-5863,서울특별시 강북구청,2025-08-12
2005-01-13,1,서울특별시 강북구 삼양로27길 20,,37.61900059,127.0201407,2000,한전주,02-901-5863,서울특별시 강북구청,2025-08-12
2005-01-12,1,서울특별시 강북구 삼양로27길 20,,37.61906557,127.0201407,2000,한전주,02-901-5863,서울특별시 강북구청,2025-08-12
2005-01-11,1,서울특별시 강북구 삼양로29길 29,,37.61903497,127.019306,2000,전용주,02-901-5863,서울특별시 강북구청,2025-08-12
2005-01-10,1,서울특별시 강북구 삼양로29길 25,,37.61919645,127.0196776,2000,,02-901-5863,서울특별시 강북구청,2025-08-12
2005-01-09,1,서울특별시 강북구 삼양로29길 25,,37.61919645,127.0196776,2000,,02-901-5863,서울특별시 강북구청,2025-08-12
2005-01-08,1,서울특별시 강북구 삼양로27길 20,,37.61900059,127.0201447,2000,전용주,02-901-5863,서울특별시 강북구청,2025-08-12
2005-01-07,1,서울특별시 강북구 삼양로27길 20,,37.61900059,127.0201447,2000,전용주,02-901-5863,서울특별시 강북구청,2025-08-12
2005-01-06,2,서울특별시 강북구 삼양로29길 11,,37.61897238,127.0204509,2000,한전주,02-901-5863,서울특별시 강북구청,2025-08-12
2005-01-05,1,서울특별시 강북구 삼양로29길 10,,37.61915416,127.0206411,2000,전용주,02-901-5863,서울특별시 강북구청,2025-08-12
2005-01-04,1,서울특별시 강북구 삼양로29길 12,,37.61907177,127.0204836,2000,전용주,02-901-5863,서울특별시 강북구청,2025-08-12
2005-01-03,1,서울특별시 강북구 삼양로29길 12,,37.61907177,127.0204836,2000,,02-901-5863,서울특별시 강북구청,2025-08-12
2005-01-02,1,서울특별시 강북구 삼양로29길 11,,37.61897238,127.0204509,2000,한전주,02-901-5863,서울특별시 강북구청,2025-08-12
2005-01-01,1,서울특별시 강북구 삼양로 171,,37.61901274,127.0209714,2000,,02-901-5863,서울특별시 강북구청,2025-08-12
2004-12-31,1,서울특별시 강북구 숭인로7나길 19,,37.61421787,127.025201,2000,한전주,02-901-5863,서울특별시 강북구청,2025-08-12
2004-12-30,1,서울특별시 강북구 삼양로20길 40,,37.61465151,127.0244405,2000,한전주,02-901-5863,서울특별시 강북구청,2025-08-12
2004-12-29,1,서울특별시 강북구 삼양로20길 46,,37.61479218,127.0247791,2000,,02-901-5863,서울특별시 강북구청,2025-08-12
2004-12-28,1,서울특별시 강북구 삼양로20길 46,,37.61479218,127.0247791,2000,한전주,02-901-5863,서울특별시 강북구청,2025-08-12
2004-12-27,1,서울특별시 강북구 삼양로20길 46,,37.61471969,127.0247791,2000,,02-901-5863,서울특별시 강북구청,2025-08-12
2004-12-26,1,서울특별시 강북구 삼양로20길 46,,37.6147913,127.0247759,2000,한전주,02-901-5863,서울특별시 강북구청,2025-08-12
2004-12-25,2,서울특별시 강북구 숭인로7나길 23,,37.61456014,127.0251527,2000,전용주,02-901-5863,서울특별시 강북구청,2025-08-12
2004-12-24,1,서울특별시 강북구 삼양로20길 56,,37.61501108,127.0252035,2000,,02-901-5863,서울특별시 강북구청,2025-08-12
2004-12-23,1,서울특별시 강북구 도봉로13길 83,,37.61511466,127.0257458,2000,,02-901-5863,서울특별시 강북구청,2025-08-12
2004-12-22,1,서울특별시 강북구 도봉로13길 81,,37.61520606,127.0258987,2000,한전주,02-901-5863,서울특별시 강북구청,2025-08-12
2004-12-21,1,서울특별시 강북구 도봉로13길 79,,37.61523843,127.0260788,2000,한전주,02-901-5863,서울특별시 강북구청,2025-08-12
2004-12-20,1,서울특별시 강북구 도봉로13길 79,,37.61523843,127.0260788,2000,,02-901-5863,서울특별시 강북구청,2025-08-12
2004-12-19,1,서울특별시 강북구 도봉로13길 73,,37.61523369,127.0263181,2000,,02-901-5863,서울특별시 강북구청,2025-08-12
2004-12-18,1,서울특별시 강북구 도봉로13길 73,,37.61523369,127.0263181,2000,,02-901-5863,서울특별시 강북구청,2025-08-12
2004-12-17,1,서울특별시 강북구 도봉로13길 73,,37.61523369,127.0263181,2000,한전주,02-901-5863,서울특별시 강북구청,2025-08-12
2004-12-16,1,서울특별시 강북구 도봉로13길 73,,37.61523655,127.0263219,2000,한전주,02-901-5863,서울특별시 강북구청,2025-08-12
2004-12-15,1,서울특별시 강북구 도봉로13길 65,,37.61499386,127.0266888,2000,,02-901-5863,서울특별시 강북구청,2025-08-12
2004-12-14,1,서울특별시 강북구 도봉로13길 65,,37.61499386,127.0266466,2000,,02-901-5863,서울특별시 강북구청,2025-08-12
2004-12-13,1,서울특별시 강북구 도봉로13길 49,,37.61507908,127.0275012,2000,,02-901-5863,서울특별시 강북구청,2025-08-12
2004-12-12,1,서울특별시 강북구 도봉로13길 55,,37.6149923,127.0272992,2000,한전주,02-901-5863,서울특별시 강북구청,2025-08-12
2004-12-11,1,서울특별시 강북구 도봉로13길 43,,37.61509432,127.0278407,2000,,02-901-5863,서울특별시 강북구청,2025-08-12
2004-12-10,1,서울특별시 강북구 도봉로13길 43,,37.61509432,127.0278407,2000,,02-901-5863,서울특별시 강북구청,2025-08-12
2004-12-09,1,서울특별시 강북구 도봉로13길 43,,37.61509588,127.0278416,2000,한전주,02-901-5863,서울특별시 강북구청,2025-08-12
2004-12-08,1,서울특별시 강북구 도봉로13길 37,,37.61507954,127.0282657,2000,한전주,02-901-5863,서울특별시 강북구청,2025-08-12
2004-12-07,1,서울특별시 강북구 도봉로13길 39,,37.61510619,127.0279975,2000,,02-901-5863,서울특별시 강북구청,2025-08-12
2004-12-06,1,서울특별시 강북구 도봉로13길 39,,37.61510619,127.0279975,2000,한전주,02-901-5863,서울특별시 강북구청,2025-08-12
2004-12-05,2,서울특별시 강북구 도봉로13길 37,,37.61508094,127.0282156,2000,한전주,02-901-5863,서울특별시 강북구청,2025-08-12
2004-12-04,1,서울특별시 강북구 도봉로13길 31,,37.61508577,127.0285588,2000,전용주,02-901-5863,서울특별시 강북구청,2025-08-12
2004-12-03,1,서울특별시 강북구 도봉로13길 31,,37.61508373,127.0285553,2000,,02-901-5863,서울특별시 강북구청,2025-08-12
2004-12-02,1,서울특별시 강북구 도봉로13길 29,,37.61507584,127.0286914,2000,,02-901-5863,서울특별시 강북구청,2025-08-12
2004-12-01,1,서울특별시 강북구 도봉로13길 27,,37.61490475,127.0287049,2000,,02-901-5863,서울특별시 강북구청,2025-08-12
2004-11-26,1,서울특별시 강북구 삼양로20길 23,,37.61455339,127.0235857,2000,,02-901-5863,서울특별시 강북구청,2025-08-12
2004-11-25,1,서울특별시 강북구 삼양로20길 23,,37.61455339,127.0235857,2000,한전주,02-901-5863,서울특별시 강북구청,2025-08-12
2004-11-24,1,서울특별시 강북구 삼양로20길 23,,37.61455339,127.0235857,2000,,02-901-5863,서울특별시 강북구청,2025-08-12
2004-11-23,1,서울특별시 강북구 삼양로20길 23,,37.61455339,127.0235857,2000,한전주,02-901-5863,서울특별시 강북구청,2025-08-12
2004-11-22,1,서울특별시 강북구 삼양로20길 23,,37.61455339,127.0235857,2000,한전주,02-901-5863,서울특별시 강북구청,2025-08-12
2004-11-21,1,서울특별시 강북구 삼양로20길 19,,37.61447983,127.023335,2000,,02-901-5863,서울특별시 강북구청,2025-08-12
2004-11-20,1,서울특별시 강북구 삼양로20길 19,,37.61447983,127.023335,2000,한전주,02-901-5863,서울특별시 강북구청,2025-08-12
2004-11-19,1,서울특별시 강북구 삼양로20길 19,,37.61447983,127.023335,2000,,02-901-5863,서울특별시 강북구청,2025-08-12
2004-11-18,1,서울특별시 강북구 삼양로20길 19,,37.61447983,127.023335,2000,한전주,02-901-5863,서울특별시 강북구청,2025-08-12
2004-11-17,1,서울특별시 강북구 삼양로20길 19,,37.61447983,127.023335,2000,,02-901-5863,서울특별시 강북구청,2025-08-12
2004-11-16,1,서울특별시 강북구 삼양로20길 27,,37.61458449,127.0237365,2000,한전주,02-901-5863,서울특별시 강북구청,2025-08-12
2004-11-15,1,서울특별시 강북구 삼양로20길 19,,37.61448202,127.0233301,2000,한전주,02-901-5863,서울특별시 강북구청,2025-08-12
2004-11-14,2,서울특별시 강북구 삼양로20길 13,,37.61444364,127.0230474,2000,한전주,02-901-5863,서울특별시 강북구청,2025-08-12
2004-11-13,1,서울특별시 강북구 삼양로20길 3,,37.6145831,127.0224793,2000,,02-901-5863,서울특별시 강북구청,2025-08-12
2004-11-12,1,서울특별시 강북구 삼양로20길 9,,37.61444598,127.0227345,2000,한전주,02-901-5863,서울특별시 강북구청,2025-08-12
2004-11-11,1,서울특별시 강북구 삼양로20길 9,,37.61444598,127.0227847,2000,한전주,02-901-5863,서울특별시 강북구청,2025-08-12
2004-11-10,1,서울특별시 강북구 삼양로20길 13,,37.61444583,127.0230216,2000,,02-901-5863,서울특별시 강북구청,2025-08-12
2004-11-09,1,서울특별시 강북구 삼양로20길 13,,37.61444583,127.0230512,2000,한전주,02-901-5863,서울특별시 강북구청,2025-08-12
2004-11-08,1,서울특별시 강북구 삼양로22길 4,,37.61500627,127.0224398,2000,,02-901-5863,서울특별시 강북구청,2025-08-12
2004-11-07,1,서울특별시 강북구 삼양로20길 13,,37.61444583,127.0230512,2000,한전주,02-901-5863,서울특별시 강북구청,2025-08-12
2004-11-06,1,서울특별시 강북구 삼양로22길 5,,37.61515098,127.0225058,2000,,02-901-5863,서울특별시 강북구청,2025-08-12
2004-11-05,1,서울특별시 강북구 삼양로22길 9,,37.61529522,127.0225153,2000,,02-901-5863,서울특별시 강북구청,2025-08-12
2004-11-04,1,서울특별시 강북구 삼양로22길 9,,37.6152916,127.0225713,2000,,02-901-5863,서울특별시 강북구청,2025-08-12
2004-11-03,1,서울특별시 강북구 삼양로22길 15,,37.61546612,127.0224791,2000,,02-901-5863,서울특별시 강북구청,2025-08-12
2004-11-02,1,서울특별시 강북구 삼양로22길 19,,37.61564696,127.022556,2000,,02-901-5863,서울특별시 강북구청,2025-08-12
2004-11-01,1,서울특별시 강북구 삼양로22길 19,,37.61564696,127.022556,2000,한전주,02-901-5863,서울특별시 강북구청,2025-08-12
2004-10-23,1,서울특별시 강북구 솔샘로64나길 65,,37.61620035,127.0241006,2000,한전주,02-901-5863,서울특별시 강북구청,2025-08-12
2004-10-22,1,서울특별시 강북구 삼양로20나길 6,,37.61530377,127.0251404,2000,,02-901-5863,서울특별시 강북구청,2025-08-12
2004-10-21,1,서울특별시 강북구 솔샘로64다길 62,,37.61572977,127.0249449,2000,,02-901-5863,서울특별시 강북구청,2025-08-12
2004-10-20,1,서울특별시 강북구 솔샘로64다길 57,,37.6155642,127.0253687,2000,,02-901-5863,서울특별시 강북구청,2025-08-12
2004-10-19,1,서울특별시 강북구 솔샘로64다길 60,,37.61566895,127.0252176,2000,한전주,02-901-5863,서울특별시 강북구청,2025-08-12
2004-10-18,1,서울특별시 강북구 도봉로13길 88,,37.6152928,127.0255115,2000,한전주,02-901-5863,서울특별시 강북구청,2025-08-12
2004-10-17,2,서울특별시 강북구 도봉로13길 94,,37.61517371,127.025258,2000,한전주,02-901-5863,서울특별시 강북구청,2025-08-12
2004-10-16,1,서울특별시 강북구 삼양로20나길 12,,37.61553955,127.0248228,2000,한전주,02-901-5863,서울특별시 강북구청,2025-08-12
2004-10-15,1,서울특별시 강북구 삼양로20나길 20,,37.61614103,127.0245544,2000,,02-901-5863,서울특별시 강북구청,2025-08-12
2004-10-14,1,서울특별시 강북구 삼양로20나길 22,,37.61591532,127.0245007,2000,한전주,02-901-5863,서울특별시 강북구청,2025-08-12
2004-10-13,1,서울특별시 강북구 삼양로20나길 18,,37.61572814,127.0247143,2000,,02-901-5863,서울특별시 강북구청,2025-08-12
2004-10-12,1,서울특별시 강북구 삼양로20나길 18,,37.61572814,127.0247143,2000,한전주,02-901-5863,서울특별시 강북구청,2025-08-12
2004-10-11,1,서울특별시 강북구 삼양로20나길 18,,37.61572814,127.0247143,2000,한전주,02-901-5863,서울특별시 강북구청,2025-08-12
2004-10-10,1,서울특별시 강북구 삼양로20나길 18,,37.61572814,127.0247143,2000,한전주,02-901-5863,서울특별시 강북구청,2025-08-12
2004-10-09,1,서울특별시 강북구 솔샘로64나길 37,,37.61624483,127.0256616,2000,한전주,02-901-5863,서울특별시 강북구청,2025-08-12
2004-10-08,2,서울특별시 강북구 솔샘로64나길 43,,37.61627389,127.0253683,2000,한전주,02-901-5863,서울특별시 강북구청,2025-08-12
2004-10-07,1,서울특별시 강북구 솔샘로64나길 45,,37.6162452,127.0252062,2000,한전주,02-901-5863,서울특별시 강북구청,2025-08-12
2004-10-06,2,서울특별시 강북구 솔샘로64나길 45,,37.6162357,127.0252062,2000,한전주,02-901-5863,서울특별시 강북구청,2025-08-12
2004-10-05,1,서울특별시 강북구 솔샘로64나길 53,,37.61597116,127.0247152,2000,전용주,02-901-5863,서울특별시 강북구청,2025-08-12
2004-10-04,2,서울특별시 강북구 솔샘로64나길 55,,37.61622267,127.0246213,2000,한전주,02-901-5863,서울특별시 강북구청,2025-08-12
2004-10-03,1,서울특별시 강북구 솔샘로64나길 61,,37.61622043,127.0243495,2000,한전주,02-901-5863,서울특별시 강북구청,2025-08-12
2004-10-02,1,서울특별시 강북구 솔샘로64나길 61,,37.61622822,127.0242022,2000,한전주,02-901-5863,서울특별시 강북구청,2025-08-12
2004-10-01,1,서울특별시 강북구 솔샘로64나길 65,,37.61620035,127.0241006,2000,한전주,02-901-5863,서울특별시 강북구청,2025-08-12
2004-09-25,1,서울특별시 강북구 솔샘로64나길 42,,37.61638013,127.0253637,2000,,02-901-5863,서울특별시 강북구청,2025-08-12
2004-09-24,1,서울특별시 강북구 솔샘로64나길 48,,37.61638055,127.0250874,2000,,02-901-5863,서울특별시 강북구청,2025-08-12
2004-09-23,1,서울특별시 강북구 삼양로20나길 40,,37.61633758,127.0237804,2000,,02-901-5863,서울특별시 강북구청,2025-08-12
2004-09-22,1,서울특별시 강북구 삼양로20나길 40,,37.61633758,127.0237804,2000,,02-901-5863,서울특별시 강북구청,2025-08-12
2004-09-21,1,서울특별시 강북구 삼양로20나길 40,,37.61633758,127.0237804,2000,,02-901-5863,서울특별시 강북구청,2025-08-12
2004-09-20,1,서울특별시 강북구 삼양로20나길 40,,37.61637867,127.0237804,2000,한전주,02-901-5863,서울특별시 강북구청,2025-08-12
2004-09-19,1,서울특별시 강북구 삼양로20나길 46,,37.61651664,127.023621,2000,,02-901-5863,서울특별시 강북구청,2025-08-12
2004-09-18,1,서울특별시 강북구 삼양로20나길 46,,37.61651664,127.023621,2000,,02-901-5863,서울특별시 강북구청,2025-08-12
2004-09-17,1,서울특별시 강북구 삼양로20나길 46,,37.6165949,127.023621,2000,,02-901-5863,서울특별시 강북구청,2025-08-12
2004-09-16,1,서울특별시 강북구 삼양로20나길 46,,37.61651664,127.023621,2000,한전주,02-901-5863,서울특별시 강북구청,2025-08-12
2004-09-15,1,서울특별시 강북구 삼양로20나길 46,,37.61651664,127.023621,2000,,02-901-5863,서울특별시 강북구청,2025-08-12
2004-09-14,1,서울특별시 강북구 삼양로20나길 46,,37.61651664,127.023621,2000,,02-901-5863,서울특별시 강북구청,2025-08-12
2004-09-13,1,서울특별시 강북구 삼양로20나길 46,,37.61651664,127.023621,2000,,02-901-5863,서울특별시 강북구청,2025-08-12
2004-09-12,1,서울특별시 강북구 삼양로20나길 46,,37.61651664,127.023621,2000,한전주,02-901-5863,서울특별시 강북구청,2025-08-12
2004-09-11,1,서울특별시 강북구 삼양로20나길 46,,37.61651664,127.023621,2000,,02-901-5863,서울특별시 강북구청,2025-08-12
2004-09-10,1,서울특별시 강북구 삼양로20나길 46,,37.61651664,127.023621,2000,,02-901-5863,서울특별시 강북구청,2025-08-12
2004-09-09,1,서울특별시 강북구 삼양로20나길 46,,37.61651664,127.023621,2000,,02-901-5863,서울특별시 강북구청,2025-08-12
2004-09-08,1,서울특별시 강북구 삼양로20나길 46,,37.61651664,127.023621,2000,,02-901-5863,서울특별시 강북구청,2025-08-12
2004-09-07,1,서울특별시 강북구 삼양로20나길 46,,37.61651664,127.023621,2000,한전주,02-901-5863,서울특별시 강북구청,2025-08-12
2004-09-06,1,서울특별시 강북구 삼양로20나길 40,,37.61633758,127.0237804,2000,,02-901-5863,서울특별시 강북구청,2025-08-12
2004-09-05,1,서울특별시 강북구 솔샘로64나길 42,,37.61638013,127.0253883,2000,한전주,02-901-5863,서울특별시 강북구청,2025-08-12
2004-09-04,1,서울특별시 강북구 솔샘로64나길 42,,37.61638013,127.0253502,2000,한전주,02-901-5863,서울특별시 강북구청,2025-08-12
2004-09-03,1,서울특별시 강북구 솔샘로64나길 38,,37.61639224,127.025654,2000,한전주,02-901-5863,서울특별시 강북구청,2025-08-12
2004-09-02,1,서울특별시 강북구 솔샘로64나길 38,,37.61639224,127.025654,2000,한전주,02-901-5863,서울특별시 강북구청,2025-08-12
2004-09-01,1,서울특별시 강북구 솔샘로64나길 48,,37.61638055,127.0250874,2000,한전주,02-901-5863,서울특별시 강북구청,2025-08-12
2004-08-24,1,서울특별시 강북구 솔샘로64다길 52,,37.61567757,127.0256684,2000,한전주,02-901-5863,서울특별시 강북구청,2025-08-12
2004-08-22,1,서울특별시 강북구 솔샘로64다길 48,,37.61585381,127.0257815,2000,한전주,02-901-5863,서울특별시 강북구청,2025-08-12
2004-08-21,1,서울특별시 강북구 도봉로13나길 21,,37.61602186,127.0267952,2000,전용주,02-901-5863,서울특별시 강북구청,2025-08-12
2004-08-20,2,서울특별시 강북구 솔샘로64다길 36,,37.61566844,127.026612,2000,한전주,02-901-5863,서울특별시 강북구청,2025-08-12
2004-08-19,1,서울특별시 강북구 솔샘로64다길 33,,37.61552727,127.0266126,2000,한전주,02-901-5863,서울특별시 강북구청,2025-08-12
2004-08-18,1,서울특별시 강북구 도봉로13길 78,,37.61540201,127.0262388,2000,한전주,02-901-5863,서울특별시 강북구청,2025-08-12
2004-08-17,1,서울특별시 강북구 솔샘로64다길 42,,37.61572249,127.0262476,2000,한전주,02-901-5863,서울특별시 강북구청,2025-08-12
2004-08-16,1,서울특별시 강북구 솔샘로64다길 42,,37.61571312,127.026249,2000,한전주,02-901-5863,서울특별시 강북구청,2025-08-12
2004-08-15,1,서울특별시 강북구 솔샘로64다길 42,,37.61571312,127.026249,2000,한전주,02-901-5863,서울특별시 강북구청,2025-08-12
2004-08-14,2,서울특별시 강북구 솔샘로64다길 48,,37.61568272,127.0257951,2000,한전주,02-901-5863,서울특별시 강북구청,2025-08-12
2004-08-13,1,서울특별시 강북구 솔샘로64다길 51,,37.61557368,127.0256832,2000,한전주,02-901-5863,서울특별시 강북구청,2025-08-12
2004-08-12,1,서울특별시 강북구 도봉로13길 86,,37.61532231,127.0256738,2000,전용주,02-901-5863,서울특별시 강북구청,2025-08-12
2004-08-11,1,서울특별시 강북구 도봉로13길 84,,37.61533145,127.025811,2000,한전주,02-901-5863,서울특별시 강북구청,2025-08-12
2004-08-10,2,서울특별시 강북구 도봉로13길 78,,37.61540201,127.0262405,2000,한전주,02-901-5863,서울특별시 강북구청,2025-08-12
2004-08-09,1,서울특별시 강북구 도봉로13길 74,,37.61534522,127.0263885,2000,,02-901-5863,서울특별시 강북구청,2025-08-12
2004-08-08,1,서울특별시 강북구 도봉로13길 64,,37.61515929,127.0267873,2000,한전주,02-901-5863,서울특별시 강북구청,2025-08-12
2004-08-07,2,서울특별시 강북구 도봉로13나길 13,,37.61568165,127.0267579,2000,한전주,02-901-5863,서울특별시 강북구청,2025-08-12
2004-08-06,1,서울특별시 강북구 도봉로13나길 21,,37.61602438,127.0267987,2000,한전주,02-901-5863,서울특별시 강북구청,2025-08-12
2004-08-05,2,서울특별시 강북구 솔샘로64나길 19,,37.61628453,127.0266594,2000,한전주,02-901-5863,서울특별시 강북구청,2025-08-12
2004-08-04,1,서울특별시 강북구 솔샘로64나길 23,,37.61626464,127.0264331,2000,한전주,02-901-5863,서울특별시 강북구청,2025-08-12
2004-08-03,1,서울특별시 강북구 솔샘로64나길 33,,37.61626766,127.0259482,2000,한전주,02-901-5863,서울특별시 강북구청,2025-08-12
2004-08-02,1,서울특별시 강북구 솔샘로64나길 33,,37.61628747,127.0259231,2000,한전주,02-901-5863,서울특별시 강북구청,2025-08-12
2004-08-01,2,서울특별시 강북구 솔샘로64나길 37,,37.61624028,127.0256632,2000,한전주,02-901-5863,서울특별시 강북구청,2025-08-12
2004-07-31,1,서울특별시 강북구 솔샘로64길 24,,37.6160141,127.027739,2000,한전주,02-901-5863,서울특별시 강북구청,2025-08-12
2004-07-30,1,서울특별시 강북구 솔샘로64길 24,,37.61601443,127.0277394,2000,한전주,02-901-5863,서울특별시 강북구청,2025-08-12
2004-07-29,1,서울특별시 강북구 솔샘로64길 24,,37.61601443,127.0277394,2000,한전주,02-901-5863,서울특별시 강북구청,2025-08-12
2004-07-28,1,서울특별시 강북구 도봉로13길 30,,37.61524571,127.0285306,2000,한전주,02-901-5863,서울특별시 강북구청,2025-08-12
2004-07-27,1,서울특별시 강북구 도봉로13길 58,,37.61512511,127.0270143,2000,한전주,02-901-5863,서울특별시 강북구청,2025-08-12
2004-07-26,1,서울특별시 강북구 솔샘로64다길 3,,37.61533506,127.0284388,2000,,02-901-5863,서울특별시 강북구청,2025-08-12
2004-07-25,1,서울특별시 강북구 솔샘로64다길 3,,37.61541652,127.028483,2000,전용주,02-901-5863,서울특별시 강북구청,2025-08-12
2004-07-24,1,서울특별시 강북구 솔샘로64길 38,,37.61564008,127.0282762,2000,한전주,02-901-5863,서울특별시 강북구청,2025-08-12
2004-07-23,1,서울특별시 강북구 솔샘로64다길 10,,37.6157636,127.0279575,2000,전용주,02-901-5863,서울특별시 강북구청,2025-08-12
2004-07-22,1,서울특별시 강북구 솔샘로64다길 9,,37.61536654,127.0278834,2000,,02-901-5863,서울특별시 강북구청,2025-08-12
2004-07-21,1,서울특별시 강북구 솔샘로64길 24,,37.61601443,127.0277394,2000,한전주,02-901-5863,서울특별시 강북구청,2025-08-12
2004-07-20,1,서울특별시 강북구 솔샘로64길 24,,37.61601443,127.0277651,2000,,02-901-5863,서울특별시 강북구청,2025-08-12
2004-07-19,2,서울특별시 강북구 솔샘로64길 24,,37.61601443,127.027755,2000,한전주,02-901-5863,서울특별시 강북구청,2025-08-12
2004-07-18,1,서울특별시 강북구 솔샘로64다길 15,,37.61537433,127.027736,2000,,02-901-5863,서울특별시 강북구청,2025-08-12
2004-07-17,1,서울특별시 강북구 솔샘로64다길 21,,37.61528859,127.0271708,2000,,02-901-5863,서울특별시 강북구청,2025-08-12
2004-07-16,2,서울특별시 강북구 솔샘로64다길 22,,37.6156329,127.0274042,2000,한전주,02-901-5863,서울특별시 강북구청,2025-08-12
2004-07-15,1,서울특별시 강북구 도봉로13나길 6,,37.6153862,127.0269883,2000,한전주,02-901-5863,서울특별시 강북구청,2025-08-12
2004-07-14,1,서울특별시 강북구 도봉로13나길 18,,37.61585544,127.0270728,2000,,02-901-5863,서울특별시 강북구청,2025-08-12
2004-07-13,1,서울특별시 강북구 도봉로13나길 20,,37.61591804,127.0270153,2000,,02-901-5863,서울특별시 강북구청,2025-08-12
2004-07-12,1,서울특별시 강북구 도봉로13나길 24,,37.61611101,127.0269986,2000,,02-901-5863,서울특별시 강북구청,2025-08-12
2004-07-11,1,서울특별시 강북구 솔샘로64나길 3,,37.61632503,127.0276023,2000,한전주,02-901-5863,서울특별시 강북구청,2025-08-12
2004-07-10,1,서울특별시 강북구 솔샘로64나길 3,,37.61632503,127.0276023,2000,,02-901-5863,서울특별시 강북구청,2025-08-12
2004-07-09,1,서울특별시 강북구 솔샘로64나길 3,,37.61632503,127.0276023,2000,한전주,02-901-5863,서울특별시 강북구청,2025-08-12
2004-07-08,1,서울특별시 강북구 솔샘로64나길 4,,37.61648025,127.0274498,2000,,02-901-5863,서울특별시 강북구청,2025-08-12
2004-07-07,2,서울특별시 강북구 솔샘로64나길 3,,37.61632831,127.0276023,2000,한전주,02-901-5863,서울특별시 강북구청,2025-08-12
2004-07-06,1,서울특별시 강북구 솔샘로64나길 9,,37.6162982,127.0272256,2000,,02-901-5863,서울특별시 강북구청,2025-08-12
2004-07-05,1,서울특별시 강북구 솔샘로64나길 10,,37.61641593,127.0272544,2000,전용주,02-901-5863,서울특별시 강북구청,2025-08-12
2004-07-04,1,서울특별시 강북구 솔샘로64나길 10,,37.61641439,127.0272866,2000,,02-901-5863,서울특별시 강북구청,2025-08-12
2004-07-03,1,서울특별시 강북구 솔샘로64나길 14,,37.61640436,127.0269863,2000,,02-901-5863,서울특별시 강북구청,2025-08-12
2004-07-02,1,서울특별시 강북구 솔샘로64가길 5,,37.61673864,127.0270953,2000,전용주,02-901-5863,서울특별시 강북구청,2025-08-12
2004-07-01,1,서울특별시 강북구 솔샘로64길 8,,37.61679503,127.0273777,2000,한전주,02-901-5863,서울특별시 강북구청,2025-08-12
2004-06-29,1,서울특별시 강북구 솔샘로68길 36,,37.6155004,127.0288218,2000,한전주,02-901-5863,서울특별시 강북구청,2025-08-12
2004-06-28,1,서울특별시 강북구 솔샘로68길 30,,37.61578006,127.0288634,2000,한전주,02-901-5863,서울특별시 강북구청,2025-08-12
2004-06-27,1,서울특별시 강북구 솔샘로68길 20,,37.61616728,127.0288358,2000,한전주,02-901-5863,서울특별시 강북구청,2025-08-12
2004-06-26,1,서울특별시 강북구 솔샘로68길 16,,37.61639261,127.0288442,2000,한전주,02-901-5863,서울특별시 강북구청,2025-08-12
2004-06-25,1,서울특별시 강북구 도봉로15길 25,,37.61648743,127.0283219,2000,,02-901-5863,서울특별시 강북구청,2025-08-12
2004-06-24,1,서울특별시 강북구 솔샘로64길 19,,37.61642965,127.0278695,2000,한전주,02-901-5863,서울특별시 강북구청,2025-08-12
2004-06-23,1,서울특별시 강북구 솔샘로64길 15,,37.61651906,127.0277897,2000,,02-901-5863,서울특별시 강북구청,2025-08-12
2004-06-22,1,서울특별시 강북구 솔샘로64길 15,,37.61651906,127.0277897,2000,,02-901-5863,서울특별시 강북구청,2025-08-12
2004-06-21,1,서울특별시 강북구 솔샘로64길 15,,37.61651906,127.0277897,2000,전용주,02-901-5863,서울특별시 강북구청,2025-08-12
2004-06-20,1,서울특별시 강북구 솔샘로64길 23,,37.61627751,127.0279961,2000,,02-901-5863,서울특별시 강북구청,2025-08-12
2004-06-19,1,서울특별시 강북구 솔샘로68길 18,,37.61629879,127.0288313,2000,,02-901-5863,서울특별시 강북구청,2025-08-12
2004-06-18,1,서울특별시 강북구 도봉로15길 17,,37.61641861,127.0287192,2000,,02-901-5863,서울특별시 강북구청,2025-08-12
2004-06-17,1,서울특별시 강북구 솔샘로68길 18,,37.61624576,127.0288313,2000,한전주,02-901-5863,서울특별시 강북구청,2025-08-12
2004-06-16,1,서울특별시 강북구 솔샘로68길 18,,37.61629879,127.0288313,2000,,02-901-5863,서울특별시 강북구청,2025-08-12
2004-06-14,1,서울특별시 강북구 솔샘로68길 18,,37.61625244,127.0288313,2000,,02-901-5863,서울특별시 강북구청,2025-08-12
2004-06-13,1,서울특별시 강북구 솔샘로68길 22,,37.61605436,127.0288192,2000,,02-901-5863,서울특별시 강북구청,2025-08-12
2004-06-12,1,서울특별시 강북구 솔샘로68길 22,,37.61601282,127.0288192,2000,한전주,02-901-5863,서울특별시 강북구청,2025-08-12
2004-06-11,1,서울특별시 강북구 솔샘로68길 22,,37.61605436,127.0288192,2000,,02-901-5863,서울특별시 강북구청,2025-08-12
2004-06-10,1,서울특별시 강북구 솔샘로64길 39,,37.61567826,127.0285363,2000,,02-901-5863,서울특별시 강북구청,2025-08-12
2004-06-09,1,서울특별시 강북구 도봉로 67,,37.61511795,127.0295815,2000,한전주,02-901-5863,서울특별시 강북구청,2025-08-12
2004-06-08,1,서울특별시 강북구 도봉로 63,,37.6147777,127.029692,2000,한전주,02-901-5863,서울특별시 강북구청,2025-08-12
2004-06-07,1,서울특별시 강북구 솔샘로68길 35,,37.61540436,127.029084,2000,,02-901-5863,서울특별시 강북구청,2025-08-12
2004-06-06,1,서울특별시 강북구 솔샘로68길 33,,37.61563362,127.0290901,2000,,02-901-5863,서울특별시 강북구청,2025-08-12
2004-06-05,1,서울특별시 강북구 도봉로15길 5,,37.61634047,127.0293646,2000,한전주,02-901-5863,서울특별시 강북구청,2025-08-12
2004-06-04,1,서울특별시 강북구 도봉로15길 5,,37.61634047,127.0293263,2000,,02-901-5863,서울특별시 강북구청,2025-08-12
2004-06-03,1,서울특별시 강북구 도봉로15길 5,,37.61634047,127.0293646,2000,,02-901-5863,서울특별시 강북구청,2025-08-12
2004-06-02,1,서울특별시 강북구 도봉로15길 5,,37.61634047,127.0293646,2000,한전주,02-901-5863,서울특별시 강북구청,2025-08-12
2004-06-01,1,서울특별시 강북구 솔샘로 334,,37.61699858,127.0292115,2000,,02-901-5863,서울특별시 강북구청,2025-08-12
2004-05-22,1,서울특별시 강북구 솔샘로64나길 38,,37.61639224,127.0256563,2000,한전주,02-901-5863,서울특별시 강북구청,2025-08-12
2004-05-21,1,서울특별시 강북구 솔샘로64나길 32,,37.61638759,127.0259064,2000,한전주,02-901-5863,서울특별시 강북구청,2025-08-12
2004-05-20,1,서울특별시 강북구 솔샘로64나길 32,,37.61638759,127.0259071,2000,한전주,02-901-5863,서울특별시 강북구청,2025-08-12
2004-05-19,1,서울특별시 강북구 솔샘로64나길 28,,37.61647863,127.0261585,2000,,02-901-5863,서울특별시 강북구청,2025-08-12
2004-05-18,1,서울특별시 강북구 솔샘로64나길 28,,37.61639745,127.0261482,2000,한전주,02-901-5863,서울특별시 강북구청,2025-08-12
2004-05-17,1,서울특별시 강북구 솔샘로64나길 24,,37.61655267,127.0263954,2000,전용주,02-901-5863,서울특별시 강북구청,2025-08-12
2004-05-16,1,서울특별시 강북구 솔샘로64나길 24,,37.6163905,127.0263975,2000,한전주,02-901-5863,서울특별시 강북구청,2025-08-12
2004-05-15,1,서울특별시 강북구 솔샘로64나길 20,,37.61640183,127.0266783,2000,,02-901-5863,서울특별시 강북구청,2025-08-12
2004-05-14,1,서울특별시 강북구 솔샘로64나길 20,,37.61640175,127.0266692,2000,,02-901-5863,서울특별시 강북구청,2025-08-12
2004-05-13,1,서울특별시 강북구 도봉로13나길 31,,37.61649296,127.0267888,2000,,02-901-5863,서울특별시 강북구청,2025-08-12
2004-05-12,2,서울특별시 강북구 솔샘로64가길 11,,37.61665513,127.0268018,2000,한전주,02-901-5863,서울특별시 강북구청,2025-08-12
2004-05-11,2,서울특별시 강북구 솔샘로60가길 34,,37.61707341,127.0267429,2000,,02-901-5863,서울특별시 강북구청,2025-08-12
2004-05-10,1,서울특별시 강북구 솔샘로60가길 34,,37.61707341,127.0267415,2000,,02-901-5863,서울특별시 강북구청,2025-08-12
2004-05-09,1,서울특별시 강북구 솔샘로64가길 16,,37.61677215,127.0266519,2000,,02-901-5863,서울특별시 강북구청,2025-08-12
2004-05-08,1,서울특별시 강북구 솔샘로64가길 17,,37.61670639,127.0264614,2000,한전주,02-901-5863,서울특별시 강북구청,2025-08-12
2004-05-07,1,서울특별시 강북구 솔샘로64가길 20,,37.61685166,127.0264242,2000,,02-901-5863,서울특별시 강북구청,2025-08-12
2004-05-06,1,서울특별시 강북구 솔샘로64가길 24,,37.61693951,127.0263224,2000,한전주,02-901-5863,서울특별시 강북구청,2025-08-12
2004-05-05,1,서울특별시 강북구 솔샘로60가길 30,,37.6171851,127.0266024,2000,한전주,02-901-5863,서울특별시 강북구청,2025-08-12
2004-05-04,1,서울특별시 강북구 솔샘로60가길 29,,37.61726702,127.0267033,2000,한전주,02-901-5863,서울특별시 강북구청,2025-08-12
2004-05-03,1,서울특별시 강북구 솔샘로60가길 38,,37.61703576,127.0270687,2000,한전주,02-901-5863,서울특별시 강북구청,2025-08-12
2004-05-02,1,서울특별시 강북구 솔샘로60가길 38,,37.61703576,127.0270687,2000,,02-901-5863,서울특별시 강북구청,2025-08-12
2004-05-01,1,서울특별시 강북구 솔샘로 318,,37.61711778,127.027181,2000,한전주,02-901-5863,서울특별시 강북구청,2025-08-12
2004-04-30,1,서울특별시 강북구 솔샘로60길 13,,37.61769336,127.0248627,2000,한전주,02-901-5863,서울특별시 강북구청,2025-08-12
2004-04-29,1,서울특별시 강북구 솔샘로60길 8,,37.61798128,127.0249975,2000,,02-901-5863,서울특별시 강북구청,2025-08-12
2004-04-28,1,서울특별시 강북구 솔샘로60길 8,,37.61798128,127.0249975,2000,한전주,02-901-5863,서울특별시 강북구청,2025-08-12
2004-04-27,1,서울특별시 강북구 솔샘로60길 5,,37.61784355,127.0252353,2000,,02-901-5863,서울특별시 강북구청,2025-08-12
2004-04-25,1,서울특별시 강북구 솔샘로64나길 42,,37.61638013,127.0253734,2000,,02-901-5863,서울특별시 강북구청,2025-08-12
2004-04-24,1,서울특별시 강북구 솔샘로64가길 36,,37.61703255,127.0255849,2000,,02-901-5863,서울특별시 강북구청,2025-08-12
2004-04-23,1,서울특별시 강북구 솔샘로60나길 12,,37.61731253,127.0255839,2000,,02-901-5863,서울특별시 강북구청,2025-08-12
2004-04-22,1,서울특별시 강북구 솔샘로60나길 12,,37.61731165,127.0255586,2000,한전주,02-901-5863,서울특별시 강북구청,2025-08-12
2004-04-21,1,서울특별시 강북구 솔샘로60나길 10,,37.61740683,127.0255066,2000,,02-901-5863,서울특별시 강북구청,2025-08-12
2004-04-20,1,서울특별시 강북구 솔샘로60나길 10,,37.61748652,127.0255066,2000,,02-901-5863,서울특별시 강북구청,2025-08-12
2004-04-19,1,서울특별시 강북구 솔샘로60나길 9,,37.61748404,127.0256998,2000,,02-901-5863,서울특별시 강북구청,2025-08-12
2004-04-18,1,서울특별시 강북구 솔샘로60나길 12,,37.61731165,127.0255586,2000,한전주,02-901-5863,서울특별시 강북구청,2025-08-12
2004-04-17,1,서울특별시 강북구 솔샘로60나길 14,,37.61725815,127.0256273,2000,,02-901-5863,서울특별시 강북구청,2025-08-12
2004-04-16,1,서울특별시 강북구 솔샘로60나길 19,,37.61722436,127.0259009,2000,,02-901-5863,서울특별시 강북구청,2025-08-12
2004-04-15,1,서울특별시 강북구 솔샘로60가길 32,,37.61703903,127.0265872,2000,한전주,02-901-5863,서울특별시 강북구청,2025-08-12
2004-04-14,1,서울특별시 강북구 솔샘로64가길 30,,37.61701714,127.0259023,2000,한전주,02-901-5863,서울특별시 강북구청,2025-08-12
2004-04-13,1,서울특별시 강북구 솔샘로60가길 24,,37.61734447,127.0262605,2000,,02-901-5863,서울특별시 강북구청,2025-08-12
2004-04-12,1,서울특별시 강북구 솔샘로60가길 28,,37.6172917,127.0264242,2000,,02-901-5863,서울특별시 강북구청,2025-08-12
2004-04-11,1,서울특별시 강북구 솔샘로60가길 28,,37.6172917,127.0264242,2000,한전주,02-901-5863,서울특별시 강북구청,2025-08-12
2004-04-10,1,서울특별시 강북구 솔샘로60가길 28,,37.6172917,127.026431,2000,한전주,02-901-5863,서울특별시 강북구청,2025-08-12
2004-04-09,2,서울특별시 강북구 솔샘로60가길 24,,37.61734447,127.0262605,2000,한전주,02-901-5863,서울특별시 강북구청,2025-08-12
2004-04-08,1,서울특별시 강북구 솔샘로60나길 4,,37.61768113,127.0255651,2000,한전주,02-901-5863,서울특별시 강북구청,2025-08-12
2004-04-07,1,서울특별시 강북구 솔샘로60가길 4,,37.61783298,127.0254046,2000,,02-901-5863,서울특별시 강북구청,2025-08-12
2004-04-06,1,서울특별시 강북구 솔샘로60가길 4,,37.61783298,127.0254046,2000,,02-901-5863,서울특별시 강북구청,2025-08-12
2004-04-05,1,서울특별시 강북구 솔샘로60가길 4,,37.61783298,127.0254046,2000,,02-901-5863,서울특별시 강북구청,2025-08-12
2004-04-04,1,서울특별시 강북구 솔샘로60가길 14,,37.61764799,127.0259167,2000,한전주,02-901-5863,서울특별시 강북구청,2025-08-12
2004-04-03,1,서울특별시 강북구 솔샘로60가길 12,,37.61769201,127.0257915,2000,한전주,02-901-5863,서울특별시 강북구청,2025-08-12
2004-04-02,1,서울특별시 강북구 솔샘로60가길 4,,37.61783298,127.0254046,2000,,02-901-5863,서울특별시 강북구청,2025-08-12
2004-04-01,1,서울특별시 강북구 솔샘로 298,,37.61799524,127.0254138,2000,,02-901-5863,서울특별시 강북구청,2025-08-12
2004-03-31,1,서울특별시 강북구 솔샘로60길 29,,37.61737843,127.0240565,2000,한전주,02-901-5863,서울특별시 강북구청,2025-08-12
2004-03-30,2,서울특별시 강북구 솔샘로60길 31,,37.61732503,127.0239047,2000,한전주,02-901-5863,서울특별시 강북구청,2025-08-12
2004-03-29,1,서울특별시 강북구 솔샘로60길 33,,37.61728806,127.0237919,2000,한전주,02-901-5863,서울특별시 강북구청,2025-08-12
2004-03-28,1,서울특별시 강북구 솔샘로60길 33,,37.61728469,127.0237966,2000,,02-901-5863,서울특별시 강북구청,2025-08-12
2004-03-27,1,서울특별시 강북구 솔샘로60길 33,,37.61728469,127.0237736,2000,한전주,02-901-5863,서울특별시 강북구청,2025-08-12
2004-03-26,1,서울특별시 강북구 솔샘로60길 37,,37.61719122,127.0235349,2000,,02-901-5863,서울특별시 강북구청,2025-08-12
2004-03-25,1,서울특별시 강북구 솔샘로60길 37,,37.61719122,127.0235349,2000,,02-901-5863,서울특별시 강북구청,2025-08-12
2004-03-24,1,서울특별시 강북구 솔샘로60길 37,,37.6171868,127.0235327,2000,한전주,02-901-5863,서울특별시 강북구청,2025-08-12
2004-03-23,1,서울특별시 강북구 솔샘로60길 41,,37.61710356,127.0233786,2000,한전주,02-901-5863,서울특별시 강북구청,2025-08-12
2004-03-22,1,서울특별시 강북구 솔샘로60길 41,,37.61713629,127.0233197,2000,,02-901-5863,서울특별시 강북구청,2025-08-12
2004-03-21,1,서울특별시 강북구 솔샘로60길 41,,37.61713629,127.0233787,2000,,02-901-5863,서울특별시 강북구청,2025-08-12
2004-03-20,1,서울특별시 강북구 솔샘로60길 47,,37.61689494,127.023106,2000,한전주,02-901-5863,서울특별시 강북구청,2025-08-12
2004-03-19,1,서울특별시 강북구 삼양로20나길 55,,37.61668522,127.0231082,2000,,02-901-5863,서울특별시 강북구청,2025-08-12
2004-03-18,1,서울특별시 강북구 솔샘로60길 49,,37.61701967,127.0229345,2000,한전주,02-901-5863,서울특별시 강북구청,2025-08-12
2004-03-17,1,서울특별시 강북구 솔샘로60길 53,,37.61691851,127.0226866,2000,한전주,02-901-5863,서울특별시 강북구청,2025-08-12
2004-03-16,1,서울특별시 강북구 삼양로22길 23,,37.6159147,127.0226178,2000,,02-901-5863,서울특별시 강북구청,2025-08-12
2004-03-15,1,서울특별시 강북구 삼양로22길 23,,37.6159147,127.0226178,2000,,02-901-5863,서울특별시 강북구청,2025-08-12
2004-03-14,1,서울특별시 강북구 삼양로22길 35,,37.61633512,127.0230156,2000,전용주,02-901-5863,서울특별시 강북구청,2025-08-12
2004-03-13,1,서울특별시 강북구 삼양로22길 23,,37.6159147,127.0226178,2000,,02-901-5863,서울특별시 강북구청,2025-08-12
2004-03-12,2,서울특별시 강북구 삼양로22길 23,,37.6159147,127.0226178,2000,한전주,02-901-5863,서울특별시 강북구청,2025-08-12
2004-03-11,1,서울특별시 강북구 삼양로22길 23,,37.6159147,127.0226178,2000,한전주,02-901-5863,서울특별시 강북구청,2025-08-12
2004-03-10,1,서울특별시 강북구 삼양로22길 23,,37.61592569,127.0226178,2000,,02-901-5863,서울특별시 강북구청,2025-08-12
2004-03-09,1,서울특별시 강북구 삼양로 132,,37.6158265,127.0224743,2000,,02-901-5863,서울특별시 강북구청,2025-08-12
2004-03-08,1,서울특별시 강북구 삼양로 134,,37.61584367,127.0223722,2000,한전주,02-901-5863,서울특별시 강북구청,2025-08-12
2004-03-07,1,서울특별시 강북구 삼양로 136,,37.615960,127.0222568,2000,,02-901-5863,서울특별시 강북구청,2025-08-12
2004-03-06,1,서울특별시 강북구 삼양로24길 2,,37.61625857,127.0222732,2000,,02-901-5863,서울특별시 강북구청,2025-08-12
2004-03-05,1,서울특별시 강북구 삼양로24길 4,,37.61632472,127.0222792,2000,한전주,02-901-5863,서울특별시 강북구청,2025-08-12
2004-03-04,1,서울특별시 강북구 삼양로24길 4,,37.61632472,127.0222792,2000,,02-901-5863,서울특별시 강북구청,2025-08-12
2004-03-03,1,서울특별시 강북구 삼양로24길 10,,37.61657626,127.0223495,2000,,02-901-5863,서울특별시 강북구청,2025-08-12
2004-03-02,1,서울특별시 강북구 삼양로24길 14,,37.61669046,127.0223498,2000,,02-901-5863,서울특별시 강북구청,2025-08-12
2004-03-01,1,서울특별시 강북구 삼양로24길 18,,37.6168623,127.0224268,2000,한전주,02-901-5863,서울특별시 강북구청,2025-08-12
2004-02-29,1,서울특별시 강북구 솔샘로60길 42,,37.61733023,127.0231782,2000,한전주,02-901-5863,서울특별시 강북구청,2025-08-12
2004-02-28,1,서울특별시 강북구 솔샘로60길 38,,37.61736251,127.0234805,2000,한전주,02-901-5863,서울특별시 강북구청,2025-08-12
2004-02-27,1,서울특별시 강북구 솔샘로60길 32,,37.61745535,127.0237468,2000,한전주,02-901-5863,서울특별시 강북구청,2025-08-12
2004-02-26,1,서울특별시 강북구 솔샘로60길 32,,37.61745535,127.0237468,2000,,02-901-5863,서울특별시 강북구청,2025-08-12
2004-02-25,1,서울특별시 강북구 솔샘로60길 28,,37.61755963,127.0239966,2000,,02-901-5863,서울특별시 강북구청,2025-08-12
2004-02-24,1,서울특별시 강북구 솔샘로60길 28,,37.61755963,127.0239966,2000,,02-901-5863,서울특별시 강북구청,2025-08-12
2004-02-23,1,서울특별시 강북구 솔샘로60길 28,,37.61755963,127.0239966,2000,,02-901-5863,서울특별시 강북구청,2025-08-12
2004-02-22,1,서울특별시 강북구 솔샘로60길 28,,37.61755963,127.0239458,2000,,02-901-5863,서울특별시 강북구청,2025-08-12
2004-02-21,1,서울특별시 강북구 솔샘로 284,,37.61829767,127.0238466,2000,,02-901-5863,서울특별시 강북구청,2025-08-12
2004-02-20,1,서울특별시 강북구 삼양로24가길 11,,37.61809348,127.0231244,2000,,02-901-5863,서울특별시 강북구청,2025-08-12
2004-02-19,1,서울특별시 강북구 삼양로24가길 11,,37.61788373,127.0228213,2000,한전주,02-901-5863,서울특별시 강북구청,2025-08-12
2004-02-18,1,서울특별시 강북구 삼양로24길 48,,37.61827996,127.0227934,2000,한전주,02-901-5863,서울특별시 강북구청,2025-08-12
2004-02-17,1,서울특별시 강북구 삼양로24길 52,,37.61840637,127.0228258,2000,,02-901-5863,서울특별시 강북구청,2025-08-12
2004-02-16,1,서울특별시 강북구 삼양로24길 56,,37.6185599,127.0228691,2000,한전주,02-901-5863,서울특별시 강북구청,2025-08-12
2004-02-15,1,서울특별시 강북구 삼양로24길 52,,37.61840637,127.0228258,2000,한전주,02-901-5863,서울특별시 강북구청,2025-08-12
2004-02-14,1,서울특별시 강북구 삼양로24길 52,,37.61840707,127.022824,2000,한전주,02-901-5863,서울특별시 강북구청,2025-08-12
2004-02-13,1,서울특별시 강북구 삼양로24가길 25,,37.61820412,127.0234288,2000,,02-901-5863,서울특별시 강북구청,2025-08-12
2004-02-12,1,서울특별시 강북구 솔샘로60길 28,,37.61755963,127.0239966,2000,,02-901-5863,서울특별시 강북구청,2025-08-12
2004-02-11,1,서울특별시 강북구 삼양로24가길 25,,37.61820412,127.0234288,2000,,02-901-5863,서울특별시 강북구청,2025-08-12
2004-02-10,1,서울특별시 강북구 삼양로24가길 24,,37.61797897,127.023443,2000,한전주,02-901-5863,서울특별시 강북구청,2025-08-12
2004-02-09,1,서울특별시 강북구 삼양로24가길 16,,37.6177148,127.0230953,2000,한전주,02-901-5863,서울특별시 강북구청,2025-08-12
2004-02-08,1,서울특별시 강북구 삼양로24가길 16,,37.6177148,127.0230953,2000,,02-901-5863,서울특별시 강북구청,2025-08-12
2004-02-07,1,서울특별시 강북구 삼양로24가길 12,,37.61760612,127.0230288,2000,한전주,02-901-5863,서울특별시 강북구청,2025-08-12
2004-02-06,1,서울특별시 강북구 삼양로24가길 7,,37.61757685,127.0227573,2000,,02-901-5863,서울특별시 강북구청,2025-08-12
2004-02-05,1,서울특별시 강북구 삼양로24가길 7,,37.61757685,127.0227573,2000,,02-901-5863,서울특별시 강북구청,2025-08-12
2004-02-04,1,서울특별시 강북구 삼양로24가길 4,,37.61728761,127.0226478,2000,한전주,02-901-5863,서울특별시 강북구청,2025-08-12
2004-02-03,1,서울특별시 강북구 삼양로24가길 4,,37.61728761,127.0226478,2000,,02-901-5863,서울특별시 강북구청,2025-08-12
2004-02-02,1,서울특별시 강북구 솔샘로60길 52,,37.61708124,127.0227525,2000,,02-901-5863,서울특별시 강북구청,2025-08-12
2004-02-01,1,서울특별시 강북구 삼양로24길 22,,37.61711512,127.0224915,2000,,02-901-5863,서울특별시 강북구청,2025-08-12
2004-01-28,1,서울특별시 강북구 삼양로28길 18,,37.61827565,127.0222724,2000,,02-901-5863,서울특별시 강북구청,2025-08-12
2004-01-27,1,서울특별시 강북구 삼양로24길 57,,37.61870237,127.0226633,2000,,02-901-5863,서울특별시 강북구청,2025-08-12
2004-01-26,1,서울특별시 강북구 삼양로28길 15,,37.61846241,127.0222536,2000,한전주,02-901-5863,서울특별시 강북구청,2025-08-12
2004-01-25,1,서울특별시 강북구 삼양로30길 22,,37.6187813,127.0224017,2000,,02-901-5863,서울특별시 강북구청,2025-08-12
2004-01-24,1,서울특별시 강북구 삼양로30길 20,,37.61881659,127.0223107,2000,,02-901-5863,서울특별시 강북구청,2025-08-12
2004-01-23,1,서울특별시 강북구 삼양로30길 20,,37.61867948,127.0220746,2000,,02-901-5863,서울특별시 강북구청,2025-08-12
2004-01-22,1,서울특별시 강북구 삼양로28길 11,,37.61859802,127.021931,2000,한전주,02-901-5863,서울특별시 강북구청,2025-08-12
2004-01-21,1,서울특별시 강북구 삼양로30길 12,,37.61887525,127.0217775,2000,,02-901-5863,서울특별시 강북구청,2025-08-12
2004-01-19,1,서울특별시 강북구 삼양로28길 11,,37.61853049,127.021931,2000,한전주,02-901-5863,서울특별시 강북구청,2025-08-12
2004-01-18,1,서울특별시 강북구 삼양로30길 12,,37.61884906,127.0217819,2000,,02-901-5863,서울특별시 강북구청,2025-08-12
2004-01-17,1,서울특별시 강북구 삼양로30길 12,,37.61887884,127.0217819,2000,,02-901-5863,서울특별시 강북구청,2025-08-12
2004-01-16,1,서울특별시 강북구 솔샘로 264,,37.61907242,127.0216503,2000,한전주,02-901-5863,서울특별시 강북구청,2025-08-12
2004-01-15,1,서울특별시 강북구 삼양로30길 10,,37.61901057,127.0217984,2000,한전주,02-901-5863,서울특별시 강북구청,2025-08-12
2004-01-14,1,서울특별시 강북구 삼양로30길 5,,37.61900804,127.0214926,2000,,02-901-5863,서울특별시 강북구청,2025-08-12
2004-01-12,1,서울특별시 강북구 삼양로28길 5,,37.61864907,127.0216672,2000,한전주,02-901-5863,서울특별시 강북구청,2025-08-12
2004-01-11,1,서울특별시 강북구 삼양로28길 10,,37.61841633,127.0218515,2000,,02-901-5863,서울특별시 강북구청,2025-08-12
2004-01-10,1,서울특별시 강북구 삼양로28길 11,,37.61853411,127.0219292,2000,한전주,02-901-5863,서울특별시 강북구청,2025-08-12
2004-01-09,1,서울특별시 강북구 삼양로28길 17,,37.61839371,127.0223841,2000,한전주,02-901-5863,서울특별시 강북구청,2025-08-12
2004-01-08,1,서울특별시 강북구 삼양로28길 18,,37.61827437,127.0222625,2000,,02-901-5863,서울특별시 강북구청,2025-08-12
2004-01-07,1,서울특별시 강북구 삼양로28길 14,,37.61836658,127.0220319,2000,,02-901-5863,서울특별시 강북구청,2025-08-12
2004-01-06,1,서울특별시 강북구 삼양로28길 8,,37.61830859,127.0218982,2000,,02-901-5863,서울특별시 강북구청,2025-08-12
2004-01-05,1,서울특별시 강북구 삼양로28길 8,,37.61805689,127.0219694,2000,한전주,02-901-5863,서울특별시 강북구청,2025-08-12
2004-01-04,1,서울특별시 강북구 삼양로28길 8,,37.61805689,127.0219694,2000,,02-901-5863,서울특별시 강북구청,2025-08-12
2004-01-03,1,서울특별시 강북구 삼양로24길 37,,37.61786357,127.0224503,2000,,02-901-5863,서울특별시 강북구청,2025-08-12
2004-01-02,1,서울특별시 강북구 삼양로24길 37,,37.61786357,127.0224503,2000,한전주,02-901-5863,서울특별시 강북구청,2025-08-12
2004-01-01,1,서울특별시 강북구 삼양로24길 41,,37.61796191,127.0224691,2000,한전주,02-901-5863,서울특별시 강북구청,2025-08-12
2003-12-31,1,서울특별시 강북구 오현로10길 21,,37.61558275,127.0342456,2000,,02-901-5863,서울특별시 강북구청,2025-08-12
2003-12-30,1,서울특별시 강북구 오현로10길 17,,37.61572684,127.0342221,2000,,02-901-5863,서울특별시 강북구청,2025-08-12
2003-12-29,1,서울특별시 강북구 오현로10길 17,,37.61572684,127.0342221,2000,전용주,02-901-5863,서울특별시 강북구청,2025-08-12
2003-12-28,1,서울특별시 강북구 오현로10길 13,,37.61594318,127.0341807,2000,전용주,02-901-5863,서울특별시 강북구청,2025-08-12
2003-12-27,1,서울특별시 강북구 오현로10길 13,,37.61594318,127.0341807,2000,,02-901-5863,서울특별시 강북구청,2025-08-12
2003-12-26,1,서울특별시 강북구 오현로10길 13,,37.61594318,127.0341807,2000,,02-901-5863,서울특별시 강북구청,2025-08-12
2003-12-25,1,서울특별시 강북구 오현로10길 13,,37.61594318,127.0341807,2000,한전주,02-901-5863,서울특별시 강북구청,2025-08-12
2003-12-24,1,서울특별시 강북구 오현로10길 19,,37.61562585,127.0342345,2000,,02-901-5863,서울특별시 강북구청,2025-08-12
2003-12-23,1,서울특별시 강북구 오현로10길 13,,37.61594081,127.0341851,2000,한전주,02-901-5863,서울특별시 강북구청,2025-08-12
2003-12-22,1,서울특별시 강북구 오현로10길 8,,37.61615537,127.0339784,2000,한전주,02-901-5863,서울특별시 강북구청,2025-08-12
2003-12-21,1,서울특별시 강북구 오현로 36,,37.6164037,127.0341225,2000,전용주,02-901-5863,서울특별시 강북구청,2025-08-12
2003-12-20,1,서울특별시 강북구 오패산로 162,,37.61611767,127.033775,2000,,02-901-5863,서울특별시 강북구청,2025-08-12
2003-12-19,1,서울특별시 강북구 오패산로 158,,37.61579007,127.0336739,2000,한전주,02-901-5863,서울특별시 강북구청,2025-08-12
2003-12-18,1,서울특별시 강북구 오패산로 156,,37.61559481,127.0337204,2000,,02-901-5863,서울특별시 강북구청,2025-08-12
2003-12-17,1,서울특별시 강북구 오패산로 156,,37.61559481,127.0337204,2000,,02-901-5863,서울특별시 강북구청,2025-08-12
2003-12-16,1,서울특별시 강북구 오패산로 154,,37.61543258,127.0337386,2000,,02-901-5863,서울특별시 강북구청,2025-08-12
2003-12-15,1,서울특별시 강북구 오패산로38길 5,,37.61544381,127.0340103,2000,한전주,02-901-5863,서울특별시 강북구청,2025-08-12
2003-12-14,1,서울특별시 강북구 오현로10길 22,,37.61553363,127.0339751,2000,,02-901-5863,서울특별시 강북구청,2025-08-12
2003-12-12,1,서울특별시 강북구 오패산로38길 17,,37.61563745,127.0345515,2000,,02-901-5863,서울특별시 강북구청,2025-08-12
2003-12-11,1,서울특별시 강북구 오패산로38길 17,,37.61571854,127.0345504,2000,,02-901-5863,서울특별시 강북구청,2025-08-12
2003-12-10,1,서울특별시 강북구 오패산로38길 17,,37.61566661,127.0348116,2000,한전주,02-901-5863,서울특별시 강북구청,2025-08-12
2003-12-09,1,서울특별시 강북구 오패산로38길 17,,37.61546673,127.0346103,2000,,02-901-5863,서울특별시 강북구청,2025-08-12
2003-12-08,1,서울특별시 강북구 오패산로30길 51,,37.61548744,127.0349385,2000,,02-901-5863,서울특별시 강북구청,2025-08-12
2003-12-07,1,서울특별시 강북구 오패산로30길 53,,37.61557753,127.0349374,2000,한전주,02-901-5863,서울특별시 강북구청,2025-08-12
2003-12-06,1,서울특별시 강북구 오패산로30길 57,,37.61578493,127.0349574,2000,,02-901-5863,서울특별시 강북구청,2025-08-12
2003-12-05,1,서울특별시 강북구 오패산로30길 57,,37.61578493,127.0349574,2000,,02-901-5863,서울특별시 강북구청,2025-08-12
2003-12-04,1,서울특별시 강북구 오패산로30길 60,,37.61584994,127.0351944,2000,한전주,02-901-5863,서울특별시 강북구청,2025-08-12
2003-12-02,1,서울특별시 강북구 오패산로30길 69,,37.61627227,127.035053,2000,한전주,02-901-5863,서울특별시 강북구청,2025-08-12
2003-12-01,1,서울특별시 강북구 오패산로30길 73,,37.61646175,127.0350845,2000,,02-901-5863,서울특별시 강북구청,2025-08-12
2003-11-30,1,서울특별시 강북구 오패산로37길 6,,37.61535643,127.0332412,2000,,02-901-5863,서울특별시 강북구청,2025-08-12
2003-11-29,1,서울특별시 강북구 오현로8길 19,,37.61551637,127.0329673,2000,,02-901-5863,서울특별시 강북구청,2025-08-12
2003-11-28,1,서울특별시 강북구 오패산로 145,,37.61489007,127.0335077,2000,전용주,02-901-5863,서울특별시 강북구청,2025-08-12
2003-11-27,1,서울특별시 강북구 오패산로 155,,37.61567069,127.0333434,2000,한전주,02-901-5863,서울특별시 강북구청,2025-08-12
2003-11-26,1,서울특별시 강북구 오패산로 155,,37.61567069,127.0333434,2000,한전주,02-901-5863,서울특별시 강북구청,2025-08-12
2003-11-25,1,서울특별시 강북구 오현로8길 3,,37.61607607,127.0330959,2000,한전주,02-901-5863,서울특별시 강북구청,2025-08-12
2003-11-24,1,서울특별시 강북구 오현로8길 3,,37.61622923,127.033094,2000,,02-901-5863,서울특별시 강북구청,2025-08-12
2003-11-23,1,서울특별시 강북구 오현로 26,,37.61635332,127.0328432,2000,,02-901-5863,서울특별시 강북구청,2025-08-12
2003-11-22,1,서울특별시 강북구 오현로8길 6,,37.6161267,127.0326762,2000,한전주,02-901-5863,서울특별시 강북구청,2025-08-12
2003-11-21,1,서울특별시 강북구 오현로8길 7,,37.61611062,127.0329143,2000,,02-901-5863,서울특별시 강북구청,2025-08-12
2003-11-20,1,서울특별시 강북구 오현로8길 12,,37.61589245,127.0326792,2000,한전주,02-901-5863,서울특별시 강북구청,2025-08-12
2003-11-19,1,서울특별시 강북구 오현로8길 17,,37.61563359,127.0329771,2000,,02-901-5863,서울특별시 강북구청,2025-08-12
2003-11-18,1,서울특별시 강북구 오현로8길 19,,37.61551637,127.0329673,2000,,02-901-5863,서울특별시 강북구청,2025-08-12
2003-11-17,1,서울특별시 강북구 오현로8길 21,,37.61540495,127.0328895,2000,,02-901-5863,서울특별시 강북구청,2025-08-12
2003-11-16,1,서울특별시 강북구 오현로8길 26,,37.61559421,127.0325698,2000,,02-901-5863,서울특별시 강북구청,2025-08-12
2003-11-15,1,서울특별시 강북구 오현로8길 25,,37.61544115,127.0325831,2000,,02-901-5863,서울특별시 강북구청,2025-08-12
2003-11-14,1,서울특별시 강북구 오현로8길 21,,37.61540495,127.0328578,2000,,02-901-5863,서울특별시 강북구청,2025-08-12
2003-11-13,1,서울특별시 강북구 오패산로37길 2,,37.61544698,127.0334436,2000,,02-901-5863,서울특별시 강북구청,2025-08-12
2003-11-12,1,서울특별시 강북구 오패산로37길 4,,37.6153933,127.0333426,2000,,02-901-5863,서울특별시 강북구청,2025-08-12
2003-11-11,1,서울특별시 강북구 오패산로37길 6,,37.61538179,127.0332383,2000,한전주,02-901-5863,서울특별시 강북구청,2025-08-12
2003-11-10,1,서울특별시 강북구 오패산로37길 5,,37.61524435,127.0333008,2000,한전주,02-901-5863,서울특별시 강북구청,2025-08-12
2003-11-09,1,서울특별시 강북구 오패산로37길 11,,37.61513835,127.0330175,2000,한전주,02-901-5863,서울특별시 강북구청,2025-08-12
2003-11-08,1,서울특별시 강북구 오패산로37길 11,,37.61513479,127.0330638,2000,,02-901-5863,서울특별시 강북구청,2025-08-12
2003-11-07,1,서울특별시 강북구 오패산로37길 12,,37.61522724,127.0328691,2000,,02-901-5863,서울특별시 강북구청,2025-08-12
2003-11-06,1,서울특별시 강북구 오패산로37길 16,,37.61515671,127.0325914,2000,,02-901-5863,서울특별시 강북구청,2025-08-12
2003-11-05,1,서울특별시 강북구 오패산로37길 22,,37.61506173,127.0324634,2000,한전주,02-901-5863,서울특별시 강북구청,2025-08-12
2003-11-04,1,서울특별시 강북구 오현로6길 29,,37.61518758,127.0324278,2000,전용주,02-901-5863,서울특별시 강북구청,2025-08-12
2003-11-03,1,서울특별시 강북구 오현로6길 25,,37.61533266,127.0325392,2000,한전주,02-901-5863,서울특별시 강북구청,2025-08-12
2003-11-02,1,서울특별시 강북구 오현로6길 23,,37.6154131,127.0324589,2000,한전주,02-901-5863,서울특별시 강북구청,2025-08-12
2003-11-01,1,서울특별시 강북구 오현로6길 3,,37.61628748,127.0323832,2000,,02-901-5863,서울특별시 강북구청,2025-08-12
2003-10-30,1,서울특별시 강북구 오현로6길 20,,37.61554629,127.0322193,2000,,02-901-5863,서울특별시 강북구청,2025-08-12
2003-10-29,1,서울특별시 강북구 도봉로10라길 20,,37.6155345,127.0318796,2000,,02-901-5863,서울특별시 강북구청,2025-08-12
2003-10-28,1,서울특별시 강북구 도봉로10라길 20,,37.6155345,127.0318796,2000,,02-901-5863,서울특별시 강북구청,2025-08-12
2003-10-27,1,서울특별시 강북구 도봉로10라길 20,,37.61553217,127.0318827,2000,한전주,02-901-5863,서울특별시 강북구청,2025-08-12
2003-10-26,1,서울특별시 강북구 도봉로10라길 20,,37.61553217,127.0318744,2000,,02-901-5863,서울특별시 강북구청,2025-08-12
2003-10-25,1,서울특별시 강북구 도봉로10다길 21,,37.61490458,127.0319784,2000,한전주,02-901-5863,서울특별시 강북구청,2025-08-12
2003-10-24,1,서울특별시 강북구 도봉로10다길 19,,37.6148495,127.0318545,2000,한전주,02-901-5863,서울특별시 강북구청,2025-08-12
2003-10-23,1,서울특별시 강북구 도봉로10다길 17,,37.61477709,127.0317177,2000,,02-901-5863,서울특별시 강북구청,2025-08-12
2003-10-22,1,서울특별시 강북구 도봉로10다길 19,,37.6148495,127.0318545,2000,한전주,02-901-5863,서울특별시 강북구청,2025-08-12
2003-10-21,1,서울특별시 강북구 오패산로35길 40,,37.61528131,127.0317696,2000,,02-901-5863,서울특별시 강북구청,2025-08-12
2003-10-20,1,서울특별시 강북구 오패산로35길 46,,37.61551527,127.0317326,2000,한전주,02-901-5863,서울특별시 강북구청,2025-08-12
2003-10-19,1,서울특별시 강북구 도봉로10다길 11,,37.61462489,127.0314868,2000,한전주,02-901-5863,서울특별시 강북구청,2025-08-12
2003-10-18,1,서울특별시 강북구 도봉로10다길 11,,37.61462489,127.0314414,2000,,02-901-5863,서울특별시 강북구청,2025-08-12
2003-10-17,1,서울특별시 강북구 도봉로10다길 11,,37.61462489,127.0314652,2000,,02-901-5863,서울특별시 강북구청,2025-08-12
2003-10-16,1,서울특별시 강북구 도봉로10다길 11,,37.61462489,127.0314683,2000,한전주,02-901-5863,서울특별시 강북구청,2025-08-12
2003-10-15,1,서울특별시 강북구 도봉로10다길 11,,37.61462489,127.0314816,2000,,02-901-5863,서울특별시 강북구청,2025-08-12
2003-10-14,2,서울특별시 강북구 도봉로10다길 11,,37.61462121,127.0314837,2000,한전주,02-901-5863,서울특별시 강북구청,2025-08-12
2003-10-13,1,서울특별시 강북구 도봉로10다길 9,,37.61454792,127.0313374,2000,한전주,02-901-5863,서울특별시 강북구청,2025-08-12
2003-10-12,1,서울특별시 강북구 도봉로10다길 7,,37.61449303,127.0312361,2000,,02-901-5863,서울특별시 강북구청,2025-08-12
2003-10-11,1,서울특별시 강북구 도봉로10다길 7,,37.61449746,127.0312388,2000,,02-901-5863,서울특별시 강북구청,2025-08-12
2003-10-10,1,서울특별시 강북구 도봉로10다길 7,,37.61449746,127.0312388,2000,,02-901-5863,서울특별시 강북구청,2025-08-12
2003-10-09,1,서울특별시 강북구 도봉로10다길 7,,37.61449746,127.0312388,2000,한전주,02-901-5863,서울특별시 강북구청,2025-08-12
2003-10-08,1,서울특별시 강북구 도봉로10다길 7,,37.61449746,127.0312388,2000,,02-901-5863,서울특별시 강북구청,2025-08-12
2003-10-07,1,서울특별시 강북구 도봉로10다길 7,,37.61449746,127.0312388,2000,,02-901-5863,서울특별시 강북구청,2025-08-12
2003-10-06,1,서울특별시 강북구 도봉로10다길 7,,37.61449746,127.0312388,2000,한전주,02-901-5863,서울특별시 강북구청,2025-08-12
2003-10-05,1,서울특별시 강북구 도봉로10다길 7,,37.61449746,127.0312388,2000,,02-901-5863,서울특별시 강북구청,2025-08-12
2003-10-04,1,서울특별시 강북구 도봉로10다길 7,,37.61449746,127.0312388,2000,,02-901-5863,서울특별시 강북구청,2025-08-12
2003-10-03,1,서울특별시 강북구 도봉로10다길 7,,37.61449746,127.0312388,2000,한전주,02-901-5863,서울특별시 강북구청,2025-08-12
2003-10-02,1,서울특별시 강북구 도봉로10라길 2,,37.61543716,127.0309974,2000,,02-901-5863,서울특별시 강북구청,2025-08-12
2003-10-01,1,서울특별시 강북구 도봉로10라길 2,,37.6154369,127.030997,2000,,02-901-5863,서울특별시 강북구청,2025-08-12
2003-09-20,1,서울특별시 강북구 오현로6길 2,,37.61635705,127.0321975,2000,한전주,02-901-5863,서울특별시 강북구청,2025-08-12
2003-09-19,1,서울특별시 강북구 도봉로14길 7,,37.61566797,127.0305753,2000,한전주,02-901-5863,서울특별시 강북구청,2025-08-12
2003-09-18,1,서울특별시 강북구 도봉로14길 7,,37.61591977,127.0305154,2000,한전주,02-901-5863,서울특별시 강북구청,2025-08-12
2003-09-17,1,서울특별시 강북구 도봉로14길 7,,37.61609021,127.0304226,2000,,02-901-5863,서울특별시 강북구청,2025-08-12
2003-09-16,1,서울특별시 강북구 오현로 4,,37.61630625,127.0304008,2000,,02-901-5863,서울특별시 강북구청,2025-08-12
2003-09-15,1,서울특별시 강북구 오현로 18,,37.61636402,127.0319482,2000,,02-901-5863,서울특별시 강북구청,2025-08-12
2003-09-14,1,서울특별시 강북구 오현로 16,,37.61636091,127.0318249,2000,,02-901-5863,서울특별시 강북구청,2025-08-12
2003-09-13,1,서울특별시 강북구 오현로 16,,37.61636091,127.0318383,2000,한전주,02-901-5863,서울특별시 강북구청,2025-08-12
2003-09-12,1,서울특별시 강북구 오현로 16,,37.61636091,127.0318767,2000,,02-901-5863,서울특별시 강북구청,2025-08-12
2003-09-11,1,서울특별시 강북구 오현로 16,,37.61636091,127.031815,2000,,02-901-5863,서울특별시 강북구청,2025-08-12
2003-09-10,1,서울특별시 강북구 오현로6길 2,,37.61635705,127.0321975,2000,한전주,02-901-5863,서울특별시 강북구청,2025-08-12
2003-09-09,1,서울특별시 강북구 오현로6길 4,,37.61628479,127.0321757,2000,한전주,02-901-5863,서울특별시 강북구청,2025-08-12
2003-09-08,1,서울특별시 강북구 오현로6길 12,,37.61593425,127.0322822,2000,한전주,02-901-5863,서울특별시 강북구청,2025-08-12
2003-09-07,1,서울특별시 강북구 오현로6길 16,,37.61579902,127.0322726,2000,한전주,02-901-5863,서울특별시 강북구청,2025-08-12
2003-09-06,1,서울특별시 강북구 도봉로10라길 15,,37.61565097,127.0318034,2000,한전주,02-901-5863,서울특별시 강북구청,2025-08-12
2003-09-05,1,서울특별시 강북구 도봉로10라길 5,,37.61564614,127.0312099,2000,한전주,02-901-5863,서울특별시 강북구청,2025-08-12
2003-09-04,1,서울특별시 강북구 오현로4길 13,,37.61581045,127.0314683,2000,한전주,02-901-5863,서울특별시 강북구청,2025-08-12
2003-09-03,1,서울특별시 강북구 오현로4길 7,,37.61619089,127.0317125,2000,한전주,02-901-5863,서울특별시 강북구청,2025-08-12
2003-09-02,1,서울특별시 강북구 오현로4길 9,,37.61604442,127.0314313,2000,한전주,02-901-5863,서울특별시 강북구청,2025-08-12
2003-09-01,1,서울특별시 강북구 오현로 12,,37.61634163,127.0314161,2000,한전주,02-901-5863,서울특별시 강북구청,2025-08-12
2003-08-29,1,서울특별시 강북구 도봉로10다길 18,,37.61465661,127.0317787,2000,,02-901-5863,서울특별시 강북구청,2025-08-12
2003-08-28,1,서울특별시 강북구 도봉로10다길 18,,37.61465661,127.0317787,2000,한전주,02-901-5863,서울특별시 강북구청,2025-08-12
2003-08-27,1,서울특별시 강북구 도봉로10다길 18,,37.61465661,127.0317787,2000,한전주,02-901-5863,서울특별시 강북구청,2025-08-12
2003-08-26,1,서울특별시 강북구 도봉로10다길 18,,37.61465661,127.0317787,2000,,02-901-5863,서울특별시 강북구청,2025-08-12
2003-08-25,2,서울특별시 강북구 오패산로31길 32,,37.61383366,127.0321395,2000,한전주,02-901-5863,서울특별시 강북구청,2025-08-12
2003-08-24,1,서울특별시 강북구 오패산로31길 38,,37.61371376,127.0318013,2000,,02-901-5863,서울특별시 강북구청,2025-08-12
2003-08-23,2,서울특별시 강북구 오패산로31길 42,,37.61361271,127.0315647,2000,한전주,02-901-5863,서울특별시 강북구청,2025-08-12
2003-08-22,1,서울특별시 강북구 오패산로31길 46,,37.61356664,127.0314407,2000,,02-901-5863,서울특별시 강북구청,2025-08-12
2003-08-21,1,서울특별시 강북구 오패산로31길 48,,37.61351156,127.0313168,2000,한전주,02-901-5863,서울특별시 강북구청,2025-08-12
2003-08-20,1,서울특별시 강북구 도봉로10다길 12,,37.61453189,127.0315374,2000,,02-901-5863,서울특별시 강북구청,2025-08-12
2003-08-19,1,서울특별시 강북구 도봉로10다길 12,,37.61453189,127.0315374,2000,한전주,02-901-5863,서울특별시 강북구청,2025-08-12
2003-08-18,1,서울특별시 강북구 도봉로10다길 12,,37.61453189,127.0315374,2000,한전주,02-901-5863,서울특별시 강북구청,2025-08-12
2003-08-17,1,서울특별시 강북구 도봉로10다길 12,,37.61451513,127.0315374,2000,,02-901-5863,서울특별시 강북구청,2025-08-12
2003-08-16,1,서울특별시 강북구 도봉로10다길 12,,37.61453158,127.0315415,2000,한전주,02-901-5863,서울특별시 강북구청,2025-08-12
2003-08-15,1,서울특별시 강북구 도봉로10나길 19,,37.61389316,127.0316127,2000,한전주,02-901-5863,서울특별시 강북구청,2025-08-12
2003-08-14,1,서울특별시 강북구 도봉로10나길 19,,37.61389316,127.0316127,2000,한전주,02-901-5863,서울특별시 강북구청,2025-08-12
2003-08-13,1,서울특별시 강북구 도봉로10나길 19,,37.61389316,127.0316385,2000,,02-901-5863,서울특별시 강북구청,2025-08-12
2003-08-12,1,서울특별시 강북구 도봉로10나길 22,,37.61383107,127.0318224,2000,한전주,02-901-5863,서울특별시 강북구청,2025-08-12
2003-08-11,1,서울특별시 강북구 도봉로10나길 16,,37.61368422,127.0314958,2000,,02-901-5863,서울특별시 강북구청,2025-08-12
2003-08-10,1,서울특별시 강북구 도봉로10나길 14,,37.61362915,127.0313719,2000,,02-901-5863,서울특별시 강북구청,2025-08-12
2003-08-09,1,서울특별시 강북구 도봉로10나길 9,,37.61367607,127.0310877,2000,전용주,02-901-5863,서울특별시 강북구청,2025-08-12
2003-08-07,1,서울특별시 강북구 도봉로10나길 8,,37.61354593,127.0311125,2000,,02-901-5863,서울특별시 강북구청,2025-08-12
2003-08-06,1,서울특별시 강북구 월계로7나길 60,,37.61352735,127.0310448,2000,,02-901-5863,서울특별시 강북구청,2025-08-12
2003-08-05,1,서울특별시 강북구 도봉로10나길 15,,37.61380061,127.0313591,2000,한전주,02-901-5863,서울특별시 강북구청,2025-08-12
2003-08-04,1,서울특별시 강북구 도봉로10나길 15,,37.61380061,127.0313591,2000,,02-901-5863,서울특별시 강북구청,2025-08-12
2003-08-03,1,서울특별시 강북구 도봉로10나길 15,,37.61380061,127.0313196,2000,한전주,02-901-5863,서울특별시 강북구청,2025-08-12
2003-08-02,2,서울특별시 강북구 도봉로10다길 4,,37.61430383,127.0312386,2000,한전주,02-901-5863,서울특별시 강북구청,2025-08-12
2003-08-01,1,서울특별시 강북구 도봉로10길 32,,37.61413173,127.0311276,2000,,02-901-5863,서울특별시 강북구청,2025-08-12
2003-07-31,1,서울특별시 강북구 오패산로35길 13,,37.61471613,127.0329105,2000,,02-901-5863,서울특별시 강북구청,2025-08-12
2003-07-30,1,서울특별시 강북구 오패산로35길 13,,37.61471613,127.0329105,2000,한전주,02-901-5863,서울특별시 강북구청,2025-08-12
2003-07-29,1,서울특별시 강북구 오패산로35길 15,,37.61472187,127.0327736,2000,한전주,02-901-5863,서울특별시 강북구청,2025-08-12
2003-07-28,1,서울특별시 강북구 오패산로35길 9,,37.6147515,127.0330904,2000,,02-901-5863,서울특별시 강북구청,2025-08-12
2003-07-27,1,서울특별시 강북구 오패산로35길 5,,37.61472647,127.0333182,2000,한전주,02-901-5863,서울특별시 강북구청,2025-08-12
2003-07-26,1,서울특별시 강북구 오패산로35길 5,,37.61472632,127.0333173,2000,,02-901-5863,서울특별시 강북구청,2025-08-12
2003-07-25,1,서울특별시 강북구 오패산로35길 5,,37.61472647,127.0333182,2000,,02-901-5863,서울특별시 강북구청,2025-08-12
2003-07-24,1,서울특별시 강북구 오패산로35길 5,,37.61472647,127.0333108,2000,,02-901-5863,서울특별시 강북구청,2025-08-12
2003-07-23,1,서울특별시 강북구 오패산로35길 5,,37.61472647,127.0333236,2000,,02-901-5863,서울특별시 강북구청,2025-08-12
2003-07-22,1,서울특별시 강북구 오패산로35길 5,,37.61472647,127.0333261,2000,,02-901-5863,서울특별시 강북구청,2025-08-12
2003-07-21,1,서울특별시 강북구 오패산로 139,,37.61422028,127.0336756,2000,,02-901-5863,서울특별시 강북구청,2025-08-12
2003-07-20,1,서울특별시 강북구 오패산로31길 6,,37.61380711,127.0335727,2000,,02-901-5863,서울특별시 강북구청,2025-08-12
2003-07-19,1,서울특별시 강북구 오패산로31길 6,,37.61380711,127.0335814,2000,,02-901-5863,서울특별시 강북구청,2025-08-12
2003-07-18,1,서울특별시 강북구 오패산로31길 6,,37.61380711,127.0335814,2000,,02-901-5863,서울특별시 강북구청,2025-08-12
2003-07-17,1,서울특별시 강북구 오패산로31길 2,,37.61379332,127.0338164,2000,,02-901-5863,서울특별시 강북구청,2025-08-12
2003-07-16,1,서울특별시 강북구 오패산로31길 8,,37.6138173,127.0334423,2000,한전주,02-901-5863,서울특별시 강북구청,2025-08-12
2003-07-14,1,서울특별시 강북구 오패산로31길 16,,37.61382343,127.033103,2000,한전주,02-901-5863,서울특별시 강북구청,2025-08-12
2003-07-13,1,서울특별시 강북구 오현로6길 54,,37.6140628,127.0326123,2000,한전주,02-901-5863,서울특별시 강북구청,2025-08-12
2003-07-12,1,서울특별시 강북구 오현로6길 49,,37.6143285,127.0326819,2000,한전주,02-901-5863,서울특별시 강북구청,2025-08-12
2003-07-11,1,서울특별시 강북구 오패산로35길 19,,37.6143615,127.0327783,2000,,02-901-5863,서울특별시 강북구청,2025-08-12
2003-07-10,1,서울특별시 강북구 오패산로35길 19,,37.61455933,127.0327304,2000,,02-901-5863,서울특별시 강북구청,2025-08-12
2003-07-09,1,서울특별시 강북구 오현로6길 39,,37.61471055,127.0324906,2000,한전주,02-901-5863,서울특별시 강북구청,2025-08-12
2003-07-08,1,서울특별시 강북구 오현로6길 39,,37.61471055,127.0324906,2000,한전주,02-901-5863,서울특별시 강북구청,2025-08-12
2003-07-07,1,서울특별시 강북구 도봉로10다길 24,,37.61477993,127.0321612,2000,,02-901-5863,서울특별시 강북구청,2025-08-12
2003-07-05,1,서울특별시 강북구 도봉로10다길 22,,37.61474647,127.0320954,2000,,02-901-5863,서울특별시 강북구청,2025-08-12
2003-07-03,1,서울특별시 강북구 도봉로10다길 22,,37.61474647,127.032011,2000,,02-901-5863,서울특별시 강북구청,2025-08-12
2003-07-02,1,서울특별시 강북구 도봉로10다길 22,,37.61474647,127.032011,2000,한전주,02-901-5863,서울특별시 강북구청,2025-08-12
2003-07-01,1,서울특별시 강북구 도봉로10다길 18,,37.61465661,127.0317787,2000,한전주,02-901-5863,서울특별시 강북구청,2025-08-12
2003-06-30,1,서울특별시 강북구 오패산로31길 43,,37.61346872,127.0315691,2000,한전주,02-901-5863,서울특별시 강북구청,2025-08-12
2003-06-29,1,서울특별시 강북구 오패산로31길 47,,37.61340428,127.0314202,2000,,02-901-5863,서울특별시 강북구청,2025-08-12
2003-06-28,2,서울특별시 강북구 월계로3길 69,,37.6128183,127.0313824,2000,한전주,02-901-5863,서울특별시 강북구청,2025-08-12
2003-06-27,1,서울특별시 강북구 도봉로8길 15,,37.61275282,127.0310888,2000,한전주,02-901-5863,서울특별시 강북구청,2025-08-12
2003-06-26,1,서울특별시 강북구 도봉로10가길 8,,37.61276322,127.0312586,2000,,02-901-5863,서울특별시 강북구청,2025-08-12
2003-06-25,1,서울특별시 강북구 도봉로10가길 16,,37.61291875,127.0312312,2000,한전주,02-901-5863,서울특별시 강북구청,2025-08-12
2003-06-24,1,서울특별시 강북구 도봉로10가길 8,,37.61286957,127.031042,2000,,02-901-5863,서울특별시 강북구청,2025-08-12
2003-06-22,1,서울특별시 강북구 도봉로10가길 5,,37.61332951,127.0308828,2000,,02-901-5863,서울특별시 강북구청,2025-08-12
2003-06-21,1,서울특별시 강북구 도봉로10나길 4,,37.61341849,127.0309556,2000,한전주,02-901-5863,서울특별시 강북구청,2025-08-12
2003-06-20,1,서울특별시 강북구 월계로7나길 57,,37.61333007,127.0311606,2000,,02-901-5863,서울특별시 강북구청,2025-08-12
2003-06-19,1,서울특별시 강북구 월계로7나길 46,,37.61306601,127.0315978,2000,한전주,02-901-5863,서울특별시 강북구청,2025-08-12
2003-06-18,1,서울특별시 강북구 월계로7나길 46,,37.61307254,127.0315978,2000,,02-901-5863,서울특별시 강북구청,2025-08-12
2003-06-17,1,서울특별시 강북구 월계로7나길 49,,37.61311552,127.0313673,2000,한전주,02-901-5863,서울특별시 강북구청,2025-08-12
2003-06-16,1,서울특별시 강북구 월계로7나길 49,,37.61311552,127.0313673,2000,한전주,02-901-5863,서울특별시 강북구청,2025-08-12
2003-06-15,1,서울특별시 강북구 월계로7나길 45,,37.61296338,127.0315231,2000,한전주,02-901-5863,서울특별시 강북구청,2025-08-12
2003-06-14,2,서울특별시 강북구 월계로7나길 38,,37.612813,127.0318356,2000,한전주,02-901-5863,서울특별시 강북구청,2025-08-12
2003-06-12,1,서울특별시 강북구 월계로7나길 30,,37.6126772,127.0322407,2000,한전주,02-901-5863,서울특별시 강북구청,2025-08-12
2003-06-11,1,서울특별시 강북구 월계로7나길 30,,37.6126772,127.0322407,2000,,02-901-5863,서울특별시 강북구청,2025-08-12
2003-06-10,1,서울특별시 강북구 월계로7나길 28,,37.61269132,127.0323808,2000,,02-901-5863,서울특별시 강북구청,2025-08-12
2003-06-09,1,서울특별시 강북구 월계로7나길 24,,37.61269243,127.0325542,2000,,02-901-5863,서울특별시 강북구청,2025-08-12
2003-06-08,1,서울특별시 강북구 월계로7나길 24,,37.61269243,127.0325542,2000,한전주,02-901-5863,서울특별시 강북구청,2025-08-12
2003-06-07,1,서울특별시 강북구 월계로7나길 24,,37.61269243,127.0325542,2000,한전주,02-901-5863,서울특별시 강북구청,2025-08-12
2003-06-06,1,서울특별시 강북구 월계로7나길 24,,37.61269243,127.0325542,2000,,02-901-5863,서울특별시 강북구청,2025-08-12
2003-06-05,1,서울특별시 강북구 월계로7나길 24,,37.61269243,127.0325265,2000,,02-901-5863,서울특별시 강북구청,2025-08-12
2003-06-04,1,서울특별시 강북구 오현로6길 80,,37.61291869,127.0326384,2000,한전주,02-901-5863,서울특별시 강북구청,2025-08-12
2003-06-03,1,서울특별시 강북구 오현로6길 74,,37.61320681,127.032612,2000,한전주,02-901-5863,서울특별시 강북구청,2025-08-12
2003-06-02,1,서울특별시 강북구 오현로6길 66,,37.61357638,127.0326299,2000,한전주,02-901-5863,서울특별시 강북구청,2025-08-12
2003-06-01,1,서울특별시 강북구 오현로6길 62,,37.61375666,127.0326389,2000,한전주,02-901-5863,서울특별시 강북구청,2025-08-12
2003-05-30,1,서울특별시 강북구 오현로6길 69,,37.61339749,127.0327908,2000,전용주,02-901-5863,서울특별시 강북구청,2025-08-12
2003-05-28,1,서울특별시 강북구 오패산로31길 5,,37.61352026,127.0334801,2000,,02-901-5863,서울특별시 강북구청,2025-08-12
2003-05-27,1,서울특별시 강북구 오패산로 123,,37.61318701,127.0334958,2000,,02-901-5863,서울특별시 강북구청,2025-08-12
2003-05-26,1,서울특별시 강북구 월계로7나길 4,,37.61294357,127.0337085,2000,,02-901-5863,서울특별시 강북구청,2025-08-12
2003-05-25,1,서울특별시 강북구 월계로7나길 4,,37.61294357,127.0337085,2000,,02-901-5863,서울특별시 강북구청,2025-08-12
2003-05-24,1,서울특별시 강북구 월계로7나길 10,,37.61272502,127.0332935,2000,한전주,02-901-5863,서울특별시 강북구청,2025-08-12
2003-05-23,1,서울특별시 강북구 월계로7나길 8,,37.61277239,127.0334785,2000,,02-901-5863,서울특별시 강북구청,2025-08-12
2003-05-22,1,서울특별시 강북구 월계로7길 59,,37.61273968,127.0338866,2000,한전주,02-901-5863,서울특별시 강북구청,2025-08-12
2003-05-21,1,서울특별시 강북구 월계로7길 61,,37.61279402,127.0339199,2000,한전주,02-901-5863,서울특별시 강북구청,2025-08-12
2003-05-20,1,서울특별시 강북구 월계로7길 67,,37.61311993,127.0341083,2000,한전주,02-901-5863,서울특별시 강북구청,2025-08-12
2003-05-19,1,서울특별시 강북구 오패산로 123,,37.61315514,127.0340059,2000,,02-901-5863,서울특별시 강북구청,2025-08-12
2003-05-18,1,서울특별시 강북구 오패산로 123,,37.6133435,127.0339015,2000,,02-901-5863,서울특별시 강북구청,2025-08-12
2003-05-17,1,서울특별시 강북구 오패산로 123,,37.61340499,127.0337081,2000,한전주,02-901-5863,서울특별시 강북구청,2025-08-12
2003-05-16,1,서울특별시 강북구 오패산로31길 5,,37.6134767,127.0336619,2000,,02-901-5863,서울특별시 강북구청,2025-08-12
2003-05-15,1,서울특별시 강북구 오패산로 129,,37.61338586,127.0340388,2000,,02-901-5863,서울특별시 강북구청,2025-08-12
2003-05-14,1,서울특별시 강북구 오패산로 129,,37.61338586,127.0340388,2000,,02-901-5863,서울특별시 강북구청,2025-08-12
2003-05-13,1,서울특별시 강북구 오패산로 123,,37.61294236,127.033329,2000,전용주,02-901-5863,서울특별시 강북구청,2025-08-12
2003-05-12,1,서울특별시 강북구 오패산로31길 13,,37.61369264,127.0331997,2000,,02-901-5863,서울특별시 강북구청,2025-08-12
2003-05-11,1,서울특별시 강북구 오패산로31길 11,,37.61340993,127.0332097,2000,,02-901-5863,서울특별시 강북구청,2025-08-12
2003-05-10,1,서울특별시 강북구 오패산로31길 11,,37.61361724,127.0332184,2000,,02-901-5863,서울특별시 강북구청,2025-08-12
2003-05-09,1,서울특별시 강북구 오현로6길 75,,37.61314847,127.0328651,2000,,02-901-5863,서울특별시 강북구청,2025-08-12
2003-05-08,1,서울특별시 강북구 오현로6길 75,,37.61314847,127.0328651,2000,,02-901-5863,서울특별시 강북구청,2025-08-12
2003-05-07,1,서울특별시 강북구 오현로6길 75,,37.61314847,127.0328651,2000,전용주,02-901-5863,서울특별시 강북구청,2025-08-12
2003-05-06,1,서울특별시 강북구 오현로6길 75,,37.61314847,127.0328651,2000,,02-901-5863,서울특별시 강북구청,2025-08-12
2003-05-05,1,서울특별시 강북구 오현로6길 75,,37.61314847,127.0328651,2000,,02-901-5863,서울특별시 강북구청,2025-08-12
2003-05-04,1,서울특별시 강북구 오현로6길 75,,37.61317299,127.0328843,2000,,02-901-5863,서울특별시 강북구청,2025-08-12
2003-05-03,1,서울특별시 강북구 오패산로31길 13,,37.61369264,127.0331043,2000,한전주,02-901-5863,서울특별시 강북구청,2025-08-12
2003-05-02,1,서울특별시 강북구 오패산로31길 13,,37.61369264,127.0331043,2000,,02-901-5863,서울특별시 강북구청,2025-08-12
2003-05-01,1,서울특별시 강북구 오현로6길 61,,37.61371291,127.032798,2000,한전주,02-901-5863,서울특별시 강북구청,2025-08-12
2003-04-27,2,서울특별시 강북구 월계로7길 53,,37.61255764,127.0336625,2000,한전주,02-901-5863,서울특별시 강북구청,2025-08-12
2003-04-26,1,서울특별시 강북구 월계로7길 45,,37.61224055,127.0334514,2000,,02-901-5863,서울특별시 강북구청,2025-08-12
2003-04-25,1,서울특별시 강북구 월계로7길 43,,37.61215965,127.0334751,2000,,02-901-5863,서울특별시 강북구청,2025-08-12
2003-04-24,1,서울특별시 강북구 월계로7길 39,,37.61205089,127.0333709,2000,,02-901-5863,서울특별시 강북구청,2025-08-12
2003-04-23,1,서울특별시 강북구 월계로7길 39,,37.61205089,127.0333217,2000,,02-901-5863,서울특별시 강북구청,2025-08-12
2003-04-22,1,서울특별시 강북구 월계로7나길 9,,37.61258226,127.0333677,2000,,02-901-5863,서울특별시 강북구청,2025-08-12
2003-04-21,2,서울특별시 강북구 월계로7나길 9,,37.61258226,127.0333677,2000,한전주,02-901-5863,서울특별시 강북구청,2025-08-12
2003-04-20,2,서울특별시 강북구 오현로6길 89,,37.61255162,127.0329263,2000,한전주,02-901-5863,서울특별시 강북구청,2025-08-12
2003-04-19,1,서울특별시 강북구 오현로6길 93,,37.61238128,127.0330305,2000,한전주,02-901-5863,서울특별시 강북구청,2025-08-12
2003-04-18,1,서울특별시 강북구 오현로6길 96,,37.61220157,127.0328742,2000,,02-901-5863,서울특별시 강북구청,2025-08-12
2003-04-17,1,서울특별시 강북구 오현로6길 101,,37.61202238,127.0332163,2000,한전주,02-901-5863,서울특별시 강북구청,2025-08-12
2003-04-16,1,서울특별시 강북구 월계로7길 37,,37.61190572,127.0332745,2000,한전주,02-901-5863,서울특별시 강북구청,2025-08-12
2003-04-15,1,서울특별시 강북구 도봉로8길 57,,37.61155176,127.0329619,2000,전용주,02-901-5863,서울특별시 강북구청,2025-08-12
2003-04-14,1,서울특별시 강북구 월계로7가길 7,,37.61183012,127.032845,2000,한전주,02-901-5863,서울특별시 강북구청,2025-08-12
2003-04-13,1,서울특별시 강북구 오현로6길 96,,37.61220157,127.0328742,2000,,02-901-5863,서울특별시 강북구청,2025-08-12
2003-04-11,1,서울특별시 강북구 월계로7가길 9,,37.61189968,127.0327686,2000,,02-901-5863,서울특별시 강북구청,2025-08-12
2003-04-10,1,서울특별시 강북구 월계로7가길 13,,37.61207162,127.0326267,2000,한전주,02-901-5863,서울특별시 강북구청,2025-08-12
2003-04-09,1,서울특별시 강북구 월계로7가길 19,,37.61233159,127.0324648,2000,,02-901-5863,서울특별시 강북구청,2025-08-12
2003-04-08,1,서울특별시 강북구 월계로7가길 19,,37.61237432,127.0324619,2000,,02-901-5863,서울특별시 강북구청,2025-08-12
2003-04-07,2,서울특별시 강북구 월계로7가길 23,,37.61244816,127.0323953,2000,전용주,02-901-5863,서울특별시 강북구청,2025-08-12
2003-04-06,2,서울특별시 강북구 월계로7가길 25,,37.61255618,127.0323826,2000,한전주,02-901-5863,서울특별시 강북구청,2025-08-12
2003-04-05,2,서울특별시 강북구 월계로7나길 33,,37.61258869,127.0319517,2000,한전주,02-901-5863,서울특별시 강북구청,2025-08-12
2003-04-04,1,서울특별시 강북구 월계로3길 66,,37.61246423,127.0321572,2000,한전주,02-901-5863,서울특별시 강북구청,2025-08-12
2003-04-03,1,서울특별시 강북구 월계로3길 66,,37.612453,127.0318855,2000,한전주,02-901-5863,서울특별시 강북구청,2025-08-12
2003-04-02,1,서울특별시 강북구 도봉로8길 25,,37.61244232,127.0316818,2000,전용주,02-901-5863,서울특별시 강북구청,2025-08-12
2003-04-01,1,서울특별시 강북구 도봉로8길 37,,37.61213116,127.0321955,2000,한전주,02-901-5863,서울특별시 강북구청,2025-08-12
2003-03-30,1,서울특별시 강북구 월계로7길 42,,37.61202535,127.0335787,2000,한전주,02-901-5863,서울특별시 강북구청,2025-08-12
2003-03-29,1,서울특별시 강북구 월계로 43,,37.61147964,127.0343301,2000,,02-901-5863,서울특별시 강북구청,2025-08-12
2003-03-28,1,서울특별시 강북구 월계로7길 36,,37.61162893,127.0335839,2000,,02-901-5863,서울특별시 강북구청,2025-08-12
2003-03-27,1,서울특별시 강북구 월계로 43,,37.61147964,127.0343301,2000,,02-901-5863,서울특별시 강북구청,2025-08-12
2003-03-26,1,서울특별시 강북구 월계로 43,,37.61147964,127.0343301,2000,,02-901-5863,서울특별시 강북구청,2025-08-12
2003-03-25,1,서울특별시 강북구 월계로 43,,37.61147964,127.0343301,2000,,02-901-5863,서울특별시 강북구청,2025-08-12
2003-03-24,1,서울특별시 강북구 도봉로8길 65,,37.61130553,127.0332205,2000,전용주,02-901-5863,서울특별시 강북구청,2025-08-12
2003-03-23,2,서울특별시 강북구 도봉로8길 61,,37.61140891,127.0331223,2000,한전주,02-901-5863,서울특별시 강북구청,2025-08-12
2003-03-22,1,서울특별시 강북구 월계로7길 42,,37.61202535,127.0335787,2000,한전주,02-901-5863,서울특별시 강북구청,2025-08-12
2003-03-21,1,서울특별시 강북구 월계로7길 38,,37.61185317,127.0334824,2000,,02-901-5863,서울특별시 강북구청,2025-08-12
2003-03-20,1,서울특별시 강북구 월계로13길 11,,37.61186009,127.0343058,2000,한전주,02-901-5863,서울특별시 강북구청,2025-08-12
2003-03-19,1,서울특별시 강북구 월계로13길 15,,37.61198483,127.0341343,2000,,02-901-5863,서울특별시 강북구청,2025-08-12
2003-03-18,1,서울특별시 강북구 월계로13길 23,,37.61222587,127.0338593,2000,한전주,02-901-5863,서울특별시 강북구청,2025-08-12
2003-03-17,1,서울특별시 강북구 월계로7길 54,,37.61245799,127.0338505,2000,,02-901-5863,서울특별시 강북구청,2025-08-12
2003-03-16,1,서울특별시 강북구 오패산로 117,,37.61253728,127.0344782,2000,,02-901-5863,서울특별시 강북구청,2025-08-12
2003-03-15,1,서울특별시 강북구 오패산로 113,,37.61195273,127.0347115,2000,한전주,02-901-5863,서울특별시 강북구청,2025-08-12
2003-03-14,1,서울특별시 강북구 월계로7길 54,,37.61245799,127.0338505,2000,,02-901-5863,서울특별시 강북구청,2025-08-12
2003-03-13,1,서울특별시 강북구 월계로7길 60,,37.61267371,127.0340495,2000,,02-901-5863,서울특별시 강북구청,2025-08-12
2003-03-12,1,서울특별시 강북구 월계로7길 38,,37.61185317,127.0334824,2000,,02-901-5863,서울특별시 강북구청,2025-08-12
2003-03-11,1,서울특별시 강북구 월계로7길 38,,37.61185317,127.0334824,2000,,02-901-5863,서울특별시 강북구청,2025-08-12
2003-03-10,1,서울특별시 강북구 월계로7길 38,,37.61185317,127.0334824,2000,한전주,02-901-5863,서울특별시 강북구청,2025-08-12
2003-03-08,1,서울특별시 강북구 월계로 37,,37.61123237,127.0338248,2000,한전주,02-901-5863,서울특별시 강북구청,2025-08-12
2003-03-07,1,서울특별시 강북구 월계로 37,,37.61123483,127.0338721,2000,한전주,02-901-5863,서울특별시 강북구청,2025-08-12
2003-03-06,1,서울특별시 강북구 오패산로 113,,37.61195273,127.0347115,2000,한전주,02-901-5863,서울특별시 강북구청,2025-08-12
2003-03-05,1,서울특별시 강북구 월계로 33,,37.61104467,127.0336085,2000,,02-901-5863,서울특별시 강북구청,2025-08-12
2003-03-04,1,서울특별시 강북구 월계로7길 54,,37.61246011,127.0338563,2000,,02-901-5863,서울특별시 강북구청,2025-08-12
2003-03-03,1,서울특별시 강북구 월계로 41,,37.61139114,127.0342552,2000,,02-901-5863,서울특별시 강북구청,2025-08-12
2003-03-02,1,서울특별시 강북구 월계로7길 38,,37.61185333,127.033479,2000,한전주,02-901-5863,서울특별시 강북구청,2025-08-12
2003-03-01,1,서울특별시 강북구 월계로 39,,37.61123827,127.0340181,2000,,02-901-5863,서울특별시 강북구청,2025-08-12
2003-02-28,1,서울특별시 강북구 월계로3길 36,,37.61137038,127.0313198,2000,한전주,02-901-5863,서울특별시 강북구청,2025-08-12
2003-02-27,1,서울특별시 강북구 도봉로4길 27,,37.61136499,127.0321601,2000,,02-901-5863,서울특별시 강북구청,2025-08-12
2003-02-26,1,서울특별시 강북구 도봉로4길 31,,37.61128029,127.0322914,2000,,02-901-5863,서울특별시 강북구청,2025-08-12
2003-02-24,2,서울특별시 강북구 도봉로8길 54,,37.61153059,127.0325771,2000,한전주,02-901-5863,서울특별시 강북구청,2025-08-12
2003-02-23,1,서울특별시 강북구 도봉로6길 28,,37.61214551,127.0316083,2000,,02-901-5863,서울특별시 강북구청,2025-08-12
2003-02-22,2,서울특별시 강북구 도봉로6길 28,,37.61214435,127.0316064,2000,한전주,02-901-5863,서울특별시 강북구청,2025-08-12
2003-02-21,1,서울특별시 강북구 도봉로6길 12,,37.61246173,127.0307528,2000,,02-901-5863,서울특별시 강북구청,2025-08-12
2003-02-20,1,서울특별시 강북구 도봉로8길 8,,37.6126774,127.030682,2000,한전주,02-901-5863,서울특별시 강북구청,2025-08-12
2003-02-19,1,서울특별시 강북구 도봉로8길 8,,37.6126774,127.030682,2000,한전주,02-901-5863,서울특별시 강북구청,2025-08-12
2003-02-18,1,서울특별시 강북구 월계로3길 48,,37.61188986,127.0313378,2000,한전주,02-901-5863,서울특별시 강북구청,2025-08-12
2003-02-17,1,서울특별시 강북구 월계로3길 35,,37.61133387,127.0310589,2000,,02-901-5863,서울특별시 강북구청,2025-08-12
2003-02-16,1,서울특별시 강북구 월계로3길 36,,37.61136713,127.0313219,2000,한전주,02-901-5863,서울특별시 강북구청,2025-08-12
2003-02-15,1,서울특별시 강북구 월계로3길 36,,37.61136053,127.0313198,2000,,02-901-5863,서울특별시 강북구청,2025-08-12
2003-02-14,1,서울특별시 강북구 월계로3길 36,,37.61136053,127.0313198,2000,,02-901-5863,서울특별시 강북구청,2025-08-12
2003-02-13,1,서울특별시 강북구 도봉로 34,,37.61206853,127.0307216,2000,,02-901-5863,서울특별시 강북구청,2025-08-12
2003-02-12,1,서울특별시 강북구 도봉로6길 42,,37.61168032,127.032156,2000,전용주,02-901-5863,서울특별시 강북구청,2025-08-12
2003-02-11,1,서울특별시 강북구 도봉로6길 28,,37.61214551,127.0316338,2000,,02-901-5863,서울특별시 강북구청,2025-08-12
2003-02-10,2,서울특별시 강북구 도봉로8길 38,,37.61199453,127.0320161,2000,한전주,02-901-5863,서울특별시 강북구청,2025-08-12
2003-02-08,1,서울특별시 강북구 도봉로4길 31,,37.61128029,127.0322914,2000,,02-901-5863,서울특별시 강북구청,2025-08-12
2003-02-07,1,서울특별시 강북구 월계로3길 58,,37.61228581,127.0312761,2000,한전주,02-901-5863,서울특별시 강북구청,2025-08-12
2003-02-06,1,서울특별시 강북구 월계로3길 58,,37.61228581,127.0312761,2000,한전주,02-901-5863,서울특별시 강북구청,2025-08-12
2003-02-05,1,서울특별시 강북구 월계로3길 36,,37.61136713,127.0313219,2000,한전주,02-901-5863,서울특별시 강북구청,2025-08-12
2003-02-04,1,서울특별시 강북구 도봉로6길 36,,37.61189739,127.031904,2000,,02-901-5863,서울특별시 강북구청,2025-08-12
2003-02-02,2,서울특별시 강북구 도봉로8길 58,,37.61136136,127.0328171,2000,한전주,02-901-5863,서울특별시 강북구청,2025-08-12
2003-02-01,2,서울특별시 강북구 도봉로6길 54,,37.61137687,127.0325111,2000,한전주,02-901-5863,서울특별시 강북구청,2025-08-12
2003-01-30,1,서울특별시 강북구 월계로3길 3,,37.60979577,127.0308893,2000,한전주,02-901-5863,서울특별시 강북구청,2025-08-12
2003-01-29,1,서울특별시 강북구 도봉로4길 20,,37.611117,127.0315857,2000,한전주,02-901-5863,서울특별시 강북구청,2025-08-12
2003-01-28,2,서울특별시 강북구 월계로 9,,37.60983581,127.0313758,2000,한전주,02-901-5863,서울특별시 강북구청,2025-08-12
2003-01-27,1,서울특별시 강북구 월계로3길 12,,37.61027782,127.031438,2000,한전주,02-901-5863,서울특별시 강북구청,2025-08-12
2003-01-26,1,서울특별시 강북구 월계로3길 12,,37.61027782,127.031438,2000,한전주,02-901-5863,서울특별시 강북구청,2025-08-12
2003-01-25,1,서울특별시 강북구 월계로3길 20,,37.61067405,127.0314102,2000,한전주,02-901-5863,서울특별시 강북구청,2025-08-12
2003-01-24,1,서울특별시 강북구 월계로3길 28,,37.61095297,127.0313613,2000,한전주,02-901-5863,서울특별시 강북구청,2025-08-12
2003-01-23,1,서울특별시 강북구 월계로3길 28,,37.61095297,127.0313613,2000,,02-901-5863,서울특별시 강북구청,2025-08-12
2003-01-22,1,서울특별시 강북구 월계로3가길 5,,37.61067582,127.0316254,2000,,02-901-5863,서울특별시 강북구청,2025-08-12
2003-01-21,1,서울특별시 강북구 월계로3가길 4,,37.61054959,127.0316157,2000,,02-901-5863,서울특별시 강북구청,2025-08-12
2003-01-20,1,서울특별시 강북구 월계로3가길 4,,37.61045058,127.0316283,2000,,02-901-5863,서울특별시 강북구청,2025-08-12
2003-01-19,1,서울특별시 강북구 월계로3가길 7,,37.61069486,127.0317497,2000,한전주,02-901-5863,서울특별시 강북구청,2025-08-12
2003-01-17,1,서울특별시 강북구 월계로3가길 10,,37.61026268,127.0317893,2000,한전주,02-901-5863,서울특별시 강북구청,2025-08-12
2003-01-16,1,서울특별시 강북구 월계로7길 17,,37.61112572,127.0326503,2000,한전주,02-901-5863,서울특별시 강북구청,2025-08-12
2003-01-15,1,서울특별시 강북구 월계로7길 5,,37.61055801,127.032452,2000,,02-901-5863,서울특별시 강북구청,2025-08-12
2003-01-14,1,서울특별시 강북구 월계로 25,,37.61055014,127.0327823,2000,,02-901-5863,서울특별시 강북구청,2025-08-12
2003-01-13,1,서울특별시 강북구 월계로 27,,37.61065402,127.0329935,2000,,02-901-5863,서울특별시 강북구청,2025-08-12
2003-01-11,1,서울특별시 강북구 도봉로4길 22,,37.61115443,127.0317551,2000,한전주,02-901-5863,서울특별시 강북구청,2025-08-12
2003-01-10,1,서울특별시 강북구 월계로3가길 10,,37.6104712,127.0319452,2000,,02-901-5863,서울특별시 강북구청,2025-08-12
2003-01-09,1,서울특별시 강북구 월계로 27,,37.61065402,127.0329102,2000,,02-901-5863,서울특별시 강북구청,2025-08-12
2003-01-08,1,서울특별시 강북구 월계로5길 19,,37.61099328,127.0318818,2000,,02-901-5863,서울특별시 강북구청,2025-08-12
2003-01-07,1,서울특별시 강북구 월계로3가길 7,,37.61069677,127.0317536,2000,한전주,02-901-5863,서울특별시 강북구청,2025-08-12
2003-01-03,1,서울특별시 강북구 월계로5길 3,,37.6103915,127.0321161,2000,,02-901-5863,서울특별시 강북구청,2025-08-12
2003-01-01,1,서울특별시 강북구 월계로7길 5,,37.61055801,127.032428,2000,한전주,02-901-5863,서울특별시 강북구청,2025-08-12
2002-12-23,1,서울특별시 강북구 솔매로52길 6,,37.62630933,127.0273035,2000,,02-901-5863,서울특별시 강북구청,2025-08-12
2002-12-22,1,서울특별시 강북구 솔매로 134,,37.62634332,127.0270496,2000,,02-901-5863,서울특별시 강북구청,2025-08-12
2002-12-21,1,서울특별시 강북구 도봉로50길 11,,37.62560247,127.0273483,2000,한전주,02-901-5863,서울특별시 강북구청,2025-08-12
2002-12-20,1,서울특별시 강북구 도봉로50길 11,,37.62560247,127.0273602,2000,,02-901-5863,서울특별시 강북구청,2025-08-12
2002-12-19,1,서울특별시 강북구 도봉로50길 11,,37.62560247,127.0273483,2000,,02-901-5863,서울특별시 강북구청,2025-08-12
2002-12-18,1,서울특별시 강북구 도봉로50길 29,,37.62584895,127.0282908,2000,,02-901-5863,서울특별시 강북구청,2025-08-12
2002-12-17,1,서울특별시 강북구 도봉로50길 29,,37.62585173,127.0282952,2000,한전주,02-901-5863,서울특별시 강북구청,2025-08-12
2002-12-15,1,서울특별시 강북구 솔매로52길 15,,37.62588275,127.0278032,2000,,02-901-5863,서울특별시 강북구청,2025-08-12
2002-12-14,1,서울특별시 강북구 솔매로52길 15,,37.62588275,127.0278032,2000,,02-901-5863,서울특별시 강북구청,2025-08-12
2002-12-13,1,서울특별시 강북구 솔매로52길 15,,37.62588275,127.0278921,2000,,02-901-5863,서울특별시 강북구청,2025-08-12
2002-12-12,1,서울특별시 강북구 솔매로52길 15,,37.62588275,127.0278032,2000,한전주,02-901-5863,서울특별시 강북구청,2025-08-12
2002-12-11,2,서울특별시 강북구 솔매로52길 15,,37.62588098,127.0278033,2000,한전주,02-901-5863,서울특별시 강북구청,2025-08-12
2002-12-10,1,서울특별시 강북구 솔매로54길 6,,37.62651627,127.0284233,2000,한전주,02-901-5863,서울특별시 강북구청,2025-08-12
2002-12-09,1,서울특별시 강북구 솔매로54길 6,,37.62651627,127.0284233,2000,,02-901-5863,서울특별시 강북구청,2025-08-12
2002-12-08,2,서울특별시 강북구 솔매로52길 11,,37.62601575,127.0277562,2000,한전주,02-901-5863,서울특별시 강북구청,2025-08-12
2002-12-07,1,서울특별시 강북구 솔매로 140,,37.62647542,127.0276059,2000,,02-901-5863,서울특별시 강북구청,2025-08-12
2002-12-06,1,서울특별시 강북구 솔매로 142,,37.6265501,127.0278938,2000,,02-901-5863,서울특별시 강북구청,2025-08-12
2002-12-05,1,서울특별시 강북구 솔매로 144,,37.62660664,127.0280519,2000,,02-901-5863,서울특별시 강북구청,2025-08-12
2002-12-04,1,서울특별시 강북구 솔매로54길 6,,37.62651676,127.0284181,2000,한전주,02-901-5863,서울특별시 강북구청,2025-08-12
2002-12-03,1,서울특별시 강북구 솔매로 152,,37.62667179,127.0286426,2000,,02-901-5863,서울특별시 강북구청,2025-08-12
2002-12-02,1,서울특별시 강북구 솔매로54길 13,,37.62622225,127.0287618,2000,한전주,02-901-5863,서울특별시 강북구청,2025-08-12
2002-12-01,1,서울특별시 강북구 솔매로54길 12,,37.62624732,127.0285235,2000,한전주,02-901-5863,서울특별시 강북구청,2025-08-12
2002-11-30,1,서울특별시 강북구 도봉로54길 30,,37.62733929,127.027637,2000,,02-901-5863,서울특별시 강북구청,2025-08-12
2002-11-29,1,서울특별시 강북구 솔매로49길 14,,37.62709054,127.0269719,2000,전용주,02-901-5863,서울특별시 강북구청,2025-08-12
2002-11-25,2,서울특별시 강북구 솔매로 147,,37.62693044,127.0284612,2000,한전주,02-901-5863,서울특별시 강북구청,2025-08-12
2002-11-24,1,서울특별시 강북구 솔매로 147,,37.62693044,127.0284612,2000,,02-901-5863,서울특별시 강북구청,2025-08-12
2002-11-23,1,서울특별시 강북구 솔매로 147,,37.62693044,127.0284612,2000,전용주,02-901-5863,서울특별시 강북구청,2025-08-12
2002-11-22,1,서울특별시 강북구 솔매로 147,,37.62693044,127.0284612,2000,한전주,02-901-5863,서울특별시 강북구청,2025-08-12
2002-11-21,1,서울특별시 강북구 솔매로 137,,37.62662485,127.0273178,2000,,02-901-5863,서울특별시 강북구청,2025-08-12
2002-11-20,1,서울특별시 강북구 솔매로51길 7,,37.62683113,127.0271979,2000,한전주,02-901-5863,서울특별시 강북구청,2025-08-12
2002-11-19,1,서울특별시 강북구 솔매로51길 8,,37.62695226,127.0274903,2000,한전주,02-901-5863,서울특별시 강북구청,2025-08-12
2002-11-18,1,서울특별시 강북구 솔매로51길 8,,37.62691094,127.0274903,2000,,02-901-5863,서울특별시 강북구청,2025-08-12
2002-11-17,1,서울특별시 강북구 솔매로 145,,37.62689797,127.0282334,2000,,02-901-5863,서울특별시 강북구청,2025-08-12
2002-11-16,1,서울특별시 강북구 솔매로 145,,37.62689797,127.0282318,2000,한전주,02-901-5863,서울특별시 강북구청,2025-08-12
2002-11-15,1,서울특별시 강북구 솔매로 145,,37.62689797,127.0282946,2000,한전주,02-901-5863,서울특별시 강북구청,2025-08-12
2002-11-14,1,서울특별시 강북구 솔매로 147,,37.62693044,127.0284612,2000,전용주,02-901-5863,서울특별시 강북구청,2025-08-12
2002-11-13,1,서울특별시 강북구 솔매로 145,,37.62689797,127.0282576,2000,,02-901-5863,서울특별시 강북구청,2025-08-12
2002-11-12,1,서울특별시 강북구 솔매로49길 20,,37.62796728,127.0284031,2000,한전주,02-901-5863,서울특별시 강북구청,2025-08-12
2002-11-11,1,서울특별시 강북구 솔매로49길 20,,37.62796728,127.0284031,2000,한전주,02-901-5863,서울특별시 강북구청,2025-08-12
2002-11-10,1,서울특별시 강북구 도봉로54길 24,,37.62726451,127.0273095,2000,한전주,02-901-5863,서울특별시 강북구청,2025-08-12
2002-11-09,1,서울특별시 강북구 솔매로49길 14,,37.62709054,127.0269719,2000,한전주,02-901-5863,서울특별시 강북구청,2025-08-12
2002-11-08,1,서울특별시 강북구 솔매로49길 14,,37.62709054,127.0269719,2000,한전주,02-901-5863,서울특별시 강북구청,2025-08-12
2002-11-07,1,서울특별시 강북구 도봉로54길 6,,37.62710436,127.0264619,2000,한전주,02-901-5863,서울특별시 강북구청,2025-08-12
2002-11-06,1,서울특별시 강북구 솔매로49길 9,,37.62688024,127.0266008,2000,한전주,02-901-5863,서울특별시 강북구청,2025-08-12
2002-11-05,1,서울특별시 강북구 솔매로 131,,37.6265025,127.026685,2000,전용주,02-901-5863,서울특별시 강북구청,2025-08-12
2002-11-04,1,서울특별시 강북구 솔매로50길 4,,37.62615272,127.0268821,2000,한전주,02-901-5863,서울특별시 강북구청,2025-08-12
2002-11-03,1,서울특별시 강북구 도봉로 190,,37.62589826,127.0270001,2000,한전주,02-901-5863,서울특별시 강북구청,2025-08-12
2002-11-02,1,서울특별시 강북구 솔매로50길 17,,37.62571471,127.027307,2000,한전주,02-901-5863,서울특별시 강북구청,2025-08-12
2002-11-01,1,서울특별시 강북구 도봉로50길 11,,37.62560247,127.0273538,2000,한전주,02-901-5863,서울특별시 강북구청,2025-08-12
2002-10-31,1,서울특별시 강북구 오패산로 262,,37.62487544,127.0304643,2000,,02-901-5863,서울특별시 강북구청,2025-08-12
2002-10-20,1,서울특별시 강북구 오패산로60길 21,,37.62629351,127.0308567,2000,한전주,02-901-5863,서울특별시 강북구청,2025-08-12
2002-10-19,1,서울특별시 강북구 오패산로60길 18,,37.62615679,127.0306658,2000,한전주,02-901-5863,서울특별시 강북구청,2025-08-12
2002-10-18,1,서울특별시 강북구 오패산로60길 17,,37.62625771,127.0304834,2000,전용주,02-901-5863,서울특별시 강북구청,2025-08-12
2002-10-17,1,서울특별시 강북구 오패산로60길 17,,37.62625771,127.0304834,2000,,02-901-5863,서울특별시 강북구청,2025-08-12
2002-10-16,1,서울특별시 강북구 오패산로60길 15,,37.62621735,127.0303592,2000,한전주,02-901-5863,서울특별시 강북구청,2025-08-12
2002-10-15,1,서울특별시 강북구 오패산로58길 19,,37.62586106,127.0308623,2000,,02-901-5863,서울특별시 강북구청,2025-08-12
2002-10-14,1,서울특별시 강북구 오패산로58길 24,,37.6256101,127.0310241,2000,,02-901-5863,서울특별시 강북구청,2025-08-12
2002-10-13,1,서울특별시 강북구 오패산로58길 12,,37.62564566,127.0305273,2000,,02-901-5863,서울특별시 강북구청,2025-08-12
2002-10-12,1,서울특별시 강북구 오패산로58길 12,,37.62564566,127.0305273,2000,한전주,02-901-5863,서울특별시 강북구청,2025-08-12
2002-10-11,1,서울특별시 강북구 오패산로58길 23,,37.62566192,127.0307516,2000,한전주,02-901-5863,서울특별시 강북구청,2025-08-12
2002-10-10,1,서울특별시 강북구 오패산로58길 13,,37.62587499,127.0303636,2000,,02-901-5863,서울특별시 강북구청,2025-08-12
2002-10-09,1,서울특별시 강북구 오패산로58길 13,,37.62603827,127.0304974,2000,한전주,02-901-5863,서울특별시 강북구청,2025-08-12
2002-10-08,2,서울특별시 강북구 오패산로60길 5,,37.62599713,127.0298591,2000,한전주,02-901-5863,서울특별시 강북구청,2025-08-12
2002-10-07,1,서울특별시 강북구 오패산로60길 5,,37.62599713,127.0298013,2000,한전주,02-901-5863,서울특별시 강북구청,2025-08-12
2002-10-06,2,서울특별시 강북구 오패산로60길 5,,37.62599713,127.0298591,2000,한전주,02-901-5863,서울특별시 강북구청,2025-08-12
2002-10-05,1,서울특별시 강북구 오패산로58길 7,,37.62581777,127.0299792,2000,한전주,02-901-5863,서울특별시 강북구청,2025-08-12
2002-10-04,1,서울특별시 강북구 오패산로58길 6,,37.62549537,127.0302034,2000,한전주,02-901-5863,서울특별시 강북구청,2025-08-12
2002-10-03,1,서울특별시 강북구 오패산로58길 6,,37.62549537,127.0302034,2000,한전주,02-901-5863,서울특별시 강북구청,2025-08-12
2002-10-01,2,서울특별시 강북구 오패산로52마길 8,,37.62560675,127.0317152,2000,한전주,02-901-5863,서울특별시 강북구청,2025-08-12
2002-09-15,1,서울특별시 강북구 오패산로52길 68,,37.62590118,127.0324591,2000,한전주,02-901-5863,서울특별시 강북구청,2025-08-12
2002-09-14,1,서울특별시 강북구 오패산로52길 65,,37.62575508,127.0322231,2000,,02-901-5863,서울특별시 강북구청,2025-08-12
2002-09-13,1,서울특별시 강북구 오패산로52아길 7,,37.62701816,127.0313231,2000,한전주,02-901-5863,서울특별시 강북구청,2025-08-12
2002-09-12,1,서울특별시 강북구 오패산로52아길 3,,37.62705587,127.0315265,2000,한전주,02-901-5863,서울특별시 강북구청,2025-08-12
2002-09-11,1,서울특별시 강북구 오패산로52바길 32,,37.62705903,127.0319116,2000,한전주,02-901-5863,서울특별시 강북구청,2025-08-12
2002-09-10,1,서울특별시 강북구 오패산로52바길 27,,37.62681262,127.0317206,2000,,02-901-5863,서울특별시 강북구청,2025-08-12
2002-09-09,1,서울특별시 강북구 오패산로52바길 28,,37.62686992,127.0319254,2000,한전주,02-901-5863,서울특별시 강북구청,2025-08-12
2002-09-08,1,서울특별시 강북구 오패산로52바길 22,,37.62659091,127.031963,2000,한전주,02-901-5863,서울특별시 강북구청,2025-08-12
2002-09-07,1,서울특별시 강북구 오패산로52길 65,,37.62575508,127.0322231,2000,한전주,02-901-5863,서울특별시 강북구청,2025-08-12
2002-09-06,1,서울특별시 강북구 오패산로52길 73,,37.6261331,127.0321729,2000,한전주,02-901-5863,서울특별시 강북구청,2025-08-12
2002-09-05,1,서울특별시 강북구 오패산로52길 75,,37.62625914,127.0321599,2000,,02-901-5863,서울특별시 강북구청,2025-08-12
2002-09-04,1,서울특별시 강북구 오패산로52길 79,,37.62645725,127.032146,2000,한전주,02-901-5863,서울특별시 강북구청,2025-08-12
2002-09-03,1,서울특별시 강북구 오패산로52길 89,,37.62688033,127.0321043,2000,한전주,02-901-5863,서울특별시 강북구청,2025-08-12
2002-09-02,1,서울특별시 강북구 오패산로52길 90,,37.62696317,127.0323094,2000,한전주,02-901-5863,서울특별시 강북구청,2025-08-12
2002-08-26,1,서울특별시 강북구 오패산로52자길 4,,37.62726114,127.0312859,2000,전용주,02-901-5863,서울특별시 강북구청,2025-08-12
2002-08-25,1,서울특별시 강북구 오패산로52아길 38,,37.62799146,127.0302455,2000,,02-901-5863,서울특별시 강북구청,2025-08-12
2002-08-24,1,서울특별시 강북구 오패산로52사길 81,,37.62788873,127.029805,2000,,02-901-5863,서울특별시 강북구청,2025-08-12
2002-08-21,1,서울특별시 강북구 오패산로52자길 18,,37.62785204,127.0308251,2000,,02-901-5863,서울특별시 강북구청,2025-08-12
2002-08-17,1,서울특별시 강북구 오패산로52사길 81,,37.62781758,127.0299192,2000,전용주,02-901-5863,서울특별시 강북구청,2025-08-12
2002-08-16,1,서울특별시 강북구 오패산로52아길 36,,37.62783932,127.0303721,2000,한전주,02-901-5863,서울특별시 강북구청,2025-08-12
2002-08-15,1,서울특별시 강북구 오패산로52아길 26,,37.62749919,127.0306484,2000,한전주,02-901-5863,서울특별시 강북구청,2025-08-12
2002-08-14,1,서울특별시 강북구 오패산로52아길 18,,37.62725742,127.0308328,2000,전용주,02-901-5863,서울특별시 강북구청,2025-08-12
2002-08-13,1,서울특별시 강북구 오패산로52아길 14,,37.62716826,127.0309473,2000,,02-901-5863,서울특별시 강북구청,2025-08-12
2002-08-12,1,서울특별시 강북구 오패산로52자길 7,,37.62728594,127.0310137,2000,한전주,02-901-5863,서울특별시 강북구청,2025-08-12
2002-08-11,1,서울특별시 강북구 오패산로52자길 13,,37.62754545,127.0307951,2000,한전주,02-901-5863,서울특별시 강북구청,2025-08-12
2002-08-10,1,서울특별시 강북구 오패산로52자길 23,,37.62796619,127.0304611,2000,한전주,02-901-5863,서울특별시 강북구청,2025-08-12
2002-08-09,1,서울특별시 강북구 오패산로52자길 29,,37.62820795,127.0302655,2000,한전주,02-901-5863,서울특별시 강북구청,2025-08-12
2002-08-08,1,서울특별시 강북구 오패산로52길 108,,37.62731009,127.0317611,2000,한전주,02-901-5863,서울특별시 강북구청,2025-08-12
2002-08-07,1,서울특별시 강북구 오패산로52길 112,,37.62747114,127.0316231,2000,한전주,02-901-5863,서울특별시 강북구청,2025-08-12
2002-08-06,1,서울특별시 강북구 오패산로52길 115,,37.62754025,127.0312597,2000,,02-901-5863,서울특별시 강북구청,2025-08-12
2002-08-05,1,서울특별시 강북구 오패산로52길 122,,37.62786505,127.0313121,2000,한전주,02-901-5863,서울특별시 강북구청,2025-08-12
2002-08-04,1,서울특별시 강북구 오패산로52사길 19,,37.62789356,127.031493,2000,한전주,02-901-5863,서울특별시 강북구청,2025-08-12
2002-08-03,1,서울특별시 강북구 오패산로52사길 15,,37.62770178,127.0316315,2000,한전주,02-901-5863,서울특별시 강북구청,2025-08-12
2002-08-02,1,서울특별시 강북구 오패산로52사길 9,,37.62743696,127.0318501,2000,한전주,02-901-5863,서울특별시 강북구청,2025-08-12
2002-08-01,1,서울특별시 강북구 오패산로52사길 3,,37.62725798,127.0320044,2000,한전주,02-901-5863,서울특별시 강북구청,2025-08-12
2002-07-25,1,서울특별시 강북구 오패산로52길 143,,37.62853304,127.0303631,2000,,02-901-5863,서울특별시 강북구청,2025-08-12
2002-07-24,1,서울특별시 강북구 오패산로52사길 23,,37.62803669,127.0313665,2000,,02-901-5863,서울특별시 강북구청,2025-08-12
2002-07-23,1,서울특별시 강북구 오패산로52길 123,,37.62785362,127.0310177,2000,,02-901-5863,서울특별시 강북구청,2025-08-12
2002-07-22,1,서울특별시 강북구 오패산로52길 134,,37.62827688,127.0309895,2000,,02-901-5863,서울특별시 강북구청,2025-08-12
2002-07-18,1,서울특별시 강북구 오패산로52아길 46,,37.62831449,127.0300827,2000,한전주,02-901-5863,서울특별시 강북구청,2025-08-12
2002-07-17,1,서울특별시 강북구 오패산로52아길 41,,37.62800492,127.0300063,2000,한전주,02-901-5863,서울특별시 강북구청,2025-08-12
2002-07-16,1,서울특별시 강북구 오패산로52아길 41,,37.62800492,127.0300063,2000,전용주,02-901-5863,서울특별시 강북구청,2025-08-12
2002-07-15,1,서울특별시 강북구 오패산로52사길 75,,37.62824864,127.0297437,2000,전용주,02-901-5863,서울특별시 강북구청,2025-08-12
2002-07-14,1,서울특별시 강북구 오패산로52아길 50,,37.62842186,127.0299907,2000,전용주,02-901-5863,서울특별시 강북구청,2025-08-12
2002-07-13,1,서울특별시 강북구 오패산로52아길 50,,37.62842186,127.0299907,2000,전용주,02-901-5863,서울특별시 강북구청,2025-08-12
2002-07-12,1,서울특별시 강북구 오패산로52아길 50,,37.62842186,127.0299907,2000,,02-901-5863,서울특별시 강북구청,2025-08-12
2002-07-11,1,서울특별시 강북구 오패산로52사길 61,,37.6286405,127.0302824,2000,전용주,02-901-5863,서울특별시 강북구청,2025-08-12
2002-07-10,1,서울특별시 강북구 오패산로52사길 61,,37.6286405,127.0302824,2000,전용주,02-901-5863,서울특별시 강북구청,2025-08-12
2002-07-09,1,서울특별시 강북구 오패산로52길 129,,37.62802369,127.0308795,2000,한전주,02-901-5863,서울특별시 강북구청,2025-08-12
2002-07-08,1,서울특별시 강북구 오패산로52길 135,,37.62827428,127.0306724,2000,한전주,02-901-5863,서울특별시 강북구청,2025-08-12
2002-07-07,1,서울특별시 강북구 오패산로52길 142,,37.62867069,127.0306672,2000,한전주,02-901-5863,서울특별시 강북구청,2025-08-12
2002-07-06,1,서울특별시 강북구 오패산로52길 146,,37.62885877,127.0305288,2000,,02-901-5863,서울특별시 강북구청,2025-08-12
2002-07-05,1,서울특별시 강북구 오패산로52사길 47,,37.62894989,127.0306523,2000,전용주,02-901-5863,서울특별시 강북구청,2025-08-12
2002-07-04,1,서울특별시 강북구 오패산로52사길 43,,37.62877973,127.0307791,2000,한전주,02-901-5863,서울특별시 강북구청,2025-08-12
2002-07-03,1,서울특별시 강북구 오패산로52사길 35,,37.62846636,127.0310211,2000,한전주,02-901-5863,서울특별시 강북구청,2025-08-12
2002-07-02,1,서울특별시 강북구 오패산로52사길 35,,37.62846636,127.0310211,2000,,02-901-5863,서울특별시 강북구청,2025-08-12
2002-07-01,1,서울특별시 강북구 오패산로52사길 27,,37.62820464,127.0312398,2000,한전주,02-901-5863,서울특별시 강북구청,2025-08-12
2002-06-13,1,서울특별시 강북구 도봉로68길 26,,37.63098507,127.0261281,2000,전용주,02-901-5863,서울특별시 강북구청,2025-08-12
2002-06-12,1,서울특별시 강북구 도봉로68길 26,,37.63098507,127.0261281,2000,전용주,02-901-5863,서울특별시 강북구청,2025-08-12
2002-06-11,1,서울특별시 강북구 도봉로68길 26,,37.63098507,127.0261281,2000,전용주,02-901-5863,서울특별시 강북구청,2025-08-12
2002-06-10,1,서울특별시 강북구 도봉로68길 26,,37.63098507,127.0261281,2000,한전주,02-901-5863,서울특별시 강북구청,2025-08-12
2002-06-09,1,서울특별시 강북구 도봉로68길 26,,37.63098507,127.0261281,2000,한전주,02-901-5863,서울특별시 강북구청,2025-08-12
2002-06-08,1,서울특별시 강북구 도봉로68길 26,,37.63098507,127.0261281,2000,한전주,02-901-5863,서울특별시 강북구청,2025-08-12
2002-06-07,1,서울특별시 강북구 도봉로68길 26,,37.63098507,127.0261281,2000,한전주,02-901-5863,서울특별시 강북구청,2025-08-12
2002-06-06,1,서울특별시 강북구 도봉로68길 26,,37.63098507,127.0261281,2000,한전주,02-901-5863,서울특별시 강북구청,2025-08-12
2002-06-05,1,서울특별시 강북구 도봉로68길 26,,37.63098507,127.0261281,2000,한전주,02-901-5863,서울특별시 강북구청,2025-08-12
2002-06-04,1,서울특별시 강북구 도봉로68길 26,,37.63098507,127.0261281,2000,한전주,02-901-5863,서울특별시 강북구청,2025-08-12
2002-06-03,2,서울특별시 강북구 솔매로49길 60,,37.62983999,127.0271287,2000,전용주,02-901-5863,서울특별시 강북구청,2025-08-12
2002-06-02,2,서울특별시 강북구 솔매로49길 60,,37.62983999,127.0271287,2000,전용주,02-901-5863,서울특별시 강북구청,2025-08-12
2002-06-01,2,서울특별시 강북구 솔매로49길 60,,37.62983999,127.0271287,2000,전용주,02-901-5863,서울특별시 강북구청,2025-08-12
2002-05-30,1,서울특별시 강북구 도봉로68길 19,,37.63128866,127.0254542,2000,전용주,02-901-5863,서울특별시 강북구청,2025-08-12
2002-05-29,1,서울특별시 강북구 도봉로72길 28,,37.63213285,127.025456,2000,한전주,02-901-5863,서울특별시 강북구청,2025-08-12
2002-05-28,1,서울특별시 강북구 도봉로68길 19,,37.63128866,127.0254542,2000,,02-901-5863,서울특별시 강북구청,2025-08-12
2002-05-27,1,서울특별시 강북구 도봉로68길 19,,37.63128866,127.0254542,2000,,02-901-5863,서울특별시 강북구청,2025-08-12
2002-05-24,1,서울특별시 강북구 도봉로68길 19,,37.63128866,127.0254542,2000,한전주,02-901-5863,서울특별시 강북구청,2025-08-12
2002-05-23,1,서울특별시 강북구 도봉로68길 33,,37.6314635,127.0262352,2000,,02-901-5863,서울특별시 강북구청,2025-08-12
2002-05-22,1,서울특별시 강북구 덕릉로30길 70,,37.63171324,127.025926,2000,한전주,02-901-5863,서울특별시 강북구청,2025-08-12
2002-05-21,1,서울특별시 강북구 덕릉로30길 66,,37.63187495,127.0258673,2000,한전주,02-901-5863,서울특별시 강북구청,2025-08-12
2002-05-20,1,서울특별시 강북구 도봉로68길 33,,37.6314635,127.0262352,2000,한전주,02-901-5863,서울특별시 강북구청,2025-08-12
2002-05-19,1,서울특별시 강북구 도봉로68길 37,,37.63153744,127.0264608,2000,,02-901-5863,서울특별시 강북구청,2025-08-12
2002-05-18,1,서울특별시 강북구 도봉로68길 35,,37.63149344,127.0263557,2000,,02-901-5863,서울특별시 강북구청,2025-08-12
2002-05-17,1,서울특별시 강북구 덕릉로30길 63,,37.63204921,127.0262389,2000,한전주,02-901-5863,서울특별시 강북구청,2025-08-12
2002-05-16,1,서울특별시 강북구 도봉로72길 28,,37.63213285,127.025456,2000,한전주,02-901-5863,서울특별시 강북구청,2025-08-12
2002-05-15,1,서울특별시 강북구 도봉로72길 38,,37.63221109,127.0261976,2000,한전주,02-901-5863,서울특별시 강북구청,2025-08-12
2002-05-14,1,서울특별시 강북구 도봉로76가길 15,,37.63263762,127.0265711,2000,한전주,02-901-5863,서울특별시 강북구청,2025-08-12
2002-05-13,1,서울특별시 강북구 도봉로76가길 15,,37.63263762,127.0265711,2000,한전주,02-901-5863,서울특별시 강북구청,2025-08-12
2002-05-12,1,서울특별시 강북구 도봉로76가길 27,,37.6322504,127.0265988,2000,,02-901-5863,서울특별시 강북구청,2025-08-12
2002-05-10,1,서울특별시 강북구 도봉로76가길 27,,37.6322504,127.0265988,2000,,02-901-5863,서울특별시 강북구청,2025-08-12
2002-05-09,1,서울특별시 강북구 도봉로76가길 34,,37.63177178,127.0264691,2000,전용주,02-901-5863,서울특별시 강북구청,2025-08-12
2002-05-08,1,서울특별시 강북구 도봉로68길 39,,37.63158314,127.0265395,2000,전용주,02-901-5863,서울특별시 강북구청,2025-08-12
2002-05-07,1,서울특별시 강북구 덕릉로30길 89,,37.63088914,127.0265146,2000,전용주,02-901-5863,서울특별시 강북구청,2025-08-12
2002-05-06,1,서울특별시 강북구 덕릉로30길 89,,37.63088914,127.0265146,2000,전용주,02-901-5863,서울특별시 강북구청,2025-08-12
2002-05-05,1,서울특별시 강북구 도봉로76가길 46,,37.63126866,127.0266456,2000,전용주,02-901-5863,서울특별시 강북구청,2025-08-12
2002-05-04,1,서울특별시 강북구 도봉로76가길 52,,37.63101538,127.0267351,2000,전용주,02-901-5863,서울특별시 강북구청,2025-08-12
2002-05-03,1,서울특별시 강북구 도봉로76가길 15,,37.63263762,127.0265711,2000,한전주,02-901-5863,서울특별시 강북구청,2025-08-12
2002-05-02,2,서울특별시 강북구 도봉로76가길 54,,37.63090048,127.0267976,2000,전용주,02-901-5863,서울특별시 강북구청,2025-08-12
2002-05-01,2,서울특별시 강북구 솔매로49길 60,,37.62983999,127.0271287,2000,전용주,02-901-5863,서울특별시 강북구청,2025-08-12
2002-04-28,1,서울특별시 강북구 덕릉로28길 46,,37.63261272,127.024332,2000,,02-901-5863,서울특별시 강북구청,2025-08-12
2002-04-27,1,서울특별시 강북구 도봉로72길 17,,37.63216352,127.0250088,2000,전용주,02-901-5863,서울특별시 강북구청,2025-08-12
2002-04-26,1,서울특별시 강북구 도봉로72길 19,,37.63255265,127.0250087,2000,전용주,02-901-5863,서울특별시 강북구청,2025-08-12
2002-04-25,1,서울특별시 강북구 덕릉로28길 45,,37.63268899,127.0245249,2000,,02-901-5863,서울특별시 강북구청,2025-08-12
2002-04-24,1,서울특별시 강북구 도봉로68길 11,,37.63119827,127.0251348,2000,,02-901-5863,서울특별시 강북구청,2025-08-12
2002-04-23,2,서울특별시 강북구 도봉로72길 17,,37.63216352,127.0250088,2000,,02-901-5863,서울특별시 강북구청,2025-08-12
2002-04-22,2,서울특별시 강북구 도봉로72길 17,,37.63216352,127.0250088,2000,,02-901-5863,서울특별시 강북구청,2025-08-12
2002-04-21,1,서울특별시 강북구 도봉로72길 14,,37.63200127,127.0249623,2000,,02-901-5863,서울특별시 강북구청,2025-08-12
2002-04-20,1,서울특별시 강북구 도봉로72길 14,,37.63200261,127.0249592,2000,한전주,02-901-5863,서울특별시 강북구청,2025-08-12
2002-04-19,1,서울특별시 강북구 덕릉로28길 65,,37.6317679,127.0249056,2000,,02-901-5863,서울특별시 강북구청,2025-08-12
2002-04-18,1,서울특별시 강북구 도봉로68길 11,,37.63119827,127.0251564,2000,한전주,02-901-5863,서울특별시 강북구청,2025-08-12
2002-04-17,1,서울특별시 강북구 도봉로68길 11,,37.63119827,127.0251348,2000,,02-901-5863,서울특별시 강북구청,2025-08-12
2002-04-16,1,서울특별시 강북구 도봉로68길 7,,37.63110984,127.0248689,2000,,02-901-5863,서울특별시 강북구청,2025-08-12
2002-04-15,1,서울특별시 강북구 덕릉로28길 72,,37.63145999,127.0247171,2000,한전주,02-901-5863,서울특별시 강북구청,2025-08-12
2002-04-14,2,서울특별시 강북구 도봉로 260,,37.63170982,127.0244192,2000,한전주,02-901-5863,서울특별시 강북구청,2025-08-12
2002-04-13,1,서울특별시 강북구 덕릉로28길 49,,37.63249542,127.0246242,2000,,02-901-5863,서울특별시 강북구청,2025-08-12
2002-04-12,1,서울특별시 강북구 도봉로76길 16,,37.63286719,127.0245929,2000,,02-901-5863,서울특별시 강북구청,2025-08-12
2002-04-11,1,서울특별시 강북구 덕릉로28길 27,,37.63339467,127.0243068,2000,,02-901-5863,서울특별시 강북구청,2025-08-12
2002-04-09,1,서울특별시 강북구 도봉로78길 16,,37.63361118,127.0244397,2000,,02-901-5863,서울특별시 강북구청,2025-08-12
2002-04-08,1,서울특별시 강북구 도봉로76길 13,,37.63301893,127.0245194,2000,,02-901-5863,서울특별시 강북구청,2025-08-12
2002-04-07,1,서울특별시 강북구 도봉로76길 17,,37.63306347,127.0246735,2000,한전주,02-901-5863,서울특별시 강북구청,2025-08-12
2002-04-06,1,서울특별시 강북구 도봉로76길 23,,37.63313807,127.0249784,2000,한전주,02-901-5863,서울특별시 강북구청,2025-08-12
2002-04-05,1,서울특별시 강북구 도봉로 278,,37.6332264,127.0237919,2000,한전주,02-901-5863,서울특별시 강북구청,2025-08-12
2002-04-04,1,서울특별시 강북구 도봉로76길 19,,37.63308348,127.0247791,2000,한전주,02-901-5863,서울특별시 강북구청,2025-08-12
2002-04-03,2,서울특별시 강북구 덕릉로30길 30,,37.63355475,127.0252449,2000,한전주,02-901-5863,서울특별시 강북구청,2025-08-12
2002-04-02,1,서울특별시 강북구 덕릉로30길 30,,37.63355475,127.0252449,2000,한전주,02-901-5863,서울특별시 강북구청,2025-08-12
2002-04-01,1,서울특별시 강북구 도봉로76길 29,,37.63323923,127.0252263,2000,한전주,02-901-5863,서울특별시 강북구청,2025-08-12
2002-03-19,1,서울특별시 강북구 도봉로76가길 3,,37.63311157,127.0261344,2000,,02-901-5863,서울특별시 강북구청,2025-08-12
2002-03-18,1,서울특별시 강북구 도봉로72길 27,,37.63230506,127.0255784,2000,전용주,02-901-5863,서울특별시 강북구청,2025-08-12
2002-03-17,1,서울특별시 강북구 도봉로76길 26,,37.63299523,127.0251389,2000,,02-901-5863,서울특별시 강북구청,2025-08-12
2002-03-16,1,서울특별시 강북구 도봉로72길 23,,37.63225462,127.0253794,2000,한전주,02-901-5863,서울특별시 강북구청,2025-08-12
2002-03-15,1,서울특별시 강북구 도봉로72길 23,,37.63225462,127.0253729,2000,,02-901-5863,서울특별시 강북구청,2025-08-12
2002-03-14,1,서울특별시 강북구 도봉로72길 23,,37.63225462,127.0253729,2000,한전주,02-901-5863,서울특별시 강북구청,2025-08-12
2002-03-13,1,서울특별시 강북구 도봉로72길 23,,37.63225462,127.0253852,2000,,02-901-5863,서울특별시 강북구청,2025-08-12
2002-03-12,1,서울특별시 강북구 도봉로72길 19,,37.63245532,127.0252252,2000,한전주,02-901-5863,서울특별시 강북구청,2025-08-12
2002-03-11,1,서울특별시 강북구 도봉로72길 19,,37.63285953,127.0250727,2000,한전주,02-901-5863,서울특별시 강북구청,2025-08-12
2002-03-10,1,서울특별시 강북구 도봉로76길 38,,37.63312706,127.0258283,2000,,02-901-5863,서울특별시 강북구청,2025-08-12
2002-03-08,1,서울특별시 강북구 도봉로76길 36,,37.63309445,127.0257037,2000,,02-901-5863,서울특별시 강북구청,2025-08-12
2002-03-07,1,서울특별시 강북구 덕릉로30길 52,,37.63240482,127.0256564,2000,한전주,02-901-5863,서울특별시 강북구청,2025-08-12
2002-03-06,1,서울특별시 강북구 덕릉로30길 49,,37.63241626,127.0259508,2000,,02-901-5863,서울특별시 강북구청,2025-08-12
2002-03-05,1,서울특별시 강북구 덕릉로30길 42,,37.63283587,127.0254809,2000,한전주,02-901-5863,서울특별시 강북구청,2025-08-12
2002-03-04,1,서울특별시 강북구 도봉로76가길 3,,37.63316618,127.0261316,2000,한전주,02-901-5863,서울특별시 강북구청,2025-08-12
2002-03-03,1,서울특별시 강북구 도봉로76가길 5,,37.63302175,127.0261695,2000,한전주,02-901-5863,서울특별시 강북구청,2025-08-12
2002-03-02,1,서울특별시 강북구 도봉로76길 52,,37.63320096,127.0271416,2000,한전주,02-901-5863,서울특별시 강북구청,2025-08-12
2002-03-01,1,서울특별시 강북구 도봉로78길 56,,37.6338108,127.0267937,2000,한전주,02-901-5863,서울특별시 강북구청,2025-08-12
2002-02-26,1,서울특별시 강북구 도봉로76길 69,,37.63436121,127.0268885,2000,,02-901-5863,서울특별시 강북구청,2025-08-12
2002-02-25,1,서울특별시 강북구 덕릉로 108,,37.63465993,127.0256448,2000,,02-901-5863,서울특별시 강북구청,2025-08-12
2002-02-24,1,서울특별시 강북구 덕릉로 110,,37.63461651,127.025851,2000,한전주,02-901-5863,서울특별시 강북구청,2025-08-12
2002-02-23,1,서울특별시 강북구 덕릉로30길 9,,37.63434193,127.0254264,2000,전용주,02-901-5863,서울특별시 강북구청,2025-08-12
2002-02-22,1,서울특별시 강북구 덕릉로30길 9,,37.63434193,127.0254264,2000,한전주,02-901-5863,서울특별시 강북구청,2025-08-12
2002-02-21,1,서울특별시 강북구 덕릉로30길 9,,37.63434193,127.0254264,2000,한전주,02-901-5863,서울특별시 강북구청,2025-08-12
2002-02-20,1,서울특별시 강북구 덕릉로30길 9,,37.63434193,127.0254264,2000,한전주,02-901-5863,서울특별시 강북구청,2025-08-12
2002-02-19,1,서울특별시 강북구 덕릉로30길 3,,37.63455421,127.0253801,2000,한전주,02-901-5863,서울특별시 강북구청,2025-08-12
2002-02-18,1,서울특별시 강북구 덕릉로30길 15,,37.63406479,127.025467,2000,,02-901-5863,서울특별시 강북구청,2025-08-12
2002-02-17,1,서울특별시 강북구 덕릉로30길 19,,37.63385402,127.0254789,2000,한전주,02-901-5863,서울특별시 강북구청,2025-08-12
2002-02-16,1,서울특별시 강북구 도봉로76길 49,,37.63370787,127.0262323,2000,,02-901-5863,서울특별시 강북구청,2025-08-12
2002-02-15,1,서울특별시 강북구 도봉로78길 39,,37.63391136,127.0257661,2000,한전주,02-901-5863,서울특별시 강북구청,2025-08-12
2002-02-14,1,서울특별시 강북구 도봉로78길 40,,37.63369428,127.0257756,2000,,02-901-5863,서울특별시 강북구청,2025-08-12
2002-02-13,1,서울특별시 강북구 도봉로76길 35,,37.63337125,127.0257467,2000,,02-901-5863,서울특별시 강북구청,2025-08-12
2002-02-12,1,서울특별시 강북구 도봉로76길 35,,37.63337125,127.0257467,2000,한전주,02-901-5863,서울특별시 강북구청,2025-08-12
2002-02-11,1,서울특별시 강북구 도봉로76길 35,,37.63337125,127.0257467,2000,한전주,02-901-5863,서울특별시 강북구청,2025-08-12
2002-02-10,1,서울특별시 강북구 도봉로76길 43,,37.63340143,127.026038,2000,,02-901-5863,서울특별시 강북구청,2025-08-12
2002-02-09,1,서울특별시 강북구 도봉로78길 51,,37.6339148,127.0263203,2000,한전주,02-901-5863,서울특별시 강북구청,2025-08-12
2002-02-08,1,서울특별시 강북구 덕릉로32길 3,,37.63469465,127.0268955,2000,한전주,02-901-5863,서울특별시 강북구청,2025-08-12
2002-02-07,2,서울특별시 강북구 덕릉로32길 5,,37.63456665,127.0266706,2000,한전주,02-901-5863,서울특별시 강북구청,2025-08-12
2002-02-06,1,서울특별시 강북구 덕릉로32길 11,,37.63448613,127.0267396,2000,,02-901-5863,서울특별시 강북구청,2025-08-12
2002-02-05,1,서울특별시 강북구 덕릉로32길 11,,37.63439547,127.0266728,2000,한전주,02-901-5863,서울특별시 강북구청,2025-08-12
2002-02-04,1,서울특별시 강북구 덕릉로32길 15,,37.63412538,127.026699,2000,전용주,02-901-5863,서울특별시 강북구청,2025-08-12
2002-02-03,1,서울특별시 강북구 도봉로76길 65,,37.6341799,127.0267549,2000,한전주,02-901-5863,서울특별시 강북구청,2025-08-12
2002-02-02,1,서울특별시 강북구 도봉로76길 71,,37.63443375,127.0269442,2000,한전주,02-901-5863,서울특별시 강북구청,2025-08-12
2002-02-01,1,서울특별시 강북구 도봉로76길 77,,37.63469558,127.0270088,2000,한전주,02-901-5863,서울특별시 강북구청,2025-08-12
2002-01-28,1,서울특별시 강북구 덕릉로28길 34,,37.63310073,127.024152,2000,한전주,02-901-5863,서울특별시 강북구청,2025-08-12
2002-01-27,1,서울특별시 강북구 도봉로76길 3,,37.63290804,127.023961,2000,,02-901-5863,서울특별시 강북구청,2025-08-12
2002-01-26,1,서울특별시 강북구 덕릉로28길 18,,37.63387837,127.0240624,2000,,02-901-5863,서울특별시 강북구청,2025-08-12
2002-01-25,1,서울특별시 강북구 덕릉로 102,,37.63461593,127.0249394,2000,,02-901-5863,서울특별시 강북구청,2025-08-12
2002-01-24,1,서울특별시 강북구 덕릉로30길 6,,37.63450946,127.0251984,2000,한전주,02-901-5863,서울특별시 강북구청,2025-08-12
2002-01-23,1,서울특별시 강북구 도봉로 284,,37.63374331,127.0236854,2000,한전주,02-901-5863,서울특별시 강북구청,2025-08-12
2002-01-22,1,서울특별시 강북구 덕릉로28길 9,,37.63426307,127.024259,2000,,02-901-5863,서울특별시 강북구청,2025-08-12
2002-01-21,1,서울특별시 강북구 덕릉로28길 9,,37.63426307,127.024259,2000,한전주,02-901-5863,서울특별시 강북구청,2025-08-12
2002-01-20,1,서울특별시 강북구 덕릉로30길 12,,37.63418512,127.0252027,2000,한전주,02-901-5863,서울특별시 강북구청,2025-08-12
2002-01-19,1,서울특별시 강북구 도봉로78길 25,,37.63382307,127.0250035,2000,,02-901-5863,서울특별시 강북구청,2025-08-12
2002-01-18,1,서울특별시 강북구 도봉로78길 21,,37.63379581,127.0247319,2000,,02-901-5863,서울특별시 강북구청,2025-08-12
2002-01-16,1,서울특별시 강북구 덕릉로28길 9,,37.63426307,127.024259,2000,,02-901-5863,서울특별시 강북구청,2025-08-12
2002-01-14,1,서울특별시 강북구 도봉로78길 23,,37.63381312,127.0248903,2000,한전주,02-901-5863,서울특별시 강북구청,2025-08-12
2002-01-13,1,서울특별시 강북구 도봉로78길 21,,37.63379379,127.0247319,2000,한전주,02-901-5863,서울특별시 강북구청,2025-08-12
2002-01-12,1,서울특별시 강북구 도봉로78길 15,,37.63376154,127.024411,2000,,02-901-5863,서울특별시 강북구청,2025-08-12
2002-01-11,1,서울특별시 강북구 도봉로78길 19,,37.63377475,127.0246075,2000,,02-901-5863,서울특별시 강북구청,2025-08-12
2002-01-10,1,서울특별시 강북구 도봉로 284,,37.63374331,127.0236662,2000,,02-901-5863,서울특별시 강북구청,2025-08-12
2002-01-09,1,서울특별시 강북구 도봉로78길 7,,37.63377861,127.0239843,2000,한전주,02-901-5863,서울특별시 강북구청,2025-08-12
2002-01-08,1,서울특별시 강북구 덕릉로28길 11,,37.6341051,127.0242407,2000,한전주,02-901-5863,서울특별시 강북구청,2025-08-12
2002-01-07,1,서울특별시 강북구 도봉로 284,,37.63374331,127.0236854,2000,,02-901-5863,서울특별시 강북구청,2025-08-12
2002-01-06,1,서울특별시 강북구 도봉로76길 3,,37.63290804,127.023961,2000,,02-901-5863,서울특별시 강북구청,2025-08-12
2002-01-05,1,서울특별시 강북구 덕릉로28길 28,,37.63338257,127.0240348,2000,한전주,02-901-5863,서울특별시 강북구청,2025-08-12
2002-01-04,1,서울특별시 강북구 도봉로78길 21,,37.63379581,127.0247319,2000,한전주,02-901-5863,서울특별시 강북구청,2025-08-12
2002-01-03,1,서울특별시 강북구 도봉로78길 15,,37.63376154,127.024411,2000,한전주,02-901-5863,서울특별시 강북구청,2025-08-12
2002-01-02,1,서울특별시 강북구 덕릉로28길 9,,37.63426307,127.024259,2000,전용주,02-901-5863,서울특별시 강북구청,2025-08-12
2002-01-01,1,서울특별시 강북구 덕릉로28길 9,,37.63426307,127.024259,2000,전용주,02-901-5863,서울특별시 강북구청,2025-08-12
2001-12-14,1,서울특별시 강북구 삼양로68가길 7,,37.62901277,127.0197075,2000,한전주,02-901-5863,서울특별시 강북구청,2025-08-12
2001-12-12,1,서울특별시 강북구 삼양로74나길 8,,37.62947162,127.0199414,2000,한전주,02-901-5863,서울특별시 강북구청,2025-08-12
2001-12-11,1,서울특별시 강북구 삼양로74나길 5,,37.62962794,127.0200054,2000,한전주,02-901-5863,서울특별시 강북구청,2025-08-12
2001-12-10,1,서울특별시 강북구 삼양로74길 30,,37.62965187,127.0196312,2000,전용주,02-901-5863,서울특별시 강북구청,2025-08-12
2001-12-09,1,서울특별시 강북구 삼양로68가길 15,,37.62931805,127.0195789,2000,,02-901-5863,서울특별시 강북구청,2025-08-12
2001-12-08,1,서울특별시 강북구 삼양로68가길 15,,37.62931805,127.0195789,2000,한전주,02-901-5863,서울특별시 강북구청,2025-08-12
2001-12-07,1,서울특별시 강북구 삼양로68가길 15,,37.62931805,127.0195789,2000,한전주,02-901-5863,서울특별시 강북구청,2025-08-12
2001-12-06,1,서울특별시 강북구 삼양로68가길 15,,37.62931805,127.0195789,2000,한전주,02-901-5863,서울특별시 강북구청,2025-08-12
2001-12-05,1,서울특별시 강북구 삼양로74길 16,,37.62942504,127.0194416,2000,한전주,02-901-5863,서울특별시 강북구청,2025-08-12
2001-12-04,1,서울특별시 강북구 삼양로68가길 9,,37.62909338,127.0196498,2000,한전주,02-901-5863,서울특별시 강북구청,2025-08-12
2001-12-03,2,서울특별시 강북구 삼양로68가길 11,,37.62920131,127.0196258,2000,한전주,02-901-5863,서울특별시 강북구청,2025-08-12
2001-12-02,1,서울특별시 강북구 삼양로74길 16,,37.62918929,127.0192634,2000,전용주,02-901-5863,서울특별시 강북구청,2025-08-12
2001-12-01,1,서울특별시 강북구 삼양로74길 8,,37.62913662,127.0183464,2000,한전주,02-901-5863,서울특별시 강북구청,2025-08-12
2001-11-30,1,서울특별시 강북구 삼양로 285,,37.62898748,127.0177479,2000,한전주,02-901-5863,서울특별시 강북구청,2025-08-12
2001-11-29,1,서울특별시 강북구 삼양로67길 22,,37.62782722,127.0169135,2000,전용주,02-901-5863,서울특별시 강북구청,2025-08-12
2001-11-28,1,서울특별시 강북구 삼양로69길 17,,37.62832611,127.0170675,2000,한전주,02-901-5863,서울특별시 강북구청,2025-08-12
2001-11-27,1,서울특별시 강북구 삼양로63가길 6,,37.6275512,127.016864,2000,,02-901-5863,서울특별시 강북구청,2025-08-12
2001-11-26,1,서울특별시 강북구 삼양로63가길 6,,37.62754746,127.0168606,2000,한전주,02-901-5863,서울특별시 강북구청,2025-08-12
2001-11-25,1,서울특별시 강북구 삼양로63가길 17,,37.62784831,127.0161995,2000,한전주,02-901-5863,서울특별시 강북구청,2025-08-12
2001-11-24,1,서울특별시 강북구 삼양로63가길 17,,37.62784831,127.0161995,2000,,02-901-5863,서울특별시 강북구청,2025-08-12
2001-11-23,1,서울특별시 강북구 삼양로63가길 15,,37.62780411,127.0162998,2000,한전주,02-901-5863,서울특별시 강북구청,2025-08-12
2001-11-22,1,서울특별시 강북구 삼양로63가길 14,,37.62780571,127.0164946,2000,한전주,02-901-5863,서울특별시 강북구청,2025-08-12
2001-11-21,1,서울특별시 강북구 삼양로63가길 7,,37.62758638,127.0161237,2000,한전주,02-901-5863,서울특별시 강북구청,2025-08-12
2001-11-20,2,서울특별시 강북구 삼양로 273,,37.62784226,127.017838,2000,한전주,02-901-5863,서울특별시 강북구청,2025-08-12
2001-11-19,1,서울특별시 강북구 삼양로 277,,37.62814107,127.0178157,2000,전용주,02-901-5863,서울특별시 강북구청,2025-08-12
2001-11-18,2,서울특별시 강북구 삼양로65길 4,,37.62774306,127.0176283,2000,한전주,02-901-5863,서울특별시 강북구청,2025-08-12
2001-11-17,1,서울특별시 강북구 삼양로65길 14,,37.6276141,127.0172902,2000,한전주,02-901-5863,서울특별시 강북구청,2025-08-12
2001-11-16,2,서울특별시 강북구 삼양로 273,,37.62784226,127.017838,2000,한전주,02-901-5863,서울특별시 강북구청,2025-08-12
2001-11-14,1,서울특별시 강북구 삼양로63길 6,,37.62756269,127.0176081,2000,한전주,02-901-5863,서울특별시 강북구청,2025-08-12
2001-11-13,1,서울특별시 강북구 삼양로63길 16,,37.62750524,127.017201,2000,,02-901-5863,서울특별시 강북구청,2025-08-12
2001-11-12,1,서울특별시 강북구 삼양로63길 10,,37.62753443,127.0174612,2000,한전주,02-901-5863,서울특별시 강북구청,2025-08-12
2001-11-10,1,서울특별시 강북구 삼양로 273,,37.62784948,127.017838,2000,한전주,02-901-5863,서울특별시 강북구청,2025-08-12
2001-11-09,1,서울특별시 강북구 삼양로67길 17,,37.62782019,127.0171289,2000,한전주,02-901-5863,서울특별시 강북구청,2025-08-12
2001-11-08,1,서울특별시 강북구 삼양로67길 7,,37.62808372,127.017420,2000,한전주,02-901-5863,서울특별시 강북구청,2025-08-12
2001-11-07,1,서울특별시 강북구 삼양로67길 16,,37.62796293,127.0169797,2000,한전주,02-901-5863,서울특별시 강북구청,2025-08-12
2001-11-06,1,서울특별시 강북구 삼양로63가길 7,,37.62730652,127.0160594,2000,한전주,02-901-5863,서울특별시 강북구청,2025-08-12
2001-11-05,1,서울특별시 강북구 삼양로69길 47,,37.62749888,127.0160001,2000,한전주,02-901-5863,서울특별시 강북구청,2025-08-12
2001-11-04,1,서울특별시 강북구 삼양로69길 41,,37.62772076,127.0160313,2000,전용주,02-901-5863,서울특별시 강북구청,2025-08-12
2001-11-03,1,서울특별시 강북구 삼양로69길 37,,37.62784746,127.0160976,2000,,02-901-5863,서울특별시 강북구청,2025-08-12
2001-11-02,1,서울특별시 강북구 삼양로69길 23,,37.62823104,127.0167156,2000,한전주,02-901-5863,서울특별시 강북구청,2025-08-12
2001-11-01,1,서울특별시 강북구 삼양로69길 17,,37.62835165,127.0170628,2000,한전주,02-901-5863,서울특별시 강북구청,2025-08-12
2001-10-31,1,서울특별시 강북구 삼양로57길 15,,37.62699805,127.0177242,2000,한전주,02-901-5863,서울특별시 강북구청,2025-08-12
2001-10-30,1,서울특별시 강북구 삼양로57길 15,,37.62699604,127.0177288,2000,한전주,02-901-5863,서울특별시 강북구청,2025-08-12
2001-10-29,1,서울특별시 강북구 삼양로57길 19,,37.62718561,127.0177716,2000,건축물,02-901-5863,서울특별시 강북구청,2025-08-12
2001-10-28,1,서울특별시 강북구 삼양로63길 3,,37.62743943,127.0177842,2000,전용주,02-901-5863,서울특별시 강북구청,2025-08-12
2001-10-27,1,서울특별시 강북구 삼양로59가길 2,,37.62647152,127.0170565,2000,건축물,02-901-5863,서울특별시 강북구청,2025-08-12
2001-10-25,1,서울특별시 강북구 삼양로59가길 8,,37.62648294,127.0167046,2000,한전주,02-901-5863,서울특별시 강북구청,2025-08-12
2001-10-24,1,서울특별시 강북구 삼양로63길 27,,37.62716765,127.0164479,2000,,02-901-5863,서울특별시 강북구청,2025-08-12
2001-10-23,1,서울특별시 강북구 삼양로59길 22,,37.62632228,127.016888,2000,한전주,02-901-5863,서울특별시 강북구청,2025-08-12
2001-10-22,1,서울특별시 강북구 삼양로57가길 16,,37.62655841,127.0171115,2000,한전주,02-901-5863,서울특별시 강북구청,2025-08-12
2001-10-21,1,서울특별시 강북구 삼양로57가길 14,,37.62666633,127.0170874,2000,,02-901-5863,서울특별시 강북구청,2025-08-12
2001-10-20,1,서울특별시 강북구 삼양로57가길 6,,37.62682932,127.0175225,2000,,02-901-5863,서울특별시 강북구청,2025-08-12
2001-10-19,1,서울특별시 강북구 삼양로57가길 6,,37.62682932,127.0175225,2000,,02-901-5863,서울특별시 강북구청,2025-08-12
2001-10-18,1,서울특별시 강북구 삼양로57가길 6,,37.62680081,127.0175225,2000,,02-901-5863,서울특별시 강북구청,2025-08-12
2001-10-17,1,서울특별시 강북구 삼양로57가길 6,,37.62682932,127.0175225,2000,,02-901-5863,서울특별시 강북구청,2025-08-12
2001-10-16,1,서울특별시 강북구 삼양로59가길 8,,37.6266695,127.016385,2000,한전주,02-901-5863,서울특별시 강북구청,2025-08-12
2001-10-15,1,서울특별시 강북구 삼양로59가길 8,,37.62677067,127.0166329,2000,,02-901-5863,서울특별시 강북구청,2025-08-12
2001-10-14,1,서울특별시 강북구 삼양로59가길 28,,37.62678859,127.0163271,2000,전용주,02-901-5863,서울특별시 강북구청,2025-08-12
2001-10-13,1,서울특별시 강북구 삼양로63길 13,,37.62738823,127.0173162,2000,한전주,02-901-5863,서울특별시 강북구청,2025-08-12
2001-10-12,2,서울특별시 강북구 삼양로63길 19,,37.62728732,127.0169999,2000,한전주,02-901-5863,서울특별시 강북구청,2025-08-12
2001-10-11,1,서울특별시 강북구 삼양로63길 21,,37.62725802,127.0168652,2000,,02-901-5863,서울특별시 강북구청,2025-08-12
2001-10-10,1,서울특별시 강북구 삼양로59가길 8,,37.62696803,127.0165283,2000,,02-901-5863,서울특별시 강북구청,2025-08-12
2001-10-09,1,서울특별시 강북구 삼양로63길 21,,37.62725005,127.0168531,2000,한전주,02-901-5863,서울특별시 강북구청,2025-08-12
2001-10-08,1,서울특별시 강북구 삼양로63길 25,,37.62722039,127.0166032,2000,한전주,02-901-5863,서울특별시 강북구청,2025-08-12
2001-10-07,1,서울특별시 강북구 삼양로63길 27,,37.6271926,127.0164461,2000,한전주,02-901-5863,서울특별시 강북구청,2025-08-12
2001-10-05,1,서울특별시 강북구 삼양로59가길 32,,37.62700968,127.0161199,2000,한전주,02-901-5863,서울특별시 강북구청,2025-08-12
2001-10-04,1,서울특별시 강북구 삼양로59가길 28,,37.62678859,127.0163271,2000,,02-901-5863,서울특별시 강북구청,2025-08-12
2001-10-03,2,서울특별시 강북구 삼양로59가길 10,,37.62640101,127.016599,2000,한전주,02-901-5863,서울특별시 강북구청,2025-08-12
2001-10-02,1,서울특별시 강북구 삼양로59가길 16,,37.626552,127.0163412,2000,한전주,02-901-5863,서울특별시 강북구청,2025-08-12
2001-10-01,1,서울특별시 강북구 삼양로59가길 20,,37.62662332,127.0162496,2000,한전주,02-901-5863,서울특별시 강북구청,2025-08-12
2001-09-29,1,서울특별시 강북구 삼양로59길 19,,37.62632473,127.0171825,2000,,02-901-5863,서울특별시 강북구청,2025-08-12
2001-09-28,2,서울특별시 강북구 삼양로55길 15,,37.62606487,127.0173559,2000,한전주,02-901-5863,서울특별시 강북구청,2025-08-12
2001-09-27,1,서울특별시 강북구 삼양로55길 12,,37.62616548,127.0175358,2000,,02-901-5863,서울특별시 강북구청,2025-08-12
2001-09-26,1,서울특별시 강북구 삼양로55길 7,,37.62606678,127.0177082,2000,,02-901-5863,서울특별시 강북구청,2025-08-12
2001-09-25,1,서울특별시 강북구 삼양로55길 6,,37.62614972,127.0178079,2000,한전주,02-901-5863,서울특별시 강북구청,2025-08-12
2001-09-24,1,서울특별시 강북구 삼양로55길 8,,37.62614418,127.0177241,2000,,02-901-5863,서울특별시 강북구청,2025-08-12
2001-09-23,1,서울특별시 강북구 삼양로57길 1,,37.62634774,127.0177826,2000,,02-901-5863,서울특별시 강북구청,2025-08-12
2001-09-22,1,서울특별시 강북구 삼양로57길 1,,37.6262627,127.0173079,2000,,02-901-5863,서울특별시 강북구청,2025-08-12
2001-09-21,1,서울특별시 강북구 삼양로59길 4,,37.6266366,127.0178468,2000,한전주,02-901-5863,서울특별시 강북구청,2025-08-12
2001-09-20,1,서울특별시 강북구 삼양로59길 4,,37.62668052,127.017848,2000,,02-901-5863,서울특별시 강북구청,2025-08-12
2001-09-19,1,서울특별시 강북구 삼양로59길 4,,37.62662383,127.017848,2000,,02-901-5863,서울특별시 강북구청,2025-08-12
2001-09-18,1,서울특별시 강북구 삼양로59길 8,,37.62657194,127.0176551,2000,,02-901-5863,서울특별시 강북구청,2025-08-12
2001-09-17,1,서울특별시 강북구 삼양로59길 4,,37.62663664,127.017848,2000,,02-901-5863,서울특별시 강북구청,2025-08-12
2001-09-16,1,서울특별시 강북구 삼양로59길 12,,37.6265159,127.0174179,2000,한전주,02-901-5863,서울특별시 강북구청,2025-08-12
2001-09-15,1,서울특별시 강북구 삼양로59길 11,,37.62641928,127.0175455,2000,,02-901-5863,서울특별시 강북구청,2025-08-12
2001-09-10,1,서울특별시 강북구 삼양로55길 8,,37.62615732,127.0177241,2000,,02-901-5863,서울특별시 강북구청,2025-08-12
2001-09-08,1,서울특별시 강북구 삼양로55길 22,,37.62605219,127.0169142,2000,,02-901-5863,서울특별시 강북구청,2025-08-12
2001-09-07,1,서울특별시 강북구 삼양로55길 26,,37.62603332,127.0168125,2000,한전주,02-901-5863,서울특별시 강북구청,2025-08-12
2001-09-06,1,서울특별시 강북구 삼양로59길 31,,37.62596808,127.0165528,2000,전용주,02-901-5863,서울특별시 강북구청,2025-08-12
2001-08-31,1,서울특별시 강북구 삼양로53길 10,,37.62461672,127.0178204,2000,,02-901-5863,서울특별시 강북구청,2025-08-12
2001-08-30,1,서울특별시 강북구 삼양로53길 10,,37.62464402,127.0178204,2000,한전주,02-901-5863,서울특별시 강북구청,2025-08-12
2001-08-30,2,서울특별시 강북구 삼양로49길 9,,37.6232977,127.0183212,2000,한전주,02-901-5863,서울특별시 강북구청,2025-08-12
2001-08-29,1,서울특별시 강북구 삼양로51길 5,,37.62385412,127.0180533,2000,한전주,02-901-5863,서울특별시 강북구청,2025-08-12
2001-08-28,1,서울특별시 강북구 삼양로53길 14,,37.62461559,127.0175322,2000,,02-901-5863,서울특별시 강북구청,2025-08-12
2001-08-27,1,서울특별시 강북구 삼양로53길 14,,37.62461559,127.0175515,2000,,02-901-5863,서울특별시 강북구청,2025-08-12
2001-08-26,1,서울특별시 강북구 삼양로53길 24,,37.62452904,127.0170122,2000,한전주,02-901-5863,서울특별시 강북구청,2025-08-12
2001-08-25,1,서울특별시 강북구 삼양로53길 25,,37.62416913,127.0169276,2000,한전주,02-901-5863,서울특별시 강북구청,2025-08-12
2001-08-24,1,서울특별시 강북구 삼양로51길 37,,37.62423885,127.0166435,2000,,02-901-5863,서울특별시 강북구청,2025-08-12
2001-08-23,1,서울특별시 강북구 솔매로22길 18,,37.62490517,127.0165894,2000,한전주,02-901-5863,서울특별시 강북구청,2025-08-12
2001-08-22,1,서울특별시 강북구 삼양로53길 34,,37.62451701,127.0165039,2000,,02-901-5863,서울특별시 강북구청,2025-08-12
2001-08-21,2,서울특별시 강북구 삼양로53길 9,,37.62441616,127.0178654,2000,한전주,02-901-5863,서울특별시 강북구청,2025-08-12
2001-08-20,1,서울특별시 강북구 삼양로53길 28,,37.62451831,127.0167566,2000,,02-901-5863,서울특별시 강북구청,2025-08-12
2001-08-19,1,서울특별시 강북구 삼양로53길 10,,37.62464402,127.0178204,2000,,02-901-5863,서울특별시 강북구청,2025-08-12
2001-08-18,2,서울특별시 강북구 삼양로53길 9,,37.62444563,127.0178458,2000,,02-901-5863,서울특별시 강북구청,2025-08-12
2001-08-17,1,서울특별시 강북구 삼양로53길 3,,37.62443477,127.0181503,2000,,02-901-5863,서울특별시 강북구청,2025-08-12
2001-08-16,1,서울특별시 강북구 삼양로53길 3,,37.62443138,127.018125,2000,,02-901-5863,서울특별시 강북구청,2025-08-12
2001-08-15,1,서울특별시 강북구 삼양로51길 34,,37.62411432,127.0168377,2000,한전주,02-901-5863,서울특별시 강북구청,2025-08-12
2001-08-14,1,서울특별시 강북구 삼양로53길 20,,37.62457247,127.017284,2000,건축물,02-901-5863,서울특별시 강북구청,2025-08-12
2001-08-13,1,서울특별시 강북구 삼양로49길 6,,37.62356845,127.0183742,2000,,02-901-5863,서울특별시 강북구청,2025-08-12
2001-08-11,1,서울특별시 강북구 삼양로49길 8,,37.62354049,127.0182613,2000,,02-901-5863,서울특별시 강북구청,2025-08-12
2001-08-10,1,서울특별시 강북구 삼양로53길 22,,37.62457625,127.0171262,2000,한전주,02-901-5863,서울특별시 강북구청,2025-08-12
2001-08-09,1,서울특별시 강북구 삼양로49길 8,,37.62354049,127.0182613,2000,한전주,02-901-5863,서울특별시 강북구청,2025-08-12
2001-08-08,1,서울특별시 강북구 삼양로53길 25,,37.62394418,127.0169646,2000,한전주,02-901-5863,서울특별시 강북구청,2025-08-12
2001-08-07,1,서울특별시 강북구 삼양로51길 22,,37.62390993,127.0172378,2000,,02-901-5863,서울특별시 강북구청,2025-08-12
2001-08-06,1,서울특별시 강북구 삼양로51길 15,,37.62364257,127.017535,2000,,02-901-5863,서울특별시 강북구청,2025-08-12
2001-08-05,1,서울특별시 강북구 삼양로51길 11,,37.62379021,127.0179522,2000,,02-901-5863,서울특별시 강북구청,2025-08-12
2001-08-04,1,서울특별시 강북구 삼양로53길 15,,37.62396653,127.0174854,2000,한전주,02-901-5863,서울특별시 강북구청,2025-08-12
2001-08-03,1,서울특별시 강북구 삼양로51길 11,,37.62357417,127.0179777,2000,,02-901-5863,서울특별시 강북구청,2025-08-12
2001-08-02,2,서울특별시 강북구 삼양로51길 5,,37.62376544,127.0182244,2000,한전주,02-901-5863,서울특별시 강북구청,2025-08-12
2001-08-01,2,서울특별시 강북구 삼양로51길 5,,37.62385412,127.0180533,2000,한전주,02-901-5863,서울특별시 강북구청,2025-08-12
2001-07-31,1,서울특별시 강북구 솔매로 40,,37.625364,127.0166166,2000,한전주,02-901-5863,서울특별시 강북구청,2025-08-12
2001-07-30,2,서울특별시 강북구 솔매로 38,,37.62543376,127.0163999,2000,한전주,02-901-5863,서울특별시 강북구청,2025-08-12
2001-07-29,1,서울특별시 강북구 솔매로 46,,37.62517922,127.017039,2000,한전주,02-901-5863,서울특별시 강북구청,2025-08-12
2001-07-28,1,서울특별시 강북구 솔매로 38,,37.62543376,127.0163999,2000,한전주,02-901-5863,서울특별시 강북구청,2025-08-12
2001-07-26,1,서울특별시 강북구 솔매로22길 28,,37.62464876,127.0160944,2000,한전주,02-901-5863,서울특별시 강북구청,2025-08-12
2001-07-25,1,서울특별시 강북구 솔매로 26,,37.62522445,127.0151387,2000,전용주,02-901-5863,서울특별시 강북구청,2025-08-12
2001-07-24,1,서울특별시 강북구 솔매로22가길 16,,37.62497001,127.0158264,2000,,02-901-5863,서울특별시 강북구청,2025-08-12
2001-07-23,1,서울특별시 강북구 솔매로22가길 17,,37.62471819,127.0157763,2000,한전주,02-901-5863,서울특별시 강북구청,2025-08-12
2001-07-22,1,서울특별시 강북구 솔매로22가길 37,,37.62452097,127.0148159,2000,한전주,02-901-5863,서울특별시 강북구청,2025-08-12
2001-07-21,1,서울특별시 강북구 솔매로22가길 25,,37.62458809,127.0154749,2000,,02-901-5863,서울특별시 강북구청,2025-08-12
2001-07-20,1,서울특별시 강북구 솔매로22가길 21,,37.624628,127.0157661,2000,,02-901-5863,서울특별시 강북구청,2025-08-12
2001-07-19,1,서울특별시 강북구 솔매로22길 24,,37.62477555,127.0162894,2000,,02-901-5863,서울특별시 강북구청,2025-08-12
2001-07-18,1,서울특별시 강북구 솔매로22길 39,,37.62418532,127.0156247,2000,한전주,02-901-5863,서울특별시 강북구청,2025-08-12
2001-07-17,1,서울특별시 강북구 솔매로22길 42,,37.62423635,127.0154429,2000,한전주,02-901-5863,서울특별시 강북구청,2025-08-12
2001-07-16,1,서울특별시 강북구 솔매로22길 42,,37.62423756,127.0154429,2000,전용주,02-901-5863,서울특별시 강북구청,2025-08-12
2001-07-15,1,서울특별시 강북구 솔매로22길 49,,37.62394805,127.0152653,2000,한전주,02-901-5863,서울특별시 강북구청,2025-08-12
2001-07-14,1,서울특별시 강북구 솔매로22길 33,,37.62430652,127.015901,2000,전용주,02-901-5863,서울특별시 강북구청,2025-08-12
2001-07-13,1,서울특별시 강북구 솔매로22길 59,,37.62362447,127.0151991,2000,,02-901-5863,서울특별시 강북구청,2025-08-12
2001-07-12,1,서울특별시 강북구 솔매로22길 60,,37.62352263,127.015033,2000,한전주,02-901-5863,서울특별시 강북구청,2025-08-12
2001-07-11,1,서울특별시 강북구 인수봉로12길 12,,37.6234745,127.0135836,2000,,02-901-5863,서울특별시 강북구청,2025-08-12
2001-07-10,1,서울특별시 강북구 인수봉로12가길 15,,37.62369772,127.014419,2000,한전주,02-901-5863,서울특별시 강북구청,2025-08-12
2001-07-09,1,서울특별시 강북구 인수봉로12길 15,,37.62355706,127.0138807,2000,한전주,02-901-5863,서울특별시 강북구청,2025-08-12
2001-07-08,1,서울특별시 강북구 솔매로22가길 58,,37.62393025,127.0146613,2000,한전주,02-901-5863,서울특별시 강북구청,2025-08-12
2001-07-07,1,서울특별시 강북구 솔매로22가길 50,,37.62424663,127.0143324,2000,한전주,02-901-5863,서울특별시 강북구청,2025-08-12
2001-07-06,1,서울특별시 강북구 솔매로22가길 59,,37.62396374,127.0148791,2000,전용주,02-901-5863,서울특별시 강북구청,2025-08-12
2001-07-05,1,서울특별시 강북구 솔매로22가길 45,,37.62437652,127.0145702,2000,한전주,02-901-5863,서울특별시 강북구청,2025-08-12
2001-07-04,1,서울특별시 강북구 솔매로22가길 59,,37.62396374,127.0148791,2000,한전주,02-901-5863,서울특별시 강북구청,2025-08-12
2001-07-03,2,서울특별시 강북구 솔매로22가길 60,,37.62385361,127.0147454,2000,,02-901-5863,서울특별시 강북구청,2025-08-12
2001-07-02,1,서울특별시 강북구 솔매로22가길 60,,37.62385361,127.0147454,2000,한전주,02-901-5863,서울특별시 강북구청,2025-08-12
2001-07-01,2,서울특별시 강북구 솔매로22길 50,,37.62404602,127.0151281,2000,,02-901-5863,서울특별시 강북구청,2025-08-12
2001-06-30,1,서울특별시 강북구 솔매로7가길 33,,37.62586181,127.0156932,2000,한전주,02-901-5863,서울특별시 강북구청,2025-08-12
2001-06-29,1,서울특별시 강북구 솔매로 31,,37.62551629,127.0157727,2000,한전주,02-901-5863,서울특별시 강북구청,2025-08-12
2001-06-28,2,서울특별시 강북구 솔매로 36,,37.625410,127.0162204,2000,한전주,02-901-5863,서울특별시 강북구청,2025-08-12
2001-06-27,2,서울특별시 강북구 솔매로17길 3,,37.62561502,127.0163535,2000,한전주,02-901-5863,서울특별시 강북구청,2025-08-12
2001-06-25,2,서울특별시 강북구 솔매로17길 14,,37.6259998,127.0161445,2000,한전주,02-901-5863,서울특별시 강북구청,2025-08-12
2001-06-24,1,서울특별시 강북구 솔매로17길 18,,37.62612488,127.015905,2000,한전주,02-901-5863,서울특별시 강북구청,2025-08-12
2001-06-23,1,서울특별시 강북구 솔매로7나길 31,,37.62612054,127.0153839,2000,,02-901-5863,서울특별시 강북구청,2025-08-12
2001-06-22,1,서울특별시 강북구 솔매로7나길 6,,37.62605722,127.0142746,2000,,02-901-5863,서울특별시 강북구청,2025-08-12
2001-06-21,1,서울특별시 강북구 솔매로7나길 8,,37.62592293,127.0143783,2000,,02-901-5863,서울특별시 강북구청,2025-08-12
2001-06-20,1,서울특별시 강북구 솔매로17길 19,,37.6260603,127.0157246,2000,전용주,02-901-5863,서울특별시 강북구청,2025-08-12
2001-06-19,1,서울특별시 강북구 솔매로7나길 13,,37.62600251,127.0146945,2000,,02-901-5863,서울특별시 강북구청,2025-08-12
2001-06-18,1,서울특별시 강북구 솔매로7나길 19,,37.62596492,127.0150914,2000,한전주,02-901-5863,서울특별시 강북구청,2025-08-12
2001-06-17,1,서울특별시 강북구 솔매로7나길 23,,37.62594804,127.0152276,2000,한전주,02-901-5863,서울특별시 강북구청,2025-08-12
2001-06-16,1,서울특별시 강북구 솔매로7나길 25,,37.62593068,127.0153071,2000,전용주,02-901-5863,서울특별시 강북구청,2025-08-12
2001-06-14,1,서울특별시 강북구 솔매로17길 42,,37.62662944,127.0148221,2000,한전주,02-901-5863,서울특별시 강북구청,2025-08-12
2001-06-13,1,서울특별시 강북구 솔매로7나길 23,,37.62594804,127.0152276,2000,전용주,02-901-5863,서울특별시 강북구청,2025-08-12
2001-06-12,1,서울특별시 강북구 솔매로 29,,37.62544496,127.0155751,2000,한전주,02-901-5863,서울특별시 강북구청,2025-08-12
2001-06-11,1,서울특별시 강북구 솔매로7가길 21,,37.62581992,127.0149914,2000,한전주,02-901-5863,서울특별시 강북구청,2025-08-12
2001-06-10,1,서울특별시 강북구 솔매로 29,,37.62544634,127.0155741,2000,한전주,02-901-5863,서울특별시 강북구청,2025-08-12
2001-06-09,1,서울특별시 강북구 솔매로 25,,37.62535049,127.0152366,2000,한전주,02-901-5863,서울특별시 강북구청,2025-08-12
2001-06-08,1,서울특별시 강북구 솔매로 23,,37.62541132,127.0151103,2000,한전주,02-901-5863,서울특별시 강북구청,2025-08-12
2001-06-07,1,서울특별시 강북구 솔매로 19,,37.62523926,127.0145119,2000,한전주,02-901-5863,서울특별시 강북구청,2025-08-12
2001-06-05,1,서울특별시 강북구 솔매로9길 3,,37.62539926,127.0142493,2000,건축물,02-901-5863,서울특별시 강북구청,2025-08-12
2001-06-03,1,서울특별시 강북구 솔매로17길 33,,37.62640492,127.0151424,2000,한전주,02-901-5863,서울특별시 강북구청,2025-08-12
2001-06-02,1,서울특별시 강북구 솔매로17길 27,,37.62622002,127.0155223,2000,,02-901-5863,서울특별시 강북구청,2025-08-12
2001-05-29,1,서울특별시 강북구 솔매로17가길 9,,37.62688166,127.015895,2000,,02-901-5863,서울특별시 강북구청,2025-08-12
2001-05-28,1,서울특별시 강북구 솔매로17가길 6,,37.62645879,127.0159686,2000,전용주,02-901-5863,서울특별시 강북구청,2025-08-12
2001-05-27,1,서울특별시 강북구 솔매로17가길 9,,37.62684723,127.0160881,2000,,02-901-5863,서울특별시 강북구청,2025-08-12
2001-05-26,1,서울특별시 강북구 솔매로 19,,37.62523926,127.0145119,2000,,02-901-5863,서울특별시 강북구청,2025-08-12
2001-05-20,1,서울특별시 강북구 솔매로7나길 1,,37.62632105,127.014577,2000,전용주,02-901-5863,서울특별시 강북구청,2025-08-12
2001-05-19,1,서울특별시 강북구 솔매로17가길 6,,37.62645879,127.0159686,2000,한전주,02-901-5863,서울특별시 강북구청,2025-08-12
2001-05-18,1,서울특별시 강북구 솔매로7다길 16,,37.62647888,127.0137221,2000,한전주,02-901-5863,서울특별시 강북구청,2025-08-12
2001-05-15,1,서울특별시 강북구 솔매로7길 19,,37.6262176,127.0140572,2000,한전주,02-901-5863,서울특별시 강북구청,2025-08-12
2001-05-14,1,서울특별시 강북구 솔매로7다길 32,,37.62672413,127.0132122,2000,전용주,02-901-5863,서울특별시 강북구청,2025-08-12
2001-05-13,1,서울특별시 강북구 솔매로7다길 30,,37.62675201,127.0133138,2000,,02-901-5863,서울특별시 강북구청,2025-08-12
2001-05-12,1,서울특별시 강북구 솔매로7다길 23,,37.62639107,127.0132506,2000,,02-901-5863,서울특별시 강북구청,2025-08-12
2001-05-11,1,서울특별시 강북구 솔매로7길 23,,37.62631765,127.0141692,2000,한전주,02-901-5863,서울특별시 강북구청,2025-08-12
2001-05-10,1,서울특별시 강북구 솔매로7다길 23,,37.62639107,127.0132506,2000,한전주,02-901-5863,서울특별시 강북구청,2025-08-12
2001-05-08,1,서울특별시 강북구 솔매로7다길 11,,37.62633406,127.0139764,2000,,02-901-5863,서울특별시 강북구청,2025-08-12
2001-05-06,1,서울특별시 강북구 솔매로7길 22,,37.62616515,127.0142505,2000,,02-901-5863,서울특별시 강북구청,2025-08-12
2001-05-05,1,서울특별시 강북구 솔매로7다길 6,,37.6266251,127.0142735,2000,전용주,02-901-5863,서울특별시 강북구청,2025-08-12
2001-05-04,1,서울특별시 강북구 솔매로7다길 9,,37.62640244,127.0141455,2000,한전주,02-901-5863,서울특별시 강북구청,2025-08-12
2001-05-02,1,서울특별시 강북구 솔매로7나길 1,,37.62610747,127.014897,2000,한전주,02-901-5863,서울특별시 강북구청,2025-08-12
2001-05-01,1,서울특별시 강북구 솔매로17길 39,,37.62635907,127.0148144,2000,한전주,02-901-5863,서울특별시 강북구청,2025-08-12
2001-04-28,1,서울특별시 강북구 솔매로 1,,37.62519673,127.0126539,2000,한전주,02-901-5863,서울특별시 강북구청,2025-08-12
2001-04-27,1,서울특별시 강북구 인수봉로20길 10,,37.62569252,127.012682,2000,,02-901-5863,서울특별시 강북구청,2025-08-12
2001-04-26,1,서울특별시 강북구 솔매로 1,,37.62519673,127.0126539,2000,한전주,02-901-5863,서울특별시 강북구청,2025-08-12
2001-04-25,1,서울특별시 강북구 솔매로 3,,37.62525923,127.0128245,2000,한전주,02-901-5863,서울특별시 강북구청,2025-08-12
2001-04-24,1,서울특별시 강북구 솔매로 3,,37.62525923,127.012898,2000,전용주,02-901-5863,서울특별시 강북구청,2025-08-12
2001-04-23,1,서울특별시 강북구 솔매로 3,,37.62522659,127.012898,2000,한전주,02-901-5863,서울특별시 강북구청,2025-08-12
2001-04-22,1,서울특별시 강북구 솔매로 8,,37.62503957,127.0132571,2000,한전주,02-901-5863,서울특별시 강북구청,2025-08-12
2001-04-21,1,서울특별시 강북구 솔매로 10,,37.62506792,127.0134153,2000,한전주,02-901-5863,서울특별시 강북구청,2025-08-12
2001-04-20,1,서울특별시 강북구 솔매로 9,,37.62531269,127.0135933,2000,,02-901-5863,서울특별시 강북구청,2025-08-12
2001-04-19,1,서울특별시 강북구 솔매로7가길 7,,37.62581501,127.0141756,2000,한전주,02-901-5863,서울특별시 강북구청,2025-08-12
2001-04-17,2,서울특별시 강북구 솔매로7가길 14,,37.6256628,127.0145177,2000,한전주,02-901-5863,서울특별시 강북구청,2025-08-12
2001-04-16,1,서울특별시 강북구 솔매로7가길 6,,37.62562732,127.0140923,2000,,02-901-5863,서울특별시 강북구청,2025-08-12
2001-04-15,1,서울특별시 강북구 솔매로7가길 5,,37.62577604,127.0140517,2000,한전주,02-901-5863,서울특별시 강북구청,2025-08-12
2001-04-14,1,서울특별시 강북구 솔매로7길 15,,37.62603618,127.0139123,2000,한전주,02-901-5863,서울특별시 강북구청,2025-08-12
2001-04-13,1,서울특별시 강북구 인수봉로20가길 13,,37.62603744,127.0129834,2000,한전주,02-901-5863,서울특별시 강북구청,2025-08-12
2001-04-12,1,서울특별시 강북구 솔매로7길 9,,37.62579123,127.0137116,2000,,02-901-5863,서울특별시 강북구청,2025-08-12
2001-04-11,1,서울특별시 강북구 솔매로7가길 1,,37.62573887,127.0139163,2000,한전주,02-901-5863,서울특별시 강북구청,2025-08-12
2001-04-10,1,서울특별시 강북구 인수봉로20가길 16,,37.62590334,127.0131098,2000,,02-901-5863,서울특별시 강북구청,2025-08-12
2001-04-09,1,서울특별시 강북구 인수봉로20가길 24,,37.62568047,127.0133959,2000,한전주,02-901-5863,서울특별시 강북구청,2025-08-12
2001-04-08,1,서울특별시 강북구 솔매로7길 7,,37.62564679,127.0136796,2000,전용주,02-901-5863,서울특별시 강북구청,2025-08-12
2001-04-07,1,서울특별시 강북구 인수봉로20가길 13,,37.62603596,127.0129249,2000,한전주,02-901-5863,서울특별시 강북구청,2025-08-12
2001-04-06,1,서울특별시 강북구 인수봉로20가길 21,,37.62606853,127.0134701,2000,,02-901-5863,서울특별시 강북구청,2025-08-12
2001-04-05,1,서울특별시 강북구 인수봉로20가길 10,,37.62581116,127.0128617,2000,한전주,02-901-5863,서울특별시 강북구청,2025-08-12
2001-04-04,1,서울특별시 강북구 인수봉로20가길 11,,37.62609045,127.0128581,2000,,02-901-5863,서울특별시 강북구청,2025-08-12
2001-04-03,1,서울특별시 강북구 인수봉로20가길 17,,37.62600367,127.0132557,2000,,02-901-5863,서울특별시 강북구청,2025-08-12
2001-04-02,1,서울특별시 강북구 인수봉로20가길 13,,37.62603596,127.0129799,2000,한전주,02-901-5863,서울특별시 강북구청,2025-08-12
2001-04-01,1,서울특별시 강북구 인수봉로20가길 7,,37.62611596,127.0126765,2000,한전주,02-901-5863,서울특별시 강북구청,2025-08-12
2001-03-14,1,서울특별시 강북구 솔매로10길 11,,37.62478319,127.014105,2000,한전주,02-901-5863,서울특별시 강북구청,2025-08-12
2001-03-12,1,서울특별시 강북구 솔매로10길 3,,37.62499217,127.0145149,2000,,02-901-5863,서울특별시 강북구청,2025-08-12
2001-03-11,1,서울특별시 강북구 솔매로10길 17,,37.6246477,127.013806,2000,한전주,02-901-5863,서울특별시 강북구청,2025-08-12
2001-03-10,1,서울특별시 강북구 솔매로 14,,37.6250718,127.0139045,2000,,02-901-5863,서울특별시 강북구청,2025-08-12
2001-03-09,2,서울특별시 강북구 솔매로 17,,37.62527341,127.0142849,2000,한전주,02-901-5863,서울특별시 강북구청,2025-08-12
2001-03-08,1,서울특별시 강북구 솔매로10길 23,,37.62456766,127.0139317,2000,한전주,02-901-5863,서울특별시 강북구청,2025-08-12
2001-03-07,1,서울특별시 강북구 솔매로10길 23,,37.62469558,127.0141453,2000,한전주,02-901-5863,서울특별시 강북구청,2025-08-12
2001-03-06,1,서울특별시 강북구 솔매로10길 5,,37.62491332,127.0143236,2000,한전주,02-901-5863,서울특별시 강북구청,2025-08-12
2001-03-05,1,서울특별시 강북구 솔매로22가길 42,,37.62458823,127.0142373,2000,,02-901-5863,서울특별시 강북구청,2025-08-12
2001-03-04,1,서울특별시 강북구 솔매로 20,,37.62511072,127.0146302,2000,,02-901-5863,서울특별시 강북구청,2025-08-12
2001-03-03,1,서울특별시 강북구 솔매로 20,,37.62511072,127.0146302,2000,,02-901-5863,서울특별시 강북구청,2025-08-12
2001-03-02,1,서울특별시 강북구 솔매로 22,,37.62512422,127.0147627,2000,,02-901-5863,서울특별시 강북구청,2025-08-12
2001-03-01,1,서울특별시 강북구 솔매로 20,,37.62511072,127.0146302,2000,,02-901-5863,서울특별시 강북구청,2025-08-12
2001-01-26,1,서울특별시 강북구 인수봉로 53,,37.62465122,127.0122697,2000,,02-901-5863,서울특별시 강북구청,2025-08-12
2001-01-25,1,서울특별시 강북구 인수봉로17길 4,,37.62510076,127.0119535,2000,전용주,02-901-5863,서울특별시 강북구청,2025-08-12
2001-01-24,1,서울특별시 강북구 인수봉로19길 5,,37.62545137,127.0121363,2000,한전주,02-901-5863,서울특별시 강북구청,2025-08-12
2001-01-23,1,서울특별시 강북구 인수봉로17길 46,,37.624643,127.0100111,2000,전용주,02-901-5863,서울특별시 강북구청,2025-08-12
2001-01-22,1,서울특별시 강북구 인수봉로17길 21,,37.62470772,127.0112544,2000,전용주,02-901-5863,서울특별시 강북구청,2025-08-12
2001-01-21,1,서울특별시 강북구 인수봉로17길 21,,37.62470772,127.0112544,2000,한전주,02-901-5863,서울특별시 강북구청,2025-08-12
2001-01-20,1,서울특별시 강북구 인수봉로17길 21,,37.62470772,127.0112544,2000,한전주,02-901-5863,서울특별시 강북구청,2025-08-12
